t,x,y,yaw_deg,v,mode,avoid_steer_deg,obstacle_m,cmd_v,cmd_steer_deg,steer_actual_deg,vcc_mv
22.35,-27.575,-26.257,-97.8,0.00,-,,,0.00,0.0,,0
22.40,-27.576,-26.268,-97.8,0.09,CLEAR|STRAIGHT,,999.00,0.00,0.0,,0
22.45,-27.571,-26.271,-97.8,0.08,CLEAR|STRAIGHT,,999.00,0.00,0.0,,0
22.50,-27.568,-26.272,-97.8,0.01,CLEAR|STRAIGHT,,999.00,0.00,0.0,,0
22.55,-27.568,-26.272,-97.8,0.01,CLEAR|STRAIGHT,,999.00,0.00,0.0,,0
22.60,-27.566,-26.273,-97.8,0.01,CLEAR|STRAIGHT,,999.00,0.00,0.0,,0
22.65,-27.566,-26.273,-97.8,0.01,CLEAR|STRAIGHT,,999.00,0.00,0.0,,0
22.70,-27.566,-26.273,-97.8,-0.01,CLEAR|STRAIGHT,,999.00,0.00,0.0,,0
22.75,-27.566,-26.273,-97.8,-0.01,CLEAR|STRAIGHT,,999.00,0.00,0.0,,0
22.80,-27.564,-26.277,-97.8,0.04,CLEAR|STRAIGHT,,999.00,0.00,0.0,,0
22.85,-27.564,-26.277,-97.8,0.04,CLEAR|STRAIGHT,,999.00,0.00,0.0,,0
22.90,-27.563,-26.279,-97.8,0.02,CLEAR|STRAIGHT,,999.00,0.00,0.0,,0
22.95,-27.563,-26.279,-97.8,0.02,CLEAR|STRAIGHT,,999.00,0.00,0.0,,0
23.00,-27.560,-26.282,-97.8,0.02,CLEAR|STRAIGHT,,999.00,0.00,0.0,,0
23.05,-27.560,-26.282,-97.8,0.02,CLEAR|STRAIGHT,,999.00,0.00,0.0,,0
23.10,-27.559,-26.283,-97.8,0.01,CLEAR|STRAIGHT,,999.00,0.00,0.0,,0
23.15,-27.559,-26.283,-97.8,0.01,CLEAR|STRAIGHT,,999.00,0.00,0.0,,0
23.20,-27.558,-26.287,-97.8,0.04,CLEAR|STRAIGHT,,999.00,0.00,0.0,,0
23.25,-27.558,-26.287,-97.8,0.04,CLEAR|STRAIGHT,,999.00,0.00,0.0,,0
23.30,-27.559,-26.284,-97.8,-0.03,CLEAR|STRAIGHT,,999.00,0.00,0.0,,0
23.35,-27.559,-26.284,-97.8,-0.03,CLEAR|STRAIGHT,,999.00,0.00,0.0,,0
23.40,-27.556,-26.285,-97.8,0.01,CLEAR|STRAIGHT,,999.00,0.00,0.0,,0
23.45,-27.556,-26.285,-97.8,0.01,CLEAR|STRAIGHT,,999.00,0.00,0.0,,0
23.50,-27.556,-26.286,-97.8,0.01,CLEAR|STRAIGHT,,999.00,0.00,0.0,,0
23.55,-27.556,-26.286,-97.8,0.01,CLEAR|STRAIGHT,,999.00,0.00,0.0,,0
23.60,-27.555,-26.288,-97.8,0.02,CLEAR|STRAIGHT,,999.00,0.00,0.0,,0
23.65,-27.555,-26.288,-97.8,0.02,CLEAR|STRAIGHT,,999.00,0.00,0.0,,0
23.70,-27.554,-26.288,-97.8,-0.00,CLEAR|STRAIGHT,,999.00,0.00,0.0,,0
23.75,-27.554,-26.288,-97.8,-0.00,CLEAR|STRAIGHT,,999.00,0.00,0.0,,0
23.80,-27.555,-26.288,-97.8,0.00,CLEAR|STRAIGHT,,999.00,0.00,0.0,,0
23.85,-27.555,-26.288,-97.8,0.00,CLEAR|STRAIGHT,,999.00,0.00,0.0,,0
23.90,-27.552,-26.294,-97.7,0.05,CLEAR|STRAIGHT,,999.00,0.00,0.0,,0
23.95,-27.552,-26.294,-97.7,0.05,CLEAR|STRAIGHT,,999.00,0.00,0.0,2.9,3726
24.00,-27.552,-26.294,-97.7,0.00,CLEAR|STRAIGHT,,999.00,0.00,0.0,2.9,3726
24.05,-27.552,-26.294,-97.8,0.00,CLEAR|STRAIGHT,,999.00,0.00,0.0,2.9,3726
24.10,-27.550,-26.296,-97.8,0.01,CLEAR|STRAIGHT,,999.00,0.00,0.0,2.5,3763
24.15,-27.550,-26.296,-97.8,0.01,CLEAR|STRAIGHT,,999.00,0.00,0.0,1.8,3867
24.20,-27.552,-26.295,-97.8,-0.00,CLEAR|STRAIGHT,,999.00,0.00,0.0,1.8,3880
24.25,-27.552,-26.295,-97.8,-0.00,CLEAR|STRAIGHT,,999.00,0.00,0.0,1.9,3880
24.30,-27.552,-26.295,-97.8,-0.00,CLEAR|STRAIGHT,,999.00,0.00,0.0,1.8,3880
24.35,-27.549,-26.300,-97.8,0.03,CLEAR|STRAIGHT,,999.00,0.00,0.0,1.8,3893
24.40,-27.549,-26.300,-97.8,0.03,CLEAR|STRAIGHT,,999.00,0.00,0.0,1.8,3907
24.45,-27.549,-26.300,-97.7,0.03,CLEAR|STRAIGHT,,999.00,0.00,0.0,1.8,3893
24.50,-27.549,-26.303,-97.7,0.02,CLEAR|STRAIGHT,,999.00,0.00,0.0,1.8,3907
24.55,-27.549,-26.303,-97.7,0.02,CLEAR|STRAIGHT,,999.00,0.00,0.0,1.9,3893
24.60,-27.548,-26.303,-97.8,0.00,CLEAR|STRAIGHT,,999.00,0.00,0.0,1.8,3907
24.65,-27.548,-26.303,-97.8,0.00,CLEAR|STRAIGHT,,999.00,0.00,0.0,1.8,3893
24.70,-26.053,-24.482,-97.8,-25.07,CLEAR|STRAIGHT,,999.00,0.00,0.0,1.8,3893
24.75,-26.053,-24.482,-97.7,-25.07,CLEAR|STRAIGHT,,999.00,0.00,0.0,1.8,3907
24.80,-25.441,-23.841,-97.7,-6.52,CLEAR|STRAIGHT,,999.00,0.00,0.0,1.6,3934
24.85,-25.441,-23.841,-97.7,-6.52,CLEAR|STRAIGHT,,999.00,0.00,0.0,1.6,3920
24.90,-25.115,-23.501,-97.7,-3.47,CLEAR|STRAIGHT,,999.00,0.00,0.0,1.6,3934
24.95,-25.115,-23.501,-97.7,-3.47,CLEAR|STRAIGHT,,999.00,0.00,0.0,1.5,3920
25.00,-24.896,-23.287,-97.7,-2.68,CLEAR|STRAIGHT,,999.00,0.00,0.0,1.6,3948
25.05,-24.896,-23.287,-97.7,-2.68,CLEAR|STRAIGHT,,999.00,0.00,0.0,1.6,3934
25.10,-24.753,-23.138,-97.7,-1.67,CLEAR|STRAIGHT,,999.00,0.00,0.0,1.6,3934
25.15,-24.753,-23.138,-97.7,-1.67,CLEAR|STRAIGHT,,999.00,0.00,0.0,1.6,3934
25.20,-24.648,-23.106,-97.7,-0.42,CLEAR|STRAIGHT,,999.00,0.00,0.0,1.5,3948
25.25,-24.648,-23.106,-97.7,-0.42,CLEAR|STRAIGHT,,999.00,0.00,0.0,1.6,3948
25.30,-24.648,-23.106,-97.7,-0.42,CLEAR|STRAIGHT,,999.00,0.00,0.0,1.5,3962
25.35,-24.548,-23.090,-97.7,-0.27,CLEAR|STRAIGHT,,999.00,0.00,0.0,1.6,3948
25.40,-24.432,-23.051,-97.7,-0.61,CLEAR|STRAIGHT,,999.00,0.00,0.0,1.6,3948
25.45,-24.432,-23.051,-97.7,-0.61,CLEAR|STRAIGHT,,999.00,0.00,0.0,1.6,3948
25.50,-24.432,-23.051,-97.7,-0.61,CLEAR|STRAIGHT,,999.00,0.00,0.0,1.6,3948
25.55,-24.334,-23.020,-97.7,-0.40,CLEAR|STRAIGHT,,999.00,0.00,0.0,1.6,3948
25.60,-24.257,-22.996,-97.7,-0.43,CLEAR|STRAIGHT,,999.00,0.00,0.0,1.6,3948
25.65,-24.257,-22.996,-97.7,-0.43,CLEAR|STRAIGHT,,999.00,0.00,0.0,1.5,3948
25.70,-24.229,-22.992,-97.7,-0.08,CLEAR|STRAIGHT,,999.00,0.00,0.0,1.5,3948
25.75,-24.229,-22.992,-97.7,-0.08,CLEAR|STRAIGHT,,999.00,0.00,0.0,1.6,3948
25.80,-24.202,-22.992,-97.7,-0.03,CLEAR|STRAIGHT,,999.00,0.00,0.0,1.6,3962
25.85,-24.202,-22.992,-97.7,-0.03,CLEAR|STRAIGHT,,999.00,0.00,0.0,1.6,3934
25.90,-24.184,-22.991,-97.7,-0.03,CLEAR|STRAIGHT,,999.00,0.00,0.0,1.6,3962
25.95,-24.184,-22.991,-97.8,-0.03,CLEAR|STRAIGHT,,999.00,0.00,0.0,1.6,3962
26.00,-24.211,-22.926,-97.7,-0.61,CLEAR|STRAIGHT,,999.00,0.00,0.0,1.6,3948
26.05,-24.211,-22.926,-97.7,-0.61,CLEAR|STRAIGHT,,999.00,0.00,0.0,1.6,3948
26.10,-24.218,-22.881,-97.7,-0.44,CLEAR|STRAIGHT,,999.00,0.00,0.0,1.6,3948
26.15,-24.218,-22.881,-97.7,-0.44,CLEAR|STRAIGHT,,999.00,0.00,0.0,1.6,3948
26.20,-24.266,-22.823,-97.7,-0.51,CLEAR|STRAIGHT,,999.00,0.00,0.0,1.6,3948
26.25,-24.266,-22.823,-97.7,-0.51,CLEAR|STRAIGHT,,999.00,0.00,0.0,1.6,3962
26.30,-24.266,-22.823,-97.7,-0.51,CLEAR|STRAIGHT,,999.00,0.00,0.0,1.5,3962
26.35,-24.277,-22.779,-97.7,-0.33,CLEAR|STRAIGHT,,999.00,0.00,0.0,1.6,3948
26.40,-24.277,-22.779,-97.7,-0.33,CLEAR|STRAIGHT,,999.00,0.00,0.0,1.5,3962
26.45,-24.277,-22.779,-97.7,-0.33,CLEAR|STRAIGHT,,999.00,0.00,0.0,1.6,3962
26.50,-24.276,-22.737,-97.7,-0.26,CLEAR|STRAIGHT,,999.00,0.00,0.0,1.5,3962
26.55,-24.276,-22.737,-97.7,-0.26,CLEAR|STRAIGHT,,999.00,0.00,0.0,1.6,3962
26.60,-24.264,-22.702,-97.7,-0.33,CLEAR|STRAIGHT,,999.00,0.00,0.0,1.6,3962
26.65,-24.264,-22.702,-97.7,-0.33,CLEAR|STRAIGHT,,999.00,0.00,0.0,1.6,3962
26.70,-24.243,-22.674,-97.7,-0.31,CLEAR|STRAIGHT,,999.00,0.00,0.0,1.6,3962
26.75,-24.243,-22.674,-97.8,-0.31,CLEAR|STRAIGHT,,999.00,0.00,0.0,1.6,3962
26.80,-24.225,-22.644,-97.7,-0.36,CLEAR|STRAIGHT,,999.00,0.00,0.0,1.6,3948
26.85,-24.225,-22.644,-97.7,-0.36,CLEAR|STRAIGHT,,999.00,0.00,0.0,1.6,3962
26.90,-24.210,-22.620,-97.7,-0.23,CLEAR|STRAIGHT,,999.00,0.00,0.0,1.6,3948
26.95,-24.210,-22.620,-97.7,-0.23,CLEAR|STRAIGHT,,999.00,0.00,0.0,1.6,3948
27.00,-24.200,-22.598,-97.7,-0.23,CLEAR|STRAIGHT,,999.00,0.00,0.0,1.6,3948
27.05,-24.200,-22.598,-97.7,-0.23,CLEAR|STRAIGHT,,999.00,0.00,0.0,1.6,3948
27.10,-24.192,-22.580,-97.7,-0.21,CLEAR|STRAIGHT,,999.00,0.00,0.0,1.6,3948
27.15,-24.192,-22.580,-97.7,-0.21,CLEAR|STRAIGHT,,999.00,0.00,0.0,1.6,3948
27.20,-24.175,-22.544,-97.7,-0.34,CLEAR|STRAIGHT,,999.00,0.00,0.0,1.6,3948
27.25,-24.175,-22.544,-97.7,-0.34,CLEAR|STRAIGHT,,999.00,0.00,0.0,1.6,3962
27.30,-24.175,-22.544,-97.7,-0.34,CLEAR|STRAIGHT,,999.00,0.00,0.0,1.6,3962
27.35,-24.157,-22.513,-97.7,-0.30,CLEAR|STRAIGHT,,999.00,0.00,0.0,1.6,3962
27.40,-24.143,-22.486,-97.7,-0.36,CLEAR|STRAIGHT,,999.00,0.00,0.0,1.5,3962
27.45,-24.143,-22.486,-97.7,-0.36,CLEAR|STRAIGHT,,999.00,0.00,0.0,1.6,3962
27.50,-24.131,-22.463,-97.7,-0.22,CLEAR|STRAIGHT,,999.00,0.00,0.0,1.6,3976
27.55,-24.131,-22.463,-97.7,-0.22,CLEAR|STRAIGHT,,999.00,0.00,0.0,1.6,3976
27.60,-24.119,-22.444,-97.7,-0.20,CLEAR|STRAIGHT,,999.00,0.00,0.0,1.6,3948
27.65,-24.119,-22.444,-97.7,-0.20,CLEAR|STRAIGHT,,999.00,0.00,0.0,1.6,3948
27.70,-24.110,-22.423,-97.7,-0.24,CLEAR|STRAIGHT,,999.00,0.00,0.0,1.6,3948
27.75,-24.110,-22.423,-97.7,-0.24,CLEAR|STRAIGHT,,999.00,0.00,0.0,1.6,3962
27.80,-24.104,-22.407,-97.7,-0.15,CLEAR|STRAIGHT,,999.00,0.00,0.0,1.6,3962
27.85,-24.104,-22.407,-97.7,-0.15,CLEAR|STRAIGHT,,999.00,0.00,0.0,1.6,3962
27.90,-24.096,-22.390,-97.7,-0.18,CLEAR|STRAIGHT,,999.00,0.00,0.0,1.6,3962
27.95,-24.096,-22.390,-97.8,-0.18,CLEAR|STRAIGHT,,999.00,0.00,0.0,1.6,3948
28.00,-24.091,-22.374,-97.8,-0.18,CLEAR|STRAIGHT,,999.00,0.00,0.0,1.6,3948
28.05,-24.091,-22.374,-97.8,-0.18,CLEAR|STRAIGHT,,999.00,0.00,0.0,1.6,3962
28.10,-24.087,-22.361,-97.7,-0.14,CLEAR|STRAIGHT,,999.00,0.00,0.0,1.7,3948
28.15,-24.087,-22.361,-97.8,-0.14,CLEAR|STRAIGHT,,999.00,0.00,0.0,1.5,3962
28.20,-24.084,-22.346,-97.7,-0.14,CLEAR|STRAIGHT,,999.00,0.00,0.0,1.6,3948
28.25,-24.084,-22.346,-97.7,-0.14,CLEAR|STRAIGHT,,999.00,0.00,0.0,1.6,3948
28.30,-23.863,-21.831,-97.7,-6.01,CLEAR|STRAIGHT,,999.00,0.00,0.0,1.6,3948
28.35,-23.863,-21.831,-97.7,-6.01,CLEAR|STRAIGHT,,999.00,0.00,0.0,1.6,3948
28.40,-23.867,-21.827,-97.7,-0.03,CLEAR|STRAIGHT,,999.00,0.00,0.0,1.6,3948
28.45,-23.867,-21.827,-97.7,-0.03,CLEAR|STRAIGHT,,999.00,0.00,0.0,1.6,3948
28.50,-23.866,-21.823,-97.7,-0.04,CLEAR|STRAIGHT,,999.00,0.00,0.0,1.6,3948
28.55,-23.866,-21.823,-97.7,-0.04,CLEAR|STRAIGHT,,999.00,0.00,0.0,1.6,3948
28.60,-23.866,-21.823,-97.8,-0.00,CLEAR|STRAIGHT,,999.00,0.00,0.0,1.5,3948
28.65,-23.866,-21.823,-97.8,-0.00,CLEAR|STRAIGHT,,999.00,0.00,0.0,1.6,3948
28.70,-23.865,-21.826,-97.8,0.03,CLEAR|STRAIGHT,,999.00,0.00,0.0,1.6,3962
28.75,-23.865,-21.826,-97.7,0.03,CLEAR|STRAIGHT,,999.00,0.00,0.0,1.6,3948
28.80,-23.867,-21.827,-97.7,0.01,CLEAR|STRAIGHT,,999.00,0.00,0.0,1.6,3948
28.85,-23.867,-21.827,-97.7,0.01,CLEAR|STRAIGHT,,999.00,0.00,0.0,1.6,3948
28.90,-23.866,-21.826,-97.7,-0.01,CLEAR|STRAIGHT,,999.00,0.00,0.0,1.6,3962
28.95,-23.866,-21.826,-97.7,-0.01,CLEAR|STRAIGHT,,999.00,0.00,0.0,1.6,3948
29.00,-23.866,-21.827,-97.7,0.01,CLEAR|STRAIGHT,,999.00,0.00,0.0,1.6,3948
29.05,-23.866,-21.827,-97.7,0.01,CLEAR|STRAIGHT,,999.00,0.00,0.0,1.5,3962
29.10,-23.866,-21.827,-97.7,0.00,CLEAR|STRAIGHT,,999.00,0.00,0.0,1.6,3976
29.15,-23.866,-21.827,-97.7,0.00,CLEAR|STRAIGHT,,999.00,0.00,0.0,1.5,3962
29.20,-23.867,-21.824,-97.7,-0.03,CLEAR|STRAIGHT,,999.00,0.00,0.0,1.5,3962
29.25,-23.867,-21.824,-97.7,-0.03,CLEAR|STRAIGHT,,999.00,0.00,0.0,1.5,3962
29.30,-23.864,-21.825,-97.7,0.01,CLEAR|STRAIGHT,,999.00,0.00,0.0,1.5,3962
29.35,-23.864,-21.825,-97.7,0.01,CLEAR|STRAIGHT,,999.00,0.00,0.0,1.5,3976
29.40,-23.866,-21.824,-97.7,-0.01,CLEAR|STRAIGHT,,999.00,0.00,0.0,1.5,3976
29.45,-23.866,-21.824,-97.7,-0.01,CLEAR|STRAIGHT,,999.00,0.00,0.0,1.5,3976
29.50,-23.866,-21.822,-97.7,-0.01,CLEAR|STRAIGHT,,999.00,0.00,0.0,1.5,3962
29.55,-23.866,-21.822,-97.7,-0.01,CLEAR|STRAIGHT,,999.00,0.00,0.0,1.5,3976
29.60,-23.866,-21.822,-97.7,-0.00,CLEAR|STRAIGHT,,999.00,0.00,0.0,1.4,3948
29.65,-23.866,-21.822,-97.7,-0.00,CLEAR|STRAIGHT,,999.00,0.00,0.0,1.5,3962
29.70,-23.867,-21.822,-97.7,-0.01,CLEAR|STRAIGHT,,999.00,0.00,0.0,1.5,3962
29.75,-23.867,-21.822,-97.7,-0.01,CLEAR|STRAIGHT,,999.00,0.00,0.0,1.5,3976
29.80,-23.866,-21.823,-97.7,0.02,CLEAR|STRAIGHT,,999.00,0.00,0.0,1.5,3976
29.85,-23.866,-21.823,-97.7,0.02,CLEAR|STRAIGHT,,999.00,0.00,0.0,1.5,3976
29.90,-23.864,-21.826,-97.7,0.03,CLEAR|STRAIGHT,,999.00,0.00,0.0,1.5,3962
29.95,-23.864,-21.826,-97.7,0.03,CLEAR|STRAIGHT,,999.00,0.00,0.0,1.5,3976
30.00,-23.867,-21.823,-97.7,-0.03,CLEAR|STRAIGHT,,999.00,0.00,0.0,1.5,3962
30.05,-23.867,-21.823,-97.7,-0.03,CLEAR|STRAIGHT,,999.00,0.00,0.0,1.5,3976
30.10,-23.865,-21.822,-97.7,-0.01,CLEAR|STRAIGHT,,999.00,0.00,0.0,1.5,3962
30.15,-23.865,-21.822,-97.7,-0.01,CLEAR|STRAIGHT,,999.00,0.00,0.0,1.5,3976
30.20,-23.864,-21.826,-97.7,0.03,CLEAR|STRAIGHT,,999.00,0.00,0.0,1.5,3976
30.25,-23.864,-21.826,-97.7,0.03,CLEAR|STRAIGHT,,999.00,0.00,0.0,1.5,3962
30.30,-23.864,-21.826,-97.7,0.03,CLEAR|STRAIGHT,,999.00,0.00,0.0,1.5,3976
30.35,-23.859,-21.828,-97.7,0.02,CLEAR|STRAIGHT,,999.00,0.00,0.0,1.5,3962
30.40,-23.859,-21.828,-97.7,0.02,CLEAR|STRAIGHT,,999.00,0.00,0.0,1.5,3976
30.45,-23.859,-21.828,-97.7,0.02,CLEAR|STRAIGHT,,999.00,0.00,0.0,1.4,3976
30.50,-23.860,-21.832,-97.7,0.02,CLEAR|STRAIGHT,,999.00,0.00,0.0,1.4,3990
30.55,-23.860,-21.832,-97.7,0.02,CLEAR|STRAIGHT,,999.00,0.00,0.0,1.4,3990
30.60,-23.864,-21.828,-97.7,-0.03,CLEAR|STRAIGHT,,999.00,0.00,0.0,1.4,3976
30.65,-23.864,-21.828,-97.7,-0.03,CLEAR|STRAIGHT,,999.00,0.00,0.0,1.4,3990
30.70,-23.860,-21.829,-97.7,0.01,CLEAR|STRAIGHT,,999.00,0.00,0.0,1.4,3976
30.75,-23.860,-21.829,-97.7,0.01,CLEAR|STRAIGHT,,999.00,0.00,0.0,1.4,3990
30.80,-23.863,-21.831,-97.7,0.02,AVOID|LEFT,18.0,8.00,0.00,0.0,1.4,3990
30.85,-23.863,-21.831,-97.7,0.02,AVOID|LEFT,18.0,8.00,0.00,0.0,1.3,3990
30.90,-23.863,-21.833,-97.7,0.02,AVOID|LEFT,18.0,8.00,0.00,0.0,1.3,3990
30.95,-23.863,-21.833,-97.7,0.02,AVOID|LEFT,18.0,8.00,0.00,0.0,1.4,3990
31.00,-23.863,-21.834,-97.7,0.01,AVOID|LEFT,18.0,8.00,0.00,0.0,1.4,3976
31.05,-23.863,-21.834,-97.7,0.01,AVOID|LEFT,18.0,8.00,0.00,0.0,1.4,3990
31.10,-23.865,-21.832,-97.7,-0.02,AVOID|LEFT,18.0,8.00,0.00,0.0,1.4,3990
31.15,-23.865,-21.832,-97.7,-0.02,AVOID|LEFT,18.0,8.00,0.00,0.0,1.5,3990
31.20,-23.862,-21.833,-97.7,0.01,AVOID|LEFT,18.0,8.00,0.00,0.0,1.4,3990
31.25,-23.862,-21.833,-97.7,0.01,AVOID|LEFT,18.0,8.00,0.00,0.0,1.4,4004
31.30,-23.861,-21.835,-97.7,0.01,AVOID|LEFT,18.0,8.00,0.00,0.0,1.4,3990
31.35,-23.861,-21.835,-97.7,0.01,AVOID|LEFT,18.0,8.00,0.00,0.0,1.5,3976
31.40,-23.863,-21.833,-97.7,-0.01,AVOID|LEFT,18.0,8.00,0.00,0.0,1.4,3976
31.45,-23.863,-21.833,-97.7,-0.01,AVOID|LEFT,18.0,8.00,0.00,0.0,1.5,3990
31.50,-23.863,-21.833,-97.7,-0.01,AVOID|LEFT,18.0,8.00,0.00,0.0,1.4,3976
31.55,-23.862,-21.829,-97.7,-0.04,AVOID|LEFT,18.0,8.00,0.00,0.0,1.5,3990
31.60,-23.862,-21.829,-97.7,0.00,AVOID|LEFT,18.0,8.00,0.00,0.0,1.4,3990
31.65,-23.862,-21.829,-97.7,0.00,AVOID|LEFT,18.0,8.00,0.00,0.0,1.4,3976
31.70,-23.860,-21.830,-97.7,0.01,AVOID|LEFT,18.0,8.00,0.00,0.0,1.4,3990
31.75,-23.860,-21.830,-97.7,0.01,AVOID|LEFT,18.0,8.00,0.00,0.0,1.4,3976
31.80,-23.861,-21.830,-97.7,-0.00,AVOID|LEFT,18.0,8.00,0.00,0.0,1.4,3990
31.85,-23.861,-21.830,-97.7,-0.00,AVOID|LEFT,18.0,8.00,0.00,0.0,1.4,3990
31.90,-23.861,-21.831,-97.7,0.01,AVOID|LEFT,18.0,8.00,0.00,0.0,1.3,3990
31.95,-23.861,-21.831,-97.7,0.01,AVOID|LEFT,18.0,8.00,0.00,0.0,1.4,3990
32.00,-23.860,-21.831,-97.7,-0.00,AVOID|LEFT,18.0,8.00,0.00,0.0,1.5,3976
32.05,-23.860,-21.831,-97.7,-0.00,AVOID|LEFT,18.0,8.00,0.00,0.0,1.4,3990
32.10,-23.861,-21.831,-97.7,-0.00,AVOID|LEFT,18.0,8.00,0.00,0.0,1.3,3990
32.15,-23.861,-21.831,-97.7,-0.00,AVOID|LEFT,18.0,8.00,0.00,0.0,1.4,3990
32.20,-23.861,-21.831,-97.7,0.00,AVOID|LEFT,18.0,8.00,0.00,0.0,1.4,3990
32.25,-23.861,-21.831,-97.7,0.00,AVOID|LEFT,18.0,8.00,0.00,0.0,1.5,3976
32.30,-23.861,-21.831,-97.7,0.00,AVOID|LEFT,18.0,8.00,0.00,0.0,1.4,3990
32.35,-23.860,-21.831,-97.7,-0.00,AVOID|LEFT,18.0,8.00,0.00,0.0,1.4,3990
32.40,-23.860,-21.831,-97.7,-0.00,AVOID|LEFT,18.0,8.00,0.00,0.0,1.4,3990
32.45,-23.860,-21.831,-97.7,-0.00,AVOID|LEFT,18.0,8.00,0.00,0.0,1.4,3990
32.50,-23.861,-21.830,-97.7,-0.00,AVOID|LEFT,18.0,8.00,0.00,0.0,1.4,3976
32.55,-23.861,-21.830,-97.7,-0.00,AVOID|LEFT,18.0,8.00,0.00,0.0,1.5,3976
32.60,-23.859,-21.831,-97.7,0.01,AVOID|LEFT,18.0,8.00,0.00,0.0,1.4,3976
32.65,-23.859,-21.831,-97.7,0.01,AVOID|LEFT,18.0,8.00,0.00,0.0,1.4,3990
32.70,-23.861,-21.830,-97.7,-0.01,AVOID|LEFT,18.0,8.00,0.00,0.0,1.4,3990
32.75,-23.861,-21.830,-97.7,-0.01,AVOID|LEFT,18.0,8.00,0.00,0.0,1.4,3990
32.80,-23.861,-21.831,-97.7,0.01,AVOID|LEFT,18.0,8.00,0.00,0.0,1.4,3976
32.85,-23.861,-21.831,-97.7,0.01,AVOID|LEFT,18.0,8.00,0.00,0.0,1.4,3976
32.90,-23.862,-21.831,-97.7,-0.00,AVOID|LEFT,18.0,8.00,0.00,0.0,1.4,3990
32.95,-23.862,-21.831,-97.7,-0.00,AVOID|LEFT,18.0,8.00,0.00,0.0,1.4,3990
33.00,-23.859,-21.831,-97.7,-0.00,AVOID|LEFT,18.0,8.00,0.00,0.0,1.4,3976
33.05,-23.859,-21.831,-97.7,-0.00,AVOID|LEFT,18.0,8.00,0.00,0.0,1.4,3976
33.10,-23.860,-21.831,-97.7,0.00,AVOID|LEFT,18.0,8.00,0.00,0.0,1.4,3990
33.15,-23.860,-21.831,-97.7,0.00,AVOID|LEFT,18.0,8.00,0.00,0.0,1.4,3990
33.20,-23.862,-21.830,-97.7,-0.01,AVOID|LEFT,18.0,8.00,0.00,0.0,1.4,3990
33.25,-23.862,-21.830,-97.7,-0.01,AVOID|LEFT,18.0,8.00,0.00,0.0,1.4,3990
33.30,-23.861,-21.831,-97.7,0.01,AVOID|LEFT,18.0,8.00,0.00,0.0,1.4,3990
33.35,-23.861,-21.831,-97.7,0.01,AVOID|LEFT,18.0,8.00,0.00,0.0,1.4,3990
33.40,-23.860,-21.833,-97.7,0.02,AVOID|LEFT,18.0,8.00,0.00,0.0,1.4,3990
33.45,-23.860,-21.833,-97.7,0.02,AVOID|LEFT,18.0,8.00,0.00,0.0,1.4,3990
33.50,-23.861,-21.832,-97.7,-0.01,AVOID|LEFT,18.0,8.00,0.00,0.0,1.4,3990
33.55,-23.861,-21.832,-97.7,-0.01,AVOID|LEFT,18.0,8.00,0.00,0.0,1.4,4004
33.60,-23.862,-21.831,-97.7,-0.01,AVOID|LEFT,18.0,8.00,0.00,0.0,1.4,3990
33.65,-23.862,-21.831,-97.7,-0.01,CLEAR|STRAIGHT,,999.00,0.00,0.0,1.4,3990
33.70,-23.862,-21.832,-97.7,0.01,CLEAR|STRAIGHT,,999.00,0.00,0.0,1.4,3976
33.75,-23.862,-21.832,-97.7,0.01,CLEAR|STRAIGHT,,999.00,0.00,0.0,1.4,3990
33.80,-23.862,-21.831,-97.7,-0.01,CLEAR|STRAIGHT,,999.00,0.00,0.0,1.4,3990
33.85,-23.862,-21.831,-97.7,-0.01,CLEAR|STRAIGHT,,999.00,0.00,0.0,1.4,3976
33.90,-23.862,-21.832,-97.7,0.01,CLEAR|STRAIGHT,,999.00,0.00,0.0,1.4,4004
33.95,-23.862,-21.832,-97.7,0.01,CLEAR|STRAIGHT,,999.00,0.00,0.0,1.4,3990
34.00,-23.860,-21.833,-97.7,0.00,CLEAR|STRAIGHT,,999.00,0.00,0.0,1.5,3976
34.05,-23.860,-21.833,-97.7,0.00,CLEAR|STRAIGHT,,999.00,0.00,0.0,1.4,3990
34.10,-23.863,-21.831,-97.7,-0.02,CLEAR|STRAIGHT,,999.00,0.00,0.0,1.3,3990
34.15,-23.863,-21.831,-97.7,-0.02,CLEAR|STRAIGHT,,999.00,0.00,0.0,1.4,3990
34.20,-23.862,-21.833,-97.7,0.03,CLEAR|STRAIGHT,,999.00,0.00,0.0,1.4,3990
34.25,-23.862,-21.833,-97.7,0.03,CLEAR|STRAIGHT,,999.00,0.00,0.0,1.4,3990
34.30,-23.862,-21.833,-97.7,0.03,CLEAR|STRAIGHT,,999.00,0.00,0.0,1.4,3990
34.35,-23.864,-21.837,-97.7,0.03,CLEAR|STRAIGHT,,999.00,0.00,0.0,1.4,3990
34.40,-23.866,-21.838,-97.7,0.01,CLEAR|STRAIGHT,,999.00,0.00,0.0,1.4,3990
34.45,-23.866,-21.838,-97.7,0.01,CLEAR|STRAIGHT,,999.00,0.00,0.0,1.4,3976
34.50,-23.868,-21.842,-97.7,0.05,CLEAR|STRAIGHT,,999.00,0.00,0.0,1.4,3990
34.55,-23.868,-21.842,-97.7,0.05,CLEAR|STRAIGHT,,999.00,0.00,0.0,1.4,3990
34.60,-23.869,-21.843,-97.7,0.01,CLEAR|STRAIGHT,,999.00,0.00,0.0,1.4,3990
34.65,-23.869,-21.843,-97.7,0.01,CLEAR|STRAIGHT,,999.00,0.00,0.0,1.4,3990
34.70,-23.871,-21.846,-97.7,0.03,CLEAR|STRAIGHT,,999.00,0.00,0.0,1.4,3990
34.75,-23.871,-21.846,-97.7,0.03,CLEAR|STRAIGHT,,999.00,0.00,0.0,1.3,3990
34.80,-23.871,-21.849,-97.7,0.02,CLEAR|STRAIGHT,,999.00,0.00,0.0,1.4,3990
34.85,-23.871,-21.849,-97.7,0.02,CLEAR|STRAIGHT,,999.00,0.00,0.0,1.4,3976
34.90,-23.872,-21.849,-97.7,0.00,CLEAR|STRAIGHT,,999.00,0.00,0.0,1.4,3990
34.95,-23.872,-21.849,-97.7,0.00,CLEAR|STRAIGHT,,999.00,0.00,0.0,1.4,3990
35.00,-23.873,-21.850,-97.7,0.01,CLEAR|STRAIGHT,,999.00,0.00,0.0,1.4,3990
35.05,-23.873,-21.850,-97.7,0.01,CLEAR|STRAIGHT,,999.00,0.00,0.0,1.5,3976
35.10,-23.872,-21.852,-97.7,0.02,CLEAR|STRAIGHT,,999.00,0.00,0.0,1.4,3990
35.15,-23.872,-21.852,-97.7,0.02,CLEAR|STRAIGHT,,999.00,0.00,0.0,1.3,3990
35.20,-23.876,-21.856,-97.7,0.04,CLEAR|STRAIGHT,,999.00,0.00,0.0,1.4,3990
35.25,-23.876,-21.856,-97.7,0.04,CLEAR|STRAIGHT,,999.00,0.00,0.0,1.4,3990
35.30,-23.877,-21.860,-97.7,0.05,CLEAR|STRAIGHT,,999.00,0.00,0.0,1.3,3990
35.35,-23.877,-21.860,-97.7,0.05,CLEAR|STRAIGHT,,999.00,0.00,0.0,1.4,3990
35.40,-23.878,-21.861,-97.7,0.01,CLEAR|STRAIGHT,,999.00,0.00,0.0,1.4,3990
35.45,-23.878,-21.861,-97.7,0.01,CLEAR|STRAIGHT,,999.00,0.00,0.0,1.4,3976
35.50,-23.879,-21.861,-97.7,0.01,CLEAR|STRAIGHT,,999.00,0.00,0.0,1.4,3976
35.55,-23.879,-21.861,-97.7,0.01,CLEAR|STRAIGHT,,999.00,0.00,0.0,1.4,3990
35.60,-23.879,-21.866,-97.7,0.04,CLEAR|STRAIGHT,,999.00,0.00,0.0,1.5,3976
35.65,-23.879,-21.866,-97.7,0.04,CLEAR|STRAIGHT,,999.00,0.00,0.0,1.4,3990
35.70,-23.880,-21.864,-97.7,-0.01,CLEAR|STRAIGHT,,999.00,0.00,0.0,1.4,3990
35.75,-23.880,-21.864,-97.7,-0.01,CLEAR|STRAIGHT,,999.00,0.00,0.0,1.4,3990
35.80,-23.882,-21.868,-97.7,0.04,CLEAR|STRAIGHT,,999.00,0.00,0.0,1.4,3990
35.85,-23.882,-21.868,-97.7,0.04,CLEAR|STRAIGHT,,999.00,0.00,0.0,1.4,3976
35.90,-23.879,-21.868,-97.7,-0.00,CLEAR|STRAIGHT,,999.00,0.00,0.0,1.4,3990
35.95,-23.879,-21.868,-97.7,-0.00,CLEAR|STRAIGHT,,999.00,0.00,0.0,1.3,4004
36.00,-23.880,-21.868,-97.7,-0.00,CLEAR|STRAIGHT,,999.00,0.00,0.0,1.3,4004
36.05,-23.880,-21.868,-97.7,-0.00,CLEAR|STRAIGHT,,999.00,0.00,0.0,1.4,3976
36.10,-23.882,-21.869,-97.7,0.01,CLEAR|STRAIGHT,,999.00,0.00,0.0,1.4,3990
36.15,-23.882,-21.869,-97.7,0.01,CLEAR|STRAIGHT,,999.00,0.00,0.0,1.5,3990
36.20,-23.885,-21.870,-97.7,0.02,CLEAR|STRAIGHT,,999.00,0.00,0.0,1.4,3990
36.25,-23.885,-21.870,-97.7,0.02,CLEAR|STRAIGHT,,999.00,0.00,0.0,1.4,3990
36.30,-23.885,-21.870,-97.7,0.02,CLEAR|STRAIGHT,,999.00,0.00,0.0,1.3,3990
36.35,-23.886,-21.874,-97.7,0.03,CLEAR|STRAIGHT,,999.00,0.00,0.0,1.4,3990
36.40,-23.886,-21.874,-97.7,0.03,CLEAR|STRAIGHT,,999.00,0.00,0.0,1.3,4004
36.45,-23.886,-21.874,-97.7,0.03,CLEAR|STRAIGHT,,999.00,0.00,0.0,1.4,3990
36.50,-23.885,-21.879,-97.7,0.03,CLEAR|STRAIGHT,,999.00,0.00,0.0,1.4,3990
36.55,-23.885,-21.879,-97.7,0.03,CLEAR|STRAIGHT,,999.00,0.00,0.0,1.3,3990
36.60,-23.890,-21.878,-97.7,0.00,CLEAR|STRAIGHT,,999.00,0.00,0.0,1.4,3990
36.65,-23.890,-21.878,-97.7,0.00,CLEAR|STRAIGHT,,999.00,0.00,0.0,1.4,3990
36.70,-23.890,-21.879,-97.7,0.01,CLEAR|STRAIGHT,,999.00,0.00,0.0,1.3,3990
36.75,-23.890,-21.879,-97.7,0.01,CLEAR|STRAIGHT,,999.00,0.00,0.0,1.3,4004
36.80,-23.891,-21.880,-97.7,0.01,CLEAR|STRAIGHT,,999.00,0.00,0.0,1.3,4004
36.85,-23.891,-21.880,-97.7,0.01,CLEAR|STRAIGHT,,999.00,0.00,0.0,1.3,4004
36.90,-23.893,-21.880,-97.7,0.01,CLEAR|STRAIGHT,,999.00,0.00,0.0,1.3,4004
36.95,-23.893,-21.880,-97.7,0.01,CLEAR|STRAIGHT,,999.00,0.00,0.0,1.2,3990
37.00,-23.893,-21.879,-97.7,-0.01,CLEAR|STRAIGHT,,999.00,0.00,0.0,1.3,4004
37.05,-23.893,-21.879,-97.7,-0.01,CLEAR|STRAIGHT,,999.00,0.00,0.0,1.2,4004
37.10,-23.893,-21.880,-97.7,0.01,CLEAR|STRAIGHT,,999.00,0.00,0.0,1.3,3990
37.15,-23.893,-21.880,-97.7,0.01,CLEAR|STRAIGHT,,999.00,0.00,0.0,1.2,4018
37.20,-23.896,-21.884,-97.7,0.04,CLEAR|STRAIGHT,,999.00,0.00,0.0,1.2,4004
37.25,-23.896,-21.884,-97.7,0.04,CLEAR|STRAIGHT,,999.00,0.00,0.0,1.2,4004
37.30,-23.898,-21.886,-97.7,0.03,CLEAR|STRAIGHT,,999.00,0.00,0.0,1.3,4004
37.35,-23.898,-21.886,-97.7,0.03,CLEAR|STRAIGHT,,999.00,0.00,0.0,1.2,4004
37.40,-23.901,-21.887,-97.7,0.01,CLEAR|STRAIGHT,,999.00,0.00,0.0,1.2,4004
37.45,-23.901,-21.887,-97.7,0.01,CLEAR|STRAIGHT,,999.00,0.00,0.0,1.1,4004
37.50,-23.900,-21.889,-97.7,0.02,CLEAR|STRAIGHT,,999.00,0.00,0.0,1.2,4018
37.55,-23.900,-21.889,-97.7,0.02,CLEAR|STRAIGHT,,999.00,0.00,0.0,1.2,4018
37.60,-23.897,-21.891,-97.7,0.02,CLEAR|STRAIGHT,,999.00,0.00,0.0,1.2,4004
37.65,-23.897,-21.891,-97.7,0.02,CLEAR|STRAIGHT,,999.00,0.00,0.0,1.2,4004
37.70,-23.899,-21.894,-97.7,0.03,CLEAR|STRAIGHT,,999.00,0.00,0.0,1.2,4004
37.75,-23.899,-21.894,-97.7,0.03,CLEAR|STRAIGHT,,999.00,0.00,0.0,1.1,4004
37.80,-23.899,-21.897,-97.7,0.03,CLEAR|STRAIGHT,,999.00,0.00,0.0,1.2,4018
37.85,-23.899,-21.897,-97.7,0.03,CLEAR|STRAIGHT,,999.00,0.00,0.0,1.2,4004
37.90,-23.898,-21.897,-97.7,-0.00,CLEAR|STRAIGHT,,999.00,0.00,0.0,1.3,4018
37.95,-23.898,-21.897,-97.7,-0.00,CLEAR|STRAIGHT,,999.00,0.00,0.0,1.1,4004
38.00,-23.900,-21.897,-97.7,-0.00,CLEAR|STRAIGHT,,999.00,0.00,0.0,1.2,4018
38.05,-23.900,-21.897,-97.7,-0.00,CLEAR|STRAIGHT,,999.00,0.00,0.0,1.2,4004
38.10,-23.902,-21.899,-97.7,0.02,CLEAR|STRAIGHT,,999.00,0.00,0.0,1.2,4004
38.15,-23.902,-21.899,-97.7,0.02,CLEAR|STRAIGHT,,999.00,0.00,0.0,1.2,4018
38.20,-23.906,-21.902,-97.7,0.05,CLEAR|STRAIGHT,,999.00,0.00,0.0,1.2,4018
38.25,-23.906,-21.902,-97.7,0.05,CLEAR|STRAIGHT,,999.00,0.00,0.0,1.2,4018
38.30,-23.906,-21.902,-97.7,0.05,CLEAR|STRAIGHT,,999.00,0.00,0.0,1.2,4018
38.35,-23.906,-21.905,-97.7,0.02,CLEAR|STRAIGHT,,999.00,0.00,0.0,1.2,4004
38.40,-23.906,-21.905,-97.7,0.02,CLEAR|STRAIGHT,,999.00,0.00,0.0,1.2,4018
38.45,-23.906,-21.905,-97.7,0.02,CLEAR|STRAIGHT,,999.00,0.00,0.0,1.2,4004
38.50,-23.908,-21.909,-97.7,0.02,CLEAR|STRAIGHT,,999.00,0.00,0.0,1.2,4004
38.55,-23.908,-21.909,-97.7,0.02,CLEAR|STRAIGHT,,999.00,0.00,0.0,1.2,4004
38.60,-23.910,-21.908,-97.7,-0.00,CLEAR|STRAIGHT,,999.00,0.00,0.0,0.9,4047
38.65,-23.910,-21.908,-97.7,-0.00,CLEAR|STRAIGHT,,999.00,0.00,0.0,0.9,4047
38.70,-23.912,-21.912,-97.7,0.04,CLEAR|STRAIGHT,,999.00,0.00,0.0,1.2,4004
38.75,-23.912,-21.912,-97.7,0.04,CLEAR|STRAIGHT,,999.00,0.00,0.0,1.1,4018
38.80,-23.913,-21.912,-97.7,0.00,CLEAR|STRAIGHT,,999.00,0.00,0.0,1.2,4018
38.85,-23.913,-21.912,-97.7,0.00,CLEAR|STRAIGHT,,999.00,0.00,0.0,1.1,4033
38.90,-23.911,-21.915,-97.7,0.02,CLEAR|STRAIGHT,,999.00,0.00,0.0,1.2,4018
38.95,-23.911,-21.915,-97.7,0.02,CLEAR|STRAIGHT,,999.00,0.00,0.0,1.3,4018
39.00,-23.913,-21.914,-97.7,-0.01,CLEAR|STRAIGHT,,999.00,0.00,0.0,1.2,4004
39.05,-23.913,-21.914,-97.7,-0.01,CLEAR|STRAIGHT,,999.00,0.00,0.0,1.2,4018
39.10,-23.909,-21.917,-97.7,0.03,CLEAR|STRAIGHT,,999.00,0.00,0.0,1.1,4018
39.15,-23.909,-21.917,-97.7,0.03,CLEAR|STRAIGHT,,999.00,0.00,0.0,1.2,4004
39.20,-23.915,-21.919,-97.7,0.03,CLEAR|STRAIGHT,,999.00,0.00,0.0,1.1,4033
39.25,-23.915,-21.919,-97.7,0.03,CLEAR|STRAIGHT,,999.00,0.00,0.0,1.2,4004
39.30,-23.915,-21.919,-97.7,0.03,CLEAR|STRAIGHT,,999.00,0.00,0.0,1.1,4018
39.35,-23.917,-21.920,-97.7,0.01,CLEAR|STRAIGHT,,999.00,0.00,0.0,1.2,4018
39.40,-23.915,-21.928,-97.7,0.09,CLEAR|STRAIGHT,,999.00,0.00,0.0,1.1,4018
39.45,-23.915,-21.928,-97.7,0.09,CLEAR|STRAIGHT,,999.00,0.00,0.0,1.2,4018
39.50,-23.916,-21.933,-97.7,0.05,CLEAR|STRAIGHT,,999.00,0.00,0.0,1.0,4018
39.55,-23.916,-21.933,-97.7,0.05,CLEAR|STRAIGHT,,999.00,0.00,0.0,1.1,4018
39.60,-23.921,-21.930,-97.7,-0.02,CLEAR|STRAIGHT,,999.00,0.00,0.0,1.1,4018
39.65,-23.921,-21.930,-97.7,-0.02,CLEAR|STRAIGHT,,999.00,0.00,0.0,1.2,4018
39.70,-23.920,-21.934,-97.7,0.05,CLEAR|STRAIGHT,,999.00,0.00,0.0,1.1,4018
39.75,-23.920,-21.934,-97.7,0.05,CLEAR|STRAIGHT,,999.00,0.00,0.0,1.1,4004
39.80,-23.922,-21.935,-97.7,0.01,CLEAR|STRAIGHT,,999.00,0.00,0.0,1.3,4018
39.85,-23.922,-21.935,-97.7,0.01,CLEAR|STRAIGHT,,999.00,0.00,0.0,1.2,4033
39.90,-23.923,-21.933,-97.7,-0.01,CLEAR|STRAIGHT,,999.00,0.00,0.0,1.2,4004
39.95,-23.923,-21.933,-97.7,-0.01,CLEAR|STRAIGHT,,999.00,0.00,0.0,1.2,4018
40.00,-23.923,-21.936,-97.7,0.03,CLEAR|STRAIGHT,,999.00,0.00,0.0,1.2,4018
40.05,-23.923,-21.936,-97.7,0.03,CLEAR|STRAIGHT,,999.00,0.00,0.0,1.2,4018
40.10,-23.924,-21.936,-97.7,0.00,CLEAR|STRAIGHT,,999.00,0.00,0.0,1.2,4018
40.15,-23.924,-21.936,-97.7,0.00,CLEAR|STRAIGHT,,999.00,0.00,0.0,1.2,4018
40.20,-23.927,-21.939,-97.7,0.04,CLEAR|STRAIGHT,,999.00,0.00,0.0,1.2,4004
40.25,-23.927,-21.939,-97.7,0.04,CLEAR|STRAIGHT,,999.00,0.00,0.0,1.2,4033
40.30,-23.927,-21.939,-97.7,0.04,CLEAR|STRAIGHT,,999.00,0.00,0.0,1.2,4018
40.35,-23.927,-21.941,-97.7,0.02,CLEAR|STRAIGHT,,999.00,0.00,0.0,1.2,4004
40.40,-23.930,-21.942,-97.7,0.01,CLEAR|STRAIGHT,,999.00,0.00,0.0,1.2,4004
40.45,-23.930,-21.942,-97.7,0.01,CLEAR|STRAIGHT,,999.00,0.00,0.0,1.6,4018
40.50,-23.930,-21.942,-97.7,0.01,CLEAR|STRAIGHT,,999.00,0.00,0.0,1.1,4018
40.55,-23.933,-21.943,-97.7,0.01,CLEAR|STRAIGHT,,999.00,0.00,0.0,1.2,4018
40.60,-23.933,-21.943,-97.7,0.01,CLEAR|STRAIGHT,,999.00,0.00,0.0,1.1,4004
40.65,-23.933,-21.943,-97.7,0.01,CLEAR|STRAIGHT,,999.00,0.00,0.0,1.3,4018
40.70,-23.936,-21.945,-97.7,0.01,CLEAR|STRAIGHT,,999.00,0.00,0.0,1.3,4018
40.75,-23.936,-21.945,-97.7,0.01,CLEAR|STRAIGHT,,999.00,0.00,0.0,1.1,4018
40.80,-23.933,-21.946,-97.7,0.01,CLEAR|STRAIGHT,,999.00,0.00,0.0,1.2,4004
40.85,-23.933,-21.946,-97.7,0.01,CLEAR|STRAIGHT,,999.00,0.00,0.0,1.2,4018
40.90,-23.936,-21.946,-97.7,0.01,CLEAR|STRAIGHT,,999.00,0.00,0.0,1.2,4018
40.95,-23.936,-21.946,-97.7,0.01,CLEAR|STRAIGHT,,999.00,0.00,0.0,1.2,4018
41.00,-23.935,-21.947,-97.7,0.01,CLEAR|STRAIGHT,,999.00,0.00,0.0,1.0,4033
41.05,-23.935,-21.947,-97.7,0.01,CLEAR|STRAIGHT,,999.00,0.00,0.0,1.0,4033
41.10,-23.937,-21.945,-97.7,-0.01,CLEAR|STRAIGHT,,999.00,0.00,0.0,0.9,4062
41.15,-23.937,-21.945,-97.7,-0.01,CLEAR|STRAIGHT,,999.00,0.00,0.0,1.0,4047
41.20,-23.941,-21.951,-97.7,0.06,CLEAR|STRAIGHT,,999.00,0.00,0.0,1.0,4047
41.25,-23.941,-21.951,-97.7,0.06,CLEAR|STRAIGHT,,999.00,0.00,0.0,1.0,4047
41.30,-23.941,-21.951,-97.7,0.06,CLEAR|STRAIGHT,,999.00,0.00,0.0,1.0,4047
41.35,-23.941,-21.953,-97.7,0.01,CLEAR|STRAIGHT,,999.00,0.00,0.0,1.0,4062
41.40,-23.945,-21.954,-97.7,0.02,CLEAR|STRAIGHT,,999.00,0.00,0.0,1.0,4062
41.45,-23.945,-21.954,-97.7,0.02,CLEAR|STRAIGHT,,999.00,0.00,0.0,1.0,4047
41.50,-23.945,-21.954,-97.7,0.02,CLEAR|STRAIGHT,,999.00,0.00,0.0,1.0,4047
41.55,-23.945,-21.954,-97.7,-0.00,CLEAR|STRAIGHT,,999.00,0.00,0.0,1.0,4047
41.60,-23.946,-21.954,-97.7,0.00,CLEAR|STRAIGHT,,999.00,0.00,0.0,1.0,4047
41.65,-23.946,-21.954,-97.7,0.00,CLEAR|STRAIGHT,,999.00,0.00,0.0,1.0,4047
41.70,-23.945,-21.955,-97.7,0.01,CLEAR|STRAIGHT,,999.00,0.00,0.0,1.0,4062
41.75,-23.945,-21.955,-97.7,0.01,CLEAR|STRAIGHT,,999.00,0.00,0.0,0.9,4047
41.80,-23.946,-21.955,-97.7,0.01,CLEAR|STRAIGHT,,999.00,0.00,0.0,1.0,4047
41.85,-23.946,-21.955,-97.7,0.01,CLEAR|STRAIGHT,,999.00,0.00,0.0,1.0,4047
41.90,-23.946,-21.956,-97.7,0.00,CLEAR|STRAIGHT,,999.00,0.00,0.0,1.0,4047
41.95,-23.946,-21.956,-97.7,0.00,CLEAR|STRAIGHT,,999.00,0.00,0.0,1.0,4047
42.00,-23.946,-21.956,-97.7,0.01,CLEAR|STRAIGHT,,999.00,0.00,0.0,1.0,4047
42.05,-23.946,-21.956,-97.7,0.01,CLEAR|STRAIGHT,,999.00,0.00,0.0,1.0,4047
42.10,-23.947,-21.955,-97.7,-0.02,CLEAR|STRAIGHT,,999.00,0.00,0.0,1.0,4047
42.15,-23.947,-21.955,-97.7,-0.02,CLEAR|STRAIGHT,,999.00,0.00,0.0,1.0,4047
42.20,-23.950,-21.959,-97.7,0.05,CLEAR|STRAIGHT,,999.00,0.00,0.0,1.0,4062
42.25,-23.950,-21.959,-97.7,0.05,CLEAR|STRAIGHT,,999.00,0.00,0.0,1.0,4047
42.30,-23.950,-21.959,-97.7,0.05,CLEAR|STRAIGHT,,999.00,0.00,0.0,1.0,4047
42.35,-23.953,-21.960,-97.7,0.01,CLEAR|STRAIGHT,,999.00,0.00,0.0,1.0,4047
42.40,-23.953,-21.960,-97.7,0.01,CLEAR|STRAIGHT,,999.00,0.00,0.0,1.0,4062
42.45,-23.953,-21.960,-97.7,0.01,CLEAR|STRAIGHT,,999.00,0.00,0.0,1.0,4062
42.50,-23.954,-21.962,-97.7,0.02,CLEAR|STRAIGHT,,999.00,0.00,0.0,1.0,4062
42.55,-23.954,-21.962,-97.7,0.02,CLEAR|STRAIGHT,,999.00,0.00,0.0,1.0,4047
42.60,-23.957,-21.962,-97.7,-0.00,CLEAR|STRAIGHT,,999.00,0.00,0.0,1.0,4047
42.65,-23.957,-21.962,-97.7,-0.00,CLEAR|STRAIGHT,,999.00,0.00,0.0,1.0,4062
42.70,-23.958,-21.963,-97.7,0.01,CLEAR|STRAIGHT,,999.00,0.00,0.0,1.0,4047
42.75,-23.958,-21.963,-97.7,0.01,CLEAR|STRAIGHT,,999.00,0.00,0.0,1.0,4047
42.80,-23.957,-21.965,-97.7,0.02,CLEAR|STRAIGHT,,999.00,0.00,0.0,1.0,4062
42.85,-23.957,-21.965,-97.7,0.02,CLEAR|STRAIGHT,,999.00,0.00,0.0,0.9,4062
42.90,-23.960,-21.966,-97.7,0.01,CLEAR|STRAIGHT,,999.00,0.00,0.0,1.0,4062
42.95,-23.960,-21.966,-97.7,0.01,CLEAR|STRAIGHT,,999.00,0.00,0.0,0.9,4047
43.00,-23.958,-21.966,-97.7,0.01,CLEAR|STRAIGHT,,999.00,0.00,0.0,1.0,4047
43.05,-23.958,-21.966,-97.7,0.01,CLEAR|STRAIGHT,,999.00,0.00,0.0,1.0,4047
43.10,-23.958,-21.967,-97.7,0.00,CLEAR|STRAIGHT,,999.00,0.00,0.0,0.9,4062
43.15,-23.958,-21.967,-97.7,0.00,CLEAR|STRAIGHT,,999.00,0.00,0.0,1.0,4062
43.20,-23.961,-21.971,-97.7,0.04,CLEAR|STRAIGHT,,999.00,0.00,0.0,1.0,4047
43.25,-23.961,-21.971,-97.7,0.04,CLEAR|STRAIGHT,,999.00,0.00,0.0,1.0,4047
43.30,-23.961,-21.971,-97.7,0.04,CLEAR|STRAIGHT,,999.00,0.00,0.0,1.0,4062
43.35,-23.963,-21.972,-97.7,0.01,CLEAR|STRAIGHT,,999.00,0.00,0.0,1.0,4047
43.40,-23.964,-21.974,-97.7,0.03,CLEAR|STRAIGHT,,999.00,0.00,0.0,1.0,4062
43.45,-23.964,-21.974,-97.7,0.03,CLEAR|STRAIGHT,,999.00,0.00,0.0,1.0,4062
43.50,-23.966,-21.976,-97.7,0.02,CLEAR|STRAIGHT,,999.00,0.00,0.0,1.0,4062
43.55,-23.966,-21.976,-97.7,0.02,CLEAR|STRAIGHT,,999.00,0.00,0.0,0.9,4047
43.60,-23.966,-21.976,-97.7,0.00,CLEAR|STRAIGHT,,999.00,0.00,0.0,1.0,4062
43.65,-23.966,-21.976,-97.7,0.00,CLEAR|STRAIGHT,,999.00,0.00,0.0,1.0,4062
43.70,-23.967,-21.977,-97.7,0.01,CLEAR|STRAIGHT,,999.00,0.00,0.0,1.0,4077
43.75,-23.967,-21.977,-97.7,0.01,CLEAR|STRAIGHT,,999.00,0.00,0.0,1.0,4077
43.80,-23.968,-21.978,-97.7,0.01,CLEAR|STRAIGHT,,999.00,0.00,0.0,1.0,4047
43.85,-23.968,-21.978,-97.7,0.01,CLEAR|STRAIGHT,,999.00,0.00,0.0,1.0,4047
43.90,-23.968,-21.976,-97.7,-0.02,CLEAR|STRAIGHT,,999.00,0.00,0.0,1.0,4062
43.95,-23.968,-21.976,-97.7,-0.02,CLEAR|STRAIGHT,,999.00,0.00,0.0,1.0,4062
44.00,-23.969,-21.978,-97.7,0.02,CLEAR|STRAIGHT,,999.00,0.00,0.0,1.0,4047
44.05,-23.969,-21.978,-97.7,0.02,CLEAR|STRAIGHT,,999.00,0.00,0.0,1.0,4077
44.10,-23.969,-21.979,-97.7,0.00,CLEAR|STRAIGHT,,999.00,0.00,0.0,1.0,4077
44.15,-23.969,-21.979,-97.7,0.00,CLEAR|STRAIGHT,,999.00,0.00,0.0,1.0,4047
44.20,-23.972,-21.981,-97.7,0.02,CLEAR|STRAIGHT,,999.00,0.00,0.0,1.0,4047
44.25,-23.972,-21.981,-97.7,0.02,CLEAR|STRAIGHT,,999.00,0.00,0.0,1.0,4047
44.30,-23.972,-21.981,-97.7,0.02,CLEAR|STRAIGHT,,999.00,0.00,0.0,1.0,4062
44.35,-23.973,-21.984,-97.7,0.03,CLEAR|STRAIGHT,,999.00,0.00,0.0,1.0,4062
44.40,-23.973,-21.984,-97.7,0.03,CLEAR|STRAIGHT,,999.00,0.00,0.0,1.0,4062
44.45,-23.973,-21.984,-97.7,0.03,CLEAR|STRAIGHT,,999.00,0.00,0.0,1.0,4062
44.50,-23.973,-21.989,-97.7,0.04,CLEAR|STRAIGHT,,999.00,0.00,0.0,1.0,4047
44.55,-23.973,-21.989,-97.7,0.04,CLEAR|STRAIGHT,,999.00,0.00,0.0,0.9,4062
44.60,-23.977,-21.989,-97.7,-0.00,CLEAR|STRAIGHT,,999.00,0.00,0.0,1.0,4062
44.65,-23.977,-21.989,-97.7,-0.00,CLEAR|STRAIGHT,,999.00,0.00,0.0,1.0,4047
44.70,-23.976,-21.990,-97.7,0.01,CLEAR|STRAIGHT,,999.00,0.00,0.0,0.9,4062
44.75,-23.976,-21.990,-97.7,0.01,CLEAR|STRAIGHT,,999.00,0.00,0.0,1.0,4077
44.80,-23.975,-21.991,-97.7,0.01,CLEAR|STRAIGHT,,999.00,0.00,0.0,1.0,4047
44.85,-23.975,-21.991,-97.7,0.01,CLEAR|STRAIGHT,,999.00,0.00,0.0,0.9,4062
44.90,-23.973,-21.994,-97.7,0.03,CLEAR|STRAIGHT,,999.00,0.00,0.0,0.9,4047
44.95,-23.973,-21.994,-97.7,0.03,CLEAR|STRAIGHT,,999.00,0.00,0.0,1.0,4047
45.00,-23.974,-21.993,-97.7,-0.00,CLEAR|STRAIGHT,,999.00,0.00,0.0,1.0,4033
45.05,-23.974,-21.993,-97.7,-0.00,CLEAR|STRAIGHT,,999.00,0.00,0.0,1.0,4047
45.10,-23.974,-21.995,-97.7,0.01,CLEAR|STRAIGHT,,999.00,0.00,0.0,1.0,4062
45.15,-23.974,-21.995,-97.7,0.01,CLEAR|STRAIGHT,,999.00,0.00,0.0,1.0,4062
45.20,-23.977,-21.997,-97.7,0.03,CLEAR|STRAIGHT,,999.00,0.00,0.0,1.0,4047
45.25,-23.977,-21.997,-97.7,0.03,CLEAR|STRAIGHT,,999.00,0.00,0.0,1.0,4047
45.30,-23.977,-21.997,-97.7,0.03,CLEAR|STRAIGHT,,999.00,0.00,0.0,0.9,4062
45.35,-23.978,-22.000,-97.7,0.03,CLEAR|STRAIGHT,,999.00,0.00,0.0,1.0,4062
45.40,-23.979,-22.002,-97.7,0.02,CLEAR|STRAIGHT,,999.00,0.00,0.0,1.0,4062
45.45,-23.979,-22.002,-97.7,0.02,CLEAR|STRAIGHT,,999.00,0.00,0.0,1.0,4077
45.50,-23.980,-22.003,-97.7,0.01,CLEAR|STRAIGHT,,999.00,0.00,0.0,1.0,4062
45.55,-23.980,-22.003,-97.7,0.01,CLEAR|STRAIGHT,,999.00,0.00,0.0,1.0,4047
45.60,-23.980,-22.003,-97.7,0.01,CLEAR|STRAIGHT,,999.00,0.00,0.0,1.0,4062
45.65,-23.982,-22.003,-97.7,0.01,CLEAR|STRAIGHT,,999.00,0.00,0.0,1.0,4062
45.70,-23.980,-22.004,-97.7,0.01,CLEAR|STRAIGHT,,999.00,0.00,0.0,1.0,4062
45.75,-23.980,-22.004,-97.7,0.01,CLEAR|STRAIGHT,,999.00,0.00,0.0,1.0,4062
45.80,-23.981,-22.005,-97.7,0.01,CLEAR|STRAIGHT,,999.00,0.00,0.0,0.9,4047
45.85,-23.981,-22.005,-97.7,0.01,CLEAR|STRAIGHT,,999.00,0.00,0.0,0.9,4062
45.90,-23.981,-22.005,-97.7,-0.00,CLEAR|STRAIGHT,,999.00,0.00,0.0,1.0,4062
45.95,-23.981,-22.005,-97.7,-0.00,CLEAR|STRAIGHT,,999.00,0.00,0.0,1.0,4047
46.00,-23.981,-22.004,-97.7,-0.00,CLEAR|STRAIGHT,,999.00,0.00,0.0,1.0,4062
46.05,-23.981,-22.004,-97.7,-0.00,CLEAR|STRAIGHT,,999.00,0.00,0.0,1.0,4062
46.10,-23.981,-22.005,-97.7,0.01,CLEAR|STRAIGHT,,999.00,0.00,0.0,1.0,4047
46.15,-23.981,-22.005,-97.7,0.01,CLEAR|STRAIGHT,,999.00,0.00,0.0,1.0,4062
46.20,-23.985,-22.010,-97.7,0.05,CLEAR|STRAIGHT,,999.00,0.00,0.0,1.0,4062
46.25,-23.985,-22.010,-97.7,0.05,CLEAR|STRAIGHT,,999.00,0.00,0.0,1.0,4062
46.30,-23.986,-22.013,-97.7,0.03,CLEAR|STRAIGHT,,999.00,0.00,0.0,1.0,4062
46.35,-23.986,-22.013,-97.7,0.03,CLEAR|STRAIGHT,,999.00,0.00,0.0,1.0,4077
46.40,-23.988,-22.016,-97.7,0.03,CLEAR|STRAIGHT,,999.00,0.00,0.0,1.0,4062
46.45,-23.988,-22.016,-97.7,0.03,CLEAR|STRAIGHT,,999.00,0.00,0.0,1.0,4062
46.50,-23.989,-22.018,-97.7,0.02,CLEAR|STRAIGHT,,999.00,0.00,0.0,1.0,4047
46.55,-23.989,-22.018,-97.7,0.02,CLEAR|STRAIGHT,,999.00,0.00,0.0,1.0,4062
46.60,-23.990,-22.020,-97.7,0.02,CLEAR|STRAIGHT,,999.00,0.00,0.0,1.0,4062
46.65,-23.990,-22.020,-97.7,0.02,CLEAR|STRAIGHT,,999.00,0.00,0.0,1.0,4047
46.70,-23.992,-22.019,-97.7,-0.00,CLEAR|STRAIGHT,,999.00,0.00,0.0,1.0,4062
46.75,-23.992,-22.019,-97.7,-0.00,CLEAR|STRAIGHT,,999.00,0.00,0.0,1.0,4062
46.80,-23.992,-22.021,-97.7,0.02,CLEAR|STRAIGHT,,999.00,0.00,0.0,1.0,4062
46.85,-23.992,-22.021,-97.7,0.02,CLEAR|STRAIGHT,,999.00,0.00,0.0,1.0,4062
46.90,-23.993,-22.022,-97.7,0.01,CLEAR|STRAIGHT,,999.00,0.00,0.0,1.0,4047
46.95,-23.993,-22.022,-97.7,0.01,CLEAR|STRAIGHT,,999.00,0.00,0.0,1.0,4047
47.00,-23.993,-22.024,-97.7,0.02,CLEAR|STRAIGHT,,999.00,0.00,0.0,1.0,4062
47.05,-23.993,-22.024,-97.7,0.02,CLEAR|STRAIGHT,,999.00,0.00,0.0,1.0,4047
47.10,-23.994,-22.024,-97.7,-0.00,CLEAR|STRAIGHT,,999.00,0.00,0.0,1.0,4047
47.15,-23.994,-22.024,-97.7,-0.00,CLEAR|STRAIGHT,,999.00,0.00,0.0,1.0,4062
47.20,-23.997,-22.027,-97.7,0.04,CLEAR|STRAIGHT,,999.00,0.00,0.0,1.0,4047
47.25,-23.997,-22.027,-97.7,0.04,CLEAR|STRAIGHT,,999.00,0.00,0.0,1.0,4062
47.30,-23.997,-22.027,-97.7,0.04,CLEAR|STRAIGHT,,999.00,0.00,0.0,1.0,4047
47.35,-23.999,-22.030,-97.7,0.02,CLEAR|STRAIGHT,,999.00,0.00,0.0,1.0,4062
47.40,-24.002,-22.029,-97.7,0.00,CLEAR|STRAIGHT,,999.00,0.00,0.0,1.0,4047
47.45,-24.002,-22.029,-97.7,0.00,CLEAR|STRAIGHT,,999.00,0.00,0.0,1.0,4047
47.50,-24.002,-22.032,-97.7,0.03,CLEAR|STRAIGHT,,999.00,0.00,0.0,1.0,4047
47.55,-24.002,-22.032,-97.7,0.03,CLEAR|STRAIGHT,,999.00,0.00,0.0,1.0,4047
47.60,-24.003,-22.034,-97.7,0.02,CLEAR|STRAIGHT,,999.00,0.00,0.0,1.0,4077
47.65,-24.003,-22.034,-97.7,0.02,CLEAR|STRAIGHT,,999.00,0.00,0.0,1.0,4062
47.70,-24.003,-22.034,-97.7,-0.00,CLEAR|STRAIGHT,,999.00,0.00,0.0,1.0,4062
47.75,-24.003,-22.034,-97.7,-0.00,CLEAR|STRAIGHT,,999.00,0.00,0.0,1.0,4047
47.80,-24.003,-22.035,-97.7,0.01,CLEAR|STRAIGHT,,999.00,0.00,0.0,1.0,4062
47.85,-24.003,-22.035,-97.7,0.01,CLEAR|STRAIGHT,,999.00,0.00,0.0,1.0,4062
47.90,-24.004,-22.036,-97.7,0.01,CLEAR|STRAIGHT,,999.00,0.00,0.0,1.0,4062
47.95,-24.004,-22.036,-97.7,0.01,CLEAR|STRAIGHT,,999.00,0.00,0.0,1.0,4047
48.00,-24.005,-22.034,-97.7,-0.02,CLEAR|STRAIGHT,,999.00,0.00,0.0,1.0,4062
48.05,-24.005,-22.034,-97.7,-0.02,CLEAR|STRAIGHT,,999.00,0.00,0.0,1.0,4047
48.10,-24.003,-22.035,-97.7,0.02,CLEAR|STRAIGHT,,999.00,0.00,0.0,1.0,4047
48.15,-24.003,-22.035,-97.7,0.02,CLEAR|STRAIGHT,,999.00,0.00,0.0,1.0,4062
48.20,-24.008,-22.038,-97.7,0.02,CLEAR|STRAIGHT,,999.00,0.00,0.0,1.0,4062
48.25,-24.008,-22.038,-97.7,0.02,CLEAR|STRAIGHT,,999.00,0.00,0.0,1.0,4047
48.30,-24.008,-22.038,-97.7,0.02,CLEAR|STRAIGHT,,999.00,0.00,0.0,1.0,4062
48.35,-24.011,-22.040,-97.7,0.02,CLEAR|STRAIGHT,,999.00,0.00,0.0,0.9,4047
48.40,-24.011,-22.040,-97.7,0.02,CLEAR|STRAIGHT,,999.00,0.00,0.0,1.0,4062
48.45,-24.011,-22.040,-97.7,0.02,CLEAR|STRAIGHT,,999.00,0.00,0.0,1.0,4047
48.50,-24.014,-22.041,-97.7,0.01,CLEAR|STRAIGHT,,999.00,0.00,0.0,1.0,4062
48.55,-24.014,-22.041,-97.7,0.01,CLEAR|STRAIGHT,,999.00,0.00,0.0,1.0,4062
48.60,-24.014,-22.041,-97.7,0.01,CLEAR|STRAIGHT,,999.00,0.00,0.0,1.0,4062
48.65,-24.014,-22.043,-97.7,0.02,CLEAR|STRAIGHT,,999.00,0.00,0.0,1.0,4062
48.70,-24.014,-22.043,-97.7,0.00,CLEAR|STRAIGHT,,999.00,0.00,0.0,1.0,4062
48.75,-24.014,-22.043,-97.7,0.00,CLEAR|STRAIGHT,,999.00,0.00,0.0,1.0,4062
48.80,-24.013,-22.045,-97.7,0.03,CLEAR|STRAIGHT,,999.00,0.00,0.0,1.0,4062
48.85,-24.013,-22.045,-97.7,0.03,CLEAR|STRAIGHT,,999.00,0.00,0.0,1.0,4062
48.90,-24.014,-22.044,-97.7,-0.01,CLEAR|STRAIGHT,,999.00,0.00,0.0,1.0,4062
48.95,-24.014,-22.044,-97.7,-0.01,CLEAR|STRAIGHT,,999.00,0.00,0.0,1.0,4062
49.00,-24.016,-22.044,-97.7,-0.00,CLEAR|STRAIGHT,,999.00,0.00,0.0,1.0,4062
49.05,-24.016,-22.044,-97.7,-0.00,CLEAR|STRAIGHT,,999.00,0.00,0.0,1.0,4062
49.10,-24.016,-22.045,-97.7,0.01,CLEAR|STRAIGHT,,999.00,0.00,0.0,1.0,4047
49.15,-24.016,-22.045,-97.7,0.01,CLEAR|STRAIGHT,,999.00,0.00,0.0,1.0,4062
49.20,-28.873,-26.170,-97.7,47.37,CLEAR|STRAIGHT,,999.00,0.00,0.0,1.0,4047
49.25,-28.873,-26.170,-97.7,47.37,CLEAR|STRAIGHT,,999.00,0.00,0.0,1.0,4047
49.30,-28.873,-26.170,-97.7,47.37,CLEAR|STRAIGHT,,999.00,0.00,0.0,1.0,4062
49.35,-28.875,-26.167,-97.7,-0.02,CLEAR|STRAIGHT,,999.00,0.00,0.0,1.0,4047
49.40,-28.873,-26.168,-97.7,0.01,CLEAR|STRAIGHT,,999.00,0.00,0.0,1.0,4062
49.45,-28.873,-26.168,-97.7,0.01,CLEAR|STRAIGHT,,999.00,0.00,0.0,1.0,4077
49.50,-28.873,-26.168,-97.7,-0.00,CLEAR|STRAIGHT,,999.00,0.00,0.0,1.0,4047
49.55,-28.873,-26.168,-97.7,-0.00,CLEAR|STRAIGHT,,999.00,0.00,0.0,1.0,4062
49.60,-28.875,-26.168,-97.7,0.00,CLEAR|STRAIGHT,,999.00,0.00,0.0,1.0,4062
49.65,-28.875,-26.168,-97.7,0.00,CLEAR|STRAIGHT,,999.00,0.00,0.0,1.0,4047
49.70,-28.874,-26.168,-97.7,0.00,CLEAR|STRAIGHT,,999.00,0.00,0.0,1.0,4062
49.75,-28.874,-26.168,-97.7,0.00,CLEAR|STRAIGHT,,999.00,0.00,0.0,1.0,4062
49.80,-28.873,-26.168,-97.6,-0.00,CLEAR|STRAIGHT,,999.00,0.00,0.0,1.0,4047
49.85,-28.873,-26.168,-97.7,-0.00,CLEAR|STRAIGHT,,999.00,0.00,0.0,1.0,4047
49.90,-28.875,-26.168,-97.7,-0.00,CLEAR|STRAIGHT,,999.00,0.00,0.0,1.0,4062
49.95,-28.875,-26.168,-97.7,-0.00,CLEAR|STRAIGHT,,999.00,0.00,0.0,1.0,4047
50.00,-28.873,-26.168,-97.7,-0.01,CLEAR|STRAIGHT,,999.00,0.00,0.0,1.0,4062
50.05,-28.873,-26.168,-97.7,-0.01,CLEAR|STRAIGHT,,999.00,0.00,0.0,1.0,4047
50.10,-28.874,-26.166,-97.7,-0.01,CLEAR|STRAIGHT,,999.00,0.00,0.0,1.0,4062
50.15,-28.874,-26.166,-97.7,-0.01,CLEAR|STRAIGHT,,999.00,0.00,0.0,1.0,4062
50.20,-28.874,-26.167,-97.7,0.01,CLEAR|STRAIGHT,,999.00,0.00,0.0,1.0,4062
50.25,-28.874,-26.167,-97.7,0.01,CLEAR|STRAIGHT,,999.00,0.00,0.0,1.0,4047
50.30,-28.874,-26.167,-97.7,0.01,CLEAR|STRAIGHT,,999.00,0.00,0.0,1.0,4062
50.35,-28.874,-26.167,-97.7,0.00,CLEAR|STRAIGHT,,999.00,0.00,0.0,1.0,4062
50.40,-28.874,-26.167,-97.7,0.00,CLEAR|STRAIGHT,,999.00,0.00,0.0,1.0,4062
50.45,-28.874,-26.167,-97.7,0.00,CLEAR|STRAIGHT,,999.00,0.00,0.0,1.0,4062
50.50,-28.873,-26.168,-97.7,0.00,CLEAR|STRAIGHT,,999.00,0.00,0.0,1.0,4062
50.55,-28.873,-26.168,-97.7,0.00,CLEAR|STRAIGHT,,999.00,0.00,0.0,1.0,4047
50.60,-28.874,-26.166,-97.7,-0.01,CLEAR|STRAIGHT,,999.00,0.00,0.0,1.0,4047
50.65,-28.874,-26.166,-97.7,-0.01,CLEAR|STRAIGHT,,999.00,0.00,0.0,1.0,4062
50.70,-28.874,-26.167,-97.7,0.00,CLEAR|STRAIGHT,,999.00,0.00,0.0,1.0,4047
50.75,-28.874,-26.167,-97.7,0.00,CLEAR|STRAIGHT,,999.00,0.00,0.0,0.9,4062
50.80,-28.873,-26.167,-97.7,0.00,CLEAR|STRAIGHT,,999.00,0.00,0.0,1.0,4047
50.85,-28.873,-26.167,-97.7,0.00,CLEAR|STRAIGHT,,999.00,0.00,0.0,0.9,4062
50.90,-28.874,-26.167,-97.7,0.00,CLEAR|STRAIGHT,,999.00,0.00,0.0,1.0,4062
50.95,-28.874,-26.167,-97.7,0.00,CLEAR|STRAIGHT,,999.00,0.00,0.0,0.9,4062
51.00,-28.874,-26.166,-97.7,-0.01,CLEAR|STRAIGHT,,999.00,0.00,0.0,1.0,4047
51.05,-28.874,-26.166,-97.7,-0.01,CLEAR|STRAIGHT,,999.00,0.00,0.0,0.9,4047
51.10,-28.873,-26.168,-97.7,0.02,CLEAR|STRAIGHT,,999.00,0.00,0.0,0.9,4062
51.15,-28.873,-26.168,-97.7,0.02,CLEAR|STRAIGHT,,999.00,0.00,0.0,0.9,4062
51.20,-28.874,-26.168,-97.7,-0.00,CLEAR|STRAIGHT,,999.00,0.00,0.0,0.9,4047
51.25,-28.874,-26.168,-97.7,-0.00,CLEAR|STRAIGHT,,999.00,0.00,0.0,0.9,4077
51.30,-28.874,-26.168,-97.7,-0.00,CLEAR|STRAIGHT,,999.00,0.00,0.0,1.0,4047
51.35,-28.873,-26.167,-97.7,-0.01,CLEAR|STRAIGHT,,999.00,0.00,0.0,0.9,4062
51.40,-28.874,-26.168,-97.7,0.02,CLEAR|STRAIGHT,,999.00,0.00,0.0,0.9,4062
51.45,-28.874,-26.168,-97.7,0.02,CLEAR|STRAIGHT,,999.00,0.00,0.0,0.9,4077
51.50,-28.873,-26.168,-97.7,-0.01,CLEAR|STRAIGHT,,999.00,0.00,0.0,1.0,4047
51.55,-28.873,-26.168,-97.7,-0.01,CLEAR|STRAIGHT,,999.00,0.00,0.0,1.0,4062
51.60,-28.874,-26.166,-97.7,-0.02,CLEAR|STRAIGHT,,999.00,0.00,0.0,1.0,4047
51.65,-28.874,-26.166,-97.7,-0.02,CLEAR|STRAIGHT,,999.00,0.00,0.0,0.9,4047
51.70,-28.873,-26.168,-97.7,0.03,CLEAR|STRAIGHT,,999.00,0.00,0.0,1.0,4062
51.75,-28.873,-26.168,-97.7,0.03,CLEAR|STRAIGHT,,999.00,0.00,0.0,1.0,4062
51.80,-28.874,-26.167,-97.7,-0.01,CLEAR|STRAIGHT,,999.00,0.00,0.0,1.0,4062
51.85,-28.874,-26.167,-97.7,-0.01,CLEAR|STRAIGHT,,999.00,0.00,0.0,1.0,4062
51.90,-28.874,-26.170,-97.7,0.02,CLEAR|STRAIGHT,,999.00,0.00,0.0,1.0,4062
51.95,-28.874,-26.170,-97.7,0.02,CLEAR|STRAIGHT,,999.00,0.00,0.0,1.0,4062
52.00,-28.872,-26.168,-97.7,-0.02,CLEAR|STRAIGHT,,999.00,0.00,0.0,1.0,4062
52.05,-28.872,-26.168,-97.7,-0.02,CLEAR|STRAIGHT,,999.00,0.00,0.0,1.0,4062
52.10,-28.875,-26.166,-97.7,-0.01,CLEAR|STRAIGHT,,999.00,0.00,0.0,1.0,4047
52.15,-28.875,-26.166,-97.6,-0.01,CLEAR|STRAIGHT,,999.00,0.00,0.0,1.0,4062
52.20,-28.874,-26.168,-97.7,0.02,CLEAR|STRAIGHT,,999.00,0.00,0.0,0.9,4062
52.25,-28.874,-26.168,-97.7,0.02,CLEAR|STRAIGHT,,999.00,0.00,0.0,1.0,4062
52.30,-28.874,-26.168,-97.7,0.02,CLEAR|STRAIGHT,,999.00,0.00,0.0,1.0,4062
52.35,-28.874,-26.166,-97.7,-0.02,CLEAR|STRAIGHT,,999.00,0.00,0.0,1.0,4062
52.40,-28.874,-26.166,-97.7,-0.02,CLEAR|STRAIGHT,,999.00,0.00,0.0,1.0,4062
52.45,-28.874,-26.166,-97.7,-0.02,CLEAR|STRAIGHT,,999.00,0.00,0.0,1.0,4062
52.50,-28.874,-26.166,-97.7,0.00,CLEAR|STRAIGHT,,999.00,0.00,0.0,1.0,4047
52.55,-28.874,-26.166,-97.7,0.00,CLEAR|STRAIGHT,,999.00,0.00,0.0,1.0,4047
52.60,-28.874,-26.168,-97.7,0.02,CLEAR|STRAIGHT,,999.00,0.00,0.0,1.0,4047
52.65,-28.874,-26.168,-97.7,0.02,CLEAR|STRAIGHT,,999.00,0.00,0.0,1.0,4062
52.70,-28.874,-26.167,-97.7,-0.01,CLEAR|STRAIGHT,,999.00,0.00,0.0,1.0,4062
52.75,-28.874,-26.167,-97.7,-0.01,CLEAR|STRAIGHT,,999.00,0.00,0.0,1.0,4047
52.80,-28.874,-26.169,-97.7,0.02,CLEAR|STRAIGHT,,999.00,0.00,0.0,1.0,4062
52.85,-28.874,-26.169,-97.7,0.02,CLEAR|STRAIGHT,,999.00,0.00,0.0,1.0,4062
52.90,-28.873,-26.169,-97.7,-0.00,CLEAR|STRAIGHT,,999.00,0.00,0.0,1.0,4047
52.95,-28.873,-26.169,-97.7,-0.00,CLEAR|STRAIGHT,,999.00,0.00,0.0,1.0,4047
53.00,-28.875,-26.169,-97.7,-0.00,CLEAR|STRAIGHT,,999.00,0.00,0.0,1.0,4062
53.05,-28.875,-26.169,-97.7,-0.00,CLEAR|STRAIGHT,,999.00,0.00,0.0,1.0,4047
53.10,-28.873,-26.169,-97.7,0.00,CLEAR|STRAIGHT,,999.00,0.00,0.0,1.0,4047
53.15,-28.873,-26.169,-97.7,0.00,CLEAR|STRAIGHT,,999.00,0.00,0.0,1.0,4062
53.20,-28.874,-26.168,-97.7,-0.02,CLEAR|STRAIGHT,,999.00,0.00,0.0,0.9,4047
53.25,-28.874,-26.168,-97.7,-0.02,CLEAR|STRAIGHT,,999.00,0.00,0.0,1.0,4062
53.30,-28.874,-26.168,-97.7,-0.02,CLEAR|STRAIGHT,,999.00,0.00,0.0,1.0,4047
53.35,-28.875,-26.168,-97.7,0.00,CLEAR|STRAIGHT,,999.00,0.00,0.0,1.0,4062
53.40,-28.875,-26.170,-97.7,0.03,CLEAR|STRAIGHT,,999.00,0.00,0.0,1.0,4062
53.45,-28.875,-26.170,-97.7,0.03,CLEAR|STRAIGHT,,999.00,0.00,0.0,1.0,4062
53.50,-28.874,-26.170,-97.7,-0.01,CLEAR|STRAIGHT,,999.00,0.00,0.0,1.0,4062
53.55,-28.874,-26.170,-97.7,-0.01,CLEAR|STRAIGHT,,999.00,0.00,0.0,1.0,4004
53.60,-28.874,-26.168,-97.7,-0.01,CLEAR|STRAIGHT,,999.00,0.00,0.0,1.0,4047
53.65,-28.874,-26.168,-97.7,-0.01,CLEAR|STRAIGHT,,999.00,0.00,0.0,1.0,4047
53.70,-28.875,-26.170,-97.7,0.01,CLEAR|STRAIGHT,,999.00,0.00,0.0,1.0,4062
53.75,-28.875,-26.170,-97.7,0.01,CLEAR|STRAIGHT,,999.00,0.00,0.0,1.0,4062
53.80,-28.874,-26.167,-97.7,-0.03,CLEAR|STRAIGHT,,999.00,0.00,0.0,1.0,4077
53.85,-28.874,-26.167,-97.7,-0.03,CLEAR|STRAIGHT,,999.00,0.00,0.0,1.0,4062
53.90,-28.874,-26.167,-97.7,-0.00,CLEAR|STRAIGHT,,999.00,0.00,0.0,1.0,4062
53.95,-28.874,-26.167,-97.7,-0.00,CLEAR|STRAIGHT,,999.00,0.00,0.0,1.0,4062
54.00,-28.875,-26.168,-97.7,0.01,CLEAR|STRAIGHT,,999.00,0.00,0.0,0.9,4062
54.05,-28.875,-26.168,-97.7,0.01,CLEAR|STRAIGHT,,999.00,0.00,0.0,1.0,4062
54.10,-28.874,-26.169,-97.7,0.01,CLEAR|STRAIGHT,,999.00,0.00,0.0,1.0,4077
54.15,-28.874,-26.169,-97.7,0.01,CLEAR|STRAIGHT,,999.00,0.00,0.0,1.0,4062
54.20,-28.874,-26.168,-97.7,-0.01,CLEAR|STRAIGHT,,999.00,0.00,0.0,1.0,4047
54.25,-28.874,-26.168,-97.7,-0.01,CLEAR|STRAIGHT,,999.00,0.00,0.0,1.0,4062
54.30,-28.874,-26.168,-97.7,-0.01,CLEAR|STRAIGHT,,999.00,0.00,0.0,1.0,4062
54.35,-28.874,-26.169,-97.7,0.01,CLEAR|STRAIGHT,,999.00,0.00,0.0,1.0,4062
54.40,-28.874,-26.169,-97.7,0.01,CLEAR|STRAIGHT,,999.00,0.00,0.0,1.0,4062
54.45,-28.874,-26.169,-97.7,0.01,CLEAR|STRAIGHT,,999.00,0.00,0.0,1.0,4062
54.50,-28.875,-26.169,-97.7,-0.00,CLEAR|STRAIGHT,,999.00,0.00,0.0,1.0,4047
54.55,-28.875,-26.169,-97.7,-0.00,CLEAR|STRAIGHT,,999.00,0.00,0.0,1.0,4062
54.60,-28.875,-26.168,-97.7,-0.01,CLEAR|STRAIGHT,,999.00,0.00,0.0,1.0,4062
54.65,-28.875,-26.168,-97.7,-0.01,CLEAR|STRAIGHT,,999.00,0.00,0.0,1.0,4062
54.70,-28.875,-26.172,-97.7,0.05,CLEAR|STRAIGHT,,999.00,0.00,0.0,1.0,4062
54.75,-28.875,-26.172,-97.7,0.05,CLEAR|STRAIGHT,,999.00,0.00,0.0,0.9,4062
54.80,-28.875,-26.170,-97.7,-0.02,CLEAR|STRAIGHT,,999.00,0.00,0.0,1.0,4062
54.85,-28.875,-26.170,-97.7,-0.02,CLEAR|STRAIGHT,,999.00,0.00,0.0,1.0,4062
54.90,-28.876,-26.167,-97.7,-0.03,CLEAR|STRAIGHT,,999.00,0.00,0.0,1.0,4062
54.95,-28.876,-26.167,-97.7,-0.03,CLEAR|STRAIGHT,,999.00,0.00,0.0,1.0,4047
55.00,-28.876,-26.170,-97.7,0.04,CLEAR|STRAIGHT,,999.00,0.00,0.0,1.0,4047
55.05,-28.876,-26.170,-97.7,0.04,CLEAR|STRAIGHT,,999.00,0.00,0.0,1.0,4062
55.10,-28.875,-26.168,-97.7,-0.02,CLEAR|STRAIGHT,,999.00,0.00,0.0,0.9,4047
55.15,-28.875,-26.168,-97.7,-0.02,CLEAR|STRAIGHT,,999.00,0.00,0.0,1.0,4047
55.20,-28.876,-26.170,-97.6,0.02,CLEAR|STRAIGHT,,999.00,0.00,0.0,1.0,4062
55.25,-28.876,-26.170,-97.6,0.02,CLEAR|STRAIGHT,,999.00,0.00,0.0,1.0,4062
55.30,-28.876,-26.169,-97.7,-0.01,CLEAR|STRAIGHT,,999.00,0.00,0.0,1.0,4047
55.35,-28.876,-26.169,-97.7,-0.01,CLEAR|STRAIGHT,,999.00,0.00,0.0,1.0,4077
55.40,-28.876,-26.168,-97.7,-0.00,CLEAR|STRAIGHT,,999.00,0.00,0.0,1.0,4062
55.45,-28.876,-26.168,-97.7,-0.00,CLEAR|STRAIGHT,,999.00,0.00,0.0,1.0,4047
55.50,-28.877,-26.168,-97.7,0.00,CLEAR|STRAIGHT,,999.00,0.00,0.0,1.0,4062
55.55,-28.877,-26.168,-97.7,0.00,CLEAR|STRAIGHT,,999.00,0.00,0.0,1.0,4062
55.60,-28.877,-26.167,-97.7,-0.01,CLEAR|STRAIGHT,,999.00,0.00,0.0,1.0,4062
55.65,-28.877,-26.167,-97.7,-0.01,CLEAR|STRAIGHT,,999.00,0.00,0.0,1.0,4062
55.70,-28.877,-26.166,-97.7,-0.01,CLEAR|STRAIGHT,,999.00,0.00,0.0,1.0,4062
55.75,-28.877,-26.166,-97.7,-0.01,CLEAR|STRAIGHT,,999.00,0.00,0.0,0.9,4047
55.80,-28.875,-26.170,-97.7,0.03,CLEAR|STRAIGHT,,999.00,0.00,0.0,1.0,4047
55.85,-28.875,-26.170,-97.7,0.03,CLEAR|STRAIGHT,,999.00,0.00,0.0,1.0,4047
55.90,-28.877,-26.166,-97.6,-0.04,CLEAR|STRAIGHT,,999.00,0.00,0.0,1.0,4047
55.95,-28.877,-26.166,-97.6,-0.04,CLEAR|STRAIGHT,,999.00,0.00,0.0,1.0,4062
56.00,-28.876,-26.167,-97.6,0.01,CLEAR|STRAIGHT,,999.00,0.00,0.0,1.0,4062
56.05,-28.876,-26.167,-97.6,0.01,CLEAR|STRAIGHT,,999.00,0.00,0.0,1.0,4047
56.10,-28.877,-26.168,-97.6,0.01,CLEAR|STRAIGHT,,999.00,0.00,0.0,1.0,4062
56.15,-28.877,-26.168,-97.6,0.01,CLEAR|STRAIGHT,,999.00,0.00,0.0,0.9,4047
56.20,-28.879,-26.167,-97.7,-0.01,CLEAR|STRAIGHT,,999.00,0.00,0.0,0.9,4062
56.25,-28.879,-26.167,-97.7,-0.01,CLEAR|STRAIGHT,,999.00,0.00,0.0,1.0,4062
56.30,-28.879,-26.167,-97.7,-0.01,CLEAR|STRAIGHT,,999.00,0.00,0.0,1.0,4062
56.35,-28.875,-26.168,-97.7,0.01,CLEAR|STRAIGHT,,999.00,0.00,0.0,1.0,4062
56.40,-28.875,-26.168,-97.7,0.01,CLEAR|STRAIGHT,,999.00,0.00,0.0,1.0,4047
56.45,-28.875,-26.168,-97.7,0.01,CLEAR|STRAIGHT,,999.00,0.00,0.0,1.0,4062
56.50,-28.877,-26.165,-97.7,-0.02,CLEAR|STRAIGHT,,999.00,0.00,0.0,1.0,4062
56.55,-28.877,-26.165,-97.7,-0.02,CLEAR|STRAIGHT,,999.00,0.00,0.0,1.0,4047
56.60,-28.874,-26.171,-97.7,0.06,CLEAR|STRAIGHT,,999.00,0.00,0.0,1.0,4047
56.65,-28.874,-26.171,-97.7,0.06,CLEAR|STRAIGHT,,999.00,0.00,0.0,1.0,4047
56.70,-28.874,-26.171,-97.7,0.00,CLEAR|STRAIGHT,,999.00,0.00,0.0,1.0,4062
56.75,-28.874,-26.171,-97.7,0.00,CLEAR|STRAIGHT,,999.00,0.00,0.0,0.9,4062
56.80,-28.876,-26.170,-97.7,-0.00,CLEAR|STRAIGHT,,999.00,0.00,0.0,1.0,4047
56.85,-28.876,-26.170,-97.7,-0.00,CLEAR|STRAIGHT,,999.00,0.00,0.0,1.0,4062
56.90,-28.875,-26.167,-97.7,-0.03,CLEAR|STRAIGHT,,999.00,0.00,0.0,1.0,4033
56.95,-28.875,-26.167,-97.7,-0.03,CLEAR|STRAIGHT,,999.00,0.00,0.0,1.0,4062
57.00,-28.875,-26.171,-97.7,0.03,CLEAR|STRAIGHT,,999.00,0.00,0.0,1.0,4062
57.05,-28.875,-26.171,-97.7,0.03,CLEAR|STRAIGHT,,999.00,0.00,0.0,1.0,4062
57.10,-28.874,-26.169,-97.7,-0.02,CLEAR|STRAIGHT,,999.00,0.00,0.0,1.0,4062
57.15,-28.874,-26.169,-97.7,-0.02,CLEAR|STRAIGHT,,999.00,0.00,0.0,1.0,4062
57.20,-28.875,-26.168,-97.7,-0.01,CLEAR|STRAIGHT,,999.00,0.00,0.0,1.0,4047
57.25,-28.875,-26.168,-97.7,-0.01,CLEAR|STRAIGHT,,999.00,0.00,0.0,1.0,4047
57.30,-28.875,-26.168,-97.7,-0.01,CLEAR|STRAIGHT,,999.00,0.00,0.0,1.0,4062
57.35,-28.876,-26.169,-97.7,0.01,CLEAR|STRAIGHT,,999.00,0.00,0.0,0.9,4062
57.40,-28.876,-26.169,-97.7,0.01,CLEAR|STRAIGHT,,999.00,0.00,0.0,1.0,4062
57.45,-28.876,-26.169,-97.7,0.01,CLEAR|STRAIGHT,,999.00,0.00,0.0,1.0,4047
57.50,-28.875,-26.170,-97.7,0.01,CLEAR|STRAIGHT,,999.00,0.00,0.0,1.0,4047
57.55,-28.875,-26.170,-97.7,0.01,CLEAR|STRAIGHT,,999.00,0.00,0.0,1.0,4062
57.60,-28.876,-26.167,-97.7,-0.03,CLEAR|STRAIGHT,,999.00,0.00,0.0,1.0,4047
57.65,-28.876,-26.167,-97.7,-0.03,CLEAR|STRAIGHT,,999.00,0.00,0.0,1.0,4047
57.70,-28.875,-26.169,-97.7,0.02,CLEAR|STRAIGHT,,999.00,0.00,0.0,1.0,4062
57.75,-28.875,-26.169,-97.7,0.02,CLEAR|STRAIGHT,,999.00,0.00,0.0,1.0,4062
57.80,-28.874,-26.170,-97.7,0.00,CLEAR|STRAIGHT,,999.00,0.00,0.0,1.0,4047
57.85,-28.874,-26.170,-97.7,0.00,CLEAR|STRAIGHT,,999.00,0.00,0.0,1.0,4047
57.90,-28.876,-26.170,-97.7,0.01,CLEAR|STRAIGHT,,999.00,0.00,0.0,1.0,4062
57.95,-28.876,-26.170,-97.7,0.01,CLEAR|STRAIGHT,,999.00,0.00,0.0,1.0,4062
58.00,-28.875,-26.171,-97.7,0.00,CLEAR|STRAIGHT,,999.00,0.00,0.0,1.0,4077
58.05,-28.875,-26.171,-97.7,0.00,CLEAR|STRAIGHT,,999.00,0.00,0.0,1.0,4047
58.10,-28.876,-26.168,-97.7,-0.02,CLEAR|STRAIGHT,,999.00,0.00,0.0,1.0,4062
58.15,-28.876,-26.168,-97.7,-0.02,CLEAR|STRAIGHT,,999.00,0.00,0.0,1.0,4062
58.20,-28.878,-26.167,-97.7,-0.01,CLEAR|STRAIGHT,,999.00,0.00,0.0,1.0,4062
58.25,-28.878,-26.167,-97.7,-0.01,CLEAR|STRAIGHT,,999.00,0.00,0.0,1.0,4062
58.30,-28.878,-26.167,-97.7,-0.01,CLEAR|STRAIGHT,,999.00,0.00,0.0,1.0,4047
58.35,-28.876,-26.168,-97.7,0.00,CLEAR|STRAIGHT,,999.00,0.00,0.0,1.0,4047
58.40,-28.877,-26.168,-97.7,-0.00,CLEAR|STRAIGHT,,999.00,0.00,0.0,1.0,4062
58.45,-28.877,-26.168,-97.7,-0.00,CLEAR|STRAIGHT,,999.00,0.00,0.0,1.0,4062
58.50,-28.877,-26.168,-97.7,-0.00,CLEAR|STRAIGHT,,999.00,0.00,0.0,1.0,4062
58.55,-28.878,-26.167,-97.7,-0.00,CLEAR|STRAIGHT,,999.00,0.00,0.0,1.0,4047
58.60,-28.878,-26.167,-97.7,-0.00,CLEAR|STRAIGHT,,999.00,0.00,0.0,1.0,4062
58.65,-28.878,-26.167,-97.7,-0.00,CLEAR|STRAIGHT,,999.00,0.00,0.0,1.0,4077
58.70,-28.877,-26.168,-97.7,0.00,CLEAR|STRAIGHT,,999.00,0.00,0.0,1.0,4047
58.75,-28.877,-26.168,-97.7,0.00,CLEAR|STRAIGHT,,999.00,0.00,0.0,1.0,4062
58.80,-28.878,-26.167,-97.7,-0.01,CLEAR|STRAIGHT,,999.00,0.00,0.0,1.0,4062
58.85,-28.878,-26.167,-97.7,-0.01,CLEAR|STRAIGHT,,999.00,0.00,0.0,1.0,4062
58.90,-28.878,-26.167,-97.7,0.01,CLEAR|STRAIGHT,,999.00,0.00,0.0,1.0,4062
58.95,-28.878,-26.167,-97.7,0.01,CLEAR|STRAIGHT,,999.00,0.00,0.0,1.0,4062
59.00,-28.877,-26.167,-97.7,-0.01,CLEAR|STRAIGHT,,999.00,0.00,0.0,1.0,4062
59.05,-28.877,-26.167,-97.7,-0.01,CLEAR|STRAIGHT,,999.00,0.00,0.0,1.0,4062
59.10,-28.877,-26.170,-97.6,0.03,CLEAR|STRAIGHT,,999.00,0.00,0.0,1.0,4047
59.15,-28.877,-26.170,-97.6,0.03,CLEAR|STRAIGHT,,999.00,0.00,0.0,1.0,4062
59.20,-28.877,-26.168,-97.7,-0.02,CLEAR|STRAIGHT,,999.00,0.00,0.0,1.0,4047
59.25,-28.877,-26.168,-97.7,-0.02,CLEAR|STRAIGHT,,999.00,0.00,0.0,1.0,4047
59.30,-28.877,-26.168,-97.7,-0.02,CLEAR|STRAIGHT,,999.00,0.00,0.0,1.0,4062
59.35,-28.880,-26.167,-97.7,-0.01,CLEAR|STRAIGHT,,999.00,0.00,0.0,0.9,4047
59.40,-28.878,-26.168,-97.7,0.01,CLEAR|STRAIGHT,,999.00,0.00,0.0,1.0,4047
59.45,-28.878,-26.168,-97.7,0.01,CLEAR|STRAIGHT,,999.00,0.00,0.0,1.0,4047
59.50,-28.876,-26.167,-97.6,-0.01,CLEAR|STRAIGHT,,999.00,0.00,0.0,1.0,4062
59.55,-28.876,-26.167,-97.6,-0.01,CLEAR|STRAIGHT,,999.00,0.00,0.0,1.0,4047
59.60,-28.879,-26.168,-97.6,0.01,CLEAR|STRAIGHT,,999.00,0.00,0.0,1.0,4047
59.65,-28.879,-26.168,-97.6,0.01,CLEAR|STRAIGHT,,999.00,0.00,0.0,1.0,4047
59.70,-28.879,-26.169,-97.6,0.01,CLEAR|STRAIGHT,,999.00,0.00,0.0,1.0,4047
59.75,-28.879,-26.169,-97.6,0.01,CLEAR|STRAIGHT,,999.00,0.00,0.0,1.0,4062
59.80,-28.879,-26.168,-97.6,-0.01,CLEAR|STRAIGHT,,999.00,0.00,0.0,1.0,4062
59.85,-28.879,-26.168,-97.7,-0.01,CLEAR|STRAIGHT,,999.00,0.00,0.0,1.0,4047
59.90,-28.880,-26.167,-97.6,-0.01,CLEAR|STRAIGHT,,999.00,0.00,0.0,1.0,4047
59.95,-28.880,-26.167,-97.7,-0.01,CLEAR|STRAIGHT,,999.00,0.00,0.0,1.0,4047
60.00,-28.881,-26.168,-97.7,0.02,CLEAR|STRAIGHT,,999.00,0.00,0.0,1.0,4047
60.05,-28.881,-26.168,-97.7,0.02,CLEAR|STRAIGHT,,999.00,0.00,0.0,1.0,4047
60.10,-28.879,-26.169,-97.7,0.01,CLEAR|STRAIGHT,,999.00,0.00,0.0,0.9,4047
60.15,-28.879,-26.169,-97.6,0.01,CLEAR|STRAIGHT,,999.00,0.00,0.0,1.0,4062
60.20,-28.878,-26.167,-97.6,-0.02,CLEAR|STRAIGHT,,999.00,0.00,0.0,1.0,4062
60.25,-28.878,-26.167,-97.6,-0.02,CLEAR|STRAIGHT,,999.00,0.00,0.0,1.0,4062
60.30,-28.878,-26.167,-97.6,-0.02,CLEAR|STRAIGHT,,999.00,0.00,0.0,0.9,4062
60.35,-28.879,-26.170,-97.6,0.02,CLEAR|STRAIGHT,,999.00,0.00,0.0,0.9,4062
60.40,-28.879,-26.170,-97.6,0.02,CLEAR|STRAIGHT,,999.00,0.00,0.0,1.0,4062
60.45,-28.879,-26.170,-97.6,0.02,CLEAR|STRAIGHT,,999.00,0.00,0.0,1.0,4062
60.50,-28.879,-26.167,-97.6,-0.01,CLEAR|STRAIGHT,,999.00,0.00,0.0,1.0,4062
60.55,-28.879,-26.167,-97.6,-0.01,CLEAR|STRAIGHT,,999.00,0.00,0.0,1.0,4047
60.60,-28.878,-26.168,-97.6,0.01,CLEAR|STRAIGHT,,999.00,0.00,0.0,1.0,4047
60.65,-28.878,-26.168,-97.6,0.01,CLEAR|STRAIGHT,,999.00,0.00,0.0,1.0,4047
60.70,-28.877,-26.168,-97.6,-0.01,CLEAR|STRAIGHT,,999.00,0.00,0.0,0.9,4062
60.75,-28.877,-26.168,-97.6,-0.01,CLEAR|STRAIGHT,,999.00,0.00,0.0,1.0,4062
60.80,-28.877,-26.168,-97.6,-0.00,CLEAR|STRAIGHT,,999.00,0.00,0.0,1.0,4062
60.85,-28.877,-26.168,-97.6,-0.00,CLEAR|STRAIGHT,,999.00,0.00,0.0,1.0,4062
60.90,-28.879,-26.166,-97.6,-0.01,CLEAR|STRAIGHT,,999.00,0.00,0.0,1.0,4062
60.95,-28.879,-26.166,-97.6,-0.01,CLEAR|STRAIGHT,,999.00,0.00,0.0,1.0,4047
61.00,-28.878,-26.170,-97.6,0.03,CLEAR|STRAIGHT,,999.00,0.00,0.0,1.0,4047
61.05,-28.878,-26.170,-97.6,0.03,CLEAR|STRAIGHT,,999.00,0.00,0.0,0.9,4047
61.10,-28.877,-26.169,-97.6,-0.01,CLEAR|STRAIGHT,,999.00,0.00,0.0,1.0,4062
61.15,-28.877,-26.169,-97.6,-0.01,CLEAR|STRAIGHT,,999.00,0.00,0.0,1.0,4062
61.20,-28.877,-26.166,-97.6,-0.03,CLEAR|STRAIGHT,,999.00,0.00,0.0,1.0,4047
61.25,-28.877,-26.166,-97.6,-0.03,CLEAR|STRAIGHT,,999.00,0.00,0.0,1.0,4047
61.30,-28.878,-26.169,-97.6,0.03,CLEAR|STRAIGHT,,999.00,0.00,0.0,1.0,4077
61.35,-28.878,-26.169,-97.6,0.03,CLEAR|STRAIGHT,,999.00,0.00,0.0,1.0,4062
61.40,-28.877,-26.169,-97.6,-0.00,CLEAR|STRAIGHT,,999.00,0.00,0.0,0.9,4062
61.45,-28.877,-26.169,-97.6,-0.00,CLEAR|STRAIGHT,,999.00,0.00,0.0,1.0,4047
61.50,-28.878,-26.167,-97.6,-0.01,CLEAR|STRAIGHT,,999.00,0.00,0.0,1.0,4062
61.55,-28.878,-26.167,-97.6,-0.01,CLEAR|STRAIGHT,,999.00,0.00,0.0,1.0,4047
61.60,-28.880,-26.166,-97.6,-0.01,CLEAR|STRAIGHT,,999.00,0.00,0.0,1.0,4062
61.65,-28.880,-26.166,-97.6,-0.01,CLEAR|STRAIGHT,,999.00,0.00,0.0,1.0,4047
61.70,-28.877,-26.169,-97.6,0.02,CLEAR|STRAIGHT,,999.00,0.00,0.0,1.0,4047
61.75,-28.877,-26.169,-97.6,0.02,CLEAR|STRAIGHT,,999.00,0.00,0.0,1.0,4047
61.80,-28.879,-26.166,-97.6,-0.02,CLEAR|STRAIGHT,,999.00,0.00,0.0,1.0,4062
61.85,-28.879,-26.166,-97.6,-0.02,CLEAR|STRAIGHT,,999.00,0.00,0.0,1.0,4062
61.90,-28.879,-26.167,-97.6,0.01,CLEAR|STRAIGHT,,999.00,0.00,0.0,1.0,4062
61.95,-28.879,-26.167,-97.6,0.01,CLEAR|STRAIGHT,,999.00,0.00,0.0,1.0,4062
62.00,-28.879,-26.166,-97.6,-0.01,CLEAR|STRAIGHT,,999.00,0.00,0.0,1.0,4047
62.05,-28.879,-26.166,-97.6,-0.01,CLEAR|STRAIGHT,,999.00,0.00,0.0,1.0,4062
62.10,-28.879,-26.165,-97.6,-0.01,CLEAR|STRAIGHT,,999.00,0.00,0.0,1.0,4062
62.15,-28.879,-26.165,-97.6,-0.01,CLEAR|STRAIGHT,,999.00,0.00,0.0,1.0,4047
62.20,-28.879,-26.165,-97.6,-0.00,CLEAR|STRAIGHT,,999.00,0.00,0.0,1.0,4062
62.25,-28.879,-26.165,-97.6,-0.00,CLEAR|STRAIGHT,,999.00,0.00,0.0,1.0,4062
62.30,-28.879,-26.165,-97.6,-0.00,CLEAR|STRAIGHT,,999.00,0.00,0.0,1.0,4062
62.35,-28.878,-26.166,-97.6,0.01,CLEAR|STRAIGHT,,999.00,0.00,0.0,1.0,4062
62.40,-28.878,-26.166,-97.6,0.01,CLEAR|STRAIGHT,,999.00,0.00,0.0,0.9,4062
62.45,-28.878,-26.166,-97.6,0.01,CLEAR|STRAIGHT,,999.00,0.00,0.0,1.0,4047
62.50,-28.879,-26.163,-97.6,-0.02,CLEAR|STRAIGHT,,999.00,0.00,0.0,1.0,4062
62.55,-28.879,-26.163,-97.6,-0.02,CLEAR|STRAIGHT,,999.00,0.00,0.0,1.0,4062
62.60,-28.878,-26.164,-97.6,0.01,CLEAR|STRAIGHT,,999.00,0.00,0.0,1.0,4062
62.65,-28.878,-26.164,-97.6,0.01,CLEAR|STRAIGHT,,999.00,0.00,0.0,1.0,4047
62.70,-28.879,-26.165,-97.6,0.01,CLEAR|STRAIGHT,,999.00,0.00,0.0,0.9,4047
62.75,-28.879,-26.165,-97.6,0.01,CLEAR|STRAIGHT,,999.00,0.00,0.0,1.0,4047
62.80,-28.879,-26.164,-97.6,-0.01,CLEAR|STRAIGHT,,999.00,0.00,0.0,1.0,4062
62.85,-28.879,-26.164,-97.6,-0.01,CLEAR|STRAIGHT,,999.00,0.00,0.0,1.0,4062
62.90,-28.880,-26.162,-97.6,-0.01,CLEAR|STRAIGHT,,999.00,0.00,0.0,1.0,4062
62.95,-28.880,-26.162,-97.6,-0.01,CLEAR|STRAIGHT,,999.00,0.00,0.0,1.0,4047
63.00,-28.880,-26.162,-97.6,-0.00,CLEAR|STRAIGHT,,999.00,0.00,0.0,1.0,4047
63.05,-28.880,-26.162,-97.6,-0.00,CLEAR|STRAIGHT,,999.00,0.00,0.0,1.0,4047
63.10,-28.881,-26.164,-97.6,0.02,CLEAR|STRAIGHT,,999.00,0.00,0.0,1.0,4047
63.15,-28.881,-26.164,-97.6,0.02,CLEAR|STRAIGHT,,999.00,0.00,0.0,1.0,4062
63.20,-28.879,-26.163,-97.6,-0.01,CLEAR|STRAIGHT,,999.00,0.00,0.0,1.0,4047
63.25,-28.879,-26.163,-97.6,-0.01,CLEAR|STRAIGHT,,999.00,0.00,0.0,1.0,4047
63.30,-28.879,-26.163,-97.6,-0.01,CLEAR|STRAIGHT,,999.00,0.00,0.0,1.0,4062
63.35,-28.880,-26.163,-97.6,-0.00,CLEAR|STRAIGHT,,999.00,0.00,0.0,1.0,4047
63.40,-28.880,-26.163,-97.6,0.01,CLEAR|STRAIGHT,,999.00,0.00,0.0,1.0,4047
63.45,-28.880,-26.163,-97.6,0.01,CLEAR|STRAIGHT,,999.00,0.00,0.0,1.0,4047
63.50,-28.881,-26.163,-97.6,-0.00,CLEAR|STRAIGHT,,999.00,0.00,0.0,1.0,4077
63.55,-28.881,-26.163,-97.6,-0.00,CLEAR|STRAIGHT,,999.00,0.50,0.0,1.0,4062
63.60,-28.880,-26.161,-97.6,-0.02,CLEAR|STRAIGHT,,999.00,0.50,0.0,1.0,4062
63.65,-28.880,-26.161,-97.6,-0.02,CLEAR|STRAIGHT,,999.00,0.50,0.0,1.0,4062
63.70,-28.878,-26.164,-97.6,0.03,CLEAR|STRAIGHT,,999.00,0.50,0.0,1.0,4062
63.75,-28.878,-26.164,-97.6,0.03,CLEAR|STRAIGHT,,999.00,0.50,-0.0,1.0,4047
63.80,-28.880,-26.162,-97.6,-0.02,CLEAR|STRAIGHT,,999.00,0.50,-0.0,1.0,4062
63.85,-28.880,-26.162,-97.6,-0.02,CLEAR|STRAIGHT,,999.00,0.50,-0.0,1.0,4047
63.90,-28.880,-26.164,-97.6,0.01,CLEAR|STRAIGHT,,999.00,0.50,-0.0,1.0,4062
63.95,-28.880,-26.164,-97.6,0.01,CLEAR|STRAIGHT,,999.00,0.50,-0.1,1.0,4047
64.00,-28.877,-26.159,-97.5,-0.05,CLEAR|STRAIGHT,,999.00,0.50,-0.1,1.0,4062
64.05,-28.877,-26.159,-97.5,-0.05,CLEAR|STRAIGHT,,999.00,0.50,-0.1,1.0,4062
64.10,-28.869,-26.157,-97.5,-0.03,CLEAR|STRAIGHT,,999.00,0.50,-0.1,1.0,4047
64.15,-28.869,-26.157,-97.5,-0.03,CLEAR|STRAIGHT,,999.00,0.50,-0.2,1.0,4047
64.20,-28.858,-26.148,-97.4,-0.10,CLEAR|STRAIGHT,,999.00,0.50,-0.2,1.0,4062
64.25,-28.858,-26.148,-97.4,-0.10,CLEAR|STRAIGHT,,999.00,0.50,-0.3,0.9,4047
64.30,-28.837,-26.133,-97.4,-0.17,CLEAR|STRAIGHT,,999.00,0.50,-0.3,1.0,4077
64.35,-28.837,-26.133,-97.4,-0.17,CLEAR|STRAIGHT,,999.00,0.50,-0.4,1.0,4047
64.40,-28.812,-26.115,-97.3,-0.22,CLEAR|STRAIGHT,,999.00,0.50,-0.4,1.0,4047
64.45,-28.812,-26.115,-97.2,-0.22,CLEAR|STRAIGHT,,999.00,0.50,-0.5,1.0,4047
64.50,-28.775,-26.096,-97.2,-0.23,CLEAR|STRAIGHT,,999.00,0.50,-0.5,0.8,4047
64.55,-28.775,-26.096,-97.1,-0.23,CLEAR|STRAIGHT,,999.00,0.50,-0.6,0.8,4092
64.60,-28.736,-26.077,-97.1,-0.23,CLEAR|STRAIGHT,,999.00,0.50,-0.6,0.8,4077
64.65,-28.736,-26.077,-97.0,-0.23,CLEAR|STRAIGHT,,999.00,0.50,-0.8,0.8,4092
64.70,-28.693,-26.044,-97.0,-0.42,CLEAR|STRAIGHT,,999.00,0.50,-0.8,0.7,4092
64.75,-28.693,-26.044,-97.0,-0.42,CLEAR|STRAIGHT,,999.00,0.50,-1.0,0.8,4092
64.80,-28.633,-26.017,-97.0,-0.31,CLEAR|STRAIGHT,,999.00,0.50,-1.0,0.8,4092
64.85,-28.633,-26.017,-97.0,-0.31,CLEAR|STRAIGHT,,999.00,0.50,-0.9,0.8,4092
64.90,-28.570,-25.981,-97.0,-0.44,CLEAR|STRAIGHT,,999.00,0.50,-0.9,0.8,4092
64.95,-28.570,-25.981,-97.0,-0.44,CLEAR|STRAIGHT,,999.00,0.50,-1.0,0.8,4092
65.00,-28.504,-25.951,-97.0,-0.42,CLEAR|STRAIGHT,,999.00,0.50,-1.0,0.7,4106
65.05,-28.504,-25.951,-97.0,-0.42,CLEAR|STRAIGHT,,999.00,0.50,-1.0,0.7,4106
65.10,-28.452,-25.915,-97.0,-0.38,CLEAR|STRAIGHT,,999.00,0.50,-1.0,0.6,4121
65.15,-28.452,-25.915,-97.0,-0.38,CLEAR|STRAIGHT,,999.00,0.50,-1.0,0.7,4106
65.20,-28.414,-25.890,-96.9,-0.32,CLEAR|STRAIGHT,,999.00,0.50,-1.0,0.6,4106
65.25,-28.414,-25.890,-96.9,-0.32,CLEAR|STRAIGHT,,999.00,0.50,-1.1,0.7,4106
65.30,-28.414,-25.890,-97.0,-0.32,CLEAR|STRAIGHT,,999.00,0.50,-1.1,0.7,4121
65.35,-28.362,-25.862,-97.0,-0.29,CLEAR|STRAIGHT,,999.00,0.50,-1.0,0.6,4106
65.40,-28.312,-25.833,-96.9,-0.42,CLEAR|STRAIGHT,,999.00,0.50,-1.0,0.7,4106
65.45,-28.312,-25.833,-96.9,-0.42,CLEAR|STRAIGHT,,999.00,0.50,-1.0,0.6,4121
65.50,-28.271,-25.812,-97.0,-0.24,CLEAR|STRAIGHT,,999.00,0.50,-1.0,0.8,4106
65.55,-28.271,-25.812,-97.0,-0.24,CLEAR|STRAIGHT,,999.00,0.50,-1.0,0.7,4106
65.60,-28.222,-25.785,-97.0,-0.33,CLEAR|STRAIGHT,,999.00,0.50,-1.0,0.7,4106
65.65,-28.222,-25.785,-96.9,-0.33,CLEAR|STRAIGHT,,999.00,0.50,-1.0,0.6,4121
65.70,-28.166,-25.752,-97.0,-0.40,CLEAR|STRAIGHT,,999.00,0.50,-1.0,0.7,4106
65.75,-28.166,-25.752,-97.0,-0.40,CLEAR|STRAIGHT,,999.00,0.50,-1.0,0.6,4121
65.80,-28.117,-25.717,-97.0,-0.41,CLEAR|STRAIGHT,,999.00,0.50,-1.0,0.7,4106
65.85,-28.117,-25.717,-96.9,-0.41,CLEAR|STRAIGHT,,999.00,0.50,-1.0,0.7,4106
65.90,-28.054,-25.684,-96.9,-0.41,CLEAR|STRAIGHT,,999.00,0.50,-1.0,0.7,4106
65.95,-28.054,-25.684,-97.0,-0.41,CLEAR|STRAIGHT,,999.00,0.50,-1.1,0.7,4106
66.00,-27.997,-25.651,-96.9,-0.39,CLEAR|STRAIGHT,,999.00,0.50,-1.1,0.6,4092
66.05,-27.997,-25.651,-96.9,-0.39,CLEAR|STRAIGHT,,999.00,0.50,-1.0,0.7,4106
66.10,-27.936,-25.613,-96.9,-0.50,CLEAR|STRAIGHT,,999.00,0.50,-1.0,0.7,4106
66.15,-27.936,-25.613,-97.0,-0.50,CLEAR|STRAIGHT,,999.00,0.50,-1.1,0.7,4106
66.20,-27.871,-25.580,-97.0,-0.37,CLEAR|STRAIGHT,,999.00,0.50,-1.1,0.7,4106
66.25,-27.871,-25.580,-96.9,-0.37,CLEAR|STRAIGHT,,999.00,0.50,-1.0,0.7,4106
66.30,-27.871,-25.580,-97.0,-0.37,CLEAR|STRAIGHT,,999.00,0.50,-1.0,0.7,4092
66.35,-27.805,-25.543,-97.0,-0.34,CLEAR|STRAIGHT,,999.00,0.50,-1.0,0.7,4092
66.40,-27.805,-25.543,-96.9,-0.34,CLEAR|STRAIGHT,,999.00,0.50,-1.0,0.6,4106
66.45,-27.805,-25.543,-96.9,-0.34,CLEAR|STRAIGHT,,999.00,0.50,-1.1,0.6,4106
66.50,-27.805,-25.543,-96.9,-0.34,CLEAR|STRAIGHT,,999.00,0.50,-1.1,0.7,4106
66.55,-27.666,-25.463,-96.9,-0.53,CLEAR|STRAIGHT,,999.00,0.50,-1.0,0.7,4106
66.60,-27.666,-25.463,-96.9,-0.53,CLEAR|STRAIGHT,,999.00,0.50,-1.0,0.7,4106
66.65,-27.666,-25.463,-96.9,-0.53,CLEAR|STRAIGHT,,999.00,0.50,-1.1,0.6,4106
66.70,-27.666,-25.463,-96.9,-0.53,CLEAR|STRAIGHT,,999.00,0.50,-1.1,0.7,4121
66.75,-27.523,-25.380,-97.0,-0.50,CLEAR|STRAIGHT,,999.00,0.50,-1.1,0.6,4106
66.80,-27.523,-25.380,-96.9,-0.50,CLEAR|STRAIGHT,,999.00,0.50,-1.1,0.6,4106
66.85,-27.523,-25.380,-96.9,-0.50,CLEAR|STRAIGHT,,999.00,0.50,-1.1,0.7,4106
66.90,-27.379,-25.293,-96.9,-0.54,CLEAR|STRAIGHT,,999.00,0.50,-1.1,0.7,4106
66.95,-27.379,-25.293,-96.8,-0.54,CLEAR|STRAIGHT,,999.00,0.50,-1.1,0.7,4106
67.00,-27.305,-25.246,-96.9,-0.56,CLEAR|STRAIGHT,,999.00,0.50,-1.1,0.7,4121
67.05,-27.305,-25.246,-96.9,-0.56,CLEAR|STRAIGHT,,999.00,0.50,-1.2,0.6,4121
67.10,-27.226,-25.205,-96.9,-0.51,CLEAR|STRAIGHT,,999.00,0.50,-1.2,0.6,4106
67.15,-27.226,-25.205,-96.9,-0.51,CLEAR|STRAIGHT,,999.00,0.50,-1.2,0.7,4106
67.20,-27.140,-25.162,-96.9,-0.53,CLEAR|STRAIGHT,,999.00,0.50,-1.2,0.7,4106
67.25,-27.140,-25.162,-96.8,-0.53,CLEAR|STRAIGHT,,999.00,0.50,-1.2,0.6,4121
67.30,-27.140,-25.162,-96.9,-0.53,CLEAR|STRAIGHT,,999.00,0.50,-1.2,1.7,4106
67.35,-27.061,-25.111,-96.9,-0.46,CLEAR|STRAIGHT,,999.00,0.50,-1.2,0.6,4106
67.40,-27.061,-25.111,-96.8,-0.46,CLEAR|STRAIGHT,,999.00,0.50,-1.2,0.7,4106
67.45,-27.061,-25.111,-96.9,-0.46,CLEAR|STRAIGHT,,999.00,0.50,-1.2,0.6,4106
67.50,-27.061,-25.111,-96.9,-0.46,CLEAR|STRAIGHT,,999.00,0.50,-1.2,0.6,4121
67.55,-26.890,-25.014,-97.0,-0.65,CLEAR|STRAIGHT,,999.00,0.50,-1.1,0.6,4121
67.60,-26.890,-25.014,-96.9,-0.65,CLEAR|STRAIGHT,,999.00,0.50,-1.1,0.6,4106
67.65,-26.890,-25.014,-97.0,-0.65,CLEAR|STRAIGHT,,999.00,0.50,-1.0,0.7,4106
67.70,-26.712,-24.914,-97.0,-0.64,CLEAR|STRAIGHT,,999.00,0.50,-1.0,0.7,4106
67.75,-26.712,-24.914,-96.9,-0.64,CLEAR|STRAIGHT,,999.00,0.50,-1.0,0.6,4121
67.80,-26.624,-24.864,-96.9,-0.60,CLEAR|STRAIGHT,,999.00,0.50,-1.0,0.7,4121
67.85,-26.624,-24.864,-96.9,-0.60,CLEAR|STRAIGHT,,999.00,0.50,-1.1,0.6,4121
67.90,-26.536,-24.807,-96.8,-0.75,CLEAR|STRAIGHT,,999.00,0.50,-1.1,0.6,4106
67.95,-26.536,-24.807,-96.8,-0.75,CLEAR|STRAIGHT,,999.00,0.50,-1.2,0.7,4106
68.00,-26.439,-24.762,-96.8,-0.50,CLEAR|STRAIGHT,,999.00,0.50,-1.2,0.6,4121
68.05,-26.439,-24.762,-96.8,-0.50,CLEAR|STRAIGHT,,999.00,0.50,-1.2,0.7,4092
68.10,-26.356,-24.708,-96.8,-0.63,CLEAR|STRAIGHT,,999.00,0.50,-1.2,0.6,4121
68.15,-26.356,-24.708,-96.8,-0.63,CLEAR|STRAIGHT,,999.00,0.50,-1.2,0.6,4121
68.20,-26.264,-24.652,-96.9,-0.66,CLEAR|STRAIGHT,,999.00,0.50,-1.2,0.6,4121
68.25,-26.264,-24.652,-96.9,-0.66,CLEAR|STRAIGHT,,999.00,0.50,-1.2,0.7,4106
68.30,-26.264,-24.652,-96.9,-0.66,CLEAR|STRAIGHT,,999.00,0.50,-1.2,0.6,4121
68.35,-26.167,-24.595,-97.0,-0.49,CLEAR|STRAIGHT,,999.00,0.50,-1.1,0.5,4121
68.40,-26.167,-24.595,-97.1,-0.49,CLEAR|STRAIGHT,,999.00,0.50,-1.1,0.5,4137
68.45,-26.167,-24.595,-97.1,-0.49,CLEAR|STRAIGHT,,999.00,0.50,-0.9,0.5,4121
68.50,-25.965,-24.481,-97.1,-0.87,CLEAR|STRAIGHT,,999.00,0.50,-0.9,0.6,4121
68.55,-25.965,-24.481,-97.2,-0.87,CLEAR|STRAIGHT,,999.00,0.50,-0.7,0.6,4121
68.60,-25.965,-24.481,-97.3,-0.87,CLEAR|STRAIGHT,,999.00,0.50,-0.7,0.5,4137
68.65,-25.871,-24.421,-97.4,-0.65,CLEAR|STRAIGHT,,999.00,0.50,-0.4,0.5,4121
68.70,-25.763,-24.368,-97.3,-0.74,CLEAR|STRAIGHT,,999.00,0.50,-0.4,0.5,4137
68.75,-25.763,-24.368,-97.3,-0.74,CLEAR|STRAIGHT,,999.00,0.50,-0.5,0.5,4121
68.80,-25.657,-24.307,-97.4,-0.83,CLEAR|STRAIGHT,,999.00,0.50,-0.5,0.5,4137
68.85,-25.657,-24.307,-97.4,-0.83,CLEAR|STRAIGHT,,999.00,0.50,-0.3,0.5,4137
68.90,-25.555,-24.248,-97.3,-0.72,CLEAR|STRAIGHT,,999.00,0.50,-0.3,0.5,4121
68.95,-25.555,-24.248,-97.3,-0.72,CLEAR|STRAIGHT,,999.00,0.50,-0.5,0.5,4121
69.00,-25.459,-24.188,-97.3,-0.71,CLEAR|STRAIGHT,,999.00,0.50,-0.5,0.5,4137
69.05,-25.459,-24.188,-97.4,-0.71,CLEAR|STRAIGHT,,999.00,0.50,-0.5,0.5,4121
69.10,-25.347,-24.136,-97.4,-0.66,CLEAR|STRAIGHT,,999.00,0.50,-0.5,0.5,4121
69.15,-25.347,-24.136,-97.4,-0.66,CLEAR|STRAIGHT,,999.00,0.50,-0.3,0.5,4137
69.20,-25.246,-24.074,-97.4,-0.67,CLEAR|STRAIGHT,,999.00,0.50,-0.3,0.6,4137
69.25,-25.246,-24.074,-97.4,-0.67,CLEAR|STRAIGHT,,999.00,0.50,-0.5,0.5,4121
69.30,-25.246,-24.074,-97.5,-0.67,CLEAR|STRAIGHT,,999.00,0.50,-0.5,0.5,4121
69.35,-25.141,-24.012,-97.4,-0.69,CLEAR|STRAIGHT,,999.00,0.50,-0.3,0.5,4137
69.40,-25.027,-23.955,-97.4,-0.80,CLEAR|STRAIGHT,,999.00,0.50,-0.3,0.5,4137
69.45,-25.027,-23.955,-97.4,-0.80,CLEAR|STRAIGHT,,999.00,0.50,-0.4,0.6,4137
69.50,-25.027,-23.955,-97.4,-0.80,CLEAR|STRAIGHT,,999.00,0.50,-0.4,0.5,4121
69.55,-24.916,-23.895,-97.4,-0.67,CLEAR|STRAIGHT,,999.00,0.50,-0.3,0.6,4121
69.60,-24.916,-23.895,-97.4,-0.67,CLEAR|STRAIGHT,,999.00,0.50,-0.3,0.5,4137
69.65,-24.805,-23.829,-97.5,-0.80,CLEAR|STRAIGHT,,999.00,0.50,-0.3,0.5,4121
69.70,-24.692,-23.767,-97.5,-0.95,CLEAR|STRAIGHT,,999.00,0.50,-0.3,0.6,4137
69.75,-24.692,-23.767,-97.5,-0.95,CLEAR|STRAIGHT,,999.00,0.50,-0.3,0.6,4121
69.80,-24.576,-23.704,-97.5,-0.71,CLEAR|STRAIGHT,,999.00,0.50,-0.3,0.6,4121
69.85,-24.576,-23.704,-97.5,-0.71,CLEAR|STRAIGHT,,999.00,0.50,-0.2,0.6,4137
69.90,-24.462,-23.644,-97.6,-0.74,CLEAR|STRAIGHT,,999.00,0.50,-0.2,0.5,4137
69.95,-24.462,-23.644,-97.6,-0.74,CLEAR|STRAIGHT,,999.00,0.50,-0.1,0.5,4121
70.00,-24.346,-23.583,-97.6,-0.76,CLEAR|STRAIGHT,,999.00,0.50,-0.1,0.6,4137
70.05,-24.346,-23.583,-97.5,-0.76,CLEAR|STRAIGHT,,999.00,0.50,-0.1,0.5,4137
70.10,-24.230,-23.520,-97.5,-0.77,CLEAR|STRAIGHT,,999.00,0.50,-0.1,0.5,4137
70.15,-24.230,-23.520,-97.6,-0.77,CLEAR|STRAIGHT,,999.00,0.50,-0.2,0.6,4121
70.20,-24.110,-23.459,-97.5,-0.77,CLEAR|STRAIGHT,,999.00,0.50,-0.2,0.6,4121
70.25,-24.110,-23.459,-97.5,-0.77,CLEAR|STRAIGHT,,999.00,0.50,-0.1,0.5,4121
70.30,-24.110,-23.459,-97.5,-0.77,CLEAR|STRAIGHT,,999.00,0.50,-0.1,0.6,4137
70.35,-23.992,-23.397,-97.5,-0.59,CLEAR|STRAIGHT,,999.00,0.50,-0.1,0.6,4121
70.40,-23.992,-23.397,-97.6,-0.59,CLEAR|STRAIGHT,,999.00,0.50,-0.1,0.6,4121
70.45,-23.992,-23.397,-97.6,-0.59,CLEAR|STRAIGHT,,999.00,0.50,-0.1,0.5,4137
70.50,-23.992,-23.397,-97.6,-0.59,CLEAR|STRAIGHT,,999.00,0.50,-0.1,0.5,4121
70.55,-23.756,-23.268,-97.6,-0.88,CLEAR|STRAIGHT,,999.00,0.50,-0.1,0.5,4137
70.60,-23.756,-23.268,-97.7,-0.88,CLEAR|STRAIGHT,,999.00,0.50,-0.1,0.5,4137
70.65,-23.641,-23.199,-97.6,-0.83,CLEAR|STRAIGHT,,999.00,0.50,0.0,0.5,4121
70.70,-23.641,-23.199,-97.6,-0.83,CLEAR|STRAIGHT,,999.00,0.50,0.0,0.5,4137
70.75,-23.641,-23.199,-97.6,-0.83,CLEAR|STRAIGHT,,999.00,0.50,-0.1,0.5,4137
70.80,-23.641,-23.199,-97.6,-0.83,CLEAR|STRAIGHT,,999.00,0.50,-0.1,0.5,4121
70.85,-23.394,-23.068,-97.6,-0.82,CLEAR|STRAIGHT,,999.00,0.50,-0.0,0.5,4137
70.90,-23.274,-23.005,-97.6,-0.88,CLEAR|STRAIGHT,,999.00,0.50,-0.0,0.5,4121
70.95,-23.274,-23.005,-97.6,-0.88,CLEAR|STRAIGHT,,999.00,0.50,-0.0,0.5,4121
71.00,-23.154,-22.942,-97.7,-0.78,CLEAR|STRAIGHT,,999.00,0.50,-0.0,0.6,4121
71.05,-23.154,-22.942,-97.8,-0.78,CLEAR|STRAIGHT,,999.00,0.50,0.1,0.6,4137
71.10,-23.029,-22.874,-97.9,-0.85,CLEAR|STRAIGHT,,999.00,0.50,0.1,0.5,4137
71.15,-23.029,-22.874,-97.9,-0.85,CLEAR|STRAIGHT,,999.00,0.50,0.3,0.5,4121
71.20,-22.910,-22.801,-97.9,-0.89,CLEAR|STRAIGHT,,999.00,0.50,0.3,0.5,4137
71.25,-22.910,-22.801,-97.9,-0.89,CLEAR|STRAIGHT,,999.00,0.50,0.4,0.5,4137
71.30,-22.910,-22.801,-97.9,-0.89,CLEAR|STRAIGHT,,999.00,0.50,0.4,0.5,4121
71.35,-22.792,-22.733,-97.9,-0.76,CLEAR|STRAIGHT,,999.00,0.50,0.4,0.5,4121
71.40,-22.792,-22.733,-97.9,-0.76,CLEAR|STRAIGHT,,999.00,0.50,0.4,0.5,4137
71.45,-22.792,-22.733,-98.0,-0.76,CLEAR|STRAIGHT,,999.00,0.50,0.5,0.5,4121
71.50,-22.549,-22.600,-97.9,-0.92,CLEAR|STRAIGHT,,999.00,0.50,0.5,0.5,4121
71.55,-22.549,-22.600,-97.9,-0.92,CLEAR|STRAIGHT,,999.00,0.50,0.5,0.5,4137
71.60,-22.426,-22.532,-97.9,-0.77,CLEAR|STRAIGHT,,999.00,0.50,0.5,0.5,4121
71.65,-22.426,-22.532,-98.0,-0.77,CLEAR|STRAIGHT,,999.00,0.50,0.4,0.5,4137
71.70,-22.299,-22.467,-98.0,-0.82,CLEAR|STRAIGHT,,999.00,0.50,0.4,0.6,4121
71.75,-22.299,-22.467,-98.0,-0.82,CLEAR|STRAIGHT,,999.00,0.50,0.6,0.5,4137
71.80,-22.177,-22.398,-98.0,-0.86,CLEAR|STRAIGHT,,999.00,0.50,0.6,0.5,4137
71.85,-22.177,-22.398,-98.0,-0.86,CLEAR|STRAIGHT,,999.00,0.50,0.6,0.5,4137
71.90,-22.056,-22.327,-98.0,-0.87,CLEAR|STRAIGHT,,999.00,0.50,0.6,0.5,4121
71.95,-22.056,-22.327,-98.0,-0.87,CLEAR|STRAIGHT,,999.00,0.50,0.6,0.5,4121
72.00,-21.928,-22.255,-98.0,-0.90,CLEAR|STRAIGHT,,999.00,0.50,0.6,0.5,4121
72.05,-21.928,-22.255,-98.0,-0.90,CLEAR|STRAIGHT,,999.00,0.50,0.5,0.6,4137
72.10,-21.802,-22.189,-98.0,-0.82,CLEAR|STRAIGHT,,999.00,0.50,0.5,0.5,4137
72.15,-21.802,-22.189,-98.0,-0.82,CLEAR|STRAIGHT,,999.00,0.50,0.5,0.5,4137
72.20,-21.675,-22.134,-98.1,-0.73,CLEAR|STRAIGHT,,999.00,0.50,0.5,0.5,4137
72.25,-21.675,-22.134,-98.1,-0.73,CLEAR|STRAIGHT,,999.00,0.50,0.6,0.5,4121
72.30,-21.675,-22.134,-98.2,-0.73,CLEAR|STRAIGHT,,999.00,0.50,0.6,0.5,4121
72.35,-21.557,-22.084,-98.2,-0.55,CLEAR|STRAIGHT,,999.00,0.50,0.8,0.6,4137
72.40,-21.557,-22.084,-98.3,-0.55,CLEAR|STRAIGHT,,999.00,0.50,0.8,0.5,4121
72.45,-21.557,-22.084,-98.3,-0.55,CLEAR|STRAIGHT,,999.00,0.50,1.0,0.5,4121
72.50,-21.305,-21.950,-98.3,-0.94,CLEAR|STRAIGHT,,999.00,0.50,1.0,0.5,4137
72.55,-21.305,-21.950,-98.3,-0.94,CLEAR|STRAIGHT,,999.00,0.50,1.0,0.6,4121
72.60,-21.187,-21.880,-98.3,-0.87,CLEAR|STRAIGHT,,999.00,0.50,1.0,0.6,4121
72.65,-21.187,-21.880,-98.4,-0.87,CLEAR|STRAIGHT,,999.00,0.50,1.0,0.5,4121
72.70,-21.187,-21.880,-98.4,-0.87,CLEAR|STRAIGHT,,999.00,0.50,1.0,0.6,4137
72.75,-21.063,-21.813,-98.4,-0.76,CLEAR|STRAIGHT,,999.00,0.50,1.1,0.6,4106
72.80,-20.942,-21.757,-98.3,-0.81,CLEAR|STRAIGHT,,999.00,0.50,1.1,0.5,4121
72.85,-20.942,-21.757,-98.3,-0.81,CLEAR|STRAIGHT,,999.00,0.50,1.1,0.5,4137
72.90,-20.821,-21.693,-98.4,-0.82,CLEAR|STRAIGHT,,999.00,0.50,1.1,0.5,4121
72.95,-20.821,-21.693,-98.4,-0.82,CLEAR|STRAIGHT,,999.00,0.50,1.1,0.5,4121
73.00,-20.698,-21.625,-98.5,-0.85,CLEAR|STRAIGHT,,999.00,0.50,1.1,0.5,4137
73.05,-20.698,-21.625,-98.5,-0.85,CLEAR|STRAIGHT,,999.00,0.50,1.3,0.6,4121
73.10,-20.698,-21.625,-98.6,-0.85,CLEAR|STRAIGHT,,999.00,0.50,1.3,0.5,4137
73.15,-20.579,-21.569,-98.5,-0.67,CLEAR|STRAIGHT,,999.00,0.50,1.3,0.5,4137
73.20,-20.454,-21.507,-98.6,-0.89,CLEAR|STRAIGHT,,999.00,0.50,1.3,0.5,4137
73.25,-20.454,-21.507,-98.6,-0.89,CLEAR|STRAIGHT,,999.00,0.50,1.4,0.6,4121
73.30,-20.333,-21.438,-98.6,-0.86,CLEAR|STRAIGHT,,999.00,0.50,1.4,0.6,4121
73.35,-20.333,-21.438,-98.6,-0.86,CLEAR|STRAIGHT,,999.00,0.50,1.5,0.5,4121
73.40,-20.216,-21.377,-98.7,-0.78,CLEAR|STRAIGHT,,999.00,0.50,1.5,0.6,4121
73.45,-20.216,-21.377,-98.7,-0.78,CLEAR|STRAIGHT,,999.00,0.50,1.5,0.5,4137
73.50,-20.216,-21.377,-98.7,-0.78,CLEAR|STRAIGHT,,999.00,0.50,1.5,0.5,4137
73.55,-20.096,-21.317,29.6,-0.70,CLEAR|STRAIGHT,,999.00,0.50,1.6,0.6,4137
73.60,-19.973,-21.257,29.5,1.52,CLEAR|STRAIGHT,,999.00,0.50,1.6,0.5,4137
73.65,-19.973,-21.257,29.5,1.52,CLEAR|STRAIGHT,,999.00,0.00,0.0,0.6,4121
73.70,-19.849,-21.197,29.5,1.37,CLEAR|STRAIGHT,,999.00,0.00,0.0,0.6,4121
73.75,-19.849,-21.197,29.5,1.37,CLEAR|STRAIGHT,,999.00,0.00,0.0,0.6,4121
73.80,-19.734,-21.143,29.3,1.26,CLEAR|STRAIGHT,,999.00,0.00,0.0,0.6,4137
73.85,-19.734,-21.143,29.4,1.26,CLEAR|STRAIGHT,,999.00,0.00,0.0,0.5,4137
73.90,-19.613,-21.077,29.4,1.38,CLEAR|STRAIGHT,,999.00,0.00,0.0,0.6,4137
73.95,-19.613,-21.077,29.4,1.38,CLEAR|STRAIGHT,,999.00,0.00,0.0,0.5,4121
74.00,-19.498,-21.031,29.3,1.22,CLEAR|STRAIGHT,,999.00,0.00,0.0,0.5,4137
74.05,-19.498,-21.031,29.3,1.22,CLEAR|STRAIGHT,,999.00,0.00,0.0,0.6,4137
74.10,-19.404,-20.994,29.3,1.00,CLEAR|STRAIGHT,,999.00,0.00,0.0,0.5,4121
74.15,-19.404,-20.994,29.3,1.00,CLEAR|STRAIGHT,,999.00,0.00,0.0,0.6,4121
74.20,-19.305,-20.945,29.3,1.23,CLEAR|STRAIGHT,,999.00,0.00,0.0,0.6,4121
74.25,-19.305,-20.945,29.3,1.23,CLEAR|STRAIGHT,,999.00,0.00,0.0,0.6,4121
74.30,-19.305,-20.945,29.2,1.23,CLEAR|STRAIGHT,,999.00,0.00,0.0,0.5,4121
74.35,-19.205,-20.893,29.2,0.80,CLEAR|STRAIGHT,,999.00,0.00,0.0,0.5,4137
74.40,-19.205,-20.893,29.2,0.80,CLEAR|STRAIGHT,,999.00,0.00,0.0,0.5,4121
74.45,-19.205,-20.893,29.2,0.80,CLEAR|STRAIGHT,,999.00,0.00,0.0,0.5,4121
74.50,-19.033,-20.804,29.1,1.14,CLEAR|STRAIGHT,,999.00,0.00,0.0,0.6,4121
74.55,-19.033,-20.804,29.2,1.14,CLEAR|STRAIGHT,,999.00,0.00,0.0,0.5,4137
74.60,-18.950,-20.770,29.1,0.89,CLEAR|STRAIGHT,,999.00,0.00,0.0,0.5,4121
74.65,-18.950,-20.770,29.1,0.89,CLEAR|STRAIGHT,,999.00,0.00,0.0,0.5,4121
74.70,-18.879,-20.735,29.1,0.88,CLEAR|STRAIGHT,,999.00,0.00,0.0,0.5,4137
74.75,-18.879,-20.735,29.1,0.88,CLEAR|STRAIGHT,,999.00,0.00,0.0,0.5,4106
74.80,-18.806,-20.693,29.1,0.76,CLEAR|STRAIGHT,,999.00,0.00,0.0,0.5,4137
74.85,-18.806,-20.693,29.1,0.76,CLEAR|STRAIGHT,,999.00,0.00,0.0,0.6,4121
74.90,-18.738,-20.673,29.1,0.78,CLEAR|STRAIGHT,,999.00,0.00,0.0,0.5,4121
74.95,-18.738,-20.673,29.1,0.78,CLEAR|STRAIGHT,,999.00,0.00,0.0,0.6,4121
75.00,-18.681,-20.638,29.1,0.66,CLEAR|STRAIGHT,,999.00,0.00,0.0,0.6,4137
75.05,-18.681,-20.638,29.0,0.66,CLEAR|STRAIGHT,,999.00,1.87,-10.9,0.5,4137
75.10,-18.623,-20.605,29.1,0.67,CLEAR|STRAIGHT,,999.00,1.87,-12.3,0.5,4121
75.15,-18.623,-20.605,29.1,0.67,CLEAR|STRAIGHT,,999.00,1.87,-12.3,-0.6,4246
75.20,-18.572,-20.571,29.0,0.61,CLEAR|STRAIGHT,,999.00,1.87,-13.0,-2.1,4395
75.25,-18.572,-20.571,29.0,0.61,CLEAR|STRAIGHT,,999.00,1.87,-13.0,-3.6,4519
75.30,-18.572,-20.571,28.8,0.61,CLEAR|STRAIGHT,,999.00,1.87,-14.1,-5.6,4708
75.35,-18.529,-20.540,28.7,0.44,CLEAR|STRAIGHT,,999.00,1.87,-14.1,-6.9,4808
75.40,-18.487,-20.526,28.5,0.54,CLEAR|STRAIGHT,,999.00,1.87,-16.3,-6.9,4808
75.45,-18.487,-20.526,28.3,0.54,CLEAR|STRAIGHT,,999.00,1.87,-16.3,-9.3,4957
75.50,-18.487,-20.526,27.8,0.54,CLEAR|STRAIGHT,,999.00,1.87,-15.5,-10.4,5001
75.55,-18.439,-20.513,27.5,0.32,CLEAR|STRAIGHT,,999.00,1.87,-15.4,-10.4,5001
75.60,-18.439,-20.513,26.9,0.32,CLEAR|STRAIGHT,,999.00,1.87,-17.6,-11.2,5046
75.65,-18.439,-20.513,26.6,0.32,CLEAR|STRAIGHT,,999.00,1.87,-18.0,-11.4,5046
75.70,-18.330,-20.475,26.0,0.72,CLEAR|STRAIGHT,,999.00,1.87,-17.6,-11.8,5068
75.75,-18.330,-20.475,25.6,0.72,CLEAR|STRAIGHT,,999.00,1.91,-17.3,-12.8,5091
75.80,-18.265,-20.451,24.8,0.69,CLEAR|STRAIGHT,,999.00,1.91,-15.0,-13.7,5091
75.85,-18.265,-20.451,24.1,0.69,CLEAR|STRAIGHT,,999.00,1.91,-12.8,-13.7,5091
75.90,-18.265,-20.451,23.1,0.69,CLEAR|STRAIGHT,,999.00,1.91,-10.5,-13.9,5091
75.95,-18.189,-20.423,22.5,0.74,AVOID|RIGHT,-8.2,8.00,1.91,-8.3,-13.9,5115
76.00,-18.105,-20.398,21.3,1.09,AVOID|RIGHT,-8.2,8.00,1.91,-8.2,-13.9,5115
76.05,-18.105,-20.398,20.8,1.09,AVOID|RIGHT,-10.0,8.00,1.91,-8.2,-13.8,5115
76.10,-18.105,-20.398,19.4,1.09,AVOID|RIGHT,-10.0,8.00,1.91,-10.0,-10.7,5091
76.15,-18.007,-20.375,18.9,0.83,AVOID|RIGHT,-8.4,8.00,1.91,-10.0,-10.7,5091
76.20,-17.903,-20.347,17.8,1.19,AVOID|RIGHT,-8.4,8.00,1.91,-8.4,-10.2,5068
76.25,-17.903,-20.347,17.2,1.19,AVOID|RIGHT,-5.8,8.00,1.91,-5.8,-10.3,5068
76.30,-17.903,-20.347,16.0,1.19,AVOID|RIGHT,-5.8,8.00,1.91,-5.8,-10.3,5068
76.35,-17.788,-20.319,15.4,1.08,AVOID|RIGHT,-2.4,8.00,1.91,-5.8,-10.2,5046
76.40,-17.667,-20.294,14.4,1.54,AVOID|RIGHT,-2.4,8.00,1.96,-2.4,-8.6,5023
76.45,-17.667,-20.294,13.8,1.54,AVOID|RIGHT,0.2,8.00,1.96,-2.4,-8.6,5023
76.50,-17.528,-20.281,12.7,1.24,AVOID|RIGHT,0.2,8.00,1.96,0.2,-8.1,4979
76.55,-17.528,-20.281,12.3,1.24,AVOID|RIGHT,2.0,8.00,1.96,0.2,-6.0,4913
76.60,-17.385,-20.260,11.2,1.61,AVOID|RIGHT,2.0,8.00,1.96,2.0,-6.0,4913
76.65,-17.385,-20.260,10.9,1.61,AVOID|RIGHT,2.8,8.00,1.96,2.8,-4.8,4808
76.70,-17.231,-20.253,10.5,1.54,AVOID|RIGHT,2.8,8.00,1.96,2.8,-1.6,4555
76.75,-17.231,-20.253,10.3,1.54,AVOID|RIGHT,4.4,8.00,1.95,2.8,-1.6,4555
76.80,-17.083,-20.239,10.1,1.35,AVOID|RIGHT,4.4,8.00,1.95,4.4,0.0,4378
76.85,-17.083,-20.239,10.0,1.35,AVOID|LEFT,5.2,8.00,1.95,4.4,0.7,4262
76.90,-16.919,-20.212,10.0,1.85,AVOID|LEFT,5.2,8.00,1.95,5.2,0.9,4198
76.95,-16.919,-20.212,10.0,1.85,AVOID|LEFT,6.2,8.00,1.95,6.2,1.3,4121
77.00,-16.748,-20.181,10.1,1.58,AVOID|LEFT,6.2,8.00,1.95,6.2,2.4,3962
77.05,-16.748,-20.181,10.2,1.58,AVOID|LEFT,6.4,8.00,2.00,6.2,2.4,3962
77.10,-16.578,-20.159,10.5,1.71,AVOID|LEFT,6.4,8.00,2.00,6.4,3.0,3853
77.15,-16.578,-20.159,10.6,1.71,AVOID|LEFT,6.6,8.00,2.00,6.4,3.5,3763
77.20,-16.388,-20.145,11.0,1.89,AVOID|LEFT,6.6,8.00,2.00,6.6,3.5,3763
77.25,-16.388,-20.145,11.2,1.89,AVOID|LEFT,7.0,8.00,2.00,6.6,3.5,3726
77.30,-16.388,-20.145,11.6,1.89,AVOID|LEFT,7.0,8.00,2.00,7.0,3.5,3713
77.35,-16.205,-20.108,11.9,1.70,AVOID|LEFT,7.6,8.00,2.00,7.0,3.5,3689
77.40,-16.205,-20.108,12.3,1.70,AVOID|LEFT,7.6,8.00,1.98,7.6,3.9,3641
77.45,-16.205,-20.108,12.7,1.70,AVOID|LEFT,7.4,8.00,1.98,7.6,4.2,3595
77.50,-15.828,-20.042,13.3,2.01,AVOID|LEFT,7.4,8.00,1.98,7.4,4.2,3595
77.55,-15.828,-20.042,13.5,2.01,AVOID|LEFT,6.8,8.00,1.98,7.4,4.2,3572
77.60,-15.633,-20.000,14.1,1.99,AVOID|LEFT,6.8,8.00,1.98,6.8,4.4,3561
77.65,-15.633,-20.000,14.4,1.99,AVOID|LEFT,7.8,8.00,1.90,6.8,4.7,3516
77.70,-15.424,-19.955,15.1,2.13,AVOID|LEFT,7.8,8.00,1.90,7.8,4.7,3505
77.75,-15.424,-19.955,15.4,2.13,AVOID|LEFT,7.0,8.00,1.90,7.8,4.7,3494
77.80,-15.220,-19.919,16.1,2.29,AVOID|LEFT,7.0,8.00,1.90,7.0,5.0,3462
77.85,-15.220,-19.919,16.5,2.29,AVOID|RIGHT,-1.8,8.00,1.87,7.0,5.3,3410
77.90,-15.018,-19.851,17.3,1.93,AVOID|RIGHT,-1.8,8.00,1.87,-1.8,5.3,3410
77.95,-15.018,-19.851,17.7,1.93,AVOID|RIGHT,-5.0,8.00,1.87,-1.8,5.4,3389
78.00,-14.824,-19.795,18.5,2.02,AVOID|RIGHT,-5.0,8.00,1.87,-5.0,5.3,3399
78.05,-14.824,-19.795,18.9,2.02,AVOID|RIGHT,-5.8,8.00,1.87,-5.0,4.4,3494
78.10,-14.620,-19.738,19.2,2.11,AVOID|RIGHT,-5.8,8.00,1.87,-5.8,2.5,3689
78.15,-14.620,-19.738,19.2,2.11,AVOID|RIGHT,-6.4,8.00,1.90,-5.8,0.7,3920
78.20,-14.416,-19.678,18.8,2.37,AVOID|RIGHT,-6.4,8.00,1.90,-6.4,-1.1,4183
78.25,-14.416,-19.678,18.5,2.37,AVOID|RIGHT,-7.2,8.00,1.90,-6.4,-2.3,4344
78.30,-14.416,-19.678,17.9,2.37,AVOID|RIGHT,-7.2,8.00,1.90,-7.2,-2.6,4430
78.35,-14.213,-19.604,17.6,1.66,AVOID|RIGHT,-5.2,8.00,1.90,-7.2,-2.9,4465
78.40,-14.213,-19.604,16.9,1.66,AVOID|RIGHT,-5.2,8.00,1.94,-5.2,-3.1,4501
78.45,-14.213,-19.604,16.5,1.66,AVOID|RIGHT,-3.6,8.00,1.94,-5.2,-3.4,4537
78.50,-13.781,-19.506,15.8,2.60,AVOID|RIGHT,-3.6,8.00,1.94,-3.6,-3.6,4593
78.55,-13.781,-19.506,15.4,2.60,AVOID|RIGHT,-1.2,8.00,1.94,-3.6,-3.5,4593
78.60,-13.554,-19.452,14.5,2.12,AVOID|RIGHT,-1.2,8.00,1.94,-1.2,-3.6,4593
78.65,-13.554,-19.452,14.2,2.12,AVOID|STRAIGHT,1.0,8.00,1.85,-1.2,-3.6,4611
78.70,-13.341,-19.397,13.5,2.74,AVOID|STRAIGHT,1.0,8.00,1.83,1.0,-3.6,4593
78.75,-13.341,-19.397,13.1,2.74,AVOID|STRAIGHT,3.6,8.00,1.83,1.0,-3.6,4611
78.80,-13.109,-19.365,12.2,2.12,AVOID|STRAIGHT,3.6,8.00,1.83,3.6,-3.6,4611
78.85,-13.109,-19.365,11.8,2.12,AVOID|LEFT,6.4,8.00,1.88,3.6,-2.1,4501
78.90,-12.878,-19.342,11.4,2.11,AVOID|LEFT,6.4,8.00,1.90,6.4,-0.9,4395
78.95,-12.878,-19.342,11.3,2.11,AVOID|LEFT,9.8,8.00,1.90,6.4,0.5,4246
79.00,-12.644,-19.300,11.4,2.64,AVOID|LEFT,9.8,8.00,1.90,9.8,1.6,4077
79.05,-12.644,-19.300,11.6,2.64,AVOID|LEFT,11.4,8.00,1.95,9.8,3.1,3880
79.10,-12.404,-19.297,12.2,2.14,AVOID|LEFT,11.4,8.00,2.00,11.4,3.9,3738
79.15,-12.404,-19.297,12.6,2.14,AVOID|LEFT,12.8,8.00,2.00,11.4,5.4,3538
79.20,-12.168,-19.266,13.6,2.63,AVOID|LEFT,12.8,8.00,2.00,12.8,6.6,3359
79.25,-12.168,-19.266,14.3,2.63,AVOID|LEFT,11.2,8.00,1.91,12.8,7.9,3178
79.30,-11.930,-19.227,16.1,2.18,AVOID|LEFT,11.2,8.00,1.89,11.2,8.6,3049
79.35,-11.930,-19.227,17.1,2.18,AVOID|LEFT,11.2,8.00,1.89,11.2,9.5,2938
79.40,-11.697,-19.173,19.0,2.64,AVOID|LEFT,12.2,8.00,1.89,12.2,9.9,2870
79.45,-11.697,-19.173,20.0,2.64,AVOID|LEFT,12.2,8.00,1.80,12.2,9.9,2841
79.50,-11.477,-19.094,22.1,2.13,AVOID|LEFT,9.6,8.00,1.79,9.6,9.9,2820
79.55,-11.477,-19.094,23.1,2.13,AVOID|LEFT,9.6,8.00,1.79,9.6,10.5,2758
79.60,-11.255,-19.002,25.3,2.67,AVOID|LEFT,10.4,8.00,1.79,10.4,10.5,2744
79.65,-11.255,-19.002,26.4,2.67,AVOID|LEFT,10.4,8.00,1.82,10.4,10.5,2737
79.70,-11.030,-18.900,28.6,2.46,AVOID|LEFT,7.0,8.00,1.82,7.0,10.5,2731
79.75,-11.030,-18.900,29.5,2.46,AVOID|LEFT,7.0,8.00,1.82,7.0,10.5,2724
79.80,-10.813,-18.780,32.0,2.48,AVOID|STRAIGHT,2.6,8.00,1.82,2.6,10.5,2718
79.85,-10.813,-18.780,32.8,2.48,AVOID|STRAIGHT,2.6,8.00,1.82,2.6,10.0,2751
79.90,-10.607,-18.642,34.8,2.48,AVOID|STRAIGHT,-2.0,8.00,1.82,-2.0,9.2,2813
79.95,-10.607,-18.642,35.5,2.48,AVOID|STRAIGHT,-2.0,8.00,1.87,-2.0,7.9,2938
80.00,-10.399,-18.505,36.7,2.49,AVOID|RIGHT,-5.4,8.00,1.92,-2.0,6.2,3125
80.05,-10.399,-18.505,37.0,2.49,AVOID|RIGHT,-5.4,8.00,1.97,-5.4,4.4,3329
80.10,-10.188,-18.374,37.4,2.25,AVOID|RIGHT,-6.4,8.00,1.98,-5.4,3.0,3527
80.15,-10.188,-18.374,37.6,2.25,AVOID|RIGHT,-6.4,8.00,1.89,-6.4,1.4,3776
80.20,-9.986,-18.221,37.8,2.81,AVOID|STRAIGHT,-0.8,8.00,1.80,-6.4,-0.5,4033
80.25,-9.986,-18.221,37.6,2.81,AVOID|STRAIGHT,-0.8,8.00,1.79,-0.8,-1.7,4214
80.30,-9.986,-18.221,37.1,2.81,AVOID|STRAIGHT,2.4,8.00,1.79,-0.8,-2.9,4361
80.35,-9.785,-18.081,36.7,1.88,AVOID|STRAIGHT,2.4,8.00,1.79,2.4,-3.5,4447
80.40,-9.785,-18.081,35.8,1.88,AVOID|STRAIGHT,4.4,8.00,1.70,2.4,-3.4,4501
80.45,-9.785,-18.081,35.2,1.88,AVOID|STRAIGHT,4.4,8.00,1.69,4.4,-3.3,4537
80.50,-9.343,-17.823,34.4,3.19,AVOID|LEFT,5.2,8.00,1.69,4.4,-2.2,4447
80.55,-9.343,-17.823,34.4,3.19,AVOID|LEFT,5.2,8.00,1.71,5.2,-0.2,4295
80.60,-9.126,-17.671,34.4,2.20,CLEAR|STRAIGHT,,999.00,1.71,5.2,1.8,4047
80.65,-9.126,-17.671,34.6,2.20,CLEAR|STRAIGHT,,999.00,1.76,5.1,2.9,3867
80.70,-8.897,-17.553,35.1,2.83,CLEAR|STRAIGHT,,999.00,1.81,3.2,3.3,3751
80.75,-8.897,-17.553,35.3,2.83,CLEAR|STRAIGHT,,999.00,1.86,3.0,3.4,3713
80.80,-8.672,-17.417,35.9,2.63,CLEAR|STRAIGHT,,999.00,1.87,2.4,3.4,3701
80.85,-8.672,-17.417,36.3,2.63,CLEAR|STRAIGHT,,999.00,1.85,2.4,3.4,3701
80.90,-8.472,-17.258,36.8,2.55,CLEAR|STRAIGHT,,999.00,1.85,2.0,3.4,3677
80.95,-8.472,-17.258,37.1,2.55,CLEAR|STRAIGHT,,999.00,1.85,1.9,3.4,3665
81.00,-8.247,-17.118,37.8,2.63,CLEAR|STRAIGHT,,999.00,1.85,1.9,3.4,3665
81.05,-8.247,-17.118,38.1,2.63,CLEAR|STRAIGHT,,999.00,1.76,1.8,3.5,3665
81.10,-8.024,-16.976,38.7,2.40,CLEAR|STRAIGHT,,999.00,1.74,1.3,3.4,3665
81.15,-8.024,-16.976,39.0,2.40,CLEAR|STRAIGHT,,999.00,1.74,1.2,3.4,3653
81.20,-7.826,-16.809,39.7,2.88,CLEAR|STRAIGHT,,999.00,1.74,1.5,3.4,3653
81.25,-7.826,-16.809,40.0,2.88,CLEAR|STRAIGHT,,999.00,1.79,1.4,3.0,3701
81.30,-7.609,-16.642,40.5,2.48,CLEAR|STRAIGHT,,999.00,1.84,0.6,2.5,3751
81.35,-7.609,-16.642,40.7,2.48,CLEAR|STRAIGHT,,999.00,1.89,0.5,2.5,3776
81.40,-7.387,-16.494,41.0,2.95,CLEAR|STRAIGHT,,999.00,1.92,0.6,2.5,3788
81.45,-7.387,-16.494,41.2,2.95,CLEAR|STRAIGHT,,999.00,1.83,0.6,2.5,3801
81.50,-7.185,-16.320,41.5,2.43,CLEAR|STRAIGHT,,999.00,1.74,0.6,2.1,3840
81.55,-7.185,-16.320,41.7,2.43,CLEAR|STRAIGHT,,999.00,1.65,0.6,2.0,3853
81.60,-6.969,-16.140,42.0,2.80,CLEAR|STRAIGHT,,999.00,1.60,0.5,2.0,3867
81.65,-6.969,-16.140,42.2,2.80,CLEAR|STRAIGHT,,999.00,1.51,0.4,2.0,3867
81.70,-6.755,-15.975,42.4,3.00,CLEAR|STRAIGHT,,999.00,1.42,0.7,1.7,3907
81.75,-6.755,-15.975,42.5,3.00,CLEAR|STRAIGHT,,999.00,1.33,0.7,1.7,3907
81.80,-6.544,-15.796,42.7,2.51,CLEAR|STRAIGHT,,999.00,1.24,0.8,1.7,3920
81.85,-6.544,-15.796,42.9,2.51,CLEAR|STRAIGHT,,999.00,1.15,0.8,1.7,3920
81.90,-6.344,-15.616,43.1,2.69,CLEAR|STRAIGHT,,999.00,1.06,1.1,1.7,3934
81.95,-6.344,-15.616,43.2,2.69,CLEAR|STRAIGHT,,999.00,0.99,1.0,1.7,3920
82.00,-6.123,-15.451,43.4,3.04,CLEAR|STRAIGHT,,999.00,0.99,1.2,1.6,3934
82.05,-6.123,-15.451,43.5,3.04,CLEAR|STRAIGHT,,999.00,0.90,1.2,1.7,3920
82.10,-5.925,-15.263,43.7,2.48,CLEAR|STRAIGHT,,999.00,0.86,1.9,1.7,3920
82.15,-5.925,-15.263,43.7,2.48,CLEAR|STRAIGHT,,999.00,0.86,1.9,1.6,3934
82.20,-5.726,-15.089,44.0,2.63,CLEAR|STRAIGHT,,999.00,0.86,2.0,1.7,3920
82.25,-5.726,-15.089,44.0,2.63,CLEAR|STRAIGHT,,999.00,0.79,1.9,1.6,3934
82.30,-5.517,-14.913,44.3,3.03,CLEAR|STRAIGHT,,999.00,0.79,2.8,1.7,3934
82.35,-5.517,-14.913,44.5,3.03,CLEAR|STRAIGHT,,999.00,0.79,2.8,1.7,3948
82.40,-5.314,-14.731,44.8,2.48,CLEAR|STRAIGHT,,999.00,0.79,3.2,1.7,3934
82.45,-5.314,-14.731,44.9,2.48,CLEAR|STRAIGHT,,999.00,0.78,3.2,1.6,3948
82.50,-5.121,-14.551,45.4,2.64,CLEAR|STRAIGHT,,999.00,0.78,3.9,1.7,3934
82.55,-5.121,-14.551,45.6,2.64,CLEAR|STRAIGHT,,999.00,0.78,3.8,1.7,3920
82.60,-4.917,-14.369,45.9,3.03,CLEAR|STRAIGHT,,999.00,0.78,4.4,1.6,3934
82.65,-4.917,-14.369,46.1,3.03,CLEAR|STRAIGHT,,999.00,0.80,4.3,1.7,3920
82.70,-4.728,-14.184,46.3,2.40,CLEAR|STRAIGHT,,999.00,0.80,5.3,2.1,3880
82.75,-4.728,-14.184,46.2,2.40,CLEAR|STRAIGHT,,999.00,0.85,5.2,2.1,3853
82.80,-4.549,-13.997,46.2,2.88,CLEAR|STRAIGHT,,999.00,0.87,6.1,2.3,3867
82.85,-4.549,-13.997,46.2,2.88,CLEAR|STRAIGHT,,999.00,0.87,6.1,2.2,3867
82.90,-4.376,-13.817,46.2,2.49,CLEAR|STRAIGHT,,999.00,0.87,7.1,2.5,3814
82.95,-4.376,-13.817,46.2,2.49,CLEAR|STRAIGHT,,999.00,0.92,7.1,3.4,3726
83.00,-4.201,-13.647,46.6,2.44,CLEAR|STRAIGHT,,999.00,0.96,7.9,4.4,3595
83.05,-4.201,-13.647,47.2,2.44,CLEAR|STRAIGHT,,999.00,0.96,7.9,5.3,3462
83.10,-4.035,-13.462,48.5,2.26,CLEAR|STRAIGHT,,999.00,0.96,8.7,5.6,3410
83.15,-4.035,-13.462,49.0,2.26,CLEAR|STRAIGHT,,999.00,1.01,8.3,5.9,3369
83.20,-3.847,-13.286,50.3,2.84,CLEAR|STRAIGHT,,999.00,1.06,8.8,6.0,3329
83.25,-3.847,-13.286,50.9,2.84,CLEAR|STRAIGHT,,999.00,1.09,8.6,6.2,3280
83.30,-3.847,-13.286,52.3,2.84,CLEAR|STRAIGHT,,999.00,1.09,9.0,6.4,3261
83.35,-3.663,-13.108,53.0,2.12,CLEAR|STRAIGHT,,999.00,1.09,8.8,6.6,3233
83.40,-3.516,-12.920,54.2,2.65,CLEAR|STRAIGHT,,999.00,1.14,9.7,6.6,3215
83.45,-3.516,-12.920,54.8,2.65,CLEAR|STRAIGHT,,999.00,1.19,9.4,7.0,3187
83.50,-3.516,-12.920,56.2,2.65,CLEAR|STRAIGHT,,999.00,1.22,9.6,7.1,3152
83.55,-3.364,-12.729,56.9,2.21,CLEAR|STRAIGHT,,999.00,1.22,9.4,7.2,3125
83.60,-3.364,-12.729,58.3,2.21,CLEAR|STRAIGHT,,999.00,1.27,9.9,7.2,3117
83.65,-3.226,-12.525,59.0,2.45,CLEAR|STRAIGHT,,999.00,1.31,9.6,7.2,3117
83.70,-3.094,-12.330,60.5,2.61,CLEAR|STRAIGHT,,999.00,1.31,10.0,7.6,3066
83.75,-3.094,-12.330,61.0,2.61,CLEAR|STRAIGHT,,999.00,1.31,9.8,7.7,3057
83.80,-2.981,-12.120,62.5,2.65,CLEAR|STRAIGHT,,999.00,1.31,10.3,7.7,3049
83.85,-2.981,-12.120,63.2,2.65,CLEAR|STRAIGHT,,999.00,1.33,10.0,7.8,3033
83.90,-2.865,-11.909,64.6,2.19,CLEAR|STRAIGHT,,999.00,1.33,9.7,7.8,3025
83.95,-2.865,-11.909,65.5,2.19,CLEAR|STRAIGHT,,999.00,1.33,9.4,7.8,3016
84.00,-2.760,-11.687,67.0,2.46,CLEAR|STRAIGHT,,999.00,1.33,10.9,7.8,3016
84.05,-2.760,-11.687,67.7,2.46,CLEAR|STRAIGHT,,999.00,1.35,10.5,7.8,3016
84.10,-2.662,-11.470,69.0,2.63,CLEAR|STRAIGHT,,999.00,1.35,9.7,7.9,3008
84.15,-2.662,-11.470,69.8,2.63,CLEAR|STRAIGHT,,999.00,1.35,9.5,8.2,2976
84.20,-2.574,-11.244,71.4,2.21,CLEAR|STRAIGHT,,999.00,1.35,9.8,8.2,2969
84.25,-2.574,-11.244,72.3,2.21,CLEAR|STRAIGHT,,999.00,1.35,9.5,8.2,2969
84.30,-2.574,-11.244,74.0,2.21,CLEAR|STRAIGHT,,999.00,1.35,9.7,8.4,2961
84.35,-2.499,-11.022,74.8,1.80,CLEAR|STRAIGHT,,999.00,1.35,9.4,8.4,2945
84.40,-2.499,-11.022,76.5,1.80,CLEAR|STRAIGHT,,999.00,1.35,11.0,8.4,2945
84.45,-2.499,-11.022,77.3,1.80,CLEAR|STRAIGHT,,999.00,1.35,10.6,8.4,2938
84.50,-2.366,-10.560,78.8,2.82,CLEAR|STRAIGHT,,999.00,1.35,9.8,8.4,2945
84.55,-2.366,-10.560,79.6,2.82,CLEAR|STRAIGHT,,999.00,1.33,9.4,8.9,2900
84.60,-2.320,-10.327,81.5,2.38,CLEAR|STRAIGHT,,999.00,1.33,8.1,8.9,2892
84.65,-2.320,-10.327,82.4,2.38,CLEAR|STRAIGHT,,999.00,1.32,7.8,8.9,2870
84.70,-2.287,-10.094,84.1,2.35,CLEAR|STRAIGHT,,999.00,1.32,7.8,8.9,2870
84.75,-2.287,-10.094,85.0,2.35,CLEAR|STRAIGHT,,999.00,1.32,7.4,8.9,2878
84.80,-2.260,-9.849,86.7,2.46,CLEAR|STRAIGHT,,999.00,1.32,7.7,8.9,2878
84.85,-2.260,-9.849,87.3,2.46,CLEAR|STRAIGHT,,999.00,1.32,7.4,8.9,2878
84.90,-2.245,-9.615,89.3,2.34,CLEAR|STRAIGHT,,999.00,1.32,7.6,8.9,2870
84.95,-2.245,-9.615,90.2,2.34,CLEAR|STRAIGHT,,999.00,1.28,7.2,8.9,2878
85.00,-2.240,-9.374,92.0,2.67,CLEAR|STRAIGHT,,999.00,1.28,6.5,8.8,2878
85.05,-2.240,-9.374,92.9,2.67,CLEAR|STRAIGHT,,999.00,1.28,6.1,8.3,2915
85.10,-2.249,-9.141,94.6,2.12,CLEAR|STRAIGHT,,999.00,1.28,5.8,8.4,2930
85.15,-2.249,-9.141,95.3,2.12,CLEAR|STRAIGHT,,999.00,1.27,5.4,8.4,2938
85.20,-2.265,-8.901,96.9,2.40,CLEAR|STRAIGHT,,999.00,1.27,5.4,8.1,2945
85.25,-2.265,-8.901,97.8,2.40,CLEAR|STRAIGHT,,999.00,1.27,5.0,7.7,2984
85.30,-2.265,-8.901,99.4,2.40,CLEAR|STRAIGHT,,999.00,1.27,4.7,7.5,3025
85.35,-2.289,-8.659,100.0,2.21,CLEAR|STRAIGHT,,999.00,1.27,4.3,7.4,3041
85.40,-2.331,-8.431,101.5,2.58,CLEAR|STRAIGHT,,999.00,1.29,3.9,7.4,3049
85.45,-2.331,-8.431,102.2,2.58,CLEAR|STRAIGHT,,999.00,1.29,3.5,6.8,3100
85.50,-2.331,-8.431,103.4,2.58,CLEAR|STRAIGHT,,999.00,1.29,3.1,6.4,3152
85.55,-2.380,-8.196,104.0,2.17,CLEAR|STRAIGHT,,999.00,1.29,2.8,6.1,3205
85.60,-2.380,-8.196,105.2,2.17,CLEAR|STRAIGHT,,999.00,1.34,2.5,5.9,3224
85.65,-2.432,-7.954,105.7,2.25,CLEAR|STRAIGHT,,999.00,1.34,2.2,5.6,3261
85.70,-2.432,-7.954,106.6,2.25,CLEAR|STRAIGHT,,999.00,1.34,2.1,5.2,3319
85.75,-2.432,-7.954,107.0,2.25,CLEAR|STRAIGHT,,999.00,1.34,1.9,4.8,3359
85.80,-2.558,-7.493,107.8,2.65,CLEAR|STRAIGHT,,999.00,1.34,1.5,4.7,3399
85.85,-2.558,-7.493,108.2,2.65,CLEAR|STRAIGHT,,999.00,1.39,1.3,4.4,3430
85.90,-2.629,-7.268,109.0,2.61,CLEAR|STRAIGHT,,999.00,1.42,1.0,4.0,3494
85.95,-2.629,-7.268,109.5,2.61,CLEAR|STRAIGHT,,999.00,1.42,0.8,3.8,3527
86.00,-2.696,-7.033,110.1,2.22,CLEAR|STRAIGHT,,999.00,1.42,0.6,3.6,3572
86.05,-2.696,-7.033,110.4,2.22,CLEAR|STRAIGHT,,999.00,1.47,0.5,3.4,3595
86.10,-2.696,-7.033,110.9,2.22,CLEAR|STRAIGHT,,999.00,1.52,0.3,3.1,3630
86.15,-2.771,-6.801,111.2,2.22,CLEAR|STRAIGHT,,999.00,1.55,0.1,3.0,3677
86.20,-2.856,-6.583,111.6,2.60,CLEAR|STRAIGHT,,999.00,1.55,0.0,2.9,3677
86.25,-2.856,-6.583,111.9,2.60,CLEAR|STRAIGHT,,999.00,1.60,-0.1,2.5,3738
86.30,-2.856,-6.583,112.2,2.60,CLEAR|STRAIGHT,,999.00,1.65,-0.4,2.3,3763
86.35,-2.934,-6.348,112.4,1.90,CLEAR|STRAIGHT,,999.00,1.70,-0.5,2.3,3776
86.40,-2.934,-6.348,112.7,1.90,CLEAR|STRAIGHT,,999.00,1.73,-0.5,2.3,3788
86.45,-2.934,-6.348,112.8,1.90,CLEAR|STRAIGHT,,999.00,1.73,-0.6,2.3,3827
86.50,-2.934,-6.348,113.1,1.90,CLEAR|STRAIGHT,,999.00,1.73,-0.8,1.8,3840
86.55,-3.101,-5.892,113.3,2.69,CLEAR|STRAIGHT,,999.00,1.73,-0.8,1.8,3867
86.60,-3.101,-5.892,113.5,2.69,CLEAR|STRAIGHT,,999.00,1.78,-0.9,1.8,3880
86.65,-3.190,-5.661,113.7,2.06,CLEAR|STRAIGHT,,999.00,1.83,-0.9,1.8,3867
86.70,-3.190,-5.661,114.0,2.06,CLEAR|STRAIGHT,,999.00,1.88,-1.0,1.6,3907
86.75,-3.190,-5.661,114.0,2.06,CLEAR|STRAIGHT,,999.00,1.93,-1.1,1.3,3934
86.80,-3.366,-5.200,114.1,3.08,CLEAR|STRAIGHT,,999.00,1.97,-1.2,1.3,3962
86.85,-3.366,-5.200,114.2,3.08,CLEAR|STRAIGHT,,999.00,1.92,-1.2,1.3,3962
86.90,-3.366,-5.200,114.4,3.08,CLEAR|STRAIGHT,,999.00,1.92,-1.2,1.3,3962
86.95,-3.466,-4.963,114.5,2.14,CLEAR|STRAIGHT,,999.00,1.92,-1.3,0.8,4018
87.00,-3.466,-4.963,114.5,2.14,CLEAR|STRAIGHT,,999.00,1.92,-1.5,0.7,4047
87.05,-3.554,-4.729,114.6,2.49,CLEAR|STRAIGHT,,999.00,1.92,-1.5,0.7,4047
87.10,-3.554,-4.729,114.6,2.49,CLEAR|STRAIGHT,,999.00,1.97,-1.2,0.6,4092
87.15,-3.646,-4.496,114.5,2.51,CLEAR|STRAIGHT,,999.00,1.99,-1.2,0.3,4121
87.20,-3.646,-4.496,114.4,2.51,CLEAR|STRAIGHT,,999.00,1.99,-1.3,0.3,4106
87.25,-3.646,-4.496,114.4,2.51,CLEAR|STRAIGHT,,999.00,1.99,-1.2,0.2,4121
87.30,-3.646,-4.496,114.3,2.51,CLEAR|STRAIGHT,,999.00,1.99,-1.2,0.3,4137
87.35,-3.646,-4.496,114.3,2.51,CLEAR|STRAIGHT,,999.00,1.99,-1.2,0.3,4137
87.40,-3.844,-4.013,114.2,2.01,CLEAR|STRAIGHT,,999.00,1.99,-1.1,0.3,4137
87.45,-3.844,-4.013,114.1,2.01,CLEAR|STRAIGHT,,999.00,1.95,-1.2,0.3,4137
87.50,-3.844,-4.013,114.0,2.01,CLEAR|STRAIGHT,,999.00,1.95,-1.2,0.3,4137
87.55,-4.028,-3.530,114.0,3.69,CLEAR|STRAIGHT,,999.00,1.95,-1.2,0.3,4137
87.60,-4.028,-3.530,114.0,3.69,CLEAR|STRAIGHT,,999.00,1.98,-0.9,0.3,4152
87.65,-4.028,-3.530,113.9,3.69,CLEAR|STRAIGHT,,999.00,1.98,-0.9,0.3,4137
87.70,-4.130,-3.279,113.8,1.80,CLEAR|STRAIGHT,,999.00,1.98,-0.8,0.3,4152
87.75,-4.130,-3.279,113.7,1.80,CLEAR|STRAIGHT,,999.00,1.92,-0.7,0.3,4137
87.80,-4.130,-3.279,113.5,1.80,CLEAR|STRAIGHT,,999.00,1.92,-0.6,0.3,4137
87.85,-4.130,-3.279,113.5,1.80,CLEAR|STRAIGHT,,999.00,1.92,-0.6,0.3,4137
87.90,-4.313,-2.773,113.6,2.69,CLEAR|STRAIGHT,,999.00,1.92,-0.5,0.3,4152
87.95,-4.313,-2.773,113.5,2.69,CLEAR|STRAIGHT,,999.00,1.83,0.1,0.3,4137
88.00,-4.313,-2.773,113.3,2.69,CLEAR|STRAIGHT,,999.00,1.81,0.1,0.3,4152
88.05,-4.313,-2.773,113.3,2.69,CLEAR|STRAIGHT,,999.00,1.81,0.1,0.3,4152
88.10,-4.502,-2.270,113.2,2.68,CLEAR|STRAIGHT,,999.00,1.81,0.2,0.3,4152
88.15,-4.502,-2.270,113.0,2.68,CLEAR|STRAIGHT,,999.00,1.72,0.5,0.3,4137
88.20,-4.502,-2.270,112.6,2.68,CLEAR|STRAIGHT,,999.00,1.63,0.7,0.3,4152
88.25,-4.686,-1.776,112.7,3.51,CLEAR|STRAIGHT,,999.00,1.63,0.8,0.3,4152
88.30,-4.686,-1.776,113.0,3.51,CLEAR|STRAIGHT,,999.00,1.54,1.2,0.3,4137
88.35,-4.788,-1.513,112.8,2.35,CLEAR|STRAIGHT,,999.00,1.46,1.1,0.3,4152
88.40,-4.788,-1.513,112.5,2.35,CLEAR|STRAIGHT,,999.00,1.37,1.3,0.3,4152
88.45,-4.788,-1.513,112.4,2.35,CLEAR|STRAIGHT,,999.00,1.36,1.4,0.3,4167
88.50,-4.963,-0.985,111.9,3.26,CLEAR|STRAIGHT,,999.00,1.36,1.5,0.3,4152
88.55,-4.963,-0.985,111.9,3.26,CLEAR|STRAIGHT,,999.00,1.36,1.6,0.3,4152
88.60,-5.066,-0.743,111.8,2.92,CLEAR|STRAIGHT,,999.00,1.36,2.4,0.3,4152
88.65,-5.066,-0.743,111.8,2.92,CLEAR|STRAIGHT,,999.00,1.36,2.3,0.3,4152
88.70,-5.161,-0.488,111.5,2.47,CLEAR|STRAIGHT,,999.00,1.36,2.5,0.3,4152
88.75,-5.161,-0.488,111.4,2.47,CLEAR|STRAIGHT,,999.00,1.41,2.6,0.5,4106
88.80,-5.227,-0.201,111.4,2.92,CLEAR|STRAIGHT,,999.00,1.46,2.9,1.1,4077
88.85,-5.227,-0.201,111.8,2.92,CLEAR|STRAIGHT,,999.00,1.47,3.0,1.1,4047
88.90,-5.319,0.054,112.5,2.71,CLEAR|STRAIGHT,,999.00,1.47,3.2,1.1,4033
88.95,-5.319,0.054,112.5,2.71,CLEAR|STRAIGHT,,999.00,1.52,3.2,1.2,4033
89.00,-5.394,0.305,113.0,2.60,CLEAR|STRAIGHT,,999.00,1.57,3.2,1.9,3962
89.05,-5.394,0.305,113.0,2.60,CLEAR|STRAIGHT,,999.00,1.62,3.0,1.9,3920
89.10,-5.486,0.571,113.0,2.81,CLEAR|STRAIGHT,,999.00,1.67,3.1,1.9,3907
89.15,-5.486,0.571,113.0,2.81,CLEAR|STRAIGHT,,999.00,1.72,3.1,1.9,3907
89.20,-5.603,0.807,113.0,2.63,CLEAR|STRAIGHT,,999.00,1.77,3.5,2.2,3893
89.25,-5.603,0.807,113.1,2.63,CLEAR|STRAIGHT,,999.00,1.79,3.5,2.5,3827
89.30,-5.603,0.807,113.2,2.63,CLEAR|STRAIGHT,,999.00,1.79,3.4,2.5,3840
89.35,-5.694,1.049,113.3,2.35,CLEAR|STRAIGHT,,999.00,1.79,3.4,2.4,3814
89.40,-5.792,1.292,114.0,2.92,CLEAR|STRAIGHT,,999.00,1.79,4.3,2.5,3801
89.45,-5.792,1.292,114.4,2.92,CLEAR|STRAIGHT,,999.00,1.70,4.0,2.6,3814
89.50,-5.892,1.537,114.7,2.93,CLEAR|STRAIGHT,,999.00,1.70,3.1,2.6,3801
89.55,-5.892,1.537,115.0,2.93,CLEAR|STRAIGHT,,999.00,1.70,3.0,2.5,3788
89.60,-5.976,1.809,115.5,2.76,CLEAR|STRAIGHT,,999.00,1.70,3.3,2.6,3788
89.65,-5.976,1.809,115.6,2.76,CLEAR|STRAIGHT,,999.00,1.67,3.2,2.6,3801
89.70,-6.069,2.062,116.0,2.49,CLEAR|STRAIGHT,,999.00,1.67,3.3,2.6,3801
89.75,-6.069,2.062,116.3,2.49,CLEAR|STRAIGHT,,999.00,1.67,3.2,2.6,3801
89.80,-6.187,2.289,117.0,2.84,CLEAR|STRAIGHT,,999.00,1.67,4.0,2.5,3788
89.85,-6.187,2.289,117.4,2.84,CLEAR|STRAIGHT,,999.00,1.65,3.8,2.5,3801
89.90,-6.285,2.520,117.9,2.27,CLEAR|STRAIGHT,,999.00,1.65,2.8,2.6,3801
89.95,-6.285,2.520,118.0,2.27,CLEAR|STRAIGHT,,999.00,1.65,2.7,2.5,3801
90.00,-6.384,2.785,118.1,2.80,CLEAR|STRAIGHT,,999.00,1.65,3.9,2.5,3801
90.05,-6.384,2.785,118.3,2.80,CLEAR|STRAIGHT,,999.00,1.70,3.9,2.6,3801
90.10,-6.517,3.010,118.7,2.90,CLEAR|STRAIGHT,,999.00,1.71,2.9,2.6,3788
90.15,-6.517,3.010,119.0,2.90,CLEAR|STRAIGHT,,999.00,1.71,2.8,2.6,3788
90.20,-6.635,3.236,119.5,2.32,CLEAR|STRAIGHT,,999.00,1.71,2.8,2.6,3788
90.25,-6.635,3.236,119.7,2.32,CLEAR|STRAIGHT,,999.00,1.76,2.7,2.6,3776
90.30,-6.635,3.236,120.1,2.32,CLEAR|STRAIGHT,,999.00,1.81,3.0,2.5,3788
90.35,-6.739,3.477,120.3,2.17,CLEAR|STRAIGHT,,999.00,1.84,2.9,2.5,3776
90.40,-6.739,3.477,120.7,2.17,CLEAR|STRAIGHT,,999.00,1.84,3.6,2.6,3788
90.45,-6.739,3.477,120.9,2.17,CLEAR|STRAIGHT,,999.00,1.84,3.6,2.7,3776
90.50,-6.988,3.933,121.6,2.88,CLEAR|STRAIGHT,,999.00,1.84,3.3,2.7,3776
90.55,-6.988,3.933,121.8,2.88,CLEAR|STRAIGHT,,999.00,1.89,3.1,2.6,3788
90.60,-7.117,4.163,122.2,2.64,CLEAR|STRAIGHT,,999.00,1.94,1.9,2.7,3763
90.65,-7.117,4.163,122.3,2.64,CLEAR|STRAIGHT,,999.00,1.85,1.8,2.7,3763
90.70,-7.236,4.387,122.6,2.81,CLEAR|STRAIGHT,,999.00,1.84,1.7,2.6,3776
90.75,-7.236,4.387,122.7,2.81,CLEAR|STRAIGHT,,999.00,1.84,1.7,2.7,3751
90.80,-7.376,4.607,123.3,2.37,CLEAR|STRAIGHT,,999.00,1.84,1.8,2.7,3751
90.85,-7.376,4.607,123.7,2.37,CLEAR|STRAIGHT,,999.00,1.75,1.6,2.7,3763
90.90,-7.515,4.828,124.4,2.61,CLEAR|STRAIGHT,,999.00,1.73,1.4,2.7,3776
90.95,-7.515,4.828,124.4,2.61,CLEAR|STRAIGHT,,999.00,1.73,1.2,2.7,3788
91.00,-7.640,5.047,124.8,2.52,CLEAR|STRAIGHT,,999.00,1.73,1.1,2.7,3751
91.05,-7.640,5.047,124.9,2.52,CLEAR|STRAIGHT,,999.00,1.64,1.0,2.7,3763
91.10,-7.789,5.270,125.3,2.68,CLEAR|STRAIGHT,,999.00,1.62,0.8,2.7,3776
91.15,-7.789,5.270,125.6,2.68,CLEAR|STRAIGHT,,999.00,1.58,0.7,2.0,3853
91.20,-7.932,5.483,126.0,2.56,CLEAR|STRAIGHT,,999.00,1.58,0.3,1.8,3880
91.25,-7.932,5.483,126.3,2.56,CLEAR|STRAIGHT,,999.00,1.58,0.2,1.7,3907
91.30,-8.064,5.690,126.2,2.72,CLEAR|STRAIGHT,,999.00,1.58,0.1,1.5,3934
91.35,-8.064,5.690,126.2,2.72,CLEAR|STRAIGHT,,999.00,1.58,0.2,1.5,3934
91.40,-8.184,5.898,126.4,2.17,CLEAR|STRAIGHT,,999.00,1.58,0.0,1.6,3920
91.45,-8.184,5.898,126.3,2.17,CLEAR|STRAIGHT,,999.00,1.58,0.1,1.6,3920
91.50,-8.333,6.106,126.4,2.83,CLEAR|STRAIGHT,,999.00,1.58,0.3,1.6,3934
91.55,-8.333,6.106,126.5,2.83,CLEAR|STRAIGHT,,999.00,1.58,0.2,1.6,3948
91.60,-8.474,6.329,126.6,2.63,CLEAR|STRAIGHT,,999.00,1.58,0.0,1.6,3962
91.65,-8.474,6.329,126.6,2.63,CLEAR|STRAIGHT,,999.00,1.58,0.0,1.1,3976
91.70,-8.616,6.523,126.6,2.19,CLEAR|STRAIGHT,,999.00,1.58,0.1,0.8,4033
91.75,-8.616,6.523,126.5,2.19,CLEAR|STRAIGHT,,999.00,1.61,0.1,0.8,4047
91.80,-8.754,6.729,126.6,2.47,CLEAR|STRAIGHT,,999.00,1.61,0.1,0.8,4047
91.85,-8.754,6.729,126.7,2.47,CLEAR|STRAIGHT,,999.00,1.61,0.1,0.8,4062
91.90,-8.896,6.930,126.7,2.47,CLEAR|STRAIGHT,,999.00,1.61,0.1,0.8,4062
91.95,-8.896,6.930,126.7,2.47,CLEAR|STRAIGHT,,999.00,1.61,0.1,0.8,4077
92.00,-8.896,6.930,126.5,2.47,CLEAR|STRAIGHT,,999.00,1.61,0.2,0.8,4077
92.05,-8.896,6.930,126.4,2.47,CLEAR|STRAIGHT,,999.00,1.61,0.2,0.8,4077
92.10,-9.030,7.135,126.4,1.63,CLEAR|STRAIGHT,,999.00,1.61,0.3,0.9,4077
92.15,-9.030,7.135,126.4,1.63,CLEAR|STRAIGHT,,999.00,1.64,0.6,0.8,4077
92.20,-9.306,7.538,126.4,3.26,CLEAR|STRAIGHT,,999.00,1.64,0.6,0.6,4077
92.25,-9.306,7.538,126.5,3.26,CLEAR|STRAIGHT,,999.00,1.67,0.5,0.6,4077
92.30,-9.306,7.538,126.4,3.26,CLEAR|STRAIGHT,,999.00,1.67,0.7,0.8,4077
92.35,-9.432,7.744,126.5,1.85,CLEAR|STRAIGHT,,999.00,1.67,0.7,0.8,4077
92.40,-9.432,7.744,126.4,1.85,CLEAR|STRAIGHT,,999.00,1.67,1.0,0.8,4077
92.45,-9.432,7.744,126.4,1.85,CLEAR|STRAIGHT,,999.00,1.67,1.0,0.8,4077
92.50,-9.700,8.146,126.3,2.84,CLEAR|STRAIGHT,,999.00,1.67,1.1,0.8,4077
92.55,-9.700,8.146,126.5,2.84,CLEAR|STRAIGHT,,999.00,1.66,1.1,0.8,4077
92.60,-9.838,8.356,126.5,2.51,CLEAR|STRAIGHT,,999.00,1.66,1.2,0.8,4092
92.65,-9.838,8.356,126.5,2.51,CLEAR|STRAIGHT,,999.00,1.60,1.2,0.8,4077
92.70,-9.968,8.554,126.5,2.37,CLEAR|STRAIGHT,,999.00,1.60,1.4,0.8,4077
92.75,-9.968,8.554,126.4,2.37,CLEAR|STRAIGHT,,999.00,1.60,1.4,0.8,4077
92.80,-10.100,8.755,126.3,2.66,CLEAR|STRAIGHT,,999.00,1.60,1.8,0.9,4077
92.85,-10.100,8.755,126.3,2.66,CLEAR|STRAIGHT,,999.00,1.58,1.8,0.8,4062
92.90,-10.230,8.956,126.4,2.17,CLEAR|STRAIGHT,,999.00,1.58,1.8,0.8,4062
92.95,-10.230,8.956,126.3,2.17,CLEAR|STRAIGHT,,999.00,1.58,1.8,0.9,4077
93.00,-10.366,9.156,126.2,2.42,CLEAR|STRAIGHT,,999.00,1.58,2.4,0.9,4077
93.05,-10.366,9.156,126.2,2.42,CLEAR|STRAIGHT,,999.00,1.61,2.4,0.8,4077
93.10,-10.497,9.348,126.1,2.56,CLEAR|STRAIGHT,,999.00,1.61,2.4,0.8,4062
93.15,-10.497,9.348,126.1,2.56,CLEAR|STRAIGHT,,999.00,1.61,2.4,0.8,4062
93.20,-10.628,9.547,126.0,2.17,CLEAR|STRAIGHT,,999.00,1.61,2.8,0.8,4062
93.25,-10.628,9.547,126.0,2.17,CLEAR|STRAIGHT,,999.00,1.66,2.8,0.9,4077
93.30,-10.628,9.547,126.1,2.17,CLEAR|STRAIGHT,,999.00,1.69,3.1,1.3,4018
93.35,-10.752,9.749,126.1,2.15,CLEAR|STRAIGHT,,999.00,1.69,3.1,1.4,4004
93.40,-10.876,9.952,126.2,2.64,CLEAR|STRAIGHT,,999.00,1.69,3.7,1.5,3976
93.45,-10.876,9.952,126.1,2.64,CLEAR|STRAIGHT,,999.00,1.74,3.7,1.5,3976
93.50,-11.012,10.145,126.1,2.36,CLEAR|STRAIGHT,,999.00,1.77,3.3,1.5,3990
93.55,-11.012,10.145,126.2,2.36,CLEAR|STRAIGHT,,999.00,1.77,3.3,2.2,3880
93.60,-11.135,10.336,126.5,2.26,CLEAR|STRAIGHT,,999.00,1.77,4.0,2.2,3880
93.65,-11.135,10.336,126.7,2.26,CLEAR|STRAIGHT,,999.00,1.82,4.0,2.1,3880
93.70,-11.259,10.534,126.9,2.59,CLEAR|STRAIGHT,,999.00,1.84,3.8,2.2,3867
93.75,-11.259,10.534,127.0,2.59,CLEAR|STRAIGHT,,999.00,1.84,3.8,2.2,3867
93.80,-11.384,10.730,127.2,2.32,CLEAR|STRAIGHT,,999.00,1.84,4.0,2.7,3788
93.85,-11.384,10.730,127.3,2.32,CLEAR|STRAIGHT,,999.00,1.84,3.9,2.7,3788
93.90,-11.521,10.921,127.6,2.14,CLEAR|STRAIGHT,,999.00,1.84,4.9,2.8,3776
93.95,-11.521,10.921,127.8,2.14,CLEAR|STRAIGHT,,999.00,1.88,4.8,2.8,3776
94.00,-11.658,11.111,128.2,2.60,CLEAR|STRAIGHT,,999.00,1.88,4.7,3.1,3738
94.05,-11.658,11.111,128.5,2.60,CLEAR|STRAIGHT,,999.00,1.88,4.6,3.2,3713
94.10,-11.787,11.296,128.8,2.05,CLEAR|STRAIGHT,,999.00,1.88,4.4,3.3,3701
94.15,-11.787,11.296,129.0,2.05,CLEAR|STRAIGHT,,999.00,1.84,4.3,3.2,3713
94.20,-11.922,11.487,129.4,2.33,CLEAR|STRAIGHT,,999.00,1.84,4.7,3.2,3701
94.25,-11.922,11.487,129.7,2.33,CLEAR|STRAIGHT,,999.00,1.84,4.6,3.2,3701
94.30,-11.922,11.487,130.2,2.33,CLEAR|STRAIGHT,,999.00,1.84,4.7,3.2,3677
94.35,-12.071,11.666,130.4,2.12,CLEAR|STRAIGHT,,999.00,1.84,4.6,3.2,3689
94.40,-12.209,11.859,131.1,2.63,CLEAR|STRAIGHT,,999.00,1.77,4.3,3.4,3701
94.45,-12.209,11.859,131.2,2.63,CLEAR|STRAIGHT,,999.00,1.77,4.2,3.2,3701
94.50,-12.209,11.859,131.7,2.63,CLEAR|STRAIGHT,,999.00,1.77,3.9,3.2,3701
94.55,-12.352,12.033,131.9,2.04,CLEAR|STRAIGHT,,999.00,1.77,3.8,3.2,3689
94.60,-12.352,12.033,132.3,2.04,CLEAR|STRAIGHT,,999.00,1.73,4.1,3.2,3701
94.65,-12.498,12.216,132.5,2.34,CLEAR|STRAIGHT,,999.00,1.73,4.1,3.2,3677
94.70,-12.651,12.388,133.0,2.56,CLEAR|STRAIGHT,,999.00,1.73,4.0,3.2,3689
94.75,-12.651,12.388,133.2,2.56,CLEAR|STRAIGHT,,999.00,1.76,4.0,3.2,3689
94.80,-12.798,12.560,133.7,2.26,CLEAR|STRAIGHT,,999.00,1.76,3.1,3.2,3701
94.85,-12.798,12.560,133.9,2.26,CLEAR|STRAIGHT,,999.00,1.76,3.0,3.2,3689
94.90,-12.947,12.733,134.3,2.53,CLEAR|STRAIGHT,,999.00,1.76,3.7,3.2,3677
94.95,-12.947,12.733,134.5,2.53,CLEAR|STRAIGHT,,999.00,1.81,3.7,3.2,3677
95.00,-13.103,12.904,135.0,2.10,CLEAR|STRAIGHT,,999.00,1.86,2.8,3.2,3677
95.05,-13.103,12.904,135.2,2.10,CLEAR|STRAIGHT,,999.00,1.88,2.7,3.2,3689
95.10,-13.259,13.062,135.7,2.22,CLEAR|STRAIGHT,,999.00,1.88,3.5,3.2,3689
95.15,-13.259,13.062,136.0,2.22,CLEAR|STRAIGHT,,999.00,1.88,3.4,3.2,3677
95.20,-13.259,13.062,136.4,2.22,CLEAR|STRAIGHT,,999.00,1.88,3.4,3.2,3689
95.25,-13.410,13.229,136.6,2.04,CLEAR|STRAIGHT,,999.00,1.88,3.3,3.2,3701
95.30,-13.410,13.229,137.0,2.04,CLEAR|STRAIGHT,,999.00,1.93,3.0,3.2,3689
95.35,-13.566,13.393,137.3,2.26,CLEAR|STRAIGHT,,999.00,1.98,2.9,3.2,3689
95.40,-13.725,13.542,137.6,2.72,CLEAR|STRAIGHT,,999.00,1.99,2.8,3.2,3677
95.45,-13.725,13.542,137.9,2.72,CLEAR|STRAIGHT,,999.00,1.92,2.8,3.2,3689
95.50,-13.889,13.707,138.4,2.19,CLEAR|STRAIGHT,,999.00,1.92,1.6,3.3,3689
95.55,-13.889,13.707,138.7,2.19,CLEAR|STRAIGHT,,999.00,1.92,1.5,3.2,3689
95.60,-14.052,13.860,139.1,2.15,CLEAR|STRAIGHT,,999.00,1.92,2.2,3.2,3677
95.65,-14.052,13.860,139.2,2.15,CLEAR|STRAIGHT,,999.00,1.92,2.1,3.4,3701
95.70,-14.215,14.015,139.8,2.49,CLEAR|STRAIGHT,,999.00,1.92,1.5,3.2,3677
95.75,-14.215,14.015,140.0,2.49,CLEAR|STRAIGHT,,999.00,1.92,1.4,3.3,3689
95.80,-14.385,14.166,140.4,2.26,CLEAR|STRAIGHT,,999.00,1.92,1.1,3.2,3677
95.85,-14.385,14.166,140.7,2.26,CLEAR|STRAIGHT,,999.00,1.96,1.1,3.2,3677
95.90,-14.550,14.319,141.3,2.05,CLEAR|STRAIGHT,,999.00,1.96,0.7,3.2,3677
95.95,-14.550,14.319,141.4,2.05,CLEAR|STRAIGHT,,999.00,1.96,0.6,2.4,3763
96.00,-14.719,14.461,141.6,2.21,CLEAR|STRAIGHT,,999.00,1.96,0.7,2.1,3814
96.05,-14.719,14.461,141.7,2.21,CLEAR|STRAIGHT,,999.00,1.96,0.7,2.1,3840
96.10,-14.892,14.608,141.9,2.27,CLEAR|STRAIGHT,,999.00,1.96,0.6,2.1,3853
96.15,-14.892,14.608,141.9,2.27,CLEAR|STRAIGHT,,999.00,1.92,0.5,2.1,3853
96.20,-15.069,14.754,142.2,2.29,CLEAR|STRAIGHT,,999.00,1.92,0.1,2.0,3853
96.25,-15.069,14.754,142.3,2.29,CLEAR|STRAIGHT,,999.00,1.92,0.0,1.8,3880
96.30,-15.069,14.754,142.5,2.29,CLEAR|STRAIGHT,,999.00,1.92,-0.1,1.5,3934
96.35,-15.236,14.899,142.5,1.70,CLEAR|STRAIGHT,,999.00,1.92,-0.1,1.5,3934
96.40,-15.236,14.899,142.6,1.70,CLEAR|STRAIGHT,,999.00,1.86,-0.1,1.6,3948
96.45,-15.236,14.899,142.6,1.70,CLEAR|STRAIGHT,,999.00,1.86,-0.1,1.6,3948
96.50,-15.578,15.190,142.7,2.64,CLEAR|STRAIGHT,,999.00,1.86,-0.2,1.6,3934
96.55,-15.578,15.190,142.7,2.64,CLEAR|STRAIGHT,,999.00,1.84,-0.2,1.3,3962
96.60,-15.750,15.332,143.0,2.23,CLEAR|STRAIGHT,,999.00,1.84,-0.9,1.2,3990
96.65,-15.750,15.332,142.9,2.23,CLEAR|STRAIGHT,,999.00,1.84,-0.9,1.1,4004
96.70,-15.918,15.476,142.9,2.76,CLEAR|STRAIGHT,,999.00,1.84,-0.9,1.2,4004
96.75,-15.918,15.476,142.9,2.76,CLEAR|STRAIGHT,,999.00,1.85,-0.9,0.8,4062
96.80,-16.091,15.618,142.9,1.86,CLEAR|STRAIGHT,,999.00,1.85,-1.2,0.7,4077
96.85,-16.091,15.618,142.8,1.86,CLEAR|STRAIGHT,,999.00,1.85,-1.2,0.6,4077
96.90,-16.263,15.759,142.6,2.22,CLEAR|STRAIGHT,,999.00,1.85,-1.0,0.7,4077
96.95,-16.263,15.759,142.6,2.22,CLEAR|STRAIGHT,,999.00,1.85,-1.0,0.6,4106
97.00,-16.434,15.912,142.6,2.28,CLEAR|STRAIGHT,,999.00,1.85,-1.1,0.6,4077
97.05,-16.434,15.912,142.6,2.28,CLEAR|STRAIGHT,,999.00,1.90,-1.1,0.6,4092
97.10,-16.602,16.045,142.4,2.15,CLEAR|STRAIGHT,,999.00,1.90,-1.3,0.7,4092
97.15,-16.602,16.045,142.3,2.15,CLEAR|STRAIGHT,,999.00,1.90,-1.3,0.6,4092
97.20,-16.761,16.202,142.2,2.21,CLEAR|STRAIGHT,,999.00,1.90,-1.3,0.5,4106
97.25,-16.761,16.202,142.1,2.21,CLEAR|STRAIGHT,,999.00,1.95,-1.2,0.6,4106
97.30,-16.761,16.202,141.9,2.21,CLEAR|STRAIGHT,,999.00,1.98,-1.3,0.6,4106
97.35,-16.939,16.335,141.9,2.02,CLEAR|STRAIGHT,,999.00,1.98,-1.2,0.7,4106
97.40,-16.939,16.335,141.9,2.02,CLEAR|STRAIGHT,,999.00,1.98,-1.3,0.6,4106
97.45,-16.939,16.335,141.8,2.02,CLEAR|STRAIGHT,,999.00,1.98,-1.3,0.6,4106
97.50,-17.266,16.632,141.6,2.32,CLEAR|STRAIGHT,,999.00,1.98,-1.3,0.6,4106
97.55,-17.266,16.632,141.5,2.32,CLEAR|STRAIGHT,,999.00,1.96,-1.3,0.7,4092
97.60,-17.438,16.781,141.3,2.27,CLEAR|STRAIGHT,,999.00,1.96,-1.3,0.7,4106
97.65,-17.438,16.781,141.2,2.27,CLEAR|STRAIGHT,,999.00,1.92,-1.3,0.7,4092
97.70,-17.438,16.781,141.1,2.27,CLEAR|STRAIGHT,,999.00,1.92,-1.3,0.6,4106
97.75,-17.603,16.925,141.1,2.00,CLEAR|STRAIGHT,,999.00,1.92,-1.3,0.6,4092
97.80,-17.774,17.075,141.1,2.52,CLEAR|STRAIGHT,,999.00,1.92,-1.4,0.6,4106
97.85,-17.774,17.075,141.1,2.52,CLEAR|STRAIGHT,,999.00,1.92,-1.4,0.7,4092
97.90,-17.934,17.219,140.8,2.15,CLEAR|STRAIGHT,,999.00,1.92,-1.5,0.7,4077
97.95,-17.934,17.219,140.9,2.15,CLEAR|STRAIGHT,,999.00,1.87,-1.4,0.6,4106
98.00,-18.104,17.369,140.6,2.27,CLEAR|STRAIGHT,,999.00,1.87,-1.5,0.7,4106
98.05,-18.104,17.369,140.5,2.27,CLEAR|STRAIGHT,,999.00,1.87,-1.4,0.6,4121
98.10,-18.104,17.369,140.3,2.27,CLEAR|STRAIGHT,,999.00,1.87,-1.4,0.6,4106
98.15,-18.269,17.520,140.4,1.86,CLEAR|STRAIGHT,,999.00,1.87,-1.3,0.7,4092
98.20,-18.269,17.520,140.3,1.86,CLEAR|STRAIGHT,,999.00,1.78,-1.4,0.6,4106
98.25,-18.269,17.520,140.2,1.86,CLEAR|STRAIGHT,,999.00,1.77,-1.4,0.6,4106
98.30,-18.269,17.520,140.1,1.86,CLEAR|STRAIGHT,,999.00,1.77,-1.3,0.7,4106
98.35,-18.596,17.820,140.0,2.01,CLEAR|STRAIGHT,,999.00,1.77,-1.3,0.7,4092
98.40,-18.596,17.820,139.8,2.01,CLEAR|STRAIGHT,,999.00,1.74,-1.4,0.6,4106
98.45,-18.596,17.820,139.6,2.01,CLEAR|STRAIGHT,,999.00,1.74,-1.3,0.7,4121
98.50,-18.923,18.120,139.5,2.96,CLEAR|STRAIGHT,,999.00,1.74,-1.2,0.6,4092
98.55,-18.923,18.120,139.5,2.96,CLEAR|STRAIGHT,,999.00,1.75,-1.2,0.6,4092
98.60,-19.086,18.263,139.5,1.97,CLEAR|STRAIGHT,,999.00,1.75,-1.1,0.7,4106
98.65,-19.086,18.263,139.4,1.97,CLEAR|STRAIGHT,,999.00,1.75,-1.2,0.6,4121
98.70,-19.241,18.429,139.3,2.26,CLEAR|STRAIGHT,,999.00,1.75,-1.4,0.6,4106
98.75,-19.241,18.429,139.3,2.26,CLEAR|STRAIGHT,,999.00,1.75,-1.3,0.6,4106
98.80,-19.241,18.429,139.0,2.26,CLEAR|STRAIGHT,,999.00,1.75,-1.2,0.7,4106
98.85,-19.392,18.576,138.9,1.75,CLEAR|STRAIGHT,,999.00,1.75,-1.2,0.7,4106
98.90,-19.392,18.576,138.8,1.75,CLEAR|STRAIGHT,,999.00,1.80,-1.1,0.6,4092
98.95,-19.392,18.576,138.8,1.75,CLEAR|STRAIGHT,,999.00,1.80,-1.0,0.7,4092
99.00,-19.713,18.882,138.7,2.46,CLEAR|STRAIGHT,,999.00,1.80,-1.0,0.6,4121
99.05,-19.713,18.882,138.6,2.46,CLEAR|STRAIGHT,,999.00,1.85,-1.0,0.6,4106
99.10,-19.870,19.034,138.4,2.18,CLEAR|STRAIGHT,,999.00,1.90,-1.0,0.6,4106
99.15,-19.870,19.034,138.3,2.18,CLEAR|STRAIGHT,,999.00,1.95,-0.9,0.7,4106
99.20,-20.027,19.194,138.1,2.23,CLEAR|STRAIGHT,,999.00,1.95,-0.9,0.7,4121
99.25,-20.027,19.194,138.0,2.23,CLEAR|STRAIGHT,,999.00,1.86,-0.9,0.6,4106
99.30,-20.027,19.194,137.9,2.23,CLEAR|STRAIGHT,,999.00,1.84,-0.7,0.6,4106
99.35,-20.184,19.339,137.9,1.78,CLEAR|STRAIGHT,,999.00,1.84,-0.7,0.6,4106
99.40,-20.184,19.339,137.8,1.78,CLEAR|STRAIGHT,,999.00,1.84,-0.8,0.6,4121
99.45,-20.184,19.339,137.6,1.78,CLEAR|STRAIGHT,,999.00,1.84,-0.7,0.6,4106
99.50,-20.492,19.645,137.4,2.41,CLEAR|STRAIGHT,,999.00,1.84,-0.6,0.6,4106
99.55,-20.492,19.645,137.4,2.41,CLEAR|STRAIGHT,,999.00,1.75,-0.6,0.6,4121
99.60,-20.640,19.808,137.1,2.19,CLEAR|STRAIGHT,,999.00,1.70,-0.5,0.6,4106
99.65,-20.640,19.808,137.0,2.19,CLEAR|STRAIGHT,,999.00,1.70,-0.5,0.6,4106
99.70,-20.792,19.971,137.0,2.47,CLEAR|STRAIGHT,,999.00,1.70,-0.3,0.6,4121
99.75,-20.792,19.971,137.0,2.47,CLEAR|STRAIGHT,,999.00,1.66,-0.3,0.6,4121
99.80,-20.943,20.122,136.8,1.95,CLEAR|STRAIGHT,,999.00,1.66,-0.2,0.6,4106
99.85,-20.943,20.122,136.7,1.95,CLEAR|STRAIGHT,,999.00,1.66,-0.2,0.6,4106
99.90,-21.091,20.280,136.6,2.16,CLEAR|STRAIGHT,,999.00,1.66,-0.0,0.6,4106
99.95,-21.091,20.280,136.5,2.16,CLEAR|STRAIGHT,,999.00,1.71,0.0,0.6,4106
100.00,-21.238,20.441,136.3,2.17,CLEAR|STRAIGHT,,999.00,1.71,0.1,0.7,4092
100.05,-21.238,20.441,136.2,2.17,CLEAR|STRAIGHT,,999.00,1.71,0.1,0.6,4121
100.10,-21.385,20.596,136.2,2.13,CLEAR|STRAIGHT,,999.00,1.71,0.3,0.7,4106
100.15,-21.385,20.596,136.2,2.13,CLEAR|STRAIGHT,,999.00,1.76,0.3,0.6,4106
100.20,-21.532,20.748,136.0,2.12,CLEAR|STRAIGHT,,999.00,1.81,0.3,0.6,4106
100.25,-21.532,20.748,135.9,2.12,CLEAR|STRAIGHT,,999.00,1.84,0.4,0.6,4121
100.30,-21.670,20.910,135.8,2.11,CLEAR|STRAIGHT,,999.00,1.84,0.6,0.6,4106
100.35,-21.670,20.910,135.7,2.11,CLEAR|STRAIGHT,,999.00,1.84,0.6,0.6,4121
100.40,-21.818,21.061,135.5,2.11,CLEAR|STRAIGHT,,999.00,1.84,0.9,0.7,4121
100.45,-21.818,21.061,135.4,2.11,CLEAR|STRAIGHT,,999.00,1.89,1.0,0.8,4121
100.50,-21.818,21.061,135.3,2.11,CLEAR|STRAIGHT,,999.00,1.94,0.9,0.6,4106
100.55,-21.961,21.228,135.3,1.83,CLEAR|STRAIGHT,,999.00,1.99,1.0,0.6,4137
100.60,-21.961,21.228,135.1,1.83,CLEAR|STRAIGHT,,999.00,2.00,1.5,0.6,4106
100.65,-21.961,21.228,135.1,1.83,CLEAR|STRAIGHT,,999.00,2.00,1.5,0.6,4121
100.70,-22.243,21.543,135.0,2.34,CLEAR|STRAIGHT,,999.00,2.00,1.6,0.6,4106
100.75,-22.243,21.543,134.9,2.34,CLEAR|STRAIGHT,,999.00,1.92,1.7,0.6,4137
100.80,-22.391,21.699,134.6,2.15,CLEAR|STRAIGHT,,999.00,1.92,1.6,0.6,4106
100.85,-22.391,21.699,134.6,2.15,CLEAR|STRAIGHT,,999.00,1.92,1.6,0.6,4121
100.90,-22.534,21.855,134.4,2.12,CLEAR|STRAIGHT,,999.00,1.92,1.7,0.6,4121
100.95,-22.534,21.855,134.6,2.12,CLEAR|STRAIGHT,,999.00,1.92,1.7,0.6,4121
101.00,-22.670,22.013,134.5,2.08,CLEAR|STRAIGHT,,999.00,1.92,2.0,0.6,4106
101.05,-22.670,22.013,134.5,2.08,CLEAR|STRAIGHT,,999.00,1.92,2.1,0.6,4121
101.10,-22.816,22.176,134.4,2.42,CLEAR|STRAIGHT,,999.00,1.92,2.5,0.6,4106
101.15,-22.816,22.176,134.3,2.42,CLEAR|STRAIGHT,,999.00,1.89,2.5,0.6,4106
101.20,-22.955,22.331,134.1,2.31,CLEAR|STRAIGHT,,999.00,1.89,2.1,0.6,4106
101.25,-22.955,22.331,134.0,2.31,CLEAR|STRAIGHT,,999.00,1.89,2.2,0.7,4121
101.30,-22.955,22.331,133.9,2.31,CLEAR|STRAIGHT,,999.00,1.89,2.7,1.2,4047
101.35,-23.096,22.502,134.1,1.59,CLEAR|STRAIGHT,,999.00,1.89,2.7,1.3,4018
101.40,-23.096,22.502,134.2,1.59,CLEAR|STRAIGHT,,999.00,1.88,3.4,1.5,4018
101.45,-23.096,22.502,134.2,1.59,CLEAR|STRAIGHT,,999.00,1.88,3.4,1.3,4018
101.50,-23.382,22.817,134.3,2.36,CLEAR|STRAIGHT,,999.00,1.88,3.3,1.3,4018
101.55,-23.382,22.817,134.3,2.36,CLEAR|STRAIGHT,,999.00,1.88,3.4,1.4,4004
101.60,-23.520,22.979,134.2,2.12,CLEAR|STRAIGHT,,999.00,1.88,3.3,1.7,3948
101.65,-23.520,22.979,134.2,2.12,CLEAR|STRAIGHT,,999.00,1.86,3.3,1.8,3934
101.70,-23.667,23.137,134.4,2.40,CLEAR|STRAIGHT,,999.00,1.86,3.4,1.8,3920
101.75,-23.667,23.137,134.5,2.40,CLEAR|STRAIGHT,,999.00,1.86,3.3,1.9,3907
101.80,-23.813,23.300,134.6,2.19,CLEAR|STRAIGHT,,999.00,1.86,3.3,2.3,3880
101.85,-23.813,23.300,134.6,2.19,CLEAR|STRAIGHT,,999.00,1.91,3.3,2.3,3867
101.90,-23.948,23.456,134.9,2.06,CLEAR|STRAIGHT,,999.00,1.92,3.2,2.3,3853
101.95,-23.948,23.456,135.0,2.06,CLEAR|STRAIGHT,,999.00,1.92,3.2,2.3,3853
102.00,-24.095,23.610,135.0,1.94,CLEAR|STRAIGHT,,999.00,1.92,3.8,2.2,3853
102.05,-24.095,23.610,135.1,1.94,CLEAR|STRAIGHT,,999.00,1.97,3.8,2.2,3853
102.10,-24.235,23.769,135.4,2.34,CLEAR|STRAIGHT,,999.00,1.97,3.4,2.3,3840
102.15,-24.235,23.769,135.6,2.34,CLEAR|STRAIGHT,,999.00,1.97,3.4,2.3,3853
102.20,-24.385,23.920,135.8,2.13,CLEAR|STRAIGHT,,999.00,1.97,3.1,2.3,3840
102.25,-24.385,23.920,135.9,2.13,CLEAR|STRAIGHT,,999.00,1.97,3.1,2.3,3827
102.30,-24.385,23.920,136.2,2.13,CLEAR|STRAIGHT,,999.00,1.97,3.8,2.3,3840
102.35,-24.532,24.082,136.3,1.82,CLEAR|STRAIGHT,,999.00,1.97,3.8,2.3,3840
102.40,-24.532,24.082,136.5,1.82,CLEAR|STRAIGHT,,999.00,1.88,3.7,2.3,3840
102.45,-24.532,24.082,136.6,1.82,CLEAR|STRAIGHT,,999.00,1.80,3.6,2.4,3827
102.50,-24.846,24.387,136.9,2.30,CLEAR|STRAIGHT,,999.00,1.80,3.5,2.3,3840
102.55,-24.846,24.387,137.1,2.30,CLEAR|STRAIGHT,,999.00,1.71,3.4,2.5,3827
102.60,-24.987,24.540,137.4,2.31,CLEAR|STRAIGHT,,999.00,1.69,2.5,2.5,3827
102.65,-24.987,24.540,137.4,2.31,CLEAR|STRAIGHT,,999.00,1.69,2.5,2.5,3801
102.70,-25.142,24.700,137.7,2.21,CLEAR|STRAIGHT,,999.00,1.69,2.8,2.6,3801
102.75,-25.142,24.700,137.8,2.21,CLEAR|STRAIGHT,,999.00,1.71,2.8,2.5,3801
102.80,-25.297,24.845,137.9,2.13,CLEAR|STRAIGHT,,999.00,1.71,2.4,2.6,3814
102.85,-25.297,24.845,138.0,2.13,CLEAR|STRAIGHT,,999.00,1.71,2.3,2.5,3801
102.90,-25.448,24.996,138.4,2.13,CLEAR|STRAIGHT,,999.00,1.71,2.7,2.5,3801
102.95,-25.448,24.996,138.7,2.13,CLEAR|STRAIGHT,,999.00,1.76,2.6,2.5,3801
103.00,-25.607,25.137,138.9,2.13,CLEAR|STRAIGHT,,999.00,1.80,2.0,2.5,3814
103.05,-25.607,25.137,139.0,2.13,CLEAR|STRAIGHT,,999.00,1.80,2.0,2.5,3801
103.10,-25.762,25.292,139.3,2.19,CLEAR|STRAIGHT,,999.00,1.80,2.1,2.5,3801
103.15,-25.762,25.292,139.5,2.19,CLEAR|STRAIGHT,,999.00,1.80,2.1,2.5,3801
103.20,-25.913,25.439,139.7,2.10,CLEAR|STRAIGHT,,999.00,1.80,2.2,2.5,3801
103.25,-25.913,25.439,139.8,2.10,CLEAR|STRAIGHT,,999.00,1.85,2.2,2.5,3726
103.30,-26.081,25.569,140.1,1.93,CLEAR|STRAIGHT,,999.00,1.90,1.8,2.6,3801
103.35,-26.081,25.569,140.4,1.93,CLEAR|STRAIGHT,,999.00,1.91,1.7,2.5,3801
103.40,-26.236,25.715,140.6,2.13,CLEAR|STRAIGHT,,999.00,1.91,1.9,2.6,3788
103.45,-26.236,25.715,140.8,2.13,CLEAR|STRAIGHT,,999.00,1.94,1.9,2.6,3788
103.50,-26.236,25.715,141.0,2.13,CLEAR|STRAIGHT,,999.00,1.94,1.1,2.5,3801
103.55,-26.394,25.864,141.2,1.81,CLEAR|STRAIGHT,,999.00,1.94,1.1,2.6,3801
103.60,-26.394,25.864,141.4,1.81,CLEAR|STRAIGHT,,999.00,1.94,1.5,2.5,3788
103.65,-26.394,25.864,141.4,1.81,CLEAR|STRAIGHT,,999.00,1.94,1.5,2.5,3788
103.70,-26.719,26.144,141.8,2.38,CLEAR|STRAIGHT,,999.00,1.94,1.4,2.5,3788
103.75,-26.719,26.144,142.0,2.38,CLEAR|STRAIGHT,,999.00,1.85,1.3,2.5,3801
103.80,-26.881,26.280,142.4,2.10,CLEAR|STRAIGHT,,999.00,1.82,0.3,2.5,3814
103.85,-26.881,26.280,142.5,2.10,CLEAR|STRAIGHT,,999.00,1.82,0.3,2.5,3801
103.90,-27.045,26.423,142.9,2.42,CLEAR|STRAIGHT,,999.00,1.82,0.4,2.0,3853
103.95,-27.045,26.423,143.0,2.42,CLEAR|STRAIGHT,,999.00,1.73,0.4,1.9,3880
104.00,-27.215,26.554,143.2,2.14,CLEAR|STRAIGHT,,999.00,1.73,-0.3,1.9,3893
104.05,-27.215,26.554,143.2,2.14,CLEAR|STRAIGHT,,999.00,1.73,-0.3,1.9,3907
104.10,-27.215,26.554,143.4,2.14,CLEAR|STRAIGHT,,999.00,1.73,-0.2,1.8,3893
104.15,-27.377,26.696,143.6,1.79,CLEAR|STRAIGHT,,999.00,1.73,-0.3,1.7,3920
104.20,-27.538,26.826,143.6,2.29,CLEAR|STRAIGHT,,999.00,1.68,-0.4,1.7,3920
104.25,-27.538,26.826,143.7,2.29,CLEAR|STRAIGHT,,999.00,1.68,-0.4,1.5,3962
104.30,-27.538,26.826,143.7,2.29,CLEAR|STRAIGHT,,999.00,1.68,-0.8,1.2,3990
104.35,-27.708,26.959,143.7,1.66,CLEAR|STRAIGHT,,999.00,1.68,-0.7,1.0,4018
104.40,-27.708,26.959,143.6,1.66,CLEAR|STRAIGHT,,999.00,1.68,-0.3,1.1,4018
104.45,-27.708,26.959,143.6,1.66,CLEAR|STRAIGHT,,999.00,1.68,-0.4,1.0,4033
104.50,-28.001,27.200,143.6,2.37,CLEAR|STRAIGHT,,999.00,1.68,-0.3,1.0,4047
104.55,-28.001,27.200,143.6,2.37,CLEAR|STRAIGHT,,999.00,1.69,-0.2,1.0,4033
104.60,-28.156,27.323,143.6,1.80,CLEAR|STRAIGHT,,999.00,1.69,-1.0,0.8,4062
104.65,-28.156,27.323,143.4,1.80,CLEAR|STRAIGHT,,999.00,1.74,-1.0,0.6,4092
104.70,-28.309,27.445,143.5,1.95,CLEAR|STRAIGHT,,999.00,1.79,-0.9,0.6,4092
104.75,-28.309,27.445,143.4,1.95,CLEAR|STRAIGHT,,999.00,1.84,-1.0,0.5,4106
104.80,-28.484,27.577,143.2,2.43,CLEAR|STRAIGHT,,999.00,1.85,-1.0,0.6,4092
104.85,-28.484,27.577,143.2,2.43,CLEAR|STRAIGHT,,999.00,1.85,-1.1,0.6,4092
104.90,-28.634,27.722,143.0,1.89,CLEAR|STRAIGHT,,999.00,1.85,-1.2,0.6,4121
104.95,-28.634,27.722,142.9,1.89,CLEAR|STRAIGHT,,999.00,1.89,-1.2,0.5,4106
105.00,-28.795,27.834,142.9,1.96,CLEAR|STRAIGHT,,999.00,1.89,-1.0,0.6,4106
105.05,-28.795,27.834,142.9,1.96,CLEAR|STRAIGHT,,999.00,1.89,-1.0,0.6,4106
105.10,-28.952,27.964,142.7,2.04,CLEAR|STRAIGHT,,999.00,1.89,-1.2,0.6,4121
105.15,-28.952,27.964,142.4,2.04,CLEAR|STRAIGHT,,999.00,1.80,-1.2,0.6,4106
105.20,-29.118,28.106,142.2,2.18,CLEAR|STRAIGHT,,999.00,1.74,-1.2,0.6,4106
105.25,-29.118,28.106,142.1,2.18,CLEAR|STRAIGHT,,999.00,1.74,-1.2,0.6,4106
105.30,-29.118,28.106,142.2,2.18,CLEAR|STRAIGHT,,999.00,1.74,-1.1,0.6,4106
105.35,-29.284,28.240,142.0,1.94,CLEAR|STRAIGHT,,999.00,1.74,-1.2,0.6,4121
105.40,-29.444,28.378,142.1,2.34,CLEAR|STRAIGHT,,999.00,1.74,-1.3,0.6,4137
105.45,-29.444,28.378,142.1,2.34,CLEAR|STRAIGHT,,999.00,1.74,-1.2,0.6,4121
105.50,-29.444,28.378,142.1,2.34,CLEAR|STRAIGHT,,999.00,1.74,-1.3,0.7,4121
105.55,-29.608,28.517,141.9,1.79,CLEAR|STRAIGHT,,999.00,1.74,-1.4,0.6,4121
105.60,-29.608,28.517,141.6,1.79,CLEAR|STRAIGHT,,999.00,1.74,-1.4,0.6,4121
105.65,-29.608,28.517,141.4,1.79,CLEAR|STRAIGHT,,999.00,1.74,-1.4,0.6,4106
105.70,-29.949,28.808,141.2,2.80,CLEAR|STRAIGHT,,999.00,1.74,-1.1,0.6,4121
105.75,-29.949,28.808,141.1,2.80,CLEAR|STRAIGHT,,999.00,1.79,-1.1,0.6,4106
105.80,-30.129,28.958,141.1,1.95,CLEAR|STRAIGHT,,999.00,1.83,-1.2,0.6,4121
105.85,-30.129,28.958,141.1,1.95,CLEAR|STRAIGHT,,999.00,1.88,-1.2,0.5,4106
105.90,-30.304,29.117,141.2,2.36,CLEAR|STRAIGHT,,999.00,1.93,-1.4,0.6,4106
105.95,-30.304,29.117,141.0,2.36,CLEAR|STRAIGHT,,999.00,1.97,-1.4,0.5,4106
106.00,-30.476,29.281,141.1,2.62,AVOID|RIGHT,-5.0,8.00,1.97,-1.4,0.6,4121
106.05,-30.476,29.281,141.2,2.62,AVOID|RIGHT,-5.0,8.00,1.88,-5.0,0.6,4106
106.10,-30.658,29.456,141.0,2.29,BLOCKED|STOP,,3.38,1.86,-5.0,0.6,4121
106.15,-30.658,29.456,141.0,2.29,BLOCKED|STOP,,3.38,1.77,-1.5,0.6,4137
106.20,-30.815,29.590,140.9,2.30,CLEAR|STRAIGHT,,999.00,1.68,-1.5,0.6,4106
106.25,-30.815,29.590,140.9,2.30,CLEAR|STRAIGHT,,999.00,1.73,-1.5,0.6,4121
106.30,-30.976,29.705,140.3,1.80,CLEAR|STRAIGHT,,999.00,1.77,-1.5,0.6,4121
106.35,-30.976,29.705,140.5,1.80,CLEAR|STRAIGHT,,999.00,1.77,-1.5,0.6,4106
106.40,-31.128,29.867,140.3,2.45,CLEAR|STRAIGHT,,999.00,1.77,-1.7,0.5,4121
106.45,-31.128,29.867,140.3,2.45,CLEAR|STRAIGHT,,999.00,1.77,-1.7,0.6,4121
106.50,-31.305,30.026,140.2,2.16,CLEAR|STRAIGHT,,999.00,1.77,-1.5,0.6,4121
106.55,-31.305,30.026,140.1,2.16,CLEAR|STRAIGHT,,999.00,1.75,-1.5,0.5,4137
106.60,-31.459,30.160,140.1,2.27,CLEAR|STRAIGHT,,999.00,1.75,-1.6,0.5,4106
106.65,-31.459,30.160,140.0,2.27,CLEAR|STRAIGHT,,999.00,1.75,-1.6,0.6,4121
106.70,-31.635,30.322,139.8,2.38,CLEAR|STRAIGHT,,999.00,1.75,-1.7,0.6,4137
106.75,-31.635,30.322,139.9,2.38,CLEAR|STRAIGHT,,999.00,1.69,-1.7,0.6,4121
106.80,-31.784,30.484,139.6,2.19,CLEAR|STRAIGHT,,999.00,1.69,-1.8,0.6,4106
106.85,-31.784,30.484,139.6,2.19,CLEAR|STRAIGHT,,999.00,1.69,-1.8,0.6,4137
106.90,-31.944,30.623,139.6,1.93,CLEAR|STRAIGHT,,999.00,1.69,-1.7,0.6,4121
106.95,-31.944,30.623,139.6,1.93,CLEAR|STRAIGHT,,999.00,1.63,-1.7,0.6,4137
107.00,-32.109,30.768,139.5,2.44,CLEAR|STRAIGHT,,999.00,1.63,-2.0,0.6,4121
107.05,-32.109,30.768,139.4,2.44,CLEAR|STRAIGHT,,999.00,1.63,-2.0,0.6,4106
107.10,-32.268,30.923,139.4,2.01,CLEAR|STRAIGHT,,999.00,1.63,-2.2,0.6,4106
107.15,-32.268,30.923,139.3,2.01,CLEAR|STRAIGHT,,999.00,1.54,-2.2,0.6,4137
107.20,-32.429,31.073,139.1,2.44,CLEAR|STRAIGHT,,999.00,1.53,-2.4,0.5,4121
107.25,-32.429,31.073,139.1,2.44,CLEAR|STRAIGHT,,999.00,1.53,-2.3,0.6,4106
107.30,-32.589,31.222,139.0,1.99,CLEAR|STRAIGHT,,999.00,1.53,-2.6,0.6,4121
107.35,-32.589,31.222,139.0,1.99,CLEAR|STRAIGHT,,999.00,1.53,-2.6,0.6,4121
107.40,-32.748,31.379,138.9,2.48,CLEAR|STRAIGHT,,999.00,1.53,-2.8,0.6,4121
107.45,-32.748,31.379,138.9,2.48,CLEAR|STRAIGHT,,999.00,1.44,-2.8,0.6,4121
107.50,-32.903,31.517,138.8,2.07,CLEAR|STRAIGHT,,999.00,1.40,-3.2,0.6,4121
107.55,-32.903,31.517,138.7,2.07,CLEAR|STRAIGHT,,999.00,1.40,-3.2,0.6,4121
107.60,-33.044,31.668,138.4,2.06,CLEAR|STRAIGHT,,999.00,1.40,-3.5,0.6,4106
107.65,-33.044,31.668,138.4,2.06,CLEAR|STRAIGHT,,999.00,1.31,-3.4,0.5,4121
107.70,-33.195,31.822,138.3,2.16,CLEAR|STRAIGHT,,999.00,1.31,-3.7,0.5,4121
107.75,-33.195,31.822,138.4,2.16,CLEAR|STRAIGHT,,999.00,1.31,-3.7,0.6,4106
107.80,-33.361,31.977,138.3,2.26,CLEAR|STRAIGHT,,999.00,1.31,-4.2,0.6,4121
107.85,-33.361,31.977,138.3,2.26,CLEAR|STRAIGHT,,999.00,1.25,-4.1,0.5,4137
107.90,-33.497,32.121,138.1,1.98,CLEAR|STRAIGHT,,999.00,1.25,-4.7,0.6,4121
107.95,-33.497,32.121,138.1,1.98,CLEAR|STRAIGHT,,999.00,1.25,-4.7,0.6,4121
108.00,-33.641,32.268,137.9,2.05,CLEAR|STRAIGHT,,999.00,1.25,-5.0,0.6,4137
108.05,-33.641,32.268,137.9,2.05,CLEAR|STRAIGHT,,999.00,1.25,-5.0,0.6,4121
108.10,-33.795,32.414,137.8,2.11,CLEAR|STRAIGHT,,999.00,1.25,-5.5,0.5,4137
108.15,-33.795,32.414,137.8,2.11,CLEAR|STRAIGHT,,999.00,1.21,-5.5,0.5,4121
108.20,-33.944,32.564,137.7,2.12,CLEAR|STRAIGHT,,999.00,1.21,-6.1,0.6,4121
108.25,-33.944,32.564,137.8,2.12,CLEAR|STRAIGHT,,999.00,1.21,-6.1,0.6,4121
108.30,-33.944,32.564,137.6,2.12,CLEAR|STRAIGHT,,999.00,1.21,-6.8,0.6,4121
108.35,-34.080,32.717,137.6,1.69,CLEAR|STRAIGHT,,999.00,1.21,-6.7,0.6,4121
108.40,-34.221,32.872,137.4,2.60,CLEAR|STRAIGHT,,999.00,1.17,-7.3,0.6,4121
108.45,-34.221,32.872,137.4,2.60,CLEAR|STRAIGHT,,999.00,1.17,-7.2,0.6,4121
108.50,-34.367,33.017,137.3,2.06,CLEAR|STRAIGHT,,999.00,1.17,-7.7,-0.2,4198
108.55,-34.367,33.017,137.4,2.06,CLEAR|STRAIGHT,,999.00,1.17,-7.7,-1.7,4328
108.60,-34.508,33.158,137.0,1.99,CLEAR|STRAIGHT,,999.00,1.17,-8.9,-3.6,4519
108.65,-34.508,33.158,136.7,1.99,CLEAR|STRAIGHT,,999.00,1.13,-8.9,-3.6,4519
108.70,-34.635,33.302,135.7,1.75,CLEAR|STRAIGHT,,999.00,1.13,-9.1,-4.6,4630
108.75,-34.635,33.302,135.4,1.75,CLEAR|STRAIGHT,,999.00,1.13,-8.9,-5.5,4748
108.80,-34.755,33.454,134.2,2.14,CLEAR|STRAIGHT,,999.00,1.13,-9.6,-5.5,4748
108.85,-34.755,33.454,133.8,2.14,CLEAR|STRAIGHT,,999.00,1.06,-9.4,-5.5,4748
108.90,-34.882,33.605,132.9,1.97,CLEAR|STRAIGHT,,999.00,1.06,-9.0,-6.0,4808
108.95,-34.882,33.605,132.4,1.97,CLEAR|STRAIGHT,,999.00,1.06,-8.8,-6.0,4808
109.00,-35.009,33.754,131.4,1.95,CLEAR|STRAIGHT,,999.00,1.06,-9.5,-6.1,4829
109.05,-35.009,33.754,130.9,1.95,CLEAR|STRAIGHT,,999.00,1.06,-9.3,-6.1,4829
109.10,-35.145,33.911,129.8,2.08,CLEAR|STRAIGHT,,999.00,1.06,-9.9,-6.1,4829
109.15,-35.145,33.911,129.4,2.08,CLEAR|STRAIGHT,,999.00,0.97,-9.7,-6.4,4829
109.20,-35.272,34.066,128.2,2.01,CLEAR|STRAIGHT,,999.00,0.96,-9.7,-6.4,4871
109.25,-35.272,34.066,127.7,2.01,CLEAR|STRAIGHT,,999.00,0.96,-9.5,-6.5,4871
109.30,-35.378,34.225,126.5,1.90,CLEAR|STRAIGHT,,999.00,0.96,-10.2,-6.4,4850
109.35,-35.378,34.225,125.9,1.90,CLEAR|STRAIGHT,,999.00,0.90,-9.9,-6.9,4892
109.40,-35.378,34.225,124.9,1.90,CLEAR|STRAIGHT,,999.00,0.90,-9.9,-6.9,4892
109.45,-35.482,34.376,124.3,1.30,CLEAR|STRAIGHT,,999.00,0.90,-9.7,-6.9,4913
109.50,-35.482,34.376,123.2,1.30,CLEAR|STRAIGHT,,999.00,0.90,-10.9,-7.0,4913
109.55,-35.482,34.376,122.5,1.30,CLEAR|STRAIGHT,,999.00,0.90,-10.6,-7.0,4913
109.60,-35.651,34.699,121.6,2.28,CLEAR|STRAIGHT,,999.00,0.90,-10.0,-7.0,4892
109.65,-35.651,34.699,120.9,2.28,CLEAR|STRAIGHT,,999.00,0.90,-9.7,-7.1,4913
109.70,-35.740,34.865,119.7,1.89,CLEAR|STRAIGHT,,999.00,0.90,-9.6,-7.3,4935
109.75,-35.740,34.865,119.0,1.89,CLEAR|STRAIGHT,,999.00,0.90,-9.4,-7.3,4913
109.80,-35.832,35.031,118.0,1.90,CLEAR|STRAIGHT,,999.00,0.90,-10.2,-7.3,4935
109.85,-35.832,35.031,117.4,1.90,CLEAR|STRAIGHT,,999.00,0.90,-9.9,-7.3,4935
109.90,-35.881,35.179,116.3,1.54,CLEAR|STRAIGHT,,999.00,0.90,-10.6,-7.4,4935
109.95,-35.881,35.179,115.7,1.54,CLEAR|STRAIGHT,,999.00,0.93,-10.3,-8.1,4979
110.00,-35.951,35.350,114.5,1.85,CLEAR|STRAIGHT,,999.00,0.93,-10.2,-8.1,4957
110.05,-35.951,35.350,113.9,1.85,CLEAR|STRAIGHT,,999.00,0.93,-9.9,-8.2,4979
110.10,-36.011,35.522,112.7,1.82,CLEAR|STRAIGHT,,999.00,0.93,-10.2,-8.1,4979
110.15,-36.011,35.522,112.1,1.82,CLEAR|STRAIGHT,,999.00,0.93,-10.0,-8.1,4957
110.20,-36.049,35.688,110.8,1.86,CLEAR|STRAIGHT,,999.00,0.93,-10.4,-8.1,4979
110.25,-36.049,35.688,110.3,1.86,CLEAR|STRAIGHT,,999.00,0.98,-10.1,-8.3,4957
110.30,-36.075,35.854,109.0,1.38,CLEAR|STRAIGHT,,999.00,1.00,-9.7,-8.3,5001
110.35,-36.075,35.854,108.4,1.38,CLEAR|STRAIGHT,,999.00,1.00,-9.4,-8.3,4979
110.40,-36.131,36.022,107.2,1.97,CLEAR|STRAIGHT,,999.00,1.00,-10.0,-8.3,4979
110.45,-36.131,36.022,106.7,1.97,CLEAR|STRAIGHT,,999.00,1.00,-9.7,-8.4,5001
110.50,-36.149,36.176,105.5,1.52,CLEAR|STRAIGHT,,999.00,1.00,-9.8,-8.5,4979
110.55,-36.149,36.176,104.9,1.52,CLEAR|STRAIGHT,,999.00,1.05,-9.5,-8.5,5001
110.60,-36.172,36.344,103.7,1.88,CLEAR|STRAIGHT,,999.00,1.07,-9.4,-8.4,5001
110.65,-36.172,36.344,103.1,1.88,CLEAR|STRAIGHT,,999.00,1.07,-9.1,-8.4,5001
110.70,-36.181,36.499,101.8,1.39,CLEAR|STRAIGHT,,999.00,1.07,-9.2,-8.4,4979
110.75,-36.181,36.499,101.2,1.39,CLEAR|STRAIGHT,,999.00,1.07,-8.9,-8.5,4979
110.80,-36.203,36.653,100.2,1.73,CLEAR|STRAIGHT,,999.00,1.07,-9.2,-8.4,5001
110.85,-36.203,36.653,99.4,1.73,CLEAR|STRAIGHT,,999.00,1.12,-8.9,-8.4,5001
110.90,-36.209,36.816,98.2,1.47,CLEAR|STRAIGHT,,999.00,1.12,-8.6,-8.4,5001
110.95,-36.209,36.816,97.6,1.47,CLEAR|STRAIGHT,,999.00,1.12,-8.4,-8.4,5001
111.00,-36.205,36.980,96.4,1.63,CLEAR|STRAIGHT,,999.00,1.12,-8.5,-8.4,5001
111.05,-36.205,36.980,95.7,1.63,CLEAR|STRAIGHT,,999.00,1.12,-8.2,-8.5,5001
111.10,-36.218,37.143,94.4,1.82,CLEAR|STRAIGHT,,999.00,1.12,-8.1,-8.5,5001
111.15,-36.218,37.143,93.7,1.82,CLEAR|STRAIGHT,,999.00,1.09,-7.8,-8.4,5001
111.20,-36.227,37.316,92.5,1.57,CLEAR|STRAIGHT,,999.00,1.09,-7.9,-8.5,5001
111.25,-36.227,37.316,91.9,1.57,CLEAR|STRAIGHT,,999.00,1.09,-7.6,-8.5,5001
111.30,-36.211,37.483,90.8,1.52,CLEAR|STRAIGHT,,999.00,1.09,-7.8,-8.5,5001
111.35,-36.211,37.483,90.1,1.52,CLEAR|STRAIGHT,,999.00,1.09,-7.6,-8.5,5001
111.40,-36.203,37.650,88.9,1.67,CLEAR|STRAIGHT,,999.00,1.09,-7.6,-8.4,4979
111.45,-36.203,37.650,88.3,1.67,CLEAR|STRAIGHT,,999.00,1.05,-7.3,-8.4,4979
111.50,-36.189,37.812,87.2,2.02,CLEAR|STRAIGHT,,999.00,1.05,-7.4,-8.5,5001
111.55,-36.189,37.812,86.6,2.02,CLEAR|STRAIGHT,,999.00,1.05,-7.1,-8.5,5001
111.60,-36.159,37.967,85.4,1.56,CLEAR|STRAIGHT,,999.00,1.05,-7.2,-8.5,5001
111.65,-36.159,37.967,84.8,1.56,CLEAR|STRAIGHT,,999.00,1.05,-6.9,-8.5,5001
111.70,-36.132,38.123,83.6,1.54,CLEAR|STRAIGHT,,999.00,1.05,-6.8,-8.5,5023
111.75,-36.132,38.123,82.9,1.54,CLEAR|STRAIGHT,,999.00,1.05,-6.4,-8.5,5001
111.80,-36.099,38.284,81.9,1.56,CLEAR|STRAIGHT,,999.00,1.05,-6.4,-8.4,5001
111.85,-36.099,38.284,81.3,1.56,CLEAR|STRAIGHT,,999.00,1.05,-6.2,-8.5,5001
111.90,-36.066,38.426,80.0,1.46,CLEAR|STRAIGHT,,999.00,1.05,-6.2,-8.5,5001
111.95,-36.066,38.426,79.5,1.46,CLEAR|STRAIGHT,,999.00,1.05,-5.8,-8.5,5001
112.00,-36.038,38.592,78.4,1.98,CLEAR|STRAIGHT,,999.00,1.05,-5.6,-8.0,5001
112.05,-36.038,38.592,77.8,1.98,CLEAR|STRAIGHT,,999.00,1.05,-6.2,-7.7,4979
112.10,-35.976,38.736,76.5,1.33,CLEAR|STRAIGHT,,999.00,1.05,-5.8,-7.7,4957
112.15,-35.976,38.736,76.0,1.33,CLEAR|STRAIGHT,,999.00,1.05,-5.5,-7.7,4957
112.20,-35.938,38.891,74.8,1.72,CLEAR|STRAIGHT,,999.00,1.05,-4.8,-7.7,4979
112.25,-35.938,38.891,74.2,1.72,CLEAR|STRAIGHT,,999.00,1.05,-4.5,-7.7,4979
112.30,-35.874,39.033,73.3,1.29,CLEAR|STRAIGHT,,999.00,1.05,-4.7,-7.7,4979
112.35,-35.874,39.033,72.6,1.29,CLEAR|STRAIGHT,,999.00,1.05,-4.4,-7.6,4957
112.40,-35.827,39.190,71.8,1.83,CLEAR|STRAIGHT,,999.00,1.05,-4.1,-7.4,4957
112.45,-35.827,39.190,71.2,1.83,CLEAR|STRAIGHT,,999.00,1.05,-4.0,-7.3,4957
112.50,-35.774,39.326,70.1,1.45,CLEAR|STRAIGHT,,999.00,1.05,-4.2,-7.4,4935
112.55,-35.774,39.326,69.8,1.45,CLEAR|STRAIGHT,,999.00,1.05,-4.0,-7.3,4935
112.60,-35.686,39.470,68.7,1.66,CLEAR|STRAIGHT,,999.00,1.05,-3.5,-7.2,4935
112.65,-35.686,39.470,68.2,1.66,CLEAR|STRAIGHT,,999.00,1.09,-3.1,-6.8,4913
112.70,-35.631,39.618,67.2,1.58,CLEAR|STRAIGHT,,999.00,1.09,-3.4,-6.9,4913
112.75,-35.631,39.618,66.9,1.58,CLEAR|STRAIGHT,,999.00,1.09,-3.1,-6.8,4913
112.80,-35.531,39.752,65.8,1.63,CLEAR|STRAIGHT,,999.00,1.09,-3.0,-6.9,4913
112.85,-35.531,39.752,65.3,1.63,CLEAR|STRAIGHT,,999.00,1.09,-2.7,-6.6,4892
112.90,-35.440,39.868,64.2,1.60,CLEAR|STRAIGHT,,999.00,1.09,-2.1,-6.3,4892
112.95,-35.440,39.868,63.8,1.60,CLEAR|STRAIGHT,,999.00,1.14,-1.7,-6.1,4871
113.00,-35.350,39.987,62.8,1.33,CLEAR|STRAIGHT,,999.00,1.19,-1.8,-6.1,4871
113.05,-35.350,39.987,62.4,1.33,CLEAR|STRAIGHT,,999.00,1.19,-1.5,-5.2,4829
113.10,-35.292,40.139,61.5,1.61,CLEAR|STRAIGHT,,999.00,1.19,-0.4,-4.7,4788
113.15,-35.292,40.139,61.1,1.61,CLEAR|STRAIGHT,,999.00,1.19,-0.2,-4.6,4748
113.20,-35.205,40.280,60.3,1.66,CLEAR|STRAIGHT,,999.00,1.19,-0.6,-4.5,4748
113.25,-35.205,40.280,60.0,1.66,CLEAR|STRAIGHT,,999.00,1.24,-0.3,-3.6,4688
113.30,-35.127,40.414,59.5,1.41,CLEAR|STRAIGHT,,999.00,1.29,-0.9,-3.2,4669
113.35,-35.127,40.414,59.2,1.41,CLEAR|STRAIGHT,,999.00,1.34,-0.8,-3.1,4611
113.40,-35.023,40.538,58.7,1.61,CLEAR|STRAIGHT,,999.00,1.39,-0.2,-3.0,4611
113.45,-35.023,40.538,58.4,1.61,CLEAR|STRAIGHT,,999.00,1.39,-0.1,-3.1,4611
113.50,-34.942,40.685,57.9,1.86,CLEAR|STRAIGHT,,999.00,1.39,0.2,-2.6,4574
113.55,-34.942,40.685,57.7,1.86,CLEAR|STRAIGHT,,999.00,1.44,0.3,-2.6,4555
113.60,-34.844,40.815,56.9,1.62,CLEAR|STRAIGHT,,999.00,1.49,-0.8,-2.5,4537
113.65,-34.844,40.815,56.7,1.62,CLEAR|STRAIGHT,,999.00,1.54,-0.6,-2.5,4555
113.70,-34.730,40.933,56.0,1.61,CLEAR|STRAIGHT,,999.00,1.59,0.0,-1.6,4537
113.75,-34.730,40.933,55.7,1.61,CLEAR|STRAIGHT,,999.00,1.62,0.3,-2.5,4537
113.80,-34.637,41.081,55.2,1.75,CLEAR|STRAIGHT,,999.00,1.62,1.0,-2.5,4537
113.85,-34.637,41.081,54.9,1.75,CLEAR|STRAIGHT,,999.00,1.67,1.1,-2.4,4537
113.90,-34.498,41.189,54.5,1.68,CLEAR|STRAIGHT,,999.00,1.72,0.1,-2.5,4537
113.95,-34.498,41.189,54.3,1.68,CLEAR|STRAIGHT,,999.00,1.77,0.2,-1.9,4483
114.00,-34.366,41.315,53.9,1.80,CLEAR|STRAIGHT,,999.00,1.82,1.1,-1.3,4430
114.05,-34.366,41.315,53.9,1.80,CLEAR|STRAIGHT,,999.00,1.87,1.2,-1.2,4412
114.10,-34.235,41.434,53.7,1.58,CLEAR|STRAIGHT,,999.00,1.92,1.7,-1.2,4395
114.15,-34.235,41.434,53.5,1.58,CLEAR|STRAIGHT,,999.00,1.83,1.7,-1.0,4395
114.20,-34.118,41.562,53.1,1.91,CLEAR|STRAIGHT,,999.00,1.75,1.5,-0.7,4328
114.25,-34.118,41.562,53.0,1.91,CLEAR|STRAIGHT,,999.00,1.75,1.5,-0.6,4311
114.30,-34.003,41.701,53.0,1.64,CLEAR|STRAIGHT,,999.00,1.75,1.5,-0.5,4311
114.35,-34.003,41.701,53.0,1.64,CLEAR|STRAIGHT,,999.00,1.66,1.6,-0.5,4311
114.40,-33.878,41.836,52.8,1.83,CLEAR|STRAIGHT,,999.00,1.62,1.1,-0.4,4311
114.45,-33.878,41.836,52.8,1.83,CLEAR|STRAIGHT,,999.00,1.62,1.2,-0.5,4278
114.50,-33.772,41.986,52.7,1.83,CLEAR|STRAIGHT,,999.00,1.62,1.3,-0.6,4295
114.55,-33.772,41.986,52.6,1.83,CLEAR|STRAIGHT,,999.00,1.62,1.4,-0.4,4311
114.60,-33.679,42.144,52.2,2.03,CLEAR|STRAIGHT,,999.00,1.62,1.5,-0.4,4278
114.65,-33.679,42.144,52.1,2.03,CLEAR|STRAIGHT,,999.00,1.62,1.6,-0.4,4295
114.70,-33.547,42.278,52.0,2.07,CLEAR|STRAIGHT,,999.00,1.62,0.5,-0.5,4295
114.75,-33.547,42.278,52.0,2.07,CLEAR|STRAIGHT,,999.00,1.62,0.6,-0.5,4278
114.80,-33.442,42.426,51.8,1.64,CLEAR|STRAIGHT,,999.00,1.62,0.8,-0.5,4311
114.85,-33.442,42.426,51.8,1.64,CLEAR|STRAIGHT,,999.00,1.62,0.9,-0.5,4295
114.90,-33.343,42.580,51.9,1.66,CLEAR|STRAIGHT,,999.00,1.62,1.5,-0.4,4278
114.95,-33.343,42.580,51.8,1.66,CLEAR|STRAIGHT,,999.00,1.67,1.5,-0.4,4278
115.00,-33.235,42.721,51.4,1.97,CLEAR|STRAIGHT,,999.00,1.72,0.5,-0.5,4246
115.05,-33.235,42.721,51.3,1.97,CLEAR|STRAIGHT,,999.00,1.73,0.6,-0.5,4295
115.10,-33.089,42.846,51.1,1.71,CLEAR|STRAIGHT,,999.00,1.73,0.6,-0.4,4278
115.15,-33.089,42.846,51.1,1.71,CLEAR|STRAIGHT,,999.00,1.73,0.6,-0.3,4278
115.20,-32.997,42.969,50.8,1.71,CLEAR|STRAIGHT,,999.00,1.73,1.4,-0.3,4262
115.25,-32.997,42.969,50.7,1.71,CLEAR|STRAIGHT,,999.00,1.78,1.5,-0.4,4262
115.30,-32.997,42.969,50.6,1.71,CLEAR|STRAIGHT,,999.00,1.82,0.9,-0.4,4262
115.35,-32.884,43.084,50.3,1.32,CLEAR|STRAIGHT,,999.00,1.82,0.8,-0.4,4278
115.40,-32.884,43.084,50.0,1.32,CLEAR|STRAIGHT,,999.00,1.82,1.9,-0.4,4262
115.45,-32.884,43.084,50.1,1.32,CLEAR|STRAIGHT,,999.00,1.82,2.0,-0.4,4278
115.50,-32.640,43.338,49.8,1.86,CLEAR|STRAIGHT,,999.00,1.82,2.0,-0.4,4262
115.55,-32.640,43.338,49.7,1.86,CLEAR|STRAIGHT,,999.00,1.87,2.1,-0.1,4246
115.60,-32.508,43.467,49.3,2.04,CLEAR|STRAIGHT,,999.00,1.92,1.3,0.2,4214
115.65,-32.508,43.467,49.3,2.04,CLEAR|STRAIGHT,,999.00,1.96,1.4,0.2,4214
115.70,-32.359,43.591,49.3,1.74,CLEAR|STRAIGHT,,999.00,1.96,1.6,0.2,4198
115.75,-32.359,43.591,49.2,1.74,CLEAR|STRAIGHT,,999.00,1.87,1.7,0.2,4198
115.80,-32.240,43.729,48.9,2.02,CLEAR|STRAIGHT,,999.00,1.82,1.8,0.2,4198
115.85,-32.240,43.729,48.8,2.02,CLEAR|STRAIGHT,,999.00,1.82,1.9,0.2,4198
115.90,-32.112,43.864,48.6,1.86,CLEAR|STRAIGHT,,999.00,1.82,1.9,0.2,4183
115.95,-32.112,43.864,48.6,1.86,CLEAR|STRAIGHT,,999.00,1.82,1.8,0.3,4183
116.00,-31.987,43.996,48.3,1.82,CLEAR|STRAIGHT,,999.00,1.82,2.5,0.3,4198
116.05,-31.987,43.996,48.1,1.82,CLEAR|STRAIGHT,,999.00,1.73,2.6,0.2,4167
116.10,-31.865,44.148,48.0,1.77,CLEAR|STRAIGHT,,999.00,1.71,2.3,0.2,4183
116.15,-31.865,44.148,48.0,1.77,CLEAR|STRAIGHT,,999.00,1.71,2.3,0.9,4106
116.20,-31.711,44.287,47.9,2.29,CLEAR|STRAIGHT,,999.00,1.71,2.6,1.0,4077
116.25,-31.711,44.287,48.0,2.29,CLEAR|STRAIGHT,,999.00,1.71,2.6,1.0,4077
116.30,-31.711,44.287,48.0,2.29,CLEAR|STRAIGHT,,999.00,1.71,2.4,1.0,4077
116.35,-31.546,44.436,48.1,1.84,CLEAR|STRAIGHT,,999.00,1.71,2.4,1.0,4077
116.40,-31.412,44.591,48.2,2.28,CLEAR|STRAIGHT,,999.00,1.72,2.7,1.0,4047
116.45,-31.412,44.591,48.2,2.28,CLEAR|STRAIGHT,,999.00,1.72,2.6,1.0,4062
116.50,-31.249,44.731,48.1,2.37,CLEAR|STRAIGHT,,999.00,1.72,2.3,1.0,4062
116.55,-31.249,44.731,48.2,2.37,CLEAR|STRAIGHT,,999.00,1.73,2.3,1.4,4018
116.60,-31.060,44.866,48.4,2.05,CLEAR|STRAIGHT,,999.00,1.73,1.9,1.4,4018
116.65,-31.060,44.866,48.3,2.05,CLEAR|STRAIGHT,,999.00,1.73,1.9,1.5,4018
116.70,-30.931,45.034,48.3,2.12,CLEAR|STRAIGHT,,999.00,1.73,3.0,1.4,4004
116.75,-30.931,45.034,48.4,2.12,CLEAR|STRAIGHT,,999.00,1.76,3.0,1.4,4004
116.80,-30.787,45.197,48.6,2.42,CLEAR|STRAIGHT,,999.00,1.76,2.2,1.4,3990
116.85,-30.787,45.197,48.6,2.42,CLEAR|STRAIGHT,,999.00,1.76,2.1,1.4,3990
116.90,-30.606,45.362,48.8,2.21,CLEAR|STRAIGHT,,999.00,1.76,2.0,1.5,4004
116.95,-30.606,45.362,48.8,2.21,CLEAR|STRAIGHT,,999.00,1.81,1.9,1.5,3990
117.00,-30.422,45.516,49.4,2.64,CLEAR|STRAIGHT,,999.00,1.82,1.9,1.5,3990
117.05,-30.422,45.516,49.5,2.64,CLEAR|STRAIGHT,,999.00,1.82,1.8,1.5,4004
117.10,-30.301,45.674,49.7,1.98,CLEAR|STRAIGHT,,999.00,1.82,1.6,1.5,3990
117.15,-30.301,45.674,49.7,1.98,CLEAR|STRAIGHT,,999.00,1.82,1.6,1.5,3976
117.20,-30.152,45.819,49.6,2.07,CLEAR|STRAIGHT,,999.00,1.82,2.6,1.5,3976
117.25,-30.152,45.819,49.8,2.07,CLEAR|STRAIGHT,,999.00,1.87,2.7,1.5,3990
117.30,-29.987,45.974,50.0,2.04,CLEAR|STRAIGHT,,999.00,1.92,1.9,1.5,3976
117.35,-29.987,45.974,50.0,2.04,CLEAR|STRAIGHT,,999.00,1.97,1.9,1.5,3976
117.40,-29.842,46.149,50.2,2.84,CLEAR|STRAIGHT,,999.00,1.97,2.4,1.5,3990
117.45,-29.842,46.149,50.3,2.84,CLEAR|STRAIGHT,,999.00,1.93,2.3,1.5,3976
117.50,-29.724,46.322,50.5,1.90,CLEAR|STRAIGHT,,999.00,1.93,0.8,1.5,3976
117.55,-29.724,46.322,50.5,1.90,CLEAR|STRAIGHT,,999.00,1.93,0.7,1.5,3990
117.60,-29.568,46.500,50.6,2.36,CLEAR|STRAIGHT,,999.00,1.93,1.7,1.5,3990
117.65,-29.568,46.500,50.6,2.36,CLEAR|STRAIGHT,,999.00,1.88,1.6,1.5,3976
117.70,-29.428,46.668,50.7,2.19,CLEAR|STRAIGHT,,999.00,1.88,0.6,1.5,3976
117.75,-29.428,46.668,50.9,2.19,CLEAR|STRAIGHT,,999.00,1.88,0.6,1.5,3976
117.80,-29.281,46.835,51.1,2.22,CLEAR|STRAIGHT,,999.00,1.88,0.8,1.5,3990
117.85,-29.281,46.835,51.2,2.22,CLEAR|STRAIGHT,,999.00,1.84,0.7,1.5,3976
117.90,-29.103,46.995,51.3,2.36,CLEAR|STRAIGHT,,999.00,1.84,0.3,1.5,3976
117.95,-29.103,46.995,51.4,2.36,CLEAR|STRAIGHT,,999.00,1.84,0.2,1.5,3976
118.00,-28.971,47.167,51.5,2.16,CLEAR|STRAIGHT,,999.00,1.84,0.4,1.5,3990
118.05,-28.971,47.167,51.5,2.16,CLEAR|STRAIGHT,,999.00,1.84,0.4,1.5,3976
118.10,-28.971,47.167,51.7,2.16,CLEAR|STRAIGHT,,999.00,1.84,0.5,1.5,3976
118.15,-28.971,47.167,51.8,2.16,CLEAR|STRAIGHT,,999.00,1.84,0.5,1.3,3990
118.20,-28.810,47.334,52.0,1.44,CLEAR|STRAIGHT,,999.00,1.84,0.4,1.5,3976
118.25,-28.810,47.334,52.1,1.44,CLEAR|STRAIGHT,,999.00,1.85,0.7,1.5,3990
118.30,-28.519,47.683,52.2,3.24,CLEAR|STRAIGHT,,999.00,1.85,0.6,1.5,3976
118.35,-28.519,47.683,52.2,3.24,CLEAR|STRAIGHT,,999.00,1.90,0.6,1.5,3990
118.40,-28.369,47.853,52.3,2.05,CLEAR|STRAIGHT,,999.00,1.93,0.0,1.5,3990
118.45,-28.369,47.853,52.4,2.05,CLEAR|STRAIGHT,,999.00,1.93,0.0,1.5,3976
118.50,-28.230,48.036,52.6,2.30,CLEAR|STRAIGHT,,999.00,1.93,-0.4,1.5,3990
118.55,-28.230,48.036,52.7,2.30,CLEAR|STRAIGHT,,999.00,1.98,-0.4,1.5,3976
118.60,-28.049,48.199,52.8,2.67,CLEAR|STRAIGHT,,999.00,2.00,-1.0,1.5,3976
118.65,-28.049,48.199,52.8,2.67,CLEAR|STRAIGHT,,999.00,2.00,-1.0,1.3,3990
118.70,-27.929,48.385,53.0,2.00,CLEAR|STRAIGHT,,999.00,2.00,-1.0,1.0,4033
118.75,-27.929,48.385,52.9,2.00,CLEAR|STRAIGHT,,999.00,1.94,-1.0,1.0,4047
118.80,-27.929,48.385,52.9,2.00,CLEAR|STRAIGHT,,999.00,1.94,-1.3,1.0,4047
118.85,-27.789,48.564,52.9,2.07,CLEAR|STRAIGHT,,999.00,1.94,-1.3,1.0,4047
118.90,-27.623,48.746,53.0,3.07,CLEAR|STRAIGHT,,999.00,1.94,-1.4,1.0,4047
118.95,-27.623,48.746,53.1,3.07,CLEAR|STRAIGHT,,999.00,1.91,-1.5,0.9,4077
119.00,-27.474,48.928,53.0,2.13,CLEAR|STRAIGHT,,999.00,1.91,-1.6,0.9,4062
119.05,-27.474,48.928,53.1,2.13,CLEAR|STRAIGHT,,999.00,1.91,-1.6,0.9,4062
119.10,-27.331,49.107,53.0,2.29,CLEAR|STRAIGHT,,999.00,1.91,-1.8,0.7,4077
119.15,-27.331,49.107,52.9,2.29,CLEAR|STRAIGHT,,999.00,1.91,-1.8,0.6,4092
119.20,-27.141,49.275,52.9,2.77,CLEAR|STRAIGHT,,999.00,1.91,-2.0,0.6,4106
119.25,-27.141,49.275,52.9,2.77,CLEAR|STRAIGHT,,999.00,1.87,-1.9,0.7,4092
119.30,-27.141,49.275,52.8,2.77,CLEAR|STRAIGHT,,999.00,1.87,-1.8,0.7,4106
119.35,-26.981,49.452,52.8,1.82,CLEAR|STRAIGHT,,999.00,1.87,-1.8,0.6,4106
119.40,-26.981,49.452,52.7,1.82,CLEAR|STRAIGHT,,999.00,1.87,-1.8,-0.0,4167
119.45,-26.981,49.452,52.6,1.82,CLEAR|STRAIGHT,,999.00,1.87,-1.8,-0.0,4198
119.50,-26.651,49.817,52.3,2.72,CLEAR|STRAIGHT,,999.00,1.87,-1.7,0.0,4198
119.55,-26.651,49.817,52.4,2.72,CLEAR|STRAIGHT,,999.00,1.84,-1.6,-0.0,4106
119.60,-26.491,50.011,52.2,2.52,CLEAR|STRAIGHT,,999.00,1.84,-1.9,-0.1,4230
119.65,-26.491,50.011,52.1,2.52,CLEAR|STRAIGHT,,999.00,1.88,-1.8,0.0,4230
119.70,-26.337,50.204,51.9,2.47,CLEAR|STRAIGHT,,999.00,1.88,-1.9,-0.1,4230
119.75,-26.337,50.204,51.7,2.47,CLEAR|STRAIGHT,,999.00,1.88,-1.9,-0.5,4262
119.80,-26.171,50.386,51.4,2.46,CLEAR|STRAIGHT,,999.00,1.88,-2.0,-0.5,4262
119.85,-26.171,50.386,51.3,2.46,CLEAR|STRAIGHT,,999.00,1.93,-2.0,-0.6,4262
119.90,-26.021,50.575,51.0,2.41,CLEAR|STRAIGHT,,999.00,1.95,-1.9,-0.6,4278
119.95,-26.021,50.575,51.0,2.41,CLEAR|STRAIGHT,,999.00,1.95,-1.9,-0.6,4295
120.00,-25.861,50.774,50.7,2.54,CLEAR|STRAIGHT,,999.00,1.95,-2.1,-1.1,4328
120.05,-25.861,50.774,50.4,2.54,CLEAR|STRAIGHT,,999.00,1.93,-2.0,-1.1,4344
120.10,-25.691,50.955,50.1,2.76,CLEAR|STRAIGHT,,999.00,1.93,-2.0,-1.1,4344
120.15,-25.691,50.955,49.8,2.76,CLEAR|STRAIGHT,,999.00,1.93,-1.9,-1.1,4344
120.20,-25.515,51.127,49.4,2.23,CLEAR|STRAIGHT,,999.00,1.93,-1.8,-1.1,4344
120.25,-25.515,51.127,49.2,2.23,CLEAR|STRAIGHT,,999.00,1.88,-1.7,-1.1,4344
120.30,-25.515,51.127,48.9,2.23,CLEAR|STRAIGHT,,999.00,1.88,-1.6,-1.1,4344
120.35,-25.327,51.301,48.7,2.32,CLEAR|STRAIGHT,,999.00,1.88,-1.5,-1.1,4361
120.40,-25.327,51.301,48.2,2.32,CLEAR|STRAIGHT,,999.00,1.88,-1.3,-1.1,4361
120.45,-25.327,51.301,48.1,2.32,CLEAR|STRAIGHT,,999.00,1.88,-1.2,-1.1,4344
120.50,-24.950,51.650,47.5,2.69,CLEAR|STRAIGHT,,999.00,1.88,-1.1,-1.2,4361
120.55,-24.950,51.650,47.2,2.69,CLEAR|STRAIGHT,,999.00,1.84,-0.9,-1.0,4344
120.60,-24.779,51.833,46.8,2.51,CLEAR|STRAIGHT,,999.00,1.84,-0.6,-1.1,4361
120.65,-24.779,51.833,46.7,2.51,CLEAR|STRAIGHT,,999.00,1.81,-0.5,-1.1,4344
120.70,-24.779,51.833,46.3,2.51,CLEAR|STRAIGHT,,999.00,1.81,-0.5,-1.1,4361
120.75,-24.779,51.833,46.1,2.51,CLEAR|STRAIGHT,,999.00,1.81,-0.4,-1.1,4344
120.80,-24.578,52.006,45.6,1.76,CLEAR|STRAIGHT,,999.00,1.81,-0.3,-1.1,4344
120.85,-24.578,52.006,45.4,1.76,CLEAR|STRAIGHT,,999.00,1.80,0.0,-1.0,4344
120.90,-24.578,52.006,44.9,1.76,CLEAR|STRAIGHT,,999.00,1.80,0.3,-1.1,4361
120.95,-24.213,52.359,44.7,3.18,CLEAR|STRAIGHT,,999.00,1.80,0.4,-1.1,4361
121.00,-23.994,52.519,44.4,3.34,CLEAR|STRAIGHT,,999.00,1.85,0.5,-1.1,4361
121.05,-23.994,52.519,44.1,3.34,CLEAR|STRAIGHT,,999.00,1.86,0.6,-1.1,4344
121.10,-23.792,52.670,43.8,2.28,CLEAR|STRAIGHT,,999.00,1.86,1.3,-1.1,4344
121.15,-23.792,52.670,43.5,2.28,CLEAR|STRAIGHT,,999.00,1.91,1.4,-1.1,4344
121.20,-23.600,52.843,43.0,2.59,CLEAR|STRAIGHT,,999.00,1.96,1.3,-0.7,4344
121.25,-23.600,52.843,42.8,2.59,CLEAR|STRAIGHT,,999.00,1.98,1.4,-0.3,4278
121.30,-23.600,52.843,42.7,2.59,CLEAR|STRAIGHT,,999.00,1.98,1.6,-0.3,4278
121.35,-23.395,52.993,42.5,1.94,CLEAR|STRAIGHT,,999.00,1.98,1.6,-0.3,4278
121.40,-23.395,52.993,42.1,1.94,CLEAR|STRAIGHT,,999.00,1.91,2.3,0.0,4230
121.45,-23.395,52.993,42.1,1.94,CLEAR|STRAIGHT,,999.00,1.91,2.4,0.2,4214
121.50,-22.981,53.327,41.8,3.12,CLEAR|STRAIGHT,,999.00,1.91,2.5,0.3,4183
121.55,-22.981,53.327,41.7,3.12,CLEAR|STRAIGHT,,999.00,1.86,2.5,0.5,4167
121.60,-22.783,53.504,41.7,2.77,CLEAR|STRAIGHT,,999.00,1.86,3.0,0.5,4152
121.65,-22.783,53.504,41.7,2.77,CLEAR|STRAIGHT,,999.00,1.86,3.0,0.6,4152
121.70,-22.571,53.668,41.6,2.58,CLEAR|STRAIGHT,,999.00,1.86,2.5,0.9,4106
121.75,-22.571,53.668,41.6,2.58,CLEAR|STRAIGHT,,999.00,1.84,2.5,1.2,4047
121.80,-22.367,53.836,41.6,2.64,CLEAR|STRAIGHT,,999.00,1.84,2.6,1.3,4033
121.85,-22.367,53.836,41.6,2.64,CLEAR|STRAIGHT,,999.00,1.84,2.6,1.3,4033
121.90,-22.170,54.001,41.7,3.21,CLEAR|STRAIGHT,,999.00,1.84,3.0,1.6,3990
121.95,-22.170,54.001,41.8,3.21,CLEAR|STRAIGHT,,999.00,1.84,3.0,1.7,3990
122.00,-21.955,54.173,42.0,2.29,CLEAR|STRAIGHT,,999.00,1.84,2.7,1.7,3962
122.05,-21.955,54.173,42.0,2.29,CLEAR|STRAIGHT,,999.00,1.84,2.6,1.8,3934
122.10,-21.751,54.338,42.3,2.62,CLEAR|STRAIGHT,,999.00,1.84,3.6,1.9,3934
122.15,-21.751,54.338,42.3,2.62,CLEAR|STRAIGHT,,999.00,1.89,3.5,1.8,3907
122.20,-21.536,54.461,42.5,2.70,CLEAR|STRAIGHT,,999.00,1.92,2.8,1.9,3907
122.25,-21.536,54.461,42.6,2.70,CLEAR|STRAIGHT,,999.00,1.92,2.7,1.9,3920
122.30,-21.536,54.461,43.0,2.70,CLEAR|STRAIGHT,,999.00,1.92,3.3,1.9,3920
122.35,-21.324,54.617,43.1,1.86,CLEAR|STRAIGHT,,999.00,1.92,3.2,1.9,3920
122.40,-21.324,54.617,43.3,1.86,CLEAR|STRAIGHT,,999.00,1.97,4.2,1.9,3907
122.45,-21.324,54.617,43.4,1.86,CLEAR|STRAIGHT,,999.00,1.97,4.1,1.9,3893
122.50,-21.324,54.617,43.5,1.86,CLEAR|STRAIGHT,,999.00,1.97,4.0,1.9,3907
122.55,-20.908,54.947,43.7,2.94,CLEAR|STRAIGHT,,999.00,1.97,4.0,1.8,3907
122.60,-20.711,55.128,44.0,2.97,CLEAR|STRAIGHT,,999.00,1.90,2.6,2.3,3867
122.65,-20.711,55.128,44.1,2.97,CLEAR|STRAIGHT,,999.00,1.90,2.6,2.4,3827
122.70,-20.518,55.303,44.5,2.60,CLEAR|STRAIGHT,,999.00,1.90,2.8,2.5,3840
122.75,-20.518,55.303,44.5,2.60,CLEAR|STRAIGHT,,999.00,1.86,2.8,2.5,3814
122.80,-20.305,55.481,44.8,3.08,CLEAR|STRAIGHT,,999.00,1.86,2.8,2.5,3814
122.85,-20.305,55.481,45.0,3.08,CLEAR|STRAIGHT,,999.00,1.86,2.7,2.5,3814
122.90,-20.115,55.668,45.4,2.41,CLEAR|STRAIGHT,,999.00,1.86,3.2,2.5,3827
122.95,-20.115,55.668,45.7,2.41,CLEAR|STRAIGHT,,999.00,1.90,3.1,2.5,3814
123.00,-19.917,55.851,46.1,2.70,CLEAR|STRAIGHT,,999.00,1.90,2.7,2.5,3814
123.05,-19.917,55.851,46.2,2.70,CLEAR|STRAIGHT,,999.00,1.95,2.6,2.5,3801
123.10,-19.917,55.851,46.4,2.70,CLEAR|STRAIGHT,,999.00,1.97,1.8,2.4,3814
123.15,-19.717,56.039,46.5,2.50,CLEAR|STRAIGHT,,999.00,1.97,1.8,2.5,3801
123.20,-19.526,56.224,46.8,2.95,CLEAR|STRAIGHT,,999.00,1.97,2.3,2.4,3814
123.25,-19.526,56.224,47.2,2.95,CLEAR|STRAIGHT,,999.00,1.88,2.3,2.5,3814
123.30,-19.325,56.421,47.7,2.81,CLEAR|STRAIGHT,,999.00,1.88,1.3,2.5,3801
123.35,-19.325,56.421,47.9,2.81,CLEAR|STRAIGHT,,999.00,1.88,1.2,2.5,3801
123.40,-19.141,56.607,48.2,2.91,CLEAR|STRAIGHT,,999.00,1.88,1.4,2.5,3801
123.45,-19.141,56.607,48.2,2.91,CLEAR|STRAIGHT,,999.00,1.89,1.4,2.5,3814
123.50,-18.958,56.791,48.6,2.35,CLEAR|STRAIGHT,,999.00,1.89,1.0,2.5,3814
123.55,-18.958,56.791,48.8,2.35,CLEAR|STRAIGHT,,999.00,1.89,0.9,2.5,3814
123.60,-18.766,56.997,49.4,3.13,CLEAR|STRAIGHT,,999.00,1.89,1.5,2.5,3801
123.65,-18.766,56.997,49.5,3.13,CLEAR|STRAIGHT,,999.00,1.94,1.3,2.5,3801
123.70,-18.577,57.191,49.9,2.99,CLEAR|STRAIGHT,,999.00,1.99,0.9,2.5,3801
123.75,-18.577,57.191,50.1,2.99,CLEAR|STRAIGHT,,999.00,2.00,0.8,2.4,3814
123.80,-18.392,57.390,50.3,2.47,CLEAR|STRAIGHT,,999.00,2.00,0.4,1.7,3907
123.85,-18.392,57.390,50.4,2.47,CLEAR|STRAIGHT,,999.00,1.91,0.3,1.6,3907
123.90,-18.208,57.596,50.6,2.50,CLEAR|STRAIGHT,,999.00,1.89,0.3,1.7,3934
123.95,-18.208,57.596,50.7,2.50,CLEAR|STRAIGHT,,999.00,1.89,0.3,1.7,3920
124.00,-18.029,57.805,50.9,2.75,CLEAR|STRAIGHT,,999.00,1.89,0.4,1.6,3934
124.05,-18.029,57.805,51.0,2.75,CLEAR|STRAIGHT,,999.00,1.86,0.3,1.3,3976
124.10,-18.029,57.805,50.9,2.75,CLEAR|STRAIGHT,,999.00,1.86,-0.1,1.3,3976
124.15,-17.833,58.000,51.1,2.50,CLEAR|STRAIGHT,,999.00,1.86,-0.1,1.3,3976
124.20,-17.655,58.199,51.4,2.96,CLEAR|STRAIGHT,,999.00,1.91,-0.1,1.0,4047
124.25,-17.655,58.199,51.3,2.96,CLEAR|STRAIGHT,,999.00,1.95,-0.2,0.9,4047
124.30,-17.655,58.199,51.1,2.96,CLEAR|STRAIGHT,,999.00,1.95,-0.2,0.9,4047
124.35,-17.478,58.403,51.4,2.08,CLEAR|STRAIGHT,,999.00,1.95,-0.2,0.9,4047
124.40,-17.478,58.403,51.2,2.08,CLEAR|STRAIGHT,,999.00,1.86,-0.2,0.8,4062
124.45,-17.478,58.403,51.2,2.08,CLEAR|STRAIGHT,,999.00,1.77,-0.1,0.8,4062
124.50,-17.478,58.403,51.2,2.08,CLEAR|STRAIGHT,,999.00,1.75,-0.1,0.7,4106
124.55,-17.106,58.803,51.1,3.02,CLEAR|STRAIGHT,,999.00,1.75,-0.1,0.7,4106
124.60,-16.909,59.010,51.1,3.56,CLEAR|STRAIGHT,,999.00,1.66,-0.0,0.7,4106
124.65,-16.909,59.010,51.0,3.56,CLEAR|STRAIGHT,,999.00,1.57,-0.0,0.7,4092
124.70,-16.732,59.215,50.8,2.47,CLEAR|STRAIGHT,,999.00,1.49,0.3,0.6,4092
124.75,-16.732,59.215,50.7,2.47,CLEAR|STRAIGHT,,999.00,1.40,0.3,0.6,4106
124.80,-16.534,59.423,50.6,2.86,CLEAR|STRAIGHT,,999.00,1.40,0.1,0.6,4106
124.85,-16.534,59.423,50.7,2.86,CLEAR|STRAIGHT,,999.00,1.40,0.1,0.7,4106
124.90,-16.354,59.631,50.6,2.75,CLEAR|STRAIGHT,,999.00,1.40,0.2,0.7,4106
124.95,-16.354,59.631,50.6,2.75,CLEAR|STRAIGHT,,999.00,1.42,0.2,0.6,4106
125.00,-16.181,59.828,50.4,2.61,CLEAR|STRAIGHT,,999.00,1.42,0.2,0.6,4106
125.05,-16.181,59.828,50.3,2.61,CLEAR|STRAIGHT,,999.00,1.42,0.2,0.6,4106
125.10,-16.181,59.828,50.2,2.61,CLEAR|STRAIGHT,,999.00,1.42,0.5,0.7,4106
125.15,-16.181,59.828,50.3,2.61,CLEAR|STRAIGHT,,999.00,1.42,0.5,0.7,4106
125.20,-15.818,60.234,50.2,2.73,CLEAR|STRAIGHT,,999.00,1.42,0.5,0.7,4106
125.25,-15.818,60.234,50.2,2.73,CLEAR|STRAIGHT,,999.00,1.47,0.5,0.6,4121
125.30,-15.818,60.234,50.1,2.73,CLEAR|STRAIGHT,,999.00,1.52,0.4,0.7,4092
125.35,-15.614,60.436,50.0,2.59,CLEAR|STRAIGHT,,999.00,1.57,0.4,0.7,4092
125.40,-15.438,60.629,49.7,2.90,CLEAR|STRAIGHT,,999.00,1.62,0.7,0.7,4106
125.45,-15.438,60.629,49.5,2.90,CLEAR|STRAIGHT,,999.00,1.67,0.8,0.6,4106
125.50,-15.248,60.810,49.1,2.91,CLEAR|STRAIGHT,,999.00,1.72,0.7,0.6,4106
125.55,-15.248,60.810,49.4,2.91,CLEAR|STRAIGHT,,999.00,1.77,0.8,0.7,4106
125.60,-15.064,61.002,49.7,2.41,CLEAR|STRAIGHT,,999.00,1.82,1.1,0.6,4121
125.65,-15.064,61.002,49.8,2.41,CLEAR|STRAIGHT,,999.00,1.76,1.1,0.6,4106
125.70,-15.064,61.002,49.8,2.41,CLEAR|STRAIGHT,,999.00,1.76,1.1,0.6,4106
125.75,-14.872,61.213,49.9,2.59,CLEAR|STRAIGHT,,999.00,1.76,1.1,0.6,4106
125.80,-14.657,61.399,49.4,3.12,AVOID|RIGHT,-3.0,8.00,1.76,1.2,0.6,4106
125.85,-14.657,61.399,49.2,3.12,AVOID|RIGHT,-3.0,8.00,1.72,-3.0,0.6,4121
125.90,-14.465,61.598,49.0,2.76,AVOID|RIGHT,-3.0,8.00,1.72,-3.0,0.6,4121
125.95,-14.465,61.598,49.0,2.76,AVOID|RIGHT,-6.0,8.00,1.72,-6.0,0.6,4121
126.00,-14.290,61.823,48.9,2.85,AVOID|RIGHT,-6.0,8.00,1.72,-6.0,0.2,4137
126.05,-14.290,61.823,48.8,2.85,AVOID|RIGHT,-15.4,8.00,1.69,-15.4,-0.4,4214
126.10,-14.109,62.002,48.7,2.54,AVOID|RIGHT,-15.4,8.00,1.69,-15.4,-1.3,4311
126.15,-14.109,62.002,48.6,2.54,CLEAR|STRAIGHT,,999.00,1.69,-15.4,-2.2,4430
126.20,-13.947,62.161,47.2,2.27,CLEAR|STRAIGHT,,999.00,1.69,2.2,-4.2,4574
126.25,-13.947,62.161,46.8,2.27,AVOID|LEFT,2.4,8.00,1.64,2.4,-6.2,4728
126.30,-13.947,62.161,45.0,2.27,AVOID|LEFT,2.4,8.00,1.64,2.4,-7.3,4829
126.35,-13.739,62.355,44.1,2.19,AVOID|LEFT,3.2,8.00,1.64,2.4,-6.6,4850
126.40,-13.739,62.355,43.2,2.19,AVOID|LEFT,3.2,8.00,1.64,3.2,-4.0,4688
126.45,-13.739,62.355,43.0,2.19,AVOID|LEFT,5.6,8.00,1.64,3.2,-1.5,4519
126.50,-13.307,62.694,43.1,3.22,AVOID|LEFT,5.6,8.00,1.64,5.6,0.4,4295
126.55,-13.307,62.694,43.4,3.22,AVOID|LEFT,5.0,8.00,1.68,5.6,1.6,4106
126.60,-13.133,62.860,43.9,2.41,AVOID|LEFT,5.0,8.00,1.68,5.0,2.3,3962
126.65,-13.133,62.860,44.2,2.41,AVOID|STRAIGHT,4.8,8.00,1.68,5.0,2.9,3853
126.70,-12.923,63.026,44.4,2.66,AVOID|STRAIGHT,4.8,8.00,1.68,4.8,3.4,3788
126.75,-12.923,63.026,45.0,2.66,AVOID|LEFT,4.2,8.00,1.73,4.8,3.4,3738
126.80,-12.741,63.214,45.5,2.61,AVOID|LEFT,4.2,8.00,1.78,4.2,3.5,3713
126.85,-12.741,63.214,45.7,2.61,AVOID|LEFT,4.2,8.00,1.83,4.2,3.5,3701
126.90,-12.556,63.364,46.1,2.37,AVOID|LEFT,11.8,8.00,1.83,11.8,3.5,3677
126.95,-12.556,63.364,46.4,2.37,AVOID|LEFT,11.8,8.00,1.88,11.8,3.5,3689
127.00,-12.390,63.530,47.1,2.35,AVOID|LEFT,10.6,8.00,1.93,10.6,3.6,3653
127.05,-12.390,63.530,47.6,2.35,AVOID|LEFT,10.6,8.00,1.93,10.6,4.9,3516
127.10,-12.207,63.716,48.7,2.60,AVOID|LEFT,10.2,8.00,1.93,10.2,6.7,3309
127.15,-12.207,63.716,49.5,2.60,AVOID|LEFT,10.2,8.00,1.88,10.2,8.3,3108
127.20,-12.038,63.872,51.8,2.53,AVOID|LEFT,8.8,8.00,1.88,8.8,9.2,2969
127.25,-12.038,63.872,52.7,2.53,AVOID|LEFT,8.8,8.00,1.88,8.8,9.4,2922
127.30,-11.900,64.032,54.0,2.11,AVOID|LEFT,10.0,8.00,1.88,8.8,9.3,2900
127.35,-11.900,64.032,54.6,2.11,AVOID|LEFT,10.0,8.00,1.88,10.0,9.3,2878
127.40,-11.761,64.216,56.2,2.09,AVOID|LEFT,6.4,8.00,1.88,10.0,9.4,2870
127.45,-11.761,64.216,56.8,2.09,AVOID|LEFT,6.4,8.00,1.79,6.4,9.4,2856
127.50,-11.646,64.449,58.7,2.87,AVOID|LEFT,3.4,8.00,1.70,6.4,9.4,2848
127.55,-11.646,64.449,59.7,2.87,AVOID|LEFT,3.4,8.00,1.68,3.4,9.5,2841
127.60,-11.521,64.634,61.4,2.02,AVOID|STRAIGHT,1.2,8.00,1.68,3.4,9.2,2841
127.65,-11.521,64.634,62.1,2.02,AVOID|STRAIGHT,1.2,8.00,1.59,1.2,8.7,2900
127.70,-11.410,64.810,63.5,2.31,AVOID|STRAIGHT,-0.0,8.00,1.50,1.2,7.5,3008
127.75,-11.410,64.810,64.1,2.31,AVOID|STRAIGHT,-0.0,8.00,1.49,-0.0,6.2,3152
127.80,-11.331,64.997,65.0,1.84,AVOID|STRAIGHT,-0.0,8.00,1.49,-0.0,5.0,3319
127.85,-11.331,64.997,65.4,1.84,AVOID|RIGHT,-1.2,8.00,1.40,-1.2,3.8,3462
127.90,-11.237,65.176,66.2,2.24,AVOID|RIGHT,-1.2,8.00,1.33,-1.2,3.0,3595
127.95,-11.237,65.176,66.4,2.24,AVOID|RIGHT,-3.8,8.00,1.33,-3.8,2.3,3701
128.00,-11.137,65.362,66.6,2.10,AVOID|RIGHT,-3.8,8.00,1.33,-3.8,1.5,3814
128.05,-11.137,65.362,66.6,2.10,AVOID|RIGHT,-5.4,8.00,1.33,-5.4,0.8,3934
128.10,-11.037,65.523,66.7,1.70,AVOID|RIGHT,-5.4,8.00,1.33,-5.4,0.3,4047
128.15,-11.037,65.523,66.7,1.70,AVOID|RIGHT,-6.4,8.00,1.38,-6.4,-0.4,4152
128.20,-10.960,65.689,66.4,2.03,AVOID|RIGHT,-6.4,8.00,1.43,-6.4,-1.4,4246
128.25,-10.960,65.689,66.3,2.03,AVOID|RIGHT,-4.0,8.00,1.48,-6.4,-2.1,4344
128.30,-10.960,65.689,66.0,2.03,AVOID|RIGHT,-4.0,8.00,1.53,-4.0,-2.4,4395
128.35,-10.886,65.847,65.9,1.24,AVOID|RIGHT,-4.0,8.00,1.58,-4.0,-2.5,4430
128.40,-10.886,65.847,65.6,1.24,AVOID|RIGHT,-4.0,8.00,1.63,-4.0,-2.9,4483
128.45,-10.886,65.847,65.4,1.24,AVOID|RIGHT,-5.4,8.00,1.68,-4.0,-2.9,4483
128.50,-10.730,66.124,64.9,1.87,AVOID|RIGHT,-5.4,8.00,1.69,-5.4,-2.9,4501
128.55,-10.730,66.124,64.6,1.87,AVOID|RIGHT,-1.2,8.00,1.60,-5.4,-2.9,4537
128.60,-10.730,66.124,64.2,1.87,AVOID|RIGHT,-1.2,8.00,1.51,-1.2,-2.9,4519
128.65,-10.653,66.267,63.9,1.47,AVOID|RIGHT,0.0,8.00,1.42,-1.2,-2.9,4519
128.70,-10.653,66.267,63.4,1.47,AVOID|RIGHT,0.0,8.00,1.33,0.0,-3.0,4537
128.75,-10.653,66.267,63.1,1.47,CLEAR|STRAIGHT,,999.00,1.24,0.0,-3.0,4537
128.80,-10.487,66.509,62.6,1.53,CLEAR|STRAIGHT,,999.00,1.15,0.0,-3.0,4555
128.85,-10.487,66.509,62.3,1.53,CLEAR|STRAIGHT,,999.00,1.06,0.0,-2.6,4519
128.90,-10.406,66.639,62.0,1.53,CLEAR|STRAIGHT,,999.00,0.97,0.0,-1.6,4430
128.95,-10.406,66.639,61.8,1.53,AVOID|RIGHT,0.0,8.00,0.88,0.0,-1.3,4395
129.00,-10.321,66.771,61.5,1.57,AVOID|RIGHT,0.0,8.00,0.79,0.0,-1.4,4395
129.05,-10.321,66.771,61.3,1.57,AVOID|RIGHT,0.0,8.00,0.70,0.0,-1.4,4378
129.10,-10.219,66.899,61.0,1.79,AVOID|RIGHT,0.0,8.00,0.61,0.0,-1.5,4378
129.15,-10.219,66.899,60.9,1.79,AVOID|RIGHT,0.0,8.00,0.52,0.0,-1.4,4361
129.20,-10.131,67.029,60.6,1.43,AVOID|RIGHT,0.0,8.00,0.43,0.0,-1.4,4378
129.25,-10.131,67.029,60.5,1.43,AVOID|RIGHT,0.0,8.00,0.34,0.0,-1.4,4378
129.30,-10.131,67.029,60.1,1.43,AVOID|RIGHT,0.0,8.00,0.25,0.0,-1.3,4378
129.35,-10.029,67.157,60.0,1.34,AVOID|RIGHT,0.0,8.00,0.16,0.0,-1.4,4378
129.40,-10.029,67.157,59.9,1.34,AVOID|RIGHT,0.0,8.00,0.07,0.0,-1.3,4395
129.45,-10.029,67.157,59.8,1.34,AVOID|STRAIGHT,0.0,8.00,0.00,0.0,-1.4,4378
129.50,-10.029,67.157,59.6,1.34,AVOID|STRAIGHT,0.0,8.00,0.00,0.0,-1.3,4378
129.55,-10.029,67.157,59.5,1.34,AVOID|STRAIGHT,0.0,8.00,0.00,0.0,-1.3,4378
129.60,-9.887,67.430,59.2,1.34,AVOID|STRAIGHT,0.0,8.00,0.00,0.0,-1.3,4361
129.65,-9.887,67.430,59.2,1.34,AVOID|STRAIGHT,0.0,8.00,0.00,0.0,-1.2,4378
129.70,-9.718,67.671,58.9,1.96,AVOID|STRAIGHT,0.0,8.00,0.00,0.0,-1.3,4361
129.75,-9.718,67.671,58.8,1.96,CLEAR|STRAIGHT,,999.00,0.00,0.0,-1.3,4378
129.80,-9.622,67.787,58.6,1.50,CLEAR|STRAIGHT,,999.00,0.00,0.0,-1.3,4395
129.85,-9.622,67.787,58.4,1.50,AVOID|STRAIGHT,0.0,8.00,0.00,0.0,-1.3,4378
129.90,-9.522,67.880,58.1,1.31,AVOID|STRAIGHT,0.0,8.00,0.00,0.0,-1.3,4378
129.95,-9.522,67.880,58.0,1.31,AVOID|STRAIGHT,0.0,8.00,0.00,0.0,-1.3,4378
130.00,-9.481,67.997,57.8,1.34,AVOID|STRAIGHT,0.0,8.00,0.00,0.0,-1.3,4361
130.05,-9.481,67.997,57.7,1.34,AVOID|STRAIGHT,0.0,8.00,0.00,0.0,-1.2,4361
130.10,-9.411,68.078,57.6,0.97,AVOID|STRAIGHT,0.0,8.00,0.00,0.0,-1.2,4361
130.15,-9.411,68.078,57.5,0.97,CLEAR|STRAIGHT,,999.00,0.00,0.0,-1.2,4361
130.20,-9.346,68.175,57.5,1.17,CLEAR|STRAIGHT,,999.00,0.00,0.0,-1.2,4361
130.25,-9.346,68.175,57.4,1.17,CLEAR|STRAIGHT,,999.00,0.00,0.0,-1.2,4378
130.30,-9.346,68.175,57.4,1.17,CLEAR|STRAIGHT,,999.00,0.00,0.0,-1.2,4361
130.35,-9.292,68.274,57.4,0.86,CLEAR|STRAIGHT,,999.00,0.00,0.0,-1.2,4361
130.40,-9.292,68.274,57.2,0.86,CLEAR|STRAIGHT,,999.00,0.00,0.0,-1.2,4361
130.45,-9.292,68.274,57.2,0.86,CLEAR|STRAIGHT,,999.00,0.00,0.0,-1.3,4361
130.50,-9.159,68.415,57.1,1.12,CLEAR|STRAIGHT,,999.00,0.00,0.0,-1.3,4378
130.55,-9.159,68.415,57.0,1.12,CLEAR|STRAIGHT,,999.00,0.00,0.0,-1.2,4378
130.60,-9.101,68.483,56.8,0.89,CLEAR|STRAIGHT,,999.00,0.00,0.0,-1.2,4361
130.65,-9.101,68.483,56.8,0.89,CLEAR|STRAIGHT,,999.00,0.00,0.0,-1.2,4361
130.70,-9.062,68.555,56.6,0.82,CLEAR|STRAIGHT,,999.00,0.00,0.0,-1.2,4361
130.75,-9.062,68.555,56.6,0.82,CLEAR|STRAIGHT,,999.00,0.00,0.0,-1.3,4361
130.80,-9.013,68.615,56.4,0.76,CLEAR|STRAIGHT,,999.00,0.00,0.0,-1.2,4361
130.85,-9.013,68.615,56.4,0.76,CLEAR|STRAIGHT,,999.00,0.00,0.0,-1.2,4361
130.90,-8.979,68.680,56.3,0.91,CLEAR|STRAIGHT,,999.00,0.00,0.0,-1.2,4378
130.95,-8.979,68.680,56.2,0.91,CLEAR|STRAIGHT,,999.00,0.00,0.0,-1.2,4361
131.00,-8.943,68.729,56.1,0.51,CLEAR|STRAIGHT,,999.00,0.00,0.0,-1.2,4361
131.05,-8.943,68.729,56.0,0.51,CLEAR|STRAIGHT,,999.00,0.00,0.0,-1.3,4361
131.10,-8.901,68.776,55.9,0.63,CLEAR|STRAIGHT,,999.00,0.00,0.0,-1.2,4361
131.15,-8.901,68.776,55.8,0.63,CLEAR|STRAIGHT,,999.00,0.00,0.0,-1.2,4378
131.20,-8.865,68.814,55.8,0.52,CLEAR|STRAIGHT,,999.00,0.00,0.0,-1.2,4361
131.25,-8.865,68.814,55.8,0.52,CLEAR|STRAIGHT,,999.00,0.00,0.0,-1.2,4378
131.30,-8.865,68.814,55.7,0.52,CLEAR|STRAIGHT,,999.00,0.00,0.0,-1.2,4361
131.35,-8.836,68.851,55.7,0.42,CLEAR|STRAIGHT,,999.00,0.00,0.0,-1.2,4361
131.40,-8.822,68.882,55.6,0.37,CLEAR|STRAIGHT,,999.00,0.00,0.0,-1.2,4361
131.45,-8.822,68.882,55.6,0.37,CLEAR|STRAIGHT,,999.00,0.00,0.0,-1.2,4361
131.50,-8.822,68.882,55.6,0.37,CLEAR|STRAIGHT,,999.00,0.00,0.0,-1.2,4361
131.55,-8.801,68.910,55.6,0.30,CLEAR|STRAIGHT,,999.00,0.00,0.0,-1.3,4378
131.60,-8.801,68.910,55.5,0.30,CLEAR|STRAIGHT,,999.00,0.00,0.0,-1.3,4361
131.65,-8.801,68.910,55.5,0.30,CLEAR|STRAIGHT,,999.00,0.00,0.0,-1.3,4378
131.70,-8.774,68.942,55.6,0.23,CLEAR|STRAIGHT,,999.00,0.00,0.0,-1.3,4378
131.75,-8.774,68.942,55.6,0.23,CLEAR|STRAIGHT,,999.00,0.00,0.0,-1.3,4378
131.80,-8.765,68.949,55.5,0.12,CLEAR|STRAIGHT,,999.00,0.00,0.0,-1.2,4378
131.85,-8.765,68.949,55.5,0.12,CLEAR|STRAIGHT,,999.00,0.00,0.0,-1.2,4361
131.90,-8.763,68.959,55.5,0.09,CLEAR|STRAIGHT,,999.00,0.00,0.0,-1.2,4361
131.95,-8.763,68.959,55.5,0.09,CLEAR|STRAIGHT,,999.00,0.00,0.0,-1.2,4378
132.00,-8.761,68.960,55.5,0.02,CLEAR|STRAIGHT,,999.00,0.00,0.0,-1.3,4378
132.05,-8.761,68.960,55.5,0.02,CLEAR|STRAIGHT,,999.00,0.00,0.0,-1.2,4361
132.10,-8.763,68.956,55.5,-0.04,CLEAR|STRAIGHT,,999.00,0.00,0.0,-1.3,4378
132.15,-8.763,68.956,55.5,-0.04,CLEAR|STRAIGHT,,999.00,0.00,0.0,-1.2,4378
132.20,-8.769,68.958,55.5,-0.02,CLEAR|STRAIGHT,,999.00,0.00,0.0,-1.2,4361
132.25,-8.769,68.958,55.5,-0.02,CLEAR|STRAIGHT,,999.00,0.00,0.0,-1.3,4378
132.30,-8.769,68.958,55.5,-0.02,CLEAR|STRAIGHT,,999.00,0.00,0.0,-1.2,4361
132.35,-8.773,68.955,55.5,-0.04,CLEAR|STRAIGHT,,999.00,0.00,0.0,-1.2,4361
132.40,-8.773,68.955,55.5,-0.04,CLEAR|STRAIGHT,,999.00,0.00,0.0,-1.3,4361
132.45,-8.773,68.955,55.5,-0.04,CLEAR|STRAIGHT,,999.00,0.00,0.0,-1.3,4378
132.50,-8.779,68.953,55.5,-0.03,CLEAR|STRAIGHT,,999.00,0.00,0.0,-1.2,4378
132.55,-8.779,68.953,55.5,-0.03,CLEAR|STRAIGHT,,999.00,0.00,0.0,-1.3,4378
132.60,-8.780,68.952,55.5,-0.02,CLEAR|STRAIGHT,,999.00,0.00,0.0,-1.2,4378
132.65,-8.780,68.952,55.5,-0.02,CLEAR|STRAIGHT,,999.00,0.00,0.0,-1.2,4361
132.70,-8.778,68.953,55.5,0.02,CLEAR|STRAIGHT,,999.00,0.00,0.0,-1.3,4378
132.75,-8.778,68.953,55.5,0.02,CLEAR|STRAIGHT,,999.00,0.00,0.0,-1.3,4378
132.80,-8.780,68.957,55.6,0.02,CLEAR|STRAIGHT,,999.00,0.00,0.0,-1.2,4378
132.85,-8.780,68.957,55.6,0.02,CLEAR|STRAIGHT,,999.00,0.00,0.0,-1.2,4378
132.90,-8.777,68.954,55.6,-0.01,CLEAR|STRAIGHT,,999.00,0.00,0.0,-1.3,4361
132.95,-8.777,68.954,55.6,-0.01,CLEAR|STRAIGHT,,999.00,0.00,0.0,-1.2,4361
133.00,-8.776,68.953,55.6,0.00,CLEAR|STRAIGHT,,999.00,0.00,0.0,-1.2,4378
133.05,-8.776,68.953,55.6,0.00,CLEAR|STRAIGHT,,999.00,0.00,0.0,-1.3,4378
133.10,-8.778,68.953,55.6,-0.02,CLEAR|STRAIGHT,,999.00,0.00,0.0,-1.2,4361
133.15,-8.778,68.953,55.6,-0.02,CLEAR|STRAIGHT,,999.00,0.00,0.0,-1.2,4378
133.20,-8.778,68.953,55.6,-0.02,CLEAR|STRAIGHT,,999.00,0.00,0.0,-1.3,4378
133.25,-8.775,68.953,55.6,0.02,CLEAR|STRAIGHT,,999.00,0.00,0.0,-1.3,4361
133.30,-8.775,68.953,55.6,0.02,CLEAR|STRAIGHT,,999.00,0.00,0.0,-1.2,4378
133.35,-8.775,68.953,55.6,0.00,CLEAR|STRAIGHT,,999.00,0.00,0.0,-1.3,4378
133.40,-8.775,68.953,55.6,0.00,CLEAR|STRAIGHT,,999.00,0.00,0.0,-1.2,4378
133.45,-8.775,68.953,55.6,0.00,CLEAR|STRAIGHT,,999.00,0.00,0.0,-1.2,4361
133.50,-8.775,68.956,55.6,0.01,CLEAR|STRAIGHT,,999.00,0.00,0.0,-1.3,4361
133.55,-8.775,68.956,55.6,0.01,CLEAR|STRAIGHT,,999.00,0.00,0.0,-1.2,4378
133.60,-8.773,68.956,55.6,0.01,CLEAR|STRAIGHT,,999.00,0.00,0.0,-1.3,4378
133.65,-8.773,68.956,55.6,0.01,CLEAR|STRAIGHT,,999.00,0.00,0.0,-1.3,4378
133.70,-8.773,68.956,55.6,0.00,CLEAR|STRAIGHT,,999.00,0.00,0.0,-1.2,4378
133.75,-8.773,68.956,55.6,0.00,CLEAR|STRAIGHT,,999.00,0.00,0.0,-1.2,4378
133.80,-8.774,68.957,55.6,0.00,CLEAR|STRAIGHT,,999.00,0.00,0.0,-1.3,4378
133.85,-8.774,68.957,55.6,0.00,CLEAR|STRAIGHT,,999.00,0.00,0.0,-1.3,4378
133.90,-8.773,68.958,55.6,0.01,CLEAR|STRAIGHT,,999.00,0.00,0.0,-1.3,4378
133.95,-8.773,68.958,55.6,0.01,CLEAR|STRAIGHT,,999.00,0.00,0.0,-1.2,4378
134.00,-8.775,68.958,55.6,-0.01,CLEAR|STRAIGHT,,999.00,0.00,0.0,-1.3,4361
134.05,-8.775,68.958,55.6,-0.01,CLEAR|STRAIGHT,,999.00,0.00,0.0,-1.3,4361
134.10,-8.773,68.957,55.6,0.00,CLEAR|STRAIGHT,,999.00,0.00,0.0,-1.3,4378
134.15,-8.773,68.957,55.6,0.00,CLEAR|STRAIGHT,,999.00,0.00,0.0,-1.2,4361
134.20,-8.773,68.957,55.6,-0.00,CLEAR|STRAIGHT,,999.00,0.00,0.0,-1.3,4361
134.25,-8.773,68.957,55.6,-0.00,CLEAR|STRAIGHT,,999.00,0.00,0.0,-1.2,4361
134.30,-8.773,68.957,55.6,-0.00,CLEAR|STRAIGHT,,999.00,0.00,0.0,-1.2,4361
134.35,-8.773,68.954,55.6,-0.01,CLEAR|STRAIGHT,,999.00,0.00,0.0,-1.2,4361
134.40,-8.773,68.954,55.6,-0.01,CLEAR|STRAIGHT,,999.00,0.00,0.0,-1.2,4361
134.45,-8.773,68.954,55.6,-0.01,CLEAR|STRAIGHT,,999.00,0.00,0.0,-1.2,4361
134.50,-8.776,68.958,55.6,0.01,CLEAR|STRAIGHT,,999.00,0.00,0.0,-1.2,4361
134.55,-8.776,68.958,55.6,0.01,CLEAR|STRAIGHT,,999.00,0.00,0.0,-1.3,4378
134.60,-8.773,68.954,55.6,-0.02,CLEAR|STRAIGHT,,999.00,0.00,0.0,-1.3,4295
134.65,-8.773,68.954,55.6,-0.02,CLEAR|STRAIGHT,,999.00,0.00,0.0,-1.2,4378
134.70,-8.773,68.954,55.6,0.00,CLEAR|STRAIGHT,,999.00,0.00,0.0,-1.3,4361
134.75,-8.773,68.954,55.6,0.00,CLEAR|STRAIGHT,,999.00,0.00,0.0,-1.2,4378
134.80,-8.775,68.955,55.6,-0.00,CLEAR|STRAIGHT,,999.00,0.00,0.0,-1.3,4378
134.85,-8.775,68.955,55.6,-0.00,CLEAR|STRAIGHT,,999.00,0.00,0.0,-1.2,4378
134.90,-8.773,68.952,55.6,-0.01,CLEAR|STRAIGHT,,999.00,0.00,0.0,-1.2,4361
134.95,-8.773,68.952,55.6,-0.01,CLEAR|STRAIGHT,,999.00,0.00,0.0,-1.2,4378
135.00,-8.774,68.954,55.6,0.01,CLEAR|STRAIGHT,,999.00,0.00,0.0,-1.3,4361
135.05,-8.774,68.954,55.6,0.01,CLEAR|STRAIGHT,,999.00,0.00,0.0,-1.2,4361
135.10,-8.773,68.952,55.6,-0.01,CLEAR|STRAIGHT,,999.00,0.00,0.0,-1.3,4378
135.15,-8.773,68.952,55.6,-0.01,CLEAR|STRAIGHT,,999.00,0.00,0.0,-1.2,4361
135.20,-8.774,68.953,55.6,0.00,CLEAR|STRAIGHT,,999.00,0.00,0.0,-1.2,4378
135.25,-8.774,68.953,55.6,0.00,CLEAR|STRAIGHT,,999.00,0.00,0.0,-1.2,4378
135.30,-8.774,68.953,55.6,0.00,CLEAR|STRAIGHT,,999.00,0.00,0.0,-1.2,4361
135.35,-8.773,68.952,55.6,-0.00,CLEAR|STRAIGHT,,999.00,0.00,0.0,-1.3,4378
135.40,-8.773,68.952,55.6,-0.00,CLEAR|STRAIGHT,,999.00,0.00,0.0,-1.2,4378
135.45,-8.773,68.952,55.6,-0.00,CLEAR|STRAIGHT,,999.00,0.00,0.0,-1.3,4361
135.50,-8.774,68.951,55.6,-0.01,CLEAR|STRAIGHT,,999.00,0.00,0.0,-1.3,4378
135.55,-8.774,68.951,55.6,-0.01,CLEAR|STRAIGHT,,999.00,0.00,0.0,-1.2,4378
135.60,-8.773,68.953,55.6,0.02,CLEAR|STRAIGHT,,999.00,0.00,0.0,-1.2,4378
135.65,-8.773,68.953,55.6,0.02,CLEAR|STRAIGHT,,999.00,0.00,0.0,-1.2,4395
135.70,-8.772,68.953,55.6,0.00,CLEAR|STRAIGHT,,999.00,0.00,0.0,-1.2,4395
135.75,-8.772,68.953,55.6,0.00,CLEAR|STRAIGHT,,999.00,0.00,0.0,-1.3,4361
135.80,-8.775,68.954,55.6,-0.00,CLEAR|STRAIGHT,,999.00,0.00,0.0,-1.2,4378
135.85,-8.775,68.954,55.6,-0.00,CLEAR|STRAIGHT,,999.00,0.00,0.0,-1.2,4361
135.90,-8.774,68.953,55.6,0.00,CLEAR|STRAIGHT,,999.00,0.00,0.0,-1.3,4361
135.95,-8.774,68.953,55.6,0.00,CLEAR|STRAIGHT,,999.00,0.00,0.0,-1.2,4361
136.00,-8.776,68.956,55.6,0.01,CLEAR|STRAIGHT,,999.00,0.00,0.0,-1.2,4361
136.05,-8.776,68.956,55.6,0.01,CLEAR|STRAIGHT,,999.00,0.00,0.0,-1.2,4378
136.10,-8.776,68.956,55.6,-0.01,CLEAR|STRAIGHT,,999.00,0.00,0.0,-1.2,4378
136.15,-8.776,68.956,55.6,-0.01,CLEAR|STRAIGHT,,999.00,0.00,0.0,-1.2,4361
136.20,-8.772,68.953,55.6,0.01,CLEAR|STRAIGHT,,999.00,0.00,0.0,-1.2,4361
136.25,-8.772,68.953,55.6,0.01,CLEAR|STRAIGHT,,999.00,0.00,0.0,-1.2,4361
136.30,-8.774,68.954,55.6,-0.01,CLEAR|STRAIGHT,,999.00,0.00,0.0,-1.2,4378
136.35,-8.774,68.954,55.6,-0.01,CLEAR|STRAIGHT,,999.00,0.00,0.0,-1.2,4378
136.40,-8.777,68.953,55.6,-0.02,CLEAR|STRAIGHT,,999.00,0.00,0.0,-1.2,4361
136.45,-8.777,68.953,55.6,-0.02,CLEAR|STRAIGHT,,999.00,0.00,0.0,-1.2,4361
136.50,-8.777,68.953,55.6,-0.02,CLEAR|STRAIGHT,,999.00,0.00,0.0,-1.2,4328
136.55,-8.776,68.954,55.6,0.01,CLEAR|STRAIGHT,,999.00,0.00,0.0,-1.2,4361
136.60,-8.776,68.954,55.6,0.01,CLEAR|STRAIGHT,,999.00,0.00,0.0,-1.3,4378
136.65,-8.776,68.954,55.6,0.01,CLEAR|STRAIGHT,,999.00,0.00,0.0,-1.3,4378
136.70,-8.778,68.955,55.6,-0.00,CLEAR|STRAIGHT,,999.00,0.00,0.0,-1.3,4361
136.75,-8.778,68.955,55.6,-0.00,CLEAR|STRAIGHT,,999.00,0.00,0.0,-1.1,4361
136.80,-8.775,68.955,55.6,0.02,CLEAR|STRAIGHT,,999.00,0.00,0.0,-1.2,4378
136.85,-8.775,68.955,55.6,0.02,CLEAR|STRAIGHT,,999.00,0.00,0.0,-1.3,4378
136.90,-8.777,68.954,55.6,-0.03,CLEAR|STRAIGHT,,999.00,0.00,0.0,-1.2,4361
136.95,-8.777,68.954,55.6,-0.03,CLEAR|STRAIGHT,,999.00,0.00,0.0,-1.2,4378
137.00,-8.776,68.953,55.6,0.01,CLEAR|STRAIGHT,,999.00,0.00,0.0,-1.3,4361
137.05,-8.776,68.953,55.6,0.01,CLEAR|STRAIGHT,,999.00,0.00,0.0,-1.2,4361
137.10,-8.774,68.952,55.6,0.00,CLEAR|STRAIGHT,,999.00,0.00,0.0,-1.2,4378
137.15,-8.774,68.952,55.6,0.00,CLEAR|STRAIGHT,,999.00,0.00,0.0,-1.2,4361
137.20,-8.776,68.954,55.6,0.00,CLEAR|STRAIGHT,,999.00,0.00,0.0,-1.3,4378
137.25,-8.776,68.954,55.6,0.00,CLEAR|STRAIGHT,,999.00,0.00,0.0,-1.3,4361
137.30,-8.776,68.954,55.6,0.00,CLEAR|STRAIGHT,,999.00,0.00,0.0,-1.3,4361
137.35,-8.776,68.954,55.6,0.00,CLEAR|STRAIGHT,,999.00,0.00,0.0,-1.2,4361
137.40,-8.776,68.954,55.6,0.00,CLEAR|STRAIGHT,,999.00,0.00,0.0,-1.1,4378
137.45,-8.776,68.954,55.6,0.00,CLEAR|STRAIGHT,,999.00,0.00,0.0,-1.2,4378
137.50,-8.778,68.954,55.6,-0.01,CLEAR|STRAIGHT,,999.00,0.00,0.0,-1.3,4395
137.55,-8.778,68.954,55.6,-0.01,CLEAR|STRAIGHT,,999.00,0.00,0.0,-1.2,4361
137.60,-8.775,68.953,55.6,0.01,CLEAR|STRAIGHT,,999.00,0.00,0.0,-1.2,4378
137.65,-8.775,68.953,55.6,0.01,CLEAR|STRAIGHT,,999.00,0.00,0.0,-1.2,4378
137.70,-8.775,68.954,55.6,0.00,CLEAR|STRAIGHT,,999.00,0.00,0.0,-1.2,4378
137.75,-8.775,68.954,55.6,0.00,CLEAR|STRAIGHT,,999.00,0.00,0.0,-1.2,4361
137.80,-8.775,68.954,55.6,0.00,CLEAR|STRAIGHT,,999.00,0.00,0.0,-1.2,4378
137.85,-8.779,68.954,55.6,-0.02,CLEAR|STRAIGHT,,999.00,0.00,0.0,-1.2,4361
137.90,-8.779,68.954,55.6,-0.02,CLEAR|STRAIGHT,,999.00,0.00,0.0,-1.2,4378
137.95,-8.779,68.954,55.6,-0.02,CLEAR|STRAIGHT,,999.00,0.00,0.0,-1.2,4378
138.00,-8.774,68.952,55.6,0.01,CLEAR|STRAIGHT,,999.00,0.00,0.0,-1.2,4361
138.05,-8.774,68.952,55.6,0.01,CLEAR|STRAIGHT,,999.00,0.00,0.0,-1.3,4378
138.10,-8.776,68.952,55.6,-0.01,CLEAR|STRAIGHT,,999.00,0.00,0.0,-1.3,4378
138.15,-8.776,68.952,55.6,-0.01,CLEAR|STRAIGHT,,999.00,0.00,0.0,-1.3,4361
138.20,-8.776,68.952,55.6,-0.01,CLEAR|STRAIGHT,,999.00,0.00,0.0,-1.2,4378
138.25,-8.776,68.952,55.6,0.01,CLEAR|STRAIGHT,,999.00,0.00,0.0,-1.3,4378
138.30,-8.776,68.952,55.6,0.01,CLEAR|STRAIGHT,,999.00,0.00,0.0,-1.2,4361
138.35,-8.774,68.953,55.6,0.01,CLEAR|STRAIGHT,,999.00,0.00,0.0,-1.1,4378
138.40,-8.774,68.953,55.6,0.01,CLEAR|STRAIGHT,,999.00,0.00,0.0,-1.2,4361
138.45,-8.774,68.953,55.6,0.01,CLEAR|STRAIGHT,,999.00,0.00,0.0,-1.2,4361
138.50,-8.776,68.953,55.6,-0.01,CLEAR|STRAIGHT,,999.00,0.00,0.0,-1.3,4378
138.55,-8.776,68.953,55.6,-0.01,CLEAR|STRAIGHT,,999.00,0.00,0.0,-1.2,4378
138.60,-8.776,68.953,55.6,-0.01,CLEAR|STRAIGHT,,999.00,0.00,0.0,-1.3,4378
138.65,-8.774,68.950,55.6,-0.00,CLEAR|STRAIGHT,,999.00,0.00,0.0,-1.2,4361
138.70,-8.774,68.950,55.6,-0.00,CLEAR|STRAIGHT,,999.00,0.00,0.0,-1.2,4378
138.75,-8.774,68.950,55.6,-0.00,CLEAR|STRAIGHT,,999.00,0.00,0.0,-1.3,4361
138.80,-8.773,68.948,55.6,-0.01,CLEAR|STRAIGHT,,999.00,0.00,0.0,-1.2,4378
138.85,-8.773,68.948,55.6,-0.01,CLEAR|STRAIGHT,,999.00,0.00,0.0,-1.2,4378
138.90,-8.772,68.949,55.6,0.00,CLEAR|STRAIGHT,,999.00,0.00,0.0,-1.3,4361
138.95,-8.772,68.949,55.6,0.00,CLEAR|STRAIGHT,,999.00,0.00,0.0,-1.2,4361
139.00,-8.774,68.949,55.6,-0.00,CLEAR|STRAIGHT,,999.00,0.00,0.0,-1.3,4378
139.05,-8.774,68.949,55.6,-0.00,CLEAR|STRAIGHT,,999.00,0.00,0.0,-1.2,4361
139.10,-8.776,68.949,55.6,-0.01,CLEAR|STRAIGHT,,999.00,0.00,0.0,-1.2,4378
139.15,-8.776,68.949,55.6,-0.01,CLEAR|STRAIGHT,,999.00,0.00,0.0,-1.2,4361
139.20,-8.774,68.949,55.6,0.01,CLEAR|STRAIGHT,,999.00,0.00,0.0,-1.2,4361
139.25,-8.774,68.949,55.6,0.01,CLEAR|STRAIGHT,,999.00,0.00,0.0,-1.2,4361
139.30,-8.774,68.949,55.6,0.01,CLEAR|STRAIGHT,,999.00,0.00,0.0,-1.3,4378
139.35,-8.775,68.950,55.6,0.00,CLEAR|STRAIGHT,,999.00,0.00,0.0,-1.3,4378
139.40,-8.775,68.950,55.6,0.00,CLEAR|STRAIGHT,,999.00,0.00,0.0,-1.2,4361
139.45,-8.775,68.950,55.6,0.00,CLEAR|STRAIGHT,,999.00,0.00,0.0,-1.2,4361
139.50,-8.775,68.950,55.6,0.00,CLEAR|STRAIGHT,,999.00,0.00,0.0,-1.2,4361
139.55,-8.775,68.950,55.6,0.00,CLEAR|STRAIGHT,,999.00,0.00,0.0,-1.2,4361
139.60,-8.775,68.950,55.6,0.00,CLEAR|STRAIGHT,,999.00,0.00,0.0,-1.2,4361
139.65,-8.775,68.950,55.6,0.00,CLEAR|STRAIGHT,,999.00,0.00,0.0,-1.2,4361
139.70,-8.775,68.950,55.6,0.00,CLEAR|STRAIGHT,,999.00,0.00,0.0,-1.2,4361
139.75,-8.775,68.950,55.6,0.00,CLEAR|STRAIGHT,,999.00,0.00,0.0,-1.2,4361
139.80,-8.775,68.950,55.6,0.00,CLEAR|STRAIGHT,,999.00,0.00,0.0,-1.2,4361
139.85,-8.775,68.950,55.6,0.00,CLEAR|STRAIGHT,,999.00,0.00,0.0,-1.2,4361
139.90,-8.775,68.950,55.6,0.00,CLEAR|STRAIGHT,,999.00,0.00,0.0,-1.2,4361
139.95,-8.775,68.950,55.6,0.00,CLEAR|STRAIGHT,,999.00,0.00,0.0,-1.2,4361
140.00,-8.775,68.950,55.6,0.00,CLEAR|STRAIGHT,,999.00,0.00,0.0,-1.2,4361
140.05,-8.775,68.950,55.6,0.00,CLEAR|STRAIGHT,,999.00,0.00,0.0,-1.2,4361
140.10,-8.775,68.950,55.6,0.00,CLEAR|STRAIGHT,,999.00,0.00,0.0,-1.2,4361
140.15,-8.775,68.950,55.6,0.00,CLEAR|STRAIGHT,,999.00,0.00,0.0,-1.2,4361
140.20,-8.775,68.950,55.6,0.00,CLEAR|STRAIGHT,,999.00,0.00,0.0,-1.2,4361
140.25,-8.775,68.950,55.6,0.00,CLEAR|STRAIGHT,,999.00,0.00,0.0,-1.2,4361
140.30,-8.775,68.950,55.6,0.00,CLEAR|STRAIGHT,,999.00,0.00,0.0,-1.2,4361
140.35,-8.775,68.950,55.6,0.00,CLEAR|STRAIGHT,,999.00,0.00,0.0,-1.2,4361
140.40,-8.775,68.950,55.6,0.00,CLEAR|STRAIGHT,,999.00,0.00,0.0,-1.2,4361
140.45,-8.775,68.950,55.6,0.00,CLEAR|STRAIGHT,,999.00,0.00,0.0,-1.2,4361
140.50,-8.775,68.950,55.6,0.00,CLEAR|STRAIGHT,,999.00,0.00,0.0,-1.2,4361
140.55,-8.775,68.950,55.6,0.00,CLEAR|STRAIGHT,,999.00,0.00,0.0,-1.2,4361
140.60,-8.775,68.950,55.6,0.00,CLEAR|STRAIGHT,,999.00,0.00,0.0,-1.2,4361
140.65,-8.775,68.950,55.6,0.00,CLEAR|STRAIGHT,,999.00,0.00,0.0,-1.2,4361
140.70,-8.775,68.950,55.6,0.00,CLEAR|STRAIGHT,,999.00,0.00,0.0,-1.2,4361
140.75,-8.775,68.950,55.6,0.00,CLEAR|STRAIGHT,,999.00,0.00,0.0,-1.2,4361
140.80,-8.775,68.950,55.6,0.00,CLEAR|STRAIGHT,,999.00,0.00,0.0,-1.2,4361
140.85,-8.775,68.950,55.6,0.00,CLEAR|STRAIGHT,,999.00,0.00,0.0,-1.2,4361
140.90,-8.775,68.950,55.6,0.00,CLEAR|STRAIGHT,,999.00,0.00,0.0,-1.2,4361
140.95,-8.775,68.950,55.6,0.00,CLEAR|STRAIGHT,,999.00,0.00,0.0,-1.2,4361
141.00,-8.775,68.950,55.6,0.00,CLEAR|STRAIGHT,,999.00,0.00,0.0,-1.2,4361
141.05,-8.775,68.950,55.6,0.00,CLEAR|STRAIGHT,,999.00,0.00,0.0,-1.2,4361
141.10,-8.775,68.950,55.6,0.00,CLEAR|STRAIGHT,,999.00,0.00,0.0,-1.2,4361
141.15,-8.775,68.950,55.6,0.00,CLEAR|STRAIGHT,,999.00,0.00,0.0,-1.2,4361
141.20,-8.775,68.950,55.6,0.00,CLEAR|STRAIGHT,,999.00,0.00,0.0,-1.2,4361
141.25,-8.775,68.950,55.6,0.00,CLEAR|STRAIGHT,,999.00,0.00,0.0,-1.2,4361
141.30,-8.775,68.950,55.6,0.00,CLEAR|STRAIGHT,,999.00,0.00,0.0,-1.2,4361
141.35,-8.775,68.950,55.6,0.00,CLEAR|STRAIGHT,,999.00,0.00,0.0,-1.2,4361
141.40,-8.775,68.950,55.6,0.00,CLEAR|STRAIGHT,,999.00,0.00,0.0,-1.2,4361
141.45,-8.775,68.950,55.6,0.00,CLEAR|STRAIGHT,,999.00,0.00,0.0,-1.2,4361
141.50,-8.775,68.950,55.6,0.00,CLEAR|STRAIGHT,,999.00,0.00,0.0,-1.2,4361
141.55,-8.775,68.950,55.6,0.00,CLEAR|STRAIGHT,,999.00,0.00,0.0,-1.2,4361
141.60,-8.775,68.950,55.6,0.00,CLEAR|STRAIGHT,,999.00,0.00,0.0,-1.2,4361
141.65,-8.775,68.950,55.6,0.00,CLEAR|STRAIGHT,,999.00,0.00,0.0,-1.2,4361
141.70,-8.775,68.950,55.6,0.00,CLEAR|STRAIGHT,,999.00,0.00,0.0,-1.2,4361
141.75,-8.775,68.950,55.6,0.00,CLEAR|STRAIGHT,,999.00,0.00,0.0,-1.2,4361
141.80,-8.775,68.950,55.6,0.00,CLEAR|STRAIGHT,,999.00,0.00,0.0,-1.2,4361
141.85,-8.775,68.950,55.6,0.00,CLEAR|STRAIGHT,,999.00,0.00,0.0,-1.2,4361
141.90,-8.775,68.950,55.6,0.00,CLEAR|STRAIGHT,,999.00,0.00,0.0,-1.2,4361
141.95,-8.775,68.950,55.6,0.00,CLEAR|STRAIGHT,,999.00,0.00,0.0,-1.2,4361
142.00,-8.775,68.950,55.6,0.00,CLEAR|STRAIGHT,,999.00,0.00,0.0,-1.2,4361
142.05,-8.775,68.950,55.6,0.00,CLEAR|STRAIGHT,,999.00,0.00,0.0,-1.2,4361
142.10,-8.775,68.950,55.6,0.00,CLEAR|STRAIGHT,,999.00,0.00,0.0,-1.2,4361
142.15,-8.775,68.950,55.6,0.00,CLEAR|STRAIGHT,,999.00,0.00,0.0,-1.2,4361
142.20,-8.775,68.950,55.6,0.00,CLEAR|STRAIGHT,,999.00,0.00,0.0,-1.2,4361
142.25,-8.775,68.950,55.6,0.00,CLEAR|STRAIGHT,,999.00,0.00,0.0,-1.2,4361
142.30,-8.775,68.950,55.6,0.00,CLEAR|STRAIGHT,,999.00,0.00,0.0,-1.2,4361
142.35,-8.775,68.950,55.6,0.00,CLEAR|STRAIGHT,,999.00,0.00,0.0,-1.2,4361
142.40,-8.775,68.950,55.6,0.00,CLEAR|STRAIGHT,,999.00,0.00,0.0,-1.2,4361
142.45,-8.775,68.950,55.6,0.00,CLEAR|STRAIGHT,,999.00,0.00,0.0,-1.2,4361
142.50,-8.775,68.950,55.6,0.00,CLEAR|STRAIGHT,,999.00,0.00,0.0,-1.2,4361
142.55,-8.775,68.950,55.6,0.00,CLEAR|STRAIGHT,,999.00,0.00,0.0,-1.2,4361
142.60,-8.775,68.950,55.6,0.00,CLEAR|STRAIGHT,,999.00,0.00,0.0,-1.2,4361
142.65,-8.775,68.950,55.6,0.00,CLEAR|STRAIGHT,,999.00,0.00,0.0,-1.2,4361
142.70,-8.775,68.950,55.6,0.00,CLEAR|STRAIGHT,,999.00,0.00,0.0,-1.2,4361
142.75,-8.775,68.950,55.6,0.00,CLEAR|STRAIGHT,,999.00,0.00,0.0,-1.2,4361
142.80,-8.775,68.950,55.6,0.00,CLEAR|STRAIGHT,,999.00,0.00,0.0,-1.2,4361
142.85,-8.775,68.950,55.6,0.00,CLEAR|STRAIGHT,,999.00,0.00,0.0,-1.2,4361
142.90,-8.775,68.950,55.6,0.00,CLEAR|STRAIGHT,,999.00,0.00,0.0,-1.2,4361
142.95,-8.775,68.950,55.6,0.00,CLEAR|STRAIGHT,,999.00,0.00,0.0,-1.2,4361
143.00,-8.775,68.950,55.6,0.00,CLEAR|STRAIGHT,,999.00,0.00,0.0,-1.2,4361
143.05,-8.775,68.950,55.6,0.00,CLEAR|STRAIGHT,,999.00,0.00,0.0,-1.2,4361
143.10,-8.775,68.950,55.6,0.00,CLEAR|STRAIGHT,,999.00,0.00,0.0,-1.2,4361
143.15,-8.775,68.950,55.6,0.00,CLEAR|STRAIGHT,,999.00,0.00,0.0,-1.2,4361
143.20,-8.775,68.950,55.6,0.00,CLEAR|STRAIGHT,,999.00,0.00,0.0,-1.2,4361
143.25,-8.775,68.950,55.6,0.00,CLEAR|STRAIGHT,,999.00,0.00,0.0,-1.2,4361
143.30,-8.775,68.950,55.6,0.00,CLEAR|STRAIGHT,,999.00,0.00,0.0,-1.2,4361
143.35,-8.775,68.950,55.6,0.00,CLEAR|STRAIGHT,,999.00,0.00,0.0,-1.2,4361
143.40,-8.775,68.950,55.6,0.00,CLEAR|STRAIGHT,,999.00,0.00,0.0,-1.2,4361
143.45,-8.775,68.950,55.6,0.00,CLEAR|STRAIGHT,,999.00,0.00,0.0,-1.2,4361
143.50,-8.775,68.950,55.6,0.00,CLEAR|STRAIGHT,,999.00,0.00,0.0,-1.2,4361
143.55,-8.775,68.950,55.6,0.00,CLEAR|STRAIGHT,,999.00,0.00,0.0,-1.2,4361
143.60,-8.775,68.950,55.6,0.00,CLEAR|STRAIGHT,,999.00,0.00,0.0,-1.2,4361
143.65,-8.775,68.950,55.6,0.00,CLEAR|STRAIGHT,,999.00,0.00,0.0,-1.2,4361
143.70,-8.775,68.950,55.6,0.00,CLEAR|STRAIGHT,,999.00,0.00,0.0,-1.2,4361
143.75,-8.775,68.950,55.6,0.00,CLEAR|STRAIGHT,,999.00,0.00,0.0,-1.2,4361
143.80,-8.775,68.950,55.6,0.00,CLEAR|STRAIGHT,,999.00,0.00,0.0,-1.2,4361
143.85,-8.775,68.950,55.6,0.00,CLEAR|STRAIGHT,,999.00,0.00,0.0,-1.2,4361
143.90,-8.775,68.950,55.6,0.00,CLEAR|STRAIGHT,,999.00,0.00,0.0,-1.2,4361
143.95,-8.775,68.950,55.6,0.00,CLEAR|STRAIGHT,,999.00,0.00,0.0,-1.2,4361
144.00,-8.775,68.950,55.6,0.00,CLEAR|STRAIGHT,,999.00,0.00,0.0,-1.2,4361
144.05,-8.775,68.950,55.6,0.00,CLEAR|STRAIGHT,,999.00,0.00,0.0,-1.2,4361
144.10,-8.775,68.950,55.6,0.00,CLEAR|STRAIGHT,,999.00,0.00,0.0,-1.2,4361
144.15,-8.775,68.950,55.6,0.00,CLEAR|STRAIGHT,,999.00,0.00,0.0,-1.2,4361
144.20,-8.775,68.950,55.6,0.00,CLEAR|STRAIGHT,,999.00,0.00,0.0,-1.2,4361
144.25,-8.775,68.950,55.6,0.00,CLEAR|STRAIGHT,,999.00,0.00,0.0,-1.2,4361
144.30,-8.775,68.950,55.6,0.00,CLEAR|STRAIGHT,,999.00,0.00,0.0,-1.2,4361
144.35,-8.775,68.950,55.6,0.00,CLEAR|STRAIGHT,,999.00,0.00,0.0,-1.2,4361
144.40,-8.775,68.950,55.6,0.00,CLEAR|STRAIGHT,,999.00,0.00,0.0,-1.2,4361
144.45,-8.775,68.950,55.6,0.00,CLEAR|STRAIGHT,,999.00,0.00,0.0,-1.2,4361
144.50,-8.775,68.950,55.6,0.00,CLEAR|STRAIGHT,,999.00,0.00,0.0,-1.2,4361
144.55,-8.775,68.950,55.6,0.00,CLEAR|STRAIGHT,,999.00,0.00,0.0,-1.2,4361
144.60,-8.775,68.950,55.6,0.00,CLEAR|STRAIGHT,,999.00,0.00,0.0,-1.2,4361
144.65,-8.775,68.950,55.6,0.00,CLEAR|STRAIGHT,,999.00,0.00,0.0,-1.2,4361
144.70,-8.775,68.950,55.6,0.00,CLEAR|STRAIGHT,,999.00,0.00,0.0,-1.2,4361
144.75,-8.775,68.950,55.6,0.00,CLEAR|STRAIGHT,,999.00,0.00,0.0,-1.2,4361
144.80,-8.775,68.950,55.6,0.00,CLEAR|STRAIGHT,,999.00,0.00,0.0,-1.2,4361
144.85,-8.775,68.950,55.6,0.00,CLEAR|STRAIGHT,,999.00,0.00,0.0,-1.2,4361
144.90,-8.775,68.950,55.6,0.00,CLEAR|STRAIGHT,,999.00,0.00,0.0,-1.2,4361
144.95,-8.775,68.950,55.6,0.00,CLEAR|STRAIGHT,,999.00,0.00,0.0,-1.2,4361
