t,x,y,yaw_deg,v,mode,avoid_steer_deg,obstacle_m,cmd_v,cmd_steer_deg,steer_actual_deg,vcc_mv
0.06,-9.767,68.380,100.8,-0.42,-,,,0.00,0.0,,0
0.11,-9.769,68.378,100.8,-0.02,CLEAR|STRAIGHT,,999.00,0.00,0.0,,0
0.16,-9.769,68.378,100.8,-0.02,CLEAR|STRAIGHT,,999.00,0.00,0.0,,0
0.21,-9.769,68.376,100.8,-0.03,CLEAR|STRAIGHT,,999.00,0.00,0.0,,0
0.26,-9.769,68.376,100.8,-0.03,CLEAR|STRAIGHT,,999.00,0.00,0.0,,0
0.31,-9.769,68.376,100.8,-0.00,CLEAR|STRAIGHT,,999.00,0.00,0.0,,0
0.36,-9.769,68.376,100.8,-0.00,CLEAR|STRAIGHT,,999.00,0.00,0.0,,0
0.41,-9.769,68.377,100.8,0.01,CLEAR|STRAIGHT,,999.00,0.00,0.0,,0
0.46,-9.769,68.377,100.8,0.01,CLEAR|STRAIGHT,,999.00,0.00,0.0,,0
0.51,-9.772,68.377,100.8,0.01,CLEAR|STRAIGHT,,999.00,0.00,0.0,,0
0.56,-9.773,68.378,100.8,0.00,CLEAR|STRAIGHT,,999.00,0.00,0.0,,0
0.61,-9.773,68.378,100.8,0.00,CLEAR|STRAIGHT,,999.00,0.00,0.0,,0
0.66,-9.773,68.378,100.8,0.00,CLEAR|STRAIGHT,,999.00,0.00,0.0,,0
0.71,-9.776,68.379,100.8,0.02,CLEAR|STRAIGHT,,999.00,0.00,0.0,,0
0.76,-9.776,68.379,100.8,0.02,CLEAR|STRAIGHT,,999.00,0.00,0.0,,0
0.81,-9.780,68.381,100.8,0.03,CLEAR|STRAIGHT,,999.00,0.00,0.0,,0
0.86,-9.780,68.381,100.8,0.03,CLEAR|STRAIGHT,,999.00,0.00,0.0,,0
0.91,-9.782,68.384,100.8,0.03,CLEAR|STRAIGHT,,999.00,0.00,0.0,,0
0.96,-9.782,68.384,100.8,0.03,CLEAR|STRAIGHT,,999.00,0.00,0.0,,0
1.01,-9.787,68.384,100.8,0.01,CLEAR|STRAIGHT,,999.00,0.00,0.0,,0
1.06,-9.787,68.384,100.8,0.01,CLEAR|STRAIGHT,,999.00,0.00,0.0,,0
1.11,-9.794,68.390,100.8,0.05,CLEAR|STRAIGHT,,999.00,0.00,0.0,,0
1.16,-9.794,68.390,100.8,0.05,CLEAR|STRAIGHT,,999.00,0.00,0.0,,0
1.21,-9.796,68.392,100.8,0.03,CLEAR|STRAIGHT,,999.00,0.00,0.0,,0
1.26,-9.796,68.392,100.8,0.03,CLEAR|STRAIGHT,,999.00,0.00,0.0,,0
1.31,-9.798,68.392,100.8,0.00,CLEAR|STRAIGHT,,999.00,0.00,0.0,,0
1.36,-9.798,68.392,100.8,0.00,CLEAR|STRAIGHT,,999.00,0.00,0.0,,0
1.41,-9.801,68.393,100.8,0.02,CLEAR|STRAIGHT,,999.00,0.00,0.0,,0
1.46,-9.803,68.394,100.8,0.01,CLEAR|STRAIGHT,,999.00,0.00,0.0,,0
1.51,-9.803,68.394,100.8,0.01,CLEAR|STRAIGHT,,999.00,0.00,0.0,,0
1.56,-9.803,68.394,100.8,0.01,CLEAR|STRAIGHT,,999.00,0.00,0.0,,0
1.61,-9.803,68.393,100.8,-0.01,CLEAR|STRAIGHT,,999.00,0.00,0.0,,0
1.66,-9.803,68.393,100.8,-0.01,CLEAR|STRAIGHT,,999.00,0.00,0.0,-0.9,4328
1.71,-9.802,68.392,100.8,-0.01,CLEAR|STRAIGHT,,999.00,0.00,0.0,-0.8,4328
1.76,-9.802,68.392,100.8,-0.01,CLEAR|STRAIGHT,,999.00,0.00,0.0,-0.9,4344
1.81,-9.804,68.394,100.8,0.02,CLEAR|STRAIGHT,,999.00,0.00,0.0,-0.9,4344
1.86,-9.804,68.394,100.8,0.02,CLEAR|STRAIGHT,,999.00,0.00,0.0,-0.9,4344
1.91,-9.805,68.393,100.8,-0.01,CLEAR|STRAIGHT,,999.00,0.00,0.0,-0.9,4344
1.96,-9.805,68.393,100.8,-0.01,CLEAR|STRAIGHT,,999.00,0.00,0.0,-0.9,4328
2.01,-9.805,68.393,100.8,-0.01,CLEAR|STRAIGHT,,999.00,0.00,0.0,-0.9,4344
2.06,-9.805,68.393,100.8,-0.01,CLEAR|STRAIGHT,,999.00,0.00,0.0,-0.8,4328
2.11,-9.808,68.393,100.8,0.00,CLEAR|STRAIGHT,,999.00,0.00,0.0,-1.0,4344
2.16,-9.808,68.393,100.8,0.00,CLEAR|STRAIGHT,,999.00,0.00,0.0,-0.9,4328
2.21,-9.806,68.392,100.8,-0.01,CLEAR|STRAIGHT,,999.00,0.00,0.0,-0.9,4328
2.26,-9.806,68.392,100.8,-0.01,CLEAR|STRAIGHT,,999.00,0.00,0.0,-0.9,4328
2.31,-9.808,68.391,100.8,-0.00,CLEAR|STRAIGHT,,999.00,0.00,0.0,-0.8,4344
2.36,-9.808,68.391,100.8,0.00,CLEAR|STRAIGHT,,999.00,0.00,0.0,-0.9,4328
2.41,-9.808,68.391,100.8,0.00,CLEAR|STRAIGHT,,999.00,0.00,0.0,-0.9,4328
2.46,-9.808,68.391,100.8,0.00,CLEAR|STRAIGHT,,999.00,0.00,0.0,-0.9,4344
2.51,-9.808,68.391,100.8,-0.00,CLEAR|STRAIGHT,,999.00,0.00,0.0,-0.9,4344
2.56,-9.808,68.391,100.8,-0.00,CLEAR|STRAIGHT,,999.00,0.00,0.0,-0.9,4328
2.61,-9.811,68.391,100.8,0.01,CLEAR|STRAIGHT,,999.00,0.00,0.0,-0.8,4328
2.66,-9.811,68.391,100.8,0.01,CLEAR|STRAIGHT,,999.00,0.00,0.0,-0.9,4328
2.71,-9.810,68.392,100.8,0.01,CLEAR|STRAIGHT,,999.00,0.00,0.0,-0.9,4328
2.76,-9.810,68.392,100.8,0.01,CLEAR|STRAIGHT,,999.00,0.00,0.0,-0.9,4344
2.81,-9.811,68.389,100.8,-0.03,CLEAR|STRAIGHT,,999.00,0.00,0.0,-0.8,4344
2.86,-9.811,68.389,100.8,-0.03,CLEAR|STRAIGHT,,999.00,0.00,0.0,-0.8,4328
2.91,-9.812,68.390,100.8,0.01,CLEAR|STRAIGHT,,999.00,0.00,0.0,-0.8,4328
2.96,-9.812,68.390,100.8,0.01,CLEAR|STRAIGHT,,999.00,0.00,0.0,-0.8,4328
3.01,-9.813,68.391,100.8,0.01,CLEAR|STRAIGHT,,999.00,0.00,0.0,-0.9,4328
3.06,-9.813,68.391,100.8,0.01,CLEAR|STRAIGHT,,999.00,0.00,0.0,-0.9,4344
3.11,-9.813,68.389,100.8,-0.02,CLEAR|STRAIGHT,,999.00,0.00,0.0,-0.8,4344
3.16,-9.813,68.389,100.8,-0.02,CLEAR|STRAIGHT,,999.00,0.00,0.0,-0.8,4328
3.21,-9.814,68.389,100.8,0.00,CLEAR|STRAIGHT,,999.00,0.00,0.0,-0.8,4328
3.26,-9.817,68.389,100.8,0.00,CLEAR|STRAIGHT,,999.00,0.00,0.0,-0.9,4344
3.31,-9.817,68.389,100.8,0.00,CLEAR|STRAIGHT,,999.00,0.00,0.0,-0.9,4328
3.36,-9.817,68.389,100.8,0.00,CLEAR|STRAIGHT,,999.00,0.00,0.0,-0.9,4328
3.41,-9.815,68.389,100.8,-0.00,CLEAR|STRAIGHT,,999.00,0.00,0.0,-0.8,4328
3.46,-9.815,68.389,100.8,-0.00,CLEAR|STRAIGHT,,999.00,0.00,0.0,-0.8,4344
3.51,-9.815,68.388,100.8,-0.01,CLEAR|STRAIGHT,,999.00,0.00,0.0,-0.9,4328
3.56,-9.815,68.388,100.8,-0.01,CLEAR|STRAIGHT,,999.00,0.00,0.0,-0.9,4328
3.61,-9.817,68.387,100.8,-0.01,CLEAR|STRAIGHT,,999.00,0.00,0.0,-0.9,4344
3.66,-9.817,68.387,100.8,-0.01,CLEAR|STRAIGHT,,999.00,0.00,0.0,-0.9,4328
3.71,-9.816,68.385,100.8,-0.02,CLEAR|STRAIGHT,,999.00,0.00,0.0,-0.8,4344
3.76,-9.816,68.385,100.8,-0.02,CLEAR|STRAIGHT,,999.00,0.00,0.0,-0.8,4328
3.81,-9.817,68.386,100.8,0.02,CLEAR|STRAIGHT,,999.00,0.00,0.0,-0.8,4328
3.86,-9.817,68.386,100.8,0.02,CLEAR|STRAIGHT,,999.00,0.00,0.0,-0.9,4328
3.91,-9.819,68.384,100.8,-0.02,CLEAR|STRAIGHT,,999.00,0.00,0.0,-0.9,4328
3.96,-9.819,68.384,100.8,-0.02,CLEAR|STRAIGHT,,999.00,0.00,0.0,-0.9,4328
4.01,-9.818,68.384,100.8,-0.00,CLEAR|STRAIGHT,,999.00,0.00,0.0,-0.8,4328
4.06,-9.818,68.384,100.8,-0.00,CLEAR|STRAIGHT,,999.00,0.00,0.0,-0.8,4328
4.11,-9.817,68.381,100.8,-0.03,CLEAR|STRAIGHT,,999.00,0.00,0.0,-0.8,4328
4.16,-9.819,68.379,100.8,-0.01,CLEAR|STRAIGHT,,999.00,0.00,0.0,-0.9,4328
4.21,-9.819,68.379,100.8,-0.01,CLEAR|STRAIGHT,,999.00,0.00,0.0,-0.9,4328
4.26,-9.819,68.379,100.8,-0.01,CLEAR|STRAIGHT,,999.00,0.00,0.0,-0.9,4344
4.31,-9.821,68.379,100.8,-0.00,CLEAR|STRAIGHT,,999.00,0.00,0.0,-0.9,4328
4.36,-9.821,68.379,100.8,-0.00,CLEAR|STRAIGHT,,999.00,0.00,0.0,-0.8,4328
4.41,-9.819,68.375,100.8,-0.04,CLEAR|STRAIGHT,,999.00,0.00,0.0,-0.9,4328
4.46,-9.819,68.375,100.8,-0.04,CLEAR|STRAIGHT,,999.00,0.00,0.0,-0.8,4344
4.51,-9.820,68.374,100.8,-0.01,CLEAR|STRAIGHT,,999.00,0.00,0.0,-0.9,4328
4.56,-9.820,68.374,100.8,-0.01,CLEAR|STRAIGHT,,999.00,0.00,0.0,-0.9,4328
4.61,-9.821,68.375,100.8,0.01,CLEAR|STRAIGHT,,999.00,0.00,0.0,-0.9,4328
4.66,-9.821,68.375,100.8,0.01,CLEAR|STRAIGHT,,999.00,0.00,0.0,-0.9,4328
4.71,-9.821,68.371,100.8,-0.04,CLEAR|STRAIGHT,,999.00,0.00,0.0,-0.8,4328
4.76,-9.821,68.371,100.8,-0.04,CLEAR|STRAIGHT,,999.00,0.00,0.0,-0.8,4344
4.81,-9.820,68.369,100.8,-0.02,CLEAR|STRAIGHT,,999.00,0.00,0.0,-0.9,4328
4.86,-9.820,68.369,100.8,-0.02,CLEAR|STRAIGHT,,999.00,0.00,0.0,-0.8,4328
4.91,-9.823,68.369,100.8,-0.00,CLEAR|STRAIGHT,,999.00,0.00,0.0,-0.9,4344
4.96,-9.823,68.369,100.8,-0.00,CLEAR|STRAIGHT,,999.00,0.00,0.0,-0.9,4344
5.01,-9.823,68.366,100.8,-0.03,CLEAR|STRAIGHT,,999.00,0.00,0.0,-0.9,4328
5.06,-9.825,68.364,100.8,-0.01,CLEAR|STRAIGHT,,999.00,0.00,0.0,-0.8,4344
5.11,-9.825,68.364,100.8,-0.01,CLEAR|STRAIGHT,,999.00,0.00,0.0,-0.9,4328
5.16,-9.827,68.365,100.8,0.01,CLEAR|STRAIGHT,,999.00,0.00,0.0,-0.9,4328
5.21,-9.827,68.365,100.8,0.01,CLEAR|STRAIGHT,,999.00,0.00,0.0,-0.9,4344
5.26,-9.827,68.362,100.8,-0.02,CLEAR|STRAIGHT,,999.00,0.00,0.0,-0.8,4328
5.31,-9.827,68.362,100.8,-0.02,CLEAR|STRAIGHT,,999.00,0.00,0.0,-0.8,4328
5.36,-9.828,68.361,100.8,-0.02,CLEAR|STRAIGHT,,999.00,0.00,0.0,-0.9,4344
5.41,-9.828,68.361,100.8,-0.02,CLEAR|STRAIGHT,,999.00,0.00,0.0,-0.9,4328
5.46,-9.828,68.361,100.8,-0.02,CLEAR|STRAIGHT,,999.00,0.00,0.0,-0.8,4344
5.51,-9.829,68.360,100.8,-0.00,CLEAR|STRAIGHT,,999.00,0.00,0.0,-0.9,4344
5.56,-9.829,68.360,100.8,-0.00,CLEAR|STRAIGHT,,999.00,0.00,0.0,-0.9,4328
5.61,-9.829,68.357,100.8,-0.03,CLEAR|STRAIGHT,,999.00,0.00,0.0,-0.9,4328
5.66,-9.829,68.357,100.8,-0.03,CLEAR|STRAIGHT,,999.00,0.00,0.0,-0.8,4328
5.71,-9.830,68.356,100.8,-0.00,CLEAR|STRAIGHT,,999.00,0.00,0.0,-0.9,4328
5.76,-9.830,68.356,100.8,-0.00,CLEAR|STRAIGHT,,999.00,0.00,0.0,-0.8,4344
5.81,-9.831,68.354,100.8,-0.02,CLEAR|STRAIGHT,,999.00,0.00,0.0,-0.9,4328
5.86,-9.831,68.354,100.8,-0.02,CLEAR|STRAIGHT,,999.00,0.00,0.0,-0.9,4344
5.91,-9.831,68.354,100.8,-0.00,CLEAR|STRAIGHT,,999.00,0.00,0.0,-0.8,4328
5.96,-9.832,68.350,100.8,-0.05,CLEAR|STRAIGHT,,999.00,0.00,0.0,-0.9,4328
6.01,-9.832,68.350,100.8,-0.05,CLEAR|STRAIGHT,,999.00,0.00,0.0,-0.9,4344
6.06,-9.832,68.350,100.8,-0.05,CLEAR|STRAIGHT,,999.00,0.00,0.0,-0.9,4344
6.11,-9.832,68.351,100.8,0.01,CLEAR|STRAIGHT,,999.00,0.00,0.0,-0.9,4328
6.16,-9.832,68.351,100.8,0.01,CLEAR|STRAIGHT,,999.00,0.00,0.0,-0.9,4344
6.21,-15.072,62.879,100.8,-31.26,CLEAR|STRAIGHT,,999.00,0.00,0.0,-0.8,4328
6.26,-15.072,62.879,100.8,-31.26,CLEAR|STRAIGHT,,999.00,0.00,0.0,-0.8,4344
6.31,-15.072,62.879,100.8,-31.26,CLEAR|STRAIGHT,,999.00,0.00,0.0,-0.8,4328
6.36,-15.072,62.879,100.8,-31.26,CLEAR|STRAIGHT,,999.00,0.00,0.0,-0.8,4344
6.41,-15.072,62.879,100.8,-31.26,CLEAR|STRAIGHT,,999.00,0.00,0.0,-0.9,4328
6.46,-15.872,62.717,100.8,-0.04,CLEAR|STRAIGHT,,999.00,0.00,0.0,-0.9,4344
6.51,-15.872,62.717,100.8,-0.04,CLEAR|STRAIGHT,,999.00,0.00,0.0,-0.9,4328
6.56,-15.872,62.717,100.8,-0.04,CLEAR|STRAIGHT,,999.00,0.00,0.0,-0.9,4328
6.61,-16.380,62.549,100.8,-0.59,CLEAR|STRAIGHT,,999.00,0.00,0.0,-0.8,4344
6.66,-16.380,62.549,100.8,-0.59,CLEAR|STRAIGHT,,999.00,0.00,0.0,-0.9,4328
6.71,-16.657,62.679,100.8,1.80,CLEAR|STRAIGHT,,999.00,0.00,0.0,-0.8,4328
6.76,-16.657,62.679,100.8,1.80,CLEAR|STRAIGHT,,999.00,0.00,0.0,-0.8,4328
6.81,-16.865,62.821,100.8,1.79,CLEAR|STRAIGHT,,999.00,0.00,0.0,-0.8,4328
6.86,-16.865,62.821,100.8,1.79,CLEAR|STRAIGHT,,999.00,0.00,0.0,-0.8,4328
6.91,-17.029,62.913,100.8,1.21,CLEAR|STRAIGHT,,999.00,0.00,0.0,-0.8,4344
6.96,-17.029,62.913,100.8,1.21,CLEAR|STRAIGHT,,999.00,0.00,0.0,-0.9,4328
7.01,-17.029,62.913,100.8,1.21,CLEAR|STRAIGHT,,999.00,0.00,0.0,-0.9,4328
7.06,-17.029,62.913,100.8,1.21,CLEAR|STRAIGHT,,999.00,0.00,0.0,-0.8,4328
7.11,-32.324,47.699,100.8,-60.39,CLEAR|STRAIGHT,,999.00,0.00,0.0,-0.8,4328
7.16,-32.324,47.699,100.8,-60.39,CLEAR|STRAIGHT,,999.00,0.00,0.0,-0.9,4328
7.21,-32.324,47.699,100.8,-60.39,CLEAR|STRAIGHT,,999.00,0.00,0.0,-0.9,4328
7.26,-32.324,47.699,100.8,-60.39,CLEAR|STRAIGHT,,999.00,0.00,0.0,-0.9,4328
7.31,-32.346,47.672,100.8,-0.09,CLEAR|STRAIGHT,,999.00,0.00,0.0,-0.9,4328
7.36,-32.346,47.672,100.8,-0.09,CLEAR|STRAIGHT,,999.00,0.00,0.0,-0.9,4344
7.41,-32.346,47.672,100.8,-0.09,CLEAR|STRAIGHT,,999.00,0.00,0.0,-0.8,4328
7.46,-32.346,47.672,100.8,-0.09,CLEAR|STRAIGHT,,999.00,0.00,0.0,-0.9,4328
7.51,-32.346,47.672,100.8,-0.09,CLEAR|STRAIGHT,,999.00,0.00,0.0,-0.9,4328
7.56,-32.346,47.672,100.8,-0.09,CLEAR|STRAIGHT,,999.00,0.00,0.0,-0.9,4328
7.61,-32.347,47.672,100.8,0.00,CLEAR|STRAIGHT,,999.00,0.00,0.0,-0.9,4344
7.66,-32.347,47.672,100.8,0.00,CLEAR|STRAIGHT,,999.00,0.00,0.0,-0.8,4328
7.71,-32.347,47.672,100.8,0.00,CLEAR|STRAIGHT,,999.00,0.00,0.0,-0.9,4328
7.76,-32.347,47.672,100.8,0.00,CLEAR|STRAIGHT,,999.00,0.00,0.0,-0.8,4328
7.81,-32.347,47.672,100.8,0.00,CLEAR|STRAIGHT,,999.00,0.00,0.0,-0.8,4344
7.86,-32.347,47.672,100.8,0.00,CLEAR|STRAIGHT,,999.00,0.00,0.0,-0.9,4344
7.91,-32.340,47.676,100.8,0.01,CLEAR|STRAIGHT,,999.00,0.00,0.0,-0.8,4344
7.96,-32.340,47.676,100.8,0.01,CLEAR|STRAIGHT,,999.00,0.00,0.0,-0.9,4328
8.01,-32.340,47.676,100.8,0.01,CLEAR|STRAIGHT,,999.00,0.00,0.0,-0.9,4328
8.06,-32.340,47.676,100.8,0.01,CLEAR|STRAIGHT,,999.00,0.00,0.0,-0.8,4344
8.11,-32.340,47.676,100.8,0.01,CLEAR|STRAIGHT,,999.00,0.00,0.0,-0.9,4328
8.16,-32.340,47.676,100.8,0.01,CLEAR|STRAIGHT,,999.00,0.00,0.0,-0.9,4328
8.21,-32.341,47.682,100.8,0.02,CLEAR|STRAIGHT,,999.00,0.00,0.0,-0.8,4344
8.26,-32.341,47.682,100.8,0.02,CLEAR|STRAIGHT,,999.00,0.00,0.0,-0.8,4311
8.31,-32.341,47.682,100.8,0.02,CLEAR|STRAIGHT,,999.00,0.00,0.0,-0.8,4328
8.36,-32.341,47.682,100.8,0.02,CLEAR|STRAIGHT,,999.00,0.00,0.0,-0.9,4344
8.41,-32.344,47.689,100.8,0.03,CLEAR|STRAIGHT,,999.00,0.00,0.0,-0.8,4328
8.46,-32.344,47.689,100.8,0.03,CLEAR|STRAIGHT,,999.00,0.00,0.0,-0.9,4328
8.51,-32.344,47.689,100.8,0.03,CLEAR|STRAIGHT,,999.00,0.00,0.0,-0.9,4344
8.56,-32.344,47.689,100.8,0.03,CLEAR|STRAIGHT,,999.00,0.00,0.0,-0.8,4328
8.61,-32.344,47.689,100.8,0.03,CLEAR|STRAIGHT,,999.00,0.00,0.0,-0.9,4344
8.66,-32.344,47.689,100.8,0.03,CLEAR|STRAIGHT,,999.00,0.00,0.0,-0.8,4344
8.71,-32.344,47.689,100.8,0.03,CLEAR|STRAIGHT,,999.00,0.00,0.0,-0.9,4328
8.76,-32.348,47.700,100.8,0.03,CLEAR|STRAIGHT,,999.00,0.00,0.0,-0.9,4344
8.81,-32.348,47.700,100.8,0.03,CLEAR|STRAIGHT,,999.00,0.00,0.0,-0.9,4344
8.86,-32.348,47.700,100.8,0.03,CLEAR|STRAIGHT,,999.00,0.00,0.0,-0.9,4328
8.91,-32.338,47.766,100.8,0.40,CLEAR|STRAIGHT,,999.00,0.00,0.0,-0.8,4328
8.96,-32.338,47.766,100.8,0.40,CLEAR|STRAIGHT,,999.00,0.00,0.0,-0.8,4344
9.01,-32.338,47.766,100.8,0.40,CLEAR|STRAIGHT,,999.00,0.00,0.0,-0.8,4344
9.06,-32.338,47.766,100.8,0.40,CLEAR|STRAIGHT,,999.00,0.00,0.0,-0.9,4344
9.11,-32.224,47.816,100.8,0.15,CLEAR|STRAIGHT,,999.00,0.00,0.0,-0.9,4328
9.16,-32.224,47.816,100.8,0.15,CLEAR|STRAIGHT,,999.00,0.00,0.0,-0.9,4328
9.21,-32.344,47.684,100.7,-1.03,CLEAR|STRAIGHT,,999.00,0.00,0.0,-0.9,4344
9.26,-32.344,47.684,100.7,-1.03,CLEAR|STRAIGHT,,999.00,0.00,0.0,-0.8,4328
9.31,-32.344,47.684,100.7,-1.03,CLEAR|STRAIGHT,,999.00,0.00,0.0,-0.8,4328
9.36,-32.344,47.684,100.7,-1.03,CLEAR|STRAIGHT,,999.00,0.00,0.0,-0.9,4344
9.41,-32.303,47.682,100.7,-0.05,CLEAR|STRAIGHT,,999.00,0.00,0.0,-0.9,4328
9.46,-32.303,47.682,100.7,-0.05,CLEAR|STRAIGHT,,999.00,0.00,0.0,-0.9,4344
9.51,-32.303,47.682,100.7,-0.05,CLEAR|STRAIGHT,,999.00,0.00,0.0,-0.8,4328
9.56,-32.303,47.682,100.7,-0.05,CLEAR|STRAIGHT,,999.00,0.00,0.0,-0.9,4344
9.61,-27.362,53.003,100.7,23.04,CLEAR|STRAIGHT,,999.00,0.00,0.0,-0.9,4328
9.66,-27.362,53.003,100.7,23.04,CLEAR|STRAIGHT,,999.00,0.00,0.0,-0.8,4344
9.71,-27.362,53.003,100.8,23.04,CLEAR|STRAIGHT,,999.00,0.00,0.0,-0.8,4328
9.76,-27.362,53.003,100.8,23.04,CLEAR|STRAIGHT,,999.00,0.00,0.0,-0.8,4328
9.81,-28.483,52.242,100.7,-2.99,CLEAR|STRAIGHT,,999.00,0.00,0.0,-0.9,4344
9.86,-28.483,52.242,100.7,-2.99,CLEAR|STRAIGHT,,999.00,0.00,0.0,-0.9,4328
9.91,-28.906,51.517,100.8,-5.27,CLEAR|STRAIGHT,,999.00,0.00,0.0,-0.9,4328
9.96,-28.906,51.517,100.8,-5.27,CLEAR|STRAIGHT,,999.00,0.00,0.0,-0.9,4328
10.01,-28.906,51.517,100.8,-5.27,CLEAR|STRAIGHT,,999.00,0.00,0.0,-0.9,4328
10.06,-28.906,51.517,100.8,-5.27,CLEAR|STRAIGHT,,999.00,0.00,0.0,-0.8,4328
10.11,-29.104,51.231,100.8,-1.35,CLEAR|STRAIGHT,,999.00,0.00,0.0,-0.9,4328
10.16,-29.104,51.231,100.8,-1.35,CLEAR|STRAIGHT,,999.00,0.00,0.0,-0.9,4344
10.21,-32.297,47.683,100.8,-28.96,CLEAR|STRAIGHT,,999.00,0.00,0.0,-0.8,4328
10.26,-32.297,47.683,100.8,-28.96,CLEAR|STRAIGHT,,999.00,0.00,0.0,-0.9,4344
10.31,-32.293,47.682,100.8,-0.01,CLEAR|STRAIGHT,,999.00,0.00,0.0,-0.9,4328
10.36,-32.293,47.682,100.8,-0.01,CLEAR|STRAIGHT,,999.00,0.00,0.0,-0.9,4328
10.41,-32.292,47.679,100.8,-0.03,CLEAR|STRAIGHT,,999.00,0.00,0.0,-0.9,4328
10.46,-32.292,47.679,100.8,-0.03,CLEAR|STRAIGHT,,999.00,0.00,0.0,-0.9,4344
10.51,-32.215,47.989,100.8,3.22,CLEAR|STRAIGHT,,999.00,0.00,0.0,-0.9,4328
10.56,-32.215,47.989,100.8,3.22,CLEAR|STRAIGHT,,999.00,0.00,0.0,-0.9,4328
10.61,-32.189,48.070,100.8,0.47,CLEAR|STRAIGHT,,999.00,0.00,0.0,-0.8,4344
10.66,-32.189,48.070,100.8,0.47,CLEAR|STRAIGHT,,999.00,0.00,0.0,-0.9,4328
10.71,-32.189,48.070,100.8,0.47,CLEAR|STRAIGHT,,999.00,0.00,0.0,-0.9,4328
10.76,-32.189,48.070,100.8,0.47,CLEAR|STRAIGHT,,999.00,0.00,0.0,-0.8,4328
10.81,-32.150,48.110,100.8,0.21,CLEAR|STRAIGHT,,999.00,0.00,0.0,-0.8,4344
10.86,-32.150,48.110,100.8,0.21,CLEAR|STRAIGHT,,999.00,0.00,0.0,-0.9,4328
10.91,-32.095,48.129,100.8,0.07,CLEAR|STRAIGHT,,999.00,0.00,0.0,-0.9,4328
10.96,-32.095,48.129,100.8,0.07,CLEAR|STRAIGHT,,999.00,0.00,0.0,-0.9,4328
11.01,-32.095,48.129,100.8,0.07,CLEAR|STRAIGHT,,999.00,0.00,0.0,-0.8,4328
11.06,-32.095,48.129,100.8,0.07,CLEAR|STRAIGHT,,999.00,0.00,0.0,-0.8,4328
11.11,-32.051,48.150,100.8,0.07,CLEAR|STRAIGHT,,999.00,0.00,0.0,-0.8,4328
11.16,-32.051,48.150,100.8,0.07,CLEAR|STRAIGHT,,999.00,0.00,0.0,-0.8,4328
11.21,-32.012,48.160,100.8,0.03,CLEAR|STRAIGHT,,999.00,0.00,0.0,-0.8,4344
11.26,-32.012,48.160,100.8,0.03,CLEAR|STRAIGHT,,999.00,0.00,0.0,-0.9,4344
11.31,-31.976,48.169,100.8,0.02,CLEAR|STRAIGHT,,999.00,0.00,0.0,-0.9,4344
11.36,-31.976,48.169,100.8,0.02,CLEAR|STRAIGHT,,999.00,0.00,0.0,-0.8,4328
11.41,-31.936,48.174,100.8,-0.02,CLEAR|STRAIGHT,,999.00,0.00,0.0,-0.8,4328
11.46,-31.936,48.174,100.8,-0.02,CLEAR|STRAIGHT,,999.00,0.00,0.0,-0.9,4328
11.51,-31.978,48.198,100.8,0.28,CLEAR|STRAIGHT,,999.00,0.00,0.0,-0.8,4311
11.56,-31.978,48.198,100.8,0.28,CLEAR|STRAIGHT,,999.00,0.00,0.0,-0.8,4311
11.61,-32.009,48.224,100.7,0.31,CLEAR|STRAIGHT,,999.00,0.00,0.0,-0.9,4328
11.66,-32.009,48.224,100.8,0.31,CLEAR|STRAIGHT,,999.00,0.00,0.0,-0.8,4344
11.71,-32.025,48.223,100.8,0.03,CLEAR|STRAIGHT,,999.00,0.00,0.0,-0.8,4344
11.76,-32.025,48.223,100.8,0.03,CLEAR|STRAIGHT,,999.00,0.00,0.0,-0.8,4328
11.81,-32.044,48.231,100.8,0.10,CLEAR|STRAIGHT,,999.00,0.00,0.0,-0.8,4328
11.86,-32.044,48.231,100.8,0.10,CLEAR|STRAIGHT,,999.00,0.00,0.0,-0.8,4328
11.91,-32.060,48.242,100.8,0.10,CLEAR|STRAIGHT,,999.00,0.00,0.0,-0.8,4328
11.96,-32.060,48.242,100.8,0.10,CLEAR|STRAIGHT,,999.00,0.00,0.0,-0.9,4328
12.01,-32.060,48.242,100.7,0.10,CLEAR|STRAIGHT,,999.00,0.00,0.0,-0.9,4328
12.06,-32.060,48.242,100.8,0.10,CLEAR|STRAIGHT,,999.00,0.00,0.0,-0.8,4328
12.11,-32.073,48.256,100.8,0.10,CLEAR|STRAIGHT,,999.00,0.00,0.0,-0.9,4344
12.16,-32.073,48.256,100.8,0.10,CLEAR|STRAIGHT,,999.00,0.00,0.0,-0.9,4344
12.21,-32.089,48.273,100.8,0.20,CLEAR|STRAIGHT,,999.00,0.00,0.0,-0.8,4328
12.26,-32.089,48.273,100.8,0.20,CLEAR|STRAIGHT,,999.00,0.00,0.0,-0.8,4328
12.31,-32.105,48.292,100.8,0.23,CLEAR|STRAIGHT,,999.00,0.00,0.0,-0.9,4328
12.36,-32.105,48.292,100.8,0.23,CLEAR|STRAIGHT,,999.00,0.00,0.0,-0.9,4328
12.41,-32.122,48.308,100.8,0.18,CLEAR|STRAIGHT,,999.00,0.00,0.0,-0.9,4328
12.46,-32.122,48.308,100.8,0.18,CLEAR|STRAIGHT,,999.00,0.00,0.0,-0.9,4328
12.51,-32.138,48.326,100.8,0.20,CLEAR|STRAIGHT,,999.00,0.00,0.0,-0.8,4328
12.56,-32.138,48.326,100.8,0.20,CLEAR|STRAIGHT,,999.00,0.00,0.0,-0.8,4344
12.61,-32.164,48.345,100.8,0.16,CLEAR|STRAIGHT,,999.00,0.00,0.0,-0.9,4328
12.66,-32.164,48.345,100.8,0.16,CLEAR|STRAIGHT,,999.00,0.00,0.0,-0.8,4328
12.71,-32.164,48.345,100.8,0.16,CLEAR|STRAIGHT,,999.00,0.00,0.0,-0.9,4328
12.76,-32.164,48.345,100.8,0.16,CLEAR|STRAIGHT,,999.00,0.00,0.0,-0.9,4328
12.81,-22.276,63.178,100.8,84.84,CLEAR|STRAIGHT,,999.00,0.00,0.0,-0.8,4311
12.86,-22.276,63.178,100.8,84.84,CLEAR|STRAIGHT,,999.00,0.00,0.0,-0.9,4328
12.91,-21.233,63.311,100.8,-0.65,CLEAR|STRAIGHT,,999.00,0.00,0.0,-0.9,4328
12.96,-21.233,63.311,100.8,-0.65,CLEAR|STRAIGHT,,999.00,0.00,0.0,-0.8,4328
13.01,-20.396,63.499,100.8,0.32,CLEAR|STRAIGHT,,999.00,0.00,0.0,-0.9,4328
13.06,-20.396,63.499,100.8,0.32,CLEAR|STRAIGHT,,999.00,0.00,0.0,-0.9,4328
13.11,-19.729,63.630,100.8,0.04,CLEAR|STRAIGHT,,999.00,0.00,0.0,-0.9,4328
13.16,-19.729,63.630,100.8,0.04,CLEAR|STRAIGHT,,999.00,0.00,0.0,-0.9,4344
13.21,-21.028,62.801,100.8,-6.35,CLEAR|STRAIGHT,,999.00,0.00,0.0,-0.9,4328
13.26,-21.028,62.801,100.8,-6.35,CLEAR|STRAIGHT,,999.00,0.00,0.0,-0.9,4328
13.31,-21.539,62.447,100.8,-2.30,CLEAR|STRAIGHT,,999.00,0.00,0.0,-0.9,4328
13.36,-21.539,62.447,100.8,-2.30,CLEAR|STRAIGHT,,999.00,0.00,0.0,-0.9,4328
13.41,-21.815,62.266,100.8,-1.26,CLEAR|STRAIGHT,,999.00,0.00,0.0,-0.9,4328
13.46,-21.815,62.266,100.8,-1.26,CLEAR|STRAIGHT,,999.00,0.00,0.0,-0.9,4328
13.51,-21.987,62.147,100.8,-0.85,CLEAR|STRAIGHT,,999.00,0.00,0.0,-0.9,4344
13.56,-21.987,62.147,100.7,-0.85,CLEAR|STRAIGHT,,999.00,0.00,0.0,-0.9,4328
13.61,-15.750,64.913,100.8,15.54,CLEAR|STRAIGHT,,999.00,0.00,0.0,-0.9,4328
13.66,-15.750,64.913,100.7,15.54,CLEAR|STRAIGHT,,999.00,0.00,0.0,-0.8,4328
13.71,-14.018,65.728,100.8,4.78,CLEAR|STRAIGHT,,999.00,0.00,0.0,-0.9,4328
13.76,-14.018,65.728,100.8,4.78,CLEAR|STRAIGHT,,999.00,0.00,0.0,-0.9,4328
13.81,-13.198,66.116,100.8,2.53,CLEAR|STRAIGHT,,999.00,0.00,0.0,-0.8,4328
13.86,-13.198,66.116,100.8,2.53,CLEAR|STRAIGHT,,999.00,0.00,0.0,-0.8,4328
13.91,-12.718,66.333,100.8,0.88,CLEAR|STRAIGHT,,999.00,0.00,0.0,-0.9,4328
13.96,-12.718,66.333,100.8,0.88,CLEAR|STRAIGHT,,999.00,0.00,0.0,-0.8,4328
14.01,-12.718,66.333,100.8,0.88,CLEAR|STRAIGHT,,999.00,0.00,0.0,-0.9,4328
14.06,-12.718,66.333,100.8,0.88,CLEAR|STRAIGHT,,999.00,0.00,0.0,-0.9,4328
14.11,-12.401,66.474,100.8,0.50,CLEAR|STRAIGHT,,999.00,0.00,0.0,-0.8,4328
14.16,-12.401,66.474,100.7,0.50,CLEAR|STRAIGHT,,999.00,0.00,0.0,-0.9,4328
14.21,-12.172,66.579,100.7,0.55,CLEAR|STRAIGHT,,999.00,0.00,0.0,-0.8,4328
14.26,-12.172,66.579,100.7,0.55,CLEAR|STRAIGHT,,999.00,0.00,0.0,-0.8,4328
14.31,-11.989,66.674,100.7,0.59,CLEAR|STRAIGHT,,999.00,0.00,0.0,-0.8,4328
14.36,-11.989,66.674,100.7,0.59,CLEAR|STRAIGHT,,999.00,0.00,0.0,-0.9,4328
14.41,-11.840,66.764,100.7,0.60,CLEAR|STRAIGHT,,999.00,0.00,0.0,-0.8,4328
14.46,-11.840,66.764,100.7,0.60,CLEAR|STRAIGHT,,999.00,0.00,0.0,-0.8,4328
14.51,-11.714,66.848,100.7,0.59,CLEAR|STRAIGHT,,999.00,0.00,0.0,-0.8,4328
14.56,-11.714,66.848,100.7,0.59,CLEAR|STRAIGHT,,999.00,0.00,0.0,-0.8,4328
14.61,-11.594,66.936,100.8,0.49,CLEAR|STRAIGHT,,999.00,0.00,0.0,-0.8,4328
14.66,-11.594,66.936,100.8,0.49,CLEAR|STRAIGHT,,999.00,0.00,0.0,-0.9,4328
14.71,-11.594,66.936,100.7,0.49,CLEAR|STRAIGHT,,999.00,0.00,0.0,-0.9,4328
14.76,-11.594,66.936,100.7,0.49,CLEAR|STRAIGHT,,999.00,0.00,0.0,-0.9,4344
14.81,-11.384,66.987,100.7,0.06,CLEAR|STRAIGHT,,999.00,0.00,0.0,-0.9,4328
14.86,-11.384,66.987,100.7,0.06,CLEAR|STRAIGHT,,999.00,0.00,0.0,-0.9,4328
14.91,-11.230,67.016,100.7,-0.00,CLEAR|STRAIGHT,,999.00,0.00,0.0,-0.9,4344
14.96,-11.230,67.016,100.7,-0.00,CLEAR|STRAIGHT,,999.00,0.00,0.0,-0.8,4328
15.01,-11.230,67.016,100.7,-0.00,CLEAR|STRAIGHT,,999.00,0.00,0.0,-0.9,4344
15.06,-11.230,67.016,100.7,-0.00,CLEAR|STRAIGHT,,999.00,0.00,0.0,-0.9,4328
15.11,-11.116,67.038,100.8,0.01,CLEAR|STRAIGHT,,999.00,0.00,0.0,-0.8,4328
15.16,-11.116,67.038,100.8,0.01,CLEAR|STRAIGHT,,999.00,0.00,0.0,-0.9,4328
15.21,-11.020,67.048,100.8,-0.09,CLEAR|STRAIGHT,,999.00,0.00,0.0,-0.9,4328
15.26,-11.020,67.048,100.8,-0.09,CLEAR|STRAIGHT,,999.00,0.00,0.0,-0.8,4328
15.31,-10.950,67.059,100.8,-0.02,CLEAR|STRAIGHT,,999.00,0.00,0.0,-0.8,4344
15.36,-10.950,67.059,100.8,-0.02,CLEAR|STRAIGHT,,999.00,0.00,0.0,-0.8,4328
15.41,-10.889,67.068,100.8,-0.03,CLEAR|STRAIGHT,,999.00,0.00,0.0,-0.8,4328
15.46,-10.889,67.068,100.8,-0.03,CLEAR|STRAIGHT,,999.00,0.00,0.0,-0.9,4328
15.51,-10.835,67.075,100.7,-0.03,CLEAR|STRAIGHT,,999.00,0.00,0.0,-0.8,4328
15.56,-10.835,67.075,100.7,-0.03,CLEAR|STRAIGHT,,999.00,0.00,0.0,-0.9,4328
15.61,-10.796,67.082,100.7,-0.01,CLEAR|STRAIGHT,,999.00,0.00,0.0,-0.9,4344
15.66,-10.796,67.082,100.7,-0.01,CLEAR|STRAIGHT,,999.00,0.00,0.0,-0.9,4328
15.71,-10.755,67.086,100.7,-0.04,CLEAR|STRAIGHT,,999.00,0.00,0.0,-0.8,4328
15.76,-10.755,67.086,100.7,-0.04,CLEAR|STRAIGHT,,999.00,0.00,0.0,-0.9,4328
15.81,-10.718,67.089,100.7,-0.03,CLEAR|STRAIGHT,,999.00,0.00,0.0,-0.8,4328
15.86,-10.718,67.089,100.7,-0.03,CLEAR|STRAIGHT,,999.00,0.00,0.0,-0.9,4328
15.91,-10.641,67.131,100.7,0.23,CLEAR|STRAIGHT,,999.00,0.00,0.0,-0.9,4328
15.96,-10.641,67.131,100.7,0.23,CLEAR|STRAIGHT,,999.00,0.00,0.0,-0.8,4328
16.01,-10.641,67.131,100.7,0.23,CLEAR|STRAIGHT,,999.00,0.00,0.0,-0.8,4328
16.06,-10.641,67.131,100.7,0.23,CLEAR|STRAIGHT,,999.00,0.00,0.0,-0.9,4328
16.11,-10.582,67.165,100.8,0.12,CLEAR|STRAIGHT,,999.00,0.00,0.0,-0.9,4311
16.16,-10.582,67.165,100.8,0.12,CLEAR|STRAIGHT,,999.00,0.00,0.0,-0.9,4328
16.21,-10.531,67.194,100.8,0.19,CLEAR|STRAIGHT,,999.00,0.00,0.0,-0.8,4344
16.26,-10.531,67.194,100.7,0.19,CLEAR|STRAIGHT,,999.00,0.00,0.0,-0.8,4328
16.31,-10.486,67.220,100.8,0.18,CLEAR|STRAIGHT,,999.00,0.00,0.0,-0.9,4344
16.36,-10.486,67.220,100.7,0.18,CLEAR|STRAIGHT,,999.00,0.00,0.0,-0.8,4328
16.41,-10.453,67.233,100.7,0.06,CLEAR|STRAIGHT,,999.00,0.00,0.0,-0.8,4328
16.46,-10.453,67.233,100.7,0.06,CLEAR|STRAIGHT,,999.00,0.00,0.0,-0.9,4328
16.51,-10.423,67.254,100.7,0.15,CLEAR|STRAIGHT,,999.00,0.00,0.0,-0.8,4328
16.56,-10.423,67.254,100.7,0.15,CLEAR|STRAIGHT,,999.00,0.00,0.0,-0.8,4328
16.61,-10.398,67.264,100.7,0.05,CLEAR|STRAIGHT,,999.00,0.00,0.0,-0.8,4344
16.66,-10.398,67.264,100.7,0.05,CLEAR|STRAIGHT,,999.00,0.00,0.0,-0.8,4328
16.71,-10.375,67.280,100.7,0.12,CLEAR|STRAIGHT,,999.00,0.00,0.0,-0.8,4328
16.76,-10.375,67.280,100.7,0.12,CLEAR|STRAIGHT,,999.00,0.00,0.0,-0.9,4344
16.81,-10.357,67.295,100.7,0.13,CLEAR|STRAIGHT,,999.00,0.00,0.0,-0.9,4328
16.86,-10.357,67.295,100.7,0.13,CLEAR|STRAIGHT,,999.00,0.00,0.0,-0.8,4328
16.91,-10.341,67.306,100.7,0.06,CLEAR|STRAIGHT,,999.00,0.00,0.0,-0.9,4328
16.96,-10.341,67.306,100.7,0.06,CLEAR|STRAIGHT,,999.00,0.00,0.0,-0.8,4344
17.01,-10.354,67.342,100.7,0.42,CLEAR|STRAIGHT,,999.00,0.00,0.0,-0.9,4328
17.06,-10.354,67.342,100.7,0.42,CLEAR|STRAIGHT,,999.00,0.00,0.0,-0.8,4328
17.11,-10.367,67.374,100.7,0.34,CLEAR|STRAIGHT,,999.00,0.00,0.0,-0.9,4328
17.16,-10.367,67.374,100.7,0.34,CLEAR|STRAIGHT,,999.00,0.00,0.0,-0.9,4344
17.21,-10.376,67.402,100.7,0.27,CLEAR|STRAIGHT,,999.00,0.00,0.0,-0.8,4328
17.26,-10.376,67.402,100.7,0.27,CLEAR|STRAIGHT,,999.00,0.00,0.0,-0.8,4328
17.31,-10.385,67.427,100.7,0.30,CLEAR|STRAIGHT,,999.00,0.00,0.0,-0.9,4328
17.36,-10.385,67.427,100.7,0.30,CLEAR|STRAIGHT,,999.00,0.00,0.0,-0.8,4344
17.41,-10.392,67.451,100.7,0.28,CLEAR|STRAIGHT,,999.00,0.00,0.0,-0.8,4328
17.46,-10.392,67.451,100.7,0.28,CLEAR|STRAIGHT,,999.00,0.00,0.0,-0.9,4344
17.51,-10.400,67.475,100.8,0.23,CLEAR|STRAIGHT,,999.00,0.00,0.0,-0.8,4328
17.56,-10.400,67.475,100.8,0.23,CLEAR|STRAIGHT,,999.00,0.00,0.0,-0.9,4328
17.61,-10.384,67.504,100.7,0.26,CLEAR|STRAIGHT,,999.00,0.00,0.0,-0.8,4328
17.66,-10.384,67.504,100.7,0.26,CLEAR|STRAIGHT,,999.00,0.00,0.0,-0.9,4328
17.71,-10.372,67.530,100.7,0.25,CLEAR|STRAIGHT,,999.00,0.00,0.0,-0.9,4328
17.76,-10.372,67.530,100.8,0.25,CLEAR|STRAIGHT,,999.00,0.00,0.0,-0.9,4344
17.81,-10.360,67.552,100.8,0.17,CLEAR|STRAIGHT,,999.00,0.00,0.0,-0.9,4328
17.86,-10.360,67.552,100.8,0.17,CLEAR|STRAIGHT,,999.00,0.00,0.0,-0.9,4328
17.91,-10.351,67.570,100.8,0.13,CLEAR|STRAIGHT,,999.00,0.00,0.0,-0.8,4328
17.96,-10.351,67.570,100.8,0.13,CLEAR|STRAIGHT,,999.00,0.00,0.0,-0.9,4328
18.01,-10.351,67.570,100.8,0.13,CLEAR|STRAIGHT,,999.00,0.00,0.0,-0.8,4328
18.06,-10.351,67.570,100.7,0.13,CLEAR|STRAIGHT,,999.00,0.00,0.0,-0.8,4328
18.11,-10.345,67.591,100.7,0.11,CLEAR|STRAIGHT,,999.00,0.00,0.0,-0.9,4328
18.16,-10.345,67.591,100.7,0.11,CLEAR|STRAIGHT,,999.00,0.00,0.0,-0.8,4328
18.21,-10.338,67.606,100.7,0.13,CLEAR|STRAIGHT,,999.00,0.00,0.0,-0.9,4328
18.26,-10.338,67.606,100.7,0.13,CLEAR|STRAIGHT,,999.00,0.00,0.0,-0.9,4328
18.31,-10.330,67.618,100.7,0.11,CLEAR|STRAIGHT,,999.00,0.00,0.0,-0.8,4344
18.36,-10.330,67.618,100.7,0.11,CLEAR|STRAIGHT,,999.00,0.00,0.0,-0.8,4344
18.41,-10.323,67.628,100.8,0.09,CLEAR|STRAIGHT,,999.00,0.00,0.0,-0.8,4328
18.46,-10.323,67.628,100.8,0.09,CLEAR|STRAIGHT,,999.00,0.00,0.0,-0.8,4328
18.51,-10.314,67.637,100.7,0.07,CLEAR|STRAIGHT,,999.00,0.00,0.0,-0.9,4328
18.56,-10.314,67.637,100.7,0.07,CLEAR|STRAIGHT,,999.00,0.00,0.0,-0.9,4328
18.61,-10.309,67.647,100.7,0.09,CLEAR|STRAIGHT,,999.00,0.00,0.0,-0.8,4328
18.66,-10.309,67.647,100.7,0.09,CLEAR|STRAIGHT,,999.00,0.00,0.0,-0.8,4328
18.71,-10.304,67.655,100.7,0.06,CLEAR|STRAIGHT,,999.00,0.00,0.0,-0.9,4344
18.76,-10.304,67.655,100.7,0.06,CLEAR|STRAIGHT,,999.00,0.00,0.0,-0.8,4328
18.81,-10.298,67.662,100.8,0.06,CLEAR|STRAIGHT,,999.00,0.00,0.0,-0.8,4328
18.86,-10.298,67.662,100.7,0.06,CLEAR|STRAIGHT,,999.00,0.00,0.0,-0.8,4328
18.91,-9.693,67.436,100.7,-2.80,CLEAR|STRAIGHT,,999.00,0.00,0.0,-0.9,4344
18.96,-9.693,67.436,100.7,-2.80,CLEAR|STRAIGHT,,999.00,0.00,0.0,-0.9,4328
19.01,-9.693,67.436,100.8,-2.80,CLEAR|STRAIGHT,,999.00,0.00,0.0,-0.9,4328
19.06,-9.693,67.436,100.8,-2.80,CLEAR|STRAIGHT,,999.00,0.00,0.0,-0.9,4328
19.11,-9.692,67.434,100.7,-0.01,CLEAR|STRAIGHT,,999.00,0.00,0.0,-0.9,4328
19.16,-9.692,67.434,100.7,-0.01,CLEAR|STRAIGHT,,999.00,0.00,0.0,-0.8,4361
19.21,-9.692,67.433,100.7,-0.01,CLEAR|STRAIGHT,,999.00,0.00,0.0,-0.9,4328
19.26,-9.692,67.433,100.7,-0.01,CLEAR|STRAIGHT,,999.00,0.00,0.0,-0.8,4328
19.31,-9.693,67.434,100.8,0.01,CLEAR|STRAIGHT,,999.00,0.00,0.0,-0.9,4344
19.36,-9.693,67.434,100.8,0.01,CLEAR|STRAIGHT,,999.00,0.00,0.0,-0.8,4328
19.41,-9.692,67.434,100.7,-0.01,CLEAR|STRAIGHT,,999.00,0.00,0.0,-0.8,4328
19.46,-9.692,67.434,100.7,-0.01,CLEAR|STRAIGHT,,999.00,0.00,0.0,-0.9,4344
19.51,-9.693,67.435,100.7,0.02,CLEAR|STRAIGHT,,999.00,0.00,0.0,-0.9,4328
19.56,-9.693,67.435,100.7,0.02,CLEAR|STRAIGHT,,999.00,0.00,0.0,-0.8,4328
19.61,-9.693,67.434,100.7,-0.01,CLEAR|STRAIGHT,,999.00,0.00,0.0,-0.9,4328
19.66,-9.693,67.434,100.7,-0.01,CLEAR|STRAIGHT,,999.00,0.00,0.0,-0.9,4328
19.71,-9.690,67.435,100.8,0.00,CLEAR|STRAIGHT,,999.00,0.00,0.0,-0.8,4328
19.76,-9.690,67.435,100.7,0.00,CLEAR|STRAIGHT,,999.00,0.00,0.0,-0.9,4344
19.81,-9.692,67.433,100.7,-0.01,CLEAR|STRAIGHT,,999.00,0.00,0.0,-0.9,4328
19.86,-9.692,67.433,100.7,-0.01,CLEAR|STRAIGHT,,999.00,0.00,0.0,-0.9,4328
19.91,-9.692,67.434,100.7,0.00,CLEAR|STRAIGHT,,999.00,0.00,0.0,-0.9,4328
19.96,-9.692,67.434,100.7,0.00,CLEAR|STRAIGHT,,999.00,0.00,0.0,-0.9,4328
20.01,-9.692,67.434,100.7,0.00,CLEAR|STRAIGHT,,999.00,0.00,0.0,-0.9,4328
20.06,-9.692,67.434,100.7,0.00,CLEAR|STRAIGHT,,999.00,0.00,0.0,-0.9,4328
20.11,-9.691,67.436,100.7,0.01,CLEAR|STRAIGHT,,999.00,0.00,0.0,-0.9,4328
20.16,-9.691,67.436,100.7,0.01,CLEAR|STRAIGHT,,999.00,0.00,0.0,-1.0,4344
20.21,-9.691,67.435,100.7,-0.00,CLEAR|STRAIGHT,,999.00,0.00,0.0,-0.8,4328
20.26,-9.691,67.435,100.7,-0.00,CLEAR|STRAIGHT,,999.00,0.00,0.0,-0.9,4328
20.31,-9.693,67.435,100.7,0.00,CLEAR|STRAIGHT,,999.00,0.00,0.0,-0.9,4328
20.36,-9.693,67.435,100.7,0.00,CLEAR|STRAIGHT,,999.00,0.00,0.0,-0.9,4328
20.41,-9.693,67.437,100.7,0.01,CLEAR|STRAIGHT,,999.00,0.00,0.0,-0.9,4344
20.46,-9.693,67.437,100.7,0.01,CLEAR|STRAIGHT,,999.00,0.00,0.0,-0.9,4328
20.51,-9.692,67.435,100.7,-0.02,CLEAR|STRAIGHT,,999.00,0.00,0.0,-0.9,4344
20.56,-9.692,67.435,100.7,-0.02,CLEAR|STRAIGHT,,999.00,0.00,0.0,-0.8,4328
20.61,-9.692,67.435,100.7,-0.00,CLEAR|STRAIGHT,,999.00,0.00,0.0,-0.8,4328
20.66,-9.692,67.435,100.7,-0.00,CLEAR|STRAIGHT,,999.00,0.00,0.0,-0.8,4344
20.71,-9.692,67.434,100.7,-0.00,CLEAR|STRAIGHT,,999.00,0.00,0.0,-0.8,4344
20.76,-9.692,67.434,100.7,-0.00,CLEAR|STRAIGHT,,999.00,0.00,0.0,-0.8,4328
20.81,-9.693,67.435,100.7,0.01,CLEAR|STRAIGHT,,999.00,0.00,0.0,-0.9,4328
20.86,-9.693,67.435,100.7,0.01,CLEAR|STRAIGHT,,999.00,0.00,0.0,-0.8,4328
20.91,-9.693,67.435,100.7,-0.00,CLEAR|STRAIGHT,,999.00,0.00,0.0,-1.0,4328
20.96,-9.693,67.435,100.7,-0.00,CLEAR|STRAIGHT,,999.00,0.00,0.0,-0.9,4328
21.01,-9.693,67.435,100.7,-0.00,CLEAR|STRAIGHT,,999.00,0.00,0.0,-0.8,4328
21.06,-9.693,67.435,100.7,-0.00,CLEAR|STRAIGHT,,999.00,0.00,0.0,-0.8,4328
21.11,-9.693,67.435,100.7,0.00,CLEAR|STRAIGHT,,999.00,0.00,0.0,-0.9,4328
21.16,-9.693,67.435,100.7,0.00,CLEAR|STRAIGHT,,999.00,0.00,0.0,-0.9,4328
21.21,-9.692,67.434,100.7,-0.00,CLEAR|STRAIGHT,,999.00,0.00,0.0,-0.9,4328
21.26,-9.692,67.434,100.7,-0.00,CLEAR|STRAIGHT,,999.00,0.00,0.0,-0.9,4328
21.31,-9.692,67.435,100.7,0.01,CLEAR|STRAIGHT,,999.00,0.00,0.0,-0.9,4328
21.36,-9.692,67.435,100.7,0.01,CLEAR|STRAIGHT,,999.00,0.00,0.0,-0.9,4328
21.41,-9.692,67.435,100.7,-0.01,CLEAR|STRAIGHT,,999.00,0.00,0.0,-1.0,4328
21.46,-9.692,67.435,100.7,-0.01,CLEAR|STRAIGHT,,999.00,0.00,0.0,-0.9,4328
21.51,-9.693,67.435,100.7,0.00,CLEAR|STRAIGHT,,999.00,0.00,0.0,-0.8,4328
21.56,-9.693,67.435,100.7,0.00,CLEAR|STRAIGHT,,999.00,0.00,0.0,-0.9,4328
21.61,-9.692,67.435,100.7,0.00,CLEAR|STRAIGHT,,999.00,0.00,0.0,-0.9,4344
21.66,-9.692,67.435,100.7,0.00,CLEAR|STRAIGHT,,999.00,0.00,0.0,-0.9,4328
21.71,-9.692,67.435,100.7,-0.00,CLEAR|STRAIGHT,,999.00,0.00,0.0,-0.9,4344
21.76,-9.692,67.435,100.7,-0.00,CLEAR|STRAIGHT,,999.00,0.00,0.0,-0.8,4328
21.81,-9.692,67.435,100.7,0.00,CLEAR|STRAIGHT,,999.00,0.00,0.0,-0.8,4328
21.86,-9.692,67.435,100.7,0.00,CLEAR|STRAIGHT,,999.00,0.00,0.0,-0.9,4328
21.91,-9.692,67.434,100.7,-0.01,CLEAR|STRAIGHT,,999.00,0.00,0.0,-0.8,4344
21.96,-9.692,67.434,100.7,-0.01,CLEAR|STRAIGHT,,999.00,0.00,0.0,-0.9,4328
22.01,-9.692,67.434,100.7,-0.01,CLEAR|STRAIGHT,,999.00,0.00,0.0,-0.8,4328
22.06,-9.692,67.434,100.7,-0.01,CLEAR|STRAIGHT,,999.00,0.00,0.0,-0.9,4328
22.11,-9.691,67.434,100.7,-0.00,CLEAR|STRAIGHT,,999.00,0.00,0.0,-0.8,4328
22.16,-9.691,67.434,100.7,-0.00,CLEAR|STRAIGHT,,999.00,0.00,0.0,-0.9,4328
22.21,-9.695,67.436,100.7,0.03,CLEAR|STRAIGHT,,999.00,0.00,0.0,-0.8,4328
22.26,-9.695,67.436,100.7,0.03,CLEAR|STRAIGHT,,999.00,0.00,0.0,-0.9,4328
22.31,-9.694,67.437,100.7,0.01,CLEAR|STRAIGHT,,999.00,0.00,0.0,-0.8,4328
22.36,-9.694,67.437,100.7,0.01,CLEAR|STRAIGHT,,999.00,0.00,0.0,-0.9,4328
22.41,-9.691,67.435,100.7,-0.03,CLEAR|STRAIGHT,,999.00,0.00,0.0,-0.8,4344
22.46,-9.691,67.435,100.7,-0.03,CLEAR|STRAIGHT,,999.00,0.00,0.0,-0.8,4344
22.51,-9.693,67.436,100.7,0.02,CLEAR|STRAIGHT,,999.00,0.00,0.0,-0.8,4344
22.56,-9.693,67.436,100.7,0.02,CLEAR|STRAIGHT,,999.00,0.00,0.0,-0.9,4328
22.61,-9.695,67.436,100.7,0.00,CLEAR|STRAIGHT,,999.00,0.00,0.0,-0.9,4328
22.66,-9.695,67.436,100.7,0.00,CLEAR|STRAIGHT,,999.00,0.00,0.0,-0.9,4344
22.71,-9.693,67.434,100.7,-0.02,CLEAR|STRAIGHT,,999.00,0.00,0.0,-0.8,4328
22.76,-9.693,67.434,100.7,-0.02,CLEAR|STRAIGHT,,999.00,0.00,0.0,-0.8,4344
22.81,-9.691,67.433,100.7,-0.01,CLEAR|STRAIGHT,,999.00,0.00,0.0,-0.9,4344
22.86,-9.691,67.433,100.7,-0.01,CLEAR|STRAIGHT,,999.00,0.00,0.0,-0.8,4328
22.91,-9.696,67.434,100.7,0.02,CLEAR|STRAIGHT,,999.00,0.00,0.0,-0.9,4344
22.96,-9.696,67.434,100.7,0.02,CLEAR|STRAIGHT,,999.00,0.00,0.0,-0.9,4328
23.01,-9.694,67.433,100.7,-0.01,CLEAR|STRAIGHT,,999.00,0.00,0.0,-0.9,4328
23.06,-9.694,67.433,100.7,-0.01,CLEAR|STRAIGHT,,999.00,0.00,0.0,-0.8,4344
23.11,-9.691,67.432,100.7,-0.02,CLEAR|STRAIGHT,,999.00,0.00,0.0,-0.9,4344
23.16,-9.691,67.432,100.7,-0.02,CLEAR|STRAIGHT,,999.00,0.00,0.0,-0.9,4344
23.21,-9.693,67.431,100.7,-0.01,CLEAR|STRAIGHT,,999.00,0.00,0.0,-0.8,4344
23.26,-9.693,67.431,100.7,-0.01,CLEAR|STRAIGHT,,999.00,0.00,0.0,-0.9,4328
23.31,-9.691,67.431,100.7,-0.01,CLEAR|STRAIGHT,,999.00,0.00,0.0,-0.9,4328
23.36,-9.691,67.431,100.7,-0.01,CLEAR|STRAIGHT,,999.00,0.00,0.0,-0.8,4328
23.41,-9.691,67.432,100.7,0.02,CLEAR|STRAIGHT,,999.00,0.00,0.0,-0.8,4344
23.46,-9.691,67.432,100.7,0.02,CLEAR|STRAIGHT,,999.00,0.00,0.0,-0.8,4328
23.51,-9.692,67.431,100.7,-0.01,CLEAR|STRAIGHT,,999.00,0.00,0.0,-0.9,4328
23.56,-9.692,67.431,100.7,-0.01,CLEAR|STRAIGHT,,999.00,0.00,0.0,-0.9,4328
23.61,-9.692,67.432,100.7,0.01,CLEAR|STRAIGHT,,999.00,0.00,0.0,-0.9,4328
23.66,-9.692,67.432,100.7,0.01,CLEAR|STRAIGHT,,999.00,0.00,0.0,-0.8,4328
23.71,-9.692,67.433,100.7,0.01,CLEAR|STRAIGHT,,999.00,0.00,0.0,-0.8,4311
23.76,-9.692,67.433,100.7,0.01,CLEAR|STRAIGHT,,999.00,0.00,0.0,-0.9,4328
23.81,-9.693,67.432,100.7,-0.00,CLEAR|STRAIGHT,,999.00,0.00,0.0,-0.9,4328
23.86,-9.693,67.432,100.7,-0.00,CLEAR|STRAIGHT,,999.00,0.00,0.0,-0.9,4328
23.91,-9.691,67.431,100.7,-0.01,CLEAR|STRAIGHT,,999.00,0.00,0.0,-0.9,4344
23.96,-9.691,67.431,100.7,-0.01,CLEAR|STRAIGHT,,999.00,0.00,0.0,-0.8,4328
24.01,-9.691,67.431,100.7,-0.01,CLEAR|STRAIGHT,,999.00,0.00,0.0,-0.8,4328
24.06,-9.691,67.431,100.7,-0.01,CLEAR|STRAIGHT,,999.00,0.00,0.0,-0.8,4328
24.11,-9.691,67.432,100.7,0.01,CLEAR|STRAIGHT,,999.00,0.00,0.0,-0.8,4328
24.16,-9.691,67.432,100.7,0.01,CLEAR|STRAIGHT,,999.00,0.00,0.0,-0.8,4328
24.21,-9.693,67.433,100.7,0.01,CLEAR|STRAIGHT,,999.00,0.00,0.0,-0.8,4328
24.26,-9.693,67.433,100.7,0.01,CLEAR|STRAIGHT,,999.00,0.00,0.0,-0.8,4328
24.31,-9.691,67.431,100.7,-0.02,CLEAR|STRAIGHT,,999.00,0.00,0.0,-0.8,4328
24.36,-9.691,67.431,100.7,-0.02,CLEAR|STRAIGHT,,999.00,0.00,0.0,-0.8,4344
24.41,-9.692,67.431,100.7,0.00,CLEAR|STRAIGHT,,999.00,0.00,0.0,-0.9,4328
24.46,-9.692,67.431,100.7,0.00,CLEAR|STRAIGHT,,999.00,0.00,0.0,-0.8,4311
24.51,-9.692,67.432,100.7,0.01,CLEAR|STRAIGHT,,999.00,0.00,0.0,-0.8,4328
24.56,-9.692,67.432,100.7,0.01,CLEAR|STRAIGHT,,999.00,0.00,0.0,-0.9,4344
24.61,-9.691,67.433,100.7,0.01,CLEAR|STRAIGHT,,999.00,0.00,0.0,-0.9,4344
24.66,-9.691,67.433,100.7,0.01,CLEAR|STRAIGHT,,999.00,0.00,0.0,-0.9,4344
24.71,-9.690,67.432,100.7,-0.01,CLEAR|STRAIGHT,,999.00,0.00,0.0,-0.9,4328
24.76,-9.690,67.432,100.7,-0.01,CLEAR|STRAIGHT,,999.00,0.00,0.0,-0.9,4328
24.81,-9.692,67.431,100.7,-0.00,CLEAR|STRAIGHT,,999.00,0.00,0.0,-0.8,4344
24.86,-9.692,67.431,100.7,-0.00,CLEAR|STRAIGHT,,999.00,0.00,0.0,-0.8,4328
24.91,-9.691,67.431,100.7,-0.01,CLEAR|STRAIGHT,,999.00,0.00,0.0,-0.9,4328
24.96,-9.691,67.431,100.7,-0.01,CLEAR|STRAIGHT,,999.00,0.00,0.0,-0.8,4344
25.01,-9.689,67.431,100.7,0.00,CLEAR|STRAIGHT,,999.00,0.00,0.0,-0.8,4328
25.06,-9.689,67.431,100.7,0.00,CLEAR|STRAIGHT,,999.00,0.00,0.0,-0.9,4344
25.11,-9.695,67.432,100.7,0.01,CLEAR|STRAIGHT,,999.00,0.00,0.0,-0.8,4311
25.16,-9.695,67.432,100.7,0.01,CLEAR|STRAIGHT,,999.00,0.00,0.0,-0.8,4328
25.21,-9.695,67.432,100.7,0.01,CLEAR|STRAIGHT,,999.00,0.00,0.0,-0.9,4328
25.26,-9.695,67.432,100.7,0.01,CLEAR|STRAIGHT,,999.00,0.00,0.0,-0.7,4328
25.31,-9.694,67.432,100.7,-0.00,CLEAR|STRAIGHT,,999.00,0.00,0.0,-0.9,4344
25.36,-9.694,67.432,100.7,-0.00,CLEAR|STRAIGHT,,999.00,0.00,0.0,-0.9,4344
25.41,-9.693,67.430,100.7,-0.02,CLEAR|STRAIGHT,,999.00,0.00,0.0,-0.8,4328
25.46,-9.693,67.430,100.7,-0.02,CLEAR|STRAIGHT,,999.00,0.00,0.0,-0.8,4328
25.51,-9.694,67.432,100.7,0.02,CLEAR|STRAIGHT,,999.00,0.00,0.0,-0.9,4328
25.56,-9.694,67.432,100.7,0.02,CLEAR|STRAIGHT,,999.00,0.00,0.0,-0.8,4328
25.61,-9.694,67.433,100.7,0.01,CLEAR|STRAIGHT,,999.00,0.00,0.0,-0.8,4344
25.66,-9.694,67.433,100.7,0.01,CLEAR|STRAIGHT,,999.00,0.00,0.0,-0.8,4344
25.71,-9.693,67.430,100.7,-0.02,CLEAR|STRAIGHT,,999.00,0.00,0.0,-0.8,4328
25.76,-9.693,67.430,100.7,-0.02,CLEAR|STRAIGHT,,999.00,0.00,0.0,-0.8,4344
25.81,-9.695,67.432,100.7,0.02,CLEAR|STRAIGHT,,999.00,0.00,0.0,-0.9,4344
25.86,-9.695,67.432,100.7,0.02,CLEAR|STRAIGHT,,999.00,0.00,0.0,-0.9,4328
25.91,-9.693,67.431,100.7,-0.01,CLEAR|STRAIGHT,,999.00,0.00,0.0,-0.9,4328
25.96,-9.693,67.431,100.7,-0.01,CLEAR|STRAIGHT,,999.00,0.00,0.0,-0.8,4344
26.01,-9.693,67.431,100.7,-0.01,CLEAR|STRAIGHT,,999.00,0.00,0.0,-0.9,4328
26.06,-9.693,67.431,100.7,-0.01,CLEAR|STRAIGHT,,999.00,0.00,0.0,-0.8,4344
26.11,-9.693,67.430,100.7,-0.00,CLEAR|STRAIGHT,,999.00,0.00,0.0,-0.9,4328
26.16,-9.693,67.430,100.7,-0.00,CLEAR|STRAIGHT,,999.00,0.00,0.0,-0.9,4328
26.21,-9.694,67.430,100.7,-0.00,CLEAR|STRAIGHT,,999.00,0.00,0.0,-0.8,4328
26.26,-9.694,67.430,100.7,-0.00,CLEAR|STRAIGHT,,999.00,0.00,0.0,-0.8,4328
26.31,-9.693,67.430,100.7,-0.01,CLEAR|STRAIGHT,,999.00,0.00,0.0,-0.9,4328
26.36,-9.693,67.430,100.7,-0.01,CLEAR|STRAIGHT,,999.00,0.00,0.0,-0.8,4328
26.41,-9.695,67.431,100.7,0.02,CLEAR|STRAIGHT,,999.00,0.00,0.0,-0.9,4328
26.46,-9.695,67.431,100.7,0.02,CLEAR|STRAIGHT,,999.00,0.00,0.0,-0.9,4328
26.51,-9.693,67.430,100.7,-0.01,CLEAR|STRAIGHT,,999.00,0.00,0.0,-0.9,4328
26.56,-9.693,67.430,100.7,-0.01,CLEAR|STRAIGHT,,999.00,0.00,0.0,-0.9,4328
26.61,-9.696,67.428,100.7,-0.01,CLEAR|STRAIGHT,,999.00,0.00,0.0,-0.8,4328
26.66,-9.696,67.428,100.7,-0.01,CLEAR|STRAIGHT,,999.00,0.00,0.0,-0.9,4328
26.71,-9.697,67.427,100.7,-0.02,CLEAR|STRAIGHT,,999.00,0.00,0.0,-0.9,4328
26.76,-9.697,67.427,100.7,-0.02,CLEAR|STRAIGHT,,999.00,0.00,0.0,-0.8,4344
26.81,-9.697,67.427,100.7,0.00,CLEAR|STRAIGHT,,999.00,0.00,0.0,-0.9,4311
26.86,-9.697,67.427,100.7,0.00,CLEAR|STRAIGHT,,999.00,0.00,0.0,-0.8,4328
26.91,-9.697,67.426,100.7,-0.01,CLEAR|STRAIGHT,,999.00,0.00,0.0,-0.8,4328
26.96,-9.697,67.426,100.7,-0.01,CLEAR|STRAIGHT,,999.00,0.00,0.0,-0.9,4328
27.01,-9.697,67.426,100.7,-0.01,CLEAR|STRAIGHT,,999.00,0.00,0.0,-0.8,4328
27.06,-9.697,67.426,100.7,-0.01,CLEAR|STRAIGHT,,999.00,0.00,0.0,-0.8,4311
27.11,-9.699,67.426,100.7,-0.00,CLEAR|STRAIGHT,,999.00,0.00,0.0,-0.8,4328
27.16,-9.699,67.426,100.7,-0.00,CLEAR|STRAIGHT,,999.00,0.00,0.0,-0.9,4328
27.21,-9.695,67.426,100.7,-0.01,CLEAR|STRAIGHT,,999.00,0.00,0.0,-0.8,4328
27.26,-9.695,67.426,100.7,-0.01,CLEAR|STRAIGHT,,999.00,0.00,0.0,-0.8,4328
27.31,-9.697,67.425,100.7,0.00,CLEAR|STRAIGHT,,999.00,0.00,0.0,-0.9,4328
27.36,-9.697,67.425,100.7,0.00,CLEAR|STRAIGHT,,999.00,0.00,0.0,-0.8,4328
27.41,-9.698,67.426,100.7,0.01,CLEAR|STRAIGHT,,999.00,0.00,0.0,-0.9,4344
27.46,-9.698,67.426,100.7,0.01,CLEAR|STRAIGHT,,999.00,0.00,0.0,-0.9,4328
27.51,-9.698,67.425,100.7,-0.01,CLEAR|STRAIGHT,,999.00,0.00,0.0,-0.9,4328
27.56,-9.698,67.425,100.7,-0.01,CLEAR|STRAIGHT,,999.00,0.00,0.0,-0.8,4328
27.61,-9.697,67.426,100.7,0.01,CLEAR|STRAIGHT,,999.00,0.00,0.0,-0.8,4344
27.66,-9.697,67.426,100.7,0.01,CLEAR|STRAIGHT,,999.00,0.00,0.0,-0.8,4344
27.71,-9.696,67.429,100.7,0.02,CLEAR|STRAIGHT,,999.00,0.00,0.0,-0.8,4328
27.76,-9.696,67.429,100.7,0.02,CLEAR|STRAIGHT,,999.00,0.00,0.0,-0.8,4328
27.81,-9.697,67.428,100.7,-0.01,CLEAR|STRAIGHT,,999.00,0.00,0.0,-0.9,4328
27.86,-9.697,67.428,100.7,-0.01,CLEAR|STRAIGHT,,999.00,0.00,0.0,-0.8,4328
27.91,-9.697,67.426,100.7,-0.01,CLEAR|STRAIGHT,,999.00,0.00,0.0,-0.8,4328
27.96,-9.697,67.426,100.7,-0.01,CLEAR|STRAIGHT,,999.00,0.00,0.0,-0.8,4328
28.01,-9.697,67.426,100.7,-0.01,CLEAR|STRAIGHT,,999.00,0.00,0.0,-0.9,4328
28.06,-9.697,67.426,100.7,-0.01,CLEAR|STRAIGHT,,999.00,0.00,0.0,-0.9,4328
28.11,-9.698,67.428,100.7,0.01,CLEAR|STRAIGHT,,999.00,0.00,0.0,-0.9,4328
28.16,-9.698,67.428,100.7,0.01,CLEAR|STRAIGHT,,999.00,0.00,0.0,-0.8,4328
28.21,-9.697,67.427,100.7,-0.00,CLEAR|STRAIGHT,,999.00,0.00,0.0,-0.9,4328
28.26,-9.697,67.427,100.7,-0.00,CLEAR|STRAIGHT,,999.00,0.00,0.0,-0.9,4328
28.31,-9.700,67.428,100.7,0.01,CLEAR|STRAIGHT,,999.00,0.00,0.0,-0.8,4328
28.36,-9.700,67.428,100.7,0.01,CLEAR|STRAIGHT,,999.00,0.00,0.0,-0.9,4328
28.41,-9.699,67.430,100.7,0.01,CLEAR|STRAIGHT,,999.00,0.00,0.0,-0.9,4344
28.46,-9.699,67.430,100.7,0.01,CLEAR|STRAIGHT,,999.00,0.00,0.0,-0.9,4328
28.51,-9.697,67.430,100.7,-0.00,CLEAR|STRAIGHT,,999.00,0.00,0.0,-0.8,4328
28.56,-9.697,67.430,100.7,-0.00,CLEAR|STRAIGHT,,999.00,0.00,0.0,-0.8,4344
28.61,-9.696,67.429,100.7,-0.01,CLEAR|STRAIGHT,,999.00,0.00,0.0,-0.9,4328
28.66,-9.696,67.429,100.7,-0.01,CLEAR|STRAIGHT,,999.00,0.00,0.0,-0.8,4344
28.71,-9.698,67.430,100.7,0.01,CLEAR|STRAIGHT,,999.00,0.00,0.0,-0.9,4328
28.76,-9.698,67.430,100.7,0.01,CLEAR|STRAIGHT,,999.00,0.00,0.0,-0.8,4311
28.81,-9.696,67.429,100.7,-0.01,CLEAR|STRAIGHT,,999.00,0.00,0.0,-0.9,4328
28.86,-9.696,67.429,100.7,-0.01,CLEAR|STRAIGHT,,999.00,0.00,0.0,-0.9,4328
28.91,-9.699,67.430,100.7,0.01,CLEAR|STRAIGHT,,999.00,0.00,0.0,-0.8,4344
28.96,-9.699,67.430,100.7,0.01,CLEAR|STRAIGHT,,999.00,0.00,0.0,-0.8,4328
29.01,-9.697,67.429,100.7,-0.01,CLEAR|STRAIGHT,,999.00,0.00,0.0,-0.8,4328
29.06,-9.697,67.429,100.7,-0.01,CLEAR|STRAIGHT,,999.00,0.00,0.0,-0.9,4328
29.11,-9.701,67.431,100.7,0.02,CLEAR|STRAIGHT,,999.00,0.00,0.0,-0.8,4328
29.16,-9.701,67.431,100.7,0.02,CLEAR|STRAIGHT,,999.00,0.00,0.0,-0.8,4328
29.21,-9.701,67.431,100.7,0.02,CLEAR|STRAIGHT,,999.00,0.00,0.0,-1.0,4344
29.26,-9.701,67.431,100.7,0.02,CLEAR|STRAIGHT,,999.00,0.00,0.0,-0.8,4328
29.31,-9.698,67.428,100.7,-0.02,CLEAR|STRAIGHT,,999.00,0.00,0.0,-0.8,4311
29.36,-9.698,67.428,100.7,-0.02,CLEAR|STRAIGHT,,999.00,0.00,0.0,-0.8,4328
29.41,-9.699,67.429,100.7,0.02,CLEAR|STRAIGHT,,999.00,0.00,0.0,-0.9,4328
29.46,-9.699,67.429,100.7,0.02,CLEAR|STRAIGHT,,999.00,0.00,0.0,-0.8,4328
29.51,-9.698,67.430,100.7,0.00,CLEAR|STRAIGHT,,999.00,0.00,0.0,-0.8,4344
29.56,-9.698,67.430,100.7,0.00,CLEAR|STRAIGHT,,999.00,0.00,0.0,-0.9,4328
29.61,-9.698,67.429,100.7,-0.00,CLEAR|STRAIGHT,,999.00,0.00,0.0,-0.9,4344
29.66,-9.698,67.429,100.7,-0.00,CLEAR|STRAIGHT,,999.00,0.00,0.0,-0.9,4328
29.71,-9.697,67.429,100.7,-0.01,CLEAR|STRAIGHT,,999.00,0.00,0.0,-0.9,4344
29.76,-9.697,67.429,100.7,-0.01,CLEAR|STRAIGHT,,999.00,0.00,0.0,-0.9,4328
29.81,-9.700,67.430,100.7,0.02,CLEAR|STRAIGHT,,999.00,0.00,0.0,-0.9,4328
29.86,-9.700,67.430,100.7,0.02,CLEAR|STRAIGHT,,999.00,0.00,0.0,-0.8,4328
29.91,-9.698,67.428,100.7,-0.02,CLEAR|STRAIGHT,,999.00,0.00,0.0,-0.8,4328
29.96,-9.698,67.428,100.7,-0.02,CLEAR|STRAIGHT,,999.00,0.00,0.0,-0.8,4328
30.01,-9.698,67.428,100.7,-0.02,CLEAR|STRAIGHT,,999.00,0.00,0.0,-0.9,4328
30.06,-9.698,67.428,100.7,-0.02,CLEAR|STRAIGHT,,999.00,0.00,0.0,-0.8,4328
30.11,-9.699,67.429,100.7,0.01,CLEAR|STRAIGHT,,999.00,0.00,0.0,-0.8,4328
30.16,-9.699,67.429,100.7,0.01,CLEAR|STRAIGHT,,999.00,0.00,0.0,-0.8,4328
30.21,-9.701,67.430,100.7,0.01,CLEAR|STRAIGHT,,999.00,0.00,0.0,-0.9,4328
30.26,-9.701,67.430,100.7,0.01,CLEAR|STRAIGHT,,999.00,0.00,0.0,-0.8,4328
30.31,-9.700,67.431,100.7,0.02,CLEAR|STRAIGHT,,999.00,0.00,0.0,-0.9,4328
30.36,-9.700,67.431,100.7,0.02,CLEAR|STRAIGHT,,999.00,0.00,0.0,-0.9,4328
30.41,-9.698,67.429,100.7,-0.03,CLEAR|STRAIGHT,,999.00,0.00,0.0,-0.8,4328
30.46,-9.698,67.429,100.7,-0.03,CLEAR|STRAIGHT,,999.00,0.00,0.0,-0.9,4328
30.51,-9.700,67.430,100.7,0.01,CLEAR|STRAIGHT,,999.00,0.00,0.0,-0.9,4344
30.56,-9.700,67.430,100.7,0.01,CLEAR|STRAIGHT,,999.00,0.00,0.0,-0.8,4328
30.61,-9.698,67.429,100.7,-0.01,CLEAR|STRAIGHT,,999.00,0.00,0.0,-0.8,4344
30.66,-9.698,67.429,100.7,-0.01,CLEAR|STRAIGHT,,999.00,0.00,0.0,-0.8,4328
30.71,-9.698,67.429,100.7,-0.01,CLEAR|STRAIGHT,,999.00,0.00,0.0,-0.9,4311
30.76,-9.698,67.429,100.7,-0.01,CLEAR|STRAIGHT,,999.00,0.00,0.0,-0.9,4344
30.81,-9.698,67.429,100.7,0.00,CLEAR|STRAIGHT,,999.00,0.00,0.0,-0.9,4328
30.86,-9.698,67.429,100.7,0.00,CLEAR|STRAIGHT,,999.00,0.00,0.0,-0.8,4328
30.91,-9.698,67.430,100.7,0.01,CLEAR|STRAIGHT,,999.00,0.00,0.0,-0.9,4328
30.96,-9.698,67.430,100.7,0.01,CLEAR|STRAIGHT,,999.00,0.00,0.0,-0.9,4328
31.01,-9.698,67.428,100.7,-0.02,CLEAR|STRAIGHT,,999.00,0.00,0.0,-0.9,4328
31.06,-9.698,67.428,100.7,-0.02,CLEAR|STRAIGHT,,999.00,0.00,0.0,-0.8,4344
31.11,-9.698,67.429,100.7,0.01,CLEAR|STRAIGHT,,999.00,0.00,0.0,-0.9,4328
31.16,-9.698,67.429,100.7,0.01,CLEAR|STRAIGHT,,999.00,0.00,0.0,-0.8,4328
31.21,-9.698,67.429,100.7,0.01,CLEAR|STRAIGHT,,999.00,0.00,0.0,-0.9,4344
31.26,-9.698,67.429,100.7,0.01,CLEAR|STRAIGHT,,999.00,0.00,0.0,-0.9,4328
31.31,-9.701,67.431,100.7,0.01,CLEAR|STRAIGHT,,999.00,0.00,0.0,-0.8,4344
31.36,-9.701,67.431,100.7,0.01,CLEAR|STRAIGHT,,999.00,0.00,0.0,-0.9,4344
31.41,-9.697,67.430,100.7,-0.02,CLEAR|STRAIGHT,,999.00,0.00,0.0,-0.9,4328
31.46,-9.697,67.430,100.7,-0.02,CLEAR|STRAIGHT,,999.00,0.00,0.0,-0.9,4344
31.51,-9.697,67.429,100.7,-0.01,CLEAR|STRAIGHT,,999.00,0.00,0.0,-0.8,4328
31.56,-9.697,67.429,100.7,-0.01,CLEAR|STRAIGHT,,999.00,0.00,0.0,-0.9,4328
31.61,-9.696,67.428,100.7,-0.01,CLEAR|STRAIGHT,,999.00,0.00,0.0,-0.9,4328
31.66,-9.696,67.428,100.7,-0.01,CLEAR|STRAIGHT,,999.00,0.00,0.0,-0.8,4328
31.71,-9.698,67.430,100.7,0.02,CLEAR|STRAIGHT,,999.00,0.00,0.0,-0.8,4328
31.76,-9.698,67.430,100.7,0.02,CLEAR|STRAIGHT,,999.00,0.00,0.0,-0.9,4328
31.81,-9.698,67.429,100.7,-0.00,CLEAR|STRAIGHT,,999.00,0.00,0.0,-0.9,4344
31.86,-9.698,67.429,100.7,-0.00,CLEAR|STRAIGHT,,999.00,0.00,0.0,-0.9,4328
31.91,-9.698,67.430,100.7,0.00,CLEAR|STRAIGHT,,999.00,0.00,0.0,-0.9,4328
31.96,-9.698,67.430,100.7,0.00,CLEAR|STRAIGHT,,999.00,0.00,0.0,-0.8,4328
32.01,-9.698,67.430,100.7,0.00,CLEAR|STRAIGHT,,999.00,0.00,0.0,-0.8,4328
32.06,-9.698,67.430,100.7,0.00,CLEAR|STRAIGHT,,999.00,0.00,0.0,-0.9,4328
32.11,-9.697,67.428,100.7,-0.01,CLEAR|STRAIGHT,,999.00,0.00,0.0,-0.9,4328
32.16,-9.697,67.428,100.7,-0.01,CLEAR|STRAIGHT,,999.00,0.00,0.0,-0.9,4328
32.21,-9.698,67.431,100.7,0.03,CLEAR|STRAIGHT,,999.00,0.00,0.0,-0.9,4328
32.26,-9.698,67.431,100.7,0.03,CLEAR|STRAIGHT,,999.00,0.00,0.0,-0.9,4344
32.31,-9.697,67.430,100.7,-0.01,CLEAR|STRAIGHT,,999.00,0.00,0.0,-0.8,4344
32.36,-9.697,67.430,100.7,-0.01,CLEAR|STRAIGHT,,999.00,0.00,0.0,-0.9,4344
32.41,-9.697,67.430,100.7,-0.00,CLEAR|STRAIGHT,,999.00,0.00,0.0,-0.9,4328
32.46,-9.697,67.430,100.7,-0.00,CLEAR|STRAIGHT,,999.00,0.00,0.0,-0.8,4328
32.51,-9.699,67.432,100.7,0.03,CLEAR|STRAIGHT,,999.00,0.00,0.0,-0.9,4328
32.56,-9.699,67.432,100.7,0.03,CLEAR|STRAIGHT,,999.00,0.00,0.0,-0.8,4328
32.61,-9.699,67.431,100.7,-0.00,CLEAR|STRAIGHT,,999.00,0.00,0.0,-0.8,4328
32.66,-9.699,67.431,100.7,-0.00,CLEAR|STRAIGHT,,999.00,0.00,0.0,-0.9,4344
32.71,-9.698,67.431,100.7,-0.00,CLEAR|STRAIGHT,,999.00,0.00,0.0,-0.8,4328
32.76,-9.698,67.431,100.7,-0.00,CLEAR|STRAIGHT,,999.00,0.00,0.0,-0.8,4328
32.81,-9.701,67.433,100.7,0.02,CLEAR|STRAIGHT,,999.00,0.00,0.0,-0.8,4328
32.86,-9.701,67.433,100.7,0.02,CLEAR|STRAIGHT,,999.00,0.00,0.0,-0.8,4328
32.91,-9.698,67.432,100.7,-0.01,CLEAR|STRAIGHT,,999.00,0.00,0.0,-0.8,4328
32.96,-9.698,67.432,100.7,-0.01,CLEAR|STRAIGHT,,999.00,0.00,0.0,-0.9,4344
33.01,-9.698,67.432,100.7,-0.01,CLEAR|STRAIGHT,,999.00,0.00,0.0,-0.8,4328
33.06,-9.698,67.432,100.7,-0.01,CLEAR|STRAIGHT,,999.00,0.00,0.0,-0.8,4328
33.11,-9.698,67.432,100.7,0.00,CLEAR|STRAIGHT,,999.00,0.00,0.0,-0.9,4328
33.16,-9.698,67.432,100.7,0.00,CLEAR|STRAIGHT,,999.00,0.00,0.0,-0.9,4344
33.21,-9.699,67.433,100.7,0.00,CLEAR|STRAIGHT,,999.00,0.00,0.0,-0.8,4328
33.26,-9.699,67.433,100.7,0.00,CLEAR|STRAIGHT,,999.00,0.00,0.0,-0.9,4328
33.31,-9.700,67.432,100.7,-0.00,CLEAR|STRAIGHT,,999.00,0.00,0.0,-0.9,4328
33.36,-9.700,67.432,100.7,-0.00,CLEAR|STRAIGHT,,999.00,0.00,0.0,-0.8,4344
33.41,-9.700,67.433,100.7,0.01,CLEAR|STRAIGHT,,999.00,0.00,0.0,-0.9,4328
33.46,-9.700,67.433,100.7,0.01,CLEAR|STRAIGHT,,999.00,0.00,0.0,-0.9,4344
33.51,-9.698,67.431,100.7,-0.03,CLEAR|STRAIGHT,,999.00,0.00,0.0,-0.8,4328
33.56,-9.698,67.431,100.7,-0.03,CLEAR|STRAIGHT,,999.00,0.00,0.0,-0.9,4344
33.61,-9.699,67.431,100.7,-0.00,CLEAR|STRAIGHT,,999.00,0.00,0.0,-0.9,4344
33.66,-9.699,67.431,100.7,-0.00,CLEAR|STRAIGHT,,999.00,0.00,0.0,-0.8,4328
33.71,-9.699,67.431,100.7,0.00,CLEAR|STRAIGHT,,999.00,0.00,0.0,-0.9,4344
33.76,-9.699,67.431,100.7,0.00,CLEAR|STRAIGHT,,999.00,0.00,0.0,-0.9,4344
33.81,-9.699,67.431,100.7,-0.00,CLEAR|STRAIGHT,,999.00,0.00,0.0,-0.8,4328
33.86,-9.699,67.431,100.7,-0.00,CLEAR|STRAIGHT,,999.00,0.00,0.0,-0.9,4328
33.91,-9.699,67.431,100.7,-0.00,CLEAR|STRAIGHT,,999.00,0.00,0.0,-0.8,4344
33.96,-9.699,67.431,100.7,-0.00,CLEAR|STRAIGHT,,999.00,0.00,0.0,-0.9,4328
34.01,-9.701,67.431,100.7,0.01,CLEAR|STRAIGHT,,999.00,0.00,0.0,-0.8,4344
34.06,-9.701,67.431,100.7,0.01,CLEAR|STRAIGHT,,999.00,0.00,0.0,-0.9,4344
34.11,-9.697,67.428,100.7,-0.03,CLEAR|STRAIGHT,,999.00,0.00,0.0,-0.9,4328
34.16,-9.697,67.428,100.7,-0.03,CLEAR|STRAIGHT,,999.00,0.00,0.0,-0.8,4328
34.21,-9.697,67.428,100.7,-0.03,CLEAR|STRAIGHT,,999.00,0.00,0.0,-0.8,4328
34.26,-9.697,67.428,100.7,-0.03,CLEAR|STRAIGHT,,999.00,0.00,0.0,-0.9,4344
34.31,-9.698,67.429,100.7,0.01,CLEAR|STRAIGHT,,999.00,0.00,0.0,-0.9,4328
34.36,-9.698,67.429,100.7,0.01,CLEAR|STRAIGHT,,999.00,0.00,0.0,-0.9,4344
34.41,-9.698,67.428,100.7,-0.01,CLEAR|STRAIGHT,,999.00,0.00,0.0,-0.9,4328
34.46,-9.698,67.428,100.7,-0.01,CLEAR|STRAIGHT,,999.00,0.00,0.0,-0.9,4328
34.51,-9.697,67.428,100.7,-0.01,CLEAR|STRAIGHT,,999.00,0.00,0.0,-0.8,4328
34.56,-9.697,67.428,100.7,-0.01,CLEAR|STRAIGHT,,999.00,0.00,0.0,-0.8,4328
34.61,-9.698,67.429,100.7,0.02,CLEAR|STRAIGHT,,999.00,0.00,0.0,-0.8,4328
34.66,-9.698,67.429,100.7,0.02,CLEAR|STRAIGHT,,999.00,0.00,0.0,-0.9,4328
34.71,-9.697,67.428,100.7,-0.01,CLEAR|STRAIGHT,,999.00,0.00,0.0,-0.9,4328
34.76,-9.697,67.428,100.7,-0.01,CLEAR|STRAIGHT,,999.00,0.00,0.0,-0.9,4328
34.81,-9.696,67.429,100.7,0.01,CLEAR|STRAIGHT,,999.00,0.00,0.0,-0.8,4328
34.86,-9.696,67.429,100.7,0.01,CLEAR|STRAIGHT,,999.00,0.00,0.0,-0.8,4328
34.91,-9.698,67.429,100.7,0.00,CLEAR|STRAIGHT,,999.00,0.00,0.0,-0.8,4328
34.96,-9.698,67.429,100.7,0.00,CLEAR|STRAIGHT,,999.00,0.00,0.0,-0.9,4344
35.01,-9.698,67.427,100.7,-0.02,CLEAR|STRAIGHT,,999.00,0.00,0.0,-0.9,4328
35.06,-9.698,67.427,100.7,-0.02,CLEAR|STRAIGHT,,999.00,0.00,0.0,-0.9,4328
35.11,-9.697,67.427,100.7,0.00,CLEAR|STRAIGHT,,999.00,0.00,0.0,-0.8,4328
35.16,-9.697,67.427,100.7,0.00,CLEAR|STRAIGHT,,999.00,0.00,0.0,-0.8,4328
35.21,-9.697,67.427,100.7,0.00,CLEAR|STRAIGHT,,999.00,0.00,0.0,-0.8,4344
35.26,-9.697,67.427,100.7,0.00,CLEAR|STRAIGHT,,999.00,0.00,0.0,-0.8,4328
35.31,-9.696,67.427,100.7,-0.01,CLEAR|STRAIGHT,,999.00,0.00,0.0,-0.8,4328
35.36,-9.696,67.427,100.7,-0.01,CLEAR|STRAIGHT,,999.00,0.00,0.0,-0.9,4328
35.41,-9.697,67.427,100.7,-0.00,CLEAR|STRAIGHT,,999.00,0.00,0.0,-0.9,4328
35.46,-9.697,67.427,100.7,-0.00,CLEAR|STRAIGHT,,999.00,0.00,0.0,-0.9,4328
35.51,-9.698,67.428,100.7,0.02,CLEAR|STRAIGHT,,999.00,0.00,0.0,-0.8,4328
35.56,-9.698,67.428,100.7,0.02,CLEAR|STRAIGHT,,999.00,0.00,0.0,-0.9,4344
35.61,-9.696,67.427,100.7,-0.01,CLEAR|STRAIGHT,,999.00,0.00,0.0,-0.8,4328
35.66,-9.696,67.427,100.7,-0.01,CLEAR|STRAIGHT,,999.00,0.00,0.0,-0.9,4328
35.71,-9.699,67.427,100.7,-0.00,CLEAR|STRAIGHT,,999.00,0.00,0.0,-0.9,4344
35.76,-9.699,67.427,100.7,-0.00,CLEAR|STRAIGHT,,999.00,0.00,0.0,-1.0,4344
35.81,-9.697,67.427,100.7,0.01,CLEAR|STRAIGHT,,999.00,0.00,0.0,-0.8,4328
35.86,-9.697,67.427,100.7,0.01,CLEAR|STRAIGHT,,999.00,0.00,0.0,-0.8,4328
35.91,-9.697,67.428,100.7,0.00,CLEAR|STRAIGHT,,999.00,0.00,0.0,-0.9,4328
35.96,-9.697,67.428,100.7,0.00,CLEAR|STRAIGHT,,999.00,0.00,0.0,-0.8,4328
36.01,-9.697,67.428,100.7,0.00,CLEAR|STRAIGHT,,999.00,0.00,0.0,-0.9,4328
36.06,-9.697,67.428,100.7,0.00,CLEAR|STRAIGHT,,999.00,0.00,0.0,-0.9,4328
36.11,-9.696,67.428,100.7,-0.00,CLEAR|STRAIGHT,,999.00,0.00,0.0,-0.8,4328
36.16,-9.696,67.428,100.7,-0.00,CLEAR|STRAIGHT,,999.00,0.00,0.0,-0.8,4328
36.21,-9.696,67.427,100.7,-0.01,CLEAR|STRAIGHT,,999.00,0.00,0.0,-0.8,4328
36.26,-9.696,67.427,100.7,-0.01,CLEAR|STRAIGHT,,999.00,0.00,0.0,-0.9,4328
36.31,-9.695,67.425,100.7,-0.02,CLEAR|STRAIGHT,,999.00,0.00,0.0,-0.8,4328
36.36,-9.695,67.425,100.7,-0.02,CLEAR|STRAIGHT,,999.00,0.00,0.0,-0.8,4328
36.41,-9.697,67.428,100.7,0.03,CLEAR|STRAIGHT,,999.00,0.00,0.0,-0.9,4328
36.46,-9.697,67.428,100.7,0.03,CLEAR|STRAIGHT,,999.00,0.00,0.0,-0.9,4328
36.51,-9.698,67.427,100.7,-0.01,CLEAR|STRAIGHT,,999.00,0.00,0.0,-0.9,4328
36.56,-9.698,67.427,100.7,-0.01,CLEAR|STRAIGHT,,999.00,0.00,0.0,-0.8,4344
36.61,-9.695,67.427,100.7,-0.01,CLEAR|STRAIGHT,,999.00,0.00,0.0,-0.9,4344
36.66,-9.695,67.427,100.7,-0.01,CLEAR|STRAIGHT,,999.00,0.00,0.0,-0.9,4344
36.71,-9.697,67.427,100.7,0.01,CLEAR|STRAIGHT,,999.00,0.00,0.0,-0.9,4328
36.76,-9.697,67.427,100.7,0.01,CLEAR|STRAIGHT,,999.00,0.00,0.0,-0.9,4328
36.81,-9.697,67.429,100.7,0.02,CLEAR|STRAIGHT,,999.00,0.00,0.0,-0.8,4328
36.86,-9.697,67.429,100.7,0.02,CLEAR|STRAIGHT,,999.00,0.00,0.0,-0.9,4328
36.91,-9.697,67.427,100.7,-0.01,CLEAR|STRAIGHT,,999.00,0.00,0.0,-0.8,4328
36.96,-9.697,67.427,100.7,-0.01,CLEAR|STRAIGHT,,999.00,0.00,0.0,-0.8,4344
37.01,-9.697,67.428,100.7,0.00,CLEAR|STRAIGHT,,999.00,0.00,0.0,-0.9,4328
37.06,-9.697,67.428,100.7,0.00,CLEAR|STRAIGHT,,999.00,0.00,0.0,-0.8,4328
37.11,-9.698,67.429,100.7,0.01,CLEAR|STRAIGHT,,999.00,0.00,0.0,-0.9,4328
37.16,-9.698,67.429,100.7,0.01,CLEAR|STRAIGHT,,999.00,0.00,0.0,-0.8,4311
37.21,-9.698,67.429,100.7,0.01,CLEAR|STRAIGHT,,999.00,0.00,0.0,-0.9,4344
37.26,-9.698,67.429,100.7,0.01,CLEAR|STRAIGHT,,999.00,0.00,0.0,-0.8,4328
37.31,-9.699,67.428,100.7,-0.01,CLEAR|STRAIGHT,,999.00,0.00,0.0,-0.9,4328
37.36,-9.699,67.428,100.7,-0.01,CLEAR|STRAIGHT,,999.00,0.00,0.0,-0.9,4344
37.41,-9.699,67.430,100.7,0.02,CLEAR|STRAIGHT,,999.00,0.00,0.0,-0.9,4328
37.46,-9.699,67.430,100.7,0.02,CLEAR|STRAIGHT,,999.00,0.00,0.0,-0.9,4328
37.51,-9.696,67.428,100.7,-0.03,CLEAR|STRAIGHT,,999.00,0.00,0.0,-0.9,4344
37.56,-9.696,67.428,100.7,-0.03,CLEAR|STRAIGHT,,999.00,0.00,0.0,-0.8,4328
37.61,-9.697,67.429,100.7,0.01,CLEAR|STRAIGHT,,999.00,0.00,0.0,-0.8,4328
37.66,-9.697,67.429,100.7,0.01,CLEAR|STRAIGHT,,999.00,0.00,0.0,-0.8,4328
37.71,-9.699,67.431,100.7,0.02,CLEAR|STRAIGHT,,999.00,0.00,0.0,-0.8,4328
37.76,-9.699,67.431,100.7,0.02,CLEAR|STRAIGHT,,999.00,0.00,0.0,-0.8,4328
37.81,-9.698,67.429,100.7,-0.02,CLEAR|STRAIGHT,,999.00,0.00,0.0,-0.8,4328
37.86,-9.698,67.429,100.7,-0.02,CLEAR|STRAIGHT,,999.00,0.00,0.0,-0.8,4328
37.91,-9.697,67.431,100.7,0.01,CLEAR|STRAIGHT,,999.00,0.00,0.0,-0.8,4328
37.96,-9.697,67.431,100.7,0.01,CLEAR|STRAIGHT,,999.00,0.00,0.0,-0.8,4344
38.01,-9.697,67.431,100.7,0.01,CLEAR|STRAIGHT,,999.00,0.00,0.0,-0.8,4311
38.06,-9.697,67.431,100.7,0.01,CLEAR|STRAIGHT,,999.00,0.00,0.0,-0.9,4328
38.11,-9.698,67.429,100.7,-0.01,CLEAR|STRAIGHT,,999.00,0.00,0.0,-0.8,4328
38.16,-9.698,67.429,100.7,-0.01,CLEAR|STRAIGHT,,999.00,0.00,0.0,-0.9,4328
38.21,-9.698,67.428,100.7,-0.01,CLEAR|STRAIGHT,,999.00,0.00,0.0,-0.9,4344
38.26,-9.698,67.428,100.7,-0.01,CLEAR|STRAIGHT,,999.00,0.00,0.0,-0.9,4328
38.31,-9.699,67.429,100.7,0.01,CLEAR|STRAIGHT,,999.00,0.00,0.0,-0.8,4344
38.36,-9.699,67.429,100.7,0.01,CLEAR|STRAIGHT,,999.00,0.00,0.0,-0.8,4328
38.41,-9.699,67.430,100.7,0.01,CLEAR|STRAIGHT,,999.00,0.00,0.0,-0.9,4328
38.46,-9.699,67.430,100.7,0.01,CLEAR|STRAIGHT,,999.00,0.00,0.0,-0.9,4328
38.51,-9.697,67.428,100.7,-0.01,CLEAR|STRAIGHT,,999.00,0.00,0.0,-0.9,4328
38.56,-9.697,67.428,100.7,-0.01,CLEAR|STRAIGHT,,999.00,0.00,0.0,-0.9,4328
38.61,-9.700,67.431,100.7,0.03,CLEAR|STRAIGHT,,999.00,0.00,0.0,-0.8,4328
38.66,-9.700,67.431,100.7,0.03,CLEAR|STRAIGHT,,999.00,0.00,0.0,-0.8,4344
38.71,-9.698,67.431,100.7,-0.00,CLEAR|STRAIGHT,,999.00,0.00,0.0,-0.8,4328
38.76,-9.698,67.431,100.7,-0.00,CLEAR|STRAIGHT,,999.00,0.00,0.0,-0.9,4344
38.81,-9.700,67.430,100.7,-0.00,CLEAR|STRAIGHT,,999.00,0.00,0.0,-0.8,4328
38.86,-9.700,67.430,100.7,-0.00,CLEAR|STRAIGHT,,999.00,0.00,0.0,-0.8,4328
38.91,-9.697,67.429,100.7,-0.02,CLEAR|STRAIGHT,,999.00,0.00,0.0,-0.9,4344
38.96,-9.697,67.429,100.7,-0.02,CLEAR|STRAIGHT,,999.00,0.00,0.0,-0.9,4328
39.01,-9.697,67.429,100.7,-0.02,CLEAR|STRAIGHT,,999.00,0.00,0.0,-0.8,4344
39.06,-9.697,67.429,100.7,-0.02,CLEAR|STRAIGHT,,999.00,0.00,0.0,-0.9,4344
39.11,-9.699,67.430,100.7,0.01,CLEAR|STRAIGHT,,999.00,0.00,0.0,-0.8,4344
39.16,-9.699,67.430,100.7,0.01,CLEAR|STRAIGHT,,999.00,0.00,0.0,-0.9,4328
39.21,-9.699,67.431,100.7,0.01,CLEAR|STRAIGHT,,999.00,0.00,0.0,-0.9,4328
39.26,-9.699,67.431,100.7,0.01,CLEAR|STRAIGHT,,999.00,0.00,0.0,-0.9,4344
39.31,-9.700,67.431,100.7,0.01,CLEAR|STRAIGHT,,999.00,0.00,0.0,-0.8,4311
39.36,-9.700,67.431,100.7,0.01,CLEAR|STRAIGHT,,999.00,0.00,0.0,-0.9,4328
39.41,-9.700,67.431,100.7,0.00,CLEAR|STRAIGHT,,999.00,0.00,0.0,-0.8,4328
39.46,-9.700,67.431,100.7,0.00,CLEAR|STRAIGHT,,999.00,0.00,0.0,-0.8,4328
39.51,-9.699,67.430,100.7,-0.02,CLEAR|STRAIGHT,,999.00,0.00,0.0,-0.9,4328
39.56,-9.699,67.430,100.7,-0.02,CLEAR|STRAIGHT,,999.00,0.00,0.0,-0.9,4328
39.61,-9.700,67.430,100.7,0.01,CLEAR|STRAIGHT,,999.00,0.00,0.0,-0.8,4328
39.66,-9.700,67.430,100.7,0.01,CLEAR|STRAIGHT,,999.00,0.00,0.0,-1.0,4344
39.71,-9.699,67.430,100.7,-0.00,CLEAR|STRAIGHT,,999.00,0.00,0.0,-0.8,4328
39.76,-9.699,67.430,100.7,-0.00,CLEAR|STRAIGHT,,999.00,0.00,0.0,-0.9,4328
39.81,-9.702,67.430,100.7,0.00,CLEAR|STRAIGHT,,999.00,0.00,0.0,-0.9,4344
39.86,-9.702,67.430,100.7,0.00,CLEAR|STRAIGHT,,999.00,0.00,0.0,-0.9,4344
39.91,-9.699,67.431,100.7,0.00,CLEAR|STRAIGHT,,999.00,0.00,0.0,-0.9,4344
39.96,-9.699,67.431,100.7,0.00,CLEAR|STRAIGHT,,999.00,0.00,0.0,-0.9,4328
40.01,-9.699,67.431,100.7,0.00,CLEAR|STRAIGHT,,999.00,0.00,0.0,-0.9,4328
40.06,-9.699,67.431,100.7,0.00,CLEAR|STRAIGHT,,999.00,0.00,0.0,-0.9,4328
40.11,-9.697,67.430,100.7,-0.01,CLEAR|STRAIGHT,,999.00,0.00,0.0,-0.9,4344
40.16,-9.697,67.430,100.7,-0.01,CLEAR|STRAIGHT,,999.00,0.00,0.0,-0.9,4344
40.21,-9.699,67.430,100.7,0.01,CLEAR|STRAIGHT,,999.00,0.00,0.0,-0.9,4344
40.26,-9.699,67.430,100.7,0.01,CLEAR|STRAIGHT,,999.00,0.00,0.0,-0.9,4328
40.31,-9.700,67.431,100.7,0.00,CLEAR|STRAIGHT,,999.00,0.00,0.0,-0.9,4344
40.36,-9.700,67.431,100.7,0.00,CLEAR|STRAIGHT,,999.00,0.00,0.0,-0.9,4328
40.41,-9.699,67.429,100.7,-0.01,CLEAR|STRAIGHT,,999.00,0.00,0.0,-0.9,4328
40.46,-9.699,67.429,100.7,-0.01,CLEAR|STRAIGHT,,999.00,0.00,0.0,-0.8,4328
40.51,-9.699,67.429,100.7,-0.01,CLEAR|STRAIGHT,,999.00,0.00,0.0,-0.9,4328
40.56,-9.699,67.429,100.7,-0.01,CLEAR|STRAIGHT,,999.00,0.00,0.0,-0.8,4328
40.61,-9.700,67.429,100.7,-0.00,CLEAR|STRAIGHT,,999.00,0.00,0.0,-0.8,4328
40.66,-9.700,67.429,100.7,-0.00,CLEAR|STRAIGHT,,999.00,0.00,0.0,-0.8,4344
40.71,-9.700,67.429,100.7,-0.00,CLEAR|STRAIGHT,,999.00,0.00,0.0,-0.8,4328
40.76,-9.700,67.429,100.7,-0.00,CLEAR|STRAIGHT,,999.00,0.00,0.0,-0.8,4328
40.81,-9.700,67.429,100.7,0.01,CLEAR|STRAIGHT,,999.00,0.00,0.0,-0.8,4328
40.86,-9.700,67.429,100.7,0.01,CLEAR|STRAIGHT,,999.00,0.00,0.0,-0.8,4328
40.91,-9.700,67.431,100.7,0.01,CLEAR|STRAIGHT,,999.00,0.00,0.0,-0.9,4328
40.96,-9.700,67.431,100.7,0.01,CLEAR|STRAIGHT,,999.00,0.00,0.0,-0.9,4344
41.01,-9.700,67.431,100.7,0.01,CLEAR|STRAIGHT,,999.00,0.00,0.0,-0.8,4328
41.06,-9.700,67.431,100.7,0.01,CLEAR|STRAIGHT,,999.00,0.00,0.0,-0.8,4328
41.11,-9.700,67.430,100.7,-0.01,CLEAR|STRAIGHT,,999.00,0.00,0.0,-0.9,4328
41.16,-9.700,67.430,100.7,-0.01,CLEAR|STRAIGHT,,999.00,0.00,0.0,-0.9,4344
41.21,-9.700,67.430,100.7,-0.00,CLEAR|STRAIGHT,,999.00,0.00,0.0,-0.9,4328
41.26,-9.700,67.430,100.7,-0.00,CLEAR|STRAIGHT,,999.00,0.00,0.0,-0.9,4328
41.31,-9.699,67.430,100.7,0.00,CLEAR|STRAIGHT,,999.00,0.00,0.0,-0.8,4344
41.36,-9.699,67.430,100.7,0.00,CLEAR|STRAIGHT,,999.00,0.00,0.0,-0.9,4328
41.41,-9.701,67.429,100.7,-0.01,CLEAR|STRAIGHT,,999.00,0.00,0.0,-0.9,4344
41.46,-9.701,67.429,100.7,-0.01,CLEAR|STRAIGHT,,999.00,0.00,0.0,-0.9,4328
41.51,-9.701,67.432,100.7,0.03,CLEAR|STRAIGHT,,999.00,0.00,0.0,-0.9,4328
41.56,-9.701,67.432,100.7,0.03,CLEAR|STRAIGHT,,999.00,0.00,0.0,-0.9,4344
41.61,-9.700,67.430,100.7,-0.02,CLEAR|STRAIGHT,,999.00,0.00,0.0,-0.9,4344
41.66,-9.700,67.430,100.7,-0.02,CLEAR|STRAIGHT,,999.00,0.00,0.0,-0.8,4328
41.71,-9.700,67.430,100.7,-0.02,CLEAR|STRAIGHT,,999.00,0.00,0.0,-0.9,4328
41.76,-9.700,67.430,100.7,-0.02,CLEAR|STRAIGHT,,999.00,0.00,0.0,-0.8,4328
41.81,-9.702,67.430,100.7,0.00,CLEAR|STRAIGHT,,999.00,0.00,0.0,-0.9,4328
41.86,-9.702,67.430,100.7,0.00,CLEAR|STRAIGHT,,999.00,0.00,0.0,-0.9,4328
41.91,-9.699,67.429,100.7,-0.01,CLEAR|STRAIGHT,,999.00,0.00,0.0,-1.0,4344
41.96,-9.699,67.429,100.7,-0.01,CLEAR|STRAIGHT,,999.00,0.00,0.0,-0.9,4344
42.01,-9.699,67.429,100.7,-0.01,CLEAR|STRAIGHT,,999.00,0.00,0.0,-0.9,4328
42.06,-9.699,67.429,100.7,-0.01,CLEAR|STRAIGHT,,999.00,0.00,0.0,-0.9,4328
42.11,-9.700,67.429,100.7,-0.00,CLEAR|STRAIGHT,,999.00,0.00,0.0,-0.8,4344
42.16,-9.700,67.429,100.7,-0.00,CLEAR|STRAIGHT,,999.00,0.00,0.0,-0.8,4328
42.21,-9.701,67.430,100.7,0.01,CLEAR|STRAIGHT,,999.00,0.00,0.0,-0.9,4344
42.26,-9.701,67.430,100.7,0.01,CLEAR|STRAIGHT,,999.00,0.00,0.0,-0.8,4328
42.31,-9.700,67.430,100.7,0.00,CLEAR|STRAIGHT,,999.00,0.00,0.0,-0.9,4344
42.36,-9.700,67.430,100.7,0.00,CLEAR|STRAIGHT,,999.00,0.00,0.0,-0.8,4328
42.41,-9.700,67.430,100.7,0.00,CLEAR|STRAIGHT,,999.00,0.00,0.0,-0.9,4328
42.46,-9.700,67.430,100.7,0.00,CLEAR|STRAIGHT,,999.00,0.00,0.0,-0.8,4344
42.51,-9.696,67.425,100.7,-0.03,CLEAR|STRAIGHT,,999.00,0.00,0.0,-0.9,4344
42.56,-9.696,67.425,100.7,-0.03,CLEAR|STRAIGHT,,999.00,0.00,0.0,-0.9,4328
42.61,-9.696,67.425,100.7,-0.03,CLEAR|STRAIGHT,,999.00,0.00,0.0,-0.9,4344
42.66,-9.696,67.425,100.7,-0.03,CLEAR|STRAIGHT,,999.00,0.00,0.0,-0.9,4344
42.71,-9.696,67.426,100.7,0.01,CLEAR|STRAIGHT,,999.00,0.00,0.0,-0.8,4328
42.76,-9.696,67.426,100.7,0.01,CLEAR|STRAIGHT,,999.00,0.00,0.0,-0.9,4344
42.81,-9.696,67.425,100.7,-0.01,CLEAR|STRAIGHT,,999.00,0.00,0.0,-0.8,4328
42.86,-9.696,67.425,100.7,-0.01,CLEAR|STRAIGHT,,999.00,0.00,0.0,-0.9,4328
42.91,-9.697,67.426,100.7,0.01,CLEAR|STRAIGHT,,999.00,0.00,0.0,-0.9,4344
42.96,-9.697,67.426,100.7,0.01,CLEAR|STRAIGHT,,999.00,0.00,0.0,-0.9,4328
43.01,-9.696,67.426,100.7,-0.01,CLEAR|STRAIGHT,,999.00,0.00,0.0,-0.9,4344
43.06,-9.696,67.426,100.7,-0.01,CLEAR|STRAIGHT,,999.00,0.00,0.0,-0.9,4328
43.11,-9.696,67.426,100.7,-0.01,CLEAR|STRAIGHT,,999.00,0.00,0.0,-0.9,4344
43.16,-9.696,67.426,100.7,-0.01,CLEAR|STRAIGHT,,999.00,0.00,0.0,-0.8,4328
43.21,-9.698,67.427,100.7,0.00,CLEAR|STRAIGHT,,999.00,0.00,0.0,-0.9,4328
43.26,-9.698,67.427,100.7,0.00,CLEAR|STRAIGHT,,999.00,0.00,0.0,-0.8,4328
43.31,-9.698,67.426,100.7,-0.01,CLEAR|STRAIGHT,,999.00,0.00,0.0,-0.9,4344
43.36,-9.698,67.426,100.7,-0.01,CLEAR|STRAIGHT,,999.00,0.00,0.0,-0.9,4328
43.41,-9.698,67.427,100.7,0.01,CLEAR|STRAIGHT,,999.00,0.00,0.0,-0.9,4344
43.46,-9.698,67.427,100.7,0.01,CLEAR|STRAIGHT,,999.00,0.00,0.0,-0.8,4328
43.51,-9.698,67.427,100.7,0.01,CLEAR|STRAIGHT,,999.00,0.00,0.0,-0.8,4328
43.56,-9.698,67.427,100.7,0.01,CLEAR|STRAIGHT,,999.00,0.00,0.0,-0.9,4328
43.61,-9.697,67.426,100.7,-0.01,CLEAR|STRAIGHT,,999.00,0.00,0.0,-0.8,4344
43.66,-9.697,67.426,100.7,-0.01,CLEAR|STRAIGHT,,999.00,0.00,0.0,-0.8,4344
43.71,-9.700,67.426,100.7,0.01,CLEAR|STRAIGHT,,999.00,0.00,0.0,-0.8,4328
43.76,-9.700,67.426,100.7,0.01,CLEAR|STRAIGHT,,999.00,0.00,0.0,-0.9,4328
43.81,-9.699,67.427,100.7,0.00,CLEAR|STRAIGHT,,999.00,0.00,0.0,-0.9,4328
43.86,-9.699,67.427,100.7,0.00,CLEAR|STRAIGHT,,999.00,0.00,0.0,-0.8,4328
43.91,-9.698,67.425,100.7,-0.01,CLEAR|STRAIGHT,,999.00,0.00,0.0,-0.8,4328
43.96,-9.698,67.425,100.7,-0.01,CLEAR|STRAIGHT,,999.00,0.00,0.0,-0.8,4344
44.01,-9.698,67.425,100.7,-0.01,CLEAR|STRAIGHT,,999.00,0.00,0.0,-0.9,4328
44.06,-9.698,67.425,100.7,-0.01,CLEAR|STRAIGHT,,999.00,0.00,0.0,-0.9,4328
44.11,-9.697,67.426,100.7,0.01,CLEAR|STRAIGHT,,999.00,0.00,0.0,-0.8,4328
44.16,-9.697,67.426,100.7,0.01,CLEAR|STRAIGHT,,999.00,0.00,0.0,-0.9,4328
44.21,-9.697,67.425,100.7,-0.01,CLEAR|STRAIGHT,,999.00,0.00,0.0,-0.9,4328
44.26,-9.697,67.425,100.7,-0.01,CLEAR|STRAIGHT,,999.00,0.00,0.0,-0.8,4328
44.31,-9.697,67.425,100.7,-0.01,CLEAR|STRAIGHT,,999.00,0.00,0.0,-0.9,4328
44.36,-9.697,67.425,100.7,-0.01,CLEAR|STRAIGHT,,999.00,0.00,0.0,-0.9,4328
44.41,-9.697,67.426,100.7,0.00,CLEAR|STRAIGHT,,999.00,0.00,0.0,-0.9,4328
44.46,-9.697,67.426,100.7,0.00,CLEAR|STRAIGHT,,999.00,0.00,0.0,-0.8,4328
44.51,-9.699,67.427,100.7,0.02,CLEAR|STRAIGHT,,999.00,0.00,0.0,-0.9,4328
44.56,-9.699,67.427,100.7,0.02,CLEAR|STRAIGHT,,999.00,0.00,0.0,-0.8,4328
44.61,-9.696,67.427,100.7,-0.00,CLEAR|STRAIGHT,,999.00,0.00,0.0,-0.9,4328
44.66,-9.696,67.427,100.7,-0.00,CLEAR|STRAIGHT,,999.00,0.00,0.0,-0.9,4328
44.71,-9.699,67.427,100.7,0.00,CLEAR|STRAIGHT,,999.00,0.00,0.0,-0.8,4328
44.76,-9.699,67.427,100.7,0.00,CLEAR|STRAIGHT,,999.00,0.00,0.0,-0.9,4328
44.81,-9.698,67.426,100.7,-0.01,CLEAR|STRAIGHT,,999.00,0.00,0.0,-0.9,4328
44.86,-9.698,67.426,100.7,-0.01,CLEAR|STRAIGHT,,999.00,0.00,0.0,-0.8,4328
44.91,-9.697,67.426,100.7,0.00,CLEAR|STRAIGHT,,999.00,0.00,0.0,-0.9,4328
44.96,-9.697,67.426,100.7,0.00,CLEAR|STRAIGHT,,999.00,0.00,0.0,-0.8,4328
45.01,-9.697,67.426,100.7,0.00,CLEAR|STRAIGHT,,999.00,0.00,0.0,-0.8,4328
45.06,-9.697,67.426,100.7,0.00,CLEAR|STRAIGHT,,999.00,0.00,0.0,-0.8,4311
45.11,-9.698,67.427,100.7,0.00,CLEAR|STRAIGHT,,999.00,0.00,0.0,-0.8,4328
45.16,-9.698,67.427,100.7,0.00,CLEAR|STRAIGHT,,999.00,0.00,0.0,-0.8,4328
45.21,-9.695,67.426,100.7,-0.01,CLEAR|STRAIGHT,,999.00,0.00,0.0,-0.9,4328
45.26,-9.695,67.426,100.7,-0.01,CLEAR|STRAIGHT,,999.00,0.00,0.0,-0.8,4328
45.31,-9.695,67.426,100.7,-0.01,CLEAR|STRAIGHT,,999.00,0.00,0.0,-0.8,4344
45.36,-9.695,67.426,100.7,-0.01,CLEAR|STRAIGHT,,999.00,0.00,0.0,-0.8,4328
45.41,-9.695,67.428,100.7,0.01,CLEAR|STRAIGHT,,999.00,0.00,0.0,-0.9,4328
45.46,-9.695,67.428,100.7,0.01,CLEAR|STRAIGHT,,999.00,0.00,0.0,-0.9,4328
45.51,-9.696,67.429,100.7,0.01,CLEAR|STRAIGHT,,999.00,0.00,0.0,-0.8,4328
45.56,-9.696,67.429,100.7,0.01,CLEAR|STRAIGHT,,999.00,0.00,0.0,-0.9,4328
45.61,-9.696,67.429,100.7,0.01,CLEAR|STRAIGHT,,999.00,0.00,0.0,-0.8,4328
45.66,-9.696,67.429,100.7,0.01,CLEAR|STRAIGHT,,999.00,0.00,0.0,-0.8,4344
45.71,-9.697,67.428,100.7,-0.01,CLEAR|STRAIGHT,,999.00,0.00,0.0,-0.9,4344
45.76,-9.697,67.428,100.7,-0.01,CLEAR|STRAIGHT,,999.00,0.00,0.0,-0.8,4328
45.81,-9.696,67.428,100.7,-0.01,CLEAR|STRAIGHT,,999.00,0.00,0.0,-0.8,4344
45.86,-9.696,67.428,100.7,-0.01,CLEAR|STRAIGHT,,999.00,0.00,0.0,-0.9,4328
45.91,-9.698,67.429,100.7,0.01,CLEAR|STRAIGHT,,999.00,0.00,0.0,-0.9,4328
45.96,-9.698,67.429,100.7,0.01,CLEAR|STRAIGHT,,999.00,0.00,0.0,-0.8,4328
46.01,-9.698,67.429,100.7,0.01,CLEAR|STRAIGHT,,999.00,0.00,0.0,-0.8,4328
46.06,-9.698,67.429,100.7,0.01,CLEAR|STRAIGHT,,999.00,0.00,0.0,-0.8,4328
46.11,-9.698,67.430,100.7,0.01,CLEAR|STRAIGHT,,999.00,0.00,0.0,-0.9,4344
46.16,-9.698,67.430,100.7,0.01,CLEAR|STRAIGHT,,999.00,0.00,0.0,-0.9,4328
46.21,-9.696,67.427,100.7,-0.03,CLEAR|STRAIGHT,,999.00,0.00,0.0,-0.9,4344
46.26,-9.696,67.427,100.7,-0.03,CLEAR|STRAIGHT,,999.00,0.00,0.0,-0.8,4328
46.31,-9.696,67.427,100.7,-0.03,CLEAR|STRAIGHT,,999.00,0.00,0.0,-0.9,4328
46.36,-9.696,67.427,100.7,-0.03,CLEAR|STRAIGHT,,999.00,0.00,0.0,-0.8,4344
46.41,-9.698,67.427,100.7,0.00,CLEAR|STRAIGHT,,999.00,0.00,0.0,-0.9,4344
46.46,-9.698,67.427,100.7,0.00,CLEAR|STRAIGHT,,999.00,0.00,0.0,-0.9,4328
46.51,-9.696,67.426,100.7,-0.02,CLEAR|STRAIGHT,,999.00,0.00,0.0,-0.9,4328
46.56,-9.696,67.426,100.7,-0.02,CLEAR|STRAIGHT,,999.00,0.00,0.0,-0.8,4328
46.61,-9.697,67.428,100.7,0.02,CLEAR|STRAIGHT,,999.00,0.00,0.0,-0.9,4328
46.66,-9.697,67.428,100.7,0.02,CLEAR|STRAIGHT,,999.00,0.00,0.0,-0.9,4328
46.71,-9.698,67.430,100.7,0.01,CLEAR|STRAIGHT,,999.00,0.00,0.0,-0.9,4344
46.76,-9.698,67.430,100.7,0.01,CLEAR|STRAIGHT,,999.00,0.00,0.0,-0.9,4344
46.81,-9.699,67.429,100.7,-0.00,CLEAR|STRAIGHT,,999.00,0.00,0.0,-0.8,4328
46.86,-9.699,67.429,100.7,-0.00,CLEAR|STRAIGHT,,999.00,0.00,0.0,-0.9,4328
46.91,-9.698,67.429,100.7,-0.00,CLEAR|STRAIGHT,,999.00,0.00,0.0,-0.8,4328
46.96,-9.698,67.429,100.7,-0.00,CLEAR|STRAIGHT,,999.00,0.00,0.0,-0.9,4328
47.01,-9.698,67.429,100.7,-0.00,CLEAR|STRAIGHT,,999.00,0.00,0.0,-0.8,4328
47.06,-9.698,67.429,100.7,-0.00,CLEAR|STRAIGHT,,999.00,0.00,0.0,-1.0,4328
47.11,-9.699,67.429,100.7,-0.00,CLEAR|STRAIGHT,,999.00,0.00,0.0,-0.9,4344
47.16,-9.699,67.429,100.7,-0.00,CLEAR|STRAIGHT,,999.00,0.00,0.0,-0.9,4344
47.21,-9.695,67.429,100.7,-0.01,CLEAR|STRAIGHT,,999.00,0.00,0.0,-0.9,4344
47.26,-9.695,67.429,100.7,-0.01,CLEAR|STRAIGHT,,999.00,0.00,0.0,-0.9,4344
47.31,-9.696,67.430,100.7,0.02,CLEAR|STRAIGHT,,999.00,0.00,0.0,-0.8,4344
47.36,-9.696,67.430,100.7,0.02,CLEAR|STRAIGHT,,999.00,0.00,0.0,-0.8,4328
47.41,-9.697,67.428,100.7,-0.02,CLEAR|STRAIGHT,,999.00,0.00,0.0,-0.9,4328
47.46,-9.697,67.428,100.7,-0.02,CLEAR|STRAIGHT,,999.00,0.00,0.0,-0.9,4328
47.51,-9.695,67.431,100.7,0.02,CLEAR|STRAIGHT,,999.00,0.00,0.0,-0.8,4328
47.56,-9.695,67.431,100.7,0.02,CLEAR|STRAIGHT,,999.00,0.00,0.0,-0.8,4328
47.61,-9.697,67.430,100.7,0.00,CLEAR|STRAIGHT,,999.00,0.00,0.0,-0.9,4328
47.66,-9.697,67.430,100.7,0.00,CLEAR|STRAIGHT,,999.00,0.00,0.0,-0.9,4328
47.71,-9.697,67.428,100.7,-0.02,CLEAR|STRAIGHT,,999.00,0.00,0.0,-0.9,4328
47.76,-9.697,67.428,100.7,-0.02,CLEAR|STRAIGHT,,999.00,0.00,0.0,-0.8,4328
47.81,-9.695,67.430,100.7,0.01,CLEAR|STRAIGHT,,999.00,0.00,0.0,-0.8,4328
47.86,-9.695,67.430,100.7,0.01,CLEAR|STRAIGHT,,999.00,0.00,0.0,-0.8,4344
47.91,-9.696,67.431,100.7,0.01,CLEAR|STRAIGHT,,999.00,0.00,0.0,-0.9,4344
47.96,-9.696,67.431,100.7,0.01,CLEAR|STRAIGHT,,999.00,0.00,0.0,-0.8,4328
48.01,-9.696,67.431,100.7,0.01,CLEAR|STRAIGHT,,999.00,0.00,0.0,-0.9,4328
48.06,-9.696,67.431,100.7,0.01,CLEAR|STRAIGHT,,999.00,0.00,0.0,-0.8,4328
48.11,-9.694,67.429,100.7,-0.01,CLEAR|STRAIGHT,,999.00,0.00,0.0,-0.8,4328
48.16,-9.694,67.429,100.7,-0.01,CLEAR|STRAIGHT,,999.00,0.00,0.0,-0.8,4328
48.21,-9.698,67.430,100.7,0.01,CLEAR|STRAIGHT,,999.00,0.00,0.0,-0.9,4328
48.26,-9.698,67.430,100.7,0.01,CLEAR|STRAIGHT,,999.00,0.00,0.0,-0.9,4344
48.31,-9.698,67.430,100.7,0.01,CLEAR|STRAIGHT,,999.00,0.00,0.0,-0.9,4328
48.36,-9.698,67.430,100.7,0.01,CLEAR|STRAIGHT,,999.00,0.00,0.0,-0.8,4328
48.41,-9.698,67.428,100.7,-0.01,CLEAR|STRAIGHT,,999.00,0.00,0.0,-0.9,4328
48.46,-9.698,67.428,100.7,-0.01,CLEAR|STRAIGHT,,999.00,0.00,0.0,-0.8,4328
48.51,-9.699,67.427,100.7,-0.00,CLEAR|STRAIGHT,,999.00,0.00,0.0,-0.8,4328
48.56,-9.699,67.427,100.7,-0.00,CLEAR|STRAIGHT,,999.00,0.00,0.0,-0.8,4328
48.61,-9.699,67.427,100.7,-0.00,CLEAR|STRAIGHT,,999.00,0.00,0.0,-0.9,4328
48.66,-9.699,67.427,100.7,-0.00,CLEAR|STRAIGHT,,999.00,0.00,0.0,-0.8,4328
48.71,-9.696,67.428,100.7,0.01,CLEAR|STRAIGHT,,999.00,0.00,0.0,-0.8,4311
48.76,-9.696,67.428,100.7,0.01,CLEAR|STRAIGHT,,999.00,0.00,0.0,-0.8,4328
48.81,-9.696,67.429,100.7,0.00,CLEAR|STRAIGHT,,999.00,0.00,0.0,-0.8,4328
48.86,-9.696,67.429,100.7,0.00,CLEAR|STRAIGHT,,999.00,0.00,0.0,-0.8,4344
48.91,-9.697,67.428,100.7,-0.01,CLEAR|STRAIGHT,,999.00,0.00,0.0,-0.8,4344
48.96,-9.697,67.428,100.7,-0.01,CLEAR|STRAIGHT,,999.00,0.00,0.0,-0.8,4328
49.01,-9.697,67.428,100.7,-0.01,CLEAR|STRAIGHT,,999.00,0.00,0.0,-0.9,4328
49.06,-9.697,67.428,100.7,-0.01,CLEAR|STRAIGHT,,999.00,0.00,0.0,-0.9,4328
49.11,-9.694,67.432,100.7,0.02,CLEAR|STRAIGHT,,999.00,0.00,0.0,-0.8,4328
49.16,-9.694,67.432,100.7,0.02,CLEAR|STRAIGHT,,999.00,0.00,0.0,-0.8,4328
49.21,-9.692,67.429,100.7,-0.04,CLEAR|STRAIGHT,,999.00,0.00,0.0,-0.9,4344
49.26,-9.692,67.429,100.7,-0.04,CLEAR|STRAIGHT,,999.00,0.00,0.0,-0.9,4328
49.31,-9.694,67.431,100.7,0.03,CLEAR|STRAIGHT,,999.00,0.00,0.0,-0.8,4328
49.36,-9.694,67.431,100.7,0.03,CLEAR|STRAIGHT,,999.00,0.00,0.0,-0.8,4328
49.41,-9.696,67.431,100.7,0.01,CLEAR|STRAIGHT,,999.00,0.00,0.0,-0.8,4344
49.46,-9.696,67.431,100.7,0.01,CLEAR|STRAIGHT,,999.00,0.00,0.0,-0.9,4344
49.51,-9.692,67.428,100.7,-0.04,CLEAR|STRAIGHT,,999.00,0.00,0.0,-0.9,4344
49.56,-9.692,67.428,100.7,-0.04,CLEAR|STRAIGHT,,999.00,0.00,0.0,-0.9,4344
49.61,-9.692,67.428,100.7,0.01,CLEAR|STRAIGHT,,999.00,0.00,0.0,-0.8,4328
49.66,-9.692,67.428,100.7,0.01,CLEAR|STRAIGHT,,999.00,0.50,0.0,-0.9,4328
49.71,-9.693,67.428,100.7,0.00,CLEAR|STRAIGHT,,999.00,0.50,0.0,-0.8,4311
49.76,-9.693,67.428,100.7,0.00,CLEAR|STRAIGHT,,999.00,0.50,0.0,-0.9,4328
49.81,-9.693,67.428,100.7,-0.00,CLEAR|STRAIGHT,,999.00,0.50,0.0,-0.9,4328
49.86,-9.693,67.428,100.7,-0.00,CLEAR|STRAIGHT,,999.00,0.50,-0.0,-0.8,4328
49.91,-9.694,67.428,100.7,0.00,CLEAR|STRAIGHT,,999.00,0.50,-0.0,-0.9,4328
49.96,-9.694,67.428,100.7,0.00,CLEAR|STRAIGHT,,999.00,0.50,0.0,-0.9,4328
50.01,-9.694,67.428,100.7,0.00,CLEAR|STRAIGHT,,999.00,0.50,0.0,-0.8,4328
50.06,-9.694,67.428,100.7,0.00,CLEAR|STRAIGHT,,999.00,0.50,-0.0,-0.9,4328
50.11,-9.694,67.428,100.7,0.00,CLEAR|STRAIGHT,,999.00,0.50,-0.0,-0.9,4328
50.16,-9.694,67.428,100.7,0.00,CLEAR|STRAIGHT,,999.00,0.50,-0.0,-0.8,4344
50.21,-9.700,67.420,100.7,-0.06,CLEAR|STRAIGHT,,999.00,0.50,-0.0,-0.8,4328
50.26,-9.700,67.420,100.7,-0.06,CLEAR|STRAIGHT,,999.00,0.50,-0.0,-0.8,4328
50.31,-9.710,67.414,100.7,-0.04,CLEAR|STRAIGHT,,999.00,0.50,-0.0,-0.8,4328
50.36,-9.710,67.414,100.6,-0.04,CLEAR|STRAIGHT,,999.00,0.50,0.0,-0.8,4344
50.41,-9.725,67.401,100.6,-0.09,CLEAR|STRAIGHT,,999.00,0.50,0.0,-0.8,4344
50.46,-9.725,67.401,100.5,-0.09,CLEAR|STRAIGHT,,999.00,0.50,0.2,-0.8,4328
50.51,-9.748,67.382,100.5,-0.14,CLEAR|STRAIGHT,,999.00,0.50,0.2,-0.9,4344
50.56,-9.748,67.382,100.4,-0.14,CLEAR|STRAIGHT,,999.00,0.50,0.2,-0.9,4344
50.61,-9.781,67.362,100.3,-0.14,CLEAR|STRAIGHT,,999.00,0.50,0.2,-0.8,4344
50.66,-9.781,67.362,100.4,-0.14,CLEAR|STRAIGHT,,999.00,0.50,0.5,-0.9,4328
50.71,-9.815,67.330,100.3,-0.25,CLEAR|STRAIGHT,,999.00,0.50,0.5,-0.9,4328
50.76,-9.815,67.330,100.2,-0.25,CLEAR|STRAIGHT,,999.00,0.50,0.6,-0.9,4328
50.81,-9.853,67.299,100.2,-0.23,CLEAR|STRAIGHT,,999.00,0.50,0.6,-0.9,4328
50.86,-9.853,67.299,100.2,-0.23,CLEAR|STRAIGHT,,999.00,0.50,0.7,-0.9,4328
50.91,-9.903,67.255,100.1,-0.29,CLEAR|STRAIGHT,,999.00,0.50,0.7,-0.9,4328
50.96,-9.903,67.255,100.0,-0.29,CLEAR|STRAIGHT,,999.00,0.50,0.9,-0.9,4328
51.01,-9.903,67.255,99.8,-0.29,AVOID|STRAIGHT,0.0,8.00,0.50,0.9,-0.8,4328
51.06,-9.903,67.255,99.7,-0.29,AVOID|STRAIGHT,0.0,8.00,0.50,1.2,-0.9,4328
51.11,-10.017,67.159,99.6,-0.40,AVOID|STRAIGHT,0.0,8.00,0.50,1.2,-0.9,4344
51.16,-10.017,67.159,99.7,-0.40,AVOID|STRAIGHT,0.0,8.00,0.50,1.5,-0.8,4328
51.21,-10.017,67.159,99.5,-0.40,AVOID|STRAIGHT,0.0,8.00,0.50,1.5,-0.9,4328
51.26,-10.017,67.159,99.4,-0.40,AVOID|STRAIGHT,0.0,8.00,0.50,1.7,-0.9,4328
51.31,-10.137,67.054,99.4,-0.44,CLEAR|STRAIGHT,,999.00,0.50,1.7,-0.9,4328
51.36,-10.137,67.054,99.4,-0.44,CLEAR|STRAIGHT,,999.00,0.50,1.8,-0.8,4328
51.41,-10.191,67.010,99.3,-0.32,CLEAR|STRAIGHT,,999.00,0.50,1.8,-0.9,4328
51.46,-10.191,67.010,99.2,-0.32,CLEAR|STRAIGHT,,999.00,0.50,2.0,-0.2,4278
51.51,-10.239,66.970,99.2,-0.31,CLEAR|STRAIGHT,,999.00,0.50,2.0,0.3,4230
51.56,-10.239,66.970,99.1,-0.31,CLEAR|STRAIGHT,,999.00,0.50,2.3,0.4,4198
51.61,-10.289,66.929,99.1,-0.37,AVOID|STRAIGHT,0.0,8.00,0.50,2.3,0.3,4183
51.66,-10.289,66.929,99.2,-0.37,AVOID|STRAIGHT,0.0,8.00,0.50,2.5,0.4,4167
51.71,-10.340,66.883,99.0,-0.37,CLEAR|STRAIGHT,,999.00,0.50,2.5,0.3,4183
51.76,-10.340,66.883,99.0,-0.37,CLEAR|STRAIGHT,,999.00,0.50,2.4,0.4,4183
51.81,-10.407,66.833,99.0,-0.39,CLEAR|STRAIGHT,,999.00,0.50,2.4,0.4,4167
51.86,-10.407,66.833,99.0,-0.39,CLEAR|STRAIGHT,,999.00,0.50,2.5,0.5,4152
51.91,-10.468,66.781,99.0,-0.41,AVOID|STRAIGHT,0.0,8.00,0.50,2.5,0.6,4137
51.96,-10.468,66.781,99.0,-0.41,AVOID|STRAIGHT,0.0,8.00,0.50,2.6,0.7,4121
52.01,-10.518,66.730,98.9,-0.47,AVOID|STRAIGHT,0.0,8.00,0.50,2.6,0.7,4121
52.06,-10.518,66.730,98.9,-0.47,AVOID|STRAIGHT,0.0,8.00,0.50,2.6,0.7,4121
52.11,-10.580,66.679,98.8,-0.37,AVOID|STRAIGHT,0.0,8.00,0.50,2.6,0.8,4106
52.16,-10.580,66.679,98.8,-0.37,AVOID|STRAIGHT,0.0,8.00,0.50,2.8,1.0,4092
52.21,-10.580,66.679,98.9,-0.37,AVOID|STRAIGHT,0.0,8.00,0.50,2.8,1.0,4077
52.26,-10.580,66.679,98.8,-0.37,AVOID|STRAIGHT,0.0,8.00,0.50,2.8,1.1,4062
52.31,-10.707,66.571,98.8,-0.46,AVOID|STRAIGHT,0.0,8.00,0.50,2.8,1.2,4033
52.36,-10.707,66.571,98.9,-0.46,AVOID|STRAIGHT,0.0,8.00,0.50,2.8,1.4,4018
52.41,-10.770,66.522,98.9,-0.36,AVOID|STRAIGHT,0.0,8.00,0.50,2.8,1.4,4018
52.46,-10.770,66.522,98.9,-0.36,AVOID|STRAIGHT,0.0,8.00,0.50,2.7,1.4,3962
52.51,-10.840,66.463,99.0,-0.47,AVOID|STRAIGHT,0.0,8.00,0.50,2.7,1.3,3990
52.56,-10.840,66.463,99.0,-0.47,AVOID|STRAIGHT,0.0,8.00,0.50,2.7,1.5,4004
52.61,-10.907,66.404,99.0,-0.47,AVOID|STRAIGHT,0.0,8.00,0.50,2.7,1.4,3990
52.66,-10.907,66.404,99.0,-0.47,AVOID|STRAIGHT,0.0,8.00,0.50,2.6,1.4,4004
52.71,-10.973,66.336,99.0,-0.57,AVOID|STRAIGHT,0.0,8.00,0.50,2.6,1.4,3990
52.76,-10.973,66.336,99.2,-0.57,AVOID|STRAIGHT,0.0,8.00,0.50,2.6,1.8,3962
52.81,-11.043,66.274,99.2,-0.56,AVOID|STRAIGHT,0.0,8.00,0.50,2.6,1.8,3948
52.86,-11.043,66.274,99.2,-0.56,AVOID|STRAIGHT,0.0,8.00,0.50,2.3,1.8,3934
52.91,-11.109,66.205,99.3,-0.47,AVOID|STRAIGHT,0.0,8.00,0.50,2.3,1.8,3948
52.96,-11.109,66.205,99.3,-0.47,AVOID|STRAIGHT,0.0,8.00,0.50,2.1,1.8,3934
53.01,-11.109,66.205,99.3,-0.47,AVOID|STRAIGHT,0.0,8.00,0.50,2.1,1.7,3934
53.06,-11.109,66.205,99.4,-0.47,AVOID|STRAIGHT,0.0,8.00,0.50,2.1,1.8,3934
53.11,-11.271,66.082,99.4,-0.53,CLEAR|STRAIGHT,,999.00,0.50,2.1,1.8,3934
53.16,-11.271,66.082,99.4,-0.53,CLEAR|STRAIGHT,,999.00,0.50,1.9,1.8,3934
53.21,-11.348,66.000,99.5,-0.67,AVOID|STRAIGHT,0.0,8.00,0.50,1.9,1.8,3920
53.26,-11.348,66.000,99.5,-0.67,AVOID|STRAIGHT,0.0,8.00,0.50,1.8,1.8,3934
53.31,-11.415,65.942,99.5,-0.44,CLEAR|STRAIGHT,,999.00,0.50,1.8,1.8,3934
53.36,-11.415,65.942,99.5,-0.44,CLEAR|STRAIGHT,,999.00,0.50,1.8,1.7,3934
53.41,-11.497,65.868,99.5,-0.63,CLEAR|STRAIGHT,,999.00,0.50,1.8,1.7,3934
53.46,-11.497,65.868,99.5,-0.63,CLEAR|STRAIGHT,,999.00,0.50,1.8,1.8,3920
53.51,-11.584,65.799,99.6,-0.50,CLEAR|STRAIGHT,,999.00,0.50,1.8,1.7,3934
53.56,-11.584,65.799,99.6,-0.50,CLEAR|STRAIGHT,,999.00,0.50,1.8,1.8,3934
53.61,-11.655,65.726,99.8,-0.60,CLEAR|STRAIGHT,,999.00,0.50,1.8,1.8,3920
53.66,-11.655,65.726,99.9,-0.60,CLEAR|STRAIGHT,,999.00,0.50,1.2,1.8,3934
53.71,-11.735,65.650,100.0,-0.68,CLEAR|STRAIGHT,,999.00,0.50,1.2,1.8,3934
53.76,-11.735,65.650,100.0,-0.68,CLEAR|STRAIGHT,,999.00,0.50,1.2,1.8,3893
53.81,-11.823,65.573,100.1,-0.55,CLEAR|STRAIGHT,,999.00,0.50,1.2,1.8,3934
53.86,-11.823,65.573,100.2,-0.55,CLEAR|STRAIGHT,,999.00,0.50,0.8,1.8,3920
53.91,-11.911,65.500,100.3,-0.46,CLEAR|STRAIGHT,,999.00,0.50,0.8,1.8,3920
53.96,-11.911,65.500,100.4,-0.46,CLEAR|STRAIGHT,,999.00,0.50,0.6,1.7,3934
54.01,-11.911,65.500,100.6,-0.46,CLEAR|STRAIGHT,,999.00,0.50,0.6,1.8,3934
54.06,-11.911,65.500,100.6,-0.46,CLEAR|STRAIGHT,,999.00,0.50,0.3,1.8,3934
54.11,-12.088,65.336,100.8,-0.71,CLEAR|STRAIGHT,,999.00,0.50,0.3,1.7,3948
54.16,-12.088,65.336,100.8,-0.71,CLEAR|STRAIGHT,,999.00,0.50,-0.0,1.8,3920
54.21,-12.164,65.265,101.0,-0.56,CLEAR|STRAIGHT,,999.00,0.50,-0.0,1.8,3920
54.26,-12.164,65.265,101.1,-0.56,CLEAR|STRAIGHT,,999.00,0.50,-0.3,1.7,3934
54.31,-12.243,65.184,101.2,-0.71,CLEAR|STRAIGHT,,999.00,0.50,-0.3,1.8,3934
54.36,-12.243,65.184,101.4,-0.71,CLEAR|STRAIGHT,,999.00,0.50,-0.8,1.8,3934
54.41,-12.332,65.097,101.5,-0.68,CLEAR|STRAIGHT,,999.00,0.50,-0.8,1.7,3920
54.46,-12.332,65.097,101.7,-0.68,CLEAR|STRAIGHT,,999.00,0.50,-1.2,1.7,3920
54.51,-12.421,65.007,101.8,-0.64,CLEAR|STRAIGHT,,999.00,0.50,-1.2,1.8,3934
54.56,-12.421,65.007,101.7,-0.64,CLEAR|STRAIGHT,,999.00,0.50,-1.5,1.7,3948
54.61,-12.519,64.915,101.8,-0.77,CLEAR|STRAIGHT,,999.00,0.50,-1.5,1.4,3976
54.66,-12.519,64.915,101.9,-0.77,CLEAR|STRAIGHT,,999.00,0.50,-1.6,1.1,4018
54.71,-12.620,64.823,101.9,-0.63,CLEAR|STRAIGHT,,999.00,0.50,-1.6,1.0,4033
54.76,-12.620,64.823,101.9,-0.63,CLEAR|STRAIGHT,,999.00,0.50,-1.7,1.1,4047
54.81,-12.720,64.731,101.9,-0.70,CLEAR|STRAIGHT,,999.00,0.50,-1.7,1.0,4033
54.86,-12.720,64.731,102.0,-0.70,CLEAR|STRAIGHT,,999.00,0.50,-1.7,1.0,4047
54.91,-12.814,64.645,102.1,-0.59,CLEAR|STRAIGHT,,999.00,0.50,-1.7,1.0,4062
54.96,-12.814,64.645,102.1,-0.59,CLEAR|STRAIGHT,,999.00,0.50,-1.9,0.5,4137
55.01,-12.814,64.645,102.3,-0.59,CLEAR|STRAIGHT,,999.00,0.50,-1.9,0.3,4137
55.06,-12.814,64.645,102.4,-0.59,CLEAR|STRAIGHT,,999.00,0.50,-2.3,0.2,4167
55.11,-12.978,64.471,102.7,-0.67,CLEAR|STRAIGHT,,999.00,0.50,-2.3,-0.0,4198
55.16,-12.978,64.471,102.5,-0.67,CLEAR|STRAIGHT,,999.00,0.50,-3.3,-0.1,4230
55.21,-12.978,64.471,102.4,-0.67,CLEAR|STRAIGHT,,999.00,0.50,-3.3,-0.1,4230
55.26,-12.978,64.471,102.2,-0.67,CLEAR|STRAIGHT,,999.00,0.50,-2.7,-0.1,4230
55.31,-13.157,64.299,102.0,-0.69,CLEAR|STRAIGHT,,999.00,0.50,-2.7,-0.2,4246
55.36,-13.157,64.299,101.9,-0.69,CLEAR|STRAIGHT,,999.00,0.50,-2.1,-0.6,4262
55.41,-13.268,64.206,101.8,-0.68,CLEAR|STRAIGHT,,999.00,0.50,-2.1,-0.6,4295
55.46,-13.268,64.206,101.6,-0.68,CLEAR|STRAIGHT,,999.00,0.50,-1.6,-0.7,4278
55.51,-13.369,64.116,101.4,-0.68,CLEAR|STRAIGHT,,999.00,0.50,-1.6,-0.6,4295
55.56,-13.369,64.116,101.2,-0.68,CLEAR|STRAIGHT,,999.00,0.50,-1.1,-0.9,4311
55.61,-13.463,64.020,101.0,-0.76,CLEAR|STRAIGHT,,999.00,0.50,-1.1,-0.8,4311
55.66,-13.463,64.020,100.9,-0.76,CLEAR|STRAIGHT,,999.00,0.50,-0.5,-0.9,4328
55.71,-13.552,63.918,100.7,-0.83,CLEAR|STRAIGHT,,999.00,0.50,-0.5,-0.8,4311
55.76,-13.552,63.918,100.6,-0.83,CLEAR|STRAIGHT,,999.00,0.50,-0.1,-0.8,4311
55.81,-13.651,63.820,100.4,-0.78,CLEAR|STRAIGHT,,999.00,0.50,-0.1,-0.8,4328
55.86,-13.651,63.820,100.3,-0.78,CLEAR|STRAIGHT,,999.00,0.50,0.3,-0.8,4311
55.91,-13.753,63.735,100.1,-0.50,CLEAR|STRAIGHT,,999.00,0.50,0.3,-0.8,4311
55.96,-13.753,63.735,100.0,-0.50,CLEAR|STRAIGHT,,999.00,0.50,0.7,-0.8,4311
56.01,-13.753,63.735,100.1,-0.50,CLEAR|STRAIGHT,,999.00,0.50,0.7,-0.8,4311
56.06,-13.753,63.735,99.9,-0.50,CLEAR|STRAIGHT,,999.00,0.50,0.9,-0.9,4328
56.11,-13.960,63.551,99.7,-0.86,CLEAR|STRAIGHT,,999.00,0.50,0.9,-0.8,4311
56.16,-13.960,63.551,99.7,-0.86,CLEAR|STRAIGHT,,999.00,0.50,1.4,-0.8,4311
56.21,-14.062,63.461,99.6,-0.65,CLEAR|STRAIGHT,,999.00,0.50,1.4,-0.8,4328
56.26,-14.062,63.461,99.5,-0.65,CLEAR|STRAIGHT,,999.00,0.50,1.5,-0.7,4344
56.31,-14.168,63.371,99.3,-0.79,CLEAR|STRAIGHT,,999.00,0.50,1.5,-0.7,4311
56.36,-14.168,63.371,99.3,-0.79,CLEAR|STRAIGHT,,999.00,0.50,1.9,-0.1,4262
56.41,-14.278,63.294,99.1,-0.65,CLEAR|STRAIGHT,,999.00,0.50,1.9,-0.2,4262
56.46,-14.278,63.294,99.0,-0.65,CLEAR|STRAIGHT,,999.00,0.50,2.3,-0.1,4246
56.51,-14.387,63.201,98.9,-0.68,CLEAR|STRAIGHT,,999.00,0.50,2.3,-0.1,4246
56.56,-14.387,63.201,98.8,-0.68,CLEAR|STRAIGHT,,999.00,0.50,2.6,-0.0,4246
56.61,-14.495,63.115,98.5,-0.69,CLEAR|STRAIGHT,,999.00,0.50,2.6,0.4,4183
56.66,-14.495,63.115,98.6,-0.69,CLEAR|STRAIGHT,,999.00,0.50,3.1,0.6,4137
56.71,-14.600,63.026,98.6,-0.72,CLEAR|STRAIGHT,,999.00,0.50,3.1,0.6,4152
56.76,-14.600,63.026,98.5,-0.72,CLEAR|STRAIGHT,,999.00,0.50,3.2,0.6,4137
56.81,-14.713,62.932,98.4,-0.85,CLEAR|STRAIGHT,,999.00,0.50,3.2,1.4,4047
56.86,-14.713,62.932,98.4,-0.85,CLEAR|STRAIGHT,,999.00,0.50,3.4,1.9,3990
56.91,-14.817,62.838,98.8,-0.55,CLEAR|STRAIGHT,,999.00,0.50,3.4,2.1,3934
56.96,-14.817,62.838,99.1,-0.55,CLEAR|STRAIGHT,,999.00,0.50,3.0,2.1,3907
57.01,-14.817,62.838,99.3,-0.55,CLEAR|STRAIGHT,,999.00,0.50,3.0,2.1,3893
57.06,-14.817,62.838,99.3,-0.55,CLEAR|STRAIGHT,,999.00,0.50,2.1,2.1,3893
57.11,-15.007,62.665,99.5,-0.82,CLEAR|STRAIGHT,,999.00,0.50,2.1,2.1,3893
57.16,-15.007,62.665,99.5,-0.82,CLEAR|STRAIGHT,,999.00,0.50,1.9,2.2,3880
57.21,-15.110,62.583,99.7,-0.68,CLEAR|STRAIGHT,,999.00,0.50,1.9,2.1,3880
57.26,-15.110,62.583,99.8,-0.68,CLEAR|STRAIGHT,,999.00,0.50,1.6,2.1,3880
57.31,-15.218,62.497,100.0,-0.71,CLEAR|STRAIGHT,,999.00,0.50,1.6,2.1,3880
57.36,-15.218,62.497,100.1,-0.71,CLEAR|STRAIGHT,,999.00,0.50,1.1,2.1,3867
57.41,-15.305,62.417,99.9,-0.62,CLEAR|STRAIGHT,,999.00,0.50,1.1,2.1,3867
57.46,-15.305,62.417,99.9,-0.62,CLEAR|STRAIGHT,,999.00,0.50,1.1,2.2,3867
57.51,-15.390,62.342,100.0,-0.53,CLEAR|STRAIGHT,,999.00,0.50,1.1,2.2,3893
57.56,-15.390,62.342,100.2,-0.53,CLEAR|STRAIGHT,,999.00,0.50,1.0,2.1,3880
57.61,-15.501,62.231,100.5,-0.90,CLEAR|STRAIGHT,,999.00,0.50,1.0,2.1,3867
57.66,-15.501,62.231,100.7,-0.90,CLEAR|STRAIGHT,,999.00,0.50,0.4,2.2,3867
57.71,-15.593,62.139,100.7,-0.82,CLEAR|STRAIGHT,,999.00,0.50,0.4,2.1,3867
57.76,-15.593,62.139,100.9,-0.82,CLEAR|STRAIGHT,,999.00,0.50,0.0,2.1,3867
57.81,-15.699,62.054,101.1,-0.57,CLEAR|STRAIGHT,,999.00,0.50,0.0,2.1,3880
57.86,-15.699,62.054,101.3,-0.57,CLEAR|STRAIGHT,,999.00,0.50,-0.6,2.1,3880
57.91,-15.800,61.959,101.5,-0.60,CLEAR|STRAIGHT,,999.00,0.50,-0.6,2.1,3880
57.96,-15.800,61.959,101.7,-0.60,CLEAR|STRAIGHT,,999.00,0.50,-1.2,1.4,3976
58.01,-15.800,61.959,101.6,-0.60,CLEAR|STRAIGHT,,999.00,0.50,-1.2,1.0,4018
58.06,-15.800,61.959,101.6,-0.60,CLEAR|STRAIGHT,,999.00,0.50,-1.4,1.0,4033
58.11,-16.004,61.761,101.6,-0.90,CLEAR|STRAIGHT,,999.00,0.50,-1.4,1.0,4033
58.16,-16.004,61.761,101.5,-0.90,CLEAR|STRAIGHT,,999.00,0.50,-1.3,0.8,4077
58.21,-16.113,61.666,101.5,-0.71,CLEAR|STRAIGHT,,999.00,0.50,-1.3,0.8,4092
58.26,-16.113,61.666,101.4,-0.71,CLEAR|STRAIGHT,,999.00,0.50,-1.1,0.6,4106
58.31,-16.217,61.565,101.2,-0.78,CLEAR|STRAIGHT,,999.00,0.50,-1.1,0.5,4004
58.36,-16.217,61.565,101.1,-0.78,CLEAR|STRAIGHT,,999.00,0.50,-0.9,0.6,4121
58.41,-16.310,61.461,101.0,-0.77,CLEAR|STRAIGHT,,999.00,0.50,-0.9,0.5,4121
58.46,-16.310,61.461,100.9,-0.77,CLEAR|STRAIGHT,,999.00,0.50,-0.4,0.3,4152
58.51,-16.429,61.371,101.2,-0.66,CLEAR|STRAIGHT,,999.00,0.50,-0.4,0.3,4137
58.56,-16.429,61.371,101.1,-0.66,CLEAR|STRAIGHT,,999.00,0.50,-0.5,0.4,4152
58.61,-16.531,61.274,101.0,-0.76,CLEAR|STRAIGHT,,999.00,0.50,-0.5,0.3,4167
58.66,-16.531,61.274,101.0,-0.76,CLEAR|STRAIGHT,,999.00,0.50,-0.5,0.3,4167
58.71,-16.640,61.174,101.2,-0.76,CLEAR|STRAIGHT,,999.00,0.50,-0.5,0.3,4152
58.76,-16.640,61.174,101.2,-0.76,CLEAR|STRAIGHT,,999.00,0.50,-0.5,0.3,4152
58.81,-16.752,61.076,101.2,-0.74,CLEAR|STRAIGHT,,999.00,0.50,-0.5,0.3,4167
58.86,-16.752,61.076,101.1,-0.74,CLEAR|STRAIGHT,,999.00,0.50,-0.7,0.3,4167
58.91,-16.865,60.972,101.1,-0.68,CLEAR|STRAIGHT,,999.00,0.50,-0.7,0.3,4152
58.96,-16.865,60.972,100.8,-0.68,CLEAR|STRAIGHT,,999.00,0.50,-0.5,0.3,4167
59.01,-16.865,60.972,100.8,-0.68,CLEAR|STRAIGHT,,999.00,0.50,-0.5,0.3,4167
59.06,-17.093,60.768,100.8,-0.99,CLEAR|STRAIGHT,,999.00,0.50,-0.2,0.3,4183
59.11,-17.093,60.768,100.7,-0.99,CLEAR|STRAIGHT,,999.00,0.50,-0.2,0.3,4152
59.16,-17.093,60.768,100.7,-0.99,CLEAR|STRAIGHT,,999.00,0.50,-0.1,0.3,4167
59.21,-17.208,60.667,-137.4,-0.69,CLEAR|STRAIGHT,,999.00,0.50,-0.1,0.3,4183
59.26,-17.208,60.667,-137.4,-0.69,CLEAR|STRAIGHT,,999.00,0.00,0.0,0.3,4167
59.31,-17.309,60.558,-137.4,1.46,CLEAR|STRAIGHT,,999.00,0.00,0.0,0.3,4167
59.36,-17.309,60.558,-137.4,1.46,CLEAR|STRAIGHT,,999.00,0.00,0.0,0.3,4167
59.41,-17.430,60.456,-137.5,1.66,CLEAR|STRAIGHT,,999.00,0.00,0.0,0.3,4167
59.46,-17.430,60.456,-137.5,1.66,CLEAR|STRAIGHT,,999.00,0.00,0.0,0.3,4167
59.51,-17.545,60.354,-137.6,1.39,CLEAR|STRAIGHT,,999.00,0.00,0.0,0.3,4167
59.56,-17.545,60.354,-137.6,1.39,CLEAR|STRAIGHT,,999.00,0.00,0.0,0.3,4167
59.61,-17.545,60.354,-137.6,1.39,CLEAR|STRAIGHT,,999.00,0.00,0.0,0.3,4167
59.66,-17.662,60.261,-137.7,0.99,CLEAR|STRAIGHT,,999.00,0.00,0.0,0.3,4183
59.71,-17.662,60.261,-137.7,0.99,CLEAR|STRAIGHT,,999.00,0.00,0.0,0.3,4183
59.76,-17.662,60.261,-137.7,0.99,CLEAR|STRAIGHT,,999.00,0.00,0.0,0.3,4167
59.81,-17.863,60.078,-137.9,1.95,CLEAR|STRAIGHT,,999.00,0.00,0.0,0.3,4183
59.86,-17.863,60.078,-137.9,1.95,CLEAR|STRAIGHT,,999.00,0.00,0.0,0.3,4183
59.91,-17.957,59.992,-137.9,0.98,CLEAR|STRAIGHT,,999.00,0.00,0.0,0.3,4167
59.96,-17.957,59.992,-137.9,0.98,CLEAR|STRAIGHT,,999.00,0.00,0.0,0.3,4167
60.01,-17.957,59.992,-137.9,0.98,CLEAR|STRAIGHT,,999.00,0.00,0.0,0.3,4167
60.06,-17.957,59.992,-137.9,0.98,CLEAR|STRAIGHT,,999.00,0.00,0.0,0.3,4167
60.11,-18.142,59.828,-138.0,1.37,CLEAR|STRAIGHT,,999.00,0.00,0.0,0.3,4167
60.16,-18.142,59.828,-138.0,1.37,CLEAR|STRAIGHT,,999.00,0.00,0.0,0.3,4167
60.21,-18.230,59.765,-138.1,1.08,CLEAR|STRAIGHT,,999.00,0.00,0.0,0.3,4167
60.26,-18.230,59.765,-138.1,1.08,CLEAR|STRAIGHT,,999.00,0.00,0.0,0.3,4167
60.31,-18.303,59.684,-138.2,1.08,CLEAR|STRAIGHT,,999.00,0.00,0.0,0.3,4167
60.36,-18.303,59.684,-138.2,1.08,CLEAR|STRAIGHT,,999.00,0.00,0.0,0.3,4152
60.41,-18.382,59.623,-138.2,0.99,CLEAR|STRAIGHT,,999.00,0.00,0.0,0.3,4167
60.46,-18.382,59.623,-138.3,0.99,CLEAR|STRAIGHT,,999.00,0.00,0.0,0.3,4167
60.51,-18.382,59.623,-138.3,0.99,CLEAR|STRAIGHT,,999.00,0.00,0.0,0.3,4167
60.56,-18.455,59.562,-138.3,0.60,CLEAR|STRAIGHT,,999.00,0.00,0.0,0.3,4167
60.61,-18.455,59.562,-138.3,0.60,CLEAR|STRAIGHT,,999.00,0.00,0.0,0.3,4167
60.66,-18.455,59.562,-138.3,0.60,CLEAR|STRAIGHT,,999.00,1.52,17.5,0.3,4167
60.71,-18.455,59.562,-138.4,0.60,CLEAR|STRAIGHT,,999.00,1.52,18.0,0.3,4167
60.76,-18.577,59.443,-138.3,0.90,CLEAR|STRAIGHT,,999.00,1.52,18.0,0.3,4167
60.81,-18.577,59.443,-138.4,0.90,CLEAR|STRAIGHT,,999.00,1.52,18.0,0.5,4167
60.86,-18.577,59.443,-138.4,0.90,CLEAR|STRAIGHT,,999.00,1.49,15.8,2.5,3907
60.91,-18.692,59.334,-138.2,1.05,CLEAR|STRAIGHT,,999.00,1.49,13.9,4.2,3701
60.96,-18.692,59.334,-138.0,1.05,CLEAR|STRAIGHT,,999.00,1.49,14.2,5.7,3473
61.01,-18.747,59.291,-137.6,0.78,CLEAR|STRAIGHT,,999.00,1.49,14.1,7.4,3233
61.06,-18.747,59.291,-137.3,0.78,CLEAR|STRAIGHT,,999.00,1.49,16.3,8.5,3117
61.11,-18.793,59.243,-136.7,0.61,CLEAR|STRAIGHT,,999.00,1.49,16.7,9.9,2915
61.16,-18.793,59.243,-136.4,0.61,CLEAR|STRAIGHT,,999.00,1.49,18.0,10.5,2813
61.21,-18.841,59.188,-135.6,0.80,CLEAR|STRAIGHT,,999.00,1.49,18.0,11.1,2731
61.26,-18.841,59.188,-135.3,0.80,CLEAR|STRAIGHT,,999.00,1.49,17.1,12.0,2647
61.31,-18.885,59.131,-134.3,0.65,CLEAR|STRAIGHT,,999.00,1.49,16.9,12.9,2557
61.36,-18.885,59.131,-133.8,0.65,CLEAR|STRAIGHT,,999.00,1.49,18.0,13.6,2478
61.41,-18.938,59.082,-132.8,0.72,CLEAR|STRAIGHT,,999.00,1.49,18.0,14.1,2425
61.46,-18.938,59.082,-132.0,0.72,CLEAR|STRAIGHT,,999.00,1.52,15.8,14.2,2389
61.51,-18.988,59.012,-130.7,0.86,CLEAR|STRAIGHT,,999.00,1.52,13.5,14.2,2384
61.56,-18.988,59.012,-130.0,0.86,CLEAR|STRAIGHT,,999.00,1.52,11.2,14.4,2359
61.61,-19.037,58.935,-128.5,0.91,CLEAR|STRAIGHT,,999.00,1.52,10.9,14.4,2354
61.66,-19.037,58.935,-127.9,0.91,CLEAR|STRAIGHT,,999.00,1.52,10.3,14.5,2344
61.71,-19.093,58.851,-126.3,1.12,CLEAR|STRAIGHT,,999.00,1.52,9.9,14.1,2354
61.76,-19.093,58.851,-125.5,1.12,CLEAR|STRAIGHT,,999.00,1.52,8.3,13.2,2409
61.81,-19.151,58.757,-124.0,1.10,CLEAR|STRAIGHT,,999.00,1.52,7.9,12.8,2446
61.86,-19.151,58.757,-123.2,1.10,CLEAR|STRAIGHT,,999.00,1.52,7.6,12.9,2446
61.91,-19.212,58.654,-121.6,0.92,CLEAR|STRAIGHT,,999.00,1.52,7.2,12.2,2495
61.96,-19.212,58.654,-120.8,0.92,CLEAR|STRAIGHT,,999.00,1.52,6.1,11.4,2569
62.01,-19.212,58.654,-119.6,0.92,CLEAR|STRAIGHT,,999.00,1.57,3.9,10.4,2641
62.06,-19.212,58.654,-119.0,0.92,CLEAR|STRAIGHT,,999.00,1.58,2.9,9.7,2718
62.11,-19.332,58.426,-117.8,1.52,CLEAR|STRAIGHT,,999.00,1.58,2.6,9.1,2792
62.16,-19.332,58.426,-117.2,1.52,CLEAR|STRAIGHT,,999.00,1.58,0.4,8.1,2878
62.21,-19.396,58.295,-116.3,1.45,CLEAR|STRAIGHT,,999.00,1.58,-0.2,6.7,3041
62.26,-19.396,58.295,-116.0,1.45,CLEAR|STRAIGHT,,999.00,1.58,-0.7,5.4,3215
62.31,-19.459,58.158,-115.5,1.00,CLEAR|STRAIGHT,,999.00,1.58,-0.9,4.1,3369
62.36,-19.459,58.158,-115.4,1.00,CLEAR|STRAIGHT,,999.00,1.58,-1.3,2.9,3538
62.41,-19.459,58.158,-115.1,1.00,CLEAR|STRAIGHT,,999.00,1.54,-2.1,1.9,3701
62.46,-19.459,58.158,-115.1,1.00,CLEAR|STRAIGHT,,999.00,1.54,-2.2,1.3,3814
62.51,-19.599,57.852,-114.9,2.11,CLEAR|STRAIGHT,,999.00,1.54,-2.3,1.2,3867
62.56,-19.599,57.852,-114.7,2.11,CLEAR|STRAIGHT,,999.00,1.54,-4.5,1.3,3907
62.61,-19.676,57.687,-114.7,1.30,CLEAR|STRAIGHT,,999.00,1.54,-4.5,1.3,3907
62.66,-19.676,57.687,-114.5,1.30,CLEAR|STRAIGHT,,999.00,1.54,-4.6,1.5,3934
62.71,-19.676,57.687,-114.6,1.30,CLEAR|STRAIGHT,,999.00,1.47,-5.1,0.3,4062
62.76,-19.676,57.687,-114.7,1.30,CLEAR|STRAIGHT,,999.00,1.47,-5.2,-0.7,4167
62.81,-19.834,57.362,-115.0,2.26,CLEAR|STRAIGHT,,999.00,1.47,-5.2,-1.1,4246
62.86,-19.834,57.362,-115.2,2.26,CLEAR|STRAIGHT,,999.00,1.47,-6.2,-1.6,4295
62.91,-19.914,57.194,-115.6,1.86,CLEAR|STRAIGHT,,999.00,1.47,-6.1,-1.9,4361
62.96,-19.914,57.194,-115.8,1.86,CLEAR|STRAIGHT,,999.00,1.47,-6.5,-2.1,4395
63.01,-20.006,57.011,-116.3,1.46,CLEAR|STRAIGHT,,999.00,1.47,-6.4,-2.0,4395
63.06,-20.006,57.011,-116.6,1.46,CLEAR|STRAIGHT,,999.00,1.47,-6.2,-2.2,4412
63.11,-20.006,57.011,-117.1,1.46,CLEAR|STRAIGHT,,999.00,1.47,-7.2,-2.5,4465
63.16,-20.006,57.011,-117.4,1.46,CLEAR|STRAIGHT,,999.00,1.47,-6.9,-2.9,4501
63.21,-20.196,56.656,-118.0,2.52,CLEAR|STRAIGHT,,999.00,1.47,-6.7,-2.9,4519
63.26,-20.196,56.656,-118.3,2.52,CLEAR|STRAIGHT,,999.00,1.49,-6.4,-2.9,4501
63.31,-20.290,56.474,-118.8,2.28,CLEAR|STRAIGHT,,999.00,1.49,-6.3,-2.9,4537
63.36,-20.290,56.474,-119.1,2.28,CLEAR|STRAIGHT,,999.00,1.49,-7.0,-3.4,4593
63.41,-20.403,56.290,-119.8,2.16,CLEAR|STRAIGHT,,999.00,1.49,-6.9,-3.5,4593
63.46,-20.403,56.290,-120.3,2.16,CLEAR|STRAIGHT,,999.00,1.53,-6.7,-3.6,4593
63.51,-20.520,56.112,-121.0,1.77,CLEAR|STRAIGHT,,999.00,1.53,-6.6,-3.6,4611
63.56,-20.520,56.112,-121.3,1.77,CLEAR|STRAIGHT,,999.00,1.53,-7.6,-3.9,4630
63.61,-20.635,55.925,-122.1,2.75,CLEAR|STRAIGHT,,999.00,1.53,-7.4,-3.8,4650
63.66,-20.635,55.925,-122.5,2.75,CLEAR|STRAIGHT,,999.00,1.53,-6.4,-3.9,4630
63.71,-20.755,55.748,-123.2,1.94,CLEAR|STRAIGHT,,999.00,1.53,-6.2,-4.5,4669
63.76,-20.755,55.748,-123.7,1.94,CLEAR|STRAIGHT,,999.00,1.58,-6.9,-4.7,4708
63.81,-20.887,55.561,-124.8,2.29,CLEAR|STRAIGHT,,999.00,1.58,-6.7,-4.7,4708
63.86,-20.887,55.561,-125.3,2.29,CLEAR|STRAIGHT,,999.00,1.58,-6.5,-4.7,4728
63.91,-21.031,55.377,-126.2,1.79,CLEAR|STRAIGHT,,999.00,1.58,-6.3,-4.8,4708
63.96,-21.031,55.377,-126.8,1.79,CLEAR|STRAIGHT,,999.00,1.58,-5.8,-5.2,4748
64.01,-21.031,55.377,-127.9,1.79,CLEAR|STRAIGHT,,999.00,1.49,-6.2,-5.3,4768
64.06,-21.031,55.377,-128.3,1.79,CLEAR|STRAIGHT,,999.00,1.49,-5.6,-5.1,4768
64.11,-21.314,55.013,-129.3,2.71,CLEAR|STRAIGHT,,999.00,1.49,-5.4,-5.2,4768
64.16,-21.314,55.013,-129.9,2.71,CLEAR|STRAIGHT,,999.00,1.44,-4.1,-5.1,4768
64.21,-21.480,54.833,-131.0,2.45,CLEAR|STRAIGHT,,999.00,1.44,-3.9,-5.1,4768
64.26,-21.480,54.833,-131.7,2.45,CLEAR|STRAIGHT,,999.00,1.44,-4.2,-5.2,4788
64.31,-21.649,54.658,-132.7,2.43,CLEAR|STRAIGHT,,999.00,1.44,-4.0,-5.2,4768
64.36,-21.649,54.658,-133.4,2.43,CLEAR|STRAIGHT,,999.00,1.45,-3.2,-5.2,4768
64.41,-21.810,54.489,-134.5,2.34,CLEAR|STRAIGHT,,999.00,1.45,-2.9,-5.1,4768
64.46,-21.810,54.489,-135.2,2.34,CLEAR|STRAIGHT,,999.00,1.45,-2.9,-5.2,4768
64.51,-21.987,54.324,-136.3,2.69,CLEAR|STRAIGHT,,999.00,1.45,-2.6,-5.1,4768
64.56,-21.987,54.324,-136.6,2.69,CLEAR|STRAIGHT,,999.00,1.47,-1.4,-5.2,4768
64.61,-22.166,54.153,-137.9,2.47,CLEAR|STRAIGHT,,999.00,1.47,-1.3,-5.2,4768
64.66,-22.166,54.153,-138.5,2.47,CLEAR|STRAIGHT,,999.00,1.47,-1.3,-5.2,4788
64.71,-22.350,53.993,-139.6,2.45,CLEAR|STRAIGHT,,999.00,1.47,-0.9,-5.1,4768
64.76,-22.350,53.993,-140.1,2.45,CLEAR|STRAIGHT,,999.00,1.50,-0.1,-3.8,4688
64.81,-22.540,53.845,-140.8,2.41,CLEAR|STRAIGHT,,999.00,1.50,0.1,-3.2,4630
64.86,-22.540,53.845,-141.1,2.41,CLEAR|STRAIGHT,,999.00,1.50,0.5,-2.6,4574
64.91,-22.745,53.691,-141.9,2.33,CLEAR|STRAIGHT,,999.00,1.50,0.7,-2.7,4593
64.96,-22.745,53.691,-142.3,2.33,CLEAR|STRAIGHT,,999.00,1.55,1.3,-2.7,4555
65.01,-22.942,53.537,-142.9,2.77,CLEAR|STRAIGHT,,999.00,1.55,1.5,-2.3,4519
65.06,-22.942,53.537,-143.2,2.77,CLEAR|STRAIGHT,,999.00,1.55,2.0,-1.7,4465
65.11,-23.142,53.392,-143.4,2.24,CLEAR|STRAIGHT,,999.00,1.55,2.1,-1.1,4395
65.16,-23.142,53.392,-143.7,2.24,CLEAR|STRAIGHT,,999.00,1.55,2.8,-0.5,4344
65.21,-23.347,53.241,-143.9,2.83,CLEAR|STRAIGHT,,999.00,1.55,2.8,-0.2,4311
65.26,-23.347,53.241,-144.1,2.83,CLEAR|STRAIGHT,,999.00,1.56,3.0,0.1,4262
65.31,-23.560,53.100,-144.3,2.54,CLEAR|STRAIGHT,,999.00,1.56,3.0,0.4,4214
65.36,-23.560,53.100,-144.4,2.54,CLEAR|STRAIGHT,,999.00,1.51,3.3,0.6,4183
65.41,-23.771,52.958,-144.5,2.55,CLEAR|STRAIGHT,,999.00,1.51,3.4,0.8,4137
65.46,-23.771,52.958,-144.5,2.55,CLEAR|STRAIGHT,,999.00,1.51,4.0,1.0,4106
65.51,-23.980,52.831,-144.4,2.22,CLEAR|STRAIGHT,,999.00,1.51,4.0,1.2,4077
65.56,-23.980,52.831,-144.4,2.22,CLEAR|STRAIGHT,,999.00,1.51,5.2,1.2,4062
65.61,-24.182,52.689,-144.4,2.74,CLEAR|STRAIGHT,,999.00,1.51,5.1,1.2,4033
65.66,-24.182,52.689,-144.4,2.74,CLEAR|STRAIGHT,,999.00,1.47,4.5,1.5,4018
65.71,-24.397,52.545,-144.1,2.59,CLEAR|STRAIGHT,,999.00,1.47,4.5,2.5,3893
65.76,-24.397,52.545,-143.9,2.59,CLEAR|STRAIGHT,,999.00,1.47,5.3,3.2,3788
65.81,-24.611,52.400,-143.3,2.58,CLEAR|STRAIGHT,,999.00,1.47,5.3,3.3,3751
65.86,-24.611,52.400,-143.1,2.58,CLEAR|STRAIGHT,,999.00,1.50,5.0,3.3,3738
65.91,-24.816,52.232,-142.6,2.20,CLEAR|STRAIGHT,,999.00,1.50,4.9,3.5,3689
65.96,-24.816,52.232,-142.3,2.20,CLEAR|STRAIGHT,,999.00,1.53,5.0,3.6,3665
66.01,-24.816,52.232,-141.6,2.20,CLEAR|STRAIGHT,,999.00,1.53,4.8,3.6,3653
66.06,-24.816,52.232,-141.3,2.20,CLEAR|STRAIGHT,,999.00,1.53,4.6,3.6,3665
66.11,-25.236,51.918,-140.5,2.76,CLEAR|STRAIGHT,,999.00,1.53,4.4,3.6,3653
66.16,-25.236,51.918,-140.1,2.76,CLEAR|STRAIGHT,,999.00,1.55,4.0,3.6,3653
66.21,-25.426,51.742,-139.5,2.59,CLEAR|STRAIGHT,,999.00,1.55,3.8,3.6,3653
66.26,-25.645,51.563,-139.2,3.54,CLEAR|STRAIGHT,,999.00,1.55,4.2,3.6,3653
66.31,-25.645,51.563,-138.5,3.54,CLEAR|STRAIGHT,,999.00,1.55,4.1,3.7,3641
66.36,-25.645,51.563,-138.2,3.54,CLEAR|STRAIGHT,,999.00,1.60,3.7,3.6,3641
66.41,-25.850,51.400,-137.6,2.38,CLEAR|STRAIGHT,,999.00,1.60,3.6,3.6,3641
66.46,-25.850,51.400,-137.1,2.38,CLEAR|STRAIGHT,,999.00,1.60,4.2,3.6,3630
66.51,-26.039,51.214,-136.4,2.41,CLEAR|STRAIGHT,,999.00,1.60,4.1,3.6,3630
66.56,-26.039,51.214,-136.1,2.41,CLEAR|STRAIGHT,,999.00,1.54,3.3,3.6,3641
66.61,-26.232,51.027,-135.4,2.99,CLEAR|STRAIGHT,,999.00,1.54,3.2,3.6,3630
66.66,-26.232,51.027,-135.1,2.99,CLEAR|STRAIGHT,,999.00,1.54,2.7,3.6,3630
66.71,-26.428,50.852,-134.4,2.62,CLEAR|STRAIGHT,,999.00,1.54,2.6,3.6,3641
66.76,-26.428,50.852,-134.0,2.62,CLEAR|STRAIGHT,,999.00,1.48,2.5,3.6,3630
66.81,-26.609,50.653,-133.2,2.69,CLEAR|STRAIGHT,,999.00,1.48,2.3,3.5,3641
66.86,-26.609,50.653,-132.9,2.69,CLEAR|STRAIGHT,,999.00,1.48,2.2,3.7,3630
66.91,-26.777,50.448,-132.2,2.40,CLEAR|STRAIGHT,,999.00,1.48,2.1,3.6,3630
66.96,-26.777,50.448,-131.9,2.40,CLEAR|STRAIGHT,,999.00,1.47,1.7,3.7,3630
67.01,-26.985,50.263,-131.2,3.07,CLEAR|STRAIGHT,,999.00,1.47,1.5,3.6,3630
67.06,-26.985,50.263,-130.8,3.07,CLEAR|STRAIGHT,,999.00,1.47,1.7,3.6,3630
67.11,-27.174,50.064,-130.1,2.50,CLEAR|STRAIGHT,,999.00,1.47,1.5,3.6,3630
67.16,-27.345,49.845,-129.7,3.47,CLEAR|STRAIGHT,,999.00,1.50,0.9,3.6,3630
67.21,-27.345,49.845,-129.2,3.47,CLEAR|STRAIGHT,,999.00,1.50,0.7,3.1,3665
67.26,-27.345,49.845,-129.0,3.47,CLEAR|STRAIGHT,,999.00,1.50,0.5,3.0,3701
67.31,-27.517,49.631,-128.5,2.29,CLEAR|STRAIGHT,,999.00,1.50,0.4,3.0,3713
67.36,-27.517,49.631,-128.2,2.29,CLEAR|STRAIGHT,,999.00,1.54,-0.1,2.7,3751
67.41,-27.709,49.423,-127.7,2.82,CLEAR|STRAIGHT,,999.00,1.54,-0.1,2.6,3776
67.46,-27.709,49.423,-127.5,2.82,CLEAR|STRAIGHT,,999.00,1.58,-0.6,2.6,3763
67.51,-27.859,49.200,-127.1,2.98,CLEAR|STRAIGHT,,999.00,1.58,-0.7,2.2,3801
67.56,-27.859,49.200,-127.0,2.98,CLEAR|STRAIGHT,,999.00,1.58,-1.1,2.2,3827
67.61,-28.022,48.983,-126.7,2.71,CLEAR|STRAIGHT,,999.00,1.58,-1.2,2.2,3840
67.66,-28.022,48.983,-126.5,2.71,CLEAR|STRAIGHT,,999.00,1.49,-1.5,2.2,3853
67.71,-28.211,48.759,-126.1,2.93,CLEAR|STRAIGHT,,999.00,1.45,-1.5,2.1,3853
67.76,-28.211,48.759,-126.0,2.93,CLEAR|STRAIGHT,,999.00,1.45,-1.8,2.2,3853
67.81,-28.369,48.529,-125.6,2.79,CLEAR|STRAIGHT,,999.00,1.45,-1.9,1.7,3907
67.86,-28.369,48.529,-125.5,2.79,CLEAR|STRAIGHT,,999.00,1.41,-2.3,1.1,3990
67.91,-28.535,48.300,-125.5,2.02,CLEAR|STRAIGHT,,999.00,1.41,-2.3,0.9,4018
67.96,-28.535,48.300,-125.5,2.02,CLEAR|STRAIGHT,,999.00,1.41,-2.4,0.9,4033
68.01,-28.535,48.300,-125.4,2.02,CLEAR|STRAIGHT,,999.00,1.41,-3.2,0.8,4047
68.06,-28.535,48.300,-125.5,2.02,CLEAR|STRAIGHT,,999.00,1.41,-3.2,0.9,4062
68.11,-28.869,47.842,-125.5,2.70,CLEAR|STRAIGHT,,999.00,1.41,-3.2,0.3,4121
68.16,-28.869,47.842,-125.6,2.70,CLEAR|STRAIGHT,,999.00,1.41,-3.2,-0.1,4183
68.21,-28.869,47.842,-125.7,2.70,CLEAR|STRAIGHT,,999.00,1.38,-3.4,-0.3,4214
68.26,-28.869,47.842,-125.9,2.70,CLEAR|STRAIGHT,,999.00,1.38,-3.3,-0.3,4230
68.31,-28.869,47.842,-126.1,2.70,CLEAR|STRAIGHT,,999.00,1.38,-3.3,-0.3,4246
68.36,-29.210,47.368,-126.2,2.43,CLEAR|STRAIGHT,,999.00,1.38,-3.2,-0.3,4246
68.41,-29.210,47.368,-126.4,2.43,CLEAR|STRAIGHT,,999.00,1.38,-3.1,-0.3,4246
68.46,-29.210,47.368,-126.6,2.43,CLEAR|STRAIGHT,,999.00,1.37,-3.5,-0.8,4278
68.51,-29.553,46.891,-126.9,4.89,CLEAR|STRAIGHT,,999.00,1.37,-3.4,-1.1,4295
68.56,-29.553,46.891,-127.1,4.89,CLEAR|STRAIGHT,,999.00,1.42,-4.0,-1.0,4328
68.61,-29.731,46.660,-127.5,3.24,CLEAR|STRAIGHT,,999.00,1.46,-3.9,-1.0,4311
68.66,-29.731,46.660,-127.7,3.24,CLEAR|STRAIGHT,,999.00,1.46,-4.4,-1.0,4328
68.71,-29.920,46.434,-128.1,1.97,CLEAR|STRAIGHT,,999.00,1.46,-4.3,-1.0,4328
68.76,-29.920,46.434,-128.4,1.97,CLEAR|STRAIGHT,,999.00,1.46,-4.1,-1.0,4328
68.81,-29.920,46.434,-128.8,1.97,CLEAR|STRAIGHT,,999.00,1.51,-4.4,-1.1,4328
68.86,-29.920,46.434,-129.1,1.97,CLEAR|STRAIGHT,,999.00,1.56,-4.3,-1.0,4344
68.91,-29.920,46.434,-129.2,1.97,CLEAR|STRAIGHT,,999.00,1.57,-4.1,-1.0,4328
68.96,-30.304,45.970,-129.2,2.87,CLEAR|STRAIGHT,,999.00,1.57,-4.0,-1.3,4344
69.01,-30.304,45.970,-129.7,2.87,CLEAR|STRAIGHT,,999.00,1.57,-4.0,-1.5,4378
69.06,-30.304,45.970,-130.0,2.87,CLEAR|STRAIGHT,,999.00,1.48,-3.3,-1.8,4395
69.11,-30.665,45.549,-130.9,3.70,CLEAR|STRAIGHT,,999.00,1.45,-3.2,-1.8,4412
69.16,-30.665,45.549,-131.5,3.70,CLEAR|STRAIGHT,,999.00,1.38,-3.0,-1.7,4430
69.21,-30.878,45.359,-131.9,3.15,CLEAR|STRAIGHT,,999.00,1.38,-2.9,-1.8,4430
69.26,-30.878,45.359,-132.0,3.15,CLEAR|STRAIGHT,,999.00,1.29,-2.2,-1.9,4430
69.31,-31.057,45.116,-132.6,3.00,CLEAR|STRAIGHT,,999.00,1.29,-2.1,-2.0,4447
69.36,-31.057,45.116,-132.8,3.00,CLEAR|STRAIGHT,,999.00,1.29,-2.3,-1.9,4447
69.41,-31.253,44.903,-133.6,2.89,CLEAR|STRAIGHT,,999.00,1.29,-2.2,-2.0,4447
69.46,-31.253,44.903,-134.0,2.89,CLEAR|STRAIGHT,,999.00,1.30,-1.7,-2.0,4447
69.51,-31.500,44.732,-134.6,2.93,CLEAR|STRAIGHT,,999.00,1.30,-1.6,-2.0,4465
69.56,-31.500,44.732,-134.6,2.93,CLEAR|STRAIGHT,,999.00,1.35,-0.6,-1.9,4465
69.61,-31.693,44.503,-135.4,2.73,CLEAR|STRAIGHT,,999.00,1.40,-0.5,-2.0,4465
69.66,-31.693,44.503,-135.6,2.73,CLEAR|STRAIGHT,,999.00,1.40,-0.6,-2.0,4465
69.71,-31.911,44.275,-136.3,3.50,CLEAR|STRAIGHT,,999.00,1.40,-0.5,-2.0,4447
69.76,-31.911,44.275,-136.8,3.50,CLEAR|STRAIGHT,,999.00,1.45,0.0,-1.9,4447
69.81,-32.159,44.085,-137.2,2.83,CLEAR|STRAIGHT,,999.00,1.50,0.2,-2.0,4465
69.86,-32.159,44.085,-137.3,2.83,CLEAR|STRAIGHT,,999.00,1.55,0.9,-2.0,4465
69.91,-32.364,43.862,-138.3,3.35,CLEAR|STRAIGHT,,999.00,1.56,1.0,-2.0,4465
69.96,-32.364,43.862,-138.8,3.35,CLEAR|STRAIGHT,,999.00,1.47,1.7,-1.3,4412
70.01,-32.582,43.650,-139.3,3.03,AVOID|RIGHT,-5.2,8.00,1.38,1.8,-0.6,4361
70.06,-32.582,43.650,-139.4,3.03,AVOID|RIGHT,-5.2,8.00,1.29,-5.2,-0.4,4295
70.11,-32.830,43.433,-139.3,3.24,BLOCKED|STOP,,1.98,1.20,2.7,0.1,4246
70.16,-32.830,43.433,-139.2,3.24,BLOCKED|STOP,,1.98,1.11,3.3,0.5,4198
70.21,-33.094,43.217,-139.4,3.54,BLOCKED|STOP,,1.97,1.02,3.2,0.3,4198
70.26,-33.094,43.217,-139.3,3.54,BLOCKED|STOP,,1.97,0.93,4.0,0.3,4214
70.31,-33.317,43.009,-139.4,2.97,BLOCKED|STOP,,2.63,0.84,4.1,1.1,4106
70.36,-33.317,43.009,-139.2,2.97,BLOCKED|STOP,,2.63,0.75,4.8,2.1,3990
70.41,-33.533,42.861,-138.8,2.38,CLEAR|STRAIGHT,,999.00,0.66,4.9,2.3,3907
70.46,-33.533,42.861,-138.3,2.38,CLEAR|STRAIGHT,,999.00,0.71,5.6,2.6,3867
70.51,-33.728,42.706,-137.9,2.49,CLEAR|STRAIGHT,,999.00,0.76,5.4,2.6,3853
70.56,-33.728,42.706,-137.7,2.49,CLEAR|STRAIGHT,,999.00,0.81,5.9,2.6,3840
70.61,-33.944,42.527,-137.3,3.12,CLEAR|STRAIGHT,,999.00,0.84,5.8,3.1,3776
70.66,-33.944,42.527,-137.1,3.12,CLEAR|STRAIGHT,,999.00,0.84,6.7,3.2,3738
70.71,-33.944,42.527,-136.7,3.12,CLEAR|STRAIGHT,,999.00,0.84,6.6,3.4,3713
70.76,-34.116,42.391,-136.6,1.21,CLEAR|STRAIGHT,,999.00,0.84,6.4,3.4,3701
70.81,-34.116,42.391,-136.0,1.21,CLEAR|STRAIGHT,,999.00,0.84,6.3,4.1,3618
70.86,-34.116,42.391,-135.7,1.21,CLEAR|STRAIGHT,,999.00,0.84,7.3,4.7,3549
70.91,-34.403,42.134,-134.9,2.57,CLEAR|STRAIGHT,,999.00,0.84,7.2,4.8,3494
70.96,-34.403,42.134,-134.6,2.57,CLEAR|STRAIGHT,,999.00,0.84,6.8,4.8,3494
71.01,-34.403,42.134,-133.8,2.57,CLEAR|STRAIGHT,,999.00,0.84,7.9,5.1,3441
71.06,-34.403,42.134,-133.4,2.57,CLEAR|STRAIGHT,,999.00,0.84,7.5,5.2,3430
71.11,-34.671,41.848,-132.5,1.78,CLEAR|STRAIGHT,,999.00,0.84,7.4,5.3,3420
71.16,-34.671,41.848,-132.1,1.78,CLEAR|STRAIGHT,,999.00,0.84,7.0,5.3,3399
71.21,-34.671,41.848,-131.2,1.78,CLEAR|STRAIGHT,,999.00,0.84,8.6,5.4,3389
71.26,-34.671,41.848,-130.7,1.78,CLEAR|STRAIGHT,,999.00,0.84,8.2,5.4,3379
71.31,-34.945,41.556,-129.9,2.00,CLEAR|STRAIGHT,,999.00,0.84,8.0,5.5,3379
71.36,-34.945,41.556,-129.5,2.00,CLEAR|STRAIGHT,,999.00,0.84,7.5,5.7,3339
71.41,-34.945,41.556,-128.5,2.00,CLEAR|STRAIGHT,,999.00,0.84,8.9,6.0,3309
71.46,-34.945,41.556,-128.0,2.00,CLEAR|STRAIGHT,,999.00,0.84,8.5,6.0,3309
71.51,-35.178,41.225,-127.0,2.53,CLEAR|STRAIGHT,,999.00,0.84,8.2,6.0,3300
71.56,-35.178,41.225,-126.6,2.53,CLEAR|STRAIGHT,,999.00,0.87,8.8,6.3,3261
71.61,-35.302,41.062,-125.5,2.27,CLEAR|STRAIGHT,,999.00,0.87,8.6,6.4,3242
71.66,-35.414,40.886,-124.9,2.31,CLEAR|STRAIGHT,,999.00,0.87,9.3,6.3,3242
71.71,-35.414,40.886,-123.8,2.31,CLEAR|STRAIGHT,,999.00,0.87,9.1,6.4,3233
71.76,-35.414,40.886,-123.2,2.31,CLEAR|STRAIGHT,,999.00,0.90,9.1,6.4,3224
71.81,-35.529,40.723,-122.1,1.82,CLEAR|STRAIGHT,,999.00,0.90,8.9,6.6,3215
71.86,-35.529,40.723,-121.5,1.82,CLEAR|STRAIGHT,,999.00,0.90,9.9,6.8,3187
71.91,-35.654,40.560,-120.2,1.86,CLEAR|STRAIGHT,,999.00,0.90,9.6,6.8,3169
71.96,-35.755,40.367,-119.6,2.71,CLEAR|STRAIGHT,,999.00,0.90,10.4,6.9,3169
72.01,-35.755,40.367,-118.6,2.71,CLEAR|STRAIGHT,,999.00,0.90,10.1,7.1,3143
72.06,-35.832,40.183,-118.0,1.99,CLEAR|STRAIGHT,,999.00,0.85,9.3,7.1,3125
72.11,-35.832,40.183,-116.6,1.99,CLEAR|STRAIGHT,,999.00,0.85,9.1,7.6,3083
72.16,-35.927,39.989,-115.8,2.16,CLEAR|STRAIGHT,,999.00,0.85,10.1,7.7,3066
72.21,-35.927,39.989,-114.4,2.16,CLEAR|STRAIGHT,,999.00,0.85,9.8,7.7,3049
72.26,-36.046,39.803,-113.7,2.19,CLEAR|STRAIGHT,,999.00,0.80,9.6,7.7,3041
72.31,-36.046,39.803,-112.3,2.19,CLEAR|STRAIGHT,,999.00,0.80,9.3,8.1,3000
72.36,-36.046,39.803,-111.6,2.19,CLEAR|STRAIGHT,,999.00,0.80,10.0,8.7,2992
72.41,-36.098,39.590,-110.2,1.97,CLEAR|STRAIGHT,,999.00,0.80,9.7,8.2,2984
72.46,-36.098,39.590,-109.4,1.97,CLEAR|STRAIGHT,,999.00,0.80,10.3,8.2,2984
72.51,-36.183,39.384,-107.9,2.22,CLEAR|STRAIGHT,,999.00,0.80,10.0,8.1,2976
72.56,-36.241,39.178,-107.1,2.38,CLEAR|STRAIGHT,,999.00,0.75,9.6,8.2,2984
72.61,-36.241,39.178,-105.8,2.38,CLEAR|STRAIGHT,,999.00,0.75,9.3,8.2,2976
72.66,-36.285,38.938,-105.1,2.43,CLEAR|STRAIGHT,,999.00,0.75,9.6,8.1,2976
72.71,-36.285,38.938,-103.4,2.43,CLEAR|STRAIGHT,,999.00,0.75,9.4,8.2,2969
72.76,-36.285,38.938,-102.6,2.43,CLEAR|STRAIGHT,,999.00,0.72,9.2,8.2,2969
72.81,-36.324,38.736,-101.1,1.87,CLEAR|STRAIGHT,,999.00,0.72,8.9,8.2,2969
72.86,-36.324,38.736,-100.2,1.87,CLEAR|STRAIGHT,,999.00,0.72,9.7,8.2,2976
72.91,-36.378,38.511,-98.6,2.10,CLEAR|STRAIGHT,,999.00,0.72,9.4,8.2,2969
72.96,-36.378,38.511,-97.7,2.10,CLEAR|STRAIGHT,,999.00,0.72,9.1,8.2,2969
73.01,-36.417,38.287,-96.0,2.52,CLEAR|STRAIGHT,,999.00,0.72,8.8,8.2,2969
73.06,-36.417,38.287,-95.2,2.52,CLEAR|STRAIGHT,,999.00,0.72,8.8,8.2,2969
73.11,-36.407,38.056,-93.7,2.09,CLEAR|STRAIGHT,,999.00,0.72,8.5,8.2,2969
73.16,-36.407,38.056,-92.9,2.09,CLEAR|STRAIGHT,,999.00,0.72,9.1,8.2,2961
73.21,-36.432,37.819,-91.3,2.64,CLEAR|STRAIGHT,,999.00,0.72,8.8,8.2,2969
73.26,-36.432,37.819,-90.5,2.64,CLEAR|STRAIGHT,,999.00,0.77,8.3,8.2,2961
73.31,-36.402,37.607,-88.9,2.12,CLEAR|STRAIGHT,,999.00,0.77,8.0,8.2,2961
73.36,-36.402,37.607,-88.3,2.12,CLEAR|STRAIGHT,,999.00,0.77,8.4,8.2,2961
73.41,-36.398,37.367,-86.6,2.39,CLEAR|STRAIGHT,,999.00,0.77,8.1,8.1,2969
73.46,-36.377,37.133,-85.8,2.61,CLEAR|STRAIGHT,,999.00,0.82,7.9,8.2,2961
73.51,-36.377,37.133,-84.1,2.61,CLEAR|STRAIGHT,,999.00,0.85,7.6,8.2,2969
73.56,-36.377,37.133,-83.2,2.61,CLEAR|STRAIGHT,,999.00,0.85,7.7,8.2,2969
73.61,-36.368,36.925,-81.6,1.89,CLEAR|STRAIGHT,,999.00,0.85,7.3,8.2,2961
73.66,-36.368,36.925,-80.8,1.89,CLEAR|STRAIGHT,,999.00,0.90,7.6,8.2,2961
73.71,-36.319,36.680,-79.0,2.50,CLEAR|STRAIGHT,,999.00,0.91,7.2,8.2,2969
73.76,-36.319,36.680,-78.1,2.50,CLEAR|STRAIGHT,,999.00,0.91,7.1,8.2,2969
73.81,-36.271,36.452,-76.5,1.55,CLEAR|STRAIGHT,,999.00,0.91,6.7,8.2,2969
73.86,-36.271,36.452,-75.9,1.55,CLEAR|STRAIGHT,,999.00,0.91,6.0,8.2,2961
73.91,-36.271,36.452,-74.1,1.55,CLEAR|STRAIGHT,,999.00,0.93,6.6,8.2,2969
73.96,-36.271,36.452,-73.3,1.55,CLEAR|STRAIGHT,,999.00,0.93,5.8,8.2,2961
74.01,-36.128,35.979,-71.7,3.09,CLEAR|STRAIGHT,,999.00,0.93,5.4,7.8,2976
74.06,-36.128,35.979,-70.9,3.09,CLEAR|STRAIGHT,,999.00,0.97,6.1,7.9,2992
74.11,-36.042,35.773,-69.2,2.22,CLEAR|STRAIGHT,,999.00,0.97,5.8,7.8,3008
74.16,-36.042,35.773,-68.3,2.22,CLEAR|STRAIGHT,,999.00,0.97,5.4,7.8,3000
74.21,-35.964,35.553,-66.8,2.60,CLEAR|STRAIGHT,,999.00,0.97,5.0,7.8,3000
74.26,-35.964,35.553,-66.0,2.60,CLEAR|STRAIGHT,,999.00,0.97,5.0,7.8,3000
74.31,-35.891,35.353,-64.5,2.12,CLEAR|STRAIGHT,,999.00,0.97,4.6,7.4,3041
74.36,-35.891,35.353,-63.9,2.12,CLEAR|STRAIGHT,,999.00,1.00,4.5,7.1,3074
74.41,-35.776,35.126,-62.8,2.55,CLEAR|STRAIGHT,,999.00,1.00,4.2,7.0,3100
74.46,-35.776,35.126,-62.2,2.55,CLEAR|STRAIGHT,,999.00,1.00,4.1,6.8,3108
74.51,-35.660,34.917,-61.1,2.39,CLEAR|STRAIGHT,,999.00,1.00,3.9,6.7,3143
74.56,-35.660,34.917,-60.6,2.39,CLEAR|STRAIGHT,,999.00,1.05,3.8,6.7,3143
74.61,-35.559,34.742,-59.7,2.02,CLEAR|STRAIGHT,,999.00,1.05,3.6,6.5,3152
74.66,-35.559,34.742,-59.2,2.02,CLEAR|STRAIGHT,,999.00,1.05,3.6,6.6,3160
74.71,-35.470,34.596,-58.4,1.72,CLEAR|STRAIGHT,,999.00,1.05,3.4,6.6,3169
74.76,-35.470,34.596,-57.9,1.72,CLEAR|STRAIGHT,,999.00,1.10,3.3,6.4,3196
74.81,-35.385,34.458,-57.3,1.47,CLEAR|STRAIGHT,,999.00,1.12,3.1,6.1,3224
74.86,-35.385,34.458,-56.9,1.47,CLEAR|STRAIGHT,,999.00,1.12,3.0,5.7,3252
74.91,-35.317,34.351,-56.2,1.27,CLEAR|STRAIGHT,,999.00,1.12,2.8,5.7,3252
74.96,-35.317,34.351,-55.9,1.27,CLEAR|STRAIGHT,,999.00,1.12,2.7,5.3,3309
75.01,-35.205,34.227,-55.3,1.65,CLEAR|STRAIGHT,,999.00,1.12,2.4,5.3,3329
75.06,-35.205,34.227,-54.9,1.65,CLEAR|STRAIGHT,,999.00,1.17,2.3,5.2,3349
75.11,-35.115,34.084,-54.4,1.87,CLEAR|STRAIGHT,,999.00,1.22,2.1,4.9,3399
75.16,-35.115,34.084,-54.0,1.87,CLEAR|STRAIGHT,,999.00,1.22,2.2,4.7,3420
75.21,-35.017,33.971,-53.5,1.49,CLEAR|STRAIGHT,,999.00,1.22,2.0,4.5,3451
75.26,-34.908,33.829,-53.2,2.00,CLEAR|STRAIGHT,,999.00,1.22,1.6,4.3,3473
75.31,-34.908,33.829,-52.6,2.00,CLEAR|STRAIGHT,,999.00,1.22,1.5,4.2,3505
75.36,-34.908,33.829,-52.3,2.00,CLEAR|STRAIGHT,,999.00,1.27,1.7,4.2,3505
75.41,-34.805,33.693,-51.7,1.55,CLEAR|STRAIGHT,,999.00,1.30,1.5,4.0,3527
75.46,-34.805,33.693,-51.5,1.55,CLEAR|STRAIGHT,,999.00,1.30,1.3,3.7,3561
75.51,-34.701,33.564,-51.0,1.65,CLEAR|STRAIGHT,,999.00,1.30,1.1,3.7,3572
75.56,-34.701,33.564,-50.8,1.65,CLEAR|STRAIGHT,,999.00,1.30,1.0,3.7,3572
75.61,-34.596,33.439,-50.3,1.63,CLEAR|STRAIGHT,,999.00,1.30,0.9,3.4,3618
75.66,-34.596,33.439,-50.0,1.63,CLEAR|STRAIGHT,,999.00,1.35,1.0,3.4,3618
75.71,-34.463,33.298,-49.6,1.94,CLEAR|STRAIGHT,,999.00,1.36,0.8,3.3,3653
75.76,-34.463,33.298,-49.4,1.94,CLEAR|STRAIGHT,,999.00,1.36,0.7,2.9,3689
75.81,-34.363,33.165,-49.0,1.66,CLEAR|STRAIGHT,,999.00,1.36,0.6,2.9,3689
75.86,-34.363,33.165,-48.8,1.66,CLEAR|STRAIGHT,,999.00,1.36,0.4,2.6,3738
75.91,-34.239,33.024,-48.5,1.71,CLEAR|STRAIGHT,,999.00,1.36,0.3,2.6,3738
75.96,-34.239,33.024,-48.3,1.71,CLEAR|STRAIGHT,,999.00,1.40,0.5,2.6,3751
76.01,-34.101,32.891,-48.1,2.12,CLEAR|STRAIGHT,,999.00,1.40,0.4,2.6,3763
76.06,-34.101,32.891,-48.0,2.12,CLEAR|STRAIGHT,,999.00,1.40,0.3,1.7,3867
76.11,-33.979,32.743,-47.9,1.74,CLEAR|STRAIGHT,,999.00,1.40,0.3,1.7,3867
76.16,-33.878,32.628,-47.8,1.91,CLEAR|STRAIGHT,,999.00,1.40,0.2,1.7,3893
76.21,-33.878,32.628,-47.7,1.91,CLEAR|STRAIGHT,,999.00,1.40,0.2,1.7,3907
76.26,-33.878,32.628,-47.6,1.91,CLEAR|STRAIGHT,,999.00,1.42,0.5,1.7,3907
76.31,-33.770,32.491,-47.3,1.59,CLEAR|STRAIGHT,,999.00,1.42,0.4,1.6,3907
76.36,-33.770,32.491,-47.3,1.59,CLEAR|STRAIGHT,,999.00,1.42,0.4,1.7,3920
76.41,-33.642,32.365,-47.2,1.79,CLEAR|STRAIGHT,,999.00,1.42,0.3,1.7,3907
76.46,-33.642,32.365,-47.1,1.79,CLEAR|STRAIGHT,,999.00,1.42,0.3,1.7,3920
76.51,-33.532,32.237,-47.0,1.69,CLEAR|STRAIGHT,,999.00,1.42,0.3,1.6,3907
76.56,-33.532,32.237,-46.9,1.69,CLEAR|STRAIGHT,,999.00,1.47,0.5,1.6,3907
76.61,-33.444,32.129,-46.8,1.39,CLEAR|STRAIGHT,,999.00,1.49,0.5,1.6,3920
76.66,-33.444,32.129,-46.7,1.39,CLEAR|STRAIGHT,,999.00,1.49,0.5,1.6,3934
76.71,-33.329,32.004,-46.6,1.70,CLEAR|STRAIGHT,,999.00,1.49,0.5,1.6,3934
76.76,-33.329,32.004,-46.5,1.70,CLEAR|STRAIGHT,,999.00,1.49,0.6,1.7,3907
76.81,-33.186,31.858,-46.3,2.05,CLEAR|STRAIGHT,,999.00,1.49,0.5,1.6,3920
76.86,-33.186,31.858,-46.2,2.05,CLEAR|STRAIGHT,,999.00,1.54,0.6,1.7,3920
76.91,-33.073,31.728,-46.1,1.72,CLEAR|STRAIGHT,,999.00,1.58,0.6,1.7,3920
76.96,-33.073,31.728,-46.1,1.72,CLEAR|STRAIGHT,,999.00,1.58,0.6,1.7,3920
77.01,-32.962,31.614,-46.0,1.44,CLEAR|STRAIGHT,,999.00,1.58,0.6,1.4,3962
77.06,-32.962,31.614,-46.0,1.44,CLEAR|STRAIGHT,,999.00,1.58,0.6,1.2,3976
77.11,-32.840,31.479,-45.8,2.02,CLEAR|STRAIGHT,,999.00,1.58,0.6,1.2,4004
77.16,-32.840,31.479,-45.8,2.02,CLEAR|STRAIGHT,,999.00,1.49,0.7,1.2,4004
77.21,-32.722,31.355,-45.6,1.72,CLEAR|STRAIGHT,,999.00,1.46,0.7,1.3,3990
77.26,-32.722,31.355,-45.6,1.72,CLEAR|STRAIGHT,,999.00,1.46,0.7,1.3,4004
77.31,-32.599,31.204,-45.5,1.94,CLEAR|STRAIGHT,,999.00,1.46,0.7,1.3,4004
77.36,-32.599,31.204,-45.4,1.94,CLEAR|STRAIGHT,,999.00,1.39,0.8,1.2,4004
77.41,-32.485,31.080,-45.3,1.69,CLEAR|STRAIGHT,,999.00,1.39,0.8,1.3,4004
77.46,-32.485,31.080,-45.4,1.69,CLEAR|STRAIGHT,,999.00,1.39,0.9,1.2,4018
77.51,-32.323,30.939,-45.3,2.12,CLEAR|STRAIGHT,,999.00,1.39,0.9,1.2,4004
77.56,-32.323,30.939,-45.3,2.12,CLEAR|STRAIGHT,,999.00,1.39,0.8,1.3,3990
77.61,-32.201,30.801,-45.2,1.85,CLEAR|STRAIGHT,,999.00,1.39,0.8,1.3,4004
77.66,-32.069,30.654,-45.2,2.20,CLEAR|STRAIGHT,,999.00,1.39,0.9,1.3,4004
77.71,-32.069,30.654,-45.0,2.20,CLEAR|STRAIGHT,,999.00,1.39,0.9,1.2,4004
77.76,-32.069,30.654,-45.0,2.20,CLEAR|STRAIGHT,,999.00,1.39,0.9,1.2,4004
77.81,-31.933,30.530,-44.9,1.67,CLEAR|STRAIGHT,,999.00,1.39,0.9,1.1,4004
77.86,-31.933,30.530,-44.9,1.67,CLEAR|STRAIGHT,,999.00,1.39,1.0,1.3,4004
77.91,-31.802,30.412,-44.9,1.60,CLEAR|STRAIGHT,,999.00,1.39,1.0,1.2,4004
77.96,-31.688,30.275,-44.8,2.22,CLEAR|STRAIGHT,,999.00,1.44,0.9,1.2,4004
78.01,-31.688,30.275,-44.8,2.22,CLEAR|STRAIGHT,,999.00,1.49,0.9,1.2,4004
78.06,-31.688,30.275,-44.7,2.22,CLEAR|STRAIGHT,,999.00,1.51,0.9,1.3,4004
78.11,-31.567,30.165,-44.7,1.48,CLEAR|STRAIGHT,,999.00,1.51,0.9,1.2,4004
78.16,-31.567,30.165,-44.6,1.48,CLEAR|STRAIGHT,,999.00,1.51,1.2,1.3,4004
78.21,-31.446,30.043,-44.5,1.73,CLEAR|STRAIGHT,,999.00,1.51,1.1,1.3,4004
78.26,-31.446,30.043,-44.4,1.73,CLEAR|STRAIGHT,,999.00,1.48,0.9,1.3,4018
78.31,-31.319,29.918,-44.3,1.77,CLEAR|STRAIGHT,,999.00,1.48,0.9,1.3,4018
78.36,-31.319,29.918,-44.3,1.77,CLEAR|STRAIGHT,,999.00,1.48,0.9,1.2,4004
78.41,-31.188,29.787,-44.3,1.86,CLEAR|STRAIGHT,,999.00,1.48,0.9,1.2,4018
78.46,-31.188,29.787,-44.3,1.86,CLEAR|STRAIGHT,,999.00,1.39,0.8,1.3,4018
78.51,-31.130,29.742,-44.2,0.73,CLEAR|STRAIGHT,,999.00,1.35,0.8,1.2,4018
78.56,-31.130,29.742,-44.2,0.73,CLEAR|STRAIGHT,,999.00,1.35,1.1,1.2,4018
78.61,-31.021,29.644,-44.0,1.33,CLEAR|STRAIGHT,,999.00,1.35,1.1,1.2,4018
78.66,-31.021,29.644,-43.8,1.33,CLEAR|STRAIGHT,,999.00,1.35,0.8,1.3,4018
78.71,-30.905,29.524,-43.7,1.67,CLEAR|STRAIGHT,,999.00,1.35,0.7,1.2,4018
78.76,-30.905,29.524,-43.6,1.67,CLEAR|STRAIGHT,,999.00,1.35,0.6,1.3,4018
78.81,-30.794,29.415,-43.4,1.55,CLEAR|STRAIGHT,,999.00,1.35,0.6,1.3,4004
78.86,-30.794,29.415,-43.4,1.55,CLEAR|STRAIGHT,,999.00,1.35,0.4,1.2,4004
78.91,-30.665,29.327,-43.5,1.54,CLEAR|STRAIGHT,,999.00,1.35,0.4,1.2,4004
78.96,-30.665,29.327,-43.5,1.54,CLEAR|STRAIGHT,,999.00,1.35,0.2,1.3,4004
79.01,-30.568,29.196,-43.4,1.61,CLEAR|STRAIGHT,,999.00,1.35,0.2,1.3,4004
79.06,-30.568,29.196,-43.4,1.61,CLEAR|STRAIGHT,,999.00,1.35,0.6,1.3,4004
79.11,-30.451,29.102,-43.6,1.66,CLEAR|STRAIGHT,,999.00,1.35,0.5,1.3,4004
79.16,-30.451,29.102,-43.6,1.66,CLEAR|STRAIGHT,,999.00,1.38,0.4,1.2,4004
79.21,-30.330,28.988,-43.5,1.61,CLEAR|STRAIGHT,,999.00,1.38,0.4,1.3,4018
79.26,-30.330,28.988,-43.5,1.61,CLEAR|STRAIGHT,,999.00,1.38,0.4,1.2,4018
79.31,-30.214,28.867,-43.3,1.68,CLEAR|STRAIGHT,,999.00,1.38,0.4,1.3,4018
79.36,-30.214,28.867,-43.3,1.68,CLEAR|STRAIGHT,,999.00,1.38,0.5,1.3,4004
79.41,-30.086,28.757,-43.1,1.72,CLEAR|STRAIGHT,,999.00,1.38,0.4,1.2,4018
79.46,-30.086,28.757,-43.1,1.72,CLEAR|STRAIGHT,,999.00,1.43,0.2,1.3,4018
79.51,-29.955,28.628,-43.0,1.69,CLEAR|STRAIGHT,,999.00,1.45,0.1,1.3,4004
79.56,-29.955,28.628,-43.0,1.69,CLEAR|STRAIGHT,,999.00,1.45,0.2,1.2,4018
79.61,-29.825,28.495,-43.0,2.07,CLEAR|STRAIGHT,,999.00,1.45,0.1,1.3,4018
79.66,-29.825,28.495,-43.0,2.07,CLEAR|STRAIGHT,,999.00,1.45,0.2,1.3,4018
79.71,-29.690,28.360,-43.1,1.73,CLEAR|STRAIGHT,,999.00,1.45,0.2,1.2,4018
79.76,-29.565,28.228,-43.0,2.27,CLEAR|STRAIGHT,,999.00,1.50,0.2,1.2,4004
79.81,-29.565,28.228,-43.1,2.27,CLEAR|STRAIGHT,,999.00,1.55,0.2,1.3,4018
79.86,-29.565,28.228,-43.1,2.27,CLEAR|STRAIGHT,,999.00,1.55,0.3,1.2,4018
79.91,-29.399,28.094,-43.1,1.52,CLEAR|STRAIGHT,,999.00,1.55,0.3,1.2,4018
79.96,-29.399,28.094,-43.0,1.52,CLEAR|STRAIGHT,,999.00,1.55,0.3,1.2,4018
80.01,-29.399,28.094,-42.8,1.52,CLEAR|STRAIGHT,,999.00,1.53,0.2,1.2,4018
80.06,-29.399,28.094,-42.8,1.52,CLEAR|STRAIGHT,,999.00,1.53,0.1,1.2,4033
80.11,-29.112,27.827,-42.7,2.31,CLEAR|STRAIGHT,,999.00,1.53,0.1,1.2,4018
80.16,-29.112,27.827,-42.6,2.31,CLEAR|STRAIGHT,,999.00,1.53,0.0,1.2,4018
80.21,-28.976,27.689,-42.4,1.93,CLEAR|STRAIGHT,,999.00,1.53,-0.0,1.2,4004
80.26,-28.976,27.689,-42.2,1.93,CLEAR|STRAIGHT,,999.00,1.44,-0.0,1.2,4004
80.31,-28.834,27.553,-42.2,1.96,CLEAR|STRAIGHT,,999.00,1.44,-0.1,1.3,4004
80.36,-28.834,27.553,-42.2,1.96,CLEAR|STRAIGHT,,999.00,1.44,-0.2,1.3,4004
80.41,-28.669,27.408,-42.1,2.00,CLEAR|STRAIGHT,,999.00,1.44,-0.1,1.3,4018
80.46,-28.669,27.408,-42.0,2.00,CLEAR|STRAIGHT,,999.00,1.37,-0.2,1.3,4004
80.51,-28.529,27.271,-42.1,1.96,AVOID|RIGHT,-4.2,8.00,1.37,-0.2,1.2,4033
80.56,-28.529,27.271,-42.0,1.96,AVOID|RIGHT,-4.2,8.00,1.37,-4.2,1.1,4018
80.61,-28.376,27.140,-41.9,2.01,AVOID|RIGHT,-10.6,8.00,1.37,-4.2,1.2,4004
80.66,-28.376,27.140,-42.0,2.01,AVOID|RIGHT,-10.6,8.00,1.37,-10.6,1.1,4004
80.71,-28.215,26.982,-41.9,2.50,AVOID|RIGHT,-16.4,8.00,1.37,-10.6,0.3,4121
80.76,-28.215,26.982,-42.1,2.50,AVOID|RIGHT,-16.4,8.00,1.35,-16.4,-0.8,4214
80.81,-28.062,26.862,-42.4,1.95,CLEAR|STRAIGHT,,999.00,1.35,-16.4,-2.2,4395
80.86,-28.062,26.862,-42.7,1.95,CLEAR|STRAIGHT,,999.00,1.35,-0.3,-4.1,4555
80.91,-27.935,26.740,-43.6,1.47,CLEAR|STRAIGHT,,999.00,1.35,-0.2,-6.0,4748
80.96,-27.935,26.740,-44.2,1.47,CLEAR|STRAIGHT,,999.00,1.35,0.3,-7.3,4850
81.01,-27.935,26.740,-45.0,1.47,CLEAR|STRAIGHT,,999.00,1.35,0.6,-6.8,4850
81.06,-27.935,26.740,-45.2,1.47,CLEAR|STRAIGHT,,999.00,1.35,1.2,-4.5,4728
81.11,-27.708,26.500,-45.4,1.74,CLEAR|STRAIGHT,,999.00,1.35,1.4,-2.3,4574
81.16,-27.708,26.500,-45.4,1.74,CLEAR|STRAIGHT,,999.00,1.40,1.6,-1.0,4447
81.21,-27.620,26.384,-45.7,1.44,CLEAR|STRAIGHT,,999.00,1.44,1.6,-0.7,4361
81.26,-27.620,26.384,-45.8,1.44,CLEAR|STRAIGHT,,999.00,1.44,2.5,-0.4,4328
81.31,-27.526,26.281,-45.9,1.40,CLEAR|STRAIGHT,,999.00,1.44,2.6,-0.1,4278
81.36,-27.526,26.281,-45.9,1.40,CLEAR|STRAIGHT,,999.00,1.49,2.3,0.1,4262
81.41,-27.406,26.182,-46.0,1.54,CLEAR|STRAIGHT,,999.00,1.54,2.3,0.2,4230
81.46,-27.406,26.182,-46.0,1.54,CLEAR|STRAIGHT,,999.00,1.57,2.4,0.4,4198
81.51,-27.304,26.066,-46.1,1.55,CLEAR|STRAIGHT,,999.00,1.57,2.3,0.4,4167
81.56,-27.304,26.066,-46.1,1.55,CLEAR|STRAIGHT,,999.00,1.57,2.7,0.5,4167
81.61,-27.192,25.948,-46.1,1.80,CLEAR|STRAIGHT,,999.00,1.57,2.7,0.5,4167
81.66,-27.192,25.948,-46.1,1.80,CLEAR|STRAIGHT,,999.00,1.54,2.1,0.5,4152
81.71,-27.083,25.828,-46.1,1.47,CLEAR|STRAIGHT,,999.00,1.54,2.1,0.7,4121
81.76,-27.083,25.828,-46.2,1.47,CLEAR|STRAIGHT,,999.00,1.54,2.8,0.7,4121
81.81,-26.970,25.701,-46.3,1.54,CLEAR|STRAIGHT,,999.00,1.54,2.8,0.7,4121
81.86,-26.970,25.701,-46.3,1.54,CLEAR|STRAIGHT,,999.00,1.54,3.2,0.7,4121
81.91,-26.842,25.572,-46.3,1.53,CLEAR|STRAIGHT,,999.00,1.54,3.2,0.6,4106
81.96,-26.842,25.572,-46.3,1.53,CLEAR|STRAIGHT,,999.00,1.54,3.2,0.7,4121
82.01,-26.842,25.572,-46.3,1.53,CLEAR|STRAIGHT,,999.00,1.49,2.8,0.7,4121
82.06,-26.842,25.572,-46.2,1.53,CLEAR|STRAIGHT,,999.00,1.49,2.8,0.8,4106
82.11,-26.595,25.304,-46.2,2.02,CLEAR|STRAIGHT,,999.00,1.49,2.8,1.0,4077
82.16,-26.595,25.304,-46.1,2.02,CLEAR|STRAIGHT,,999.00,1.49,2.9,1.2,4047
82.21,-26.595,25.304,-46.1,2.02,CLEAR|STRAIGHT,,999.00,1.49,2.9,1.2,4033
82.26,-26.595,25.304,-46.0,2.02,CLEAR|STRAIGHT,,999.00,1.49,2.8,1.1,4047
82.31,-26.319,25.038,-46.0,2.01,CLEAR|STRAIGHT,,999.00,1.49,2.8,1.2,4033
82.36,-26.319,25.038,-45.9,2.01,CLEAR|STRAIGHT,,999.00,1.50,2.6,1.1,4047
82.41,-26.189,24.896,-45.8,1.93,CLEAR|STRAIGHT,,999.00,1.50,2.6,1.2,4033
82.46,-26.189,24.896,-45.7,1.93,CLEAR|STRAIGHT,,999.00,1.52,2.3,1.2,4033
82.51,-26.055,24.766,-45.6,2.07,CLEAR|STRAIGHT,,999.00,1.52,2.2,1.1,4018
82.56,-26.055,24.766,-45.5,2.07,CLEAR|STRAIGHT,,999.00,1.52,2.2,1.7,3976
82.61,-25.921,24.634,-45.3,1.71,CLEAR|STRAIGHT,,999.00,1.52,2.2,1.8,3962
82.66,-25.921,24.634,-45.2,1.71,CLEAR|STRAIGHT,,999.00,1.52,2.8,1.8,3962
82.71,-25.789,24.494,-45.1,1.92,CLEAR|STRAIGHT,,999.00,1.52,2.8,1.7,3934
82.76,-25.789,24.494,-45.0,1.92,CLEAR|STRAIGHT,,999.00,1.53,2.0,1.8,3920
82.81,-25.658,24.369,-44.8,1.81,CLEAR|STRAIGHT,,999.00,1.53,2.0,1.8,3934
82.86,-25.658,24.369,-44.7,1.81,CLEAR|STRAIGHT,,999.00,1.53,2.2,1.8,3934
82.91,-25.529,24.248,-44.4,1.47,CLEAR|STRAIGHT,,999.00,1.53,2.2,1.8,3920
82.96,-25.529,24.248,-44.3,1.47,CLEAR|STRAIGHT,,999.00,1.53,2.1,1.8,3920
83.01,-25.529,24.248,-44.0,1.47,CLEAR|STRAIGHT,,999.00,1.53,2.7,1.8,3920
83.06,-25.529,24.248,-43.9,1.47,CLEAR|STRAIGHT,,999.00,1.53,2.5,1.8,3920
83.11,-25.269,23.989,-43.6,2.08,CLEAR|STRAIGHT,,999.00,1.53,2.4,1.8,3934
83.16,-25.269,23.989,-43.5,2.08,CLEAR|STRAIGHT,,999.00,1.54,1.4,1.8,3920
83.21,-25.145,23.855,-43.3,1.88,CLEAR|STRAIGHT,,999.00,1.54,1.4,1.8,3920
83.26,-25.145,23.855,-43.2,1.88,CLEAR|STRAIGHT,,999.00,1.59,1.2,1.8,3920
83.31,-25.010,23.735,-43.0,1.86,CLEAR|STRAIGHT,,999.00,1.60,1.1,1.8,3920
83.36,-25.010,23.735,-42.9,1.86,CLEAR|STRAIGHT,,999.00,1.60,1.1,1.8,3907
83.41,-24.888,23.618,-42.6,1.70,CLEAR|STRAIGHT,,999.00,1.60,1.1,1.8,3934
83.46,-24.888,23.618,-42.4,1.70,CLEAR|STRAIGHT,,999.00,1.60,1.2,1.9,3920
83.51,-24.744,23.499,-42.1,1.70,CLEAR|STRAIGHT,,999.00,1.60,1.2,1.8,3907
83.56,-24.744,23.499,-42.0,1.70,CLEAR|STRAIGHT,,999.00,1.51,0.6,1.8,3920
83.61,-24.613,23.371,-41.8,1.83,CLEAR|STRAIGHT,,999.00,1.47,0.5,1.8,3920
83.66,-24.613,23.371,-41.7,1.83,CLEAR|STRAIGHT,,999.00,1.47,0.4,1.8,3920
83.71,-24.479,23.249,-41.5,2.01,CLEAR|STRAIGHT,,999.00,1.47,0.3,1.8,3920
83.76,-24.479,23.249,-41.4,2.01,CLEAR|STRAIGHT,,999.00,1.47,0.2,1.8,3907
83.81,-24.344,23.137,-41.2,1.59,CLEAR|STRAIGHT,,999.00,1.47,0.1,1.8,3907
83.86,-24.344,23.137,-41.1,1.59,CLEAR|STRAIGHT,,999.00,1.38,-0.1,2.4,3934
83.91,-24.198,23.003,-40.9,1.53,CLEAR|STRAIGHT,,999.00,1.37,-0.1,1.6,3948
83.96,-24.198,23.003,-40.9,1.53,CLEAR|STRAIGHT,,999.00,1.37,-0.2,1.5,3976
84.01,-24.198,23.003,-40.6,1.53,CLEAR|STRAIGHT,,999.00,1.37,-0.2,1.6,3976
84.06,-24.198,23.003,-40.6,1.53,CLEAR|STRAIGHT,,999.00,1.37,-0.3,1.4,3976
84.11,-23.934,22.773,-40.5,2.06,CLEAR|STRAIGHT,,999.00,1.37,-0.4,1.4,3976
84.16,-23.934,22.773,-40.4,2.06,CLEAR|STRAIGHT,,999.00,1.33,-0.8,1.3,4004
84.21,-23.807,22.664,-40.4,1.40,CLEAR|STRAIGHT,,999.00,1.33,-0.9,1.3,4004
84.26,-23.807,22.664,-40.4,1.40,CLEAR|STRAIGHT,,999.00,1.33,-0.9,1.3,4004
84.31,-23.807,22.664,-40.4,1.40,CLEAR|STRAIGHT,,999.00,1.33,-0.9,1.0,4033
84.36,-23.807,22.664,-40.3,1.40,CLEAR|STRAIGHT,,999.00,1.33,-0.9,1.1,4033
84.41,-23.527,22.426,-40.2,1.94,CLEAR|STRAIGHT,,999.00,1.33,-0.9,1.0,4047
84.46,-23.527,22.426,-40.2,1.94,CLEAR|STRAIGHT,,999.00,1.36,-1.3,1.0,4033
84.51,-23.527,22.426,-40.1,1.94,CLEAR|STRAIGHT,,999.00,1.36,-1.3,1.1,4047
84.56,-23.527,22.426,-40.0,1.94,CLEAR|STRAIGHT,,999.00,1.36,-1.4,1.0,4047
84.61,-23.275,22.214,-40.0,1.73,CLEAR|STRAIGHT,,999.00,1.36,-1.4,1.0,4033
84.66,-23.275,22.214,-40.0,1.73,CLEAR|STRAIGHT,,999.00,1.36,-1.8,0.9,4062
84.71,-23.138,22.097,-40.0,1.80,CLEAR|STRAIGHT,,999.00,1.36,-1.8,0.8,4077
84.76,-23.138,22.097,-39.9,1.80,CLEAR|STRAIGHT,,999.00,1.41,-1.8,0.7,4092
84.81,-23.002,21.985,-40.1,1.96,CLEAR|STRAIGHT,,999.00,1.46,-1.8,0.6,4106
84.86,-23.002,21.985,-40.1,1.96,CLEAR|STRAIGHT,,999.00,1.47,-2.0,0.6,4106
84.91,-22.874,21.872,-39.7,1.42,CLEAR|STRAIGHT,,999.00,1.47,-2.0,0.4,4121
84.96,-22.874,21.872,-39.8,1.42,CLEAR|STRAIGHT,,999.00,1.52,-2.3,0.2,4152
85.01,-22.874,21.872,-39.9,1.42,CLEAR|STRAIGHT,,999.00,1.56,-2.3,0.1,4198
85.06,-22.874,21.872,-40.0,1.42,CLEAR|STRAIGHT,,999.00,1.56,-2.2,0.1,4198
85.11,-22.604,21.647,-40.1,1.85,CLEAR|STRAIGHT,,999.00,1.56,-2.2,0.0,4198
85.16,-22.604,21.647,-40.1,1.85,CLEAR|STRAIGHT,,999.00,1.56,-2.5,0.0,4198
85.21,-22.476,21.527,-40.3,1.75,CLEAR|STRAIGHT,,999.00,1.56,-2.5,0.0,4198
85.26,-22.476,21.527,-40.4,1.75,CLEAR|STRAIGHT,,999.00,1.47,-2.3,-0.2,4230
85.31,-22.350,21.412,-40.4,1.70,CLEAR|STRAIGHT,,999.00,1.44,-2.2,-0.2,4230
85.36,-22.350,21.412,-40.3,1.70,CLEAR|STRAIGHT,,999.00,1.44,-2.5,-0.3,4246
85.41,-22.219,21.297,-40.9,1.74,CLEAR|STRAIGHT,,999.00,1.44,-2.4,-0.3,4246
85.46,-22.219,21.297,-40.8,1.74,CLEAR|STRAIGHT,,999.00,1.44,-2.4,-0.3,4246
85.51,-22.098,21.175,-40.9,1.72,CLEAR|STRAIGHT,,999.00,1.44,-2.4,-0.4,4262
85.56,-22.098,21.175,-41.0,1.72,CLEAR|STRAIGHT,,999.00,1.40,-2.1,-0.4,4246
85.61,-21.958,21.067,-41.2,1.76,CLEAR|STRAIGHT,,999.00,1.40,-2.1,-0.4,4262
85.66,-21.958,21.067,-41.3,1.76,CLEAR|STRAIGHT,,999.00,1.40,-2.4,-0.4,4262
85.71,-21.828,20.942,-41.5,1.80,CLEAR|STRAIGHT,,999.00,1.40,-2.3,-0.4,4262
85.76,-21.828,20.942,-41.6,1.80,CLEAR|STRAIGHT,,999.00,1.40,-2.4,-0.4,4262
85.81,-21.704,20.828,-41.8,1.69,CLEAR|STRAIGHT,,999.00,1.40,-2.3,-0.4,4262
85.86,-21.704,20.828,-41.9,1.69,CLEAR|STRAIGHT,,999.00,1.39,-2.1,-0.5,4262
85.91,-21.572,20.714,-42.0,1.34,CLEAR|STRAIGHT,,999.00,1.39,-2.1,-0.3,4262
85.96,-21.572,20.714,-41.9,1.34,CLEAR|STRAIGHT,,999.00,1.39,-2.0,-0.5,4262
86.01,-21.572,20.714,-42.1,1.34,CLEAR|STRAIGHT,,999.00,1.39,-2.6,-0.4,4262
86.06,-21.572,20.714,-42.2,1.34,CLEAR|STRAIGHT,,999.00,1.39,-2.5,-0.4,4278
86.11,-21.316,20.468,-42.4,2.09,CLEAR|STRAIGHT,,999.00,1.39,-2.5,-0.4,4278
86.16,-21.316,20.468,-42.5,2.09,CLEAR|STRAIGHT,,999.00,1.42,-1.7,-0.7,4278
86.21,-21.194,20.355,-42.8,1.67,CLEAR|STRAIGHT,,999.00,1.42,-1.7,-0.8,4295
86.26,-21.194,20.355,-42.9,1.67,CLEAR|STRAIGHT,,999.00,1.42,-2.0,-0.8,4311
86.31,-21.070,20.245,-43.2,1.66,CLEAR|STRAIGHT,,999.00,1.42,-2.0,-0.8,4311
86.36,-21.070,20.245,-43.3,1.66,CLEAR|STRAIGHT,,999.00,1.42,-2.1,-0.8,4328
86.41,-20.935,20.119,-43.4,1.84,CLEAR|STRAIGHT,,999.00,1.42,-2.1,-0.8,4311
86.46,-20.935,20.119,-43.5,1.84,CLEAR|STRAIGHT,,999.00,1.47,-1.6,-0.8,4328
86.51,-20.818,19.998,-43.7,1.68,CLEAR|STRAIGHT,,999.00,1.49,-1.5,-0.9,4311
86.56,-20.818,19.998,-43.8,1.68,CLEAR|STRAIGHT,,999.00,1.49,-1.6,-0.8,4328
86.61,-20.703,19.882,-44.0,1.36,CLEAR|STRAIGHT,,999.00,1.49,-1.6,-0.8,4328
86.66,-20.703,19.882,-44.2,1.36,CLEAR|STRAIGHT,,999.00,1.49,-1.5,-0.9,4311
86.71,-20.703,19.882,-44.5,1.36,CLEAR|STRAIGHT,,999.00,1.49,-1.9,-0.8,4328
86.76,-20.703,19.882,-44.6,1.36,CLEAR|STRAIGHT,,999.00,1.49,-1.6,-0.8,4311
86.81,-20.461,19.633,-44.8,1.93,CLEAR|STRAIGHT,,999.00,1.49,-1.6,-0.8,4328
86.86,-20.461,19.633,-44.9,1.93,CLEAR|STRAIGHT,,999.00,1.53,-0.8,-0.8,4311
86.91,-20.344,19.502,-45.0,1.59,CLEAR|STRAIGHT,,999.00,1.53,-0.7,-0.8,4311
86.96,-20.344,19.502,-45.1,1.59,CLEAR|STRAIGHT,,999.00,1.53,-0.8,-0.8,4311
87.01,-20.344,19.502,-45.4,1.59,CLEAR|STRAIGHT,,999.00,1.53,-0.8,-0.8,4311
87.06,-20.344,19.502,-45.5,1.59,CLEAR|STRAIGHT,,999.00,1.53,-0.6,-0.8,4328
87.11,-20.106,19.259,-45.7,1.79,CLEAR|STRAIGHT,,999.00,1.53,-0.6,-0.8,4311
87.16,-20.106,19.259,-45.8,1.79,CLEAR|STRAIGHT,,999.00,1.57,-0.2,-0.8,4328
87.21,-19.987,19.129,-46.1,1.47,CLEAR|STRAIGHT,,999.00,1.57,-0.1,-0.8,4311
87.26,-19.987,19.129,-46.2,1.47,CLEAR|STRAIGHT,,999.00,1.57,0.0,-0.8,4328
87.31,-19.987,19.129,-46.4,1.47,CLEAR|STRAIGHT,,999.00,1.58,0.2,-0.8,4328
87.36,-19.987,19.129,-46.5,1.47,CLEAR|STRAIGHT,,999.00,1.58,0.4,-0.9,4328
87.41,-19.748,18.873,-46.7,1.94,CLEAR|STRAIGHT,,999.00,1.58,0.4,-0.8,4328
87.46,-19.748,18.873,-46.8,1.94,CLEAR|STRAIGHT,,999.00,1.58,0.7,-0.8,4328
87.51,-19.635,18.744,-46.9,1.72,CLEAR|STRAIGHT,,999.00,1.58,0.8,-0.8,4328
87.56,-19.635,18.744,-47.0,1.72,CLEAR|STRAIGHT,,999.00,1.52,1.0,-0.8,4328
87.61,-19.517,18.619,-47.4,1.56,CLEAR|STRAIGHT,,999.00,1.52,1.0,-0.9,4328
87.66,-19.517,18.619,-47.5,1.56,CLEAR|STRAIGHT,,999.00,1.52,1.3,-0.8,4328
87.71,-19.390,18.484,-47.7,2.06,CLEAR|STRAIGHT,,999.00,1.52,1.4,-0.8,4328
87.76,-19.390,18.484,-47.8,2.06,CLEAR|STRAIGHT,,999.00,1.52,1.5,-0.7,4311
87.81,-19.271,18.348,-48.0,1.81,CLEAR|STRAIGHT,,999.00,1.52,1.6,-0.2,4278
87.86,-19.271,18.348,-48.1,1.81,CLEAR|STRAIGHT,,999.00,1.48,1.8,0.0,4246
87.91,-19.155,18.221,-48.1,1.43,CLEAR|STRAIGHT,,999.00,1.48,1.9,0.0,4230
87.96,-19.155,18.221,-48.2,1.43,CLEAR|STRAIGHT,,999.00,1.48,1.9,0.0,4246
88.01,-19.155,18.221,-48.2,1.43,CLEAR|STRAIGHT,,999.00,1.48,2.3,0.0,4246
88.06,-19.155,18.221,-48.3,1.43,CLEAR|STRAIGHT,,999.00,1.48,2.4,0.2,4230
88.11,-18.921,17.955,-48.4,1.86,CLEAR|STRAIGHT,,999.00,1.48,2.4,0.0,4230
88.16,-18.921,17.955,-48.4,1.86,CLEAR|STRAIGHT,,999.00,1.47,2.3,0.0,4230
88.21,-18.921,17.955,-48.6,1.86,CLEAR|STRAIGHT,,999.00,1.47,2.3,0.3,4183
88.26,-18.921,17.955,-48.6,1.86,CLEAR|STRAIGHT,,999.00,1.47,2.4,0.6,4137
88.31,-18.693,17.689,-48.5,1.75,CLEAR|STRAIGHT,,999.00,1.47,2.4,0.9,4106
88.36,-18.693,17.689,-48.5,1.75,CLEAR|STRAIGHT,,999.00,1.47,3.2,0.9,4106
88.41,-18.693,17.689,-48.4,1.75,CLEAR|STRAIGHT,,999.00,1.47,3.2,1.0,4092
88.46,-18.693,17.689,-48.4,1.75,CLEAR|STRAIGHT,,999.00,1.47,3.2,0.9,4092
88.51,-18.455,17.433,-48.3,1.84,CLEAR|STRAIGHT,,999.00,1.47,3.2,1.2,4047
88.56,-18.455,17.433,-48.2,1.84,CLEAR|STRAIGHT,,999.00,1.49,3.0,1.3,4033
88.61,-18.344,17.298,-48.2,1.59,CLEAR|STRAIGHT,,999.00,1.49,3.0,1.4,3990
88.66,-18.344,17.298,-48.1,1.59,CLEAR|STRAIGHT,,999.00,1.49,3.7,1.6,3976
88.71,-18.344,17.298,-48.0,1.59,CLEAR|STRAIGHT,,999.00,1.49,3.7,1.8,3962
88.76,-18.344,17.298,-48.0,1.59,CLEAR|STRAIGHT,,999.00,1.49,3.6,1.8,3920
88.81,-18.116,17.049,-47.7,1.87,CLEAR|STRAIGHT,,999.00,1.49,3.6,1.7,3934
88.86,-18.116,17.049,-47.7,1.87,CLEAR|STRAIGHT,,999.00,1.53,3.1,1.8,3948
88.91,-17.998,16.920,-47.4,1.45,CLEAR|STRAIGHT,,999.00,1.53,3.0,1.8,3920
88.96,-17.998,16.920,-47.4,1.45,CLEAR|STRAIGHT,,999.00,1.53,4.0,1.8,3948
89.01,-17.998,16.920,-47.1,1.45,CLEAR|STRAIGHT,,999.00,1.53,3.9,1.8,3948
89.06,-17.998,16.920,-47.0,1.45,CLEAR|STRAIGHT,,999.00,1.53,3.8,1.7,3948
89.11,-17.762,16.668,-46.9,1.82,CLEAR|STRAIGHT,,999.00,1.53,3.7,1.7,3934
89.16,-17.762,16.668,-46.8,1.82,CLEAR|STRAIGHT,,999.00,1.57,2.9,1.7,3934
89.21,-17.645,16.537,-46.7,1.46,CLEAR|STRAIGHT,,999.00,1.57,2.9,1.9,3907
89.26,-17.645,16.537,-46.6,1.46,CLEAR|STRAIGHT,,999.00,1.57,2.8,2.1,3893
89.31,-17.645,16.537,-46.4,1.46,CLEAR|STRAIGHT,,999.00,1.57,3.8,2.1,3893
89.36,-17.645,16.537,-46.2,1.46,CLEAR|STRAIGHT,,999.00,1.57,3.7,2.1,3880
89.41,-17.393,16.275,-46.0,2.02,CLEAR|STRAIGHT,,999.00,1.57,3.6,2.1,3880
89.46,-17.393,16.275,-45.9,2.02,CLEAR|STRAIGHT,,999.00,1.53,2.5,2.2,3880
89.51,-17.268,16.142,-45.5,1.83,CLEAR|STRAIGHT,,999.00,1.53,2.4,2.1,3880
89.56,-17.268,16.142,-45.5,1.83,CLEAR|STRAIGHT,,999.00,1.54,2.1,2.1,3880
89.61,-17.142,16.011,-45.3,2.02,CLEAR|STRAIGHT,,999.00,1.54,2.0,2.1,3880
89.66,-17.142,16.011,-45.2,2.02,CLEAR|STRAIGHT,,999.00,1.54,2.0,2.1,3880
89.71,-17.020,15.882,-45.0,1.77,CLEAR|STRAIGHT,,999.00,1.54,2.0,2.1,3880
89.76,-17.020,15.882,-44.9,1.77,CLEAR|STRAIGHT,,999.00,1.54,2.5,2.1,3880
89.81,-16.887,15.756,-44.6,1.83,CLEAR|STRAIGHT,,999.00,1.54,2.4,2.1,3867
89.86,-16.887,15.756,-44.5,1.83,CLEAR|STRAIGHT,,999.00,1.59,1.7,2.2,3880
89.91,-16.751,15.622,-44.1,1.36,CLEAR|STRAIGHT,,999.00,1.59,1.6,2.1,3867
89.96,-16.751,15.622,-43.9,1.36,CLEAR|STRAIGHT,,999.00,1.59,1.5,2.2,3880
90.01,-16.751,15.622,-43.6,1.36,CLEAR|STRAIGHT,,999.00,1.59,2.1,2.1,3867
90.06,-16.751,15.622,-43.6,1.36,CLEAR|STRAIGHT,,999.00,1.59,1.9,2.1,3867
90.11,-16.493,15.373,-43.4,2.11,CLEAR|STRAIGHT,,999.00,1.59,1.8,2.1,3867
90.16,-16.493,15.373,-43.3,2.11,CLEAR|STRAIGHT,,999.00,1.50,0.8,2.2,3867
90.21,-16.356,15.246,-43.0,1.87,CLEAR|STRAIGHT,,999.00,1.50,0.7,2.2,3867
90.26,-16.356,15.246,-42.8,1.87,CLEAR|STRAIGHT,,999.00,1.50,0.9,2.2,3880
90.31,-16.215,15.118,-42.5,1.91,CLEAR|STRAIGHT,,999.00,1.50,0.8,2.2,3853
90.36,-16.215,15.118,-42.4,1.91,CLEAR|STRAIGHT,,999.00,1.41,0.2,2.1,3853
90.41,-16.079,14.996,-42.0,1.82,CLEAR|STRAIGHT,,999.00,1.41,0.2,2.1,3853
90.46,-16.079,14.996,-41.9,1.82,CLEAR|STRAIGHT,,999.00,1.41,0.1,1.0,3990
90.51,-15.940,14.870,-41.8,1.70,CLEAR|STRAIGHT,,999.00,1.41,-0.0,0.8,4047
90.56,-15.940,14.870,-41.9,1.70,CLEAR|STRAIGHT,,999.00,1.41,-0.1,0.7,4077
90.61,-15.802,14.745,-41.9,2.33,CLEAR|STRAIGHT,,999.00,1.41,-0.1,0.8,4062
90.66,-15.802,14.745,-41.9,2.33,CLEAR|STRAIGHT,,999.00,1.38,-0.6,0.8,4077
90.71,-15.660,14.612,-41.9,1.62,CLEAR|STRAIGHT,,999.00,1.38,-0.5,0.7,4092
90.76,-15.660,14.612,-41.8,1.62,CLEAR|STRAIGHT,,999.00,1.38,-0.3,0.8,4077
90.81,-15.660,14.612,-41.8,1.62,CLEAR|STRAIGHT,,999.00,1.38,-0.3,0.8,4092
90.86,-15.660,14.612,-41.8,1.62,CLEAR|STRAIGHT,,999.00,1.38,-0.4,0.8,4092
90.91,-15.402,14.382,-41.7,1.64,CLEAR|STRAIGHT,,999.00,1.38,-0.4,0.6,4092
90.96,-15.402,14.382,-41.7,1.64,CLEAR|STRAIGHT,,999.00,1.38,-0.4,0.6,4121
91.01,-15.402,14.382,-41.8,1.64,CLEAR|STRAIGHT,,999.00,1.41,-0.8,0.6,4106
91.06,-15.402,14.382,-41.8,1.64,CLEAR|STRAIGHT,,999.00,1.41,-0.8,0.6,4106
91.11,-15.133,14.139,-41.9,2.02,CLEAR|STRAIGHT,,999.00,1.41,-0.8,0.6,4106
91.16,-15.133,14.139,-41.9,2.02,CLEAR|STRAIGHT,,999.00,1.41,-1.1,0.6,4121
91.21,-15.006,14.020,-41.9,1.73,CLEAR|STRAIGHT,,999.00,1.41,-1.0,0.6,4121
91.26,-15.006,14.020,-41.8,1.73,CLEAR|STRAIGHT,,999.00,1.46,-1.2,0.6,4121
91.31,-14.876,13.913,-41.8,1.54,CLEAR|STRAIGHT,,999.00,1.47,-1.2,0.6,4121
91.36,-14.876,13.913,-41.8,1.54,CLEAR|STRAIGHT,,999.00,1.47,-1.4,0.6,4106
91.41,-14.747,13.784,-41.8,2.02,CLEAR|STRAIGHT,,999.00,1.47,-1.4,0.6,4121
91.46,-14.747,13.784,-41.9,2.02,CLEAR|STRAIGHT,,999.00,1.47,-1.5,0.6,4121
91.51,-14.612,13.659,-42.0,2.04,CLEAR|STRAIGHT,,999.00,1.47,-1.5,0.6,4121
91.56,-14.612,13.659,-42.0,2.04,CLEAR|STRAIGHT,,999.00,1.51,-1.7,0.4,4137
91.61,-14.474,13.535,-42.1,1.68,CLEAR|STRAIGHT,,999.00,1.51,-1.6,0.4,4137
91.66,-14.474,13.535,-42.1,1.68,CLEAR|STRAIGHT,,999.00,1.51,-1.8,0.4,4152
91.71,-14.329,13.404,-42.0,1.64,CLEAR|STRAIGHT,,999.00,1.51,-1.8,0.3,4167
91.76,-14.329,13.404,-42.0,1.64,CLEAR|STRAIGHT,,999.00,1.51,-1.8,0.3,4167
91.81,-14.329,13.404,-42.1,1.64,CLEAR|STRAIGHT,,999.00,1.48,-2.0,0.3,4152
91.86,-14.329,13.404,-42.1,1.64,CLEAR|STRAIGHT,,999.00,1.48,-2.0,0.2,4183
91.91,-14.042,13.136,-42.2,1.78,CLEAR|STRAIGHT,,999.00,1.48,-2.0,0.0,4183
91.96,-14.042,13.136,-42.3,1.78,CLEAR|STRAIGHT,,999.00,1.48,-2.0,0.1,4198
92.01,-14.042,13.136,-42.5,1.78,CLEAR|STRAIGHT,,999.00,1.48,-2.4,0.1,4214
92.06,-14.042,13.136,-42.6,1.78,CLEAR|STRAIGHT,,999.00,1.48,-2.3,0.1,4214
92.11,-13.771,12.892,-42.8,2.28,CLEAR|STRAIGHT,,999.00,1.48,-2.3,0.0,4198
92.16,-13.771,12.892,-42.7,2.28,CLEAR|STRAIGHT,,999.00,1.42,-2.5,0.0,4198
92.21,-13.628,12.754,-42.8,1.99,CLEAR|STRAIGHT,,999.00,1.42,-2.5,0.0,4198
92.26,-13.628,12.754,-42.9,1.99,CLEAR|STRAIGHT,,999.00,1.35,-2.7,0.0,4214
92.31,-13.495,12.632,-43.0,1.81,CLEAR|STRAIGHT,,999.00,1.35,-2.7,0.0,4214
92.36,-13.495,12.632,-43.1,1.81,CLEAR|STRAIGHT,,999.00,1.35,-3.0,-0.8,4295
92.41,-13.373,12.515,-43.4,1.88,CLEAR|STRAIGHT,,999.00,1.35,-3.0,-1.1,4328
92.46,-13.373,12.515,-43.5,1.88,CLEAR|STRAIGHT,,999.00,1.35,-3.1,-1.0,4311
92.51,-13.241,12.384,-43.7,1.68,CLEAR|STRAIGHT,,999.00,1.35,-3.1,-1.1,4328
92.56,-13.241,12.384,-43.9,1.68,CLEAR|STRAIGHT,,999.00,1.29,-3.1,-1.0,4344
92.61,-13.109,12.252,-44.1,1.70,CLEAR|STRAIGHT,,999.00,1.29,-3.0,-1.0,4344
92.66,-13.109,12.252,-44.2,1.70,CLEAR|STRAIGHT,,999.00,1.29,-3.2,-1.0,4328
92.71,-13.109,12.252,-44.5,1.70,CLEAR|STRAIGHT,,999.00,1.29,-3.1,-1.1,4328
92.76,-13.109,12.252,-44.6,1.70,CLEAR|STRAIGHT,,999.00,1.29,-3.1,-1.1,4328
92.81,-12.870,12.018,-44.8,1.59,CLEAR|STRAIGHT,,999.00,1.29,-3.0,-1.1,4344
92.86,-12.870,12.018,-44.9,1.59,CLEAR|STRAIGHT,,999.00,1.29,-2.8,-1.1,4344
92.91,-12.870,12.018,-45.2,1.59,CLEAR|STRAIGHT,,999.00,1.26,-3.2,-1.0,4344
92.96,-12.870,12.018,-45.3,1.59,CLEAR|STRAIGHT,,999.00,1.26,-3.1,-1.1,4344
93.01,-12.625,11.768,-45.6,1.67,CLEAR|STRAIGHT,,999.00,1.26,-3.0,-1.1,4344
93.06,-12.625,11.768,-45.7,1.67,CLEAR|STRAIGHT,,999.00,1.26,-2.9,-1.1,4361
93.11,-12.625,11.768,-45.9,1.67,CLEAR|STRAIGHT,,999.00,1.26,-3.5,-1.1,4344
93.16,-12.625,11.768,-46.0,1.67,CLEAR|STRAIGHT,,999.00,1.26,-3.4,-1.0,4344
93.21,-12.413,11.539,-46.3,1.73,CLEAR|STRAIGHT,,999.00,1.26,-3.3,-1.0,4344
93.26,-12.413,11.539,-46.4,1.73,CLEAR|STRAIGHT,,999.00,1.28,-3.4,-1.1,4344
93.31,-12.413,11.539,-46.6,1.73,CLEAR|STRAIGHT,,999.00,1.28,-3.4,-1.1,4311
93.36,-12.413,11.539,-46.7,1.73,CLEAR|STRAIGHT,,999.00,1.28,-3.2,-1.2,4361
93.41,-12.192,11.300,-47.1,1.63,CLEAR|STRAIGHT,,999.00,1.28,-3.2,-1.1,4361
93.46,-12.192,11.300,-47.2,1.63,CLEAR|STRAIGHT,,999.00,1.32,-3.4,-1.1,4344
93.51,-12.192,11.300,-47.5,1.63,CLEAR|STRAIGHT,,999.00,1.32,-3.3,-1.1,4344
93.56,-12.192,11.300,-47.7,1.63,CLEAR|STRAIGHT,,999.00,1.32,-3.2,-1.1,4344
93.61,-11.963,11.049,-48.0,1.70,CLEAR|STRAIGHT,,999.00,1.32,-3.1,-1.1,4361
93.66,-11.963,11.049,-48.0,1.70,CLEAR|STRAIGHT,,999.00,1.32,-3.6,-1.1,4361
93.71,-11.963,11.049,-48.3,1.70,CLEAR|STRAIGHT,,999.00,1.32,-3.6,-1.1,4361
93.76,-11.963,11.049,-48.5,1.70,CLEAR|STRAIGHT,,999.00,1.32,-3.5,-1.1,4344
93.81,-11.736,10.779,-48.6,1.68,CLEAR|STRAIGHT,,999.00,1.32,-3.4,-1.1,4361
93.86,-11.736,10.779,-48.8,1.68,CLEAR|STRAIGHT,,999.00,1.32,-3.3,-1.1,4361
93.91,-11.736,10.779,-49.2,1.68,CLEAR|STRAIGHT,,999.00,1.34,-3.5,-1.1,4361
93.96,-11.736,10.779,-49.3,1.68,CLEAR|STRAIGHT,,999.00,1.34,-3.3,-1.1,4361
94.01,-11.503,10.494,-49.7,1.75,CLEAR|STRAIGHT,,999.00,1.34,-3.2,-1.0,4361
94.06,-11.503,10.494,-49.9,1.75,CLEAR|STRAIGHT,,999.00,1.34,-3.1,-1.1,4361
94.11,-11.503,10.494,-50.2,1.75,CLEAR|STRAIGHT,,999.00,1.31,-3.3,-1.1,4344
94.16,-11.503,10.494,-50.2,1.75,CLEAR|STRAIGHT,,999.00,1.31,-3.1,-1.1,4344
94.21,-11.261,10.202,-50.6,2.23,CLEAR|STRAIGHT,,999.00,1.31,-3.0,-1.1,4361
94.26,-11.261,10.202,-50.7,2.23,CLEAR|STRAIGHT,,999.00,1.31,-3.4,-1.1,4344
94.31,-11.139,10.047,-50.9,1.98,CLEAR|STRAIGHT,,999.00,1.31,-3.3,-1.1,4344
94.36,-11.139,10.047,-51.1,1.98,CLEAR|STRAIGHT,,999.00,1.29,-3.4,-1.0,4361
94.41,-11.026,9.917,-51.4,1.56,CLEAR|STRAIGHT,,999.00,1.29,-3.3,-1.1,4344
94.46,-11.026,9.917,-51.5,1.56,CLEAR|STRAIGHT,,999.00,1.29,-3.9,-1.1,4361
94.51,-10.924,9.783,-51.7,1.87,CLEAR|STRAIGHT,,999.00,1.29,-3.8,-1.1,4361
94.56,-10.924,9.783,-51.8,1.87,CLEAR|STRAIGHT,,999.00,1.27,-3.4,-1.1,4361
94.61,-10.812,9.632,-52.1,1.88,CLEAR|STRAIGHT,,999.00,1.27,-3.4,-1.0,4344
94.66,-10.812,9.632,-52.1,1.88,CLEAR|STRAIGHT,,999.00,1.27,-3.6,-1.1,4361
94.71,-10.714,9.503,-52.4,1.62,CLEAR|STRAIGHT,,999.00,1.27,-3.5,-1.1,4361
94.76,-10.714,9.503,-52.4,1.62,CLEAR|STRAIGHT,,999.00,1.27,-4.0,-1.1,4344
94.81,-10.626,9.380,-52.7,1.38,CLEAR|STRAIGHT,,999.00,1.27,-4.0,-1.1,4361
94.86,-10.626,9.380,-52.9,1.38,CLEAR|STRAIGHT,,999.00,1.26,-3.9,-1.0,4361
94.91,-10.533,9.259,-53.1,1.39,CLEAR|STRAIGHT,,999.00,1.26,-3.8,-1.0,4361
94.96,-10.533,9.259,-53.2,1.39,CLEAR|STRAIGHT,,999.00,1.26,-3.6,-1.0,4361
95.01,-10.533,9.259,-53.3,1.39,CLEAR|STRAIGHT,,999.00,1.26,-4.0,-1.1,4344
95.06,-10.533,9.259,-53.6,1.39,CLEAR|STRAIGHT,,999.00,1.26,-3.8,-1.1,4361
95.11,-10.357,9.006,-53.7,1.81,CLEAR|STRAIGHT,,999.00,1.26,-3.8,-1.1,4361
95.16,-10.357,9.006,-53.8,1.81,CLEAR|STRAIGHT,,999.00,1.26,-4.0,-1.2,4344
95.21,-10.267,8.878,-54.1,1.42,CLEAR|STRAIGHT,,999.00,1.26,-3.9,-1.0,4344
95.26,-10.267,8.878,-54.2,1.42,CLEAR|STRAIGHT,,999.00,1.26,-3.9,-1.1,4361
95.31,-10.179,8.737,-54.4,1.66,CLEAR|STRAIGHT,,999.00,1.26,-3.8,-1.1,4344
95.36,-10.179,8.737,-54.5,1.66,CLEAR|STRAIGHT,,999.00,1.26,-3.8,-1.1,4361
95.41,-10.091,8.599,-54.9,1.63,CLEAR|STRAIGHT,,999.00,1.26,-3.8,-1.1,4361
95.46,-10.091,8.599,-55.1,1.63,CLEAR|STRAIGHT,,999.00,1.26,-4.0,-1.1,4344
95.51,-9.994,8.459,-55.4,1.71,CLEAR|STRAIGHT,,999.00,1.26,-3.8,-1.1,4361
95.56,-9.994,8.459,-55.6,1.71,CLEAR|STRAIGHT,,999.00,1.29,-3.3,-1.1,4361
95.61,-9.899,8.324,-55.9,1.65,CLEAR|STRAIGHT,,999.00,1.29,-3.2,-1.1,4361
95.66,-9.899,8.324,-55.9,1.65,CLEAR|STRAIGHT,,999.00,1.29,-3.5,-1.1,4361
95.71,-9.801,8.176,-56.2,1.77,CLEAR|STRAIGHT,,999.00,1.29,-3.4,-1.1,4361
95.76,-9.801,8.176,-56.4,1.77,CLEAR|STRAIGHT,,999.00,1.29,-3.6,-1.1,4344
95.81,-9.712,8.023,-56.6,1.77,CLEAR|STRAIGHT,,999.00,1.29,-3.5,-1.1,4344
95.86,-9.712,8.023,-56.7,1.77,CLEAR|STRAIGHT,,999.00,1.34,-3.1,-1.1,4361
95.91,-9.618,7.871,-57.1,1.49,CLEAR|STRAIGHT,,999.00,1.38,-3.0,-1.0,4378
95.96,-9.618,7.871,-57.3,1.49,CLEAR|STRAIGHT,,999.00,1.38,-2.8,-1.1,4378
96.01,-9.618,7.871,-57.6,1.49,CLEAR|STRAIGHT,,999.00,1.38,-3.3,-1.1,4344
96.06,-9.618,7.871,-57.9,1.49,CLEAR|STRAIGHT,,999.00,1.38,-3.2,-1.1,4361
96.11,-9.422,7.558,-58.2,2.05,CLEAR|STRAIGHT,,999.00,1.38,-3.0,-1.2,4361
96.16,-9.422,7.558,-58.4,2.05,CLEAR|STRAIGHT,,999.00,1.43,-2.4,-1.1,4361
96.21,-9.324,7.398,-58.6,1.88,CLEAR|STRAIGHT,,999.00,1.47,-2.3,-1.0,4361
96.26,-9.324,7.398,-58.6,1.88,CLEAR|STRAIGHT,,999.00,1.47,-2.6,-1.1,4361
96.31,-9.225,7.240,-58.8,1.85,CLEAR|STRAIGHT,,999.00,1.47,-2.5,-1.1,4361
96.36,-9.225,7.240,-59.0,1.85,CLEAR|STRAIGHT,,999.00,1.52,-2.2,-1.1,4361
96.41,-9.136,7.099,-59.3,1.67,CLEAR|STRAIGHT,,999.00,1.57,-2.2,-1.1,4344
96.46,-9.136,7.099,-59.4,1.67,CLEAR|STRAIGHT,,999.00,1.59,-2.5,-1.1,4361
96.51,-9.049,6.954,-59.7,1.41,CLEAR|STRAIGHT,,999.00,1.59,-2.4,-1.1,4361
96.56,-9.049,6.954,-59.9,1.41,CLEAR|STRAIGHT,,999.00,1.59,-2.3,-1.1,4361
96.61,-9.049,6.954,-60.1,1.41,CLEAR|STRAIGHT,,999.00,1.59,-2.9,-1.0,4344
96.66,-9.049,6.954,-60.3,1.41,CLEAR|STRAIGHT,,999.00,1.59,-2.7,-1.1,4361
96.71,-8.888,6.652,-60.5,1.90,CLEAR|STRAIGHT,,999.00,1.59,-2.7,-1.1,4361
96.76,-8.888,6.652,-60.6,1.90,CLEAR|STRAIGHT,,999.00,1.50,-1.7,-1.1,4344
96.81,-8.800,6.507,-61.0,1.69,CLEAR|STRAIGHT,,999.00,1.47,-1.7,-1.1,4361
96.86,-8.800,6.507,-61.1,1.69,CLEAR|STRAIGHT,,999.00,1.47,-2.0,-1.1,4344
96.91,-8.716,6.358,-61.4,1.42,CLEAR|STRAIGHT,,999.00,1.47,-1.9,-1.1,4361
96.96,-8.716,6.358,-61.5,1.42,CLEAR|STRAIGHT,,999.00,1.47,-1.7,-1.1,4361
97.01,-8.716,6.358,-61.7,1.42,CLEAR|STRAIGHT,,999.00,1.38,-1.6,-1.0,4361
97.06,-8.716,6.358,-61.8,1.42,CLEAR|STRAIGHT,,999.00,1.37,-1.5,-1.1,4344
97.11,-8.557,6.050,-62.0,1.83,CLEAR|STRAIGHT,,999.00,1.37,-1.5,-1.1,4361
97.16,-8.557,6.050,-62.1,1.83,CLEAR|STRAIGHT,,999.00,1.37,-1.3,-1.1,4361
97.21,-8.475,5.880,-62.4,2.10,CLEAR|STRAIGHT,,999.00,1.37,-1.2,-1.1,4344
97.26,-8.475,5.880,-62.5,2.10,CLEAR|STRAIGHT,,999.00,1.32,-0.6,-1.1,4361
97.31,-8.395,5.716,-62.8,1.82,CLEAR|STRAIGHT,,999.00,1.32,-0.5,-1.0,4361
97.36,-8.395,5.716,-63.0,1.82,CLEAR|STRAIGHT,,999.00,1.32,-0.6,-1.1,4361
97.41,-8.327,5.561,-63.3,1.69,CLEAR|STRAIGHT,,999.00,1.32,-0.5,-1.0,4361
97.46,-8.327,5.561,-63.5,1.69,CLEAR|STRAIGHT,,999.00,1.32,-0.3,-1.1,4344
97.51,-8.250,5.422,-64.2,1.58,CLEAR|STRAIGHT,,999.00,1.32,-0.2,-1.2,4361
97.56,-8.250,5.422,-64.3,1.58,CLEAR|STRAIGHT,,999.00,1.34,0.1,-1.1,4378
97.61,-8.177,5.286,-64.5,1.55,CLEAR|STRAIGHT,,999.00,1.34,0.3,-1.1,4344
97.66,-8.177,5.286,-64.5,1.55,CLEAR|STRAIGHT,,999.00,1.34,0.4,-1.1,4361
97.71,-8.102,5.140,-65.0,1.64,CLEAR|STRAIGHT,,999.00,1.34,0.4,-1.1,4361
97.76,-8.102,5.140,-65.2,1.64,CLEAR|STRAIGHT,,999.00,1.34,0.7,-1.0,4361
97.81,-8.045,4.984,-65.4,1.83,CLEAR|STRAIGHT,,999.00,1.34,0.8,-1.1,4344
97.86,-8.045,4.984,-65.4,1.83,CLEAR|STRAIGHT,,999.00,1.36,1.2,-1.1,4361
97.91,-7.985,4.821,-65.7,1.24,CLEAR|STRAIGHT,,999.00,1.36,1.2,-1.1,4361
97.96,-7.985,4.821,-65.9,1.24,CLEAR|STRAIGHT,,999.00,1.36,1.3,-1.1,4344
98.01,-7.985,4.821,-65.9,1.24,CLEAR|STRAIGHT,,999.00,1.36,1.8,0.2,4230
98.06,-7.985,4.821,-66.1,1.24,CLEAR|STRAIGHT,,999.00,1.36,1.9,0.5,4183
98.11,-7.852,4.491,-65.8,2.09,CLEAR|STRAIGHT,,999.00,1.36,1.9,0.6,4152
98.16,-7.852,4.491,-65.7,2.09,CLEAR|STRAIGHT,,999.00,1.41,1.9,0.6,4137
98.21,-7.785,4.317,-66.1,1.87,CLEAR|STRAIGHT,,999.00,1.43,1.8,0.5,4152
98.26,-7.785,4.317,-66.1,1.87,CLEAR|STRAIGHT,,999.00,1.43,2.4,0.6,4152
98.31,-7.714,4.157,-66.1,1.75,CLEAR|STRAIGHT,,999.00,1.43,2.4,0.9,4106
98.36,-7.714,4.157,-66.1,1.75,CLEAR|STRAIGHT,,999.00,1.48,2.3,0.9,4092
98.41,-7.636,3.989,-66.0,1.85,CLEAR|STRAIGHT,,999.00,1.53,2.3,0.9,4092
98.46,-7.636,3.989,-66.0,1.85,CLEAR|STRAIGHT,,999.00,1.56,2.5,1.0,4077
98.51,-7.567,3.817,-66.0,1.85,CLEAR|STRAIGHT,,999.00,1.56,2.5,0.9,4092
98.56,-7.567,3.817,-66.1,1.85,CLEAR|STRAIGHT,,999.00,1.56,2.8,1.0,4077
98.61,-7.493,3.647,-66.0,1.86,CLEAR|STRAIGHT,,999.00,1.56,2.9,0.9,4092
98.66,-7.493,3.647,-66.0,1.86,CLEAR|STRAIGHT,,999.00,1.47,2.6,1.0,4062
98.71,-7.417,3.466,-66.0,2.18,CLEAR|STRAIGHT,,999.00,1.38,2.6,0.9,4077
98.76,-7.417,3.466,-65.9,2.18,CLEAR|STRAIGHT,,999.00,1.36,2.6,1.2,4033
98.81,-7.339,3.289,-65.9,1.75,CLEAR|STRAIGHT,,999.00,1.36,2.6,1.4,4033
98.86,-7.339,3.289,-65.8,1.75,CLEAR|STRAIGHT,,999.00,1.36,3.5,1.3,4018
98.91,-7.263,3.105,-65.7,1.53,CLEAR|STRAIGHT,,999.00,1.36,3.5,1.3,4018
98.96,-7.263,3.105,-65.7,1.53,CLEAR|STRAIGHT,,999.00,1.36,3.4,1.3,4018
99.01,-7.263,3.105,-65.5,1.53,CLEAR|STRAIGHT,,999.00,1.27,3.3,1.3,4018
99.06,-7.263,3.105,-65.5,1.53,CLEAR|STRAIGHT,,999.00,1.18,3.3,1.3,4004
99.11,-7.110,2.767,-65.4,2.18,CLEAR|STRAIGHT,,999.00,1.18,3.2,1.9,3948
99.16,-7.110,2.767,-65.3,2.18,CLEAR|STRAIGHT,,999.00,1.09,2.3,2.1,3907
99.21,-7.048,2.615,-65.0,1.64,CLEAR|STRAIGHT,,999.00,1.09,2.2,2.0,3907
99.26,-7.048,2.615,-64.9,1.64,CLEAR|STRAIGHT,,999.00,1.09,3.2,2.0,3907
99.31,-6.975,2.462,-64.7,1.69,CLEAR|STRAIGHT,,999.00,1.09,3.1,2.0,3907
99.36,-6.975,2.462,-64.7,1.69,CLEAR|STRAIGHT,,999.00,1.09,3.3,2.0,3893
99.41,-6.909,2.315,-64.4,1.62,CLEAR|STRAIGHT,,999.00,1.09,3.2,2.0,3893
99.46,-6.909,2.315,-64.3,1.62,CLEAR|STRAIGHT,,999.00,1.09,2.6,2.1,3880
99.51,-6.835,2.160,-64.0,1.71,CLEAR|STRAIGHT,,999.00,1.09,2.5,2.0,3880
99.56,-6.835,2.160,-63.9,1.71,CLEAR|STRAIGHT,,999.00,1.09,2.6,2.0,3893
99.61,-6.759,2.002,-64.0,1.96,CLEAR|STRAIGHT,,999.00,1.09,2.5,2.1,3893
99.66,-6.759,2.002,-63.9,1.96,CLEAR|STRAIGHT,,999.00,1.09,2.4,2.0,3893
99.71,-6.689,1.849,-63.5,1.52,CLEAR|STRAIGHT,,999.00,1.09,2.3,2.1,3893
99.76,-6.689,1.849,-63.4,1.52,CLEAR|STRAIGHT,,999.00,1.14,2.3,2.1,3880
99.81,-6.608,1.699,-63.2,1.70,CLEAR|STRAIGHT,,999.00,1.17,2.2,2.1,3880
99.86,-6.608,1.699,-63.3,1.70,CLEAR|STRAIGHT,,999.00,1.17,2.0,2.1,3880
99.91,-6.540,1.542,-63.1,1.22,CLEAR|STRAIGHT,,999.00,1.17,2.0,2.1,3893
99.96,-6.540,1.542,-62.9,1.22,CLEAR|STRAIGHT,,999.00,1.17,2.0,2.1,3893
100.01,-6.540,1.542,-62.8,1.22,CLEAR|STRAIGHT,,999.00,1.17,3.3,2.1,3880
100.06,-6.540,1.542,-62.8,1.22,CLEAR|STRAIGHT,,999.00,1.17,3.1,2.1,3880
100.11,-6.372,1.226,-62.8,2.24,CLEAR|STRAIGHT,,999.00,1.17,3.2,2.1,3853
100.16,-6.372,1.226,-62.6,2.24,CLEAR|STRAIGHT,,999.00,1.22,0.9,2.1,3880
100.21,-6.307,1.049,-62.3,1.87,CLEAR|STRAIGHT,,999.00,1.27,0.9,2.1,3867
100.26,-6.307,1.049,-62.1,1.87,CLEAR|STRAIGHT,,999.00,1.30,1.5,2.1,3867
100.31,-6.220,0.880,-61.9,1.90,CLEAR|STRAIGHT,,999.00,1.30,1.4,2.1,3880
100.36,-6.220,0.880,-61.6,1.90,CLEAR|STRAIGHT,,999.00,1.35,0.6,2.1,3867
100.41,-6.136,0.729,-60.9,1.72,CLEAR|STRAIGHT,,999.00,1.40,0.5,2.1,3867
100.46,-6.136,0.729,-60.6,1.72,CLEAR|STRAIGHT,,999.00,1.45,0.5,2.1,3867
100.51,-6.063,0.583,-60.0,1.82,CLEAR|STRAIGHT,,999.00,1.45,0.2,2.0,3867
100.56,-6.063,0.583,-60.1,1.82,CLEAR|STRAIGHT,,999.00,1.45,-0.1,2.1,3880
100.61,-5.993,0.438,-59.6,1.46,CLEAR|STRAIGHT,,999.00,1.45,-0.2,2.1,3880
100.66,-5.993,0.438,-59.7,1.46,CLEAR|STRAIGHT,,999.00,1.50,-0.5,2.1,3880
100.71,-5.919,0.281,-59.4,1.73,CLEAR|STRAIGHT,,999.00,1.53,-0.7,1.9,3893
100.76,-5.919,0.281,-59.4,1.73,CLEAR|STRAIGHT,,999.00,1.53,-0.9,1.5,3962
100.81,-5.819,0.141,-59.4,1.71,CLEAR|STRAIGHT,,999.00,1.53,-0.9,1.1,4004
100.86,-5.819,0.141,-59.2,1.71,CLEAR|STRAIGHT,,999.00,1.53,-1.2,0.9,4018
100.91,-5.728,-0.021,-59.2,1.55,CLEAR|STRAIGHT,,999.00,1.53,-1.2,1.0,4033
100.96,-5.728,-0.021,-59.3,1.55,CLEAR|STRAIGHT,,999.00,1.53,-1.3,1.0,4033
101.01,-5.728,-0.021,-59.4,1.55,CLEAR|STRAIGHT,,999.00,1.58,-1.8,1.0,4047
101.06,-5.728,-0.021,-59.4,1.55,CLEAR|STRAIGHT,,999.00,1.58,-1.8,0.8,4077
101.11,-5.533,-0.342,-59.4,2.09,CLEAR|STRAIGHT,,999.00,1.58,-1.8,0.7,4092
101.16,-5.533,-0.342,-59.5,2.09,CLEAR|STRAIGHT,,999.00,1.56,-2.5,0.7,4106
101.21,-5.430,-0.493,-59.7,1.82,CLEAR|STRAIGHT,,999.00,1.56,-2.5,0.7,4092
101.26,-5.430,-0.493,-59.8,1.82,CLEAR|STRAIGHT,,999.00,1.56,-2.8,0.7,4092
101.31,-5.342,-0.660,-60.0,1.89,CLEAR|STRAIGHT,,999.00,1.56,-2.8,0.7,4106
101.36,-5.342,-0.660,-60.2,1.89,CLEAR|STRAIGHT,,999.00,1.56,-2.9,0.7,4092
101.41,-5.248,-0.821,-60.4,2.08,CLEAR|STRAIGHT,,999.00,1.56,-2.9,0.5,4137
101.46,-5.248,-0.821,-60.2,2.08,CLEAR|STRAIGHT,,999.00,1.59,-2.9,0.3,4152
101.51,-5.150,-0.988,-60.2,1.76,CLEAR|STRAIGHT,,999.00,1.59,-2.9,-0.0,4198
101.56,-5.150,-0.988,-60.1,1.76,CLEAR|STRAIGHT,,999.00,1.59,-3.6,-0.1,4230
101.61,-5.062,-1.157,-60.2,1.91,CLEAR|STRAIGHT,,999.00,1.59,-3.5,-0.1,4230
101.66,-5.062,-1.157,-60.3,1.91,CLEAR|STRAIGHT,,999.00,1.59,-3.8,-0.4,4230
101.71,-4.978,-1.314,-60.4,1.77,CLEAR|STRAIGHT,,999.00,1.59,-3.8,-0.7,4278
101.76,-4.978,-1.314,-60.5,1.77,CLEAR|STRAIGHT,,999.00,1.54,-3.9,-1.2,4328
101.81,-4.894,-1.491,-61.3,1.96,CLEAR|STRAIGHT,,999.00,1.54,-3.8,-1.4,4361
101.86,-4.894,-1.491,-61.5,1.96,CLEAR|STRAIGHT,,999.00,1.54,-4.0,-1.4,4361
101.91,-4.812,-1.669,-61.8,1.50,CLEAR|STRAIGHT,,999.00,1.54,-3.7,-1.4,4361
101.96,-4.812,-1.669,-61.9,1.50,CLEAR|STRAIGHT,,999.00,1.54,-3.4,-1.7,4378
102.01,-4.812,-1.669,-61.8,1.50,CLEAR|STRAIGHT,,999.00,1.58,-3.7,-1.7,4430
102.06,-4.812,-1.669,-62.2,1.50,CLEAR|STRAIGHT,,999.00,1.58,-3.6,-1.8,4412
102.11,-4.612,-2.030,-62.5,2.43,CLEAR|STRAIGHT,,999.00,1.58,-3.6,-1.8,4430
102.16,-4.612,-2.030,-62.8,2.43,CLEAR|STRAIGHT,,999.00,1.58,-3.8,-1.7,4430
102.21,-4.538,-2.217,-62.9,1.67,CLEAR|STRAIGHT,,999.00,1.58,-3.7,-1.8,4430
102.26,-4.538,-2.217,-63.2,1.67,CLEAR|STRAIGHT,,999.00,1.58,-3.6,-1.8,4430
102.31,-4.538,-2.217,-64.0,1.67,CLEAR|STRAIGHT,,999.00,1.53,-3.9,-2.0,4447
102.36,-4.538,-2.217,-64.3,1.67,CLEAR|STRAIGHT,,999.00,1.53,-3.6,-2.0,4447
102.41,-4.362,-2.570,-64.4,2.19,CLEAR|STRAIGHT,,999.00,1.53,-3.4,-2.1,4465
102.46,-4.362,-2.570,-64.7,2.19,CLEAR|STRAIGHT,,999.00,1.44,-3.4,-2.1,4465
102.51,-4.271,-2.757,-65.2,2.08,CLEAR|STRAIGHT,,999.00,1.38,-3.4,-1.2,4465
102.56,-4.271,-2.757,-65.5,2.08,CLEAR|STRAIGHT,,999.00,1.38,-3.6,-2.1,4465
102.61,-4.201,-2.938,-65.8,1.93,CLEAR|STRAIGHT,,999.00,1.38,-3.5,-2.1,4465
102.66,-4.201,-2.938,-66.3,1.93,CLEAR|STRAIGHT,,999.00,1.38,-3.7,-2.2,4501
102.71,-4.119,-3.133,-66.7,2.12,CLEAR|STRAIGHT,,999.00,1.38,-3.6,-2.1,4465
102.76,-4.119,-3.133,-67.1,2.12,CLEAR|STRAIGHT,,999.00,1.29,-3.3,-2.1,4465
102.81,-4.036,-3.318,-67.6,2.03,CLEAR|STRAIGHT,,999.00,1.24,-3.2,-2.1,4465
102.86,-4.036,-3.318,-67.8,2.03,CLEAR|STRAIGHT,,999.00,1.24,-3.3,-2.0,4465
102.91,-3.974,-3.520,-68.3,1.75,CLEAR|STRAIGHT,,999.00,1.24,-3.2,-2.0,4465
102.96,-3.974,-3.520,-68.5,1.75,CLEAR|STRAIGHT,,999.00,1.24,-3.0,-2.0,4483
103.01,-3.974,-3.520,-69.0,1.75,CLEAR|STRAIGHT,,999.00,1.15,-2.9,-2.1,4465
103.06,-3.974,-3.520,-69.2,1.75,CLEAR|STRAIGHT,,999.00,1.13,-2.7,-2.0,4465
103.11,-3.826,-3.905,-69.7,2.29,CLEAR|STRAIGHT,,999.00,1.13,-2.6,-2.0,4465
103.16,-3.826,-3.905,-69.9,2.29,CLEAR|STRAIGHT,,999.00,1.13,-3.0,-2.0,4465
103.21,-3.762,-4.099,-70.5,2.28,CLEAR|STRAIGHT,,999.00,1.13,-2.8,-2.0,4465
103.26,-3.762,-4.099,-70.7,2.28,CLEAR|STRAIGHT,,999.00,1.07,-2.7,-2.1,4483
103.31,-3.701,-4.295,-71.1,1.86,CLEAR|STRAIGHT,,999.00,1.07,-2.6,-2.0,4483
103.36,-3.701,-4.295,-71.4,1.86,CLEAR|STRAIGHT,,999.00,1.07,-2.7,-2.1,4465
103.41,-3.637,-4.491,-71.9,2.06,CLEAR|STRAIGHT,,999.00,1.07,-2.6,-2.0,4465
103.46,-3.637,-4.491,-72.1,2.06,CLEAR|STRAIGHT,,999.00,1.03,-2.5,-2.0,4465
103.51,-3.579,-4.693,-72.5,2.10,CLEAR|STRAIGHT,,999.00,1.03,-2.4,-2.1,4465
103.56,-3.579,-4.693,-72.8,2.10,CLEAR|STRAIGHT,,999.00,1.03,-2.5,-2.0,4483
103.61,-3.518,-4.889,-73.4,2.05,CLEAR|STRAIGHT,,999.00,1.03,-2.4,-2.0,4465
103.66,-3.518,-4.889,-73.6,2.05,CLEAR|STRAIGHT,,999.00,1.01,-2.4,-2.1,4465
103.71,-3.468,-5.087,-74.0,2.05,CLEAR|STRAIGHT,,999.00,1.01,-2.3,-2.1,4483
103.76,-3.468,-5.087,-74.3,2.05,CLEAR|STRAIGHT,,999.00,1.01,-2.3,-2.0,4465
103.81,-3.415,-5.286,-74.8,2.06,CLEAR|STRAIGHT,,999.00,1.01,-2.2,-2.1,4465
103.86,-3.415,-5.286,-75.0,2.06,CLEAR|STRAIGHT,,999.00,1.01,-2.2,-2.0,4465
103.91,-3.371,-5.484,-75.5,1.56,CLEAR|STRAIGHT,,999.00,1.01,-2.0,-2.1,4465
103.96,-3.371,-5.484,-75.8,1.56,CLEAR|STRAIGHT,,999.00,1.01,-1.8,-2.0,4483
104.01,-3.371,-5.484,-76.4,1.56,CLEAR|STRAIGHT,,999.00,1.03,-1.8,-2.0,4465
104.06,-3.371,-5.484,-76.7,1.56,CLEAR|STRAIGHT,,999.00,1.03,-1.6,-2.1,4483
104.11,-3.282,-5.881,-77.1,2.54,CLEAR|STRAIGHT,,999.00,1.03,-1.4,-2.1,4465
104.16,-3.282,-5.881,-77.3,2.54,CLEAR|STRAIGHT,,999.00,1.05,-2.2,-2.0,4465
104.21,-3.239,-6.085,-77.9,1.89,CLEAR|STRAIGHT,,999.00,1.05,-2.1,-2.1,4465
104.26,-3.239,-6.085,-78.1,1.89,CLEAR|STRAIGHT,,999.00,1.05,-1.8,-2.0,4483
104.31,-3.207,-6.287,-78.4,2.05,CLEAR|STRAIGHT,,999.00,1.05,-1.7,-2.1,4483
104.36,-3.207,-6.287,-78.7,2.05,CLEAR|STRAIGHT,,999.00,1.05,-1.8,-2.0,4465
104.41,-3.173,-6.484,-79.3,2.00,CLEAR|STRAIGHT,,999.00,1.05,-1.6,-2.1,4483
104.46,-3.173,-6.484,-79.6,2.00,CLEAR|STRAIGHT,,999.00,1.06,-2.0,-2.0,4465
104.51,-3.143,-6.681,-80.1,1.99,CLEAR|STRAIGHT,,999.00,1.06,-1.8,-2.1,4483
104.56,-3.143,-6.681,-80.4,1.99,CLEAR|STRAIGHT,,999.00,1.06,-1.7,-2.0,4465
104.61,-3.114,-6.880,-81.0,2.01,CLEAR|STRAIGHT,,999.00,1.06,-1.6,-2.1,4465
104.66,-3.114,-6.880,-81.2,2.01,CLEAR|STRAIGHT,,999.00,1.08,-2.0,-2.1,4465
104.71,-3.086,-7.078,-81.6,2.01,CLEAR|STRAIGHT,,999.00,1.08,-1.9,-2.0,4483
104.76,-3.086,-7.078,-81.9,2.01,CLEAR|STRAIGHT,,999.00,1.08,-1.9,-2.0,4483
104.81,-3.060,-7.277,-82.5,2.22,CLEAR|STRAIGHT,,999.00,1.08,-1.8,-2.0,4465
104.86,-3.060,-7.277,-82.8,2.22,CLEAR|STRAIGHT,,999.00,1.08,-1.9,-2.0,4483
104.91,-3.043,-7.480,-83.2,1.57,CLEAR|STRAIGHT,,999.00,1.08,-1.7,-2.1,4483
104.96,-3.043,-7.480,-83.5,1.57,CLEAR|STRAIGHT,,999.00,1.08,-1.5,-2.0,4465
105.01,-3.043,-7.480,-84.1,1.57,CLEAR|STRAIGHT,,999.00,1.08,-1.6,-2.1,4483
105.06,-3.043,-7.480,-84.3,1.57,CLEAR|STRAIGHT,,999.00,1.08,-1.2,-2.0,4483
105.11,-3.008,-7.882,-84.8,2.24,CLEAR|STRAIGHT,,999.00,1.08,-1.1,-2.1,4465
105.16,-3.008,-7.882,-85.0,2.24,CLEAR|STRAIGHT,,999.00,1.07,-2.8,-2.1,4465
105.21,-2.996,-8.083,-85.5,2.01,CLEAR|STRAIGHT,,999.00,1.07,-2.7,-2.0,4465
105.26,-2.996,-8.083,-85.8,2.01,CLEAR|STRAIGHT,,999.00,1.07,-2.5,-2.0,4483
105.31,-2.992,-8.292,-86.4,2.09,CLEAR|STRAIGHT,,999.00,1.07,-2.4,-2.1,4501
105.36,-2.992,-8.292,-86.7,2.09,CLEAR|STRAIGHT,,999.00,1.07,-2.4,-2.1,4465
105.41,-2.985,-8.497,-87.2,2.04,CLEAR|STRAIGHT,,999.00,1.07,-2.2,-2.0,4465
105.46,-2.985,-8.497,-87.5,2.04,CLEAR|STRAIGHT,,999.00,1.04,-3.1,-2.0,4465
105.51,-2.976,-8.702,-88.0,2.06,CLEAR|STRAIGHT,,999.00,1.04,-3.0,-2.0,4465
105.56,-2.976,-8.702,-88.2,2.06,CLEAR|STRAIGHT,,999.00,1.04,-3.1,-2.0,4465
105.61,-2.981,-8.909,-88.7,2.07,CLEAR|STRAIGHT,,999.00,1.04,-3.0,-2.0,4465
105.66,-2.981,-8.909,-89.0,2.07,CLEAR|STRAIGHT,,999.00,0.97,-3.9,-2.0,4465
105.71,-2.985,-9.110,-89.7,2.01,CLEAR|STRAIGHT,,999.00,0.97,-3.8,-2.0,4465
105.76,-2.985,-9.110,-89.9,2.01,CLEAR|STRAIGHT,,999.00,0.97,-3.8,-2.0,4465
105.81,-2.994,-9.317,-90.4,2.07,CLEAR|STRAIGHT,,999.00,0.97,-3.7,-2.0,4465
105.86,-2.994,-9.317,-90.6,2.07,CLEAR|STRAIGHT,,999.00,0.88,-4.7,-2.1,4465
105.91,-2.997,-9.528,-91.1,1.76,CLEAR|STRAIGHT,,999.00,0.87,-4.6,-2.0,4465
105.96,-2.997,-9.528,-91.4,1.76,CLEAR|STRAIGHT,,999.00,0.87,-4.4,-2.0,4465
106.01,-2.997,-9.528,-91.8,1.76,CLEAR|STRAIGHT,,999.00,0.87,-4.4,-2.0,4465
106.06,-2.997,-9.528,-92.1,1.76,CLEAR|STRAIGHT,,999.00,0.87,-4.2,-2.3,4483
106.11,-3.020,-9.942,-92.8,2.30,CLEAR|STRAIGHT,,999.00,0.87,-4.1,-2.4,4483
106.16,-3.020,-9.942,-93.0,2.30,CLEAR|STRAIGHT,,999.00,0.78,-6.3,-2.4,4501
106.21,-3.046,-10.152,-93.6,2.11,CLEAR|STRAIGHT,,999.00,0.77,-6.2,-2.4,4501
106.26,-3.046,-10.152,-93.9,2.11,CLEAR|STRAIGHT,,999.00,0.77,-6.4,-2.5,4501
106.31,-3.059,-10.355,-94.4,2.04,CLEAR|STRAIGHT,,999.00,0.77,-6.3,-3.1,4574
106.36,-3.059,-10.355,-94.7,2.04,CLEAR|STRAIGHT,,999.00,0.69,-7.2,-3.1,4574
106.41,-3.085,-10.559,-95.2,2.06,CLEAR|STRAIGHT,,999.00,0.69,-7.1,-3.3,4574
106.46,-3.085,-10.559,-95.6,2.06,CLEAR|STRAIGHT,,999.00,0.69,-7.7,-3.8,4611
106.51,-3.111,-10.765,-96.4,2.08,CLEAR|STRAIGHT,,999.00,0.69,-7.5,-4.2,4650
106.56,-3.111,-10.765,-96.7,2.08,CLEAR|STRAIGHT,,999.00,0.69,-8.2,-4.3,4669
106.61,-3.146,-10.964,-97.5,2.02,CLEAR|STRAIGHT,,999.00,0.69,-7.9,-4.6,4708
106.66,-3.146,-10.964,-98.0,2.02,CLEAR|STRAIGHT,,999.00,0.64,-8.7,-4.8,4708
106.71,-3.178,-11.168,-98.9,2.06,CLEAR|STRAIGHT,,999.00,0.64,-8.5,-4.8,4728
106.76,-3.178,-11.168,-99.4,2.06,CLEAR|STRAIGHT,,999.00,0.64,-9.1,-5.2,4768
106.81,-3.220,-11.369,-100.2,2.29,CLEAR|STRAIGHT,,999.00,0.64,-8.9,-5.2,4768
106.86,-3.220,-11.369,-100.7,2.29,CLEAR|STRAIGHT,,999.00,0.62,-9.6,-5.2,4768
106.91,-3.262,-11.573,-101.8,1.49,CLEAR|STRAIGHT,,999.00,0.62,-9.4,-5.9,4788
106.96,-3.262,-11.573,-102.3,1.49,CLEAR|STRAIGHT,,999.00,0.62,-9.0,-6.2,4850
107.01,-3.262,-11.573,-103.4,1.49,CLEAR|STRAIGHT,,999.00,0.62,-9.7,-6.3,4829
107.06,-3.262,-11.573,-103.8,1.49,CLEAR|STRAIGHT,,999.00,0.62,-9.1,-6.2,4850
107.11,-3.375,-11.963,-105.0,2.39,CLEAR|STRAIGHT,,999.00,0.62,-8.8,-6.4,4850
107.16,-3.375,-11.963,-105.5,2.39,CLEAR|STRAIGHT,,999.00,0.63,-10.5,-6.7,4871
107.21,-3.436,-12.160,-106.5,2.07,CLEAR|STRAIGHT,,999.00,0.63,-10.2,-6.6,4871
107.26,-3.436,-12.160,-107.1,2.07,CLEAR|STRAIGHT,,999.00,0.63,-11.2,-6.6,4871
107.31,-3.506,-12.353,-108.2,2.05,CLEAR|STRAIGHT,,999.00,0.63,-10.9,-6.7,4871
107.36,-3.506,-12.353,-108.8,2.05,CLEAR|STRAIGHT,,999.00,0.68,-11.1,-6.7,4871
107.41,-3.582,-12.536,-110.2,2.19,CLEAR|STRAIGHT,,999.00,0.69,-10.9,-6.9,4892
107.46,-3.582,-12.536,-110.8,2.19,CLEAR|STRAIGHT,,999.00,0.69,-11.3,-6.9,4892
107.51,-3.671,-12.724,-112.4,2.08,CLEAR|STRAIGHT,,999.00,0.69,-11.0,-7.4,4913
107.56,-3.671,-12.724,-113.0,2.08,CLEAR|STRAIGHT,,999.00,0.74,-11.0,-7.4,4913
107.61,-3.749,-12.907,-114.6,1.99,CLEAR|STRAIGHT,,999.00,0.79,-10.7,-7.6,4957
107.66,-3.749,-12.907,-115.3,1.99,CLEAR|STRAIGHT,,999.00,0.79,-11.4,-7.8,4935
107.71,-3.843,-13.098,-117.0,2.13,CLEAR|STRAIGHT,,999.00,0.79,-11.0,-7.8,4935
107.76,-3.843,-13.098,-117.8,2.13,CLEAR|STRAIGHT,,999.00,0.84,-10.6,-8.1,4957
107.81,-3.950,-13.273,-119.2,2.05,CLEAR|STRAIGHT,,999.00,0.89,-10.3,-8.2,4979
107.86,-3.950,-13.273,-120.1,2.05,CLEAR|STRAIGHT,,999.00,0.94,-10.9,-8.2,4979
107.91,-4.077,-13.449,-121.7,1.66,CLEAR|STRAIGHT,,999.00,0.97,-10.6,-8.1,4979
107.96,-4.077,-13.449,-122.4,1.66,CLEAR|STRAIGHT,,999.00,0.97,-9.8,-8.1,4957
108.01,-4.077,-13.449,-123.5,1.66,CLEAR|STRAIGHT,,999.00,0.97,-11.3,-8.1,4957
108.06,-4.077,-13.449,-124.0,1.66,CLEAR|STRAIGHT,,999.00,0.97,-10.6,-8.1,4979
108.11,-4.331,-13.772,-124.9,2.41,CLEAR|STRAIGHT,,999.00,0.97,-10.3,-8.1,4957
108.16,-4.331,-13.772,-125.4,2.41,CLEAR|STRAIGHT,,999.00,1.02,-10.1,-8.1,4957
108.21,-4.461,-13.910,-126.3,1.88,CLEAR|STRAIGHT,,999.00,1.07,-9.9,-8.1,4957
108.26,-4.461,-13.910,-126.7,1.88,CLEAR|STRAIGHT,,999.00,1.12,-10.3,-8.3,4979
108.31,-4.596,-14.051,-127.9,1.95,CLEAR|STRAIGHT,,999.00,1.17,-10.1,-8.4,4979
108.36,-4.596,-14.051,-128.9,1.95,CLEAR|STRAIGHT,,999.00,1.22,-10.5,-8.4,4979
108.41,-4.739,-14.191,-130.5,1.94,CLEAR|STRAIGHT,,999.00,1.27,-10.2,-8.4,4979
108.46,-4.739,-14.191,-131.5,1.94,CLEAR|STRAIGHT,,999.00,1.32,-10.4,-8.4,4979
108.51,-4.873,-14.338,-133.0,2.07,CLEAR|STRAIGHT,,999.00,1.37,-10.1,-8.4,5001
108.56,-4.873,-14.338,-133.8,2.07,CLEAR|STRAIGHT,,999.00,1.39,-8.9,-8.4,4979
108.61,-5.011,-14.499,-135.4,2.26,CLEAR|STRAIGHT,,999.00,1.39,-8.6,-8.3,4979
108.66,-5.011,-14.499,-136.1,2.26,CLEAR|STRAIGHT,,999.00,1.39,-8.7,-8.4,4979
108.71,-5.163,-14.634,-137.6,1.90,CLEAR|STRAIGHT,,999.00,1.39,-8.3,-8.4,4979
108.76,-5.163,-14.634,-138.4,1.90,CLEAR|STRAIGHT,,999.00,1.44,-8.0,-8.4,4979
108.81,-5.322,-14.769,-140.1,2.06,CLEAR|STRAIGHT,,999.00,1.48,-7.8,-8.4,4979
108.86,-5.322,-14.769,-141.0,2.06,CLEAR|STRAIGHT,,999.00,1.48,-7.7,-8.4,5001
108.91,-5.484,-14.889,-142.5,1.54,CLEAR|STRAIGHT,,999.00,1.48,-7.2,-8.4,5001
108.96,-5.484,-14.889,-143.1,1.54,CLEAR|STRAIGHT,,999.00,1.48,-6.5,-8.4,4979
109.01,-5.484,-14.889,-144.9,1.54,CLEAR|STRAIGHT,,999.00,1.48,-8.2,-8.3,5001
109.06,-5.484,-14.889,-145.7,1.54,CLEAR|STRAIGHT,,999.00,1.48,-7.3,-8.3,4979
109.11,-5.848,-15.126,-147.3,2.41,CLEAR|STRAIGHT,,999.00,1.48,-6.8,-8.3,5001
109.16,-5.848,-15.126,-148.1,2.41,CLEAR|STRAIGHT,,999.00,1.50,-4.8,-8.4,4979
109.21,-6.042,-15.222,-149.8,2.15,CLEAR|STRAIGHT,,999.00,1.50,-4.4,-8.3,4979
109.26,-6.042,-15.222,-150.7,2.15,CLEAR|STRAIGHT,,999.00,1.41,-3.6,-8.4,4979
109.31,-6.241,-15.318,-152.3,2.21,CLEAR|STRAIGHT,,999.00,1.37,-3.2,-8.3,4979
109.36,-6.241,-15.318,-152.9,2.21,CLEAR|STRAIGHT,,999.00,1.37,-2.6,-7.8,4957
109.41,-6.445,-15.409,-154.3,2.48,CLEAR|STRAIGHT,,999.00,1.37,-2.3,-7.1,4935
109.46,-6.445,-15.409,-154.9,2.48,CLEAR|STRAIGHT,,999.00,1.35,-1.1,-6.3,4892
109.51,-6.656,-15.487,-156.2,2.24,CLEAR|STRAIGHT,,999.00,1.35,-0.9,-5.4,4850
109.56,-6.656,-15.487,-156.9,2.24,CLEAR|STRAIGHT,,999.00,1.35,-0.4,-5.3,4829
109.61,-6.868,-15.560,-158.0,2.24,AVOID|RIGHT,-4.8,8.00,1.35,-0.1,-5.3,4829
109.66,-6.868,-15.560,-158.6,2.24,AVOID|RIGHT,-4.8,8.00,1.40,-4.8,-4.6,4748
109.71,-7.090,-15.638,-159.4,2.14,AVOID|RIGHT,-8.4,8.00,1.43,-4.8,-3.7,4708
109.76,-7.090,-15.638,-159.9,2.14,AVOID|RIGHT,-8.4,8.00,1.43,-8.4,-3.3,4669
109.81,-7.090,-15.638,-160.5,2.14,AVOID|RIGHT,-8.6,8.00,1.43,-8.4,-3.3,4650
109.86,-7.315,-15.697,-161.0,1.54,AVOID|RIGHT,-8.6,8.00,1.43,-8.6,-3.2,4650
109.91,-7.315,-15.697,-161.9,1.54,AVOID|RIGHT,-7.2,8.00,1.43,-8.6,-3.7,4650
109.96,-7.315,-15.697,-162.5,1.54,AVOID|RIGHT,-7.2,8.00,1.43,-7.2,-5.1,4748
110.01,-7.773,-15.848,-163.7,2.84,AVOID|RIGHT,-3.6,8.00,1.43,-7.2,-5.5,4808
110.06,-7.773,-15.848,-164.3,2.84,AVOID|RIGHT,-3.6,8.00,1.43,-3.6,-5.5,4788
110.11,-7.773,-15.848,-165.3,2.84,AVOID|RIGHT,-0.8,8.00,1.48,-3.6,-5.5,4808
110.16,-7.773,-15.848,-166.1,2.84,AVOID|RIGHT,-0.8,8.00,1.53,-0.8,-5.5,4788
110.21,-8.253,-15.961,-167.1,2.24,AVOID|RIGHT,2.4,8.00,1.58,-0.8,-5.4,4808
110.26,-8.253,-15.961,-167.7,2.24,AVOID|RIGHT,2.4,8.00,1.59,2.4,-4.6,4768
110.31,-8.253,-15.961,-168.9,2.24,AVOID|LEFT,5.8,8.00,1.50,5.8,-3.9,4728
110.36,-8.253,-15.961,-169.5,2.24,AVOID|LEFT,5.8,8.00,1.45,5.8,-3.6,4688
110.41,-8.741,-16.023,-170.4,2.58,AVOID|LEFT,8.6,8.00,1.45,8.6,-2.2,4574
110.46,-8.741,-16.023,-170.5,2.58,AVOID|LEFT,8.6,8.00,1.45,8.6,-0.4,4395
110.51,-8.741,-16.023,-170.4,2.58,AVOID|LEFT,9.4,8.00,1.43,9.4,1.6,4152
110.56,-8.741,-16.023,-170.2,2.58,AVOID|LEFT,9.4,8.00,1.43,9.4,3.4,3893
110.61,-9.241,-16.094,-169.4,2.97,AVOID|LEFT,9.4,8.00,1.43,9.4,5.2,3630
110.66,-9.241,-16.094,-168.7,2.97,AVOID|RIGHT,0.6,8.00,1.48,9.4,6.6,3420
110.71,-9.241,-16.094,-167.4,2.97,AVOID|RIGHT,0.6,8.00,1.51,0.6,7.0,3300
110.76,-9.495,-16.114,-166.6,1.68,AVOID|RIGHT,-4.4,8.00,1.51,0.6,7.2,3233
110.81,-9.495,-16.114,-165.3,1.68,AVOID|RIGHT,-4.4,8.00,1.51,-4.4,7.4,3196
110.86,-9.495,-16.114,-164.5,1.68,AVOID|RIGHT,-5.8,8.00,1.56,-4.4,6.8,3224
110.91,-10.009,-16.226,-163.2,3.09,AVOID|RIGHT,-5.8,8.00,1.60,-5.8,5.0,3389
110.96,-10.009,-16.226,-163.0,3.09,AVOID|RIGHT,-7.8,8.00,1.60,-5.8,3.1,3630
111.01,-10.009,-16.226,-163.0,3.09,AVOID|RIGHT,-7.8,8.00,1.52,-7.8,1.1,3893
111.06,-10.009,-16.226,-162.9,3.09,AVOID|RIGHT,-9.4,8.00,1.52,-7.8,-0.5,4106
111.11,-10.503,-16.374,-163.5,2.87,AVOID|RIGHT,-9.4,8.00,1.52,-9.4,-2.2,4328
111.16,-10.503,-16.374,-163.9,2.87,AVOID|RIGHT,-10.2,8.00,1.46,-9.4,-3.6,4483
111.21,-10.762,-16.431,-165.0,2.65,AVOID|RIGHT,-10.2,8.00,1.46,-10.2,-4.3,4593
111.26,-10.762,-16.431,-165.5,2.65,AVOID|RIGHT,-9.2,8.00,1.46,-10.2,-5.2,4688
111.31,-11.021,-16.491,-166.9,2.94,AVOID|RIGHT,-9.2,8.00,1.46,-9.2,-6.1,4768
111.36,-11.021,-16.491,-167.6,2.94,AVOID|RIGHT,-3.8,8.00,1.51,-9.2,-6.7,4829
111.41,-11.281,-16.547,-168.8,2.42,AVOID|RIGHT,-3.8,8.00,1.55,-3.8,-6.9,4871
111.46,-11.281,-16.547,-169.5,2.42,AVOID|STRAIGHT,-0.6,8.00,1.55,-3.8,-7.0,4871
111.51,-11.553,-16.582,-170.8,2.74,AVOID|STRAIGHT,-0.6,8.00,1.55,-0.6,-7.0,4892
111.56,-11.553,-16.582,-171.5,2.74,AVOID|STRAIGHT,3.4,8.00,1.52,-0.6,-6.9,4871
111.61,-11.820,-16.611,-173.3,2.68,AVOID|STRAIGHT,3.4,8.00,1.52,3.4,-6.0,4850
111.66,-11.820,-16.611,-174.3,2.68,AVOID|LEFT,9.6,8.00,1.52,3.4,-4.9,4768
111.71,-11.820,-16.611,-175.1,2.68,AVOID|LEFT,9.6,8.00,1.52,9.6,-3.3,4669
111.76,-11.820,-16.611,-176.0,2.68,AVOID|LEFT,15.0,8.00,1.52,9.6,-1.3,4483
111.81,-12.366,-16.653,-176.4,44.39,AVOID|LEFT,15.0,8.00,1.52,15.0,0.6,4295
111.86,-12.366,-16.653,-176.4,44.39,AVOID|LEFT,16.0,8.00,1.49,15.0,2.9,4004
111.91,-12.642,-16.670,-175.8,2.30,AVOID|LEFT,16.0,8.00,1.49,16.0,4.9,3677
111.96,-12.642,-16.670,-174.7,2.30,AVOID|LEFT,16.4,8.00,1.49,16.0,6.6,3430
112.01,-12.642,-16.670,-173.0,2.30,AVOID|LEFT,16.4,8.00,1.52,16.4,8.2,3187
112.06,-12.642,-16.670,-172.0,2.30,AVOID|LEFT,15.6,8.00,1.52,16.4,9.7,3016
112.11,-13.202,-16.695,-169.5,3.10,AVOID|LEFT,15.6,8.00,1.52,15.6,11.1,2806
112.16,-13.202,-16.695,-167.8,3.10,AVOID|LEFT,15.2,8.00,1.57,15.6,12.6,2660
112.21,-13.202,-16.695,-164.8,3.10,AVOID|LEFT,15.2,8.00,1.58,15.2,13.1,2575
112.26,-13.497,-16.703,-163.0,1.91,CLEAR|STRAIGHT,,999.00,1.58,15.2,13.0,2545
112.31,-13.497,-16.703,-160.2,1.91,CLEAR|STRAIGHT,,999.00,1.58,13.9,13.1,2523
112.36,-13.497,-16.703,-158.5,1.91,CLEAR|STRAIGHT,,999.00,1.58,16.1,13.1,2500
112.41,-14.008,-16.870,-155.4,3.57,CLEAR|STRAIGHT,,999.00,1.58,16.1,13.0,2495
112.46,-14.008,-16.870,-153.8,3.57,CLEAR|STRAIGHT,,999.00,1.56,13.8,13.0,2495
112.51,-14.268,-16.977,-150.6,3.13,CLEAR|STRAIGHT,,999.00,1.56,12.0,13.4,2462
112.56,-14.268,-16.977,-149.0,3.13,CLEAR|STRAIGHT,,999.00,1.56,12.5,13.4,2451
112.61,-14.510,-17.117,-145.9,2.79,CLEAR|STRAIGHT,,999.00,1.56,11.9,13.4,2440
112.66,-14.510,-17.117,-144.3,2.79,CLEAR|STRAIGHT,,999.00,1.57,9.7,13.4,2435
112.71,-14.738,-17.268,-141.0,2.73,CLEAR|STRAIGHT,,999.00,1.57,7.4,13.4,2420
112.76,-14.738,-17.268,-139.3,2.73,CLEAR|STRAIGHT,,999.00,1.57,6.1,13.4,2430
112.81,-14.958,-17.450,-136.5,2.59,CLEAR|STRAIGHT,,999.00,1.57,5.6,12.4,2484
112.86,-14.958,-17.450,-135.0,2.59,CLEAR|STRAIGHT,,999.00,1.57,5.7,11.0,2592
112.91,-15.147,-17.641,-132.6,2.24,CLEAR|STRAIGHT,,999.00,1.57,5.0,9.4,2731
112.96,-15.147,-17.641,-131.7,2.24,CLEAR|STRAIGHT,,999.00,1.57,4.0,8.2,2856
113.01,-15.147,-17.641,-130.0,2.24,CLEAR|STRAIGHT,,999.00,1.53,3.2,7.4,2969
113.06,-15.147,-17.641,-129.4,2.24,CLEAR|STRAIGHT,,999.00,1.53,2.5,7.1,3008
113.11,-15.509,-18.041,-128.1,3.17,CLEAR|STRAIGHT,,999.00,1.53,2.1,6.5,3100
113.16,-15.509,-18.041,-127.6,3.17,CLEAR|STRAIGHT,,999.00,1.50,0.4,5.8,3205
113.21,-15.668,-18.266,-126.7,2.50,CLEAR|STRAIGHT,,999.00,1.50,0.2,5.2,3290
113.26,-15.668,-18.266,-126.0,2.50,CLEAR|STRAIGHT,,999.00,1.53,-2.0,4.6,3369
113.31,-15.819,-18.492,-125.9,2.71,CLEAR|STRAIGHT,,999.00,1.53,-2.2,3.5,3505
113.36,-15.819,-18.492,-125.6,2.71,CLEAR|STRAIGHT,,999.00,1.53,-3.2,2.4,3653
113.41,-15.965,-18.701,-125.3,2.56,CLEAR|STRAIGHT,,999.00,1.53,-3.1,1.0,3867
113.46,-15.965,-18.701,-125.5,2.56,CLEAR|STRAIGHT,,999.00,1.57,-4.2,0.5,3990
113.51,-16.167,-18.927,-125.5,3.01,CLEAR|STRAIGHT,,999.00,1.57,-4.2,-0.2,4077
113.56,-16.167,-18.927,-125.6,3.01,CLEAR|STRAIGHT,,999.00,1.57,-4.5,-0.6,4167
113.61,-16.319,-19.135,-126.1,2.34,CLEAR|STRAIGHT,,999.00,1.57,-4.6,-0.8,4214
113.66,-16.319,-19.135,-126.0,2.34,CLEAR|STRAIGHT,,999.00,1.48,-5.4,-1.2,4262
113.71,-16.319,-19.135,-126.5,2.34,CLEAR|STRAIGHT,,999.00,1.43,-5.1,-1.5,4311
113.76,-16.319,-19.135,-127.0,2.34,CLEAR|STRAIGHT,,999.00,1.43,-5.0,-1.9,4378
113.81,-16.649,-19.545,-127.6,2.77,CLEAR|STRAIGHT,,999.00,1.43,-5.0,-2.2,4395
113.86,-16.649,-19.545,-128.0,2.77,CLEAR|STRAIGHT,,999.00,1.39,-5.9,-2.3,4430
113.91,-16.812,-19.736,-128.5,2.09,CLEAR|STRAIGHT,,999.00,1.39,-5.8,-2.3,4430
113.96,-16.812,-19.736,-128.8,2.09,CLEAR|STRAIGHT,,999.00,1.39,-5.6,-2.3,4447
114.01,-16.812,-19.736,-129.5,2.09,CLEAR|STRAIGHT,,999.00,1.39,-6.4,-2.8,4501
114.06,-16.812,-19.736,-130.0,2.09,CLEAR|STRAIGHT,,999.00,1.39,-6.1,-3.3,4537
114.11,-17.157,-20.145,-130.8,3.15,CLEAR|STRAIGHT,,999.00,1.39,-5.9,-3.2,4555
114.16,-17.157,-20.145,-131.2,3.15,CLEAR|STRAIGHT,,999.00,1.35,-7.3,-3.3,4555
114.21,-17.345,-20.331,-132.0,2.40,CLEAR|STRAIGHT,,999.00,1.35,-7.1,-3.5,4574
114.26,-17.345,-20.331,-132.4,2.40,CLEAR|STRAIGHT,,999.00,1.40,-6.8,-3.6,4611
114.31,-17.534,-20.518,-133.3,2.66,CLEAR|STRAIGHT,,999.00,1.45,-6.6,-3.8,4611
114.36,-17.534,-20.518,-133.9,2.66,CLEAR|STRAIGHT,,999.00,1.46,-6.8,-4.1,4650
114.41,-17.719,-20.693,-135.0,2.83,CLEAR|STRAIGHT,,999.00,1.46,-6.7,-4.1,4650
114.46,-17.719,-20.693,-135.5,2.83,CLEAR|STRAIGHT,,999.00,1.51,-6.2,-4.1,4669
114.51,-17.920,-20.866,-136.6,2.64,CLEAR|STRAIGHT,,999.00,1.56,-6.0,-4.4,4688
114.56,-17.920,-20.866,-137.1,2.64,CLEAR|STRAIGHT,,999.00,1.56,-6.5,-4.4,4688
114.61,-18.124,-21.026,-137.9,2.59,CLEAR|STRAIGHT,,999.00,1.56,-6.3,-4.4,4688
114.66,-18.124,-21.026,-138.6,2.59,CLEAR|STRAIGHT,,999.00,1.47,-6.0,-4.5,4688
114.71,-18.327,-21.163,-139.5,2.43,CLEAR|STRAIGHT,,999.00,1.44,-5.8,-4.5,4708
114.76,-18.327,-21.163,-140.0,2.43,CLEAR|STRAIGHT,,999.00,1.44,-6.1,-4.5,4708
114.81,-18.537,-21.321,-141.1,2.62,CLEAR|STRAIGHT,,999.00,1.44,-5.9,-4.7,4708
114.86,-18.537,-21.321,-141.7,2.62,CLEAR|STRAIGHT,,999.00,1.40,-5.2,-4.8,4728
114.91,-18.750,-21.480,-142.7,2.41,CLEAR|STRAIGHT,,999.00,1.40,-5.0,-4.8,4728
114.96,-18.750,-21.480,-143.3,2.41,CLEAR|STRAIGHT,,999.00,1.40,-5.5,-4.8,4728
115.01,-18.961,-21.635,-144.5,2.91,CLEAR|STRAIGHT,,999.00,1.40,-5.3,-4.9,4748
115.06,-18.961,-21.635,-145.1,2.91,CLEAR|STRAIGHT,,999.00,1.45,-4.2,-4.8,4748
115.11,-19.181,-21.777,-146.2,2.38,CLEAR|STRAIGHT,,999.00,1.48,-4.0,-4.8,4728
115.16,-19.181,-21.777,-146.8,2.38,CLEAR|STRAIGHT,,999.00,1.48,-4.6,-4.8,4728
115.21,-19.389,-21.914,-147.9,2.27,CLEAR|STRAIGHT,,999.00,1.48,-4.3,-4.8,4748
115.26,-19.389,-21.914,-148.4,2.27,CLEAR|STRAIGHT,,999.00,1.53,-3.8,-4.8,4748
115.31,-19.389,-21.914,-149.4,2.27,CLEAR|STRAIGHT,,999.00,1.57,-3.6,-4.8,4728
115.36,-19.389,-21.914,-150.1,2.27,CLEAR|STRAIGHT,,999.00,1.57,-3.2,-4.8,4728
115.41,-19.843,-22.173,-151.2,2.75,CLEAR|STRAIGHT,,999.00,1.57,-2.9,-4.8,4748
115.46,-19.843,-22.173,-151.8,2.75,CLEAR|STRAIGHT,,999.00,1.49,-2.3,-4.8,4748
115.51,-20.075,-22.279,-152.9,2.54,CLEAR|STRAIGHT,,999.00,1.49,-2.1,-4.8,4748
115.56,-20.075,-22.279,-153.5,2.54,CLEAR|STRAIGHT,,999.00,1.49,-1.9,-4.6,4748
115.61,-20.313,-22.390,-154.5,2.62,CLEAR|STRAIGHT,,999.00,1.49,-1.6,-4.8,4728
115.66,-20.313,-22.390,-155.2,2.62,CLEAR|STRAIGHT,,999.00,1.44,-1.0,-4.6,4728
115.71,-20.554,-22.495,-156.3,2.92,CLEAR|STRAIGHT,,999.00,1.44,-0.8,-3.7,4688
115.76,-20.554,-22.495,-156.8,2.92,CLEAR|STRAIGHT,,999.00,1.44,-0.2,-3.9,4669
115.81,-20.796,-22.586,-157.7,2.87,CLEAR|STRAIGHT,,999.00,1.44,0.0,-3.8,4669
115.86,-20.796,-22.586,-158.3,2.87,CLEAR|STRAIGHT,,999.00,1.49,0.6,-3.8,4650
115.91,-21.041,-22.679,-159.1,1.87,CLEAR|STRAIGHT,,999.00,1.51,0.8,-3.3,4630
115.96,-21.041,-22.679,-159.5,1.87,CLEAR|STRAIGHT,,999.00,1.51,1.1,-2.5,4574
116.01,-21.041,-22.679,-160.2,1.87,CLEAR|STRAIGHT,,999.00,1.51,1.7,-2.0,4519
116.06,-21.041,-22.679,-160.5,1.87,CLEAR|STRAIGHT,,999.00,1.51,2.1,-1.7,4465
116.11,-21.530,-22.857,-161.0,3.06,CLEAR|STRAIGHT,,999.00,1.51,2.3,-1.4,4447
116.16,-21.530,-22.857,-161.3,3.06,CLEAR|STRAIGHT,,999.00,1.56,3.2,-1.1,4395
116.21,-21.774,-22.952,-161.7,2.61,CLEAR|STRAIGHT,,999.00,1.56,3.3,-0.2,4328
116.26,-21.774,-22.952,-161.7,2.61,CLEAR|STRAIGHT,,999.00,1.47,3.0,0.3,4246
116.31,-22.029,-23.018,-161.9,2.63,CLEAR|STRAIGHT,,999.00,1.45,3.1,0.8,4183
116.36,-22.029,-23.018,-161.9,2.63,CLEAR|STRAIGHT,,999.00,1.45,3.7,1.1,4137
116.41,-22.273,-23.116,-161.8,2.63,CLEAR|STRAIGHT,,999.00,1.45,3.7,1.3,4077
116.46,-22.273,-23.116,-161.9,2.63,CLEAR|STRAIGHT,,999.00,1.43,3.6,1.3,4062
116.51,-22.523,-23.182,-161.8,2.86,CLEAR|STRAIGHT,,999.00,1.43,3.6,1.3,4033
116.56,-22.523,-23.182,-161.7,2.86,CLEAR|STRAIGHT,,999.00,1.43,4.0,1.8,3990
116.61,-22.782,-23.252,-161.5,2.44,CLEAR|STRAIGHT,,999.00,1.43,4.0,2.0,3934
116.66,-22.782,-23.252,-161.4,2.44,CLEAR|STRAIGHT,,999.00,1.48,4.5,2.0,3920
116.71,-23.040,-23.319,-161.1,2.95,CLEAR|STRAIGHT,,999.00,1.52,4.4,2.0,3907
116.76,-23.040,-23.319,-160.8,2.95,CLEAR|STRAIGHT,,999.00,1.52,5.2,2.0,3920
116.81,-23.284,-23.395,-160.5,2.32,CLEAR|STRAIGHT,,999.00,1.52,5.1,2.3,3880
116.86,-23.284,-23.395,-160.5,2.32,CLEAR|STRAIGHT,,999.00,1.44,5.9,2.6,3853
116.91,-23.531,-23.472,-160.2,2.35,CLEAR|STRAIGHT,,999.00,1.44,5.8,2.9,3801
116.96,-23.531,-23.472,-159.9,2.35,CLEAR|STRAIGHT,,999.00,1.44,6.9,2.9,3763
117.01,-23.777,-23.552,-159.5,2.87,CLEAR|STRAIGHT,,999.00,1.44,6.8,3.1,3751
117.06,-23.777,-23.552,-159.3,2.87,CLEAR|STRAIGHT,,999.00,1.35,8.0,3.4,3726
117.11,-24.018,-23.648,-158.7,2.54,CLEAR|STRAIGHT,,999.00,1.32,7.8,3.9,3653
117.16,-24.018,-23.648,-158.4,2.54,CLEAR|STRAIGHT,,999.00,1.23,9.3,4.4,3572
117.21,-24.280,-23.721,-157.5,2.50,AVOID|LEFT,10.0,8.00,1.14,9.1,4.9,3505
117.26,-24.280,-23.721,-157.0,2.50,AVOID|LEFT,10.0,8.00,1.10,10.0,5.4,3430
117.31,-24.525,-23.814,-155.9,2.91,AVOID|LEFT,13.4,8.00,1.10,10.0,6.1,3349
117.36,-24.525,-23.814,-155.2,2.91,AVOID|LEFT,13.4,8.00,1.01,13.4,6.8,3252
117.41,-24.770,-23.915,-154.0,2.65,AVOID|LEFT,13.2,8.00,0.92,13.4,7.1,3196
117.46,-24.770,-23.915,-153.3,2.65,AVOID|LEFT,13.2,8.00,0.83,13.2,7.4,3152
117.51,-25.013,-24.027,-151.9,2.43,AVOID|LEFT,16.4,8.00,0.81,13.2,8.4,3033
117.56,-25.013,-24.027,-151.0,2.43,AVOID|LEFT,16.4,8.00,0.72,16.4,9.8,2878
117.61,-25.248,-24.147,-148.6,2.93,AVOID|LEFT,18.0,8.00,0.66,16.4,10.7,2771
117.66,-25.248,-24.147,-147.3,2.93,AVOID|LEFT,18.0,8.00,0.66,18.0,11.0,2724
117.71,-25.462,-24.286,-144.9,2.55,AVOID|LEFT,18.0,8.00,0.66,18.0,11.9,2641
117.76,-25.462,-24.286,-143.6,2.55,AVOID|LEFT,18.0,8.00,0.71,18.0,12.9,2551
117.81,-25.667,-24.430,-140.5,2.28,AVOID|LEFT,18.0,8.00,0.76,18.0,13.9,2446
117.86,-25.667,-24.430,-138.8,2.28,AVOID|LEFT,18.0,8.00,0.81,18.0,14.4,2399
117.91,-25.858,-24.587,-135.5,2.06,AVOID|LEFT,18.0,8.00,0.86,18.0,14.5,2369
117.96,-25.858,-24.587,-134.2,2.06,AVOID|LEFT,18.0,8.00,0.91,18.0,14.7,2339
118.01,-25.858,-24.587,-130.9,2.06,AVOID|RIGHT,9.2,0.04,0.82,18.0,14.8,2315
118.06,-25.858,-24.587,-129.1,2.06,AVOID|RIGHT,9.2,0.04,0.73,9.2,14.8,2320
118.11,-26.205,-24.962,-125.6,2.83,AVOID|RIGHT,-0.2,8.00,0.64,9.2,14.8,2301
118.16,-26.205,-24.962,-124.1,2.83,AVOID|RIGHT,-0.2,8.00,0.55,-0.2,15.1,2287
118.21,-26.342,-25.154,-120.9,2.62,BLOCKED|STOP,,0.66,0.46,-0.2,14.1,2339
118.26,-26.342,-25.154,-119.4,2.62,BLOCKED|STOP,,0.66,0.37,4.5,12.5,2440
118.31,-26.480,-25.360,-117.1,2.25,BLOCKED|STOP,,0.47,0.28,2.2,10.8,2580
118.36,-26.480,-25.360,-116.0,2.25,BLOCKED|STOP,,0.47,0.19,0.0,9.2,2731
118.41,-26.566,-25.580,-114.3,2.61,BLOCKED|STOP,,0.34,0.10,0.0,7.7,2885
118.46,-26.566,-25.580,-113.7,2.61,BLOCKED|STOP,,0.34,0.01,0.0,5.9,3100
118.51,-26.646,-25.796,-112.7,2.55,BLOCKED|STOP,,0.37,0.00,0.0,4.1,3329
118.56,-26.646,-25.796,-112.4,2.55,BLOCKED|STOP,,0.37,0.00,0.0,2.8,3516
118.61,-26.743,-26.006,-112.0,2.10,BLOCKED|STOP,,0.48,0.00,0.0,2.0,3641
118.66,-26.743,-26.006,-111.8,2.10,BLOCKED|STOP,,0.48,0.00,0.0,1.9,3738
118.71,-26.825,-26.223,-111.6,2.32,BLOCKED|STOP,,0.40,0.00,0.0,1.8,3788
118.76,-26.825,-26.223,-111.4,2.32,BLOCKED|STOP,,0.40,0.00,0.0,1.8,3827
118.81,-26.907,-26.429,-111.4,2.22,BLOCKED|STOP,,0.39,0.00,0.0,1.8,3840
118.86,-26.907,-26.429,-111.3,2.22,BLOCKED|STOP,,0.39,0.00,0.0,1.7,3853
118.91,-26.989,-26.614,-111.1,1.55,BLOCKED|STOP,,0.39,0.00,0.0,1.1,3934
118.96,-26.989,-26.614,-111.0,1.55,BLOCKED|STOP,,0.39,0.00,0.0,1.0,3948
119.01,-26.989,-26.614,-111.0,1.55,BLOCKED|STOP,,0.42,0.00,0.0,1.0,3948
119.06,-26.989,-26.614,-111.0,1.55,BLOCKED|STOP,,0.42,0.00,0.0,1.0,3990
119.11,-27.134,-26.947,-111.0,2.13,BLOCKED|STOP,,0.38,0.00,0.0,1.0,4004
119.16,-27.134,-26.947,-111.0,2.13,BLOCKED|STOP,,0.38,0.00,0.0,0.7,4047
119.21,-27.187,-27.092,-110.9,1.55,BLOCKED|STOP,,0.36,0.00,0.0,0.8,4047
119.26,-27.187,-27.092,-111.0,1.55,BLOCKED|STOP,,0.36,0.00,0.0,0.8,4077
119.31,-27.238,-27.223,-110.9,1.40,BLOCKED|STOP,,0.37,0.00,0.0,0.7,4062
119.36,-27.238,-27.223,-111.0,1.40,BLOCKED|STOP,,0.37,0.00,0.0,0.7,4092
119.41,-27.304,-27.352,-111.0,1.44,BLOCKED|STOP,,0.35,0.00,0.0,0.8,4062
119.46,-27.304,-27.352,-110.9,1.44,BLOCKED|STOP,,0.35,0.00,0.0,0.8,4077
119.51,-27.362,-27.462,-111.1,1.24,BLOCKED|STOP,,0.30,0.00,0.0,0.8,4062
119.56,-27.362,-27.462,-111.0,1.24,BLOCKED|STOP,,0.31,0.00,0.0,0.8,4077
119.61,-27.397,-27.573,-111.0,1.16,BLOCKED|STOP,,0.31,0.00,0.0,0.8,4077
119.66,-27.397,-27.573,-111.0,1.16,BLOCKED|STOP,,0.30,0.00,0.0,0.8,4077
119.71,-27.442,-27.680,-111.0,1.16,BLOCKED|STOP,,0.30,0.00,0.0,0.8,4077
119.76,-27.442,-27.680,-111.0,1.16,BLOCKED|STOP,,0.30,0.00,0.0,0.7,4092
119.81,-27.487,-27.772,-111.0,1.01,BLOCKED|STOP,,0.30,0.00,0.0,0.7,4077
119.86,-27.487,-27.772,-111.1,1.01,BLOCKED|STOP,,0.32,0.00,0.0,0.7,4106
119.91,-27.524,-27.855,-111.0,0.65,BLOCKED|STOP,,0.32,0.00,0.0,0.7,4092
119.96,-27.524,-27.855,-111.1,0.65,BLOCKED|STOP,,0.30,0.00,0.0,0.8,4092
120.01,-27.524,-27.855,-111.1,0.65,BLOCKED|STOP,,0.30,0.00,0.0,0.8,4092
120.06,-27.524,-27.855,-111.1,0.65,BLOCKED|STOP,,0.30,0.00,0.0,0.8,4092
120.11,-27.589,-28.013,-111.1,1.07,BLOCKED|STOP,,0.30,0.00,0.0,0.7,4077
120.16,-27.589,-28.013,-111.1,1.07,BLOCKED|STOP,,0.30,0.00,0.0,0.7,4077
120.21,-27.626,-28.084,-111.2,0.79,BLOCKED|STOP,,0.30,0.00,0.0,0.8,4092
120.26,-27.626,-28.084,-111.1,0.79,BLOCKED|STOP,,0.33,0.00,0.0,0.7,4092
120.31,-27.660,-28.171,-111.2,1.03,BLOCKED|STOP,,0.33,0.00,0.0,0.8,4092
120.36,-27.660,-28.171,-111.2,1.03,BLOCKED|STOP,,0.30,0.00,0.0,0.7,4092
120.41,-27.682,-28.235,-111.2,0.62,BLOCKED|STOP,,0.30,0.00,0.0,0.8,4092
120.46,-27.682,-28.235,-111.2,0.62,BLOCKED|STOP,,0.30,0.00,0.0,0.8,4092
120.51,-27.703,-28.283,-111.2,0.53,BLOCKED|STOP,,0.30,0.00,0.0,0.7,4092
120.56,-27.703,-28.283,-111.2,0.53,BLOCKED|STOP,,1.51,0.00,0.0,0.8,4106
120.61,-27.729,-28.343,-111.2,0.65,BLOCKED|STOP,,0.30,0.00,0.0,0.7,4106
120.66,-27.729,-28.343,-111.2,0.65,BLOCKED|STOP,,0.30,0.00,0.0,0.7,4106
120.71,-27.748,-28.405,-111.2,0.65,BLOCKED|STOP,,0.30,0.00,0.0,0.8,4077
120.76,-27.748,-28.405,-111.2,0.65,BLOCKED|STOP,,0.30,0.00,0.0,0.7,4092
120.81,-27.772,-28.443,-111.2,0.43,BLOCKED|STOP,,0.30,0.00,0.0,0.7,4092
120.86,-27.772,-28.443,-111.2,0.43,BLOCKED|STOP,,0.30,0.00,0.0,0.8,4092
120.91,-27.788,-28.484,-111.2,0.40,BLOCKED|STOP,,0.30,0.00,0.0,0.7,4106
120.96,-27.788,-28.484,-111.2,0.40,BLOCKED|STOP,,0.30,0.00,0.0,0.8,4077
121.01,-27.800,-28.522,-111.2,0.44,BLOCKED|STOP,,0.30,0.00,0.0,0.7,4092
121.06,-27.800,-28.522,-111.2,0.44,BLOCKED|STOP,,0.30,0.00,0.0,0.7,4092
121.11,-27.817,-28.561,-111.2,0.43,BLOCKED|STOP,,0.30,0.00,0.0,0.7,4092
121.16,-27.817,-28.561,-111.2,0.43,BLOCKED|STOP,,0.30,0.00,0.0,0.8,4092
121.21,-27.817,-28.561,-111.3,0.43,BLOCKED|STOP,,0.30,0.00,0.0,0.8,4106
121.26,-27.817,-28.561,-111.2,0.43,BLOCKED|STOP,,0.30,0.00,0.0,0.8,4106
121.31,-27.843,-28.621,-111.3,0.18,BLOCKED|STOP,,0.30,0.00,0.0,0.8,4092
121.36,-27.843,-28.621,-111.3,0.18,BLOCKED|STOP,,0.30,0.00,0.0,0.8,4092
121.41,-27.850,-28.648,-111.2,0.28,BLOCKED|STOP,,0.30,0.00,0.0,0.7,4092
121.46,-27.850,-28.648,-111.3,0.28,BLOCKED|STOP,,0.30,0.00,0.0,0.8,4092
121.51,-27.862,-28.673,-111.3,0.28,BLOCKED|STOP,,0.30,0.00,0.0,0.7,4092
121.56,-27.862,-28.673,-111.2,0.28,BLOCKED|STOP,,0.30,0.00,0.0,0.7,4106
121.61,-27.869,-28.699,-111.3,0.26,BLOCKED|STOP,,0.30,0.00,0.0,0.8,4106
121.66,-27.869,-28.699,-111.3,0.26,BLOCKED|STOP,,0.30,0.00,0.0,0.8,4106
121.71,-27.873,-28.719,-111.3,0.21,BLOCKED|STOP,,0.30,0.00,0.0,0.8,4092
121.76,-27.873,-28.719,-111.3,0.21,BLOCKED|STOP,,0.33,0.00,0.0,0.7,4092
121.81,-27.879,-28.718,-111.3,0.01,BLOCKED|STOP,,0.33,0.00,0.0,0.8,4092
121.86,-27.879,-28.718,-111.3,0.01,BLOCKED|STOP,,0.39,0.00,0.0,0.7,4092
121.91,-27.886,-28.731,-111.3,0.11,BLOCKED|STOP,,0.39,0.00,0.0,0.7,4092
121.96,-27.886,-28.731,-111.3,0.11,BLOCKED|STOP,,0.47,0.00,0.0,0.8,4106
122.01,-27.886,-28.731,-111.3,0.11,BLOCKED|STOP,,0.47,0.00,0.0,0.8,4106
122.06,-27.886,-28.731,-111.3,0.11,BLOCKED|STOP,,0.50,0.00,0.0,0.7,4092
122.11,-27.883,-28.732,-111.3,-0.01,BLOCKED|STOP,,0.50,0.00,0.0,0.7,4092
122.16,-27.883,-28.732,-111.3,-0.01,BLOCKED|STOP,,0.50,0.00,0.0,0.8,4092
122.21,-27.886,-28.732,-111.3,0.01,BLOCKED|STOP,,0.48,0.00,0.0,0.8,4077
122.26,-27.886,-28.732,-111.3,0.01,BLOCKED|STOP,,0.48,0.00,0.0,0.7,4092
122.31,-27.886,-28.731,-111.3,-0.01,BLOCKED|STOP,,0.38,0.00,0.0,0.8,4092
122.36,-27.886,-28.731,-111.3,-0.01,BLOCKED|STOP,,0.38,0.00,0.0,0.7,4092
122.41,-27.886,-28.731,-111.3,-0.01,BLOCKED|STOP,,0.37,0.00,0.0,0.8,4106
122.46,-27.886,-28.731,-111.3,-0.01,BLOCKED|STOP,,0.37,0.00,0.0,0.7,4121
122.51,-27.885,-28.727,-111.3,-0.02,BLOCKED|STOP,,0.39,0.00,0.0,0.8,4092
122.56,-27.885,-28.727,-111.3,-0.02,BLOCKED|STOP,,0.39,0.00,0.0,0.7,4092
122.61,-27.881,-28.724,-111.3,-0.04,BLOCKED|STOP,,0.43,0.00,0.0,0.7,4077
122.66,-27.881,-28.724,-111.3,-0.04,BLOCKED|STOP,,0.43,0.00,0.0,0.7,4092
122.71,-27.881,-28.724,-111.3,-0.00,BLOCKED|STOP,,0.44,0.00,0.0,0.8,4092
122.76,-27.881,-28.724,-111.3,-0.00,BLOCKED|STOP,,0.44,0.00,0.0,0.8,4092
122.81,-27.881,-28.727,-111.3,0.02,BLOCKED|STOP,,0.44,0.00,0.0,0.8,3976
122.86,-27.881,-28.727,-111.3,0.02,BLOCKED|STOP,,0.44,0.00,0.0,0.8,4092
122.91,-27.884,-28.725,-111.3,-0.01,BLOCKED|STOP,,0.47,0.00,0.0,0.8,4092
122.96,-27.884,-28.725,-111.3,-0.01,BLOCKED|STOP,,0.47,0.00,0.0,0.7,4106
123.01,-27.884,-28.725,-111.3,-0.01,BLOCKED|STOP,,0.48,0.00,0.0,0.7,4092
123.06,-27.884,-28.725,-111.3,-0.01,BLOCKED|STOP,,0.49,0.00,0.0,0.7,4092
123.11,-27.877,-28.728,-111.3,0.00,BLOCKED|STOP,,0.49,0.00,0.0,0.7,4092
123.16,-27.877,-28.728,-111.3,0.00,BLOCKED|STOP,,0.49,0.00,0.0,0.7,4092
123.21,-27.877,-28.724,-111.3,-0.04,BLOCKED|STOP,,0.49,0.00,0.0,0.7,4092
123.26,-27.877,-28.724,-111.3,-0.04,BLOCKED|STOP,,0.50,0.00,0.0,0.7,4106
123.31,-27.878,-28.723,-111.3,-0.01,BLOCKED|STOP,,0.50,0.00,0.0,0.8,4077
123.36,-27.878,-28.723,-111.3,-0.01,BLOCKED|STOP,,0.50,0.00,0.0,0.8,4092
123.41,-27.882,-28.724,-111.3,0.02,BLOCKED|STOP,,0.50,0.00,0.0,0.8,4092
123.46,-27.882,-28.724,-111.3,0.02,BLOCKED|STOP,,0.52,0.00,0.0,0.7,4106
123.51,-27.884,-28.728,-111.3,0.04,BLOCKED|STOP,,0.52,0.00,0.0,0.7,4106
123.56,-27.884,-28.728,-111.3,0.04,BLOCKED|STOP,,1.23,0.00,0.0,0.7,4092
123.61,-27.881,-28.729,-111.3,-0.00,BLOCKED|STOP,,1.23,0.00,0.0,0.8,4092
123.66,-27.881,-28.729,-111.3,-0.00,BLOCKED|STOP,,1.23,0.00,0.0,0.8,4092
123.71,-27.884,-28.724,-111.2,-0.04,BLOCKED|STOP,,1.23,0.00,0.0,0.7,4106
123.76,-27.884,-28.724,-111.2,-0.04,BLOCKED|STOP,,1.23,0.00,0.0,0.8,4106
123.81,-27.892,-28.719,-111.2,-0.01,BLOCKED|STOP,,1.23,0.00,0.0,0.7,4092
123.86,-27.892,-28.719,-111.2,-0.01,BLOCKED|STOP,,1.23,0.00,0.0,0.8,4106
123.91,-27.887,-28.719,-111.2,-0.02,BLOCKED|STOP,,1.24,0.00,0.0,0.8,4106
123.96,-27.887,-28.719,-111.2,-0.02,BLOCKED|STOP,,1.24,0.00,0.0,0.8,4106
124.01,-27.887,-28.719,-111.2,-0.02,BLOCKED|STOP,,1.23,0.00,0.0,0.8,4106
124.06,-27.887,-28.719,-111.2,-0.02,BLOCKED|STOP,,1.23,0.00,0.0,0.8,4106
124.11,-27.875,-28.718,-111.2,-0.03,BLOCKED|STOP,,1.23,0.00,0.0,0.8,4106
124.16,-27.875,-28.718,-111.2,-0.03,BLOCKED|STOP,,1.23,0.00,0.0,0.7,4106
124.21,-27.878,-28.725,-111.2,0.07,BLOCKED|STOP,,1.23,0.00,0.0,0.7,4106
124.26,-27.878,-28.725,-111.2,0.07,BLOCKED|STOP,,1.23,0.00,0.0,0.7,4106
124.31,-27.878,-28.725,-111.2,0.07,BLOCKED|STOP,,1.23,0.00,0.0,0.8,4092
124.36,-27.878,-28.725,-111.2,0.07,BLOCKED|STOP,,1.23,0.00,0.0,0.8,4092
124.41,-27.878,-28.723,-111.2,-0.01,BLOCKED|STOP,,1.23,0.00,0.0,0.8,4092
124.46,-27.878,-28.723,-111.2,-0.01,BLOCKED|STOP,,1.24,0.00,0.0,0.8,4106
124.51,-27.876,-28.726,-111.2,0.02,BLOCKED|STOP,,1.24,0.00,0.0,0.8,4106
124.56,-27.876,-28.726,-111.2,0.02,BLOCKED|STOP,,1.23,0.00,0.0,0.8,4092
124.61,-27.877,-28.725,-111.2,-0.00,BLOCKED|STOP,,1.23,0.00,0.0,0.7,4106
124.66,-27.877,-28.725,-111.2,-0.00,BLOCKED|STOP,,1.24,0.00,0.0,0.8,4092
124.71,-27.877,-28.723,-111.2,-0.02,BLOCKED|STOP,,1.24,0.00,0.0,0.8,4106
124.76,-27.877,-28.723,-111.2,-0.02,BLOCKED|STOP,,1.24,0.00,0.0,0.8,4092
124.81,-27.876,-28.722,-111.2,-0.01,BLOCKED|STOP,,1.24,0.00,0.0,0.7,4106
124.86,-27.876,-28.722,-111.2,-0.01,BLOCKED|STOP,,1.24,0.00,0.0,0.7,4106
124.91,-27.875,-28.723,-111.2,0.00,BLOCKED|STOP,,1.24,0.00,0.0,0.7,4106
124.96,-27.875,-28.723,-111.2,0.00,BLOCKED|STOP,,1.24,0.00,0.0,0.8,4092
125.01,-27.875,-28.723,-111.2,0.00,BLOCKED|STOP,,1.24,0.00,0.0,0.8,4092
125.06,-27.875,-28.723,-111.2,0.00,BLOCKED|STOP,,1.24,0.00,0.0,0.8,4106
125.11,-27.873,-28.724,-111.2,-0.00,BLOCKED|STOP,,1.24,0.00,0.0,0.8,4092
125.16,-27.873,-28.724,-111.2,-0.00,BLOCKED|STOP,,1.24,0.00,0.0,0.8,4092
125.21,-27.875,-28.724,-111.2,0.01,BLOCKED|STOP,,1.24,0.00,0.0,0.7,4106
125.26,-27.875,-28.724,-111.2,0.01,BLOCKED|STOP,,1.23,0.00,0.0,0.7,4106
125.31,-27.878,-28.723,-111.2,-0.00,BLOCKED|STOP,,1.23,0.00,0.0,0.7,4092
125.36,-27.878,-28.723,-111.2,-0.00,BLOCKED|STOP,,1.23,0.00,0.0,0.8,4106
125.41,-27.879,-28.727,-111.2,0.04,BLOCKED|STOP,,1.23,0.00,0.0,0.8,4077
125.46,-27.879,-28.727,-111.2,0.04,BLOCKED|STOP,,1.23,0.00,0.0,0.7,4092
125.51,-27.880,-28.727,-111.2,0.00,BLOCKED|STOP,,1.23,0.00,0.0,0.8,4106
125.56,-27.880,-28.727,-111.2,0.00,BLOCKED|STOP,,1.23,0.00,0.0,0.7,4106
125.61,-27.879,-28.727,-111.2,-0.00,BLOCKED|STOP,,1.24,0.00,0.0,0.7,4106
125.66,-27.879,-28.727,-111.2,-0.00,BLOCKED|STOP,,1.24,0.00,0.0,0.7,4092
125.71,-27.879,-28.727,-111.2,0.00,BLOCKED|STOP,,1.23,0.00,0.0,0.8,4092
125.76,-27.879,-28.727,-111.2,0.00,BLOCKED|STOP,,1.23,0.00,0.0,0.7,4106
125.81,-27.880,-28.725,-111.2,-0.02,BLOCKED|STOP,,1.23,0.00,0.0,0.7,4092
125.86,-27.880,-28.725,-111.3,-0.02,BLOCKED|STOP,,1.23,0.00,0.0,0.8,4121
125.91,-27.879,-28.723,-111.2,-0.01,BLOCKED|STOP,,1.23,0.00,0.0,0.7,4092
125.96,-27.879,-28.723,-111.3,-0.01,BLOCKED|STOP,,1.23,0.00,0.0,0.8,4092
126.01,-27.879,-28.723,-111.2,-0.01,BLOCKED|STOP,,1.24,0.00,0.0,0.7,4092
126.06,-27.879,-28.723,-111.2,-0.01,BLOCKED|STOP,,1.23,0.00,0.0,0.7,4106
126.11,-27.874,-28.726,-111.2,0.00,BLOCKED|STOP,,1.23,0.00,0.0,0.8,4092
126.16,-27.874,-28.726,-111.2,0.00,BLOCKED|STOP,,1.23,0.00,0.0,0.8,4106
126.21,-27.876,-28.724,-111.2,-0.01,BLOCKED|STOP,,1.23,0.00,0.0,0.7,4121
126.26,-27.876,-28.724,-111.2,-0.01,BLOCKED(ESCAPE)|STOP,,999.00,0.00,0.0,0.8,4106
126.31,-27.876,-28.725,-111.2,0.00,BLOCKED(ESCAPE)|STOP,,999.00,0.00,0.0,0.8,4092
126.36,-27.876,-28.725,-111.2,0.00,BLOCKED(ESCAPE)|STOP,,999.00,0.00,0.0,0.7,4092
126.41,-27.878,-28.725,-111.3,0.02,BLOCKED(ESCAPE)|STOP,,999.00,0.00,0.0,0.7,4092
126.46,-27.878,-28.725,-111.3,0.02,BLOCKED(ESCAPE)|STOP,,999.00,0.00,0.0,0.8,4106
126.51,-27.879,-28.724,-111.3,-0.02,BLOCKED(ESCAPE)|STOP,,999.00,0.00,0.0,0.7,4106
126.56,-27.879,-28.724,-111.3,-0.02,BLOCKED(ESCAPE)|STOP,,999.00,0.00,0.0,0.7,4092
126.61,-27.880,-28.727,-111.3,0.04,BLOCKED(ESCAPE)|STOP,,999.00,0.00,0.0,0.8,4092
126.66,-27.880,-28.727,-111.3,0.04,BLOCKED(ESCAPE)|STOP,,999.00,0.00,0.0,0.7,4106
126.71,-27.879,-28.728,-111.4,0.01,BLOCKED(ESCAPE)|STOP,,999.00,0.00,0.0,0.7,4092
126.76,-27.879,-28.728,-111.4,0.01,BLOCKED(ESCAPE)|STOP,,999.00,0.00,0.0,0.8,4106
126.81,-27.879,-28.724,-111.4,-0.04,BLOCKED(ESCAPE)|STOP,,999.00,0.00,0.0,0.8,4106
126.86,-27.879,-28.724,-111.4,-0.04,BLOCKED(ESCAPE)|STOP,,999.00,0.00,0.0,0.7,4092
126.91,-27.880,-28.725,-111.4,0.01,BLOCKED(ESCAPE)|STOP,,999.00,0.00,0.0,0.8,4092
126.96,-27.880,-28.725,-111.4,0.01,BLOCKED(ESCAPE)|STOP,,999.00,0.00,0.0,0.8,4106
127.01,-27.880,-28.725,-111.4,0.01,BLOCKED(ESCAPE)|STOP,,999.00,0.00,0.0,0.8,4106
127.06,-27.880,-28.725,-111.4,0.01,BLOCKED(ESCAPE)|STOP,,999.00,0.00,0.0,0.8,4092
127.11,-27.869,-28.725,-111.4,-0.02,BLOCKED(ESCAPE)|STOP,,999.00,0.00,0.0,0.8,4092
127.16,-27.869,-28.725,-111.4,-0.02,BLOCKED(ESCAPE)|STOP,,999.00,0.00,0.0,0.8,4092
127.21,-27.872,-28.726,-111.3,0.02,BLOCKED(ESCAPE)|STOP,,999.00,0.00,0.0,0.7,4106
127.26,-27.872,-28.726,-111.4,0.02,BLOCKED(ESCAPE)|STOP,,999.00,0.00,0.0,0.8,4092
127.31,-27.870,-28.724,-111.4,-0.03,BLOCKED(ESCAPE)|STOP,,999.00,0.00,0.0,0.7,4106
127.36,-27.870,-28.724,-111.3,-0.03,BLOCKED(ESCAPE)|STOP,,999.00,0.00,0.0,0.8,4092
127.41,-27.870,-28.725,-111.4,0.01,BLOCKED(ESCAPE)|STOP,,999.00,0.00,0.0,0.8,4106
127.46,-27.870,-28.725,-111.3,0.01,BLOCKED(ESCAPE)|STOP,,999.00,0.00,0.0,0.8,4106
127.51,-27.872,-28.726,-111.4,0.03,BLOCKED(ESCAPE)|STOP,,999.00,0.00,0.0,0.8,4106
127.56,-27.872,-28.726,-111.4,0.03,BLOCKED(ESCAPE)|STOP,,999.00,0.00,0.0,0.7,4092
127.61,-27.871,-28.725,-111.3,-0.01,BLOCKED(ESCAPE)|STOP,,999.00,0.00,0.0,0.8,4106
127.66,-27.871,-28.725,-111.4,-0.01,BLOCKED(ESCAPE)|STOP,,999.00,0.00,0.0,0.7,4092
127.71,-27.869,-28.726,-111.4,-0.00,BLOCKED(ESCAPE)|STOP,,999.00,0.00,0.0,0.7,4092
127.76,-27.869,-28.726,-111.4,-0.00,BLOCKED(ESCAPE)|STOP,,999.00,0.00,0.0,0.7,4106
127.81,-27.868,-28.725,-111.3,-0.01,BLOCKED(ESCAPE)|STOP,,999.00,0.00,0.0,0.8,4092
127.86,-27.868,-28.725,-111.3,-0.01,BLOCKED(ESCAPE)|STOP,,999.00,0.00,0.0,0.7,4106
127.91,-27.871,-28.724,-111.3,0.00,BLOCKED(ESCAPE)|STOP,,999.00,0.00,0.0,0.8,4106
127.96,-27.871,-28.724,-111.3,0.00,BLOCKED(ESCAPE)|STOP,,999.00,0.00,0.0,0.8,4092
128.01,-27.871,-28.724,-111.3,0.00,BLOCKED(ESCAPE)|STOP,,999.00,0.00,0.0,0.8,4106
128.06,-27.871,-28.724,-111.3,0.00,BLOCKED(ESCAPE)|STOP,,999.00,0.00,0.0,0.8,4092
128.11,-27.869,-28.724,-111.3,-0.00,BLOCKED(ESCAPE)|STOP,,999.00,0.00,0.0,0.8,4092
128.16,-27.869,-28.724,-111.3,-0.00,BLOCKED(ESCAPE)|STOP,,999.00,0.00,0.0,0.8,4092
128.21,-27.870,-28.725,-111.3,0.00,BLOCKED(ESCAPE)|STOP,,999.00,0.00,0.0,0.8,4106
128.26,-27.870,-28.725,-111.3,0.00,BLOCKED(ESCAPE)|STOP,,999.00,0.00,0.0,0.8,4092
128.31,-27.871,-28.726,-111.3,0.02,BLOCKED(ESCAPE)|STOP,,999.00,0.00,0.0,0.7,4092
128.36,-27.871,-28.726,-111.3,0.02,BLOCKED(ESCAPE)|STOP,,999.00,0.00,0.0,0.7,4106
128.41,-27.871,-28.725,-111.3,-0.01,BLOCKED(ESCAPE)|STOP,,999.00,0.00,0.0,0.8,4092
128.46,-27.871,-28.725,-111.3,-0.01,BLOCKED(ESCAPE)|STOP,,999.00,0.00,0.0,0.7,4106
128.51,-27.872,-28.725,-111.3,0.01,BLOCKED(ESCAPE)|STOP,,999.00,0.00,0.0,0.8,4121
128.56,-27.872,-28.725,-111.3,0.01,BLOCKED(ESCAPE)|STOP,,999.00,0.00,0.0,0.8,4106
128.61,-27.871,-28.726,-111.3,-0.00,BLOCKED(ESCAPE)|STOP,,999.00,0.00,0.0,0.8,4092
128.66,-27.871,-28.726,-111.3,-0.00,BLOCKED(ESCAPE)|STOP,,999.00,0.00,0.0,0.8,4092
128.71,-27.872,-28.725,-111.3,-0.00,BLOCKED(ESCAPE)|STOP,,999.00,0.00,0.0,0.7,4106
128.76,-27.872,-28.725,-111.3,-0.00,BLOCKED(ESCAPE)|STOP,,999.00,0.00,0.0,0.8,4106
128.81,-27.871,-28.725,-111.3,-0.00,BLOCKED(ESCAPE)|STOP,,999.00,0.00,0.0,0.7,4106
128.86,-27.871,-28.725,-111.3,-0.00,BLOCKED(ESCAPE)|STOP,,999.00,0.00,0.0,0.7,4092
128.91,-27.872,-28.726,-111.3,0.01,BLOCKED(ESCAPE)|STOP,,999.00,0.00,0.0,0.8,4106
128.96,-27.872,-28.726,-111.3,0.01,BLOCKED(ESCAPE)|STOP,,999.00,0.00,0.0,0.8,4092
129.01,-27.872,-28.726,-111.3,0.01,BLOCKED(ESCAPE)|STOP,,999.00,0.00,0.0,0.7,4121
129.06,-27.872,-28.726,-111.3,0.01,BLOCKED(ESCAPE)|STOP,,999.00,0.00,0.0,0.7,4092
129.11,-27.876,-28.724,-111.3,-0.01,BLOCKED(ESCAPE)|STOP,,999.00,0.00,0.0,0.7,4106
129.16,-27.876,-28.724,-111.3,-0.01,BLOCKED(ESCAPE)|STOP,,999.00,0.00,0.0,0.7,4106
129.21,-27.876,-28.721,-111.3,-0.02,BLOCKED(ESCAPE)|STOP,,999.00,0.00,0.0,0.8,4092
129.26,-27.876,-28.721,-111.3,-0.02,BLOCKED(ESCAPE)|STOP,,999.00,0.00,0.0,0.7,4106
129.31,-27.876,-28.723,-111.3,0.02,BLOCKED(ESCAPE)|STOP,,999.00,0.00,0.0,0.8,4106
