t,x,y,yaw_deg,v,mode,avoid_steer_deg,obstacle_m,cmd_v,cmd_steer_deg,steer_actual_deg,vcc_mv
0.25,-9.205,67.721,96.4,-0.05,CLEAR|STRAIGHT,,999.00,0.00,0.0,,0
0.30,-9.210,67.724,96.4,0.03,CLEAR|STRAIGHT,,999.00,0.00,0.0,,0
0.35,-9.210,67.724,96.4,0.03,CLEAR|STRAIGHT,,999.00,0.00,0.0,,0
0.40,-9.213,67.726,96.4,0.03,CLEAR|STRAIGHT,,999.00,0.00,0.0,,0
0.45,-9.213,67.726,96.4,0.03,CLEAR|STRAIGHT,,999.00,0.00,0.0,,0
0.50,-9.217,67.726,96.4,0.00,CLEAR|STRAIGHT,,999.00,0.00,0.0,,0
0.55,-9.217,67.726,96.4,0.00,CLEAR|STRAIGHT,,999.00,0.00,0.0,,0
0.60,-9.220,67.726,96.4,0.00,CLEAR|STRAIGHT,,999.00,0.00,0.0,,0
0.65,-9.220,67.726,96.4,0.00,CLEAR|STRAIGHT,,999.00,0.00,0.0,,0
0.70,-9.224,67.727,96.4,0.01,CLEAR|STRAIGHT,,999.00,0.00,0.0,,0
0.75,-9.224,67.727,96.4,0.01,CLEAR|STRAIGHT,,999.00,0.00,0.0,,0
0.80,-9.227,67.729,96.4,0.02,CLEAR|STRAIGHT,,999.00,0.00,0.0,,0
0.85,-9.227,67.729,96.4,0.02,CLEAR|STRAIGHT,,999.00,0.00,0.0,,0
0.90,-9.229,67.728,96.4,-0.00,CLEAR|STRAIGHT,,999.00,0.00,0.0,,0
0.95,-9.229,67.728,96.4,-0.00,CLEAR|STRAIGHT,,999.00,0.00,0.0,,0
1.00,-9.229,67.728,96.4,-0.00,CLEAR|STRAIGHT,,999.00,0.00,0.0,,0
1.05,-9.234,67.731,96.4,0.03,CLEAR|STRAIGHT,,999.00,0.00,0.0,,0
1.10,-9.234,67.731,96.4,0.03,CLEAR|STRAIGHT,,999.00,0.00,0.0,,0
1.15,-9.234,67.731,96.4,0.03,CLEAR|STRAIGHT,,999.00,0.00,0.0,,0
1.20,-9.236,67.736,96.4,0.03,CLEAR|STRAIGHT,,999.00,0.00,0.0,,0
1.25,-9.236,67.736,96.4,0.03,CLEAR|STRAIGHT,,999.00,0.00,0.0,,0
1.30,-9.240,67.733,96.4,-0.03,CLEAR|STRAIGHT,,999.00,0.00,0.0,,0
1.35,-9.240,67.733,96.4,-0.03,CLEAR|STRAIGHT,,999.00,0.00,0.0,,0
1.40,-9.244,67.736,96.4,0.04,CLEAR|STRAIGHT,,999.00,0.00,0.0,,0
1.45,-9.244,67.736,96.4,0.04,CLEAR|STRAIGHT,,999.00,0.00,0.0,,0
1.50,-9.246,67.734,96.4,-0.02,CLEAR|STRAIGHT,,999.00,0.00,0.0,,0
1.55,-9.246,67.734,96.4,-0.02,CLEAR|STRAIGHT,,999.00,0.00,0.0,,0
1.60,-9.250,67.739,96.4,0.06,CLEAR|STRAIGHT,,999.00,0.00,0.0,,0
1.65,-9.250,67.739,96.4,0.06,CLEAR|STRAIGHT,,999.00,0.00,0.0,,0
1.70,-9.253,67.739,96.4,0.01,CLEAR|STRAIGHT,,999.00,0.00,0.0,,0
1.75,-9.253,67.739,96.4,0.01,CLEAR|STRAIGHT,,999.00,0.00,0.0,,0
1.80,-9.253,67.739,96.4,0.01,CLEAR|STRAIGHT,,999.00,0.00,0.0,,0
1.85,-9.253,67.739,96.4,0.01,CLEAR|STRAIGHT,,999.00,0.00,0.0,,0
1.90,-9.253,67.739,96.4,0.01,CLEAR|STRAIGHT,,999.00,0.00,0.0,,0
1.95,-9.253,67.739,96.4,0.01,CLEAR|STRAIGHT,,999.00,0.00,0.0,,0
2.00,-9.253,67.739,96.4,0.01,CLEAR|STRAIGHT,,999.00,0.00,0.0,,0
2.05,-9.253,67.739,96.4,0.01,CLEAR|STRAIGHT,,999.00,0.00,0.0,,0
2.10,-9.263,67.742,96.4,-0.00,CLEAR|STRAIGHT,,999.00,0.00,0.0,-1.3,4378
2.15,-9.263,67.742,96.4,-0.00,CLEAR|STRAIGHT,,999.00,0.00,0.0,-1.2,4378
2.20,-9.267,67.741,96.4,-0.00,CLEAR|STRAIGHT,,999.00,0.00,0.0,-1.2,4378
2.25,-9.267,67.741,96.4,-0.00,CLEAR|STRAIGHT,,999.00,0.00,0.0,-1.3,4378
2.30,-9.271,67.744,96.4,0.03,CLEAR|STRAIGHT,,999.00,0.00,0.0,-1.2,4378
2.35,-9.271,67.744,96.4,0.03,CLEAR|STRAIGHT,,999.00,0.00,0.0,-1.2,4378
2.40,-9.274,67.744,96.4,0.00,CLEAR|STRAIGHT,,999.00,0.00,0.0,-1.2,4378
2.45,-9.274,67.744,96.4,0.00,CLEAR|STRAIGHT,,999.00,0.00,0.0,-1.3,4378
2.50,-9.278,67.746,96.4,0.02,CLEAR|STRAIGHT,,999.00,0.00,0.0,-1.2,4361
2.55,-9.278,67.746,96.4,0.02,CLEAR|STRAIGHT,,999.00,0.00,0.0,-1.2,4361
2.60,-9.281,67.745,96.4,-0.01,CLEAR|STRAIGHT,,999.00,0.00,0.0,-1.3,4378
2.65,-9.281,67.745,96.4,-0.01,CLEAR|STRAIGHT,,999.00,0.00,0.0,-1.2,4378
2.70,-9.282,67.746,96.4,0.01,CLEAR|STRAIGHT,,999.00,0.00,0.0,-1.2,4361
2.75,-9.282,67.746,96.4,0.01,CLEAR|STRAIGHT,,999.00,0.00,0.0,-1.2,4395
2.80,-9.288,67.746,96.4,0.01,CLEAR|STRAIGHT,,999.00,0.00,0.0,-1.3,4378
2.85,-9.288,67.746,96.4,0.01,CLEAR|STRAIGHT,,999.00,0.00,0.0,-1.3,4378
2.90,-9.289,67.748,96.4,0.02,CLEAR|STRAIGHT,,999.00,0.00,0.0,-1.2,4378
2.95,-9.289,67.748,96.4,0.02,CLEAR|STRAIGHT,,999.00,0.00,0.0,-1.2,4361
3.00,-9.289,67.748,96.4,0.02,CLEAR|STRAIGHT,,999.00,0.00,0.0,-1.3,4378
3.05,-9.291,67.744,96.4,-0.03,CLEAR|STRAIGHT,,999.00,0.00,0.0,-1.2,4378
3.10,-9.291,67.744,96.4,-0.03,CLEAR|STRAIGHT,,999.00,0.00,0.0,-1.3,4361
3.15,-9.291,67.744,96.4,-0.03,CLEAR|STRAIGHT,,999.00,0.00,0.0,-1.2,4378
3.20,-9.291,67.742,96.4,-0.01,CLEAR|STRAIGHT,,999.00,0.00,0.0,-1.3,4378
3.25,-9.291,67.742,96.4,-0.01,CLEAR|STRAIGHT,,999.00,0.00,0.0,-1.2,4378
3.30,-9.295,67.742,96.4,0.01,CLEAR|STRAIGHT,,999.00,0.00,0.0,-1.2,4361
3.35,-9.295,67.742,96.4,0.01,CLEAR|STRAIGHT,,999.00,0.00,0.0,-1.3,4361
3.40,-9.459,67.680,96.4,-0.44,CLEAR|STRAIGHT,,999.00,0.00,0.0,-1.3,4378
3.45,-9.459,67.680,96.4,-0.44,CLEAR|STRAIGHT,,999.00,0.00,0.0,-1.2,4378
3.50,-9.563,67.640,96.4,-0.26,CLEAR|STRAIGHT,,999.00,0.00,0.0,-1.2,4378
3.55,-9.563,67.640,96.4,-0.26,CLEAR|STRAIGHT,,999.00,0.00,0.0,-1.3,4378
3.60,-9.607,67.617,96.4,-0.18,CLEAR|STRAIGHT,,999.00,0.00,0.0,-1.2,4378
3.65,-9.607,67.617,96.4,-0.18,CLEAR|STRAIGHT,,999.00,0.00,0.0,-1.3,4361
3.70,-9.616,67.615,96.4,-0.00,CLEAR|STRAIGHT,,999.00,0.00,0.0,-1.3,4361
3.75,-9.616,67.615,96.4,-0.00,CLEAR|STRAIGHT,,999.00,0.00,0.0,-1.3,4378
3.80,-9.632,67.611,96.4,-0.02,CLEAR|STRAIGHT,,999.00,0.00,0.0,-1.2,4361
3.85,-9.632,67.611,96.4,-0.02,CLEAR|STRAIGHT,,999.00,0.00,0.0,-1.2,4378
3.90,-9.641,67.345,96.4,-2.64,CLEAR|STRAIGHT,,999.00,0.00,0.0,-1.3,4361
3.95,-9.641,67.345,96.4,-2.64,CLEAR|STRAIGHT,,999.00,0.00,0.0,-1.3,4378
4.00,-9.641,67.345,96.4,-2.64,CLEAR|STRAIGHT,,999.00,0.00,0.0,-1.2,4378
4.05,-9.642,67.343,96.4,-0.02,CLEAR|STRAIGHT,,999.00,0.00,0.0,-1.3,4378
4.10,-9.642,67.343,96.4,-0.02,CLEAR|STRAIGHT,,999.00,0.00,0.0,-1.2,4361
4.15,-9.642,67.343,96.4,-0.02,CLEAR|STRAIGHT,,999.00,0.00,0.0,-1.2,4378
4.20,-9.640,67.349,96.4,0.04,CLEAR|STRAIGHT,,999.00,0.00,0.0,-1.3,4378
4.25,-9.640,67.349,96.4,0.04,CLEAR|STRAIGHT,,999.00,0.00,0.0,-1.3,4361
4.30,-9.641,67.346,96.4,-0.03,CLEAR|STRAIGHT,,999.00,0.00,0.0,-1.2,4378
4.35,-9.641,67.346,96.4,-0.03,CLEAR|STRAIGHT,,999.00,0.00,0.0,-1.3,4378
4.40,-9.641,67.346,96.4,0.01,CLEAR|STRAIGHT,,999.00,0.00,0.0,-1.2,4378
4.45,-9.641,67.346,96.4,0.01,CLEAR|STRAIGHT,,999.00,0.00,0.0,-1.2,4378
4.50,-9.640,67.346,96.4,-0.00,CLEAR|STRAIGHT,,999.00,0.00,0.0,-1.2,4361
4.55,-9.640,67.346,96.4,-0.00,CLEAR|STRAIGHT,,999.00,0.00,0.0,-1.2,4361
4.60,-9.640,67.348,96.4,0.02,CLEAR|STRAIGHT,,999.00,0.00,0.0,-1.3,4378
4.65,-9.640,67.348,96.4,0.02,CLEAR|STRAIGHT,,999.00,0.00,0.0,-1.3,4378
4.70,-9.639,67.349,96.4,0.01,CLEAR|STRAIGHT,,999.00,0.00,0.0,-1.2,4378
4.75,-9.639,67.349,96.4,0.01,CLEAR|STRAIGHT,,999.00,0.00,0.0,-1.2,4395
4.80,-9.638,67.348,96.4,-0.01,CLEAR|STRAIGHT,,999.00,0.00,0.0,-1.2,4378
4.85,-9.638,67.348,96.4,-0.01,CLEAR|STRAIGHT,,999.00,0.00,0.0,-1.3,4378
4.90,-9.637,67.350,96.4,0.01,CLEAR|STRAIGHT,,999.00,0.00,0.0,-1.2,4378
4.95,-9.637,67.350,96.4,0.01,CLEAR|STRAIGHT,,999.00,0.00,0.0,-1.3,4395
5.00,-9.637,67.350,96.4,0.01,CLEAR|STRAIGHT,,999.00,0.00,0.0,-1.2,4361
5.05,-9.637,67.356,96.4,0.05,CLEAR|STRAIGHT,,999.00,0.00,0.0,-1.2,4378
5.10,-9.637,67.356,96.4,0.05,CLEAR|STRAIGHT,,999.00,0.00,0.0,-1.2,4378
5.15,-9.637,67.356,96.4,0.05,CLEAR|STRAIGHT,,999.00,0.00,0.0,-1.3,4378
5.20,-9.640,67.357,96.4,0.01,CLEAR|STRAIGHT,,999.00,0.00,0.0,-1.2,4361
5.25,-9.640,67.357,96.4,0.01,CLEAR|STRAIGHT,,999.00,0.00,0.0,-1.3,4378
5.30,-9.638,67.355,96.4,-0.02,CLEAR|STRAIGHT,,999.00,0.00,0.0,-1.2,4378
5.35,-9.638,67.355,96.4,-0.02,CLEAR|STRAIGHT,,999.00,0.00,0.0,-1.2,4378
5.40,-9.638,67.352,96.4,-0.03,CLEAR|STRAIGHT,,999.00,0.00,0.0,-1.3,4378
5.45,-9.638,67.352,96.4,-0.03,CLEAR|STRAIGHT,,999.00,0.00,0.0,-1.3,4378
5.50,-9.640,67.355,96.4,0.03,CLEAR|STRAIGHT,,999.00,0.00,0.0,-1.3,4378
5.55,-9.640,67.355,96.4,0.03,CLEAR|STRAIGHT,,999.00,0.00,0.0,-1.2,4395
5.60,-9.639,67.356,96.4,0.00,CLEAR|STRAIGHT,,999.00,0.00,0.0,-1.2,4378
5.65,-9.639,67.356,96.4,0.00,CLEAR|STRAIGHT,,999.00,0.00,0.0,-1.2,4361
5.70,-9.640,67.352,96.4,-0.03,CLEAR|STRAIGHT,,999.00,0.00,0.0,-1.2,4378
5.75,-9.640,67.352,96.4,-0.03,CLEAR|STRAIGHT,,999.00,0.00,0.0,-1.3,4378
5.80,-9.644,67.352,96.4,-0.00,CLEAR|STRAIGHT,,999.00,0.00,0.0,-1.2,4378
5.85,-9.644,67.352,96.4,-0.00,CLEAR|STRAIGHT,,999.00,0.00,0.0,-1.2,4378
5.90,-9.644,67.352,96.4,-0.00,CLEAR|STRAIGHT,,999.00,0.00,0.0,-1.3,4378
5.95,-9.644,67.352,96.4,-0.00,CLEAR|STRAIGHT,,999.00,0.00,0.0,-1.2,4361
6.00,-9.644,67.352,96.4,-0.00,CLEAR|STRAIGHT,,999.00,0.00,0.0,-1.2,4378
6.05,-9.642,67.350,96.4,-0.01,CLEAR|STRAIGHT,,999.00,0.00,0.0,-1.2,4361
6.10,-9.642,67.350,96.4,-0.01,CLEAR|STRAIGHT,,999.00,0.00,0.0,-1.2,4378
6.15,-9.642,67.350,96.4,-0.01,CLEAR|STRAIGHT,,999.00,0.00,0.0,-1.2,4361
6.20,-9.645,67.351,96.4,0.01,CLEAR|STRAIGHT,,999.00,0.00,0.0,-1.2,4361
6.25,-9.645,67.351,96.4,0.01,CLEAR|STRAIGHT,,999.00,0.00,0.0,-1.2,4378
6.30,-9.645,67.351,96.4,0.01,CLEAR|STRAIGHT,,999.00,0.00,0.0,-1.2,4378
6.35,-9.646,67.350,96.4,-0.01,CLEAR|STRAIGHT,,999.00,0.00,0.0,-1.3,4361
6.40,-9.646,67.350,96.4,-0.01,CLEAR|STRAIGHT,,999.00,0.00,0.0,-1.2,4361
6.45,-9.646,67.350,96.4,-0.01,CLEAR|STRAIGHT,,999.00,0.00,0.0,-1.2,4378
6.50,-9.646,67.351,96.4,0.01,CLEAR|STRAIGHT,,999.00,0.00,0.0,-1.2,4361
6.55,-9.646,67.351,96.4,0.01,CLEAR|STRAIGHT,,999.00,0.00,0.0,-1.3,4361
6.60,-9.647,67.349,96.4,-0.02,CLEAR|STRAIGHT,,999.00,0.00,0.0,-1.2,4378
6.65,-9.647,67.349,96.4,-0.02,CLEAR|STRAIGHT,,999.00,0.00,0.0,-1.2,4361
6.70,-9.645,67.348,96.4,-0.01,CLEAR|STRAIGHT,,999.00,0.00,0.0,-1.2,4378
6.75,-9.645,67.348,96.4,-0.01,CLEAR|STRAIGHT,,999.00,0.00,0.0,-1.3,4361
6.80,-9.643,67.346,96.4,-0.02,CLEAR|STRAIGHT,,999.00,0.00,0.0,-1.3,4378
6.85,-9.643,67.346,96.4,-0.02,CLEAR|STRAIGHT,,999.00,0.00,0.0,-1.2,4378
6.90,-9.644,67.345,96.4,-0.01,CLEAR|STRAIGHT,,999.00,0.00,0.0,-1.3,4378
6.95,-9.644,67.345,96.4,-0.01,CLEAR|STRAIGHT,,999.00,0.00,0.0,-1.2,4378
7.00,-9.644,67.345,96.4,-0.01,CLEAR|STRAIGHT,,999.00,0.00,0.0,-1.2,4378
7.05,-9.641,67.346,96.4,0.01,CLEAR|STRAIGHT,,999.00,0.00,0.0,-1.3,4378
7.10,-9.641,67.346,96.4,0.01,CLEAR|STRAIGHT,,999.00,0.00,0.0,-1.2,4361
7.15,-9.641,67.346,96.4,0.01,CLEAR|STRAIGHT,,999.00,0.00,0.0,-1.2,4378
7.20,-9.645,67.350,96.4,0.03,CLEAR|STRAIGHT,,999.00,0.00,0.0,-1.3,4361
7.25,-9.645,67.350,96.4,0.03,CLEAR|STRAIGHT,,999.00,0.00,0.0,-1.2,4361
7.30,-9.645,67.350,96.4,-0.00,CLEAR|STRAIGHT,,999.00,0.00,0.0,-1.2,4378
7.35,-9.645,67.350,96.4,-0.00,CLEAR|STRAIGHT,,999.00,0.00,0.0,-1.3,4378
7.40,-9.644,67.350,96.4,-0.00,CLEAR|STRAIGHT,,999.00,0.00,0.0,-1.2,4378
7.45,-9.644,67.350,96.4,-0.00,CLEAR|STRAIGHT,,999.00,0.00,0.0,-1.3,4378
7.50,-9.646,67.351,96.4,0.01,CLEAR|STRAIGHT,,999.00,0.00,0.0,-1.3,4395
7.55,-9.646,67.351,96.4,0.01,CLEAR|STRAIGHT,,999.00,0.00,0.0,-1.2,4378
7.60,-9.643,67.351,96.4,-0.00,CLEAR|STRAIGHT,,999.00,0.00,0.0,-1.2,4395
7.65,-9.643,67.351,96.4,-0.00,CLEAR|STRAIGHT,,999.00,0.00,0.0,-1.3,4378
7.70,-9.645,67.350,96.4,-0.01,CLEAR|STRAIGHT,,999.00,0.00,0.0,-1.2,4361
7.75,-9.645,67.350,96.4,-0.01,CLEAR|STRAIGHT,,999.00,0.00,0.0,-1.2,4361
7.80,-9.644,67.349,96.4,-0.01,CLEAR|STRAIGHT,,999.00,0.00,0.0,-1.3,4361
7.85,-9.644,67.349,96.4,-0.01,CLEAR|STRAIGHT,,999.00,0.00,0.0,-1.2,4378
7.90,-9.644,67.350,96.4,0.00,CLEAR|STRAIGHT,,999.00,0.00,0.0,-1.3,4361
7.95,-9.644,67.350,96.4,0.00,CLEAR|STRAIGHT,,999.00,0.00,0.0,-1.2,4361
8.00,-9.644,67.350,96.4,0.00,CLEAR|STRAIGHT,,999.00,0.00,0.0,-1.2,4378
8.05,-9.643,67.348,96.4,-0.01,CLEAR|STRAIGHT,,999.00,0.00,0.0,-1.3,4361
8.10,-9.643,67.348,96.4,-0.01,CLEAR|STRAIGHT,,999.00,0.00,0.0,-1.2,4378
8.15,-9.643,67.348,96.4,-0.01,CLEAR|STRAIGHT,,999.00,0.00,0.0,-1.3,4395
8.20,-9.645,67.351,96.4,0.02,CLEAR|STRAIGHT,,999.00,0.00,0.0,-1.3,4361
8.25,-9.645,67.351,96.4,0.02,CLEAR|STRAIGHT,,999.00,0.00,0.0,-1.2,4378
8.30,-9.644,67.349,96.4,-0.02,CLEAR|STRAIGHT,,999.00,0.00,0.0,-1.2,4378
8.35,-9.644,67.349,96.4,-0.02,CLEAR|STRAIGHT,,999.00,0.00,0.0,-1.3,4378
8.40,-9.645,67.349,96.4,-0.01,CLEAR|STRAIGHT,,999.00,0.00,0.0,-1.3,4378
8.45,-9.645,67.349,96.4,-0.01,CLEAR|STRAIGHT,,999.00,0.00,0.0,-1.3,4395
8.50,-9.644,67.347,96.4,-0.01,CLEAR|STRAIGHT,,999.00,0.00,0.0,-1.3,4378
8.55,-9.644,67.347,96.4,-0.01,CLEAR|STRAIGHT,,999.00,0.00,0.0,-1.2,4378
8.60,-9.646,67.350,96.4,0.03,CLEAR|STRAIGHT,,999.00,0.00,0.0,-1.3,4378
8.65,-9.646,67.350,96.4,0.03,CLEAR|STRAIGHT,,999.00,0.00,0.0,-1.3,4378
8.70,-9.645,67.350,96.4,-0.00,CLEAR|STRAIGHT,,999.00,0.00,0.0,-1.3,4378
8.75,-9.645,67.350,96.4,-0.00,CLEAR|STRAIGHT,,999.00,0.00,0.0,-1.2,4378
8.80,-9.647,67.353,96.4,0.03,CLEAR|STRAIGHT,,999.00,0.00,0.0,-1.2,4378
8.85,-9.647,67.353,96.4,0.03,CLEAR|STRAIGHT,,999.00,0.00,0.0,-1.2,4378
8.90,-9.646,67.352,96.4,-0.00,CLEAR|STRAIGHT,,999.00,0.00,0.0,-1.2,4378
8.95,-9.646,67.352,96.4,-0.00,CLEAR|STRAIGHT,,999.00,0.00,0.0,-1.2,4378
9.00,-9.646,67.352,96.4,-0.00,CLEAR|STRAIGHT,,999.00,0.00,0.0,-1.2,4378
9.05,-9.646,67.353,96.4,0.01,CLEAR|STRAIGHT,,999.00,0.00,0.0,-1.3,4378
9.10,-9.646,67.353,96.4,0.01,CLEAR|STRAIGHT,,999.00,0.00,0.0,-1.3,4378
9.15,-9.646,67.353,96.4,0.01,CLEAR|STRAIGHT,,999.00,0.00,0.0,-1.3,4378
9.20,-9.645,67.357,96.4,0.02,CLEAR|STRAIGHT,,999.00,0.00,0.0,-1.2,4378
9.25,-9.645,67.357,96.4,0.02,CLEAR|STRAIGHT,,999.00,0.00,0.0,-1.2,4378
9.30,-9.641,67.362,96.4,0.04,CLEAR|STRAIGHT,,999.00,0.00,0.0,-1.2,4361
9.35,-9.641,67.362,96.4,0.04,CLEAR|STRAIGHT,,999.00,0.00,0.0,-1.3,4378
9.40,-9.642,67.364,96.4,0.03,CLEAR|STRAIGHT,,999.00,0.50,0.0,-1.3,4378
9.45,-9.642,67.364,96.4,0.03,CLEAR|STRAIGHT,,999.00,0.50,0.0,-1.3,4378
9.50,-9.644,67.364,96.4,-0.01,CLEAR|STRAIGHT,,999.00,0.50,0.0,-1.2,4395
9.55,-9.644,67.364,96.4,-0.01,CLEAR|STRAIGHT,,999.00,0.50,0.0,-1.2,4395
9.60,-9.642,67.364,96.4,0.00,CLEAR|STRAIGHT,,999.00,0.50,-0.0,-1.2,4378
9.65,-9.642,67.364,96.4,0.00,CLEAR|STRAIGHT,,999.00,0.50,-0.0,-1.2,4361
9.70,-9.640,67.366,96.4,0.01,CLEAR|STRAIGHT,,999.00,0.50,0.0,-1.2,4361
9.75,-9.640,67.366,96.4,0.01,CLEAR|STRAIGHT,,999.00,0.50,0.0,-1.2,4378
9.80,-9.644,67.367,96.4,0.01,CLEAR|STRAIGHT,,999.00,0.50,0.0,-1.2,4361
9.85,-9.644,67.367,96.4,0.01,CLEAR|STRAIGHT,,999.00,0.50,0.0,-1.2,4361
9.90,-9.648,67.364,96.4,-0.02,CLEAR|STRAIGHT,,999.00,0.50,0.0,-1.2,4378
9.95,-9.648,67.364,96.4,-0.02,CLEAR|STRAIGHT,,999.00,0.50,0.0,-1.2,4378
10.00,-9.648,67.364,96.3,-0.02,CLEAR|STRAIGHT,,999.00,0.50,0.1,-1.2,4378
10.05,-9.655,67.359,96.3,-0.03,CLEAR|STRAIGHT,,999.00,0.50,0.1,-1.2,4361
10.10,-9.655,67.359,96.3,-0.03,CLEAR|STRAIGHT,,999.00,0.50,0.2,-1.2,4378
10.15,-9.655,67.359,96.2,-0.03,CLEAR|STRAIGHT,,999.00,0.50,0.2,-1.2,4378
10.20,-9.680,67.338,96.2,-0.11,CLEAR|STRAIGHT,,999.00,0.50,0.3,-1.2,4378
10.25,-9.680,67.338,96.2,-0.11,CLEAR|STRAIGHT,,999.00,0.50,0.3,-1.3,4361
10.30,-9.697,67.323,96.2,-0.12,CLEAR|STRAIGHT,,999.00,0.50,0.3,-1.3,4361
10.35,-9.697,67.323,96.2,-0.12,CLEAR|STRAIGHT,,999.00,0.50,0.3,-1.3,4361
10.40,-9.722,67.306,96.2,-0.15,CLEAR|STRAIGHT,,999.00,0.50,0.2,-1.2,4361
10.45,-9.722,67.306,96.1,-0.15,CLEAR|STRAIGHT,,999.00,0.50,0.2,-1.2,4361
10.50,-9.746,67.274,96.1,-0.33,CLEAR|STRAIGHT,,999.00,0.50,0.4,-1.3,4378
10.55,-9.746,67.274,96.0,-0.33,CLEAR|STRAIGHT,,999.00,0.50,0.4,-1.3,4378
10.60,-9.783,67.242,96.0,-0.25,CLEAR|STRAIGHT,,999.00,0.50,0.6,-1.3,4378
10.65,-9.783,67.242,95.9,-0.25,CLEAR|STRAIGHT,,999.00,0.50,0.6,-1.3,4378
10.70,-9.821,67.214,95.9,-0.25,CLEAR|STRAIGHT,,999.00,0.50,0.8,-1.2,4378
10.75,-9.821,67.214,95.7,-0.25,CLEAR|STRAIGHT,,999.00,0.50,0.8,-1.2,4378
10.80,-9.876,67.173,95.6,-0.35,CLEAR|STRAIGHT,,999.00,0.50,1.0,-1.2,4361
10.85,-9.876,67.173,95.5,-0.35,CLEAR|STRAIGHT,,999.00,0.50,1.0,-1.2,4378
10.90,-9.923,67.125,95.4,-0.43,CLEAR|STRAIGHT,,999.00,0.50,1.3,-0.9,4344
10.95,-9.923,67.125,95.4,-0.43,CLEAR|STRAIGHT,,999.00,0.50,1.3,-0.5,4311
11.00,-9.923,67.125,95.3,-0.43,CLEAR|STRAIGHT,,999.00,0.50,1.5,-0.5,4295
11.05,-9.978,67.074,95.2,-0.36,CLEAR|STRAIGHT,,999.00,0.50,1.5,-0.4,4295
11.10,-9.978,67.074,95.1,-0.36,AVOID|STRAIGHT,0.0,8.00,0.50,1.8,-0.4,4278
11.15,-9.978,67.074,95.1,-0.36,AVOID|STRAIGHT,0.0,8.00,0.50,1.8,-0.5,4278
11.20,-10.098,66.984,95.0,-0.44,AVOID|STRAIGHT,0.0,8.00,0.50,1.9,0.1,4246
11.25,-10.098,66.984,95.0,-0.44,AVOID|STRAIGHT,0.0,8.00,0.50,1.9,0.3,4214
11.30,-10.167,66.941,95.1,-0.41,AVOID|STRAIGHT,0.0,8.00,0.50,2.1,0.3,4198
11.35,-10.167,66.941,95.0,-0.41,CLEAR|STRAIGHT,,999.00,0.50,2.1,0.2,4198
11.40,-10.236,66.877,94.9,-0.64,CLEAR|STRAIGHT,,999.00,0.50,2.0,0.3,4198
11.45,-10.236,66.877,94.9,-0.64,CLEAR|STRAIGHT,,999.00,0.50,2.0,0.3,4183
11.50,-10.300,66.832,94.9,-0.36,CLEAR|STRAIGHT,,999.00,0.50,2.3,0.8,4121
11.55,-10.300,66.832,94.7,-0.36,CLEAR|STRAIGHT,,999.00,0.50,2.3,0.9,4106
11.60,-10.368,66.780,94.7,-0.46,CLEAR|STRAIGHT,,999.00,0.50,2.6,0.8,4106
11.65,-10.368,66.780,94.6,-0.46,CLEAR|STRAIGHT,,999.00,0.50,2.6,0.8,4092
11.70,-10.438,66.704,94.6,-0.70,CLEAR|STRAIGHT,,999.00,0.50,2.5,0.8,4092
11.75,-10.438,66.704,94.7,-0.70,AVOID|STRAIGHT,0.0,8.00,0.50,2.5,0.9,4077
11.80,-10.512,66.654,94.7,-0.40,AVOID|STRAIGHT,0.0,8.00,0.50,2.7,0.9,4077
11.85,-10.512,66.654,94.6,-0.40,AVOID|STRAIGHT,0.0,8.00,0.50,2.7,0.8,4092
11.90,-10.512,66.654,94.6,-0.40,AVOID|STRAIGHT,0.0,8.00,0.50,2.7,1.0,4077
11.95,-10.512,66.654,94.7,-0.40,AVOID|STRAIGHT,0.0,8.00,0.50,2.7,1.0,4062
12.00,-10.512,66.654,94.7,-0.40,AVOID|STRAIGHT,0.0,8.00,0.50,2.5,1.0,4062
12.05,-10.654,66.530,94.6,-0.47,AVOID|STRAIGHT,0.0,8.00,0.50,2.5,1.0,4062
12.10,-10.654,66.530,94.6,-0.47,AVOID|STRAIGHT,0.0,8.00,0.50,2.7,1.0,4062
12.15,-10.654,66.530,94.7,-0.47,AVOID|STRAIGHT,0.0,8.00,0.50,2.7,1.0,4047
12.20,-10.818,66.418,94.7,-0.61,AVOID|STRAIGHT,0.0,8.00,0.50,2.6,1.0,4062
12.25,-10.818,66.418,94.7,-0.61,AVOID|STRAIGHT,0.0,8.00,0.50,2.6,1.0,4062
12.30,-10.900,66.343,94.8,-0.68,AVOID|STRAIGHT,0.0,8.00,0.50,2.5,1.0,4062
12.35,-10.900,66.343,94.9,-0.68,AVOID|STRAIGHT,0.0,8.00,0.50,2.5,1.0,4062
12.40,-10.900,66.343,94.8,-0.68,AVOID|STRAIGHT,0.0,8.00,0.50,2.4,1.0,4047
12.45,-10.900,66.343,94.9,-0.68,AVOID|STRAIGHT,0.0,8.00,0.50,2.4,1.0,4062
12.50,-11.067,66.219,94.9,-0.55,AVOID|STRAIGHT,0.0,8.00,0.50,2.4,1.1,4062
12.55,-11.067,66.219,94.9,-0.55,AVOID|STRAIGHT,0.0,8.00,0.50,2.4,1.0,4047
12.60,-11.147,66.128,94.8,-0.83,AVOID|STRAIGHT,0.0,8.00,0.50,2.4,1.0,4047
12.65,-11.147,66.128,94.8,-0.83,AVOID|STRAIGHT,0.0,8.00,0.50,2.4,1.0,4062
12.70,-11.238,66.065,94.8,-0.55,AVOID|STRAIGHT,0.0,8.00,0.50,2.4,1.0,4062
12.75,-11.238,66.065,94.9,-0.55,CLEAR|STRAIGHT,,999.00,0.50,2.4,1.0,4062
12.80,-11.325,65.984,94.9,-0.74,CLEAR|STRAIGHT,,999.00,0.50,2.3,1.0,4047
12.85,-11.325,65.984,94.8,-0.74,AVOID|STRAIGHT,0.0,8.00,0.50,2.3,1.0,4062
12.90,-11.325,65.984,94.8,-0.74,AVOID|STRAIGHT,0.0,8.00,0.50,2.5,1.4,4033
12.95,-11.325,65.984,94.7,-0.74,CLEAR|STRAIGHT,,999.00,0.50,2.5,1.5,4004
13.00,-11.325,65.984,94.8,-0.74,CLEAR|STRAIGHT,,999.00,0.50,2.4,1.5,4004
13.05,-11.491,65.824,94.7,-0.63,CLEAR|STRAIGHT,,999.00,0.50,2.4,1.5,3990
13.10,-11.491,65.824,94.7,-0.63,CLEAR|STRAIGHT,,999.00,0.50,2.6,1.5,4004
13.15,-11.491,65.824,95.0,-0.63,CLEAR|STRAIGHT,,999.00,0.50,2.6,1.5,3990
13.20,-11.680,65.682,94.9,-0.83,CLEAR|STRAIGHT,,999.00,0.50,2.2,1.3,3990
13.25,-11.680,65.682,95.0,-0.83,CLEAR|STRAIGHT,,999.00,0.50,2.2,1.5,3990
13.30,-11.680,65.682,95.1,-0.83,CLEAR|STRAIGHT,,999.00,0.50,2.1,1.4,3990
13.35,-11.774,65.612,95.2,-0.43,CLEAR|STRAIGHT,,999.00,0.50,2.1,1.5,3990
13.40,-11.774,65.612,95.2,-0.43,CLEAR|STRAIGHT,,999.00,0.50,1.9,1.5,3976
13.45,-11.774,65.612,95.4,-0.43,CLEAR|STRAIGHT,,999.00,0.50,1.9,1.5,3990
13.50,-11.774,65.612,95.4,-0.43,CLEAR|STRAIGHT,,999.00,0.50,1.8,1.5,3976
13.55,-11.965,65.448,95.6,-0.73,CLEAR|STRAIGHT,,999.00,0.50,1.8,1.5,3990
13.60,-11.965,65.448,95.6,-0.73,CLEAR|STRAIGHT,,999.00,0.50,1.3,1.5,3976
13.65,-11.965,65.448,95.8,-0.73,CLEAR|STRAIGHT,,999.00,0.50,1.3,1.5,3990
13.70,-11.965,65.448,95.8,-0.73,CLEAR|STRAIGHT,,999.00,0.50,1.1,1.5,3990
13.75,-12.173,65.289,96.1,-0.68,CLEAR|STRAIGHT,,999.00,0.50,1.1,1.5,3990
13.80,-12.173,65.289,96.1,-0.68,CLEAR|STRAIGHT,,999.00,0.50,0.7,1.5,3976
13.85,-12.173,65.289,96.3,-0.68,CLEAR|STRAIGHT,,999.00,0.50,0.7,1.5,3976
13.90,-12.173,65.289,96.3,-0.68,CLEAR|STRAIGHT,,999.00,0.50,0.3,1.5,3976
13.95,-12.368,65.126,96.4,-0.70,CLEAR|STRAIGHT,,999.00,0.50,0.3,1.5,3976
14.00,-12.368,65.126,96.5,-0.70,CLEAR|STRAIGHT,,999.00,0.50,0.0,1.5,3990
14.05,-12.368,65.126,96.6,-0.70,CLEAR|STRAIGHT,,999.00,0.50,0.0,1.5,3976
14.10,-12.368,65.126,96.7,-0.70,CLEAR|STRAIGHT,,999.00,0.50,-0.2,1.5,3962
14.15,-12.596,64.949,96.9,-0.75,CLEAR|STRAIGHT,,999.00,0.50,-0.2,1.5,3990
14.20,-12.596,64.949,96.9,-0.75,CLEAR|STRAIGHT,,999.00,0.50,-0.5,1.4,3976
14.25,-12.596,64.949,97.0,-0.75,CLEAR|STRAIGHT,,999.00,0.50,-0.5,1.5,3976
14.30,-12.596,64.949,97.1,-0.75,CLEAR|STRAIGHT,,999.00,0.50,-0.7,1.5,3976
14.35,-12.810,64.753,97.3,-0.84,CLEAR|STRAIGHT,,999.00,0.50,-0.7,1.5,3976
14.40,-12.810,64.753,97.3,-0.84,CLEAR|STRAIGHT,,999.00,0.50,-1.3,1.4,3990
14.45,-12.810,64.753,97.7,-0.84,CLEAR|STRAIGHT,,999.00,0.50,-1.3,1.4,3990
14.50,-12.994,64.549,97.8,-0.98,CLEAR|STRAIGHT,,999.00,0.50,-1.8,1.0,4047
14.55,-12.994,64.549,97.9,-0.98,CLEAR|STRAIGHT,,999.00,0.50,-1.8,0.9,4062
14.60,-13.097,64.463,98.0,-0.79,CLEAR|STRAIGHT,,999.00,0.50,-2.5,0.9,4062
14.65,-13.097,64.463,97.9,-0.79,CLEAR|STRAIGHT,,999.00,0.50,-2.5,0.5,4121
14.70,-13.195,64.379,98.0,-0.70,CLEAR|STRAIGHT,,999.00,0.50,-2.5,0.4,4137
14.75,-13.195,64.379,97.7,-0.70,CLEAR|STRAIGHT,,999.00,0.50,-2.5,0.2,4167
14.80,-13.316,64.281,97.7,-0.81,CLEAR|STRAIGHT,,999.00,0.50,-2.1,-0.0,4183
14.85,-13.316,64.281,97.5,-0.81,CLEAR|STRAIGHT,,999.00,0.50,-2.1,-0.0,4214
14.90,-13.421,64.187,97.4,-0.72,CLEAR|STRAIGHT,,999.00,0.50,-1.9,-0.0,4230
14.95,-13.421,64.187,97.1,-0.72,CLEAR|STRAIGHT,,999.00,0.50,-1.9,-0.0,4214
15.00,-13.513,64.086,97.0,-0.89,CLEAR|STRAIGHT,,999.00,0.50,-1.2,-0.2,4214
15.05,-13.513,64.086,96.8,-0.89,CLEAR|STRAIGHT,,999.00,0.50,-1.2,-0.1,4230
15.10,-13.624,63.995,96.7,-0.77,CLEAR|STRAIGHT,,999.00,0.50,-0.8,0.0,4214
15.15,-13.624,63.995,96.5,-0.77,CLEAR|STRAIGHT,,999.00,0.50,-0.8,-0.0,4230
15.20,-13.744,63.904,96.5,-0.77,CLEAR|STRAIGHT,,999.00,0.50,-0.2,-0.1,4230
15.25,-13.744,63.904,96.4,-0.77,CLEAR|STRAIGHT,,999.00,0.50,-0.2,-0.2,4214
15.30,-13.744,63.904,96.3,-0.77,CLEAR|STRAIGHT,,999.00,0.50,0.1,-0.0,4246
15.35,-13.744,63.904,96.3,-0.77,CLEAR|STRAIGHT,,999.00,0.50,0.1,-0.0,4230
15.40,-13.966,63.706,96.3,-0.91,CLEAR|STRAIGHT,,999.00,0.50,0.2,-0.1,4230
15.45,-13.966,63.706,96.1,-0.91,CLEAR|STRAIGHT,,999.00,0.50,0.2,-0.0,4246
15.50,-14.074,63.613,96.1,-0.82,CLEAR|STRAIGHT,,999.00,0.50,0.3,-0.0,4230
15.55,-14.074,63.613,96.1,-0.82,CLEAR|STRAIGHT,,999.00,0.50,0.3,0.0,4214
15.60,-14.198,63.525,96.1,-0.74,CLEAR|STRAIGHT,,999.00,0.50,0.5,-0.0,4230
15.65,-14.198,63.525,95.9,-0.74,CLEAR|STRAIGHT,,999.00,0.50,0.5,-0.0,4230
15.70,-14.302,63.424,95.8,-0.89,CLEAR|STRAIGHT,,999.00,0.50,0.7,-0.1,4230
15.75,-14.302,63.424,95.6,-0.89,CLEAR|STRAIGHT,,999.00,0.50,0.7,-0.0,4230
15.80,-14.410,63.338,95.5,-0.76,CLEAR|STRAIGHT,,999.00,0.50,1.0,-0.0,4230
15.85,-14.410,63.338,95.2,-0.76,CLEAR|STRAIGHT,,999.00,0.50,1.0,-0.2,4230
15.90,-14.526,63.234,95.2,-1.03,CLEAR|STRAIGHT,,999.00,0.50,1.6,-0.1,4230
15.95,-14.526,63.234,95.0,-1.03,CLEAR|STRAIGHT,,999.00,0.50,1.6,-0.0,4230
16.00,-14.526,63.234,94.9,-1.03,CLEAR|STRAIGHT,,999.00,0.50,2.0,-0.0,4214
16.05,-14.631,63.134,94.8,-0.65,CLEAR|STRAIGHT,,999.00,0.50,2.0,-0.1,4230
16.10,-14.631,63.134,94.8,-0.65,CLEAR|STRAIGHT,,999.00,0.50,2.4,-0.0,4230
16.15,-14.631,63.134,94.6,-0.65,CLEAR|STRAIGHT,,999.00,0.50,2.4,0.0,4230
16.20,-14.856,62.943,94.4,-1.02,CLEAR|STRAIGHT,,999.00,0.50,2.7,1.4,4062
16.25,-14.856,62.943,94.9,-1.02,CLEAR|STRAIGHT,,999.00,0.50,2.7,2.2,3948
16.30,-14.988,62.855,95.1,-0.68,CLEAR|STRAIGHT,,999.00,0.50,2.6,2.5,3880
16.35,-14.988,62.855,95.9,-0.68,CLEAR|STRAIGHT,,999.00,0.50,2.6,2.5,3853
16.40,-15.092,62.777,95.7,-0.75,CLEAR|STRAIGHT,,999.00,0.50,1.3,2.5,3840
16.45,-15.092,62.777,95.9,-0.75,CLEAR|STRAIGHT,,999.00,0.50,1.3,2.5,3840
16.50,-15.167,62.684,96.1,-0.84,CLEAR|STRAIGHT,,999.00,0.50,1.0,2.6,3827
16.55,-15.167,62.684,96.4,-0.84,CLEAR|STRAIGHT,,999.00,0.50,1.0,2.6,3827
16.60,-15.284,62.601,96.5,-0.70,CLEAR|STRAIGHT,,999.00,0.50,0.3,2.5,3827
16.65,-15.284,62.601,96.7,-0.70,CLEAR|STRAIGHT,,999.00,0.50,0.3,2.5,3801
16.70,-15.367,62.520,97.1,-0.70,CLEAR|STRAIGHT,,999.00,0.50,-0.3,2.5,3814
16.75,-15.367,62.520,96.7,-0.70,CLEAR|STRAIGHT,,999.00,0.50,-0.3,2.6,3814
16.80,-15.452,62.433,96.7,-0.85,CLEAR|STRAIGHT,,999.00,0.50,-0.5,2.5,3801
16.85,-15.452,62.433,97.1,-0.85,CLEAR|STRAIGHT,,999.00,0.50,-0.5,2.3,3840
16.90,-15.574,62.330,97.2,-0.72,CLEAR|STRAIGHT,,999.00,0.50,-0.9,1.7,3907
16.95,-15.574,62.330,97.4,-0.72,CLEAR|STRAIGHT,,999.00,0.50,-0.9,1.6,3948
17.00,-15.574,62.330,97.4,-0.72,CLEAR|STRAIGHT,,999.00,0.50,-1.4,1.6,3934
17.05,-15.671,62.242,97.5,-0.62,CLEAR|STRAIGHT,,999.00,0.50,-1.4,1.5,3948
17.10,-15.671,62.242,97.6,-0.62,CLEAR|STRAIGHT,,999.00,0.50,-1.5,0.9,4018
17.15,-15.671,62.242,97.7,-0.62,CLEAR|STRAIGHT,,999.00,0.50,-1.5,1.0,4047
17.20,-15.873,62.053,97.8,-0.89,CLEAR|STRAIGHT,,999.00,0.50,-1.8,0.9,4047
17.25,-15.873,62.053,97.9,-0.89,CLEAR|STRAIGHT,,999.00,0.50,-1.8,0.9,4062
17.30,-15.873,62.053,97.9,-0.89,CLEAR|STRAIGHT,,999.00,0.50,-2.1,0.9,4062
17.35,-15.970,61.967,97.8,-0.60,CLEAR|STRAIGHT,,999.00,0.50,-2.1,0.7,4092
17.40,-15.970,61.967,97.8,-0.60,CLEAR|STRAIGHT,,999.00,0.50,-2.1,0.6,4106
17.45,-15.970,61.967,97.7,-0.60,CLEAR|STRAIGHT,,999.00,0.50,-2.1,0.6,4106
17.50,-16.172,61.780,97.6,-0.88,CLEAR|STRAIGHT,,999.00,0.50,-2.0,0.6,4121
17.55,-16.172,61.780,97.5,-0.88,CLEAR|STRAIGHT,,999.00,0.50,-2.0,0.2,4183
17.60,-16.275,61.685,97.5,-0.89,CLEAR|STRAIGHT,,999.00,0.50,-1.7,0.0,4198
17.65,-16.275,61.685,97.3,-0.89,CLEAR|STRAIGHT,,999.00,0.50,-1.7,0.0,4198
17.70,-16.378,61.591,97.2,-0.89,CLEAR|STRAIGHT,,999.00,0.50,-1.4,0.1,4198
17.75,-16.378,61.591,97.1,-0.89,CLEAR|STRAIGHT,,999.00,0.50,-1.4,-0.0,4198
17.80,-16.481,61.491,97.1,-0.79,CLEAR|STRAIGHT,,999.00,0.50,-1.1,0.1,4198
17.85,-16.481,61.491,97.1,-0.79,CLEAR|STRAIGHT,,999.00,0.50,-1.1,0.0,4214
17.90,-16.576,61.398,97.1,-0.80,CLEAR|STRAIGHT,,999.00,0.50,-1.1,0.0,4214
17.95,-16.576,61.398,97.0,-0.80,CLEAR|STRAIGHT,,999.00,0.50,-1.1,0.1,4198
18.00,-16.576,61.398,97.0,-0.80,CLEAR|STRAIGHT,,999.00,0.50,-1.0,0.0,4214
18.05,-16.680,61.305,97.0,-0.61,CLEAR|STRAIGHT,,999.00,0.50,-1.0,0.0,4214
18.10,-16.680,61.305,97.0,-0.61,CLEAR|STRAIGHT,,999.00,0.50,-0.9,0.0,4198
18.15,-16.680,61.305,97.0,-0.61,CLEAR|STRAIGHT,,999.00,0.50,-0.9,0.1,4214
18.20,-16.894,61.127,96.9,-0.89,CLEAR|STRAIGHT,,999.00,0.50,-0.9,0.0,4214
18.25,-16.894,61.127,96.9,-0.89,CLEAR|STRAIGHT,,999.00,0.50,-0.9,0.0,4214
18.30,-16.894,61.127,96.7,-0.89,CLEAR|STRAIGHT,,999.00,0.50,-0.6,0.0,4214
18.35,-16.997,61.036,96.5,-0.60,CLEAR|STRAIGHT,,999.00,0.50,-0.6,0.0,4214
18.40,-17.104,60.944,96.4,-1.13,CLEAR|STRAIGHT,,999.00,0.50,-0.2,0.1,4214
18.45,-17.104,60.944,96.4,-1.13,CLEAR|STRAIGHT,,999.00,0.50,-0.2,0.1,4214
18.50,-17.214,60.852,96.3,-0.80,CLEAR|STRAIGHT,,999.00,0.50,-0.0,0.0,4214
18.55,-17.214,60.852,96.1,-0.80,CLEAR|STRAIGHT,,999.00,0.50,-0.0,0.0,4214
18.60,-17.315,60.761,-138.6,-0.89,CLEAR|STRAIGHT,,999.00,0.50,0.3,0.0,4230
18.65,-17.315,60.761,-138.7,-0.89,CLEAR|STRAIGHT,,999.00,0.50,0.3,0.0,4214
18.70,-17.421,60.668,-138.8,1.28,CLEAR|STRAIGHT,,999.00,0.00,0.0,0.0,4214
18.75,-17.421,60.668,-138.9,1.28,CLEAR|STRAIGHT,,999.00,0.00,0.0,0.0,4230
18.80,-17.526,60.574,-138.9,1.41,CLEAR|STRAIGHT,,999.00,0.00,0.0,0.0,4214
18.85,-17.526,60.574,-139.1,1.41,CLEAR|STRAIGHT,,999.00,0.00,0.0,-0.0,4214
18.90,-17.633,60.487,-139.1,1.38,CLEAR|STRAIGHT,,999.00,0.00,0.0,0.0,4214
18.95,-17.633,60.487,-139.2,1.38,CLEAR|STRAIGHT,,999.00,0.00,0.0,0.0,4214
19.00,-17.633,60.487,-139.3,1.38,CLEAR|STRAIGHT,,999.00,0.00,0.0,0.0,4214
19.05,-17.746,60.402,-139.2,1.08,CLEAR|STRAIGHT,,999.00,0.00,0.0,0.1,4230
19.10,-17.746,60.402,-139.3,1.08,CLEAR|STRAIGHT,,999.00,0.00,0.0,0.0,4214
19.15,-17.746,60.402,-139.4,1.08,CLEAR|STRAIGHT,,999.00,0.00,0.0,0.0,4214
19.20,-17.928,60.242,-139.4,1.43,CLEAR|STRAIGHT,,999.00,0.00,0.0,0.1,4214
19.25,-17.928,60.242,-139.6,1.43,CLEAR|STRAIGHT,,999.00,0.00,0.0,0.1,4230
19.30,-18.025,60.170,-139.5,1.21,CLEAR|STRAIGHT,,999.00,0.00,0.0,0.0,4214
19.35,-18.025,60.170,-139.6,1.21,CLEAR|STRAIGHT,,999.00,0.00,0.0,0.0,4214
19.40,-18.123,60.092,-139.6,1.14,CLEAR|STRAIGHT,,999.00,0.00,0.0,0.1,4214
19.45,-18.123,60.092,-139.6,1.14,CLEAR|STRAIGHT,,999.00,0.00,0.0,0.0,4230
19.50,-18.203,60.024,-139.6,1.32,CLEAR|STRAIGHT,,999.00,0.00,0.0,0.0,4214
19.55,-18.203,60.024,-139.7,1.32,CLEAR|STRAIGHT,,999.00,0.00,0.0,0.0,4214
19.60,-18.277,59.970,-139.8,0.83,CLEAR|STRAIGHT,,999.00,0.00,0.0,0.0,4214
19.65,-18.277,59.970,-139.8,0.83,CLEAR|STRAIGHT,,999.00,0.00,0.0,0.1,4214
19.70,-18.353,59.910,-139.8,0.97,CLEAR|STRAIGHT,,999.00,0.00,0.0,0.0,4230
19.75,-18.353,59.910,-140.0,0.97,CLEAR|STRAIGHT,,999.00,0.00,0.0,0.1,4198
19.80,-18.418,59.849,-140.0,0.89,CLEAR|STRAIGHT,,999.00,0.00,0.0,0.1,4214
19.85,-18.418,59.849,-140.0,0.89,CLEAR|STRAIGHT,,999.00,0.00,0.0,0.0,4214
19.90,-18.481,59.796,-140.1,0.81,CLEAR|STRAIGHT,,999.00,0.00,0.0,0.0,4230
19.95,-18.481,59.796,-140.1,0.81,CLEAR|STRAIGHT,,999.00,0.00,0.0,0.0,4214
20.00,-18.481,59.796,-140.2,0.81,CLEAR|STRAIGHT,,999.00,0.00,0.0,0.0,4214
20.05,-18.539,59.751,-140.2,0.57,CLEAR|STRAIGHT,,999.00,0.00,0.0,0.0,4214
20.10,-18.539,59.751,-140.2,0.57,CLEAR|STRAIGHT,,999.00,1.14,18.0,0.0,4198
20.15,-18.539,59.751,-140.3,0.57,CLEAR|STRAIGHT,,999.00,1.14,18.0,0.0,4214
20.20,-18.648,59.658,-140.3,0.84,CLEAR|STRAIGHT,,999.00,1.14,18.0,0.1,4214
20.25,-18.648,59.658,-140.3,0.84,CLEAR|STRAIGHT,,999.00,1.14,18.0,0.9,4106
20.30,-18.694,59.628,-140.3,0.46,CLEAR|STRAIGHT,,999.00,1.14,18.0,3.1,3853
20.35,-18.694,59.628,-140.2,0.46,CLEAR|STRAIGHT,,999.00,1.14,18.0,4.6,3630
20.40,-18.694,59.628,-140.1,0.46,CLEAR|STRAIGHT,,999.00,1.14,18.0,6.0,3441
20.45,-18.694,59.628,-139.9,0.46,CLEAR|STRAIGHT,,999.00,1.14,18.0,7.5,3224
20.50,-18.783,59.559,-139.7,0.62,CLEAR|STRAIGHT,,999.00,1.14,18.0,8.8,3049
20.55,-18.783,59.559,-139.2,0.62,CLEAR|STRAIGHT,,999.00,1.14,18.0,9.8,2907
20.60,-18.808,59.519,-139.0,0.40,CLEAR|STRAIGHT,,999.00,1.12,18.0,10.8,2785
20.65,-18.808,59.519,-138.4,0.40,CLEAR|STRAIGHT,,999.00,1.12,18.0,11.7,2685
20.70,-18.855,59.488,-138.0,0.63,CLEAR|STRAIGHT,,999.00,1.12,18.0,12.2,2616
20.75,-18.855,59.488,-137.2,0.63,CLEAR|STRAIGHT,,999.00,1.12,18.0,12.8,2540
20.80,-18.902,59.437,-136.8,0.68,CLEAR|STRAIGHT,,999.00,1.12,18.0,13.5,2478
20.85,-18.902,59.437,-135.9,0.68,CLEAR|STRAIGHT,,999.00,1.12,18.0,13.9,2430
20.90,-18.942,59.376,-135.4,0.71,CLEAR|STRAIGHT,,999.00,1.12,18.0,14.3,2394
20.95,-18.942,59.376,-134.2,0.71,CLEAR|STRAIGHT,,999.00,1.12,18.0,14.4,2364
21.00,-18.942,59.376,-133.6,0.71,CLEAR|STRAIGHT,,999.00,1.12,17.8,14.6,2344
21.05,-18.994,59.316,-132.4,0.61,CLEAR|STRAIGHT,,999.00,1.12,17.5,14.6,2329
21.10,-18.994,59.316,-131.8,0.61,CLEAR|STRAIGHT,,999.00,1.12,18.0,14.7,2320
21.15,-18.994,59.316,-130.5,0.61,CLEAR|STRAIGHT,,999.00,1.12,18.0,14.7,2310
21.20,-19.101,59.175,-129.8,1.04,CLEAR|STRAIGHT,,999.00,1.12,17.9,14.8,2310
21.25,-19.101,59.175,-128.6,1.04,CLEAR|STRAIGHT,,999.00,1.12,15.6,14.8,2305
21.30,-19.150,59.100,-127.9,0.89,CLEAR|STRAIGHT,,999.00,1.14,13.4,14.8,2296
21.35,-19.150,59.100,-126.4,0.89,CLEAR|STRAIGHT,,999.00,1.14,11.1,14.7,2301
21.40,-19.204,59.013,-125.7,1.02,CLEAR|STRAIGHT,,999.00,1.14,10.3,14.8,2291
21.45,-19.204,59.013,-124.1,1.02,CLEAR|STRAIGHT,,999.00,1.14,9.7,14.7,2296
21.50,-19.253,58.918,-123.3,0.97,CLEAR|STRAIGHT,,999.00,1.14,8.8,13.8,2349
21.55,-19.253,58.918,-121.8,0.97,CLEAR|STRAIGHT,,999.00,1.14,9.2,12.8,2420
21.60,-19.303,58.818,-121.0,1.11,CLEAR|STRAIGHT,,999.00,1.14,8.4,12.3,2473
21.65,-19.303,58.818,-119.6,1.11,CLEAR|STRAIGHT,,999.00,1.14,7.5,11.8,2511
21.70,-19.303,58.818,-118.9,1.11,CLEAR|STRAIGHT,,999.00,1.14,6.6,11.6,2540
21.75,-19.303,58.818,-117.6,1.11,CLEAR|STRAIGHT,,999.00,1.14,6.2,11.3,2569
21.80,-19.408,58.604,-117.0,1.25,CLEAR|STRAIGHT,,999.00,1.14,5.4,10.7,2623
21.85,-19.408,58.604,-115.6,1.25,CLEAR|STRAIGHT,,999.00,1.14,3.2,9.9,2698
21.90,-19.455,58.490,-115.1,1.23,CLEAR|STRAIGHT,,999.00,1.18,1.0,9.3,2764
21.95,-19.455,58.490,-113.9,1.23,CLEAR|STRAIGHT,,999.00,1.18,0.8,8.6,2834
22.00,-19.455,58.490,-113.4,1.23,CLEAR|STRAIGHT,,999.00,1.18,0.1,7.4,2953
22.05,-19.503,58.370,-112.7,0.99,CLEAR|STRAIGHT,,999.00,1.18,-0.2,6.0,3117
22.10,-19.503,58.370,-112.4,0.99,CLEAR|STRAIGHT,,999.00,1.18,0.4,4.1,3339
22.15,-19.503,58.370,-112.1,0.99,CLEAR|STRAIGHT,,999.00,1.18,0.2,2.6,3561
22.20,-19.597,58.106,-112.0,1.75,CLEAR|STRAIGHT,,999.00,1.18,-0.0,1.8,3713
22.25,-19.597,58.106,-111.8,1.75,CLEAR|STRAIGHT,,999.00,1.18,-2.3,1.8,3776
22.30,-19.653,57.963,-111.7,1.27,CLEAR|STRAIGHT,,999.00,1.15,-4.3,1.7,3801
22.35,-19.653,57.963,-111.6,1.27,CLEAR|STRAIGHT,,999.00,1.15,-4.2,1.8,3827
22.40,-19.716,57.832,-111.4,1.62,CLEAR|STRAIGHT,,999.00,1.15,-4.3,1.0,3920
22.45,-19.716,57.832,-111.2,1.62,CLEAR|STRAIGHT,,999.00,1.15,-5.3,0.1,4047
22.50,-19.766,57.678,-111.3,1.61,CLEAR|STRAIGHT,,999.00,1.15,-5.4,-0.6,4152
22.55,-19.766,57.678,-111.5,1.61,CLEAR|STRAIGHT,,999.00,1.15,-6.3,-0.9,4214
22.60,-19.840,57.523,-111.6,1.72,CLEAR|STRAIGHT,,999.00,1.10,-6.2,-1.4,4278
22.65,-19.840,57.523,-111.9,1.72,CLEAR|STRAIGHT,,999.00,1.10,-6.8,-1.9,4344
22.70,-19.911,57.364,-112.1,1.73,CLEAR|STRAIGHT,,999.00,1.10,-6.7,-2.5,4430
22.75,-19.911,57.364,-112.6,1.73,CLEAR|STRAIGHT,,999.00,1.10,-7.3,-2.7,4483
22.80,-19.966,57.209,-112.8,1.65,CLEAR|STRAIGHT,,999.00,1.10,-7.0,-3.1,4501
22.85,-19.966,57.209,-113.5,1.65,CLEAR|STRAIGHT,,999.00,1.10,-7.4,-3.1,4501
22.90,-20.039,57.056,-113.7,1.70,CLEAR|STRAIGHT,,999.00,1.11,-7.1,-3.6,4555
22.95,-20.039,57.056,-114.3,1.70,CLEAR|STRAIGHT,,999.00,1.11,-7.7,-3.8,4611
23.00,-20.119,56.905,-114.8,1.42,CLEAR|STRAIGHT,,999.00,1.11,-7.4,-3.9,4611
23.05,-20.119,56.905,-115.4,1.42,CLEAR|STRAIGHT,,999.00,1.11,-8.2,-3.9,4611
23.10,-20.119,56.905,-115.8,1.42,CLEAR|STRAIGHT,,999.00,1.11,-7.9,-4.7,4669
23.15,-20.119,56.905,-116.6,1.42,CLEAR|STRAIGHT,,999.00,1.11,-7.7,-4.8,4708
23.20,-20.290,56.563,-117.0,2.13,CLEAR|STRAIGHT,,999.00,1.11,-7.2,-4.9,4728
23.25,-20.290,56.563,-117.7,2.13,CLEAR|STRAIGHT,,999.00,1.11,-7.3,-4.9,4708
23.30,-20.372,56.407,-118.2,1.76,CLEAR|STRAIGHT,,999.00,1.12,-7.0,-5.0,4728
23.35,-20.372,56.407,-119.1,1.76,CLEAR|STRAIGHT,,999.00,1.12,-8.1,-5.0,4748
23.40,-20.477,56.250,-119.4,1.88,CLEAR|STRAIGHT,,999.00,1.12,-7.7,-5.0,4768
23.45,-20.477,56.250,-120.2,1.88,CLEAR|STRAIGHT,,999.00,1.12,-7.1,-5.0,4748
23.50,-20.576,56.085,-120.8,1.92,CLEAR|STRAIGHT,,999.00,1.15,-6.7,-5.0,4748
23.55,-20.576,56.085,-121.7,1.92,CLEAR|STRAIGHT,,999.00,1.15,-7.2,-5.1,4748
23.60,-20.683,55.925,-122.2,1.92,CLEAR|STRAIGHT,,999.00,1.15,-6.8,-5.1,4748
23.65,-20.683,55.925,-122.9,1.92,CLEAR|STRAIGHT,,999.00,1.15,-7.3,-5.1,4748
23.70,-20.794,55.769,-123.4,2.13,CLEAR|STRAIGHT,,999.00,1.15,-7.0,-5.1,4748
23.75,-20.794,55.769,-124.3,2.13,CLEAR|STRAIGHT,,999.00,1.15,-6.1,-5.0,4748
23.80,-20.917,55.608,-124.8,1.84,CLEAR|STRAIGHT,,999.00,1.19,-5.7,-5.1,4748
23.85,-20.917,55.608,-125.7,1.84,CLEAR|STRAIGHT,,999.00,1.19,-6.6,-5.1,4748
23.90,-21.038,55.444,-126.2,2.04,CLEAR|STRAIGHT,,999.00,1.19,-6.1,-5.0,4768
23.95,-21.038,55.444,-127.2,2.04,CLEAR|STRAIGHT,,999.00,1.19,-5.3,-5.1,4768
24.00,-21.162,55.284,-127.7,2.25,CLEAR|STRAIGHT,,999.00,1.12,-4.8,-5.0,4768
24.05,-21.162,55.284,-128.6,2.25,CLEAR|STRAIGHT,,999.00,1.12,-4.9,-5.0,4768
24.10,-21.296,55.119,-129.0,1.77,CLEAR|STRAIGHT,,999.00,1.12,-4.5,-5.1,4748
24.15,-21.296,55.119,-130.0,1.77,CLEAR|STRAIGHT,,999.00,1.12,-5.7,-5.1,4768
24.20,-21.429,54.960,-130.5,2.08,CLEAR|STRAIGHT,,999.00,1.12,-5.2,-5.1,4768
24.25,-21.429,54.960,-131.6,2.08,CLEAR|STRAIGHT,,999.00,1.12,-4.0,-5.1,4768
24.30,-21.572,54.803,-132.0,2.36,CLEAR|STRAIGHT,,999.00,1.08,-3.5,-5.0,4768
24.35,-21.572,54.803,-133.4,2.36,CLEAR|STRAIGHT,,999.00,1.08,-3.5,-5.1,4788
24.40,-21.706,54.649,-133.8,2.04,CLEAR|STRAIGHT,,999.00,1.08,-2.8,-5.1,4768
24.45,-21.706,54.649,-134.7,2.04,CLEAR|STRAIGHT,,999.00,1.08,-2.7,-5.1,4768
24.50,-21.865,54.501,-135.2,2.17,CLEAR|STRAIGHT,,999.00,1.09,-2.3,-5.1,4768
24.55,-21.865,54.501,-136.3,2.17,CLEAR|STRAIGHT,,999.00,1.09,-2.1,-5.0,4768
24.60,-22.007,54.350,-136.9,2.07,CLEAR|STRAIGHT,,999.00,1.09,-1.6,-4.5,4748
24.65,-22.007,54.350,-137.5,2.07,CLEAR|STRAIGHT,,999.00,1.09,-1.2,-4.5,4728
24.70,-22.172,54.219,-137.5,2.11,CLEAR|STRAIGHT,,999.00,1.10,-0.9,-4.2,4728
24.75,-22.172,54.219,-138.7,2.11,CLEAR|STRAIGHT,,999.00,1.10,-0.9,-3.9,4688
24.80,-22.344,54.071,-139.2,2.26,CLEAR|STRAIGHT,,999.00,1.10,-0.3,-3.4,4650
24.85,-22.344,54.071,-139.8,2.26,CLEAR|STRAIGHT,,999.00,1.10,-0.0,-3.1,4611
24.90,-22.344,54.071,-140.1,2.26,CLEAR|STRAIGHT,,999.00,1.10,0.3,-3.0,4593
24.95,-22.511,53.964,-140.7,1.41,CLEAR|STRAIGHT,,999.00,1.10,0.4,-2.9,4593
25.00,-22.511,53.964,-141.2,1.41,CLEAR|STRAIGHT,,999.00,1.13,0.9,-2.5,4555
25.05,-22.511,53.964,-141.6,1.41,CLEAR|STRAIGHT,,999.00,1.13,1.2,-2.2,4501
25.10,-22.511,53.964,-142.0,1.41,CLEAR|STRAIGHT,,999.00,1.13,1.4,-1.8,4483
25.15,-22.854,53.713,-142.4,1.77,CLEAR|STRAIGHT,,999.00,1.13,1.6,-1.4,4430
25.20,-22.854,53.713,-142.7,1.77,CLEAR|STRAIGHT,,999.00,1.13,2.5,-0.8,4378
25.25,-22.854,53.713,-143.0,1.77,CLEAR|STRAIGHT,,999.00,1.16,2.6,-0.5,4328
25.30,-23.195,53.443,-143.2,3.34,CLEAR|STRAIGHT,,999.00,1.16,2.7,-0.3,4311
25.35,-23.195,53.443,-143.3,3.34,CLEAR|STRAIGHT,,999.00,1.16,3.2,0.2,4230
25.40,-23.383,53.323,-143.4,2.22,CLEAR|STRAIGHT,,999.00,1.17,3.3,0.6,4167
25.45,-23.383,53.323,-143.4,2.22,CLEAR|STRAIGHT,,999.00,1.17,3.6,0.8,4137
25.50,-23.383,53.323,-143.4,2.22,CLEAR|STRAIGHT,,999.00,1.17,3.6,0.9,4121
25.55,-23.559,53.184,-143.4,1.60,CLEAR|STRAIGHT,,999.00,1.17,3.6,1.2,4092
25.60,-23.559,53.184,-143.4,1.60,CLEAR|STRAIGHT,,999.00,1.17,4.8,1.5,4018
25.65,-23.559,53.184,-143.3,1.60,CLEAR|STRAIGHT,,999.00,1.17,4.8,1.7,3976
25.70,-23.906,52.932,-143.3,2.68,CLEAR|STRAIGHT,,999.00,1.17,4.7,1.8,3976
25.75,-23.906,52.932,-143.2,2.68,CLEAR|STRAIGHT,,999.00,1.17,4.1,2.4,3893
25.80,-23.906,52.932,-143.1,2.68,CLEAR|STRAIGHT,,999.00,1.13,4.0,2.9,3814
25.85,-23.906,52.932,-142.6,2.68,CLEAR|STRAIGHT,,999.00,1.13,4.0,3.0,3776
25.90,-24.256,52.671,-142.5,2.30,CLEAR|STRAIGHT,,999.00,1.13,3.8,3.0,3776
25.95,-24.256,52.671,-142.2,2.30,CLEAR|STRAIGHT,,999.00,1.13,4.5,3.0,3751
26.00,-24.256,52.671,-142.0,2.30,CLEAR|STRAIGHT,,999.00,1.10,4.4,3.0,3763
26.05,-24.426,52.531,-141.5,1.69,CLEAR|STRAIGHT,,999.00,1.10,4.3,3.1,3751
26.10,-24.426,52.531,-141.3,1.69,CLEAR|STRAIGHT,,999.00,1.12,4.6,3.1,3751
26.15,-24.426,52.531,-140.9,1.69,CLEAR|STRAIGHT,,999.00,1.12,4.5,3.0,3738
26.20,-24.777,52.249,-140.6,2.65,CLEAR|STRAIGHT,,999.00,1.12,4.3,3.1,3738
26.25,-24.777,52.249,-140.3,2.65,CLEAR|STRAIGHT,,999.00,1.12,4.1,3.0,3738
26.30,-24.957,52.110,-140.1,2.07,CLEAR|STRAIGHT,,999.00,1.12,3.9,3.0,3738
26.35,-24.957,52.110,-139.7,2.07,CLEAR|STRAIGHT,,999.00,1.12,4.4,3.1,3726
26.40,-25.117,51.955,-139.4,2.46,CLEAR|STRAIGHT,,999.00,1.15,4.2,3.1,3726
26.45,-25.117,51.955,-138.9,2.46,CLEAR|STRAIGHT,,999.00,1.15,3.9,3.1,3738
26.50,-25.267,51.790,-138.7,2.22,CLEAR|STRAIGHT,,999.00,1.15,3.7,3.1,3726
26.55,-25.267,51.790,-138.2,2.22,CLEAR|STRAIGHT,,999.00,1.15,3.4,3.1,3726
26.60,-25.455,51.659,-138.0,2.27,CLEAR|STRAIGHT,,999.00,1.16,3.2,3.1,3713
26.65,-25.455,51.659,-137.5,2.27,CLEAR|STRAIGHT,,999.00,1.16,3.7,3.1,3726
26.70,-25.636,51.501,-137.4,2.67,CLEAR|STRAIGHT,,999.00,1.16,3.5,3.0,3738
26.75,-25.636,51.501,-136.9,2.67,CLEAR|STRAIGHT,,999.00,1.16,2.8,3.0,3738
26.80,-25.810,51.353,-136.7,2.07,CLEAR|STRAIGHT,,999.00,1.20,2.6,3.0,3713
26.85,-25.810,51.353,-136.1,2.07,CLEAR|STRAIGHT,,999.00,1.20,3.7,3.0,3713
26.90,-25.988,51.202,-135.9,2.12,CLEAR|STRAIGHT,,999.00,1.20,3.4,3.0,3713
26.95,-25.988,51.202,-135.4,2.12,CLEAR|STRAIGHT,,999.00,1.20,3.0,3.1,3713
27.00,-25.988,51.202,-135.2,2.12,CLEAR|STRAIGHT,,999.00,1.16,2.8,3.1,3713
27.05,-26.147,51.042,-134.8,1.88,CLEAR|STRAIGHT,,999.00,1.16,2.6,3.0,3726
27.10,-26.147,51.042,-134.6,1.88,CLEAR|STRAIGHT,,999.00,1.16,3.2,3.1,3726
27.15,-26.147,51.042,-134.1,1.88,CLEAR|STRAIGHT,,999.00,1.16,3.1,3.0,3713
27.20,-26.147,51.042,-133.8,1.88,CLEAR|STRAIGHT,,999.00,1.16,2.8,3.0,3713
27.25,-26.459,50.718,-133.3,2.04,CLEAR|STRAIGHT,,999.00,1.16,2.7,3.0,3726
27.30,-26.459,50.718,-133.1,2.04,CLEAR|STRAIGHT,,999.00,1.11,2.1,3.0,3726
27.35,-26.459,50.718,-132.6,2.04,CLEAR|STRAIGHT,,999.00,1.11,2.0,3.0,3726
27.40,-26.767,50.378,-132.3,2.87,CLEAR|STRAIGHT,,999.00,1.11,1.8,3.1,3726
27.45,-26.767,50.378,-131.9,2.87,CLEAR|STRAIGHT,,999.00,1.11,0.9,3.1,3713
27.50,-26.920,50.203,-131.7,2.58,CLEAR|STRAIGHT,,999.00,1.11,0.8,3.0,3726
27.55,-26.920,50.203,-131.1,2.58,CLEAR|STRAIGHT,,999.00,1.11,0.9,3.0,3726
27.60,-27.072,50.021,-130.9,2.64,CLEAR|STRAIGHT,,999.00,1.11,0.7,3.1,3726
27.65,-27.072,50.021,-130.5,2.64,CLEAR|STRAIGHT,,999.00,1.11,0.3,3.0,3713
27.70,-27.214,49.843,-130.3,2.08,CLEAR|STRAIGHT,,999.00,1.13,0.2,2.6,3776
27.75,-27.214,49.843,-129.9,2.08,CLEAR|STRAIGHT,,999.00,1.13,0.3,2.6,3788
27.80,-27.372,49.671,-129.7,2.33,CLEAR|STRAIGHT,,999.00,1.13,0.1,2.5,3788
27.85,-27.372,49.671,-129.4,2.33,CLEAR|STRAIGHT,,999.00,1.13,-0.2,2.4,3814
27.90,-27.517,49.488,-129.2,2.33,CLEAR|STRAIGHT,,999.00,1.16,-0.4,2.4,3801
27.95,-27.517,49.488,-128.8,2.33,CLEAR|STRAIGHT,,999.00,1.16,-0.6,2.3,3827
28.00,-27.517,49.488,-128.6,2.33,CLEAR|STRAIGHT,,999.00,1.16,-0.7,2.3,3840
28.05,-27.662,49.306,-128.4,1.79,CLEAR|STRAIGHT,,999.00,1.16,-0.8,2.3,3840
28.10,-27.662,49.306,-128.2,1.79,CLEAR|STRAIGHT,,999.00,1.18,-1.1,2.3,3827
28.15,-27.662,49.306,-128.0,1.79,CLEAR|STRAIGHT,,999.00,1.18,-1.2,1.6,3907
28.20,-27.968,48.953,-127.9,2.75,CLEAR|STRAIGHT,,999.00,1.18,-1.3,1.5,3948
28.25,-27.968,48.953,-127.7,2.75,CLEAR|STRAIGHT,,999.00,1.18,-1.4,1.5,3948
28.30,-28.114,48.763,-127.7,2.59,CLEAR|STRAIGHT,,999.00,1.09,-1.5,1.3,3976
28.35,-28.114,48.763,-127.6,2.59,CLEAR|STRAIGHT,,999.00,1.09,-1.7,1.1,4004
28.40,-28.277,48.583,-127.5,2.25,CLEAR|STRAIGHT,,999.00,1.09,-1.8,1.0,4018
28.45,-28.277,48.583,-127.5,2.25,CLEAR|STRAIGHT,,999.00,1.09,-1.9,0.9,4033
28.50,-28.431,48.397,-127.3,2.67,CLEAR|STRAIGHT,,999.00,1.06,-1.9,0.9,4062
28.55,-28.431,48.397,-127.4,2.67,CLEAR|STRAIGHT,,999.00,1.06,-2.0,0.9,4077
28.60,-28.594,48.207,-127.4,2.28,CLEAR|STRAIGHT,,999.00,1.06,-2.0,0.8,4062
28.65,-28.594,48.207,-127.4,2.28,CLEAR|STRAIGHT,,999.00,1.06,-2.1,0.8,4062
28.70,-28.715,48.007,-127.4,2.32,CLEAR|STRAIGHT,,999.00,1.04,-2.1,0.7,4077
28.75,-28.715,48.007,-127.5,2.32,CLEAR|STRAIGHT,,999.00,1.04,-2.6,0.7,4092
28.80,-28.856,47.795,-127.5,2.31,CLEAR|STRAIGHT,,999.00,1.04,-2.5,0.5,4106
28.85,-28.856,47.795,-127.5,2.31,CLEAR|STRAIGHT,,999.00,1.04,-2.7,0.4,4121
28.90,-29.030,47.606,-127.5,2.84,CLEAR|STRAIGHT,,999.00,1.03,-2.7,0.4,4121
28.95,-29.030,47.606,-127.7,2.84,CLEAR|STRAIGHT,,999.00,1.03,-2.6,0.5,4137
29.00,-29.191,47.421,-127.7,2.22,CLEAR|STRAIGHT,,999.00,1.03,-2.5,-0.1,4198
29.05,-29.191,47.421,-127.9,2.22,CLEAR|STRAIGHT,,999.00,1.03,-2.8,-0.3,4230
29.10,-29.323,47.207,-128.0,2.79,CLEAR|STRAIGHT,,999.00,1.03,-2.8,-0.2,4230
29.15,-29.323,47.207,-128.2,2.79,CLEAR|STRAIGHT,,999.00,1.03,-2.9,-0.3,4246
29.20,-29.323,47.207,-128.4,2.79,CLEAR|STRAIGHT,,999.00,1.03,-2.8,-0.2,4246
29.25,-29.455,47.008,-128.5,1.98,CLEAR|STRAIGHT,,999.00,1.03,-2.7,-0.4,4262
29.30,-29.455,47.008,-128.6,1.98,CLEAR|STRAIGHT,,999.00,1.03,-4.1,-0.4,4278
29.35,-29.455,47.008,-128.8,1.98,CLEAR|STRAIGHT,,999.00,1.03,-4.1,-0.4,4262
29.40,-29.764,46.606,-128.8,2.99,CLEAR|STRAIGHT,,999.00,1.03,-3.9,-0.4,4262
29.45,-29.764,46.606,-129.1,2.99,CLEAR|STRAIGHT,,999.00,1.03,-3.3,-0.8,4311
29.50,-29.920,46.434,-129.2,2.10,CLEAR|STRAIGHT,,999.00,1.08,-3.2,-1.1,4328
29.55,-29.920,46.434,-129.6,2.10,CLEAR|STRAIGHT,,999.00,1.09,-3.8,-1.2,4328
29.60,-30.056,46.250,-129.7,2.29,CLEAR|STRAIGHT,,999.00,1.14,-3.6,-1.2,4344
29.65,-30.056,46.250,-130.2,2.29,CLEAR|STRAIGHT,,999.00,1.18,-3.9,-1.3,4361
29.70,-30.201,46.075,-130.3,2.53,CLEAR|STRAIGHT,,999.00,1.18,-3.7,-1.2,4361
29.75,-30.201,46.075,-130.5,2.53,CLEAR|STRAIGHT,,999.00,1.18,-3.1,-1.3,4344
29.80,-30.322,45.876,-130.7,2.30,CLEAR|STRAIGHT,,999.00,1.09,-3.0,-1.5,4378
29.85,-30.322,45.876,-131.2,2.30,CLEAR|STRAIGHT,,999.00,1.09,-3.9,-1.7,4412
29.90,-30.463,45.706,-131.3,2.21,CLEAR|STRAIGHT,,999.00,1.09,-3.7,-1.7,4395
29.95,-30.463,45.706,-131.9,2.21,CLEAR|STRAIGHT,,999.00,1.09,-3.3,-1.7,4395
30.00,-30.607,45.564,-132.1,1.83,CLEAR|STRAIGHT,,999.00,1.04,-3.1,-2.1,4447
30.05,-30.607,45.564,-132.8,1.83,CLEAR|STRAIGHT,,999.00,1.04,-3.8,-2.2,4483
30.10,-30.789,45.429,-133.2,2.47,CLEAR|STRAIGHT,,999.00,1.04,-3.5,-2.2,4483
30.15,-30.789,45.429,-133.7,2.47,CLEAR|STRAIGHT,,999.00,1.04,-1.8,-2.2,4465
30.20,-30.973,45.276,-134.0,2.38,CLEAR|STRAIGHT,,999.00,0.97,-1.7,-2.2,4465
30.25,-31.148,45.107,-134.5,2.70,CLEAR|STRAIGHT,,999.00,0.97,-1.6,-2.4,4483
30.30,-31.148,45.107,-134.8,2.70,CLEAR|STRAIGHT,,999.00,0.97,-0.8,-2.3,4483
30.35,-31.148,45.107,-135.2,2.70,CLEAR|STRAIGHT,,999.00,0.97,-0.7,-2.3,4483
30.40,-31.332,44.961,-135.5,2.12,CLEAR|STRAIGHT,,999.00,0.97,-0.5,-2.2,4483
30.45,-31.332,44.961,-136.2,2.12,CLEAR|STRAIGHT,,999.00,0.97,-0.6,-2.2,4501
30.50,-31.487,44.808,-136.4,2.18,CLEAR|STRAIGHT,,999.00,0.97,-0.3,-2.3,4483
30.55,-31.487,44.808,-136.9,2.18,CLEAR|STRAIGHT,,999.00,0.97,-0.2,-2.3,4483
30.60,-31.668,44.638,-137.1,2.48,CLEAR|STRAIGHT,,999.00,0.97,0.0,-2.3,4483
30.65,-31.668,44.638,-137.6,2.48,CLEAR|STRAIGHT,,999.00,0.97,0.6,-2.2,4483
30.70,-31.828,44.458,-137.9,2.40,CLEAR|STRAIGHT,,999.00,1.02,0.8,-2.2,4483
30.75,-31.828,44.458,-138.4,2.40,CLEAR|STRAIGHT,,999.00,1.05,0.9,-2.2,4501
30.80,-31.828,44.458,-138.8,2.40,CLEAR|STRAIGHT,,999.00,1.05,1.1,-1.6,4430
30.85,-32.044,44.308,-139.1,1.74,CLEAR|STRAIGHT,,999.00,1.05,1.3,-0.8,4361
30.90,-32.044,44.308,-139.2,1.74,CLEAR|STRAIGHT,,999.00,1.10,2.1,-0.6,4344
30.95,-32.044,44.308,-139.4,1.74,CLEAR|STRAIGHT,,999.00,1.15,2.1,-0.6,4328
31.00,-32.445,43.991,-139.7,3.19,CLEAR|STRAIGHT,,999.00,1.17,2.2,-0.6,4311
31.05,-32.445,43.991,-140.0,3.19,CLEAR|STRAIGHT,,999.00,1.17,3.5,-0.2,4278
31.10,-32.616,43.812,-140.0,2.46,AVOID|RIGHT,-5.2,8.00,1.08,3.6,0.2,4214
31.15,-32.616,43.812,-139.9,2.46,AVOID|RIGHT,-5.2,8.00,0.99,-5.2,0.5,4183
31.20,-32.816,43.631,-140.1,2.99,BLOCKED|STOP,,2.12,0.97,-5.2,0.8,4137
31.25,-32.816,43.631,-139.6,2.99,BLOCKED|STOP,,2.12,0.97,4.1,1.5,4018
31.30,-33.038,43.481,-139.1,2.42,BLOCKED|STOP,,2.12,0.88,3.9,1.5,4004
31.35,-33.038,43.481,-139.1,2.42,BLOCKED|STOP,,1.80,0.79,4.5,0.0,4183
31.40,-33.223,43.316,-139.2,2.76,BLOCKED|STOP,,1.80,0.70,4.5,-0.1,4214
31.45,-33.223,43.316,-139.3,2.76,BLOCKED|STOP,,1.82,0.61,5.1,1.5,4047
31.50,-33.223,43.316,-139.2,2.76,BLOCKED|STOP,,1.82,0.52,5.1,3.2,3827
31.55,-33.403,43.205,-138.6,1.39,BLOCKED|STOP,,2.68,0.43,5.0,3.6,3726
31.60,-33.403,43.205,-138.8,1.39,BLOCKED|STOP,,2.68,0.47,6.8,3.7,3677
31.65,-33.403,43.205,-138.0,1.39,AVOID|RIGHT,-13.0,8.00,0.47,-13.0,3.7,3653
31.70,-33.651,43.004,-137.7,2.00,AVOID|RIGHT,-13.0,8.00,0.52,-13.0,3.8,3641
31.75,-33.651,43.004,-137.3,2.00,CLEAR|STRAIGHT,,999.00,0.57,6.5,4.1,3606
31.80,-33.734,42.869,-137.0,1.69,CLEAR|STRAIGHT,,999.00,0.62,6.3,3.7,3618
31.85,-33.734,42.869,-136.8,1.69,CLEAR|STRAIGHT,,999.00,0.65,6.6,2.2,3776
31.90,-33.813,42.775,-136.8,1.22,CLEAR|STRAIGHT,,999.00,0.65,6.5,2.4,3801
31.95,-33.813,42.775,-136.5,1.22,CLEAR|STRAIGHT,,999.00,0.65,6.6,3.6,3677
32.00,-33.886,42.699,-136.3,0.96,CLEAR|STRAIGHT,,999.00,0.63,6.4,4.7,3538
32.05,-33.886,42.699,-135.8,0.96,CLEAR|STRAIGHT,,999.00,0.63,7.0,5.0,3483
32.10,-33.959,42.614,-135.5,1.24,CLEAR|STRAIGHT,,999.00,0.63,6.7,5.0,3462
32.15,-33.959,42.614,-135.0,1.24,CLEAR|STRAIGHT,,999.00,0.63,6.7,5.0,3441
32.20,-34.051,42.525,-134.8,1.16,CLEAR|STRAIGHT,,999.00,0.63,6.4,5.0,3441
32.25,-34.051,42.525,-134.3,1.16,CLEAR|STRAIGHT,,999.00,0.63,7.0,5.0,3441
32.30,-34.147,42.438,-134.1,1.44,CLEAR|STRAIGHT,,999.00,0.63,6.8,5.0,3430
32.35,-34.147,42.438,-133.5,1.44,CLEAR|STRAIGHT,,999.00,0.63,6.6,5.0,3430
32.40,-34.204,42.331,-133.3,1.17,CLEAR|STRAIGHT,,999.00,0.63,6.3,5.3,3389
32.45,-34.204,42.331,-132.7,1.17,CLEAR|STRAIGHT,,999.00,0.63,6.4,5.5,3379
32.50,-34.284,42.225,-132.4,1.32,CLEAR|STRAIGHT,,999.00,0.63,6.1,5.5,3369
32.55,-34.284,42.225,-131.8,1.32,CLEAR|STRAIGHT,,999.00,0.63,6.4,5.5,3359
32.60,-34.397,42.152,-131.5,1.30,CLEAR|STRAIGHT,,999.00,0.63,6.0,5.5,3359
32.65,-34.397,42.152,-130.8,1.30,CLEAR|STRAIGHT,,999.00,0.63,6.9,5.5,3349
32.70,-34.441,42.027,-130.6,1.23,CLEAR|STRAIGHT,,999.00,0.63,6.5,5.5,3359
32.75,-34.441,42.027,-130.0,1.23,CLEAR|STRAIGHT,,999.00,0.63,6.0,5.5,3349
32.80,-34.530,41.925,-129.8,1.35,CLEAR|STRAIGHT,,999.00,0.63,5.6,5.5,3349
32.85,-34.530,41.925,-129.1,1.35,CLEAR|STRAIGHT,,999.00,0.63,6.1,5.5,3359
32.90,-34.631,41.820,-128.8,1.46,CLEAR|STRAIGHT,,999.00,0.63,5.8,5.5,3349
32.95,-34.631,41.820,-128.1,1.46,CLEAR|STRAIGHT,,999.00,0.63,6.4,5.5,3349
33.00,-34.722,41.710,-127.8,1.43,CLEAR|STRAIGHT,,999.00,0.63,6.0,5.5,3349
33.05,-34.722,41.710,-127.0,1.43,CLEAR|STRAIGHT,,999.00,0.63,6.5,5.5,3349
33.10,-34.804,41.584,-126.7,1.37,CLEAR|STRAIGHT,,999.00,0.63,6.1,5.5,3349
33.15,-34.804,41.584,-126.0,1.37,CLEAR|STRAIGHT,,999.00,0.63,6.3,5.5,3349
33.20,-34.906,41.468,-125.7,1.54,CLEAR|STRAIGHT,,999.00,0.63,5.9,5.5,3349
33.25,-34.906,41.468,-125.1,1.54,CLEAR|STRAIGHT,,999.00,0.63,6.5,5.5,3339
33.30,-34.982,41.341,-124.8,1.48,CLEAR|STRAIGHT,,999.00,0.63,6.2,5.5,3339
33.35,-34.982,41.341,-124.3,1.48,CLEAR|STRAIGHT,,999.00,0.63,6.6,5.5,3339
33.40,-35.066,41.230,-123.9,1.54,CLEAR|STRAIGHT,,999.00,0.63,6.3,5.6,3339
33.45,-35.066,41.230,-123.5,1.54,CLEAR|STRAIGHT,,999.00,0.63,6.7,5.5,3339
33.50,-35.134,41.120,-123.2,1.29,CLEAR|STRAIGHT,,999.00,0.65,6.5,5.5,3349
33.55,-35.134,41.120,-122.8,1.29,CLEAR|STRAIGHT,,999.00,0.65,6.9,5.5,3349
33.60,-35.194,41.029,-122.6,0.99,CLEAR|STRAIGHT,,999.00,0.65,6.7,5.5,3349
33.65,-35.194,41.029,-122.2,0.99,CLEAR|STRAIGHT,,999.00,0.65,7.1,5.5,3339
33.70,-35.221,40.941,-122.0,0.99,CLEAR|STRAIGHT,,999.00,0.65,6.8,5.5,3339
33.75,-35.221,40.941,-121.6,0.99,CLEAR|STRAIGHT,,999.00,0.65,6.9,5.5,3339
33.80,-35.261,40.881,-121.4,0.72,CLEAR|STRAIGHT,,999.00,0.65,6.6,5.4,3339
33.85,-35.303,40.811,-121.0,0.91,CLEAR|STRAIGHT,,999.00,0.65,6.9,5.7,3319
33.90,-35.303,40.811,-120.7,0.91,CLEAR|STRAIGHT,,999.00,0.65,7.0,5.7,3309
33.95,-35.303,40.811,-120.3,0.91,CLEAR|STRAIGHT,,999.00,0.67,6.9,5.7,3319
34.00,-35.344,40.736,-120.1,0.66,CLEAR|STRAIGHT,,999.00,0.67,6.7,5.7,3319
34.05,-35.344,40.736,-119.6,0.66,CLEAR|STRAIGHT,,999.00,0.67,6.9,5.7,3300
34.10,-35.391,40.660,-119.4,0.99,CLEAR|STRAIGHT,,999.00,0.67,6.5,5.7,3309
34.15,-35.391,40.660,-118.9,0.99,CLEAR|STRAIGHT,,999.00,0.67,7.0,5.7,3309
34.20,-35.391,40.660,-118.6,0.99,CLEAR|STRAIGHT,,999.00,0.67,6.7,5.6,3309
34.25,-35.391,40.557,-118.2,0.75,CLEAR|STRAIGHT,,999.00,0.67,6.6,5.7,3300
34.30,-35.391,40.557,-118.0,0.75,CLEAR|STRAIGHT,,999.00,0.67,5.9,5.7,3309
34.35,-35.391,40.557,-117.6,0.75,CLEAR|STRAIGHT,,999.00,0.67,5.7,5.7,3309
34.40,-35.492,40.385,-117.3,1.11,CLEAR|STRAIGHT,,999.00,0.67,5.4,5.7,3309
34.45,-35.492,40.385,-116.8,1.11,CLEAR|STRAIGHT,,999.00,0.67,6.7,5.7,3309
34.50,-35.549,40.293,-116.6,1.19,CLEAR|STRAIGHT,,999.00,0.67,6.4,5.7,3309
34.55,-35.549,40.293,-116.0,1.19,CLEAR|STRAIGHT,,999.00,0.67,7.2,5.7,3300
34.60,-35.595,40.200,-115.8,1.04,CLEAR|STRAIGHT,,999.00,0.64,6.9,5.7,3300
34.65,-35.595,40.200,-115.3,1.04,CLEAR|STRAIGHT,,999.00,0.64,7.2,5.7,3300
34.70,-35.657,40.113,-115.0,1.05,CLEAR|STRAIGHT,,999.00,0.64,6.9,5.8,3300
34.75,-35.691,40.011,-114.3,1.19,CLEAR|STRAIGHT,,999.00,0.64,7.5,5.7,3309
34.80,-35.691,40.011,-114.0,1.19,CLEAR|STRAIGHT,,999.00,0.64,7.7,5.7,3309
34.85,-35.691,40.011,-113.4,1.19,CLEAR|STRAIGHT,,999.00,0.64,7.5,5.7,3300
34.90,-35.748,39.898,-113.1,1.15,CLEAR|STRAIGHT,,999.00,0.64,7.1,6.2,3242
34.95,-35.748,39.898,-112.4,1.15,CLEAR|STRAIGHT,,999.00,0.64,7.7,6.3,3233
35.00,-35.792,39.802,-112.1,0.88,CLEAR|STRAIGHT,,999.00,0.60,7.3,6.3,3233
35.05,-35.792,39.802,-111.5,0.88,CLEAR|STRAIGHT,,999.00,0.60,7.7,6.3,3224
35.10,-35.792,39.802,-111.3,0.88,CLEAR|STRAIGHT,,999.00,0.60,7.4,6.3,3224
35.15,-35.792,39.802,-110.7,0.88,CLEAR|STRAIGHT,,999.00,0.60,7.2,6.3,3224
35.20,-35.872,39.572,-110.5,1.35,CLEAR|STRAIGHT,,999.00,0.60,6.9,6.3,3224
35.25,-35.872,39.572,-109.9,1.35,CLEAR|STRAIGHT,,999.00,0.60,8.2,6.3,3224
35.30,-35.899,39.484,-109.7,0.84,CLEAR|STRAIGHT,,999.00,0.60,7.8,6.3,3233
35.35,-35.899,39.484,-109.1,0.84,CLEAR|STRAIGHT,,999.00,0.60,8.2,6.4,3224
35.40,-35.920,39.394,-108.9,1.02,CLEAR|STRAIGHT,,999.00,0.60,7.8,6.3,3215
35.45,-35.920,39.394,-108.3,1.02,CLEAR|STRAIGHT,,999.00,0.60,7.9,6.3,3215
35.50,-35.947,39.297,-107.9,1.01,CLEAR|STRAIGHT,,999.00,0.56,7.6,6.4,3196
35.55,-35.947,39.297,-107.4,1.01,CLEAR|STRAIGHT,,999.00,0.56,7.9,6.5,3196
35.60,-35.980,39.199,-107.1,1.03,CLEAR|STRAIGHT,,999.00,0.56,7.6,6.5,3196
35.65,-35.980,39.199,-106.5,1.03,CLEAR|STRAIGHT,,999.00,0.56,8.1,6.6,3187
35.70,-36.027,39.116,-106.2,0.94,CLEAR|STRAIGHT,,999.00,0.56,7.7,6.6,3178
35.75,-36.027,39.116,-105.5,0.94,CLEAR|STRAIGHT,,999.00,0.56,8.5,6.6,3169
35.80,-36.001,38.970,-105.2,1.21,CLEAR|STRAIGHT,,999.00,0.56,8.0,6.7,3169
35.85,-36.001,38.970,-104.5,1.21,CLEAR|STRAIGHT,,999.00,0.56,7.9,6.6,3169
35.90,-36.030,38.863,-104.1,1.11,CLEAR|STRAIGHT,,999.00,0.54,7.5,6.8,3169
35.95,-36.030,38.863,-103.5,1.11,CLEAR|STRAIGHT,,999.00,0.54,7.9,6.8,3143
36.00,-36.080,38.764,-103.1,0.98,CLEAR|STRAIGHT,,999.00,0.54,7.5,6.7,3152
36.05,-36.080,38.764,-102.4,0.98,CLEAR|STRAIGHT,,999.00,0.54,8.2,6.8,3169
36.10,-36.102,38.642,-102.1,1.38,CLEAR|STRAIGHT,,999.00,0.54,7.7,6.8,3160
36.15,-36.102,38.642,-101.3,1.38,CLEAR|STRAIGHT,,999.00,0.54,8.4,6.7,3152
36.20,-36.087,38.503,-100.9,1.33,CLEAR|STRAIGHT,,999.00,0.54,7.9,6.8,3160
36.25,-36.087,38.503,-100.0,1.33,CLEAR|STRAIGHT,,999.00,0.54,7.9,6.8,3143
36.30,-36.133,38.384,-99.7,1.25,CLEAR|STRAIGHT,,999.00,0.54,7.4,6.8,3160
36.35,-36.133,38.384,-99.1,1.25,CLEAR|STRAIGHT,,999.00,0.54,8.2,6.8,3160
36.40,-36.198,38.284,-98.6,1.21,CLEAR|STRAIGHT,,999.00,0.54,7.9,6.8,3152
36.45,-36.198,38.284,-97.9,1.21,CLEAR|STRAIGHT,,999.00,0.54,8.8,6.7,3152
36.50,-36.161,38.124,-97.5,1.54,CLEAR|STRAIGHT,,999.00,0.54,8.3,6.8,3152
36.55,-36.193,37.997,-96.8,1.45,CLEAR|STRAIGHT,,999.00,0.54,8.4,6.8,3152
36.60,-36.193,37.997,-96.4,1.45,CLEAR|STRAIGHT,,999.00,0.54,8.7,6.8,3160
36.65,-36.193,37.997,-96.0,1.45,CLEAR|STRAIGHT,,999.00,0.58,8.5,6.6,3152
36.70,-36.182,37.850,-95.6,1.32,CLEAR|STRAIGHT,,999.00,0.58,8.3,6.9,3143
36.75,-36.182,37.850,-94.9,1.32,CLEAR|STRAIGHT,,999.00,0.58,8.7,6.9,3143
36.80,-36.200,37.745,-94.7,1.06,CLEAR|STRAIGHT,,999.00,0.58,8.3,6.9,3134
36.85,-36.200,37.745,-94.1,1.06,CLEAR|STRAIGHT,,999.00,0.58,8.9,6.9,3134
36.90,-36.206,37.643,-93.9,1.03,CLEAR|STRAIGHT,,999.00,0.58,8.6,7.2,3108
36.95,-36.206,37.643,-93.5,1.03,CLEAR|STRAIGHT,,999.00,0.58,9.2,7.2,3108
37.00,-36.173,37.550,-93.3,0.76,CLEAR|STRAIGHT,,999.00,0.58,8.9,7.2,3100
37.05,-36.173,37.550,-92.8,0.76,CLEAR|STRAIGHT,,999.00,0.58,8.9,7.2,3108
37.10,-36.191,37.493,-92.6,0.64,CLEAR|STRAIGHT,,999.00,0.58,8.6,7.2,3100
37.15,-36.191,37.493,-92.2,0.64,CLEAR|STRAIGHT,,999.00,0.58,8.9,7.4,3074
37.20,-36.198,37.438,-92.0,0.50,CLEAR|STRAIGHT,,999.00,0.63,8.7,7.5,3066
37.25,-36.198,37.438,-91.5,0.50,CLEAR|STRAIGHT,,999.00,0.64,9.0,7.5,3057
37.30,-36.185,37.360,-91.3,0.86,CLEAR|STRAIGHT,,999.00,0.64,8.7,7.4,3057
37.35,-36.185,37.360,-90.8,0.86,CLEAR|STRAIGHT,,999.00,0.64,8.8,7.5,3057
37.40,-36.165,37.283,-90.6,0.85,CLEAR|STRAIGHT,,999.00,0.64,8.6,7.5,3049
37.45,-36.170,37.207,-90.0,0.85,CLEAR|STRAIGHT,,999.00,0.64,8.6,7.4,3057
37.50,-36.170,37.207,-89.8,0.85,CLEAR|STRAIGHT,,999.00,0.64,8.9,7.6,3041
37.55,-36.170,37.207,-89.2,0.85,CLEAR|STRAIGHT,,999.00,0.64,8.8,7.6,3041
37.60,-36.185,37.140,-89.0,0.60,CLEAR|STRAIGHT,,999.00,0.64,8.3,7.6,3033
37.65,-36.185,37.140,-88.3,0.60,CLEAR|STRAIGHT,,999.00,0.64,9.0,7.6,3041
37.70,-36.181,37.062,-88.0,0.78,CLEAR|STRAIGHT,,999.00,0.64,8.5,7.6,3033
37.75,-36.181,37.062,-87.4,0.78,CLEAR|STRAIGHT,,999.00,0.64,8.9,7.6,3033
37.80,-36.170,36.958,-87.1,0.95,CLEAR|STRAIGHT,,999.00,0.64,8.5,7.6,3041
37.85,-36.170,36.958,-86.3,0.95,CLEAR|STRAIGHT,,999.00,0.64,8.6,7.6,3041
37.90,-36.162,36.870,-86.0,0.98,CLEAR|STRAIGHT,,999.00,0.68,8.1,7.6,3041
37.95,-36.162,36.870,-85.4,0.98,CLEAR|STRAIGHT,,999.00,0.68,8.5,7.6,3041
38.00,-36.171,36.778,-85.0,0.82,CLEAR|STRAIGHT,,999.00,0.68,8.1,7.6,3041
38.05,-36.171,36.778,-84.3,0.82,CLEAR|STRAIGHT,,999.00,0.68,8.8,7.6,3041
38.10,-36.136,36.668,-83.9,1.13,CLEAR|STRAIGHT,,999.00,0.68,8.3,7.6,3041
38.15,-36.136,36.668,-83.1,1.13,CLEAR|STRAIGHT,,999.00,0.68,8.4,7.6,3033
38.20,-36.108,36.538,-82.7,1.32,CLEAR|STRAIGHT,,999.00,0.68,7.9,7.6,3033
38.25,-36.108,36.538,-82.0,1.32,CLEAR|STRAIGHT,,999.00,0.68,8.0,7.6,3041
38.30,-36.092,36.421,-81.7,1.18,CLEAR|STRAIGHT,,999.00,0.70,7.6,7.6,3025
38.35,-36.092,36.421,-81.0,1.18,CLEAR|STRAIGHT,,999.00,0.70,8.1,7.6,3033
38.40,-36.065,36.305,-80.6,1.32,CLEAR|STRAIGHT,,999.00,0.70,7.8,7.6,3033
38.45,-36.065,36.305,-80.0,1.32,CLEAR|STRAIGHT,,999.00,0.70,8.1,7.6,3041
38.50,-36.044,36.192,-79.6,1.04,CLEAR|STRAIGHT,,999.00,0.70,7.7,7.6,3033
38.55,-36.044,36.192,-78.9,1.04,CLEAR|STRAIGHT,,999.00,0.70,8.3,7.6,3041
38.60,-36.014,36.091,-78.5,1.05,CLEAR|STRAIGHT,,999.00,0.70,7.8,7.6,3033
38.65,-36.014,36.091,-77.8,1.05,CLEAR|STRAIGHT,,999.00,0.70,8.1,7.6,3033
38.70,-35.992,36.000,-77.4,0.94,CLEAR|STRAIGHT,,999.00,0.70,7.7,7.6,3025
38.75,-35.992,36.000,-76.8,0.94,CLEAR|STRAIGHT,,999.00,0.70,7.8,7.6,3033
38.80,-35.983,35.893,-76.5,1.06,CLEAR|STRAIGHT,,999.00,0.72,7.4,7.7,3033
38.85,-35.983,35.893,-75.9,1.06,CLEAR|STRAIGHT,,999.00,0.72,8.0,7.6,3033
38.90,-35.946,35.796,-75.6,1.03,CLEAR|STRAIGHT,,999.00,0.72,7.6,7.6,3041
38.95,-35.946,35.796,-74.9,1.03,CLEAR|STRAIGHT,,999.00,0.72,7.9,7.6,3033
39.00,-35.898,35.707,-74.5,0.90,CLEAR|STRAIGHT,,999.00,0.72,7.5,7.6,3033
39.05,-35.898,35.707,-73.9,0.90,CLEAR|STRAIGHT,,999.00,0.72,7.6,7.6,3033
39.10,-35.906,35.630,-73.6,0.80,CLEAR|STRAIGHT,,999.00,0.72,7.2,7.6,3033
39.15,-35.906,35.630,-72.9,0.80,CLEAR|STRAIGHT,,999.00,0.72,8.0,7.6,3025
39.20,-35.906,35.630,-72.6,0.80,CLEAR|STRAIGHT,,999.00,0.72,7.6,7.6,3033
39.25,-35.839,35.518,-71.9,0.85,CLEAR|STRAIGHT,,999.00,0.72,7.3,7.6,3033
39.30,-35.839,35.518,-71.5,0.85,CLEAR|STRAIGHT,,999.00,0.75,6.9,7.6,3033
39.35,-35.839,35.518,-70.8,0.85,CLEAR|STRAIGHT,,999.00,0.75,6.6,7.6,3033
39.40,-35.740,35.309,-70.4,1.64,CLEAR|STRAIGHT,,999.00,0.75,6.2,7.6,3041
39.45,-35.740,35.309,-69.7,1.64,CLEAR|STRAIGHT,,999.00,0.75,6.5,7.6,3025
39.50,-35.728,35.222,-69.2,0.78,CLEAR|STRAIGHT,,999.00,0.75,6.1,7.6,3033
39.55,-35.728,35.222,-68.5,0.78,CLEAR|STRAIGHT,,999.00,0.75,6.9,7.6,3033
39.60,-35.677,35.124,-68.0,1.10,CLEAR|STRAIGHT,,999.00,0.75,6.3,7.6,3033
39.65,-35.677,35.124,-67.3,1.10,CLEAR|STRAIGHT,,999.00,0.75,6.1,7.6,3033
39.70,-35.614,35.007,-66.9,1.47,CLEAR|STRAIGHT,,999.00,0.79,5.7,7.6,3033
39.75,-35.614,35.007,-66.1,1.47,CLEAR|STRAIGHT,,999.00,0.79,5.8,7.6,3025
39.80,-35.556,34.904,-65.7,1.17,CLEAR|STRAIGHT,,999.00,0.79,5.3,7.6,3033
39.85,-35.556,34.904,-64.8,1.17,CLEAR|STRAIGHT,,999.00,0.79,5.5,7.5,3033
39.90,-35.500,34.784,-64.5,1.21,CLEAR|STRAIGHT,,999.00,0.79,5.0,7.4,3041
39.95,-35.500,34.784,-63.8,1.21,CLEAR|STRAIGHT,,999.00,0.79,5.3,7.5,3041
40.00,-35.500,34.784,-63.5,1.21,CLEAR|STRAIGHT,,999.00,0.79,4.9,7.4,3041
40.05,-35.434,34.679,-62.7,1.02,CLEAR|STRAIGHT,,999.00,0.79,4.7,7.4,3049
40.10,-35.434,34.679,-62.3,1.02,CLEAR|STRAIGHT,,999.00,0.84,4.5,7.4,3041
40.15,-35.434,34.679,-61.6,1.02,CLEAR|STRAIGHT,,999.00,0.84,4.3,7.4,3049
40.20,-35.322,34.475,-61.2,1.37,CLEAR|STRAIGHT,,999.00,0.84,3.9,6.9,3100
40.25,-35.322,34.475,-60.6,1.37,CLEAR|STRAIGHT,,999.00,0.84,4.4,6.6,3143
40.30,-35.275,34.395,-60.4,0.84,CLEAR|STRAIGHT,,999.00,0.84,4.0,6.6,3160
40.35,-35.275,34.395,-59.8,0.84,CLEAR|STRAIGHT,,999.00,0.84,4.2,6.6,3160
40.40,-35.204,34.281,-59.5,1.49,CLEAR|STRAIGHT,,999.00,0.84,3.7,6.6,3160
40.45,-35.204,34.281,-58.9,1.49,CLEAR|STRAIGHT,,999.00,0.84,3.9,6.6,3169
40.50,-35.159,34.197,-58.6,0.96,CLEAR|STRAIGHT,,999.00,0.84,3.6,6.5,3178
40.55,-35.159,34.197,-58.1,0.96,CLEAR|STRAIGHT,,999.00,0.84,3.8,6.1,3215
40.60,-35.091,34.113,-57.7,1.07,CLEAR|STRAIGHT,,999.00,0.89,3.5,6.0,3242
40.65,-35.091,34.113,-57.1,1.07,CLEAR|STRAIGHT,,999.00,0.92,3.4,6.1,3233
40.70,-35.040,34.021,-56.9,1.05,CLEAR|STRAIGHT,,999.00,0.92,3.0,6.0,3233
40.75,-35.040,34.021,-56.3,1.05,CLEAR|STRAIGHT,,999.00,0.92,3.2,6.0,3233
40.80,-34.959,33.938,-56.0,1.14,CLEAR|STRAIGHT,,999.00,0.92,2.8,5.6,3300
40.85,-34.959,33.938,-55.5,1.14,CLEAR|STRAIGHT,,999.00,0.92,2.6,5.3,3309
40.90,-34.903,33.848,-55.2,1.06,CLEAR|STRAIGHT,,999.00,0.92,2.2,5.3,3319
40.95,-34.903,33.848,-54.7,1.06,CLEAR|STRAIGHT,,999.00,0.92,2.5,5.3,3339
41.00,-34.814,33.758,-54.4,1.04,CLEAR|STRAIGHT,,999.00,0.97,2.3,4.6,3420
41.05,-34.814,33.758,-54.1,1.04,CLEAR|STRAIGHT,,999.00,0.98,2.1,4.1,3473
41.10,-34.758,33.666,-53.9,1.33,CLEAR|STRAIGHT,,999.00,0.98,1.8,4.1,3494
41.15,-34.758,33.666,-53.5,1.33,CLEAR|STRAIGHT,,999.00,0.98,2.1,4.1,3505
41.20,-34.691,33.583,-53.3,1.00,CLEAR|STRAIGHT,,999.00,0.98,1.9,4.1,3505
41.25,-34.691,33.583,-53.0,1.00,CLEAR|STRAIGHT,,999.00,0.98,1.7,3.9,3538
41.30,-34.617,33.483,-52.8,1.35,CLEAR|STRAIGHT,,999.00,0.98,1.5,3.9,3538
41.35,-34.617,33.483,-52.4,1.35,CLEAR|STRAIGHT,,999.00,0.98,1.7,3.9,3549
41.40,-34.540,33.396,-52.3,1.05,CLEAR|STRAIGHT,,999.00,0.98,1.5,3.8,3572
41.45,-34.540,33.396,-52.0,1.05,CLEAR|STRAIGHT,,999.00,0.98,1.7,3.2,3641
41.50,-34.468,33.284,-51.9,1.47,CLEAR|STRAIGHT,,999.00,1.02,1.5,3.1,3653
41.55,-34.468,33.284,-51.7,1.47,CLEAR|STRAIGHT,,999.00,1.02,1.8,3.1,3665
41.60,-34.396,33.212,-51.6,0.92,CLEAR|STRAIGHT,,999.00,1.02,1.7,3.2,3665
41.65,-34.396,33.212,-51.4,0.92,CLEAR|STRAIGHT,,999.00,1.02,1.5,3.1,3677
41.70,-34.335,33.135,-51.2,0.98,CLEAR|STRAIGHT,,999.00,1.02,1.3,3.1,3677
41.75,-34.335,33.135,-51.0,0.98,CLEAR|STRAIGHT,,999.00,1.02,1.3,3.1,3689
41.80,-34.335,33.135,-50.9,0.98,CLEAR|STRAIGHT,,999.00,1.02,1.2,3.0,3689
41.85,-34.249,33.035,-50.7,0.88,CLEAR|STRAIGHT,,999.00,1.02,1.1,2.7,3726
41.90,-34.249,33.035,-50.6,0.88,CLEAR|STRAIGHT,,999.00,1.05,1.4,2.7,3738
41.95,-34.249,33.035,-50.4,0.88,CLEAR|STRAIGHT,,999.00,1.05,1.4,2.7,3738
42.00,-34.117,32.863,-50.4,1.36,CLEAR|STRAIGHT,,999.00,1.05,1.3,2.7,3751
42.05,-34.117,32.863,-50.2,1.36,CLEAR|STRAIGHT,,999.00,1.05,1.7,2.7,3751
42.10,-34.056,32.789,-50.1,1.06,CLEAR|STRAIGHT,,999.00,1.05,1.5,2.7,3738
42.15,-34.056,32.789,-49.9,1.06,CLEAR|STRAIGHT,,999.00,1.05,1.6,2.4,3788
42.20,-34.056,32.789,-49.8,1.06,CLEAR|STRAIGHT,,999.00,1.05,1.5,2.4,3801
42.25,-33.969,32.690,-49.7,1.01,CLEAR|STRAIGHT,,999.00,1.05,1.4,2.4,3788
42.30,-33.969,32.690,-49.6,1.01,CLEAR|STRAIGHT,,999.00,1.06,1.6,2.5,3788
42.35,-33.969,32.690,-49.5,1.01,CLEAR|STRAIGHT,,999.00,1.06,1.6,2.4,3788
42.40,-33.807,32.518,-49.3,1.39,CLEAR|STRAIGHT,,999.00,1.06,1.5,2.4,3801
42.45,-33.807,32.518,-49.1,1.39,CLEAR|STRAIGHT,,999.00,1.06,1.5,2.4,3788
42.50,-33.742,32.450,-49.0,0.95,CLEAR|STRAIGHT,,999.00,1.06,1.4,2.4,3801
42.55,-33.742,32.450,-48.9,0.95,CLEAR|STRAIGHT,,999.00,1.06,1.4,2.4,3801
42.60,-33.677,32.361,-48.8,1.09,CLEAR|STRAIGHT,,999.00,1.06,1.3,2.4,3801
42.65,-33.677,32.361,-48.6,1.09,CLEAR|STRAIGHT,,999.00,1.06,1.5,2.4,3801
42.70,-33.581,32.273,-48.6,1.30,CLEAR|STRAIGHT,,999.00,1.06,1.4,2.4,3801
42.75,-33.581,32.273,-48.4,1.30,CLEAR|STRAIGHT,,999.00,1.06,1.4,2.4,3814
42.80,-33.503,32.192,-48.3,1.13,CLEAR|STRAIGHT,,999.00,1.11,1.3,2.4,3814
42.85,-33.503,32.192,-48.1,1.13,CLEAR|STRAIGHT,,999.00,1.12,1.4,2.3,3801
42.90,-33.434,32.120,-48.0,1.11,CLEAR|STRAIGHT,,999.00,1.12,1.3,2.4,3801
42.95,-33.434,32.120,-47.9,1.11,CLEAR|STRAIGHT,,999.00,1.12,1.2,2.4,3801
43.00,-33.434,32.120,-47.8,1.11,CLEAR|STRAIGHT,,999.00,1.12,1.2,2.4,3814
43.05,-33.434,32.120,-47.6,1.11,CLEAR|STRAIGHT,,999.00,1.12,1.1,2.4,3814
43.10,-33.434,32.120,-47.6,1.11,CLEAR|STRAIGHT,,999.00,1.12,1.0,2.4,3814
43.15,-33.434,32.120,-47.4,1.11,CLEAR|STRAIGHT,,999.00,1.12,0.9,2.4,3801
43.20,-33.188,31.867,-47.3,0.38,CLEAR|STRAIGHT,,999.00,1.12,0.8,2.4,3801
43.25,-33.188,31.867,-47.1,0.38,CLEAR|STRAIGHT,,999.00,1.12,1.0,2.4,3801
43.30,-33.113,31.783,-47.0,1.25,CLEAR|STRAIGHT,,999.00,1.17,0.8,2.2,3827
43.35,-33.113,31.783,-46.9,1.25,CLEAR|STRAIGHT,,999.00,1.18,1.0,2.3,3840
43.40,-33.041,31.693,-46.8,1.05,CLEAR|STRAIGHT,,999.00,1.18,0.9,2.3,3840
43.45,-33.041,31.693,-46.6,1.05,CLEAR|STRAIGHT,,999.00,1.18,1.1,2.2,3840
43.50,-32.943,31.611,-46.6,1.26,CLEAR|STRAIGHT,,999.00,1.18,0.9,1.9,3867
43.55,-32.943,31.611,-46.4,1.26,CLEAR|STRAIGHT,,999.00,1.18,0.8,1.9,3880
43.60,-32.860,31.518,-46.3,1.38,CLEAR|STRAIGHT,,999.00,1.10,0.7,2.0,3880
43.65,-32.860,31.518,-46.2,1.38,CLEAR|STRAIGHT,,999.00,1.10,0.8,2.0,3880
43.70,-32.786,31.431,-46.1,1.04,CLEAR|STRAIGHT,,999.00,1.10,0.7,2.0,3880
43.75,-32.786,31.431,-46.0,1.04,CLEAR|STRAIGHT,,999.00,1.10,0.9,1.9,3867
43.80,-32.703,31.338,-45.9,1.39,CLEAR|STRAIGHT,,999.00,1.10,0.8,2.0,3880
43.85,-32.703,31.338,-45.8,1.39,CLEAR|STRAIGHT,,999.00,1.10,0.8,2.0,3880
43.90,-32.626,31.253,-45.7,1.04,CLEAR|STRAIGHT,,999.00,1.10,0.8,2.0,3880
43.95,-32.626,31.253,-45.5,1.04,CLEAR|STRAIGHT,,999.00,1.10,0.9,2.0,3867
44.00,-32.626,31.253,-45.4,1.04,CLEAR|STRAIGHT,,999.00,1.10,0.7,1.8,3893
44.05,-32.517,31.157,-45.3,1.12,CLEAR|STRAIGHT,,999.00,1.10,0.7,1.8,3907
44.10,-32.517,31.157,-45.3,1.12,CLEAR|STRAIGHT,,999.00,1.04,0.6,1.8,3907
44.15,-32.517,31.157,-45.2,1.12,CLEAR|STRAIGHT,,999.00,1.04,0.5,1.8,3907
44.20,-32.354,30.993,-45.2,1.36,CLEAR|STRAIGHT,,999.00,1.04,0.5,1.8,3907
44.25,-32.354,30.993,-45.1,1.36,CLEAR|STRAIGHT,,999.00,1.04,0.6,1.8,3907
44.30,-32.251,30.896,-45.0,1.42,CLEAR|STRAIGHT,,999.00,1.04,0.5,1.8,3907
44.35,-32.251,30.896,-44.9,1.42,CLEAR|STRAIGHT,,999.00,1.04,0.5,1.8,3907
44.40,-32.161,30.802,-44.9,1.30,CLEAR|STRAIGHT,,999.00,1.04,0.4,1.8,3907
44.45,-32.161,30.802,-44.8,1.30,CLEAR|STRAIGHT,,999.00,1.04,0.5,1.8,3920
44.50,-32.085,30.731,-44.7,0.95,CLEAR|STRAIGHT,,999.00,1.04,0.4,1.8,3907
44.55,-32.085,30.731,-44.6,0.95,CLEAR|STRAIGHT,,999.00,1.04,0.4,1.8,3907
44.60,-31.994,30.657,-44.6,1.29,CLEAR|STRAIGHT,,999.00,1.04,0.3,1.8,3907
44.65,-31.994,30.657,-44.4,1.29,CLEAR|STRAIGHT,,999.00,1.04,0.2,1.8,3907
44.70,-31.913,30.580,-44.4,1.25,CLEAR|STRAIGHT,,999.00,1.04,0.1,1.8,3907
44.75,-31.913,30.580,-44.3,1.25,CLEAR|STRAIGHT,,999.00,1.04,0.0,1.8,3920
44.80,-31.822,30.497,-44.3,1.12,CLEAR|STRAIGHT,,999.00,1.04,-0.0,1.8,3920
44.85,-31.822,30.497,-44.2,1.12,CLEAR|STRAIGHT,,999.00,1.04,0.0,1.4,3962
44.90,-31.736,30.417,-44.2,1.18,CLEAR|STRAIGHT,,999.00,1.09,-0.0,1.4,3976
44.95,-31.736,30.417,-44.2,1.18,CLEAR|STRAIGHT,,999.00,1.13,-0.1,1.3,3976
45.00,-31.736,30.417,-44.2,1.18,CLEAR|STRAIGHT,,999.00,1.13,-0.1,1.4,3976
45.05,-31.663,30.348,-44.1,0.71,CLEAR|STRAIGHT,,999.00,1.13,-0.1,1.3,3990
45.10,-31.663,30.348,-44.0,0.71,CLEAR|STRAIGHT,,999.00,1.13,-0.3,1.1,4004
45.15,-31.663,30.348,-44.0,0.71,CLEAR|STRAIGHT,,999.00,1.13,-0.4,1.1,4018
45.20,-31.663,30.348,-44.0,0.71,CLEAR|STRAIGHT,,999.00,1.13,-0.3,1.1,4004
45.25,-31.490,30.180,-43.9,1.33,CLEAR|STRAIGHT,,999.00,1.13,-0.4,1.1,4018
45.30,-31.490,30.180,-43.9,1.33,CLEAR|STRAIGHT,,999.00,1.11,-0.1,1.2,4018
45.35,-31.490,30.180,-43.8,1.33,CLEAR|STRAIGHT,,999.00,1.11,-0.2,1.2,4018
45.40,-31.340,30.038,-43.8,1.18,CLEAR|STRAIGHT,,999.00,1.11,-0.2,1.2,4033
45.45,-31.340,30.038,-43.7,1.18,CLEAR|STRAIGHT,,999.00,1.11,-0.3,1.1,4018
45.50,-31.237,29.954,-43.7,1.27,CLEAR|STRAIGHT,,999.00,1.11,-0.3,1.2,4018
45.55,-31.237,29.954,-43.7,1.27,CLEAR|STRAIGHT,,999.00,1.11,-0.5,1.2,4033
45.60,-31.140,29.866,-43.7,1.45,CLEAR|STRAIGHT,,999.00,1.11,-0.5,1.1,4018
45.65,-31.140,29.866,-43.6,1.45,CLEAR|STRAIGHT,,999.00,1.11,-0.4,1.1,4018
45.70,-31.067,29.792,-43.6,0.95,CLEAR|STRAIGHT,,999.00,1.02,-0.4,1.1,4018
45.75,-31.067,29.792,-43.5,0.95,CLEAR|STRAIGHT,,999.00,1.02,-0.6,1.1,4033
45.80,-30.981,29.709,-43.4,1.19,CLEAR|STRAIGHT,,999.00,1.02,-0.7,0.9,4047
45.85,-30.981,29.709,-43.3,1.19,CLEAR|STRAIGHT,,999.00,1.02,-0.6,0.8,4062
45.90,-30.883,29.620,-43.3,1.33,CLEAR|STRAIGHT,,999.00,1.02,-0.7,0.8,4062
45.95,-30.883,29.620,-43.3,1.33,CLEAR|STRAIGHT,,999.00,1.02,-0.7,0.9,4062
46.00,-30.883,29.620,-43.2,1.33,CLEAR|STRAIGHT,,999.00,1.02,-0.7,0.9,4062
46.05,-30.800,29.550,-43.2,0.83,CLEAR|STRAIGHT,,999.00,1.02,-0.8,0.8,4062
46.10,-30.800,29.550,-43.2,0.83,CLEAR|STRAIGHT,,999.00,1.02,-1.4,0.8,4047
46.15,-30.800,29.550,-43.2,0.83,CLEAR|STRAIGHT,,999.00,1.02,-1.4,0.9,4062
46.20,-30.673,29.433,-43.1,1.02,CLEAR|STRAIGHT,,999.00,1.02,-1.4,0.9,4077
46.25,-30.673,29.433,-43.1,1.02,CLEAR|STRAIGHT,,999.00,1.02,-1.0,0.9,4077
46.30,-30.593,29.357,-43.1,1.01,CLEAR|STRAIGHT,,999.00,1.01,-1.0,0.7,4077
46.35,-30.593,29.357,-43.1,1.01,CLEAR|STRAIGHT,,999.00,1.01,-1.1,0.7,4092
46.40,-30.522,29.299,-43.2,0.91,CLEAR|STRAIGHT,,999.00,1.01,-1.1,0.6,4092
46.45,-30.522,29.299,-43.4,0.91,CLEAR|STRAIGHT,,999.00,1.01,-1.3,0.6,4106
46.50,-30.461,29.237,-43.3,1.08,CLEAR|STRAIGHT,,999.00,1.01,-1.2,0.6,4092
46.55,-30.461,29.237,-43.4,1.08,CLEAR|STRAIGHT,,999.00,1.01,-1.2,0.6,4092
46.60,-30.388,29.171,-43.5,0.90,CLEAR|STRAIGHT,,999.00,1.01,-1.1,0.7,4106
46.65,-30.388,29.171,-43.6,0.90,CLEAR|STRAIGHT,,999.00,1.01,-0.9,0.6,4092
46.70,-30.306,29.103,-43.6,0.96,CLEAR|STRAIGHT,,999.00,1.04,-0.8,0.6,4106
46.75,-30.306,29.103,-43.6,0.96,CLEAR|STRAIGHT,,999.00,1.04,-0.9,0.6,4092
46.80,-30.306,29.103,-43.6,0.96,CLEAR|STRAIGHT,,999.00,1.04,-0.9,0.6,4106
46.85,-30.306,29.103,-43.7,0.96,CLEAR|STRAIGHT,,999.00,1.04,-0.9,0.6,4092
46.90,-30.306,29.103,-43.7,0.96,CLEAR|STRAIGHT,,999.00,1.04,-0.9,0.6,4092
46.95,-30.131,28.953,-43.7,1.05,CLEAR|STRAIGHT,,999.00,1.04,-0.9,0.0,4152
47.00,-30.131,28.953,-43.7,1.05,CLEAR|STRAIGHT,,999.00,1.04,-1.2,0.1,4183
47.05,-30.131,28.953,-43.7,1.05,CLEAR|STRAIGHT,,999.00,1.04,-1.1,0.1,4183
47.10,-30.131,28.953,-43.7,1.05,CLEAR|STRAIGHT,,999.00,1.04,-1.2,0.1,4183
47.15,-29.951,28.782,-43.8,1.24,CLEAR|STRAIGHT,,999.00,1.04,-1.2,0.0,4198
47.20,-29.951,28.782,-43.7,1.24,CLEAR|STRAIGHT,,999.00,1.09,-0.8,0.2,4198
47.25,-29.951,28.782,-43.7,1.24,CLEAR|STRAIGHT,,999.00,1.09,-0.8,0.1,4183
47.30,-29.758,28.596,-43.8,1.57,CLEAR|STRAIGHT,,999.00,1.09,-0.8,0.1,4214
47.35,-29.758,28.596,-44.0,1.57,CLEAR|STRAIGHT,,999.00,1.09,-0.7,0.1,4198
47.40,-29.655,28.503,-44.0,1.57,CLEAR|STRAIGHT,,999.00,1.09,-0.6,0.1,4214
47.45,-29.655,28.503,-44.1,1.57,CLEAR|STRAIGHT,,999.00,1.09,-0.5,0.1,4198
47.50,-29.544,28.393,-44.2,1.42,CLEAR|STRAIGHT,,999.00,1.14,-0.4,0.1,4198
47.55,-29.544,28.393,-44.2,1.42,CLEAR|STRAIGHT,,999.00,1.16,-0.5,0.1,4198
47.60,-29.442,28.288,-44.2,1.46,CLEAR|STRAIGHT,,999.00,1.16,-0.5,0.0,4214
47.65,-29.442,28.288,-44.4,1.46,CLEAR|STRAIGHT,,999.00,1.16,-0.4,0.1,4198
47.70,-29.331,28.175,-44.5,1.58,CLEAR|STRAIGHT,,999.00,1.16,-0.3,0.1,4198
47.75,-29.331,28.175,-44.8,1.58,CLEAR|STRAIGHT,,999.00,1.16,-0.2,0.1,4198
47.80,-29.224,28.088,-44.8,1.37,CLEAR|STRAIGHT,,999.00,1.16,-0.1,0.1,4183
47.85,-29.224,28.088,-44.8,1.37,CLEAR|STRAIGHT,,999.00,1.16,-0.1,0.1,4198
47.90,-29.115,27.997,-44.8,1.41,CLEAR|STRAIGHT,,999.00,1.15,-0.1,0.1,4198
47.95,-29.115,27.997,-44.9,1.41,CLEAR|STRAIGHT,,999.00,1.15,-0.3,0.1,4198
48.00,-29.115,27.997,-44.9,1.41,CLEAR|STRAIGHT,,999.00,1.15,-0.2,0.0,4198
48.05,-29.005,27.892,-45.0,1.09,CLEAR|STRAIGHT,,999.00,1.15,-0.2,0.1,4198
48.10,-29.005,27.892,-45.0,1.09,CLEAR|STRAIGHT,,999.00,1.15,-0.4,0.1,4214
48.15,-29.005,27.892,-45.0,1.09,CLEAR|STRAIGHT,,999.00,1.15,-0.3,0.1,4198
48.20,-29.005,27.892,-45.0,1.09,CLEAR|STRAIGHT,,999.00,1.15,-0.4,0.1,4198
48.25,-28.811,27.697,-45.0,1.45,CLEAR|STRAIGHT,,999.00,1.15,-0.4,0.2,4198
48.30,-28.811,27.697,-45.1,1.45,CLEAR|STRAIGHT,,999.00,1.08,0.1,0.0,4214
48.35,-28.811,27.697,-45.2,1.45,CLEAR|STRAIGHT,,999.00,1.08,0.1,0.1,4198
48.40,-28.811,27.697,-45.3,1.45,CLEAR|STRAIGHT,,999.00,1.08,0.2,0.1,4214
48.45,-28.592,27.482,-45.4,1.54,CLEAR|STRAIGHT,,999.00,1.08,0.2,0.1,4214
48.50,-28.592,27.482,-45.4,1.54,CLEAR|STRAIGHT,,999.00,1.02,0.5,0.0,4198
48.55,-28.592,27.482,-45.6,1.54,CLEAR|STRAIGHT,,999.00,1.02,0.5,0.1,4183
48.60,-28.592,27.482,-45.6,1.54,AVOID|RIGHT,-3.8,8.00,1.02,0.6,0.1,4198
48.65,-28.378,27.276,-45.8,1.48,AVOID|RIGHT,-3.8,8.00,1.02,-3.8,0.1,4198
48.70,-28.378,27.276,-45.8,1.48,AVOID|RIGHT,-3.8,8.00,1.02,-3.8,0.1,4214
48.75,-28.378,27.276,-45.9,1.48,AVOID|RIGHT,-9.6,8.00,1.02,-9.6,0.0,4198
48.80,-28.378,27.276,-46.0,1.48,AVOID|RIGHT,-16.4,8.00,1.02,-9.6,-0.3,4246
48.85,-28.146,27.038,-46.3,1.66,AVOID|RIGHT,-16.4,8.00,1.02,-16.4,-0.7,4262
48.90,-28.146,27.038,-46.3,1.66,CLEAR|STRAIGHT,,999.00,1.01,-16.4,-1.8,4378
48.95,-28.146,27.038,-46.9,1.66,CLEAR|STRAIGHT,,999.00,1.01,1.2,-3.5,4519
49.00,-28.146,27.038,-47.1,1.66,CLEAR|STRAIGHT,,999.00,1.01,1.4,-5.4,4688
49.05,-27.951,26.847,-48.1,1.36,CLEAR|STRAIGHT,,999.00,1.01,1.6,-6.9,4808
49.10,-27.951,26.847,-48.5,1.36,CLEAR|STRAIGHT,,999.00,1.01,2.4,-6.4,4850
49.15,-27.951,26.847,-48.9,1.36,CLEAR|STRAIGHT,,999.00,1.01,2.7,-4.2,4708
49.20,-27.771,26.643,-49.0,1.60,CLEAR|STRAIGHT,,999.00,1.01,3.0,-1.6,4519
49.25,-27.771,26.643,-49.1,1.60,CLEAR|STRAIGHT,,999.00,1.01,2.9,0.1,4311
49.30,-27.701,26.540,-48.9,1.13,CLEAR|STRAIGHT,,999.00,1.06,3.0,0.9,4183
49.35,-27.701,26.540,-48.8,1.13,CLEAR|STRAIGHT,,999.00,1.08,3.8,1.4,4092
49.40,-27.701,26.540,-48.8,1.13,CLEAR|STRAIGHT,,999.00,1.08,3.8,1.4,4077
49.45,-27.701,26.540,-48.7,1.13,CLEAR|STRAIGHT,,999.00,1.08,3.8,1.4,4018
49.50,-27.534,26.365,-48.6,1.21,CLEAR|STRAIGHT,,999.00,1.08,3.7,1.7,3990
49.55,-27.534,26.365,-48.6,1.21,CLEAR|STRAIGHT,,999.00,1.08,3.4,1.8,3962
49.60,-27.534,26.365,-48.5,1.21,CLEAR|STRAIGHT,,999.00,1.13,3.3,1.8,3962
49.65,-27.449,26.278,-48.4,1.01,CLEAR|STRAIGHT,,999.00,1.18,3.3,1.8,3962
49.70,-27.449,26.278,-48.3,1.01,CLEAR|STRAIGHT,,999.00,1.18,3.7,1.8,3948
49.75,-27.449,26.278,-48.2,1.01,CLEAR|STRAIGHT,,999.00,1.18,3.7,1.8,3948
49.80,-27.449,26.278,-48.2,1.01,CLEAR|STRAIGHT,,999.00,1.18,3.6,1.8,3948
49.85,-27.269,26.089,-48.0,1.37,CLEAR|STRAIGHT,,999.00,1.18,3.6,1.8,3934
49.90,-27.269,26.089,-48.0,1.37,CLEAR|STRAIGHT,,999.00,1.18,3.6,1.8,3934
49.95,-27.269,26.089,-47.8,1.37,CLEAR|STRAIGHT,,999.00,1.18,3.6,1.8,3948
50.00,-27.269,26.089,-47.8,1.37,CLEAR|STRAIGHT,,999.00,1.18,3.4,1.8,3948
50.05,-27.080,25.889,-47.6,1.25,CLEAR|STRAIGHT,,999.00,1.18,3.5,1.8,3934
50.10,-27.080,25.889,-47.5,1.25,CLEAR|STRAIGHT,,999.00,1.15,3.3,2.2,3867
50.15,-27.080,25.889,-47.4,1.25,CLEAR|STRAIGHT,,999.00,1.15,3.2,2.4,3853
50.20,-27.080,25.889,-47.3,1.25,CLEAR|STRAIGHT,,999.00,1.15,3.2,2.3,3867
50.25,-26.882,25.690,-47.1,1.55,CLEAR|STRAIGHT,,999.00,1.15,3.1,2.4,3853
50.30,-26.882,25.690,-47.1,1.55,CLEAR|STRAIGHT,,999.00,1.15,3.2,2.4,3827
50.35,-26.882,25.690,-46.9,1.55,CLEAR|STRAIGHT,,999.00,1.15,3.1,2.4,3840
50.40,-26.882,25.690,-46.8,1.55,CLEAR|STRAIGHT,,999.00,1.15,3.0,2.3,3853
50.45,-26.679,25.495,-46.6,1.41,CLEAR|STRAIGHT,,999.00,1.15,3.0,2.4,3840
50.50,-26.679,25.495,-46.5,1.41,CLEAR|STRAIGHT,,999.00,1.11,2.7,2.3,3853
50.55,-26.679,25.495,-46.2,1.41,CLEAR|STRAIGHT,,999.00,1.11,2.6,2.3,3827
50.60,-26.679,25.495,-46.1,1.41,CLEAR|STRAIGHT,,999.00,1.11,2.4,2.3,3840
50.65,-26.474,25.290,-45.8,1.38,CLEAR|STRAIGHT,,999.00,1.11,2.4,2.4,3827
50.70,-26.474,25.290,-45.7,1.38,CLEAR|STRAIGHT,,999.00,1.13,2.0,2.3,3840
50.75,-26.474,25.290,-45.5,1.38,CLEAR|STRAIGHT,,999.00,1.13,2.0,2.3,3827
50.80,-26.277,25.093,-45.5,1.54,CLEAR|STRAIGHT,,999.00,1.13,1.9,2.3,3840
50.85,-26.277,25.093,-45.2,1.54,CLEAR|STRAIGHT,,999.00,1.13,2.1,2.3,3840
50.90,-26.171,24.984,-45.2,1.53,CLEAR|STRAIGHT,,999.00,1.13,1.9,2.4,3814
50.95,-26.171,24.984,-44.9,1.53,CLEAR|STRAIGHT,,999.00,1.13,2.2,2.3,3840
51.00,-26.171,24.984,-44.8,1.53,CLEAR|STRAIGHT,,999.00,1.13,2.0,2.3,3840
51.05,-26.171,24.984,-44.6,1.53,CLEAR|STRAIGHT,,999.00,1.13,2.0,2.3,3840
51.10,-26.171,24.984,-44.5,1.53,CLEAR|STRAIGHT,,999.00,1.13,1.8,2.4,3840
51.15,-25.955,24.801,-44.2,1.28,CLEAR|STRAIGHT,,999.00,1.13,1.8,2.3,3827
51.20,-25.955,24.801,-44.2,1.28,CLEAR|STRAIGHT,,999.00,1.14,1.3,2.4,3840
51.25,-25.955,24.801,-44.0,1.28,CLEAR|STRAIGHT,,999.00,1.14,1.3,2.3,3827
51.30,-25.955,24.801,-43.8,1.28,CLEAR|STRAIGHT,,999.00,1.14,1.1,2.3,3840
51.35,-25.744,24.619,-43.7,1.40,CLEAR|STRAIGHT,,999.00,1.14,1.0,2.3,3853
51.40,-25.744,24.619,-43.6,1.40,CLEAR|STRAIGHT,,999.00,1.15,0.5,2.4,3827
51.45,-25.744,24.619,-43.4,1.40,CLEAR|STRAIGHT,,999.00,1.15,0.5,2.3,3827
51.50,-25.744,24.619,-43.3,1.40,CLEAR|STRAIGHT,,999.00,1.15,0.3,2.3,3840
51.55,-25.542,24.427,-43.1,1.39,CLEAR|STRAIGHT,,999.00,1.15,0.3,2.3,3827
51.60,-25.542,24.427,-43.0,1.39,CLEAR|STRAIGHT,,999.00,1.15,0.3,1.8,3893
51.65,-25.542,24.427,-42.9,1.39,CLEAR|STRAIGHT,,999.00,1.15,0.2,1.8,3907
51.70,-25.334,24.249,-42.8,1.52,CLEAR|STRAIGHT,,999.00,1.15,0.1,1.8,3907
51.75,-25.334,24.249,-42.6,1.52,CLEAR|STRAIGHT,,999.00,1.15,-0.3,1.8,3920
51.80,-25.228,24.146,-42.5,1.47,CLEAR|STRAIGHT,,999.00,1.15,-0.3,1.8,3920
51.85,-25.228,24.146,-42.5,1.47,CLEAR|STRAIGHT,,999.00,1.15,-0.4,1.8,3920
51.90,-25.126,24.061,-42.3,1.66,CLEAR|STRAIGHT,,999.00,1.15,-0.4,1.8,3920
51.95,-25.126,24.061,-42.2,1.66,CLEAR|STRAIGHT,,999.00,1.15,-0.6,1.8,3920
52.00,-25.126,24.061,-42.2,1.66,CLEAR|STRAIGHT,,999.00,1.15,-0.7,1.4,3962
52.05,-25.026,23.971,-42.1,0.96,CLEAR|STRAIGHT,,999.00,1.15,-0.7,1.4,3990
52.10,-25.026,23.971,-42.0,0.96,CLEAR|STRAIGHT,,999.00,1.20,-0.8,1.4,3990
52.15,-25.026,23.971,-42.0,0.96,CLEAR|STRAIGHT,,999.00,1.20,-0.8,1.3,4004
52.20,-24.791,23.785,-42.0,1.66,CLEAR|STRAIGHT,,999.00,1.20,-0.9,1.2,4018
52.25,-24.791,23.785,-41.9,1.66,CLEAR|STRAIGHT,,999.00,1.20,-1.2,1.2,4018
52.30,-24.791,23.785,-41.9,1.66,CLEAR|STRAIGHT,,999.00,1.20,-1.3,0.8,4047
52.35,-24.791,23.785,-41.8,1.66,CLEAR|STRAIGHT,,999.00,1.20,-1.3,0.9,4062
52.40,-24.791,23.785,-41.8,1.66,CLEAR|STRAIGHT,,999.00,1.20,-1.3,0.9,4062
52.45,-24.584,23.615,-41.7,1.22,CLEAR|STRAIGHT,,999.00,1.20,-1.3,0.8,4077
52.50,-24.584,23.615,-41.7,1.22,CLEAR|STRAIGHT,,999.00,1.11,-1.7,0.6,4106
52.55,-24.584,23.615,-41.7,1.22,CLEAR|STRAIGHT,,999.00,1.10,-1.7,0.6,4092
52.60,-24.584,23.615,-41.7,1.22,CLEAR|STRAIGHT,,999.00,1.10,-1.7,0.7,4106
52.65,-24.365,23.431,-41.8,1.43,CLEAR|STRAIGHT,,999.00,1.10,-1.7,0.7,4106
52.70,-24.365,23.431,-41.8,1.43,CLEAR|STRAIGHT,,999.00,1.10,-2.0,0.2,4167
52.75,-24.365,23.431,-41.9,1.43,CLEAR|STRAIGHT,,999.00,1.10,-2.0,-0.1,4198
52.80,-24.157,23.255,-42.0,1.51,CLEAR|STRAIGHT,,999.00,1.10,-2.0,-0.1,4214
52.85,-24.157,23.255,-42.0,1.51,CLEAR|STRAIGHT,,999.00,1.10,-1.9,-0.1,4214
52.90,-24.157,23.255,-42.1,1.51,CLEAR|STRAIGHT,,999.00,1.03,-1.9,-0.0,4198
52.95,-24.157,23.255,-42.2,1.51,CLEAR|STRAIGHT,,999.00,1.03,-1.8,-0.0,4214
53.00,-24.157,23.255,-42.2,1.51,CLEAR|STRAIGHT,,999.00,1.03,-1.8,-0.4,4246
53.05,-23.939,23.061,-42.4,1.27,CLEAR|STRAIGHT,,999.00,1.03,-1.8,-0.4,4262
53.10,-23.939,23.061,-42.4,1.27,CLEAR|STRAIGHT,,999.00,1.03,-2.4,-0.3,4246
53.15,-23.939,23.061,-42.5,1.27,CLEAR|STRAIGHT,,999.00,1.03,-2.3,-0.4,4262
53.20,-23.734,22.894,-42.6,1.55,CLEAR|STRAIGHT,,999.00,1.03,-2.3,-0.3,4262
53.25,-23.734,22.894,-42.7,1.55,CLEAR|STRAIGHT,,999.00,1.03,-2.0,-0.5,4262
53.30,-23.734,22.894,-42.8,1.55,CLEAR|STRAIGHT,,999.00,1.00,-2.0,-0.4,4262
53.35,-23.734,22.894,-42.9,1.55,CLEAR|STRAIGHT,,999.00,1.00,-1.9,-0.4,4262
53.40,-23.734,22.894,-43.0,1.55,CLEAR|STRAIGHT,,999.00,1.00,-1.9,-0.4,4246
53.45,-23.525,22.696,-43.2,1.31,CLEAR|STRAIGHT,,999.00,1.00,-1.8,-0.4,4262
53.50,-23.525,22.696,-43.2,1.31,CLEAR|STRAIGHT,,999.00,1.00,-2.3,-0.3,4262
53.55,-23.525,22.696,-43.4,1.31,CLEAR|STRAIGHT,,999.00,1.00,-2.3,-0.6,4278
53.60,-23.525,22.696,-43.4,1.31,CLEAR|STRAIGHT,,999.00,1.00,-2.2,-0.6,4278
53.65,-23.322,22.534,-43.4,1.36,CLEAR|STRAIGHT,,999.00,1.00,-2.2,-0.6,4295
53.70,-23.322,22.534,-43.5,1.36,CLEAR|STRAIGHT,,999.00,1.02,-2.2,-0.6,4278
53.75,-23.322,22.534,-43.6,1.36,CLEAR|STRAIGHT,,999.00,1.02,-2.1,-0.6,4295
53.80,-23.322,22.534,-43.7,1.36,CLEAR|STRAIGHT,,999.00,1.02,-2.1,-0.7,4295
53.85,-23.125,22.358,-43.8,1.26,CLEAR|STRAIGHT,,999.00,1.02,-2.0,-0.6,4295
53.90,-23.125,22.358,-43.9,1.26,CLEAR|STRAIGHT,,999.00,1.07,-2.0,-0.6,4278
53.95,-23.125,22.358,-44.1,1.26,CLEAR|STRAIGHT,,999.00,1.10,-1.9,-0.6,4311
54.00,-23.125,22.358,-44.2,1.26,CLEAR|STRAIGHT,,999.00,1.10,-1.8,-0.9,4295
54.05,-22.936,22.187,-44.3,1.21,CLEAR|STRAIGHT,,999.00,1.10,-1.8,-0.7,4311
54.10,-22.936,22.187,-44.4,1.21,CLEAR|STRAIGHT,,999.00,1.10,-2.2,-0.7,4295
54.15,-22.936,22.187,-44.6,1.21,CLEAR|STRAIGHT,,999.00,1.10,-2.2,-0.8,4311
54.20,-22.936,22.187,-44.7,1.21,CLEAR|STRAIGHT,,999.00,1.10,-2.0,-0.7,4295
54.25,-22.749,22.022,-44.9,1.38,CLEAR|STRAIGHT,,999.00,1.10,-2.0,-0.7,4295
54.30,-22.749,22.022,-45.0,1.38,CLEAR|STRAIGHT,,999.00,1.15,-1.6,-0.8,4311
54.35,-22.749,22.022,-45.1,1.38,CLEAR|STRAIGHT,,999.00,1.17,-1.5,-0.7,4311
54.40,-22.749,22.022,-45.2,1.38,CLEAR|STRAIGHT,,999.00,1.17,-1.5,-0.7,4295
54.45,-22.562,21.840,-45.3,1.24,CLEAR|STRAIGHT,,999.00,1.17,-1.4,-0.7,4311
54.50,-22.562,21.840,-45.4,1.24,CLEAR|STRAIGHT,,999.00,1.17,-1.9,-0.8,4295
54.55,-22.562,21.840,-45.6,1.24,CLEAR|STRAIGHT,,999.00,1.17,-1.8,-0.7,4295
54.60,-22.362,21.646,-45.7,1.64,CLEAR|STRAIGHT,,999.00,1.17,-1.7,-0.7,4328
54.65,-22.362,21.646,-45.8,1.64,CLEAR|STRAIGHT,,999.00,1.17,-1.1,-0.8,4311
54.70,-22.362,21.646,-45.9,1.64,CLEAR|STRAIGHT,,999.00,1.08,-1.0,-0.7,4311
54.75,-22.268,21.561,-46.2,0.97,CLEAR|STRAIGHT,,999.00,1.08,-1.0,-0.7,4311
54.80,-22.268,21.561,-46.2,0.97,CLEAR|STRAIGHT,,999.00,1.08,-1.7,-0.7,4311
54.85,-22.268,21.561,-46.4,0.97,CLEAR|STRAIGHT,,999.00,1.08,-1.7,-0.7,4295
54.90,-22.065,21.360,-46.5,1.59,CLEAR|STRAIGHT,,999.00,1.08,-1.5,-0.7,4311
54.95,-22.065,21.360,-46.6,1.59,CLEAR|STRAIGHT,,999.00,1.08,-1.2,-0.7,4328
55.00,-22.065,21.360,-46.7,1.59,CLEAR|STRAIGHT,,999.00,1.08,-1.1,-0.7,4311
55.05,-22.065,21.360,-46.8,1.59,CLEAR|STRAIGHT,,999.00,1.08,-1.1,-0.8,4311
55.10,-22.065,21.360,-46.9,1.59,CLEAR|STRAIGHT,,999.00,1.08,-1.0,-0.7,4311
55.15,-21.869,21.158,-47.1,1.22,CLEAR|STRAIGHT,,999.00,1.08,-0.9,-0.7,4311
55.20,-21.869,21.158,-47.2,1.22,CLEAR|STRAIGHT,,999.00,1.05,-0.9,-0.7,4295
55.25,-21.869,21.158,-47.4,1.22,CLEAR|STRAIGHT,,999.00,1.05,-0.9,-0.7,4311
55.30,-21.869,21.158,-47.5,1.22,CLEAR|STRAIGHT,,999.00,1.05,-0.8,-0.7,4311
55.35,-21.674,20.968,-47.7,1.43,CLEAR|STRAIGHT,,999.00,1.05,-0.7,-0.8,4311
55.40,-21.674,20.968,-47.7,1.43,CLEAR|STRAIGHT,,999.00,1.04,-0.3,-0.7,4311
55.45,-21.674,20.968,-48.0,1.43,CLEAR|STRAIGHT,,999.00,1.04,-0.3,-0.8,4311
55.50,-21.495,20.782,-48.0,1.51,CLEAR|STRAIGHT,,999.00,1.04,-0.1,-0.7,4311
55.55,-21.495,20.782,-48.1,1.51,CLEAR|STRAIGHT,,999.00,1.04,-0.2,-0.7,4311
55.60,-21.410,20.683,-48.2,1.31,CLEAR|STRAIGHT,,999.00,1.04,-0.1,-0.8,4311
55.65,-21.410,20.683,-48.3,1.31,CLEAR|STRAIGHT,,999.00,1.04,-0.2,-0.7,4311
55.70,-21.306,20.586,-48.4,1.29,CLEAR|STRAIGHT,,999.00,1.04,-0.2,-0.7,4311
55.75,-21.306,20.586,-48.5,1.29,CLEAR|STRAIGHT,,999.00,1.04,0.1,-0.4,4311
55.80,-21.229,20.490,-48.6,1.37,CLEAR|STRAIGHT,,999.00,1.06,0.2,-0.8,4328
55.85,-21.229,20.490,-48.8,1.37,CLEAR|STRAIGHT,,999.00,1.06,0.4,-0.7,4328
55.90,-21.144,20.401,-48.9,1.23,CLEAR|STRAIGHT,,999.00,1.06,0.5,-0.7,4311
55.95,-21.144,20.401,-49.1,1.23,CLEAR|STRAIGHT,,999.00,1.06,0.4,-0.7,4311
56.00,-21.144,20.401,-49.2,1.23,CLEAR|STRAIGHT,,999.00,1.06,0.5,-0.8,4311
56.05,-21.047,20.310,-49.4,1.02,CLEAR|STRAIGHT,,999.00,1.06,0.6,-0.8,4328
56.10,-21.047,20.310,-49.4,1.02,CLEAR|STRAIGHT,,999.00,1.06,0.4,-0.8,4311
56.15,-21.047,20.310,-49.6,1.02,CLEAR|STRAIGHT,,999.00,1.06,0.4,-0.7,4311
56.20,-20.867,20.112,-49.7,1.49,CLEAR|STRAIGHT,,999.00,1.06,0.5,-0.7,4311
56.25,-20.867,20.112,-49.8,1.49,CLEAR|STRAIGHT,,999.00,1.06,1.1,-0.7,4328
56.30,-20.867,20.112,-50.0,1.49,CLEAR|STRAIGHT,,999.00,1.11,1.2,-0.8,4328
56.35,-20.774,20.020,-50.1,1.18,CLEAR|STRAIGHT,,999.00,1.12,1.3,-0.8,4311
56.40,-20.774,20.020,-50.1,1.18,CLEAR|STRAIGHT,,999.00,1.12,1.2,-0.7,4311
56.45,-20.774,20.020,-50.3,1.18,CLEAR|STRAIGHT,,999.00,1.12,1.3,-0.5,4295
56.50,-20.611,19.828,-50.4,1.33,CLEAR|STRAIGHT,,999.00,1.12,1.4,-0.2,4262
56.55,-20.611,19.828,-50.5,1.33,CLEAR|STRAIGHT,,999.00,1.12,1.8,-0.2,4262
56.60,-20.611,19.828,-50.6,1.33,CLEAR|STRAIGHT,,999.00,1.15,1.8,-0.2,4262
56.65,-20.611,19.828,-50.7,1.33,CLEAR|STRAIGHT,,999.00,1.15,1.9,-0.1,4246
56.70,-20.611,19.828,-50.8,1.33,CLEAR|STRAIGHT,,999.00,1.15,1.9,-0.2,4262
56.75,-20.433,19.629,-50.8,1.21,CLEAR|STRAIGHT,,999.00,1.15,2.0,-0.2,4246
56.80,-20.433,19.629,-50.9,1.21,CLEAR|STRAIGHT,,999.00,1.15,2.3,-0.2,4246
56.85,-20.433,19.629,-51.0,1.21,CLEAR|STRAIGHT,,999.00,1.15,2.3,-0.1,4262
56.90,-20.256,19.418,-51.0,1.53,CLEAR|STRAIGHT,,999.00,1.15,2.4,-0.2,4246
56.95,-20.256,19.418,-51.1,1.53,CLEAR|STRAIGHT,,999.00,1.15,2.6,0.3,4198
57.00,-20.256,19.418,-51.1,1.53,CLEAR|STRAIGHT,,999.00,1.17,2.7,0.6,4167
57.05,-20.256,19.418,-51.0,1.53,CLEAR|STRAIGHT,,999.00,1.17,2.6,0.7,4121
57.10,-20.256,19.418,-51.0,1.53,CLEAR|STRAIGHT,,999.00,1.17,2.6,0.7,4137
57.15,-20.084,19.215,-51.0,1.21,CLEAR|STRAIGHT,,999.00,1.17,2.6,0.6,4137
57.20,-20.084,19.215,-51.0,1.21,CLEAR|STRAIGHT,,999.00,1.17,3.3,0.7,4121
57.25,-20.084,19.215,-51.0,1.21,CLEAR|STRAIGHT,,999.00,1.17,3.3,0.7,4121
57.30,-19.893,19.003,-51.1,1.67,CLEAR|STRAIGHT,,999.00,1.17,3.3,0.7,4106
57.35,-19.893,19.003,-51.1,1.67,CLEAR|STRAIGHT,,999.00,1.17,3.1,1.6,4004
57.40,-19.801,18.910,-51.0,1.19,CLEAR|STRAIGHT,,999.00,1.19,3.1,2.1,3934
57.45,-19.801,18.910,-50.8,1.19,CLEAR|STRAIGHT,,999.00,1.19,3.6,2.1,3907
57.50,-19.715,18.803,-50.7,1.53,CLEAR|STRAIGHT,,999.00,1.19,3.4,2.1,3893
57.55,-19.715,18.803,-50.5,1.53,CLEAR|STRAIGHT,,999.00,1.19,3.5,2.1,3893
57.60,-19.621,18.696,-50.4,1.42,CLEAR|STRAIGHT,,999.00,1.19,3.4,2.1,3893
57.65,-19.621,18.696,-50.1,1.42,CLEAR|STRAIGHT,,999.00,1.19,3.2,2.0,3880
57.70,-19.532,18.599,-50.1,1.20,CLEAR|STRAIGHT,,999.00,1.14,3.1,2.1,3893
57.75,-19.532,18.599,-50.0,1.20,CLEAR|STRAIGHT,,999.00,1.14,3.5,2.1,3907
57.80,-19.434,18.501,-49.9,1.54,CLEAR|STRAIGHT,,999.00,1.14,3.4,2.1,3880
57.85,-19.434,18.501,-49.8,1.54,CLEAR|STRAIGHT,,999.00,1.14,3.3,2.2,3853
57.90,-19.340,18.398,-49.7,1.38,CLEAR|STRAIGHT,,999.00,1.14,3.2,2.3,3853
57.95,-19.340,18.398,-49.5,1.38,CLEAR|STRAIGHT,,999.00,1.14,3.6,2.3,3867
58.00,-19.340,18.398,-49.4,1.38,CLEAR|STRAIGHT,,999.00,1.14,3.5,2.3,3840
58.05,-19.246,18.296,-49.3,1.07,CLEAR|STRAIGHT,,999.00,1.14,3.4,2.2,3840
58.10,-19.246,18.296,-49.1,1.07,CLEAR|STRAIGHT,,999.00,1.11,3.3,2.3,3853
58.15,-19.246,18.296,-49.0,1.07,CLEAR|STRAIGHT,,999.00,1.11,3.2,2.3,3840
58.20,-19.053,18.101,-48.8,1.71,CLEAR|STRAIGHT,,999.00,1.11,3.1,2.4,3853
58.25,-19.053,18.101,-48.6,1.71,CLEAR|STRAIGHT,,999.00,1.11,2.9,2.4,3827
58.30,-18.963,17.993,-48.4,1.16,CLEAR|STRAIGHT,,999.00,1.11,2.7,2.4,3814
58.35,-18.963,17.993,-48.3,1.16,CLEAR|STRAIGHT,,999.00,1.11,2.9,2.4,3840
58.40,-18.859,17.896,-48.2,1.58,CLEAR|STRAIGHT,,999.00,1.10,2.8,2.4,3840
58.45,-18.859,17.896,-48.0,1.58,CLEAR|STRAIGHT,,999.00,1.10,2.5,2.4,3827
58.50,-18.758,17.805,-47.9,1.36,CLEAR|STRAIGHT,,999.00,1.10,2.4,2.4,3827
58.55,-18.758,17.805,-47.8,1.36,CLEAR|STRAIGHT,,999.00,1.10,2.7,2.4,3827
58.60,-18.665,17.698,-47.7,1.41,CLEAR|STRAIGHT,,999.00,1.10,2.6,2.4,3814
58.65,-18.665,17.698,-47.5,1.41,CLEAR|STRAIGHT,,999.00,1.10,2.8,2.4,3814
58.70,-18.557,17.612,-47.4,1.36,CLEAR|STRAIGHT,,999.00,1.10,2.7,2.4,3814
58.75,-18.557,17.612,-47.2,1.36,CLEAR|STRAIGHT,,999.00,1.10,2.1,2.4,3814
58.80,-18.458,17.511,-47.1,1.41,CLEAR|STRAIGHT,,999.00,1.12,2.0,2.4,3827
58.85,-18.458,17.511,-46.8,1.41,CLEAR|STRAIGHT,,999.00,1.12,2.1,2.4,3814
58.90,-18.364,17.413,-46.8,1.37,CLEAR|STRAIGHT,,999.00,1.12,1.9,2.4,3814
58.95,-18.364,17.413,-46.5,1.37,CLEAR|STRAIGHT,,999.00,1.12,2.1,2.4,3827
59.00,-18.254,17.321,-46.5,1.30,CLEAR|STRAIGHT,,999.00,1.12,1.9,2.3,3814
59.05,-18.254,17.321,-46.3,1.30,CLEAR|STRAIGHT,,999.00,1.12,1.6,2.3,3827
59.10,-18.254,17.321,-46.2,1.30,CLEAR|STRAIGHT,,999.00,1.15,1.4,2.4,3827
59.15,-18.254,17.321,-46.0,1.30,CLEAR|STRAIGHT,,999.00,1.15,1.4,2.4,3840
59.20,-18.053,17.137,-45.9,1.42,CLEAR|STRAIGHT,,999.00,1.15,1.3,2.4,3840
59.25,-18.053,17.137,-45.8,1.42,CLEAR|STRAIGHT,,999.00,1.15,1.3,2.4,3827
59.30,-17.957,17.043,-45.6,1.23,CLEAR|STRAIGHT,,999.00,1.15,1.1,2.4,3801
59.35,-17.957,17.043,-45.4,1.23,CLEAR|STRAIGHT,,999.00,1.15,1.3,2.4,3801
59.40,-17.957,17.043,-45.3,1.23,CLEAR|STRAIGHT,,999.00,1.15,1.1,2.4,3827
59.45,-17.957,17.043,-45.2,1.23,CLEAR|STRAIGHT,,999.00,1.15,1.0,2.4,3814
59.50,-17.754,16.855,-45.0,1.38,CLEAR|STRAIGHT,,999.00,1.15,0.9,2.4,3827
59.55,-17.754,16.855,-44.8,1.38,CLEAR|STRAIGHT,,999.00,1.15,0.6,2.4,3827
59.60,-17.641,16.768,-44.6,1.42,CLEAR|STRAIGHT,,999.00,1.18,0.5,2.4,3827
59.65,-17.641,16.768,-44.6,1.42,CLEAR|STRAIGHT,,999.00,1.18,0.2,2.4,3827
59.70,-17.533,16.669,-44.4,1.46,CLEAR|STRAIGHT,,999.00,1.18,0.2,2.3,3827
59.75,-17.533,16.669,-44.4,1.46,CLEAR|STRAIGHT,,999.00,1.18,-0.0,0.8,4033
59.80,-17.426,16.583,-44.4,1.52,CLEAR|STRAIGHT,,999.00,1.18,-0.0,0.8,4033
59.85,-17.426,16.583,-44.5,1.52,CLEAR|STRAIGHT,,999.00,1.18,-0.2,0.8,4047
59.90,-17.320,16.490,-44.4,1.28,CLEAR|STRAIGHT,,999.00,1.15,-0.1,0.8,4047
59.95,-17.320,16.490,-44.4,1.28,CLEAR|STRAIGHT,,999.00,1.15,-0.3,0.9,4062
60.00,-17.215,16.390,-44.3,1.61,CLEAR|STRAIGHT,,999.00,1.15,-0.4,0.9,4077
60.05,-17.215,16.390,-44.3,1.61,CLEAR|STRAIGHT,,999.00,1.15,-0.4,0.9,4062
60.10,-17.107,16.294,-44.2,1.44,CLEAR|STRAIGHT,,999.00,1.15,-0.4,0.9,4062
60.15,-17.107,16.294,-44.3,1.44,CLEAR|STRAIGHT,,999.00,1.15,-0.5,0.9,4077
60.20,-17.107,16.294,-44.2,1.44,CLEAR|STRAIGHT,,999.00,1.15,-0.5,0.8,4062
60.25,-16.995,16.206,-44.3,1.18,CLEAR|STRAIGHT,,999.00,1.15,-0.5,0.8,4062
60.30,-16.995,16.206,-44.2,1.18,CLEAR|STRAIGHT,,999.00,1.15,-0.8,0.8,4077
60.35,-16.995,16.206,-44.2,1.18,CLEAR|STRAIGHT,,999.00,1.15,-0.9,0.8,4092
60.40,-16.784,16.013,-44.2,1.51,CLEAR|STRAIGHT,,999.00,1.15,-0.8,0.8,4077
60.45,-16.784,16.013,-44.3,1.51,CLEAR|STRAIGHT,,999.00,1.15,-1.1,0.8,4077
60.50,-16.784,16.013,-44.2,1.51,CLEAR|STRAIGHT,,999.00,1.15,-1.0,0.8,4077
60.55,-16.784,16.013,-44.3,1.51,CLEAR|STRAIGHT,,999.00,1.15,-1.0,0.8,4077
60.60,-16.574,15.818,-44.2,1.51,CLEAR|STRAIGHT,,999.00,1.15,-1.0,0.6,4092
60.65,-16.574,15.818,-44.2,1.51,CLEAR|STRAIGHT,,999.00,1.15,-1.1,0.7,4106
60.70,-16.464,15.730,-44.1,1.40,CLEAR|STRAIGHT,,999.00,1.20,-1.1,0.6,4092
60.75,-16.464,15.730,-44.2,1.40,CLEAR|STRAIGHT,,999.00,1.20,-1.5,0.6,4106
60.80,-16.377,15.627,-44.1,1.34,CLEAR|STRAIGHT,,999.00,1.20,-1.5,0.4,4121
60.85,-16.377,15.627,-44.3,1.34,CLEAR|STRAIGHT,,999.00,1.20,-1.1,0.5,4137
60.90,-16.276,15.539,-44.2,1.48,CLEAR|STRAIGHT,,999.00,1.13,-1.1,0.5,4137
60.95,-16.276,15.539,-44.3,1.48,CLEAR|STRAIGHT,,999.00,1.13,-1.2,0.5,4137
61.00,-16.276,15.539,-44.3,1.48,CLEAR|STRAIGHT,,999.00,1.13,-1.2,0.4,4152
61.05,-16.164,15.444,-44.4,1.05,CLEAR|STRAIGHT,,999.00,1.13,-1.2,0.4,4137
61.10,-16.164,15.444,-44.4,1.05,CLEAR|STRAIGHT,,999.00,1.13,-1.7,0.4,4137
61.15,-16.164,15.444,-44.4,1.05,CLEAR|STRAIGHT,,999.00,1.13,-1.7,0.4,4137
61.20,-15.951,15.256,-44.4,1.67,CLEAR|STRAIGHT,,999.00,1.13,-1.7,0.3,4152
61.25,-15.951,15.256,-44.5,1.67,CLEAR|STRAIGHT,,999.00,1.13,-1.4,0.3,4167
61.30,-15.844,15.161,-44.4,1.30,CLEAR|STRAIGHT,,999.00,1.06,-1.3,0.3,4152
61.35,-15.844,15.161,-44.5,1.30,CLEAR|STRAIGHT,,999.00,1.06,-1.8,0.3,4167
61.40,-15.844,15.161,-44.5,1.30,CLEAR|STRAIGHT,,999.00,1.06,-1.8,0.2,4167
61.45,-15.844,15.161,-44.6,1.30,CLEAR|STRAIGHT,,999.00,1.06,-1.8,0.3,4183
61.50,-15.630,14.977,-44.6,1.41,CLEAR|STRAIGHT,,999.00,1.06,-1.7,0.3,4167
61.55,-15.630,14.977,-44.7,1.41,CLEAR|STRAIGHT,,999.00,1.06,-1.8,0.2,4152
61.60,-15.525,14.875,-44.7,1.62,CLEAR|STRAIGHT,,999.00,1.04,-1.7,0.3,4167
61.65,-15.525,14.875,-44.8,1.62,CLEAR|STRAIGHT,,999.00,1.04,-1.7,0.7,4167
61.70,-15.417,14.788,-44.8,1.38,CLEAR|STRAIGHT,,999.00,1.04,-1.7,0.3,4137
61.75,-15.417,14.788,-44.9,1.38,CLEAR|STRAIGHT,,999.00,1.04,-2.2,0.3,4183
61.80,-15.326,14.696,-44.9,1.44,CLEAR|STRAIGHT,,999.00,1.04,-2.2,0.2,4167
61.85,-15.326,14.696,-45.0,1.44,CLEAR|STRAIGHT,,999.00,1.04,-2.3,0.2,4167
61.90,-15.225,14.607,-45.1,1.22,CLEAR|STRAIGHT,,999.00,1.04,-2.3,0.2,4167
61.95,-15.225,14.607,-45.1,1.22,CLEAR|STRAIGHT,,999.00,1.04,-2.1,0.1,4198
62.00,-15.225,14.607,-45.0,1.22,CLEAR|STRAIGHT,,999.00,1.06,-2.1,0.0,4183
62.05,-15.132,14.518,-45.2,0.99,CLEAR|STRAIGHT,,999.00,1.06,-2.1,0.3,4183
62.10,-15.132,14.518,-45.2,0.99,CLEAR|STRAIGHT,,999.00,1.06,-2.6,0.1,4198
62.15,-15.132,14.518,-45.3,0.99,CLEAR|STRAIGHT,,999.00,1.06,-2.6,0.1,4183
62.20,-14.943,14.346,-45.3,1.50,CLEAR|STRAIGHT,,999.00,1.06,-2.5,0.1,4198
62.25,-14.943,14.346,-45.4,1.50,CLEAR|STRAIGHT,,999.00,1.06,-2.5,0.1,4198
62.30,-14.844,14.263,-45.5,1.29,CLEAR|STRAIGHT,,999.00,1.06,-2.5,0.1,4214
62.35,-14.844,14.263,-45.5,1.29,CLEAR|STRAIGHT,,999.00,1.06,-2.3,-0.1,4214
62.40,-14.749,14.176,-45.6,1.28,CLEAR|STRAIGHT,,999.00,1.10,-2.3,-0.1,4230
62.45,-14.749,14.176,-45.7,1.28,CLEAR|STRAIGHT,,999.00,1.10,-2.6,-0.1,4230
62.50,-14.654,14.079,-45.7,1.36,CLEAR|STRAIGHT,,999.00,1.10,-2.6,-0.1,4230
62.55,-14.654,14.079,-45.8,1.36,CLEAR|STRAIGHT,,999.00,1.10,-2.7,-0.2,4246
62.60,-14.557,13.999,-45.8,1.25,CLEAR|STRAIGHT,,999.00,1.10,-2.7,-0.8,4295
62.65,-14.557,13.999,-46.0,1.25,CLEAR|STRAIGHT,,999.00,1.10,-3.3,-1.0,4295
62.70,-14.463,13.906,-46.1,1.46,CLEAR|STRAIGHT,,999.00,1.10,-3.2,-1.0,4328
62.75,-14.463,13.906,-46.3,1.46,CLEAR|STRAIGHT,,999.00,1.10,-2.3,-0.9,4328
62.80,-14.367,13.812,-46.4,1.22,CLEAR|STRAIGHT,,999.00,1.13,-2.2,-1.0,4328
62.85,-14.367,13.812,-46.6,1.22,CLEAR|STRAIGHT,,999.00,1.13,-2.7,-1.0,4328
62.90,-14.265,13.721,-46.7,1.36,CLEAR|STRAIGHT,,999.00,1.13,-2.6,-1.0,4328
62.95,-14.265,13.721,-46.9,1.36,CLEAR|STRAIGHT,,999.00,1.13,-2.8,-1.0,4344
63.00,-14.172,13.636,-47.0,1.14,CLEAR|STRAIGHT,,999.00,1.13,-2.7,-1.0,4328
63.05,-14.172,13.636,-47.2,1.14,CLEAR|STRAIGHT,,999.00,1.13,-2.4,-1.0,4328
63.10,-14.071,13.546,-47.3,1.50,CLEAR|STRAIGHT,,999.00,1.11,-2.3,-1.7,4395
63.15,-14.071,13.546,-47.5,1.50,CLEAR|STRAIGHT,,999.00,1.11,-2.3,-1.7,4395
63.20,-14.071,13.546,-47.7,1.50,CLEAR|STRAIGHT,,999.00,1.11,-2.1,-1.7,4412
63.25,-13.980,13.449,-47.8,1.02,CLEAR|STRAIGHT,,999.00,1.11,-2.1,-1.7,4395
63.30,-13.980,13.449,-48.0,1.02,CLEAR|STRAIGHT,,999.00,1.11,-2.8,-1.7,4430
63.35,-13.980,13.449,-48.2,1.02,CLEAR|STRAIGHT,,999.00,1.11,-2.7,-1.7,4430
63.40,-13.795,13.265,-48.4,1.53,CLEAR|STRAIGHT,,999.00,1.11,-2.6,-1.7,4430
63.45,-13.795,13.265,-48.6,1.53,CLEAR|STRAIGHT,,999.00,1.11,-1.8,-1.7,4412
63.50,-13.702,13.170,-48.8,1.33,CLEAR|STRAIGHT,,999.00,1.06,-1.7,-1.7,4430
63.55,-13.702,13.170,-49.1,1.33,CLEAR|STRAIGHT,,999.00,1.06,-2.0,-1.7,4412
63.60,-13.611,13.088,-49.2,1.22,CLEAR|STRAIGHT,,999.00,1.06,-1.9,-1.7,4447
63.65,-13.611,13.088,-49.5,1.22,CLEAR|STRAIGHT,,999.00,1.06,-2.3,-1.7,4447
63.70,-13.522,12.986,-49.6,1.36,CLEAR|STRAIGHT,,999.00,1.06,-2.1,-1.7,4430
63.75,-13.522,12.986,-49.9,1.36,CLEAR|STRAIGHT,,999.00,1.06,-2.2,-1.7,4412
63.80,-13.435,12.885,-49.9,1.33,CLEAR|STRAIGHT,,999.00,1.06,-2.0,-1.7,4412
63.85,-13.435,12.885,-50.2,1.33,CLEAR|STRAIGHT,,999.00,1.06,-1.6,-1.8,4430
63.90,-13.349,12.794,-50.3,1.25,CLEAR|STRAIGHT,,999.00,1.01,-1.4,-1.7,4430
63.95,-13.349,12.794,-50.5,1.25,CLEAR|STRAIGHT,,999.00,1.01,-1.6,-1.7,4430
64.00,-13.349,12.794,-50.6,1.25,CLEAR|STRAIGHT,,999.00,1.01,-1.5,-1.7,4412
64.05,-13.263,12.700,-50.9,0.98,CLEAR|STRAIGHT,,999.00,1.01,-1.4,-1.7,4430
64.10,-13.263,12.700,-51.1,0.98,CLEAR|STRAIGHT,,999.00,1.01,-1.8,-1.7,4430
64.15,-13.263,12.700,-51.3,0.98,CLEAR|STRAIGHT,,999.00,1.01,-1.7,-1.7,4430
64.20,-13.088,12.502,-51.5,1.47,CLEAR|STRAIGHT,,999.00,1.01,-1.6,-1.7,4430
64.25,-13.088,12.502,-51.7,1.47,CLEAR|STRAIGHT,,999.00,1.01,-1.0,-1.7,4430
64.30,-13.006,12.408,-51.9,1.24,CLEAR|STRAIGHT,,999.00,0.96,-0.9,-1.7,4412
64.35,-13.006,12.408,-52.1,1.24,CLEAR|STRAIGHT,,999.00,0.96,-1.0,-1.7,4412
64.40,-13.006,12.408,-52.2,1.24,CLEAR|STRAIGHT,,999.00,0.96,-0.9,-1.7,4430
64.45,-13.006,12.408,-52.5,1.24,CLEAR|STRAIGHT,,999.00,0.96,-0.8,-1.7,4430
64.50,-12.837,12.211,-52.6,1.36,CLEAR|STRAIGHT,,999.00,0.96,-0.7,-1.7,4430
64.55,-12.837,12.211,-52.7,1.36,CLEAR|STRAIGHT,,999.00,0.96,-0.9,-1.7,4430
64.60,-12.765,12.118,-52.8,1.18,CLEAR|STRAIGHT,,999.00,0.96,-0.8,-1.7,4430
64.65,-12.765,12.118,-53.1,1.18,CLEAR|STRAIGHT,,999.00,0.96,-0.6,-1.7,4430
64.70,-12.682,12.024,-53.2,1.25,CLEAR|STRAIGHT,,999.00,0.95,-0.5,-1.7,4430
64.75,-12.682,12.024,-53.4,1.25,CLEAR|STRAIGHT,,999.00,0.95,-0.5,-1.7,4430
64.80,-12.603,11.927,-53.5,1.14,CLEAR|STRAIGHT,,999.00,0.95,-0.4,-1.7,4430
64.85,-12.603,11.927,-53.8,1.14,CLEAR|STRAIGHT,,999.00,0.95,-0.5,-1.7,4430
64.90,-12.529,11.839,-53.9,1.28,CLEAR|STRAIGHT,,999.00,0.95,-0.3,-1.7,4430
64.95,-12.529,11.839,-54.1,1.28,CLEAR|STRAIGHT,,999.00,0.95,-0.3,-1.7,4412
65.00,-12.529,11.839,-54.3,1.28,CLEAR|STRAIGHT,,999.00,0.95,-0.2,-1.7,4430
65.05,-12.458,11.756,-54.5,0.84,CLEAR|STRAIGHT,,999.00,0.95,-0.1,-1.7,4430
65.10,-12.458,11.756,-54.6,0.84,CLEAR|STRAIGHT,,999.00,0.96,0.0,-1.7,4412
65.15,-12.458,11.756,-54.8,0.84,CLEAR|STRAIGHT,,999.00,0.96,0.1,-1.7,4430
65.20,-12.313,11.569,-55.0,1.31,CLEAR|STRAIGHT,,999.00,0.96,0.2,-1.7,4430
65.25,-12.313,11.569,-55.2,1.31,CLEAR|STRAIGHT,,999.00,0.96,0.2,-1.7,4412
65.30,-12.246,11.487,-55.3,1.16,CLEAR|STRAIGHT,,999.00,0.96,0.3,-1.5,4430
65.35,-12.246,11.487,-55.4,1.16,CLEAR|STRAIGHT,,999.00,0.96,0.3,-1.8,4430
65.40,-12.179,11.398,-55.5,1.24,CLEAR|STRAIGHT,,999.00,0.96,0.4,-1.7,4430
65.45,-12.179,11.398,-55.7,1.24,CLEAR|STRAIGHT,,999.00,0.96,0.4,-1.7,4447
65.50,-12.108,11.302,-55.9,1.09,CLEAR|STRAIGHT,,999.00,0.96,0.6,-1.7,4430
65.55,-12.108,11.302,-56.1,1.09,CLEAR|STRAIGHT,,999.00,0.96,0.7,-1.7,4430
65.60,-12.040,11.205,-56.3,1.08,CLEAR|STRAIGHT,,999.00,0.99,0.8,-1.7,4395
65.65,-12.040,11.205,-56.5,1.08,CLEAR|STRAIGHT,,999.00,0.99,0.9,-1.7,4430
65.70,-11.966,11.127,-56.6,1.17,CLEAR|STRAIGHT,,999.00,0.99,1.1,-1.7,4430
65.75,-11.966,11.127,-56.9,1.17,CLEAR|STRAIGHT,,999.00,0.99,1.0,-1.7,4430
65.80,-11.899,11.049,-57.0,0.93,CLEAR|STRAIGHT,,999.00,0.99,1.1,-1.7,4412
65.85,-11.899,11.049,-57.1,0.93,CLEAR|STRAIGHT,,999.00,0.99,1.1,-1.1,4378
65.90,-11.836,10.949,-57.2,1.31,CLEAR|STRAIGHT,,999.00,0.99,1.3,-0.8,4311
65.95,-11.836,10.949,-57.3,1.31,CLEAR|STRAIGHT,,999.00,0.99,1.0,-0.4,4295
66.00,-11.836,10.949,-57.3,1.31,CLEAR|STRAIGHT,,999.00,1.00,1.1,-0.4,4295
66.05,-11.779,10.870,-57.4,0.76,CLEAR|STRAIGHT,,999.00,1.00,1.1,-0.3,4278
66.10,-11.779,10.870,-57.4,0.76,CLEAR|STRAIGHT,,999.00,1.00,1.5,0.0,4230
66.15,-11.779,10.870,-57.4,0.76,CLEAR|STRAIGHT,,999.00,1.00,1.5,0.0,4246
66.20,-11.659,10.715,-57.4,1.08,CLEAR|STRAIGHT,,999.00,1.00,1.5,0.0,4246
66.25,-11.659,10.715,-57.4,1.08,CLEAR|STRAIGHT,,999.00,1.00,1.3,-0.0,4230
66.30,-11.602,10.620,-57.5,1.23,CLEAR|STRAIGHT,,999.00,1.00,1.3,0.0,4230
66.35,-11.602,10.620,-57.6,1.23,CLEAR|STRAIGHT,,999.00,1.00,1.3,-0.0,4246
66.40,-11.541,10.541,-57.6,1.00,CLEAR|STRAIGHT,,999.00,1.00,1.4,-0.0,4230
66.45,-11.541,10.541,-57.7,1.00,CLEAR|STRAIGHT,,999.00,1.00,1.2,0.0,4214
66.50,-11.485,10.472,-57.7,0.88,CLEAR|STRAIGHT,,999.00,0.98,1.2,0.0,4214
66.55,-11.485,10.472,-57.8,0.88,CLEAR|STRAIGHT,,999.00,0.98,1.3,0.7,4152
66.60,-11.428,10.393,-57.8,0.98,CLEAR|STRAIGHT,,999.00,0.98,1.3,0.7,4137
66.65,-11.428,10.393,-57.8,0.98,CLEAR|STRAIGHT,,999.00,0.98,1.2,0.6,4137
66.70,-11.361,10.301,-57.8,1.13,CLEAR|STRAIGHT,,999.00,0.98,1.3,0.7,4121
66.75,-11.361,10.301,-57.8,1.13,CLEAR|STRAIGHT,,999.00,0.98,1.2,0.7,4106
66.80,-11.303,10.228,-57.8,0.93,CLEAR|STRAIGHT,,999.00,0.98,1.1,0.7,4121
66.85,-11.303,10.228,-57.8,0.93,CLEAR|STRAIGHT,,999.00,0.98,1.2,0.6,4121
66.90,-11.253,10.158,-57.8,0.86,CLEAR|STRAIGHT,,999.00,0.98,1.2,0.7,4121
66.95,-11.253,10.158,-57.8,0.86,CLEAR|STRAIGHT,,999.00,0.98,0.9,0.7,4121
67.00,-11.202,10.082,-57.8,0.83,CLEAR|STRAIGHT,,999.00,0.97,0.9,0.7,4106
67.05,-11.202,10.082,-57.7,0.83,CLEAR|STRAIGHT,,999.00,0.97,0.9,0.7,4106
67.10,-11.202,10.082,-57.7,0.83,CLEAR|STRAIGHT,,999.00,0.97,0.9,0.7,4106
67.15,-11.202,10.082,-57.7,0.83,CLEAR|STRAIGHT,,999.00,0.97,0.9,0.7,4106
67.20,-11.082,9.923,-57.7,1.04,CLEAR|STRAIGHT,,999.00,0.97,0.9,0.7,4106
67.25,-11.082,9.923,-57.7,1.04,CLEAR|STRAIGHT,,999.00,0.97,0.6,0.7,4121
67.30,-11.031,9.852,-57.7,0.80,CLEAR|STRAIGHT,,999.00,0.97,0.6,0.7,4106
67.35,-11.031,9.852,-57.7,0.80,CLEAR|STRAIGHT,,999.00,0.97,0.7,0.7,4121
67.40,-10.977,9.780,-57.7,0.99,CLEAR|STRAIGHT,,999.00,0.97,0.7,0.7,4092
67.45,-10.977,9.780,-57.7,0.99,CLEAR|STRAIGHT,,999.00,0.97,0.5,0.7,4106
67.50,-10.921,9.701,-57.7,0.97,CLEAR|STRAIGHT,,999.00,0.97,0.5,0.7,4106
67.55,-10.921,9.701,-57.7,0.97,CLEAR|STRAIGHT,,999.00,0.97,0.1,0.7,4106
67.60,-10.867,9.623,-57.7,0.95,CLEAR|STRAIGHT,,999.00,0.95,0.2,0.7,4106
67.65,-10.867,9.623,-57.6,0.95,CLEAR|STRAIGHT,,999.00,0.95,0.1,0.6,4121
67.70,-10.815,9.556,-57.6,0.84,CLEAR|STRAIGHT,,999.00,0.95,0.1,0.7,4106
67.75,-10.815,9.556,-57.6,0.84,CLEAR|STRAIGHT,,999.00,0.95,-0.0,0.7,4106
67.80,-10.767,9.485,-57.6,0.86,CLEAR|STRAIGHT,,999.00,0.95,-0.0,0.7,4106
67.85,-10.767,9.485,-57.6,0.86,CLEAR|STRAIGHT,,999.00,0.95,-0.1,0.7,4106
67.90,-10.714,9.417,-57.6,0.85,CLEAR|STRAIGHT,,999.00,0.95,-0.1,0.7,4106
67.95,-10.714,9.417,-57.5,0.85,CLEAR|STRAIGHT,,999.00,0.95,-0.3,0.7,4106
68.00,-10.714,9.417,-57.5,0.85,CLEAR|STRAIGHT,,999.00,0.95,-0.4,0.7,4106
68.05,-10.656,9.341,-57.5,0.68,CLEAR|STRAIGHT,,999.00,0.95,-0.4,0.7,4106
68.10,-10.656,9.341,-57.5,0.68,CLEAR|STRAIGHT,,999.00,0.95,-0.7,0.7,4106
68.15,-10.656,9.341,-57.5,0.68,CLEAR|STRAIGHT,,999.00,0.95,-0.6,0.7,4106
68.20,-10.560,9.199,-57.5,1.06,CLEAR|STRAIGHT,,999.00,0.95,-0.7,0.6,4106
68.25,-10.560,9.199,-57.5,1.06,CLEAR|STRAIGHT,,999.00,0.95,-0.9,0.7,4106
68.30,-10.509,9.125,-57.5,0.92,CLEAR|STRAIGHT,,999.00,0.95,-0.9,0.7,4121
68.35,-10.509,9.125,-57.5,0.92,CLEAR|STRAIGHT,,999.00,0.95,-1.0,0.7,4106
68.40,-10.452,9.047,-57.4,0.97,CLEAR|STRAIGHT,,999.00,0.95,-1.0,0.7,4106
68.45,-10.452,9.047,-57.4,0.97,CLEAR|STRAIGHT,,999.00,0.95,-1.2,0.6,4106
68.50,-10.392,8.974,-57.5,0.92,CLEAR|STRAIGHT,,999.00,0.95,-1.2,0.6,4121
68.55,-10.392,8.974,-57.4,0.92,CLEAR|STRAIGHT,,999.00,0.95,-1.5,0.6,4121
68.60,-10.341,8.898,-57.4,0.91,CLEAR|STRAIGHT,,999.00,0.95,-1.5,0.4,4137
68.65,-10.341,8.898,-57.4,0.91,CLEAR|STRAIGHT,,999.00,0.95,-1.5,0.1,4167
68.70,-10.295,8.838,-57.5,0.75,CLEAR|STRAIGHT,,999.00,0.95,-1.5,0.1,4198
68.75,-10.295,8.838,-57.6,0.75,CLEAR|STRAIGHT,,999.00,0.95,-1.7,0.1,4198
68.80,-10.246,8.765,-57.6,0.88,CLEAR|STRAIGHT,,999.00,0.95,-1.7,0.1,4198
68.85,-10.246,8.765,-57.6,0.88,CLEAR|STRAIGHT,,999.00,0.95,-1.8,-0.2,4230
68.90,-10.191,8.688,-57.6,0.94,CLEAR|STRAIGHT,,999.00,0.95,-1.8,-0.2,4246
68.95,-10.191,8.688,-57.7,0.94,CLEAR|STRAIGHT,,999.00,0.95,-2.0,-0.2,4246
69.00,-10.137,8.619,-57.7,0.88,CLEAR|STRAIGHT,,999.00,0.95,-1.9,-0.2,4246
69.05,-10.137,8.619,-57.7,0.88,CLEAR|STRAIGHT,,999.00,0.95,-2.3,-0.2,4230
69.10,-10.093,8.548,-57.8,0.83,CLEAR|STRAIGHT,,999.00,0.95,-2.2,-0.2,4230
69.15,-10.093,8.548,-57.9,0.83,CLEAR|STRAIGHT,,999.00,0.95,-2.0,-0.2,4246
69.20,-10.038,8.476,-58.0,0.82,CLEAR|STRAIGHT,,999.00,0.97,-1.9,-0.3,4262
69.25,-10.038,8.476,-58.1,0.82,CLEAR|STRAIGHT,,999.00,0.97,-2.2,-0.2,4246
69.30,-9.984,8.406,-58.1,0.98,CLEAR|STRAIGHT,,999.00,0.97,-2.1,-0.3,4246
69.35,-9.984,8.406,-58.2,0.98,CLEAR|STRAIGHT,,999.00,0.97,-2.2,-0.2,4246
69.40,-9.932,8.332,-58.2,0.90,CLEAR|STRAIGHT,,999.00,0.97,-2.1,-0.2,4262
69.45,-9.932,8.332,-58.4,0.90,CLEAR|STRAIGHT,,999.00,0.97,-2.5,-0.3,4246
69.50,-9.877,8.255,-58.4,0.94,CLEAR|STRAIGHT,,999.00,0.97,-2.4,-0.3,4246
69.55,-9.877,8.255,-58.5,0.94,CLEAR|STRAIGHT,,999.00,0.97,-2.6,-0.3,4246
69.60,-9.824,8.185,-58.5,0.88,CLEAR|STRAIGHT,,999.00,0.97,-2.6,-0.3,4262
69.65,-9.824,8.185,-58.5,0.88,CLEAR|STRAIGHT,,999.00,0.97,-3.1,-0.3,4246
69.70,-9.774,8.113,-58.6,0.87,CLEAR|STRAIGHT,,999.00,0.97,-3.0,-0.2,4246
69.75,-9.774,8.113,-58.7,0.87,CLEAR|STRAIGHT,,999.00,0.97,-2.5,-0.3,4246
69.80,-9.720,8.035,-58.7,0.86,CLEAR|STRAIGHT,,999.00,1.02,-2.5,-0.5,4278
69.85,-9.720,8.035,-58.7,0.86,CLEAR|STRAIGHT,,999.00,1.04,-2.8,-0.5,4278
69.90,-9.659,7.951,-58.8,1.29,CLEAR|STRAIGHT,,999.00,1.04,-2.7,-0.5,4262
69.95,-9.659,7.951,-58.8,1.29,CLEAR|STRAIGHT,,999.00,1.04,-2.5,-0.6,4278
70.00,-9.659,7.951,-58.9,1.29,CLEAR|STRAIGHT,,999.00,1.04,-2.5,-0.5,4278
70.05,-9.615,7.871,-59.0,0.65,CLEAR|STRAIGHT,,999.00,1.04,-2.5,-0.5,4278
70.10,-9.615,7.871,-59.0,0.65,CLEAR|STRAIGHT,,999.00,1.04,-3.6,-0.5,4278
70.15,-9.615,7.871,-59.2,0.65,CLEAR|STRAIGHT,,999.00,1.04,-3.5,-0.6,4278
70.20,-9.512,7.731,-59.3,1.01,CLEAR|STRAIGHT,,999.00,1.04,-3.4,-0.5,4295
70.25,-9.512,7.731,-59.4,1.01,CLEAR|STRAIGHT,,999.00,1.04,-2.6,-0.5,4278
70.30,-9.460,7.643,-59.4,1.03,CLEAR|STRAIGHT,,999.00,1.09,-2.5,-0.5,4295
70.35,-9.460,7.643,-59.6,1.03,CLEAR|STRAIGHT,,999.00,1.11,-2.7,-0.5,4278
70.40,-9.405,7.570,-59.7,0.90,CLEAR|STRAIGHT,,999.00,1.11,-2.5,-0.5,4278
70.45,-9.405,7.570,-59.8,0.90,CLEAR|STRAIGHT,,999.00,1.11,-3.1,-0.5,4295
70.50,-9.348,7.489,-59.9,0.98,CLEAR|STRAIGHT,,999.00,1.11,-3.0,-0.5,4278
70.55,-9.348,7.489,-60.0,0.98,CLEAR|STRAIGHT,,999.00,1.11,-3.2,-0.5,4278
70.60,-9.294,7.409,-60.1,0.96,CLEAR|STRAIGHT,,999.00,1.11,-3.1,-0.5,4278
70.65,-9.294,7.409,-60.2,0.96,CLEAR|STRAIGHT,,999.00,1.11,-3.5,-0.5,4278
70.70,-9.237,7.331,-60.2,0.96,CLEAR|STRAIGHT,,999.00,1.11,-3.4,-0.5,4295
70.75,-9.237,7.331,-60.3,0.96,CLEAR|STRAIGHT,,999.00,1.11,-3.9,-0.5,4278
70.80,-9.181,7.243,-60.3,1.17,CLEAR|STRAIGHT,,999.00,1.11,-3.8,-0.5,4295
70.85,-9.181,7.243,-60.4,1.17,CLEAR|STRAIGHT,,999.00,1.11,-2.6,-0.5,4278
70.90,-9.127,7.162,-60.4,0.88,CLEAR|STRAIGHT,,999.00,1.16,-2.6,-0.5,4295
70.95,-9.127,7.162,-60.5,0.88,CLEAR|STRAIGHT,,999.00,1.19,-3.4,-0.5,4278
71.00,-9.127,7.162,-60.6,0.88,CLEAR|STRAIGHT,,999.00,1.19,-3.4,-0.6,4295
71.05,-9.071,7.078,-60.8,0.77,CLEAR|STRAIGHT,,999.00,1.19,-3.3,-0.5,4278
71.10,-9.071,7.078,-60.8,0.77,CLEAR|STRAIGHT,,999.00,1.19,-3.9,-0.5,4278
71.15,-9.071,7.078,-61.0,0.77,CLEAR|STRAIGHT,,999.00,1.19,-3.9,-0.5,4295
71.20,-8.966,6.914,-61.0,1.14,CLEAR|STRAIGHT,,999.00,1.19,-3.8,-0.5,4295
71.25,-8.966,6.914,-61.2,1.14,CLEAR|STRAIGHT,,999.00,1.19,-3.6,-0.5,4278
71.30,-8.903,6.818,-61.3,1.17,CLEAR|STRAIGHT,,999.00,1.19,-3.5,-0.5,4295
71.35,-8.903,6.818,-61.4,1.17,CLEAR|STRAIGHT,,999.00,1.19,-2.6,-0.5,4295
71.40,-8.847,6.731,-61.4,1.01,CLEAR|STRAIGHT,,999.00,1.10,-2.6,-0.5,4295
71.45,-8.847,6.731,-61.6,1.01,CLEAR|STRAIGHT,,999.00,1.10,-3.2,-0.5,4295
71.50,-8.791,6.634,-61.7,1.12,CLEAR|STRAIGHT,,999.00,1.10,-3.1,-0.4,4295
71.55,-8.791,6.634,-61.8,1.12,CLEAR|STRAIGHT,,999.00,1.10,-3.1,-0.5,4295
71.60,-8.727,6.543,-61.9,1.00,CLEAR|STRAIGHT,,999.00,1.10,-3.0,-0.6,4278
71.65,-8.727,6.543,-62.0,1.00,CLEAR|STRAIGHT,,999.00,1.10,-3.9,-0.5,4278
71.70,-8.727,6.543,-62.1,1.00,CLEAR|STRAIGHT,,999.00,1.10,-3.8,-0.5,4295
71.75,-8.669,6.440,-62.3,0.91,CLEAR|STRAIGHT,,999.00,1.10,-3.7,-0.5,4278
71.80,-8.669,6.440,-62.3,0.91,CLEAR|STRAIGHT,,999.00,1.03,-2.8,-0.5,4295
71.85,-8.669,6.440,-62.5,0.91,CLEAR|STRAIGHT,,999.00,1.03,-2.8,-0.5,4295
71.90,-8.545,6.228,-62.6,1.54,CLEAR|STRAIGHT,,999.00,1.03,-2.7,-0.5,4278
71.95,-8.545,6.228,-62.7,1.54,CLEAR|STRAIGHT,,999.00,1.03,-2.1,-0.5,4278
72.00,-8.545,6.228,-62.8,1.54,CLEAR|STRAIGHT,,999.00,1.03,-2.0,-0.5,4295
72.05,-8.475,6.116,-62.9,0.94,CLEAR|STRAIGHT,,999.00,1.03,-1.9,-0.5,4278
72.10,-8.475,6.116,-62.9,0.94,CLEAR|STRAIGHT,,999.00,1.03,-3.7,-0.5,4262
72.15,-8.475,6.116,-63.1,0.94,CLEAR|STRAIGHT,,999.00,1.03,-3.7,-0.5,4295
72.20,-8.342,5.897,-63.1,1.60,CLEAR|STRAIGHT,,999.00,1.03,-3.6,-0.5,4278
72.25,-8.342,5.897,-63.2,1.60,CLEAR|STRAIGHT,,999.00,1.03,-1.7,-0.6,4295
72.30,-8.342,5.897,-63.2,1.60,CLEAR|STRAIGHT,,999.00,0.99,-1.7,-0.5,4278
72.35,-8.281,5.806,-63.3,0.91,CLEAR|STRAIGHT,,999.00,0.99,-1.7,-0.5,4278
72.40,-8.281,5.806,-63.4,0.91,CLEAR|STRAIGHT,,999.00,0.99,-3.4,-0.5,4295
72.45,-8.281,5.806,-63.6,0.91,CLEAR|STRAIGHT,,999.00,0.99,-3.4,-0.5,4295
72.50,-8.170,5.612,-63.6,1.17,CLEAR|STRAIGHT,,999.00,0.99,-3.3,-0.5,4278
72.55,-8.170,5.612,-63.7,1.17,CLEAR|STRAIGHT,,999.00,0.99,-3.3,-0.5,4295
72.60,-8.117,5.524,-63.7,1.28,CLEAR|STRAIGHT,,999.00,0.99,-3.2,-0.5,4278
72.65,-8.117,5.524,-64.0,1.28,CLEAR|STRAIGHT,,999.00,0.99,-2.0,-0.5,4295
72.70,-8.070,5.448,-64.0,0.74,CLEAR|STRAIGHT,,999.00,1.00,-1.9,-0.5,4278
72.75,-8.070,5.448,-64.4,0.74,CLEAR|STRAIGHT,,999.00,1.00,-3.4,-0.5,4295
72.80,-8.017,5.375,-64.4,0.99,CLEAR|STRAIGHT,,999.00,1.00,-3.1,-0.5,4278
72.85,-8.017,5.375,-64.4,0.99,CLEAR|STRAIGHT,,999.00,1.00,-2.9,-0.5,4295
72.90,-7.970,5.285,-64.5,1.01,CLEAR|STRAIGHT,,999.00,1.00,-2.9,-0.4,4295
72.95,-7.970,5.285,-64.6,1.01,CLEAR|STRAIGHT,,999.00,1.00,-3.0,-0.5,4278
73.00,-7.970,5.285,-64.7,1.01,CLEAR|STRAIGHT,,999.00,1.00,-3.0,-0.5,4295
73.05,-7.930,5.205,-64.8,0.74,CLEAR|STRAIGHT,,999.00,1.00,-2.9,-0.6,4295
73.10,-7.930,5.205,-64.7,0.74,CLEAR|STRAIGHT,,999.00,1.00,-4.2,-0.5,4278
73.15,-7.930,5.205,-64.8,0.74,CLEAR|STRAIGHT,,999.00,1.00,-4.3,-0.6,4295
73.20,-7.849,5.043,-64.9,1.01,CLEAR|STRAIGHT,,999.00,1.00,-4.2,-0.6,4295
73.25,-7.849,5.043,-65.0,1.01,CLEAR|STRAIGHT,,999.00,1.00,-1.9,-0.8,4295
73.30,-7.800,4.953,-65.0,0.93,CLEAR|STRAIGHT,,999.00,1.02,-1.9,-1.1,4328
73.35,-7.800,4.953,-65.4,0.93,CLEAR|STRAIGHT,,999.00,1.02,-2.3,-1.1,4361
73.40,-7.754,4.868,-65.5,1.07,CLEAR|STRAIGHT,,999.00,1.02,-2.0,-1.2,4378
73.45,-7.754,4.868,-65.5,1.07,CLEAR|STRAIGHT,,999.00,1.02,-1.9,-1.2,4344
73.50,-7.705,4.781,-65.6,1.11,CLEAR|STRAIGHT,,999.00,1.02,-2.0,-1.1,4361
73.55,-7.705,4.781,-65.9,1.11,CLEAR|STRAIGHT,,999.00,1.02,-2.1,-1.1,4344
73.60,-7.654,4.689,-65.9,0.95,CLEAR|STRAIGHT,,999.00,1.02,-1.9,-1.2,4361
73.65,-7.654,4.689,-66.0,0.95,CLEAR|STRAIGHT,,999.00,1.02,-1.2,-1.2,4378
73.70,-7.611,4.589,-66.1,0.98,CLEAR|STRAIGHT,,999.00,1.07,-1.2,-1.1,4361
73.75,-7.611,4.589,-66.4,0.98,CLEAR|STRAIGHT,,999.00,1.07,-1.1,-1.2,4344
73.80,-7.556,4.489,-66.4,1.26,CLEAR|STRAIGHT,,999.00,1.07,-0.9,-1.1,4361
73.85,-7.556,4.489,-66.6,1.26,CLEAR|STRAIGHT,,999.00,1.07,-0.7,-1.2,4344
73.90,-7.505,4.389,-66.6,1.13,CLEAR|STRAIGHT,,999.00,1.07,-0.6,-1.2,4378
73.95,-7.505,4.389,-66.8,1.13,CLEAR|STRAIGHT,,999.00,1.07,-1.0,-1.2,4361
74.00,-7.505,4.389,-67.0,1.13,CLEAR|STRAIGHT,,999.00,1.07,-0.8,-1.1,4361
74.05,-7.456,4.284,-67.1,0.89,CLEAR|STRAIGHT,,999.00,1.07,-0.8,-1.2,4361
74.10,-7.456,4.284,-67.2,0.89,CLEAR|STRAIGHT,,999.00,1.12,-0.2,-1.2,4361
74.15,-7.456,4.284,-67.4,0.89,CLEAR|STRAIGHT,,999.00,1.17,-0.1,-1.1,4361
74.20,-7.345,4.068,-67.5,1.42,CLEAR|STRAIGHT,,999.00,1.17,0.0,-1.1,4344
74.25,-7.345,4.068,-67.7,1.42,CLEAR|STRAIGHT,,999.00,1.17,0.3,-1.2,4361
74.30,-7.291,3.955,-67.8,1.14,CLEAR|STRAIGHT,,999.00,1.17,0.4,-1.2,4361
74.35,-7.291,3.955,-68.0,1.14,CLEAR|STRAIGHT,,999.00,1.17,0.2,-1.2,4361
74.40,-7.291,3.955,-68.1,1.14,CLEAR|STRAIGHT,,999.00,1.17,0.3,-1.2,4361
74.45,-7.291,3.955,-68.4,1.14,CLEAR|STRAIGHT,,999.00,1.17,0.4,-1.2,4361
74.50,-7.181,3.724,-68.5,1.27,CLEAR|STRAIGHT,,999.00,1.17,0.5,-1.2,4344
74.55,-7.181,3.724,-68.7,1.27,CLEAR|STRAIGHT,,999.00,1.17,1.1,-1.2,4361
74.60,-7.130,3.609,-68.8,1.26,CLEAR|STRAIGHT,,999.00,1.08,1.2,-1.2,4361
74.65,-7.130,3.609,-68.9,1.26,CLEAR|STRAIGHT,,999.00,1.02,1.3,-1.2,4361
74.70,-7.072,3.496,-69.0,1.40,CLEAR|STRAIGHT,,999.00,1.02,1.4,-1.2,4361
74.75,-7.072,3.496,-69.3,1.40,CLEAR|STRAIGHT,,999.00,1.02,1.4,0.2,4262
74.80,-7.018,3.369,-69.2,1.26,CLEAR|STRAIGHT,,999.00,1.02,1.5,0.7,4167
74.85,-7.018,3.369,-69.3,1.26,CLEAR|STRAIGHT,,999.00,1.02,1.7,0.6,4137
74.90,-6.966,3.250,-69.3,1.44,CLEAR|STRAIGHT,,999.00,0.93,1.8,0.6,4137
74.95,-6.966,3.250,-69.3,1.44,CLEAR|STRAIGHT,,999.00,0.88,1.8,0.6,4121
75.00,-6.966,3.250,-69.4,1.44,CLEAR|STRAIGHT,,999.00,0.88,1.8,0.6,4137
75.05,-6.912,3.136,-69.4,0.97,CLEAR|STRAIGHT,,999.00,0.88,1.9,0.6,4137
75.10,-6.912,3.136,-69.3,0.97,CLEAR|STRAIGHT,,999.00,0.88,2.0,0.6,4121
75.15,-6.912,3.136,-69.4,0.97,CLEAR|STRAIGHT,,999.00,0.88,2.0,0.6,4121
75.20,-6.816,2.927,-69.5,1.35,CLEAR|STRAIGHT,,999.00,0.88,2.1,0.6,4121
75.25,-6.816,2.927,-69.4,1.35,CLEAR|STRAIGHT,,999.00,0.88,2.0,0.6,4121
75.30,-6.770,2.815,-69.4,1.33,CLEAR|STRAIGHT,,999.00,0.81,2.0,0.6,4121
75.35,-6.770,2.815,-69.4,1.33,CLEAR|STRAIGHT,,999.00,0.81,2.1,0.7,4106
75.40,-6.718,2.706,-69.3,1.09,CLEAR|STRAIGHT,,999.00,0.81,2.1,1.3,4047
75.45,-6.718,2.706,-69.2,1.09,CLEAR|STRAIGHT,,999.00,0.81,2.3,1.3,4047
75.50,-6.667,2.599,-69.2,1.22,CLEAR|STRAIGHT,,999.00,0.81,2.3,1.4,4018
75.55,-6.667,2.599,-69.1,1.22,CLEAR|STRAIGHT,,999.00,0.81,2.2,1.4,4018
75.60,-6.612,2.483,-69.1,1.15,CLEAR|STRAIGHT,,999.00,0.81,2.2,1.4,4018
75.65,-6.612,2.483,-69.0,1.15,CLEAR|STRAIGHT,,999.00,0.81,2.1,1.4,4004
75.70,-6.557,2.368,-69.0,1.41,CLEAR|STRAIGHT,,999.00,0.82,2.0,1.3,4018
75.75,-6.557,2.368,-68.9,1.41,CLEAR|STRAIGHT,,999.00,0.82,1.9,1.3,4018
75.80,-6.500,2.249,-68.8,1.19,CLEAR|STRAIGHT,,999.00,0.82,1.8,1.4,3990
75.85,-6.500,2.249,-68.9,1.19,CLEAR|STRAIGHT,,999.00,0.82,2.0,1.3,4018
75.90,-6.447,2.131,-68.9,1.44,CLEAR|STRAIGHT,,999.00,0.82,2.1,1.3,4004
75.95,-6.447,2.131,-68.9,1.44,CLEAR|STRAIGHT,,999.00,0.82,2.0,1.5,4004
76.00,-6.447,2.131,-68.9,1.44,CLEAR|STRAIGHT,,999.00,0.82,2.0,1.3,4004
76.05,-6.389,2.013,-68.8,1.01,CLEAR|STRAIGHT,,999.00,0.82,2.0,1.3,4018
76.10,-6.389,2.013,-68.8,1.01,CLEAR|STRAIGHT,,999.00,0.87,1.9,1.3,4004
76.15,-6.389,2.013,-68.8,1.01,CLEAR|STRAIGHT,,999.00,0.87,1.9,1.3,4004
76.20,-6.278,1.775,-68.8,1.54,CLEAR|STRAIGHT,,999.00,0.87,2.0,1.3,4004
76.25,-6.278,1.775,-68.8,1.54,CLEAR|STRAIGHT,,999.00,0.87,1.7,1.3,4018
76.30,-6.214,1.654,-68.8,1.23,CLEAR|STRAIGHT,,999.00,0.87,1.7,1.3,4004
76.35,-6.214,1.654,-68.7,1.23,CLEAR|STRAIGHT,,999.00,0.87,1.9,1.3,3893
76.40,-6.157,1.533,-68.8,1.49,CLEAR|STRAIGHT,,999.00,0.87,1.9,1.3,4018
76.45,-6.157,1.533,-68.7,1.49,CLEAR|STRAIGHT,,999.00,0.87,1.4,1.3,4004
76.50,-6.099,1.405,-68.7,1.40,CLEAR|STRAIGHT,,999.00,0.92,1.4,1.3,4004
76.55,-6.099,1.405,-68.8,1.40,CLEAR|STRAIGHT,,999.00,0.97,1.5,1.4,4004
76.60,-6.042,1.264,-68.9,1.52,CLEAR|STRAIGHT,,999.00,0.98,1.6,1.4,4004
76.65,-6.042,1.264,-68.7,1.52,CLEAR|STRAIGHT,,999.00,0.98,1.7,1.4,3990
76.70,-5.983,1.128,-68.8,1.48,CLEAR|STRAIGHT,,999.00,0.98,1.6,1.5,3990
76.75,-5.983,1.128,-68.6,1.48,CLEAR|STRAIGHT,,999.00,0.98,1.7,1.4,3990
76.80,-5.923,0.994,-68.5,1.46,CLEAR|STRAIGHT,,999.00,0.98,1.6,1.4,4004
76.85,-5.923,0.994,-68.1,1.46,CLEAR|STRAIGHT,,999.00,0.98,1.3,1.5,4004
76.90,-5.861,0.861,-67.9,1.47,CLEAR|STRAIGHT,,999.00,1.03,1.0,1.5,3990
76.95,-5.861,0.861,-67.4,1.47,CLEAR|STRAIGHT,,999.00,1.08,0.9,1.5,3976
77.00,-5.861,0.861,-67.1,1.47,CLEAR|STRAIGHT,,999.00,1.08,0.6,1.5,3976
77.05,-5.798,0.743,-66.4,1.02,CLEAR|STRAIGHT,,999.00,1.08,0.5,1.5,3976
77.10,-5.798,0.743,-66.1,1.02,CLEAR|STRAIGHT,,999.00,1.08,0.0,1.5,3990
77.15,-5.798,0.743,-65.8,1.02,CLEAR|STRAIGHT,,999.00,1.08,-0.2,1.5,3976
77.20,-5.691,0.484,-65.5,1.56,CLEAR|STRAIGHT,,999.00,1.08,-0.4,1.5,3976
77.25,-5.691,0.484,-65.5,1.56,CLEAR|STRAIGHT,,999.00,1.08,-0.7,1.5,3976
77.30,-5.627,0.357,-65.8,1.43,CLEAR|STRAIGHT,,999.00,1.13,-0.7,1.4,3990
77.35,-5.627,0.357,-65.4,1.43,CLEAR|STRAIGHT,,999.00,1.15,-0.7,1.5,3976
77.40,-5.539,0.226,-65.4,1.73,CLEAR|STRAIGHT,,999.00,1.15,-0.9,1.5,3976
77.45,-5.539,0.226,-65.5,1.73,CLEAR|STRAIGHT,,999.00,1.15,-1.2,1.5,3990
77.50,-5.461,0.094,-65.5,1.52,CLEAR|STRAIGHT,,999.00,1.19,-1.2,1.0,4018
77.55,-5.461,0.094,-65.6,1.52,CLEAR|STRAIGHT,,999.00,1.19,-1.5,0.8,4062
77.60,-5.386,-0.039,-65.8,1.52,CLEAR|STRAIGHT,,999.00,1.19,-1.5,0.8,4062
77.65,-5.386,-0.039,-66.1,1.52,CLEAR|STRAIGHT,,999.00,1.19,-1.7,0.8,4077
77.70,-5.297,-0.177,-66.2,1.63,CLEAR|STRAIGHT,,999.00,1.19,-1.5,0.8,4077
77.75,-5.297,-0.177,-66.4,1.63,CLEAR|STRAIGHT,,999.00,1.19,-1.9,0.6,4106
77.80,-5.235,-0.309,-66.5,1.33,CLEAR|STRAIGHT,,999.00,1.19,-1.8,0.5,4137
77.85,-5.235,-0.309,-66.5,1.33,CLEAR|STRAIGHT,,999.00,1.19,-1.9,0.3,4137
77.90,-5.144,-0.436,-66.5,1.53,CLEAR|STRAIGHT,,999.00,1.17,-1.9,0.5,4137
77.95,-5.144,-0.436,-66.9,1.53,CLEAR|STRAIGHT,,999.00,1.17,-2.3,0.5,4137
78.00,-5.144,-0.436,-66.8,1.53,CLEAR|STRAIGHT,,999.00,1.17,-2.1,0.4,4137
78.05,-5.067,-0.587,-66.4,1.40,CLEAR|STRAIGHT,,999.00,1.17,-2.1,0.3,4167
78.10,-5.067,-0.587,-66.5,1.40,CLEAR|STRAIGHT,,999.00,1.17,-3.0,0.0,4198
78.15,-5.067,-0.587,-66.6,1.40,CLEAR|STRAIGHT,,999.00,1.17,-2.9,0.0,4183
78.20,-4.928,-0.870,-66.7,1.75,CLEAR|STRAIGHT,,999.00,1.17,-2.9,0.0,4214
78.25,-4.928,-0.870,-66.6,1.75,CLEAR|STRAIGHT,,999.00,1.17,-2.6,-0.1,4214
78.30,-4.928,-0.870,-66.7,1.75,CLEAR|STRAIGHT,,999.00,1.19,-2.6,-0.5,4262
78.35,-4.928,-0.870,-66.8,1.75,CLEAR|STRAIGHT,,999.00,1.19,-2.6,-0.6,4262
78.40,-4.796,-1.167,-67.0,1.62,CLEAR|STRAIGHT,,999.00,1.19,-2.5,-0.6,4262
78.45,-4.796,-1.167,-67.3,1.62,CLEAR|STRAIGHT,,999.00,1.19,-2.6,-0.6,4278
78.50,-4.728,-1.317,-67.5,1.64,CLEAR|STRAIGHT,,999.00,1.15,-2.5,-0.9,4311
78.55,-4.728,-1.317,-67.8,1.64,CLEAR|STRAIGHT,,999.00,1.15,-2.7,-1.0,4311
78.60,-4.728,-1.317,-67.8,1.64,CLEAR|STRAIGHT,,999.00,1.15,-2.5,-1.0,4328
78.65,-4.728,-1.317,-68.1,1.64,CLEAR|STRAIGHT,,999.00,1.15,-2.5,-1.1,4328
78.70,-4.563,-1.625,-68.3,1.74,CLEAR|STRAIGHT,,999.00,1.15,-2.4,-1.0,4311
78.75,-4.563,-1.625,-68.5,1.74,CLEAR|STRAIGHT,,999.00,1.15,-2.6,-0.9,4311
78.80,-4.496,-1.783,-68.5,1.72,CLEAR|STRAIGHT,,999.00,1.18,-2.5,-0.9,4344
78.85,-4.496,-1.783,-68.7,1.72,CLEAR|STRAIGHT,,999.00,1.18,-2.8,-1.0,4328
78.90,-4.411,-1.950,-68.8,2.08,CLEAR|STRAIGHT,,999.00,1.18,-2.7,-1.3,4344
78.95,-4.411,-1.950,-69.2,2.08,CLEAR|STRAIGHT,,999.00,1.18,-2.8,-1.4,4378
79.00,-4.411,-1.950,-69.3,2.08,CLEAR|STRAIGHT,,999.00,1.18,-2.6,-1.4,4378
79.05,-4.342,-2.117,-69.8,1.38,CLEAR|STRAIGHT,,999.00,1.18,-2.5,-1.3,4378
79.10,-4.342,-2.117,-69.9,1.38,CLEAR|STRAIGHT,,999.00,1.15,-2.8,-1.4,4361
79.15,-4.342,-2.117,-70.3,1.38,CLEAR|STRAIGHT,,999.00,1.15,-2.8,-1.4,4361
79.20,-4.190,-2.435,-70.5,2.06,CLEAR|STRAIGHT,,999.00,1.15,-2.5,-1.4,4378
79.25,-4.190,-2.435,-70.5,2.06,CLEAR|STRAIGHT,,999.00,1.15,-2.7,-1.4,4378
79.30,-4.123,-2.595,-70.9,1.74,CLEAR|STRAIGHT,,999.00,1.15,-2.6,-1.4,4378
79.35,-4.123,-2.595,-71.1,1.74,CLEAR|STRAIGHT,,999.00,1.15,-2.5,-1.4,4395
79.40,-4.058,-2.760,-71.4,1.61,CLEAR|STRAIGHT,,999.00,1.06,-2.4,-1.3,4378
79.45,-4.058,-2.760,-71.7,1.61,CLEAR|STRAIGHT,,999.00,1.04,-2.8,-1.3,4378
79.50,-4.058,-2.760,-71.9,1.61,CLEAR|STRAIGHT,,999.00,1.04,-2.6,-1.4,4378
79.55,-3.984,-2.934,-72.2,1.57,CLEAR|STRAIGHT,,999.00,1.04,-2.5,-1.3,4378
79.60,-3.984,-2.934,-72.3,1.57,CLEAR|STRAIGHT,,999.00,0.95,-2.3,-1.3,4395
79.65,-3.984,-2.934,-72.8,1.57,CLEAR|STRAIGHT,,999.00,0.93,-2.2,-1.4,4378
79.70,-3.853,-3.283,-72.9,2.07,CLEAR|STRAIGHT,,999.00,0.93,-2.0,-1.4,4378
79.75,-3.853,-3.283,-73.2,2.07,CLEAR|STRAIGHT,,999.00,0.93,-2.3,-1.4,4378
79.80,-3.783,-3.455,-73.4,2.31,CLEAR|STRAIGHT,,999.00,0.93,-2.1,-1.3,4378
79.85,-3.783,-3.455,-73.7,2.31,CLEAR|STRAIGHT,,999.00,0.93,-1.9,-1.4,4378
79.90,-3.720,-3.629,-73.9,1.54,CLEAR|STRAIGHT,,999.00,0.85,-1.8,-1.4,4395
79.95,-3.720,-3.629,-74.2,1.54,CLEAR|STRAIGHT,,999.00,0.85,-2.5,-1.4,4378
80.00,-3.720,-3.629,-74.4,1.54,CLEAR|STRAIGHT,,999.00,0.85,-2.3,-1.4,4395
80.05,-3.658,-3.803,-74.8,1.42,CLEAR|STRAIGHT,,999.00,0.85,-2.2,-1.4,4378
80.10,-3.658,-3.803,-75.0,1.42,CLEAR|STRAIGHT,,999.00,0.85,-2.6,-1.4,4395
80.15,-3.658,-3.803,-75.2,1.42,CLEAR|STRAIGHT,,999.00,0.85,-2.5,-1.4,4361
80.20,-3.658,-3.803,-75.4,1.42,CLEAR|STRAIGHT,,999.00,0.85,-2.4,-1.4,4378
80.25,-3.535,-4.160,-75.7,2.09,CLEAR|STRAIGHT,,999.00,0.85,-2.2,-1.4,4378
80.30,-3.535,-4.160,-75.9,2.09,CLEAR|STRAIGHT,,999.00,0.80,-1.9,-1.4,4378
80.35,-3.535,-4.160,-76.3,2.09,CLEAR|STRAIGHT,,999.00,0.80,-1.8,-1.4,4395
80.40,-3.423,-4.513,-76.5,1.95,CLEAR|STRAIGHT,,999.00,0.80,-1.6,-1.3,4378
80.45,-3.423,-4.513,-76.8,1.95,CLEAR|STRAIGHT,,999.00,0.80,-2.0,-1.4,4395
80.50,-3.366,-4.698,-76.9,2.15,CLEAR|STRAIGHT,,999.00,0.77,-1.8,-1.4,4378
80.55,-3.366,-4.698,-77.3,2.15,CLEAR|STRAIGHT,,999.00,0.77,-2.1,-1.4,4378
80.60,-3.311,-4.873,-77.5,1.66,CLEAR|STRAIGHT,,999.00,0.77,-1.9,-1.4,4378
80.65,-3.311,-4.873,-77.7,1.66,CLEAR|STRAIGHT,,999.00,0.77,-2.1,-1.4,4395
80.70,-3.261,-5.052,-77.9,2.06,CLEAR|STRAIGHT,,999.00,0.76,-2.0,-1.4,4378
80.75,-3.261,-5.052,-78.3,2.06,CLEAR|STRAIGHT,,999.00,0.76,-2.1,-1.4,4378
80.80,-3.209,-5.229,-78.4,1.84,CLEAR|STRAIGHT,,999.00,0.76,-1.9,-1.3,4395
80.85,-3.209,-5.229,-78.7,1.84,CLEAR|STRAIGHT,,999.00,0.76,-2.3,-1.4,4395
80.90,-3.209,-5.229,-78.9,1.84,CLEAR|STRAIGHT,,999.00,0.76,-2.1,-1.4,4378
80.95,-3.162,-5.405,-79.2,1.52,CLEAR|STRAIGHT,,999.00,0.76,-2.0,-1.4,4395
81.00,-3.162,-5.405,-79.5,1.52,CLEAR|STRAIGHT,,999.00,0.77,-2.1,-1.4,4395
81.05,-3.162,-5.405,-79.8,1.52,CLEAR|STRAIGHT,,999.00,0.77,-2.0,-1.4,4395
81.10,-3.162,-5.405,-80.0,1.52,CLEAR|STRAIGHT,,999.00,0.77,-1.8,-1.3,4378
81.15,-3.070,-5.774,-80.3,1.81,CLEAR|STRAIGHT,,999.00,0.77,-1.7,-1.3,4395
81.20,-3.070,-5.774,-80.5,1.81,CLEAR|STRAIGHT,,999.00,0.77,-2.2,-1.4,4361
81.25,-3.070,-5.774,-80.9,1.81,CLEAR|STRAIGHT,,999.00,0.77,-2.1,-1.4,4395
81.30,-2.981,-6.138,-81.1,2.19,CLEAR|STRAIGHT,,999.00,0.77,-1.9,-1.4,4378
81.35,-2.981,-6.138,-81.3,2.19,CLEAR|STRAIGHT,,999.00,0.77,-2.5,-1.4,4395
81.40,-2.941,-6.317,-81.5,1.83,CLEAR|STRAIGHT,,999.00,0.79,-2.4,-1.3,4395
81.45,-2.941,-6.317,-81.9,1.83,CLEAR|STRAIGHT,,999.00,0.79,-2.7,-1.4,4395
81.50,-2.901,-6.500,-82.1,1.69,CLEAR|STRAIGHT,,999.00,0.80,-2.5,-1.4,4378
81.55,-2.901,-6.500,-82.3,1.69,CLEAR|STRAIGHT,,999.00,0.80,-2.8,-1.4,4395
81.60,-2.871,-6.680,-82.5,2.03,CLEAR|STRAIGHT,,999.00,0.80,-2.7,-1.3,4378
81.65,-2.871,-6.680,-82.9,2.03,CLEAR|STRAIGHT,,999.00,0.80,-3.0,-1.4,4378
81.70,-2.833,-6.861,-83.1,1.68,CLEAR|STRAIGHT,,999.00,0.80,-2.7,-1.3,4378
81.75,-2.833,-6.861,-83.3,1.68,CLEAR|STRAIGHT,,999.00,0.80,-3.2,-1.5,4378
81.80,-2.833,-6.861,-83.4,1.68,CLEAR|STRAIGHT,,999.00,0.81,-3.0,-1.4,4395
81.85,-2.833,-6.861,-83.7,1.68,CLEAR|STRAIGHT,,999.00,0.81,-3.0,-1.4,4395
81.90,-2.768,-7.227,-83.9,1.85,CLEAR|STRAIGHT,,999.00,0.81,-2.8,-1.4,4378
81.95,-2.768,-7.227,-84.3,1.85,CLEAR|STRAIGHT,,999.00,0.81,-3.7,-1.4,4395
82.00,-2.768,-7.227,-84.5,1.85,CLEAR|STRAIGHT,,999.00,0.81,-3.5,-1.4,4378
82.05,-2.742,-7.412,-84.8,1.43,CLEAR|STRAIGHT,,999.00,0.81,-3.4,-1.4,4395
82.10,-2.742,-7.412,-85.0,1.43,CLEAR|STRAIGHT,,999.00,0.81,-3.8,-1.4,4378
82.15,-2.742,-7.412,-85.4,1.43,CLEAR|STRAIGHT,,999.00,0.81,-3.7,-1.4,4378
82.20,-2.686,-7.775,-85.5,2.29,CLEAR|STRAIGHT,,999.00,0.81,-3.5,-1.4,4378
82.25,-2.686,-7.775,-85.9,2.29,CLEAR|STRAIGHT,,999.00,0.81,-4.4,-2.2,4447
82.30,-2.686,-7.775,-86.1,2.29,CLEAR|STRAIGHT,,999.00,0.81,-4.2,-2.2,4465
82.35,-2.658,-7.962,-86.5,1.57,CLEAR|STRAIGHT,,999.00,0.81,-4.1,-2.2,4465
82.40,-2.658,-7.962,-86.8,1.57,CLEAR|STRAIGHT,,999.00,0.80,-4.7,-2.1,4465
82.45,-2.658,-7.962,-87.2,1.57,CLEAR|STRAIGHT,,999.00,0.80,-4.5,-2.2,4483
82.50,-2.620,-8.338,-87.4,2.22,CLEAR|STRAIGHT,,999.00,0.80,-4.3,-2.2,4483
82.55,-2.620,-8.338,-87.9,2.22,CLEAR|STRAIGHT,,999.00,0.80,-5.3,-2.1,4483
82.60,-2.595,-8.525,-88.1,1.71,CLEAR|STRAIGHT,,999.00,0.78,-5.1,-2.2,4465
82.65,-2.595,-8.525,-88.5,1.71,CLEAR|STRAIGHT,,999.00,0.78,-5.8,-2.1,4483
82.70,-2.581,-8.705,-88.7,1.63,CLEAR|STRAIGHT,,999.00,0.78,-5.6,-2.4,4483
82.75,-2.581,-8.705,-89.1,1.63,CLEAR|STRAIGHT,,999.00,0.78,-6.4,-2.4,4501
82.80,-2.566,-8.897,-89.3,1.92,CLEAR|STRAIGHT,,999.00,0.78,-6.2,-2.6,4519
82.85,-2.566,-8.897,-89.8,1.92,CLEAR|STRAIGHT,,999.00,0.78,-6.5,-2.5,4519
82.90,-2.566,-8.897,-90.1,1.92,CLEAR|STRAIGHT,,999.00,0.73,-6.2,-3.2,4574
82.95,-2.560,-9.087,-90.8,1.73,CLEAR|STRAIGHT,,999.00,0.73,-6.1,-3.4,4593
83.00,-2.560,-9.087,-91.0,1.73,CLEAR|STRAIGHT,,999.00,0.73,-6.6,-3.4,4593
83.05,-2.560,-9.087,-91.6,1.73,CLEAR|STRAIGHT,,999.00,0.73,-6.5,-3.4,4593
83.10,-2.560,-9.087,-91.9,1.73,CLEAR|STRAIGHT,,999.00,0.73,-6.2,-3.4,4611
83.15,-2.544,-9.466,-92.6,1.80,CLEAR|STRAIGHT,,999.00,0.73,-6.0,-3.4,4611
83.20,-2.544,-9.466,-92.8,1.80,CLEAR|STRAIGHT,,999.00,0.66,-7.2,-3.5,4611
83.25,-2.544,-9.466,-93.6,1.80,CLEAR|STRAIGHT,,999.00,0.66,-7.1,-3.7,4630
83.30,-2.541,-9.838,-93.9,2.19,CLEAR|STRAIGHT,,999.00,0.66,-6.8,-3.6,4630
83.35,-2.541,-9.838,-94.5,2.19,CLEAR|STRAIGHT,,999.00,0.66,-7.9,-3.7,4650
83.40,-2.551,-10.028,-94.8,1.90,CLEAR|STRAIGHT,,999.00,0.58,-7.7,-3.7,4630
83.45,-2.551,-10.028,-95.6,1.90,CLEAR|STRAIGHT,,999.00,0.58,-8.5,-3.9,4669
83.50,-2.558,-10.216,-96.0,1.87,CLEAR|STRAIGHT,,999.00,0.58,-8.2,-4.7,4728
83.55,-2.558,-10.216,-96.8,1.87,CLEAR|STRAIGHT,,999.00,0.58,-9.1,-4.9,4728
83.60,-2.569,-10.404,-97.1,1.88,CLEAR|STRAIGHT,,999.00,0.58,-8.7,-5.0,4728
83.65,-2.569,-10.404,-98.0,1.88,CLEAR|STRAIGHT,,999.00,0.58,-9.0,-5.0,4748
83.70,-2.583,-10.592,-98.4,1.88,CLEAR|STRAIGHT,,999.00,0.52,-8.7,-5.6,4768
83.75,-2.583,-10.592,-99.5,1.88,CLEAR|STRAIGHT,,999.00,0.52,-9.5,-6.0,4829
83.80,-2.611,-10.773,-99.9,1.83,CLEAR|STRAIGHT,,999.00,0.52,-9.0,-6.1,4829
83.85,-2.611,-10.773,-100.9,1.83,CLEAR|STRAIGHT,,999.00,0.52,-9.9,-6.0,4829
83.90,-2.611,-10.773,-101.4,1.83,CLEAR|STRAIGHT,,999.00,0.52,-9.4,-6.6,4871
83.95,-2.635,-10.964,-102.6,1.60,CLEAR|STRAIGHT,,999.00,0.52,-9.2,-6.7,4892
84.00,-2.635,-10.964,-103.1,1.60,CLEAR|STRAIGHT,,999.00,0.48,-9.3,-6.7,4892
84.05,-2.635,-10.964,-104.1,1.60,CLEAR|STRAIGHT,,999.00,0.48,-9.0,-6.7,4871
84.10,-2.635,-10.964,-104.6,1.60,CLEAR|STRAIGHT,,999.00,0.48,-8.6,-6.7,4871
84.15,-2.698,-11.323,-105.8,1.73,CLEAR|STRAIGHT,,999.00,0.48,-8.3,-6.7,4892
84.20,-2.698,-11.323,-106.3,1.73,CLEAR|STRAIGHT,,999.00,0.48,-10.0,-6.7,4892
84.25,-2.698,-11.323,-107.3,1.73,CLEAR|STRAIGHT,,999.00,0.48,-9.7,-6.7,4892
84.30,-2.799,-11.679,-107.8,2.31,CLEAR|STRAIGHT,,999.00,0.48,-9.2,-6.8,4871
84.35,-2.799,-11.679,-109.0,2.31,CLEAR|STRAIGHT,,999.00,0.48,-9.8,-7.0,4892
84.40,-2.851,-11.853,-109.5,1.66,CLEAR|STRAIGHT,,999.00,0.47,-9.3,-6.9,4913
84.45,-2.851,-11.853,-110.5,1.66,CLEAR|STRAIGHT,,999.00,0.47,-10.0,-7.1,4913
84.50,-2.907,-12.031,-111.1,1.69,CLEAR|STRAIGHT,,999.00,0.47,-9.6,-7.0,4913
84.55,-2.907,-12.031,-112.1,1.69,CLEAR|STRAIGHT,,999.00,0.47,-10.4,-7.0,4913
84.60,-2.964,-12.203,-112.7,2.00,CLEAR|STRAIGHT,,999.00,0.47,-10.0,-7.1,4892
84.65,-2.964,-12.203,-113.7,2.00,CLEAR|STRAIGHT,,999.00,0.47,-10.4,-7.1,4935
84.70,-3.036,-12.366,-114.2,1.79,CLEAR|STRAIGHT,,999.00,0.47,-10.0,-7.1,4913
84.75,-3.036,-12.366,-115.5,1.79,CLEAR|STRAIGHT,,999.00,0.47,-10.1,-7.1,4913
84.80,-3.112,-12.532,-116.0,1.82,CLEAR|STRAIGHT,,999.00,0.52,-9.6,-7.2,4913
84.85,-3.112,-12.532,-117.4,1.82,CLEAR|STRAIGHT,,999.00,0.52,-10.4,-7.6,4935
84.90,-3.184,-12.695,-117.9,1.62,CLEAR|STRAIGHT,,999.00,0.52,-9.8,-7.7,4957
84.95,-3.184,-12.695,-119.2,1.62,CLEAR|STRAIGHT,,999.00,0.52,-11.0,-7.6,4957
85.00,-3.184,-12.695,-119.8,1.62,CLEAR|STRAIGHT,,999.00,0.52,-10.4,-7.6,4957
85.05,-3.257,-12.863,-121.1,1.51,CLEAR|STRAIGHT,,999.00,0.52,-10.1,-7.7,4957
85.10,-3.257,-12.863,-121.6,1.51,CLEAR|STRAIGHT,,999.00,0.57,-9.9,-8.1,4979
85.15,-3.257,-12.863,-122.9,1.51,CLEAR|STRAIGHT,,999.00,0.59,-9.6,-8.0,4957
85.20,-3.446,-13.166,-123.6,2.10,CLEAR|STRAIGHT,,999.00,0.59,-9.0,-8.0,4979
85.25,-3.446,-13.166,-124.8,2.10,CLEAR|STRAIGHT,,999.00,0.59,-9.8,-8.1,4979
85.30,-3.538,-13.316,-125.5,1.59,CLEAR|STRAIGHT,,999.00,0.59,-9.3,-8.0,4979
85.35,-3.538,-13.316,-126.7,1.59,CLEAR|STRAIGHT,,999.00,0.59,-9.8,-8.1,4957
85.40,-3.538,-13.316,-127.2,1.59,CLEAR|STRAIGHT,,999.00,0.64,-9.2,-8.0,4957
85.45,-3.538,-13.316,-128.6,1.59,CLEAR|STRAIGHT,,999.00,0.69,-9.0,-8.0,4979
85.50,-3.753,-13.601,-129.1,1.79,CLEAR|STRAIGHT,,999.00,0.73,-8.4,-8.1,4957
85.55,-3.753,-13.601,-130.4,1.79,CLEAR|STRAIGHT,,999.00,0.73,-9.8,-8.0,4979
85.60,-3.871,-13.742,-131.0,1.84,CLEAR|STRAIGHT,,999.00,0.73,-9.2,-8.0,4957
85.65,-3.871,-13.742,-132.2,1.84,CLEAR|STRAIGHT,,999.00,0.73,-8.7,-8.0,4979
85.70,-3.989,-13.880,-132.8,2.02,CLEAR|STRAIGHT,,999.00,0.78,-8.2,-8.0,4979
85.75,-3.989,-13.880,-134.1,2.02,CLEAR|STRAIGHT,,999.00,0.83,-8.5,-8.1,4979
85.80,-4.108,-14.005,-134.7,1.57,CLEAR|STRAIGHT,,999.00,0.88,-7.9,-8.0,4957
85.85,-4.108,-14.005,-135.7,1.57,CLEAR|STRAIGHT,,999.00,0.93,-9.5,-8.0,4979
85.90,-4.226,-14.136,-136.3,1.75,CLEAR|STRAIGHT,,999.00,0.96,-9.0,-8.0,4979
85.95,-4.226,-14.136,-137.5,1.75,CLEAR|STRAIGHT,,999.00,0.96,-8.0,-8.0,4979
86.00,-4.226,-14.136,-138.2,1.75,CLEAR|STRAIGHT,,999.00,1.01,-7.5,-8.0,4979
86.05,-4.360,-14.256,-139.3,1.50,CLEAR|STRAIGHT,,999.00,1.06,-7.2,-8.0,4979
86.10,-4.360,-14.256,-139.9,1.50,CLEAR|STRAIGHT,,999.00,1.11,-8.1,-8.0,4979
86.15,-4.360,-14.256,-141.0,1.50,CLEAR|STRAIGHT,,999.00,1.15,-7.7,-8.0,4979
86.20,-4.625,-14.487,-141.8,2.06,CLEAR|STRAIGHT,,999.00,1.15,-7.1,-8.0,4979
86.25,-4.625,-14.487,-143.0,2.06,CLEAR|STRAIGHT,,999.00,1.15,-6.2,-8.0,5001
86.30,-4.757,-14.602,-143.8,1.75,CLEAR|STRAIGHT,,999.00,1.06,-5.7,-8.1,4979
86.35,-4.757,-14.602,-145.1,1.75,CLEAR|STRAIGHT,,999.00,1.04,-6.6,-8.0,4979
86.40,-4.908,-14.711,-145.7,1.85,CLEAR|STRAIGHT,,999.00,1.04,-6.0,-8.0,4979
86.45,-4.908,-14.711,-147.2,1.85,CLEAR|STRAIGHT,,999.00,1.04,-6.2,-8.0,4957
86.50,-5.057,-14.826,-147.7,1.88,CLEAR|STRAIGHT,,999.00,1.04,-5.5,-7.4,4957
86.55,-5.057,-14.826,-149.1,1.88,CLEAR|STRAIGHT,,999.00,1.04,-4.9,-7.3,4935
86.60,-5.211,-14.935,-149.6,1.88,CLEAR|STRAIGHT,,999.00,1.09,-4.3,-7.3,4935
86.65,-5.211,-14.935,-150.3,1.88,CLEAR|STRAIGHT,,999.00,1.11,-4.6,-7.3,4935
86.70,-5.371,-15.032,-151.2,1.88,CLEAR|STRAIGHT,,999.00,1.11,-4.3,-7.0,4913
86.75,-5.371,-15.032,-152.5,1.88,CLEAR|STRAIGHT,,999.00,1.11,-4.4,-6.5,4913
86.80,-5.525,-15.128,-153.1,1.81,CLEAR|STRAIGHT,,999.00,1.11,-3.8,-6.2,4871
86.85,-5.525,-15.128,-154.1,1.81,CLEAR|STRAIGHT,,999.00,1.11,-3.2,-6.2,4892
86.90,-5.694,-15.215,-154.7,1.90,CLEAR|STRAIGHT,,999.00,1.12,-2.7,-6.2,4871
86.95,-5.694,-15.215,-155.7,1.90,CLEAR|STRAIGHT,,999.00,1.12,-2.6,-6.2,4871
87.00,-5.869,-15.309,-156.2,1.97,CLEAR|STRAIGHT,,999.00,1.12,-2.1,-5.5,4829
87.05,-5.869,-15.309,-157.3,1.97,CLEAR|STRAIGHT,,999.00,1.12,-1.5,-5.1,4808
87.10,-6.043,-15.390,-157.7,1.75,CLEAR|STRAIGHT,,999.00,1.03,-1.0,-4.9,4788
87.15,-6.043,-15.390,-158.6,1.75,CLEAR|STRAIGHT,,999.00,1.02,-1.2,-5.0,4788
87.20,-6.219,-15.466,-159.1,2.13,CLEAR|STRAIGHT,,999.00,1.02,-0.8,-4.9,4788
87.25,-6.219,-15.466,-160.1,2.13,CLEAR|STRAIGHT,,999.00,1.02,-0.3,-4.7,4748
87.30,-6.402,-15.544,-160.5,1.98,CLEAR|STRAIGHT,,999.00,1.02,0.2,-3.9,4708
87.35,-6.402,-15.544,-161.3,1.98,CLEAR|STRAIGHT,,999.00,1.02,0.6,-3.6,4669
87.40,-6.591,-15.615,-161.7,2.02,AVOID|RIGHT,-11.2,8.00,1.01,1.0,-3.3,4650
87.45,-6.591,-15.615,-162.5,2.02,AVOID|RIGHT,-11.2,8.00,1.01,-11.2,-2.7,4593
87.50,-6.774,-15.684,-162.8,1.96,AVOID|RIGHT,-10.6,8.00,1.01,-11.2,-2.1,4537
87.55,-6.774,-15.684,-163.2,1.96,AVOID|RIGHT,-10.6,8.00,1.01,-10.6,-1.6,4501
87.60,-6.960,-15.750,-163.4,1.97,AVOID|RIGHT,-9.8,8.00,1.06,-10.6,-2.6,4519
87.65,-6.960,-15.750,-164.0,1.97,AVOID|RIGHT,-9.8,8.00,1.08,-9.8,-4.6,4688
87.70,-7.154,-15.814,-164.4,2.05,AVOID|RIGHT,-9.6,8.00,1.08,-9.8,-6.5,4808
87.75,-7.154,-15.814,-165.7,2.05,AVOID|RIGHT,-9.6,8.00,1.08,-9.6,-7.1,4871
87.80,-7.348,-15.875,-166.3,2.03,AVOID|RIGHT,-7.8,8.00,1.08,-9.6,-7.2,4913
87.85,-7.348,-15.875,-167.6,2.03,AVOID|RIGHT,-7.8,8.00,1.08,-7.8,-7.2,4913
87.90,-7.543,-15.922,-168.3,2.23,AVOID|RIGHT,-3.2,8.00,1.13,-7.8,-7.2,4913
87.95,-7.543,-15.922,-169.6,2.23,AVOID|RIGHT,-3.2,8.00,1.18,-3.2,-7.2,4913
88.00,-7.543,-15.922,-170.2,2.23,AVOID|RIGHT,0.0,8.00,1.19,-3.2,-7.2,4935
88.05,-7.745,-15.965,-171.6,1.47,AVOID|RIGHT,0.0,8.00,1.19,0.0,-7.3,4913
88.10,-7.745,-15.965,-172.2,1.47,AVOID|RIGHT,3.2,8.00,1.19,0.0,-7.0,4913
88.15,-7.745,-15.965,-173.4,1.47,AVOID|RIGHT,3.2,8.00,1.19,3.2,-5.7,4871
88.20,-8.154,-16.034,-174.0,2.43,AVOID|LEFT,6.2,8.00,1.19,3.2,-4.2,4768
88.25,-8.154,-16.034,-174.9,2.43,AVOID|LEFT,6.2,8.00,1.19,6.2,-2.8,4650
88.30,-8.363,-16.054,-175.2,2.10,AVOID|LEFT,9.6,8.00,1.10,6.2,-0.8,4465
88.35,-8.363,-16.054,-175.4,2.10,AVOID|LEFT,9.6,8.00,1.09,9.6,1.0,4246
88.40,-8.574,-16.074,-175.3,2.12,AVOID|LEFT,10.2,8.00,1.08,9.6,2.7,3990
88.45,-8.574,-16.074,-175.0,2.12,AVOID|LEFT,10.2,8.00,1.08,10.2,4.0,3776
88.50,-8.781,-16.108,-174.8,2.09,AVOID|LEFT,11.4,8.00,1.08,10.2,5.5,3561
88.55,-8.781,-16.108,-174.0,2.09,AVOID|LEFT,11.4,8.00,1.08,11.4,6.8,3339
88.60,-8.995,-16.142,-173.3,2.17,AVOID|LEFT,12.2,8.00,1.08,11.4,7.6,3205
88.65,-8.995,-16.142,-172.1,2.17,AVOID|LEFT,12.2,8.00,1.08,12.2,7.9,3134
88.70,-9.208,-16.170,-171.4,2.15,AVOID|LEFT,10.6,8.00,1.13,12.2,8.4,3057
88.75,-9.208,-16.170,-169.7,2.15,AVOID|LEFT,10.6,8.00,1.14,10.6,8.7,3000
88.80,-9.411,-16.231,-168.8,2.33,AVOID|RIGHT,1.2,8.00,1.14,10.6,9.2,2938
88.85,-9.411,-16.231,-167.3,2.33,AVOID|RIGHT,1.2,8.00,1.14,1.2,9.4,2907
88.90,-9.621,-16.284,-166.3,1.97,AVOID|RIGHT,-2.4,8.00,1.19,1.2,9.4,2885
88.95,-9.621,-16.284,-164.8,1.97,AVOID|RIGHT,-2.4,8.00,1.20,-2.4,9.3,2885
89.00,-9.836,-16.350,-164.0,2.04,AVOID|RIGHT,-8.6,8.00,1.20,-2.4,8.5,2930
89.05,-9.836,-16.350,-162.4,2.04,AVOID|RIGHT,-8.6,8.00,1.20,-8.6,6.9,3100
89.10,-10.040,-16.447,-161.9,2.49,AVOID|RIGHT,-12.2,8.00,1.14,-8.6,5.3,3290
89.15,-10.040,-16.447,-161.0,2.49,AVOID|RIGHT,-12.2,8.00,1.14,-12.2,3.6,3494
89.20,-10.240,-16.541,-160.8,2.00,AVOID|RIGHT,-15.4,8.00,1.14,-12.2,1.9,3726
89.25,-10.240,-16.541,-160.3,2.00,AVOID|RIGHT,-15.4,8.00,1.14,-15.4,0.2,4004
89.30,-10.445,-16.635,-160.5,2.49,AVOID|RIGHT,-17.6,8.00,1.14,-15.4,-1.6,4214
89.35,-10.445,-16.635,-161.0,2.49,AVOID|RIGHT,-17.6,8.00,1.14,-17.6,-3.7,4465
89.40,-10.653,-16.711,-161.4,2.21,BLOCKED|STOP,,2.52,1.10,-17.6,-5.6,4650
89.45,-10.653,-16.711,-162.4,2.21,BLOCKED|STOP,,2.52,1.10,8.3,-7.4,4808
89.50,-10.869,-16.802,-163.3,2.33,AVOID|RIGHT,-17.4,8.00,1.01,8.7,-8.9,4935
89.55,-10.869,-16.802,-165.1,2.33,AVOID|RIGHT,-17.4,8.00,0.92,-17.4,-10.1,5001
89.60,-11.080,-16.876,-166.0,2.23,AVOID|RIGHT,-17.8,8.00,0.97,-17.4,-9.5,5001
89.65,-11.080,-16.876,-168.2,2.23,AVOID|RIGHT,-17.8,8.00,1.02,-17.8,-7.5,4957
89.70,-11.303,-16.932,-169.1,2.55,AVOID|RIGHT,-15.4,8.00,1.07,-17.8,-7.9,4957
89.75,-11.303,-16.932,-170.7,2.55,AVOID|RIGHT,-15.4,8.00,1.12,-15.4,-9.5,5001
89.80,-11.530,-16.985,-171.7,1.93,AVOID|RIGHT,-8.8,8.00,1.14,-15.4,-11.6,5068
89.85,-11.530,-16.985,-174.2,1.93,AVOID|RIGHT,-8.8,8.00,1.14,-8.8,-12.6,5091
89.90,-11.530,-16.985,-175.1,1.93,AVOID|RIGHT,-3.0,8.00,1.14,-8.8,-12.6,5091
89.95,-11.530,-16.985,-177.5,1.93,AVOID|RIGHT,-3.0,8.00,1.14,-3.0,-12.6,5068
90.00,-11.530,-16.985,-178.7,1.93,AVOID|STRAIGHT,4.8,8.00,1.14,-3.0,-12.1,5091
90.05,-11.991,-17.053,178.7,2.01,AVOID|STRAIGHT,4.8,8.00,1.14,4.8,-11.0,5068
90.10,-11.991,-17.053,177.5,2.01,AVOID|LEFT,14.2,8.00,1.12,4.8,-9.0,5023
90.15,-11.991,-17.053,175.8,2.01,AVOID|LEFT,14.2,8.00,1.12,14.2,-6.9,4957
90.20,-12.450,-17.046,174.9,2.69,AVOID|LEFT,18.0,8.00,1.12,14.2,-4.7,4850
90.25,-12.450,-17.046,174.0,2.69,AVOID|LEFT,18.0,8.00,1.12,18.0,-2.0,4630
90.30,-12.450,-17.046,173.8,2.69,AVOID|LEFT,16.4,8.00,1.14,18.0,0.5,4378
90.35,-12.450,-17.046,173.8,2.69,AVOID|LEFT,16.4,8.00,1.14,16.4,2.5,4062
90.40,-12.916,-17.012,174.1,2.34,AVOID|LEFT,16.4,8.00,1.14,16.4,4.5,3763
90.45,-12.916,-17.012,174.9,2.34,AVOID|LEFT,16.4,8.00,1.14,16.4,6.1,3505
90.50,-12.916,-17.012,175.5,2.34,CLEAR|STRAIGHT,,999.00,1.19,16.4,7.7,3271
90.55,-12.916,-17.012,176.8,2.34,CLEAR|STRAIGHT,,999.00,1.19,17.5,9.5,3025
90.60,-13.393,-16.979,177.8,2.51,CLEAR|STRAIGHT,,999.00,1.19,17.2,10.8,2848
90.65,-13.393,-16.979,-179.8,2.51,CLEAR|STRAIGHT,,999.00,1.19,18.0,11.8,2705
90.70,-13.625,-16.998,-178.5,2.11,CLEAR|STRAIGHT,,999.00,1.19,18.0,13.0,2575
90.75,-13.625,-16.998,-175.9,2.11,CLEAR|STRAIGHT,,999.00,1.19,18.0,13.7,2489
90.80,-13.625,-16.998,-174.4,2.11,CLEAR|STRAIGHT,,999.00,1.20,17.7,13.7,2489
90.85,-13.848,-17.024,-171.3,1.40,CLEAR|STRAIGHT,,999.00,1.20,17.3,14.1,2440
90.90,-13.848,-17.024,-169.8,1.40,CLEAR|STRAIGHT,,999.00,1.20,18.0,14.5,2369
90.95,-13.848,-17.024,-166.6,1.40,CLEAR|STRAIGHT,,999.00,1.20,18.0,14.4,2364
91.00,-13.848,-17.024,-165.1,1.40,CLEAR|STRAIGHT,,999.00,1.20,18.0,14.4,2364
91.05,-14.297,-17.148,-162.0,2.92,CLEAR|STRAIGHT,,999.00,1.20,18.0,14.9,2320
91.10,-14.297,-17.148,-160.3,2.92,CLEAR|STRAIGHT,,999.00,1.17,15.8,14.9,2320
91.15,-14.297,-17.148,-157.1,2.92,CLEAR|STRAIGHT,,999.00,1.17,13.5,15.0,2301
91.20,-14.722,-17.356,-155.6,2.78,CLEAR|STRAIGHT,,999.00,1.17,11.2,15.0,2291
91.25,-14.722,-17.356,-152.6,2.78,CLEAR|STRAIGHT,,999.00,1.17,10.2,15.0,2291
91.30,-14.928,-17.473,-150.9,2.15,CLEAR|STRAIGHT,,999.00,1.18,9.2,15.0,2282
91.35,-14.928,-17.473,-147.6,2.15,CLEAR|STRAIGHT,,999.00,1.18,11.5,14.0,2329
91.40,-15.110,-17.618,-146.0,2.58,CLEAR|STRAIGHT,,999.00,1.18,11.0,12.9,2420
91.45,-15.110,-17.618,-143.3,2.58,CLEAR|STRAIGHT,,999.00,1.18,8.7,12.9,2420
91.50,-15.274,-17.780,-142.1,2.54,CLEAR|STRAIGHT,,999.00,1.14,6.5,11.6,2545
91.55,-15.274,-17.780,-139.7,2.54,CLEAR|STRAIGHT,,999.00,1.14,6.5,11.6,2545
91.60,-15.435,-17.944,-138.6,2.08,CLEAR|STRAIGHT,,999.00,1.14,5.5,11.0,2557
91.65,-15.435,-17.944,-136.4,2.08,CLEAR|STRAIGHT,,999.00,1.14,5.0,10.0,2692
91.70,-15.603,-18.121,-135.4,2.44,CLEAR|STRAIGHT,,999.00,1.12,4.1,10.0,2692
91.75,-15.603,-18.121,-133.5,2.44,CLEAR|STRAIGHT,,999.00,1.12,1.9,9.2,2764
91.80,-15.737,-18.298,-132.7,2.20,CLEAR|STRAIGHT,,999.00,1.15,0.8,8.4,2863
91.85,-15.737,-18.298,-131.5,2.20,CLEAR|STRAIGHT,,999.00,1.15,1.0,7.6,2961
91.90,-15.885,-18.485,-130.7,2.38,CLEAR|STRAIGHT,,999.00,1.15,0.4,6.9,3041
91.95,-15.885,-18.485,-129.6,2.38,CLEAR|STRAIGHT,,999.00,1.15,-0.3,3.9,3399
92.00,-15.885,-18.485,-129.3,2.38,CLEAR|STRAIGHT,,999.00,1.15,-0.8,3.9,3399
92.05,-16.025,-18.670,-129.0,1.78,CLEAR|STRAIGHT,,999.00,1.15,-0.9,3.2,3538
92.10,-16.025,-18.670,-128.7,1.78,CLEAR|STRAIGHT,,999.00,1.18,-1.3,2.5,3641
92.15,-16.025,-18.670,-127.8,1.78,CLEAR|STRAIGHT,,999.00,1.18,-1.5,2.0,3738
92.20,-16.279,-19.051,-127.6,2.69,CLEAR|STRAIGHT,,999.00,1.18,-1.8,1.6,3827
92.25,-16.279,-19.051,-127.7,2.69,CLEAR|STRAIGHT,,999.00,1.18,-4.1,1.3,3893
92.30,-16.415,-19.237,-127.7,2.10,CLEAR|STRAIGHT,,999.00,1.09,-4.3,1.3,3920
92.35,-16.415,-19.237,-127.4,2.10,CLEAR|STRAIGHT,,999.00,1.07,-4.6,1.3,3934
92.40,-16.535,-19.434,-127.5,2.55,CLEAR|STRAIGHT,,999.00,1.07,-4.8,0.4,4033
92.45,-16.535,-19.434,-127.8,2.55,CLEAR|STRAIGHT,,999.00,1.07,-5.6,-0.5,4152
92.50,-16.669,-19.617,-128.0,2.06,CLEAR|STRAIGHT,,999.00,1.07,-5.5,-1.1,4246
92.55,-16.669,-19.617,-128.5,2.06,CLEAR|STRAIGHT,,999.00,1.07,-6.2,-1.4,4295
92.60,-16.799,-19.793,-128.7,2.43,CLEAR|STRAIGHT,,999.00,1.04,-6.0,-1.8,4344
92.65,-16.799,-19.793,-129.2,2.43,CLEAR|STRAIGHT,,999.00,1.04,-6.6,-2.1,4395
92.70,-16.915,-19.988,-129.5,2.25,CLEAR|STRAIGHT,,999.00,1.04,-6.4,-2.2,4430
92.75,-16.915,-19.988,-130.1,2.25,CLEAR|STRAIGHT,,999.00,1.04,-7.5,-2.3,4447
92.80,-17.068,-20.169,-130.4,2.37,CLEAR|STRAIGHT,,999.00,1.04,-7.2,-2.7,4483
92.85,-17.068,-20.169,-130.9,2.37,CLEAR|STRAIGHT,,999.00,1.04,-7.4,-3.1,4519
92.90,-17.204,-20.351,-131.4,2.26,CLEAR|STRAIGHT,,999.00,1.01,-7.2,-3.5,4555
92.95,-17.204,-20.351,-132.2,2.26,CLEAR|STRAIGHT,,999.00,1.01,-8.2,-3.9,4593
93.00,-17.341,-20.518,-132.6,2.16,CLEAR|STRAIGHT,,999.00,1.01,-7.8,-4.0,4611
93.05,-17.341,-20.518,-133.3,2.16,CLEAR|STRAIGHT,,999.00,1.01,-7.9,-4.0,4630
93.10,-17.495,-20.690,-133.7,2.56,CLEAR|STRAIGHT,,999.00,1.06,-7.6,-4.1,4650
93.15,-17.495,-20.690,-134.6,2.56,CLEAR|STRAIGHT,,999.00,1.09,-7.8,-4.4,4669
93.20,-17.638,-20.875,-135.0,2.11,CLEAR|STRAIGHT,,999.00,1.09,-7.5,-4.6,4688
93.25,-17.638,-20.875,-136.0,2.11,CLEAR|STRAIGHT,,999.00,1.09,-8.1,-4.6,4708
93.30,-17.793,-21.045,-136.5,2.55,CLEAR|STRAIGHT,,999.00,1.14,-7.7,-4.6,4708
93.35,-17.793,-21.045,-137.6,2.55,CLEAR|STRAIGHT,,999.00,1.17,-7.8,-5.0,4728
93.40,-17.945,-21.208,-138.1,2.02,CLEAR|STRAIGHT,,999.00,1.17,-7.3,-4.9,4728
93.45,-17.945,-21.208,-138.9,2.02,CLEAR|STRAIGHT,,999.00,1.17,-9.4,-5.0,4748
93.50,-18.105,-21.365,-139.6,2.24,CLEAR|STRAIGHT,,999.00,1.17,-9.0,-5.0,4728
93.55,-18.105,-21.365,-140.4,2.24,CLEAR|STRAIGHT,,999.00,1.17,-7.9,-5.0,4748
93.60,-18.269,-21.512,-140.9,2.20,CLEAR|STRAIGHT,,999.00,1.08,-7.5,-5.3,4748
93.65,-18.269,-21.512,-142.0,2.20,CLEAR|STRAIGHT,,999.00,1.08,-8.5,-5.6,4788
93.70,-18.441,-21.665,-142.6,2.30,CLEAR|STRAIGHT,,999.00,1.08,-8.0,-5.7,4788
93.75,-18.441,-21.665,-143.8,2.30,CLEAR|STRAIGHT,,999.00,1.08,-7.1,-5.7,4808
93.80,-18.620,-21.807,-144.3,2.29,CLEAR|STRAIGHT,,999.00,1.05,-6.6,-5.7,4788
93.85,-18.620,-21.807,-145.4,2.29,CLEAR|STRAIGHT,,999.00,1.05,-7.4,-5.7,4788
93.90,-18.808,-21.925,-146.0,2.22,CLEAR|STRAIGHT,,999.00,1.05,-6.9,-5.6,4829
93.95,-18.808,-21.925,-147.3,2.22,CLEAR|STRAIGHT,,999.00,1.05,-6.2,-5.7,4808
94.00,-18.808,-21.925,-147.8,2.22,CLEAR|STRAIGHT,,999.00,1.10,-5.7,-5.7,4808
94.05,-18.977,-22.050,-148.9,1.61,CLEAR|STRAIGHT,,999.00,1.11,-5.4,-5.7,4808
94.10,-18.977,-22.050,-149.7,1.61,CLEAR|STRAIGHT,,999.00,1.11,-7.3,-5.7,4829
94.15,-18.977,-22.050,-150.8,1.61,CLEAR|STRAIGHT,,999.00,1.11,-6.9,-5.7,4808
94.20,-19.353,-22.308,-151.3,2.84,CLEAR|STRAIGHT,,999.00,1.11,-6.3,-5.6,4808
94.25,-19.353,-22.308,-152.4,2.84,CLEAR|STRAIGHT,,999.00,1.11,-4.1,-5.7,4808
94.30,-19.558,-22.420,-153.0,1.95,CLEAR|STRAIGHT,,999.00,1.16,-3.6,-5.6,4829
94.35,-19.558,-22.420,-154.3,1.95,CLEAR|STRAIGHT,,999.00,1.17,-5.7,-5.7,4808
94.40,-19.754,-22.524,-154.9,2.46,CLEAR|STRAIGHT,,999.00,1.17,-5.0,-5.7,4808
94.45,-19.754,-22.524,-156.0,2.46,CLEAR|STRAIGHT,,999.00,1.17,-3.1,-5.6,4788
94.50,-19.960,-22.618,-156.6,2.26,CLEAR|STRAIGHT,,999.00,1.12,-2.6,-5.7,4808
94.55,-19.960,-22.618,-157.8,2.26,CLEAR|STRAIGHT,,999.00,1.12,-3.1,-5.8,4829
94.60,-20.159,-22.711,-158.5,2.20,CLEAR|STRAIGHT,,999.00,1.12,-2.5,-5.7,4808
94.65,-20.159,-22.711,-159.5,2.20,CLEAR|STRAIGHT,,999.00,1.12,-1.7,-5.6,4808
94.70,-20.380,-22.808,-160.0,2.41,CLEAR|STRAIGHT,,999.00,1.08,-1.3,-5.0,4768
94.75,-20.380,-22.808,-161.1,2.41,CLEAR|STRAIGHT,,999.00,1.08,-1.1,-4.7,4748
94.80,-20.581,-22.908,-161.5,2.22,CLEAR|STRAIGHT,,999.00,1.08,-0.6,-4.6,4748
94.85,-20.581,-22.908,-162.5,2.22,CLEAR|STRAIGHT,,999.00,1.08,-0.3,-4.5,4728
94.90,-20.789,-22.991,-162.9,2.24,CLEAR|STRAIGHT,,999.00,1.13,0.2,-3.7,4688
94.95,-20.789,-22.991,-163.8,2.24,CLEAR|STRAIGHT,,999.00,1.13,0.3,-3.4,4650
95.00,-20.789,-22.991,-164.1,2.24,CLEAR|STRAIGHT,,999.00,1.13,0.7,-3.1,4611
95.05,-21.011,-23.065,-164.8,1.94,CLEAR|STRAIGHT,,999.00,1.13,0.8,-2.7,4574
95.10,-21.011,-23.065,-165.2,1.94,CLEAR|STRAIGHT,,999.00,1.17,1.4,-2.5,4555
95.15,-21.011,-23.065,-165.8,1.94,CLEAR|STRAIGHT,,999.00,1.17,1.6,-2.1,4519
95.20,-21.453,-23.215,-166.0,2.59,CLEAR|STRAIGHT,,999.00,1.17,1.8,-1.8,4483
95.25,-21.453,-23.215,-166.4,2.59,CLEAR|STRAIGHT,,999.00,1.17,2.5,-1.4,4430
95.30,-21.682,-23.287,-166.6,2.39,CLEAR|STRAIGHT,,999.00,1.09,2.6,-0.9,4378
95.35,-21.682,-23.287,-167.0,2.39,CLEAR|STRAIGHT,,999.00,1.09,3.0,-0.6,4361
95.40,-21.897,-23.372,-167.1,2.54,CLEAR|STRAIGHT,,999.00,1.09,3.1,-0.1,4295
95.45,-21.897,-23.372,-167.3,2.54,CLEAR|STRAIGHT,,999.00,1.09,3.3,0.5,4230
95.50,-22.123,-23.427,-167.3,2.12,CLEAR|STRAIGHT,,999.00,1.09,3.4,0.6,4167
95.55,-22.123,-23.427,-167.3,2.12,CLEAR|STRAIGHT,,999.00,1.09,3.9,1.0,4121
95.60,-22.347,-23.484,-167.3,2.31,CLEAR|STRAIGHT,,999.00,1.08,3.9,1.3,4062
95.65,-22.347,-23.484,-167.1,2.31,CLEAR|STRAIGHT,,999.00,1.08,4.3,1.4,4033
95.70,-22.568,-23.566,-167.2,2.33,CLEAR|STRAIGHT,,999.00,1.08,4.2,1.6,3990
95.75,-22.568,-23.566,-166.9,2.33,CLEAR|STRAIGHT,,999.00,1.08,4.2,1.9,3948
95.80,-22.782,-23.629,-166.9,2.23,CLEAR|STRAIGHT,,999.00,1.13,4.1,2.3,3907
95.85,-22.782,-23.629,-166.8,2.23,CLEAR|STRAIGHT,,999.00,1.14,4.6,2.4,3853
95.90,-23.013,-23.698,-166.6,2.41,CLEAR|STRAIGHT,,999.00,1.14,4.6,3.0,3853
95.95,-23.013,-23.698,-166.2,2.41,CLEAR|STRAIGHT,,999.00,1.14,5.0,2.4,3853
96.00,-23.224,-23.768,-166.0,2.21,CLEAR|STRAIGHT,,999.00,1.08,4.8,2.4,3853
96.05,-23.224,-23.768,-165.7,2.21,CLEAR|STRAIGHT,,999.00,1.08,5.2,2.4,3840
96.10,-23.456,-23.834,-165.6,2.41,CLEAR|STRAIGHT,,999.00,1.08,5.1,2.6,3827
96.15,-23.456,-23.834,-165.2,2.41,CLEAR|STRAIGHT,,999.00,1.08,5.9,3.2,3751
96.20,-23.677,-23.892,-165.0,2.28,CLEAR|STRAIGHT,,999.00,0.99,5.6,3.2,3738
96.25,-23.677,-23.892,-164.6,2.28,CLEAR|STRAIGHT,,999.00,0.99,6.6,3.3,3726
96.30,-23.903,-23.973,-164.2,2.18,CLEAR|STRAIGHT,,999.00,0.99,6.3,3.8,3665
96.35,-23.903,-23.973,-163.6,2.18,CLEAR|STRAIGHT,,999.00,0.99,7.2,3.6,3653
96.40,-24.118,-24.053,-163.3,2.54,CLEAR|STRAIGHT,,999.00,0.90,6.8,3.8,3618
96.45,-24.118,-24.053,-162.7,2.54,CLEAR|STRAIGHT,,999.00,0.82,7.8,3.8,3618
96.50,-24.329,-24.129,-162.4,2.24,CLEAR|STRAIGHT,,999.00,0.82,7.3,4.4,3561
96.55,-24.329,-24.129,-161.5,2.24,CLEAR|STRAIGHT,,999.00,0.82,8.7,4.8,3494
96.60,-24.545,-24.209,-161.2,2.31,CLEAR|STRAIGHT,,999.00,0.82,8.0,5.0,3462
96.65,-24.545,-24.209,-160.4,2.31,CLEAR|STRAIGHT,,999.00,0.82,9.9,5.2,3441
96.70,-24.756,-24.298,-160.0,2.28,CLEAR|STRAIGHT,,999.00,0.73,9.1,5.4,3399
96.75,-24.756,-24.298,-159.1,2.28,CLEAR|STRAIGHT,,999.00,0.64,11.4,5.5,3379
96.80,-24.967,-24.405,-158.6,2.14,CLEAR|STRAIGHT,,999.00,0.61,10.4,6.4,3290
96.85,-24.967,-24.405,-157.5,2.14,CLEAR|STRAIGHT,,999.00,0.61,12.6,6.9,3205
96.90,-24.967,-24.405,-156.8,2.14,CLEAR|STRAIGHT,,999.00,0.52,11.1,7.7,3117
96.95,-24.967,-24.405,-155.3,2.14,CLEAR|STRAIGHT,,999.00,0.49,10.1,8.2,3033
97.00,-24.967,-24.405,-154.5,2.14,CLEAR|STRAIGHT,,999.00,0.49,8.0,9.0,2945
97.05,-25.367,-24.607,-152.7,2.04,CLEAR|STRAIGHT,,999.00,0.49,6.8,9.2,2907
97.10,-25.367,-24.607,-151.8,2.04,CLEAR|STRAIGHT,,999.00,0.54,9.0,9.1,2892
97.15,-25.367,-24.607,-150.3,2.04,CLEAR|STRAIGHT,,999.00,0.59,11.2,9.2,2863
97.20,-25.740,-24.848,-149.5,2.61,CLEAR|STRAIGHT,,999.00,0.64,9.0,9.1,2878
97.25,-25.740,-24.848,-147.8,2.61,AVOID|LEFT,6.8,8.00,0.69,6.8,8.9,2892
97.30,-25.919,-24.981,-147.0,2.02,AVOID|LEFT,6.8,8.00,0.60,6.8,9.0,2885
97.35,-25.919,-24.981,-145.1,2.02,AVOID|STRAIGHT,2.2,8.00,0.51,6.8,9.2,2870
97.40,-26.090,-25.121,-144.2,2.45,AVOID|STRAIGHT,2.2,8.00,0.42,2.2,9.1,2870
97.45,-26.090,-25.121,-142.7,2.45,AVOID|RIGHT,0.0,8.00,0.33,0.0,8.5,2907
97.50,-26.249,-25.266,-141.9,2.14,AVOID|RIGHT,0.0,8.00,0.24,0.0,8.3,2938
97.55,-26.249,-25.266,-140.5,2.14,AVOID|RIGHT,0.0,8.00,0.15,0.0,7.4,3025
97.60,-26.399,-25.409,-139.9,2.07,AVOID|RIGHT,0.0,8.00,0.06,0.0,5.9,3178
97.65,-26.399,-25.409,-139.2,2.07,AVOID|RIGHT,0.0,8.00,0.00,0.0,4.0,3420
97.70,-26.550,-25.564,-139.0,2.15,AVOID|RIGHT,0.0,8.00,0.00,0.0,2.7,3606
97.75,-26.550,-25.564,-138.8,2.15,AVOID|RIGHT,0.0,8.00,0.00,0.0,2.0,3738
97.80,-26.698,-25.720,-138.7,2.38,AVOID|RIGHT,0.0,8.00,0.00,0.0,1.8,3801
97.85,-26.698,-25.720,-138.5,2.38,AVOID|RIGHT,0.0,8.00,0.00,0.0,1.8,3827
97.90,-26.845,-25.863,-138.4,1.87,AVOID|RIGHT,0.0,8.00,0.00,0.0,1.8,3853
97.95,-26.845,-25.863,-138.0,1.87,AVOID|RIGHT,0.0,8.00,0.00,0.0,1.8,3867
98.00,-26.845,-25.863,-137.9,1.87,AVOID|RIGHT,0.0,8.00,0.00,0.0,1.8,3880
98.05,-26.985,-26.001,-137.7,1.51,AVOID|RIGHT,0.0,8.00,0.00,0.0,1.8,3880
98.10,-26.985,-26.001,-137.6,1.51,AVOID|RIGHT,0.0,8.00,0.00,0.0,1.8,3893
98.15,-26.985,-26.001,-137.4,1.51,AVOID|RIGHT,0.0,8.00,0.00,0.0,1.3,3934
98.20,-27.258,-26.283,-137.3,2.31,AVOID|RIGHT,0.0,8.00,0.00,0.0,1.2,3962
98.25,-27.258,-26.283,-137.2,2.31,AVOID|RIGHT,0.0,8.00,0.00,0.0,1.2,3990
98.30,-27.384,-26.423,-137.2,1.87,AVOID|RIGHT,0.0,8.00,0.00,0.0,1.3,3990
98.35,-27.384,-26.423,-137.1,1.87,AVOID|RIGHT,0.0,8.00,0.00,0.0,1.3,3990
98.40,-27.519,-26.545,-137.0,1.82,AVOID|RIGHT,0.0,8.00,0.00,0.0,1.3,3990
98.45,-27.519,-26.545,-136.9,1.82,AVOID|RIGHT,0.0,8.00,0.00,0.0,0.9,4033
98.50,-27.634,-26.662,-136.9,1.63,AVOID|RIGHT,0.0,8.00,0.00,0.0,0.9,4047
98.55,-27.634,-26.662,-136.8,1.63,AVOID|RIGHT,0.0,8.00,0.00,0.0,0.9,4047
98.60,-27.749,-26.784,-136.8,1.67,AVOID|RIGHT,0.0,8.00,0.00,0.0,0.9,4062
98.65,-27.749,-26.784,-136.7,1.67,AVOID|RIGHT,0.0,8.00,0.00,0.0,1.0,4062
98.70,-27.849,-26.902,-136.6,1.72,AVOID|RIGHT,0.0,8.00,0.00,0.0,1.0,4047
98.75,-27.849,-26.902,-136.5,1.72,AVOID|RIGHT,0.0,8.00,0.00,0.0,0.9,4047
98.80,-27.966,-27.014,-136.5,1.47,AVOID|RIGHT,0.0,8.00,0.00,0.0,0.9,4077
98.85,-27.966,-27.014,-136.5,1.47,AVOID|RIGHT,0.0,8.00,0.00,0.0,0.9,4062
98.90,-28.069,-27.120,-136.4,1.47,AVOID|RIGHT,0.0,8.00,0.00,0.0,0.9,4062
98.95,-28.069,-27.120,-136.4,1.47,AVOID|RIGHT,0.0,8.00,0.00,0.0,0.9,4062
99.00,-28.069,-27.120,-136.4,1.47,AVOID|RIGHT,0.0,8.00,0.00,0.0,0.9,4047
99.05,-28.167,-27.225,-136.4,1.11,AVOID|RIGHT,0.0,8.00,0.00,0.0,0.9,4062
99.10,-28.167,-27.225,-136.3,1.11,AVOID|RIGHT,0.0,8.00,0.00,0.0,0.9,4062
99.15,-28.167,-27.225,-136.2,1.11,AVOID|RIGHT,0.0,8.00,0.00,0.0,1.0,4062
99.20,-28.346,-27.428,-136.2,1.50,AVOID|RIGHT,0.0,8.00,0.00,0.0,0.9,4077
99.25,-28.346,-27.428,-136.2,1.50,AVOID|RIGHT,0.0,8.00,0.00,0.0,0.9,4077
99.30,-28.346,-27.428,-136.2,1.50,AVOID|RIGHT,0.0,8.00,0.00,0.0,0.9,4062
99.35,-28.346,-27.428,-136.1,1.50,AVOID|RIGHT,0.0,8.00,0.00,0.0,0.9,4062
99.40,-28.346,-27.428,-136.1,1.50,AVOID|RIGHT,0.0,8.00,0.00,0.0,0.9,4077
99.45,-28.521,-27.609,-136.0,1.14,AVOID|RIGHT,0.0,8.00,0.00,0.0,0.9,4062
99.50,-28.521,-27.609,-136.1,1.14,AVOID|RIGHT,0.0,8.00,0.00,0.0,0.9,4077
99.55,-28.521,-27.609,-135.9,1.14,AVOID|RIGHT,0.0,8.00,0.00,0.0,0.9,4077
99.60,-28.684,-27.777,-135.8,1.38,AVOID|RIGHT,0.0,8.00,0.00,0.0,1.0,4077
99.65,-28.684,-27.777,-135.9,1.38,AVOID|RIGHT,0.0,8.00,0.00,0.0,0.9,4062
99.70,-28.749,-27.848,-135.8,0.96,AVOID|RIGHT,0.0,8.00,0.00,0.0,0.9,4077
99.75,-28.749,-27.848,-135.8,0.96,AVOID|RIGHT,0.0,8.00,0.00,0.0,0.9,4062
99.80,-28.749,-27.848,-135.8,0.96,AVOID|RIGHT,0.0,8.00,0.00,0.0,0.9,4077
99.85,-28.828,-27.936,-135.8,0.90,AVOID|RIGHT,0.0,8.00,0.00,0.0,0.9,4062
99.90,-28.828,-27.936,-135.7,0.90,AVOID|RIGHT,0.0,8.00,0.00,0.0,0.9,4077
99.95,-28.828,-27.936,-135.7,0.90,AVOID|RIGHT,0.0,8.00,0.00,0.0,1.0,4062
100.00,-28.828,-27.936,-135.6,0.90,AVOID|RIGHT,0.0,8.00,0.00,0.0,0.9,4062
100.05,-28.919,-28.089,-135.6,0.69,AVOID|RIGHT,0.0,8.00,0.00,0.0,0.9,4062
100.10,-28.919,-28.089,-135.6,0.69,AVOID|RIGHT,0.0,8.00,0.00,0.0,0.9,4062
100.15,-28.919,-28.089,-135.6,0.69,AVOID|RIGHT,0.0,8.00,0.00,0.0,0.9,4077
100.20,-28.919,-28.089,-135.6,0.69,AVOID|RIGHT,-4.4,8.00,0.00,0.0,0.9,4077
100.25,-29.038,-28.197,-135.5,1.07,AVOID|RIGHT,-4.4,8.00,0.00,-4.4,0.8,4077
100.30,-29.038,-28.197,-135.5,1.07,AVOID|RIGHT,-11.2,8.00,0.00,-4.4,0.9,4062
100.35,-29.038,-28.197,-135.5,1.07,AVOID|RIGHT,-11.2,8.00,0.00,-11.2,0.7,4077
100.40,-29.135,-28.311,-135.5,0.83,AVOID|RIGHT,-15.2,0.00,0.00,-11.2,0.0,4167
100.45,-29.135,-28.311,-135.5,0.83,AVOID|RIGHT,-15.2,0.00,0.00,-15.2,-0.8,4262
100.50,-29.135,-28.311,-135.6,0.83,AVOID|RIGHT,-10.4,0.00,0.00,-15.2,-2.1,4395
100.55,-29.135,-28.311,-135.7,0.83,AVOID|RIGHT,-10.4,0.00,0.00,-10.4,-3.5,4519
100.60,-29.227,-28.421,-135.8,0.71,AVOID|RIGHT,-6.6,0.00,0.00,-10.4,-5.0,4669
100.65,-29.227,-28.421,-136.1,0.71,AVOID|RIGHT,-6.6,0.00,0.00,-6.6,-6.8,4808
100.70,-29.227,-28.421,-136.3,0.71,AVOID|RIGHT,-3.4,0.00,0.00,-6.6,-7.1,4850
100.75,-29.227,-28.421,-136.6,0.71,AVOID|RIGHT,-3.4,0.00,0.00,-3.4,-7.1,4871
100.80,-29.312,-28.498,-136.8,0.60,AVOID|RIGHT,-1.6,0.00,0.00,-3.4,-7.1,4892
100.85,-29.312,-28.498,-137.0,0.60,AVOID|RIGHT,-1.6,0.00,0.00,-1.6,-7.1,4892
100.90,-29.348,-28.521,-137.1,0.38,AVOID|RIGHT,-1.4,8.00,0.00,-1.6,-6.9,4892
100.95,-29.348,-28.521,-137.4,0.38,AVOID|RIGHT,-1.4,8.00,0.00,-1.4,-5.6,4829
101.00,-29.348,-28.521,-137.5,0.38,AVOID|RIGHT,-1.0,8.00,0.00,-1.4,-4.8,4768
101.05,-29.383,-28.563,-137.6,0.50,AVOID|RIGHT,-1.0,8.00,0.00,-1.0,-4.3,4728
101.10,-29.383,-28.563,-137.7,0.50,AVOID|RIGHT,-1.2,8.00,0.00,-1.0,-4.2,4728
101.15,-29.383,-28.563,-137.8,0.50,AVOID|RIGHT,-1.2,8.00,0.00,-1.2,-4.2,4708
101.20,-29.383,-28.563,-137.9,0.50,AVOID|RIGHT,-1.0,8.00,0.00,-1.2,-3.7,4669
101.25,-29.439,-28.616,-138.0,0.37,AVOID|RIGHT,-1.0,8.00,0.00,-1.0,-3.6,4650
101.30,-29.439,-28.616,-138.1,0.37,AVOID|RIGHT,-0.8,8.00,0.00,-1.0,-3.6,4630
101.35,-29.439,-28.616,-138.2,0.37,AVOID|RIGHT,-0.8,8.00,0.00,-0.8,-3.6,4650
101.40,-29.485,-28.651,-138.2,0.36,AVOID|RIGHT,-1.0,8.00,0.00,-0.8,-3.3,4611
101.45,-29.485,-28.651,-138.3,0.36,AVOID|RIGHT,-1.0,8.00,0.00,-1.0,-2.9,4574
101.50,-29.505,-28.663,-138.3,0.21,AVOID|RIGHT,-1.0,8.00,0.00,-1.0,-3.0,4574
101.55,-29.505,-28.663,-138.3,0.21,AVOID|RIGHT,-1.0,8.00,0.00,-1.0,-2.9,4574
101.60,-29.521,-28.675,-138.3,0.20,AVOID|RIGHT,-0.8,8.00,0.00,-0.8,-2.9,4574
101.65,-29.521,-28.675,-138.4,0.20,AVOID|RIGHT,-0.8,8.00,0.00,-0.8,-2.9,4574
101.70,-29.521,-28.675,-138.4,0.20,AVOID|RIGHT,-1.0,8.00,0.00,-1.0,-3.0,4574
101.75,-29.527,-28.686,-138.4,0.08,AVOID|RIGHT,-1.0,8.00,0.00,-1.0,-2.9,4574
101.80,-29.527,-28.686,-138.5,0.08,AVOID|RIGHT,-0.8,8.00,0.00,-0.8,-2.9,4574
101.85,-29.527,-28.686,-138.5,0.08,AVOID|RIGHT,-0.6,8.00,0.00,-0.8,-2.9,4574
101.90,-29.536,-28.697,-138.5,0.09,AVOID|RIGHT,-0.6,8.00,0.00,-0.6,-3.0,4555
101.95,-29.536,-28.697,-138.4,0.09,AVOID|RIGHT,-1.0,8.00,0.00,-0.6,-2.9,4574
102.00,-29.536,-28.697,-138.4,0.09,AVOID|RIGHT,-1.0,8.00,0.00,-1.0,-2.9,4574
102.05,-29.538,-28.698,-138.4,0.02,AVOID|RIGHT,-0.8,8.00,0.00,-1.0,-3.0,4574
102.10,-29.538,-28.698,-138.4,0.02,AVOID|RIGHT,-0.8,8.00,0.00,-0.8,-2.9,4555
102.15,-29.538,-28.698,-138.4,0.02,AVOID|RIGHT,-0.8,8.00,0.00,-0.8,-2.4,4519
102.20,-29.536,-28.693,-138.4,-0.03,AVOID|RIGHT,-0.8,8.00,0.00,-0.8,-2.3,4519
102.25,-29.536,-28.693,-138.4,-0.03,AVOID|RIGHT,-0.8,8.00,0.00,-0.8,-2.4,4519
102.30,-29.532,-28.689,-138.4,-0.07,AVOID|RIGHT,-0.8,8.00,0.00,-0.8,-2.4,4501
102.35,-29.532,-28.689,-138.4,-0.07,AVOID|RIGHT,-0.8,8.00,0.00,-0.8,-2.4,4519
102.40,-29.525,-28.685,-138.4,-0.08,AVOID|RIGHT,-0.8,8.00,0.00,-0.8,-2.3,4519
102.45,-29.525,-28.685,-138.4,-0.08,AVOID|RIGHT,-0.8,8.00,0.00,-0.8,-2.4,4519
102.50,-29.527,-28.685,-138.4,0.01,AVOID|RIGHT,-0.8,8.00,0.00,-0.8,-2.3,4501
102.55,-29.527,-28.685,-138.4,0.01,AVOID|RIGHT,-0.8,8.00,0.00,-0.8,-2.3,4519
102.60,-29.525,-28.685,-138.4,-0.01,AVOID|RIGHT,-0.8,8.00,0.00,-0.8,-1.4,4447
102.65,-29.525,-28.685,-138.4,-0.01,AVOID|RIGHT,-0.8,8.00,0.00,-0.8,-1.5,4412
102.70,-29.524,-28.681,-138.4,-0.03,AVOID|RIGHT,-0.8,8.00,0.00,-0.8,-1.5,4430
102.75,-29.524,-28.681,-138.4,-0.03,AVOID|RIGHT,-0.8,8.00,0.00,-0.8,-1.5,4430
102.80,-29.525,-28.683,-138.4,0.02,AVOID|RIGHT,-0.8,8.00,0.00,-0.8,-1.5,4430
102.85,-29.525,-28.683,-138.4,0.02,AVOID|RIGHT,-0.8,8.00,0.00,-0.8,-1.5,4412
102.90,-29.527,-28.684,-138.4,0.02,AVOID|RIGHT,-0.8,8.00,0.00,-0.8,-1.5,4412
102.95,-29.527,-28.684,-138.4,0.02,AVOID|RIGHT,-0.8,8.00,0.00,-0.8,-1.6,4395
103.00,-29.527,-28.684,-138.4,0.02,AVOID|RIGHT,-0.8,8.00,0.00,-0.8,-1.5,4430
103.05,-29.524,-28.682,-138.4,-0.03,AVOID|RIGHT,-0.8,8.00,0.00,-0.8,-1.5,4395
103.10,-29.524,-28.682,-138.4,-0.03,AVOID|RIGHT,-0.8,8.00,0.00,-0.8,-1.5,4412
103.15,-29.524,-28.682,-138.4,-0.03,AVOID|RIGHT,-0.8,8.00,0.00,-0.8,-1.5,4395
103.20,-29.526,-28.683,-138.4,0.01,AVOID|RIGHT,-0.8,8.00,0.00,-0.8,-1.6,4395
103.25,-29.526,-28.683,-138.4,0.01,AVOID|RIGHT,-0.8,8.00,0.00,-0.8,-1.5,4395
103.30,-29.523,-28.680,-138.4,-0.03,AVOID|RIGHT,-0.8,8.00,0.00,-0.8,-1.5,4412
103.35,-29.523,-28.680,-138.4,-0.03,AVOID|RIGHT,-0.8,8.00,0.00,-0.8,-1.5,4395
103.40,-29.525,-28.684,-138.4,0.05,AVOID|RIGHT,-0.8,8.00,0.00,-0.8,-1.4,4412
103.45,-29.525,-28.684,-138.4,0.05,AVOID|RIGHT,-0.8,8.00,0.00,-0.8,-1.5,4395
103.50,-29.522,-28.682,-138.4,-0.03,AVOID|RIGHT,-0.8,8.00,0.00,-0.8,-1.5,4412
103.55,-29.522,-28.682,-138.4,-0.03,AVOID|RIGHT,-0.8,8.00,0.00,-0.8,-1.5,4395
103.60,-29.523,-28.681,-138.4,-0.00,AVOID|RIGHT,-0.8,8.00,0.00,-0.8,-1.5,4395
103.65,-29.523,-28.681,-138.4,-0.00,AVOID|RIGHT,-0.8,8.00,0.00,-0.8,-1.5,4395
103.70,-29.522,-28.682,-138.4,-0.00,AVOID|RIGHT,-0.8,8.00,0.00,-0.8,-1.5,4412
103.75,-29.522,-28.682,-138.4,-0.00,AVOID|RIGHT,-0.8,8.00,0.00,-0.8,-1.5,4412
103.80,-29.522,-28.685,-138.4,0.02,AVOID|RIGHT,-0.8,8.00,0.00,-0.8,-1.5,4395
103.85,-29.522,-28.685,-138.4,0.02,AVOID|RIGHT,-0.8,8.00,0.00,-0.8,-1.5,4412
103.90,-29.522,-28.681,-138.4,-0.02,AVOID|RIGHT,-0.8,8.00,0.00,-0.8,-1.5,4395
103.95,-29.522,-28.681,-138.4,-0.02,AVOID|RIGHT,-0.8,8.00,0.00,-0.8,-1.4,4395
104.00,-29.522,-28.681,-138.4,-0.02,AVOID|RIGHT,-0.6,8.00,0.00,-0.8,-1.5,4412
104.05,-29.522,-28.684,-138.4,0.01,AVOID|RIGHT,-0.6,8.00,0.00,-0.6,-1.5,4395
104.10,-29.522,-28.684,-138.4,0.01,AVOID|RIGHT,-0.8,8.00,0.00,-0.6,-1.5,4395
104.15,-29.522,-28.684,-138.4,0.01,AVOID|RIGHT,-0.8,8.00,0.00,-0.8,-1.5,4412
104.20,-29.526,-28.688,-138.4,0.03,AVOID|RIGHT,-0.6,8.00,0.00,-0.6,-1.5,4395
104.25,-29.526,-28.688,-138.4,0.03,AVOID|RIGHT,-0.6,8.00,0.00,-0.6,-1.5,4395
104.30,-29.522,-28.683,-138.4,-0.06,AVOID|RIGHT,-0.6,8.00,0.00,-0.6,-1.5,4395
104.35,-29.522,-28.683,-138.4,-0.06,AVOID|RIGHT,-0.6,8.00,0.00,-0.6,-1.5,4395
104.40,-29.522,-28.681,-138.4,-0.01,AVOID|RIGHT,-0.8,8.00,0.00,-0.8,-1.5,4395
104.45,-29.522,-28.681,-138.4,-0.01,AVOID|RIGHT,-0.8,8.00,0.00,-0.8,-1.5,4395
104.50,-29.522,-28.682,-138.4,0.01,AVOID|RIGHT,-0.8,8.00,0.00,-0.8,-1.5,4412
104.55,-29.522,-28.682,-138.4,0.01,AVOID|RIGHT,-0.8,8.00,0.00,-0.8,-1.5,4395
104.60,-29.522,-28.682,-138.4,-0.00,AVOID|RIGHT,-0.8,8.00,0.00,-0.8,-1.5,4395
104.65,-29.522,-28.682,-138.4,-0.00,AVOID|RIGHT,-0.8,8.00,0.00,-0.8,-1.5,4412
104.70,-29.521,-28.682,-138.4,-0.01,AVOID|RIGHT,-0.8,8.00,0.00,-0.8,-1.5,4395
104.75,-29.521,-28.682,-138.4,-0.01,AVOID|RIGHT,-0.8,8.00,0.00,-0.8,-1.5,4395
104.80,-29.521,-28.681,-138.4,0.00,AVOID|RIGHT,-0.8,8.00,0.00,-0.8,-1.5,4412
104.85,-29.521,-28.681,-138.4,0.00,AVOID|RIGHT,-0.8,8.00,0.00,-0.8,-1.5,4412
104.90,-29.519,-28.682,-138.4,-0.01,AVOID|RIGHT,-0.8,8.00,0.00,-0.8,-1.5,4395
104.95,-29.519,-28.682,-138.4,-0.01,AVOID|RIGHT,-0.8,8.00,0.00,-0.8,-1.5,4412
105.00,-29.519,-28.683,-138.4,0.00,AVOID|RIGHT,-0.8,8.00,0.00,-0.8,-1.4,4395
105.05,-29.519,-28.683,-138.4,0.00,AVOID|RIGHT,-0.8,8.00,0.00,-0.8,-1.5,4412
105.10,-29.521,-28.681,-138.4,0.01,AVOID|RIGHT,-0.8,8.00,0.00,-0.8,-1.5,4395
105.15,-29.521,-28.681,-138.4,0.01,AVOID|RIGHT,-0.8,8.00,0.00,-0.8,-1.5,4430
105.20,-29.521,-28.681,-138.4,0.01,AVOID|RIGHT,-0.8,8.00,0.00,-0.8,-1.5,4395
105.25,-29.521,-28.679,-138.4,-0.01,AVOID|RIGHT,-0.8,8.00,0.00,-0.8,-1.5,4412
105.30,-29.521,-28.679,-138.4,-0.01,AVOID|RIGHT,-0.8,8.00,0.00,-0.8,-1.6,4395
105.35,-29.521,-28.679,-138.4,-0.01,AVOID|RIGHT,-0.8,8.00,0.00,-0.8,-1.5,4395
105.40,-29.524,-28.678,-138.4,0.00,AVOID|RIGHT,-0.8,8.00,0.00,-0.8,-1.5,4395
105.45,-29.524,-28.678,-138.4,0.00,AVOID|RIGHT,-0.8,8.00,0.00,-0.8,-1.5,4412
105.50,-29.524,-28.677,-138.4,-0.01,AVOID|RIGHT,-0.8,8.00,0.00,-0.8,-1.5,4395
105.55,-29.524,-28.677,-138.4,-0.01,AVOID|RIGHT,-0.8,8.00,0.00,-0.8,-1.5,4395
105.60,-29.524,-28.678,-138.4,0.01,AVOID|RIGHT,-0.8,8.00,0.00,-0.8,-1.5,4395
105.65,-29.524,-28.678,-138.4,0.01,AVOID|RIGHT,-0.6,8.00,0.00,-0.6,-1.5,4412
105.70,-29.523,-28.677,-138.4,-0.02,AVOID|RIGHT,-0.6,8.00,0.00,-0.6,-1.5,4412
105.75,-29.523,-28.677,-138.4,-0.02,AVOID|RIGHT,-0.8,8.00,0.00,-0.8,-1.5,4412
105.80,-29.523,-28.678,-138.4,0.01,AVOID|RIGHT,-0.8,8.00,0.00,-0.8,-1.5,4395
105.85,-29.523,-28.678,-138.4,0.01,AVOID|RIGHT,-0.8,8.00,0.00,-0.8,-1.5,4395
105.90,-29.525,-28.677,-138.4,0.01,AVOID|RIGHT,-0.8,8.00,0.00,-0.8,-1.5,4395
105.95,-29.525,-28.677,-138.4,0.01,AVOID|RIGHT,-0.8,8.00,0.00,-0.8,-1.6,4395
106.00,-29.525,-28.677,-138.4,0.01,AVOID|RIGHT,-0.8,8.00,0.00,-0.8,-1.5,4395
106.05,-29.523,-28.677,-138.4,-0.01,AVOID|RIGHT,-0.8,8.00,0.00,-0.8,-1.5,4395
106.10,-29.523,-28.677,-138.4,-0.01,AVOID|RIGHT,-0.8,8.00,0.00,-0.8,-1.5,4395
106.15,-29.523,-28.677,-138.4,-0.01,AVOID|RIGHT,-0.8,8.00,0.00,-0.8,-1.5,4412
106.20,-29.522,-28.678,-138.4,0.00,AVOID|RIGHT,-0.8,8.00,0.00,-0.8,-1.5,4395
106.25,-29.522,-28.678,-138.4,0.00,AVOID|RIGHT,-0.8,8.00,0.00,-0.8,-1.5,4412
106.30,-29.525,-28.676,-138.4,0.01,AVOID|RIGHT,-0.6,8.00,0.00,-0.8,-1.5,4395
106.35,-29.525,-28.676,-138.4,0.01,AVOID|RIGHT,-0.6,8.00,0.00,-0.6,-1.5,4395
106.40,-29.526,-28.676,-138.4,0.01,AVOID|RIGHT,-0.8,8.00,0.00,-0.6,-1.5,4395
106.45,-29.526,-28.676,-138.4,0.01,AVOID|RIGHT,-0.8,8.00,0.00,-0.8,-1.5,4412
106.50,-29.525,-28.678,-138.4,0.00,AVOID|RIGHT,-0.6,8.00,0.00,-0.8,-1.5,4395
106.55,-29.525,-28.678,-138.4,0.00,AVOID|RIGHT,-0.6,8.00,0.00,-0.6,-1.5,4412
106.60,-29.524,-28.677,-138.4,-0.01,AVOID|RIGHT,-0.8,8.00,0.00,-0.6,-1.5,4395
106.65,-29.524,-28.677,-138.4,-0.01,AVOID|RIGHT,-0.8,8.00,0.00,-0.8,-1.5,4412
106.70,-29.525,-28.678,-138.4,0.01,AVOID|RIGHT,-0.6,8.00,0.00,-0.8,-1.5,4412
106.75,-29.525,-28.678,-138.4,0.01,AVOID|RIGHT,-0.6,8.00,0.00,-0.6,-1.5,4430
106.80,-29.526,-28.677,-138.4,0.01,AVOID|RIGHT,-0.8,8.00,0.00,-0.8,-1.5,4395
106.85,-29.526,-28.677,-138.4,0.01,AVOID|RIGHT,-0.8,8.00,0.00,-0.8,-1.5,4412
106.90,-29.526,-28.678,-138.4,0.00,AVOID|RIGHT,-0.8,8.00,0.00,-0.8,-1.5,4395
106.95,-29.526,-28.678,-138.4,0.00,AVOID|RIGHT,-0.8,8.00,0.00,-0.8,-1.5,4395
107.00,-29.526,-28.678,-138.4,0.00,AVOID|RIGHT,-0.8,8.00,0.00,-0.8,-1.5,4412
107.05,-29.525,-28.677,-138.4,-0.01,AVOID|RIGHT,-0.8,8.00,0.00,-0.8,-1.6,4395
107.10,-29.525,-28.677,-138.4,-0.01,AVOID|RIGHT,-0.8,8.00,0.00,-0.8,-1.5,4412
107.15,-29.525,-28.677,-138.4,-0.01,AVOID|RIGHT,-0.8,8.00,0.00,-0.8,-1.5,4395
107.20,-29.526,-28.677,-138.4,0.00,AVOID|RIGHT,-0.8,8.00,0.00,-0.8,-1.5,4395
107.25,-29.526,-28.677,-138.4,0.00,AVOID|RIGHT,-0.8,8.00,0.00,-0.8,-1.5,4395
107.30,-29.525,-28.677,-138.4,-0.00,AVOID|RIGHT,-0.8,8.00,0.00,-0.8,-1.5,4412
107.35,-29.525,-28.677,-138.4,-0.00,AVOID|RIGHT,-0.8,8.00,0.00,-0.8,-1.5,4412
107.40,-29.526,-28.675,-138.4,-0.01,AVOID|RIGHT,-0.8,8.00,0.00,-0.8,-1.5,4395
107.45,-29.526,-28.675,-138.4,-0.01,AVOID|RIGHT,-0.8,8.00,0.00,-0.8,-1.5,4395
107.50,-29.524,-28.678,-138.4,0.01,AVOID|RIGHT,-0.8,8.00,0.00,-0.8,-1.5,4395
107.55,-29.524,-28.678,-138.4,0.01,AVOID|RIGHT,-0.6,8.00,0.00,-0.8,-1.6,4412
107.60,-29.525,-28.676,-138.4,-0.00,AVOID|RIGHT,-0.6,8.00,0.00,-0.6,-1.5,4395
107.65,-29.525,-28.676,-138.4,-0.00,AVOID|RIGHT,-0.8,8.00,0.00,-0.6,-1.5,4395
107.70,-29.525,-28.672,-138.4,-0.04,AVOID|RIGHT,-0.8,8.00,0.00,-0.8,-1.5,4412
107.75,-29.525,-28.672,-138.4,-0.04,AVOID|RIGHT,-0.8,8.00,0.00,-0.8,-1.5,4395
107.80,-29.525,-28.672,-138.4,-0.00,AVOID|RIGHT,-0.8,8.00,0.00,-0.8,-1.5,4395
107.85,-29.525,-28.672,-138.4,-0.00,AVOID|RIGHT,-0.8,8.00,0.00,-0.8,-1.4,4430
107.90,-29.526,-28.677,-138.4,0.04,AVOID|RIGHT,-0.8,8.00,0.00,-0.8,-1.5,4412
107.95,-29.526,-28.677,-138.4,0.04,AVOID|RIGHT,-0.8,8.00,0.00,-0.8,-1.5,4412
108.00,-29.526,-28.677,-138.4,0.04,AVOID|RIGHT,-0.8,8.00,0.00,-0.8,-1.5,4412
108.05,-29.526,-28.677,-138.4,0.00,AVOID|RIGHT,-0.8,8.00,0.00,-0.8,-1.6,4395
108.10,-29.526,-28.677,-138.4,0.00,AVOID|RIGHT,-0.8,8.00,0.00,-0.8,-1.5,4395
108.15,-29.526,-28.677,-138.4,0.00,AVOID|RIGHT,-0.8,8.00,0.00,-0.8,-1.5,4412
108.20,-29.526,-28.671,-138.4,-0.03,AVOID|RIGHT,-0.8,8.00,0.00,-0.8,-1.5,4412
108.25,-29.526,-28.671,-138.4,-0.03,AVOID|RIGHT,-0.8,8.00,0.00,-0.8,-1.5,4395
108.30,-29.525,-28.671,-138.4,-0.01,AVOID|RIGHT,-0.8,8.00,0.00,-0.8,-1.5,4412
108.35,-29.525,-28.671,-138.4,-0.01,AVOID|RIGHT,-0.8,8.00,0.00,-0.8,-1.5,4412
108.40,-29.527,-28.673,-138.4,0.03,AVOID|RIGHT,-0.8,8.00,0.00,-0.8,-1.5,4412
108.45,-29.527,-28.673,-138.4,0.03,AVOID|RIGHT,-0.8,8.00,0.00,-0.8,-1.5,4395
108.50,-29.527,-28.671,-138.4,-0.01,AVOID|RIGHT,-0.8,8.00,0.00,-0.8,-1.5,4395
108.55,-29.527,-28.671,-138.4,-0.01,AVOID|RIGHT,-0.8,8.00,0.00,-0.8,-1.5,4395
108.60,-29.525,-28.677,-138.4,0.03,AVOID|RIGHT,-0.6,8.00,0.00,-0.8,-1.5,4430
108.65,-29.525,-28.677,-138.4,0.03,AVOID|RIGHT,-0.6,8.00,0.00,-0.6,-1.5,4412
108.70,-29.526,-28.677,-138.4,0.01,AVOID|RIGHT,-0.6,8.00,0.00,-0.6,-1.5,4395
108.75,-29.526,-28.677,-138.4,0.01,AVOID|RIGHT,-0.6,8.00,0.00,-0.6,-1.5,4395
108.80,-29.526,-28.675,-138.4,-0.02,AVOID|RIGHT,-0.8,8.00,0.00,-0.6,-1.5,4412
108.85,-29.526,-28.675,-138.4,-0.02,AVOID|RIGHT,-0.8,8.00,0.00,-0.8,-1.5,4412
108.90,-29.527,-28.677,-138.4,0.02,AVOID|RIGHT,-0.8,8.00,0.00,-0.8,-1.6,4412
108.95,-29.527,-28.677,-138.4,0.02,AVOID|RIGHT,-0.8,8.00,0.00,-0.8,-1.5,4412
109.00,-29.527,-28.677,-138.4,0.02,AVOID|RIGHT,-0.8,8.00,0.00,-0.8,-1.6,4412
109.05,-29.526,-28.676,-138.4,-0.02,AVOID|RIGHT,-0.8,8.00,0.00,-0.8,-1.6,4395
109.10,-29.526,-28.676,-138.4,-0.02,AVOID|RIGHT,-0.8,8.00,0.00,-0.8,-1.5,4395
109.15,-29.526,-28.676,-138.4,-0.02,AVOID|RIGHT,-0.8,8.00,0.00,-0.8,-1.5,4412
109.20,-29.526,-28.678,-138.4,0.01,AVOID|RIGHT,-0.8,8.00,0.00,-0.8,-1.5,4395
109.25,-29.526,-28.678,-138.4,0.01,AVOID|RIGHT,-0.8,8.00,0.00,-0.8,-1.5,4430
109.30,-29.528,-28.679,-138.4,0.01,AVOID|RIGHT,-0.8,8.00,0.00,-0.8,-1.5,4412
109.35,-29.528,-28.679,-138.4,0.01,AVOID|RIGHT,-0.8,8.00,0.00,-0.8,-1.5,4395
109.40,-29.528,-28.679,-138.4,0.01,AVOID|RIGHT,-0.8,8.00,0.00,-0.8,-1.5,4395
109.45,-29.528,-28.679,-138.4,0.01,AVOID|RIGHT,-0.8,8.00,0.00,-0.8,-1.5,4395
109.50,-29.529,-28.680,-138.4,0.01,AVOID|RIGHT,-0.8,8.00,0.00,-0.8,-1.5,4412
109.55,-29.529,-28.680,-138.4,0.01,AVOID|RIGHT,-0.6,8.00,0.00,-0.8,-1.5,4395
109.60,-29.530,-28.681,-138.4,0.01,AVOID|RIGHT,-0.6,8.00,0.00,-0.6,-1.5,4395
109.65,-29.530,-28.681,-138.4,0.01,AVOID|RIGHT,-0.8,8.00,0.00,-0.6,-1.5,4412
109.70,-29.529,-28.681,-138.4,-0.01,AVOID|RIGHT,-0.8,8.00,0.00,-0.8,-1.5,4395
109.75,-29.529,-28.681,-138.4,-0.01,AVOID|RIGHT,-0.8,8.00,0.00,-0.8,-1.5,4395
109.80,-29.527,-28.676,-138.4,-0.05,AVOID|RIGHT,-0.8,8.00,0.00,-0.8,-1.5,4395
109.85,-29.527,-28.676,-138.4,-0.05,AVOID|RIGHT,-0.6,8.00,0.00,-0.8,-1.5,4395
109.90,-29.529,-28.678,-138.4,0.03,AVOID|RIGHT,-0.6,8.00,0.00,-0.6,-1.6,4395
109.95,-29.529,-28.678,-138.4,0.03,AVOID|RIGHT,-0.8,8.00,0.00,-0.6,-1.6,4412
110.00,-29.529,-28.678,-138.4,0.03,AVOID|RIGHT,-0.8,8.00,0.00,-0.8,-1.5,4395
110.05,-29.530,-28.680,-138.4,0.01,AVOID|RIGHT,-0.8,8.00,0.00,-0.8,-1.5,4395
110.10,-29.530,-28.680,-138.4,0.01,AVOID|RIGHT,-0.8,8.00,0.00,-0.8,-1.5,4412
110.15,-29.530,-28.680,-138.4,0.01,AVOID|RIGHT,-0.8,8.00,0.00,-0.8,-1.5,4395
110.20,-29.529,-28.679,-138.4,-0.01,AVOID|RIGHT,-0.8,8.00,0.00,-0.8,-1.6,4395
110.25,-29.529,-28.679,-138.4,-0.01,AVOID|RIGHT,-0.8,8.00,0.00,-0.8,-1.5,4430
110.30,-29.528,-28.678,-138.4,-0.01,AVOID|RIGHT,-0.8,8.00,0.00,-0.8,-1.5,4395
110.35,-29.528,-28.678,-138.4,-0.01,AVOID|RIGHT,-0.8,8.00,0.00,-0.8,-1.5,4395
110.40,-29.529,-28.680,-138.4,0.01,AVOID|RIGHT,-0.8,8.00,0.00,-0.8,-1.5,4395
110.45,-29.529,-28.680,-138.4,0.01,AVOID|RIGHT,-0.8,8.00,0.00,-0.8,-1.5,4395
110.50,-29.528,-28.679,-138.4,-0.01,AVOID|RIGHT,-0.8,8.00,0.00,-0.8,-1.5,4412
110.55,-29.528,-28.679,-138.4,-0.01,AVOID|RIGHT,-0.8,8.00,0.00,-0.8,-1.5,4430
110.60,-29.528,-28.679,-138.4,-0.00,AVOID|RIGHT,-0.8,8.00,0.00,-0.8,-1.5,4395
110.65,-29.528,-28.679,-138.4,-0.00,AVOID|RIGHT,-0.8,8.00,0.00,-0.8,-1.5,4395
110.70,-29.528,-28.678,-138.4,-0.01,AVOID|RIGHT,-0.8,8.00,0.00,-0.8,-1.5,4395
110.75,-29.528,-28.678,-138.4,-0.01,AVOID|RIGHT,-0.8,8.00,0.00,-0.8,-1.5,4395
110.80,-29.528,-28.680,-138.4,0.01,AVOID|RIGHT,-0.6,8.00,0.00,-0.8,-1.5,4412
110.85,-29.528,-28.680,-138.4,0.01,AVOID|RIGHT,-0.6,8.00,0.00,-0.6,-1.5,4395
110.90,-29.527,-28.679,-138.4,-0.01,AVOID|RIGHT,-0.8,8.00,0.00,-0.6,-1.5,4395
110.95,-29.527,-28.679,-138.4,-0.01,AVOID|RIGHT,-0.8,8.00,0.00,-0.8,-1.5,4412
111.00,-29.527,-28.679,-138.4,-0.01,AVOID|RIGHT,-0.8,8.00,0.00,-0.8,-1.4,4412
111.05,-29.529,-28.679,-138.4,0.01,AVOID|RIGHT,-0.8,8.00,0.00,-0.8,-1.5,4412
111.10,-29.529,-28.679,-138.4,0.01,AVOID|RIGHT,-0.8,8.00,0.00,-0.8,-1.5,4395
111.15,-29.529,-28.679,-138.4,0.01,AVOID|RIGHT,-0.8,8.00,0.00,-0.8,-1.5,4412
111.20,-29.527,-28.677,-138.4,-0.02,AVOID|RIGHT,-0.8,8.00,0.00,-0.8,-1.5,4395
111.25,-29.527,-28.677,-138.4,-0.02,AVOID|RIGHT,-0.8,8.00,0.00,-0.8,-1.5,4395
111.30,-29.528,-28.679,-138.4,0.03,AVOID|RIGHT,-0.8,8.00,0.00,-0.8,-1.4,4395
111.35,-29.528,-28.679,-138.4,0.03,AVOID|RIGHT,-0.8,8.00,0.00,-0.8,-1.5,4412
111.40,-29.527,-28.679,-138.4,-0.01,AVOID|RIGHT,-0.8,8.00,0.00,-0.8,-1.5,4395
111.45,-29.527,-28.679,-138.4,-0.01,AVOID|RIGHT,-0.8,8.00,0.00,-0.8,-1.5,4395
111.50,-29.527,-28.679,-138.4,0.00,AVOID|RIGHT,-0.6,8.00,0.00,-0.8,-1.5,4395
111.55,-29.527,-28.679,-138.4,0.00,AVOID|RIGHT,-0.6,8.00,0.00,-0.6,-1.5,4395
111.60,-29.528,-28.679,-138.4,0.01,AVOID|RIGHT,-0.8,8.00,0.00,-0.6,-1.5,4412
111.65,-29.528,-28.679,-138.4,0.01,AVOID|RIGHT,-0.8,8.00,0.00,-0.8,-1.5,4412
111.70,-29.527,-28.680,-138.4,-0.00,AVOID|RIGHT,-0.6,8.00,0.00,-0.6,-1.5,4412
111.75,-29.527,-28.680,-138.4,-0.00,AVOID|RIGHT,-0.6,8.00,0.00,-0.6,-1.5,4395
111.80,-29.527,-28.679,-138.4,-0.00,AVOID|RIGHT,-0.6,8.00,0.00,-0.6,-1.5,4412
111.85,-29.527,-28.679,-138.4,-0.00,AVOID|RIGHT,-0.6,8.00,0.00,-0.6,-1.5,4412
111.90,-29.528,-28.680,-138.4,0.00,AVOID|RIGHT,-0.8,8.00,0.00,-0.8,-1.4,4395
111.95,-29.528,-28.680,-138.4,0.00,AVOID|RIGHT,-0.8,8.00,0.00,-0.8,-1.5,4395
112.00,-29.528,-28.680,-138.4,0.00,AVOID|RIGHT,-0.8,8.00,0.00,-0.8,-1.5,4412
112.05,-29.527,-28.680,-138.4,-0.00,AVOID|RIGHT,-0.8,8.00,0.00,-0.8,-1.5,4395
112.10,-29.527,-28.680,-138.4,-0.00,AVOID|RIGHT,-0.8,8.00,0.00,-0.8,-1.5,4412
112.15,-29.527,-28.680,-138.4,-0.00,AVOID|RIGHT,-0.8,8.00,0.00,-0.8,-1.5,4395
112.20,-29.526,-28.674,-138.4,-0.03,AVOID|RIGHT,-0.8,8.00,0.00,-0.8,-1.5,4395
112.25,-29.526,-28.674,-138.4,-0.03,AVOID|RIGHT,-0.8,8.00,0.00,-0.8,-1.5,4395
112.30,-29.527,-28.672,-138.4,-0.01,AVOID|RIGHT,-0.8,8.00,0.00,-0.8,-1.4,4395
112.35,-29.527,-28.672,-138.4,-0.01,AVOID|RIGHT,-0.8,8.00,0.00,-0.8,-1.5,4395
112.40,-29.527,-28.673,-138.4,0.01,AVOID|RIGHT,-0.8,8.00,0.00,-0.8,-1.5,4395
112.45,-29.527,-28.673,-138.4,0.01,AVOID|RIGHT,-0.8,8.00,0.00,-0.8,-1.5,4430
112.50,-29.526,-28.673,-138.4,-0.00,AVOID|RIGHT,-0.8,8.00,0.00,-0.8,-1.5,4395
112.55,-29.526,-28.673,-138.4,-0.00,AVOID|RIGHT,-0.8,8.00,0.00,-0.8,-1.5,4412
112.60,-29.526,-28.674,-138.4,-0.00,AVOID|RIGHT,-0.8,8.00,0.00,-0.8,-1.5,4395
112.65,-29.526,-28.674,-138.4,-0.00,AVOID|RIGHT,-0.8,8.00,0.00,-0.8,-1.5,4395
112.70,-29.526,-28.674,-138.4,0.00,AVOID|RIGHT,-0.8,8.00,0.00,-0.8,-1.5,4412
112.75,-29.526,-28.674,-138.4,0.00,AVOID|RIGHT,-0.8,8.00,0.00,-0.8,-1.5,4395
112.80,-29.526,-28.679,-138.4,0.03,AVOID|RIGHT,-0.8,8.00,0.00,-0.8,-1.5,4412
112.85,-29.526,-28.679,-138.4,0.03,AVOID|RIGHT,-0.8,8.00,0.00,-0.8,-1.5,4395
112.90,-29.526,-28.679,-138.4,0.00,AVOID|RIGHT,-0.8,8.00,0.00,-0.8,-1.5,4395
112.95,-29.526,-28.679,-138.4,0.00,AVOID|RIGHT,-0.8,8.00,0.00,-0.8,-1.5,4395
113.00,-29.526,-28.679,-138.4,0.00,AVOID|RIGHT,-0.8,8.00,0.00,-0.8,-1.5,4412
113.05,-29.526,-28.675,-138.4,-0.02,AVOID|RIGHT,-0.8,8.00,0.00,-0.8,-1.5,4395
113.10,-29.526,-28.675,-138.4,-0.02,AVOID|RIGHT,-0.8,8.00,0.00,-0.8,-1.5,4395
113.15,-29.526,-28.675,-138.4,-0.02,AVOID|RIGHT,-0.8,8.00,0.00,-0.8,-1.5,4412
113.20,-29.527,-28.676,-138.4,0.01,AVOID|RIGHT,-0.8,8.00,0.00,-0.8,-1.5,4395
113.25,-29.527,-28.676,-138.4,0.01,AVOID|RIGHT,-0.8,8.00,0.00,-0.8,-1.5,4395
113.30,-29.527,-28.681,-138.4,0.03,AVOID|RIGHT,-0.8,8.00,0.00,-0.8,-1.5,4395
113.35,-29.527,-28.681,-138.4,0.03,AVOID|RIGHT,-0.8,8.00,0.00,-0.8,-1.5,4395
113.40,-29.527,-28.682,-138.4,0.01,AVOID|RIGHT,-0.8,8.00,0.00,-0.8,-1.5,4430
113.45,-29.527,-28.682,-138.4,0.01,AVOID|RIGHT,-0.8,8.00,0.00,-0.8,-1.5,4395
113.50,-29.528,-28.682,-138.4,0.01,AVOID|RIGHT,-0.6,8.00,0.00,-0.8,-1.5,4412
113.55,-29.528,-28.682,-138.4,0.01,AVOID|RIGHT,-0.6,8.00,0.00,-0.6,-1.5,4395
113.60,-29.527,-28.681,-138.4,-0.01,AVOID|RIGHT,-0.8,8.00,0.00,-0.6,-1.5,4395
113.65,-29.527,-28.681,-138.4,-0.01,AVOID|RIGHT,-0.8,8.00,0.00,-0.8,-1.5,4395
113.70,-29.526,-28.681,-138.4,-0.01,AVOID|RIGHT,-0.8,8.00,0.00,-0.8,-1.5,4430
113.75,-29.526,-28.681,-138.4,-0.01,AVOID|RIGHT,-0.8,8.00,0.00,-0.8,-1.5,4395
113.80,-29.527,-28.681,-138.4,0.00,AVOID|RIGHT,-0.8,8.00,0.00,-0.8,-1.5,4395
113.85,-29.527,-28.681,-138.4,0.00,AVOID|RIGHT,-0.8,8.00,0.00,-0.8,-1.5,4395
113.90,-29.527,-28.683,-138.4,0.01,AVOID|RIGHT,-0.8,8.00,0.00,-0.8,-1.5,4395
113.95,-29.527,-28.683,-138.4,0.01,AVOID|RIGHT,-0.8,8.00,0.00,-0.8,-1.6,4395
114.00,-29.527,-28.681,-138.4,-0.02,AVOID|RIGHT,-0.8,8.00,0.00,-0.8,-1.5,4412
114.05,-29.527,-28.681,-138.4,-0.02,AVOID|RIGHT,-0.8,8.00,0.00,-0.8,-1.5,4412
114.10,-29.526,-28.681,-138.4,0.00,AVOID|RIGHT,-0.8,8.00,0.00,-0.8,-1.5,4395
114.15,-29.526,-28.681,-138.4,0.00,AVOID|RIGHT,-0.8,8.00,0.00,-0.8,-1.5,4395
114.20,-29.526,-28.681,-138.4,0.00,AVOID|RIGHT,-0.8,8.00,0.00,-0.8,-1.5,4395
114.25,-29.525,-28.678,-138.4,-0.02,AVOID|RIGHT,-0.8,8.00,0.00,-0.8,-1.5,4395
114.30,-29.525,-28.678,-138.4,-0.02,AVOID|RIGHT,-0.8,8.00,0.00,-0.8,-1.5,4412
114.35,-29.525,-28.678,-138.4,-0.02,AVOID|RIGHT,-0.8,8.00,0.00,-0.8,-1.6,4395
114.40,-29.527,-28.677,-138.4,0.00,AVOID|RIGHT,-0.8,8.00,0.00,-0.8,-1.5,4395
114.45,-29.527,-28.677,-138.4,0.00,AVOID|RIGHT,-0.8,8.00,0.00,-0.8,-1.5,4412
114.50,-29.526,-28.677,-138.4,-0.01,AVOID|RIGHT,-0.8,8.00,0.00,-0.8,-1.5,4412
114.55,-29.526,-28.677,-138.4,-0.01,AVOID|RIGHT,-0.8,8.00,0.00,-0.8,-1.4,4395
114.60,-29.524,-28.677,-138.4,-0.01,AVOID|RIGHT,-0.8,8.00,0.00,-0.8,-1.5,4395
114.65,-29.524,-28.677,-138.4,-0.01,AVOID|RIGHT,-0.8,8.00,0.00,-0.8,-1.5,4395
114.70,-29.523,-28.677,-138.4,-0.01,AVOID|RIGHT,-0.8,8.00,0.00,-0.8,-1.5,4395
114.75,-29.523,-28.677,-138.4,-0.01,AVOID|RIGHT,-0.8,8.00,0.00,-0.8,-1.5,4395
114.80,-29.524,-28.677,-138.4,0.01,AVOID|RIGHT,-0.8,8.00,0.00,-0.8,-1.5,4395
114.85,-29.524,-28.677,-138.4,0.01,AVOID|RIGHT,-0.8,8.00,0.00,-0.8,-1.5,4395
114.90,-29.525,-28.681,-138.4,0.03,AVOID|RIGHT,-0.8,8.00,0.00,-0.8,-1.5,4395
114.95,-29.525,-28.681,-138.4,0.03,AVOID|RIGHT,-0.8,8.00,0.00,-0.8,-1.6,4395
115.00,-29.525,-28.681,-138.4,0.03,AVOID|RIGHT,-0.8,8.00,0.00,-0.8,-1.6,4412
115.05,-29.525,-28.682,-138.4,0.01,AVOID|RIGHT,-0.6,8.00,0.00,-0.8,-1.6,4395
115.10,-29.525,-28.682,-138.4,0.01,AVOID|RIGHT,-0.6,8.00,0.00,-0.6,-1.5,4412
115.15,-29.525,-28.682,-138.4,0.01,AVOID|RIGHT,-0.6,8.00,0.00,-0.6,-1.5,4412
115.20,-29.526,-28.682,-138.4,0.00,AVOID|RIGHT,-0.6,8.00,0.00,-0.6,-1.5,4395
115.25,-29.526,-28.682,-138.4,0.00,AVOID|RIGHT,-0.8,8.00,0.00,-0.6,-1.5,4412
115.30,-29.525,-28.682,-138.4,-0.00,AVOID|RIGHT,-0.8,8.00,0.00,-0.8,-1.5,4395
115.35,-29.525,-28.682,-138.4,-0.00,AVOID|RIGHT,-0.8,8.00,0.00,-0.8,-1.5,4395
115.40,-29.525,-28.682,-138.4,0.00,AVOID|RIGHT,-0.8,8.00,0.00,-0.8,-1.5,4395
115.45,-29.525,-28.682,-138.4,0.00,AVOID|RIGHT,-0.8,8.00,0.00,-0.8,-1.4,4395
115.50,-29.526,-28.680,-138.4,-0.01,AVOID|RIGHT,-0.8,8.00,0.00,-0.8,-1.5,4395
115.55,-29.526,-28.680,-138.4,-0.01,AVOID|RIGHT,-0.8,8.00,0.00,-0.8,-1.5,4395
115.60,-29.525,-28.682,-138.4,0.00,AVOID|RIGHT,-0.8,8.00,0.00,-0.8,-1.5,4412
115.65,-29.525,-28.682,-138.4,0.00,AVOID|RIGHT,-0.8,8.00,0.00,-0.8,-1.5,4430
115.70,-29.526,-28.681,-138.4,-0.00,AVOID|RIGHT,-0.8,8.00,0.00,-0.8,-1.5,4412
115.75,-29.526,-28.681,-138.4,-0.00,AVOID|RIGHT,-0.8,8.00,0.00,-0.8,-1.5,4412
115.80,-29.524,-28.676,-138.4,-0.05,AVOID|RIGHT,-0.8,8.00,0.00,-0.8,-1.6,4395
115.85,-29.524,-28.676,-138.4,-0.05,AVOID|RIGHT,-0.8,8.00,0.00,-0.8,-1.5,4395
115.90,-29.525,-28.680,-138.4,0.03,AVOID|RIGHT,-0.8,8.00,0.00,-0.8,-1.5,4430
115.95,-29.525,-28.680,-138.4,0.03,AVOID|RIGHT,-0.8,8.00,0.00,-0.8,-1.5,4395
116.00,-29.525,-28.680,-138.4,0.03,AVOID|RIGHT,-0.6,8.00,0.00,-0.8,-1.5,4412
116.05,-29.524,-28.680,-138.4,-0.01,AVOID|RIGHT,-0.6,8.00,0.00,-0.6,-1.5,4395
116.10,-29.524,-28.680,-138.4,-0.01,AVOID|RIGHT,-0.8,8.00,0.00,-0.6,-1.5,4395
116.15,-29.524,-28.680,-138.4,-0.01,AVOID|RIGHT,-0.8,8.00,0.00,-0.8,-1.5,4412
116.20,-29.526,-28.680,-138.4,0.01,AVOID|RIGHT,-0.8,8.00,0.00,-0.8,-1.5,4395
116.25,-29.526,-28.680,-138.4,0.01,AVOID|RIGHT,-0.8,8.00,0.00,-0.8,-1.5,4395
116.30,-29.525,-28.679,-138.4,-0.01,AVOID|RIGHT,-0.8,8.00,0.00,-0.8,-1.4,4395
116.35,-29.525,-28.679,-138.4,-0.01,AVOID|RIGHT,-0.8,8.00,0.00,-0.8,-1.5,4412
116.40,-29.526,-28.679,-138.4,0.00,AVOID|RIGHT,-0.8,8.00,0.00,-0.8,-1.5,4395
116.45,-29.526,-28.679,-138.4,0.00,AVOID|RIGHT,-0.8,8.00,0.00,-0.8,-1.5,4395
116.50,-29.526,-28.679,-138.4,0.00,AVOID|RIGHT,-0.8,8.00,0.00,-0.8,-1.5,4395
116.55,-29.526,-28.679,-138.4,0.00,AVOID|RIGHT,-0.8,8.00,0.00,-0.8,-1.5,4412
116.60,-29.525,-28.679,-138.4,-0.01,AVOID|RIGHT,-0.8,8.00,0.00,-0.8,-1.4,4395
116.65,-29.525,-28.679,-138.4,-0.01,AVOID|RIGHT,-0.8,8.00,0.00,-0.8,-1.5,4412
116.70,-29.527,-28.678,-138.4,0.00,AVOID|RIGHT,-0.8,8.00,0.00,-0.8,-1.5,4412
116.75,-29.527,-28.678,-138.4,0.00,AVOID|RIGHT,-0.8,8.00,0.00,-0.8,-1.5,4395
116.80,-29.525,-28.677,-138.4,-0.02,AVOID|RIGHT,-0.8,8.00,0.00,-0.8,-1.6,4395
116.85,-29.525,-28.677,-138.4,-0.02,AVOID|RIGHT,-0.8,8.00,0.00,-0.8,-1.5,4395
116.90,-29.525,-28.680,-138.4,0.02,AVOID|RIGHT,-0.8,8.00,0.00,-0.8,-1.5,4412
116.95,-29.525,-28.680,-138.4,0.02,AVOID|RIGHT,-0.8,8.00,0.00,-0.8,-1.5,4412
117.00,-29.526,-28.680,-138.4,0.00,AVOID|RIGHT,-0.8,8.00,0.00,-0.8,-1.6,4412
117.05,-29.526,-28.680,-138.4,0.00,AVOID|RIGHT,-0.6,8.00,0.00,-0.8,-1.5,4395
117.10,-29.526,-28.680,-138.4,0.00,AVOID|RIGHT,-0.6,8.00,0.00,-0.6,-1.5,4395
117.15,-29.526,-28.680,-138.4,0.00,AVOID|RIGHT,-0.8,8.00,0.00,-0.6,-1.5,4430
117.20,-29.524,-28.678,-138.4,-0.01,AVOID|RIGHT,-0.8,8.00,0.00,-0.8,-1.5,4395
117.25,-29.524,-28.678,-138.4,-0.01,AVOID|RIGHT,-0.8,8.00,0.00,-0.8,-1.5,4395
117.30,-29.525,-28.676,-138.4,-0.00,AVOID|RIGHT,-0.8,8.00,0.00,-0.8,-1.5,4412
117.35,-29.525,-28.676,-138.4,-0.00,AVOID|RIGHT,-0.8,8.00,0.00,-0.8,-1.5,4430
117.40,-29.526,-28.677,-138.4,0.01,AVOID|RIGHT,-0.8,8.00,0.00,-0.8,-1.5,4412
117.45,-29.526,-28.677,-138.4,0.01,AVOID|RIGHT,-0.8,8.00,0.00,-0.8,-1.4,4395
117.50,-29.525,-28.677,-138.4,-0.01,AVOID|RIGHT,-0.8,8.00,0.00,-0.8,-1.5,4395
117.55,-29.525,-28.677,-138.4,-0.01,AVOID|RIGHT,-0.8,8.00,0.00,-0.8,-1.5,4430
117.60,-29.525,-28.676,-138.4,-0.01,AVOID|RIGHT,-0.8,8.00,0.00,-0.8,-1.5,4412
117.65,-29.525,-28.676,-138.4,-0.01,AVOID|RIGHT,-0.8,8.00,0.00,-0.8,-1.5,4395
117.70,-29.525,-28.678,-138.4,0.01,AVOID|RIGHT,-0.8,8.00,0.00,-0.8,-1.5,4412
117.75,-29.525,-28.678,-138.4,0.01,AVOID|RIGHT,-0.8,8.00,0.00,-0.8,-1.5,4395
117.80,-29.524,-28.677,-138.4,-0.01,AVOID|RIGHT,-0.8,8.00,0.00,-0.8,-1.5,4412
117.85,-29.524,-28.677,-138.4,-0.01,AVOID|RIGHT,-0.8,8.00,0.00,-0.8,-1.6,4412
117.90,-29.524,-28.677,-138.4,-0.01,AVOID|RIGHT,-0.8,8.00,0.00,-0.8,-1.5,4395
117.95,-29.524,-28.677,-138.4,-0.01,AVOID|RIGHT,-0.8,8.00,0.00,-0.8,-1.5,4412
118.00,-29.524,-28.677,-138.4,-0.01,AVOID|RIGHT,-0.8,8.00,0.00,-0.8,-1.5,4412
118.05,-29.522,-28.678,-138.4,-0.00,AVOID|RIGHT,-0.8,8.00,0.00,-0.8,-1.6,4395
118.10,-29.522,-28.678,-138.4,-0.00,AVOID|RIGHT,-0.8,8.00,0.00,-0.8,-1.5,4412
118.15,-29.522,-28.678,-138.4,-0.00,AVOID|RIGHT,-0.8,8.00,0.00,-0.8,-1.5,4430
118.20,-29.523,-28.677,-138.4,-0.00,AVOID|RIGHT,-0.8,8.00,0.00,-0.8,-1.5,4430
118.25,-29.523,-28.677,-138.4,-0.00,AVOID|RIGHT,-0.8,8.00,0.00,-0.8,-1.5,4412
118.30,-29.525,-28.680,-138.4,0.03,AVOID|RIGHT,-0.8,8.00,0.00,-0.8,-1.5,4395
118.35,-29.525,-28.680,-138.4,0.03,AVOID|RIGHT,-0.8,8.00,0.00,-0.8,-1.5,4412
118.40,-29.526,-28.676,-138.4,-0.02,AVOID|RIGHT,-0.8,8.00,0.00,-0.8,-1.5,4412
118.45,-29.526,-28.676,-138.4,-0.02,AVOID|RIGHT,-0.8,8.00,0.00,-0.8,-1.5,4395
118.50,-29.523,-28.679,-138.4,-0.00,AVOID|RIGHT,-0.8,8.00,0.00,-0.8,-1.5,4412
118.55,-29.523,-28.679,-138.4,-0.00,AVOID|RIGHT,-0.8,8.00,0.00,-0.8,-1.5,4412
118.60,-29.525,-28.681,-138.4,0.02,AVOID|RIGHT,-0.8,8.00,0.00,-0.8,-1.5,4412
118.65,-29.525,-28.681,-138.4,0.02,AVOID|RIGHT,-0.8,8.00,0.00,-0.8,-1.6,4395
118.70,-29.524,-28.679,-138.4,-0.02,AVOID|RIGHT,-0.8,8.00,0.00,-0.8,-1.5,4395
118.75,-29.524,-28.679,-138.4,-0.02,AVOID|RIGHT,-0.8,8.00,0.00,-0.8,-1.5,4395
118.80,-29.523,-28.679,-138.4,-0.01,AVOID|RIGHT,-0.8,8.00,0.00,-0.8,-1.4,4412
118.85,-29.523,-28.679,-138.4,-0.01,AVOID|RIGHT,-0.8,8.00,0.00,-0.8,-1.5,4395
118.90,-29.523,-28.679,-138.4,0.00,AVOID|RIGHT,-0.8,8.00,0.00,-0.8,-1.5,4412
118.95,-29.523,-28.679,-138.4,0.00,AVOID|RIGHT,-0.8,8.00,0.00,-0.8,-1.5,4412
119.00,-29.523,-28.679,-138.4,0.00,AVOID|RIGHT,-0.8,8.00,0.00,-0.8,-1.5,4430
119.05,-29.523,-28.680,-138.4,0.01,AVOID|RIGHT,-0.8,8.00,0.00,-0.8,-1.5,4395
119.10,-29.523,-28.680,-138.4,0.01,AVOID|RIGHT,-0.8,8.00,0.00,-0.8,-1.5,4412
119.15,-29.523,-28.680,-138.4,0.01,AVOID|RIGHT,-0.8,8.00,0.00,-0.8,-1.5,4412
119.20,-29.523,-28.680,-138.4,-0.00,AVOID|RIGHT,-0.8,8.00,0.00,-0.8,-1.5,4395
119.25,-29.523,-28.680,-138.4,-0.00,AVOID|RIGHT,-0.8,8.00,0.00,-0.8,-1.5,4412
119.30,-29.522,-28.680,-138.4,-0.00,AVOID|RIGHT,-0.8,8.00,0.00,-0.8,-1.6,4412
119.35,-29.522,-28.680,-138.4,-0.00,AVOID|RIGHT,-0.8,8.00,0.00,-0.8,-1.5,4395
119.40,-29.521,-28.681,-138.4,-0.00,AVOID|RIGHT,-0.8,8.00,0.00,-0.8,-1.5,4412
119.45,-29.521,-28.681,-138.4,-0.00,AVOID|RIGHT,-0.8,8.00,0.00,-0.8,-1.5,4395
119.50,-29.520,-28.683,-138.4,0.01,AVOID|RIGHT,-0.8,8.00,0.00,-0.8,-1.6,4395
119.55,-29.520,-28.683,-138.4,0.01,AVOID|RIGHT,-0.6,8.00,0.00,-0.8,-1.5,4395
119.60,-29.521,-28.680,-138.4,-0.01,AVOID|RIGHT,-0.6,8.00,0.00,-0.6,-1.5,4412
119.65,-29.521,-28.680,-138.4,-0.01,AVOID|RIGHT,-0.8,8.00,0.00,-0.6,-1.5,4395
119.70,-29.521,-28.681,-138.4,0.01,AVOID|RIGHT,-0.8,8.00,0.00,-0.8,-1.5,4395
119.75,-29.521,-28.681,-138.4,0.01,AVOID|RIGHT,-0.6,8.00,0.00,-0.8,-1.5,4395
119.80,-29.520,-28.681,-138.4,-0.01,AVOID|RIGHT,-0.6,8.00,0.00,-0.6,-1.4,4395
119.85,-29.520,-28.681,-138.4,-0.01,AVOID|RIGHT,-0.8,8.00,0.00,-0.6,-1.5,4412
119.90,-29.521,-28.681,-138.4,0.01,AVOID|RIGHT,-0.8,8.00,0.00,-0.8,-1.5,4395
119.95,-29.521,-28.681,-138.4,0.01,AVOID|RIGHT,-0.6,8.00,0.00,-0.8,-1.5,4412
120.00,-29.521,-28.681,-138.4,0.01,AVOID|RIGHT,-0.6,8.00,0.00,-0.6,-1.5,4395
120.05,-29.520,-28.676,-138.4,-0.03,AVOID|RIGHT,-0.8,8.00,0.00,-0.6,-1.5,4395
120.10,-29.520,-28.676,-138.4,-0.03,AVOID|RIGHT,-0.8,8.00,0.00,-0.8,-1.4,4395
120.15,-29.520,-28.676,-138.4,-0.03,AVOID|RIGHT,-0.6,8.00,0.00,-0.6,-1.5,4412
120.20,-29.520,-28.675,-138.4,-0.00,AVOID|RIGHT,-0.6,8.00,0.00,-0.6,-1.5,4412
120.25,-29.520,-28.675,-138.4,-0.00,AVOID|RIGHT,-0.6,8.00,0.00,-0.6,-1.5,4412
120.30,-29.522,-28.674,-138.4,0.00,AVOID|RIGHT,-0.6,8.00,0.00,-0.6,-1.5,4395
120.35,-29.522,-28.674,-138.4,0.00,AVOID|RIGHT,-0.8,8.00,0.00,-0.8,-1.6,4412
120.40,-29.523,-28.679,-138.4,0.04,AVOID|RIGHT,-0.8,8.00,0.00,-0.8,-1.5,4395
120.45,-29.523,-28.679,-138.4,0.04,AVOID|RIGHT,-0.8,8.00,0.00,-0.8,-1.5,4412
120.50,-29.525,-28.680,-138.4,0.03,AVOID|RIGHT,-0.8,8.00,0.00,-0.8,-1.5,4412
120.55,-29.525,-28.680,-138.4,0.03,AVOID|RIGHT,-0.8,8.00,0.00,-0.8,-1.5,4412
120.60,-29.526,-28.679,-138.4,0.00,AVOID|RIGHT,-0.6,8.00,0.00,-0.8,-1.5,4395
120.65,-29.526,-28.679,-138.4,0.00,AVOID|RIGHT,-0.6,8.00,0.00,-0.6,-1.5,4412
120.70,-29.524,-28.679,-138.4,-0.02,AVOID|RIGHT,-0.8,8.00,0.00,-0.6,-1.4,4395
120.75,-29.524,-28.679,-138.4,-0.02,AVOID|RIGHT,-0.8,8.00,0.00,-0.8,-1.5,4412
120.80,-29.526,-28.680,-138.4,0.02,AVOID|RIGHT,-0.8,8.00,0.00,-0.8,-1.5,4430
120.85,-29.526,-28.680,-138.4,0.02,AVOID|RIGHT,-0.8,8.00,0.00,-0.8,-1.5,4412
120.90,-29.527,-28.678,-138.4,-0.01,AVOID|RIGHT,-0.8,8.00,0.00,-0.8,-1.5,4395
120.95,-29.527,-28.678,-138.4,-0.01,AVOID|RIGHT,-0.8,8.00,0.00,-0.8,-1.5,4395
121.00,-29.527,-28.678,-138.4,-0.01,AVOID|RIGHT,-0.6,8.00,0.00,-0.8,-1.4,4395
121.05,-29.525,-28.681,-138.4,0.00,AVOID|RIGHT,-0.6,8.00,0.00,-0.6,-1.5,4395
121.10,-29.525,-28.681,-138.4,0.00,AVOID|RIGHT,-0.8,8.00,0.00,-0.6,-1.5,4412
121.15,-29.525,-28.681,-138.4,0.00,AVOID|RIGHT,-0.8,8.00,0.00,-0.8,-1.5,4395
121.20,-29.526,-28.679,-138.4,0.00,AVOID|RIGHT,-0.8,8.00,0.00,-0.8,-1.5,4395
121.25,-29.526,-28.679,-138.4,0.00,AVOID|RIGHT,-0.8,8.00,0.00,-0.8,-1.5,4395
121.30,-29.525,-28.680,-138.4,-0.00,AVOID|RIGHT,-0.8,8.00,0.00,-0.8,-1.5,4395
121.35,-29.525,-28.680,-138.4,-0.00,AVOID|RIGHT,-0.8,8.00,0.00,-0.8,-1.5,4395
121.40,-29.527,-28.679,-138.4,0.01,AVOID|RIGHT,-0.8,8.00,0.00,-0.8,-1.5,4395
121.45,-29.527,-28.679,-138.4,0.01,AVOID|RIGHT,-0.8,8.00,0.00,-0.8,-1.5,4430
121.50,-29.527,-28.678,-138.4,-0.01,AVOID|RIGHT,-0.8,8.00,0.00,-0.8,-1.5,4395
121.55,-29.527,-28.678,-138.4,-0.01,AVOID|RIGHT,-0.8,8.00,0.00,-0.8,-1.4,4412
121.60,-29.527,-28.678,-138.4,0.00,AVOID|RIGHT,-0.8,8.00,0.00,-0.8,-1.5,4395
121.65,-29.527,-28.678,-138.4,0.00,AVOID|RIGHT,-0.8,8.00,0.00,-0.8,-1.5,4395
121.70,-29.525,-28.678,-138.4,-0.01,AVOID|RIGHT,-0.8,8.00,0.00,-0.8,-1.5,4395
121.75,-29.525,-28.678,-138.4,-0.01,AVOID|RIGHT,-0.8,8.00,0.00,-0.8,-1.5,4412
121.80,-29.527,-28.679,-138.4,0.02,AVOID|RIGHT,-0.8,8.00,0.00,-0.8,-1.5,4395
121.85,-29.527,-28.679,-138.4,0.02,AVOID|RIGHT,-0.8,8.00,0.00,-0.8,-1.5,4412
121.90,-29.528,-28.678,-138.4,-0.00,AVOID|RIGHT,-0.8,8.00,0.00,-0.8,-1.5,4395
121.95,-29.528,-28.678,-138.4,-0.00,AVOID|RIGHT,-0.8,8.00,0.00,-0.8,-1.5,4395
122.00,-29.528,-28.678,-138.4,-0.00,AVOID|RIGHT,-0.8,8.00,0.00,-0.8,-1.5,4395
122.05,-29.527,-28.676,-138.4,-0.01,AVOID|RIGHT,-0.8,8.00,0.00,-0.8,-1.5,4395
122.10,-29.527,-28.676,-138.4,-0.01,AVOID|RIGHT,-0.8,8.00,0.00,-0.8,-1.5,4395
122.15,-29.527,-28.676,-138.4,-0.01,AVOID|RIGHT,-0.6,8.00,0.00,-0.8,-1.5,4395
122.20,-29.527,-28.677,-138.4,0.01,AVOID|RIGHT,-0.6,8.00,0.00,-0.6,-1.5,4395
122.25,-29.527,-28.677,-138.4,0.01,AVOID|RIGHT,-0.8,8.00,0.00,-0.6,-1.5,4395
122.30,-29.527,-28.680,-138.4,0.02,AVOID|RIGHT,-0.8,8.00,0.00,-0.8,-1.5,4395
122.35,-29.527,-28.680,-138.4,0.02,AVOID|RIGHT,-0.6,8.00,0.00,-0.8,-1.5,4412
122.40,-29.527,-28.680,-138.4,0.02,AVOID|RIGHT,-0.6,8.00,0.00,-0.6,-1.4,4395
122.45,-29.527,-28.680,-138.4,0.02,AVOID|RIGHT,-0.8,8.00,0.00,-0.6,-1.5,4395
122.50,-29.527,-28.678,-138.4,-0.01,AVOID|RIGHT,-0.8,8.00,0.00,-0.8,-1.5,4395
122.55,-29.527,-28.678,-138.4,-0.01,AVOID|RIGHT,-0.8,8.00,0.00,-0.8,-1.4,4395
122.60,-29.527,-28.679,-138.4,0.00,AVOID|RIGHT,-0.8,8.00,0.00,-0.8,-1.5,4395
122.65,-29.527,-28.679,-138.4,0.00,AVOID|RIGHT,-0.8,8.00,0.00,-0.8,-1.5,4395
122.70,-29.528,-28.677,-138.4,-0.01,AVOID|RIGHT,-0.8,8.00,0.00,-0.8,-1.5,4412
122.75,-29.528,-28.677,-138.4,-0.01,AVOID|RIGHT,-0.8,8.00,0.00,-0.8,-1.5,4395
122.80,-29.528,-28.679,-138.4,0.01,AVOID|RIGHT,-0.8,8.00,0.00,-0.8,-1.5,4395
122.85,-29.528,-28.679,-138.4,0.01,AVOID|RIGHT,-0.8,8.00,0.00,-0.8,-1.5,4395
122.90,-29.527,-28.678,-138.4,-0.01,AVOID|RIGHT,-0.8,8.00,0.00,-0.8,-1.5,4395
122.95,-29.527,-28.678,-138.4,-0.01,AVOID|RIGHT,-0.8,8.00,0.00,-0.8,-1.5,4395
123.00,-29.529,-28.678,-138.4,0.02,AVOID|RIGHT,-0.8,8.00,0.00,-0.8,-1.5,4395
123.05,-29.529,-28.678,-138.4,0.02,AVOID|RIGHT,-0.8,8.00,0.00,-0.8,-1.5,4395
123.10,-29.528,-28.678,-138.4,-0.01,AVOID|RIGHT,-0.8,8.00,0.00,-0.8,-1.6,4412
123.15,-29.528,-28.678,-138.4,-0.01,AVOID|RIGHT,-0.8,8.00,0.00,-0.8,-1.6,4412
123.20,-29.528,-28.678,-138.4,-0.01,AVOID|RIGHT,-0.8,8.00,0.00,-0.8,-1.5,4395
123.25,-29.529,-28.680,-138.4,0.01,AVOID|RIGHT,-0.8,8.00,0.00,-0.8,-1.5,4395
123.30,-29.529,-28.680,-138.4,0.01,AVOID|RIGHT,-0.8,8.00,0.00,-0.8,-1.5,4395
123.35,-29.529,-28.680,-138.4,0.01,AVOID|RIGHT,-0.8,8.00,0.00,-0.8,-1.5,4395
123.40,-29.529,-28.676,-138.4,-0.01,AVOID|RIGHT,-0.8,8.00,0.00,-0.8,-1.6,4395
123.45,-29.529,-28.676,-138.4,-0.01,AVOID|RIGHT,-0.8,8.00,0.00,-0.8,-1.5,4395
123.50,-29.529,-28.679,-138.4,0.02,AVOID|RIGHT,-0.8,8.00,0.00,-0.8,-1.5,4412
123.55,-29.529,-28.679,-138.4,0.02,AVOID|RIGHT,-0.8,8.00,0.00,-0.8,-1.5,4395
123.60,-29.530,-28.678,-138.4,-0.01,AVOID|RIGHT,-0.6,8.00,0.00,-0.8,-1.5,4395
123.65,-29.530,-28.678,-138.4,-0.01,AVOID|RIGHT,-0.6,8.00,0.00,-0.6,-1.5,4395
123.70,-29.529,-28.678,-138.4,-0.01,AVOID|RIGHT,-0.8,8.00,0.00,-0.6,-1.6,4395
123.75,-29.529,-28.678,-138.4,-0.01,AVOID|RIGHT,-0.8,8.00,0.00,-0.8,-1.5,4412
123.80,-29.529,-28.678,-138.4,0.00,AVOID|RIGHT,-0.8,8.00,0.00,-0.8,-1.5,4412
123.85,-29.529,-28.678,-138.4,0.00,AVOID|RIGHT,-0.8,8.00,0.00,-0.8,-1.5,4395
123.90,-29.529,-28.678,-138.4,0.01,AVOID|RIGHT,-0.8,8.00,0.00,-0.8,-1.5,4395
123.95,-29.529,-28.678,-138.4,0.01,AVOID|RIGHT,-0.8,8.00,0.00,-0.8,-1.5,4395
124.00,-29.529,-28.678,-138.4,0.01,AVOID|RIGHT,-0.8,8.00,0.00,-0.8,-1.5,4412
124.05,-29.529,-28.681,-138.4,0.01,AVOID|RIGHT,-0.8,8.00,0.00,-0.8,-1.5,4412
124.10,-29.529,-28.681,-138.4,0.01,AVOID|RIGHT,-0.8,8.00,0.00,-0.8,-1.5,4395
124.15,-29.529,-28.681,-138.4,0.01,AVOID|RIGHT,-0.8,8.00,0.00,-0.8,-1.5,4412
124.20,-29.527,-28.681,-138.4,-0.01,AVOID|RIGHT,-0.8,8.00,0.00,-0.8,-1.5,4395
124.25,-29.527,-28.681,-138.4,-0.01,AVOID|RIGHT,-0.8,8.00,0.00,-0.8,-1.5,4395
124.30,-29.528,-28.682,-138.4,0.02,AVOID|RIGHT,-0.8,8.00,0.00,-0.8,-1.5,4395
124.35,-29.528,-28.682,-138.4,0.02,AVOID|RIGHT,-0.8,8.00,0.00,-0.8,-1.5,4395
124.40,-29.528,-28.679,-138.4,-0.03,AVOID|RIGHT,-0.8,8.00,0.00,-0.8,-1.5,4412
124.45,-29.528,-28.679,-138.4,-0.03,AVOID|RIGHT,-0.8,8.00,0.00,-0.8,-1.5,4395
124.50,-29.528,-28.680,-138.4,0.01,AVOID|RIGHT,-0.8,8.00,0.00,-0.8,-1.5,4395
124.55,-29.528,-28.680,-138.4,0.01,AVOID|RIGHT,-0.8,8.00,0.00,-0.8,-1.4,4412
124.60,-29.529,-28.680,-138.4,-0.00,AVOID|RIGHT,-0.8,8.00,0.00,-0.8,-1.5,4395
124.65,-29.529,-28.680,-138.4,-0.00,AVOID|RIGHT,-0.8,8.00,0.00,-0.8,-1.5,4311
124.70,-29.527,-28.682,-138.4,0.00,AVOID|RIGHT,-0.8,8.00,0.00,-0.8,-1.5,4412
124.75,-29.527,-28.682,-138.4,0.00,AVOID|RIGHT,-0.8,8.00,0.00,-0.8,-1.5,4395
124.80,-29.528,-28.682,-138.4,0.01,AVOID|RIGHT,-0.8,8.00,0.00,-0.8,-1.5,4395
124.85,-29.528,-28.682,-138.4,0.01,AVOID|RIGHT,-0.8,8.00,0.00,-0.8,-1.5,4395
124.90,-29.528,-28.681,-138.4,-0.01,AVOID|RIGHT,-0.8,8.00,0.00,-0.8,-1.5,4395
124.95,-29.528,-28.681,-138.4,-0.01,AVOID|RIGHT,-0.8,8.00,0.00,-0.8,-1.5,4395
125.00,-29.528,-28.681,-138.4,-0.01,AVOID|RIGHT,-0.8,8.00,0.00,-0.8,-1.5,4395
125.05,-29.526,-28.683,-138.4,-0.00,AVOID|RIGHT,-0.8,8.00,0.00,-0.8,-1.5,4395
125.10,-29.526,-28.683,-138.4,-0.00,AVOID|RIGHT,-0.8,8.00,0.00,-0.8,-1.5,4395
125.15,-29.526,-28.683,-138.4,-0.00,AVOID|RIGHT,-0.8,8.00,0.00,-0.8,-1.5,4395
125.20,-29.525,-28.684,-138.4,0.00,AVOID|RIGHT,-0.8,8.00,0.00,-0.8,-1.6,4412
125.25,-29.525,-28.684,-138.4,0.00,AVOID|RIGHT,-0.8,8.00,0.00,-0.8,-1.5,4395
125.30,-29.526,-28.682,-138.4,-0.02,AVOID|RIGHT,-0.8,8.00,0.00,-0.8,-1.5,4395
125.35,-29.526,-28.682,-138.4,-0.02,AVOID|RIGHT,-0.8,8.00,0.00,-0.8,-1.5,4395
125.40,-29.526,-28.683,-138.4,0.01,AVOID|RIGHT,-0.8,8.00,0.00,-0.8,-1.5,4395
125.45,-29.526,-28.683,-138.4,0.01,AVOID|RIGHT,-0.8,8.00,0.00,-0.8,-1.5,4395
125.50,-29.525,-28.683,-138.4,-0.01,AVOID|RIGHT,-0.8,8.00,0.00,-0.8,-1.5,4412
125.55,-29.525,-28.683,-138.4,-0.01,AVOID|RIGHT,-0.8,8.00,0.00,-0.8,-1.5,4395
125.60,-29.523,-28.683,-138.4,-0.01,AVOID|RIGHT,-0.8,8.00,0.00,-0.8,-1.5,4412
125.65,-29.523,-28.683,-138.4,-0.01,AVOID|RIGHT,-0.8,8.00,0.00,-0.8,-1.5,4395
125.70,-29.527,-28.679,-138.4,0.00,AVOID|RIGHT,-0.8,8.00,0.00,-0.8,-1.5,4395
125.75,-29.527,-28.679,-138.4,0.00,AVOID|RIGHT,-0.8,8.00,0.00,-0.8,-1.4,4395
125.80,-29.525,-28.680,-138.4,-0.01,AVOID|RIGHT,-0.8,8.00,0.00,-0.8,-1.5,4395
125.85,-29.525,-28.680,-138.4,-0.01,AVOID|RIGHT,-0.8,8.00,0.00,-0.8,-1.5,4395
125.90,-29.525,-28.678,-138.4,-0.01,AVOID|RIGHT,-0.8,8.00,0.00,-0.8,-1.5,4395
125.95,-29.525,-28.678,-138.4,-0.01,AVOID|RIGHT,-0.8,8.00,0.00,-0.8,-1.5,4395
126.00,-29.525,-28.678,-138.4,-0.01,AVOID|RIGHT,-0.8,8.00,0.00,-0.8,-1.5,4395
126.05,-29.528,-28.680,-138.4,0.02,AVOID|RIGHT,-0.8,8.00,0.00,-0.8,-1.5,4395
126.10,-29.528,-28.680,-138.4,0.02,AVOID|RIGHT,-0.8,8.00,0.00,-0.8,-1.5,4395
126.15,-29.528,-28.680,-138.4,0.02,AVOID|RIGHT,-0.8,8.00,0.00,-0.8,-1.5,4395
126.20,-29.525,-28.679,-138.4,-0.02,AVOID|RIGHT,-0.8,8.00,0.00,-0.8,-1.5,4395
126.25,-29.525,-28.679,-138.4,-0.02,AVOID|RIGHT,-0.8,8.00,0.00,-0.8,-1.5,4395
126.30,-29.528,-28.679,-138.4,0.02,AVOID|RIGHT,-0.8,8.00,0.00,-0.8,-1.5,4412
126.35,-29.528,-28.679,-138.4,0.02,AVOID|RIGHT,-0.8,8.00,0.00,-0.8,-1.4,4395
126.40,-29.527,-28.675,-138.4,-0.03,AVOID|RIGHT,-0.8,8.00,0.00,-0.8,-1.5,4395
126.45,-29.527,-28.675,-138.4,-0.03,AVOID|RIGHT,-0.8,8.00,0.00,-0.8,-1.5,4395
126.50,-29.527,-28.678,-138.4,0.02,AVOID|RIGHT,-0.8,8.00,0.00,-0.8,-1.5,4395
126.55,-29.527,-28.678,-138.4,0.02,AVOID|RIGHT,-0.6,8.00,0.00,-0.8,-1.6,4395
126.60,-29.526,-28.674,-138.4,-0.04,AVOID|RIGHT,-0.6,8.00,0.00,-0.6,-1.5,4412
126.65,-29.526,-28.674,-138.4,-0.04,AVOID|RIGHT,-0.8,8.00,0.00,-0.6,-1.5,4395
126.70,-29.526,-28.673,-138.4,-0.01,AVOID|RIGHT,-0.8,8.00,0.00,-0.8,-1.5,4412
126.75,-29.526,-28.673,-138.4,-0.01,AVOID|RIGHT,-0.8,8.00,0.00,-0.8,-1.5,4395
126.80,-29.527,-28.677,-138.4,0.03,AVOID|RIGHT,-0.8,8.00,0.00,-0.8,-1.5,4395
126.85,-29.527,-28.677,-138.4,0.03,AVOID|RIGHT,-0.8,8.00,0.00,-0.8,-1.5,4412
126.90,-29.528,-28.678,-138.4,0.01,AVOID|RIGHT,-0.8,8.00,0.00,-0.8,-1.5,4412
126.95,-29.528,-28.678,-138.4,0.01,AVOID|RIGHT,-0.8,8.00,0.00,-0.8,-1.5,4395
127.00,-29.528,-28.678,-138.4,-0.00,AVOID|RIGHT,-0.8,8.00,0.00,-0.8,-1.5,4395
127.05,-29.528,-28.678,-138.4,-0.00,AVOID|RIGHT,-0.8,8.00,0.00,-0.8,-1.5,4395
127.10,-29.528,-28.678,-138.4,-0.00,AVOID|RIGHT,-0.8,8.00,0.00,-0.8,-1.5,4395
127.15,-29.528,-28.678,-138.4,-0.00,AVOID|RIGHT,-0.8,8.00,0.00,-0.8,-1.5,4412
127.20,-29.528,-28.677,-138.4,-0.00,AVOID|RIGHT,-0.8,8.00,0.00,-0.8,-1.5,4395
127.25,-29.528,-28.677,-138.4,-0.00,AVOID|RIGHT,-0.6,8.00,0.00,-0.8,-1.5,4395
127.30,-29.530,-28.676,-138.4,0.01,AVOID|RIGHT,-0.6,8.00,0.00,-0.6,-1.5,4395
127.35,-29.530,-28.676,-138.4,0.01,AVOID|RIGHT,-0.8,8.00,0.00,-0.8,-1.5,4412
127.40,-29.528,-28.677,-138.4,-0.01,AVOID|RIGHT,-0.8,8.00,0.00,-0.8,-1.5,4395
127.45,-29.528,-28.677,-138.4,-0.01,AVOID|RIGHT,-0.8,8.00,0.00,-0.8,-1.5,4395
127.50,-29.531,-28.675,-138.4,0.01,AVOID|RIGHT,-0.8,8.00,0.00,-0.8,-1.5,4395
127.55,-29.531,-28.675,-138.4,0.01,AVOID|RIGHT,-0.8,8.00,0.00,-0.8,-1.5,4395
127.60,-29.530,-28.671,-138.4,-0.03,AVOID|RIGHT,-0.8,8.00,0.00,-0.8,-1.5,4395
127.65,-29.530,-28.671,-138.4,-0.03,AVOID|RIGHT,-0.8,8.00,0.00,-0.8,-1.5,4395
127.70,-29.531,-28.674,-138.4,0.02,AVOID|RIGHT,-0.8,8.00,0.00,-0.8,-1.5,4412
127.75,-29.531,-28.674,-138.4,0.02,AVOID|RIGHT,-0.8,8.00,0.00,-0.8,-1.5,4412
127.80,-29.531,-28.676,-138.4,0.01,AVOID|RIGHT,-0.8,8.00,0.00,-0.8,-1.5,4395
127.85,-29.531,-28.676,-138.4,0.01,AVOID|RIGHT,-0.8,8.00,0.00,-0.8,-1.5,4412
127.90,-29.530,-28.676,-138.4,0.00,AVOID|RIGHT,-0.6,8.00,0.00,-0.8,-1.6,4395
127.95,-29.530,-28.676,-138.4,0.00,AVOID|RIGHT,-0.6,8.00,0.00,-0.6,-1.6,4430
128.00,-29.530,-28.676,-138.4,0.00,AVOID|RIGHT,-0.8,8.00,0.00,-0.6,-1.5,4395
128.05,-29.533,-28.674,-138.4,0.00,AVOID|RIGHT,-0.8,8.00,0.00,-0.8,-1.5,4395
128.10,-29.533,-28.674,-138.4,0.00,AVOID|RIGHT,-0.6,8.00,0.00,-0.8,-1.5,4395
128.15,-29.533,-28.674,-138.4,0.00,AVOID|RIGHT,-0.6,8.00,0.00,-0.6,-1.5,4412
128.20,-29.534,-28.674,-138.4,0.01,AVOID|RIGHT,-0.8,8.00,0.00,-0.6,-1.5,4395
128.25,-29.534,-28.674,-138.4,0.01,AVOID|RIGHT,-0.8,8.00,0.00,-0.8,-1.5,4395
128.30,-29.535,-28.673,-138.4,-0.00,AVOID|RIGHT,-0.8,8.00,0.00,-0.8,-1.5,4395
128.35,-29.535,-28.673,-138.4,-0.00,AVOID|RIGHT,-0.8,8.00,0.00,-0.8,-1.5,4412
128.40,-29.535,-28.671,-138.4,-0.02,AVOID|RIGHT,-0.6,8.00,0.00,-0.8,-1.5,4395
128.45,-29.535,-28.671,-138.4,-0.02,AVOID|RIGHT,-0.6,8.00,0.00,-0.6,-1.5,4412
128.50,-29.535,-28.671,-138.4,-0.00,AVOID|RIGHT,-0.8,8.00,0.00,-0.8,-1.5,4395
128.55,-29.535,-28.671,-138.4,-0.00,AVOID|RIGHT,-0.8,8.00,0.00,-0.8,-1.5,4412
128.60,-29.536,-28.674,-138.4,0.03,AVOID|RIGHT,-0.8,8.00,0.00,-0.8,-1.5,4412
128.65,-29.536,-28.674,-138.4,0.03,AVOID|RIGHT,-0.8,8.00,0.00,-0.8,-1.5,4395
128.70,-29.537,-28.672,-138.4,-0.01,AVOID|RIGHT,-0.8,8.00,0.00,-0.8,-1.6,4395
128.75,-29.537,-28.672,-138.4,-0.01,AVOID|RIGHT,-0.8,8.00,0.00,-0.8,-1.6,4412
128.80,-29.537,-28.672,-138.4,0.00,AVOID|RIGHT,-0.8,8.00,0.00,-0.8,-1.5,4395
128.85,-29.537,-28.672,-138.4,0.00,AVOID|RIGHT,-0.8,8.00,0.00,-0.8,-1.5,4395
128.90,-29.537,-28.672,-138.3,0.01,AVOID|RIGHT,-0.8,8.00,0.00,-0.8,-1.5,4395
128.95,-29.537,-28.672,-138.4,0.01,AVOID|RIGHT,-0.8,8.00,0.00,-0.8,-1.5,4395
129.00,-29.538,-28.673,-138.4,0.01,AVOID|RIGHT,-0.8,8.00,0.00,-0.8,-1.5,4412
129.05,-29.538,-28.673,-138.4,0.01,AVOID|RIGHT,-0.8,8.00,0.00,-0.8,-1.5,4395
129.10,-29.538,-28.673,-138.4,0.01,AVOID|RIGHT,-0.8,8.00,0.00,-0.8,-1.5,4412
129.15,-29.538,-28.673,-138.4,0.01,AVOID|RIGHT,-0.8,8.00,0.00,-0.8,-1.6,4412
129.20,-29.539,-28.672,-138.4,0.00,AVOID|RIGHT,-0.8,8.00,0.00,-0.8,-1.5,4395
129.25,-29.539,-28.672,-138.4,0.00,AVOID|RIGHT,-0.8,8.00,0.00,-0.8,-1.5,4430
129.30,-29.531,-28.677,-138.4,-0.02,AVOID|RIGHT,-0.8,8.00,0.00,-0.8,-1.5,4395
129.35,-29.531,-28.677,-138.4,-0.02,AVOID|RIGHT,-0.6,8.00,0.00,-0.8,-1.5,4395
129.40,-29.530,-28.677,-138.4,-0.01,AVOID|RIGHT,-0.6,8.00,0.00,-0.6,-1.5,4395
129.45,-29.530,-28.677,-138.4,-0.01,AVOID|RIGHT,-0.8,8.00,0.00,-0.6,-1.5,4412
129.50,-29.530,-28.677,-138.4,-0.00,AVOID|RIGHT,-0.8,8.00,0.00,-0.8,-1.5,4395
129.55,-29.530,-28.677,-138.4,-0.00,AVOID|RIGHT,-0.8,8.00,0.00,-0.8,-1.4,4412
129.60,-29.531,-28.677,-138.4,0.01,AVOID|RIGHT,-0.8,8.00,0.00,-0.8,-1.5,4412
129.65,-29.531,-28.677,-138.3,0.01,AVOID|RIGHT,-0.8,8.00,0.00,-0.8,-1.5,4412
129.70,-29.529,-28.678,-138.3,-0.01,AVOID|RIGHT,-0.8,8.00,0.00,-0.8,-1.5,4395
129.75,-29.529,-28.678,-138.3,-0.01,AVOID|RIGHT,-0.8,8.00,0.00,-0.8,-1.5,4395
129.80,-29.530,-28.677,-138.3,0.00,AVOID|RIGHT,-0.8,8.00,0.00,-0.8,-1.5,4395
129.85,-29.530,-28.677,-138.3,0.00,AVOID|RIGHT,-0.8,8.00,0.00,-0.8,-1.4,4412
129.90,-29.529,-28.678,-138.3,-0.00,AVOID|RIGHT,-0.8,8.00,0.00,-0.8,-1.5,4412
129.95,-29.529,-28.678,-138.3,-0.00,AVOID|RIGHT,-0.8,8.00,0.00,-0.8,-1.5,4412
130.00,-29.529,-28.678,-138.3,-0.00,AVOID|RIGHT,-0.8,8.00,0.00,-0.8,-1.5,4395
130.05,-29.529,-28.677,-138.3,-0.00,AVOID|RIGHT,-0.8,8.00,0.00,-0.8,-1.5,4412
130.10,-29.529,-28.677,-138.3,-0.00,AVOID|RIGHT,-0.6,8.00,0.00,-0.8,-1.5,4395
130.15,-29.529,-28.677,-138.3,-0.00,AVOID|RIGHT,-0.6,8.00,0.00,-0.6,-1.5,4395
130.20,-29.530,-28.675,-138.3,-0.00,AVOID|RIGHT,-0.6,8.00,0.00,-0.6,-1.6,4412
130.25,-29.530,-28.675,-138.3,-0.00,AVOID|RIGHT,-0.6,8.00,0.00,-0.6,-1.5,4412
130.30,-29.528,-28.678,-138.3,-0.00,AVOID|RIGHT,-0.8,8.00,0.00,-0.6,-1.5,4395
130.35,-29.528,-28.678,-138.3,-0.00,AVOID|RIGHT,-0.8,8.00,0.00,-0.8,-1.5,4395
130.40,-29.527,-28.677,-138.4,-0.01,AVOID|RIGHT,-0.8,8.00,0.00,-0.8,-1.6,4412
130.45,-29.527,-28.677,-138.4,-0.01,AVOID|RIGHT,-0.8,8.00,0.00,-0.8,-1.6,4395
130.50,-29.527,-28.676,-138.4,-0.01,AVOID|RIGHT,-0.8,8.00,0.00,-0.8,-1.5,4395
130.55,-29.527,-28.676,-138.4,-0.01,AVOID|RIGHT,-0.8,8.00,0.00,-0.8,-1.5,4430
130.60,-29.525,-28.674,-138.4,-0.03,AVOID|RIGHT,-0.8,8.00,0.00,-0.8,-1.5,4395
130.65,-29.525,-28.674,-138.3,-0.03,AVOID|RIGHT,-0.8,8.00,0.00,-0.8,-1.5,4395
130.70,-29.526,-28.674,-138.3,0.00,AVOID|RIGHT,-0.8,8.00,0.00,-0.8,-1.5,4395
130.75,-29.526,-28.674,-138.3,0.00,AVOID|RIGHT,-0.8,8.00,0.00,-0.8,-1.6,4395
130.80,-29.524,-28.673,-138.3,-0.02,AVOID|RIGHT,-0.8,8.00,0.00,-0.8,-1.5,4395
130.85,-29.524,-28.673,-138.3,-0.02,AVOID|RIGHT,-0.8,8.00,0.00,-0.8,-1.5,4412
130.90,-29.526,-28.672,-138.3,0.01,AVOID|RIGHT,-0.8,8.00,0.00,-0.8,-1.5,4395
130.95,-29.526,-28.672,-138.3,0.01,AVOID|RIGHT,-0.8,8.00,0.00,-0.8,-1.5,4395
131.00,-29.526,-28.672,-138.3,0.01,AVOID|RIGHT,-0.8,8.00,0.00,-0.8,-1.6,4412
131.05,-29.526,-28.678,-138.3,0.03,AVOID|RIGHT,-0.8,8.00,0.00,-0.8,-1.5,4395
131.10,-29.526,-28.678,-138.3,0.03,AVOID|RIGHT,-0.8,8.00,0.00,-0.8,-1.5,4412
131.15,-29.526,-28.678,-138.3,0.03,AVOID|RIGHT,-0.8,8.00,0.00,-0.8,-1.5,4395
131.20,-29.527,-28.676,-138.3,-0.00,AVOID|RIGHT,-0.8,8.00,0.00,-0.8,-1.5,4412
131.25,-29.527,-28.676,-138.3,-0.00,AVOID|RIGHT,-0.8,8.00,0.00,-0.8,-1.5,4395
131.30,-29.526,-28.677,-138.3,-0.00,AVOID|RIGHT,-0.8,8.00,0.00,-0.8,-1.6,4395
131.35,-29.526,-28.677,-138.3,-0.00,AVOID|RIGHT,-0.8,8.00,0.00,-0.8,-1.5,4395
131.40,-29.527,-28.678,-138.3,0.02,AVOID|RIGHT,-0.8,8.00,0.00,-0.8,-1.5,4412
131.45,-29.527,-28.678,-138.3,0.02,AVOID|RIGHT,-0.8,8.00,0.00,-0.8,-1.5,4412
131.50,-29.526,-28.677,-138.3,-0.01,AVOID|RIGHT,-0.8,8.00,0.00,-0.8,-1.5,4395
131.55,-29.526,-28.677,-138.3,-0.01,AVOID|RIGHT,-0.8,8.00,0.00,-0.8,-1.6,4412
131.60,-29.527,-28.676,-138.3,0.00,AVOID|RIGHT,-0.8,8.00,0.00,-0.8,-1.5,4395
131.65,-29.527,-28.676,-138.3,0.00,AVOID|RIGHT,-0.8,8.00,0.00,-0.8,-1.5,4412
131.70,-29.530,-28.676,-138.3,0.02,AVOID|RIGHT,-0.8,8.00,0.00,-0.8,-1.5,4395
131.75,-29.530,-28.676,-138.3,0.02,AVOID|RIGHT,-0.8,8.00,0.00,-0.8,-1.5,4412
131.80,-29.529,-28.676,-138.3,-0.00,AVOID|RIGHT,-0.8,8.00,0.00,-0.8,-1.5,4412
131.85,-29.529,-28.676,-138.3,-0.00,AVOID|RIGHT,-0.8,8.00,0.00,-0.8,-1.5,4412
131.90,-29.529,-28.674,-138.3,-0.01,AVOID|RIGHT,-0.8,8.00,0.00,-0.8,-1.5,4412
131.95,-29.529,-28.674,-138.3,-0.01,AVOID|RIGHT,-0.8,8.00,0.00,-0.8,-1.5,4395
132.00,-29.529,-28.674,-138.3,-0.00,AVOID|RIGHT,-0.8,8.00,0.00,-0.8,-1.5,4395
132.05,-29.529,-28.674,-138.3,-0.00,AVOID|RIGHT,-0.8,8.00,0.00,-0.8,-1.5,4412
132.10,-29.530,-28.676,-138.3,0.02,AVOID|RIGHT,-0.8,8.00,0.00,-0.8,-1.5,4395
132.15,-29.530,-28.676,-138.3,0.02,AVOID|RIGHT,-0.8,8.00,0.00,-0.8,-1.7,4430
132.20,-29.530,-28.676,-138.3,0.02,AVOID|RIGHT,-0.8,8.00,0.00,-0.8,-1.4,4430
132.25,-29.528,-28.677,-138.3,-0.00,AVOID|RIGHT,-0.8,8.00,0.00,-0.8,-1.5,4395
132.30,-29.528,-28.677,-138.3,-0.00,AVOID|RIGHT,-0.8,8.00,0.00,-0.8,-1.5,4412
132.35,-29.528,-28.677,-138.3,-0.00,AVOID|RIGHT,-0.8,8.00,0.00,-0.8,-1.5,4412
132.40,-29.528,-28.672,-138.3,-0.02,AVOID|RIGHT,-0.8,8.00,0.00,-0.8,-1.5,4395
132.45,-29.528,-28.672,-138.3,-0.02,AVOID|RIGHT,-0.8,8.00,0.00,-0.8,-1.5,4412
132.50,-29.530,-28.674,-138.3,0.03,AVOID|RIGHT,-0.8,8.00,0.00,-0.8,-1.5,4395
132.55,-29.530,-28.674,-138.3,0.03,AVOID|RIGHT,-0.8,8.00,0.00,-0.8,-1.5,4395
132.60,-29.529,-28.671,-138.3,-0.03,AVOID|RIGHT,-0.8,8.00,0.00,-0.8,-1.5,4395
132.65,-29.529,-28.671,-138.3,-0.03,AVOID|RIGHT,-0.8,8.00,0.00,-0.8,-1.5,4395
132.70,-29.532,-28.675,-138.3,0.04,AVOID|RIGHT,-0.8,8.00,0.00,-0.8,-1.5,4412
132.75,-29.532,-28.675,-138.3,0.04,AVOID|RIGHT,-0.8,8.00,0.00,-0.8,-1.5,4395
132.80,-29.533,-28.674,-138.3,0.00,AVOID|RIGHT,-0.8,8.00,0.00,-0.8,-1.5,4412
132.85,-29.533,-28.674,-138.3,0.00,AVOID|RIGHT,-0.8,8.00,0.00,-0.8,-1.5,4395
132.90,-29.533,-28.674,-138.3,-0.00,AVOID|RIGHT,-0.8,8.00,0.00,-0.8,-1.5,4412
132.95,-29.533,-28.674,-138.3,-0.00,AVOID|RIGHT,-0.8,8.00,0.00,-0.8,-1.5,4395
133.00,-29.533,-28.674,-138.3,-0.00,AVOID|RIGHT,-0.8,8.00,0.00,-0.8,-1.5,4412
133.05,-29.532,-28.674,-138.3,-0.00,AVOID|RIGHT,-0.8,8.00,0.00,-0.8,-1.5,4412
133.10,-29.532,-28.674,-138.3,-0.00,AVOID|RIGHT,-0.6,8.00,0.00,-0.6,-1.5,4395
133.15,-29.532,-28.674,-138.3,-0.00,AVOID|RIGHT,-0.6,8.00,0.00,-0.6,-1.5,4395
133.20,-29.532,-28.675,-138.3,0.01,AVOID|RIGHT,-0.8,8.00,0.00,-0.8,-1.5,4412
133.25,-29.532,-28.675,-138.3,0.01,AVOID|RIGHT,-0.8,8.00,0.00,-0.8,-1.5,4395
133.30,-29.531,-28.672,-138.3,-0.03,AVOID|RIGHT,-0.8,8.00,0.00,-0.8,-1.5,4395
133.35,-29.531,-28.672,-138.3,-0.03,AVOID|RIGHT,-0.8,8.00,0.00,-0.8,-1.5,4395
133.40,-29.532,-28.673,-138.3,0.01,AVOID|RIGHT,-0.8,8.00,0.00,-0.8,-1.5,4430
133.45,-29.532,-28.673,-138.3,0.01,AVOID|RIGHT,-0.8,8.00,0.00,-0.8,-1.5,4395
133.50,-29.532,-28.672,-138.3,-0.00,AVOID|RIGHT,-0.8,8.00,0.00,-0.8,-1.5,4395
133.55,-29.532,-28.672,-138.3,-0.00,AVOID|RIGHT,-0.8,8.00,0.00,-0.8,-1.5,4395
133.60,-29.532,-28.672,-138.3,-0.00,AVOID|RIGHT,-0.8,8.00,0.00,-0.8,-1.5,4395
133.65,-29.532,-28.672,-138.3,-0.00,AVOID|RIGHT,-0.8,8.00,0.00,-0.8,-1.5,4395
133.70,-29.532,-28.673,-138.3,0.02,AVOID|RIGHT,-0.8,8.00,0.00,-0.8,-1.5,4430
133.75,-29.532,-28.673,-138.3,0.02,AVOID|RIGHT,-0.6,8.00,0.00,-0.8,-1.5,4412
133.80,-29.531,-28.672,-138.3,-0.02,AVOID|RIGHT,-0.6,8.00,0.00,-0.6,-1.5,4395
133.85,-29.531,-28.672,-138.3,-0.02,AVOID|RIGHT,-0.8,8.00,0.00,-0.6,-1.5,4395
133.90,-29.532,-28.672,-138.3,0.00,AVOID|RIGHT,-0.8,8.00,0.00,-0.8,-1.5,4395
133.95,-29.532,-28.672,-138.3,0.00,AVOID|RIGHT,-0.8,8.00,0.00,-0.8,-1.5,4412
134.00,-29.532,-28.672,-138.3,0.00,AVOID|RIGHT,-0.8,8.00,0.00,-0.8,-1.5,4412
134.05,-29.532,-28.673,-138.3,0.00,AVOID|RIGHT,-0.8,8.00,0.00,-0.8,-1.6,4395
134.10,-29.532,-28.673,-138.3,0.00,AVOID|RIGHT,-0.8,8.00,0.00,-0.8,-1.5,4412
134.15,-29.532,-28.673,-138.3,0.00,AVOID|RIGHT,-0.8,8.00,0.00,-0.8,-1.5,4412
134.20,-29.534,-28.671,-138.3,-0.00,AVOID|RIGHT,-0.8,8.00,0.00,-0.8,-1.5,4395
134.25,-29.534,-28.671,-138.3,-0.00,AVOID|RIGHT,-0.8,8.00,0.00,-0.8,-1.5,4395
134.30,-29.531,-28.674,-138.3,-0.00,AVOID|RIGHT,-0.8,8.00,0.00,-0.8,-1.5,4412
134.35,-29.531,-28.674,-138.3,-0.00,AVOID|RIGHT,-0.8,8.00,0.00,-0.8,-1.5,4412
134.40,-29.531,-28.675,-138.3,0.01,AVOID|RIGHT,-0.6,8.00,0.00,-0.8,-1.4,4395
134.45,-29.531,-28.675,-138.3,0.01,AVOID|RIGHT,-0.6,8.00,0.00,-0.6,-1.5,4395
134.50,-29.531,-28.675,-138.3,0.00,AVOID|RIGHT,-0.8,8.00,0.00,-0.6,-1.5,4412
134.55,-29.531,-28.675,-138.3,0.00,AVOID|RIGHT,-0.8,8.00,0.00,-0.8,-1.5,4412
134.60,-29.531,-28.676,-138.3,0.01,AVOID|RIGHT,-0.8,8.00,0.00,-0.8,-1.6,4395
134.65,-29.531,-28.676,-138.3,0.01,AVOID|RIGHT,-0.8,8.00,0.00,-0.8,-1.5,4395
134.70,-29.531,-28.676,-138.3,0.00,AVOID|RIGHT,-0.8,8.00,0.00,-0.8,-1.6,4412
134.75,-29.531,-28.676,-138.3,0.00,AVOID|RIGHT,-0.8,8.00,0.00,-0.8,-1.5,4395
134.80,-29.532,-28.676,-138.3,0.01,AVOID|RIGHT,-0.8,8.00,0.00,-0.8,-1.5,4395
134.85,-29.532,-28.676,-138.3,0.01,AVOID|RIGHT,-0.8,8.00,0.00,-0.8,-1.5,4412
134.90,-29.530,-28.674,-138.3,-0.03,AVOID|RIGHT,-0.8,8.00,0.00,-0.8,-1.5,4395
134.95,-29.530,-28.674,-138.3,-0.03,AVOID|RIGHT,-0.8,8.00,0.00,-0.8,-1.5,4395
135.00,-29.530,-28.674,-138.3,-0.03,AVOID|RIGHT,-0.8,8.00,0.00,-0.8,-1.5,4412
135.05,-29.531,-28.675,-138.3,0.01,AVOID|RIGHT,-0.8,8.00,0.00,-0.8,-1.4,4395
135.10,-29.531,-28.675,-138.3,0.01,AVOID|RIGHT,-0.6,8.00,0.00,-0.8,-1.5,4395
135.15,-29.531,-28.675,-138.3,0.01,AVOID|RIGHT,-0.6,8.00,0.00,-0.6,-1.6,4412
135.20,-29.532,-28.674,-138.3,-0.00,AVOID|RIGHT,-0.8,8.00,0.00,-0.6,-1.5,4395
135.25,-29.532,-28.674,-138.3,-0.00,AVOID|RIGHT,-0.8,8.00,0.00,-0.8,-1.5,4395
135.30,-29.531,-28.675,-138.3,-0.00,AVOID|RIGHT,-0.8,8.00,0.00,-0.8,-1.5,4395
135.35,-29.531,-28.675,-138.3,-0.00,AVOID|RIGHT,-0.8,8.00,0.00,-0.8,-1.5,4395
135.40,-29.530,-28.674,-138.3,-0.01,AVOID|RIGHT,-0.8,8.00,0.00,-0.8,-1.5,4430
135.45,-29.530,-28.674,-138.3,-0.01,AVOID|RIGHT,-0.8,8.00,0.00,-0.8,-1.5,4412
135.50,-29.531,-28.674,-138.3,0.01,AVOID|RIGHT,-0.8,8.00,0.00,-0.8,-1.5,4395
135.55,-29.531,-28.674,-138.3,0.01,AVOID|RIGHT,-0.8,8.00,0.00,-0.8,-1.5,4412
135.60,-29.531,-28.675,-138.3,0.01,AVOID|RIGHT,-0.8,8.00,0.00,-0.8,-1.5,4412
135.65,-29.531,-28.675,-138.3,0.01,AVOID|RIGHT,-0.8,8.00,0.00,-0.8,-1.5,4395
135.70,-29.532,-28.674,-138.3,-0.00,AVOID|RIGHT,-0.8,8.00,0.00,-0.8,-1.5,4412
135.75,-29.532,-28.674,-138.3,-0.00,AVOID|RIGHT,-0.8,8.00,0.00,-0.8,-1.5,4430
135.80,-29.531,-28.674,-138.3,-0.01,AVOID|RIGHT,-0.8,8.00,0.00,-0.8,-1.5,4395
135.85,-29.531,-28.674,-138.3,-0.01,AVOID|RIGHT,-0.8,8.00,0.00,-0.8,-1.5,4412
135.90,-29.531,-28.675,-138.3,0.01,AVOID|RIGHT,-0.8,8.00,0.00,-0.8,-1.5,4395
135.95,-29.531,-28.675,-138.3,0.01,AVOID|RIGHT,-0.8,8.00,0.00,-0.8,-1.6,4412
136.00,-29.531,-28.675,-138.3,0.01,AVOID|RIGHT,-0.8,8.00,0.00,-0.8,-1.5,4412
136.05,-29.531,-28.675,-138.3,-0.01,AVOID|RIGHT,-0.6,8.00,0.00,-0.8,-1.5,4395
136.10,-29.531,-28.675,-138.3,-0.01,AVOID|RIGHT,-0.6,8.00,0.00,-0.6,-1.5,4412
136.15,-29.531,-28.675,-138.3,-0.01,AVOID|RIGHT,-0.8,8.00,0.00,-0.6,-1.5,4430
136.20,-29.532,-28.675,-138.3,0.01,AVOID|RIGHT,-0.8,8.00,0.00,-0.8,-1.5,4412
136.25,-29.532,-28.675,-138.3,0.01,AVOID|RIGHT,-0.8,8.00,0.00,-0.8,-1.5,4412
136.30,-29.532,-28.673,-138.3,-0.01,AVOID|RIGHT,-0.8,8.00,0.00,-0.8,-1.5,4412
136.35,-29.532,-28.673,-138.3,-0.01,AVOID|RIGHT,-0.8,8.00,0.00,-0.8,-1.5,4395
136.40,-29.529,-28.670,-138.2,-0.04,AVOID|RIGHT,-0.8,8.00,0.00,-0.8,-1.5,4395
136.45,-29.531,-28.668,-138.3,0.01,AVOID|RIGHT,-0.8,8.00,0.00,-0.8,-1.5,4395
136.50,-29.531,-28.668,-138.2,0.01,AVOID|RIGHT,-0.8,8.00,0.00,-0.8,-1.5,4395
136.55,-29.531,-28.668,-138.2,0.01,AVOID|RIGHT,-0.8,8.00,0.00,-0.8,-1.5,4412
136.60,-29.528,-28.671,-138.2,-0.00,AVOID|RIGHT,-0.8,8.00,0.00,-0.8,-1.5,4395
136.65,-29.528,-28.671,-138.2,-0.00,AVOID|RIGHT,-0.6,8.00,0.00,-0.6,-1.6,4395
136.70,-29.528,-28.671,-138.2,-0.00,AVOID|RIGHT,-0.6,8.00,0.00,-0.6,-1.6,4412
136.75,-29.528,-28.671,-138.2,-0.00,AVOID|RIGHT,-0.8,8.00,0.00,-0.8,-1.5,4395
136.80,-29.527,-28.670,-138.2,-0.01,AVOID|RIGHT,-0.8,8.00,0.00,-0.8,-1.6,4412
136.85,-29.527,-28.670,-138.3,-0.01,AVOID|RIGHT,-0.6,8.00,0.00,-0.6,-1.5,4430
136.90,-29.529,-28.671,-138.3,0.02,AVOID|RIGHT,-0.8,8.00,0.00,-0.6,-1.6,4412
136.95,-29.529,-28.671,-138.3,0.02,AVOID|RIGHT,-0.8,8.00,0.00,-0.8,-1.5,4395
137.00,-29.529,-28.671,-138.3,0.02,AVOID|RIGHT,-0.6,8.00,0.00,-0.8,-1.5,4430
137.05,-29.528,-28.671,-138.3,-0.01,AVOID|RIGHT,-0.6,8.00,0.00,-0.6,-1.4,4395
137.10,-29.528,-28.671,-138.3,-0.01,AVOID|RIGHT,-0.8,8.00,0.00,-0.6,-1.6,4395
137.15,-29.528,-28.671,-138.3,-0.01,AVOID|RIGHT,-0.8,8.00,0.00,-0.8,-1.5,4412
137.20,-29.530,-28.670,-138.2,0.00,AVOID|RIGHT,-0.8,8.00,0.00,-0.8,-1.5,4430
137.25,-29.530,-28.670,-138.2,0.00,AVOID|RIGHT,-0.8,8.00,0.00,-0.8,-1.6,4395
137.30,-29.532,-28.675,-138.2,0.05,AVOID|RIGHT,-0.8,8.00,0.00,-0.8,-1.5,4412
137.35,-29.532,-28.678,-138.2,0.02,AVOID|RIGHT,-0.8,8.00,0.00,-0.8,-1.5,4395
137.40,-29.532,-28.678,-138.2,0.02,AVOID|RIGHT,-0.6,8.00,0.00,-0.8,-1.5,4395
137.45,-29.532,-28.678,-138.2,0.02,AVOID|RIGHT,-0.6,8.00,0.00,-0.6,-1.5,4395
137.50,-29.532,-28.676,-138.2,-0.01,AVOID|RIGHT,-0.8,8.00,0.00,-0.6,-1.5,4395
137.55,-29.532,-28.676,-138.2,-0.01,AVOID|RIGHT,-0.8,8.00,0.00,-0.8,-1.4,4395
137.60,-29.533,-28.676,-138.2,0.00,AVOID|RIGHT,-0.8,8.00,0.00,-0.8,-1.5,4395
137.65,-29.533,-28.676,-138.2,0.00,AVOID|RIGHT,-0.8,8.00,0.00,-0.8,-1.5,4412
137.70,-29.532,-28.678,-138.2,0.01,AVOID|RIGHT,-0.8,8.00,0.00,-0.8,-1.6,4395
137.75,-29.532,-28.678,-138.2,0.01,AVOID|RIGHT,-0.8,8.00,0.00,-0.8,-1.5,4395
137.80,-29.531,-28.677,-138.2,-0.02,AVOID|RIGHT,-0.8,8.00,0.00,-0.8,-1.5,4395
137.85,-29.531,-28.677,-138.2,-0.02,AVOID|RIGHT,-0.8,8.00,0.00,-0.8,-1.5,4395
137.90,-29.529,-28.679,-138.2,0.00,AVOID|RIGHT,-0.8,8.00,0.00,-0.8,-1.5,4395
137.95,-29.529,-28.679,-138.2,0.00,AVOID|RIGHT,-0.8,8.00,0.00,-0.8,-1.4,4395
138.00,-29.529,-28.679,-138.2,0.00,AVOID|RIGHT,-0.8,8.00,0.00,-0.8,-1.5,4430
138.05,-29.531,-28.676,-138.2,-0.00,AVOID|RIGHT,-0.8,8.00,0.00,-0.8,-1.5,4395
138.10,-29.531,-28.676,-138.2,-0.00,AVOID|RIGHT,-0.8,8.00,0.00,-0.8,-1.5,4395
138.15,-29.531,-28.676,-138.2,-0.00,AVOID|RIGHT,-0.8,8.00,0.00,-0.8,-1.5,4395
138.20,-29.531,-28.678,-138.2,0.01,AVOID|RIGHT,-0.8,8.00,0.00,-0.8,-1.6,4412
138.25,-29.531,-28.676,-138.2,-0.01,AVOID|RIGHT,-0.8,8.00,0.00,-0.8,-1.5,4395
138.30,-29.531,-28.676,-138.2,-0.01,AVOID|RIGHT,-0.8,8.00,0.00,-0.8,-1.5,4412
138.35,-29.531,-28.676,-138.2,-0.01,AVOID|RIGHT,-0.8,8.00,0.00,-0.8,-1.5,4395
138.40,-29.529,-28.678,-138.2,-0.00,AVOID|RIGHT,-0.8,8.00,0.00,-0.8,-1.5,4395
138.45,-29.529,-28.678,-138.2,-0.00,AVOID|RIGHT,-0.8,8.00,0.00,-0.8,-1.5,4395
138.50,-29.528,-28.677,-138.2,-0.01,AVOID|RIGHT,-0.8,8.00,0.00,-0.8,-1.5,4395
138.55,-29.528,-28.677,-138.2,-0.01,AVOID|RIGHT,-0.8,8.00,0.00,-0.8,-1.5,4430
138.60,-29.529,-28.678,-138.2,0.02,AVOID|RIGHT,-0.8,8.00,0.00,-0.8,-1.5,4430
138.65,-29.529,-28.678,-138.2,0.02,AVOID|RIGHT,-0.6,8.00,0.00,-0.8,-1.6,4395
138.70,-29.529,-28.678,-138.2,-0.00,AVOID|RIGHT,-0.6,8.00,0.00,-0.6,-1.5,4412
138.75,-29.529,-28.678,-138.2,-0.00,AVOID|RIGHT,-0.8,8.00,0.00,-0.6,-1.5,4395
138.80,-29.529,-28.677,-138.2,-0.01,AVOID|RIGHT,-0.8,8.00,0.00,-0.8,-1.5,4395
138.85,-29.529,-28.677,-138.2,-0.01,AVOID|RIGHT,-0.8,8.00,0.00,-0.8,-1.5,4412
138.90,-29.529,-28.678,-138.2,0.01,AVOID|RIGHT,-0.8,8.00,0.00,-0.8,-1.4,4395
138.95,-29.529,-28.678,-138.2,0.01,AVOID|RIGHT,-0.8,8.00,0.00,-0.8,-1.5,4412
139.00,-29.528,-28.676,-138.2,-0.01,AVOID|RIGHT,-0.8,8.00,0.00,-0.8,-1.5,4395
139.05,-29.528,-28.676,-138.2,-0.01,AVOID|RIGHT,-0.8,8.00,0.00,-0.8,-1.5,4412
139.10,-29.528,-28.676,-138.2,-0.01,AVOID|RIGHT,-0.8,8.00,0.00,-0.8,-1.5,4412
139.15,-29.530,-28.678,-138.2,0.01,AVOID|RIGHT,-0.8,8.00,0.00,-0.8,-1.5,4412
139.20,-29.530,-28.678,-138.2,0.01,AVOID|RIGHT,-0.6,8.00,0.00,-0.8,-1.5,4395
139.25,-29.530,-28.678,-138.2,0.01,AVOID|RIGHT,-0.6,8.00,0.00,-0.6,-1.5,4395
139.30,-29.528,-28.677,-138.2,-0.02,AVOID|RIGHT,-0.8,8.00,0.00,-0.6,-1.5,4395
139.35,-29.528,-28.677,-138.2,-0.02,AVOID|RIGHT,-0.8,8.00,0.00,-0.8,-1.5,4395
139.40,-29.531,-28.676,-138.2,0.01,AVOID|RIGHT,-0.8,8.00,0.00,-0.8,-1.5,4430
139.45,-29.531,-28.676,-138.2,0.01,AVOID|RIGHT,-0.8,8.00,0.00,-0.8,-1.5,4430
139.50,-29.529,-28.673,-138.2,-0.03,AVOID|RIGHT,-0.8,8.00,0.00,-0.8,-1.5,4430
139.55,-29.529,-28.673,-138.2,-0.03,AVOID|RIGHT,-0.8,8.00,0.00,-0.8,-1.5,4430
139.60,-29.529,-28.671,-138.2,-0.02,AVOID|RIGHT,-0.8,8.00,0.00,-0.8,-1.5,4395
139.65,-29.529,-28.671,-138.2,-0.02,AVOID|RIGHT,-0.8,8.00,0.00,-0.8,-1.5,4395
139.70,-29.529,-28.673,-138.2,0.01,AVOID|RIGHT,-0.8,8.00,0.00,-0.8,-1.5,4395
139.75,-29.529,-28.673,-138.2,0.01,AVOID|RIGHT,-0.8,8.00,0.00,-0.8,-1.6,4395
139.80,-29.529,-28.672,-138.2,-0.00,AVOID|RIGHT,-0.8,8.00,0.00,-0.8,-1.4,4395
139.85,-29.529,-28.672,-138.2,-0.00,AVOID|RIGHT,-0.8,8.00,0.00,-0.8,-1.4,4395
139.90,-29.526,-28.672,-138.2,-0.02,AVOID|RIGHT,-0.8,8.00,0.00,-0.8,-1.5,4395
139.95,-29.526,-28.672,-138.2,-0.02,AVOID|RIGHT,-0.8,8.00,0.00,-0.8,-1.5,4430
140.00,-29.526,-28.672,-138.2,-0.02,AVOID|RIGHT,-0.8,8.00,0.00,-0.8,-1.5,4430
140.05,-29.528,-28.671,-138.2,0.00,AVOID|RIGHT,-0.8,8.00,0.00,-0.8,-1.5,4395
140.10,-29.528,-28.671,-138.2,0.00,AVOID|RIGHT,-0.8,8.00,0.00,-0.8,-1.6,4395
140.15,-29.528,-28.671,-138.2,0.00,AVOID|RIGHT,-0.8,8.00,0.00,-0.8,-1.5,4395
140.20,-29.528,-28.672,-138.2,0.00,AVOID|RIGHT,-0.8,8.00,0.00,-0.8,-1.5,4430
140.25,-29.528,-28.672,-138.2,0.00,AVOID|RIGHT,-0.8,8.00,0.00,-0.8,-1.5,4412
140.30,-29.529,-28.674,-138.2,0.02,AVOID|RIGHT,-0.6,8.00,0.00,-0.6,-1.5,4412
140.35,-29.529,-28.674,-138.2,0.02,AVOID|RIGHT,-0.6,8.00,0.00,-0.6,-1.5,4412
140.40,-29.531,-28.671,-138.2,-0.00,AVOID|RIGHT,-0.6,8.00,0.00,-0.6,-1.5,4412
140.45,-29.531,-28.671,-138.2,-0.00,AVOID|RIGHT,-0.8,8.00,0.00,-0.6,-1.4,4395
140.50,-29.530,-28.672,-138.2,-0.00,AVOID|RIGHT,-0.8,8.00,0.00,-0.8,-1.5,4412
140.55,-29.530,-28.672,-138.2,-0.00,AVOID|RIGHT,-0.6,8.00,0.00,-0.8,-1.5,4412
140.60,-29.529,-28.673,-138.2,0.00,AVOID|RIGHT,-0.6,8.00,0.00,-0.6,-1.5,4412
140.65,-29.529,-28.673,-138.2,0.00,AVOID|RIGHT,-0.8,8.00,0.00,-0.6,-1.4,4395
140.70,-29.528,-28.672,-138.2,-0.01,AVOID|RIGHT,-0.8,8.00,0.00,-0.8,-1.5,4395
140.75,-29.528,-28.672,-138.2,-0.01,AVOID|RIGHT,-0.8,8.00,0.00,-0.8,-1.5,4395
140.80,-29.528,-28.673,-138.2,0.01,AVOID|RIGHT,-0.8,8.00,0.00,-0.8,-1.5,4395
140.85,-29.528,-28.673,-138.2,0.01,AVOID|RIGHT,-0.8,8.00,0.00,-0.8,-1.5,4395
140.90,-29.529,-28.674,-138.2,0.01,AVOID|RIGHT,-0.8,8.00,0.00,-0.8,-1.5,4430
140.95,-29.529,-28.674,-138.2,0.01,AVOID|RIGHT,-0.8,8.00,0.00,-0.8,-1.5,4395
141.00,-29.529,-28.673,-138.2,-0.01,AVOID|RIGHT,-0.8,8.00,0.00,-0.8,-1.5,4395
141.05,-29.529,-28.673,-138.2,-0.01,AVOID|RIGHT,-0.8,8.00,0.00,-0.8,-1.5,4395
141.10,-29.530,-28.679,-138.2,0.05,AVOID|RIGHT,-0.8,8.00,0.00,-0.8,-1.5,4395
141.15,-29.530,-28.679,-138.2,0.05,AVOID|RIGHT,-0.8,8.00,0.00,-0.8,-1.5,4395
141.20,-29.530,-28.679,-138.2,0.00,AVOID|RIGHT,-0.8,8.00,0.00,-0.8,-1.5,4395
141.25,-29.530,-28.679,-138.2,0.00,AVOID|RIGHT,-0.6,8.00,0.00,-0.6,-1.5,4395
141.30,-29.528,-28.679,-138.2,-0.02,AVOID|RIGHT,-0.6,8.00,0.00,-0.6,-1.5,4395
141.35,-29.528,-28.679,-138.2,-0.02,AVOID|RIGHT,-0.8,8.00,0.00,-0.8,-1.5,4395
141.40,-29.531,-28.678,-138.2,0.01,AVOID|RIGHT,-0.8,8.00,0.00,-0.8,-1.5,4395
141.45,-29.531,-28.678,-138.2,0.01,AVOID|RIGHT,-0.8,8.00,0.00,-0.8,-1.5,4395
141.50,-29.533,-28.677,-138.2,0.01,AVOID|RIGHT,-0.8,8.00,0.00,-0.8,-1.5,4378
141.55,-29.533,-28.677,-138.2,0.01,AVOID|RIGHT,-0.8,8.00,0.00,-0.8,-1.5,4395
141.60,-29.534,-28.676,-138.2,-0.00,AVOID|RIGHT,-0.8,8.00,0.00,-0.8,-1.5,4395
141.65,-29.534,-28.676,-138.2,-0.00,AVOID|RIGHT,-0.8,8.00,0.00,-0.8,-1.5,4395
141.70,-29.532,-28.675,-138.2,-0.02,AVOID|RIGHT,-0.8,8.00,0.00,-0.8,-1.5,4412
141.75,-29.532,-28.675,-138.2,-0.02,AVOID|RIGHT,-0.8,8.00,0.00,-0.8,-1.5,4395
141.80,-29.528,-28.672,-138.2,-0.05,AVOID|RIGHT,-0.8,8.00,0.00,-0.8,-1.6,4395
141.85,-29.528,-28.672,-138.2,-0.05,AVOID|RIGHT,-0.8,8.00,0.00,-0.8,-1.5,4412
141.90,-29.533,-28.673,-138.2,0.04,AVOID|RIGHT,-0.8,8.00,0.00,-0.8,-1.5,4395
141.95,-29.533,-28.673,-138.2,0.04,AVOID|RIGHT,-0.8,8.00,0.00,-0.8,-1.5,4395
142.00,-29.533,-28.673,-138.2,0.04,AVOID|RIGHT,-0.8,8.00,0.00,-0.8,-1.5,4395
142.05,-29.539,-28.675,-138.2,0.05,AVOID|RIGHT,-0.8,8.00,0.00,-0.8,-1.5,4395
142.10,-29.539,-28.675,-138.2,0.05,AVOID|RIGHT,-0.8,8.00,0.00,-0.8,-1.5,4395
142.15,-29.539,-28.675,-138.2,0.05,AVOID|RIGHT,-0.8,8.00,0.00,-0.8,-1.5,4395
142.20,-29.534,-28.669,-138.2,-0.05,AVOID|RIGHT,-0.8,8.00,0.00,-0.8,-1.5,4395
142.25,-29.534,-28.669,-138.2,-0.05,AVOID|RIGHT,-0.8,8.00,0.00,-0.8,-1.5,4412
142.30,-29.531,-28.675,-138.2,0.01,AVOID|RIGHT,-0.8,8.00,0.00,-0.8,-1.5,4395
142.35,-29.531,-28.675,-138.2,0.01,AVOID|RIGHT,-0.8,8.00,0.00,-0.8,-1.5,4395
142.40,-29.529,-28.677,-138.2,0.00,AVOID|RIGHT,-0.8,8.00,0.00,-0.8,-1.5,4395
142.45,-29.529,-28.677,-138.2,0.00,AVOID|RIGHT,-0.6,8.00,0.00,-0.8,-1.5,4395
142.50,-29.529,-28.687,-138.2,0.08,AVOID|RIGHT,-0.6,8.00,0.00,-0.6,-1.5,4395
142.55,-29.529,-28.687,-138.2,0.08,AVOID|RIGHT,-0.8,8.00,0.00,-0.6,-1.5,4395
142.60,-29.530,-28.689,-138.2,0.01,AVOID|RIGHT,-0.8,8.00,0.00,-0.8,-1.5,4395
142.65,-29.530,-28.689,-138.2,0.01,AVOID|RIGHT,-0.8,8.00,0.00,-0.8,-1.5,4412
142.70,-29.531,-28.684,-138.2,-0.02,AVOID|RIGHT,-0.8,8.00,0.00,-0.8,-1.5,4395
142.75,-29.531,-28.684,-138.2,-0.02,AVOID|RIGHT,-0.8,8.00,0.00,-0.8,-1.5,4395
142.80,-29.524,-28.685,-138.2,-0.05,AVOID|RIGHT,-0.8,8.00,0.00,-0.8,-1.5,4395
142.85,-29.524,-28.685,-138.2,-0.05,AVOID|RIGHT,-0.8,8.00,0.00,-0.8,-1.6,4395
142.90,-29.525,-28.687,-138.2,0.01,AVOID|RIGHT,-0.8,8.00,0.00,-0.8,-1.5,4395
142.95,-29.525,-28.687,-138.2,0.01,AVOID|RIGHT,-0.8,8.00,0.00,-0.8,-1.5,4412
143.00,-29.525,-28.687,-138.2,0.01,AVOID|RIGHT,-0.8,8.00,0.00,-0.8,-1.5,4412
143.05,-29.529,-28.687,-138.2,0.02,AVOID|RIGHT,-0.8,8.00,0.00,-0.8,-1.5,4395
143.10,-29.529,-28.687,-138.2,0.02,AVOID|RIGHT,-0.8,8.00,0.00,-0.8,-1.5,4395
143.15,-29.529,-28.687,-138.2,0.02,AVOID|RIGHT,-0.8,8.00,0.00,-0.8,-1.5,4395
143.20,-29.533,-28.685,-138.2,0.01,AVOID|RIGHT,-0.8,8.00,0.00,-0.8,-1.5,4395
143.25,-29.533,-28.685,-138.2,0.01,AVOID|RIGHT,-0.6,8.00,0.00,-0.8,-1.5,4395
143.30,-29.534,-28.686,-138.2,0.02,AVOID|RIGHT,-0.6,8.00,0.00,-0.6,-1.5,4395
143.35,-29.534,-28.686,-138.2,0.02,AVOID|RIGHT,-0.6,8.00,0.00,-0.6,-1.6,4395
143.40,-29.534,-28.687,-138.2,0.00,AVOID|RIGHT,-0.6,8.00,0.00,-0.6,-1.5,4395
143.45,-29.534,-28.687,-138.2,0.00,AVOID|RIGHT,-0.8,8.00,0.00,-0.6,-1.5,4412
143.50,-29.530,-28.690,-138.2,-0.01,AVOID|RIGHT,-0.8,8.00,0.00,-0.8,-1.5,4395
143.55,-29.530,-28.690,-138.2,-0.01,AVOID|RIGHT,-0.8,8.00,0.00,-0.8,-1.5,4395
143.60,-29.531,-28.687,-138.2,-0.01,AVOID|RIGHT,-0.8,8.00,0.00,-0.8,-1.5,4430
143.65,-29.531,-28.687,-138.2,-0.01,AVOID|RIGHT,-0.8,8.00,0.00,-0.8,-1.5,4395
143.70,-29.534,-28.689,-138.2,0.04,AVOID|RIGHT,-0.8,8.00,0.00,-0.8,-1.5,4395
143.75,-29.534,-28.689,-138.2,0.04,AVOID|RIGHT,-0.8,8.00,0.00,-0.8,-1.5,4395
143.80,-29.533,-28.684,-138.2,-0.04,AVOID|RIGHT,-0.8,8.00,0.00,-0.8,-1.5,4395
143.85,-29.533,-28.684,-138.2,-0.04,AVOID|RIGHT,-0.8,8.00,0.00,-0.8,-1.5,4395
143.90,-29.531,-28.692,-138.2,0.04,AVOID|RIGHT,-0.8,8.00,0.00,-0.8,-1.4,4412
143.95,-29.531,-28.692,-138.2,0.04,AVOID|RIGHT,-0.8,8.00,0.00,-0.8,-1.6,4395
144.00,-29.531,-28.692,-138.2,0.04,AVOID|RIGHT,-0.8,8.00,0.00,-0.8,-1.5,4395
144.05,-29.532,-28.694,-138.2,0.01,AVOID|RIGHT,-0.8,8.00,0.00,-0.8,-1.5,4430
144.10,-29.532,-28.694,-138.2,0.01,AVOID|RIGHT,-0.8,8.00,0.00,-0.8,-1.5,4412
144.15,-29.532,-28.694,-138.2,0.01,AVOID|RIGHT,-0.8,8.00,0.00,-0.8,-1.5,4412
144.20,-29.529,-28.688,-138.2,-0.04,AVOID|RIGHT,-0.8,8.00,0.00,-0.8,-1.5,4395
144.25,-29.529,-28.688,-138.2,-0.04,AVOID|RIGHT,-0.8,8.00,0.00,-0.8,-1.5,4430
144.30,-29.524,-28.684,-138.2,-0.06,AVOID|RIGHT,-0.6,8.00,0.00,-0.8,-1.5,4412
144.35,-29.524,-28.684,-138.0,-0.06,AVOID|RIGHT,-0.6,8.00,0.00,-0.6,-1.5,4395
144.40,-29.524,-28.678,-137.9,-0.05,AVOID|RIGHT,-1.0,8.00,0.00,-0.6,-1.5,4412
144.45,-29.524,-28.678,-138.0,-0.05,AVOID|RIGHT,-1.0,8.00,0.00,-1.0,-1.5,4395
144.50,-29.528,-28.676,-138.1,0.02,AVOID|RIGHT,-1.0,8.00,0.00,-1.0,-1.5,4447
144.55,-29.528,-28.676,-138.1,0.02,AVOID|RIGHT,-1.0,8.00,0.00,-1.0,-1.5,4430
144.60,-29.535,-28.671,-138.2,0.01,AVOID|RIGHT,-0.8,8.00,0.00,-1.0,-1.5,4395
144.65,-29.535,-28.671,-138.2,0.01,AVOID|RIGHT,-0.8,8.00,0.00,-0.8,-1.4,4412
144.70,-29.529,-28.681,-138.2,0.02,AVOID|RIGHT,-0.8,8.00,0.00,-0.8,-1.4,4412
144.75,-29.529,-28.681,-138.2,0.02,AVOID|RIGHT,-0.8,8.00,0.00,-0.8,-1.5,4395
144.80,-29.526,-28.693,-138.2,0.06,AVOID|RIGHT,-0.8,8.00,0.00,-0.8,-1.5,4395
144.85,-29.526,-28.693,-138.2,0.06,AVOID|RIGHT,-0.8,8.00,0.00,-0.8,-1.5,4412
144.90,-29.526,-28.691,-138.2,-0.01,AVOID|RIGHT,-0.8,8.00,0.00,-0.8,-1.6,4412
144.95,-29.526,-28.691,-138.3,-0.01,AVOID|RIGHT,-0.8,8.00,0.00,-0.8,-1.5,4395
145.00,-29.530,-28.690,-138.4,0.02,AVOID|RIGHT,-0.8,8.00,0.00,-0.8,-1.4,4395
145.05,-29.530,-28.690,-138.5,0.02,AVOID|RIGHT,-0.4,8.00,0.00,-0.8,-1.5,4395
145.10,-29.529,-28.692,-138.4,0.01,AVOID|RIGHT,-0.4,8.00,0.00,-0.4,-1.5,4395
145.15,-29.529,-28.692,-138.2,0.01,AVOID|RIGHT,-0.8,8.00,0.00,-0.4,-1.5,4412
145.20,-29.531,-28.686,-138.0,-0.02,AVOID|RIGHT,-0.8,8.00,0.00,-0.8,-1.5,4412
145.25,-29.531,-28.686,-137.6,-0.02,AVOID|RIGHT,-1.2,8.00,0.00,-0.8,-1.5,4395
145.30,-29.533,-28.681,-137.4,-0.02,AVOID|RIGHT,-1.2,8.00,0.00,-1.2,-1.5,4395
145.35,-29.533,-28.681,-137.0,-0.02,AVOID|RIGHT,-2.4,8.00,0.00,-1.2,-1.5,4395
145.40,-29.536,-28.703,-137.0,0.15,AVOID|RIGHT,-2.4,8.00,0.00,-2.4,-1.6,4412
145.45,-29.536,-28.703,-137.0,0.15,AVOID|RIGHT,-3.6,8.00,0.00,-2.4,-1.5,4395
145.50,-29.529,-28.725,-137.1,0.11,AVOID|RIGHT,-3.6,8.00,0.00,-3.6,-1.5,4412
145.55,-29.529,-28.725,-137.3,0.11,AVOID|RIGHT,-4.6,8.00,0.00,-3.6,-1.5,4412
145.60,-29.512,-28.738,-137.3,-0.03,AVOID|RIGHT,-4.6,8.00,0.00,-4.6,-1.5,4395
145.65,-29.512,-28.738,-137.2,-0.03,AVOID|RIGHT,-7.6,8.00,0.00,-4.6,-1.5,4395
145.70,-29.510,-28.741,-137.0,0.01,AVOID|RIGHT,-7.6,8.00,0.00,-7.6,-1.6,4412
145.75,-29.510,-28.741,-136.4,0.01,AVOID|RIGHT,-8.0,8.00,0.00,-7.6,-1.5,4395
145.80,-29.513,-28.734,-136.1,-0.02,AVOID|RIGHT,-8.0,8.00,0.00,-8.0,-1.5,4412
145.85,-29.513,-28.734,-135.1,-0.02,AVOID|RIGHT,-6.6,8.00,0.00,-6.6,-2.6,4483
145.90,-29.522,-28.728,-134.5,0.01,AVOID|RIGHT,-6.6,8.00,0.00,-6.6,-4.6,4650
145.95,-29.522,-28.728,-133.1,0.01,AVOID|RIGHT,-3.8,8.00,0.00,-3.8,-6.4,4808
146.00,-29.522,-28.728,-132.3,0.01,AVOID|RIGHT,-3.8,8.00,0.00,-3.8,-7.1,4871
146.05,-29.524,-28.729,-130.6,0.01,AVOID|RIGHT,-5.8,8.00,0.00,-5.8,-7.2,4892
146.10,-29.524,-28.729,-129.6,0.01,AVOID|RIGHT,-8.6,8.00,0.00,-5.8,-7.2,4913
146.15,-29.524,-28.729,-127.4,0.01,AVOID|RIGHT,-8.6,8.00,0.00,-8.6,-6.3,4892
146.20,-29.496,-28.707,-126.3,-0.20,AVOID|RIGHT,-11.6,8.00,0.00,-8.6,-5.9,4829
146.25,-29.496,-28.707,-123.8,-0.20,AVOID|RIGHT,-11.6,8.00,0.00,-11.6,-6.0,4850
146.30,-29.474,-28.691,-122.5,-0.25,AVOID|RIGHT,-15.4,8.00,0.00,-11.6,-6.0,4850
146.35,-29.474,-28.691,-119.8,-0.25,AVOID|RIGHT,-15.4,8.00,0.00,-15.4,-6.2,4850
146.40,-29.447,-28.664,-118.5,-0.42,BLOCKED|STOP,,1.98,0.00,-15.4,-7.5,4913
146.45,-29.447,-28.664,-116.2,-0.42,BLOCKED|STOP,,1.98,0.00,0.0,-9.1,4979
146.50,-29.434,-28.639,-114.8,-0.26,BLOCKED|STOP,,1.92,0.00,0.0,-10.9,5068
146.55,-29.434,-28.639,-112.1,-0.26,BLOCKED|STOP,,1.92,0.00,0.0,-12.7,5068
146.60,-29.414,-28.627,-110.7,-0.18,BLOCKED|STOP,,1.88,0.00,0.0,-12.5,5091
146.65,-29.414,-28.627,-107.8,-0.18,BLOCKED|STOP,,1.88,0.00,0.0,-10.4,5046
146.70,-29.388,-28.620,-106.4,-0.14,BLOCKED|STOP,,1.84,0.00,0.0,-7.1,4979
146.75,-29.388,-28.620,-103.7,-0.14,BLOCKED|STOP,,1.84,0.00,0.0,-3.6,4788
146.80,-29.366,-28.617,-102.2,-0.08,BLOCKED|STOP,,1.81,0.00,0.0,-0.7,4537
146.85,-29.366,-28.617,-99.1,-0.08,BLOCKED|STOP,,1.81,0.00,0.0,1.7,4214
146.90,-29.327,-28.623,-97.5,0.01,BLOCKED|STOP,,1.77,0.00,0.0,2.6,4033
146.95,-29.327,-28.623,-94.4,0.01,BLOCKED|STOP,,1.77,0.00,0.0,2.6,3948
147.00,-29.302,-28.630,-92.9,0.05,BLOCKED|STOP,,1.73,0.00,0.0,2.0,3976
147.05,-29.302,-28.630,-90.3,0.05,BLOCKED|STOP,,1.73,0.00,0.0,1.3,4033
147.10,-29.302,-28.630,-88.9,0.05,BLOCKED|STOP,,1.69,0.00,0.0,0.8,4092
147.15,-29.302,-28.630,-86.1,0.05,BLOCKED|STOP,,1.66,0.00,0.0,0.8,4106
147.20,-29.224,-28.619,-84.6,-0.02,BLOCKED|STOP,,1.66,0.00,0.0,0.8,4121
147.25,-29.224,-28.619,-81.9,-0.02,BLOCKED|STOP,,1.63,0.00,0.0,0.8,4106
147.30,-29.188,-28.605,-80.2,-0.09,BLOCKED|STOP,,1.63,0.00,0.0,0.8,4121
147.35,-29.188,-28.605,-77.4,-0.09,BLOCKED|STOP,,1.60,0.00,0.0,0.8,4121
147.40,-29.162,-28.572,-76.0,-0.25,BLOCKED|STOP,,1.60,0.00,0.0,0.8,4121
147.45,-29.162,-28.572,-73.4,-0.25,BLOCKED|STOP,,1.59,0.00,0.0,0.8,4121
147.50,-29.134,-28.561,-71.8,-0.02,BLOCKED|STOP,,1.59,0.00,0.0,0.8,4106
147.55,-29.134,-28.561,-69.4,-0.02,BLOCKED|STOP,,1.59,0.00,0.0,0.8,4106
147.60,-29.088,-28.556,-68.1,0.11,BLOCKED|STOP,,1.59,0.00,0.0,0.8,4106
147.65,-29.088,-28.556,-65.7,0.11,BLOCKED|STOP,,1.59,0.00,0.0,0.8,4106
147.70,-29.041,-28.541,-64.4,0.08,BLOCKED|STOP,,1.59,0.00,0.0,0.8,4106
147.75,-29.041,-28.541,-61.7,0.08,BLOCKED|STOP,,1.60,0.00,0.0,0.8,4121
147.80,-28.991,-28.485,-60.2,-0.23,BLOCKED|STOP,,1.60,0.00,0.0,0.8,4106
147.85,-28.991,-28.485,-56.9,-0.23,BLOCKED|STOP,,1.62,0.00,0.0,0.8,4106
147.90,-28.950,-28.463,-55.1,0.04,BLOCKED|STOP,,1.62,0.00,0.0,0.8,4092
147.95,-28.950,-28.463,-51.5,0.04,BLOCKED|STOP,,1.64,0.00,0.0,0.9,4106
148.00,-28.950,-28.463,-49.5,0.04,BLOCKED|STOP,,1.64,0.00,0.0,0.8,4106
148.05,-28.906,-28.439,-45.4,0.08,BLOCKED|STOP,,1.66,0.00,0.0,0.8,4106
148.10,-28.906,-28.439,-43.4,0.08,BLOCKED|STOP,,1.66,0.00,0.0,0.8,4077
148.15,-28.906,-28.439,-39.3,0.08,BLOCKED|STOP,,1.69,0.00,0.0,0.8,4092
148.20,-28.804,-28.380,-37.4,0.25,BLOCKED|STOP,,1.69,0.00,0.0,0.8,4106
148.25,-28.804,-28.380,-33.9,0.25,BLOCKED|STOP,,1.72,0.00,0.0,0.8,4106
148.30,-28.804,-28.380,-32.2,0.25,BLOCKED|STOP,,1.72,0.00,0.0,0.8,4092
148.35,-28.757,-28.348,-29.4,0.18,BLOCKED|STOP,,1.76,0.00,0.0,0.8,4092
148.40,-28.708,-28.325,-28.2,0.45,BLOCKED|STOP,,1.76,0.00,0.0,0.8,4106
148.45,-28.708,-28.325,-26.2,0.45,BLOCKED|STOP,,1.81,0.00,0.0,0.8,4106
148.50,-28.658,-28.288,-25.2,0.27,BLOCKED|STOP,,1.86,0.00,0.0,0.8,4106
148.55,-28.658,-28.288,-23.3,0.27,BLOCKED|STOP,,1.86,0.00,0.0,0.8,4092
148.60,-28.603,-28.252,-22.5,0.37,BLOCKED|STOP,,1.92,0.00,0.0,0.8,4092
148.65,-28.603,-28.252,-20.9,0.37,BLOCKED|STOP,,1.92,0.00,0.0,0.8,4106
148.70,-28.547,-28.204,-20.1,0.35,BLOCKED|STOP,,1.99,0.00,0.0,0.8,4106
148.75,-28.547,-28.204,-18.3,0.35,BLOCKED|STOP,,1.99,0.00,0.0,0.8,4121
148.80,-28.498,-28.157,-17.2,0.36,BLOCKED|STOP,,2.06,0.00,0.0,0.8,4092
148.85,-28.498,-28.157,-14.6,0.36,BLOCKED|STOP,,2.06,0.00,0.0,0.8,4092
148.90,-28.444,-28.107,-13.3,0.41,AVOID|LEFT,17.0,8.00,0.00,0.0,0.8,4106
148.95,-28.444,-28.107,-10.5,0.41,AVOID|LEFT,17.0,8.00,0.00,17.0,0.8,4092
149.00,-28.444,-28.107,-9.1,0.41,AVOID|LEFT,16.8,8.00,0.00,17.0,0.8,4092
149.05,-28.387,-28.051,-6.5,0.39,AVOID|LEFT,16.8,8.00,0.00,16.8,0.8,4092
149.10,-28.387,-28.051,-5.1,0.39,AVOID|LEFT,11.4,8.00,0.00,16.8,2.0,3948
149.15,-28.387,-28.051,-2.5,0.39,AVOID|LEFT,11.4,8.00,0.00,11.4,4.5,3641
149.20,-28.317,-27.925,-1.2,0.36,AVOID|LEFT,5.6,8.00,0.00,11.4,7.2,3319
149.25,-28.317,-27.925,0.9,0.36,AVOID|LEFT,5.6,8.00,0.00,5.6,10.3,2938
149.30,-28.290,-27.858,1.8,0.28,AVOID|LEFT,0.0,8.00,0.00,5.6,12.6,2685
149.35,-28.290,-27.858,3.1,0.28,AVOID|LEFT,0.0,8.00,0.00,0.0,13.5,2534
149.40,-28.252,-27.811,3.6,0.40,AVOID|LEFT,0.0,8.00,0.00,0.0,13.1,2528
149.45,-28.252,-27.811,4.4,0.40,AVOID|LEFT,0.0,8.00,0.00,0.0,11.4,2635
149.50,-28.217,-27.772,4.7,0.39,CLEAR|STRAIGHT,,999.00,0.00,0.0,9.2,2806
149.55,-28.217,-27.772,5.0,0.39,CLEAR|STRAIGHT,,999.00,0.00,0.0,6.2,3100
149.60,-28.192,-27.668,5.2,0.34,CLEAR|STRAIGHT,,999.00,0.00,0.0,3.4,3451
149.65,-28.192,-27.668,5.4,0.34,CLEAR|STRAIGHT,,999.00,0.00,0.0,0.8,3814
149.70,-28.154,-27.590,5.4,0.45,CLEAR|STRAIGHT,,999.00,0.00,0.0,-1.2,4121
149.75,-28.154,-27.590,5.6,0.45,CLEAR|STRAIGHT,,999.00,0.00,0.0,-2.3,4311
149.80,-28.123,-27.534,5.8,0.37,CLEAR|STRAIGHT,,999.00,0.00,0.0,-2.3,4378
149.85,-28.123,-27.534,6.6,0.37,CLEAR|STRAIGHT,,999.00,0.00,0.0,-2.3,4412
149.90,-28.084,-27.455,7.2,0.48,CLEAR|STRAIGHT,,999.00,0.00,0.0,-1.4,4378
149.95,-28.084,-27.455,8.3,0.48,CLEAR|STRAIGHT,,999.00,0.00,0.0,-1.0,4328
150.00,-28.045,-27.393,8.6,0.48,CLEAR|STRAIGHT,,999.00,0.00,0.0,-0.8,4311
150.05,-28.045,-27.393,9.6,0.48,CLEAR|STRAIGHT,,999.00,0.00,0.0,-0.9,4295
150.10,-28.018,-27.303,10.2,0.41,CLEAR|STRAIGHT,,999.00,0.00,0.0,-0.9,4295
150.15,-28.018,-27.303,11.4,0.41,CLEAR|STRAIGHT,,999.00,0.00,0.0,-0.9,4295
150.20,-28.018,-27.303,12.0,0.41,CLEAR|STRAIGHT,,999.00,0.00,0.0,-0.8,4295
150.25,-28.014,-27.200,13.3,0.20,CLEAR|STRAIGHT,,999.00,0.00,0.0,-0.8,4328
150.30,-28.014,-27.200,13.8,0.20,CLEAR|STRAIGHT,,999.00,0.00,0.0,-0.8,4311
150.35,-28.014,-27.200,14.5,0.20,CLEAR|STRAIGHT,,999.00,0.00,0.0,-0.9,4311
150.40,-27.987,-27.054,14.8,0.35,CLEAR|STRAIGHT,,999.00,0.00,0.0,-0.8,4311
150.45,-27.987,-27.054,15.3,0.35,CLEAR|STRAIGHT,,999.00,0.00,0.0,-0.9,4311
150.50,-27.955,-27.001,15.5,0.50,CLEAR|STRAIGHT,,999.00,0.00,0.0,-0.9,4311
150.55,-27.955,-27.001,16.0,0.50,CLEAR|STRAIGHT,,999.00,0.00,0.0,-0.9,4328
150.60,-27.940,-26.919,16.2,0.37,CLEAR|STRAIGHT,,999.00,0.00,0.0,-0.8,4311
150.65,-27.940,-26.919,16.8,0.37,CLEAR|STRAIGHT,,999.00,0.00,0.0,-0.8,4328
150.70,-27.924,-26.820,17.1,0.45,CLEAR|STRAIGHT,,999.00,0.00,0.0,-0.9,4328
150.75,-27.924,-26.820,17.6,0.45,CLEAR|STRAIGHT,,999.00,0.00,0.0,-0.9,4311
150.80,-27.889,-26.746,17.9,0.56,CLEAR|STRAIGHT,,999.00,0.00,0.0,-0.8,4328
150.85,-27.889,-26.746,18.7,0.56,CLEAR|STRAIGHT,,999.00,0.00,0.0,-0.9,4328
150.90,-27.848,-26.688,19.0,0.64,CLEAR|STRAIGHT,,999.00,0.00,0.0,-0.8,4328
150.95,-27.848,-26.688,19.5,0.64,CLEAR|STRAIGHT,,999.00,0.00,0.0,-0.9,4328
151.00,-27.848,-26.688,19.7,0.64,CLEAR|STRAIGHT,,999.00,0.00,0.0,-0.8,4328
151.05,-27.814,-26.616,20.2,0.40,CLEAR|STRAIGHT,,999.00,0.00,0.0,-0.9,4328
151.10,-27.814,-26.616,20.4,0.40,CLEAR|STRAIGHT,,999.00,0.00,0.0,-0.9,4311
151.15,-27.814,-26.616,20.8,0.40,CLEAR|STRAIGHT,,999.00,0.00,0.0,-0.8,4311
151.20,-27.775,-26.518,20.9,0.40,CLEAR|STRAIGHT,,999.00,0.00,0.0,-0.8,4328
151.25,-27.775,-26.518,21.0,0.40,CLEAR|STRAIGHT,,999.00,0.00,0.0,-0.9,4328
151.30,-27.775,-26.518,20.9,0.40,CLEAR|STRAIGHT,,999.00,0.00,0.0,-0.9,4328
151.35,-27.775,-26.518,20.8,0.40,CLEAR|STRAIGHT,,999.00,0.00,0.0,-0.8,4311
151.40,-27.775,-26.518,20.7,0.40,CLEAR|STRAIGHT,,999.00,0.00,0.0,-0.9,4344
151.45,-27.780,-26.407,20.4,0.15,CLEAR|STRAIGHT,,999.00,0.00,0.0,-0.8,4344
151.50,-27.780,-26.407,20.3,0.15,CLEAR|STRAIGHT,,999.00,0.00,0.0,-0.8,4311
151.55,-27.780,-26.407,20.2,0.15,CLEAR|STRAIGHT,,999.00,0.00,0.0,-0.9,4328
151.60,-27.767,-26.303,20.1,0.27,CLEAR|STRAIGHT,,999.00,0.00,0.0,-0.9,4328
151.65,-27.767,-26.303,19.8,0.27,CLEAR|STRAIGHT,,999.00,0.00,0.0,-0.8,4311
151.70,-27.763,-26.238,19.7,0.28,CLEAR|STRAIGHT,,999.00,0.00,0.0,-0.9,4311
151.75,-27.763,-26.238,19.2,0.28,CLEAR|STRAIGHT,,999.00,0.00,0.0,-0.8,4328
151.80,-27.748,-26.176,19.0,0.39,CLEAR|STRAIGHT,,999.00,0.00,0.0,-0.9,4328
151.85,-27.748,-26.176,18.5,0.39,CLEAR|STRAIGHT,,999.00,0.00,0.0,-0.9,4344
151.90,-27.729,-26.119,18.3,0.33,CLEAR|STRAIGHT,,999.00,0.00,0.0,-0.9,4344
151.95,-27.729,-26.119,18.0,0.33,CLEAR|STRAIGHT,,999.00,0.00,0.0,-0.8,4328
152.00,-27.729,-26.119,17.9,0.33,CLEAR|STRAIGHT,,999.00,0.00,0.0,-0.9,4344
152.05,-27.716,-26.081,17.9,0.17,CLEAR|STRAIGHT,,999.00,0.00,0.0,-0.8,4328
152.10,-27.716,-26.081,18.0,0.17,CLEAR|STRAIGHT,,999.00,0.00,0.0,-0.9,4328
152.15,-27.716,-26.081,18.2,0.17,CLEAR|STRAIGHT,,999.00,0.00,0.0,-0.8,4328
152.20,-27.699,-25.996,18.3,0.25,CLEAR|STRAIGHT,,999.00,0.00,0.0,-0.9,4328
152.25,-27.699,-25.996,18.7,0.25,CLEAR|STRAIGHT,,999.00,0.00,0.0,-0.9,4328
152.30,-27.699,-25.996,18.8,0.25,CLEAR|STRAIGHT,,999.00,0.00,0.0,-0.9,4328
152.35,-27.702,-25.966,19.1,0.06,CLEAR|STRAIGHT,,999.00,0.00,0.0,-0.9,4328
152.40,-27.702,-25.966,19.2,0.06,CLEAR|STRAIGHT,,999.00,0.00,0.0,-0.9,4344
152.45,-27.702,-25.966,19.4,0.06,CLEAR|STRAIGHT,,999.00,0.00,0.0,-0.8,4344
152.50,-27.702,-25.966,19.5,0.06,CLEAR|STRAIGHT,,999.00,0.00,0.0,-0.9,4344
152.55,-27.702,-25.966,19.7,0.06,CLEAR|STRAIGHT,,999.00,0.00,0.0,-0.9,4344
152.60,-27.716,-25.894,19.8,2.62,CLEAR|STRAIGHT,,999.00,0.00,0.0,-0.9,4328
152.65,-27.716,-25.894,20.2,2.62,CLEAR|STRAIGHT,,999.00,0.00,0.0,-0.9,4328
152.70,-27.720,-25.869,20.5,0.06,CLEAR|STRAIGHT,,999.00,0.00,0.0,-0.9,4328
152.75,-27.720,-25.869,21.1,0.06,CLEAR|STRAIGHT,,999.00,0.00,0.0,-0.8,4344
152.80,-27.722,-25.857,21.4,0.02,CLEAR|STRAIGHT,,999.00,0.00,0.0,-0.8,4328
152.85,-27.722,-25.857,21.9,0.02,CLEAR|STRAIGHT,,999.00,0.00,0.0,-0.9,4328
152.90,-27.731,-25.858,22.1,-0.09,CLEAR|STRAIGHT,,999.00,0.00,0.0,-0.9,4344
152.95,-27.731,-25.858,22.3,-0.09,CLEAR|STRAIGHT,,999.00,0.00,0.0,-0.9,4328
153.00,-27.731,-25.858,22.4,-0.09,CLEAR|STRAIGHT,,999.00,0.00,0.0,-0.9,4328
153.05,-27.744,-25.852,22.6,-0.08,CLEAR|STRAIGHT,,999.00,0.00,0.0,-0.8,4344
153.10,-27.744,-25.852,22.6,-0.08,CLEAR|STRAIGHT,,999.00,0.00,0.0,-0.8,4344
153.15,-27.744,-25.852,22.6,-0.08,CLEAR|STRAIGHT,,999.00,0.00,0.0,-0.9,4344
153.20,-27.780,-25.842,22.5,-0.17,CLEAR|STRAIGHT,,999.00,0.00,0.0,-0.9,4328
153.25,-27.780,-25.842,22.0,-0.17,CLEAR|STRAIGHT,,999.00,0.00,0.0,-0.9,4344
153.30,-27.780,-25.842,21.7,-0.17,CLEAR|STRAIGHT,,999.00,0.00,0.0,-0.9,4344
153.35,-27.780,-25.842,21.3,-0.17,CLEAR|STRAIGHT,,999.00,0.00,0.0,-0.8,4361
153.40,-27.813,-25.831,21.3,-0.13,CLEAR|STRAIGHT,,999.00,0.00,0.0,-0.8,4344
153.45,-27.813,-25.831,21.7,-0.13,CLEAR|STRAIGHT,,999.00,0.00,0.0,-0.8,4311
153.50,-27.816,-25.821,21.6,0.01,CLEAR|STRAIGHT,,999.00,0.00,0.0,-0.8,4328
153.55,-27.816,-25.821,21.4,0.01,CLEAR|STRAIGHT,,999.00,0.00,0.0,-0.8,4328
153.60,-27.815,-25.827,21.5,-0.02,CLEAR|STRAIGHT,,999.00,0.00,0.0,-0.8,4328
153.65,-27.815,-25.827,21.6,-0.02,CLEAR|STRAIGHT,,999.00,0.00,0.0,-0.8,4311
153.70,-27.819,-25.819,21.6,-0.01,CLEAR|STRAIGHT,,999.00,0.00,0.0,-0.8,4328
153.75,-27.819,-25.819,21.5,-0.01,CLEAR|STRAIGHT,,999.00,0.00,0.0,-0.8,4311
153.80,-27.819,-25.806,21.5,0.05,CLEAR|STRAIGHT,,999.00,0.00,0.0,-0.8,4328
153.85,-27.819,-25.806,21.6,0.05,CLEAR|STRAIGHT,,999.00,0.00,0.0,-0.8,4311
153.90,-27.825,-25.807,21.5,-0.06,CLEAR|STRAIGHT,,999.00,0.00,0.0,-0.8,4328
153.95,-27.825,-25.807,21.6,-0.06,CLEAR|STRAIGHT,,999.00,0.00,0.0,-0.8,4328
154.00,-27.825,-25.807,21.6,-0.06,CLEAR|STRAIGHT,,999.00,0.00,0.0,-0.8,4328
154.05,-27.830,-25.811,21.6,-0.04,CLEAR|STRAIGHT,,999.00,0.00,0.0,-0.7,4328
154.10,-27.830,-25.811,21.6,-0.04,CLEAR|STRAIGHT,,999.00,0.00,0.0,-0.8,4311
154.15,-27.830,-25.811,21.6,-0.04,CLEAR|STRAIGHT,,999.00,0.00,0.0,-0.8,4328
154.20,-27.834,-25.812,21.6,-0.02,CLEAR|STRAIGHT,,999.00,0.00,0.0,-0.8,4311
154.25,-27.834,-25.812,21.6,-0.02,CLEAR|STRAIGHT,,999.00,0.00,0.0,-0.9,4328
154.30,-27.834,-25.812,21.6,-0.02,CLEAR|STRAIGHT,,999.00,0.00,0.0,-0.8,4328
154.35,-27.834,-25.812,21.6,-0.02,CLEAR|STRAIGHT,,999.00,0.00,0.0,-0.7,4328
154.40,-27.835,-25.824,21.6,-0.03,CLEAR|STRAIGHT,,999.00,0.00,0.0,-0.8,4328
154.45,-27.835,-25.824,21.6,-0.03,CLEAR|STRAIGHT,,999.00,0.00,0.0,-0.8,4328
154.50,-27.829,-25.827,21.6,0.06,CLEAR|STRAIGHT,,999.00,0.00,0.0,-0.8,4328
154.55,-27.829,-25.827,21.6,0.06,CLEAR|STRAIGHT,,999.00,0.00,0.0,-0.9,4328
154.60,-27.831,-25.819,21.6,0.01,CLEAR|STRAIGHT,,999.00,0.00,0.0,-0.8,4328
154.65,-27.831,-25.819,21.6,0.01,CLEAR|STRAIGHT,,999.00,0.00,0.0,-0.7,4311
154.70,-27.829,-25.820,21.6,0.01,CLEAR|STRAIGHT,,999.00,0.00,0.0,-0.8,4311
154.75,-27.829,-25.820,21.6,0.01,CLEAR|STRAIGHT,,999.00,0.00,0.0,-0.8,4328
154.80,-27.832,-25.815,21.6,-0.01,CLEAR|STRAIGHT,,999.00,0.00,0.0,-0.8,4328
154.85,-27.832,-25.815,21.6,-0.01,CLEAR|STRAIGHT,,999.00,0.00,0.0,-0.9,4328
154.90,-27.831,-25.818,21.6,-0.00,CLEAR|STRAIGHT,,999.00,0.00,0.0,-0.8,4328
154.95,-27.831,-25.818,21.6,-0.00,CLEAR|STRAIGHT,,999.00,0.00,0.0,-0.8,4311
155.00,-27.831,-25.818,21.6,-0.00,CLEAR|STRAIGHT,,999.00,0.00,0.0,-0.8,4311
155.05,-27.830,-25.819,21.6,0.01,CLEAR|STRAIGHT,,999.00,0.00,0.0,-0.8,4311
155.10,-27.830,-25.819,21.6,0.01,CLEAR|STRAIGHT,,999.00,0.00,0.0,-0.8,4328
155.15,-27.830,-25.819,21.6,0.01,CLEAR|STRAIGHT,,999.00,0.00,0.0,-0.8,4328
155.20,-27.836,-25.819,21.6,-0.04,CLEAR|STRAIGHT,,999.00,0.00,0.0,-0.8,4311
155.25,-27.836,-25.819,21.6,-0.04,CLEAR|STRAIGHT,,999.00,0.00,0.0,-0.8,4311
155.30,-27.836,-25.819,21.6,-0.04,CLEAR|STRAIGHT,,999.00,0.00,0.0,-0.7,4311
155.35,-27.832,-25.820,21.6,0.03,CLEAR|STRAIGHT,,999.00,0.00,0.0,-0.9,4328
155.40,-27.832,-25.820,21.6,0.03,CLEAR|STRAIGHT,,999.00,0.00,0.0,-0.8,4328
155.45,-27.832,-25.820,21.6,0.03,CLEAR|STRAIGHT,,999.00,0.00,0.0,-0.8,4344
155.50,-27.833,-25.825,21.6,-0.02,CLEAR|STRAIGHT,,999.00,0.00,0.0,-0.8,4344
155.55,-27.833,-25.825,21.6,-0.02,CLEAR|STRAIGHT,,999.00,0.00,0.0,-0.8,4311
155.60,-27.833,-25.822,21.6,0.02,CLEAR|STRAIGHT,,999.00,0.00,0.0,-0.8,4328
155.65,-27.833,-25.822,21.6,0.02,CLEAR|STRAIGHT,,999.00,0.00,0.0,-0.8,4328
155.70,-27.830,-25.820,21.6,0.03,CLEAR|STRAIGHT,,999.00,0.00,0.0,-0.8,4328
155.75,-27.830,-25.820,21.6,0.03,CLEAR|STRAIGHT,,999.00,0.00,0.0,-0.7,4328
155.80,-27.828,-25.816,21.6,0.03,CLEAR|STRAIGHT,,999.00,0.00,0.0,-0.7,4328
155.85,-27.828,-25.816,21.6,0.03,CLEAR|STRAIGHT,,999.00,0.00,0.0,-0.8,4311
155.90,-27.830,-25.818,21.6,-0.03,CLEAR|STRAIGHT,,999.00,0.00,0.0,-0.8,4328
155.95,-27.830,-25.818,21.6,-0.03,CLEAR|STRAIGHT,,999.00,0.00,0.0,-0.8,4328
156.00,-27.830,-25.818,21.6,-0.03,CLEAR|STRAIGHT,,999.00,0.00,0.0,-0.8,4328
156.05,-27.827,-25.814,21.6,0.04,CLEAR|STRAIGHT,,999.00,0.00,0.0,-0.8,4311
156.10,-27.827,-25.814,21.6,0.04,CLEAR|STRAIGHT,,999.00,0.00,0.0,-0.8,4328
156.15,-27.827,-25.814,21.6,0.04,CLEAR|STRAIGHT,,999.00,0.00,0.0,-0.8,4328
156.20,-27.824,-25.816,21.6,0.01,CLEAR|STRAIGHT,,999.00,0.00,0.0,-0.9,4328
156.25,-27.824,-25.816,21.6,0.01,CLEAR|STRAIGHT,,999.00,0.00,0.0,-0.8,4328
156.30,-27.831,-25.815,21.6,-0.06,CLEAR|STRAIGHT,,999.00,0.00,0.0,-0.8,4328
156.35,-27.831,-25.815,21.6,-0.06,CLEAR|STRAIGHT,,999.00,0.00,0.0,-0.8,4328
156.40,-27.829,-25.817,21.6,0.01,CLEAR|STRAIGHT,,999.00,0.00,0.0,-0.8,4311
156.45,-27.829,-25.817,21.6,0.01,CLEAR|STRAIGHT,,999.00,0.00,0.0,-0.8,4328
156.50,-27.828,-25.817,21.6,0.01,CLEAR|STRAIGHT,,999.00,0.00,0.0,-0.8,4328
156.55,-27.828,-25.817,21.6,0.01,CLEAR|STRAIGHT,,999.00,0.00,0.0,-0.8,4328
156.60,-27.831,-25.816,21.6,-0.02,CLEAR|STRAIGHT,,999.00,0.00,0.0,-0.8,4328
156.65,-27.831,-25.816,21.6,-0.02,CLEAR|STRAIGHT,,999.00,0.00,0.0,-0.8,4328
156.70,-27.836,-25.819,21.6,-0.05,CLEAR|STRAIGHT,,999.00,0.00,0.0,-0.8,4311
156.75,-27.836,-25.819,21.6,-0.05,CLEAR|STRAIGHT,,999.00,0.00,0.0,-0.8,4328
156.80,-27.830,-25.819,21.6,0.06,CLEAR|STRAIGHT,,999.00,0.00,0.0,-0.8,4311
156.85,-27.830,-25.819,21.6,0.06,CLEAR|STRAIGHT,,999.00,0.00,0.0,-0.8,4328
156.90,-27.825,-25.817,21.6,0.05,CLEAR|STRAIGHT,,999.00,0.00,0.0,-0.8,4328
156.95,-27.825,-25.817,21.6,0.05,CLEAR|STRAIGHT,,999.00,0.00,0.0,-0.8,4328
157.00,-27.825,-25.817,21.6,0.05,CLEAR|STRAIGHT,,999.00,0.00,0.0,-0.8,4311
157.05,-27.828,-25.817,21.6,-0.02,CLEAR|STRAIGHT,,999.00,0.00,0.0,-0.8,4311
157.10,-27.828,-25.817,21.6,-0.02,CLEAR|STRAIGHT,,999.00,0.00,0.0,-0.7,4311
157.15,-27.828,-25.817,21.6,-0.02,CLEAR|STRAIGHT,,999.00,0.00,0.0,-0.8,4311
157.20,-27.832,-25.816,21.6,-0.03,CLEAR|STRAIGHT,,999.00,0.00,0.0,-0.8,4311
157.25,-27.832,-25.816,21.6,-0.03,CLEAR|STRAIGHT,,999.00,0.00,0.0,-0.8,4311
157.30,-27.833,-25.813,21.6,0.00,CLEAR|STRAIGHT,,999.00,0.00,0.0,-0.8,4328
157.35,-27.833,-25.813,21.6,0.00,CLEAR|STRAIGHT,,999.00,0.00,0.0,-0.8,4328
157.40,-27.832,-25.815,21.6,0.01,CLEAR|STRAIGHT,,999.00,0.00,0.0,-0.8,4311
157.45,-27.832,-25.815,21.6,0.01,CLEAR|STRAIGHT,,999.00,0.00,0.0,-0.8,4328
157.50,-27.835,-25.817,21.6,-0.03,CLEAR|STRAIGHT,,999.00,0.00,0.0,-0.8,4311
157.55,-27.835,-25.817,21.6,-0.03,CLEAR|STRAIGHT,,999.00,0.00,0.0,-0.8,4311
157.60,-27.831,-25.811,21.6,0.05,CLEAR|STRAIGHT,,999.00,0.00,0.0,-0.8,4328
157.65,-27.831,-25.811,21.6,0.05,CLEAR|STRAIGHT,,999.00,0.00,0.0,-0.8,4328
157.70,-27.834,-25.814,21.6,-0.04,CLEAR|STRAIGHT,,999.00,0.00,0.0,-0.8,4328
157.75,-27.834,-25.814,21.6,-0.04,CLEAR|STRAIGHT,,999.00,0.00,0.0,-0.8,4328
157.80,-27.833,-25.815,21.6,0.01,CLEAR|STRAIGHT,,999.00,0.00,0.0,-0.8,4328
157.85,-27.833,-25.815,21.6,0.01,CLEAR|STRAIGHT,,999.00,0.00,0.0,-0.8,4311
157.90,-27.833,-25.814,21.6,0.01,CLEAR|STRAIGHT,,999.00,0.00,0.0,-0.8,4311
157.95,-27.833,-25.814,21.6,0.01,CLEAR|STRAIGHT,,999.00,0.00,0.0,-0.8,4328
158.00,-27.833,-25.814,21.6,0.01,CLEAR|STRAIGHT,,999.00,0.00,0.0,-0.8,4328
158.05,-27.835,-25.816,21.6,-0.02,CLEAR|STRAIGHT,,999.00,0.00,0.0,-0.8,4328
158.10,-27.835,-25.816,21.6,-0.02,CLEAR|STRAIGHT,,999.00,0.00,0.0,-0.7,4311
158.15,-27.835,-25.816,21.6,-0.02,CLEAR|STRAIGHT,,999.00,0.00,0.0,-0.8,4328
158.20,-27.838,-25.816,21.6,-0.02,CLEAR|STRAIGHT,,999.00,0.00,0.0,-0.8,4328
158.25,-27.838,-25.816,21.6,-0.02,CLEAR|STRAIGHT,,999.00,0.00,0.0,-0.8,4311
158.30,-27.836,-25.816,21.6,0.02,CLEAR|STRAIGHT,,999.00,0.00,0.0,-0.8,4328
158.35,-27.836,-25.816,21.6,0.02,CLEAR|STRAIGHT,,999.00,0.00,0.0,-0.8,4311
158.40,-27.837,-25.816,21.6,-0.00,CLEAR|STRAIGHT,,999.00,0.00,0.0,-0.8,4311
158.45,-27.837,-25.816,21.6,-0.00,CLEAR|STRAIGHT,,999.00,0.00,0.0,-0.8,4311
158.50,-27.836,-25.816,21.6,0.01,CLEAR|STRAIGHT,,999.00,0.00,0.0,-0.8,4311
158.55,-27.836,-25.816,21.6,0.01,CLEAR|STRAIGHT,,999.00,0.00,0.0,-0.8,4328
158.60,-27.837,-25.816,21.6,-0.01,CLEAR|STRAIGHT,,999.00,0.00,0.0,-0.8,4328
158.65,-27.837,-25.816,21.6,-0.01,CLEAR|STRAIGHT,,999.00,0.00,0.0,-0.8,4328
158.70,-27.837,-25.815,21.6,0.00,CLEAR|STRAIGHT,,999.00,0.00,0.0,-0.7,4328
158.75,-27.837,-25.815,21.6,0.00,CLEAR|STRAIGHT,,999.00,0.00,0.0,-0.8,4328
158.80,-27.837,-25.815,21.6,0.01,CLEAR|STRAIGHT,,999.00,0.00,0.0,-0.9,4328
158.85,-27.837,-25.815,21.6,0.01,CLEAR|STRAIGHT,,999.00,0.00,0.0,-0.8,4328
158.90,-27.839,-25.815,21.6,-0.02,CLEAR|STRAIGHT,,999.00,0.00,0.0,-0.7,4328
158.95,-27.839,-25.815,21.6,-0.02,CLEAR|STRAIGHT,,999.00,0.00,0.0,-0.8,4328
159.00,-27.838,-25.815,21.6,0.01,CLEAR|STRAIGHT,,999.00,0.00,0.0,-0.8,4328
159.05,-27.838,-25.815,21.6,0.01,CLEAR|STRAIGHT,,999.00,0.00,0.0,-0.8,4311
159.10,-27.837,-25.816,21.6,0.00,CLEAR|STRAIGHT,,999.00,0.00,0.0,-0.8,4311
159.15,-27.837,-25.816,21.6,0.00,CLEAR|STRAIGHT,,999.00,0.00,0.0,-0.8,4328
159.20,-27.838,-25.820,21.6,-0.02,CLEAR|STRAIGHT,,999.00,0.00,0.0,-0.8,4311
159.25,-27.838,-25.820,21.6,-0.02,CLEAR|STRAIGHT,,999.00,0.00,0.0,-0.8,4311
159.30,-27.837,-25.817,21.6,0.02,CLEAR|STRAIGHT,,999.00,0.00,0.0,-0.8,4328
159.35,-27.837,-25.817,21.6,0.02,CLEAR|STRAIGHT,,999.00,0.00,0.0,-0.8,4311
159.40,-27.838,-25.818,21.6,-0.01,CLEAR|STRAIGHT,,999.00,0.00,0.0,-0.8,4311
159.45,-27.838,-25.818,21.6,-0.01,CLEAR|STRAIGHT,,999.00,0.00,0.0,-0.8,4328
159.50,-27.836,-25.815,21.6,0.03,CLEAR|STRAIGHT,,999.00,0.00,0.0,-0.8,4328
159.55,-27.836,-25.815,21.6,0.03,CLEAR|STRAIGHT,,999.00,0.00,0.0,-0.8,4328
159.60,-27.835,-25.818,21.6,-0.00,CLEAR|STRAIGHT,,999.00,0.00,0.0,-0.8,4311
159.65,-27.835,-25.818,21.6,-0.00,CLEAR|STRAIGHT,,999.00,0.00,0.0,-0.8,4328
159.70,-27.838,-25.822,21.6,-0.04,CLEAR|STRAIGHT,,999.00,0.00,0.0,-0.8,4311
159.75,-27.838,-25.822,21.6,-0.04,CLEAR|STRAIGHT,,999.00,0.00,0.0,-0.8,4328
159.80,-27.837,-25.818,21.6,0.02,CLEAR|STRAIGHT,,999.00,0.00,0.0,-0.8,4328
