t,x,y,yaw_deg,v,mode,avoid_steer_deg,obstacle_m,cmd_v,cmd_steer_deg,steer_actual_deg,vcc_mv
17.70,-27.383,-26.523,-93.8,-0.30,-,,,0.00,0.0,,0
17.75,-27.384,-26.526,-93.8,0.07,-,,,0.00,0.0,,0
17.80,-27.384,-26.526,-93.8,0.07,-,,,0.00,0.0,,0
17.85,-27.385,-26.524,-93.8,-0.01,-,,,0.00,0.0,,0
17.90,-27.385,-26.524,-93.8,-0.01,-,,,0.00,0.0,,0
17.95,-27.381,-26.524,-93.8,0.00,-,,,0.00,0.0,,0
18.00,-27.381,-26.524,-93.8,0.00,-,,,0.00,0.0,,0
18.05,-27.381,-26.527,-93.8,0.02,-,,,0.00,0.0,,0
18.10,-27.381,-26.527,-93.8,0.02,-,,,0.00,0.0,,0
18.15,-27.382,-26.525,-93.8,-0.02,-,,,0.00,0.0,,0
18.20,-27.382,-26.525,-93.8,-0.02,-,,,0.00,0.0,,0
18.25,-27.383,-26.525,-93.8,0.00,-,,,0.00,0.0,,0
18.30,-27.383,-26.525,-93.8,0.00,-,,,0.00,0.0,,0
18.35,-27.382,-26.526,-93.8,0.01,-,,,0.00,0.0,,0
18.40,-27.382,-26.526,-93.8,0.01,-,,,0.00,0.0,,0
18.45,-27.382,-26.523,-93.8,-0.03,-,,,0.00,0.0,,0
18.50,-27.382,-26.523,-93.8,-0.03,CLEAR|STRAIGHT,,999.00,0.00,0.0,,0
18.55,-27.382,-26.525,-93.8,0.01,CLEAR|STRAIGHT,,999.00,0.00,0.0,,0
18.60,-27.382,-26.525,-93.8,0.01,CLEAR|STRAIGHT,,999.00,0.00,0.0,,0
18.65,-27.383,-26.525,-93.8,0.01,CLEAR|STRAIGHT,,999.00,0.00,0.0,,0
18.70,-27.383,-26.525,-93.8,0.01,CLEAR|STRAIGHT,,999.00,0.00,0.0,,0
18.75,-27.382,-26.524,-93.8,-0.01,CLEAR|STRAIGHT,,999.00,0.00,0.0,,0
18.80,-27.382,-26.524,-93.8,-0.01,CLEAR|STRAIGHT,,999.00,0.00,0.0,,0
18.85,-27.383,-26.523,-93.8,-0.01,CLEAR|STRAIGHT,,999.00,0.00,0.0,,0
18.90,-27.383,-26.523,-93.8,-0.01,CLEAR|STRAIGHT,,999.00,0.00,0.0,,0
18.95,-27.383,-26.523,-93.8,-0.01,CLEAR|STRAIGHT,,999.00,0.00,0.0,,0
19.00,-27.380,-26.524,-93.8,0.00,CLEAR|STRAIGHT,,999.00,0.00,0.0,,0
19.05,-27.380,-26.524,-93.8,0.00,CLEAR|STRAIGHT,,999.00,0.00,0.0,,0
19.10,-27.380,-26.524,-93.8,0.00,CLEAR|STRAIGHT,,999.00,0.00,0.0,,0
19.15,-27.381,-26.525,-93.8,0.01,CLEAR|STRAIGHT,,999.00,0.00,0.0,,0
19.20,-27.381,-26.525,-93.8,0.01,CLEAR|STRAIGHT,,999.00,0.00,0.0,,0
19.25,-27.380,-26.523,-93.8,-0.01,CLEAR|STRAIGHT,,999.00,0.00,0.0,,0
19.30,-27.380,-26.523,-93.8,-0.01,CLEAR|STRAIGHT,,999.00,0.00,0.0,,0
19.35,-27.378,-26.525,-93.8,0.01,CLEAR|STRAIGHT,,999.00,0.00,0.0,,0
19.40,-27.378,-26.525,-93.8,0.01,CLEAR|STRAIGHT,,999.00,0.00,0.0,,0
19.45,-27.378,-26.525,-93.8,-0.00,CLEAR|STRAIGHT,,999.00,0.00,0.0,,0
19.50,-27.378,-26.525,-93.8,-0.00,CLEAR|STRAIGHT,,999.00,0.00,0.0,-0.1,4246
19.55,-27.378,-26.525,-93.8,-0.00,CLEAR|STRAIGHT,,999.00,0.00,0.0,-0.1,4246
19.60,-27.378,-26.524,-93.8,-0.00,CLEAR|STRAIGHT,,999.00,0.00,0.0,-0.1,4230
19.65,-27.378,-26.524,-93.8,-0.00,CLEAR|STRAIGHT,,999.00,0.00,0.0,-0.2,4246
19.70,-27.378,-26.524,-93.8,-0.00,CLEAR|STRAIGHT,,999.00,0.00,0.0,-0.2,4246
19.75,-27.379,-26.525,-93.8,0.01,CLEAR|STRAIGHT,,999.00,0.00,0.0,-0.2,4246
19.80,-27.379,-26.525,-93.8,0.01,CLEAR|STRAIGHT,,999.00,0.00,0.0,-0.2,4246
19.85,-27.378,-26.526,-93.8,0.00,CLEAR|STRAIGHT,,999.00,0.00,0.0,-0.1,4246
19.90,-27.378,-26.526,-93.8,0.00,CLEAR|STRAIGHT,,999.00,0.00,0.0,-0.2,4246
19.95,-27.379,-26.523,-93.8,-0.02,CLEAR|STRAIGHT,,999.00,0.00,0.0,-0.1,4246
20.00,-27.379,-26.523,-93.8,-0.02,CLEAR|STRAIGHT,,999.00,0.00,0.0,-0.2,4246
20.05,-27.378,-26.525,-93.8,0.02,CLEAR|STRAIGHT,,999.00,0.00,0.0,-0.2,4246
20.10,-27.378,-26.525,-93.8,0.02,CLEAR|STRAIGHT,,999.00,0.00,0.0,-0.2,4262
20.15,-27.382,-26.524,-93.8,-0.01,CLEAR|STRAIGHT,,999.00,0.00,0.0,-0.1,4246
20.20,-27.382,-26.524,-93.8,-0.01,CLEAR|STRAIGHT,,999.00,0.00,0.0,-0.1,4262
20.25,-27.379,-26.525,-93.8,0.00,CLEAR|STRAIGHT,,999.00,0.00,0.0,-0.1,4262
20.30,-27.379,-26.525,-93.8,0.00,CLEAR|STRAIGHT,,999.00,0.00,0.0,-0.1,4246
20.35,-27.378,-26.525,-93.8,0.00,CLEAR|STRAIGHT,,999.00,0.00,0.0,-0.2,4230
20.40,-27.378,-26.525,-93.8,0.00,CLEAR|STRAIGHT,,999.00,0.00,0.0,-0.2,4246
20.45,-27.378,-26.525,-93.8,0.00,CLEAR|STRAIGHT,,999.00,0.00,0.0,-0.2,4246
20.50,-27.378,-26.525,-93.8,0.00,CLEAR|STRAIGHT,,999.00,0.00,0.0,-0.2,4246
20.55,-27.378,-26.524,-93.8,-0.01,CLEAR|STRAIGHT,,999.00,0.00,0.0,-0.1,4230
20.60,-27.378,-26.524,-93.8,-0.01,CLEAR|STRAIGHT,,999.00,0.00,0.0,-0.1,4246
20.65,-27.377,-26.523,-93.9,-0.01,CLEAR|STRAIGHT,,999.00,0.00,0.0,-0.2,4246
20.70,-27.377,-26.523,-93.8,-0.01,CLEAR|STRAIGHT,,999.00,0.00,0.0,-0.1,4246
20.75,-27.378,-26.523,-93.8,-0.00,CLEAR|STRAIGHT,,999.00,0.00,0.0,-0.2,4246
20.80,-27.378,-26.523,-93.8,-0.00,CLEAR|STRAIGHT,,999.00,0.00,0.0,-0.1,4246
20.85,-27.379,-26.522,-93.8,-0.01,CLEAR|STRAIGHT,,999.00,0.00,0.0,-0.2,4246
20.90,-27.379,-26.522,-93.8,-0.01,CLEAR|STRAIGHT,,999.00,0.00,0.0,-0.2,4246
20.95,-27.377,-26.524,-93.8,0.01,CLEAR|STRAIGHT,,999.00,0.00,0.0,-0.1,4230
21.00,-27.377,-26.524,-93.9,0.01,CLEAR|STRAIGHT,,999.00,0.00,0.0,-0.1,4246
21.05,-27.378,-26.522,-93.8,-0.02,CLEAR|STRAIGHT,,999.00,0.00,0.0,-0.2,4246
21.10,-27.378,-26.522,-93.8,-0.02,CLEAR|STRAIGHT,,999.00,0.00,0.0,-0.2,4262
21.15,-27.378,-26.523,-93.8,0.01,CLEAR|STRAIGHT,,999.00,0.00,0.0,-0.2,4246
21.20,-27.378,-26.523,-93.8,0.01,CLEAR|STRAIGHT,,999.00,0.00,0.0,-0.2,4246
21.25,-27.379,-26.524,-93.8,0.01,CLEAR|STRAIGHT,,999.00,0.00,0.0,-0.1,4262
21.30,-27.379,-26.524,-93.8,0.01,CLEAR|STRAIGHT,,999.00,0.00,0.0,-0.1,4246
21.35,-27.380,-26.522,-93.8,-0.02,CLEAR|STRAIGHT,,999.00,0.00,0.0,-0.2,4246
21.40,-27.380,-26.522,-93.8,-0.02,CLEAR|STRAIGHT,,999.00,0.00,0.0,-0.2,4262
21.45,-27.381,-26.523,-93.8,0.01,CLEAR|STRAIGHT,,999.00,0.00,0.0,-0.2,4246
21.50,-27.381,-26.523,-93.8,0.01,CLEAR|STRAIGHT,,999.00,0.00,0.0,-0.2,4246
21.55,-27.381,-26.523,-93.8,0.01,CLEAR|STRAIGHT,,999.00,0.00,0.0,-0.2,4230
21.60,-27.379,-26.523,-93.8,0.00,CLEAR|STRAIGHT,,999.00,0.00,0.0,-0.1,4246
21.65,-27.379,-26.523,-93.8,0.00,CLEAR|STRAIGHT,,999.00,0.00,0.0,-0.2,4246
21.70,-27.379,-26.523,-93.8,0.00,CLEAR|STRAIGHT,,999.00,0.00,0.0,-0.1,4262
21.75,-27.378,-26.521,-93.8,-0.01,CLEAR|STRAIGHT,,999.00,0.00,0.0,-0.1,4230
21.80,-27.378,-26.521,-93.9,-0.01,CLEAR|STRAIGHT,,999.00,0.00,0.0,-0.1,4246
21.85,-27.379,-26.521,-93.9,-0.00,CLEAR|STRAIGHT,,999.00,0.00,0.0,-0.1,4246
21.90,-27.379,-26.521,-93.9,-0.00,CLEAR|STRAIGHT,,999.00,0.00,0.0,-0.1,4246
21.95,-27.378,-26.523,-93.9,0.02,CLEAR|STRAIGHT,,999.00,0.00,0.0,-0.1,4246
22.00,-27.378,-26.523,-93.9,0.02,CLEAR|STRAIGHT,,999.00,0.00,0.0,-0.2,4246
22.05,-27.379,-26.521,-93.9,-0.02,CLEAR|STRAIGHT,,999.00,0.00,0.0,-0.1,4230
22.10,-27.379,-26.521,-93.9,-0.02,CLEAR|STRAIGHT,,999.00,0.00,0.0,-0.2,4262
22.15,-27.381,-26.522,-93.9,0.01,CLEAR|STRAIGHT,,999.00,0.00,0.0,-0.1,4246
22.20,-27.381,-26.522,-93.9,0.01,CLEAR|STRAIGHT,,999.00,0.00,0.0,-0.2,4246
22.25,-27.381,-26.521,-93.9,-0.01,CLEAR|STRAIGHT,,999.00,0.00,0.0,-0.1,4246
22.30,-27.381,-26.521,-93.9,-0.01,CLEAR|STRAIGHT,,999.00,0.00,0.0,-0.1,4246
22.35,-27.380,-26.521,-93.8,-0.00,CLEAR|STRAIGHT,,999.00,0.00,0.0,-0.1,4246
22.40,-27.380,-26.521,-93.9,-0.00,CLEAR|STRAIGHT,,999.00,0.00,0.0,-0.1,4246
22.45,-27.381,-26.522,-93.9,0.01,CLEAR|STRAIGHT,,999.00,0.00,0.0,-0.1,4262
22.50,-27.381,-26.522,-93.8,0.01,CLEAR|STRAIGHT,,999.00,0.00,0.0,-0.1,4246
22.55,-27.380,-26.522,-93.8,0.01,CLEAR|STRAIGHT,,999.00,0.00,0.0,-0.1,4246
22.60,-27.380,-26.522,-93.9,0.01,CLEAR|STRAIGHT,,999.00,0.00,0.0,-0.1,4230
22.65,-27.381,-26.521,-93.9,-0.01,CLEAR|STRAIGHT,,999.00,0.00,0.0,-0.2,4262
22.70,-27.381,-26.521,-93.9,-0.01,CLEAR|STRAIGHT,,999.00,0.00,0.0,-0.1,4246
22.75,-27.381,-26.522,-93.9,0.00,CLEAR|STRAIGHT,,999.00,0.00,0.0,-0.1,4246
22.80,-27.381,-26.522,-93.9,0.00,CLEAR|STRAIGHT,,999.00,0.00,0.0,-0.2,4262
22.85,-27.379,-26.523,-93.9,0.01,CLEAR|STRAIGHT,,999.00,0.00,0.0,-0.1,4246
22.90,-27.379,-26.523,-93.9,0.01,CLEAR|STRAIGHT,,999.00,0.00,0.0,-0.1,4230
22.95,-27.379,-26.523,-93.9,0.01,CLEAR|STRAIGHT,,999.00,0.00,0.0,-0.1,4246
23.00,-27.379,-26.523,-93.9,-0.00,CLEAR|STRAIGHT,,999.00,0.00,0.0,-0.1,4246
23.05,-27.379,-26.523,-93.9,-0.00,CLEAR|STRAIGHT,,999.00,0.00,0.0,-0.1,4230
23.10,-27.379,-26.523,-93.9,-0.00,CLEAR|STRAIGHT,,999.00,0.00,0.0,-0.1,4246
23.15,-27.380,-26.525,-93.9,0.01,CLEAR|STRAIGHT,,999.00,0.00,0.0,-0.2,4262
23.20,-27.380,-26.525,-93.9,0.01,CLEAR|STRAIGHT,,999.00,0.00,0.0,-0.2,4246
23.25,-27.379,-26.522,-93.9,-0.03,CLEAR|STRAIGHT,,999.00,0.00,0.0,-0.1,4246
23.30,-27.379,-26.522,-93.9,-0.03,CLEAR|STRAIGHT,,999.00,0.00,0.0,-0.1,4246
23.35,-27.379,-26.523,-93.9,0.02,CLEAR|STRAIGHT,,999.00,0.00,0.0,-0.2,4246
23.40,-27.379,-26.523,-93.9,0.02,CLEAR|STRAIGHT,,999.00,0.00,0.0,-0.2,4246
23.45,-27.379,-26.523,-93.9,0.02,CLEAR|STRAIGHT,,999.00,0.00,0.0,-0.1,4246
23.50,-27.379,-26.523,-93.9,0.02,CLEAR|STRAIGHT,,999.00,0.00,0.0,-0.1,4246
23.55,-26.915,-25.720,-93.9,-4.63,CLEAR|STRAIGHT,,999.00,0.00,0.0,-0.1,4230
23.60,-26.915,-25.720,-93.9,-4.63,CLEAR|STRAIGHT,,999.00,0.00,0.0,-0.2,4230
23.65,-26.915,-25.720,-93.9,-4.63,CLEAR|STRAIGHT,,999.00,0.00,0.0,-0.1,4230
23.70,-26.821,-25.601,-93.9,-0.73,CLEAR|STRAIGHT,,999.00,0.00,0.0,-0.1,4230
23.75,-26.821,-25.601,-93.9,-0.73,CLEAR|STRAIGHT,,999.00,0.00,0.0,-0.2,4246
23.80,-26.821,-25.601,-93.9,-0.73,CLEAR|STRAIGHT,,999.00,0.00,0.0,-0.1,4246
23.85,-26.809,-25.590,-93.9,-0.08,CLEAR|STRAIGHT,,999.00,0.00,0.0,-0.1,4246
23.90,-26.809,-25.590,-93.9,-0.08,CLEAR|STRAIGHT,,999.00,0.00,0.0,-0.2,4230
23.95,-26.807,-25.588,-93.9,-0.02,CLEAR|STRAIGHT,,999.00,0.00,0.0,-0.2,4230
24.00,-26.807,-25.588,-93.9,-0.02,CLEAR|STRAIGHT,,999.00,0.00,0.0,-0.2,4246
24.05,-26.805,-25.588,-93.9,-0.01,CLEAR|STRAIGHT,,999.00,0.00,0.0,-0.2,4246
24.10,-26.805,-25.588,-93.9,-0.01,CLEAR|STRAIGHT,,999.00,0.00,0.0,-0.2,4246
24.15,-26.805,-25.588,-93.9,-0.01,CLEAR|STRAIGHT,,999.00,0.00,0.0,-0.2,4246
24.20,-26.805,-25.588,-93.9,-0.01,CLEAR|STRAIGHT,,999.00,0.00,0.0,-0.2,4246
24.25,-26.815,-25.587,-93.9,0.00,CLEAR|STRAIGHT,,999.00,0.00,0.0,-0.1,4230
24.30,-26.815,-25.587,-93.9,0.00,CLEAR|STRAIGHT,,999.00,0.00,0.0,-0.1,4230
24.35,-26.817,-25.589,-93.9,0.02,CLEAR|STRAIGHT,,999.00,0.00,0.0,-0.1,4246
24.40,-26.817,-25.589,-93.9,0.02,CLEAR|STRAIGHT,,999.00,0.00,0.0,-0.2,4246
24.45,-26.818,-25.591,-93.9,0.02,CLEAR|STRAIGHT,,999.00,0.00,0.0,-0.2,4246
24.50,-26.818,-25.591,-93.9,0.02,CLEAR|STRAIGHT,,999.00,0.00,0.0,-0.2,4246
24.55,-26.819,-25.591,-93.9,0.01,CLEAR|STRAIGHT,,999.00,0.00,0.0,-0.1,4246
24.60,-26.819,-25.591,-93.9,0.01,CLEAR|STRAIGHT,,999.00,0.00,0.0,-0.1,4246
24.65,-26.817,-25.591,-93.9,-0.01,CLEAR|STRAIGHT,,999.00,0.00,0.0,-0.1,4246
24.70,-26.817,-25.591,-93.9,-0.01,CLEAR|STRAIGHT,,999.00,0.00,0.0,-0.1,4230
24.75,-26.817,-25.592,-93.9,0.01,CLEAR|STRAIGHT,,999.00,0.00,0.0,-0.1,4230
24.80,-26.817,-25.592,-93.9,0.01,CLEAR|STRAIGHT,,999.00,0.00,0.0,-0.1,4246
24.85,-26.818,-25.593,-93.9,0.02,CLEAR|STRAIGHT,,999.00,0.00,0.0,-0.1,4262
24.90,-26.818,-25.593,-93.9,0.02,CLEAR|STRAIGHT,,999.00,0.00,0.0,-0.1,4230
24.95,-26.818,-25.593,-93.9,0.02,CLEAR|STRAIGHT,,999.00,0.00,0.0,-0.1,4246
25.00,-26.819,-25.591,-93.9,-0.02,CLEAR|STRAIGHT,,999.00,0.00,0.0,-0.1,4246
25.05,-26.819,-25.591,-93.9,-0.02,CLEAR|STRAIGHT,,999.00,0.00,0.0,-0.1,4246
25.10,-26.819,-25.591,-93.9,-0.02,CLEAR|STRAIGHT,,999.00,0.00,0.0,-0.2,4246
25.15,-26.816,-25.593,-93.9,0.01,CLEAR|STRAIGHT,,999.00,0.00,0.0,-0.2,4230
25.20,-26.816,-25.593,-93.9,0.01,CLEAR|STRAIGHT,,999.00,0.00,0.0,-0.2,4230
25.25,-26.808,-25.521,-93.9,-0.72,CLEAR|STRAIGHT,,999.00,0.00,0.0,-0.1,4230
25.30,-26.808,-25.521,-93.9,-0.72,CLEAR|STRAIGHT,,999.00,0.00,0.0,-0.2,4246
25.35,-26.811,-25.513,-93.9,-0.08,CLEAR|STRAIGHT,,999.00,0.00,0.0,-0.1,4230
25.40,-26.811,-25.513,-93.9,-0.08,CLEAR|STRAIGHT,,999.00,0.00,0.0,-0.2,4246
25.45,-26.809,-25.515,-93.9,0.02,CLEAR|STRAIGHT,,999.00,0.00,0.0,-0.2,4246
25.50,-26.809,-25.515,-93.9,0.02,CLEAR|STRAIGHT,,999.00,0.00,0.0,-0.1,4246
25.55,-26.809,-25.514,-93.9,-0.01,CLEAR|STRAIGHT,,999.00,0.00,0.0,-0.1,4246
25.60,-26.809,-25.514,-93.9,-0.01,CLEAR|STRAIGHT,,999.00,0.00,0.0,-0.1,4246
25.65,-26.809,-25.514,-93.9,-0.01,CLEAR|STRAIGHT,,999.00,0.00,0.0,-0.1,4246
25.70,-26.809,-25.513,-93.9,-0.01,CLEAR|STRAIGHT,,999.00,0.00,0.0,-0.2,4246
25.75,-26.809,-25.513,-93.9,-0.01,CLEAR|STRAIGHT,,999.00,0.00,0.0,-0.1,4230
25.80,-26.809,-25.513,-93.9,-0.01,CLEAR|STRAIGHT,,999.00,0.00,0.0,-0.1,4246
25.85,-26.811,-25.513,-93.9,-0.00,CLEAR|STRAIGHT,,999.00,0.00,0.0,-0.1,4246
25.90,-26.811,-25.513,-93.9,-0.00,CLEAR|STRAIGHT,,999.00,0.00,0.0,-0.1,4230
25.95,-26.810,-25.513,-93.9,-0.00,CLEAR|STRAIGHT,,999.00,0.00,0.0,-0.2,4246
26.00,-26.810,-25.513,-93.9,-0.00,CLEAR|STRAIGHT,,999.00,0.00,0.0,-0.1,4262
26.05,-26.809,-25.514,-93.9,0.01,CLEAR|STRAIGHT,,999.00,0.00,0.0,-0.1,4246
26.10,-26.809,-25.514,-93.9,0.01,CLEAR|STRAIGHT,,999.00,0.00,0.0,-0.1,4246
26.15,-26.808,-25.515,-94.0,0.01,CLEAR|STRAIGHT,,999.00,0.00,0.0,-0.1,4246
26.20,-26.808,-25.515,-94.0,0.01,CLEAR|STRAIGHT,,999.00,0.00,0.0,-0.1,4246
26.25,-26.808,-25.516,-93.9,0.01,CLEAR|STRAIGHT,,999.00,0.00,0.0,0.0,4246
26.30,-26.808,-25.516,-93.9,0.01,CLEAR|STRAIGHT,,999.00,0.00,0.0,-0.3,4246
26.35,-26.808,-25.516,-94.0,0.00,CLEAR|STRAIGHT,,999.00,0.00,0.0,-0.1,4246
26.40,-26.808,-25.516,-94.0,0.00,CLEAR|STRAIGHT,,999.00,0.00,0.0,-0.1,4230
26.45,-26.806,-25.517,-94.0,0.01,CLEAR|STRAIGHT,,999.00,0.00,0.0,-0.2,4230
26.50,-26.806,-25.517,-93.9,0.01,CLEAR|STRAIGHT,,999.00,0.00,0.0,-0.1,4246
26.55,-26.805,-25.518,-93.9,0.00,CLEAR|STRAIGHT,,999.00,0.00,0.0,-0.1,4262
26.60,-26.805,-25.518,-93.9,0.00,CLEAR|STRAIGHT,,999.00,0.00,0.0,-0.1,4246
26.65,-26.806,-25.518,-93.9,0.00,CLEAR|STRAIGHT,,999.00,0.00,0.0,-0.2,4246
26.70,-26.806,-25.518,-94.0,0.00,CLEAR|STRAIGHT,,999.00,0.00,0.0,-0.1,4230
26.75,-26.806,-25.518,-94.0,0.00,CLEAR|STRAIGHT,,999.00,0.00,0.0,-0.2,4246
26.80,-26.806,-25.518,-94.0,0.00,CLEAR|STRAIGHT,,999.00,0.00,0.0,-0.1,4246
26.85,-26.807,-25.516,-94.0,-0.02,CLEAR|STRAIGHT,,999.00,0.00,0.0,-0.1,4230
26.90,-26.807,-25.516,-94.0,-0.02,CLEAR|STRAIGHT,,999.00,0.00,0.0,-0.1,4246
26.95,-26.807,-25.516,-94.0,0.00,CLEAR|STRAIGHT,,999.00,0.00,0.0,-0.2,4246
27.00,-26.807,-25.516,-93.9,0.00,CLEAR|STRAIGHT,,999.00,0.00,0.0,-0.1,4246
27.05,-26.808,-25.514,-94.0,-0.02,CLEAR|STRAIGHT,,999.00,0.00,0.0,-0.1,4246
27.10,-26.808,-25.514,-93.9,-0.02,CLEAR|STRAIGHT,,999.00,0.00,0.0,-0.2,4246
27.15,-26.808,-25.514,-93.9,-0.02,CLEAR|STRAIGHT,,999.00,0.00,0.0,-0.2,4246
27.20,-26.830,-25.497,-94.0,-0.12,CLEAR|STRAIGHT,,999.00,0.00,0.0,-0.1,4230
27.25,-26.830,-25.497,-94.0,-0.12,CLEAR|STRAIGHT,,999.00,0.00,0.0,-0.2,4246
27.30,-26.830,-25.497,-94.0,-0.12,CLEAR|STRAIGHT,,999.00,0.00,0.0,-0.1,4246
27.35,-26.846,-25.487,-94.0,-0.06,CLEAR|STRAIGHT,,999.00,0.00,0.0,-0.1,4246
27.40,-26.846,-25.487,-94.0,-0.06,CLEAR|STRAIGHT,,999.00,0.00,0.0,-0.1,4246
27.45,-26.845,-25.491,-94.0,0.04,CLEAR|STRAIGHT,,999.00,0.00,0.0,-0.1,4246
27.50,-26.845,-25.491,-94.0,0.04,CLEAR|STRAIGHT,,999.00,0.00,0.0,-0.1,4246
27.55,-26.846,-25.492,-94.0,0.02,CLEAR|STRAIGHT,,999.00,0.00,0.0,-0.1,4246
27.60,-26.846,-25.492,-94.0,0.02,CLEAR|STRAIGHT,,999.00,0.00,0.0,-0.1,4246
27.65,-26.846,-25.492,-94.0,0.02,CLEAR|STRAIGHT,,999.00,0.00,0.0,-0.1,4246
27.70,-26.844,-25.496,-94.0,0.02,CLEAR|STRAIGHT,,999.00,0.00,0.0,-0.1,4246
27.75,-26.844,-25.496,-94.0,0.02,CLEAR|STRAIGHT,,999.00,0.00,0.0,-0.1,4246
27.80,-26.844,-25.496,-94.0,0.02,CLEAR|STRAIGHT,,999.00,0.00,0.0,-0.1,4246
27.85,-26.845,-25.497,-94.0,0.01,CLEAR|STRAIGHT,,999.00,0.00,0.0,-0.1,4246
27.90,-26.845,-25.497,-94.0,0.01,CLEAR|STRAIGHT,,999.00,0.00,0.0,-0.1,4246
27.95,-26.846,-25.498,-94.0,0.01,CLEAR|STRAIGHT,,999.00,0.00,0.0,-0.1,4262
28.00,-26.846,-25.498,-94.0,0.01,CLEAR|STRAIGHT,,999.00,0.00,0.0,-0.2,4246
28.05,-26.845,-25.501,-94.0,0.03,CLEAR|STRAIGHT,,999.00,0.00,0.0,-0.1,4246
28.10,-26.845,-25.501,-94.0,0.03,CLEAR|STRAIGHT,,999.00,0.00,0.0,-0.2,4230
28.15,-26.845,-25.502,-94.0,0.01,CLEAR|STRAIGHT,,999.00,0.00,0.0,-0.1,4246
28.20,-26.845,-25.502,-94.0,0.01,CLEAR|STRAIGHT,,999.00,0.00,0.0,-0.2,4246
28.25,-26.847,-25.503,-94.0,0.02,CLEAR|STRAIGHT,,999.00,0.00,0.0,-0.2,4230
28.30,-26.847,-25.503,-94.0,0.02,CLEAR|STRAIGHT,,999.00,0.00,0.0,-0.2,4246
28.35,-26.845,-25.506,-94.0,0.02,CLEAR|STRAIGHT,,999.00,0.00,0.0,-0.1,4246
28.40,-26.845,-25.506,-94.0,0.02,CLEAR|STRAIGHT,,999.00,0.00,0.0,-0.1,4230
28.45,-26.848,-25.505,-94.0,-0.01,CLEAR|STRAIGHT,,999.00,0.00,0.0,-0.1,4246
28.50,-26.848,-25.505,-94.0,-0.01,CLEAR|STRAIGHT,,999.00,0.00,0.0,-0.2,4246
28.55,-26.847,-25.507,-94.0,0.02,CLEAR|STRAIGHT,,999.00,0.00,0.0,-0.1,4262
28.60,-26.847,-25.507,-94.0,0.02,CLEAR|STRAIGHT,,999.00,0.00,0.0,-0.1,4246
28.65,-26.845,-25.506,-94.0,-0.01,CLEAR|STRAIGHT,,999.00,0.00,0.0,-0.2,4246
28.70,-26.845,-25.506,-94.0,-0.01,CLEAR|STRAIGHT,,999.00,0.00,0.0,-0.2,4246
28.75,-26.848,-25.507,-94.0,0.01,CLEAR|STRAIGHT,,999.00,0.00,0.0,-0.1,4230
28.80,-26.848,-25.507,-94.0,0.01,CLEAR|STRAIGHT,,999.00,0.00,0.0,-0.2,4246
28.85,-26.846,-25.509,-94.0,0.01,CLEAR|STRAIGHT,,999.00,0.00,0.0,-0.1,4262
28.90,-26.846,-25.509,-94.0,0.01,CLEAR|STRAIGHT,,999.00,0.00,0.0,-0.1,4246
28.95,-26.846,-25.509,-94.0,0.01,CLEAR|STRAIGHT,,999.00,0.00,0.0,-0.1,4246
29.00,-26.846,-25.506,-94.0,-0.02,CLEAR|STRAIGHT,,999.00,0.00,0.0,-0.1,4246
29.05,-26.846,-25.506,-94.0,-0.02,CLEAR|STRAIGHT,,999.00,0.00,0.0,-0.2,4246
29.10,-26.846,-25.506,-94.0,-0.02,CLEAR|STRAIGHT,,999.00,0.00,0.0,-0.2,4246
29.15,-27.391,-26.429,-94.0,5.32,CLEAR|STRAIGHT,,999.00,0.00,0.0,-0.1,4246
29.20,-27.391,-26.429,-94.0,5.32,CLEAR|STRAIGHT,,999.00,0.00,0.0,-0.1,4246
29.25,-27.391,-26.435,-94.0,0.06,CLEAR|STRAIGHT,,999.00,0.00,0.0,-0.1,4246
29.30,-27.391,-26.435,-94.0,0.06,CLEAR|STRAIGHT,,999.00,0.00,0.0,-0.2,4246
29.35,-27.390,-26.432,-94.0,-0.03,CLEAR|STRAIGHT,,999.00,0.00,0.0,-0.1,4230
29.40,-27.390,-26.432,-94.0,-0.03,CLEAR|STRAIGHT,,999.00,0.00,0.0,-0.1,4246
29.45,-27.392,-26.432,-94.0,-0.00,CLEAR|STRAIGHT,,999.00,0.00,0.0,-0.1,4230
29.50,-27.392,-26.432,-94.0,-0.00,CLEAR|STRAIGHT,,999.00,0.00,0.0,-0.2,4246
29.55,-27.394,-26.434,-94.0,0.02,CLEAR|STRAIGHT,,999.00,0.00,0.0,-0.2,4230
29.60,-27.394,-26.434,-94.0,0.02,CLEAR|STRAIGHT,,999.00,0.00,0.0,-0.2,4246
29.65,-27.394,-26.434,-94.0,0.02,CLEAR|STRAIGHT,,999.00,0.00,0.0,-0.1,4246
29.70,-27.392,-26.434,-94.0,0.00,CLEAR|STRAIGHT,,999.00,0.00,0.0,-0.1,4230
29.75,-27.392,-26.434,-94.0,0.00,CLEAR|STRAIGHT,,999.00,0.00,0.0,-0.1,4246
29.80,-27.392,-26.434,-94.0,0.00,CLEAR|STRAIGHT,,999.00,0.00,0.0,-0.1,4246
29.85,-27.391,-26.436,-94.0,0.01,CLEAR|STRAIGHT,,999.00,0.00,0.0,-0.1,4246
29.90,-27.391,-26.436,-94.0,0.01,CLEAR|STRAIGHT,,999.00,0.00,0.0,-0.2,4246
29.95,-27.393,-26.434,-94.0,-0.01,CLEAR|STRAIGHT,,999.00,0.00,0.0,-0.1,4246
30.00,-27.393,-26.434,-94.0,-0.01,CLEAR|STRAIGHT,,999.00,0.00,0.0,-0.1,4246
30.05,-27.393,-26.435,-94.0,0.01,CLEAR|STRAIGHT,,999.00,0.00,0.0,-0.1,4246
30.10,-27.393,-26.435,-94.0,0.01,CLEAR|STRAIGHT,,999.00,0.00,0.0,-0.2,4246
30.15,-27.383,-26.437,-94.0,0.02,CLEAR|STRAIGHT,,999.00,0.00,0.0,-0.1,4246
30.20,-27.383,-26.437,-94.0,0.02,CLEAR|STRAIGHT,,999.00,0.00,0.0,-0.2,4246
30.25,-27.383,-26.436,-94.0,-0.02,CLEAR|STRAIGHT,,999.00,0.00,0.0,-0.1,4246
30.30,-27.383,-26.436,-94.0,-0.02,CLEAR|STRAIGHT,,999.00,0.00,0.0,-0.1,4230
30.35,-27.383,-26.437,-94.0,0.01,CLEAR|STRAIGHT,,999.00,0.00,0.0,-0.2,4246
30.40,-27.383,-26.437,-94.0,0.01,CLEAR|STRAIGHT,,999.00,0.00,0.0,-0.1,4246
30.45,-27.383,-26.437,-94.0,-0.00,CLEAR|STRAIGHT,,999.00,0.00,0.0,-0.1,4246
30.50,-27.383,-26.437,-94.0,-0.00,CLEAR|STRAIGHT,,999.00,0.00,0.0,-0.1,4230
30.55,-27.384,-26.433,-94.0,-0.03,CLEAR|STRAIGHT,,999.00,0.00,0.0,-0.1,4246
30.60,-27.384,-26.433,-94.0,-0.03,CLEAR|STRAIGHT,,999.00,0.00,0.0,-0.1,4246
30.65,-27.384,-26.437,-94.0,0.03,CLEAR|STRAIGHT,,999.00,0.00,0.0,-0.1,4230
30.70,-27.384,-26.437,-94.0,0.03,CLEAR|STRAIGHT,,999.00,0.00,0.0,-0.1,4246
30.75,-27.385,-26.436,-94.0,-0.01,CLEAR|STRAIGHT,,999.00,0.00,0.0,-0.1,4246
30.80,-27.385,-26.436,-94.0,-0.01,CLEAR|STRAIGHT,,999.00,0.00,0.0,-0.1,4246
30.85,-27.386,-26.435,-94.0,-0.00,CLEAR|STRAIGHT,,999.00,0.00,0.0,-0.1,4262
30.90,-27.386,-26.435,-94.0,-0.00,CLEAR|STRAIGHT,,999.00,0.00,0.0,-0.1,4246
30.95,-27.392,-26.431,-94.0,-0.03,CLEAR|STRAIGHT,,999.00,0.00,0.0,-0.1,4230
31.00,-27.392,-26.431,-94.0,-0.03,CLEAR|STRAIGHT,,999.00,0.00,0.0,-0.2,4246
31.05,-27.392,-26.431,-94.0,-0.03,CLEAR|STRAIGHT,,999.00,0.00,0.0,-0.1,4246
31.10,-27.392,-26.431,-94.0,-0.03,CLEAR|STRAIGHT,,999.00,0.00,0.0,-0.1,4246
31.15,-27.393,-26.433,-94.0,0.01,CLEAR|STRAIGHT,,999.00,0.00,0.0,-0.1,4246
31.20,-27.393,-26.433,-94.0,0.01,CLEAR|STRAIGHT,,999.00,0.00,0.0,-0.1,4230
31.25,-27.394,-26.434,-94.0,0.01,CLEAR|STRAIGHT,,999.00,0.00,0.0,-0.1,4230
31.30,-27.394,-26.434,-94.0,0.01,CLEAR|STRAIGHT,,999.00,0.00,0.0,-0.1,4230
31.35,-27.395,-26.432,-94.0,-0.01,CLEAR|STRAIGHT,,999.00,0.00,0.0,-0.1,4246
31.40,-27.395,-26.432,-94.0,-0.01,CLEAR|STRAIGHT,,999.00,0.00,0.0,-0.1,4230
31.45,-27.396,-26.430,-94.0,-0.02,CLEAR|STRAIGHT,,999.00,0.00,0.0,-0.1,4246
31.50,-27.396,-26.430,-94.0,-0.02,CLEAR|STRAIGHT,,999.00,0.00,0.0,-0.1,4246
31.55,-27.394,-26.431,-94.0,0.00,CLEAR|STRAIGHT,,999.00,0.00,0.0,-0.1,4230
31.60,-27.394,-26.431,-94.0,0.00,CLEAR|STRAIGHT,,999.00,0.00,0.0,-0.1,4246
31.65,-27.394,-26.431,-94.0,0.00,CLEAR|STRAIGHT,,999.00,0.00,0.0,-0.2,4246
31.70,-27.394,-26.431,-94.0,0.00,CLEAR|STRAIGHT,,999.00,0.00,0.0,-0.1,4246
31.75,-27.394,-26.431,-94.0,0.00,CLEAR|STRAIGHT,,999.00,0.00,0.0,-0.1,4246
31.80,-27.394,-26.431,-94.0,0.00,CLEAR|STRAIGHT,,999.00,0.00,0.0,-0.1,4246
31.85,-27.395,-26.431,-94.0,0.00,CLEAR|STRAIGHT,,999.00,0.00,0.0,-0.1,4246
31.90,-27.395,-26.431,-94.0,0.00,CLEAR|STRAIGHT,,999.00,0.00,0.0,-0.2,4246
31.95,-27.395,-26.430,-94.0,-0.01,CLEAR|STRAIGHT,,999.00,0.00,0.0,-0.1,4230
32.00,-27.395,-26.430,-94.0,-0.01,CLEAR|STRAIGHT,,999.00,0.00,0.0,-0.2,4246
32.05,-27.396,-26.428,-94.0,-0.02,CLEAR|STRAIGHT,,999.00,0.00,0.0,-0.2,4246
32.10,-27.396,-26.428,-94.0,-0.02,CLEAR|STRAIGHT,,999.00,0.00,0.0,-0.1,4246
32.15,-27.394,-26.431,-94.0,0.03,CLEAR|STRAIGHT,,999.00,0.00,0.0,-0.1,4262
32.20,-27.394,-26.431,-94.0,0.03,CLEAR|STRAIGHT,,999.00,0.00,0.0,-0.1,4230
32.25,-27.394,-26.432,-94.0,0.01,CLEAR|STRAIGHT,,999.00,0.00,0.0,-0.2,4246
32.30,-27.394,-26.432,-94.0,0.01,CLEAR|STRAIGHT,,999.00,0.00,0.0,-0.1,4246
32.35,-27.393,-26.433,-94.0,0.00,CLEAR|STRAIGHT,,999.00,0.00,0.0,-0.2,4246
32.40,-27.393,-26.433,-94.0,0.00,CLEAR|STRAIGHT,,999.00,0.00,0.0,-0.1,4246
32.45,-27.392,-26.434,-94.0,0.02,CLEAR|STRAIGHT,,999.00,0.00,0.0,-0.1,4246
32.50,-27.392,-26.434,-94.0,0.02,CLEAR|STRAIGHT,,999.00,0.00,0.0,-0.2,4230
32.55,-27.393,-26.433,-94.0,-0.01,CLEAR|STRAIGHT,,999.00,0.00,0.0,-0.2,4246
32.60,-27.393,-26.433,-94.0,-0.01,CLEAR|STRAIGHT,,999.00,0.00,0.0,-0.2,4230
32.65,-27.393,-26.432,-94.0,-0.01,CLEAR|STRAIGHT,,999.00,0.00,0.0,-0.2,4230
32.70,-27.393,-26.432,-94.0,-0.01,CLEAR|STRAIGHT,,999.00,0.00,0.0,-0.2,4246
32.75,-27.394,-26.432,-94.0,0.00,CLEAR|STRAIGHT,,999.00,0.00,0.0,-0.2,4262
32.80,-27.394,-26.432,-94.0,0.00,CLEAR|STRAIGHT,,999.00,0.00,0.0,-0.1,4230
32.85,-27.393,-26.434,-94.0,0.01,CLEAR|STRAIGHT,,999.00,0.00,0.0,-0.1,4246
32.90,-27.393,-26.434,-94.0,0.01,CLEAR|STRAIGHT,,999.00,0.00,0.0,-0.2,4246
32.95,-27.393,-26.432,-94.0,-0.01,CLEAR|STRAIGHT,,999.00,0.00,0.0,-0.2,4246
33.00,-27.393,-26.432,-94.0,-0.01,CLEAR|STRAIGHT,,999.00,0.00,0.0,-0.1,4262
33.05,-27.393,-26.433,-94.0,0.00,CLEAR|STRAIGHT,,999.00,0.00,0.0,-0.2,4246
33.10,-27.393,-26.433,-94.0,0.00,CLEAR|STRAIGHT,,999.00,0.00,0.0,-0.1,4246
33.15,-27.394,-26.433,-94.0,0.01,CLEAR|STRAIGHT,,999.00,0.00,0.0,-0.2,4246
33.20,-27.394,-26.433,-94.0,0.01,CLEAR|STRAIGHT,,999.00,0.00,0.0,-0.2,4246
33.25,-27.391,-26.434,-94.0,0.01,CLEAR|STRAIGHT,,999.00,0.00,0.0,-0.1,4246
33.30,-27.391,-26.434,-94.0,0.01,CLEAR|STRAIGHT,,999.00,0.00,0.0,-0.1,4246
33.35,-27.392,-26.435,-94.0,0.01,CLEAR|STRAIGHT,,999.00,0.00,0.0,-0.1,4246
33.40,-27.392,-26.435,-94.0,0.01,CLEAR|STRAIGHT,,999.00,0.00,0.0,-0.2,4230
33.45,-27.393,-26.433,-94.0,-0.02,CLEAR|STRAIGHT,,999.00,0.00,0.0,-0.2,4246
33.50,-27.393,-26.433,-94.0,-0.02,CLEAR|STRAIGHT,,999.00,0.00,0.0,-0.2,4246
33.55,-27.393,-26.432,-94.0,-0.00,CLEAR|STRAIGHT,,999.00,0.00,0.0,-0.1,4246
33.60,-27.393,-26.432,-94.0,-0.00,CLEAR|STRAIGHT,,999.00,0.00,0.0,-0.1,4246
33.65,-27.393,-26.432,-94.0,-0.00,CLEAR|STRAIGHT,,999.00,0.00,0.0,-0.1,4230
33.70,-27.394,-26.432,-94.0,-0.00,CLEAR|STRAIGHT,,999.00,0.00,0.0,-0.1,4246
33.75,-27.394,-26.432,-94.0,-0.00,CLEAR|STRAIGHT,,999.00,0.00,0.0,-0.1,4262
33.80,-27.394,-26.432,-94.0,-0.00,CLEAR|STRAIGHT,,999.00,0.00,0.0,-0.2,4246
33.85,-27.393,-26.433,-94.0,0.01,CLEAR|STRAIGHT,,999.00,0.00,0.0,-0.1,4246
33.90,-27.393,-26.433,-94.0,0.01,CLEAR|STRAIGHT,,999.00,0.00,0.0,-0.1,4246
33.95,-27.392,-26.434,-94.0,0.01,CLEAR|STRAIGHT,,999.00,0.00,0.0,-0.1,4246
34.00,-27.392,-26.434,-94.0,0.01,CLEAR|STRAIGHT,,999.00,0.00,0.0,-0.2,4230
34.05,-27.393,-26.434,-94.0,-0.00,CLEAR|STRAIGHT,,999.00,0.00,0.0,-0.1,4230
34.10,-27.393,-26.434,-94.0,-0.00,CLEAR|STRAIGHT,,999.00,0.00,0.0,-0.2,4246
34.15,-27.393,-26.434,-94.0,-0.00,CLEAR|STRAIGHT,,999.00,0.00,0.0,-0.1,4262
34.20,-27.393,-26.434,-94.0,-0.00,CLEAR|STRAIGHT,,999.00,0.00,0.0,-0.1,4230
34.25,-27.393,-26.433,-94.0,-0.00,CLEAR|STRAIGHT,,999.00,0.00,0.0,-0.1,4246
34.30,-27.393,-26.433,-94.0,-0.00,CLEAR|STRAIGHT,,999.00,0.00,0.0,-0.2,4246
34.35,-27.392,-26.432,-94.0,-0.01,CLEAR|STRAIGHT,,999.00,0.00,0.0,-0.1,4246
34.40,-27.392,-26.432,-94.0,-0.01,CLEAR|STRAIGHT,,999.00,0.00,0.0,-0.2,4246
34.45,-27.392,-26.433,-94.0,0.01,CLEAR|STRAIGHT,,999.00,0.00,0.0,-0.1,4230
34.50,-27.392,-26.433,-94.0,0.01,CLEAR|STRAIGHT,,999.00,0.00,0.0,-0.1,4230
34.55,-27.393,-26.433,-94.0,-0.00,CLEAR|STRAIGHT,,999.00,0.00,0.0,-0.2,4262
34.60,-27.393,-26.433,-94.0,-0.00,CLEAR|STRAIGHT,,999.00,0.00,0.0,-0.2,4246
34.65,-27.392,-26.433,-94.0,0.00,CLEAR|STRAIGHT,,999.00,0.00,0.0,-0.2,4246
34.70,-27.392,-26.433,-94.0,0.00,CLEAR|STRAIGHT,,999.00,0.00,0.0,-0.2,4246
34.75,-27.393,-26.432,-94.0,-0.01,CLEAR|STRAIGHT,,999.00,0.00,0.0,-0.1,4246
34.80,-27.393,-26.432,-94.0,-0.01,CLEAR|STRAIGHT,,999.00,0.00,0.0,-0.1,4246
34.85,-27.394,-26.433,-94.0,0.01,CLEAR|STRAIGHT,,999.00,0.00,0.0,-0.1,4246
34.90,-27.394,-26.433,-94.0,0.01,CLEAR|STRAIGHT,,999.00,0.00,0.0,-0.2,4246
34.95,-27.394,-26.433,-94.0,0.01,CLEAR|STRAIGHT,,999.00,0.00,0.0,-0.2,4262
35.00,-27.393,-26.432,-94.0,-0.01,CLEAR|STRAIGHT,,999.00,0.00,0.0,-0.1,4246
35.05,-27.393,-26.432,-94.0,-0.01,CLEAR|STRAIGHT,,999.00,0.00,0.0,-0.1,4230
35.10,-27.393,-26.432,-94.0,-0.01,CLEAR|STRAIGHT,,999.00,0.00,0.0,-0.2,4246
35.15,-27.391,-26.434,-94.0,0.02,CLEAR|STRAIGHT,,999.00,0.00,0.0,-0.1,4246
35.20,-27.391,-26.434,-94.0,0.02,CLEAR|STRAIGHT,,999.00,0.00,0.0,-0.2,4246
35.25,-27.391,-26.432,-94.0,-0.03,CLEAR|STRAIGHT,,999.00,0.00,0.0,-0.1,4230
35.30,-27.391,-26.432,-94.0,-0.03,CLEAR|STRAIGHT,,999.00,0.00,0.0,-0.1,4246
35.35,-27.390,-26.433,-94.0,0.01,CLEAR|STRAIGHT,,999.00,0.00,0.0,-0.1,4246
35.40,-27.390,-26.433,-94.0,0.01,CLEAR|STRAIGHT,,999.00,0.00,0.0,-0.2,4246
35.45,-27.392,-26.433,-94.0,-0.00,CLEAR|STRAIGHT,,999.00,0.00,0.0,-0.2,4246
35.50,-27.392,-26.433,-94.0,-0.00,CLEAR|STRAIGHT,,999.00,0.00,0.0,-0.1,4230
35.55,-27.389,-26.434,-94.0,0.01,CLEAR|STRAIGHT,,999.00,0.00,0.0,-0.1,4246
35.60,-27.389,-26.434,-94.0,0.01,CLEAR|STRAIGHT,,999.00,0.00,0.0,-0.2,4246
35.65,-27.389,-26.434,-94.0,0.01,CLEAR|STRAIGHT,,999.00,0.00,0.0,-0.1,4246
35.70,-27.390,-26.432,-94.0,-0.01,CLEAR|STRAIGHT,,999.00,0.00,0.0,-0.2,4246
35.75,-27.390,-26.432,-94.0,-0.01,CLEAR|STRAIGHT,,999.00,0.00,0.0,-0.1,4230
35.80,-27.390,-26.432,-94.0,-0.01,CLEAR|STRAIGHT,,999.00,0.00,0.0,-0.1,4246
35.85,-27.392,-26.433,-94.0,0.00,CLEAR|STRAIGHT,,999.00,0.00,0.0,-0.2,4230
35.90,-27.392,-26.433,-94.0,0.00,CLEAR|STRAIGHT,,999.00,0.00,0.0,-0.1,4246
35.95,-27.390,-26.433,-94.0,-0.00,CLEAR|STRAIGHT,,999.00,0.00,0.0,-0.1,4246
36.00,-27.390,-26.433,-94.0,-0.00,CLEAR|STRAIGHT,,999.00,0.00,0.0,-0.2,4262
36.05,-27.392,-26.434,-94.0,0.02,CLEAR|STRAIGHT,,999.00,0.00,0.0,-0.1,4246
36.10,-27.392,-26.434,-94.0,0.02,CLEAR|STRAIGHT,,999.00,0.00,0.0,-0.1,4230
36.15,-27.391,-26.433,-94.0,-0.01,CLEAR|STRAIGHT,,999.00,0.00,0.0,-0.2,4246
36.20,-27.391,-26.433,-94.0,-0.01,CLEAR|STRAIGHT,,999.00,0.00,0.0,-0.2,4230
36.25,-27.394,-26.431,-94.0,-0.02,CLEAR|STRAIGHT,,999.00,0.00,0.0,-0.1,4246
36.30,-27.394,-26.431,-94.0,-0.02,CLEAR|STRAIGHT,,999.00,0.00,0.0,-0.1,4246
36.35,-27.395,-26.433,-94.0,0.02,CLEAR|STRAIGHT,,999.00,0.00,0.0,-0.2,4246
36.40,-27.395,-26.433,-94.0,0.02,CLEAR|STRAIGHT,,999.00,0.00,0.0,-0.1,4262
36.45,-27.394,-26.433,-94.0,0.00,CLEAR|STRAIGHT,,999.00,0.00,0.0,-0.2,4246
36.50,-27.394,-26.433,-94.0,0.00,CLEAR|STRAIGHT,,999.00,0.00,0.0,-0.1,4230
36.55,-27.394,-26.432,-94.0,-0.01,CLEAR|STRAIGHT,,999.00,0.00,0.0,-0.1,4262
36.60,-27.394,-26.432,-94.0,-0.01,CLEAR|STRAIGHT,,999.00,0.00,0.0,-0.1,4246
36.65,-27.395,-26.433,-94.0,0.01,CLEAR|STRAIGHT,,999.00,0.00,0.0,-0.2,4246
36.70,-27.395,-26.433,-94.0,0.01,CLEAR|STRAIGHT,,999.00,0.00,0.0,-0.2,4262
36.75,-27.394,-26.434,-94.0,0.01,CLEAR|STRAIGHT,,999.00,0.00,0.0,-0.2,4262
36.80,-27.394,-26.434,-94.0,0.01,CLEAR|STRAIGHT,,999.00,0.00,0.0,-0.2,4246
36.85,-27.393,-26.434,-94.0,0.01,CLEAR|STRAIGHT,,999.00,0.00,0.0,-0.2,4230
36.90,-27.393,-26.434,-94.0,0.01,CLEAR|STRAIGHT,,999.00,0.00,0.0,-0.1,4246
36.95,-27.393,-26.434,-94.0,0.01,CLEAR|STRAIGHT,,999.00,0.00,0.0,-0.2,4230
37.00,-27.395,-26.433,-94.0,-0.01,CLEAR|STRAIGHT,,999.00,0.00,0.0,-0.1,4246
37.05,-27.395,-26.433,-94.0,-0.01,CLEAR|STRAIGHT,,999.00,0.00,0.0,-0.2,4246
37.10,-27.395,-26.433,-94.0,-0.01,CLEAR|STRAIGHT,,999.00,0.00,0.0,-0.1,4246
37.15,-27.393,-26.433,-94.0,0.00,CLEAR|STRAIGHT,,999.00,0.00,0.0,-0.1,4246
37.20,-27.393,-26.433,-94.0,0.00,CLEAR|STRAIGHT,,999.00,0.00,0.0,-0.1,4230
37.25,-27.392,-26.436,-94.0,0.02,CLEAR|STRAIGHT,,999.00,0.00,0.0,-0.1,4246
37.30,-27.392,-26.436,-94.0,0.02,CLEAR|STRAIGHT,,999.00,0.00,0.0,-0.1,4246
37.35,-27.391,-26.438,-94.0,0.02,CLEAR|STRAIGHT,,999.00,0.00,0.0,-0.2,4246
37.40,-27.391,-26.438,-94.0,0.02,CLEAR|STRAIGHT,,999.00,0.00,0.0,-0.1,4230
37.45,-27.391,-26.438,-94.0,-0.00,CLEAR|STRAIGHT,,999.00,0.00,0.0,-0.2,4246
37.50,-27.391,-26.438,-94.0,-0.00,CLEAR|STRAIGHT,,999.00,0.00,0.0,-0.1,4246
37.55,-27.392,-26.438,-94.0,0.01,CLEAR|STRAIGHT,,999.00,0.00,0.0,-0.1,4246
37.60,-27.392,-26.438,-94.0,0.01,CLEAR|STRAIGHT,,999.00,0.00,0.0,-0.1,4246
37.65,-27.392,-26.438,-94.0,0.01,CLEAR|STRAIGHT,,999.00,0.00,0.0,-0.1,4246
37.70,-27.390,-26.438,-94.0,-0.00,CLEAR|STRAIGHT,,999.00,0.00,0.0,-0.1,4246
37.75,-27.390,-26.438,-94.0,-0.00,CLEAR|STRAIGHT,,999.00,0.00,0.0,-0.1,4230
37.80,-27.390,-26.438,-94.0,-0.00,CLEAR|STRAIGHT,,999.00,0.00,0.0,-0.2,4246
37.85,-27.389,-26.439,-94.0,0.01,CLEAR|STRAIGHT,,999.00,0.00,0.0,-0.1,4262
37.90,-27.389,-26.439,-94.0,0.01,CLEAR|STRAIGHT,,999.00,0.00,0.0,-0.1,4246
37.95,-27.390,-26.438,-94.0,-0.01,CLEAR|STRAIGHT,,999.00,0.00,0.0,-0.2,4246
38.00,-27.390,-26.438,-94.0,-0.01,CLEAR|STRAIGHT,,999.00,0.00,0.0,-0.1,4262
38.05,-27.389,-26.439,-94.0,0.01,CLEAR|STRAIGHT,,999.00,0.00,0.0,-0.1,4246
38.10,-27.389,-26.439,-94.0,0.01,CLEAR|STRAIGHT,,999.00,0.00,0.0,-0.1,4230
38.15,-27.390,-26.436,-94.0,-0.03,CLEAR|STRAIGHT,,999.00,0.00,0.0,-0.2,4246
38.20,-27.390,-26.436,-94.0,-0.03,CLEAR|STRAIGHT,,999.00,0.00,0.0,-0.1,4230
38.25,-27.391,-26.435,-94.0,-0.01,CLEAR|STRAIGHT,,999.00,0.00,0.0,-0.1,4246
38.30,-27.391,-26.435,-94.0,-0.01,CLEAR|STRAIGHT,,999.00,0.00,0.0,-0.2,4246
38.35,-27.390,-26.435,-94.0,0.00,CLEAR|STRAIGHT,,999.00,0.00,0.0,-0.2,4246
38.40,-27.390,-26.435,-94.0,0.00,CLEAR|STRAIGHT,,999.00,0.00,0.0,-0.1,4230
38.45,-27.393,-26.435,-94.0,0.00,CLEAR|STRAIGHT,,999.00,0.00,0.0,-0.1,4246
38.50,-27.393,-26.435,-94.0,0.00,CLEAR|STRAIGHT,,999.00,0.00,0.0,-0.2,4246
38.55,-27.392,-26.434,-94.0,-0.01,CLEAR|STRAIGHT,,999.00,0.00,0.0,-0.2,4262
38.60,-27.392,-26.434,-94.0,-0.01,CLEAR|STRAIGHT,,999.00,0.00,0.0,-0.2,4230
38.65,-27.393,-26.433,-94.0,-0.01,CLEAR|STRAIGHT,,999.00,0.00,0.0,-0.1,4246
38.70,-27.393,-26.433,-94.0,-0.01,CLEAR|STRAIGHT,,999.00,0.00,0.0,-0.1,4246
38.75,-27.391,-26.436,-94.0,0.02,CLEAR|STRAIGHT,,999.00,0.00,0.0,-0.2,4246
38.80,-27.391,-26.436,-94.0,0.02,CLEAR|STRAIGHT,,999.00,0.00,0.0,-0.1,4246
38.85,-27.392,-26.434,-94.0,-0.01,CLEAR|STRAIGHT,,999.00,0.00,0.0,-0.2,4230
38.90,-27.392,-26.434,-94.0,-0.01,CLEAR|STRAIGHT,,999.00,0.00,0.0,-0.1,4230
38.95,-27.391,-26.435,-94.0,0.01,CLEAR|STRAIGHT,,999.00,0.00,0.0,-0.1,4246
39.00,-27.391,-26.435,-94.0,0.01,CLEAR|STRAIGHT,,999.00,0.00,0.0,-0.1,4246
39.05,-27.392,-26.435,-94.0,-0.01,CLEAR|STRAIGHT,,999.00,0.00,0.0,-0.2,4246
39.10,-27.392,-26.435,-94.0,-0.01,CLEAR|STRAIGHT,,999.00,0.00,0.0,-0.2,4246
39.15,-27.391,-26.438,-94.0,0.03,CLEAR|STRAIGHT,,999.00,0.00,0.0,-0.1,4246
39.20,-27.391,-26.438,-94.0,0.03,CLEAR|STRAIGHT,,999.00,0.00,0.0,-0.1,4246
39.25,-27.391,-26.437,-94.0,-0.01,CLEAR|STRAIGHT,,999.00,0.00,0.0,-0.2,4246
39.30,-27.391,-26.437,-94.0,-0.01,CLEAR|STRAIGHT,,999.00,0.00,0.0,-0.2,4246
39.35,-27.392,-26.436,-94.0,-0.01,CLEAR|STRAIGHT,,999.00,0.00,0.0,-0.2,4246
39.40,-27.392,-26.436,-94.0,-0.01,CLEAR|STRAIGHT,,999.00,0.00,0.0,-0.2,4246
39.45,-27.391,-26.437,-94.0,0.01,CLEAR|STRAIGHT,,999.00,0.00,0.0,-0.2,4230
39.50,-27.391,-26.437,-94.0,0.01,CLEAR|STRAIGHT,,999.00,0.00,0.0,-0.1,4246
39.55,-27.390,-26.438,-94.0,0.01,CLEAR|STRAIGHT,,999.00,0.00,0.0,-0.2,4246
39.60,-27.390,-26.438,-94.0,0.01,CLEAR|STRAIGHT,,999.00,0.00,0.0,-0.1,4246
39.65,-27.390,-26.438,-94.0,0.01,CLEAR|STRAIGHT,,999.00,0.00,0.0,-0.1,4246
39.70,-27.391,-26.436,-94.0,-0.01,CLEAR|STRAIGHT,,999.00,0.00,0.0,-0.1,4230
39.75,-27.391,-26.436,-94.0,-0.01,CLEAR|STRAIGHT,,999.00,0.00,0.0,-0.1,4246
39.80,-27.391,-26.436,-94.0,-0.01,CLEAR|STRAIGHT,,999.00,0.00,0.0,-0.1,4246
39.85,-27.389,-26.438,-94.0,0.01,CLEAR|STRAIGHT,,999.00,0.00,0.0,-0.1,4246
39.90,-27.389,-26.438,-94.0,0.01,CLEAR|STRAIGHT,,999.00,0.00,0.0,-0.2,4230
39.95,-27.389,-26.438,-94.0,0.00,CLEAR|STRAIGHT,,999.00,0.00,0.0,-0.2,4262
40.00,-27.389,-26.438,-94.1,0.00,CLEAR|STRAIGHT,,999.00,0.00,0.0,-0.2,4262
40.05,-27.391,-26.438,-94.1,0.00,CLEAR|STRAIGHT,,999.00,0.00,0.0,-0.1,4230
40.10,-27.391,-26.438,-94.1,0.00,CLEAR|STRAIGHT,,999.00,0.00,0.0,-0.1,4230
40.15,-27.389,-26.438,-94.0,-0.00,CLEAR|STRAIGHT,,999.00,0.00,0.0,-0.2,4246
40.20,-27.389,-26.438,-94.0,-0.00,CLEAR|STRAIGHT,,999.00,0.00,0.0,-0.1,4246
40.25,-27.389,-26.437,-94.1,-0.01,CLEAR|STRAIGHT,,999.00,0.00,0.0,-0.1,4246
40.30,-27.389,-26.437,-94.0,-0.01,CLEAR|STRAIGHT,,999.00,0.00,0.0,-0.1,4246
40.35,-27.389,-26.438,-94.1,0.01,CLEAR|STRAIGHT,,999.00,0.00,0.0,-0.1,4230
40.40,-27.389,-26.438,-94.1,0.01,CLEAR|STRAIGHT,,999.00,0.00,0.0,-0.1,4246
40.45,-27.390,-26.439,-94.1,0.00,CLEAR|STRAIGHT,,999.00,0.00,0.0,-0.2,4246
40.50,-27.390,-26.439,-94.1,0.00,CLEAR|STRAIGHT,,999.00,0.00,0.0,-0.1,4246
40.55,-27.389,-26.439,-94.1,-0.00,CLEAR|STRAIGHT,,999.00,0.00,0.0,-0.1,4246
40.60,-27.389,-26.439,-94.1,-0.00,CLEAR|STRAIGHT,,999.00,0.00,0.0,-0.1,4246
40.65,-27.390,-26.438,-94.1,-0.01,CLEAR|STRAIGHT,,999.00,0.00,0.0,-0.2,4230
40.70,-27.390,-26.438,-94.1,-0.01,CLEAR|STRAIGHT,,999.00,0.00,0.0,-0.1,4246
40.75,-27.391,-26.437,-94.1,-0.01,CLEAR|STRAIGHT,,999.00,0.00,0.0,-0.2,4246
40.80,-27.391,-26.437,-94.0,-0.01,CLEAR|STRAIGHT,,999.00,0.00,0.0,-0.2,4246
40.85,-27.391,-26.440,-94.0,0.03,CLEAR|STRAIGHT,,999.00,0.00,0.0,-0.1,4246
40.90,-27.391,-26.440,-94.0,0.03,CLEAR|STRAIGHT,,999.00,0.00,0.0,-0.1,4230
40.95,-27.391,-26.440,-94.0,0.03,CLEAR|STRAIGHT,,999.00,0.00,0.0,-0.1,4230
41.00,-27.390,-26.437,-94.0,-0.02,CLEAR|STRAIGHT,,999.00,0.00,0.0,-0.1,4230
41.05,-27.390,-26.437,-94.0,-0.02,CLEAR|STRAIGHT,,999.00,0.00,0.0,-0.1,4246
41.10,-27.390,-26.437,-94.0,-0.02,CLEAR|STRAIGHT,,999.00,0.00,0.0,-0.1,4230
41.15,-27.389,-26.438,-94.0,0.00,CLEAR|STRAIGHT,,999.00,0.00,0.0,-0.1,4246
41.20,-27.389,-26.438,-94.0,0.00,CLEAR|STRAIGHT,,999.00,0.00,0.0,-0.2,4230
41.25,-27.390,-26.439,-94.0,0.01,CLEAR|STRAIGHT,,999.00,0.00,0.0,-0.2,4246
41.30,-27.390,-26.439,-94.0,0.01,CLEAR|STRAIGHT,,999.00,0.00,0.0,-0.2,4246
41.35,-27.389,-26.440,-94.1,0.01,CLEAR|STRAIGHT,,999.00,0.00,0.0,-0.1,4230
41.40,-27.389,-26.440,-94.0,0.01,CLEAR|STRAIGHT,,999.00,0.00,0.0,-0.1,4230
41.45,-27.390,-26.441,-94.0,0.01,CLEAR|STRAIGHT,,999.00,0.00,0.0,-0.1,4230
41.50,-27.390,-26.441,-94.0,0.01,CLEAR|STRAIGHT,,999.00,0.00,0.0,-0.1,4230
41.55,-27.390,-26.439,-94.0,-0.02,CLEAR|STRAIGHT,,999.00,0.00,0.0,-0.2,4246
41.60,-27.390,-26.439,-94.0,-0.02,CLEAR|STRAIGHT,,999.00,0.00,0.0,-0.1,4246
41.65,-27.390,-26.439,-94.0,-0.02,CLEAR|STRAIGHT,,999.00,0.00,0.0,-0.2,4246
41.70,-27.390,-26.439,-94.0,-0.00,CLEAR|STRAIGHT,,999.00,0.00,0.0,-0.1,4246
41.75,-27.390,-26.439,-94.0,-0.00,CLEAR|STRAIGHT,,999.00,0.00,0.0,-0.2,4246
41.80,-27.390,-26.439,-94.0,-0.00,CLEAR|STRAIGHT,,999.00,0.00,0.0,-0.2,4230
41.85,-27.390,-26.439,-94.0,-0.00,CLEAR|STRAIGHT,,999.00,0.00,0.0,-0.1,4246
41.90,-27.390,-26.439,-94.0,-0.00,CLEAR|STRAIGHT,,999.00,0.00,0.0,-0.1,4246
41.95,-27.390,-26.439,-94.0,0.01,CLEAR|STRAIGHT,,999.00,0.00,0.0,-0.2,4230
42.00,-27.390,-26.439,-94.0,0.01,CLEAR|STRAIGHT,,999.00,0.00,0.0,-0.1,4230
42.05,-27.389,-26.441,-94.0,0.01,CLEAR|STRAIGHT,,999.00,0.00,0.0,-0.1,4246
42.10,-27.389,-26.441,-94.0,0.01,CLEAR|STRAIGHT,,999.00,0.00,0.0,-0.1,4246
42.15,-27.389,-26.440,-94.0,-0.00,CLEAR|STRAIGHT,,999.00,0.00,0.0,-0.1,4246
42.20,-27.389,-26.440,-94.0,-0.00,CLEAR|STRAIGHT,,999.00,0.00,0.0,-0.2,4246
42.25,-27.390,-26.441,-94.0,0.01,CLEAR|STRAIGHT,,999.00,0.00,0.0,-0.2,4246
42.30,-27.390,-26.441,-94.0,0.01,CLEAR|STRAIGHT,,999.00,0.00,0.0,-0.1,4246
42.35,-27.389,-26.440,-94.0,-0.01,CLEAR|STRAIGHT,,999.00,0.00,0.0,-0.1,4246
42.40,-27.389,-26.440,-94.0,-0.01,CLEAR|STRAIGHT,,999.00,0.00,0.0,-0.1,4230
42.45,-27.388,-26.440,-94.0,0.00,CLEAR|STRAIGHT,,999.00,0.00,0.0,-0.1,4246
42.50,-27.388,-26.440,-94.0,0.00,CLEAR|STRAIGHT,,999.00,0.00,0.0,-0.1,4246
42.55,-27.388,-26.440,-94.0,0.00,CLEAR|STRAIGHT,,999.00,0.00,0.0,-0.1,4246
42.60,-27.388,-26.440,-94.0,0.00,CLEAR|STRAIGHT,,999.00,0.00,0.0,-0.1,4246
42.65,-27.390,-26.439,-94.0,-0.01,CLEAR|STRAIGHT,,999.00,0.00,0.0,-0.1,4230
42.70,-27.390,-26.439,-94.0,-0.01,CLEAR|STRAIGHT,,999.00,0.00,0.0,-0.2,4246
42.75,-27.388,-26.440,-94.0,0.01,CLEAR|STRAIGHT,,999.00,0.00,0.0,-0.1,4230
42.80,-27.388,-26.440,-94.0,0.01,CLEAR|STRAIGHT,,999.00,0.00,0.0,-0.1,4230
42.85,-27.388,-26.441,-94.0,0.00,CLEAR|STRAIGHT,,999.00,0.00,0.0,-0.2,4230
42.90,-27.388,-26.441,-94.0,0.00,CLEAR|STRAIGHT,,999.00,0.00,0.0,-0.1,4262
42.95,-27.388,-26.441,-94.0,0.00,CLEAR|STRAIGHT,,999.00,0.00,0.0,-0.1,4230
43.00,-27.388,-26.443,-94.0,0.01,CLEAR|STRAIGHT,,999.00,0.00,0.0,-0.1,4246
43.05,-27.388,-26.443,-94.0,0.01,CLEAR|STRAIGHT,,999.00,0.00,0.0,-0.2,4230
43.10,-27.388,-26.443,-94.0,0.01,CLEAR|STRAIGHT,,999.00,0.00,0.0,-0.1,4246
43.15,-27.387,-26.440,-94.0,-0.02,CLEAR|STRAIGHT,,999.00,0.00,0.0,-0.1,4246
43.20,-27.387,-26.440,-94.0,-0.02,CLEAR|STRAIGHT,,999.00,0.00,0.0,-0.2,4246
43.25,-27.389,-26.440,-94.0,0.01,CLEAR|STRAIGHT,,999.00,0.00,0.0,-0.1,4230
43.30,-27.389,-26.440,-94.0,0.01,CLEAR|STRAIGHT,,999.00,0.00,0.0,-0.1,4246
43.35,-27.390,-26.442,-94.0,0.01,CLEAR|STRAIGHT,,999.00,0.00,0.0,-0.1,4230
43.40,-27.390,-26.442,-94.0,0.01,CLEAR|STRAIGHT,,999.00,0.00,0.0,-0.2,4246
43.45,-27.388,-26.443,-94.0,0.01,CLEAR|STRAIGHT,,999.00,0.00,0.0,-0.2,4246
43.50,-27.388,-26.443,-94.0,0.01,CLEAR|STRAIGHT,,999.00,0.00,0.0,-0.1,4230
43.55,-27.390,-26.443,-94.0,0.00,CLEAR|STRAIGHT,,999.00,0.00,0.0,-0.1,4246
43.60,-27.390,-26.443,-94.0,0.00,CLEAR|STRAIGHT,,999.00,0.00,0.0,-0.2,4262
43.65,-27.390,-26.443,-94.0,0.00,CLEAR|STRAIGHT,,999.00,0.00,0.0,-0.1,4230
43.70,-27.389,-26.443,-94.0,-0.00,CLEAR|STRAIGHT,,999.00,0.00,0.0,-0.1,4246
43.75,-27.389,-26.443,-94.0,-0.00,CLEAR|STRAIGHT,,999.00,0.00,0.0,-0.2,4246
43.80,-27.389,-26.443,-94.0,-0.00,CLEAR|STRAIGHT,,999.00,0.00,0.0,-0.1,4246
43.85,-27.389,-26.442,-94.0,-0.00,CLEAR|STRAIGHT,,999.00,0.00,0.0,-0.1,4230
43.90,-27.389,-26.442,-94.0,-0.00,CLEAR|STRAIGHT,,999.00,0.00,0.0,-0.1,4230
43.95,-27.391,-26.442,-94.0,-0.01,CLEAR|STRAIGHT,,999.00,0.00,0.0,-0.1,4230
44.00,-27.391,-26.442,-94.0,-0.01,CLEAR|STRAIGHT,,999.00,0.00,0.0,-0.2,4246
44.05,-27.391,-26.442,-94.0,-0.01,CLEAR|STRAIGHT,,999.00,0.00,0.0,-0.1,4246
44.10,-27.391,-26.442,-94.0,-0.01,CLEAR|STRAIGHT,,999.00,0.00,0.0,-0.2,4246
44.15,-27.387,-26.444,-94.0,0.01,CLEAR|STRAIGHT,,999.00,0.00,0.0,-0.1,4246
44.20,-27.387,-26.444,-94.0,0.01,CLEAR|STRAIGHT,,999.00,0.00,0.0,-0.2,4246
44.25,-27.388,-26.441,-94.0,-0.03,CLEAR|STRAIGHT,,999.00,0.00,0.0,-0.1,4246
44.30,-27.388,-26.441,-94.0,-0.03,CLEAR|STRAIGHT,,999.00,0.00,0.0,-0.1,4246
44.35,-27.387,-26.441,-94.0,-0.00,CLEAR|STRAIGHT,,999.00,0.00,0.0,-0.2,4246
44.40,-27.387,-26.441,-94.0,-0.00,CLEAR|STRAIGHT,,999.00,0.00,0.0,-0.1,4246
44.45,-27.388,-26.439,-94.0,-0.02,CLEAR|STRAIGHT,,999.00,0.00,0.0,-0.1,4246
44.50,-27.388,-26.439,-94.0,-0.02,CLEAR|STRAIGHT,,999.00,0.00,0.0,-0.1,4246
44.55,-27.390,-26.437,-94.0,-0.01,CLEAR|STRAIGHT,,999.00,0.00,0.0,-0.2,4246
44.60,-27.390,-26.437,-94.0,-0.01,CLEAR|STRAIGHT,,999.00,0.00,0.0,-0.2,4246
44.65,-27.388,-26.438,-94.0,0.00,CLEAR|STRAIGHT,,999.00,0.00,0.0,-0.1,4246
44.70,-27.388,-26.438,-94.0,0.00,CLEAR|STRAIGHT,,999.00,0.00,0.0,-0.1,4246
44.75,-27.388,-26.437,-94.0,-0.01,CLEAR|STRAIGHT,,999.00,0.00,0.0,-0.2,4246
44.80,-27.388,-26.437,-94.0,-0.01,CLEAR|STRAIGHT,,999.00,0.00,0.0,-0.1,4230
44.85,-27.389,-26.436,-94.0,-0.01,CLEAR|STRAIGHT,,999.00,0.00,0.0,-0.1,4246
44.90,-27.389,-26.436,-94.0,-0.01,CLEAR|STRAIGHT,,999.00,0.00,0.0,-0.2,4246
44.95,-27.389,-26.436,-94.0,-0.01,CLEAR|STRAIGHT,,999.00,0.00,0.0,-0.1,4262
45.00,-27.389,-26.437,-94.0,0.01,CLEAR|STRAIGHT,,999.00,0.00,0.0,-0.1,4246
45.05,-27.389,-26.437,-94.0,0.01,CLEAR|STRAIGHT,,999.00,0.00,0.0,-0.1,4246
45.10,-27.389,-26.437,-94.0,0.01,CLEAR|STRAIGHT,,999.00,0.00,0.0,-0.2,4246
45.15,-27.390,-26.437,-94.0,-0.00,CLEAR|STRAIGHT,,999.00,0.00,0.0,-0.2,4246
45.20,-27.390,-26.437,-94.0,-0.00,CLEAR|STRAIGHT,,999.00,0.00,0.0,-0.2,4262
45.25,-27.389,-26.437,-94.0,-0.00,CLEAR|STRAIGHT,,999.00,0.00,0.0,-0.1,4230
45.30,-27.389,-26.437,-94.0,-0.00,CLEAR|STRAIGHT,,999.00,0.00,0.0,-0.1,4246
45.35,-27.388,-26.436,-94.0,-0.01,CLEAR|STRAIGHT,,999.00,0.00,0.0,-0.2,4246
45.40,-27.388,-26.436,-94.0,-0.01,CLEAR|STRAIGHT,,999.00,0.00,0.0,-0.2,4246
45.45,-27.388,-26.438,-94.0,0.02,CLEAR|STRAIGHT,,999.00,0.00,0.0,-0.2,4246
45.50,-27.388,-26.438,-94.0,0.02,CLEAR|STRAIGHT,,999.00,0.00,0.0,-0.1,4246
45.55,-27.387,-26.438,-94.0,-0.01,CLEAR|STRAIGHT,,999.00,0.00,0.0,-0.2,4246
45.60,-27.387,-26.438,-94.0,-0.01,CLEAR|STRAIGHT,,999.00,0.00,0.0,-0.2,4246
45.65,-27.387,-26.438,-94.0,-0.01,CLEAR|STRAIGHT,,999.00,0.00,0.0,-0.1,4246
45.70,-27.390,-26.437,-94.0,-0.00,CLEAR|STRAIGHT,,999.00,0.00,0.0,-0.1,4262
45.75,-27.390,-26.437,-94.0,-0.00,CLEAR|STRAIGHT,,999.00,0.00,0.0,-0.1,4246
45.80,-27.390,-26.437,-94.0,-0.00,CLEAR|STRAIGHT,,999.00,0.00,0.0,-0.1,4230
45.85,-27.388,-26.437,-94.0,-0.00,CLEAR|STRAIGHT,,999.00,0.00,0.0,-0.2,4246
45.90,-27.388,-26.437,-94.0,-0.00,CLEAR|STRAIGHT,,999.00,0.00,0.0,-0.1,4262
45.95,-27.389,-26.436,-94.0,-0.01,CLEAR|STRAIGHT,,999.00,0.00,0.0,-0.2,4246
46.00,-27.389,-26.436,-94.0,-0.01,CLEAR|STRAIGHT,,999.00,0.00,0.0,-0.1,4246
46.05,-27.389,-26.436,-94.0,-0.01,CLEAR|STRAIGHT,,999.00,0.00,0.0,-0.1,4246
46.10,-27.389,-26.436,-94.0,-0.01,CLEAR|STRAIGHT,,999.00,0.00,0.0,-0.1,4246
46.15,-27.388,-26.436,-94.0,0.00,CLEAR|STRAIGHT,,999.00,0.00,0.0,-0.1,4246
46.20,-27.388,-26.436,-94.0,0.00,CLEAR|STRAIGHT,,999.00,0.00,0.0,-0.1,4246
46.25,-27.389,-26.439,-94.0,0.03,CLEAR|STRAIGHT,,999.00,0.00,0.0,-0.2,4246
46.30,-27.389,-26.439,-94.0,0.03,CLEAR|STRAIGHT,,999.00,0.00,0.0,-0.2,4246
46.35,-27.388,-26.438,-94.0,-0.01,CLEAR|STRAIGHT,,999.00,0.00,0.0,-0.1,4246
46.40,-27.388,-26.438,-94.0,-0.01,CLEAR|STRAIGHT,,999.00,0.00,0.0,-0.1,4230
46.45,-27.388,-26.438,-94.0,-0.01,CLEAR|STRAIGHT,,999.00,0.00,0.0,-0.1,4246
46.50,-27.388,-26.438,-94.0,-0.01,CLEAR|STRAIGHT,,999.00,0.00,0.0,-0.1,4246
46.55,-27.389,-26.438,-94.0,0.00,CLEAR|STRAIGHT,,999.00,0.00,0.0,-0.2,4262
46.60,-27.389,-26.438,-94.0,0.00,CLEAR|STRAIGHT,,999.00,0.00,0.0,-0.2,4246
46.65,-27.388,-26.439,-94.0,0.00,CLEAR|STRAIGHT,,999.00,0.00,0.0,-0.2,4230
46.70,-27.388,-26.439,-94.0,0.00,CLEAR|STRAIGHT,,999.00,0.00,0.0,-0.2,4230
46.75,-27.388,-26.439,-94.0,0.00,CLEAR|STRAIGHT,,999.00,0.00,0.0,-0.1,4246
46.80,-27.388,-26.439,-94.0,0.00,CLEAR|STRAIGHT,,999.00,0.00,0.0,-0.1,4230
46.85,-27.387,-26.439,-94.0,0.00,CLEAR|STRAIGHT,,999.00,0.00,0.0,-0.1,4246
46.90,-27.387,-26.439,-94.0,0.00,CLEAR|STRAIGHT,,999.00,0.00,0.0,-0.2,4246
46.95,-27.387,-26.439,-94.0,0.00,CLEAR|STRAIGHT,,999.00,0.00,0.0,-0.2,4246
47.00,-27.387,-26.438,-94.0,-0.00,CLEAR|STRAIGHT,,999.00,0.00,0.0,-0.2,4246
47.05,-27.387,-26.438,-94.0,-0.00,CLEAR|STRAIGHT,,999.00,0.00,0.0,-0.2,4246
47.10,-27.387,-26.438,-94.0,-0.00,CLEAR|STRAIGHT,,999.00,0.00,0.0,-0.2,4246
47.15,-27.387,-26.439,-94.0,0.00,CLEAR|STRAIGHT,,999.00,0.00,0.0,-0.2,4246
47.20,-27.387,-26.439,-94.0,0.00,CLEAR|STRAIGHT,,999.00,0.00,0.0,-0.1,4246
47.25,-27.388,-26.439,-94.0,-0.01,CLEAR|STRAIGHT,,999.00,0.00,0.0,-0.2,4246
47.30,-27.388,-26.439,-94.0,-0.01,CLEAR|STRAIGHT,,999.00,0.00,0.0,-0.1,4262
47.35,-27.388,-26.440,-94.0,0.02,CLEAR|STRAIGHT,,999.00,0.00,0.0,-0.2,4246
47.40,-27.388,-26.440,-94.0,0.02,CLEAR|STRAIGHT,,999.00,0.00,0.0,-0.2,4246
47.45,-27.387,-26.440,-94.0,-0.01,CLEAR|STRAIGHT,,999.00,0.00,0.0,-0.1,4262
47.50,-27.387,-26.440,-94.0,-0.01,CLEAR|STRAIGHT,,999.00,0.00,0.0,-0.1,4246
47.55,-27.388,-26.440,-94.0,0.01,CLEAR|STRAIGHT,,999.00,0.00,0.0,-0.2,4246
47.60,-27.388,-26.440,-94.0,0.01,CLEAR|STRAIGHT,,999.00,0.00,0.0,-0.1,4262
47.65,-27.388,-26.440,-94.0,0.01,CLEAR|STRAIGHT,,999.00,0.00,0.0,-0.1,4246
47.70,-27.388,-26.438,-94.0,-0.01,CLEAR|STRAIGHT,,999.00,0.00,0.0,-0.1,4262
47.75,-27.388,-26.438,-94.0,-0.01,CLEAR|STRAIGHT,,999.00,0.00,0.0,-0.1,4246
47.80,-27.388,-26.438,-94.0,-0.01,CLEAR|STRAIGHT,,999.00,0.00,0.0,-0.1,4246
47.85,-27.387,-26.440,-94.0,0.01,CLEAR|STRAIGHT,,999.00,0.00,0.0,-0.1,4246
47.90,-27.387,-26.440,-94.0,0.01,CLEAR|STRAIGHT,,999.00,0.00,0.0,-0.1,4246
47.95,-27.386,-26.439,-94.0,-0.01,CLEAR|STRAIGHT,,999.00,0.00,0.0,-0.2,4246
48.00,-27.386,-26.439,-94.0,-0.01,CLEAR|STRAIGHT,,999.00,0.00,0.0,-0.1,4246
48.05,-27.388,-26.440,-94.0,0.01,CLEAR|STRAIGHT,,999.00,0.00,0.0,-0.1,4246
48.10,-27.388,-26.440,-94.0,0.01,CLEAR|STRAIGHT,,999.00,0.00,0.0,-0.1,4246
48.15,-27.388,-26.440,-94.0,0.00,CLEAR|STRAIGHT,,999.00,0.00,0.0,-0.1,4246
48.20,-27.388,-26.440,-94.0,0.00,CLEAR|STRAIGHT,,999.00,0.00,0.0,-0.1,4246
48.25,-27.386,-26.439,-94.0,-0.01,CLEAR|STRAIGHT,,999.00,0.00,0.0,-0.1,4230
48.30,-27.386,-26.439,-94.0,-0.01,CLEAR|STRAIGHT,,999.00,0.00,0.0,-0.1,4262
48.35,-27.387,-26.440,-94.0,0.01,CLEAR|STRAIGHT,,999.00,0.00,0.0,-0.1,4246
48.40,-27.387,-26.440,-94.0,0.01,CLEAR|STRAIGHT,,999.00,0.00,0.0,-0.2,4246
48.45,-27.388,-26.439,-94.0,-0.01,CLEAR|STRAIGHT,,999.00,0.00,0.0,-0.2,4246
48.50,-27.388,-26.439,-94.0,-0.01,CLEAR|STRAIGHT,,999.00,0.00,0.0,-0.1,4246
48.55,-27.386,-26.440,-94.0,0.00,CLEAR|STRAIGHT,,999.00,0.00,0.0,-0.1,4230
48.60,-27.386,-26.440,-94.0,0.00,CLEAR|STRAIGHT,,999.00,0.00,0.0,-0.2,4246
48.65,-27.388,-26.440,-94.0,-0.00,CLEAR|STRAIGHT,,999.00,0.00,0.0,-0.1,4246
48.70,-27.388,-26.440,-94.0,-0.00,CLEAR|STRAIGHT,,999.00,0.00,0.0,-0.1,4230
48.75,-27.388,-26.439,-94.0,-0.01,CLEAR|STRAIGHT,,999.00,0.00,0.0,-0.1,4246
48.80,-27.388,-26.439,-94.0,-0.01,CLEAR|STRAIGHT,,999.00,0.00,0.0,-0.2,4246
48.85,-27.388,-26.439,-94.0,0.01,CLEAR|STRAIGHT,,999.00,0.00,0.0,-0.1,4262
48.90,-27.388,-26.439,-94.0,0.01,CLEAR|STRAIGHT,,999.00,0.00,0.0,-0.1,4246
48.95,-27.387,-26.439,-94.0,-0.00,CLEAR|STRAIGHT,,999.00,0.00,0.0,-0.1,4246
49.00,-27.387,-26.439,-94.0,-0.00,CLEAR|STRAIGHT,,999.00,0.00,0.0,-0.0,4246
49.05,-27.387,-26.440,-94.0,0.01,CLEAR|STRAIGHT,,999.00,0.00,0.0,-0.1,4230
49.10,-27.387,-26.440,-94.0,0.01,CLEAR|STRAIGHT,,999.00,0.00,0.0,-0.1,4246
49.15,-27.385,-26.439,-94.0,-0.01,CLEAR|STRAIGHT,,999.00,0.00,0.0,-0.1,4246
49.20,-27.385,-26.439,-94.0,-0.01,CLEAR|STRAIGHT,,999.00,0.00,0.0,-0.1,4246
49.25,-27.386,-26.441,-94.0,0.02,CLEAR|STRAIGHT,,999.00,0.00,0.0,-0.2,4246
49.30,-27.386,-26.441,-94.0,0.02,CLEAR|STRAIGHT,,999.00,0.00,0.0,-0.1,4246
49.35,-27.386,-26.439,-94.0,-0.02,CLEAR|STRAIGHT,,999.00,0.00,0.0,-0.1,4246
49.40,-27.386,-26.439,-94.0,-0.02,CLEAR|STRAIGHT,,999.00,0.00,0.0,-0.1,4246
49.45,-27.385,-26.439,-94.0,-0.00,CLEAR|STRAIGHT,,999.00,0.00,0.0,-0.2,4246
49.50,-27.385,-26.439,-94.0,-0.00,CLEAR|STRAIGHT,,999.00,0.00,0.0,-0.2,4246
49.55,-27.386,-26.440,-94.0,0.01,CLEAR|STRAIGHT,,999.00,0.00,0.0,-0.1,4246
49.60,-27.386,-26.440,-94.0,0.01,CLEAR|STRAIGHT,,999.00,0.00,0.0,-0.2,4262
49.65,-27.386,-26.440,-94.0,0.01,CLEAR|STRAIGHT,,999.00,0.00,0.0,-0.1,4246
49.70,-27.386,-26.440,-94.0,0.00,CLEAR|STRAIGHT,,999.00,0.00,0.0,-0.1,4246
49.75,-27.386,-26.440,-94.0,0.00,CLEAR|STRAIGHT,,999.00,0.00,0.0,-0.1,4246
49.80,-27.386,-26.440,-94.0,0.00,CLEAR|STRAIGHT,,999.00,0.00,0.0,-0.1,4230
49.85,-27.385,-26.439,-94.0,-0.00,CLEAR|STRAIGHT,,999.00,0.00,0.0,-0.2,4246
49.90,-27.385,-26.439,-94.0,-0.00,CLEAR|STRAIGHT,,999.00,0.00,0.0,-0.1,4246
49.95,-27.385,-26.439,-94.0,-0.00,CLEAR|STRAIGHT,,999.00,0.00,0.0,-0.1,4246
50.00,-27.385,-26.439,-94.0,-0.00,CLEAR|STRAIGHT,,999.00,0.00,0.0,-0.1,4246
50.05,-27.385,-26.440,-94.0,0.01,CLEAR|STRAIGHT,,999.00,0.00,0.0,-0.2,4246
50.10,-27.385,-26.440,-94.0,0.01,CLEAR|STRAIGHT,,999.00,0.00,0.0,-0.1,4246
50.15,-27.385,-26.440,-94.0,-0.00,CLEAR|STRAIGHT,,999.00,0.00,0.0,-0.1,4246
50.20,-27.385,-26.440,-94.0,-0.00,CLEAR|STRAIGHT,,999.00,0.00,0.0,-0.1,4246
50.25,-27.385,-26.438,-94.0,-0.02,CLEAR|STRAIGHT,,999.00,0.00,0.0,-0.1,4230
50.30,-27.385,-26.438,-94.0,-0.02,CLEAR|STRAIGHT,,999.00,0.00,0.0,-0.1,4246
50.35,-27.386,-26.439,-94.0,0.01,CLEAR|STRAIGHT,,999.00,0.00,0.0,-0.2,4246
50.40,-27.386,-26.439,-94.0,0.01,CLEAR|STRAIGHT,,999.00,0.00,0.0,-0.1,4230
50.45,-27.385,-26.439,-94.0,0.00,CLEAR|STRAIGHT,,999.00,0.00,0.0,-0.1,4246
50.50,-27.385,-26.439,-94.0,0.00,CLEAR|STRAIGHT,,999.00,0.00,0.0,-0.1,4246
50.55,-27.386,-26.439,-94.0,-0.00,CLEAR|STRAIGHT,,999.00,0.00,0.0,-0.1,4262
50.60,-27.386,-26.439,-94.0,-0.00,CLEAR|STRAIGHT,,999.00,0.00,0.0,-0.1,4246
50.65,-27.386,-26.439,-94.0,-0.00,CLEAR|STRAIGHT,,999.00,0.00,0.0,-0.2,4246
50.70,-27.386,-26.439,-94.0,-0.00,CLEAR|STRAIGHT,,999.00,0.00,0.0,-0.1,4246
50.75,-27.386,-26.439,-94.0,0.00,CLEAR|STRAIGHT,,999.00,0.00,0.0,-0.2,4246
50.80,-27.386,-26.439,-94.0,0.00,CLEAR|STRAIGHT,,999.00,0.00,0.0,-0.2,4246
50.85,-27.386,-26.438,-94.0,-0.01,CLEAR|STRAIGHT,,999.00,0.00,0.0,-0.1,4246
50.90,-27.386,-26.438,-94.0,-0.01,CLEAR|STRAIGHT,,999.00,0.00,0.0,-0.1,4230
50.95,-27.387,-26.440,-94.0,0.02,CLEAR|STRAIGHT,,999.00,0.00,0.0,-0.1,4246
51.00,-27.387,-26.440,-94.0,0.02,CLEAR|STRAIGHT,,999.00,0.00,0.0,-0.2,4246
51.05,-27.387,-26.440,-94.0,0.02,CLEAR|STRAIGHT,,999.00,0.00,0.0,-0.2,4262
51.10,-27.385,-26.440,-94.0,-0.00,CLEAR|STRAIGHT,,999.00,0.00,0.0,-0.2,4230
51.15,-27.385,-26.440,-94.0,-0.00,CLEAR|STRAIGHT,,999.00,0.00,0.0,-0.2,4246
51.20,-27.385,-26.440,-94.0,-0.00,CLEAR|STRAIGHT,,999.00,0.00,0.0,-0.2,4246
51.25,-27.388,-26.442,-94.0,0.01,CLEAR|STRAIGHT,,999.00,0.00,0.0,-0.2,4246
51.30,-27.388,-26.442,-94.0,0.01,CLEAR|STRAIGHT,,999.00,0.00,0.0,-0.2,4246
51.35,-27.388,-26.441,-94.0,-0.01,CLEAR|STRAIGHT,,999.00,0.00,0.0,-0.2,4230
51.40,-27.388,-26.441,-94.0,-0.01,CLEAR|STRAIGHT,,999.00,0.00,0.0,-0.1,4246
51.45,-27.388,-26.441,-94.0,0.00,CLEAR|STRAIGHT,,999.00,0.00,0.0,-0.1,4246
51.50,-27.388,-26.441,-94.0,0.00,CLEAR|STRAIGHT,,999.00,0.00,0.0,-0.2,4246
51.55,-27.388,-26.441,-94.0,-0.00,CLEAR|STRAIGHT,,999.00,0.00,0.0,-0.1,4246
51.60,-27.388,-26.441,-94.0,-0.00,CLEAR|STRAIGHT,,999.00,0.00,0.0,-0.2,4246
51.65,-27.388,-26.441,-94.0,-0.00,CLEAR|STRAIGHT,,999.00,0.00,0.0,-0.1,4246
51.70,-27.388,-26.441,-94.0,0.00,CLEAR|STRAIGHT,,999.00,0.00,0.0,-0.1,4230
51.75,-27.388,-26.441,-94.0,0.00,CLEAR|STRAIGHT,,999.00,0.00,0.0,-0.1,4246
51.80,-27.388,-26.441,-94.0,0.00,CLEAR|STRAIGHT,,999.00,0.00,0.0,-0.2,4246
51.85,-27.387,-26.443,-94.0,0.01,CLEAR|STRAIGHT,,999.00,0.00,0.0,-0.2,4246
51.90,-27.387,-26.443,-94.0,0.01,CLEAR|STRAIGHT,,999.00,0.00,0.0,-0.1,4246
51.95,-27.387,-26.443,-94.0,0.01,CLEAR|STRAIGHT,,999.00,0.00,0.0,-0.2,4246
52.00,-27.387,-26.442,-94.0,-0.00,CLEAR|STRAIGHT,,999.00,0.00,0.0,-0.1,4246
52.05,-27.386,-26.442,-94.0,-0.01,CLEAR|STRAIGHT,,999.00,0.00,0.0,-0.2,4262
52.10,-27.386,-26.442,-94.0,-0.01,CLEAR|STRAIGHT,,999.00,0.00,0.0,-0.2,4230
52.15,-27.386,-26.442,-94.0,-0.01,CLEAR|STRAIGHT,,999.00,0.00,0.0,-0.2,4246
52.20,-27.389,-26.440,-94.0,-0.01,CLEAR|STRAIGHT,,999.00,0.00,0.0,-0.1,4246
52.25,-27.389,-26.440,-94.0,-0.00,CLEAR|STRAIGHT,,999.00,0.00,0.0,-0.2,4262
52.30,-27.389,-26.440,-94.0,-0.00,CLEAR|STRAIGHT,,999.00,0.00,0.0,-0.1,4246
52.35,-27.389,-26.440,-94.0,-0.01,CLEAR|STRAIGHT,,999.00,0.00,0.0,-0.2,4246
52.40,-27.389,-26.440,-94.0,-0.01,CLEAR|STRAIGHT,,999.00,0.00,0.0,-0.2,4246
52.45,-27.389,-26.441,-94.0,0.02,CLEAR|STRAIGHT,,999.00,0.00,0.0,-0.1,4246
52.50,-27.389,-26.441,-94.0,0.02,CLEAR|STRAIGHT,,999.00,0.00,0.0,-0.1,4246
52.55,-27.389,-26.441,-94.0,-0.01,CLEAR|STRAIGHT,,999.00,0.00,0.0,-0.2,4246
52.60,-27.389,-26.441,-94.0,-0.01,CLEAR|STRAIGHT,,999.00,0.00,0.0,-0.1,4246
52.65,-27.388,-26.440,-94.0,-0.01,CLEAR|STRAIGHT,,999.00,0.00,0.0,-0.2,4246
52.70,-27.388,-26.440,-94.0,-0.01,CLEAR|STRAIGHT,,999.00,0.00,0.0,-0.2,4230
52.75,-27.388,-26.440,-94.0,0.01,CLEAR|STRAIGHT,,999.00,0.00,0.0,-0.2,4246
52.80,-27.388,-26.440,-94.0,0.01,CLEAR|STRAIGHT,,999.00,0.00,0.0,-0.1,4230
52.85,-27.386,-26.441,-94.0,0.00,CLEAR|STRAIGHT,,999.00,0.00,0.0,-0.3,4246
52.90,-27.386,-26.441,-94.0,0.00,CLEAR|STRAIGHT,,999.00,0.00,0.0,-0.1,4246
52.95,-27.386,-26.441,-94.0,0.00,CLEAR|STRAIGHT,,999.00,0.00,0.0,-0.1,4230
53.00,-27.388,-26.441,-94.0,0.00,CLEAR|STRAIGHT,,999.00,0.00,0.0,-0.2,4230
53.05,-27.388,-26.441,-94.0,0.00,CLEAR|STRAIGHT,,999.00,0.00,0.0,-0.1,4246
53.10,-27.388,-26.441,-94.0,0.00,CLEAR|STRAIGHT,,999.00,0.00,0.0,-0.2,4246
53.15,-27.388,-26.440,-94.0,-0.01,CLEAR|STRAIGHT,,999.00,0.00,0.0,-0.1,4246
53.20,-27.388,-26.440,-94.0,-0.01,CLEAR|STRAIGHT,,999.00,0.00,0.0,-0.1,4246
53.25,-27.388,-26.440,-94.0,-0.00,CLEAR|STRAIGHT,,999.00,0.00,0.0,-0.2,4246
53.30,-27.388,-26.440,-94.0,-0.00,CLEAR|STRAIGHT,,999.00,0.00,0.0,-0.1,4246
53.35,-27.388,-26.441,-94.0,0.02,CLEAR|STRAIGHT,,999.00,0.00,0.0,-0.2,4262
53.40,-27.388,-26.441,-94.0,0.02,CLEAR|STRAIGHT,,999.00,0.00,0.0,-0.1,4262
53.45,-27.388,-26.440,-94.0,-0.01,CLEAR|STRAIGHT,,999.00,0.00,0.0,-0.1,4262
53.50,-27.388,-26.440,-94.0,-0.01,CLEAR|STRAIGHT,,999.00,0.00,0.0,-0.1,4246
53.55,-27.389,-26.440,-94.0,0.00,CLEAR|STRAIGHT,,999.00,0.00,0.0,-0.2,4246
53.60,-27.389,-26.440,-94.0,0.00,CLEAR|STRAIGHT,,999.00,0.00,0.0,-0.1,4230
53.65,-27.389,-26.440,-94.0,0.00,CLEAR|STRAIGHT,,999.00,0.00,0.0,-0.1,4246
53.70,-27.388,-26.439,-94.0,-0.01,CLEAR|STRAIGHT,,999.00,0.00,0.0,-0.2,4246
53.75,-27.388,-26.439,-94.0,-0.01,CLEAR|STRAIGHT,,999.00,0.00,0.0,-0.1,4246
53.80,-27.388,-26.439,-94.0,-0.01,CLEAR|STRAIGHT,,999.00,0.00,0.0,-0.1,4246
53.85,-27.389,-26.439,-94.0,0.00,CLEAR|STRAIGHT,,999.00,0.00,0.0,-0.2,4246
53.90,-27.389,-26.439,-94.0,0.00,CLEAR|STRAIGHT,,999.00,0.00,0.0,-0.1,4246
53.95,-27.389,-26.439,-94.0,0.00,CLEAR|STRAIGHT,,999.00,0.00,0.0,-0.2,4246
54.00,-27.387,-26.440,-94.0,0.01,CLEAR|STRAIGHT,,999.00,0.00,0.0,-0.1,4262
54.05,-27.389,-26.439,-94.0,-0.01,CLEAR|STRAIGHT,,999.00,0.00,0.0,-0.1,4246
54.10,-27.389,-26.439,-94.0,-0.01,CLEAR|STRAIGHT,,999.00,0.00,0.0,-0.2,4230
54.15,-27.389,-26.439,-94.0,-0.01,CLEAR|STRAIGHT,,999.00,0.00,0.0,-0.2,4262
54.20,-27.389,-26.441,-94.0,0.02,CLEAR|STRAIGHT,,999.00,0.00,0.0,-0.1,4246
54.25,-27.386,-26.438,-94.0,-0.04,CLEAR|STRAIGHT,,999.00,0.00,0.0,-0.2,4246
54.30,-27.386,-26.438,-94.0,-0.04,CLEAR|STRAIGHT,,999.00,0.00,0.0,-0.1,4262
54.35,-27.386,-26.441,-94.0,0.03,CLEAR|STRAIGHT,,999.00,0.00,0.0,-0.1,4246
54.40,-27.386,-26.441,-94.0,0.03,CLEAR|STRAIGHT,,999.00,0.00,0.0,-0.2,4246
54.45,-27.389,-26.439,-94.0,-0.02,CLEAR|STRAIGHT,,999.00,0.00,0.0,-0.2,4246
54.50,-27.389,-26.439,-94.0,-0.02,CLEAR|STRAIGHT,,999.00,0.00,0.0,-0.2,4246
54.55,-27.385,-26.441,-94.0,0.02,CLEAR|STRAIGHT,,999.00,0.00,0.0,-0.1,4246
54.60,-27.385,-26.441,-94.0,0.02,CLEAR|STRAIGHT,,999.00,0.00,0.0,-0.1,4246
54.65,-27.389,-26.440,-94.0,-0.01,CLEAR|STRAIGHT,,999.00,0.00,0.0,-0.2,4246
54.70,-27.389,-26.440,-94.0,-0.01,CLEAR|STRAIGHT,,999.00,0.00,0.0,-0.2,4246
54.75,-27.388,-26.441,-94.0,0.00,CLEAR|STRAIGHT,,999.00,0.00,0.0,-0.2,4246
54.80,-27.388,-26.441,-94.0,0.00,CLEAR|STRAIGHT,,999.00,0.00,0.0,-0.2,4246
54.85,-27.388,-26.439,-94.0,-0.02,CLEAR|STRAIGHT,,999.00,0.00,0.0,-0.1,4246
54.90,-27.388,-26.439,-93.9,-0.02,CLEAR|STRAIGHT,,999.00,0.00,0.0,-0.1,4246
54.95,-27.388,-26.439,-93.9,-0.02,CLEAR|STRAIGHT,,999.00,0.00,0.0,-0.1,4230
55.00,-27.388,-26.441,-93.9,0.02,CLEAR|STRAIGHT,,999.00,0.00,0.0,-0.2,4262
55.05,-27.388,-26.441,-93.9,0.02,CLEAR|STRAIGHT,,999.00,0.00,0.0,-0.1,4230
55.10,-27.388,-26.441,-93.9,0.02,CLEAR|STRAIGHT,,999.00,0.00,0.0,-0.2,4246
55.15,-27.391,-26.441,-93.9,-0.00,CLEAR|STRAIGHT,,999.00,0.00,0.0,-0.1,4246
55.20,-27.391,-26.441,-94.0,-0.00,CLEAR|STRAIGHT,,999.00,0.00,0.0,-0.1,4262
55.25,-27.390,-26.440,-94.0,-0.01,CLEAR|STRAIGHT,,999.00,0.00,0.0,-0.1,4246
55.30,-27.390,-26.440,-94.0,-0.01,CLEAR|STRAIGHT,,999.00,0.00,0.0,-0.1,4246
55.35,-27.390,-26.441,-94.0,0.01,CLEAR|STRAIGHT,,999.00,0.00,0.0,-0.2,4246
55.40,-27.390,-26.441,-94.0,0.01,CLEAR|STRAIGHT,,999.00,0.00,0.0,-0.1,4230
55.45,-27.390,-26.439,-94.0,-0.02,CLEAR|STRAIGHT,,999.00,0.00,0.0,-0.1,4246
55.50,-27.390,-26.439,-94.0,-0.02,CLEAR|STRAIGHT,,999.00,0.00,0.0,-0.1,4246
55.55,-27.388,-26.439,-94.0,0.00,CLEAR|STRAIGHT,,999.00,0.00,0.0,-0.1,4230
55.60,-27.388,-26.439,-93.9,0.00,CLEAR|STRAIGHT,,999.00,0.00,0.0,-0.1,4230
55.65,-27.388,-26.439,-93.9,0.00,CLEAR|STRAIGHT,,999.00,0.00,0.0,-0.2,4230
55.70,-27.392,-26.439,-94.0,0.00,CLEAR|STRAIGHT,,999.00,0.00,0.0,-0.1,4246
55.75,-27.392,-26.439,-94.0,0.00,CLEAR|STRAIGHT,,999.00,0.00,0.0,-0.2,4246
55.80,-27.392,-26.439,-94.0,0.00,CLEAR|STRAIGHT,,999.00,0.00,0.0,-0.2,4246
55.85,-27.391,-26.441,-94.0,0.01,CLEAR|STRAIGHT,,999.00,0.00,0.0,-0.2,4230
55.90,-27.391,-26.441,-94.0,0.01,CLEAR|STRAIGHT,,999.00,0.00,0.0,-0.1,4230
55.95,-27.391,-26.441,-94.0,0.01,CLEAR|STRAIGHT,,999.00,0.00,0.0,-0.2,4246
56.00,-27.391,-26.441,-94.0,0.00,CLEAR|STRAIGHT,,999.00,0.00,0.0,-0.1,4246
56.05,-27.391,-26.441,-94.0,0.00,CLEAR|STRAIGHT,,999.00,0.00,0.0,-0.1,4246
56.10,-27.391,-26.441,-94.0,0.00,CLEAR|STRAIGHT,,999.00,0.00,0.0,-0.1,4230
56.15,-27.392,-26.440,-94.0,-0.01,CLEAR|STRAIGHT,,999.00,0.00,0.0,-0.1,4230
56.20,-27.392,-26.440,-94.0,-0.01,CLEAR|STRAIGHT,,999.00,0.00,0.0,-0.1,4246
56.25,-27.392,-26.440,-94.0,-0.01,CLEAR|STRAIGHT,,999.00,0.00,0.0,-0.1,4246
56.30,-27.389,-26.444,-94.0,0.04,CLEAR|STRAIGHT,,999.00,0.00,0.0,-0.1,4246
56.35,-27.390,-26.444,-94.0,-0.00,CLEAR|STRAIGHT,,999.00,0.00,0.0,-0.1,4246
56.40,-27.390,-26.444,-94.0,-0.00,CLEAR|STRAIGHT,,999.00,0.00,0.0,-0.1,4246
56.45,-27.389,-26.445,-94.0,0.01,CLEAR|STRAIGHT,,999.00,0.00,0.0,-0.1,4246
56.50,-27.389,-26.445,-93.9,0.01,CLEAR|STRAIGHT,,999.00,0.00,0.0,-0.1,4246
56.55,-27.389,-26.446,-93.9,0.00,CLEAR|STRAIGHT,,999.00,0.00,0.0,-0.1,4246
56.60,-27.389,-26.446,-93.9,0.00,CLEAR|STRAIGHT,,999.00,0.00,0.0,-0.1,4246
56.65,-27.390,-26.443,-94.0,-0.02,CLEAR|STRAIGHT,,999.00,0.00,0.0,-0.1,4230
56.70,-27.390,-26.443,-94.0,-0.02,CLEAR|STRAIGHT,,999.00,0.00,0.0,-0.1,4230
56.75,-27.388,-26.446,-94.0,0.02,CLEAR|STRAIGHT,,999.00,0.00,0.0,-0.1,4246
56.80,-27.388,-26.446,-94.0,0.02,CLEAR|STRAIGHT,,999.00,0.00,0.0,-0.1,4246
56.85,-27.388,-26.444,-94.0,-0.02,CLEAR|STRAIGHT,,999.00,0.00,0.0,-0.2,4230
56.90,-27.388,-26.444,-94.0,-0.02,CLEAR|STRAIGHT,,999.00,0.00,0.0,-0.1,4246
56.95,-27.388,-26.444,-94.0,-0.02,CLEAR|STRAIGHT,,999.00,0.50,0.0,-0.1,4246
57.00,-27.389,-26.446,-94.0,0.01,CLEAR|STRAIGHT,,999.00,0.50,0.0,-0.2,4246
57.05,-27.388,-26.444,-93.9,-0.02,CLEAR|STRAIGHT,,999.00,0.50,-0.0,-0.2,4246
57.10,-27.388,-26.444,-94.0,-0.02,CLEAR|STRAIGHT,,999.00,0.50,-0.0,-0.3,4246
57.15,-27.388,-26.444,-94.0,-0.02,CLEAR|STRAIGHT,,999.00,0.50,0.0,-0.1,4230
57.20,-27.387,-26.444,-94.0,-0.00,CLEAR|STRAIGHT,,999.00,0.50,0.0,-0.2,4246
57.25,-27.388,-26.446,-94.0,0.02,CLEAR|STRAIGHT,,999.00,0.50,-0.0,-0.1,4246
57.30,-27.388,-26.446,-93.9,0.02,CLEAR|STRAIGHT,,999.00,0.50,-0.0,-0.1,4246
57.35,-27.387,-26.444,-93.9,-0.01,CLEAR|STRAIGHT,,999.00,0.50,-0.0,-0.1,4262
57.40,-27.387,-26.444,-93.9,-0.01,CLEAR|STRAIGHT,,999.00,0.50,-0.0,-0.1,4246
57.45,-27.383,-26.442,-93.9,-0.02,CLEAR|STRAIGHT,,999.00,0.50,-0.0,-0.1,4246
57.50,-27.383,-26.442,-93.9,-0.02,CLEAR|STRAIGHT,,999.00,0.50,-0.0,-0.1,4246
57.55,-27.378,-26.438,-93.9,-0.05,CLEAR|STRAIGHT,,999.00,0.50,-0.1,-0.2,4246
57.60,-27.378,-26.438,-93.9,-0.05,CLEAR|STRAIGHT,,999.00,0.50,-0.1,-0.2,4262
57.65,-27.378,-26.438,-93.9,-0.05,CLEAR|STRAIGHT,,999.00,0.50,-0.0,-0.1,4246
57.70,-27.369,-26.428,-93.9,-0.07,CLEAR|STRAIGHT,,999.00,0.50,-0.0,-0.1,4246
57.75,-27.369,-26.428,-93.9,-0.07,CLEAR|STRAIGHT,,999.00,0.50,-0.0,-0.1,4246
57.80,-27.369,-26.428,-94.0,-0.07,CLEAR|STRAIGHT,,999.00,0.50,-0.0,-0.1,4230
57.85,-27.327,-26.400,-94.0,-0.19,CLEAR|STRAIGHT,,999.00,0.50,0.0,-0.1,4246
57.90,-27.327,-26.400,-94.0,-0.19,CLEAR|STRAIGHT,,999.00,0.50,0.0,-0.2,4246
57.95,-27.327,-26.400,-94.0,-0.19,CLEAR|STRAIGHT,,999.00,0.50,0.0,-0.1,4246
58.00,-27.301,-26.377,-94.0,-0.23,CLEAR|STRAIGHT,,999.00,0.50,0.0,-0.2,4262
58.05,-27.272,-26.350,-94.0,-0.32,CLEAR|STRAIGHT,,999.00,0.50,0.1,-0.1,4262
58.10,-27.272,-26.350,-94.1,-0.32,CLEAR|STRAIGHT,,999.00,0.50,0.1,-0.1,4246
58.15,-27.222,-26.322,-94.1,-0.31,CLEAR|STRAIGHT,,999.00,0.50,0.3,-0.1,4230
58.20,-27.222,-26.322,-94.2,-0.31,CLEAR|STRAIGHT,,999.00,0.50,0.3,-0.1,4246
58.26,-27.178,-26.290,-94.2,-0.35,CLEAR|STRAIGHT,,999.00,0.50,0.3,-0.1,4246
58.30,-27.178,-26.290,-94.2,-0.35,CLEAR|STRAIGHT,,999.00,0.50,0.3,-0.1,4230
58.35,-27.129,-26.253,-94.3,-0.41,CLEAR|STRAIGHT,,999.00,0.50,0.5,-0.1,4230
58.40,-27.129,-26.253,-94.4,-0.41,CLEAR|STRAIGHT,,999.00,0.50,0.5,-0.1,4246
58.45,-27.097,-26.222,-94.4,-0.34,CLEAR|STRAIGHT,,999.00,0.50,0.6,-0.1,4246
58.50,-27.097,-26.222,-94.4,-0.34,CLEAR|STRAIGHT,,999.00,0.50,0.6,-0.1,4246
58.55,-27.062,-26.190,-94.4,-0.34,CLEAR|STRAIGHT,,999.00,0.50,0.6,-0.1,4246
58.60,-27.062,-26.190,-94.4,-0.34,CLEAR|STRAIGHT,,999.00,0.50,0.6,-0.2,4246
58.65,-27.023,-26.162,-94.5,-0.31,CLEAR|STRAIGHT,,999.00,0.50,0.8,-0.1,4246
58.70,-27.023,-26.162,-94.5,-0.31,CLEAR|STRAIGHT,,999.00,0.50,0.8,-0.1,4246
58.75,-26.974,-26.128,-94.5,-0.37,CLEAR|STRAIGHT,,999.00,0.50,0.8,-0.2,4246
58.80,-26.974,-26.128,-94.6,-0.37,CLEAR|STRAIGHT,,999.00,0.50,0.8,-0.2,4230
58.85,-26.933,-26.104,-94.6,-0.27,CLEAR|STRAIGHT,,999.00,0.50,1.0,-0.2,4246
58.90,-26.933,-26.104,-94.6,-0.27,CLEAR|STRAIGHT,,999.00,0.50,1.0,-0.1,4246
58.95,-26.933,-26.104,-94.6,-0.27,CLEAR|STRAIGHT,,999.00,0.50,1.0,-0.1,4246
59.00,-26.905,-26.083,-94.7,-0.18,CLEAR|STRAIGHT,,999.00,0.50,1.0,-0.1,4246
59.05,-26.905,-26.083,-94.6,-0.18,CLEAR|STRAIGHT,,999.00,0.50,1.0,-0.2,4246
59.10,-26.905,-26.083,-94.6,-0.18,CLEAR|STRAIGHT,,999.00,0.50,1.0,-0.1,4230
59.15,-26.844,-26.032,-94.7,-0.33,CLEAR|STRAIGHT,,999.00,0.50,1.1,-0.1,4246
59.20,-26.844,-26.032,-94.7,-0.33,CLEAR|STRAIGHT,,999.00,0.50,1.1,-0.2,4246
59.25,-26.807,-26.003,-94.7,-0.32,CLEAR|STRAIGHT,,999.00,0.50,1.1,-0.1,4230
59.30,-26.807,-26.003,-94.8,-0.32,CLEAR|STRAIGHT,,999.00,0.50,1.1,-0.1,4246
59.35,-26.773,-25.970,-94.8,-0.35,CLEAR|STRAIGHT,,999.00,0.50,1.3,-0.2,4262
59.40,-26.773,-25.970,-94.8,-0.35,CLEAR|STRAIGHT,,999.00,0.50,1.3,-0.1,4230
59.45,-26.737,-25.939,-94.8,-0.34,CLEAR|STRAIGHT,,999.00,0.50,1.3,-0.2,4246
59.50,-26.737,-25.939,-94.8,-0.34,CLEAR|STRAIGHT,,999.00,0.50,1.3,-0.1,4246
59.55,-26.690,-25.905,-94.9,-0.38,CLEAR|STRAIGHT,,999.00,0.50,1.4,-0.1,4246
59.60,-26.690,-25.905,-94.9,-0.38,CLEAR|STRAIGHT,,999.00,0.50,1.4,-0.0,4246
59.65,-26.690,-25.905,-94.8,-0.38,CLEAR|STRAIGHT,,999.00,0.50,1.3,0.0,4214
59.70,-26.633,-25.880,-94.9,-0.21,CLEAR|STRAIGHT,,999.00,0.50,1.3,0.2,4198
59.75,-26.633,-25.880,-94.9,-0.21,CLEAR|STRAIGHT,,999.00,0.50,1.4,0.2,4214
59.80,-26.633,-25.880,-94.9,-0.21,CLEAR|STRAIGHT,,999.00,0.50,1.4,0.2,4198
59.85,-26.540,-25.806,-94.9,-0.51,CLEAR|STRAIGHT,,999.00,0.50,1.5,0.2,4198
59.90,-26.540,-25.806,-94.9,-0.51,CLEAR|STRAIGHT,,999.00,0.50,1.5,0.3,4183
59.95,-26.495,-25.770,-94.9,-0.40,CLEAR|STRAIGHT,,999.00,0.50,1.5,0.4,4167
60.00,-26.495,-25.770,-94.9,-0.40,CLEAR|STRAIGHT,,999.00,0.50,1.5,0.4,4167
60.05,-26.440,-25.732,-95.0,-0.42,CLEAR|STRAIGHT,,999.00,0.50,1.5,0.5,4152
60.10,-26.440,-25.732,-95.0,-0.42,CLEAR|STRAIGHT,,999.00,0.50,1.5,0.4,4152
60.15,-26.383,-25.697,-95.0,-0.40,CLEAR|STRAIGHT,,999.00,0.50,1.6,0.5,4167
60.20,-26.383,-25.697,-95.0,-0.40,CLEAR|STRAIGHT,,999.00,0.50,1.6,0.5,4152
60.25,-26.323,-25.655,-95.0,-0.47,CLEAR|STRAIGHT,,999.00,0.50,1.6,0.5,4152
60.30,-26.323,-25.655,-95.0,-0.47,CLEAR|STRAIGHT,,999.00,0.50,1.6,0.6,4137
60.35,-26.266,-25.612,-95.1,-0.48,CLEAR|STRAIGHT,,999.00,0.50,1.7,0.4,4137
60.40,-26.266,-25.612,-95.1,-0.48,CLEAR|STRAIGHT,,999.00,0.50,1.7,0.5,4152
60.45,-26.205,-25.572,-95.2,-0.44,CLEAR|STRAIGHT,,999.00,0.50,1.8,0.5,4152
60.50,-26.205,-25.572,-95.1,-0.44,CLEAR|STRAIGHT,,999.00,0.50,1.8,0.5,4152
60.55,-26.150,-25.532,-95.1,-0.45,CLEAR|STRAIGHT,,999.00,0.50,1.8,0.5,4137
60.60,-26.150,-25.532,-95.1,-0.45,CLEAR|STRAIGHT,,999.00,0.50,1.8,0.4,4152
60.65,-26.092,-25.487,-95.2,-0.50,CLEAR|STRAIGHT,,999.00,0.50,1.8,0.5,4137
60.70,-26.092,-25.487,-95.2,-0.50,CLEAR|STRAIGHT,,999.00,0.50,1.8,0.4,4137
60.75,-26.030,-25.442,-95.2,-0.51,CLEAR|STRAIGHT,,999.00,0.50,1.9,0.5,4152
60.80,-26.030,-25.442,-95.3,-0.51,CLEAR|STRAIGHT,,999.00,0.50,1.9,0.5,4152
60.85,-25.968,-25.396,-95.3,-0.57,CLEAR|STRAIGHT,,999.00,0.50,2.0,0.5,4137
60.90,-25.968,-25.396,-95.3,-0.57,CLEAR|STRAIGHT,,999.00,0.50,2.0,0.6,4137
60.95,-25.968,-25.396,-95.3,-0.57,CLEAR|STRAIGHT,,999.00,0.50,2.0,0.8,4106
61.00,-25.900,-25.348,-95.2,-0.39,CLEAR|STRAIGHT,,999.00,0.50,2.0,0.8,4092
61.05,-25.900,-25.348,-95.2,-0.39,CLEAR|STRAIGHT,,999.00,0.50,1.8,0.8,4106
61.10,-25.900,-25.348,-95.3,-0.39,CLEAR|STRAIGHT,,999.00,0.50,1.8,0.8,4092
61.15,-25.758,-25.251,-95.2,-0.64,CLEAR|STRAIGHT,,999.00,0.50,1.9,0.8,4092
61.20,-25.758,-25.251,-95.1,-0.64,CLEAR|STRAIGHT,,999.00,0.50,1.9,0.8,4106
61.25,-25.758,-25.251,-95.1,-0.64,CLEAR|STRAIGHT,,999.00,0.50,1.8,0.8,4092
61.30,-25.689,-25.200,-95.1,-0.52,CLEAR|STRAIGHT,,999.00,0.50,1.8,0.8,4106
61.35,-25.623,-25.148,-95.1,-0.64,CLEAR|STRAIGHT,,999.00,0.50,1.8,0.8,4106
61.40,-25.623,-25.148,-95.1,-0.64,CLEAR|STRAIGHT,,999.00,0.50,1.8,0.9,4092
61.45,-25.540,-25.098,-95.1,-0.57,CLEAR|STRAIGHT,,999.00,0.50,1.7,0.7,4092
61.50,-25.540,-25.098,-95.1,-0.57,CLEAR|STRAIGHT,,999.00,0.50,1.7,0.8,4092
61.55,-25.473,-25.040,-95.1,-0.64,CLEAR|STRAIGHT,,999.00,0.50,1.7,0.8,4106
61.60,-25.473,-25.040,-95.0,-0.64,CLEAR|STRAIGHT,,999.00,0.50,1.7,0.8,4106
61.65,-25.473,-25.040,-95.0,-0.64,CLEAR|STRAIGHT,,999.00,0.50,1.6,0.8,4092
61.70,-25.393,-24.989,-94.9,-0.41,CLEAR|STRAIGHT,,999.00,0.50,1.6,0.8,4092
61.75,-25.393,-24.989,-95.0,-0.41,CLEAR|STRAIGHT,,999.00,0.50,1.5,0.8,4106
61.80,-25.393,-24.989,-95.1,-0.41,CLEAR|STRAIGHT,,999.00,0.50,1.5,0.8,4092
61.85,-25.236,-24.885,-95.1,-0.74,CLEAR|STRAIGHT,,999.00,0.50,1.7,0.8,4106
61.90,-25.236,-24.885,-95.0,-0.74,CLEAR|STRAIGHT,,999.00,0.50,1.7,0.8,4092
61.95,-25.236,-24.885,-95.0,-0.74,CLEAR|STRAIGHT,,999.00,0.50,1.5,0.8,4092
62.00,-25.161,-24.816,-95.1,-0.68,CLEAR|STRAIGHT,,999.00,0.50,1.5,0.8,4106
62.05,-25.085,-24.758,-95.0,-0.71,CLEAR|STRAIGHT,,999.00,0.50,1.6,0.8,4106
62.10,-25.085,-24.758,-95.0,-0.71,CLEAR|STRAIGHT,,999.00,0.50,1.6,0.8,4092
62.15,-25.085,-24.758,-95.0,-0.71,CLEAR|STRAIGHT,,999.00,0.50,1.5,0.8,4106
62.20,-25.000,-24.701,-94.9,-0.58,CLEAR|STRAIGHT,,999.00,0.50,1.5,0.8,4092
62.25,-24.924,-24.641,-94.9,-0.75,CLEAR|STRAIGHT,,999.00,0.50,1.5,0.8,4092
62.30,-24.924,-24.641,-94.9,-0.75,CLEAR|STRAIGHT,,999.00,0.50,1.5,0.7,4092
62.35,-24.842,-24.584,-94.9,-0.64,CLEAR|STRAIGHT,,999.00,0.50,1.4,0.8,4106
62.40,-24.842,-24.584,-94.8,-0.64,CLEAR|STRAIGHT,,999.00,0.50,1.4,0.8,4092
62.45,-24.757,-24.523,-94.8,-0.68,CLEAR|STRAIGHT,,999.00,0.50,1.2,0.8,4106
62.50,-24.757,-24.523,-94.8,-0.68,CLEAR|STRAIGHT,,999.00,0.50,1.2,0.8,4106
62.55,-24.679,-24.462,-94.8,-0.68,CLEAR|STRAIGHT,,999.00,0.50,1.2,0.7,4092
62.60,-24.679,-24.462,-94.7,-0.68,CLEAR|STRAIGHT,,999.00,0.50,1.2,0.8,4106
62.65,-24.597,-24.400,-94.7,-0.75,CLEAR|STRAIGHT,,999.00,0.50,1.1,0.8,4106
62.70,-24.597,-24.400,-94.7,-0.75,CLEAR|STRAIGHT,,999.00,0.50,1.1,0.8,4106
62.75,-24.505,-24.340,-94.7,-0.62,CLEAR|STRAIGHT,,999.00,0.50,1.1,0.8,4106
62.80,-24.505,-24.340,-94.7,-0.62,CLEAR|STRAIGHT,,999.00,0.50,1.1,0.8,4092
62.85,-24.420,-24.275,-94.7,-0.71,CLEAR|STRAIGHT,,999.00,0.50,1.0,0.8,4092
62.90,-24.420,-24.275,-94.7,-0.71,CLEAR|STRAIGHT,,999.00,0.50,1.0,0.8,4092
62.95,-24.420,-24.275,-94.7,-0.71,CLEAR|STRAIGHT,,999.00,0.50,1.1,0.8,4092
63.00,-24.337,-24.210,-94.6,-0.55,CLEAR|STRAIGHT,,999.00,0.50,1.1,0.8,4092
63.05,-24.337,-24.210,-94.6,-0.55,CLEAR|STRAIGHT,,999.00,0.50,0.9,0.8,4092
63.10,-24.337,-24.210,-94.6,-0.55,CLEAR|STRAIGHT,,999.00,0.50,0.9,0.8,4106
63.15,-24.337,-24.210,-94.6,-0.55,CLEAR|STRAIGHT,,999.00,0.50,0.9,0.8,4077
63.20,-24.159,-24.072,-94.5,-0.76,CLEAR|STRAIGHT,,999.00,0.50,0.9,0.8,4106
63.25,-24.159,-24.072,-94.4,-0.76,CLEAR|STRAIGHT,,999.00,0.50,0.7,0.8,4092
63.30,-24.159,-24.072,-94.5,-0.76,CLEAR|STRAIGHT,,999.00,0.50,0.7,0.8,4092
63.35,-24.159,-24.072,-94.4,-0.76,CLEAR|STRAIGHT,,999.00,0.50,0.7,0.8,4092
63.40,-23.981,-23.946,-94.4,-0.77,CLEAR|STRAIGHT,,999.00,0.50,0.7,0.8,4092
63.45,-23.981,-23.946,-94.4,-0.77,CLEAR|STRAIGHT,,999.00,0.50,0.7,0.8,4092
63.50,-23.893,-23.888,-94.3,-0.64,CLEAR|STRAIGHT,,999.00,0.50,0.7,0.8,4092
63.55,-23.803,-23.817,-94.3,-0.97,CLEAR|STRAIGHT,,999.00,0.50,0.5,0.8,4092
63.60,-23.803,-23.817,-94.3,-0.97,CLEAR|STRAIGHT,,999.00,0.50,0.5,1.6,4092
63.65,-23.803,-23.817,-94.3,-0.97,CLEAR|STRAIGHT,,999.00,0.50,0.5,0.8,4092
63.70,-23.721,-23.745,-94.3,-0.49,CLEAR|STRAIGHT,,999.00,0.50,0.5,0.8,4092
63.75,-23.721,-23.745,-94.2,-0.49,CLEAR|STRAIGHT,,999.00,0.50,0.4,0.8,4092
63.80,-23.721,-23.745,-94.2,-0.49,CLEAR|STRAIGHT,,999.00,0.50,0.4,0.8,4092
63.85,-23.721,-23.745,-94.2,-0.49,CLEAR|STRAIGHT,,999.00,0.50,0.4,0.8,4092
63.90,-23.535,-23.615,-94.2,-0.89,CLEAR|STRAIGHT,,999.00,0.50,0.4,0.8,4106
63.95,-23.535,-23.615,-94.1,-0.89,CLEAR|STRAIGHT,,999.00,0.50,0.2,0.8,4092
64.00,-23.447,-23.549,-94.1,-0.60,CLEAR|STRAIGHT,,999.00,0.50,0.2,0.7,4092
64.05,-23.447,-23.549,-94.1,-0.60,CLEAR|STRAIGHT,,999.00,0.50,0.2,0.8,4092
64.10,-23.447,-23.549,-94.0,-0.60,CLEAR|STRAIGHT,,999.00,0.50,0.2,0.8,4092
64.15,-23.447,-23.549,-94.0,-0.60,CLEAR|STRAIGHT,,999.00,0.50,0.1,0.8,4092
64.20,-23.264,-23.418,-94.0,-0.80,CLEAR|STRAIGHT,,999.00,0.50,0.1,0.8,4092
64.25,-23.264,-23.418,-94.0,-0.80,CLEAR|STRAIGHT,,999.00,0.50,0.0,0.8,4092
64.30,-23.177,-23.346,-93.9,-0.78,CLEAR|STRAIGHT,,999.00,0.50,0.0,0.8,4077
64.35,-23.177,-23.346,-93.8,-0.78,CLEAR|STRAIGHT,,999.00,0.50,-0.2,0.8,4092
64.40,-23.079,-23.279,-93.9,-0.73,CLEAR|STRAIGHT,,999.00,0.50,-0.2,0.8,4092
64.45,-22.989,-23.209,-93.9,-0.95,CLEAR|STRAIGHT,,999.00,0.50,-0.1,0.8,4092
64.50,-22.989,-23.209,-93.9,-0.95,CLEAR|STRAIGHT,,999.00,0.50,-0.1,0.8,4092
64.55,-22.893,-23.142,-93.8,-0.66,CLEAR|STRAIGHT,,999.00,0.50,-0.2,0.8,4106
64.60,-22.893,-23.142,-93.8,-0.66,CLEAR|STRAIGHT,,999.00,0.50,-0.2,0.8,4092
64.65,-22.798,-23.077,-93.7,-0.71,CLEAR|STRAIGHT,,999.00,0.50,-0.4,0.8,4092
64.70,-22.798,-23.077,-93.8,-0.71,CLEAR|STRAIGHT,,999.00,0.50,-0.4,0.8,4106
64.75,-22.717,-23.007,-93.8,-0.75,CLEAR|STRAIGHT,,999.00,0.50,-0.3,0.8,4092
64.80,-22.717,-23.007,-93.8,-0.75,CLEAR|STRAIGHT,,999.00,0.50,-0.3,0.8,4092
64.85,-22.717,-23.007,-93.8,-0.75,CLEAR|STRAIGHT,,999.00,0.50,-0.2,0.8,4092
64.90,-22.624,-22.940,-93.8,-0.67,CLEAR|STRAIGHT,,999.00,0.50,-0.2,0.7,4106
64.95,-22.624,-22.940,-93.8,-0.67,CLEAR|STRAIGHT,,999.00,0.50,-0.3,0.8,4092
65.00,-22.535,-22.862,-93.7,-0.64,CLEAR|STRAIGHT,,999.00,0.50,-0.3,0.8,4106
65.05,-22.535,-22.862,-93.7,-0.64,CLEAR|STRAIGHT,,999.00,0.50,-0.4,0.8,4092
65.10,-22.535,-22.862,-93.5,-0.64,CLEAR|STRAIGHT,,999.00,0.50,-0.4,0.8,4092
65.15,-22.535,-22.862,-93.5,-0.64,CLEAR|STRAIGHT,,999.00,0.50,-0.7,0.8,4092
65.20,-22.347,-22.739,-93.6,-0.79,CLEAR|STRAIGHT,,999.00,0.50,-0.7,0.8,4092
65.25,-22.255,-22.669,-93.7,-0.84,CLEAR|STRAIGHT,,999.00,0.50,-0.4,0.8,4092
65.30,-22.255,-22.669,-93.4,-0.84,CLEAR|STRAIGHT,,999.00,0.50,-0.4,0.8,4106
65.35,-22.162,-22.596,-93.4,-0.88,CLEAR|STRAIGHT,,999.00,0.50,-0.9,0.8,4092
65.40,-22.162,-22.596,-93.3,-0.88,CLEAR|STRAIGHT,,999.00,0.50,-0.9,0.7,4092
65.45,-22.069,-22.530,-93.2,-0.65,CLEAR|STRAIGHT,,999.00,0.50,-1.1,0.7,4092
65.50,-22.069,-22.530,-93.1,-0.65,CLEAR|STRAIGHT,,999.00,0.50,-1.1,0.8,4106
65.55,-21.984,-22.462,-93.1,-0.72,CLEAR|STRAIGHT,,999.00,0.50,-1.3,0.8,4092
65.60,-21.984,-22.462,-93.0,-0.72,CLEAR|STRAIGHT,,999.00,0.50,-1.3,0.8,4106
65.65,-21.984,-22.462,-93.0,-0.72,CLEAR|STRAIGHT,,999.00,0.50,-1.4,0.8,4106
65.70,-21.902,-22.392,-93.0,-0.50,CLEAR|STRAIGHT,,999.00,0.50,-1.4,0.3,4152
65.75,-21.902,-22.392,-93.0,-0.50,CLEAR|STRAIGHT,,999.00,0.50,-1.4,0.1,4198
65.80,-21.902,-22.392,-93.0,-0.50,CLEAR|STRAIGHT,,999.00,0.50,-1.4,0.1,4183
65.85,-21.902,-22.392,-93.1,-0.50,CLEAR|STRAIGHT,,999.00,0.50,-1.3,0.1,4198
65.90,-21.729,-22.259,-93.1,-0.79,CLEAR|STRAIGHT,,999.00,0.50,-1.3,0.1,4198
65.95,-21.729,-22.259,-93.2,-0.79,CLEAR|STRAIGHT,,999.00,0.50,-1.2,0.0,4198
66.00,-21.729,-22.259,-93.3,-0.79,CLEAR|STRAIGHT,,999.00,0.50,-1.2,-0.5,4246
66.05,-21.729,-22.259,-93.3,-0.79,CLEAR|STRAIGHT,,999.00,0.50,-1.0,-0.4,4262
66.10,-21.551,-22.137,-93.4,-0.66,CLEAR|STRAIGHT,,999.00,0.50,-1.0,-0.4,4262
66.15,-21.551,-22.137,-93.4,-0.66,CLEAR|STRAIGHT,,999.00,0.50,-0.9,-0.4,4246
66.20,-21.551,-22.137,-93.4,-0.66,CLEAR|STRAIGHT,,999.00,0.50,-0.9,-0.5,4262
66.25,-21.551,-22.137,-93.5,-0.66,CLEAR|STRAIGHT,,999.00,0.50,-0.7,-0.4,4262
66.30,-21.387,-22.000,-93.6,-0.81,CLEAR|STRAIGHT,,999.00,0.50,-0.7,-0.4,4278
66.35,-21.387,-22.000,-93.6,-0.81,CLEAR|STRAIGHT,,999.00,0.50,-0.5,-0.4,4262
66.40,-21.305,-21.934,-93.7,-0.71,CLEAR|STRAIGHT,,999.00,0.50,-0.5,-0.3,4262
66.45,-21.221,-21.874,-93.7,-0.73,CLEAR|STRAIGHT,,999.00,0.50,-0.3,-0.4,4262
66.50,-21.221,-21.874,-93.7,-0.73,CLEAR|STRAIGHT,,999.00,0.50,-0.3,-0.4,4262
66.55,-21.138,-21.811,-93.7,-0.68,CLEAR|STRAIGHT,,999.00,0.50,-0.3,-0.4,4278
66.60,-21.138,-21.811,-93.8,-0.68,CLEAR|STRAIGHT,,999.00,0.50,-0.3,-0.5,4278
66.65,-21.059,-21.749,-93.8,-0.67,CLEAR|STRAIGHT,,999.00,0.50,-0.2,-0.4,4278
66.70,-21.059,-21.749,-93.8,-0.67,CLEAR|STRAIGHT,,999.00,0.50,-0.2,-0.4,4278
66.75,-20.973,-21.695,-93.8,-0.60,CLEAR|STRAIGHT,,999.00,0.50,-0.2,-0.5,4295
66.80,-20.973,-21.695,-93.9,-0.60,CLEAR|STRAIGHT,,999.00,0.50,-0.2,-0.5,4278
66.85,-20.893,-21.641,-93.9,-0.59,CLEAR|STRAIGHT,,999.00,0.50,-0.0,-0.4,4262
66.90,-20.893,-21.641,-94.0,-0.59,CLEAR|STRAIGHT,,999.00,0.50,-0.0,-0.4,4278
66.95,-20.893,-21.641,-94.0,-0.59,CLEAR|STRAIGHT,,999.00,0.50,0.1,-0.5,4262
67.00,-20.822,-21.580,-94.0,-0.51,CLEAR|STRAIGHT,,999.00,0.50,0.1,-0.4,4278
67.05,-20.822,-21.580,-94.0,-0.51,CLEAR|STRAIGHT,,999.00,0.50,0.1,-0.4,4278
67.10,-20.822,-21.580,-94.1,-0.51,CLEAR|STRAIGHT,,999.00,0.50,0.1,-0.5,4262
67.15,-20.663,-21.468,-94.1,-0.72,CLEAR|STRAIGHT,,999.00,0.50,0.3,-0.4,4278
67.20,-20.663,-21.468,-94.2,-0.72,CLEAR|STRAIGHT,,999.00,0.50,0.3,-0.5,4278
67.25,-20.585,-21.412,-94.3,-0.62,CLEAR|STRAIGHT,,999.00,0.50,0.5,-0.4,4278
67.30,-20.585,-21.412,-94.3,-0.62,CLEAR|STRAIGHT,,999.00,0.50,0.5,-0.4,4278
67.35,-20.510,-21.361,-94.4,-0.56,CLEAR|STRAIGHT,,999.00,0.50,0.7,-0.4,4278
67.40,-20.510,-21.361,-94.4,-0.56,CLEAR|STRAIGHT,,999.00,0.50,0.7,-0.5,4278
67.45,-20.438,-21.307,-94.4,-0.59,CLEAR|STRAIGHT,,999.00,0.50,0.7,-0.6,4278
67.50,-20.438,-21.307,-94.5,-0.59,CLEAR|STRAIGHT,,999.00,0.50,0.7,-0.5,4278
67.55,-20.360,-21.255,-94.5,-0.58,CLEAR|STRAIGHT,,999.00,0.50,0.8,-0.4,4278
67.60,-20.360,-21.255,-94.6,-0.58,CLEAR|STRAIGHT,,999.00,0.50,0.8,-0.4,4278
67.65,-20.283,-21.207,-94.6,-0.54,CLEAR|STRAIGHT,,999.00,0.50,1.0,-0.4,4278
67.70,-20.283,-21.207,-94.6,-0.54,CLEAR|STRAIGHT,,999.00,0.50,1.0,-0.4,4278
67.75,-20.215,-21.162,-94.6,-0.51,CLEAR|STRAIGHT,,999.00,0.50,1.0,-0.4,4262
67.80,-20.215,-21.162,-94.7,-0.51,CLEAR|STRAIGHT,,999.00,0.50,1.0,-0.4,4262
67.85,-20.215,-21.162,-94.8,-0.51,CLEAR|STRAIGHT,,999.00,0.50,1.2,-0.4,4262
67.90,-20.146,-21.126,-94.7,-0.27,CLEAR|STRAIGHT,,999.00,0.50,1.2,-0.4,4262
67.95,-20.146,-21.126,-94.7,-0.27,CLEAR|STRAIGHT,,999.00,0.50,1.2,-0.5,4278
68.00,-20.146,-21.126,-94.8,-0.27,CLEAR|STRAIGHT,,999.00,0.50,1.2,-0.4,4278
68.05,-20.146,-21.126,-94.8,-0.27,CLEAR|STRAIGHT,,999.00,0.50,1.2,-0.4,4278
68.10,-20.019,-21.035,-94.9,-0.63,CLEAR|STRAIGHT,,999.00,0.50,1.2,-0.4,4278
68.15,-20.019,-21.035,-94.9,-0.63,CLEAR|STRAIGHT,,999.00,0.50,1.4,-0.0,4246
68.20,-19.952,-20.992,-95.0,-0.49,CLEAR|STRAIGHT,,999.00,0.50,1.4,-0.0,4230
68.25,-19.952,-20.992,-94.9,-0.49,CLEAR|STRAIGHT,,999.00,0.50,1.5,0.0,4198
68.30,-19.952,-20.992,-95.0,-0.49,CLEAR|STRAIGHT,,999.00,0.50,1.5,0.0,4230
68.35,-19.952,-20.992,-95.0,-0.49,CLEAR|STRAIGHT,,999.00,0.50,1.6,0.1,4230
68.40,-19.833,-20.884,-95.1,-0.59,CLEAR|STRAIGHT,,999.00,0.50,1.6,0.3,4198
68.45,-19.771,-20.845,-95.1,-0.48,CLEAR|STRAIGHT,,999.00,0.50,1.7,0.3,4167
68.50,-19.771,-20.845,-95.1,-0.48,CLEAR|STRAIGHT,,999.00,0.50,1.7,0.3,4167
68.55,-19.711,-20.804,-95.1,-0.47,CLEAR|STRAIGHT,,999.00,0.50,1.7,0.5,4167
68.60,-19.711,-20.804,-95.1,-0.47,CLEAR|STRAIGHT,,999.00,0.50,1.7,0.5,4152
68.65,-19.711,-20.804,-95.1,-0.47,CLEAR|STRAIGHT,,999.00,0.50,1.7,0.5,4152
68.70,-19.651,-20.774,-95.1,-0.23,CLEAR|STRAIGHT,,999.00,0.50,1.7,0.5,4152
68.75,-19.651,-20.774,-95.1,-0.23,CLEAR|STRAIGHT,,999.00,0.50,1.7,0.5,4137
68.80,-19.651,-20.774,-95.1,-0.23,CLEAR|STRAIGHT,,999.00,0.50,1.7,0.5,4152
68.85,-19.651,-20.774,-95.1,-0.23,CLEAR|STRAIGHT,,999.00,0.50,1.7,0.5,4137
68.90,-19.533,-20.704,-95.0,-0.50,CLEAR|STRAIGHT,,999.00,0.50,1.7,0.3,4152
68.95,-19.533,-20.704,-95.1,-0.50,CLEAR|STRAIGHT,,999.00,0.50,1.7,0.6,4152
69.00,-19.480,-20.665,-95.1,-0.43,CLEAR|STRAIGHT,,999.00,0.50,1.7,0.5,4137
69.05,-19.426,-20.627,-95.1,-0.48,CLEAR|STRAIGHT,,999.00,0.50,1.7,1.2,4152
69.10,-19.426,-20.627,-95.1,-0.48,CLEAR|STRAIGHT,,999.00,0.50,1.7,0.5,4152
69.15,-19.426,-20.627,-95.1,-0.48,CLEAR|STRAIGHT,,999.00,0.50,1.7,0.5,4137
69.20,-19.378,-20.591,-95.1,-0.36,CLEAR|STRAIGHT,,999.00,0.50,1.7,0.5,4152
69.25,-19.378,-20.591,-95.0,-0.36,CLEAR|STRAIGHT,,999.00,0.50,1.6,0.5,4152
69.30,-19.378,-20.591,-95.0,-0.36,CLEAR|STRAIGHT,,999.00,0.50,1.6,0.5,4152
69.35,-19.378,-20.591,-95.0,-0.36,CLEAR|STRAIGHT,,999.00,0.00,0.0,0.6,4121
69.40,-19.278,-20.522,36.9,-0.39,CLEAR|STRAIGHT,,999.00,0.00,0.0,0.7,4121
69.45,-19.233,-20.491,36.9,0.60,CLEAR|STRAIGHT,,999.00,0.00,0.0,0.7,4137
69.50,-19.233,-20.491,37.0,0.60,CLEAR|STRAIGHT,,999.00,0.00,0.0,0.7,4121
69.55,-19.191,-20.456,37.0,0.55,CLEAR|STRAIGHT,,999.00,0.00,0.0,0.7,4121
69.60,-19.191,-20.456,37.0,0.55,CLEAR|STRAIGHT,,999.00,0.00,0.0,0.6,4106
69.65,-19.145,-20.431,37.0,0.52,CLEAR|STRAIGHT,,999.00,0.00,0.0,0.7,4106
69.70,-19.145,-20.431,37.0,0.52,CLEAR|STRAIGHT,,999.00,0.00,0.0,0.7,4106
69.75,-19.102,-20.409,37.0,0.47,CLEAR|STRAIGHT,,999.00,0.00,0.0,0.6,4121
69.80,-19.102,-20.409,37.0,0.47,CLEAR|STRAIGHT,,999.00,0.00,0.0,0.7,4121
69.85,-19.072,-20.386,37.0,0.42,CLEAR|STRAIGHT,,999.00,0.00,0.0,0.7,4106
69.90,-19.072,-20.386,37.0,0.42,CLEAR|STRAIGHT,,999.00,0.00,0.0,0.6,4121
69.95,-19.072,-20.386,37.0,0.42,CLEAR|STRAIGHT,,999.00,0.00,0.0,0.7,4106
70.00,-19.039,-20.363,37.0,0.33,CLEAR|STRAIGHT,,999.00,0.00,0.0,0.7,4121
70.05,-19.005,-20.346,37.0,0.41,CLEAR|STRAIGHT,,999.00,0.00,0.0,0.7,4121
70.10,-19.005,-20.346,37.0,0.41,CLEAR|STRAIGHT,,999.00,0.00,0.0,0.7,4121
70.15,-18.981,-20.325,37.0,0.32,CLEAR|STRAIGHT,,999.00,0.00,0.0,0.7,4106
70.20,-18.981,-20.325,37.1,0.32,CLEAR|STRAIGHT,,999.00,0.00,0.0,0.7,4106
70.25,-18.981,-20.325,37.1,0.32,CLEAR|STRAIGHT,,999.00,0.00,0.0,0.7,4121
70.30,-18.956,-20.312,37.0,0.19,CLEAR|STRAIGHT,,999.00,0.00,0.0,0.7,4106
70.35,-18.956,-20.312,37.1,0.19,CLEAR|STRAIGHT,,999.00,0.00,0.0,0.6,4106
70.40,-18.956,-20.312,37.1,0.19,CLEAR|STRAIGHT,,999.00,0.00,0.0,0.7,4121
70.45,-18.921,-20.291,37.1,0.27,CLEAR|STRAIGHT,,999.00,0.00,0.0,0.7,4106
70.50,-18.921,-20.291,37.1,0.27,CLEAR|STRAIGHT,,999.00,0.00,0.0,0.7,4121
70.55,-18.908,-20.283,37.1,0.15,CLEAR|STRAIGHT,,999.00,0.00,0.0,0.6,4106
70.60,-18.908,-20.283,37.1,0.15,CLEAR|STRAIGHT,,999.00,0.00,0.0,0.7,4106
70.65,-18.903,-20.276,37.1,0.09,CLEAR|STRAIGHT,,999.00,0.00,0.0,0.7,4106
70.70,-18.903,-20.276,37.1,0.09,CLEAR|STRAIGHT,,999.00,0.00,0.0,0.7,4121
70.75,-18.896,-20.275,37.1,0.07,CLEAR|STRAIGHT,,999.00,1.50,-18.0,0.6,4106
70.80,-18.896,-20.275,37.1,0.07,CLEAR|STRAIGHT,,999.00,1.50,-18.0,0.6,4121
70.85,-18.895,-20.275,37.1,0.00,CLEAR|STRAIGHT,,999.00,1.50,-18.0,0.6,4121
70.90,-18.895,-20.275,37.1,0.00,CLEAR|STRAIGHT,,999.00,1.50,-18.0,-0.6,4214
70.95,-18.895,-20.275,37.1,0.00,CLEAR|STRAIGHT,,999.00,1.50,-18.0,-2.0,4344
71.00,-18.894,-20.278,37.2,-0.01,CLEAR|STRAIGHT,,999.00,1.50,-18.0,-3.1,4465
71.05,-18.894,-20.278,37.2,-0.01,CLEAR|STRAIGHT,,999.00,1.50,-18.0,-3.5,4537
71.10,-18.894,-20.278,37.2,-0.01,CLEAR|STRAIGHT,,999.00,1.50,-18.0,-3.5,4574
71.15,-18.899,-20.277,37.2,-0.02,CLEAR|STRAIGHT,,999.00,1.50,-18.0,-3.6,4593
71.20,-18.899,-20.277,37.2,-0.02,CLEAR|STRAIGHT,,999.00,1.50,-18.0,-3.6,4593
71.25,-18.900,-20.280,37.2,-0.02,CLEAR|STRAIGHT,,999.00,1.50,-18.0,-4.0,4630
71.30,-18.900,-20.280,37.2,-0.02,CLEAR|STRAIGHT,,999.00,1.50,-18.0,-5.0,4688
71.35,-18.888,-20.273,37.2,0.13,CLEAR|STRAIGHT,,999.00,1.50,-18.0,-5.7,4788
71.40,-18.888,-20.273,37.1,0.13,CLEAR|STRAIGHT,,999.00,1.50,-18.0,-6.5,4808
71.45,-18.872,-20.262,37.0,0.19,CLEAR|STRAIGHT,,999.00,1.50,-18.0,-7.4,4892
71.50,-18.872,-20.262,36.9,0.19,CLEAR|STRAIGHT,,999.00,1.50,-18.0,-8.3,4913
71.55,-18.849,-20.247,36.8,0.28,CLEAR|STRAIGHT,,999.00,1.50,-18.0,-9.2,4979
71.60,-18.849,-20.247,36.5,0.28,CLEAR|STRAIGHT,,999.00,1.50,-18.0,-9.2,4979
71.65,-18.822,-20.234,36.4,0.32,CLEAR|STRAIGHT,,999.00,1.50,-18.0,-10.9,5046
71.70,-18.822,-20.234,36.0,0.32,CLEAR|STRAIGHT,,999.00,1.50,-18.0,-11.7,5068
71.75,-18.786,-20.216,35.8,0.36,CLEAR|STRAIGHT,,999.00,1.50,-18.0,-11.7,5068
71.80,-18.786,-20.216,35.4,0.36,CLEAR|STRAIGHT,,999.00,1.50,-18.0,-12.8,5091
71.85,-18.747,-20.198,35.1,0.42,CLEAR|STRAIGHT,,999.00,1.50,-18.0,-12.8,5091
71.90,-18.747,-20.198,34.5,0.42,CLEAR|STRAIGHT,,999.00,1.50,-18.0,-13.2,5115
71.95,-18.747,-20.198,34.2,0.42,CLEAR|STRAIGHT,,999.00,1.50,-18.0,-13.4,5091
72.00,-18.705,-20.176,33.6,0.43,CLEAR|STRAIGHT,,999.00,1.50,-18.0,-13.4,5091
72.05,-18.658,-20.156,33.3,0.56,CLEAR|STRAIGHT,,999.00,1.50,-18.0,-13.5,5091
72.10,-18.658,-20.156,32.6,0.56,CLEAR|STRAIGHT,,999.00,1.50,-18.0,-13.2,5091
72.15,-18.606,-20.135,32.3,0.55,CLEAR|STRAIGHT,,999.00,1.50,-18.0,-13.4,5091
72.20,-18.606,-20.135,31.5,0.55,CLEAR|STRAIGHT,,999.00,1.50,-18.0,-13.4,5091
72.25,-18.550,-20.113,31.2,0.59,CLEAR|STRAIGHT,,999.00,1.53,-18.0,-13.5,5091
72.30,-18.550,-20.113,30.4,0.59,CLEAR|STRAIGHT,,999.00,1.53,-16.6,-13.5,5091
72.35,-18.493,-20.088,30.0,0.62,CLEAR|STRAIGHT,,999.00,1.53,-16.4,-13.7,5115
72.40,-18.493,-20.088,29.1,0.62,CLEAR|STRAIGHT,,999.00,1.53,-16.3,-13.8,5115
72.45,-18.493,-20.088,28.8,0.62,CLEAR|STRAIGHT,,999.00,1.53,-16.1,-13.8,5115
72.50,-18.428,-20.063,27.8,0.50,CLEAR|STRAIGHT,,999.00,1.53,-15.7,-13.7,5091
72.55,-18.428,-20.063,27.3,0.50,AVOID|RIGHT,-16.8,8.00,1.53,-17.3,-13.7,5115
72.60,-18.428,-20.063,26.4,0.50,AVOID|RIGHT,-16.8,8.00,1.53,-16.8,-13.8,5115
72.65,-18.288,-20.018,26.0,0.91,AVOID|LEFT,-8.5,8.00,1.53,-16.8,-13.7,5091
72.70,-18.288,-20.018,25.0,0.91,AVOID|LEFT,-8.5,8.00,1.53,-8.5,-13.7,5091
72.75,-18.220,-19.992,24.4,0.73,AVOID|RIGHT,-15.2,8.00,1.53,-8.5,-13.7,5091
72.80,-18.220,-19.992,23.5,0.73,AVOID|RIGHT,-15.2,8.00,1.53,-15.2,-13.7,5115
72.85,-18.134,-19.973,23.0,0.87,AVOID|RIGHT,-13.8,8.00,1.53,-15.2,-11.8,5115
72.90,-18.134,-19.973,22.0,0.87,AVOID|RIGHT,-13.8,8.00,1.53,-13.8,-11.8,5115
72.95,-18.134,-19.973,21.6,0.87,AVOID|RIGHT,-13.6,8.00,1.53,-13.8,-11.6,5091
73.00,-18.047,-19.956,20.6,0.79,AVOID|RIGHT,-13.6,8.00,1.57,-13.6,-12.0,5091
73.05,-18.047,-19.956,20.1,0.79,AVOID|RIGHT,-10.8,8.00,1.57,-10.8,-12.4,5115
73.10,-18.047,-19.956,19.2,0.79,AVOID|RIGHT,-10.8,8.00,1.57,-10.8,-12.4,5115
73.15,-18.047,-19.956,18.6,0.79,AVOID|RIGHT,-8.4,8.00,1.57,-8.4,-12.4,5091
73.20,-17.863,-19.928,17.5,0.92,AVOID|RIGHT,-8.4,8.00,1.57,-8.4,-12.4,5091
73.25,-17.770,-19.903,17.0,1.07,AVOID|RIGHT,-7.4,8.00,1.57,-7.4,-12.5,5091
73.30,-17.770,-19.903,15.9,1.07,AVOID|RIGHT,-7.4,8.00,1.57,-7.4,-12.5,5091
73.35,-17.669,-19.891,15.3,1.01,AVOID|RIGHT,-6.0,8.00,1.57,-6.0,-11.5,5091
73.40,-17.669,-19.891,14.2,1.01,AVOID|RIGHT,-6.0,8.00,1.57,-6.0,-10.6,5068
73.45,-17.566,-19.883,13.8,1.14,AVOID|RIGHT,-5.6,8.00,1.57,-5.6,-10.4,5068
73.50,-17.566,-19.883,12.8,1.14,AVOID|RIGHT,-5.6,8.00,1.57,-5.6,-9.9,5068
73.55,-17.464,-19.860,12.3,0.95,AVOID|RIGHT,-4.2,8.00,1.56,-4.2,-9.3,5046
73.60,-17.464,-19.860,11.5,0.95,AVOID|RIGHT,-4.2,8.00,1.56,-4.2,-8.7,5023
73.65,-17.359,-19.842,11.1,1.07,AVOID|RIGHT,-1.4,8.00,1.56,-1.4,-8.2,5001
73.70,-17.359,-19.842,10.2,1.07,AVOID|RIGHT,-0.4,8.00,1.56,-1.4,-7.9,4979
73.75,-17.246,-19.847,9.7,1.23,AVOID|RIGHT,-0.4,8.00,1.56,-0.4,-7.5,4979
73.80,-17.246,-19.847,9.0,1.23,AVOID|RIGHT,1.2,8.00,1.56,-0.4,-6.9,4957
73.85,-17.132,-19.837,8.7,1.04,AVOID|RIGHT,1.2,8.00,1.56,1.2,-5.7,4892
73.90,-17.132,-19.837,8.3,1.04,CLEAR|STRAIGHT,,999.00,1.56,1.2,-4.3,4788
73.95,-17.132,-19.837,8.1,1.04,CLEAR|STRAIGHT,,999.00,1.56,1.4,-3.1,4708
74.00,-17.009,-19.820,7.7,1.13,CLEAR|STRAIGHT,,999.00,1.60,1.7,-2.1,4611
74.05,-17.009,-19.820,7.6,1.13,CLEAR|STRAIGHT,,999.00,1.60,3.4,-1.1,4501
74.10,-17.009,-19.820,7.3,1.13,CLEAR|STRAIGHT,,999.00,1.60,3.6,-1.0,4447
74.15,-17.009,-19.820,7.3,1.13,CLEAR|STRAIGHT,,999.00,1.60,3.7,-0.7,4430
74.20,-16.760,-19.804,7.1,1.24,CLEAR|STRAIGHT,,999.00,1.60,3.8,-0.1,4344
74.25,-16.760,-19.804,7.1,1.24,CLEAR|STRAIGHT,,999.00,1.60,4.9,0.8,4230
74.30,-16.644,-19.786,7.2,0.98,CLEAR|STRAIGHT,,999.00,1.60,4.9,1.7,4106
74.35,-16.644,-19.786,7.3,0.98,CLEAR|STRAIGHT,,999.00,1.60,5.2,2.1,4018
74.40,-16.644,-19.786,7.4,0.98,CLEAR|STRAIGHT,,999.00,1.60,5.0,2.4,3962
74.45,-16.644,-19.786,7.5,0.98,CLEAR|STRAIGHT,,999.00,1.60,5.0,2.4,3907
74.50,-16.374,-19.785,7.7,1.49,CLEAR|STRAIGHT,,999.00,1.58,4.9,2.4,3907
74.55,-16.240,-19.776,7.8,1.48,CLEAR|STRAIGHT,,999.00,1.58,6.4,2.4,3893
74.60,-16.240,-19.776,8.0,1.48,CLEAR|STRAIGHT,,999.00,1.58,6.9,2.4,3880
74.65,-16.113,-19.780,8.0,1.26,CLEAR|STRAIGHT,,999.00,1.58,6.9,2.5,3867
74.70,-16.113,-19.780,8.3,1.26,CLEAR|STRAIGHT,,999.00,1.58,8.0,2.9,3814
74.75,-15.973,-19.764,8.4,1.41,CLEAR|STRAIGHT,,999.00,1.58,7.9,3.4,3738
74.80,-15.973,-19.764,8.8,1.41,CLEAR|STRAIGHT,,999.00,1.58,8.5,4.3,3653
74.85,-15.833,-19.736,9.1,1.43,CLEAR|STRAIGHT,,999.00,1.52,8.3,4.9,3527
74.90,-15.833,-19.736,9.8,1.43,CLEAR|STRAIGHT,,999.00,1.52,7.7,5.3,3462
74.95,-15.833,-19.736,10.1,1.43,CLEAR|STRAIGHT,,999.00,1.52,7.5,5.6,3420
75.00,-15.684,-19.722,10.7,0.99,CLEAR|STRAIGHT,,999.00,1.52,7.2,5.7,3389
75.05,-15.684,-19.722,11.0,0.99,CLEAR|STRAIGHT,,999.00,1.52,7.0,5.7,3369
75.10,-15.684,-19.722,11.7,0.99,CLEAR|STRAIGHT,,999.00,1.52,8.5,5.7,3359
75.15,-15.395,-19.675,12.1,1.95,CLEAR|STRAIGHT,,999.00,1.49,8.2,5.6,3359
75.20,-15.395,-19.675,12.7,1.95,AVOID|RIGHT,1.6,8.00,1.49,1.6,5.7,3349
75.25,-15.241,-19.656,13.0,1.72,AVOID|RIGHT,1.6,8.00,1.49,1.6,5.7,3349
75.30,-15.241,-19.656,13.6,1.72,AVOID|RIGHT,0.6,8.00,1.49,0.6,5.7,3339
75.35,-15.089,-19.625,14.0,1.41,AVOID|RIGHT,-0.2,8.00,1.49,0.6,5.3,3379
75.40,-15.089,-19.625,14.4,1.41,AVOID|RIGHT,-0.2,8.00,1.49,-0.2,4.0,3516
75.45,-15.089,-19.625,14.7,1.41,AVOID|RIGHT,-0.6,8.00,1.49,-0.2,3.2,3618
75.50,-14.945,-19.577,15.0,1.37,AVOID|RIGHT,-0.6,8.00,1.49,-0.6,2.7,3701
75.55,-14.945,-19.577,15.2,1.37,AVOID|RIGHT,-0.8,8.00,1.49,-0.6,2.5,3738
75.60,-14.788,-19.550,15.4,1.59,AVOID|RIGHT,-0.8,8.00,1.52,-0.8,2.3,3776
75.65,-14.788,-19.550,15.6,1.59,AVOID|RIGHT,-1.4,8.00,1.52,-0.8,2.0,3840
75.70,-14.630,-19.526,15.8,1.59,AVOID|RIGHT,-1.4,8.00,1.52,-1.4,1.8,3867
75.75,-14.630,-19.526,15.9,1.59,AVOID|RIGHT,-1.6,8.00,1.52,-1.4,1.8,3880
75.80,-14.479,-19.493,15.9,1.28,AVOID|RIGHT,-1.6,8.00,1.52,-1.6,1.5,3920
75.85,-14.479,-19.493,15.9,1.28,AVOID|RIGHT,-1.4,8.00,1.52,-1.6,1.3,3990
75.90,-14.479,-19.493,16.0,1.28,AVOID|RIGHT,-1.4,8.00,1.52,-1.4,1.1,4004
75.95,-14.479,-19.493,16.1,1.28,AVOID|RIGHT,-1.0,8.00,1.52,-1.4,0.9,4033
76.00,-14.182,-19.413,16.0,1.47,AVOID|RIGHT,-1.0,8.00,1.55,-1.0,0.9,4047
76.05,-14.182,-19.413,16.1,1.47,AVOID|RIGHT,-1.4,8.00,1.55,-1.0,0.9,4047
76.10,-14.182,-19.413,16.2,1.47,AVOID|RIGHT,-1.4,8.00,1.55,-1.4,0.9,4047
76.15,-13.874,-19.401,16.1,1.87,AVOID|RIGHT,-1.0,8.00,1.55,-1.4,1.0,4047
76.20,-13.874,-19.401,16.2,1.87,AVOID|RIGHT,-1.0,8.00,1.55,-1.0,1.0,4047
76.25,-13.874,-19.401,16.2,1.87,AVOID|RIGHT,-1.0,8.00,1.55,-1.0,1.0,4077
76.30,-13.724,-19.362,16.3,1.41,AVOID|RIGHT,-1.0,8.00,1.46,-1.0,1.0,4062
76.35,-13.566,-19.366,16.3,1.67,AVOID|RIGHT,-1.0,8.00,1.46,-1.0,0.9,4077
76.40,-13.566,-19.366,16.3,1.67,AVOID|RIGHT,-1.0,8.00,1.46,-1.0,0.9,4062
76.45,-13.401,-19.347,16.3,1.63,AVOID|RIGHT,-0.8,8.00,1.46,-0.8,1.0,4062
76.50,-13.401,-19.347,16.4,1.63,AVOID|RIGHT,-0.8,8.00,1.46,-0.8,0.9,4077
76.55,-13.239,-19.305,16.4,1.67,AVOID|STRAIGHT,-0.2,8.00,1.51,-0.2,0.9,4077
76.60,-13.239,-19.305,16.4,1.67,AVOID|STRAIGHT,-0.2,8.00,1.52,-0.2,0.9,4062
76.65,-13.091,-19.269,16.5,1.53,AVOID|STRAIGHT,0.0,8.00,1.52,0.0,0.8,4077
76.70,-13.091,-19.269,16.5,1.53,AVOID|STRAIGHT,0.0,8.00,1.52,0.0,0.9,4077
76.75,-12.939,-19.247,16.5,1.52,AVOID|STRAIGHT,0.8,8.00,1.52,0.8,0.9,4077
76.80,-12.939,-19.247,16.5,1.52,AVOID|STRAIGHT,0.8,8.00,1.52,0.8,0.9,4062
76.85,-12.780,-19.212,16.5,1.62,AVOID|STRAIGHT,1.0,8.00,1.57,1.0,0.9,4077
76.90,-12.780,-19.212,16.5,1.62,AVOID|STRAIGHT,2.4,8.00,1.60,1.0,0.9,4077
76.95,-12.780,-19.212,16.3,1.62,AVOID|STRAIGHT,2.4,8.00,1.60,2.4,0.9,4077
77.00,-12.615,-19.174,16.5,1.06,AVOID|STRAIGHT,2.8,8.00,1.60,2.4,0.9,4077
77.05,-12.615,-19.174,16.5,1.06,AVOID|STRAIGHT,2.8,8.00,1.60,2.8,0.8,4077
77.10,-12.615,-19.174,16.5,1.06,AVOID|STRAIGHT,4.2,8.00,1.60,2.8,0.9,4062
77.15,-12.314,-19.107,16.5,2.20,AVOID|STRAIGHT,4.2,8.00,1.51,4.2,0.9,4077
77.20,-12.314,-19.107,16.5,2.20,AVOID|LEFT,6.0,8.00,1.51,4.2,1.9,3962
77.25,-12.154,-19.065,16.6,1.65,AVOID|LEFT,6.0,8.00,1.51,6.0,2.1,3920
77.30,-12.154,-19.065,16.9,1.65,AVOID|LEFT,7.8,8.00,1.51,6.0,2.1,3907
77.35,-11.997,-19.037,17.0,1.58,AVOID|LEFT,7.8,8.00,1.51,7.8,2.1,3907
77.40,-11.997,-19.037,17.2,1.58,AVOID|LEFT,10.4,8.00,1.51,7.8,2.8,3827
77.45,-11.851,-18.995,17.3,1.52,AVOID|LEFT,10.4,8.00,1.51,10.4,3.4,3726
77.50,-11.851,-18.995,17.7,1.52,AVOID|LEFT,14.4,8.00,1.51,14.4,4.6,3595
77.55,-11.851,-18.995,18.1,1.52,AVOID|LEFT,14.4,8.00,1.51,14.4,5.4,3473
77.60,-11.689,-18.968,18.7,1.48,AVOID|LEFT,15.6,8.00,1.43,15.6,6.4,3339
77.65,-11.535,-18.934,19.3,1.73,AVOID|LEFT,15.6,8.00,1.43,15.6,8.2,3125
77.70,-11.535,-18.934,20.5,1.73,AVOID|LEFT,12.8,8.00,1.43,12.8,9.8,2938
77.75,-11.535,-18.934,21.3,1.73,AVOID|LEFT,12.8,8.00,1.43,12.8,11.0,2778
77.80,-11.383,-18.868,23.0,1.11,AVOID|LEFT,12.0,8.00,1.43,12.0,12.3,2660
77.85,-11.383,-18.868,23.9,1.11,AVOID|LEFT,12.0,8.00,1.43,12.0,12.4,2610
77.90,-11.383,-18.868,25.6,1.11,CLEAR|STRAIGHT,,999.00,1.43,13.9,12.4,2592
77.95,-11.383,-18.868,26.6,1.11,CLEAR|STRAIGHT,,999.00,1.43,15.9,12.3,2569
78.00,-11.098,-18.757,28.2,1.90,CLEAR|STRAIGHT,,999.00,1.45,14.9,12.3,2563
78.05,-11.098,-18.757,28.9,1.90,CLEAR|STRAIGHT,,999.00,1.45,12.7,12.4,2545
78.10,-11.098,-18.757,30.5,1.90,CLEAR|STRAIGHT,,999.00,1.45,10.4,13.1,2489
78.15,-10.826,-18.610,31.6,1.62,CLEAR|STRAIGHT,,999.00,1.50,8.2,13.3,2467
78.20,-10.826,-18.610,33.4,1.62,CLEAR|STRAIGHT,,999.00,1.55,6.8,13.2,2456
78.25,-10.709,-18.529,34.3,1.42,CLEAR|STRAIGHT,,999.00,1.59,6.4,13.3,2446
78.30,-10.709,-18.529,35.9,1.42,CLEAR|STRAIGHT,,999.00,1.59,7.0,11.7,2540
78.35,-10.593,-18.452,36.4,1.39,CLEAR|STRAIGHT,,999.00,1.59,6.6,10.0,2685
78.40,-10.593,-18.452,37.5,1.39,CLEAR|STRAIGHT,,999.00,1.59,6.7,8.8,2799
78.45,-10.469,-18.378,38.1,1.43,CLEAR|STRAIGHT,,999.00,1.59,6.4,8.4,2863
78.50,-10.469,-18.378,39.0,1.43,CLEAR|STRAIGHT,,999.00,1.59,6.3,8.4,2878
78.55,-10.342,-18.284,39.5,1.58,CLEAR|STRAIGHT,,999.00,1.50,6.1,8.5,2892
78.60,-10.342,-18.284,40.4,1.58,CLEAR|STRAIGHT,,999.00,1.43,3.9,8.3,2915
78.65,-10.220,-18.203,41.0,1.45,CLEAR|STRAIGHT,,999.00,1.43,2.6,8.0,2945
78.70,-10.220,-18.203,42.2,1.45,CLEAR|STRAIGHT,,999.00,1.43,3.1,7.8,2969
78.75,-10.100,-18.103,42.9,1.56,CLEAR|STRAIGHT,,999.00,1.43,2.7,7.2,3033
78.80,-10.100,-18.103,44.1,1.56,CLEAR|STRAIGHT,,999.00,1.43,1.9,6.2,3143
78.85,-9.987,-18.014,44.4,1.59,CLEAR|STRAIGHT,,999.00,1.35,1.5,5.3,3252
78.90,-9.987,-18.014,45.0,1.59,CLEAR|STRAIGHT,,999.00,1.35,-0.5,4.7,3349
78.95,-9.987,-18.014,45.5,1.59,CLEAR|STRAIGHT,,999.00,1.35,-0.7,4.1,3430
79.00,-9.863,-17.915,46.5,0.93,CLEAR|STRAIGHT,,999.00,1.35,-1.1,3.6,3516
79.05,-9.863,-17.915,46.8,0.93,CLEAR|STRAIGHT,,999.00,1.35,-1.3,2.7,3618
79.10,-9.863,-17.915,46.9,0.93,CLEAR|STRAIGHT,,999.00,1.35,0.6,1.9,3738
79.15,-9.627,-17.716,46.6,2.19,CLEAR|STRAIGHT,,999.00,1.37,0.6,1.1,3867
79.20,-9.627,-17.716,46.6,2.19,CLEAR|STRAIGHT,,999.00,1.37,-1.7,0.9,3934
79.25,-9.508,-17.602,46.6,1.64,CLEAR|STRAIGHT,,999.00,1.37,-3.2,0.8,3962
79.30,-9.508,-17.602,46.7,1.64,CLEAR|STRAIGHT,,999.00,1.37,-3.0,0.8,3990
79.35,-9.403,-17.488,46.6,1.55,CLEAR|STRAIGHT,,999.00,1.37,-3.0,0.8,4004
79.40,-9.403,-17.488,46.5,1.55,CLEAR|STRAIGHT,,999.00,1.37,-3.2,0.4,4062
79.45,-9.278,-17.380,46.4,1.64,CLEAR|STRAIGHT,,999.00,1.42,-3.1,-0.1,4137
79.50,-9.278,-17.380,46.3,1.64,CLEAR|STRAIGHT,,999.00,1.47,-3.9,-0.2,4167
79.55,-9.171,-17.286,46.3,1.42,CLEAR|STRAIGHT,,999.00,1.50,-3.9,-0.3,4183
79.60,-9.171,-17.286,46.2,1.42,CLEAR|STRAIGHT,,999.00,1.50,-3.9,-0.3,4198
79.65,-9.055,-17.179,46.1,1.57,CLEAR|STRAIGHT,,999.00,1.50,-3.9,-0.3,4198
79.70,-9.055,-17.179,45.9,1.57,CLEAR|STRAIGHT,,999.00,1.50,-4.3,-0.7,4246
79.75,-8.930,-17.097,45.8,1.63,CLEAR|STRAIGHT,,999.00,1.50,-4.3,-0.9,4278
79.80,-8.930,-17.097,45.7,1.63,CLEAR|STRAIGHT,,999.00,1.50,-4.2,-0.9,4278
79.85,-8.815,-16.984,45.6,1.46,CLEAR|STRAIGHT,,999.00,1.48,-4.2,-0.9,4295
79.90,-8.815,-16.984,45.4,1.46,CLEAR|STRAIGHT,,999.00,1.48,-4.7,-0.9,4295
79.95,-8.815,-16.984,45.3,1.46,CLEAR|STRAIGHT,,999.00,1.48,-4.6,-1.0,4311
80.00,-8.690,-16.889,45.1,1.41,CLEAR|STRAIGHT,,999.00,1.48,-4.5,-1.4,4328
80.05,-8.574,-16.786,45.0,1.72,CLEAR|STRAIGHT,,999.00,1.48,-4.7,-1.6,4344
80.10,-8.574,-16.786,44.7,1.72,CLEAR|STRAIGHT,,999.00,1.48,-5.0,-1.5,4361
80.15,-8.574,-16.786,44.5,1.72,CLEAR|STRAIGHT,,999.00,1.48,-5.0,-1.5,4378
80.20,-8.446,-16.688,44.2,1.45,CLEAR|STRAIGHT,,999.00,1.39,-4.7,-1.9,4395
80.25,-8.316,-16.589,44.0,1.80,CLEAR|STRAIGHT,,999.00,1.39,-4.8,-2.0,4430
80.30,-8.316,-16.589,43.7,1.80,CLEAR|STRAIGHT,,999.00,1.39,-4.7,-2.0,4430
80.35,-8.192,-16.473,43.4,1.70,CLEAR|STRAIGHT,,999.00,1.39,-4.6,-2.0,4447
80.40,-8.192,-16.473,42.9,1.70,CLEAR|STRAIGHT,,999.00,1.39,-5.0,-2.4,4465
80.45,-8.069,-16.384,42.7,1.50,CLEAR|STRAIGHT,,999.00,1.44,-4.9,-2.5,4483
80.50,-8.069,-16.384,42.3,1.50,CLEAR|STRAIGHT,,999.00,1.49,-4.4,-2.5,4483
80.55,-7.947,-16.294,42.2,1.51,CLEAR|STRAIGHT,,999.00,1.53,-4.3,-2.5,4501
80.60,-7.947,-16.294,41.8,1.51,CLEAR|STRAIGHT,,999.00,1.53,-4.4,-2.6,4501
80.65,-7.823,-16.200,41.6,1.73,CLEAR|STRAIGHT,,999.00,1.53,-4.3,-2.6,4501
80.70,-7.823,-16.200,41.1,1.73,CLEAR|STRAIGHT,,999.00,1.53,-4.2,-2.5,4501
80.75,-7.698,-16.122,41.0,1.32,CLEAR|STRAIGHT,,999.00,1.53,-4.1,-2.5,4519
80.80,-7.698,-16.122,40.7,1.32,CLEAR|STRAIGHT,,999.00,1.53,-4.5,-2.5,4501
80.85,-7.574,-16.034,40.5,1.51,CLEAR|STRAIGHT,,999.00,1.44,-4.4,-2.6,4501
80.90,-7.574,-16.034,40.0,1.51,CLEAR|STRAIGHT,,999.00,1.35,-3.3,-2.6,4537
80.95,-7.574,-16.034,39.7,1.51,CLEAR|STRAIGHT,,999.00,1.28,-3.2,-3.4,4593
81.00,-7.445,-15.951,39.2,0.95,CLEAR|STRAIGHT,,999.00,1.28,-2.9,-3.5,4593
81.05,-7.445,-15.951,38.9,0.95,CLEAR|STRAIGHT,,999.00,1.28,-2.8,-3.5,4611
81.10,-7.445,-15.951,38.5,0.95,CLEAR|STRAIGHT,,999.00,1.28,-3.4,-3.5,4611
81.15,-7.192,-15.785,38.2,2.16,CLEAR|STRAIGHT,,999.00,1.19,-3.3,-3.5,4593
81.20,-7.192,-15.785,37.7,2.16,CLEAR|STRAIGHT,,999.00,1.10,-1.1,-3.5,4611
81.25,-7.061,-15.707,37.4,1.52,CLEAR|STRAIGHT,,999.00,1.01,-0.6,-3.4,4593
81.30,-7.061,-15.707,36.9,1.52,CLEAR|STRAIGHT,,999.00,0.97,-1.1,-3.4,4611
81.35,-6.921,-15.627,36.7,1.60,CLEAR|STRAIGHT,,999.00,0.97,-0.9,-3.4,4593
81.40,-6.921,-15.627,36.3,1.60,CLEAR|STRAIGHT,,999.00,0.97,-0.4,-3.3,4593
81.45,-6.794,-15.547,36.1,1.50,CLEAR|STRAIGHT,,999.00,0.88,-0.3,-2.5,4537
81.50,-6.794,-15.547,35.7,1.50,CLEAR|STRAIGHT,,999.00,0.79,0.6,-2.4,4537
81.55,-6.677,-15.485,35.5,1.46,CLEAR|STRAIGHT,,999.00,0.79,0.7,-2.3,4501
81.60,-6.677,-15.485,35.0,1.46,CLEAR|STRAIGHT,,999.00,0.79,1.1,-2.4,4519
81.65,-6.549,-15.416,34.8,1.31,CLEAR|STRAIGHT,,999.00,0.79,1.3,-2.2,4519
81.70,-6.549,-15.416,34.5,1.31,CLEAR|STRAIGHT,,999.00,0.79,1.7,-1.7,4447
81.75,-6.431,-15.350,34.3,1.35,CLEAR|STRAIGHT,,999.00,0.79,1.8,-1.4,4430
81.80,-6.431,-15.350,34.0,1.35,CLEAR|STRAIGHT,,999.00,0.79,2.4,-1.2,4412
81.85,-6.307,-15.283,34.0,1.41,CLEAR|STRAIGHT,,999.00,0.70,2.5,-0.8,4344
81.90,-6.307,-15.283,33.7,1.41,CLEAR|STRAIGHT,,999.00,0.69,3.4,-0.5,4311
81.95,-6.307,-15.283,33.7,1.41,CLEAR|STRAIGHT,,999.00,0.69,3.5,0.2,4262
82.00,-6.177,-15.213,33.7,1.33,CLEAR|STRAIGHT,,999.00,0.69,3.6,0.6,4167
82.05,-6.058,-15.149,33.7,1.49,CLEAR|STRAIGHT,,999.00,0.69,4.1,1.4,4092
82.10,-6.058,-15.149,33.8,1.49,CLEAR|STRAIGHT,,999.00,0.69,4.7,1.7,4033
82.15,-6.058,-15.149,33.8,1.49,CLEAR|STRAIGHT,,999.00,0.69,4.7,1.8,3990
82.20,-5.956,-15.095,33.9,1.05,CLEAR|STRAIGHT,,999.00,0.63,4.7,1.8,3976
82.25,-5.862,-15.040,33.9,1.20,CLEAR|STRAIGHT,,999.00,0.63,4.8,2.6,3880
82.30,-5.862,-15.040,34.1,1.20,CLEAR|STRAIGHT,,999.00,0.63,5.4,3.1,3801
82.35,-5.862,-15.040,34.2,1.20,CLEAR|STRAIGHT,,999.00,0.63,5.4,3.1,3763
82.40,-5.761,-14.982,34.6,1.06,CLEAR|STRAIGHT,,999.00,0.63,5.3,3.1,3751
82.45,-5.666,-14.925,34.7,1.37,CLEAR|STRAIGHT,,999.00,0.63,5.7,3.5,3713
82.50,-5.666,-14.925,35.0,1.37,CLEAR|STRAIGHT,,999.00,0.63,6.2,3.6,3689
82.55,-5.567,-14.868,35.2,1.03,CLEAR|STRAIGHT,,999.00,0.63,6.1,3.7,3653
82.60,-5.567,-14.868,35.5,1.03,CLEAR|STRAIGHT,,999.00,0.63,6.5,3.7,3653
82.65,-5.468,-14.811,35.6,1.15,CLEAR|STRAIGHT,,999.00,0.62,6.4,3.7,3641
82.70,-5.468,-14.811,35.9,1.15,CLEAR|STRAIGHT,,999.00,0.62,6.7,3.8,3630
82.75,-5.377,-14.754,36.2,1.07,CLEAR|STRAIGHT,,999.00,0.62,6.6,3.7,3630
82.80,-5.377,-14.754,36.5,1.07,CLEAR|STRAIGHT,,999.00,0.62,7.0,3.7,3630
82.85,-5.282,-14.695,36.7,1.11,CLEAR|STRAIGHT,,999.00,0.62,6.9,4.4,3549
82.90,-5.282,-14.695,37.2,1.11,CLEAR|STRAIGHT,,999.00,0.62,7.4,4.6,3516
82.95,-5.282,-14.695,37.4,1.11,CLEAR|STRAIGHT,,999.00,0.62,7.2,4.6,3516
83.00,-5.187,-14.632,37.8,0.67,CLEAR|STRAIGHT,,999.00,0.62,7.0,4.6,3494
83.05,-5.187,-14.632,38.1,0.67,CLEAR|STRAIGHT,,999.00,0.62,6.8,5.2,3451
83.10,-5.187,-14.632,38.5,0.67,CLEAR|STRAIGHT,,999.00,0.62,7.3,5.2,3430
83.15,-5.009,-14.503,38.9,1.69,CLEAR|STRAIGHT,,999.00,0.64,7.2,5.2,3430
83.20,-5.009,-14.503,39.4,1.69,CLEAR|STRAIGHT,,999.00,0.64,7.9,5.2,3410
83.25,-4.919,-14.438,39.7,1.11,CLEAR|STRAIGHT,,999.00,0.64,7.8,5.3,3410
83.30,-4.919,-14.438,40.2,1.11,CLEAR|STRAIGHT,,999.00,0.64,8.1,5.5,3369
83.35,-4.829,-14.369,40.5,1.13,CLEAR|STRAIGHT,,999.00,0.64,8.0,5.6,3369
83.40,-4.829,-14.369,41.0,1.13,CLEAR|STRAIGHT,,999.00,0.64,8.4,5.5,3359
83.45,-4.743,-14.301,41.2,1.10,CLEAR|STRAIGHT,,999.00,0.64,8.3,5.5,3349
83.50,-4.743,-14.301,41.7,1.10,CLEAR|STRAIGHT,,999.00,0.64,8.8,5.4,3349
83.55,-4.656,-14.233,41.9,1.10,CLEAR|STRAIGHT,,999.00,0.69,8.7,5.5,3359
83.60,-4.656,-14.233,42.3,1.10,CLEAR|STRAIGHT,,999.00,0.69,8.7,5.5,3339
83.65,-4.582,-14.158,42.5,1.05,CLEAR|STRAIGHT,,999.00,0.69,8.6,6.1,3290
83.70,-4.582,-14.158,42.8,1.05,CLEAR|STRAIGHT,,999.00,0.69,9.0,6.3,3252
83.75,-4.501,-14.087,43.1,1.08,CLEAR|STRAIGHT,,999.00,0.69,8.9,6.3,3242
83.80,-4.501,-14.087,43.5,1.08,CLEAR|STRAIGHT,,999.00,0.69,9.4,6.5,3233
83.85,-4.428,-14.019,43.7,0.99,CLEAR|STRAIGHT,,999.00,0.69,9.3,6.8,3196
83.90,-4.428,-14.019,44.2,0.99,CLEAR|STRAIGHT,,999.00,0.69,9.8,6.8,3187
83.95,-4.428,-14.019,44.4,0.99,CLEAR|STRAIGHT,,999.00,0.69,9.7,7.0,3152
84.00,-4.354,-13.951,44.9,0.92,CLEAR|STRAIGHT,,999.00,0.69,9.4,7.3,3125
84.05,-4.354,-13.951,45.3,0.92,CLEAR|STRAIGHT,,999.00,0.69,10.1,7.4,3100
84.10,-4.354,-13.951,45.8,0.92,CLEAR|STRAIGHT,,999.00,0.69,9.8,7.6,3066
84.15,-4.200,-13.809,46.0,1.10,CLEAR|STRAIGHT,,999.00,0.74,9.6,7.5,3057
84.20,-4.200,-13.809,46.5,1.10,CLEAR|STRAIGHT,,999.00,0.77,10.2,7.7,3057
84.25,-4.132,-13.735,46.8,1.12,CLEAR|STRAIGHT,,999.00,0.77,10.0,7.6,3049
84.30,-4.132,-13.735,47.4,1.12,CLEAR|STRAIGHT,,999.00,0.77,10.5,7.6,3041
84.35,-4.132,-13.735,47.9,1.12,CLEAR|STRAIGHT,,999.00,0.77,10.3,7.9,3033
84.40,-4.059,-13.657,48.5,0.89,CLEAR|STRAIGHT,,999.00,0.77,9.9,7.9,3008
84.45,-3.985,-13.587,48.8,1.12,CLEAR|STRAIGHT,,999.00,0.77,10.9,8.2,2984
84.50,-3.985,-13.587,49.5,1.12,CLEAR|STRAIGHT,,999.00,0.77,11.1,8.2,2984
84.55,-3.905,-13.514,49.8,1.08,CLEAR|STRAIGHT,,999.00,0.82,10.9,8.2,2976
84.60,-3.905,-13.514,50.5,1.08,CLEAR|STRAIGHT,,999.00,0.87,10.6,8.7,2922
84.65,-3.833,-13.435,50.9,1.06,CLEAR|STRAIGHT,,999.00,0.87,10.4,8.7,2930
84.70,-3.833,-13.435,51.6,1.06,CLEAR|STRAIGHT,,999.00,0.87,10.9,8.7,2922
84.75,-3.763,-13.355,52.0,1.06,CLEAR|STRAIGHT,,999.00,0.87,10.7,8.7,2915
84.80,-3.763,-13.355,52.9,1.06,CLEAR|STRAIGHT,,999.00,0.87,11.2,8.7,2907
84.85,-3.691,-13.270,53.3,1.11,CLEAR|STRAIGHT,,999.00,0.87,11.0,8.7,2900
84.90,-3.691,-13.270,54.1,1.11,CLEAR|STRAIGHT,,999.00,0.87,11.4,8.7,2900
84.95,-3.691,-13.270,54.5,1.11,CLEAR|STRAIGHT,,999.00,0.87,11.2,9.1,2863
85.00,-3.618,-13.190,55.4,0.67,CLEAR|STRAIGHT,,999.00,0.87,10.7,9.1,2848
85.05,-3.618,-13.190,55.9,0.67,CLEAR|STRAIGHT,,999.00,0.92,10.4,9.2,2848
85.10,-3.618,-13.190,56.9,0.67,CLEAR|STRAIGHT,,999.00,0.97,10.6,9.2,2848
85.15,-3.481,-13.010,57.3,1.60,CLEAR|STRAIGHT,,999.00,0.97,10.3,9.2,2841
85.20,-3.481,-13.010,58.2,1.60,CLEAR|STRAIGHT,,999.00,0.97,10.0,9.1,2856
85.25,-3.415,-12.919,58.7,1.13,CLEAR|STRAIGHT,,999.00,0.97,9.8,9.2,2841
85.30,-3.415,-12.919,59.6,1.13,CLEAR|STRAIGHT,,999.00,0.97,11.1,9.2,2841
85.35,-3.415,-12.919,60.1,1.13,CLEAR|STRAIGHT,,999.00,0.97,10.8,9.2,2841
85.40,-3.351,-12.821,61.0,1.06,CLEAR|STRAIGHT,,999.00,0.97,10.2,9.2,2834
85.45,-3.351,-12.821,61.4,1.06,CLEAR|STRAIGHT,,999.00,0.97,11.2,9.2,2841
85.50,-3.351,-12.821,62.4,1.06,CLEAR|STRAIGHT,,999.00,0.97,10.6,9.2,2834
85.55,-3.351,-12.821,63.0,1.06,CLEAR|STRAIGHT,,999.00,0.97,10.3,9.2,2834
85.60,-3.225,-12.617,63.9,1.19,CLEAR|STRAIGHT,,999.00,1.02,9.6,9.1,2834
85.65,-3.225,-12.617,64.4,1.19,CLEAR|STRAIGHT,,999.00,1.04,9.9,9.2,2841
85.70,-3.164,-12.508,65.5,1.24,CLEAR|STRAIGHT,,999.00,1.04,9.3,9.2,2841
85.75,-3.164,-12.508,66.1,1.24,CLEAR|STRAIGHT,,999.00,1.04,9.9,9.2,2841
85.80,-3.164,-12.508,67.1,1.24,CLEAR|STRAIGHT,,999.00,1.04,9.2,9.2,2841
85.85,-3.164,-12.508,67.6,1.24,CLEAR|STRAIGHT,,999.00,1.04,9.0,9.2,2834
85.90,-3.056,-12.288,68.7,1.23,CLEAR|STRAIGHT,,999.00,1.07,8.4,9.2,2841
85.95,-3.056,-12.288,69.2,1.23,CLEAR|STRAIGHT,,999.00,1.07,8.7,9.2,2834
86.00,-3.056,-12.288,70.2,1.23,CLEAR|STRAIGHT,,999.00,1.07,8.2,9.2,2827
86.05,-3.056,-12.288,70.6,1.23,CLEAR|STRAIGHT,,999.00,1.07,8.0,9.2,2834
86.10,-2.951,-12.045,71.8,1.32,CLEAR|STRAIGHT,,999.00,1.07,7.5,9.2,2834
86.15,-2.951,-12.045,72.3,1.32,CLEAR|STRAIGHT,,999.00,1.07,8.7,9.2,2827
86.20,-2.951,-12.045,73.4,1.32,CLEAR|STRAIGHT,,999.00,1.07,8.1,9.2,2827
86.25,-2.951,-12.045,73.9,1.32,CLEAR|STRAIGHT,,999.00,1.07,7.8,9.2,2834
86.30,-2.861,-11.787,75.2,1.36,CLEAR|STRAIGHT,,999.00,1.08,7.2,9.1,2841
86.35,-2.861,-11.787,75.5,1.36,CLEAR|STRAIGHT,,999.00,1.08,7.5,9.2,2841
86.40,-2.815,-11.652,76.6,1.43,CLEAR|STRAIGHT,,999.00,1.08,6.9,9.1,2841
86.45,-2.815,-11.652,77.3,1.43,CLEAR|STRAIGHT,,999.00,1.08,7.3,9.2,2827
86.50,-2.776,-11.519,78.3,1.15,CLEAR|STRAIGHT,,999.00,1.08,6.7,9.1,2848
86.55,-2.776,-11.519,78.8,1.15,CLEAR|STRAIGHT,,999.00,1.08,7.7,8.8,2870
86.60,-2.776,-11.519,79.9,1.15,CLEAR|STRAIGHT,,999.00,1.08,7.1,8.7,2870
86.65,-2.776,-11.519,80.6,1.15,CLEAR|STRAIGHT,,999.00,1.08,6.7,8.7,2892
86.70,-2.711,-11.234,81.6,1.62,CLEAR|STRAIGHT,,999.00,1.08,6.0,8.7,2892
86.75,-2.711,-11.234,82.3,1.62,CLEAR|STRAIGHT,,999.00,1.08,5.8,8.6,2900
86.80,-2.674,-11.090,83.4,1.48,CLEAR|STRAIGHT,,999.00,1.08,5.1,7.8,2961
86.85,-2.674,-11.090,84.0,1.48,CLEAR|STRAIGHT,,999.00,1.08,5.7,7.7,2992
86.90,-2.648,-10.938,85.0,1.54,CLEAR|STRAIGHT,,999.00,1.08,5.1,7.6,3008
86.95,-2.648,-10.938,85.4,1.54,CLEAR|STRAIGHT,,999.00,1.08,5.4,7.6,3008
87.00,-2.625,-10.789,86.5,1.15,CLEAR|STRAIGHT,,999.00,1.06,4.9,7.6,3008
87.05,-2.625,-10.789,87.1,1.15,CLEAR|STRAIGHT,,999.00,1.06,5.0,7.3,3049
87.10,-2.625,-10.789,88.0,1.15,CLEAR|STRAIGHT,,999.00,1.06,4.4,7.0,3074
87.15,-2.592,-10.472,88.5,1.92,CLEAR|STRAIGHT,,999.00,1.06,4.1,7.1,3074
87.20,-2.592,-10.472,89.5,1.92,CLEAR|STRAIGHT,,999.00,1.06,4.1,6.8,3108
87.25,-2.592,-10.472,90.0,1.92,CLEAR|STRAIGHT,,999.00,1.06,3.9,6.6,3143
87.30,-2.583,-10.310,90.8,1.55,CLEAR|STRAIGHT,,999.00,1.05,3.4,6.4,3160
87.35,-2.573,-10.143,91.1,1.85,CLEAR|STRAIGHT,,999.00,1.05,3.5,6.2,3187
87.40,-2.573,-10.143,92.1,1.85,CLEAR|STRAIGHT,,999.00,1.05,3.4,6.2,3196
87.45,-2.573,-10.143,92.5,1.85,CLEAR|STRAIGHT,,999.00,1.05,3.2,6.2,3196
87.50,-2.568,-9.983,93.3,1.46,CLEAR|STRAIGHT,,999.00,1.05,2.8,5.8,3252
87.55,-2.574,-9.815,93.7,1.86,CLEAR|STRAIGHT,,999.00,1.03,3.2,5.6,3271
87.60,-2.574,-9.815,94.5,1.86,CLEAR|STRAIGHT,,999.00,1.03,2.7,5.3,3300
87.65,-2.574,-9.648,94.8,1.67,CLEAR|STRAIGHT,,999.00,1.03,2.5,5.3,3329
87.70,-2.574,-9.648,95.7,1.67,CLEAR|STRAIGHT,,999.00,1.03,2.5,5.3,3319
87.75,-2.574,-9.648,96.0,1.67,CLEAR|STRAIGHT,,999.00,1.03,2.3,5.3,3339
87.80,-2.578,-9.477,96.7,1.55,CLEAR|STRAIGHT,,999.00,1.03,2.0,5.3,3349
87.85,-2.583,-9.306,97.1,1.89,CLEAR|STRAIGHT,,999.00,1.03,2.1,4.9,3379
87.90,-2.583,-9.306,97.8,1.89,CLEAR|STRAIGHT,,999.00,1.03,2.1,4.6,3420
87.95,-2.583,-9.306,98.2,1.89,CLEAR|STRAIGHT,,999.00,1.03,1.9,4.5,3441
88.00,-2.590,-9.135,98.7,1.31,CLEAR|STRAIGHT,,999.00,1.01,1.5,4.5,3441
88.05,-2.590,-9.135,99.0,1.31,CLEAR|STRAIGHT,,999.00,1.01,1.7,4.4,3473
88.10,-2.590,-9.135,99.5,1.31,CLEAR|STRAIGHT,,999.00,1.01,1.4,4.1,3505
88.15,-2.624,-8.784,99.9,2.07,CLEAR|STRAIGHT,,999.00,1.03,1.2,4.0,3516
88.20,-2.624,-8.784,100.5,2.07,CLEAR|STRAIGHT,,999.00,1.03,1.5,4.0,3538
88.25,-2.624,-8.784,100.7,2.07,CLEAR|STRAIGHT,,999.00,1.03,1.3,4.0,3538
88.30,-2.644,-8.607,101.1,1.62,CLEAR|STRAIGHT,,999.00,1.03,1.1,3.9,3538
88.35,-2.663,-8.432,101.4,1.95,CLEAR|STRAIGHT,,999.00,1.03,1.2,3.5,3583
88.40,-2.663,-8.432,102.0,1.95,CLEAR|STRAIGHT,,999.00,1.03,1.3,3.4,3606
88.45,-2.663,-8.432,102.3,1.95,CLEAR|STRAIGHT,,999.00,1.03,1.1,3.4,3606
88.50,-2.689,-8.251,102.6,1.67,CLEAR|STRAIGHT,,999.00,1.07,0.8,3.3,3653
88.55,-2.721,-8.071,102.8,2.02,CLEAR|STRAIGHT,,999.00,1.07,1.0,3.3,3653
88.60,-2.721,-8.071,103.3,2.02,CLEAR|STRAIGHT,,999.00,1.07,1.0,3.3,3653
88.65,-2.745,-7.885,103.5,1.87,CLEAR|STRAIGHT,,999.00,1.07,0.9,3.3,3641
88.70,-2.745,-7.885,103.9,1.87,CLEAR|STRAIGHT,,999.00,1.07,1.0,3.3,3641
88.75,-2.777,-7.701,104.1,2.06,CLEAR|STRAIGHT,,999.00,1.12,0.8,3.2,3677
88.80,-2.777,-7.701,104.4,2.06,CLEAR|STRAIGHT,,999.00,1.13,0.9,2.7,3726
88.85,-2.805,-7.515,104.6,1.71,CLEAR|STRAIGHT,,999.00,1.13,0.8,2.7,3726
88.90,-2.805,-7.515,105.0,1.71,CLEAR|STRAIGHT,,999.00,1.13,0.9,2.7,3738
88.95,-2.805,-7.515,105.2,1.71,CLEAR|STRAIGHT,,999.00,1.13,0.8,2.6,3776
89.00,-2.845,-7.332,105.5,1.24,CLEAR|STRAIGHT,,999.00,1.13,0.6,2.6,3776
89.05,-2.845,-7.332,105.7,1.24,CLEAR|STRAIGHT,,999.00,1.13,0.5,2.6,3751
89.10,-2.845,-7.332,106.0,1.24,CLEAR|STRAIGHT,,999.00,1.13,0.5,2.6,3776
89.15,-2.915,-6.948,106.1,2.58,CLEAR|STRAIGHT,,999.00,1.18,0.4,2.6,3776
89.20,-2.915,-6.948,106.4,2.58,CLEAR|STRAIGHT,,999.00,1.23,0.9,2.6,3763
89.25,-2.915,-6.948,106.6,2.58,CLEAR|STRAIGHT,,999.00,1.24,0.8,2.6,3763
89.30,-2.956,-6.756,107.0,1.78,CLEAR|STRAIGHT,,999.00,1.29,0.7,2.6,3763
89.35,-3.000,-6.560,107.1,2.23,CLEAR|STRAIGHT,,999.00,1.34,0.8,2.6,3763
89.40,-3.000,-6.560,107.3,2.23,CLEAR|STRAIGHT,,999.00,1.38,0.9,2.4,3788
89.45,-3.000,-6.560,107.5,2.23,CLEAR|STRAIGHT,,999.00,1.38,0.8,2.3,3801
89.50,-3.044,-6.366,107.8,1.79,CLEAR|STRAIGHT,,999.00,1.38,0.7,2.3,3801
89.55,-3.092,-6.168,108.0,2.26,CLEAR|STRAIGHT,,999.00,1.43,0.9,2.3,3814
89.60,-3.092,-6.168,108.3,2.26,CLEAR|STRAIGHT,,999.00,1.48,0.8,2.3,3814
89.65,-3.137,-5.967,108.3,2.05,CLEAR|STRAIGHT,,999.00,1.53,0.8,2.3,3827
89.70,-3.137,-5.967,108.7,2.05,CLEAR|STRAIGHT,,999.00,1.53,1.0,2.2,3840
89.75,-3.137,-5.967,108.8,2.05,CLEAR|STRAIGHT,,999.00,1.53,0.9,2.2,3827
89.80,-3.185,-5.766,109.0,1.87,CLEAR|STRAIGHT,,999.00,1.58,0.7,2.1,3840
89.85,-3.185,-5.766,109.2,1.87,CLEAR|STRAIGHT,,999.00,1.58,0.9,2.1,3840
89.90,-3.242,-5.563,109.5,2.10,CLEAR|STRAIGHT,,999.00,1.58,0.8,2.1,3853
89.95,-3.242,-5.563,109.6,2.10,CLEAR|STRAIGHT,,999.00,1.58,0.9,2.1,3853
90.00,-3.298,-5.358,109.8,1.77,CLEAR|STRAIGHT,,999.00,1.58,0.8,2.2,3840
90.05,-3.298,-5.358,110.0,1.77,CLEAR|STRAIGHT,,999.00,1.58,1.2,2.2,3853
90.10,-3.298,-5.358,110.2,1.77,CLEAR|STRAIGHT,,999.00,1.58,1.0,2.2,3840
90.15,-3.298,-5.358,110.4,1.77,CLEAR|STRAIGHT,,999.00,1.58,0.9,2.1,3840
90.20,-3.410,-4.933,110.6,2.43,CLEAR|STRAIGHT,,999.00,1.54,0.8,2.3,3853
90.25,-3.472,-4.719,110.8,2.47,CLEAR|STRAIGHT,,999.00,1.59,1.0,2.2,3853
90.30,-3.472,-4.719,111.1,2.47,CLEAR|STRAIGHT,,999.00,1.59,0.9,2.2,3840
90.35,-3.538,-4.503,111.3,2.25,CLEAR|STRAIGHT,,999.00,1.59,0.8,2.2,3840
90.40,-3.538,-4.503,111.5,2.25,CLEAR|STRAIGHT,,999.00,1.59,1.0,2.1,3853
90.45,-3.538,-4.503,111.7,2.25,CLEAR|STRAIGHT,,999.00,1.59,1.0,2.2,3853
90.50,-3.603,-4.279,111.9,2.11,CLEAR|STRAIGHT,,999.00,1.56,0.8,2.1,3853
90.55,-3.670,-4.058,111.9,2.55,CLEAR|STRAIGHT,,999.00,1.56,0.9,2.1,3853
90.60,-3.670,-4.058,112.1,2.55,CLEAR|STRAIGHT,,999.00,1.56,1.0,2.1,3853
90.65,-3.670,-4.058,112.4,2.55,CLEAR|STRAIGHT,,999.00,1.56,1.0,2.1,3853
90.70,-3.744,-3.837,112.8,2.12,CLEAR|STRAIGHT,,999.00,1.58,0.8,2.1,3853
90.75,-3.744,-3.837,112.8,2.12,CLEAR|STRAIGHT,,999.00,1.58,1.0,2.1,3853
90.80,-3.821,-3.612,113.1,2.37,CLEAR|STRAIGHT,,999.00,1.58,0.9,2.1,3853
90.85,-3.821,-3.612,113.2,2.37,CLEAR|STRAIGHT,,999.00,1.58,1.0,2.1,3853
90.90,-3.885,-3.380,113.4,2.38,CLEAR|STRAIGHT,,999.00,1.53,0.8,1.9,3893
90.95,-3.885,-3.380,113.6,2.38,CLEAR|STRAIGHT,,999.00,1.53,1.0,1.8,3893
91.00,-3.971,-3.157,113.8,1.59,CLEAR|STRAIGHT,,999.00,1.53,0.9,1.8,3893
91.05,-3.971,-3.157,113.9,1.59,CLEAR|STRAIGHT,,999.00,1.53,0.8,1.8,3907
91.10,-3.971,-3.157,114.1,1.59,CLEAR|STRAIGHT,,999.00,1.53,1.3,1.8,3907
91.15,-3.971,-3.157,114.1,1.59,CLEAR|STRAIGHT,,999.00,1.53,1.2,1.8,3907
91.20,-4.131,-2.691,114.5,3.27,CLEAR|STRAIGHT,,999.00,1.45,1.2,1.8,3907
91.25,-4.131,-2.691,114.6,3.27,CLEAR|STRAIGHT,,999.00,1.45,1.5,1.8,3907
91.30,-4.214,-2.462,114.7,2.43,CLEAR|STRAIGHT,,999.00,1.36,1.4,1.8,3907
91.35,-4.214,-2.462,115.1,2.43,CLEAR|STRAIGHT,,999.00,1.30,1.0,1.8,3907
91.40,-4.302,-2.237,115.3,2.41,CLEAR|STRAIGHT,,999.00,1.30,0.8,1.8,3920
91.45,-4.388,-2.011,115.4,2.68,CLEAR|STRAIGHT,,999.00,1.30,1.1,1.8,3907
91.50,-4.388,-2.011,115.5,2.68,CLEAR|STRAIGHT,,999.00,1.30,1.2,1.8,3920
91.55,-4.388,-2.011,115.5,2.68,CLEAR|STRAIGHT,,999.00,1.30,1.2,1.8,3920
91.60,-4.465,-1.769,115.6,2.28,CLEAR|STRAIGHT,,999.00,1.21,1.1,1.8,3907
91.65,-4.465,-1.769,115.9,2.28,CLEAR|STRAIGHT,,999.00,1.17,1.4,1.8,3920
91.70,-4.564,-1.525,116.2,2.62,CLEAR|STRAIGHT,,999.00,1.09,1.2,1.8,3893
91.75,-4.564,-1.525,116.4,2.62,CLEAR|STRAIGHT,,999.00,1.09,1.2,1.8,3907
91.80,-4.667,-1.302,116.4,2.46,CLEAR|STRAIGHT,,999.00,1.09,1.0,1.8,3920
91.85,-4.667,-1.302,116.5,2.46,CLEAR|STRAIGHT,,999.00,1.09,1.2,1.8,3920
91.90,-4.750,-1.053,116.6,2.59,CLEAR|STRAIGHT,,999.00,1.09,1.2,1.8,3893
91.95,-4.750,-1.053,116.6,2.59,CLEAR|STRAIGHT,,999.00,1.09,1.2,1.8,3920
92.00,-4.848,-0.824,116.4,2.08,CLEAR|STRAIGHT,,999.00,1.09,1.2,1.8,3907
92.05,-4.848,-0.824,116.4,2.08,CLEAR|STRAIGHT,,999.00,1.09,1.8,1.8,3907
92.10,-4.848,-0.824,116.6,2.08,CLEAR|STRAIGHT,,999.00,1.09,1.9,1.7,3920
92.15,-4.848,-0.824,116.7,2.08,CLEAR|STRAIGHT,,999.00,1.09,1.8,1.8,3920
92.20,-5.041,-0.361,117.2,2.78,CLEAR|STRAIGHT,,999.00,1.14,1.7,1.8,3907
92.25,-5.041,-0.361,117.5,2.78,CLEAR|STRAIGHT,,999.00,1.18,1.6,1.8,3907
92.30,-5.135,-0.114,118.1,2.18,CLEAR|STRAIGHT,,999.00,1.23,1.4,1.8,3907
92.35,-5.135,-0.114,118.3,2.18,CLEAR|STRAIGHT,,999.00,1.28,1.6,1.8,3907
92.40,-5.135,-0.114,119.1,2.18,CLEAR|STRAIGHT,,999.00,1.33,1.3,1.8,3907
92.45,-5.135,-0.114,119.1,2.18,CLEAR|STRAIGHT,,999.00,1.36,1.1,1.8,3907
92.50,-5.323,0.355,119.1,2.51,CLEAR|STRAIGHT,,999.00,1.41,1.0,1.8,3907
92.55,-5.323,0.355,118.9,2.51,CLEAR|STRAIGHT,,999.00,1.46,1.2,1.8,3920
92.60,-5.323,0.355,118.7,2.51,CLEAR|STRAIGHT,,999.00,1.51,1.3,1.8,3907
92.65,-5.323,0.355,118.7,2.51,CLEAR|STRAIGHT,,999.00,1.56,1.3,1.8,3907
92.70,-5.539,0.804,118.6,2.62,CLEAR|STRAIGHT,,999.00,1.47,1.4,1.8,3907
92.75,-5.539,0.804,118.5,2.62,CLEAR|STRAIGHT,,999.00,1.43,1.5,1.8,3907
92.80,-5.539,0.804,119.0,2.62,CLEAR|STRAIGHT,,999.00,1.43,1.6,1.8,3920
92.85,-5.539,0.804,119.1,2.62,CLEAR|STRAIGHT,,999.00,1.43,1.5,1.8,3920
92.90,-5.752,1.253,119.2,2.61,CLEAR|STRAIGHT,,999.00,1.43,1.4,1.8,3907
92.95,-5.752,1.253,119.3,2.61,CLEAR|STRAIGHT,,999.00,1.43,1.9,1.8,3920
93.00,-5.855,1.478,119.3,1.64,CLEAR|STRAIGHT,,999.00,1.43,1.9,1.7,3907
93.05,-5.855,1.478,119.4,1.64,CLEAR|STRAIGHT,,999.00,1.36,1.9,1.8,3907
93.10,-5.855,1.478,119.7,1.64,CLEAR|STRAIGHT,,999.00,1.36,2.9,1.8,3907
93.15,-5.855,1.478,119.8,1.64,CLEAR|STRAIGHT,,999.00,1.36,2.9,1.8,3907
93.20,-6.053,1.956,120.1,3.43,CLEAR|STRAIGHT,,999.00,1.34,2.7,1.8,3920
93.25,-6.053,1.956,120.4,3.43,CLEAR|STRAIGHT,,999.00,1.34,3.3,1.8,3934
93.30,-6.053,1.956,120.6,3.43,CLEAR|STRAIGHT,,999.00,1.34,3.0,1.8,3907
93.35,-6.053,1.956,120.7,3.43,CLEAR|STRAIGHT,,999.00,1.34,3.0,1.8,3907
93.40,-6.255,2.391,120.7,2.39,CLEAR|STRAIGHT,,999.00,1.32,2.9,1.8,3920
93.45,-6.255,2.391,120.8,2.39,CLEAR|STRAIGHT,,999.00,1.32,2.0,1.8,3907
93.50,-6.362,2.629,121.0,2.59,CLEAR|STRAIGHT,,999.00,1.32,2.0,1.8,3920
93.55,-6.362,2.629,121.1,2.59,CLEAR|STRAIGHT,,999.00,1.32,2.2,1.8,3907
93.60,-6.476,2.850,121.2,2.07,CLEAR|STRAIGHT,,999.00,1.37,2.1,1.9,3907
93.65,-6.476,2.850,121.3,2.07,CLEAR|STRAIGHT,,999.00,1.37,2.5,1.8,3907
93.70,-6.476,2.850,121.5,2.07,CLEAR|STRAIGHT,,999.00,1.37,2.4,1.8,3907
93.75,-6.476,2.850,121.6,2.07,CLEAR|STRAIGHT,,999.00,1.37,2.4,1.8,3920
93.80,-6.698,3.292,121.9,2.74,CLEAR|STRAIGHT,,999.00,1.42,2.3,1.8,3907
93.85,-6.698,3.292,122.0,2.74,CLEAR|STRAIGHT,,999.00,1.47,1.5,1.8,3907
93.90,-6.698,3.292,122.2,2.74,CLEAR|STRAIGHT,,999.00,1.47,1.4,1.8,3907
93.95,-6.698,3.292,122.2,2.74,CLEAR|STRAIGHT,,999.00,1.47,1.4,1.8,3920
94.00,-6.914,3.739,122.4,2.24,CLEAR|STRAIGHT,,999.00,1.52,1.3,1.8,3907
94.05,-6.914,3.739,122.5,2.24,CLEAR|STRAIGHT,,999.00,1.57,2.0,1.8,3934
94.10,-6.914,3.739,122.7,2.24,CLEAR|STRAIGHT,,999.00,1.59,1.9,1.8,3934
94.15,-7.151,4.173,122.7,2.90,CLEAR|STRAIGHT,,999.00,1.50,1.9,1.8,3907
94.20,-7.151,4.173,122.8,2.90,CLEAR|STRAIGHT,,999.00,1.47,1.2,1.8,3920
94.25,-7.151,4.173,122.8,2.90,CLEAR|STRAIGHT,,999.00,1.47,1.2,1.8,3920
94.30,-7.257,4.397,123.1,1.89,CLEAR|STRAIGHT,,999.00,1.38,1.2,1.7,3907
94.35,-7.257,4.397,123.3,1.89,CLEAR|STRAIGHT,,999.00,1.38,1.9,1.8,3907
94.40,-7.257,4.397,123.6,1.89,CLEAR|STRAIGHT,,999.00,1.38,1.7,1.8,3920
94.45,-7.257,4.397,123.7,1.89,CLEAR|STRAIGHT,,999.00,1.38,1.7,1.8,3907
94.50,-7.502,4.823,124.0,2.72,CLEAR|STRAIGHT,,999.00,1.38,1.5,1.8,3920
94.55,-7.502,4.823,124.1,2.72,CLEAR|STRAIGHT,,999.00,1.38,1.3,1.7,3920
94.60,-7.502,4.823,124.1,2.72,CLEAR|STRAIGHT,,999.00,1.38,1.2,1.8,3920
94.65,-7.502,4.823,124.1,2.72,CLEAR|STRAIGHT,,999.00,1.38,1.2,1.7,3934
94.70,-7.738,5.269,124.1,2.39,CLEAR|STRAIGHT,,999.00,1.29,1.2,1.7,3934
94.75,-7.738,5.269,124.1,2.39,CLEAR|STRAIGHT,,999.00,1.26,1.2,1.8,3920
94.80,-7.738,5.269,124.2,2.39,CLEAR|STRAIGHT,,999.00,1.26,1.2,1.7,3920
94.85,-7.738,5.269,124.3,2.39,CLEAR|STRAIGHT,,999.00,1.26,1.1,1.7,3934
94.90,-7.979,5.668,124.3,2.45,CLEAR|STRAIGHT,,999.00,1.26,1.1,1.6,3907
94.95,-7.979,5.668,124.4,2.45,CLEAR|STRAIGHT,,999.00,1.26,1.6,1.7,3920
95.00,-8.095,5.874,124.8,1.57,CLEAR|STRAIGHT,,999.00,1.26,1.5,1.8,3934
95.05,-8.095,5.874,124.9,1.57,CLEAR|STRAIGHT,,999.00,1.26,1.4,1.7,3934
95.10,-8.095,5.874,125.3,1.57,CLEAR|STRAIGHT,,999.00,1.26,2.0,1.8,3934
95.15,-8.095,5.874,125.4,1.57,CLEAR|STRAIGHT,,999.00,1.26,1.9,1.7,3934
95.20,-8.340,6.298,125.7,2.87,CLEAR|STRAIGHT,,999.00,1.27,1.7,1.8,3920
95.25,-8.340,6.298,125.8,2.87,CLEAR|STRAIGHT,,999.00,1.27,1.0,1.7,3934
95.30,-8.340,6.298,125.8,2.87,CLEAR|STRAIGHT,,999.00,1.27,0.9,1.8,3934
95.35,-8.340,6.298,125.9,2.87,CLEAR|STRAIGHT,,999.00,1.27,0.9,1.8,3934
95.40,-8.567,6.725,126.0,2.52,CLEAR|STRAIGHT,,999.00,1.29,0.8,1.8,3920
95.45,-8.567,6.725,126.0,2.52,CLEAR|STRAIGHT,,999.00,1.29,1.4,1.7,3920
95.50,-8.567,6.725,126.2,2.52,CLEAR|STRAIGHT,,999.00,1.29,1.3,1.7,3948
95.55,-8.567,6.725,126.2,2.52,CLEAR|STRAIGHT,,999.00,1.29,1.3,1.7,3920
95.60,-8.818,7.115,126.4,2.44,CLEAR|STRAIGHT,,999.00,1.31,1.3,1.8,3920
95.65,-8.818,7.115,126.3,2.44,CLEAR|STRAIGHT,,999.00,1.31,1.5,1.8,3934
95.70,-8.937,7.321,126.4,2.36,CLEAR|STRAIGHT,,999.00,1.31,1.4,1.7,3920
95.75,-8.937,7.321,126.5,2.36,CLEAR|STRAIGHT,,999.00,1.31,1.9,1.7,3934
95.80,-9.065,7.515,126.5,2.32,CLEAR|STRAIGHT,,999.00,1.34,1.8,1.7,3948
95.85,-9.065,7.515,126.6,2.32,CLEAR|STRAIGHT,,999.00,1.34,1.8,2.2,3934
95.90,-9.188,7.709,126.8,2.29,CLEAR|STRAIGHT,,999.00,1.34,1.7,1.7,3920
95.95,-9.188,7.709,126.9,2.29,CLEAR|STRAIGHT,,999.00,1.34,2.1,1.7,3934
96.00,-9.316,7.907,127.0,1.96,CLEAR|STRAIGHT,,999.00,1.32,1.9,1.7,3920
96.05,-9.316,7.907,127.0,1.96,CLEAR|STRAIGHT,,999.00,1.32,2.1,1.8,3934
96.10,-9.316,7.907,127.2,1.96,CLEAR|STRAIGHT,,999.00,1.32,2.1,1.7,3934
96.15,-9.316,7.907,127.2,1.96,CLEAR|STRAIGHT,,999.00,1.32,2.1,1.7,3934
96.20,-9.551,8.298,127.3,2.52,CLEAR|STRAIGHT,,999.00,1.32,2.0,1.7,3934
96.25,-9.551,8.298,127.3,2.52,CLEAR|STRAIGHT,,999.00,1.32,2.5,1.7,3934
96.30,-9.682,8.482,127.5,2.26,CLEAR|STRAIGHT,,999.00,1.28,2.5,1.8,3934
96.35,-9.682,8.482,127.5,2.26,CLEAR|STRAIGHT,,999.00,1.28,2.5,1.7,3920
96.40,-9.806,8.679,127.6,2.32,CLEAR|STRAIGHT,,999.00,1.28,2.4,1.7,3934
96.45,-9.806,8.679,127.6,2.32,CLEAR|STRAIGHT,,999.00,1.28,2.9,1.7,3920
96.50,-9.915,8.878,127.7,1.87,CLEAR|STRAIGHT,,999.00,1.26,2.9,1.8,3920
96.55,-9.915,8.878,127.6,1.87,CLEAR|STRAIGHT,,999.00,1.26,3.3,1.7,3934
96.60,-9.915,8.878,127.7,1.87,CLEAR|STRAIGHT,,999.00,1.26,3.4,1.7,3934
96.65,-9.915,8.878,127.7,1.87,CLEAR|STRAIGHT,,999.00,1.26,3.4,1.7,3934
96.70,-10.164,9.255,127.8,2.25,CLEAR|STRAIGHT,,999.00,1.29,3.3,1.7,3934
96.75,-10.164,9.255,127.9,2.25,CLEAR|STRAIGHT,,999.00,1.29,3.3,1.7,3934
96.80,-10.164,9.255,127.9,2.25,CLEAR|STRAIGHT,,999.00,1.29,3.2,1.8,3920
96.85,-10.402,9.633,128.0,2.60,CLEAR|STRAIGHT,,999.00,1.34,3.2,1.8,3934
96.90,-10.402,9.633,128.1,2.60,CLEAR|STRAIGHT,,999.00,1.35,3.3,1.8,3920
96.95,-10.402,9.633,128.1,2.60,CLEAR|STRAIGHT,,999.00,1.35,3.2,1.8,3907
97.00,-10.522,9.820,128.2,1.48,CLEAR|STRAIGHT,,999.00,1.35,3.2,1.8,3907
97.05,-10.522,9.820,128.4,1.48,CLEAR|STRAIGHT,,999.00,1.35,3.2,1.8,3920
97.10,-10.522,9.820,128.5,1.48,CLEAR|STRAIGHT,,999.00,1.35,5.5,1.8,3920
97.15,-10.522,9.820,128.6,1.48,CLEAR|STRAIGHT,,999.00,1.35,5.5,1.8,3920
97.20,-10.764,10.187,128.7,2.74,CLEAR|STRAIGHT,,999.00,1.40,5.4,1.8,3893
97.25,-10.764,10.187,128.8,2.74,CLEAR|STRAIGHT,,999.00,1.42,3.7,2.9,3801
97.30,-10.877,10.375,129.2,2.18,CLEAR|STRAIGHT,,999.00,1.42,3.6,3.3,3726
97.35,-11.003,10.549,129.4,2.38,CLEAR|STRAIGHT,,999.00,1.47,5.1,3.3,3713
97.40,-11.003,10.549,129.9,2.38,CLEAR|STRAIGHT,,999.00,1.48,4.2,3.4,3689
97.45,-11.003,10.549,130.2,2.38,CLEAR|STRAIGHT,,999.00,1.48,4.1,3.3,3689
97.50,-11.127,10.728,130.6,1.97,CLEAR|STRAIGHT,,999.00,1.48,3.9,3.4,3677
97.55,-11.251,10.907,130.7,2.42,CLEAR|STRAIGHT,,999.00,1.51,5.2,3.4,3689
97.60,-11.251,10.907,131.2,2.42,CLEAR|STRAIGHT,,999.00,1.51,3.9,3.4,3665
97.65,-11.379,11.081,131.5,2.14,CLEAR|STRAIGHT,,999.00,1.51,3.8,3.4,3677
97.70,-11.379,11.081,131.8,2.14,CLEAR|STRAIGHT,,999.00,1.51,4.7,3.4,3665
97.75,-11.515,11.250,132.0,2.16,CLEAR|STRAIGHT,,999.00,1.51,4.6,3.4,3665
97.80,-11.515,11.250,132.5,2.16,CLEAR|STRAIGHT,,999.00,1.51,5.1,3.4,3665
97.85,-11.645,11.420,132.8,2.13,CLEAR|STRAIGHT,,999.00,1.47,5.0,3.4,3665
97.90,-11.645,11.420,133.2,2.13,CLEAR|STRAIGHT,,999.00,1.47,4.3,3.4,3665
97.95,-11.645,11.420,133.4,2.13,CLEAR|STRAIGHT,,999.00,1.47,4.1,4.0,3653
98.00,-11.773,11.589,133.9,1.92,CLEAR|STRAIGHT,,999.00,1.47,4.0,3.6,3641
98.05,-11.773,11.589,134.2,1.92,CLEAR|STRAIGHT,,999.00,1.47,5.1,3.7,3630
98.10,-11.773,11.589,134.6,1.92,CLEAR|STRAIGHT,,999.00,1.47,4.8,3.6,3641
98.15,-11.773,11.589,134.8,1.92,CLEAR|STRAIGHT,,999.00,1.47,4.7,3.6,3641
98.20,-12.047,11.923,135.3,2.15,CLEAR|STRAIGHT,,999.00,1.41,4.5,3.5,3641
98.25,-12.047,11.923,135.6,2.15,CLEAR|STRAIGHT,,999.00,1.41,4.0,3.6,3630
98.30,-12.187,12.083,136.1,2.13,CLEAR|STRAIGHT,,999.00,1.38,3.8,3.5,3641
98.35,-12.331,12.245,136.4,2.40,CLEAR|STRAIGHT,,999.00,1.38,3.2,3.5,3630
98.40,-12.331,12.245,136.9,2.40,CLEAR|STRAIGHT,,999.00,1.38,3.0,3.6,3641
98.45,-12.471,12.403,137.2,2.09,CLEAR|STRAIGHT,,999.00,1.38,2.9,3.5,3630
98.50,-12.471,12.403,137.6,2.09,CLEAR|STRAIGHT,,999.00,1.38,3.8,3.5,3641
98.55,-12.471,12.403,137.8,2.09,CLEAR|STRAIGHT,,999.00,1.38,3.7,3.5,3641
98.60,-12.621,12.551,138.4,1.92,CLEAR|STRAIGHT,,999.00,1.41,3.5,3.6,3641
98.65,-12.762,12.708,138.7,2.34,CLEAR|STRAIGHT,,999.00,1.41,3.0,3.5,3641
98.70,-12.762,12.708,139.1,2.34,CLEAR|STRAIGHT,,999.00,1.41,2.5,3.6,3630
98.75,-12.762,12.708,139.4,2.34,CLEAR|STRAIGHT,,999.00,1.41,2.4,3.5,3630
98.80,-12.914,12.861,139.9,1.43,CLEAR|STRAIGHT,,999.00,1.41,2.2,3.6,3641
98.85,-12.914,12.861,140.2,1.43,CLEAR|STRAIGHT,,999.00,1.46,2.0,3.5,3618
98.90,-12.914,12.861,140.6,1.43,CLEAR|STRAIGHT,,999.00,1.50,2.8,3.6,3630
98.95,-12.914,12.861,140.8,1.43,CLEAR|STRAIGHT,,999.00,1.50,2.7,3.5,3630
99.00,-13.209,13.156,141.4,2.07,CLEAR|STRAIGHT,,999.00,1.50,2.5,3.6,3630
99.05,-13.209,13.156,141.6,2.07,CLEAR|STRAIGHT,,999.00,1.50,2.4,3.6,3618
99.10,-13.209,13.156,142.3,2.07,CLEAR|STRAIGHT,,999.00,1.50,1.9,3.6,3630
99.15,-13.209,13.156,142.5,2.07,CLEAR|STRAIGHT,,999.00,1.50,1.7,3.5,3630
99.20,-13.513,13.435,142.9,2.57,CLEAR|STRAIGHT,,999.00,1.55,1.4,3.6,3630
99.25,-13.513,13.435,143.2,2.57,CLEAR|STRAIGHT,,999.00,1.59,0.5,3.6,3630
99.30,-13.668,13.576,143.7,2.09,CLEAR|STRAIGHT,,999.00,1.54,0.2,3.6,3630
99.35,-13.826,13.705,143.9,2.27,CLEAR|STRAIGHT,,999.00,1.54,0.2,3.5,3641
99.40,-13.826,13.705,144.3,2.27,CLEAR|STRAIGHT,,999.00,1.54,-0.1,2.8,3713
99.45,-13.826,13.705,144.6,2.27,CLEAR|STRAIGHT,,999.00,1.54,-0.2,2.3,3776
99.50,-13.981,13.842,144.9,1.87,CLEAR|STRAIGHT,,999.00,1.53,-0.4,2.3,3788
99.55,-14.138,13.971,145.0,2.25,CLEAR|STRAIGHT,,999.00,1.53,-0.5,2.3,3801
99.60,-14.138,13.971,145.2,2.25,CLEAR|STRAIGHT,,999.00,1.53,-0.8,2.3,3814
99.65,-14.138,13.971,145.4,2.25,CLEAR|STRAIGHT,,999.00,1.53,-0.9,2.3,3814
99.70,-14.299,14.102,145.6,1.88,CLEAR|STRAIGHT,,999.00,1.53,-1.0,2.0,3853
99.75,-14.299,14.102,145.7,1.88,CLEAR|STRAIGHT,,999.00,1.53,-0.8,1.6,3893
99.80,-14.461,14.233,145.7,2.07,CLEAR|STRAIGHT,,999.00,1.57,-0.9,1.4,3934
99.85,-14.461,14.233,145.8,2.07,CLEAR|STRAIGHT,,999.00,1.57,-1.4,1.5,3948
99.90,-14.615,14.367,146.0,2.03,CLEAR|STRAIGHT,,999.00,1.57,-1.4,1.3,3990
99.95,-14.615,14.367,146.1,2.03,CLEAR|STRAIGHT,,999.00,1.57,-1.5,1.3,3976
100.00,-14.775,14.498,146.1,1.72,CLEAR|STRAIGHT,,999.00,1.53,-1.5,1.2,4004
100.05,-14.775,14.498,146.1,1.72,CLEAR|STRAIGHT,,999.00,1.53,-1.7,0.9,4033
100.10,-14.775,14.498,146.2,1.72,CLEAR|STRAIGHT,,999.00,1.53,-1.7,0.9,4047
100.15,-15.099,14.753,146.2,2.42,CLEAR|STRAIGHT,,999.00,1.53,-1.7,0.8,4047
100.20,-15.099,14.753,146.1,2.42,CLEAR|STRAIGHT,,999.00,1.53,-2.1,0.9,4062
100.25,-15.099,14.753,146.2,2.42,CLEAR|STRAIGHT,,999.00,1.53,-2.1,0.9,4047
100.30,-15.258,14.885,146.3,1.86,CLEAR|STRAIGHT,,999.00,1.49,-2.1,0.6,4077
100.35,-15.258,14.885,146.3,1.86,CLEAR|STRAIGHT,,999.00,1.49,-2.3,0.6,4106
100.40,-15.420,15.013,146.2,2.06,CLEAR|STRAIGHT,,999.00,1.49,-2.3,0.5,4106
100.45,-15.573,15.145,146.2,2.24,CLEAR|STRAIGHT,,999.00,1.47,-2.4,0.5,4106
100.50,-15.573,15.145,146.1,2.24,CLEAR|STRAIGHT,,999.00,1.47,-2.5,0.5,4121
100.55,-15.736,15.273,146.1,2.06,CLEAR|STRAIGHT,,999.00,1.47,-2.4,0.5,4121
100.60,-15.736,15.273,145.9,2.06,CLEAR|STRAIGHT,,999.00,1.47,-2.6,0.3,4121
100.65,-15.736,15.273,145.8,2.06,CLEAR|STRAIGHT,,999.00,1.47,-2.6,0.3,4137
100.70,-15.897,15.400,145.8,1.86,CLEAR|STRAIGHT,,999.00,1.47,-2.5,0.3,4152
100.75,-15.897,15.400,145.9,1.86,CLEAR|STRAIGHT,,999.00,1.47,-2.7,0.3,4167
100.80,-16.057,15.537,145.7,2.10,CLEAR|STRAIGHT,,999.00,1.48,-2.8,0.3,4152
100.85,-16.057,15.537,145.5,2.10,CLEAR|STRAIGHT,,999.00,1.48,-2.8,0.3,4152
100.90,-16.207,15.667,145.4,1.97,CLEAR|STRAIGHT,,999.00,1.48,-2.7,0.3,4152
100.95,-16.207,15.667,145.4,1.97,CLEAR|STRAIGHT,,999.00,1.48,-2.8,-0.3,4230
101.00,-16.368,15.802,145.1,1.31,CLEAR|STRAIGHT,,999.00,1.48,-2.7,-0.4,4246
101.05,-16.368,15.802,144.9,1.31,CLEAR|STRAIGHT,,999.00,1.52,-2.7,-0.4,4246
101.10,-16.368,15.802,144.7,1.31,CLEAR|STRAIGHT,,999.00,1.52,-2.7,-0.4,4246
101.15,-16.368,15.802,144.6,1.31,CLEAR|STRAIGHT,,999.00,1.52,-2.6,-0.4,4262
101.20,-16.671,16.070,144.4,2.87,CLEAR|STRAIGHT,,999.00,1.52,-2.5,-0.4,4262
101.25,-16.671,16.070,144.2,2.87,CLEAR|STRAIGHT,,999.00,1.52,-2.5,-1.0,4311
101.30,-16.823,16.204,143.9,2.02,CLEAR|STRAIGHT,,999.00,1.57,-2.4,-1.0,4311
101.35,-16.977,16.333,143.8,2.23,CLEAR|STRAIGHT,,999.00,1.58,-2.5,-1.0,4328
101.40,-16.977,16.333,143.4,2.23,CLEAR|STRAIGHT,,999.00,1.58,-2.5,-1.0,4311
101.45,-17.128,16.469,143.3,2.02,CLEAR|STRAIGHT,,999.00,1.57,-2.4,-1.0,4328
101.50,-17.128,16.469,142.9,2.02,CLEAR|STRAIGHT,,999.00,1.57,-2.3,-1.4,4361
101.55,-17.279,16.611,142.8,2.06,CLEAR|STRAIGHT,,999.00,1.57,-2.2,-1.4,4361
101.60,-17.279,16.611,142.4,2.06,CLEAR|STRAIGHT,,999.00,1.57,-2.2,-1.4,4361
101.65,-17.279,16.611,142.2,2.06,CLEAR|STRAIGHT,,999.00,1.57,-2.1,-1.3,4378
101.70,-17.426,16.750,141.7,1.83,CLEAR|STRAIGHT,,999.00,1.57,-1.9,-1.3,4378
101.75,-17.426,16.750,141.5,1.83,CLEAR|STRAIGHT,,999.00,1.57,-1.8,-1.4,4378
101.80,-17.571,16.893,141.1,1.69,CLEAR|STRAIGHT,,999.00,1.53,-1.6,-1.4,4361
101.85,-17.571,16.893,140.9,1.69,CLEAR|STRAIGHT,,999.00,1.53,-1.5,-1.4,4361
101.90,-17.571,16.893,140.4,1.69,CLEAR|STRAIGHT,,999.00,1.53,-1.3,-1.4,4378
101.95,-17.571,16.893,140.4,1.69,CLEAR|STRAIGHT,,999.00,1.53,-1.1,-1.3,4378
102.00,-17.853,17.180,140.0,2.00,CLEAR|STRAIGHT,,999.00,1.49,-1.0,-1.3,4378
102.05,-17.853,17.180,139.8,2.00,CLEAR|STRAIGHT,,999.00,1.49,-0.9,-1.4,4378
102.10,-17.853,17.180,139.4,2.00,CLEAR|STRAIGHT,,999.00,1.49,-0.7,-1.3,4378
102.15,-17.853,17.180,139.3,2.00,CLEAR|STRAIGHT,,999.00,1.49,-0.6,-1.4,4378
102.20,-18.132,17.482,138.9,2.27,CLEAR|STRAIGHT,,999.00,1.42,-0.5,-1.4,4378
102.25,-18.278,17.628,138.6,2.28,CLEAR|STRAIGHT,,999.00,1.42,-0.3,-1.4,4378
102.30,-18.278,17.628,138.2,2.28,CLEAR|STRAIGHT,,999.00,1.42,-0.1,-1.3,4378
102.35,-18.411,17.782,138.1,2.02,CLEAR|STRAIGHT,,999.00,1.42,0.0,-1.4,4395
102.40,-18.411,17.782,137.8,2.02,CLEAR|STRAIGHT,,999.00,1.42,0.6,-1.4,4378
102.45,-18.547,17.934,137.6,2.03,CLEAR|STRAIGHT,,999.00,1.39,0.7,-1.4,4378
102.50,-18.547,17.934,137.1,2.03,CLEAR|STRAIGHT,,999.00,1.39,0.7,-1.4,4378
102.55,-18.681,18.086,137.0,2.02,CLEAR|STRAIGHT,,999.00,1.39,0.8,-1.3,4378
102.60,-18.681,18.086,136.6,2.02,CLEAR|STRAIGHT,,999.00,1.39,1.3,-1.4,4395
102.65,-18.813,18.240,136.4,2.01,CLEAR|STRAIGHT,,999.00,1.40,1.4,-1.3,4378
102.70,-18.813,18.240,135.9,2.01,CLEAR|STRAIGHT,,999.00,1.40,1.4,-1.3,4378
102.75,-18.813,18.240,135.8,2.01,CLEAR|STRAIGHT,,999.00,1.40,1.5,-1.4,4378
102.80,-18.941,18.394,135.5,1.81,CLEAR|STRAIGHT,,999.00,1.40,1.7,-1.4,4378
102.85,-19.074,18.548,135.3,2.25,CLEAR|STRAIGHT,,999.00,1.40,2.4,-1.3,4378
102.90,-19.074,18.548,134.9,2.25,CLEAR|STRAIGHT,,999.00,1.40,2.5,-0.4,4328
102.95,-19.074,18.548,134.7,2.25,CLEAR|STRAIGHT,,999.00,1.40,2.5,0.1,4246
103.00,-19.204,18.701,134.6,1.25,CLEAR|STRAIGHT,,999.00,1.40,2.7,0.2,4198
103.05,-19.204,18.701,134.4,1.25,CLEAR|STRAIGHT,,999.00,1.44,2.8,0.2,4214
103.10,-19.204,18.701,134.1,1.25,CLEAR|STRAIGHT,,999.00,1.44,4.2,0.2,4198
103.15,-19.452,19.017,134.0,3.08,CLEAR|STRAIGHT,,999.00,1.49,4.2,0.2,4183
103.20,-19.452,19.017,133.9,3.08,CLEAR|STRAIGHT,,999.00,1.54,4.6,0.8,4137
103.25,-19.579,19.178,133.8,1.85,CLEAR|STRAIGHT,,999.00,1.56,4.6,1.4,4047
103.30,-19.579,19.178,133.9,1.85,CLEAR|STRAIGHT,,999.00,1.56,4.2,1.4,4033
103.35,-19.698,19.338,133.9,1.98,CLEAR|STRAIGHT,,999.00,1.56,4.2,1.8,3990
103.40,-19.698,19.338,134.0,1.98,CLEAR|STRAIGHT,,999.00,1.56,4.7,2.2,3920
103.45,-19.822,19.493,134.0,1.98,CLEAR|STRAIGHT,,999.00,1.47,4.7,2.2,3907
103.50,-19.822,19.493,134.1,1.98,CLEAR|STRAIGHT,,999.00,1.47,4.0,2.1,3893
103.55,-19.945,19.647,134.1,1.96,CLEAR|STRAIGHT,,999.00,1.47,4.0,2.1,3763
103.60,-19.945,19.647,134.2,1.96,CLEAR|STRAIGHT,,999.00,1.47,4.7,2.1,3880
103.65,-20.063,19.812,134.3,2.01,CLEAR|STRAIGHT,,999.00,1.38,4.7,2.1,3867
103.70,-20.063,19.812,134.5,2.01,CLEAR|STRAIGHT,,999.00,1.36,4.0,2.7,3827
103.75,-20.189,19.971,134.7,2.02,CLEAR|STRAIGHT,,999.00,1.36,3.9,2.9,3788
103.80,-20.189,19.971,135.0,2.02,CLEAR|STRAIGHT,,999.00,1.36,4.5,3.0,3776
103.85,-20.189,19.971,135.1,2.02,CLEAR|STRAIGHT,,999.00,1.36,4.4,3.0,3751
103.90,-20.313,20.117,135.4,1.73,CLEAR|STRAIGHT,,999.00,1.36,4.3,2.9,3751
103.95,-20.313,20.117,135.6,1.73,CLEAR|STRAIGHT,,999.00,1.36,5.6,2.9,3751
104.00,-20.444,20.274,135.9,1.70,CLEAR|STRAIGHT,,999.00,1.33,5.5,2.9,3738
104.05,-20.444,20.274,136.0,1.70,CLEAR|STRAIGHT,,999.00,1.33,4.7,3.1,3738
104.10,-20.444,20.274,136.4,1.70,CLEAR|STRAIGHT,,999.00,1.33,4.5,3.2,3726
104.15,-20.444,20.274,136.6,1.70,CLEAR|STRAIGHT,,999.00,1.33,4.4,3.1,3713
104.20,-20.700,20.575,136.9,2.18,CLEAR|STRAIGHT,,999.00,1.37,4.2,3.2,3713
104.25,-20.700,20.575,137.0,2.18,CLEAR|STRAIGHT,,999.00,1.37,3.2,3.2,3713
104.30,-20.826,20.713,137.4,1.86,CLEAR|STRAIGHT,,999.00,1.37,3.1,3.2,3689
104.35,-20.962,20.855,137.5,2.18,CLEAR|STRAIGHT,,999.00,1.37,4.2,3.2,3701
104.40,-20.962,20.855,137.9,2.18,CLEAR|STRAIGHT,,999.00,1.37,3.9,3.2,3701
104.45,-21.087,21.005,138.0,1.94,CLEAR|STRAIGHT,,999.00,1.42,3.8,3.2,3677
104.50,-21.087,21.005,138.3,1.94,CLEAR|STRAIGHT,,999.00,1.47,3.5,3.2,3677
104.55,-21.210,21.153,138.6,1.90,CLEAR|STRAIGHT,,999.00,1.47,3.5,3.2,3701
104.60,-21.210,21.153,139.0,1.90,CLEAR|STRAIGHT,,999.00,1.47,4.0,3.2,3689
104.65,-21.346,21.294,139.2,1.95,CLEAR|STRAIGHT,,999.00,1.47,3.9,3.2,3689
104.70,-21.346,21.294,139.5,1.95,CLEAR|STRAIGHT,,999.00,1.52,2.9,3.2,3689
104.75,-21.482,21.432,139.7,1.93,CLEAR|STRAIGHT,,999.00,1.57,2.8,3.2,3689
104.80,-21.482,21.432,140.1,1.93,CLEAR|STRAIGHT,,999.00,1.60,3.1,3.2,3689
104.85,-21.627,21.565,140.2,1.96,CLEAR|STRAIGHT,,999.00,1.60,3.1,3.2,3689
104.90,-21.627,21.565,140.6,1.96,CLEAR|STRAIGHT,,999.00,1.60,3.3,3.2,3689
104.95,-21.627,21.565,140.7,1.96,CLEAR|STRAIGHT,,999.00,1.60,3.2,3.2,3689
105.00,-21.761,21.690,141.3,1.22,CLEAR|STRAIGHT,,999.00,1.60,3.1,3.2,3689
105.05,-21.761,21.690,141.6,1.22,CLEAR|STRAIGHT,,999.00,1.54,2.8,3.2,3677
105.10,-21.761,21.690,142.0,1.22,CLEAR|STRAIGHT,,999.00,1.54,3.4,3.2,3677
105.15,-21.761,21.690,142.2,1.22,CLEAR|STRAIGHT,,999.00,1.54,3.3,3.2,3677
105.20,-22.037,21.950,142.5,2.36,CLEAR|STRAIGHT,,999.00,1.54,3.1,3.2,3689
105.25,-22.037,21.950,142.7,2.36,CLEAR|STRAIGHT,,999.00,1.54,1.6,3.2,3689
105.30,-22.180,22.095,143.1,2.01,CLEAR|STRAIGHT,,999.00,1.53,1.5,3.2,3665
105.35,-22.313,22.212,143.2,1.97,CLEAR|STRAIGHT,,999.00,1.53,1.4,3.2,3689
105.40,-22.313,22.212,143.4,1.97,CLEAR|STRAIGHT,,999.00,1.53,1.6,3.2,3689
105.45,-22.313,22.212,143.7,1.97,CLEAR|STRAIGHT,,999.00,1.53,1.5,3.2,3689
105.50,-22.457,22.349,144.2,1.79,CLEAR|STRAIGHT,,999.00,1.52,1.4,3.2,3677
105.55,-22.609,22.473,144.4,2.17,CLEAR|STRAIGHT,,999.00,1.52,1.0,3.2,3677
105.60,-22.609,22.473,144.7,2.17,CLEAR|STRAIGHT,,999.00,1.52,0.5,3.2,3677
105.65,-22.760,22.594,144.9,1.92,CLEAR|STRAIGHT,,999.00,1.52,0.5,3.2,3677
105.70,-22.760,22.594,145.3,1.92,CLEAR|STRAIGHT,,999.00,1.52,0.8,3.2,3689
105.75,-22.760,22.594,145.4,1.92,CLEAR|STRAIGHT,,999.00,1.52,0.7,3.2,3689
105.80,-22.891,22.724,145.7,1.66,CLEAR|STRAIGHT,,999.00,1.50,0.5,2.5,3751
105.85,-23.043,22.843,145.9,2.40,CLEAR|STRAIGHT,,999.00,1.50,0.3,2.6,3776
105.90,-23.043,22.843,146.2,2.40,CLEAR|STRAIGHT,,999.00,1.50,-0.5,2.5,3788
105.95,-23.043,22.843,146.3,2.40,CLEAR|STRAIGHT,,999.00,1.50,-0.5,2.5,3801
106.00,-23.192,22.970,146.4,1.39,CLEAR|STRAIGHT,,999.00,1.50,-0.7,2.3,3814
106.05,-23.192,22.970,146.6,1.39,CLEAR|STRAIGHT,,999.00,1.50,0.9,2.1,3840
106.10,-23.192,22.970,146.7,1.39,CLEAR|STRAIGHT,,999.00,1.50,0.8,1.9,3880
106.15,-23.498,23.206,146.8,2.27,CLEAR|STRAIGHT,,999.00,1.49,0.7,1.8,3893
106.20,-23.498,23.206,146.8,2.27,CLEAR|STRAIGHT,,999.00,1.49,-1.1,1.7,3907
106.25,-23.656,23.325,146.8,1.98,CLEAR|STRAIGHT,,999.00,1.49,-1.1,1.7,3907
106.30,-23.656,23.325,147.0,1.98,CLEAR|STRAIGHT,,999.00,1.54,-1.3,1.7,3920
106.35,-23.814,23.450,147.1,2.01,CLEAR|STRAIGHT,,999.00,1.54,-1.4,1.5,3948
106.40,-23.814,23.450,147.6,2.01,CLEAR|STRAIGHT,,999.00,1.54,-1.5,1.3,3976
106.45,-23.954,23.577,147.6,1.85,CLEAR|STRAIGHT,,999.00,1.54,-1.6,1.1,4018
106.50,-23.954,23.577,147.4,1.85,CLEAR|STRAIGHT,,999.00,1.54,-1.5,1.0,4018
106.55,-24.107,23.705,147.4,1.99,CLEAR|STRAIGHT,,999.00,1.57,-1.4,1.0,4018
106.60,-24.107,23.705,147.4,1.99,CLEAR|STRAIGHT,,999.00,1.57,-1.8,0.9,4047
106.65,-24.267,23.826,147.4,2.00,CLEAR|STRAIGHT,,999.00,1.57,-1.8,0.8,4077
106.70,-24.267,23.826,147.3,2.00,CLEAR|STRAIGHT,,999.00,1.57,-1.9,0.7,4077
106.75,-24.416,23.948,147.3,1.91,CLEAR|STRAIGHT,,999.00,1.48,-1.9,0.6,4092
106.80,-24.416,23.948,147.3,1.91,CLEAR|STRAIGHT,,999.00,1.44,-2.1,0.5,4106
106.85,-24.564,24.067,147.2,1.89,CLEAR|STRAIGHT,,999.00,1.44,-2.1,0.5,4106
106.90,-24.564,24.067,147.2,1.89,CLEAR|STRAIGHT,,999.00,1.44,-2.1,0.5,4106
106.95,-24.564,24.067,147.1,1.89,CLEAR|STRAIGHT,,999.00,1.44,-2.1,0.3,4152
107.00,-24.717,24.185,147.0,1.29,CLEAR|STRAIGHT,,999.00,1.44,-2.1,0.0,4183
107.05,-24.717,24.185,146.9,1.29,CLEAR|STRAIGHT,,999.00,1.44,-2.0,0.0,4183
107.10,-24.717,24.185,146.7,1.29,CLEAR|STRAIGHT,,999.00,1.44,-1.7,0.0,4183
107.15,-24.717,24.185,146.7,1.29,CLEAR|STRAIGHT,,999.00,1.44,-1.7,0.0,4183
107.20,-25.032,24.432,146.4,2.49,CLEAR|STRAIGHT,,999.00,1.35,-1.6,-0.6,4262
107.25,-25.032,24.432,146.4,2.49,CLEAR|STRAIGHT,,999.00,1.35,-2.3,-0.7,4278
107.30,-25.175,24.559,146.0,1.72,CLEAR|STRAIGHT,,999.00,1.35,-2.2,-0.7,4278
107.35,-25.175,24.559,145.8,1.72,CLEAR|STRAIGHT,,999.00,1.35,-2.1,-0.7,4278
107.40,-25.175,24.559,145.5,1.72,CLEAR|STRAIGHT,,999.00,1.35,-1.9,-0.7,4295
107.45,-25.175,24.559,145.5,1.72,CLEAR|STRAIGHT,,999.00,1.35,-1.8,-0.7,4295
107.50,-25.480,24.820,145.1,2.10,CLEAR|STRAIGHT,,999.00,1.37,-1.7,-0.7,4278
107.55,-25.480,24.820,145.0,2.10,CLEAR|STRAIGHT,,999.00,1.37,-1.9,-0.8,4295
107.60,-25.621,24.940,144.9,1.85,CLEAR|STRAIGHT,,999.00,1.42,-1.7,-0.9,4311
107.65,-25.767,25.062,144.7,2.11,CLEAR|STRAIGHT,,999.00,1.44,-1.8,-0.8,4311
107.70,-25.767,25.062,144.5,2.11,CLEAR|STRAIGHT,,999.00,1.44,-1.8,-0.8,4311
107.75,-25.767,25.062,144.3,2.11,CLEAR|STRAIGHT,,999.00,1.44,-1.8,-0.8,4311
107.80,-25.913,25.195,144.0,1.50,CLEAR|STRAIGHT,,999.00,1.44,-1.6,-0.9,4311
107.85,-25.913,25.195,143.8,1.50,CLEAR|STRAIGHT,,999.00,1.44,-1.3,-0.8,4328
107.90,-25.913,25.195,143.5,1.50,CLEAR|STRAIGHT,,999.00,1.44,-1.1,-0.9,4311
107.95,-25.913,25.195,143.3,1.50,CLEAR|STRAIGHT,,999.00,1.44,-1.1,-0.9,4328
108.00,-26.197,25.455,142.9,1.92,CLEAR|STRAIGHT,,999.00,1.49,-0.8,-0.8,4311
108.05,-26.197,25.455,142.8,1.92,CLEAR|STRAIGHT,,999.00,1.53,-1.0,-0.8,4311
108.10,-26.197,25.455,142.5,1.92,CLEAR|STRAIGHT,,999.00,1.53,-0.9,-0.9,4328
108.15,-26.495,25.711,142.3,2.31,CLEAR|STRAIGHT,,999.00,1.55,-0.8,-0.8,4311
108.20,-26.495,25.711,142.0,2.31,CLEAR|STRAIGHT,,999.00,1.55,-0.9,-0.9,4328
108.25,-26.631,25.857,141.9,1.97,CLEAR|STRAIGHT,,999.00,1.55,-0.9,-0.9,4311
108.30,-26.631,25.857,141.5,1.97,CLEAR|STRAIGHT,,999.00,1.55,-0.4,-0.8,4328
108.35,-26.631,25.857,141.4,1.97,CLEAR|STRAIGHT,,999.00,1.55,-0.3,-0.8,4328
108.40,-26.772,25.995,141.0,1.78,CLEAR|STRAIGHT,,999.00,1.46,-0.1,-0.9,4328
108.45,-26.912,26.126,140.9,2.12,CLEAR|STRAIGHT,,999.00,1.45,-0.1,-0.9,4328
108.50,-26.912,26.126,140.6,2.12,CLEAR|STRAIGHT,,999.00,1.45,0.0,-0.9,4328
108.55,-27.054,26.264,140.5,1.98,CLEAR|STRAIGHT,,999.00,1.38,0.0,-1.0,4328
108.60,-27.054,26.264,140.2,1.98,CLEAR|STRAIGHT,,999.00,1.38,0.1,-0.9,4328
108.65,-27.054,26.264,140.0,1.98,CLEAR|STRAIGHT,,999.00,1.38,0.2,-0.9,4311
108.70,-27.196,26.410,139.7,1.84,CLEAR|STRAIGHT,,999.00,1.38,0.3,-0.9,4328
108.75,-27.196,26.410,139.5,1.84,CLEAR|STRAIGHT,,999.00,1.38,0.8,-0.8,4328
108.80,-27.326,26.559,139.1,1.96,CLEAR|STRAIGHT,,999.00,1.38,0.9,-0.8,4328
108.85,-27.463,26.693,138.9,2.12,CLEAR|STRAIGHT,,999.00,1.35,1.3,-0.8,4311
108.90,-27.463,26.693,138.6,2.12,CLEAR|STRAIGHT,,999.00,1.35,1.1,-0.8,4311
108.95,-27.463,26.693,138.4,2.12,CLEAR|STRAIGHT,,999.00,1.35,1.2,-0.9,4311
109.00,-27.599,26.849,138.1,1.21,CLEAR|STRAIGHT,,999.00,1.35,1.3,-0.5,4295
109.05,-27.599,26.849,138.0,1.21,CLEAR|STRAIGHT,,999.00,1.35,1.4,-0.3,4262
109.10,-27.599,26.849,137.6,1.21,CLEAR|STRAIGHT,,999.00,1.35,3.5,-0.1,4262
109.15,-27.835,27.124,137.7,2.77,CLEAR|STRAIGHT,,999.00,1.35,3.6,-0.2,4262
109.20,-27.835,27.124,137.4,2.77,CLEAR|STRAIGHT,,999.00,1.35,1.6,0.2,4214
109.25,-27.949,27.242,137.3,1.64,CLEAR|STRAIGHT,,999.00,1.35,1.7,0.5,4152
109.30,-27.949,27.242,137.3,1.64,CLEAR|STRAIGHT,,999.00,1.35,3.6,1.3,4062
109.35,-28.068,27.393,137.6,1.89,CLEAR|STRAIGHT,,999.00,1.40,3.8,1.7,4004
109.40,-28.068,27.393,137.7,1.89,CLEAR|STRAIGHT,,999.00,1.45,2.7,1.8,3976
109.45,-28.192,27.522,137.7,1.99,CLEAR|STRAIGHT,,999.00,1.48,2.7,1.7,3976
109.50,-28.192,27.522,137.8,1.99,CLEAR|STRAIGHT,,999.00,1.48,2.8,1.7,3962
109.55,-28.326,27.678,137.9,1.85,CLEAR|STRAIGHT,,999.00,1.48,2.8,1.7,3962
109.60,-28.326,27.678,138.1,1.85,CLEAR|STRAIGHT,,999.00,1.48,3.6,1.8,3948
109.65,-28.439,27.816,138.3,1.77,CLEAR|STRAIGHT,,999.00,1.51,3.5,1.8,3948
109.70,-28.439,27.816,138.2,1.77,CLEAR|STRAIGHT,,999.00,1.51,3.1,1.8,3948
109.75,-28.439,27.816,138.2,1.77,CLEAR|STRAIGHT,,999.00,1.51,3.1,1.8,3934
109.80,-28.564,27.952,138.3,1.67,CLEAR|STRAIGHT,,999.00,1.51,3.1,1.7,3948
109.85,-28.695,28.089,138.5,2.10,CLEAR|STRAIGHT,,999.00,1.51,3.9,1.7,3934
109.90,-28.695,28.089,138.6,2.10,CLEAR|STRAIGHT,,999.00,1.51,3.4,1.8,3934
109.95,-28.695,28.089,138.7,2.10,CLEAR|STRAIGHT,,999.00,1.51,3.4,1.8,3920
110.00,-28.828,28.216,138.7,1.42,CLEAR|STRAIGHT,,999.00,1.42,3.3,1.7,3934
110.05,-28.828,28.216,138.8,1.42,CLEAR|STRAIGHT,,999.00,1.39,3.9,1.8,3934
110.10,-28.828,28.216,139.0,1.42,CLEAR|STRAIGHT,,999.00,1.39,3.8,1.8,3934
110.15,-29.094,28.499,139.1,2.27,CLEAR|STRAIGHT,,999.00,1.39,3.7,1.5,3934
110.20,-29.094,28.499,139.1,2.27,CLEAR|STRAIGHT,,999.00,1.39,2.2,1.8,3934
110.25,-29.226,28.633,139.2,1.87,CLEAR|STRAIGHT,,999.00,1.39,2.2,1.7,3934
110.30,-29.226,28.633,139.4,1.87,CLEAR|STRAIGHT,,999.00,1.39,3.2,1.8,3920
110.35,-29.361,28.786,139.5,2.25,CLEAR|STRAIGHT,,999.00,1.39,3.1,1.8,3920
110.40,-29.361,28.786,139.6,2.25,CLEAR|STRAIGHT,,999.00,1.39,3.0,1.7,3948
110.45,-29.489,28.922,139.8,1.69,CLEAR|STRAIGHT,,999.00,1.44,2.9,1.7,3934
110.50,-29.489,28.922,140.0,1.69,CLEAR|STRAIGHT,,999.00,1.46,3.2,1.7,3920
110.55,-29.639,29.075,140.1,2.14,CLEAR|STRAIGHT,,999.00,1.46,3.1,1.7,3934
110.60,-29.639,29.075,140.3,2.14,CLEAR|STRAIGHT,,999.00,1.46,2.8,1.8,3920
110.65,-29.783,29.222,140.4,2.05,CLEAR|STRAIGHT,,999.00,1.51,2.7,2.1,3893
110.70,-29.783,29.222,140.6,2.05,CLEAR|STRAIGHT,,999.00,1.56,2.2,2.3,3867
110.75,-29.783,29.222,140.8,2.05,CLEAR|STRAIGHT,,999.00,1.58,2.2,2.3,3853
110.80,-29.939,29.372,141.0,1.96,CLEAR|STRAIGHT,,999.00,1.58,2.0,2.2,3853
110.85,-30.087,29.531,141.2,2.39,AVOID|RIGHT,-3.8,8.00,1.49,2.6,2.3,3867
110.90,-30.087,29.531,141.5,2.39,AVOID|RIGHT,-3.8,8.00,1.49,-3.8,2.3,3840
110.95,-30.087,29.531,141.6,2.39,AVOID|RIGHT,-10.2,8.00,1.49,-3.8,2.3,3853
111.00,-30.242,29.690,142.0,1.37,AVOID|RIGHT,-10.2,8.00,1.49,-10.2,2.3,3840
111.05,-30.242,29.690,142.1,1.37,CLEAR|STRAIGHT,,999.00,1.49,-10.2,1.3,3948
111.10,-30.242,29.690,142.1,1.37,CLEAR|STRAIGHT,,999.00,1.49,3.2,-0.1,4121
111.15,-30.537,29.955,141.8,2.83,CLEAR|STRAIGHT,,999.00,1.42,3.2,-1.8,4295
111.20,-30.537,29.955,141.1,2.83,CLEAR|STRAIGHT,,999.00,1.42,1.0,-3.5,4501
111.25,-30.656,30.089,140.7,1.97,CLEAR|STRAIGHT,,999.00,1.42,0.8,-2.8,4483
111.30,-30.656,30.089,140.2,1.97,CLEAR|STRAIGHT,,999.00,1.42,2.7,-0.7,4328
111.35,-30.815,30.233,140.2,1.95,CLEAR|STRAIGHT,,999.00,1.42,2.9,0.3,4230
111.40,-30.815,30.233,140.0,1.95,CLEAR|STRAIGHT,,999.00,1.42,3.6,0.3,4183
111.45,-30.948,30.395,139.9,2.29,CLEAR|STRAIGHT,,999.00,1.40,3.6,0.6,4152
111.50,-30.948,30.395,139.8,2.29,CLEAR|STRAIGHT,,999.00,1.40,2.3,0.8,4106
111.55,-31.082,30.534,139.8,1.75,CLEAR|STRAIGHT,,999.00,1.40,2.4,1.3,4047
111.60,-31.082,30.534,139.8,1.75,CLEAR|STRAIGHT,,999.00,1.40,4.2,1.3,4033
111.65,-31.216,30.681,139.9,1.97,CLEAR|STRAIGHT,,999.00,1.36,4.2,1.3,4018
111.70,-31.216,30.681,140.0,1.97,CLEAR|STRAIGHT,,999.00,1.36,2.7,1.4,4018
111.75,-31.364,30.827,139.9,2.07,CLEAR|STRAIGHT,,999.00,1.36,2.6,1.7,3976
111.80,-31.364,30.827,140.0,2.07,CLEAR|STRAIGHT,,999.00,1.36,2.9,1.7,3962
111.85,-31.509,30.969,140.1,2.02,CLEAR|STRAIGHT,,999.00,1.30,2.9,1.8,3962
111.90,-31.509,30.969,140.1,2.02,CLEAR|STRAIGHT,,999.00,1.30,2.0,1.8,3934
111.95,-31.509,30.969,140.2,2.02,CLEAR|STRAIGHT,,999.00,1.30,2.0,1.8,3962
112.00,-31.635,31.119,140.3,1.76,CLEAR|STRAIGHT,,999.00,1.30,2.0,1.7,3934
112.05,-31.789,31.255,140.4,2.56,CLEAR|STRAIGHT,,999.00,1.30,3.1,1.7,3920
112.10,-31.789,31.255,140.6,2.56,CLEAR|STRAIGHT,,999.00,1.30,1.5,1.6,3948
112.15,-31.925,31.400,140.7,1.80,CLEAR|STRAIGHT,,999.00,1.22,1.5,1.8,3948
112.20,-31.925,31.400,140.9,1.80,CLEAR|STRAIGHT,,999.00,1.22,2.1,1.8,3920
112.25,-32.056,31.541,140.9,1.90,CLEAR|STRAIGHT,,999.00,1.22,2.1,1.8,3934
112.30,-32.056,31.541,141.0,1.90,CLEAR|STRAIGHT,,999.00,1.22,2.3,1.7,3934
112.35,-32.056,31.541,141.0,1.90,CLEAR|STRAIGHT,,999.00,1.22,2.2,1.8,3920
112.40,-32.236,31.671,141.2,2.02,CLEAR|STRAIGHT,,999.00,1.13,2.2,1.8,3934
112.45,-32.371,31.821,141.2,2.20,CLEAR|STRAIGHT,,999.00,1.12,0.5,1.8,3934
112.50,-32.371,31.821,141.4,2.20,CLEAR|STRAIGHT,,999.00,1.12,0.3,1.8,3920
112.55,-32.494,31.961,141.5,2.05,CLEAR|STRAIGHT,,999.00,1.12,0.3,1.8,3934
112.60,-32.494,31.961,141.6,2.05,CLEAR|STRAIGHT,,999.00,1.12,0.9,1.8,3934
112.65,-32.656,32.090,141.7,1.88,CLEAR|STRAIGHT,,999.00,1.12,0.9,1.7,3934
112.70,-32.656,32.090,141.8,1.88,CLEAR|STRAIGHT,,999.00,1.05,-0.3,1.7,3934
112.75,-32.792,32.228,141.8,2.14,CLEAR|STRAIGHT,,999.00,1.05,-0.3,1.7,3934
112.80,-32.792,32.228,142.0,2.14,CLEAR|STRAIGHT,,999.00,1.05,-0.8,1.7,3920
112.85,-32.926,32.362,142.0,1.87,CLEAR|STRAIGHT,,999.00,1.00,-0.9,1.8,3920
112.90,-32.926,32.362,142.2,1.87,CLEAR|STRAIGHT,,999.00,1.00,-1.6,1.7,3934
112.95,-32.926,32.362,142.3,1.87,CLEAR|STRAIGHT,,999.00,1.00,-1.6,1.7,3934
113.00,-33.061,32.481,142.4,1.12,CLEAR|STRAIGHT,,999.00,1.00,-1.7,1.6,3934
113.05,-33.061,32.481,142.4,1.12,CLEAR|STRAIGHT,,999.00,1.00,-1.7,0.6,4047
113.10,-33.061,32.481,142.4,1.12,CLEAR|STRAIGHT,,999.00,1.00,0.4,0.2,4106
113.15,-33.337,32.745,142.4,2.54,CLEAR|STRAIGHT,,999.00,0.97,0.4,0.1,4152
113.20,-33.337,32.745,142.2,2.54,CLEAR|STRAIGHT,,999.00,0.97,-1.9,0.1,4167
113.25,-33.476,32.882,142.2,1.93,CLEAR|STRAIGHT,,999.00,0.97,-4.1,0.1,4183
113.30,-33.476,32.882,142.1,1.93,CLEAR|STRAIGHT,,999.00,0.97,-3.5,0.2,4167
113.35,-33.590,33.006,142.1,1.66,CLEAR|STRAIGHT,,999.00,0.97,-3.5,0.0,4198
113.40,-33.590,33.006,142.0,1.66,CLEAR|STRAIGHT,,999.00,0.97,-2.9,-0.3,4230
113.45,-33.728,33.147,141.9,2.18,CLEAR|STRAIGHT,,999.00,0.97,-2.9,-0.4,4246
113.50,-33.728,33.147,141.7,2.18,CLEAR|STRAIGHT,,999.00,0.93,-5.1,-0.4,4230
113.55,-33.848,33.299,141.7,1.72,CLEAR|STRAIGHT,,999.00,0.93,-5.3,-0.3,4262
113.60,-33.848,33.299,141.4,1.72,CLEAR|STRAIGHT,,999.00,0.93,-4.6,-0.4,4262
113.65,-33.975,33.437,141.3,2.05,CLEAR|STRAIGHT,,999.00,0.91,-4.5,-1.0,4295
113.70,-33.975,33.437,140.9,2.05,CLEAR|STRAIGHT,,999.00,0.91,-6.4,-1.4,4344
113.75,-34.085,33.564,140.8,1.51,CLEAR|STRAIGHT,,999.00,0.91,-6.3,-1.5,4361
113.80,-34.085,33.564,140.5,1.51,CLEAR|STRAIGHT,,999.00,0.91,-5.6,-1.5,4378
113.85,-34.203,33.710,140.2,1.84,CLEAR|STRAIGHT,,999.00,0.91,-5.5,-2.5,4465
113.90,-34.203,33.710,139.8,1.84,CLEAR|STRAIGHT,,999.00,0.91,-6.3,-2.9,4501
113.95,-34.203,33.710,139.5,1.84,CLEAR|STRAIGHT,,999.00,0.91,-6.2,-3.0,4519
114.00,-34.369,33.828,139.0,1.45,CLEAR|STRAIGHT,,999.00,0.91,-5.9,-2.9,4537
114.05,-34.369,33.828,138.8,1.45,CLEAR|STRAIGHT,,999.00,0.85,-5.8,-2.9,4555
114.10,-34.369,33.828,138.2,1.45,CLEAR|STRAIGHT,,999.00,0.85,-7.0,-3.2,4574
114.15,-34.625,34.103,138.0,2.50,CLEAR|STRAIGHT,,999.00,0.77,-6.8,-3.2,4555
114.20,-34.625,34.103,137.5,2.50,CLEAR|STRAIGHT,,999.00,0.77,-9.1,-3.3,4574
114.25,-34.745,34.227,137.2,1.72,CLEAR|STRAIGHT,,999.00,0.77,-9.3,-3.5,4611
114.30,-34.745,34.227,136.6,1.72,CLEAR|STRAIGHT,,999.00,0.77,-9.6,-3.9,4630
114.35,-34.858,34.368,136.2,1.79,CLEAR|STRAIGHT,,999.00,0.77,-9.4,-4.6,4688
114.40,-34.858,34.368,135.5,1.79,CLEAR|STRAIGHT,,999.00,0.77,-10.1,-5.1,4748
114.45,-34.976,34.504,135.1,1.80,CLEAR|STRAIGHT,,999.00,0.72,-9.9,-5.4,4748
114.50,-34.976,34.504,134.3,1.80,AVOID|RIGHT,-10.6,8.00,0.72,-10.6,-5.9,4808
114.55,-35.079,34.639,133.8,1.68,AVOID|RIGHT,-10.6,8.00,0.72,-10.6,-6.3,4829
114.60,-35.079,34.639,132.8,1.68,AVOID|RIGHT,-11.0,8.00,0.72,-11.0,-6.3,4829
114.65,-35.186,34.781,132.4,1.77,AVOID|RIGHT,-11.0,8.00,0.72,-11.0,-6.8,4871
114.70,-35.186,34.781,131.3,1.77,CLEAR|STRAIGHT,,999.00,0.72,-11.4,-7.2,4892
114.75,-35.268,34.902,130.8,1.45,CLEAR|STRAIGHT,,999.00,0.72,-11.1,-7.2,4892
114.80,-35.268,34.902,129.8,1.45,CLEAR|STRAIGHT,,999.00,0.72,-11.5,-7.3,4913
114.85,-35.360,35.037,129.3,1.63,CLEAR|STRAIGHT,,999.00,0.72,-11.2,-7.6,4935
114.90,-35.360,35.037,128.2,1.63,CLEAR|STRAIGHT,,999.00,0.72,-11.7,-7.7,4957
114.95,-35.360,35.037,127.7,1.63,CLEAR|STRAIGHT,,999.00,0.72,-11.5,-7.7,4957
115.00,-35.448,35.180,126.7,1.04,CLEAR|STRAIGHT,,999.00,0.72,-10.9,-7.7,4935
115.05,-35.448,35.180,126.2,1.04,CLEAR|STRAIGHT,,999.00,0.72,-10.7,-7.6,4935
115.10,-35.448,35.180,125.0,1.04,CLEAR|STRAIGHT,,999.00,0.72,-11.0,-7.7,4957
115.15,-35.588,35.451,124.5,2.16,CLEAR|STRAIGHT,,999.00,0.75,-10.6,-7.7,4957
115.20,-35.588,35.451,123.4,2.16,CLEAR|STRAIGHT,,999.00,0.75,-11.8,-7.7,4957
115.25,-35.654,35.584,122.9,1.34,AVOID|RIGHT,-12.4,8.00,0.75,-11.6,-8.2,4957
115.30,-35.654,35.584,121.8,1.34,AVOID|RIGHT,-12.4,8.00,0.75,-12.4,-8.1,4979
115.35,-35.692,35.720,121.3,1.36,AVOID|RIGHT,-12.0,8.00,0.80,-12.4,-8.1,4979
115.40,-35.692,35.720,120.3,1.36,AVOID|RIGHT,-12.0,8.00,0.80,-12.0,-8.2,4979
115.45,-35.754,35.861,119.7,1.53,AVOID|RIGHT,-11.8,8.00,0.80,-11.8,-8.5,4979
115.50,-35.754,35.861,118.7,1.53,AVOID|RIGHT,-11.8,8.00,0.80,-11.8,-8.6,4979
115.55,-35.803,35.989,118.2,1.51,CLEAR|STRAIGHT,,999.00,0.80,-12.0,-8.5,5001
115.60,-35.803,35.989,117.0,1.51,CLEAR|STRAIGHT,,999.00,0.80,-12.4,-8.6,5001
115.65,-35.845,36.133,116.5,1.35,CLEAR|STRAIGHT,,999.00,0.85,-12.1,-8.6,5001
115.70,-35.845,36.133,115.3,1.35,CLEAR|STRAIGHT,,999.00,0.85,-12.1,-8.6,5023
115.75,-35.893,36.278,114.8,1.68,CLEAR|STRAIGHT,,999.00,0.85,-11.8,-9.2,5023
115.80,-35.893,36.278,113.6,1.68,CLEAR|STRAIGHT,,999.00,0.85,-12.1,-9.3,5023
115.85,-35.925,36.408,113.0,1.20,CLEAR|STRAIGHT,,999.00,0.85,-11.8,-9.3,5001
115.90,-35.925,36.408,111.9,1.20,CLEAR|STRAIGHT,,999.00,0.85,-12.3,-9.3,5046
115.95,-35.925,36.408,111.3,1.20,AVOID|RIGHT,-12.0,8.00,0.85,-12.0,-9.7,5046
116.00,-35.947,36.540,110.2,1.19,AVOID|RIGHT,-12.0,8.00,0.85,-12.0,-9.6,5046
116.05,-35.981,36.692,109.5,1.72,CLEAR|STRAIGHT,,999.00,0.90,-11.9,-9.7,5046
116.10,-35.981,36.692,108.5,1.72,CLEAR|STRAIGHT,,999.00,0.90,-11.6,-9.6,5046
116.15,-35.990,36.821,108.0,1.26,CLEAR|STRAIGHT,,999.00,0.90,-11.5,-9.9,5046
116.20,-35.990,36.821,106.8,1.26,CLEAR|STRAIGHT,,999.00,0.90,-11.8,-10.0,5046
116.25,-36.013,36.963,106.2,1.42,CLEAR|STRAIGHT,,999.00,0.90,-11.5,-10.0,5046
116.30,-36.013,36.963,105.0,1.42,CLEAR|STRAIGHT,,999.00,0.90,-11.7,-10.0,5046
116.35,-36.025,37.095,104.3,1.45,CLEAR|STRAIGHT,,999.00,0.90,-11.4,-10.0,5046
116.40,-36.025,37.095,103.1,1.45,CLEAR|STRAIGHT,,999.00,0.87,-11.2,-10.0,5046
116.45,-36.038,37.223,102.5,1.28,CLEAR|STRAIGHT,,999.00,0.87,-10.9,-10.0,5046
116.50,-36.038,37.223,101.5,1.28,CLEAR|STRAIGHT,,999.00,0.87,-11.1,-10.3,5068
116.55,-36.048,37.361,100.8,1.25,CLEAR|STRAIGHT,,999.00,0.87,-10.8,-10.3,5046
116.60,-36.048,37.361,99.7,1.25,CLEAR|STRAIGHT,,999.00,0.87,-11.1,-10.3,5068
116.65,-36.043,37.507,99.1,1.58,CLEAR|STRAIGHT,,999.00,0.87,-10.8,-10.3,5068
116.70,-36.043,37.507,97.9,1.58,CLEAR|STRAIGHT,,999.00,0.84,-10.5,-10.3,5046
116.75,-36.056,37.631,97.4,1.13,CLEAR|STRAIGHT,,999.00,0.84,-10.3,-10.2,5046
116.80,-36.056,37.631,96.2,1.13,CLEAR|STRAIGHT,,999.00,0.84,-10.6,-10.3,5068
116.85,-36.071,37.770,95.7,1.56,CLEAR|STRAIGHT,,999.00,0.84,-10.3,-10.3,5046
116.90,-36.071,37.770,94.6,1.56,CLEAR|STRAIGHT,,999.00,0.84,-10.6,-10.3,5068
116.95,-36.071,37.770,94.1,1.56,CLEAR|STRAIGHT,,999.00,0.84,-10.3,-10.3,5046
117.00,-36.011,37.875,92.9,0.68,CLEAR|STRAIGHT,,999.00,0.84,-9.7,-10.3,5068
117.05,-36.011,37.875,92.3,0.68,CLEAR|STRAIGHT,,999.00,0.84,-9.4,-10.2,5068
117.10,-36.011,37.875,91.3,0.68,CLEAR|STRAIGHT,,999.00,0.84,-8.1,-10.3,5046
117.15,-35.964,38.098,90.7,1.48,CLEAR|STRAIGHT,,999.00,0.84,-7.8,-10.2,5046
117.20,-35.964,38.098,89.6,1.48,CLEAR|STRAIGHT,,999.00,0.84,-8.8,-10.2,5068
117.25,-35.950,38.213,89.1,1.04,CLEAR|STRAIGHT,,999.00,0.84,-8.5,-10.3,5068
117.30,-35.950,38.213,88.1,1.04,CLEAR|STRAIGHT,,999.00,0.84,-8.2,-10.3,5068
117.35,-35.886,38.331,87.5,1.34,CLEAR|STRAIGHT,,999.00,0.84,-8.0,-10.3,5046
117.40,-35.886,38.331,86.5,1.34,CLEAR|STRAIGHT,,999.00,0.84,-7.6,-10.2,5046
117.45,-35.884,38.447,86.0,1.16,CLEAR|STRAIGHT,,999.00,0.84,-7.3,-10.2,5068
117.50,-35.884,38.447,84.8,1.16,CLEAR|STRAIGHT,,999.00,0.84,-7.1,-10.2,5046
117.55,-35.843,38.553,84.4,1.22,CLEAR|STRAIGHT,,999.00,0.84,-6.7,-9.3,5046
117.60,-35.843,38.553,83.4,1.22,CLEAR|STRAIGHT,,999.00,0.84,-7.0,-9.1,5023
117.65,-35.800,38.651,83.1,0.92,CLEAR|STRAIGHT,,999.00,0.84,-6.7,-9.1,5046
117.70,-35.800,38.651,82.1,0.92,CLEAR|STRAIGHT,,999.00,0.84,-5.9,-9.2,5023
117.75,-35.827,38.828,81.5,1.71,CLEAR|STRAIGHT,,999.00,0.84,-5.5,-9.1,5023
117.80,-35.827,38.828,80.6,1.71,CLEAR|STRAIGHT,,999.00,0.84,-7.2,-9.1,5023
117.85,-35.791,38.923,80.1,0.91,CLEAR|STRAIGHT,,999.00,0.84,-7.0,-9.0,5023
117.90,-35.791,38.923,79.2,0.91,CLEAR|STRAIGHT,,999.00,0.84,-5.7,-9.0,5046
117.95,-35.791,38.923,78.7,0.91,CLEAR|STRAIGHT,,999.00,0.84,-5.3,-9.0,5023
118.00,-35.774,39.026,77.9,0.95,CLEAR|STRAIGHT,,999.00,0.84,-4.7,-8.9,5023
118.05,-35.774,39.026,77.5,0.95,CLEAR|STRAIGHT,,999.00,0.84,-6.0,-8.1,5001
118.10,-35.726,39.151,76.7,1.33,CLEAR|STRAIGHT,,999.00,0.84,-5.5,-7.7,5001
118.15,-35.670,39.247,76.4,1.17,CLEAR|STRAIGHT,,999.00,0.84,-5.9,-7.7,4979
118.20,-35.670,39.247,75.6,1.17,CLEAR|STRAIGHT,,999.00,0.84,-5.4,-7.7,4979
118.25,-35.591,39.337,75.1,1.20,CLEAR|STRAIGHT,,999.00,0.84,-5.1,-7.6,4979
118.30,-35.591,39.337,74.4,1.20,CLEAR|STRAIGHT,,999.00,0.84,-4.2,-7.7,4979
118.35,-35.556,39.424,74.0,0.85,CLEAR|STRAIGHT,,999.00,0.87,-4.0,-7.6,4979
118.40,-35.556,39.424,73.4,0.85,CLEAR|STRAIGHT,,999.00,0.87,-4.1,-7.7,4957
118.45,-35.496,39.512,73.1,1.12,CLEAR|STRAIGHT,,999.00,0.87,-3.9,-6.8,4935
118.50,-35.496,39.512,72.4,1.12,CLEAR|STRAIGHT,,999.00,0.87,-3.9,-6.4,4892
118.55,-35.454,39.602,72.1,0.99,CLEAR|STRAIGHT,,999.00,0.87,-3.7,-6.4,4913
118.60,-35.454,39.602,71.4,0.99,CLEAR|STRAIGHT,,999.00,0.87,-3.0,-6.4,4913
118.65,-35.397,39.707,71.0,1.07,CLEAR|STRAIGHT,,999.00,0.87,-2.8,-6.4,4871
118.70,-35.397,39.707,70.3,1.07,CLEAR|STRAIGHT,,999.00,0.87,-2.4,-6.4,4892
118.75,-35.342,39.799,70.0,1.05,CLEAR|STRAIGHT,,999.00,0.92,-2.2,-5.8,4871
118.80,-35.342,39.799,69.3,1.05,CLEAR|STRAIGHT,,999.00,0.95,-3.1,-5.4,4829
118.85,-35.272,39.884,69.0,1.16,CLEAR|STRAIGHT,,999.00,0.95,-2.9,-5.0,4808
118.90,-35.272,39.884,68.5,1.16,CLEAR|STRAIGHT,,999.00,0.95,-2.5,-4.9,4788
118.95,-35.272,39.884,68.2,1.16,CLEAR|STRAIGHT,,999.00,0.95,-2.3,-5.0,4788
119.00,-35.185,39.973,67.6,0.68,CLEAR|STRAIGHT,,999.00,0.95,-2.0,-5.0,4788
119.05,-35.185,39.973,67.4,0.68,CLEAR|STRAIGHT,,999.00,0.95,-1.8,-4.8,4748
119.10,-35.185,39.973,66.9,0.68,CLEAR|STRAIGHT,,999.00,0.95,0.4,-3.8,4708
119.15,-35.103,40.163,66.6,1.48,CLEAR|STRAIGHT,,999.00,0.95,1.1,-3.3,4669
119.20,-35.103,40.163,66.3,1.48,CLEAR|STRAIGHT,,999.00,0.95,-1.2,-2.8,4611
119.25,-35.051,40.252,66.2,1.03,CLEAR|STRAIGHT,,999.00,1.00,-1.5,-2.2,4574
119.30,-35.051,40.252,65.9,1.03,CLEAR|STRAIGHT,,999.00,1.05,-1.7,-1.7,4519
119.35,-35.007,40.350,65.8,1.34,CLEAR|STRAIGHT,,999.00,1.10,-1.6,-1.7,4501
119.40,-35.007,40.350,65.5,1.34,CLEAR|STRAIGHT,,999.00,1.11,-2.3,-1.7,4483
119.45,-34.960,40.430,65.3,0.84,CLEAR|STRAIGHT,,999.00,1.11,-2.2,-1.7,4465
119.50,-34.960,40.430,65.1,0.84,CLEAR|STRAIGHT,,999.00,1.11,-0.7,-1.7,4465
119.55,-34.884,40.518,65.0,1.13,CLEAR|STRAIGHT,,999.00,1.11,-0.6,-1.7,4465
119.60,-34.884,40.518,64.6,1.13,CLEAR|STRAIGHT,,999.00,1.11,-0.9,-1.7,4465
119.65,-34.820,40.607,64.5,1.07,CLEAR|STRAIGHT,,999.00,1.16,-0.7,-1.7,4447
119.70,-34.820,40.607,64.2,1.07,CLEAR|STRAIGHT,,999.00,1.21,-1.9,-1.8,4361
119.75,-34.820,40.607,64.0,1.07,CLEAR|STRAIGHT,,999.00,1.26,-1.9,-1.8,4361
119.80,-34.752,40.690,63.7,0.87,CLEAR|STRAIGHT,,999.00,1.30,-1.7,-1.7,4447
119.85,-34.691,40.772,63.5,1.12,CLEAR|STRAIGHT,,999.00,1.30,-0.8,-1.7,4447
119.90,-34.691,40.772,63.2,1.12,CLEAR|STRAIGHT,,999.00,1.30,-1.1,-1.7,4447
119.95,-34.691,40.772,63.1,1.12,CLEAR|STRAIGHT,,999.00,1.30,-1.0,-1.7,4465
120.00,-34.622,40.864,62.8,1.03,CLEAR|STRAIGHT,,999.00,1.30,-0.8,-1.7,4465
120.05,-34.550,40.965,62.7,1.36,CLEAR|STRAIGHT,,999.00,1.35,-0.2,-1.7,4447
120.10,-34.550,40.965,62.4,1.36,CLEAR|STRAIGHT,,999.00,1.40,-2.1,-1.7,4430
120.15,-34.550,40.965,62.3,1.36,CLEAR|STRAIGHT,,999.00,1.45,-2.0,-1.7,4430
120.20,-34.492,41.056,62.0,0.99,CLEAR|STRAIGHT,,999.00,1.50,-1.9,-1.7,4447
120.25,-34.448,41.173,61.9,1.55,CLEAR|STRAIGHT,,999.00,1.55,-1.2,-1.7,4430
120.30,-34.448,41.173,61.5,1.55,CLEAR|STRAIGHT,,999.00,1.56,-2.3,-1.8,4447
120.35,-34.357,41.278,61.4,1.23,CLEAR|STRAIGHT,,999.00,1.56,-2.2,-1.8,4447
120.40,-34.357,41.278,61.2,1.23,CLEAR|STRAIGHT,,999.00,1.56,-1.3,-1.7,4447
120.45,-34.297,41.384,61.0,1.22,CLEAR|STRAIGHT,,999.00,1.47,-1.3,-1.7,4447
120.50,-34.297,41.384,60.8,1.22,CLEAR|STRAIGHT,,999.00,1.40,-2.4,-1.7,4447
120.55,-34.297,41.384,60.7,1.22,CLEAR|STRAIGHT,,999.00,1.40,-2.3,-1.7,4430
120.60,-34.226,41.484,60.5,1.10,CLEAR|STRAIGHT,,999.00,1.40,-2.2,-1.7,4430
120.65,-34.139,41.583,60.3,1.44,CLEAR|STRAIGHT,,999.00,1.40,-2.0,-1.7,4430
120.70,-34.139,41.583,60.0,1.44,CLEAR|STRAIGHT,,999.00,1.40,-2.1,-1.7,4430
120.75,-34.060,41.686,59.8,1.28,CLEAR|STRAIGHT,,999.00,1.40,-2.0,-1.7,4430
120.80,-34.060,41.686,59.9,1.28,CLEAR|STRAIGHT,,999.00,1.40,-1.6,-1.7,4430
120.85,-33.956,41.783,59.6,1.37,CLEAR|STRAIGHT,,999.00,1.31,-1.5,-1.7,4430
120.90,-33.956,41.783,59.4,1.37,CLEAR|STRAIGHT,,999.00,1.30,-2.1,-1.7,4430
120.95,-33.956,41.783,59.3,1.37,CLEAR|STRAIGHT,,999.00,1.30,-2.1,-1.7,4430
121.00,-33.878,41.878,59.0,0.76,CLEAR|STRAIGHT,,999.00,1.30,-2.0,-1.7,4430
121.05,-33.878,41.878,58.8,0.76,CLEAR|STRAIGHT,,999.00,1.30,-1.9,-1.7,4430
121.10,-33.878,41.878,58.4,0.76,CLEAR|STRAIGHT,,999.00,1.30,-0.7,-1.7,4447
121.15,-33.670,42.078,58.3,2.15,CLEAR|STRAIGHT,,999.00,1.29,-0.5,-1.7,4447
121.20,-33.670,42.078,58.2,2.15,CLEAR|STRAIGHT,,999.00,1.29,-1.9,-1.7,4447
121.25,-33.670,42.078,58.0,2.15,CLEAR|STRAIGHT,,999.00,1.29,-1.9,-1.8,4430
121.30,-33.589,42.188,57.7,1.14,CLEAR|STRAIGHT,,999.00,1.29,-1.8,-1.7,4447
121.35,-33.589,42.188,57.6,1.14,CLEAR|STRAIGHT,,999.00,1.29,-1.2,-1.7,4430
121.40,-33.514,42.296,57.4,1.32,CLEAR|STRAIGHT,,999.00,1.29,-1.0,-1.7,4447
121.45,-33.439,42.425,57.2,1.65,CLEAR|STRAIGHT,,999.00,1.29,-1.2,-1.7,4447
121.50,-33.439,42.425,56.9,1.65,CLEAR|STRAIGHT,,999.00,1.29,-1.6,-1.7,4430
121.55,-33.439,42.425,56.9,1.65,CLEAR|STRAIGHT,,999.00,1.29,-1.6,-1.7,4447
121.60,-33.351,42.531,56.5,1.24,CLEAR|STRAIGHT,,999.00,1.34,-1.4,-1.7,4430
121.65,-33.255,42.636,56.3,1.56,CLEAR|STRAIGHT,,999.00,1.38,-1.6,-1.7,4447
121.70,-33.255,42.636,56.2,1.56,CLEAR|STRAIGHT,,999.00,1.38,-1.4,-1.7,4447
121.75,-33.163,42.745,56.0,1.42,CLEAR|STRAIGHT,,999.00,1.38,-1.4,-1.8,4430
121.80,-33.163,42.745,55.9,1.42,CLEAR|STRAIGHT,,999.00,1.38,-1.1,-1.9,4430
121.85,-33.082,42.841,55.7,1.25,CLEAR|STRAIGHT,,999.00,1.38,-1.1,-1.7,4447
121.90,-33.082,42.841,55.4,1.25,CLEAR|STRAIGHT,,999.00,1.38,-0.6,-1.7,4430
121.95,-33.082,42.841,55.3,1.25,CLEAR|STRAIGHT,,999.00,1.38,-0.5,-1.7,4430
122.00,-33.017,42.924,55.2,0.87,CLEAR|STRAIGHT,,999.00,1.43,-0.3,-1.7,4447
122.05,-33.017,42.924,55.1,0.87,CLEAR|STRAIGHT,,999.00,1.45,-0.7,-1.7,4430
122.10,-33.017,42.924,54.8,0.87,CLEAR|STRAIGHT,,999.00,1.45,-0.6,-1.7,4447
122.15,-32.864,43.122,54.7,1.39,CLEAR|STRAIGHT,,999.00,1.45,-0.5,-1.7,4430
122.20,-32.864,43.122,54.0,1.39,CLEAR|STRAIGHT,,999.00,1.45,-0.9,-1.9,4430
122.25,-32.772,43.208,54.0,1.23,CLEAR|STRAIGHT,,999.00,1.45,-0.7,-1.7,4430
122.30,-32.772,43.208,53.8,1.23,CLEAR|STRAIGHT,,999.00,1.45,0.0,-1.7,4447
122.35,-32.690,43.318,53.4,1.38,CLEAR|STRAIGHT,,999.00,1.50,0.2,-1.8,4430
122.40,-32.690,43.318,53.4,1.38,CLEAR|STRAIGHT,,999.00,1.55,-0.5,-1.7,4430
122.45,-32.592,43.422,53.2,1.41,CLEAR|STRAIGHT,,999.00,1.57,-0.5,-1.7,4447
122.50,-32.592,43.422,52.8,1.41,CLEAR|STRAIGHT,,999.00,1.57,-0.2,-1.6,4430
122.55,-32.592,43.422,52.7,1.41,CLEAR|STRAIGHT,,999.00,1.57,-0.2,-1.5,4430
122.60,-32.486,43.510,52.6,1.23,CLEAR|STRAIGHT,,999.00,1.57,0.0,-1.4,4395
122.65,-32.390,43.624,52.7,1.65,CLEAR|STRAIGHT,,999.00,1.48,0.7,-1.4,4395
122.70,-32.390,43.624,52.4,1.65,CLEAR|STRAIGHT,,999.00,1.46,-0.2,-1.4,4395
122.75,-32.287,43.722,52.2,1.40,CLEAR|STRAIGHT,,999.00,1.46,-0.2,-1.4,4395
122.80,-32.287,43.722,51.8,1.40,CLEAR|STRAIGHT,,999.00,1.46,0.5,-1.4,4412
122.85,-32.175,43.818,51.7,1.45,CLEAR|STRAIGHT,,999.00,1.46,0.6,-1.4,4395
122.90,-32.175,43.818,51.3,1.45,CLEAR|STRAIGHT,,999.00,1.46,1.1,-1.4,4395
122.95,-32.175,43.818,51.2,1.45,CLEAR|STRAIGHT,,999.00,1.46,1.2,-1.5,4395
123.00,-32.076,43.931,50.9,0.94,CLEAR|STRAIGHT,,999.00,1.46,1.4,-1.5,4395
123.05,-32.076,43.931,50.8,0.94,CLEAR|STRAIGHT,,999.00,1.46,1.5,-1.5,4395
123.10,-32.076,43.931,50.4,0.94,CLEAR|STRAIGHT,,999.00,1.46,3.2,-1.4,4395
123.15,-31.861,44.144,50.3,2.15,CLEAR|STRAIGHT,,999.00,1.37,3.4,-1.4,4412
123.20,-31.861,44.144,49.9,2.15,CLEAR|STRAIGHT,,999.00,1.37,1.1,-1.4,4395
123.25,-31.736,44.262,49.9,1.70,CLEAR|STRAIGHT,,999.00,1.37,1.2,-0.4,4311
123.30,-31.736,44.262,49.8,1.70,CLEAR|STRAIGHT,,999.00,1.37,2.2,0.7,4183
123.35,-31.615,44.387,49.7,1.94,CLEAR|STRAIGHT,,999.00,1.37,2.3,0.8,4137
123.40,-31.615,44.387,49.6,1.94,CLEAR|STRAIGHT,,999.00,1.37,1.5,0.9,4121
123.45,-31.492,44.508,49.5,1.71,CLEAR|STRAIGHT,,999.00,1.37,1.5,0.9,4121
123.50,-31.492,44.508,49.4,1.71,CLEAR|STRAIGHT,,999.00,1.37,2.3,0.8,4106
123.55,-31.387,44.639,49.4,1.53,CLEAR|STRAIGHT,,999.00,1.37,2.3,0.9,4106
123.60,-31.387,44.639,49.4,1.53,CLEAR|STRAIGHT,,999.00,1.37,2.9,0.9,4106
123.65,-31.239,44.765,49.4,2.13,CLEAR|STRAIGHT,,999.00,1.38,2.9,0.8,4092
123.70,-31.239,44.765,49.5,2.13,CLEAR|STRAIGHT,,999.00,1.38,1.6,0.9,4092
123.75,-31.090,44.861,49.4,1.55,CLEAR|STRAIGHT,,999.00,1.38,1.6,1.0,4092
123.80,-31.090,44.861,49.4,1.55,CLEAR|STRAIGHT,,999.00,1.38,3.3,1.2,4062
123.85,-30.932,44.966,49.3,2.04,CLEAR|STRAIGHT,,999.00,1.38,3.3,1.1,4062
123.90,-30.932,44.966,49.3,2.04,CLEAR|STRAIGHT,,999.00,1.38,3.2,1.1,4047
123.95,-30.932,44.966,49.3,2.04,CLEAR|STRAIGHT,,999.00,1.38,3.2,1.2,4047
124.00,-30.778,45.084,49.2,1.46,CLEAR|STRAIGHT,,999.00,1.41,3.2,1.2,4033
124.05,-30.778,45.084,49.2,1.46,CLEAR|STRAIGHT,,999.00,1.41,4.0,1.2,4047
124.10,-30.778,45.084,49.4,1.46,CLEAR|STRAIGHT,,999.00,1.41,4.0,1.1,4047
124.15,-30.481,45.340,49.5,2.28,CLEAR|STRAIGHT,,999.00,1.45,3.9,1.1,4047
124.20,-30.481,45.340,49.6,2.28,CLEAR|STRAIGHT,,999.00,1.45,2.3,1.7,4018
124.25,-30.345,45.468,49.9,1.86,CLEAR|STRAIGHT,,999.00,1.45,2.3,2.1,3920
124.30,-30.345,45.468,50.1,1.86,CLEAR|STRAIGHT,,999.00,1.45,3.4,2.1,3907
124.35,-30.249,45.596,50.1,1.45,CLEAR|STRAIGHT,,999.00,1.45,3.3,2.2,3893
124.40,-30.249,45.596,50.3,1.45,CLEAR|STRAIGHT,,999.00,1.45,4.7,2.1,3893
124.45,-30.136,45.724,50.4,1.90,CLEAR|STRAIGHT,,999.00,1.50,4.7,2.1,3880
124.50,-30.136,45.724,50.6,1.90,CLEAR|STRAIGHT,,999.00,1.55,2.5,2.2,3880
124.55,-30.037,45.845,50.8,1.57,CLEAR|STRAIGHT,,999.00,1.58,2.3,2.2,3867
124.60,-30.037,45.845,51.0,1.57,CLEAR|STRAIGHT,,999.00,1.58,3.1,2.6,3840
124.65,-29.943,45.965,51.1,1.53,CLEAR|STRAIGHT,,999.00,1.58,3.1,2.7,3814
124.70,-29.943,45.965,51.4,1.53,CLEAR|STRAIGHT,,999.00,1.58,3.4,2.7,3814
124.75,-29.827,46.059,51.5,1.45,CLEAR|STRAIGHT,,999.00,1.54,3.3,2.7,3801
124.80,-29.827,46.059,51.7,1.45,CLEAR|STRAIGHT,,999.00,1.54,2.4,2.7,3801
124.85,-29.754,46.187,51.8,1.32,CLEAR|STRAIGHT,,999.00,1.54,2.4,2.6,3801
124.90,-29.754,46.187,52.0,1.32,CLEAR|STRAIGHT,,999.00,1.54,2.6,2.6,3801
124.95,-29.754,46.187,52.0,1.32,CLEAR|STRAIGHT,,999.00,1.54,2.5,2.6,3801
125.00,-29.664,46.295,52.3,0.94,CLEAR|STRAIGHT,,999.00,1.54,2.4,2.6,3788
125.05,-29.664,46.295,52.3,0.94,CLEAR|STRAIGHT,,999.00,1.54,2.4,2.7,3788
125.10,-29.664,46.295,52.6,0.94,CLEAR|STRAIGHT,,999.00,1.54,3.9,2.7,3788
125.15,-29.467,46.516,52.7,2.06,CLEAR|STRAIGHT,,999.00,1.50,3.8,2.6,3801
125.20,-29.467,46.516,52.9,2.06,CLEAR|STRAIGHT,,999.00,1.50,1.6,2.7,3788
125.25,-29.376,46.631,53.1,1.52,CLEAR|STRAIGHT,,999.00,1.50,0.5,2.6,3788
125.30,-29.376,46.631,53.3,1.52,CLEAR|STRAIGHT,,999.00,1.50,1.2,2.7,3801
125.35,-29.285,46.737,53.4,1.40,CLEAR|STRAIGHT,,999.00,1.50,1.1,2.7,3776
125.40,-29.285,46.737,53.7,1.40,CLEAR|STRAIGHT,,999.00,1.50,1.4,2.7,3788
125.45,-29.196,46.853,53.8,1.31,CLEAR|STRAIGHT,,999.00,1.47,1.3,2.6,3776
125.50,-29.196,46.853,53.9,1.31,CLEAR|STRAIGHT,,999.00,1.47,0.3,2.7,3788
125.55,-29.071,46.970,54.0,1.89,CLEAR|STRAIGHT,,999.00,1.47,0.3,2.6,3788
125.60,-29.071,46.970,54.2,1.89,CLEAR|STRAIGHT,,999.00,1.47,-0.1,2.7,3776
125.65,-28.969,47.081,54.4,1.67,CLEAR|STRAIGHT,,999.00,1.47,-0.2,2.5,3801
125.70,-28.969,47.081,54.6,1.67,CLEAR|STRAIGHT,,999.00,1.47,0.1,1.8,3893
125.75,-28.859,47.191,54.7,1.28,CLEAR|STRAIGHT,,999.00,1.48,0.0,1.6,3920
125.80,-28.859,47.191,54.7,1.28,CLEAR|STRAIGHT,,999.00,1.48,-0.1,1.5,3948
125.85,-28.737,47.306,54.9,1.82,CLEAR|STRAIGHT,,999.00,1.48,-0.2,1.5,3948
125.90,-28.737,47.306,55.0,1.82,CLEAR|STRAIGHT,,999.00,1.48,-0.5,1.6,3962
125.95,-28.737,47.306,55.0,1.82,CLEAR|STRAIGHT,,999.00,1.48,-0.5,1.6,3962
126.00,-28.611,47.418,55.1,1.37,CLEAR|STRAIGHT,,999.00,1.48,-0.6,1.5,3962
126.05,-28.495,47.543,55.1,2.11,CLEAR|STRAIGHT,,999.00,1.53,0.4,1.3,3976
126.10,-28.495,47.543,55.1,2.11,CLEAR|STRAIGHT,,999.00,1.54,-0.9,1.3,3990
126.15,-28.401,47.681,55.1,1.52,CLEAR|STRAIGHT,,999.00,1.54,-0.9,1.3,4004
126.20,-28.401,47.681,55.2,1.52,CLEAR|STRAIGHT,,999.00,1.54,-0.6,1.3,3990
126.25,-28.304,47.813,55.3,1.82,CLEAR|STRAIGHT,,999.00,1.54,-0.6,1.3,4004
126.30,-28.304,47.813,55.4,1.82,CLEAR|STRAIGHT,,999.00,1.54,-1.0,1.3,4004
126.35,-28.185,47.944,55.4,1.75,CLEAR|STRAIGHT,,999.00,1.59,-1.0,1.3,3990
126.40,-28.185,47.944,55.5,1.75,CLEAR|STRAIGHT,,999.00,1.60,-1.3,1.3,4018
126.45,-28.074,48.079,55.5,1.74,CLEAR|STRAIGHT,,999.00,1.60,-1.4,1.3,4004
126.50,-28.074,48.079,55.6,1.74,CLEAR|STRAIGHT,,999.00,1.60,-1.4,1.2,3990
126.55,-27.969,48.213,55.6,1.70,CLEAR|STRAIGHT,,999.00,1.60,-1.4,1.3,4018
126.60,-27.969,48.213,55.6,1.70,CLEAR|STRAIGHT,,999.00,1.60,-1.5,1.3,4004
126.65,-27.849,48.340,55.6,1.72,CLEAR|STRAIGHT,,999.00,1.55,-1.5,1.2,4004
126.70,-27.849,48.340,55.7,1.72,CLEAR|STRAIGHT,,999.00,1.55,-1.7,1.0,4047
126.75,-27.729,48.471,55.7,1.60,CLEAR|STRAIGHT,,999.00,1.55,-1.8,1.0,4047
126.80,-27.729,48.471,55.8,1.60,CLEAR|STRAIGHT,,999.00,1.55,-1.7,0.9,4047
126.85,-27.611,48.595,55.8,1.69,CLEAR|STRAIGHT,,999.00,1.55,-1.7,0.8,4077
126.90,-27.611,48.595,55.8,1.69,CLEAR|STRAIGHT,,999.00,1.55,-1.7,0.8,4077
126.95,-27.611,48.595,55.8,1.69,CLEAR|STRAIGHT,,999.00,1.55,-1.7,0.8,4092
127.00,-27.478,48.729,55.7,1.16,CLEAR|STRAIGHT,,999.00,1.55,-1.7,0.5,4121
127.05,-27.478,48.729,55.6,1.16,CLEAR|STRAIGHT,,999.00,1.53,-1.7,0.3,4137
127.10,-27.478,48.729,55.5,1.16,CLEAR|STRAIGHT,,999.00,1.53,-1.5,0.3,4152
127.15,-27.217,48.993,55.5,2.81,CLEAR|STRAIGHT,,999.00,1.53,-1.4,0.3,4152
127.20,-27.217,48.993,55.5,2.81,CLEAR|STRAIGHT,,999.00,1.53,-1.9,0.3,4152
127.25,-27.082,49.131,55.5,1.73,CLEAR|STRAIGHT,,999.00,1.50,-1.9,0.3,4152
127.30,-27.082,49.131,55.4,1.73,CLEAR|STRAIGHT,,999.00,1.50,-1.7,0.3,4152
127.35,-26.955,49.271,55.3,1.88,CLEAR|STRAIGHT,,999.00,1.50,-1.7,0.3,4152
127.40,-26.955,49.271,55.1,1.88,CLEAR|STRAIGHT,,999.00,1.50,-1.7,0.3,4167
127.45,-26.823,49.413,55.1,2.40,CLEAR|STRAIGHT,,999.00,1.47,-1.6,0.3,4152
127.50,-26.823,49.413,54.9,2.40,CLEAR|STRAIGHT,,999.00,1.47,-1.9,0.2,4167
127.55,-26.696,49.555,54.8,1.58,CLEAR|STRAIGHT,,999.00,1.47,-1.9,0.1,4198
127.60,-26.696,49.555,54.7,1.58,CLEAR|STRAIGHT,,999.00,1.47,-1.4,0.0,4214
127.65,-26.562,49.697,54.6,1.93,CLEAR|STRAIGHT,,999.00,1.47,-1.4,0.1,4198
127.70,-26.562,49.697,54.6,1.93,CLEAR|STRAIGHT,,999.00,1.47,-1.5,0.1,4214
127.75,-26.562,49.697,54.5,1.93,CLEAR|STRAIGHT,,999.00,1.47,-1.5,0.1,4214
127.80,-26.437,49.847,54.4,1.77,CLEAR|STRAIGHT,,999.00,1.51,-1.5,0.0,4214
127.85,-26.314,50.000,54.3,2.17,CLEAR|STRAIGHT,,999.00,1.51,-1.7,0.0,4198
127.90,-26.314,50.000,54.1,2.17,CLEAR|STRAIGHT,,999.00,1.51,-1.9,0.1,4214
127.95,-26.314,50.000,54.0,2.17,CLEAR|STRAIGHT,,999.00,1.51,-1.8,0.1,4198
128.00,-26.176,50.151,53.8,1.85,CLEAR|STRAIGHT,,999.00,1.56,-1.7,0.1,4198
128.05,-26.040,50.291,53.7,2.15,CLEAR|STRAIGHT,,999.00,1.56,-1.8,0.1,4214
128.10,-26.040,50.291,53.6,2.15,CLEAR|STRAIGHT,,999.00,1.56,-1.8,0.0,4214
128.15,-25.900,50.438,53.6,2.01,CLEAR|STRAIGHT,,999.00,1.56,-1.8,0.1,4214
128.20,-25.900,50.438,53.4,2.01,CLEAR|STRAIGHT,,999.00,1.56,-1.7,0.0,4214
128.25,-25.747,50.592,53.3,2.15,CLEAR|STRAIGHT,,999.00,1.55,-1.6,0.1,4230
128.30,-25.747,50.592,53.0,2.15,CLEAR|STRAIGHT,,999.00,1.55,-1.7,0.1,4214
128.35,-25.599,50.735,53.0,2.25,CLEAR|STRAIGHT,,999.00,1.55,-1.7,0.1,4214
128.40,-25.599,50.735,52.8,2.25,CLEAR|STRAIGHT,,999.00,1.55,-1.5,0.1,4214
128.45,-25.452,50.881,52.7,1.87,CLEAR|STRAIGHT,,999.00,1.50,-1.5,0.1,4198
128.50,-25.452,50.881,52.6,1.87,CLEAR|STRAIGHT,,999.00,1.50,-1.4,0.1,4214
128.55,-25.310,51.044,52.5,2.15,CLEAR|STRAIGHT,,999.00,1.50,-1.4,0.0,4214
128.60,-25.310,51.044,52.4,2.15,CLEAR|STRAIGHT,,999.00,1.50,-1.5,0.0,4214
128.65,-25.165,51.193,52.3,2.07,CLEAR|STRAIGHT,,999.00,1.50,-1.5,0.1,4214
128.70,-25.165,51.193,52.0,2.07,CLEAR|STRAIGHT,,999.00,1.47,-1.5,0.1,4230
128.75,-25.022,51.347,51.9,2.09,CLEAR|STRAIGHT,,999.00,1.47,-1.5,0.1,4214
128.80,-25.022,51.347,51.7,2.09,CLEAR|STRAIGHT,,999.00,1.47,-1.4,0.0,4214
128.85,-24.966,51.593,51.6,2.28,CLEAR|STRAIGHT,,999.00,1.47,-1.4,0.1,4230
128.90,-24.966,51.593,51.4,2.28,CLEAR|STRAIGHT,,999.00,1.47,-2.4,0.1,4214
128.95,-24.966,51.593,51.4,2.28,CLEAR|STRAIGHT,,999.00,1.47,-2.4,0.1,4214
129.00,-24.795,51.734,51.2,1.35,CLEAR|STRAIGHT,,999.00,1.47,-2.3,0.1,4198
129.05,-24.795,51.734,51.1,1.35,CLEAR|STRAIGHT,,999.00,1.45,-2.3,0.0,4214
129.10,-24.795,51.734,50.9,1.35,CLEAR|STRAIGHT,,999.00,1.45,-2.1,0.1,4214
129.15,-24.475,52.029,50.8,3.09,CLEAR|STRAIGHT,,999.00,1.44,-2.1,0.1,4214
129.20,-24.475,52.029,50.6,3.09,CLEAR|STRAIGHT,,999.00,1.44,-1.9,0.1,4214
129.25,-24.316,52.178,50.5,2.40,CLEAR|STRAIGHT,,999.00,1.44,-1.8,0.1,4214
129.30,-24.316,52.178,50.4,2.40,CLEAR|STRAIGHT,,999.00,1.44,-1.7,0.0,4198
129.35,-24.145,52.320,50.3,2.18,CLEAR|STRAIGHT,,999.00,1.49,-1.7,0.1,4214
129.40,-24.145,52.320,50.1,2.18,CLEAR|STRAIGHT,,999.00,1.49,-1.6,0.1,4214
129.45,-23.988,52.471,50.0,2.17,CLEAR|STRAIGHT,,999.00,1.49,-1.6,0.1,4198
129.50,-23.988,52.471,49.8,2.17,CLEAR|STRAIGHT,,999.00,1.49,-1.5,0.1,4214
129.55,-23.817,52.614,49.7,2.20,CLEAR|STRAIGHT,,999.00,1.49,-1.4,0.0,4214
129.60,-23.817,52.614,49.5,2.20,CLEAR|STRAIGHT,,999.00,1.49,-1.1,0.0,4214
129.65,-23.657,52.758,49.5,2.13,CLEAR|STRAIGHT,,999.00,1.54,-1.1,0.0,4214
129.70,-23.657,52.758,49.4,2.13,CLEAR|STRAIGHT,,999.00,1.58,-1.1,0.0,4214
129.75,-23.478,52.913,49.2,2.13,CLEAR|STRAIGHT,,999.00,1.58,-1.0,0.0,4214
129.80,-23.478,52.913,49.2,2.13,CLEAR|STRAIGHT,,999.00,1.58,-0.8,0.1,4214
129.85,-23.301,53.062,49.0,2.29,CLEAR|STRAIGHT,,999.00,1.53,-0.8,0.0,4198
129.90,-23.301,53.062,48.7,2.29,CLEAR|STRAIGHT,,999.00,1.53,-0.7,0.0,4214
129.95,-23.301,53.062,48.6,2.29,CLEAR|STRAIGHT,,999.00,1.53,-0.6,0.1,4214
130.00,-23.134,53.209,48.5,1.70,CLEAR|STRAIGHT,,999.00,1.53,-0.5,0.1,4230
130.05,-23.134,53.209,48.4,1.70,CLEAR|STRAIGHT,,999.00,1.53,-0.0,0.1,4214
130.10,-23.134,53.209,48.3,1.70,CLEAR|STRAIGHT,,999.00,1.53,0.1,0.1,4214
130.15,-22.794,53.509,48.3,2.81,AVOID|STRAIGHT,-0.4,8.00,1.49,0.1,0.1,4214
130.20,-22.794,53.509,48.2,2.81,AVOID|STRAIGHT,-0.4,8.00,1.49,-0.4,0.0,4214
130.25,-22.621,53.655,48.1,2.04,CLEAR|STRAIGHT,,999.00,1.49,-0.4,0.1,4214
130.30,-22.621,53.655,47.8,2.04,CLEAR|STRAIGHT,,999.00,1.47,0.0,0.1,4214
130.35,-22.455,53.809,47.7,2.26,CLEAR|STRAIGHT,,999.00,1.47,0.1,0.1,4198
130.40,-22.455,53.809,47.5,2.26,CLEAR|STRAIGHT,,999.00,1.47,0.2,0.0,4214
130.45,-22.285,53.964,47.5,2.54,CLEAR|STRAIGHT,,999.00,1.47,0.3,0.1,4214
130.50,-22.285,53.964,47.3,2.54,CLEAR|STRAIGHT,,999.00,1.47,0.1,0.0,4214
130.55,-22.104,54.109,47.3,2.09,CLEAR|STRAIGHT,,999.00,1.47,0.1,0.1,4214
130.60,-22.104,54.109,47.1,2.09,CLEAR|STRAIGHT,,999.00,1.47,0.7,0.1,4214
130.65,-21.933,54.253,46.9,2.21,CLEAR|STRAIGHT,,999.00,1.47,0.7,0.0,4214
130.70,-21.933,54.253,46.7,2.21,CLEAR|STRAIGHT,,999.00,1.47,1.1,0.1,4230
130.75,-21.743,54.401,46.6,2.39,CLEAR|STRAIGHT,,999.00,1.52,1.2,0.1,4198
130.80,-21.743,54.401,46.5,2.39,CLEAR|STRAIGHT,,999.00,1.54,1.0,0.1,4214
130.85,-21.587,54.541,46.4,2.09,CLEAR|STRAIGHT,,999.00,1.54,1.0,0.0,4230
130.90,-21.587,54.541,46.3,2.09,CLEAR|STRAIGHT,,999.00,1.54,1.6,0.0,4214
130.95,-21.587,54.541,46.2,2.09,CLEAR|STRAIGHT,,999.00,1.54,1.7,0.1,4214
131.00,-21.407,54.688,46.0,1.44,CLEAR|STRAIGHT,,999.00,1.54,1.7,0.0,4214
131.05,-21.407,54.688,45.8,1.44,CLEAR|STRAIGHT,,999.00,1.58,1.7,0.1,4214
131.10,-21.407,54.688,45.6,1.44,CLEAR|STRAIGHT,,999.00,1.58,2.6,0.1,4214
131.15,-21.045,54.961,45.5,3.27,CLEAR|STRAIGHT,,999.00,1.52,2.6,0.0,4230
131.20,-21.045,54.961,45.4,3.27,CLEAR|STRAIGHT,,999.00,1.52,3.1,0.5,4167
131.25,-21.045,54.961,45.3,3.27,CLEAR|STRAIGHT,,999.00,1.52,3.2,0.9,4121
131.30,-20.864,55.118,45.4,2.19,CLEAR|STRAIGHT,,999.00,1.52,3.2,1.2,4062
131.35,-20.678,55.247,45.4,2.37,CLEAR|STRAIGHT,,999.00,1.49,2.5,1.2,4033
131.40,-20.678,55.247,45.4,2.37,CLEAR|STRAIGHT,,999.00,1.49,2.0,1.2,4033
131.45,-20.497,55.387,45.3,2.26,CLEAR|STRAIGHT,,999.00,1.49,2.0,1.3,4062
131.50,-20.497,55.387,45.4,2.26,CLEAR|STRAIGHT,,999.00,1.49,2.7,1.2,4047
131.55,-20.497,55.387,45.5,2.26,CLEAR|STRAIGHT,,999.00,1.49,2.7,1.2,4033
131.60,-20.307,55.544,45.7,2.23,CLEAR|STRAIGHT,,999.00,1.52,2.6,1.1,4033
131.65,-20.122,55.684,45.8,2.54,CLEAR|STRAIGHT,,999.00,1.52,2.3,1.3,4018
131.70,-20.122,55.684,46.0,2.54,CLEAR|STRAIGHT,,999.00,1.52,2.3,1.3,4018
131.75,-20.122,55.684,46.1,2.54,CLEAR|STRAIGHT,,999.00,1.52,2.3,1.3,4033
131.80,-19.940,55.829,46.2,2.10,CLEAR|STRAIGHT,,999.00,1.52,2.2,1.3,4018
131.85,-19.742,55.969,46.2,2.64,CLEAR|STRAIGHT,,999.00,1.57,3.6,1.3,4033
131.90,-19.742,55.969,46.3,2.64,CLEAR|STRAIGHT,,999.00,1.58,2.4,1.3,4004
131.95,-19.569,56.121,46.4,2.29,CLEAR|STRAIGHT,,999.00,1.58,2.4,1.5,3990
132.00,-19.569,56.121,46.6,2.29,CLEAR|STRAIGHT,,999.00,1.58,3.4,1.7,3976
132.05,-19.386,56.273,46.8,2.37,CLEAR|STRAIGHT,,999.00,1.50,3.3,1.8,3934
132.10,-19.386,56.273,47.1,2.37,CLEAR|STRAIGHT,,999.00,1.50,2.7,1.8,3948
132.15,-19.386,56.273,47.1,2.37,CLEAR|STRAIGHT,,999.00,1.50,2.6,1.9,3934
132.20,-19.214,56.432,47.2,1.94,CLEAR|STRAIGHT,,999.00,1.50,2.5,1.9,3920
132.25,-19.214,56.432,47.3,1.94,CLEAR|STRAIGHT,,999.00,1.50,3.9,1.9,3934
132.30,-19.214,56.432,47.7,1.94,CLEAR|STRAIGHT,,999.00,1.50,3.8,1.9,3920
132.35,-18.869,56.730,47.8,2.51,CLEAR|STRAIGHT,,999.00,1.51,3.7,1.8,3920
132.40,-18.869,56.730,48.1,2.51,CLEAR|STRAIGHT,,999.00,1.51,2.5,1.9,3907
132.45,-18.869,56.730,48.3,2.51,CLEAR|STRAIGHT,,999.00,1.51,2.5,1.8,3907
132.50,-18.685,56.881,48.4,2.14,CLEAR|STRAIGHT,,999.00,1.56,2.4,1.8,3907
132.55,-18.484,57.039,48.5,2.80,CLEAR|STRAIGHT,,999.00,1.60,2.6,1.9,3920
132.60,-18.484,57.039,48.7,2.80,CLEAR|STRAIGHT,,999.00,1.60,2.2,1.9,3920
132.65,-18.484,57.039,48.9,2.80,CLEAR|STRAIGHT,,999.00,1.60,2.1,1.9,3907
132.70,-18.319,57.202,49.3,1.45,CLEAR|STRAIGHT,,999.00,1.60,2.0,1.9,3907
132.75,-18.319,57.202,49.3,1.45,CLEAR|STRAIGHT,,999.00,1.51,1.9,1.9,3907
132.80,-18.319,57.202,49.7,1.45,CLEAR|STRAIGHT,,999.00,1.51,3.7,1.9,3907
132.85,-17.972,57.527,49.8,3.37,CLEAR|STRAIGHT,,999.00,1.49,3.6,1.9,3907
132.90,-17.972,57.527,50.0,3.37,CLEAR|STRAIGHT,,999.00,1.49,3.5,1.9,3893
132.95,-17.972,57.527,50.0,3.37,CLEAR|STRAIGHT,,999.00,1.49,3.4,1.9,3907
133.00,-17.800,57.687,50.2,1.45,CLEAR|STRAIGHT,,999.00,1.49,3.4,2.0,3880
133.05,-17.800,57.687,50.3,1.45,CLEAR|STRAIGHT,,999.00,1.49,3.4,2.7,3801
133.10,-17.800,57.687,50.8,1.45,CLEAR|STRAIGHT,,999.00,1.49,4.1,3.0,3763
133.15,-17.800,57.687,50.9,1.45,CLEAR|STRAIGHT,,999.00,1.49,3.9,3.0,3751
133.20,-17.447,58.007,51.1,3.14,CLEAR|STRAIGHT,,999.00,1.54,3.8,3.0,3763
133.25,-17.447,58.007,51.4,3.14,CLEAR|STRAIGHT,,999.00,1.56,3.9,3.0,3738
133.30,-17.269,58.158,52.2,2.29,CLEAR|STRAIGHT,,999.00,1.47,3.7,3.0,3738
133.35,-17.269,58.158,52.4,2.29,CLEAR|STRAIGHT,,999.00,1.40,1.6,3.0,3738
133.40,-17.269,58.158,52.9,2.29,CLEAR|STRAIGHT,,999.00,1.40,1.4,3.0,3738
133.45,-16.918,58.490,53.2,2.51,CLEAR|STRAIGHT,,999.00,1.40,1.3,3.1,3738
133.50,-16.918,58.490,53.6,2.51,CLEAR|STRAIGHT,,999.00,1.40,1.8,3.0,3726
133.55,-16.753,58.668,53.8,2.41,CLEAR|STRAIGHT,,999.00,1.31,1.7,3.0,3751
133.60,-16.753,58.668,54.2,2.41,CLEAR|STRAIGHT,,999.00,1.22,1.2,2.6,3776
133.65,-16.595,58.852,54.3,2.42,CLEAR|STRAIGHT,,999.00,1.13,1.1,2.4,3801
133.70,-16.595,58.852,54.5,2.42,CLEAR|STRAIGHT,,999.00,1.12,0.7,2.4,3801
133.75,-16.426,59.020,54.7,2.61,CLEAR|STRAIGHT,,999.00,1.12,0.7,2.4,3814
133.80,-16.426,59.020,55.1,2.61,CLEAR|STRAIGHT,,999.00,1.12,0.7,2.4,3827
133.85,-16.261,59.212,55.2,2.28,CLEAR|STRAIGHT,,999.00,1.14,0.6,2.1,3853
133.90,-16.261,59.212,55.4,2.28,CLEAR|STRAIGHT,,999.00,1.14,0.5,2.0,3867
133.95,-16.261,59.212,55.5,2.28,CLEAR|STRAIGHT,,999.00,1.14,0.4,2.0,3867
134.00,-16.107,59.379,55.6,1.73,CLEAR|STRAIGHT,,999.00,1.14,0.4,2.0,3880
134.05,-16.107,59.379,55.6,1.73,CLEAR|STRAIGHT,,999.00,1.14,1.3,1.9,3893
134.10,-16.107,59.379,55.9,1.73,CLEAR|STRAIGHT,,999.00,1.14,1.3,1.9,3880
134.15,-15.797,59.738,56.2,2.77,CLEAR|STRAIGHT,,999.00,1.19,1.2,1.9,3880
134.20,-15.797,59.738,56.5,2.77,CLEAR|STRAIGHT,,999.00,1.24,-0.0,1.9,3893
134.25,-15.634,59.904,56.5,2.29,CLEAR|STRAIGHT,,999.00,1.24,-0.1,1.9,3893
134.30,-15.634,59.904,56.6,2.29,CLEAR|STRAIGHT,,999.00,1.24,0.6,1.9,3907
134.35,-15.488,60.072,56.7,2.21,CLEAR|STRAIGHT,,999.00,1.29,0.6,1.9,3880
134.40,-15.488,60.072,56.9,2.21,CLEAR|STRAIGHT,,999.00,1.34,0.2,1.9,3907
134.45,-15.351,60.253,56.9,2.26,CLEAR|STRAIGHT,,999.00,1.39,0.2,1.9,3907
134.50,-15.351,60.253,57.1,2.26,CLEAR|STRAIGHT,,999.00,1.43,0.2,1.8,3907
134.55,-15.198,60.434,57.2,2.35,CLEAR|STRAIGHT,,999.00,1.48,0.2,1.9,3907
134.60,-15.198,60.434,57.4,2.35,CLEAR|STRAIGHT,,999.00,1.53,-0.3,1.9,3907
134.65,-15.030,60.592,57.4,2.49,CLEAR|STRAIGHT,,999.00,1.53,-0.3,1.9,3920
134.70,-15.030,60.592,57.6,2.49,CLEAR|STRAIGHT,,999.00,1.53,-0.1,1.8,3907
134.75,-14.902,60.771,57.7,2.00,CLEAR|STRAIGHT,,999.00,1.44,-0.2,1.5,3948
134.80,-14.902,60.771,58.1,2.00,CLEAR|STRAIGHT,,999.00,1.40,-0.3,1.3,3976
134.85,-14.734,60.949,58.3,2.39,CLEAR|STRAIGHT,,999.00,1.40,-0.4,1.3,3990
134.90,-14.734,60.949,58.4,2.39,CLEAR|STRAIGHT,,999.00,1.40,-0.5,1.2,4004
134.95,-14.734,60.949,58.6,2.39,CLEAR|STRAIGHT,,999.00,1.40,-0.5,1.3,4004
135.00,-14.566,61.134,58.9,1.75,CLEAR|STRAIGHT,,999.00,1.40,-0.7,1.0,4033
135.05,-14.566,61.134,58.9,1.75,AVOID|RIGHT,-6.0,8.00,1.40,-0.8,0.8,4062
135.10,-14.566,61.134,58.8,1.75,AVOID|RIGHT,-6.0,8.00,1.40,-6.0,0.6,4092
135.15,-14.566,61.134,58.8,1.75,AVOID|RIGHT,-6.0,8.00,1.40,-6.0,0.5,4121
135.20,-14.259,61.541,59.0,2.98,BLOCKED|STOP,,3.12,1.31,0.4,-0.6,4230
135.25,-14.259,61.541,58.8,2.98,BLOCKED|STOP,,3.12,1.22,-1.2,-2.1,4378
135.30,-14.259,61.541,57.9,2.98,CLEAR|STRAIGHT,,999.00,1.27,-1.2,-2.4,4412
135.35,-14.259,61.541,57.2,2.98,CLEAR|STRAIGHT,,999.00,1.32,-1.1,-2.4,4447
135.40,-13.988,61.899,56.7,2.24,CLEAR|STRAIGHT,,999.00,1.35,-0.5,-2.3,4447
135.45,-13.988,61.899,56.5,2.24,CLEAR|STRAIGHT,,999.00,1.35,-0.3,-2.4,4465
135.50,-13.843,62.063,55.7,2.17,CLEAR|STRAIGHT,,999.00,1.31,0.0,-2.4,4483
135.55,-13.683,62.227,55.5,2.82,CLEAR|STRAIGHT,,999.00,1.31,-0.1,-2.5,4483
135.60,-13.683,62.227,55.3,2.82,CLEAR|STRAIGHT,,999.00,1.31,-0.1,-2.4,4483
135.65,-13.522,62.405,55.2,2.17,AVOID|LEFT,0.2,8.00,1.30,-0.0,-2.4,4483
135.70,-13.522,62.405,54.7,2.17,AVOID|LEFT,0.2,8.00,1.30,0.2,-2.3,4483
135.75,-13.522,62.405,54.5,2.17,AVOID|LEFT,0.6,8.00,1.30,0.2,-2.3,4465
135.80,-13.358,62.572,54.0,2.09,AVOID|LEFT,0.6,8.00,1.30,0.6,-1.4,4430
135.85,-13.206,62.729,53.9,2.41,AVOID|LEFT,0.6,8.00,1.34,0.6,-1.0,4361
135.90,-13.206,62.729,53.5,2.41,AVOID|LEFT,0.6,8.00,1.34,0.6,-1.1,4361
135.95,-13.206,62.729,53.3,2.41,AVOID|LEFT,0.8,8.00,1.34,0.6,-1.1,4361
136.00,-13.050,62.895,52.9,2.05,AVOID|LEFT,0.8,8.00,1.34,0.8,-0.8,4328
136.05,-13.050,62.895,52.9,2.05,AVOID|LEFT,1.8,8.00,1.34,0.8,-0.5,4295
136.10,-13.050,62.895,52.8,2.05,AVOID|LEFT,1.8,8.00,1.34,1.8,-0.5,4295
136.15,-13.050,62.895,52.6,2.05,AVOID|LEFT,8.4,8.00,1.34,1.8,-0.3,4262
136.20,-12.739,63.217,52.3,2.22,AVOID|LEFT,8.4,8.00,1.39,8.4,-0.3,4278
136.25,-12.739,63.217,52.1,2.22,AVOID|LEFT,8.8,8.00,1.44,8.4,-0.3,4262
136.30,-12.581,63.348,52.1,2.00,AVOID|LEFT,8.8,8.00,1.47,8.8,-0.3,4262
136.35,-12.581,63.348,52.2,2.00,AVOID|LEFT,9.4,8.00,1.47,8.8,2.6,3934
136.40,-12.581,63.348,52.8,2.00,AVOID|LEFT,9.4,8.00,1.47,9.4,2.6,3934
136.45,-12.284,63.658,53.1,2.24,AVOID|LEFT,10.4,8.00,1.52,9.4,4.5,3677
136.50,-12.284,63.658,54.2,2.24,AVOID|LEFT,10.4,8.00,1.54,10.4,7.9,3205
136.55,-12.137,63.806,55.1,2.06,AVOID|LEFT,9.6,8.00,1.51,10.4,7.9,3205
136.60,-12.137,63.806,56.6,2.06,AVOID|LEFT,9.6,8.00,1.51,9.6,8.2,3125
136.65,-12.137,63.806,57.4,2.06,AVOID|LEFT,11.2,8.00,1.51,9.6,8.4,3066
136.70,-12.024,63.935,58.3,1.54,AVOID|LEFT,11.2,8.00,1.51,11.2,8.4,3041
136.75,-11.901,64.093,59.0,2.21,AVOID|LEFT,2.4,8.00,1.42,11.2,8.4,3025
136.80,-11.901,64.093,59.9,2.21,AVOID|LEFT,2.4,8.00,1.35,2.4,8.4,2984
136.85,-11.901,64.093,61.0,2.21,AVOID|LEFT,6.8,8.00,1.35,2.4,8.4,2984
136.90,-11.791,64.269,62.2,1.88,AVOID|LEFT,6.8,8.00,1.35,6.8,8.9,2945
136.95,-11.791,64.269,63.0,1.88,AVOID|LEFT,-0.2,8.00,1.35,-0.2,7.5,3049
137.00,-11.667,64.459,64.3,1.50,AVOID|LEFT,-0.2,8.00,1.35,-0.2,7.5,3049
137.05,-11.667,64.459,64.9,1.50,AVOID|STRAIGHT,-3.0,8.00,1.35,-0.2,6.7,3143
137.10,-11.667,64.459,65.6,1.50,AVOID|STRAIGHT,-3.0,8.00,1.35,-3.0,5.6,3261
137.15,-11.485,64.780,66.0,2.63,AVOID|STRAIGHT,-1.0,8.00,1.26,-3.0,4.1,3430
137.20,-11.485,64.780,66.4,2.63,AVOID|STRAIGHT,-1.0,8.00,1.19,-1.0,2.7,3618
137.25,-11.485,64.780,66.7,2.63,AVOID|STRAIGHT,-3.0,8.00,1.19,-1.0,0.4,3990
137.30,-11.388,64.951,66.6,1.77,AVOID|STRAIGHT,-3.0,8.00,1.10,-3.0,0.4,3990
137.35,-11.279,65.118,66.5,2.47,AVOID|STRAIGHT,-4.4,8.00,1.06,-3.0,0.2,4047
137.40,-11.279,65.118,66.6,2.47,AVOID|STRAIGHT,-4.4,8.00,1.06,-4.4,0.3,4077
137.45,-11.169,65.300,66.6,1.92,AVOID|RIGHT,-5.4,8.00,1.06,-4.4,-0.3,4167
137.50,-11.169,65.300,66.3,1.92,AVOID|RIGHT,-5.4,8.00,1.06,-5.4,-0.5,4198
137.55,-11.067,65.460,66.0,1.87,AVOID|RIGHT,-5.4,8.00,1.11,-5.4,-0.8,4230
137.60,-11.067,65.460,65.8,1.87,AVOID|RIGHT,-5.4,8.00,1.16,-5.4,-1.2,4295
137.65,-10.961,65.617,65.7,1.87,AVOID|RIGHT,0.6,8.00,1.21,-5.4,-1.6,4328
137.70,-10.961,65.617,65.3,1.87,AVOID|RIGHT,0.6,8.00,1.26,0.6,-2.0,4395
137.75,-10.868,65.779,65.1,1.87,AVOID|LEFT,5.0,8.00,1.31,0.6,-1.9,4395
137.80,-10.868,65.779,64.7,1.87,AVOID|LEFT,5.0,8.00,1.35,5.0,-2.0,4412
137.85,-10.753,65.946,64.5,2.00,AVOID|LEFT,5.0,8.00,1.26,5.0,-2.0,4430
137.90,-10.753,65.946,64.1,2.00,AVOID|LEFT,5.0,8.00,1.17,5.0,-0.9,4344
137.95,-10.753,65.946,64.1,2.00,AVOID|RIGHT,2.8,8.00,1.08,5.0,0.4,4214
138.00,-10.635,66.093,64.1,1.67,AVOID|RIGHT,2.8,8.00,0.99,2.8,2.3,3976
138.05,-10.635,66.093,64.2,1.67,AVOID|RIGHT,0.0,8.00,0.90,0.0,3.2,3827
138.10,-10.635,66.093,64.8,1.67,AVOID|RIGHT,0.0,8.00,0.81,0.0,3.4,3763
138.15,-10.433,66.412,65.0,1.97,AVOID|RIGHT,0.0,8.00,0.72,0.0,3.3,3738
138.20,-10.433,66.412,65.4,1.97,AVOID|RIGHT,0.0,8.00,0.63,0.0,3.3,3713
138.25,-10.333,66.571,65.4,2.07,AVOID|RIGHT,0.0,8.00,0.54,0.0,2.2,3827
138.30,-10.333,66.571,65.4,2.07,AVOID|RIGHT,0.0,8.00,0.45,0.0,1.6,3920
138.35,-10.226,66.728,65.4,1.70,AVOID|RIGHT,0.0,8.00,0.36,0.0,1.6,3934
138.40,-10.226,66.728,65.5,1.70,AVOID|RIGHT,0.0,8.00,0.27,0.0,1.6,3948
138.45,-10.132,66.899,65.5,1.95,AVOID|RIGHT,0.0,8.00,0.18,0.0,1.4,3962
138.50,-10.132,66.899,65.6,1.95,AVOID|RIGHT,0.0,8.00,0.09,0.0,1.5,3962
138.55,-10.022,67.063,65.7,1.94,AVOID|RIGHT,0.0,8.00,0.00,0.0,1.4,3976
138.60,-10.022,67.063,65.7,1.94,AVOID|RIGHT,0.0,8.00,0.00,0.0,1.4,3976
138.65,-9.919,67.212,65.8,1.78,AVOID|RIGHT,0.0,8.00,0.00,0.0,1.4,3976
138.70,-9.919,67.212,66.0,1.78,AVOID|RIGHT,0.0,8.00,0.00,0.0,1.4,3990
138.75,-9.919,67.212,66.2,1.78,AVOID|STRAIGHT,0.0,8.00,0.00,0.0,1.4,3976
138.80,-9.813,67.375,66.3,1.20,AVOID|STRAIGHT,0.0,8.00,0.00,0.0,1.3,3976
138.85,-9.813,67.375,66.3,1.20,AVOID|STRAIGHT,0.0,8.00,0.00,0.0,1.4,3990
138.90,-9.813,67.375,66.2,1.20,AVOID|STRAIGHT,0.0,8.00,0.00,0.0,1.4,3976
138.95,-9.813,67.375,66.2,1.20,AVOID|RIGHT,0.0,8.00,0.00,0.0,1.3,4004
139.00,-9.608,67.669,66.4,1.76,AVOID|RIGHT,0.0,8.00,0.00,0.0,1.2,4018
139.05,-9.608,67.669,66.4,1.76,AVOID|RIGHT,0.0,8.00,0.00,0.0,1.1,4018
139.10,-9.608,67.669,66.5,1.76,AVOID|RIGHT,0.0,8.00,0.00,0.0,1.1,4018
139.15,-9.438,67.934,66.5,2.22,AVOID|RIGHT,0.0,8.00,0.00,0.0,1.2,4033
139.20,-9.438,67.934,66.5,2.22,AVOID|RIGHT,0.0,8.00,0.00,0.0,1.1,4033
139.25,-9.361,68.069,66.5,1.54,AVOID|RIGHT,0.0,8.00,0.00,0.0,1.2,4018
139.30,-9.361,68.069,66.7,1.54,AVOID|RIGHT,0.0,8.00,0.00,0.0,1.2,4033
139.35,-9.294,68.188,66.9,1.36,AVOID|RIGHT,0.0,8.00,0.00,0.0,1.0,4047
139.40,-9.294,68.188,66.9,1.36,AVOID|RIGHT,0.0,8.00,0.00,0.0,1.0,4062
139.45,-9.209,68.307,66.9,1.42,AVOID|STRAIGHT,0.0,8.00,0.00,0.0,0.9,4062
139.50,-9.209,68.307,66.9,1.42,AVOID|STRAIGHT,0.0,8.00,0.00,0.0,0.9,4062
139.55,-9.146,68.419,66.8,1.28,AVOID|STRAIGHT,0.0,8.00,0.00,0.0,0.9,4077
139.60,-9.146,68.419,66.9,1.28,AVOID|STRAIGHT,0.0,8.00,0.00,0.0,1.0,4062
139.65,-9.146,68.419,66.9,1.28,AVOID|STRAIGHT,0.0,8.00,0.00,0.0,1.0,4077
139.70,-9.085,68.527,66.8,1.12,AVOID|STRAIGHT,0.0,8.00,0.00,0.0,0.9,4077
139.75,-9.036,68.637,66.9,1.34,AVOID|STRAIGHT,0.0,8.00,0.00,0.0,0.9,4062
139.80,-9.036,68.637,66.8,1.34,AVOID|STRAIGHT,0.0,8.00,0.00,0.0,0.9,4077
139.85,-9.036,68.637,66.7,1.34,AVOID|STRAIGHT,0.0,8.00,0.00,0.0,0.9,4062
139.90,-8.970,68.727,66.7,0.99,AVOID|STRAIGHT,0.0,8.00,0.00,0.0,0.9,4062
139.95,-8.970,68.727,66.8,0.99,AVOID|STRAIGHT,0.0,8.00,0.00,0.0,1.0,4062
140.00,-8.970,68.727,66.8,0.99,AVOID|STRAIGHT,0.0,8.00,0.00,0.0,0.9,4077
140.05,-8.850,68.903,66.8,1.10,AVOID|STRAIGHT,0.0,8.00,0.00,0.0,0.9,4062
140.10,-8.850,68.903,66.9,1.10,AVOID|STRAIGHT,0.0,8.00,0.00,0.0,0.9,4062
140.15,-8.811,68.975,66.8,0.81,AVOID|STRAIGHT,0.0,8.00,0.00,0.0,0.9,4062
140.20,-8.811,68.975,66.9,0.81,AVOID|STRAIGHT,0.0,8.00,0.00,0.0,1.0,4077
140.25,-8.811,68.975,67.0,0.81,AVOID|STRAIGHT,0.0,8.00,0.00,0.0,1.0,4062
140.30,-8.764,69.046,66.9,0.65,AVOID|STRAIGHT,0.0,8.00,0.00,0.0,0.9,4062
140.35,-8.764,69.046,67.0,0.65,AVOID|STRAIGHT,0.0,8.00,0.00,0.0,0.9,4062
140.40,-8.764,69.046,67.0,0.65,AVOID|STRAIGHT,0.0,8.00,0.00,0.0,1.0,4062
140.45,-8.764,69.046,67.0,0.65,AVOID|STRAIGHT,0.0,8.00,0.00,0.0,1.0,4062
140.50,-8.692,69.144,67.1,0.66,AVOID|STRAIGHT,0.0,8.00,0.00,0.0,0.9,4062
140.55,-8.676,69.188,67.1,0.52,AVOID|STRAIGHT,0.0,8.00,0.00,0.0,1.0,4077
140.60,-8.676,69.188,67.0,0.52,AVOID|STRAIGHT,0.0,8.00,0.00,0.0,0.9,4077
140.65,-8.650,69.220,67.1,0.39,AVOID|STRAIGHT,0.0,8.00,0.00,0.0,0.9,4062
140.70,-8.650,69.220,67.1,0.39,AVOID|STRAIGHT,0.0,8.00,0.00,0.0,1.0,4077
140.75,-8.650,69.220,67.1,0.39,AVOID|STRAIGHT,0.0,8.00,0.00,0.0,1.0,4077
140.80,-8.633,69.253,67.1,0.33,AVOID|STRAIGHT,0.0,8.00,0.00,0.0,1.0,4062
140.85,-8.624,69.279,67.1,0.31,AVOID|STRAIGHT,0.0,8.00,0.00,0.0,1.0,4077
140.90,-8.624,69.279,67.1,0.31,AVOID|STRAIGHT,0.0,8.00,0.00,0.0,0.9,4077
140.95,-8.624,69.279,67.1,0.31,AVOID|STRAIGHT,0.0,8.00,0.00,0.0,0.9,4077
141.00,-8.614,69.289,67.1,0.09,AVOID|STRAIGHT,0.0,8.00,0.00,0.0,0.9,4062
141.05,-8.614,69.289,67.1,0.09,AVOID|STRAIGHT,0.0,8.00,0.00,0.0,1.0,4062
141.10,-8.614,69.289,67.1,0.09,AVOID|STRAIGHT,0.0,8.00,0.00,0.0,1.0,4062
141.15,-8.606,69.306,67.1,0.12,AVOID|STRAIGHT,0.0,8.00,0.00,0.0,1.0,4062
141.20,-8.606,69.306,67.1,0.12,AVOID|STRAIGHT,0.0,8.00,0.00,0.0,0.9,4062
141.25,-8.605,69.311,67.1,0.05,AVOID|STRAIGHT,0.0,8.00,0.00,0.0,1.0,4077
141.30,-8.605,69.311,67.1,0.05,AVOID|STRAIGHT,0.0,8.00,0.00,0.0,0.9,4077
141.35,-8.610,69.306,67.1,-0.06,AVOID|STRAIGHT,0.0,8.00,0.00,0.0,1.0,4077
141.40,-8.610,69.306,67.1,-0.06,AVOID|STRAIGHT,0.0,8.00,0.00,0.0,1.0,4062
141.45,-8.606,69.303,67.1,-0.01,AVOID|STRAIGHT,0.0,8.00,0.00,0.0,1.0,4062
141.50,-8.606,69.303,67.1,-0.01,AVOID|STRAIGHT,0.0,8.00,0.00,0.0,0.9,4062
141.55,-8.609,69.299,67.1,-0.05,AVOID|STRAIGHT,0.0,8.00,0.00,0.0,1.0,4062
141.60,-8.609,69.299,67.1,-0.05,AVOID|STRAIGHT,0.0,8.00,0.00,0.0,1.0,4077
141.65,-8.608,69.294,67.1,-0.04,AVOID|STRAIGHT,0.0,8.00,0.00,0.0,0.9,4062
141.70,-8.608,69.294,67.1,-0.04,AVOID|STRAIGHT,0.0,8.00,0.00,0.0,0.9,4062
141.75,-8.610,69.298,67.1,0.04,AVOID|STRAIGHT,0.0,8.00,0.00,0.0,0.9,4077
141.80,-8.610,69.298,67.1,0.04,AVOID|STRAIGHT,0.0,8.00,0.00,0.0,1.0,4077
141.85,-8.607,69.297,67.1,-0.01,AVOID|STRAIGHT,0.0,8.00,0.00,0.0,1.0,4077
141.90,-8.607,69.297,67.1,-0.01,AVOID|STRAIGHT,0.0,8.00,0.00,0.0,0.9,4062
141.95,-8.607,69.297,67.1,-0.01,AVOID|STRAIGHT,0.0,8.00,0.00,0.0,0.9,4062
142.00,-8.607,69.298,67.1,0.01,AVOID|STRAIGHT,0.0,8.00,0.00,0.0,1.0,4077
142.05,-8.607,69.298,67.1,0.01,AVOID|STRAIGHT,0.0,8.00,0.00,0.0,0.9,4062
142.10,-8.607,69.298,67.1,0.01,AVOID|STRAIGHT,0.0,8.00,0.00,0.0,0.9,4077
142.15,-8.608,69.303,67.1,0.02,AVOID|STRAIGHT,0.0,8.00,0.00,0.0,0.9,4077
142.20,-8.608,69.303,67.1,0.02,AVOID|STRAIGHT,0.0,8.00,0.00,0.0,1.0,4047
142.25,-8.608,69.300,67.1,-0.02,AVOID|STRAIGHT,0.0,8.00,0.00,0.0,0.9,4077
142.30,-8.608,69.300,67.1,-0.02,AVOID|STRAIGHT,0.0,8.00,0.00,0.0,1.0,4077
142.35,-8.608,69.302,67.1,0.02,AVOID|STRAIGHT,0.0,8.00,0.00,0.0,0.9,4062
142.40,-8.608,69.302,67.1,0.02,AVOID|STRAIGHT,0.0,8.00,0.00,0.0,1.0,4047
142.45,-8.609,69.304,67.1,0.01,AVOID|STRAIGHT,0.0,8.00,0.00,0.0,0.9,4077
142.50,-8.609,69.304,67.2,0.01,AVOID|STRAIGHT,0.0,8.00,0.00,0.0,0.9,4062
142.55,-8.609,69.304,67.2,0.00,AVOID|STRAIGHT,0.0,8.00,0.00,0.0,0.9,4077
142.60,-8.609,69.304,67.2,0.00,AVOID|STRAIGHT,0.0,8.00,0.00,0.0,0.9,4077
142.65,-8.606,69.303,67.2,-0.00,AVOID|STRAIGHT,0.0,8.00,0.00,0.0,0.9,4077
142.70,-8.606,69.303,67.2,-0.00,AVOID|STRAIGHT,0.0,8.00,0.00,0.0,1.0,4077
142.75,-8.609,69.305,67.2,0.01,AVOID|STRAIGHT,0.0,8.00,0.00,0.0,0.9,4062
142.80,-8.609,69.305,67.3,0.01,AVOID|STRAIGHT,0.0,8.00,0.00,0.0,0.9,4077
142.85,-8.610,69.305,67.3,0.00,AVOID|STRAIGHT,0.0,8.00,0.00,0.0,0.9,4077
142.90,-8.610,69.305,67.3,0.00,AVOID|STRAIGHT,0.0,8.00,0.00,0.0,1.0,4062
142.95,-8.610,69.305,67.3,0.00,AVOID|STRAIGHT,0.0,8.00,0.00,0.0,1.0,4062
143.00,-8.609,69.304,67.3,-0.01,AVOID|STRAIGHT,0.0,8.00,0.00,0.0,1.0,4062
143.05,-8.609,69.304,67.3,-0.01,AVOID|STRAIGHT,0.0,8.00,0.00,0.0,1.0,4062
143.10,-8.609,69.304,67.3,-0.01,AVOID|STRAIGHT,0.0,8.00,0.00,0.0,0.9,4077
143.15,-8.608,69.301,67.3,-0.02,AVOID|STRAIGHT,0.0,8.00,0.00,0.0,0.9,4062
143.20,-8.608,69.301,67.3,-0.02,AVOID|STRAIGHT,0.0,8.00,0.00,0.0,0.9,4062
143.25,-8.612,69.302,67.3,-0.00,AVOID|STRAIGHT,0.0,8.00,0.00,0.0,1.0,4062
143.30,-8.612,69.302,67.3,-0.00,AVOID|STRAIGHT,0.0,8.00,0.00,0.0,1.0,4077
143.35,-8.608,69.300,67.3,-0.01,AVOID|STRAIGHT,0.0,8.00,0.00,0.0,1.0,4062
143.40,-8.608,69.300,67.3,-0.01,AVOID|STRAIGHT,0.0,8.00,0.00,0.0,1.0,4062
143.45,-8.611,69.300,67.3,-0.01,AVOID|STRAIGHT,0.0,8.00,0.00,0.0,1.0,4077
143.50,-8.611,69.300,67.3,-0.01,AVOID|STRAIGHT,0.0,8.00,0.00,0.0,1.0,4077
143.55,-8.609,69.300,67.3,0.00,AVOID|STRAIGHT,0.0,8.00,0.00,0.0,0.9,4077
143.60,-8.609,69.300,67.3,0.00,AVOID|STRAIGHT,0.0,8.00,0.00,0.0,0.9,4077
143.65,-8.610,69.300,67.3,0.00,AVOID|STRAIGHT,0.0,8.00,0.00,0.0,0.9,4062
143.70,-8.610,69.300,67.3,0.00,AVOID|STRAIGHT,0.0,8.00,0.00,0.0,1.0,4077
143.75,-8.610,69.301,67.3,0.01,AVOID|STRAIGHT,0.0,8.00,0.00,0.0,1.0,4062
143.80,-8.610,69.301,67.4,0.01,AVOID|STRAIGHT,0.0,8.00,0.00,0.0,1.0,4062
143.85,-8.613,69.303,67.4,0.00,AVOID|STRAIGHT,0.0,8.00,0.00,0.0,1.0,4062
143.90,-8.613,69.303,67.4,0.00,AVOID|STRAIGHT,0.0,8.00,0.00,0.0,0.9,4062
143.95,-8.613,69.303,67.4,0.00,AVOID|STRAIGHT,0.0,8.00,0.00,0.0,0.9,4062
144.00,-8.613,69.305,67.4,0.02,AVOID|STRAIGHT,0.0,8.00,0.00,0.0,1.0,4077
144.05,-8.611,69.303,67.4,-0.01,AVOID|STRAIGHT,0.0,8.00,0.00,0.0,1.0,4062
144.10,-8.611,69.303,67.4,-0.01,AVOID|STRAIGHT,0.0,8.00,0.00,0.0,0.9,4077
144.15,-8.611,69.303,67.4,-0.01,AVOID|STRAIGHT,0.0,8.00,0.00,0.0,1.0,4062
144.20,-8.611,69.303,67.4,0.00,AVOID|STRAIGHT,0.0,8.00,0.00,0.0,0.9,4062
144.25,-8.609,69.304,67.4,0.02,AVOID|STRAIGHT,0.0,8.00,0.00,0.0,1.0,4062
144.30,-8.609,69.304,67.4,0.02,AVOID|STRAIGHT,0.0,8.00,0.00,0.0,1.0,4077
144.35,-8.610,69.306,67.4,0.01,AVOID|STRAIGHT,0.0,8.00,0.00,0.0,1.0,4062
144.40,-8.610,69.306,67.4,0.01,AVOID|STRAIGHT,0.0,8.00,0.00,0.0,0.9,4062
144.45,-8.612,69.305,67.4,-0.01,AVOID|STRAIGHT,0.0,8.00,0.00,0.0,1.0,4077
144.50,-8.612,69.305,67.4,-0.01,AVOID|STRAIGHT,0.0,8.00,0.00,0.0,0.9,4062
144.55,-8.610,69.305,67.4,0.01,AVOID|STRAIGHT,0.0,8.00,0.00,0.0,1.0,4062
144.60,-8.610,69.305,67.4,0.01,AVOID|STRAIGHT,0.0,8.00,0.00,0.0,0.9,4062
144.65,-8.611,69.305,67.4,-0.01,AVOID|STRAIGHT,0.0,8.00,0.00,0.0,1.0,4077
144.70,-8.611,69.305,67.4,-0.01,AVOID|STRAIGHT,0.0,8.00,0.00,0.0,0.9,4062
144.75,-8.609,69.305,67.5,0.01,AVOID|STRAIGHT,0.0,8.00,0.00,0.0,0.9,4062
144.80,-8.609,69.305,67.5,0.01,AVOID|STRAIGHT,0.0,8.00,0.00,0.0,0.9,4062
144.85,-8.611,69.306,67.5,0.00,AVOID|STRAIGHT,0.0,8.00,0.00,0.0,1.0,4062
144.90,-8.611,69.306,67.5,0.00,AVOID|STRAIGHT,0.0,8.00,0.00,0.0,0.9,4062
144.95,-8.611,69.306,67.5,0.00,AVOID|STRAIGHT,0.0,8.00,0.00,0.0,0.9,4062
145.00,-8.613,69.307,67.5,0.00,AVOID|STRAIGHT,0.0,8.00,0.00,0.0,0.9,4062
145.05,-8.613,69.307,67.5,0.00,AVOID|STRAIGHT,0.0,8.00,0.00,0.0,0.9,4077
145.10,-8.613,69.307,67.5,0.00,AVOID|STRAIGHT,0.0,8.00,0.00,0.0,0.9,4062
145.15,-8.613,69.307,67.5,0.00,AVOID|STRAIGHT,0.0,8.00,0.00,0.0,1.0,4077
145.20,-8.612,69.309,67.5,0.01,AVOID|STRAIGHT,0.0,8.00,0.00,0.0,1.0,4062
145.25,-8.612,69.309,67.5,0.01,AVOID|STRAIGHT,0.0,8.00,0.00,0.0,1.0,4062
145.30,-8.610,69.307,67.5,-0.01,AVOID|STRAIGHT,0.0,8.00,0.00,0.0,0.9,4062
145.35,-8.610,69.307,67.5,-0.01,AVOID|STRAIGHT,0.0,8.00,0.00,0.0,0.9,4077
145.40,-8.613,69.306,67.5,-0.02,AVOID|STRAIGHT,0.0,8.00,0.00,0.0,1.0,4062
145.45,-8.615,69.307,67.5,-0.00,AVOID|STRAIGHT,0.0,8.00,0.00,0.0,0.9,4062
145.50,-8.615,69.307,67.5,-0.00,AVOID|STRAIGHT,0.0,8.00,0.00,0.0,0.9,4077
145.55,-8.615,69.307,67.5,-0.00,AVOID|STRAIGHT,0.0,8.00,0.00,0.0,1.0,4062
145.60,-8.613,69.306,67.5,0.00,AVOID|STRAIGHT,0.0,8.00,0.00,0.0,0.9,4062
145.65,-8.613,69.306,67.5,0.00,AVOID|STRAIGHT,0.0,8.00,0.00,0.0,1.0,4077
145.70,-8.614,69.307,67.5,0.00,AVOID|STRAIGHT,0.0,8.00,0.00,0.0,1.0,4062
145.75,-8.614,69.307,67.5,0.00,AVOID|STRAIGHT,0.0,8.00,0.00,0.0,0.9,4077
145.80,-8.614,69.307,67.6,0.00,AVOID|STRAIGHT,0.0,8.00,0.00,0.0,0.9,4062
145.85,-8.614,69.307,67.5,0.00,AVOID|STRAIGHT,0.0,8.00,0.00,0.0,1.0,4077
145.90,-8.611,69.305,67.6,0.00,AVOID|STRAIGHT,0.0,8.00,0.00,0.0,1.0,4047
145.95,-8.611,69.305,67.6,0.00,AVOID|STRAIGHT,0.0,8.00,0.00,0.0,1.0,4077
146.00,-8.611,69.305,67.6,0.00,AVOID|STRAIGHT,0.0,8.00,0.00,0.0,0.9,4062
146.05,-8.611,69.305,67.6,0.00,AVOID|STRAIGHT,0.0,8.00,0.00,0.0,0.9,4062
146.10,-8.614,69.304,67.6,-0.01,AVOID|STRAIGHT,0.0,8.00,0.00,0.0,0.9,4062
146.15,-8.614,69.304,67.6,-0.01,AVOID|STRAIGHT,0.0,8.00,0.00,0.0,1.0,4062
146.20,-8.614,69.304,67.6,-0.01,AVOID|STRAIGHT,0.0,8.00,0.00,0.0,0.9,4077
146.25,-8.614,69.304,67.6,-0.01,AVOID|STRAIGHT,0.0,8.00,0.00,0.0,0.9,4062
146.30,-8.608,69.302,67.6,0.00,AVOID|STRAIGHT,0.0,8.00,0.00,0.0,1.0,4062
146.35,-8.608,69.301,67.6,-0.01,AVOID|STRAIGHT,0.0,8.00,0.00,0.0,1.0,4062
146.40,-8.608,69.301,67.6,-0.01,AVOID|STRAIGHT,0.0,8.00,0.00,0.0,0.9,4077
146.45,-8.608,69.303,67.6,0.01,AVOID|STRAIGHT,0.0,8.00,0.00,0.0,1.0,4062
146.50,-8.608,69.303,67.6,0.01,AVOID|STRAIGHT,0.0,8.00,0.00,0.0,1.0,4077
146.55,-8.609,69.302,67.6,-0.01,AVOID|STRAIGHT,0.0,8.00,0.00,0.0,1.0,4077
146.60,-8.609,69.302,67.6,-0.01,AVOID|STRAIGHT,0.0,8.00,0.00,0.0,0.9,4077
146.65,-8.609,69.302,67.6,-0.01,AVOID|STRAIGHT,0.0,8.00,0.00,0.0,1.0,4062
146.70,-8.609,69.303,67.6,0.02,AVOID|STRAIGHT,0.0,8.00,0.00,0.0,0.9,4077
146.75,-8.606,69.300,67.6,-0.02,AVOID|STRAIGHT,0.0,8.00,0.00,0.0,0.9,4092
146.80,-8.606,69.300,67.6,-0.02,AVOID|STRAIGHT,0.0,8.00,0.00,0.0,1.0,4062
146.85,-8.606,69.300,67.6,-0.02,AVOID|STRAIGHT,0.0,8.00,0.00,0.0,1.0,4077
146.90,-8.607,69.300,67.6,-0.00,AVOID|STRAIGHT,0.0,8.00,0.00,0.0,0.9,4077
146.95,-8.607,69.300,67.6,-0.00,AVOID|STRAIGHT,0.0,8.00,0.00,0.0,0.9,4077
147.00,-8.608,69.301,67.6,0.00,AVOID|STRAIGHT,0.0,8.00,0.00,0.0,0.9,4077
147.05,-8.608,69.301,67.6,0.00,AVOID|STRAIGHT,0.0,8.00,0.00,0.0,0.9,4077
147.10,-8.608,69.301,67.6,0.00,AVOID|STRAIGHT,0.0,8.00,0.00,0.0,0.9,4062
147.15,-8.607,69.299,67.6,-0.01,AVOID|STRAIGHT,0.0,8.00,0.00,0.0,0.9,4077
147.20,-8.607,69.299,67.6,-0.01,AVOID|STRAIGHT,0.0,8.00,0.00,0.0,1.0,4062
147.25,-8.606,69.300,67.6,0.01,AVOID|STRAIGHT,0.0,8.00,0.00,0.0,0.9,4062
147.30,-8.606,69.300,67.7,0.01,AVOID|STRAIGHT,0.0,8.00,0.00,0.0,1.0,4062
147.35,-8.606,69.300,67.6,0.01,AVOID|STRAIGHT,0.0,8.00,0.00,0.0,0.9,4077
147.40,-8.609,69.303,67.7,0.01,AVOID|STRAIGHT,0.0,8.00,0.00,0.0,1.0,4062
147.45,-8.611,69.304,67.7,-0.00,AVOID|STRAIGHT,0.0,8.00,0.00,0.0,0.9,4077
147.50,-8.611,69.304,67.7,-0.00,AVOID|STRAIGHT,0.0,8.00,0.00,0.0,1.0,4062
147.55,-8.611,69.304,67.7,0.01,AVOID|STRAIGHT,0.0,8.00,0.00,0.0,1.0,4077
147.60,-8.611,69.304,67.7,0.01,AVOID|STRAIGHT,0.0,8.00,0.00,0.0,1.0,4062
147.65,-8.611,69.304,67.7,0.01,AVOID|STRAIGHT,0.0,8.00,0.00,0.0,0.9,4077
147.70,-8.611,69.304,67.7,-0.00,AVOID|STRAIGHT,0.0,8.00,0.00,0.0,1.0,4077
147.75,-8.611,69.304,67.7,-0.00,AVOID|STRAIGHT,0.0,8.00,0.00,0.0,1.0,4062
147.80,-8.609,69.303,67.7,0.00,AVOID|STRAIGHT,0.0,8.00,0.00,0.0,0.9,4077
147.85,-8.609,69.303,67.7,0.00,AVOID|STRAIGHT,0.0,8.00,0.00,0.0,0.9,4062
147.90,-8.609,69.303,67.7,0.00,AVOID|STRAIGHT,0.0,8.00,0.00,0.0,1.0,4062
147.95,-8.609,69.303,67.7,0.00,AVOID|STRAIGHT,0.0,8.00,0.00,0.0,0.9,4062
148.00,-8.612,69.304,67.7,-0.00,AVOID|STRAIGHT,0.0,8.00,0.00,0.0,1.0,4077
148.05,-8.612,69.304,67.7,-0.00,AVOID|STRAIGHT,0.0,8.00,0.00,0.0,1.0,4062
148.10,-8.612,69.304,67.7,-0.00,AVOID|STRAIGHT,0.0,8.00,0.00,0.0,0.9,4062
148.15,-8.610,69.304,67.7,0.00,AVOID|STRAIGHT,0.0,8.00,0.00,0.0,0.9,4062
148.20,-8.610,69.304,67.7,0.00,AVOID|STRAIGHT,0.0,8.00,0.00,0.0,0.9,4062
148.25,-8.610,69.304,67.7,0.00,AVOID|STRAIGHT,0.0,8.00,0.00,0.0,1.0,4062
148.30,-8.610,69.305,67.7,0.01,AVOID|STRAIGHT,0.0,8.00,0.00,0.0,1.0,4077
148.35,-8.610,69.305,67.7,0.01,AVOID|STRAIGHT,0.0,8.00,0.00,0.0,1.0,4062
148.40,-8.610,69.306,67.7,0.01,AVOID|STRAIGHT,0.0,8.00,0.00,0.0,0.9,4062
148.45,-8.610,69.306,67.7,0.01,AVOID|STRAIGHT,0.0,8.00,0.00,0.0,1.0,4077
148.50,-8.609,69.304,67.7,-0.01,AVOID|STRAIGHT,0.0,8.00,0.00,0.0,1.0,4077
148.55,-8.609,69.304,67.7,-0.01,AVOID|STRAIGHT,0.0,8.00,0.00,0.0,1.0,4062
148.60,-8.609,69.304,67.7,-0.01,AVOID|STRAIGHT,0.0,8.00,0.00,0.0,0.9,4062
148.65,-8.609,69.304,67.7,-0.01,AVOID|STRAIGHT,0.0,8.00,0.00,0.0,1.0,4062
148.70,-8.610,69.305,67.7,0.00,AVOID|STRAIGHT,0.0,8.00,0.00,0.0,0.9,4062
148.75,-8.610,69.305,67.7,0.00,AVOID|STRAIGHT,0.0,8.00,0.00,0.0,0.9,4062
148.80,-8.610,69.305,67.7,0.00,AVOID|STRAIGHT,0.0,8.00,0.00,0.0,0.9,4062
148.85,-8.610,69.305,67.7,0.00,AVOID|STRAIGHT,0.0,8.00,0.00,0.0,1.0,4062
148.90,-8.613,69.306,67.7,0.00,AVOID|STRAIGHT,0.0,8.00,0.00,0.0,0.9,4077
148.95,-8.613,69.306,67.7,0.00,AVOID|STRAIGHT,0.0,8.00,0.00,0.0,0.9,4062
149.00,-8.613,69.306,67.8,0.00,AVOID|STRAIGHT,0.0,8.00,0.00,0.0,0.9,4077
149.05,-8.613,69.306,67.8,0.00,AVOID|STRAIGHT,0.0,8.00,0.00,0.0,0.9,4077
149.10,-8.612,69.307,67.8,0.00,AVOID|STRAIGHT,0.0,8.00,0.00,0.0,1.0,4062
149.15,-8.612,69.307,67.8,0.00,AVOID|STRAIGHT,0.0,8.00,0.00,0.0,1.0,4062
149.20,-8.612,69.307,67.8,0.00,AVOID|STRAIGHT,0.0,8.00,0.00,0.0,1.0,4077
149.25,-8.612,69.307,67.8,0.00,AVOID|STRAIGHT,0.0,8.00,0.00,0.0,1.0,4062
149.30,-8.610,69.306,67.8,-0.00,AVOID|STRAIGHT,0.0,8.00,0.00,0.0,1.0,4077
149.35,-8.610,69.306,67.8,-0.00,AVOID|STRAIGHT,0.0,8.00,0.00,0.0,0.9,4062
149.40,-8.610,69.306,67.8,-0.00,AVOID|STRAIGHT,0.0,8.00,0.00,0.0,1.0,4062
149.45,-8.610,69.306,67.8,-0.00,AVOID|STRAIGHT,0.0,8.00,0.00,0.0,0.9,4077
149.50,-8.615,69.305,67.8,-0.01,AVOID|STRAIGHT,0.0,8.00,0.00,0.0,0.9,4077
149.55,-8.615,69.305,67.8,-0.01,AVOID|STRAIGHT,0.0,8.00,0.00,0.0,1.0,4077
149.60,-8.611,69.303,67.8,-0.00,AVOID|STRAIGHT,0.0,8.00,0.00,0.0,0.9,4077
149.65,-8.611,69.303,67.8,-0.00,AVOID|STRAIGHT,0.0,8.00,0.00,0.0,1.0,4077
149.70,-8.611,69.303,67.8,-0.00,AVOID|STRAIGHT,0.0,8.00,0.00,0.0,1.0,4077
149.75,-8.611,69.303,67.8,-0.00,AVOID|STRAIGHT,0.0,8.00,0.00,0.0,0.9,4062
149.80,-8.617,69.306,67.8,0.00,AVOID|STRAIGHT,0.0,8.00,0.00,0.0,0.9,4077
149.85,-8.617,69.306,67.8,0.00,AVOID|STRAIGHT,0.0,8.00,0.00,0.0,0.9,4077
149.90,-8.618,69.301,67.8,-0.05,AVOID|STRAIGHT,0.0,8.00,0.00,0.0,0.9,4077
149.95,-8.618,69.301,67.8,-0.05,AVOID|STRAIGHT,0.0,8.00,0.00,0.0,1.0,4062
150.00,-8.616,69.305,67.8,0.05,AVOID|STRAIGHT,0.0,8.00,0.00,0.0,0.8,4077
150.05,-8.622,69.309,67.8,0.01,AVOID|STRAIGHT,0.0,8.00,0.00,0.0,1.0,4062
150.10,-8.622,69.309,67.8,0.01,AVOID|STRAIGHT,0.0,8.00,0.00,0.0,1.0,4062
150.15,-8.622,69.309,67.8,0.01,AVOID|STRAIGHT,0.0,8.00,0.00,0.0,1.0,4062
150.20,-8.619,69.307,67.8,-0.00,AVOID|STRAIGHT,0.0,8.00,0.00,0.0,1.0,4062
150.25,-8.614,69.302,67.8,-0.02,AVOID|STRAIGHT,0.0,8.00,0.00,0.0,0.9,4077
150.30,-8.614,69.302,67.8,-0.02,AVOID|STRAIGHT,0.0,8.00,0.00,0.0,1.0,4062
150.35,-8.612,69.303,67.8,0.01,AVOID|STRAIGHT,0.0,8.00,0.00,0.0,1.0,4062
150.40,-8.612,69.303,67.8,0.01,AVOID|STRAIGHT,0.0,8.00,0.00,0.0,1.0,4062
150.45,-8.616,69.304,67.8,-0.00,AVOID|STRAIGHT,0.0,8.00,0.00,0.0,1.0,4062
150.50,-8.616,69.304,67.9,-0.00,AVOID|STRAIGHT,0.0,8.00,0.00,0.0,0.9,4077
150.55,-8.615,69.304,67.9,-0.00,AVOID|STRAIGHT,0.0,8.00,0.00,0.0,1.0,4077
150.60,-8.615,69.304,67.9,-0.00,AVOID|STRAIGHT,0.0,8.00,0.00,0.0,1.0,4062
150.65,-8.613,69.304,67.9,0.01,AVOID|STRAIGHT,0.0,8.00,0.00,0.0,0.9,4077
150.70,-8.613,69.304,67.9,0.01,AVOID|STRAIGHT,0.0,8.00,0.00,0.0,0.9,4062
150.75,-8.614,69.309,67.9,0.04,AVOID|STRAIGHT,0.0,8.00,0.00,0.0,1.0,4062
150.80,-8.614,69.309,67.9,0.04,AVOID|STRAIGHT,0.0,8.00,0.00,0.0,1.0,4062
150.85,-8.613,69.306,67.9,-0.03,AVOID|STRAIGHT,0.0,8.00,0.00,0.0,0.9,4062
150.90,-8.613,69.306,67.9,-0.03,AVOID|STRAIGHT,0.0,8.00,0.00,0.0,0.9,4077
150.95,-8.613,69.306,67.9,-0.03,AVOID|STRAIGHT,0.0,8.00,0.00,0.0,0.9,4077
151.00,-8.619,69.302,67.9,-0.03,AVOID|STRAIGHT,0.0,8.00,0.00,0.0,1.0,4062
151.05,-8.619,69.302,67.9,-0.03,AVOID|STRAIGHT,0.0,8.00,0.00,0.0,0.9,4062
151.10,-8.619,69.302,67.9,-0.03,AVOID|STRAIGHT,0.0,8.00,0.00,0.0,0.9,4077
151.15,-8.619,69.302,67.9,-0.03,AVOID|STRAIGHT,0.0,8.00,0.00,0.0,0.9,4077
151.20,-8.624,69.306,67.9,0.01,AVOID|STRAIGHT,0.0,8.00,0.00,0.0,0.9,4077
151.25,-8.624,69.306,67.9,0.01,AVOID|STRAIGHT,0.0,8.00,0.00,0.0,0.9,4077
151.30,-8.624,69.306,67.9,0.01,AVOID|STRAIGHT,0.0,8.00,0.00,0.0,0.9,4062
151.35,-8.619,69.305,67.9,0.01,AVOID|STRAIGHT,0.0,8.00,0.00,0.0,1.0,4062
151.40,-8.619,69.305,67.9,0.01,AVOID|STRAIGHT,0.0,8.00,0.00,0.0,1.0,4062
151.45,-8.617,69.301,67.9,-0.03,AVOID|STRAIGHT,0.0,8.00,0.00,0.0,0.9,4077
151.50,-8.617,69.301,67.9,-0.03,AVOID|STRAIGHT,0.0,8.00,0.00,0.0,1.0,4062
151.55,-8.619,69.304,67.9,0.02,AVOID|STRAIGHT,0.0,8.00,0.00,0.0,1.0,4062
151.60,-8.619,69.304,67.9,0.02,AVOID|STRAIGHT,0.0,8.00,0.00,0.0,0.9,4062
151.65,-8.619,69.301,67.9,-0.02,AVOID|STRAIGHT,0.0,8.00,0.00,0.0,0.9,4077
151.70,-8.619,69.301,67.9,-0.02,AVOID|STRAIGHT,0.0,8.00,0.00,0.0,0.9,4077
151.75,-8.619,69.303,67.9,0.02,AVOID|STRAIGHT,0.0,8.00,0.00,0.0,0.9,4077
151.80,-8.619,69.303,67.9,0.02,AVOID|STRAIGHT,0.0,8.00,0.00,0.0,1.0,4077
151.85,-8.620,69.302,67.9,-0.01,AVOID|STRAIGHT,0.0,8.00,0.00,0.0,0.9,4077
151.90,-8.620,69.302,67.9,-0.01,AVOID|STRAIGHT,0.0,8.00,0.00,0.0,0.9,4077
151.95,-8.620,69.302,67.9,-0.01,AVOID|STRAIGHT,0.0,8.00,0.00,0.0,1.0,4062
152.00,-8.617,69.302,67.9,0.00,AVOID|STRAIGHT,0.0,8.00,0.00,0.0,1.0,4062
152.05,-8.617,69.302,67.9,0.00,AVOID|STRAIGHT,0.0,8.00,0.00,0.0,0.9,4077
152.10,-8.617,69.302,67.9,0.00,AVOID|STRAIGHT,0.0,8.00,0.00,0.0,0.9,4077
152.15,-8.616,69.301,67.9,-0.00,AVOID|STRAIGHT,0.0,8.00,0.00,0.0,1.0,4077
152.20,-8.616,69.301,67.9,-0.00,AVOID|STRAIGHT,0.0,8.00,0.00,0.0,0.9,4062
152.25,-8.616,69.301,67.9,-0.00,AVOID|STRAIGHT,0.0,8.00,0.00,0.0,0.9,4077
152.30,-8.616,69.301,67.9,-0.00,AVOID|STRAIGHT,0.0,8.00,0.00,0.0,1.0,4062
152.35,-8.618,69.300,68.0,-0.01,AVOID|STRAIGHT,0.0,8.00,0.00,0.0,1.0,4062
152.40,-8.618,69.300,68.0,-0.01,AVOID|STRAIGHT,0.0,8.00,0.00,0.0,0.9,4062
152.45,-8.617,69.301,68.0,0.01,AVOID|STRAIGHT,0.0,8.00,0.00,0.0,1.0,4062
152.50,-8.617,69.301,68.0,0.01,AVOID|STRAIGHT,0.0,8.00,0.00,0.0,1.0,4062
152.55,-8.617,69.300,68.0,-0.00,AVOID|STRAIGHT,0.0,8.00,0.00,0.0,0.9,4062
152.60,-8.617,69.300,68.0,-0.00,AVOID|STRAIGHT,0.0,8.00,0.00,0.0,1.0,4062
152.65,-8.619,69.300,68.0,-0.01,AVOID|STRAIGHT,0.0,8.00,0.00,0.0,1.0,4062
152.70,-8.619,69.300,68.0,-0.01,AVOID|STRAIGHT,0.0,8.00,0.00,0.0,0.9,4077
152.75,-8.616,69.300,68.0,0.01,AVOID|STRAIGHT,0.0,8.00,0.00,0.0,0.9,4062
152.80,-8.616,69.300,68.0,0.01,AVOID|STRAIGHT,0.0,8.00,0.00,0.0,0.9,4062
152.85,-8.616,69.299,68.0,-0.01,AVOID|STRAIGHT,0.0,8.00,0.00,0.0,0.9,4062
152.90,-8.616,69.299,68.0,-0.01,AVOID|STRAIGHT,0.0,8.00,0.00,0.0,1.0,4077
152.95,-8.616,69.299,68.0,-0.01,AVOID|STRAIGHT,0.0,8.00,0.00,0.0,0.9,4077
153.00,-8.618,69.300,68.0,0.00,AVOID|STRAIGHT,0.0,8.00,0.00,0.0,1.0,4062
153.05,-8.618,69.300,68.0,0.00,AVOID|STRAIGHT,0.0,8.00,0.00,0.0,1.0,4077
153.10,-8.618,69.300,68.0,0.00,AVOID|STRAIGHT,0.0,8.00,0.00,0.0,1.0,4062
153.15,-8.618,69.300,68.0,0.00,AVOID|STRAIGHT,0.0,8.00,0.00,0.0,0.9,4077
153.20,-8.616,69.299,68.0,-0.00,AVOID|STRAIGHT,0.0,8.00,0.00,0.0,1.0,4077
153.25,-8.616,69.299,68.0,-0.00,AVOID|STRAIGHT,0.0,8.00,0.00,0.0,1.0,4077
153.30,-8.616,69.299,68.0,-0.00,AVOID|STRAIGHT,0.0,8.00,0.00,0.0,0.9,4077
153.35,-8.616,69.299,68.0,-0.01,AVOID|STRAIGHT,0.0,8.00,0.00,0.0,1.0,4077
153.40,-8.616,69.299,68.0,-0.01,AVOID|STRAIGHT,0.0,8.00,0.00,0.0,0.9,4062
153.45,-8.616,69.299,68.0,0.01,AVOID|STRAIGHT,0.0,8.00,0.00,0.0,0.9,4062
153.50,-8.616,69.299,68.0,0.01,AVOID|STRAIGHT,0.0,8.00,0.00,0.0,1.0,4062
153.55,-8.617,69.300,68.0,-0.01,AVOID|STRAIGHT,0.0,8.00,0.00,0.0,1.0,4062
153.60,-8.617,69.300,68.0,-0.01,AVOID|STRAIGHT,0.0,8.00,0.00,0.0,0.9,4077
153.65,-8.616,69.299,68.0,0.00,AVOID|STRAIGHT,0.0,8.00,0.00,0.0,1.0,4062
153.70,-8.616,69.299,68.0,0.00,AVOID|STRAIGHT,0.0,8.00,0.00,0.0,0.9,4062
153.75,-8.616,69.299,68.0,-0.01,AVOID|STRAIGHT,0.0,8.00,0.00,0.0,1.0,4062
153.80,-8.616,69.299,68.0,-0.01,AVOID|STRAIGHT,0.0,8.00,0.00,0.0,1.0,4062
153.85,-8.618,69.299,68.0,0.00,AVOID|STRAIGHT,0.0,8.00,0.00,0.0,0.9,4062
153.90,-8.618,69.299,68.0,0.00,AVOID|STRAIGHT,0.0,8.00,0.00,0.0,1.0,4077
153.95,-8.618,69.299,68.0,0.00,AVOID|STRAIGHT,0.0,8.00,0.00,0.0,0.9,4062
154.00,-8.616,69.298,68.0,-0.01,AVOID|STRAIGHT,0.0,8.00,0.00,0.0,0.9,4062
154.05,-8.616,69.298,68.0,-0.01,AVOID|STRAIGHT,0.0,8.00,0.00,0.0,0.9,4062
154.10,-8.616,69.298,68.0,-0.01,AVOID|STRAIGHT,0.0,8.00,0.00,0.0,0.9,4062
154.15,-8.616,69.298,68.0,-0.01,AVOID|STRAIGHT,0.0,8.00,0.00,0.0,0.9,4077
154.20,-8.617,69.298,68.0,-0.00,AVOID|STRAIGHT,0.0,8.00,0.00,0.0,1.0,4062
154.25,-8.617,69.298,68.0,-0.00,AVOID|STRAIGHT,0.0,8.00,0.00,0.0,0.9,4077
154.30,-8.617,69.299,68.0,0.01,AVOID|STRAIGHT,0.0,8.00,0.00,0.0,1.0,4062
154.35,-8.617,69.299,68.0,0.01,AVOID|STRAIGHT,0.0,8.00,0.00,0.0,1.0,4062
154.40,-8.618,69.298,68.0,-0.01,AVOID|STRAIGHT,0.0,8.00,0.00,0.0,0.9,4077
154.45,-8.618,69.299,68.0,0.01,AVOID|STRAIGHT,0.0,8.00,0.00,0.0,1.0,4077
154.50,-8.618,69.299,68.0,0.01,AVOID|STRAIGHT,0.0,8.00,0.00,0.0,1.0,4047
154.55,-8.618,69.299,68.0,0.01,AVOID|STRAIGHT,0.0,8.00,0.00,0.0,1.0,4077
154.60,-8.618,69.297,68.0,-0.01,AVOID|STRAIGHT,0.0,8.00,0.00,0.0,1.0,4077
154.65,-8.618,69.297,68.0,-0.01,AVOID|STRAIGHT,0.0,8.00,0.00,0.0,0.8,4062
154.70,-8.615,69.296,68.0,-0.00,AVOID|STRAIGHT,0.0,8.00,0.00,0.0,1.0,4062
154.75,-8.615,69.296,68.0,-0.00,AVOID|STRAIGHT,0.0,8.00,0.00,0.0,1.0,4077
154.80,-8.618,69.299,68.0,0.01,AVOID|STRAIGHT,0.0,8.00,0.00,0.0,1.0,4077
154.85,-8.618,69.299,68.0,0.01,AVOID|STRAIGHT,0.0,8.00,0.00,0.0,1.0,4077
154.90,-8.617,69.299,68.1,-0.00,AVOID|STRAIGHT,0.0,8.00,0.00,0.0,0.9,4062
154.95,-8.617,69.299,68.1,-0.00,AVOID|STRAIGHT,0.0,8.00,0.00,0.0,0.9,4062
155.00,-8.617,69.297,68.1,-0.01,AVOID|STRAIGHT,0.0,8.00,0.00,0.0,0.9,4077
155.05,-8.617,69.297,68.1,-0.01,AVOID|STRAIGHT,0.0,8.00,0.00,0.0,0.9,4077
155.10,-8.617,69.297,68.1,-0.01,AVOID|STRAIGHT,0.0,8.00,0.00,0.0,1.0,4062
155.15,-8.617,69.297,68.1,-0.01,AVOID|STRAIGHT,0.0,8.00,0.00,0.0,0.9,4077
155.20,-8.617,69.299,68.1,0.00,AVOID|STRAIGHT,0.0,8.00,0.00,0.0,0.9,4077
155.25,-8.617,69.299,68.1,0.00,AVOID|STRAIGHT,0.0,8.00,0.00,0.0,1.0,4062
155.30,-8.617,69.299,68.1,0.00,AVOID|STRAIGHT,0.0,8.00,0.00,0.0,0.9,4077
155.35,-8.615,69.296,68.1,-0.01,AVOID|STRAIGHT,0.0,8.00,0.00,0.0,0.9,4077
155.40,-8.615,69.296,68.0,-0.01,AVOID|STRAIGHT,0.0,8.00,0.00,0.0,1.0,4077
155.45,-8.615,69.296,68.1,-0.01,AVOID|STRAIGHT,0.0,8.00,0.00,0.0,1.0,4062
155.50,-8.617,69.297,68.1,0.00,AVOID|STRAIGHT,0.0,8.00,0.00,0.0,1.0,4077
155.55,-8.617,69.297,68.1,0.00,AVOID|STRAIGHT,0.0,8.00,0.00,0.0,1.0,4062
155.60,-8.615,69.297,68.1,0.00,AVOID|STRAIGHT,0.0,8.00,0.00,0.0,0.9,4062
155.65,-8.615,69.297,68.1,0.00,AVOID|STRAIGHT,0.0,8.00,0.00,0.0,1.0,4077
155.70,-8.616,69.297,68.1,-0.00,AVOID|STRAIGHT,0.0,8.00,0.00,0.0,0.9,4062
155.75,-8.616,69.297,68.1,-0.00,AVOID|STRAIGHT,0.0,8.00,0.00,0.0,1.0,4062
155.80,-8.618,69.297,68.1,-0.00,AVOID|STRAIGHT,0.0,8.00,0.00,0.0,0.9,4062
155.85,-8.618,69.297,68.1,-0.00,AVOID|STRAIGHT,0.0,8.00,0.00,0.0,0.9,4062
155.90,-8.616,69.297,68.1,0.01,AVOID|STRAIGHT,0.0,8.00,0.00,0.0,1.0,4077
155.95,-8.616,69.297,68.1,0.01,AVOID|STRAIGHT,0.0,8.00,0.00,0.0,1.0,4077
156.00,-8.617,69.298,68.1,0.00,AVOID|STRAIGHT,0.0,8.00,0.00,0.0,1.0,4077
156.05,-8.617,69.298,68.1,0.00,AVOID|STRAIGHT,0.0,8.00,0.00,0.0,0.9,4077
156.10,-8.617,69.298,68.1,0.00,AVOID|STRAIGHT,0.0,8.00,0.00,0.0,1.0,4062
156.15,-8.617,69.298,68.1,0.00,AVOID|STRAIGHT,0.0,8.00,0.00,0.0,1.0,4077
156.20,-8.617,69.296,68.1,-0.01,AVOID|STRAIGHT,0.0,8.00,0.00,0.0,0.9,4062
156.25,-8.615,69.297,68.1,0.02,AVOID|STRAIGHT,0.0,8.00,0.00,0.0,1.0,4062
156.30,-8.615,69.297,68.1,0.02,AVOID|STRAIGHT,0.0,8.00,0.00,0.0,1.0,4062
156.35,-8.615,69.297,68.1,0.02,AVOID|STRAIGHT,0.0,8.00,0.00,0.0,0.9,4077
156.40,-8.616,69.295,68.1,-0.02,AVOID|STRAIGHT,0.0,8.00,0.00,0.0,0.9,4062
156.45,-8.616,69.295,68.1,-0.02,AVOID|STRAIGHT,0.0,8.00,0.00,0.0,1.0,4077
156.50,-8.618,69.297,68.1,0.01,AVOID|STRAIGHT,0.0,8.00,0.00,0.0,1.0,4062
156.55,-8.618,69.297,68.1,0.01,AVOID|STRAIGHT,0.0,8.00,0.00,0.0,1.0,4062
156.60,-8.618,69.298,68.1,0.01,AVOID|STRAIGHT,0.0,8.00,0.00,0.0,1.0,4062
156.65,-8.618,69.298,68.1,0.01,AVOID|STRAIGHT,0.0,8.00,0.00,0.0,0.9,4062
156.70,-8.617,69.297,68.1,-0.01,AVOID|STRAIGHT,0.0,8.00,0.00,0.0,0.9,4077
156.75,-8.617,69.297,68.1,-0.01,AVOID|STRAIGHT,0.0,8.00,0.00,0.0,0.9,4077
156.80,-8.616,69.297,68.1,0.01,AVOID|STRAIGHT,0.0,8.00,0.00,0.0,0.9,4062
156.85,-8.618,69.297,68.1,-0.02,AVOID|STRAIGHT,0.0,8.00,0.00,0.0,0.9,4062
156.90,-8.618,69.297,68.1,-0.02,AVOID|STRAIGHT,0.0,8.00,0.00,0.0,1.0,4062
156.95,-8.618,69.297,68.1,-0.02,AVOID|STRAIGHT,0.0,8.00,0.00,0.0,0.9,4077
157.00,-8.617,69.298,68.1,0.01,AVOID|STRAIGHT,0.0,8.00,0.00,0.0,0.9,4077
157.05,-8.617,69.298,68.1,0.01,AVOID|STRAIGHT,0.0,8.00,0.00,0.0,0.9,4077
157.10,-8.617,69.298,68.1,0.01,AVOID|STRAIGHT,0.0,8.00,0.00,0.0,1.0,4062
157.15,-8.617,69.298,68.1,0.01,AVOID|STRAIGHT,0.0,8.00,0.00,0.0,0.9,4062
157.20,-8.618,69.296,68.1,-0.01,AVOID|STRAIGHT,0.0,8.00,0.00,0.0,1.0,4062
157.25,-8.618,69.296,68.1,-0.01,AVOID|STRAIGHT,0.0,8.00,0.00,0.0,1.0,4062
157.30,-8.618,69.296,68.1,-0.01,AVOID|STRAIGHT,0.0,8.00,0.00,0.0,0.9,4062
157.35,-8.618,69.296,68.1,-0.01,AVOID|STRAIGHT,0.0,8.00,0.00,0.0,1.0,4077
157.40,-8.617,69.297,68.1,0.01,AVOID|STRAIGHT,0.0,8.00,0.00,0.0,1.0,4077
157.45,-8.617,69.297,68.1,0.01,AVOID|STRAIGHT,0.0,8.00,0.00,0.0,1.0,4092
157.50,-8.617,69.297,68.1,0.01,AVOID|STRAIGHT,0.0,8.00,0.00,0.0,0.9,4062
157.55,-8.617,69.297,68.1,0.01,AVOID|STRAIGHT,0.0,8.00,0.00,0.0,0.9,4062
157.60,-8.617,69.299,68.1,0.01,AVOID|STRAIGHT,0.0,8.00,0.00,0.0,1.0,4077
157.65,-8.617,69.299,68.1,0.01,AVOID|STRAIGHT,0.0,8.00,0.00,0.0,1.0,4062
157.70,-8.617,69.299,68.1,0.01,AVOID|STRAIGHT,0.0,8.00,0.00,0.0,1.0,4062
157.75,-8.617,69.299,68.1,0.01,AVOID|STRAIGHT,0.0,8.00,0.00,0.0,1.0,4077
157.80,-8.619,69.299,68.1,-0.00,AVOID|STRAIGHT,0.0,8.00,0.00,0.0,0.9,4062
157.85,-8.619,69.299,68.1,-0.00,AVOID|STRAIGHT,0.0,8.00,0.00,0.0,0.9,4062
157.90,-8.618,69.299,68.1,-0.00,AVOID|STRAIGHT,0.0,8.00,0.00,0.0,0.9,4077
157.95,-8.618,69.299,68.1,-0.00,AVOID|STRAIGHT,0.0,8.00,0.00,0.0,1.0,4062
158.00,-8.620,69.300,68.1,0.00,AVOID|STRAIGHT,0.0,8.00,0.00,0.0,0.9,4077
158.05,-8.620,69.300,68.1,0.00,AVOID|STRAIGHT,0.0,8.00,0.00,0.0,0.9,4077
158.10,-8.620,69.300,68.1,0.00,AVOID|STRAIGHT,0.0,8.00,0.00,0.0,0.9,4062
158.15,-8.620,69.300,68.1,0.00,AVOID|STRAIGHT,0.0,8.00,0.00,0.0,1.0,4077
158.20,-8.617,69.299,68.2,-0.00,AVOID|STRAIGHT,0.0,8.00,0.00,0.0,0.9,4077
158.25,-8.617,69.299,68.1,-0.00,AVOID|STRAIGHT,0.0,8.00,0.00,0.0,0.9,4047
158.30,-8.616,69.298,68.2,-0.00,AVOID|STRAIGHT,0.0,8.00,0.00,0.0,1.0,4077
158.35,-8.617,69.298,68.2,0.00,AVOID|STRAIGHT,0.0,8.00,0.00,0.0,1.0,4077
158.40,-8.617,69.298,68.2,0.00,AVOID|STRAIGHT,0.0,8.00,0.00,0.0,1.0,4062
158.45,-8.620,69.300,68.2,0.00,AVOID|STRAIGHT,0.0,8.00,0.00,0.0,0.9,4077
158.50,-8.620,69.300,68.2,0.00,AVOID|STRAIGHT,0.0,8.00,0.00,0.0,1.0,4077
158.55,-8.620,69.300,68.2,0.00,AVOID|STRAIGHT,0.0,8.00,0.00,0.0,1.0,4077
158.60,-8.619,69.299,68.2,-0.01,AVOID|STRAIGHT,0.0,8.00,0.00,0.0,0.9,4077
158.65,-8.617,69.299,68.1,0.01,AVOID|STRAIGHT,0.0,8.00,0.00,0.0,1.0,4062
158.70,-8.617,69.299,68.2,0.01,AVOID|STRAIGHT,0.0,8.00,0.00,0.0,1.0,4062
158.75,-8.617,69.299,68.2,0.01,AVOID|STRAIGHT,0.0,8.00,0.00,0.0,1.0,4077
158.80,-8.618,69.300,68.2,0.00,AVOID|STRAIGHT,0.0,8.00,0.00,0.0,1.0,4077
158.85,-8.618,69.300,68.2,0.00,AVOID|STRAIGHT,0.0,8.00,0.00,0.0,0.9,4077
158.90,-8.619,69.300,68.2,0.00,AVOID|STRAIGHT,0.0,8.00,0.00,0.0,1.0,4077
158.95,-8.619,69.300,68.2,0.00,AVOID|STRAIGHT,0.0,8.00,0.00,0.0,0.9,4077
159.00,-8.620,69.299,68.2,-0.01,AVOID|STRAIGHT,0.0,8.00,0.00,0.0,0.9,4062
159.05,-8.620,69.299,68.2,-0.01,AVOID|STRAIGHT,0.0,8.00,0.00,0.0,1.0,4077
159.10,-8.620,69.299,68.2,-0.01,AVOID|STRAIGHT,0.0,8.00,0.00,0.0,1.0,4062
159.15,-8.620,69.299,68.2,-0.01,AVOID|STRAIGHT,0.0,8.00,0.00,0.0,1.0,4062
159.20,-8.620,69.300,68.2,0.00,AVOID|STRAIGHT,0.0,8.00,0.00,0.0,1.0,4062
159.25,-8.620,69.300,68.2,0.00,AVOID|STRAIGHT,0.0,8.00,0.00,0.0,1.0,4077
159.30,-8.620,69.300,68.2,0.00,AVOID|STRAIGHT,0.0,8.00,0.00,0.0,1.0,4077
159.35,-8.620,69.300,68.2,0.00,AVOID|STRAIGHT,0.0,8.00,0.00,0.0,1.0,4077
159.40,-8.620,69.302,68.2,0.01,AVOID|STRAIGHT,0.0,8.00,0.00,0.0,1.0,4062
159.45,-8.620,69.302,68.2,0.01,AVOID|STRAIGHT,0.0,8.00,0.00,0.0,1.0,4077
159.50,-8.621,69.303,68.2,0.01,AVOID|STRAIGHT,0.0,8.00,0.00,0.0,1.0,4077
159.55,-8.619,69.300,68.2,-0.03,AVOID|STRAIGHT,0.0,8.00,0.00,0.0,1.0,4062
159.60,-8.619,69.300,68.2,-0.03,AVOID|STRAIGHT,0.0,8.00,0.00,0.0,1.0,4062
159.65,-8.619,69.303,68.2,0.02,AVOID|STRAIGHT,0.0,8.00,0.00,0.0,1.0,4062
159.70,-8.619,69.303,68.2,0.02,AVOID|STRAIGHT,0.0,8.00,0.00,0.0,1.0,4077
159.75,-8.619,69.303,68.2,0.02,AVOID|STRAIGHT,0.0,8.00,0.00,0.0,1.0,4062
159.80,-8.620,69.302,68.2,-0.01,AVOID|STRAIGHT,0.0,8.00,0.00,0.0,1.0,4062
159.85,-8.618,69.300,68.2,-0.02,AVOID|STRAIGHT,0.0,8.00,0.00,0.0,0.9,4077
159.90,-8.618,69.300,68.2,-0.02,AVOID|STRAIGHT,0.0,8.00,0.00,0.0,1.0,4062
159.95,-8.618,69.300,68.2,-0.02,AVOID|STRAIGHT,0.0,8.00,0.00,0.0,1.0,4062
160.00,-8.621,69.302,68.2,0.01,AVOID|STRAIGHT,0.0,8.00,0.00,0.0,0.9,4062
160.05,-8.621,69.302,68.2,0.01,AVOID|STRAIGHT,0.0,8.00,0.00,0.0,1.0,4062
160.10,-8.621,69.302,68.2,0.01,AVOID|STRAIGHT,0.0,8.00,0.00,0.0,1.0,4062
160.15,-8.621,69.302,68.2,0.01,AVOID|STRAIGHT,0.0,8.00,0.00,0.0,1.0,4062
160.20,-8.619,69.301,68.2,-0.00,AVOID|STRAIGHT,0.0,8.00,0.00,0.0,1.0,4077
160.25,-8.619,69.301,68.2,-0.00,AVOID|STRAIGHT,0.0,8.00,0.00,0.0,0.9,4077
160.30,-8.619,69.302,68.2,0.01,AVOID|STRAIGHT,0.0,8.00,0.00,0.0,1.0,4062
160.35,-8.619,69.302,68.2,0.01,AVOID|STRAIGHT,0.0,8.00,0.00,0.0,1.0,4062
160.40,-8.619,69.303,68.2,0.00,AVOID|STRAIGHT,0.0,8.00,0.00,0.0,0.9,4062
160.45,-8.619,69.303,68.2,0.00,AVOID|STRAIGHT,0.0,8.00,0.00,0.0,1.0,4077
160.50,-8.619,69.301,68.2,-0.01,AVOID|STRAIGHT,0.0,8.00,0.00,0.0,1.0,4062
160.55,-8.619,69.301,68.2,-0.01,AVOID|STRAIGHT,0.0,8.00,0.00,0.0,0.9,4077
160.60,-8.619,69.301,68.2,-0.00,AVOID|STRAIGHT,0.0,8.00,0.00,0.0,0.9,4077
160.65,-8.619,69.301,68.2,-0.00,AVOID|STRAIGHT,0.0,8.00,0.00,0.0,1.0,4062
160.70,-8.619,69.303,68.2,0.01,AVOID|STRAIGHT,0.0,8.00,0.00,0.0,1.0,4062
160.75,-8.619,69.303,68.2,0.01,AVOID|STRAIGHT,0.0,8.00,0.00,0.0,1.0,4062
160.80,-8.619,69.303,68.2,0.01,AVOID|STRAIGHT,0.0,8.00,0.00,0.0,1.0,4062
160.85,-8.619,69.303,68.2,0.01,AVOID|STRAIGHT,0.0,8.00,0.00,0.0,0.9,4092
160.90,-8.623,69.305,68.2,0.00,AVOID|STRAIGHT,0.0,8.00,0.00,0.0,0.9,4062
160.95,-8.623,69.305,68.2,0.00,AVOID|STRAIGHT,0.0,8.00,0.00,0.0,1.0,4077
161.00,-8.619,69.303,68.2,-0.00,AVOID|STRAIGHT,0.0,8.00,0.00,0.0,1.0,4062
161.05,-8.619,69.303,68.2,-0.00,AVOID|STRAIGHT,0.0,8.00,0.00,0.0,1.0,4062
161.10,-8.619,69.303,68.2,-0.00,AVOID|STRAIGHT,0.0,8.00,0.00,0.0,0.9,4062
161.15,-8.619,69.303,68.2,-0.00,AVOID|STRAIGHT,0.0,8.00,0.00,0.0,1.0,4077
161.20,-8.616,69.301,68.2,-0.01,AVOID|STRAIGHT,0.0,8.00,0.00,0.0,0.9,4062
161.25,-8.616,69.301,68.2,-0.01,AVOID|STRAIGHT,0.0,8.00,0.00,0.0,1.0,4062
161.30,-8.616,69.301,68.2,-0.01,AVOID|STRAIGHT,0.0,8.00,0.00,0.0,0.9,4077
161.35,-8.617,69.301,68.2,-0.00,AVOID|STRAIGHT,0.0,8.00,0.00,0.0,0.9,4062
161.40,-8.617,69.301,68.2,-0.00,AVOID|STRAIGHT,0.0,8.00,0.00,0.0,1.0,4062
161.45,-8.617,69.301,68.2,-0.00,AVOID|STRAIGHT,0.0,8.00,0.00,0.0,1.0,4077
161.50,-8.616,69.298,68.2,-0.01,AVOID|STRAIGHT,0.0,8.00,0.00,0.0,1.0,4077
161.55,-8.616,69.298,68.2,-0.01,AVOID|STRAIGHT,0.0,8.00,0.00,0.0,1.0,4062
161.60,-8.616,69.299,68.2,0.00,AVOID|STRAIGHT,0.0,8.00,0.00,0.0,1.0,4077
161.65,-8.615,69.298,68.2,0.00,AVOID|STRAIGHT,0.0,8.00,0.00,0.0,0.9,4062
161.70,-8.615,69.298,68.2,0.00,AVOID|STRAIGHT,0.0,8.00,0.00,0.0,0.9,4062
161.75,-8.615,69.298,68.3,0.00,AVOID|STRAIGHT,0.0,8.00,0.00,0.0,1.0,4062
161.80,-8.615,69.296,68.2,-0.02,AVOID|STRAIGHT,0.0,8.00,0.00,0.0,0.9,4077
161.85,-8.615,69.296,68.2,-0.02,AVOID|STRAIGHT,0.0,8.00,0.00,0.0,0.9,4077
161.90,-8.617,69.299,68.2,0.02,AVOID|STRAIGHT,0.0,8.00,0.00,0.0,1.0,4062
161.95,-8.617,69.299,68.2,0.02,AVOID|STRAIGHT,0.0,8.00,0.00,0.0,0.9,4077
162.00,-8.616,69.298,68.2,-0.00,AVOID|STRAIGHT,0.0,8.00,0.00,0.0,1.0,4077
162.05,-8.616,69.298,68.2,-0.00,AVOID|STRAIGHT,0.0,8.00,0.00,0.0,0.9,4077
162.10,-8.616,69.298,68.2,-0.00,AVOID|STRAIGHT,0.0,8.00,0.00,0.0,0.9,4062
162.15,-8.616,69.298,68.2,-0.00,AVOID|STRAIGHT,0.0,8.00,0.00,0.0,1.0,4077
162.20,-8.617,69.300,68.2,0.00,AVOID|STRAIGHT,0.0,8.00,0.00,0.0,1.0,4062
162.25,-8.617,69.300,68.2,0.00,AVOID|STRAIGHT,0.0,8.00,0.00,0.0,1.0,4077
162.30,-8.617,69.299,68.2,-0.00,AVOID|STRAIGHT,0.0,8.00,0.00,0.0,1.0,4062
162.35,-8.617,69.299,68.3,-0.00,AVOID|STRAIGHT,0.0,8.00,0.00,0.0,1.0,4077
162.40,-8.617,69.299,68.3,-0.00,AVOID|STRAIGHT,0.0,8.00,0.00,0.0,0.9,4077
162.45,-8.617,69.299,68.3,-0.00,AVOID|STRAIGHT,0.0,8.00,0.00,0.0,1.0,4077
162.50,-8.616,69.298,68.2,-0.00,AVOID|STRAIGHT,0.0,8.00,0.00,0.0,1.0,4062
162.55,-8.618,69.300,68.2,0.01,AVOID|STRAIGHT,0.0,8.00,0.00,0.0,0.9,4062
162.60,-8.618,69.300,68.2,0.01,AVOID|STRAIGHT,0.0,8.00,0.00,0.0,0.9,4062
162.65,-8.616,69.300,68.2,0.01,AVOID|STRAIGHT,0.0,8.00,0.00,0.0,1.0,4077
162.70,-8.616,69.300,68.3,0.01,AVOID|STRAIGHT,0.0,8.00,0.00,0.0,1.0,4062
162.75,-8.615,69.300,68.3,-0.00,AVOID|STRAIGHT,0.0,8.00,0.00,0.0,1.0,4062
162.80,-8.615,69.300,68.2,-0.00,AVOID|STRAIGHT,0.0,8.00,0.00,0.0,0.9,4077
162.85,-8.618,69.301,68.3,0.00,AVOID|STRAIGHT,0.0,8.00,0.00,0.0,0.9,4077
162.90,-8.618,69.301,68.3,0.00,AVOID|STRAIGHT,0.0,8.00,0.00,0.0,1.0,4062
162.95,-8.618,69.301,68.3,0.00,AVOID|STRAIGHT,0.0,8.00,0.00,0.0,1.0,4062
163.00,-8.618,69.302,68.3,0.00,AVOID|STRAIGHT,0.0,8.00,0.00,0.0,1.0,4077
163.05,-8.618,69.302,68.3,0.00,AVOID|STRAIGHT,0.0,8.00,0.00,0.0,0.9,4062
163.10,-8.618,69.302,68.3,0.00,AVOID|STRAIGHT,0.0,8.00,0.00,0.0,0.9,4077
163.15,-8.618,69.302,68.3,0.00,AVOID|STRAIGHT,0.0,8.00,0.00,0.0,1.0,4062
163.20,-8.616,69.299,68.3,-0.01,AVOID|STRAIGHT,0.0,8.00,0.00,0.0,1.0,4062
163.25,-8.616,69.299,68.3,-0.01,AVOID|STRAIGHT,0.0,8.00,0.00,0.0,0.9,4062
163.30,-8.616,69.299,68.3,-0.01,AVOID|STRAIGHT,0.0,8.00,0.00,0.0,1.0,4062
163.35,-8.616,69.299,68.3,-0.01,AVOID|STRAIGHT,0.0,8.00,0.00,0.0,0.9,4062
163.40,-8.617,69.296,68.3,-0.02,AVOID|STRAIGHT,0.0,8.00,0.00,0.0,0.9,4062
163.45,-8.615,69.296,68.3,0.01,AVOID|STRAIGHT,0.0,8.00,0.00,0.0,0.9,4077
163.50,-8.615,69.296,68.3,0.01,AVOID|STRAIGHT,0.0,8.00,0.00,0.0,0.9,4077
163.55,-8.615,69.297,68.3,0.01,AVOID|STRAIGHT,0.0,8.00,0.00,0.0,1.0,4077
163.60,-8.615,69.297,68.3,0.01,AVOID|STRAIGHT,0.0,8.00,0.00,0.0,1.0,4077
163.65,-8.616,69.297,68.3,-0.01,AVOID|STRAIGHT,0.0,8.00,0.00,0.0,0.9,4077
163.70,-8.616,69.297,68.3,-0.01,AVOID|STRAIGHT,0.0,8.00,0.00,0.0,0.9,4062
163.75,-8.618,69.297,68.3,-0.00,AVOID|STRAIGHT,0.0,8.00,0.00,0.0,0.9,4062
163.80,-8.618,69.297,68.3,-0.00,AVOID|STRAIGHT,0.0,8.00,0.00,0.0,0.9,4062
163.85,-8.615,69.294,68.3,-0.02,AVOID|STRAIGHT,0.0,8.00,0.00,0.0,0.9,4062
163.90,-8.615,69.294,68.3,-0.02,AVOID|STRAIGHT,0.0,8.00,0.00,0.0,1.0,4062
163.95,-8.615,69.294,68.3,-0.02,AVOID|STRAIGHT,0.0,8.00,0.00,0.0,0.9,4062
164.00,-8.617,69.295,68.3,0.00,AVOID|STRAIGHT,0.0,8.00,0.00,0.0,0.9,4077
164.05,-8.617,69.295,68.3,0.00,AVOID|STRAIGHT,0.0,8.00,0.00,0.0,0.9,4062
164.10,-8.617,69.295,68.3,0.00,AVOID|STRAIGHT,0.0,8.00,0.00,0.0,1.0,4077
164.15,-8.617,69.297,68.3,0.01,AVOID|STRAIGHT,0.0,8.00,0.00,0.0,1.0,4077
164.20,-8.617,69.297,68.3,0.01,AVOID|STRAIGHT,0.0,8.00,0.00,0.0,0.9,4062
164.25,-8.617,69.297,68.3,0.01,AVOID|STRAIGHT,0.0,8.00,0.00,0.0,0.9,4062
164.30,-8.616,69.297,68.3,-0.00,AVOID|STRAIGHT,0.0,8.00,0.00,0.0,0.9,4077
164.35,-8.617,69.297,68.3,-0.00,AVOID|STRAIGHT,0.0,8.00,0.00,0.0,1.0,4062
164.40,-8.617,69.297,68.3,-0.00,AVOID|STRAIGHT,0.0,8.00,0.00,0.0,0.9,4077
164.45,-8.616,69.296,68.3,0.00,AVOID|STRAIGHT,0.0,8.00,0.00,0.0,0.9,4077
164.50,-8.616,69.296,68.3,0.00,AVOID|STRAIGHT,0.0,8.00,0.00,0.0,0.9,4062
164.55,-8.619,69.296,68.3,-0.02,AVOID|STRAIGHT,0.0,8.00,0.00,0.0,0.9,4062
164.60,-8.619,69.296,68.3,-0.02,AVOID|STRAIGHT,0.0,8.00,0.00,0.0,0.9,4077
164.65,-8.616,69.295,68.3,0.00,AVOID|STRAIGHT,0.0,8.00,0.00,0.0,1.0,4077
164.70,-8.616,69.295,68.3,0.00,AVOID|STRAIGHT,0.0,8.00,0.00,0.0,1.0,4077
164.75,-8.617,69.296,68.3,-0.00,AVOID|STRAIGHT,0.0,8.00,0.00,0.0,0.9,4077
164.80,-8.617,69.296,68.3,-0.00,AVOID|STRAIGHT,0.0,8.00,0.00,0.0,1.0,4077
164.85,-8.620,69.299,68.3,0.02,AVOID|STRAIGHT,0.0,8.00,0.00,0.0,0.9,4062
164.90,-8.620,69.299,68.3,0.02,AVOID|STRAIGHT,0.0,8.00,0.00,0.0,1.0,4062
164.95,-8.620,69.299,68.3,0.02,AVOID|STRAIGHT,0.0,8.00,0.00,0.0,1.0,4062
165.00,-8.620,69.301,68.3,0.01,AVOID|STRAIGHT,0.0,8.00,0.00,0.0,0.9,4062
165.05,-8.620,69.301,68.3,0.01,AVOID|STRAIGHT,0.0,8.00,0.00,0.0,1.0,4077
165.10,-8.620,69.301,68.3,0.01,AVOID|STRAIGHT,0.0,8.00,0.00,0.0,0.9,4062
165.15,-8.620,69.301,68.3,0.01,AVOID|STRAIGHT,0.0,8.00,0.00,0.0,0.9,4077
165.20,-8.622,69.299,68.3,-0.01,AVOID|STRAIGHT,0.0,8.00,0.00,0.0,1.0,4062
165.25,-8.622,69.299,68.3,-0.01,AVOID|STRAIGHT,0.0,8.00,0.00,0.0,1.0,4062
165.30,-8.622,69.299,68.3,-0.01,AVOID|STRAIGHT,0.0,8.00,0.00,0.0,1.0,4077
165.35,-8.617,69.302,68.3,0.03,AVOID|STRAIGHT,0.0,8.00,0.00,0.0,1.0,4062
165.40,-8.617,69.302,68.3,0.03,AVOID|STRAIGHT,0.0,8.00,0.00,0.0,0.9,4077
165.45,-8.617,69.301,68.3,-0.01,AVOID|STRAIGHT,0.0,8.00,0.00,0.0,0.9,4062
165.50,-8.617,69.301,68.3,-0.01,AVOID|STRAIGHT,0.0,8.00,0.00,0.0,0.9,4062
165.55,-8.619,69.300,68.3,-0.01,AVOID|STRAIGHT,0.0,8.00,0.00,0.0,1.0,4062
165.60,-8.619,69.300,68.3,-0.01,AVOID|STRAIGHT,0.0,8.00,0.00,0.0,0.9,4077
165.65,-8.617,69.302,68.3,0.02,AVOID|STRAIGHT,0.0,8.00,0.00,0.0,1.0,4077
165.70,-8.617,69.302,68.3,0.02,AVOID|STRAIGHT,0.0,8.00,0.00,0.0,0.9,4077
165.75,-8.618,69.299,68.3,-0.03,AVOID|STRAIGHT,0.0,8.00,0.00,0.0,1.0,4062
165.80,-8.618,69.299,68.3,-0.03,AVOID|STRAIGHT,0.0,8.00,0.00,0.0,0.9,4062
165.85,-8.618,69.299,68.3,-0.00,AVOID|STRAIGHT,0.0,8.00,0.00,0.0,0.9,4077
165.90,-8.618,69.299,68.3,-0.00,AVOID|STRAIGHT,0.0,8.00,0.00,0.0,1.0,4077
165.95,-8.618,69.299,68.3,-0.00,AVOID|STRAIGHT,0.0,8.00,0.00,0.0,0.9,4062
166.00,-8.619,69.300,68.3,0.01,AVOID|STRAIGHT,0.0,8.00,0.00,0.0,1.0,4062
166.05,-8.619,69.300,68.3,0.01,AVOID|STRAIGHT,0.0,8.00,0.00,0.0,0.9,4062
166.10,-8.615,69.301,68.3,0.01,AVOID|STRAIGHT,0.0,8.00,0.00,0.0,0.9,4062
166.15,-8.617,69.298,68.3,-0.03,AVOID|STRAIGHT,0.0,8.00,0.00,0.0,1.0,4077
166.20,-8.617,69.298,68.3,-0.03,AVOID|STRAIGHT,0.0,8.00,0.00,0.0,1.0,4062
166.25,-8.618,69.295,68.3,-0.03,AVOID|STRAIGHT,0.0,8.00,0.00,0.0,1.0,4062
166.30,-8.618,69.295,68.3,-0.03,AVOID|STRAIGHT,0.0,8.00,0.00,0.0,1.0,4062
166.35,-8.618,69.299,68.3,0.03,AVOID|STRAIGHT,0.0,8.00,0.00,0.0,1.0,4077
166.40,-8.618,69.299,68.3,0.03,AVOID|STRAIGHT,0.0,8.00,0.00,0.0,1.0,4062
166.45,-8.618,69.299,68.3,0.03,AVOID|STRAIGHT,0.0,8.00,0.00,0.0,1.0,4077
166.50,-8.618,69.300,68.3,0.01,AVOID|STRAIGHT,0.0,8.00,0.00,0.0,1.0,4062
166.55,-8.617,69.299,68.3,-0.01,AVOID|STRAIGHT,0.0,8.00,0.00,0.0,1.0,4077
166.60,-8.617,69.299,68.3,-0.01,AVOID|STRAIGHT,0.0,8.00,0.00,0.0,0.9,4062
166.65,-8.616,69.297,68.3,-0.02,AVOID|STRAIGHT,0.0,8.00,0.00,0.0,0.9,4062
166.70,-8.616,69.297,68.3,-0.02,AVOID|STRAIGHT,0.0,8.00,0.00,0.0,0.9,4062
166.75,-8.619,69.297,68.3,-0.00,AVOID|STRAIGHT,0.0,8.00,0.00,0.0,1.0,4062
166.80,-8.619,69.297,68.3,-0.00,AVOID|STRAIGHT,0.0,8.00,0.00,0.0,1.0,4062
166.85,-8.619,69.297,68.4,-0.00,AVOID|STRAIGHT,0.0,8.00,0.00,0.0,1.0,4077
166.90,-8.619,69.297,68.4,-0.00,AVOID|STRAIGHT,0.0,8.00,0.00,0.0,0.9,4077
166.95,-8.619,69.297,68.4,-0.00,AVOID|STRAIGHT,0.0,8.00,0.00,0.0,1.0,4077
167.00,-8.614,69.297,68.3,0.01,AVOID|STRAIGHT,0.0,8.00,0.00,0.0,1.0,4062
167.05,-8.614,69.297,68.3,0.01,AVOID|STRAIGHT,0.0,8.00,0.00,0.0,1.0,4062
167.10,-8.614,69.297,68.3,0.01,AVOID|STRAIGHT,0.0,8.00,0.00,0.0,0.9,4062
167.15,-8.614,69.297,68.3,0.01,AVOID|STRAIGHT,0.0,8.00,0.00,0.0,0.9,4077
167.20,-8.615,69.296,68.3,-0.00,AVOID|STRAIGHT,0.0,8.00,0.00,0.0,1.0,4077
167.25,-8.615,69.296,68.3,-0.00,AVOID|STRAIGHT,0.0,8.00,0.00,0.0,1.0,4077
167.30,-8.615,69.296,68.3,-0.00,AVOID|STRAIGHT,0.0,8.00,0.00,0.0,0.9,4062
167.35,-8.615,69.288,68.3,-0.05,AVOID|STRAIGHT,0.0,8.00,0.00,0.0,0.9,4062
167.40,-8.615,69.288,68.3,-0.05,AVOID|STRAIGHT,0.0,8.00,0.00,0.0,1.0,4062
167.45,-8.614,69.293,68.3,0.05,AVOID|STRAIGHT,0.0,8.00,0.00,0.0,1.0,4077
167.50,-8.614,69.293,68.3,0.05,AVOID|STRAIGHT,0.0,8.00,0.00,0.0,1.0,4062
167.55,-8.618,69.293,68.3,-0.01,AVOID|STRAIGHT,0.0,8.00,0.00,0.0,0.9,4077
167.60,-8.618,69.293,68.3,-0.01,AVOID|STRAIGHT,0.0,8.00,0.00,0.0,1.0,4062
167.65,-8.615,69.295,68.3,0.03,AVOID|STRAIGHT,0.0,8.00,0.00,0.0,1.0,4077
167.70,-8.615,69.295,68.3,0.03,AVOID|STRAIGHT,0.0,8.00,0.00,0.0,1.0,4062
167.75,-8.615,69.295,68.4,0.03,AVOID|STRAIGHT,0.0,8.00,0.00,0.0,1.0,4062
167.80,-8.613,69.297,68.3,0.02,AVOID|STRAIGHT,0.0,8.00,0.00,0.0,1.0,4062
167.85,-8.613,69.297,68.4,0.02,AVOID|STRAIGHT,0.0,8.00,0.00,0.0,1.0,4077
167.90,-8.614,69.299,68.4,0.02,AVOID|STRAIGHT,0.0,8.00,0.00,0.0,0.9,4077
167.95,-8.614,69.299,68.4,0.02,AVOID|STRAIGHT,0.0,8.00,0.00,0.0,1.0,4062
168.00,-8.613,69.300,68.4,0.01,AVOID|STRAIGHT,0.0,8.00,0.00,0.0,1.0,4062
168.05,-8.613,69.300,68.4,0.01,AVOID|STRAIGHT,0.0,8.00,0.00,0.0,0.9,4077
168.10,-8.632,69.303,68.4,-0.03,AVOID|STRAIGHT,0.0,8.00,0.00,0.0,0.9,4077
168.15,-8.632,69.303,68.4,-0.03,AVOID|STRAIGHT,0.0,8.00,0.00,0.0,1.0,4047
168.20,-8.632,69.303,68.4,-0.03,AVOID|STRAIGHT,0.0,8.00,0.00,0.0,0.9,4077
168.25,-8.632,69.303,68.4,-0.03,AVOID|STRAIGHT,0.0,8.00,0.00,0.0,1.0,4062
168.30,-8.632,69.301,68.4,-0.01,AVOID|STRAIGHT,0.0,8.00,0.00,0.0,1.0,4062
168.35,-8.632,69.301,68.4,-0.01,AVOID|STRAIGHT,0.0,8.00,0.00,0.0,1.0,4062
168.40,-8.631,69.298,68.4,-0.03,AVOID|STRAIGHT,0.0,8.00,0.00,0.0,0.9,4062
168.45,-8.633,69.296,68.4,-0.03,AVOID|STRAIGHT,0.0,8.00,0.00,0.0,0.9,4062
168.50,-8.633,69.296,68.4,-0.03,AVOID|STRAIGHT,0.0,8.00,0.00,0.0,1.0,4062
168.55,-8.634,69.297,68.4,0.01,AVOID|STRAIGHT,0.0,8.00,0.00,0.0,1.0,4047
168.60,-8.634,69.297,68.4,0.01,AVOID|STRAIGHT,0.0,8.00,0.00,0.0,1.0,4047
168.65,-8.632,69.297,68.4,0.00,AVOID|STRAIGHT,0.0,8.00,0.00,0.0,0.9,4077
168.70,-8.632,69.297,68.4,0.00,AVOID|STRAIGHT,0.0,8.00,0.00,0.0,0.9,4062
168.75,-8.634,69.298,68.4,0.01,AVOID|STRAIGHT,0.0,8.00,0.00,0.0,0.9,4062
168.80,-8.634,69.298,68.4,0.01,AVOID|STRAIGHT,0.0,8.00,0.00,0.0,1.0,4062
168.85,-8.633,69.303,68.4,0.05,AVOID|STRAIGHT,0.0,8.00,0.00,0.0,1.0,4062
168.90,-8.633,69.303,68.4,0.05,AVOID|STRAIGHT,0.0,8.00,0.00,0.0,1.0,4062
168.95,-8.633,69.303,68.4,0.05,AVOID|STRAIGHT,0.0,8.00,0.00,0.0,0.9,4062
169.00,-8.638,69.305,68.4,-0.00,AVOID|STRAIGHT,0.0,8.00,0.00,0.0,0.9,4077
169.05,-8.638,69.305,68.4,-0.00,AVOID|STRAIGHT,0.0,8.00,0.00,0.0,0.9,4077
169.10,-8.638,69.305,68.4,-0.00,AVOID|STRAIGHT,0.0,8.00,0.00,0.0,1.0,4062
169.15,-8.638,69.305,68.4,-0.00,AVOID|STRAIGHT,0.0,8.00,0.00,0.0,1.0,4062
169.20,-8.635,69.303,68.4,-0.00,AVOID|STRAIGHT,0.0,8.00,0.00,0.0,1.0,4062
169.25,-8.635,69.303,68.4,-0.00,AVOID|STRAIGHT,0.0,8.00,0.00,0.0,0.9,4077
169.30,-8.635,69.303,68.4,-0.00,AVOID|STRAIGHT,0.0,8.00,0.00,0.0,0.9,4077
169.35,-8.632,69.300,68.4,-0.01,AVOID|STRAIGHT,0.0,8.00,0.00,0.0,0.9,4077
169.40,-8.632,69.300,68.4,-0.01,AVOID|STRAIGHT,0.0,8.00,0.00,0.0,1.0,4047
169.45,-8.632,69.302,68.4,0.01,AVOID|STRAIGHT,0.0,8.00,0.00,0.0,0.9,4062
169.50,-8.632,69.302,68.4,0.01,AVOID|STRAIGHT,0.0,8.00,0.00,0.0,0.9,4062
169.55,-8.636,69.306,68.4,0.02,AVOID|STRAIGHT,0.0,8.00,0.00,0.0,1.0,4062
169.60,-8.636,69.306,68.4,0.02,AVOID|STRAIGHT,0.0,8.00,0.00,0.0,0.9,4062
169.65,-8.636,69.307,68.4,0.01,AVOID|STRAIGHT,0.0,8.00,0.00,0.0,0.9,4077
169.70,-8.636,69.307,68.4,0.01,AVOID|STRAIGHT,0.0,8.00,0.00,0.0,0.9,4062
169.75,-8.635,69.302,68.4,-0.05,AVOID|STRAIGHT,0.0,8.00,0.00,0.0,1.0,4077
169.80,-8.635,69.302,68.4,-0.05,AVOID|STRAIGHT,0.0,8.00,0.00,0.0,0.9,4062
169.85,-8.636,69.300,68.4,-0.03,AVOID|STRAIGHT,0.0,8.00,0.00,0.0,0.9,4077
169.90,-8.636,69.300,68.4,-0.03,AVOID|STRAIGHT,0.0,8.00,0.00,0.0,0.9,4077
169.95,-8.636,69.300,68.4,-0.03,AVOID|STRAIGHT,0.0,8.00,0.00,0.0,1.0,4092
170.00,-8.636,69.305,68.4,0.04,AVOID|STRAIGHT,0.0,8.00,0.00,0.0,0.9,4092
170.05,-8.636,69.305,68.4,0.04,AVOID|STRAIGHT,0.0,8.00,0.00,0.0,1.0,4077
170.10,-8.636,69.305,68.4,0.04,AVOID|STRAIGHT,0.0,8.00,0.00,0.0,0.9,4092
170.15,-8.653,69.296,68.5,-0.08,AVOID|STRAIGHT,0.0,8.00,0.00,0.0,1.0,4062
170.20,-8.653,69.296,68.7,-0.08,AVOID|STRAIGHT,0.0,8.00,0.00,0.0,1.0,4062
170.25,-8.653,69.296,68.7,-0.08,AVOID|STRAIGHT,0.0,8.00,0.00,0.0,0.9,4062
170.30,-8.659,69.298,68.8,-0.00,AVOID|STRAIGHT,0.0,8.00,0.00,0.0,0.9,4062
170.35,-8.659,69.298,68.8,-0.00,AVOID|STRAIGHT,0.0,8.00,0.00,0.0,1.0,4062
170.40,-8.659,69.298,68.8,-0.00,AVOID|STRAIGHT,0.0,8.00,0.00,0.0,0.9,4077
170.45,-8.659,69.302,68.8,0.02,AVOID|STRAIGHT,0.0,8.00,0.00,0.0,0.9,4062
170.50,-8.659,69.302,68.8,0.02,AVOID|STRAIGHT,0.0,8.00,0.00,0.0,1.0,4077
170.55,-8.658,69.305,68.7,0.03,AVOID|STRAIGHT,0.0,8.00,0.00,0.0,0.9,4062
170.60,-8.658,69.305,68.6,0.03,AVOID|STRAIGHT,0.0,8.00,0.00,0.0,0.9,4062
170.65,-8.658,69.303,68.6,-0.01,AVOID|STRAIGHT,0.0,8.00,0.00,0.0,1.0,4062
170.70,-8.658,69.303,68.5,-0.01,AVOID|STRAIGHT,0.0,8.00,0.00,0.0,0.9,4062
170.75,-8.661,69.307,68.6,0.02,AVOID|STRAIGHT,0.0,8.00,0.00,0.0,0.9,4077
170.80,-8.661,69.307,68.7,0.02,AVOID|STRAIGHT,0.0,8.00,0.00,0.0,1.0,4077
170.85,-8.660,69.303,68.8,-0.03,AVOID|STRAIGHT,0.0,8.00,0.00,0.0,0.9,4077
170.90,-8.660,69.303,69.1,-0.03,AVOID|STRAIGHT,0.0,8.00,0.00,0.0,0.8,4092
170.95,-8.660,69.303,69.3,-0.03,AVOID|STRAIGHT,0.0,8.00,0.00,0.0,0.8,4077
171.00,-8.660,69.293,69.6,-0.07,AVOID|STRAIGHT,0.0,8.00,0.00,0.0,0.8,4077
171.05,-8.660,69.293,69.6,-0.07,AVOID|STRAIGHT,0.0,8.00,0.00,0.0,0.9,4077
171.10,-8.660,69.293,69.3,-0.07,AVOID|RIGHT,0.0,8.00,0.00,0.0,0.8,4092
171.15,-8.660,69.293,69.0,-0.07,AVOID|RIGHT,0.0,8.00,0.00,0.0,0.9,4077
171.20,-8.647,69.303,68.3,0.06,AVOID|RIGHT,0.0,8.00,0.00,0.0,0.9,4077
171.25,-8.647,69.303,68.0,0.06,AVOID|RIGHT,-3.4,8.00,0.00,0.0,0.9,4077
171.30,-8.647,69.303,67.3,0.06,AVOID|RIGHT,-3.4,8.00,0.00,-3.4,0.9,4077
171.35,-8.624,69.295,67.0,0.01,AVOID|RIGHT,-4.8,8.00,0.00,-3.4,0.9,4077
171.40,-8.624,69.295,66.5,0.01,AVOID|RIGHT,-4.8,8.00,0.00,-4.8,0.9,4077
171.45,-8.624,69.295,66.4,0.01,AVOID|RIGHT,-13.7,8.00,0.00,-4.8,0.1,4167
171.50,-8.602,69.291,66.1,0.04,AVOID|RIGHT,-13.7,8.00,0.00,-13.7,-1.0,4262
171.55,-8.591,69.283,66.0,-0.03,AVOID|RIGHT,-16.6,8.00,0.00,-16.6,-2.3,4395
171.60,-8.591,69.283,65.8,-0.03,AVOID|RIGHT,-16.6,8.00,0.00,-16.6,-3.6,4519
171.65,-8.583,69.281,65.8,0.01,AVOID|STRAIGHT,-7.8,8.00,0.00,-7.8,-5.2,4669
171.70,-8.583,69.281,65.5,0.01,AVOID|STRAIGHT,-7.8,8.00,0.00,-7.8,-8.1,4850
171.75,-8.576,69.271,65.4,-0.05,AVOID|LEFT,0.0,8.00,0.00,0.0,-11.1,5001
171.80,-8.576,69.271,65.2,-0.05,AVOID|LEFT,0.0,8.00,0.00,0.0,-11.9,5068
171.85,-8.590,69.254,65.1,-0.21,CLEAR|STRAIGHT,,999.00,0.00,0.0,-11.8,5068
171.90,-8.590,69.254,64.9,-0.21,CLEAR|STRAIGHT,,999.00,0.00,0.0,-10.1,5046
171.95,-8.590,69.254,65.0,-0.21,CLEAR|STRAIGHT,,999.00,0.00,0.0,-7.4,4957
172.00,-8.608,69.233,65.5,-0.21,CLEAR|STRAIGHT,,999.00,0.00,0.0,-3.7,4768
172.05,-8.608,69.233,65.7,-0.21,CLEAR|STRAIGHT,,999.00,0.00,0.0,-0.9,4537
172.10,-8.608,69.233,65.9,-0.21,CLEAR|STRAIGHT,,999.00,0.00,0.0,1.2,4262
172.15,-8.624,69.146,65.9,-0.50,CLEAR|STRAIGHT,,999.00,0.00,0.0,2.6,4018
172.20,-8.624,69.146,65.5,-0.50,CLEAR|STRAIGHT,,999.00,0.00,0.0,2.7,3934
172.25,-8.637,69.091,65.2,-0.56,CLEAR|STRAIGHT,,999.00,0.00,0.0,2.6,3907
172.30,-8.637,69.091,64.2,-0.56,CLEAR|STRAIGHT,,999.00,0.00,0.0,1.8,3990
172.35,-8.637,69.091,63.6,-0.56,CLEAR|STRAIGHT,,999.00,0.00,0.0,1.2,4047
172.40,-8.656,69.046,62.1,-0.38,CLEAR|STRAIGHT,,999.00,0.00,0.0,1.0,4077
172.45,-8.656,69.046,61.3,-0.38,CLEAR|STRAIGHT,,999.00,0.00,0.0,1.0,4077
172.50,-8.656,69.046,59.4,-0.38,CLEAR|STRAIGHT,,999.00,0.00,0.0,1.0,4092
172.55,-8.656,69.046,58.3,-0.38,CLEAR|STRAIGHT,,999.00,0.00,0.0,1.0,4077
172.60,-8.678,68.980,55.9,-0.37,CLEAR|STRAIGHT,,999.00,0.00,0.0,0.6,4137
172.65,-8.688,68.949,54.6,-0.34,CLEAR|STRAIGHT,,999.00,0.00,0.0,0.6,4137
172.70,-8.688,68.949,51.8,-0.34,CLEAR|STRAIGHT,,999.00,0.00,0.0,0.6,4121
172.75,-8.688,68.920,50.2,-0.23,CLEAR|STRAIGHT,,999.00,0.00,0.0,0.6,4121
172.80,-8.688,68.920,46.9,-0.23,CLEAR|STRAIGHT,,999.00,0.00,0.0,0.6,4121
172.85,-8.693,68.898,45.2,-0.19,CLEAR|STRAIGHT,,999.00,0.00,0.0,0.6,4121
172.90,-8.693,68.898,41.7,-0.19,CLEAR|STRAIGHT,,999.00,0.00,0.0,0.6,4137
172.95,-8.693,68.898,39.9,-0.19,CLEAR|STRAIGHT,,999.00,0.00,0.0,0.6,4121
173.00,-8.699,68.868,36.1,-0.16,CLEAR|STRAIGHT,,999.00,0.00,0.0,0.6,4121
173.05,-8.699,68.868,34.3,-0.16,CLEAR|STRAIGHT,,999.00,0.00,0.0,0.6,4137
173.10,-8.699,68.868,30.5,-0.16,CLEAR|STRAIGHT,,999.00,0.00,0.0,0.6,4137
173.15,-8.699,68.868,28.7,-0.16,CLEAR|STRAIGHT,,999.00,0.00,0.0,0.6,4121
173.20,-8.721,68.787,24.9,-0.28,CLEAR|STRAIGHT,,999.00,0.00,0.0,0.6,4137
173.25,-8.721,68.787,23.0,-0.28,CLEAR|STRAIGHT,,999.00,0.00,0.0,0.6,4137
173.30,-8.721,68.787,19.0,-0.28,CLEAR|STRAIGHT,,999.00,0.00,0.0,0.6,4121
173.35,-8.767,68.703,17.0,-0.47,CLEAR|STRAIGHT,,999.00,0.00,0.0,0.6,4121
173.40,-8.767,68.703,13.1,-0.47,CLEAR|STRAIGHT,,999.00,0.00,0.0,0.6,4121
173.45,-8.780,68.665,10.8,-0.18,CLEAR|STRAIGHT,,999.00,0.00,0.0,0.6,4121
173.50,-8.780,68.665,6.0,-0.18,CLEAR|STRAIGHT,,999.00,0.00,0.0,0.6,4121
173.55,-8.797,68.615,3.5,-0.20,CLEAR|STRAIGHT,,999.00,0.00,0.0,0.6,4137
173.60,-8.797,68.615,-1.6,-0.20,CLEAR|STRAIGHT,,999.00,0.00,0.0,0.6,4121
173.65,-8.815,68.571,-4.2,-0.14,AVOID|STRAIGHT,0.0,8.00,0.00,0.0,0.6,4121
173.70,-8.815,68.571,-9.7,-0.14,AVOID|STRAIGHT,0.0,8.00,0.00,0.0,0.6,4121
173.75,-8.815,68.571,-12.6,-0.14,AVOID|LEFT,1.6,8.00,0.00,1.6,0.6,4137
173.80,-8.825,68.533,-18.2,-0.01,AVOID|LEFT,1.6,8.00,0.00,1.6,0.6,4137
173.85,-8.825,68.533,-21.0,-0.01,BLOCKED|STOP,,3.24,0.00,0.0,0.6,4137
173.90,-8.850,68.488,-25.5,-0.07,AVOID|RIGHT,-15.6,8.00,0.00,0.0,0.6,4137
173.95,-8.850,68.488,-27.9,-0.07,AVOID|RIGHT,-15.6,8.00,0.00,-15.6,0.6,4121
174.00,-8.883,68.431,-32.2,-0.00,AVOID|RIGHT,-8.4,8.00,0.00,-15.6,0.6,4121
174.05,-8.883,68.431,-34.2,-0.00,AVOID|RIGHT,-8.4,8.00,0.00,-8.4,0.5,4137
174.10,-8.883,68.431,-37.9,-0.00,AVOID|RIGHT,-0.2,8.00,0.00,-8.4,-1.1,4262
174.15,-8.883,68.431,-39.5,-0.00,AVOID|RIGHT,-0.2,8.00,0.00,-0.2,-3.6,4519
174.20,-8.953,68.346,-42.6,0.01,AVOID|STRAIGHT,0.0,8.00,0.00,-0.2,-6.3,4748
174.25,-8.953,68.346,-44.1,0.01,AVOID|STRAIGHT,0.0,8.00,0.00,0.0,-8.1,4892
174.30,-8.953,68.346,-47.3,0.01,AVOID|STRAIGHT,0.0,8.00,0.00,0.0,-7.2,4871
174.35,-8.953,68.346,-48.9,0.01,AVOID|STRAIGHT,0.0,8.00,0.00,0.0,-5.1,4788
174.40,-9.011,68.276,-52.1,0.09,AVOID|STRAIGHT,0.0,8.00,0.00,0.0,-1.9,4574
174.45,-9.011,68.276,-53.8,0.09,AVOID|STRAIGHT,0.0,8.00,0.00,0.0,0.4,4295
174.50,-9.011,68.276,-57.1,0.09,AVOID|STRAIGHT,4.0,8.00,0.00,4.0,1.7,4121
174.55,-9.011,68.276,-58.4,0.09,AVOID|STRAIGHT,4.0,8.00,0.00,4.0,2.2,3990
174.60,-9.092,68.168,-62.3,0.25,AVOID|LEFT,12.3,8.00,0.00,12.3,2.2,3948
174.65,-9.092,68.168,-63.7,0.25,AVOID|LEFT,12.3,8.00,0.00,12.3,2.4,3907
174.70,-9.125,68.117,-67.7,0.32,BLOCKED|STOP,,0.76,0.00,0.0,3.1,3827
174.75,-9.125,68.117,-69.0,0.32,BLOCKED|STOP,,0.69,0.00,0.0,4.6,3618
174.80,-9.149,68.067,-72.2,0.38,BLOCKED|STOP,,0.69,0.00,0.0,6.3,3399
174.85,-9.149,68.067,-73.7,0.38,BLOCKED|STOP,,0.66,0.00,0.0,6.0,3379
174.90,-9.186,68.026,-76.6,0.29,BLOCKED|STOP,,0.66,0.00,0.0,4.0,3549
174.95,-9.186,68.026,-78.0,0.29,BLOCKED|STOP,,0.69,0.00,0.0,1.9,3801
175.00,-9.244,67.993,-80.4,0.16,BLOCKED|STOP,,0.69,0.00,0.0,0.0,4077
175.05,-9.244,67.993,-81.6,0.16,BLOCKED|STOP,,0.73,0.00,0.0,-1.2,4230
175.10,-9.244,67.993,-84.0,0.16,BLOCKED|STOP,,0.73,0.00,0.0,-1.6,4311
175.15,-9.244,67.993,-85.1,0.16,BLOCKED|STOP,,0.76,0.00,0.0,-1.6,4344
175.20,-9.305,67.953,-87.3,0.19,BLOCKED|STOP,,0.76,0.00,0.0,-1.5,4361
175.25,-9.305,67.953,-88.5,0.19,BLOCKED|STOP,,0.79,0.00,0.0,-1.5,4361
175.30,-9.305,67.953,-90.8,0.19,BLOCKED|STOP,,0.79,0.00,0.0,-1.6,4378
175.35,-9.388,67.901,-92.0,0.33,AVOID|RIGHT,-14.4,8.00,0.00,-14.4,-1.6,4378
175.40,-9.388,67.901,-94.4,0.33,AVOID|RIGHT,-14.4,8.00,0.00,-14.4,-0.6,4311
175.45,-9.427,67.871,-95.6,0.34,AVOID|RIGHT,-6.4,8.00,0.00,-6.4,0.2,4230
175.50,-9.427,67.871,-98.1,0.34,AVOID|RIGHT,-6.4,8.00,0.00,-6.4,-0.8,4295
175.55,-9.427,67.871,-99.4,0.34,AVOID|LEFT,0.0,8.00,0.00,0.0,-2.9,4465
175.60,-9.450,67.841,-101.8,0.26,AVOID|LEFT,0.0,8.00,0.00,0.0,-5.2,4669
175.65,-9.450,67.841,-103.2,0.26,AVOID|LEFT,0.0,8.00,0.00,0.0,-6.3,4788
175.70,-9.450,67.841,-105.9,0.26,AVOID|LEFT,8.3,8.00,0.00,0.0,-5.5,4768
175.75,-9.450,67.841,-107.2,0.26,AVOID|LEFT,8.3,8.00,0.00,8.3,-3.0,4630
175.80,-9.525,67.753,-109.6,0.59,AVOID|RIGHT,-0.6,8.00,0.00,8.3,-0.8,4430
175.85,-9.525,67.753,-110.6,0.59,AVOID|RIGHT,-0.6,8.00,0.00,-0.6,0.5,4262
175.90,-9.525,67.753,-112.1,0.59,AVOID|RIGHT,-4.2,8.00,0.00,-0.6,2.9,3948
175.95,-9.525,67.753,-112.8,0.59,AVOID|RIGHT,-4.2,8.00,0.00,-4.2,5.0,3641
176.00,-9.592,67.701,-113.7,0.34,AVOID|RIGHT,0.0,8.00,0.00,0.0,4.8,3583
176.05,-9.592,67.701,-114.1,0.34,AVOID|RIGHT,0.0,8.00,0.00,0.0,2.7,3788
176.10,-9.592,67.701,-114.7,0.34,AVOID|RIGHT,0.0,8.00,0.00,0.0,-0.0,4092
176.15,-9.592,67.701,-115.0,0.34,AVOID|RIGHT,0.0,8.00,0.00,0.0,-2.0,4311
176.20,-9.639,67.684,-115.9,0.18,AVOID|RIGHT,0.0,8.00,0.00,0.0,-2.9,4447
176.25,-9.639,67.684,-116.4,0.18,AVOID|RIGHT,0.0,8.00,0.00,0.0,-2.9,4483
176.30,-9.639,67.684,-117.7,0.18,AVOID|RIGHT,0.0,8.00,0.00,0.0,-2.9,4519
176.35,-9.711,67.657,-118.3,0.34,AVOID|RIGHT,0.0,8.00,0.00,0.0,-2.0,4447
176.40,-9.711,67.657,-119.7,0.34,CLEAR|STRAIGHT,,999.00,0.00,0.0,-1.4,4395
176.45,-9.734,67.654,-120.4,0.15,CLEAR|STRAIGHT,,999.00,0.00,0.0,-0.9,4361
176.50,-9.734,67.654,-121.7,0.15,CLEAR|STRAIGHT,,999.00,0.00,0.0,-0.8,4344
176.55,-9.734,67.654,-122.7,0.15,CLEAR|STRAIGHT,,999.00,0.00,0.0,-0.9,4328
176.60,-9.755,67.644,-124.2,0.18,CLEAR|STRAIGHT,,999.00,0.00,0.0,-0.9,4328
176.65,-9.755,67.644,-125.1,0.18,CLEAR|STRAIGHT,,999.00,0.00,0.0,-0.9,4328
176.70,-9.774,67.632,-127.1,0.21,CLEAR|STRAIGHT,,999.00,0.00,0.0,-0.9,4328
176.75,-9.774,67.632,-127.9,0.21,CLEAR|STRAIGHT,,999.00,0.00,0.0,-0.9,4328
176.80,-9.784,67.609,-129.6,0.24,CLEAR|STRAIGHT,,999.00,0.00,0.0,-0.9,4328
176.85,-9.784,67.609,-130.2,0.24,CLEAR|STRAIGHT,,999.00,0.00,0.0,-0.9,4344
176.90,-9.794,67.581,-131.2,0.28,CLEAR|STRAIGHT,,999.00,0.00,0.0,-0.9,4328
176.95,-9.794,67.581,-131.5,0.28,AVOID|LEFT,0.0,8.00,0.00,0.0,-0.8,4328
177.00,-9.793,67.557,-131.7,0.17,AVOID|LEFT,0.0,8.00,0.00,0.0,-0.8,4328
177.05,-9.793,67.557,-131.6,0.17,AVOID|LEFT,0.0,8.00,0.00,0.0,-0.8,4328
177.10,-9.798,67.542,-131.2,0.14,AVOID|LEFT,0.0,8.00,0.00,0.0,-0.9,4328
177.15,-9.798,67.542,-130.9,0.14,AVOID|LEFT,0.0,8.00,0.00,0.0,-0.8,4328
177.20,-9.798,67.520,-130.2,0.12,AVOID|LEFT,0.0,8.00,0.00,0.0,-0.8,4328
177.25,-9.798,67.520,-129.9,0.12,AVOID|LEFT,0.0,8.00,0.00,0.0,-0.8,4328
177.30,-9.798,67.520,-129.4,0.12,AVOID|LEFT,0.0,8.00,0.00,0.0,-0.8,4328
177.35,-9.787,67.497,-129.2,0.08,CLEAR|STRAIGHT,,999.00,0.00,0.0,-0.8,4328
177.40,-9.787,67.497,-128.7,0.08,CLEAR|STRAIGHT,,999.00,0.00,0.0,-0.9,4328
177.45,-9.787,67.497,-128.6,0.08,CLEAR|STRAIGHT,,999.00,0.00,0.0,-0.8,4344
177.50,-9.789,67.494,-128.3,0.03,CLEAR|STRAIGHT,,999.00,0.00,0.0,-0.8,4328
177.55,-9.789,67.494,-128.3,0.03,CLEAR|STRAIGHT,,999.00,0.00,0.0,-0.8,4328
177.60,-9.789,67.494,-128.3,0.03,CLEAR|STRAIGHT,,999.00,0.00,0.0,-0.9,4328
177.65,-9.789,67.494,-128.4,0.03,CLEAR|STRAIGHT,,999.00,0.00,0.0,-0.9,4328
177.70,-9.791,67.493,-128.5,0.01,CLEAR|STRAIGHT,,999.00,0.00,0.0,-0.9,4328
177.75,-9.791,67.493,-128.5,0.01,CLEAR|STRAIGHT,,999.00,0.00,0.0,-0.8,4328
177.80,-9.791,67.493,-128.6,0.01,CLEAR|STRAIGHT,,999.00,0.00,0.0,-0.9,4328
177.85,-9.765,67.478,-128.6,-0.03,CLEAR|STRAIGHT,,999.00,0.00,0.0,-0.9,4328
177.90,-9.765,67.478,-128.2,-0.03,CLEAR|STRAIGHT,,999.00,0.00,0.0,-0.8,4328
177.95,-9.765,67.478,-127.9,-0.03,CLEAR|STRAIGHT,,999.00,0.00,0.0,-0.9,4328
178.00,-9.751,67.464,-127.3,0.01,CLEAR|STRAIGHT,,999.00,0.00,0.0,-0.9,4328
178.05,-9.751,67.464,-127.3,0.01,CLEAR|STRAIGHT,,999.00,0.00,0.0,-0.8,4328
178.10,-9.751,67.464,-127.8,0.01,CLEAR|STRAIGHT,,999.00,0.00,0.0,-0.8,4328
178.15,-9.751,67.464,-128.2,0.01,CLEAR|STRAIGHT,,999.00,0.00,0.0,-0.9,4328
178.20,-9.718,67.468,-128.7,-0.12,CLEAR|STRAIGHT,,999.00,0.00,0.0,-0.9,4328
178.25,-9.718,67.468,-128.3,-0.12,CLEAR|STRAIGHT,,999.00,0.00,0.0,-0.9,4328
178.30,-9.718,67.468,-128.2,-0.12,CLEAR|STRAIGHT,,999.00,0.00,0.0,-0.9,4344
178.35,-9.718,67.468,-128.2,-0.12,CLEAR|STRAIGHT,,999.00,0.00,0.0,-0.9,4344
178.40,-9.709,67.445,-128.4,0.06,CLEAR|STRAIGHT,,999.00,0.00,0.0,-0.8,4328
178.45,-9.709,67.445,-128.4,0.06,CLEAR|STRAIGHT,,999.00,0.00,0.0,-0.9,4328
178.50,-9.709,67.445,-128.3,0.06,CLEAR|STRAIGHT,,999.00,0.00,0.0,-0.9,4328
178.55,-9.709,67.445,-128.2,0.06,CLEAR|STRAIGHT,,999.00,0.00,0.0,-0.8,4328
178.60,-9.721,67.454,-128.3,0.00,CLEAR|STRAIGHT,,999.00,0.00,0.0,-0.8,4328
178.65,-9.721,67.454,-128.3,0.00,CLEAR|STRAIGHT,,999.00,0.00,0.0,-0.9,4311
178.70,-9.721,67.454,-128.3,0.00,CLEAR|STRAIGHT,,999.00,0.00,0.0,-0.9,4328
178.75,-9.703,67.452,-128.3,-0.06,CLEAR|STRAIGHT,,999.00,0.00,0.0,-0.9,4328
178.80,-9.703,67.452,-128.2,-0.06,CLEAR|STRAIGHT,,999.00,0.00,0.0,-0.9,4328
178.85,-9.703,67.452,-128.3,-0.06,CLEAR|STRAIGHT,,999.00,0.00,0.0,-0.9,4328
178.90,-9.710,67.448,-128.3,0.07,CLEAR|STRAIGHT,,999.00,0.00,0.0,-0.8,4344
178.95,-9.710,67.448,-128.2,0.07,CLEAR|STRAIGHT,,999.00,0.00,0.0,-0.9,4344
179.00,-9.716,67.452,-128.3,0.01,CLEAR|STRAIGHT,,999.00,0.00,0.0,-0.9,4328
179.05,-9.716,67.452,-128.3,0.01,CLEAR|STRAIGHT,,999.00,0.00,0.0,-0.9,4344
179.10,-9.716,67.452,-128.3,0.01,CLEAR|STRAIGHT,,999.00,0.00,0.0,-0.8,4328
179.15,-9.716,67.452,-128.3,0.01,CLEAR|STRAIGHT,,999.00,0.00,0.0,-0.8,4328
179.20,-9.704,67.438,-128.3,0.02,CLEAR|STRAIGHT,,999.00,0.00,0.0,-0.8,4328
179.25,-9.704,67.438,-128.3,0.02,CLEAR|STRAIGHT,,999.00,0.00,0.0,-0.9,4328
179.30,-9.704,67.438,-128.3,0.02,CLEAR|STRAIGHT,,999.00,0.00,0.0,-0.8,4328
179.35,-9.704,67.438,-128.3,0.02,CLEAR|STRAIGHT,,999.00,0.00,0.0,-0.8,4328
179.40,-9.700,67.434,-128.2,0.01,CLEAR|STRAIGHT,,999.00,0.00,0.0,-0.9,4328
179.45,-9.700,67.434,-128.2,0.01,CLEAR|STRAIGHT,,999.00,0.00,0.0,-0.9,4344
179.50,-9.700,67.434,-128.2,0.01,CLEAR|STRAIGHT,,999.00,0.00,0.0,-0.8,4328
179.55,-9.700,67.434,-128.2,0.01,CLEAR|STRAIGHT,,999.00,0.00,0.0,-0.8,4328
179.60,-9.702,67.437,-128.2,-0.01,CLEAR|STRAIGHT,,999.00,0.00,0.0,-0.9,4344
179.65,-9.704,67.438,-128.2,0.00,CLEAR|STRAIGHT,,999.00,0.00,0.0,-0.8,4328
179.70,-9.704,67.438,-128.2,0.00,CLEAR|STRAIGHT,,999.00,0.00,0.0,-0.9,4328
179.75,-9.704,67.438,-128.2,0.00,CLEAR|STRAIGHT,,999.00,0.00,0.0,-0.9,4328
179.80,-9.699,67.441,-128.2,-0.05,CLEAR|STRAIGHT,,999.00,0.00,0.0,-0.9,4328
179.85,-9.699,67.441,-128.2,-0.05,CLEAR|STRAIGHT,,999.00,0.00,0.0,-0.9,4328
179.90,-9.701,67.440,-128.2,0.02,CLEAR|STRAIGHT,,999.00,0.00,0.0,-0.8,4328
179.95,-9.701,67.440,-128.2,0.02,CLEAR|STRAIGHT,,999.00,0.00,0.0,-0.9,4328
180.00,-9.705,67.439,-128.2,0.03,CLEAR|STRAIGHT,,999.00,0.00,0.0,-0.9,4328
180.05,-9.705,67.439,-128.2,0.03,CLEAR|STRAIGHT,,999.00,0.00,0.0,-0.8,4328
180.10,-9.705,67.439,-128.2,0.03,CLEAR|STRAIGHT,,999.00,0.00,0.0,-0.8,4328
180.15,-9.705,67.439,-128.2,0.03,CLEAR|STRAIGHT,,999.00,0.00,0.0,-0.9,4328
180.20,-9.705,67.441,-128.2,-0.01,CLEAR|STRAIGHT,,999.00,0.00,0.0,-0.8,4328
180.25,-9.705,67.441,-128.2,-0.01,CLEAR|STRAIGHT,,999.00,0.00,0.0,-0.8,4344
180.30,-9.705,67.441,-128.2,-0.01,CLEAR|STRAIGHT,,999.00,0.00,0.0,-0.9,4328
180.35,-9.705,67.441,-128.2,-0.01,CLEAR|STRAIGHT,,999.00,0.00,0.0,-0.8,4328
180.40,-9.717,67.439,-128.2,0.04,CLEAR|STRAIGHT,,999.00,0.00,0.0,-0.8,4344
180.45,-9.717,67.439,-128.2,0.04,CLEAR|STRAIGHT,,999.00,0.00,0.0,-0.9,4344
180.50,-9.717,67.439,-128.2,0.04,CLEAR|STRAIGHT,,999.00,0.00,0.0,-0.8,4344
180.55,-9.712,67.444,-128.2,-0.03,CLEAR|STRAIGHT,,999.00,0.00,0.0,-0.9,4328
180.60,-9.712,67.444,-128.2,-0.03,CLEAR|STRAIGHT,,999.00,0.00,0.0,-0.9,4328
180.65,-9.712,67.444,-128.2,-0.03,CLEAR|STRAIGHT,,999.00,0.00,0.0,-0.9,4328
180.70,-9.715,67.439,-128.2,0.05,CLEAR|STRAIGHT,,999.00,0.00,0.0,-0.8,4328
180.75,-9.715,67.439,-128.2,0.05,CLEAR|STRAIGHT,,999.00,0.00,0.0,-0.9,4328
180.80,-9.715,67.440,-128.2,-0.00,CLEAR|STRAIGHT,,999.00,0.00,0.0,-0.8,4328
180.85,-9.715,67.440,-128.2,-0.00,CLEAR|STRAIGHT,,999.00,0.00,0.0,-0.9,4328
180.90,-9.715,67.440,-128.2,-0.00,CLEAR|STRAIGHT,,999.00,0.00,0.0,-0.9,4328
180.95,-9.715,67.440,-128.2,-0.00,CLEAR|STRAIGHT,,999.00,0.00,0.0,-0.9,4328
181.00,-9.721,67.443,-128.2,0.00,CLEAR|STRAIGHT,,999.00,0.00,0.0,-0.8,4311
181.05,-9.721,67.443,-128.2,0.00,CLEAR|STRAIGHT,,999.00,0.00,0.0,-0.8,4311
181.10,-9.721,67.443,-128.2,0.00,CLEAR|STRAIGHT,,999.00,0.00,0.0,-0.9,4344
181.15,-9.721,67.443,-128.2,0.00,CLEAR|STRAIGHT,,999.00,0.00,0.0,-0.9,4328
181.20,-9.713,67.440,-128.2,-0.01,CLEAR|STRAIGHT,,999.00,0.00,0.0,-0.9,4328
181.25,-9.713,67.440,-128.2,-0.01,CLEAR|STRAIGHT,,999.00,0.00,0.0,-0.8,4328
181.30,-9.713,67.440,-128.2,-0.01,CLEAR|STRAIGHT,,999.00,0.00,0.0,-0.9,4328
181.35,-9.713,67.440,-128.2,-0.01,CLEAR|STRAIGHT,,999.00,0.00,0.0,-0.9,4328
181.40,-9.707,67.447,-128.2,-0.05,CLEAR|STRAIGHT,,999.00,0.00,0.0,-0.8,4328
181.45,-9.707,67.447,-128.2,-0.05,CLEAR|STRAIGHT,,999.00,0.00,0.0,-0.9,4344
181.50,-9.707,67.447,-128.2,-0.05,CLEAR|STRAIGHT,,999.00,0.00,0.0,-0.9,4328
181.55,-9.707,67.447,-128.2,-0.05,CLEAR|STRAIGHT,,999.00,0.00,0.0,-0.9,4328
181.60,-9.711,67.441,-128.2,0.04,CLEAR|STRAIGHT,,999.00,0.00,0.0,-0.8,4328
181.65,-9.711,67.441,-128.2,0.04,CLEAR|STRAIGHT,,999.00,0.00,0.0,-0.9,4328
181.70,-9.711,67.441,-128.2,0.04,CLEAR|STRAIGHT,,999.00,0.00,0.0,-0.9,4328
181.75,-9.711,67.441,-128.2,0.04,CLEAR|STRAIGHT,,999.00,0.00,0.0,-0.9,4328
181.80,-9.708,67.441,-128.1,-0.01,CLEAR|STRAIGHT,,999.00,0.00,0.0,-0.9,4344
181.85,-9.708,67.441,-128.1,-0.01,CLEAR|STRAIGHT,,999.00,0.00,0.0,-0.8,4328
181.90,-9.708,67.441,-128.2,-0.01,CLEAR|STRAIGHT,,999.00,0.00,0.0,-0.9,4328
181.95,-9.708,67.441,-128.2,-0.01,CLEAR|STRAIGHT,,999.00,0.00,0.0,-0.8,4328
182.00,-9.709,67.441,-128.1,0.00,CLEAR|STRAIGHT,,999.00,0.00,0.0,-0.9,4328
182.05,-9.709,67.441,-128.2,0.00,CLEAR|STRAIGHT,,999.00,0.00,0.0,-0.8,4328
182.10,-9.709,67.441,-128.2,0.00,CLEAR|STRAIGHT,,999.00,0.00,0.0,-0.9,4328
182.15,-9.709,67.441,-128.2,0.00,CLEAR|STRAIGHT,,999.00,0.00,0.0,-0.8,4328
182.20,-9.709,67.439,-128.1,0.01,CLEAR|STRAIGHT,,999.00,0.00,0.0,-0.9,4328
182.25,-9.709,67.439,-128.1,0.01,CLEAR|STRAIGHT,,999.00,0.00,0.0,-0.8,4328
182.30,-9.709,67.439,-128.1,0.01,CLEAR|STRAIGHT,,999.00,0.00,0.0,-0.8,4328
182.35,-9.714,67.441,-128.1,0.01,CLEAR|STRAIGHT,,999.00,0.00,0.0,-0.8,4328
182.40,-9.714,67.441,-128.1,0.01,CLEAR|STRAIGHT,,999.00,0.00,0.0,-0.9,4328
182.45,-9.714,67.441,-128.1,0.01,CLEAR|STRAIGHT,,999.00,0.00,0.0,-0.9,4328
182.50,-9.715,67.440,-128.1,0.01,CLEAR|STRAIGHT,,999.00,0.00,0.0,-0.9,4344
182.55,-9.715,67.440,-128.1,0.01,CLEAR|STRAIGHT,,999.00,0.00,0.0,-0.8,4328
182.60,-9.715,67.440,-128.1,0.01,CLEAR|STRAIGHT,,999.00,0.00,0.0,-0.8,4328
182.65,-9.715,67.440,-128.1,0.01,CLEAR|STRAIGHT,,999.00,0.00,0.0,-0.9,4328
182.70,-9.713,67.440,-128.1,-0.01,CLEAR|STRAIGHT,,999.00,0.00,0.0,-0.9,4328
182.75,-9.713,67.440,-128.1,-0.01,CLEAR|STRAIGHT,,999.00,0.00,0.0,-0.8,4344
182.80,-9.713,67.441,-128.1,-0.01,CLEAR|STRAIGHT,,999.00,0.00,0.0,-0.9,4328
182.85,-9.713,67.441,-128.1,-0.01,CLEAR|STRAIGHT,,999.00,0.00,0.0,-0.8,4328
182.90,-9.718,67.439,-128.1,0.05,CLEAR|STRAIGHT,,999.00,0.00,0.0,-0.8,4328
182.95,-9.718,67.439,-128.1,0.05,CLEAR|STRAIGHT,,999.00,0.00,0.0,-0.8,4328
183.00,-9.716,67.439,-128.1,-0.01,CLEAR|STRAIGHT,,999.00,0.00,0.0,-0.8,4328
183.05,-9.716,67.439,-128.1,-0.01,CLEAR|STRAIGHT,,999.00,0.00,0.0,-0.8,4344
183.10,-9.716,67.439,-128.1,-0.01,CLEAR|STRAIGHT,,999.00,0.00,0.0,-0.8,4328
183.15,-9.716,67.439,-128.1,-0.01,CLEAR|STRAIGHT,,999.00,0.00,0.0,-0.8,4328
183.20,-9.717,67.440,-128.1,-0.00,CLEAR|STRAIGHT,,999.00,0.00,0.0,-0.8,4328
183.25,-9.717,67.440,-128.1,-0.00,CLEAR|STRAIGHT,,999.00,0.00,0.0,-0.9,4328
183.30,-9.717,67.440,-128.1,-0.00,CLEAR|STRAIGHT,,999.00,0.00,0.0,-0.8,4328
183.35,-9.717,67.440,-128.1,-0.00,CLEAR|STRAIGHT,,999.00,0.00,0.0,-0.9,4328
183.40,-9.711,67.445,-128.1,-0.04,CLEAR|STRAIGHT,,999.00,0.00,0.0,-0.9,4328
183.45,-9.711,67.445,-128.1,-0.04,CLEAR|STRAIGHT,,999.00,0.00,0.0,-0.8,4328
183.50,-9.712,67.444,-128.1,0.01,CLEAR|STRAIGHT,,999.00,0.00,0.0,-0.9,4328
183.55,-9.712,67.444,-128.1,0.01,CLEAR|STRAIGHT,,999.00,0.00,0.0,-0.9,4344
183.60,-9.714,67.443,-128.1,0.03,CLEAR|STRAIGHT,,999.00,0.00,0.0,-0.8,4328
183.65,-9.714,67.443,-128.1,0.03,CLEAR|STRAIGHT,,999.00,0.00,0.0,-0.9,4328
183.70,-9.716,67.443,-128.1,0.00,CLEAR|STRAIGHT,,999.00,0.00,0.0,-0.8,4344
183.75,-9.714,67.445,-128.1,-0.02,CLEAR|STRAIGHT,,999.00,0.00,0.0,-0.9,4328
183.80,-9.714,67.445,-128.1,-0.02,CLEAR|STRAIGHT,,999.00,0.00,0.0,-0.9,4344
183.85,-9.709,67.444,-128.1,-0.02,CLEAR|STRAIGHT,,999.00,0.00,0.0,-0.9,4344
183.90,-9.709,67.444,-128.1,-0.02,CLEAR|STRAIGHT,,999.00,0.00,0.0,-0.9,4328
183.95,-9.709,67.444,-128.1,-0.02,CLEAR|STRAIGHT,,999.00,0.00,0.0,-0.9,4328
184.00,-9.710,67.442,-128.1,0.02,CLEAR|STRAIGHT,,999.00,0.00,0.0,-0.8,4328
184.05,-9.710,67.442,-128.1,0.02,CLEAR|STRAIGHT,,999.00,0.00,0.0,-0.8,4328
184.10,-9.710,67.442,-128.1,0.02,CLEAR|STRAIGHT,,999.00,0.00,0.0,-0.8,4328
184.15,-9.710,67.442,-128.0,0.02,CLEAR|STRAIGHT,,999.00,0.00,0.0,-0.9,4328
184.20,-9.710,67.444,-128.1,-0.01,CLEAR|STRAIGHT,,999.00,0.00,0.0,-0.8,4328
184.25,-9.710,67.444,-128.1,-0.01,CLEAR|STRAIGHT,,999.00,0.00,0.0,-0.8,4311
184.30,-9.708,67.438,-128.1,0.03,CLEAR|STRAIGHT,,999.00,0.00,0.0,-0.8,4311
184.35,-9.708,67.438,-128.1,0.03,CLEAR|STRAIGHT,,999.00,0.00,0.0,-0.8,4328
184.40,-9.708,67.438,-128.1,0.03,CLEAR|STRAIGHT,,999.00,0.00,0.0,-0.9,4328
184.45,-9.708,67.441,-128.1,-0.02,CLEAR|STRAIGHT,,999.00,0.00,0.0,-0.9,4328
184.50,-9.708,67.441,-128.1,-0.02,CLEAR|STRAIGHT,,999.00,0.00,0.0,-0.9,4328
184.55,-9.708,67.441,-128.1,-0.02,CLEAR|STRAIGHT,,999.00,0.00,0.0,-0.9,4328
184.60,-9.713,67.438,-128.1,0.05,CLEAR|STRAIGHT,,999.00,0.00,0.0,-0.8,4328
184.65,-9.713,67.438,-128.0,0.05,CLEAR|STRAIGHT,,999.00,0.00,0.0,-0.8,4328
184.70,-9.711,67.442,-128.1,-0.04,CLEAR|STRAIGHT,,999.00,0.00,0.0,-0.8,4328
184.75,-9.711,67.442,-128.1,-0.04,CLEAR|STRAIGHT,,999.00,0.00,0.0,-0.9,4344
184.80,-9.712,67.443,-128.1,0.00,CLEAR|STRAIGHT,,999.00,0.00,0.0,-0.8,4328
184.85,-9.712,67.443,-128.0,0.00,CLEAR|STRAIGHT,,999.00,0.00,0.0,-0.8,4328
184.90,-9.713,67.441,-128.0,0.02,CLEAR|STRAIGHT,,999.00,0.00,0.0,-0.8,4328
184.95,-9.713,67.441,-128.0,0.02,CLEAR|STRAIGHT,,999.00,0.00,0.0,-0.8,4328
185.00,-9.712,67.442,-128.0,-0.01,CLEAR|STRAIGHT,,999.00,0.00,0.0,-0.8,4328
185.05,-9.712,67.442,-128.0,-0.01,CLEAR|STRAIGHT,,999.00,0.00,0.0,-0.8,4344
185.10,-9.712,67.442,-128.0,-0.01,CLEAR|STRAIGHT,,999.00,0.00,0.0,-0.9,4328
185.15,-9.712,67.442,-128.0,-0.01,CLEAR|STRAIGHT,,999.00,0.00,0.0,-0.9,4328
185.20,-9.710,67.441,-128.0,-0.00,CLEAR|STRAIGHT,,999.00,0.00,0.0,-0.9,4328
185.25,-9.710,67.441,-128.0,-0.00,CLEAR|STRAIGHT,,999.00,0.00,0.0,-0.8,4311
185.30,-9.710,67.441,-128.0,-0.00,CLEAR|STRAIGHT,,999.00,0.00,0.0,-0.8,4328
185.35,-9.713,67.441,-128.0,0.01,CLEAR|STRAIGHT,,999.00,0.00,0.0,-0.8,4328
185.40,-9.713,67.441,-128.0,0.01,CLEAR|STRAIGHT,,999.00,0.00,0.0,-0.9,4344
185.45,-9.712,67.444,-128.0,-0.03,CLEAR|STRAIGHT,,999.00,0.00,0.0,-0.9,4344
185.50,-9.712,67.444,-128.0,-0.03,CLEAR|STRAIGHT,,999.00,0.00,0.0,-0.8,4328
185.55,-9.712,67.444,-128.0,-0.03,CLEAR|STRAIGHT,,999.00,0.00,0.0,-0.8,4328
185.60,-9.706,67.442,-128.0,-0.02,CLEAR|STRAIGHT,,999.00,0.00,0.0,-0.8,4311
185.65,-9.706,67.442,-128.0,0.00,CLEAR|STRAIGHT,,999.00,0.00,0.0,-0.8,4328
185.70,-9.706,67.442,-128.0,0.00,CLEAR|STRAIGHT,,999.00,0.00,0.0,-0.9,4328
185.75,-9.708,67.446,-128.0,-0.02,CLEAR|STRAIGHT,,999.00,0.00,0.0,-0.9,4328
185.80,-9.708,67.446,-128.0,-0.02,CLEAR|STRAIGHT,,999.00,0.00,0.0,-0.8,4328
185.85,-9.708,67.446,-128.0,-0.02,CLEAR|STRAIGHT,,999.00,0.00,0.0,-0.8,4311
185.90,-9.707,67.445,-128.0,0.00,CLEAR|STRAIGHT,,999.00,0.00,0.0,-0.8,4328
185.95,-9.707,67.445,-128.0,0.00,CLEAR|STRAIGHT,,999.00,0.00,0.0,-0.8,4328
186.00,-9.708,67.448,-128.0,-0.01,CLEAR|STRAIGHT,,999.00,0.00,0.0,-0.9,4344
186.05,-9.710,67.447,-128.0,0.02,CLEAR|STRAIGHT,,999.00,0.00,0.0,-0.8,4311
186.10,-9.710,67.447,-128.0,0.02,CLEAR|STRAIGHT,,999.00,0.00,0.0,-0.8,4328
186.15,-9.710,67.447,-128.0,0.02,CLEAR|STRAIGHT,,999.00,0.00,0.0,-0.8,4328
186.20,-9.712,67.444,-128.0,0.03,CLEAR|STRAIGHT,,999.00,0.00,0.0,-0.9,4344
186.25,-9.712,67.444,-128.0,0.03,CLEAR|STRAIGHT,,999.00,0.00,0.0,-0.9,4328
186.30,-9.714,67.445,-128.0,-0.00,CLEAR|STRAIGHT,,999.00,0.00,0.0,-0.9,4328
186.35,-9.714,67.445,-128.0,-0.00,CLEAR|STRAIGHT,,999.00,0.00,0.0,-0.9,4328
186.40,-9.714,67.445,-128.0,-0.00,CLEAR|STRAIGHT,,999.00,0.00,0.0,-0.9,4328
186.45,-9.716,67.445,-128.0,0.01,CLEAR|STRAIGHT,,999.00,0.00,0.0,-0.8,4328
186.50,-9.716,67.445,-128.0,0.01,CLEAR|STRAIGHT,,999.00,0.00,0.0,-0.9,4344
186.55,-9.716,67.445,-128.0,0.01,CLEAR|STRAIGHT,,999.00,0.00,0.0,-0.8,4328
186.60,-9.712,67.440,-128.0,0.02,CLEAR|STRAIGHT,,999.00,0.00,0.0,-0.8,4328
186.65,-9.712,67.440,-128.0,0.02,CLEAR|STRAIGHT,,999.00,0.00,0.0,-0.9,4328
186.70,-9.712,67.440,-128.0,0.02,CLEAR|STRAIGHT,,999.00,0.00,0.0,-0.8,4344
186.75,-9.712,67.440,-128.0,0.02,CLEAR|STRAIGHT,,999.00,0.00,0.0,-0.9,4328
186.80,-9.712,67.441,-128.0,-0.01,CLEAR|STRAIGHT,,999.00,0.00,0.0,-0.9,4328
186.85,-9.713,67.442,-128.0,0.00,CLEAR|STRAIGHT,,999.00,0.00,0.0,-0.8,4328
186.90,-9.713,67.442,-128.0,0.00,CLEAR|STRAIGHT,,999.00,0.00,0.0,-0.9,4328
186.95,-9.713,67.442,-128.0,0.00,CLEAR|STRAIGHT,,999.00,0.00,0.0,-0.8,4328
187.00,-9.712,67.443,-128.0,-0.01,CLEAR|STRAIGHT,,999.00,0.00,0.0,-0.9,4328
187.05,-9.712,67.443,-128.0,-0.01,CLEAR|STRAIGHT,,999.00,0.00,0.0,-0.8,4328
187.10,-9.712,67.443,-128.0,-0.01,CLEAR|STRAIGHT,,999.00,0.00,0.0,-0.8,4328
187.15,-9.712,67.443,-128.0,-0.01,CLEAR|STRAIGHT,,999.00,0.00,0.0,-0.8,4311
187.20,-9.711,67.443,-128.0,-0.00,CLEAR|STRAIGHT,,999.00,0.00,0.0,-0.9,4311
187.25,-9.711,67.443,-128.0,-0.00,CLEAR|STRAIGHT,,999.00,0.00,0.0,-0.9,4328
187.30,-9.711,67.443,-128.0,-0.00,CLEAR|STRAIGHT,,999.00,0.00,0.0,-0.9,4328
187.35,-9.711,67.443,-128.0,-0.00,CLEAR|STRAIGHT,,999.00,0.00,0.0,-0.9,4328
187.40,-9.710,67.442,-128.0,0.00,CLEAR|STRAIGHT,,999.00,0.00,0.0,-0.8,4328
187.45,-9.711,67.442,-128.0,0.00,CLEAR|STRAIGHT,,999.00,0.00,0.0,-0.9,4311
187.50,-9.711,67.442,-128.0,0.00,CLEAR|STRAIGHT,,999.00,0.00,0.0,-0.8,4328
187.55,-9.710,67.442,-128.0,-0.00,CLEAR|STRAIGHT,,999.00,0.00,0.0,-0.9,4328
187.60,-9.710,67.442,-128.0,-0.00,CLEAR|STRAIGHT,,999.00,0.00,0.0,-0.8,4328
187.65,-9.710,67.442,-127.9,-0.00,CLEAR|STRAIGHT,,999.00,0.00,0.0,-0.8,4328
187.70,-9.708,67.440,-127.9,0.01,CLEAR|STRAIGHT,,999.00,0.00,0.0,-0.8,4328
187.75,-9.709,67.441,-127.9,-0.01,CLEAR|STRAIGHT,,999.00,0.00,0.0,-0.9,4328
187.80,-9.709,67.441,-127.9,-0.01,CLEAR|STRAIGHT,,999.00,0.00,0.0,-0.9,4328
187.85,-9.709,67.441,-127.9,-0.01,CLEAR|STRAIGHT,,999.00,0.00,0.0,-0.9,4328
187.90,-9.709,67.441,-127.9,-0.01,CLEAR|STRAIGHT,,999.00,0.00,0.0,-0.9,4328
187.95,-9.709,67.441,-127.9,-0.01,CLEAR|STRAIGHT,,999.00,0.00,0.0,-0.9,4328
188.00,-9.709,67.441,-127.9,-0.01,CLEAR|STRAIGHT,,999.00,0.00,0.0,-0.9,4328
188.05,-9.709,67.441,-127.9,-0.01,CLEAR|STRAIGHT,,999.00,0.00,0.0,-0.9,4328
188.10,-9.709,67.441,-127.9,-0.01,CLEAR|STRAIGHT,,999.00,0.00,0.0,-0.9,4328
188.15,-9.709,67.441,-127.9,-0.01,CLEAR|STRAIGHT,,999.00,0.00,0.0,-0.9,4328
188.20,-9.709,67.441,-127.9,-0.01,CLEAR|STRAIGHT,,999.00,0.00,0.0,-0.9,4328
188.25,-9.709,67.441,-127.9,-0.01,CLEAR|STRAIGHT,,999.00,0.00,0.0,-0.9,4328
188.30,-9.709,67.441,-127.9,-0.01,CLEAR|STRAIGHT,,999.00,0.00,0.0,-0.9,4328
188.35,-9.709,67.441,-127.9,-0.01,CLEAR|STRAIGHT,,999.00,0.00,0.0,-0.9,4328
188.40,-9.709,67.441,-127.9,-0.01,CLEAR|STRAIGHT,,999.00,0.00,0.0,-0.9,4328
188.45,-9.709,67.441,-127.9,-0.01,CLEAR|STRAIGHT,,999.00,0.00,0.0,-0.9,4328
188.50,-9.709,67.441,-127.9,-0.01,CLEAR|STRAIGHT,,999.00,0.00,0.0,-0.9,4328
188.55,-9.709,67.441,-127.9,-0.01,CLEAR|STRAIGHT,,999.00,0.00,0.0,-0.9,4328
188.60,-9.709,67.441,-127.9,-0.01,CLEAR|STRAIGHT,,999.00,0.00,0.0,-0.9,4328
188.65,-9.709,67.441,-127.9,-0.01,CLEAR|STRAIGHT,,999.00,0.00,0.0,-0.9,4328
188.70,-9.709,67.441,-127.9,-0.01,CLEAR|STRAIGHT,,999.00,0.00,0.0,-0.9,4328
188.75,-9.709,67.441,-127.9,-0.01,CLEAR|STRAIGHT,,999.00,0.00,0.0,-0.9,4328
188.80,-9.709,67.441,-127.9,-0.01,CLEAR|STRAIGHT,,999.00,0.00,0.0,-0.9,4328
188.85,-9.709,67.441,-127.9,-0.01,CLEAR|STRAIGHT,,999.00,0.00,0.0,-0.9,4328
188.90,-9.709,67.441,-127.9,-0.01,CLEAR|STRAIGHT,,999.00,0.00,0.0,-0.9,4328
188.95,-9.709,67.441,-127.9,-0.01,CLEAR|STRAIGHT,,999.00,0.00,0.0,-0.9,4328
189.00,-9.709,67.441,-127.9,-0.01,CLEAR|STRAIGHT,,999.00,0.00,0.0,-0.9,4328
189.05,-9.709,67.441,-127.9,-0.01,CLEAR|STRAIGHT,,999.00,0.00,0.0,-0.9,4328
189.10,-9.709,67.441,-127.9,-0.01,CLEAR|STRAIGHT,,999.00,0.00,0.0,-0.9,4328
189.15,-9.709,67.441,-127.9,-0.01,CLEAR|STRAIGHT,,999.00,0.00,0.0,-0.9,4328
189.20,-9.709,67.441,-127.9,-0.01,CLEAR|STRAIGHT,,999.00,0.00,0.0,-0.9,4328
189.25,-9.709,67.441,-127.9,-0.01,CLEAR|STRAIGHT,,999.00,0.00,0.0,-0.9,4328
189.30,-9.709,67.441,-127.9,-0.01,CLEAR|STRAIGHT,,999.00,0.00,0.0,-0.9,4328
189.35,-9.709,67.441,-127.9,-0.01,CLEAR|STRAIGHT,,999.00,0.00,0.0,-0.9,4328
189.40,-9.709,67.441,-127.9,-0.01,CLEAR|STRAIGHT,,999.00,0.00,0.0,-0.9,4328
189.45,-9.709,67.441,-127.9,-0.01,CLEAR|STRAIGHT,,999.00,0.00,0.0,-0.9,4328
189.50,-9.709,67.441,-127.9,-0.01,CLEAR|STRAIGHT,,999.00,0.00,0.0,-0.9,4328
189.55,-9.709,67.441,-127.9,-0.01,CLEAR|STRAIGHT,,999.00,0.00,0.0,-0.9,4328
189.60,-9.709,67.441,-127.9,-0.01,CLEAR|STRAIGHT,,999.00,0.00,0.0,-0.9,4328
189.65,-9.709,67.441,-127.9,-0.01,CLEAR|STRAIGHT,,999.00,0.00,0.0,-0.9,4328
189.70,-9.709,67.441,-127.9,-0.01,CLEAR|STRAIGHT,,999.00,0.00,0.0,-0.9,4328
189.75,-9.709,67.441,-127.9,-0.01,CLEAR|STRAIGHT,,999.00,0.00,0.0,-0.9,4328
189.80,-9.709,67.441,-127.9,-0.01,CLEAR|STRAIGHT,,999.00,0.00,0.0,-0.9,4328
189.85,-9.709,67.441,-127.9,-0.01,CLEAR|STRAIGHT,,999.00,0.00,0.0,-0.9,4328
189.90,-9.709,67.441,-127.9,-0.01,CLEAR|STRAIGHT,,999.00,0.00,0.0,-0.9,4328
189.95,-9.709,67.441,-127.9,-0.01,CLEAR|STRAIGHT,,999.00,0.00,0.0,-0.9,4328
190.00,-9.709,67.441,-127.9,-0.01,CLEAR|STRAIGHT,,999.00,0.00,0.0,-0.9,4328
190.05,-9.709,67.441,-127.9,-0.01,CLEAR|STRAIGHT,,999.00,0.00,0.0,-0.9,4328
190.10,-9.709,67.441,-127.9,-0.01,CLEAR|STRAIGHT,,999.00,0.00,0.0,-0.9,4328
190.15,-9.709,67.441,-127.9,-0.01,CLEAR|STRAIGHT,,999.00,0.00,0.0,-0.9,4328
190.20,-9.709,67.441,-127.9,-0.01,CLEAR|STRAIGHT,,999.00,0.00,0.0,-0.9,4328
190.25,-9.709,67.441,-127.9,-0.01,CLEAR|STRAIGHT,,999.00,0.00,0.0,-0.9,4328
190.30,-9.709,67.441,-127.9,-0.01,CLEAR|STRAIGHT,,999.00,0.00,0.0,-0.9,4328
190.35,-9.709,67.441,-127.9,-0.01,CLEAR|STRAIGHT,,999.00,0.00,0.0,-0.9,4328
190.40,-9.709,67.441,-127.9,-0.01,CLEAR|STRAIGHT,,999.00,0.00,0.0,-0.9,4328
190.45,-9.709,67.441,-127.9,-0.01,CLEAR|STRAIGHT,,999.00,0.00,0.0,-0.9,4328
190.50,-9.709,67.441,-127.9,-0.01,CLEAR|STRAIGHT,,999.00,0.00,0.0,-0.9,4328
190.55,-9.709,67.441,-127.9,-0.01,CLEAR|STRAIGHT,,999.00,0.00,0.0,-0.9,4328
190.60,-9.709,67.441,-127.9,-0.01,CLEAR|STRAIGHT,,999.00,0.00,0.0,-0.9,4328
190.65,-9.709,67.441,-127.9,-0.01,CLEAR|STRAIGHT,,999.00,0.00,0.0,-0.9,4328
190.70,-9.709,67.441,-127.9,-0.01,CLEAR|STRAIGHT,,999.00,0.00,0.0,-0.9,4328
190.75,-9.709,67.441,-127.9,-0.01,CLEAR|STRAIGHT,,999.00,0.00,0.0,-0.9,4328
190.80,-9.709,67.441,-127.9,-0.01,CLEAR|STRAIGHT,,999.00,0.00,0.0,-0.9,4328
190.85,-9.709,67.441,-127.9,-0.01,CLEAR|STRAIGHT,,999.00,0.00,0.0,-0.9,4328
190.90,-9.709,67.441,-127.9,-0.01,CLEAR|STRAIGHT,,999.00,0.00,0.0,-0.9,4328
190.95,-9.709,67.441,-127.9,-0.01,CLEAR|STRAIGHT,,999.00,0.00,0.0,-0.9,4328
191.00,-9.709,67.441,-127.9,-0.01,CLEAR|STRAIGHT,,999.00,0.00,0.0,-0.9,4328
191.05,-9.709,67.441,-127.9,-0.01,CLEAR|STRAIGHT,,999.00,0.00,0.0,-0.9,4328
191.10,-9.709,67.441,-127.9,-0.01,CLEAR|STRAIGHT,,999.00,0.00,0.0,-0.9,4328
191.15,-9.709,67.441,-127.9,-0.01,CLEAR|STRAIGHT,,999.00,0.00,0.0,-0.9,4328
191.20,-9.709,67.441,-127.9,-0.01,CLEAR|STRAIGHT,,999.00,0.00,0.0,-0.9,4328
191.25,-9.709,67.441,-127.9,-0.01,CLEAR|STRAIGHT,,999.00,0.00,0.0,-0.9,4328
191.30,-9.709,67.441,-127.9,-0.01,CLEAR|STRAIGHT,,999.00,0.00,0.0,-0.9,4328
191.35,-9.709,67.441,-127.9,-0.01,CLEAR|STRAIGHT,,999.00,0.00,0.0,-0.9,4328
191.40,-9.709,67.441,-127.9,-0.01,CLEAR|STRAIGHT,,999.00,0.00,0.0,-0.9,4328
191.45,-9.709,67.441,-127.9,-0.01,CLEAR|STRAIGHT,,999.00,0.00,0.0,-0.9,4328
191.50,-9.709,67.441,-127.9,-0.01,CLEAR|STRAIGHT,,999.00,0.00,0.0,-0.9,4328
191.55,-9.709,67.441,-127.9,-0.01,CLEAR|STRAIGHT,,999.00,0.00,0.0,-0.9,4328
191.60,-9.709,67.441,-127.9,-0.01,CLEAR|STRAIGHT,,999.00,0.00,0.0,-0.9,4328
191.65,-9.709,67.441,-127.9,-0.01,CLEAR|STRAIGHT,,999.00,0.00,0.0,-0.9,4328
191.70,-9.709,67.441,-127.9,-0.01,CLEAR|STRAIGHT,,999.00,0.00,0.0,-0.9,4328
191.75,-9.709,67.441,-127.9,-0.01,CLEAR|STRAIGHT,,999.00,0.00,0.0,-0.9,4328
191.80,-9.709,67.441,-127.9,-0.01,CLEAR|STRAIGHT,,999.00,0.00,0.0,-0.9,4328
191.85,-9.709,67.441,-127.9,-0.01,CLEAR|STRAIGHT,,999.00,0.00,0.0,-0.9,4328
191.90,-9.709,67.441,-127.9,-0.01,CLEAR|STRAIGHT,,999.00,0.00,0.0,-0.9,4328
191.95,-9.709,67.441,-127.9,-0.01,CLEAR|STRAIGHT,,999.00,0.00,0.0,-0.9,4328
192.00,-9.709,67.441,-127.9,-0.01,CLEAR|STRAIGHT,,999.00,0.00,0.0,-0.9,4328
192.05,-9.709,67.441,-127.9,-0.01,CLEAR|STRAIGHT,,999.00,0.00,0.0,-0.9,4328
192.10,-9.709,67.441,-127.9,-0.01,CLEAR|STRAIGHT,,999.00,0.00,0.0,-0.9,4328
192.15,-9.709,67.441,-127.9,-0.01,CLEAR|STRAIGHT,,999.00,0.00,0.0,-0.9,4328
192.20,-9.709,67.441,-127.9,-0.01,CLEAR|STRAIGHT,,999.00,0.00,0.0,-0.9,4328
192.25,-9.709,67.441,-127.9,-0.01,CLEAR|STRAIGHT,,999.00,0.00,0.0,-0.9,4328
192.30,-9.709,67.441,-127.9,-0.01,CLEAR|STRAIGHT,,999.00,0.00,0.0,-0.9,4328
192.35,-9.709,67.441,-127.9,-0.01,CLEAR|STRAIGHT,,999.00,0.00,0.0,-0.9,4328
192.40,-9.709,67.441,-127.9,-0.01,CLEAR|STRAIGHT,,999.00,0.00,0.0,-0.9,4328
192.45,-9.709,67.441,-127.9,-0.01,CLEAR|STRAIGHT,,999.00,0.00,0.0,-0.9,4328
192.50,-9.709,67.441,-127.9,-0.01,CLEAR|STRAIGHT,,999.00,0.00,0.0,-0.9,4328
192.55,-9.709,67.441,-127.9,-0.01,CLEAR|STRAIGHT,,999.00,0.00,0.0,-0.9,4328
192.60,-9.709,67.441,-127.9,-0.01,CLEAR|STRAIGHT,,999.00,0.00,0.0,-0.9,4328
192.65,-9.709,67.441,-127.9,-0.01,CLEAR|STRAIGHT,,999.00,0.00,0.0,-0.9,4328
192.70,-9.709,67.441,-127.9,-0.01,CLEAR|STRAIGHT,,999.00,0.00,0.0,-0.9,4328
192.75,-9.709,67.441,-127.9,-0.01,CLEAR|STRAIGHT,,999.00,0.00,0.0,-0.9,4328
192.80,-9.709,67.441,-127.9,-0.01,CLEAR|STRAIGHT,,999.00,0.00,0.0,-0.9,4328
192.85,-9.709,67.441,-127.9,-0.01,CLEAR|STRAIGHT,,999.00,0.00,0.0,-0.9,4328
192.90,-9.709,67.441,-127.9,-0.01,CLEAR|STRAIGHT,,999.00,0.00,0.0,-0.9,4328
192.95,-9.709,67.441,-127.9,-0.01,CLEAR|STRAIGHT,,999.00,0.00,0.0,-0.9,4328
193.00,-9.709,67.441,-127.9,-0.01,CLEAR|STRAIGHT,,999.00,0.00,0.0,-0.9,4328
193.05,-9.709,67.441,-127.9,-0.01,CLEAR|STRAIGHT,,999.00,0.00,0.0,-0.9,4328
193.10,-9.709,67.441,-127.9,-0.01,CLEAR|STRAIGHT,,999.00,0.00,0.0,-0.9,4328
193.15,-9.709,67.441,-127.9,-0.01,CLEAR|STRAIGHT,,999.00,0.00,0.0,-0.9,4328
193.20,-9.709,67.441,-127.9,-0.01,CLEAR|STRAIGHT,,999.00,0.00,0.0,-0.9,4328
193.25,-9.709,67.441,-127.9,-0.01,CLEAR|STRAIGHT,,999.00,0.00,0.0,-0.9,4328
193.30,-9.709,67.441,-127.9,-0.01,CLEAR|STRAIGHT,,999.00,0.00,0.0,-0.9,4328
193.35,-9.709,67.441,-127.9,-0.01,CLEAR|STRAIGHT,,999.00,0.00,0.0,-0.9,4328
193.40,-9.709,67.441,-127.9,-0.01,CLEAR|STRAIGHT,,999.00,0.00,0.0,-0.9,4328
193.45,-9.709,67.441,-127.9,-0.01,CLEAR|STRAIGHT,,999.00,0.00,0.0,-0.9,4328
193.50,-9.709,67.441,-127.9,-0.01,CLEAR|STRAIGHT,,999.00,0.00,0.0,-0.9,4328
193.55,-9.709,67.441,-127.9,-0.01,CLEAR|STRAIGHT,,999.00,0.00,0.0,-0.9,4328
193.60,-9.709,67.441,-127.9,-0.01,CLEAR|STRAIGHT,,999.00,0.00,0.0,-0.9,4328
193.65,-9.709,67.441,-127.9,-0.01,CLEAR|STRAIGHT,,999.00,0.00,0.0,-0.9,4328
193.70,-9.709,67.441,-127.9,-0.01,CLEAR|STRAIGHT,,999.00,0.00,0.0,-0.9,4328
193.75,-9.709,67.441,-127.9,-0.01,CLEAR|STRAIGHT,,999.00,0.00,0.0,-0.9,4328
193.80,-9.709,67.441,-127.9,-0.01,CLEAR|STRAIGHT,,999.00,0.00,0.0,-0.9,4328
193.85,-9.709,67.441,-127.9,-0.01,CLEAR|STRAIGHT,,999.00,0.00,0.0,-0.9,4328
193.90,-9.709,67.441,-127.9,-0.01,CLEAR|STRAIGHT,,999.00,0.00,0.0,-0.9,4328
193.95,-9.709,67.441,-127.9,-0.01,CLEAR|STRAIGHT,,999.00,0.00,0.0,-0.9,4328
194.00,-9.709,67.441,-127.9,-0.01,CLEAR|STRAIGHT,,999.00,0.00,0.0,-0.9,4328
194.05,-9.709,67.441,-127.9,-0.01,CLEAR|STRAIGHT,,999.00,0.00,0.0,-0.9,4328
194.10,-9.709,67.441,-127.9,-0.01,CLEAR|STRAIGHT,,999.00,0.00,0.0,-0.9,4328
194.15,-9.709,67.441,-127.9,-0.01,CLEAR|STRAIGHT,,999.00,0.00,0.0,-0.9,4328
194.20,-9.709,67.441,-127.9,-0.01,CLEAR|STRAIGHT,,999.00,0.00,0.0,-0.9,4328
194.25,-9.709,67.441,-127.9,-0.01,CLEAR|STRAIGHT,,999.00,0.00,0.0,-0.9,4328
194.30,-9.709,67.441,-127.9,-0.01,CLEAR|STRAIGHT,,999.00,0.00,0.0,-0.9,4328
194.35,-9.709,67.441,-127.9,-0.01,CLEAR|STRAIGHT,,999.00,0.00,0.0,-0.9,4328
194.40,-9.709,67.441,-127.9,-0.01,CLEAR|STRAIGHT,,999.00,0.00,0.0,-0.9,4328
194.45,-9.709,67.441,-127.9,-0.01,CLEAR|STRAIGHT,,999.00,0.00,0.0,-0.9,4328
194.50,-9.709,67.441,-127.9,-0.01,CLEAR|STRAIGHT,,999.00,0.00,0.0,-0.9,4328
194.55,-9.709,67.441,-127.9,-0.01,CLEAR|STRAIGHT,,999.00,0.00,0.0,-0.9,4328
194.60,-9.709,67.441,-127.9,-0.01,CLEAR|STRAIGHT,,999.00,0.00,0.0,-0.9,4328
194.65,-9.709,67.441,-127.9,-0.01,CLEAR|STRAIGHT,,999.00,0.00,0.0,-0.9,4328
194.70,-9.709,67.441,-127.9,-0.01,CLEAR|STRAIGHT,,999.00,0.00,0.0,-0.9,4328
194.75,-9.709,67.441,-127.9,-0.01,CLEAR|STRAIGHT,,999.00,0.00,0.0,-0.9,4328
194.80,-9.709,67.441,-127.9,-0.01,CLEAR|STRAIGHT,,999.00,0.00,0.0,-0.9,4328
194.85,-9.709,67.441,-127.9,-0.01,CLEAR|STRAIGHT,,999.00,0.00,0.0,-0.9,4328
194.90,-9.709,67.441,-127.9,-0.01,CLEAR|STRAIGHT,,999.00,0.00,0.0,-0.9,4328
194.95,-9.709,67.441,-127.9,-0.01,CLEAR|STRAIGHT,,999.00,0.00,0.0,-0.9,4328
195.00,-9.709,67.441,-127.9,-0.01,CLEAR|STRAIGHT,,999.00,0.00,0.0,-0.9,4328
195.05,-9.709,67.441,-127.9,-0.01,CLEAR|STRAIGHT,,999.00,0.00,0.0,-0.9,4328
195.10,-9.709,67.441,-127.9,-0.01,CLEAR|STRAIGHT,,999.00,0.00,0.0,-0.9,4328
195.15,-9.709,67.441,-127.9,-0.01,CLEAR|STRAIGHT,,999.00,0.00,0.0,-0.9,4328
195.20,-9.709,67.441,-127.9,-0.01,CLEAR|STRAIGHT,,999.00,0.00,0.0,-0.9,4328
195.25,-9.709,67.441,-127.9,-0.01,CLEAR|STRAIGHT,,999.00,0.00,0.0,-0.9,4328
195.30,-9.709,67.441,-127.9,-0.01,CLEAR|STRAIGHT,,999.00,0.00,0.0,-0.9,4328
195.35,-9.709,67.441,-127.9,-0.01,CLEAR|STRAIGHT,,999.00,0.00,0.0,-0.9,4328
195.40,-9.709,67.441,-127.9,-0.01,CLEAR|STRAIGHT,,999.00,0.00,0.0,-0.9,4328
195.45,-9.709,67.441,-127.9,-0.01,CLEAR|STRAIGHT,,999.00,0.00,0.0,-0.9,4328
195.50,-9.709,67.441,-127.9,-0.01,CLEAR|STRAIGHT,,999.00,0.00,0.0,-0.9,4328
195.55,-9.709,67.441,-127.9,-0.01,CLEAR|STRAIGHT,,999.00,0.00,0.0,-0.9,4328
195.60,-9.709,67.441,-127.9,-0.01,CLEAR|STRAIGHT,,999.00,0.00,0.0,-0.9,4328
195.65,-9.709,67.441,-127.9,-0.01,CLEAR|STRAIGHT,,999.00,0.00,0.0,-0.9,4328
195.70,-9.709,67.441,-127.9,-0.01,CLEAR|STRAIGHT,,999.00,0.00,0.0,-0.9,4328
195.75,-9.709,67.441,-127.9,-0.01,CLEAR|STRAIGHT,,999.00,0.00,0.0,-0.9,4328
195.80,-9.709,67.441,-127.9,-0.01,CLEAR|STRAIGHT,,999.00,0.00,0.0,-0.9,4328
195.85,-9.709,67.441,-127.9,-0.01,CLEAR|STRAIGHT,,999.00,0.00,0.0,-0.9,4328
195.90,-9.709,67.441,-127.9,-0.01,CLEAR|STRAIGHT,,999.00,0.00,0.0,-0.9,4328
195.95,-9.709,67.441,-127.9,-0.01,CLEAR|STRAIGHT,,999.00,0.00,0.0,-0.9,4328
196.00,-9.709,67.441,-127.9,-0.01,CLEAR|STRAIGHT,,999.00,0.00,0.0,-0.9,4328
196.05,-9.709,67.441,-127.9,-0.01,CLEAR|STRAIGHT,,999.00,0.00,0.0,-0.9,4328
196.10,-9.709,67.441,-127.9,-0.01,CLEAR|STRAIGHT,,999.00,0.00,0.0,-0.9,4328
196.15,-9.709,67.441,-127.9,-0.01,CLEAR|STRAIGHT,,999.00,0.00,0.0,-0.9,4328
196.20,-9.709,67.441,-127.9,-0.01,CLEAR|STRAIGHT,,999.00,0.00,0.0,-0.9,4328
196.25,-9.709,67.441,-127.9,-0.01,CLEAR|STRAIGHT,,999.00,0.00,0.0,-0.9,4328
196.30,-9.709,67.441,-127.9,-0.01,CLEAR|STRAIGHT,,999.00,0.00,0.0,-0.9,4328
196.35,-9.709,67.441,-127.9,-0.01,CLEAR|STRAIGHT,,999.00,0.00,0.0,-0.9,4328
196.40,-9.709,67.441,-127.9,-0.01,CLEAR|STRAIGHT,,999.00,0.00,0.0,-0.9,4328
196.45,-9.709,67.441,-127.9,-0.01,CLEAR|STRAIGHT,,999.00,0.00,0.0,-0.9,4328
196.50,-9.709,67.441,-127.9,-0.01,CLEAR|STRAIGHT,,999.00,0.00,0.0,-0.9,4328
196.55,-9.709,67.441,-127.9,-0.01,CLEAR|STRAIGHT,,999.00,0.00,0.0,-0.9,4328
196.60,-9.709,67.441,-127.9,-0.01,CLEAR|STRAIGHT,,999.00,0.00,0.0,-0.9,4328
196.65,-9.709,67.441,-127.9,-0.01,CLEAR|STRAIGHT,,999.00,0.00,0.0,-0.9,4328
196.70,-9.709,67.441,-127.9,-0.01,CLEAR|STRAIGHT,,999.00,0.00,0.0,-0.9,4328
196.75,-9.709,67.441,-127.9,-0.01,CLEAR|STRAIGHT,,999.00,0.00,0.0,-0.9,4328
196.80,-9.709,67.441,-127.9,-0.01,CLEAR|STRAIGHT,,999.00,0.00,0.0,-0.9,4328
196.85,-9.709,67.441,-127.9,-0.01,CLEAR|STRAIGHT,,999.00,0.00,0.0,-0.9,4328
196.90,-9.709,67.441,-127.9,-0.01,CLEAR|STRAIGHT,,999.00,0.00,0.0,-0.9,4328
196.95,-9.709,67.441,-127.9,-0.01,CLEAR|STRAIGHT,,999.00,0.00,0.0,-0.9,4328
197.00,-9.709,67.441,-127.9,-0.01,CLEAR|STRAIGHT,,999.00,0.00,0.0,-0.9,4328
197.05,-9.709,67.441,-127.9,-0.01,CLEAR|STRAIGHT,,999.00,0.00,0.0,-0.9,4328
197.10,-9.709,67.441,-127.9,-0.01,CLEAR|STRAIGHT,,999.00,0.00,0.0,-0.9,4328
197.15,-9.709,67.441,-127.9,-0.01,CLEAR|STRAIGHT,,999.00,0.00,0.0,-0.9,4328
197.20,-9.709,67.441,-127.9,-0.01,CLEAR|STRAIGHT,,999.00,0.00,0.0,-0.9,4328
197.25,-9.709,67.441,-127.9,-0.01,CLEAR|STRAIGHT,,999.00,0.00,0.0,-0.9,4328
197.30,-9.709,67.441,-127.9,-0.01,CLEAR|STRAIGHT,,999.00,0.00,0.0,-0.9,4328
197.35,-9.709,67.441,-127.9,-0.01,CLEAR|STRAIGHT,,999.00,0.00,0.0,-0.9,4328
197.40,-9.709,67.441,-127.9,-0.01,CLEAR|STRAIGHT,,999.00,0.00,0.0,-0.9,4328
197.45,-9.709,67.441,-127.9,-0.01,CLEAR|STRAIGHT,,999.00,0.00,0.0,-0.9,4328
197.50,-9.709,67.441,-127.9,-0.01,CLEAR|STRAIGHT,,999.00,0.00,0.0,-0.9,4328
197.55,-9.709,67.441,-127.9,-0.01,CLEAR|STRAIGHT,,999.00,0.00,0.0,-0.9,4328
197.60,-9.709,67.441,-127.9,-0.01,CLEAR|STRAIGHT,,999.00,0.00,0.0,-0.9,4328
197.65,-9.709,67.441,-127.9,-0.01,CLEAR|STRAIGHT,,999.00,0.00,0.0,-0.9,4328
197.70,-9.709,67.441,-127.9,-0.01,CLEAR|STRAIGHT,,999.00,0.00,0.0,-0.9,4328
197.75,-9.709,67.441,-127.9,-0.01,CLEAR|STRAIGHT,,999.00,0.00,0.0,-0.9,4328
197.80,-9.709,67.441,-127.9,-0.01,CLEAR|STRAIGHT,,999.00,0.00,0.0,-0.9,4328
197.85,-9.709,67.441,-127.9,-0.01,CLEAR|STRAIGHT,,999.00,0.00,0.0,-0.9,4328
197.90,-9.709,67.441,-127.9,-0.01,CLEAR|STRAIGHT,,999.00,0.00,0.0,-0.9,4328
197.95,-9.709,67.441,-127.9,-0.01,CLEAR|STRAIGHT,,999.00,0.00,0.0,-0.9,4328
198.00,-9.709,67.441,-127.9,-0.01,CLEAR|STRAIGHT,,999.00,0.00,0.0,-0.9,4328
198.05,-9.709,67.441,-127.9,-0.01,CLEAR|STRAIGHT,,999.00,0.00,0.0,-0.9,4328
198.10,-9.709,67.441,-127.9,-0.01,CLEAR|STRAIGHT,,999.00,0.00,0.0,-0.9,4328
198.15,-9.709,67.441,-127.9,-0.01,CLEAR|STRAIGHT,,999.00,0.00,0.0,-0.9,4328
198.20,-9.709,67.441,-127.9,-0.01,CLEAR|STRAIGHT,,999.00,0.00,0.0,-0.9,4328
198.25,-9.709,67.441,-127.9,-0.01,CLEAR|STRAIGHT,,999.00,0.00,0.0,-0.9,4328
198.30,-9.709,67.441,-127.9,-0.01,CLEAR|STRAIGHT,,999.00,0.00,0.0,-0.9,4328
198.35,-9.709,67.441,-127.9,-0.01,CLEAR|STRAIGHT,,999.00,0.00,0.0,-0.9,4328
198.40,-9.709,67.441,-127.9,-0.01,CLEAR|STRAIGHT,,999.00,0.00,0.0,-0.9,4328
198.45,-9.709,67.441,-127.9,-0.01,CLEAR|STRAIGHT,,999.00,0.00,0.0,-0.9,4328
198.50,-9.709,67.441,-127.9,-0.01,CLEAR|STRAIGHT,,999.00,0.00,0.0,-0.9,4328
198.55,-9.709,67.441,-127.9,-0.01,CLEAR|STRAIGHT,,999.00,0.00,0.0,-0.9,4328
198.60,-9.709,67.441,-127.9,-0.01,CLEAR|STRAIGHT,,999.00,0.00,0.0,-0.9,4328
198.65,-9.709,67.441,-127.9,-0.01,CLEAR|STRAIGHT,,999.00,0.00,0.0,-0.9,4328
198.70,-9.709,67.441,-127.9,-0.01,CLEAR|STRAIGHT,,999.00,0.00,0.0,-0.9,4328
198.75,-9.709,67.441,-127.9,-0.01,CLEAR|STRAIGHT,,999.00,0.00,0.0,-0.9,4328
198.80,-9.709,67.441,-127.9,-0.01,CLEAR|STRAIGHT,,999.00,0.00,0.0,-0.9,4328
198.85,-9.709,67.441,-127.9,-0.01,CLEAR|STRAIGHT,,999.00,0.00,0.0,-0.9,4328
198.90,-9.709,67.441,-127.9,-0.01,CLEAR|STRAIGHT,,999.00,0.00,0.0,-0.9,4328
198.95,-9.709,67.441,-127.9,-0.01,CLEAR|STRAIGHT,,999.00,0.00,0.0,-0.9,4328
199.00,-9.709,67.441,-127.9,-0.01,CLEAR|STRAIGHT,,999.00,0.00,0.0,-0.9,4328
199.05,-9.709,67.441,-127.9,-0.01,CLEAR|STRAIGHT,,999.00,0.00,0.0,-0.9,4328
199.10,-9.709,67.441,-127.9,-0.01,CLEAR|STRAIGHT,,999.00,0.00,0.0,-0.9,4328
199.15,-9.709,67.441,-127.9,-0.01,CLEAR|STRAIGHT,,999.00,0.00,0.0,-0.9,4328
199.20,-9.709,67.441,-127.9,-0.01,CLEAR|STRAIGHT,,999.00,0.00,0.0,-0.9,4328
199.25,-9.709,67.441,-127.9,-0.01,CLEAR|STRAIGHT,,999.00,0.00,0.0,-0.9,4328
199.30,-9.709,67.441,-127.9,-0.01,CLEAR|STRAIGHT,,999.00,0.00,0.0,-0.9,4328
199.35,-9.709,67.441,-127.9,-0.01,CLEAR|STRAIGHT,,999.00,0.00,0.0,-0.9,4328
199.40,-9.709,67.441,-127.9,-0.01,CLEAR|STRAIGHT,,999.00,0.00,0.0,-0.9,4328
199.45,-9.709,67.441,-127.9,-0.01,CLEAR|STRAIGHT,,999.00,0.00,0.0,-0.9,4328
199.50,-9.709,67.441,-127.9,-0.01,CLEAR|STRAIGHT,,999.00,0.00,0.0,-0.9,4328
199.55,-9.709,67.441,-127.9,-0.01,CLEAR|STRAIGHT,,999.00,0.00,0.0,-0.9,4328
199.60,-9.709,67.441,-127.9,-0.01,CLEAR|STRAIGHT,,999.00,0.00,0.0,-0.9,4328
199.65,-9.709,67.441,-127.9,-0.01,CLEAR|STRAIGHT,,999.00,0.00,0.0,-0.9,4328
199.70,-9.709,67.441,-127.9,-0.01,CLEAR|STRAIGHT,,999.00,0.00,0.0,-0.9,4328
199.75,-9.709,67.441,-127.9,-0.01,CLEAR|STRAIGHT,,999.00,0.00,0.0,-0.9,4328
199.80,-9.709,67.441,-127.9,-0.01,CLEAR|STRAIGHT,,999.00,0.00,0.0,-0.9,4328
199.85,-9.709,67.441,-127.9,-0.01,CLEAR|STRAIGHT,,999.00,0.00,0.0,-0.9,4328
199.90,-9.709,67.441,-127.9,-0.01,CLEAR|STRAIGHT,,999.00,0.00,0.0,-0.9,4328
199.95,-9.709,67.441,-127.9,-0.01,CLEAR|STRAIGHT,,999.00,0.00,0.0,-0.9,4328
200.00,-9.709,67.441,-127.9,-0.01,CLEAR|STRAIGHT,,999.00,0.00,0.0,-0.9,4328
200.05,-9.709,67.441,-127.9,-0.01,CLEAR|STRAIGHT,,999.00,0.00,0.0,-0.9,4328
200.10,-9.709,67.441,-127.9,-0.01,CLEAR|STRAIGHT,,999.00,0.00,0.0,-0.9,4328
200.15,-9.709,67.441,-127.9,-0.01,CLEAR|STRAIGHT,,999.00,0.00,0.0,-0.9,4328
