t,x,y,yaw_deg,v,mode,avoid_steer_deg,obstacle_m,cmd_v,cmd_steer_deg,steer_actual_deg,vcc_mv
0.06,-16.434,8.895,-130.5,-0.02,-,,,0.00,0.0,0.7,4121
0.11,-16.434,8.895,-130.5,-0.02,-,,,0.00,0.0,0.7,4121
0.16,-16.434,8.895,-130.5,-0.02,-,,,0.00,0.0,0.7,4121
0.21,-16.434,8.895,-130.5,-0.02,-,,,0.00,0.0,0.7,4121
0.26,-16.434,8.895,-130.5,-0.02,-,,,0.00,0.0,0.7,4121
0.31,-16.434,8.895,-130.5,-0.02,-,,,0.00,0.0,0.7,4121
0.36,-16.434,8.895,-130.5,-0.02,-,,,0.00,0.0,0.7,4121
0.41,-16.436,8.896,-130.5,-0.00,-,,,0.00,0.0,0.7,4121
0.46,-16.436,8.896,-130.5,-0.00,-,,,0.00,0.0,0.7,4121
0.51,-16.436,8.895,-130.5,0.01,-,,,0.00,0.0,0.7,4137
0.56,-16.436,8.895,-130.6,0.01,-,,,0.00,0.0,0.7,4106
0.61,-16.435,8.894,-130.6,-0.01,-,,,0.00,0.0,0.7,4137
0.66,-16.435,8.894,-130.5,-0.01,-,,,0.00,0.0,0.8,4121
0.71,-16.436,8.895,-130.5,0.01,-,,,0.00,0.0,0.6,4137
0.76,-16.436,8.895,-130.5,0.01,-,,,0.00,0.0,0.8,4121
0.81,-16.436,8.895,-130.5,-0.00,-,,,0.00,0.0,0.7,4121
0.86,-16.436,8.895,-130.5,-0.00,-,,,0.00,0.0,0.7,4106
0.91,-16.437,8.895,-130.5,0.00,-,,,0.00,0.0,0.7,4106
0.96,-16.437,8.895,-130.5,0.00,-,,,0.00,0.0,0.8,4121
1.01,-16.437,8.895,-130.5,0.00,-,,,0.00,0.0,0.7,4121
1.06,-16.437,8.895,-130.5,0.00,-,,,0.00,0.0,0.7,4137
1.11,-16.437,8.894,-130.5,0.00,-,,,0.00,0.0,0.7,4121
1.16,-16.437,8.894,-130.5,0.00,-,,,0.00,0.0,0.8,4121
1.21,-16.436,8.894,-130.5,-0.01,-,,,0.00,0.0,0.7,4121
1.26,-16.436,8.894,-130.6,-0.01,-,,,0.00,0.0,0.8,4121
1.31,-16.435,8.897,-130.6,-0.03,-,,,0.00,0.0,0.7,4137
1.36,-16.435,8.897,-130.6,-0.03,-,,,0.00,0.0,0.7,4121
1.41,-16.434,8.896,-130.6,0.01,-,,,0.00,0.0,0.7,4121
1.46,-16.434,8.896,-130.6,0.01,-,,,0.00,0.0,0.7,4137
1.51,-16.434,8.895,-130.6,-0.00,-,,,0.00,0.0,0.7,4106
1.56,-16.434,8.895,-130.6,-0.00,-,,,0.00,0.0,0.7,4121
1.61,-16.434,8.896,-130.6,0.00,-,,,0.00,0.0,0.7,4121
1.66,-16.434,8.896,-130.6,0.00,-,,,0.00,0.0,0.7,4137
1.71,-16.433,8.897,-130.5,-0.02,-,,,0.00,0.0,0.7,4121
1.76,-16.433,8.897,-130.5,-0.02,-,,,0.00,0.0,0.7,4121
1.81,-16.433,8.897,-130.5,-0.02,-,,,0.00,0.0,0.7,4121
1.86,-16.433,8.897,-130.5,-0.02,-,,,0.00,0.0,0.7,4121
1.91,-16.433,8.897,-130.5,-0.02,-,,,0.00,0.0,0.7,4121
1.96,-16.433,8.897,-130.5,-0.02,-,,,0.00,0.0,0.7,4121
2.01,-16.433,8.897,-130.5,-0.02,-,,,0.00,0.0,0.7,4121
2.06,-16.433,8.897,-130.5,-0.02,-,,,0.00,0.0,0.7,4121
2.11,-16.433,8.897,-130.5,-0.02,-,,,0.00,0.0,0.7,4121
2.16,-16.433,8.897,-130.5,-0.02,-,,,0.00,0.0,0.7,4121
2.21,-16.433,8.897,-130.5,-0.02,-,,,0.00,0.0,0.7,4121
2.26,-16.433,8.897,-130.5,-0.02,-,,,0.00,0.0,0.7,4121
2.31,-16.433,8.897,-130.5,-0.02,-,,,0.00,0.0,0.7,4121
2.36,-16.433,8.897,-130.5,-0.02,-,,,0.00,0.0,0.7,4121
2.41,-16.433,8.897,-130.5,-0.02,-,,,0.00,0.0,0.7,4121
2.46,-16.433,8.897,-130.5,-0.02,-,,,0.00,0.0,0.7,4121
2.51,-16.433,8.897,-130.5,-0.02,-,,,0.00,0.0,0.7,4121
2.56,-16.433,8.897,-130.5,-0.02,-,,,0.00,0.0,0.7,4121
2.61,-16.433,8.897,-130.5,-0.02,-,,,0.00,0.0,0.7,4121
2.66,-16.433,8.897,-130.5,-0.02,-,,,0.00,0.0,0.7,4121
2.71,-16.433,8.897,-130.5,-0.02,-,,,0.00,0.0,0.7,4121
2.76,-16.433,8.897,-130.5,-0.02,-,,,0.00,0.0,0.7,4121
2.81,-16.433,8.897,-130.5,-0.02,-,,,0.00,0.0,0.7,4121
2.86,-16.433,8.897,-130.5,-0.02,-,,,0.00,0.0,0.7,4121
2.91,-16.433,8.897,-130.5,-0.02,-,,,0.00,0.0,0.7,4121
2.96,-16.433,8.897,-130.5,-0.02,-,,,0.00,0.0,0.7,4121
3.01,-16.433,8.897,-130.5,-0.02,-,,,0.00,0.0,0.7,4121
3.06,-16.433,8.897,-130.5,-0.02,-,,,0.00,0.0,0.7,4121
3.11,-16.433,8.897,-130.5,-0.02,-,,,0.00,0.0,0.7,4121
3.16,-16.433,8.897,-130.5,-0.02,-,,,0.00,0.0,0.7,4121
3.21,-16.433,8.897,-130.5,-0.02,-,,,0.00,0.0,0.7,4121
3.26,-16.433,8.897,-130.5,-0.02,-,,,0.00,0.0,0.7,4121
3.31,-16.433,8.897,-130.5,-0.02,-,,,0.00,0.0,0.7,4121
3.36,-16.433,8.897,-130.5,-0.02,-,,,0.00,0.0,0.7,4121
3.41,-16.433,8.897,-130.5,-0.02,-,,,0.00,0.0,0.7,4121
3.46,-16.433,8.897,-130.5,-0.02,-,,,0.00,0.0,0.7,4121
3.51,-16.433,8.897,-130.5,-0.02,-,,,0.00,0.0,0.7,4121
3.56,-16.433,8.897,-130.5,-0.02,-,,,0.00,0.0,0.7,4121
3.61,-16.433,8.897,-130.5,-0.02,-,,,0.00,0.0,0.7,4121
3.66,-16.433,8.897,-130.5,-0.02,-,,,0.00,0.0,0.7,4121
3.71,-16.433,8.897,-130.5,-0.02,-,,,0.00,0.0,0.7,4121
3.76,-16.433,8.897,-130.5,-0.02,-,,,0.00,0.0,0.7,4121
3.81,-16.433,8.897,-130.5,-0.02,-,,,0.00,0.0,0.7,4121
3.86,-16.433,8.897,-130.5,-0.02,-,,,0.00,0.0,0.7,4121
3.91,-16.433,8.897,-130.5,-0.02,-,,,0.00,0.0,0.7,4121
3.96,-16.433,8.897,-130.5,-0.02,-,,,0.00,0.0,0.7,4121
4.01,-16.433,8.897,-130.5,-0.02,-,,,0.00,0.0,0.7,4121
4.06,-16.433,8.897,-130.5,-0.02,-,,,0.00,0.0,0.7,4121
4.11,-16.433,8.897,-130.5,-0.02,-,,,0.00,0.0,0.7,4121
4.16,-16.433,8.897,-130.5,-0.02,-,,,0.00,0.0,0.7,4121
4.21,-16.433,8.897,-130.5,-0.02,-,,,0.00,0.0,0.7,4121
4.26,-16.433,8.897,-130.5,-0.02,-,,,0.00,0.0,0.7,4121
4.31,-16.433,8.897,-130.5,-0.02,-,,,0.00,0.0,0.7,4121
4.36,-16.433,8.897,-130.5,-0.02,-,,,0.00,0.0,0.7,4121
4.41,-16.433,8.897,-130.5,-0.02,-,,,0.00,0.0,0.7,4121
4.46,-16.433,8.897,-130.5,-0.02,-,,,0.00,0.0,0.7,4121
4.51,-16.433,8.897,-130.5,-0.02,-,,,0.00,0.0,0.7,4121
4.56,-16.433,8.897,-130.5,-0.02,-,,,0.00,0.0,0.7,4121
4.61,-16.433,8.897,-130.5,-0.02,-,,,0.00,0.0,0.7,4121
4.66,-16.433,8.897,-130.5,-0.02,-,,,0.00,0.0,0.7,4121
4.71,-16.433,8.897,-130.5,-0.02,-,,,0.00,0.0,0.7,4121
4.76,-16.433,8.897,-130.5,-0.02,-,,,0.00,0.0,0.7,4121
4.81,-16.433,8.897,-130.5,-0.02,-,,,0.00,0.0,0.7,4121
4.86,-16.433,8.897,-130.5,-0.02,-,,,0.00,0.0,0.7,4121
4.91,-16.433,8.897,-130.5,-0.02,-,,,0.00,0.0,0.7,4121
4.96,-16.433,8.897,-130.5,-0.02,-,,,0.00,0.0,0.7,4121
5.01,-16.433,8.897,-130.5,-0.02,-,,,0.00,0.0,0.7,4121
5.06,-16.433,8.897,-130.5,-0.02,-,,,0.00,0.0,0.7,4121
5.11,-16.433,8.897,-130.5,-0.02,-,,,0.00,0.0,0.7,4121
5.16,-16.433,8.897,-130.5,-0.02,-,,,0.00,0.0,0.7,4121
5.21,-16.433,8.897,-130.5,-0.02,-,,,0.00,0.0,0.7,4121
5.26,-16.433,8.897,-130.5,-0.02,-,,,0.00,0.0,0.7,4121
5.31,-16.433,8.897,-130.5,-0.02,-,,,0.00,0.0,0.7,4121
5.36,-16.433,8.897,-130.5,-0.02,-,,,0.00,0.0,0.7,4121
5.41,-16.433,8.897,-130.5,-0.02,-,,,0.00,0.0,0.7,4121
5.46,-16.433,8.897,-130.5,-0.02,-,,,0.00,0.0,0.7,4121
5.51,-16.433,8.897,-130.5,-0.02,-,,,0.00,0.0,0.7,4121
5.56,-16.433,8.897,-130.5,-0.02,-,,,0.00,0.0,0.7,4121
5.61,-16.433,8.897,-130.5,-0.02,-,,,0.00,0.0,0.7,4121
5.66,-16.433,8.897,-130.5,-0.02,-,,,0.00,0.0,0.7,4121
5.71,-16.433,8.897,-130.5,-0.02,-,,,0.00,0.0,0.7,4121
5.76,-16.433,8.897,-130.5,-0.02,-,,,0.00,0.0,0.7,4121
5.81,-16.433,8.897,-130.5,-0.02,-,,,0.00,0.0,0.7,4121
5.86,-16.439,8.894,-130.5,0.00,-,,,0.00,0.0,0.7,4121
5.91,-16.439,8.894,-130.6,-0.05,-,,,0.00,0.0,0.7,4121
5.96,-16.439,8.894,-130.6,-0.01,-,,,0.00,0.0,0.7,4121
6.01,-16.439,8.894,-130.6,-0.01,-,,,0.00,0.0,0.7,4121
6.06,-16.439,8.894,-130.6,-0.01,-,,,0.00,0.0,0.7,4121
6.11,-16.439,8.893,-130.6,0.00,-,,,0.00,0.0,0.7,4121
6.16,-16.439,8.893,-130.6,0.00,-,,,0.00,0.0,0.7,4121
6.21,-16.433,8.896,-130.6,-0.06,-,,,0.00,0.0,0.7,4121
6.26,-16.433,8.896,-130.6,-0.06,-,,,0.00,0.0,0.7,4121
6.31,-16.433,8.897,-130.5,-0.01,-,,,0.00,0.0,0.7,4121
6.36,-16.433,8.897,-130.6,-0.01,-,,,0.00,0.0,0.7,4121
6.41,-16.433,8.899,-130.6,-0.01,-,,,0.00,0.0,0.7,4121
6.46,-16.433,8.899,-130.6,-0.01,-,,,0.00,0.0,0.7,4121
6.51,-16.432,8.899,-130.6,-0.01,-,,,0.00,0.0,0.7,4121
6.56,-16.432,8.899,-130.6,-0.01,-,,,0.00,0.0,0.7,4121
6.61,-16.434,8.899,-130.6,0.02,-,,,0.00,0.0,0.7,4121
6.66,-16.434,8.899,-130.6,0.02,-,,,0.00,0.0,0.7,4121
6.71,-16.432,8.898,-130.6,-0.01,-,,,0.00,0.0,0.7,4121
6.76,-16.432,8.898,-130.6,-0.01,-,,,0.00,0.0,0.7,4121
6.81,-16.433,8.900,-130.6,-0.00,-,,,0.00,0.0,0.7,4121
6.86,-16.433,8.900,-130.6,-0.00,-,,,0.00,0.0,0.7,4121
6.91,-16.433,8.900,-130.6,-0.00,-,,,0.00,0.0,0.7,4121
6.96,-16.432,8.900,-130.6,-0.00,-,,,0.00,0.0,0.7,4121
7.01,-16.432,8.900,-130.6,-0.00,-,,,0.00,0.0,0.7,4121
7.06,-16.432,8.900,-130.6,-0.00,-,,,0.00,0.0,0.7,4121
7.11,-16.431,8.900,-130.6,-0.01,-,,,0.00,0.0,0.7,4121
7.16,-16.431,8.900,-130.6,-0.01,-,,,0.00,0.0,0.7,4121
7.21,-16.431,8.900,-130.6,-0.01,-,,,0.00,0.0,0.7,4121
7.26,-16.432,8.899,-130.6,0.01,-,,,0.00,0.0,0.7,4121
7.31,-16.432,8.899,-130.6,-0.01,-,,,0.00,0.0,0.7,4121
7.36,-16.432,8.899,-130.6,-0.01,-,,,0.00,0.0,0.7,4121
7.41,-16.432,8.899,-130.6,-0.00,-,,,0.00,0.0,0.7,4121
7.46,-16.432,8.899,-130.6,-0.00,-,,,0.00,0.0,0.7,4137
7.51,-16.434,8.900,-130.6,0.01,-,,,0.00,0.0,0.7,4121
7.56,-16.434,8.900,-130.6,0.01,-,,,0.00,0.0,0.7,4121
7.61,-16.434,8.900,-130.6,-0.00,-,,,0.00,0.0,0.7,4121
7.66,-16.434,8.900,-130.6,-0.00,-,,,0.00,0.0,0.7,4121
7.71,-16.433,8.900,-130.6,-0.00,-,,,0.00,0.0,0.7,4121
7.76,-16.433,8.900,-130.6,-0.00,-,,,0.00,0.0,0.7,4121
7.81,-16.433,8.900,-130.6,-0.00,-,,,0.00,0.0,0.7,4121
7.86,-16.433,8.900,-130.6,-0.00,-,,,0.00,0.0,0.7,4121
7.91,-16.433,8.900,-130.6,-0.00,-,,,0.00,0.0,0.7,4106
7.96,-16.435,8.899,-130.6,0.02,-,,,0.00,0.0,0.7,4106
8.01,-16.435,8.899,-130.6,0.02,-,,,0.00,0.0,0.7,4121
8.06,-16.435,8.899,-130.6,0.02,-,,,0.00,0.0,0.7,4121
8.11,-16.433,8.897,-130.6,-0.00,-,,,0.00,0.0,0.7,4121
8.16,-16.433,8.897,-130.6,-0.00,-,,,0.00,0.0,0.7,4137
8.21,-16.434,8.896,-130.6,0.02,-,,,0.00,0.0,0.8,4106
8.26,-16.434,8.896,-130.6,0.02,-,,,0.00,0.0,0.7,4106
8.31,-16.431,8.896,-130.6,-0.02,-,,,0.00,0.0,0.7,4121
8.36,-16.431,8.896,-130.6,-0.02,-,,,0.00,0.0,0.7,4106
8.41,-16.431,8.897,-130.6,-0.01,-,,,0.00,0.0,0.7,4106
8.46,-16.431,8.897,-130.6,-0.01,-,,,0.00,0.0,0.7,4121
8.51,-16.431,8.897,-130.6,-0.00,-,,,0.00,0.0,0.7,4106
8.56,-16.431,8.897,-130.6,-0.00,-,,,0.00,0.0,0.7,4121
8.61,-16.430,8.897,-130.6,-0.00,-,,,0.00,0.0,0.7,4106
8.66,-16.430,8.897,-130.6,-0.00,-,,,0.00,0.0,0.7,4121
8.71,-16.430,8.897,-130.6,-0.01,-,,,0.00,0.0,0.7,4121
8.76,-16.430,8.897,-130.6,-0.01,-,,,0.00,0.0,0.7,4121
8.81,-16.431,8.895,-130.6,0.03,-,,,0.00,0.0,0.7,4106
8.86,-16.431,8.895,-130.6,0.03,-,,,0.00,0.0,0.7,4121
8.91,-16.431,8.895,-130.6,0.03,-,,,0.00,0.0,0.7,4106
8.96,-16.431,8.894,-130.6,0.01,-,,,0.00,0.0,0.7,4121
9.01,-16.431,8.894,-130.6,0.01,-,,,0.00,0.0,0.7,4121
9.06,-16.431,8.894,-130.6,0.01,-,,,0.00,0.0,0.7,4121
9.11,-16.432,8.895,-130.6,-0.00,-,,,0.00,0.0,0.7,4121
9.16,-16.432,8.895,-130.6,-0.00,-,,,0.00,0.0,0.8,4121
9.21,-16.431,8.895,-130.6,-0.01,-,,,0.00,0.0,0.7,4106
9.26,-16.431,8.895,-130.6,-0.01,-,,,0.00,0.0,0.7,4121
9.31,-16.430,8.897,-130.6,-0.03,-,,,0.00,0.0,0.7,4106
9.36,-16.430,8.897,-130.7,-0.03,-,,,0.00,0.0,0.7,4121
9.41,-16.429,8.896,-130.6,-0.00,-,,,0.00,0.0,0.7,4106
9.46,-16.429,8.896,-130.7,-0.00,-,,,0.00,0.0,0.8,4137
9.51,-16.429,8.896,-130.6,-0.00,-,,,0.00,0.0,0.8,4106
9.56,-16.429,8.896,-130.6,-0.00,-,,,0.00,0.0,0.7,4121
9.61,-16.429,8.896,-130.6,0.00,-,,,0.00,0.0,0.8,4121
9.66,-16.429,8.896,-130.7,0.00,-,,,0.00,0.0,0.7,4121
9.71,-16.428,8.896,-130.6,-0.01,-,,,0.00,0.0,0.7,4121
9.76,-16.428,8.896,-130.6,-0.01,-,,,0.00,0.0,0.7,4121
9.81,-16.429,8.896,-130.7,0.01,-,,,0.00,0.0,0.7,4106
9.86,-16.429,8.896,-130.7,0.01,-,,,0.00,0.0,0.7,4137
9.91,-16.428,8.896,-130.7,-0.00,-,,,0.00,0.0,0.7,4121
9.96,-16.428,8.896,-130.7,-0.00,-,,,0.00,0.0,0.7,4121
10.01,-16.428,8.896,-130.7,-0.00,-,,,0.00,0.0,0.8,4121
10.06,-16.428,8.896,-130.7,-0.00,-,,,0.00,0.0,0.7,4121
10.11,-16.428,8.895,-130.7,0.00,-,,,0.00,0.0,0.8,4106
10.16,-16.428,8.895,-130.7,0.00,-,,,0.00,0.0,0.7,4121
10.21,-16.428,8.896,-130.7,-0.00,-,,,0.00,0.0,0.7,4121
10.26,-16.428,8.896,-130.7,-0.00,-,,,0.00,0.0,0.8,4106
10.31,-16.431,8.895,-130.7,0.02,-,,,0.00,0.0,0.7,4137
10.36,-16.431,8.895,-130.7,0.02,-,,,0.00,0.0,0.7,4121
10.41,-16.430,8.895,-130.7,-0.00,-,,,0.00,0.0,0.7,4121
10.46,-16.430,8.895,-130.7,-0.00,-,,,0.00,0.0,0.8,4121
10.51,-16.431,8.895,-130.7,0.00,-,,,0.00,0.0,0.7,4121
10.56,-16.431,8.895,-130.7,0.00,-,,,0.00,0.0,0.7,4121
10.61,-16.431,8.895,-130.7,0.00,-,,,0.00,0.0,0.7,4137
10.66,-16.431,8.895,-130.7,0.00,-,,,0.00,0.0,0.7,4121
10.71,-16.431,8.895,-130.7,0.00,-,,,0.00,0.0,0.7,4121
10.76,-16.431,8.895,-130.7,0.00,-,,,0.00,0.0,0.7,4137
10.81,-16.430,8.895,-130.7,-0.01,-,,,0.00,0.0,0.7,4121
10.86,-16.430,8.895,-130.7,-0.01,-,,,0.00,0.0,0.7,4121
10.91,-16.430,8.895,-130.7,-0.01,-,,,0.00,0.0,0.7,4137
10.96,-16.430,8.895,-130.7,0.01,-,,,0.00,0.0,0.8,4121
11.01,-16.430,8.895,-130.7,0.01,-,,,0.00,0.0,0.8,4121
11.06,-16.430,8.895,-130.7,0.01,-,,,0.00,0.0,0.7,4106
11.11,-16.429,8.894,-130.7,0.00,-,,,0.00,0.0,0.7,4137
11.16,-16.429,8.894,-130.7,0.00,-,,,0.00,0.0,0.7,4121
11.21,-16.430,8.895,-130.7,-0.00,-,,,0.00,0.0,0.7,4121
11.26,-16.430,8.895,-130.7,-0.00,-,,,0.00,0.0,0.7,4121
11.31,-16.432,8.895,-130.7,0.01,-,,,0.00,0.0,0.7,4137
11.36,-16.432,8.895,-130.7,0.01,-,,,0.00,0.0,0.7,4106
11.41,-16.430,8.894,-130.7,-0.00,-,,,0.00,0.0,0.7,4121
11.46,-16.430,8.894,-130.7,-0.00,-,,,0.00,0.0,0.7,4121
11.51,-16.432,8.895,-130.7,0.00,-,,,0.00,0.0,0.7,4106
11.56,-16.432,8.895,-130.7,0.00,-,,,0.00,0.0,0.7,4121
11.61,-16.432,8.895,-130.7,0.00,-,,,0.00,0.0,0.7,4137
11.66,-16.432,8.895,-130.7,0.00,-,,,0.00,0.0,0.7,4137
11.71,-16.432,8.898,-130.7,-0.02,-,,,0.00,0.0,0.7,4121
11.76,-16.432,8.898,-130.7,-0.02,-,,,0.00,0.0,0.8,4121
11.81,-16.430,8.893,-130.7,0.03,-,,,0.00,0.0,0.7,4121
11.86,-16.430,8.893,-130.7,0.03,-,,,0.00,0.0,0.7,4121
11.91,-16.430,8.893,-130.6,0.03,-,,,0.00,0.0,0.7,4137
11.96,-16.434,8.895,-130.7,0.01,-,,,0.00,0.0,0.7,4121
12.01,-16.434,8.895,-130.7,0.01,-,,,0.00,0.0,0.6,4121
12.06,-16.434,8.895,-130.7,0.01,-,,,0.00,0.0,0.7,4137
12.11,-16.431,8.894,-130.7,-0.00,-,,,0.00,0.0,0.7,4106
12.16,-16.431,8.894,-130.7,-0.00,-,,,0.00,0.0,0.7,4121
12.21,-16.431,8.894,-130.7,-0.00,-,,,0.00,0.0,0.7,4121
12.26,-16.431,8.894,-130.7,-0.00,-,,,0.00,0.0,0.8,4121
12.31,-16.431,8.895,-130.7,-0.01,-,,,0.00,0.0,0.7,4121
12.36,-16.431,8.895,-130.7,-0.01,-,,,0.00,0.0,0.6,4121
12.41,-16.430,8.895,-130.7,-0.00,-,,,0.00,0.0,0.7,4137
12.46,-16.430,8.895,-130.7,-0.00,-,,,0.00,0.0,0.8,4106
12.51,-16.431,8.894,-130.7,0.01,-,,,0.00,0.0,0.7,4121
12.56,-16.431,8.894,-130.7,0.01,-,,,0.00,0.0,0.8,4121
12.61,-16.430,8.895,-130.7,-0.02,-,,,0.00,0.0,0.7,4121
12.66,-16.430,8.895,-130.7,-0.02,-,,,0.00,0.0,0.8,4121
12.71,-16.430,8.894,-130.7,0.01,-,,,0.00,0.0,0.6,4137
12.76,-16.430,8.894,-130.7,0.01,-,,,0.00,0.0,0.7,4137
12.81,-16.431,8.897,-130.7,-0.02,-,,,0.00,0.0,0.8,4137
12.86,-16.431,8.897,-130.7,-0.02,-,,,0.00,0.0,0.6,4121
12.91,-16.429,8.895,-130.7,0.00,-,,,0.00,0.0,0.7,4137
12.96,-16.429,8.895,-130.7,0.00,-,,,0.00,0.0,0.7,4106
13.01,-16.431,8.894,-130.7,0.02,-,,,0.00,0.0,0.7,4121
13.06,-16.431,8.894,-130.7,0.02,-,,,0.00,0.0,0.7,4121
13.11,-16.430,8.894,-130.7,-0.00,-,,,0.00,0.0,0.8,4106
13.16,-16.430,8.894,-130.7,-0.00,-,,,0.00,0.0,0.7,4106
13.21,-16.430,8.894,-130.7,0.00,-,,,0.00,0.0,0.7,4121
13.26,-16.430,8.894,-130.7,0.00,-,,,0.00,0.0,0.7,4121
13.31,-16.431,8.894,-130.7,0.00,-,,,0.00,0.0,0.7,4137
13.36,-16.431,8.894,-130.7,0.00,-,,,0.00,0.0,0.7,4137
13.41,-16.430,8.894,-130.7,-0.01,-,,,0.00,0.0,0.7,4121
13.46,-16.430,8.894,-130.7,-0.01,-,,,0.00,0.0,0.7,4121
13.51,-16.431,8.894,-130.7,0.01,-,,,0.00,0.0,0.7,4121
13.56,-16.431,8.894,-130.7,0.01,-,,,0.00,0.0,0.7,4121
13.61,-16.428,8.895,-130.7,-0.02,-,,,0.00,0.0,0.7,4121
13.66,-16.428,8.895,-130.7,-0.02,-,,,0.00,0.0,0.7,4121
13.71,-16.428,8.894,-130.7,0.01,-,,,0.00,0.0,0.7,4106
13.76,-16.428,8.894,-130.7,0.01,-,,,0.00,0.0,0.7,4121
13.81,-16.430,8.893,-130.7,0.03,-,,,0.00,0.0,0.7,4121
13.86,-16.430,8.893,-130.7,0.03,-,,,0.00,0.0,0.8,4121
13.91,-16.430,8.893,-130.7,0.03,-,,,0.00,0.0,0.8,4121
13.96,-16.429,8.894,-130.7,-0.01,-,,,0.00,0.0,0.7,4121
14.01,-16.429,8.894,-130.7,-0.01,-,,,0.00,0.0,0.7,4121
14.06,-16.429,8.894,-130.7,-0.01,-,,,0.00,0.0,0.7,4121
14.11,-16.430,8.895,-130.7,-0.00,-,,,0.00,0.0,0.7,4106
14.16,-16.430,8.895,-130.7,-0.00,-,,,0.00,0.0,0.7,4121
14.21,-16.429,8.895,-130.7,-0.00,-,,,0.00,0.0,0.7,4121
14.26,-16.429,8.895,-130.7,-0.00,-,,,0.00,0.0,0.7,4121
14.31,-16.429,8.895,-130.7,-0.00,-,,,0.00,0.0,0.7,4121
14.36,-16.429,8.895,-130.7,-0.00,-,,,0.00,0.0,0.7,4121
14.41,-16.430,8.894,-130.7,0.01,-,,,0.00,0.0,0.7,4121
14.46,-16.430,8.894,-130.7,0.01,-,,,0.00,0.0,0.7,4121
14.51,-16.430,8.893,-130.7,0.01,-,,,0.00,0.0,0.7,4137
14.56,-16.430,8.893,-130.7,0.01,-,,,0.00,0.0,0.7,4121
14.61,-16.430,8.896,-130.7,-0.02,-,,,0.00,0.0,0.7,4121
14.66,-16.430,8.896,-130.7,-0.02,-,,,0.00,0.0,0.8,4137
14.71,-16.430,8.893,-130.7,0.03,-,,,0.00,0.0,0.7,4121
14.76,-16.430,8.893,-130.7,0.03,-,,,0.00,0.0,0.7,4121
14.81,-16.429,8.894,-130.7,-0.01,-,,,0.00,0.0,0.7,4121
14.86,-16.429,8.894,-130.7,-0.01,-,,,0.00,0.0,0.7,4121
14.91,-16.429,8.894,-130.7,-0.01,-,,,0.00,0.0,0.7,4121
14.96,-16.430,8.894,-130.7,0.01,-,,,0.00,0.0,0.7,4137
15.01,-16.430,8.894,-130.7,0.01,-,,,0.00,0.0,0.7,4121
15.06,-16.430,8.894,-130.7,0.01,-,,,0.00,0.0,0.7,4137
15.11,-16.429,8.895,-130.7,-0.01,-,,,0.00,0.0,0.7,4137
15.16,-16.429,8.895,-130.7,-0.01,-,,,0.00,0.0,0.7,4121
15.21,-16.429,8.894,-130.7,0.00,-,,,0.00,0.0,0.7,4121
15.26,-16.429,8.894,-130.7,0.00,-,,,0.00,0.0,0.7,4121
15.31,-16.429,8.894,-130.7,0.00,-,,,0.00,0.0,0.6,4137
15.36,-16.429,8.894,-130.7,0.00,-,,,0.00,0.0,0.6,4137
15.41,-16.429,8.894,-130.7,0.00,-,,,0.00,0.0,0.7,4121
15.46,-16.429,8.894,-130.7,0.00,-,,,0.00,0.0,0.7,4121
15.51,-16.429,8.894,-130.7,-0.00,-,,,0.00,0.0,0.7,4121
15.56,-16.429,8.894,-130.7,-0.00,-,,,0.00,0.0,0.7,4137
15.61,-16.429,8.895,-130.7,-0.01,-,,,0.00,0.0,0.7,4137
15.66,-16.429,8.895,-130.7,-0.01,-,,,0.00,0.0,0.7,4121
15.71,-16.429,8.894,-130.7,0.01,-,,,0.00,0.0,0.8,4106
15.76,-16.429,8.894,-130.7,0.01,-,,,0.00,0.0,0.7,4121
15.81,-16.430,8.894,-130.7,0.00,-,,,0.00,0.0,0.7,4121
15.86,-16.430,8.894,-130.7,0.00,-,,,0.00,0.0,0.8,4106
15.91,-16.430,8.893,-130.8,0.01,-,,,0.00,0.0,0.7,4137
15.96,-16.430,8.893,-130.8,0.01,-,,,0.00,0.0,0.7,4121
16.01,-16.430,8.893,-130.8,0.01,-,,,0.00,0.0,0.7,4137
16.06,-16.430,8.893,-130.8,0.01,-,,,0.00,0.0,0.7,4121
16.11,-16.429,8.893,-130.8,-0.01,-,,,0.00,0.0,0.7,4121
16.16,-16.429,8.893,-130.8,-0.01,-,,,0.00,0.0,0.7,4121
16.21,-16.430,8.895,-130.8,-0.00,-,,,0.00,0.0,0.7,4137
16.26,-16.430,8.895,-130.8,-0.00,-,,,0.00,0.0,0.7,4137
16.31,-16.429,8.894,-130.8,-0.00,-,,,0.00,0.0,0.7,4137
16.36,-16.429,8.894,-130.8,-0.00,-,,,0.00,0.0,0.7,4121
16.41,-16.428,8.895,-130.8,-0.01,-,,,0.00,0.0,0.7,4137
16.46,-16.428,8.895,-130.7,-0.01,-,,,0.00,0.0,0.7,4106
16.51,-16.428,8.895,-130.8,-0.00,-,,,0.00,0.0,0.7,4121
16.56,-16.428,8.895,-130.8,-0.00,-,,,0.00,0.0,0.7,4137
16.61,-16.430,8.894,-130.8,0.02,-,,,0.00,0.0,0.7,4121
16.66,-16.430,8.894,-130.8,0.02,-,,,0.00,0.0,0.7,4137
16.71,-16.429,8.894,-130.7,-0.01,-,,,0.00,0.0,0.7,4121
16.76,-16.429,8.894,-130.7,-0.01,-,,,0.00,0.0,0.7,4121
16.81,-16.428,8.895,-130.8,-0.01,-,,,0.00,0.0,0.8,4121
16.86,-16.428,8.895,-130.7,-0.01,-,,,0.00,0.0,0.7,4121
16.91,-16.428,8.895,-130.7,-0.01,-,,,0.00,0.0,0.7,4137
16.96,-16.430,8.893,-130.8,0.02,-,,,0.00,0.0,0.7,4121
17.01,-16.430,8.893,-130.7,0.02,-,,,0.00,0.0,0.7,4121
17.06,-16.430,8.893,-130.7,0.02,-,,,0.00,0.0,0.7,4121
17.11,-16.429,8.895,-130.8,-0.01,-,,,0.00,0.0,0.8,4106
17.16,-16.429,8.895,-130.7,-0.01,-,,,0.00,0.0,0.7,4121
17.21,-16.429,8.895,-130.7,-0.01,-,,,0.00,0.0,0.7,4137
17.26,-16.429,8.895,-130.7,-0.01,-,,,0.00,0.0,0.7,4121
17.31,-16.431,8.896,-130.7,0.00,-,,,0.00,0.0,0.7,4121
17.36,-16.431,8.896,-130.8,0.00,-,,,0.00,0.0,0.7,4137
17.41,-16.431,8.895,-130.8,0.01,-,,,0.00,0.0,0.7,4121
17.46,-16.431,8.895,-130.8,0.01,-,,,0.00,0.0,0.7,4121
17.51,-16.430,8.896,-130.8,-0.01,-,,,0.00,0.0,0.7,4121
17.56,-16.430,8.896,-130.8,-0.01,-,,,0.00,0.0,0.6,4137
17.61,-16.431,8.897,-130.8,0.00,-,,,0.00,0.0,0.7,4121
17.66,-16.431,8.897,-130.8,0.00,-,,,0.00,0.0,0.7,4121
17.71,-16.431,8.896,-130.8,0.01,-,,,0.00,0.0,0.7,4121
17.76,-16.431,8.896,-130.8,0.01,-,,,0.00,0.0,0.6,4137
17.81,-16.432,8.896,-130.8,0.00,-,,,0.00,0.0,0.7,4137
17.86,-16.432,8.896,-130.8,0.00,-,,,0.00,0.0,0.7,4121
17.91,-16.432,8.896,-130.8,0.00,-,,,0.00,0.0,0.7,4121
17.96,-16.430,8.896,-130.8,-0.01,-,,,0.00,0.0,0.8,4121
18.01,-16.430,8.896,-130.7,-0.01,-,,,0.00,0.0,0.7,4121
18.06,-16.430,8.896,-130.7,-0.01,-,,,0.00,0.0,0.8,4121
18.11,-16.431,8.896,-130.8,0.00,-,,,0.00,0.0,0.7,4137
18.16,-16.431,8.896,-130.8,0.00,-,,,0.00,0.0,0.7,4121
18.21,-16.431,8.897,-130.8,-0.01,-,,,0.00,0.0,0.7,4121
18.26,-16.431,8.897,-130.8,-0.01,-,,,0.00,0.0,0.8,4121
18.31,-16.431,8.897,-130.8,-0.01,-,,,0.00,0.0,0.7,4121
18.36,-16.431,8.897,-130.8,-0.01,-,,,0.00,0.0,0.7,4121
18.41,-16.432,8.897,-130.8,0.10,-,,,0.00,0.0,0.7,4121
18.46,-16.432,8.897,-130.8,0.10,-,,,0.00,0.0,0.7,4121
18.51,-16.429,8.896,-130.8,-0.01,-,,,0.00,0.0,0.7,4121
18.56,-16.429,8.896,-130.8,-0.01,-,,,0.00,0.0,0.7,4137
18.61,-16.429,8.897,-130.8,-0.01,-,,,0.00,0.0,0.8,4121
18.66,-16.429,8.897,-130.8,-0.01,-,,,0.00,0.0,0.7,4121
18.71,-16.428,8.896,-130.8,0.00,-,,,0.00,0.0,0.8,4121
18.76,-16.428,8.896,-130.8,0.00,-,,,0.00,0.0,0.7,4121
18.81,-16.428,8.897,-130.8,-0.00,-,,,0.00,0.0,0.7,4137
18.86,-16.428,8.897,-130.8,-0.00,-,,,0.00,0.0,0.7,4121
18.91,-16.428,8.897,-130.8,-0.00,-,,,0.00,0.0,0.7,4137
18.96,-16.429,8.897,-130.8,0.00,-,,,0.00,0.0,0.8,4121
19.01,-16.429,8.897,-130.8,0.00,-,,,0.00,0.0,0.7,4106
19.06,-16.429,8.897,-130.8,0.00,-,,,0.00,0.0,0.7,4137
19.11,-16.430,8.898,-130.8,-0.00,-,,,0.00,0.0,0.7,4121
19.16,-16.430,8.898,-130.8,-0.00,-,,,0.00,0.0,0.7,4121
19.21,-16.429,8.897,-130.8,0.00,-,,,0.00,0.0,0.8,4121
19.26,-16.429,8.897,-130.8,0.00,-,,,0.00,0.0,0.7,4137
19.31,-16.428,8.897,-130.8,-0.00,-,,,0.00,0.0,0.7,4121
19.36,-16.428,8.897,-130.8,-0.00,-,,,0.00,0.0,0.7,4121
19.41,-16.428,8.899,-130.8,-0.02,-,,,0.00,0.0,0.7,4137
19.46,-16.428,8.899,-130.8,-0.02,-,,,0.00,0.0,0.7,4121
19.51,-16.427,8.899,-130.8,-0.00,-,,,0.00,0.0,0.7,4121
19.56,-16.427,8.899,-130.8,-0.00,-,,,0.00,0.0,0.8,4121
19.61,-16.427,8.898,-130.8,0.01,-,,,0.00,0.0,0.7,4121
19.66,-16.427,8.898,-130.8,0.01,-,,,0.00,0.0,0.7,4121
19.71,-16.427,8.897,-130.8,0.00,-,,,0.00,0.0,0.7,4121
19.76,-16.427,8.897,-130.8,0.00,-,,,0.00,0.0,0.7,4121
19.81,-16.428,8.899,-130.8,-0.00,-,,,0.00,0.0,0.8,4137
19.86,-16.428,8.899,-130.8,-0.00,-,,,0.00,0.0,0.7,4137
19.91,-16.428,8.899,-130.8,-0.00,-,,,0.00,0.0,0.7,4106
19.96,-16.427,8.896,-130.9,0.01,-,,,0.00,0.0,0.7,4121
20.01,-16.427,8.896,-130.8,0.01,-,,,0.00,0.0,0.7,4137
20.06,-16.427,8.896,-130.8,0.01,-,,,0.00,0.0,1.0,4121
20.11,-16.426,8.896,-130.8,-0.00,-,,,0.00,0.0,0.8,4121
20.16,-16.426,8.896,-130.8,-0.00,-,,,0.00,0.0,0.7,4121
20.21,-16.426,8.898,-130.8,-0.02,-,,,0.00,0.0,0.7,4121
20.26,-16.426,8.898,-130.8,-0.02,-,,,0.00,0.0,0.7,4121
20.31,-16.426,8.900,-130.8,-0.01,-,,,0.00,0.0,0.7,4106
20.36,-16.426,8.900,-130.8,-0.01,-,,,0.00,0.0,0.7,4137
20.41,-16.427,8.899,-130.8,0.01,-,,,0.00,0.0,0.6,4121
20.46,-16.427,8.899,-130.8,0.01,-,,,0.00,0.0,0.7,4121
20.51,-16.426,8.897,-130.8,0.01,-,,,0.00,0.0,0.7,4121
20.56,-16.426,8.897,-130.8,0.01,-,,,0.00,0.0,0.9,4121
20.61,-16.425,8.897,-130.8,-0.00,-,,,0.00,0.0,0.6,4121
20.66,-16.425,8.897,-130.8,-0.00,-,,,0.00,0.0,0.7,4121
20.71,-16.425,8.896,-130.8,0.01,-,,,0.00,0.0,0.7,4106
20.76,-16.425,8.896,-130.8,0.01,-,,,0.00,0.0,0.7,4121
20.81,-16.428,8.900,-130.8,-0.01,-,,,0.00,0.0,0.8,4121
20.86,-16.428,8.900,-130.8,-0.01,-,,,0.00,0.0,0.6,4121
20.91,-16.428,8.900,-130.8,-0.01,-,,,0.00,0.0,0.7,4121
20.96,-16.428,8.898,-130.8,0.01,-,,,0.00,0.0,0.7,4121
21.01,-16.428,8.898,-130.8,0.01,-,,,0.00,0.0,0.7,4121
21.06,-16.428,8.898,-130.8,0.01,-,,,0.00,0.0,0.7,4106
21.11,-16.426,8.897,-130.8,0.00,-,,,0.00,0.0,0.7,4121
21.16,-16.426,8.897,-130.8,0.00,-,,,0.00,0.0,0.7,4121
21.21,-16.427,8.897,-130.8,0.00,-,,,0.00,0.0,0.8,4121
21.26,-16.427,8.897,-130.8,0.00,-,,,0.00,0.0,0.8,4121
21.31,-16.426,8.896,-130.8,0.00,-,,,0.00,0.0,0.7,4121
21.36,-16.426,8.896,-130.8,0.00,-,,,0.00,0.0,0.8,4106
21.41,-16.424,8.899,-130.8,-0.03,-,,,0.00,0.0,0.7,4121
21.46,-16.424,8.899,-130.8,-0.03,-,,,0.00,0.0,0.7,4121
21.51,-16.426,8.897,-130.8,0.03,-,,,0.00,0.0,0.7,4137
21.56,-16.426,8.897,-130.8,0.03,-,,,0.00,0.0,0.7,4121
21.61,-16.426,8.898,-130.8,-0.01,-,,,0.00,0.0,0.8,4106
21.66,-16.426,8.898,-130.8,-0.01,-,,,0.00,0.0,0.7,4121
21.71,-16.426,8.897,-130.8,0.01,-,,,0.00,0.0,0.7,4121
21.76,-16.426,8.897,-130.8,0.01,-,,,0.00,0.0,0.7,4121
21.81,-16.427,8.899,-130.8,-0.01,-,,,0.00,0.0,0.7,4121
21.86,-16.427,8.899,-130.8,-0.01,-,,,0.00,0.0,0.7,4106
21.91,-16.425,8.897,-130.8,0.00,-,,,0.00,0.0,0.7,4121
21.96,-16.425,8.897,-130.8,0.00,-,,,0.00,0.0,0.8,4121
22.01,-16.426,8.897,-130.8,0.00,-,,,0.00,0.0,0.7,4121
22.06,-16.426,8.897,-130.8,0.00,-,,,0.00,0.0,0.7,4137
22.11,-16.426,8.898,-130.8,-0.00,-,,,0.00,0.0,0.7,4121
22.16,-16.426,8.898,-130.8,-0.00,-,,,0.00,0.0,0.7,4106
22.21,-16.426,8.898,-130.8,-0.00,-,,,0.00,0.0,0.8,4121
22.26,-16.426,8.898,-130.8,-0.00,-,,,0.00,0.0,0.7,4121
22.31,-16.429,8.900,-130.8,0.00,-,,,0.00,0.0,0.7,4121
22.36,-16.429,8.900,-130.8,0.00,-,,,0.00,0.0,0.7,4137
22.41,-16.428,8.899,-130.8,0.01,-,,,0.00,0.0,0.8,4121
22.46,-16.428,8.899,-130.8,0.01,-,,,0.00,0.0,0.8,4106
22.51,-16.429,8.901,-130.8,-0.02,-,,,0.00,0.0,0.7,4137
22.56,-16.429,8.901,-130.8,-0.02,-,,,0.00,0.0,0.7,4121
22.61,-16.429,8.901,-130.8,-0.00,-,,,0.00,0.0,0.8,4106
22.66,-16.429,8.901,-130.8,-0.00,-,,,0.00,0.0,0.7,4121
22.71,-16.428,8.900,-130.8,0.01,-,,,0.00,0.0,0.7,4121
22.76,-16.428,8.900,-130.8,0.01,-,,,0.00,0.0,0.7,4121
22.81,-16.430,8.902,-130.8,-0.00,-,,,0.00,0.0,0.6,4137
22.86,-16.430,8.902,-130.8,-0.00,-,,,0.00,0.0,0.7,4121
22.91,-16.430,8.902,-130.8,-0.00,-,,,0.00,0.0,0.7,4121
22.96,-16.430,8.902,-130.8,-0.00,-,,,0.00,0.0,0.7,4121
23.01,-16.430,8.902,-130.8,-0.00,-,,,0.00,0.0,0.7,4121
23.06,-16.430,8.902,-130.8,-0.00,-,,,0.00,0.0,0.7,4106
23.11,-16.431,8.901,-130.8,0.01,-,,,0.00,0.0,0.7,4137
23.16,-16.431,8.901,-130.8,0.01,-,,,0.00,0.0,0.7,4121
23.21,-16.430,8.902,-130.8,-0.01,-,,,0.00,0.0,0.7,4121
23.26,-16.430,8.902,-130.8,-0.01,-,,,0.00,0.0,0.7,4106
23.31,-16.432,8.901,-130.8,0.02,-,,,0.00,0.0,0.7,4137
23.36,-16.432,8.901,-130.8,0.02,-,,,0.00,0.0,0.7,4121
23.41,-16.432,8.902,-130.8,-0.01,-,,,0.00,0.0,0.8,4106
23.46,-16.432,8.902,-130.8,-0.01,-,,,0.00,0.0,0.7,4121
23.51,-16.433,8.902,-130.8,0.00,-,,,0.00,0.0,0.7,4121
23.56,-16.433,8.902,-130.8,0.00,-,,,0.00,0.0,0.7,4121
23.61,-16.433,8.903,-130.8,-0.00,-,,,0.00,0.0,0.7,4121
23.66,-16.433,8.903,-130.8,-0.00,-,,,0.00,0.0,0.7,4121
23.71,-16.432,8.903,-130.8,-0.01,-,,,0.00,0.0,0.7,4137
23.76,-16.432,8.903,-130.8,-0.01,-,,,0.00,0.0,0.8,4137
23.81,-16.432,8.901,-130.8,0.01,-,,,0.00,0.0,0.6,4121
23.86,-16.432,8.901,-130.8,0.01,-,,,0.00,0.0,0.7,4106
23.91,-16.432,8.901,-130.8,0.01,-,,,0.00,0.0,0.6,4106
23.96,-16.433,8.902,-130.8,0.00,-,,,0.00,0.0,0.7,4121
24.01,-16.433,8.902,-130.8,0.00,-,,,0.00,0.0,0.7,4137
24.06,-16.433,8.902,-130.8,0.00,-,,,0.00,0.0,0.8,4137
24.11,-16.434,8.900,-130.8,0.01,-,,,0.00,0.0,0.7,4106
24.16,-16.434,8.900,-130.8,0.01,-,,,0.00,0.0,0.7,4152
24.21,-16.431,8.900,-130.8,-0.02,-,,,0.00,0.0,0.7,4121
24.26,-16.431,8.900,-130.8,-0.02,-,,,0.00,0.0,0.7,4106
24.31,-16.430,8.898,-130.8,0.00,-,,,0.00,0.0,0.7,4106
24.36,-16.430,8.898,-130.8,0.00,-,,,0.00,0.0,0.7,4137
24.41,-16.432,8.900,-130.8,0.00,-,,,0.00,0.0,0.7,4106
24.46,-16.432,8.900,-130.8,0.00,-,,,0.00,0.0,0.7,4137
24.51,-16.431,8.899,-130.8,-0.00,-,,,0.00,0.0,0.7,4121
24.56,-16.431,8.899,-130.8,-0.00,-,,,0.00,0.0,0.8,4106
24.61,-16.431,8.897,-130.8,0.01,-,,,0.00,0.0,0.7,4137
24.66,-16.431,8.897,-130.8,0.01,-,,,0.00,0.0,0.8,4137
24.71,-16.432,8.902,-130.8,-0.02,-,,,0.00,0.0,0.7,4137
24.76,-16.432,8.902,-130.8,-0.02,-,,,0.00,0.0,0.7,4121
24.81,-16.430,8.898,-130.8,0.02,-,,,0.00,0.0,0.7,4106
24.86,-16.430,8.898,-130.8,0.02,-,,,0.00,0.0,0.7,4121
24.91,-16.430,8.898,-130.8,0.02,-,,,0.00,0.0,0.7,4121
24.96,-16.433,8.898,-130.9,0.02,-,,,0.00,0.0,0.7,4121
25.01,-16.433,8.898,-130.9,0.02,-,,,0.00,0.0,0.7,4137
25.06,-16.433,8.898,-130.9,0.02,-,,,0.00,0.0,0.7,4121
25.11,-16.433,8.897,-130.9,0.00,-,,,0.00,0.0,0.7,4121
25.16,-16.433,8.897,-130.9,0.00,-,,,0.00,0.0,0.6,4106
25.21,-16.433,8.895,-130.9,0.02,-,,,0.00,0.0,0.7,4137
25.26,-16.433,8.895,-130.9,0.02,-,,,0.00,0.0,0.7,4121
25.31,-16.431,8.897,-130.9,-0.03,-,,,0.00,0.0,0.7,4121
25.36,-16.431,8.897,-130.9,-0.03,-,,,0.00,0.0,0.8,4121
25.41,-16.431,8.897,-130.9,0.01,-,,,0.00,0.0,0.7,4121
25.46,-16.431,8.897,-130.9,0.01,-,,,0.00,0.0,0.7,4121
25.51,-16.432,8.896,-130.9,0.01,-,,,0.00,0.0,0.8,4121
25.56,-16.432,8.896,-130.9,0.01,-,,,0.00,0.0,0.7,4121
25.61,-16.433,8.896,-130.9,0.00,-,,,0.00,0.0,0.7,4121
25.66,-16.433,8.896,-130.9,0.00,-,,,0.00,0.0,0.7,4121
25.71,-16.433,8.897,-130.8,-0.01,-,,,0.00,0.0,0.7,4121
25.76,-16.433,8.897,-130.8,-0.01,-,,,0.00,0.0,0.7,4121
25.81,-16.433,8.895,-130.8,0.02,-,,,0.00,0.0,0.8,4121
25.86,-16.433,8.895,-130.9,0.02,-,,,0.00,0.0,0.6,4121
25.91,-16.433,8.895,-130.9,0.02,-,,,0.00,0.0,0.7,4137
25.96,-16.434,8.897,-130.8,-0.01,-,,,0.00,0.0,0.7,4106
26.01,-16.434,8.897,-130.8,-0.01,-,,,0.00,0.0,0.7,4121
26.06,-16.434,8.897,-130.8,-0.01,-,,,0.00,0.0,0.6,4121
26.11,-16.435,8.897,-130.9,0.00,-,,,0.00,0.0,0.8,4121
26.16,-16.435,8.897,-130.8,0.00,-,,,0.00,0.0,0.7,4106
26.21,-16.437,8.897,-130.9,0.01,-,,,0.00,0.0,0.7,4137
26.26,-16.437,8.897,-130.9,0.01,-,,,0.00,0.0,0.7,4106
26.31,-16.433,8.900,-130.8,-0.05,-,,,0.00,0.0,0.7,4121
26.36,-16.433,8.900,-130.9,-0.05,-,,,0.00,0.0,0.7,4121
26.41,-16.430,8.896,-130.9,0.01,-,,,0.00,0.0,0.8,4121
26.46,-16.430,8.896,-130.9,0.01,-,,,0.00,0.0,0.7,4106
26.51,-16.433,8.897,-130.9,0.01,-,,,0.00,0.0,0.7,4137
26.56,-16.433,8.897,-130.9,0.01,-,,,0.00,0.0,0.7,4121
26.61,-16.434,8.899,-130.9,-0.00,-,,,0.00,0.0,0.8,4121
26.66,-16.434,8.899,-130.8,-0.00,-,,,0.00,0.0,0.7,4121
26.71,-16.433,8.896,-130.8,0.01,-,,,0.00,0.0,0.7,4137
26.76,-16.433,8.896,-130.9,0.01,-,,,0.00,0.0,0.7,4121
26.81,-16.432,8.895,-130.8,0.00,-,,,0.00,0.0,0.8,4121
26.86,-16.432,8.895,-130.8,0.00,-,,,0.00,0.0,0.8,4121
26.91,-16.432,8.895,-130.8,0.00,-,,,0.00,0.0,0.8,4121
26.96,-16.433,8.898,-130.8,-0.01,-,,,0.00,0.0,0.7,4121
27.01,-16.433,8.898,-130.8,-0.01,-,,,0.00,0.0,0.7,4137
27.06,-16.433,8.898,-130.8,-0.01,-,,,0.00,0.0,0.7,4106
27.11,-16.435,8.898,-130.9,0.01,-,,,0.00,0.0,0.8,4121
27.16,-16.435,8.898,-130.9,0.01,-,,,0.00,0.0,0.6,4121
27.21,-16.434,8.897,-130.9,0.00,-,,,0.00,0.0,0.8,4137
27.26,-16.434,8.897,-130.8,0.00,-,,,0.00,0.0,0.8,4106
27.31,-16.431,8.895,-130.8,-0.01,-,,,0.00,0.0,0.7,4137
27.36,-16.431,8.895,-130.8,-0.01,-,,,0.00,0.0,0.7,4121
27.41,-16.432,8.896,-130.8,0.00,-,,,0.00,0.0,0.7,4106
27.46,-16.432,8.896,-130.9,0.00,-,,,0.00,0.0,0.7,4121
27.51,-16.434,8.897,-130.8,0.01,-,,,0.00,0.0,0.7,4137
27.56,-16.434,8.897,-130.9,0.01,-,,,0.00,0.0,0.7,4121
27.61,-16.432,8.897,-130.9,-0.01,-,,,0.00,0.0,0.8,4137
27.66,-16.432,8.897,-130.8,-0.01,-,,,0.00,0.0,0.6,4121
27.71,-16.431,8.898,-130.9,-0.02,-,,,0.00,0.0,0.7,4106
27.76,-16.431,8.898,-130.8,-0.02,-,,,0.00,0.0,0.7,4137
27.81,-16.430,8.897,-130.9,0.00,-,,,0.00,0.0,0.8,4121
27.86,-16.430,8.897,-130.8,0.00,-,,,0.00,0.0,0.6,4106
27.91,-16.430,8.897,-130.8,0.00,-,,,0.00,0.0,0.7,4137
27.96,-16.428,8.898,-130.9,-0.02,-,,,0.00,0.0,0.7,4121
28.01,-16.428,8.898,-130.8,-0.02,-,,,0.00,0.0,0.7,4106
28.06,-16.428,8.898,-130.8,-0.02,-,,,0.00,0.0,0.6,4121
28.11,-16.429,8.895,-130.9,0.01,-,,,0.00,0.0,0.7,4121
28.16,-16.429,8.895,-130.8,0.01,-,,,0.00,0.0,0.7,4121
28.21,-16.430,8.896,-130.8,0.00,-,,,0.00,0.0,0.8,4121
28.26,-16.430,8.896,-130.8,0.00,-,,,0.00,0.0,0.8,4106
28.31,-16.435,8.898,-130.8,0.01,-,,,0.00,0.0,0.7,4106
28.36,-16.435,8.898,-130.8,0.01,-,,,0.00,0.0,0.7,4121
28.41,-16.435,8.896,-130.8,0.01,-,,,0.00,0.0,0.8,4121
28.46,-16.435,8.896,-130.9,0.01,-,,,0.00,0.0,0.7,4137
28.51,-16.430,8.897,-130.9,-0.04,-,,,0.00,0.0,0.7,4121
28.56,-16.430,8.897,-130.9,-0.04,-,,,0.00,0.0,0.8,4121
28.61,-16.433,8.897,-130.9,0.03,-,,,0.00,0.0,0.8,4121
28.66,-16.433,8.897,-130.9,0.03,-,,,0.00,0.0,0.7,4106
28.71,-16.430,8.897,-130.9,-0.03,-,,,0.00,0.0,0.7,4121
28.76,-16.430,8.897,-130.9,-0.03,-,,,0.00,0.0,0.7,4121
28.81,-16.430,8.897,-130.9,-0.00,-,,,0.00,0.0,0.7,4121
28.86,-16.430,8.897,-130.9,-0.00,-,,,0.00,0.0,0.8,4121
28.91,-16.430,8.897,-130.9,-0.00,-,,,0.00,0.0,0.7,4137
28.96,-16.431,8.897,-130.9,0.01,-,,,0.00,0.0,0.7,4121
29.01,-16.431,8.897,-130.9,0.01,-,,,0.00,0.0,0.6,4121
29.06,-16.431,8.897,-130.9,0.01,-,,,0.00,0.0,0.7,4137
29.11,-16.431,8.896,-130.9,0.01,-,,,0.00,0.0,0.7,4106
29.16,-16.431,8.896,-130.9,0.01,-,,,0.00,0.0,0.7,4121
29.21,-16.431,8.897,-130.9,-0.01,-,,,0.00,0.0,0.7,4121
29.26,-16.431,8.897,-130.9,-0.01,-,,,0.00,0.0,0.7,4121
29.31,-16.433,8.897,-130.9,0.01,-,,,0.00,0.0,0.7,4121
29.36,-16.433,8.897,-130.9,0.01,-,,,0.00,0.0,0.7,4121
29.41,-16.433,8.897,-130.9,-0.00,-,,,0.00,0.0,0.7,4106
29.46,-16.433,8.897,-130.9,-0.00,-,,,0.00,0.0,0.7,4121
29.51,-16.431,8.899,-130.9,-0.02,-,,,0.00,0.0,0.7,4121
29.56,-16.431,8.899,-130.9,-0.02,-,,,0.00,0.0,0.8,4121
29.61,-16.433,8.899,-130.9,0.00,-,,,0.00,0.0,0.7,4121
29.66,-16.433,8.899,-130.9,0.00,-,,,0.00,0.0,0.7,4121
29.71,-16.432,8.898,-130.9,0.01,-,,,0.00,0.0,0.7,4106
29.76,-16.432,8.898,-130.9,0.01,-,,,0.00,0.0,0.7,4121
29.81,-16.430,8.900,-130.9,-0.03,-,,,0.00,0.0,0.7,4121
29.86,-16.430,8.900,-130.9,-0.03,-,,,0.00,0.0,0.7,4121
29.91,-16.430,8.900,-130.9,0.00,-,,,0.00,0.0,0.7,4121
29.96,-16.430,8.900,-130.9,0.00,-,,,0.00,0.0,0.7,4121
30.01,-16.430,8.900,-130.9,0.00,-,,,0.00,0.0,0.7,4121
30.06,-16.430,8.900,-130.9,0.00,-,,,0.00,0.0,0.7,4137
30.11,-16.429,8.899,-130.9,0.00,-,,,0.00,0.0,0.8,4106
30.16,-16.429,8.899,-130.9,0.00,-,,,0.00,0.0,0.8,4106
30.21,-16.430,8.897,-130.9,0.02,-,,,0.00,0.0,0.7,4137
30.26,-16.430,8.897,-130.9,0.02,-,,,0.00,0.0,0.7,4121
30.31,-16.430,8.898,-130.9,-0.00,-,,,0.00,0.0,0.7,4121
30.36,-16.430,8.898,-130.9,-0.00,-,,,0.00,0.0,0.7,4121
30.41,-16.430,8.897,-130.9,-0.00,-,,,0.00,0.0,0.7,4121
30.46,-16.430,8.897,-130.9,-0.00,-,,,0.00,0.0,0.7,4121
30.51,-16.429,8.896,-130.9,-0.00,-,,,0.00,0.0,0.7,4121
30.56,-16.429,8.896,-130.9,-0.00,-,,,0.00,0.0,0.8,4106
30.61,-16.430,8.896,-130.9,0.01,-,,,0.00,0.0,0.8,4106
30.66,-16.430,8.896,-130.9,0.01,-,,,0.00,0.0,0.8,4121
30.71,-16.430,8.897,-130.9,-0.00,-,,,0.00,0.0,0.6,4137
30.76,-16.430,8.897,-130.9,-0.00,-,,,0.00,0.0,0.7,4121
30.81,-16.430,8.897,-130.9,0.00,-,,,0.00,0.0,0.7,4137
30.86,-16.430,8.897,-130.9,0.00,-,,,0.00,0.0,0.7,4137
30.91,-16.431,8.896,-130.9,0.02,-,,,0.00,0.0,0.6,4106
30.96,-16.431,8.896,-130.9,0.02,-,,,0.00,0.0,0.7,4121
31.01,-16.430,8.895,-130.9,-0.00,-,,,0.00,0.0,0.7,4121
31.06,-16.430,8.895,-130.9,-0.00,-,,,0.00,0.0,0.7,4106
31.11,-16.431,8.897,-130.9,-0.01,-,,,0.00,0.0,0.8,4137
31.16,-16.431,8.897,-130.9,-0.01,-,,,0.00,0.0,0.8,4106
31.21,-16.430,8.899,-130.9,-0.01,-,,,0.00,0.0,0.7,4137
31.26,-16.430,8.899,-130.9,-0.01,-,,,0.00,0.0,0.8,4121
31.31,-16.429,8.897,-130.9,0.00,-,,,0.00,0.0,0.8,4121
31.36,-16.429,8.897,-130.9,0.00,-,,,0.00,0.0,0.7,4121
31.41,-16.429,8.897,-130.9,0.00,-,,,0.00,0.0,0.8,4121
31.46,-16.429,8.897,-130.9,0.00,-,,,0.00,0.0,0.8,4121
31.51,-16.428,8.899,-130.9,-0.02,-,,,0.00,0.0,0.7,4121
31.56,-16.428,8.899,-130.9,-0.02,-,,,0.00,0.0,0.6,4121
31.61,-16.427,8.897,-130.9,0.01,-,,,0.00,0.0,0.6,4121
31.66,-16.427,8.897,-130.9,0.01,-,,,0.00,0.0,0.8,4121
31.71,-16.428,8.900,-130.9,-0.02,-,,,0.00,0.0,0.7,4121
31.76,-16.428,8.900,-130.9,-0.02,-,,,0.00,0.0,0.7,4121
31.81,-16.431,8.899,-130.9,0.04,-,,,0.00,0.0,0.7,4137
31.86,-16.431,8.899,-130.9,0.04,-,,,0.00,0.0,0.7,4137
31.91,-16.431,8.899,-130.9,0.04,-,,,0.00,0.0,0.7,4121
31.96,-16.431,8.901,-130.9,-0.01,-,,,0.00,0.0,0.7,4121
32.01,-16.431,8.901,-130.9,-0.01,-,,,0.00,0.0,0.7,4121
32.06,-16.431,8.901,-130.9,-0.01,-,,,0.00,0.0,0.7,4121
32.11,-16.431,8.898,-130.9,0.01,-,,,0.00,0.0,0.8,4137
32.16,-16.431,8.898,-130.9,0.01,-,,,0.00,0.0,0.7,4137
32.21,-16.430,8.902,-130.9,-0.04,-,,,0.00,0.0,0.7,4137
32.26,-16.430,8.902,-130.9,-0.04,-,,,0.00,0.0,0.7,4121
32.31,-16.433,8.901,-130.9,0.02,-,,,0.00,0.0,0.7,4121
32.36,-16.433,8.901,-130.9,0.02,-,,,0.00,0.0,0.7,4121
32.41,-16.431,8.900,-130.9,-0.00,-,,,0.00,0.0,0.7,4137
32.46,-16.431,8.900,-130.9,-0.00,-,,,0.00,0.0,0.7,4121
32.51,-16.430,8.901,-130.9,-0.02,-,,,0.00,0.0,0.7,4121
32.56,-16.430,8.901,-130.9,-0.02,-,,,0.00,0.0,0.7,4121
32.61,-16.432,8.900,-130.9,0.01,-,,,0.00,0.0,0.6,4137
32.66,-16.432,8.900,-130.9,0.01,-,,,0.00,0.0,0.6,4137
32.71,-16.430,8.899,-130.9,0.00,-,,,0.00,0.0,0.7,4137
32.76,-16.430,8.899,-130.9,0.00,-,,,0.00,0.0,0.8,4121
32.81,-16.430,8.901,-130.9,-0.02,-,,,0.00,0.0,0.7,4121
32.86,-16.430,8.901,-130.9,-0.02,-,,,0.00,0.0,0.7,4137
32.91,-16.430,8.901,-130.9,-0.02,-,,,0.00,0.0,0.7,4121
32.96,-16.430,8.900,-130.9,0.01,-,,,0.00,0.0,0.6,4137
33.01,-16.430,8.900,-130.9,0.01,-,,,0.00,0.0,0.7,4106
33.06,-16.430,8.900,-130.9,0.01,-,,,0.00,0.0,0.7,4137
33.11,-16.432,8.899,-130.9,0.01,-,,,0.00,0.0,0.7,4121
33.16,-16.432,8.899,-130.9,0.01,-,,,0.00,0.0,0.8,4106
33.21,-16.432,8.899,-130.9,0.01,-,,,0.00,0.0,0.6,4121
33.26,-16.432,8.899,-130.9,0.01,-,,,0.00,0.0,0.7,4137
33.31,-16.432,8.899,-130.9,-0.00,-,,,0.00,0.0,0.7,4121
33.36,-16.432,8.899,-130.9,-0.00,-,,,0.00,0.0,0.8,4137
33.41,-16.434,8.898,-130.9,0.01,-,,,0.00,0.0,0.7,4121
33.46,-16.434,8.898,-130.9,0.01,-,,,0.00,0.0,0.7,4121
33.51,-16.430,8.898,-130.9,-0.02,-,,,0.00,0.0,0.7,4121
33.56,-16.430,8.898,-130.9,-0.02,-,,,0.00,0.0,0.8,4121
33.61,-16.433,8.898,-130.9,0.02,-,,,0.00,0.0,0.7,4106
33.66,-16.433,8.898,-130.9,0.02,-,,,0.00,0.0,0.7,4137
33.71,-16.432,8.900,-130.9,-0.02,-,,,0.00,0.0,0.7,4121
33.76,-16.432,8.900,-130.9,-0.02,-,,,0.00,0.0,0.7,4121
33.81,-16.429,8.902,-130.9,-0.04,-,,,0.00,0.0,0.7,4121
33.86,-16.429,8.902,-130.9,-0.04,-,,,0.00,0.0,0.8,4121
33.91,-16.429,8.902,-130.9,-0.04,-,,,0.00,0.0,0.7,4106
33.96,-16.428,8.901,-130.9,0.01,-,,,0.00,0.0,0.7,4121
34.01,-16.428,8.901,-130.9,0.01,-,,,0.00,0.0,0.7,4121
34.06,-16.428,8.901,-130.9,0.01,-,,,0.00,0.0,0.7,4121
34.11,-16.430,8.902,-130.9,-0.00,-,,,0.00,0.0,0.7,4121
34.16,-16.430,8.902,-130.9,-0.00,-,,,0.00,0.0,0.7,4121
34.21,-16.432,8.901,-130.9,0.02,-,,,0.00,0.0,0.7,4121
34.26,-16.432,8.901,-130.9,0.02,-,,,0.00,0.0,0.7,4121
34.31,-16.432,8.899,-130.9,0.02,-,,,0.00,0.0,0.7,4137
34.36,-16.432,8.899,-130.9,0.02,-,,,0.00,0.0,0.7,4121
34.41,-16.433,8.897,-130.9,0.02,-,,,0.00,0.0,0.8,4121
34.46,-16.433,8.897,-130.9,0.02,-,,,0.00,0.0,0.7,4121
34.51,-16.438,8.895,-130.9,0.05,-,,,0.00,0.0,0.7,4121
34.56,-16.438,8.895,-130.9,0.05,-,,,0.00,0.0,0.8,4121
34.61,-16.434,8.894,-130.9,-0.01,-,,,0.00,0.0,0.7,4121
34.66,-16.434,8.894,-130.9,-0.01,-,,,0.00,0.0,0.7,4121
34.71,-16.434,8.896,-130.9,-0.02,-,,,0.00,0.0,0.7,4121
34.76,-16.434,8.896,-130.9,-0.02,-,,,0.00,0.0,0.8,4121
34.81,-16.437,8.900,-130.9,-0.01,-,,,0.00,0.0,0.7,4137
34.86,-16.437,8.900,-130.9,-0.01,-,,,0.00,0.0,0.7,4121
34.91,-16.437,8.900,-130.9,-0.01,-,,,0.00,0.0,0.7,4121
34.96,-16.434,8.900,-130.9,-0.02,-,,,0.00,0.0,0.8,4121
35.01,-16.434,8.900,-130.9,-0.02,-,,,0.00,0.0,0.7,4121
35.06,-16.434,8.900,-130.9,-0.02,-,,,0.00,0.0,0.8,4106
35.11,-16.437,8.896,-130.9,0.03,-,,,0.00,0.0,0.7,4121
35.16,-16.437,8.896,-130.9,0.03,-,,,0.00,0.0,0.7,4121
35.21,-16.435,8.896,-130.9,-0.01,-,,,0.00,0.0,0.7,4121
35.26,-16.435,8.896,-130.9,-0.01,-,,,0.00,0.0,0.7,4121
35.31,-16.437,8.893,-130.9,0.05,-,,,0.00,0.0,0.8,4121
35.36,-16.437,8.893,-130.9,0.05,-,,,0.00,0.0,0.7,4121
35.41,-16.436,8.895,-130.9,-0.02,-,,,0.00,0.0,0.7,4121
35.46,-16.436,8.895,-130.9,-0.02,-,,,0.00,0.0,0.7,4121
35.51,-16.431,8.897,-130.9,-0.05,-,,,0.00,0.0,0.8,4137
35.56,-16.431,8.897,-130.9,-0.05,-,,,0.00,0.0,0.8,4121
35.61,-16.436,8.894,-130.9,0.05,-,,,0.00,0.0,0.7,4106
35.66,-16.436,8.894,-130.9,0.05,-,,,0.00,0.0,0.7,4121
35.71,-16.437,8.896,-130.9,-0.01,-,,,0.00,0.0,0.7,4121
35.76,-16.437,8.896,-130.9,-0.01,-,,,0.00,0.0,0.6,4121
35.81,-16.437,8.897,-130.9,-0.00,-,,,0.00,0.0,0.7,4106
35.86,-16.437,8.897,-130.9,-0.00,-,,,0.00,0.0,0.7,4137
35.91,-16.433,8.898,-130.9,-0.04,-,,,0.00,0.0,0.7,4121
35.96,-16.433,8.898,-130.9,-0.04,-,,,0.00,0.0,0.7,4121
36.01,-16.433,8.898,-130.9,-0.04,-,,,0.00,0.0,0.7,4121
36.06,-16.433,8.898,-130.9,-0.04,-,,,0.00,0.0,0.7,4137
36.11,-16.436,8.898,-130.9,0.02,-,,,0.00,0.0,0.7,4121
36.16,-16.436,8.898,-130.9,0.02,-,,,0.00,0.0,0.6,4121
36.21,-16.435,8.895,-130.9,0.01,-,,,0.00,0.0,0.7,4121
36.26,-16.435,8.895,-130.9,0.01,-,,,0.00,0.0,0.7,4121
36.31,-16.436,8.895,-130.9,0.01,-,,,0.00,0.0,0.8,4121
36.36,-16.436,8.895,-130.9,0.01,-,,,0.00,0.0,0.7,4121
36.41,-16.436,8.895,-130.9,0.00,-,,,0.00,0.0,0.7,4121
36.46,-16.436,8.895,-130.9,0.00,-,,,0.00,0.0,0.7,4106
36.51,-16.434,8.896,-130.9,-0.02,-,,,0.00,0.0,0.7,4121
36.56,-16.434,8.896,-130.9,-0.02,-,,,0.00,0.0,0.7,4121
36.61,-16.433,8.897,-130.9,-0.02,-,,,0.00,0.0,0.7,4106
36.66,-16.433,8.897,-130.9,-0.02,-,,,0.00,0.0,0.7,4137
36.71,-16.433,8.898,-130.9,-0.01,-,,,0.00,0.0,0.7,4121
36.76,-16.433,8.898,-130.9,-0.01,-,,,0.00,0.0,0.7,4106
36.81,-16.433,8.899,-130.9,-0.00,-,,,0.00,0.0,0.8,4121
36.86,-16.433,8.899,-130.9,-0.00,-,,,0.00,0.0,0.8,4121
36.91,-16.433,8.899,-130.9,-0.00,-,,,0.00,0.0,0.7,4121
36.96,-16.432,8.901,-130.9,-0.02,-,,,0.00,0.0,0.6,4121
37.01,-16.432,8.901,-130.9,-0.02,-,,,0.00,0.0,0.8,4121
37.06,-16.432,8.901,-130.9,-0.02,-,,,0.00,0.0,0.7,4106
37.11,-16.433,8.899,-130.9,0.01,-,,,0.00,0.0,0.7,4137
37.16,-16.433,8.899,-130.9,0.01,-,,,0.00,0.0,0.7,4121
37.21,-16.434,8.896,-130.9,0.03,-,,,0.00,0.0,0.7,4137
37.26,-16.434,8.896,-130.9,0.03,-,,,0.00,0.0,0.7,4121
37.31,-16.432,8.896,-130.9,-0.01,-,,,0.00,0.0,0.7,4121
37.36,-16.432,8.896,-130.9,-0.01,-,,,0.00,0.0,0.8,4121
37.41,-16.430,8.894,-130.9,0.00,-,,,0.00,0.0,0.7,4121
37.46,-16.430,8.894,-130.9,0.00,-,,,0.00,0.0,0.8,4121
37.51,-16.430,8.893,-130.9,0.01,-,,,0.00,0.0,0.7,4121
37.56,-16.430,8.893,-130.9,0.01,-,,,0.00,0.0,0.8,4121
37.61,-16.432,8.894,-130.9,0.00,-,,,0.00,0.0,0.7,4121
37.66,-16.432,8.894,-130.9,0.00,-,,,0.00,0.0,0.7,4121
37.71,-16.430,8.892,-130.9,0.00,-,,,0.00,0.0,0.7,4106
37.76,-16.430,8.892,-130.9,0.00,-,,,0.00,0.0,0.8,4121
37.81,-16.431,8.893,-130.9,-0.00,-,,,0.00,0.0,0.7,4121
37.86,-16.431,8.893,-130.9,-0.00,-,,,0.00,0.0,0.8,4121
37.91,-16.431,8.893,-130.9,-0.00,-,,,0.00,0.0,0.8,4106
37.96,-16.433,8.891,-130.9,0.03,-,,,0.00,0.0,0.7,4121
38.01,-16.433,8.891,-130.9,0.03,-,,,0.00,0.0,0.7,4121
38.06,-16.433,8.891,-130.9,0.03,-,,,0.00,0.0,0.7,4121
38.11,-16.431,8.891,-130.9,-0.01,-,,,0.00,0.0,0.7,4106
38.16,-16.431,8.891,-130.9,-0.01,-,,,0.00,0.0,0.7,4121
38.21,-16.429,8.891,-130.9,-0.01,-,,,0.00,0.0,0.6,4121
38.26,-16.429,8.891,-130.9,-0.01,-,,,0.00,0.0,0.8,4137
38.31,-16.434,8.889,-130.9,0.04,-,,,0.00,0.0,0.7,4106
38.36,-16.434,8.889,-130.9,0.04,-,,,0.00,0.0,0.8,4121
38.41,-16.432,8.891,-130.7,-0.03,-,,,0.00,0.0,0.7,4121
38.46,-16.432,8.891,-130.8,-0.03,-,,,0.00,0.0,0.8,4106
38.51,-16.431,8.891,-130.9,0.00,-,,,0.00,0.0,0.7,4121
38.56,-16.431,8.891,-130.8,0.00,-,,,0.00,0.0,0.7,4121
38.61,-16.433,8.888,-130.8,0.03,-,,,0.00,0.0,0.7,4106
38.66,-16.433,8.888,-130.9,0.03,-,,,0.00,0.0,0.7,4121
38.71,-16.431,8.889,-130.8,-0.02,-,,,0.00,0.0,0.7,4121
38.76,-16.431,8.889,-130.9,-0.02,-,,,0.00,0.0,0.7,4121
38.81,-16.432,8.889,-130.9,0.01,-,,,0.00,0.0,0.7,4121
38.86,-16.432,8.889,-130.9,0.01,-,,,0.00,0.0,0.7,4121
38.91,-16.432,8.889,-130.9,0.01,-,,,0.00,0.0,0.7,4137
38.96,-16.430,8.890,-130.9,-0.02,-,,,0.00,0.0,0.7,4121
39.01,-16.430,8.890,-130.9,-0.02,-,,,0.00,0.0,0.7,4121
39.06,-16.430,8.890,-130.9,-0.02,-,,,0.00,0.0,0.7,4121
39.11,-16.431,8.892,-130.9,0.00,-,,,0.00,0.0,0.7,4137
39.16,-16.431,8.892,-130.9,0.00,-,,,0.00,0.0,0.6,4121
39.21,-16.432,8.891,-130.9,0.01,-,,,0.00,0.0,0.7,4121
39.26,-16.432,8.891,-130.9,0.01,-,,,0.00,0.0,0.7,4121
39.31,-16.431,8.891,-130.9,-0.01,-,,,0.00,0.0,0.7,4106
39.36,-16.431,8.891,-130.9,-0.01,-,,,0.00,0.0,0.8,4121
39.41,-16.433,8.891,-130.9,0.02,-,,,0.00,0.0,0.8,4121
39.46,-16.433,8.891,-130.9,0.02,-,,,0.00,0.0,0.7,4106
39.51,-16.431,8.891,-130.9,-0.02,-,,,0.00,0.0,0.7,4121
39.56,-16.431,8.891,-130.9,-0.02,-,,,0.00,0.0,0.7,4121
39.61,-16.431,8.890,-130.9,0.01,-,,,0.00,0.0,0.7,4106
39.66,-16.431,8.890,-130.9,0.01,-,,,0.00,0.0,0.7,4121
39.71,-16.431,8.890,-130.9,0.00,-,,,0.00,0.0,0.7,4137
39.76,-16.431,8.890,-130.9,0.00,-,,,0.00,0.0,0.7,4121
39.81,-16.431,8.889,-130.9,0.00,-,,,0.00,0.0,0.7,4121
39.86,-16.431,8.889,-130.9,0.00,-,,,0.00,0.0,0.7,4106
39.91,-16.431,8.893,-130.9,-0.02,-,,,0.00,0.0,0.7,4121
39.96,-16.431,8.893,-130.9,-0.02,-,,,0.00,0.0,0.7,4121
40.01,-16.430,8.891,-130.9,0.01,-,,,0.00,0.0,0.7,4106
40.06,-16.430,8.891,-130.9,0.01,-,,,0.00,0.0,0.7,4121
40.11,-16.430,8.890,-130.9,0.01,-,,,0.00,0.0,0.7,4121
40.16,-16.430,8.890,-130.9,0.01,-,,,0.00,0.0,0.7,4137
40.21,-16.427,8.893,-130.9,-0.04,-,,,0.00,0.0,0.7,4106
40.26,-16.427,8.893,-130.9,-0.04,-,,,0.00,0.0,0.6,4106
40.31,-16.436,8.892,-130.9,0.06,-,,,0.00,0.0,0.7,4121
40.36,-16.436,8.892,-130.9,0.06,-,,,0.00,0.0,0.8,4137
40.41,-16.433,8.895,-130.9,-0.04,-,,,0.00,0.0,0.8,4121
40.46,-16.433,8.895,-130.9,-0.04,-,,,0.00,0.0,0.7,4137
40.51,-16.432,8.894,-130.9,0.00,-,,,0.00,0.0,0.8,4121
40.56,-16.432,8.894,-130.9,0.00,-,,,0.00,0.0,0.7,4106
40.61,-16.435,8.894,-130.9,0.01,-,,,0.00,0.0,0.7,4121
40.66,-16.435,8.894,-130.9,0.01,-,,,0.00,0.0,0.7,4121
40.71,-16.433,8.895,-130.9,-0.02,-,,,0.00,0.0,0.6,4137
40.76,-16.433,8.895,-130.9,-0.02,-,,,0.00,0.0,0.8,4137
40.81,-16.431,8.897,-130.9,-0.03,-,,,0.00,0.0,0.7,4137
40.86,-16.431,8.897,-130.9,-0.03,-,,,0.00,0.0,0.8,4106
40.91,-16.431,8.897,-130.9,-0.03,-,,,0.00,0.0,0.8,4121
40.96,-16.431,8.896,-130.9,0.01,-,,,0.00,0.0,0.7,4121
41.01,-16.431,8.896,-130.9,0.01,-,,,0.00,0.0,0.7,4121
41.06,-16.431,8.896,-130.9,0.01,-,,,0.00,0.0,0.6,4121
41.11,-16.431,8.893,-130.9,0.01,-,,,0.00,0.0,0.7,4121
41.16,-16.431,8.893,-130.9,0.01,-,,,0.00,0.0,0.8,4121
41.21,-16.433,8.895,-130.9,-0.00,-,,,0.50,0.0,0.8,4121
41.26,-16.433,8.895,-130.9,-0.00,-,,,0.50,0.0,0.7,4121
41.31,-16.431,8.896,-130.9,-0.02,-,,,0.50,-0.0,0.7,4121
41.36,-16.431,8.896,-130.9,-0.02,-,,,0.50,-0.0,0.7,4121
41.41,-16.433,8.892,-130.9,0.04,-,,,0.50,-0.0,0.8,4106
41.46,-16.433,8.892,-130.9,0.04,-,,,0.50,-0.0,0.7,4121
41.51,-16.430,8.892,-130.9,-0.02,-,,,0.50,-0.0,0.6,4137
41.56,-16.430,8.892,-130.8,-0.02,-,,,0.50,-0.0,0.7,4121
41.61,-16.431,8.893,-130.8,-0.01,-,,,0.50,-0.1,0.7,4121
41.66,-16.431,8.893,-130.9,-0.01,-,,,0.50,-0.1,0.6,4106
41.71,-16.431,8.893,-130.9,-0.01,-,,,0.50,-0.1,0.6,4106
41.76,-16.431,8.893,-130.9,-0.01,-,,,0.50,-0.1,0.6,4106
41.81,-16.431,8.893,-130.9,-0.01,-,,,0.50,-0.1,0.6,4106
41.86,-16.431,8.893,-130.9,-0.01,-,,,0.50,-0.1,0.6,4106
41.91,-16.431,8.893,-130.9,-0.01,-,,,0.50,-0.1,0.6,4106
41.96,-16.431,8.893,-130.9,-0.01,-,,,0.50,-0.1,0.6,4106
42.01,-16.431,8.893,-130.9,-0.01,-,,,0.50,-0.1,0.6,4106
42.06,-16.431,8.893,-130.9,-0.01,-,,,0.50,-0.1,0.6,4106
42.11,-16.431,8.893,-130.9,-0.01,-,,,0.50,-0.1,0.6,4106
42.16,-16.431,8.893,-130.9,-0.01,-,,,0.50,-0.1,0.6,4106
42.21,-16.431,8.893,-130.9,-0.01,-,,,0.50,-0.1,0.6,4106
42.26,-16.431,8.893,-130.9,-0.01,-,,,0.50,-0.1,0.6,4106
42.31,-16.431,8.893,-130.9,-0.01,-,,,0.50,-0.1,0.6,4106
42.36,-16.431,8.893,-130.9,-0.01,-,,,0.50,-0.1,0.6,4106
42.41,-16.431,8.893,-130.9,-0.01,-,,,0.50,-0.1,0.6,4106
42.46,-16.431,8.893,-130.9,-0.01,-,,,0.50,-0.1,0.6,4106
42.51,-16.431,8.893,-130.9,-0.01,-,,,0.50,-0.1,0.6,4106
42.56,-16.431,8.893,-130.9,-0.01,-,,,0.50,-0.1,0.6,4106
42.61,-16.431,8.893,-130.9,-0.01,-,,,0.50,-0.1,0.6,4106
42.66,-16.431,8.893,-130.9,-0.01,-,,,0.50,-0.1,0.6,4106
42.71,-16.431,8.893,-130.9,-0.01,-,,,0.50,-0.1,0.6,4106
42.76,-16.431,8.893,-130.9,-0.01,-,,,0.50,-0.1,0.6,4106
42.81,-16.431,8.893,-130.9,-0.01,-,,,0.50,-0.1,0.6,4106
42.86,-16.431,8.893,-130.9,-0.01,-,,,0.50,-0.1,0.6,4106
42.91,-16.431,8.893,-130.9,-0.01,-,,,0.50,-0.1,0.6,4106
42.96,-16.431,8.893,-130.9,-0.01,-,,,0.50,-0.1,0.6,4106
43.01,-16.431,8.893,-130.9,-0.01,-,,,0.50,-0.1,0.6,4106
43.06,-16.431,8.893,-130.9,-0.01,-,,,0.50,-0.1,0.6,4106
43.11,-16.431,8.893,-130.9,-0.01,-,,,0.50,-0.1,0.6,4106
43.16,-16.431,8.893,-130.9,-0.01,-,,,0.50,-0.1,0.6,4106
43.21,-16.431,8.893,-130.9,-0.01,-,,,0.50,-0.1,0.6,4106
43.26,-16.431,8.893,-130.9,-0.01,-,,,0.50,-0.1,0.6,4106
43.31,-16.431,8.893,-130.9,-0.01,-,,,0.50,-0.1,0.6,4106
43.36,-16.431,8.893,-130.9,-0.01,-,,,0.50,-0.1,0.6,4106
43.41,-16.431,8.893,-130.9,-0.01,-,,,0.50,-0.1,0.6,4106
43.46,-16.431,8.893,-130.9,-0.01,-,,,0.50,-0.1,0.6,4106
43.51,-16.431,8.893,-130.9,-0.01,-,,,0.50,-0.1,0.6,4106
43.56,-16.431,8.893,-130.9,-0.01,-,,,0.50,-0.1,0.6,4106
43.61,-16.431,8.893,-130.9,-0.01,-,,,0.50,-0.1,0.6,4106
43.66,-16.431,8.893,-130.9,-0.01,-,,,0.50,-0.1,0.6,4106
43.71,-16.431,8.893,-130.9,-0.01,-,,,0.50,-0.1,0.6,4106
43.76,-16.431,8.893,-130.9,-0.01,-,,,0.50,-0.1,0.6,4106
43.81,-16.431,8.893,-130.9,-0.01,-,,,0.50,-0.1,0.6,4106
43.86,-16.431,8.893,-130.9,-0.01,-,,,0.50,-0.1,0.6,4106
43.91,-16.431,8.893,-130.9,-0.01,-,,,0.50,-0.1,0.6,4106
43.96,-16.431,8.893,-130.9,-0.01,-,,,0.50,-0.1,0.6,4106
44.01,-16.431,8.893,-130.9,-0.01,-,,,0.50,-0.1,0.6,4106
44.06,-16.431,8.893,-130.9,-0.01,-,,,0.50,-0.1,0.6,4106
44.11,-16.431,8.893,-130.9,-0.01,-,,,0.50,-0.1,0.6,4106
44.16,-16.431,8.893,-130.9,-0.01,-,,,0.50,-0.1,0.6,4106
44.21,-16.431,8.893,-130.9,-0.01,-,,,0.50,-0.1,0.6,4106
44.26,-16.431,8.893,-130.9,-0.01,-,,,0.50,-0.1,0.6,4106
44.31,-16.431,8.893,-130.9,-0.01,-,,,0.50,-0.1,0.6,4106
44.36,-16.431,8.893,-130.9,-0.01,-,,,0.50,-0.1,0.6,4106
44.41,-16.431,8.893,-130.9,-0.01,-,,,0.50,-0.1,0.6,4106
44.46,-16.431,8.893,-130.9,-0.01,-,,,0.50,-0.1,0.6,4106
44.51,-16.431,8.893,-130.9,-0.01,-,,,0.50,-0.1,0.6,4106
44.56,-16.431,8.893,-130.9,-0.01,-,,,0.50,-0.1,0.6,4106
44.61,-16.431,8.893,-130.9,-0.01,-,,,0.50,-0.1,0.6,4106
44.66,-16.431,8.893,-130.9,-0.01,-,,,0.50,-0.1,0.6,4106
44.71,-16.431,8.893,-130.9,-0.01,-,,,0.50,-0.1,0.6,4106
44.76,-16.431,8.893,-130.9,-0.01,-,,,0.50,-0.1,0.6,4106
44.81,-16.431,8.893,-130.9,-0.01,-,,,0.50,-0.1,0.6,4106
44.86,-16.431,8.893,-130.9,-0.01,-,,,0.50,-0.1,0.6,4106
44.91,-16.431,8.893,-130.9,-0.01,-,,,0.50,-0.1,0.6,4106
44.96,-16.431,8.893,-130.9,-0.01,-,,,0.50,-0.1,0.6,4106
45.01,-16.431,8.893,-130.9,-0.01,-,,,0.50,-0.1,0.6,4106
45.06,-16.431,8.893,-130.9,-0.01,-,,,0.50,-0.1,0.6,4106
45.11,-16.431,8.893,-130.9,-0.01,-,,,0.50,-0.1,0.6,4106
45.16,-16.431,8.893,-130.9,-0.01,-,,,0.50,-0.1,0.6,4106
45.21,-16.431,8.893,-130.9,-0.01,-,,,0.50,-0.1,0.6,4106
45.26,-16.431,8.893,-130.9,-0.01,-,,,0.50,-0.1,0.6,4106
45.31,-16.431,8.893,-130.9,-0.01,-,,,0.50,-0.1,0.6,4106
45.36,-16.431,8.893,-130.9,-0.01,-,,,0.50,-0.1,0.6,4106
45.41,-16.431,8.893,-130.9,-0.01,-,,,0.50,-0.1,0.6,4106
45.46,-16.431,8.893,-130.9,-0.01,-,,,0.50,-0.1,0.6,4106
45.51,-16.431,8.893,-130.9,-0.01,-,,,0.50,-0.1,0.6,4106
45.56,-16.431,8.893,-130.9,-0.01,-,,,0.50,-0.1,0.6,4106
45.61,-16.431,8.893,-130.9,-0.01,-,,,0.50,-0.1,0.6,4106
45.66,-16.431,8.893,-130.9,-0.01,-,,,0.50,-0.1,0.6,4106
45.71,-16.431,8.893,-130.9,-0.01,-,,,0.50,-0.1,0.6,4106
45.76,-16.431,8.893,-130.9,-0.01,-,,,0.50,-0.1,0.6,4106
45.81,-16.431,8.893,-130.9,-0.01,-,,,0.50,-0.1,0.6,4106
45.86,-16.431,8.893,-130.9,-0.01,-,,,0.50,-0.1,0.6,4106
45.91,-16.431,8.893,-130.9,-0.01,-,,,0.50,-0.1,0.6,4106
45.96,-16.431,8.893,-130.9,-0.01,-,,,0.50,-0.1,0.6,4106
46.01,-16.431,8.893,-130.9,-0.01,-,,,0.50,-0.1,0.6,4106
46.06,-16.431,8.893,-130.9,-0.01,-,,,0.50,-0.1,0.6,4106
46.11,-16.431,8.893,-130.9,-0.01,-,,,0.50,-0.1,0.6,4106
46.16,-16.431,8.893,-130.9,-0.01,-,,,0.50,-0.1,0.6,4106
46.21,-16.431,8.893,-130.9,-0.01,-,,,0.50,-0.1,0.6,4106
46.26,-16.431,8.893,-130.9,-0.01,-,,,0.50,-0.1,0.6,4106
46.31,-16.431,8.893,-130.9,-0.01,-,,,0.50,-0.1,0.6,4106
46.36,-16.431,8.893,-130.9,-0.01,-,,,0.50,-0.1,0.6,4106
46.41,-16.431,8.893,-130.9,-0.01,-,,,0.50,-0.1,0.6,4106
46.46,-16.431,8.893,-130.9,-0.01,-,,,0.50,-0.1,0.6,4106
46.51,-16.431,8.893,-130.9,-0.01,-,,,0.50,-0.1,0.6,4106
46.56,-16.431,8.893,-130.9,-0.01,-,,,0.50,-0.1,0.6,4106
46.61,-16.431,8.893,-130.9,-0.01,-,,,0.50,-0.1,0.6,4106
46.66,-16.431,8.893,-130.9,-0.01,-,,,0.50,-0.1,0.6,4106
46.71,-16.431,8.893,-130.9,-0.01,-,,,0.50,-0.1,0.6,4106
46.76,-16.431,8.893,-130.9,-0.01,-,,,0.50,-0.1,0.6,4106
46.81,-16.431,8.893,-130.9,-0.01,-,,,0.50,-0.1,0.6,4106
46.86,-16.431,8.893,-130.9,-0.01,-,,,0.50,-0.1,0.6,4106
46.91,-16.431,8.893,-130.9,-0.01,-,,,0.50,-0.1,0.6,4106
46.96,-16.431,8.893,-130.9,-0.01,-,,,0.50,-0.1,0.6,4106
47.01,-16.431,8.893,-130.9,-0.01,-,,,0.50,-0.1,0.6,4106
47.06,-16.431,8.893,-130.9,-0.01,-,,,0.50,-0.1,0.6,4106
47.11,-16.431,8.893,-130.9,-0.01,-,,,0.50,-0.1,0.6,4106
47.16,-16.431,8.893,-130.9,-0.01,-,,,0.50,-0.1,0.6,4106
47.21,-16.431,8.893,-130.9,-0.01,-,,,0.50,-0.1,0.6,4106
47.26,-16.431,8.893,-130.9,-0.01,-,,,0.50,-0.1,0.6,4106
47.31,-16.431,8.893,-130.9,-0.01,-,,,0.50,-0.1,0.6,4106
47.36,-16.431,8.893,-130.9,-0.01,-,,,0.50,-0.1,0.6,4106
47.41,-16.431,8.893,-130.9,-0.01,-,,,0.50,-0.1,0.6,4106
47.46,-16.431,8.893,-130.9,-0.01,-,,,0.50,-0.1,0.6,4106
47.51,-16.431,8.893,-130.9,-0.01,-,,,0.50,-0.1,0.6,4106
47.56,-16.431,8.893,-130.9,-0.01,-,,,0.50,-0.1,0.6,4106
47.61,-16.431,8.893,-130.9,-0.01,-,,,0.50,-0.1,0.6,4106
47.66,-16.431,8.893,-130.9,-0.01,-,,,0.50,-0.1,0.6,4106
47.71,-16.431,8.893,-130.9,-0.01,-,,,0.50,-0.1,0.6,4106
47.76,-16.431,8.893,-130.9,-0.01,-,,,0.50,-0.1,0.6,4106
47.81,-16.431,8.893,-130.9,-0.01,-,,,0.50,-0.1,0.6,4106
47.86,-16.431,8.893,-130.9,-0.01,-,,,0.50,-0.1,0.6,4106
47.91,-16.431,8.893,-130.9,-0.01,-,,,0.50,-0.1,0.6,4106
47.96,-16.431,8.893,-130.9,-0.01,-,,,0.50,-0.1,0.6,4106
48.01,-16.431,8.893,-130.9,-0.01,-,,,0.50,-0.1,0.6,4106
48.06,-16.431,8.893,-130.9,-0.01,-,,,0.50,-0.1,0.6,4106
48.11,-16.431,8.893,-130.9,-0.01,-,,,0.50,-0.1,0.6,4106
48.16,-16.431,8.893,-130.9,-0.01,-,,,0.50,-0.1,0.6,4106
48.21,-16.431,8.893,-130.9,-0.01,-,,,0.50,-0.1,0.6,4106
48.26,-16.431,8.893,-130.9,-0.01,-,,,0.50,-0.1,0.6,4106
48.31,-16.431,8.893,-130.9,-0.01,-,,,0.50,-0.1,0.6,4106
48.36,-16.431,8.893,-130.9,-0.01,-,,,0.50,-0.1,0.6,4106
48.41,-16.431,8.893,-130.9,-0.01,-,,,0.50,-0.1,0.6,4106
48.46,-16.431,8.893,-130.9,-0.01,-,,,0.50,-0.1,0.6,4106
48.51,-16.431,8.893,-130.9,-0.01,-,,,0.50,-0.1,0.6,4106
48.56,-16.431,8.893,-130.9,-0.01,-,,,0.50,-0.1,0.6,4106
48.61,-16.431,8.893,-130.9,-0.01,-,,,0.50,-0.1,0.6,4106
48.66,-16.431,8.893,-130.9,-0.01,-,,,0.50,-0.1,0.6,4106
48.71,-16.431,8.893,-130.9,-0.01,-,,,0.50,-0.1,0.6,4106
48.76,-16.431,8.893,-130.9,-0.01,-,,,0.50,-0.1,0.6,4106
48.81,-16.431,8.893,-130.9,-0.01,-,,,0.50,-0.1,0.6,4106
48.86,-16.431,8.893,-130.9,-0.01,-,,,0.50,-0.1,0.6,4106
48.91,-16.431,8.893,-130.9,-0.01,-,,,0.50,-0.1,0.6,4106
48.96,-16.431,8.893,-130.9,-0.01,-,,,0.50,-0.1,0.6,4106
49.01,-16.431,8.893,-130.9,-0.01,-,,,0.50,-0.1,0.6,4106
49.06,-16.431,8.893,-130.9,-0.01,-,,,0.50,-0.1,0.6,4106
49.11,-16.431,8.893,-130.9,-0.01,-,,,0.50,-0.1,0.6,4106
49.16,-16.431,8.893,-130.9,-0.01,-,,,0.50,-0.1,0.6,4106
49.21,-16.431,8.893,-130.9,-0.01,-,,,0.50,-0.1,0.6,4106
49.26,-16.431,8.893,-130.9,-0.01,-,,,0.50,-0.1,0.6,4106
49.31,-16.431,8.893,-130.9,-0.01,-,,,0.50,-0.1,0.6,4106
49.36,-16.431,8.893,-130.9,-0.01,-,,,0.50,-0.1,0.6,4106
49.41,-16.431,8.893,-130.9,-0.01,-,,,0.50,-0.1,0.6,4106
49.46,-16.431,8.893,-130.9,-0.01,-,,,0.50,-0.1,0.6,4106
49.51,-16.431,8.893,-130.9,-0.01,-,,,0.50,-0.1,0.6,4106
49.56,-16.431,8.893,-130.9,-0.01,-,,,0.50,-0.1,0.6,4106
49.61,-16.431,8.893,-130.9,-0.01,-,,,0.50,-0.1,0.6,4106
49.66,-16.431,8.893,-130.9,-0.01,-,,,0.50,-0.1,0.6,4106
49.71,-16.431,8.893,-130.9,-0.01,-,,,0.50,-0.1,0.6,4106
49.76,-16.431,8.893,-130.9,-0.01,-,,,0.50,-0.1,0.6,4106
49.81,-16.431,8.893,-130.9,-0.01,-,,,0.50,-0.1,0.6,4106
49.86,-16.431,8.893,-130.9,-0.01,-,,,0.50,-0.1,0.6,4106
49.91,-16.431,8.893,-130.9,-0.01,-,,,0.50,-0.1,0.6,4106
49.96,-16.431,8.893,-130.9,-0.01,-,,,0.50,-0.1,0.6,4106
50.01,-16.431,8.893,-130.9,-0.01,-,,,0.50,-0.1,0.6,4106
50.06,-16.431,8.893,-130.9,-0.01,-,,,0.50,-0.1,0.6,4106
50.11,-16.431,8.893,-130.9,-0.01,-,,,0.50,-0.1,0.6,4106
50.16,-16.431,8.893,-130.9,-0.01,-,,,0.50,-0.1,0.6,4106
50.21,-16.431,8.893,-130.9,-0.01,-,,,0.50,-0.1,0.6,4106
50.26,-16.431,8.893,-130.9,-0.01,-,,,0.50,-0.1,0.6,4106
50.31,-16.431,8.893,-130.9,-0.01,-,,,0.50,-0.1,0.6,4106
50.36,-16.431,8.893,-130.9,-0.01,-,,,0.50,-0.1,0.6,4106
50.41,-16.431,8.893,-130.9,-0.01,-,,,0.50,-0.1,0.6,4106
50.46,-16.431,8.893,-130.9,-0.01,-,,,0.50,-0.1,0.6,4106
50.51,-16.431,8.893,-130.9,-0.01,-,,,0.50,-0.1,0.6,4106
50.56,-16.431,8.893,-130.9,-0.01,-,,,0.50,-0.1,0.6,4106
50.61,-16.431,8.893,-130.9,-0.01,-,,,0.50,-0.1,0.6,4106
50.66,-16.431,8.893,-130.9,-0.01,-,,,0.50,-0.1,0.6,4106
50.71,-16.431,8.893,-130.9,-0.01,-,,,0.50,-0.1,0.6,4106
50.76,-16.431,8.893,-130.9,-0.01,-,,,0.50,-0.1,0.6,4106
50.81,-16.431,8.893,-130.9,-0.01,-,,,0.50,-0.1,0.6,4106
50.86,-16.431,8.893,-130.9,-0.01,-,,,0.50,-0.1,0.6,4106
50.91,-16.431,8.893,-130.9,-0.01,-,,,0.50,-0.1,0.6,4106
50.96,-16.431,8.893,-130.9,-0.01,-,,,0.50,-0.1,0.6,4106
51.01,-16.431,8.893,-130.9,-0.01,-,,,0.50,-0.1,0.6,4106
51.06,-16.431,8.893,-130.9,-0.01,-,,,0.50,-0.1,0.6,4106
51.11,-16.431,8.893,-130.9,-0.01,-,,,0.50,-0.1,0.6,4106
51.16,-16.431,8.893,-130.9,-0.01,-,,,0.50,-0.1,0.6,4106
51.21,-16.431,8.893,-130.9,-0.01,-,,,0.50,-0.1,0.6,4106
51.26,-16.431,8.893,-130.9,-0.01,-,,,0.50,-0.1,0.6,4106
51.31,-16.431,8.893,-130.9,-0.01,-,,,0.50,-0.1,0.6,4106
51.36,-16.431,8.893,-130.9,-0.01,-,,,0.50,-0.1,0.6,4106
51.41,-16.431,8.893,-130.9,-0.01,-,,,0.50,-0.1,0.6,4106
51.46,-16.431,8.893,-130.9,-0.01,-,,,0.50,-0.1,0.6,4106
51.51,-16.431,8.893,-130.9,-0.01,-,,,0.50,-0.1,0.6,4106
51.56,-16.431,8.893,-130.9,-0.01,-,,,0.50,-0.1,0.6,4106
51.61,-16.431,8.893,-130.9,-0.01,-,,,0.50,-0.1,0.6,4106
51.66,-16.431,8.893,-130.9,-0.01,-,,,0.50,-0.1,0.6,4106
51.71,-16.431,8.893,-130.9,-0.01,-,,,0.50,-0.1,0.6,4106
51.76,-16.431,8.893,-130.9,-0.01,-,,,0.50,-0.1,0.6,4106
51.81,-16.431,8.893,-130.9,-0.01,-,,,0.50,-0.1,0.6,4106
51.86,-16.431,8.893,-130.9,-0.01,-,,,0.50,-0.1,0.6,4106
51.91,-16.431,8.893,-130.9,-0.01,-,,,0.50,-0.1,0.6,4106
51.96,-16.431,8.893,-130.9,-0.01,-,,,0.50,-0.1,0.6,4106
52.01,-16.431,8.893,-130.9,-0.01,-,,,0.50,-0.1,0.6,4106
52.06,-16.431,8.893,-130.9,-0.01,-,,,0.50,-0.1,0.6,4106
52.11,-16.431,8.893,-130.9,-0.01,-,,,0.50,-0.1,0.6,4106
52.16,-16.431,8.893,-130.9,-0.01,-,,,0.50,-0.1,0.6,4106
52.21,-16.431,8.893,-130.9,-0.01,-,,,0.50,-0.1,0.6,4106
52.26,-16.431,8.893,-130.9,-0.01,-,,,0.50,-0.1,0.6,4106
52.31,-16.431,8.893,-130.9,-0.01,-,,,0.50,-0.1,0.6,4106
52.36,-16.431,8.893,-130.9,-0.01,-,,,0.50,-0.1,0.6,4106
52.41,-16.431,8.893,-130.9,-0.01,-,,,0.50,-0.1,0.6,4106
52.46,-16.431,8.893,-130.9,-0.01,-,,,0.50,-0.1,0.6,4106
52.51,-16.431,8.893,-130.9,-0.01,-,,,0.50,-0.1,0.6,4106
52.56,-16.431,8.893,-130.9,-0.01,-,,,0.50,-0.1,0.6,4106
52.61,-16.431,8.893,-130.9,-0.01,-,,,0.50,-0.1,0.6,4106
52.66,-16.431,8.893,-130.9,-0.01,-,,,0.50,-0.1,0.6,4106
52.71,-16.431,8.893,-130.9,-0.01,-,,,0.50,-0.1,0.6,4106
52.76,-16.431,8.893,-130.9,-0.01,-,,,0.50,-0.1,0.6,4106
52.81,-16.431,8.893,-130.9,-0.01,-,,,0.50,-0.1,0.6,4106
52.86,-16.431,8.893,-130.9,-0.01,-,,,0.50,-0.1,0.6,4106
52.91,-16.431,8.893,-130.9,-0.01,-,,,0.50,-0.1,0.6,4106
52.96,-16.431,8.893,-130.9,-0.01,-,,,0.50,-0.1,0.6,4106
53.01,-16.431,8.893,-130.9,-0.01,-,,,0.50,-0.1,0.6,4106
53.06,-16.431,8.893,-130.9,-0.01,-,,,0.50,-0.1,0.6,4106
53.11,-16.431,8.893,-130.9,-0.01,-,,,0.50,-0.1,0.6,4106
53.16,-16.431,8.893,-130.9,-0.01,-,,,0.50,-0.1,0.6,4106
53.21,-16.431,8.893,-130.9,-0.01,-,,,0.50,-0.1,0.6,4106
53.26,-16.431,8.893,-130.9,-0.01,-,,,0.50,-0.1,0.6,4106
53.31,-16.431,8.893,-130.9,-0.01,-,,,0.50,-0.1,0.6,4106
53.36,-16.431,8.893,-130.9,-0.01,-,,,0.50,-0.1,0.6,4106
53.41,-16.431,8.893,-130.9,-0.01,-,,,0.50,-0.1,0.6,4106
53.46,-16.431,8.893,-130.9,-0.01,-,,,0.50,-0.1,0.6,4106
53.51,-16.431,8.893,-130.9,-0.01,-,,,0.50,-0.1,0.6,4106
53.56,-16.431,8.893,-130.9,-0.01,-,,,0.50,-0.1,0.6,4106
53.61,-16.431,8.893,-130.9,-0.01,-,,,0.50,-0.1,0.6,4106
53.66,-16.431,8.893,-130.9,-0.01,-,,,0.50,-0.1,0.6,4106
53.71,-16.431,8.893,-130.9,-0.01,-,,,0.50,-0.1,0.6,4106
53.76,-16.431,8.893,-130.9,-0.01,-,,,0.50,-0.1,0.6,4106
53.81,-16.431,8.893,-130.9,-0.01,-,,,0.50,-0.1,0.6,4106
53.86,-16.431,8.893,-130.9,-0.01,-,,,0.50,-0.1,0.6,4106
53.91,-16.431,8.893,-130.9,-0.01,-,,,0.50,-0.1,0.6,4106
53.96,-16.431,8.893,-130.9,-0.01,-,,,0.50,-0.1,0.6,4106
54.01,-16.431,8.893,-130.9,-0.01,-,,,0.50,-0.1,0.6,4106
54.06,-16.431,8.893,-130.9,-0.01,-,,,0.50,-0.1,0.6,4106
54.11,-16.431,8.893,-130.9,-0.01,-,,,0.50,-0.1,0.6,4106
54.16,-16.431,8.893,-130.9,-0.01,-,,,0.50,-0.1,0.6,4106
54.21,-16.431,8.893,-130.9,-0.01,-,,,0.50,-0.1,0.6,4106
54.26,-16.431,8.893,-130.9,-0.01,-,,,0.50,-0.1,0.6,4106
54.31,-16.431,8.893,-130.9,-0.01,-,,,0.50,-0.1,0.6,4106
54.36,-16.431,8.893,-130.9,-0.01,-,,,0.50,-0.1,0.6,4106
54.41,-16.431,8.893,-130.9,-0.01,-,,,0.50,-0.1,0.6,4106
54.46,-16.431,8.893,-130.9,-0.01,-,,,0.50,-0.1,0.6,4106
54.51,-16.431,8.893,-130.9,-0.01,-,,,0.50,-0.1,0.6,4106
54.56,-16.431,8.893,-130.9,-0.01,-,,,0.50,-0.1,0.6,4106
54.61,-16.431,8.893,-130.9,-0.01,-,,,0.50,-0.1,0.6,4106
54.66,-16.431,8.893,-130.9,-0.01,-,,,0.50,-0.1,0.6,4106
54.71,-16.431,8.893,-130.9,-0.01,-,,,0.50,-0.1,0.6,4106
54.76,-16.431,8.893,-130.9,-0.01,-,,,0.50,-0.1,0.6,4106
54.81,-16.431,8.893,-130.9,-0.01,-,,,0.50,-0.1,0.6,4106
54.86,-16.431,8.893,-130.9,-0.01,-,,,0.50,-0.1,0.6,4106
54.91,-16.431,8.893,-130.9,-0.01,-,,,0.50,-0.1,0.6,4106
54.96,-16.431,8.893,-130.9,-0.01,-,,,0.50,-0.1,0.6,4106
55.01,-16.431,8.893,-130.9,-0.01,-,,,0.50,-0.1,0.6,4106
55.06,-16.431,8.893,-130.9,-0.01,-,,,0.50,-0.1,0.6,4106
55.11,-16.431,8.893,-130.9,-0.01,-,,,0.50,-0.1,0.6,4106
55.16,-16.431,8.893,-130.9,-0.01,-,,,0.50,-0.1,0.6,4106
55.21,-16.431,8.893,-130.9,-0.01,-,,,0.50,-0.1,0.6,4106
55.26,-16.431,8.893,-130.9,-0.01,-,,,0.50,-0.1,0.6,4106
55.31,-16.431,8.893,-130.9,-0.01,-,,,0.50,-0.1,0.6,4106
55.36,-16.431,8.893,-130.9,-0.01,-,,,0.50,-0.1,0.6,4106
55.41,-16.431,8.893,-130.9,-0.01,-,,,0.50,-0.1,0.6,4106
55.46,-16.431,8.893,-130.9,-0.01,-,,,0.50,-0.1,0.6,4106
55.51,-16.431,8.893,-130.9,-0.01,-,,,0.50,-0.1,0.6,4106
55.56,-16.431,8.893,-130.9,-0.01,-,,,0.50,-0.1,0.6,4106
55.61,-16.431,8.893,-130.9,-0.01,-,,,0.50,-0.1,0.6,4106
55.66,-16.431,8.893,-130.9,-0.01,-,,,0.50,-0.1,0.6,4106
55.71,-16.431,8.893,-130.9,-0.01,-,,,0.50,-0.1,0.6,4106
55.76,-16.431,8.893,-130.9,-0.01,-,,,0.50,-0.1,0.6,4106
55.81,-16.431,8.893,-130.9,-0.01,-,,,0.50,-0.1,0.6,4106
55.86,-16.431,8.893,-130.9,-0.01,-,,,0.50,-0.1,0.6,4106
55.91,-16.431,8.893,-130.9,-0.01,-,,,0.50,-0.1,0.6,4106
55.96,-16.431,8.893,-130.9,-0.01,-,,,0.50,-0.1,0.6,4106
56.01,-16.431,8.893,-130.9,-0.01,-,,,0.50,-0.1,0.6,4106
56.06,-16.431,8.893,-130.9,-0.01,-,,,0.50,-0.1,0.6,4106
56.11,-16.431,8.893,-130.9,-0.01,-,,,0.50,-0.1,0.6,4106
56.16,-16.431,8.893,-130.9,-0.01,-,,,0.50,-0.1,0.6,4106
56.21,-16.431,8.893,-130.9,-0.01,-,,,0.50,-0.1,0.6,4106
56.26,-16.431,8.893,-130.9,-0.01,-,,,0.50,-0.1,0.6,4106
56.31,-16.431,8.893,-130.9,-0.01,-,,,0.50,-0.1,0.6,4106
56.36,-16.431,8.893,-130.9,-0.01,-,,,0.50,-0.1,0.6,4106
56.41,-16.431,8.893,-130.9,-0.01,-,,,0.50,-0.1,0.6,4106
56.46,-16.431,8.893,-130.9,-0.01,-,,,0.50,-0.1,0.6,4106
56.51,-16.431,8.893,-130.9,-0.01,-,,,0.50,-0.1,0.6,4106
56.56,-16.431,8.893,-130.9,-0.01,-,,,0.50,-0.1,0.6,4106
56.61,-16.431,8.893,-130.9,-0.01,-,,,0.50,-0.1,0.6,4106
56.66,-16.431,8.893,-130.9,-0.01,-,,,0.50,-0.1,0.6,4106
56.71,-16.431,8.893,-130.9,-0.01,-,,,0.50,-0.1,0.6,4106
56.76,-16.431,8.893,-130.9,-0.01,-,,,0.50,-0.1,0.6,4106
56.81,-16.431,8.893,-130.9,-0.01,-,,,0.50,-0.1,0.6,4106
56.86,-16.431,8.893,-130.9,-0.01,-,,,0.50,-0.1,0.6,4106
56.91,-16.431,8.893,-130.9,-0.01,-,,,0.50,-0.1,0.6,4106
56.96,-16.431,8.893,-130.9,-0.01,-,,,0.50,-0.1,0.6,4106
57.01,-16.431,8.893,-130.9,-0.01,-,,,0.50,-0.1,0.6,4106
57.06,-16.431,8.893,-130.9,-0.01,-,,,0.50,-0.1,0.6,4106
57.11,-16.431,8.893,-130.9,-0.01,-,,,0.50,-0.1,0.6,4106
57.16,-16.431,8.893,-130.9,-0.01,-,,,0.50,-0.1,0.6,4106
57.21,-16.431,8.893,-130.9,-0.01,-,,,0.50,-0.1,0.6,4106
57.26,-16.431,8.893,-130.9,-0.01,-,,,0.50,-0.1,0.6,4106
57.31,-16.431,8.893,-130.9,-0.01,-,,,0.50,-0.1,0.6,4106
57.36,-16.431,8.893,-130.9,-0.01,-,,,0.50,-0.1,0.6,4106
57.41,-16.431,8.893,-130.9,-0.01,-,,,0.50,-0.1,0.6,4106
57.46,-16.431,8.893,-130.9,-0.01,-,,,0.50,-0.1,0.6,4106
57.51,-16.431,8.893,-130.9,-0.01,-,,,0.50,-0.1,0.6,4106
57.56,-16.431,8.893,-130.9,-0.01,-,,,0.50,-0.1,0.6,4106
57.61,-16.431,8.893,-130.9,-0.01,-,,,0.50,-0.1,0.6,4106
57.66,-16.431,8.893,-130.9,-0.01,-,,,0.50,-0.1,0.6,4106
57.71,-16.431,8.893,-130.9,-0.01,-,,,0.50,-0.1,0.6,4106
57.76,-16.431,8.893,-130.9,-0.01,-,,,0.50,-0.1,0.6,4106
57.81,-16.431,8.893,-130.9,-0.01,-,,,0.50,-0.1,0.6,4106
57.86,-16.431,8.893,-130.9,-0.01,-,,,0.50,-0.1,0.6,4106
57.91,-16.431,8.893,-130.9,-0.01,-,,,0.50,-0.1,0.6,4106
57.96,-16.431,8.893,-130.9,-0.01,-,,,0.50,-0.1,0.6,4106
58.01,-16.431,8.893,-130.9,-0.01,-,,,0.50,-0.1,0.6,4106
58.06,-16.431,8.893,-130.9,-0.01,-,,,0.50,-0.1,0.6,4106
58.11,-16.431,8.893,-130.9,-0.01,-,,,0.50,-0.1,0.6,4106
58.16,-16.431,8.893,-130.9,-0.01,-,,,0.50,-0.1,0.6,4106
58.21,-16.431,8.893,-130.9,-0.01,-,,,0.50,-0.1,0.6,4106
58.26,-16.431,8.893,-130.9,-0.01,-,,,0.50,-0.1,0.6,4106
58.31,-16.431,8.893,-130.9,-0.01,-,,,0.50,-0.1,0.6,4106
58.36,-16.431,8.893,-130.9,-0.01,-,,,0.50,-0.1,0.6,4106
58.41,-16.431,8.893,-130.9,-0.01,-,,,0.50,-0.1,0.6,4106
58.46,-16.431,8.893,-130.9,-0.01,-,,,0.50,-0.1,0.6,4106
58.51,-16.431,8.893,-130.9,-0.01,-,,,0.50,-0.1,0.6,4106
58.56,-16.431,8.893,-130.9,-0.01,-,,,0.50,-0.1,0.6,4106
58.61,-16.431,8.893,-130.9,-0.01,-,,,0.50,-0.1,0.6,4106
58.66,-16.431,8.893,-130.9,-0.01,-,,,0.50,-0.1,0.6,4106
58.71,-16.431,8.893,-130.9,-0.01,-,,,0.50,-0.1,0.6,4106
58.76,-16.431,8.893,-130.9,-0.01,-,,,0.50,-0.1,0.6,4106
58.81,-16.431,8.893,-130.9,-0.01,-,,,0.50,-0.1,0.6,4106
58.86,-16.431,8.893,-130.9,-0.01,-,,,0.50,-0.1,0.6,4106
58.91,-16.431,8.893,-130.9,-0.01,-,,,0.50,-0.1,0.6,4106
58.96,-16.431,8.893,-130.9,-0.01,-,,,0.50,-0.1,0.6,4106
59.01,-16.431,8.893,-130.9,-0.01,-,,,0.50,-0.1,0.6,4106
59.06,-16.431,8.893,-130.9,-0.01,-,,,0.50,-0.1,0.6,4106
59.11,-16.431,8.893,-130.9,-0.01,-,,,0.50,-0.1,0.6,4106
59.16,-16.431,8.893,-130.9,-0.01,-,,,0.50,-0.1,0.6,4106
59.21,-16.431,8.893,-130.9,-0.01,-,,,0.50,-0.1,0.6,4106
59.26,-16.431,8.893,-130.9,-0.01,-,,,0.50,-0.1,0.6,4106
59.31,-16.431,8.893,-130.9,-0.01,-,,,0.50,-0.1,0.6,4106
59.36,-16.431,8.893,-130.9,-0.01,-,,,0.50,-0.1,0.6,4106
59.41,-16.431,8.893,-130.9,-0.01,-,,,0.50,-0.1,0.6,4106
59.46,-16.431,8.893,-130.9,-0.01,-,,,0.50,-0.1,0.6,4106
59.51,-16.431,8.893,-130.9,-0.01,-,,,0.50,-0.1,0.6,4106
59.56,-16.431,8.893,-130.9,-0.01,-,,,0.50,-0.1,0.6,4106
59.61,-16.431,8.893,-130.9,-0.01,-,,,0.50,-0.1,0.6,4106
59.66,-16.431,8.893,-130.9,-0.01,-,,,0.50,-0.1,0.6,4106
59.71,-16.431,8.893,-130.9,-0.01,-,,,0.50,-0.1,0.6,4106
59.76,-16.431,8.893,-130.9,-0.01,-,,,0.50,-0.1,0.6,4106
59.81,-16.431,8.893,-130.9,-0.01,-,,,0.50,-0.1,0.6,4106
59.86,-16.431,8.893,-130.9,-0.01,-,,,0.50,-0.1,0.6,4106
59.91,-16.431,8.893,-130.9,-0.01,-,,,0.50,-0.1,0.6,4106
59.96,-16.431,8.893,-130.9,-0.01,-,,,0.50,-0.1,0.6,4106
60.01,-16.431,8.893,-130.9,-0.01,-,,,0.50,-0.1,0.6,4106
60.06,-16.431,8.893,-130.9,-0.01,-,,,0.50,-0.1,0.6,4106
60.11,-16.431,8.893,-130.9,-0.01,-,,,0.50,-0.1,0.6,4106
60.16,-16.431,8.893,-130.9,-0.01,-,,,0.50,-0.1,0.6,4106
60.21,-16.431,8.893,-130.9,-0.01,-,,,0.50,-0.1,0.6,4106
60.26,-16.431,8.893,-130.9,-0.01,-,,,0.50,-0.1,0.6,4106
60.31,-16.431,8.893,-130.9,-0.01,-,,,0.50,-0.1,0.6,4106
60.36,-16.431,8.893,-130.9,-0.01,-,,,0.50,-0.1,0.6,4106
60.41,-16.431,8.893,-130.9,-0.01,-,,,0.50,-0.1,0.6,4106
60.46,-16.431,8.893,-130.9,-0.01,-,,,0.50,-0.1,0.6,4106
60.51,-16.431,8.893,-130.9,-0.01,-,,,0.50,-0.1,0.6,4106
60.56,-16.431,8.893,-130.9,-0.01,-,,,0.50,-0.1,0.6,4106
60.61,-16.431,8.893,-130.9,-0.01,-,,,0.50,-0.1,0.6,4106
60.66,-16.431,8.893,-130.9,-0.01,-,,,0.50,-0.1,0.6,4106
60.71,-16.431,8.893,-130.9,-0.01,-,,,0.50,-0.1,0.6,4106
60.76,-16.431,8.893,-130.9,-0.01,-,,,0.50,-0.1,0.6,4106
60.81,-16.431,8.893,-130.9,-0.01,-,,,0.50,-0.1,0.6,4106
60.86,-16.431,8.893,-130.9,-0.01,-,,,0.50,-0.1,0.6,4106
60.91,-16.431,8.893,-130.9,-0.01,-,,,0.50,-0.1,0.6,4106
60.96,-16.431,8.893,-130.9,-0.01,-,,,0.50,-0.1,0.6,4106
61.01,-16.431,8.893,-130.9,-0.01,-,,,0.50,-0.1,0.6,4106
61.06,-16.431,8.893,-130.9,-0.01,-,,,0.50,-0.1,0.6,4106
61.11,-16.431,8.893,-130.9,-0.01,-,,,0.50,-0.1,0.6,4106
61.16,-16.431,8.893,-130.9,-0.01,-,,,0.50,-0.1,0.6,4106
61.21,-16.431,8.893,-130.9,-0.01,-,,,0.50,-0.1,0.6,4106
61.26,-16.431,8.893,-130.9,-0.01,-,,,0.50,-0.1,0.6,4106
61.31,-16.431,8.893,-130.9,-0.01,-,,,0.50,-0.1,0.6,4106
61.36,-16.431,8.893,-130.9,-0.01,-,,,0.50,-0.1,0.6,4106
61.41,-16.431,8.893,-130.9,-0.01,-,,,0.50,-0.1,0.6,4106
61.46,-16.431,8.893,-130.9,-0.01,-,,,0.50,-0.1,0.6,4106
61.51,-16.431,8.893,-130.9,-0.01,-,,,0.50,-0.1,0.6,4106
61.56,-16.431,8.893,-130.9,-0.01,-,,,0.50,-0.1,0.6,4106
61.61,-16.431,8.893,-130.9,-0.01,-,,,0.50,-0.1,0.6,4106
61.66,-16.431,8.893,-130.9,-0.01,-,,,0.50,-0.1,0.6,4106
61.71,-16.431,8.893,-130.9,-0.01,-,,,0.50,-0.1,0.6,4106
61.76,-16.431,8.893,-130.9,-0.01,-,,,0.50,-0.1,0.6,4106
61.81,-16.431,8.893,-130.9,-0.01,-,,,0.50,-0.1,0.6,4106
61.86,-16.431,8.893,-130.9,-0.01,-,,,0.50,-0.1,0.6,4106
61.91,-16.431,8.893,-130.9,-0.01,-,,,0.50,-0.1,0.6,4106
61.96,-16.431,8.893,-130.9,-0.01,-,,,0.50,-0.1,0.6,4106
62.01,-16.431,8.893,-130.9,-0.01,-,,,0.50,-0.1,0.6,4106
62.06,-16.431,8.893,-130.9,-0.01,-,,,0.50,-0.1,0.6,4106
62.11,-16.431,8.893,-130.9,-0.01,-,,,0.50,-0.1,0.6,4106
62.16,-16.431,8.893,-130.9,-0.01,-,,,0.50,-0.1,0.6,4106
62.21,-16.431,8.893,-130.9,-0.01,-,,,0.50,-0.1,0.6,4106
62.26,-16.431,8.893,-130.9,-0.01,-,,,0.50,-0.1,0.6,4106
62.31,-16.431,8.893,-130.9,-0.01,-,,,0.50,-0.1,0.6,4106
62.36,-16.431,8.893,-130.9,-0.01,-,,,0.50,-0.1,0.6,4106
62.41,-16.431,8.893,-130.9,-0.01,-,,,0.50,-0.1,0.6,4106
62.46,-16.431,8.893,-130.9,-0.01,-,,,0.50,-0.1,0.6,4106
62.51,-16.431,8.893,-130.9,-0.01,-,,,0.50,-0.1,0.6,4106
62.56,-16.431,8.893,-130.9,-0.01,-,,,0.50,-0.1,0.6,4106
62.61,-16.431,8.893,-130.9,-0.01,-,,,0.50,-0.1,0.6,4106
62.66,-16.431,8.893,-130.9,-0.01,-,,,0.50,-0.1,0.6,4106
62.71,-16.431,8.893,-130.9,-0.01,-,,,0.50,-0.1,0.6,4106
62.76,-16.431,8.893,-130.9,-0.01,-,,,0.50,-0.1,0.6,4106
62.81,-16.431,8.893,-130.9,-0.01,-,,,0.50,-0.1,0.6,4106
62.86,-16.431,8.893,-130.9,-0.01,-,,,0.50,-0.1,0.6,4106
62.91,-16.431,8.893,-130.9,-0.01,-,,,0.50,-0.1,0.6,4106
62.96,-16.431,8.893,-130.9,-0.01,-,,,0.50,-0.1,0.6,4106
63.01,-16.431,8.893,-130.9,-0.01,-,,,0.50,-0.1,0.6,4106
63.06,-16.431,8.893,-130.9,-0.01,-,,,0.50,-0.1,0.6,4106
63.11,-16.431,8.893,-130.9,-0.01,-,,,0.50,-0.1,0.6,4106
63.16,-16.431,8.893,-130.9,-0.01,-,,,0.50,-0.1,0.6,4106
63.21,-16.431,8.893,-130.9,-0.01,-,,,0.50,-0.1,0.6,4106
63.26,-16.431,8.893,-130.9,-0.01,-,,,0.50,-0.1,0.6,4106
63.31,-16.431,8.893,-130.9,-0.01,-,,,0.50,-0.1,0.6,4106
63.36,-16.431,8.893,-130.9,-0.01,-,,,0.50,-0.1,0.6,4106
63.41,-16.431,8.893,-130.9,-0.01,-,,,0.50,-0.1,0.6,4106
63.46,-16.431,8.893,-130.9,-0.01,-,,,0.50,-0.1,0.6,4106
63.51,-16.431,8.893,-130.9,-0.01,-,,,0.50,-0.1,0.6,4106
63.56,-16.431,8.893,-130.9,-0.01,-,,,0.50,-0.1,0.6,4106
63.61,-16.431,8.893,-130.9,-0.01,-,,,0.50,-0.1,0.6,4106
63.66,-16.431,8.893,-130.9,-0.01,-,,,0.50,-0.1,0.6,4106
63.71,-16.431,8.893,-130.9,-0.01,-,,,0.50,-0.1,0.6,4106
63.76,-16.431,8.893,-130.9,-0.01,-,,,0.50,-0.1,0.6,4106
63.81,-16.431,8.893,-130.9,-0.01,-,,,0.50,-0.1,0.6,4106
63.86,-16.431,8.893,-130.9,-0.01,-,,,0.50,-0.1,0.6,4106
63.91,-16.431,8.893,-130.9,-0.01,-,,,0.50,-0.1,0.6,4106
63.96,-16.431,8.893,-130.9,-0.01,-,,,0.50,-0.1,0.6,4106
64.01,-16.431,8.893,-130.9,-0.01,-,,,0.50,-0.1,0.6,4106
64.06,-16.431,8.893,-130.9,-0.01,-,,,0.50,-0.1,0.6,4106
64.11,-16.431,8.893,-130.9,-0.01,-,,,0.50,-0.1,0.6,4106
64.16,-16.431,8.893,-130.9,-0.01,-,,,0.50,-0.1,0.6,4106
64.21,-16.431,8.893,-130.9,-0.01,-,,,0.50,-0.1,0.6,4106
64.26,-16.431,8.893,-130.9,-0.01,-,,,0.50,-0.1,0.6,4106
64.31,-16.431,8.893,-130.9,-0.01,-,,,0.50,-0.1,0.6,4106
64.36,-16.431,8.893,-130.9,-0.01,-,,,0.50,-0.1,0.6,4106
64.41,-16.431,8.893,-130.9,-0.01,-,,,0.50,-0.1,0.6,4106
64.46,-16.431,8.893,-130.9,-0.01,-,,,0.50,-0.1,0.6,4106
64.51,-16.431,8.893,-130.9,-0.01,-,,,0.50,-0.1,0.6,4106
64.56,-16.431,8.893,-130.9,-0.01,-,,,0.50,-0.1,0.6,4106
64.61,-16.431,8.893,-130.9,-0.01,-,,,0.50,-0.1,0.6,4106
64.66,-16.431,8.893,-130.9,-0.01,-,,,0.50,-0.1,0.6,4106
64.71,-16.431,8.893,-130.9,-0.01,-,,,0.50,-0.1,0.6,4106
64.76,-16.431,8.893,-130.9,-0.01,-,,,0.50,-0.1,0.6,4106
64.81,-16.431,8.893,-130.9,-0.01,-,,,0.50,-0.1,0.6,4106
64.86,-16.431,8.893,-130.9,-0.01,-,,,0.50,-0.1,0.6,4106
64.91,-16.431,8.893,-130.9,-0.01,-,,,0.50,-0.1,0.6,4106
64.96,-16.431,8.893,-130.9,-0.01,-,,,0.50,-0.1,0.6,4106
65.01,-16.431,8.893,-130.9,-0.01,-,,,0.50,-0.1,0.6,4106
65.06,-16.431,8.893,-130.9,-0.01,-,,,0.50,-0.1,0.6,4106
65.11,-16.431,8.893,-130.9,-0.01,-,,,0.50,-0.1,0.6,4106
65.16,-16.431,8.893,-130.9,-0.01,-,,,0.50,-0.1,0.6,4106
65.21,-16.431,8.893,-130.9,-0.01,-,,,0.50,-0.1,0.6,4106
65.26,-16.431,8.893,-130.9,-0.01,-,,,0.50,-0.1,0.6,4106
65.31,-16.431,8.893,-130.9,-0.01,-,,,0.50,-0.1,0.6,4106
65.36,-16.431,8.893,-130.9,-0.01,-,,,0.50,-0.1,0.6,4106
65.41,-16.431,8.893,-130.9,-0.01,-,,,0.50,-0.1,0.6,4106
65.46,-16.431,8.893,-130.9,-0.01,-,,,0.50,-0.1,0.6,4106
65.51,-16.431,8.893,-130.9,-0.01,-,,,0.50,-0.1,0.6,4106
65.56,-16.431,8.893,-130.9,-0.01,-,,,0.50,-0.1,0.6,4106
65.61,-16.431,8.893,-130.9,-0.01,-,,,0.50,-0.1,0.6,4106
65.66,-16.431,8.893,-130.9,-0.01,-,,,0.50,-0.1,0.6,4106
65.71,-16.431,8.893,-130.9,-0.01,-,,,0.50,-0.1,0.6,4106
65.76,-16.431,8.893,-130.9,-0.01,-,,,0.50,-0.1,0.6,4106
65.81,-16.431,8.893,-130.9,-0.01,-,,,0.50,-0.1,0.6,4106
65.86,-16.431,8.893,-130.9,-0.01,-,,,0.50,-0.1,0.6,4106
65.91,-16.431,8.893,-130.9,-0.01,-,,,0.50,-0.1,0.6,4106
65.96,-16.431,8.893,-130.9,-0.01,-,,,0.50,-0.1,0.6,4106
66.01,-16.431,8.893,-130.9,-0.01,-,,,0.50,-0.1,0.6,4106
66.06,-16.431,8.893,-130.9,-0.01,-,,,0.50,-0.1,0.6,4106
66.11,-16.431,8.893,-130.9,-0.01,-,,,0.50,-0.1,0.6,4106
66.16,-16.431,8.893,-130.9,-0.01,-,,,0.50,-0.1,0.6,4106
66.21,-16.431,8.893,-130.9,-0.01,-,,,0.50,-0.1,0.6,4106
66.26,-16.431,8.893,-130.9,-0.01,-,,,0.50,-0.1,0.6,4106
66.31,-16.431,8.893,-130.9,-0.01,-,,,0.50,-0.1,0.6,4106
66.36,-16.431,8.893,-130.9,-0.01,-,,,0.50,-0.1,0.6,4106
66.41,-16.431,8.893,-130.9,-0.01,-,,,0.50,-0.1,0.6,4106
66.46,-16.431,8.893,-130.9,-0.01,-,,,0.50,-0.1,0.6,4106
66.51,-16.431,8.893,-130.9,-0.01,-,,,0.50,-0.1,0.6,4106
66.56,-16.431,8.893,-130.9,-0.01,-,,,0.50,-0.1,0.6,4106
66.61,-16.431,8.893,-130.9,-0.01,-,,,0.50,-0.1,0.6,4106
66.66,-16.431,8.893,-130.9,-0.01,-,,,0.50,-0.1,0.6,4106
66.71,-16.431,8.893,-130.9,-0.01,-,,,0.50,-0.1,0.6,4106
66.76,-16.431,8.893,-130.9,-0.01,-,,,0.50,-0.1,0.6,4106
66.81,-16.431,8.893,-130.9,-0.01,-,,,0.50,-0.1,0.6,4106
66.86,-16.431,8.893,-130.9,-0.01,-,,,0.50,-0.1,0.6,4106
66.91,-16.431,8.893,-130.9,-0.01,-,,,0.50,-0.1,0.6,4106
66.96,-16.431,8.893,-130.9,-0.01,-,,,0.50,-0.1,0.6,4106
67.01,-16.431,8.893,-130.9,-0.01,-,,,0.50,-0.1,0.6,4106
67.06,-16.431,8.893,-130.9,-0.01,-,,,0.50,-0.1,0.6,4106
67.11,-16.431,8.893,-130.9,-0.01,-,,,0.50,-0.1,0.6,4106
67.16,-16.431,8.893,-130.9,-0.01,-,,,0.50,-0.1,0.6,4106
67.21,-16.431,8.893,-130.9,-0.01,-,,,0.50,-0.1,0.6,4106
67.26,-16.431,8.893,-130.9,-0.01,-,,,0.50,-0.1,0.6,4106
67.31,-16.431,8.893,-130.9,-0.01,-,,,0.50,-0.1,0.6,4106
67.36,-16.431,8.893,-130.9,-0.01,-,,,0.50,-0.1,0.6,4106
67.41,-16.431,8.893,-130.9,-0.01,-,,,0.50,-0.1,0.6,4106
67.46,-16.431,8.893,-130.9,-0.01,-,,,0.50,-0.1,0.6,4106
67.51,-16.431,8.893,-130.9,-0.01,-,,,0.50,-0.1,0.6,4106
67.56,-16.431,8.893,-130.9,-0.01,-,,,0.50,-0.1,0.6,4106
67.61,-16.431,8.893,-130.9,-0.01,-,,,0.50,-0.1,0.6,4106
67.66,-16.431,8.893,-130.9,-0.01,-,,,0.50,-0.1,0.6,4106
67.71,-16.431,8.893,-130.9,-0.01,-,,,0.50,-0.1,0.6,4106
67.76,-16.431,8.893,-130.9,-0.01,-,,,0.50,-0.1,0.6,4106
67.81,-16.431,8.893,-130.9,-0.01,-,,,0.50,-0.1,0.6,4106
67.86,-16.431,8.893,-130.9,-0.01,-,,,0.50,-0.1,0.6,4106
67.91,-16.431,8.893,-130.9,-0.01,-,,,0.50,-0.1,0.6,4106
67.96,-16.431,8.893,-130.9,-0.01,-,,,0.50,-0.1,0.6,4106
68.01,-16.431,8.893,-130.9,-0.01,-,,,0.50,-0.1,0.6,4106
68.06,-16.431,8.893,-130.9,-0.01,-,,,0.50,-0.1,0.6,4106
68.11,-16.431,8.893,-130.9,-0.01,-,,,0.50,-0.1,0.6,4106
68.16,-16.431,8.893,-130.9,-0.01,-,,,0.50,-0.1,0.6,4106
68.21,-16.431,8.893,-130.9,-0.01,-,,,0.50,-0.1,0.6,4106
68.26,-16.431,8.893,-130.9,-0.01,-,,,0.50,-0.1,0.6,4106
68.31,-16.431,8.893,-130.9,-0.01,-,,,0.50,-0.1,0.6,4106
68.36,-16.431,8.893,-130.9,-0.01,-,,,0.50,-0.1,0.6,4106
68.41,-16.431,8.893,-130.9,-0.01,-,,,0.50,-0.1,0.6,4106
68.46,-16.431,8.893,-130.9,-0.01,-,,,0.50,-0.1,0.6,4106
68.51,-16.431,8.893,-130.9,-0.01,-,,,0.50,-0.1,0.6,4106
68.56,-16.431,8.893,-130.9,-0.01,-,,,0.50,-0.1,0.6,4106
68.61,-16.431,8.893,-130.9,-0.01,-,,,0.50,-0.1,0.6,4106
68.66,-16.431,8.893,-130.9,-0.01,-,,,0.50,-0.1,0.6,4106
68.71,-16.431,8.893,-130.9,-0.01,-,,,0.50,-0.1,0.6,4106
68.76,-16.431,8.893,-130.9,-0.01,-,,,0.50,-0.1,0.6,4106
68.81,-16.431,8.893,-130.9,-0.01,-,,,0.50,-0.1,0.6,4106
68.86,-16.431,8.893,-130.9,-0.01,-,,,0.50,-0.1,0.6,4106
68.91,-16.431,8.893,-130.9,-0.01,-,,,0.50,-0.1,0.6,4106
68.96,-16.431,8.893,-130.9,-0.01,-,,,0.50,-0.1,0.6,4106
69.01,-16.431,8.893,-130.9,-0.01,-,,,0.50,-0.1,0.6,4106
69.06,-16.431,8.893,-130.9,-0.01,-,,,0.50,-0.1,0.6,4106
69.11,-16.431,8.893,-130.9,-0.01,-,,,0.50,-0.1,0.6,4106
69.16,-16.431,8.893,-130.9,-0.01,-,,,0.50,-0.1,0.6,4106
69.21,-16.431,8.893,-130.9,-0.01,-,,,0.50,-0.1,0.6,4106
69.26,-16.431,8.893,-130.9,-0.01,-,,,0.50,-0.1,0.6,4106
69.31,-16.431,8.893,-130.9,-0.01,-,,,0.50,-0.1,0.6,4106
69.36,-16.431,8.893,-130.9,-0.01,-,,,0.50,-0.1,0.6,4106
69.41,-16.431,8.893,-130.9,-0.01,-,,,0.50,-0.1,0.6,4106
69.46,-16.431,8.893,-130.9,-0.01,-,,,0.50,-0.1,0.6,4106
69.51,-16.431,8.893,-130.9,-0.01,-,,,0.50,-0.1,0.6,4106
69.56,-16.431,8.893,-130.9,-0.01,-,,,0.50,-0.1,0.6,4106
69.61,-16.431,8.893,-130.9,-0.01,-,,,0.50,-0.1,0.6,4106
69.66,-16.431,8.893,-130.9,-0.01,-,,,0.50,-0.1,0.6,4106
69.71,-16.431,8.893,-130.9,-0.01,-,,,0.50,-0.1,0.6,4106
69.76,-16.431,8.893,-130.9,-0.01,-,,,0.50,-0.1,0.6,4106
69.81,-16.431,8.893,-130.9,-0.01,-,,,0.50,-0.1,0.6,4106
69.86,-16.431,8.893,-130.9,-0.01,-,,,0.50,-0.1,0.6,4106
69.91,-16.431,8.893,-130.9,-0.01,-,,,0.50,-0.1,0.6,4106
69.96,-16.431,8.893,-130.9,-0.01,-,,,0.50,-0.1,0.6,4106
70.01,-16.431,8.893,-130.9,-0.01,-,,,0.50,-0.1,0.6,4106
70.06,-16.431,8.893,-130.9,-0.01,-,,,0.50,-0.1,0.6,4106
70.11,-16.431,8.893,-130.9,-0.01,-,,,0.50,-0.1,0.6,4106
70.16,-16.431,8.893,-130.9,-0.01,-,,,0.50,-0.1,0.6,4106
70.21,-16.431,8.893,-130.9,-0.01,-,,,0.50,-0.1,0.6,4106
70.26,-16.431,8.893,-130.9,-0.01,-,,,0.50,-0.1,0.6,4106
70.31,-16.431,8.893,-130.9,-0.01,-,,,0.50,-0.1,0.6,4106
70.36,-16.431,8.893,-130.9,-0.01,-,,,0.50,-0.1,0.6,4106
70.41,-16.431,8.893,-130.9,-0.01,-,,,0.50,-0.1,0.6,4106
70.46,-16.431,8.893,-130.9,-0.01,-,,,0.50,-0.1,0.6,4106
70.51,-16.431,8.893,-130.9,-0.01,-,,,0.50,-0.1,0.6,4106
70.56,-16.431,8.893,-130.9,-0.01,-,,,0.50,-0.1,0.6,4106
70.61,-16.431,8.893,-130.9,-0.01,-,,,0.50,-0.1,0.6,4106
70.66,-16.431,8.893,-130.9,-0.01,-,,,0.50,-0.1,0.6,4106
70.71,-16.431,8.893,-130.9,-0.01,-,,,0.50,-0.1,0.6,4106
70.76,-16.431,8.893,-130.9,-0.01,-,,,0.50,-0.1,0.6,4106
70.81,-16.431,8.893,-130.9,-0.01,-,,,0.50,-0.1,0.6,4106
70.86,-16.431,8.893,-130.9,-0.01,-,,,0.50,-0.1,0.6,4106
70.91,-16.431,8.893,-130.9,-0.01,-,,,0.50,-0.1,0.6,4106
70.96,-16.431,8.893,-130.9,-0.01,-,,,0.50,-0.1,0.6,4106
71.01,-16.431,8.893,-130.9,-0.01,-,,,0.50,-0.1,0.6,4106
71.06,-16.431,8.893,-130.9,-0.01,-,,,0.50,-0.1,0.6,4106
71.11,-16.431,8.893,-130.9,-0.01,-,,,0.50,-0.1,0.6,4106
71.16,-16.431,8.893,-130.9,-0.01,-,,,0.50,-0.1,0.6,4106
71.21,-16.431,8.893,-130.9,-0.01,-,,,0.50,-0.1,0.6,4106
71.26,-16.431,8.893,-130.9,-0.01,-,,,0.50,-0.1,0.6,4106
71.31,-16.431,8.893,-130.9,-0.01,-,,,0.50,-0.1,0.6,4106
71.36,-16.431,8.893,-130.9,-0.01,-,,,0.50,-0.1,0.6,4106
71.41,-16.431,8.893,-130.9,-0.01,-,,,0.50,-0.1,0.6,4106
71.46,-16.431,8.893,-130.9,-0.01,-,,,0.50,-0.1,0.6,4106
71.51,-16.431,8.893,-130.9,-0.01,-,,,0.50,-0.1,0.6,4106
71.56,-16.431,8.893,-130.9,-0.01,-,,,0.50,-0.1,0.6,4106
71.61,-16.431,8.893,-130.9,-0.01,-,,,0.50,-0.1,0.6,4106
71.66,-16.431,8.893,-130.9,-0.01,-,,,0.50,-0.1,0.6,4106
71.71,-16.431,8.893,-130.9,-0.01,-,,,0.50,-0.1,0.6,4106
71.76,-16.431,8.893,-130.9,-0.01,-,,,0.50,-0.1,0.6,4106
71.81,-16.431,8.893,-130.9,-0.01,-,,,0.50,-0.1,0.6,4106
71.86,-16.431,8.893,-130.9,-0.01,-,,,0.50,-0.1,0.6,4106
71.91,-16.431,8.893,-130.9,-0.01,-,,,0.50,-0.1,0.6,4106
71.96,-16.431,8.893,-130.9,-0.01,-,,,0.50,-0.1,0.6,4106
72.01,-16.431,8.893,-130.9,-0.01,-,,,0.50,-0.1,0.6,4106
72.06,-16.431,8.893,-130.9,-0.01,-,,,0.50,-0.1,0.6,4106
72.11,-16.431,8.893,-130.9,-0.01,-,,,0.50,-0.1,0.6,4106
72.16,-16.431,8.893,-130.9,-0.01,-,,,0.50,-0.1,0.6,4106
72.21,-16.431,8.893,-130.9,-0.01,-,,,0.50,-0.1,0.6,4106
72.26,-16.431,8.893,-130.9,-0.01,-,,,0.50,-0.1,0.6,4106
72.31,-16.431,8.893,-130.9,-0.01,-,,,0.50,-0.1,0.6,4106
72.36,-16.431,8.893,-130.9,-0.01,-,,,0.50,-0.1,0.6,4106
72.41,-16.431,8.893,-130.9,-0.01,-,,,0.50,-0.1,0.6,4106
72.46,-16.431,8.893,-130.9,-0.01,-,,,0.50,-0.1,0.6,4106
72.51,-16.431,8.893,-130.9,-0.01,-,,,0.50,-0.1,0.6,4106
72.56,-16.431,8.893,-130.9,-0.01,-,,,0.50,-0.1,0.6,4106
72.61,-16.431,8.893,-130.9,-0.01,-,,,0.50,-0.1,0.6,4106
72.66,-16.431,8.893,-130.9,-0.01,-,,,0.50,-0.1,0.6,4106
72.71,-16.431,8.893,-130.9,-0.01,-,,,0.50,-0.1,0.6,4106
72.76,-16.431,8.893,-130.9,-0.01,-,,,0.50,-0.1,0.6,4106
72.81,-16.431,8.893,-130.9,-0.01,-,,,0.50,-0.1,0.6,4106
72.86,-16.431,8.893,-130.9,-0.01,-,,,0.50,-0.1,0.6,4106
72.91,-16.431,8.893,-130.9,-0.01,-,,,0.50,-0.1,0.6,4106
72.96,-16.431,8.893,-130.9,-0.01,-,,,0.50,-0.1,0.6,4106
73.01,-16.431,8.893,-130.9,-0.01,-,,,0.50,-0.1,0.6,4106
73.06,-16.431,8.893,-130.9,-0.01,-,,,0.50,-0.1,0.6,4106
73.11,-16.431,8.893,-130.9,-0.01,-,,,0.50,-0.1,0.6,4106
73.16,-16.431,8.893,-130.9,-0.01,-,,,0.50,-0.1,0.6,4106
73.21,-16.431,8.893,-130.9,-0.01,-,,,0.50,-0.1,0.6,4106
73.26,-16.431,8.893,-130.9,-0.01,-,,,0.50,-0.1,0.6,4106
73.31,-16.431,8.893,-130.9,-0.01,-,,,0.50,-0.1,0.6,4106
73.36,-16.431,8.893,-130.9,-0.01,-,,,0.50,-0.1,0.6,4106
73.41,-16.431,8.893,-130.9,-0.01,-,,,0.50,-0.1,0.6,4106
73.46,-16.431,8.893,-130.9,-0.01,-,,,0.50,-0.1,0.6,4106
73.51,-16.431,8.893,-130.9,-0.01,-,,,0.50,-0.1,0.6,4106
73.56,-16.431,8.893,-130.9,-0.01,-,,,0.50,-0.1,0.6,4106
73.61,-16.431,8.893,-130.9,-0.01,-,,,0.50,-0.1,0.6,4106
73.66,-16.431,8.893,-130.9,-0.01,-,,,0.50,-0.1,0.6,4106
73.71,-16.431,8.893,-130.9,-0.01,-,,,0.50,-0.1,0.6,4106
73.76,-16.431,8.893,-130.9,-0.01,-,,,0.50,-0.1,0.6,4106
73.81,-16.431,8.893,-130.9,-0.01,-,,,0.50,-0.1,0.6,4106
73.86,-16.431,8.893,-130.9,-0.01,-,,,0.50,-0.1,0.6,4106
73.91,-16.431,8.893,-130.9,-0.01,-,,,0.50,-0.1,0.6,4106
73.96,-16.431,8.893,-130.9,-0.01,-,,,0.50,-0.1,0.6,4106
74.01,-16.431,8.893,-130.9,-0.01,-,,,0.50,-0.1,0.6,4106
74.06,-16.431,8.893,-130.9,-0.01,-,,,0.50,-0.1,0.6,4106
74.11,-16.431,8.893,-130.9,-0.01,-,,,0.50,-0.1,0.6,4106
74.16,-16.431,8.893,-130.9,-0.01,-,,,0.50,-0.1,0.6,4106
74.21,-16.431,8.893,-130.9,-0.01,-,,,0.50,-0.1,0.6,4106
74.26,-16.431,8.893,-130.9,-0.01,-,,,0.50,-0.1,0.6,4106
74.31,-16.431,8.893,-130.9,-0.01,-,,,0.50,-0.1,0.6,4106
74.36,-16.431,8.893,-130.9,-0.01,-,,,0.50,-0.1,0.6,4106
74.41,-16.431,8.893,-130.9,-0.01,-,,,0.50,-0.1,0.6,4106
74.46,-16.431,8.893,-130.9,-0.01,-,,,0.50,-0.1,0.6,4106
74.51,-16.431,8.893,-130.9,-0.01,-,,,0.50,-0.1,0.6,4106
74.56,-16.431,8.893,-130.9,-0.01,-,,,0.50,-0.1,0.6,4106
74.61,-16.431,8.893,-130.9,-0.01,-,,,0.50,-0.1,0.6,4106
74.66,-16.431,8.893,-130.9,-0.01,-,,,0.50,-0.1,0.6,4106
74.71,-16.431,8.893,-130.9,-0.01,-,,,0.50,-0.1,0.6,4106
74.76,-16.431,8.893,-130.9,-0.01,-,,,0.50,-0.1,0.6,4106
74.81,-16.431,8.893,-130.9,-0.01,-,,,0.50,-0.1,0.6,4106
74.86,-16.431,8.893,-130.9,-0.01,-,,,0.50,-0.1,0.6,4106
74.91,-16.431,8.893,-130.9,-0.01,-,,,0.50,-0.1,0.6,4106
74.96,-16.431,8.893,-130.9,-0.01,-,,,0.50,-0.1,0.6,4106
75.01,-16.431,8.893,-130.9,-0.01,-,,,0.50,-0.1,0.6,4106
75.06,-16.431,8.893,-130.9,-0.01,-,,,0.50,-0.1,0.6,4106
75.11,-16.431,8.893,-130.9,-0.01,-,,,0.50,-0.1,0.6,4106
75.16,-16.431,8.893,-130.9,-0.01,-,,,0.50,-0.1,0.6,4106
75.21,-16.431,8.893,-130.9,-0.01,-,,,0.50,-0.1,0.6,4106
75.26,-16.431,8.893,-130.9,-0.01,-,,,0.50,-0.1,0.6,4106
75.31,-16.431,8.893,-130.9,-0.01,-,,,0.50,-0.1,0.6,4106
75.36,-16.431,8.893,-130.9,-0.01,-,,,0.50,-0.1,0.6,4106
75.41,-16.431,8.893,-130.9,-0.01,-,,,0.50,-0.1,0.6,4106
75.46,-16.431,8.893,-130.9,-0.01,-,,,0.50,-0.1,0.6,4106
75.51,-16.431,8.893,-130.9,-0.01,-,,,0.50,-0.1,0.6,4106
75.56,-16.431,8.893,-130.9,-0.01,-,,,0.50,-0.1,0.6,4106
75.61,-16.431,8.893,-130.9,-0.01,-,,,0.50,-0.1,0.6,4106
75.66,-16.431,8.893,-130.9,-0.01,-,,,0.50,-0.1,0.6,4106
75.71,-16.431,8.893,-130.9,-0.01,-,,,0.50,-0.1,0.6,4106
75.76,-16.431,8.893,-130.9,-0.01,-,,,0.50,-0.1,0.6,4106
75.81,-16.431,8.893,-130.9,-0.01,-,,,0.50,-0.1,0.6,4106
75.86,-16.431,8.893,-130.9,-0.01,-,,,0.50,-0.1,0.6,4106
75.91,-16.431,8.893,-130.9,-0.01,-,,,0.50,-0.1,0.6,4106
75.96,-16.431,8.893,-130.9,-0.01,-,,,0.50,-0.1,0.6,4106
76.01,-16.431,8.893,-130.9,-0.01,-,,,0.50,-0.1,0.6,4106
76.06,-16.431,8.893,-130.9,-0.01,-,,,0.50,-0.1,0.6,4106
76.11,-16.431,8.893,-130.9,-0.01,-,,,0.50,-0.1,0.6,4106
76.16,-16.431,8.893,-130.9,-0.01,-,,,0.50,-0.1,0.6,4106
76.21,-16.431,8.893,-130.9,-0.01,-,,,0.50,-0.1,0.6,4106
76.26,-16.431,8.893,-130.9,-0.01,-,,,0.50,-0.1,0.6,4106
76.31,-16.431,8.893,-130.9,-0.01,-,,,0.50,-0.1,0.6,4106
76.36,-16.431,8.893,-130.9,-0.01,-,,,0.50,-0.1,0.6,4106
76.41,-16.431,8.893,-130.9,-0.01,-,,,0.50,-0.1,0.6,4106
76.46,-16.431,8.893,-130.9,-0.01,-,,,0.50,-0.1,0.6,4106
76.51,-16.431,8.893,-130.9,-0.01,-,,,0.50,-0.1,0.6,4106
76.56,-16.431,8.893,-130.9,-0.01,-,,,0.50,-0.1,0.6,4106
76.61,-16.431,8.893,-130.9,-0.01,-,,,0.50,-0.1,0.6,4106
76.66,-16.431,8.893,-130.9,-0.01,-,,,0.50,-0.1,0.6,4106
76.71,-16.431,8.893,-130.9,-0.01,-,,,0.50,-0.1,0.6,4106
76.76,-16.431,8.893,-130.9,-0.01,-,,,0.50,-0.1,0.6,4106
76.81,-16.431,8.893,-130.9,-0.01,-,,,0.50,-0.1,0.6,4106
76.86,-16.431,8.893,-130.9,-0.01,-,,,0.50,-0.1,0.6,4106
76.91,-16.431,8.893,-130.9,-0.01,-,,,0.50,-0.1,0.6,4106
76.96,-16.431,8.893,-130.9,-0.01,-,,,0.50,-0.1,0.6,4106
77.01,-16.431,8.893,-130.9,-0.01,-,,,0.50,-0.1,0.6,4106
77.06,-16.431,8.893,-130.9,-0.01,-,,,0.50,-0.1,0.6,4106
77.11,-16.431,8.893,-130.9,-0.01,-,,,0.50,-0.1,0.6,4106
77.16,-16.431,8.893,-130.9,-0.01,-,,,0.50,-0.1,0.6,4106
77.21,-16.431,8.893,-130.9,-0.01,-,,,0.50,-0.1,0.6,4106
77.26,-16.431,8.893,-130.9,-0.01,-,,,0.50,-0.1,0.6,4106
77.31,-16.431,8.893,-130.9,-0.01,-,,,0.50,-0.1,0.6,4106
77.36,-16.431,8.893,-130.9,-0.01,-,,,0.50,-0.1,0.6,4106
77.41,-16.431,8.893,-130.9,-0.01,-,,,0.50,-0.1,0.6,4106
77.46,-16.431,8.893,-130.9,-0.01,-,,,0.50,-0.1,0.6,4106
77.51,-16.431,8.893,-130.9,-0.01,-,,,0.50,-0.1,0.6,4106
77.56,-16.431,8.893,-130.9,-0.01,-,,,0.50,-0.1,0.6,4106
77.61,-16.431,8.893,-130.9,-0.01,-,,,0.50,-0.1,0.6,4106
77.66,-16.431,8.893,-130.9,-0.01,-,,,0.50,-0.1,0.6,4106
77.71,-16.431,8.893,-130.9,-0.01,-,,,0.50,-0.1,0.6,4106
77.76,-16.431,8.893,-130.9,-0.01,-,,,0.50,-0.1,0.6,4106
77.81,-16.431,8.893,-130.9,-0.01,-,,,0.50,-0.1,0.6,4106
77.86,-16.431,8.893,-130.9,-0.01,-,,,0.50,-0.1,0.6,4106
77.91,-16.431,8.893,-130.9,-0.01,-,,,0.50,-0.1,0.6,4106
77.96,-16.431,8.893,-130.9,-0.01,-,,,0.50,-0.1,0.6,4106
78.01,-16.431,8.893,-130.9,-0.01,-,,,0.50,-0.1,0.6,4106
78.06,-16.431,8.893,-130.9,-0.01,-,,,0.50,-0.1,0.6,4106
78.11,-16.431,8.893,-130.9,-0.01,-,,,0.50,-0.1,0.6,4106
78.16,-16.431,8.893,-130.9,-0.01,-,,,0.50,-0.1,0.6,4106
78.21,-16.431,8.893,-130.9,-0.01,-,,,0.50,-0.1,0.6,4106
78.26,-16.431,8.893,-130.9,-0.01,-,,,0.50,-0.1,0.6,4106
78.31,-16.431,8.893,-130.9,-0.01,-,,,0.50,-0.1,0.6,4106
78.36,-16.431,8.893,-130.9,-0.01,-,,,0.50,-0.1,0.6,4106
78.41,-16.431,8.893,-130.9,-0.01,-,,,0.50,-0.1,0.6,4106
78.46,-16.431,8.893,-130.9,-0.01,-,,,0.50,-0.1,0.6,4106
78.51,-16.431,8.893,-130.9,-0.01,-,,,0.50,-0.1,0.6,4106
78.56,-16.431,8.893,-130.9,-0.01,-,,,0.50,-0.1,0.6,4106
78.61,-16.431,8.893,-130.9,-0.01,-,,,0.50,-0.1,0.6,4106
78.66,-16.431,8.893,-130.9,-0.01,-,,,0.50,-0.1,0.6,4106
78.71,-16.431,8.893,-130.9,-0.01,-,,,0.50,-0.1,0.6,4106
78.76,-16.431,8.893,-130.9,-0.01,-,,,0.50,-0.1,0.6,4106
78.81,-16.431,8.893,-130.9,-0.01,-,,,0.50,-0.1,0.6,4106
78.86,-16.431,8.893,-130.9,-0.01,-,,,0.50,-0.1,0.6,4106
78.91,-16.431,8.893,-130.9,-0.01,-,,,0.50,-0.1,0.6,4106
78.96,-16.431,8.893,-130.9,-0.01,-,,,0.50,-0.1,0.6,4106
79.01,-16.431,8.893,-130.9,-0.01,-,,,0.50,-0.1,0.6,4106
79.06,-16.431,8.893,-130.9,-0.01,-,,,0.50,-0.1,0.6,4106
79.11,-16.431,8.893,-130.9,-0.01,-,,,0.50,-0.1,0.6,4106
79.16,-16.431,8.893,-130.9,-0.01,-,,,0.50,-0.1,0.6,4106
79.21,-16.431,8.893,-130.9,-0.01,-,,,0.50,-0.1,0.6,4106
79.26,-16.431,8.893,-130.9,-0.01,-,,,0.50,-0.1,0.6,4106
79.31,-16.431,8.893,-130.9,-0.01,-,,,0.50,-0.1,0.6,4106
79.36,-16.431,8.893,-130.9,-0.01,-,,,0.50,-0.1,0.6,4106
79.41,-16.431,8.893,-130.9,-0.01,-,,,0.50,-0.1,0.6,4106
79.46,-16.431,8.893,-130.9,-0.01,-,,,0.50,-0.1,0.6,4106
79.51,-16.431,8.893,-130.9,-0.01,-,,,0.50,-0.1,0.6,4106
79.56,-16.431,8.893,-130.9,-0.01,-,,,0.50,-0.1,0.6,4106
79.61,-16.431,8.893,-130.9,-0.01,-,,,0.50,-0.1,0.6,4106
79.66,-16.431,8.893,-130.9,-0.01,-,,,0.50,-0.1,0.6,4106
79.71,-16.431,8.893,-130.9,-0.01,-,,,0.50,-0.1,0.6,4106
79.76,-16.431,8.893,-130.9,-0.01,-,,,0.50,-0.1,0.6,4106
79.81,-16.431,8.893,-130.9,-0.01,-,,,0.50,-0.1,0.6,4106
79.86,-16.431,8.893,-130.9,-0.01,-,,,0.50,-0.1,0.6,4106
79.91,-16.431,8.893,-130.9,-0.01,-,,,0.50,-0.1,0.6,4106
79.96,-16.431,8.893,-130.9,-0.01,-,,,0.50,-0.1,0.6,4106
80.01,-16.431,8.893,-130.9,-0.01,-,,,0.50,-0.1,0.6,4106
80.06,-16.431,8.893,-130.9,-0.01,-,,,0.50,-0.1,0.6,4106
80.11,-16.431,8.893,-130.9,-0.01,-,,,0.50,-0.1,0.6,4106
80.16,-16.431,8.893,-130.9,-0.01,-,,,0.50,-0.1,0.6,4106
80.21,-16.431,8.893,-130.9,-0.01,-,,,0.50,-0.1,0.6,4106
80.26,-16.431,8.893,-130.9,-0.01,-,,,0.50,-0.1,0.6,4106
80.31,-16.431,8.893,-130.9,-0.01,-,,,0.50,-0.1,0.6,4106
80.36,-16.431,8.893,-130.9,-0.01,-,,,0.50,-0.1,0.6,4106
80.41,-16.431,8.893,-130.9,-0.01,-,,,0.50,-0.1,0.6,4106
80.46,-16.431,8.893,-130.9,-0.01,-,,,0.50,-0.1,0.6,4106
80.51,-16.431,8.893,-130.9,-0.01,-,,,0.50,-0.1,0.6,4106
80.56,-16.431,8.893,-130.9,-0.01,-,,,0.50,-0.1,0.6,4106
80.61,-16.431,8.893,-130.9,-0.01,-,,,0.50,-0.1,0.6,4106
80.66,-16.431,8.893,-130.9,-0.01,-,,,0.50,-0.1,0.6,4106
80.71,-16.431,8.893,-130.9,-0.01,-,,,0.50,-0.1,0.6,4106
80.76,-16.431,8.893,-130.9,-0.01,-,,,0.50,-0.1,0.6,4106
80.81,-16.431,8.893,-130.9,-0.01,-,,,0.50,-0.1,0.6,4106
80.86,-16.431,8.893,-130.9,-0.01,-,,,0.50,-0.1,0.6,4106
80.91,-16.431,8.893,-130.9,-0.01,-,,,0.50,-0.1,0.6,4106
80.96,-16.431,8.893,-130.9,-0.01,-,,,0.50,-0.1,0.6,4106
81.01,-16.431,8.893,-130.9,-0.01,-,,,0.50,-0.1,0.6,4106
81.06,-16.431,8.893,-130.9,-0.01,-,,,0.50,-0.1,0.6,4106
81.11,-16.431,8.893,-130.9,-0.01,-,,,0.50,-0.1,0.6,4106
81.16,-16.431,8.893,-130.9,-0.01,-,,,0.50,-0.1,0.6,4106
81.21,-16.431,8.893,-130.9,-0.01,-,,,0.50,-0.1,0.6,4106
81.26,-16.431,8.893,-130.9,-0.01,-,,,0.50,-0.1,0.6,4106
81.31,-16.431,8.893,-130.9,-0.01,-,,,0.50,-0.1,0.6,4106
81.36,-16.431,8.893,-130.9,-0.01,-,,,0.50,-0.1,0.6,4106
81.41,-16.431,8.893,-130.9,-0.01,-,,,0.50,-0.1,0.6,4106
81.46,-16.431,8.893,-130.9,-0.01,-,,,0.50,-0.1,0.6,4106
81.51,-16.431,8.893,-130.9,-0.01,-,,,0.50,-0.1,0.6,4106
81.56,-16.431,8.893,-130.9,-0.01,-,,,0.50,-0.1,0.6,4106
81.61,-16.431,8.893,-130.9,-0.01,-,,,0.50,-0.1,0.6,4106
81.66,-16.431,8.893,-130.9,-0.01,-,,,0.50,-0.1,0.6,4106
81.71,-16.431,8.893,-130.9,-0.01,-,,,0.50,-0.1,0.6,4106
81.76,-16.431,8.893,-130.9,-0.01,-,,,0.50,-0.1,0.6,4106
81.81,-16.431,8.893,-130.9,-0.01,-,,,0.50,-0.1,0.6,4106
81.86,-16.431,8.893,-130.9,-0.01,-,,,0.50,-0.1,0.6,4106
81.91,-16.431,8.893,-130.9,-0.01,-,,,0.50,-0.1,0.6,4106
81.96,-16.431,8.893,-130.9,-0.01,-,,,0.50,-0.1,0.6,4106
82.01,-16.431,8.893,-130.9,-0.01,-,,,0.50,-0.1,0.6,4106
82.06,-16.431,8.893,-130.9,-0.01,-,,,0.50,-0.1,0.6,4106
82.11,-16.431,8.893,-130.9,-0.01,-,,,0.50,-0.1,0.6,4106
82.16,-16.431,8.893,-130.9,-0.01,-,,,0.50,-0.1,0.6,4106
82.21,-16.431,8.893,-130.9,-0.01,-,,,0.50,-0.1,0.6,4106
82.26,-16.431,8.893,-130.9,-0.01,-,,,0.50,-0.1,0.6,4106
82.31,-16.431,8.893,-130.9,-0.01,-,,,0.50,-0.1,0.6,4106
82.36,-16.431,8.893,-130.9,-0.01,-,,,0.50,-0.1,0.6,4106
82.41,-16.431,8.893,-130.9,-0.01,-,,,0.50,-0.1,0.6,4106
82.46,-16.431,8.893,-130.9,-0.01,-,,,0.50,-0.1,0.6,4106
82.51,-16.431,8.893,-130.9,-0.01,-,,,0.50,-0.1,0.6,4106
82.56,-16.431,8.893,-130.9,-0.01,-,,,0.50,-0.1,0.6,4106
82.61,-16.431,8.893,-130.9,-0.01,-,,,0.50,-0.1,0.6,4106
82.66,-16.431,8.893,-130.9,-0.01,-,,,0.50,-0.1,0.6,4106
82.71,-16.431,8.893,-130.9,-0.01,-,,,0.50,-0.1,0.6,4106
82.76,-16.431,8.893,-130.9,-0.01,-,,,0.50,-0.1,0.6,4106
82.81,-16.431,8.893,-130.9,-0.01,-,,,0.50,-0.1,0.6,4106
82.86,-16.431,8.893,-130.9,-0.01,-,,,0.50,-0.1,0.6,4106
82.91,-16.431,8.893,-130.9,-0.01,-,,,0.50,-0.1,0.6,4106
82.96,-16.431,8.893,-130.9,-0.01,-,,,0.50,-0.1,0.6,4106
83.01,-16.431,8.893,-130.9,-0.01,-,,,0.50,-0.1,0.6,4106
83.06,-16.431,8.893,-130.9,-0.01,-,,,0.50,-0.1,0.6,4106
83.11,-16.431,8.893,-130.9,-0.01,-,,,0.50,-0.1,0.6,4106
83.16,-16.431,8.893,-130.9,-0.01,-,,,0.50,-0.1,0.6,4106
83.21,-16.431,8.893,-130.9,-0.01,-,,,0.50,-0.1,0.6,4106
83.26,-16.431,8.893,-130.9,-0.01,-,,,0.50,-0.1,0.6,4106
83.31,-16.431,8.893,-130.9,-0.01,-,,,0.50,-0.1,0.6,4106
83.36,-16.431,8.893,-130.9,-0.01,-,,,0.50,-0.1,0.6,4106
83.41,-16.431,8.893,-130.9,-0.01,-,,,0.50,-0.1,0.6,4106
83.46,-16.431,8.893,-130.9,-0.01,-,,,0.50,-0.1,0.6,4106
83.51,-16.431,8.893,-130.9,-0.01,-,,,0.50,-0.1,0.6,4106
83.56,-16.431,8.893,-130.9,-0.01,-,,,0.50,-0.1,0.6,4106
83.61,-16.431,8.893,-130.9,-0.01,-,,,0.50,-0.1,0.6,4106
83.66,-16.431,8.893,-130.9,-0.01,-,,,0.50,-0.1,0.6,4106
83.71,-16.431,8.893,-130.9,-0.01,-,,,0.50,-0.1,0.6,4106
83.76,-16.431,8.893,-130.9,-0.01,-,,,0.50,-0.1,0.6,4106
83.81,-16.431,8.893,-130.9,-0.01,-,,,0.50,-0.1,0.6,4106
83.86,-16.431,8.893,-130.9,-0.01,-,,,0.50,-0.1,0.6,4106
83.91,-16.431,8.893,-130.9,-0.01,-,,,0.00,0.0,0.6,4106
83.96,-16.431,8.893,-130.9,-0.01,-,,,0.00,0.0,0.6,4106
84.01,-16.431,8.893,-130.9,-0.01,-,,,0.00,0.0,0.6,4106
84.06,-16.431,8.893,-130.9,-0.01,-,,,0.00,0.0,0.6,4106
84.11,-16.431,8.893,-130.9,-0.01,-,,,0.00,0.0,0.6,4106
84.16,-16.431,8.893,-130.9,-0.01,-,,,0.00,0.0,0.6,4106
84.21,-16.431,8.893,-130.9,-0.01,-,,,0.00,0.0,0.6,4106
84.26,-16.431,8.893,-130.9,-0.01,-,,,0.00,0.0,0.6,4106
84.31,-17.006,9.155,-127.8,0.01,-,,,0.00,0.0,0.6,4106
84.36,-17.007,9.154,-127.8,0.13,-,,,0.00,0.0,0.6,4106
84.41,-17.007,9.155,-127.8,-0.01,-,,,0.00,0.0,0.6,4106
84.46,-17.007,9.155,-127.8,-0.01,-,,,0.00,0.0,0.6,4106
84.51,-17.008,9.155,-127.8,0.00,-,,,0.00,0.0,0.6,4106
84.56,-17.008,9.155,-127.8,0.00,-,,,0.00,0.0,0.6,4106
84.61,-17.008,9.156,-127.8,-0.01,-,,,0.00,0.0,0.6,4106
84.66,-17.008,9.156,-127.8,-0.01,-,,,0.00,0.0,0.6,4106
84.71,-17.007,9.156,-127.8,-0.01,-,,,0.00,0.0,0.6,4106
84.76,-17.007,9.156,-127.8,-0.01,-,,,0.00,0.0,0.6,4106
84.81,-17.007,9.155,-127.8,0.01,-,,,0.00,0.0,0.6,4106
84.86,-17.007,9.155,-127.8,0.01,-,,,0.00,0.0,0.6,4106
84.91,-17.009,9.156,-127.8,0.01,-,,,0.00,0.0,0.6,4106
84.96,-17.009,9.156,-127.8,0.01,-,,,0.00,0.0,0.6,4106
85.01,-17.008,9.155,-127.8,0.01,-,,,0.00,0.0,0.6,4106
85.06,-17.008,9.155,-127.8,0.01,-,,,0.00,0.0,0.6,4106
85.11,-17.008,9.155,-127.8,-0.00,-,,,0.00,0.0,0.6,4106
85.16,-17.008,9.155,-127.8,-0.00,-,,,0.00,0.0,0.6,4106
85.21,-17.008,9.155,-127.8,-0.00,-,,,0.00,0.0,0.6,4106
85.26,-17.008,9.155,-127.8,-0.00,-,,,0.00,0.0,0.6,4106
85.31,-17.006,9.156,-127.8,-0.01,-,,,0.00,0.0,0.6,4106
85.36,-17.006,9.156,-127.8,-0.01,-,,,0.00,0.0,0.6,4106
85.41,-17.004,9.157,-127.8,-0.02,-,,,0.00,0.0,0.6,4106
85.46,-17.004,9.157,-127.8,-0.02,-,,,0.00,0.0,0.6,4106
85.51,-17.006,9.156,-127.8,0.03,-,,,0.00,0.0,0.6,4106
85.56,-17.006,9.156,-127.8,0.03,-,,,0.00,0.0,0.6,4106
85.61,-17.003,9.158,-127.8,-0.03,-,,,0.00,0.0,0.6,4106
85.66,-17.003,9.158,-127.8,-0.03,-,,,0.00,0.0,0.6,4106
85.71,-17.004,9.157,-127.8,0.01,-,,,0.00,0.0,0.6,4106
85.76,-17.004,9.157,-127.8,0.01,-,,,0.00,0.0,0.6,4106
85.81,-17.004,9.156,-127.8,0.00,-,,,0.00,0.0,0.6,4106
85.86,-17.004,9.156,-127.8,0.00,-,,,0.00,0.0,0.6,4106
85.91,-17.004,9.156,-127.8,0.00,-,,,0.00,0.0,0.7,4137
85.96,-17.004,9.156,-127.8,0.00,-,,,0.00,0.0,0.7,4121
86.01,-17.004,9.156,-127.8,0.00,-,,,0.00,0.0,0.7,4137
86.06,-17.004,9.156,-127.8,0.00,-,,,0.00,0.0,0.7,4121
86.11,-17.004,9.158,-127.8,-0.01,-,,,0.00,0.0,0.7,4121
86.16,-17.004,9.158,-127.8,-0.01,-,,,0.00,0.0,0.7,4121
86.21,-17.003,9.158,-127.8,-0.00,-,,,0.00,0.0,0.8,4137
86.26,-17.003,9.158,-127.8,-0.00,-,,,0.00,0.0,0.7,4121
86.31,-17.005,9.157,-127.8,0.01,-,,,0.00,0.0,0.8,4121
86.36,-17.005,9.157,-127.8,0.01,-,,,0.00,0.0,0.7,4121
86.41,-17.004,9.159,-127.8,-0.02,-,,,0.00,0.0,0.7,4137
86.46,-17.004,9.159,-127.8,-0.02,-,,,0.00,0.0,0.7,4121
86.51,-17.004,9.160,-127.8,-0.01,-,,,0.00,0.0,0.7,4137
86.56,-17.004,9.160,-127.8,-0.01,-,,,0.00,0.0,0.8,4121
86.61,-17.003,9.159,-127.8,-0.00,-,,,0.00,0.0,0.7,4121
86.66,-17.003,9.159,-127.8,-0.00,-,,,0.00,0.0,0.7,4121
86.71,-17.004,9.159,-127.8,0.01,-,,,0.00,0.0,0.7,4121
86.76,-17.004,9.159,-127.8,0.01,-,,,0.00,0.0,0.7,4121
86.81,-17.003,9.160,-127.8,-0.01,-,,,0.00,0.0,0.6,4121
86.86,-17.003,9.160,-127.8,-0.01,-,,,0.00,0.0,0.8,4121
86.91,-17.004,9.161,-127.8,-0.00,-,,,0.00,0.0,0.7,4121
86.96,-17.004,9.161,-127.8,-0.00,-,,,0.00,0.0,0.7,4137
87.01,-17.004,9.161,-127.8,-0.00,-,,,0.00,0.0,0.7,4121
87.06,-17.004,9.161,-127.8,-0.00,-,,,0.00,0.0,0.8,4121
87.11,-17.004,9.160,-127.8,0.00,-,,,0.00,0.0,0.7,4137
87.16,-17.004,9.160,-127.8,0.00,-,,,0.00,0.0,0.7,4121
87.21,-17.004,9.162,-127.8,-0.01,-,,,0.00,0.0,0.7,4137
87.26,-17.004,9.162,-127.8,-0.01,-,,,0.00,0.0,0.7,4121
87.31,-17.003,9.159,-127.8,0.02,-,,,0.00,0.0,0.7,4137
87.36,-17.003,9.159,-127.8,0.02,-,,,0.00,0.0,0.7,4137
87.41,-17.003,9.160,-127.8,-0.00,-,,,0.00,0.0,0.7,4137
87.46,-17.003,9.160,-127.8,-0.00,-,,,0.00,0.0,0.7,4121
87.51,-17.004,9.161,-127.8,-0.01,-,,,0.00,0.0,0.7,4121
87.56,-17.004,9.161,-127.8,-0.01,-,,,0.00,0.0,0.8,4121
87.61,-17.004,9.159,-127.8,0.02,-,,,0.00,0.0,0.8,4121
87.66,-17.004,9.159,-127.8,0.02,-,,,0.00,0.0,0.7,4121
87.71,-17.003,9.160,-127.8,-0.01,-,,,0.00,0.0,0.7,4121
87.76,-17.003,9.160,-127.8,-0.01,-,,,0.00,0.0,0.7,4121
87.81,-17.004,9.162,-127.8,-0.01,-,,,0.00,0.0,0.7,4152
87.86,-17.004,9.162,-127.8,-0.01,-,,,0.00,0.0,0.8,4137
87.91,-17.004,9.160,-127.8,0.01,-,,,0.00,0.0,0.7,4137
87.96,-17.004,9.160,-127.8,0.01,-,,,0.00,0.0,0.8,4121
88.01,-17.004,9.160,-127.8,0.01,-,,,0.00,0.0,0.7,4121
88.06,-17.004,9.160,-127.8,0.01,-,,,0.00,0.0,0.7,4121
88.11,-17.003,9.161,-127.8,-0.01,-,,,0.00,0.0,0.7,4137
88.16,-17.003,9.161,-127.8,-0.01,-,,,0.00,0.0,0.8,4121
88.21,-17.003,9.161,-127.8,0.01,-,,,0.00,0.0,0.7,4137
88.26,-17.003,9.161,-127.8,0.01,-,,,0.00,0.0,0.7,4121
88.31,-17.004,9.160,-127.8,0.01,-,,,0.00,0.0,0.8,4137
88.36,-17.004,9.160,-127.8,0.01,-,,,0.00,0.0,0.7,4121
88.41,-17.004,9.161,-127.8,-0.01,-,,,0.00,0.0,0.7,4121
88.46,-17.004,9.161,-127.8,-0.01,-,,,0.00,0.0,0.8,4121
88.51,-17.006,9.159,-127.8,0.02,-,,,0.00,0.0,0.7,4137
88.56,-17.006,9.159,-127.8,0.02,-,,,0.00,0.0,0.7,4137
88.61,-17.005,9.162,-127.8,-0.02,-,,,0.00,0.0,0.7,4137
88.66,-17.005,9.162,-127.8,-0.02,-,,,0.00,0.0,0.7,4137
88.71,-17.004,9.161,-127.8,-0.00,-,,,0.00,0.0,0.7,4121
88.76,-17.004,9.161,-127.8,-0.00,-,,,0.00,0.0,0.8,4137
88.81,-17.005,9.159,-127.8,0.02,-,,,0.00,0.0,0.6,4121
88.86,-17.005,9.159,-127.8,0.02,-,,,0.00,0.0,0.7,4121
88.91,-17.006,9.160,-127.8,0.00,-,,,0.00,0.0,0.7,4121
88.96,-17.006,9.160,-127.8,0.00,-,,,0.00,0.0,0.7,4137
89.01,-17.006,9.160,-127.8,0.00,-,,,0.00,0.0,0.7,4121
89.06,-17.006,9.160,-127.8,0.00,-,,,0.00,0.0,0.7,4121
89.11,-17.006,9.161,-127.8,-0.00,-,,,0.00,0.0,0.8,4121
89.16,-17.006,9.161,-127.8,-0.00,-,,,0.00,0.0,0.8,4121
89.21,-17.007,9.160,-127.8,0.01,-,,,0.00,0.0,0.8,4121
89.26,-17.007,9.160,-127.8,0.01,-,,,0.00,0.0,0.8,4121
89.31,-17.007,9.161,-127.8,-0.01,-,,,0.00,0.0,0.7,4121
89.36,-17.007,9.161,-127.8,-0.01,-,,,0.00,0.0,0.7,4137
89.41,-17.007,9.160,-127.8,0.01,-,,,0.00,0.0,0.7,4121
89.46,-17.007,9.160,-127.8,0.01,-,,,0.00,0.0,0.8,4137
89.51,-17.005,9.160,-127.8,-0.01,-,,,0.00,0.0,0.7,4121
89.56,-17.005,9.160,-127.8,-0.01,-,,,0.00,0.0,0.7,4137
89.61,-17.005,9.162,-127.8,-0.01,-,,,0.00,0.0,0.6,4137
89.66,-17.005,9.162,-127.8,-0.01,-,,,0.00,0.0,0.7,4121
89.71,-17.005,9.161,-127.8,0.00,-,,,0.00,0.0,0.8,4121
89.76,-17.005,9.161,-127.8,0.00,-,,,0.00,0.0,0.7,4137
89.81,-17.005,9.162,-127.8,-0.00,-,,,0.00,0.0,0.7,4106
89.86,-17.005,9.162,-127.8,-0.00,-,,,0.00,0.0,0.6,4121
89.91,-17.004,9.162,-127.8,-0.00,-,,,0.00,0.0,0.7,4121
89.96,-17.004,9.162,-127.8,-0.00,-,,,0.00,0.0,0.7,4121
90.01,-17.004,9.162,-127.8,-0.00,-,,,0.00,0.0,0.7,4121
90.06,-17.004,9.162,-127.8,-0.00,-,,,0.00,0.0,0.7,4121
90.11,-17.005,9.161,-127.8,0.00,-,,,0.00,0.0,0.7,4121
90.16,-17.005,9.161,-127.8,0.00,-,,,0.00,0.0,0.7,4121
90.21,-17.004,9.161,-127.8,-0.01,-,,,0.00,0.0,0.7,4121
90.26,-17.004,9.161,-127.8,-0.01,-,,,0.00,0.0,0.7,4137
90.31,-17.004,9.162,-127.8,-0.01,-,,,0.00,0.0,0.7,4121
90.36,-17.004,9.162,-127.8,-0.01,-,,,0.00,0.0,0.7,4121
90.41,-17.005,9.162,-127.8,0.01,-,,,0.00,0.0,0.7,4121
90.46,-17.005,9.162,-127.8,0.01,-,,,0.00,0.0,0.8,4121
90.51,-17.006,9.162,-127.8,0.00,-,,,0.00,0.0,0.7,4121
90.56,-17.006,9.162,-127.8,0.00,-,,,0.00,0.0,0.7,4137
90.61,-17.005,9.160,-127.8,0.01,-,,,0.00,0.0,0.7,4121
90.66,-17.005,9.160,-127.8,0.01,-,,,0.00,0.0,0.7,4137
90.71,-17.004,9.161,-127.8,-0.01,-,,,0.00,0.0,0.7,4121
90.76,-17.004,9.161,-127.8,-0.01,-,,,0.00,0.0,0.8,4121
90.81,-17.005,9.161,-127.8,0.01,-,,,0.00,0.0,0.7,4137
90.86,-17.005,9.161,-127.8,0.01,-,,,0.00,0.0,0.7,4121
90.91,-17.005,9.160,-127.8,0.01,-,,,0.00,0.0,0.7,4106
90.96,-17.005,9.160,-127.8,0.01,-,,,0.00,0.0,0.7,4137
91.01,-17.005,9.160,-127.8,0.01,-,,,0.00,0.0,0.7,4121
91.06,-17.005,9.160,-127.8,0.01,-,,,0.00,0.0,0.8,4121
91.11,-17.005,9.161,-127.8,-0.01,-,,,0.00,0.0,0.7,4121
91.16,-17.005,9.161,-127.8,-0.01,-,,,0.00,0.0,0.7,4137
91.21,-17.004,9.162,-127.8,-0.01,-,,,0.00,0.0,0.7,4106
91.26,-17.004,9.162,-127.8,-0.01,-,,,0.00,0.0,0.8,4137
91.31,-17.004,9.162,-127.8,0.00,-,,,0.00,0.0,0.7,4121
91.36,-17.004,9.162,-127.8,0.00,-,,,0.00,0.0,0.7,4137
91.41,-17.004,9.162,-127.8,-0.00,-,,,0.00,0.0,0.6,4121
91.46,-17.004,9.162,-127.8,-0.00,-,,,0.00,0.0,0.7,4121
91.51,-17.004,9.162,-127.8,-0.01,-,,,0.00,0.0,0.7,4106
91.56,-17.004,9.162,-127.8,-0.01,-,,,0.00,0.0,0.7,4121
91.61,-17.004,9.162,-127.8,0.00,-,,,0.00,0.0,0.7,4121
91.66,-17.004,9.162,-127.8,0.00,-,,,0.00,0.0,0.7,4121
91.71,-17.004,9.160,-127.8,0.02,-,,,0.00,0.0,0.7,4137
91.76,-17.004,9.160,-127.8,0.02,-,,,0.00,0.0,0.8,4121
91.81,-17.005,9.162,-127.8,-0.01,-,,,0.00,0.0,0.8,4121
91.86,-17.005,9.162,-127.8,-0.01,-,,,0.00,0.0,0.7,4121
91.91,-17.006,9.161,-127.8,0.01,-,,,0.00,0.0,0.7,4121
91.96,-17.006,9.161,-127.8,0.01,-,,,0.00,0.0,0.7,4121
92.01,-17.006,9.161,-127.8,0.01,-,,,0.00,0.0,0.7,4121
92.06,-17.006,9.161,-127.8,0.01,-,,,0.00,0.0,0.8,4121
92.11,-17.007,9.160,-127.8,0.01,-,,,0.00,0.0,0.8,4121
92.16,-17.007,9.160,-127.8,0.01,-,,,0.00,0.0,0.7,4137
92.21,-17.006,9.159,-127.8,0.00,-,,,0.00,0.0,0.7,4121
92.26,-17.006,9.159,-127.8,0.00,-,,,0.00,0.0,0.7,4121
92.31,-17.006,9.160,-127.7,-0.01,-,,,0.00,0.0,0.7,4137
92.36,-17.006,9.160,-127.8,-0.01,-,,,0.00,0.0,0.7,4137
92.41,-17.006,9.159,-127.8,0.01,-,,,0.00,0.0,0.7,4137
92.46,-17.006,9.159,-127.7,0.01,-,,,0.00,0.0,0.8,4121
92.51,-17.005,9.160,-127.8,-0.01,-,,,0.00,0.0,0.7,4121
92.56,-17.005,9.160,-127.8,-0.01,-,,,0.00,0.0,0.7,4121
92.61,-17.005,9.160,-127.8,0.00,-,,,0.00,0.0,0.8,4121
92.66,-17.005,9.160,-127.8,0.00,-,,,0.00,0.0,0.7,4121
92.71,-17.005,9.159,-127.8,0.01,-,,,0.00,0.0,0.7,4121
92.76,-17.005,9.159,-127.8,0.01,-,,,0.00,0.0,0.6,4137
92.81,-17.006,9.161,-127.8,-0.00,-,,,0.00,0.0,0.7,4121
92.86,-17.006,9.161,-127.8,-0.00,-,,,0.00,0.0,0.7,4121
92.91,-17.006,9.161,-127.7,-0.00,-,,,0.00,0.0,0.7,4121
92.96,-17.006,9.161,-127.8,0.00,-,,,0.00,0.0,0.7,4121
93.01,-17.006,9.161,-127.8,0.00,-,,,0.00,0.0,0.7,4121
93.06,-17.006,9.161,-127.7,0.00,-,,,0.00,0.0,0.7,4137
93.11,-17.004,9.162,-127.7,-0.01,-,,,0.00,0.0,0.7,4137
93.16,-17.004,9.162,-127.7,-0.01,-,,,0.00,0.0,0.7,4137
93.21,-17.004,9.163,-127.8,-0.01,-,,,0.00,0.0,0.7,4121
93.26,-17.004,9.163,-127.8,-0.01,-,,,0.00,0.0,0.7,4121
93.31,-17.006,9.161,-127.7,0.03,-,,,0.00,0.0,0.7,4121
93.36,-17.006,9.161,-127.8,0.03,-,,,0.00,0.0,0.7,4121
93.41,-17.005,9.160,-127.7,0.00,-,,,0.00,0.0,0.8,4137
93.46,-17.005,9.160,-127.8,0.00,-,,,0.00,0.0,0.7,4137
93.51,-17.004,9.161,-127.8,-0.01,-,,,0.00,0.0,0.7,4137
93.56,-17.004,9.161,-127.8,-0.01,-,,,0.00,0.0,0.7,4121
93.61,-17.005,9.160,-127.8,0.01,-,,,0.00,0.0,0.8,4106
93.66,-17.005,9.160,-127.8,0.01,-,,,0.00,0.0,0.7,4121
93.71,-17.005,9.161,-127.8,-0.01,-,,,0.00,0.0,0.8,4137
93.76,-17.005,9.161,-127.8,-0.01,-,,,0.00,0.0,0.7,4121
93.81,-17.005,9.160,-127.7,0.01,-,,,0.00,0.0,0.7,4121
93.86,-17.005,9.160,-127.8,0.01,-,,,0.00,0.0,0.7,4137
93.91,-17.006,9.160,-127.8,0.01,-,,,0.00,0.0,0.7,4137
93.96,-17.006,9.160,-127.8,0.01,-,,,0.00,0.0,0.8,4106
94.01,-17.005,9.160,-127.8,-0.00,-,,,0.00,0.0,0.7,4137
94.06,-17.005,9.160,-127.8,-0.00,-,,,0.00,0.0,0.7,4137
94.11,-17.006,9.161,-127.8,-0.00,-,,,0.00,0.0,0.8,4121
94.16,-17.006,9.161,-127.8,-0.00,-,,,0.00,0.0,0.7,4137
94.21,-17.006,9.161,-127.8,-0.00,-,,,0.00,0.0,0.7,4137
94.26,-17.006,9.161,-127.8,-0.00,-,,,0.00,0.0,0.7,4121
94.31,-17.006,9.161,-127.8,-0.00,-,,,0.00,0.0,0.8,4121
94.36,-17.006,9.161,-127.8,-0.00,-,,,0.00,0.0,0.7,4106
94.41,-17.006,9.161,-127.8,0.00,-,,,0.00,0.0,0.7,4137
94.46,-17.006,9.161,-127.8,0.00,-,,,0.00,0.0,0.8,4137
94.51,-17.007,9.160,-127.8,0.02,-,,,0.00,0.0,0.6,4137
94.56,-17.007,9.160,-127.8,0.02,-,,,0.00,0.0,0.7,4137
94.61,-17.008,9.161,-127.8,-0.01,-,,,0.00,0.0,0.8,4121
94.66,-17.008,9.161,-127.8,-0.01,-,,,0.00,0.0,0.8,4121
94.71,-17.007,9.163,-127.8,-0.02,-,,,0.00,0.0,0.7,4121
94.76,-17.007,9.163,-127.8,-0.02,-,,,0.00,0.0,0.7,4106
94.81,-17.009,9.161,-127.8,0.03,-,,,0.00,0.0,0.7,4137
94.86,-17.009,9.161,-127.8,0.03,-,,,0.00,0.0,0.7,4137
94.91,-17.009,9.161,-127.8,0.03,-,,,0.00,0.0,0.7,4121
94.96,-17.006,9.160,-127.8,-0.00,-,,,0.00,0.0,0.8,4137
95.01,-17.006,9.160,-127.8,-0.00,-,,,0.00,0.0,0.7,4121
95.06,-17.006,9.160,-127.8,-0.00,-,,,0.00,0.0,0.7,4121
95.11,-17.006,9.161,-127.8,-0.01,-,,,0.00,0.0,0.7,4121
95.16,-17.006,9.161,-127.8,-0.01,-,,,0.00,0.0,0.8,4121
95.21,-17.007,9.159,-127.8,0.02,-,,,0.00,0.0,0.8,4121
95.26,-17.007,9.159,-127.8,0.02,-,,,0.00,0.0,0.7,4106
95.31,-17.006,9.160,-127.8,-0.02,-,,,0.00,0.0,0.7,4137
95.36,-17.006,9.160,-127.8,-0.02,-,,,0.00,0.0,0.7,4121
95.41,-17.005,9.157,-127.8,0.02,-,,,0.00,0.0,0.7,4137
95.46,-17.005,9.157,-127.8,0.02,-,,,0.00,0.0,0.7,4121
95.51,-17.004,9.157,-127.8,-0.00,-,,,0.00,0.0,0.7,4121
95.56,-17.004,9.157,-127.8,-0.00,-,,,0.00,0.0,0.7,4121
95.61,-17.002,9.157,-127.8,-0.01,-,,,0.00,0.0,0.7,4137
95.66,-17.002,9.157,-127.8,-0.01,-,,,0.00,0.0,0.7,4106
95.71,-17.002,9.156,-127.7,0.01,-,,,0.00,0.0,0.7,4121
95.76,-17.002,9.156,-127.7,0.01,-,,,0.00,0.0,0.7,4121
95.81,-17.002,9.155,-127.7,0.01,-,,,0.00,0.0,0.7,4121
95.86,-17.002,9.155,-127.7,0.01,-,,,0.00,0.0,0.7,4121
95.91,-17.001,9.155,-127.7,-0.01,-,,,0.00,0.0,0.7,4137
95.96,-17.001,9.155,-127.7,-0.01,-,,,0.00,0.0,0.8,4121
96.01,-17.001,9.155,-127.7,-0.01,-,,,0.00,0.0,0.7,4121
96.06,-17.001,9.155,-127.8,-0.01,-,,,0.00,0.0,0.7,4121
96.11,-17.004,9.153,-127.8,0.02,-,,,0.00,0.0,0.6,4137
96.16,-17.004,9.153,-127.8,0.02,-,,,0.00,0.0,0.7,4121
96.21,-16.999,9.154,-127.7,-0.04,-,,,0.00,0.0,0.7,4121
96.26,-16.999,9.154,-127.7,-0.04,-,,,0.00,0.0,0.7,4121
96.31,-17.000,9.156,-127.7,-0.01,-,,,0.00,0.0,0.7,4137
96.36,-17.000,9.156,-127.7,-0.01,-,,,0.00,0.0,0.7,4137
96.41,-17.003,9.158,-127.7,0.01,-,,,0.00,0.0,0.8,4137
96.46,-17.003,9.158,-127.7,0.01,-,,,0.00,0.0,0.6,4121
96.51,-17.000,9.155,-127.8,0.00,-,,,0.00,0.0,0.7,4121
96.56,-17.000,9.155,-127.7,0.00,-,,,0.00,0.0,0.7,4121
96.61,-17.001,9.156,-127.7,-0.01,-,,,0.00,0.0,0.7,4137
96.66,-17.001,9.156,-127.7,-0.01,-,,,0.00,0.0,0.8,4121
96.71,-17.005,9.156,-127.7,0.02,-,,,0.00,0.0,0.7,4137
96.76,-17.005,9.156,-127.7,0.02,-,,,0.00,0.0,0.7,4106
96.81,-17.004,9.152,-127.7,0.03,-,,,0.00,0.0,0.8,4121
96.86,-17.004,9.152,-127.7,0.03,-,,,0.00,0.0,0.7,4137
96.91,-17.004,9.152,-127.7,0.03,-,,,0.00,0.0,0.7,4121
96.96,-17.001,9.152,-127.7,-0.01,-,,,0.00,0.0,0.7,4106
97.01,-17.001,9.152,-127.7,-0.01,-,,,0.00,0.0,0.7,4121
97.06,-17.001,9.152,-127.7,-0.01,-,,,0.00,0.0,0.7,4121
97.11,-17.003,9.155,-127.7,-0.01,-,,,0.00,0.0,0.7,4121
97.16,-17.003,9.155,-127.7,-0.01,-,,,0.00,0.0,0.7,4121
97.21,-17.004,9.155,-127.7,0.01,-,,,0.00,0.0,0.7,4121
97.26,-17.004,9.155,-127.7,0.01,-,,,0.00,0.0,0.7,4137
97.31,-17.004,9.155,-127.7,0.01,-,,,0.00,0.0,0.7,4137
97.36,-17.004,9.155,-127.7,0.01,-,,,0.00,0.0,0.8,4137
97.41,-16.999,9.156,-127.7,-0.02,-,,,0.00,0.0,0.7,4121
97.46,-16.999,9.156,-127.7,-0.02,-,,,0.00,0.0,0.7,4121
97.51,-17.000,9.154,-127.7,0.03,-,,,0.00,0.0,0.7,4121
97.56,-17.000,9.154,-127.7,0.03,-,,,0.00,0.0,0.6,4137
97.61,-17.001,9.157,-127.7,-0.01,-,,,0.00,0.0,0.7,4137
97.66,-17.001,9.157,-127.7,-0.01,-,,,0.00,0.0,0.7,4121
97.71,-17.003,9.159,-127.7,0.00,-,,,0.00,0.0,0.7,4137
97.76,-17.003,9.159,-127.7,0.00,-,,,0.00,0.0,0.7,4121
97.81,-17.005,9.155,-127.7,0.04,-,,,0.00,0.0,0.7,4121
97.86,-17.005,9.155,-127.7,0.04,-,,,0.00,0.0,0.7,4121
97.91,-17.006,9.156,-127.7,-0.00,-,,,0.00,0.0,0.7,4106
97.96,-17.006,9.156,-127.7,-0.00,-,,,0.00,0.0,0.7,4121
98.01,-17.006,9.156,-127.7,-0.00,-,,,0.00,0.0,0.7,4121
98.06,-17.006,9.156,-127.7,-0.00,-,,,0.00,0.0,0.7,4137
98.11,-17.005,9.157,-127.7,-0.01,-,,,0.00,0.0,0.7,4121
98.16,-17.005,9.157,-127.7,-0.01,-,,,0.00,0.0,0.7,4121
98.21,-17.005,9.157,-127.7,0.00,-,,,0.00,0.0,0.7,4121
98.26,-17.005,9.157,-127.7,0.00,-,,,0.00,0.0,0.7,4137
98.31,-17.007,9.156,-127.7,0.01,-,,,0.00,0.0,0.8,4121
98.36,-17.007,9.156,-127.7,0.01,-,,,0.00,0.0,0.6,4121
98.41,-17.005,9.155,-127.7,-0.01,-,,,0.00,0.0,0.8,4106
98.46,-17.005,9.155,-127.7,-0.01,-,,,0.00,0.0,0.7,4121
98.51,-17.004,9.154,-127.7,0.01,-,,,0.00,0.0,0.7,4121
98.56,-17.004,9.154,-127.7,0.01,-,,,0.00,0.0,0.7,4137
98.61,-17.005,9.154,-127.7,0.00,-,,,0.00,0.0,0.7,4121
98.66,-17.005,9.154,-127.7,0.00,-,,,0.00,0.0,0.8,4121
98.71,-17.005,9.154,-127.7,-0.00,-,,,0.00,0.0,0.7,4121
98.76,-17.005,9.154,-127.7,-0.00,-,,,0.00,0.0,0.7,4137
98.81,-17.004,9.154,-127.7,-0.01,-,,,0.00,0.0,0.7,4121
98.86,-17.004,9.154,-127.7,-0.01,-,,,0.00,0.0,0.7,4137
98.91,-17.004,9.154,-127.7,-0.01,-,,,0.00,0.0,0.7,4121
98.96,-17.004,9.154,-127.7,0.00,-,,,0.00,0.0,0.7,4137
99.01,-17.004,9.154,-127.7,0.00,-,,,0.00,0.0,0.7,4121
99.06,-17.004,9.154,-127.7,0.00,-,,,0.00,0.0,0.7,4121
99.11,-17.004,9.155,-127.7,-0.01,-,,,0.00,0.0,0.7,4121
99.16,-17.004,9.155,-127.7,-0.01,-,,,0.00,0.0,0.7,4121
99.21,-17.002,9.155,-127.7,-0.01,-,,,0.00,0.0,0.8,4121
99.26,-17.002,9.155,-127.7,-0.01,-,,,0.00,0.0,0.7,4137
99.31,-17.003,9.157,-127.7,-0.01,-,,,0.00,0.0,0.7,4137
99.36,-17.003,9.157,-127.7,-0.01,-,,,0.00,0.0,0.8,4121
99.41,-17.001,9.158,-127.7,-0.02,-,,,0.00,0.0,0.7,4121
99.46,-17.001,9.158,-127.7,-0.02,-,,,0.00,0.0,0.7,4137
99.51,-17.004,9.154,-127.7,0.05,-,,,0.00,0.0,0.7,4106
99.56,-17.004,9.154,-127.7,0.05,-,,,0.00,0.0,0.8,4137
99.61,-17.004,9.155,-127.7,-0.01,-,,,0.00,0.0,0.8,4121
99.66,-17.004,9.155,-127.7,-0.01,-,,,0.00,0.0,0.7,4121
99.71,-17.003,9.156,-127.7,-0.02,-,,,0.00,0.0,0.7,4121
99.76,-17.003,9.156,-127.7,-0.02,-,,,0.00,0.0,0.7,4137
99.81,-17.003,9.157,-127.7,-0.00,-,,,0.00,0.0,0.7,4121
99.86,-17.003,9.157,-127.7,-0.00,-,,,0.00,0.0,0.7,4137
99.91,-17.003,9.158,-127.7,-0.01,-,,,0.00,0.0,0.7,4121
99.96,-17.003,9.158,-127.7,-0.01,-,,,0.00,0.0,0.7,4121
100.01,-17.003,9.158,-127.7,-0.01,-,,,0.00,0.0,0.7,4137
100.06,-17.003,9.158,-127.7,-0.01,-,,,0.00,0.0,0.7,4137
100.11,-17.005,9.157,-127.7,0.01,-,,,0.00,0.0,0.7,4121
100.16,-17.005,9.157,-127.7,0.01,-,,,0.00,0.0,0.8,4137
100.21,-17.002,9.158,-127.7,-0.03,-,,,0.00,0.0,0.7,4121
100.26,-17.002,9.158,-127.7,-0.03,-,,,0.00,0.0,0.7,4106
100.31,-17.004,9.158,-127.7,0.01,-,,,0.00,0.0,0.7,4137
100.36,-17.004,9.158,-127.7,0.01,-,,,0.00,0.0,0.7,4121
100.41,-17.005,9.157,-127.7,0.01,-,,,0.00,0.0,0.7,4121
100.46,-17.005,9.157,-127.7,0.01,-,,,0.00,0.0,0.8,4121
100.51,-17.004,9.156,-127.7,0.01,-,,,0.00,0.0,0.7,4137
100.56,-17.004,9.156,-127.7,0.01,-,,,0.00,0.0,0.7,4137
100.61,-17.003,9.159,-127.7,-0.04,-,,,0.00,0.0,0.7,4121
100.66,-17.003,9.159,-127.7,-0.04,-,,,0.00,0.0,0.8,4121
100.71,-17.005,9.156,-127.7,0.04,-,,,0.00,0.0,0.7,4152
100.76,-17.005,9.156,-127.7,0.04,-,,,0.00,0.0,0.7,4137
100.81,-17.005,9.156,-127.7,0.00,-,,,0.00,0.0,0.7,4137
100.86,-17.005,9.156,-127.7,0.00,-,,,0.00,0.0,0.7,4137
100.91,-17.006,9.155,-127.7,0.01,-,,,0.00,0.0,0.7,4121
100.96,-17.006,9.155,-127.7,0.01,-,,,0.00,0.0,0.7,4137
101.01,-17.006,9.155,-127.7,0.01,-,,,0.00,0.0,0.8,4137
101.06,-17.006,9.155,-127.7,0.01,-,,,0.00,0.0,0.8,4121
101.11,-17.004,9.158,-127.7,-0.02,-,,,0.00,0.0,0.8,4137
101.16,-17.004,9.158,-127.7,-0.02,-,,,0.00,0.0,0.7,4121
101.21,-17.002,9.155,-127.7,0.02,-,,,0.00,0.0,0.8,4121
101.26,-17.002,9.155,-127.7,0.02,-,,,0.00,0.0,0.7,4137
101.31,-17.003,9.155,-127.7,-0.00,-,,,0.00,0.0,0.8,4121
101.36,-17.003,9.155,-127.7,-0.00,-,,,0.00,0.0,0.7,4121
101.41,-17.004,9.156,-127.7,-0.01,-,,,0.00,0.0,0.7,4137
101.46,-17.004,9.156,-127.7,-0.01,-,,,0.00,0.0,0.8,4137
101.51,-17.004,9.156,-127.7,0.01,-,,,0.00,0.0,0.7,4121
101.56,-17.004,9.156,-127.7,0.01,-,,,0.00,0.0,0.7,4137
101.61,-17.002,9.157,-127.7,-0.02,-,,,0.00,0.0,0.7,4137
101.66,-17.002,9.157,-127.7,-0.02,-,,,0.00,0.0,0.6,4137
101.71,-17.004,9.155,-127.7,0.02,-,,,0.00,0.0,0.7,4137
101.76,-17.004,9.155,-127.7,0.02,-,,,0.00,0.0,0.7,4121
101.81,-17.003,9.157,-127.7,-0.02,-,,,0.00,0.0,0.7,4137
101.86,-17.003,9.157,-127.7,-0.02,-,,,0.00,0.0,0.7,4137
101.91,-17.003,9.155,-127.7,0.01,-,,,0.00,0.0,0.7,4137
101.96,-17.003,9.155,-127.7,0.01,-,,,0.00,0.0,0.7,4121
102.01,-17.003,9.155,-127.7,0.01,-,,,0.00,0.0,0.7,4137
102.06,-17.003,9.155,-127.7,0.01,-,,,0.00,0.0,0.7,4106
102.11,-17.004,9.158,-127.7,-0.01,-,,,0.00,0.0,0.8,4137
102.16,-17.004,9.158,-127.7,-0.01,-,,,0.00,0.0,0.8,4137
102.21,-17.004,9.156,-127.7,0.02,-,,,0.00,0.0,0.7,4137
102.26,-17.004,9.156,-127.7,0.02,-,,,0.00,0.0,0.7,4137
102.31,-17.004,9.153,-127.7,0.02,-,,,0.00,0.0,0.7,4137
102.36,-17.004,9.153,-127.7,0.02,-,,,0.00,0.0,0.7,4106
102.41,-17.006,9.155,-127.7,0.00,-,,,0.00,0.0,0.7,4137
102.46,-17.006,9.155,-127.7,0.00,-,,,0.00,0.0,0.7,4137
102.51,-17.005,9.155,-127.7,-0.01,-,,,0.00,0.0,0.7,4121
102.56,-17.005,9.155,-127.7,-0.01,-,,,0.00,0.0,0.7,4121
102.61,-17.005,9.153,-127.7,0.01,-,,,0.00,0.0,0.7,4137
102.66,-17.005,9.153,-127.7,0.01,-,,,0.00,0.0,0.7,4121
102.71,-17.005,9.153,-127.7,-0.00,-,,,0.00,0.0,0.8,4137
102.76,-17.005,9.153,-127.7,-0.00,-,,,0.00,0.0,0.8,4137
102.81,-17.006,9.154,-127.7,-0.00,-,,,0.00,0.0,0.7,4121
102.86,-17.006,9.154,-127.7,-0.00,-,,,0.00,0.0,0.7,4137
102.91,-17.005,9.154,-127.7,-0.00,-,,,0.00,0.0,0.7,4137
102.96,-17.005,9.154,-127.7,-0.00,-,,,0.00,0.0,0.6,4137
103.01,-17.004,9.154,-127.7,-0.01,-,,,0.00,0.0,0.7,4121
103.06,-17.004,9.154,-127.7,-0.01,-,,,0.00,0.0,0.8,4121
103.11,-17.006,9.153,-127.7,0.02,-,,,0.00,0.0,0.7,4137
103.16,-17.006,9.153,-127.7,0.02,-,,,0.00,0.0,0.7,4137
103.21,-17.006,9.153,-127.7,0.02,-,,,0.00,0.0,0.7,4137
103.26,-17.006,9.153,-127.7,0.02,-,,,0.00,0.0,0.7,4121
103.31,-17.005,9.154,-127.7,-0.01,-,,,0.00,0.0,0.7,4121
103.36,-17.005,9.154,-127.7,-0.01,-,,,0.00,0.0,0.7,4121
103.41,-17.004,9.154,-127.7,-0.01,-,,,0.00,0.0,0.7,4137
103.46,-17.004,9.154,-127.7,-0.01,-,,,0.00,0.0,0.7,4137
103.51,-17.004,9.156,-127.7,-0.01,-,,,0.00,0.0,0.7,4137
103.56,-17.004,9.156,-127.7,-0.01,-,,,0.00,0.0,0.7,4137
103.61,-17.002,9.156,-127.7,-0.01,-,,,0.00,0.0,0.7,4137
103.66,-17.002,9.156,-127.7,-0.01,-,,,0.00,0.0,0.7,4137
103.71,-17.003,9.157,-127.7,-0.01,-,,,0.00,0.0,0.7,4137
103.76,-17.003,9.157,-127.7,-0.01,-,,,0.00,0.0,0.7,4137
103.81,-17.002,9.157,-127.7,-0.00,-,,,0.00,0.0,0.7,4121
103.86,-17.002,9.157,-127.7,-0.00,-,,,0.00,0.0,0.7,4137
103.91,-17.001,9.155,-127.7,0.01,-,,,0.00,0.0,0.7,4121
103.96,-17.001,9.155,-127.7,0.01,-,,,0.00,0.0,0.8,4121
104.01,-17.001,9.155,-127.7,0.01,-,,,0.00,0.0,0.8,4121
104.06,-17.001,9.155,-127.7,0.01,-,,,0.00,0.0,0.8,4121
104.11,-17.001,9.158,-127.7,-0.01,-,,,0.00,0.0,0.7,4137
104.16,-17.001,9.158,-127.7,-0.01,-,,,0.00,0.0,0.7,4137
104.21,-17.001,9.156,-127.7,0.01,-,,,0.00,0.0,0.7,4121
104.26,-17.001,9.156,-127.7,0.01,-,,,0.00,0.0,0.7,4121
104.31,-17.003,9.157,-127.7,0.01,-,,,0.00,0.0,0.7,4137
104.36,-17.003,9.157,-127.7,0.01,-,,,0.00,0.0,0.7,4137
104.41,-17.002,9.156,-127.7,-0.00,-,,,0.00,0.0,0.8,4121
104.46,-17.002,9.156,-127.7,-0.00,-,,,0.00,0.0,0.7,4137
104.51,-17.002,9.156,-127.7,-0.00,-,,,0.00,0.0,0.7,4121
104.56,-17.002,9.156,-127.7,-0.00,-,,,0.00,0.0,0.8,4121
104.61,-17.002,9.157,-127.7,-0.01,-,,,0.00,0.0,0.7,4137
104.66,-17.002,9.157,-127.7,-0.01,-,,,0.00,0.0,0.6,4121
104.71,-17.003,9.156,-127.7,0.02,-,,,0.00,0.0,0.7,4121
104.76,-17.003,9.156,-127.7,0.02,-,,,0.00,0.0,0.8,4121
104.81,-17.003,9.157,-127.7,-0.01,-,,,0.00,0.0,0.6,4137
104.86,-17.003,9.157,-127.7,-0.01,-,,,0.00,0.0,0.7,4137
104.91,-17.003,9.157,-127.7,-0.01,-,,,0.00,0.0,0.7,4121
104.96,-17.002,9.156,-127.7,0.00,-,,,0.00,0.0,0.7,4137
105.01,-17.002,9.156,-127.7,0.00,-,,,0.00,0.0,0.7,4121
105.06,-17.002,9.156,-127.7,0.00,-,,,0.00,0.0,0.7,4121
105.11,-17.002,9.158,-127.7,-0.01,-,,,0.00,0.0,0.7,4137
105.16,-17.002,9.158,-127.7,-0.01,-,,,0.00,0.0,0.6,4121
105.21,-17.003,9.156,-127.7,0.01,-,,,0.00,0.0,0.7,4121
105.26,-17.003,9.156,-127.7,0.01,-,,,0.00,0.0,0.6,4137
105.31,-17.003,9.156,-127.7,0.01,-,,,0.00,0.0,0.8,4121
105.36,-17.003,9.156,-127.7,0.01,-,,,0.00,0.0,0.7,4121
105.41,-17.003,9.156,-127.7,-0.00,-,,,0.00,0.0,0.7,4137
105.46,-17.003,9.156,-127.7,-0.00,-,,,0.00,0.0,0.8,4137
105.51,-17.002,9.156,-127.7,-0.00,-,,,0.00,0.0,0.7,4121
105.56,-17.002,9.156,-127.7,-0.00,-,,,0.00,0.0,0.8,4137
105.61,-17.003,9.156,-127.7,0.00,-,,,0.00,0.0,0.7,4137
105.66,-17.003,9.156,-127.7,0.00,-,,,0.00,0.0,0.7,4121
105.71,-17.002,9.157,-127.7,-0.01,-,,,0.00,0.0,0.7,4137
105.76,-17.002,9.157,-127.7,-0.01,-,,,0.00,0.0,0.8,4137
105.81,-17.003,9.155,-127.7,0.02,-,,,0.00,0.0,0.7,4106
105.86,-17.003,9.155,-127.7,0.02,-,,,0.00,0.0,0.8,4137
105.91,-17.002,9.157,-127.7,-0.01,-,,,0.00,0.0,0.7,4137
105.96,-17.002,9.157,-127.7,-0.01,-,,,0.00,0.0,0.7,4137
106.01,-17.002,9.157,-127.7,-0.01,-,,,0.00,0.0,0.7,4137
106.06,-17.002,9.157,-127.7,-0.01,-,,,0.00,0.0,0.7,4121
106.11,-17.002,9.157,-127.7,-0.00,-,,,0.00,0.0,0.7,4121
106.16,-17.002,9.157,-127.7,-0.00,-,,,0.00,0.0,0.8,4137
106.21,-17.002,9.156,-127.7,0.01,-,,,0.00,0.0,0.7,4121
106.26,-17.002,9.156,-127.7,0.01,-,,,0.00,0.0,0.7,4137
106.31,-17.002,9.155,-127.7,0.01,-,,,0.00,0.0,0.8,4137
106.36,-17.002,9.155,-127.7,0.01,-,,,0.00,0.0,0.7,4121
106.41,-17.001,9.157,-127.7,-0.02,-,,,0.00,0.0,0.7,4121
106.46,-17.001,9.157,-127.7,-0.02,-,,,0.00,0.0,0.7,4137
106.51,-17.002,9.155,-127.7,0.02,-,,,0.00,0.0,0.7,4137
106.56,-17.002,9.155,-127.7,0.02,-,,,0.00,0.0,0.7,4137
106.61,-17.002,9.156,-127.7,-0.00,-,,,0.00,0.0,0.8,4121
106.66,-17.002,9.156,-127.7,-0.00,-,,,0.00,0.0,0.8,4121
106.71,-17.001,9.155,-127.7,-0.00,-,,,0.00,0.0,0.8,4121
106.76,-17.001,9.155,-127.7,-0.00,-,,,0.00,0.0,0.8,4106
106.81,-17.002,9.155,-127.7,0.01,-,,,0.00,0.0,0.7,4121
106.86,-17.002,9.155,-127.7,0.01,-,,,0.00,0.0,0.7,4121
106.91,-17.002,9.157,-127.7,-0.01,-,,,0.00,0.0,0.7,4137
106.96,-17.002,9.157,-127.7,-0.01,-,,,0.00,0.0,0.8,4121
107.01,-17.002,9.157,-127.7,-0.01,-,,,0.00,0.0,0.7,4137
107.06,-17.002,9.157,-127.7,-0.01,-,,,0.00,0.0,0.7,4137
107.11,-17.002,9.156,-127.7,0.00,-,,,0.00,0.0,0.7,4137
107.16,-17.002,9.156,-127.7,0.00,-,,,0.00,0.0,0.7,4121
107.21,-17.003,9.157,-127.7,-0.00,-,,,0.00,0.0,0.8,4121
107.26,-17.003,9.157,-127.7,-0.00,-,,,0.00,0.0,0.7,4137
107.31,-17.003,9.157,-127.7,-0.00,-,,,0.00,0.0,0.7,4137
107.36,-17.003,9.157,-127.7,-0.00,-,,,0.00,0.0,0.6,4137
107.41,-17.003,9.156,-127.7,0.01,-,,,0.00,0.0,0.7,4137
107.46,-17.003,9.156,-127.7,0.01,-,,,0.00,0.0,0.8,4137
107.51,-17.002,9.155,-127.7,-0.00,-,,,0.00,0.0,0.8,4137
107.56,-17.002,9.155,-127.7,-0.00,-,,,0.00,0.0,0.8,4121
107.61,-17.002,9.155,-127.7,-0.00,-,,,0.00,0.0,0.8,4137
107.66,-17.002,9.155,-127.7,-0.00,-,,,0.00,0.0,0.7,4121
107.71,-17.003,9.155,-127.7,0.01,-,,,0.00,0.0,0.7,4137
107.76,-17.003,9.155,-127.7,0.01,-,,,0.00,0.0,0.7,4137
107.81,-17.002,9.154,-127.7,0.00,-,,,0.00,0.0,0.7,4121
107.86,-17.002,9.154,-127.7,0.00,-,,,0.00,0.0,0.7,4121
107.91,-17.002,9.154,-127.7,0.00,-,,,0.00,0.0,0.7,4121
107.96,-17.002,9.155,-127.7,-0.00,-,,,0.00,0.0,0.8,4121
108.01,-17.002,9.155,-127.7,-0.00,-,,,0.00,0.0,0.7,4137
108.06,-17.002,9.155,-127.7,-0.00,-,,,0.00,0.0,0.7,4137
108.11,-17.002,9.155,-127.7,-0.00,-,,,0.00,0.0,0.7,4121
108.16,-17.002,9.155,-127.7,-0.00,-,,,0.00,0.0,0.7,4137
108.21,-17.001,9.155,-127.7,-0.01,-,,,0.00,0.0,0.7,4137
108.26,-17.001,9.155,-127.7,-0.01,-,,,0.00,0.0,0.7,4137
108.31,-17.001,9.154,-127.7,0.01,-,,,0.00,0.0,0.7,4137
108.36,-17.001,9.154,-127.7,0.01,-,,,0.00,0.0,0.7,4137
108.41,-17.001,9.155,-127.7,-0.01,-,,,0.00,0.0,0.7,4121
108.46,-17.001,9.155,-127.7,-0.01,-,,,0.00,0.0,0.7,4137
108.51,-17.000,9.155,-127.7,0.00,-,,,0.00,0.0,0.7,4137
108.56,-17.000,9.155,-127.7,0.00,-,,,0.00,0.0,0.7,4121
108.61,-17.000,9.154,-127.7,0.00,-,,,0.00,0.0,0.7,4121
108.66,-17.000,9.154,-127.7,0.00,-,,,0.00,0.0,0.7,4121
108.71,-17.001,9.155,-127.7,0.00,-,,,0.00,0.0,0.8,4121
108.76,-17.001,9.155,-127.7,0.00,-,,,0.00,0.0,0.7,4121
108.81,-16.999,9.154,-127.7,-0.01,-,,,0.00,0.0,0.7,4121
108.86,-16.999,9.154,-127.7,-0.01,-,,,0.00,0.0,0.7,4121
108.91,-17.001,9.155,-127.7,0.01,-,,,0.00,0.0,0.7,4137
108.96,-17.001,9.155,-127.7,0.01,-,,,0.00,0.0,0.7,4137
109.01,-17.001,9.155,-127.7,0.01,-,,,0.00,0.0,0.8,4106
109.06,-17.001,9.155,-127.7,0.01,-,,,0.00,0.0,0.7,4121
109.11,-17.000,9.155,-127.7,-0.00,-,,,0.00,0.0,0.7,4121
109.16,-17.000,9.155,-127.7,-0.00,-,,,0.00,0.0,0.6,4121
109.21,-17.001,9.155,-127.7,0.00,-,,,0.00,0.0,0.7,4137
109.26,-17.001,9.155,-127.7,0.00,-,,,0.00,0.0,0.7,4137
109.31,-17.000,9.155,-127.7,-0.01,-,,,0.00,0.0,0.7,4121
109.36,-17.000,9.155,-127.7,-0.01,-,,,0.00,0.0,0.7,4121
109.41,-17.000,9.156,-127.7,-0.00,-,,,0.00,0.0,0.8,4121
109.46,-17.000,9.156,-127.7,-0.00,-,,,0.00,0.0,0.8,4137
109.51,-17.000,9.155,-127.7,0.01,-,,,0.00,0.0,0.7,4121
109.56,-17.000,9.155,-127.7,0.01,-,,,0.00,0.0,0.7,4121
109.61,-17.001,9.153,-127.7,0.01,-,,,0.00,0.0,0.7,4137
109.66,-17.001,9.153,-127.7,0.01,-,,,0.00,0.0,0.7,4121
109.71,-17.001,9.155,-127.7,-0.02,-,,,0.00,0.0,0.7,4137
109.76,-17.001,9.155,-127.7,-0.02,-,,,0.00,0.0,0.8,4121
109.81,-16.999,9.156,-127.7,-0.02,-,,,0.00,0.0,0.7,4121
109.86,-16.999,9.156,-127.7,-0.02,-,,,0.00,0.0,0.8,4106
109.91,-16.999,9.157,-127.7,-0.01,-,,,0.00,0.0,0.7,4137
109.96,-16.999,9.157,-127.7,-0.01,-,,,0.00,0.0,0.7,4121
110.01,-16.999,9.157,-127.7,-0.01,-,,,0.00,0.0,0.7,4152
110.06,-16.999,9.157,-127.7,-0.01,-,,,0.00,0.0,0.7,4121
110.11,-17.001,9.157,-127.7,0.01,-,,,0.00,0.0,0.7,4106
110.16,-17.001,9.157,-127.7,0.01,-,,,0.00,0.0,0.7,4137
110.21,-16.999,9.155,-127.7,0.00,-,,,0.00,0.0,0.7,4137
110.26,-16.999,9.155,-127.7,0.00,-,,,0.00,0.0,0.8,4137
110.31,-16.999,9.155,-127.7,-0.01,-,,,0.00,0.0,0.7,4137
110.36,-16.999,9.155,-127.7,-0.01,-,,,0.00,0.0,0.7,4121
110.41,-17.001,9.156,-127.7,0.01,-,,,0.00,0.0,0.7,4137
110.46,-17.001,9.156,-127.7,0.01,-,,,0.00,0.0,0.6,4137
110.51,-17.000,9.155,-127.7,-0.00,-,,,0.00,0.0,0.7,4121
110.56,-17.000,9.155,-127.7,-0.00,-,,,0.00,0.0,0.7,4137
110.61,-16.999,9.155,-127.7,-0.01,-,,,0.00,0.0,0.7,4137
110.66,-16.999,9.155,-127.7,-0.01,-,,,0.00,0.0,0.7,4121
110.71,-16.999,9.155,-127.7,-0.00,-,,,0.00,0.0,0.7,4137
110.76,-16.999,9.155,-127.7,-0.00,-,,,0.00,0.0,0.7,4137
110.81,-16.999,9.155,-127.7,0.00,-,,,0.00,0.0,0.7,4121
110.86,-16.999,9.155,-127.7,0.00,-,,,0.00,0.0,0.7,4152
110.91,-16.999,9.155,-127.7,0.00,-,,,0.00,0.0,0.7,4137
110.96,-16.998,9.157,-127.7,-0.01,-,,,0.00,0.0,0.7,4121
111.01,-16.998,9.157,-127.7,-0.01,-,,,0.00,0.0,0.8,4137
111.06,-16.998,9.157,-127.7,-0.01,-,,,0.00,0.0,0.7,4121
111.11,-16.998,9.155,-127.7,0.01,-,,,0.00,0.0,0.8,4106
111.16,-16.998,9.155,-127.7,0.01,-,,,0.00,0.0,0.8,4137
111.21,-16.999,9.155,-127.7,0.01,-,,,0.00,0.0,0.8,4121
111.26,-16.999,9.155,-127.7,0.01,-,,,0.00,0.0,0.8,4137
111.31,-17.002,9.156,-127.7,0.01,-,,,0.00,0.0,0.7,4121
111.36,-17.002,9.156,-127.7,0.01,-,,,0.00,0.0,0.7,4121
111.41,-17.003,9.156,-127.7,0.01,-,,,0.00,0.0,0.6,4137
111.46,-17.003,9.156,-127.7,0.01,-,,,0.00,0.0,0.8,4137
111.51,-17.003,9.158,-127.7,-0.02,-,,,0.00,0.0,0.7,4121
111.56,-17.003,9.158,-127.7,-0.02,-,,,0.00,0.0,0.7,4121
111.61,-17.003,9.156,-127.7,0.01,-,,,0.00,0.0,0.7,4137
111.66,-17.003,9.156,-127.7,0.01,-,,,0.00,0.0,0.7,4137
111.71,-17.002,9.157,-127.7,-0.01,-,,,0.00,0.0,0.8,4137
111.76,-17.002,9.157,-127.7,-0.01,-,,,0.00,0.0,0.7,4121
111.81,-17.003,9.157,-127.7,0.00,-,,,0.00,0.0,0.8,4121
111.86,-17.003,9.157,-127.7,0.00,-,,,0.00,0.0,0.7,4121
111.91,-17.002,9.156,-127.7,0.01,-,,,0.00,0.0,0.7,4121
111.96,-17.002,9.156,-127.7,0.01,-,,,0.00,0.0,0.7,4121
112.01,-17.004,9.156,-127.7,0.01,-,,,0.00,0.0,0.8,4137
112.06,-17.004,9.156,-127.7,0.01,-,,,0.00,0.0,0.7,4137
112.11,-17.004,9.156,-127.7,0.01,-,,,0.00,0.0,0.7,4121
112.16,-17.002,9.155,-127.7,-0.00,-,,,0.00,0.0,0.7,4121
112.21,-17.002,9.155,-127.7,-0.00,-,,,0.00,0.0,0.7,4121
112.26,-17.002,9.155,-127.7,-0.00,-,,,0.00,0.0,0.7,4137
112.31,-17.002,9.156,-127.7,-0.01,-,,,0.00,0.0,0.7,4121
112.36,-17.002,9.156,-127.7,-0.01,-,,,0.00,0.0,0.7,4137
112.41,-17.002,9.156,-127.7,-0.00,-,,,0.00,0.0,0.7,4121
112.46,-17.002,9.156,-127.7,-0.00,-,,,0.00,0.0,0.7,4121
112.51,-17.001,9.157,-127.7,-0.01,-,,,0.00,0.0,0.8,4121
112.56,-17.001,9.157,-127.7,-0.01,-,,,0.00,0.0,0.8,4121
112.61,-17.001,9.158,-127.7,-0.01,-,,,0.00,0.0,0.7,4121
112.66,-17.001,9.158,-127.7,-0.01,-,,,0.00,0.0,0.8,4121
112.71,-17.001,9.157,-127.7,0.00,-,,,0.00,0.0,0.8,4121
112.76,-17.001,9.157,-127.7,0.00,-,,,0.00,0.0,0.8,4137
112.81,-17.000,9.156,-127.7,0.01,-,,,0.00,0.0,0.7,4121
112.86,-17.000,9.156,-127.7,0.01,-,,,0.00,0.0,0.7,4137
112.91,-17.000,9.156,-127.7,0.01,-,,,0.00,0.0,0.7,4121
112.96,-17.000,9.157,-127.7,-0.01,-,,,0.00,0.0,0.7,4121
113.01,-17.000,9.157,-127.7,-0.01,-,,,0.00,0.0,0.7,4121
113.06,-17.000,9.157,-127.7,-0.01,-,,,0.00,0.0,0.8,4121
113.11,-17.002,9.156,-127.7,0.01,-,,,0.00,0.0,0.7,4121
113.16,-17.002,9.156,-127.7,0.01,-,,,0.00,0.0,0.7,4137
113.21,-17.002,9.157,-127.7,-0.00,-,,,0.00,0.0,0.7,4137
113.26,-17.002,9.157,-127.7,-0.00,-,,,0.00,0.0,0.6,4152
113.31,-17.002,9.157,-127.7,-0.00,-,,,0.00,0.0,0.7,4121
113.36,-17.002,9.157,-127.7,-0.00,-,,,0.00,0.0,0.8,4121
113.41,-17.003,9.156,-127.7,0.01,-,,,0.00,0.0,0.7,4137
113.46,-17.003,9.156,-127.7,0.01,-,,,0.00,0.0,0.7,4137
113.51,-17.004,9.154,-127.7,0.02,-,,,0.00,0.0,0.8,4106
113.56,-17.004,9.154,-127.7,0.02,-,,,0.00,0.0,0.7,4137
113.61,-17.003,9.157,-127.7,-0.03,-,,,0.00,0.0,0.7,4121
113.66,-17.003,9.157,-127.7,-0.03,-,,,0.00,0.0,0.7,4121
113.71,-17.003,9.156,-127.7,0.01,-,,,0.00,0.0,0.7,4137
113.76,-17.003,9.156,-127.7,0.01,-,,,0.00,0.0,0.7,4137
113.81,-17.003,9.155,-127.7,0.01,-,,,0.00,0.0,0.8,4106
113.86,-17.003,9.155,-127.7,0.01,-,,,0.00,0.0,0.7,4137
113.91,-17.002,9.156,-127.7,-0.01,-,,,0.00,0.0,0.7,4106
113.96,-17.002,9.156,-127.7,-0.01,-,,,0.00,0.0,0.7,4121
114.01,-17.002,9.156,-127.7,-0.01,-,,,0.00,0.0,0.8,4137
114.06,-17.002,9.156,-127.7,-0.01,-,,,0.00,0.0,0.7,4137
114.11,-17.003,9.154,-127.7,0.01,-,,,0.00,0.0,0.7,4137
114.16,-17.003,9.154,-127.7,0.01,-,,,0.00,0.0,0.7,4137
114.21,-17.003,9.157,-127.7,-0.02,-,,,0.00,0.0,0.6,4121
114.26,-17.003,9.157,-127.7,-0.02,-,,,0.00,0.0,0.7,4121
114.31,-17.003,9.154,-127.7,0.02,-,,,0.00,0.0,0.7,4137
114.36,-17.003,9.154,-127.7,0.02,-,,,0.00,0.0,0.7,4121
114.41,-17.005,9.155,-127.7,0.01,-,,,0.00,0.0,0.7,4137
114.46,-17.005,9.155,-127.7,0.01,-,,,0.00,0.0,0.7,4137
114.51,-17.002,9.154,-127.7,-0.01,-,,,0.00,0.0,0.7,4121
114.56,-17.002,9.154,-127.7,-0.01,-,,,0.00,0.0,0.7,4137
114.61,-17.003,9.155,-127.7,-0.00,-,,,0.00,0.0,0.7,4152
114.66,-17.003,9.155,-127.7,-0.00,-,,,0.00,0.0,0.7,4121
114.71,-17.003,9.155,-127.7,0.00,-,,,0.00,0.0,0.7,4137
114.76,-17.003,9.155,-127.7,0.00,-,,,0.00,0.0,0.8,4137
114.81,-17.003,9.155,-127.7,-0.01,-,,,0.00,0.0,0.7,4121
114.86,-17.003,9.155,-127.7,-0.01,-,,,0.00,0.0,0.8,4137
114.91,-17.004,9.154,-127.7,0.01,-,,,0.00,0.0,0.7,4121
114.96,-17.004,9.154,-127.7,0.01,-,,,0.00,0.0,0.7,4137
115.01,-17.004,9.154,-127.7,0.01,-,,,0.00,0.0,0.7,4137
115.06,-17.004,9.154,-127.7,0.01,-,,,0.00,0.0,0.7,4137
115.11,-17.002,9.155,-127.7,-0.01,-,,,0.00,0.0,0.8,4121
115.16,-17.002,9.155,-127.7,-0.01,-,,,0.00,0.0,0.7,4121
115.21,-17.004,9.155,-127.7,0.01,-,,,0.00,0.0,0.8,4137
115.26,-17.004,9.155,-127.7,0.01,-,,,0.00,0.0,0.7,4121
115.31,-17.002,9.154,-127.7,-0.01,-,,,0.00,0.0,0.7,4137
115.36,-17.002,9.154,-127.7,-0.01,-,,,0.00,0.0,0.7,4121
115.41,-17.003,9.155,-127.7,0.00,-,,,0.00,0.0,0.7,4137
115.46,-17.003,9.155,-127.7,0.00,-,,,0.00,0.0,0.7,4137
115.51,-17.004,9.157,-127.7,-0.01,-,,,0.00,0.0,0.8,4137
115.56,-17.004,9.157,-127.7,-0.01,-,,,0.00,0.0,0.7,4121
115.61,-17.002,9.153,-127.7,0.01,-,,,0.00,0.0,0.7,4137
115.66,-17.002,9.153,-127.7,0.01,-,,,0.00,0.0,0.8,4137
115.71,-17.001,9.155,-127.7,-0.02,-,,,0.00,0.0,0.7,4121
115.76,-17.001,9.155,-127.7,-0.02,-,,,0.00,0.0,0.7,4137
115.81,-17.004,9.154,-127.7,0.03,-,,,0.00,0.0,0.7,4121
115.86,-17.004,9.154,-127.7,0.03,-,,,0.00,0.0,0.7,4121
115.91,-17.004,9.154,-127.7,0.00,-,,,0.00,0.0,0.7,4137
115.96,-17.004,9.154,-127.7,0.00,-,,,0.00,0.0,0.8,4121
116.01,-17.004,9.154,-127.7,0.00,-,,,0.00,0.0,0.8,4137
116.06,-17.004,9.154,-127.7,0.00,-,,,0.00,0.0,0.7,4137
116.11,-17.003,9.154,-127.7,-0.00,-,,,0.00,0.0,0.7,4152
116.16,-17.003,9.154,-127.7,-0.00,-,,,0.00,0.0,0.7,4121
116.21,-17.003,9.154,-127.7,-0.00,-,,,0.00,0.0,0.6,4137
116.26,-17.003,9.154,-127.7,-0.00,-,,,0.00,0.0,0.8,4137
116.31,-17.001,9.152,-127.7,0.01,-,,,0.00,0.0,0.7,4137
116.36,-17.001,9.152,-127.7,0.01,-,,,0.00,0.0,0.7,4121
116.41,-17.001,9.152,-127.7,-0.00,-,,,0.00,0.0,0.7,4137
116.46,-17.001,9.152,-127.7,-0.00,-,,,0.00,0.0,0.7,4121
116.51,-17.002,9.154,-127.7,-0.01,-,,,0.00,0.0,0.8,4121
116.56,-17.002,9.154,-127.7,-0.01,-,,,0.00,0.0,0.7,4121
116.61,-17.001,9.150,-127.7,0.03,-,,,0.00,0.0,0.7,4152
116.66,-17.001,9.150,-127.7,0.03,-,,,0.00,0.0,0.7,4121
116.71,-17.000,9.152,-127.7,-0.03,-,,,0.00,0.0,0.7,4152
116.76,-17.000,9.152,-127.7,-0.03,-,,,0.00,0.0,0.7,4137
116.81,-17.000,9.151,-127.7,0.01,-,,,0.00,0.0,0.7,4121
116.86,-17.000,9.151,-127.7,0.01,-,,,0.00,0.0,0.7,4121
116.91,-17.000,9.151,-127.7,0.01,-,,,0.00,0.0,0.7,4152
116.96,-17.001,9.152,-127.7,-0.00,-,,,0.00,0.0,0.7,4121
117.01,-17.001,9.152,-127.7,-0.00,-,,,0.00,0.0,0.7,4137
117.06,-17.001,9.152,-127.7,-0.00,-,,,0.00,0.0,0.7,4121
117.11,-17.002,9.154,-127.7,-0.01,-,,,0.00,0.0,0.7,4121
117.16,-17.002,9.154,-127.7,-0.01,-,,,0.00,0.0,0.7,4121
117.21,-17.000,9.153,-127.7,-0.01,-,,,0.00,0.0,0.7,4137
117.26,-17.000,9.153,-127.7,-0.01,-,,,0.00,0.0,0.7,4121
117.31,-17.000,9.153,-127.7,-0.01,-,,,0.00,0.0,0.7,4121
117.36,-17.000,9.153,-127.7,-0.01,-,,,0.00,0.0,0.7,4137
117.41,-17.003,9.156,-127.7,-0.00,-,,,0.00,0.0,0.7,4137
117.46,-17.003,9.156,-127.7,-0.00,-,,,0.00,0.0,0.8,4137
117.51,-17.001,9.156,-127.7,-0.01,-,,,0.00,0.0,0.7,4121
117.56,-17.001,9.156,-127.7,-0.01,-,,,0.00,0.0,0.7,4121
117.61,-17.002,9.154,-127.7,0.02,-,,,0.00,0.0,0.7,4121
117.66,-17.002,9.154,-127.7,0.02,-,,,0.00,0.0,0.8,4137
117.71,-17.001,9.155,-127.7,-0.01,-,,,0.00,0.0,0.7,4137
117.76,-17.001,9.155,-127.7,-0.01,-,,,0.00,0.0,0.7,4137
117.81,-17.002,9.155,-127.7,-0.00,-,,,0.00,0.0,0.7,4121
117.86,-17.002,9.155,-127.7,-0.00,-,,,0.00,0.0,0.7,4137
117.91,-17.002,9.155,-127.7,-0.00,-,,,0.00,0.0,0.6,4121
117.96,-17.001,9.154,-127.7,0.01,-,,,0.00,0.0,0.7,4121
118.01,-17.001,9.154,-127.7,0.01,-,,,0.00,0.0,0.7,4152
118.06,-17.001,9.154,-127.7,0.01,-,,,0.00,0.0,0.6,4137
118.11,-17.004,9.157,-127.7,-0.00,-,,,0.00,0.0,0.7,4137
118.16,-17.004,9.157,-127.7,-0.00,-,,,0.00,0.0,0.7,4137
118.21,-17.002,9.155,-127.7,0.00,-,,,0.00,0.0,0.7,4121
118.26,-17.002,9.155,-127.7,0.00,-,,,0.00,0.0,0.7,4137
118.31,-17.001,9.156,-127.7,-0.02,-,,,0.00,0.0,0.8,4137
118.36,-17.001,9.156,-127.7,-0.02,-,,,0.00,0.0,0.6,4137
118.41,-17.002,9.156,-127.7,0.01,-,,,0.00,0.0,0.6,4137
118.46,-17.002,9.156,-127.7,0.01,-,,,0.00,0.0,0.8,4137
118.51,-17.003,9.155,-127.7,0.01,-,,,0.00,0.0,0.8,4137
118.56,-17.003,9.155,-127.7,0.01,-,,,0.00,0.0,0.7,4137
118.61,-17.003,9.156,-127.7,0.00,-,,,0.00,0.0,0.7,4137
118.66,-17.003,9.156,-127.7,0.00,-,,,0.00,0.0,0.6,4137
118.71,-17.003,9.155,-127.7,0.00,-,,,0.00,0.0,0.7,4137
118.76,-17.003,9.155,-127.7,0.00,-,,,0.00,0.0,0.7,4121
118.81,-17.003,9.155,-127.7,-0.00,-,,,0.00,0.0,0.7,4137
118.86,-17.003,9.155,-127.7,-0.00,-,,,0.00,0.0,0.7,4121
118.91,-17.003,9.155,-127.7,-0.00,-,,,0.00,0.0,0.7,4137
118.96,-17.002,9.153,-127.7,0.01,-,,,0.00,0.0,0.7,4137
119.01,-17.002,9.153,-127.7,0.01,-,,,0.00,0.0,0.7,4121
119.06,-17.002,9.153,-127.7,0.01,-,,,0.00,0.0,0.7,4137
119.11,-17.001,9.158,-127.7,-0.03,-,,,0.00,0.0,0.7,4137
119.16,-17.001,9.158,-127.7,-0.03,-,,,0.00,0.0,0.8,4121
119.21,-17.001,9.155,-127.7,0.02,-,,,0.00,0.0,0.7,4121
119.26,-17.001,9.155,-127.7,0.02,-,,,0.00,0.0,0.7,4137
119.31,-17.001,9.157,-127.7,-0.02,-,,,0.00,0.0,0.7,4121
119.36,-17.001,9.157,-127.7,-0.02,-,,,0.00,0.0,0.8,4121
119.41,-17.004,9.158,-127.7,0.01,-,,,0.00,0.0,0.7,4137
119.46,-17.004,9.158,-127.7,0.01,-,,,0.00,0.0,0.7,4137
119.51,-17.002,9.156,-127.7,-0.00,-,,,0.00,0.0,0.7,4121
119.56,-17.002,9.156,-127.7,-0.00,-,,,0.00,0.0,0.8,4137
119.61,-17.002,9.156,-127.7,0.00,-,,,0.00,0.0,0.7,4137
119.66,-17.002,9.156,-127.7,0.00,-,,,0.00,0.0,0.7,4121
119.71,-17.003,9.158,-127.7,-0.01,-,,,0.00,0.0,0.7,4137
119.76,-17.003,9.158,-127.7,-0.01,-,,,0.00,0.0,0.7,4137
119.81,-17.001,9.155,-127.7,0.01,-,,,0.00,0.0,0.6,4121
119.86,-17.001,9.155,-127.7,0.01,-,,,0.00,0.0,0.7,4152
119.91,-17.003,9.156,-127.7,0.01,-,,,0.00,0.0,0.7,4121
119.96,-17.003,9.156,-127.7,0.01,-,,,0.00,0.0,0.8,4121
120.01,-17.003,9.156,-127.7,0.01,-,,,0.00,0.0,0.7,4121
120.06,-17.003,9.156,-127.7,0.01,-,,,0.00,0.0,0.7,4137
120.11,-17.003,9.157,-127.7,-0.00,-,,,0.00,0.0,0.8,4121
120.16,-17.003,9.157,-127.7,-0.00,-,,,0.00,0.0,0.7,4137
120.21,-17.003,9.157,-127.7,-0.01,-,,,0.00,0.0,0.7,4152
120.26,-17.003,9.157,-127.7,-0.01,-,,,0.00,0.0,0.7,4121
120.31,-17.001,9.159,-127.7,-0.03,-,,,0.00,0.0,0.7,4137
120.36,-17.001,9.159,-127.7,-0.03,-,,,0.00,0.0,0.6,4137
120.41,-17.003,9.158,-127.7,0.03,-,,,0.00,0.0,0.7,4121
120.46,-17.003,9.158,-127.7,0.03,-,,,0.00,0.0,0.7,4137
120.51,-17.001,9.159,-127.7,-0.02,-,,,0.00,0.0,0.7,4137
120.56,-17.001,9.159,-127.7,-0.02,-,,,0.00,0.0,0.7,4137
120.61,-17.001,9.157,-127.7,0.01,-,,,0.00,0.0,0.8,4137
120.66,-17.001,9.157,-127.7,0.01,-,,,0.00,0.0,0.8,4121
120.71,-17.001,9.157,-127.7,0.01,-,,,0.00,0.0,0.7,4137
120.76,-17.001,9.157,-127.7,0.01,-,,,0.00,0.0,0.7,4121
120.81,-17.001,9.158,-127.7,-0.01,-,,,0.00,0.0,0.7,4137
120.86,-17.001,9.158,-127.7,-0.01,-,,,0.00,0.0,0.7,4137
120.91,-17.001,9.157,-127.7,0.01,-,,,0.00,0.0,0.7,4137
120.96,-17.001,9.157,-127.7,0.01,-,,,0.00,0.0,0.7,4137
121.01,-17.001,9.157,-127.7,0.01,-,,,0.00,0.0,0.7,4137
121.06,-17.001,9.157,-127.6,0.01,-,,,0.00,0.0,0.8,4121
121.11,-17.001,9.158,-127.6,-0.01,-,,,0.00,0.0,0.7,4137
121.16,-17.001,9.158,-127.6,-0.01,-,,,0.00,0.0,0.7,4137
121.21,-17.001,9.159,-127.6,-0.01,-,,,0.00,0.0,0.6,4121
121.26,-17.001,9.159,-127.6,-0.01,-,,,0.00,0.0,0.7,4121
121.31,-17.001,9.155,-127.6,0.03,-,,,0.00,0.0,0.7,4137
121.36,-17.001,9.155,-127.7,0.03,-,,,0.00,0.0,0.7,4121
121.41,-17.001,9.155,-127.7,0.03,-,,,0.00,0.0,0.8,4137
121.46,-17.001,9.155,-127.7,0.03,-,,,0.00,0.0,0.7,4137
121.51,-17.001,9.156,-127.7,-0.00,-,,,0.00,0.0,0.7,4137
121.56,-17.001,9.156,-127.7,-0.00,-,,,0.00,0.0,0.8,4121
121.61,-17.001,9.157,-127.6,-0.00,-,,,0.00,0.0,0.7,4121
121.66,-17.001,9.157,-127.6,-0.00,-,,,0.00,0.0,0.8,4121
121.71,-17.001,9.159,-127.6,-0.02,-,,,0.00,0.0,0.7,4121
121.76,-17.001,9.159,-127.6,-0.02,-,,,0.00,0.0,0.8,4137
121.81,-17.002,9.157,-127.7,0.03,-,,,0.00,0.0,0.7,4137
121.86,-17.002,9.157,-127.7,0.03,-,,,0.00,0.0,0.8,4137
121.91,-17.002,9.157,-127.7,-0.00,-,,,0.00,0.0,0.7,4137
121.96,-17.002,9.157,-127.7,-0.00,-,,,0.00,0.0,0.7,4137
122.01,-17.002,9.157,-127.7,-0.00,-,,,0.00,0.0,0.7,4137
122.06,-17.002,9.157,-127.7,-0.00,-,,,0.00,0.0,0.7,4121
122.11,-17.002,9.156,-127.7,0.00,-,,,0.00,0.0,0.7,4121
122.16,-17.002,9.156,-127.7,0.00,-,,,0.00,0.0,0.7,4121
122.21,-17.002,9.157,-127.7,-0.01,-,,,0.00,0.0,0.7,4121
122.26,-17.002,9.157,-127.7,-0.01,-,,,0.00,0.0,0.7,4137
122.31,-17.003,9.157,-127.7,0.00,-,,,0.00,0.0,0.8,4121
122.36,-17.003,9.157,-127.7,0.00,-,,,0.00,0.0,0.7,4137
122.41,-17.002,9.156,-127.6,-0.00,-,,,0.00,0.0,0.7,4152
122.46,-17.002,9.156,-127.6,-0.00,-,,,0.00,0.0,0.7,4137
122.51,-17.002,9.157,-127.6,-0.00,-,,,0.00,0.0,0.7,4137
122.56,-17.002,9.157,-127.6,-0.00,-,,,0.00,0.0,0.7,4137
122.61,-17.003,9.157,-127.6,0.00,-,,,0.00,0.0,0.7,4137
122.66,-17.003,9.157,-127.7,0.00,-,,,0.00,0.0,0.7,4137
122.71,-17.002,9.155,-127.6,0.01,-,,,0.00,0.0,0.7,4137
122.76,-17.002,9.155,-127.7,0.01,-,,,0.00,0.0,0.7,4137
122.81,-17.003,9.157,-127.6,-0.01,-,,,0.00,0.0,0.7,4137
122.86,-17.003,9.157,-127.6,-0.01,-,,,0.00,0.0,0.7,4137
122.91,-17.003,9.157,-127.6,-0.01,-,,,0.00,0.0,0.7,4152
122.96,-17.002,9.157,-127.6,-0.01,-,,,0.00,0.0,0.7,4121
123.01,-17.002,9.157,-127.6,-0.01,-,,,0.00,0.0,0.7,4137
123.06,-17.002,9.157,-127.6,-0.01,-,,,0.00,0.0,0.7,4137
123.11,-17.003,9.156,-127.6,0.01,-,,,0.00,0.0,0.7,4137
123.16,-17.003,9.156,-127.6,0.01,-,,,0.00,0.0,0.7,4137
123.21,-17.003,9.157,-127.6,-0.01,-,,,0.00,0.0,0.7,4137
123.26,-17.003,9.157,-127.6,-0.01,-,,,0.00,0.0,0.7,4121
123.31,-17.001,9.157,-127.6,-0.01,-,,,0.00,0.0,0.7,4121
123.36,-17.001,9.157,-127.6,-0.01,-,,,0.00,0.0,0.7,4121
123.41,-17.001,9.155,-127.6,0.01,-,,,0.00,0.0,0.7,4121
123.46,-17.001,9.155,-127.6,0.01,-,,,0.00,0.0,0.7,4137
123.51,-17.002,9.156,-127.6,-0.00,-,,,0.00,0.0,0.7,4137
123.56,-17.002,9.156,-127.6,-0.00,-,,,0.00,0.0,0.7,4137
123.61,-17.001,9.156,-127.6,-0.00,-,,,0.00,0.0,0.7,4137
123.66,-17.001,9.156,-127.6,-0.00,-,,,0.00,0.0,0.8,4137
123.71,-17.001,9.158,-127.6,-0.01,-,,,0.00,0.0,0.7,4152
123.76,-17.001,9.158,-127.6,-0.01,-,,,0.00,0.0,0.7,4152
123.81,-17.001,9.156,-127.6,0.02,-,,,0.00,0.0,0.7,4137
123.86,-17.001,9.156,-127.6,0.02,-,,,0.00,0.0,0.7,4137
123.91,-17.001,9.157,-127.6,-0.01,-,,,0.00,0.0,0.7,4137
123.96,-17.001,9.157,-127.6,-0.01,-,,,0.00,0.0,0.8,4137
124.01,-17.001,9.157,-127.6,-0.01,-,,,0.00,0.0,0.8,4137
124.06,-17.001,9.157,-127.6,-0.01,-,,,0.00,0.0,0.7,4137
124.11,-17.001,9.156,-127.6,0.00,-,,,0.00,0.0,0.7,4137
124.16,-17.001,9.156,-127.6,0.00,-,,,0.00,0.0,0.7,4137
124.21,-17.003,9.156,-127.6,0.01,-,,,0.00,0.0,0.7,4137
124.26,-17.003,9.156,-127.6,0.01,-,,,0.00,0.0,0.7,4121
124.31,-17.005,9.156,-127.6,0.01,-,,,0.00,0.0,0.8,4137
124.36,-17.005,9.156,-127.6,0.01,-,,,0.00,0.0,0.7,4137
124.41,-17.003,9.155,-127.6,-0.00,-,,,0.00,0.0,0.7,4121
124.46,-17.003,9.155,-127.6,-0.00,-,,,0.00,0.0,0.7,4121
124.51,-17.003,9.154,-127.6,-0.00,-,,,0.00,0.0,0.8,4137
124.56,-17.003,9.154,-127.6,-0.00,-,,,0.00,0.0,0.7,4121
124.61,-17.003,9.156,-127.6,-0.01,-,,,0.00,0.0,0.7,4137
124.66,-17.003,9.156,-127.6,-0.01,-,,,0.00,0.0,0.7,4152
124.71,-17.003,9.154,-127.6,0.01,-,,,0.00,0.0,0.7,4137
124.76,-17.003,9.154,-127.6,0.01,-,,,0.00,0.0,0.7,4137
124.81,-17.003,9.156,-127.6,-0.01,-,,,0.00,0.0,0.7,4137
124.86,-17.003,9.156,-127.6,-0.01,-,,,0.00,0.0,0.7,4137
124.91,-17.003,9.156,-127.6,-0.01,-,,,0.00,0.0,0.7,4137
124.96,-17.002,9.155,-127.6,-0.00,-,,,0.00,0.0,0.8,4137
125.01,-17.002,9.155,-127.6,-0.00,-,,,0.00,0.0,0.7,4137
125.06,-17.002,9.155,-127.6,-0.00,-,,,0.00,0.0,0.8,4121
125.11,-17.003,9.155,-127.6,0.00,-,,,0.00,0.0,0.7,4137
125.16,-17.003,9.155,-127.6,0.00,-,,,0.00,0.0,0.7,4152
125.21,-17.001,9.156,-127.6,-0.01,-,,,0.00,0.0,0.7,4121
125.26,-17.001,9.156,-127.6,-0.01,-,,,0.00,0.0,0.7,4121
125.31,-17.002,9.156,-127.6,0.01,-,,,0.00,0.0,0.7,4137
125.36,-17.002,9.156,-127.6,0.01,-,,,0.00,0.0,0.8,4152
125.41,-17.003,9.157,-127.6,-0.00,-,,,0.00,0.0,0.7,4121
125.46,-17.003,9.157,-127.6,-0.00,-,,,0.00,0.0,0.6,4137
125.51,-17.003,9.156,-127.6,0.01,-,,,0.00,0.0,0.8,4137
125.56,-17.003,9.156,-127.6,0.01,-,,,0.00,0.0,0.7,4106
125.61,-17.002,9.156,-127.6,-0.01,-,,,0.00,0.0,0.7,4152
125.66,-17.002,9.156,-127.6,-0.01,-,,,0.00,0.0,0.7,4137
125.71,-17.002,9.157,-127.6,-0.01,-,,,0.00,0.0,0.7,4137
125.76,-17.002,9.157,-127.6,-0.01,-,,,0.00,0.0,0.7,4137
125.81,-17.001,9.156,-127.6,0.01,-,,,0.00,0.0,0.7,4121
125.86,-17.001,9.156,-127.6,0.01,-,,,0.00,0.0,0.7,4121
125.91,-17.001,9.158,-127.6,-0.02,-,,,0.00,0.0,0.7,4137
125.96,-17.001,9.158,-127.6,-0.02,-,,,0.00,0.0,0.8,4137
126.01,-17.001,9.158,-127.6,-0.02,-,,,0.00,0.0,0.8,4137
126.06,-17.001,9.158,-127.6,-0.02,-,,,0.00,0.0,0.7,4121
126.11,-17.002,9.158,-127.6,0.00,-,,,0.00,0.0,0.7,4121
126.16,-17.002,9.158,-127.6,0.00,-,,,0.00,0.0,0.7,4121
126.21,-17.000,9.158,-127.6,-0.01,-,,,0.00,0.0,0.7,4121
126.26,-17.000,9.158,-127.6,-0.01,-,,,0.00,0.0,0.7,4121
126.31,-17.001,9.157,-127.6,0.01,-,,,0.00,0.0,0.8,4137
126.36,-17.001,9.157,-127.6,0.01,-,,,0.00,0.0,0.7,4137
126.41,-17.002,9.158,-127.6,-0.00,-,,,0.00,0.0,0.7,4121
126.46,-17.002,9.158,-127.6,-0.00,-,,,0.00,0.0,0.7,4121
126.51,-17.001,9.158,-127.6,-0.01,-,,,0.00,0.0,0.7,4137
126.56,-17.001,9.158,-127.6,-0.01,-,,,0.00,0.0,0.7,4137
126.61,-17.001,9.158,-127.6,-0.00,-,,,0.00,0.0,0.8,4137
126.66,-17.001,9.158,-127.6,-0.00,-,,,0.00,0.0,0.7,4137
126.71,-17.001,9.157,-127.6,0.00,-,,,0.00,0.0,0.7,4137
126.76,-17.001,9.157,-127.6,0.00,-,,,0.00,0.0,0.7,4137
126.81,-17.001,9.157,-127.6,0.00,-,,,0.00,0.0,0.6,4121
126.86,-17.001,9.157,-127.6,0.00,-,,,0.00,0.0,0.8,4121
126.91,-17.001,9.157,-127.6,0.00,-,,,0.00,0.0,0.7,4137
126.96,-17.000,9.158,-127.6,-0.01,-,,,0.00,0.0,0.6,4137
127.01,-17.000,9.158,-127.6,-0.01,-,,,0.00,0.0,0.7,4121
127.06,-17.000,9.158,-127.6,-0.01,-,,,0.00,0.0,0.7,4137
127.11,-17.000,9.157,-127.6,0.00,-,,,0.00,0.0,0.7,4121
127.16,-17.000,9.157,-127.6,0.00,-,,,0.00,0.0,0.6,4137
127.21,-17.000,9.157,-127.6,-0.00,-,,,0.00,0.0,0.8,4121
127.26,-17.000,9.157,-127.6,-0.00,-,,,0.00,0.0,0.8,4121
127.31,-16.999,9.158,-127.6,-0.01,-,,,0.00,0.0,0.7,4121
127.36,-16.999,9.158,-127.6,-0.01,-,,,0.00,0.0,0.7,4121
127.41,-17.000,9.157,-127.6,0.00,-,,,0.00,0.0,0.7,4121
127.46,-17.000,9.157,-127.6,0.00,-,,,0.00,0.0,0.6,4137
127.51,-16.999,9.157,-127.6,-0.00,-,,,0.00,0.0,0.6,4137
127.56,-16.999,9.157,-127.6,-0.00,-,,,0.00,0.0,0.7,4137
127.61,-16.999,9.158,-127.6,-0.00,-,,,0.00,0.0,0.7,4121
127.66,-16.999,9.158,-127.6,-0.00,-,,,0.00,0.0,0.7,4121
127.71,-16.999,9.157,-127.6,0.01,-,,,0.00,0.0,0.7,4137
127.76,-16.999,9.157,-127.6,0.01,-,,,0.00,0.0,0.7,4137
127.81,-16.999,9.157,-127.6,-0.00,-,,,0.00,0.0,0.8,4121
127.86,-16.999,9.157,-127.6,-0.00,-,,,0.00,0.0,0.7,4137
127.91,-16.999,9.157,-127.6,0.00,-,,,0.00,0.0,0.7,4137
127.96,-16.999,9.157,-127.6,0.00,-,,,0.00,0.0,0.8,4137
128.01,-16.999,9.157,-127.6,0.00,-,,,0.00,0.0,0.7,4137
128.06,-16.999,9.157,-127.6,0.00,-,,,0.00,0.0,0.6,4137
128.11,-17.000,9.156,-127.6,0.01,-,,,0.00,0.0,0.8,4121
128.16,-17.000,9.156,-127.6,0.01,-,,,0.00,0.0,0.7,4121
128.21,-17.000,9.158,-127.6,-0.01,-,,,0.00,0.0,0.8,4121
128.26,-17.000,9.158,-127.6,-0.01,-,,,0.00,0.0,0.7,4121
128.31,-16.998,9.157,-127.6,0.00,-,,,0.00,0.0,0.7,4137
128.36,-16.998,9.157,-127.6,0.00,-,,,0.00,0.0,0.7,4137
128.41,-17.000,9.159,-127.6,-0.01,-,,,0.00,0.0,0.7,4106
128.46,-17.000,9.159,-127.6,-0.01,-,,,0.00,0.0,0.7,4137
128.51,-16.999,9.155,-127.6,0.03,-,,,0.00,0.0,0.8,4121
128.56,-16.999,9.155,-127.6,0.03,-,,,0.00,0.0,0.7,4137
128.61,-17.000,9.157,-127.6,-0.01,-,,,0.00,0.0,0.7,4137
128.66,-17.000,9.157,-127.6,-0.01,-,,,0.00,0.0,0.8,4121
128.71,-17.000,9.159,-127.6,-0.02,-,,,0.00,0.0,0.7,4121
128.76,-17.000,9.159,-127.6,-0.02,-,,,0.00,0.0,0.7,4137
128.81,-16.998,9.156,-127.6,0.01,-,,,0.00,0.0,0.8,4121
128.86,-16.998,9.156,-127.6,0.01,-,,,0.00,0.0,0.7,4137
128.91,-16.998,9.156,-127.6,0.01,-,,,0.00,0.0,0.7,4137
128.96,-16.998,9.156,-127.6,0.00,-,,,0.00,0.0,0.7,4121
129.01,-16.998,9.156,-127.6,0.00,-,,,0.00,0.0,0.7,4106
129.06,-16.998,9.156,-127.6,0.00,-,,,0.00,0.0,0.7,4137
129.11,-16.998,9.156,-127.6,-0.00,-,,,0.00,0.0,0.8,4137
129.16,-16.998,9.156,-127.6,-0.00,-,,,0.00,0.0,0.7,4137
129.21,-17.000,9.157,-127.6,0.00,-,,,0.00,0.0,0.8,4137
129.26,-17.000,9.157,-127.6,0.00,-,,,0.00,0.0,0.7,4137
129.31,-16.998,9.157,-127.6,-0.01,-,,,0.00,0.0,0.7,4121
129.36,-16.998,9.157,-127.6,-0.01,-,,,0.00,0.0,0.7,4137
129.41,-16.999,9.158,-127.6,-0.01,-,,,0.00,0.0,0.8,4121
129.46,-16.999,9.158,-127.6,-0.01,-,,,0.00,0.0,0.8,4137
129.51,-17.000,9.156,-127.6,0.03,-,,,0.00,0.0,0.7,4121
129.56,-17.000,9.156,-127.6,0.03,-,,,0.00,0.0,0.7,4137
129.61,-16.997,9.156,-127.6,-0.02,-,,,0.00,0.0,0.7,4137
129.66,-16.997,9.156,-127.6,-0.02,-,,,0.00,0.0,0.8,4121
129.71,-16.999,9.157,-127.6,0.00,-,,,0.00,0.0,0.8,4137
129.76,-16.999,9.157,-127.6,0.00,-,,,0.00,0.0,0.7,4137
129.81,-16.998,9.157,-127.6,-0.01,-,,,0.00,0.0,0.7,4137
129.86,-16.998,9.157,-127.6,-0.01,-,,,0.00,0.0,0.7,4121
129.91,-16.998,9.157,-127.6,0.00,-,,,0.00,0.0,0.7,4137
129.96,-16.998,9.157,-127.6,0.00,-,,,0.00,0.0,0.7,4121
130.01,-17.000,9.156,-127.6,0.02,-,,,0.00,0.0,0.7,4137
130.06,-17.000,9.156,-127.6,0.02,-,,,0.00,0.0,0.7,4121
130.11,-17.000,9.157,-127.6,-0.01,-,,,0.00,0.0,0.7,4137
130.16,-17.000,9.157,-127.6,-0.01,-,,,0.00,0.0,0.7,4121
130.21,-17.002,9.156,-127.6,0.02,-,,,0.00,0.0,0.8,4137
130.26,-17.002,9.156,-127.6,0.02,-,,,0.00,0.0,0.7,4121
130.31,-17.002,9.155,-127.6,0.02,-,,,0.00,0.0,0.7,4137
130.36,-17.002,9.155,-127.6,0.02,-,,,0.00,0.0,0.8,4121
130.41,-17.003,9.156,-127.6,-0.01,-,,,0.00,0.0,0.7,4137
130.46,-17.003,9.156,-127.6,-0.01,-,,,0.00,0.0,0.7,4137
130.51,-17.002,9.159,-127.6,-0.03,-,,,0.00,0.0,0.7,4137
130.56,-17.002,9.159,-127.6,-0.03,-,,,0.00,0.0,0.7,4121
130.61,-17.001,9.155,-127.6,0.02,-,,,0.00,0.0,0.8,4137
130.66,-17.001,9.155,-127.6,0.02,-,,,0.00,0.0,0.8,4121
130.71,-17.001,9.154,-127.6,0.01,-,,,0.00,0.0,0.7,4137
130.76,-17.001,9.154,-127.6,0.01,-,,,0.00,0.0,0.7,4137
130.81,-17.002,9.157,-127.6,-0.02,-,,,0.00,0.0,0.8,4137
130.86,-17.002,9.157,-127.6,-0.02,-,,,0.00,0.0,0.7,4137
130.91,-17.002,9.157,-127.6,0.00,-,,,0.00,0.0,0.7,4137
130.96,-17.002,9.157,-127.6,0.00,-,,,0.00,0.0,0.8,4121
131.01,-17.002,9.157,-127.6,0.00,-,,,0.00,0.0,0.7,4121
131.06,-17.002,9.157,-127.6,0.00,-,,,0.00,0.0,0.8,4121
131.11,-17.002,9.156,-127.6,0.00,-,,,0.00,0.0,0.7,4137
131.16,-17.002,9.156,-127.6,0.00,-,,,0.00,0.0,0.7,4137
131.21,-17.003,9.155,-127.6,0.01,-,,,0.00,0.0,0.7,4137
131.26,-17.003,9.155,-127.6,0.01,-,,,0.00,0.0,0.7,4137
131.31,-17.002,9.157,-127.6,-0.02,-,,,0.00,0.0,0.7,4137
131.36,-17.002,9.157,-127.6,-0.02,-,,,0.00,0.0,0.7,4121
131.41,-17.001,9.157,-127.6,-0.01,-,,,0.00,0.0,0.7,4137
131.46,-17.001,9.157,-127.6,-0.01,-,,,0.00,0.0,0.7,4137
131.51,-17.004,9.156,-127.6,0.02,-,,,0.00,0.0,0.7,4137
131.56,-17.004,9.156,-127.6,0.02,-,,,0.00,0.0,0.7,4121
131.61,-17.005,9.159,-127.6,-0.02,-,,,0.00,0.0,0.7,4137
131.66,-17.005,9.159,-127.6,-0.02,-,,,0.00,0.0,0.7,4137
131.71,-17.004,9.157,-127.6,0.01,-,,,0.00,0.0,0.8,4121
131.76,-17.004,9.157,-127.6,0.01,-,,,0.00,0.0,0.7,4137
131.81,-17.004,9.157,-127.6,0.01,-,,,0.00,0.0,0.7,4137
131.86,-17.004,9.157,-127.6,0.01,-,,,0.00,0.0,0.7,4137
131.91,-17.003,9.157,-127.6,-0.01,-,,,0.00,0.0,0.7,4152
131.96,-17.003,9.157,-127.6,-0.01,-,,,0.00,0.0,0.8,4137
132.01,-17.003,9.157,-127.6,-0.01,-,,,0.00,0.0,0.7,4121
132.06,-17.003,9.157,-127.6,-0.01,-,,,0.00,0.0,0.7,4137
132.11,-17.005,9.160,-127.6,-0.01,-,,,0.00,0.0,0.7,4121
132.16,-17.005,9.160,-127.6,-0.01,-,,,0.00,0.0,0.7,4121
132.21,-17.005,9.159,-127.6,0.01,-,,,0.00,0.0,0.8,4137
132.26,-17.005,9.159,-127.6,0.01,-,,,0.00,0.0,0.7,4137
132.31,-17.004,9.160,-127.6,-0.02,-,,,0.00,0.0,0.7,4137
132.36,-17.004,9.160,-127.6,-0.02,-,,,0.00,0.0,0.8,4137
132.41,-17.003,9.158,-127.6,0.01,-,,,0.00,0.0,0.7,4137
132.46,-17.003,9.158,-127.6,0.01,-,,,0.00,0.0,0.8,4137
132.51,-17.005,9.158,-127.6,0.01,-,,,0.00,0.0,0.8,4121
132.56,-17.005,9.158,-127.6,0.01,-,,,0.00,0.0,0.7,4137
132.61,-17.005,9.161,-127.6,-0.02,-,,,0.00,0.0,0.7,4137
132.66,-17.005,9.161,-127.6,-0.02,-,,,0.00,0.0,0.7,4121
132.71,-17.004,9.159,-127.6,0.00,-,,,0.00,0.0,0.7,4137
132.76,-17.004,9.159,-127.6,0.00,-,,,0.00,0.0,0.7,4137
132.81,-17.004,9.159,-127.6,0.01,-,,,0.00,0.0,0.7,4121
132.86,-17.004,9.159,-127.6,0.01,-,,,0.00,0.0,0.6,4137
132.91,-17.006,9.159,-127.6,0.01,-,,,0.00,0.0,0.7,4137
132.96,-17.006,9.159,-127.6,0.01,-,,,0.00,0.0,0.6,4137
133.01,-17.006,9.159,-127.6,0.01,-,,,0.00,0.0,0.7,4121
133.06,-17.006,9.159,-127.6,0.01,-,,,0.00,0.0,0.7,4152
133.11,-17.005,9.159,-127.6,-0.00,-,,,0.00,0.0,0.6,4121
133.16,-17.005,9.159,-127.6,-0.00,-,,,0.00,0.0,0.8,4137
133.21,-17.005,9.159,-127.6,0.01,-,,,0.00,0.0,0.7,4137
133.26,-17.005,9.159,-127.6,0.01,-,,,0.00,0.0,0.8,4152
133.31,-17.004,9.156,-127.6,0.02,-,,,0.00,0.0,0.7,4121
133.36,-17.004,9.156,-127.6,0.02,-,,,0.00,0.0,0.8,4137
133.41,-17.004,9.155,-127.6,0.00,-,,,0.00,0.0,0.8,4121
133.46,-17.004,9.155,-127.6,0.00,-,,,0.00,0.0,0.8,4137
133.51,-17.003,9.157,-127.6,-0.02,-,,,0.00,0.0,0.7,4121
133.56,-17.003,9.157,-127.6,-0.02,-,,,0.00,0.0,0.7,4137
133.61,-17.003,9.155,-127.6,0.02,-,,,0.00,0.0,0.7,4121
133.66,-17.003,9.155,-127.6,0.02,-,,,0.00,0.0,0.7,4137
133.71,-17.002,9.156,-127.6,-0.02,-,,,0.00,0.0,0.7,4121
133.76,-17.002,9.156,-127.6,-0.02,-,,,0.00,0.0,0.7,4137
133.81,-17.002,9.155,-127.6,0.01,-,,,0.00,0.0,0.7,4137
133.86,-17.002,9.155,-127.6,0.01,-,,,0.00,0.0,0.7,4152
133.91,-17.004,9.155,-127.6,0.01,-,,,0.00,0.0,0.8,4121
133.96,-17.004,9.155,-127.6,0.01,-,,,0.00,0.0,0.7,4121
134.01,-17.004,9.155,-127.6,0.01,-,,,0.00,0.0,0.7,4137
134.06,-17.004,9.155,-127.6,0.01,-,,,0.00,0.0,0.7,4137
134.11,-17.003,9.155,-127.6,-0.00,-,,,0.00,0.0,0.8,4121
134.16,-17.003,9.155,-127.6,-0.00,-,,,0.00,0.0,0.7,4152
134.21,-17.002,9.155,-127.6,-0.01,-,,,0.00,0.0,0.7,4121
134.26,-17.002,9.155,-127.6,-0.01,-,,,0.00,0.0,0.7,4121
134.31,-17.004,9.157,-127.6,0.00,-,,,0.00,0.0,0.7,4137
134.36,-17.004,9.157,-127.6,0.00,-,,,0.00,0.0,0.7,4152
134.41,-17.003,9.155,-127.6,0.01,-,,,0.00,0.0,0.8,4121
134.46,-17.003,9.155,-127.6,0.01,-,,,0.00,0.0,0.7,4137
134.51,-17.004,9.156,-127.6,-0.00,-,,,0.00,0.0,0.7,4137
134.56,-17.004,9.156,-127.6,-0.00,-,,,0.00,0.0,0.8,4121
134.61,-17.005,9.155,-127.6,0.01,-,,,0.00,0.0,0.6,4137
134.66,-17.005,9.155,-127.6,0.01,-,,,0.00,0.0,0.7,4137
134.71,-17.005,9.156,-127.6,-0.01,-,,,0.00,0.0,0.8,4137
134.76,-17.005,9.156,-127.6,-0.01,-,,,0.00,0.0,0.7,4137
134.81,-17.003,9.155,-127.6,0.00,-,,,0.00,0.0,0.7,4137
134.86,-17.003,9.155,-127.6,0.00,-,,,0.00,0.0,0.7,4121
134.91,-17.003,9.155,-127.6,0.00,-,,,0.00,0.0,0.7,4137
134.96,-17.004,9.155,-127.6,-0.00,-,,,0.00,0.0,0.7,4121
135.01,-17.004,9.155,-127.6,-0.00,-,,,0.00,0.0,0.7,4121
135.06,-17.004,9.155,-127.6,-0.00,-,,,0.00,0.0,0.7,4137
135.11,-17.006,9.157,-127.6,-0.00,-,,,0.00,0.0,0.7,4137
135.16,-17.006,9.157,-127.6,-0.00,-,,,0.00,0.0,0.7,4121
135.21,-17.004,9.158,-127.6,-0.02,-,,,0.00,0.0,0.7,4152
135.26,-17.004,9.158,-127.6,-0.02,-,,,0.00,0.0,0.7,4121
135.31,-17.006,9.155,-127.6,0.03,-,,,0.00,0.0,0.7,4137
135.36,-17.006,9.155,-127.6,0.03,-,,,0.00,0.0,0.7,4137
135.41,-17.004,9.158,-127.6,-0.03,-,,,0.00,0.0,0.7,4137
135.46,-17.004,9.158,-127.6,-0.03,-,,,0.00,0.0,0.7,4137
135.51,-17.005,9.159,-127.6,0.00,-,,,0.00,0.0,0.7,4137
135.56,-17.005,9.159,-127.6,0.00,-,,,0.00,0.0,0.7,4137
135.61,-17.006,9.157,-127.6,0.02,-,,,0.00,0.0,0.7,4137
135.66,-17.006,9.157,-127.6,0.02,-,,,0.00,0.0,0.7,4121
135.71,-17.008,9.156,-127.6,0.01,-,,,0.00,0.0,0.7,4137
135.76,-17.008,9.156,-127.6,0.01,-,,,0.00,0.0,0.7,4137
135.81,-17.006,9.157,-127.6,-0.01,-,,,0.00,0.0,0.7,4137
135.86,-17.006,9.157,-127.6,-0.01,-,,,0.00,0.0,0.7,4121
135.91,-17.003,9.158,-127.6,-0.03,-,,,0.00,0.0,0.8,4137
135.96,-17.003,9.158,-127.6,-0.03,-,,,0.00,0.0,0.7,4137
136.01,-17.003,9.158,-127.6,-0.03,-,,,0.00,0.0,0.8,4137
136.06,-17.003,9.158,-127.6,-0.03,-,,,0.00,0.0,0.7,4152
136.11,-17.005,9.155,-127.6,0.02,-,,,0.00,0.0,0.7,4137
136.16,-17.005,9.155,-127.6,0.02,-,,,0.00,0.0,0.7,4137
136.21,-17.006,9.156,-127.6,-0.00,-,,,0.00,0.0,0.7,4137
136.26,-17.006,9.156,-127.6,-0.00,-,,,0.00,0.0,0.7,4137
136.31,-17.005,9.156,-127.6,-0.01,-,,,0.00,0.0,0.7,4137
136.36,-17.005,9.156,-127.6,-0.01,-,,,0.00,0.0,0.7,4137
136.41,-17.004,9.154,-127.6,0.01,-,,,0.00,0.0,0.7,4137
136.46,-17.004,9.154,-127.6,0.01,-,,,0.00,0.0,0.7,4137
136.51,-17.004,9.155,-127.6,-0.00,-,,,0.00,0.0,0.7,4121
136.56,-17.004,9.155,-127.6,-0.00,-,,,0.00,0.0,0.7,4137
136.61,-17.006,9.154,-127.6,0.01,-,,,0.00,0.0,0.7,4137
136.66,-17.006,9.154,-127.6,0.01,-,,,0.00,0.0,0.7,4121
136.71,-17.003,9.155,-127.6,-0.02,-,,,0.00,0.0,0.7,4137
136.76,-17.003,9.155,-127.6,-0.02,-,,,0.00,0.0,0.7,4121
136.81,-17.002,9.157,-127.6,-0.02,-,,,0.00,0.0,0.7,4121
136.86,-17.002,9.157,-127.6,-0.02,-,,,0.00,0.0,0.7,4137
136.91,-17.003,9.156,-127.6,0.01,-,,,0.00,0.0,0.6,4137
136.96,-17.003,9.156,-127.6,0.01,-,,,0.00,0.0,0.7,4137
137.01,-17.003,9.156,-127.6,0.01,-,,,0.00,0.0,0.7,4152
137.06,-17.003,9.156,-127.6,0.01,-,,,0.00,0.0,0.8,4137
137.11,-17.003,9.157,-127.6,-0.00,-,,,0.00,0.0,0.7,4121
137.16,-17.003,9.157,-127.6,-0.00,-,,,0.00,0.0,0.7,4137
137.21,-17.003,9.155,-127.6,0.01,-,,,0.00,0.0,0.8,4137
137.26,-17.003,9.155,-127.6,0.01,-,,,0.00,0.0,0.7,4137
137.31,-17.002,9.155,-127.6,-0.00,-,,,0.00,0.0,0.7,4152
137.36,-17.002,9.155,-127.6,-0.00,-,,,0.00,0.0,0.7,4137
137.41,-17.002,9.155,-127.6,-0.00,-,,,0.00,0.0,0.7,4106
137.46,-17.002,9.155,-127.6,-0.00,-,,,0.00,0.0,0.8,4137
137.51,-17.003,9.154,-127.6,0.01,-,,,0.00,0.0,0.7,4137
137.56,-17.003,9.154,-127.6,0.01,-,,,0.00,0.0,0.8,4121
137.61,-17.003,9.155,-127.6,-0.01,-,,,0.00,0.0,0.7,4137
137.66,-17.003,9.155,-127.6,-0.01,-,,,0.00,0.0,0.7,4137
137.71,-17.003,9.155,-127.6,-0.00,-,,,0.00,0.0,0.7,4121
137.76,-17.003,9.155,-127.6,-0.00,-,,,0.00,0.0,0.7,4137
137.81,-17.003,9.154,-127.6,0.01,-,,,0.00,0.0,0.7,4137
137.86,-17.003,9.154,-127.6,0.01,-,,,0.00,0.0,0.7,4137
137.91,-17.001,9.151,-127.6,0.00,-,,,0.00,0.0,0.7,4137
137.96,-17.001,9.151,-127.6,0.00,-,,,0.00,0.0,0.7,4137
138.01,-17.001,9.151,-127.6,0.00,-,,,0.00,0.0,0.7,4137
138.06,-17.001,9.151,-127.6,0.00,-,,,0.00,0.0,0.7,4137
138.11,-17.003,9.151,-127.6,0.01,-,,,0.00,0.0,0.8,4121
138.16,-17.003,9.151,-127.6,0.01,-,,,0.00,0.0,0.8,4121
138.21,-17.001,9.151,-127.6,-0.01,-,,,0.00,0.0,0.8,4121
138.26,-17.001,9.151,-127.6,-0.01,-,,,0.00,0.0,0.8,4137
138.31,-17.001,9.150,-127.6,0.01,-,,,0.00,0.0,0.6,4137
138.36,-17.001,9.150,-127.6,0.01,-,,,0.00,0.0,0.7,4137
138.41,-17.002,9.150,-127.6,0.00,-,,,0.00,0.0,0.7,4137
138.46,-17.002,9.150,-127.6,0.00,-,,,0.00,0.0,0.7,4137
138.51,-17.002,9.151,-127.6,-0.01,-,,,0.00,0.0,0.7,4152
138.56,-17.002,9.151,-127.6,-0.01,-,,,0.00,0.0,0.7,4152
138.61,-17.001,9.151,-127.6,-0.00,-,,,0.00,0.0,0.7,4152
138.66,-17.001,9.151,-127.6,-0.00,-,,,0.00,0.0,0.7,4152
138.71,-17.000,9.151,-127.6,-0.01,-,,,0.00,0.0,0.8,4121
138.76,-17.000,9.151,-127.6,-0.01,-,,,0.00,0.0,0.8,4121
138.81,-17.000,9.150,-127.6,0.01,-,,,0.00,0.0,0.6,4137
138.86,-17.000,9.150,-127.6,0.01,-,,,0.00,0.0,0.8,4137
138.91,-17.000,9.150,-127.6,-0.00,-,,,0.00,0.0,0.8,4137
138.96,-17.000,9.150,-127.6,-0.00,-,,,0.00,0.0,0.7,4137
139.01,-17.000,9.150,-127.6,0.00,-,,,0.00,0.0,0.7,4137
139.06,-17.000,9.150,-127.6,0.00,-,,,0.00,0.0,0.8,4121
139.11,-17.000,9.150,-127.6,0.00,-,,,0.00,0.0,0.6,4137
139.16,-16.999,9.152,-127.6,-0.02,-,,,0.00,0.0,0.7,4137
139.21,-16.999,9.152,-127.6,-0.02,-,,,0.00,0.0,0.7,4137
139.26,-16.999,9.152,-127.6,-0.02,-,,,0.00,0.0,0.7,4137
139.31,-17.000,9.153,-127.6,-0.00,-,,,0.00,0.0,0.7,4137
139.36,-17.000,9.153,-127.6,-0.00,-,,,0.00,0.0,0.7,4137
139.41,-17.000,9.153,-127.6,0.00,-,,,0.00,0.0,0.7,4137
139.46,-17.000,9.153,-127.6,0.00,-,,,0.00,0.0,0.7,4137
139.51,-17.000,9.153,-127.6,0.00,-,,,0.00,0.0,0.7,4137
139.56,-17.000,9.153,-127.6,0.00,-,,,0.00,0.0,0.6,4137
139.61,-16.999,9.153,-127.6,-0.00,-,,,0.00,0.0,0.6,4137
139.66,-16.999,9.153,-127.6,-0.00,-,,,0.00,0.0,0.6,4137
139.71,-16.998,9.153,-127.6,-0.01,-,,,0.00,0.0,0.7,4137
139.76,-16.998,9.153,-127.6,-0.01,-,,,0.00,0.0,0.7,4137
139.81,-16.999,9.152,-127.6,0.01,-,,,0.00,0.0,0.7,4137
139.86,-16.999,9.152,-127.6,0.01,-,,,0.00,0.0,0.8,4121
139.91,-16.999,9.152,-127.6,0.01,-,,,0.00,0.0,0.6,4137
139.96,-16.999,9.151,-127.6,0.01,-,,,0.00,0.0,0.8,4137
140.01,-16.999,9.151,-127.6,0.01,-,,,0.00,0.0,0.7,4137
140.06,-16.999,9.151,-127.6,0.01,-,,,0.00,0.0,0.7,4137
140.11,-16.999,9.153,-127.6,-0.01,-,,,0.00,0.0,0.7,4137
140.16,-16.999,9.153,-127.6,-0.01,-,,,0.00,0.0,0.7,4121
140.21,-16.997,9.153,-127.6,-0.01,-,,,0.00,0.0,0.7,4137
140.26,-16.997,9.153,-127.6,-0.01,-,,,0.00,0.0,0.7,4137
140.31,-17.000,9.156,-127.6,-0.00,-,,,0.00,0.0,0.7,4137
140.36,-17.000,9.156,-127.6,-0.00,-,,,0.00,0.0,0.6,4152
140.41,-17.002,9.156,-127.6,0.01,-,,,0.00,0.0,0.8,4137
140.46,-17.002,9.156,-127.6,0.01,-,,,0.00,0.0,0.7,4121
140.51,-17.000,9.154,-127.6,0.00,-,,,0.00,0.0,0.8,4137
140.56,-17.000,9.154,-127.6,0.00,-,,,0.00,0.0,0.8,4137
140.61,-17.001,9.157,-127.6,-0.01,-,,,0.00,0.0,0.7,4137
140.66,-17.001,9.157,-127.6,-0.01,-,,,0.00,0.0,0.7,4137
140.71,-17.002,9.157,-127.6,0.00,-,,,0.00,0.0,0.7,4137
140.76,-17.002,9.157,-127.6,0.00,-,,,0.00,0.0,0.7,4137
140.81,-17.002,9.159,-127.6,-0.02,-,,,0.00,0.0,0.7,4121
140.86,-17.002,9.159,-127.6,-0.02,-,,,0.00,0.0,0.7,4121
140.91,-17.002,9.159,-127.6,-0.02,-,,,0.00,0.0,0.7,4137
140.96,-17.002,9.157,-127.6,0.01,-,,,0.00,0.0,0.7,4137
141.01,-17.002,9.157,-127.6,0.01,-,,,0.00,0.0,0.8,4121
141.06,-17.002,9.157,-127.6,0.01,-,,,0.00,0.0,0.8,4137
141.11,-17.002,9.158,-127.6,-0.00,-,,,0.00,0.0,0.7,4121
141.16,-17.002,9.158,-127.6,-0.00,-,,,0.00,0.0,0.7,4121
141.21,-17.002,9.157,-127.6,0.01,-,,,0.00,0.0,0.7,4152
141.26,-17.002,9.157,-127.6,0.01,-,,,0.00,0.0,0.8,4137
141.31,-17.002,9.157,-127.6,0.01,-,,,0.00,0.0,0.7,4121
141.36,-17.002,9.157,-127.6,0.01,-,,,0.00,0.0,0.7,4137
141.41,-17.001,9.158,-127.6,-0.01,-,,,0.00,0.0,0.7,4121
141.46,-17.001,9.158,-127.6,-0.01,-,,,0.00,0.0,0.7,4137
141.51,-17.001,9.158,-127.6,-0.00,-,,,0.00,0.0,0.7,4152
141.56,-17.001,9.158,-127.6,-0.00,-,,,0.00,0.0,0.7,4137
141.61,-17.000,9.158,-127.6,-0.01,-,,,0.00,0.0,0.7,4137
141.66,-17.000,9.158,-127.6,-0.01,-,,,0.00,0.0,0.7,4137
141.71,-16.999,9.158,-127.6,-0.00,-,,,0.00,0.0,0.8,4121
141.76,-16.999,9.158,-127.6,-0.00,-,,,0.00,0.0,0.7,4137
141.81,-17.002,9.159,-127.6,0.01,-,,,0.00,0.0,0.8,4137
141.86,-17.002,9.159,-127.6,0.01,-,,,0.00,0.0,0.7,4121
141.91,-17.002,9.159,-127.6,0.01,-,,,0.00,0.0,0.7,4121
141.96,-16.999,9.159,-127.6,-0.01,-,,,0.00,0.0,0.7,4137
142.01,-16.999,9.159,-127.6,-0.01,-,,,0.00,0.0,0.7,4137
142.06,-16.999,9.159,-127.6,-0.01,-,,,0.00,0.0,0.7,4121
142.11,-17.000,9.159,-127.6,-0.00,-,,,0.00,0.0,0.7,4137
142.16,-17.000,9.159,-127.6,-0.00,-,,,0.00,0.0,0.7,4137
142.21,-16.999,9.158,-127.6,0.00,-,,,0.00,0.0,0.6,4137
142.26,-16.999,9.158,-127.6,0.00,-,,,0.00,0.0,0.8,4137
142.31,-16.999,9.158,-127.6,0.00,-,,,0.00,0.0,0.7,4137
142.36,-16.999,9.158,-127.6,0.00,-,,,0.00,0.0,0.7,4137
142.41,-17.000,9.158,-127.6,0.00,-,,,0.00,0.0,0.7,4121
142.46,-17.000,9.158,-127.6,0.00,-,,,0.00,0.0,0.7,4137
142.51,-17.002,9.157,-127.6,0.03,-,,,0.00,0.0,0.7,4137
142.56,-17.002,9.157,-127.6,0.03,-,,,0.00,0.0,0.7,4137
142.61,-17.001,9.158,-127.6,-0.01,-,,,0.50,0.0,0.7,4137
142.66,-17.001,9.158,-127.6,-0.01,-,,,0.50,0.0,0.6,4121
142.71,-17.001,9.158,-127.6,-0.00,-,,,0.50,0.0,0.7,4121
142.76,-17.001,9.158,-127.6,-0.00,-,,,0.50,0.0,0.7,4152
142.81,-17.001,9.156,-127.6,0.01,-,,,0.50,0.0,0.8,4121
142.86,-17.001,9.156,-127.6,0.01,-,,,0.50,0.0,0.8,4121
142.91,-17.001,9.156,-127.6,0.01,-,,,0.50,-0.0,0.7,4137
142.96,-17.000,9.157,-127.5,-0.01,-,,,0.50,-0.0,0.7,4121
143.01,-17.000,9.157,-127.6,-0.01,-,,,0.50,-0.1,0.7,4121
143.06,-17.000,9.157,-127.6,-0.01,-,,,0.50,-0.1,0.7,4137
143.11,-16.995,9.153,-127.6,-0.00,-,,,0.50,0.0,0.7,4137
143.16,-16.995,9.153,-127.6,-0.00,-,,,0.50,0.0,0.7,4121
143.21,-16.982,9.148,-127.6,-0.04,-,,,0.50,0.0,0.7,4137
143.26,-16.982,9.148,-127.6,-0.04,-,,,0.50,0.0,0.7,4137
143.31,-16.982,9.148,-127.5,-0.04,-,,,0.50,-0.0,0.7,4121
143.36,-16.982,9.148,-127.6,-0.04,-,,,0.50,-0.0,0.8,4137
143.41,-16.938,9.125,-127.7,-0.05,-,,,0.50,-0.1,0.8,4137
143.46,-16.938,9.125,-127.7,-0.05,-,,,0.50,-0.1,0.7,4137
143.51,-16.902,9.106,-127.7,-0.06,-,,,0.50,0.1,0.7,4121
143.56,-16.902,9.106,-127.6,-0.06,-,,,0.50,0.1,0.7,4137
143.61,-16.856,9.092,-127.7,-0.17,-,,,0.50,0.1,0.7,4137
143.66,-16.856,9.092,-127.7,-0.17,-,,,0.50,0.1,0.7,4137
143.71,-16.808,9.070,-127.6,-0.12,-,,,0.50,0.1,0.8,4137
143.76,-16.808,9.070,-127.6,-0.12,-,,,0.50,0.1,0.7,4152
143.81,-16.751,9.042,-127.6,-0.12,-,,,0.50,0.1,0.6,4137
143.86,-16.751,9.042,-127.6,-0.12,-,,,0.50,0.1,0.8,4121
143.91,-16.751,9.042,-127.7,-0.12,-,,,0.50,0.0,0.6,4137
143.96,-16.686,9.010,-127.7,-0.11,-,,,0.50,0.0,0.7,4137
144.01,-16.686,9.010,-127.8,-0.11,-,,,0.50,0.2,0.8,4137
144.06,-16.686,9.010,-127.8,-0.11,-,,,0.50,0.2,0.7,4137
144.11,-16.564,8.960,-127.8,-0.21,-,,,0.50,0.3,0.7,4137
144.16,-16.564,8.960,-127.8,-0.21,-,,,0.50,0.3,0.7,4137
144.21,-16.499,8.928,-127.7,-0.14,-,,,0.50,0.3,0.7,4152
144.26,-16.499,8.928,-127.8,-0.14,-,,,0.50,0.3,0.7,4137
144.31,-16.435,8.903,-127.8,-0.22,-,,,0.50,0.3,0.7,4137
144.36,-16.435,8.903,-127.8,-0.22,-,,,0.50,0.3,0.7,4137
144.41,-16.367,8.872,-127.7,-0.16,-,,,0.50,0.3,0.6,4137
144.46,-16.367,8.872,-127.6,-0.16,-,,,0.50,0.3,0.8,4121
144.51,-16.295,8.839,-127.8,-0.18,-,,,0.50,0.1,0.8,4137
144.56,-16.295,8.839,-127.8,-0.18,-,,,0.50,0.1,0.7,4137
144.61,-16.227,8.815,-127.7,-0.22,-,,,0.50,0.3,0.8,4121
144.66,-16.227,8.815,-127.7,-0.22,-,,,0.50,0.3,0.7,4137
144.71,-16.157,8.779,-127.7,-0.15,-,,,0.50,0.1,0.8,4137
144.76,-16.157,8.779,-127.7,-0.15,-,,,0.50,0.1,0.7,4121
144.81,-16.091,8.749,-127.6,-0.16,-,,,0.50,0.2,0.7,4137
144.86,-16.091,8.749,-127.6,-0.16,-,,,0.50,0.2,0.7,4137
144.91,-16.024,8.715,-127.5,-0.12,-,,,0.50,-0.1,0.7,4137
144.96,-16.024,8.715,-127.5,-0.12,-,,,0.50,-0.1,0.7,4137
145.01,-16.024,8.715,-127.5,-0.12,-,,,0.50,-0.1,0.6,4152
145.06,-16.024,8.715,-127.5,-0.12,-,,,0.50,-0.1,0.7,4137
145.11,-15.890,8.656,-127.6,-0.19,-,,,0.50,-0.1,0.7,4137
145.16,-15.890,8.656,-127.6,-0.19,-,,,0.50,-0.1,0.7,4137
145.21,-15.822,8.623,-127.7,-0.17,-,,,0.50,-0.0,0.8,4137
145.26,-15.822,8.623,-127.7,-0.17,-,,,0.50,-0.0,0.6,4121
145.31,-15.752,8.592,-127.8,-0.17,-,,,0.50,0.2,0.6,4152
145.36,-15.752,8.592,-127.7,-0.17,-,,,0.50,0.2,0.7,4121
145.41,-15.686,8.569,-127.8,-0.22,-,,,0.50,0.2,0.8,4137
145.46,-15.686,8.569,-127.9,-0.22,-,,,0.50,0.2,0.7,4152
145.51,-15.627,8.539,-127.8,-0.12,-,,,0.50,0.4,0.8,4137
145.56,-15.627,8.539,-127.8,-0.12,-,,,0.50,0.4,0.7,4121
145.61,-15.557,8.511,-127.9,-0.21,-,,,0.50,0.4,0.7,4137
145.66,-15.557,8.511,-127.8,-0.21,-,,,0.50,0.4,0.7,4121
145.71,-15.482,8.482,-127.8,-0.23,-,,,0.50,0.4,0.8,4121
145.76,-15.482,8.482,-127.8,-0.23,-,,,0.50,0.4,0.7,4152
145.81,-15.408,8.445,-127.8,-0.18,-,,,0.50,0.2,0.7,4152
145.86,-15.408,8.445,-127.8,-0.18,-,,,0.50,0.2,0.7,4121
145.91,-15.327,8.412,-127.8,-0.18,-,,,0.50,0.4,0.7,4137
145.96,-15.327,8.412,-127.8,-0.18,-,,,0.50,0.4,0.7,4137
146.01,-15.327,8.412,-127.8,-0.18,-,,,0.50,0.2,0.8,4137
146.06,-15.327,8.412,-127.8,-0.18,-,,,0.50,0.2,0.7,4152
146.11,-15.166,8.338,-127.7,-0.24,-,,,0.50,0.3,0.7,4137
146.16,-15.166,8.338,-127.8,-0.24,-,,,0.50,0.3,0.7,4121
146.21,-15.080,8.295,-127.7,-0.17,-,,,0.50,0.2,0.7,4152
146.26,-15.080,8.295,-127.8,-0.17,-,,,0.50,0.2,0.7,4137
146.31,-14.992,8.256,-127.8,-0.23,-,,,0.50,0.3,0.7,4137
146.36,-14.992,8.256,-127.7,-0.23,-,,,0.50,0.3,0.7,4137
146.41,-14.904,8.217,-127.8,-0.23,-,,,0.50,0.2,0.7,4137
146.46,-14.904,8.217,-127.9,-0.23,-,,,0.50,0.2,0.7,4121
146.51,-14.811,8.177,-127.8,-0.25,-,,,0.50,0.4,0.7,4152
146.56,-14.811,8.177,-127.7,-0.25,-,,,0.50,0.4,0.8,4137
146.61,-14.716,8.130,-127.8,-0.21,-,,,0.50,0.2,0.7,4137
146.66,-14.716,8.130,-127.8,-0.21,-,,,0.50,0.2,0.7,4137
146.71,-14.616,8.089,-127.8,-0.32,-,,,0.50,0.3,0.8,4137
146.76,-14.616,8.089,-127.8,-0.32,-,,,0.50,0.3,0.8,4121
146.81,-14.518,8.044,-127.7,-0.23,-,,,0.50,0.3,0.6,4137
146.86,-14.518,8.044,-127.7,-0.23,-,,,0.50,0.3,0.7,4137
146.91,-14.518,8.044,-127.8,-0.23,-,,,0.50,0.1,0.7,4137
146.96,-14.419,7.997,-127.8,-0.18,-,,,0.50,0.1,0.7,4137
147.01,-14.419,7.997,-127.8,-0.18,-,,,0.50,0.3,0.8,4137
147.06,-14.419,7.997,-127.8,-0.18,-,,,0.50,0.3,0.7,4137
147.11,-14.210,7.906,-127.8,-0.33,-,,,0.50,0.3,0.7,4137
147.16,-14.210,7.906,-127.8,-0.33,-,,,0.50,0.3,0.7,4152
147.21,-14.106,7.858,-127.9,-0.26,-,,,0.50,0.4,0.7,4137
147.26,-14.106,7.858,-127.8,-0.26,-,,,0.50,0.4,0.7,4137
147.31,-13.998,7.808,-127.7,-0.27,-,,,0.50,0.4,0.7,4137
147.36,-13.998,7.808,-127.8,-0.27,-,,,0.50,0.4,0.7,4152
147.41,-13.889,7.760,-127.8,-0.29,-,,,0.50,0.3,0.8,4121
147.46,-13.889,7.760,-127.8,-0.29,-,,,0.50,0.3,0.8,4137
147.51,-13.779,7.709,-127.8,-0.27,-,,,0.50,0.3,0.8,4137
147.56,-13.779,7.709,-127.8,-0.27,-,,,0.50,0.3,0.7,4137
147.61,-13.662,7.660,-127.8,-0.34,-,,,0.50,0.3,0.8,4137
147.66,-13.662,7.660,-127.8,-0.34,-,,,0.50,0.3,0.8,4137
147.71,-13.553,7.610,-127.8,-0.27,-,,,0.50,0.3,0.7,4121
147.76,-13.553,7.610,-127.7,-0.27,-,,,0.50,0.3,0.7,4137
147.81,-13.437,7.553,-127.8,-0.26,-,,,0.50,0.2,0.7,4137
147.86,-13.437,7.553,-127.7,-0.26,-,,,0.50,0.2,0.7,4137
147.91,-13.319,7.503,-127.7,-0.32,-,,,0.50,0.2,0.7,4137
147.96,-13.319,7.503,-127.7,-0.32,-,,,0.50,0.2,0.8,4137
148.01,-13.201,7.451,-127.8,-0.31,-,,,0.50,0.1,0.7,4152
148.06,-13.201,7.451,-127.7,-0.31,-,,,0.50,0.1,0.6,4137
148.11,-13.201,7.451,-127.7,-0.31,-,,,0.50,0.2,0.7,4137
148.16,-13.082,7.397,-127.7,-0.25,-,,,0.50,0.2,0.7,4137
148.21,-13.082,7.397,-127.7,-0.25,-,,,0.50,0.2,0.7,4137
148.26,-13.082,7.397,-127.7,-0.25,-,,,0.50,0.2,0.7,4137
148.31,-12.839,7.289,-127.7,-0.35,-,,,0.50,0.1,0.7,4152
148.36,-12.839,7.289,-127.7,-0.35,-,,,0.50,0.1,0.7,4167
148.41,-12.721,7.236,-127.8,-0.31,-,,,0.50,0.2,0.7,4121
148.46,-12.721,7.236,-127.8,-0.31,-,,,0.50,0.2,0.7,4137
148.51,-12.598,7.179,-127.8,-0.30,-,,,0.50,0.3,0.7,4137
148.56,-12.598,7.179,-127.8,-0.30,-,,,0.50,0.3,0.7,4121
148.61,-12.476,7.129,-127.7,-0.36,-,,,0.50,0.3,0.7,4152
148.66,-12.476,7.129,-127.7,-0.36,-,,,0.50,0.3,0.7,4137
148.71,-12.350,7.070,-127.7,-0.30,-,,,0.50,0.1,0.7,4121
148.76,-12.350,7.070,-127.7,-0.30,-,,,0.50,0.1,0.7,4137
148.81,-12.226,7.012,-127.8,-0.33,-,,,0.50,0.2,0.8,4137
148.86,-12.226,7.012,-127.8,-0.33,-,,,0.50,0.2,0.7,4137
148.91,-12.226,7.012,-127.8,-0.33,-,,,0.50,0.3,0.7,4137
148.96,-12.103,6.957,-127.8,-0.23,-,,,0.50,0.3,0.7,4121
149.01,-12.103,6.957,-127.8,-0.23,-,,,0.50,0.2,0.7,4137
149.06,-12.103,6.957,-127.8,-0.23,-,,,0.50,0.2,0.7,4152
149.11,-11.845,6.846,-127.9,-0.41,-,,,0.50,0.3,0.6,4137
149.16,-11.845,6.846,-127.9,-0.41,-,,,0.50,0.3,0.8,4137
149.21,-11.717,6.791,-127.9,-0.32,-,,,0.50,0.4,0.7,4121
149.26,-11.717,6.791,-127.8,-0.32,-,,,0.50,0.4,0.7,4137
149.31,-11.717,6.791,-127.8,-0.32,-,,,0.50,0.4,0.7,4106
149.36,-11.717,6.791,-127.8,-0.32,-,,,0.50,0.4,0.8,4137
149.41,-11.461,6.670,-23.1,-0.33,-,,,0.50,0.4,0.7,4152
149.46,-11.461,6.670,-23.1,-0.33,-,,,0.50,0.4,0.7,4152
149.51,-11.334,6.611,-23.1,1.40,-,,,0.00,0.0,0.8,4121
149.56,-11.334,6.611,-23.1,1.40,-,,,0.00,0.0,0.7,4121
149.61,-11.207,6.559,-23.2,1.38,-,,,0.00,0.0,0.7,4137
149.66,-11.207,6.559,-23.2,1.38,-,,,0.00,0.0,0.7,4152
149.71,-11.078,6.498,-23.1,1.57,-,,,0.00,0.0,0.7,4137
149.76,-11.078,6.498,-23.1,1.57,-,,,0.00,0.0,0.7,4137
149.81,-10.950,6.440,-23.1,1.29,-,,,0.00,0.0,0.8,4121
149.86,-10.950,6.440,-23.1,1.29,-,,,0.00,0.0,0.6,4121
149.91,-10.950,6.440,-23.1,1.29,-,,,0.00,0.0,0.8,4121
149.96,-10.837,6.388,-23.1,1.03,-,,,0.00,0.0,0.8,4121
150.01,-10.837,6.388,-23.1,1.03,-,,,0.00,0.0,0.8,4121
150.06,-10.837,6.388,-23.1,1.03,-,,,0.00,0.0,0.7,4137
150.11,-10.624,6.285,-23.1,1.31,-,,,0.00,0.0,0.8,4137
150.16,-10.624,6.285,-23.1,1.31,-,,,0.00,0.0,0.8,4137
150.21,-10.624,6.285,-23.0,1.31,-,,,0.00,0.0,0.8,4121
150.26,-10.524,6.239,-23.0,0.85,-,,,0.00,0.0,0.7,4137
150.31,-10.524,6.239,-23.1,0.85,-,,,0.00,0.0,0.8,4121
150.36,-10.524,6.239,-23.1,0.85,-,,,0.00,0.0,0.7,4137
150.41,-10.345,6.160,-23.1,1.15,-,,,0.00,0.0,0.7,4137
150.46,-10.345,6.160,-23.1,1.15,-,,,0.00,0.0,0.8,4121
150.51,-10.259,6.123,-23.1,0.94,-,,,0.00,0.0,0.7,4152
150.56,-10.259,6.123,-23.1,0.94,-,,,0.00,0.0,0.8,4106
150.61,-10.181,6.087,-23.1,0.95,-,,,0.00,0.0,0.7,4137
150.66,-10.181,6.087,-23.1,0.95,-,,,0.00,0.0,0.8,4137
150.71,-10.108,6.055,-23.0,0.72,-,,,0.00,0.0,0.7,4152
150.76,-10.108,6.055,-23.0,0.72,-,,,0.00,0.0,0.7,4121
150.81,-10.038,6.021,-23.0,0.78,-,,,0.00,0.0,0.8,4137
150.86,-10.038,6.021,-23.0,0.78,-,,,0.00,0.0,0.7,4121
150.91,-10.038,6.021,-22.9,0.78,-,,,0.00,0.0,0.8,4121
150.96,-9.975,5.993,-22.9,0.49,-,,,0.00,0.0,0.7,4121
151.01,-9.975,5.993,-22.9,0.49,-,,,0.00,0.0,0.7,4137
151.06,-9.975,5.993,-22.9,0.49,-,,,0.00,0.0,0.7,4121
151.11,-9.859,5.941,-22.9,0.79,-,,,0.00,0.0,0.7,4137
151.16,-9.859,5.941,-23.0,0.79,-,,,0.00,0.0,0.7,4137
151.21,-9.811,5.919,-22.9,0.46,-,,,0.00,0.0,0.8,4137
151.26,-9.811,5.919,-22.9,0.46,-,,,0.00,0.0,0.7,4137
151.31,-9.811,5.919,-22.9,0.46,-,,,0.00,0.0,0.7,4152
151.36,-9.811,5.919,-22.9,0.46,-,,,0.00,0.0,0.8,4121
151.41,-9.723,5.880,-22.9,0.52,-,,,0.00,0.0,0.7,4137
151.46,-9.723,5.880,-22.9,0.52,-,,,0.00,0.0,0.8,4137
151.51,-9.691,5.865,-22.8,0.39,-,,,0.00,0.0,0.7,4137
151.56,-9.691,5.865,-22.9,0.39,-,,,0.00,0.0,0.8,4121
151.61,-9.659,5.850,-22.9,0.32,-,,,0.00,0.0,0.7,4137
151.66,-9.659,5.850,-22.9,0.32,-,,,0.00,0.0,0.8,4121
151.71,-9.634,5.836,-22.8,0.28,-,,,0.00,0.0,0.7,4137
151.76,-9.634,5.836,-22.8,0.28,-,,,0.00,0.0,0.7,4137
151.81,-9.614,5.828,-22.9,0.22,-,,,0.00,0.0,0.8,4137
151.86,-9.614,5.828,-22.8,0.22,-,,,0.00,0.0,0.7,4121
151.91,-9.614,5.828,-22.8,0.22,-,,,0.00,0.0,0.7,4137
151.96,-9.593,5.821,-22.8,0.18,-,,,0.00,0.0,0.7,4121
152.01,-9.593,5.821,-22.9,0.18,-,,,0.00,0.0,0.7,4121
152.06,-9.593,5.821,-22.9,0.18,-,,,0.00,0.0,0.7,4137
152.11,-9.571,5.813,-22.9,0.13,-,,,0.00,0.0,0.7,4137
152.16,-9.571,5.813,-22.9,0.13,-,,,0.00,0.0,0.8,4121
152.21,-9.565,5.810,-22.9,0.07,-,,,0.00,0.0,0.7,4137
152.26,-9.565,5.810,-22.9,0.07,-,,,0.00,0.0,0.7,4137
152.31,-9.564,5.807,-22.9,0.02,-,,,0.00,0.0,0.7,4121
152.36,-9.564,5.807,-22.9,0.02,-,,,0.00,0.0,0.7,4152
152.41,-9.566,5.810,-22.9,-0.04,-,,,0.00,0.0,0.7,4137
152.46,-9.566,5.810,-22.9,-0.04,-,,,0.00,0.0,0.7,4137
152.51,-9.571,5.814,-22.9,-0.05,-,,,0.00,0.0,0.7,4137
152.56,-9.571,5.814,-22.9,-0.05,-,,,0.00,0.0,0.7,4137
152.61,-9.577,5.814,-22.9,-0.05,-,,,0.00,0.0,0.7,4137
152.66,-9.577,5.814,-22.9,-0.05,-,,,0.00,0.0,0.8,4121
152.71,-9.580,5.816,-22.8,-0.05,-,,,0.00,0.0,0.8,4137
152.76,-9.580,5.816,-22.8,-0.05,-,,,0.00,0.0,0.7,4137
152.81,-9.582,5.815,-22.8,-0.01,-,,,0.00,0.0,0.7,4121
152.86,-9.582,5.815,-22.8,-0.01,-,,,0.00,0.0,0.6,4137
152.91,-9.582,5.815,-22.8,-0.01,-,,,0.00,0.0,0.7,4137
152.96,-9.583,5.817,-22.8,-0.01,-,,,0.00,0.0,0.7,4137
153.01,-9.583,5.817,-22.8,-0.01,-,,,0.00,0.0,0.8,4121
153.06,-9.583,5.817,-22.8,-0.01,-,,,0.00,0.0,0.7,4152
153.11,-9.583,5.816,-22.8,0.01,-,,,0.00,0.0,0.8,4121
153.16,-9.583,5.816,-22.8,0.01,-,,,0.00,0.0,0.7,4137
153.21,-9.581,5.814,-22.8,0.03,-,,,0.00,0.0,0.7,4137
153.26,-9.581,5.814,-22.8,0.03,-,,,0.00,0.0,0.7,4121
153.31,-9.580,5.815,-22.8,0.00,-,,,0.00,0.0,0.6,4121
153.36,-9.580,5.815,-22.8,0.00,-,,,0.00,0.0,0.6,4121
153.41,-9.582,5.814,-22.8,-0.01,-,,,0.00,0.0,0.8,4121
153.46,-9.582,5.814,-22.8,-0.01,-,,,0.00,0.0,0.7,4137
153.51,-9.582,5.814,-22.8,-0.01,-,,,0.00,0.0,0.7,4137
153.56,-9.582,5.814,-22.8,-0.01,-,,,0.00,0.0,0.7,4137
153.61,-9.581,5.815,-22.8,0.01,-,,,0.00,0.0,0.6,4137
153.66,-9.581,5.815,-22.8,0.01,-,,,0.00,0.0,0.7,4137
153.71,-9.581,5.816,-22.8,-0.00,-,,,0.00,0.0,0.7,4137
153.76,-9.581,5.816,-22.7,-0.00,-,,,0.00,0.0,0.8,4137
153.81,-9.583,5.817,-22.7,-0.02,-,,,0.00,0.0,0.8,4137
153.86,-9.583,5.817,-22.7,-0.02,-,,,0.00,0.0,0.8,4137
153.91,-9.583,5.817,-22.7,-0.02,-,,,0.00,0.0,0.7,4137
153.96,-9.582,5.816,-22.7,0.01,-,,,0.00,0.0,0.7,4121
154.01,-9.582,5.816,-22.7,0.01,-,,,0.00,0.0,0.7,4121
154.06,-9.582,5.816,-22.7,0.01,-,,,0.00,0.0,0.8,4137
154.11,-9.582,5.815,-22.7,0.01,-,,,0.00,0.0,0.6,4137
154.16,-9.582,5.815,-22.7,0.01,-,,,0.00,0.0,0.7,4152
154.21,-9.581,5.816,-22.7,0.00,-,,,0.00,0.0,0.7,4121
154.26,-9.581,5.816,-22.7,0.00,-,,,0.00,0.0,0.7,4121
154.31,-9.580,5.814,-22.7,0.01,-,,,0.00,0.0,0.8,4137
154.36,-9.580,5.814,-22.7,0.01,-,,,0.00,0.0,0.7,4152
154.41,-9.581,5.813,-22.7,-0.00,-,,,0.00,0.0,0.7,4152
154.46,-9.581,5.813,-22.7,-0.00,-,,,0.00,0.0,0.8,4121
154.51,-9.583,5.813,-22.7,-0.02,-,,,0.00,0.0,0.7,4137
154.56,-9.583,5.813,-22.7,-0.02,-,,,0.00,0.0,0.7,4137
154.61,-9.583,5.811,-22.7,0.01,-,,,0.00,0.0,0.8,4137
154.66,-9.583,5.811,-22.7,0.01,-,,,0.00,0.0,0.7,4137
154.71,-9.585,5.814,-22.7,-0.03,-,,,0.00,0.0,0.7,4137
154.76,-9.585,5.814,-22.7,-0.03,-,,,0.00,0.0,0.7,4121
154.81,-9.584,5.815,-22.7,0.01,-,,,0.00,0.0,0.7,4137
154.86,-9.584,5.815,-22.7,0.01,-,,,0.00,0.0,0.8,4121
154.91,-9.584,5.815,-22.7,0.01,-,,,0.00,0.0,0.7,4121
154.96,-9.583,5.817,-22.7,0.00,-,,,0.00,0.0,0.7,4152
155.01,-9.583,5.817,-22.6,0.00,-,,,0.00,0.0,0.7,4152
155.06,-9.583,5.817,-22.6,0.00,-,,,0.00,0.0,0.7,4121
155.11,-9.584,5.818,-22.6,-0.01,-,,,0.00,0.0,0.7,4137
155.16,-9.584,5.818,-22.6,-0.01,-,,,0.00,0.0,0.7,4137
155.21,-9.585,5.816,-22.6,0.00,-,,,0.00,0.0,0.7,4137
155.26,-9.585,5.816,-22.6,0.00,-,,,0.00,0.0,0.6,4152
155.31,-9.583,5.815,-22.6,0.02,-,,,0.00,0.0,0.8,4137
155.36,-9.583,5.815,-22.6,0.02,-,,,0.00,0.0,0.7,4137
155.41,-9.583,5.817,-22.6,-0.01,-,,,0.00,0.0,0.7,4137
155.46,-9.583,5.817,-22.6,-0.01,-,,,0.00,0.0,0.7,4152
155.51,-9.583,5.816,-22.6,0.01,-,,,0.00,0.0,0.7,4121
155.56,-9.583,5.816,-22.6,0.01,-,,,0.00,0.0,0.7,4137
155.61,-9.584,5.814,-22.6,0.00,-,,,0.00,0.0,0.7,4121
155.66,-9.584,5.814,-22.6,0.00,-,,,0.00,0.0,0.7,4152
155.71,-9.584,5.818,-22.6,-0.01,-,,,0.00,0.0,0.7,4137
155.76,-9.584,5.818,-22.6,-0.01,-,,,0.00,0.0,0.7,4137
155.81,-9.584,5.817,-22.6,0.00,-,,,0.00,0.0,0.7,4137
155.86,-9.584,5.817,-22.6,0.00,-,,,0.00,0.0,0.7,4137
155.91,-9.583,5.817,-22.6,0.00,-,,,0.00,0.0,0.7,4137
155.96,-9.583,5.817,-22.6,0.00,-,,,0.00,0.0,0.8,4152
156.01,-9.583,5.817,-22.6,0.00,-,,,0.00,0.0,0.6,4121
156.06,-9.583,5.817,-22.6,0.00,-,,,0.00,0.0,0.7,4137
156.11,-9.584,5.816,-22.6,-0.00,-,,,0.00,0.0,0.8,4137
156.16,-9.584,5.816,-22.6,-0.00,-,,,0.00,0.0,0.7,4137
156.21,-9.583,5.816,-22.6,0.01,-,,,0.00,0.0,0.7,4152
156.26,-9.583,5.816,-22.6,0.01,-,,,0.00,0.0,0.7,4137
156.31,-9.582,5.818,-22.6,0.00,-,,,0.00,0.0,0.7,4121
156.36,-9.582,5.818,-22.6,0.00,-,,,0.00,0.0,0.7,4152
156.41,-9.583,5.816,-22.5,-0.00,-,,,0.00,0.0,0.7,4121
156.46,-9.583,5.816,-22.5,-0.00,-,,,0.00,0.0,0.8,4152
156.51,-9.582,5.817,-22.5,0.00,-,,,0.00,0.0,0.7,4137
156.56,-9.582,5.817,-22.5,0.00,-,,,0.00,0.0,0.7,4121
156.61,-9.582,5.817,-22.5,0.00,-,,,0.00,0.0,0.7,4137
156.66,-9.582,5.817,-22.5,0.00,-,,,0.00,0.0,0.7,4152
156.71,-9.583,5.817,-22.5,-0.01,-,,,0.00,0.0,0.8,4121
156.76,-9.583,5.817,-22.5,-0.01,-,,,0.00,0.0,0.7,4137
156.81,-9.583,5.816,-22.5,0.01,-,,,0.00,0.0,0.7,4137
156.86,-9.583,5.816,-22.5,0.01,-,,,0.00,0.0,0.7,4137
156.91,-9.583,5.816,-22.5,-0.00,-,,,0.00,0.0,0.8,4137
156.96,-9.583,5.816,-22.5,-0.00,-,,,0.00,0.0,0.7,4152
157.01,-9.581,5.816,-22.5,0.02,-,,,0.00,0.0,0.7,4137
157.06,-9.581,5.816,-22.5,0.02,-,,,0.00,0.0,0.7,4152
157.11,-9.581,5.816,-22.5,0.02,-,,,0.00,0.0,0.7,4137
157.16,-9.580,5.818,-22.5,0.00,-,,,0.00,0.0,0.7,4152
157.21,-9.580,5.818,-22.5,0.00,-,,,0.00,0.0,0.7,4137
157.26,-9.580,5.818,-22.5,0.00,-,,,0.00,0.0,0.7,4152
157.31,-9.581,5.816,-22.5,-0.00,-,,,0.00,0.0,0.7,4121
157.36,-9.581,5.816,-22.5,-0.00,-,,,0.00,0.0,0.7,4152
157.41,-9.581,5.817,-22.5,-0.00,-,,,0.00,0.0,0.7,4137
157.46,-9.581,5.817,-22.5,-0.00,-,,,0.00,0.0,0.8,4137
157.51,-9.581,5.817,-22.5,0.00,-,,,0.00,0.0,0.7,4137
157.56,-9.581,5.817,-22.5,0.00,-,,,0.00,0.0,0.7,4152
157.61,-9.582,5.817,-22.4,-0.01,-,,,0.00,0.0,0.7,4137
157.66,-9.582,5.817,-22.4,-0.01,-,,,0.00,0.0,0.7,4137
157.71,-9.581,5.817,-22.4,0.00,-,,,0.00,0.0,0.7,4137
157.76,-9.581,5.817,-22.4,0.00,-,,,0.00,0.0,0.6,4137
157.81,-9.582,5.817,-22.4,-0.01,-,,,0.00,0.0,0.7,4137
157.86,-9.582,5.817,-22.4,-0.01,-,,,0.00,0.0,0.7,4137
157.91,-9.582,5.817,-22.4,-0.01,-,,,0.00,0.0,0.7,4137
157.96,-9.580,5.818,-22.4,0.01,-,,,0.00,0.0,0.7,4137
158.01,-9.580,5.818,-22.4,0.01,-,,,0.00,0.0,0.6,4137
158.06,-9.580,5.818,-22.4,0.01,-,,,0.00,0.0,0.8,4137
158.11,-9.581,5.817,-22.4,-0.00,-,,,0.00,0.0,0.7,4152
158.16,-9.581,5.817,-22.4,-0.00,-,,,0.00,0.0,0.6,4137
158.21,-9.581,5.820,-22.4,-0.00,-,,,0.00,0.0,0.7,4137
158.26,-9.581,5.820,-22.4,-0.00,-,,,0.00,0.0,0.8,4137
158.31,-9.580,5.818,-22.4,0.01,-,,,0.00,0.0,0.8,4137
158.36,-9.580,5.818,-22.4,0.01,-,,,0.00,0.0,0.7,4137
158.41,-9.582,5.818,-22.4,-0.02,-,,,0.00,0.0,0.6,4137
158.46,-9.582,5.818,-22.4,-0.02,-,,,0.00,0.0,0.6,4137
158.51,-9.582,5.819,-22.4,-0.00,-,,,0.00,0.0,0.7,4137
158.56,-9.582,5.819,-22.4,-0.00,-,,,0.00,0.0,0.9,4121
158.61,-9.580,5.817,-22.4,0.03,-,,,0.00,0.0,0.7,4137
158.66,-9.580,5.817,-22.4,0.03,-,,,0.00,0.0,0.7,4137
158.71,-9.580,5.817,-22.4,-0.01,-,,,0.00,0.0,0.7,4121
158.76,-9.580,5.817,-22.4,-0.01,-,,,0.00,0.0,0.7,4137
158.81,-9.580,5.817,-22.4,0.00,-,,,0.00,0.0,0.7,4137
158.86,-9.580,5.817,-22.4,0.00,-,,,0.00,0.0,0.7,4137
158.91,-9.580,5.817,-22.3,0.00,-,,,0.00,0.0,0.8,4121
158.96,-9.580,5.816,-22.3,0.00,-,,,0.00,0.0,0.7,4152
159.01,-9.580,5.816,-22.3,0.00,-,,,0.00,0.0,0.7,4121
159.06,-9.580,5.816,-22.3,0.00,-,,,0.00,0.0,0.7,4137
159.11,-9.582,5.818,-22.3,-0.01,-,,,0.00,0.0,0.7,4137
159.16,-9.582,5.818,-22.3,-0.01,-,,,0.00,0.0,0.8,4121
159.21,-9.581,5.818,-22.3,0.01,-,,,0.00,0.0,0.7,4137
159.26,-9.581,5.818,-22.3,0.01,-,,,0.00,0.0,0.7,4137
159.31,-9.583,5.819,-22.3,-0.02,-,,,0.00,0.0,0.6,4137
159.36,-9.583,5.819,-22.3,-0.02,-,,,0.00,0.0,0.7,4167
159.41,-9.582,5.816,-22.3,0.01,-,,,0.00,0.0,0.7,4137
159.46,-9.582,5.816,-22.3,0.01,-,,,0.00,0.0,0.7,4152
159.51,-9.584,5.819,-22.3,-0.03,-,,,0.00,0.0,0.7,4152
159.56,-9.584,5.819,-22.3,-0.03,-,,,0.00,0.0,0.8,4121
159.61,-9.583,5.818,-22.3,0.01,-,,,0.00,0.0,0.7,4137
159.66,-9.583,5.818,-22.3,0.01,-,,,0.00,0.0,0.7,4137
159.71,-9.582,5.817,-22.3,0.02,-,,,0.00,0.0,0.8,4121
159.76,-9.582,5.817,-22.3,0.02,-,,,0.00,0.0,0.7,4137
159.81,-9.583,5.817,-22.3,-0.01,-,,,0.00,0.0,0.7,4137
159.86,-9.583,5.817,-22.3,-0.01,-,,,0.00,0.0,0.7,4121
159.91,-9.581,5.820,-22.3,0.01,-,,,0.00,0.0,0.7,4152
159.96,-9.581,5.820,-22.3,0.01,-,,,0.00,0.0,0.7,4137
160.01,-9.581,5.820,-22.3,0.01,-,,,0.00,0.0,0.8,4137
160.06,-9.581,5.820,-22.3,0.01,-,,,0.00,0.0,0.7,4137
160.11,-9.582,5.820,-22.3,-0.01,-,,,0.00,0.0,0.7,4137
160.16,-9.582,5.820,-22.3,-0.01,-,,,0.00,0.0,0.8,4121
160.21,-9.581,5.820,-22.3,0.01,-,,,0.00,0.0,0.7,4137
160.26,-9.581,5.820,-22.3,0.01,-,,,0.00,0.0,0.7,4137
160.31,-9.581,5.819,-22.3,0.00,-,,,0.00,0.0,0.7,4137
160.36,-9.581,5.819,-22.3,0.00,-,,,0.00,0.0,0.7,4137
160.41,-9.581,5.819,-22.2,-0.00,-,,,0.00,0.0,0.6,4137
160.46,-9.581,5.819,-22.2,-0.00,-,,,0.00,0.0,0.7,4137
160.51,-9.581,5.817,-22.2,0.02,-,,,0.00,0.0,0.7,4152
160.56,-9.581,5.817,-22.2,0.02,-,,,0.00,0.0,0.7,4137
160.61,-9.580,5.819,-22.2,-0.00,-,,,0.00,0.0,0.7,4152
160.66,-9.580,5.819,-22.2,-0.00,-,,,0.00,0.0,0.7,4152
160.71,-9.581,5.818,-22.2,-0.00,-,,,0.00,0.0,0.7,4137
160.76,-9.581,5.818,-22.2,-0.00,-,,,0.00,0.0,0.7,4137
160.81,-9.580,5.817,-22.2,0.01,-,,,0.00,0.0,0.7,4137
160.86,-9.580,5.817,-22.2,0.01,-,,,0.00,0.0,0.7,4137
160.91,-9.580,5.817,-22.2,0.01,-,,,0.00,0.0,0.7,4121
160.96,-9.580,5.817,-22.2,0.00,-,,,0.00,0.0,0.7,4137
161.01,-9.580,5.817,-22.2,0.00,-,,,0.00,0.0,0.6,4137
161.06,-9.580,5.817,-22.2,0.00,-,,,0.00,0.0,0.7,4137
161.11,-9.581,5.819,-22.2,-0.01,-,,,0.00,0.0,0.7,4121
161.16,-9.581,5.819,-22.2,-0.01,-,,,0.00,0.0,0.7,4137
161.21,-9.581,5.819,-22.2,-0.01,-,,,0.00,0.0,0.7,4137
161.26,-9.580,5.815,-22.2,0.02,-,,,0.00,0.0,0.7,4152
161.31,-9.580,5.815,-22.2,0.02,-,,,0.00,0.0,0.7,4137
161.36,-9.580,5.815,-22.2,0.02,-,,,0.00,0.0,0.7,4121
161.41,-9.583,5.817,-22.2,-0.02,-,,,0.00,0.0,0.8,4137
161.46,-9.583,5.817,-22.2,-0.02,-,,,0.00,0.0,0.7,4137
161.51,-9.583,5.817,-22.2,0.00,-,,,0.00,0.0,0.8,4137
161.56,-9.583,5.817,-22.2,0.00,-,,,0.00,0.0,0.7,4137
161.61,-9.583,5.818,-22.2,-0.01,-,,,0.00,0.0,0.7,4137
161.66,-9.583,5.818,-22.2,-0.01,-,,,0.00,0.0,0.7,4137
161.71,-9.585,5.817,-22.1,-0.01,-,,,0.00,0.0,0.7,4121
161.76,-9.585,5.817,-22.1,-0.01,-,,,0.00,0.0,0.7,4137
161.81,-9.584,5.818,-22.1,0.00,-,,,0.00,0.0,0.8,4137
161.86,-9.584,5.818,-22.1,0.00,-,,,0.00,0.0,0.6,4137
161.91,-9.584,5.818,-22.1,0.00,-,,,0.00,0.0,0.8,4137
161.96,-9.583,5.817,-22.1,0.01,-,,,0.00,0.0,0.7,4137
162.01,-9.583,5.817,-22.1,0.01,-,,,0.00,0.0,0.8,4137
162.06,-9.583,5.817,-22.1,0.01,-,,,0.00,0.0,0.8,4137
162.11,-9.584,5.818,-22.1,-0.01,-,,,0.00,0.0,0.7,4152
162.16,-9.584,5.818,-22.1,-0.01,-,,,0.00,0.0,0.8,4121
162.21,-9.584,5.818,-22.1,-0.00,-,,,0.00,0.0,0.7,4137
162.26,-9.584,5.818,-22.1,-0.00,-,,,0.00,0.0,0.7,4137
162.31,-9.584,5.818,-22.1,-0.00,-,,,0.00,0.0,0.7,4137
162.36,-9.584,5.818,-22.1,-0.00,-,,,0.00,0.0,0.7,4152
162.41,-9.586,5.817,-22.1,-0.01,-,,,0.00,0.0,0.7,4121
162.46,-9.586,5.817,-22.1,-0.01,-,,,0.00,0.0,0.7,4137
162.51,-9.584,5.818,-22.1,0.01,-,,,0.00,0.0,0.7,4152
162.56,-9.584,5.818,-22.1,0.01,-,,,0.00,0.0,0.7,4137
162.61,-9.584,5.818,-22.1,0.00,-,,,0.00,0.0,0.7,4152
162.66,-9.584,5.818,-22.1,0.00,-,,,0.00,0.0,0.7,4137
162.71,-9.583,5.820,-22.1,0.00,-,,,0.00,0.0,0.7,4121
162.76,-9.583,5.820,-22.1,0.00,-,,,0.00,0.0,0.7,4137
162.81,-9.584,5.815,-22.1,0.01,-,,,0.00,0.0,0.8,4137
162.86,-9.584,5.815,-22.1,0.01,-,,,0.00,0.0,0.8,4106
162.91,-9.584,5.815,-22.1,0.01,-,,,0.00,0.0,0.7,4152
162.96,-9.584,5.818,-22.1,-0.01,-,,,0.00,0.0,0.7,4137
163.01,-9.584,5.818,-22.1,-0.01,-,,,0.00,0.0,0.7,4121
163.06,-9.584,5.818,-22.1,-0.01,-,,,0.00,0.0,0.7,4152
163.11,-9.585,5.816,-22.1,-0.00,-,,,0.00,0.0,0.7,4137
163.16,-9.585,5.816,-22.1,-0.00,-,,,0.00,0.0,0.7,4121
163.21,-9.584,5.817,-22.0,0.01,-,,,0.00,0.0,0.7,4152
163.26,-9.584,5.817,-22.0,0.01,-,,,0.00,0.0,0.7,4137
163.31,-9.586,5.820,-22.1,-0.02,-,,,0.00,0.0,0.7,4121
163.36,-9.586,5.820,-22.0,-0.02,-,,,0.00,0.0,0.7,4152
163.41,-9.586,5.818,-22.0,0.01,-,,,0.00,0.0,0.7,4137
163.46,-9.586,5.818,-22.0,0.01,-,,,0.00,0.0,0.7,4137
163.51,-9.585,5.818,-22.0,0.01,-,,,0.00,0.0,0.7,4152
163.56,-9.585,5.818,-22.0,0.01,-,,,0.00,0.0,0.8,4152
163.61,-9.584,5.821,-22.0,0.00,-,,,0.00,0.0,0.7,4137
163.66,-9.584,5.821,-22.0,0.00,-,,,0.00,0.0,0.8,4137
163.71,-9.583,5.819,-22.0,0.01,-,,,0.00,0.0,0.7,4137
163.76,-9.583,5.819,-22.0,0.01,-,,,0.00,0.0,0.7,4137
163.81,-9.583,5.820,-22.0,0.00,-,,,0.00,0.0,0.7,4137
163.86,-9.583,5.820,-22.0,0.00,-,,,0.00,0.0,0.7,4137
163.91,-9.583,5.820,-22.0,0.00,-,,,0.00,0.0,0.7,4137
163.96,-9.583,5.820,-22.0,0.00,-,,,0.00,0.0,0.7,4137
164.01,-9.583,5.820,-22.0,0.00,-,,,0.00,0.0,0.7,4137
164.06,-9.583,5.820,-22.0,0.00,-,,,0.00,0.0,0.7,4137
164.11,-9.583,5.820,-22.0,0.00,-,,,0.00,0.0,0.7,4137
164.16,-9.583,5.820,-22.0,0.00,-,,,0.00,0.0,0.7,4137
164.21,-9.583,5.820,-22.0,0.00,-,,,0.00,0.0,0.7,4137
164.26,-9.583,5.820,-22.0,0.00,-,,,0.00,0.0,0.7,4137
164.31,-9.583,5.820,-22.0,0.00,-,,,0.00,0.0,0.7,4137
164.36,-9.583,5.820,-22.0,0.00,-,,,0.00,0.0,0.7,4137
164.41,-9.583,5.820,-22.0,0.00,-,,,0.00,0.0,0.7,4137
164.46,-9.583,5.820,-22.0,0.00,-,,,0.00,0.0,0.7,4137
164.51,-9.583,5.820,-22.0,0.00,-,,,0.00,0.0,0.7,4137
164.56,-9.583,5.820,-22.0,0.00,-,,,0.00,0.0,0.7,4137
164.61,-9.583,5.820,-22.0,0.00,-,,,0.00,0.0,0.7,4137
164.66,-9.583,5.820,-22.0,0.00,-,,,0.00,0.0,0.7,4137
164.71,-9.583,5.820,-22.0,0.00,-,,,0.00,0.0,0.7,4137
164.76,-9.583,5.820,-22.0,0.00,-,,,0.00,0.0,0.7,4137
164.81,-9.583,5.820,-22.0,0.00,-,,,0.00,0.0,0.7,4137
164.86,-9.583,5.820,-22.0,0.00,-,,,0.00,0.0,0.7,4137
164.91,-9.583,5.820,-22.0,0.00,-,,,0.00,0.0,0.7,4137
164.96,-9.583,5.820,-22.0,0.00,-,,,0.00,0.0,0.7,4137
165.01,-9.583,5.820,-22.0,0.00,-,,,0.00,0.0,0.7,4137
165.06,-9.583,5.820,-22.0,0.00,-,,,0.00,0.0,0.7,4137
165.11,-9.583,5.820,-22.0,0.00,-,,,0.00,0.0,0.7,4137
165.16,-9.583,5.820,-22.0,0.00,-,,,0.00,0.0,0.7,4137
165.21,-9.583,5.820,-22.0,0.00,-,,,0.00,0.0,0.7,4137
165.26,-9.583,5.820,-22.0,0.00,-,,,0.00,0.0,0.7,4137
165.31,-9.583,5.820,-22.0,0.00,-,,,0.00,0.0,0.7,4137
165.36,-9.583,5.820,-22.0,0.00,-,,,0.00,0.0,0.7,4137
165.41,-9.583,5.820,-22.0,0.00,-,,,0.00,0.0,0.7,4137
165.46,-9.583,5.820,-22.0,0.00,-,,,0.00,0.0,0.7,4137
165.51,-9.583,5.820,-22.0,0.00,-,,,0.00,0.0,0.7,4137
165.56,-9.583,5.820,-22.0,0.00,-,,,0.00,0.0,0.7,4137
165.61,-9.583,5.820,-22.0,0.00,-,,,0.00,0.0,0.7,4137
165.66,-9.583,5.820,-22.0,0.00,-,,,0.00,0.0,0.7,4137
165.71,-9.583,5.820,-22.0,0.00,-,,,0.00,0.0,0.7,4137
165.76,-9.583,5.820,-22.0,0.00,-,,,0.00,0.0,0.7,4137
165.81,-9.583,5.820,-22.0,0.00,-,,,0.00,0.0,0.7,4137
165.86,-9.583,5.820,-22.0,0.00,-,,,0.00,0.0,0.7,4137
165.91,-9.583,5.820,-22.0,0.00,-,,,0.00,0.0,0.7,4137
165.96,-9.583,5.820,-22.0,0.00,-,,,0.00,0.0,0.7,4137
166.01,-9.583,5.820,-22.0,0.00,-,,,0.00,0.0,0.7,4137
166.06,-9.583,5.820,-22.0,0.00,-,,,0.00,0.0,0.7,4137
166.11,-9.583,5.820,-22.0,0.00,-,,,0.00,0.0,0.7,4137
166.16,-9.583,5.820,-22.0,0.00,-,,,0.00,0.0,0.7,4137
166.21,-9.583,5.820,-22.0,0.00,-,,,0.00,0.0,0.7,4137
166.26,-9.583,5.820,-22.0,0.00,-,,,0.00,0.0,0.7,4137
166.31,-9.583,5.820,-22.0,0.00,-,,,0.00,0.0,0.7,4137
166.36,-9.583,5.820,-22.0,0.00,-,,,0.00,0.0,0.7,4137
166.41,-9.583,5.820,-22.0,0.00,-,,,0.00,0.0,0.7,4137
166.46,-9.583,5.820,-22.0,0.00,-,,,0.00,0.0,0.7,4137
166.51,-9.583,5.820,-22.0,0.00,-,,,0.00,0.0,0.7,4137
166.56,-9.583,5.820,-22.0,0.00,-,,,0.00,0.0,0.7,4137
166.61,-9.583,5.820,-22.0,0.00,-,,,0.00,0.0,0.7,4137
166.66,-9.583,5.820,-22.0,0.00,-,,,0.00,0.0,0.7,4137
166.71,-9.583,5.820,-22.0,0.00,-,,,0.00,0.0,0.7,4137
166.76,-9.583,5.820,-22.0,0.00,-,,,0.00,0.0,0.7,4137
166.81,-9.583,5.820,-22.0,0.00,-,,,0.00,0.0,0.7,4137
166.86,-9.583,5.820,-22.0,0.00,-,,,0.00,0.0,0.7,4137
166.91,-9.583,5.820,-22.0,0.00,-,,,0.00,0.0,0.7,4137
166.96,-9.583,5.820,-22.0,0.00,-,,,0.00,0.0,0.7,4137
167.01,-9.583,5.820,-22.0,0.00,-,,,0.00,0.0,0.7,4137
167.06,-9.583,5.820,-22.0,0.00,-,,,0.00,0.0,0.7,4137
167.11,-9.583,5.820,-22.0,0.00,-,,,0.00,0.0,0.7,4137
167.16,-9.583,5.820,-22.0,0.00,-,,,0.00,0.0,0.7,4137
167.21,-9.583,5.820,-22.0,0.00,-,,,0.00,0.0,0.7,4137
167.26,-9.583,5.820,-22.0,0.00,-,,,0.00,0.0,0.7,4137
167.31,-9.583,5.820,-22.0,0.00,-,,,0.00,0.0,0.7,4137
167.36,-9.583,5.820,-22.0,0.00,-,,,0.00,0.0,0.7,4137
167.41,-9.583,5.820,-22.0,0.00,-,,,0.00,0.0,0.7,4137
167.46,-9.583,5.820,-22.0,0.00,-,,,0.00,0.0,0.7,4137
167.51,-9.583,5.820,-22.0,0.00,-,,,0.00,0.0,0.7,4137
167.56,-9.583,5.820,-22.0,0.00,-,,,0.00,0.0,0.7,4137
167.61,-9.583,5.820,-22.0,0.00,-,,,0.00,0.0,0.7,4137
167.66,-9.583,5.820,-22.0,0.00,-,,,0.00,0.0,0.7,4137
167.71,-9.583,5.820,-22.0,0.00,-,,,0.00,0.0,0.7,4137
167.76,-9.583,5.820,-22.0,0.00,-,,,0.00,0.0,0.7,4137
167.81,-9.583,5.820,-22.0,0.00,-,,,0.00,0.0,0.7,4137
167.86,-9.583,5.820,-22.0,0.00,-,,,0.00,0.0,0.7,4137
167.91,-9.583,5.820,-22.0,0.00,-,,,0.00,0.0,0.7,4137
167.96,-9.583,5.820,-22.0,0.00,-,,,0.00,0.0,0.7,4137
168.01,-9.583,5.820,-22.0,0.00,-,,,0.00,0.0,0.7,4137
168.06,-9.583,5.820,-22.0,0.00,-,,,0.00,0.0,0.7,4137
168.11,-9.583,5.820,-22.0,0.00,-,,,0.00,0.0,0.7,4137
168.16,-9.583,5.820,-22.0,0.00,-,,,0.00,0.0,0.7,4137
168.21,-9.583,5.820,-22.0,0.00,-,,,0.00,0.0,0.7,4137
168.26,-9.583,5.820,-22.0,0.00,-,,,0.00,0.0,0.7,4137
168.31,-9.583,5.820,-22.0,0.00,-,,,0.00,0.0,0.7,4137
168.36,-9.583,5.820,-22.0,0.00,-,,,0.00,0.0,0.7,4137
168.41,-9.583,5.820,-22.0,0.00,-,,,0.00,0.0,0.7,4137
168.46,-9.583,5.820,-22.0,0.00,-,,,0.00,0.0,0.7,4137
168.51,-9.583,5.820,-22.0,0.00,-,,,0.00,0.0,0.7,4137
168.56,-9.583,5.820,-22.0,0.00,-,,,0.00,0.0,0.7,4137
168.61,-9.583,5.820,-22.0,0.00,-,,,0.00,0.0,0.7,4137
168.66,-9.583,5.820,-22.0,0.00,-,,,0.00,0.0,0.7,4137
168.71,-9.583,5.820,-22.0,0.00,-,,,0.00,0.0,0.7,4137
168.76,-9.583,5.820,-22.0,0.00,-,,,0.00,0.0,0.7,4137
168.81,-9.583,5.820,-22.0,0.00,-,,,0.00,0.0,0.7,4137
168.86,-9.583,5.820,-22.0,0.00,-,,,0.00,0.0,0.7,4137
168.91,-9.583,5.820,-22.0,0.00,-,,,0.00,0.0,0.7,4137
168.96,-9.583,5.820,-22.0,0.00,-,,,0.00,0.0,0.7,4137
169.01,-9.583,5.820,-22.0,0.00,-,,,0.00,0.0,0.7,4137
169.06,-9.583,5.820,-22.0,0.00,-,,,0.00,0.0,0.7,4137
169.11,-9.583,5.820,-22.0,0.00,-,,,0.00,0.0,0.7,4137
169.16,-9.583,5.820,-22.0,0.00,-,,,0.00,0.0,0.7,4137
169.21,-9.583,5.820,-22.0,0.00,-,,,0.00,0.0,0.7,4137
169.26,-9.583,5.820,-22.0,0.00,-,,,0.00,0.0,0.7,4137
169.31,-9.583,5.820,-22.0,0.00,-,,,0.00,0.0,0.7,4137
169.36,-9.583,5.820,-22.0,0.00,-,,,0.00,0.0,0.7,4137
169.41,-9.583,5.820,-22.0,0.00,-,,,0.00,0.0,0.7,4137
169.46,-9.583,5.820,-22.0,0.00,-,,,0.00,0.0,0.7,4137
169.51,-9.583,5.820,-22.0,0.00,-,,,0.00,0.0,0.7,4137
169.56,-9.583,5.820,-22.0,0.00,-,,,0.00,0.0,0.7,4137
169.61,-9.583,5.820,-22.0,0.00,-,,,0.00,0.0,0.7,4137
169.66,-9.583,5.820,-22.0,0.00,-,,,0.00,0.0,0.7,4137
169.71,-9.583,5.820,-22.0,0.00,-,,,0.00,0.0,0.7,4137
169.76,-9.583,5.820,-22.0,0.00,-,,,0.00,0.0,0.7,4137
169.81,-9.583,5.820,-22.0,0.00,-,,,0.00,0.0,0.7,4137
169.86,-9.583,5.820,-22.0,0.00,-,,,0.00,0.0,0.7,4137
169.91,-9.583,5.820,-22.0,0.00,-,,,0.00,0.0,0.7,4137
169.96,-9.584,5.815,-126.4,0.18,-,,,0.00,0.0,0.7,4137
170.01,-9.584,5.815,-126.4,0.18,-,,,0.00,0.0,0.7,4137
170.06,-9.584,5.815,-126.4,0.18,-,,,0.00,0.0,0.7,4137
170.11,-9.582,5.817,-126.4,-0.02,-,,,0.00,0.0,0.7,4137
170.16,-9.582,5.817,-126.4,-0.02,-,,,0.00,0.0,0.7,4137
170.21,-9.584,5.815,-126.4,0.03,-,,,0.00,0.0,0.7,4137
170.26,-9.584,5.815,-126.4,0.03,-,,,0.00,0.0,0.7,4137
170.31,-9.583,5.819,-126.4,-0.03,-,,,0.00,0.0,0.7,4137
170.36,-9.583,5.819,-126.4,-0.03,-,,,0.00,0.0,0.7,4137
170.41,-9.582,5.817,-126.4,0.01,-,,,0.00,0.0,0.7,4137
170.46,-9.582,5.817,-126.4,0.01,-,,,0.00,0.0,0.7,4137
170.51,-9.583,5.816,-126.4,0.01,-,,,0.00,0.0,0.7,4137
170.56,-9.583,5.816,-126.4,0.01,-,,,0.00,0.0,0.7,4137
170.61,-9.584,5.817,-126.4,0.00,-,,,0.00,0.0,0.7,4137
170.66,-9.584,5.817,-126.4,0.00,-,,,0.00,0.0,0.7,4137
170.71,-9.581,5.815,-126.3,-0.00,-,,,0.00,0.0,0.7,4137
170.76,-9.581,5.815,-126.3,-0.00,-,,,0.00,0.0,0.7,4137
170.81,-9.581,5.818,-126.3,-0.02,-,,,0.00,0.0,0.7,4137
170.86,-9.581,5.818,-126.3,-0.02,-,,,0.00,0.0,0.7,4137
170.91,-9.581,5.818,-126.3,-0.02,-,,,0.00,0.0,0.7,4137
170.96,-9.583,5.817,-126.3,0.02,-,,,0.00,0.0,0.7,4137
171.01,-9.583,5.817,-126.3,0.02,-,,,0.00,0.0,0.7,4137
171.06,-9.583,5.817,-126.3,0.02,-,,,0.00,0.0,0.7,4137
171.11,-9.581,5.817,-126.3,-0.01,-,,,0.00,0.0,0.7,4137
171.16,-9.581,5.817,-126.3,-0.01,-,,,0.00,0.0,0.7,4137
171.21,-9.581,5.817,-126.3,-0.01,-,,,0.00,0.0,0.7,4137
171.26,-9.582,5.817,-126.3,0.00,-,,,0.00,0.0,0.7,4137
171.31,-9.582,5.817,-126.3,0.00,-,,,0.00,0.0,0.7,4137
171.36,-9.582,5.817,-126.3,0.00,-,,,0.00,0.0,0.7,4137
171.41,-9.582,5.816,-126.3,0.01,-,,,0.00,0.0,0.7,4137
171.46,-9.582,5.816,-126.3,0.01,-,,,0.00,0.0,0.7,4137
171.51,-9.583,5.816,-126.3,0.00,-,,,0.00,0.0,0.7,4137
171.56,-9.583,5.816,-126.3,0.00,-,,,0.00,0.0,0.7,4137
171.61,-9.582,5.815,-126.3,0.01,-,,,0.00,0.0,0.7,4137
171.66,-9.582,5.815,-126.3,0.01,-,,,0.00,0.0,0.7,4152
171.71,-9.581,5.816,-126.3,-0.01,-,,,0.00,0.0,0.6,4137
171.76,-9.581,5.816,-126.3,-0.01,-,,,0.00,0.0,0.6,4137
171.81,-9.581,5.816,-126.3,-0.00,-,,,0.00,0.0,0.7,4137
171.86,-9.581,5.816,-126.3,-0.00,-,,,0.00,0.0,0.8,4152
171.91,-9.581,5.816,-126.3,-0.00,-,,,0.00,0.0,0.7,4137
171.96,-9.581,5.816,-126.3,-0.00,-,,,0.00,0.0,0.7,4152
172.01,-9.581,5.816,-126.3,-0.00,-,,,0.00,0.0,0.7,4121
172.06,-9.581,5.816,-126.3,-0.00,-,,,0.00,0.0,0.8,4121
172.11,-9.582,5.817,-126.3,0.00,-,,,0.00,0.0,0.7,4137
172.16,-9.582,5.817,-126.3,0.00,-,,,0.00,0.0,0.7,4152
172.21,-9.581,5.816,-126.3,0.00,-,,,0.00,0.0,0.8,4121
172.26,-9.581,5.816,-126.2,0.00,-,,,0.00,0.0,0.7,4152
172.31,-9.581,5.815,-126.2,0.01,-,,,0.00,0.0,0.7,4137
172.36,-9.581,5.815,-126.2,0.01,-,,,0.00,0.0,0.6,4121
172.41,-9.582,5.815,-126.2,0.00,-,,,0.00,0.0,0.7,4137
172.46,-9.582,5.815,-126.2,0.00,-,,,0.00,0.0,0.7,4137
172.51,-9.580,5.816,-126.2,-0.01,-,,,0.00,0.0,0.7,4137
172.56,-9.580,5.816,-126.2,-0.01,-,,,0.00,0.0,0.7,4137
172.61,-9.582,5.815,-126.2,0.01,-,,,0.00,0.0,0.7,4137
172.66,-9.582,5.815,-126.2,0.01,-,,,0.00,0.0,0.7,4137
172.71,-9.581,5.814,-126.2,-0.00,-,,,0.00,0.0,0.8,4121
172.76,-9.581,5.814,-126.2,-0.00,-,,,0.00,0.0,0.6,4137
172.81,-9.579,5.815,-126.2,-0.01,-,,,0.00,0.0,0.7,4137
172.86,-9.579,5.815,-126.2,-0.01,-,,,0.00,0.0,0.7,4152
172.91,-9.579,5.815,-126.2,-0.01,-,,,0.00,0.0,0.7,4152
172.96,-9.582,5.816,-126.2,0.00,-,,,0.00,0.0,0.7,4137
173.01,-9.582,5.816,-126.2,0.00,-,,,0.00,0.0,0.7,4137
173.06,-9.582,5.816,-126.2,0.00,-,,,0.00,0.0,0.6,4152
173.11,-9.581,5.814,-126.2,0.01,-,,,0.00,0.0,0.7,4137
173.16,-9.581,5.814,-126.2,0.01,-,,,0.00,0.0,0.7,4137
173.21,-9.581,5.814,-126.2,0.01,-,,,0.00,0.0,0.7,4152
173.26,-9.585,5.813,-126.2,0.03,-,,,0.00,0.0,0.7,4137
173.31,-9.585,5.813,-126.2,0.03,-,,,0.00,0.0,0.7,4137
173.36,-9.585,5.813,-126.2,0.03,-,,,0.00,0.0,0.7,4121
173.41,-9.597,5.813,-126.2,0.04,-,,,0.00,0.0,0.7,4152
173.46,-9.597,5.813,-126.2,0.04,-,,,0.00,0.0,0.8,4121
173.51,-9.601,5.813,-126.2,0.03,-,,,0.00,0.0,0.7,4137
173.56,-9.601,5.813,-126.2,0.03,-,,,0.00,0.0,0.7,4152
173.61,-9.604,5.814,-126.2,0.01,-,,,0.00,0.0,0.7,4137
173.66,-9.604,5.814,-126.2,0.01,-,,,0.00,0.0,0.7,4121
173.71,-9.607,5.813,-126.2,0.02,-,,,0.00,0.0,0.7,4137
173.76,-9.607,5.813,-126.1,0.02,-,,,0.00,0.0,0.7,4137
173.81,-9.609,5.813,-126.2,0.01,-,,,0.00,0.0,0.8,4137
173.86,-9.609,5.813,-126.1,0.01,-,,,0.00,0.0,0.7,4152
173.91,-9.609,5.813,-126.1,0.01,-,,,0.00,0.0,0.7,4121
173.96,-9.610,5.813,-126.1,0.00,-,,,0.00,0.0,0.7,4137
174.01,-9.610,5.813,-126.1,0.00,-,,,0.00,0.0,0.7,4121
174.06,-9.610,5.813,-126.1,0.00,-,,,0.00,0.0,0.7,4121
174.11,-9.613,5.812,-126.1,0.01,-,,,0.00,0.0,0.7,4137
174.16,-9.613,5.812,-126.1,0.01,-,,,0.00,0.0,0.8,4137
174.21,-9.613,5.812,-126.1,0.01,-,,,0.00,0.0,0.7,4152
174.26,-9.613,5.813,-126.1,-0.01,-,,,0.00,0.0,0.6,4137
174.31,-9.613,5.815,-126.1,-0.01,-,,,0.00,0.0,0.6,4137
174.36,-9.613,5.815,-126.1,-0.01,-,,,0.00,0.0,0.7,4137
174.41,-9.612,5.814,-126.1,0.00,-,,,0.00,0.0,0.6,4137
174.46,-9.612,5.814,-126.1,0.00,-,,,0.00,0.0,0.7,4137
174.51,-9.613,5.812,-126.1,0.02,-,,,0.00,0.0,0.7,4152
174.56,-9.613,5.812,-126.1,0.02,-,,,0.00,0.0,0.7,4137
174.61,-9.615,5.812,-126.1,0.01,-,,,0.00,0.0,0.7,4137
174.66,-9.615,5.812,-126.1,0.01,-,,,0.00,0.0,0.7,4137
174.71,-9.614,5.812,-126.1,-0.01,-,,,0.00,0.0,0.6,4137
174.76,-9.614,5.812,-126.1,-0.01,-,,,0.00,0.0,0.7,4121
174.81,-9.614,5.811,-126.1,0.01,-,,,0.00,0.0,0.6,4152
174.86,-9.614,5.811,-126.1,0.01,-,,,0.00,0.0,0.8,4137
174.91,-9.614,5.811,-126.1,0.01,-,,,0.00,0.0,0.7,4137
174.96,-9.614,5.812,-126.1,-0.01,-,,,0.00,0.0,0.7,4137
175.01,-9.614,5.812,-126.1,-0.01,-,,,0.00,0.0,0.6,4152
175.06,-9.614,5.812,-126.1,-0.01,-,,,0.00,0.0,0.7,4137
175.11,-9.614,5.812,-126.1,-0.00,-,,,0.00,0.0,0.7,4137
175.16,-9.614,5.812,-126.1,-0.00,-,,,0.00,0.0,0.7,4137
175.21,-9.614,5.812,-126.1,-0.00,-,,,0.00,0.0,0.7,4137
175.26,-9.622,5.813,-126.1,0.03,-,,,0.00,0.0,0.7,4137
175.31,-9.622,5.813,-126.1,0.03,-,,,0.00,0.0,0.7,4137
175.36,-9.622,5.813,-126.0,0.03,-,,,0.00,0.0,0.8,4137
175.41,-9.630,5.814,-126.0,0.02,-,,,0.00,0.0,0.8,4137
175.46,-9.630,5.814,-126.0,0.02,-,,,0.00,0.0,0.8,4137
175.51,-9.631,5.815,-126.0,-0.00,-,,,0.00,0.0,0.8,4137
175.56,-9.631,5.815,-126.0,-0.00,-,,,0.00,0.0,0.7,4152
175.61,-9.633,5.815,-126.0,0.00,-,,,0.00,0.0,0.7,4137
175.66,-9.633,5.815,-126.0,0.00,-,,,0.00,0.0,0.7,4137
175.71,-9.633,5.816,-126.0,0.00,-,,,0.00,0.0,0.8,4137
175.76,-9.633,5.816,-126.0,0.00,-,,,0.00,0.0,0.7,4137
175.81,-9.634,5.818,-126.0,-0.01,-,,,0.00,0.0,0.7,4121
175.86,-9.634,5.818,-126.0,-0.01,-,,,0.00,0.0,0.7,4137
175.91,-9.634,5.818,-126.0,-0.01,-,,,0.00,0.0,0.7,4121
175.96,-9.635,5.818,-126.0,-0.00,-,,,0.00,0.0,0.7,4137
176.01,-9.635,5.818,-126.0,-0.00,-,,,0.00,0.0,0.7,4137
176.06,-9.635,5.818,-126.0,-0.00,-,,,0.00,0.0,0.7,4137
176.11,-9.635,5.818,-126.0,-0.00,-,,,0.00,0.0,0.7,4121
176.16,-9.635,5.818,-126.0,-0.00,-,,,0.00,0.0,0.8,4137
176.21,-9.635,5.818,-126.0,-0.00,-,,,0.00,0.0,0.7,4137
176.26,-9.635,5.818,-126.0,0.00,-,,,0.00,0.0,0.7,4137
176.31,-9.636,5.818,-126.0,0.01,-,,,0.00,0.0,0.7,4137
176.36,-9.636,5.818,-126.0,0.01,-,,,0.00,0.0,0.7,4137
176.41,-9.634,5.819,-126.0,-0.02,-,,,0.00,0.0,0.7,4137
176.46,-9.634,5.819,-126.0,-0.02,-,,,0.00,0.0,0.7,4137
176.51,-9.635,5.820,-126.0,-0.00,-,,,0.00,0.0,0.7,4137
176.56,-9.635,5.820,-126.0,-0.00,-,,,0.00,0.0,0.7,4152
176.61,-9.636,5.818,-126.0,0.01,-,,,0.00,0.0,0.7,4137
176.66,-9.636,5.818,-126.0,0.01,-,,,0.00,0.0,0.7,4137
176.71,-9.636,5.822,-126.0,-0.03,-,,,0.00,0.0,0.7,4137
176.76,-9.636,5.822,-126.0,-0.03,-,,,0.00,0.0,0.8,4137
176.81,-9.634,5.820,-126.0,0.00,-,,,0.00,0.0,0.7,4137
176.86,-9.634,5.820,-126.0,0.00,-,,,0.00,0.0,0.7,4137
176.91,-9.634,5.820,-126.0,0.00,-,,,0.00,0.0,0.8,4137
176.96,-9.635,5.822,-126.0,-0.00,-,,,0.00,0.0,0.7,4137
177.01,-9.635,5.822,-126.0,-0.00,-,,,0.00,0.0,0.7,4137
177.06,-9.635,5.822,-126.0,-0.00,-,,,0.00,0.0,0.8,4137
177.11,-9.635,5.822,-126.0,-0.00,-,,,0.00,0.0,0.6,4137
177.16,-9.634,5.822,-126.0,-0.01,-,,,0.00,0.0,0.8,4137
177.21,-9.634,5.822,-125.9,-0.01,-,,,0.00,0.0,0.7,4137
177.26,-9.644,5.825,-125.9,0.03,-,,,0.00,0.0,0.7,4137
177.31,-9.648,5.827,-125.9,0.02,-,,,0.00,0.0,0.7,4137
177.36,-9.648,5.827,-125.9,0.02,-,,,0.00,0.0,0.7,4152
177.41,-9.652,5.829,-125.9,0.01,-,,,0.00,0.0,0.7,4137
177.46,-9.652,5.829,-125.9,0.01,-,,,0.00,0.0,0.8,4137
177.51,-9.655,5.832,-125.9,-0.01,-,,,0.00,0.0,0.7,4137
177.56,-9.655,5.832,-125.9,-0.01,-,,,0.00,0.0,0.7,4137
177.61,-9.658,5.832,-125.9,0.02,-,,,0.00,0.0,0.6,4137
177.66,-9.658,5.832,-125.9,0.02,-,,,0.00,0.0,0.7,4152
177.71,-9.659,5.834,-125.9,-0.01,-,,,0.00,0.0,0.7,4137
177.76,-9.659,5.834,-125.9,-0.01,-,,,0.00,0.0,0.7,4137
177.81,-9.661,5.836,-125.9,-0.01,-,,,0.00,0.0,0.7,4137
177.86,-9.661,5.836,-125.9,-0.01,-,,,0.00,0.0,0.7,4137
177.91,-9.661,5.836,-125.9,-0.01,-,,,0.00,0.0,0.8,4137
177.96,-9.661,5.838,-125.9,-0.01,-,,,0.00,0.0,0.7,4152
178.01,-9.661,5.838,-125.9,-0.01,-,,,0.00,0.0,0.7,4137
178.06,-9.661,5.838,-125.9,-0.01,-,,,0.00,0.0,0.8,4137
178.11,-9.662,5.836,-125.9,0.01,-,,,0.00,0.0,0.7,4137
178.16,-9.662,5.836,-125.9,0.01,-,,,0.00,0.0,0.6,4137
178.21,-9.662,5.840,-125.9,-0.03,-,,,0.00,0.0,0.7,4137
178.26,-9.662,5.840,-125.9,-0.03,-,,,0.00,0.0,0.7,4167
178.31,-9.668,5.841,-125.9,0.03,-,,,0.00,0.0,0.7,4137
178.36,-9.668,5.841,-125.9,0.03,-,,,0.00,0.0,0.8,4137
178.41,-9.675,5.838,-125.9,0.06,-,,,0.00,0.0,0.7,4152
178.46,-9.675,5.838,-125.9,0.06,-,,,0.00,0.0,0.7,4137
178.51,-9.677,5.843,-125.9,-0.03,-,,,0.00,0.0,0.7,4121
178.56,-9.677,5.843,-125.9,-0.03,-,,,0.00,0.0,0.7,4137
178.61,-9.681,5.841,-125.9,0.03,-,,,0.00,0.0,0.8,4137
178.66,-9.681,5.841,-125.9,0.03,-,,,0.00,0.0,0.7,4152
178.71,-9.683,5.840,-125.9,0.02,-,,,0.00,0.0,0.7,4137
178.76,-9.683,5.840,-125.9,0.02,-,,,0.00,0.0,0.6,4137
178.81,-9.684,5.841,-125.9,-0.00,-,,,0.00,0.0,0.8,4121
178.86,-9.684,5.841,-125.9,-0.00,-,,,0.00,0.0,0.8,4137
178.91,-9.684,5.841,-125.9,-0.00,-,,,0.00,0.0,0.8,4137
178.96,-9.685,5.842,-125.9,-0.00,-,,,0.00,0.0,0.8,4137
179.01,-9.685,5.842,-125.9,-0.00,-,,,0.00,0.0,0.7,4152
179.06,-9.685,5.842,-125.9,-0.00,-,,,0.00,0.0,0.8,4137
179.11,-9.683,5.844,-125.9,-0.01,-,,,0.00,0.0,0.8,4137
179.16,-9.683,5.844,-125.9,-0.01,-,,,0.00,0.0,0.7,4137
179.21,-9.685,5.845,-125.9,-0.00,-,,,0.00,0.0,0.7,4152
179.26,-9.685,5.845,-125.9,-0.00,-,,,0.00,0.0,0.7,4137
179.31,-9.685,5.845,-125.9,-0.00,-,,,0.00,0.0,0.7,4137
179.36,-9.685,5.846,-125.9,-0.01,-,,,0.00,0.0,0.7,4137
179.41,-9.685,5.846,-125.9,-0.01,-,,,0.00,0.0,0.8,4152
179.46,-9.685,5.846,-125.8,-0.01,-,,,0.00,0.0,0.7,4137
179.51,-9.689,5.845,-125.8,0.02,-,,,0.00,0.0,0.7,4137
179.56,-9.689,5.845,-125.8,0.02,-,,,0.00,0.0,0.7,4152
179.61,-9.692,5.844,-125.8,0.03,-,,,0.00,0.0,0.7,4137
179.66,-9.692,5.844,-125.8,0.03,-,,,0.00,0.0,0.7,4121
179.71,-9.695,5.842,-125.8,0.03,-,,,0.00,0.0,0.7,4152
179.76,-9.695,5.842,-125.8,0.03,-,,,0.00,0.0,0.7,4137
179.81,-9.697,5.843,-125.8,0.00,-,,,0.00,0.0,0.7,4152
179.86,-9.697,5.843,-125.8,0.00,-,,,0.00,0.0,0.7,4137
179.91,-9.697,5.843,-125.8,0.00,-,,,0.00,0.0,0.7,4137
179.96,-9.699,5.842,-125.8,0.02,-,,,0.00,0.0,0.7,4137
180.01,-9.699,5.842,-125.8,0.02,-,,,0.00,0.0,0.8,4137
180.06,-9.699,5.842,-125.8,0.02,-,,,0.00,0.0,0.7,4137
180.11,-9.700,5.840,-125.8,0.01,-,,,0.00,0.0,0.8,4137
180.16,-9.700,5.840,-125.8,0.01,-,,,0.00,0.0,0.7,4137
180.21,-9.700,5.839,-125.8,0.01,-,,,0.00,0.0,0.8,4137
180.26,-9.700,5.839,-125.8,0.01,-,,,0.00,0.0,0.7,4137
180.31,-9.700,5.839,-125.8,-0.00,-,,,0.00,0.0,0.8,4152
180.36,-9.700,5.839,-125.8,-0.00,-,,,0.00,0.0,0.7,4137
180.41,-9.702,5.839,-125.8,0.01,-,,,0.00,0.0,0.7,4137
180.46,-9.702,5.839,-125.8,0.01,-,,,0.00,0.0,0.6,4137
180.51,-9.700,5.842,-125.8,-0.03,-,,,0.00,0.0,0.8,4137
180.56,-9.700,5.842,-125.8,-0.03,-,,,0.00,0.0,0.8,4121
180.61,-9.704,5.841,-125.8,0.03,-,,,0.00,0.0,0.7,4137
180.66,-9.704,5.841,-125.8,0.03,-,,,0.00,0.0,0.6,4137
180.71,-9.708,5.842,-125.8,0.01,-,,,0.00,0.0,0.8,4121
180.76,-9.708,5.842,-125.8,0.01,-,,,0.00,0.0,0.8,4137
180.81,-9.708,5.843,-125.8,-0.01,-,,,0.00,0.0,0.7,4152
180.86,-9.708,5.843,-125.8,-0.01,-,,,0.00,0.0,0.8,4137
180.91,-9.708,5.843,-125.8,-0.01,-,,,0.00,0.0,0.6,4137
180.96,-9.709,5.845,-125.8,-0.01,-,,,0.00,0.0,0.7,4152
181.01,-9.709,5.845,-125.8,-0.01,-,,,0.00,0.0,0.7,4137
181.06,-9.709,5.845,-125.8,-0.01,-,,,0.00,0.0,0.8,4121
181.11,-9.708,5.847,-125.8,-0.02,-,,,0.00,0.0,0.7,4152
181.16,-9.708,5.847,-125.8,-0.02,-,,,0.00,0.0,0.7,4137
181.21,-9.711,5.845,-125.8,0.04,-,,,0.00,0.0,0.7,4137
181.26,-9.711,5.845,-125.8,0.04,-,,,0.00,0.0,0.7,4152
181.31,-9.711,5.843,-125.8,0.02,-,,,0.00,0.0,0.7,4137
181.36,-9.711,5.843,-125.8,0.02,-,,,0.00,0.0,0.8,4137
181.41,-9.581,5.815,-125.8,-0.54,-,,,0.00,0.0,0.7,4137
181.46,-9.581,5.815,-125.8,-0.54,-,,,0.00,0.0,0.7,4137
181.51,-9.581,5.813,-125.8,0.02,-,,,0.00,0.0,0.8,4137
181.56,-9.581,5.813,-125.8,0.02,-,,,0.00,0.0,0.7,4152
181.61,-9.580,5.814,-125.8,-0.02,-,,,0.00,0.0,0.7,4137
181.66,-9.580,5.814,-125.7,-0.02,-,,,0.00,0.0,0.8,4121
181.71,-9.581,5.814,-125.7,0.00,-,,,0.00,0.0,0.6,4152
181.76,-9.581,5.814,-125.8,0.00,-,,,0.00,0.0,0.8,4137
181.81,-9.581,5.815,-125.7,-0.01,-,,,0.00,0.0,0.7,4137
181.86,-9.581,5.815,-125.7,-0.01,-,,,0.00,0.0,0.7,4152
181.91,-9.581,5.815,-125.7,-0.01,-,,,0.00,0.0,0.7,4137
181.96,-9.583,5.812,-125.7,0.03,-,,,0.00,0.0,0.7,4137
182.01,-9.583,5.812,-125.7,0.03,-,,,0.00,0.0,0.7,4137
182.06,-9.583,5.812,-125.7,0.03,-,,,0.00,0.0,0.8,4137
182.11,-9.580,5.815,-125.7,-0.03,-,,,0.00,0.0,0.7,4137
182.16,-9.580,5.815,-125.7,-0.03,-,,,0.00,0.0,0.8,4137
182.21,-9.581,5.814,-125.7,0.01,-,,,0.00,0.0,0.7,4137
182.26,-9.581,5.814,-125.7,0.01,-,,,0.00,0.0,0.8,4137
182.31,-9.581,5.815,-125.7,-0.01,-,,,0.00,0.0,0.8,4121
182.36,-9.581,5.815,-125.7,-0.01,-,,,0.00,0.0,0.7,4137
182.41,-9.582,5.815,-125.7,0.01,-,,,0.00,0.0,0.7,4137
182.46,-9.582,5.815,-125.7,0.01,-,,,0.00,0.0,0.7,4137
182.51,-9.582,5.816,-125.7,-0.01,-,,,0.00,0.0,0.8,4137
182.56,-9.582,5.816,-125.7,-0.01,-,,,0.00,0.0,0.7,4137
182.61,-9.582,5.816,-125.7,-0.01,-,,,0.00,0.0,0.7,4137
182.66,-9.582,5.815,-125.7,0.01,-,,,0.00,0.0,0.8,4137
182.71,-9.582,5.815,-125.7,0.01,-,,,0.00,0.0,0.8,4137
182.76,-9.582,5.815,-125.7,0.01,-,,,0.00,0.0,0.7,4137
182.81,-9.582,5.815,-125.7,0.00,-,,,0.00,0.0,0.7,4137
182.86,-9.582,5.815,-125.7,0.00,-,,,0.00,0.0,0.7,4152
182.91,-9.582,5.815,-125.7,0.00,-,,,0.00,0.0,0.7,4137
182.96,-9.582,5.814,-125.7,0.00,-,,,0.00,0.0,0.7,4152
183.01,-9.582,5.814,-125.7,0.00,-,,,0.00,0.0,0.7,4137
183.06,-9.582,5.814,-125.7,0.00,-,,,0.00,0.0,0.7,4137
183.11,-9.582,5.815,-125.7,-0.00,-,,,0.00,0.0,0.7,4152
183.16,-9.582,5.815,-125.7,-0.00,-,,,0.00,0.0,0.7,4137
183.21,-9.582,5.815,-125.7,-0.00,-,,,0.00,0.0,0.7,4137
183.26,-9.582,5.816,-125.7,-0.01,-,,,0.00,0.0,0.7,4137
183.31,-9.582,5.816,-125.7,-0.01,-,,,0.00,0.0,0.6,4137
183.36,-9.582,5.816,-125.7,-0.01,-,,,0.00,0.0,0.7,4152
183.41,-9.581,5.815,-125.7,-0.00,-,,,0.00,0.0,0.8,4137
183.46,-9.581,5.815,-125.7,-0.00,-,,,0.00,0.0,0.7,4137
183.51,-9.580,5.816,-125.7,-0.01,-,,,0.00,0.0,0.7,4137
183.56,-9.580,5.816,-125.7,-0.01,-,,,0.00,0.0,0.7,4152
183.61,-9.582,5.816,-125.7,0.01,-,,,0.00,0.0,0.8,4137
183.66,-9.582,5.816,-125.7,0.01,-,,,0.00,0.0,0.7,4137
183.71,-9.581,5.816,-125.7,-0.01,-,,,0.00,0.0,0.7,4137
183.76,-9.581,5.816,-125.7,-0.01,-,,,0.00,0.0,0.7,4137
183.81,-9.582,5.815,-125.7,0.02,-,,,0.00,0.0,0.6,4137
183.86,-9.582,5.815,-125.7,0.02,-,,,0.00,0.0,0.7,4137
183.91,-9.580,5.815,-125.7,-0.01,-,,,0.00,0.0,0.8,4121
183.96,-9.580,5.815,-125.7,-0.01,-,,,0.00,0.0,0.7,4137
184.01,-9.582,5.817,-125.7,-0.00,-,,,0.00,0.0,0.8,4121
184.06,-9.582,5.817,-125.7,-0.00,-,,,0.00,0.0,0.7,4137
184.11,-9.580,5.815,-125.7,0.00,-,,,0.00,0.0,0.7,4152
184.16,-9.580,5.815,-125.7,0.00,-,,,0.00,0.0,0.7,4152
184.21,-9.581,5.816,-125.7,-0.01,-,,,0.00,0.0,0.7,4121
184.26,-9.581,5.816,-125.7,-0.01,-,,,0.00,0.0,0.7,4152
184.31,-9.581,5.816,-125.7,-0.01,-,,,0.00,0.0,0.8,4137
184.36,-9.580,5.813,-125.7,0.02,-,,,0.00,0.0,0.7,4137
184.41,-9.580,5.813,-125.7,-0.00,-,,,0.00,0.0,0.7,4152
184.46,-9.580,5.813,-125.7,-0.00,-,,,0.00,0.0,0.7,4137
184.51,-9.581,5.813,-125.6,0.00,-,,,0.00,0.0,0.7,4121
184.56,-9.581,5.813,-125.6,0.00,-,,,0.00,0.0,0.7,4152
184.61,-9.581,5.814,-125.6,-0.01,-,,,0.00,0.0,0.8,4152
184.66,-9.581,5.814,-125.6,-0.01,-,,,0.00,0.0,0.7,4137
184.71,-9.581,5.813,-125.6,0.01,-,,,0.00,0.0,0.7,4152
184.76,-9.581,5.813,-125.6,0.01,-,,,0.00,0.0,0.8,4152
184.81,-9.580,5.812,-125.6,-0.00,-,,,0.00,0.0,0.7,4121
184.86,-9.580,5.812,-125.6,-0.00,-,,,0.00,0.0,0.8,4152
184.91,-9.580,5.812,-125.6,-0.00,-,,,0.00,0.0,0.7,4137
184.96,-9.580,5.814,-125.6,-0.01,-,,,0.00,0.0,0.7,4137
185.01,-9.580,5.814,-125.6,-0.01,-,,,0.00,0.0,0.8,4137
185.06,-9.580,5.814,-125.6,-0.01,-,,,0.00,0.0,0.8,4137
185.11,-9.580,5.814,-125.6,-0.00,-,,,0.00,0.0,0.7,4121
185.16,-9.580,5.814,-125.6,-0.00,-,,,0.00,0.0,0.7,4121
185.21,-9.582,5.813,-125.6,0.03,-,,,0.00,0.0,0.7,4137
185.26,-9.582,5.813,-125.6,0.03,-,,,0.00,0.0,0.7,4152
185.31,-9.580,5.813,-125.6,-0.01,-,,,0.00,0.0,0.7,4137
185.36,-9.580,5.813,-125.6,-0.01,-,,,0.00,0.0,0.7,4137
185.41,-9.581,5.814,-125.6,-0.00,-,,,0.00,0.0,0.7,4137
185.46,-9.581,5.814,-125.6,-0.00,-,,,0.00,0.0,0.6,4137
185.51,-9.581,5.814,-125.6,0.01,-,,,0.00,0.0,0.7,4137
185.56,-9.581,5.814,-125.6,0.01,-,,,0.00,0.0,0.7,4137
185.61,-9.581,5.813,-125.6,0.00,-,,,0.00,0.0,0.7,4137
185.66,-9.581,5.813,-125.6,0.00,-,,,0.00,0.0,0.7,4137
185.71,-9.582,5.815,-125.6,-0.01,-,,,0.00,0.0,0.7,4137
185.76,-9.582,5.815,-125.6,-0.01,-,,,0.00,0.0,0.7,4137
185.81,-9.581,5.813,-125.6,0.01,-,,,0.00,0.0,0.7,4152
185.86,-9.581,5.813,-125.6,0.01,-,,,0.00,0.0,0.7,4152
185.91,-9.581,5.813,-125.6,0.01,-,,,0.00,0.0,0.7,4137
185.96,-9.581,5.814,-125.6,-0.01,-,,,0.00,0.0,0.7,4152
186.01,-9.581,5.814,-125.6,-0.01,-,,,0.00,0.0,0.7,4152
186.06,-9.581,5.814,-125.6,-0.01,-,,,0.00,0.0,0.8,4137
186.11,-9.581,5.812,-125.6,0.01,-,,,0.00,0.0,0.7,4152
186.16,-9.581,5.812,-125.6,0.01,-,,,0.00,0.0,0.7,4152
186.21,-9.581,5.813,-125.6,-0.01,-,,,0.00,0.0,0.8,4152
186.26,-9.581,5.813,-125.6,-0.01,-,,,0.00,0.0,0.6,4137
186.31,-9.581,5.813,-125.6,-0.01,-,,,0.00,0.0,0.6,4137
186.36,-9.581,5.813,-125.6,-0.01,-,,,0.00,0.0,0.7,4152
186.41,-9.582,5.812,-125.6,-0.00,-,,,0.00,0.0,0.6,4137
186.46,-9.582,5.812,-125.6,-0.00,-,,,0.00,0.0,0.7,4137
186.51,-9.581,5.813,-125.5,-0.02,-,,,0.00,0.0,0.7,4137
186.56,-9.581,5.813,-125.6,-0.02,-,,,0.00,0.0,0.7,4152
186.61,-9.581,5.812,-125.6,0.01,-,,,0.00,0.0,0.7,4137
186.66,-9.581,5.812,-125.6,0.01,-,,,0.00,0.0,0.8,4137
186.71,-9.581,5.814,-125.6,-0.01,-,,,0.00,0.0,0.7,4152
186.76,-9.581,5.814,-125.5,-0.01,-,,,0.00,0.0,0.7,4152
186.81,-9.580,5.815,-125.5,-0.01,-,,,0.00,0.0,0.8,4121
186.86,-9.580,5.815,-125.5,-0.01,-,,,0.00,0.0,0.7,4137
186.91,-9.580,5.815,-125.5,-0.01,-,,,0.00,0.0,0.7,4121
186.96,-9.582,5.815,-125.5,0.01,-,,,0.00,0.0,0.7,4137
187.01,-9.582,5.815,-125.5,0.01,-,,,0.00,0.0,0.6,4152
187.06,-9.582,5.815,-125.5,0.01,-,,,0.00,0.0,0.7,4152
187.11,-9.581,5.814,-125.5,-0.00,-,,,0.00,0.0,0.8,4137
187.16,-9.581,5.814,-125.5,-0.00,-,,,0.00,0.0,0.7,4137
187.21,-9.581,5.814,-125.5,0.00,-,,,0.00,0.0,0.7,4152
187.26,-9.581,5.814,-125.5,0.00,-,,,0.00,0.0,0.8,4137
187.31,-9.581,5.814,-125.5,-0.00,-,,,0.00,0.0,0.7,4152
187.36,-9.581,5.814,-125.5,-0.00,-,,,0.00,0.0,0.7,4137
187.41,-9.581,5.814,-125.5,-0.00,-,,,0.00,0.0,0.7,4137
187.46,-9.581,5.814,-125.5,-0.00,-,,,0.00,0.0,0.7,4152
187.51,-9.580,5.814,-125.5,-0.01,-,,,0.00,0.0,0.7,4137
187.56,-9.580,5.814,-125.5,-0.01,-,,,0.00,0.0,0.7,4137
187.61,-9.580,5.813,-125.5,0.01,-,,,0.00,0.0,0.7,4137
187.66,-9.580,5.813,-125.5,0.01,-,,,0.00,0.0,0.7,4137
187.71,-9.582,5.814,-125.5,0.00,-,,,0.00,0.0,0.7,4137
187.76,-9.582,5.814,-125.5,0.00,-,,,0.00,0.0,0.8,4137
187.81,-9.581,5.813,-125.5,0.00,-,,,0.00,0.0,0.7,4137
187.86,-9.581,5.813,-125.5,0.00,-,,,0.00,0.0,0.7,4137
187.91,-9.581,5.813,-125.5,0.00,-,,,0.00,0.0,0.7,4137
187.96,-9.581,5.813,-125.5,-0.00,-,,,0.00,0.0,0.8,4137
188.01,-9.581,5.813,-125.5,-0.00,-,,,0.00,0.0,0.7,4137
188.06,-9.581,5.813,-125.5,-0.00,-,,,0.00,0.0,0.8,4137
188.11,-9.581,5.811,-125.5,0.01,-,,,0.00,0.0,0.7,4137
188.16,-9.581,5.811,-125.5,0.01,-,,,0.00,0.0,0.7,4152
188.21,-9.580,5.814,-125.5,-0.03,-,,,0.00,0.0,0.7,4137
188.26,-9.580,5.814,-125.5,-0.03,-,,,0.00,0.0,0.7,4137
188.31,-9.581,5.814,-125.5,0.01,-,,,0.00,0.0,0.7,4137
188.36,-9.581,5.814,-125.5,0.01,-,,,0.00,0.0,0.8,4137
188.41,-9.581,5.813,-125.5,0.01,-,,,0.00,0.0,0.7,4137
188.46,-9.581,5.813,-125.5,0.01,-,,,0.00,0.0,0.6,4137
188.51,-9.580,5.814,-125.5,-0.01,-,,,0.00,0.0,0.7,4121
188.56,-9.580,5.814,-125.5,-0.01,-,,,0.00,0.0,0.7,4137
188.61,-9.581,5.814,-125.5,0.01,-,,,0.00,0.0,0.7,4137
188.66,-9.581,5.814,-125.5,0.01,-,,,0.00,0.0,0.7,4137
188.71,-9.580,5.814,-125.5,-0.01,-,,,0.00,0.0,0.6,4137
188.76,-9.580,5.814,-125.5,-0.01,-,,,0.00,0.0,0.8,4137
188.81,-9.580,5.813,-125.5,0.00,-,,,0.00,0.0,0.8,4137
188.86,-9.580,5.813,-125.5,0.00,-,,,0.00,0.0,0.7,4137
188.91,-9.580,5.813,-125.5,0.00,-,,,0.00,0.0,0.7,4137
188.96,-9.582,5.813,-125.5,0.01,-,,,0.00,0.0,0.8,4137
189.01,-9.582,5.813,-125.5,0.01,-,,,0.00,0.0,0.6,4137
189.06,-9.582,5.813,-125.5,0.01,-,,,0.00,0.0,0.7,4137
189.11,-9.582,5.814,-125.5,-0.00,-,,,0.00,0.0,0.8,4137
189.16,-9.582,5.814,-125.5,-0.00,-,,,0.00,0.0,0.7,4137
189.21,-9.581,5.816,-125.5,-0.02,-,,,0.00,0.0,0.7,4152
189.26,-9.581,5.816,-125.5,-0.02,-,,,0.00,0.0,0.7,4137
189.31,-9.582,5.814,-125.5,0.02,-,,,0.00,0.0,0.7,4137
189.36,-9.582,5.814,-125.5,0.02,-,,,0.00,0.0,0.7,4137
189.41,-9.581,5.814,-125.5,-0.00,-,,,0.00,0.0,0.7,4137
189.46,-9.581,5.814,-125.5,-0.00,-,,,0.00,0.0,0.7,4137
189.51,-9.582,5.814,-125.5,-0.00,-,,,0.00,0.0,0.8,4152
189.56,-9.582,5.814,-125.5,-0.00,-,,,0.00,0.0,0.7,4137
189.61,-9.581,5.814,-125.5,-0.00,-,,,0.00,0.0,0.8,4152
189.66,-9.581,5.814,-125.5,-0.00,-,,,0.00,0.0,0.7,4137
189.71,-9.581,5.814,-125.5,0.00,-,,,0.00,0.0,0.7,4152
189.76,-9.581,5.814,-125.5,0.00,-,,,0.00,0.0,0.7,4137
189.81,-9.582,5.815,-125.5,0.00,-,,,0.00,0.0,0.6,4152
189.86,-9.582,5.815,-125.5,0.00,-,,,0.00,0.0,0.7,4137
189.91,-9.582,5.815,-125.5,0.00,-,,,0.00,0.0,0.7,4152
189.96,-9.581,5.815,-125.4,-0.01,-,,,0.00,0.0,0.8,4137
190.01,-9.581,5.815,-125.4,-0.01,-,,,0.00,0.0,0.7,4167
190.06,-9.581,5.815,-125.4,-0.01,-,,,0.00,0.0,0.7,4137
190.11,-9.581,5.816,-125.4,-0.00,-,,,0.00,0.0,0.7,4137
190.16,-9.581,5.816,-125.4,-0.00,-,,,0.00,0.0,0.7,4167
190.21,-9.580,5.816,-125.4,-0.00,-,,,0.00,0.0,0.7,4152
190.26,-9.580,5.816,-125.4,-0.00,-,,,0.00,0.0,0.7,4137
190.31,-9.581,5.815,-125.4,0.01,-,,,0.00,0.0,0.7,4152
190.36,-9.581,5.815,-125.4,0.01,-,,,0.00,0.0,0.8,4137
190.41,-9.580,5.816,-125.4,-0.01,-,,,0.00,0.0,0.7,4137
190.46,-9.580,5.816,-125.4,-0.01,-,,,0.00,0.0,0.7,4152
190.51,-9.580,5.815,-125.4,0.01,-,,,0.00,0.0,0.7,4137
190.56,-9.580,5.815,-125.4,0.01,-,,,0.00,0.0,0.7,4137
190.61,-9.581,5.814,-125.4,0.01,-,,,0.00,0.0,0.7,4137
190.66,-9.581,5.814,-125.4,0.01,-,,,0.00,0.0,0.7,4137
190.71,-9.580,5.815,-125.4,-0.01,-,,,0.00,0.0,0.7,4137
190.76,-9.580,5.815,-125.4,-0.01,-,,,0.00,0.0,0.7,4152
190.81,-9.580,5.814,-125.4,0.00,-,,,0.00,0.0,0.7,4137
190.86,-9.580,5.814,-125.4,0.00,-,,,0.00,0.0,0.7,4137
190.91,-9.580,5.814,-125.4,0.00,-,,,0.00,0.0,0.7,4137
190.96,-9.581,5.815,-125.4,-0.00,-,,,0.00,0.0,0.7,4152
191.01,-9.581,5.815,-125.4,-0.00,-,,,0.00,0.0,0.7,4152
191.06,-9.581,5.815,-125.4,-0.00,-,,,0.00,0.0,0.7,4137
191.11,-9.581,5.815,-125.4,0.00,-,,,0.00,0.0,0.7,4121
191.16,-9.581,5.815,-125.4,0.00,-,,,0.00,0.0,0.7,4152
191.21,-9.582,5.813,-125.4,0.02,-,,,0.00,0.0,0.7,4137
191.26,-9.582,5.813,-125.4,0.02,-,,,0.00,0.0,0.7,4137
191.31,-9.581,5.813,-125.4,-0.00,-,,,0.00,0.0,0.7,4152
191.36,-9.581,5.813,-125.4,-0.00,-,,,0.00,0.0,0.7,4137
191.41,-9.581,5.811,-125.4,0.02,-,,,0.00,0.0,0.7,4137
191.46,-9.581,5.811,-125.4,0.02,-,,,0.00,0.0,0.7,4137
191.51,-9.583,5.811,-125.4,0.00,-,,,0.00,0.0,0.8,4137
191.56,-9.583,5.811,-125.4,0.00,-,,,0.00,0.0,0.7,4152
191.61,-9.583,5.815,-125.4,-0.03,-,,,0.00,0.0,0.7,4137
191.66,-9.583,5.815,-125.4,-0.03,-,,,0.00,0.0,0.7,4137
191.71,-9.582,5.815,-125.4,-0.01,-,,,0.00,0.0,0.7,4121
191.76,-9.582,5.815,-125.4,-0.01,-,,,0.00,0.0,0.7,4137
191.81,-9.582,5.812,-125.4,0.02,-,,,0.00,0.0,0.8,4137
191.86,-9.582,5.812,-125.4,0.02,-,,,0.00,0.0,0.7,4137
191.91,-9.582,5.812,-125.4,0.02,-,,,0.00,0.0,0.7,4137
191.96,-9.581,5.812,-125.4,-0.00,-,,,0.00,0.0,0.6,4137
192.01,-9.581,5.812,-125.4,-0.00,-,,,0.00,0.0,0.6,4137
192.06,-9.581,5.812,-125.4,-0.00,-,,,0.00,0.0,0.8,4137
192.11,-9.582,5.812,-125.4,0.00,-,,,0.00,0.0,0.7,4137
192.16,-9.582,5.812,-125.4,0.00,-,,,0.00,0.0,0.7,4137
192.21,-9.580,5.811,-125.4,0.00,-,,,0.00,0.0,0.7,4137
192.26,-9.580,5.811,-125.4,0.00,-,,,0.00,0.0,0.7,4152
192.31,-9.584,5.813,-125.4,0.01,-,,,0.00,0.0,0.7,4137
192.36,-9.584,5.813,-125.4,0.01,-,,,0.00,0.0,0.7,4137
192.41,-9.583,5.814,-125.4,-0.01,-,,,0.00,0.0,0.8,4137
192.46,-9.583,5.814,-125.4,-0.01,-,,,0.00,0.0,0.7,4152
192.51,-9.585,5.816,-125.4,-0.02,-,,,0.00,0.0,0.7,4137
192.56,-9.585,5.816,-125.4,-0.02,-,,,0.00,0.0,0.7,4152
192.61,-9.583,5.815,-125.4,0.00,-,,,0.00,0.0,0.8,4152
192.66,-9.583,5.815,-125.4,0.00,-,,,0.00,0.0,0.8,4137
192.71,-9.581,5.814,-125.4,0.00,-,,,0.00,0.0,0.6,4137
192.76,-9.581,5.814,-125.4,0.00,-,,,0.00,0.0,0.7,4152
192.81,-9.584,5.812,-125.4,0.03,-,,,0.00,0.0,0.8,4137
192.86,-9.584,5.812,-125.4,0.03,-,,,0.00,0.0,0.7,4152
192.91,-9.584,5.812,-125.4,0.03,-,,,0.00,0.0,0.7,4152
192.96,-9.584,5.812,-125.4,0.00,-,,,0.00,0.0,0.7,4137
193.01,-9.583,5.812,-125.4,-0.01,-,,,0.00,0.0,0.7,4137
193.06,-9.583,5.812,-125.4,-0.01,-,,,0.00,0.0,0.7,4152
193.11,-9.583,5.812,-125.4,-0.01,-,,,0.00,0.0,0.7,4137
193.16,-9.582,5.813,-125.4,-0.01,-,,,0.00,0.0,0.7,4152
193.21,-9.582,5.813,-125.4,-0.01,-,,,0.00,0.0,0.8,4137
193.26,-9.582,5.813,-125.4,-0.01,-,,,0.00,0.0,0.7,4137
193.31,-9.582,5.813,-125.4,-0.01,-,,,0.00,0.0,0.7,4137
193.36,-9.582,5.813,-125.4,-0.01,-,,,0.00,0.0,0.7,4152
193.41,-9.582,5.813,-125.4,-0.01,-,,,0.00,0.0,0.7,4121
193.46,-9.583,5.812,-125.4,0.02,-,,,0.00,0.0,0.7,4152
193.51,-9.583,5.812,-125.4,0.02,-,,,0.00,0.0,0.8,4137
193.56,-9.583,5.812,-125.4,0.02,-,,,0.00,0.0,0.6,4137
193.61,-9.584,5.813,-125.4,-0.00,-,,,0.00,0.0,0.7,4152
193.66,-9.584,5.813,-125.4,-0.00,-,,,0.00,0.0,0.7,4137
193.71,-9.584,5.813,-125.4,-0.00,-,,,0.00,0.0,0.7,4137
193.76,-9.584,5.813,-125.4,-0.00,-,,,0.00,0.0,0.7,4137
193.81,-9.583,5.813,-125.4,-0.01,-,,,0.00,0.0,0.8,4152
193.86,-9.583,5.813,-125.4,-0.01,-,,,0.00,0.0,0.7,4152
193.91,-9.583,5.813,-125.4,-0.01,-,,,0.00,0.0,0.7,4152
193.96,-9.585,5.816,-125.4,-0.00,-,,,0.00,0.0,0.8,4137
194.01,-9.585,5.816,-125.4,-0.00,-,,,0.00,0.0,0.7,4152
194.06,-9.585,5.816,-125.4,-0.00,-,,,0.00,0.0,0.7,4137
194.11,-9.583,5.815,-125.4,0.00,-,,,0.00,0.0,0.7,4152
194.16,-9.583,5.815,-125.4,0.00,-,,,0.00,0.0,0.7,4152
194.21,-9.583,5.815,-125.4,0.00,-,,,0.00,0.0,0.7,4137
194.26,-9.584,5.815,-125.4,-0.00,-,,,0.00,0.0,0.8,4137
194.31,-9.584,5.815,-125.4,-0.00,-,,,0.00,0.0,0.6,4152
194.36,-9.584,5.815,-125.4,-0.00,-,,,0.00,0.0,0.7,4137
194.41,-9.583,5.816,-125.4,-0.01,-,,,0.00,0.0,0.6,4152
194.46,-9.583,5.816,-125.3,-0.01,-,,,0.00,0.0,0.7,4167
194.51,-9.583,5.816,-125.3,-0.01,-,,,0.00,0.0,0.6,4152
194.56,-9.582,5.819,-125.3,-0.03,-,,,0.00,0.0,0.7,4137
194.61,-9.582,5.819,-125.3,-0.03,-,,,0.00,0.0,0.8,4137
194.66,-9.582,5.819,-125.3,-0.03,-,,,0.00,0.0,0.7,4121
194.71,-9.580,5.821,-125.3,-0.01,-,,,0.00,0.0,0.6,4137
194.76,-9.580,5.821,-125.3,-0.01,-,,,0.00,0.0,0.7,4137
194.81,-9.579,5.818,-125.3,0.02,-,,,0.00,0.0,0.8,4137
194.86,-9.579,5.818,-125.3,0.02,-,,,0.00,0.0,0.7,4167
194.91,-9.579,5.818,-125.3,0.02,-,,,0.00,0.0,0.7,4137
194.96,-9.583,5.817,-125.3,0.02,-,,,0.00,0.0,0.7,4137
195.01,-9.583,5.817,-125.3,0.02,-,,,0.00,0.0,0.6,4152
195.06,-9.583,5.817,-125.3,0.02,-,,,0.00,0.0,0.7,4137
195.11,-9.580,5.818,-125.3,-0.02,-,,,0.00,0.0,0.7,4167
195.16,-9.580,5.818,-125.3,-0.02,-,,,0.00,0.0,0.7,4167
195.21,-9.582,5.817,-125.3,0.02,-,,,0.00,0.0,0.8,4137
195.26,-9.582,5.817,-125.3,0.02,-,,,0.00,0.0,0.7,4137
195.31,-9.584,5.816,-125.3,0.01,-,,,0.00,0.0,0.7,4137
195.36,-9.584,5.816,-125.3,0.01,-,,,0.00,0.0,0.7,4137
195.41,-9.582,5.814,-125.3,0.01,-,,,0.00,0.0,0.7,4152
195.46,-9.582,5.814,-125.3,0.01,-,,,0.00,0.0,0.7,4167
195.51,-9.582,5.810,-125.3,0.02,-,,,0.00,0.0,0.8,4137
195.56,-9.582,5.810,-125.3,0.02,-,,,0.00,0.0,0.8,4152
195.61,-9.582,5.811,-125.3,-0.00,-,,,0.00,0.0,0.7,4137
195.66,-9.582,5.811,-125.3,-0.00,-,,,0.00,0.0,0.7,4137
195.71,-9.581,5.811,-125.3,-0.00,-,,,0.00,0.0,0.7,4152
195.76,-9.581,5.811,-125.3,-0.00,-,,,0.00,0.0,0.7,4137
195.81,-9.579,5.811,-125.3,-0.02,-,,,0.00,0.0,0.7,4121
195.86,-9.579,5.811,-125.3,-0.02,-,,,0.00,0.0,0.7,4152
195.91,-9.579,5.811,-125.3,-0.02,-,,,0.00,0.0,0.6,4152
195.96,-9.580,5.814,-125.3,-0.01,-,,,0.00,0.0,0.7,4137
196.01,-9.580,5.814,-125.3,-0.01,-,,,0.00,0.0,0.7,4152
196.06,-9.580,5.814,-125.3,-0.01,-,,,0.00,0.0,0.8,4152
196.11,-9.581,5.814,-125.3,0.00,-,,,0.00,0.0,0.7,4152
196.16,-9.581,5.814,-125.3,0.00,-,,,0.00,0.0,0.8,4152
196.21,-9.580,5.818,-125.3,-0.05,-,,,0.00,0.0,0.8,4121
196.26,-9.580,5.818,-125.3,-0.05,-,,,0.00,0.0,0.8,4152
196.31,-9.580,5.819,-125.3,-0.00,-,,,0.00,0.0,0.7,4137
196.36,-9.580,5.819,-125.3,-0.00,-,,,0.00,0.0,0.8,4137
196.41,-9.579,5.820,-125.3,-0.02,-,,,0.00,0.0,0.7,4152
196.46,-9.579,5.820,-125.3,-0.02,-,,,0.00,0.0,0.8,4137
196.51,-9.574,5.825,-125.3,-0.08,-,,,0.00,0.0,0.8,4137
196.56,-9.574,5.825,-125.3,-0.08,-,,,0.00,0.0,0.8,4137
196.61,-9.578,5.825,-125.3,0.02,-,,,0.00,0.0,0.8,4137
196.66,-9.578,5.825,-125.3,0.02,-,,,0.00,0.0,0.7,4137
196.71,-9.581,5.821,-125.3,0.05,-,,,0.00,0.0,0.7,4137
196.76,-9.581,5.821,-125.3,0.05,-,,,0.00,0.0,0.7,4152
196.81,-9.578,5.819,-125.3,-0.00,-,,,0.00,0.0,0.7,4137
196.86,-9.578,5.819,-125.3,-0.00,-,,,0.00,0.0,0.7,4137
196.91,-9.578,5.819,-125.3,-0.00,-,,,0.00,0.0,0.7,4137
196.96,-9.578,5.819,-125.3,-0.00,-,,,0.00,0.0,0.7,4137
197.01,-9.578,5.819,-125.3,-0.00,-,,,0.00,0.0,0.7,4137
197.06,-9.578,5.819,-125.3,-0.00,-,,,0.00,0.0,0.7,4137
197.11,-9.578,5.819,-125.3,-0.00,-,,,0.00,0.0,0.7,4137
197.16,-9.578,5.819,-125.3,-0.00,-,,,0.00,0.0,0.7,4137
197.21,-9.578,5.819,-125.3,-0.00,-,,,0.00,0.0,0.7,4137
197.26,-9.578,5.819,-125.3,-0.00,-,,,0.00,0.0,0.7,4137
197.31,-9.578,5.819,-125.3,-0.00,-,,,0.00,0.0,0.7,4137
197.36,-9.578,5.819,-125.3,-0.00,-,,,0.00,0.0,0.7,4137
197.41,-9.578,5.819,-125.3,-0.00,-,,,0.00,0.0,0.7,4137
197.46,-9.578,5.819,-125.3,-0.00,-,,,0.00,0.0,0.7,4137
197.51,-9.578,5.819,-125.3,-0.00,-,,,0.00,0.0,0.7,4137
197.56,-9.578,5.819,-125.3,-0.00,-,,,0.00,0.0,0.7,4137
197.61,-9.578,5.819,-125.3,-0.00,-,,,0.00,0.0,0.7,4137
197.66,-9.578,5.819,-125.3,-0.00,-,,,0.00,0.0,0.7,4137
197.71,-9.578,5.819,-125.3,-0.00,-,,,0.00,0.0,0.7,4137
197.76,-9.578,5.819,-125.3,-0.00,-,,,0.00,0.0,0.7,4137
197.81,-9.578,5.819,-125.3,-0.00,-,,,0.00,0.0,0.7,4137
197.86,-9.578,5.819,-125.3,-0.00,-,,,0.00,0.0,0.7,4137
197.91,-9.578,5.819,-125.3,-0.00,-,,,0.00,0.0,0.7,4137
197.96,-9.578,5.819,-125.3,-0.00,-,,,0.00,0.0,0.7,4137
198.01,-9.578,5.819,-125.3,-0.00,-,,,0.00,0.0,0.7,4137
198.06,-9.578,5.819,-125.3,-0.00,-,,,0.00,0.0,0.7,4137
198.11,-9.578,5.819,-125.3,-0.00,-,,,0.00,0.0,0.7,4137
198.16,-9.578,5.819,-125.3,-0.00,-,,,0.00,0.0,0.7,4137
198.21,-9.578,5.819,-125.3,-0.00,-,,,0.00,0.0,0.7,4137
198.26,-9.578,5.819,-125.3,-0.00,-,,,0.00,0.0,0.7,4137
198.31,-9.578,5.819,-125.3,-0.00,-,,,0.00,0.0,0.7,4137
198.36,-9.578,5.819,-125.3,-0.00,-,,,0.00,0.0,0.7,4137
198.41,-9.578,5.819,-125.3,-0.00,-,,,0.00,0.0,0.7,4137
198.46,-9.578,5.819,-125.3,-0.00,-,,,0.00,0.0,0.7,4137
198.51,-9.578,5.819,-125.3,-0.00,-,,,0.00,0.0,0.7,4137
198.56,-9.578,5.819,-125.3,-0.00,-,,,0.00,0.0,0.7,4137
198.61,-9.578,5.819,-125.3,-0.00,-,,,0.00,0.0,0.7,4137
198.66,-9.578,5.819,-125.3,-0.00,-,,,0.00,0.0,0.7,4137
198.71,-9.578,5.819,-125.3,-0.00,-,,,0.00,0.0,0.7,4137
198.76,-9.578,5.819,-125.3,-0.00,-,,,0.00,0.0,0.7,4137
198.81,-9.578,5.819,-125.3,-0.00,-,,,0.00,0.0,0.7,4137
198.86,-9.578,5.819,-125.3,-0.00,-,,,0.00,0.0,0.7,4137
198.91,-9.578,5.819,-125.3,-0.00,-,,,0.00,0.0,0.7,4137
198.96,-9.578,5.819,-125.3,-0.00,-,,,0.00,0.0,0.7,4137
199.01,-9.578,5.819,-125.3,-0.00,-,,,0.00,0.0,0.7,4137
199.06,-9.578,5.819,-125.3,-0.00,-,,,0.00,0.0,0.7,4137
199.11,-9.578,5.819,-125.3,-0.00,-,,,0.00,0.0,0.7,4137
199.16,-9.578,5.819,-125.3,-0.00,-,,,0.00,0.0,0.7,4137
199.21,-9.578,5.819,-125.3,-0.00,-,,,0.00,0.0,0.7,4137
199.26,-9.578,5.819,-125.3,-0.00,-,,,0.00,0.0,0.7,4137
199.31,-9.578,5.819,-125.3,-0.00,-,,,0.00,0.0,0.7,4137
199.36,-9.578,5.819,-125.3,-0.00,-,,,0.00,0.0,0.7,4137
199.41,-9.578,5.819,-125.3,-0.00,-,,,0.00,0.0,0.7,4137
199.46,-9.578,5.819,-125.3,-0.00,-,,,0.00,0.0,0.7,4137
199.51,-9.578,5.819,-125.3,-0.00,-,,,0.00,0.0,0.7,4137
199.56,-9.578,5.819,-125.3,-0.00,-,,,0.00,0.0,0.7,4137
199.61,-9.578,5.819,-125.3,-0.00,-,,,0.00,0.0,0.7,4137
199.66,-9.578,5.819,-125.3,-0.00,-,,,0.00,0.0,0.7,4137
199.71,-9.578,5.819,-125.3,-0.00,-,,,0.00,0.0,0.7,4137
199.76,-9.578,5.819,-125.3,-0.00,-,,,0.00,0.0,0.7,4137
199.81,-9.578,5.819,-125.3,-0.00,-,,,0.00,0.0,0.7,4137
199.86,-9.578,5.819,-125.3,-0.00,-,,,0.00,0.0,0.7,4137
199.91,-9.578,5.819,-125.3,-0.00,-,,,0.00,0.0,0.7,4137
199.96,-9.578,5.819,-125.3,-0.00,-,,,0.00,0.0,0.7,4137
200.01,-9.578,5.819,-125.3,-0.00,-,,,0.00,0.0,0.7,4137
200.06,-9.578,5.819,-125.3,-0.00,-,,,0.00,0.0,0.7,4137
200.11,-9.578,5.819,-125.3,-0.00,-,,,0.00,0.0,0.7,4137
200.16,-9.578,5.819,-125.3,-0.00,-,,,0.00,0.0,0.7,4137
200.21,-9.578,5.819,-125.3,-0.00,-,,,0.00,0.0,0.7,4137
200.26,-9.578,5.819,-125.3,-0.00,-,,,0.00,0.0,0.7,4137
200.31,-9.578,5.819,-125.3,-0.00,-,,,0.00,0.0,0.7,4137
200.36,-9.578,5.819,-125.3,-0.00,-,,,0.00,0.0,0.7,4137
200.41,-9.578,5.819,-125.3,-0.00,-,,,0.00,0.0,0.7,4137
200.46,-9.578,5.819,-125.3,-0.00,-,,,0.00,0.0,0.7,4137
200.51,-9.578,5.819,-125.3,-0.00,-,,,0.00,0.0,0.7,4137
200.56,-9.578,5.819,-125.3,-0.00,-,,,0.00,0.0,0.7,4137
200.61,-9.578,5.819,-125.3,-0.00,-,,,0.00,0.0,0.7,4137
200.66,-9.578,5.819,-125.3,-0.00,-,,,0.00,0.0,0.7,4137
200.71,-9.578,5.819,-125.3,-0.00,-,,,0.00,0.0,0.7,4137
200.76,-9.578,5.819,-125.3,-0.00,-,,,0.00,0.0,0.7,4137
200.81,-9.578,5.819,-125.3,-0.00,-,,,0.00,0.0,0.7,4137
200.86,-9.578,5.819,-125.3,-0.00,-,,,0.00,0.0,0.7,4137
200.91,-9.578,5.819,-125.3,-0.00,-,,,0.00,0.0,0.7,4137
200.96,-9.578,5.819,-125.3,-0.00,-,,,0.00,0.0,0.7,4137
201.01,-9.578,5.819,-125.3,-0.00,-,,,0.00,0.0,0.7,4137
201.06,-9.578,5.819,-125.3,-0.00,-,,,0.00,0.0,0.7,4137
201.11,-9.578,5.819,-125.3,-0.00,-,,,0.00,0.0,0.7,4137
201.16,-9.578,5.819,-125.3,-0.00,-,,,0.00,0.0,0.7,4137
201.21,-9.578,5.819,-125.3,-0.00,-,,,0.00,0.0,0.7,4137
201.26,-9.578,5.819,-125.3,-0.00,-,,,0.00,0.0,0.7,4137
201.31,-9.578,5.819,-125.3,-0.00,-,,,0.00,0.0,0.7,4137
201.36,-9.578,5.819,-125.3,-0.00,-,,,0.00,0.0,0.7,4137
201.41,-9.578,5.819,-125.3,-0.00,-,,,0.00,0.0,0.7,4137
201.46,-9.578,5.819,-125.3,-0.00,-,,,0.00,0.0,0.7,4137
201.51,-9.578,5.819,-125.3,-0.00,-,,,0.00,0.0,0.7,4137
201.56,-9.578,5.819,-125.3,-0.00,-,,,0.00,0.0,0.7,4137
201.61,-9.578,5.819,-125.3,-0.00,-,,,0.00,0.0,0.7,4137
201.66,-9.578,5.819,-125.3,-0.00,-,,,0.00,0.0,0.7,4137
201.71,-9.578,5.819,-125.3,-0.00,-,,,0.00,0.0,0.7,4137
201.76,-9.578,5.819,-125.3,-0.00,-,,,0.00,0.0,0.7,4137
201.81,-9.578,5.819,-125.3,-0.00,-,,,0.00,0.0,0.7,4137
201.86,-9.578,5.819,-125.3,-0.00,-,,,0.00,0.0,0.7,4137
201.91,-9.578,5.819,-125.3,-0.00,-,,,0.00,0.0,0.7,4137
201.96,-9.578,5.819,-125.3,-0.00,-,,,0.00,0.0,0.7,4137
202.01,-9.578,5.819,-125.3,-0.00,-,,,0.00,0.0,0.7,4137
202.06,-9.578,5.819,-125.3,-0.00,-,,,0.00,0.0,0.7,4137
202.11,-9.578,5.819,-125.3,-0.00,-,,,0.00,0.0,0.7,4137
202.16,-9.578,5.819,-125.3,-0.00,-,,,0.00,0.0,0.7,4137
202.21,-9.578,5.819,-125.3,-0.00,-,,,0.00,0.0,0.7,4137
202.26,-9.578,5.819,-125.3,-0.00,-,,,0.00,0.0,0.7,4137
202.31,-9.578,5.819,-125.3,-0.00,-,,,0.00,0.0,0.7,4137
202.36,-9.578,5.819,-125.3,-0.00,-,,,0.00,0.0,0.7,4137
202.41,-9.578,5.819,-125.3,-0.00,-,,,0.00,0.0,0.7,4137
202.46,-9.578,5.819,-125.3,-0.00,-,,,0.00,0.0,0.7,4137
202.51,-9.578,5.819,-125.3,-0.00,-,,,0.00,0.0,0.7,4137
202.56,-9.578,5.819,-125.3,-0.00,-,,,0.00,0.0,0.7,4137
202.61,-9.578,5.819,-125.3,-0.00,-,,,0.00,0.0,0.7,4137
202.66,-9.578,5.819,-125.3,-0.00,-,,,0.00,0.0,0.7,4137
202.71,-9.578,5.819,-125.3,-0.00,-,,,0.00,0.0,0.7,4137
202.76,-9.578,5.819,-125.3,-0.00,-,,,0.00,0.0,0.7,4137
202.81,-9.578,5.819,-125.3,-0.00,-,,,0.00,0.0,0.7,4137
202.86,-9.578,5.819,-125.3,-0.00,-,,,0.00,0.0,0.7,4137
202.91,-9.578,5.819,-125.3,-0.00,-,,,0.00,0.0,0.7,4137
202.96,-9.578,5.819,-125.3,-0.00,-,,,0.00,0.0,0.7,4137
203.01,-9.578,5.819,-125.3,-0.00,-,,,0.00,0.0,0.7,4137
203.06,-9.578,5.819,-125.3,-0.00,-,,,0.00,0.0,0.7,4137
203.11,-9.578,5.819,-125.3,-0.00,-,,,0.00,0.0,0.7,4137
203.16,-9.578,5.819,-125.3,-0.00,-,,,0.00,0.0,0.7,4137
203.21,-9.578,5.819,-125.3,-0.00,-,,,0.00,0.0,0.7,4137
203.26,-9.578,5.819,-125.3,-0.00,-,,,0.00,0.0,0.7,4137
203.31,-9.578,5.819,-125.3,-0.00,-,,,0.00,0.0,0.7,4137
203.36,-9.578,5.819,-125.3,-0.00,-,,,0.00,0.0,0.7,4137
203.41,-9.578,5.819,-125.3,-0.00,-,,,0.00,0.0,0.7,4137
203.46,-9.578,5.819,-125.3,-0.00,-,,,0.00,0.0,0.7,4137
203.51,-9.578,5.819,-125.3,-0.00,-,,,0.00,0.0,0.7,4137
203.56,-9.578,5.819,-125.3,-0.00,-,,,0.00,0.0,0.7,4137
203.61,-9.578,5.819,-125.3,-0.00,-,,,0.00,0.0,0.7,4137
203.66,-9.578,5.819,-125.3,-0.00,-,,,0.00,0.0,0.7,4137
203.71,-9.578,5.819,-125.3,-0.00,-,,,0.00,0.0,0.7,4137
203.76,-9.578,5.819,-125.3,-0.00,-,,,0.00,0.0,0.7,4137
203.81,-9.578,5.819,-125.3,-0.00,-,,,0.00,0.0,0.7,4137
203.86,-9.578,5.819,-125.3,-0.00,-,,,0.00,0.0,0.7,4137
203.91,-9.578,5.819,-125.3,-0.00,-,,,0.00,0.0,0.7,4137
203.96,-9.578,5.819,-125.3,-0.00,-,,,0.00,0.0,0.7,4137
204.01,-9.578,5.819,-125.3,-0.00,-,,,0.00,0.0,0.7,4137
204.06,-9.578,5.819,-125.3,-0.00,-,,,0.00,0.0,0.7,4137
204.11,-9.578,5.819,-125.3,-0.00,-,,,0.00,0.0,0.7,4137
204.16,-9.578,5.819,-125.3,-0.00,-,,,0.00,0.0,0.7,4137
204.21,-9.578,5.819,-125.3,-0.00,-,,,0.00,0.0,0.7,4137
204.26,-9.578,5.819,-125.3,-0.00,-,,,0.00,0.0,0.7,4137
204.31,-9.578,5.819,-125.3,-0.00,-,,,0.00,0.0,0.7,4137
204.36,-9.578,5.819,-125.3,-0.00,-,,,0.00,0.0,0.7,4137
204.41,-9.578,5.819,-125.3,-0.00,-,,,0.00,0.0,0.7,4137
204.46,-9.578,5.819,-125.3,-0.00,-,,,0.00,0.0,0.7,4137
204.51,-9.578,5.819,-125.3,-0.00,-,,,0.00,0.0,0.7,4137
204.56,-9.578,5.819,-125.3,-0.00,-,,,0.00,0.0,0.7,4137
204.61,-9.578,5.819,-125.3,-0.00,-,,,0.00,0.0,0.7,4137
204.66,-9.578,5.819,-125.3,-0.00,-,,,0.00,0.0,0.7,4137
204.71,-9.578,5.819,-125.3,-0.00,-,,,0.00,0.0,0.7,4137
204.76,-9.578,5.819,-125.3,-0.00,-,,,0.00,0.0,0.7,4137
204.81,-9.578,5.819,-125.3,-0.00,-,,,0.00,0.0,0.7,4137
204.86,-9.578,5.819,-125.3,-0.00,-,,,0.00,0.0,0.7,4137
204.91,-9.578,5.819,-125.3,-0.00,-,,,0.00,0.0,0.7,4137
204.96,-9.578,5.819,-125.3,-0.00,-,,,0.00,0.0,0.7,4137
205.01,-9.578,5.819,-125.3,-0.00,-,,,0.00,0.0,0.7,4137
205.06,-9.578,5.819,-125.3,-0.00,-,,,0.00,0.0,0.7,4137
205.11,-9.578,5.819,-125.3,-0.00,-,,,0.00,0.0,0.7,4137
205.16,-9.578,5.819,-125.3,-0.00,-,,,0.00,0.0,0.7,4137
205.21,-9.578,5.819,-125.3,-0.00,-,,,0.00,0.0,0.7,4137
205.26,-9.578,5.819,-125.3,-0.00,-,,,0.00,0.0,0.7,4137
205.31,-9.578,5.819,-125.3,-0.00,-,,,0.00,0.0,0.7,4137
205.36,-9.578,5.819,-125.3,-0.00,-,,,0.00,0.0,0.7,4137
205.41,-9.578,5.819,-125.3,-0.00,-,,,0.00,0.0,0.7,4137
205.46,-9.578,5.819,-125.3,-0.00,-,,,0.00,0.0,0.7,4137
205.51,-9.578,5.819,-125.3,-0.00,-,,,0.00,0.0,0.7,4137
205.56,-9.578,5.819,-125.3,-0.00,-,,,0.00,0.0,0.7,4137
205.61,-9.578,5.819,-125.3,-0.00,-,,,0.00,0.0,0.7,4137
205.66,-9.578,5.819,-125.3,-0.00,-,,,0.00,0.0,0.7,4137
205.71,-9.578,5.819,-125.3,-0.00,-,,,0.00,0.0,0.7,4137
205.76,-9.578,5.819,-125.3,-0.00,-,,,0.00,0.0,0.7,4137
205.81,-9.578,5.819,-125.3,-0.00,-,,,0.00,0.0,0.7,4137
205.86,-9.578,5.819,-125.3,-0.00,-,,,0.00,0.0,0.7,4137
205.91,-9.578,5.819,-125.3,-0.00,-,,,0.00,0.0,0.7,4137
205.96,-9.578,5.819,-125.3,-0.00,-,,,0.00,0.0,0.7,4137
206.01,-9.578,5.819,-125.3,-0.00,-,,,0.00,0.0,0.7,4137
206.06,-9.578,5.819,-125.3,-0.00,-,,,0.00,0.0,0.7,4137
206.11,-9.578,5.819,-125.3,-0.00,-,,,0.00,0.0,0.7,4137
206.16,-9.578,5.819,-125.3,-0.00,-,,,0.00,0.0,0.7,4137
206.21,-9.578,5.819,-125.3,-0.00,-,,,0.00,0.0,0.7,4137
206.26,-9.578,5.819,-125.3,-0.00,-,,,0.00,0.0,0.7,4137
206.31,-9.578,5.819,-125.3,-0.00,-,,,0.00,0.0,0.7,4137
206.36,-9.578,5.819,-125.3,-0.00,-,,,0.00,0.0,0.7,4137
206.41,-9.578,5.819,-125.3,-0.00,-,,,0.00,0.0,0.7,4137
206.46,-9.578,5.819,-125.3,-0.00,-,,,0.00,0.0,0.7,4137
206.51,-9.578,5.819,-125.3,-0.00,-,,,0.00,0.0,0.7,4137
206.56,-9.578,5.819,-125.3,-0.00,-,,,0.00,0.0,0.7,4137
206.61,-9.578,5.819,-125.3,-0.00,-,,,0.00,0.0,0.7,4137
206.66,-9.578,5.819,-125.3,-0.00,-,,,0.00,0.0,0.7,4137
206.71,-9.578,5.819,-125.3,-0.00,-,,,0.00,0.0,0.7,4137
206.76,-9.578,5.819,-125.3,-0.00,-,,,0.00,0.0,0.7,4137
206.81,-9.578,5.819,-125.3,-0.00,-,,,0.00,0.0,0.7,4137
206.86,-9.578,5.819,-125.3,-0.00,-,,,0.00,0.0,0.7,4137
206.91,-9.578,5.819,-125.3,-0.00,-,,,0.00,0.0,0.7,4137
206.96,-9.578,5.819,-125.3,-0.00,-,,,0.00,0.0,0.7,4137
207.01,-9.578,5.819,-125.3,-0.00,-,,,0.00,0.0,0.7,4137
207.06,-9.578,5.819,-125.3,-0.00,-,,,0.00,0.0,0.7,4137
207.11,-9.578,5.819,-125.3,-0.00,-,,,0.00,0.0,0.7,4137
207.16,-9.578,5.819,-125.3,-0.00,-,,,0.00,0.0,0.7,4137
207.21,-9.578,5.819,-125.3,-0.00,-,,,0.00,0.0,0.7,4137
207.26,-9.578,5.819,-125.3,-0.00,-,,,0.00,0.0,0.7,4137
207.31,-9.578,5.819,-125.3,-0.00,-,,,0.00,0.0,0.7,4137
207.36,-9.578,5.819,-125.3,-0.00,-,,,0.00,0.0,0.7,4137
207.41,-9.578,5.819,-125.3,-0.00,-,,,0.00,0.0,0.7,4137
207.46,-9.578,5.819,-125.3,-0.00,-,,,0.00,0.0,0.7,4137
207.51,-9.578,5.819,-125.3,-0.00,-,,,0.00,0.0,0.7,4137
207.56,-9.578,5.819,-125.3,-0.00,-,,,0.00,0.0,0.7,4137
207.61,-9.578,5.819,-125.3,-0.00,-,,,0.00,0.0,0.7,4137
207.66,-9.578,5.819,-125.3,-0.00,-,,,0.00,0.0,0.7,4137
207.71,-9.578,5.819,-125.3,-0.00,-,,,0.00,0.0,0.7,4137
207.76,-9.578,5.819,-125.3,-0.00,-,,,0.00,0.0,0.7,4137
207.81,-9.578,5.819,-125.3,-0.00,-,,,0.00,0.0,0.7,4137
207.86,-9.578,5.819,-125.3,-0.00,-,,,0.00,0.0,0.7,4137
207.91,-9.578,5.819,-125.3,-0.00,-,,,0.00,0.0,0.7,4137
207.96,-9.578,5.819,-125.3,-0.00,-,,,0.00,0.0,0.7,4137
208.01,-9.578,5.819,-125.3,-0.00,-,,,0.00,0.0,0.7,4137
208.06,-9.578,5.819,-125.3,-0.00,-,,,0.00,0.0,0.7,4137
208.11,-9.578,5.819,-125.3,-0.00,-,,,0.00,0.0,0.7,4137
208.16,-9.578,5.819,-125.3,-0.00,-,,,0.00,0.0,0.7,4137
208.21,-9.578,5.819,-125.3,-0.00,-,,,0.00,0.0,0.7,4137
208.26,-9.578,5.819,-125.3,-0.00,-,,,0.00,0.0,0.7,4137
208.31,-9.578,5.819,-125.3,-0.00,-,,,0.00,0.0,0.7,4137
208.36,-9.578,5.819,-125.3,-0.00,-,,,0.00,0.0,0.7,4137
208.41,-9.578,5.819,-125.3,-0.00,-,,,0.00,0.0,0.7,4137
208.46,-9.578,5.819,-125.3,-0.00,-,,,0.00,0.0,0.7,4137
208.51,-9.578,5.819,-125.3,-0.00,-,,,0.00,0.0,0.7,4137
208.56,-9.578,5.819,-125.3,-0.00,-,,,0.00,0.0,0.7,4137
208.61,-9.578,5.819,-125.3,-0.00,-,,,0.00,0.0,0.7,4137
208.66,-9.578,5.819,-125.3,-0.00,-,,,0.00,0.0,0.7,4137
208.71,-9.578,5.819,-125.3,-0.00,-,,,0.00,0.0,0.7,4137
208.76,-9.578,5.819,-125.3,-0.00,-,,,0.00,0.0,0.7,4137
208.81,-9.578,5.819,-125.3,-0.00,-,,,0.00,0.0,0.7,4137
208.86,-9.578,5.819,-125.3,-0.00,-,,,0.00,0.0,0.7,4137
208.91,-9.578,5.819,-125.3,-0.00,-,,,0.00,0.0,0.7,4137
208.96,-9.578,5.819,-125.3,-0.00,-,,,0.00,0.0,0.7,4137
209.01,-9.578,5.819,-125.3,-0.00,-,,,0.00,0.0,0.7,4137
209.06,-9.578,5.819,-125.3,-0.00,-,,,0.00,0.0,0.7,4137
209.11,-9.578,5.819,-125.3,-0.00,-,,,0.00,0.0,0.7,4137
209.16,-9.578,5.819,-125.3,-0.00,-,,,0.00,0.0,0.7,4137
209.21,-9.578,5.819,-125.3,-0.00,-,,,0.00,0.0,0.7,4137
209.26,-9.578,5.819,-125.3,-0.00,-,,,0.00,0.0,0.7,4137
209.31,-9.578,5.819,-125.3,-0.00,-,,,0.00,0.0,0.7,4137
209.36,-9.578,5.819,-125.3,-0.00,-,,,0.00,0.0,0.7,4137
209.41,-9.578,5.819,-125.3,-0.00,-,,,0.00,0.0,0.7,4137
209.46,-9.578,5.819,-125.3,-0.00,-,,,0.00,0.0,0.7,4137
209.51,-9.578,5.819,-125.3,-0.00,-,,,0.00,0.0,0.7,4137
209.56,-9.578,5.819,-125.3,-0.00,-,,,0.00,0.0,0.7,4137
209.61,-9.578,5.819,-125.3,-0.00,-,,,0.00,0.0,0.7,4137
209.66,-9.578,5.819,-125.3,-0.00,-,,,0.00,0.0,0.7,4137
209.71,-9.578,5.819,-125.3,-0.00,-,,,0.00,0.0,0.7,4137
209.76,-9.578,5.819,-125.3,-0.00,-,,,0.00,0.0,0.7,4137
209.81,-9.578,5.819,-125.3,-0.00,-,,,0.00,0.0,0.7,4137
209.86,-9.578,5.819,-125.3,-0.00,-,,,0.00,0.0,0.7,4137
209.91,-9.578,5.819,-125.3,-0.00,-,,,0.00,0.0,0.7,4137
209.96,-9.578,5.819,-125.3,-0.00,-,,,0.00,0.0,0.7,4137
210.01,-9.578,5.819,-125.3,-0.00,-,,,0.00,0.0,0.7,4137
210.06,-9.578,5.819,-125.3,-0.00,-,,,0.00,0.0,0.7,4137
210.11,-9.578,5.819,-125.3,-0.00,-,,,0.00,0.0,0.7,4137
210.16,-9.578,5.819,-125.3,-0.00,-,,,0.00,0.0,0.7,4137
210.21,-9.578,5.819,-125.3,-0.00,-,,,0.00,0.0,0.7,4137
210.26,-9.578,5.819,-125.3,-0.00,-,,,0.00,0.0,0.7,4137
210.31,-9.578,5.819,-125.3,-0.00,-,,,0.00,0.0,0.7,4137
210.36,-9.578,5.819,-125.3,-0.00,-,,,0.00,0.0,0.7,4137
210.41,-9.578,5.819,-125.3,-0.00,-,,,0.00,0.0,0.7,4137
210.46,-9.578,5.819,-125.3,-0.00,-,,,0.00,0.0,0.7,4137
210.51,-9.578,5.819,-125.3,-0.00,-,,,0.00,0.0,0.7,4137
210.56,-9.578,5.819,-125.3,-0.00,-,,,0.00,0.0,0.7,4137
210.61,-9.578,5.819,-125.3,-0.00,-,,,0.00,0.0,0.7,4137
210.66,-9.578,5.819,-125.3,-0.00,-,,,0.00,0.0,0.7,4137
210.71,-9.578,5.819,-125.3,-0.00,-,,,0.00,0.0,0.7,4137
210.76,-9.578,5.819,-125.3,-0.00,-,,,0.00,0.0,0.7,4137
210.81,-9.578,5.819,-125.3,-0.00,-,,,0.00,0.0,0.7,4137
210.86,-9.578,5.819,-125.3,-0.00,-,,,0.00,0.0,0.7,4137
210.91,-9.578,5.819,-125.3,-0.00,-,,,0.00,0.0,0.7,4137
210.96,-9.578,5.819,-125.3,-0.00,-,,,0.00,0.0,0.7,4137
211.01,-9.578,5.819,-125.3,-0.00,-,,,0.00,0.0,0.7,4137
211.06,-9.578,5.819,-125.3,-0.00,-,,,0.00,0.0,0.7,4137
211.11,-9.578,5.819,-125.3,-0.00,-,,,0.00,0.0,0.7,4137
211.16,-9.578,5.819,-125.3,-0.00,-,,,0.00,0.0,0.7,4137
211.21,-9.578,5.819,-125.3,-0.00,-,,,0.00,0.0,0.7,4137
211.26,-9.578,5.819,-125.3,-0.00,-,,,0.00,0.0,0.7,4137
211.31,-9.578,5.819,-125.3,-0.00,-,,,0.00,0.0,0.7,4137
211.36,-9.578,5.819,-125.3,-0.00,-,,,0.00,0.0,0.7,4137
211.41,-9.578,5.819,-125.3,-0.00,-,,,0.00,0.0,0.7,4137
211.46,-9.578,5.819,-125.3,-0.00,-,,,0.00,0.0,0.7,4137
211.51,-9.578,5.819,-125.3,-0.00,-,,,0.00,0.0,0.7,4137
211.56,-9.578,5.819,-125.3,-0.00,-,,,0.00,0.0,0.7,4137
211.61,-9.578,5.819,-125.3,-0.00,-,,,0.00,0.0,0.7,4137
211.66,-9.578,5.819,-125.3,-0.00,-,,,0.00,0.0,0.7,4137
211.71,-9.578,5.819,-125.3,-0.00,-,,,0.00,0.0,0.7,4137
211.76,-9.578,5.819,-125.3,-0.00,-,,,0.00,0.0,0.7,4137
211.81,-9.578,5.819,-125.3,-0.00,-,,,0.00,0.0,0.7,4137
211.86,-9.578,5.819,-125.3,-0.00,-,,,0.00,0.0,0.7,4137
211.91,-9.578,5.819,-125.3,-0.00,-,,,0.00,0.0,0.7,4137
211.96,-9.578,5.819,-125.3,-0.00,-,,,0.00,0.0,0.7,4137
212.01,-9.578,5.819,-125.3,-0.00,-,,,0.00,0.0,0.7,4137
212.06,-9.578,5.819,-125.3,-0.00,-,,,0.00,0.0,0.7,4137
212.11,-9.578,5.819,-125.3,-0.00,-,,,0.00,0.0,0.7,4137
212.16,-9.578,5.819,-125.3,-0.00,-,,,0.00,0.0,0.7,4137
212.21,-9.578,5.819,-125.3,-0.00,-,,,0.00,0.0,0.7,4137
212.26,-9.578,5.819,-125.3,-0.00,-,,,0.00,0.0,0.7,4137
212.31,-9.578,5.819,-125.3,-0.00,-,,,0.00,0.0,0.7,4137
212.36,-9.578,5.819,-125.3,-0.00,-,,,0.00,0.0,0.7,4137
212.41,-9.578,5.819,-125.3,-0.00,-,,,0.00,0.0,0.7,4137
212.46,-9.578,5.819,-125.3,-0.00,-,,,0.00,0.0,0.7,4137
212.51,-9.578,5.819,-125.3,-0.00,-,,,0.00,0.0,0.7,4137
212.56,-9.578,5.819,-125.3,-0.00,-,,,0.00,0.0,0.7,4137
212.61,-9.578,5.819,-125.3,-0.00,-,,,0.00,0.0,0.7,4137
212.66,-9.578,5.819,-125.3,-0.00,-,,,0.00,0.0,0.7,4137
212.71,-9.578,5.819,-125.3,-0.00,-,,,0.00,0.0,0.7,4137
212.76,-9.578,5.819,-125.3,-0.00,-,,,0.00,0.0,0.7,4137
212.81,-9.578,5.819,-125.3,-0.00,-,,,0.00,0.0,0.7,4137
212.86,-9.578,5.819,-125.3,-0.00,-,,,0.00,0.0,0.7,4137
212.91,-9.578,5.819,-125.3,-0.00,-,,,0.00,0.0,0.7,4137
212.96,-9.578,5.819,-125.3,-0.00,-,,,0.00,0.0,0.7,4137
213.01,-9.578,5.819,-125.3,-0.00,-,,,0.00,0.0,0.7,4137
213.06,-9.578,5.819,-125.3,-0.00,-,,,0.00,0.0,0.7,4137
213.11,-9.578,5.819,-125.3,-0.00,-,,,0.00,0.0,0.7,4137
213.16,-9.578,5.819,-125.3,-0.00,-,,,0.00,0.0,0.7,4137
213.21,-9.578,5.819,-125.3,-0.00,-,,,0.00,0.0,0.7,4137
213.26,-9.578,5.819,-125.3,-0.00,-,,,0.00,0.0,0.7,4137
213.31,-9.578,5.819,-125.3,-0.00,-,,,0.00,0.0,0.7,4137
213.36,-9.578,5.819,-125.3,-0.00,-,,,0.00,0.0,0.7,4137
213.41,-9.578,5.819,-125.3,-0.00,-,,,0.00,0.0,0.7,4137
213.46,-9.578,5.819,-125.3,-0.00,-,,,0.00,0.0,0.7,4137
213.51,-9.578,5.819,-125.3,-0.00,-,,,0.00,0.0,0.7,4137
213.56,-9.578,5.819,-125.3,-0.00,-,,,0.00,0.0,0.7,4137
213.61,-9.578,5.819,-125.3,-0.00,-,,,0.00,0.0,0.7,4137
213.66,-9.578,5.819,-125.3,-0.00,-,,,0.00,0.0,0.7,4137
213.71,-9.578,5.819,-125.3,-0.00,-,,,0.00,0.0,0.7,4137
213.76,-9.578,5.819,-125.3,-0.00,-,,,0.00,0.0,0.7,4137
213.81,-9.578,5.819,-125.3,-0.00,-,,,0.00,0.0,0.7,4137
213.86,-9.578,5.819,-125.3,-0.00,-,,,0.00,0.0,0.7,4137
213.91,-9.578,5.819,-125.3,-0.00,-,,,0.00,0.0,0.7,4137
213.96,-9.578,5.819,-125.3,-0.00,-,,,0.00,0.0,0.7,4137
214.01,-9.578,5.819,-125.3,-0.00,-,,,0.00,0.0,0.7,4137
214.06,-9.578,5.819,-125.3,-0.00,-,,,0.00,0.0,0.7,4137
214.11,-9.578,5.819,-125.3,-0.00,-,,,0.00,0.0,0.7,4137
214.16,-9.578,5.819,-125.3,-0.00,-,,,0.00,0.0,0.7,4137
214.21,-9.578,5.819,-125.3,-0.00,-,,,0.00,0.0,0.7,4137
214.26,-9.578,5.819,-125.3,-0.00,-,,,0.00,0.0,0.7,4137
214.31,-9.578,5.819,-125.3,-0.00,-,,,0.00,0.0,0.7,4137
214.36,-9.578,5.819,-125.3,-0.00,-,,,0.00,0.0,0.7,4137
214.41,-9.578,5.819,-125.3,-0.00,-,,,0.00,0.0,0.7,4137
214.46,-9.578,5.819,-125.3,-0.00,-,,,0.00,0.0,0.7,4137
214.51,-9.578,5.819,-125.3,-0.00,-,,,0.00,0.0,0.7,4137
214.56,-9.578,5.819,-125.3,-0.00,-,,,0.00,0.0,0.7,4137
214.61,-9.578,5.819,-125.3,-0.00,-,,,0.00,0.0,0.7,4137
214.66,-9.578,5.819,-125.3,-0.00,-,,,0.00,0.0,0.7,4137
214.71,-9.578,5.819,-125.3,-0.00,-,,,0.00,0.0,0.7,4137
214.76,-9.578,5.819,-125.3,-0.00,-,,,0.00,0.0,0.7,4137
214.81,-9.578,5.819,-125.3,-0.00,-,,,0.00,0.0,0.7,4137
214.86,-9.578,5.819,-125.3,-0.00,-,,,0.00,0.0,0.7,4137
214.91,-9.578,5.819,-125.3,-0.00,-,,,0.00,0.0,0.7,4137
214.96,-9.578,5.819,-125.3,-0.00,-,,,0.00,0.0,0.7,4137
215.01,-9.578,5.819,-125.3,-0.00,-,,,0.00,0.0,0.7,4137
215.06,-9.578,5.819,-125.3,-0.00,-,,,0.00,0.0,0.7,4137
215.11,-9.578,5.819,-125.3,-0.00,-,,,0.00,0.0,0.7,4137
215.16,-9.578,5.819,-125.3,-0.00,-,,,0.00,0.0,0.7,4137
215.21,-9.578,5.819,-125.3,-0.00,-,,,0.00,0.0,0.7,4137
215.26,-9.578,5.819,-125.3,-0.00,-,,,0.00,0.0,0.7,4137
215.31,-9.578,5.819,-125.3,-0.00,-,,,0.00,0.0,0.7,4137
215.36,-9.578,5.819,-125.3,-0.00,-,,,0.00,0.0,0.7,4137
215.41,-9.578,5.819,-125.3,-0.00,-,,,0.00,0.0,0.7,4137
215.46,-9.578,5.819,-125.3,-0.00,-,,,0.00,0.0,0.7,4137
215.51,-9.578,5.819,-125.3,-0.00,-,,,0.00,0.0,0.7,4137
215.56,-9.578,5.819,-125.3,-0.00,-,,,0.00,0.0,0.7,4137
215.61,-9.578,5.819,-125.3,-0.00,-,,,0.00,0.0,0.7,4137
215.66,-9.578,5.819,-125.3,-0.00,-,,,0.00,0.0,0.7,4137
215.71,-9.578,5.819,-125.3,-0.00,-,,,0.00,0.0,0.7,4137
215.76,-9.578,5.819,-125.3,-0.00,-,,,0.00,0.0,0.7,4137
215.81,-9.578,5.819,-125.3,-0.00,-,,,0.00,0.0,0.7,4137
215.86,-9.578,5.819,-125.3,-0.00,-,,,0.00,0.0,0.7,4137
215.91,-9.578,5.819,-125.3,-0.00,-,,,0.00,0.0,0.7,4137
215.96,-9.578,5.819,-125.3,-0.00,-,,,0.00,0.0,0.7,4137
216.01,-9.578,5.819,-125.3,-0.00,-,,,0.00,0.0,0.7,4137
216.06,-9.578,5.819,-125.3,-0.00,-,,,0.00,0.0,0.7,4137
216.11,-9.578,5.819,-125.3,-0.00,-,,,0.00,0.0,0.7,4137
216.16,-9.578,5.819,-125.3,-0.00,-,,,0.00,0.0,0.7,4137
216.21,-9.578,5.819,-125.3,-0.00,-,,,0.00,0.0,0.7,4137
216.26,-9.578,5.819,-125.3,-0.00,-,,,0.00,0.0,0.7,4137
216.31,-9.578,5.819,-125.3,-0.00,-,,,0.00,0.0,0.7,4137
216.36,-9.578,5.819,-125.3,-0.00,-,,,0.00,0.0,0.7,4137
216.41,-9.578,5.819,-125.3,-0.00,-,,,0.00,0.0,0.7,4137
216.46,-9.578,5.819,-125.3,-0.00,-,,,0.00,0.0,0.7,4137
216.51,-9.578,5.819,-125.3,-0.00,-,,,0.00,0.0,0.7,4137
216.56,-9.578,5.819,-125.3,-0.00,-,,,0.00,0.0,0.7,4137
216.61,-9.578,5.819,-125.3,-0.00,-,,,0.00,0.0,0.7,4137
216.66,-9.578,5.819,-125.3,-0.00,-,,,0.00,0.0,0.7,4137
216.71,-9.578,5.819,-125.3,-0.00,-,,,0.00,0.0,0.7,4137
216.76,-9.578,5.819,-125.3,-0.00,-,,,0.00,0.0,0.7,4137
216.81,-9.578,5.819,-125.3,-0.00,-,,,0.00,0.0,0.7,4137
216.86,-9.578,5.819,-125.3,-0.00,-,,,0.00,0.0,0.7,4137
216.91,-9.578,5.819,-125.3,-0.00,-,,,0.00,0.0,0.7,4137
216.96,-9.578,5.819,-125.3,-0.00,-,,,0.00,0.0,0.7,4137
217.01,-9.578,5.819,-125.3,-0.00,-,,,0.00,0.0,0.7,4137
217.06,-9.578,5.819,-125.3,-0.00,-,,,0.00,0.0,0.7,4137
217.11,-9.578,5.819,-125.3,-0.00,-,,,0.00,0.0,0.7,4137
217.16,-9.578,5.819,-125.3,-0.00,-,,,0.00,0.0,0.7,4137
217.21,-9.578,5.819,-125.3,-0.00,-,,,0.00,0.0,0.7,4137
217.26,-9.578,5.819,-125.3,-0.00,-,,,0.00,0.0,0.7,4137
217.31,-9.578,5.819,-125.3,-0.00,-,,,0.00,0.0,0.7,4137
217.36,-9.578,5.819,-125.3,-0.00,-,,,0.00,0.0,0.7,4137
217.41,-9.578,5.819,-125.3,-0.00,-,,,0.00,0.0,0.7,4137
217.46,-9.578,5.819,-125.3,-0.00,-,,,0.00,0.0,0.7,4137
217.51,-9.578,5.819,-125.3,-0.00,-,,,0.00,0.0,0.7,4137
217.56,-9.578,5.819,-125.3,-0.00,-,,,0.00,0.0,0.7,4137
217.61,-9.578,5.819,-125.3,-0.00,-,,,0.00,0.0,0.7,4137
217.66,-9.578,5.819,-125.3,-0.00,-,,,0.00,0.0,0.7,4137
217.71,-9.578,5.819,-125.3,-0.00,-,,,0.00,0.0,0.7,4137
217.76,-9.578,5.819,-125.3,-0.00,-,,,0.00,0.0,0.7,4137
217.81,-9.578,5.819,-125.3,-0.00,-,,,0.00,0.0,0.7,4137
217.86,-9.578,5.819,-125.3,-0.00,-,,,0.00,0.0,0.7,4137
217.91,-9.578,5.819,-125.3,-0.00,-,,,0.00,0.0,0.7,4137
217.96,-9.578,5.819,-125.3,-0.00,-,,,0.00,0.0,0.7,4137
218.01,-9.578,5.819,-125.3,-0.00,-,,,0.00,0.0,0.7,4137
218.06,-9.578,5.819,-125.3,-0.00,-,,,0.00,0.0,0.7,4137
218.11,-9.578,5.819,-125.3,-0.00,-,,,0.00,0.0,0.7,4137
218.16,-9.578,5.819,-125.3,-0.00,-,,,0.00,0.0,0.7,4137
218.21,-9.578,5.819,-125.3,-0.00,-,,,0.00,0.0,0.7,4137
218.26,-9.578,5.819,-125.3,-0.00,-,,,0.00,0.0,0.7,4137
218.31,-9.578,5.819,-125.3,-0.00,-,,,0.00,0.0,0.7,4137
218.36,-9.578,5.819,-125.3,-0.00,-,,,0.00,0.0,0.7,4137
218.41,-9.578,5.819,-125.3,-0.00,-,,,0.00,0.0,0.7,4137
218.46,-9.578,5.819,-125.3,-0.00,-,,,0.00,0.0,0.7,4137
218.51,-9.578,5.819,-125.3,-0.00,-,,,0.00,0.0,0.7,4137
218.56,-9.578,5.819,-125.3,-0.00,-,,,0.00,0.0,0.7,4137
218.61,-9.578,5.819,-125.3,-0.00,-,,,0.00,0.0,0.7,4137
218.66,-9.578,5.819,-125.3,-0.00,-,,,0.00,0.0,0.7,4137
218.71,-9.578,5.819,-125.3,-0.00,-,,,0.00,0.0,0.7,4137
218.76,-9.578,5.819,-125.3,-0.00,-,,,0.00,0.0,0.7,4137
218.81,-9.578,5.819,-125.3,-0.00,-,,,0.00,0.0,0.7,4137
218.86,-9.578,5.819,-125.3,-0.00,-,,,0.00,0.0,0.7,4137
218.91,-9.578,5.819,-125.3,-0.00,-,,,0.00,0.0,0.7,4137
218.96,-9.578,5.819,-125.3,-0.00,-,,,0.00,0.0,0.7,4137
219.01,-9.578,5.819,-125.3,-0.00,-,,,0.00,0.0,0.7,4137
219.06,-9.578,5.819,-125.3,-0.00,-,,,0.00,0.0,0.7,4137
219.11,-9.578,5.819,-125.3,-0.00,-,,,0.00,0.0,0.7,4137
219.16,-9.578,5.819,-125.3,-0.00,-,,,0.00,0.0,0.7,4137
219.21,-9.578,5.819,-125.3,-0.00,-,,,0.00,0.0,0.7,4137
219.26,-9.578,5.819,-125.3,-0.00,-,,,0.00,0.0,0.7,4137
219.31,-9.578,5.819,-125.3,-0.00,-,,,0.00,0.0,0.7,4137
219.36,-9.578,5.819,-125.3,-0.00,-,,,0.00,0.0,0.7,4137
219.41,-9.578,5.819,-125.3,-0.00,-,,,0.00,0.0,0.7,4137
219.46,-9.578,5.819,-125.3,-0.00,-,,,0.00,0.0,0.7,4137
219.51,-9.578,5.819,-125.3,-0.00,-,,,0.00,0.0,0.7,4137
219.56,-9.578,5.819,-125.3,-0.00,-,,,0.00,0.0,0.7,4137
219.61,-9.578,5.819,-125.3,-0.00,-,,,0.00,0.0,0.7,4137
219.66,-9.578,5.819,-125.3,-0.00,-,,,0.00,0.0,0.7,4137
219.71,-9.578,5.819,-125.3,-0.00,-,,,0.00,0.0,0.7,4137
219.76,-9.578,5.819,-125.3,-0.00,-,,,0.00,0.0,0.7,4137
219.81,-9.578,5.819,-125.3,-0.00,-,,,0.00,0.0,0.7,4137
219.86,-9.578,5.819,-125.3,-0.00,-,,,0.00,0.0,0.7,4137
219.91,-9.578,5.819,-125.3,-0.00,-,,,0.00,0.0,0.7,4137
219.96,-9.578,5.819,-125.3,-0.00,-,,,0.00,0.0,0.7,4137
220.01,-9.578,5.819,-125.3,-0.00,-,,,0.00,0.0,0.7,4137
220.06,-9.578,5.819,-125.3,-0.00,-,,,0.00,0.0,0.7,4137
220.11,-9.578,5.819,-125.3,-0.00,-,,,0.00,0.0,0.7,4137
220.16,-9.578,5.819,-125.3,-0.00,-,,,0.00,0.0,0.7,4137
220.21,-9.578,5.819,-125.3,-0.00,-,,,0.00,0.0,0.7,4137
220.26,-9.578,5.819,-125.3,-0.00,-,,,0.00,0.0,0.7,4137
220.31,-9.578,5.819,-125.3,-0.00,-,,,0.00,0.0,0.7,4137
220.36,-9.578,5.819,-125.3,-0.00,-,,,0.00,0.0,0.7,4137
220.41,-9.578,5.819,-125.3,-0.00,-,,,0.00,0.0,0.7,4137
220.46,-9.578,5.819,-125.3,-0.00,-,,,0.00,0.0,0.7,4137
220.51,-9.578,5.819,-125.3,-0.00,-,,,0.00,0.0,0.7,4137
220.56,-9.578,5.819,-125.3,-0.00,-,,,0.00,0.0,0.7,4137
220.61,-9.578,5.819,-125.3,-0.00,-,,,0.00,0.0,0.7,4137
