t,x,y,yaw_deg,v,mode,avoid_steer_deg,obstacle_m,cmd_v,cmd_steer_deg,steer_actual_deg,vcc_mv
1.40,-22.052,-6.512,178.7,0.00,-,,,0.00,0.0,,0
1.45,-22.045,-6.515,178.7,0.07,-,,,0.00,0.0,,0
1.50,-22.041,-6.515,178.7,-0.13,-,,,0.00,0.0,,0
1.55,-22.038,-6.519,178.7,-0.04,-,,,0.00,0.0,,0
1.60,-22.038,-6.519,178.7,-0.04,-,,,0.00,0.0,,0
1.65,-22.036,-6.519,178.7,-0.03,-,,,0.00,0.0,,0
1.70,-22.036,-6.519,178.7,-0.03,-,,,0.00,0.0,,0
1.75,-22.033,-6.522,178.7,-0.02,-,,,0.00,0.0,,0
1.80,-22.033,-6.522,178.7,-0.02,AVOID(조향OFF)|LEFT,,1.80,0.00,0.0,,0
1.85,-22.030,-6.526,178.7,-0.04,AVOID(조향OFF)|LEFT,,1.80,0.00,0.0,,0
1.90,-22.030,-6.526,178.7,-0.04,AVOID(조향OFF)|LEFT,,1.06,0.00,0.0,,0
1.95,-22.029,-6.521,178.7,-0.01,AVOID(조향OFF)|LEFT,,1.06,0.00,0.0,,0
2.00,-22.029,-6.521,178.7,-0.01,AVOID(조향OFF)|LEFT,,1.05,0.00,0.0,,0
2.05,-22.024,-6.528,178.7,-0.05,AVOID(조향OFF)|LEFT,,1.05,0.00,0.0,,0
2.10,-22.024,-6.528,178.7,-0.05,AVOID(조향OFF)|LEFT,,1.06,0.00,0.0,,0
2.15,-22.022,-6.528,178.7,-0.02,AVOID(조향OFF)|LEFT,,1.06,0.00,0.0,,0
2.20,-22.022,-6.528,178.7,-0.02,AVOID(조향OFF)|LEFT,,1.80,0.00,0.0,,0
2.25,-22.020,-6.530,178.7,-0.02,AVOID(조향OFF)|LEFT,,1.80,0.00,0.0,,0
2.30,-22.020,-6.530,178.7,-0.02,AVOID(조향OFF)|LEFT,,1.80,0.00,0.0,,0
2.35,-22.016,-6.530,178.7,-0.04,AVOID(조향OFF)|LEFT,,1.05,0.00,0.0,,0
2.40,-22.016,-6.530,178.7,-0.04,AVOID(조향OFF)|LEFT,,1.05,0.00,0.0,,0
2.45,-22.013,-6.532,178.7,-0.03,AVOID(조향OFF)|LEFT,,1.05,0.00,0.0,,0
2.50,-22.013,-6.532,178.7,-0.03,AVOID(조향OFF)|LEFT,,1.05,0.00,0.0,,0
2.55,-22.014,-6.533,178.7,0.02,AVOID(조향OFF)|LEFT,,1.80,0.00,0.0,,0
2.60,-22.014,-6.533,178.7,0.02,AVOID(조향OFF)|LEFT,,1.80,0.00,0.0,,0
2.65,-22.008,-6.534,178.7,-0.06,AVOID(조향OFF)|LEFT,,1.05,0.00,0.0,,0
2.70,-22.008,-6.534,178.7,-0.06,AVOID(조향OFF)|LEFT,,1.05,0.00,0.0,,0
2.75,-22.006,-6.536,178.7,-0.03,AVOID(조향OFF)|LEFT,,1.05,0.00,0.0,,0
2.80,-22.006,-6.536,178.7,-0.03,AVOID(조향OFF)|LEFT,,1.05,0.00,0.0,,0
2.85,-22.003,-6.540,178.7,-0.02,AVOID(조향OFF)|LEFT,,1.80,0.00,0.0,,0
2.90,-22.003,-6.540,178.7,-0.02,AVOID(조향OFF)|LEFT,,1.05,0.00,0.0,,0
2.95,-22.001,-6.540,178.7,-0.02,AVOID(조향OFF)|LEFT,,1.05,0.00,0.0,,0
3.00,-22.001,-6.540,178.7,-0.02,AVOID(조향OFF)|LEFT,,1.05,0.00,0.0,-0.8,4295
3.05,-22.000,-6.540,178.7,-0.01,AVOID(조향OFF)|LEFT,,1.05,0.00,0.0,-0.8,4328
3.10,-22.000,-6.540,178.7,-0.01,AVOID(조향OFF)|LEFT,,1.05,0.00,0.0,-0.8,4311
3.15,-21.997,-6.544,178.7,-0.03,AVOID(조향OFF)|LEFT,,1.05,0.00,0.0,-0.8,4328
3.20,-21.997,-6.544,178.7,-0.03,AVOID(조향OFF)|LEFT,,1.80,0.00,0.0,-0.8,4311
3.25,-21.996,-6.543,178.7,-0.01,AVOID(조향OFF)|LEFT,,1.80,0.00,0.0,-0.8,4311
3.30,-21.996,-6.543,178.7,-0.01,AVOID(조향OFF)|LEFT,,1.80,0.00,0.0,-0.9,4311
3.35,-21.992,-6.547,178.7,-0.04,AVOID(조향OFF)|LEFT,,1.80,0.00,0.0,-0.8,4311
3.40,-21.992,-6.547,178.7,-0.04,AVOID(조향OFF)|LEFT,,1.80,0.00,0.0,-0.8,4328
3.45,-21.990,-6.549,178.7,-0.01,AVOID(조향OFF)|LEFT,,1.80,0.00,0.0,-0.9,4328
3.50,-21.990,-6.549,178.7,-0.01,AVOID(조향OFF)|LEFT,,1.80,0.00,0.0,-0.8,4311
3.55,-21.989,-6.553,178.7,-0.02,AVOID(조향OFF)|LEFT,,1.05,0.00,0.0,-0.8,4311
3.60,-21.989,-6.553,178.7,-0.02,AVOID(조향OFF)|LEFT,,1.05,0.00,0.0,-0.9,4328
3.65,-21.985,-6.552,178.7,-0.04,AVOID(조향OFF)|LEFT,,1.80,0.00,0.0,-0.9,4311
3.70,-21.985,-6.552,178.7,-0.04,AVOID(조향OFF)|LEFT,,1.80,0.00,0.0,-0.8,4328
3.75,-21.985,-6.556,178.7,-0.00,AVOID(조향OFF)|LEFT,,1.80,0.00,0.0,-0.9,4328
3.80,-21.985,-6.556,178.7,-0.00,AVOID(조향OFF)|LEFT,,1.80,0.00,0.0,-0.7,4311
3.85,-21.982,-6.560,178.7,-0.03,AVOID(조향OFF)|LEFT,,1.05,0.00,0.0,-0.9,4311
3.90,-21.982,-6.560,178.7,-0.03,AVOID(조향OFF)|LEFT,,1.05,0.00,0.0,-0.9,4328
3.95,-21.980,-6.561,178.7,-0.02,AVOID(조향OFF)|LEFT,,1.05,0.00,0.0,-0.9,4311
4.00,-21.980,-6.561,178.7,-0.02,AVOID(조향OFF)|LEFT,,1.05,0.00,0.0,-0.9,4328
4.05,-21.978,-6.562,178.7,-0.02,AVOID(조향OFF)|LEFT,,1.05,0.00,0.0,-0.9,4328
4.10,-21.978,-6.562,178.7,-0.02,AVOID(조향OFF)|LEFT,,1.80,0.00,0.0,-0.8,4311
4.15,-21.974,-6.566,178.7,-0.03,AVOID(조향OFF)|LEFT,,1.80,0.00,0.0,-0.8,4295
4.20,-21.974,-6.566,178.7,-0.03,AVOID(조향OFF)|LEFT,,1.80,0.00,0.0,-0.8,4328
4.25,-21.972,-6.570,178.7,-0.03,AVOID(조향OFF)|LEFT,,1.80,0.00,0.0,-0.8,4295
4.30,-21.972,-6.570,178.7,-0.03,AVOID(조향OFF)|LEFT,,1.05,0.00,0.0,-0.9,4328
4.35,-21.970,-6.570,178.7,-0.02,AVOID(조향OFF)|LEFT,,1.05,0.00,0.0,-0.8,4328
4.40,-21.970,-6.570,178.7,-0.02,AVOID(조향OFF)|LEFT,,1.80,0.00,0.0,-0.9,4311
4.45,-21.966,-6.573,178.7,-0.03,AVOID(조향OFF)|LEFT,,1.05,0.00,0.0,-0.7,4295
4.50,-21.966,-6.573,178.7,-0.03,AVOID(조향OFF)|LEFT,,1.05,0.00,0.0,-0.9,4311
4.55,-21.965,-6.575,178.7,-0.01,AVOID(조향OFF)|LEFT,,1.05,0.00,0.0,-0.8,4311
4.60,-21.965,-6.575,178.7,-0.01,AVOID(조향OFF)|LEFT,,1.05,0.00,0.0,-0.9,4328
4.65,-21.963,-6.578,178.7,-0.02,AVOID(조향OFF)|LEFT,,1.05,0.00,0.0,-0.8,4311
4.70,-21.963,-6.578,178.7,-0.02,AVOID(조향OFF)|LEFT,,1.05,0.00,0.0,-0.8,4328
4.75,-21.959,-6.581,178.7,-0.04,AVOID(조향OFF)|LEFT,,1.05,0.00,0.0,-0.8,4311
4.80,-21.959,-6.581,178.7,-0.04,AVOID(조향OFF)|LEFT,,1.05,0.00,0.0,-0.8,4328
4.85,-21.958,-6.581,178.7,-0.02,AVOID(조향OFF)|LEFT,,1.05,0.00,0.0,-0.9,4328
4.90,-21.958,-6.581,178.7,-0.02,AVOID(조향OFF)|LEFT,,1.05,0.00,0.0,-0.9,4328
4.95,-21.956,-6.585,178.7,-0.02,AVOID(조향OFF)|LEFT,,1.80,0.00,0.0,-0.7,4311
5.00,-21.956,-6.585,178.7,-0.02,AVOID(조향OFF)|LEFT,,1.05,0.00,0.0,-0.8,4328
5.05,-21.953,-6.585,178.7,-0.04,AVOID(조향OFF)|LEFT,,1.05,0.00,0.0,-0.9,4311
5.10,-21.953,-6.585,178.7,-0.04,AVOID(조향OFF)|LEFT,,1.05,0.00,0.0,-0.9,4328
5.15,-21.951,-6.590,178.7,-0.02,AVOID(조향OFF)|LEFT,,1.05,0.00,0.0,-0.9,4311
5.20,-21.951,-6.590,178.7,-0.02,AVOID(조향OFF)|LEFT,,1.80,0.00,0.0,-0.9,4328
5.25,-21.949,-6.590,178.7,-0.03,AVOID(조향OFF)|LEFT,,1.80,0.00,0.0,-0.9,4328
5.30,-21.949,-6.590,178.7,-0.03,AVOID(조향OFF)|LEFT,,1.05,0.00,0.0,-0.9,4328
5.35,-21.948,-6.592,178.7,-0.01,AVOID(조향OFF)|LEFT,,1.05,0.00,0.0,-0.9,4328
5.40,-21.948,-6.592,178.7,-0.01,AVOID(조향OFF)|LEFT,,1.05,0.00,0.0,-0.9,4311
5.45,-21.948,-6.592,178.7,-0.01,AVOID(조향OFF)|LEFT,,1.05,0.00,0.0,-0.9,4328
5.50,-21.945,-6.595,178.7,-0.02,AVOID(조향OFF)|LEFT,,1.80,0.00,0.0,-0.8,4311
5.55,-21.942,-6.596,178.7,-0.04,AVOID(조향OFF)|LEFT,,1.80,0.00,0.0,-0.9,4295
5.60,-21.942,-6.596,178.7,-0.04,AVOID(조향OFF)|LEFT,,1.80,0.00,0.0,-0.8,4328
5.65,-21.941,-6.598,178.7,-0.01,AVOID(조향OFF)|LEFT,,1.80,0.00,0.0,-0.8,4311
5.70,-21.941,-6.598,178.7,-0.01,AVOID(조향OFF)|LEFT,,1.80,0.00,0.0,-0.9,4311
5.75,-21.939,-6.599,178.7,-0.02,AVOID(조향OFF)|LEFT,,1.05,0.00,0.0,-0.9,4344
5.80,-21.939,-6.599,178.7,-0.02,AVOID(조향OFF)|LEFT,,1.05,0.00,0.0,-0.8,4328
5.85,-21.937,-6.603,178.7,-0.03,AVOID(조향OFF)|LEFT,,1.06,0.00,0.0,-0.8,4311
5.90,-21.937,-6.603,178.7,-0.03,AVOID(조향OFF)|LEFT,,1.06,0.00,0.0,-0.8,4328
5.95,-21.936,-6.604,178.7,-0.01,AVOID(조향OFF)|LEFT,,1.80,0.00,0.0,-0.9,4328
6.00,-21.936,-6.604,178.7,-0.01,AVOID(조향OFF)|LEFT,,1.80,0.00,0.0,-0.9,4328
6.05,-21.933,-6.605,178.7,-0.02,AVOID(조향OFF)|LEFT,,1.05,0.00,0.0,-0.8,4344
6.10,-21.933,-6.605,178.7,-0.02,AVOID(조향OFF)|LEFT,,1.05,0.00,0.0,-0.9,4328
6.15,-21.932,-6.607,178.7,-0.01,AVOID(조향OFF)|LEFT,,1.05,0.00,0.0,-0.9,4311
6.20,-21.932,-6.607,178.7,-0.01,AVOID(조향OFF)|LEFT,,1.06,0.00,0.0,-0.9,4311
6.25,-21.931,-6.608,178.7,-0.02,AVOID(조향OFF)|LEFT,,1.06,0.00,0.0,-0.8,4328
6.30,-21.931,-6.608,178.7,-0.02,AVOID(조향OFF)|LEFT,,1.05,0.00,0.0,-0.7,4328
6.35,-21.928,-6.612,178.7,-0.03,AVOID(조향OFF)|LEFT,,1.05,0.00,0.0,-0.9,4328
6.40,-21.928,-6.612,178.7,-0.03,AVOID(조향OFF)|LEFT,,1.80,0.00,0.0,-0.9,4328
6.45,-21.926,-6.613,178.7,-0.01,AVOID(조향OFF)|LEFT,,1.80,0.00,0.0,-0.8,4311
6.50,-21.926,-6.613,178.7,-0.01,AVOID(조향OFF)|LEFT,,1.05,0.00,0.0,-0.9,4311
6.55,-21.926,-6.613,178.7,-0.01,AVOID(조향OFF)|LEFT,,1.80,0.00,0.0,-0.8,4311
6.60,-21.926,-6.613,178.7,-0.01,AVOID(조향OFF)|LEFT,,1.80,0.00,0.0,-0.8,4328
6.65,-21.924,-6.616,178.7,-0.02,AVOID(조향OFF)|LEFT,,1.05,0.00,0.0,-0.8,4328
6.70,-21.924,-6.616,178.7,-0.02,AVOID(조향OFF)|LEFT,,1.05,0.00,0.0,-0.8,4311
6.75,-21.922,-6.617,178.7,-0.02,AVOID(조향OFF)|LEFT,,1.05,0.00,0.0,-0.8,4311
6.80,-21.922,-6.617,178.7,-0.02,AVOID(조향OFF)|LEFT,,1.05,0.00,0.0,-0.9,4311
6.85,-21.921,-6.619,178.7,-0.00,AVOID(조향OFF)|LEFT,,1.80,0.00,0.0,-0.8,4311
6.90,-21.921,-6.619,178.7,-0.00,AVOID(조향OFF)|LEFT,,1.80,0.00,0.0,-0.9,4311
6.95,-21.920,-6.620,178.7,-0.01,AVOID(조향OFF)|LEFT,,1.05,0.00,0.0,-0.9,4311
7.00,-21.920,-6.620,178.7,-0.01,AVOID(조향OFF)|LEFT,,1.05,0.00,0.0,-0.8,4311
7.05,-21.917,-6.621,178.7,-0.03,AVOID(조향OFF)|LEFT,,1.05,0.00,0.0,-0.8,4311
7.10,-21.917,-6.621,178.7,-0.03,AVOID(조향OFF)|LEFT,,1.80,0.00,0.0,-0.9,4328
7.15,-21.917,-6.624,178.7,-0.00,AVOID(조향OFF)|LEFT,,1.80,0.00,0.0,-0.9,4344
7.20,-21.917,-6.624,178.7,-0.00,AVOID(조향OFF)|LEFT,,1.05,0.00,0.0,-0.9,4311
7.25,-21.915,-6.623,178.7,-0.02,AVOID(조향OFF)|LEFT,,1.05,0.00,0.0,-0.9,4311
7.30,-21.915,-6.623,178.7,-0.02,AVOID(조향OFF)|LEFT,,1.05,0.00,0.0,-0.8,4311
7.35,-21.914,-6.625,178.7,-0.01,AVOID(조향OFF)|LEFT,,1.05,0.00,0.0,-0.8,4311
7.40,-21.914,-6.625,178.7,-0.01,AVOID(조향OFF)|LEFT,,1.80,0.00,0.0,-0.8,4328
7.45,-21.912,-6.627,178.7,-0.02,AVOID(조향OFF)|LEFT,,1.80,0.00,0.0,-0.8,4344
7.50,-21.912,-6.627,178.7,-0.02,AVOID(조향OFF)|LEFT,,1.06,0.00,0.0,-0.8,4344
7.55,-21.911,-6.629,178.7,-0.02,AVOID(조향OFF)|LEFT,,1.06,0.00,0.0,-0.9,4295
7.60,-21.911,-6.629,178.7,-0.02,AVOID(조향OFF)|LEFT,,1.05,0.00,0.0,-0.8,4328
7.65,-21.909,-6.631,178.7,-0.02,AVOID(조향OFF)|LEFT,,1.05,0.00,0.0,-0.8,4328
7.70,-21.909,-6.631,178.7,-0.02,AVOID(조향OFF)|LEFT,,1.05,0.00,0.0,-0.8,4311
7.75,-21.907,-6.632,178.7,-0.02,AVOID(조향OFF)|LEFT,,1.05,0.00,0.0,-0.8,4328
7.80,-21.907,-6.632,178.7,-0.02,AVOID(조향OFF)|LEFT,,1.05,0.00,0.0,-0.8,4328
7.85,-21.906,-6.634,178.7,-0.01,AVOID(조향OFF)|LEFT,,1.05,0.00,0.0,-0.9,4311
7.90,-21.906,-6.634,178.7,-0.01,AVOID(조향OFF)|LEFT,,1.05,0.00,0.0,-1.0,4311
7.95,-21.903,-6.636,178.7,-0.03,AVOID(조향OFF)|LEFT,,1.80,0.00,0.0,-1.0,4311
8.00,-21.903,-6.636,178.7,-0.03,AVOID(조향OFF)|LEFT,,1.80,0.00,0.0,-0.9,4328
8.05,-21.903,-6.637,178.7,-0.00,AVOID(조향OFF)|LEFT,,1.80,0.00,0.0,-0.8,4328
8.10,-21.903,-6.637,178.7,-0.00,AVOID(조향OFF)|LEFT,,1.80,0.00,0.0,-0.9,4311
8.15,-21.901,-6.639,178.7,-0.03,AVOID(조향OFF)|LEFT,,1.80,0.00,0.0,-0.9,4311
8.20,-21.901,-6.639,178.7,-0.03,AVOID(조향OFF)|LEFT,,1.06,0.00,0.0,-0.7,4344
8.25,-21.899,-6.641,178.7,-0.02,AVOID(조향OFF)|LEFT,,1.06,0.00,0.0,-0.9,4311
8.30,-21.899,-6.641,178.7,-0.02,AVOID(조향OFF)|LEFT,,1.80,0.00,0.0,-0.8,4328
8.35,-21.899,-6.642,178.7,-0.00,AVOID(조향OFF)|LEFT,,1.80,0.00,0.0,-0.8,4328
8.40,-21.899,-6.642,178.7,-0.00,AVOID(조향OFF)|LEFT,,1.80,0.00,0.0,-0.8,4328
8.45,-21.897,-6.642,178.7,-0.02,AVOID(조향OFF)|LEFT,,1.80,0.00,0.0,-0.9,4311
8.50,-21.897,-6.642,178.7,-0.02,AVOID(조향OFF)|LEFT,,1.05,0.00,0.0,-0.8,4328
8.55,-21.897,-6.646,178.7,-0.00,AVOID(조향OFF)|LEFT,,1.05,0.00,0.0,-0.8,4328
8.60,-21.897,-6.646,178.7,-0.00,AVOID(조향OFF)|LEFT,,1.80,0.00,0.0,-0.9,4328
8.65,-21.896,-6.645,178.7,-0.00,AVOID(조향OFF)|LEFT,,1.80,0.00,0.0,-0.8,4311
8.70,-21.896,-6.645,178.7,-0.00,AVOID(조향OFF)|LEFT,,1.80,0.00,0.0,-0.9,4311
8.75,-21.897,-6.645,178.7,0.01,AVOID(조향OFF)|LEFT,,1.05,0.00,0.0,-0.9,4295
8.80,-21.897,-6.645,178.7,0.01,AVOID(조향OFF)|LEFT,,1.05,0.00,0.0,-0.9,4311
8.85,-21.895,-6.647,178.7,-0.02,AVOID(조향OFF)|LEFT,,1.06,0.00,0.0,-0.8,4328
8.90,-21.895,-6.647,178.7,-0.02,AVOID(조향OFF)|LEFT,,1.06,0.00,0.0,-0.9,4328
8.95,-21.895,-6.646,178.7,0.00,AVOID(조향OFF)|LEFT,,1.06,0.00,0.0,-0.8,4311
9.00,-21.895,-6.646,178.7,0.00,AVOID(조향OFF)|LEFT,,1.06,0.00,0.0,-0.9,4311
9.05,-21.894,-6.648,178.7,-0.01,AVOID(조향OFF)|LEFT,,1.05,0.00,0.0,-0.8,4328
9.10,-21.894,-6.648,178.7,-0.01,AVOID(조향OFF)|LEFT,,1.05,0.00,0.0,-0.9,4311
9.15,-21.894,-6.649,178.7,-0.00,AVOID(조향OFF)|LEFT,,1.80,0.00,0.0,-0.8,4311
9.20,-21.894,-6.649,178.7,-0.00,AVOID(조향OFF)|LEFT,,1.05,0.00,0.0,-0.9,4328
9.25,-21.894,-6.652,178.7,0.01,AVOID(조향OFF)|LEFT,,1.05,0.00,0.0,-0.8,4311
9.30,-21.894,-6.652,178.7,0.01,AVOID(조향OFF)|LEFT,,1.06,0.00,0.0,-0.7,4295
9.35,-21.891,-6.650,178.7,-0.04,AVOID(조향OFF)|LEFT,,1.06,0.00,0.0,-0.8,4328
9.40,-21.891,-6.650,178.7,-0.04,AVOID(조향OFF)|LEFT,,1.05,0.00,0.0,-0.8,4295
9.45,-21.892,-6.655,178.7,0.00,AVOID(조향OFF)|LEFT,,1.05,0.00,0.0,-0.8,4328
9.50,-21.892,-6.655,178.7,0.00,AVOID(조향OFF)|LEFT,,1.80,0.00,0.0,-0.8,4328
9.55,-21.891,-6.656,178.7,-0.01,AVOID(조향OFF)|LEFT,,1.80,0.00,0.0,-0.9,4328
9.60,-21.891,-6.656,178.7,-0.01,AVOID(조향OFF)|LEFT,,1.80,0.00,0.0,-0.9,4311
9.65,-21.891,-6.658,178.7,0.01,AVOID(조향OFF)|LEFT,,1.80,0.00,0.0,-0.9,4344
9.70,-21.891,-6.658,178.7,0.01,AVOID(조향OFF)|LEFT,,1.80,0.00,0.0,-0.8,4311
9.75,-21.889,-6.659,178.7,-0.03,AVOID(조향OFF)|LEFT,,1.80,0.00,0.0,-0.9,4328
9.80,-21.889,-6.659,178.7,-0.03,AVOID(조향OFF)|LEFT,,1.80,0.00,0.0,-0.9,4311
9.85,-21.888,-6.660,178.7,-0.01,AVOID(조향OFF)|LEFT,,1.05,0.00,0.0,-0.9,4328
9.90,-21.888,-6.660,178.7,-0.01,AVOID(조향OFF)|LEFT,,1.05,0.00,0.0,-0.9,4328
9.95,-21.888,-6.661,178.7,0.00,AVOID(조향OFF)|LEFT,,1.05,0.00,0.0,-0.8,4328
10.00,-21.888,-6.661,178.7,0.00,AVOID(조향OFF)|LEFT,,1.05,0.00,0.0,-0.9,4311
10.05,-21.888,-6.663,178.7,0.00,AVOID(조향OFF)|LEFT,,1.05,0.00,0.0,-0.8,4328
10.10,-21.888,-6.663,178.7,0.00,AVOID(조향OFF)|LEFT,,1.05,0.00,0.0,-0.8,4311
10.15,-21.887,-6.663,178.7,-0.02,AVOID(조향OFF)|LEFT,,1.05,0.00,0.0,-0.9,4344
10.20,-21.887,-6.663,178.7,-0.02,AVOID(조향OFF)|LEFT,,1.80,0.00,0.0,-0.9,4311
10.25,-21.885,-6.667,178.7,-0.02,AVOID(조향OFF)|LEFT,,1.80,0.00,0.0,-0.9,4328
10.30,-21.885,-6.667,178.7,-0.02,AVOID(조향OFF)|LEFT,,1.80,0.00,0.0,-0.9,4311
10.35,-21.887,-6.666,178.7,0.02,AVOID(조향OFF)|LEFT,,1.80,0.00,0.0,-0.8,4328
10.40,-21.887,-6.666,178.7,0.02,AVOID(조향OFF)|LEFT,,1.05,0.00,0.0,-0.9,4295
10.45,-21.887,-6.668,178.7,-0.01,AVOID(조향OFF)|LEFT,,1.05,0.00,0.0,-0.8,4328
10.50,-21.887,-6.668,178.7,-0.01,AVOID(조향OFF)|LEFT,,1.05,0.00,0.0,-0.9,4344
10.55,-21.886,-6.670,178.7,-0.00,AVOID(조향OFF)|LEFT,,1.05,0.00,0.0,-0.8,4311
10.60,-21.886,-6.670,178.7,-0.00,AVOID(조향OFF)|LEFT,,1.05,0.00,0.0,-0.8,4328
10.65,-21.887,-6.672,178.7,0.00,AVOID(조향OFF)|LEFT,,1.05,0.00,0.0,-0.9,4344
10.70,-21.887,-6.672,178.7,0.00,AVOID(조향OFF)|LEFT,,1.05,0.00,0.0,-0.8,4278
10.75,-21.885,-6.673,178.7,-0.02,AVOID(조향OFF)|LEFT,,1.80,0.00,0.0,-0.9,4344
10.80,-21.885,-6.673,178.7,-0.02,AVOID(조향OFF)|LEFT,,1.80,0.00,0.0,-0.8,4295
10.85,-21.887,-6.675,178.7,0.02,AVOID(조향OFF)|LEFT,,1.80,0.00,0.0,-0.8,4295
10.90,-21.887,-6.675,178.7,0.02,AVOID(조향OFF)|LEFT,,1.80,0.00,0.0,-0.9,4328
10.95,-21.886,-6.677,178.7,-0.01,AVOID(조향OFF)|LEFT,,1.80,0.00,0.0,-0.8,4328
11.00,-21.886,-6.677,178.7,-0.01,AVOID(조향OFF)|LEFT,,1.80,0.00,0.0,-0.9,4295
11.05,-21.887,-6.677,178.7,0.00,AVOID(조향OFF)|LEFT,,1.06,0.00,0.0,-0.8,4344
11.10,-21.887,-6.677,178.7,0.00,AVOID(조향OFF)|LEFT,,1.06,0.00,0.0,-0.9,4328
11.15,-21.886,-6.679,178.7,-0.01,AVOID(조향OFF)|LEFT,,1.80,0.00,0.0,-0.8,4295
11.20,-21.886,-6.679,178.7,-0.01,AVOID(조향OFF)|LEFT,,1.80,0.00,0.0,-0.9,4328
11.25,-21.887,-6.681,178.7,0.01,AVOID(조향OFF)|LEFT,,1.80,0.00,0.0,-0.8,4311
11.30,-21.887,-6.681,178.7,0.01,AVOID(조향OFF)|LEFT,,1.05,0.00,0.0,-0.9,4311
11.35,-21.886,-6.684,178.7,-0.01,AVOID(조향OFF)|LEFT,,1.05,0.00,0.0,-0.8,4344
11.40,-21.886,-6.684,178.7,-0.01,AVOID(조향OFF)|LEFT,,1.05,0.00,0.0,-0.8,4328
11.45,-21.886,-6.684,178.7,-0.01,AVOID(조향OFF)|LEFT,,1.05,0.00,0.0,-0.9,4311
11.50,-21.884,-6.686,178.7,-0.01,AVOID(조향OFF)|LEFT,,1.80,0.00,0.0,-1.0,4328
11.55,-21.884,-6.686,178.7,-0.01,AVOID(조향OFF)|LEFT,,1.80,0.00,0.0,-0.8,4311
11.60,-21.884,-6.686,178.7,-0.01,AVOID(조향OFF)|LEFT,,1.80,0.00,0.0,-0.9,4311
11.65,-21.885,-6.688,178.7,0.00,AVOID(조향OFF)|LEFT,,1.80,0.00,0.0,-0.8,4328
11.70,-21.885,-6.688,178.7,0.00,AVOID(조향OFF)|LEFT,,1.80,0.00,0.0,-0.7,4311
11.75,-21.884,-6.690,178.7,-0.01,AVOID(조향OFF)|LEFT,,1.05,0.00,0.0,-0.9,4328
11.80,-21.884,-6.690,178.7,-0.01,AVOID(조향OFF)|LEFT,,1.05,0.00,0.0,-0.8,4328
11.85,-21.885,-6.693,178.7,0.01,AVOID(조향OFF)|LEFT,,1.06,0.00,0.0,-0.8,4295
11.90,-21.885,-6.693,178.7,0.01,AVOID(조향OFF)|LEFT,,1.06,0.00,0.0,-0.8,4328
11.95,-21.885,-6.693,178.7,-0.00,AVOID(조향OFF)|LEFT,,1.05,0.00,0.0,-0.9,4328
12.00,-21.885,-6.693,178.7,-0.00,AVOID(조향OFF)|LEFT,,1.05,0.00,0.0,-0.9,4328
12.05,-21.885,-6.694,178.7,0.00,AVOID(조향OFF)|LEFT,,1.06,0.00,0.0,-0.8,4328
12.10,-21.885,-6.694,178.7,0.00,AVOID(조향OFF)|LEFT,,1.06,0.00,0.0,-0.8,4311
12.15,-21.885,-6.695,178.7,0.00,AVOID(조향OFF)|LEFT,,1.05,0.00,0.0,-0.8,4311
12.20,-21.885,-6.695,178.7,0.00,AVOID(조향OFF)|LEFT,,1.05,0.00,0.0,-0.8,4344
12.25,-21.886,-6.696,178.7,0.01,AVOID(조향OFF)|LEFT,,1.80,0.00,0.0,-0.8,4311
12.30,-21.886,-6.696,178.7,0.01,AVOID(조향OFF)|LEFT,,1.80,0.00,0.0,-0.9,4328
12.35,-21.888,-6.697,178.7,0.02,AVOID(조향OFF)|LEFT,,1.80,0.00,0.0,-0.9,4328
12.40,-21.888,-6.697,178.7,0.02,AVOID(조향OFF)|LEFT,,1.80,0.00,0.0,-0.9,4328
12.45,-21.887,-6.698,178.7,-0.01,AVOID(조향OFF)|LEFT,,1.80,0.00,0.0,-0.8,4328
12.50,-21.887,-6.698,178.7,-0.01,AVOID(조향OFF)|LEFT,,1.80,0.00,0.0,-0.8,4328
12.55,-21.887,-6.699,178.7,0.00,AVOID(조향OFF)|LEFT,,1.80,0.00,0.0,-0.8,4311
12.60,-21.887,-6.699,178.7,0.00,AVOID(조향OFF)|LEFT,,1.06,0.00,0.0,-0.9,4328
12.65,-21.888,-6.700,178.7,0.01,AVOID(조향OFF)|LEFT,,1.06,0.00,0.0,-0.9,4311
12.70,-21.888,-6.700,178.7,0.01,AVOID(조향OFF)|LEFT,,1.05,0.00,0.0,-0.9,4311
12.75,-21.889,-6.701,178.7,0.01,AVOID(조향OFF)|LEFT,,1.80,0.00,0.0,-0.9,4311
12.80,-21.889,-6.701,178.7,0.01,AVOID(조향OFF)|LEFT,,1.80,0.00,0.0,-0.8,4344
12.85,-21.888,-6.700,178.7,-0.01,AVOID(조향OFF)|LEFT,,1.05,0.00,0.0,-0.8,4295
12.90,-21.888,-6.700,178.7,-0.01,AVOID(조향OFF)|LEFT,,1.05,0.00,0.0,-0.9,4328
12.95,-21.890,-6.702,178.7,0.02,AVOID(조향OFF)|LEFT,,1.80,0.00,0.0,-0.9,4328
13.00,-21.890,-6.702,178.7,0.02,AVOID(조향OFF)|LEFT,,1.80,0.00,0.0,-0.8,4311
13.05,-21.891,-6.701,178.7,0.01,AVOID(조향OFF)|LEFT,,1.80,0.00,0.0,-0.8,4311
13.10,-21.891,-6.701,178.7,0.01,AVOID(조향OFF)|LEFT,,1.80,0.00,0.0,-0.8,4328
13.15,-21.891,-6.700,178.7,0.00,AVOID(조향OFF)|LEFT,,1.80,0.00,0.0,-0.8,4311
13.20,-21.891,-6.700,178.7,0.00,AVOID(조향OFF)|LEFT,,1.80,0.00,0.0,-0.9,4311
13.25,-21.892,-6.702,178.7,0.01,AVOID(조향OFF)|LEFT,,1.05,0.00,0.0,-0.9,4311
13.30,-21.892,-6.702,178.7,0.01,AVOID(조향OFF)|LEFT,,1.05,0.00,0.0,-0.8,4311
13.35,-21.893,-6.702,178.7,0.01,AVOID(조향OFF)|LEFT,,1.05,0.00,0.0,-0.9,4311
13.40,-21.893,-6.702,178.7,0.01,AVOID(조향OFF)|LEFT,,1.80,0.00,0.0,-0.9,4328
13.45,-21.894,-6.701,178.7,0.01,AVOID(조향OFF)|LEFT,,1.80,0.00,0.0,-0.9,4328
13.50,-21.894,-6.701,178.7,0.01,AVOID(조향OFF)|LEFT,,1.80,0.00,0.0,-0.8,4328
13.55,-21.896,-6.701,178.7,0.02,AVOID(조향OFF)|LEFT,,1.80,0.00,0.0,-0.9,4311
13.60,-21.896,-6.701,178.7,0.02,AVOID(조향OFF)|LEFT,,1.80,0.00,0.0,-0.8,4344
13.65,-21.895,-6.703,178.7,-0.01,AVOID(조향OFF)|LEFT,,1.80,0.00,0.0,-0.9,4311
13.70,-21.895,-6.703,178.7,-0.01,AVOID(조향OFF)|LEFT,,1.05,0.00,0.0,-0.9,4311
13.75,-21.898,-6.701,178.7,0.03,AVOID(조향OFF)|LEFT,,1.05,0.00,0.0,-0.8,4311
13.80,-21.898,-6.701,178.7,0.03,AVOID(조향OFF)|LEFT,,1.05,0.00,0.0,-0.8,4311
13.85,-21.900,-6.701,178.7,0.02,AVOID(조향OFF)|LEFT,,1.05,0.00,0.0,-0.9,4311
13.90,-21.900,-6.701,178.7,0.02,AVOID(조향OFF)|LEFT,,1.05,0.00,0.0,-0.9,4328
13.95,-21.900,-6.700,178.7,0.01,AVOID(조향OFF)|LEFT,,1.80,0.00,0.0,-0.8,4344
14.00,-21.900,-6.700,178.7,0.01,AVOID(조향OFF)|LEFT,,1.80,0.00,0.0,-0.8,4311
14.05,-21.902,-6.700,178.7,0.02,AVOID(조향OFF)|LEFT,,1.05,0.00,0.0,-0.8,4328
14.10,-21.902,-6.700,178.7,0.02,AVOID(조향OFF)|LEFT,,1.05,0.00,0.0,-0.8,4311
14.15,-21.901,-6.701,178.7,-0.01,AVOID(조향OFF)|LEFT,,1.80,0.00,0.0,-0.9,4311
14.20,-21.901,-6.701,178.7,-0.01,AVOID(조향OFF)|LEFT,,1.80,0.00,0.0,-0.8,4328
14.25,-21.907,-6.700,178.7,0.06,AVOID(조향OFF)|LEFT,,1.80,0.00,0.0,-0.8,4328
14.30,-21.907,-6.700,178.7,0.06,AVOID(조향OFF)|LEFT,,1.80,0.00,0.0,-0.9,4311
14.35,-21.905,-6.700,178.7,-0.02,AVOID(조향OFF)|LEFT,,1.80,0.00,0.0,-0.8,4328
14.40,-21.905,-6.700,178.7,-0.02,AVOID(조향OFF)|LEFT,,1.05,0.00,0.0,-0.8,4328
14.45,-21.908,-6.700,178.7,0.03,AVOID(조향OFF)|LEFT,,1.05,0.00,0.0,-0.8,4311
14.50,-21.908,-6.700,178.7,0.03,AVOID(조향OFF)|LEFT,,1.06,0.00,0.0,-0.8,4328
14.55,-21.908,-6.701,178.7,-0.00,AVOID(조향OFF)|LEFT,,1.06,0.00,0.0,-0.8,4311
14.60,-21.908,-6.701,178.7,-0.00,AVOID(조향OFF)|LEFT,,1.06,0.00,0.0,-0.8,4328
14.65,-21.911,-6.698,178.7,0.03,AVOID(조향OFF)|LEFT,,1.06,0.00,0.0,-0.8,4311
14.70,-21.911,-6.698,178.7,0.03,AVOID(조향OFF)|LEFT,,1.80,0.00,0.0,-0.8,4311
14.75,-21.911,-6.699,178.7,0.00,AVOID(조향OFF)|LEFT,,1.80,0.00,0.0,-0.9,4311
14.80,-21.911,-6.699,178.7,0.00,AVOID(조향OFF)|LEFT,,1.80,0.00,0.0,-0.9,4311
14.85,-21.912,-6.698,178.7,0.01,AVOID(조향OFF)|LEFT,,1.80,0.00,0.0,-0.9,4328
14.90,-21.912,-6.698,178.7,0.01,AVOID(조향OFF)|LEFT,,1.80,0.00,0.0,-0.7,4311
14.95,-22.159,-6.932,178.7,2.41,AVOID(조향OFF)|LEFT,,1.05,0.00,0.0,-0.8,4328
15.00,-22.159,-6.932,178.7,2.41,AVOID(조향OFF)|LEFT,,1.05,0.00,0.0,-0.9,4311
15.05,-22.214,-7.046,178.7,0.53,AVOID(조향OFF)|LEFT,,1.05,0.00,0.0,-0.9,4328
15.10,-22.214,-7.046,178.7,0.53,AVOID(조향OFF)|LEFT,,1.05,0.00,0.0,-0.8,4328
15.15,-22.242,-7.104,178.7,0.26,AVOID(조향OFF)|LEFT,,1.06,0.00,0.0,-0.8,4328
15.20,-22.242,-7.104,178.7,0.26,AVOID(조향OFF)|LEFT,,1.06,0.00,0.0,-0.8,4344
15.25,-22.259,-7.134,178.7,0.16,AVOID(조향OFF)|LEFT,,1.05,0.00,0.0,-0.7,4328
15.30,-22.259,-7.134,178.7,0.16,AVOID(조향OFF)|LEFT,,1.05,0.00,0.0,-0.8,4311
15.35,-22.266,-7.164,178.7,0.07,AVOID(조향OFF)|LEFT,,1.05,0.00,0.0,-0.9,4328
15.40,-22.266,-7.164,178.7,0.07,AVOID(조향OFF)|LEFT,,1.05,0.00,0.0,-0.8,4311
15.45,-22.274,-7.181,178.7,0.07,AVOID(조향OFF)|LEFT,,1.05,0.00,0.0,-0.9,4328
15.50,-22.274,-7.181,178.7,0.07,AVOID(조향OFF)|LEFT,,1.05,0.00,0.0,-0.8,4328
15.55,-22.275,-7.196,178.7,0.02,AVOID(조향OFF)|LEFT,,1.05,0.00,0.0,-0.9,4311
15.60,-22.275,-7.196,178.7,0.02,AVOID(조향OFF)|LEFT,,1.80,0.00,0.0,-0.8,4311
15.65,-22.282,-7.202,178.7,0.06,AVOID(조향OFF)|LEFT,,1.80,0.00,0.0,-0.8,4311
15.70,-22.282,-7.202,178.7,0.06,AVOID(조향OFF)|LEFT,,1.06,0.00,0.0,-0.9,4311
15.75,-22.282,-7.202,178.7,0.06,AVOID(조향OFF)|LEFT,,1.06,0.00,0.0,-0.8,4328
15.80,-22.282,-7.202,178.7,0.06,AVOID(조향OFF)|LEFT,,1.05,0.00,0.0,-0.8,4328
15.85,-22.282,-7.202,178.7,0.06,AVOID(조향OFF)|LEFT,,1.05,0.00,0.0,-0.9,4328
15.90,-22.283,-7.199,178.7,0.00,AVOID(조향OFF)|LEFT,,1.05,0.00,0.0,-0.8,4311
15.95,-22.283,-7.199,178.7,0.00,AVOID(조향OFF)|LEFT,,1.80,0.00,0.0,-0.8,4311
16.00,-22.283,-7.199,178.7,0.00,AVOID(조향OFF)|LEFT,,1.80,0.00,0.0,-0.9,4311
16.05,-22.283,-7.199,178.7,0.00,AVOID(조향OFF)|LEFT,,1.80,0.00,0.0,-0.8,4311
16.10,-22.283,-7.199,178.7,0.00,AVOID(조향OFF)|LEFT,,1.80,0.00,0.0,-0.9,4311
16.15,-22.283,-7.199,178.7,0.00,AVOID(조향OFF)|LEFT,,1.05,0.00,0.0,-0.9,4328
16.20,-22.285,-7.191,178.7,0.01,AVOID(조향OFF)|LEFT,,1.05,0.00,0.0,-0.9,4311
16.25,-22.285,-7.191,178.7,0.01,AVOID(조향OFF)|LEFT,,1.80,0.00,0.0,-0.9,4311
16.30,-22.285,-7.191,178.7,0.01,AVOID(조향OFF)|LEFT,,1.80,0.00,0.0,-0.9,4311
16.35,-21.911,-7.824,178.7,-2.28,AVOID(조향OFF)|LEFT,,1.80,0.00,0.0,-0.8,4311
16.40,-21.911,-7.824,178.7,-2.28,AVOID(조향OFF)|LEFT,,1.05,0.00,0.0,-0.9,4311
16.45,-21.911,-7.825,178.7,-0.01,AVOID(조향OFF)|LEFT,,1.05,0.00,0.0,-0.8,4328
16.50,-21.911,-7.825,178.7,-0.01,AVOID(조향OFF)|LEFT,,1.06,0.00,0.0,-0.9,4311
16.55,-21.912,-7.825,178.7,0.02,AVOID(조향OFF)|LEFT,,1.06,0.00,0.0,-0.8,4328
16.60,-21.912,-7.825,178.7,0.02,AVOID(조향OFF)|LEFT,,1.80,0.00,0.0,-0.8,4311
16.65,-21.911,-7.825,178.7,-0.01,AVOID(조향OFF)|LEFT,,1.80,0.00,0.0,-0.8,4328
16.70,-21.911,-7.825,178.7,-0.01,AVOID(조향OFF)|LEFT,,1.05,0.00,0.0,-0.9,4311
16.75,-21.911,-7.825,178.7,-0.00,AVOID(조향OFF)|LEFT,,1.05,0.00,0.0,-0.9,4344
16.80,-21.911,-7.825,178.7,-0.00,AVOID(조향OFF)|LEFT,,1.80,0.00,0.0,-0.9,4328
16.85,-21.911,-7.826,178.7,0.00,AVOID(조향OFF)|LEFT,,1.80,0.00,0.0,-0.9,4311
16.90,-21.911,-7.826,178.7,0.00,AVOID(조향OFF)|LEFT,,1.05,0.00,0.0,-0.8,4311
16.95,-21.912,-7.828,178.7,0.01,AVOID(조향OFF)|LEFT,,1.80,0.00,0.0,-0.9,4328
17.00,-21.912,-7.828,178.7,0.01,AVOID(조향OFF)|LEFT,,1.80,0.00,0.0,-0.9,4311
17.05,-21.911,-7.826,178.7,-0.01,AVOID(조향OFF)|LEFT,,1.80,0.00,0.0,-0.7,4328
17.10,-21.911,-7.826,178.7,-0.01,AVOID(조향OFF)|LEFT,,1.80,0.00,0.0,-0.8,4328
17.15,-21.911,-7.826,178.7,-0.00,AVOID(조향OFF)|LEFT,,1.80,0.00,0.0,-0.9,4311
17.20,-21.911,-7.826,178.7,-0.00,AVOID(조향OFF)|LEFT,,1.80,0.00,0.0,-0.9,4328
17.25,-21.911,-7.826,178.7,-0.00,AVOID(조향OFF)|LEFT,,1.05,0.00,0.0,-0.8,4328
17.30,-21.911,-7.826,178.7,-0.00,AVOID(조향OFF)|LEFT,,1.05,0.00,0.0,-0.8,4311
17.35,-21.911,-7.827,178.7,0.00,AVOID(조향OFF)|LEFT,,1.80,0.00,0.0,-0.9,4328
17.40,-21.911,-7.827,178.7,0.00,AVOID(조향OFF)|LEFT,,1.80,0.00,0.0,-0.8,4328
17.45,-21.911,-7.827,178.7,0.00,AVOID(조향OFF)|LEFT,,1.80,0.00,0.0,-0.8,4311
17.50,-21.911,-7.826,178.7,-0.00,AVOID(조향OFF)|LEFT,,1.80,0.00,0.0,-0.9,4328
17.55,-21.911,-7.826,178.7,-0.00,AVOID(조향OFF)|LEFT,,1.80,0.00,0.0,-0.9,4328
17.60,-21.911,-7.826,178.7,-0.00,AVOID(조향OFF)|LEFT,,1.06,0.00,0.0,-0.8,4328
17.65,-21.911,-7.825,178.7,-0.00,AVOID(조향OFF)|LEFT,,1.06,0.00,0.0,-0.8,4311
17.70,-21.911,-7.825,178.7,-0.00,AVOID(조향OFF)|LEFT,,1.05,0.00,0.0,-0.9,4328
17.75,-21.912,-7.825,178.7,0.00,AVOID(조향OFF)|LEFT,,1.05,0.00,0.0,-0.8,4311
17.80,-21.912,-7.825,178.7,0.00,AVOID(조향OFF)|LEFT,,1.80,0.00,0.0,-0.8,4311
17.85,-21.912,-7.826,178.7,0.01,AVOID(조향OFF)|LEFT,,1.80,0.00,0.0,-0.9,4311
17.90,-21.912,-7.826,178.7,0.01,AVOID(조향OFF)|LEFT,,1.80,0.00,0.0,-0.9,4328
17.95,-21.912,-7.828,178.7,-0.00,AVOID(조향OFF)|LEFT,,1.05,0.00,0.0,-0.9,4311
18.00,-21.912,-7.828,178.7,-0.00,AVOID(조향OFF)|LEFT,,1.05,0.00,0.0,-0.8,4328
18.05,-21.910,-7.826,178.7,-0.02,AVOID(조향OFF)|LEFT,,1.06,0.00,0.0,-0.9,4328
18.10,-21.910,-7.826,178.7,-0.02,AVOID(조향OFF)|LEFT,,1.06,0.00,0.0,-0.8,4311
18.15,-21.912,-7.825,178.7,0.02,AVOID(조향OFF)|LEFT,,1.80,0.00,0.0,-0.8,4295
18.20,-21.912,-7.825,178.7,0.02,AVOID(조향OFF)|LEFT,,1.80,0.00,0.0,-0.8,4328
18.25,-21.911,-7.825,178.7,-0.01,AVOID(조향OFF)|LEFT,,1.80,0.00,0.0,-0.8,4311
18.30,-21.911,-7.825,178.7,-0.01,AVOID(조향OFF)|LEFT,,1.80,0.00,0.0,-0.9,4328
18.35,-21.911,-7.825,178.7,-0.00,AVOID(조향OFF)|LEFT,,1.80,0.00,0.0,-0.9,4328
18.40,-21.911,-7.825,178.7,-0.00,AVOID(조향OFF)|LEFT,,1.05,0.00,0.0,-0.9,4311
18.45,-21.912,-7.825,178.7,0.01,AVOID(조향OFF)|LEFT,,1.05,0.00,0.0,-0.8,4311
18.50,-21.912,-7.825,178.7,0.01,AVOID(조향OFF)|LEFT,,1.80,0.00,0.0,-0.9,4328
18.55,-21.913,-7.824,178.7,0.00,AVOID(조향OFF)|LEFT,,1.80,0.00,0.0,-0.8,4311
18.60,-21.913,-7.824,178.7,0.00,AVOID(조향OFF)|LEFT,,1.05,0.00,0.0,-0.9,4328
18.65,-21.908,-7.829,178.7,-0.04,AVOID(조향OFF)|LEFT,,1.05,0.00,0.0,-0.7,4328
18.70,-21.908,-7.829,178.7,-0.04,AVOID(조향OFF)|LEFT,,1.05,0.00,0.0,-0.9,4311
18.75,-21.908,-7.827,178.7,0.00,AVOID(조향OFF)|LEFT,,1.05,0.00,0.0,-0.8,4311
18.80,-21.908,-7.827,178.7,0.00,AVOID(조향OFF)|LEFT,,1.06,0.00,0.0,-0.9,4328
18.85,-21.902,-7.828,178.7,-0.06,AVOID(조향OFF)|LEFT,,1.05,0.00,0.0,-0.8,4311
18.90,-21.902,-7.828,178.7,-0.06,AVOID(조향OFF)|LEFT,,1.05,0.00,0.0,-0.8,4311
18.95,-21.902,-7.829,178.7,0.00,AVOID(조향OFF)|LEFT,,1.06,0.00,0.0,-0.9,4328
19.00,-21.902,-7.829,178.7,0.00,AVOID(조향OFF)|LEFT,,1.06,0.00,0.0,-0.8,4328
19.05,-21.904,-7.825,178.7,0.01,AVOID(조향OFF)|LEFT,,1.05,0.00,0.0,-0.9,4311
19.10,-21.904,-7.825,178.7,0.01,AVOID(조향OFF)|LEFT,,1.05,0.00,0.0,-0.9,4311
19.15,-21.903,-7.825,178.7,-0.00,AVOID(조향OFF)|LEFT,,1.05,0.00,0.0,-0.9,4295
19.20,-21.903,-7.825,178.7,-0.00,AVOID(조향OFF)|LEFT,,1.05,0.00,0.0,-0.8,4311
19.25,-21.902,-7.825,178.7,-0.02,AVOID(조향OFF)|LEFT,,1.80,0.00,0.0,-0.8,4328
19.30,-21.902,-7.825,178.7,-0.02,AVOID(조향OFF)|LEFT,,1.80,0.00,0.0,-0.8,4311
19.35,-21.907,-7.820,178.7,0.06,AVOID(조향OFF)|LEFT,,1.80,0.00,0.0,-0.9,4328
19.40,-21.907,-7.820,178.7,0.06,AVOID(조향OFF)|LEFT,,1.80,0.00,0.0,-0.9,4328
19.45,-21.907,-7.820,178.7,0.06,AVOID(조향OFF)|LEFT,,1.80,0.00,0.0,-0.8,4311
19.50,-21.907,-7.821,178.7,-0.00,AVOID(조향OFF)|LEFT,,1.06,0.00,0.0,-0.9,4311
19.55,-21.907,-7.821,178.7,-0.00,AVOID(조향OFF)|LEFT,,1.06,0.00,0.0,-0.8,4311
19.60,-21.907,-7.821,178.7,-0.00,AVOID(조향OFF)|LEFT,,1.05,0.00,0.0,-0.9,4328
19.65,-21.906,-7.820,178.7,-0.00,AVOID(조향OFF)|LEFT,,1.05,0.00,0.0,-0.8,4311
19.70,-21.906,-7.820,178.7,-0.00,AVOID(조향OFF)|LEFT,,1.05,0.00,0.0,-0.8,4311
19.75,-21.907,-7.822,178.7,0.00,AVOID(조향OFF)|LEFT,,1.05,0.00,0.0,-0.8,4295
19.80,-21.907,-7.822,178.7,0.00,AVOID(조향OFF)|LEFT,,1.80,0.00,0.0,-0.9,4328
19.85,-21.907,-7.823,178.7,-0.00,AVOID(조향OFF)|LEFT,,1.05,0.00,0.0,-0.8,4311
19.90,-21.907,-7.823,178.7,-0.00,AVOID(조향OFF)|LEFT,,1.05,0.00,0.0,-0.9,4344
19.95,-21.908,-7.822,178.7,0.01,AVOID(조향OFF)|LEFT,,1.80,0.00,0.0,-0.8,4328
20.00,-21.908,-7.822,178.7,0.01,AVOID(조향OFF)|LEFT,,1.80,0.00,0.0,-0.8,4311
20.05,-21.907,-7.825,178.7,-0.01,AVOID(조향OFF)|LEFT,,1.05,0.00,0.0,-0.9,4311
20.10,-21.907,-7.825,178.7,-0.01,AVOID(조향OFF)|LEFT,,1.05,0.00,0.0,-0.8,4328
20.15,-21.906,-7.825,178.7,-0.01,AVOID(조향OFF)|LEFT,,1.05,0.00,0.0,-0.8,4295
20.20,-21.906,-7.825,178.7,-0.01,AVOID(조향OFF)|LEFT,,1.05,0.00,0.0,-0.9,4328
20.25,-21.907,-7.822,178.7,0.01,AVOID(조향OFF)|LEFT,,1.80,0.00,0.0,-0.9,4328
20.30,-21.907,-7.822,178.7,0.01,AVOID(조향OFF)|LEFT,,1.80,0.00,0.0,-0.9,4311
20.35,-21.907,-7.823,178.7,-0.00,AVOID(조향OFF)|LEFT,,1.80,0.00,0.0,-0.9,4311
20.40,-21.907,-7.823,178.7,-0.00,AVOID(조향OFF)|LEFT,,1.06,0.00,0.0,-0.8,4344
20.45,-21.908,-7.823,178.7,0.01,AVOID(조향OFF)|LEFT,,1.06,0.00,0.0,-0.8,4311
20.50,-21.908,-7.823,178.7,0.01,AVOID(조향OFF)|LEFT,,1.80,0.00,0.0,-0.8,4328
20.55,-21.907,-7.822,178.7,0.00,AVOID(조향OFF)|LEFT,,1.80,0.00,0.0,-0.8,4328
20.60,-21.907,-7.822,178.7,0.00,AVOID(조향OFF)|LEFT,,1.05,0.00,0.0,-0.9,4328
20.65,-21.907,-7.823,178.7,-0.01,AVOID(조향OFF)|LEFT,,1.05,0.00,0.0,-0.8,4311
20.70,-21.907,-7.823,178.7,-0.01,AVOID(조향OFF)|LEFT,,1.05,0.00,0.0,-0.9,4328
20.75,-21.906,-7.822,178.7,-0.00,AVOID(조향OFF)|LEFT,,1.05,0.00,0.0,-0.8,4295
20.80,-21.906,-7.822,178.7,-0.00,AVOID(조향OFF)|LEFT,,1.80,0.00,0.0,-0.8,4311
20.85,-21.907,-7.821,178.7,0.00,AVOID(조향OFF)|LEFT,,1.80,0.00,0.0,-0.9,4311
20.90,-21.907,-7.821,178.7,0.00,AVOID(조향OFF)|LEFT,,1.80,0.00,0.0,-0.9,4311
20.95,-21.904,-7.822,178.7,-0.03,AVOID(조향OFF)|LEFT,,1.05,0.00,0.0,-0.8,4311
21.00,-21.904,-7.822,178.7,-0.03,AVOID(조향OFF)|LEFT,,1.05,0.00,0.0,-0.9,4311
21.05,-21.906,-7.820,178.7,0.01,AVOID(조향OFF)|LEFT,,1.05,0.00,0.0,-0.8,4328
21.10,-21.906,-7.820,178.7,0.01,AVOID(조향OFF)|LEFT,,1.05,0.00,0.0,-0.7,4295
21.15,-21.906,-7.823,178.7,-0.00,AVOID(조향OFF)|LEFT,,1.80,0.00,0.0,-0.9,4311
21.20,-21.906,-7.823,178.7,-0.00,AVOID(조향OFF)|LEFT,,1.80,0.00,0.0,-0.8,4328
21.25,-21.905,-7.818,178.7,-0.00,AVOID(조향OFF)|LEFT,,1.05,0.00,0.0,-0.9,4328
21.30,-21.905,-7.818,178.7,-0.00,AVOID(조향OFF)|LEFT,,1.05,0.00,0.0,-0.7,4295
21.35,-21.906,-7.819,178.7,0.00,AVOID(조향OFF)|LEFT,,1.80,0.00,0.0,-0.9,4328
21.40,-21.906,-7.819,178.7,0.00,AVOID(조향OFF)|LEFT,,1.80,0.00,0.0,-0.8,4295
21.45,-21.906,-7.819,178.7,0.00,AVOID(조향OFF)|LEFT,,1.80,0.00,0.0,-0.8,4311
21.50,-21.906,-7.820,178.7,0.00,AVOID(조향OFF)|LEFT,,1.05,0.00,0.0,-0.9,4328
21.55,-21.906,-7.820,178.7,0.00,AVOID(조향OFF)|LEFT,,1.05,0.00,0.0,-0.8,4311
21.60,-21.906,-7.820,178.7,0.00,AVOID(조향OFF)|LEFT,,1.05,0.00,0.0,-0.8,4311
21.65,-21.907,-7.819,178.7,0.00,AVOID(조향OFF)|LEFT,,1.05,0.00,0.0,-0.8,4328
21.70,-21.907,-7.819,178.7,0.00,AVOID(조향OFF)|LEFT,,1.80,0.00,0.0,-0.9,4295
21.75,-21.905,-7.818,178.7,-0.02,AVOID(조향OFF)|LEFT,,1.80,0.00,0.0,-0.9,4328
21.80,-21.905,-7.818,178.7,-0.02,AVOID(조향OFF)|LEFT,,1.05,0.00,0.0,-0.9,4344
21.85,-21.905,-7.819,178.7,0.00,AVOID(조향OFF)|LEFT,,1.05,0.00,0.0,-0.9,4311
21.90,-21.905,-7.819,178.7,0.00,AVOID(조향OFF)|LEFT,,1.05,0.00,0.0,-0.9,4311
21.95,-21.905,-7.817,178.7,-0.00,AVOID(조향OFF)|LEFT,,1.80,0.00,0.0,-0.9,4328
22.00,-21.905,-7.817,178.7,-0.00,AVOID(조향OFF)|LEFT,,1.80,0.00,0.0,-0.9,4311
22.05,-21.906,-7.816,178.7,0.01,AVOID(조향OFF)|LEFT,,1.80,0.00,0.0,-0.9,4328
22.10,-21.906,-7.816,178.7,0.01,AVOID(조향OFF)|LEFT,,1.80,0.00,0.0,-0.8,4328
22.15,-21.906,-7.817,178.7,0.00,AVOID(조향OFF)|LEFT,,1.80,0.00,0.0,-0.9,4328
22.20,-21.906,-7.817,178.7,0.00,AVOID(조향OFF)|LEFT,,1.80,0.00,0.0,-0.9,4328
22.25,-21.906,-7.816,178.7,-0.00,AVOID(조향OFF)|LEFT,,1.80,0.00,0.0,-0.8,4344
22.30,-21.906,-7.816,178.7,-0.00,AVOID(조향OFF)|LEFT,,1.80,0.00,0.0,-0.9,4311
22.35,-21.907,-7.816,178.7,0.01,AVOID(조향OFF)|LEFT,,1.80,0.00,0.0,-0.8,4311
22.40,-21.907,-7.816,178.7,0.01,AVOID(조향OFF)|LEFT,,1.06,0.00,0.0,-0.9,4328
22.45,-21.907,-7.816,178.7,0.01,AVOID(조향OFF)|LEFT,,1.06,0.00,0.0,-0.8,4344
22.50,-21.906,-7.814,178.7,-0.00,AVOID(조향OFF)|LEFT,,1.80,0.00,0.0,-0.9,4311
22.55,-21.905,-7.815,178.7,-0.01,AVOID(조향OFF)|LEFT,,1.80,0.00,0.0,-1.0,4328
22.60,-21.905,-7.815,178.7,-0.01,AVOID(조향OFF)|LEFT,,1.06,0.00,0.0,-0.9,4328
22.65,-21.906,-7.814,178.7,0.02,AVOID(조향OFF)|LEFT,,1.06,0.00,0.0,-0.8,4311
22.70,-21.906,-7.814,178.7,0.02,AVOID(조향OFF)|LEFT,,1.05,0.00,0.0,-0.9,4295
22.75,-21.907,-7.812,178.7,0.01,AVOID(조향OFF)|LEFT,,1.05,0.00,0.0,-0.9,4328
22.80,-21.907,-7.812,178.7,0.01,AVOID(조향OFF)|LEFT,,1.80,0.00,0.0,-0.9,4328
22.85,-21.906,-7.811,178.7,-0.00,AVOID(조향OFF)|LEFT,,1.80,0.00,0.0,-0.8,4311
22.90,-21.906,-7.811,178.7,-0.00,AVOID(조향OFF)|LEFT,,1.80,0.00,0.0,-0.9,4311
22.95,-21.910,-7.820,178.7,0.03,AVOID(조향OFF)|LEFT,,1.80,0.00,0.0,-0.9,4311
23.00,-21.910,-7.820,178.7,0.03,AVOID(조향OFF)|LEFT,,1.80,0.00,0.0,-0.9,4311
23.05,-21.908,-7.822,178.7,-0.02,AVOID(조향OFF)|LEFT,,1.80,0.00,0.0,-0.9,4344
23.10,-21.908,-7.822,178.7,-0.02,AVOID(조향OFF)|LEFT,,1.80,0.00,0.0,-0.8,4328
23.15,-21.909,-7.821,178.7,0.01,AVOID(조향OFF)|LEFT,,1.80,0.00,0.0,-0.9,4344
23.20,-21.909,-7.821,178.7,0.01,AVOID(조향OFF)|LEFT,,1.80,0.00,0.0,-0.9,4344
23.25,-21.906,-7.824,178.7,-0.04,AVOID(조향OFF)|LEFT,,1.05,0.00,0.0,-0.8,4311
23.30,-21.906,-7.824,178.7,-0.04,AVOID(조향OFF)|LEFT,,1.05,0.00,0.0,-0.8,4311
23.35,-21.906,-7.823,178.7,0.01,AVOID(조향OFF)|LEFT,,1.06,0.00,0.0,-0.9,4311
23.40,-21.906,-7.823,178.7,0.01,AVOID(조향OFF)|LEFT,,1.06,0.00,0.0,-0.9,4328
23.45,-21.906,-7.823,178.7,0.01,AVOID(조향OFF)|LEFT,,1.06,0.00,0.0,-0.9,4328
23.50,-21.906,-7.822,178.7,-0.00,AVOID(조향OFF)|LEFT,,1.80,0.00,0.0,-0.8,4328
23.55,-21.906,-7.822,178.7,-0.00,AVOID(조향OFF)|LEFT,,1.80,0.00,0.0,-0.9,4311
23.60,-21.906,-7.822,178.7,-0.00,AVOID(조향OFF)|LEFT,,1.80,0.00,0.0,-0.9,4311
23.65,-21.911,-7.817,178.7,0.03,AVOID(조향OFF)|LEFT,,1.80,0.00,0.0,-0.9,4328
23.70,-21.911,-7.817,178.7,0.03,AVOID(조향OFF)|LEFT,,1.80,0.00,0.0,-0.9,4311
23.75,-21.909,-7.819,178.7,-0.02,AVOID(조향OFF)|LEFT,,1.80,0.00,0.0,-0.9,4311
23.80,-21.909,-7.819,178.7,-0.02,AVOID(조향OFF)|LEFT,,1.80,0.00,0.0,-0.9,4328
23.85,-21.906,-7.818,178.7,-0.02,AVOID(조향OFF)|LEFT,,1.80,0.00,0.0,-0.9,4311
23.90,-21.906,-7.818,178.7,-0.02,AVOID(조향OFF)|LEFT,,1.05,0.00,0.0,-0.9,4311
23.95,-21.911,-7.817,178.7,0.05,AVOID(조향OFF)|LEFT,,1.80,0.00,0.0,-0.8,4344
24.00,-21.911,-7.817,178.7,0.05,AVOID(조향OFF)|LEFT,,1.80,0.00,0.0,-0.9,4295
24.05,-21.908,-7.816,178.7,-0.02,AVOID(조향OFF)|LEFT,,1.05,0.00,0.0,-0.9,4328
24.10,-21.908,-7.816,178.7,-0.02,AVOID(조향OFF)|LEFT,,1.05,0.00,0.0,-0.9,4328
24.15,-21.907,-7.818,178.7,-0.01,AVOID(조향OFF)|LEFT,,1.05,0.00,0.0,-0.9,4311
24.20,-21.907,-7.818,178.7,-0.01,AVOID(조향OFF)|LEFT,,1.05,0.00,0.0,-0.9,4311
24.25,-21.908,-7.816,178.7,0.01,AVOID(조향OFF)|LEFT,,1.06,0.00,0.0,-0.8,4328
24.30,-21.908,-7.816,178.7,0.01,AVOID(조향OFF)|LEFT,,1.06,0.00,0.0,-0.9,4328
24.35,-21.909,-7.816,178.7,0.01,AVOID(조향OFF)|LEFT,,1.05,0.00,0.0,-0.9,4328
24.40,-21.909,-7.816,178.7,0.01,AVOID(조향OFF)|LEFT,,1.06,0.00,0.0,-0.8,4311
24.45,-21.909,-7.816,178.7,0.01,AVOID(조향OFF)|LEFT,,1.06,0.00,0.0,-0.8,4311
24.50,-21.909,-7.816,178.7,0.00,AVOID(조향OFF)|LEFT,,1.05,0.00,0.0,-0.9,4311
24.55,-21.908,-7.815,178.7,-0.01,AVOID(조향OFF)|LEFT,,1.05,0.00,0.0,-0.8,4328
24.60,-21.908,-7.815,178.7,-0.01,AVOID(조향OFF)|LEFT,,1.80,0.00,0.0,-0.9,4328
24.65,-21.908,-7.816,178.7,-0.00,AVOID(조향OFF)|LEFT,,1.80,0.00,0.0,-0.8,4328
24.70,-21.908,-7.816,178.7,-0.00,AVOID(조향OFF)|LEFT,,1.80,0.00,0.0,-0.8,4311
24.75,-21.910,-7.813,178.7,0.02,AVOID(조향OFF)|LEFT,,1.80,0.00,0.0,-0.9,4328
24.80,-21.910,-7.813,178.7,0.02,AVOID(조향OFF)|LEFT,,1.05,0.00,0.0,-0.9,4328
24.85,-21.908,-7.817,178.7,-0.02,AVOID(조향OFF)|LEFT,,1.05,0.00,0.0,-0.8,4311
24.90,-21.908,-7.817,178.7,-0.02,AVOID(조향OFF)|LEFT,,1.05,0.00,0.0,-0.9,4311
24.95,-21.909,-7.816,178.7,0.00,AVOID(조향OFF)|LEFT,,1.05,0.00,0.0,-0.8,4344
25.00,-21.909,-7.816,178.7,0.00,AVOID(조향OFF)|LEFT,,1.05,0.00,0.0,-0.9,4311
25.05,-21.910,-7.814,178.7,0.01,AVOID(조향OFF)|LEFT,,1.80,0.00,0.0,-0.9,4328
25.10,-21.910,-7.814,178.7,0.01,AVOID(조향OFF)|LEFT,,1.80,0.00,0.0,-0.8,4311
25.15,-21.910,-7.813,178.7,0.00,AVOID(조향OFF)|LEFT,,1.80,0.00,0.0,-0.9,4311
25.20,-21.910,-7.813,178.7,0.00,AVOID(조향OFF)|LEFT,,1.80,0.00,0.0,-0.8,4328
25.25,-21.909,-7.813,178.7,-0.01,AVOID(조향OFF)|LEFT,,1.05,0.00,0.0,-0.9,4344
25.30,-21.909,-7.813,178.7,-0.01,AVOID(조향OFF)|LEFT,,1.05,0.00,0.0,-0.8,4311
25.35,-21.910,-7.813,178.7,0.00,AVOID(조향OFF)|LEFT,,1.80,0.00,0.0,-0.8,4328
25.40,-21.910,-7.813,178.7,0.00,AVOID(조향OFF)|LEFT,,1.80,0.00,0.0,-0.9,4311
25.45,-21.910,-7.813,178.7,0.00,AVOID(조향OFF)|LEFT,,1.80,0.00,0.0,-0.9,4311
25.50,-21.908,-7.815,178.7,-0.02,AVOID(조향OFF)|LEFT,,1.05,0.00,0.0,-0.8,4328
25.55,-21.908,-7.815,178.7,-0.02,AVOID(조향OFF)|LEFT,,1.05,0.00,0.0,-0.9,4344
25.60,-21.908,-7.815,178.7,-0.02,AVOID(조향OFF)|LEFT,,1.80,0.00,0.0,-0.9,4295
25.65,-21.910,-7.812,178.7,0.01,AVOID(조향OFF)|LEFT,,1.80,0.00,0.0,-0.9,4344
25.70,-21.910,-7.812,178.7,0.01,AVOID(조향OFF)|LEFT,,1.05,0.00,0.0,-0.9,4328
25.75,-21.907,-7.810,178.7,-0.02,AVOID(조향OFF)|LEFT,,1.05,0.00,0.0,-0.8,4311
25.80,-21.907,-7.810,178.7,-0.02,AVOID(조향OFF)|LEFT,,1.06,0.00,0.0,-0.9,4311
25.85,-21.910,-7.810,178.7,0.03,AVOID(조향OFF)|LEFT,,1.80,0.00,0.0,-0.8,4311
25.90,-21.910,-7.810,178.7,0.03,AVOID(조향OFF)|LEFT,,1.80,0.00,0.0,-0.8,4295
25.95,-21.906,-7.811,178.7,-0.04,AVOID(조향OFF)|LEFT,,1.80,0.00,0.0,-0.8,4328
26.00,-21.906,-7.811,178.7,-0.04,AVOID(조향OFF)|LEFT,,1.80,0.00,0.0,-0.8,4311
26.05,-21.906,-7.812,178.7,-0.00,AVOID(조향OFF)|LEFT,,1.05,0.00,0.0,-0.9,4311
26.10,-21.906,-7.812,178.7,-0.00,AVOID(조향OFF)|LEFT,,1.05,0.00,0.0,-0.8,4311
26.15,-21.908,-7.810,178.7,0.02,AVOID(조향OFF)|LEFT,,1.06,0.00,0.0,-0.8,4328
26.20,-21.908,-7.810,178.7,0.02,AVOID(조향OFF)|LEFT,,1.06,0.00,0.0,-0.8,4311
26.25,-21.907,-7.810,178.7,-0.01,AVOID(조향OFF)|LEFT,,1.80,0.00,0.0,-0.8,4328
26.30,-21.907,-7.810,178.7,-0.01,AVOID(조향OFF)|LEFT,,1.80,0.00,0.0,-0.8,4311
26.35,-21.908,-7.809,178.7,0.01,AVOID(조향OFF)|LEFT,,1.80,0.00,0.0,-0.9,4328
26.40,-21.908,-7.809,178.7,0.01,AVOID(조향OFF)|LEFT,,1.80,0.00,0.0,-0.9,4311
26.45,-21.908,-7.809,178.7,0.01,AVOID(조향OFF)|LEFT,,1.80,0.00,0.0,-0.9,4328
26.50,-21.905,-7.820,178.7,-0.02,AVOID(조향OFF)|LEFT,,1.06,0.00,0.0,-0.9,4311
26.55,-21.905,-7.820,178.7,-0.02,AVOID(조향OFF)|LEFT,,1.06,0.00,0.0,-0.9,4295
26.60,-21.905,-7.820,178.7,-0.02,AVOID(조향OFF)|LEFT,,1.05,0.00,0.0,-0.9,4311
26.65,-21.906,-7.824,178.7,0.00,AVOID(조향OFF)|LEFT,,1.05,0.00,0.0,-0.8,4344
26.70,-21.906,-7.824,178.7,0.00,AVOID(조향OFF)|LEFT,,1.06,0.00,0.0,-0.9,4311
26.75,-21.905,-7.825,178.7,-0.00,AVOID(조향OFF)|LEFT,,1.06,0.00,0.0,-0.8,4328
26.80,-21.905,-7.825,178.8,-0.00,AVOID(조향OFF)|LEFT,,1.06,0.00,0.0,-0.8,4328
26.85,-21.908,-7.818,178.7,0.03,AVOID(조향OFF)|LEFT,,1.06,0.00,0.0,-0.9,4295
26.90,-21.908,-7.818,178.7,0.03,AVOID(조향OFF)|LEFT,,1.06,0.00,0.0,-0.8,4311
26.95,-21.910,-7.813,178.7,0.03,AVOID(조향OFF)|LEFT,,1.05,0.00,0.0,-0.8,4328
27.00,-21.910,-7.813,178.7,0.03,AVOID(조향OFF)|LEFT,,1.05,0.00,0.0,-0.9,4328
27.05,-21.907,-7.815,178.8,-0.04,AVOID(조향OFF)|LEFT,,1.06,0.00,0.0,-0.8,4311
27.10,-21.907,-7.815,178.7,-0.04,AVOID(조향OFF)|LEFT,,1.06,0.00,0.0,-0.8,4328
27.15,-21.908,-7.815,178.7,0.01,AVOID(조향OFF)|LEFT,,1.80,0.00,0.0,-0.9,4311
27.20,-21.908,-7.815,178.7,0.01,AVOID(조향OFF)|LEFT,,1.80,0.00,0.0,-0.8,4328
27.25,-21.905,-7.813,178.7,-0.02,AVOID(조향OFF)|LEFT,,1.05,0.00,0.0,-0.8,4311
27.30,-21.905,-7.813,178.7,-0.02,AVOID(조향OFF)|LEFT,,1.05,0.00,0.0,-0.9,4328
27.35,-21.906,-7.815,178.7,0.00,AVOID(조향OFF)|LEFT,,1.80,0.00,0.0,-0.8,4311
27.40,-21.906,-7.815,178.7,0.00,AVOID(조향OFF)|LEFT,,1.80,0.00,0.0,-0.9,4328
27.45,-21.906,-7.815,178.7,0.00,AVOID(조향OFF)|LEFT,,1.80,0.00,0.0,-0.9,4311
27.50,-21.907,-7.815,178.7,0.01,AVOID(조향OFF)|LEFT,,1.80,0.00,0.0,-0.9,4311
27.55,-21.907,-7.815,178.7,0.01,AVOID(조향OFF)|LEFT,,1.80,0.00,0.0,-0.9,4328
27.60,-21.907,-7.815,178.7,0.01,AVOID(조향OFF)|LEFT,,1.06,0.00,0.0,-0.9,4328
27.65,-21.910,-7.811,178.7,0.02,AVOID(조향OFF)|LEFT,,1.06,0.00,0.0,-0.8,4311
27.70,-21.910,-7.811,178.7,0.02,AVOID(조향OFF)|LEFT,,1.06,0.00,0.0,-0.8,4328
27.75,-21.910,-7.811,178.7,-0.00,AVOID(조향OFF)|LEFT,,1.06,0.00,0.0,-0.9,4328
27.80,-21.910,-7.811,178.7,-0.00,AVOID(조향OFF)|LEFT,,1.05,0.00,0.0,-0.9,4344
27.85,-21.909,-7.811,178.7,-0.01,AVOID(조향OFF)|LEFT,,1.06,0.00,0.0,-0.8,4311
27.90,-21.909,-7.811,178.7,-0.01,AVOID(조향OFF)|LEFT,,1.06,0.00,0.0,-0.8,4328
27.95,-21.910,-7.815,178.7,0.01,AVOID(조향OFF)|LEFT,,1.05,0.00,0.0,-0.9,4311
28.00,-21.910,-7.815,178.7,0.01,AVOID(조향OFF)|LEFT,,1.05,0.00,0.0,-0.8,4311
28.05,-21.911,-7.816,178.7,0.01,AVOID(조향OFF)|LEFT,,1.06,0.00,0.0,-0.8,4328
28.10,-21.911,-7.816,178.7,0.01,AVOID(조향OFF)|LEFT,,1.06,0.00,0.0,-0.9,4328
28.15,-21.910,-7.817,178.7,-0.01,AVOID(조향OFF)|LEFT,,1.80,0.00,0.0,-0.8,4311
28.20,-21.910,-7.817,178.7,-0.01,AVOID(조향OFF)|LEFT,,1.80,0.00,0.0,-0.8,4311
28.25,-21.909,-7.815,178.7,-0.00,AVOID(조향OFF)|LEFT,,1.05,0.00,0.0,-0.9,4311
28.30,-21.909,-7.815,178.7,-0.00,AVOID(조향OFF)|LEFT,,1.05,0.00,0.0,-0.8,4311
28.35,-21.911,-7.815,178.7,0.02,AVOID(조향OFF)|LEFT,,1.80,0.00,0.0,-0.8,4328
28.40,-21.911,-7.815,178.7,0.02,AVOID(조향OFF)|LEFT,,1.05,0.00,0.0,-0.7,4328
28.45,-21.909,-7.814,178.7,-0.02,AVOID(조향OFF)|LEFT,,1.05,0.00,0.0,-0.8,4311
28.50,-21.909,-7.814,178.7,-0.02,AVOID(조향OFF)|LEFT,,1.80,0.00,0.0,-0.9,4328
28.55,-21.910,-7.815,178.7,0.01,AVOID(조향OFF)|LEFT,,1.80,0.00,0.0,-0.9,4328
28.60,-21.910,-7.815,178.7,0.01,AVOID(조향OFF)|LEFT,,1.05,0.00,0.0,-0.9,4311
28.65,-21.909,-7.816,178.7,-0.01,AVOID(조향OFF)|LEFT,,1.05,0.00,0.0,-0.9,4328
28.70,-21.909,-7.816,178.7,-0.01,AVOID(조향OFF)|LEFT,,1.05,0.00,0.0,-0.9,4328
28.75,-21.909,-7.812,178.7,0.00,AVOID(조향OFF)|LEFT,,1.05,0.00,0.0,-0.8,4295
28.80,-21.909,-7.812,178.7,0.00,AVOID(조향OFF)|LEFT,,1.80,0.00,0.0,-0.8,4328
28.85,-21.908,-7.814,178.7,-0.01,AVOID(조향OFF)|LEFT,,1.05,0.00,0.0,-0.9,4328
28.90,-21.908,-7.814,178.8,-0.01,AVOID(조향OFF)|LEFT,,1.05,0.00,0.0,-0.9,4328
28.95,-21.911,-7.816,178.8,0.03,AVOID(조향OFF)|LEFT,,1.05,0.00,0.0,-0.9,4328
29.00,-21.911,-7.816,178.8,0.03,AVOID(조향OFF)|LEFT,,1.05,0.00,0.0,-0.8,4311
29.05,-21.908,-7.817,178.8,-0.02,AVOID(조향OFF)|LEFT,,1.80,0.00,0.0,-0.9,4295
29.10,-21.908,-7.817,178.8,-0.02,AVOID(조향OFF)|LEFT,,1.80,0.00,0.0,-0.8,4328
29.15,-21.909,-7.818,178.8,0.00,AVOID(조향OFF)|LEFT,,1.06,0.00,0.0,-0.8,4311
29.20,-21.909,-7.818,178.8,0.00,AVOID(조향OFF)|LEFT,,1.06,0.00,0.0,-0.9,4344
29.25,-21.909,-7.815,178.7,-0.00,AVOID(조향OFF)|LEFT,,1.80,0.00,0.0,-0.9,4311
29.30,-21.909,-7.815,178.7,-0.00,AVOID(조향OFF)|LEFT,,1.05,0.00,0.0,-0.8,4295
29.35,-21.906,-7.818,178.8,-0.03,AVOID(조향OFF)|LEFT,,1.05,0.00,0.0,-0.9,4328
29.40,-21.906,-7.818,178.8,-0.03,AVOID(조향OFF)|LEFT,,1.05,0.00,0.0,-0.8,4311
29.45,-21.906,-7.818,178.8,-0.03,AVOID(조향OFF)|LEFT,,1.05,0.00,0.0,-0.8,4328
29.50,-21.907,-7.818,178.7,0.01,AVOID(조향OFF)|LEFT,,1.80,0.00,0.0,-0.8,4344
29.55,-21.907,-7.818,178.7,0.01,AVOID(조향OFF)|LEFT,,1.80,0.00,0.0,-0.8,4311
29.60,-21.907,-7.818,178.7,0.01,AVOID(조향OFF)|LEFT,,1.80,0.00,0.0,-0.9,4311
29.65,-21.907,-7.816,178.8,-0.00,AVOID(조향OFF)|LEFT,,1.80,0.00,0.0,-0.8,4311
29.70,-21.907,-7.816,178.8,-0.00,AVOID(조향OFF)|LEFT,,1.05,0.00,0.0,-0.8,4311
29.75,-21.906,-7.818,178.8,-0.00,AVOID(조향OFF)|LEFT,,1.05,0.00,0.0,-0.9,4311
29.80,-21.906,-7.818,178.8,-0.00,AVOID(조향OFF)|LEFT,,1.05,0.00,0.0,-0.8,4328
29.85,-21.909,-7.817,178.8,0.02,AVOID(조향OFF)|LEFT,,1.06,0.00,0.0,-0.9,4311
29.90,-21.909,-7.817,178.8,0.02,AVOID(조향OFF)|LEFT,,1.06,0.00,0.0,-0.8,4295
29.95,-21.907,-7.816,178.7,-0.02,AVOID(조향OFF)|LEFT,,1.05,0.00,0.0,-0.8,4328
30.00,-21.907,-7.816,178.7,-0.02,AVOID(조향OFF)|LEFT,,1.05,0.00,0.0,-0.8,4295
30.05,-21.908,-7.813,178.7,0.01,AVOID(조향OFF)|LEFT,,1.05,0.00,0.0,-0.9,4328
30.10,-21.908,-7.813,178.7,0.01,AVOID(조향OFF)|LEFT,,1.05,0.00,0.0,-0.9,4328
30.15,-21.910,-7.814,178.7,0.02,AVOID(조향OFF)|LEFT,,1.05,0.00,0.0,-0.8,4311
30.20,-21.910,-7.814,178.7,0.02,AVOID(조향OFF)|LEFT,,1.05,0.00,0.0,-0.8,4311
30.25,-21.909,-7.813,178.7,-0.01,AVOID(조향OFF)|LEFT,,1.80,0.00,0.0,-0.8,4344
30.30,-21.909,-7.813,178.7,-0.01,AVOID(조향OFF)|LEFT,,1.80,0.00,0.0,-0.9,4311
30.35,-21.909,-7.813,178.7,-0.00,AVOID(조향OFF)|LEFT,,1.80,0.00,0.0,-0.8,4311
30.40,-21.909,-7.813,178.7,-0.00,AVOID(조향OFF)|LEFT,,1.80,0.00,0.0,-0.9,4311
30.45,-21.908,-7.814,178.7,-0.00,AVOID(조향OFF)|LEFT,,1.80,0.00,0.0,-0.8,4344
30.50,-21.908,-7.814,178.7,-0.00,AVOID(조향OFF)|LEFT,,1.06,0.00,0.0,-0.8,4311
30.55,-21.909,-7.812,178.7,0.01,AVOID(조향OFF)|LEFT,,1.06,0.00,0.0,-0.8,4328
30.60,-21.909,-7.812,178.7,0.01,AVOID(조향OFF)|LEFT,,1.05,0.00,0.0,-0.9,4311
30.65,-21.908,-7.813,178.7,-0.01,AVOID(조향OFF)|LEFT,,1.05,0.00,0.0,-0.8,4328
30.70,-21.908,-7.813,178.7,-0.01,AVOID(조향OFF)|LEFT,,1.05,0.00,0.0,-0.8,4295
30.75,-21.906,-7.814,178.7,-0.01,AVOID(조향OFF)|LEFT,,1.05,0.00,0.0,-0.9,4328
30.80,-21.906,-7.814,178.7,-0.01,AVOID(조향OFF)|LEFT,,1.05,0.00,0.0,-0.8,4311
30.85,-21.907,-7.815,178.7,0.01,AVOID(조향OFF)|LEFT,,1.05,0.00,0.0,-0.8,4328
30.90,-21.907,-7.815,178.7,0.01,AVOID(조향OFF)|LEFT,,1.05,0.00,0.0,-0.8,4328
30.95,-21.909,-7.819,178.7,0.02,AVOID(조향OFF)|LEFT,,1.80,0.00,0.0,-0.9,4328
31.00,-21.909,-7.819,178.7,0.02,AVOID(조향OFF)|LEFT,,1.80,0.00,0.0,-0.8,4295
31.05,-21.909,-7.818,178.7,-0.00,AVOID(조향OFF)|LEFT,,1.80,0.00,0.0,-0.8,4328
31.10,-21.909,-7.818,178.7,-0.00,AVOID(조향OFF)|LEFT,,1.80,0.00,0.0,-0.8,4311
31.15,-21.909,-7.821,178.7,-0.00,AVOID(조향OFF)|LEFT,,1.05,0.00,0.0,-0.9,4311
31.20,-21.909,-7.821,178.7,-0.00,AVOID(조향OFF)|LEFT,,1.05,0.00,0.0,-0.9,4328
31.25,-21.910,-7.819,178.7,0.01,AVOID(조향OFF)|LEFT,,1.05,0.00,0.0,-0.9,4328
31.30,-21.910,-7.819,178.7,0.01,AVOID(조향OFF)|LEFT,,1.05,0.00,0.0,-0.8,4295
31.35,-21.908,-7.820,178.7,-0.02,AVOID(조향OFF)|LEFT,,1.05,0.00,0.0,-1.0,4328
31.40,-21.908,-7.820,178.7,-0.02,AVOID(조향OFF)|LEFT,,1.05,0.00,0.0,-0.8,4311
31.45,-21.909,-7.820,178.7,0.02,AVOID(조향OFF)|LEFT,,1.05,0.00,0.0,-0.8,4311
31.50,-21.909,-7.820,178.7,0.02,AVOID(조향OFF)|LEFT,,1.05,0.00,0.0,-0.9,4328
31.55,-21.909,-7.820,178.7,-0.00,AVOID(조향OFF)|LEFT,,1.05,0.00,0.0,-0.8,4328
31.60,-21.909,-7.820,178.7,-0.00,AVOID(조향OFF)|LEFT,,1.05,0.00,0.0,-0.9,4295
31.65,-21.909,-7.818,178.7,-0.00,AVOID(조향OFF)|LEFT,,1.05,0.00,0.0,-0.9,4344
31.70,-21.909,-7.818,178.7,-0.00,AVOID(조향OFF)|LEFT,,1.05,0.00,0.0,-0.9,4311
31.75,-21.909,-7.818,178.7,-0.00,AVOID(조향OFF)|LEFT,,1.05,0.00,0.0,-0.9,4328
31.80,-21.909,-7.818,178.7,-0.00,AVOID(조향OFF)|LEFT,,1.80,0.00,0.0,-0.9,4328
31.85,-21.909,-7.819,178.7,-0.04,AVOID(조향OFF)|LEFT,,1.05,0.00,0.0,-0.9,4328
31.90,-21.909,-7.819,178.7,-0.04,AVOID(조향OFF)|LEFT,,1.05,0.00,0.0,-0.8,4311
31.95,-21.910,-7.822,178.7,0.01,AVOID(조향OFF)|LEFT,,1.80,0.00,0.0,-0.9,4344
32.00,-21.910,-7.822,178.7,0.01,AVOID(조향OFF)|LEFT,,1.80,0.00,0.0,-0.8,4344
32.05,-21.910,-7.822,178.7,0.00,AVOID(조향OFF)|LEFT,,1.05,0.00,0.0,-0.8,4311
32.10,-21.910,-7.822,178.7,0.00,AVOID(조향OFF)|LEFT,,1.05,0.00,0.0,-0.9,4328
32.15,-21.910,-7.821,178.7,0.01,AVOID(조향OFF)|LEFT,,1.80,0.00,0.0,-0.9,4328
32.20,-21.910,-7.821,178.8,0.01,AVOID(조향OFF)|LEFT,,1.80,0.00,0.0,-0.8,4328
32.25,-21.908,-7.822,178.8,-0.02,AVOID(조향OFF)|LEFT,,1.80,0.00,0.0,-0.8,4328
32.30,-21.908,-7.822,178.8,-0.02,AVOID(조향OFF)|LEFT,,1.05,0.00,0.0,-0.9,4328
32.35,-21.909,-7.822,178.8,0.01,AVOID(조향OFF)|LEFT,,1.05,0.00,0.0,-0.9,4328
32.40,-21.909,-7.822,178.7,0.01,AVOID(조향OFF)|LEFT,,1.05,0.00,0.0,-0.8,4311
32.45,-21.909,-7.821,178.8,-0.00,AVOID(조향OFF)|LEFT,,1.05,0.00,0.0,-0.8,4311
32.50,-21.909,-7.821,178.7,-0.00,AVOID(조향OFF)|LEFT,,1.05,0.00,0.0,-0.9,4328
32.55,-21.909,-7.820,178.8,0.01,AVOID(조향OFF)|LEFT,,1.05,0.00,0.0,-0.8,4311
32.60,-21.909,-7.820,178.8,0.01,AVOID(조향OFF)|LEFT,,1.80,0.00,0.0,-0.8,4311
32.65,-21.909,-7.823,178.7,-0.01,AVOID(조향OFF)|LEFT,,1.80,0.00,0.0,-0.8,4328
32.70,-21.909,-7.823,178.7,-0.01,AVOID(조향OFF)|LEFT,,1.06,0.00,0.0,-0.8,4311
32.75,-21.910,-7.822,178.7,0.01,AVOID(조향OFF)|LEFT,,1.06,0.00,0.0,-0.8,4295
32.80,-21.910,-7.822,178.7,0.01,AVOID(조향OFF)|LEFT,,1.06,0.00,0.0,-0.8,4328
32.85,-21.908,-7.823,178.7,-0.02,AVOID(조향OFF)|LEFT,,1.05,0.00,0.0,-0.9,4311
32.90,-21.908,-7.823,178.7,-0.02,AVOID(조향OFF)|LEFT,,1.05,0.00,0.0,-0.9,4328
32.95,-21.910,-7.821,178.7,0.01,AVOID(조향OFF)|LEFT,,1.06,0.00,0.0,-0.9,4328
33.00,-21.910,-7.821,178.7,0.01,AVOID(조향OFF)|LEFT,,1.06,0.00,0.0,-0.9,4311
33.05,-21.908,-7.822,178.7,-0.01,AVOID(조향OFF)|LEFT,,1.80,0.00,0.0,-0.9,4328
33.10,-21.908,-7.822,178.7,-0.01,AVOID(조향OFF)|LEFT,,1.80,0.00,0.0,-0.8,4328
33.15,-21.908,-7.823,178.7,-0.00,AVOID(조향OFF)|LEFT,,1.05,0.00,0.0,-0.8,4295
33.20,-21.908,-7.823,178.7,-0.00,AVOID(조향OFF)|LEFT,,1.05,0.00,0.0,-0.8,4328
33.25,-21.910,-7.821,178.7,0.02,AVOID(조향OFF)|LEFT,,1.05,0.00,0.0,-0.8,4311
33.30,-21.910,-7.821,178.8,0.02,AVOID(조향OFF)|LEFT,,1.05,0.00,0.0,-0.8,4328
33.35,-21.910,-7.822,178.8,-0.01,AVOID(조향OFF)|LEFT,,1.05,0.00,0.0,-0.9,4311
33.40,-21.910,-7.822,178.7,-0.01,AVOID(조향OFF)|LEFT,,1.05,0.00,0.0,-0.8,4328
33.45,-21.908,-7.823,178.8,-0.02,AVOID(조향OFF)|LEFT,,1.05,0.00,0.0,-0.9,4311
33.50,-21.908,-7.823,178.8,-0.02,AVOID(조향OFF)|LEFT,,1.05,0.00,0.0,-0.8,4328
33.55,-21.910,-7.821,178.8,0.03,AVOID(조향OFF)|LEFT,,1.05,0.00,0.0,-0.8,4311
33.60,-21.910,-7.821,178.8,0.03,AVOID(조향OFF)|LEFT,,1.05,0.00,0.0,-0.9,4328
33.65,-21.909,-7.823,178.8,-0.01,AVOID(조향OFF)|LEFT,,1.05,0.00,0.0,-0.9,4328
33.70,-21.909,-7.823,178.8,-0.01,AVOID(조향OFF)|LEFT,,1.05,0.00,0.0,-0.8,4328
33.75,-21.912,-7.820,178.8,0.02,AVOID(조향OFF)|LEFT,,1.05,0.00,0.0,-0.9,4311
33.80,-21.912,-7.820,178.8,0.02,AVOID(조향OFF)|LEFT,,1.05,0.00,0.0,-0.8,4344
33.85,-21.909,-7.821,178.8,-0.02,AVOID(조향OFF)|LEFT,,1.80,0.00,0.0,-0.9,4311
33.90,-21.909,-7.821,178.7,-0.02,AVOID(조향OFF)|LEFT,,1.80,0.00,0.0,-0.8,4328
33.95,-21.909,-7.822,178.8,-0.00,AVOID(조향OFF)|LEFT,,1.80,0.00,0.0,-0.8,4311
34.00,-21.909,-7.822,178.8,-0.00,AVOID(조향OFF)|LEFT,,1.80,0.00,0.0,-0.9,4328
34.05,-21.911,-7.822,178.8,0.02,AVOID(조향OFF)|LEFT,,1.80,0.00,0.0,-0.9,4311
34.10,-21.911,-7.822,178.7,0.02,AVOID(조향OFF)|LEFT,,1.80,0.00,0.0,-0.8,4328
34.15,-21.910,-7.822,178.7,-0.01,AVOID(조향OFF)|LEFT,,1.80,0.70,0.0,-0.8,4311
34.20,-21.910,-7.822,178.7,-0.01,AVOID(조향OFF)|LEFT,,1.80,0.70,0.0,-0.8,4328
34.25,-21.911,-7.821,178.7,0.01,AVOID(조향OFF)|LEFT,,1.05,0.70,0.8,-0.8,4311
34.30,-21.911,-7.821,178.7,0.01,AVOID(조향OFF)|LEFT,,1.05,0.70,0.8,-0.9,4311
34.35,-21.911,-7.821,178.7,-0.00,AVOID(조향OFF)|LEFT,,1.05,0.70,0.3,-0.8,4328
34.40,-21.911,-7.821,178.7,-0.00,AVOID(조향OFF)|LEFT,,1.05,0.70,0.3,-0.8,4311
34.45,-21.912,-7.823,178.8,0.01,AVOID(조향OFF)|LEFT,,1.05,0.70,0.6,-0.8,4295
34.50,-21.912,-7.823,178.8,0.01,AVOID(조향OFF)|LEFT,,1.80,0.70,0.6,-0.8,4328
34.55,-21.912,-7.823,178.7,0.00,AVOID(조향OFF)|LEFT,,1.80,0.70,0.1,-0.9,4328
34.60,-21.912,-7.823,178.7,0.00,AVOID(조향OFF)|LEFT,,1.79,0.70,0.1,-0.8,4295
34.65,-21.915,-7.825,178.7,0.03,AVOID(조향OFF)|LEFT,,1.79,0.70,1.2,-0.9,4328
34.70,-21.915,-7.825,178.7,0.03,AVOID(조향OFF)|LEFT,,1.79,0.70,1.2,-0.9,4311
34.75,-21.922,-7.831,178.7,0.07,AVOID(조향OFF)|LEFT,,1.78,0.70,0.3,-0.9,4328
34.80,-21.922,-7.831,178.7,0.07,AVOID(조향OFF)|LEFT,,1.78,0.70,0.3,-0.8,4311
34.85,-21.932,-7.837,178.7,0.09,AVOID(조향OFF)|LEFT,,1.77,0.70,2.8,-0.9,4344
34.90,-21.932,-7.837,178.7,0.09,AVOID(조향OFF)|LEFT,,1.77,0.70,2.8,-0.9,4311
34.95,-21.944,-7.849,178.7,0.12,AVOID(조향OFF)|LEFT,,1.76,0.70,5.1,-0.9,4328
35.00,-21.944,-7.849,178.7,0.12,AVOID(조향OFF)|LEFT,,1.76,0.70,5.1,-0.8,4311
35.05,-21.958,-7.858,178.7,0.13,AVOID(조향OFF)|LEFT,,1.74,0.70,6.2,-0.9,4328
35.10,-21.958,-7.858,178.7,0.13,AVOID(조향OFF)|LEFT,,1.74,0.70,6.2,-0.8,4295
35.15,-21.980,-7.873,178.6,0.22,AVOID(조향OFF)|LEFT,,1.72,0.70,8.0,-0.8,4328
35.20,-21.980,-7.873,178.6,0.22,AVOID(조향OFF)|LEFT,,1.72,0.70,8.0,-0.8,4311
35.25,-22.001,-7.888,178.6,0.21,AVOID(조향OFF)|LEFT,,1.70,0.70,12.4,-0.9,4328
35.30,-22.001,-7.888,178.6,0.21,AVOID(조향OFF)|LEFT,,1.68,0.70,12.4,-0.8,4311
35.35,-22.024,-7.902,178.5,0.23,AVOID(조향OFF)|LEFT,,1.68,0.70,18.7,-0.9,4311
35.40,-22.024,-7.902,178.5,0.23,AVOID(조향OFF)|LEFT,,1.66,0.70,18.7,-0.9,4311
35.45,-22.052,-7.926,178.5,0.25,AVOID(조향OFF)|LEFT,,1.66,0.70,23.8,-0.8,4328
35.50,-22.052,-7.926,178.4,0.25,AVOID(조향OFF)|LEFT,,1.63,0.70,23.8,-0.9,4328
35.55,-22.083,-7.950,178.3,0.30,AVOID(조향OFF)|LEFT,,1.63,0.70,32.7,-0.8,4311
35.60,-22.083,-7.950,178.3,0.30,AVOID(조향OFF)|LEFT,,1.60,0.70,32.7,-0.7,4295
35.65,-22.114,-7.980,178.3,0.34,AVOID(조향OFF)|LEFT,,1.60,0.70,37.0,-0.8,4328
35.70,-22.114,-7.980,178.3,0.34,AVOID(조향OFF)|LEFT,,1.58,0.70,37.0,-0.9,4295
35.75,-22.147,-8.008,178.2,0.32,AVOID(조향OFF)|LEFT,,1.55,0.70,45.5,-0.8,4311
35.80,-22.147,-8.008,178.2,0.32,AVOID(조향OFF)|LEFT,,1.55,0.70,45.5,-0.9,4344
35.85,-22.186,-8.035,178.1,0.38,AVOID(조향OFF)|LEFT,,1.52,0.70,52.3,-0.9,4295
35.90,-22.186,-8.035,178.1,0.38,AVOID(조향OFF)|LEFT,,1.52,0.70,52.3,-0.8,4295
35.95,-22.225,-8.061,178.0,0.37,AVOID(조향OFF)|LEFT,,1.49,0.70,59.5,-0.5,4311
36.00,-22.225,-8.061,178.0,0.37,AVOID(조향OFF)|LEFT,,1.49,0.70,59.5,-0.4,4246
36.05,-22.266,-8.091,177.9,0.40,AVOID(조향OFF)|LEFT,,1.46,0.70,73.4,-0.2,4262
36.10,-22.266,-8.091,177.9,0.40,AVOID(조향OFF)|LEFT,,1.46,0.70,73.4,-0.3,4262
36.15,-22.312,-8.111,177.8,0.45,AVOID(조향OFF)|LEFT,,1.42,0.70,77.7,-0.4,4246
36.20,-22.312,-8.111,177.8,0.45,AVOID(조향OFF)|LEFT,,1.42,0.70,77.7,-0.3,4246
36.25,-22.360,-8.139,177.8,0.47,AVOID(조향OFF)|LEFT,,1.40,0.70,81.7,-0.2,4246
36.30,-22.360,-8.139,177.8,0.47,AVOID(조향OFF)|LEFT,,1.36,0.70,81.7,-0.3,4262
36.35,-22.405,-8.167,177.7,0.50,AVOID(조향OFF)|LEFT,,1.36,0.70,86.5,-0.3,4214
36.40,-22.405,-8.167,177.7,0.50,AVOID(조향OFF)|LEFT,,1.33,0.70,86.5,-0.3,4246
36.45,-22.449,-8.198,177.6,0.35,AVOID(조향OFF)|LEFT,,1.33,0.70,93.0,-0.3,4262
36.50,-22.449,-8.198,177.6,0.35,AVOID(조향OFF)|LEFT,,1.31,0.70,93.0,-0.3,4246
36.55,-22.498,-8.238,177.6,0.53,AVOID(조향OFF)|LEFT,,1.31,0.70,99.9,-0.3,4246
36.60,-22.498,-8.238,177.5,0.53,AVOID(조향OFF)|LEFT,,1.28,0.70,99.9,-0.3,4230
36.65,-22.545,-8.270,177.5,0.46,AVOID(조향OFF)|LEFT,,1.28,0.70,105.3,-0.3,4246
36.70,-22.545,-8.270,177.4,0.46,AVOID(조향OFF)|LEFT,,1.25,0.70,105.3,0.0,4230
36.75,-22.593,-8.304,177.4,0.46,AVOID(조향OFF)|LEFT,,1.25,0.70,113.7,0.0,4230
36.80,-22.593,-8.304,177.4,0.46,AVOID(조향OFF)|LEFT,,1.22,0.70,113.7,0.0,4214
36.85,-22.645,-8.338,177.3,0.51,AVOID(조향OFF)|LEFT,,1.20,0.70,122.1,-0.0,4214
36.90,-22.645,-8.338,177.3,0.51,AVOID(조향OFF)|LEFT,,1.20,0.70,122.1,0.0,4214
36.95,-22.704,-8.372,177.3,0.56,AVOID(조향OFF)|LEFT,,1.18,0.70,124.7,0.1,4230
37.00,-22.704,-8.372,177.2,0.56,AVOID(조향OFF)|LEFT,,1.18,0.70,124.7,0.2,4198
37.05,-22.748,-8.405,177.2,0.43,AVOID(조향OFF)|LEFT,,1.16,0.70,135.3,-0.0,4230
37.10,-22.748,-8.405,177.1,0.43,AVOID(조향OFF)|LEFT,,1.16,0.70,135.3,0.0,4214
37.15,-22.800,-8.442,177.0,0.50,AVOID(조향OFF)|LEFT,,1.14,0.70,147.3,0.1,4198
37.20,-22.800,-8.442,177.0,0.50,AVOID(조향OFF)|LEFT,,1.14,0.70,147.3,0.5,4137
37.25,-22.858,-8.481,176.9,0.61,AVOID(조향OFF)|LEFT,,1.13,0.70,152.9,0.6,4137
37.30,-22.858,-8.481,176.9,0.61,AVOID(조향OFF)|LEFT,,1.13,0.70,152.9,0.7,4106
37.35,-22.910,-8.520,176.8,0.46,AVOID(조향OFF)|LEFT,,1.11,0.70,158.8,0.7,4167
37.40,-22.910,-8.520,176.9,0.46,AVOID(조향OFF)|LEFT,,1.10,0.70,158.8,0.7,4121
37.45,-22.966,-8.560,176.8,0.49,AVOID(조향OFF)|LEFT,,1.10,0.70,167.5,0.7,4106
37.50,-22.966,-8.560,176.8,0.49,AVOID(조향OFF)|LEFT,,1.09,0.70,167.5,0.6,4106
37.55,-23.028,-8.597,176.7,0.66,AVOID(조향OFF)|LEFT,,1.09,0.70,172.8,0.9,4121
37.60,-23.028,-8.597,176.7,0.66,AVOID(조향OFF)|LEFT,,1.13,0.70,172.8,0.7,4092
37.65,-23.080,-8.640,176.7,0.45,AVOID(조향OFF)|LEFT,,1.13,0.70,177.7,0.6,4121
37.70,-23.080,-8.640,176.7,0.45,CLEAR(조향OFF)|STRAIGHT,,999.00,0.70,177.7,0.7,4106
37.75,-23.139,-8.673,176.6,0.64,CLEAR(조향OFF)|STRAIGHT,,999.00,0.70,181.8,0.7,4106
37.80,-23.139,-8.673,176.6,0.64,CLEAR(조향OFF)|STRAIGHT,,999.00,0.70,181.8,0.7,4106
37.85,-23.197,-8.718,176.6,0.55,CLEAR(조향OFF)|STRAIGHT,,999.00,0.70,184.9,0.8,4092
37.90,-23.197,-8.718,176.6,0.55,CLEAR(조향OFF)|STRAIGHT,,999.00,0.70,184.9,0.7,4106
37.95,-23.257,-8.764,176.6,0.57,CLEAR(조향OFF)|STRAIGHT,,999.00,0.70,184.0,0.7,4092
38.00,-23.257,-8.764,176.6,0.57,CLEAR(조향OFF)|STRAIGHT,,999.00,0.70,184.0,0.8,4106
38.05,-23.314,-8.802,176.6,0.55,CLEAR(조향OFF)|STRAIGHT,,999.00,0.70,182.5,1.0,4062
38.10,-23.314,-8.802,176.6,0.55,CLEAR(조향OFF)|STRAIGHT,,999.00,0.70,182.5,0.9,4077
38.15,-23.377,-8.845,176.6,0.61,CLEAR(조향OFF)|STRAIGHT,,999.00,0.70,188.3,0.9,4047
38.20,-23.377,-8.845,176.6,0.61,CLEAR(조향OFF)|STRAIGHT,,999.00,0.70,188.3,0.9,4077
38.25,-23.436,-8.896,176.5,0.55,CLEAR(조향OFF)|STRAIGHT,,999.00,0.70,190.7,1.0,4062
38.30,-23.436,-8.896,176.5,0.55,CLEAR(조향OFF)|STRAIGHT,,999.00,0.70,190.7,1.5,4004
38.35,-23.496,-8.933,176.5,0.57,CLEAR(조향OFF)|STRAIGHT,,999.00,0.70,194.0,1.4,3990
38.40,-23.496,-8.933,176.5,0.57,CLEAR(조향OFF)|STRAIGHT,,999.00,0.70,194.0,1.6,3990
38.45,-23.564,-8.977,176.4,0.59,CLEAR(조향OFF)|STRAIGHT,,999.00,0.70,194.8,1.5,3962
38.50,-23.564,-8.977,176.5,0.59,CLEAR(조향OFF)|STRAIGHT,,999.00,0.70,194.8,1.5,3990
38.55,-23.629,-9.018,176.5,0.69,CLEAR(조향OFF)|STRAIGHT,,999.00,0.70,196.3,1.5,3948
38.60,-23.629,-9.018,176.5,0.69,CLEAR(조향OFF)|STRAIGHT,,999.00,0.70,196.3,1.5,3976
38.65,-23.701,-9.052,176.5,0.64,CLEAR(조향OFF)|STRAIGHT,,999.00,0.70,194.8,1.5,4004
38.70,-23.701,-9.052,176.5,0.64,CLEAR(조향OFF)|STRAIGHT,,999.00,0.70,194.8,1.5,3976
38.75,-23.767,-9.097,176.5,0.71,CLEAR(조향OFF)|STRAIGHT,,999.00,0.70,194.3,1.5,3962
38.80,-23.767,-9.097,176.6,0.71,AVOID(조향OFF)|LEFT,,1.33,0.70,194.3,1.5,3990
38.85,-23.829,-9.139,176.6,0.59,AVOID(조향OFF)|LEFT,,1.33,0.70,185.2,1.5,3962
38.90,-23.829,-9.139,176.6,0.59,AVOID(조향OFF)|LEFT,,1.27,0.70,185.2,1.4,3976
38.95,-23.895,-9.181,176.6,0.63,AVOID(조향OFF)|LEFT,,1.27,0.70,181.4,1.5,4004
39.00,-23.895,-9.181,176.7,0.63,AVOID(조향OFF)|LEFT,,1.25,0.70,181.4,1.4,3962
39.05,-23.965,-9.227,176.8,0.67,AVOID(조향OFF)|LEFT,,1.25,0.70,172.7,1.4,3976
39.10,-23.965,-9.227,176.8,0.67,AVOID(조향OFF)|LEFT,,1.22,0.70,172.7,1.5,3976
39.15,-24.031,-9.271,176.9,0.64,AVOID(조향OFF)|LEFT,,1.20,0.70,166.2,1.4,3962
39.20,-24.031,-9.271,176.8,0.64,AVOID(조향OFF)|LEFT,,1.20,0.70,166.2,1.5,3962
39.25,-24.099,-9.314,176.9,0.65,AVOID(조향OFF)|LEFT,,1.18,0.70,160.3,1.5,3990
39.30,-24.099,-9.314,177.0,0.65,AVOID(조향OFF)|LEFT,,1.18,0.70,160.3,1.5,3976
39.35,-24.166,-9.365,177.0,0.65,AVOID(조향OFF)|LEFT,,1.17,0.70,153.3,1.5,3962
39.40,-24.166,-9.365,177.0,0.65,AVOID(조향OFF)|LEFT,,1.17,0.70,153.3,1.4,3976
39.45,-24.237,-9.415,177.1,0.62,AVOID(조향OFF)|LEFT,,1.16,0.70,148.5,1.5,3976
39.50,-24.237,-9.415,177.0,0.62,AVOID(조향OFF)|LEFT,,1.16,0.70,148.5,1.4,3976
39.55,-24.304,-9.465,177.0,0.72,CLEAR(조향OFF)|STRAIGHT,,999.00,0.70,145.8,1.5,3976
39.60,-24.304,-9.465,177.0,0.72,CLEAR(조향OFF)|STRAIGHT,,999.00,0.70,145.8,1.4,3976
39.65,-24.370,-9.519,177.0,0.64,CLEAR(조향OFF)|STRAIGHT,,999.00,0.70,148.6,1.5,3976
39.70,-24.370,-9.519,177.0,0.64,CLEAR(조향OFF)|STRAIGHT,,999.00,0.70,148.6,1.5,3976
39.75,-24.450,-9.562,177.0,0.77,CLEAR(조향OFF)|STRAIGHT,,999.00,0.70,146.0,1.4,3976
39.80,-24.450,-9.562,177.1,0.77,CLEAR(조향OFF)|STRAIGHT,,999.00,0.70,146.0,1.5,4004
39.85,-24.521,-9.611,177.2,0.68,CLEAR(조향OFF)|STRAIGHT,,999.00,0.70,140.1,1.5,4004
39.90,-24.521,-9.611,177.2,0.68,CLEAR(조향OFF)|STRAIGHT,,999.00,0.70,140.1,1.4,3962
39.95,-24.591,-9.664,177.2,0.74,CLEAR(조향OFF)|STRAIGHT,,999.00,0.70,132.5,1.5,3962
40.00,-24.591,-9.664,177.2,0.74,CLEAR(조향OFF)|STRAIGHT,,999.00,0.70,132.5,1.5,3962
40.05,-24.661,-9.712,177.3,0.62,CLEAR(조향OFF)|STRAIGHT,,999.00,0.70,123.9,1.4,3990
40.10,-24.661,-9.712,177.3,0.62,CLEAR(조향OFF)|STRAIGHT,,999.00,0.70,123.9,1.4,3962
40.15,-24.734,-9.759,177.4,0.71,CLEAR(조향OFF)|STRAIGHT,,999.00,0.70,121.6,1.4,3962
40.20,-24.734,-9.759,177.4,0.71,CLEAR(조향OFF)|STRAIGHT,,999.00,0.70,121.6,1.5,3948
40.25,-24.809,-9.811,177.4,0.72,CLEAR(조향OFF)|STRAIGHT,,999.00,0.70,117.7,1.5,3976
40.30,-24.809,-9.811,177.4,0.72,CLEAR(조향OFF)|STRAIGHT,,999.00,0.70,117.7,1.5,3976
40.35,-24.881,-9.866,177.4,0.69,CLEAR(조향OFF)|STRAIGHT,,999.00,0.70,113.9,1.4,3990
40.40,-24.881,-9.866,177.4,0.69,CLEAR(조향OFF)|STRAIGHT,,999.00,0.70,113.9,1.3,3948
40.45,-24.951,-9.917,177.5,0.62,CLEAR(조향OFF)|STRAIGHT,,999.00,0.70,111.6,1.3,3948
40.50,-24.951,-9.917,177.5,0.62,CLEAR(조향OFF)|STRAIGHT,,999.00,0.70,111.6,1.5,3962
40.55,-25.029,-9.970,177.5,0.75,CLEAR(조향OFF)|STRAIGHT,,999.00,0.70,106.7,1.5,3948
40.60,-25.029,-9.970,177.6,0.75,CLEAR(조향OFF)|STRAIGHT,,999.00,0.70,106.7,1.5,3962
40.65,-25.094,-10.029,177.6,0.70,CLEAR(조향OFF)|STRAIGHT,,999.00,0.70,97.4,1.5,3990
40.70,-25.094,-10.029,177.6,0.70,CLEAR(조향OFF)|STRAIGHT,,999.00,0.70,97.4,1.5,3962
40.75,-25.173,-10.084,177.7,0.76,CLEAR(조향OFF)|STRAIGHT,,999.00,0.70,92.2,1.5,3962
40.80,-25.173,-10.084,177.7,0.76,CLEAR(조향OFF)|STRAIGHT,,999.00,0.70,92.2,1.5,3962
40.85,-25.256,-10.130,177.8,0.81,AVOID(조향OFF)|LEFT,,1.24,0.70,84.0,1.5,3948
40.90,-25.256,-10.130,177.8,0.81,AVOID(조향OFF)|LEFT,,1.24,0.70,84.0,1.4,3976
40.95,-25.324,-10.181,177.9,0.74,AVOID(조향OFF)|LEFT,,1.21,0.70,76.8,1.5,3990
41.00,-25.324,-10.181,178.0,0.74,AVOID(조향OFF)|LEFT,,1.19,0.70,76.8,1.5,3962
41.05,-25.406,-10.240,178.0,0.72,AVOID(조향OFF)|LEFT,,1.19,0.70,66.7,1.4,3962
41.10,-25.406,-10.240,178.0,0.72,AVOID(조향OFF)|LEFT,,1.18,0.70,66.7,1.5,3934
41.15,-25.481,-10.295,178.1,0.74,AVOID(조향OFF)|LEFT,,1.18,0.70,54.3,1.4,3976
41.20,-25.481,-10.295,178.2,0.74,AVOID(조향OFF)|LEFT,,1.18,0.70,54.3,1.4,3976
41.25,-25.559,-10.346,178.3,0.76,AVOID(조향OFF)|LEFT,,1.18,0.70,43.9,1.5,3962
41.30,-25.559,-10.346,178.3,0.76,CLEAR(조향OFF)|STRAIGHT,,999.00,0.70,43.9,1.5,3976
41.35,-25.635,-10.402,178.3,0.75,CLEAR(조향OFF)|STRAIGHT,,999.00,0.70,39.1,1.4,3948
41.40,-25.635,-10.402,178.4,0.75,CLEAR(조향OFF)|STRAIGHT,,999.00,0.70,39.1,1.5,3962
41.45,-25.713,-10.458,178.4,0.69,CLEAR(조향OFF)|STRAIGHT,,999.00,0.70,29.0,1.4,3948
41.50,-25.713,-10.458,178.4,0.69,CLEAR(조향OFF)|STRAIGHT,,999.00,0.70,29.0,1.5,3962
41.55,-25.787,-10.513,178.5,0.81,CLEAR(조향OFF)|STRAIGHT,,999.00,0.70,26.3,1.4,3962
41.60,-25.787,-10.513,178.5,0.81,CLEAR(조향OFF)|STRAIGHT,,999.00,0.70,26.3,1.5,3962
41.65,-25.866,-10.569,178.5,0.71,CLEAR(조향OFF)|STRAIGHT,,999.00,0.70,25.9,1.5,3962
41.70,-25.866,-10.569,178.5,0.71,CLEAR(조향OFF)|STRAIGHT,,999.00,0.70,25.9,1.5,3976
41.75,-25.946,-10.624,178.6,0.88,CLEAR(조향OFF)|STRAIGHT,,999.00,0.70,7.9,1.4,3962
41.80,-25.946,-10.624,178.6,0.88,CLEAR(조향OFF)|STRAIGHT,,999.00,0.70,7.9,1.5,3976
41.85,-26.015,-10.672,178.7,0.68,CLEAR(조향OFF)|STRAIGHT,,999.00,0.70,8.1,1.5,3962
41.90,-26.015,-10.672,178.7,0.68,CLEAR(조향OFF)|STRAIGHT,,999.00,0.70,8.1,1.5,3976
41.95,-26.092,-10.732,178.8,0.75,CLEAR(조향OFF)|STRAIGHT,,999.00,0.70,-1.0,1.5,3962
42.00,-26.092,-10.732,178.8,0.75,CLEAR(조향OFF)|STRAIGHT,,999.00,0.70,-1.0,1.5,3976
42.05,-26.174,-10.784,178.9,0.81,CLEAR(조향OFF)|STRAIGHT,,999.00,0.70,-10.4,1.5,3976
42.10,-26.174,-10.784,178.9,0.81,CLEAR(조향OFF)|STRAIGHT,,999.00,0.70,-10.4,1.4,3990
42.15,-26.247,-10.843,179.0,0.72,AVOID(조향OFF)|LEFT,,1.33,0.70,-19.2,1.4,3976
42.20,-26.247,-10.843,179.0,0.72,AVOID(조향OFF)|LEFT,,1.33,0.70,-19.2,1.4,3990
42.25,-26.323,-10.905,179.0,0.75,AVOID(조향OFF)|LEFT,,1.29,0.70,-15.9,1.4,3976
42.30,-26.323,-10.905,179.0,0.75,AVOID(조향OFF)|LEFT,,1.25,0.70,-15.9,1.5,3976
42.35,-26.401,-10.961,179.1,0.77,AVOID(조향OFF)|LEFT,,1.25,0.70,-28.8,1.4,3976
42.40,-26.401,-10.961,179.1,0.77,AVOID(조향OFF)|LEFT,,1.22,0.70,-28.8,1.3,3990
42.45,-26.474,-11.017,179.1,0.72,AVOID(조향OFF)|LEFT,,1.22,0.70,-34.6,1.4,3962
42.50,-26.474,-11.017,179.2,0.72,AVOID(조향OFF)|LEFT,,1.19,0.70,-34.6,1.3,3990
42.55,-26.557,-11.075,179.3,0.82,AVOID(조향OFF)|LEFT,,1.19,0.70,-39.5,1.5,3990
42.60,-26.557,-11.075,179.3,0.82,AVOID(조향OFF)|LEFT,,1.17,0.70,-39.5,1.4,3976
42.65,-26.632,-11.128,179.4,0.83,AVOID(조향OFF)|LEFT,,1.17,0.70,-57.2,1.5,3976
42.70,-26.632,-11.128,179.4,0.83,AVOID(조향OFF)|LEFT,,1.15,0.70,-57.2,1.4,3990
42.75,-26.632,-11.128,179.5,0.83,AVOID(조향OFF)|LEFT,,1.15,0.70,-60.6,1.4,3976
42.80,-26.632,-11.128,179.5,0.83,AVOID(조향OFF)|LEFT,,1.15,0.70,-60.6,1.4,3976
42.85,-26.782,-11.249,179.6,0.39,AVOID(조향OFF)|LEFT,,1.15,0.70,-72.0,1.5,3990
42.90,-26.782,-11.249,179.6,0.39,CLEAR(조향OFF)|STRAIGHT,,999.00,0.70,-72.0,1.3,3976
42.95,-26.855,-11.310,179.7,0.72,CLEAR(조향OFF)|STRAIGHT,,999.00,0.70,-77.0,1.4,3990
43.00,-26.855,-11.310,179.7,0.72,CLEAR(조향OFF)|STRAIGHT,,999.00,0.70,-77.0,1.3,3990
43.05,-26.930,-11.366,179.8,0.76,CLEAR(조향OFF)|STRAIGHT,,999.00,0.70,-87.1,1.3,3976
43.10,-26.930,-11.366,179.8,0.76,CLEAR(조향OFF)|STRAIGHT,,999.00,0.70,-87.1,1.4,4018
43.15,-27.007,-11.425,179.8,0.71,CLEAR(조향OFF)|STRAIGHT,,999.00,0.70,-87.1,1.2,4018
43.20,-27.007,-11.425,179.8,0.71,CLEAR(조향OFF)|STRAIGHT,,999.00,0.70,-87.1,0.9,4033
43.25,-27.083,-11.479,179.8,0.76,AVOID(조향OFF)|LEFT,,1.59,0.70,-91.2,0.8,4062
43.30,-27.083,-11.479,179.8,0.76,AVOID(조향OFF)|LEFT,,1.59,0.70,-91.2,0.7,4092
43.35,-27.156,-11.539,179.8,0.73,AVOID(조향OFF)|LEFT,,1.54,0.70,-88.8,0.7,4077
43.40,-27.156,-11.539,179.8,0.73,AVOID(조향OFF)|LEFT,,1.54,0.70,-88.8,0.8,4062
43.45,-27.239,-11.598,179.8,0.75,CLEAR(조향OFF)|STRAIGHT,,999.00,0.70,-87.3,0.8,4062
43.50,-27.239,-11.598,179.8,0.75,CLEAR(조향OFF)|STRAIGHT,,999.00,0.70,-87.3,0.8,4092
43.55,-27.316,-11.656,179.8,0.96,AVOID(조향OFF)|LEFT,,1.41,0.70,-94.1,0.8,4077
43.60,-27.316,-11.656,179.9,0.96,AVOID(조향OFF)|LEFT,,1.36,0.70,-94.1,0.8,4062
43.65,-27.390,-11.712,179.8,0.72,AVOID(조향OFF)|LEFT,,1.36,0.70,-94.1,0.8,4077
43.70,-27.390,-11.712,179.9,0.72,AVOID(조향OFF)|LEFT,,1.31,0.70,-94.1,0.7,4077
43.75,-27.472,-11.770,180.0,0.81,AVOID(조향OFF)|LEFT,,1.31,0.70,-102.4,0.8,4092
43.80,-27.472,-11.770,180.0,0.81,AVOID(조향OFF)|LEFT,,1.27,0.70,-102.4,0.7,4106
43.85,-27.545,-11.826,-180.0,0.73,AVOID(조향OFF)|LEFT,,1.27,0.70,-104.9,0.7,4077
43.90,-27.545,-11.826,-180.0,0.73,AVOID(조향OFF)|LEFT,,1.23,0.70,-104.9,0.8,4062
43.95,-27.624,-11.881,-180.0,0.74,AVOID(조향OFF)|LEFT,,1.23,0.70,-110.8,0.8,4092
44.00,-27.624,-11.881,-180.0,0.74,AVOID(조향OFF)|LEFT,,1.21,0.70,-110.8,0.7,4077
44.05,-27.702,-11.941,-180.0,0.78,AVOID(조향OFF)|LEFT,,1.21,0.70,-105.9,0.8,4077
44.10,-27.702,-11.941,-180.0,0.78,AVOID(조향OFF)|LEFT,,1.18,0.70,-105.9,0.8,4077
44.15,-27.778,-11.999,180.0,0.76,AVOID(조향OFF)|LEFT,,1.18,0.70,-109.4,0.8,4092
44.20,-27.778,-11.999,180.0,0.76,AVOID(조향OFF)|LEFT,,1.16,0.70,-109.4,0.7,4077
44.25,-27.852,-12.059,180.0,0.74,AVOID(조향OFF)|LEFT,,1.15,0.70,-106.8,0.6,4106
44.30,-27.852,-12.059,180.0,0.74,AVOID(조향OFF)|LEFT,,1.15,0.70,-106.8,0.6,4106
44.35,-27.930,-12.118,180.0,0.78,AVOID(조향OFF)|LEFT,,1.17,0.70,-102.0,0.6,4092
44.40,-27.930,-12.118,180.0,0.78,AVOID(조향OFF)|LEFT,,1.17,0.70,-102.0,0.6,4106
44.45,-28.009,-12.180,180.0,0.78,AVOID(조향OFF)|LEFT,,1.79,0.70,-107.6,0.6,4137
44.50,-28.009,-12.180,-180.0,0.78,AVOID(조향OFF)|LEFT,,1.79,0.70,-107.6,0.6,4121
44.55,-28.084,-12.241,-180.0,0.76,AVOID(조향OFF)|LEFT,,1.72,0.70,-107.9,0.6,4106
44.60,-28.084,-12.241,-179.9,0.76,AVOID(조향OFF)|LEFT,,1.72,0.70,-107.9,0.6,4137
44.65,-28.084,-12.241,-179.9,0.76,AVOID(조향OFF)|LEFT,,1.65,0.70,-118.3,0.6,4121
44.70,-28.162,-12.294,-179.9,0.56,AVOID(조향OFF)|LEFT,,1.65,0.70,-118.3,0.6,4092
44.75,-28.162,-12.294,-179.9,0.56,AVOID(조향OFF)|LEFT,,1.59,0.70,-118.3,0.6,4121
44.80,-28.162,-12.294,-179.8,0.56,AVOID(조향OFF)|LEFT,,1.53,0.70,-118.3,0.6,4106
44.85,-28.317,-12.417,-179.8,0.97,AVOID(조향OFF)|LEFT,,1.53,0.70,-119.2,0.6,4106
44.90,-28.317,-12.417,-179.9,0.97,AVOID(조향OFF)|LEFT,,1.47,0.70,-119.2,0.6,4121
44.95,-28.397,-12.469,-179.9,0.80,AVOID(조향OFF)|LEFT,,1.47,0.70,-116.6,0.6,4121
45.00,-28.397,-12.469,-179.9,0.80,AVOID(조향OFF)|LEFT,,1.41,0.70,-116.6,0.6,4092
45.05,-28.473,-12.523,-179.9,0.76,AVOID(조향OFF)|LEFT,,1.41,0.70,-114.5,0.6,4121
45.10,-28.473,-12.523,-179.9,0.76,AVOID(조향OFF)|LEFT,,1.35,0.70,-114.5,0.6,4106
45.15,-28.549,-12.587,-179.9,0.77,AVOID(조향OFF)|LEFT,,1.35,0.70,-113.6,0.6,4106
45.20,-28.549,-12.587,-180.0,0.77,AVOID(조향OFF)|LEFT,,1.31,0.70,-113.6,0.6,4092
45.25,-28.631,-12.644,-179.9,0.82,AVOID(조향OFF)|LEFT,,1.31,0.70,-114.8,0.6,4106
45.30,-28.631,-12.644,-179.9,0.82,AVOID(조향OFF)|LEFT,,1.26,0.70,-114.8,0.6,4092
45.35,-28.702,-12.708,-179.9,0.78,AVOID(조향OFF)|LEFT,,1.26,0.70,-115.7,0.6,4121
45.40,-28.702,-12.708,-179.9,0.78,AVOID(조향OFF)|LEFT,,1.22,0.70,-115.7,0.7,4077
45.45,-28.783,-12.766,-180.0,0.68,AVOID(조향OFF)|LEFT,,1.19,0.70,-110.4,0.6,4121
45.50,-28.783,-12.766,-179.9,0.68,AVOID(조향OFF)|LEFT,,1.19,0.70,-110.4,0.5,4092
45.55,-28.858,-12.822,-179.9,0.75,AVOID(조향OFF)|LEFT,,1.16,0.70,-118.2,0.6,4106
45.60,-28.858,-12.822,-179.9,0.75,AVOID(조향OFF)|LEFT,,1.16,0.70,-118.2,0.6,4106
45.65,-28.935,-12.882,-179.8,0.86,AVOID(조향OFF)|LEFT,,1.13,0.70,-120.7,0.6,4121
45.70,-28.935,-12.882,-179.8,0.86,AVOID(조향OFF)|LEFT,,1.13,0.70,-120.7,0.5,4092
45.75,-29.012,-12.941,-179.8,0.86,AVOID(조향OFF)|LEFT,,1.12,0.70,-124.4,0.6,4137
45.80,-29.012,-12.941,-179.9,0.86,AVOID(조향OFF)|LEFT,,1.12,0.70,-124.4,0.7,4077
45.85,-29.084,-12.994,-179.9,0.65,AVOID(조향OFF)|LEFT,,1.11,0.70,-116.4,0.6,4106
45.90,-29.084,-12.994,-179.8,0.65,AVOID(조향OFF)|LEFT,,1.11,0.70,-116.4,0.6,4106
45.95,-29.152,-13.064,-179.8,0.68,AVOID(조향OFF)|LEFT,,1.83,0.70,-120.1,0.6,4106
46.00,-29.152,-13.064,-179.9,0.68,AVOID(조향OFF)|LEFT,,1.83,0.70,-120.1,0.6,4092
46.05,-29.232,-13.114,-179.9,0.81,AVOID(조향OFF)|LEFT,,1.77,0.70,-118.1,0.6,4121
46.10,-29.232,-13.114,-179.9,0.81,AVOID(조향OFF)|LEFT,,1.77,0.70,-118.1,0.5,4092
46.15,-29.306,-13.178,-179.9,0.74,AVOID(조향OFF)|LEFT,,1.70,0.70,-118.5,0.6,4106
46.20,-29.306,-13.178,-179.8,0.74,AVOID(조향OFF)|LEFT,,1.63,0.70,-118.5,0.7,4121
46.25,-29.384,-13.242,-179.8,0.87,AVOID(조향OFF)|LEFT,,1.63,0.70,-123.1,0.6,4106
46.30,-29.384,-13.242,-179.9,0.87,AVOID(조향OFF)|LEFT,,1.57,0.70,-123.1,0.6,4106
46.35,-29.460,-13.292,-179.9,0.76,AVOID(조향OFF)|LEFT,,1.57,0.70,-115.5,0.7,4106
46.40,-29.460,-13.292,-179.8,0.76,AVOID(조향OFF)|LEFT,,1.51,0.70,-115.5,0.6,4106
46.45,-29.535,-13.353,-179.9,0.69,AVOID(조향OFF)|LEFT,,1.51,0.70,-120.8,0.6,4106
46.50,-29.535,-13.353,-179.8,0.69,AVOID(조향OFF)|LEFT,,1.45,0.70,-120.8,0.6,4137
46.55,-29.623,-13.406,-179.8,0.88,AVOID(조향OFF)|LEFT,,1.45,0.70,-122.2,0.6,4121
46.60,-29.623,-13.406,-179.9,0.88,AVOID(조향OFF)|LEFT,,1.39,0.70,-122.2,0.6,4092
46.65,-29.705,-13.463,-179.9,0.82,AVOID(조향OFF)|LEFT,,1.39,0.70,-117.5,0.6,4106
46.70,-29.705,-13.463,-179.9,0.82,AVOID(조향OFF)|LEFT,,1.34,0.70,-117.5,0.6,4106
46.75,-29.779,-13.523,-180.0,0.74,AVOID(조향OFF)|LEFT,,1.29,0.70,-111.7,0.6,4106
46.80,-29.779,-13.523,-180.0,0.74,AVOID(조향OFF)|LEFT,,1.29,0.70,-111.7,0.6,4121
46.85,-29.855,-13.587,-180.0,0.76,AVOID(조향OFF)|LEFT,,1.25,0.70,-109.7,0.5,4106
46.90,-29.855,-13.587,-180.0,0.76,AVOID(조향OFF)|LEFT,,1.25,0.70,-109.7,0.6,4106
46.95,-29.932,-13.649,180.0,0.77,AVOID(조향OFF)|LEFT,,1.21,0.70,-104.0,0.6,4092
47.00,-29.932,-13.649,180.0,0.77,AVOID(조향OFF)|LEFT,,1.21,0.70,-104.0,0.6,4106
47.05,-30.009,-13.709,-143.2,0.77,AVOID(조향OFF)|LEFT,,1.17,0.70,-108.4,0.7,4121
47.10,-30.009,-13.709,-143.2,0.77,AVOID(조향OFF)|LEFT,,1.17,0.70,-108.4,0.6,4106
47.15,-30.089,-13.765,-143.2,1.08,AVOID(조향OFF)|LEFT,,1.14,0.00,0.0,0.6,4137
47.20,-30.089,-13.765,-143.2,1.08,AVOID(조향OFF)|LEFT,,1.14,0.00,0.0,0.6,4121
47.25,-30.169,-13.824,-143.2,1.00,AVOID(조향OFF)|LEFT,,1.12,0.00,0.0,0.6,4092
47.30,-30.169,-13.824,-143.1,1.00,AVOID(조향OFF)|LEFT,,1.10,0.00,0.0,0.6,4121
47.35,-30.245,-13.887,-143.1,0.90,AVOID(조향OFF)|LEFT,,1.10,0.00,0.0,0.6,4092
47.40,-30.245,-13.887,-143.2,0.90,AVOID(조향OFF)|LEFT,,1.09,0.00,0.0,0.6,4121
47.45,-30.325,-13.945,-143.1,0.89,AVOID(조향OFF)|LEFT,,1.09,0.00,0.0,0.6,4092
47.50,-30.325,-13.945,-143.1,0.89,AVOID(조향OFF)|LEFT,,1.82,0.00,0.0,0.6,4106
47.55,-30.398,-14.001,-143.1,1.03,AVOID(조향OFF)|LEFT,,1.82,0.00,0.0,0.7,4121
47.60,-30.398,-14.001,-143.1,1.03,AVOID(조향OFF)|RIGHT,,1.76,0.00,0.0,0.6,4092
47.65,-30.458,-14.051,-143.1,0.71,AVOID(조향OFF)|RIGHT,,1.76,0.00,0.0,0.6,4106
47.70,-30.458,-14.051,-143.1,0.71,AVOID(조향OFF)|RIGHT,,1.71,0.00,0.0,0.6,4121
47.75,-30.524,-14.095,-143.2,0.88,AVOID(조향OFF)|RIGHT,,1.71,0.00,0.0,0.6,4106
47.80,-30.524,-14.095,-143.2,0.88,AVOID(조향OFF)|RIGHT,,1.66,0.00,0.0,0.6,4121
47.85,-30.581,-14.140,-143.1,0.73,AVOID(조향OFF)|RIGHT,,1.66,0.00,0.0,0.6,4121
47.90,-30.581,-14.140,-143.2,0.73,AVOID(조향OFF)|RIGHT,,1.61,0.00,0.0,0.6,4106
47.95,-30.638,-14.186,-143.2,0.73,AVOID(조향OFF)|RIGHT,,1.57,0.00,0.0,0.6,4106
48.00,-30.638,-14.186,-143.2,0.73,AVOID(조향OFF)|RIGHT,,1.57,0.00,0.0,0.6,4121
48.05,-30.693,-14.221,-143.2,0.72,AVOID(조향OFF)|RIGHT,,1.53,0.00,0.0,0.6,4106
48.10,-30.693,-14.221,-143.2,0.72,AVOID(조향OFF)|RIGHT,,1.53,0.00,0.0,0.6,4121
48.15,-30.740,-14.255,-143.2,0.52,AVOID(조향OFF)|RIGHT,,1.49,0.00,0.0,0.6,4106
48.20,-30.740,-14.255,-143.2,0.52,AVOID(조향OFF)|RIGHT,,1.49,0.00,0.0,0.6,4106
48.25,-30.786,-14.288,-143.2,0.57,AVOID(조향OFF)|RIGHT,,1.46,0.00,0.0,0.6,4106
48.30,-30.786,-14.288,-143.3,0.57,AVOID(조향OFF)|RIGHT,,1.46,0.00,0.0,0.7,4106
48.35,-30.826,-14.311,-143.3,0.46,AVOID(조향OFF)|RIGHT,,1.43,0.00,0.0,0.6,4121
48.40,-30.826,-14.311,-143.3,0.46,AVOID(조향OFF)|RIGHT,,1.43,0.00,0.0,0.6,4106
48.45,-30.861,-14.344,-143.3,0.43,AVOID(조향OFF)|RIGHT,,1.41,0.00,0.0,0.6,4106
48.50,-30.861,-14.344,-143.2,0.43,AVOID(조향OFF)|RIGHT,,1.38,0.00,0.0,0.6,4121
48.55,-30.893,-14.371,-143.3,0.47,AVOID(조향OFF)|RIGHT,,1.38,0.25,-509.5,0.6,4106
48.60,-30.893,-14.371,-143.3,0.47,AVOID(조향OFF)|RIGHT,,1.36,0.25,-515.9,0.6,4121
48.65,-30.926,-14.390,-143.3,0.38,AVOID(조향OFF)|RIGHT,,1.36,0.25,-515.0,0.6,4121
48.70,-30.926,-14.390,-143.2,0.38,AVOID(조향OFF)|RIGHT,,1.34,0.25,-565.0,-0.9,4262
48.75,-30.952,-14.412,-143.3,0.34,AVOID(조향OFF)|RIGHT,,1.34,0.25,-566.7,-2.2,4378
48.80,-30.952,-14.412,-143.4,0.34,AVOID(조향OFF)|RIGHT,,1.33,0.25,-599.7,-3.6,4555
48.85,-30.978,-14.433,-143.4,0.33,AVOID(조향OFF)|RIGHT,,1.33,0.25,-596.9,-4.7,4650
48.90,-30.978,-14.433,-143.5,0.33,AVOID(조향OFF)|RIGHT,,1.32,0.25,-622.0,-5.5,4728
48.95,-31.002,-14.446,-143.6,0.30,AVOID(조향OFF)|RIGHT,,1.32,0.25,-620.7,-6.0,4768
49.00,-31.002,-14.446,-143.7,0.30,AVOID(조향OFF)|RIGHT,,1.30,0.25,-638.8,-6.2,4808
49.05,-31.027,-14.462,-143.9,0.29,AVOID(조향OFF)|RIGHT,,1.29,0.25,-633.5,-6.4,4808
49.10,-31.027,-14.462,-144.0,0.29,AVOID(조향OFF)|RIGHT,,1.29,0.25,-644.3,-6.7,4829
49.15,-31.060,-14.484,-144.2,0.36,AVOID(조향OFF)|RIGHT,,1.27,0.25,-641.3,-6.9,4871
49.20,-31.060,-14.484,-144.4,0.36,AVOID(조향OFF)|RIGHT,,1.27,0.25,-622.6,-6.9,4871
49.25,-31.092,-14.507,-144.6,0.40,AVOID(조향OFF)|RIGHT,,1.26,0.25,-613.4,-6.9,4871
49.30,-31.092,-14.507,-144.7,0.40,AVOID(조향OFF)|RIGHT,,1.26,0.25,-610.4,-6.9,4871
49.35,-31.127,-14.531,-145.0,0.46,AVOID(조향OFF)|RIGHT,,1.25,0.25,-607.0,-6.9,4871
49.40,-31.127,-14.531,-145.2,0.46,AVOID(조향OFF)|RIGHT,,1.25,0.25,-584.5,-7.0,4871
49.45,-31.165,-14.555,-145.5,0.38,AVOID(조향OFF)|RIGHT,,1.24,0.25,-575.9,-7.4,4892
49.50,-31.165,-14.555,-145.6,0.38,AVOID(조향OFF)|RIGHT,,1.24,0.25,-635.7,-7.6,4913
49.55,-31.208,-14.581,-146.0,0.56,AVOID(조향OFF)|RIGHT,,1.23,0.25,-627.8,-7.6,4913
49.60,-31.208,-14.581,-146.2,0.56,AVOID(조향OFF)|RIGHT,,1.22,0.25,-542.9,-7.6,4913
49.65,-31.250,-14.609,-146.5,0.50,AVOID(조향OFF)|RIGHT,,1.22,0.25,-535.3,-7.5,4913
49.70,-31.250,-14.609,-146.7,0.50,AVOID(조향OFF)|RIGHT,,1.22,0.25,-406.4,-7.6,4913
49.75,-31.301,-14.632,-147.1,0.56,AVOID(조향OFF)|RIGHT,,1.22,0.25,-324.4,-7.6,4913
49.80,-31.301,-14.632,-147.3,0.56,AVOID(조향OFF)|RIGHT,,1.21,0.25,-302.5,-7.6,4935
49.85,-31.350,-14.663,-147.7,0.58,AVOID(조향OFF)|RIGHT,,1.21,0.25,-295.0,-7.6,4913
49.90,-31.350,-14.663,-147.9,0.58,CLEAR(조향OFF)|STRAIGHT,,999.00,0.25,-286.1,-7.6,4935
49.95,-31.398,-14.694,-148.3,0.64,CLEAR(조향OFF)|STRAIGHT,,999.00,0.30,-279.6,-7.5,4935
50.00,-31.398,-14.694,-148.5,0.64,CLEAR(조향OFF)|STRAIGHT,,999.00,0.35,-261.6,-7.6,4913
50.05,-31.450,-14.727,-148.8,0.56,CLEAR(조향OFF)|STRAIGHT,,999.00,0.40,-252.9,-6.7,4892
50.10,-31.450,-14.727,-149.1,0.56,CLEAR(조향OFF)|STRAIGHT,,999.00,0.45,-276.5,-6.3,4850
50.15,-31.506,-14.758,-149.4,0.64,CLEAR(조향OFF)|STRAIGHT,,999.00,0.50,-266.8,-6.2,4850
50.20,-31.506,-14.758,-149.6,0.64,CLEAR(조향OFF)|STRAIGHT,,999.00,0.55,-240.3,-6.3,4850
50.25,-31.569,-14.777,-150.0,0.71,CLEAR(조향OFF)|STRAIGHT,,999.00,0.60,-232.3,-6.3,4871
50.30,-31.569,-14.777,-150.2,0.71,CLEAR(조향OFF)|STRAIGHT,,999.00,0.63,-193.7,-6.3,4850
50.35,-31.626,-14.806,-150.6,0.58,CLEAR(조향OFF)|STRAIGHT,,999.00,0.63,-185.3,-5.8,4808
50.40,-31.626,-14.806,-150.7,0.58,CLEAR(조향OFF)|STRAIGHT,,999.00,0.63,-210.5,-5.7,4829
50.45,-31.689,-14.838,-151.1,0.64,CLEAR(조향OFF)|STRAIGHT,,999.00,0.63,-204.2,-5.7,4808
50.50,-31.689,-14.838,-151.3,0.64,CLEAR(조향OFF)|STRAIGHT,,999.00,0.63,-75.3,-5.8,4788
50.55,-31.752,-14.867,-151.7,0.77,CLEAR(조향OFF)|STRAIGHT,,999.00,0.61,-36.8,-5.8,4808
50.60,-31.752,-14.867,-151.8,0.77,CLEAR(조향OFF)|STRAIGHT,,999.00,0.61,-0.5,-5.7,4808
50.65,-31.814,-14.899,-152.2,0.71,CLEAR(조향OFF)|STRAIGHT,,999.00,0.61,5.2,-5.0,4768
50.70,-31.814,-14.899,-152.4,0.71,CLEAR(조향OFF)|STRAIGHT,,999.00,0.61,15.2,-4.3,4708
50.75,-31.879,-14.930,-152.7,0.79,CLEAR(조향OFF)|STRAIGHT,,999.00,0.61,21.1,-3.3,4650
50.80,-31.879,-14.930,-152.8,0.79,CLEAR(조향OFF)|STRAIGHT,,999.00,0.61,47.5,-2.9,4593
50.85,-31.942,-14.968,-153.1,0.67,CLEAR(조향OFF)|STRAIGHT,,999.00,0.61,51.6,-2.7,4593
50.90,-31.942,-14.968,-153.2,0.67,CLEAR(조향OFF)|STRAIGHT,,999.00,0.61,45.4,-2.4,4519
50.95,-32.012,-14.997,-153.4,0.76,CLEAR(조향OFF)|STRAIGHT,,999.00,0.61,49.7,-2.4,4537
51.00,-32.012,-14.997,-153.5,0.76,CLEAR(조향OFF)|STRAIGHT,,999.00,0.61,83.9,-2.0,4501
51.05,-32.078,-15.036,-153.7,0.76,CLEAR(조향OFF)|STRAIGHT,,999.00,0.61,88.3,-1.7,4465
51.10,-32.078,-15.036,-153.8,0.76,AVOID(조향OFF)|LEFT,,3.87,0.61,97.4,-1.7,4447
51.15,-32.152,-15.069,-154.0,0.82,AVOID(조향OFF)|LEFT,,3.87,0.61,100.9,-1.6,4430
51.20,-32.152,-15.069,-154.1,0.82,AVOID(조향OFF)|LEFT,,3.75,0.61,179.3,-1.1,4378
51.25,-32.223,-15.107,-154.2,0.81,AVOID(조향OFF)|LEFT,,3.63,0.56,182.1,-0.9,4361
51.30,-32.223,-15.107,-154.4,0.81,AVOID(조향OFF)|LEFT,,3.63,0.56,196.8,-0.4,4311
51.35,-32.300,-15.137,-154.5,0.82,AVOID(조향OFF)|LEFT,,3.54,0.56,202.3,0.1,4278
51.40,-32.300,-15.137,-154.4,0.82,AVOID(조향OFF)|LEFT,,3.54,0.56,226.4,0.5,4183
51.45,-32.372,-15.175,-154.5,0.74,AVOID(조향OFF)|LEFT,,3.40,0.56,225.9,0.7,4152
51.50,-32.372,-15.175,-154.5,0.74,AVOID(조향OFF)|LEFT,,3.40,0.56,238.1,0.9,4121
51.55,-32.445,-15.218,-154.4,0.94,AVOID(조향OFF)|LEFT,,3.34,0.56,239.8,1.2,4092
51.60,-32.445,-15.218,-154.4,0.94,AVOID(조향OFF)|LEFT,,3.34,0.56,254.0,1.5,4018
51.65,-32.521,-15.249,-154.4,0.82,AVOID(조향OFF)|LEFT,,3.30,0.56,254.4,2.0,3976
51.70,-32.521,-15.249,-154.3,0.82,AVOID(조향OFF)|LEFT,,3.30,0.56,273.0,2.2,3907
51.75,-32.597,-15.285,-154.2,0.84,AVOID(조향OFF)|LEFT,,3.22,0.56,270.8,2.1,3880
51.80,-32.597,-15.285,-154.2,0.84,AVOID(조향OFF)|LEFT,,3.26,0.56,293.0,2.2,3907
51.85,-32.680,-15.322,-154.0,0.91,AVOID(조향OFF)|LEFT,,3.26,0.53,291.9,2.1,3907
51.90,-32.680,-15.322,-154.0,0.91,AVOID(조향OFF)|LEFT,,3.21,0.53,310.6,2.2,3867
51.95,-32.763,-15.359,-154.0,0.91,AVOID(조향OFF)|LEFT,,3.21,0.53,309.6,2.1,3893
52.00,-32.763,-15.359,-153.9,0.91,AVOID(조향OFF)|LEFT,,3.17,0.53,335.1,2.1,3880
52.05,-32.840,-15.410,-153.8,0.91,AVOID(조향OFF)|LEFT,,3.17,0.53,332.3,2.1,3880
52.10,-32.840,-15.410,-153.8,0.91,AVOID(조향OFF)|LEFT,,3.12,0.53,344.0,2.2,3880
52.15,-32.920,-15.448,-153.7,0.89,AVOID(조향OFF)|LEFT,,3.12,0.53,343.2,2.8,3801
52.20,-32.920,-15.448,-153.6,0.89,AVOID(조향OFF)|LEFT,,3.13,0.53,369.1,3.3,3713
52.25,-33.007,-15.484,-153.5,0.94,AVOID(조향OFF)|LEFT,,3.13,0.53,367.5,3.7,3677
52.30,-33.007,-15.484,-153.4,0.94,AVOID(조향OFF)|LEFT,,3.08,0.53,398.8,3.6,3677
52.35,-33.092,-15.533,-153.1,0.97,AVOID(조향OFF)|LEFT,,3.08,0.53,395.1,3.6,3641
52.40,-33.092,-15.533,-153.0,0.97,AVOID(조향OFF)|LEFT,,3.06,0.53,379.6,3.7,3653
52.45,-33.167,-15.577,-152.8,0.79,AVOID(조향OFF)|LEFT,,3.09,0.48,376.6,4.2,3572
52.50,-33.167,-15.577,-152.7,0.79,AVOID(조향OFF)|LEFT,,3.09,0.48,397.9,4.4,3538
52.55,-33.251,-15.620,-152.3,1.04,AVOID(조향OFF)|LEFT,,3.09,0.48,392.1,4.5,3538
52.60,-33.251,-15.620,-152.2,1.04,AVOID(조향OFF)|LEFT,,3.09,0.48,399.8,4.5,3538
52.65,-33.332,-15.664,-151.9,0.93,AVOID(조향OFF)|LEFT,,3.20,0.48,394.6,4.7,3505
52.70,-33.332,-15.664,-151.7,0.93,AVOID(조향OFF)|LEFT,,3.20,0.48,420.8,4.8,3483
52.75,-33.422,-15.710,-151.4,1.01,AVOID(조향OFF)|LEFT,,3.22,0.48,413.6,4.8,3462
52.80,-33.422,-15.710,-151.2,1.01,AVOID(조향OFF)|LEFT,,3.22,0.48,436.5,4.8,3473
52.85,-33.502,-15.757,-150.9,0.92,AVOID(조향OFF)|LEFT,,3.32,0.48,431.6,4.8,3462
52.90,-33.502,-15.757,-150.6,0.92,AVOID(조향OFF)|LEFT,,3.32,0.48,409.3,5.0,3473
52.95,-33.587,-15.808,-150.3,1.10,AVOID(조향OFF)|LEFT,,3.40,0.44,400.7,4.9,3462
53.00,-33.587,-15.808,-150.2,1.10,AVOID(조향OFF)|LEFT,,3.54,0.44,411.5,4.8,3462
53.05,-33.675,-15.852,-149.8,0.89,AVOID(조향OFF)|LEFT,,3.54,0.44,405.4,4.8,3451
53.10,-33.675,-15.852,-149.6,0.89,AVOID(조향OFF)|LEFT,,3.69,0.44,439.2,5.0,3441
53.15,-33.764,-15.906,-149.2,1.04,AVOID(조향OFF)|LEFT,,3.69,0.44,433.7,5.1,3410
53.20,-33.764,-15.906,-149.0,1.04,AVOID(조향OFF)|LEFT,,3.88,0.44,448.0,5.1,3420
53.25,-33.846,-15.962,-148.6,0.99,AVOID(조향OFF)|LEFT,,3.88,0.44,440.2,5.2,3430
53.30,-33.846,-15.962,-148.5,0.99,CLEAR(조향OFF)|STRAIGHT,,999.00,0.44,461.9,5.0,3410
53.35,-33.928,-16.024,-148.1,1.02,CLEAR(조향OFF)|STRAIGHT,,999.00,0.44,456.6,5.2,3410
53.40,-33.928,-16.024,-148.0,1.02,CLEAR(조향OFF)|STRAIGHT,,999.00,0.44,421.2,5.1,3420
53.45,-34.009,-16.076,-147.5,0.87,CLEAR(조향OFF)|STRAIGHT,,999.00,0.40,416.4,5.2,3410
53.50,-34.009,-16.076,-147.4,0.87,CLEAR(조향OFF)|STRAIGHT,,999.00,0.40,438.6,5.1,3399
53.55,-34.093,-16.133,-147.0,1.12,CLEAR(조향OFF)|STRAIGHT,,999.00,0.40,432.4,5.2,3430
53.60,-34.093,-16.133,-146.8,1.12,CLEAR(조향OFF)|STRAIGHT,,999.00,0.40,438.8,5.1,3410
53.65,-34.173,-16.192,-146.4,0.99,CLEAR(조향OFF)|STRAIGHT,,999.00,0.40,432.2,5.0,3399
53.70,-34.173,-16.192,-146.3,0.99,CLEAR(조향OFF)|STRAIGHT,,999.00,0.40,460.1,5.2,3420
53.75,-34.260,-16.244,-145.9,1.02,CLEAR(조향OFF)|STRAIGHT,,999.00,0.40,454.5,5.6,3349
53.80,-34.260,-16.244,-145.7,1.02,CLEAR(조향OFF)|STRAIGHT,,999.00,0.40,483.4,5.7,3339
53.85,-34.336,-16.313,-145.2,1.01,CLEAR(조향OFF)|STRAIGHT,,999.00,0.40,474.5,5.7,3329
53.90,-34.336,-16.313,-145.1,1.01,CLEAR(조향OFF)|STRAIGHT,,999.00,0.40,437.4,5.7,3329
53.95,-34.336,-16.313,-144.6,1.01,CLEAR(조향OFF)|STRAIGHT,,999.00,0.37,431.8,6.4,3252
54.00,-34.417,-16.389,-144.4,0.79,CLEAR(조향OFF)|STRAIGHT,,999.00,0.37,415.5,6.5,3233
54.05,-34.417,-16.389,-143.8,0.79,CLEAR(조향OFF)|STRAIGHT,,999.00,0.37,440.4,6.5,3224
54.10,-34.417,-16.389,-143.5,0.79,CLEAR(조향OFF)|STRAIGHT,,999.00,0.37,418.1,6.5,3233
54.15,-34.580,-16.523,-143.0,1.32,CLEAR(조향OFF)|STRAIGHT,,999.00,0.37,410.2,6.5,3205
54.20,-34.580,-16.523,-142.7,1.32,CLEAR(조향OFF)|STRAIGHT,,999.00,0.37,438.3,6.5,3224
54.25,-34.658,-16.592,-142.1,1.04,CLEAR(조향OFF)|STRAIGHT,,999.00,0.37,427.8,6.5,3224
54.30,-34.658,-16.592,-141.8,1.04,CLEAR(조향OFF)|STRAIGHT,,999.00,0.37,447.9,6.5,3215
54.35,-34.739,-16.657,-141.2,1.15,CLEAR(조향OFF)|STRAIGHT,,999.00,0.37,436.9,6.5,3205
54.40,-34.739,-16.657,-141.0,1.15,CLEAR(조향OFF)|STRAIGHT,,999.00,0.37,417.9,6.5,3205
54.45,-34.822,-16.726,-140.4,0.90,CLEAR(조향OFF)|STRAIGHT,,999.00,0.35,409.1,6.5,3196
54.50,-34.822,-16.726,-140.2,0.90,CLEAR(조향OFF)|STRAIGHT,,999.00,0.35,429.9,6.5,3233
54.55,-34.902,-16.795,-139.6,1.17,CLEAR(조향OFF)|STRAIGHT,,999.00,0.35,421.4,6.5,3205
54.60,-34.902,-16.795,-139.4,1.17,CLEAR(조향OFF)|STRAIGHT,,999.00,0.35,428.9,6.5,3205
54.65,-34.972,-16.871,-138.9,1.03,CLEAR(조향OFF)|STRAIGHT,,999.00,0.35,420.3,6.5,3196
54.70,-34.972,-16.871,-138.6,1.03,CLEAR(조향OFF)|STRAIGHT,,999.00,0.35,431.8,6.5,3196
54.75,-35.056,-16.947,-138.1,1.13,CLEAR(조향OFF)|STRAIGHT,,999.00,0.35,422.5,6.6,3196
54.80,-35.056,-16.947,-137.8,1.13,CLEAR(조향OFF)|STRAIGHT,,999.00,0.35,439.4,6.5,3205
54.85,-35.132,-17.015,-137.4,1.01,CLEAR(조향OFF)|STRAIGHT,,999.00,0.35,429.3,6.5,3205
54.90,-35.132,-17.015,-137.1,1.01,CLEAR(조향OFF)|STRAIGHT,,999.00,0.35,430.6,6.5,3196
54.95,-35.201,-17.085,-136.6,0.98,CLEAR(조향OFF)|STRAIGHT,,999.00,0.33,420.2,6.5,3196
55.00,-35.201,-17.085,-136.3,0.98,CLEAR(조향OFF)|STRAIGHT,,999.00,0.33,432.7,6.5,3215
55.05,-35.280,-17.163,-135.7,1.11,CLEAR(조향OFF)|STRAIGHT,,999.00,0.33,422.3,6.5,3187
55.10,-35.280,-17.163,-135.4,1.11,CLEAR(조향OFF)|STRAIGHT,,999.00,0.33,438.0,6.5,3215
55.15,-35.346,-17.239,-134.9,1.01,CLEAR(조향OFF)|STRAIGHT,,999.00,0.33,426.6,6.5,3215
55.20,-35.346,-17.239,-134.6,1.01,CLEAR(조향OFF)|STRAIGHT,,999.00,0.33,437.8,6.5,3187
55.25,-35.346,-17.239,-134.2,1.01,CLEAR(조향OFF)|STRAIGHT,,999.00,0.33,428.4,6.5,3196
55.30,-35.420,-17.322,-133.8,0.79,CLEAR(조향OFF)|STRAIGHT,,999.00,0.33,411.3,6.5,3224
55.35,-35.420,-17.322,-133.3,0.79,CLEAR(조향OFF)|STRAIGHT,,999.00,0.33,434.5,6.5,3187
55.40,-35.420,-17.322,-133.1,0.79,CLEAR(조향OFF)|STRAIGHT,,999.00,0.33,411.5,6.5,3205
55.45,-35.559,-17.490,-132.6,1.28,CLEAR(조향OFF)|STRAIGHT,,999.00,0.33,400.4,6.5,3196
55.50,-35.559,-17.490,-132.2,1.28,CLEAR(조향OFF)|STRAIGHT,,999.00,0.33,448.4,6.5,3196
55.55,-35.628,-17.578,-131.7,1.24,CLEAR(조향OFF)|STRAIGHT,,999.00,0.31,436.4,6.5,3205
55.60,-35.628,-17.578,-131.3,1.24,CLEAR(조향OFF)|STRAIGHT,,999.00,0.31,449.5,6.5,3196
55.65,-35.700,-17.658,-130.8,0.98,CLEAR(조향OFF)|STRAIGHT,,999.00,0.31,436.4,6.5,3178
55.70,-35.700,-17.658,-130.5,0.98,CLEAR(조향OFF)|STRAIGHT,,999.00,0.31,452.9,6.5,3196
55.75,-35.768,-17.737,-129.9,1.04,CLEAR(조향OFF)|STRAIGHT,,999.00,0.31,441.6,6.5,3205
55.80,-35.768,-17.737,-129.6,1.04,CLEAR(조향OFF)|STRAIGHT,,999.00,0.31,456.0,6.7,3178
55.85,-35.833,-17.824,-129.0,1.20,CLEAR(조향OFF)|STRAIGHT,,999.00,0.31,446.6,6.8,3169
55.90,-35.833,-17.824,-128.8,1.20,CLEAR(조향OFF)|STRAIGHT,,999.00,0.31,464.3,6.9,3152
55.95,-35.895,-17.920,-128.1,1.28,CLEAR(조향OFF)|STRAIGHT,,999.00,0.31,456.3,6.8,3160
56.00,-35.895,-17.920,-127.8,1.28,CLEAR(조향OFF)|STRAIGHT,,999.00,0.31,470.5,6.8,3152
56.05,-35.955,-18.013,-127.3,1.00,CLEAR(조향OFF)|STRAIGHT,,999.00,0.31,460.9,6.8,3152
56.10,-35.955,-18.013,-126.9,1.00,CLEAR(조향OFF)|STRAIGHT,,999.00,0.31,463.3,6.8,3160
56.15,-36.018,-18.108,-126.4,1.26,CLEAR(조향OFF)|STRAIGHT,,999.00,0.31,451.4,6.8,3143
56.20,-36.018,-18.108,-126.1,1.26,CLEAR(조향OFF)|STRAIGHT,,999.00,0.31,479.6,6.8,3169
56.25,-36.077,-18.199,-125.5,1.08,CLEAR(조향OFF)|STRAIGHT,,999.00,0.31,469.8,6.8,3169
56.30,-36.077,-18.199,-125.2,1.08,CLEAR(조향OFF)|STRAIGHT,,999.00,0.31,480.1,6.8,3160
56.35,-36.135,-18.290,-124.5,0.98,CLEAR(조향OFF)|STRAIGHT,,999.00,0.30,468.8,6.8,3169
56.40,-36.135,-18.290,-124.2,0.98,CLEAR(조향OFF)|STRAIGHT,,999.00,0.30,480.3,6.8,3169
56.45,-36.193,-18.382,-123.5,1.00,CLEAR(조향OFF)|STRAIGHT,,999.00,0.30,470.2,7.0,3125
56.50,-36.193,-18.382,-123.1,1.00,CLEAR(조향OFF)|STRAIGHT,,999.00,0.30,484.4,7.1,3134
56.55,-36.248,-18.485,-122.5,1.29,CLEAR(조향OFF)|STRAIGHT,,999.00,0.30,471.5,7.1,3134
56.60,-36.248,-18.485,-122.1,1.29,CLEAR(조향OFF)|STRAIGHT,,999.00,0.30,498.9,7.1,3134
56.65,-36.306,-18.581,-121.5,1.13,CLEAR(조향OFF)|STRAIGHT,,999.00,0.30,487.3,7.1,3134
56.70,-36.306,-18.581,-121.2,1.13,CLEAR(조향OFF)|STRAIGHT,,999.00,0.30,505.9,7.1,3134
56.75,-36.357,-18.679,-120.6,1.11,CLEAR(조향OFF)|STRAIGHT,,999.00,0.30,495.6,7.1,3100
56.80,-36.357,-18.679,-120.2,1.11,CLEAR(조향OFF)|STRAIGHT,,999.00,0.30,511.4,7.1,3125
56.85,-36.408,-18.784,-119.6,1.16,CLEAR(조향OFF)|STRAIGHT,,999.00,0.30,500.4,7.1,3125
56.90,-36.408,-18.784,-119.3,1.16,CLEAR(조향OFF)|STRAIGHT,,999.00,0.30,522.9,7.1,3117
56.95,-36.454,-18.889,-118.7,1.15,CLEAR(조향OFF)|STRAIGHT,,999.00,0.30,512.0,7.1,3134
57.00,-36.454,-18.889,-118.3,1.15,CLEAR(조향OFF)|STRAIGHT,,999.00,0.30,528.6,7.1,3134
57.05,-36.502,-18.995,-117.6,1.29,CLEAR(조향OFF)|STRAIGHT,,999.00,0.30,516.0,7.5,3057
57.10,-36.502,-18.995,-117.2,1.29,CLEAR(조향OFF)|STRAIGHT,,999.00,0.30,545.3,7.5,3066
57.15,-36.544,-19.105,-116.5,1.06,CLEAR(조향OFF)|STRAIGHT,,999.00,0.30,534.4,7.5,3066
57.20,-36.544,-19.105,-116.0,1.06,CLEAR(조향OFF)|STRAIGHT,,999.00,0.30,537.2,7.6,3049
57.25,-36.586,-19.214,-115.3,1.17,CLEAR(조향OFF)|STRAIGHT,,999.00,0.30,522.3,7.5,2953
57.30,-36.586,-19.214,-115.0,1.17,CLEAR(조향OFF)|STRAIGHT,,999.00,0.30,545.1,7.6,3074
57.35,-36.642,-19.325,-114.3,1.23,CLEAR(조향OFF)|STRAIGHT,,999.00,0.30,535.4,7.6,3033
57.40,-36.642,-19.325,-113.9,1.23,CLEAR(조향OFF)|STRAIGHT,,999.00,0.30,570.5,7.5,3066
57.45,-36.681,-19.435,-113.3,1.07,CLEAR(조향OFF)|STRAIGHT,,999.00,0.30,556.4,7.6,3041
57.50,-36.681,-19.435,-112.9,1.07,CLEAR(조향OFF)|STRAIGHT,,999.00,0.30,569.4,8.0,3016
57.55,-36.724,-19.551,-112.0,1.37,CLEAR(조향OFF)|STRAIGHT,,999.00,0.30,555.2,8.0,2900
57.60,-36.724,-19.551,-111.6,1.37,CLEAR(조향OFF)|STRAIGHT,,999.00,0.30,589.3,8.0,2900
57.65,-36.762,-19.666,-111.0,1.21,CLEAR(조향OFF)|STRAIGHT,,999.00,0.30,578.7,8.0,2976
57.70,-36.762,-19.666,-110.5,1.21,CLEAR(조향OFF)|STRAIGHT,,999.00,0.30,601.8,8.2,2984
57.75,-36.792,-19.789,-109.6,1.25,CLEAR(조향OFF)|STRAIGHT,,999.00,0.30,587.2,8.0,2984
57.80,-36.792,-19.789,-109.1,1.25,CLEAR(조향OFF)|STRAIGHT,,999.00,0.30,603.4,8.1,2984
57.85,-36.825,-19.908,-108.1,1.24,CLEAR(조향OFF)|STRAIGHT,,999.00,0.30,587.7,8.0,2992
57.90,-36.825,-19.908,-107.6,1.24,CLEAR(조향OFF)|STRAIGHT,,999.00,0.30,603.1,8.1,2992
57.95,-36.852,-20.034,-106.7,1.42,CLEAR(조향OFF)|STRAIGHT,,999.00,0.30,587.4,8.2,2969
58.00,-36.852,-20.034,-106.2,1.42,CLEAR(조향OFF)|STRAIGHT,,999.00,0.30,608.1,8.4,2945
58.05,-36.885,-20.160,-105.3,1.31,CLEAR(조향OFF)|STRAIGHT,,999.00,0.30,592.4,8.4,2945
58.10,-36.885,-20.160,-104.9,1.31,CLEAR(조향OFF)|STRAIGHT,,999.00,0.30,618.7,8.4,2953
58.15,-36.915,-20.274,-104.1,1.07,CLEAR(조향OFF)|STRAIGHT,,999.00,0.30,605.1,8.4,2945
58.20,-36.915,-20.274,-103.7,1.07,CLEAR(조향OFF)|STRAIGHT,,999.00,0.30,626.7,8.4,2945
58.25,-36.924,-20.397,-102.7,1.23,CLEAR(조향OFF)|STRAIGHT,,999.00,0.30,613.7,8.4,2953
58.30,-36.924,-20.397,-102.2,1.23,CLEAR(조향OFF)|STRAIGHT,,999.00,0.30,621.5,8.4,2930
58.35,-36.947,-20.528,-101.3,1.33,CLEAR(조향OFF)|STRAIGHT,,999.00,0.31,607.8,8.8,2907
58.40,-36.947,-20.528,-100.9,1.33,CLEAR(조향OFF)|STRAIGHT,,999.00,0.31,635.8,8.9,2892
58.45,-36.967,-20.644,-100.1,1.07,CLEAR(조향OFF)|STRAIGHT,,999.00,0.31,622.1,8.9,2870
58.50,-36.967,-20.644,-99.8,1.07,CLEAR(조향OFF)|STRAIGHT,,999.00,0.31,646.1,8.9,2870
58.55,-36.972,-20.777,-99.0,1.33,CLEAR(조향OFF)|STRAIGHT,,999.00,0.31,635.6,9.0,2870
58.60,-36.972,-20.777,-98.5,1.33,CLEAR(조향OFF)|STRAIGHT,,999.00,0.31,666.1,9.3,2827
58.65,-36.985,-20.913,-97.5,1.51,CLEAR(조향OFF)|STRAIGHT,,999.00,0.31,650.8,9.3,2834
58.70,-36.985,-20.913,-96.9,1.51,CLEAR(조향OFF)|STRAIGHT,,999.00,0.31,654.8,9.3,2848
58.75,-36.985,-21.036,-96.0,1.23,CLEAR(조향OFF)|STRAIGHT,,999.00,0.31,639.9,9.8,2785
58.80,-36.985,-21.036,-95.5,1.23,CLEAR(조향OFF)|STRAIGHT,,999.00,0.31,663.9,9.9,2758
58.85,-37.003,-21.156,-94.3,1.21,CLEAR(조향OFF)|STRAIGHT,,999.00,0.31,647.8,10.0,2764
58.90,-37.003,-21.156,-93.8,1.21,CLEAR(조향OFF)|STRAIGHT,,999.00,0.31,673.2,9.9,2744
58.95,-36.998,-21.281,-92.5,1.25,CLEAR(조향OFF)|STRAIGHT,,999.00,0.31,655.0,10.0,2751
59.00,-36.998,-21.281,-91.8,1.25,CLEAR(조향OFF)|STRAIGHT,,999.00,0.31,667.2,10.0,2758
59.05,-36.999,-21.401,-90.6,1.20,CLEAR(조향OFF)|STRAIGHT,,999.00,0.31,643.3,10.0,2751
59.10,-36.999,-21.401,-90.0,1.20,CLEAR(조향OFF)|STRAIGHT,,999.00,0.31,640.9,10.0,2737
59.15,-37.000,-21.517,-88.9,1.16,CLEAR(조향OFF)|STRAIGHT,,999.00,0.32,623.3,10.0,2758
59.20,-37.000,-21.517,-88.3,1.16,CLEAR(조향OFF)|STRAIGHT,,999.00,0.32,641.6,10.0,2737
59.25,-36.993,-21.636,-87.1,1.19,CLEAR(조향OFF)|STRAIGHT,,999.00,0.32,623.0,10.0,2751
59.30,-36.993,-21.636,-86.6,1.19,CLEAR(조향OFF)|STRAIGHT,,999.00,0.32,637.6,10.0,2751
59.35,-36.974,-21.756,-85.5,1.21,CLEAR(조향OFF)|STRAIGHT,,999.00,0.32,619.4,10.0,2751
59.40,-36.974,-21.756,-85.0,1.21,CLEAR(조향OFF)|STRAIGHT,,999.00,0.32,632.4,9.9,2744
59.45,-36.974,-21.756,-83.9,1.21,CLEAR(조향OFF)|STRAIGHT,,999.00,0.32,614.2,10.0,2744
59.50,-36.952,-21.880,-83.4,1.04,CLEAR(조향OFF)|STRAIGHT,,999.00,0.32,578.5,10.0,2737
59.55,-36.928,-22.001,-82.4,1.54,CLEAR(조향OFF)|STRAIGHT,,999.00,0.33,596.7,10.0,2737
59.60,-36.928,-22.001,-81.9,1.54,CLEAR(조향OFF)|STRAIGHT,,999.00,0.33,608.0,10.0,2737
59.65,-36.902,-22.122,-80.7,1.24,CLEAR(조향OFF)|STRAIGHT,,999.00,0.33,591.8,10.0,2744
59.70,-36.902,-22.122,-80.2,1.24,CLEAR(조향OFF)|STRAIGHT,,999.00,0.33,610.2,10.0,2744
59.75,-36.864,-22.238,-79.2,1.21,CLEAR(조향OFF)|STRAIGHT,,999.00,0.33,591.9,10.0,2737
59.80,-36.864,-22.238,-78.6,1.21,CLEAR(조향OFF)|STRAIGHT,,999.00,0.33,601.1,10.0,2744
59.85,-36.839,-22.351,-77.4,1.15,CLEAR(조향OFF)|STRAIGHT,,999.00,0.33,582.8,9.9,2764
59.90,-36.839,-22.351,-77.0,1.15,CLEAR(조향OFF)|STRAIGHT,,999.00,0.33,580.1,10.0,2737
59.95,-36.802,-22.466,-76.0,1.21,CLEAR(조향OFF)|STRAIGHT,,999.00,0.33,565.2,10.0,2744
60.00,-36.802,-22.466,-75.4,1.21,CLEAR(조향OFF)|STRAIGHT,,999.00,0.33,578.3,10.0,2751
60.05,-36.754,-22.580,-74.4,1.23,CLEAR(조향OFF)|STRAIGHT,,999.00,0.33,560.8,10.0,2737
60.10,-36.754,-22.580,-73.9,1.23,CLEAR(조향OFF)|STRAIGHT,,999.00,0.33,567.8,10.0,2744
60.15,-36.717,-22.688,-72.7,1.14,CLEAR(조향OFF)|STRAIGHT,,999.00,0.33,550.5,10.0,2744
60.20,-36.717,-22.688,-72.3,1.14,CLEAR(조향OFF)|STRAIGHT,,999.00,0.33,555.2,10.0,2724
60.25,-36.664,-22.794,-71.3,1.17,CLEAR(조향OFF)|STRAIGHT,,999.00,0.33,540.5,10.0,2751
60.30,-36.664,-22.794,-70.8,1.17,CLEAR(조향OFF)|STRAIGHT,,999.00,0.33,541.3,10.0,2751
60.35,-36.620,-22.900,-69.8,1.14,CLEAR(조향OFF)|STRAIGHT,,999.00,0.34,524.3,10.0,2737
60.40,-36.620,-22.900,-69.3,1.14,CLEAR(조향OFF)|STRAIGHT,,999.00,0.34,533.2,10.0,2737
60.45,-36.569,-22.996,-68.3,0.99,CLEAR(조향OFF)|STRAIGHT,,999.00,0.34,516.1,10.0,2751
60.50,-36.569,-22.996,-67.7,0.99,CLEAR(조향OFF)|STRAIGHT,,999.00,0.34,510.0,10.0,2724
60.55,-36.511,-23.096,-66.7,1.27,CLEAR(조향OFF)|STRAIGHT,,999.00,0.34,490.9,10.0,2744
60.60,-36.511,-23.096,-66.1,1.27,CLEAR(조향OFF)|STRAIGHT,,999.00,0.34,500.4,10.0,2744
60.65,-36.453,-23.192,-65.1,1.12,CLEAR(조향OFF)|STRAIGHT,,999.00,0.34,478.0,9.9,2751
60.70,-36.453,-23.192,-64.6,1.12,CLEAR(조향OFF)|STRAIGHT,,999.00,0.34,467.4,10.0,2744
60.75,-36.396,-23.295,-63.8,1.30,CLEAR(조향OFF)|STRAIGHT,,999.00,0.34,448.2,10.0,2751
60.80,-36.396,-23.295,-63.2,1.30,CLEAR(조향OFF)|STRAIGHT,,999.00,0.34,479.6,10.0,2724
60.85,-36.335,-23.400,-62.2,1.19,CLEAR(조향OFF)|STRAIGHT,,999.00,0.34,463.3,9.7,2764
60.90,-36.335,-23.400,-61.7,1.19,CLEAR(조향OFF)|STRAIGHT,,999.00,0.34,462.1,9.6,2778
60.95,-36.266,-23.493,-60.7,1.06,CLEAR(조향OFF)|STRAIGHT,,999.00,0.34,446.5,9.7,2778
61.00,-36.266,-23.493,-60.2,1.06,CLEAR(조향OFF)|STRAIGHT,,999.00,0.34,429.1,9.6,2785
61.05,-36.209,-23.591,-59.2,1.13,CLEAR(조향OFF)|STRAIGHT,,999.00,0.34,410.7,9.6,2771
61.10,-36.209,-23.591,-58.7,1.13,CLEAR(조향OFF)|STRAIGHT,,999.00,0.34,418.1,9.5,2778
61.15,-36.139,-23.682,-57.7,1.15,CLEAR(조향OFF)|STRAIGHT,,999.00,0.34,401.3,9.6,2778
61.20,-36.139,-23.682,-57.2,1.15,CLEAR(조향OFF)|STRAIGHT,,999.00,0.34,423.7,9.4,2799
61.25,-36.069,-23.764,-56.2,1.07,CLEAR(조향OFF)|STRAIGHT,,999.00,0.35,406.6,9.4,2806
61.30,-36.069,-23.764,-55.7,1.07,CLEAR(조향OFF)|STRAIGHT,,999.00,0.35,390.3,9.4,2806
61.35,-36.007,-23.851,-54.7,1.07,CLEAR(조향OFF)|STRAIGHT,,999.00,0.35,373.7,9.4,2806
61.40,-36.007,-23.851,-54.2,1.07,CLEAR(조향OFF)|STRAIGHT,,999.00,0.35,368.7,9.4,2813
61.45,-35.933,-23.937,-53.3,1.03,CLEAR(조향OFF)|STRAIGHT,,999.00,0.35,350.6,9.1,2820
61.50,-35.933,-23.937,-52.9,1.03,CLEAR(조향OFF)|STRAIGHT,,999.00,0.35,338.0,9.0,2820
61.55,-35.862,-24.023,-52.0,1.39,CLEAR(조향OFF)|STRAIGHT,,999.00,0.35,319.8,8.8,2870
61.60,-35.862,-24.023,-51.6,1.39,CLEAR(조향OFF)|STRAIGHT,,999.00,0.35,386.3,8.6,2885
61.65,-35.786,-24.099,-50.8,0.97,CLEAR(조향OFF)|STRAIGHT,,999.00,0.34,374.6,8.5,2892
61.70,-35.786,-24.099,-50.4,0.97,CLEAR(조향OFF)|STRAIGHT,,999.00,0.34,338.7,8.4,2922
61.75,-35.707,-24.178,-49.6,1.00,CLEAR(조향OFF)|STRAIGHT,,999.00,0.34,323.5,8.4,2915
61.80,-35.707,-24.178,-49.1,1.00,CLEAR(조향OFF)|STRAIGHT,,999.00,0.34,317.5,8.4,2922
61.85,-35.627,-24.252,-48.4,1.21,CLEAR(조향OFF)|STRAIGHT,,999.00,0.34,301.3,8.3,2938
61.90,-35.627,-24.252,-47.9,1.21,CLEAR(조향OFF)|STRAIGHT,,999.00,0.34,314.5,8.2,2930
61.95,-35.546,-24.333,-47.0,1.15,CLEAR(조향OFF)|STRAIGHT,,999.00,0.34,299.7,8.2,2930
62.00,-35.546,-24.333,-46.7,1.15,CLEAR(조향OFF)|STRAIGHT,,999.00,0.34,280.7,8.0,2969
62.05,-35.467,-24.403,-46.0,1.05,CLEAR(조향OFF)|STRAIGHT,,999.00,0.34,266.4,7.9,2969
62.10,-35.467,-24.403,-45.5,1.05,CLEAR(조향OFF)|STRAIGHT,,999.00,0.34,309.6,7.9,2984
62.15,-35.386,-24.479,-44.7,1.11,CLEAR(조향OFF)|STRAIGHT,,999.00,0.35,293.5,7.9,2976
62.20,-35.386,-24.479,-44.4,1.11,CLEAR(조향OFF)|STRAIGHT,,999.00,0.35,295.1,7.9,2984
62.25,-35.307,-24.545,-43.8,1.03,CLEAR(조향OFF)|STRAIGHT,,999.00,0.35,285.0,7.9,2976
62.30,-35.307,-24.545,-43.4,1.03,CLEAR(조향OFF)|STRAIGHT,,999.00,0.35,267.4,7.9,2984
62.35,-35.223,-24.614,-42.5,1.08,CLEAR(조향OFF)|STRAIGHT,,999.00,0.35,251.3,7.9,2969
62.40,-35.223,-24.614,-42.2,1.08,CLEAR(조향OFF)|STRAIGHT,,999.00,0.35,244.1,7.9,2992
62.45,-35.135,-24.681,-41.4,1.00,CLEAR(조향OFF)|STRAIGHT,,999.00,0.35,229.2,8.0,2984
62.50,-35.135,-24.681,-41.0,1.00,CLEAR(조향OFF)|STRAIGHT,,999.00,0.35,281.3,7.4,3025
62.55,-35.052,-24.746,-40.4,1.17,CLEAR(조향OFF)|STRAIGHT,,999.00,0.36,267.6,6.9,3074
62.60,-35.052,-24.746,-40.0,1.17,CLEAR(조향OFF)|STRAIGHT,,999.00,0.36,283.1,6.7,3117
62.65,-34.967,-24.800,-39.3,1.00,CLEAR(조향OFF)|STRAIGHT,,999.00,0.36,271.1,6.7,3125
62.70,-34.967,-24.800,-39.0,1.00,CLEAR(조향OFF)|STRAIGHT,,999.00,0.36,231.5,6.8,3143
62.75,-34.881,-24.864,-38.3,1.08,CLEAR(조향OFF)|STRAIGHT,,999.00,0.36,218.9,6.7,3134
62.80,-34.881,-24.864,-38.0,1.08,CLEAR(조향OFF)|STRAIGHT,,999.00,0.36,222.7,6.7,3143
62.85,-34.788,-24.933,-37.2,1.15,CLEAR(조향OFF)|STRAIGHT,,999.00,0.36,209.5,6.8,3134
62.90,-34.788,-24.933,-37.0,1.15,CLEAR(조향OFF)|STRAIGHT,,999.00,0.36,213.3,6.6,3152
62.95,-34.698,-24.987,-36.4,1.05,CLEAR(조향OFF)|STRAIGHT,,999.00,0.36,202.6,6.4,3178
63.00,-34.698,-24.987,-36.1,1.05,CLEAR(조향OFF)|STRAIGHT,,999.00,0.36,256.5,6.1,3215
63.05,-34.613,-25.048,-35.5,1.05,CLEAR(조향OFF)|STRAIGHT,,999.00,0.37,245.8,6.1,3196
63.10,-34.613,-25.048,-35.3,1.05,CLEAR(조향OFF)|STRAIGHT,,999.00,0.37,245.0,6.2,3215
63.15,-34.519,-25.101,-34.7,1.07,CLEAR(조향OFF)|STRAIGHT,,999.00,0.37,237.3,6.1,3224
63.20,-34.519,-25.101,-34.4,1.07,CLEAR(조향OFF)|STRAIGHT,,999.00,0.37,230.2,6.2,3224
63.25,-34.427,-25.157,-33.8,1.08,CLEAR(조향OFF)|STRAIGHT,,999.00,0.37,219.5,6.1,3224
63.30,-34.427,-25.157,-33.6,1.08,CLEAR(조향OFF)|STRAIGHT,,999.00,0.37,213.0,6.1,3233
63.35,-34.336,-25.207,-33.0,1.16,CLEAR(조향OFF)|STRAIGHT,,999.00,0.37,201.6,6.2,3196
63.40,-34.336,-25.207,-32.7,1.16,CLEAR(조향OFF)|STRAIGHT,,999.00,0.37,280.6,6.2,3233
63.45,-34.240,-25.260,-32.1,0.91,CLEAR(조향OFF)|STRAIGHT,,999.00,0.37,270.8,6.0,3233
63.50,-34.240,-25.260,-31.8,0.91,CLEAR(조향OFF)|STRAIGHT,,999.00,0.37,238.8,5.8,3271
63.55,-34.144,-25.309,-31.2,1.20,CLEAR(조향OFF)|STRAIGHT,,999.00,0.37,227.6,5.8,3271
63.60,-34.144,-25.309,-30.9,1.20,CLEAR(조향OFF)|STRAIGHT,,999.00,0.37,258.8,5.8,3271
63.65,-34.060,-25.355,-30.4,0.87,CLEAR(조향OFF)|STRAIGHT,,999.00,0.37,248.7,5.8,3261
63.70,-34.060,-25.355,-30.1,0.87,CLEAR(조향OFF)|STRAIGHT,,999.00,0.37,193.6,5.8,3290
63.75,-33.961,-25.406,-29.6,1.24,CLEAR(조향OFF)|STRAIGHT,,999.00,0.37,180.5,5.8,3271
63.80,-33.961,-25.406,-29.4,1.24,CLEAR(조향OFF)|STRAIGHT,,999.00,0.37,230.9,5.8,3290
63.85,-33.865,-25.449,-28.8,0.95,CLEAR(조향OFF)|STRAIGHT,,999.00,0.37,232.1,5.8,3271
63.90,-33.865,-25.449,-28.6,0.95,CLEAR(조향OFF)|STRAIGHT,,999.00,0.37,261.8,5.8,3280
63.95,-33.778,-25.494,-28.1,1.08,CLEAR(조향OFF)|STRAIGHT,,999.00,0.39,251.9,5.7,3271
64.00,-33.778,-25.494,-27.8,1.08,CLEAR(조향OFF)|STRAIGHT,,999.00,0.39,267.9,5.8,3290
64.05,-33.685,-25.540,-27.3,1.04,CLEAR(조향OFF)|STRAIGHT,,999.00,0.39,258.2,5.8,3280
64.10,-33.685,-25.540,-27.0,1.04,CLEAR(조향OFF)|STRAIGHT,,999.00,0.39,251.3,5.8,3300
64.15,-33.588,-25.580,-26.5,1.05,CLEAR(조향OFF)|STRAIGHT,,999.00,0.39,240.6,5.4,3309
64.20,-33.588,-25.580,-26.3,1.05,CLEAR(조향OFF)|STRAIGHT,,999.00,0.39,237.3,5.4,3329
64.25,-33.492,-25.617,-25.8,1.02,CLEAR(조향OFF)|STRAIGHT,,999.00,0.39,228.2,5.4,3319
64.30,-33.492,-25.617,-25.5,1.02,CLEAR(조향OFF)|STRAIGHT,,999.00,0.39,291.6,5.4,3319
64.35,-33.396,-25.663,-25.0,1.19,CLEAR(조향OFF)|STRAIGHT,,999.00,0.40,282.6,5.5,3329
64.40,-33.396,-25.663,-24.7,1.19,CLEAR(조향OFF)|STRAIGHT,,999.00,0.40,303.3,5.4,3339
64.45,-33.298,-25.696,-24.2,0.86,CLEAR(조향OFF)|STRAIGHT,,999.00,0.40,294.7,5.4,3339
64.50,-33.298,-25.696,-24.0,0.86,CLEAR(조향OFF)|STRAIGHT,,999.00,0.40,258.0,5.4,3339
64.55,-33.207,-25.731,-23.5,1.08,CLEAR(조향OFF)|STRAIGHT,,999.00,0.40,248.2,5.5,3349
64.60,-33.207,-25.731,-23.3,1.08,CLEAR(조향OFF)|STRAIGHT,,999.00,0.40,272.9,5.5,3319
64.65,-33.106,-25.772,-22.8,1.08,CLEAR(조향OFF)|STRAIGHT,,999.00,0.40,265.0,5.4,3339
64.70,-33.106,-25.772,-22.6,1.08,CLEAR(조향OFF)|STRAIGHT,,999.00,0.40,269.9,5.4,3339
64.75,-33.009,-25.801,-22.1,1.01,CLEAR(조향OFF)|STRAIGHT,,999.00,0.40,260.5,5.4,3339
64.80,-33.009,-25.801,-21.9,1.01,CLEAR(조향OFF)|STRAIGHT,,999.00,0.40,310.1,5.4,3339
64.85,-32.912,-25.833,-21.4,1.03,CLEAR(조향OFF)|STRAIGHT,,999.00,0.42,301.6,5.5,3359
64.90,-32.912,-25.833,-21.1,1.03,CLEAR(조향OFF)|STRAIGHT,,999.00,0.42,306.6,5.4,3329
64.95,-32.816,-25.865,-20.6,1.01,CLEAR(조향OFF)|STRAIGHT,,999.00,0.42,295.7,5.4,3339
65.00,-32.816,-25.865,-20.4,1.01,CLEAR(조향OFF)|STRAIGHT,,999.00,0.42,296.7,5.4,3339
65.05,-32.721,-25.897,-19.9,1.01,CLEAR(조향OFF)|STRAIGHT,,999.00,0.42,288.6,5.5,3339
65.10,-32.721,-25.897,-19.7,1.01,CLEAR(조향OFF)|STRAIGHT,,999.00,0.42,293.0,5.4,3329
65.15,-32.621,-25.919,-19.2,1.12,CLEAR(조향OFF)|STRAIGHT,,999.00,0.42,282.5,5.4,3349
65.20,-32.621,-25.919,-18.9,1.12,CLEAR(조향OFF)|STRAIGHT,,999.00,0.42,332.9,5.4,3329
65.25,-32.526,-25.954,-18.4,0.92,CLEAR(조향OFF)|STRAIGHT,,999.00,0.43,324.8,5.5,3329
65.30,-32.526,-25.954,-18.2,0.92,CLEAR(조향OFF)|STRAIGHT,,999.00,0.43,324.1,5.4,3349
65.35,-32.427,-25.980,-17.7,1.03,CLEAR(조향OFF)|STRAIGHT,,999.00,0.43,317.7,5.5,3339
65.40,-32.427,-25.980,-17.5,1.03,CLEAR(조향OFF)|STRAIGHT,,999.00,0.43,327.2,5.4,3339
65.45,-32.335,-25.998,-17.0,0.84,CLEAR(조향OFF)|STRAIGHT,,999.00,0.43,318.7,5.4,3339
65.50,-32.335,-25.998,-16.8,0.84,CLEAR(조향OFF)|STRAIGHT,,999.00,0.43,302.0,5.5,3329
65.55,-32.236,-26.024,-16.3,1.14,CLEAR(조향OFF)|STRAIGHT,,999.00,0.43,293.8,5.4,3339
65.60,-32.236,-26.024,-16.1,1.14,CLEAR(조향OFF)|STRAIGHT,,999.00,0.43,322.8,5.4,3339
65.65,-32.140,-26.041,-15.6,0.88,CLEAR(조향OFF)|STRAIGHT,,999.00,0.43,315.2,5.4,3329
65.70,-32.140,-26.041,-15.4,0.88,CLEAR(조향OFF)|STRAIGHT,,999.00,0.43,334.6,5.4,3329
65.75,-32.039,-26.063,-14.9,1.14,CLEAR(조향OFF)|STRAIGHT,,999.00,0.44,327.6,5.4,3349
65.80,-32.039,-26.063,-14.6,1.14,CLEAR(조향OFF)|STRAIGHT,,999.00,0.44,342.6,5.5,3329
65.85,-31.937,-26.092,-14.2,1.06,CLEAR(조향OFF)|STRAIGHT,,999.00,0.44,333.7,5.3,3349
65.90,-31.937,-26.092,-14.0,1.06,CLEAR(조향OFF)|STRAIGHT,,999.00,0.44,347.1,5.5,3329
65.95,-31.844,-26.099,-13.6,0.93,CLEAR(조향OFF)|STRAIGHT,,999.00,0.44,338.9,5.4,3339
66.00,-31.844,-26.099,-13.3,0.93,CLEAR(조향OFF)|STRAIGHT,,999.00,0.44,329.3,5.4,3339
66.05,-31.748,-26.123,-12.9,1.09,CLEAR(조향OFF)|STRAIGHT,,999.00,0.44,317.8,5.4,3339
66.10,-31.748,-26.123,-12.7,1.09,CLEAR(조향OFF)|STRAIGHT,,999.00,0.44,339.3,5.3,3339
66.15,-31.648,-26.132,-12.2,0.91,CLEAR(조향OFF)|STRAIGHT,,999.00,0.44,330.9,5.4,3349
66.20,-31.648,-26.132,-12.0,0.91,CLEAR(조향OFF)|STRAIGHT,,999.00,0.44,350.8,5.4,3319
66.25,-31.549,-26.152,-11.6,1.01,CLEAR(조향OFF)|STRAIGHT,,999.00,0.46,343.5,5.4,3339
66.30,-31.549,-26.152,-11.3,1.01,CLEAR(조향OFF)|STRAIGHT,,999.00,0.46,356.9,5.5,3329
66.35,-31.448,-26.172,-10.9,1.03,CLEAR(조향OFF)|STRAIGHT,,999.00,0.46,348.4,5.4,3329
66.40,-31.448,-26.172,-10.7,1.03,CLEAR(조향OFF)|STRAIGHT,,999.00,0.46,362.9,5.4,3349
66.45,-31.345,-26.182,-10.3,0.93,CLEAR(조향OFF)|STRAIGHT,,999.00,0.46,355.5,5.4,3359
66.50,-31.345,-26.182,-10.0,0.93,CLEAR(조향OFF)|STRAIGHT,,999.00,0.46,362.0,5.5,3319
66.55,-31.248,-26.197,-9.6,1.10,CLEAR(조향OFF)|STRAIGHT,,999.00,0.46,351.9,5.4,3359
66.60,-31.248,-26.197,-9.4,1.10,CLEAR(조향OFF)|STRAIGHT,,999.00,0.46,366.3,5.4,3329
66.65,-31.152,-26.199,-8.9,0.95,CLEAR(조향OFF)|STRAIGHT,,999.00,0.46,357.7,5.4,3349
66.70,-31.152,-26.199,-8.6,0.95,CLEAR(조향OFF)|STRAIGHT,,999.00,0.46,364.3,5.5,3349
66.75,-31.047,-26.216,-8.2,1.06,CLEAR(조향OFF)|STRAIGHT,,999.00,0.47,356.0,5.4,3359
66.80,-31.047,-26.216,-8.0,1.06,CLEAR(조향OFF)|STRAIGHT,,999.00,0.47,370.1,5.4,3319
66.85,-30.950,-26.226,-7.5,0.98,CLEAR(조향OFF)|STRAIGHT,,999.00,0.47,363.3,5.4,3339
66.90,-30.950,-26.226,-7.3,0.98,CLEAR(조향OFF)|STRAIGHT,,999.00,0.47,373.2,5.4,3329
66.95,-30.853,-26.233,-6.8,1.07,CLEAR(조향OFF)|STRAIGHT,,999.00,0.47,366.9,5.5,3349
67.00,-30.853,-26.233,-6.7,1.07,CLEAR(조향OFF)|STRAIGHT,,999.00,0.47,357.4,5.5,3349
67.05,-30.753,-26.246,-6.2,0.92,CLEAR(조향OFF)|STRAIGHT,,999.00,0.47,366.4,5.4,3349
67.10,-30.753,-26.246,-6.0,0.92,CLEAR(조향OFF)|STRAIGHT,,999.00,0.47,385.9,5.4,3329
67.15,-30.655,-26.247,-5.5,0.97,CLEAR(조향OFF)|STRAIGHT,,999.00,0.47,376.3,5.4,3349
67.20,-30.655,-26.247,-5.3,0.97,CLEAR(조향OFF)|STRAIGHT,,999.00,0.47,376.6,5.4,3359
67.25,-30.546,-26.257,-4.9,1.09,CLEAR(조향OFF)|STRAIGHT,,999.00,0.48,368.9,5.4,3349
67.30,-30.546,-26.257,-4.6,1.09,CLEAR(조향OFF)|STRAIGHT,,999.00,0.48,381.8,5.5,3339
67.35,-30.447,-26.262,-4.3,0.99,CLEAR(조향OFF)|STRAIGHT,,999.00,0.48,373.2,5.4,3339
67.40,-30.447,-26.262,-4.0,0.99,CLEAR(조향OFF)|STRAIGHT,,999.00,0.48,392.1,5.4,3339
67.45,-30.359,-26.258,-3.6,0.80,CLEAR(조향OFF)|STRAIGHT,,999.00,0.48,383.7,5.5,3339
67.50,-30.359,-26.258,-3.3,0.80,CLEAR(조향OFF)|STRAIGHT,,999.00,0.48,390.9,5.4,3339
67.55,-30.254,-26.267,-2.8,1.17,CLEAR(조향OFF)|STRAIGHT,,999.00,0.48,380.4,5.4,3349
67.60,-30.254,-26.267,-2.6,1.17,CLEAR(조향OFF)|STRAIGHT,,999.00,0.48,390.2,5.5,3339
67.65,-30.161,-26.258,-2.1,0.84,CLEAR(조향OFF)|STRAIGHT,,999.00,0.48,380.9,5.4,3329
67.70,-30.161,-26.258,-1.9,0.84,CLEAR(조향OFF)|STRAIGHT,,999.00,0.48,375.2,5.4,3339
67.75,-30.056,-26.262,-1.4,1.17,CLEAR(조향OFF)|STRAIGHT,,999.00,0.49,366.7,5.4,3339
67.80,-30.056,-26.262,-1.2,1.17,CLEAR(조향OFF)|STRAIGHT,,999.00,0.49,368.6,5.4,3339
67.85,-29.952,-26.265,-0.8,1.04,CLEAR(조향OFF)|STRAIGHT,,999.00,0.49,359.6,5.4,3349
67.90,-29.952,-26.265,-0.6,1.04,CLEAR(조향OFF)|STRAIGHT,,999.00,0.49,381.3,5.5,3339
67.95,-29.860,-26.250,-0.1,0.92,CLEAR(조향OFF)|STRAIGHT,,999.00,0.49,376.8,5.9,3300
68.00,-29.860,-26.250,0.1,0.92,CLEAR(조향OFF)|STRAIGHT,,999.00,0.49,378.9,5.9,3300
68.05,-29.759,-26.246,0.5,1.01,CLEAR(조향OFF)|STRAIGHT,,999.00,0.49,369.9,5.9,3271
68.10,-29.759,-26.246,0.8,1.01,CLEAR(조향OFF)|STRAIGHT,,999.00,0.49,379.9,5.8,3290
68.15,-29.668,-26.240,1.3,0.92,CLEAR(조향OFF)|STRAIGHT,,999.00,0.49,367.8,5.9,3271
68.20,-29.668,-26.240,1.5,0.92,CLEAR(조향OFF)|STRAIGHT,,999.00,0.49,354.5,5.9,3280
68.25,-29.564,-26.236,1.9,1.03,CLEAR(조향OFF)|STRAIGHT,,999.00,0.51,347.8,5.9,3271
68.30,-29.564,-26.236,2.2,1.03,CLEAR(조향OFF)|STRAIGHT,,999.00,0.51,354.1,5.9,3290
68.35,-29.468,-26.221,2.6,0.97,CLEAR(조향OFF)|STRAIGHT,,999.00,0.51,345.1,5.9,3261
68.40,-29.468,-26.221,2.8,0.97,CLEAR(조향OFF)|STRAIGHT,,999.00,0.51,352.0,5.9,3271
68.45,-29.365,-26.214,3.3,0.94,CLEAR(조향OFF)|STRAIGHT,,999.00,0.51,342.6,5.9,3271
68.50,-29.365,-26.214,3.6,0.94,CLEAR(조향OFF)|STRAIGHT,,999.00,0.51,355.0,6.0,3271
68.55,-29.268,-26.203,4.0,1.09,CLEAR(조향OFF)|STRAIGHT,,999.00,0.51,345.1,6.0,3252
68.60,-29.268,-26.203,4.3,1.09,CLEAR(조향OFF)|STRAIGHT,,999.00,0.51,344.6,5.9,3280
68.65,-29.168,-26.190,4.7,0.91,CLEAR(조향OFF)|STRAIGHT,,999.00,0.51,334.6,5.9,3271
68.70,-29.168,-26.190,5.0,0.91,CLEAR(조향OFF)|STRAIGHT,,999.00,0.51,324.1,5.8,3290
68.75,-29.073,-26.174,5.4,1.07,CLEAR(조향OFF)|STRAIGHT,,999.00,0.52,315.5,5.9,3271
68.80,-29.073,-26.174,5.5,1.07,CLEAR(조향OFF)|STRAIGHT,,999.00,0.52,312.1,5.9,3290
68.85,-28.976,-26.158,6.1,0.98,CLEAR(조향OFF)|STRAIGHT,,999.00,0.52,306.4,5.9,3252
68.90,-28.976,-26.158,6.2,0.98,CLEAR(조향OFF)|STRAIGHT,,999.00,0.52,311.2,5.9,3261
68.95,-28.877,-26.141,6.7,1.00,CLEAR(조향OFF)|STRAIGHT,,999.00,0.52,303.9,5.8,3271
69.00,-28.877,-26.141,7.0,1.00,CLEAR(조향OFF)|STRAIGHT,,999.00,0.52,304.5,5.9,3280
69.05,-28.776,-26.130,7.5,1.01,CLEAR(조향OFF)|STRAIGHT,,999.00,0.52,293.5,5.8,3261
69.10,-28.776,-26.130,7.7,1.01,CLEAR(조향OFF)|STRAIGHT,,999.00,0.52,304.4,5.9,3271
69.15,-28.685,-26.105,8.1,0.94,CLEAR(조향OFF)|STRAIGHT,,999.00,0.52,295.6,5.8,3261
69.20,-28.685,-26.105,8.3,0.94,CLEAR(조향OFF)|STRAIGHT,,999.00,0.52,272.7,5.9,3271
69.25,-28.585,-26.095,8.8,1.00,CLEAR(조향OFF)|STRAIGHT,,999.00,0.54,265.0,5.9,3271
69.30,-28.585,-26.095,9.0,1.00,CLEAR(조향OFF)|STRAIGHT,,999.00,0.54,271.4,5.9,3280
69.35,-28.486,-26.071,9.6,1.01,CLEAR(조향OFF)|STRAIGHT,,999.00,0.54,264.5,5.9,3252
69.40,-28.486,-26.071,9.8,1.01,CLEAR(조향OFF)|STRAIGHT,,999.00,0.54,255.5,5.9,3290
69.45,-28.486,-26.071,10.3,1.01,CLEAR(조향OFF)|STRAIGHT,,999.00,0.54,247.3,5.8,3280
69.50,-28.392,-26.049,10.5,0.81,CLEAR(조향OFF)|STRAIGHT,,999.00,0.54,230.9,6.0,3252
69.55,-28.296,-26.025,10.9,1.23,CLEAR(조향OFF)|STRAIGHT,,999.00,0.54,245.5,6.0,3280
69.60,-28.296,-26.025,11.2,1.23,CLEAR(조향OFF)|STRAIGHT,,999.00,0.54,229.9,5.9,3271
69.65,-28.202,-26.000,11.6,0.98,CLEAR(조향OFF)|STRAIGHT,,999.00,0.54,221.6,5.9,3261
69.70,-28.202,-26.000,11.8,0.98,CLEAR(조향OFF)|STRAIGHT,,999.00,0.54,210.8,5.5,3329
69.75,-28.111,-25.969,12.3,0.95,CLEAR(조향OFF)|STRAIGHT,,999.00,0.55,203.0,5.4,3319
69.80,-28.111,-25.969,12.5,0.95,CLEAR(조향OFF)|STRAIGHT,,999.00,0.55,193.8,5.5,3319
69.85,-28.010,-25.947,12.9,0.93,CLEAR(조향OFF)|STRAIGHT,,999.00,0.55,185.7,5.5,3339
69.90,-28.010,-25.947,13.1,0.93,CLEAR(조향OFF)|STRAIGHT,,999.00,0.55,186.2,5.4,3329
69.95,-27.918,-25.908,13.6,1.10,CLEAR|STRAIGHT,,999.00,0.55,177.7,5.4,3329
70.00,-27.918,-25.908,13.8,1.10,CLEAR|STRAIGHT,,999.00,0.55,156.8,5.4,3339
70.05,-27.826,-25.876,14.2,0.97,CLEAR|STRAIGHT,,999.00,0.55,150.3,5.5,3349
70.10,-27.826,-25.876,14.4,0.97,CLEAR|STRAIGHT,,999.00,0.55,139.0,5.5,3339
70.15,-27.734,-25.846,14.8,0.97,CLEAR|STRAIGHT,,999.00,0.55,127.4,4.8,3399
70.20,-27.734,-25.846,15.0,0.97,CLEAR|STRAIGHT,,999.00,0.55,126.3,4.6,3410
70.25,-27.638,-25.818,15.4,1.00,CLEAR|STRAIGHT,,999.00,0.57,121.7,4.6,3441
70.30,-27.638,-25.818,15.6,1.00,CLEAR|STRAIGHT,,999.00,0.57,115.3,4.4,3451
70.35,-27.550,-25.788,15.9,0.93,CLEAR|STRAIGHT,,999.00,0.57,108.3,4.7,3462
70.40,-27.550,-25.788,16.0,0.93,CLEAR|STRAIGHT,,999.00,0.57,100.1,4.5,3462
70.45,-27.460,-25.753,16.4,0.87,CLEAR|STRAIGHT,,999.00,0.57,95.6,4.4,3462
70.50,-27.460,-25.753,16.5,0.87,CLEAR|STRAIGHT,,999.00,0.57,78.4,4.4,3451
70.55,-27.367,-25.721,16.8,1.22,CLEAR|STRAIGHT,,999.00,0.57,73.3,4.4,3494
70.60,-27.367,-25.721,17.0,1.22,CLEAR|STRAIGHT,,999.00,0.57,73.5,3.7,3572
70.65,-27.275,-25.690,17.2,0.95,CLEAR|STRAIGHT,,999.00,0.57,67.8,3.5,3595
70.70,-27.275,-25.690,17.3,0.95,CLEAR|STRAIGHT,,999.00,0.57,76.1,3.4,3618
70.75,-27.186,-25.651,17.5,0.89,CLEAR|STRAIGHT,,999.00,0.58,72.8,3.4,3606
70.80,-27.186,-25.651,17.7,0.89,CLEAR|STRAIGHT,,999.00,0.58,59.0,3.4,3618
70.85,-27.096,-25.622,17.9,0.95,CLEAR|STRAIGHT,,999.00,0.58,52.7,3.5,3630
70.90,-27.096,-25.622,18.0,0.95,CLEAR|STRAIGHT,,999.00,0.58,50.7,3.5,3606
70.95,-26.999,-25.584,18.2,1.04,CLEAR|STRAIGHT,,999.00,0.58,47.9,3.1,3665
71.00,-26.999,-25.584,18.3,1.04,CLEAR|STRAIGHT,,999.00,0.58,41.4,2.9,3701
71.05,-26.914,-25.538,18.5,0.94,CLEAR|STRAIGHT,,999.00,0.58,35.5,3.0,3677
71.10,-26.914,-25.538,18.6,0.94,CLEAR|STRAIGHT,,999.00,0.58,9.6,3.0,3677
71.15,-26.823,-25.509,18.8,0.96,CLEAR|STRAIGHT,,999.00,0.58,4.2,3.0,3701
71.20,-26.823,-25.509,18.9,0.96,CLEAR|STRAIGHT,,999.00,0.58,37.1,2.9,3689
71.25,-26.733,-25.469,19.1,0.98,CLEAR|STRAIGHT,,999.00,0.60,31.9,2.9,3701
71.30,-26.733,-25.469,19.1,0.98,CLEAR|STRAIGHT,,999.00,0.60,23.0,3.0,3689
71.35,-26.647,-25.439,19.3,0.92,CLEAR|STRAIGHT,,999.00,0.60,20.9,2.9,3701
71.40,-26.647,-25.439,19.4,0.92,CLEAR|STRAIGHT,,999.00,0.60,14.0,3.0,3689
71.45,-26.551,-25.401,19.5,0.93,CLEAR|STRAIGHT,,999.00,0.60,9.4,2.9,3726
71.50,-26.551,-25.401,19.6,0.93,CLEAR|STRAIGHT,,999.00,0.60,1.1,3.0,3689
71.55,-26.473,-25.363,19.7,0.96,CLEAR|STRAIGHT,,999.00,0.60,-1.7,2.9,3713
71.60,-26.473,-25.363,19.8,0.96,CLEAR|STRAIGHT,,999.00,0.60,-14.4,2.7,3738
71.65,-26.382,-25.322,19.9,0.99,CLEAR|STRAIGHT,,999.00,0.60,-18.5,2.2,3814
71.70,-26.382,-25.322,20.0,0.99,CLEAR|STRAIGHT,,999.00,0.60,12.7,2.2,3827
71.75,-26.294,-25.289,20.1,0.94,CLEAR|STRAIGHT,,999.00,0.61,11.1,2.2,3827
71.80,-26.294,-25.289,20.1,0.94,CLEAR|STRAIGHT,,999.00,0.61,5.7,2.2,3814
71.85,-26.206,-25.252,20.2,0.87,CLEAR|STRAIGHT,,999.00,0.61,3.8,2.2,3827
71.90,-26.206,-25.252,20.3,0.87,CLEAR|STRAIGHT,,999.00,0.61,-7.7,2.3,3801
71.95,-26.119,-25.219,20.4,1.04,CLEAR|STRAIGHT,,999.00,0.61,-9.7,2.1,3840
72.00,-26.119,-25.219,20.5,1.04,CLEAR|STRAIGHT,,999.00,0.61,-4.3,2.2,3827
72.05,-26.036,-25.176,20.6,0.92,CLEAR|STRAIGHT,,999.00,0.61,-8.7,2.2,3827
72.10,-26.036,-25.176,20.7,0.92,CLEAR|STRAIGHT,,999.00,0.61,-32.9,1.8,3880
72.15,-25.945,-25.138,20.7,0.99,CLEAR|STRAIGHT,,999.00,0.61,-36.4,1.7,3907
72.20,-25.945,-25.138,20.7,0.99,CLEAR|STRAIGHT,,999.00,0.61,-36.9,1.7,3880
72.25,-25.852,-25.097,20.9,1.00,CLEAR|STRAIGHT,,999.00,0.61,-39.4,1.7,3920
72.30,-25.852,-25.097,20.9,1.00,CLEAR|STRAIGHT,,999.00,0.61,-2.4,1.6,3920
72.35,-25.763,-25.051,20.9,1.11,CLEAR|STRAIGHT,,999.00,0.63,-4.2,1.4,3948
72.40,-25.763,-25.051,20.9,1.11,CLEAR|STRAIGHT,,999.00,0.63,-8.2,1.4,3948
72.45,-25.678,-25.009,21.0,0.86,CLEAR|STRAIGHT,,999.00,0.63,-9.1,1.4,3962
72.50,-25.678,-25.009,21.0,0.86,CLEAR|STRAIGHT,,999.00,0.63,-40.2,1.4,3948
72.55,-25.580,-24.973,21.1,1.04,AVOID|RIGHT,-10.4,3.93,0.63,-596.2,1.4,3976
72.60,-25.580,-24.973,21.2,1.04,AVOID|RIGHT,-10.4,3.93,0.63,-596.2,1.4,3962
72.65,-25.491,-24.932,21.1,0.98,AVOID|LEFT,12.8,3.84,0.63,733.8,1.3,3962
72.70,-25.491,-24.932,21.1,0.98,AVOID|LEFT,12.8,3.84,0.63,733.8,0.4,4077
72.75,-25.399,-24.893,21.0,1.00,AVOID|LEFT,12.2,3.74,0.63,699.4,-0.7,4230
72.80,-25.399,-24.893,20.9,1.00,AVOID|LEFT,12.2,3.74,0.63,699.4,-0.7,4230
72.85,-25.317,-24.844,20.7,0.85,AVOID|LEFT,12.8,3.65,0.64,733.8,-0.1,4198
72.90,-25.317,-24.844,20.8,0.85,AVOID|LEFT,12.8,3.60,0.64,733.8,3.9,3689
72.95,-25.225,-24.807,21.0,1.10,AVOID|LEFT,12.8,3.60,0.64,733.8,3.9,3689
73.00,-25.225,-24.807,21.2,1.10,AVOID|LEFT,13.2,3.48,0.64,733.8,5.6,3451
73.05,-25.125,-24.777,21.8,1.04,AVOID|LEFT,13.2,3.48,0.64,756.7,8.9,3025
73.10,-25.125,-24.777,22.2,1.04,AVOID|LEFT,13.2,3.41,0.64,756.7,8.9,3025
73.15,-25.041,-24.720,23.0,1.00,AVOID|LEFT,13.2,3.41,0.64,756.7,9.8,2900
73.20,-25.041,-24.720,23.5,1.00,AVOID|LEFT,12.0,3.32,0.64,687.9,10.2,2806
73.25,-24.950,-24.679,24.4,1.10,AVOID|LEFT,12.0,3.32,0.63,687.9,10.2,2806
73.30,-24.950,-24.679,24.7,1.10,AVOID|LEFT,10.4,3.25,0.63,596.2,10.3,2778
73.35,-24.874,-24.624,25.7,0.92,AVOID|LEFT,10.4,3.25,0.61,596.2,10.5,2751
73.40,-24.874,-24.624,26.2,0.92,AVOID|LEFT,9.6,3.17,0.61,550.3,10.6,2731
73.45,-24.789,-24.566,27.1,0.85,AVOID|LEFT,9.6,3.17,0.59,550.3,10.5,2731
73.50,-24.789,-24.566,27.6,0.85,AVOID|LEFT,7.6,3.08,0.59,435.7,10.5,2718
73.55,-24.711,-24.505,28.6,1.08,AVOID|LEFT,6.0,2.99,0.57,435.7,10.5,2718
73.60,-24.711,-24.505,29.1,1.08,AVOID|LEFT,6.0,2.99,0.57,344.0,10.5,2718
73.65,-24.627,-24.442,30.0,0.95,AVOID|LEFT,4.2,2.90,0.55,344.0,10.5,2718
73.70,-24.627,-24.442,30.6,0.95,AVOID|LEFT,4.2,2.90,0.55,240.8,10.4,2724
73.75,-24.543,-24.386,31.3,1.12,AVOID|STRAIGHT,1.8,2.82,0.53,103.2,9.2,2813
73.80,-24.543,-24.386,31.7,1.12,AVOID|STRAIGHT,1.8,2.82,0.50,103.2,8.3,2900
73.85,-24.456,-24.323,32.3,0.98,AVOID|STRAIGHT,1.8,2.82,0.50,103.2,7.4,3000
73.90,-24.456,-24.323,32.6,0.98,AVOID|STRAIGHT,1.8,2.82,0.50,103.2,6.5,3125
73.95,-24.376,-24.257,33.1,1.15,AVOID|LEFT,0.4,2.73,0.50,22.9,5.0,3290
74.00,-24.376,-24.257,33.2,1.15,AVOID|LEFT,0.4,2.73,0.48,22.9,4.2,3420
74.05,-24.295,-24.191,33.6,1.03,AVOID|LEFT,-2.8,2.57,0.48,-160.5,3.9,3483
74.10,-24.295,-24.191,33.7,1.03,AVOID|LEFT,-2.8,2.57,0.44,-160.5,3.5,3538
74.15,-24.223,-24.110,34.0,1.17,AVOID|LEFT,-3.8,2.48,0.44,-217.8,3.0,3618
74.20,-24.223,-24.110,34.0,1.17,AVOID|RIGHT,-4.0,2.42,0.42,-217.8,2.3,3701
74.25,-24.139,-24.048,34.1,0.95,AVOID|RIGHT,-4.0,2.42,0.42,-229.3,1.2,3880
74.30,-24.139,-24.048,34.1,0.95,AVOID|STRAIGHT,-4.8,2.33,0.41,-229.3,0.4,4004
74.35,-24.056,-23.990,34.1,1.02,AVOID|STRAIGHT,-4.8,2.33,0.41,-275.2,-0.4,4106
74.40,-24.056,-23.990,34.0,1.02,AVOID|RIGHT,-6.0,2.26,0.38,-344.0,-0.8,4167
74.45,-23.968,-23.931,33.9,0.96,AVOID|RIGHT,-6.0,2.26,0.37,-344.0,-0.7,4214
74.50,-23.968,-23.931,33.9,0.96,AVOID|RIGHT,-6.2,2.18,0.37,-355.4,-1.0,4230
74.55,-23.883,-23.868,33.6,1.05,AVOID|RIGHT,-6.2,2.18,0.34,-355.4,-1.6,4328
74.60,-23.883,-23.868,33.5,1.05,AVOID|RIGHT,-5.8,2.08,0.34,-332.5,-2.1,4361
74.65,-23.802,-23.809,33.3,1.12,AVOID|RIGHT,-5.8,2.08,0.32,-332.5,-2.3,4395
74.70,-23.802,-23.809,33.1,1.12,AVOID|RIGHT,-5.8,2.01,0.32,-332.5,-2.4,4395
74.75,-23.717,-23.748,33.0,0.95,AVOID|RIGHT,-6.0,1.93,0.30,-332.5,-2.4,4447
74.80,-23.717,-23.748,32.8,0.95,AVOID|RIGHT,-6.0,1.93,0.30,-344.0,-2.5,4412
74.85,-23.632,-23.683,32.6,1.07,AVOID|RIGHT,-6.0,1.84,0.28,-344.0,-2.5,4447
74.90,-23.632,-23.683,32.4,1.07,AVOID|RIGHT,-6.0,1.84,0.28,-344.0,-2.7,4465
74.95,-23.544,-23.625,32.1,1.06,AVOID|RIGHT,-6.2,1.77,0.26,-344.0,-2.7,4465
75.00,-23.544,-23.625,32.0,1.06,AVOID|RIGHT,-6.2,1.77,0.25,-355.4,-2.7,4465
75.05,-23.455,-23.563,31.8,1.19,AVOID|RIGHT,-6.4,1.68,0.25,-366.9,-2.7,4483
75.10,-23.455,-23.563,31.6,1.19,AVOID|RIGHT,-6.4,1.68,0.25,-366.9,-2.6,4483
75.15,-23.363,-23.496,31.3,1.14,AVOID|LEFT,14.2,1.60,0.25,814.1,-2.7,4483
75.20,-23.363,-23.496,31.2,1.14,AVOID|LEFT,14.2,1.60,0.25,814.1,-2.7,4483
75.25,-23.273,-23.440,31.0,0.96,BLOCKED|STOP,,1.53,0.25,-508.2,-2.7,4483
75.30,-23.273,-23.440,30.7,0.96,BLOCKED|STOP,,1.53,0.25,-594.4,-2.2,4465
75.35,-23.186,-23.379,30.7,1.06,BLOCKED|STOP,,1.45,0.25,-587.1,0.3,4230
75.40,-23.186,-23.379,30.7,1.06,BLOCKED|STOP,,1.38,0.25,-602.6,0.5,4167
75.45,-23.186,-23.379,30.7,1.06,BLOCKED|STOP,,1.38,0.25,-604.2,-1.0,4262
75.50,-23.096,-23.309,30.4,0.93,BLOCKED|STOP,,1.31,0.25,-602.7,-2.6,4395
75.55,-23.096,-23.309,29.9,0.93,BLOCKED|STOP,,1.31,0.25,-711.0,-4.5,4593
75.60,-23.096,-23.309,29.6,0.93,BLOCKED|STOP,,1.24,0.25,-693.1,-6.1,4748
75.65,-22.911,-23.191,28.9,1.23,BLOCKED|STOP,,1.24,0.25,-681.8,-7.0,4808
75.70,-22.911,-23.191,28.5,1.23,BLOCKED|STOP,,1.17,0.25,-552.9,-7.6,4871
75.75,-22.818,-23.127,27.8,1.12,BLOCKED|STOP,,1.17,0.25,-449.0,-8.2,4913
75.80,-22.818,-23.127,27.4,1.12,BLOCKED|STOP,,1.10,0.25,-499.0,-8.2,4913
75.85,-22.720,-23.076,26.6,1.10,BLOCKED|STOP,,1.10,0.25,-488.9,-8.2,4935
75.90,-22.720,-23.076,26.2,1.10,BLOCKED|STOP,,1.03,0.25,-508.0,-8.1,4913
75.95,-22.620,-23.024,25.4,1.26,BLOCKED|STOP,,1.03,0.25,-496.3,-8.2,4935
76.00,-22.620,-23.024,25.1,1.26,BLOCKED|STOP,,0.96,0.25,-460.7,-8.2,4957
76.05,-22.519,-22.977,24.4,1.11,BLOCKED|STOP,,0.96,0.16,-450.7,-8.2,4957
76.10,-22.519,-22.977,23.8,1.11,BLOCKED|STOP,,0.89,0.07,-333.1,-8.2,4935
76.15,-22.419,-22.927,23.1,1.12,BLOCKED|STOP,,0.84,0.00,-315.9,-8.2,4935
76.20,-22.419,-22.927,22.7,1.12,BLOCKED|STOP,,0.84,0.00,-319.8,-8.2,4957
76.25,-22.311,-22.890,21.9,1.14,BLOCKED|STOP,,0.77,0.00,-306.3,-8.3,4957
76.30,-22.311,-22.890,21.6,1.14,BLOCKED|STOP,,0.77,0.00,-296.4,-8.1,4957
76.35,-22.214,-22.844,20.9,1.07,BLOCKED|STOP,,0.71,0.00,-284.6,-7.3,4892
76.40,-22.214,-22.844,20.5,1.07,BLOCKED|STOP,,0.71,0.00,-309.0,-7.2,4913
76.45,-22.214,-22.844,19.9,1.07,BLOCKED|STOP,,0.66,0.00,-295.6,-7.2,4913
76.50,-22.115,-22.799,19.6,0.91,BLOCKED|STOP,,0.66,0.00,-274.3,-7.2,4913
76.55,-22.115,-22.799,19.0,0.91,BLOCKED|STOP,,0.63,0.00,-351.0,-7.2,4892
76.60,-22.115,-22.799,18.7,0.91,BLOCKED|STOP,,0.63,0.00,-328.0,-7.2,4892
76.65,-22.115,-22.799,18.1,0.91,BLOCKED|STOP,,0.60,0.00,-316.1,-7.3,4913
76.70,-21.938,-22.744,17.9,0.92,BLOCKED|STOP,,0.60,0.00,-292.2,-7.3,4892
76.75,-21.938,-22.744,17.3,0.92,AVOID|RIGHT,-6.6,1.06,0.00,-378.4,-7.2,4935
76.80,-21.938,-22.744,17.1,0.92,AVOID|RIGHT,-5.8,1.17,0.05,-378.4,-7.3,4892
76.85,-21.766,-22.690,16.6,0.95,AVOID|RIGHT,-5.8,1.17,0.10,-332.5,-7.2,4913
76.90,-21.766,-22.690,16.4,0.95,AVOID|RIGHT,-5.2,1.16,0.15,-332.5,-7.3,4892
76.95,-21.690,-22.668,15.9,0.88,AVOID|RIGHT,-5.2,1.16,0.20,-298.1,-7.2,4913
77.00,-21.690,-22.668,15.7,0.88,AVOID|LEFT,-4.2,1.16,0.25,-240.8,-7.3,4913
77.05,-21.625,-22.648,15.3,0.62,AVOID|LEFT,-4.2,1.16,0.25,-240.8,-7.3,4892
77.10,-21.625,-22.648,15.0,0.62,AVOID|LEFT,-3.6,2.05,0.25,-206.4,-7.2,4913
77.15,-21.550,-22.638,14.6,0.75,AVOID|LEFT,-3.6,2.05,0.30,-206.4,-7.3,4913
77.20,-21.550,-22.638,14.3,0.75,AVOID|LEFT,-2.6,2.00,0.31,-149.1,-7.2,4892
77.25,-21.490,-22.614,13.8,0.71,AVOID|LEFT,-2.0,1.95,0.30,-149.1,-7.5,4892
77.30,-21.490,-22.614,13.6,0.71,AVOID|LEFT,-2.0,1.95,0.30,-114.7,-7.2,4913
77.35,-21.427,-22.588,13.1,0.67,AVOID|LEFT,-0.6,1.89,0.29,-114.7,-6.4,4850
77.40,-21.427,-22.588,12.8,0.67,AVOID|LEFT,-0.6,1.89,0.29,-34.4,-5.5,4829
77.45,-21.427,-22.588,12.4,0.67,AVOID|LEFT,0.0,1.83,0.27,0.0,-4.8,4768
77.50,-21.351,-22.571,12.2,0.55,AVOID|LEFT,0.0,1.83,0.26,0.0,-4.5,4728
77.55,-21.351,-22.571,11.9,0.55,AVOID|LEFT,0.4,1.78,0.26,22.9,-3.9,4688
77.60,-21.351,-22.571,11.7,0.55,AVOID|LEFT,0.4,1.78,0.25,22.9,-3.4,4650
77.65,-21.198,-22.544,11.4,0.92,AVOID|LEFT,1.4,1.73,0.25,80.3,-3.2,4593
77.70,-21.198,-22.544,11.2,0.92,AVOID|LEFT,1.4,1.73,0.25,80.3,-2.7,4574
77.75,-21.122,-22.523,10.9,0.87,AVOID|LEFT,2.0,1.66,0.25,114.7,-2.5,4537
77.80,-21.122,-22.523,10.8,0.87,AVOID|LEFT,2.0,1.66,0.25,114.7,-2.0,4501
77.85,-21.040,-22.503,10.6,0.77,AVOID|LEFT,2.8,1.61,0.25,160.5,-1.4,4430
77.90,-21.040,-22.503,10.5,0.77,AVOID|LEFT,2.8,1.54,0.25,160.5,-0.9,4378
77.95,-20.967,-22.478,10.3,0.76,AVOID|LEFT,2.8,1.54,0.25,160.5,-0.4,4311
78.00,-20.967,-22.478,10.3,0.76,AVOID|LEFT,3.2,1.49,0.25,160.5,0.2,4230
78.05,-20.890,-22.452,10.2,0.80,AVOID|LEFT,3.2,1.49,0.25,183.4,0.5,4198
78.10,-20.890,-22.452,10.1,0.80,AVOID|LEFT,3.0,1.44,0.25,172.0,0.6,4167
78.15,-20.807,-22.426,10.1,0.96,AVOID|LEFT,3.0,1.44,0.25,172.0,0.7,4152
78.20,-20.807,-22.426,10.0,0.96,AVOID|LEFT,3.4,1.37,0.25,194.9,0.7,4137
78.25,-20.724,-22.407,10.0,0.85,AVOID|LEFT,3.4,1.37,0.25,194.9,0.7,4106
78.30,-20.724,-22.407,10.0,0.85,AVOID|LEFT,3.8,1.31,0.25,217.8,0.7,4121
78.35,-20.645,-22.377,9.9,0.83,AVOID|LEFT,3.8,1.31,0.25,217.8,0.6,4121
78.40,-20.645,-22.377,9.8,0.83,AVOID|LEFT,3.0,1.24,0.25,172.0,0.7,4137
78.45,-20.554,-22.368,9.8,0.83,AVOID|LEFT,3.6,1.19,0.25,172.0,0.7,4121
78.50,-20.554,-22.368,9.7,0.83,AVOID|LEFT,3.6,1.19,0.25,206.4,0.7,4121
78.55,-20.462,-22.354,9.7,1.03,AVOID|LEFT,4.0,1.13,0.25,206.4,0.6,4106
78.60,-20.462,-22.354,9.7,1.03,AVOID|LEFT,4.0,1.13,0.25,229.3,0.7,4106
78.65,-20.378,-22.325,9.7,0.88,AVOID|LEFT,4.6,1.06,0.25,263.7,0.7,4106
78.70,-20.378,-22.325,9.7,0.88,AVOID|LEFT,4.6,1.06,0.25,263.7,0.7,4137
78.75,-20.292,-22.307,9.6,0.88,AVOID|LEFT,4.8,1.00,0.25,275.2,1.0,4077
78.80,-20.292,-22.307,9.6,0.88,AVOID|LEFT,4.8,1.00,0.16,275.2,1.6,3990
78.85,-20.204,-22.282,9.8,0.91,AVOID|LEFT,5.2,0.94,0.07,298.1,2.2,3920
78.90,-20.204,-22.282,9.8,0.91,AVOID|LEFT,5.2,0.94,0.00,298.1,2.4,3840
78.95,-20.115,-22.265,10.0,0.91,AVOID|LEFT,5.8,0.88,0.00,332.5,2.5,3827
79.00,-20.115,-22.265,10.0,0.91,AVOID|LEFT,6.0,0.83,0.00,332.5,2.5,3840
79.05,-20.029,-22.237,10.1,0.89,AVOID|LEFT,6.0,0.83,0.00,344.0,2.5,3827
79.10,-20.029,-22.237,10.2,0.89,AVOID|LEFT,6.0,0.79,0.00,344.0,3.2,3726
79.15,-19.951,-22.208,10.5,0.82,AVOID|LEFT,6.0,0.79,0.00,344.0,3.7,3677
79.20,-19.951,-22.208,10.6,0.82,AVOID|LEFT,5.4,0.75,0.00,344.0,3.9,3618
79.25,-19.857,-22.195,10.9,0.95,AVOID|LEFT,5.4,0.75,0.00,309.6,3.8,3630
79.30,-19.857,-22.195,11.0,0.95,AVOID|LEFT,6.0,0.71,0.00,344.0,3.9,3606
79.35,-19.782,-22.173,11.1,0.86,AVOID|LEFT,6.0,0.71,0.00,344.0,3.9,3606
79.40,-19.782,-22.173,11.3,0.86,AVOID|LEFT,4.6,0.69,0.00,263.7,3.8,3595
79.45,-19.719,-22.150,11.5,0.55,AVOID|LEFT,4.6,0.69,0.00,263.7,3.9,3606
79.50,-19.719,-22.150,11.5,0.55,AVOID|LEFT,4.2,0.66,0.00,240.8,3.9,3618
79.55,-19.649,-22.130,11.7,0.81,AVOID|LEFT,4.2,0.66,0.00,240.8,3.8,3606
79.60,-19.649,-22.130,11.8,0.81,AVOID|LEFT,4.8,0.65,0.00,275.2,3.9,3595
79.65,-19.589,-22.108,12.0,0.63,AVOID|LEFT,4.8,0.64,0.00,275.2,3.9,3595
79.70,-19.589,-22.108,12.0,0.63,AVOID|LEFT,4.8,0.64,0.00,275.2,3.8,3595
79.75,-19.533,-22.092,12.2,0.58,AVOID|LEFT,10.4,0.96,0.00,275.2,3.9,3595
79.80,-19.533,-22.092,12.3,0.58,AVOID|LEFT,10.4,0.96,0.00,596.2,3.9,3583
79.85,-19.480,-22.069,12.4,0.57,AVOID|LEFT,10.8,0.96,0.00,619.1,3.8,3595
79.90,-19.480,-22.069,12.4,0.57,AVOID|LEFT,10.8,0.96,0.00,619.1,3.9,3595
79.95,-19.430,-22.057,12.5,0.51,CLEAR|STRAIGHT,,999.00,0.00,640.2,5.2,3451
80.00,-19.430,-22.057,12.6,0.51,CLEAR|STRAIGHT,,999.00,0.05,677.6,6.8,3280
80.05,-19.389,-22.038,13.0,0.44,CLEAR|STRAIGHT,,999.00,0.10,673.6,7.7,3125
80.10,-19.389,-22.038,13.1,0.44,CLEAR|STRAIGHT,,999.00,0.15,698.5,8.5,3033
80.15,-19.351,-22.020,13.3,0.41,CLEAR|STRAIGHT,,999.00,0.20,693.0,8.8,2969
80.20,-19.351,-22.020,13.5,0.41,CLEAR|STRAIGHT,,999.00,0.25,709.3,9.0,2922
80.25,-19.314,-22.007,13.8,0.38,CLEAR|STRAIGHT,,999.00,0.30,702.8,8.9,2930
80.30,-19.314,-22.007,13.8,0.38,CLEAR|STRAIGHT,,999.00,0.35,720.0,9.0,2915
80.35,-19.288,-21.991,14.1,0.29,CLEAR|STRAIGHT,,999.00,0.40,716.7,9.4,2885
80.40,-19.288,-21.991,14.3,0.29,CLEAR|STRAIGHT,,999.00,0.45,743.0,9.5,2841
80.45,-19.257,-21.975,14.6,0.31,CLEAR|STRAIGHT,,999.00,0.50,735.0,9.6,2834
80.50,-19.257,-21.975,14.8,0.31,CLEAR|STRAIGHT,,999.00,0.55,728.0,10.0,2778
80.55,-19.219,-21.958,15.2,0.46,CLEAR|STRAIGHT,,999.00,0.60,720.4,10.2,2778
80.60,-19.219,-21.958,15.4,0.46,CLEAR|STRAIGHT,,999.00,0.65,676.5,10.2,2771
80.65,-19.185,-21.940,15.7,0.38,CLEAR|STRAIGHT,,999.00,0.67,666.7,10.1,2771
80.70,-19.185,-21.940,15.9,0.38,CLEAR|STRAIGHT,,999.00,0.67,691.8,10.3,2751
80.75,-19.143,-21.922,16.4,0.46,CLEAR|STRAIGHT,,999.00,0.67,682.6,10.4,2737
80.80,-19.143,-21.922,16.6,0.46,CLEAR|STRAIGHT,,999.00,0.67,553.7,10.4,2724
80.85,-19.099,-21.904,17.0,0.47,CLEAR|STRAIGHT,,999.00,0.68,505.0,10.3,2724
80.90,-19.099,-21.904,17.4,0.47,CLEAR|STRAIGHT,,999.00,0.68,503.0,10.4,2724
80.95,-19.058,-21.881,17.7,0.46,CLEAR|STRAIGHT,,999.00,0.68,489.1,10.4,2737
81.00,-19.058,-21.881,18.0,0.46,CLEAR|STRAIGHT,,999.00,0.68,485.7,10.4,2724
81.05,-19.002,-21.855,18.6,0.61,CLEAR|STRAIGHT,,999.00,0.68,473.5,10.3,2724
81.10,-19.002,-21.855,18.8,0.61,CLEAR|STRAIGHT,,999.00,0.68,442.8,10.4,2711
81.15,-18.960,-21.836,19.4,0.46,CLEAR|STRAIGHT,,999.00,0.68,434.1,10.3,2711
81.20,-18.960,-21.836,19.6,0.46,CLEAR|STRAIGHT,,999.00,0.68,450.3,10.4,2718
81.25,-18.906,-21.809,20.1,0.60,CLEAR|STRAIGHT,,999.00,0.68,440.1,10.0,2751
81.30,-18.906,-21.809,20.4,0.60,CLEAR|STRAIGHT,,999.00,0.68,411.7,9.2,2813
81.35,-18.849,-21.789,21.0,0.67,CLEAR|STRAIGHT,,999.00,0.68,399.1,9.2,2827
81.40,-18.849,-21.789,21.3,0.67,CLEAR|STRAIGHT,,999.00,0.68,386.3,9.2,2820
81.45,-18.849,-21.789,21.8,0.67,CLEAR|STRAIGHT,,999.00,0.68,375.2,9.1,2827
81.50,-18.800,-21.751,22.1,0.46,CLEAR|STRAIGHT,,999.00,0.68,352.4,9.2,2841
81.55,-18.745,-21.721,22.6,0.78,CLEAR|STRAIGHT,,999.00,0.68,373.7,8.7,2870
81.60,-18.745,-21.721,22.8,0.78,CLEAR|STRAIGHT,,999.00,0.68,312.2,8.5,2907
81.65,-18.688,-21.682,23.3,0.68,CLEAR|STRAIGHT,,999.00,0.68,302.2,8.4,2907
81.70,-18.688,-21.682,23.6,0.68,CLEAR|STRAIGHT,,999.00,0.68,233.7,8.3,2930
81.75,-18.635,-21.647,24.0,0.62,CLEAR|STRAIGHT,,999.00,0.69,222.9,7.8,2976
81.80,-18.635,-21.647,24.3,0.62,CLEAR|STRAIGHT,,999.00,0.69,211.1,7.5,3016
81.85,-18.578,-21.605,24.8,0.69,CLEAR|STRAIGHT,,999.00,0.69,201.6,7.2,3066
81.90,-18.578,-21.605,25.0,0.69,CLEAR|STRAIGHT,,999.00,0.69,173.0,6.8,3100
81.95,-18.521,-21.563,25.5,0.70,CLEAR|STRAIGHT,,999.00,0.69,163.7,6.5,3143
82.00,-18.521,-21.563,25.8,0.70,CLEAR|STRAIGHT,,999.00,0.69,138.6,6.1,3215
82.05,-18.459,-21.531,26.2,0.69,CLEAR|STRAIGHT,,999.00,0.69,129.3,5.7,3252
82.10,-18.459,-21.531,26.4,0.69,CLEAR|STRAIGHT,,999.00,0.69,117.5,5.2,3309
82.15,-18.394,-21.489,26.7,0.77,CLEAR|STRAIGHT,,999.00,0.69,109.2,5.0,3349
82.20,-18.394,-21.489,26.8,0.77,CLEAR|STRAIGHT,,999.00,0.69,90.4,4.7,3399
82.25,-18.331,-21.450,27.2,0.82,CLEAR|STRAIGHT,,999.00,0.69,84.2,4.6,3420
82.30,-18.331,-21.450,27.4,0.82,CLEAR|STRAIGHT,,999.00,0.69,64.0,4.7,3420
82.35,-18.259,-21.414,27.7,0.73,CLEAR|STRAIGHT,,999.00,0.69,55.0,4.7,3410
82.40,-18.259,-21.414,27.9,0.73,CLEAR|STRAIGHT,,999.00,0.69,44.2,4.2,3483
82.45,-18.259,-21.414,28.2,0.73,CLEAR|STRAIGHT,,999.00,0.69,38.7,3.7,3538
82.50,-18.259,-21.414,28.4,0.73,CLEAR|STRAIGHT,,999.00,0.69,26.2,3.6,3561
82.55,-18.207,-21.367,28.6,0.42,CLEAR|STRAIGHT,,999.00,0.69,20.5,3.5,3561
82.60,-18.207,-21.367,28.8,0.42,CLEAR|STRAIGHT,,999.00,0.69,-7.8,3.5,3606
82.65,-18.067,-21.288,29.1,1.15,CLEAR|STRAIGHT,,999.00,0.69,-15.4,3.6,3595
82.70,-18.067,-21.288,29.2,1.15,CLEAR|STRAIGHT,,999.00,0.69,-18.5,3.6,3595
82.75,-18.000,-21.235,29.5,0.85,CLEAR|STRAIGHT,,999.00,0.69,-24.0,3.6,3583
82.80,-18.000,-21.235,29.7,0.85,CLEAR|STRAIGHT,,999.00,0.69,-58.1,3.2,3641
82.85,-17.931,-21.188,30.0,0.84,CLEAR|STRAIGHT,,999.00,0.69,-65.4,2.7,3689
82.90,-17.931,-21.188,30.1,0.84,CLEAR|STRAIGHT,,999.00,0.69,-92.8,2.5,3751
82.95,-17.859,-21.137,30.3,0.88,CLEAR|STRAIGHT,,999.00,0.69,-96.2,2.2,3788
83.00,-17.859,-21.137,30.4,0.88,CLEAR|STRAIGHT,,999.00,0.69,-80.8,1.9,3827
83.05,-17.794,-21.087,30.6,0.74,CLEAR|STRAIGHT,,999.00,0.70,-86.2,1.6,3867
83.10,-17.794,-21.087,30.7,0.74,CLEAR|STRAIGHT,,999.00,0.70,-117.1,1.3,3920
83.15,-17.724,-21.032,30.8,0.98,CLEAR|STRAIGHT,,999.00,0.70,-118.8,1.3,3934
83.20,-17.724,-21.032,30.9,0.98,CLEAR|STRAIGHT,,999.00,0.70,-127.6,1.2,3962
83.25,-17.649,-20.982,31.1,0.91,CLEAR|STRAIGHT,,999.00,0.70,-131.1,1.3,3962
83.30,-17.649,-20.982,31.2,0.91,CLEAR|STRAIGHT,,999.00,0.70,-156.5,1.2,3990
83.35,-17.572,-20.921,31.3,0.96,CLEAR|STRAIGHT,,999.00,0.70,-160.6,1.3,3948
83.40,-17.572,-20.921,31.3,0.96,CLEAR|STRAIGHT,,999.00,0.70,-189.0,0.8,4047
83.45,-17.572,-20.921,31.4,0.96,CLEAR|STRAIGHT,,999.00,0.70,-188.4,0.5,4077
83.50,-17.499,-20.870,31.4,0.69,CLEAR|STRAIGHT,,999.00,0.70,-190.4,0.3,4106
83.55,-17.499,-20.870,31.4,0.69,CLEAR|STRAIGHT,,999.00,0.70,-257.7,0.2,4152
83.60,-17.499,-20.870,31.3,0.69,CLEAR|STRAIGHT,,999.00,0.70,-254.6,0.0,4167
83.65,-17.499,-20.870,31.3,0.69,CLEAR|STRAIGHT,,999.00,0.70,-251.7,-0.0,4167
83.70,-17.352,-20.759,31.3,0.84,CLEAR|STRAIGHT,,999.00,0.70,-251.9,-0.2,4214
83.75,-17.352,-20.759,31.2,0.84,CLEAR|STRAIGHT,,999.00,0.70,-197.4,-0.6,4230
83.80,-17.352,-20.759,31.2,0.84,CLEAR(조향OFF)|STRAIGHT,,999.00,0.70,-194.0,-0.6,4230
83.85,-17.190,-20.659,31.1,1.19,CLEAR(조향OFF)|STRAIGHT,,999.00,0.70,-193.5,-0.5,4246
83.90,-17.190,-20.659,31.0,1.19,CLEAR(조향OFF)|STRAIGHT,,999.00,0.70,-182.5,-0.6,4246
83.95,-17.111,-20.608,31.0,1.03,CLEAR(조향OFF)|STRAIGHT,,999.00,0.70,-179.8,-0.6,4246
84.00,-17.111,-20.608,30.9,1.03,CLEAR(조향OFF)|STRAIGHT,,999.00,0.70,-217.1,-0.6,4262
84.05,-17.026,-20.552,30.7,1.11,CLEAR(조향OFF)|STRAIGHT,,999.00,0.70,-213.3,-0.5,4246
84.10,-17.026,-20.552,30.7,1.11,CLEAR(조향OFF)|STRAIGHT,,999.00,0.70,-149.9,-0.6,4278
84.15,-16.941,-20.496,30.6,0.99,CLEAR(조향OFF)|STRAIGHT,,999.00,0.68,-150.1,-0.6,4262
84.20,-16.941,-20.496,30.6,0.99,CLEAR(조향OFF)|STRAIGHT,,999.00,0.68,-173.3,-0.5,4262
84.25,-16.865,-20.435,30.5,0.98,CLEAR(조향OFF)|STRAIGHT,,999.00,0.68,-171.5,-0.5,4246
84.30,-16.865,-20.435,30.5,0.98,CLEAR(조향OFF)|STRAIGHT,,999.00,0.68,-197.8,-0.6,4262
84.35,-16.778,-20.378,30.4,0.97,CLEAR(조향OFF)|STRAIGHT,,999.00,0.68,-195.7,-0.6,4262
84.40,-16.778,-20.378,30.4,0.97,CLEAR(조향OFF)|STRAIGHT,,999.00,0.68,-216.7,-0.6,4262
84.45,-16.698,-20.318,30.2,0.91,CLEAR(조향OFF)|STRAIGHT,,999.00,0.68,-216.0,-0.6,4246
84.50,-16.698,-20.318,30.2,0.91,CLEAR(조향OFF)|STRAIGHT,,999.00,0.68,-253.5,-0.6,4262
84.55,-16.620,-20.250,30.0,1.12,CLEAR(조향OFF)|STRAIGHT,,999.00,0.68,-251.3,-0.7,4262
84.60,-16.620,-20.250,30.0,1.12,CLEAR(조향OFF)|STRAIGHT,,999.00,0.68,-165.6,-0.7,4278
84.65,-16.527,-20.200,29.9,1.05,CLEAR(조향OFF)|STRAIGHT,,999.00,0.66,-164.0,-1.1,4311
84.70,-16.527,-20.200,29.8,1.05,CLEAR(조향OFF)|STRAIGHT,,999.00,0.66,-179.6,-1.0,4328
84.75,-16.441,-20.147,29.6,1.01,CLEAR(조향OFF)|STRAIGHT,,999.00,0.66,-176.7,-1.0,4311
84.80,-16.441,-20.147,29.6,1.01,CLEAR(조향OFF)|STRAIGHT,,999.00,0.66,-194.4,-1.1,4311
84.85,-16.363,-20.075,29.6,1.04,CLEAR(조향OFF)|STRAIGHT,,999.00,0.66,-194.3,-1.1,4328
84.90,-16.363,-20.075,29.5,1.04,CLEAR(조향OFF)|STRAIGHT,,999.00,0.66,-225.9,-1.0,4311
84.95,-16.363,-20.075,29.3,1.04,CLEAR(조향OFF)|STRAIGHT,,999.00,0.66,-223.2,-1.4,4344
85.00,-16.268,-20.030,29.3,0.75,CLEAR(조향OFF)|STRAIGHT,,999.00,0.66,-216.4,-1.4,4361
85.05,-16.268,-20.030,29.1,0.75,CLEAR(조향OFF)|STRAIGHT,,999.00,0.66,-287.3,-1.4,4344
85.10,-16.268,-20.030,29.1,0.75,CLEAR(조향OFF)|STRAIGHT,,999.00,0.66,-281.4,-1.4,4344
85.15,-16.090,-19.923,28.8,1.22,CLEAR(조향OFF)|STRAIGHT,,999.00,0.66,-278.6,-1.4,4361
85.20,-16.090,-19.923,28.8,1.22,CLEAR(조향OFF)|STRAIGHT,,999.00,0.66,-149.7,-1.4,4361
85.25,-15.998,-19.870,28.7,1.06,CLEAR(조향OFF)|STRAIGHT,,999.00,0.65,-139.9,-1.4,4361
85.30,-15.998,-19.870,28.6,1.06,CLEAR(조향OFF)|STRAIGHT,,999.00,0.65,-168.4,-1.4,4344
85.35,-15.912,-19.817,28.4,1.12,CLEAR(조향OFF)|STRAIGHT,,999.00,0.65,-165.0,-1.4,4361
85.40,-15.912,-19.817,28.3,1.12,CLEAR(조향OFF)|STRAIGHT,,999.00,0.65,-169.0,-1.3,4361
85.45,-15.912,-19.817,28.2,1.12,CLEAR(조향OFF)|STRAIGHT,,999.00,0.65,-165.8,-1.5,4378
85.50,-15.826,-19.747,28.1,0.91,CLEAR(조향OFF)|STRAIGHT,,999.00,0.65,-160.4,-1.3,4361
85.55,-15.826,-19.747,27.9,0.91,CLEAR(조향OFF)|STRAIGHT,,999.00,0.65,-232.5,-1.5,4378
85.60,-15.826,-19.747,27.9,0.91,CLEAR(조향OFF)|STRAIGHT,,999.00,0.65,-223.5,-1.5,4344
85.65,-15.638,-19.649,27.7,1.12,CLEAR(조향OFF)|STRAIGHT,,999.00,0.65,-222.1,-1.4,4378
85.70,-15.638,-19.649,27.6,1.12,CLEAR(조향OFF)|STRAIGHT,,999.00,0.65,-119.5,-1.4,4344
85.75,-15.548,-19.590,27.4,1.18,CLEAR(조향OFF)|STRAIGHT,,999.00,0.64,-115.1,-1.5,4361
85.80,-15.548,-19.590,27.4,1.18,CLEAR(조향OFF)|STRAIGHT,,999.00,0.64,-119.9,-1.4,4361
85.85,-15.444,-19.560,27.2,1.07,CLEAR(조향OFF)|STRAIGHT,,999.00,0.64,-116.8,-1.3,4378
85.90,-15.444,-19.560,27.2,1.07,CLEAR(조향OFF)|STRAIGHT,,999.00,0.64,-118.5,-1.3,4361
85.95,-15.355,-19.503,26.9,1.06,CLEAR(조향OFF)|STRAIGHT,,999.00,0.64,-116.8,-1.4,4378
86.00,-15.355,-19.503,26.9,1.06,CLEAR(조향OFF)|STRAIGHT,,999.00,0.64,-60.1,-1.3,4361
86.05,-15.265,-19.447,26.7,1.05,CLEAR(조향OFF)|STRAIGHT,,999.00,0.63,-57.6,-1.4,4361
86.10,-15.265,-19.447,26.6,1.05,CLEAR(조향OFF)|STRAIGHT,,999.00,0.63,-64.9,-1.3,4361
86.15,-15.168,-19.397,26.4,1.00,CLEAR(조향OFF)|STRAIGHT,,999.00,0.63,-61.4,-1.4,4378
86.20,-15.168,-19.397,26.4,1.00,CLEAR(조향OFF)|STRAIGHT,,999.00,0.63,-65.8,-1.4,4344
86.25,-15.074,-19.348,26.1,1.18,CLEAR(조향OFF)|STRAIGHT,,999.00,0.63,-64.4,-1.4,4378
86.30,-15.074,-19.348,26.1,1.18,CLEAR(조향OFF)|STRAIGHT,,999.00,0.63,-44.2,-1.4,4361
86.35,-15.074,-19.348,25.9,1.18,CLEAR(조향OFF)|STRAIGHT,,999.00,0.63,-41.6,-1.4,4378
86.40,-14.988,-19.304,25.8,0.69,CLEAR(조향OFF)|STRAIGHT,,999.00,0.63,-36.1,-1.4,4378
86.45,-14.988,-19.304,25.7,0.69,CLEAR(조향OFF)|STRAIGHT,,999.00,0.63,-101.0,-1.4,4378
86.50,-14.988,-19.304,25.6,0.69,AVOID(조향OFF)|RIGHT,,3.92,0.63,-93.0,-1.3,4344
86.55,-14.802,-19.206,25.4,1.23,AVOID(조향OFF)|RIGHT,,3.92,0.63,-89.5,-1.4,4361
86.60,-14.802,-19.206,25.3,1.23,AVOID(조향OFF)|RIGHT,,3.82,0.63,20.6,-1.4,4361
86.65,-14.710,-19.159,25.2,1.04,AVOID(조향OFF)|RIGHT,,3.82,0.63,24.0,-1.5,4361
86.70,-14.710,-19.159,25.1,1.04,AVOID(조향OFF)|RIGHT,,3.72,0.63,15.9,-1.3,4395
86.75,-14.622,-19.102,24.9,1.15,AVOID(조향OFF)|RIGHT,,3.62,0.63,18.8,-1.3,4361
86.80,-14.622,-19.102,24.8,1.15,AVOID(조향OFF)|RIGHT,,3.62,0.63,20.4,-1.4,4361
86.85,-14.525,-19.062,24.7,0.95,AVOID(조향OFF)|RIGHT,,3.52,0.63,25.1,-1.3,4378
86.90,-14.525,-19.062,24.6,0.95,AVOID(조향OFF)|RIGHT,,3.52,0.63,21.5,-1.1,4328
86.95,-14.525,-19.062,24.5,0.95,AVOID(조향OFF)|RIGHT,,3.43,0.63,22.9,-1.2,4344
87.00,-14.525,-19.062,24.4,0.95,AVOID(조향OFF)|RIGHT,,3.43,0.63,29.1,-1.1,4344
87.05,-14.434,-19.026,24.3,0.65,AVOID(조향OFF)|RIGHT,,3.34,0.63,33.8,-1.1,4344
87.10,-14.434,-19.026,24.2,0.65,AVOID(조향OFF)|RIGHT,,3.34,0.62,73.7,-1.2,4344
87.15,-14.244,-18.931,24.0,1.41,AVOID(조향OFF)|RIGHT,,3.24,0.62,75.5,-1.1,4361
87.20,-14.244,-18.931,23.9,1.41,AVOID(조향OFF)|RIGHT,,3.24,0.61,115.9,-1.2,4361
87.25,-14.151,-18.886,23.9,1.04,AVOID(조향OFF)|RIGHT,,3.14,0.61,118.0,-0.9,4328
87.30,-14.151,-18.886,23.8,1.04,AVOID(조향OFF)|RIGHT,,3.14,0.59,118.4,-0.3,4262
87.35,-14.055,-18.835,23.7,1.08,AVOID(조향OFF)|RIGHT,,3.04,0.59,121.0,-0.1,4230
87.40,-14.055,-18.835,23.6,1.08,AVOID(조향OFF)|RIGHT,,2.95,0.56,131.0,-0.1,4246
87.45,-14.055,-18.835,23.5,1.08,AVOID(조향OFF)|RIGHT,,2.95,0.56,132.6,-0.2,4230
87.50,-13.961,-18.795,23.4,0.78,AVOID(조향OFF)|RIGHT,,2.86,0.54,138.5,-0.2,4246
87.55,-13.961,-18.795,23.4,0.78,AVOID(조향OFF)|RIGHT,,2.86,0.54,163.6,-0.1,4246
87.60,-13.961,-18.795,23.3,0.78,AVOID(조향OFF)|RIGHT,,2.76,0.51,165.4,-0.2,4246
87.65,-13.768,-18.696,23.2,1.35,AVOID(조향OFF)|RIGHT,,2.76,0.49,167.9,-0.1,4214
87.70,-13.768,-18.696,23.1,1.35,AVOID(조향OFF)|RIGHT,,2.66,0.49,190.2,-0.2,4230
87.75,-13.674,-18.655,23.1,0.93,AVOID(조향OFF)|RIGHT,,2.66,0.47,193.1,-0.0,4198
87.80,-13.674,-18.655,23.0,0.93,AVOID(조향OFF)|RIGHT,,2.56,0.47,215.4,-0.1,4230
87.85,-13.576,-18.601,22.8,1.11,AVOID(조향OFF)|RIGHT,,2.56,0.44,217.1,-0.2,4246
87.90,-13.576,-18.601,22.8,1.11,AVOID(조향OFF)|RIGHT,,2.46,0.44,221.1,0.6,4137
87.95,-13.485,-18.555,22.7,1.01,AVOID(조향OFF)|RIGHT,,2.46,0.42,222.6,1.4,4033
88.00,-13.485,-18.555,22.8,1.01,AVOID(조향OFF)|RIGHT,,2.29,0.42,240.5,1.9,3976
88.05,-13.385,-18.510,22.9,1.11,AVOID(조향OFF)|RIGHT,,2.20,0.37,239.3,2.0,3907
88.10,-13.385,-18.510,22.9,1.11,AVOID(조향OFF)|RIGHT,,2.20,0.37,250.2,2.0,3907
88.15,-13.291,-18.459,23.0,1.17,AVOID(조향OFF)|RIGHT,,2.09,0.35,249.2,1.9,3893
88.20,-13.291,-18.459,23.1,1.17,AVOID(조향OFF)|RIGHT,,2.09,0.35,257.3,2.0,3893
88.25,-13.190,-18.418,23.2,1.00,AVOID(조향OFF)|RIGHT,,2.00,0.32,254.9,2.0,3880
88.30,-13.190,-18.418,23.2,1.00,AVOID(조향OFF)|RIGHT,,2.00,0.30,285.4,2.0,3907
88.35,-13.093,-18.366,23.3,1.21,AVOID(조향OFF)|RIGHT,,1.90,0.30,284.3,2.5,3814
88.40,-13.093,-18.366,23.4,1.21,AVOID(조향OFF)|RIGHT,,1.90,0.27,262.2,2.6,3814
88.45,-13.093,-18.366,23.5,1.21,AVOID(조향OFF)|RIGHT,,1.80,0.27,258.6,2.6,3801
88.50,-12.998,-18.320,23.6,0.89,AVOID(조향OFF)|RIGHT,,1.80,0.25,255.9,2.6,3801
88.55,-12.896,-18.268,23.7,1.42,BLOCKED(조향OFF)|STOP,,1.77,0.25,288.5,2.6,3788
88.60,-12.896,-18.268,23.8,1.42,BLOCKED(조향OFF)|STOP,,1.77,0.25,276.4,2.6,3788
88.65,-12.803,-18.218,23.9,1.05,BLOCKED(조향OFF)|STOP,,1.60,0.25,275.0,2.7,3776
88.70,-12.803,-18.218,23.9,1.05,BLOCKED(조향OFF)|STOP,,1.50,0.25,308.4,3.3,3726
88.75,-12.705,-18.171,24.1,1.09,BLOCKED(조향OFF)|STOP,,1.50,0.25,307.4,3.3,3726
88.80,-12.705,-18.171,24.3,1.09,BLOCKED(조향OFF)|STOP,,1.46,0.25,321.8,3.3,3677
88.85,-12.613,-18.122,24.6,1.04,BLOCKED(조향OFF)|STOP,,1.46,0.25,316.7,3.4,3677
88.90,-12.613,-18.122,24.7,1.04,BLOCKED(조향OFF)|STOP,,1.36,0.25,292.5,3.4,3677
88.95,-12.519,-18.068,24.9,1.08,BLOCKED(조향OFF)|STOP,,1.36,0.25,288.6,3.2,3677
89.00,-12.519,-18.068,25.0,1.08,BLOCKED(조향OFF)|STOP,,1.26,0.25,295.9,3.3,3665
89.05,-12.422,-18.017,25.3,1.09,BLOCKED(조향OFF)|STOP,,1.26,0.25,292.1,3.3,3665
89.10,-12.422,-18.017,25.5,1.09,BLOCKED(조향OFF)|STOP,,1.16,0.25,303.9,3.3,3665
89.15,-12.320,-17.959,25.8,1.17,BLOCKED(조향OFF)|STOP,,1.16,0.25,295.9,3.1,3665
89.20,-12.320,-17.959,25.9,1.17,BLOCKED(조향OFF)|STOP,,1.06,0.25,300.7,3.1,3665
89.25,-12.226,-17.909,26.1,1.07,BLOCKED(조향OFF)|STOP,,0.95,0.25,298.1,3.3,3665
89.30,-12.226,-17.909,26.3,1.07,BLOCKED(조향OFF)|STOP,,0.95,0.16,282.2,3.4,3677
89.35,-12.124,-17.858,26.5,1.14,BLOCKED(조향OFF)|STOP,,0.85,0.07,277.2,3.3,3653
89.40,-12.124,-17.858,26.6,1.14,BLOCKED(조향OFF)|STOP,,0.85,0.00,289.5,3.3,3665
89.45,-12.031,-17.797,26.7,1.00,BLOCKED(조향OFF)|STOP,,0.75,0.00,287.6,3.6,3641
89.50,-12.031,-17.797,26.8,1.00,BLOCKED(조향OFF)|STOP,,0.75,0.00,306.3,3.6,3641
89.55,-11.942,-17.743,27.0,1.15,BLOCKED(조향OFF)|STOP,,0.65,0.00,303.1,3.6,3630
89.60,-11.942,-17.743,27.1,1.15,BLOCKED(조향OFF)|STOP,,0.65,0.00,304.0,3.6,3618
89.65,-11.851,-17.688,27.4,1.06,BLOCKED(조향OFF)|STOP,,0.55,0.00,300.1,3.6,3618
89.70,-11.851,-17.688,27.5,1.06,BLOCKED(조향OFF)|STOP,,0.55,0.00,318.4,3.6,3618
89.75,-11.770,-17.623,27.8,1.02,BLOCKED(조향OFF)|STOP,,0.46,0.00,313.6,3.6,3618
89.80,-11.770,-17.623,27.9,1.02,BLOCKED(조향OFF)|STOP,,0.46,0.00,276.6,3.6,3630
89.85,-11.692,-17.583,28.1,0.88,BLOCKED(조향OFF)|STOP,,0.38,0.00,272.6,3.6,3630
89.90,-11.692,-17.583,28.2,0.88,BLOCKED(조향OFF)|STOP,,0.30,0.00,293.2,3.9,3583
89.95,-11.621,-17.534,28.5,0.85,BLOCKED(조향OFF)|STOP,,0.30,0.00,289.4,3.9,3583
90.00,-11.621,-17.534,28.6,0.85,CLEAR(조향OFF)|STRAIGHT,,999.00,0.00,294.1,3.9,3572
90.05,-11.546,-17.489,28.8,0.87,CLEAR(조향OFF)|STRAIGHT,,999.00,0.00,289.2,3.9,3583
90.10,-11.546,-17.489,29.0,0.87,CLEAR(조향OFF)|STRAIGHT,,999.00,0.00,299.6,4.0,3572
90.15,-11.483,-17.451,29.2,0.73,CLEAR(조향OFF)|STRAIGHT,,999.00,0.00,293.5,3.9,3583
90.20,-11.483,-17.451,29.3,0.73,CLEAR(조향OFF)|STRAIGHT,,999.00,0.00,310.7,3.9,3583
90.25,-11.422,-17.410,29.5,0.74,CLEAR(조향OFF)|STRAIGHT,,999.00,0.00,305.7,3.9,3583
90.30,-11.422,-17.410,29.6,0.74,CLEAR(조향OFF)|STRAIGHT,,999.00,0.00,312.4,3.9,3583
90.35,-11.369,-17.370,29.9,0.73,CLEAR(조향OFF)|STRAIGHT,,999.00,0.00,307.5,3.9,3572
90.40,-11.369,-17.370,29.9,0.73,CLEAR(조향OFF)|STRAIGHT,,999.00,0.00,266.0,3.9,3583
90.45,-11.333,-17.343,30.0,0.37,CLEAR(조향OFF)|STRAIGHT,,999.00,0.00,263.5,4.1,3561
90.50,-11.333,-17.343,30.1,0.37,CLEAR(조향OFF)|STRAIGHT,,999.00,0.00,284.2,4.1,3561
90.55,-11.292,-17.319,30.2,0.48,CLEAR(조향OFF)|STRAIGHT,,999.00,0.00,279.7,4.2,3538
90.60,-11.292,-17.319,30.3,0.48,CLEAR(조향OFF)|STRAIGHT,,999.00,0.00,277.8,4.1,3561
90.65,-11.262,-17.299,30.2,0.40,CLEAR(조향OFF)|STRAIGHT,,999.00,0.00,276.3,4.1,3516
90.70,-11.262,-17.299,30.3,0.40,CLEAR(조향OFF)|STRAIGHT,,999.00,0.00,290.2,4.0,3549
90.75,-11.246,-17.289,30.4,0.19,CLEAR(조향OFF)|STRAIGHT,,999.00,0.00,286.6,4.2,3538
90.80,-11.246,-17.289,30.4,0.19,CLEAR(조향OFF)|STRAIGHT,,999.00,0.00,304.2,4.1,3549
90.85,-11.228,-17.283,30.4,0.18,CLEAR(조향OFF)|STRAIGHT,,999.00,0.00,302.3,4.2,3527
90.90,-11.228,-17.283,30.4,0.18,CLEAR(조향OFF)|STRAIGHT,,999.00,0.00,315.5,4.1,3549
90.95,-11.222,-17.276,30.4,0.10,CLEAR(조향OFF)|STRAIGHT,,999.00,0.00,315.0,4.1,3549
91.00,-11.222,-17.276,30.4,0.10,CLEAR(조향OFF)|STRAIGHT,,999.00,0.00,318.4,4.2,3549
91.05,-11.224,-17.281,30.4,-0.04,CLEAR(조향OFF)|STRAIGHT,,999.00,0.00,319.5,4.1,3549
91.10,-11.224,-17.281,30.4,-0.04,CLEAR(조향OFF)|STRAIGHT,,999.00,0.00,330.3,4.2,3561
91.15,-11.233,-17.286,30.3,-0.09,CLEAR(조향OFF)|STRAIGHT,,999.00,0.00,331.5,4.1,3538
91.20,-11.233,-17.286,30.3,-0.09,CLEAR(조향OFF)|STRAIGHT,,999.00,0.00,326.2,4.2,3538
91.25,-11.238,-17.288,30.3,-0.06,CLEAR(조향OFF)|STRAIGHT,,999.00,0.00,325.5,4.1,3538
91.30,-11.238,-17.288,30.3,-0.06,CLEAR(조향OFF)|STRAIGHT,,999.00,0.00,326.0,4.1,3561
91.35,-11.241,-17.291,30.3,-0.04,CLEAR(조향OFF)|STRAIGHT,,999.00,0.00,327.4,4.2,3516
91.40,-11.241,-17.291,30.3,-0.04,CLEAR(조향OFF)|STRAIGHT,,999.00,0.00,330.2,4.2,3561
91.45,-11.243,-17.294,30.3,-0.03,CLEAR(조향OFF)|STRAIGHT,,999.00,0.00,331.0,4.2,3561
91.50,-11.243,-17.294,30.3,-0.03,CLEAR(조향OFF)|STRAIGHT,,999.00,0.00,332.1,4.2,3527
91.55,-11.246,-17.294,30.3,-0.03,CLEAR(조향OFF)|STRAIGHT,,999.00,0.00,332.0,4.1,3538
91.60,-11.246,-17.294,30.3,-0.03,CLEAR(조향OFF)|STRAIGHT,,999.00,0.00,327.9,4.1,3561
91.65,-11.244,-17.294,30.2,0.02,CLEAR(조향OFF)|STRAIGHT,,999.00,0.00,327.9,4.1,3538
91.70,-11.244,-17.294,30.3,0.02,CLEAR(조향OFF)|STRAIGHT,,999.00,0.00,332.5,4.1,3538
91.75,-11.246,-17.293,30.3,-0.01,CLEAR(조향OFF)|STRAIGHT,,999.00,0.00,331.8,4.1,3561
91.80,-11.246,-17.293,30.3,-0.01,CLEAR(조향OFF)|STRAIGHT,,999.00,0.00,326.6,4.2,3527
91.85,-11.249,-17.299,30.3,-0.06,CLEAR(조향OFF)|STRAIGHT,,999.00,0.00,326.2,4.3,3516
91.90,-11.249,-17.299,30.3,-0.06,CLEAR(조향OFF)|STRAIGHT,,999.00,0.00,327.0,4.3,3505
91.95,-11.247,-17.296,30.3,0.03,CLEAR(조향OFF)|STRAIGHT,,999.00,0.00,327.0,4.3,3505
92.00,-11.247,-17.296,30.3,0.03,CLEAR(조향OFF)|STRAIGHT,,999.00,0.00,328.0,4.3,3516
92.05,-11.244,-17.294,30.3,0.03,CLEAR(조향OFF)|STRAIGHT,,999.00,0.00,327.6,4.3,3527
92.10,-11.244,-17.294,30.3,0.03,CLEAR(조향OFF)|STRAIGHT,,999.00,0.00,328.9,4.3,3505
92.15,-11.243,-17.293,30.3,0.02,CLEAR(조향OFF)|STRAIGHT,,999.00,0.00,328.2,4.6,3494
92.20,-11.243,-17.293,30.3,0.02,CLEAR(조향OFF)|STRAIGHT,,999.00,0.00,327.5,4.6,3462
92.25,-11.243,-17.293,30.3,0.02,CLEAR(조향OFF)|STRAIGHT,,999.00,0.00,327.2,4.6,3462
92.30,-11.246,-17.316,30.3,-0.09,CLEAR(조향OFF)|STRAIGHT,,999.00,0.00,327.5,4.6,3462
92.35,-11.246,-17.316,30.3,-0.09,CLEAR(조향OFF)|STRAIGHT,,999.00,0.00,347.8,4.6,3473
92.40,-11.246,-17.316,30.3,-0.09,CLEAR(조향OFF)|STRAIGHT,,999.00,0.00,347.4,4.6,3473
92.45,-11.244,-17.325,30.3,-0.02,CLEAR(조향OFF)|STRAIGHT,,999.00,0.00,346.7,5.2,3399
92.50,-11.244,-17.325,30.3,-0.02,CLEAR(조향OFF)|STRAIGHT,,999.00,0.00,368.3,5.2,3389
92.55,-11.245,-17.320,30.3,0.02,CLEAR(조향OFF)|STRAIGHT,,999.00,0.00,368.7,5.2,3399
92.60,-11.245,-17.320,30.4,0.02,CLEAR(조향OFF)|STRAIGHT,,999.00,0.00,359.0,5.2,3369
92.65,-11.245,-17.322,30.3,-0.01,CLEAR(조향OFF)|STRAIGHT,,999.00,0.00,358.7,5.2,3399
92.70,-11.245,-17.322,30.3,-0.01,CLEAR(조향OFF)|STRAIGHT,,999.00,0.00,364.4,5.2,3389
92.75,-11.245,-17.323,30.4,-0.01,CLEAR(조향OFF)|STRAIGHT,,999.00,0.00,364.2,5.2,3379
92.80,-11.245,-17.323,30.4,-0.01,CLEAR(조향OFF)|STRAIGHT,,999.00,0.00,365.3,5.2,3379
92.85,-11.243,-17.314,30.4,0.07,CLEAR(조향OFF)|STRAIGHT,,999.00,0.00,364.7,5.2,3399
92.90,-11.243,-17.314,30.4,0.07,CLEAR(조향OFF)|STRAIGHT,,999.00,0.00,347.9,5.1,3389
92.95,-11.242,-17.310,30.4,0.03,CLEAR(조향OFF)|STRAIGHT,,999.00,0.00,347.5,5.2,3389
93.00,-11.242,-17.310,30.4,0.03,CLEAR(조향OFF)|STRAIGHT,,999.00,0.00,346.7,5.2,3410
93.05,-11.243,-17.312,30.4,-0.01,CLEAR(조향OFF)|STRAIGHT,,999.00,0.00,346.8,5.1,3399
93.10,-11.243,-17.312,30.4,-0.01,CLEAR(조향OFF)|STRAIGHT,,999.00,0.00,350.2,5.2,3369
93.15,-11.242,-17.312,30.4,0.00,CLEAR(조향OFF)|STRAIGHT,,999.00,0.00,350.4,5.2,3389
93.20,-11.242,-17.312,30.4,0.00,CLEAR(조향OFF)|STRAIGHT,,999.00,0.00,351.8,5.1,3389
93.25,-11.242,-17.313,30.4,-0.00,CLEAR(조향OFF)|STRAIGHT,,999.00,0.00,351.5,5.2,3389
93.30,-11.242,-17.313,30.4,-0.00,CLEAR(조향OFF)|STRAIGHT,,999.00,0.00,352.1,5.2,3379
93.35,-11.243,-17.313,30.4,-0.01,CLEAR(조향OFF)|STRAIGHT,,999.00,0.00,351.5,5.2,3379
93.40,-11.243,-17.313,30.4,-0.01,CLEAR(조향OFF)|STRAIGHT,,999.00,0.00,350.1,5.1,3389
93.45,-11.242,-17.312,30.4,0.01,CLEAR(조향OFF)|STRAIGHT,,999.00,0.00,349.7,5.2,3379
93.50,-11.242,-17.312,30.4,0.01,CLEAR(조향OFF)|STRAIGHT,,999.00,0.00,350.4,5.2,3379
93.55,-11.242,-17.312,30.5,-0.00,CLEAR(조향OFF)|STRAIGHT,,999.00,0.00,349.9,5.2,3389
93.60,-11.242,-17.312,30.5,-0.00,CLEAR(조향OFF)|STRAIGHT,,999.00,0.00,348.0,5.1,3379
93.65,-11.243,-17.313,30.5,-0.01,CLEAR(조향OFF)|STRAIGHT,,999.00,0.00,347.6,5.2,3379
93.70,-11.243,-17.313,30.5,-0.01,CLEAR(조향OFF)|STRAIGHT,,999.00,0.00,347.1,5.1,3379
93.75,-11.244,-17.314,30.5,-0.01,CLEAR(조향OFF)|STRAIGHT,,999.00,0.00,346.6,5.1,3389
93.80,-11.244,-17.314,30.5,-0.01,CLEAR(조향OFF)|STRAIGHT,,999.00,0.00,345.5,5.1,3379
93.85,-11.244,-17.310,30.5,0.02,CLEAR(조향OFF)|STRAIGHT,,999.00,0.00,345.9,5.2,3379
93.90,-11.244,-17.310,30.5,0.02,CLEAR(조향OFF)|STRAIGHT,,999.00,0.00,340.3,5.2,3379
93.95,-11.243,-17.312,30.5,0.00,CLEAR(조향OFF)|STRAIGHT,,999.00,0.00,339.6,5.2,3389
94.00,-11.243,-17.312,30.6,0.00,CLEAR(조향OFF)|STRAIGHT,,999.00,0.00,343.9,5.2,3369
94.05,-11.243,-17.315,30.6,-0.02,BLOCKED(조향OFF)|STOP,,0.33,0.00,343.0,5.2,3379
94.10,-11.243,-17.315,30.5,-0.02,BLOCKED(조향OFF)|STOP,,0.33,0.00,345.5,5.2,3379
94.15,-11.243,-17.312,30.6,0.02,BLOCKED(조향OFF)|STOP,,0.43,0.00,345.8,5.2,3389
94.20,-11.243,-17.312,30.6,0.02,BLOCKED(조향OFF)|STOP,,0.43,0.00,346.7,5.1,3379
94.25,-11.244,-17.315,30.6,-0.02,BLOCKED(조향OFF)|STOP,,0.54,0.00,339.0,5.2,3399
94.30,-11.244,-17.315,30.6,-0.02,BLOCKED(조향OFF)|STOP,,0.66,0.00,342.1,5.2,3389
94.35,-11.244,-17.313,30.6,0.01,BLOCKED(조향OFF)|STOP,,0.66,0.00,342.9,5.1,3389
94.40,-11.244,-17.313,30.6,0.01,AVOID(조향OFF)|LEFT,,0.80,0.00,339.9,5.1,3379
94.45,-11.242,-17.312,30.6,0.02,AVOID(조향OFF)|LEFT,,0.80,0.00,339.3,5.1,3399
94.50,-11.242,-17.312,30.6,0.02,AVOID(조향OFF)|LEFT,,0.94,0.00,340.1,5.2,3369
94.55,-11.245,-17.315,30.6,-0.05,AVOID(조향OFF)|LEFT,,0.94,0.00,340.1,5.1,3399
94.60,-11.245,-17.315,30.6,-0.05,AVOID(조향OFF)|LEFT,,1.08,0.00,338.1,5.1,3379
94.65,-11.244,-17.314,30.6,0.02,AVOID(조향OFF)|LEFT,,1.08,0.00,336.9,5.2,3369
94.70,-11.244,-17.314,30.6,0.02,AVOID(조향OFF)|LEFT,,1.22,0.00,340.0,5.1,3369
94.75,-11.243,-17.314,30.6,0.00,CLEAR(조향OFF)|STRAIGHT,,999.00,0.00,339.2,5.2,3389
94.80,-11.243,-17.314,30.6,0.00,CLEAR(조향OFF)|STRAIGHT,,999.00,0.00,341.7,5.1,3369
94.85,-11.245,-17.312,30.6,-0.01,CLEAR(조향OFF)|STRAIGHT,,999.00,0.00,341.2,5.2,3399
94.90,-11.245,-17.312,30.6,-0.01,CLEAR(조향OFF)|STRAIGHT,,999.00,0.00,336.0,5.2,3389
94.95,-11.243,-17.314,30.7,0.01,CLEAR(조향OFF)|STRAIGHT,,999.00,0.00,336.4,5.1,3389
95.00,-11.243,-17.314,30.7,0.01,CLEAR(조향OFF)|STRAIGHT,,999.00,0.00,339.4,5.2,3369
95.05,-11.244,-17.316,30.7,-0.02,CLEAR(조향OFF)|STRAIGHT,,999.00,0.00,338.8,5.1,3399
95.10,-11.244,-17.316,30.7,-0.02,CLEAR(조향OFF)|STRAIGHT,,999.00,0.00,335.7,5.1,3369
95.15,-11.242,-17.316,30.7,0.01,CLEAR(조향OFF)|STRAIGHT,,999.00,0.00,336.1,5.2,3389
95.20,-11.242,-17.316,30.7,0.01,CLEAR(조향OFF)|STRAIGHT,,999.00,0.00,339.3,5.2,3389
95.25,-11.243,-17.315,30.7,-0.00,CLEAR(조향OFF)|STRAIGHT,,999.00,0.00,339.9,5.2,3379
95.30,-11.243,-17.315,30.7,-0.00,CLEAR(조향OFF)|STRAIGHT,,999.00,0.00,338.9,5.2,3379
95.35,-11.243,-17.317,30.7,-0.00,CLEAR(조향OFF)|STRAIGHT,,999.00,0.00,337.7,5.1,3399
95.40,-11.243,-17.317,30.7,-0.00,CLEAR(조향OFF)|STRAIGHT,,999.00,0.00,340.3,5.2,3369
95.45,-11.242,-17.313,30.7,0.02,CLEAR(조향OFF)|STRAIGHT,,999.00,0.00,340.5,5.2,3389
95.50,-11.242,-17.313,30.7,0.02,CLEAR(조향OFF)|STRAIGHT,,999.00,0.00,333.7,5.2,3379
95.55,-11.243,-17.314,30.8,-0.02,CLEAR(조향OFF)|STRAIGHT,,999.00,0.00,333.4,5.2,3399
95.60,-11.243,-17.314,30.8,-0.02,CLEAR(조향OFF)|STRAIGHT,,999.00,0.00,334.0,5.0,3389
95.65,-11.244,-17.314,30.8,-0.01,CLEAR(조향OFF)|STRAIGHT,,999.00,0.00,333.7,5.1,3369
95.70,-11.244,-17.314,30.8,-0.01,CLEAR(조향OFF)|STRAIGHT,,999.00,0.00,334.1,5.2,3379
95.75,-11.242,-17.314,30.8,0.01,CLEAR(조향OFF)|STRAIGHT,,999.00,0.00,333.9,5.2,3369
95.80,-11.242,-17.314,30.8,0.01,CLEAR(조향OFF)|STRAIGHT,,999.00,0.00,332.0,5.2,3379
95.85,-11.244,-17.316,30.8,-0.03,CLEAR(조향OFF)|STRAIGHT,,999.00,0.00,331.4,5.2,3389
95.90,-11.244,-17.316,30.9,-0.03,CLEAR(조향OFF)|STRAIGHT,,999.00,0.00,328.9,5.1,3379
95.95,-11.244,-17.315,30.8,0.01,CLEAR(조향OFF)|STRAIGHT,,999.00,0.00,328.5,5.2,3369
96.00,-11.244,-17.315,30.9,0.01,CLEAR(조향OFF)|STRAIGHT,,999.00,0.00,329.1,5.1,3389
96.05,-11.245,-17.317,30.9,-0.02,CLEAR(조향OFF)|STRAIGHT,,999.00,0.00,328.8,5.2,3369
96.10,-11.245,-17.317,30.9,-0.02,CLEAR(조향OFF)|STRAIGHT,,999.00,0.00,331.2,5.2,3389
96.15,-11.245,-17.318,30.9,-0.00,CLEAR(조향OFF)|STRAIGHT,,999.00,0.00,331.1,5.2,3389
96.20,-11.245,-17.318,30.9,-0.00,CLEAR(조향OFF)|STRAIGHT,,999.00,0.00,332.0,5.2,3369
96.25,-11.244,-17.317,30.9,0.01,CLEAR(조향OFF)|STRAIGHT,,999.00,0.00,331.2,5.2,3369
96.30,-11.244,-17.317,30.9,0.01,CLEAR(조향OFF)|STRAIGHT,,999.00,0.00,331.0,5.1,3389
96.35,-11.242,-17.314,30.9,0.03,CLEAR(조향OFF)|STRAIGHT,,999.00,0.00,330.8,5.2,3369
96.40,-11.242,-17.314,30.9,0.03,CLEAR(조향OFF)|STRAIGHT,,999.00,0.00,325.5,5.2,3379
96.45,-11.244,-17.314,30.9,-0.01,CLEAR(조향OFF)|STRAIGHT,,999.00,0.00,324.2,5.2,3399
96.50,-11.244,-17.314,30.9,-0.01,CLEAR(조향OFF)|STRAIGHT,,999.00,0.00,322.6,5.2,3379
96.55,-11.245,-17.314,31.0,-0.01,CLEAR(조향OFF)|STRAIGHT,,999.00,0.00,322.8,5.2,3369
96.60,-11.245,-17.314,31.0,-0.01,CLEAR(조향OFF)|STRAIGHT,,999.00,0.00,320.5,5.2,3389
96.65,-11.243,-17.314,30.9,0.02,CLEAR(조향OFF)|STRAIGHT,,999.00,0.00,320.0,5.1,3379
96.70,-11.243,-17.314,30.9,0.02,CLEAR(조향OFF)|STRAIGHT,,999.00,0.00,322.9,5.1,3379
96.75,-11.246,-17.312,31.0,-0.02,CLEAR(조향OFF)|STRAIGHT,,999.00,0.00,323.2,5.2,3369
96.80,-11.246,-17.312,31.0,-0.02,CLEAR(조향OFF)|STRAIGHT,,999.00,0.00,316.0,5.2,3379
96.85,-11.246,-17.312,31.0,-0.00,CLEAR(조향OFF)|STRAIGHT,,999.00,0.00,315.9,5.1,3389
96.90,-11.246,-17.312,31.0,-0.00,CLEAR(조향OFF)|STRAIGHT,,999.00,0.00,315.6,5.2,3379
96.95,-11.246,-17.313,31.0,-0.01,CLEAR(조향OFF)|STRAIGHT,,999.00,0.00,314.7,5.1,3389
97.00,-11.246,-17.313,31.0,-0.01,CLEAR(조향OFF)|STRAIGHT,,999.00,0.00,315.6,5.1,3389
97.05,-11.246,-17.312,31.0,0.01,CLEAR(조향OFF)|STRAIGHT,,999.00,0.00,315.3,5.2,3369
97.10,-11.246,-17.312,31.1,0.01,CLEAR(조향OFF)|STRAIGHT,,999.00,0.00,312.8,5.2,3389
97.15,-11.245,-17.312,31.1,0.00,CLEAR(조향OFF)|STRAIGHT,,999.00,0.00,312.1,5.2,3389
97.20,-11.245,-17.312,31.1,0.00,CLEAR(조향OFF)|STRAIGHT,,999.00,0.00,313.1,5.2,3379
97.25,-11.246,-17.314,31.1,-0.01,CLEAR(조향OFF)|STRAIGHT,,999.00,0.00,312.1,5.2,3379
97.30,-11.246,-17.314,31.1,-0.01,CLEAR(조향OFF)|STRAIGHT,,999.00,0.00,312.8,5.2,3379
97.35,-11.244,-17.315,31.1,0.01,CLEAR(조향OFF)|STRAIGHT,,999.00,0.00,313.2,5.2,3369
97.40,-11.244,-17.315,31.1,0.01,CLEAR(조향OFF)|STRAIGHT,,999.00,0.00,317.2,5.2,3389
97.45,-11.246,-17.312,31.1,-0.00,CLEAR(조향OFF)|STRAIGHT,,999.00,0.00,316.7,5.1,3389
97.50,-11.246,-17.312,31.1,-0.00,CLEAR(조향OFF)|STRAIGHT,,999.00,0.00,311.8,5.1,3389
97.55,-11.247,-17.314,31.1,-0.02,CLEAR(조향OFF)|STRAIGHT,,999.00,0.00,312.0,5.2,3389
97.60,-11.247,-17.314,31.1,-0.02,CLEAR(조향OFF)|STRAIGHT,,999.00,0.00,309.6,5.2,3379
97.65,-11.245,-17.313,31.1,0.02,CLEAR(조향OFF)|STRAIGHT,,999.00,0.00,308.9,5.2,3369
97.70,-11.245,-17.313,31.1,0.02,CLEAR(조향OFF)|STRAIGHT,,999.00,0.00,311.7,5.2,3389
97.75,-11.246,-17.316,31.1,-0.02,CLEAR(조향OFF)|STRAIGHT,,999.00,0.00,311.6,5.2,3379
97.80,-11.246,-17.316,31.1,-0.02,CLEAR(조향OFF)|STRAIGHT,,999.00,0.00,312.6,5.1,3379
97.85,-11.247,-17.316,31.2,0.00,CLEAR(조향OFF)|STRAIGHT,,999.00,0.00,313.0,5.2,3389
97.90,-11.247,-17.316,31.2,0.00,CLEAR(조향OFF)|STRAIGHT,,999.00,0.00,311.6,5.2,3399
97.95,-11.247,-17.315,31.2,0.00,CLEAR(조향OFF)|STRAIGHT,,999.00,0.00,311.5,5.2,3359
98.00,-11.247,-17.315,31.2,0.00,CLEAR(조향OFF)|STRAIGHT,,999.00,0.00,310.0,5.2,3379
98.05,-11.248,-17.315,31.2,-0.00,CLEAR(조향OFF)|STRAIGHT,,999.00,0.00,309.2,5.2,3369
98.10,-11.248,-17.315,31.2,-0.00,CLEAR(조향OFF)|STRAIGHT,,999.00,0.00,306.2,5.2,3399
98.15,-11.248,-17.316,31.2,-0.01,CLEAR(조향OFF)|STRAIGHT,,999.00,0.00,306.8,5.1,3389
98.20,-11.248,-17.316,31.2,-0.01,CLEAR(조향OFF)|STRAIGHT,,999.00,0.00,308.6,5.2,3389
98.25,-11.247,-17.314,31.2,0.01,CLEAR(조향OFF)|STRAIGHT,,999.00,0.00,308.6,5.2,3359
98.30,-11.247,-17.314,31.2,0.01,CLEAR(조향OFF)|STRAIGHT,,999.00,0.00,304.9,5.2,3379
98.35,-11.249,-17.313,31.2,-0.01,CLEAR(조향OFF)|STRAIGHT,,999.00,0.00,304.3,5.2,3369
98.40,-11.249,-17.313,31.2,-0.01,CLEAR(조향OFF)|STRAIGHT,,999.00,0.05,302.2,5.2,3399
98.45,-11.248,-17.316,31.2,-0.01,CLEAR(조향OFF)|STRAIGHT,,999.00,0.10,301.7,5.2,3389
98.50,-11.248,-17.316,31.2,-0.01,CLEAR(조향OFF)|STRAIGHT,,999.00,0.15,306.0,5.2,3369
98.55,-11.247,-17.316,31.2,0.01,CLEAR(조향OFF)|STRAIGHT,,999.00,0.20,306.0,5.2,3369
98.60,-11.247,-17.316,31.2,0.01,CLEAR(조향OFF)|STRAIGHT,,999.00,0.25,307.1,5.2,3379
98.65,-11.248,-17.315,31.3,-0.00,CLEAR(조향OFF)|STRAIGHT,,999.00,0.30,306.1,5.1,3379
98.70,-11.248,-17.315,31.3,-0.00,CLEAR(조향OFF)|STRAIGHT,,999.00,0.35,303.1,5.2,3389
98.75,-11.247,-17.317,31.3,-0.01,CLEAR(조향OFF)|STRAIGHT,,999.00,0.40,302.6,5.2,3389
98.80,-11.247,-17.317,31.3,-0.01,CLEAR(조향OFF)|STRAIGHT,,999.00,0.45,304.7,5.2,3369
98.85,-11.251,-17.320,31.3,-0.05,CLEAR(조향OFF)|STRAIGHT,,999.00,0.50,304.1,5.1,3389
98.90,-11.251,-17.320,31.4,-0.05,CLEAR(조향OFF)|STRAIGHT,,999.00,0.51,298.2,5.2,3369
98.95,-11.246,-17.317,31.4,0.06,CLEAR(조향OFF)|STRAIGHT,,999.00,0.51,296.9,5.2,3379
99.00,-11.246,-17.317,31.4,0.06,CLEAR(조향OFF)|STRAIGHT,,999.00,0.51,295.7,5.2,3379
99.05,-11.237,-17.314,31.5,0.09,CLEAR(조향OFF)|STRAIGHT,,999.00,0.51,293.8,5.2,3369
99.10,-11.237,-17.314,31.6,0.09,CLEAR(조향OFF)|STRAIGHT,,999.00,0.51,294.7,5.2,3379
99.15,-11.230,-17.305,31.6,0.11,CLEAR(조향OFF)|STRAIGHT,,999.00,0.51,291.8,5.1,3389
99.20,-11.230,-17.305,31.7,0.11,CLEAR(조향OFF)|STRAIGHT,,999.00,0.51,283.3,5.2,3369
99.25,-11.212,-17.297,31.7,0.20,CLEAR(조향OFF)|STRAIGHT,,999.00,0.51,281.7,5.2,3379
99.30,-11.212,-17.297,31.7,0.20,CLEAR(조향OFF)|STRAIGHT,,999.00,0.51,283.1,5.2,3369
99.35,-11.196,-17.285,31.8,0.20,CLEAR(조향OFF)|STRAIGHT,,999.00,0.51,283.0,5.3,3379
99.40,-11.196,-17.285,31.9,0.20,CLEAR(조향OFF)|STRAIGHT,,999.00,0.51,280.3,5.2,3369
99.45,-11.180,-17.275,32.0,0.17,CLEAR(조향OFF)|STRAIGHT,,999.00,0.51,277.5,5.2,3389
99.50,-11.180,-17.275,32.0,0.17,CLEAR(조향OFF)|STRAIGHT,,999.00,0.51,281.1,5.2,3369
99.55,-11.162,-17.258,32.1,0.24,CLEAR(조향OFF)|STRAIGHT,,999.00,0.51,278.5,5.1,3379
99.60,-11.162,-17.258,32.2,0.24,CLEAR(조향OFF)|STRAIGHT,,999.00,0.51,267.3,5.2,3359
99.65,-11.139,-17.238,32.4,0.30,CLEAR(조향OFF)|STRAIGHT,,999.00,0.51,263.6,5.1,3379
99.70,-11.139,-17.238,32.5,0.30,CLEAR(조향OFF)|STRAIGHT,,999.00,0.51,253.8,5.2,3369
99.75,-11.115,-17.216,32.6,0.31,CLEAR(조향OFF)|STRAIGHT,,999.00,0.51,249.2,5.1,3379
99.80,-11.115,-17.216,32.6,0.31,CLEAR(조향OFF)|STRAIGHT,,999.00,0.51,241.3,5.1,3379
99.85,-11.091,-17.198,32.8,0.34,CLEAR(조향OFF)|STRAIGHT,,999.00,0.51,237.8,5.1,3399
99.90,-11.091,-17.198,32.9,0.34,CLEAR(조향OFF)|STRAIGHT,,999.00,0.51,231.9,5.2,3379
99.95,-11.058,-17.182,33.1,0.36,CLEAR(조향OFF)|STRAIGHT,,999.00,0.51,227.2,5.2,3379
100.00,-11.058,-17.182,33.2,0.36,CLEAR(조향OFF)|STRAIGHT,,999.00,0.51,234.3,5.2,3369
100.05,-11.021,-17.158,33.4,0.45,CLEAR(조향OFF)|STRAIGHT,,999.00,0.51,230.8,5.2,3379
100.10,-11.021,-17.158,33.5,0.45,CLEAR(조향OFF)|STRAIGHT,,999.00,0.51,226.3,5.2,3369
100.15,-10.989,-17.141,33.7,0.36,CLEAR(조향OFF)|STRAIGHT,,999.00,0.51,221.4,5.2,3399
100.20,-10.989,-17.141,33.7,0.36,CLEAR(조향OFF)|STRAIGHT,,999.00,0.51,232.3,5.1,3369
100.25,-10.962,-17.114,33.9,0.37,CLEAR(조향OFF)|STRAIGHT,,999.00,0.51,227.3,5.2,3389
100.30,-10.962,-17.114,34.0,0.37,CLEAR(조향OFF)|STRAIGHT,,999.00,0.51,185.4,5.2,3389
100.35,-10.926,-17.084,34.2,0.46,CLEAR(조향OFF)|STRAIGHT,,999.00,0.49,182.1,5.1,3379
100.40,-10.926,-17.084,34.2,0.46,CLEAR(조향OFF)|STRAIGHT,,999.00,0.49,177.5,5.2,3389
100.45,-10.895,-17.054,34.5,0.39,CLEAR(조향OFF)|STRAIGHT,,999.00,0.49,174.2,5.2,3399
100.50,-10.895,-17.054,34.6,0.39,CLEAR(조향OFF)|STRAIGHT,,999.00,0.49,162.2,5.2,3359
100.55,-10.858,-17.031,34.7,0.48,CLEAR(조향OFF)|STRAIGHT,,999.00,0.49,158.7,5.0,3410
100.60,-10.858,-17.031,34.8,0.48,CLEAR(조향OFF)|STRAIGHT,,999.00,0.49,160.6,4.5,3451
100.65,-10.821,-17.003,35.0,0.46,CLEAR(조향OFF)|STRAIGHT,,999.00,0.49,155.4,4.2,3483
100.70,-10.821,-17.003,35.2,0.46,CLEAR(조향OFF)|STRAIGHT,,999.00,0.49,150.9,4.3,3494
100.75,-10.784,-16.969,35.4,0.49,CLEAR(조향OFF)|STRAIGHT,,999.00,0.49,145.5,4.3,3505
100.80,-10.784,-16.969,35.5,0.49,CLEAR(조향OFF)|STRAIGHT,,999.00,0.49,133.8,4.2,3483
100.85,-10.740,-16.935,35.7,0.57,CLEAR(조향OFF)|STRAIGHT,,999.00,0.49,128.2,4.3,3527
100.90,-10.740,-16.935,35.9,0.57,CLEAR(조향OFF)|STRAIGHT,,999.00,0.49,125.9,4.2,3516
100.95,-10.701,-16.907,36.1,0.49,CLEAR(조향OFF)|STRAIGHT,,999.00,0.49,119.9,4.2,3516
101.00,-10.701,-16.907,36.2,0.49,CLEAR(조향OFF)|STRAIGHT,,999.00,0.49,112.7,4.2,3516
101.05,-10.657,-16.866,36.3,0.53,CLEAR(조향OFF)|STRAIGHT,,999.00,0.49,108.5,4.3,3516
101.10,-10.657,-16.866,36.4,0.53,CLEAR(조향OFF)|STRAIGHT,,999.00,0.49,98.3,4.3,3494
101.15,-10.616,-16.828,36.7,0.61,CLEAR(조향OFF)|STRAIGHT,,999.00,0.49,93.6,4.0,3549
101.20,-10.616,-16.828,36.8,0.61,CLEAR(조향OFF)|STRAIGHT,,999.00,0.49,81.2,3.9,3549
101.25,-10.570,-16.789,37.0,0.60,CLEAR(조향OFF)|STRAIGHT,,999.00,0.49,75.4,3.8,3572
101.30,-10.570,-16.789,37.1,0.60,CLEAR(조향OFF)|STRAIGHT,,999.00,0.49,90.8,3.9,3549
101.35,-10.525,-16.755,37.3,0.57,CLEAR(조향OFF)|STRAIGHT,,999.00,0.47,87.5,3.9,3561
101.40,-10.525,-16.755,37.4,0.57,CLEAR(조향OFF)|STRAIGHT,,999.00,0.47,81.4,3.9,3538
101.45,-10.471,-16.720,37.6,0.54,CLEAR(조향OFF)|STRAIGHT,,999.00,0.47,77.1,4.0,3561
101.50,-10.471,-16.720,37.7,0.54,CLEAR(조향OFF)|STRAIGHT,,999.00,0.47,74.5,3.8,3561
101.55,-10.427,-16.679,37.9,0.75,CLEAR(조향OFF)|STRAIGHT,,999.00,0.47,69.9,3.9,3583
101.60,-10.427,-16.679,38.0,0.75,CLEAR(조향OFF)|STRAIGHT,,999.00,0.47,75.1,3.9,3549
101.65,-10.379,-16.634,38.2,0.65,CLEAR(조향OFF)|STRAIGHT,,999.00,0.47,70.0,3.9,3549
101.70,-10.379,-16.634,38.4,0.65,CLEAR(조향OFF)|STRAIGHT,,999.00,0.47,51.8,3.9,3572
101.75,-10.326,-16.590,38.6,0.69,CLEAR(조향OFF)|STRAIGHT,,999.00,0.47,46.6,3.9,3549
101.80,-10.326,-16.590,38.7,0.69,CLEAR(조향OFF)|STRAIGHT,,999.00,0.47,42.9,3.3,3630
101.85,-10.284,-16.557,38.8,0.54,CLEAR(조향OFF)|STRAIGHT,,999.00,0.47,37.1,3.1,3677
101.90,-10.284,-16.557,39.0,0.54,CLEAR(조향OFF)|STRAIGHT,,999.00,0.47,14.9,3.1,3665
101.95,-10.232,-16.511,39.1,0.70,CLEAR(조향OFF)|STRAIGHT,,999.00,0.47,10.0,3.1,3665
102.00,-10.232,-16.511,39.2,0.70,CLEAR(조향OFF)|STRAIGHT,,999.00,0.47,18.5,3.2,3689
102.05,-10.180,-16.455,39.4,0.75,CLEAR(조향OFF)|STRAIGHT,,999.00,0.47,13.4,3.1,3653
102.10,-10.180,-16.455,39.5,0.75,CLEAR(조향OFF)|STRAIGHT,,999.00,0.47,48.1,3.1,3689
102.15,-10.123,-16.410,39.8,0.73,CLEAR(조향OFF)|STRAIGHT,,999.00,0.45,45.0,3.1,3689
102.20,-10.123,-16.410,39.9,0.73,CLEAR(조향OFF)|STRAIGHT,,999.00,0.45,35.6,3.1,3689
102.25,-10.066,-16.360,40.1,0.76,CLEAR(조향OFF)|STRAIGHT,,999.00,0.45,32.9,3.1,3665
102.30,-10.066,-16.360,40.2,0.76,CLEAR(조향OFF)|STRAIGHT,,999.00,0.45,28.0,3.1,3701
102.35,-10.004,-16.307,40.4,0.82,CLEAR(조향OFF)|STRAIGHT,,999.00,0.45,24.5,3.1,3677
102.40,-10.004,-16.307,40.5,0.82,CLEAR(조향OFF)|STRAIGHT,,999.00,0.45,24.2,3.2,3689
102.45,-9.945,-16.260,40.7,0.68,CLEAR(조향OFF)|STRAIGHT,,999.00,0.45,21.0,3.1,3677
102.50,-9.945,-16.260,40.8,0.68,CLEAR(조향OFF)|STRAIGHT,,999.00,0.45,-1.2,3.1,3689
102.55,-9.884,-16.203,40.9,0.93,CLEAR(조향OFF)|STRAIGHT,,999.00,0.45,-5.5,3.1,3689
102.60,-9.884,-16.203,41.0,0.93,CLEAR(조향OFF)|STRAIGHT,,999.00,0.45,16.5,3.1,3701
102.65,-9.820,-16.144,41.2,0.87,CLEAR(조향OFF)|STRAIGHT,,999.00,0.45,10.9,2.9,3701
102.70,-9.820,-16.144,41.2,0.87,CLEAR(조향OFF)|STRAIGHT,,999.00,0.45,50.8,2.4,3763
102.75,-9.753,-16.090,41.5,0.86,CLEAR(조향OFF)|STRAIGHT,,999.00,0.44,50.1,2.4,3763
102.80,-9.753,-16.090,41.5,0.86,CLEAR(조향OFF)|STRAIGHT,,999.00,0.44,45.9,2.5,3788
102.85,-9.687,-16.035,41.7,0.78,CLEAR(조향OFF)|STRAIGHT,,999.00,0.44,43.8,2.4,3776
102.90,-9.687,-16.035,41.8,0.78,CLEAR(조향OFF)|STRAIGHT,,999.00,0.44,35.7,2.4,3788
102.95,-9.624,-15.975,42.0,0.96,CLEAR(조향OFF)|STRAIGHT,,999.00,0.44,29.3,2.5,3776
103.00,-9.624,-15.975,42.1,0.96,CLEAR(조향OFF)|STRAIGHT,,999.00,0.44,40.0,2.4,3801
103.05,-9.624,-15.975,42.2,0.96,CLEAR(조향OFF)|STRAIGHT,,999.00,0.44,38.8,2.4,3788
103.10,-9.564,-15.912,42.4,0.58,CLEAR(조향OFF)|STRAIGHT,,999.00,0.44,31.9,2.5,3776
103.15,-9.564,-15.912,42.6,0.58,CLEAR(조향OFF)|STRAIGHT,,999.00,0.44,-33.5,2.4,3788
103.20,-9.564,-15.912,42.7,0.58,CLEAR(조향OFF)|STRAIGHT,,999.00,0.44,-45.4,2.4,3788
103.25,-9.431,-15.785,42.9,1.22,CLEAR(조향OFF)|STRAIGHT,,999.00,0.44,-49.8,2.4,3801
103.30,-9.431,-15.785,43.0,1.22,CLEAR(조향OFF)|STRAIGHT,,999.00,0.44,79.1,2.1,3853
103.35,-9.431,-15.785,43.1,1.22,CLEAR(조향OFF)|STRAIGHT,,999.00,0.43,80.9,1.9,3853
103.40,-9.356,-15.702,43.2,0.75,CLEAR(조향OFF)|STRAIGHT,,999.00,0.43,75.2,1.8,3880
103.45,-9.356,-15.702,43.3,0.75,CLEAR(조향OFF)|STRAIGHT,,999.00,0.43,24.8,1.7,3893
103.50,-9.356,-15.702,43.3,0.75,CLEAR(조향OFF)|STRAIGHT,,999.00,0.43,21.8,1.8,3880
103.55,-9.212,-15.558,43.5,1.20,CLEAR(조향OFF)|STRAIGHT,,999.00,0.43,19.9,1.8,3880
103.60,-9.212,-15.558,43.5,1.20,CLEAR(조향OFF)|STRAIGHT,,999.00,0.43,66.1,1.8,3893
103.65,-9.141,-15.489,43.6,1.10,CLEAR(조향OFF)|STRAIGHT,,999.00,0.43,65.4,1.8,3867
103.70,-9.141,-15.489,43.7,1.10,CLEAR(조향OFF)|STRAIGHT,,999.00,0.43,56.6,1.8,3907
103.75,-9.066,-15.421,43.8,1.01,CLEAR(조향OFF)|STRAIGHT,,999.00,0.43,53.7,1.8,3880
103.80,-9.066,-15.421,43.9,1.01,CLEAR(조향OFF)|STRAIGHT,,999.00,0.43,107.8,1.9,3880
103.85,-8.991,-15.354,44.0,1.12,CLEAR(조향OFF)|STRAIGHT,,999.00,0.42,105.2,1.8,3893
103.90,-8.991,-15.354,44.0,1.12,CLEAR(조향OFF)|STRAIGHT,,999.00,0.42,120.7,1.8,3907
103.95,-8.915,-15.290,44.2,0.90,CLEAR(조향OFF)|STRAIGHT,,999.00,0.42,118.7,1.8,3880
104.00,-8.915,-15.290,44.3,0.90,CLEAR(조향OFF)|STRAIGHT,,999.00,0.42,111.3,1.9,3907
104.05,-8.915,-15.290,44.4,0.90,CLEAR(조향OFF)|STRAIGHT,,999.00,0.42,106.8,1.8,3893
104.10,-8.844,-15.214,44.4,0.74,CLEAR(조향OFF)|STRAIGHT,,999.00,0.42,103.2,1.8,3893
104.15,-8.844,-15.214,44.5,0.74,CLEAR(조향OFF)|STRAIGHT,,999.00,0.42,87.7,1.8,3907
104.20,-8.844,-15.214,44.6,0.74,CLEAR(조향OFF)|STRAIGHT,,999.00,0.42,82.9,1.8,3907
104.25,-8.697,-15.062,44.7,1.32,CLEAR(조향OFF)|STRAIGHT,,999.00,0.42,78.9,1.8,3893
104.30,-8.697,-15.062,44.8,1.32,CLEAR(조향OFF)|STRAIGHT,,999.00,0.42,194.7,1.8,3907
104.35,-8.618,-14.988,44.9,1.08,CLEAR(조향OFF)|STRAIGHT,,999.00,0.42,192.4,1.9,3893
104.40,-8.618,-14.988,45.0,1.08,CLEAR(조향OFF)|STRAIGHT,,999.00,0.42,190.5,1.8,3893
104.45,-8.538,-14.905,45.2,1.05,CLEAR(조향OFF)|STRAIGHT,,999.00,0.42,187.0,1.8,3893
104.50,-8.538,-14.905,45.2,1.05,CLEAR(조향OFF)|STRAIGHT,,999.00,0.42,195.9,1.8,3893
104.55,-8.459,-14.828,45.5,1.22,CLEAR(조향OFF)|STRAIGHT,,999.00,0.42,193.8,1.9,3867
104.60,-8.459,-14.828,45.5,1.22,CLEAR(조향OFF)|STRAIGHT,,999.00,0.42,217.0,2.3,3853
104.65,-8.383,-14.741,45.6,1.15,CLEAR(조향OFF)|STRAIGHT,,999.00,0.42,215.9,2.3,3840
104.70,-8.383,-14.741,45.7,1.15,CLEAR(조향OFF)|STRAIGHT,,999.00,0.42,251.3,2.3,3840
104.75,-8.301,-14.663,45.9,1.26,CLEAR(조향OFF)|STRAIGHT,,999.00,0.41,248.2,2.3,3814
104.80,-8.301,-14.663,46.1,1.26,CLEAR(조향OFF)|STRAIGHT,,999.00,0.41,271.7,2.3,3840
104.85,-8.217,-14.580,46.1,1.07,CLEAR(조향OFF)|STRAIGHT,,999.00,0.41,267.0,2.3,3827
104.90,-8.217,-14.580,46.1,1.07,CLEAR(조향OFF)|STRAIGHT,,999.00,0.41,284.5,2.3,3827
104.95,-8.132,-14.500,46.3,1.30,CLEAR(조향OFF)|STRAIGHT,,999.00,0.41,284.6,2.6,3801
105.00,-8.132,-14.500,46.4,1.30,CLEAR(조향OFF)|STRAIGHT,,999.00,0.41,318.7,2.6,3801
105.05,-8.132,-14.500,46.5,1.30,CLEAR(조향OFF)|STRAIGHT,,999.00,0.41,316.2,2.6,3763
105.10,-8.062,-14.411,46.6,0.75,CLEAR(조향OFF)|STRAIGHT,,999.00,0.41,311.4,2.6,3776
105.15,-8.062,-14.411,46.8,0.75,CLEAR(조향OFF)|STRAIGHT,,999.00,0.41,326.9,2.6,3776
105.20,-8.062,-14.411,46.9,0.75,CLEAR(조향OFF)|STRAIGHT,,999.00,0.41,318.9,2.7,3801
105.25,-7.906,-14.234,47.0,1.48,CLEAR(조향OFF)|STRAIGHT,,999.00,0.41,316.6,3.1,3726
105.30,-7.906,-14.234,47.2,1.48,CLEAR(조향OFF)|STRAIGHT,,999.00,0.41,376.4,3.3,3713
105.35,-7.817,-14.152,47.5,1.20,CLEAR(조향OFF)|STRAIGHT,,999.00,0.41,371.3,3.4,3653
105.40,-7.817,-14.152,47.7,1.20,CLEAR(조향OFF)|STRAIGHT,,999.00,0.41,403.8,3.8,3630
105.45,-7.737,-14.061,48.0,1.10,CLEAR(조향OFF)|STRAIGHT,,999.00,0.41,395.8,3.8,3630
105.50,-7.737,-14.061,48.2,1.10,CLEAR(조향OFF)|STRAIGHT,,999.00,0.41,425.5,4.0,3583
105.55,-7.657,-13.962,48.7,1.41,CLEAR(조향OFF)|STRAIGHT,,999.00,0.41,417.9,4.0,3595
105.60,-7.657,-13.962,48.8,1.41,CLEAR(조향OFF)|STRAIGHT,,999.00,0.41,419.2,4.0,3595
105.65,-7.579,-13.872,49.1,1.19,CLEAR(조향OFF)|STRAIGHT,,999.00,0.41,415.0,4.0,3549
105.70,-7.579,-13.872,49.3,1.19,CLEAR(조향OFF)|STRAIGHT,,999.00,0.41,444.0,4.4,3549
105.75,-7.497,-13.778,49.8,1.25,CLEAR(조향OFF)|STRAIGHT,,999.00,0.41,437.5,4.7,3505
105.80,-7.497,-13.778,49.9,1.25,CLEAR(조향OFF)|STRAIGHT,,999.00,0.41,466.1,4.6,3483
105.85,-7.418,-13.668,50.4,1.23,CLEAR(조향OFF)|STRAIGHT,,999.00,0.41,460.3,4.7,3483
105.90,-7.418,-13.668,50.6,1.23,CLEAR(조향OFF)|STRAIGHT,,999.00,0.41,487.9,5.2,3430
105.95,-7.334,-13.571,51.1,1.43,CLEAR(조향OFF)|STRAIGHT,,999.00,0.41,479.8,5.5,3389
106.00,-7.334,-13.571,51.4,1.43,CLEAR(조향OFF)|STRAIGHT,,999.00,0.41,471.9,5.8,3329
106.05,-7.253,-13.466,52.0,1.33,CLEAR(조향OFF)|STRAIGHT,,999.00,0.41,462.4,5.8,3329
106.10,-7.253,-13.466,52.2,1.33,CLEAR(조향OFF)|STRAIGHT,,999.00,0.41,492.3,5.8,3309
106.15,-7.175,-13.366,52.8,1.26,CLEAR(조향OFF)|STRAIGHT,,999.00,0.41,485.1,5.7,3319
106.20,-7.175,-13.366,53.2,1.26,CLEAR(조향OFF)|STRAIGHT,,999.00,0.41,516.8,5.8,3319
106.25,-7.105,-13.256,53.8,1.31,CLEAR(조향OFF)|STRAIGHT,,999.00,0.41,504.7,5.7,3319
106.30,-7.105,-13.256,54.0,1.31,CLEAR(조향OFF)|STRAIGHT,,999.00,0.41,486.0,6.0,3319
106.35,-7.031,-13.147,54.8,1.32,CLEAR(조향OFF)|STRAIGHT,,999.00,0.41,479.6,6.3,3242
106.40,-7.031,-13.147,55.1,1.32,CLEAR(조향OFF)|STRAIGHT,,999.00,0.41,498.1,6.3,3252
106.45,-6.959,-13.036,55.7,1.20,CLEAR(조향OFF)|STRAIGHT,,999.00,0.41,487.1,6.4,3242
106.50,-6.959,-13.036,56.1,1.20,CLEAR(조향OFF)|STRAIGHT,,999.00,0.41,520.1,6.3,3242
106.55,-6.888,-12.929,56.8,1.43,CLEAR(조향OFF)|STRAIGHT,,999.00,0.41,508.7,6.4,3215
106.60,-6.888,-12.929,57.1,1.43,CLEAR(조향OFF)|STRAIGHT,,999.00,0.41,519.6,6.4,3205
106.65,-6.819,-12.813,57.8,1.22,CLEAR(조향OFF)|STRAIGHT,,999.00,0.41,508.6,6.4,3215
106.70,-6.819,-12.813,58.2,1.22,CLEAR(조향OFF)|STRAIGHT,,999.00,0.41,502.8,6.4,3233
106.75,-6.752,-12.704,58.8,1.42,CLEAR(조향OFF)|STRAIGHT,,999.00,0.40,491.4,6.4,3215
106.80,-6.752,-12.704,59.2,1.42,CLEAR(조향OFF)|STRAIGHT,,999.00,0.40,502.6,6.4,3215
106.85,-6.684,-12.585,59.9,1.24,CLEAR(조향OFF)|STRAIGHT,,999.00,0.40,492.1,6.6,3196
106.90,-6.684,-12.585,60.3,1.24,CLEAR(조향OFF)|STRAIGHT,,999.00,0.40,530.6,6.6,3187
106.95,-6.622,-12.468,61.0,1.48,CLEAR(조향OFF)|STRAIGHT,,999.00,0.40,516.0,6.6,3187
107.00,-6.622,-12.468,61.5,1.48,CLEAR(조향OFF)|STRAIGHT,,999.00,0.40,522.8,6.7,3196
107.05,-6.562,-12.346,62.1,1.36,CLEAR(조향OFF)|STRAIGHT,,999.00,0.40,508.0,6.6,3143
107.10,-6.562,-12.346,62.4,1.36,CLEAR(조향OFF)|STRAIGHT,,999.00,0.40,495.4,6.6,3169
107.15,-6.507,-12.228,63.1,1.29,CLEAR(조향OFF)|STRAIGHT,,999.00,0.41,486.1,6.7,3196
107.20,-6.507,-12.228,63.4,1.29,CLEAR(조향OFF)|STRAIGHT,,999.00,0.41,508.4,6.6,3169
107.25,-6.451,-12.106,64.1,1.35,CLEAR(조향OFF)|STRAIGHT,,999.00,0.41,499.2,6.8,3178
107.30,-6.451,-12.106,64.5,1.35,CLEAR(조향OFF)|STRAIGHT,,999.00,0.41,520.1,6.5,3205
107.35,-6.394,-11.986,65.2,1.33,CLEAR(조향OFF)|STRAIGHT,,999.00,0.41,507.7,6.6,3169
107.40,-6.394,-11.986,65.6,1.33,CLEAR(조향OFF)|STRAIGHT,,999.00,0.41,540.4,6.6,3178
107.45,-6.349,-11.875,66.2,1.09,CLEAR(조향OFF)|STRAIGHT,,999.00,0.41,525.0,6.7,3160
107.50,-6.349,-11.875,66.5,1.09,CLEAR(조향OFF)|STRAIGHT,,999.00,0.41,510.2,6.7,3160
107.55,-6.301,-11.741,67.3,1.58,CLEAR(조향OFF)|STRAIGHT,,999.00,0.40,500.8,6.6,3187
107.60,-6.301,-11.741,67.6,1.58,CLEAR(조향OFF)|STRAIGHT,,999.00,0.40,485.3,6.6,3187
107.65,-6.254,-11.618,68.3,1.31,CLEAR(조향OFF)|STRAIGHT,,999.00,0.40,475.0,6.6,3169
107.70,-6.254,-11.618,68.6,1.31,CLEAR(조향OFF)|STRAIGHT,,999.00,0.40,519.2,6.7,3160
107.75,-6.216,-11.497,69.2,1.26,CLEAR(조향OFF)|STRAIGHT,,999.00,0.40,508.8,6.6,3178
107.80,-6.216,-11.497,69.6,1.26,CLEAR(조향OFF)|STRAIGHT,,999.00,0.40,537.0,6.7,3160
107.85,-6.176,-11.374,70.2,1.30,CLEAR(조향OFF)|STRAIGHT,,999.00,0.40,525.3,6.7,3169
107.90,-6.176,-11.374,70.6,1.30,CLEAR(조향OFF)|STRAIGHT,,999.00,0.40,489.0,6.6,3187
107.95,-6.137,-11.257,71.2,1.23,CLEAR(조향OFF)|STRAIGHT,,999.00,0.40,478.9,6.6,3178
108.00,-6.137,-11.257,71.5,1.23,CLEAR(조향OFF)|STRAIGHT,,999.00,0.40,504.4,6.6,3160
108.05,-6.102,-11.131,72.3,1.31,CLEAR(조향OFF)|STRAIGHT,,999.00,0.40,494.8,6.6,3178
108.10,-6.102,-11.131,72.6,1.31,CLEAR(조향OFF)|STRAIGHT,,999.00,0.40,508.7,6.6,3160
108.15,-6.067,-11.006,73.1,1.29,CLEAR(조향OFF)|STRAIGHT,,999.00,0.40,497.8,6.6,3169
108.20,-6.067,-11.006,73.5,1.29,CLEAR(조향OFF)|STRAIGHT,,999.00,0.40,529.3,6.6,3169
108.25,-6.034,-10.886,74.2,1.25,CLEAR(조향OFF)|STRAIGHT,,999.00,0.40,515.1,6.6,3178
108.30,-6.034,-10.886,74.6,1.25,CLEAR(조향OFF)|STRAIGHT,,999.00,0.40,484.6,6.6,3178
108.35,-6.011,-10.760,75.4,1.28,CLEAR(조향OFF)|STRAIGHT,,999.00,0.40,472.5,7.1,3125
108.40,-6.011,-10.760,75.7,1.28,CLEAR(조향OFF)|STRAIGHT,,999.00,0.40,483.7,7.0,3117
108.45,-5.984,-10.634,76.3,1.17,CLEAR(조향OFF)|STRAIGHT,,999.00,0.40,473.0,7.1,3143
108.50,-5.984,-10.634,76.7,1.17,CLEAR(조향OFF)|STRAIGHT,,999.00,0.40,505.7,7.0,3108
108.55,-5.962,-10.516,77.4,1.34,CLEAR(조향OFF)|STRAIGHT,,999.00,0.40,493.0,7.1,3134
108.60,-5.962,-10.516,77.7,1.34,CLEAR(조향OFF)|STRAIGHT,,999.00,0.40,496.4,7.1,3117
108.65,-5.939,-10.389,78.5,1.29,CLEAR(조향OFF)|STRAIGHT,,999.00,0.40,484.4,7.1,3108
108.70,-5.939,-10.389,78.8,1.29,CLEAR(조향OFF)|STRAIGHT,,999.00,0.40,455.6,7.1,3108
108.75,-5.925,-10.265,79.5,1.24,CLEAR(조향OFF)|STRAIGHT,,999.00,0.40,447.0,7.1,3117
108.80,-5.925,-10.265,80.0,1.24,CLEAR(조향OFF)|STRAIGHT,,999.00,0.40,460.3,7.1,3100
108.85,-5.907,-10.143,80.7,1.12,CLEAR(조향OFF)|STRAIGHT,,999.00,0.40,446.9,7.1,3117
108.90,-5.907,-10.143,81.1,1.12,CLEAR(조향OFF)|STRAIGHT,,999.00,0.40,470.6,7.2,3100
108.95,-5.896,-10.007,81.8,1.51,CLEAR(조향OFF)|STRAIGHT,,999.00,0.40,456.0,7.1,3100
109.00,-5.896,-10.007,82.2,1.51,CLEAR(조향OFF)|STRAIGHT,,999.00,0.40,447.0,7.1,3108
109.05,-5.893,-9.881,83.0,1.26,CLEAR(조향OFF)|STRAIGHT,,999.00,0.40,434.5,7.2,3108
109.10,-5.893,-9.881,83.3,1.26,CLEAR(조향OFF)|STRAIGHT,,999.00,0.40,417.4,7.1,3100
109.15,-5.878,-9.759,84.1,1.23,CLEAR(조향OFF)|STRAIGHT,,999.00,0.39,405.2,7.1,3108
109.20,-5.878,-9.759,84.5,1.23,CLEAR(조향OFF)|STRAIGHT,,999.00,0.39,417.9,7.1,3108
109.25,-5.877,-9.633,85.1,1.25,CLEAR(조향OFF)|STRAIGHT,,999.00,0.39,406.8,7.1,3083
109.30,-5.877,-9.633,85.4,1.25,CLEAR(조향OFF)|STRAIGHT,,999.00,0.39,417.4,7.1,3108
109.35,-5.870,-9.507,86.0,1.26,CLEAR(조향OFF)|STRAIGHT,,999.00,0.39,406.2,7.1,3117
109.40,-5.870,-9.507,86.5,1.26,CLEAR(조향OFF)|STRAIGHT,,999.00,0.39,422.5,7.1,3083
109.45,-5.870,-9.507,87.2,1.26,CLEAR(조향OFF)|STRAIGHT,,999.00,0.39,405.7,7.1,3108
109.50,-5.864,-9.378,87.5,1.08,CLEAR(조향OFF)|STRAIGHT,,999.00,0.39,381.5,7.1,3108
109.55,-5.873,-9.256,88.2,1.52,CLEAR(조향OFF)|STRAIGHT,,999.00,0.39,388.8,7.1,3100
109.60,-5.873,-9.256,88.7,1.52,CLEAR(조향OFF)|STRAIGHT,,999.00,0.39,376.5,7.1,3108
109.65,-5.875,-9.135,89.5,1.10,CLEAR(조향OFF)|STRAIGHT,,999.00,0.39,363.3,7.1,3100
109.70,-5.875,-9.135,90.0,1.10,CLEAR(조향OFF)|STRAIGHT,,999.00,0.39,374.9,7.1,3100
109.75,-5.885,-9.007,90.8,1.42,CLEAR(조향OFF)|STRAIGHT,,999.00,0.39,357.2,7.1,3091
109.80,-5.885,-9.007,91.3,1.42,CLEAR(조향OFF)|STRAIGHT,,999.00,0.39,351.6,7.1,3108
109.85,-5.893,-8.898,92.2,0.99,CLEAR(조향OFF)|STRAIGHT,,999.00,0.39,335.3,7.1,3108
109.90,-5.893,-8.898,92.6,0.99,CLEAR(조향OFF)|STRAIGHT,,999.00,0.39,324.9,7.1,3100
109.95,-5.894,-8.765,93.3,1.47,CLEAR(조향OFF)|STRAIGHT,,999.00,0.38,308.7,7.1,3074
110.00,-5.894,-8.765,93.8,1.47,CLEAR(조향OFF)|STRAIGHT,,999.00,0.38,318.7,7.1,3100
110.05,-5.900,-8.633,94.6,1.33,CLEAR(조향OFF)|STRAIGHT,,999.00,0.38,304.6,7.1,3083
110.10,-5.900,-8.633,94.9,1.33,CLEAR(조향OFF)|STRAIGHT,,999.00,0.38,310.2,7.1,3108
110.15,-5.925,-8.519,95.5,1.16,CLEAR(조향OFF)|STRAIGHT,,999.00,0.38,301.3,7.1,3108
110.20,-5.925,-8.519,95.9,1.16,CLEAR(조향OFF)|STRAIGHT,,999.00,0.38,291.1,7.2,3083
110.25,-5.943,-8.380,96.5,1.40,CLEAR(조향OFF)|STRAIGHT,,999.00,0.38,277.8,7.1,3083
110.30,-5.943,-8.380,96.9,1.40,CLEAR(조향OFF)|STRAIGHT,,999.00,0.38,294.6,7.1,3108
110.35,-5.970,-8.248,97.7,1.22,CLEAR(조향OFF)|STRAIGHT,,999.00,0.38,284.9,7.1,3083
110.40,-5.970,-8.248,98.0,1.22,CLEAR(조향OFF)|STRAIGHT,,999.00,0.38,274.3,6.3,3196
110.45,-5.999,-8.126,98.7,1.25,CLEAR(조향OFF)|STRAIGHT,,999.00,0.38,264.0,6.0,3233
110.50,-5.999,-8.126,99.0,1.25,CLEAR(조향OFF)|STRAIGHT,,999.00,0.38,258.7,6.0,3224
110.55,-6.018,-8.001,99.6,1.41,CLEAR(조향OFF)|STRAIGHT,,999.00,0.38,244.6,6.0,3233
110.60,-6.018,-8.001,99.9,1.41,CLEAR(조향OFF)|STRAIGHT,,999.00,0.38,259.0,6.0,3252
110.65,-6.042,-7.875,100.6,1.16,CLEAR(조향OFF)|STRAIGHT,,999.00,0.38,246.3,5.8,3252
110.70,-6.042,-7.875,100.9,1.16,CLEAR(조향OFF)|STRAIGHT,,999.00,0.38,258.6,5.7,3280
110.75,-6.068,-7.758,101.5,1.33,CLEAR(조향OFF)|STRAIGHT,,999.00,0.38,247.0,5.7,3290
110.80,-6.068,-7.758,101.8,1.33,CLEAR(조향OFF)|STRAIGHT,,999.00,0.38,255.4,5.6,3290
110.85,-6.100,-7.635,102.4,1.15,CLEAR(조향OFF)|STRAIGHT,,999.00,0.38,246.4,5.6,3280
110.90,-6.100,-7.635,102.6,1.15,CLEAR(조향OFF)|STRAIGHT,,999.00,0.38,232.6,5.6,3309
110.95,-6.127,-7.512,103.2,1.41,CLEAR(조향OFF)|STRAIGHT,,999.00,0.38,225.2,5.6,3300
111.00,-6.127,-7.512,103.5,1.41,CLEAR(조향OFF)|STRAIGHT,,999.00,0.38,244.2,5.6,3309
111.05,-6.159,-7.392,103.9,1.24,CLEAR(조향OFF)|STRAIGHT,,999.00,0.38,235.6,5.6,3309
111.10,-6.159,-7.392,104.4,1.24,CLEAR(조향OFF)|STRAIGHT,,999.00,0.38,260.3,5.6,3300
111.15,-6.198,-7.275,105.0,1.23,CLEAR(조향OFF)|STRAIGHT,,999.00,0.39,245.5,5.6,3300
111.20,-6.198,-7.275,105.0,1.23,CLEAR(조향OFF)|STRAIGHT,,999.00,0.39,240.4,5.6,3319
111.25,-6.236,-7.138,105.0,1.42,CLEAR(조향OFF)|STRAIGHT,,999.00,0.39,240.4,5.5,3300
111.30,-6.236,-7.138,105.0,1.42,CLEAR(조향OFF)|STRAIGHT,,999.00,0.39,278.6,5.5,3319
111.35,-6.272,-7.019,105.0,1.24,CLEAR(조향OFF)|STRAIGHT,,999.00,0.39,278.6,5.6,3309
111.40,-6.272,-7.019,105.0,1.24,CLEAR(조향OFF)|STRAIGHT,,999.00,0.39,311.9,5.4,3339
111.45,-6.272,-7.019,105.0,1.24,CLEAR(조향OFF)|STRAIGHT,,999.00,0.38,311.9,5.5,3329
111.50,-6.323,-6.899,105.0,1.08,CLEAR(조향OFF)|STRAIGHT,,999.00,0.38,311.9,5.5,3319
111.55,-6.323,-6.899,105.0,1.08,CLEAR(조향OFF)|STRAIGHT,,999.00,0.38,329.5,5.5,3319
111.60,-6.323,-6.899,105.0,1.08,CLEAR(조향OFF)|STRAIGHT,,999.00,0.38,329.5,5.5,3329
111.65,-6.323,-6.899,105.0,1.08,CLEAR(조향OFF)|STRAIGHT,,999.00,0.38,329.5,5.6,3309
111.70,-6.323,-6.899,105.0,1.08,CLEAR(조향OFF)|STRAIGHT,,999.00,0.38,329.5,5.5,3319
111.75,-6.323,-6.899,105.0,1.08,CLEAR(조향OFF)|STRAIGHT,,999.00,0.38,329.5,5.6,3329
111.80,-6.323,-6.899,105.0,1.08,CLEAR(조향OFF)|STRAIGHT,,999.00,0.38,329.5,5.5,3329
111.85,-6.323,-6.899,105.0,1.08,CLEAR(조향OFF)|STRAIGHT,,999.00,0.38,329.5,5.5,3319
111.90,-6.323,-6.899,105.0,1.08,CLEAR(조향OFF)|STRAIGHT,,999.00,0.38,329.5,5.5,3349
111.95,-6.323,-6.899,105.0,1.08,CLEAR(조향OFF)|STRAIGHT,,999.00,0.38,329.5,5.5,3309
112.00,-6.323,-6.899,105.0,1.08,CLEAR(조향OFF)|STRAIGHT,,999.00,0.38,329.5,5.5,3329
112.05,-6.323,-6.899,105.0,1.08,CLEAR(조향OFF)|STRAIGHT,,999.00,0.38,329.5,5.5,3329
112.10,-6.323,-6.899,105.0,1.08,CLEAR(조향OFF)|STRAIGHT,,999.00,0.38,329.5,5.5,3309
112.15,-6.323,-6.899,105.0,1.08,CLEAR(조향OFF)|STRAIGHT,,999.00,0.38,329.5,5.5,3329
112.20,-6.323,-6.899,105.0,1.08,CLEAR(조향OFF)|STRAIGHT,,999.00,0.00,200.6,5.5,3329
112.25,-6.323,-6.899,105.0,1.08,CLEAR(조향OFF)|STRAIGHT,,999.00,0.00,71.7,5.5,3319
112.30,-6.323,-6.899,105.0,1.08,CLEAR(조향OFF)|STRAIGHT,,999.00,0.00,0.0,5.5,3329
112.35,-6.323,-6.899,105.0,1.08,CLEAR(조향OFF)|STRAIGHT,,999.00,0.00,0.0,5.5,3329
112.40,-6.323,-6.899,105.0,1.08,CLEAR(조향OFF)|STRAIGHT,,999.00,0.00,0.0,4.6,3420
112.45,-6.323,-6.899,105.0,1.08,CLEAR(조향OFF)|STRAIGHT,,999.00,0.00,0.0,3.2,3583
112.50,-6.323,-6.899,105.0,1.08,CLEAR(조향OFF)|STRAIGHT,,999.00,0.00,0.0,2.3,3726
112.55,-6.323,-6.899,105.0,1.08,CLEAR(조향OFF)|STRAIGHT,,999.00,0.00,0.0,2.1,3763
112.60,-6.323,-6.899,105.0,1.08,CLEAR(조향OFF)|STRAIGHT,,999.00,0.00,0.0,2.1,3763
112.65,-6.323,-6.899,105.0,1.08,CLEAR(조향OFF)|STRAIGHT,,999.00,0.00,0.0,1.8,3827
112.70,-6.323,-6.899,105.0,1.08,CLEAR(조향OFF)|STRAIGHT,,999.00,0.00,0.0,1.7,3867
112.75,-6.323,-6.899,105.0,1.08,CLEAR(조향OFF)|STRAIGHT,,999.00,0.00,0.0,1.7,3880
112.80,-6.323,-6.899,105.0,1.08,CLEAR(조향OFF)|STRAIGHT,,999.00,0.00,0.0,1.7,3867
112.85,-6.323,-6.899,105.0,1.08,CLEAR(조향OFF)|STRAIGHT,,999.00,0.00,0.0,1.6,3893
112.90,-6.323,-6.899,105.0,1.08,CLEAR(조향OFF)|STRAIGHT,,999.00,0.00,0.0,1.6,3893
112.95,-6.323,-6.899,105.0,1.08,CLEAR(조향OFF)|STRAIGHT,,999.00,0.00,0.0,1.6,3907
113.00,-7.086,-5.146,116.7,1.06,CLEAR(조향OFF)|STRAIGHT,,999.00,0.00,0.0,1.6,3907
113.05,-7.127,-5.058,116.8,0.97,CLEAR(조향OFF)|STRAIGHT,,999.00,0.05,110.9,1.6,3920
113.10,-7.127,-5.058,116.9,0.97,CLEAR(조향OFF)|STRAIGHT,,999.00,0.10,185.5,1.4,3907
113.15,-7.171,-4.973,117.0,0.96,CLEAR(조향OFF)|STRAIGHT,,999.00,0.15,178.6,1.3,3962
113.20,-7.171,-4.973,117.0,0.96,CLEAR(조향OFF)|STRAIGHT,,999.00,0.20,217.5,1.3,3934
113.25,-7.219,-4.885,117.1,1.01,CLEAR(조향OFF)|STRAIGHT,,999.00,0.25,207.4,1.3,3948
113.30,-7.219,-4.885,117.1,1.01,CLEAR(조향OFF)|STRAIGHT,,999.00,0.30,219.4,1.8,3920
113.35,-7.255,-4.808,117.2,0.85,CLEAR(조향OFF)|STRAIGHT,,999.00,0.35,210.0,2.2,3853
113.40,-7.255,-4.808,117.2,0.85,CLEAR(조향OFF)|STRAIGHT,,999.00,0.37,338.9,2.1,3840
113.45,-7.255,-4.808,117.5,0.85,CLEAR(조향OFF)|STRAIGHT,,999.00,0.37,467.8,2.2,3840
113.50,-7.294,-4.734,117.5,0.70,CLEAR(조향OFF)|STRAIGHT,,999.00,0.37,441.2,2.3,3827
113.55,-7.337,-4.655,117.6,1.13,CLEAR(조향OFF)|STRAIGHT,,999.00,0.28,312.3,3.0,3763
113.60,-7.337,-4.655,117.7,1.13,CLEAR(조향OFF)|STRAIGHT,,999.00,0.19,183.3,4.1,3630
113.65,-7.378,-4.576,118.1,0.89,CLEAR(조향OFF)|STRAIGHT,,999.00,0.10,54.4,5.3,3462
113.70,-7.378,-4.576,118.3,0.89,CLEAR(조향OFF)|STRAIGHT,,999.00,0.01,0.0,5.3,3410
113.75,-7.426,-4.494,118.7,1.05,CLEAR(조향OFF)|STRAIGHT,,999.00,0.00,0.0,5.1,3430
113.80,-7.426,-4.494,118.9,1.05,CLEAR(조향OFF)|STRAIGHT,,999.00,0.00,0.0,3.5,3583
113.85,-7.470,-4.410,119.1,0.87,CLEAR(조향OFF)|STRAIGHT,,999.00,0.00,0.0,2.6,3701
113.90,-7.470,-4.410,119.2,0.87,CLEAR(조향OFF)|STRAIGHT,,999.00,0.00,0.0,2.2,3788
113.95,-7.522,-4.327,119.4,0.98,CLEAR(조향OFF)|STRAIGHT,,999.00,0.00,0.0,2.1,3801
114.00,-7.522,-4.327,119.5,0.98,CLEAR(조향OFF)|STRAIGHT,,999.00,0.00,0.0,2.1,3814
114.05,-7.561,-4.248,119.6,0.89,CLEAR(조향OFF)|STRAIGHT,,999.00,0.00,0.0,2.2,3814
114.10,-7.561,-4.248,119.7,0.89,CLEAR(조향OFF)|STRAIGHT,,999.00,0.00,0.0,2.2,3801
114.15,-7.599,-4.169,119.8,0.87,CLEAR(조향OFF)|STRAIGHT,,999.00,0.00,0.0,2.1,3827
114.20,-7.599,-4.169,119.9,0.87,CLEAR(조향OFF)|STRAIGHT,,999.00,0.00,0.0,2.0,3840
114.25,-7.643,-4.099,120.0,0.83,CLEAR(조향OFF)|STRAIGHT,,999.00,0.00,0.0,1.7,3893
114.30,-7.643,-4.099,120.1,0.83,CLEAR(조향OFF)|STRAIGHT,,999.00,0.00,0.0,1.6,3893
114.35,-7.681,-4.029,120.1,0.80,CLEAR(조향OFF)|STRAIGHT,,999.00,0.00,0.0,1.7,3907
114.40,-7.681,-4.029,120.1,0.80,CLEAR(조향OFF)|STRAIGHT,,999.00,0.00,0.0,1.7,3907
114.45,-7.717,-3.965,120.2,0.67,CLEAR(조향OFF)|STRAIGHT,,999.00,0.00,0.0,1.7,3934
114.50,-7.717,-3.965,120.3,0.67,CLEAR(조향OFF)|STRAIGHT,,999.00,0.00,0.0,1.7,3893
114.55,-7.752,-3.898,120.4,0.84,CLEAR(조향OFF)|STRAIGHT,,999.00,0.00,0.0,1.6,3920
114.60,-7.752,-3.898,120.4,0.84,CLEAR(조향OFF)|STRAIGHT,,999.00,0.00,0.0,1.7,3907
114.65,-7.784,-3.843,120.5,0.64,CLEAR(조향OFF)|STRAIGHT,,999.00,0.00,0.0,1.6,3920
114.70,-7.784,-3.843,120.5,0.64,CLEAR(조향OFF)|STRAIGHT,,999.00,0.00,0.0,1.8,3893
114.75,-7.816,-3.785,120.5,0.66,CLEAR(조향OFF)|STRAIGHT,,999.00,0.00,0.0,1.7,3907
114.80,-7.816,-3.785,120.5,0.66,CLEAR(조향OFF)|STRAIGHT,,999.00,0.00,0.0,1.7,3907
114.85,-7.857,-3.738,120.6,0.56,CLEAR(조향OFF)|STRAIGHT,,999.00,0.00,0.0,1.6,3934
114.90,-7.857,-3.738,120.6,0.56,CLEAR(조향OFF)|STRAIGHT,,999.00,0.00,0.0,1.6,3934
114.95,-7.883,-3.690,120.7,0.61,CLEAR(조향OFF)|STRAIGHT,,999.00,0.00,0.0,1.7,3920
115.00,-7.883,-3.690,120.8,0.61,CLEAR(조향OFF)|STRAIGHT,,999.00,0.00,0.0,1.7,3907
115.05,-7.912,-3.643,120.9,0.54,AVOID(조향OFF)|LEFT,,4.00,0.00,0.0,1.7,3920
115.10,-7.912,-3.643,120.9,0.54,AVOID(조향OFF)|LEFT,,4.00,0.00,0.0,1.7,3907
115.15,-7.938,-3.600,120.9,0.51,AVOID(조향OFF)|LEFT,,3.98,0.00,0.0,1.3,3976
115.20,-7.938,-3.600,121.0,0.51,CLEAR(조향OFF)|STRAIGHT,,999.00,0.00,0.0,1.3,3976
115.25,-7.958,-3.556,121.1,0.49,CLEAR(조향OFF)|STRAIGHT,,999.00,0.00,0.0,1.3,3962
115.30,-7.958,-3.556,121.1,0.49,CLEAR(조향OFF)|STRAIGHT,,999.00,0.00,0.0,1.3,3990
115.35,-7.982,-3.521,121.3,0.42,CLEAR(조향OFF)|STRAIGHT,,999.00,0.00,0.0,1.3,4004
115.40,-7.982,-3.521,121.3,0.42,CLEAR(조향OFF)|STRAIGHT,,999.00,0.00,0.0,1.3,3948
115.45,-8.002,-3.492,121.3,0.32,CLEAR(조향OFF)|STRAIGHT,,999.00,0.00,0.0,1.3,3990
115.50,-8.002,-3.492,121.3,0.32,CLEAR(조향OFF)|STRAIGHT,,999.00,0.00,0.0,1.3,4004
115.55,-8.021,-3.453,121.4,0.48,CLEAR(조향OFF)|STRAIGHT,,999.00,0.00,0.0,1.2,3990
115.60,-8.021,-3.453,121.4,0.48,CLEAR(조향OFF)|STRAIGHT,,999.00,0.00,0.0,1.3,3990
115.65,-8.034,-3.427,121.5,0.30,CLEAR(조향OFF)|STRAIGHT,,999.00,0.00,0.0,1.2,3990
115.70,-8.034,-3.427,121.5,0.30,CLEAR(조향OFF)|STRAIGHT,,999.00,0.00,0.0,1.3,3976
115.75,-8.045,-3.402,121.6,0.24,CLEAR(조향OFF)|STRAIGHT,,999.00,0.00,0.0,1.3,3976
115.80,-8.045,-3.402,121.6,0.24,CLEAR(조향OFF)|STRAIGHT,,999.00,0.00,0.0,1.3,3990
115.85,-8.056,-3.379,121.7,0.28,CLEAR(조향OFF)|STRAIGHT,,999.00,0.00,0.0,1.3,4004
115.90,-8.056,-3.379,121.7,0.28,CLEAR(조향OFF)|STRAIGHT,,999.00,0.00,0.0,1.3,4004
115.95,-8.063,-3.364,121.7,0.18,CLEAR(조향OFF)|STRAIGHT,,999.00,0.00,0.0,1.3,4004
116.00,-8.063,-3.364,121.7,0.18,CLEAR(조향OFF)|STRAIGHT,,999.00,0.00,0.0,1.3,3990
116.05,-8.071,-3.347,121.7,0.18,CLEAR(조향OFF)|STRAIGHT,,999.00,0.00,0.0,1.3,3976
116.10,-8.071,-3.347,121.8,0.18,CLEAR(조향OFF)|STRAIGHT,,999.00,0.00,0.0,1.3,3990
116.15,-8.080,-3.336,121.8,0.14,CLEAR(조향OFF)|STRAIGHT,,999.00,0.00,0.0,1.3,4004
116.20,-8.080,-3.336,121.8,0.14,CLEAR(조향OFF)|STRAIGHT,,999.00,0.00,0.0,1.3,3990
116.25,-8.086,-3.327,121.8,0.11,CLEAR(조향OFF)|STRAIGHT,,999.00,0.00,0.0,1.3,3976
116.30,-8.086,-3.327,121.8,0.11,CLEAR(조향OFF)|STRAIGHT,,999.00,0.00,0.0,1.3,3990
116.35,-8.089,-3.321,121.9,0.06,CLEAR(조향OFF)|STRAIGHT,,999.00,0.00,0.0,1.2,3990
116.40,-8.089,-3.321,121.9,0.06,CLEAR(조향OFF)|STRAIGHT,,999.00,0.00,0.0,1.3,3990
116.45,-8.090,-3.319,121.9,0.02,CLEAR(조향OFF)|STRAIGHT,,999.00,0.00,0.0,1.3,4004
116.50,-8.090,-3.319,121.9,0.02,CLEAR(조향OFF)|STRAIGHT,,999.00,0.00,0.0,1.3,3990
116.55,-8.088,-3.318,121.9,0.00,CLEAR(조향OFF)|STRAIGHT,,999.00,0.00,0.0,1.3,3990
116.60,-8.088,-3.318,121.9,0.00,CLEAR(조향OFF)|STRAIGHT,,999.00,0.00,0.0,1.2,4004
116.65,-8.088,-3.318,121.9,0.00,CLEAR(조향OFF)|STRAIGHT,,999.00,0.00,0.0,1.2,3976
116.70,-8.089,-3.338,121.9,-0.11,CLEAR(조향OFF)|STRAIGHT,,999.00,0.00,0.0,1.3,3976
116.75,-8.089,-3.338,122.0,-0.11,CLEAR(조향OFF)|STRAIGHT,,999.00,0.00,0.0,1.3,3990
116.80,-8.089,-3.338,122.0,-0.11,CLEAR(조향OFF)|STRAIGHT,,999.00,0.00,0.0,1.2,3990
116.85,-8.087,-3.340,122.0,-0.02,CLEAR(조향OFF)|STRAIGHT,,999.00,0.00,0.0,1.3,3976
116.90,-8.087,-3.340,122.0,-0.02,CLEAR(조향OFF)|STRAIGHT,,999.00,0.00,0.0,1.3,4004
116.95,-8.087,-3.341,122.0,-0.01,CLEAR(조향OFF)|STRAIGHT,,999.00,0.00,0.0,1.3,3990
117.00,-8.087,-3.341,122.0,-0.01,CLEAR(조향OFF)|STRAIGHT,,999.00,0.00,0.0,1.3,4004
117.05,-8.086,-3.342,122.0,-0.01,CLEAR(조향OFF)|STRAIGHT,,999.00,0.00,0.0,1.3,3976
117.10,-8.086,-3.342,122.0,-0.01,CLEAR(조향OFF)|STRAIGHT,,999.00,0.00,0.0,1.3,4004
117.15,-8.087,-3.342,122.0,0.01,CLEAR(조향OFF)|STRAIGHT,,999.00,0.00,0.0,1.3,4004
117.20,-8.087,-3.342,122.0,0.01,CLEAR(조향OFF)|STRAIGHT,,999.00,0.00,0.0,1.3,3990
117.25,-8.087,-3.339,122.1,0.03,CLEAR(조향OFF)|STRAIGHT,,999.00,0.00,0.0,1.3,4004
117.30,-8.087,-3.339,122.1,0.03,CLEAR(조향OFF)|STRAIGHT,,999.00,0.00,0.0,1.3,3990
117.35,-8.086,-3.341,122.1,-0.03,CLEAR(조향OFF)|STRAIGHT,,999.00,0.00,0.0,1.3,3976
117.40,-8.086,-3.341,122.1,-0.03,CLEAR(조향OFF)|STRAIGHT,,999.00,0.00,0.0,1.3,4004
117.45,-8.088,-3.341,122.1,0.01,CLEAR(조향OFF)|STRAIGHT,,999.00,0.00,0.0,1.3,3990
117.50,-8.088,-3.341,122.1,0.01,CLEAR(조향OFF)|STRAIGHT,,999.00,0.00,0.0,1.2,3990
117.55,-8.087,-3.338,122.1,0.02,CLEAR(조향OFF)|STRAIGHT,,999.00,0.00,0.0,1.3,3990
117.60,-8.087,-3.338,122.1,0.02,CLEAR(조향OFF)|STRAIGHT,,999.00,0.00,0.0,1.3,3990
117.65,-8.087,-3.338,122.1,0.00,CLEAR(조향OFF)|STRAIGHT,,999.00,0.00,0.0,1.3,3976
117.70,-8.087,-3.338,122.2,0.00,CLEAR(조향OFF)|STRAIGHT,,999.00,0.00,0.0,1.3,4018
117.75,-8.086,-3.339,122.2,-0.01,CLEAR(조향OFF)|STRAIGHT,,999.00,0.00,0.0,1.3,3962
117.80,-8.086,-3.339,122.2,-0.01,CLEAR(조향OFF)|STRAIGHT,,999.00,0.00,0.0,1.3,4018
117.85,-8.087,-3.339,122.2,0.00,CLEAR(조향OFF)|STRAIGHT,,999.00,0.00,0.0,1.3,3990
117.90,-8.087,-3.339,122.2,0.00,CLEAR(조향OFF)|STRAIGHT,,999.00,0.00,0.0,1.3,3990
117.95,-8.086,-3.341,122.2,-0.02,CLEAR(조향OFF)|STRAIGHT,,999.00,0.00,0.0,1.3,4004
118.00,-8.086,-3.341,122.2,-0.02,CLEAR(조향OFF)|STRAIGHT,,999.00,0.00,0.0,1.3,3976
118.05,-8.087,-3.338,122.3,0.03,CLEAR(조향OFF)|STRAIGHT,,999.00,0.00,0.0,1.3,3976
118.10,-8.087,-3.338,122.3,0.03,CLEAR(조향OFF)|STRAIGHT,,999.00,0.00,0.0,1.3,4018
118.15,-8.086,-3.340,122.2,-0.02,CLEAR(조향OFF)|STRAIGHT,,999.00,0.00,0.0,1.3,3976
118.20,-8.086,-3.340,122.3,-0.02,CLEAR(조향OFF)|STRAIGHT,,999.00,0.00,0.0,1.3,3990
118.25,-8.086,-3.340,122.3,0.00,CLEAR(조향OFF)|STRAIGHT,,999.00,0.00,0.0,1.3,3990
118.30,-8.086,-3.340,122.3,0.00,CLEAR(조향OFF)|STRAIGHT,,999.00,0.00,0.0,1.2,3990
118.35,-8.087,-3.338,122.3,0.01,CLEAR(조향OFF)|STRAIGHT,,999.00,0.00,0.0,1.3,3976
118.40,-8.087,-3.338,122.3,0.01,CLEAR(조향OFF)|STRAIGHT,,999.00,0.00,0.0,1.3,4004
118.45,-8.087,-3.339,122.4,-0.00,CLEAR(조향OFF)|STRAIGHT,,999.00,0.00,0.0,1.3,3990
118.50,-8.087,-3.339,122.4,-0.00,CLEAR(조향OFF)|STRAIGHT,,999.00,0.00,0.0,1.4,3990
118.55,-8.087,-3.339,122.4,-0.00,CLEAR(조향OFF)|STRAIGHT,,999.00,0.00,0.0,1.3,4018
118.60,-8.087,-3.339,122.4,-0.00,CLEAR(조향OFF)|STRAIGHT,,999.00,0.00,0.0,1.3,3990
118.65,-8.086,-3.336,122.4,0.02,CLEAR(조향OFF)|STRAIGHT,,999.00,0.00,0.0,1.3,3976
118.70,-8.086,-3.336,122.4,0.02,CLEAR(조향OFF)|STRAIGHT,,999.00,0.00,0.0,1.3,3990
118.75,-8.086,-3.338,122.5,-0.02,CLEAR(조향OFF)|STRAIGHT,,999.00,0.00,0.0,1.3,3976
118.80,-8.086,-3.338,122.5,-0.02,CLEAR(조향OFF)|STRAIGHT,,999.00,0.00,0.0,1.3,3990
118.85,-8.086,-3.334,122.5,0.04,CLEAR(조향OFF)|STRAIGHT,,999.00,0.00,0.0,1.3,4018
118.90,-8.086,-3.334,122.5,0.04,CLEAR(조향OFF)|STRAIGHT,,999.00,0.00,0.0,1.3,3976
118.95,-8.086,-3.336,122.5,-0.02,CLEAR(조향OFF)|STRAIGHT,,999.00,0.00,0.0,1.3,3976
119.00,-8.086,-3.336,122.5,-0.02,CLEAR(조향OFF)|STRAIGHT,,999.00,0.00,0.0,1.3,3990
119.05,-8.085,-3.335,122.5,-0.00,CLEAR(조향OFF)|STRAIGHT,,999.00,0.00,0.0,1.3,3976
119.10,-8.085,-3.335,122.6,-0.00,CLEAR(조향OFF)|STRAIGHT,,999.00,0.00,0.0,1.3,3990
119.15,-8.087,-3.335,122.6,0.01,CLEAR(조향OFF)|STRAIGHT,,999.00,0.00,0.0,1.3,3990
119.20,-8.087,-3.335,122.6,0.01,CLEAR(조향OFF)|STRAIGHT,,999.00,0.00,0.0,1.2,4004
119.25,-8.086,-3.334,122.6,0.00,CLEAR(조향OFF)|STRAIGHT,,999.00,0.00,0.0,1.3,3990
119.30,-8.086,-3.334,122.6,0.00,CLEAR(조향OFF)|STRAIGHT,,999.00,0.00,0.0,1.2,3990
119.35,-8.087,-3.334,122.6,0.01,CLEAR(조향OFF)|STRAIGHT,,999.00,0.00,0.0,1.2,4004
119.40,-8.087,-3.334,122.6,0.01,CLEAR(조향OFF)|STRAIGHT,,999.00,0.00,0.0,1.3,3990
119.45,-8.084,-3.336,122.7,-0.03,CLEAR(조향OFF)|STRAIGHT,,999.00,0.00,0.0,1.3,4004
119.50,-8.084,-3.336,122.7,-0.03,CLEAR(조향OFF)|STRAIGHT,,999.00,0.00,0.0,1.3,4004
119.55,-8.084,-3.334,122.7,0.02,CLEAR(조향OFF)|STRAIGHT,,999.00,0.00,0.0,1.3,3990
119.60,-8.084,-3.334,122.7,0.02,CLEAR(조향OFF)|STRAIGHT,,999.00,0.00,0.0,1.3,3990
119.65,-8.086,-3.334,122.7,0.01,CLEAR(조향OFF)|STRAIGHT,,999.00,0.00,0.0,1.2,4004
119.70,-8.086,-3.334,122.7,0.01,CLEAR(조향OFF)|STRAIGHT,,999.00,0.00,0.0,1.2,3990
119.75,-8.085,-3.335,122.7,-0.01,CLEAR(조향OFF)|STRAIGHT,,999.00,0.00,0.0,1.3,4004
119.80,-8.085,-3.335,122.7,-0.01,CLEAR(조향OFF)|STRAIGHT,,999.00,0.00,0.0,1.3,4004
119.85,-8.085,-3.334,122.8,0.01,CLEAR(조향OFF)|STRAIGHT,,999.00,0.00,0.0,1.3,4004
119.90,-8.085,-3.334,122.8,0.01,CLEAR(조향OFF)|STRAIGHT,,999.00,0.00,0.0,1.3,3976
119.95,-8.085,-3.333,122.8,0.01,CLEAR(조향OFF)|STRAIGHT,,999.00,0.00,0.0,1.2,4018
120.00,-8.085,-3.333,122.8,0.01,CLEAR(조향OFF)|STRAIGHT,,999.00,0.00,0.0,1.3,3990
120.05,-8.084,-3.332,122.8,-0.00,CLEAR(조향OFF)|STRAIGHT,,999.00,0.00,0.0,1.3,4004
120.10,-8.084,-3.332,122.8,-0.00,CLEAR(조향OFF)|STRAIGHT,,999.00,0.00,0.0,1.3,3990
120.15,-8.087,-3.332,122.8,0.02,CLEAR(조향OFF)|STRAIGHT,,999.00,0.00,0.0,1.3,3990
120.20,-8.087,-3.332,122.8,0.02,CLEAR(조향OFF)|STRAIGHT,,999.00,0.00,0.0,1.2,3990
120.25,-8.085,-3.332,122.9,-0.01,CLEAR(조향OFF)|STRAIGHT,,999.00,0.00,0.0,1.3,3990
120.30,-8.085,-3.332,122.9,-0.01,CLEAR(조향OFF)|STRAIGHT,,999.00,0.00,0.0,1.3,3990
120.35,-8.085,-3.332,122.9,0.00,CLEAR(조향OFF)|STRAIGHT,,999.00,0.00,0.0,1.3,4004
120.40,-8.085,-3.332,122.9,0.00,CLEAR(조향OFF)|STRAIGHT,,999.00,0.00,0.0,1.2,4004
120.45,-8.084,-3.333,122.9,-0.01,CLEAR(조향OFF)|STRAIGHT,,999.00,0.00,0.0,1.3,4004
120.50,-8.084,-3.333,122.9,-0.01,CLEAR(조향OFF)|STRAIGHT,,999.00,0.00,0.0,1.3,3976
120.55,-8.085,-3.333,123.0,0.00,CLEAR(조향OFF)|STRAIGHT,,999.00,0.00,0.0,1.2,4004
120.60,-8.085,-3.333,123.0,0.00,CLEAR(조향OFF)|STRAIGHT,,999.00,0.00,0.0,1.4,3990
120.65,-8.085,-3.331,123.0,0.02,CLEAR(조향OFF)|STRAIGHT,,999.00,0.00,0.0,1.3,3990
120.70,-8.085,-3.331,123.0,0.02,CLEAR(조향OFF)|STRAIGHT,,999.00,0.00,0.0,1.3,4004
120.75,-8.085,-3.331,123.0,-0.00,CLEAR(조향OFF)|STRAIGHT,,999.00,0.00,0.0,1.3,4004
120.80,-8.085,-3.331,123.0,-0.00,CLEAR(조향OFF)|STRAIGHT,,999.00,0.00,0.0,1.3,3976
120.85,-8.083,-3.334,123.0,-0.03,CLEAR(조향OFF)|STRAIGHT,,999.00,0.00,0.0,1.3,4004
120.90,-8.083,-3.334,123.0,-0.03,CLEAR(조향OFF)|STRAIGHT,,999.00,0.00,0.0,1.3,3976
120.95,-8.086,-3.342,123.1,-0.06,CLEAR(조향OFF)|STRAIGHT,,999.00,0.00,0.0,1.3,3990
121.00,-8.086,-3.342,123.1,-0.06,CLEAR(조향OFF)|STRAIGHT,,999.00,0.00,0.0,1.3,4004
121.05,-8.086,-3.343,123.1,-0.01,CLEAR(조향OFF)|STRAIGHT,,999.00,0.00,0.0,1.3,4018
121.10,-8.086,-3.343,123.1,-0.01,CLEAR(조향OFF)|STRAIGHT,,999.00,0.00,0.0,1.3,4018
121.15,-8.085,-3.341,123.1,0.01,CLEAR(조향OFF)|STRAIGHT,,999.00,0.00,0.0,1.3,3962
121.20,-8.085,-3.341,123.1,0.01,CLEAR(조향OFF)|STRAIGHT,,999.00,0.00,0.0,1.3,3962
121.25,-8.086,-3.344,123.1,-0.02,CLEAR(조향OFF)|STRAIGHT,,999.00,0.00,0.0,1.3,4004
121.30,-8.086,-3.344,123.1,-0.02,CLEAR(조향OFF)|STRAIGHT,,999.00,0.00,0.0,1.3,4004
121.35,-8.085,-3.343,123.2,0.00,CLEAR(조향OFF)|STRAIGHT,,999.00,0.00,0.0,1.3,3976
121.40,-8.085,-3.343,123.2,0.00,CLEAR(조향OFF)|STRAIGHT,,999.00,0.00,0.0,1.3,3976
121.45,-8.086,-3.340,123.2,0.02,CLEAR(조향OFF)|STRAIGHT,,999.00,0.00,0.0,1.3,4004
121.50,-8.086,-3.340,123.2,0.02,CLEAR(조향OFF)|STRAIGHT,,999.00,0.00,0.0,1.2,4004
121.55,-8.088,-3.340,123.2,0.01,CLEAR(조향OFF)|STRAIGHT,,999.00,0.00,0.0,1.2,4004
121.60,-8.088,-3.340,123.2,0.01,CLEAR(조향OFF)|STRAIGHT,,999.00,0.00,0.0,1.3,4004
121.65,-8.085,-3.339,123.2,-0.01,CLEAR(조향OFF)|STRAIGHT,,999.00,0.00,0.0,1.2,3976
121.70,-8.085,-3.339,123.2,-0.01,CLEAR(조향OFF)|STRAIGHT,,999.00,0.00,0.0,1.3,3990
121.75,-8.088,-3.344,123.2,-0.03,CLEAR(조향OFF)|STRAIGHT,,999.00,0.00,0.0,1.3,3990
121.80,-8.088,-3.344,123.3,-0.03,CLEAR(조향OFF)|STRAIGHT,,999.00,0.00,0.0,1.3,3990
121.85,-8.087,-3.345,123.3,-0.01,CLEAR(조향OFF)|STRAIGHT,,999.00,0.00,0.0,1.3,3990
121.90,-8.087,-3.345,123.3,-0.01,CLEAR(조향OFF)|STRAIGHT,,999.00,0.00,0.0,1.3,4018
121.95,-8.087,-3.340,123.3,0.05,CLEAR(조향OFF)|STRAIGHT,,999.00,0.00,0.0,0.8,4047
122.00,-8.087,-3.340,123.3,0.05,CLEAR(조향OFF)|STRAIGHT,,999.00,0.00,0.0,0.8,4047
122.05,-8.087,-3.340,123.3,0.00,CLEAR(조향OFF)|STRAIGHT,,999.00,0.00,0.0,0.7,4077
122.10,-8.087,-3.340,123.3,0.00,CLEAR(조향OFF)|STRAIGHT,,999.00,0.00,0.0,0.7,4047
122.15,-8.084,-3.342,123.3,-0.04,CLEAR(조향OFF)|STRAIGHT,,999.00,0.00,0.0,0.7,4077
122.20,-8.084,-3.342,123.3,-0.04,CLEAR(조향OFF)|STRAIGHT,,999.00,0.00,0.0,0.7,4092
122.25,-8.082,-3.335,123.4,0.05,CLEAR(조향OFF)|STRAIGHT,,999.00,0.00,0.0,0.7,4062
122.30,-8.082,-3.335,123.4,0.05,CLEAR(조향OFF)|STRAIGHT,,999.00,0.00,0.0,0.7,4062
122.35,-8.085,-3.338,123.4,-0.01,CLEAR(조향OFF)|STRAIGHT,,999.00,0.00,0.0,0.7,4121
122.40,-8.085,-3.338,123.4,-0.01,CLEAR(조향OFF)|STRAIGHT,,999.00,0.00,0.0,0.8,4077
122.45,-8.084,-3.340,123.4,-0.02,CLEAR(조향OFF)|STRAIGHT,,999.00,0.00,0.0,0.8,4077
122.50,-8.084,-3.340,123.4,-0.02,CLEAR(조향OFF)|STRAIGHT,,999.00,0.00,0.0,0.8,4062
122.55,-8.083,-3.340,123.4,-0.00,CLEAR(조향OFF)|STRAIGHT,,999.00,0.00,0.0,0.7,4092
122.60,-8.083,-3.340,123.4,-0.00,CLEAR(조향OFF)|STRAIGHT,,999.00,0.00,0.0,0.7,4077
122.65,-8.081,-3.339,123.4,0.00,CLEAR(조향OFF)|STRAIGHT,,999.00,0.00,0.0,0.8,4106
122.70,-8.081,-3.339,123.4,0.00,CLEAR(조향OFF)|STRAIGHT,,999.00,0.00,0.0,0.7,4077
122.75,-8.082,-3.338,123.5,0.01,CLEAR(조향OFF)|STRAIGHT,,999.00,0.00,0.0,0.7,4077
122.80,-8.082,-3.338,123.5,0.01,CLEAR(조향OFF)|STRAIGHT,,999.00,0.00,0.0,0.7,4077
122.85,-8.084,-3.335,123.5,0.04,CLEAR(조향OFF)|STRAIGHT,,999.00,0.00,0.0,0.7,4092
122.90,-8.084,-3.335,123.5,0.04,CLEAR(조향OFF)|STRAIGHT,,999.00,0.00,0.0,0.8,4077
122.95,-8.084,-3.342,123.5,-0.05,CLEAR(조향OFF)|STRAIGHT,,999.00,0.00,0.0,0.7,4092
123.00,-8.084,-3.342,123.5,-0.05,CLEAR(조향OFF)|STRAIGHT,,999.00,0.00,0.0,0.7,4077
123.05,-8.080,-3.340,123.5,-0.00,CLEAR(조향OFF)|STRAIGHT,,999.00,0.00,0.0,0.8,4092
123.10,-8.080,-3.340,123.5,-0.00,CLEAR(조향OFF)|STRAIGHT,,999.00,0.00,0.0,0.8,4077
123.15,-8.083,-3.342,123.5,-0.01,CLEAR(조향OFF)|STRAIGHT,,999.00,0.00,0.0,0.7,4092
123.20,-8.083,-3.342,123.6,-0.01,CLEAR(조향OFF)|STRAIGHT,,999.00,0.00,0.0,0.8,4077
123.25,-8.083,-3.340,123.6,0.02,CLEAR(조향OFF)|STRAIGHT,,999.00,0.00,0.0,0.7,4092
123.30,-8.083,-3.340,123.6,0.02,CLEAR(조향OFF)|STRAIGHT,,999.00,0.00,0.0,0.7,4077
123.35,-8.080,-3.340,123.6,-0.02,CLEAR(조향OFF)|STRAIGHT,,999.00,0.00,0.0,0.8,4092
123.40,-8.080,-3.340,123.6,-0.02,CLEAR(조향OFF)|STRAIGHT,,999.00,0.00,0.0,0.7,4077
123.45,-8.077,-3.335,123.6,0.02,CLEAR(조향OFF)|STRAIGHT,,999.00,0.00,0.0,0.8,4077
123.50,-8.077,-3.335,123.6,0.02,CLEAR(조향OFF)|STRAIGHT,,999.00,0.00,0.0,0.7,4077
123.55,-8.075,-3.332,123.6,0.02,CLEAR(조향OFF)|STRAIGHT,,999.00,0.00,0.0,0.7,4077
123.60,-8.075,-3.332,123.6,0.02,CLEAR(조향OFF)|STRAIGHT,,999.00,0.00,0.0,0.8,4077
123.65,-8.075,-3.335,123.7,-0.03,CLEAR(조향OFF)|STRAIGHT,,999.00,0.00,0.0,0.7,4106
123.70,-8.075,-3.335,123.7,-0.03,CLEAR(조향OFF)|STRAIGHT,,999.00,0.00,0.0,0.7,4077
123.75,-8.076,-3.339,123.7,-0.02,CLEAR(조향OFF)|STRAIGHT,,999.00,0.00,0.0,0.7,4092
123.80,-8.076,-3.339,123.7,-0.02,CLEAR(조향OFF)|STRAIGHT,,999.00,0.00,0.0,0.8,4092
123.85,-8.076,-3.336,123.7,0.02,CLEAR(조향OFF)|STRAIGHT,,999.00,0.00,0.0,0.7,4077
123.90,-8.076,-3.336,123.7,0.02,CLEAR(조향OFF)|STRAIGHT,,999.00,0.00,0.0,0.8,4106
123.95,-8.078,-3.338,123.7,-0.01,CLEAR(조향OFF)|STRAIGHT,,999.00,0.00,0.0,0.8,4092
124.00,-8.078,-3.338,123.7,-0.01,CLEAR(조향OFF)|STRAIGHT,,999.00,0.00,0.0,0.7,4077
124.05,-8.077,-3.338,123.7,-0.00,CLEAR(조향OFF)|STRAIGHT,,999.00,0.00,0.0,0.7,4106
124.10,-8.077,-3.338,123.7,-0.00,CLEAR(조향OFF)|STRAIGHT,,999.00,0.00,0.0,0.8,4077
124.15,-8.078,-3.337,123.8,0.00,CLEAR(조향OFF)|STRAIGHT,,999.00,0.00,0.0,0.7,4092
124.20,-8.078,-3.337,123.8,0.00,CLEAR(조향OFF)|STRAIGHT,,999.00,0.00,0.0,0.7,4092
124.25,-8.081,-3.340,123.8,-0.00,CLEAR(조향OFF)|STRAIGHT,,999.00,0.00,0.0,0.7,4092
124.30,-8.081,-3.340,123.8,-0.00,CLEAR(조향OFF)|STRAIGHT,,999.00,0.00,0.0,0.7,4077
124.35,-8.080,-3.341,123.8,-0.01,CLEAR(조향OFF)|STRAIGHT,,999.00,0.00,0.0,0.8,4092
124.40,-8.080,-3.341,123.8,-0.01,CLEAR(조향OFF)|STRAIGHT,,999.00,0.00,0.0,0.8,4092
124.45,-8.077,-3.339,123.8,-0.00,CLEAR(조향OFF)|STRAIGHT,,999.00,0.00,0.0,0.7,4077
124.50,-8.077,-3.339,123.8,-0.00,CLEAR(조향OFF)|STRAIGHT,,999.00,0.00,0.0,0.8,4077
124.55,-8.076,-3.341,123.8,-0.02,CLEAR(조향OFF)|STRAIGHT,,999.00,0.00,0.0,0.8,4062
124.60,-8.076,-3.341,123.9,-0.02,CLEAR(조향OFF)|STRAIGHT,,999.00,0.00,0.0,0.7,4092
124.65,-8.078,-3.340,123.9,0.02,CLEAR(조향OFF)|STRAIGHT,,999.00,0.00,0.0,0.7,4092
124.70,-8.078,-3.340,123.9,0.02,CLEAR(조향OFF)|STRAIGHT,,999.00,0.00,0.0,0.7,4092
124.75,-8.076,-3.342,123.9,-0.02,CLEAR(조향OFF)|STRAIGHT,,999.00,0.00,0.0,0.8,4092
124.80,-8.076,-3.342,123.9,-0.02,CLEAR(조향OFF)|STRAIGHT,,999.00,0.00,0.0,0.7,4077
124.85,-8.077,-3.339,123.9,0.03,CLEAR(조향OFF)|STRAIGHT,,999.00,0.00,0.0,0.7,4077
124.90,-8.077,-3.339,123.9,0.03,CLEAR(조향OFF)|STRAIGHT,,999.00,0.00,0.0,0.8,4092
124.95,-8.078,-3.341,123.9,-0.01,CLEAR(조향OFF)|STRAIGHT,,999.00,0.00,0.0,0.7,4077
125.00,-8.078,-3.341,123.9,-0.01,CLEAR(조향OFF)|STRAIGHT,,999.00,0.00,0.0,0.7,4092
125.05,-8.086,-3.341,123.9,0.04,CLEAR(조향OFF)|STRAIGHT,,999.00,0.00,0.0,0.8,4106
125.10,-8.086,-3.341,123.9,0.04,CLEAR(조향OFF)|STRAIGHT,,999.00,0.00,0.0,0.7,4077
125.15,-8.084,-3.337,123.9,0.03,CLEAR(조향OFF)|STRAIGHT,,999.00,0.00,0.0,0.8,4077
125.20,-8.084,-3.337,123.9,0.03,CLEAR(조향OFF)|STRAIGHT,,999.00,0.00,0.0,0.7,4106
125.25,-8.083,-3.336,124.0,-0.00,CLEAR(조향OFF)|STRAIGHT,,999.00,0.00,0.0,0.8,4077
125.30,-8.083,-3.336,124.0,-0.00,CLEAR(조향OFF)|STRAIGHT,,999.00,0.00,0.0,0.8,4077
125.35,-8.085,-3.338,124.0,-0.01,CLEAR(조향OFF)|STRAIGHT,,999.00,0.00,0.0,0.8,4092
125.40,-8.085,-3.338,124.0,-0.01,CLEAR(조향OFF)|STRAIGHT,,999.00,0.00,0.0,0.7,4077
125.45,-8.085,-3.339,124.0,-0.01,CLEAR(조향OFF)|STRAIGHT,,999.00,0.00,0.0,0.7,4092
125.50,-8.085,-3.339,124.0,-0.01,CLEAR(조향OFF)|STRAIGHT,,999.00,0.00,0.0,0.7,4106
125.55,-8.086,-3.341,124.0,-0.01,CLEAR(조향OFF)|STRAIGHT,,999.00,0.00,0.0,0.8,4077
125.60,-8.086,-3.341,124.0,-0.01,CLEAR(조향OFF)|STRAIGHT,,999.00,0.00,0.0,0.8,4077
125.65,-8.083,-3.342,124.0,-0.02,CLEAR(조향OFF)|STRAIGHT,,999.00,0.00,0.0,0.7,4092
125.70,-8.083,-3.342,124.0,-0.02,CLEAR(조향OFF)|STRAIGHT,,999.00,0.00,0.0,0.7,4077
125.75,-8.086,-3.343,124.0,0.01,CLEAR(조향OFF)|STRAIGHT,,999.00,0.00,0.0,0.7,4077
125.80,-8.086,-3.343,124.1,0.01,CLEAR(조향OFF)|STRAIGHT,,999.00,0.00,0.0,0.7,4106
125.85,-8.087,-3.342,124.1,0.01,CLEAR(조향OFF)|STRAIGHT,,999.00,0.00,0.0,0.8,4077
125.90,-8.087,-3.342,124.1,0.01,CLEAR(조향OFF)|STRAIGHT,,999.00,0.00,0.0,0.7,4077
125.95,-8.087,-3.340,124.1,0.02,CLEAR(조향OFF)|STRAIGHT,,999.00,0.00,0.0,0.7,4077
126.00,-8.087,-3.340,124.1,0.02,CLEAR(조향OFF)|STRAIGHT,,999.00,0.00,0.0,0.7,4077
126.05,-8.088,-3.340,124.1,0.00,CLEAR(조향OFF)|STRAIGHT,,999.00,0.00,0.0,0.7,4062
126.10,-8.088,-3.340,124.1,0.00,CLEAR(조향OFF)|STRAIGHT,,999.00,0.00,0.0,0.7,4106
126.15,-8.087,-3.338,124.1,0.02,CLEAR(조향OFF)|STRAIGHT,,999.00,0.00,0.0,0.6,4077
126.20,-8.087,-3.338,124.1,0.02,CLEAR(조향OFF)|STRAIGHT,,999.00,0.00,0.0,0.7,4092
126.25,-8.087,-3.340,124.1,-0.03,CLEAR(조향OFF)|STRAIGHT,,999.00,0.00,0.0,0.7,4092
126.30,-8.087,-3.340,124.1,-0.03,CLEAR(조향OFF)|STRAIGHT,,999.00,0.00,0.0,0.7,4092
126.35,-8.085,-3.340,124.2,-0.00,CLEAR(조향OFF)|STRAIGHT,,999.00,0.00,0.0,0.7,4077
126.40,-8.085,-3.340,124.2,-0.00,CLEAR(조향OFF)|STRAIGHT,,999.00,0.00,0.0,0.7,4106
126.45,-8.086,-3.343,124.2,-0.02,CLEAR(조향OFF)|STRAIGHT,,999.00,0.00,0.0,0.7,4077
126.50,-8.086,-3.343,124.2,-0.02,CLEAR(조향OFF)|STRAIGHT,,999.00,0.00,0.0,0.8,4106
126.55,-8.087,-3.344,124.2,-0.01,CLEAR(조향OFF)|STRAIGHT,,999.00,0.00,0.0,0.8,4077
126.60,-8.087,-3.344,124.2,-0.01,CLEAR(조향OFF)|STRAIGHT,,999.00,0.00,0.0,0.7,4092
126.65,-8.085,-3.341,124.2,0.01,CLEAR(조향OFF)|STRAIGHT,,999.00,0.00,0.0,0.8,4062
126.70,-8.085,-3.341,124.2,0.01,CLEAR(조향OFF)|STRAIGHT,,999.00,0.00,0.0,0.7,4077
126.75,-8.086,-3.343,124.2,-0.01,CLEAR(조향OFF)|STRAIGHT,,999.00,0.00,0.0,0.7,4077
126.80,-8.086,-3.343,124.2,-0.01,CLEAR(조향OFF)|STRAIGHT,,999.00,0.00,0.0,0.7,4092
126.85,-8.086,-3.341,124.2,0.02,CLEAR(조향OFF)|STRAIGHT,,999.00,0.00,0.0,0.7,4077
126.90,-8.086,-3.341,124.2,0.02,CLEAR(조향OFF)|STRAIGHT,,999.00,0.00,0.0,0.7,4106
126.95,-8.083,-3.343,124.2,-0.03,CLEAR(조향OFF)|STRAIGHT,,999.00,0.00,0.0,0.7,4077
127.00,-8.083,-3.343,124.2,-0.03,CLEAR(조향OFF)|STRAIGHT,,999.00,0.00,0.0,0.7,4092
127.05,-8.084,-3.344,124.3,-0.01,CLEAR(조향OFF)|STRAIGHT,,999.00,0.00,0.0,0.7,4092
127.10,-8.084,-3.344,124.3,-0.01,CLEAR(조향OFF)|STRAIGHT,,999.00,0.00,0.0,0.7,4092
127.15,-8.084,-3.344,124.3,0.00,CLEAR(조향OFF)|STRAIGHT,,999.00,0.00,0.0,0.7,4077
127.20,-8.084,-3.344,124.3,0.00,CLEAR(조향OFF)|STRAIGHT,,999.00,0.00,0.0,0.7,4106
127.25,-8.082,-3.343,124.3,-0.00,CLEAR(조향OFF)|STRAIGHT,,999.00,0.00,0.0,0.7,4092
127.30,-8.082,-3.343,124.3,-0.00,CLEAR(조향OFF)|STRAIGHT,,999.00,0.00,0.0,0.7,4077
127.35,-8.078,-3.345,124.3,-0.04,CLEAR(조향OFF)|STRAIGHT,,999.00,0.00,0.0,0.7,4106
127.40,-8.078,-3.345,124.3,-0.04,CLEAR(조향OFF)|STRAIGHT,,999.00,0.00,0.0,0.7,4092
127.45,-8.078,-3.345,124.3,-0.04,CLEAR(조향OFF)|STRAIGHT,,999.00,0.00,0.0,0.8,4077
127.50,-8.074,-3.349,124.3,-0.05,CLEAR(조향OFF)|STRAIGHT,,999.00,0.00,0.0,0.8,4106
127.55,-8.081,-3.342,124.4,0.12,CLEAR(조향OFF)|STRAIGHT,,999.00,0.00,0.0,0.7,4106
127.60,-8.081,-3.342,124.4,0.12,CLEAR(조향OFF)|STRAIGHT,,999.00,0.00,0.0,0.7,4092
127.65,-8.080,-3.342,124.4,-0.01,CLEAR(조향OFF)|STRAIGHT,,999.00,0.00,0.0,0.8,4092
127.70,-8.080,-3.342,124.4,-0.01,CLEAR(조향OFF)|STRAIGHT,,999.00,0.00,0.0,0.7,4077
127.75,-8.082,-3.344,124.4,-0.00,CLEAR(조향OFF)|STRAIGHT,,999.00,0.00,0.0,0.8,4092
127.80,-8.082,-3.344,124.4,-0.00,CLEAR(조향OFF)|STRAIGHT,,999.00,0.00,0.0,0.7,4092
127.85,-8.084,-3.344,124.4,0.01,CLEAR(조향OFF)|STRAIGHT,,999.00,0.00,0.0,0.8,4092
127.90,-8.084,-3.344,124.4,0.01,CLEAR(조향OFF)|STRAIGHT,,999.00,0.00,0.0,0.7,4092
127.95,-8.084,-3.345,124.4,-0.01,CLEAR(조향OFF)|STRAIGHT,,999.00,0.00,0.0,0.7,4077
128.00,-8.084,-3.345,124.4,-0.01,CLEAR(조향OFF)|STRAIGHT,,999.00,0.00,0.0,0.8,4077
128.05,-8.083,-3.344,124.4,-0.00,CLEAR(조향OFF)|STRAIGHT,,999.00,0.00,0.0,0.7,4106
128.10,-8.083,-3.344,124.4,-0.00,CLEAR(조향OFF)|STRAIGHT,,999.00,0.00,0.0,0.8,4077
128.15,-8.083,-3.344,124.5,0.00,CLEAR(조향OFF)|STRAIGHT,,999.00,0.00,0.0,0.8,4092
128.20,-8.083,-3.344,124.5,0.00,CLEAR(조향OFF)|STRAIGHT,,999.00,0.00,0.0,0.7,4106
128.25,-8.081,-3.345,124.5,-0.02,CLEAR(조향OFF)|STRAIGHT,,999.00,0.00,0.0,0.7,4092
128.30,-8.081,-3.345,124.5,-0.02,CLEAR(조향OFF)|STRAIGHT,,999.00,0.00,0.0,0.7,4092
128.35,-8.081,-3.349,124.5,-0.03,CLEAR(조향OFF)|STRAIGHT,,999.00,0.00,0.0,0.7,4106
128.40,-8.081,-3.349,124.5,-0.03,CLEAR(조향OFF)|STRAIGHT,,999.00,0.00,0.0,0.8,4077
128.45,-8.083,-3.346,124.5,0.03,CLEAR(조향OFF)|STRAIGHT,,999.00,0.00,0.0,0.8,4092
128.50,-8.083,-3.346,124.6,0.03,CLEAR(조향OFF)|STRAIGHT,,999.00,0.00,0.0,0.8,4106
128.55,-8.081,-3.349,124.5,-0.04,CLEAR(조향OFF)|STRAIGHT,,999.00,0.00,0.0,0.7,4092
128.60,-8.081,-3.349,124.6,-0.04,CLEAR(조향OFF)|STRAIGHT,,999.00,0.00,0.0,0.7,4077
128.65,-8.078,-3.350,124.6,-0.02,CLEAR(조향OFF)|STRAIGHT,,999.00,0.00,0.0,0.8,4092
128.70,-8.078,-3.350,124.6,-0.02,CLEAR(조향OFF)|STRAIGHT,,999.00,0.00,0.0,0.7,4092
128.75,-8.082,-3.346,124.6,0.05,CLEAR(조향OFF)|STRAIGHT,,999.00,0.00,0.0,0.8,4092
128.80,-8.082,-3.346,124.6,0.05,CLEAR(조향OFF)|STRAIGHT,,999.00,0.00,0.0,0.8,4092
128.85,-8.082,-3.347,124.6,-0.00,CLEAR(조향OFF)|STRAIGHT,,999.00,0.00,0.0,0.8,4092
128.90,-8.082,-3.347,124.6,-0.00,CLEAR(조향OFF)|STRAIGHT,,999.00,0.00,0.0,0.7,4077
128.95,-8.081,-3.348,124.6,-0.01,CLEAR(조향OFF)|STRAIGHT,,999.00,0.00,0.0,0.7,4092
129.00,-8.081,-3.348,124.6,-0.01,CLEAR(조향OFF)|STRAIGHT,,999.00,0.00,0.0,0.7,4106
129.05,-8.083,-3.349,124.6,0.00,CLEAR(조향OFF)|STRAIGHT,,999.00,0.00,0.0,0.7,4092
129.10,-8.083,-3.349,124.6,0.00,CLEAR(조향OFF)|STRAIGHT,,999.00,0.00,0.0,0.7,4092
129.15,-8.082,-3.351,124.7,-0.02,CLEAR(조향OFF)|STRAIGHT,,999.00,0.00,0.0,0.7,4106
129.20,-8.082,-3.351,124.7,-0.02,CLEAR(조향OFF)|STRAIGHT,,999.00,0.00,0.0,0.7,4092
129.25,-8.082,-3.351,124.7,-0.02,CLEAR(조향OFF)|STRAIGHT,,999.00,0.00,0.0,0.7,4092
129.30,-8.082,-3.351,124.7,-0.02,CLEAR(조향OFF)|STRAIGHT,,999.00,0.00,0.0,0.7,4092
129.35,-8.082,-3.351,124.7,-0.02,CLEAR(조향OFF)|STRAIGHT,,999.00,0.00,0.0,0.7,4092
129.40,-8.082,-3.351,124.7,-0.02,CLEAR(조향OFF)|STRAIGHT,,999.00,0.00,0.0,0.7,4092
129.45,-8.082,-3.351,124.7,-0.02,CLEAR(조향OFF)|STRAIGHT,,999.00,0.00,0.0,0.7,4092
129.50,-8.082,-3.351,124.7,-0.02,CLEAR(조향OFF)|STRAIGHT,,999.00,0.00,0.0,0.7,4092
129.55,-8.082,-3.351,124.7,-0.02,CLEAR(조향OFF)|STRAIGHT,,999.00,0.00,0.0,0.7,4092
129.60,-8.082,-3.351,124.7,-0.02,CLEAR(조향OFF)|STRAIGHT,,999.00,0.00,0.0,0.7,4092
129.65,-8.082,-3.351,124.7,-0.02,CLEAR(조향OFF)|STRAIGHT,,999.00,0.00,0.0,0.7,4092
129.70,-8.082,-3.351,124.7,-0.02,CLEAR(조향OFF)|STRAIGHT,,999.00,0.00,0.0,0.7,4092
129.75,-8.082,-3.351,124.7,-0.02,CLEAR(조향OFF)|STRAIGHT,,999.00,0.00,0.0,0.7,4092
129.80,-8.082,-3.351,124.7,-0.02,CLEAR(조향OFF)|STRAIGHT,,999.00,0.00,0.0,0.7,4092
129.85,-8.082,-3.351,124.7,-0.02,CLEAR(조향OFF)|STRAIGHT,,999.00,0.00,0.0,0.7,4092
129.90,-8.082,-3.351,124.7,-0.02,CLEAR(조향OFF)|STRAIGHT,,999.00,0.00,0.0,0.7,4092
129.95,-8.082,-3.351,124.7,-0.02,CLEAR(조향OFF)|STRAIGHT,,999.00,0.00,0.0,0.7,4092
130.00,-8.082,-3.351,124.7,-0.02,CLEAR(조향OFF)|STRAIGHT,,999.00,0.00,0.0,0.7,4092
130.05,-8.082,-3.351,124.7,-0.02,CLEAR(조향OFF)|STRAIGHT,,999.00,0.00,0.0,0.7,4092
130.10,-8.082,-3.351,124.7,-0.02,CLEAR(조향OFF)|STRAIGHT,,999.00,0.00,0.0,0.7,4092
130.15,-8.082,-3.351,124.7,-0.02,CLEAR(조향OFF)|STRAIGHT,,999.00,0.00,0.0,0.7,4092
130.20,-8.082,-3.351,124.7,-0.02,CLEAR(조향OFF)|STRAIGHT,,999.00,0.00,0.0,0.7,4092
130.25,-8.082,-3.351,124.7,-0.02,CLEAR(조향OFF)|STRAIGHT,,999.00,0.00,0.0,0.7,4092
130.30,-8.082,-3.351,124.7,-0.02,CLEAR(조향OFF)|STRAIGHT,,999.00,0.00,0.0,0.7,4092
130.35,-8.082,-3.351,124.7,-0.02,CLEAR(조향OFF)|STRAIGHT,,999.00,0.00,0.0,0.7,4092
130.40,-8.082,-3.351,124.7,-0.02,CLEAR(조향OFF)|STRAIGHT,,999.00,0.00,0.0,0.7,4092
130.45,-8.082,-3.351,124.7,-0.02,CLEAR(조향OFF)|STRAIGHT,,999.00,0.00,0.0,0.7,4092
130.50,-8.082,-3.351,124.7,-0.02,CLEAR(조향OFF)|STRAIGHT,,999.00,0.00,0.0,0.7,4092
130.55,-8.082,-3.351,124.7,-0.02,CLEAR(조향OFF)|STRAIGHT,,999.00,0.00,0.0,0.7,4092
130.60,-8.082,-3.351,124.7,-0.02,CLEAR(조향OFF)|STRAIGHT,,999.00,0.00,0.0,0.7,4092
130.65,-8.082,-3.351,124.7,-0.02,CLEAR(조향OFF)|STRAIGHT,,999.00,0.00,0.0,0.7,4092
130.70,-8.082,-3.351,124.7,-0.02,CLEAR(조향OFF)|STRAIGHT,,999.00,0.00,0.0,0.7,4092
130.75,-8.082,-3.351,124.7,-0.02,CLEAR(조향OFF)|STRAIGHT,,999.00,0.00,0.0,0.7,4092
130.80,-8.082,-3.351,124.7,-0.02,CLEAR(조향OFF)|STRAIGHT,,999.00,0.00,0.0,0.7,4092
130.85,-8.082,-3.351,124.7,-0.02,CLEAR(조향OFF)|STRAIGHT,,999.00,0.00,0.0,0.7,4092
130.90,-8.082,-3.351,124.7,-0.02,CLEAR(조향OFF)|STRAIGHT,,999.00,0.00,0.0,0.7,4092
130.95,-8.082,-3.351,124.7,-0.02,CLEAR(조향OFF)|STRAIGHT,,999.00,0.00,0.0,0.7,4092
131.00,-8.082,-3.351,124.7,-0.02,CLEAR(조향OFF)|STRAIGHT,,999.00,0.00,0.0,0.7,4092
131.05,-8.082,-3.351,124.7,-0.02,CLEAR(조향OFF)|STRAIGHT,,999.00,0.00,0.0,0.7,4092
131.10,-8.082,-3.351,124.7,-0.02,CLEAR(조향OFF)|STRAIGHT,,999.00,0.00,0.0,0.7,4092
131.15,-8.082,-3.351,124.7,-0.02,CLEAR(조향OFF)|STRAIGHT,,999.00,0.00,0.0,0.7,4092
131.20,-8.082,-3.351,124.7,-0.02,CLEAR(조향OFF)|STRAIGHT,,999.00,0.00,0.0,0.7,4092
131.25,-8.082,-3.351,124.7,-0.02,CLEAR(조향OFF)|STRAIGHT,,999.00,0.00,0.0,0.7,4092
131.30,-8.082,-3.351,124.7,-0.02,CLEAR(조향OFF)|STRAIGHT,,999.00,0.00,0.0,0.7,4092
131.35,-8.082,-3.351,124.7,-0.02,CLEAR(조향OFF)|STRAIGHT,,999.00,0.00,0.0,0.7,4092
131.40,-8.082,-3.351,124.7,-0.02,CLEAR(조향OFF)|STRAIGHT,,999.00,0.00,0.0,0.7,4092
131.45,-8.082,-3.351,124.7,-0.02,CLEAR(조향OFF)|STRAIGHT,,999.00,0.00,0.0,0.7,4092
131.50,-8.082,-3.351,124.7,-0.02,CLEAR(조향OFF)|STRAIGHT,,999.00,0.00,0.0,0.7,4092
131.55,-8.082,-3.351,124.7,-0.02,CLEAR(조향OFF)|STRAIGHT,,999.00,0.00,0.0,0.7,4092
131.60,-8.082,-3.351,124.7,-0.02,CLEAR(조향OFF)|STRAIGHT,,999.00,0.00,0.0,0.7,4092
131.65,-8.082,-3.351,124.7,-0.02,CLEAR(조향OFF)|STRAIGHT,,999.00,0.00,0.0,0.7,4092
131.70,-8.082,-3.351,124.7,-0.02,CLEAR(조향OFF)|STRAIGHT,,999.00,0.00,0.0,0.7,4092
131.75,-8.082,-3.351,124.7,-0.02,CLEAR(조향OFF)|STRAIGHT,,999.00,0.00,0.0,0.7,4092
131.80,-8.082,-3.351,124.7,-0.02,CLEAR(조향OFF)|STRAIGHT,,999.00,0.00,0.0,0.7,4092
131.85,-8.082,-3.351,124.7,-0.02,CLEAR(조향OFF)|STRAIGHT,,999.00,0.00,0.0,0.7,4092
131.90,-8.082,-3.351,124.7,-0.02,CLEAR(조향OFF)|STRAIGHT,,999.00,0.00,0.0,0.7,4092
131.95,-8.082,-3.351,124.7,-0.02,CLEAR(조향OFF)|STRAIGHT,,999.00,0.00,0.0,0.7,4092
132.00,-8.082,-3.351,124.7,-0.02,CLEAR(조향OFF)|STRAIGHT,,999.00,0.00,0.0,0.7,4092
132.05,-8.082,-3.351,124.7,-0.02,CLEAR(조향OFF)|STRAIGHT,,999.00,0.00,0.0,0.7,4092
