t,x,y,yaw_deg,v,mode,avoid_steer_deg,obstacle_m,cmd_v,cmd_steer_deg,steer_actual_deg,vcc_mv
4.35,-12.334,0.118,100.4,-0.03,-,,,0.00,0.0,,0
4.40,-12.334,0.118,100.4,-0.03,CLEAR(조향OFF)|STRAIGHT,,999.00,0.00,0.0,,0
4.45,-12.335,0.119,100.4,0.01,CLEAR(조향OFF)|STRAIGHT,,999.00,0.00,0.0,,0
4.50,-12.335,0.119,100.4,0.01,CLEAR(조향OFF)|STRAIGHT,,999.00,0.00,0.0,,0
4.55,-12.335,0.119,100.4,0.00,CLEAR(조향OFF)|STRAIGHT,,999.00,0.00,0.0,,0
4.60,-12.335,0.119,100.4,0.00,CLEAR(조향OFF)|STRAIGHT,,999.00,0.00,0.0,,0
4.65,-12.336,0.118,100.4,-0.00,CLEAR(조향OFF)|STRAIGHT,,999.00,0.00,0.0,,0
4.70,-12.336,0.118,100.4,-0.00,CLEAR(조향OFF)|STRAIGHT,,999.00,0.00,0.0,,0
4.75,-12.334,0.118,100.4,-0.01,CLEAR(조향OFF)|STRAIGHT,,999.00,0.00,0.0,,0
4.80,-12.334,0.118,100.4,-0.01,CLEAR(조향OFF)|STRAIGHT,,999.00,0.00,0.0,,0
4.85,-12.336,0.116,100.4,-0.01,CLEAR(조향OFF)|STRAIGHT,,999.00,0.00,0.0,,0
4.90,-12.336,0.116,100.4,-0.01,CLEAR(조향OFF)|STRAIGHT,,999.00,0.00,0.0,,0
4.95,-12.337,0.117,100.4,0.01,CLEAR(조향OFF)|STRAIGHT,,999.00,0.00,0.0,,0
5.00,-12.337,0.117,100.4,0.01,CLEAR(조향OFF)|STRAIGHT,,999.00,0.00,0.0,,0
5.05,-12.337,0.117,100.4,0.01,CLEAR(조향OFF)|STRAIGHT,,999.00,0.00,0.0,,0
5.10,-12.338,0.118,100.4,0.01,CLEAR(조향OFF)|STRAIGHT,,999.00,0.00,0.0,,0
5.15,-12.335,0.117,100.4,-0.01,CLEAR(조향OFF)|STRAIGHT,,999.00,0.00,0.0,,0
5.20,-12.335,0.117,100.4,-0.01,CLEAR(조향OFF)|STRAIGHT,,999.00,0.00,0.0,,0
5.25,-12.335,0.117,100.4,0.00,CLEAR(조향OFF)|STRAIGHT,,999.00,0.00,0.0,,0
5.30,-12.335,0.117,100.4,0.00,CLEAR(조향OFF)|STRAIGHT,,999.00,0.00,0.0,,0
5.35,-12.336,0.117,100.4,0.00,CLEAR(조향OFF)|STRAIGHT,,999.00,0.00,0.0,,0
5.40,-12.336,0.117,100.4,0.00,CLEAR(조향OFF)|STRAIGHT,,999.00,0.00,0.0,-0.7,4311
5.45,-12.334,0.120,100.4,0.03,CLEAR(조향OFF)|STRAIGHT,,999.00,0.00,0.0,-0.7,4311
5.50,-12.334,0.120,100.4,0.03,CLEAR(조향OFF)|STRAIGHT,,999.00,0.00,0.0,-0.7,4311
5.55,-12.340,0.132,100.4,0.12,CLEAR(조향OFF)|STRAIGHT,,999.00,0.00,0.0,-0.7,4311
5.60,-12.340,0.132,100.4,0.12,CLEAR(조향OFF)|STRAIGHT,,999.00,0.00,0.0,-0.7,4295
5.65,-12.342,0.136,100.4,0.04,CLEAR(조향OFF)|STRAIGHT,,999.00,0.00,0.0,-0.7,4328
5.70,-12.342,0.136,100.4,0.04,CLEAR(조향OFF)|STRAIGHT,,999.00,0.00,0.0,-0.7,4328
5.75,-12.343,0.135,100.4,-0.01,CLEAR(조향OFF)|STRAIGHT,,999.00,0.00,0.0,-0.7,4311
5.80,-12.343,0.135,100.4,-0.01,CLEAR(조향OFF)|STRAIGHT,,999.00,0.00,0.0,-0.7,4328
5.85,-12.344,0.135,100.4,-0.00,CLEAR(조향OFF)|STRAIGHT,,999.00,0.00,0.0,-0.7,4311
5.90,-12.344,0.135,100.4,-0.00,CLEAR(조향OFF)|STRAIGHT,,999.00,0.00,0.0,-0.7,4311
5.95,-12.345,0.136,100.4,0.01,CLEAR(조향OFF)|STRAIGHT,,999.00,0.00,0.0,-0.7,4311
6.00,-12.345,0.136,100.4,0.01,CLEAR(조향OFF)|STRAIGHT,,999.00,0.00,0.0,-0.7,4328
6.05,-12.345,0.136,100.4,0.01,CLEAR(조향OFF)|STRAIGHT,,999.00,0.00,0.0,-0.7,4311
6.10,-12.345,0.137,100.4,0.01,CLEAR(조향OFF)|STRAIGHT,,999.00,0.00,0.0,-0.8,4328
6.15,-12.342,0.137,100.4,-0.01,CLEAR(조향OFF)|STRAIGHT,,999.00,0.00,0.0,-0.7,4328
6.20,-12.342,0.137,100.4,-0.01,CLEAR(조향OFF)|STRAIGHT,,999.00,0.00,0.0,-0.7,4311
6.25,-12.340,0.140,100.4,0.03,CLEAR(조향OFF)|STRAIGHT,,999.00,0.00,0.0,-0.7,4328
6.30,-12.340,0.140,100.4,0.03,CLEAR(조향OFF)|STRAIGHT,,999.00,0.00,0.0,-0.8,4328
6.35,-12.340,0.143,100.4,0.04,CLEAR(조향OFF)|STRAIGHT,,999.00,0.00,0.0,-0.7,4328
6.40,-12.340,0.143,100.4,0.04,CLEAR(조향OFF)|STRAIGHT,,999.00,0.00,0.0,-0.7,4311
6.45,-12.340,0.142,100.4,-0.02,CLEAR(조향OFF)|STRAIGHT,,999.00,0.00,0.0,-0.7,4311
6.50,-12.340,0.142,100.4,-0.02,CLEAR(조향OFF)|STRAIGHT,,999.00,0.00,0.0,-0.8,4328
6.55,-12.344,0.139,100.4,-0.01,CLEAR(조향OFF)|STRAIGHT,,999.00,0.00,0.0,-0.7,4311
6.60,-12.344,0.139,100.4,-0.01,CLEAR(조향OFF)|STRAIGHT,,999.00,0.00,0.0,-0.7,4311
6.65,-12.344,0.137,100.4,-0.03,CLEAR(조향OFF)|STRAIGHT,,999.00,0.00,0.0,-0.7,4328
6.70,-12.344,0.137,100.4,-0.03,CLEAR(조향OFF)|STRAIGHT,,999.00,0.00,0.0,-0.8,4311
6.75,-12.341,0.139,100.4,0.02,CLEAR(조향OFF)|STRAIGHT,,999.00,0.00,0.0,-0.7,4311
6.80,-12.341,0.139,100.4,0.02,CLEAR(조향OFF)|STRAIGHT,,999.00,0.00,0.0,-0.7,4328
6.85,-12.343,0.139,100.4,-0.00,CLEAR(조향OFF)|STRAIGHT,,999.00,0.00,0.0,-0.7,4311
6.90,-12.343,0.139,100.4,-0.00,CLEAR(조향OFF)|STRAIGHT,,999.00,0.00,0.0,-0.7,4311
6.95,-12.347,0.136,100.4,-0.01,CLEAR(조향OFF)|STRAIGHT,,999.00,0.00,0.0,-0.8,4328
7.00,-12.347,0.136,100.4,-0.01,CLEAR(조향OFF)|STRAIGHT,,999.00,0.00,0.0,-0.8,4311
7.05,-12.343,0.135,100.4,-0.02,CLEAR(조향OFF)|STRAIGHT,,999.00,0.00,0.0,-0.7,4311
7.10,-12.343,0.135,100.4,-0.02,CLEAR(조향OFF)|STRAIGHT,,999.00,0.00,0.0,-0.7,4328
7.15,-12.346,0.140,100.4,0.05,CLEAR(조향OFF)|STRAIGHT,,999.00,0.00,0.0,-0.7,4328
7.20,-12.346,0.140,100.4,0.05,CLEAR(조향OFF)|STRAIGHT,,999.00,0.00,0.0,-0.7,4328
7.25,-12.349,0.134,100.4,-0.05,CLEAR(조향OFF)|STRAIGHT,,999.00,0.00,0.0,-0.7,4328
7.30,-12.349,0.134,100.4,-0.05,CLEAR(조향OFF)|STRAIGHT,,999.00,0.00,0.0,-0.7,4311
7.35,-12.350,0.137,100.4,0.03,CLEAR(조향OFF)|STRAIGHT,,999.00,0.00,0.0,-0.7,4311
7.40,-12.350,0.137,100.4,0.03,CLEAR(조향OFF)|STRAIGHT,,999.00,0.00,0.0,-0.7,4328
7.45,-12.345,0.133,100.4,-0.04,CLEAR(조향OFF)|STRAIGHT,,999.00,0.00,0.0,-0.7,4295
7.50,-12.345,0.133,100.4,-0.04,CLEAR(조향OFF)|STRAIGHT,,999.00,0.00,0.0,-0.8,4328
7.55,-12.347,0.137,100.4,0.04,CLEAR(조향OFF)|STRAIGHT,,999.00,0.00,0.0,-0.7,4311
7.60,-12.347,0.137,100.4,0.04,CLEAR(조향OFF)|STRAIGHT,,999.00,0.00,0.0,-0.7,4295
7.65,-12.348,0.138,100.4,0.01,CLEAR(조향OFF)|STRAIGHT,,999.00,0.00,0.0,-0.7,4328
7.70,-12.348,0.138,100.4,0.01,CLEAR(조향OFF)|STRAIGHT,,999.00,0.00,0.0,-0.7,4311
7.75,-12.349,0.133,100.4,-0.05,CLEAR(조향OFF)|STRAIGHT,,999.00,0.00,0.0,-0.7,4311
7.80,-12.349,0.133,100.4,-0.05,CLEAR(조향OFF)|STRAIGHT,,999.00,0.00,0.0,-0.8,4311
7.85,-12.351,0.131,100.4,-0.02,CLEAR(조향OFF)|STRAIGHT,,999.00,0.00,0.0,-0.7,4311
7.90,-12.351,0.131,100.4,-0.02,CLEAR(조향OFF)|STRAIGHT,,999.00,0.00,0.0,-0.7,4295
7.95,-12.351,0.138,100.4,0.08,CLEAR(조향OFF)|STRAIGHT,,999.00,0.00,0.0,-0.7,4311
8.00,-12.351,0.138,100.4,0.08,CLEAR(조향OFF)|STRAIGHT,,999.00,0.00,0.0,-0.7,4311
8.05,-12.351,0.138,100.4,0.08,CLEAR(조향OFF)|STRAIGHT,,999.00,0.00,0.0,-0.7,4311
8.10,-12.348,0.138,100.4,-0.01,CLEAR(조향OFF)|STRAIGHT,,999.00,0.00,0.0,-0.7,4311
8.15,-12.345,0.136,100.4,-0.03,CLEAR(조향OFF)|STRAIGHT,,999.00,0.00,0.0,-0.7,4311
8.20,-12.345,0.136,100.5,-0.03,CLEAR(조향OFF)|STRAIGHT,,999.00,0.00,0.0,-0.8,4328
8.25,-12.343,0.136,100.5,-0.01,CLEAR(조향OFF)|STRAIGHT,,999.00,0.00,0.0,-0.7,4311
8.30,-12.343,0.136,100.5,-0.01,CLEAR(조향OFF)|STRAIGHT,,999.00,0.00,0.0,-0.7,4311
8.35,-12.343,0.137,100.5,0.02,CLEAR(조향OFF)|STRAIGHT,,999.00,0.00,0.0,-0.7,4328
8.40,-12.343,0.137,100.5,0.02,CLEAR(조향OFF)|STRAIGHT,,999.00,0.00,0.0,-0.8,4328
8.45,-12.345,0.136,100.5,-0.01,CLEAR(조향OFF)|STRAIGHT,,999.00,0.00,0.0,-0.8,4311
8.50,-12.345,0.136,100.4,-0.01,CLEAR(조향OFF)|STRAIGHT,,999.00,0.00,0.0,-0.8,4311
8.55,-12.344,0.133,100.4,-0.02,CLEAR(조향OFF)|STRAIGHT,,999.00,0.00,0.0,-0.7,4328
8.60,-12.344,0.133,100.4,-0.02,CLEAR(조향OFF)|STRAIGHT,,999.00,0.00,0.0,-0.8,4311
8.65,-12.345,0.136,100.4,0.03,CLEAR(조향OFF)|STRAIGHT,,999.00,0.00,0.0,-0.7,4328
8.70,-12.345,0.136,100.4,0.03,CLEAR(조향OFF)|STRAIGHT,,999.00,0.00,0.0,-0.7,4328
8.75,-12.347,0.135,100.4,-0.01,CLEAR(조향OFF)|STRAIGHT,,999.00,0.00,0.0,-0.7,4328
8.80,-12.347,0.135,100.4,-0.01,CLEAR(조향OFF)|STRAIGHT,,999.00,0.00,0.0,-0.7,4311
8.85,-12.345,0.135,100.4,0.00,CLEAR(조향OFF)|STRAIGHT,,999.00,0.00,0.0,-0.7,4328
8.90,-12.345,0.135,100.4,0.00,CLEAR(조향OFF)|STRAIGHT,,999.00,0.00,0.0,-0.7,4311
8.95,-12.345,0.137,100.4,0.02,CLEAR(조향OFF)|STRAIGHT,,999.00,0.00,0.0,-0.7,4328
9.00,-12.345,0.137,100.5,0.02,CLEAR(조향OFF)|STRAIGHT,,999.00,0.00,0.0,-0.7,4311
9.05,-12.345,0.137,100.4,0.02,CLEAR(조향OFF)|STRAIGHT,,999.00,0.00,0.0,-0.7,4311
9.10,-12.342,0.136,100.5,-0.01,CLEAR(조향OFF)|STRAIGHT,,999.00,0.00,0.0,-0.7,4311
9.15,-12.344,0.139,100.5,0.03,CLEAR(조향OFF)|STRAIGHT,,999.00,0.00,0.0,-0.7,4328
9.20,-12.344,0.139,100.5,0.03,CLEAR(조향OFF)|STRAIGHT,,999.00,0.00,0.0,-0.7,4311
9.25,-12.343,0.139,100.5,-0.00,CLEAR(조향OFF)|STRAIGHT,,999.00,0.00,0.0,-0.7,4311
9.30,-12.343,0.139,100.5,-0.00,CLEAR(조향OFF)|STRAIGHT,,999.00,0.00,0.0,-0.7,4311
9.35,-12.343,0.137,100.5,-0.02,CLEAR(조향OFF)|STRAIGHT,,999.00,0.00,0.0,-0.8,4311
9.40,-12.343,0.137,100.5,-0.02,CLEAR(조향OFF)|STRAIGHT,,999.00,0.00,0.0,-0.8,4328
9.45,-12.346,0.138,100.5,0.01,CLEAR(조향OFF)|STRAIGHT,,999.00,0.00,0.0,-0.7,4311
9.50,-12.346,0.138,100.5,0.01,CLEAR(조향OFF)|STRAIGHT,,999.00,0.00,0.0,-0.7,4328
9.55,-12.347,0.139,100.5,0.01,CLEAR(조향OFF)|STRAIGHT,,999.00,0.00,0.0,-0.7,4328
9.60,-12.347,0.139,100.4,0.01,CLEAR(조향OFF)|STRAIGHT,,999.00,0.00,0.0,-0.7,4311
9.65,-12.346,0.137,100.4,-0.02,CLEAR(조향OFF)|STRAIGHT,,999.00,0.00,0.0,-0.7,4311
9.70,-12.346,0.137,100.5,-0.02,CLEAR(조향OFF)|STRAIGHT,,999.00,0.00,0.0,-0.7,4311
9.75,-12.345,0.136,100.5,-0.01,CLEAR(조향OFF)|STRAIGHT,,999.00,0.00,0.0,-0.7,4328
9.80,-12.345,0.136,100.5,-0.01,CLEAR(조향OFF)|STRAIGHT,,999.00,0.00,0.0,-0.8,4311
9.85,-12.345,0.138,100.5,0.01,CLEAR(조향OFF)|STRAIGHT,,999.00,0.00,0.0,-0.8,4311
9.90,-12.345,0.138,100.4,0.01,CLEAR(조향OFF)|STRAIGHT,,999.00,0.00,0.0,-0.7,4295
9.95,-12.345,0.135,100.5,-0.03,CLEAR(조향OFF)|STRAIGHT,,999.00,0.00,0.0,-0.7,4311
10.00,-12.345,0.135,100.4,-0.03,CLEAR(조향OFF)|STRAIGHT,,999.00,0.00,0.0,-0.7,4328
10.05,-12.345,0.135,100.5,-0.03,CLEAR(조향OFF)|STRAIGHT,,999.00,0.00,0.0,-0.8,4311
10.10,-12.345,0.136,100.5,0.01,CLEAR(조향OFF)|STRAIGHT,,999.00,0.00,0.0,-0.7,4311
10.15,-12.345,0.137,100.5,0.02,CLEAR(조향OFF)|STRAIGHT,,999.00,0.00,0.0,-0.7,4295
10.20,-12.345,0.137,100.5,0.02,CLEAR(조향OFF)|STRAIGHT,,999.00,0.00,0.0,-0.7,4328
10.25,-12.348,0.137,100.5,0.00,CLEAR(조향OFF)|STRAIGHT,,999.00,0.00,0.0,-0.8,4328
10.30,-12.348,0.137,100.5,0.00,CLEAR(조향OFF)|STRAIGHT,,999.00,0.00,0.0,-0.8,4311
10.35,-12.346,0.137,100.5,-0.00,CLEAR(조향OFF)|STRAIGHT,,999.00,0.00,0.0,-0.7,4311
10.40,-12.346,0.137,100.5,-0.00,CLEAR(조향OFF)|STRAIGHT,,999.00,0.00,0.0,-0.7,4328
10.45,-12.343,0.138,100.5,0.00,CLEAR(조향OFF)|STRAIGHT,,999.00,0.00,0.0,-0.7,4311
10.50,-12.343,0.138,100.5,0.00,CLEAR(조향OFF)|STRAIGHT,,999.00,0.00,0.0,-0.7,4311
10.55,-12.344,0.138,100.5,0.00,CLEAR(조향OFF)|STRAIGHT,,999.00,0.00,0.0,-0.7,4328
10.60,-12.344,0.138,100.5,0.00,CLEAR(조향OFF)|STRAIGHT,,999.00,0.00,0.0,-0.7,4311
10.65,-12.343,0.139,100.5,0.01,CLEAR(조향OFF)|STRAIGHT,,999.00,0.00,0.0,-0.7,4328
10.70,-12.343,0.139,100.5,0.01,CLEAR(조향OFF)|STRAIGHT,,999.00,0.00,0.0,-0.8,4311
10.75,-12.341,0.138,100.5,-0.01,CLEAR(조향OFF)|STRAIGHT,,999.00,0.00,0.0,-0.7,4311
10.80,-12.341,0.138,100.5,-0.01,CLEAR(조향OFF)|STRAIGHT,,999.00,0.00,0.0,-0.7,4311
10.85,-12.342,0.137,100.5,-0.01,CLEAR(조향OFF)|STRAIGHT,,999.00,0.00,0.0,-0.7,4311
10.90,-12.342,0.137,100.5,-0.01,CLEAR(조향OFF)|STRAIGHT,,999.00,0.00,0.0,-0.7,4311
10.95,-12.342,0.137,100.5,-0.00,CLEAR(조향OFF)|STRAIGHT,,999.00,0.00,0.0,-0.8,4328
11.00,-12.342,0.137,100.5,-0.00,CLEAR(조향OFF)|STRAIGHT,,999.00,0.00,0.0,-0.6,4311
11.05,-12.342,0.137,100.5,-0.00,CLEAR(조향OFF)|STRAIGHT,,999.00,0.00,0.0,-0.7,4311
11.10,-12.343,0.137,100.5,-0.00,CLEAR(조향OFF)|STRAIGHT,,999.00,0.00,0.0,-0.7,4311
11.15,-12.342,0.137,100.5,-0.00,CLEAR(조향OFF)|STRAIGHT,,999.00,0.00,0.0,-0.7,4311
11.20,-12.342,0.137,100.5,-0.00,CLEAR(조향OFF)|STRAIGHT,,999.00,0.00,0.0,-0.7,4328
11.25,-12.342,0.136,100.5,-0.01,CLEAR(조향OFF)|STRAIGHT,,999.00,0.00,0.0,-0.7,4311
11.30,-12.342,0.136,100.5,-0.01,CLEAR(조향OFF)|STRAIGHT,,999.00,0.00,0.0,-0.7,4311
11.35,-12.342,0.138,100.5,0.02,CLEAR(조향OFF)|STRAIGHT,,999.00,0.00,0.0,-0.7,4311
11.40,-12.342,0.138,100.5,0.02,CLEAR(조향OFF)|STRAIGHT,,999.00,0.00,0.0,-0.7,4328
11.45,-12.342,0.136,100.5,-0.02,CLEAR(조향OFF)|STRAIGHT,,999.00,0.00,0.0,-0.7,4295
11.50,-12.342,0.136,100.5,-0.02,CLEAR(조향OFF)|STRAIGHT,,999.00,0.00,0.0,-0.6,4311
11.55,-12.342,0.138,100.5,0.01,CLEAR(조향OFF)|STRAIGHT,,999.00,0.00,0.0,-0.7,4311
11.60,-12.342,0.138,100.5,0.01,CLEAR(조향OFF)|STRAIGHT,,999.00,0.00,0.0,-0.7,4311
11.65,-12.343,0.139,100.5,0.01,CLEAR(조향OFF)|STRAIGHT,,999.00,0.00,0.0,-0.7,4295
11.70,-12.343,0.139,100.5,0.01,CLEAR(조향OFF)|STRAIGHT,,999.00,0.00,0.0,-0.7,4311
11.75,-12.344,0.138,100.5,-0.00,CLEAR(조향OFF)|STRAIGHT,,999.00,0.00,0.0,-0.7,4311
11.80,-12.344,0.138,100.5,-0.00,CLEAR(조향OFF)|STRAIGHT,,999.00,0.00,0.0,-0.7,4311
11.85,-12.343,0.137,100.5,-0.01,CLEAR(조향OFF)|STRAIGHT,,999.00,0.00,0.0,-0.7,4311
11.90,-12.343,0.137,100.5,-0.01,CLEAR(조향OFF)|STRAIGHT,,999.00,0.00,0.0,-0.7,4311
11.95,-12.342,0.137,100.5,0.00,CLEAR(조향OFF)|STRAIGHT,,999.00,0.00,0.0,-0.7,4311
12.00,-12.342,0.137,100.5,0.00,CLEAR(조향OFF)|STRAIGHT,,999.00,0.00,0.0,-0.8,4311
12.05,-12.342,0.137,100.5,0.00,CLEAR(조향OFF)|STRAIGHT,,999.00,0.00,0.0,-0.7,4311
12.10,-12.342,0.139,100.5,0.01,CLEAR(조향OFF)|STRAIGHT,,999.00,0.00,0.0,-0.7,4311
12.15,-12.340,0.139,100.5,-0.00,CLEAR(조향OFF)|STRAIGHT,,999.00,0.00,0.0,-0.7,4311
12.20,-12.340,0.139,100.5,-0.00,CLEAR(조향OFF)|STRAIGHT,,999.00,0.00,0.0,-0.7,4311
12.25,-12.341,0.139,100.5,0.00,CLEAR(조향OFF)|STRAIGHT,,999.00,0.00,0.0,-0.7,4295
12.30,-12.341,0.139,100.5,0.00,CLEAR(조향OFF)|STRAIGHT,,999.00,0.00,0.0,-0.7,4311
12.35,-12.342,0.140,100.5,0.01,CLEAR(조향OFF)|STRAIGHT,,999.00,0.00,0.0,-0.7,4311
12.40,-12.342,0.140,100.5,0.01,CLEAR(조향OFF)|STRAIGHT,,999.00,0.00,0.0,-0.7,4311
12.45,-12.341,0.138,100.5,-0.02,CLEAR(조향OFF)|STRAIGHT,,999.00,0.00,0.0,-0.8,4311
12.50,-12.341,0.138,100.5,-0.02,CLEAR(조향OFF)|STRAIGHT,,999.00,0.00,0.0,-0.7,4328
12.55,-12.341,0.141,100.5,0.03,CLEAR(조향OFF)|STRAIGHT,,999.00,0.00,0.0,-0.7,4311
12.60,-12.341,0.141,100.5,0.03,CLEAR(조향OFF)|STRAIGHT,,999.00,0.00,0.0,-0.7,4311
12.65,-12.342,0.141,100.5,-0.01,CLEAR(조향OFF)|STRAIGHT,,999.00,0.00,0.0,-0.8,4328
12.70,-12.342,0.141,100.5,-0.01,CLEAR(조향OFF)|STRAIGHT,,999.00,0.00,0.0,-0.7,4295
12.75,-12.341,0.141,100.5,0.00,CLEAR(조향OFF)|STRAIGHT,,999.00,0.00,0.0,-0.7,4311
12.80,-12.341,0.141,100.5,0.00,CLEAR(조향OFF)|STRAIGHT,,999.00,0.00,0.0,-0.7,4295
12.85,-12.340,0.140,100.5,-0.01,CLEAR(조향OFF)|STRAIGHT,,999.00,0.00,0.0,-0.7,4311
12.90,-12.340,0.140,100.5,-0.01,CLEAR(조향OFF)|STRAIGHT,,999.00,0.00,0.0,-0.7,4311
12.95,-12.340,0.139,100.5,-0.01,CLEAR(조향OFF)|STRAIGHT,,999.00,0.00,0.0,-0.7,4311
13.00,-12.340,0.139,100.5,-0.01,CLEAR(조향OFF)|STRAIGHT,,999.00,0.00,0.0,-0.7,4311
13.05,-12.340,0.139,100.5,-0.01,CLEAR(조향OFF)|STRAIGHT,,999.00,0.00,0.0,-0.7,4311
13.10,-12.340,0.139,100.5,-0.00,CLEAR(조향OFF)|STRAIGHT,,999.00,0.00,0.0,-0.7,4311
13.15,-12.340,0.140,100.5,0.01,CLEAR(조향OFF)|STRAIGHT,,999.00,0.00,0.0,-0.6,4311
13.20,-12.340,0.140,100.5,0.01,CLEAR(조향OFF)|STRAIGHT,,999.00,0.00,0.0,-0.8,4311
13.25,-12.340,0.139,100.5,-0.01,CLEAR(조향OFF)|STRAIGHT,,999.00,0.00,0.0,-0.7,4311
13.30,-12.340,0.139,100.5,-0.01,CLEAR(조향OFF)|STRAIGHT,,999.00,0.00,0.0,-0.7,4311
13.35,-12.341,0.138,100.5,-0.00,CLEAR(조향OFF)|STRAIGHT,,999.00,0.00,0.0,-0.7,4311
13.40,-12.341,0.138,100.5,-0.00,CLEAR(조향OFF)|STRAIGHT,,999.00,0.00,0.0,-0.7,4311
13.45,-12.341,0.139,100.5,0.01,CLEAR(조향OFF)|STRAIGHT,,999.00,0.00,0.0,-0.8,4311
13.50,-12.341,0.139,100.5,0.01,CLEAR(조향OFF)|STRAIGHT,,999.00,0.00,0.0,-0.7,4311
13.55,-12.341,0.138,100.5,-0.01,CLEAR(조향OFF)|STRAIGHT,,999.00,0.00,0.0,-0.7,4311
13.60,-12.341,0.138,100.5,-0.01,CLEAR(조향OFF)|STRAIGHT,,999.00,0.00,0.0,-0.7,4311
13.65,-12.340,0.136,100.5,-0.02,CLEAR(조향OFF)|STRAIGHT,,999.00,0.00,0.0,-0.7,4311
13.70,-12.340,0.136,100.5,-0.02,CLEAR(조향OFF)|STRAIGHT,,999.00,0.00,0.0,-0.7,4295
13.75,-12.341,0.138,100.5,0.02,CLEAR(조향OFF)|STRAIGHT,,999.00,0.00,0.0,-0.8,4311
13.80,-12.341,0.138,100.5,0.02,CLEAR(조향OFF)|STRAIGHT,,999.00,0.00,0.0,-0.7,4328
13.85,-12.340,0.139,100.5,0.01,CLEAR(조향OFF)|STRAIGHT,,999.00,0.00,0.0,-0.7,4311
13.90,-12.340,0.139,100.5,0.01,CLEAR(조향OFF)|STRAIGHT,,999.00,0.00,0.0,-0.7,4328
13.95,-12.341,0.138,100.5,-0.01,CLEAR(조향OFF)|STRAIGHT,,999.00,0.00,0.0,-0.7,4311
14.00,-12.341,0.138,100.5,-0.01,CLEAR(조향OFF)|STRAIGHT,,999.00,0.00,0.0,-0.7,4328
14.05,-12.341,0.138,100.5,-0.01,CLEAR(조향OFF)|STRAIGHT,,999.00,0.00,0.0,-0.8,4328
14.10,-12.339,0.138,100.5,-0.00,CLEAR(조향OFF)|STRAIGHT,,999.00,0.00,0.0,-0.7,4311
14.15,-12.341,0.140,100.5,0.03,CLEAR(조향OFF)|STRAIGHT,,999.00,0.00,0.0,-0.7,4295
14.20,-12.341,0.140,100.5,0.03,CLEAR(조향OFF)|STRAIGHT,,999.00,0.00,0.0,-0.7,4311
14.25,-12.343,0.141,100.5,0.01,CLEAR(조향OFF)|STRAIGHT,,999.00,0.00,0.0,-0.7,4311
14.30,-12.343,0.141,100.5,0.01,CLEAR(조향OFF)|STRAIGHT,,999.00,0.00,0.0,-0.8,4311
14.35,-12.343,0.137,100.5,-0.04,CLEAR(조향OFF)|STRAIGHT,,999.00,0.00,0.0,-0.7,4311
14.40,-12.343,0.137,100.5,-0.04,CLEAR(조향OFF)|STRAIGHT,,999.00,0.00,0.0,-0.7,4311
14.45,-12.342,0.138,100.5,0.01,CLEAR(조향OFF)|STRAIGHT,,999.00,0.00,0.0,-0.7,4311
14.50,-12.342,0.138,100.5,0.01,CLEAR(조향OFF)|STRAIGHT,,999.00,0.00,0.0,-0.7,4328
14.55,-12.342,0.139,100.5,0.00,CLEAR(조향OFF)|STRAIGHT,,999.00,0.00,0.0,-0.7,4311
14.60,-12.342,0.139,100.5,0.00,CLEAR(조향OFF)|STRAIGHT,,999.00,0.00,0.0,-0.7,4311
14.65,-12.341,0.137,100.5,-0.03,CLEAR(조향OFF)|STRAIGHT,,999.00,0.00,0.0,-0.7,4328
14.70,-12.341,0.137,100.5,-0.03,CLEAR(조향OFF)|STRAIGHT,,999.00,0.00,0.0,-0.7,4328
14.75,-12.341,0.137,100.5,0.00,CLEAR(조향OFF)|STRAIGHT,,999.00,0.00,0.0,-0.7,4311
14.80,-12.341,0.137,100.5,0.00,CLEAR(조향OFF)|STRAIGHT,,999.00,0.00,0.0,-0.7,4311
14.85,-12.341,0.136,100.5,-0.01,CLEAR(조향OFF)|STRAIGHT,,999.00,0.00,0.0,-0.7,4311
14.90,-12.341,0.136,100.5,-0.01,CLEAR(조향OFF)|STRAIGHT,,999.00,0.00,0.0,-0.8,4328
14.95,-12.342,0.137,100.5,0.01,CLEAR(조향OFF)|STRAIGHT,,999.00,0.00,0.0,-0.7,4311
15.00,-12.342,0.137,100.5,0.01,CLEAR(조향OFF)|STRAIGHT,,999.00,0.00,0.0,-0.7,4311
15.05,-12.340,0.138,100.5,0.01,CLEAR(조향OFF)|STRAIGHT,,999.00,0.00,0.0,-0.7,4328
15.10,-12.340,0.138,100.5,0.01,CLEAR(조향OFF)|STRAIGHT,,999.00,0.00,0.0,-0.7,4311
15.15,-12.342,0.138,100.5,0.00,CLEAR(조향OFF)|STRAIGHT,,999.00,0.00,0.0,-0.7,4311
15.20,-12.342,0.138,100.5,0.00,CLEAR(조향OFF)|STRAIGHT,,999.00,0.00,0.0,-0.7,4311
15.25,-12.342,0.136,100.5,-0.01,CLEAR(조향OFF)|STRAIGHT,,999.00,0.00,0.0,-0.7,4311
15.30,-12.342,0.136,100.5,-0.01,CLEAR(조향OFF)|STRAIGHT,,999.00,0.00,0.0,-0.7,4311
15.35,-12.344,0.139,100.5,0.03,CLEAR(조향OFF)|STRAIGHT,,999.00,0.00,0.0,-0.7,4311
15.40,-12.344,0.139,100.5,0.03,CLEAR(조향OFF)|STRAIGHT,,999.00,0.00,0.0,-0.8,4311
15.45,-12.344,0.140,100.5,0.01,CLEAR(조향OFF)|STRAIGHT,,999.00,0.00,0.0,-0.7,4328
15.50,-12.344,0.140,100.5,0.01,CLEAR(조향OFF)|STRAIGHT,,999.00,0.00,0.0,-0.7,4311
15.55,-12.343,0.137,100.5,-0.03,CLEAR(조향OFF)|STRAIGHT,,999.00,0.00,0.0,-0.7,4311
15.60,-12.343,0.137,100.5,-0.03,CLEAR(조향OFF)|STRAIGHT,,999.00,0.00,0.0,-0.6,4311
15.65,-12.344,0.139,100.5,0.03,CLEAR(조향OFF)|STRAIGHT,,999.00,0.00,0.0,-0.7,4311
15.70,-12.344,0.139,100.5,0.03,CLEAR(조향OFF)|STRAIGHT,,999.00,0.00,0.0,-0.7,4328
15.75,-12.344,0.139,100.5,-0.00,CLEAR(조향OFF)|STRAIGHT,,999.00,0.00,0.0,-0.7,4311
15.80,-12.344,0.139,100.5,-0.00,CLEAR(조향OFF)|STRAIGHT,,999.00,0.00,0.0,-0.7,4311
15.85,-12.343,0.137,100.5,-0.02,CLEAR(조향OFF)|STRAIGHT,,999.00,0.00,0.0,-0.7,4311
15.90,-12.343,0.137,100.5,-0.02,CLEAR(조향OFF)|STRAIGHT,,999.00,0.00,0.0,-0.7,4311
15.95,-12.343,0.136,100.5,-0.01,CLEAR(조향OFF)|STRAIGHT,,999.00,0.00,0.0,-0.7,4311
16.00,-12.343,0.136,100.5,-0.01,CLEAR(조향OFF)|STRAIGHT,,999.00,0.00,0.0,-0.7,4328
16.05,-12.343,0.136,100.5,-0.01,CLEAR(조향OFF)|STRAIGHT,,999.00,0.00,0.0,-0.7,4328
16.10,-12.341,0.138,100.5,0.01,CLEAR(조향OFF)|STRAIGHT,,999.00,0.00,0.0,-0.7,4311
16.15,-12.342,0.139,100.5,0.02,CLEAR(조향OFF)|STRAIGHT,,999.00,0.00,0.0,-0.7,4311
16.20,-12.342,0.139,100.5,0.02,CLEAR(조향OFF)|STRAIGHT,,999.00,0.00,0.0,-0.7,4311
16.25,-12.342,0.139,100.5,0.02,CLEAR(조향OFF)|STRAIGHT,,999.00,0.00,0.0,-0.7,4311
16.30,-12.342,0.136,100.5,-0.03,CLEAR(조향OFF)|STRAIGHT,,999.00,0.00,0.0,-0.8,4311
16.35,-12.342,0.137,100.5,0.01,CLEAR(조향OFF)|STRAIGHT,,999.00,0.00,0.0,-0.7,4295
16.40,-12.342,0.137,100.5,0.01,CLEAR(조향OFF)|STRAIGHT,,999.00,0.00,0.0,-0.6,4311
16.45,-12.342,0.137,100.5,-0.00,CLEAR(조향OFF)|STRAIGHT,,999.00,0.00,0.0,-0.7,4311
16.50,-12.342,0.137,100.5,-0.00,CLEAR(조향OFF)|STRAIGHT,,999.00,0.00,0.0,-0.8,4328
16.55,-12.340,0.136,100.5,-0.01,CLEAR(조향OFF)|STRAIGHT,,999.00,0.00,0.0,-0.7,4311
16.60,-12.340,0.136,100.5,-0.01,CLEAR(조향OFF)|STRAIGHT,,999.00,0.00,0.0,-0.8,4311
16.65,-12.342,0.135,100.5,-0.01,CLEAR(조향OFF)|STRAIGHT,,999.00,0.00,0.0,-0.7,4328
16.70,-12.342,0.135,100.5,-0.01,CLEAR(조향OFF)|STRAIGHT,,999.00,0.00,0.0,-0.7,4328
16.75,-12.340,0.135,100.5,-0.00,CLEAR(조향OFF)|STRAIGHT,,999.00,0.00,0.0,-0.7,4311
16.80,-12.340,0.135,100.5,-0.00,CLEAR(조향OFF)|STRAIGHT,,999.00,0.00,0.0,-0.7,4328
16.85,-12.340,0.134,100.5,-0.01,CLEAR(조향OFF)|STRAIGHT,,999.00,0.00,0.0,-0.7,4311
16.90,-12.340,0.134,100.5,-0.01,CLEAR(조향OFF)|STRAIGHT,,999.00,0.00,0.0,-0.7,4328
16.95,-12.341,0.135,100.5,0.00,CLEAR(조향OFF)|STRAIGHT,,999.00,0.00,0.0,-0.8,4311
17.00,-12.341,0.135,100.5,0.00,CLEAR(조향OFF)|STRAIGHT,,999.00,0.00,0.0,-0.7,4328
17.05,-12.340,0.135,100.5,0.00,CLEAR(조향OFF)|STRAIGHT,,999.00,0.00,0.0,-0.7,4328
17.10,-12.340,0.135,100.5,0.00,CLEAR(조향OFF)|STRAIGHT,,999.00,0.00,0.0,-0.7,4328
17.15,-12.339,0.135,100.5,-0.00,CLEAR(조향OFF)|STRAIGHT,,999.00,0.00,0.0,-0.7,4328
17.20,-12.339,0.135,100.5,-0.00,CLEAR(조향OFF)|STRAIGHT,,999.00,0.00,0.0,-0.6,4311
17.25,-12.341,0.134,100.5,-0.01,CLEAR(조향OFF)|STRAIGHT,,999.00,0.00,0.0,-0.7,4311
17.30,-12.341,0.134,100.5,-0.01,CLEAR(조향OFF)|STRAIGHT,,999.00,0.00,0.0,-0.7,4311
17.35,-12.339,0.134,100.5,-0.00,CLEAR(조향OFF)|STRAIGHT,,999.00,0.00,0.0,-0.7,4311
17.40,-12.339,0.134,100.5,-0.00,CLEAR(조향OFF)|STRAIGHT,,999.00,0.00,0.0,-0.7,4311
17.45,-12.338,0.131,100.5,-0.04,CLEAR(조향OFF)|STRAIGHT,,999.00,0.00,0.0,-0.7,4311
17.50,-12.338,0.131,100.5,-0.04,CLEAR(조향OFF)|STRAIGHT,,999.00,0.00,0.0,-0.7,4328
17.55,-12.338,0.132,100.5,0.01,CLEAR(조향OFF)|STRAIGHT,,999.00,0.00,0.0,-0.7,4328
17.60,-12.338,0.132,100.5,0.01,CLEAR(조향OFF)|STRAIGHT,,999.00,0.00,0.0,-0.7,4328
17.65,-12.339,0.132,100.5,0.00,CLEAR(조향OFF)|STRAIGHT,,999.00,0.00,0.0,-0.7,4311
17.70,-12.339,0.132,100.5,0.00,CLEAR(조향OFF)|STRAIGHT,,999.00,0.00,0.0,-0.7,4328
17.75,-12.339,0.132,100.5,-0.00,CLEAR(조향OFF)|STRAIGHT,,999.00,0.00,0.0,-0.7,4311
17.80,-12.339,0.132,100.5,-0.00,CLEAR(조향OFF)|STRAIGHT,,999.00,0.00,0.0,-0.7,4311
17.85,-12.337,0.133,100.5,0.01,CLEAR(조향OFF)|STRAIGHT,,999.00,0.00,0.0,-0.7,4311
17.90,-12.337,0.133,100.5,0.01,CLEAR(조향OFF)|STRAIGHT,,999.00,0.00,0.0,-0.8,4328
17.95,-12.338,0.131,100.5,-0.01,CLEAR(조향OFF)|STRAIGHT,,999.00,0.00,0.0,-0.7,4311
18.00,-12.338,0.131,100.5,-0.01,CLEAR(조향OFF)|STRAIGHT,,999.00,0.00,0.0,-0.6,4311
18.05,-12.338,0.131,100.5,-0.01,CLEAR(조향OFF)|STRAIGHT,,999.00,0.00,0.0,-0.7,4295
18.10,-12.337,0.131,100.5,-0.00,CLEAR(조향OFF)|STRAIGHT,,999.00,0.00,0.0,-0.7,4311
18.15,-12.337,0.131,100.5,-0.00,CLEAR(조향OFF)|STRAIGHT,,999.00,0.00,0.0,-0.7,4311
18.20,-12.337,0.131,100.5,-0.00,CLEAR(조향OFF)|STRAIGHT,,999.00,0.00,0.0,-0.7,4311
18.25,-12.336,0.132,100.5,0.00,CLEAR(조향OFF)|STRAIGHT,,999.00,0.00,0.0,-0.7,4311
18.30,-12.336,0.132,100.5,0.00,CLEAR(조향OFF)|STRAIGHT,,999.00,0.00,0.0,-0.7,4311
18.35,-12.337,0.134,100.5,0.03,CLEAR(조향OFF)|STRAIGHT,,999.00,0.00,0.0,-0.7,4328
18.40,-12.337,0.134,100.5,0.03,CLEAR(조향OFF)|STRAIGHT,,999.00,0.00,0.0,-0.7,4328
18.45,-12.337,0.134,100.5,-0.00,CLEAR(조향OFF)|STRAIGHT,,999.00,0.00,0.0,-0.7,4311
18.50,-12.337,0.134,100.5,-0.00,CLEAR(조향OFF)|STRAIGHT,,999.00,0.00,0.0,-0.7,4328
18.55,-12.340,0.137,100.5,0.04,CLEAR(조향OFF)|STRAIGHT,,999.00,0.00,0.0,-0.7,4328
18.60,-12.340,0.137,100.5,0.04,CLEAR(조향OFF)|STRAIGHT,,999.00,0.00,0.0,-0.7,4311
18.65,-12.340,0.137,100.5,-0.00,CLEAR(조향OFF)|STRAIGHT,,999.00,0.00,0.0,-0.7,4311
18.70,-12.340,0.137,100.5,-0.00,CLEAR(조향OFF)|STRAIGHT,,999.00,0.00,0.0,-0.7,4311
18.75,-12.338,0.137,100.5,-0.00,CLEAR(조향OFF)|STRAIGHT,,999.00,0.00,0.0,-0.7,4311
18.80,-12.338,0.137,100.5,-0.00,CLEAR(조향OFF)|STRAIGHT,,999.00,0.00,0.0,-0.7,4311
18.85,-12.339,0.132,100.5,-0.05,CLEAR(조향OFF)|STRAIGHT,,999.00,0.00,0.0,-0.7,4311
18.90,-12.339,0.132,100.5,-0.05,CLEAR(조향OFF)|STRAIGHT,,999.00,0.00,0.0,-0.8,4328
18.95,-12.344,0.136,100.5,0.05,CLEAR(조향OFF)|STRAIGHT,,999.00,0.00,0.0,-0.7,4328
19.00,-12.344,0.136,100.5,0.05,CLEAR(조향OFF)|STRAIGHT,,999.00,0.00,0.0,-0.7,4328
19.05,-12.344,0.136,100.5,0.05,CLEAR(조향OFF)|STRAIGHT,,999.00,0.00,0.0,-0.7,4311
19.10,-12.342,0.134,100.5,-0.02,CLEAR(조향OFF)|STRAIGHT,,999.00,0.00,0.0,-0.7,4311
19.15,-12.342,0.133,100.5,-0.01,CLEAR(조향OFF)|STRAIGHT,,999.00,0.00,0.0,-0.7,4311
19.20,-12.342,0.133,100.5,-0.01,CLEAR(조향OFF)|STRAIGHT,,999.00,0.00,0.0,-0.8,4328
19.25,-12.341,0.134,100.5,0.00,CLEAR(조향OFF)|STRAIGHT,,999.00,0.00,0.0,-0.8,4328
19.30,-12.341,0.134,100.5,0.00,CLEAR(조향OFF)|STRAIGHT,,999.00,0.00,0.0,-0.8,4311
19.35,-12.340,0.135,100.5,0.01,CLEAR(조향OFF)|STRAIGHT,,999.00,0.00,0.0,-0.7,4328
19.40,-12.340,0.135,100.5,0.01,CLEAR(조향OFF)|STRAIGHT,,999.00,0.00,0.0,-0.7,4344
19.45,-12.344,0.132,100.5,-0.02,CLEAR(조향OFF)|STRAIGHT,,999.00,0.00,0.0,-0.7,4311
19.50,-12.344,0.132,100.5,-0.02,CLEAR(조향OFF)|STRAIGHT,,999.00,0.00,0.0,-0.7,4311
19.55,-12.343,0.135,100.5,0.03,CLEAR(조향OFF)|STRAIGHT,,999.00,0.00,0.0,-0.7,4311
19.60,-12.343,0.135,100.5,0.03,CLEAR(조향OFF)|STRAIGHT,,999.00,0.00,0.0,-0.8,4328
19.65,-12.340,0.134,100.5,-0.02,CLEAR(조향OFF)|STRAIGHT,,999.00,0.00,0.0,-0.8,4328
19.70,-12.340,0.134,100.5,-0.02,CLEAR(조향OFF)|STRAIGHT,,999.00,0.00,0.0,-0.7,4328
19.75,-12.340,0.130,100.5,-0.04,CLEAR(조향OFF)|STRAIGHT,,999.00,0.00,0.0,-0.7,4311
19.80,-12.340,0.130,100.5,-0.04,CLEAR(조향OFF)|STRAIGHT,,999.00,0.00,0.0,-0.7,4311
19.85,-12.344,0.133,100.5,0.03,CLEAR(조향OFF)|STRAIGHT,,999.00,0.00,0.0,-0.7,4328
19.90,-12.344,0.133,100.5,0.03,CLEAR(조향OFF)|STRAIGHT,,999.00,0.00,0.0,-0.7,4328
19.95,-12.343,0.132,100.5,-0.01,CLEAR(조향OFF)|STRAIGHT,,999.00,0.00,0.0,-0.7,4328
20.00,-12.343,0.132,100.5,-0.01,CLEAR(조향OFF)|STRAIGHT,,999.00,0.00,0.0,-0.7,4311
20.05,-12.343,0.132,100.5,-0.01,CLEAR(조향OFF)|STRAIGHT,,999.00,0.00,0.0,-0.7,4328
20.10,-12.343,0.137,100.5,0.04,CLEAR(조향OFF)|STRAIGHT,,999.00,0.00,0.0,-0.7,4311
20.15,-12.343,0.137,100.5,0.04,CLEAR(조향OFF)|STRAIGHT,,999.00,0.00,0.0,-0.7,4311
20.20,-12.343,0.137,100.5,0.04,CLEAR(조향OFF)|STRAIGHT,,999.00,0.00,0.0,-0.7,4311
20.25,-12.346,0.135,100.5,-0.01,CLEAR(조향OFF)|STRAIGHT,,999.00,0.00,0.0,-0.7,4328
20.30,-12.346,0.135,100.5,-0.01,CLEAR(조향OFF)|STRAIGHT,,999.00,0.00,0.0,-0.7,4328
20.35,-12.347,0.134,100.5,-0.01,CLEAR(조향OFF)|STRAIGHT,,999.00,0.00,0.0,-0.7,4328
20.40,-12.347,0.134,100.5,-0.01,CLEAR(조향OFF)|STRAIGHT,,999.00,0.00,0.0,-0.7,4328
20.45,-12.347,0.135,100.5,0.01,CLEAR(조향OFF)|STRAIGHT,,999.00,0.00,0.0,-0.7,4311
20.50,-12.347,0.135,100.5,0.01,CLEAR(조향OFF)|STRAIGHT,,999.00,0.00,0.0,-0.7,4311
20.55,-12.345,0.134,100.5,-0.01,CLEAR(조향OFF)|STRAIGHT,,999.00,0.00,0.0,-0.7,4328
20.60,-12.345,0.134,100.5,-0.01,CLEAR(조향OFF)|STRAIGHT,,999.00,0.00,0.0,-0.7,4311
20.65,-12.345,0.131,100.5,-0.03,CLEAR(조향OFF)|STRAIGHT,,999.00,0.00,0.0,-0.8,4328
20.70,-12.345,0.131,100.5,-0.03,CLEAR(조향OFF)|STRAIGHT,,999.00,0.00,0.0,-0.7,4311
20.75,-12.343,0.131,100.5,0.00,CLEAR(조향OFF)|STRAIGHT,,999.00,0.00,0.0,-0.7,4311
20.80,-12.343,0.131,100.5,0.00,CLEAR(조향OFF)|STRAIGHT,,999.00,0.00,0.0,-0.7,4311
20.85,-12.342,0.132,100.5,0.00,CLEAR(조향OFF)|STRAIGHT,,999.00,0.00,0.0,-0.7,4311
20.90,-12.342,0.132,100.5,0.00,CLEAR(조향OFF)|STRAIGHT,,999.00,0.00,0.0,-0.8,4311
20.95,-12.347,0.133,100.5,0.02,CLEAR(조향OFF)|STRAIGHT,,999.00,0.00,0.0,-0.7,4311
21.00,-12.347,0.133,100.5,0.02,CLEAR(조향OFF)|STRAIGHT,,999.00,0.00,0.0,-0.7,4328
21.05,-12.347,0.133,100.5,0.02,CLEAR(조향OFF)|STRAIGHT,,999.00,0.00,0.0,-0.7,4328
21.10,-12.345,0.130,100.5,-0.03,CLEAR(조향OFF)|STRAIGHT,,999.00,0.00,0.0,-0.8,4311
21.15,-12.345,0.130,100.5,-0.03,CLEAR(조향OFF)|STRAIGHT,,999.00,0.00,0.0,-0.7,4311
21.20,-12.345,0.130,100.5,-0.03,CLEAR(조향OFF)|STRAIGHT,,999.00,0.00,0.0,-0.7,4311
21.25,-12.347,0.132,100.5,0.01,CLEAR(조향OFF)|STRAIGHT,,999.00,0.00,0.0,-0.6,4328
21.30,-12.347,0.132,100.5,0.01,CLEAR(조향OFF)|STRAIGHT,,999.00,0.00,0.0,-0.7,4328
21.35,-12.345,0.133,100.5,0.00,CLEAR(조향OFF)|STRAIGHT,,999.00,0.00,0.0,-0.7,4311
21.40,-12.345,0.133,100.5,0.00,CLEAR(조향OFF)|STRAIGHT,,999.00,0.00,0.0,-0.7,4328
21.45,-12.344,0.134,100.5,0.00,CLEAR(조향OFF)|STRAIGHT,,999.00,0.00,0.0,-0.7,4295
21.50,-12.344,0.134,100.5,0.00,CLEAR(조향OFF)|STRAIGHT,,999.00,0.00,0.0,-0.7,4328
21.55,-12.346,0.132,100.5,-0.01,CLEAR(조향OFF)|STRAIGHT,,999.00,0.00,0.0,-0.6,4328
21.60,-12.346,0.132,100.5,-0.01,CLEAR(조향OFF)|STRAIGHT,,999.00,0.00,0.0,-0.7,4328
21.65,-12.346,0.134,100.5,0.03,CLEAR(조향OFF)|STRAIGHT,,999.00,0.00,0.0,-0.8,4311
21.70,-12.346,0.134,100.5,0.03,CLEAR(조향OFF)|STRAIGHT,,999.00,0.00,0.0,-0.7,4328
21.75,-12.347,0.136,100.5,0.01,CLEAR(조향OFF)|STRAIGHT,,999.00,0.00,0.0,-0.8,4328
21.80,-12.347,0.136,100.5,0.01,CLEAR(조향OFF)|STRAIGHT,,999.00,0.00,0.0,-0.7,4311
21.85,-12.344,0.137,100.5,0.01,CLEAR(조향OFF)|STRAIGHT,,999.00,0.00,0.0,-0.7,4311
21.90,-12.344,0.137,100.5,0.01,CLEAR(조향OFF)|STRAIGHT,,999.00,0.00,0.0,-0.7,4311
21.95,-12.344,0.134,100.5,-0.03,CLEAR(조향OFF)|STRAIGHT,,999.00,0.00,0.0,-0.7,4311
22.00,-12.344,0.134,100.5,-0.03,CLEAR(조향OFF)|STRAIGHT,,999.00,0.00,0.0,-0.7,4311
22.05,-12.344,0.134,100.5,-0.03,CLEAR(조향OFF)|STRAIGHT,,999.00,0.00,0.0,-0.8,4328
22.10,-12.343,0.133,100.5,-0.01,CLEAR(조향OFF)|STRAIGHT,,999.00,0.00,0.0,-0.7,4311
22.15,-12.343,0.133,100.5,0.01,CLEAR(조향OFF)|STRAIGHT,,999.00,0.00,0.0,-0.7,4328
22.20,-12.343,0.133,100.5,0.01,CLEAR(조향OFF)|STRAIGHT,,999.00,0.00,0.0,-0.8,4311
22.25,-12.341,0.133,100.5,-0.01,CLEAR(조향OFF)|STRAIGHT,,999.00,0.00,0.0,-0.7,4311
22.30,-12.341,0.133,100.5,-0.01,CLEAR(조향OFF)|STRAIGHT,,999.00,0.00,0.0,-0.7,4328
22.35,-12.342,0.133,100.5,0.01,CLEAR(조향OFF)|STRAIGHT,,999.00,0.00,0.0,-0.6,4328
22.40,-12.342,0.133,100.5,0.01,CLEAR(조향OFF)|STRAIGHT,,999.00,0.00,0.0,-0.8,4311
22.45,-12.344,0.133,100.5,0.00,CLEAR(조향OFF)|STRAIGHT,,999.00,0.00,0.0,-0.6,4311
22.50,-12.344,0.133,100.5,0.00,CLEAR(조향OFF)|STRAIGHT,,999.00,0.00,0.0,-0.7,4311
22.55,-12.344,0.133,100.5,-0.00,CLEAR(조향OFF)|STRAIGHT,,999.00,0.00,0.0,-0.7,4311
22.60,-12.344,0.133,100.5,-0.00,CLEAR(조향OFF)|STRAIGHT,,999.00,0.00,0.0,-0.7,4328
22.65,-12.343,0.135,100.5,0.02,CLEAR(조향OFF)|STRAIGHT,,999.00,0.00,0.0,-0.7,4328
22.70,-12.343,0.135,100.5,0.02,CLEAR(조향OFF)|STRAIGHT,,999.00,0.00,0.0,-0.8,4311
22.75,-12.343,0.133,100.5,-0.02,CLEAR(조향OFF)|STRAIGHT,,999.00,0.00,0.0,-0.7,4311
22.80,-12.343,0.133,100.5,-0.02,CLEAR(조향OFF)|STRAIGHT,,999.00,0.00,0.0,-0.7,4311
22.85,-12.343,0.136,100.5,0.03,CLEAR(조향OFF)|STRAIGHT,,999.00,0.00,0.0,-0.7,4311
22.90,-12.343,0.136,100.6,0.03,CLEAR(조향OFF)|STRAIGHT,,999.00,0.00,0.0,-0.8,4311
22.95,-12.341,0.132,100.5,-0.04,CLEAR(조향OFF)|STRAIGHT,,999.00,0.00,0.0,-0.8,4328
23.00,-12.341,0.132,100.5,-0.04,CLEAR(조향OFF)|STRAIGHT,,999.00,0.00,0.0,-0.7,4328
23.05,-12.341,0.132,100.6,-0.04,CLEAR(조향OFF)|STRAIGHT,,999.00,0.00,0.0,-0.7,4311
23.10,-12.341,0.133,100.6,0.01,CLEAR(조향OFF)|STRAIGHT,,999.00,0.00,0.0,-0.7,4328
23.15,-12.343,0.130,100.5,-0.03,CLEAR(조향OFF)|STRAIGHT,,999.00,0.00,0.0,-0.7,4311
23.20,-12.343,0.130,100.5,-0.03,CLEAR(조향OFF)|STRAIGHT,,999.00,0.00,0.0,-0.8,4311
23.25,-12.343,0.130,100.5,0.00,CLEAR(조향OFF)|STRAIGHT,,999.00,0.00,0.0,-0.7,4328
23.30,-12.343,0.130,100.5,0.00,CLEAR(조향OFF)|STRAIGHT,,999.00,0.00,0.0,-0.7,4311
23.35,-12.344,0.133,100.5,0.04,CLEAR(조향OFF)|STRAIGHT,,999.00,0.00,0.0,-0.7,4295
23.40,-12.344,0.133,100.5,0.04,CLEAR(조향OFF)|STRAIGHT,,999.00,0.00,0.0,-0.7,4328
23.45,-12.344,0.135,100.5,0.01,CLEAR(조향OFF)|STRAIGHT,,999.00,0.00,0.0,-0.8,4311
23.50,-12.344,0.135,100.5,0.01,CLEAR(조향OFF)|STRAIGHT,,999.00,0.00,0.0,-0.7,4311
23.55,-12.343,0.135,100.5,0.00,CLEAR(조향OFF)|STRAIGHT,,999.00,0.00,0.0,-0.8,4311
23.60,-12.343,0.135,100.5,0.00,CLEAR(조향OFF)|STRAIGHT,,999.00,0.00,0.0,-0.7,4328
23.65,-12.345,0.135,100.5,-0.00,CLEAR(조향OFF)|STRAIGHT,,999.00,0.00,0.0,-0.8,4311
23.70,-12.345,0.135,100.5,-0.00,CLEAR(조향OFF)|STRAIGHT,,999.00,0.00,0.0,-0.7,4328
23.75,-12.340,0.133,100.5,-0.03,CLEAR(조향OFF)|STRAIGHT,,999.00,0.00,0.0,-0.7,4311
23.80,-12.340,0.133,100.6,-0.03,CLEAR(조향OFF)|STRAIGHT,,999.00,0.00,0.0,-0.7,4311
23.85,-12.339,0.132,100.6,-0.01,CLEAR(조향OFF)|STRAIGHT,,999.00,0.00,0.0,-0.7,4328
23.90,-12.339,0.132,100.6,-0.01,CLEAR(조향OFF)|STRAIGHT,,999.00,0.00,0.0,-0.7,4311
23.95,-12.343,0.134,100.5,0.02,CLEAR(조향OFF)|STRAIGHT,,999.00,0.00,0.0,-0.7,4328
24.00,-12.343,0.134,100.5,0.02,CLEAR(조향OFF)|STRAIGHT,,999.00,0.00,0.0,-0.7,4311
24.05,-12.343,0.134,100.6,0.02,CLEAR(조향OFF)|STRAIGHT,,999.00,0.00,0.0,-0.7,4328
24.10,-12.342,0.134,100.6,0.00,CLEAR(조향OFF)|STRAIGHT,,999.00,0.00,0.0,-0.7,4311
24.15,-12.344,0.137,100.6,0.03,CLEAR(조향OFF)|STRAIGHT,,999.00,0.00,0.0,-0.7,4311
24.20,-12.344,0.137,100.6,0.03,CLEAR(조향OFF)|STRAIGHT,,999.00,0.00,0.0,-0.7,4311
24.25,-12.343,0.137,100.6,0.01,CLEAR(조향OFF)|STRAIGHT,,999.00,0.00,0.0,-0.7,4328
24.30,-12.343,0.137,100.6,0.01,CLEAR(조향OFF)|STRAIGHT,,999.00,0.00,0.0,-0.7,4311
24.35,-12.341,0.135,100.6,-0.03,CLEAR(조향OFF)|STRAIGHT,,999.00,0.00,0.0,-0.7,4311
24.40,-12.341,0.135,100.6,-0.03,CLEAR(조향OFF)|STRAIGHT,,999.00,0.00,0.0,-0.7,4311
24.45,-12.344,0.140,100.6,0.06,CLEAR(조향OFF)|STRAIGHT,,999.00,0.00,0.0,-0.6,4311
24.50,-12.344,0.140,100.6,0.06,CLEAR(조향OFF)|STRAIGHT,,999.00,0.00,0.0,-0.7,4311
24.55,-12.344,0.136,100.6,-0.04,CLEAR(조향OFF)|STRAIGHT,,999.00,0.00,0.0,-0.7,4328
24.60,-12.344,0.136,100.6,-0.04,CLEAR(조향OFF)|STRAIGHT,,999.00,0.00,0.0,-0.7,4311
24.65,-12.341,0.136,100.6,-0.01,CLEAR(조향OFF)|STRAIGHT,,999.00,0.00,0.0,-0.8,4311
24.70,-12.341,0.136,100.6,-0.01,CLEAR(조향OFF)|STRAIGHT,,999.00,0.00,0.0,-0.7,4328
24.75,-12.342,0.134,100.6,-0.02,CLEAR(조향OFF)|STRAIGHT,,999.00,0.00,0.0,-0.7,4311
24.80,-12.342,0.134,100.6,-0.02,CLEAR(조향OFF)|STRAIGHT,,999.00,0.00,0.0,-0.7,4311
24.85,-12.342,0.134,100.6,0.01,CLEAR(조향OFF)|STRAIGHT,,999.00,0.00,0.0,-0.7,4328
24.90,-12.342,0.134,100.6,0.01,CLEAR(조향OFF)|STRAIGHT,,999.00,0.00,0.0,-0.7,4311
24.95,-12.343,0.135,100.6,0.01,CLEAR(조향OFF)|STRAIGHT,,999.00,0.00,0.0,-0.8,4311
25.00,-12.343,0.135,100.6,0.01,CLEAR(조향OFF)|STRAIGHT,,999.00,0.00,0.0,-0.7,4328
25.05,-12.344,0.135,100.6,-0.00,CLEAR(조향OFF)|STRAIGHT,,999.00,0.00,0.0,-0.6,4311
25.10,-12.344,0.135,100.6,-0.00,CLEAR(조향OFF)|STRAIGHT,,999.00,0.00,0.0,-0.8,4328
25.15,-12.344,0.133,100.6,-0.02,CLEAR(조향OFF)|STRAIGHT,,999.00,0.00,0.0,-0.7,4328
25.20,-12.344,0.133,100.6,-0.02,CLEAR(조향OFF)|STRAIGHT,,999.00,0.00,0.0,-0.7,4311
25.25,-12.344,0.132,100.6,-0.01,CLEAR(조향OFF)|STRAIGHT,,999.00,0.00,0.0,-0.7,4311
25.30,-12.344,0.132,100.6,-0.01,CLEAR(조향OFF)|STRAIGHT,,999.00,0.00,0.0,-0.7,4311
25.35,-12.343,0.137,100.6,0.05,CLEAR(조향OFF)|STRAIGHT,,999.00,0.00,0.0,-0.7,4311
25.40,-12.343,0.137,100.6,0.05,CLEAR(조향OFF)|STRAIGHT,,999.00,0.00,0.0,-0.7,4328
25.45,-12.342,0.136,100.6,-0.01,CLEAR(조향OFF)|STRAIGHT,,999.00,0.00,0.0,-0.7,4311
25.50,-12.342,0.136,100.6,-0.01,CLEAR(조향OFF)|STRAIGHT,,999.00,0.00,0.0,-0.7,4311
25.55,-12.342,0.132,100.6,-0.04,CLEAR(조향OFF)|STRAIGHT,,999.00,0.00,0.0,-0.7,4311
25.60,-12.342,0.132,100.6,-0.04,CLEAR(조향OFF)|STRAIGHT,,999.00,0.00,0.0,-0.7,4311
25.65,-12.343,0.132,100.6,0.01,CLEAR(조향OFF)|STRAIGHT,,999.00,0.00,0.0,-0.7,4311
25.70,-12.343,0.132,100.6,0.01,CLEAR(조향OFF)|STRAIGHT,,999.00,0.00,0.0,-0.7,4328
25.75,-12.344,0.133,100.6,0.01,CLEAR(조향OFF)|STRAIGHT,,999.00,0.00,0.0,-0.7,4328
25.80,-12.344,0.133,100.6,0.01,CLEAR(조향OFF)|STRAIGHT,,999.00,0.00,0.0,-0.8,4311
25.85,-12.344,0.131,100.6,-0.02,CLEAR(조향OFF)|STRAIGHT,,999.00,0.00,0.0,-0.7,4328
25.90,-12.344,0.131,100.6,-0.02,CLEAR(조향OFF)|STRAIGHT,,999.00,0.00,0.0,-0.7,4328
25.95,-12.344,0.130,100.6,-0.01,CLEAR(조향OFF)|STRAIGHT,,999.00,0.00,0.0,-0.7,4311
26.00,-12.344,0.130,100.6,-0.01,CLEAR(조향OFF)|STRAIGHT,,999.00,0.00,0.0,-0.6,4311
26.05,-12.344,0.130,100.6,-0.01,CLEAR(조향OFF)|STRAIGHT,,999.00,0.00,0.0,-0.7,4311
26.10,-12.344,0.132,100.6,0.02,CLEAR(조향OFF)|STRAIGHT,,999.00,0.00,0.0,-0.7,4328
26.15,-12.345,0.132,100.6,-0.01,CLEAR(조향OFF)|STRAIGHT,,999.00,0.00,0.0,-0.7,4328
26.20,-12.345,0.132,100.6,-0.01,CLEAR(조향OFF)|STRAIGHT,,999.00,0.00,0.0,-0.7,4311
26.25,-12.345,0.132,100.6,0.00,CLEAR(조향OFF)|STRAIGHT,,999.00,0.00,0.0,-0.8,4311
26.30,-12.345,0.132,100.6,0.00,CLEAR(조향OFF)|STRAIGHT,,999.00,0.00,0.0,-0.7,4311
26.35,-12.342,0.129,100.6,-0.03,CLEAR(조향OFF)|STRAIGHT,,999.00,0.00,0.0,-0.8,4311
26.40,-12.342,0.129,100.6,-0.03,CLEAR(조향OFF)|STRAIGHT,,999.00,0.00,0.0,-0.8,4344
26.45,-12.345,0.133,100.6,0.04,CLEAR(조향OFF)|STRAIGHT,,999.00,0.00,0.0,-0.7,4311
26.50,-12.345,0.133,100.6,0.04,CLEAR(조향OFF)|STRAIGHT,,999.00,0.00,0.0,-0.7,4328
26.55,-12.344,0.132,100.6,-0.01,CLEAR(조향OFF)|STRAIGHT,,999.00,0.00,0.0,-0.7,4311
26.60,-12.344,0.132,100.6,-0.01,CLEAR(조향OFF)|STRAIGHT,,999.00,0.00,0.0,-0.7,4328
26.65,-12.344,0.130,100.6,-0.02,CLEAR(조향OFF)|STRAIGHT,,999.00,0.00,0.0,-0.7,4311
26.70,-12.344,0.130,100.6,-0.02,CLEAR(조향OFF)|STRAIGHT,,999.00,0.00,0.0,-0.7,4328
26.75,-12.345,0.133,100.6,0.04,CLEAR(조향OFF)|STRAIGHT,,999.00,0.00,0.0,-0.8,4328
26.80,-12.345,0.133,100.6,0.04,CLEAR(조향OFF)|STRAIGHT,,999.00,0.00,0.0,-0.7,4344
26.85,-12.343,0.132,100.6,-0.02,CLEAR(조향OFF)|STRAIGHT,,999.00,0.00,0.0,-0.7,4311
26.90,-12.343,0.132,100.6,-0.02,CLEAR(조향OFF)|STRAIGHT,,999.00,0.00,0.0,-0.7,4295
26.95,-12.343,0.132,100.6,-0.00,CLEAR(조향OFF)|STRAIGHT,,999.00,0.00,0.0,-0.7,4311
27.00,-12.343,0.132,100.6,-0.00,CLEAR(조향OFF)|STRAIGHT,,999.00,0.00,0.0,-0.7,4311
27.05,-12.343,0.132,100.6,-0.00,CLEAR(조향OFF)|STRAIGHT,,999.00,0.00,0.0,-0.7,4328
27.10,-12.341,0.131,100.6,-0.01,CLEAR(조향OFF)|STRAIGHT,,999.00,0.00,0.0,-0.7,4328
27.15,-12.341,0.134,100.6,0.03,CLEAR(조향OFF)|STRAIGHT,,999.00,0.00,0.0,-0.7,4311
27.20,-12.341,0.134,100.6,0.03,CLEAR(조향OFF)|STRAIGHT,,999.00,0.00,0.0,-0.7,4311
27.25,-12.341,0.134,100.6,0.03,CLEAR(조향OFF)|STRAIGHT,,999.00,0.00,0.0,-0.8,4328
27.30,-12.342,0.134,100.6,0.01,CLEAR(조향OFF)|STRAIGHT,,999.00,0.00,0.0,-0.7,4311
27.35,-12.341,0.132,100.6,-0.02,CLEAR(조향OFF)|STRAIGHT,,999.00,0.00,0.0,-0.7,4328
27.40,-12.341,0.132,100.6,-0.02,CLEAR(조향OFF)|STRAIGHT,,999.00,0.00,0.0,-0.7,4311
27.45,-12.341,0.135,100.6,0.02,CLEAR(조향OFF)|STRAIGHT,,999.00,0.00,0.0,-0.7,4311
27.50,-12.341,0.135,100.6,0.02,CLEAR(조향OFF)|STRAIGHT,,999.00,0.00,0.0,-0.7,4311
27.55,-12.341,0.134,100.6,-0.01,CLEAR(조향OFF)|STRAIGHT,,999.00,0.00,0.0,-0.8,4328
27.60,-12.341,0.134,100.6,-0.01,CLEAR(조향OFF)|STRAIGHT,,999.00,0.00,0.0,-0.7,4311
27.65,-12.342,0.136,100.6,0.02,CLEAR(조향OFF)|STRAIGHT,,999.00,0.00,0.0,-0.8,4311
27.70,-12.342,0.136,100.6,0.02,CLEAR(조향OFF)|STRAIGHT,,999.00,0.00,0.0,-0.7,4311
27.75,-12.343,0.133,100.6,-0.02,CLEAR(조향OFF)|STRAIGHT,,999.00,0.00,0.0,-0.7,4328
27.80,-12.343,0.133,100.6,-0.02,CLEAR(조향OFF)|STRAIGHT,,999.00,0.00,0.0,-0.7,4311
27.85,-12.343,0.130,100.6,-0.03,CLEAR(조향OFF)|STRAIGHT,,999.00,0.00,0.0,-0.7,4328
27.90,-12.343,0.130,100.6,-0.03,CLEAR(조향OFF)|STRAIGHT,,999.00,0.00,0.0,-0.8,4328
27.95,-12.346,0.132,100.6,0.03,CLEAR(조향OFF)|STRAIGHT,,999.00,0.00,0.0,-0.7,4311
28.00,-12.346,0.132,100.6,0.03,CLEAR(조향OFF)|STRAIGHT,,999.00,0.00,0.0,-0.7,4295
28.05,-12.346,0.132,100.6,0.03,CLEAR(조향OFF)|STRAIGHT,,999.00,0.00,0.0,-0.7,4311
28.10,-12.344,0.132,100.6,-0.01,CLEAR(조향OFF)|STRAIGHT,,999.00,0.00,0.0,-0.7,4311
28.15,-12.344,0.132,100.6,-0.01,CLEAR(조향OFF)|STRAIGHT,,999.00,0.00,0.0,-0.7,4311
28.20,-12.344,0.132,100.6,-0.01,CLEAR(조향OFF)|STRAIGHT,,999.00,0.00,0.0,-0.7,4311
28.25,-12.343,0.132,100.6,-0.00,CLEAR(조향OFF)|STRAIGHT,,999.00,0.00,0.0,-0.7,4311
28.30,-12.343,0.132,100.6,-0.00,CLEAR(조향OFF)|STRAIGHT,,999.00,0.00,0.0,-0.8,4311
28.35,-12.344,0.133,100.6,0.01,CLEAR(조향OFF)|STRAIGHT,,999.00,0.00,0.0,-0.7,4311
28.40,-12.344,0.133,100.6,0.01,CLEAR(조향OFF)|STRAIGHT,,999.00,0.00,0.0,-0.7,4311
28.45,-12.345,0.129,100.6,-0.03,CLEAR(조향OFF)|STRAIGHT,,999.00,0.00,0.0,-0.6,4311
28.50,-12.345,0.129,100.6,-0.03,CLEAR(조향OFF)|STRAIGHT,,999.00,0.00,0.0,-0.8,4311
28.55,-12.345,0.130,100.6,0.00,CLEAR(조향OFF)|STRAIGHT,,999.00,0.00,0.0,-0.7,4311
28.60,-12.345,0.130,100.6,0.00,CLEAR(조향OFF)|STRAIGHT,,999.00,0.00,0.0,-0.7,4311
28.65,-12.344,0.130,100.6,0.00,CLEAR(조향OFF)|STRAIGHT,,999.00,0.00,0.0,-0.7,4328
28.70,-12.344,0.130,100.6,0.00,CLEAR(조향OFF)|STRAIGHT,,999.00,0.00,0.0,-0.8,4328
28.75,-12.343,0.130,100.6,-0.00,CLEAR(조향OFF)|STRAIGHT,,999.00,0.00,0.0,-0.7,4328
28.80,-12.343,0.130,100.6,-0.00,CLEAR(조향OFF)|STRAIGHT,,999.00,0.00,0.0,-0.7,4311
28.85,-12.344,0.129,100.6,-0.01,CLEAR(조향OFF)|STRAIGHT,,999.00,0.00,0.0,-0.7,4311
28.90,-12.344,0.129,100.6,-0.01,CLEAR(조향OFF)|STRAIGHT,,999.00,0.00,0.0,-0.7,4311
28.95,-12.345,0.129,100.6,0.00,CLEAR(조향OFF)|STRAIGHT,,999.00,0.00,0.0,-0.7,4328
29.00,-12.345,0.129,100.6,0.00,CLEAR(조향OFF)|STRAIGHT,,999.00,0.00,0.0,-0.7,4311
29.05,-12.345,0.129,100.6,0.00,CLEAR(조향OFF)|STRAIGHT,,999.00,0.00,0.0,-0.7,4311
29.10,-12.344,0.131,100.6,0.01,CLEAR(조향OFF)|STRAIGHT,,999.00,0.00,0.0,-0.7,4328
29.15,-12.343,0.128,100.6,-0.03,CLEAR(조향OFF)|STRAIGHT,,999.00,0.00,0.0,-0.6,4328
29.20,-12.343,0.128,100.6,-0.03,CLEAR(조향OFF)|STRAIGHT,,999.00,0.00,0.0,-0.7,4311
29.25,-12.343,0.130,100.6,0.01,CLEAR(조향OFF)|STRAIGHT,,999.00,0.00,0.0,-0.7,4311
29.30,-12.343,0.130,100.6,0.01,CLEAR(조향OFF)|STRAIGHT,,999.00,0.00,0.0,-0.7,4328
29.35,-12.343,0.128,100.6,-0.01,CLEAR(조향OFF)|STRAIGHT,,999.00,0.00,0.0,-0.7,4328
29.40,-12.343,0.128,100.6,-0.01,CLEAR(조향OFF)|STRAIGHT,,999.00,0.00,0.0,-0.8,4311
29.45,-12.343,0.130,100.6,0.02,CLEAR(조향OFF)|STRAIGHT,,999.00,0.00,0.0,-0.7,4311
29.50,-12.343,0.130,100.6,0.02,CLEAR(조향OFF)|STRAIGHT,,999.00,0.00,0.0,-0.7,4328
29.55,-12.342,0.129,100.6,-0.02,CLEAR(조향OFF)|STRAIGHT,,999.00,0.00,0.0,-0.7,4311
29.60,-12.342,0.129,100.6,-0.02,CLEAR(조향OFF)|STRAIGHT,,999.00,0.00,0.0,-0.7,4311
29.65,-12.342,0.128,100.6,-0.01,CLEAR(조향OFF)|STRAIGHT,,999.00,0.00,0.0,-0.7,4311
29.70,-12.342,0.128,100.6,-0.01,CLEAR(조향OFF)|STRAIGHT,,999.00,0.00,0.0,-0.7,4311
29.75,-12.341,0.130,100.6,0.01,CLEAR(조향OFF)|STRAIGHT,,999.00,0.00,0.0,-0.7,4311
29.80,-12.341,0.130,100.6,0.01,CLEAR(조향OFF)|STRAIGHT,,999.00,0.00,0.0,-0.7,4311
29.85,-12.342,0.130,100.6,0.01,CLEAR(조향OFF)|STRAIGHT,,999.00,0.00,0.0,-0.7,4311
29.90,-12.342,0.130,100.6,0.01,CLEAR(조향OFF)|STRAIGHT,,999.00,0.00,0.0,-0.7,4311
29.95,-12.342,0.129,100.6,-0.01,CLEAR(조향OFF)|STRAIGHT,,999.00,0.00,0.0,-0.7,4328
30.00,-12.342,0.129,100.6,-0.01,CLEAR(조향OFF)|STRAIGHT,,999.00,0.00,0.0,-0.6,4311
30.05,-12.342,0.129,100.6,-0.01,CLEAR(조향OFF)|STRAIGHT,,999.00,0.00,0.0,-0.6,4311
30.10,-12.341,0.132,100.6,0.02,CLEAR(조향OFF)|STRAIGHT,,999.00,0.00,0.0,-0.7,4311
30.15,-12.342,0.133,100.6,0.01,CLEAR(조향OFF)|STRAIGHT,,999.00,0.00,0.0,-0.7,4295
30.20,-12.342,0.133,100.6,0.01,CLEAR(조향OFF)|STRAIGHT,,999.00,0.00,0.0,-0.7,4311
30.25,-12.342,0.131,100.6,-0.02,CLEAR(조향OFF)|STRAIGHT,,999.00,0.00,0.0,-0.6,4311
30.30,-12.342,0.131,100.6,-0.02,CLEAR(조향OFF)|STRAIGHT,,999.00,0.00,0.0,-0.8,4295
30.35,-12.342,0.131,100.6,0.01,CLEAR(조향OFF)|STRAIGHT,,999.00,0.00,0.0,-0.7,4311
30.40,-12.342,0.131,100.6,0.01,CLEAR(조향OFF)|STRAIGHT,,999.00,0.00,0.0,-0.7,4311
30.45,-12.342,0.131,100.6,-0.01,CLEAR(조향OFF)|STRAIGHT,,999.00,0.00,0.0,-0.7,4311
30.50,-12.342,0.131,100.6,-0.01,CLEAR(조향OFF)|STRAIGHT,,999.00,0.00,0.0,-0.7,4311
30.55,-12.345,0.132,100.6,0.02,CLEAR(조향OFF)|STRAIGHT,,999.00,0.00,0.0,-0.7,4311
30.60,-12.345,0.132,100.6,0.02,CLEAR(조향OFF)|STRAIGHT,,999.00,0.00,0.0,-0.8,4328
30.65,-12.345,0.132,100.6,-0.00,CLEAR(조향OFF)|STRAIGHT,,999.00,0.00,0.0,-0.7,4311
30.70,-12.345,0.132,100.6,-0.00,CLEAR(조향OFF)|STRAIGHT,,999.00,0.00,0.0,-0.6,4311
30.75,-12.343,0.130,100.6,-0.02,CLEAR(조향OFF)|STRAIGHT,,999.00,0.00,0.0,-0.7,4311
30.80,-12.343,0.130,100.6,-0.02,CLEAR(조향OFF)|STRAIGHT,,999.00,0.00,0.0,-0.7,4311
30.85,-12.344,0.134,100.6,0.04,CLEAR(조향OFF)|STRAIGHT,,999.00,0.00,0.0,-0.7,4311
30.90,-12.344,0.134,100.6,0.04,CLEAR(조향OFF)|STRAIGHT,,999.00,0.00,0.0,-0.7,4311
30.95,-12.343,0.131,100.6,-0.03,CLEAR(조향OFF)|STRAIGHT,,999.00,0.00,0.0,-0.7,4311
31.00,-12.343,0.131,100.6,-0.03,CLEAR(조향OFF)|STRAIGHT,,999.00,0.00,0.0,-0.8,4311
31.05,-12.343,0.131,100.6,-0.03,CLEAR(조향OFF)|STRAIGHT,,999.00,0.00,0.0,-0.7,4311
31.10,-12.343,0.130,100.6,-0.01,CLEAR(조향OFF)|STRAIGHT,,999.00,0.00,0.0,-0.7,4311
31.15,-12.342,0.130,100.6,0.00,CLEAR(조향OFF)|STRAIGHT,,999.00,0.00,0.0,-0.7,4311
31.20,-12.342,0.130,100.6,0.00,CLEAR(조향OFF)|STRAIGHT,,999.00,0.00,0.0,-0.7,4311
31.25,-12.343,0.129,100.6,-0.01,CLEAR(조향OFF)|STRAIGHT,,999.00,0.00,0.0,-0.7,4328
31.30,-12.343,0.129,100.6,-0.01,CLEAR(조향OFF)|STRAIGHT,,999.00,0.00,0.0,-0.7,4311
31.35,-12.343,0.130,100.6,0.01,CLEAR(조향OFF)|STRAIGHT,,999.00,0.00,0.0,-0.7,4328
31.40,-12.343,0.130,100.6,0.01,CLEAR(조향OFF)|STRAIGHT,,999.00,0.00,0.0,-0.7,4311
31.45,-12.343,0.131,100.6,0.01,CLEAR(조향OFF)|STRAIGHT,,999.00,0.00,0.0,-0.7,4311
31.50,-12.343,0.131,100.6,0.01,CLEAR(조향OFF)|STRAIGHT,,999.00,0.00,0.0,-0.7,4328
31.55,-12.344,0.129,100.6,-0.02,CLEAR(조향OFF)|STRAIGHT,,999.00,0.00,0.0,-0.7,4311
31.60,-12.344,0.129,100.6,-0.02,CLEAR(조향OFF)|STRAIGHT,,999.00,0.00,0.0,-0.8,4311
31.65,-12.343,0.129,100.6,-0.00,CLEAR(조향OFF)|STRAIGHT,,999.00,0.00,0.0,-0.7,4311
31.70,-12.343,0.129,100.6,-0.00,CLEAR(조향OFF)|STRAIGHT,,999.00,0.00,0.0,-0.7,4311
31.75,-12.341,0.130,100.6,0.01,CLEAR(조향OFF)|STRAIGHT,,999.00,0.00,0.0,-0.8,4311
31.80,-12.341,0.130,100.6,0.01,CLEAR(조향OFF)|STRAIGHT,,999.00,0.00,0.0,-0.7,4311
31.85,-12.342,0.129,100.6,-0.01,CLEAR(조향OFF)|STRAIGHT,,999.00,0.00,0.0,-0.7,4328
31.90,-12.342,0.129,100.6,-0.01,CLEAR(조향OFF)|STRAIGHT,,999.00,0.00,0.0,-0.7,4328
31.95,-12.341,0.130,100.6,0.00,CLEAR(조향OFF)|STRAIGHT,,999.00,0.00,0.0,-0.7,4328
32.00,-12.341,0.130,100.6,0.00,CLEAR(조향OFF)|STRAIGHT,,999.00,0.00,0.0,-0.7,4311
32.05,-12.341,0.130,100.6,0.00,CLEAR(조향OFF)|STRAIGHT,,999.00,0.00,0.0,-0.7,4311
32.10,-12.341,0.131,100.6,0.01,CLEAR(조향OFF)|STRAIGHT,,999.00,0.00,0.0,-0.8,4328
32.15,-12.341,0.131,100.6,0.01,CLEAR(조향OFF)|STRAIGHT,,999.00,0.00,0.0,-0.7,4328
32.20,-12.341,0.131,100.6,0.01,CLEAR(조향OFF)|STRAIGHT,,999.00,0.00,0.0,-0.7,4311
32.25,-12.342,0.132,100.6,0.01,CLEAR(조향OFF)|STRAIGHT,,999.00,0.00,0.0,-0.8,4328
32.30,-12.342,0.132,100.6,0.01,CLEAR(조향OFF)|STRAIGHT,,999.00,0.00,0.0,-0.7,4311
32.35,-12.341,0.129,100.6,-0.03,CLEAR(조향OFF)|STRAIGHT,,999.00,0.00,0.0,-0.7,4311
32.40,-12.341,0.129,100.6,-0.03,CLEAR(조향OFF)|STRAIGHT,,999.00,0.00,0.0,-0.7,4311
32.45,-12.342,0.128,100.6,-0.01,CLEAR(조향OFF)|STRAIGHT,,999.00,0.00,0.0,-0.7,4328
32.50,-12.342,0.128,100.6,-0.01,CLEAR(조향OFF)|STRAIGHT,,999.00,0.00,0.0,-0.7,4328
32.55,-12.339,0.129,100.6,0.00,CLEAR(조향OFF)|STRAIGHT,,999.00,0.00,0.0,-0.7,4311
32.60,-12.339,0.129,100.6,0.00,CLEAR(조향OFF)|STRAIGHT,,999.00,0.00,0.0,-0.7,4311
32.65,-12.341,0.128,100.6,-0.01,CLEAR(조향OFF)|STRAIGHT,,999.00,0.00,0.0,-0.7,4311
32.70,-12.341,0.128,100.6,-0.01,CLEAR(조향OFF)|STRAIGHT,,999.00,0.00,0.0,-0.7,4311
32.75,-12.340,0.127,100.6,-0.01,CLEAR(조향OFF)|STRAIGHT,,999.00,0.00,0.0,-0.7,4328
32.80,-12.340,0.127,100.6,-0.01,CLEAR(조향OFF)|STRAIGHT,,999.00,0.00,0.0,-0.7,4311
32.85,-12.341,0.128,100.6,0.01,CLEAR(조향OFF)|STRAIGHT,,999.00,0.00,0.0,-0.7,4311
32.90,-12.341,0.128,100.6,0.01,CLEAR(조향OFF)|STRAIGHT,,999.00,0.00,0.0,-0.8,4311
32.95,-12.340,0.128,100.6,0.00,CLEAR(조향OFF)|STRAIGHT,,999.00,0.00,0.0,-0.7,4311
33.00,-12.340,0.128,100.6,0.00,CLEAR(조향OFF)|STRAIGHT,,999.00,0.00,0.0,-0.7,4311
33.05,-12.340,0.128,100.6,0.00,CLEAR(조향OFF)|STRAIGHT,,999.00,0.00,0.0,-0.7,4311
33.10,-12.340,0.129,100.6,0.00,CLEAR(조향OFF)|STRAIGHT,,999.00,0.00,0.0,-0.7,4311
33.15,-12.339,0.128,100.6,-0.02,CLEAR(조향OFF)|STRAIGHT,,999.00,0.00,0.0,-0.8,4311
33.20,-12.339,0.128,100.6,-0.02,CLEAR(조향OFF)|STRAIGHT,,999.00,0.00,0.0,-0.7,4328
33.25,-12.340,0.128,100.6,0.01,CLEAR(조향OFF)|STRAIGHT,,999.00,0.00,0.0,-0.7,4311
33.30,-12.340,0.128,100.6,0.01,CLEAR(조향OFF)|STRAIGHT,,999.00,0.00,0.0,-0.7,4311
33.35,-12.339,0.128,100.6,-0.01,CLEAR(조향OFF)|STRAIGHT,,999.00,0.00,0.0,-0.7,4311
33.40,-12.339,0.128,100.6,-0.01,CLEAR(조향OFF)|STRAIGHT,,999.00,0.00,0.0,-0.6,4311
33.45,-12.339,0.128,100.6,0.00,CLEAR(조향OFF)|STRAIGHT,,999.00,0.00,0.0,-0.7,4311
33.50,-12.339,0.128,100.6,0.00,CLEAR(조향OFF)|STRAIGHT,,999.00,0.00,0.0,-0.6,4311
33.55,-12.341,0.129,100.6,0.01,CLEAR(조향OFF)|STRAIGHT,,999.00,0.00,0.0,-0.6,4311
33.60,-12.341,0.129,100.6,0.01,CLEAR(조향OFF)|STRAIGHT,,999.00,0.00,0.0,-0.6,4295
33.65,-12.339,0.128,100.6,-0.01,CLEAR(조향OFF)|STRAIGHT,,999.00,0.00,0.0,-0.7,4311
33.70,-12.339,0.128,100.6,-0.01,CLEAR(조향OFF)|STRAIGHT,,999.00,0.00,0.0,-0.7,4311
33.75,-12.337,0.130,100.6,0.02,CLEAR(조향OFF)|STRAIGHT,,999.00,0.00,0.0,-0.7,4311
33.80,-12.337,0.130,100.6,0.02,CLEAR(조향OFF)|STRAIGHT,,999.00,0.00,0.0,-0.7,4311
33.85,-12.338,0.130,100.6,0.00,CLEAR(조향OFF)|STRAIGHT,,999.00,0.00,0.0,-0.6,4311
33.90,-12.338,0.130,100.6,0.00,CLEAR(조향OFF)|STRAIGHT,,999.00,0.00,0.0,-0.7,4311
33.95,-12.337,0.130,100.6,-0.00,CLEAR(조향OFF)|STRAIGHT,,999.00,0.00,0.0,-0.7,4311
34.00,-12.337,0.130,100.6,-0.00,CLEAR(조향OFF)|STRAIGHT,,999.00,0.00,0.0,-0.7,4311
34.05,-12.337,0.130,100.6,-0.00,CLEAR(조향OFF)|STRAIGHT,,999.00,0.00,0.0,-0.7,4328
34.10,-12.337,0.130,100.6,0.00,CLEAR(조향OFF)|STRAIGHT,,999.00,0.00,0.0,-0.7,4328
34.15,-12.337,0.130,100.6,0.00,CLEAR(조향OFF)|STRAIGHT,,999.00,0.00,0.0,-0.7,4311
34.20,-12.337,0.130,100.6,0.00,CLEAR(조향OFF)|STRAIGHT,,999.00,0.00,0.0,-0.7,4311
34.25,-12.339,0.132,100.6,0.01,CLEAR(조향OFF)|STRAIGHT,,999.00,0.00,0.0,-0.7,4311
34.30,-12.339,0.132,100.6,0.01,CLEAR(조향OFF)|STRAIGHT,,999.00,0.00,0.0,-0.8,4311
34.35,-12.339,0.131,100.6,-0.01,CLEAR(조향OFF)|STRAIGHT,,999.00,0.00,0.0,-0.7,4328
34.40,-12.339,0.131,100.6,-0.01,CLEAR(조향OFF)|STRAIGHT,,999.00,0.00,0.0,-0.7,4328
34.45,-12.338,0.129,100.6,-0.02,CLEAR(조향OFF)|STRAIGHT,,999.00,0.00,0.0,-0.8,4311
34.50,-12.338,0.129,100.6,-0.02,CLEAR(조향OFF)|STRAIGHT,,999.00,0.00,0.0,-0.7,4328
34.55,-12.339,0.131,100.6,0.03,CLEAR(조향OFF)|STRAIGHT,,999.00,0.00,0.0,-0.7,4328
34.60,-12.339,0.131,100.6,0.03,CLEAR(조향OFF)|STRAIGHT,,999.00,0.00,0.0,-0.7,4328
34.65,-12.337,0.130,100.6,-0.02,CLEAR(조향OFF)|STRAIGHT,,999.00,0.00,0.0,-0.7,4328
34.70,-12.337,0.130,100.6,-0.02,CLEAR(조향OFF)|STRAIGHT,,999.00,0.00,0.0,-0.7,4311
34.75,-12.340,0.130,100.6,0.01,CLEAR(조향OFF)|STRAIGHT,,999.00,0.00,0.0,-0.7,4311
34.80,-12.340,0.130,100.6,0.01,CLEAR(조향OFF)|STRAIGHT,,999.00,0.00,0.0,-0.8,4328
34.85,-12.338,0.131,100.6,0.01,CLEAR(조향OFF)|STRAIGHT,,999.00,0.00,0.0,-0.8,4328
34.90,-12.338,0.131,100.6,0.01,CLEAR(조향OFF)|STRAIGHT,,999.00,0.00,0.0,-0.7,4311
34.95,-12.339,0.130,100.6,-0.01,CLEAR(조향OFF)|STRAIGHT,,999.00,0.00,0.0,-0.8,4311
35.00,-12.339,0.130,100.6,-0.01,CLEAR(조향OFF)|STRAIGHT,,999.00,0.00,0.0,-0.7,4311
35.05,-12.338,0.132,100.6,0.01,CLEAR(조향OFF)|STRAIGHT,,999.00,0.00,0.0,-0.7,4311
35.10,-12.338,0.132,100.6,0.01,CLEAR(조향OFF)|STRAIGHT,,999.00,0.00,0.0,-0.7,4311
35.15,-12.338,0.132,100.6,0.01,CLEAR(조향OFF)|STRAIGHT,,999.00,0.00,0.0,-0.7,4328
35.20,-12.339,0.130,100.6,-0.02,CLEAR(조향OFF)|STRAIGHT,,999.00,0.00,0.0,-0.7,4328
35.25,-12.339,0.130,100.6,0.00,CLEAR(조향OFF)|STRAIGHT,,999.00,0.00,0.0,-0.7,4328
35.30,-12.339,0.130,100.6,0.00,CLEAR(조향OFF)|STRAIGHT,,999.00,0.00,0.0,-0.7,4311
35.35,-12.341,0.131,100.6,0.02,CLEAR(조향OFF)|STRAIGHT,,999.00,0.00,0.0,-0.7,4328
35.40,-12.341,0.131,100.6,0.02,CLEAR(조향OFF)|STRAIGHT,,999.00,0.00,0.0,-0.7,4328
35.45,-12.337,0.129,100.6,-0.03,CLEAR(조향OFF)|STRAIGHT,,999.00,0.00,0.0,-0.7,4328
35.50,-12.337,0.129,100.6,-0.03,CLEAR(조향OFF)|STRAIGHT,,999.00,0.00,0.0,-0.7,4328
35.55,-12.338,0.131,100.6,0.02,CLEAR(조향OFF)|STRAIGHT,,999.00,0.00,0.0,-0.8,4328
35.60,-12.338,0.131,100.6,0.02,CLEAR(조향OFF)|STRAIGHT,,999.00,0.00,0.0,-0.7,4328
35.65,-12.341,0.129,100.6,-0.01,CLEAR(조향OFF)|STRAIGHT,,999.00,0.00,0.0,-0.7,4328
35.70,-12.341,0.129,100.6,-0.01,CLEAR(조향OFF)|STRAIGHT,,999.00,0.00,0.0,-0.7,4311
35.75,-12.340,0.129,100.6,-0.00,CLEAR(조향OFF)|STRAIGHT,,999.00,0.00,0.0,-0.8,4328
35.80,-12.340,0.129,100.6,-0.00,CLEAR(조향OFF)|STRAIGHT,,999.00,0.00,0.0,-0.8,4328
35.85,-12.340,0.129,100.6,0.00,CLEAR(조향OFF)|STRAIGHT,,999.00,0.00,0.0,-0.7,4311
35.90,-12.340,0.129,100.6,0.00,CLEAR(조향OFF)|STRAIGHT,,999.00,0.00,0.0,-0.7,4311
35.95,-12.342,0.129,100.6,0.00,CLEAR(조향OFF)|STRAIGHT,,999.00,0.00,0.0,-0.7,4311
36.00,-12.342,0.129,100.6,0.00,CLEAR(조향OFF)|STRAIGHT,,999.00,0.00,0.0,-0.8,4311
36.05,-12.342,0.129,100.6,0.00,CLEAR(조향OFF)|STRAIGHT,,999.00,0.00,0.0,-0.7,4311
36.10,-12.341,0.130,100.6,0.00,CLEAR(조향OFF)|STRAIGHT,,999.00,0.00,0.0,-0.7,4311
36.15,-12.338,0.129,100.6,-0.01,CLEAR(조향OFF)|STRAIGHT,,999.00,0.00,0.0,-0.7,4328
36.20,-12.338,0.129,100.6,-0.01,CLEAR(조향OFF)|STRAIGHT,,999.00,0.00,0.0,-0.6,4328
36.25,-12.338,0.130,100.6,0.00,CLEAR(조향OFF)|STRAIGHT,,999.00,0.00,0.0,-0.8,4311
36.30,-12.338,0.130,100.6,0.00,CLEAR(조향OFF)|STRAIGHT,,999.00,0.00,0.0,-0.7,4328
36.35,-12.339,0.130,100.6,0.00,CLEAR(조향OFF)|STRAIGHT,,999.00,0.00,0.0,-0.7,4328
36.40,-12.339,0.130,100.6,0.00,CLEAR(조향OFF)|STRAIGHT,,999.00,0.00,0.0,-0.7,4328
36.45,-12.338,0.131,100.6,0.01,CLEAR(조향OFF)|STRAIGHT,,999.00,0.00,0.0,-0.7,4328
36.50,-12.338,0.131,100.6,0.01,CLEAR(조향OFF)|STRAIGHT,,999.00,0.00,0.0,-0.7,4311
36.55,-12.339,0.130,100.6,-0.01,CLEAR(조향OFF)|STRAIGHT,,999.00,0.00,0.0,-0.7,4328
36.60,-12.339,0.130,100.6,-0.01,CLEAR(조향OFF)|STRAIGHT,,999.00,0.00,0.0,-0.7,4311
36.65,-12.338,0.129,100.6,-0.01,CLEAR(조향OFF)|STRAIGHT,,999.00,0.00,0.0,-0.7,4328
36.70,-12.338,0.129,100.6,-0.01,CLEAR(조향OFF)|STRAIGHT,,999.00,0.00,0.0,-0.7,4311
36.75,-12.339,0.131,100.6,0.02,CLEAR(조향OFF)|STRAIGHT,,999.00,0.00,0.0,-0.8,4311
36.80,-12.339,0.131,100.6,0.02,CLEAR(조향OFF)|STRAIGHT,,999.00,0.00,0.0,-0.7,4311
36.85,-12.337,0.129,100.6,-0.02,CLEAR(조향OFF)|STRAIGHT,,999.00,0.00,0.0,-0.7,4311
36.90,-12.337,0.129,100.6,-0.02,CLEAR(조향OFF)|STRAIGHT,,999.00,0.00,0.0,-0.7,4311
36.95,-12.340,0.130,100.6,0.01,CLEAR(조향OFF)|STRAIGHT,,999.00,0.00,0.0,-0.8,4328
37.00,-12.340,0.130,100.6,0.01,CLEAR(조향OFF)|STRAIGHT,,999.00,0.00,0.0,-0.7,4311
37.05,-12.339,0.132,100.6,0.02,CLEAR(조향OFF)|STRAIGHT,,999.00,0.00,0.0,-0.7,4328
37.10,-12.339,0.132,100.6,0.02,CLEAR(조향OFF)|STRAIGHT,,999.00,0.00,0.0,-0.7,4311
37.15,-12.338,0.129,100.6,-0.03,CLEAR(조향OFF)|STRAIGHT,,999.00,0.00,0.0,-0.8,4311
37.20,-12.338,0.129,100.6,-0.03,CLEAR(조향OFF)|STRAIGHT,,999.00,0.00,0.0,-0.6,4311
37.25,-12.339,0.127,100.6,-0.02,CLEAR(조향OFF)|STRAIGHT,,999.00,0.00,0.0,-0.8,4311
37.30,-12.339,0.127,100.6,-0.02,CLEAR(조향OFF)|STRAIGHT,,999.00,0.00,0.0,-0.8,4311
37.35,-12.336,0.129,100.6,0.01,CLEAR(조향OFF)|STRAIGHT,,999.00,0.00,0.0,-0.7,4311
37.40,-12.336,0.129,100.6,0.01,CLEAR(조향OFF)|STRAIGHT,,999.00,0.00,0.0,-0.7,4328
37.45,-12.337,0.128,100.6,-0.01,CLEAR(조향OFF)|STRAIGHT,,999.00,0.00,0.0,-0.7,4311
37.50,-12.337,0.128,100.6,-0.01,CLEAR(조향OFF)|STRAIGHT,,999.00,0.00,0.0,-0.7,4328
37.55,-12.336,0.129,100.6,0.01,CLEAR(조향OFF)|STRAIGHT,,999.00,0.00,0.0,-0.8,4311
37.60,-12.336,0.129,100.6,0.01,CLEAR(조향OFF)|STRAIGHT,,999.00,0.00,0.0,-0.7,4311
37.65,-12.339,0.131,100.6,0.02,CLEAR(조향OFF)|STRAIGHT,,999.00,0.00,0.0,-0.7,4311
37.70,-12.339,0.131,100.6,0.02,CLEAR(조향OFF)|STRAIGHT,,999.00,0.00,0.0,-0.7,4328
37.75,-12.337,0.130,100.6,-0.01,CLEAR(조향OFF)|STRAIGHT,,999.00,0.00,0.0,-0.7,4328
37.80,-12.337,0.130,100.6,-0.01,CLEAR(조향OFF)|STRAIGHT,,999.00,0.00,0.0,-0.7,4311
37.85,-12.337,0.129,100.6,-0.01,CLEAR(조향OFF)|STRAIGHT,,999.00,0.00,0.0,-0.7,4328
37.90,-12.337,0.129,100.6,-0.01,CLEAR(조향OFF)|STRAIGHT,,999.00,0.00,0.0,-0.7,4311
37.95,-12.336,0.130,100.6,0.01,CLEAR(조향OFF)|STRAIGHT,,999.00,0.00,0.0,-0.7,4328
38.00,-12.336,0.130,100.6,0.01,CLEAR(조향OFF)|STRAIGHT,,999.00,0.00,0.0,-0.7,4311
38.05,-12.336,0.130,100.6,0.01,CLEAR(조향OFF)|STRAIGHT,,999.00,0.00,0.0,-0.8,4328
38.10,-12.337,0.130,100.6,0.00,CLEAR(조향OFF)|STRAIGHT,,999.00,0.00,0.0,-0.7,4311
38.15,-12.337,0.127,100.6,-0.04,CLEAR(조향OFF)|STRAIGHT,,999.00,0.00,0.0,-0.7,4311
38.20,-12.337,0.127,100.6,-0.04,CLEAR(조향OFF)|STRAIGHT,,999.00,0.00,0.0,-0.7,4311
38.25,-12.337,0.127,100.6,-0.04,CLEAR(조향OFF)|STRAIGHT,,999.00,0.00,0.0,-0.7,4311
38.30,-12.339,0.130,100.6,0.03,CLEAR(조향OFF)|STRAIGHT,,999.00,0.00,0.0,-0.7,4311
38.35,-12.339,0.130,100.6,0.03,CLEAR(조향OFF)|STRAIGHT,,999.00,0.00,0.0,-0.7,4328
38.40,-12.339,0.130,100.6,0.03,CLEAR(조향OFF)|STRAIGHT,,999.00,0.00,0.0,-0.7,4311
38.45,-12.340,0.131,100.6,0.00,CLEAR(조향OFF)|STRAIGHT,,999.00,0.00,0.0,-0.7,4311
38.50,-12.340,0.131,100.6,0.00,CLEAR(조향OFF)|STRAIGHT,,999.00,0.00,0.0,-0.7,4328
38.55,-12.339,0.132,100.6,0.01,CLEAR(조향OFF)|STRAIGHT,,999.00,0.00,0.0,-0.7,4328
38.60,-12.339,0.132,100.6,0.01,CLEAR(조향OFF)|STRAIGHT,,999.00,0.00,0.0,-0.7,4311
38.65,-12.338,0.131,100.6,-0.01,CLEAR(조향OFF)|STRAIGHT,,999.00,0.00,0.0,-0.7,4311
38.70,-12.338,0.131,100.6,-0.01,CLEAR(조향OFF)|STRAIGHT,,999.00,0.00,0.0,-0.7,4328
38.75,-12.338,0.130,100.6,-0.01,CLEAR(조향OFF)|STRAIGHT,,999.00,0.00,0.0,-0.7,4311
38.80,-12.338,0.130,100.6,-0.01,CLEAR(조향OFF)|STRAIGHT,,999.00,0.00,0.0,-0.7,4311
38.85,-12.339,0.130,100.6,-0.00,CLEAR(조향OFF)|STRAIGHT,,999.00,0.00,0.0,-0.8,4328
38.90,-12.339,0.130,100.6,-0.00,CLEAR(조향OFF)|STRAIGHT,,999.00,0.00,0.0,-0.8,4311
38.95,-12.338,0.130,100.6,-0.00,CLEAR(조향OFF)|STRAIGHT,,999.00,0.00,0.0,-0.7,4311
39.00,-12.338,0.130,100.6,-0.00,CLEAR(조향OFF)|STRAIGHT,,999.00,0.00,0.0,-0.7,4311
39.05,-12.339,0.130,100.6,-0.00,CLEAR(조향OFF)|STRAIGHT,,999.00,0.00,0.0,-0.7,4311
39.10,-12.339,0.130,100.6,-0.00,CLEAR(조향OFF)|STRAIGHT,,999.00,0.00,0.0,-0.7,4311
39.15,-12.339,0.131,100.6,0.01,CLEAR(조향OFF)|STRAIGHT,,999.00,0.00,0.0,-0.7,4311
39.20,-12.339,0.131,100.6,0.01,CLEAR(조향OFF)|STRAIGHT,,999.00,0.00,0.0,-0.7,4328
39.25,-12.338,0.128,100.6,-0.03,CLEAR(조향OFF)|STRAIGHT,,999.00,0.00,0.0,-0.8,4311
39.30,-12.338,0.128,100.6,-0.03,CLEAR(조향OFF)|STRAIGHT,,999.00,0.00,0.0,-0.7,4311
39.35,-12.338,0.128,100.6,0.00,CLEAR(조향OFF)|STRAIGHT,,999.00,0.00,0.0,-0.7,4311
39.40,-12.338,0.128,100.6,0.00,CLEAR(조향OFF)|STRAIGHT,,999.00,0.00,0.0,-0.7,4311
39.45,-12.338,0.132,100.6,0.03,CLEAR(조향OFF)|STRAIGHT,,999.00,0.00,0.0,-0.7,4328
39.50,-12.338,0.132,100.6,0.03,CLEAR(조향OFF)|STRAIGHT,,999.00,0.00,0.0,-0.7,4295
39.55,-12.337,0.129,100.6,-0.03,CLEAR(조향OFF)|STRAIGHT,,999.00,0.00,0.0,-0.7,4311
39.60,-12.337,0.129,100.6,-0.03,CLEAR(조향OFF)|STRAIGHT,,999.00,0.00,0.0,-0.7,4311
39.65,-12.340,0.130,100.6,0.01,CLEAR(조향OFF)|STRAIGHT,,999.00,0.00,0.0,-0.7,4311
39.70,-12.340,0.130,100.6,0.01,CLEAR(조향OFF)|STRAIGHT,,999.00,0.00,0.0,-0.7,4328
39.75,-12.338,0.132,100.6,0.02,CLEAR(조향OFF)|STRAIGHT,,999.00,0.00,0.0,-0.7,4311
39.80,-12.338,0.132,100.6,0.02,CLEAR(조향OFF)|STRAIGHT,,999.00,0.00,0.0,-0.8,4328
39.85,-12.339,0.129,100.6,-0.02,CLEAR(조향OFF)|STRAIGHT,,999.00,0.00,0.0,-0.7,4311
39.90,-12.339,0.129,100.6,-0.02,CLEAR(조향OFF)|STRAIGHT,,999.00,0.00,0.0,-0.7,4311
39.95,-12.342,0.128,100.6,-0.01,CLEAR(조향OFF)|STRAIGHT,,999.00,0.00,0.0,-0.7,4311
40.00,-12.342,0.128,100.6,-0.01,CLEAR(조향OFF)|STRAIGHT,,999.00,0.00,0.0,-0.7,4328
40.05,-12.342,0.128,100.6,-0.01,CLEAR(조향OFF)|STRAIGHT,,999.00,0.00,0.0,-0.8,4311
40.10,-12.341,0.130,100.6,0.01,CLEAR(조향OFF)|STRAIGHT,,999.00,0.00,0.0,-0.8,4311
40.15,-12.341,0.130,100.6,0.01,CLEAR(조향OFF)|STRAIGHT,,999.00,0.00,0.0,-0.7,4328
40.20,-12.341,0.130,100.6,0.01,CLEAR(조향OFF)|STRAIGHT,,999.00,0.00,0.0,-0.7,4328
40.25,-12.340,0.132,100.6,0.01,CLEAR(조향OFF)|STRAIGHT,,999.00,0.00,0.0,-0.7,4311
40.30,-12.340,0.132,100.6,0.01,CLEAR(조향OFF)|STRAIGHT,,999.00,0.00,0.0,-0.8,4328
40.35,-12.345,0.133,100.6,0.02,CLEAR(조향OFF)|STRAIGHT,,999.00,0.00,0.0,-0.7,4311
40.40,-12.345,0.133,100.6,0.02,CLEAR(조향OFF)|STRAIGHT,,999.00,0.00,0.0,-0.7,4328
40.45,-12.347,0.133,100.6,0.00,CLEAR(조향OFF)|STRAIGHT,,999.00,0.00,0.0,-0.7,4311
40.50,-12.347,0.133,100.6,0.00,CLEAR(조향OFF)|STRAIGHT,,999.00,0.00,0.0,-0.7,4328
40.55,-12.341,0.129,100.6,-0.05,CLEAR(조향OFF)|STRAIGHT,,999.00,0.00,0.0,-0.7,4311
40.60,-12.341,0.129,100.6,-0.05,CLEAR(조향OFF)|STRAIGHT,,999.00,0.00,0.0,-0.7,4328
40.65,-12.334,0.122,100.6,-0.08,CLEAR(조향OFF)|STRAIGHT,,999.00,0.00,0.0,-0.8,4311
40.70,-12.334,0.122,100.6,-0.08,CLEAR(조향OFF)|STRAIGHT,,999.00,0.00,0.0,-0.7,4311
40.75,-12.342,0.125,100.6,0.04,CLEAR(조향OFF)|STRAIGHT,,999.00,0.00,0.0,-0.8,4328
40.80,-12.342,0.125,100.6,0.04,CLEAR(조향OFF)|STRAIGHT,,999.00,0.00,0.0,-0.7,4328
40.85,-12.339,0.125,100.6,-0.00,CLEAR(조향OFF)|STRAIGHT,,999.00,0.00,0.0,-0.7,4328
40.90,-12.339,0.125,100.6,-0.00,CLEAR(조향OFF)|STRAIGHT,,999.00,0.00,0.0,-0.7,4328
40.95,-12.339,0.128,100.6,0.03,CLEAR(조향OFF)|STRAIGHT,,999.00,0.00,0.0,-0.7,4311
41.00,-12.339,0.128,100.6,0.03,CLEAR(조향OFF)|STRAIGHT,,999.00,0.00,0.0,-0.7,4328
41.05,-12.339,0.128,100.6,0.03,CLEAR(조향OFF)|STRAIGHT,,999.00,0.00,0.0,-0.7,4311
41.10,-12.336,0.124,100.6,-0.04,CLEAR(조향OFF)|STRAIGHT,,999.00,0.00,0.0,-0.8,4311
41.15,-12.335,0.124,100.6,0.00,CLEAR(조향OFF)|STRAIGHT,,999.00,0.00,0.0,-0.7,4328
41.20,-12.335,0.124,100.6,0.00,CLEAR(조향OFF)|STRAIGHT,,999.00,0.00,0.0,-0.7,4328
41.25,-12.335,0.120,100.7,-0.04,CLEAR(조향OFF)|STRAIGHT,,999.00,0.00,0.0,-0.7,4311
41.30,-12.335,0.120,100.7,-0.04,CLEAR(조향OFF)|STRAIGHT,,999.00,0.00,0.0,-0.7,4328
41.35,-12.341,0.123,100.7,0.04,CLEAR(조향OFF)|STRAIGHT,,999.00,0.00,0.0,-0.7,4311
41.40,-12.341,0.123,100.6,0.04,CLEAR(조향OFF)|STRAIGHT,,999.00,0.00,0.0,-0.7,4311
41.45,-12.340,0.119,100.6,-0.04,CLEAR(조향OFF)|STRAIGHT,,999.00,0.00,0.0,-0.8,4328
41.50,-12.340,0.119,100.6,-0.04,CLEAR(조향OFF)|STRAIGHT,,999.00,0.00,0.0,-0.7,4311
41.55,-12.345,0.129,100.6,0.10,CLEAR(조향OFF)|STRAIGHT,,999.00,0.00,0.0,-0.7,4328
41.60,-12.345,0.129,100.7,0.10,CLEAR(조향OFF)|STRAIGHT,,999.00,0.00,0.0,-0.7,4311
41.65,-12.349,0.136,100.7,0.09,CLEAR(조향OFF)|STRAIGHT,,999.00,0.00,0.0,-0.7,4311
41.70,-12.349,0.136,100.7,0.09,CLEAR(조향OFF)|STRAIGHT,,999.00,0.00,0.0,-0.7,4311
41.75,-12.340,0.130,100.7,-0.08,CLEAR(조향OFF)|STRAIGHT,,999.00,0.00,0.0,-0.8,4328
41.80,-12.340,0.130,100.7,-0.08,CLEAR(조향OFF)|STRAIGHT,,999.00,0.00,0.0,-0.7,4311
41.85,-12.342,0.131,100.7,0.01,CLEAR(조향OFF)|STRAIGHT,,999.00,0.00,0.0,-0.7,4311
41.90,-12.342,0.131,100.7,0.01,CLEAR(조향OFF)|STRAIGHT,,999.00,0.00,0.0,-0.7,4328
41.95,-12.339,0.131,100.7,-0.00,CLEAR(조향OFF)|STRAIGHT,,999.00,0.00,0.0,-0.7,4328
42.00,-12.339,0.131,100.7,-0.00,CLEAR(조향OFF)|STRAIGHT,,999.00,0.00,0.0,-0.7,4311
42.05,-12.339,0.131,100.7,-0.00,CLEAR(조향OFF)|STRAIGHT,,999.00,0.00,0.0,-0.7,4311
42.10,-12.337,0.129,100.7,-0.02,CLEAR(조향OFF)|STRAIGHT,,999.00,0.00,0.0,-0.8,4311
42.15,-12.341,0.130,100.7,0.02,CLEAR(조향OFF)|STRAIGHT,,999.00,0.00,0.0,-0.7,4328
42.20,-12.341,0.130,100.7,0.02,CLEAR(조향OFF)|STRAIGHT,,999.00,0.00,0.0,-0.7,4311
42.25,-12.341,0.130,100.7,-0.00,CLEAR(조향OFF)|STRAIGHT,,999.00,0.00,0.0,-0.8,4311
42.30,-12.341,0.130,100.6,-0.00,CLEAR(조향OFF)|STRAIGHT,,999.00,0.00,0.0,-0.7,4328
42.35,-12.344,0.130,100.7,0.01,CLEAR(조향OFF)|STRAIGHT,,999.00,0.00,0.0,-0.7,4311
42.40,-12.344,0.130,100.6,0.01,CLEAR(조향OFF)|STRAIGHT,,999.00,0.00,0.0,-0.7,4328
42.45,-12.344,0.130,100.6,0.00,CLEAR(조향OFF)|STRAIGHT,,999.00,0.00,0.0,-0.7,4311
42.50,-12.344,0.130,100.7,0.00,CLEAR(조향OFF)|STRAIGHT,,999.00,0.00,0.0,-0.7,4311
42.55,-12.342,0.131,100.7,0.00,CLEAR(조향OFF)|STRAIGHT,,999.00,0.00,0.0,-0.7,4311
42.60,-12.342,0.131,100.7,0.00,CLEAR(조향OFF)|STRAIGHT,,999.00,0.00,0.0,-0.7,4311
42.65,-12.344,0.131,100.7,0.01,CLEAR(조향OFF)|STRAIGHT,,999.00,0.00,0.0,-0.7,4328
42.70,-12.344,0.131,100.7,0.01,CLEAR(조향OFF)|STRAIGHT,,999.00,0.00,0.0,-0.7,4311
42.75,-12.341,0.131,100.7,-0.01,CLEAR(조향OFF)|STRAIGHT,,999.00,0.00,0.0,-0.7,4311
42.80,-12.341,0.131,100.7,-0.01,CLEAR(조향OFF)|STRAIGHT,,999.00,0.00,0.0,-0.7,4311
42.85,-12.344,0.131,100.7,0.01,CLEAR(조향OFF)|STRAIGHT,,999.00,0.00,0.0,-0.7,4328
42.90,-12.344,0.131,100.7,0.01,CLEAR(조향OFF)|STRAIGHT,,999.00,0.00,0.0,-0.8,4328
42.95,-12.344,0.133,100.7,0.01,CLEAR(조향OFF)|STRAIGHT,,999.00,0.00,0.0,-0.7,4311
43.00,-12.344,0.133,100.7,0.01,CLEAR(조향OFF)|STRAIGHT,,999.00,0.00,0.0,-0.7,4311
43.05,-12.342,0.129,100.7,-0.03,CLEAR(조향OFF)|STRAIGHT,,999.00,0.00,0.0,-0.7,4311
43.10,-12.342,0.129,100.7,-0.03,CLEAR(조향OFF)|STRAIGHT,,999.00,0.00,0.0,-0.7,4328
43.15,-12.345,0.130,100.7,0.02,CLEAR(조향OFF)|STRAIGHT,,999.00,0.00,0.0,-0.7,4311
43.20,-12.345,0.130,100.7,0.02,CLEAR(조향OFF)|STRAIGHT,,999.00,0.00,0.0,-0.7,4311
43.25,-12.348,0.135,100.7,0.05,CLEAR(조향OFF)|STRAIGHT,,999.00,0.00,0.0,-0.8,4328
43.30,-12.348,0.135,100.7,0.05,CLEAR(조향OFF)|STRAIGHT,,999.00,0.00,0.0,-0.7,4328
43.35,-12.349,0.135,100.7,0.00,CLEAR(조향OFF)|STRAIGHT,,999.00,0.00,0.0,-0.7,4311
43.40,-12.349,0.135,100.7,0.00,CLEAR(조향OFF)|STRAIGHT,,999.00,0.00,0.0,-0.7,4311
43.45,-12.350,0.136,100.7,0.01,CLEAR(조향OFF)|STRAIGHT,,999.00,0.00,0.0,-0.7,4311
43.50,-12.350,0.136,100.7,0.01,CLEAR(조향OFF)|STRAIGHT,,999.00,0.00,0.0,-0.7,4328
43.55,-12.350,0.133,100.7,-0.03,CLEAR(조향OFF)|STRAIGHT,,999.00,0.00,0.0,-0.7,4328
43.60,-12.350,0.133,100.7,-0.03,CLEAR(조향OFF)|STRAIGHT,,999.00,0.00,0.0,-0.7,4295
43.65,-12.347,0.131,100.7,-0.03,CLEAR(조향OFF)|STRAIGHT,,999.00,0.00,0.0,-0.7,4328
43.70,-12.347,0.131,100.7,-0.03,CLEAR(조향OFF)|STRAIGHT,,999.00,0.00,0.0,-0.7,4328
43.75,-12.346,0.128,100.7,-0.03,CLEAR(조향OFF)|STRAIGHT,,999.00,0.00,0.0,-0.7,4311
43.80,-12.346,0.128,100.7,-0.03,CLEAR(조향OFF)|STRAIGHT,,999.00,0.00,0.0,-0.7,4311
43.85,-12.345,0.131,100.7,0.03,CLEAR(조향OFF)|STRAIGHT,,999.00,0.00,0.0,-0.7,4311
43.90,-12.345,0.131,100.7,0.03,CLEAR(조향OFF)|STRAIGHT,,999.00,0.00,0.0,-0.7,4311
43.95,-12.341,0.128,100.7,-0.03,CLEAR(조향OFF)|STRAIGHT,,999.00,0.00,0.0,-0.7,4311
44.00,-12.341,0.128,100.7,-0.03,CLEAR(조향OFF)|STRAIGHT,,999.00,0.00,0.0,-0.7,4328
44.05,-12.343,0.128,100.7,0.00,CLEAR(조향OFF)|STRAIGHT,,999.00,0.00,0.0,-0.7,4311
44.10,-12.343,0.128,100.7,0.00,CLEAR(조향OFF)|STRAIGHT,,999.00,0.00,0.0,-0.7,4311
44.15,-12.346,0.128,100.7,0.01,CLEAR(조향OFF)|STRAIGHT,,999.00,0.00,0.0,-0.7,4311
44.20,-12.346,0.128,100.7,0.01,CLEAR(조향OFF)|STRAIGHT,,999.00,0.00,0.0,-0.7,4311
44.25,-12.341,0.129,100.7,-0.01,CLEAR(조향OFF)|STRAIGHT,,999.00,0.00,0.0,-0.7,4311
44.30,-12.341,0.129,100.7,-0.01,CLEAR(조향OFF)|STRAIGHT,,999.00,0.00,0.0,-0.7,4311
44.35,-12.339,0.128,100.7,-0.01,CLEAR(조향OFF)|STRAIGHT,,999.00,0.00,0.0,-0.6,4295
44.40,-12.339,0.128,100.7,-0.01,CLEAR(조향OFF)|STRAIGHT,,999.00,0.00,0.0,-0.7,4311
44.45,-12.344,0.128,100.7,0.01,CLEAR(조향OFF)|STRAIGHT,,999.00,0.00,0.0,-0.7,4311
44.50,-12.344,0.128,100.7,0.01,CLEAR(조향OFF)|STRAIGHT,,999.00,0.00,0.0,-0.7,4311
44.55,-12.340,0.129,100.7,0.01,CLEAR(조향OFF)|STRAIGHT,,999.00,0.00,0.0,-0.7,4311
44.60,-12.340,0.129,100.7,0.01,CLEAR(조향OFF)|STRAIGHT,,999.00,0.00,0.0,-0.7,4311
44.65,-12.344,0.133,100.7,0.04,CLEAR(조향OFF)|STRAIGHT,,999.00,0.00,0.0,-0.6,4311
44.70,-12.344,0.133,100.7,0.04,CLEAR(조향OFF)|STRAIGHT,,999.00,0.00,0.0,-0.8,4311
44.75,-12.341,0.128,100.7,-0.05,CLEAR(조향OFF)|STRAIGHT,,999.00,0.00,0.0,-0.7,4311
44.80,-12.341,0.128,100.7,-0.05,CLEAR(조향OFF)|STRAIGHT,,999.00,0.00,0.0,-0.6,4311
44.85,-12.340,0.128,100.7,-0.00,CLEAR(조향OFF)|STRAIGHT,,999.00,0.00,0.0,-0.8,4311
44.90,-12.340,0.128,100.7,-0.00,CLEAR(조향OFF)|STRAIGHT,,999.00,0.00,0.0,-0.7,4311
44.95,-12.340,0.130,100.7,0.02,CLEAR(조향OFF)|STRAIGHT,,999.00,0.00,0.0,-0.7,4311
45.00,-12.340,0.130,100.7,0.02,CLEAR(조향OFF)|STRAIGHT,,999.00,0.00,0.0,-0.7,4311
45.05,-12.340,0.130,100.7,0.02,CLEAR(조향OFF)|STRAIGHT,,999.00,0.00,0.0,-0.7,4311
45.10,-12.340,0.135,100.7,0.04,CLEAR(조향OFF)|STRAIGHT,,999.00,0.00,0.0,-0.7,4311
45.15,-12.342,0.134,100.7,-0.01,CLEAR(조향OFF)|STRAIGHT,,999.00,0.00,0.0,-0.7,4311
45.20,-12.342,0.134,100.7,-0.01,CLEAR(조향OFF)|STRAIGHT,,999.00,0.00,0.0,-0.7,4311
45.25,-12.342,0.135,100.7,0.01,CLEAR(조향OFF)|STRAIGHT,,999.00,0.00,0.0,-0.7,4311
45.30,-12.342,0.135,100.7,0.01,CLEAR(조향OFF)|STRAIGHT,,999.00,0.00,0.0,-0.7,4328
45.35,-12.341,0.133,100.7,-0.02,CLEAR(조향OFF)|STRAIGHT,,999.00,0.00,0.0,-0.7,4295
45.40,-12.341,0.133,100.7,-0.02,CLEAR(조향OFF)|STRAIGHT,,999.00,0.00,0.0,-0.7,4328
45.45,-12.343,0.131,100.7,-0.01,CLEAR(조향OFF)|STRAIGHT,,999.00,0.00,0.0,-0.7,4311
45.50,-12.343,0.131,100.7,-0.01,CLEAR(조향OFF)|STRAIGHT,,999.00,0.00,0.0,-0.7,4328
45.55,-12.344,0.131,100.7,0.01,CLEAR(조향OFF)|STRAIGHT,,999.00,0.00,0.0,-0.7,4311
45.60,-12.344,0.131,100.7,0.01,CLEAR(조향OFF)|STRAIGHT,,999.00,0.00,0.0,-0.7,4311
45.65,-12.342,0.131,100.7,-0.01,CLEAR(조향OFF)|STRAIGHT,,999.00,0.00,0.0,-0.7,4328
45.70,-12.342,0.131,100.7,-0.01,CLEAR(조향OFF)|STRAIGHT,,999.00,0.00,0.0,-0.7,4311
45.75,-12.345,0.130,100.7,-0.00,CLEAR(조향OFF)|STRAIGHT,,999.00,0.00,0.0,-0.8,4311
45.80,-12.345,0.130,100.7,-0.00,CLEAR(조향OFF)|STRAIGHT,,999.00,0.00,0.0,-0.7,4328
45.85,-12.344,0.126,100.7,-0.04,CLEAR(조향OFF)|STRAIGHT,,999.00,0.00,0.0,-0.7,4311
45.90,-12.344,0.126,100.7,-0.04,CLEAR(조향OFF)|STRAIGHT,,999.00,0.00,0.0,-0.8,4311
45.95,-12.341,0.128,100.7,0.01,CLEAR(조향OFF)|STRAIGHT,,999.00,0.00,0.0,-0.7,4311
46.00,-12.341,0.128,100.7,0.01,CLEAR(조향OFF)|STRAIGHT,,999.00,0.00,0.0,-0.7,4311
46.05,-12.341,0.128,100.7,0.01,CLEAR(조향OFF)|STRAIGHT,,999.00,0.00,0.0,-0.8,4295
46.10,-12.340,0.128,100.7,0.00,CLEAR(조향OFF)|STRAIGHT,,999.00,0.00,0.0,-0.7,4311
46.15,-12.340,0.128,100.7,0.00,CLEAR(조향OFF)|STRAIGHT,,999.00,0.00,0.0,-0.8,4311
46.20,-12.340,0.128,100.7,0.00,CLEAR(조향OFF)|STRAIGHT,,999.00,0.00,0.0,-0.8,4311
46.25,-12.339,0.125,100.7,-0.02,CLEAR(조향OFF)|STRAIGHT,,999.00,0.00,0.0,-0.7,4311
46.30,-12.339,0.125,100.7,-0.02,CLEAR(조향OFF)|STRAIGHT,,999.00,0.00,0.0,-0.5,4311
46.35,-12.342,0.129,100.7,0.04,CLEAR(조향OFF)|STRAIGHT,,999.00,0.00,0.0,-0.7,4311
46.40,-12.342,0.129,100.7,0.04,CLEAR(조향OFF)|STRAIGHT,,999.00,0.00,0.0,-0.7,4328
46.45,-12.340,0.129,100.7,-0.00,CLEAR(조향OFF)|STRAIGHT,,999.00,0.00,0.0,-0.7,4311
46.50,-12.340,0.129,100.7,-0.00,CLEAR(조향OFF)|STRAIGHT,,999.00,0.00,0.0,-0.7,4311
46.55,-12.340,0.127,100.7,-0.02,CLEAR(조향OFF)|STRAIGHT,,999.00,0.00,0.0,-0.7,4311
46.60,-12.340,0.127,100.7,-0.02,CLEAR(조향OFF)|STRAIGHT,,999.00,0.00,0.0,-0.7,4328
46.65,-12.340,0.123,100.7,-0.04,CLEAR(조향OFF)|STRAIGHT,,999.00,0.00,0.0,-0.7,4311
46.70,-12.340,0.123,100.7,-0.04,CLEAR(조향OFF)|STRAIGHT,,999.00,0.00,0.0,-0.7,4311
46.75,-12.338,0.125,100.7,0.01,CLEAR(조향OFF)|STRAIGHT,,999.00,0.00,0.0,-0.8,4328
46.80,-12.338,0.125,100.7,0.01,CLEAR(조향OFF)|STRAIGHT,,999.00,0.00,0.0,-0.7,4328
46.85,-12.344,0.125,100.7,0.01,CLEAR(조향OFF)|STRAIGHT,,999.00,0.00,0.0,-0.7,4311
46.90,-12.344,0.125,100.7,0.01,CLEAR(조향OFF)|STRAIGHT,,999.00,0.00,0.0,-0.7,4328
46.95,-12.341,0.126,100.7,-0.00,CLEAR(조향OFF)|STRAIGHT,,999.00,0.00,0.0,-0.8,4311
47.00,-12.341,0.126,100.7,-0.00,CLEAR(조향OFF)|STRAIGHT,,999.00,0.00,0.0,-0.8,4328
47.05,-12.341,0.126,100.7,-0.00,CLEAR(조향OFF)|STRAIGHT,,999.00,0.00,0.0,-0.7,4311
47.10,-12.338,0.125,100.7,-0.01,CLEAR(조향OFF)|STRAIGHT,,999.00,0.00,0.0,-0.7,4328
47.15,-12.345,0.129,100.7,0.07,CLEAR(조향OFF)|STRAIGHT,,999.00,0.00,0.0,-0.7,4311
47.20,-12.345,0.129,100.7,0.07,CLEAR(조향OFF)|STRAIGHT,,999.00,0.00,0.0,-0.7,4311
47.25,-12.345,0.129,100.7,0.00,CLEAR(조향OFF)|STRAIGHT,,999.00,0.00,0.0,-0.7,4328
47.30,-12.345,0.129,100.7,0.00,CLEAR(조향OFF)|STRAIGHT,,999.00,0.00,0.0,-0.8,4311
47.35,-12.341,0.127,100.7,-0.03,CLEAR(조향OFF)|STRAIGHT,,999.00,0.00,0.0,-0.7,4311
47.40,-12.341,0.127,100.7,-0.03,CLEAR(조향OFF)|STRAIGHT,,999.00,0.00,0.0,-0.7,4311
47.45,-12.339,0.124,100.7,-0.03,CLEAR(조향OFF)|STRAIGHT,,999.00,0.00,0.0,-0.7,4295
47.50,-12.339,0.124,100.7,-0.03,CLEAR(조향OFF)|STRAIGHT,,999.00,0.00,0.0,-0.7,4311
47.55,-12.339,0.126,100.7,0.02,CLEAR(조향OFF)|STRAIGHT,,999.00,0.00,0.0,-0.7,4311
47.60,-12.339,0.126,100.7,0.02,CLEAR(조향OFF)|STRAIGHT,,999.00,0.00,0.0,-0.7,4311
47.65,-12.338,0.125,100.7,-0.01,CLEAR(조향OFF)|STRAIGHT,,999.00,0.00,0.0,-0.7,4311
47.70,-12.338,0.125,100.7,-0.01,CLEAR(조향OFF)|STRAIGHT,,999.00,0.00,0.0,-0.8,4328
47.75,-12.339,0.126,100.7,0.01,CLEAR(조향OFF)|STRAIGHT,,999.00,0.00,0.0,-0.8,4311
47.80,-12.339,0.126,100.7,0.01,CLEAR(조향OFF)|STRAIGHT,,999.00,0.00,0.0,-0.7,4311
47.85,-12.342,0.129,100.7,0.03,CLEAR(조향OFF)|STRAIGHT,,999.00,0.00,0.0,-0.7,4311
47.90,-12.342,0.129,100.7,0.03,CLEAR(조향OFF)|STRAIGHT,,999.00,0.00,0.0,-0.8,4311
47.95,-12.344,0.128,100.7,-0.01,CLEAR(조향OFF)|STRAIGHT,,999.00,0.00,0.0,-0.8,4311
48.00,-12.344,0.128,100.7,-0.01,CLEAR(조향OFF)|STRAIGHT,,999.00,0.00,0.0,-0.7,4311
48.05,-12.344,0.128,100.7,-0.01,CLEAR(조향OFF)|STRAIGHT,,999.00,0.00,0.0,-0.7,4311
48.10,-12.344,0.129,100.7,0.01,CLEAR(조향OFF)|STRAIGHT,,999.00,0.00,0.0,-0.7,4311
48.15,-12.344,0.129,100.7,0.01,CLEAR(조향OFF)|STRAIGHT,,999.00,0.00,0.0,-0.6,4328
48.20,-12.344,0.129,100.7,0.01,CLEAR(조향OFF)|STRAIGHT,,999.00,0.00,0.0,-0.7,4311
48.25,-12.341,0.129,100.7,-0.00,CLEAR(조향OFF)|STRAIGHT,,999.00,0.00,0.0,-0.7,4328
48.30,-12.341,0.129,100.7,-0.00,CLEAR(조향OFF)|STRAIGHT,,999.00,0.00,0.0,-0.7,4328
48.35,-12.340,0.128,100.7,-0.01,CLEAR(조향OFF)|STRAIGHT,,999.00,0.00,0.0,-0.7,4295
48.40,-12.340,0.128,100.7,-0.01,CLEAR(조향OFF)|STRAIGHT,,999.00,0.00,0.0,-0.7,4311
48.45,-12.339,0.126,100.7,-0.02,CLEAR(조향OFF)|STRAIGHT,,999.00,0.00,0.0,-0.7,4328
48.50,-12.339,0.126,100.7,-0.02,CLEAR(조향OFF)|STRAIGHT,,999.00,0.00,0.0,-0.7,4311
48.55,-12.340,0.127,100.7,0.01,CLEAR(조향OFF)|STRAIGHT,,999.00,0.00,0.0,-0.7,4311
48.60,-12.340,0.127,100.7,0.01,CLEAR(조향OFF)|STRAIGHT,,999.00,0.00,0.0,-0.6,4311
48.65,-12.338,0.126,100.7,-0.02,CLEAR(조향OFF)|STRAIGHT,,999.00,0.00,0.0,-0.8,4328
48.70,-12.338,0.126,100.7,-0.02,CLEAR(조향OFF)|STRAIGHT,,999.00,0.00,0.0,-0.7,4328
48.75,-12.337,0.128,100.7,0.03,CLEAR(조향OFF)|STRAIGHT,,999.00,0.00,0.0,-0.7,4311
48.80,-12.337,0.128,100.7,0.03,CLEAR(조향OFF)|STRAIGHT,,999.00,0.00,0.0,-0.7,4328
48.85,-12.337,0.129,100.7,0.00,CLEAR(조향OFF)|STRAIGHT,,999.00,0.00,0.0,-0.6,4328
48.90,-12.337,0.129,100.7,0.00,CLEAR(조향OFF)|STRAIGHT,,999.00,0.00,0.0,-0.7,4295
48.95,-12.336,0.128,100.7,-0.00,CLEAR(조향OFF)|STRAIGHT,,999.00,0.00,0.0,-0.7,4328
49.00,-12.336,0.128,100.7,-0.00,CLEAR(조향OFF)|STRAIGHT,,999.00,0.00,0.0,-0.7,4328
49.05,-12.336,0.128,100.7,-0.00,CLEAR(조향OFF)|STRAIGHT,,999.00,0.00,0.0,-0.7,4311
49.10,-12.336,0.127,100.7,-0.01,CLEAR(조향OFF)|STRAIGHT,,999.00,0.00,0.0,-0.7,4328
49.15,-12.336,0.129,100.7,0.02,CLEAR(조향OFF)|STRAIGHT,,999.00,0.00,0.0,-0.7,4311
49.20,-12.336,0.129,100.7,0.02,CLEAR(조향OFF)|STRAIGHT,,999.00,0.00,0.0,-0.7,4311
49.25,-12.336,0.129,100.7,-0.00,CLEAR(조향OFF)|STRAIGHT,,999.00,0.00,0.0,-0.7,4328
49.30,-12.336,0.129,100.7,-0.00,CLEAR(조향OFF)|STRAIGHT,,999.00,0.00,0.0,-0.7,4328
49.35,-12.337,0.130,100.7,0.01,CLEAR(조향OFF)|STRAIGHT,,999.00,0.00,0.0,-0.6,4328
49.40,-12.337,0.130,100.7,0.01,CLEAR(조향OFF)|STRAIGHT,,999.00,0.00,0.0,-0.7,4328
49.45,-12.336,0.131,100.7,0.01,CLEAR(조향OFF)|STRAIGHT,,999.00,0.00,0.0,-0.7,4311
49.50,-12.336,0.131,100.7,0.01,CLEAR(조향OFF)|STRAIGHT,,999.00,0.00,0.0,-0.7,4311
49.55,-12.338,0.127,100.7,-0.03,CLEAR(조향OFF)|STRAIGHT,,999.00,0.00,0.0,-0.7,4311
49.60,-12.338,0.127,100.7,-0.03,CLEAR(조향OFF)|STRAIGHT,,999.00,0.00,0.0,-0.7,4311
49.65,-12.336,0.132,100.7,0.04,CLEAR(조향OFF)|STRAIGHT,,999.00,0.00,0.0,-0.7,4311
49.70,-12.336,0.132,100.7,0.04,CLEAR(조향OFF)|STRAIGHT,,999.00,0.00,0.0,-0.7,4328
49.75,-12.339,0.130,100.7,-0.02,CLEAR(조향OFF)|STRAIGHT,,999.00,0.00,0.0,-0.8,4328
49.80,-12.339,0.130,100.7,-0.02,CLEAR(조향OFF)|STRAIGHT,,999.00,0.00,0.0,-0.7,4295
49.85,-12.337,0.128,100.7,-0.02,CLEAR(조향OFF)|STRAIGHT,,999.00,0.00,0.0,-0.7,4311
49.90,-12.337,0.128,100.7,-0.02,CLEAR(조향OFF)|STRAIGHT,,999.00,0.00,0.0,-0.7,4311
49.95,-12.336,0.128,100.7,-0.00,CLEAR(조향OFF)|STRAIGHT,,999.00,0.00,0.0,-0.7,4311
50.00,-12.336,0.128,100.7,-0.00,CLEAR(조향OFF)|STRAIGHT,,999.00,0.00,0.0,-0.7,4328
50.05,-12.336,0.128,100.7,-0.00,CLEAR(조향OFF)|STRAIGHT,,999.00,0.00,0.0,-0.7,4311
50.10,-12.336,0.126,100.7,-0.01,CLEAR(조향OFF)|STRAIGHT,,999.00,0.00,0.0,-0.8,4328
50.15,-12.336,0.126,100.7,-0.01,CLEAR(조향OFF)|STRAIGHT,,999.00,0.00,0.0,-0.8,4311
50.20,-12.336,0.126,100.7,-0.01,CLEAR(조향OFF)|STRAIGHT,,999.00,0.00,0.0,-0.7,4311
50.25,-12.336,0.128,100.7,0.01,CLEAR(조향OFF)|STRAIGHT,,999.00,0.00,0.0,-0.7,4328
50.30,-12.336,0.128,100.7,0.01,CLEAR(조향OFF)|STRAIGHT,,999.00,0.00,0.0,-0.8,4311
50.35,-12.337,0.128,100.7,-0.00,CLEAR(조향OFF)|STRAIGHT,,999.00,0.00,0.0,-0.7,4311
50.40,-12.337,0.128,100.7,-0.00,CLEAR(조향OFF)|STRAIGHT,,999.00,0.00,0.0,-0.7,4311
50.45,-12.337,0.126,100.7,-0.02,CLEAR(조향OFF)|STRAIGHT,,999.00,0.00,0.0,-0.7,4311
50.50,-12.337,0.126,100.7,-0.02,CLEAR(조향OFF)|STRAIGHT,,999.00,0.00,0.0,-0.7,4311
50.55,-12.338,0.126,100.7,0.00,CLEAR(조향OFF)|STRAIGHT,,999.00,0.00,0.0,-0.7,4311
50.60,-12.338,0.126,100.7,0.00,CLEAR(조향OFF)|STRAIGHT,,999.00,0.00,0.0,-0.7,4311
50.65,-12.337,0.129,100.7,0.03,CLEAR(조향OFF)|STRAIGHT,,999.00,0.00,0.0,-0.8,4311
50.70,-12.337,0.129,100.7,0.03,CLEAR(조향OFF)|STRAIGHT,,999.00,0.00,0.0,-0.7,4311
50.75,-12.339,0.126,100.7,-0.03,CLEAR(조향OFF)|STRAIGHT,,999.00,0.00,0.0,-0.7,4311
50.80,-12.339,0.126,100.7,-0.03,CLEAR(조향OFF)|STRAIGHT,,999.00,0.00,0.0,-0.8,4311
50.85,-12.343,0.129,100.7,0.04,CLEAR(조향OFF)|STRAIGHT,,999.00,0.00,0.0,-0.7,4311
50.90,-12.343,0.129,100.7,0.04,CLEAR(조향OFF)|STRAIGHT,,999.00,0.00,0.0,-0.7,4311
50.95,-12.343,0.128,100.7,-0.00,CLEAR(조향OFF)|STRAIGHT,,999.00,0.00,0.0,-0.7,4311
51.00,-12.343,0.128,100.7,-0.00,CLEAR(조향OFF)|STRAIGHT,,999.00,0.00,0.0,-0.7,4311
51.05,-12.343,0.128,100.7,-0.00,CLEAR(조향OFF)|STRAIGHT,,999.00,0.00,0.0,-0.7,4295
51.10,-12.346,0.128,100.7,0.00,CLEAR(조향OFF)|STRAIGHT,,999.00,0.00,0.0,-0.8,4328
51.15,-12.343,0.130,100.7,0.02,CLEAR(조향OFF)|STRAIGHT,,999.00,0.00,0.0,-0.7,4328
51.20,-12.343,0.130,100.7,0.02,CLEAR(조향OFF)|STRAIGHT,,999.00,0.00,0.0,-0.7,4328
51.25,-12.343,0.127,100.7,-0.03,CLEAR(조향OFF)|STRAIGHT,,999.00,0.00,0.0,-0.7,4311
51.30,-12.343,0.127,100.7,-0.03,CLEAR(조향OFF)|STRAIGHT,,999.00,0.00,0.0,-0.8,4328
51.35,-12.342,0.126,100.7,-0.01,CLEAR(조향OFF)|STRAIGHT,,999.00,0.00,0.0,-0.7,4311
51.40,-12.342,0.126,100.7,-0.01,CLEAR(조향OFF)|STRAIGHT,,999.00,0.00,0.0,-0.8,4328
51.45,-12.342,0.128,100.7,0.02,CLEAR(조향OFF)|STRAIGHT,,999.00,0.00,0.0,-0.8,4328
51.50,-12.342,0.128,100.7,0.02,CLEAR(조향OFF)|STRAIGHT,,999.00,0.00,0.0,-0.7,4311
51.55,-12.338,0.124,100.7,-0.05,CLEAR(조향OFF)|STRAIGHT,,999.00,0.00,0.0,-0.8,4328
51.60,-12.338,0.124,100.7,-0.05,CLEAR(조향OFF)|STRAIGHT,,999.00,0.00,0.0,-0.8,4328
51.65,-12.338,0.128,100.7,0.04,CLEAR(조향OFF)|STRAIGHT,,999.00,0.00,0.0,-0.7,4311
51.70,-12.338,0.128,100.7,0.04,CLEAR(조향OFF)|STRAIGHT,,999.00,0.00,0.0,-0.7,4328
51.75,-12.336,0.130,100.7,0.02,CLEAR(조향OFF)|STRAIGHT,,999.00,0.00,0.0,-0.7,4328
51.80,-12.336,0.130,100.7,0.02,CLEAR(조향OFF)|STRAIGHT,,999.00,0.00,0.0,-0.7,4328
51.85,-12.341,0.129,100.7,-0.00,CLEAR(조향OFF)|STRAIGHT,,999.00,0.00,0.0,-0.7,4328
51.90,-12.341,0.129,100.7,-0.00,CLEAR(조향OFF)|STRAIGHT,,999.00,0.00,0.0,-0.7,4328
51.95,-12.343,0.130,100.7,0.02,CLEAR(조향OFF)|STRAIGHT,,999.00,0.00,0.0,-0.7,4311
52.00,-12.343,0.130,100.7,0.02,CLEAR(조향OFF)|STRAIGHT,,999.00,0.00,0.0,-0.7,4311
52.05,-12.343,0.130,100.7,0.02,CLEAR(조향OFF)|STRAIGHT,,999.00,0.00,0.0,-0.7,4311
52.10,-12.341,0.127,100.7,-0.03,CLEAR(조향OFF)|STRAIGHT,,999.00,0.00,0.0,-0.7,4311
52.15,-12.341,0.126,100.7,-0.02,CLEAR(조향OFF)|STRAIGHT,,999.00,0.00,0.0,-0.7,4328
52.20,-12.341,0.126,100.7,-0.02,CLEAR(조향OFF)|STRAIGHT,,999.00,0.00,0.0,-0.7,4328
52.25,-12.339,0.126,100.7,0.00,CLEAR(조향OFF)|STRAIGHT,,999.00,0.00,0.0,-0.6,4311
52.30,-12.339,0.126,100.7,0.00,CLEAR(조향OFF)|STRAIGHT,,999.00,0.00,0.0,-0.7,4328
52.35,-12.341,0.126,100.7,-0.00,CLEAR(조향OFF)|STRAIGHT,,999.00,0.00,0.0,-0.7,4328
52.40,-12.341,0.126,100.7,-0.00,CLEAR(조향OFF)|STRAIGHT,,999.00,0.00,0.0,-0.7,4295
52.45,-12.340,0.125,100.7,-0.01,CLEAR(조향OFF)|STRAIGHT,,999.00,0.00,0.0,-0.7,4311
52.50,-12.340,0.125,100.7,-0.01,CLEAR(조향OFF)|STRAIGHT,,999.00,0.00,0.0,-0.7,4311
52.55,-12.340,0.127,100.7,0.01,CLEAR(조향OFF)|STRAIGHT,,999.00,0.00,0.0,-0.8,4311
52.60,-12.340,0.127,100.7,0.01,CLEAR(조향OFF)|STRAIGHT,,999.00,0.00,0.0,-0.7,4328
52.65,-12.340,0.124,100.7,-0.03,CLEAR(조향OFF)|STRAIGHT,,999.00,0.00,0.0,-0.7,4328
52.70,-12.340,0.124,100.7,-0.03,CLEAR(조향OFF)|STRAIGHT,,999.00,0.00,0.0,-0.7,4311
52.75,-12.339,0.124,100.7,-0.00,CLEAR(조향OFF)|STRAIGHT,,999.00,0.00,0.0,-0.7,4328
52.80,-12.339,0.124,100.7,-0.00,CLEAR(조향OFF)|STRAIGHT,,999.00,0.00,0.0,-0.7,4328
52.85,-12.340,0.124,100.7,0.00,CLEAR(조향OFF)|STRAIGHT,,999.00,0.00,0.0,-0.8,4311
52.90,-12.340,0.124,100.7,0.00,CLEAR(조향OFF)|STRAIGHT,,999.00,0.00,0.0,-0.7,4328
52.95,-12.338,0.126,100.7,0.02,CLEAR(조향OFF)|STRAIGHT,,999.00,0.00,0.0,-0.6,4328
53.00,-12.338,0.126,100.7,0.02,CLEAR(조향OFF)|STRAIGHT,,999.00,0.00,0.0,-0.7,4311
53.05,-12.338,0.125,100.7,-0.01,CLEAR(조향OFF)|STRAIGHT,,999.00,0.00,0.0,-0.7,4328
53.10,-12.338,0.125,100.7,-0.01,CLEAR(조향OFF)|STRAIGHT,,999.00,0.00,0.0,-0.8,4311
53.15,-12.338,0.124,100.7,-0.01,CLEAR(조향OFF)|STRAIGHT,,999.00,0.00,0.0,-0.7,4328
53.20,-12.338,0.124,100.7,-0.01,CLEAR(조향OFF)|STRAIGHT,,999.00,0.00,0.0,-0.8,4311
53.25,-12.337,0.124,100.7,-0.00,CLEAR(조향OFF)|STRAIGHT,,999.00,0.00,0.0,-0.7,4311
53.30,-12.337,0.124,100.7,-0.00,CLEAR(조향OFF)|STRAIGHT,,999.00,0.00,0.0,-0.7,4328
53.35,-12.339,0.127,100.7,0.03,CLEAR(조향OFF)|STRAIGHT,,999.00,0.00,0.0,-0.7,4311
53.40,-12.339,0.127,100.7,0.03,CLEAR(조향OFF)|STRAIGHT,,999.00,0.00,0.0,-0.7,4328
53.45,-12.338,0.128,100.7,0.01,CLEAR(조향OFF)|STRAIGHT,,999.00,0.00,0.0,-0.7,4311
53.50,-12.338,0.128,100.7,0.01,CLEAR(조향OFF)|STRAIGHT,,999.00,0.00,0.0,-0.7,4311
53.55,-12.340,0.128,100.7,0.01,CLEAR(조향OFF)|STRAIGHT,,999.00,0.00,0.0,-0.7,4311
53.60,-12.340,0.128,100.7,0.01,CLEAR(조향OFF)|STRAIGHT,,999.00,0.00,0.0,-0.7,4311
53.65,-12.343,0.129,100.7,0.01,CLEAR(조향OFF)|STRAIGHT,,999.00,0.00,0.0,-0.7,4311
53.70,-12.343,0.129,100.7,0.01,CLEAR(조향OFF)|STRAIGHT,,999.00,0.00,0.0,-0.8,4311
53.75,-12.342,0.127,100.7,-0.02,CLEAR(조향OFF)|STRAIGHT,,999.00,0.00,0.0,-0.7,4328
53.80,-12.342,0.127,100.7,-0.02,CLEAR(조향OFF)|STRAIGHT,,999.00,0.00,0.0,-0.7,4311
53.85,-12.342,0.126,100.7,-0.02,CLEAR(조향OFF)|STRAIGHT,,999.00,0.00,0.0,-0.7,4311
53.90,-12.342,0.126,100.7,-0.02,CLEAR(조향OFF)|STRAIGHT,,999.00,0.00,0.0,-0.7,4328
53.95,-12.341,0.126,100.7,0.00,CLEAR(조향OFF)|STRAIGHT,,999.00,0.00,0.0,-0.7,4311
54.00,-12.341,0.126,100.7,0.00,CLEAR(조향OFF)|STRAIGHT,,999.00,0.00,0.0,-0.7,4311
54.05,-12.341,0.126,100.7,0.00,CLEAR(조향OFF)|STRAIGHT,,999.00,0.00,0.0,-0.7,4311
54.10,-12.343,0.129,100.7,0.03,CLEAR(조향OFF)|STRAIGHT,,999.00,0.00,0.0,-0.7,4328
54.15,-12.341,0.127,100.7,-0.03,CLEAR(조향OFF)|STRAIGHT,,999.00,0.00,0.0,-0.6,4295
54.20,-12.341,0.127,100.7,-0.03,CLEAR(조향OFF)|STRAIGHT,,999.00,0.00,0.0,-0.8,4311
54.25,-12.341,0.128,100.7,0.01,CLEAR(조향OFF)|STRAIGHT,,999.00,0.00,0.0,-0.7,4311
54.30,-12.341,0.128,100.7,0.01,CLEAR(조향OFF)|STRAIGHT,,999.00,0.00,0.0,-0.7,4311
54.35,-12.341,0.126,100.7,-0.01,CLEAR(조향OFF)|STRAIGHT,,999.00,0.00,0.0,-0.7,4311
54.40,-12.341,0.126,100.7,-0.01,CLEAR(조향OFF)|STRAIGHT,,999.00,0.00,0.0,-0.8,4311
54.45,-12.341,0.129,100.7,0.02,CLEAR(조향OFF)|STRAIGHT,,999.00,0.00,0.0,-0.7,4295
54.50,-12.341,0.129,100.7,0.02,CLEAR(조향OFF)|STRAIGHT,,999.00,0.00,0.0,-0.7,4328
54.55,-12.340,0.130,100.7,0.01,CLEAR(조향OFF)|STRAIGHT,,999.00,0.00,0.0,-0.7,4311
54.60,-12.340,0.130,100.7,0.01,CLEAR(조향OFF)|STRAIGHT,,999.00,0.00,0.0,-0.7,4328
54.65,-12.342,0.127,100.7,-0.02,CLEAR(조향OFF)|STRAIGHT,,999.00,0.00,0.0,-0.7,4311
54.70,-12.342,0.127,100.7,-0.02,CLEAR(조향OFF)|STRAIGHT,,999.00,0.00,0.0,-0.8,4328
54.75,-12.342,0.131,100.7,0.04,CLEAR(조향OFF)|STRAIGHT,,999.00,0.00,0.0,-0.7,4311
54.80,-12.342,0.131,100.7,0.04,CLEAR(조향OFF)|STRAIGHT,,999.00,0.00,0.0,-0.7,4311
54.85,-12.342,0.130,100.7,-0.01,CLEAR(조향OFF)|STRAIGHT,,999.00,0.00,0.0,-0.7,4311
54.90,-12.342,0.130,100.7,-0.01,CLEAR(조향OFF)|STRAIGHT,,999.00,0.00,0.0,-0.8,4328
54.95,-12.341,0.128,100.7,-0.02,CLEAR(조향OFF)|STRAIGHT,,999.00,0.00,0.0,-0.7,4295
55.00,-12.341,0.128,100.7,-0.02,CLEAR(조향OFF)|STRAIGHT,,999.00,0.00,0.0,-0.7,4311
55.05,-12.341,0.128,100.7,-0.02,CLEAR(조향OFF)|STRAIGHT,,999.00,0.00,0.0,-0.7,4311
55.10,-12.343,0.130,100.7,0.02,CLEAR(조향OFF)|STRAIGHT,,999.00,0.00,0.0,-0.8,4311
55.15,-12.343,0.131,100.7,0.02,CLEAR(조향OFF)|STRAIGHT,,999.00,0.00,0.0,-0.7,4328
55.20,-12.343,0.131,100.7,0.02,CLEAR(조향OFF)|STRAIGHT,,999.00,0.00,0.0,-0.7,4311
55.25,-12.343,0.131,100.7,0.00,CLEAR(조향OFF)|STRAIGHT,,999.00,0.00,0.0,-0.7,4311
55.30,-12.343,0.131,100.7,0.00,CLEAR(조향OFF)|STRAIGHT,,999.00,0.00,0.0,-0.7,4311
55.35,-12.343,0.131,100.7,-0.00,CLEAR(조향OFF)|STRAIGHT,,999.00,0.00,0.0,-0.7,4311
55.40,-12.343,0.131,100.7,-0.00,CLEAR(조향OFF)|STRAIGHT,,999.00,0.00,0.0,-0.7,4311
55.45,-12.342,0.131,100.7,0.00,CLEAR(조향OFF)|STRAIGHT,,999.00,0.00,0.0,-0.7,4328
55.50,-12.342,0.131,100.7,0.00,CLEAR(조향OFF)|STRAIGHT,,999.00,0.00,0.0,-0.8,4328
55.55,-12.339,0.132,100.7,-0.00,CLEAR(조향OFF)|STRAIGHT,,999.00,0.00,0.0,-0.7,4311
55.60,-12.339,0.132,100.7,-0.00,CLEAR(조향OFF)|STRAIGHT,,999.00,0.00,0.0,-0.7,4328
55.65,-12.339,0.128,100.7,-0.03,CLEAR(조향OFF)|STRAIGHT,,999.00,0.00,0.0,-0.7,4311
55.70,-12.339,0.128,100.7,-0.03,CLEAR(조향OFF)|STRAIGHT,,999.00,0.00,0.0,-0.7,4311
55.75,-12.338,0.131,100.7,0.02,CLEAR(조향OFF)|STRAIGHT,,999.00,0.00,0.0,-0.7,4328
55.80,-12.338,0.131,100.7,0.02,CLEAR(조향OFF)|STRAIGHT,,999.00,0.00,0.0,-0.7,4311
55.85,-12.339,0.130,100.7,0.00,CLEAR(조향OFF)|STRAIGHT,,999.00,0.00,0.0,-0.7,4311
55.90,-12.339,0.130,100.7,0.00,CLEAR(조향OFF)|STRAIGHT,,999.00,0.00,0.0,-0.7,4328
55.95,-12.338,0.132,100.7,0.01,CLEAR(조향OFF)|STRAIGHT,,999.00,0.00,0.0,-0.8,4311
56.00,-12.338,0.132,100.7,0.01,CLEAR(조향OFF)|STRAIGHT,,999.00,0.00,0.0,-0.7,4311
56.05,-12.338,0.132,100.7,0.01,CLEAR(조향OFF)|STRAIGHT,,999.00,0.00,0.0,-0.7,4311
56.10,-12.338,0.135,100.7,0.02,CLEAR(조향OFF)|STRAIGHT,,999.00,0.00,0.0,-0.7,4311
56.15,-12.339,0.133,100.7,-0.02,CLEAR(조향OFF)|STRAIGHT,,999.00,0.00,0.0,-0.7,4311
56.20,-12.339,0.133,100.7,-0.02,CLEAR(조향OFF)|STRAIGHT,,999.00,0.00,0.0,-0.6,4328
56.25,-12.336,0.128,100.7,-0.05,CLEAR(조향OFF)|STRAIGHT,,999.00,0.00,0.0,-0.7,4328
56.30,-12.336,0.128,100.7,-0.05,CLEAR(조향OFF)|STRAIGHT,,999.00,0.00,0.0,-0.8,4328
56.35,-12.341,0.130,100.7,0.03,CLEAR(조향OFF)|STRAIGHT,,999.00,0.00,0.0,-0.8,4328
56.40,-12.341,0.130,100.7,0.03,CLEAR(조향OFF)|STRAIGHT,,999.00,0.00,0.0,-0.6,4311
56.45,-12.339,0.129,100.7,-0.01,CLEAR(조향OFF)|STRAIGHT,,999.00,0.00,0.0,-0.7,4311
56.50,-12.339,0.129,100.7,-0.01,CLEAR(조향OFF)|STRAIGHT,,999.00,0.00,0.0,-0.7,4311
56.55,-12.340,0.128,100.7,-0.02,CLEAR(조향OFF)|STRAIGHT,,999.00,0.00,0.0,-0.7,4311
56.60,-12.340,0.128,100.7,-0.02,CLEAR(조향OFF)|STRAIGHT,,999.00,0.00,0.0,-0.7,4311
56.65,-12.337,0.127,100.7,-0.01,CLEAR(조향OFF)|STRAIGHT,,999.00,0.00,0.0,-0.7,4311
56.70,-12.337,0.127,100.7,-0.01,CLEAR(조향OFF)|STRAIGHT,,999.00,0.00,0.0,-0.7,4328
56.75,-12.339,0.127,100.7,-0.00,CLEAR(조향OFF)|STRAIGHT,,999.00,0.00,0.0,-0.7,4311
56.80,-12.339,0.127,100.7,-0.00,CLEAR(조향OFF)|STRAIGHT,,999.00,0.00,0.0,-0.8,4328
56.85,-12.342,0.128,100.7,0.02,CLEAR(조향OFF)|STRAIGHT,,999.00,0.00,0.0,-0.7,4311
56.90,-12.342,0.128,100.7,0.02,CLEAR(조향OFF)|STRAIGHT,,999.00,0.00,0.0,-0.7,4311
56.95,-12.342,0.131,100.7,0.03,CLEAR(조향OFF)|STRAIGHT,,999.00,0.00,0.0,-0.7,4311
57.00,-12.342,0.131,100.7,0.03,CLEAR(조향OFF)|STRAIGHT,,999.00,0.00,0.0,-0.7,4311
57.05,-12.342,0.131,100.7,0.03,CLEAR(조향OFF)|STRAIGHT,,999.00,0.00,0.0,-0.7,4328
57.10,-12.342,0.128,100.7,-0.02,CLEAR(조향OFF)|STRAIGHT,,999.00,0.00,0.0,-0.7,4311
57.15,-12.338,0.129,100.7,0.00,CLEAR(조향OFF)|STRAIGHT,,999.00,0.00,0.0,-0.7,4311
57.20,-12.338,0.129,100.7,0.00,CLEAR(조향OFF)|STRAIGHT,,999.00,0.00,0.0,-0.6,4328
57.25,-12.341,0.131,100.7,0.03,CLEAR(조향OFF)|STRAIGHT,,999.00,0.00,0.0,-0.6,4328
57.30,-12.341,0.131,100.7,0.03,CLEAR(조향OFF)|STRAIGHT,,999.00,0.00,0.0,-0.7,4295
57.35,-12.342,0.129,100.7,-0.02,CLEAR(조향OFF)|STRAIGHT,,999.00,0.00,0.0,-0.7,4311
57.40,-12.342,0.129,100.7,-0.02,CLEAR(조향OFF)|STRAIGHT,,999.00,0.00,0.0,-0.7,4311
57.45,-12.341,0.128,100.7,-0.01,CLEAR(조향OFF)|STRAIGHT,,999.00,0.00,0.0,-0.7,4328
57.50,-12.341,0.128,100.7,-0.01,CLEAR(조향OFF)|STRAIGHT,,999.00,0.00,0.0,-0.8,4311
57.55,-12.344,0.134,100.7,0.05,CLEAR(조향OFF)|STRAIGHT,,999.00,0.00,0.0,-0.7,4328
57.60,-12.344,0.134,100.7,0.05,CLEAR(조향OFF)|STRAIGHT,,999.00,0.00,0.0,-0.7,4311
57.65,-12.344,0.136,100.7,0.03,CLEAR(조향OFF)|STRAIGHT,,999.00,0.00,0.0,-0.7,4311
57.70,-12.344,0.136,100.7,0.03,CLEAR(조향OFF)|STRAIGHT,,999.00,0.00,0.0,-0.7,4311
57.75,-12.343,0.134,100.7,-0.02,CLEAR(조향OFF)|STRAIGHT,,999.00,0.00,0.0,-0.8,4328
57.80,-12.343,0.134,100.7,-0.02,CLEAR(조향OFF)|STRAIGHT,,999.00,0.00,0.0,-0.8,4328
57.85,-12.343,0.133,100.7,-0.01,CLEAR(조향OFF)|STRAIGHT,,999.00,0.00,0.0,-0.7,4311
57.90,-12.343,0.133,100.7,-0.01,CLEAR(조향OFF)|STRAIGHT,,999.00,0.00,0.0,-0.7,4311
57.95,-12.344,0.135,100.7,0.02,CLEAR(조향OFF)|STRAIGHT,,999.00,0.00,0.0,-0.8,4311
58.00,-12.344,0.135,100.7,0.02,CLEAR(조향OFF)|STRAIGHT,,999.00,0.00,0.0,-0.7,4311
58.05,-12.344,0.135,100.7,0.02,CLEAR(조향OFF)|STRAIGHT,,999.00,0.00,0.0,-0.8,4328
58.10,-12.341,0.131,100.7,-0.03,CLEAR(조향OFF)|STRAIGHT,,999.00,0.00,0.0,-0.7,4328
58.15,-12.341,0.131,100.7,-0.03,CLEAR(조향OFF)|STRAIGHT,,999.00,0.00,0.0,-0.7,4311
58.20,-12.341,0.131,100.7,-0.03,CLEAR(조향OFF)|STRAIGHT,,999.00,0.00,0.0,-0.8,4311
58.25,-12.341,0.125,100.7,-0.03,CLEAR(조향OFF)|STRAIGHT,,999.00,0.00,0.0,-0.7,4328
58.30,-12.341,0.125,100.7,-0.03,CLEAR(조향OFF)|STRAIGHT,,999.00,0.00,0.0,-0.7,4311
58.35,-12.340,0.132,100.7,0.06,CLEAR(조향OFF)|STRAIGHT,,999.00,0.00,0.0,-0.8,4328
58.40,-12.340,0.132,100.7,0.06,CLEAR(조향OFF)|STRAIGHT,,999.00,0.00,0.0,-0.7,4311
58.45,-12.340,0.128,100.7,-0.05,CLEAR(조향OFF)|STRAIGHT,,999.00,0.00,0.0,-0.8,4328
58.50,-12.340,0.128,100.7,-0.05,CLEAR(조향OFF)|STRAIGHT,,999.00,0.00,0.0,-0.7,4311
58.55,-12.341,0.127,100.7,-0.01,CLEAR(조향OFF)|STRAIGHT,,999.00,0.00,0.0,-0.7,4328
58.60,-12.341,0.127,100.7,-0.01,CLEAR(조향OFF)|STRAIGHT,,999.00,0.00,0.0,-0.7,4311
58.65,-12.340,0.130,100.7,0.03,CLEAR(조향OFF)|STRAIGHT,,999.00,0.00,0.0,-0.7,4328
58.70,-12.340,0.130,100.7,0.03,CLEAR(조향OFF)|STRAIGHT,,999.00,0.00,0.0,-0.8,4311
58.75,-12.341,0.128,100.7,-0.02,CLEAR(조향OFF)|STRAIGHT,,999.00,0.00,0.0,-0.7,4311
58.80,-12.341,0.128,100.7,-0.02,CLEAR(조향OFF)|STRAIGHT,,999.00,0.00,0.0,-0.7,4328
58.85,-12.344,0.135,100.7,0.08,CLEAR(조향OFF)|STRAIGHT,,999.00,0.00,0.0,-0.7,4311
58.90,-12.344,0.135,100.7,0.08,CLEAR(조향OFF)|STRAIGHT,,999.00,0.00,0.0,-0.7,4311
58.95,-12.342,0.133,100.7,-0.03,CLEAR(조향OFF)|STRAIGHT,,999.00,0.00,0.0,-0.7,4311
59.00,-12.342,0.133,100.7,-0.03,CLEAR(조향OFF)|STRAIGHT,,999.00,0.00,0.0,-0.7,4328
59.05,-12.342,0.131,100.7,-0.01,CLEAR(조향OFF)|STRAIGHT,,999.00,0.00,0.0,-0.7,4311
59.10,-12.342,0.131,100.7,-0.01,CLEAR(조향OFF)|STRAIGHT,,999.00,0.00,0.0,-0.7,4311
59.15,-12.341,0.131,100.7,-0.01,CLEAR(조향OFF)|STRAIGHT,,999.00,0.00,0.0,-0.8,4311
59.20,-12.341,0.131,100.7,-0.01,CLEAR(조향OFF)|STRAIGHT,,999.00,0.00,0.0,-0.7,4311
59.25,-12.338,0.130,100.7,-0.01,CLEAR(조향OFF)|STRAIGHT,,999.00,0.00,0.0,-0.7,4311
59.30,-12.338,0.130,100.7,-0.01,CLEAR(조향OFF)|STRAIGHT,,999.00,0.00,0.0,-0.7,4311
59.35,-12.336,0.132,100.7,0.02,CLEAR(조향OFF)|STRAIGHT,,999.00,0.00,0.0,-0.7,4311
59.40,-12.336,0.132,100.7,0.02,CLEAR(조향OFF)|STRAIGHT,,999.00,0.00,0.0,-0.7,4295
59.45,-12.337,0.135,100.7,0.03,CLEAR(조향OFF)|STRAIGHT,,999.00,0.00,0.0,-0.7,4311
59.50,-12.337,0.135,100.7,0.03,CLEAR(조향OFF)|STRAIGHT,,999.00,0.00,0.0,-0.7,4328
59.55,-12.336,0.135,100.7,0.00,CLEAR(조향OFF)|STRAIGHT,,999.00,0.00,0.0,-0.7,4311
59.60,-12.336,0.135,100.7,0.00,CLEAR(조향OFF)|STRAIGHT,,999.00,0.00,0.0,-0.7,4328
59.65,-12.339,0.135,100.7,0.01,CLEAR(조향OFF)|STRAIGHT,,999.00,0.00,0.0,-0.7,4311
59.70,-12.339,0.135,100.7,0.01,CLEAR(조향OFF)|STRAIGHT,,999.00,0.00,0.0,-0.7,4311
59.75,-12.341,0.136,100.7,0.01,CLEAR(조향OFF)|STRAIGHT,,999.00,0.00,0.0,-0.7,4311
59.80,-12.341,0.136,100.7,0.01,CLEAR(조향OFF)|STRAIGHT,,999.00,0.00,0.0,-0.7,4311
59.85,-12.341,0.135,100.7,-0.00,CLEAR(조향OFF)|STRAIGHT,,999.00,0.00,0.0,-0.7,4328
59.90,-12.341,0.135,100.7,-0.00,CLEAR(조향OFF)|STRAIGHT,,999.00,0.00,0.0,-0.7,4328
59.95,-12.342,0.137,100.7,0.02,CLEAR(조향OFF)|STRAIGHT,,999.00,0.00,0.0,-0.7,4311
60.00,-12.342,0.137,100.7,0.02,CLEAR(조향OFF)|STRAIGHT,,999.00,0.00,0.0,-0.7,4311
60.05,-12.342,0.137,100.7,0.02,CLEAR(조향OFF)|STRAIGHT,,999.00,0.00,0.0,-0.7,4311
60.10,-12.341,0.134,100.7,-0.02,CLEAR(조향OFF)|STRAIGHT,,999.00,0.00,0.0,-0.7,4311
60.15,-12.340,0.133,100.7,-0.02,CLEAR(조향OFF)|STRAIGHT,,999.00,0.00,0.0,-0.7,4311
60.20,-12.340,0.133,100.7,-0.02,CLEAR(조향OFF)|STRAIGHT,,999.00,0.00,0.0,-0.7,4295
60.25,-12.337,0.133,100.7,-0.00,CLEAR(조향OFF)|STRAIGHT,,999.00,0.00,0.0,-0.7,4311
60.30,-12.337,0.133,100.7,-0.00,CLEAR(조향OFF)|STRAIGHT,,999.00,0.00,0.0,-0.8,4328
60.35,-12.337,0.135,100.7,0.02,CLEAR(조향OFF)|STRAIGHT,,999.00,0.00,0.0,-0.8,4311
60.40,-12.337,0.135,100.7,0.02,CLEAR(조향OFF)|STRAIGHT,,999.00,0.00,0.0,-0.7,4328
60.45,-12.336,0.134,100.7,-0.01,CLEAR(조향OFF)|STRAIGHT,,999.00,0.00,0.0,-0.7,4311
60.50,-12.336,0.134,100.7,-0.01,CLEAR(조향OFF)|STRAIGHT,,999.00,0.00,0.0,-0.7,4295
60.55,-12.336,0.133,100.7,-0.01,CLEAR(조향OFF)|STRAIGHT,,999.00,0.00,0.0,-0.7,4328
60.60,-12.336,0.133,100.7,-0.01,CLEAR(조향OFF)|STRAIGHT,,999.00,0.00,0.0,-0.7,4311
60.65,-12.338,0.134,100.7,0.02,CLEAR(조향OFF)|STRAIGHT,,999.00,0.00,0.0,-0.8,4311
60.70,-12.338,0.134,100.7,0.02,CLEAR(조향OFF)|STRAIGHT,,999.00,0.00,0.0,-0.7,4328
60.75,-12.338,0.134,100.8,0.00,CLEAR(조향OFF)|STRAIGHT,,999.00,0.00,0.0,-0.7,4311
60.80,-12.338,0.134,100.8,0.00,CLEAR(조향OFF)|STRAIGHT,,999.00,0.00,0.0,-0.8,4311
60.85,-12.340,0.133,100.7,-0.01,CLEAR(조향OFF)|STRAIGHT,,999.00,0.00,0.0,-0.7,4311
60.90,-12.340,0.133,100.7,-0.01,CLEAR(조향OFF)|STRAIGHT,,999.00,0.00,0.0,-0.7,4311
60.95,-12.337,0.133,100.8,-0.01,CLEAR(조향OFF)|STRAIGHT,,999.00,0.00,0.0,-0.8,4311
61.00,-12.337,0.133,100.7,-0.01,CLEAR(조향OFF)|STRAIGHT,,999.00,0.00,0.0,-0.7,4311
61.05,-12.335,0.132,100.7,-0.01,CLEAR(조향OFF)|STRAIGHT,,999.00,0.00,0.0,-0.7,4328
61.10,-12.335,0.132,100.8,-0.01,CLEAR(조향OFF)|STRAIGHT,,999.00,0.00,0.0,-0.7,4311
61.15,-12.338,0.133,100.7,0.01,CLEAR(조향OFF)|STRAIGHT,,999.00,0.00,0.0,-0.8,4328
61.20,-12.338,0.133,100.7,0.01,CLEAR(조향OFF)|STRAIGHT,,999.00,0.00,0.0,-0.7,4328
61.25,-12.341,0.132,100.8,-0.00,CLEAR(조향OFF)|STRAIGHT,,999.00,0.00,0.0,-0.7,4311
61.30,-12.341,0.132,100.8,-0.00,CLEAR(조향OFF)|STRAIGHT,,999.00,0.00,0.0,-0.7,4311
61.35,-12.341,0.133,100.8,0.01,CLEAR(조향OFF)|STRAIGHT,,999.00,0.00,0.0,-0.7,4311
61.40,-12.341,0.133,100.8,0.01,CLEAR(조향OFF)|STRAIGHT,,999.00,0.00,0.0,-0.7,4328
61.45,-12.342,0.133,100.7,-0.00,CLEAR(조향OFF)|STRAIGHT,,999.00,0.00,0.0,-0.7,4295
61.50,-12.342,0.133,100.8,-0.00,CLEAR(조향OFF)|STRAIGHT,,999.00,0.00,0.0,-0.7,4311
61.55,-12.340,0.133,100.8,0.00,CLEAR(조향OFF)|STRAIGHT,,999.00,0.00,0.0,-0.7,4311
61.60,-12.340,0.133,100.8,0.00,CLEAR(조향OFF)|STRAIGHT,,999.00,0.00,0.0,-0.7,4311
61.65,-12.339,0.132,100.8,-0.02,CLEAR(조향OFF)|STRAIGHT,,999.00,0.00,0.0,-0.7,4311
61.70,-12.339,0.132,100.8,-0.02,CLEAR(조향OFF)|STRAIGHT,,999.00,0.00,0.0,-0.7,4328
61.75,-12.340,0.132,100.8,0.00,CLEAR(조향OFF)|STRAIGHT,,999.00,0.00,0.0,-0.7,4311
61.80,-12.340,0.132,100.8,0.00,CLEAR(조향OFF)|STRAIGHT,,999.00,0.00,0.0,-0.8,4311
61.85,-12.340,0.130,100.8,-0.02,CLEAR(조향OFF)|STRAIGHT,,999.00,0.00,0.0,-0.7,4328
61.90,-12.340,0.130,100.8,-0.02,CLEAR(조향OFF)|STRAIGHT,,999.00,0.00,0.0,-0.7,4311
61.95,-12.338,0.130,100.8,-0.01,CLEAR(조향OFF)|STRAIGHT,,999.00,0.00,0.0,-0.7,4328
62.00,-12.338,0.130,100.8,-0.01,CLEAR(조향OFF)|STRAIGHT,,999.00,0.00,0.0,-0.7,4328
62.05,-12.339,0.133,100.7,0.03,CLEAR(조향OFF)|STRAIGHT,,999.00,0.00,0.0,-0.8,4311
62.10,-12.339,0.133,100.7,0.03,CLEAR(조향OFF)|STRAIGHT,,999.00,0.00,0.0,-0.7,4311
62.15,-12.339,0.132,100.7,-0.01,CLEAR(조향OFF)|STRAIGHT,,999.00,0.00,0.0,-0.7,4328
62.20,-12.339,0.132,100.7,-0.01,CLEAR(조향OFF)|STRAIGHT,,999.00,0.00,0.0,-0.8,4328
62.25,-12.337,0.131,100.7,-0.01,CLEAR(조향OFF)|STRAIGHT,,999.00,0.00,0.0,-0.7,4311
62.30,-12.337,0.131,100.7,-0.01,CLEAR(조향OFF)|STRAIGHT,,999.00,0.00,0.0,-0.7,4311
62.35,-12.337,0.132,100.7,0.00,CLEAR(조향OFF)|STRAIGHT,,999.00,0.00,0.0,-0.8,4311
62.40,-12.337,0.132,100.7,0.00,CLEAR(조향OFF)|STRAIGHT,,999.00,0.00,0.0,-0.7,4311
62.45,-12.340,0.132,100.7,0.01,CLEAR(조향OFF)|STRAIGHT,,999.00,0.00,0.0,-0.7,4311
62.50,-12.340,0.132,100.7,0.01,CLEAR(조향OFF)|STRAIGHT,,999.00,0.00,0.0,-0.8,4311
62.55,-12.339,0.133,100.7,0.00,CLEAR(조향OFF)|STRAIGHT,,999.00,0.00,0.0,-0.7,4311
62.60,-12.339,0.133,100.7,0.00,CLEAR(조향OFF)|STRAIGHT,,999.00,0.00,0.0,-0.7,4311
62.65,-12.339,0.134,100.7,0.01,CLEAR(조향OFF)|STRAIGHT,,999.00,0.00,0.0,-0.8,4311
62.70,-12.339,0.134,100.8,0.01,CLEAR(조향OFF)|STRAIGHT,,999.00,0.00,0.0,-0.7,4328
62.75,-12.339,0.131,100.8,-0.03,CLEAR(조향OFF)|STRAIGHT,,999.00,0.00,0.0,-0.6,4328
62.80,-12.339,0.131,100.7,-0.03,CLEAR(조향OFF)|STRAIGHT,,999.00,0.00,0.0,-0.7,4311
62.85,-12.335,0.131,100.7,-0.01,CLEAR(조향OFF)|STRAIGHT,,999.00,0.00,0.0,-0.7,4311
62.90,-12.335,0.131,100.7,-0.01,CLEAR(조향OFF)|STRAIGHT,,999.00,0.00,0.0,-0.8,4328
62.95,-12.340,0.131,100.7,0.01,CLEAR(조향OFF)|STRAIGHT,,999.00,0.00,0.0,-0.8,4311
63.00,-12.340,0.131,100.7,0.01,CLEAR(조향OFF)|STRAIGHT,,999.00,0.00,0.0,-0.7,4311
63.05,-12.337,0.130,100.7,-0.01,CLEAR(조향OFF)|STRAIGHT,,999.00,0.00,0.0,-0.7,4328
63.10,-12.337,0.130,100.7,-0.01,CLEAR(조향OFF)|STRAIGHT,,999.00,0.00,0.0,-0.7,4311
63.15,-12.340,0.128,100.7,-0.01,CLEAR(조향OFF)|STRAIGHT,,999.00,0.00,0.0,-0.7,4311
63.20,-12.340,0.128,100.7,-0.01,CLEAR(조향OFF)|STRAIGHT,,999.00,0.00,0.0,-0.7,4295
63.25,-12.340,0.132,100.7,0.04,CLEAR(조향OFF)|STRAIGHT,,999.00,0.00,0.0,-0.7,4311
63.30,-12.340,0.132,100.7,0.04,CLEAR(조향OFF)|STRAIGHT,,999.00,0.00,0.0,-0.8,4311
63.35,-12.337,0.135,100.7,0.02,CLEAR(조향OFF)|STRAIGHT,,999.00,0.00,0.0,-0.7,4311
63.40,-12.337,0.135,100.7,0.02,CLEAR(조향OFF)|STRAIGHT,,999.00,0.00,0.0,-0.7,4311
63.45,-12.338,0.131,100.7,-0.03,CLEAR(조향OFF)|STRAIGHT,,999.00,0.00,0.0,-0.8,4328
63.50,-12.338,0.131,100.7,-0.03,CLEAR(조향OFF)|STRAIGHT,,999.00,0.00,0.0,-0.7,4295
63.55,-12.338,0.133,100.7,0.02,CLEAR(조향OFF)|STRAIGHT,,999.00,0.00,0.0,-0.7,4328
63.60,-12.338,0.133,100.7,0.02,CLEAR(조향OFF)|STRAIGHT,,999.00,0.00,0.0,-0.7,4328
63.65,-12.340,0.131,100.8,-0.02,CLEAR(조향OFF)|STRAIGHT,,999.00,0.00,0.0,-0.7,4328
63.70,-12.340,0.131,100.8,-0.02,CLEAR(조향OFF)|STRAIGHT,,999.00,0.00,0.0,-0.7,4328
63.75,-12.336,0.128,100.7,-0.03,CLEAR(조향OFF)|STRAIGHT,,999.00,0.00,0.0,-0.7,4328
63.80,-12.336,0.128,100.7,-0.03,CLEAR(조향OFF)|STRAIGHT,,999.00,0.00,0.0,-0.7,4311
63.85,-12.338,0.134,100.7,0.06,CLEAR(조향OFF)|STRAIGHT,,999.00,0.00,0.0,-0.8,4328
63.90,-12.338,0.134,100.7,0.06,CLEAR(조향OFF)|STRAIGHT,,999.00,0.00,0.0,-0.7,4311
63.95,-12.338,0.133,100.7,-0.01,CLEAR(조향OFF)|STRAIGHT,,999.00,0.00,0.0,-0.8,4311
64.00,-12.338,0.133,100.7,-0.01,CLEAR(조향OFF)|STRAIGHT,,999.00,0.00,0.0,-0.7,4311
64.05,-12.338,0.133,100.8,-0.01,CLEAR(조향OFF)|STRAIGHT,,999.00,0.00,0.0,-0.7,4311
64.10,-12.338,0.133,100.7,0.00,CLEAR(조향OFF)|STRAIGHT,,999.00,0.00,0.0,-0.7,4311
64.15,-12.339,0.135,100.7,0.02,CLEAR(조향OFF)|STRAIGHT,,999.00,0.00,0.0,-0.7,4311
64.20,-12.339,0.135,100.7,0.02,CLEAR(조향OFF)|STRAIGHT,,999.00,0.00,0.0,-0.7,4311
64.25,-12.337,0.133,100.7,-0.02,CLEAR(조향OFF)|STRAIGHT,,999.00,0.00,0.0,-0.7,4311
64.30,-12.337,0.133,100.7,-0.02,CLEAR(조향OFF)|STRAIGHT,,999.00,0.00,0.0,-0.7,4328
64.35,-12.337,0.133,100.7,0.00,CLEAR(조향OFF)|STRAIGHT,,999.00,0.00,0.0,-0.8,4311
64.40,-12.337,0.133,100.7,0.00,CLEAR(조향OFF)|STRAIGHT,,999.00,0.00,0.0,-0.7,4328
64.45,-12.337,0.134,100.7,0.01,CLEAR(조향OFF)|STRAIGHT,,999.00,0.00,0.0,-0.6,4311
64.50,-12.337,0.134,100.7,0.01,CLEAR(조향OFF)|STRAIGHT,,999.00,0.00,0.0,-0.7,4328
64.55,-12.338,0.128,100.7,-0.06,CLEAR(조향OFF)|STRAIGHT,,999.00,0.00,0.0,-0.7,4311
64.60,-12.338,0.128,100.7,-0.06,CLEAR(조향OFF)|STRAIGHT,,999.00,0.00,0.0,-0.7,4328
64.65,-12.337,0.125,100.7,-0.03,CLEAR(조향OFF)|STRAIGHT,,999.00,0.00,0.0,-0.7,4328
64.70,-12.337,0.125,100.7,-0.03,CLEAR(조향OFF)|STRAIGHT,,999.00,0.00,0.0,-0.7,4328
64.75,-12.339,0.126,100.7,0.01,CLEAR(조향OFF)|STRAIGHT,,999.00,0.00,0.0,-0.8,4311
64.80,-12.339,0.126,100.7,0.01,CLEAR(조향OFF)|STRAIGHT,,999.00,0.00,0.0,-0.7,4328
64.85,-12.338,0.128,100.7,0.01,CLEAR(조향OFF)|STRAIGHT,,999.00,0.00,0.0,-0.8,4328
64.90,-12.338,0.128,100.8,0.01,CLEAR(조향OFF)|STRAIGHT,,999.00,0.00,0.0,-0.7,4328
64.95,-12.340,0.129,100.7,0.02,CLEAR(조향OFF)|STRAIGHT,,999.00,0.00,0.0,-0.7,4311
65.00,-12.340,0.129,100.7,0.02,CLEAR(조향OFF)|STRAIGHT,,999.00,0.00,0.0,-0.7,4311
65.05,-12.335,0.127,100.7,-0.03,CLEAR(조향OFF)|STRAIGHT,,999.00,0.70,0.0,-0.7,4295
65.10,-12.335,0.127,100.7,-0.03,CLEAR(조향OFF)|STRAIGHT,,999.00,0.70,0.0,-0.7,4311
65.15,-12.338,0.125,100.8,-0.01,CLEAR(조향OFF)|STRAIGHT,,999.00,0.70,0.0,-0.7,4328
65.20,-12.338,0.125,100.8,-0.01,CLEAR(조향OFF)|STRAIGHT,,999.00,0.70,0.0,-0.7,4311
65.25,-12.338,0.130,100.8,0.04,CLEAR(조향OFF)|STRAIGHT,,999.00,0.70,-0.0,-0.7,4311
65.30,-12.338,0.130,100.8,0.04,CLEAR(조향OFF)|STRAIGHT,,999.00,0.70,-0.0,-0.7,4328
65.35,-12.338,0.131,100.8,0.01,CLEAR(조향OFF)|STRAIGHT,,999.00,0.70,-0.0,-0.7,4311
65.40,-12.338,0.131,100.8,0.01,CLEAR(조향OFF)|STRAIGHT,,999.00,0.70,-0.0,-0.7,4328
65.45,-12.338,0.129,100.8,-0.02,CLEAR(조향OFF)|STRAIGHT,,999.00,0.70,-0.0,-0.8,4328
65.50,-12.338,0.129,100.8,-0.02,CLEAR(조향OFF)|STRAIGHT,,999.00,0.70,-0.0,-0.8,4311
65.55,-12.341,0.131,100.8,0.02,CLEAR(조향OFF)|STRAIGHT,,999.00,0.70,-0.1,-0.7,4311
65.60,-12.341,0.131,100.8,0.02,CLEAR(조향OFF)|STRAIGHT,,999.00,0.70,-0.1,-0.8,4328
65.65,-12.348,0.126,100.8,-0.03,CLEAR(조향OFF)|STRAIGHT,,999.00,0.70,-0.0,-0.7,4311
65.70,-12.348,0.126,100.8,-0.03,CLEAR(조향OFF)|STRAIGHT,,999.00,0.70,-0.0,-0.7,4311
65.75,-12.355,0.120,100.7,-0.04,CLEAR(조향OFF)|STRAIGHT,,999.00,0.70,-0.0,-0.6,4311
65.80,-12.355,0.120,100.7,-0.04,CLEAR(조향OFF)|STRAIGHT,,999.00,0.70,-0.0,-0.7,4328
65.85,-12.364,0.107,100.7,-0.13,CLEAR(조향OFF)|STRAIGHT,,999.00,0.70,0.0,-0.7,4311
65.90,-12.364,0.107,100.7,-0.13,CLEAR(조향OFF)|STRAIGHT,,999.00,0.70,0.0,-0.7,4311
65.95,-12.378,0.099,100.7,-0.05,CLEAR(조향OFF)|STRAIGHT,,999.00,0.70,0.1,-0.7,4328
66.00,-12.378,0.099,100.7,-0.05,CLEAR(조향OFF)|STRAIGHT,,999.00,0.70,0.1,-0.7,4311
66.05,-12.378,0.099,100.7,-0.05,CLEAR(조향OFF)|STRAIGHT,,999.00,0.70,0.1,-0.7,4328
66.10,-12.392,0.085,100.7,-0.09,CLEAR(조향OFF)|STRAIGHT,,999.00,0.70,0.1,-0.8,4311
66.15,-12.404,0.074,100.6,-0.10,CLEAR(조향OFF)|STRAIGHT,,999.00,0.70,0.1,-0.7,4328
66.20,-12.404,0.074,100.6,-0.10,CLEAR(조향OFF)|STRAIGHT,,999.00,0.70,0.1,-0.7,4328
66.25,-12.426,0.062,100.6,-0.08,CLEAR(조향OFF)|STRAIGHT,,999.00,0.70,0.2,-0.7,4311
66.30,-12.426,0.062,100.6,-0.08,CLEAR(조향OFF)|STRAIGHT,,999.00,0.70,0.2,-0.7,4311
66.35,-12.444,0.044,100.5,-0.16,CLEAR(조향OFF)|STRAIGHT,,999.00,0.70,0.3,-0.7,4328
66.40,-12.444,0.044,100.5,-0.16,CLEAR(조향OFF)|STRAIGHT,,999.00,0.70,0.3,-0.7,4311
66.45,-12.469,0.032,100.4,-0.07,CLEAR(조향OFF)|STRAIGHT,,999.00,0.70,0.4,-0.7,4311
66.50,-12.469,0.032,100.4,-0.07,CLEAR(조향OFF)|STRAIGHT,,999.00,0.70,0.4,-0.7,4311
66.55,-12.492,0.009,100.4,-0.18,CLEAR(조향OFF)|STRAIGHT,,999.00,0.70,0.5,-0.7,4328
66.60,-12.492,0.009,100.4,-0.18,CLEAR(조향OFF)|STRAIGHT,,999.00,0.70,0.5,-0.7,4328
66.65,-12.518,-0.006,100.3,-0.09,CLEAR(조향OFF)|STRAIGHT,,999.00,0.70,0.6,-0.7,4311
66.70,-12.518,-0.006,100.2,-0.09,CLEAR(조향OFF)|STRAIGHT,,999.00,0.70,0.6,-0.7,4328
66.75,-12.546,-0.027,100.3,-0.18,CLEAR(조향OFF)|STRAIGHT,,999.00,0.70,0.7,-0.7,4311
66.80,-12.546,-0.027,100.2,-0.18,CLEAR(조향OFF)|STRAIGHT,,999.00,0.70,0.7,-0.8,4311
66.85,-12.570,-0.052,100.2,-0.20,CLEAR(조향OFF)|STRAIGHT,,999.00,0.70,0.7,-0.7,4328
66.90,-12.570,-0.052,100.1,-0.20,CLEAR(조향OFF)|STRAIGHT,,999.00,0.70,0.7,-0.7,4295
66.95,-12.599,-0.077,100.1,-0.19,CLEAR(조향OFF)|STRAIGHT,,999.00,0.70,0.9,-0.7,4295
67.00,-12.599,-0.077,100.1,-0.19,CLEAR(조향OFF)|STRAIGHT,,999.00,0.70,0.9,-0.2,4278
67.05,-12.632,-0.097,100.0,-0.13,CLEAR(조향OFF)|STRAIGHT,,999.00,0.70,1.0,-0.3,4246
67.10,-12.632,-0.097,100.0,-0.13,CLEAR(조향OFF)|STRAIGHT,,999.00,0.70,1.0,-0.2,4262
67.15,-12.662,-0.120,100.0,-0.17,CLEAR(조향OFF)|STRAIGHT,,999.00,0.70,1.1,-0.2,4246
67.20,-12.662,-0.120,99.9,-0.17,CLEAR(조향OFF)|STRAIGHT,,999.00,0.70,1.1,-0.1,4246
67.25,-12.691,-0.148,99.9,-0.25,CLEAR(조향OFF)|STRAIGHT,,999.00,0.70,1.2,-0.2,4262
67.30,-12.691,-0.148,99.8,-0.25,CLEAR(조향OFF)|STRAIGHT,,999.00,0.70,1.2,-0.2,4246
67.35,-12.723,-0.172,99.8,-0.19,CLEAR(조향OFF)|STRAIGHT,,999.00,0.70,1.4,-0.2,4246
67.40,-12.723,-0.172,99.7,-0.19,CLEAR(조향OFF)|STRAIGHT,,999.00,0.70,1.4,-0.2,4246
67.45,-12.758,-0.203,99.7,-0.24,CLEAR(조향OFF)|STRAIGHT,,999.00,0.70,1.4,-0.2,4246
67.50,-12.758,-0.203,99.7,-0.24,CLEAR(조향OFF)|STRAIGHT,,999.00,0.70,1.4,-0.1,4246
67.55,-12.792,-0.235,99.6,-0.26,CLEAR(조향OFF)|STRAIGHT,,999.00,0.70,1.6,-0.2,4246
67.60,-12.792,-0.235,99.5,-0.26,CLEAR(조향OFF)|STRAIGHT,,999.00,0.70,1.6,-0.2,4246
67.65,-12.823,-0.262,99.5,-0.20,CLEAR(조향OFF)|STRAIGHT,,999.00,0.70,1.8,0.2,4152
67.70,-12.823,-0.262,99.5,-0.20,CLEAR(조향OFF)|STRAIGHT,,999.00,0.70,1.8,0.5,4152
67.75,-12.863,-0.286,99.5,-0.19,CLEAR(조향OFF)|STRAIGHT,,999.00,0.70,1.9,0.5,4137
67.80,-12.863,-0.286,99.4,-0.19,CLEAR(조향OFF)|STRAIGHT,,999.00,0.70,1.9,0.6,4152
67.85,-12.902,-0.319,99.4,-0.26,CLEAR(조향OFF)|STRAIGHT,,999.00,0.70,1.9,0.6,4152
67.90,-12.902,-0.319,99.4,-0.26,CLEAR(조향OFF)|STRAIGHT,,999.00,0.70,1.9,0.5,4152
67.95,-12.936,-0.351,99.4,-0.26,CLEAR(조향OFF)|STRAIGHT,,999.00,0.70,2.0,0.5,4137
68.00,-12.936,-0.351,99.3,-0.26,CLEAR(조향OFF)|STRAIGHT,,999.00,0.70,2.0,0.6,4137
68.05,-12.936,-0.351,99.3,-0.26,CLEAR(조향OFF)|STRAIGHT,,999.00,0.70,2.1,0.6,4137
68.10,-12.978,-0.383,99.3,-0.20,CLEAR(조향OFF)|STRAIGHT,,999.00,0.70,2.1,0.4,4137
68.15,-13.020,-0.416,99.3,-0.32,CLEAR(조향OFF)|STRAIGHT,,999.00,0.70,2.1,0.4,4137
68.20,-13.020,-0.416,99.4,-0.32,CLEAR(조향OFF)|STRAIGHT,,999.00,0.70,2.1,0.6,4106
68.25,-13.060,-0.447,99.3,-0.23,CLEAR(조향OFF)|STRAIGHT,,999.00,0.70,2.2,0.6,4137
68.30,-13.060,-0.447,99.3,-0.23,CLEAR(조향OFF)|STRAIGHT,,999.00,0.70,2.2,0.6,4137
68.35,-13.099,-0.487,99.3,-0.36,CLEAR(조향OFF)|STRAIGHT,,999.00,0.70,2.2,0.6,4137
68.40,-13.099,-0.487,99.3,-0.36,CLEAR(조향OFF)|STRAIGHT,,999.00,0.70,2.2,0.9,4092
68.45,-13.142,-0.517,99.2,-0.23,CLEAR(조향OFF)|STRAIGHT,,999.00,0.70,2.1,0.9,4092
68.50,-13.142,-0.517,99.3,-0.23,CLEAR(조향OFF)|STRAIGHT,,999.00,0.70,2.1,1.0,4077
68.55,-13.185,-0.555,99.3,-0.30,CLEAR(조향OFF)|STRAIGHT,,999.00,0.70,2.2,0.9,4092
68.60,-13.185,-0.555,99.2,-0.30,CLEAR(조향OFF)|STRAIGHT,,999.00,0.70,2.2,0.9,4092
68.65,-13.224,-0.589,99.3,-0.25,CLEAR(조향OFF)|STRAIGHT,,999.00,0.70,2.3,1.0,4077
68.70,-13.224,-0.589,99.2,-0.25,CLEAR(조향OFF)|STRAIGHT,,999.00,0.70,2.3,0.9,4077
68.75,-13.273,-0.624,99.3,-0.30,CLEAR(조향OFF)|STRAIGHT,,999.00,0.70,2.2,0.9,4077
68.80,-13.273,-0.624,99.3,-0.30,CLEAR(조향OFF)|STRAIGHT,,999.00,0.70,2.2,1.0,4077
68.85,-13.322,-0.658,99.3,-0.25,CLEAR(조향OFF)|STRAIGHT,,999.00,0.70,2.2,1.0,4092
68.90,-13.322,-0.658,99.3,-0.25,CLEAR(조향OFF)|STRAIGHT,,999.00,0.70,2.2,0.9,4077
68.95,-13.367,-0.692,99.3,-0.26,CLEAR(조향OFF)|STRAIGHT,,999.00,0.70,2.2,0.9,4077
69.00,-13.367,-0.692,99.2,-0.26,CLEAR(조향OFF)|STRAIGHT,,999.00,0.70,2.2,0.9,4077
69.05,-13.413,-0.729,99.2,-0.26,CLEAR(조향OFF)|STRAIGHT,,999.00,0.70,2.3,1.1,4077
69.10,-13.413,-0.729,99.2,-0.26,CLEAR(조향OFF)|STRAIGHT,,999.00,0.70,2.3,1.1,4047
69.15,-13.459,-0.766,99.2,-0.32,CLEAR(조향OFF)|STRAIGHT,,999.00,0.70,2.2,1.0,4047
69.20,-13.459,-0.766,99.2,-0.32,CLEAR(조향OFF)|STRAIGHT,,999.00,0.70,2.2,1.0,4062
69.25,-13.510,-0.802,99.3,-0.28,CLEAR(조향OFF)|STRAIGHT,,999.00,0.70,2.3,1.1,4062
69.30,-13.510,-0.802,99.2,-0.28,CLEAR(조향OFF)|STRAIGHT,,999.00,0.70,2.3,1.1,4062
69.35,-13.560,-0.831,99.2,-0.21,CLEAR(조향OFF)|STRAIGHT,,999.00,0.70,2.3,1.1,4047
69.40,-13.560,-0.831,99.2,-0.21,CLEAR(조향OFF)|STRAIGHT,,999.00,0.70,2.3,1.1,4047
69.45,-13.607,-0.870,99.2,-0.30,CLEAR(조향OFF)|STRAIGHT,,999.00,0.70,2.3,1.0,4062
69.50,-13.607,-0.870,99.2,-0.30,CLEAR(조향OFF)|STRAIGHT,,999.00,0.70,2.3,1.1,4047
69.55,-13.653,-0.915,99.2,-0.34,CLEAR(조향OFF)|STRAIGHT,,999.00,0.70,2.3,1.1,4047
69.60,-13.653,-0.915,99.2,-0.34,CLEAR(조향OFF)|STRAIGHT,,999.00,0.70,2.3,1.0,4062
69.65,-13.702,-0.956,99.2,-0.33,CLEAR(조향OFF)|STRAIGHT,,999.00,0.70,2.3,1.1,4062
69.70,-13.702,-0.956,99.3,-0.33,CLEAR(조향OFF)|STRAIGHT,,999.00,0.70,2.3,1.1,4062
69.75,-13.755,-0.994,99.3,-0.29,CLEAR(조향OFF)|STRAIGHT,,999.00,0.70,2.2,1.1,4062
69.80,-13.755,-0.994,99.3,-0.29,CLEAR(조향OFF)|STRAIGHT,,999.00,0.70,2.2,1.1,4018
69.85,-13.806,-1.035,99.3,-0.35,CLEAR(조향OFF)|STRAIGHT,,999.00,0.70,2.2,1.1,4047
69.90,-13.806,-1.035,99.3,-0.35,CLEAR(조향OFF)|STRAIGHT,,999.00,0.70,2.2,1.1,4047
69.95,-13.859,-1.076,99.3,-0.33,CLEAR(조향OFF)|STRAIGHT,,999.00,0.70,2.2,1.1,4047
70.00,-13.859,-1.076,99.4,-0.33,CLEAR(조향OFF)|STRAIGHT,,999.00,0.70,2.2,1.1,4047
70.05,-13.913,-1.119,99.4,-0.30,CLEAR(조향OFF)|STRAIGHT,,999.00,0.70,2.1,1.1,4047
70.10,-13.913,-1.119,99.4,-0.30,CLEAR(조향OFF)|STRAIGHT,,999.00,0.70,2.1,1.0,4047
70.15,-13.968,-1.163,99.4,-0.38,CLEAR(조향OFF)|STRAIGHT,,999.00,0.70,2.1,1.1,4047
70.20,-13.968,-1.163,99.4,-0.38,CLEAR(조향OFF)|STRAIGHT,,999.00,0.70,2.1,1.1,4047
70.25,-14.020,-1.206,99.4,-0.31,CLEAR(조향OFF)|STRAIGHT,,999.00,0.70,2.0,1.1,4062
70.30,-14.020,-1.206,99.4,-0.31,CLEAR(조향OFF)|STRAIGHT,,999.00,0.70,2.0,1.1,4047
70.35,-14.071,-1.254,99.4,-0.43,CLEAR(조향OFF)|STRAIGHT,,999.00,0.70,2.1,1.1,4047
70.40,-14.071,-1.254,99.4,-0.43,CLEAR(조향OFF)|STRAIGHT,,999.00,0.70,2.1,1.1,4062
70.45,-14.128,-1.299,99.4,-0.35,CLEAR(조향OFF)|STRAIGHT,,999.00,0.70,2.0,1.1,4062
70.50,-14.128,-1.299,99.4,-0.35,CLEAR(조향OFF)|STRAIGHT,,999.00,0.70,2.0,1.0,4062
70.55,-14.183,-1.343,99.4,-0.35,CLEAR(조향OFF)|STRAIGHT,,999.00,0.70,2.1,1.1,4047
70.60,-14.183,-1.343,99.4,-0.35,CLEAR(조향OFF)|STRAIGHT,,999.00,0.70,2.1,1.1,4047
70.65,-14.238,-1.390,99.4,-0.34,CLEAR(조향OFF)|STRAIGHT,,999.00,0.70,2.0,1.1,4047
70.70,-14.238,-1.390,99.4,-0.34,CLEAR(조향OFF)|STRAIGHT,,999.00,0.70,2.0,1.1,4047
70.75,-14.295,-1.438,99.4,-0.42,CLEAR(조향OFF)|STRAIGHT,,999.00,0.70,2.0,1.1,4047
70.80,-14.295,-1.438,99.4,-0.42,CLEAR(조향OFF)|STRAIGHT,,999.00,0.70,2.0,1.1,4047
70.85,-14.354,-1.488,99.4,-0.40,CLEAR(조향OFF)|STRAIGHT,,999.00,0.70,2.0,1.1,4047
70.90,-14.354,-1.488,99.5,-0.40,CLEAR(조향OFF)|STRAIGHT,,999.00,0.70,2.0,1.1,4047
70.95,-14.414,-1.535,99.5,-0.36,CLEAR(조향OFF)|STRAIGHT,,999.00,0.70,2.0,1.1,4047
71.00,-14.414,-1.535,99.5,-0.36,CLEAR(조향OFF)|STRAIGHT,,999.00,0.70,2.0,1.1,4047
71.05,-14.469,-1.586,99.5,-0.37,CLEAR(조향OFF)|STRAIGHT,,999.00,0.70,1.9,1.1,4062
71.10,-14.469,-1.586,99.5,-0.37,CLEAR(조향OFF)|STRAIGHT,,999.00,0.70,1.9,1.1,4047
71.15,-14.530,-1.635,99.5,-0.43,CLEAR(조향OFF)|STRAIGHT,,999.00,0.70,1.9,1.0,4047
71.20,-14.530,-1.635,99.6,-0.43,CLEAR(조향OFF)|STRAIGHT,,999.00,0.70,1.9,1.1,4047
71.25,-14.591,-1.685,99.5,-0.36,CLEAR(조향OFF)|STRAIGHT,,999.00,0.70,1.8,1.1,4047
71.30,-14.591,-1.685,99.6,-0.36,CLEAR(조향OFF)|STRAIGHT,,999.00,0.70,1.8,1.1,4047
71.35,-14.648,-1.740,99.6,-0.50,CLEAR(조향OFF)|STRAIGHT,,999.00,0.70,1.8,1.1,4047
71.40,-14.648,-1.740,99.6,-0.50,CLEAR(조향OFF)|STRAIGHT,,999.00,0.70,1.8,1.1,4033
71.45,-14.717,-1.786,99.6,-0.34,CLEAR(조향OFF)|STRAIGHT,,999.00,0.70,1.8,1.1,4033
71.50,-14.717,-1.786,99.6,-0.34,CLEAR(조향OFF)|STRAIGHT,,999.00,0.70,1.8,1.1,4047
71.55,-14.772,-1.845,99.6,-0.49,CLEAR(조향OFF)|STRAIGHT,,999.00,0.70,1.8,1.1,4047
71.60,-14.772,-1.845,99.5,-0.49,CLEAR(조향OFF)|STRAIGHT,,999.00,0.70,1.8,1.1,4033
71.65,-14.834,-1.895,99.5,-0.35,CLEAR(조향OFF)|STRAIGHT,,999.00,0.70,1.9,1.1,4047
71.70,-14.834,-1.895,99.5,-0.35,CLEAR(조향OFF)|STRAIGHT,,999.00,0.70,1.9,1.1,4033
71.75,-14.898,-1.945,99.5,-0.43,CLEAR(조향OFF)|STRAIGHT,,999.00,0.70,1.9,1.1,4047
71.80,-14.898,-1.945,99.5,-0.43,CLEAR(조향OFF)|STRAIGHT,,999.00,0.70,1.9,1.0,4047
71.85,-14.963,-1.996,99.5,-0.40,CLEAR(조향OFF)|STRAIGHT,,999.00,0.70,1.9,1.0,4047
71.90,-14.963,-1.996,99.5,-0.40,CLEAR(조향OFF)|STRAIGHT,,999.00,0.70,1.9,1.1,4047
71.95,-15.026,-2.048,99.5,-0.40,CLEAR(조향OFF)|STRAIGHT,,999.00,0.70,1.8,1.1,4047
72.00,-15.026,-2.048,99.5,-0.40,CLEAR(조향OFF)|STRAIGHT,,999.00,0.70,1.8,1.1,4047
72.05,-15.026,-2.048,99.5,-0.40,CLEAR(조향OFF)|STRAIGHT,,999.00,0.70,1.8,1.1,4047
72.10,-15.095,-2.105,99.6,-0.37,CLEAR(조향OFF)|STRAIGHT,,999.00,0.70,1.8,1.0,4062
72.15,-15.154,-2.161,99.6,-0.57,CLEAR(조향OFF)|STRAIGHT,,999.00,0.70,1.8,1.1,4047
72.20,-15.154,-2.161,99.6,-0.57,CLEAR(조향OFF)|STRAIGHT,,999.00,0.70,1.8,1.1,4047
72.25,-15.219,-2.213,99.6,-0.37,CLEAR(조향OFF)|STRAIGHT,,999.00,0.70,1.8,1.1,4033
72.30,-15.219,-2.213,99.6,-0.37,CLEAR(조향OFF)|STRAIGHT,,999.00,0.70,1.8,1.1,4047
72.35,-15.283,-2.267,99.6,-0.47,CLEAR(조향OFF)|STRAIGHT,,999.00,0.70,1.7,1.0,4062
72.40,-15.283,-2.267,99.7,-0.47,CLEAR(조향OFF)|STRAIGHT,,999.00,0.70,1.7,1.1,4047
72.45,-15.356,-2.304,99.6,-0.24,CLEAR(조향OFF)|STRAIGHT,,999.00,0.70,1.6,1.1,4047
72.50,-15.356,-2.304,99.6,-0.24,CLEAR(조향OFF)|STRAIGHT,,999.00,0.70,1.6,1.0,4047
72.55,-15.423,-2.358,99.6,-0.42,CLEAR(조향OFF)|STRAIGHT,,999.00,0.70,1.8,1.1,4033
72.60,-15.423,-2.358,99.6,-0.42,CLEAR(조향OFF)|STRAIGHT,,999.00,0.70,1.8,1.1,4062
72.65,-15.485,-2.413,99.6,-0.44,CLEAR(조향OFF)|STRAIGHT,,999.00,0.70,1.7,1.1,4047
72.70,-15.485,-2.413,99.6,-0.44,CLEAR(조향OFF)|STRAIGHT,,999.00,0.70,1.7,1.0,4047
72.75,-15.556,-2.463,99.7,-0.37,CLEAR(조향OFF)|STRAIGHT,,999.00,0.70,1.7,1.0,4047
72.80,-15.556,-2.463,99.7,-0.37,CLEAR(조향OFF)|STRAIGHT,,999.00,0.70,1.7,1.1,4033
72.85,-15.624,-2.516,99.7,-0.40,CLEAR(조향OFF)|STRAIGHT,,999.00,0.70,1.6,1.0,4047
72.90,-15.624,-2.516,99.8,-0.40,CLEAR(조향OFF)|STRAIGHT,,999.00,0.70,1.6,1.1,4062
72.95,-15.696,-2.570,99.8,-0.41,CLEAR(조향OFF)|STRAIGHT,,999.00,0.70,1.6,1.1,4047
73.00,-15.696,-2.570,99.8,-0.41,CLEAR(조향OFF)|STRAIGHT,,999.00,0.70,1.6,1.1,4033
73.05,-15.761,-2.633,99.8,-0.46,CLEAR(조향OFF)|STRAIGHT,,999.00,0.70,1.5,1.1,4062
73.10,-15.761,-2.633,99.9,-0.46,CLEAR(조향OFF)|STRAIGHT,,999.00,0.70,1.5,1.1,4047
73.15,-15.834,-2.683,99.9,-0.36,CLEAR(조향OFF)|STRAIGHT,,999.00,0.70,1.3,1.0,4047
73.20,-15.834,-2.683,99.9,-0.36,CLEAR(조향OFF)|STRAIGHT,,999.00,0.70,1.3,1.1,4047
73.25,-15.898,-2.745,99.9,-0.50,CLEAR(조향OFF)|STRAIGHT,,999.00,0.70,1.3,1.1,4047
73.30,-15.898,-2.745,100.0,-0.50,CLEAR(조향OFF)|STRAIGHT,,999.00,0.70,1.3,1.1,4047
73.35,-15.972,-2.797,100.0,-0.38,CLEAR(조향OFF)|STRAIGHT,,999.00,0.70,1.2,1.1,4047
73.40,-15.972,-2.797,100.1,-0.38,CLEAR(조향OFF)|STRAIGHT,,999.00,0.70,1.2,1.1,4047
73.45,-16.045,-2.847,100.0,-0.41,CLEAR(조향OFF)|STRAIGHT,,999.00,0.70,1.1,1.1,4062
73.50,-16.045,-2.847,100.1,-0.41,CLEAR(조향OFF)|STRAIGHT,,999.00,0.70,1.1,1.1,4033
73.55,-16.113,-2.909,100.1,-0.45,CLEAR(조향OFF)|STRAIGHT,,999.00,0.70,1.1,1.1,4033
73.60,-16.113,-2.909,100.1,-0.45,CLEAR(조향OFF)|STRAIGHT,,999.00,0.70,1.1,1.1,4033
73.65,-16.178,-2.965,100.0,-0.43,CLEAR(조향OFF)|STRAIGHT,,999.00,0.70,1.1,1.1,4047
73.70,-16.178,-2.965,100.0,-0.43,CLEAR(조향OFF)|STRAIGHT,,999.00,0.70,1.1,1.1,4033
73.75,-16.251,-3.034,100.1,-0.62,CLEAR(조향OFF)|STRAIGHT,,999.00,0.70,1.1,1.1,4047
73.80,-16.251,-3.034,100.1,-0.62,CLEAR(조향OFF)|STRAIGHT,,999.00,0.70,1.1,1.1,4033
73.85,-16.319,-3.095,100.1,-0.48,CLEAR(조향OFF)|STRAIGHT,,999.00,0.70,0.9,1.1,4033
73.90,-16.319,-3.095,100.2,-0.48,CLEAR(조향OFF)|STRAIGHT,,999.00,0.70,0.9,1.0,4033
73.95,-16.391,-3.148,100.2,-0.39,CLEAR(조향OFF)|STRAIGHT,,999.00,0.70,0.9,1.1,4047
74.00,-16.391,-3.148,100.2,-0.39,CLEAR(조향OFF)|STRAIGHT,,999.00,0.70,0.9,1.1,4047
74.05,-16.391,-3.148,100.3,-0.39,CLEAR(조향OFF)|STRAIGHT,,999.00,0.70,0.8,1.1,4047
74.10,-16.464,-3.213,100.2,-0.37,CLEAR(조향OFF)|STRAIGHT,,999.00,0.70,0.8,1.1,4047
74.15,-16.464,-3.213,100.2,-0.37,CLEAR(조향OFF)|STRAIGHT,,999.00,0.70,0.7,1.1,4033
74.20,-16.464,-3.213,100.3,-0.37,CLEAR(조향OFF)|STRAIGHT,,999.00,0.70,0.7,1.1,4062
74.25,-16.600,-3.338,100.2,-0.58,CLEAR(조향OFF)|STRAIGHT,,999.00,0.70,0.8,1.0,4047
74.30,-16.600,-3.338,100.3,-0.58,CLEAR(조향OFF)|STRAIGHT,,999.00,0.70,0.8,1.0,4047
74.35,-16.678,-3.395,100.3,-0.43,CLEAR(조향OFF)|STRAIGHT,,999.00,0.70,0.7,1.1,4033
74.40,-16.678,-3.395,100.5,-0.43,CLEAR(조향OFF)|STRAIGHT,,999.00,0.70,0.7,1.1,4033
74.45,-16.749,-3.460,100.5,-0.55,CLEAR(조향OFF)|STRAIGHT,,999.00,0.70,0.5,1.1,4033
74.50,-16.749,-3.460,100.4,-0.55,CLEAR(조향OFF)|STRAIGHT,,999.00,0.70,0.5,1.1,4047
74.55,-16.824,-3.506,100.5,-0.29,CLEAR(조향OFF)|STRAIGHT,,999.00,0.70,0.4,1.1,4018
74.60,-16.824,-3.506,100.6,-0.29,CLEAR(조향OFF)|STRAIGHT,,999.00,0.70,0.4,1.0,4047
74.65,-16.899,-3.570,100.6,-0.48,CLEAR(조향OFF)|STRAIGHT,,999.00,0.70,0.3,1.1,4047
74.70,-16.899,-3.570,100.6,-0.48,CLEAR(조향OFF)|STRAIGHT,,999.00,0.70,0.3,1.1,4033
74.75,-16.970,-3.639,100.6,-0.61,CLEAR(조향OFF)|STRAIGHT,,999.00,0.70,0.2,1.0,4047
74.80,-16.970,-3.639,100.7,-0.61,CLEAR(조향OFF)|STRAIGHT,,999.00,0.70,0.2,1.1,4033
74.85,-17.047,-3.696,100.8,-0.37,CLEAR(조향OFF)|STRAIGHT,,999.00,0.70,0.1,1.1,4033
74.90,-17.047,-3.696,100.9,-0.37,CLEAR(조향OFF)|STRAIGHT,,999.00,0.70,0.1,1.1,4047
74.95,-17.127,-3.764,100.9,-0.52,CLEAR(조향OFF)|STRAIGHT,,999.00,0.70,-0.1,1.0,4047
75.00,-17.127,-3.764,101.0,-0.52,CLEAR(조향OFF)|STRAIGHT,,999.00,0.70,-0.1,1.1,4047
75.05,-17.127,-3.764,101.0,-0.52,CLEAR(조향OFF)|STRAIGHT,,999.00,0.70,-0.3,1.1,4033
75.10,-17.199,-3.824,101.0,-0.41,CLEAR(조향OFF)|STRAIGHT,,999.00,0.70,-0.3,1.1,4033
75.15,-17.276,-3.891,101.1,-0.60,CLEAR(조향OFF)|STRAIGHT,,999.00,0.70,-0.4,1.1,4047
75.20,-17.276,-3.891,101.2,-0.60,CLEAR(조향OFF)|STRAIGHT,,999.00,0.70,-0.4,1.1,4062
75.25,-17.354,-3.953,101.2,-0.44,CLEAR(조향OFF)|STRAIGHT,,999.00,0.70,-0.5,1.1,4047
75.30,-17.354,-3.953,101.2,-0.44,CLEAR(조향OFF)|STRAIGHT,,999.00,0.70,-0.5,1.0,4047
75.35,-17.430,-4.025,101.2,-0.57,CLEAR(조향OFF)|STRAIGHT,,999.00,0.70,-0.7,0.3,4106
75.40,-17.430,-4.025,101.1,-0.57,CLEAR(조향OFF)|STRAIGHT,,999.00,0.70,-0.7,0.3,4167
75.45,-17.507,-4.087,101.1,-0.50,CLEAR(조향OFF)|STRAIGHT,,999.00,0.70,-0.6,0.3,4152
75.50,-17.507,-4.087,101.1,-0.50,CLEAR(조향OFF)|STRAIGHT,,999.00,0.70,-0.6,0.3,4167
75.55,-17.582,-4.161,101.1,-0.53,CLEAR(조향OFF)|STRAIGHT,,999.00,0.70,-0.6,0.3,4152
75.60,-17.582,-4.161,101.0,-0.53,CLEAR(조향OFF)|STRAIGHT,,999.00,0.70,-0.6,0.3,4167
75.65,-17.582,-4.161,101.0,-0.53,CLEAR(조향OFF)|STRAIGHT,,999.00,0.70,-0.5,0.3,4167
75.70,-17.658,-4.233,101.0,-0.51,CLEAR(조향OFF)|STRAIGHT,,999.00,0.70,-0.5,0.3,4167
75.75,-17.741,-4.298,101.0,-0.53,CLEAR(조향OFF)|STRAIGHT,,999.00,0.70,-0.4,0.3,4167
75.80,-17.741,-4.298,100.9,-0.53,CLEAR(조향OFF)|STRAIGHT,,999.00,0.70,-0.4,0.3,4167
75.85,-17.741,-4.298,100.9,-0.53,CLEAR(조향OFF)|STRAIGHT,,999.00,0.70,-0.3,0.3,4167
75.90,-17.819,-4.364,100.9,-0.46,CLEAR(조향OFF)|STRAIGHT,,999.00,0.70,-0.3,0.3,4167
75.95,-17.900,-4.434,100.9,-0.60,CLEAR(조향OFF)|STRAIGHT,,999.00,0.70,-0.3,0.3,4167
76.00,-17.900,-4.434,100.9,-0.60,CLEAR(조향OFF)|STRAIGHT,,999.00,0.70,-0.3,0.3,4183
76.05,-17.900,-4.434,100.9,-0.60,CLEAR(조향OFF)|STRAIGHT,,999.00,0.70,-0.2,0.3,4167
76.10,-17.976,-4.502,100.8,-0.40,CLEAR(조향OFF)|STRAIGHT,,999.00,0.70,-0.2,0.3,4152
76.15,-17.976,-4.502,100.8,-0.40,CLEAR(조향OFF)|STRAIGHT,,999.00,0.70,-0.2,0.3,4167
76.20,-17.976,-4.502,100.8,-0.40,CLEAR(조향OFF)|STRAIGHT,,999.00,0.70,-0.2,0.3,4167
76.25,-18.146,-4.639,100.8,-0.60,CLEAR(조향OFF)|STRAIGHT,,999.00,0.70,-0.0,0.3,4183
76.30,-18.146,-4.639,100.7,-0.60,CLEAR(조향OFF)|STRAIGHT,,999.00,0.70,-0.0,0.3,4183
76.35,-18.146,-4.639,100.7,-0.60,CLEAR(조향OFF)|STRAIGHT,,999.00,0.70,0.1,0.3,4167
76.40,-18.227,-4.696,100.7,-0.28,CLEAR(조향OFF)|STRAIGHT,,999.00,0.70,0.1,0.3,4167
76.45,-18.227,-4.696,100.7,-0.28,CLEAR(조향OFF)|STRAIGHT,,999.00,0.70,0.0,0.3,4167
76.50,-18.227,-4.696,100.7,-0.28,CLEAR(조향OFF)|STRAIGHT,,999.00,0.70,0.0,0.3,4167
76.55,-18.397,-4.834,100.7,-0.69,CLEAR(조향OFF)|STRAIGHT,,999.00,0.70,0.1,0.3,4167
76.60,-18.397,-4.834,100.6,-0.69,CLEAR(조향OFF)|STRAIGHT,,999.00,0.70,0.1,0.3,4183
76.65,-18.478,-4.903,100.6,-0.53,CLEAR(조향OFF)|STRAIGHT,,999.00,0.70,0.1,0.3,4167
76.70,-18.478,-4.903,100.5,-0.53,CLEAR(조향OFF)|STRAIGHT,,999.00,0.70,0.1,0.3,4167
76.75,-18.564,-4.969,100.5,-0.49,CLEAR(조향OFF)|STRAIGHT,,999.00,0.70,0.2,0.3,4167
76.80,-18.564,-4.969,100.4,-0.49,CLEAR(조향OFF)|STRAIGHT,,999.00,0.70,0.2,0.3,4183
76.85,-18.647,-5.036,100.4,-0.50,CLEAR(조향OFF)|STRAIGHT,,999.00,0.70,0.4,0.3,4152
76.90,-18.647,-5.036,100.3,-0.50,CLEAR(조향OFF)|STRAIGHT,,999.00,0.70,0.4,0.3,4167
76.95,-18.647,-5.036,100.3,-0.50,CLEAR(조향OFF)|STRAIGHT,,999.00,0.70,0.6,0.3,4183
77.00,-18.731,-5.106,100.3,-0.38,CLEAR(조향OFF)|STRAIGHT,,999.00,0.70,0.6,0.3,4167
77.05,-18.731,-5.106,100.2,-0.38,CLEAR(조향OFF)|STRAIGHT,,999.00,0.70,0.7,0.3,4183
77.10,-18.731,-5.106,100.2,-0.38,CLEAR(조향OFF)|STRAIGHT,,999.00,0.70,0.7,0.3,4167
77.15,-18.731,-5.106,100.2,-0.38,CLEAR(조향OFF)|STRAIGHT,,999.00,0.70,0.8,0.3,4183
77.20,-18.899,-5.247,100.1,-0.64,CLEAR(조향OFF)|STRAIGHT,,999.00,0.70,0.8,0.3,4152
77.25,-18.978,-5.324,100.1,-0.69,CLEAR(조향OFF)|STRAIGHT,,999.00,0.70,1.0,0.3,4137
77.30,-18.978,-5.324,100.1,-0.69,CLEAR(조향OFF)|STRAIGHT,,999.00,0.70,1.0,0.3,4167
77.35,-19.067,-5.392,100.1,-0.51,CLEAR(조향OFF)|STRAIGHT,,999.00,0.70,0.9,0.4,4167
77.40,-19.067,-5.392,100.1,-0.51,CLEAR(조향OFF)|STRAIGHT,,999.00,0.70,0.9,0.3,4167
77.45,-19.153,-5.467,100.1,-0.59,CLEAR(조향OFF)|STRAIGHT,,999.00,0.70,0.9,0.3,4167
77.50,-19.153,-5.467,100.1,-0.59,CLEAR(조향OFF)|STRAIGHT,,999.00,0.70,0.9,0.3,4167
77.55,-19.238,-5.534,100.1,-0.51,CLEAR(조향OFF)|STRAIGHT,,999.00,0.70,1.0,0.3,4167
77.60,-19.238,-5.534,100.0,-0.51,AVOID(조향OFF)|RIGHT,,8.00,0.70,1.0,0.3,4167
77.65,-19.330,-5.601,100.1,-0.50,AVOID(조향OFF)|RIGHT,,8.00,0.70,1.0,0.3,4167
77.70,-19.330,-5.601,99.9,-0.50,CLEAR(조향OFF)|STRAIGHT,,999.00,0.70,1.0,0.3,4167
77.75,-19.411,-5.672,99.9,-0.62,CLEAR(조향OFF)|STRAIGHT,,999.00,0.70,1.2,0.3,4167
77.80,-19.411,-5.672,99.8,-0.62,CLEAR(조향OFF)|STRAIGHT,,999.00,0.70,1.2,0.3,4167
77.85,-19.493,-5.748,99.8,-0.61,CLEAR(조향OFF)|STRAIGHT,,999.00,0.70,1.3,0.3,4183
77.90,-19.493,-5.748,99.8,-0.61,AVOID(조향OFF)|RIGHT,,8.00,0.70,1.3,0.3,4167
77.95,-19.582,-5.813,99.8,-0.49,AVOID(조향OFF)|RIGHT,,8.00,0.70,1.4,0.3,4167
78.00,-19.582,-5.813,99.8,-0.49,CLEAR(조향OFF)|STRAIGHT,,999.00,0.70,1.4,0.3,4183
78.05,-19.582,-5.813,99.8,-0.49,CLEAR(조향OFF)|STRAIGHT,,999.00,0.70,1.4,0.3,4183
78.10,-19.667,-5.888,99.7,-0.49,AVOID(조향OFF)|RIGHT,,8.00,0.70,1.4,0.3,4167
78.15,-19.757,-5.955,99.7,-0.63,AVOID(조향OFF)|RIGHT,,8.00,0.70,1.5,0.3,4183
78.20,-19.757,-5.955,99.7,-0.63,AVOID(조향OFF)|RIGHT,,8.00,0.70,1.5,0.3,4167
78.25,-19.843,-6.026,99.6,-0.51,CLEAR(조향OFF)|STRAIGHT,,999.00,0.70,1.6,0.3,4167
78.30,-19.843,-6.026,99.6,-0.51,CLEAR(조향OFF)|STRAIGHT,,999.00,0.70,1.6,0.3,4183
78.35,-19.926,-6.102,99.7,-0.68,CLEAR(조향OFF)|STRAIGHT,,999.00,0.70,1.7,0.3,4167
78.40,-19.926,-6.102,99.6,-0.68,CLEAR(조향OFF)|STRAIGHT,,999.00,0.70,1.7,0.3,4167
78.45,-20.017,-6.168,99.5,-0.45,CLEAR(조향OFF)|STRAIGHT,,999.00,0.70,1.7,0.3,4183
78.50,-20.017,-6.168,99.4,-0.45,CLEAR(조향OFF)|STRAIGHT,,999.00,0.70,1.7,0.3,4167
78.55,-20.107,-6.237,-139.8,-0.53,CLEAR(조향OFF)|STRAIGHT,,999.00,0.70,1.9,0.3,4152
78.60,-20.107,-6.237,-139.8,-0.53,CLEAR(조향OFF)|STRAIGHT,,999.00,0.70,1.9,0.4,4152
78.65,-20.189,-6.314,-139.9,1.12,AVOID(조향OFF)|RIGHT,,8.00,0.00,0.0,0.5,4152
78.70,-20.189,-6.314,-139.9,1.12,AVOID(조향OFF)|RIGHT,,8.00,0.00,0.0,0.5,4137
78.75,-20.271,-6.384,-139.9,1.08,AVOID(조향OFF)|RIGHT,,8.00,0.00,0.0,0.5,4152
78.80,-20.271,-6.384,-139.9,1.08,AVOID(조향OFF)|RIGHT,,8.00,0.00,0.0,0.5,4137
78.85,-20.363,-6.452,-140.0,1.27,AVOID(조향OFF)|RIGHT,,8.00,0.00,0.0,0.5,4137
78.90,-20.363,-6.452,-139.9,1.27,AVOID(조향OFF)|RIGHT,,8.00,0.00,0.0,0.5,4137
78.95,-20.449,-6.521,-140.0,1.10,AVOID(조향OFF)|RIGHT,,8.00,0.00,0.0,0.5,4152
79.00,-20.449,-6.521,-140.0,1.10,AVOID(조향OFF)|RIGHT,,8.00,0.00,0.0,0.5,4137
79.05,-20.520,-6.574,-140.0,0.80,AVOID(조향OFF)|RIGHT,,8.00,0.00,0.0,0.5,4152
79.10,-20.520,-6.574,-140.0,0.80,AVOID(조향OFF)|RIGHT,,8.00,0.00,0.0,0.3,4152
79.15,-20.577,-6.623,-140.0,0.75,AVOID(조향OFF)|RIGHT,,8.00,0.00,0.0,0.4,4152
79.20,-20.577,-6.623,-139.9,0.75,AVOID(조향OFF)|RIGHT,,8.00,0.00,0.0,0.5,4137
79.25,-20.626,-6.663,-139.9,0.70,AVOID(조향OFF)|RIGHT,,8.00,0.00,0.0,0.4,4137
79.30,-20.626,-6.663,-139.9,0.70,AVOID(조향OFF)|RIGHT,,8.00,0.00,0.0,0.5,4137
79.35,-20.667,-6.684,-139.9,0.45,AVOID(조향OFF)|RIGHT,,8.00,0.00,0.0,0.5,4137
79.40,-20.667,-6.684,-139.9,0.45,AVOID(조향OFF)|RIGHT,,8.00,0.00,0.0,0.5,4137
79.45,-20.686,-6.702,-139.9,0.27,AVOID(조향OFF)|RIGHT,,8.00,0.00,0.0,0.5,4152
79.50,-20.686,-6.702,-139.9,0.27,AVOID(조향OFF)|RIGHT,,8.00,0.00,0.0,0.5,4137
79.55,-20.694,-6.709,-139.9,0.11,AVOID(조향OFF)|RIGHT,,8.00,0.00,0.0,0.4,4152
79.60,-20.694,-6.709,-139.9,0.11,AVOID(조향OFF)|RIGHT,,8.00,0.00,0.0,0.5,4137
79.65,-20.702,-6.721,-139.9,0.12,AVOID(조향OFF)|RIGHT,,8.00,0.00,0.0,0.5,4152
79.70,-20.702,-6.721,-139.9,0.12,AVOID(조향OFF)|RIGHT,,8.00,0.00,0.0,0.5,4137
79.75,-20.710,-6.725,-139.9,0.10,AVOID(조향OFF)|RIGHT,,8.00,0.00,0.0,0.5,4137
79.80,-20.710,-6.725,-139.9,0.10,AVOID(조향OFF)|RIGHT,,8.00,0.00,0.0,0.5,4137
79.85,-20.714,-6.729,-139.9,0.06,AVOID(조향OFF)|RIGHT,,8.00,0.00,0.0,0.5,4152
79.90,-20.714,-6.729,-139.9,0.06,AVOID(조향OFF)|RIGHT,,8.00,0.00,0.0,0.5,4152
79.95,-20.720,-6.735,-139.9,0.08,AVOID(조향OFF)|RIGHT,,8.00,0.00,0.0,0.5,4137
80.00,-20.720,-6.735,-139.9,0.08,AVOID(조향OFF)|RIGHT,,8.00,0.00,0.0,0.5,4137
80.05,-20.720,-6.734,-139.9,-0.01,AVOID(조향OFF)|RIGHT,,8.00,0.69,-10.1,0.4,4152
80.10,-20.720,-6.734,-139.9,-0.01,AVOID(조향OFF)|RIGHT,,8.00,0.69,-10.1,0.5,4152
80.15,-20.719,-6.733,-139.9,-0.01,AVOID(조향OFF)|RIGHT,,8.00,0.69,-10.7,-0.1,4198
80.20,-20.719,-6.733,-139.9,-0.01,AVOID(조향OFF)|RIGHT,,8.00,0.69,-10.7,-1.4,4328
80.25,-20.718,-6.731,-139.9,-0.02,AVOID(조향OFF)|RIGHT,,8.00,0.69,-10.7,-2.4,4430
80.30,-20.718,-6.731,-139.9,-0.02,AVOID(조향OFF)|RIGHT,,8.00,0.69,-10.7,-2.8,4483
80.35,-20.715,-6.732,-139.9,-0.02,AVOID(조향OFF)|RIGHT,,8.00,0.69,-10.6,-2.9,4501
80.40,-20.715,-6.732,-139.9,-0.02,AVOID(조향OFF)|RIGHT,,8.00,0.69,-10.6,-3.0,4537
80.45,-20.715,-6.729,-139.9,-0.02,AVOID(조향OFF)|RIGHT,,8.00,0.69,-10.6,-3.1,4537
80.50,-20.715,-6.729,-139.9,-0.02,AVOID(조향OFF)|RIGHT,,8.00,0.69,-10.6,-3.0,4555
80.55,-20.716,-6.732,-139.9,0.03,AVOID(조향OFF)|RIGHT,,8.00,0.69,-10.5,-3.1,4537
80.60,-20.716,-6.732,-140.0,0.03,AVOID(조향OFF)|RIGHT,,8.00,0.69,-10.4,-3.0,4555
80.65,-20.728,-6.743,-140.0,0.16,AVOID(조향OFF)|RIGHT,,8.00,0.69,-10.4,-3.1,4574
80.70,-20.728,-6.743,-140.1,0.16,AVOID(조향OFF)|RIGHT,,8.00,0.69,-10.4,-3.1,4574
80.75,-20.740,-6.751,-140.1,0.14,AVOID(조향OFF)|RIGHT,,8.00,0.69,-9.6,-3.1,4574
80.80,-20.740,-6.751,-140.2,0.14,AVOID(조향OFF)|RIGHT,,8.00,0.69,-9.5,-3.3,4574
80.85,-20.758,-6.767,-140.2,0.24,CLEAR(조향OFF)|STRAIGHT,,999.00,0.69,-9.8,-4.0,4650
80.90,-20.758,-6.767,-140.3,0.24,CLEAR(조향OFF)|STRAIGHT,,999.00,0.69,-9.7,-4.7,4688
80.95,-20.775,-6.782,-140.3,0.26,AVOID(조향OFF)|RIGHT,,8.00,0.69,-9.3,-5.1,4728
81.00,-20.775,-6.782,-140.5,0.26,AVOID(조향OFF)|RIGHT,,8.00,0.69,-9.2,-5.3,4768
81.05,-20.775,-6.782,-140.6,0.26,CLEAR(조향OFF)|STRAIGHT,,999.00,0.69,-9.2,-5.3,4768
81.10,-20.800,-6.795,-140.7,0.23,CLEAR(조향OFF)|STRAIGHT,,999.00,0.69,-9.1,-5.2,4748
81.15,-20.830,-6.816,-140.8,0.41,CLEAR(조향OFF)|STRAIGHT,,999.00,0.69,-9.0,-5.3,4768
81.20,-20.830,-6.816,-141.0,0.41,CLEAR(조향OFF)|STRAIGHT,,999.00,0.70,-9.3,-5.4,4768
81.25,-20.830,-6.816,-141.1,0.41,CLEAR(조향OFF)|STRAIGHT,,999.00,0.70,-7.0,-5.3,4788
81.30,-20.856,-6.837,-141.2,0.30,CLEAR(조향OFF)|STRAIGHT,,999.00,0.70,-5.4,-5.2,4768
81.35,-20.887,-6.860,-141.4,0.49,CLEAR(조향OFF)|STRAIGHT,,999.00,0.70,-5.3,-5.3,4788
81.40,-20.887,-6.860,-141.5,0.49,CLEAR(조향OFF)|STRAIGHT,,999.00,0.70,-5.7,-5.3,4768
81.45,-20.919,-6.885,-141.6,0.40,CLEAR(조향OFF)|STRAIGHT,,999.00,0.70,-5.1,-5.3,4788
81.50,-20.919,-6.885,-141.8,0.40,CLEAR(조향OFF)|STRAIGHT,,999.00,0.70,-5.0,-5.3,4788
81.55,-20.957,-6.903,-141.9,0.38,CLEAR(조향OFF)|STRAIGHT,,999.00,0.70,-5.4,-5.3,4768
81.60,-20.957,-6.903,-142.2,0.38,CLEAR(조향OFF)|STRAIGHT,,999.00,0.70,-5.3,-5.3,4788
81.65,-20.995,-6.935,-142.3,0.55,CLEAR(조향OFF)|STRAIGHT,,999.00,0.70,-5.3,-5.3,4788
81.70,-20.995,-6.935,-142.5,0.55,CLEAR(조향OFF)|STRAIGHT,,999.00,0.70,-5.1,-5.3,4768
81.75,-21.033,-6.959,-142.6,0.45,CLEAR(조향OFF)|STRAIGHT,,999.00,0.70,-4.7,-5.3,4808
81.80,-21.033,-6.959,-142.8,0.45,CLEAR(조향OFF)|STRAIGHT,,999.00,0.70,-4.6,-5.3,4788
81.85,-21.070,-6.983,-142.9,0.44,CLEAR(조향OFF)|STRAIGHT,,999.00,0.70,-4.9,-5.3,4788
81.90,-21.070,-6.983,-143.2,0.44,CLEAR(조향OFF)|STRAIGHT,,999.00,0.70,-4.8,-5.3,4788
81.95,-21.112,-7.013,-143.3,0.52,CLEAR(조향OFF)|STRAIGHT,,999.00,0.70,-4.9,-5.3,4788
82.00,-21.112,-7.013,-143.5,0.52,CLEAR(조향OFF)|STRAIGHT,,999.00,0.70,-4.6,-5.3,4808
82.05,-21.112,-7.013,-143.7,0.52,CLEAR(조향OFF)|STRAIGHT,,999.00,0.70,-4.5,-5.3,4788
82.10,-21.158,-7.044,-143.9,0.46,CLEAR(조향OFF)|STRAIGHT,,999.00,0.70,-4.3,-5.3,4788
82.15,-21.203,-7.076,-144.0,0.69,CLEAR(조향OFF)|STRAIGHT,,999.00,0.70,-4.2,-5.3,4808
82.20,-21.203,-7.076,-144.2,0.69,CLEAR(조향OFF)|STRAIGHT,,999.00,0.70,-4.4,-5.3,4768
82.25,-21.244,-7.109,-144.4,0.48,CLEAR(조향OFF)|STRAIGHT,,999.00,0.70,-3.8,-5.3,4788
82.30,-21.244,-7.109,-144.7,0.48,CLEAR(조향OFF)|STRAIGHT,,999.00,0.70,-3.6,-5.3,4808
82.35,-21.244,-7.109,-144.8,0.48,CLEAR(조향OFF)|STRAIGHT,,999.00,0.70,-2.7,-5.3,4788
82.40,-21.298,-7.121,-145.0,0.36,CLEAR(조향OFF)|STRAIGHT,,999.00,0.70,-2.5,-5.3,4788
82.45,-21.298,-7.121,-145.2,0.36,CLEAR(조향OFF)|STRAIGHT,,999.00,0.70,-2.4,-5.3,4788
82.50,-21.298,-7.121,-145.5,0.36,CLEAR(조향OFF)|STRAIGHT,,999.00,0.70,-2.2,-5.3,4788
82.55,-21.399,-7.184,-145.6,0.74,CLEAR(조향OFF)|STRAIGHT,,999.00,0.70,-2.1,-3.9,4708
82.60,-21.399,-7.184,-145.9,0.74,CLEAR(조향OFF)|STRAIGHT,,999.00,0.70,-1.8,-3.4,4669
82.65,-21.447,-7.210,-145.9,0.60,CLEAR(조향OFF)|STRAIGHT,,999.00,0.70,-1.2,-3.4,4630
82.70,-21.447,-7.210,-146.2,0.60,CLEAR(조향OFF)|STRAIGHT,,999.00,0.70,-1.1,-3.4,4630
82.75,-21.505,-7.242,-146.3,0.66,CLEAR(조향OFF)|STRAIGHT,,999.00,0.70,-1.1,-3.3,4630
82.80,-21.505,-7.242,-146.6,0.66,CLEAR(조향OFF)|STRAIGHT,,999.00,0.70,-0.9,-3.3,4611
82.85,-21.560,-7.276,-146.7,0.58,CLEAR(조향OFF)|STRAIGHT,,999.00,0.70,-0.7,-3.3,4611
82.90,-21.560,-7.276,-146.9,0.58,CLEAR(조향OFF)|STRAIGHT,,999.00,0.70,-0.5,-3.3,4630
82.95,-21.612,-7.308,-147.0,0.68,CLEAR(조향OFF)|STRAIGHT,,999.00,0.70,-0.5,-3.3,4630
83.00,-21.612,-7.308,-147.3,0.68,CLEAR(조향OFF)|STRAIGHT,,999.00,0.70,-0.3,-3.3,4611
83.05,-21.663,-7.342,-147.4,0.56,CLEAR(조향OFF)|STRAIGHT,,999.00,0.70,-0.2,-3.3,4611
83.10,-21.663,-7.342,-147.6,0.56,CLEAR(조향OFF)|STRAIGHT,,999.00,0.70,0.1,-3.3,4611
83.15,-21.722,-7.372,-147.7,0.67,CLEAR(조향OFF)|STRAIGHT,,999.00,0.70,0.0,-3.3,4611
83.20,-21.722,-7.372,-147.9,0.67,CLEAR(조향OFF)|STRAIGHT,,999.00,0.70,0.2,-3.3,4611
83.25,-21.781,-7.401,-148.0,0.65,CLEAR(조향OFF)|STRAIGHT,,999.00,0.70,0.8,-2.3,4537
83.30,-21.781,-7.401,-148.2,0.65,CLEAR(조향OFF)|STRAIGHT,,999.00,0.70,1.0,-1.8,4501
83.35,-21.842,-7.432,-148.3,0.76,CLEAR(조향OFF)|STRAIGHT,,999.00,0.70,1.3,-1.6,4465
83.40,-21.842,-7.432,-148.4,0.76,CLEAR(조향OFF)|STRAIGHT,,999.00,0.70,1.4,-1.7,4447
83.45,-21.896,-7.468,-148.5,0.59,CLEAR(조향OFF)|STRAIGHT,,999.00,0.70,1.6,-1.7,4447
83.50,-21.896,-7.468,-148.7,0.59,CLEAR(조향OFF)|STRAIGHT,,999.00,0.70,1.7,-1.0,4378
83.55,-21.959,-7.501,-148.8,0.79,CLEAR(조향OFF)|STRAIGHT,,999.00,0.70,1.9,-0.8,4378
83.60,-21.959,-7.501,-148.8,0.79,CLEAR(조향OFF)|STRAIGHT,,999.00,0.70,2.0,-0.9,4361
83.65,-22.020,-7.531,-148.9,0.68,CLEAR(조향OFF)|STRAIGHT,,999.00,0.70,2.2,-0.6,4311
83.70,-22.020,-7.531,-149.0,0.68,CLEAR(조향OFF)|STRAIGHT,,999.00,0.70,2.3,-0.4,4295
83.75,-22.084,-7.571,-149.0,0.75,CLEAR(조향OFF)|STRAIGHT,,999.00,0.70,2.7,-0.5,4311
83.80,-22.084,-7.571,-149.1,0.75,CLEAR(조향OFF)|STRAIGHT,,999.00,0.70,2.8,-0.5,4311
83.85,-22.150,-7.598,-149.2,0.70,CLEAR(조향OFF)|STRAIGHT,,999.00,0.70,2.9,-0.5,4295
83.90,-22.150,-7.598,-149.2,0.70,CLEAR(조향OFF)|STRAIGHT,,999.00,0.70,3.0,0.4,4198
83.95,-22.205,-7.639,-149.2,0.68,CLEAR(조향OFF)|STRAIGHT,,999.00,0.70,2.9,0.5,4167
84.00,-22.205,-7.639,-149.3,0.68,CLEAR(조향OFF)|STRAIGHT,,999.00,0.70,2.9,0.5,4167
84.05,-22.205,-7.639,-149.3,0.68,CLEAR(조향OFF)|STRAIGHT,,999.00,0.70,3.0,0.7,4137
84.10,-22.274,-7.673,-149.3,0.64,CLEAR(조향OFF)|STRAIGHT,,999.00,0.70,3.1,0.7,4137
84.15,-22.337,-7.709,-149.3,0.91,CLEAR(조향OFF)|STRAIGHT,,999.00,0.70,3.1,1.0,4092
84.20,-22.337,-7.709,-149.3,0.91,CLEAR(조향OFF)|STRAIGHT,,999.00,0.70,3.5,1.2,4077
84.25,-22.401,-7.748,-149.3,0.68,CLEAR(조향OFF)|STRAIGHT,,999.00,0.70,3.4,1.2,4077
84.30,-22.401,-7.748,-149.3,0.68,CLEAR(조향OFF)|STRAIGHT,,999.00,0.70,3.4,1.1,4077
84.35,-22.465,-7.779,-149.3,0.70,CLEAR(조향OFF)|STRAIGHT,,999.00,0.70,3.9,1.3,4033
84.40,-22.465,-7.779,-149.3,0.70,CLEAR(조향OFF)|STRAIGHT,,999.00,0.70,3.9,1.3,4033
84.45,-22.526,-7.815,-149.3,0.79,CLEAR(조향OFF)|STRAIGHT,,999.00,0.70,4.3,1.6,4004
84.50,-22.526,-7.815,-149.2,0.79,CLEAR(조향OFF)|STRAIGHT,,999.00,0.70,4.3,1.8,3962
84.55,-22.592,-7.855,-149.2,0.70,CLEAR(조향OFF)|STRAIGHT,,999.00,0.70,4.4,1.8,3962
84.60,-22.592,-7.855,-149.2,0.70,CLEAR(조향OFF)|STRAIGHT,,999.00,0.70,4.3,1.8,3962
84.65,-22.657,-7.895,-149.1,0.77,CLEAR(조향OFF)|STRAIGHT,,999.00,0.70,3.7,2.1,3907
84.70,-22.657,-7.895,-149.1,0.77,CLEAR(조향OFF)|STRAIGHT,,999.00,0.70,3.7,2.1,3907
84.75,-22.725,-7.929,-149.0,0.76,CLEAR(조향OFF)|STRAIGHT,,999.00,0.70,3.8,2.1,3880
84.80,-22.725,-7.929,-149.0,0.76,CLEAR(조향OFF)|STRAIGHT,,999.00,0.70,3.8,2.2,3880
84.85,-22.789,-7.968,-148.9,0.83,CLEAR(조향OFF)|STRAIGHT,,999.00,0.70,4.1,2.2,3880
84.90,-22.789,-7.968,-148.9,0.83,CLEAR(조향OFF)|STRAIGHT,,999.00,0.70,4.1,2.2,3893
84.95,-22.854,-8.008,-148.8,0.77,CLEAR(조향OFF)|STRAIGHT,,999.00,0.70,4.2,2.1,3867
85.00,-22.854,-8.008,-148.8,0.77,CLEAR(조향OFF)|STRAIGHT,,999.00,0.70,4.1,2.1,3867
85.05,-22.922,-8.047,-148.8,0.71,CLEAR(조향OFF)|STRAIGHT,,999.00,0.70,4.5,2.1,3880
85.10,-22.922,-8.047,-148.7,0.71,CLEAR(조향OFF)|STRAIGHT,,999.00,0.70,4.5,2.5,3840
85.15,-22.986,-8.086,-148.6,0.74,CLEAR(조향OFF)|STRAIGHT,,999.00,0.70,5.0,2.5,3840
85.20,-22.986,-8.086,-148.6,0.74,CLEAR(조향OFF)|STRAIGHT,,999.00,0.70,4.9,2.6,3827
85.25,-23.052,-8.130,-148.5,0.93,CLEAR(조향OFF)|STRAIGHT,,999.00,0.70,3.8,2.6,3827
85.30,-23.052,-8.130,-148.4,0.93,CLEAR(조향OFF)|STRAIGHT,,999.00,0.70,3.8,2.5,3814
85.35,-23.121,-8.171,-148.3,0.81,CLEAR(조향OFF)|STRAIGHT,,999.00,0.70,3.7,2.5,3840
85.40,-23.121,-8.171,-148.3,0.81,CLEAR(조향OFF)|STRAIGHT,,999.00,0.70,3.6,2.5,3814
85.45,-23.186,-8.212,-148.2,0.67,CLEAR(조향OFF)|STRAIGHT,,999.00,0.70,4.0,2.5,3814
85.50,-23.186,-8.212,-148.1,0.67,CLEAR(조향OFF)|STRAIGHT,,999.00,0.70,4.0,2.6,3814
85.55,-23.254,-8.249,-148.0,0.86,CLEAR(조향OFF)|STRAIGHT,,999.00,0.70,4.5,2.6,3814
85.60,-23.254,-8.249,-147.9,0.86,CLEAR(조향OFF)|STRAIGHT,,999.00,0.70,4.4,2.6,3801
85.65,-23.325,-8.294,-147.9,0.76,CLEAR(조향OFF)|STRAIGHT,,999.00,0.70,4.3,2.8,3776
85.70,-23.325,-8.294,-147.7,0.76,CLEAR(조향OFF)|STRAIGHT,,999.00,0.70,4.2,3.0,3763
85.75,-23.393,-8.331,-147.7,0.78,CLEAR(조향OFF)|STRAIGHT,,999.00,0.70,4.8,2.9,3763
85.80,-23.393,-8.331,-147.5,0.78,CLEAR(조향OFF)|STRAIGHT,,999.00,0.70,4.7,2.9,3763
85.85,-23.458,-8.376,-147.4,0.88,CLEAR(조향OFF)|STRAIGHT,,999.00,0.70,5.1,2.9,3751
85.90,-23.458,-8.376,-147.3,0.88,CLEAR(조향OFF)|STRAIGHT,,999.00,0.70,5.0,2.9,3763
85.95,-23.534,-8.418,-147.2,0.79,CLEAR(조향OFF)|STRAIGHT,,999.00,0.70,3.5,2.9,3751
86.00,-23.534,-8.418,-147.0,0.79,CLEAR(조향OFF)|STRAIGHT,,999.00,0.70,3.5,3.0,3751
86.05,-23.534,-8.418,-147.0,0.79,CLEAR(조향OFF)|STRAIGHT,,999.00,0.70,3.9,2.9,3763
86.10,-23.600,-8.459,-146.9,0.70,CLEAR(조향OFF)|STRAIGHT,,999.00,0.70,3.8,2.9,3763
86.15,-23.672,-8.505,-146.8,1.06,CLEAR(조향OFF)|STRAIGHT,,999.00,0.70,3.8,2.9,3763
86.20,-23.672,-8.505,-146.8,1.06,CLEAR(조향OFF)|STRAIGHT,,999.00,0.70,4.2,2.9,3751
86.25,-23.743,-8.549,-146.7,0.76,CLEAR(조향OFF)|STRAIGHT,,999.00,0.70,3.7,2.9,3763
86.30,-23.743,-8.549,-146.6,0.76,CLEAR(조향OFF)|STRAIGHT,,999.00,0.70,3.6,2.9,3751
86.35,-23.805,-8.594,-146.5,0.85,CLEAR(조향OFF)|STRAIGHT,,999.00,0.70,4.6,2.9,3776
86.40,-23.805,-8.594,-146.4,0.85,CLEAR(조향OFF)|STRAIGHT,,999.00,0.70,4.5,2.9,3751
86.45,-23.879,-8.641,-146.3,0.88,CLEAR(조향OFF)|STRAIGHT,,999.00,0.70,4.5,2.9,3738
86.50,-23.879,-8.641,-146.2,0.88,CLEAR(조향OFF)|STRAIGHT,,999.00,0.70,4.4,2.9,3751
86.55,-23.941,-8.691,-146.1,0.72,CLEAR(조향OFF)|STRAIGHT,,999.00,0.70,3.2,2.9,3751
86.60,-23.941,-8.691,-145.9,0.72,CLEAR(조향OFF)|STRAIGHT,,999.00,0.70,3.1,2.9,3751
86.65,-24.013,-8.740,-145.9,0.87,CLEAR(조향OFF)|STRAIGHT,,999.00,0.70,3.5,3.1,3726
86.70,-24.013,-8.740,-145.7,0.87,CLEAR(조향OFF)|STRAIGHT,,999.00,0.70,3.4,3.1,3726
86.75,-24.092,-8.785,-145.6,0.90,CLEAR(조향OFF)|STRAIGHT,,999.00,0.70,3.3,3.1,3726
86.80,-24.092,-8.785,-145.5,0.90,CLEAR(조향OFF)|STRAIGHT,,999.00,0.70,3.2,3.1,3726
86.85,-24.162,-8.824,-145.5,0.80,CLEAR(조향OFF)|STRAIGHT,,999.00,0.70,3.5,3.1,3713
86.90,-24.162,-8.824,-145.2,0.80,CLEAR(조향OFF)|STRAIGHT,,999.00,0.70,3.4,3.1,3713
86.95,-24.226,-8.875,-145.2,0.82,CLEAR(조향OFF)|STRAIGHT,,999.00,0.70,4.0,3.1,3713
87.00,-24.226,-8.875,-144.9,0.82,CLEAR(조향OFF)|STRAIGHT,,999.00,0.70,3.8,3.1,3726
87.05,-24.226,-8.875,-144.9,0.82,CLEAR(조향OFF)|STRAIGHT,,999.00,0.70,3.9,3.1,3726
87.10,-24.299,-8.919,-144.7,0.77,CLEAR(조향OFF)|STRAIGHT,,999.00,0.70,3.7,3.1,3701
87.15,-24.373,-8.970,-144.6,1.13,CLEAR(조향OFF)|STRAIGHT,,999.00,0.70,3.7,3.2,3701
87.20,-24.373,-8.970,-144.5,1.13,CLEAR(조향OFF)|STRAIGHT,,999.00,0.70,2.7,3.1,3726
87.25,-24.443,-9.018,-144.5,0.84,CLEAR(조향OFF)|STRAIGHT,,999.00,0.70,2.3,3.1,3726
87.30,-24.443,-9.018,-144.3,0.84,CLEAR(조향OFF)|STRAIGHT,,999.00,0.70,2.2,3.1,3713
87.35,-24.512,-9.070,-144.2,0.85,CLEAR(조향OFF)|STRAIGHT,,999.00,0.70,2.8,3.1,3713
87.40,-24.512,-9.070,-144.1,0.85,CLEAR(조향OFF)|STRAIGHT,,999.00,0.70,2.7,3.1,3726
87.45,-24.585,-9.121,-144.0,0.90,CLEAR(조향OFF)|STRAIGHT,,999.00,0.70,2.8,3.1,3713
87.50,-24.585,-9.121,-143.8,0.90,CLEAR(조향OFF)|STRAIGHT,,999.00,0.70,2.7,3.2,3713
87.55,-24.653,-9.173,-143.8,0.78,CLEAR(조향OFF)|STRAIGHT,,999.00,0.70,2.8,3.1,3726
87.60,-24.653,-9.173,-143.6,0.78,CLEAR(조향OFF)|STRAIGHT,,999.00,0.70,2.7,3.1,3701
87.65,-24.727,-9.225,-143.5,0.91,CLEAR(조향OFF)|STRAIGHT,,999.00,0.70,3.2,3.1,3726
87.70,-24.727,-9.225,-143.3,0.91,CLEAR(조향OFF)|STRAIGHT,,999.00,0.70,3.0,3.2,3713
87.75,-24.799,-9.281,-143.2,1.01,CLEAR(조향OFF)|STRAIGHT,,999.00,0.70,1.7,3.1,3713
87.80,-24.799,-9.281,-143.0,1.01,CLEAR(조향OFF)|STRAIGHT,,999.00,0.70,1.6,3.1,3726
87.85,-24.876,-9.333,-142.9,0.93,CLEAR(조향OFF)|STRAIGHT,,999.00,0.70,1.5,3.1,3726
87.90,-24.876,-9.333,-142.7,0.93,CLEAR(조향OFF)|STRAIGHT,,999.00,0.70,1.4,3.1,3713
87.95,-24.944,-9.389,-142.6,0.88,CLEAR(조향OFF)|STRAIGHT,,999.00,0.70,1.6,3.1,3713
88.00,-24.944,-9.389,-142.5,0.88,CLEAR(조향OFF)|STRAIGHT,,999.00,0.70,1.5,2.4,3788
88.05,-24.944,-9.389,-142.4,0.88,CLEAR(조향OFF)|STRAIGHT,,999.00,0.70,1.6,2.4,3814
88.10,-25.019,-9.447,-142.3,0.79,CLEAR(조향OFF)|STRAIGHT,,999.00,0.70,1.5,2.4,3814
88.15,-25.095,-9.502,-142.2,1.04,CLEAR(조향OFF)|STRAIGHT,,999.00,0.70,1.4,2.4,3814
88.20,-25.095,-9.502,-142.1,1.04,CLEAR(조향OFF)|STRAIGHT,,999.00,0.70,1.6,2.4,3801
88.25,-25.169,-9.555,-142.0,1.01,CLEAR(조향OFF)|STRAIGHT,,999.00,0.70,0.6,2.4,3801
88.30,-25.169,-9.555,-141.9,1.01,CLEAR(조향OFF)|STRAIGHT,,999.00,0.70,0.6,2.4,3814
88.35,-25.240,-9.607,-141.8,0.80,CLEAR(조향OFF)|STRAIGHT,,999.00,0.70,0.7,2.4,3827
88.40,-25.240,-9.607,-141.6,0.80,CLEAR(조향OFF)|STRAIGHT,,999.00,0.70,0.6,2.4,3801
88.45,-25.316,-9.661,-141.6,0.93,CLEAR(조향OFF)|STRAIGHT,,999.00,0.70,0.8,2.4,3814
88.50,-25.316,-9.661,-141.4,0.93,CLEAR(조향OFF)|STRAIGHT,,999.00,0.70,0.7,2.4,3814
88.55,-25.390,-9.718,-141.3,1.04,CLEAR(조향OFF)|STRAIGHT,,999.00,0.70,0.6,2.4,3827
88.60,-25.390,-9.718,-141.2,1.04,CLEAR(조향OFF)|STRAIGHT,,999.00,0.70,0.5,2.4,3814
88.65,-25.466,-9.783,-141.1,0.91,CLEAR(조향OFF)|STRAIGHT,,999.00,0.70,0.4,2.4,3827
88.70,-25.466,-9.783,-141.0,0.91,CLEAR(조향OFF)|STRAIGHT,,999.00,0.70,0.3,2.5,3827
88.75,-25.537,-9.847,-140.9,1.07,CLEAR(조향OFF)|STRAIGHT,,999.00,0.70,-0.1,2.4,3814
88.80,-25.537,-9.847,-140.7,1.07,CLEAR(조향OFF)|STRAIGHT,,999.00,0.70,-0.2,2.4,3814
88.85,-25.609,-9.909,-140.6,0.95,CLEAR(조향OFF)|STRAIGHT,,999.00,0.70,-0.4,2.4,3814
88.90,-25.609,-9.909,-140.5,0.95,CLEAR(조향OFF)|STRAIGHT,,999.00,0.70,-0.5,1.8,3880
88.95,-25.686,-9.967,-140.4,0.96,CLEAR(조향OFF)|STRAIGHT,,999.00,0.70,-0.7,1.8,3907
89.00,-25.686,-9.967,-140.3,0.96,CLEAR(조향OFF)|STRAIGHT,,999.00,0.70,-0.7,1.8,3907
89.05,-25.763,-10.029,-140.3,0.90,CLEAR(조향OFF)|STRAIGHT,,999.00,0.70,-0.7,1.5,3934
89.10,-25.763,-10.029,-140.3,0.90,CLEAR(조향OFF)|STRAIGHT,,999.00,0.70,-0.8,1.4,3962
89.15,-25.834,-10.088,-140.2,0.93,CLEAR(조향OFF)|STRAIGHT,,999.00,0.70,-0.9,1.5,3962
89.20,-25.834,-10.088,-140.1,0.93,CLEAR(조향OFF)|STRAIGHT,,999.00,0.70,-0.9,1.5,3962
89.25,-25.910,-10.149,-140.1,1.08,CLEAR(조향OFF)|STRAIGHT,,999.00,0.70,-1.0,1.1,4004
89.30,-25.910,-10.149,-140.0,1.08,CLEAR(조향OFF)|STRAIGHT,,999.00,0.70,-1.1,1.1,4018
89.35,-25.987,-10.214,-140.0,1.00,CLEAR(조향OFF)|STRAIGHT,,999.00,0.70,-1.3,1.1,4018
89.40,-25.987,-10.214,-140.0,1.00,CLEAR(조향OFF)|STRAIGHT,,999.00,0.70,-1.3,1.1,4033
89.45,-26.057,-10.277,-140.0,0.94,CLEAR(조향OFF)|STRAIGHT,,999.00,0.70,-1.4,1.1,4018
89.50,-26.057,-10.277,-140.0,0.94,CLEAR(조향OFF)|STRAIGHT,,999.00,0.70,-1.5,1.1,4033
89.55,-26.137,-10.326,-140.0,0.93,CLEAR(조향OFF)|STRAIGHT,,999.00,0.70,-1.7,1.1,4018
89.60,-26.137,-10.326,-139.9,0.93,CLEAR(조향OFF)|STRAIGHT,,999.00,0.70,-1.7,1.0,4033
89.65,-26.216,-10.388,-139.9,0.91,CLEAR(조향OFF)|STRAIGHT,,999.00,0.70,-1.6,1.1,4033
89.70,-26.216,-10.388,-139.9,0.91,CLEAR(조향OFF)|STRAIGHT,,999.00,0.70,-1.6,0.8,4062
89.75,-26.291,-10.449,-139.8,1.08,CLEAR(조향OFF)|STRAIGHT,,999.00,0.70,-1.7,0.8,4077
89.80,-26.291,-10.449,-139.8,1.08,CLEAR(조향OFF)|STRAIGHT,,999.00,0.70,-1.7,0.8,4077
89.85,-26.365,-10.511,-139.8,0.96,CLEAR(조향OFF)|STRAIGHT,,999.00,0.70,-1.7,0.8,4077
89.90,-26.365,-10.511,-139.8,0.96,CLEAR(조향OFF)|STRAIGHT,,999.00,0.70,-1.8,0.8,4077
89.95,-26.440,-10.574,-139.8,0.99,CLEAR(조향OFF)|STRAIGHT,,999.00,0.70,-1.9,0.8,4092
90.00,-26.440,-10.574,-139.8,0.99,CLEAR(조향OFF)|STRAIGHT,,999.00,0.70,-1.9,0.6,4106
90.05,-26.440,-10.574,-139.8,0.99,CLEAR(조향OFF)|STRAIGHT,,999.00,0.70,-2.1,0.4,4137
90.10,-26.514,-10.637,-139.8,0.80,CLEAR(조향OFF)|STRAIGHT,,999.00,0.70,-2.1,0.5,4137
90.15,-26.591,-10.696,-139.8,1.22,CLEAR(조향OFF)|STRAIGHT,,999.00,0.70,-2.1,0.5,4106
90.20,-26.591,-10.696,-139.8,1.22,CLEAR(조향OFF)|STRAIGHT,,999.00,0.70,-2.3,0.5,4137
90.25,-26.591,-10.696,-139.8,1.22,CLEAR(조향OFF)|STRAIGHT,,999.00,0.70,-2.3,0.5,4121
90.30,-26.665,-10.756,-139.8,0.79,CLEAR(조향OFF)|STRAIGHT,,999.00,0.70,-2.2,0.4,4137
90.35,-26.741,-10.821,-139.8,1.26,CLEAR(조향OFF)|STRAIGHT,,999.00,0.69,-2.3,0.3,4152
90.40,-26.741,-10.821,-139.8,1.26,CLEAR(조향OFF)|STRAIGHT,,999.00,0.69,-2.3,0.3,4152
90.45,-26.813,-10.882,-139.8,0.85,CLEAR(조향OFF)|STRAIGHT,,999.00,0.69,-2.2,0.3,4167
90.50,-26.813,-10.882,-139.9,0.85,CLEAR(조향OFF)|STRAIGHT,,999.00,0.69,-2.2,0.3,4183
90.55,-26.892,-10.942,-139.9,0.99,CLEAR(조향OFF)|STRAIGHT,,999.00,0.69,-2.7,0.3,4152
90.60,-26.892,-10.942,-139.9,0.99,CLEAR(조향OFF)|STRAIGHT,,999.00,0.69,-2.6,0.3,4167
90.65,-26.965,-10.996,-139.9,1.01,CLEAR(조향OFF)|STRAIGHT,,999.00,0.69,-2.7,0.3,4152
90.70,-26.965,-10.996,-139.9,1.01,CLEAR(조향OFF)|STRAIGHT,,999.00,0.69,-2.7,0.3,4167
90.75,-27.040,-11.065,-139.9,1.02,CLEAR(조향OFF)|STRAIGHT,,999.00,0.69,-2.8,0.3,4152
90.80,-27.040,-11.065,-140.0,1.02,CLEAR(조향OFF)|STRAIGHT,,999.00,0.69,-2.7,0.4,4152
90.85,-27.118,-11.119,-140.0,0.94,CLEAR(조향OFF)|STRAIGHT,,999.00,0.69,-2.5,0.3,4167
90.90,-27.118,-11.119,-140.1,0.94,CLEAR(조향OFF)|STRAIGHT,,999.00,0.69,-2.5,0.3,4167
90.95,-27.197,-11.174,-140.1,0.96,CLEAR(조향OFF)|STRAIGHT,,999.00,0.69,-2.6,0.3,4167
91.00,-27.197,-11.174,-140.1,0.96,CLEAR(조향OFF)|STRAIGHT,,999.00,0.69,-2.6,0.3,4167
91.05,-27.197,-11.174,-140.1,0.96,CLEAR(조향OFF)|STRAIGHT,,999.00,0.69,-2.6,0.3,4167
91.10,-27.267,-11.240,-140.1,0.80,CLEAR(조향OFF)|STRAIGHT,,999.00,0.69,-2.6,0.3,4167
91.15,-27.348,-11.296,-140.2,1.08,CLEAR(조향OFF)|STRAIGHT,,999.00,0.69,-2.6,0.1,4198
91.20,-27.348,-11.296,-140.2,1.08,CLEAR(조향OFF)|STRAIGHT,,999.00,0.69,-3.1,0.2,4198
91.25,-27.348,-11.296,-140.2,1.08,CLEAR(조향OFF)|STRAIGHT,,999.00,0.69,-2.8,0.1,4198
91.30,-27.419,-11.362,-140.2,0.89,CLEAR(조향OFF)|STRAIGHT,,999.00,0.69,-2.8,0.1,4198
91.35,-27.494,-11.418,-140.2,1.04,CLEAR(조향OFF)|STRAIGHT,,999.00,0.69,-2.8,0.1,4198
91.40,-27.494,-11.418,-140.3,1.04,CLEAR(조향OFF)|STRAIGHT,,999.00,0.69,-2.7,0.1,4198
91.45,-27.572,-11.483,-140.3,1.01,CLEAR(조향OFF)|STRAIGHT,,999.00,0.69,-2.7,0.1,4198
91.50,-27.572,-11.483,-140.3,1.01,CLEAR(조향OFF)|STRAIGHT,,999.00,0.69,-2.6,0.1,4198
91.55,-27.645,-11.544,-140.3,1.06,CLEAR(조향OFF)|STRAIGHT,,999.00,0.69,-2.9,0.1,4198
91.60,-27.645,-11.544,-140.4,1.06,CLEAR(조향OFF)|STRAIGHT,,999.00,0.69,-2.9,0.2,4198
91.65,-27.719,-11.605,-140.4,0.97,CLEAR(조향OFF)|STRAIGHT,,999.00,0.69,-3.1,0.0,4214
91.70,-27.719,-11.605,-140.4,0.97,CLEAR(조향OFF)|STRAIGHT,,999.00,0.69,-3.1,0.0,4198
91.75,-27.795,-11.661,-140.5,0.94,CLEAR(조향OFF)|STRAIGHT,,999.00,0.69,-3.4,0.0,4214
91.80,-27.795,-11.661,-140.6,0.94,CLEAR(조향OFF)|STRAIGHT,,999.00,0.69,-3.4,0.0,4214
91.85,-27.871,-11.721,-140.6,0.88,CLEAR(조향OFF)|STRAIGHT,,999.00,0.69,-3.6,0.1,4198
91.90,-27.871,-11.721,-140.6,0.88,CLEAR(조향OFF)|STRAIGHT,,999.00,0.69,-3.5,0.0,4214
91.95,-27.945,-11.787,-140.7,1.10,CLEAR(조향OFF)|STRAIGHT,,999.00,0.69,-3.0,0.1,4214
92.00,-27.945,-11.787,-140.7,1.10,CLEAR(조향OFF)|STRAIGHT,,999.00,0.69,-3.0,0.0,4214
92.05,-28.024,-11.834,-140.7,0.82,CLEAR(조향OFF)|STRAIGHT,,999.00,0.69,-3.0,0.0,4198
92.10,-28.024,-11.834,-140.7,0.82,CLEAR(조향OFF)|STRAIGHT,,999.00,0.69,-3.0,0.0,4214
92.15,-28.099,-11.894,-140.8,1.08,CLEAR(조향OFF)|STRAIGHT,,999.00,0.69,-3.3,0.0,4214
92.20,-28.099,-11.894,-140.8,1.08,CLEAR(조향OFF)|STRAIGHT,,999.00,0.69,-3.3,0.0,4214
92.25,-28.177,-11.949,-140.8,0.95,CLEAR(조향OFF)|STRAIGHT,,999.00,0.69,-3.2,0.0,4198
92.30,-28.177,-11.949,-140.9,0.95,CLEAR(조향OFF)|STRAIGHT,,999.00,0.69,-3.2,0.0,4214
92.35,-28.251,-12.012,-140.9,0.97,CLEAR(조향OFF)|STRAIGHT,,999.00,0.69,-3.5,0.1,4198
92.40,-28.251,-12.012,-140.9,0.97,CLEAR(조향OFF)|STRAIGHT,,999.00,0.69,-3.4,0.1,4214
92.45,-28.328,-12.074,-140.9,0.90,CLEAR(조향OFF)|STRAIGHT,,999.00,0.69,-2.9,0.0,4214
92.50,-28.328,-12.074,-141.0,0.90,CLEAR(조향OFF)|STRAIGHT,,999.00,0.69,-2.9,0.0,4214
92.55,-28.405,-12.133,-141.0,1.08,CLEAR(조향OFF)|STRAIGHT,,999.00,0.69,-3.2,0.0,4198
92.60,-28.405,-12.133,-141.1,1.08,CLEAR(조향OFF)|STRAIGHT,,999.00,0.69,-3.1,0.0,4198
92.65,-28.483,-12.188,-141.1,0.95,CLEAR(조향OFF)|STRAIGHT,,999.00,0.69,-3.1,0.1,4198
92.70,-28.483,-12.188,-141.2,0.95,CLEAR(조향OFF)|STRAIGHT,,999.00,0.69,-3.1,0.0,4214
92.75,-28.557,-12.248,-141.2,0.96,CLEAR(조향OFF)|STRAIGHT,,999.00,0.69,-3.4,0.0,4214
92.80,-28.557,-12.248,-141.2,0.96,CLEAR(조향OFF)|STRAIGHT,,999.00,0.69,-3.3,0.0,4214
92.85,-28.636,-12.306,-141.2,0.89,CLEAR(조향OFF)|STRAIGHT,,999.00,0.69,-3.6,0.0,4214
92.90,-28.636,-12.306,-141.3,0.89,CLEAR(조향OFF)|STRAIGHT,,999.00,0.69,-3.6,0.0,4198
92.95,-28.713,-12.369,-141.4,0.99,CLEAR(조향OFF)|STRAIGHT,,999.00,0.69,-2.9,0.1,4214
93.00,-28.713,-12.369,-141.4,0.99,CLEAR(조향OFF)|STRAIGHT,,999.00,0.69,-2.9,0.1,4214
93.05,-28.792,-12.424,-141.4,0.96,CLEAR(조향OFF)|STRAIGHT,,999.00,0.69,-3.0,0.0,4214
93.10,-28.792,-12.424,-141.4,0.96,CLEAR(조향OFF)|STRAIGHT,,999.00,0.69,-3.0,0.0,4198
93.15,-28.868,-12.483,-141.5,0.96,CLEAR(조향OFF)|STRAIGHT,,999.00,0.69,-3.2,0.0,4214
93.20,-28.868,-12.483,-141.6,0.96,CLEAR(조향OFF)|STRAIGHT,,999.00,0.69,-3.1,0.0,4214
93.25,-28.949,-12.541,-141.6,1.00,CLEAR(조향OFF)|STRAIGHT,,999.00,0.69,-3.3,0.1,4198
93.30,-28.949,-12.541,-141.6,1.00,CLEAR(조향OFF)|STRAIGHT,,999.00,0.69,-3.3,0.0,4230
93.35,-29.022,-12.598,-141.7,0.92,CLEAR(조향OFF)|STRAIGHT,,999.00,0.69,-3.4,0.0,4198
93.40,-29.022,-12.598,-141.7,0.92,CLEAR(조향OFF)|STRAIGHT,,999.00,0.69,-3.4,0.0,4214
93.45,-29.099,-12.654,-141.7,1.07,CLEAR(조향OFF)|STRAIGHT,,999.00,0.69,-2.8,0.0,4214
93.50,-29.099,-12.654,-141.8,1.07,CLEAR(조향OFF)|STRAIGHT,,999.00,0.69,-2.8,0.0,4230
93.55,-29.173,-12.713,-141.8,0.94,CLEAR(조향OFF)|STRAIGHT,,999.00,0.69,-2.8,0.0,4214
93.60,-29.173,-12.713,-141.9,0.94,CLEAR(조향OFF)|STRAIGHT,,999.00,0.69,-2.7,0.0,4230
93.65,-29.173,-12.713,-141.9,0.94,CLEAR(조향OFF)|STRAIGHT,,999.00,0.69,-3.1,0.0,4214
93.70,-29.249,-12.772,-141.9,0.80,CLEAR(조향OFF)|STRAIGHT,,999.00,0.69,-3.0,0.0,4214
93.75,-29.322,-12.826,-141.9,1.02,CLEAR(조향OFF)|STRAIGHT,,999.00,0.69,-3.0,0.0,4214
93.80,-29.322,-12.826,-142.0,1.02,CLEAR(조향OFF)|STRAIGHT,,999.00,0.69,-3.5,0.0,4230
93.85,-29.399,-12.888,-142.0,0.97,CLEAR(조향OFF)|STRAIGHT,,999.00,0.69,-3.4,-0.0,4230
93.90,-29.399,-12.888,-142.1,0.97,CLEAR(조향OFF)|STRAIGHT,,999.00,0.69,-3.3,0.0,4214
93.95,-29.475,-12.940,-142.1,1.03,CLEAR(조향OFF)|STRAIGHT,,999.00,0.69,-2.7,0.0,4214
94.00,-29.475,-12.940,-142.2,1.03,CLEAR(조향OFF)|STRAIGHT,,999.00,0.69,-2.7,0.0,4214
94.05,-29.475,-12.940,-142.2,1.03,CLEAR(조향OFF)|STRAIGHT,,999.00,0.69,-2.7,0.0,4214
94.10,-29.553,-12.996,-142.3,0.80,CLEAR(조향OFF)|STRAIGHT,,999.00,0.69,-2.7,0.0,4214
94.15,-29.630,-13.049,-142.3,1.16,CLEAR(조향OFF)|STRAIGHT,,999.00,0.69,-2.7,0.0,4214
94.20,-29.630,-13.049,-142.3,1.16,CLEAR(조향OFF)|STRAIGHT,,999.00,0.69,-3.1,0.0,4214
94.25,-29.703,-13.108,-142.4,0.86,CLEAR(조향OFF)|STRAIGHT,,999.00,0.69,-2.8,0.0,4198
94.30,-29.703,-13.108,-142.4,0.86,CLEAR(조향OFF)|STRAIGHT,,999.00,0.69,-2.7,0.0,4198
94.35,-29.787,-13.158,-142.4,1.08,CLEAR(조향OFF)|STRAIGHT,,999.00,0.69,-3.4,0.0,4214
94.40,-29.787,-13.158,-142.5,1.08,CLEAR(조향OFF)|STRAIGHT,,999.00,0.69,-3.4,0.0,4214
94.45,-29.865,-13.211,-142.5,0.94,CLEAR(조향OFF)|STRAIGHT,,999.00,0.69,-3.1,0.0,4198
94.50,-29.865,-13.211,-142.6,0.94,CLEAR(조향OFF)|STRAIGHT,,999.00,0.69,-3.0,0.0,4230
94.55,-29.939,-13.274,-142.7,0.97,CLEAR(조향OFF)|STRAIGHT,,999.00,0.69,-2.4,0.0,4230
94.60,-29.939,-13.274,-142.7,0.97,CLEAR(조향OFF)|STRAIGHT,,999.00,0.69,-2.4,0.1,4214
94.65,-30.020,-13.325,-142.7,0.96,CLEAR(조향OFF)|STRAIGHT,,999.00,0.69,-2.6,0.1,4198
94.70,-30.020,-13.325,-142.7,0.96,CLEAR(조향OFF)|STRAIGHT,,999.00,0.69,-2.6,0.0,4230
94.75,-30.094,-13.384,-142.8,0.95,CLEAR(조향OFF)|STRAIGHT,,999.00,0.69,-2.6,0.0,4230
94.80,-30.094,-13.384,-142.8,0.95,CLEAR(조향OFF)|STRAIGHT,,999.00,0.69,-2.6,0.0,4214
94.85,-30.172,-13.443,-142.8,0.98,CLEAR(조향OFF)|STRAIGHT,,999.00,0.69,-2.9,0.0,4214
94.90,-30.172,-13.443,-142.9,0.98,CLEAR(조향OFF)|STRAIGHT,,999.00,0.69,-2.9,0.1,4214
94.95,-30.257,-13.495,-142.9,0.90,CLEAR(조향OFF)|STRAIGHT,,999.00,0.69,-3.1,0.0,4214
95.00,-30.257,-13.495,-143.0,0.90,CLEAR(조향OFF)|STRAIGHT,,999.00,0.68,-3.0,0.1,4230
95.05,-30.337,-13.552,-143.0,0.98,CLEAR(조향OFF)|STRAIGHT,,999.00,0.68,-2.3,0.0,4214
95.10,-30.337,-13.552,-143.0,0.98,CLEAR(조향OFF)|STRAIGHT,,999.00,0.68,-2.2,0.0,4214
95.15,-30.411,-13.605,-143.0,1.01,CLEAR(조향OFF)|STRAIGHT,,999.00,0.68,-2.3,-0.0,4214
95.20,-30.411,-13.605,-143.1,1.01,CLEAR(조향OFF)|STRAIGHT,,999.00,0.68,-2.3,0.1,4214
95.25,-30.493,-13.661,-143.0,0.99,CLEAR(조향OFF)|STRAIGHT,,999.00,0.68,-2.4,0.0,4198
95.30,-30.493,-13.661,-143.1,0.99,CLEAR(조향OFF)|STRAIGHT,,999.00,0.68,-2.3,0.0,4214
95.35,-30.578,-13.713,-143.1,0.99,CLEAR(조향OFF)|STRAIGHT,,999.00,0.68,-2.5,0.1,4198
95.40,-30.578,-13.713,-143.3,0.99,CLEAR(조향OFF)|STRAIGHT,,999.00,0.68,-2.4,0.0,4230
95.45,-30.656,-13.770,-143.3,0.97,CLEAR(조향OFF)|STRAIGHT,,999.00,0.68,-2.5,0.0,4230
95.50,-30.656,-13.770,-143.3,0.97,CLEAR(조향OFF)|STRAIGHT,,999.00,0.66,-2.3,0.1,4214
95.55,-30.739,-13.828,-143.3,1.01,CLEAR(조향OFF)|STRAIGHT,,999.00,0.66,-1.8,0.0,4214
95.60,-30.739,-13.828,-143.4,1.01,CLEAR(조향OFF)|STRAIGHT,,999.00,0.66,-1.8,0.0,4230
95.65,-30.820,-13.889,-143.4,0.92,CLEAR(조향OFF)|STRAIGHT,,999.00,0.66,-1.8,-0.0,4230
95.70,-30.820,-13.889,-143.4,0.92,CLEAR(조향OFF)|STRAIGHT,,999.00,0.66,-1.8,-0.1,4214
95.75,-30.903,-13.948,-143.4,1.14,CLEAR(조향OFF)|STRAIGHT,,999.00,0.66,-2.0,-0.0,4214
95.80,-30.903,-13.948,-143.5,1.14,CLEAR(조향OFF)|STRAIGHT,,999.00,0.66,-2.0,-0.1,4230
95.85,-30.987,-14.004,-143.6,1.00,CLEAR(조향OFF)|STRAIGHT,,999.00,0.66,-1.9,-0.1,4230
95.90,-30.987,-14.004,-143.7,1.00,CLEAR(조향OFF)|STRAIGHT,,999.00,0.66,-1.9,-0.1,4230
95.95,-31.071,-14.064,-143.7,1.04,CLEAR(조향OFF)|STRAIGHT,,999.00,0.66,-2.0,-0.1,4246
96.00,-31.071,-14.064,-143.8,1.04,CLEAR(조향OFF)|STRAIGHT,,999.00,0.65,-2.0,-0.2,4230
96.05,-31.071,-14.064,-143.8,1.04,CLEAR(조향OFF)|STRAIGHT,,999.00,0.65,-1.4,-0.2,4246
96.10,-31.154,-14.122,-143.8,0.84,CLEAR(조향OFF)|STRAIGHT,,999.00,0.65,-1.3,-0.1,4230
96.15,-31.244,-14.174,-143.9,1.15,CLEAR(조향OFF)|STRAIGHT,,999.00,0.65,-1.3,-0.1,4246
96.20,-31.244,-14.174,-144.0,1.15,CLEAR(조향OFF)|STRAIGHT,,999.00,0.65,-1.5,-0.1,4246
96.25,-31.326,-14.239,-144.1,1.04,CLEAR(조향OFF)|STRAIGHT,,999.00,0.65,-1.2,-0.1,4230
96.30,-31.326,-14.239,-144.1,1.04,CLEAR(조향OFF)|STRAIGHT,,999.00,0.65,-1.1,-0.1,4230
96.35,-31.408,-14.298,-144.1,1.12,CLEAR(조향OFF)|STRAIGHT,,999.00,0.65,-1.3,-0.1,4214
96.40,-31.408,-14.298,-144.2,1.12,CLEAR(조향OFF)|STRAIGHT,,999.00,0.65,-1.3,-0.1,4230
96.45,-31.493,-14.355,-144.3,0.93,CLEAR(조향OFF)|STRAIGHT,,999.00,0.65,-1.3,-0.1,4230
96.50,-31.493,-14.355,-144.3,0.93,CLEAR(조향OFF)|STRAIGHT,,999.00,0.63,-1.2,-0.2,4246
96.55,-31.582,-14.413,-144.4,1.06,CLEAR(조향OFF)|STRAIGHT,,999.00,0.63,-0.8,-0.1,4230
96.60,-31.582,-14.413,-144.4,1.06,CLEAR(조향OFF)|STRAIGHT,,999.00,0.63,-0.8,-0.1,4246
96.65,-31.672,-14.468,-144.4,1.06,CLEAR(조향OFF)|STRAIGHT,,999.00,0.63,-0.6,-0.2,4230
96.70,-31.672,-14.468,-144.5,1.06,CLEAR(조향OFF)|STRAIGHT,,999.00,0.63,-0.6,-0.1,4230
96.75,-31.752,-14.531,-144.6,1.12,CLEAR(조향OFF)|STRAIGHT,,999.00,0.63,-0.5,-0.1,4230
96.80,-31.752,-14.531,-144.6,1.12,CLEAR(조향OFF)|STRAIGHT,,999.00,0.63,-0.4,-0.2,4246
96.85,-31.839,-14.587,-144.6,0.94,CLEAR(조향OFF)|STRAIGHT,,999.00,0.63,-0.5,-0.1,4230
96.90,-31.839,-14.587,-144.6,0.94,CLEAR(조향OFF)|STRAIGHT,,999.00,0.63,-0.5,-0.1,4230
96.95,-31.926,-14.645,-144.7,1.16,CLEAR(조향OFF)|STRAIGHT,,999.00,0.63,-0.6,-0.1,4246
97.00,-31.926,-14.645,-144.8,1.16,CLEAR(조향OFF)|STRAIGHT,,999.00,0.61,-0.5,-0.2,4246
97.05,-32.018,-14.700,-144.8,0.97,CLEAR(조향OFF)|STRAIGHT,,999.00,0.61,0.1,-0.1,4230
97.10,-32.018,-14.700,-144.9,0.97,CLEAR(조향OFF)|STRAIGHT,,999.00,0.61,0.2,-0.1,4246
97.15,-32.107,-14.762,-145.0,1.21,CLEAR(조향OFF)|STRAIGHT,,999.00,0.61,0.2,-0.1,4246
97.20,-32.107,-14.762,-144.9,1.21,CLEAR(조향OFF)|STRAIGHT,,999.00,0.61,0.3,-0.1,4246
97.25,-32.194,-14.823,-145.0,0.97,CLEAR(조향OFF)|STRAIGHT,,999.00,0.61,0.5,-0.1,4230
97.30,-32.194,-14.823,-145.1,0.97,CLEAR(조향OFF)|STRAIGHT,,999.00,0.61,0.5,-0.1,4230
97.35,-32.289,-14.884,-145.1,1.13,CLEAR(조향OFF)|STRAIGHT,,999.00,0.61,0.5,-0.1,4262
97.40,-32.289,-14.884,-145.2,1.13,CLEAR(조향OFF)|STRAIGHT,,999.00,0.56,0.5,-0.1,4230
97.45,-32.381,-14.949,-145.2,1.13,CLEAR(조향OFF)|STRAIGHT,,999.00,0.56,1.0,-0.1,4246
97.50,-32.381,-14.949,-145.3,1.13,CLEAR(조향OFF)|STRAIGHT,,999.00,0.56,1.0,-0.1,4246
97.55,-32.470,-15.009,-145.3,1.06,CLEAR(조향OFF)|STRAIGHT,,999.00,0.56,1.1,-0.1,4230
97.60,-32.470,-15.009,-145.3,1.06,CLEAR(조향OFF)|STRAIGHT,,999.00,0.56,1.2,-0.2,4230
97.65,-32.563,-15.066,-145.4,1.09,CLEAR(조향OFF)|STRAIGHT,,999.00,0.56,1.3,-0.1,4230
97.70,-32.563,-15.066,-145.4,1.09,CLEAR(조향OFF)|STRAIGHT,,999.00,0.56,1.3,-0.1,4246
97.75,-32.653,-15.130,-145.4,1.11,CLEAR(조향OFF)|STRAIGHT,,999.00,0.56,1.6,-0.1,4246
97.80,-32.653,-15.130,-145.5,1.11,CLEAR(조향OFF)|STRAIGHT,,999.00,0.56,1.6,-0.1,4246
97.85,-32.750,-15.190,-145.6,1.14,CLEAR(조향OFF)|STRAIGHT,,999.00,0.56,1.8,0.0,4214
97.90,-32.750,-15.190,-145.7,1.14,CLEAR(조향OFF)|STRAIGHT,,999.00,0.53,1.9,0.5,4152
97.95,-32.845,-15.248,-145.7,1.24,CLEAR(조향OFF)|STRAIGHT,,999.00,0.53,2.3,0.7,4152
98.00,-32.845,-15.248,-145.7,1.24,CLEAR(조향OFF)|STRAIGHT,,999.00,0.53,2.3,0.6,4137
98.05,-32.845,-15.248,-145.8,1.24,CLEAR(조향OFF)|STRAIGHT,,999.00,0.53,2.6,0.6,4137
98.10,-32.939,-15.309,-145.8,0.93,CLEAR(조향OFF)|STRAIGHT,,999.00,0.53,2.6,0.5,4137
98.15,-33.031,-15.370,-145.8,1.23,CLEAR(조향OFF)|STRAIGHT,,999.00,0.53,2.6,0.9,4092
98.20,-33.031,-15.370,-145.9,1.23,CLEAR(조향OFF)|STRAIGHT,,999.00,0.53,3.0,1.0,4077
98.25,-33.134,-15.429,-145.9,1.18,CLEAR(조향OFF)|STRAIGHT,,999.00,0.53,3.3,1.0,4077
98.30,-33.134,-15.429,-145.9,1.18,CLEAR(조향OFF)|STRAIGHT,,999.00,0.48,3.3,1.0,4062
98.35,-33.227,-15.492,-145.9,1.13,CLEAR(조향OFF)|STRAIGHT,,999.00,0.48,3.6,1.1,4062
98.40,-33.227,-15.492,-145.9,1.13,CLEAR(조향OFF)|STRAIGHT,,999.00,0.48,3.6,1.2,4047
98.45,-33.322,-15.552,-145.9,1.24,CLEAR(조향OFF)|STRAIGHT,,999.00,0.48,3.9,1.1,4047
98.50,-33.322,-15.552,-145.8,1.24,CLEAR(조향OFF)|STRAIGHT,,999.00,0.48,3.9,1.2,4047
98.55,-33.423,-15.611,-145.9,1.06,CLEAR(조향OFF)|STRAIGHT,,999.00,0.48,4.3,1.2,4033
98.60,-33.423,-15.611,-145.9,1.06,CLEAR(조향OFF)|STRAIGHT,,999.00,0.48,4.3,1.1,4033
98.65,-33.516,-15.676,-145.8,1.26,CLEAR(조향OFF)|STRAIGHT,,999.00,0.48,4.9,1.9,3962
98.70,-33.516,-15.676,-145.8,1.26,CLEAR(조향OFF)|STRAIGHT,,999.00,0.48,5.0,2.3,3880
98.75,-33.609,-15.740,-145.7,1.13,CLEAR(조향OFF)|STRAIGHT,,999.00,0.48,5.2,2.5,3853
98.80,-33.609,-15.740,-145.5,1.13,CLEAR(조향OFF)|STRAIGHT,,999.00,0.44,5.2,2.6,3840
98.85,-33.699,-15.806,-145.4,1.12,CLEAR(조향OFF)|STRAIGHT,,999.00,0.44,5.2,2.9,3801
98.90,-33.699,-15.806,-145.2,1.12,CLEAR(조향OFF)|STRAIGHT,,999.00,0.44,5.1,3.0,3763
98.95,-33.796,-15.869,-145.1,1.16,CLEAR(조향OFF)|STRAIGHT,,999.00,0.44,5.5,3.1,3751
99.00,-33.796,-15.869,-144.9,1.16,CLEAR(조향OFF)|STRAIGHT,,999.00,0.44,5.3,3.0,3738
99.05,-33.895,-15.931,-144.9,1.06,CLEAR(조향OFF)|STRAIGHT,,999.00,0.44,5.8,3.1,3751
99.10,-33.895,-15.931,-144.6,1.06,CLEAR(조향OFF)|STRAIGHT,,999.00,0.44,5.7,3.1,3738
99.15,-33.987,-15.999,-144.5,1.28,CLEAR(조향OFF)|STRAIGHT,,999.00,0.44,6.4,3.0,3751
99.20,-33.987,-15.999,-144.3,1.28,CLEAR(조향OFF)|STRAIGHT,,999.00,0.40,6.3,3.1,3751
99.25,-34.080,-16.065,-144.2,1.03,CLEAR(조향OFF)|STRAIGHT,,999.00,0.40,5.9,3.4,3689
99.30,-34.080,-16.065,-143.9,1.03,CLEAR(조향OFF)|STRAIGHT,,999.00,0.40,5.8,3.9,3641
99.35,-34.178,-16.128,-143.8,1.30,CLEAR(조향OFF)|STRAIGHT,,999.00,0.40,6.4,4.0,3618
99.40,-34.178,-16.128,-143.5,1.30,CLEAR(조향OFF)|STRAIGHT,,999.00,0.40,6.3,3.9,3630
99.45,-34.266,-16.194,-143.3,1.00,CLEAR(조향OFF)|STRAIGHT,,999.00,0.40,6.7,3.9,3606
99.50,-34.266,-16.194,-143.0,1.00,CLEAR(조향OFF)|STRAIGHT,,999.00,0.40,6.5,4.0,3606
99.55,-34.355,-16.266,-142.9,1.27,CLEAR(조향OFF)|STRAIGHT,,999.00,0.40,7.3,4.0,3595
99.60,-34.355,-16.266,-142.6,1.27,CLEAR(조향OFF)|STRAIGHT,,999.00,0.37,7.1,4.3,3561
99.65,-34.444,-16.334,-142.4,1.13,CLEAR(조향OFF)|STRAIGHT,,999.00,0.37,6.7,4.7,3516
99.70,-34.444,-16.334,-142.0,1.13,CLEAR(조향OFF)|STRAIGHT,,999.00,0.37,6.5,4.8,3483
99.75,-34.534,-16.409,-141.8,1.17,CLEAR(조향OFF)|STRAIGHT,,999.00,0.37,7.0,4.8,3483
99.80,-34.534,-16.409,-141.4,1.17,CLEAR(조향OFF)|STRAIGHT,,999.00,0.37,6.8,4.8,3483
99.85,-34.624,-16.476,-141.2,1.12,CLEAR(조향OFF)|STRAIGHT,,999.00,0.37,7.2,4.9,3473
99.90,-34.624,-16.476,-140.8,1.12,CLEAR(조향OFF)|STRAIGHT,,999.00,0.37,7.0,4.8,3462
99.95,-34.712,-16.547,-140.6,1.13,CLEAR(조향OFF)|STRAIGHT,,999.00,0.37,7.6,4.8,3462
100.00,-34.712,-16.547,-140.1,1.13,CLEAR(조향OFF)|STRAIGHT,,999.00,0.37,7.3,4.9,3451
100.05,-34.801,-16.620,-139.9,1.05,CLEAR(조향OFF)|STRAIGHT,,999.00,0.37,7.9,4.9,3451
100.10,-34.801,-16.620,-139.4,1.05,CLEAR(조향OFF)|STRAIGHT,,999.00,0.35,7.6,5.6,3369
100.15,-34.889,-16.694,-139.3,1.28,CLEAR(조향OFF)|STRAIGHT,,999.00,0.35,7.5,5.6,3349
100.20,-34.889,-16.694,-138.7,1.28,CLEAR(조향OFF)|STRAIGHT,,999.00,0.35,7.2,5.6,3349
100.25,-34.977,-16.770,-138.4,1.16,CLEAR(조향OFF)|STRAIGHT,,999.00,0.35,7.7,5.6,3369
100.30,-34.977,-16.770,-138.0,1.16,CLEAR(조향OFF)|STRAIGHT,,999.00,0.35,7.3,5.6,3359
100.35,-35.059,-16.850,-137.7,1.15,CLEAR(조향OFF)|STRAIGHT,,999.00,0.35,7.9,5.6,3349
100.40,-35.059,-16.850,-137.2,1.15,CLEAR(조향OFF)|STRAIGHT,,999.00,0.35,7.6,5.6,3349
100.45,-35.146,-16.928,-137.0,1.17,CLEAR(조향OFF)|STRAIGHT,,999.00,0.35,8.1,5.6,3339
100.50,-35.146,-16.928,-136.6,1.17,CLEAR(조향OFF)|STRAIGHT,,999.00,0.33,7.8,5.6,3339
100.55,-35.229,-17.004,-136.3,1.12,CLEAR(조향OFF)|STRAIGHT,,999.00,0.33,7.8,5.6,3359
100.60,-35.229,-17.004,-135.8,1.12,CLEAR(조향OFF)|STRAIGHT,,999.00,0.33,7.6,5.9,3329
100.65,-35.307,-17.080,-135.6,1.09,CLEAR(조향OFF)|STRAIGHT,,999.00,0.33,8.1,5.9,3329
100.70,-35.307,-17.080,-135.0,1.09,CLEAR(조향OFF)|STRAIGHT,,999.00,0.33,7.8,6.1,3300
100.75,-35.380,-17.161,-134.7,1.08,CLEAR(조향OFF)|STRAIGHT,,999.00,0.33,8.3,6.0,3300
100.80,-35.380,-17.161,-134.2,1.08,CLEAR(조향OFF)|STRAIGHT,,999.00,0.33,8.0,6.2,3271
100.85,-35.456,-17.242,-133.9,1.12,CLEAR(조향OFF)|STRAIGHT,,999.00,0.33,8.5,6.2,3242
100.90,-35.456,-17.242,-133.4,1.12,CLEAR(조향OFF)|STRAIGHT,,999.00,0.33,8.1,6.2,3252
100.95,-35.536,-17.326,-133.1,1.15,CLEAR(조향OFF)|STRAIGHT,,999.00,0.33,8.7,6.2,3252
101.00,-35.536,-17.326,-132.5,1.15,CLEAR(조향OFF)|STRAIGHT,,999.00,0.31,8.3,6.3,3252
101.05,-35.610,-17.408,-132.3,1.01,CLEAR(조향OFF)|STRAIGHT,,999.00,0.31,8.3,7.1,3160
101.10,-35.610,-17.408,-131.6,1.01,CLEAR(조향OFF)|STRAIGHT,,999.00,0.31,8.0,7.1,3160
101.15,-35.688,-17.491,-131.2,1.14,CLEAR(조향OFF)|STRAIGHT,,999.00,0.31,8.6,7.3,3125
101.20,-35.688,-17.491,-130.6,1.14,CLEAR(조향OFF)|STRAIGHT,,999.00,0.31,8.2,7.3,3117
101.25,-35.762,-17.579,-130.3,1.27,CLEAR(조향OFF)|STRAIGHT,,999.00,0.31,8.7,7.4,3108
101.30,-35.762,-17.579,-129.6,1.27,CLEAR(조향OFF)|STRAIGHT,,999.00,0.31,8.3,7.3,3100
101.35,-35.827,-17.665,-129.2,1.08,CLEAR(조향OFF)|STRAIGHT,,999.00,0.31,8.9,7.3,3108
101.40,-35.827,-17.665,-128.5,1.08,CLEAR(조향OFF)|STRAIGHT,,999.00,0.31,8.4,7.3,3108
101.45,-35.905,-17.751,-128.2,1.16,CLEAR(조향OFF)|STRAIGHT,,999.00,0.31,8.4,7.5,3100
101.50,-35.905,-17.751,-127.5,1.16,CLEAR(조향OFF)|STRAIGHT,,999.00,0.31,8.1,7.3,3108
101.55,-35.970,-17.835,-127.2,1.06,CLEAR(조향OFF)|STRAIGHT,,999.00,0.31,8.7,7.3,3108
101.60,-35.970,-17.835,-126.6,1.06,CLEAR(조향OFF)|STRAIGHT,,999.00,0.31,8.3,7.3,3100
101.65,-35.970,-17.835,-126.2,1.06,CLEAR(조향OFF)|STRAIGHT,,999.00,0.31,8.8,7.5,3108
101.70,-36.029,-17.940,-125.5,0.85,CLEAR(조향OFF)|STRAIGHT,,999.00,0.31,8.4,7.4,3100
101.75,-36.029,-17.940,-125.1,0.85,CLEAR(조향OFF)|STRAIGHT,,999.00,0.31,8.2,7.4,3083
101.80,-36.029,-17.940,-124.4,0.85,CLEAR(조향OFF)|STRAIGHT,,999.00,0.31,8.4,7.3,3108
101.85,-36.158,-18.126,-124.1,1.42,CLEAR(조향OFF)|STRAIGHT,,999.00,0.31,8.2,7.3,3108
101.90,-36.158,-18.126,-123.4,1.42,CLEAR(조향OFF)|STRAIGHT,,999.00,0.30,7.7,7.4,3083
101.95,-36.220,-18.223,-123.1,1.15,CLEAR(조향OFF)|STRAIGHT,,999.00,0.30,8.8,7.4,3100
102.00,-36.220,-18.223,-122.3,1.15,CLEAR(조향OFF)|STRAIGHT,,999.00,0.30,8.4,7.3,3100
102.05,-36.280,-18.321,-121.9,1.04,CLEAR(조향OFF)|STRAIGHT,,999.00,0.30,8.9,7.3,3091
102.10,-36.280,-18.321,-121.3,1.04,CLEAR(조향OFF)|STRAIGHT,,999.00,0.30,8.4,7.4,3083
102.15,-36.340,-18.421,-120.9,1.16,CLEAR(조향OFF)|STRAIGHT,,999.00,0.30,8.9,7.4,3091
102.20,-36.340,-18.421,-120.2,1.16,CLEAR(조향OFF)|STRAIGHT,,999.00,0.30,8.5,7.4,3083
102.25,-36.392,-18.524,-119.8,1.29,CLEAR(조향OFF)|STRAIGHT,,999.00,0.30,9.1,7.3,3074
102.30,-36.392,-18.524,-119.1,1.29,CLEAR(조향OFF)|STRAIGHT,,999.00,0.30,8.7,7.4,3074
102.35,-36.448,-18.622,-118.7,1.13,CLEAR(조향OFF)|STRAIGHT,,999.00,0.30,9.0,7.3,3074
102.40,-36.448,-18.622,-118.0,1.13,CLEAR(조향OFF)|STRAIGHT,,999.00,0.30,8.6,7.4,3083
102.45,-36.506,-18.723,-117.7,1.16,CLEAR(조향OFF)|STRAIGHT,,999.00,0.30,9.1,7.3,3083
102.50,-36.506,-18.723,-117.0,1.16,CLEAR(조향OFF)|STRAIGHT,,999.00,0.30,8.7,7.4,3091
102.55,-36.557,-18.830,-116.6,1.19,CLEAR(조향OFF)|STRAIGHT,,999.00,0.30,9.3,7.4,3074
102.60,-36.557,-18.830,-115.9,1.19,CLEAR(조향OFF)|STRAIGHT,,999.00,0.30,8.9,7.4,3083
102.65,-36.601,-18.933,-115.6,1.02,CLEAR(조향OFF)|STRAIGHT,,999.00,0.30,9.5,7.4,3074
102.70,-36.601,-18.933,-114.9,1.02,CLEAR(조향OFF)|STRAIGHT,,999.00,0.30,9.1,7.2,3083
102.75,-36.651,-19.052,-114.6,1.43,CLEAR(조향OFF)|STRAIGHT,,999.00,0.30,9.7,7.4,3091
102.80,-36.651,-19.052,-113.8,1.43,CLEAR(조향OFF)|STRAIGHT,,999.00,0.30,9.2,7.4,3066
102.85,-36.697,-19.160,-113.5,1.17,CLEAR(조향OFF)|STRAIGHT,,999.00,0.30,9.7,7.5,3074
102.90,-36.697,-19.160,-112.6,1.17,CLEAR(조향OFF)|STRAIGHT,,999.00,0.30,9.3,7.4,3074
102.95,-36.742,-19.266,-112.4,1.15,CLEAR(조향OFF)|STRAIGHT,,999.00,0.30,9.9,7.4,3074
103.00,-36.742,-19.266,-111.7,1.15,CLEAR(조향OFF)|STRAIGHT,,999.00,0.30,9.4,7.4,3074
103.05,-36.783,-19.388,-111.3,1.17,CLEAR(조향OFF)|STRAIGHT,,999.00,0.30,10.1,7.4,3074
103.10,-36.783,-19.388,-110.6,1.17,CLEAR(조향OFF)|STRAIGHT,,999.00,0.30,9.7,7.4,3083
103.15,-36.831,-19.498,-110.2,1.33,CLEAR(조향OFF)|STRAIGHT,,999.00,0.30,10.4,7.4,3083
103.20,-36.831,-19.498,-109.5,1.33,CLEAR(조향OFF)|STRAIGHT,,999.00,0.30,9.9,7.6,3057
103.25,-36.878,-19.613,-109.1,1.13,CLEAR(조향OFF)|STRAIGHT,,999.00,0.30,10.4,7.7,3057
103.30,-36.878,-19.613,-108.4,1.13,CLEAR(조향OFF)|STRAIGHT,,999.00,0.30,10.0,7.6,3049
103.35,-36.911,-19.731,-108.1,1.37,CLEAR(조향OFF)|STRAIGHT,,999.00,0.30,10.8,7.6,3041
103.40,-36.911,-19.731,-107.3,1.37,CLEAR(조향OFF)|STRAIGHT,,999.00,0.30,10.4,7.7,3033
103.45,-36.946,-19.851,-106.9,1.25,CLEAR(조향OFF)|STRAIGHT,,999.00,0.30,11.0,7.9,3000
103.50,-36.946,-19.851,-106.1,1.25,CLEAR(조향OFF)|STRAIGHT,,999.00,0.30,10.6,8.1,3000
103.55,-36.983,-19.967,-105.6,1.10,CLEAR(조향OFF)|STRAIGHT,,999.00,0.30,11.4,8.1,2992
103.60,-36.983,-19.967,-104.7,1.10,CLEAR(조향OFF)|STRAIGHT,,999.00,0.30,10.9,8.1,2984
103.65,-37.006,-20.093,-104.2,1.28,CLEAR(조향OFF)|STRAIGHT,,999.00,0.30,11.2,8.3,2969
103.70,-37.006,-20.093,-103.4,1.28,CLEAR(조향OFF)|STRAIGHT,,999.00,0.30,10.7,8.4,2953
103.75,-37.024,-20.213,-102.9,1.20,CLEAR(조향OFF)|STRAIGHT,,999.00,0.30,11.3,8.4,2945
103.80,-37.024,-20.213,-101.9,1.20,CLEAR(조향OFF)|STRAIGHT,,999.00,0.30,10.8,8.5,2953
103.85,-37.050,-20.335,-101.4,1.25,CLEAR(조향OFF)|STRAIGHT,,999.00,0.30,11.4,8.4,2945
103.90,-37.050,-20.335,-100.5,1.25,CLEAR(조향OFF)|STRAIGHT,,999.00,0.30,10.9,8.5,2938
103.95,-37.067,-20.461,-100.0,1.27,CLEAR(조향OFF)|STRAIGHT,,999.00,0.30,11.7,8.4,2938
104.00,-37.067,-20.461,-99.2,1.27,CLEAR(조향OFF)|STRAIGHT,,999.00,0.31,11.1,8.4,2938
104.05,-37.067,-20.461,-98.9,1.27,CLEAR(조향OFF)|STRAIGHT,,999.00,0.31,11.2,8.4,2938
104.10,-37.086,-20.590,-98.0,1.18,CLEAR(조향OFF)|STRAIGHT,,999.00,0.31,10.8,9.2,2863
104.15,-37.104,-20.709,-97.6,1.51,CLEAR(조향OFF)|STRAIGHT,,999.00,0.31,10.7,9.3,2848
104.20,-37.104,-20.709,-96.7,1.51,CLEAR(조향OFF)|STRAIGHT,,999.00,0.31,11.2,9.3,2848
104.25,-37.114,-20.834,-96.3,1.25,CLEAR(조향OFF)|STRAIGHT,,999.00,0.31,11.7,9.3,2834
104.30,-37.114,-20.834,-95.5,1.25,CLEAR(조향OFF)|STRAIGHT,,999.00,0.31,11.2,9.3,2841
104.35,-37.125,-20.960,-95.1,1.26,CLEAR(조향OFF)|STRAIGHT,,999.00,0.31,12.3,9.2,2834
104.40,-37.125,-20.960,-94.1,1.26,CLEAR(조향OFF)|STRAIGHT,,999.00,0.31,11.8,9.6,2806
104.45,-37.131,-21.087,-93.7,1.27,CLEAR(조향OFF)|STRAIGHT,,999.00,0.31,11.9,9.7,2792
104.50,-37.131,-21.087,-92.7,1.27,CLEAR(조향OFF)|STRAIGHT,,999.00,0.31,11.4,10.1,2771
104.55,-37.126,-21.212,-92.1,1.26,CLEAR(조향OFF)|STRAIGHT,,999.00,0.31,12.2,10.2,2751
104.60,-37.126,-21.212,-90.9,1.26,CLEAR(조향OFF)|STRAIGHT,,999.00,0.31,11.6,10.2,2744
104.65,-37.135,-21.333,-90.3,1.10,CLEAR(조향OFF)|STRAIGHT,,999.00,0.31,12.3,10.2,2737
104.70,-37.135,-21.333,-89.1,1.10,CLEAR(조향OFF)|STRAIGHT,,999.00,0.31,11.6,10.2,2737
104.75,-37.134,-21.451,-88.4,1.31,CLEAR(조향OFF)|STRAIGHT,,999.00,0.31,12.6,10.2,2737
104.80,-37.134,-21.451,-87.3,1.31,CLEAR(조향OFF)|STRAIGHT,,999.00,0.32,11.9,10.3,2731
104.85,-37.127,-21.565,-86.7,1.15,CLEAR(조향OFF)|STRAIGHT,,999.00,0.32,11.5,10.3,2724
104.90,-37.127,-21.565,-85.5,1.15,CLEAR(조향OFF)|STRAIGHT,,999.00,0.32,10.9,10.5,2718
104.95,-37.118,-21.682,-85.0,1.17,CLEAR(조향OFF)|STRAIGHT,,999.00,0.32,11.6,10.4,2718
105.00,-37.118,-21.682,-83.8,1.17,CLEAR(조향OFF)|STRAIGHT,,999.00,0.32,11.0,10.4,2718
105.05,-37.113,-21.806,-83.2,1.13,CLEAR(조향OFF)|STRAIGHT,,999.00,0.32,11.6,10.4,2705
105.10,-37.113,-21.806,-82.1,1.13,CLEAR(조향OFF)|STRAIGHT,,999.00,0.32,10.9,10.5,2705
105.15,-37.089,-21.920,-81.5,1.16,CLEAR(조향OFF)|STRAIGHT,,999.00,0.32,11.8,10.5,2705
105.20,-37.089,-21.920,-80.4,1.16,CLEAR(조향OFF)|STRAIGHT,,999.00,0.33,11.1,10.4,2705
105.25,-37.064,-22.040,-79.8,1.36,CLEAR(조향OFF)|STRAIGHT,,999.00,0.33,10.9,10.4,2698
105.30,-37.064,-22.040,-78.7,1.36,CLEAR(조향OFF)|STRAIGHT,,999.00,0.33,10.3,10.4,2711
105.35,-37.035,-22.152,-78.2,1.15,CLEAR(조향OFF)|STRAIGHT,,999.00,0.33,10.7,10.4,2705
105.40,-37.035,-22.152,-77.0,1.15,CLEAR(조향OFF)|STRAIGHT,,999.00,0.33,10.1,10.4,2711
105.45,-36.999,-22.263,-76.4,1.17,CLEAR(조향OFF)|STRAIGHT,,999.00,0.33,10.8,10.4,2705
105.50,-36.999,-22.263,-75.4,1.17,CLEAR(조향OFF)|STRAIGHT,,999.00,0.33,10.1,10.4,2705
105.55,-36.967,-22.381,-74.8,1.22,CLEAR(조향OFF)|STRAIGHT,,999.00,0.33,10.5,10.4,2705
105.60,-36.967,-22.381,-73.7,1.22,CLEAR(조향OFF)|STRAIGHT,,999.00,0.33,9.9,10.5,2698
105.65,-36.930,-22.491,-73.1,1.06,CLEAR(조향OFF)|STRAIGHT,,999.00,0.33,9.9,10.4,2698
105.70,-36.930,-22.491,-72.1,1.06,CLEAR(조향OFF)|STRAIGHT,,999.00,0.33,9.4,10.4,2705
105.75,-36.887,-22.598,-71.6,1.28,CLEAR(조향OFF)|STRAIGHT,,999.00,0.33,9.8,10.4,2698
105.80,-36.887,-22.598,-70.6,1.28,CLEAR(조향OFF)|STRAIGHT,,999.00,0.33,9.2,10.4,2705
105.85,-36.844,-22.707,-70.1,1.06,CLEAR(조향OFF)|STRAIGHT,,999.00,0.33,9.6,10.5,2698
105.90,-36.844,-22.707,-69.0,1.06,CLEAR(조향OFF)|STRAIGHT,,999.00,0.33,9.0,10.5,2698
105.95,-36.797,-22.816,-68.5,1.33,CLEAR(조향OFF)|STRAIGHT,,999.00,0.33,9.6,10.3,2711
106.00,-36.797,-22.816,-67.5,1.33,CLEAR(조향OFF)|STRAIGHT,,999.00,0.33,8.9,10.4,2698
106.05,-36.745,-22.914,-67.0,1.00,CLEAR(조향OFF)|STRAIGHT,,999.00,0.33,9.3,10.4,2705
106.10,-36.745,-22.914,-66.0,1.00,CLEAR(조향OFF)|STRAIGHT,,999.00,0.34,8.7,10.4,2705
106.15,-36.694,-23.017,-65.5,1.15,CLEAR(조향OFF)|STRAIGHT,,999.00,0.34,8.8,10.4,2705
106.20,-36.694,-23.017,-64.4,1.15,CLEAR(조향OFF)|STRAIGHT,,999.00,0.34,8.2,10.4,2698
106.25,-36.639,-23.121,-64.0,1.17,CLEAR(조향OFF)|STRAIGHT,,999.00,0.34,8.6,10.4,2705
106.30,-36.639,-23.121,-62.9,1.17,CLEAR(조향OFF)|STRAIGHT,,999.00,0.34,8.0,10.0,2731
106.35,-36.583,-23.210,-62.4,1.17,CLEAR(조향OFF)|STRAIGHT,,999.00,0.34,8.4,9.9,2737
106.40,-36.583,-23.210,-61.4,1.17,CLEAR(조향OFF)|STRAIGHT,,999.00,0.34,7.8,10.0,2744
106.45,-36.526,-23.297,-60.9,1.03,CLEAR(조향OFF)|STRAIGHT,,999.00,0.34,8.0,9.7,2764
106.50,-36.526,-23.297,-60.0,1.03,CLEAR(조향OFF)|STRAIGHT,,999.00,0.34,7.4,9.7,2771
106.55,-36.466,-23.395,-59.6,1.15,CLEAR(조향OFF)|STRAIGHT,,999.00,0.34,7.6,9.7,2778
106.60,-36.466,-23.395,-58.7,1.15,CLEAR(조향OFF)|STRAIGHT,,999.00,0.34,7.1,9.7,2764
106.65,-36.406,-23.486,-58.2,0.99,CLEAR(조향OFF)|STRAIGHT,,999.00,0.34,7.5,9.7,2771
106.70,-36.406,-23.486,-57.3,0.99,CLEAR(조향OFF)|STRAIGHT,,999.00,0.34,7.0,9.7,2771
106.75,-36.341,-23.574,-56.8,1.21,CLEAR(조향OFF)|STRAIGHT,,999.00,0.34,7.1,9.7,2764
106.80,-36.341,-23.574,-55.9,1.21,CLEAR(조향OFF)|STRAIGHT,,999.00,0.34,6.5,9.7,2764
106.85,-36.282,-23.672,-55.5,1.15,CLEAR(조향OFF)|STRAIGHT,,999.00,0.34,6.9,9.4,2799
106.90,-36.282,-23.672,-54.8,1.15,CLEAR(조향OFF)|STRAIGHT,,999.00,0.34,6.3,9.1,2827
106.95,-36.216,-23.754,-54.2,1.05,CLEAR(조향OFF)|STRAIGHT,,999.00,0.34,6.7,9.0,2841
107.00,-36.216,-23.754,-53.3,1.05,CLEAR(조향OFF)|STRAIGHT,,999.00,0.35,6.2,9.0,2841
107.05,-36.144,-23.833,-52.9,0.97,CLEAR(조향OFF)|STRAIGHT,,999.00,0.35,6.6,8.7,2863
107.10,-36.144,-23.833,-52.1,0.97,CLEAR(조향OFF)|STRAIGHT,,999.00,0.35,6.1,8.7,2870
107.15,-36.084,-23.917,-51.7,1.02,CLEAR(조향OFF)|STRAIGHT,,999.00,0.35,6.1,8.7,2878
107.20,-36.084,-23.917,-51.0,1.02,CLEAR(조향OFF)|STRAIGHT,,999.00,0.35,5.6,8.7,2885
107.25,-36.014,-23.997,-50.6,1.07,CLEAR(조향OFF)|STRAIGHT,,999.00,0.35,6.0,8.6,2900
107.30,-36.014,-23.997,-49.7,1.07,CLEAR(조향OFF)|STRAIGHT,,999.00,0.35,5.5,8.4,2900
107.35,-35.943,-24.069,-49.4,1.12,CLEAR(조향OFF)|STRAIGHT,,999.00,0.35,5.7,7.9,2953
107.40,-35.943,-24.069,-48.8,1.12,CLEAR(조향OFF)|STRAIGHT,,999.00,0.34,5.1,7.9,2976
107.45,-35.873,-24.151,-48.4,1.08,CLEAR(조향OFF)|STRAIGHT,,999.00,0.34,6.0,7.8,2976
107.50,-35.873,-24.151,-47.7,1.08,CLEAR(조향OFF)|STRAIGHT,,999.00,0.34,5.6,7.7,2992
107.55,-35.802,-24.228,-47.4,1.05,CLEAR(조향OFF)|STRAIGHT,,999.00,0.34,5.8,7.1,3049
107.60,-35.802,-24.228,-46.8,1.05,CLEAR(조향OFF)|STRAIGHT,,999.00,0.34,5.4,7.0,3074
107.65,-35.730,-24.288,-46.4,0.84,CLEAR(조향OFF)|STRAIGHT,,999.00,0.34,5.6,7.0,3083
107.70,-35.730,-24.288,-45.9,0.84,CLEAR(조향OFF)|STRAIGHT,,999.00,0.34,5.2,7.0,3083
107.75,-35.656,-24.371,-45.6,1.23,CLEAR(조향OFF)|STRAIGHT,,999.00,0.34,5.0,7.1,3083
107.80,-35.656,-24.371,-44.9,1.23,CLEAR(조향OFF)|STRAIGHT,,999.00,0.34,4.6,6.9,3108
107.85,-35.582,-24.444,-44.6,1.04,CLEAR(조향OFF)|STRAIGHT,,999.00,0.34,5.6,6.9,3134
107.90,-35.582,-24.444,-44.0,1.04,CLEAR(조향OFF)|STRAIGHT,,999.00,0.35,5.1,6.8,3117
107.95,-35.505,-24.514,-43.8,1.04,CLEAR(조향OFF)|STRAIGHT,,999.00,0.35,5.8,6.8,3134
108.00,-35.505,-24.514,-43.2,1.04,CLEAR(조향OFF)|STRAIGHT,,999.00,0.35,5.4,6.8,3125
108.05,-35.505,-24.514,-42.9,1.04,CLEAR(조향OFF)|STRAIGHT,,999.00,0.35,5.6,6.8,3134
108.10,-35.434,-24.587,-42.3,0.85,CLEAR(조향OFF)|STRAIGHT,,999.00,0.35,5.3,6.8,3134
108.15,-35.354,-24.650,-42.1,1.26,CLEAR(조향OFF)|STRAIGHT,,999.00,0.35,5.1,6.8,3134
108.20,-35.354,-24.650,-41.5,1.26,CLEAR(조향OFF)|STRAIGHT,,999.00,0.35,5.1,6.8,3134
108.25,-35.275,-24.717,-41.3,0.94,CLEAR(조향OFF)|STRAIGHT,,999.00,0.35,5.8,6.7,3152
108.30,-35.275,-24.717,-40.8,0.94,CLEAR(조향OFF)|STRAIGHT,,999.00,0.35,5.4,6.7,3152
108.35,-35.197,-24.788,-40.5,1.06,CLEAR(조향OFF)|STRAIGHT,,999.00,0.35,5.2,6.7,3143
108.40,-35.197,-24.788,-39.9,1.06,CLEAR(조향OFF)|STRAIGHT,,999.00,0.36,4.8,6.7,3152
108.45,-35.116,-24.850,-39.7,1.14,CLEAR(조향OFF)|STRAIGHT,,999.00,0.36,6.1,6.7,3152
108.50,-35.116,-24.850,-39.0,1.14,CLEAR(조향OFF)|STRAIGHT,,999.00,0.36,5.7,6.7,3152
108.55,-35.041,-24.912,-38.8,0.97,CLEAR(조향OFF)|STRAIGHT,,999.00,0.36,6.1,6.7,3152
108.60,-35.041,-24.912,-38.1,0.97,CLEAR(조향OFF)|STRAIGHT,,999.00,0.36,5.7,6.7,3152
108.65,-34.957,-24.979,-37.9,0.97,CLEAR(조향OFF)|STRAIGHT,,999.00,0.36,5.8,6.8,3152
108.70,-34.957,-24.979,-37.2,0.97,CLEAR(조향OFF)|STRAIGHT,,999.00,0.36,5.4,6.7,3152
108.75,-34.878,-25.037,-36.9,1.10,CLEAR(조향OFF)|STRAIGHT,,999.00,0.36,5.7,6.8,3160
108.80,-34.878,-25.037,-36.3,1.10,CLEAR(조향OFF)|STRAIGHT,,999.00,0.36,5.3,6.7,3152
108.85,-34.795,-25.096,-36.0,1.02,CLEAR(조향OFF)|STRAIGHT,,999.00,0.36,5.7,6.7,3152
108.90,-34.795,-25.096,-35.5,1.02,CLEAR(조향OFF)|STRAIGHT,,999.00,0.37,5.3,6.7,3160
108.95,-34.710,-25.155,-35.2,1.03,CLEAR(조향OFF)|STRAIGHT,,999.00,0.37,6.1,6.7,3152
109.00,-34.710,-25.155,-34.7,1.03,CLEAR(조향OFF)|STRAIGHT,,999.00,0.37,5.8,6.7,3152
109.05,-34.624,-25.213,-34.4,0.94,CLEAR(조향OFF)|STRAIGHT,,999.00,0.37,6.0,6.5,3169
109.10,-34.624,-25.213,-33.9,0.94,CLEAR(조향OFF)|STRAIGHT,,999.00,0.37,5.7,6.6,3178
109.15,-34.539,-25.264,-33.7,1.00,CLEAR(조향OFF)|STRAIGHT,,999.00,0.37,6.0,6.6,3169
109.20,-34.539,-25.264,-33.1,1.00,CLEAR(조향OFF)|STRAIGHT,,999.00,0.37,5.6,6.6,3057
109.25,-34.456,-25.314,-32.8,1.08,CLEAR(조향OFF)|STRAIGHT,,999.00,0.37,5.9,6.6,3169
109.30,-34.456,-25.314,-32.3,1.08,CLEAR(조향OFF)|STRAIGHT,,999.00,0.37,5.5,6.5,3178
109.35,-34.373,-25.374,-32.0,1.02,CLEAR(조향OFF)|STRAIGHT,,999.00,0.37,6.3,6.6,3169
109.40,-34.373,-25.374,-31.5,1.02,CLEAR(조향OFF)|STRAIGHT,,999.00,0.37,6.0,6.6,3178
109.45,-34.280,-25.425,-31.2,0.96,CLEAR(조향OFF)|STRAIGHT,,999.00,0.37,6.4,6.6,3178
109.50,-34.280,-25.425,-30.7,0.96,CLEAR(조향OFF)|STRAIGHT,,999.00,0.37,6.1,6.6,3169
109.55,-34.194,-25.470,-30.5,1.07,CLEAR(조향OFF)|STRAIGHT,,999.00,0.37,6.3,6.6,3178
109.60,-34.194,-25.470,-29.8,1.07,CLEAR(조향OFF)|STRAIGHT,,999.00,0.37,6.0,6.6,3169
109.65,-34.109,-25.518,-29.5,0.89,CLEAR(조향OFF)|STRAIGHT,,999.00,0.37,6.4,6.6,3178
109.70,-34.109,-25.518,-29.0,0.89,CLEAR(조향OFF)|STRAIGHT,,999.00,0.37,6.0,6.6,3178
109.75,-34.021,-25.564,-28.8,1.11,CLEAR(조향OFF)|STRAIGHT,,999.00,0.37,6.1,6.5,3178
109.80,-34.021,-25.564,-28.3,1.11,CLEAR(조향OFF)|STRAIGHT,,999.00,0.39,5.7,6.6,3187
109.85,-33.932,-25.613,-28.0,1.01,CLEAR(조향OFF)|STRAIGHT,,999.00,0.39,6.6,6.6,3178
109.90,-33.932,-25.613,-27.5,1.01,CLEAR(조향OFF)|STRAIGHT,,999.00,0.39,6.3,6.6,3178
109.95,-33.845,-25.657,-27.2,0.97,CLEAR(조향OFF)|STRAIGHT,,999.00,0.39,6.6,6.6,3169
110.00,-33.845,-25.657,-26.7,0.97,CLEAR(조향OFF)|STRAIGHT,,999.00,0.39,6.3,6.6,3178
110.05,-33.845,-25.657,-26.5,0.97,CLEAR(조향OFF)|STRAIGHT,,999.00,0.39,6.6,6.6,3178
110.10,-33.755,-25.701,-26.0,0.84,CLEAR(조향OFF)|STRAIGHT,,999.00,0.39,6.3,6.6,3178
110.15,-33.668,-25.735,-25.7,1.16,CLEAR(조향OFF)|STRAIGHT,,999.00,0.39,6.1,6.6,3169
110.20,-33.668,-25.735,-25.2,1.16,CLEAR(조향OFF)|STRAIGHT,,999.00,0.39,6.2,6.6,3178
110.25,-33.575,-25.777,-24.9,0.93,CLEAR(조향OFF)|STRAIGHT,,999.00,0.39,6.6,6.6,3169
110.30,-33.575,-25.777,-24.3,0.93,CLEAR(조향OFF)|STRAIGHT,,999.00,0.40,6.3,6.6,3178
110.35,-33.489,-25.817,-24.1,1.05,CLEAR(조향OFF)|STRAIGHT,,999.00,0.40,6.8,6.6,3178
110.40,-33.489,-25.817,-23.5,1.05,CLEAR(조향OFF)|STRAIGHT,,999.00,0.40,6.4,6.6,3178
110.45,-33.397,-25.850,-23.3,0.97,CLEAR(조향OFF)|STRAIGHT,,999.00,0.40,6.8,6.6,3178
110.50,-33.397,-25.850,-22.9,0.97,CLEAR(조향OFF)|STRAIGHT,,999.00,0.40,6.5,6.6,3187
110.55,-33.308,-25.889,-22.6,0.97,CLEAR(조향OFF)|STRAIGHT,,999.00,0.40,6.7,6.6,3178
110.60,-33.308,-25.889,-22.0,0.97,CLEAR(조향OFF)|STRAIGHT,,999.00,0.40,6.4,6.6,3169
110.65,-33.215,-25.921,-21.8,0.98,CLEAR(조향OFF)|STRAIGHT,,999.00,0.40,6.8,6.6,3169
110.70,-33.215,-25.921,-21.2,0.98,CLEAR(조향OFF)|STRAIGHT,,999.00,0.40,6.5,6.6,3178
110.75,-33.132,-25.946,-20.9,0.87,CLEAR(조향OFF)|STRAIGHT,,999.00,0.40,6.8,6.6,3169
110.80,-33.132,-25.946,-20.5,0.87,CLEAR(조향OFF)|STRAIGHT,,999.00,0.42,6.3,6.6,3178
110.85,-33.035,-25.984,-20.2,1.04,CLEAR(조향OFF)|STRAIGHT,,999.00,0.42,6.7,6.6,3169
110.90,-33.035,-25.984,-19.7,1.04,CLEAR(조향OFF)|STRAIGHT,,999.00,0.42,6.4,6.6,3169
110.95,-32.942,-26.017,-19.4,0.90,CLEAR(조향OFF)|STRAIGHT,,999.00,0.42,6.8,6.6,3178
111.00,-32.942,-26.017,-18.9,0.90,CLEAR(조향OFF)|STRAIGHT,,999.00,0.42,6.5,6.6,3169
111.05,-32.858,-26.038,-18.6,0.86,CLEAR(조향OFF)|STRAIGHT,,999.00,0.42,6.9,6.6,3178
111.10,-32.858,-26.038,-18.2,0.86,CLEAR(조향OFF)|STRAIGHT,,999.00,0.42,6.5,6.6,3178
111.15,-32.768,-26.063,-17.9,0.94,CLEAR(조향OFF)|STRAIGHT,,999.00,0.42,6.7,6.6,3169
111.20,-32.768,-26.063,-17.3,0.94,CLEAR(조향OFF)|STRAIGHT,,999.00,0.42,6.4,6.6,3169
111.25,-32.675,-26.093,-17.1,0.98,CLEAR(조향OFF)|STRAIGHT,,999.00,0.42,6.7,6.6,3169
111.30,-32.675,-26.093,-16.6,0.98,CLEAR(조향OFF)|STRAIGHT,,999.00,0.43,6.3,6.7,3169
111.35,-32.583,-26.112,-16.3,1.04,CLEAR(조향OFF)|STRAIGHT,,999.00,0.43,6.7,6.6,3178
111.40,-32.583,-26.112,-15.8,1.04,CLEAR(조향OFF)|STRAIGHT,,999.00,0.43,6.4,6.6,3169
111.45,-32.488,-26.140,-15.5,0.98,CLEAR(조향OFF)|STRAIGHT,,999.00,0.43,6.6,6.6,3178
111.50,-32.488,-26.140,-15.1,0.98,CLEAR(조향OFF)|STRAIGHT,,999.00,0.43,6.3,6.6,3178
111.55,-32.488,-26.140,-14.8,0.98,CLEAR(조향OFF)|STRAIGHT,,999.00,0.43,6.7,6.6,3178
111.60,-32.396,-26.157,-14.3,0.62,CLEAR(조향OFF)|STRAIGHT,,999.00,0.43,6.4,6.6,3169
111.65,-32.396,-26.157,-14.1,0.62,CLEAR(조향OFF)|STRAIGHT,,999.00,0.43,6.2,6.6,3178
111.70,-32.396,-26.157,-13.5,0.62,CLEAR(조향OFF)|STRAIGHT,,999.00,0.43,6.2,6.6,3169
111.75,-32.396,-26.157,-13.3,0.62,CLEAR(조향OFF)|STRAIGHT,,999.00,0.43,6.0,6.6,3178
111.80,-32.211,-26.196,-12.9,1.11,CLEAR(조향OFF)|STRAIGHT,,999.00,0.43,5.7,6.6,3169
111.85,-32.120,-26.211,-12.6,1.02,CLEAR(조향OFF)|STRAIGHT,,999.00,0.43,5.5,6.6,3169
111.90,-32.120,-26.211,-12.2,1.02,CLEAR(조향OFF)|STRAIGHT,,999.00,0.44,6.3,6.6,3178
111.95,-32.029,-26.227,-11.9,0.92,CLEAR(조향OFF)|STRAIGHT,,999.00,0.44,6.4,6.6,3178
112.00,-32.029,-26.227,-11.4,0.92,CLEAR(조향OFF)|STRAIGHT,,999.00,0.44,6.2,6.6,3178
112.05,-32.029,-26.227,-11.2,0.92,CLEAR(조향OFF)|STRAIGHT,,999.00,0.44,6.4,6.7,3178
112.10,-31.936,-26.245,-10.7,0.73,CLEAR(조향OFF)|STRAIGHT,,999.00,0.44,6.1,6.6,3178
112.15,-31.936,-26.245,-10.5,0.73,CLEAR(조향OFF)|STRAIGHT,,999.00,0.44,6.0,6.6,3178
112.20,-31.936,-26.245,-10.0,0.73,CLEAR(조향OFF)|STRAIGHT,,999.00,0.44,6.2,6.6,3178
112.25,-31.936,-26.245,-9.8,0.73,CLEAR(조향OFF)|STRAIGHT,,999.00,0.44,6.0,6.6,3178
112.30,-31.746,-26.272,-9.3,1.07,CLEAR(조향OFF)|STRAIGHT,,999.00,0.44,5.6,6.6,3178
112.35,-31.654,-26.280,-9.0,1.02,CLEAR(조향OFF)|STRAIGHT,,999.00,0.44,5.5,6.6,3178
112.40,-31.654,-26.280,-8.6,1.02,CLEAR(조향OFF)|STRAIGHT,,999.00,0.46,6.1,6.6,3169
112.45,-31.557,-26.295,-8.3,1.09,CLEAR(조향OFF)|STRAIGHT,,999.00,0.46,6.2,6.6,3187
112.50,-31.557,-26.295,-7.8,1.09,CLEAR(조향OFF)|STRAIGHT,,999.00,0.46,5.9,6.6,3178
112.55,-31.463,-26.307,-7.6,0.86,CLEAR(조향OFF)|STRAIGHT,,999.00,0.46,6.2,6.6,3178
112.60,-31.463,-26.307,-7.0,0.86,CLEAR(조향OFF)|STRAIGHT,,999.00,0.46,5.9,6.6,3187
112.65,-31.362,-26.318,-6.8,1.12,CLEAR(조향OFF)|STRAIGHT,,999.00,0.46,6.3,6.6,3178
112.70,-31.362,-26.318,-6.3,1.12,CLEAR(조향OFF)|STRAIGHT,,999.00,0.46,5.9,6.6,3178
112.75,-31.274,-26.316,-6.1,0.87,CLEAR(조향OFF)|STRAIGHT,,999.00,0.46,6.2,6.6,3187
112.80,-31.274,-26.316,-5.6,0.87,CLEAR(조향OFF)|STRAIGHT,,999.00,0.46,5.9,6.6,3178
112.85,-31.182,-26.323,-5.3,0.93,CLEAR(조향OFF)|STRAIGHT,,999.00,0.46,6.0,6.6,3169
112.90,-31.182,-26.323,-4.8,0.93,CLEAR(조향OFF)|STRAIGHT,,999.00,0.47,5.7,6.6,3178
112.95,-31.087,-26.333,-4.6,0.96,CLEAR(조향OFF)|STRAIGHT,,999.00,0.47,5.8,6.6,3187
113.00,-31.087,-26.333,-4.1,0.96,CLEAR(조향OFF)|STRAIGHT,,999.00,0.47,5.5,6.6,3178
113.05,-30.992,-26.336,-3.9,0.86,CLEAR(조향OFF)|STRAIGHT,,999.00,0.47,5.8,6.5,3187
113.10,-30.992,-26.336,-3.4,0.86,CLEAR(조향OFF)|STRAIGHT,,999.00,0.47,5.5,6.6,3178
113.15,-30.895,-26.339,-3.1,1.08,CLEAR(조향OFF)|STRAIGHT,,999.00,0.47,5.8,6.5,3178
113.20,-30.895,-26.339,-2.6,1.08,CLEAR(조향OFF)|STRAIGHT,,999.00,0.47,5.4,6.6,3178
113.25,-30.803,-26.341,-2.4,0.94,CLEAR(조향OFF)|STRAIGHT,,999.00,0.47,5.6,6.6,3178
113.30,-30.803,-26.341,-1.9,0.94,CLEAR(조향OFF)|STRAIGHT,,999.00,0.47,5.3,6.6,3169
113.35,-30.711,-26.342,-1.7,0.86,CLEAR(조향OFF)|STRAIGHT,,999.00,0.47,5.5,6.5,3187
113.40,-30.711,-26.342,-1.1,0.86,CLEAR(조향OFF)|STRAIGHT,,999.00,0.48,5.2,6.6,3178
113.45,-30.615,-26.330,-0.9,0.90,CLEAR(조향OFF)|STRAIGHT,,999.00,0.48,5.3,6.6,3178
113.50,-30.615,-26.330,-0.4,0.90,CLEAR(조향OFF)|STRAIGHT,,999.00,0.48,5.0,6.6,3178
113.55,-30.516,-26.340,-0.1,0.99,CLEAR(조향OFF)|STRAIGHT,,999.00,0.48,5.1,6.6,3187
113.60,-30.516,-26.340,0.3,0.99,CLEAR(조향OFF)|STRAIGHT,,999.00,0.48,4.7,6.3,3205
113.65,-30.420,-26.330,0.5,0.96,CLEAR(조향OFF)|STRAIGHT,,999.00,0.48,5.0,6.2,3224
113.70,-30.420,-26.330,1.1,0.96,CLEAR(조향OFF)|STRAIGHT,,999.00,0.48,4.8,6.1,3224
113.75,-30.330,-26.323,1.3,1.00,CLEAR(조향OFF)|STRAIGHT,,999.00,0.48,4.9,6.2,3215
113.80,-30.330,-26.323,1.8,1.00,CLEAR(조향OFF)|STRAIGHT,,999.00,0.48,4.5,6.2,3224
113.85,-30.236,-26.324,2.0,0.93,CLEAR(조향OFF)|STRAIGHT,,999.00,0.48,4.6,6.1,3233
113.90,-30.236,-26.324,2.5,0.93,CLEAR(조향OFF)|STRAIGHT,,999.00,0.48,4.3,6.1,3224
113.95,-30.143,-26.318,2.7,0.94,CLEAR(조향OFF)|STRAIGHT,,999.00,0.48,4.6,6.2,3233
114.00,-30.143,-26.318,3.2,0.94,CLEAR(조향OFF)|STRAIGHT,,999.00,0.49,4.3,6.2,3233
114.05,-30.143,-26.318,3.5,0.94,CLEAR(조향OFF)|STRAIGHT,,999.00,0.49,4.4,6.2,3233
114.10,-30.050,-26.308,3.9,0.66,CLEAR(조향OFF)|STRAIGHT,,999.00,0.49,4.1,6.2,3224
114.15,-30.050,-26.308,4.1,0.66,CLEAR(조향OFF)|STRAIGHT,,999.00,0.49,3.9,6.0,3252
114.20,-30.050,-26.308,4.6,0.66,CLEAR(조향OFF)|STRAIGHT,,999.00,0.49,3.9,5.9,3261
114.25,-29.868,-26.281,4.8,1.08,CLEAR(조향OFF)|STRAIGHT,,999.00,0.49,3.7,5.9,3271
114.30,-29.868,-26.281,5.3,1.08,CLEAR(조향OFF)|STRAIGHT,,999.00,0.49,3.4,5.9,3261
114.35,-29.772,-26.272,5.5,0.97,CLEAR(조향OFF)|STRAIGHT,,999.00,0.49,3.6,5.9,3271
114.40,-29.772,-26.272,6.0,0.97,CLEAR(조향OFF)|STRAIGHT,,999.00,0.49,3.3,5.9,3261
114.45,-29.772,-26.272,6.2,0.97,CLEAR(조향OFF)|STRAIGHT,,999.00,0.49,3.5,5.9,3261
114.50,-29.674,-26.269,6.7,0.89,CLEAR(조향OFF)|STRAIGHT,,999.00,0.49,3.2,6.0,3261
114.55,-29.581,-26.247,6.9,1.05,CLEAR(조향OFF)|STRAIGHT,,999.00,0.51,3.0,5.9,3261
114.60,-29.581,-26.247,7.3,1.05,CLEAR(조향OFF)|STRAIGHT,,999.00,0.51,3.2,5.9,3261
114.65,-29.481,-26.241,7.5,1.11,CLEAR(조향OFF)|STRAIGHT,,999.00,0.51,3.2,5.9,3271
114.70,-29.481,-26.241,8.0,1.11,CLEAR(조향OFF)|STRAIGHT,,999.00,0.51,3.0,5.8,3271
114.75,-29.393,-26.220,8.2,0.82,CLEAR(조향OFF)|STRAIGHT,,999.00,0.51,3.1,5.8,3271
114.80,-29.393,-26.220,8.6,0.82,CLEAR(조향OFF)|STRAIGHT,,999.00,0.51,2.9,5.6,3300
114.85,-29.305,-26.198,8.8,0.90,CLEAR(조향OFF)|STRAIGHT,,999.00,0.51,2.7,5.5,3319
114.90,-29.305,-26.198,9.2,0.90,CLEAR(조향OFF)|STRAIGHT,,999.00,0.51,2.4,5.5,3319
114.95,-29.213,-26.183,9.4,1.03,CLEAR(조향OFF)|STRAIGHT,,999.00,0.51,2.3,5.4,3329
115.00,-29.213,-26.183,9.8,1.03,CLEAR(조향OFF)|STRAIGHT,,999.00,0.52,2.1,5.2,3349
115.05,-29.213,-26.183,10.0,1.03,CLEAR(조향OFF)|STRAIGHT,,999.00,0.52,2.5,4.9,3389
115.10,-29.121,-26.163,10.4,0.79,CLEAR(조향OFF)|STRAIGHT,,999.00,0.52,2.2,4.7,3420
115.15,-29.033,-26.144,10.5,1.00,CLEAR(조향OFF)|STRAIGHT,,999.00,0.52,2.1,4.7,3420
115.20,-29.033,-26.144,10.8,1.00,CLEAR|STRAIGHT,,999.00,0.52,1.9,4.5,3451
115.25,-28.938,-26.124,11.0,0.97,CLEAR|STRAIGHT,,999.00,0.52,2.0,4.1,3494
115.30,-28.938,-26.124,11.3,0.97,CLEAR|STRAIGHT,,999.00,0.52,1.8,4.1,3505
115.35,-28.846,-26.102,11.5,0.95,CLEAR|STRAIGHT,,999.00,0.52,1.8,4.1,3505
115.40,-28.846,-26.102,11.8,0.95,CLEAR|STRAIGHT,,999.00,0.52,1.6,4.0,3505
115.45,-28.846,-26.102,11.9,0.95,CLEAR|STRAIGHT,,999.00,0.52,1.5,4.1,3516
115.50,-28.754,-26.083,12.3,0.85,CLEAR|STRAIGHT,,999.00,0.52,1.3,4.1,3516
115.55,-28.668,-26.059,12.4,1.00,CLEAR|STRAIGHT,,999.00,0.54,1.2,4.1,3527
115.60,-28.668,-26.059,12.7,1.00,CLEAR|STRAIGHT,,999.00,0.54,1.6,3.7,3572
115.65,-28.577,-26.032,12.8,0.94,CLEAR|STRAIGHT,,999.00,0.54,1.6,3.5,3583
115.70,-28.577,-26.032,13.1,0.94,CLEAR|STRAIGHT,,999.00,0.54,1.4,3.6,3606
115.75,-28.487,-26.012,13.2,0.93,CLEAR|STRAIGHT,,999.00,0.54,1.3,3.8,3606
115.80,-28.487,-26.012,13.4,0.93,CLEAR|STRAIGHT,,999.00,0.54,1.2,3.5,3618
115.85,-28.395,-25.987,13.6,1.06,CLEAR|STRAIGHT,,999.00,0.54,1.1,3.5,3595
115.90,-28.395,-25.987,13.9,1.06,CLEAR|STRAIGHT,,999.00,0.54,1.0,3.4,3630
115.95,-28.303,-25.960,14.0,0.96,CLEAR|STRAIGHT,,999.00,0.54,1.1,3.4,3630
116.00,-28.303,-25.960,14.2,0.96,CLEAR|STRAIGHT,,999.00,0.54,0.9,3.4,3630
116.05,-28.212,-25.936,14.3,0.86,CLEAR|STRAIGHT,,999.00,0.54,0.7,3.4,3641
116.10,-28.212,-25.936,14.5,0.86,CLEAR|STRAIGHT,,999.00,0.55,0.5,2.7,3713
116.15,-28.119,-25.912,14.6,0.96,CLEAR|STRAIGHT,,999.00,0.55,1.1,2.7,3713
116.20,-28.119,-25.912,14.7,0.96,CLEAR|STRAIGHT,,999.00,0.55,1.0,2.4,3738
116.25,-28.119,-25.912,14.8,0.96,CLEAR|STRAIGHT,,999.00,0.55,1.1,2.4,3763
116.30,-28.029,-25.887,14.9,0.78,CLEAR|STRAIGHT,,999.00,0.55,1.0,2.4,3763
116.35,-28.029,-25.887,15.0,0.78,CLEAR|STRAIGHT,,999.00,0.55,0.9,2.4,3763
116.40,-28.029,-25.887,15.2,0.78,CLEAR|STRAIGHT,,999.00,0.55,0.7,2.1,3814
116.45,-27.848,-25.837,15.3,1.04,CLEAR|STRAIGHT,,999.00,0.55,0.7,2.1,3814
116.50,-27.848,-25.837,15.4,1.04,AVOID|RIGHT,-8.2,8.00,0.55,-8.2,2.2,3814
116.55,-27.757,-25.811,15.4,1.05,AVOID|LEFT,0.1,8.00,0.55,-8.2,2.0,3840
116.60,-27.757,-25.811,15.5,1.05,AVOID|LEFT,0.1,8.00,0.57,0.1,2.0,3840
116.65,-27.668,-25.779,15.5,0.86,AVOID|LEFT,8.4,8.00,0.57,0.1,1.0,3948
116.70,-27.668,-25.779,15.4,0.86,AVOID|LEFT,8.4,8.00,0.57,8.4,-0.6,4183
116.75,-27.581,-25.753,15.4,1.00,AVOID|LEFT,16.4,8.00,0.57,8.4,-0.6,4183
116.80,-27.581,-25.753,15.3,1.00,AVOID|LEFT,16.4,8.00,0.57,16.4,-0.5,4183
116.85,-27.487,-25.732,15.2,0.95,AVOID|LEFT,16.8,8.00,0.57,16.4,2.7,3853
116.90,-27.487,-25.732,15.4,0.95,AVOID|LEFT,16.8,8.00,0.57,16.8,2.7,3853
116.95,-27.399,-25.705,15.6,0.93,AVOID|LEFT,17.2,8.00,0.57,16.8,4.5,3630
117.00,-27.399,-25.705,16.0,0.93,AVOID|LEFT,17.2,8.00,0.57,17.2,7.9,3178
117.05,-27.399,-25.705,16.3,0.93,AVOID|LEFT,17.2,8.00,0.57,17.2,7.9,3178
117.10,-27.309,-25.675,17.0,0.78,AVOID|LEFT,17.2,8.00,0.57,17.2,9.1,3000
117.15,-27.222,-25.648,17.4,1.02,AVOID|LEFT,16.6,8.00,0.58,16.6,10.5,2834
117.20,-27.222,-25.648,18.4,1.02,AVOID|LEFT,15.6,8.00,0.58,16.6,11.8,2705
117.25,-27.136,-25.617,18.9,0.91,AVOID|LEFT,15.6,8.00,0.58,15.6,12.7,2592
117.30,-27.136,-25.617,20.1,0.91,AVOID|LEFT,14.4,8.00,0.58,15.6,13.5,2484
117.35,-27.060,-25.574,20.7,0.95,AVOID|LEFT,14.4,8.00,0.58,14.4,13.5,2484
117.40,-27.060,-25.574,21.7,0.95,AVOID|LEFT,12.4,8.00,0.58,14.4,13.5,2467
117.45,-26.984,-25.528,22.2,0.87,AVOID|LEFT,12.4,8.00,0.58,12.4,13.5,2451
117.50,-26.984,-25.528,23.3,0.87,AVOID|LEFT,10.6,8.00,0.58,12.4,13.5,2451
117.55,-26.901,-25.485,23.8,0.94,AVOID|LEFT,10.6,8.00,0.58,10.6,13.5,2446
117.60,-26.901,-25.485,24.9,0.94,AVOID|LEFT,8.6,8.00,0.58,10.6,13.5,2440
117.65,-26.828,-25.442,25.5,0.84,AVOID|LEFT,8.6,8.00,0.58,8.6,13.5,2435
117.70,-26.828,-25.442,26.6,0.84,AVOID|LEFT,6.4,8.00,0.60,8.6,13.4,2435
117.75,-26.754,-25.385,27.0,0.92,AVOID|LEFT,6.4,8.00,0.60,6.4,11.6,2557
117.80,-26.754,-25.385,28.0,0.92,AVOID|LEFT,4.2,8.00,0.60,4.2,11.6,2557
117.85,-26.686,-25.333,28.4,0.85,AVOID|LEFT,2.2,8.00,0.60,4.2,11.0,2623
117.90,-26.686,-25.333,29.2,0.85,AVOID|LEFT,2.2,8.00,0.60,2.2,9.9,2711
117.95,-26.614,-25.279,29.6,0.89,AVOID|LEFT,-0.2,8.00,0.60,2.2,8.7,2820
118.00,-26.614,-25.279,30.2,0.89,AVOID|LEFT,-0.2,8.00,0.60,-0.2,7.5,2945
118.05,-26.614,-25.279,30.4,0.89,AVOID|LEFT,-1.4,8.00,0.60,-0.2,6.1,3117
118.10,-26.538,-25.231,30.7,0.64,AVOID|LEFT,-1.4,8.00,0.60,-1.4,4.9,3271
118.15,-26.538,-25.231,30.8,0.64,AVOID|STRAIGHT,-3.0,8.00,0.60,-1.4,3.5,3441
118.20,-26.538,-25.231,31.0,0.64,AVOID|STRAIGHT,-3.0,8.00,0.60,-3.0,2.3,3618
118.25,-26.391,-25.135,31.0,1.03,AVOID|STRAIGHT,-3.8,8.00,0.60,-3.0,1.4,3763
118.30,-26.391,-25.135,31.1,1.03,AVOID|STRAIGHT,-3.8,8.00,0.61,-3.8,1.0,3867
118.35,-26.316,-25.093,31.1,0.96,AVOID|RIGHT,-5.0,8.00,0.61,-3.8,0.6,3934
118.40,-26.316,-25.093,31.1,0.96,AVOID|RIGHT,-5.0,8.00,0.61,-5.0,0.5,3990
118.45,-26.243,-25.039,31.1,0.90,AVOID|RIGHT,-5.0,8.00,0.61,-5.0,0.1,4062
118.50,-26.243,-25.039,31.0,0.90,AVOID|RIGHT,-5.0,8.00,0.61,-5.0,-0.1,4092
118.55,-26.165,-24.999,30.9,0.80,AVOID|RIGHT,-5.6,8.00,0.61,-5.6,-0.7,4167
118.60,-26.165,-24.999,30.8,0.80,AVOID|RIGHT,-5.6,8.00,0.61,-5.6,-1.2,4230
118.65,-26.088,-24.954,30.7,0.99,AVOID|RIGHT,-5.6,8.00,0.61,-5.6,-1.6,4295
118.70,-26.088,-24.954,30.4,0.99,AVOID|RIGHT,-5.8,8.00,0.61,-5.6,-1.9,4328
118.75,-26.009,-24.901,30.3,1.04,AVOID|RIGHT,-5.8,8.00,0.61,-5.8,-2.1,4361
118.80,-26.009,-24.901,30.1,1.04,AVOID|RIGHT,-5.8,8.00,0.63,-5.8,-2.2,4395
118.85,-25.930,-24.860,29.9,0.81,AVOID|RIGHT,-5.8,8.00,0.63,-5.8,-2.2,4395
118.90,-25.930,-24.860,29.7,0.81,AVOID|RIGHT,-6.2,8.00,0.63,-5.8,-2.5,4430
118.95,-25.851,-24.810,29.6,0.94,AVOID|RIGHT,-6.2,8.00,0.63,-6.2,-2.5,4447
119.00,-25.851,-24.810,29.3,0.94,AVOID|RIGHT,-6.0,8.00,0.63,-6.2,-2.6,4465
119.05,-25.851,-24.810,29.2,0.94,AVOID|RIGHT,-6.0,8.00,0.63,-6.0,-2.5,4447
119.10,-25.768,-24.765,29.0,0.78,AVOID|RIGHT,-6.6,8.00,0.63,-6.0,-2.5,4465
119.15,-25.686,-24.724,28.9,1.15,AVOID|RIGHT,-6.6,8.00,0.63,-6.6,-2.5,4465
119.20,-25.686,-24.724,28.6,1.15,AVOID|RIGHT,-6.8,8.00,0.63,-6.8,-2.5,4483
119.25,-25.600,-24.683,28.5,0.86,AVOID|RIGHT,-7.2,8.00,0.63,-6.8,-3.0,4501
119.30,-25.600,-24.683,28.2,0.86,AVOID|RIGHT,-7.2,8.00,0.63,-7.2,-3.1,4537
119.35,-25.517,-24.635,28.1,0.96,AVOID|RIGHT,-7.4,8.00,0.63,-7.2,-3.3,4537
119.40,-25.517,-24.635,27.8,0.96,AVOID|RIGHT,-7.4,8.00,0.64,-7.4,-3.3,4555
119.45,-25.437,-24.590,27.6,1.02,AVOID|RIGHT,-7.8,8.00,0.64,-7.4,-3.3,4555
119.50,-25.437,-24.590,27.4,1.02,AVOID|RIGHT,-7.8,8.00,0.64,-7.8,-3.3,4574
119.55,-25.350,-24.554,27.2,0.93,AVOID|RIGHT,-7.6,8.00,0.64,-7.8,-3.4,4555
119.60,-25.350,-24.554,26.9,0.93,AVOID|RIGHT,-7.6,8.00,0.64,-7.6,-3.4,4574
119.65,-25.268,-24.513,26.7,0.84,AVOID|RIGHT,-8.2,8.00,0.64,-7.6,-3.7,4611
119.70,-25.268,-24.513,26.3,0.84,AVOID|RIGHT,-8.2,8.00,0.64,-8.2,-4.3,4650
119.75,-25.180,-24.470,26.2,1.08,AVOID|RIGHT,-8.4,8.00,0.64,-8.2,-4.4,4669
119.80,-25.180,-24.470,25.8,1.08,AVOID|RIGHT,-8.4,8.00,0.64,-8.4,-4.3,4669
119.85,-25.091,-24.432,25.7,0.96,AVOID|RIGHT,-8.6,8.00,0.64,-8.4,-4.5,4669
119.90,-25.091,-24.432,25.3,0.96,AVOID|RIGHT,-8.4,8.00,0.64,-8.6,-4.5,4688
119.95,-25.007,-24.399,25.0,0.82,AVOID|RIGHT,-8.4,8.00,0.64,-8.4,-4.6,4688
120.00,-25.007,-24.399,24.7,0.82,AVOID|RIGHT,-8.4,8.00,0.64,-8.4,-4.7,4688
120.05,-24.917,-24.353,24.5,1.01,AVOID|RIGHT,-8.4,8.00,0.64,-8.4,-5.1,4728
120.10,-24.917,-24.353,24.1,1.01,AVOID|RIGHT,-8.0,8.00,0.64,-8.4,-5.1,4748
120.15,-24.833,-24.313,23.9,0.93,AVOID|RIGHT,-8.0,8.00,0.64,-8.0,-5.1,4748
120.20,-24.833,-24.313,23.5,0.93,AVOID|RIGHT,-7.4,8.00,0.64,-8.0,-5.2,4728
120.25,-24.740,-24.274,23.2,1.12,AVOID|RIGHT,-7.4,8.00,0.64,-7.4,-5.1,4748
120.30,-24.740,-24.274,22.8,1.12,AVOID|RIGHT,-6.4,8.00,0.64,-7.4,-5.2,4748
120.35,-24.653,-24.231,22.6,0.97,AVOID|RIGHT,-6.4,8.00,0.64,-6.4,-5.1,4768
120.40,-24.653,-24.231,22.1,0.97,AVOID|RIGHT,-6.2,8.00,0.64,-6.4,-5.1,4748
120.45,-24.562,-24.200,21.9,0.96,AVOID|RIGHT,-6.2,8.00,0.64,-6.2,-5.1,4748
120.50,-24.562,-24.200,21.4,0.96,AVOID|RIGHT,-5.0,8.00,0.64,-6.2,-5.1,4748
120.55,-24.464,-24.168,21.2,1.03,AVOID|RIGHT,-5.0,8.00,0.64,-5.0,-5.1,4748
120.60,-24.464,-24.168,20.7,1.03,AVOID|RIGHT,-4.4,8.00,0.64,-4.4,-5.1,4768
120.65,-24.372,-24.130,20.5,0.99,AVOID|RIGHT,-3.4,8.00,0.64,-4.4,-5.0,4748
120.70,-24.372,-24.130,20.0,0.99,AVOID|RIGHT,-3.4,8.00,0.64,-3.4,-5.0,4768
120.75,-24.280,-24.092,19.8,0.99,AVOID|RIGHT,-3.2,8.00,0.64,-3.4,-5.2,4768
120.80,-24.280,-24.092,19.4,0.99,AVOID|RIGHT,-3.2,8.00,0.64,-3.2,-5.1,4748
120.85,-24.189,-24.061,19.1,0.88,AVOID|RIGHT,-3.2,8.00,0.64,-3.2,-5.2,4748
120.90,-24.189,-24.061,18.6,0.88,AVOID|RIGHT,-3.2,8.00,0.65,-3.2,-5.0,4748
120.95,-24.097,-24.022,18.5,0.99,AVOID|RIGHT,-1.2,8.00,0.65,-3.2,-4.6,4748
121.00,-24.097,-24.022,18.1,0.99,AVOID|RIGHT,-1.2,8.00,0.65,-1.2,-4.5,4728
121.05,-24.097,-24.022,17.8,0.99,AVOID|RIGHT,-0.8,8.00,0.65,-1.2,-4.5,4728
121.10,-23.998,-23.995,17.5,0.93,AVOID|RIGHT,-0.8,8.00,0.65,-0.8,-4.6,4708
121.15,-23.899,-23.974,17.3,1.12,AVOID|RIGHT,-0.6,8.00,0.65,-0.8,-4.6,4708
121.20,-23.899,-23.974,16.8,1.12,AVOID|RIGHT,-0.6,8.00,0.65,-0.6,-4.5,4728
121.25,-23.805,-23.950,16.6,0.97,AVOID|RIGHT,0.2,8.00,0.65,-0.6,-4.6,4708
121.30,-23.805,-23.950,16.1,0.97,AVOID|RIGHT,0.4,8.00,0.65,0.2,-4.6,4708
121.35,-23.713,-23.912,16.0,1.10,AVOID|RIGHT,0.4,8.00,0.65,0.4,-4.5,4708
121.40,-23.713,-23.912,15.6,1.10,AVOID|STRAIGHT,2.0,8.00,0.65,0.4,-4.5,4708
121.45,-23.622,-23.886,15.3,0.94,AVOID|STRAIGHT,2.0,8.00,0.65,2.0,-3.5,4650
121.50,-23.622,-23.886,15.0,0.94,AVOID|STRAIGHT,2.4,8.00,0.65,2.0,-2.7,4574
121.55,-23.532,-23.859,14.8,0.94,AVOID|STRAIGHT,2.4,8.00,0.65,2.4,-2.2,4519
121.60,-23.532,-23.859,14.6,0.94,AVOID|STRAIGHT,2.8,8.00,0.65,2.4,-1.3,4447
121.65,-23.433,-23.839,14.6,0.92,AVOID|STRAIGHT,2.8,8.00,0.65,2.8,-0.6,4378
121.70,-23.433,-23.839,14.5,0.92,AVOID|STRAIGHT,3.4,8.00,0.65,2.8,-0.1,4311
121.75,-23.337,-23.814,14.4,1.11,AVOID|STRAIGHT,3.4,8.00,0.65,3.4,0.3,4246
121.80,-23.337,-23.814,14.4,1.11,AVOID|STRAIGHT,3.8,8.00,0.65,3.4,0.5,4183
121.85,-23.244,-23.778,14.4,0.99,AVOID|STRAIGHT,3.8,8.00,0.65,3.8,0.5,4183
121.90,-23.244,-23.778,14.3,0.99,AVOID|STRAIGHT,3.8,8.00,0.66,3.8,0.6,4152
121.95,-23.149,-23.753,14.3,0.89,AVOID|STRAIGHT,4.2,8.00,0.66,3.8,0.7,4152
122.00,-23.149,-23.753,14.3,0.89,AVOID|STRAIGHT,4.2,8.00,0.66,4.2,1.2,4092
122.05,-23.149,-23.753,14.3,0.89,AVOID|STRAIGHT,4.4,8.00,0.66,4.2,1.5,4033
122.10,-23.047,-23.739,14.3,0.93,AVOID|STRAIGHT,4.4,8.00,0.66,4.4,1.6,4018
122.15,-22.947,-23.717,14.4,1.27,AVOID|LEFT,5.0,8.00,0.66,4.4,1.6,4004
122.20,-22.947,-23.717,14.5,1.27,AVOID|LEFT,5.0,8.00,0.66,5.0,1.8,3962
122.25,-22.855,-23.688,14.5,0.97,AVOID|LEFT,5.2,8.00,0.66,5.0,2.0,3934
122.30,-22.855,-23.688,14.6,0.97,AVOID|LEFT,5.2,8.00,0.66,5.2,2.0,3907
122.35,-22.761,-23.656,14.6,0.99,AVOID|LEFT,5.8,8.00,0.66,5.2,2.1,3907
122.40,-22.761,-23.656,14.8,0.99,AVOID|LEFT,5.8,8.00,0.66,5.8,2.0,3907
122.45,-22.659,-23.634,14.8,1.03,AVOID|LEFT,5.4,8.00,0.66,5.8,2.6,3827
122.50,-22.659,-23.634,14.9,1.03,AVOID|LEFT,5.4,8.00,0.66,5.4,2.9,3776
122.55,-22.564,-23.614,15.0,0.89,AVOID|LEFT,5.8,8.00,0.66,5.4,3.2,3751
122.60,-22.564,-23.614,15.3,0.89,AVOID|LEFT,5.8,8.00,0.66,5.8,3.4,3701
122.65,-22.470,-23.584,15.4,0.99,AVOID|LEFT,6.4,8.00,0.66,5.8,3.4,3701
122.70,-22.470,-23.584,15.7,0.99,AVOID|LEFT,6.6,8.00,0.66,6.4,3.4,3701
122.75,-22.370,-23.548,15.9,1.17,AVOID|LEFT,6.6,8.00,0.66,6.6,3.5,3665
122.80,-22.370,-23.548,16.1,1.17,AVOID|LEFT,6.4,8.00,0.66,6.6,3.6,3653
122.85,-22.273,-23.513,16.3,0.94,AVOID|LEFT,6.4,8.00,0.66,6.4,3.6,3665
122.90,-22.273,-23.513,16.5,0.94,AVOID|LEFT,6.0,8.00,0.68,6.4,4.1,3606
122.95,-22.179,-23.479,16.7,1.11,AVOID|LEFT,6.0,8.00,0.68,6.0,4.3,3561
123.00,-22.179,-23.479,17.0,1.11,AVOID|LEFT,5.8,8.00,0.68,6.0,4.3,3549
123.05,-22.084,-23.442,17.1,0.93,AVOID|LEFT,5.8,8.00,0.68,5.8,4.4,3549
123.10,-22.084,-23.442,17.3,0.93,AVOID|LEFT,6.2,8.00,0.68,5.8,4.2,3538
123.15,-22.084,-23.442,17.5,0.93,AVOID|LEFT,6.2,8.00,0.68,6.2,4.4,3549
123.20,-21.972,-23.431,18.0,0.85,AVOID|LEFT,6.0,8.00,0.68,6.2,4.4,3538
123.25,-21.972,-23.431,18.1,0.85,AVOID|LEFT,6.0,8.00,0.68,6.0,4.4,3527
123.30,-21.972,-23.431,18.3,0.85,AVOID|LEFT,6.8,8.00,0.68,6.0,4.4,3538
123.35,-21.770,-23.379,18.4,1.30,AVOID|LEFT,6.8,8.00,0.68,6.8,4.4,3527
123.40,-21.770,-23.379,18.8,1.30,AVOID|LEFT,6.6,8.00,0.68,6.8,4.4,3538
123.45,-21.673,-23.342,18.9,0.94,AVOID|LEFT,6.6,8.00,0.68,6.6,4.3,3527
123.50,-21.673,-23.342,19.2,0.94,AVOID|LEFT,5.6,8.00,0.68,5.6,4.4,3516
123.55,-21.581,-23.298,19.4,1.14,AVOID|LEFT,6.4,8.00,0.68,5.6,4.8,3473
123.60,-21.581,-23.298,19.7,1.14,AVOID|LEFT,6.4,8.00,0.68,6.4,4.9,3473
123.65,-21.488,-23.255,20.0,1.02,AVOID|LEFT,5.4,8.00,0.68,6.4,4.9,3462
123.70,-21.488,-23.255,20.3,1.02,AVOID|LEFT,5.4,8.00,0.68,5.4,4.9,3451
123.75,-21.399,-23.193,20.5,1.05,AVOID|STRAIGHT,3.0,8.00,0.68,5.4,4.8,3462
123.80,-21.399,-23.193,20.9,1.05,AVOID|STRAIGHT,3.0,8.00,0.68,3.0,4.8,3451
123.85,-21.304,-23.149,21.0,1.04,AVOID|STRAIGHT,4.6,0.07,0.68,3.0,4.8,3462
123.90,-21.304,-23.149,21.3,1.04,AVOID|STRAIGHT,4.6,0.07,0.59,4.6,4.8,3451
123.95,-21.208,-23.106,21.5,0.96,CLEAR|STRAIGHT,,999.00,0.50,4.6,4.8,3462
124.00,-21.208,-23.106,21.8,0.96,CLEAR|STRAIGHT,,999.00,0.55,4.8,4.5,3483
124.05,-21.113,-23.056,22.0,1.06,CLEAR|STRAIGHT,,999.00,0.60,5.2,4.4,3494
124.10,-21.113,-23.056,22.3,1.06,CLEAR|STRAIGHT,,999.00,0.65,5.0,4.4,3505
124.15,-21.023,-23.003,22.5,1.15,CLEAR|STRAIGHT,,999.00,0.67,5.0,4.4,3505
124.20,-21.023,-23.003,22.7,1.15,CLEAR|STRAIGHT,,999.00,0.67,4.8,4.4,3505
124.25,-20.921,-22.959,23.0,1.23,CLEAR|STRAIGHT,,999.00,0.67,4.7,4.4,3494
124.30,-20.921,-22.959,23.3,1.23,CLEAR|STRAIGHT,,999.00,0.67,4.5,4.4,3505
124.35,-20.823,-22.913,23.5,1.04,CLEAR|STRAIGHT,,999.00,0.67,4.6,4.4,3505
124.40,-20.823,-22.913,23.9,1.04,CLEAR|STRAIGHT,,999.00,0.67,4.4,4.4,3494
124.45,-20.732,-22.873,24.0,1.03,CLEAR|STRAIGHT,,999.00,0.67,3.9,4.4,3516
124.50,-20.732,-22.873,24.4,1.03,CLEAR|STRAIGHT,,999.00,0.67,3.7,4.4,3505
124.55,-20.635,-22.836,24.5,0.95,CLEAR|STRAIGHT,,999.00,0.67,4.0,4.4,3516
124.60,-20.635,-22.836,24.8,0.95,CLEAR|STRAIGHT,,999.00,0.67,3.7,4.5,3505
124.65,-20.534,-22.785,25.0,1.12,CLEAR|STRAIGHT,,999.00,0.67,4.2,4.4,3505
124.70,-20.534,-22.785,25.3,1.12,CLEAR|STRAIGHT,,999.00,0.67,4.0,4.4,3505
124.75,-20.534,-22.785,25.5,1.12,CLEAR|STRAIGHT,,999.00,0.67,3.9,4.4,3505
124.80,-20.434,-22.743,25.8,0.72,CLEAR|STRAIGHT,,999.00,0.67,3.7,4.4,3527
124.85,-20.434,-22.743,26.0,0.72,CLEAR|STRAIGHT,,999.00,0.67,3.6,4.4,3505
124.90,-20.434,-22.743,26.3,0.72,CLEAR|STRAIGHT,,999.00,0.67,3.4,4.4,3505
124.95,-20.231,-22.660,26.4,1.37,CLEAR|STRAIGHT,,999.00,0.67,3.3,4.5,3505
125.00,-20.231,-22.660,26.8,1.37,CLEAR|STRAIGHT,,999.00,0.67,3.1,4.4,3494
125.05,-20.135,-22.606,27.0,1.23,CLEAR|STRAIGHT,,999.00,0.67,2.9,4.4,3494
125.10,-20.135,-22.606,27.3,1.23,CLEAR|STRAIGHT,,999.00,0.67,2.6,4.4,3494
125.15,-20.041,-22.551,27.6,0.99,CLEAR|STRAIGHT,,999.00,0.67,2.9,4.4,3494
125.20,-20.041,-22.551,28.0,0.99,CLEAR|STRAIGHT,,999.00,0.67,2.7,4.4,3494
125.25,-19.942,-22.502,28.2,1.10,CLEAR|STRAIGHT,,999.00,0.67,3.1,4.4,3505
125.30,-19.942,-22.502,28.6,1.10,CLEAR|STRAIGHT,,999.00,0.67,2.7,4.4,3505
125.35,-19.846,-22.451,28.8,1.21,CLEAR|STRAIGHT,,999.00,0.67,2.0,4.4,3505
125.40,-19.846,-22.451,29.2,1.21,CLEAR|STRAIGHT,,999.00,0.67,1.7,4.1,3527
125.45,-19.753,-22.398,29.3,1.06,CLEAR|STRAIGHT,,999.00,0.67,1.6,4.0,3538
125.50,-19.753,-22.398,29.6,1.06,CLEAR|STRAIGHT,,999.00,0.67,1.4,3.9,3561
125.55,-19.661,-22.343,29.8,1.07,CLEAR|STRAIGHT,,999.00,0.67,1.6,3.7,3572
125.60,-19.661,-22.343,30.1,1.07,CLEAR|STRAIGHT,,999.00,0.67,1.4,3.7,3583
125.65,-19.570,-22.281,30.2,1.00,CLEAR|STRAIGHT,,999.00,0.67,1.4,3.8,3595
125.70,-19.570,-22.281,30.5,1.00,CLEAR|STRAIGHT,,999.00,0.67,1.1,3.7,3583
125.75,-19.479,-22.220,30.7,1.21,CLEAR|STRAIGHT,,999.00,0.67,1.1,3.3,3630
125.80,-19.479,-22.220,30.9,1.21,CLEAR|STRAIGHT,,999.00,0.67,0.9,3.1,3665
125.85,-19.390,-22.153,31.1,1.11,CLEAR|STRAIGHT,,999.00,0.67,0.2,3.1,3677
125.90,-19.390,-22.153,31.3,1.11,CLEAR|STRAIGHT,,999.00,0.67,0.1,3.1,3677
125.95,-19.293,-22.100,31.4,1.23,CLEAR|STRAIGHT,,999.00,0.67,-0.1,2.7,3738
126.00,-19.293,-22.100,31.7,1.23,CLEAR|STRAIGHT,,999.00,0.67,-0.3,2.4,3763
126.05,-19.206,-22.033,31.7,0.99,CLEAR|STRAIGHT,,999.00,0.67,-0.3,2.4,3776
126.10,-19.206,-22.033,31.9,0.99,CLEAR|STRAIGHT,,999.00,0.67,-0.5,2.2,3814
126.15,-19.113,-21.967,32.0,1.13,CLEAR|STRAIGHT,,999.00,0.67,-0.7,2.2,3814
126.20,-19.113,-21.967,32.2,1.13,CLEAR|STRAIGHT,,999.00,0.68,-0.9,2.1,3827
126.25,-19.015,-21.911,32.3,1.13,CLEAR|STRAIGHT,,999.00,0.68,-1.0,2.2,3814
126.30,-19.015,-21.911,32.4,1.13,CLEAR|STRAIGHT,,999.00,0.68,-1.1,2.2,3827
126.35,-18.919,-21.847,32.5,1.15,CLEAR|STRAIGHT,,999.00,0.68,-1.2,2.1,3827
126.40,-18.919,-21.847,32.6,1.15,CLEAR|STRAIGHT,,999.00,0.68,-1.3,2.0,3867
126.45,-18.831,-21.783,32.7,1.08,CLEAR|STRAIGHT,,999.00,0.68,-1.5,1.7,3893
126.50,-18.831,-21.783,32.8,1.08,CLEAR|STRAIGHT,,999.00,0.68,-1.6,1.5,3907
126.55,-18.738,-21.711,32.9,1.18,CLEAR|STRAIGHT,,999.00,0.68,-1.9,1.5,3920
126.60,-18.738,-21.711,32.9,1.18,CLEAR|STRAIGHT,,999.00,0.68,-2.0,1.6,3920
126.65,-18.643,-21.645,33.0,1.04,CLEAR|STRAIGHT,,999.00,0.68,-2.3,1.0,4004
126.70,-18.643,-21.645,33.0,1.04,CLEAR|STRAIGHT,,999.00,0.69,-2.4,0.7,4047
126.75,-18.550,-21.593,33.0,1.19,CLEAR|STRAIGHT,,999.00,0.69,-2.3,0.5,4077
126.80,-18.550,-21.593,33.0,1.19,CLEAR|STRAIGHT,,999.00,0.69,-2.3,0.6,4077
126.85,-18.456,-21.534,33.0,1.11,CLEAR|STRAIGHT,,999.00,0.69,-2.3,0.6,4077
126.90,-18.456,-21.534,32.9,1.11,CLEAR|STRAIGHT,,999.00,0.69,-2.3,0.5,4092
126.95,-18.363,-21.462,32.9,1.16,CLEAR|STRAIGHT,,999.00,0.69,-2.5,0.5,4092
127.00,-18.363,-21.462,32.9,1.16,CLEAR|STRAIGHT,,999.00,0.69,-2.5,0.6,4106
127.05,-18.267,-21.401,32.8,1.14,AVOID|STRAIGHT,-2.8,8.00,0.69,-2.8,0.5,4106
127.10,-18.267,-21.401,32.7,1.14,AVOID|STRAIGHT,-2.8,8.00,0.69,-2.8,0.6,4106
127.15,-18.172,-21.341,32.8,1.12,AVOID|STRAIGHT,-2.4,8.00,0.69,-2.8,0.3,4152
127.20,-18.172,-21.341,32.7,1.12,AVOID|RIGHT,-2.6,8.00,0.69,-2.4,0.2,4152
127.25,-18.075,-21.288,32.7,1.22,AVOID|RIGHT,-2.6,8.00,0.69,-2.6,0.2,4152
127.30,-18.075,-21.288,32.6,1.22,AVOID|RIGHT,-6.4,8.00,0.69,-2.6,0.2,4152
127.35,-17.977,-21.226,32.6,1.12,AVOID|RIGHT,-6.4,8.00,0.69,-6.4,-0.1,4183
127.40,-17.977,-21.226,32.6,1.12,AVOID|RIGHT,-14.7,8.00,0.69,-6.4,-0.1,4214
127.45,-17.881,-21.158,32.6,1.18,AVOID|RIGHT,-14.7,8.00,0.69,-14.7,-0.7,4262
127.50,-17.881,-21.158,32.4,1.18,BLOCKED|STOP,,1.52,0.70,-14.7,-1.8,4361
127.55,-17.783,-21.096,32.3,1.09,BLOCKED|STOP,,1.52,0.61,-2.4,-3.2,4501
127.60,-17.783,-21.096,31.9,1.09,BLOCKED|STOP,,1.56,0.52,-2.3,-4.6,4611
127.65,-17.695,-21.022,31.7,1.14,BLOCKED|STOP,,1.56,0.43,-2.5,-4.8,4650
127.70,-17.695,-21.022,31.2,1.14,BLOCKED|STOP,,1.44,0.34,-2.3,-4.5,4650
127.75,-17.596,-20.960,31.0,1.29,BLOCKED|STOP,,1.44,0.25,-2.5,-3.9,4611
127.80,-17.596,-20.960,30.5,1.29,BLOCKED|STOP,,1.46,0.25,-2.2,-3.9,4630
127.85,-17.495,-20.908,30.2,1.03,BLOCKED|STOP,,1.46,0.25,-2.2,-3.9,4630
127.90,-17.495,-20.908,29.7,1.03,BLOCKED|STOP,,1.36,0.25,-1.9,-3.9,4611
127.95,-17.390,-20.853,29.5,1.19,BLOCKED|STOP,,1.28,0.25,-2.1,-3.9,4630
128.00,-17.390,-20.853,29.1,1.19,BLOCKED|STOP,,1.28,0.25,-1.7,-4.0,4630
128.05,-17.286,-20.805,28.8,1.14,BLOCKED(조향OFF)|STOP,,1.12,0.25,-1.0,-3.9,4650
128.10,-17.286,-20.805,28.4,1.14,BLOCKED(조향OFF)|STOP,,1.12,0.25,-0.7,-3.9,4650
128.15,-17.184,-20.748,28.1,1.17,BLOCKED(조향OFF)|STOP,,1.01,0.25,-0.5,-3.6,4611
128.20,-17.184,-20.748,27.8,1.17,BLOCKED(조향OFF)|STOP,,1.01,0.25,-0.2,-3.5,4593
128.25,-17.082,-20.698,27.6,1.14,BLOCKED(조향OFF)|STOP,,0.91,0.25,-0.1,-3.3,4593
128.30,-17.082,-20.698,27.1,1.14,BLOCKED(조향OFF)|STOP,,0.91,0.16,0.1,-2.9,4555
128.35,-16.981,-20.639,26.9,1.16,BLOCKED(조향OFF)|STOP,,0.80,0.07,0.3,-2.7,4537
128.40,-16.981,-20.639,26.6,1.16,BLOCKED(조향OFF)|STOP,,0.80,0.00,0.6,-2.6,4537
128.45,-16.875,-20.590,26.4,1.17,BLOCKED(조향OFF)|STOP,,0.70,0.00,0.8,-2.6,4519
128.50,-16.875,-20.590,26.0,1.17,BLOCKED(조향OFF)|STOP,,0.70,0.00,1.0,-2.7,4519
128.55,-16.770,-20.537,25.8,1.18,BLOCKED(조향OFF)|STOP,,0.60,0.00,1.3,-2.4,4501
128.60,-16.770,-20.537,25.6,1.18,BLOCKED(조향OFF)|STOP,,0.60,0.00,1.5,-1.8,4447
128.65,-16.665,-20.487,25.5,1.05,BLOCKED(조향OFF)|STOP,,0.51,0.00,1.7,-1.5,4430
128.70,-16.665,-20.487,25.2,1.05,BLOCKED(조향OFF)|STOP,,0.42,0.00,1.9,-1.0,4378
128.75,-16.566,-20.437,25.2,1.23,BLOCKED(조향OFF)|STOP,,0.42,0.00,2.2,-0.6,4311
128.80,-16.566,-20.437,25.1,1.23,BLOCKED(조향OFF)|STOP,,0.35,0.00,2.3,-0.5,4295
128.85,-16.479,-20.392,25.0,0.98,BLOCKED(조향OFF)|STOP,,0.35,0.00,2.2,-0.2,4246
128.90,-16.479,-20.392,24.9,0.98,BLOCKED(조향OFF)|STOP,,0.31,0.00,2.2,0.5,4198
128.95,-16.396,-20.349,25.0,0.94,BLOCKED(조향OFF)|STOP,,0.31,0.00,2.5,0.5,4183
129.00,-16.396,-20.349,25.0,0.94,BLOCKED(조향OFF)|STOP,,0.62,0.00,2.6,0.5,4152
129.05,-16.307,-20.304,25.0,0.90,BLOCKED(조향OFF)|STOP,,0.62,0.00,2.7,0.5,4167
129.10,-16.307,-20.304,25.0,0.90,BLOCKED(조향OFF)|STOP,,0.55,0.00,2.7,0.8,4121
129.15,-16.231,-20.274,25.0,0.91,BLOCKED(조향OFF)|STOP,,0.55,0.00,2.9,1.2,4062
129.20,-16.231,-20.274,25.1,0.91,BLOCKED(조향OFF)|STOP,,0.49,0.00,2.9,1.2,4047
129.25,-16.156,-20.239,25.1,0.85,BLOCKED(조향OFF)|STOP,,0.49,0.00,3.2,1.1,4047
129.30,-16.156,-20.239,25.1,0.85,BLOCKED(조향OFF)|STOP,,0.43,0.00,3.2,1.2,4033
129.35,-16.088,-20.213,25.1,0.75,BLOCKED(조향OFF)|STOP,,0.33,0.00,3.5,1.1,4047
129.40,-16.088,-20.213,25.1,0.75,BLOCKED(조향OFF)|STOP,,0.33,0.00,3.5,1.2,4033
129.45,-16.022,-20.180,25.1,0.78,BLOCKED(조향OFF)|STOP,,0.30,0.00,3.2,1.2,4033
129.50,-16.022,-20.180,25.2,0.78,BLOCKED(조향OFF)|STOP,,0.30,0.00,3.2,1.5,3990
129.55,-15.965,-20.151,25.2,0.63,BLOCKED(조향OFF)|STOP,,0.30,0.00,3.3,1.5,4004
129.60,-15.965,-20.151,25.2,0.63,BLOCKED(조향OFF)|STOP,,0.30,0.00,3.3,1.5,3976
129.65,-15.911,-20.131,25.2,0.52,BLOCKED(조향OFF)|STOP,,0.30,0.00,3.7,1.8,3962
129.70,-15.911,-20.131,25.3,0.52,BLOCKED(조향OFF)|STOP,,0.30,0.00,3.7,1.8,3948
129.75,-15.864,-20.105,25.3,0.59,CLEAR(조향OFF)|STRAIGHT,,999.00,0.00,4.1,1.8,3920
129.80,-15.864,-20.105,25.3,0.59,CLEAR(조향OFF)|STRAIGHT,,999.00,0.05,4.1,1.9,3907
129.85,-15.821,-20.077,25.3,0.46,CLEAR(조향OFF)|STRAIGHT,,999.00,0.10,4.1,1.8,3920
129.90,-15.821,-20.077,25.3,0.46,CLEAR(조향OFF)|STRAIGHT,,999.00,0.15,4.1,1.9,3920
129.95,-15.786,-20.050,25.3,0.49,CLEAR(조향OFF)|STRAIGHT,,999.00,0.20,4.4,1.9,3920
130.00,-15.786,-20.050,25.3,0.49,CLEAR(조향OFF)|STRAIGHT,,999.00,0.25,4.3,1.9,3907
130.05,-15.752,-20.030,25.3,0.33,CLEAR(조향OFF)|STRAIGHT,,999.00,0.30,4.2,2.6,3840
130.10,-15.752,-20.030,25.4,0.33,CLEAR(조향OFF)|STRAIGHT,,999.00,0.35,4.3,2.9,3776
130.15,-15.718,-20.009,25.4,0.43,CLEAR(조향OFF)|STRAIGHT,,999.00,0.40,4.7,3.0,3763
130.20,-15.718,-20.009,25.4,0.43,CLEAR(조향OFF)|STRAIGHT,,999.00,0.45,4.6,3.0,3763
130.25,-15.693,-19.997,25.5,0.28,CLEAR(조향OFF)|STRAIGHT,,999.00,0.50,4.5,2.9,3751
130.30,-15.693,-19.997,25.7,0.28,CLEAR(조향OFF)|STRAIGHT,,999.00,0.55,4.5,2.9,3751
130.35,-15.693,-19.997,25.8,0.28,CLEAR(조향OFF)|STRAIGHT,,999.00,0.60,4.9,3.0,3751
130.40,-15.659,-20.002,25.6,0.24,CLEAR(조향OFF)|STRAIGHT,,999.00,0.65,4.7,3.0,3763
130.45,-15.643,-20.004,25.6,0.18,CLEAR(조향OFF)|STRAIGHT,,999.00,0.64,4.7,2.9,3738
130.50,-15.643,-20.004,25.7,0.18,CLEAR(조향OFF)|STRAIGHT,,999.00,0.64,4.2,3.0,3738
130.55,-15.651,-20.002,25.6,-0.06,CLEAR(조향OFF)|STRAIGHT,,999.00,0.64,4.6,2.9,3738
130.60,-15.651,-20.002,25.6,-0.06,CLEAR(조향OFF)|STRAIGHT,,999.00,0.64,4.5,2.9,3738
130.65,-15.646,-19.996,25.6,0.08,BLOCKED(조향OFF)|STOP,,0.30,0.64,4.7,2.9,3751
130.70,-15.646,-19.996,25.6,0.08,BLOCKED(조향OFF)|STOP,,0.30,0.55,4.7,3.0,3738
130.75,-15.632,-19.992,25.7,0.14,AVOID(조향OFF)|RIGHT,,0.00,0.46,4.6,3.1,3713
130.80,-15.632,-19.992,25.7,0.14,AVOID(조향OFF)|RIGHT,,0.00,0.37,4.6,3.1,3701
130.85,-15.617,-19.983,25.7,0.18,AVOID(조향OFF)|STRAIGHT,,0.00,0.28,4.6,3.2,3701
130.90,-15.617,-19.983,25.8,0.18,AVOID(조향OFF)|STRAIGHT,,0.00,0.19,4.6,3.2,3701
130.95,-15.596,-19.972,25.8,0.23,AVOID(조향OFF)|RIGHT,,0.00,0.10,4.5,3.2,3701
131.00,-15.596,-19.972,25.8,0.23,AVOID(조향OFF)|RIGHT,,0.00,0.01,4.4,3.2,3701
131.05,-15.571,-19.969,25.9,0.22,AVOID(조향OFF)|RIGHT,,0.00,0.00,4.4,3.3,3677
131.10,-15.571,-19.969,25.9,0.22,AVOID(조향OFF)|STRAIGHT,,8.00,0.00,4.4,3.6,3653
131.15,-15.546,-19.957,26.0,0.31,AVOID(조향OFF)|STRAIGHT,,8.00,0.00,4.7,3.5,3641
131.20,-15.546,-19.957,26.0,0.31,AVOID(조향OFF)|STRAIGHT,,8.00,0.05,4.6,3.6,3641
131.25,-15.520,-19.949,26.0,0.27,AVOID(조향OFF)|STRAIGHT,,8.00,0.10,4.5,3.6,3653
131.30,-15.520,-19.949,26.1,0.27,AVOID(조향OFF)|STRAIGHT,,8.00,0.15,4.5,3.7,3630
131.35,-15.503,-19.938,26.1,0.21,AVOID(조향OFF)|STRAIGHT,,8.00,0.20,4.8,3.6,3630
131.40,-15.503,-19.938,26.1,0.21,AVOID(조향OFF)|LEFT,,8.00,0.25,4.8,3.6,3630
131.45,-15.495,-19.936,26.1,0.08,AVOID(조향OFF)|LEFT,,8.00,0.30,4.9,3.6,3630
131.50,-15.495,-19.936,26.1,0.08,AVOID(조향OFF)|LEFT,,8.00,0.35,4.9,3.5,3630
131.55,-15.485,-19.931,26.2,0.11,AVOID(조향OFF)|LEFT,,8.00,0.40,5.4,3.5,3630
131.60,-15.485,-19.931,26.2,0.11,AVOID(조향OFF)|LEFT,,8.00,0.45,5.4,3.5,3630
131.65,-15.477,-19.921,26.2,0.12,AVOID(조향OFF)|LEFT,,8.00,0.50,5.3,3.6,3630
131.70,-15.477,-19.921,26.3,0.12,AVOID(조향OFF)|LEFT,,8.00,0.55,5.3,3.5,3630
131.75,-15.465,-19.909,26.3,0.16,AVOID(조향OFF)|LEFT,,8.00,0.60,5.2,3.8,3618
131.80,-15.465,-19.909,26.3,0.16,AVOID(조향OFF)|LEFT,,8.00,0.64,5.2,3.9,3606
131.85,-15.447,-19.900,26.4,0.20,AVOID(조향OFF)|STRAIGHT,,8.00,0.64,4.9,3.8,3595
131.90,-15.447,-19.900,26.5,0.20,AVOID(조향OFF)|STRAIGHT,,8.00,0.64,4.9,3.9,3595
131.95,-15.428,-19.883,26.5,0.24,AVOID(조향OFF)|STRAIGHT,,8.00,0.64,4.9,3.9,3583
132.00,-15.428,-19.883,26.5,0.24,AVOID(조향OFF)|STRAIGHT,,8.00,0.64,4.8,3.8,3595
132.05,-15.403,-19.867,26.6,0.27,CLEAR(조향OFF)|STRAIGHT,,999.00,0.64,4.6,3.9,3595
132.10,-15.403,-19.867,26.7,0.27,CLEAR(조향OFF)|STRAIGHT,,999.00,0.64,4.6,3.8,3595
132.15,-15.374,-19.850,26.7,0.38,CLEAR(조향OFF)|STRAIGHT,,999.00,0.64,4.5,3.8,3595
132.20,-15.374,-19.850,26.8,0.38,CLEAR(조향OFF)|STRAIGHT,,999.00,0.64,4.4,3.9,3583
132.25,-15.346,-19.830,26.8,0.31,CLEAR(조향OFF)|STRAIGHT,,999.00,0.64,4.2,3.8,3595
132.30,-15.346,-19.830,27.0,0.31,CLEAR(조향OFF)|STRAIGHT,,999.00,0.64,4.1,3.9,3583
132.35,-15.316,-19.815,27.0,0.38,CLEAR(조향OFF)|STRAIGHT,,999.00,0.64,4.3,3.8,3583
132.40,-15.316,-19.815,27.1,0.38,CLEAR(조향OFF)|STRAIGHT,,999.00,0.64,4.2,3.8,3583
132.45,-15.284,-19.796,27.1,0.36,CLEAR(조향OFF)|STRAIGHT,,999.00,0.64,4.1,3.9,3595
132.50,-15.284,-19.796,27.2,0.36,CLEAR(조향OFF)|STRAIGHT,,999.00,0.64,4.0,3.8,3583
132.55,-15.284,-19.796,27.3,0.36,CLEAR(조향OFF)|STRAIGHT,,999.00,0.64,4.1,3.9,3595
132.60,-15.241,-19.787,27.4,0.30,CLEAR(조향OFF)|STRAIGHT,,999.00,0.64,4.1,3.9,3595
132.65,-15.241,-19.787,27.4,0.30,CLEAR(조향OFF)|STRAIGHT,,999.00,0.64,4.0,3.8,3606
132.70,-15.241,-19.787,27.6,0.30,CLEAR(조향OFF)|STRAIGHT,,999.00,0.64,4.6,3.9,3595
132.75,-15.163,-19.744,27.7,0.56,CLEAR(조향OFF)|STRAIGHT,,999.00,0.64,4.6,3.8,3583
132.80,-15.163,-19.744,27.7,0.56,CLEAR(조향OFF)|STRAIGHT,,999.00,0.63,4.4,3.8,3595
132.85,-15.120,-19.724,27.8,0.47,CLEAR(조향OFF)|STRAIGHT,,999.00,0.63,3.0,3.8,3595
132.90,-15.120,-19.724,27.9,0.47,CLEAR(조향OFF)|STRAIGHT,,999.00,0.63,2.9,3.9,3595
132.95,-15.077,-19.699,28.0,0.55,CLEAR(조향OFF)|STRAIGHT,,999.00,0.63,3.2,3.9,3595
133.00,-15.077,-19.699,28.1,0.55,CLEAR(조향OFF)|STRAIGHT,,999.00,0.63,3.1,3.9,3595
133.05,-15.034,-19.669,28.1,0.47,CLEAR(조향OFF)|STRAIGHT,,999.00,0.63,3.0,3.9,3583
133.10,-15.034,-19.669,28.3,0.47,CLEAR(조향OFF)|STRAIGHT,,999.00,0.63,2.9,3.8,3595
133.15,-14.989,-19.642,28.4,0.53,CLEAR(조향OFF)|STRAIGHT,,999.00,0.63,3.0,3.9,3595
133.20,-14.989,-19.642,28.5,0.53,CLEAR(조향OFF)|STRAIGHT,,999.00,0.63,2.9,3.8,3583
133.25,-14.942,-19.621,28.6,0.52,CLEAR(조향OFF)|STRAIGHT,,999.00,0.63,2.9,3.9,3595
133.30,-14.942,-19.621,28.7,0.52,CLEAR(조향OFF)|STRAIGHT,,999.00,0.63,2.8,3.9,3595
133.35,-14.899,-19.596,28.8,0.50,CLEAR(조향OFF)|STRAIGHT,,999.00,0.63,3.0,3.9,3583
133.40,-14.899,-19.596,29.0,0.50,CLEAR(조향OFF)|STRAIGHT,,999.00,0.63,2.8,3.9,3583
133.45,-14.851,-19.565,29.0,0.57,CLEAR(조향OFF)|STRAIGHT,,999.00,0.63,2.9,3.9,3583
133.50,-14.851,-19.565,29.2,0.57,CLEAR(조향OFF)|STRAIGHT,,999.00,0.63,2.8,3.9,3583
133.55,-14.809,-19.524,29.3,0.57,CLEAR(조향OFF)|STRAIGHT,,999.00,0.63,2.7,3.9,3595
133.60,-14.809,-19.524,29.5,0.57,CLEAR(조향OFF)|STRAIGHT,,999.00,0.63,2.6,3.9,3595
133.65,-14.760,-19.500,29.5,0.54,CLEAR(조향OFF)|STRAIGHT,,999.00,0.63,2.2,3.9,3583
133.70,-14.760,-19.500,29.7,0.54,CLEAR(조향OFF)|STRAIGHT,,999.00,0.63,2.1,3.9,3583
133.75,-14.716,-19.453,29.8,0.62,CLEAR(조향OFF)|STRAIGHT,,999.00,0.63,1.6,3.9,3583
133.80,-14.716,-19.453,29.9,0.62,CLEAR(조향OFF)|STRAIGHT,,999.00,0.63,1.6,3.9,3583
133.85,-14.663,-19.416,30.0,0.65,CLEAR(조향OFF)|STRAIGHT,,999.00,0.63,1.2,3.5,3618
133.90,-14.663,-19.416,30.1,0.65,CLEAR(조향OFF)|STRAIGHT,,999.00,0.63,1.1,3.4,3665
133.95,-14.615,-19.383,30.2,0.65,CLEAR(조향OFF)|STRAIGHT,,999.00,0.63,1.0,3.4,3653
134.00,-14.615,-19.383,30.3,0.65,CLEAR(조향OFF)|STRAIGHT,,999.00,0.63,0.9,3.4,3653
134.05,-14.555,-19.359,30.4,0.58,CLEAR(조향OFF)|STRAIGHT,,999.00,0.63,0.8,3.4,3653
134.10,-14.555,-19.359,30.5,0.58,CLEAR(조향OFF)|STRAIGHT,,999.00,0.63,0.7,3.4,3653
134.15,-14.501,-19.327,30.6,0.62,CLEAR(조향OFF)|STRAIGHT,,999.00,0.63,0.9,3.1,3689
134.20,-14.501,-19.327,30.7,0.62,CLEAR(조향OFF)|STRAIGHT,,999.00,0.63,0.8,3.1,3689
134.25,-14.443,-19.293,30.8,0.68,CLEAR(조향OFF)|STRAIGHT,,999.00,0.63,0.8,2.9,3701
134.30,-14.443,-19.293,30.9,0.68,CLEAR(조향OFF)|STRAIGHT,,999.00,0.63,0.7,3.0,3713
134.35,-14.387,-19.264,31.0,0.63,CLEAR(조향OFF)|STRAIGHT,,999.00,0.63,0.7,2.9,3726
134.40,-14.387,-19.264,31.1,0.63,CLEAR(조향OFF)|STRAIGHT,,999.00,0.63,0.6,3.0,3713
134.45,-14.331,-19.225,31.2,0.76,CLEAR(조향OFF)|STRAIGHT,,999.00,0.63,0.6,3.0,3726
134.50,-14.331,-19.225,31.3,0.76,CLEAR(조향OFF)|STRAIGHT,,999.00,0.62,0.6,2.9,3713
134.55,-14.273,-19.188,31.3,0.62,CLEAR(조향OFF)|STRAIGHT,,999.00,0.62,0.4,2.9,3713
134.60,-14.273,-19.188,31.5,0.62,CLEAR(조향OFF)|STRAIGHT,,999.00,0.62,0.3,3.0,3713
134.65,-14.214,-19.150,31.5,0.70,CLEAR(조향OFF)|STRAIGHT,,999.00,0.62,0.2,2.8,3726
134.70,-14.214,-19.150,31.7,0.70,CLEAR(조향OFF)|STRAIGHT,,999.00,0.62,0.1,2.7,3763
134.75,-14.214,-19.150,31.7,0.70,CLEAR(조향OFF)|STRAIGHT,,999.00,0.62,0.1,2.7,3763
134.80,-14.157,-19.106,31.8,0.51,CLEAR(조향OFF)|STRAIGHT,,999.00,0.62,-0.0,2.7,3751
134.85,-14.157,-19.106,31.9,0.51,CLEAR(조향OFF)|STRAIGHT,,999.00,0.62,-0.1,2.7,3763
134.90,-14.157,-19.106,32.1,0.51,CLEAR(조향OFF)|STRAIGHT,,999.00,0.62,-0.3,2.7,3763
134.95,-14.039,-19.027,32.1,0.89,CLEAR(조향OFF)|STRAIGHT,,999.00,0.62,-0.4,2.7,3776
135.00,-14.039,-19.027,32.3,0.89,CLEAR(조향OFF)|STRAIGHT,,999.00,0.62,-0.6,2.7,3763
135.05,-13.979,-18.986,32.3,0.73,CLEAR(조향OFF)|STRAIGHT,,999.00,0.62,-0.6,2.7,3763
135.10,-13.979,-18.986,32.5,0.73,CLEAR(조향OFF)|STRAIGHT,,999.00,0.62,-0.7,2.7,3763
135.15,-13.914,-18.938,32.6,0.80,CLEAR(조향OFF)|STRAIGHT,,999.00,0.62,-0.9,2.3,3801
135.20,-13.914,-18.938,32.6,0.80,CLEAR(조향OFF)|STRAIGHT,,999.00,0.62,-1.1,2.0,3853
135.25,-13.851,-18.888,32.6,0.80,CLEAR(조향OFF)|STRAIGHT,,999.00,0.62,-0.8,1.9,3867
135.30,-13.851,-18.888,32.7,0.80,CLEAR(조향OFF)|STRAIGHT,,999.00,0.62,-0.8,1.9,3867
135.35,-13.788,-18.846,32.7,0.84,CLEAR(조향OFF)|STRAIGHT,,999.00,0.62,-1.0,1.9,3893
135.40,-13.788,-18.846,32.7,0.84,CLEAR(조향OFF)|STRAIGHT,,999.00,0.62,-1.1,1.7,3893
135.45,-13.731,-18.799,32.8,0.67,CLEAR(조향OFF)|STRAIGHT,,999.00,0.62,-1.1,1.7,3907
135.50,-13.731,-18.799,32.8,0.67,CLEAR(조향OFF)|STRAIGHT,,999.00,0.62,-1.2,1.5,3934
135.55,-13.668,-18.744,32.8,0.83,CLEAR(조향OFF)|STRAIGHT,,999.00,0.62,-1.6,1.6,3934
135.60,-13.668,-18.744,32.8,0.83,CLEAR(조향OFF)|STRAIGHT,,999.00,0.62,-1.7,1.5,3962
135.65,-13.601,-18.705,32.9,0.77,CLEAR(조향OFF)|STRAIGHT,,999.00,0.62,-1.8,1.5,3948
135.70,-13.601,-18.705,32.9,0.77,CLEAR(조향OFF)|STRAIGHT,,999.00,0.62,-1.8,1.5,3934
135.75,-13.537,-18.654,33.0,0.81,CLEAR(조향OFF)|STRAIGHT,,999.00,0.62,-2.0,1.5,3948
135.80,-13.537,-18.654,33.0,0.81,CLEAR(조향OFF)|STRAIGHT,,999.00,0.61,-2.1,1.0,4018
135.85,-13.463,-18.615,33.0,0.83,CLEAR(조향OFF)|STRAIGHT,,999.00,0.61,-1.5,0.9,4047
135.90,-13.463,-18.615,33.0,0.83,CLEAR(조향OFF)|STRAIGHT,,999.00,0.61,-1.5,0.8,4033
135.95,-13.388,-18.580,33.1,0.82,CLEAR(조향OFF)|STRAIGHT,,999.00,0.61,-1.5,0.8,4047
136.00,-13.388,-18.580,33.1,0.82,CLEAR(조향OFF)|STRAIGHT,,999.00,0.61,-1.5,0.8,4047
136.05,-13.311,-18.539,33.1,0.79,CLEAR(조향OFF)|STRAIGHT,,999.00,0.61,-1.4,0.5,4077
136.10,-13.311,-18.539,33.0,0.79,CLEAR(조향OFF)|STRAIGHT,,999.00,0.61,-1.4,0.6,4092
136.15,-13.242,-18.490,33.0,0.94,CLEAR(조향OFF)|STRAIGHT,,999.00,0.61,-1.4,0.5,4106
136.20,-13.242,-18.490,33.0,0.94,CLEAR(조향OFF)|STRAIGHT,,999.00,0.61,-1.4,0.5,4121
136.25,-13.162,-18.456,33.0,0.86,CLEAR(조향OFF)|STRAIGHT,,999.00,0.61,-1.4,0.5,4121
136.30,-13.162,-18.456,32.9,0.86,CLEAR(조향OFF)|STRAIGHT,,999.00,0.61,-1.4,0.5,4092
136.35,-13.086,-18.411,32.9,0.88,CLEAR(조향OFF)|STRAIGHT,,999.00,0.61,-1.3,0.5,4106
136.40,-13.086,-18.411,32.9,0.88,CLEAR(조향OFF)|STRAIGHT,,999.00,0.59,-1.2,0.5,4121
136.45,-13.026,-18.351,32.9,0.82,CLEAR(조향OFF)|STRAIGHT,,999.00,0.59,-0.6,0.5,4121
136.50,-13.026,-18.351,32.8,0.82,CLEAR(조향OFF)|STRAIGHT,,999.00,0.59,-0.6,0.5,4121
136.55,-12.962,-18.284,32.8,0.90,CLEAR(조향OFF)|STRAIGHT,,999.00,0.59,-0.9,0.5,4137
136.60,-12.962,-18.284,32.8,0.90,CLEAR(조향OFF)|STRAIGHT,,999.00,0.59,-0.9,0.7,4121
136.65,-12.891,-18.229,32.8,0.90,CLEAR(조향OFF)|STRAIGHT,,999.00,0.59,-1.2,0.5,4121
136.70,-12.891,-18.229,32.7,0.90,CLEAR(조향OFF)|STRAIGHT,,999.00,0.59,-1.2,0.5,4121
136.75,-12.814,-18.180,32.8,1.01,CLEAR(조향OFF)|STRAIGHT,,999.00,0.59,-1.4,0.5,4137
136.80,-12.814,-18.180,32.8,1.01,CLEAR(조향OFF)|STRAIGHT,,999.00,0.59,-1.4,0.5,4121
136.85,-12.735,-18.138,32.8,0.81,CLEAR(조향OFF)|STRAIGHT,,999.00,0.59,-1.4,0.5,4137
136.90,-12.735,-18.138,32.8,0.81,CLEAR(조향OFF)|STRAIGHT,,999.00,0.59,-1.4,0.5,4121
136.95,-12.664,-18.083,32.8,0.90,CLEAR(조향OFF)|STRAIGHT,,999.00,0.59,-1.7,0.5,4121
137.00,-12.664,-18.083,32.8,0.90,CLEAR(조향OFF)|STRAIGHT,,999.00,0.58,-1.7,0.5,4121
137.05,-12.585,-18.032,32.8,0.85,CLEAR(조향OFF)|STRAIGHT,,999.00,0.58,-0.8,0.5,4137
137.10,-12.585,-18.032,32.8,0.85,CLEAR(조향OFF)|STRAIGHT,,999.00,0.58,-0.8,0.2,4167
137.15,-12.507,-17.981,32.9,1.04,CLEAR(조향OFF)|STRAIGHT,,999.00,0.58,-1.0,0.2,4167
137.20,-12.507,-17.981,32.9,1.04,CLEAR(조향OFF)|STRAIGHT,,999.00,0.58,-1.0,0.1,4183
137.25,-12.427,-17.929,32.9,0.95,CLEAR(조향OFF)|STRAIGHT,,999.00,0.58,-0.8,0.1,4167
137.30,-12.427,-17.929,33.0,0.95,CLEAR(조향OFF)|STRAIGHT,,999.00,0.58,-0.9,0.1,4183
137.35,-12.341,-17.874,33.0,1.01,CLEAR(조향OFF)|STRAIGHT,,999.00,0.58,-1.0,0.2,4183
137.40,-12.341,-17.874,33.0,1.01,CLEAR(조향OFF)|STRAIGHT,,999.00,0.58,-1.1,0.2,4167
137.45,-12.260,-17.812,32.9,1.02,CLEAR(조향OFF)|STRAIGHT,,999.00,0.58,-1.1,0.2,4167
137.50,-12.260,-17.812,32.8,1.02,CLEAR(조향OFF)|STRAIGHT,,999.00,0.55,-1.1,0.2,4183
137.55,-12.174,-17.770,32.7,0.95,CLEAR(조향OFF)|STRAIGHT,,999.00,0.55,-0.4,0.1,4183
137.60,-12.174,-17.770,32.6,0.95,CLEAR(조향OFF)|STRAIGHT,,999.00,0.55,-0.3,0.2,4183
137.65,-12.092,-17.722,32.6,0.95,CLEAR(조향OFF)|STRAIGHT,,999.00,0.55,-0.2,0.2,4167
137.70,-12.092,-17.722,32.5,0.95,CLEAR(조향OFF)|STRAIGHT,,999.00,0.55,-0.1,0.2,4167
137.75,-12.016,-17.667,32.4,0.94,CLEAR(조향OFF)|STRAIGHT,,999.00,0.55,-0.1,0.2,4183
137.80,-12.016,-17.667,32.3,0.94,CLEAR(조향OFF)|STRAIGHT,,999.00,0.55,0.0,0.2,4183
137.85,-11.941,-17.608,32.2,0.95,CLEAR(조향OFF)|STRAIGHT,,999.00,0.55,-0.1,0.2,4198
137.90,-11.941,-17.608,32.0,0.95,CLEAR(조향OFF)|STRAIGHT,,999.00,0.55,0.0,0.2,4198
137.95,-11.866,-17.551,32.0,0.94,CLEAR(조향OFF)|STRAIGHT,,999.00,0.55,-0.1,0.2,4183
138.00,-11.866,-17.551,31.7,0.94,CLEAR(조향OFF)|STRAIGHT,,999.00,0.54,0.1,0.2,4198
138.05,-11.791,-17.499,31.6,0.83,CLEAR(조향OFF)|STRAIGHT,,999.00,0.54,0.7,0.2,4183
138.10,-11.791,-17.499,31.4,0.83,CLEAR(조향OFF)|STRAIGHT,,999.00,0.54,0.9,0.2,4198
138.15,-11.716,-17.446,31.3,1.01,CLEAR(조향OFF)|STRAIGHT,,999.00,0.54,0.8,0.2,4183
138.20,-11.716,-17.446,31.2,1.01,CLEAR(조향OFF)|STRAIGHT,,999.00,0.54,1.0,0.2,4167
138.25,-11.646,-17.383,31.1,0.92,CLEAR(조향OFF)|STRAIGHT,,999.00,0.54,1.2,0.2,4183
138.30,-11.646,-17.383,31.2,0.92,CLEAR(조향OFF)|STRAIGHT,,999.00,0.54,1.3,0.2,4183
138.35,-11.571,-17.325,31.1,0.95,CLEAR(조향OFF)|STRAIGHT,,999.00,0.54,1.0,0.2,4183
138.40,-11.571,-17.325,31.0,0.95,CLEAR(조향OFF)|STRAIGHT,,999.00,0.54,1.0,0.2,4183
138.45,-11.486,-17.277,30.9,0.97,CLEAR(조향OFF)|STRAIGHT,,999.00,0.54,1.0,0.2,4198
138.50,-11.486,-17.277,31.0,0.97,CLEAR(조향OFF)|STRAIGHT,,999.00,0.54,1.1,0.2,4183
138.55,-11.409,-17.228,30.9,0.91,CLEAR(조향OFF)|STRAIGHT,,999.00,0.54,1.3,0.2,4183
138.60,-11.409,-17.228,31.0,0.91,CLEAR(조향OFF)|STRAIGHT,,999.00,0.51,1.2,0.2,4183
138.65,-11.331,-17.184,31.0,0.89,CLEAR(조향OFF)|STRAIGHT,,999.00,0.51,2.0,0.2,4183
138.70,-11.331,-17.184,31.0,0.89,CLEAR(조향OFF)|STRAIGHT,,999.00,0.51,1.9,0.1,4198
138.75,-11.256,-17.139,31.0,0.88,CLEAR(조향OFF)|STRAIGHT,,999.00,0.51,2.0,0.2,4198
138.80,-11.256,-17.139,31.0,0.88,CLEAR(조향OFF)|STRAIGHT,,999.00,0.51,2.1,0.2,4183
138.85,-11.174,-17.093,31.0,0.85,CLEAR(조향OFF)|STRAIGHT,,999.00,0.51,2.2,0.2,4183
138.90,-11.174,-17.093,31.0,0.85,AVOID(조향OFF)|RIGHT,,8.00,0.51,2.2,0.2,4183
138.95,-11.097,-17.052,31.0,0.98,AVOID(조향OFF)|RIGHT,,8.00,0.51,2.4,0.2,4183
139.00,-11.097,-17.052,31.0,0.98,AVOID(조향OFF)|RIGHT,,8.00,0.51,2.4,0.7,4137
139.05,-11.018,-17.008,31.0,0.82,AVOID(조향OFF)|RIGHT,,8.00,0.51,2.8,0.7,4106
139.10,-11.018,-17.008,31.0,0.82,BLOCKED(조향OFF)|STOP,,1.00,0.49,2.8,0.8,4106
139.15,-10.943,-16.963,31.0,0.97,BLOCKED(조향OFF)|STOP,,1.00,0.40,3.3,0.7,4121
139.20,-10.943,-16.963,31.0,0.97,BLOCKED(조향OFF)|STOP,,0.98,0.31,3.3,0.8,4092
139.25,-10.867,-16.911,31.0,0.92,BLOCKED(조향OFF)|STOP,,0.98,0.22,3.6,0.7,4106
139.30,-10.867,-16.911,31.0,0.92,BLOCKED(조향OFF)|STOP,,0.98,0.13,3.6,0.7,4106
139.35,-10.791,-16.863,31.0,0.90,BLOCKED(조향OFF)|STOP,,1.01,0.04,3.8,0.9,4077
139.40,-10.791,-16.863,31.0,0.90,BLOCKED(조향OFF)|STOP,,1.01,0.09,3.8,1.3,4047
139.45,-10.715,-16.814,31.0,1.00,BLOCKED(조향OFF)|STOP,,1.02,0.14,4.1,1.3,4033
139.50,-10.715,-16.814,31.0,1.00,BLOCKED(조향OFF)|STOP,,1.02,0.19,4.1,1.3,4004
139.55,-10.640,-16.771,31.0,0.79,BLOCKED(조향OFF)|STOP,,1.08,0.24,4.3,1.3,4018
139.60,-10.640,-16.771,31.1,0.79,BLOCKED(조향OFF)|STOP,,1.08,0.25,4.3,1.3,4004
139.65,-10.562,-16.718,31.1,0.94,BLOCKED(조향OFF)|STOP,,1.10,0.25,4.7,1.3,4004
139.70,-10.562,-16.718,31.1,0.94,BLOCKED(조향OFF)|STOP,,1.10,0.25,4.7,1.3,4018
139.75,-10.493,-16.675,31.1,0.82,BLOCKED(조향OFF)|STOP,,0.94,0.25,4.8,1.3,4004
139.80,-10.493,-16.675,31.2,0.82,BLOCKED(조향OFF)|STOP,,0.94,0.16,4.8,1.9,3920
139.85,-10.432,-16.633,31.2,0.73,BLOCKED(조향OFF)|STOP,,0.86,0.07,5.2,2.4,3853
139.90,-10.432,-16.633,31.2,0.73,BLOCKED(조향OFF)|STOP,,0.94,0.00,5.1,2.7,3814
139.95,-10.361,-16.587,31.3,0.85,BLOCKED(조향OFF)|STOP,,0.94,0.00,5.4,2.7,3788
140.00,-10.361,-16.587,31.4,0.85,BLOCKED(조향OFF)|STOP,,0.89,0.00,5.4,2.8,3788
140.05,-10.361,-16.587,31.4,0.85,BLOCKED(조향OFF)|STOP,,0.89,0.00,5.7,2.9,3776
140.10,-10.292,-16.540,31.5,0.70,BLOCKED(조향OFF)|STOP,,0.85,0.00,5.6,3.3,3713
140.15,-10.225,-16.487,31.6,1.06,BLOCKED(조향OFF)|STOP,,0.85,0.00,5.6,3.5,3665
140.20,-10.225,-16.487,31.7,1.06,BLOCKED(조향OFF)|STOP,,0.81,0.00,5.9,3.5,3689
140.25,-10.225,-16.487,31.8,1.06,BLOCKED(조향OFF)|STOP,,0.81,0.00,6.0,3.5,3665
140.30,-10.225,-16.487,32.0,1.06,BLOCKED(조향OFF)|STOP,,0.75,0.00,5.9,3.5,3665
140.35,-10.107,-16.404,32.0,0.39,BLOCKED(조향OFF)|STOP,,0.75,0.00,5.8,3.7,3653
140.40,-10.107,-16.404,32.2,0.39,BLOCKED(조향OFF)|STOP,,0.69,0.00,5.7,3.9,3618
140.45,-10.055,-16.362,32.3,0.60,BLOCKED(조향OFF)|STOP,,0.69,0.00,6.2,3.8,3618
140.50,-10.055,-16.362,32.4,0.60,BLOCKED(조향OFF)|STOP,,0.63,0.00,6.0,3.9,3618
140.55,-10.005,-16.325,32.5,0.62,BLOCKED(조향OFF)|STOP,,0.63,0.00,6.1,3.9,3606
140.60,-10.005,-16.325,32.7,0.62,BLOCKED(조향OFF)|STOP,,0.58,0.00,6.0,3.9,3606
140.65,-9.956,-16.295,32.7,0.52,BLOCKED(조향OFF)|STOP,,0.53,0.00,6.2,4.3,3561
140.70,-9.956,-16.295,32.9,0.52,BLOCKED(조향OFF)|STOP,,0.53,0.00,6.1,4.4,3538
140.75,-9.913,-16.260,33.0,0.61,BLOCKED(조향OFF)|STOP,,0.49,0.00,6.4,4.4,3527
140.80,-9.913,-16.260,33.2,0.61,BLOCKED(조향OFF)|STOP,,0.49,0.00,6.3,4.4,3516
140.85,-9.873,-16.228,33.3,0.51,BLOCKED(조향OFF)|STOP,,0.44,0.00,6.4,4.4,3516
140.90,-9.873,-16.228,33.4,0.51,BLOCKED(조향OFF)|STOP,,0.44,0.00,6.3,4.7,3483
140.95,-9.831,-16.205,33.5,0.48,BLOCKED(조향OFF)|STOP,,0.40,0.00,6.4,4.7,3494
141.00,-9.831,-16.205,33.7,0.48,BLOCKED(조향OFF)|STOP,,0.40,0.00,6.3,4.7,3473
141.05,-9.796,-16.177,33.7,0.41,BLOCKED(조향OFF)|STOP,,0.37,0.00,6.7,4.7,3483
141.10,-9.796,-16.177,33.8,0.41,BLOCKED(조향OFF)|STOP,,0.37,0.00,6.6,4.7,3483
141.15,-9.766,-16.150,33.9,0.44,BLOCKED(조향OFF)|STOP,,0.33,0.00,6.3,4.8,3473
141.20,-9.766,-16.150,34.0,0.44,BLOCKED(조향OFF)|STOP,,0.30,0.00,6.2,4.8,3473
141.25,-9.738,-16.125,34.0,0.37,BLOCKED(조향OFF)|STOP,,0.30,0.00,6.2,4.7,3473
141.30,-9.738,-16.125,34.2,0.37,BLOCKED(조향OFF)|STOP,,0.30,0.00,6.2,4.7,3483
141.35,-9.710,-16.102,34.2,0.36,BLOCKED(조향OFF)|STOP,,0.30,0.00,6.3,4.7,3483
141.40,-9.710,-16.102,34.3,0.36,BLOCKED(조향OFF)|STOP,,0.32,0.00,6.2,5.1,3441
141.45,-9.686,-16.081,34.3,0.31,BLOCKED(조향OFF)|STOP,,0.32,0.00,6.3,5.1,3420
141.50,-9.686,-16.081,34.5,0.31,BLOCKED(조향OFF)|STOP,,0.30,0.00,6.2,5.1,3410
141.55,-9.664,-16.064,34.5,0.28,BLOCKED(조향OFF)|STOP,,0.30,0.00,6.3,5.1,3410
141.60,-9.664,-16.064,34.6,0.28,BLOCKED(조향OFF)|STOP,,0.30,0.00,6.2,5.2,3399
141.65,-9.644,-16.058,34.6,0.20,BLOCKED(조향OFF)|STOP,,0.30,0.00,6.4,5.6,3369
141.70,-9.644,-16.058,34.7,0.20,CLEAR(조향OFF)|STRAIGHT,,999.00,0.00,6.3,5.6,3349
141.75,-9.625,-16.051,34.7,0.20,CLEAR(조향OFF)|STRAIGHT,,999.00,0.05,6.6,5.6,3339
141.80,-9.625,-16.051,34.7,0.20,CLEAR(조향OFF)|STRAIGHT,,999.00,0.10,6.6,5.6,3349
141.85,-9.610,-16.040,34.8,0.19,CLEAR(조향OFF)|STRAIGHT,,999.00,0.15,6.8,5.7,3339
141.90,-9.610,-16.040,34.8,0.19,CLEAR(조향OFF)|STRAIGHT,,999.00,0.20,6.8,5.6,3339
141.95,-9.598,-16.027,34.9,0.17,CLEAR(조향OFF)|STRAIGHT,,999.00,0.25,6.9,5.6,3339
142.00,-9.598,-16.027,34.9,0.17,CLEAR(조향OFF)|STRAIGHT,,999.00,0.30,6.9,5.6,3339
142.05,-9.584,-16.025,35.0,0.12,CLEAR(조향OFF)|STRAIGHT,,999.00,0.35,6.9,5.6,3319
142.10,-9.584,-16.025,35.1,0.12,CLEAR(조향OFF)|STRAIGHT,,999.00,0.40,6.8,5.6,3329
142.15,-9.576,-16.015,35.1,0.14,CLEAR(조향OFF)|STRAIGHT,,999.00,0.44,7.1,5.6,3329
142.20,-9.576,-16.015,35.2,0.14,CLEAR(조향OFF)|STRAIGHT,,999.00,0.44,7.0,5.9,3300
142.25,-9.563,-16.002,35.2,0.18,CLEAR(조향OFF)|STRAIGHT,,999.00,0.44,7.0,5.9,3300
142.30,-9.563,-16.002,35.4,0.18,CLEAR(조향OFF)|STRAIGHT,,999.00,0.44,6.9,6.0,3290
142.35,-9.543,-15.984,35.5,0.26,CLEAR(조향OFF)|STRAIGHT,,999.00,0.44,6.9,5.9,3300
142.40,-9.543,-15.984,35.5,0.26,CLEAR(조향OFF)|STRAIGHT,,999.00,0.44,6.7,5.9,3290
142.45,-9.521,-15.966,35.6,0.29,CLEAR(조향OFF)|STRAIGHT,,999.00,0.44,6.7,5.9,3300
142.50,-9.521,-15.966,35.7,0.29,CLEAR(조향OFF)|STRAIGHT,,999.00,0.44,6.6,5.9,3290
142.55,-9.496,-15.943,35.8,0.34,CLEAR(조향OFF)|STRAIGHT,,999.00,0.44,6.7,6.0,3290
142.60,-9.496,-15.943,36.0,0.34,CLEAR(조향OFF)|STRAIGHT,,999.00,0.44,6.6,5.9,3290
142.65,-9.469,-15.919,36.1,0.36,CLEAR(조향OFF)|STRAIGHT,,999.00,0.44,6.6,5.9,3290
142.70,-9.469,-15.919,36.2,0.36,CLEAR(조향OFF)|STRAIGHT,,999.00,0.44,6.5,5.9,3290
142.75,-9.439,-15.891,36.4,0.40,CLEAR(조향OFF)|STRAIGHT,,999.00,0.44,6.6,5.9,3290
142.80,-9.439,-15.891,36.7,0.40,CLEAR(조향OFF)|STRAIGHT,,999.00,0.44,6.4,5.9,3290
142.85,-9.408,-15.863,36.7,0.42,CLEAR(조향OFF)|STRAIGHT,,999.00,0.44,6.4,5.8,3290
142.90,-9.408,-15.863,36.8,0.42,BLOCKED(조향OFF)|STOP,,0.30,0.43,6.1,6.0,3290
142.95,-9.381,-15.836,37.0,0.38,BLOCKED(조향OFF)|STOP,,0.30,0.34,5.9,5.9,3300
143.00,-9.381,-15.836,37.1,0.38,BLOCKED(조향OFF)|STOP,,0.31,0.25,5.8,5.9,3290
143.05,-9.348,-15.814,37.2,0.39,BLOCKED(조향OFF)|STOP,,0.31,0.16,5.8,5.9,3300
143.10,-9.348,-15.814,37.5,0.39,BLOCKED(조향OFF)|STOP,,0.30,0.07,5.7,5.9,3290
143.15,-9.313,-15.782,37.6,0.47,BLOCKED(조향OFF)|STOP,,0.30,0.00,5.9,5.9,3280
143.20,-9.313,-15.782,37.8,0.47,BLOCKED(조향OFF)|STOP,,0.30,0.00,5.7,5.9,3290
143.25,-9.277,-15.748,38.0,0.45,BLOCKED(조향OFF)|STOP,,0.30,0.00,5.8,5.9,3290
143.30,-9.277,-15.748,38.2,0.45,BLOCKED(조향OFF)|STOP,,0.30,0.00,5.6,5.9,3290
143.35,-9.241,-15.717,38.3,0.52,BLOCKED(조향OFF)|STOP,,0.30,0.00,5.6,6.0,3280
143.40,-9.241,-15.717,38.6,0.52,BLOCKED(조향OFF)|STOP,,0.30,0.00,5.5,5.9,3290
143.45,-9.203,-15.684,38.6,0.50,BLOCKED(조향OFF)|STOP,,0.30,0.00,5.6,6.0,3280
143.50,-9.203,-15.684,38.9,0.50,BLOCKED(조향OFF)|STOP,,0.30,0.00,5.3,5.9,3280
143.55,-9.173,-15.657,39.0,0.41,BLOCKED(조향OFF)|STOP,,0.30,0.00,5.5,5.9,3290
143.60,-9.173,-15.657,39.1,0.41,BLOCKED(조향OFF)|STOP,,0.39,0.00,5.4,5.9,3290
143.65,-9.146,-15.635,39.2,0.35,BLOCKED(조향OFF)|STOP,,0.39,0.00,5.5,6.0,3280
143.70,-9.146,-15.635,39.5,0.35,BLOCKED(조향OFF)|STOP,,0.37,0.00,5.4,5.9,3280
143.75,-9.121,-15.606,39.5,0.37,BLOCKED(조향OFF)|STOP,,0.37,0.00,5.5,6.0,3271
143.80,-9.121,-15.606,39.6,0.37,BLOCKED(조향OFF)|STOP,,0.38,0.00,5.3,5.9,3280
143.85,-9.102,-15.591,39.7,0.24,BLOCKED(조향OFF)|STOP,,0.38,0.00,5.3,6.0,3280
143.90,-9.102,-15.591,39.8,0.24,BLOCKED(조향OFF)|STOP,,0.47,0.00,5.2,5.9,3290
143.95,-9.080,-15.568,39.9,0.35,BLOCKED(조향OFF)|STOP,,0.47,0.00,5.2,5.9,3280
144.00,-9.080,-15.568,40.0,0.35,BLOCKED(조향OFF)|STOP,,0.61,0.00,5.1,5.9,3280
144.05,-9.064,-15.553,40.1,0.19,BLOCKED(조향OFF)|STOP,,0.61,0.00,5.1,5.9,3271
144.10,-9.064,-15.553,40.2,0.19,AVOID(조향OFF)|LEFT,,8.00,0.00,5.0,5.8,3280
144.15,-9.047,-15.534,40.2,0.27,AVOID(조향OFF)|LEFT,,8.00,0.05,5.0,6.0,3280
144.20,-9.047,-15.534,40.3,0.27,AVOID(조향OFF)|LEFT,,8.00,0.10,4.9,5.9,3280
144.25,-9.031,-15.524,40.3,0.20,AVOID(조향OFF)|LEFT,,8.00,0.15,5.0,5.9,3280
144.30,-9.031,-15.524,40.4,0.20,AVOID(조향OFF)|LEFT,,8.00,0.20,5.0,5.9,3271
144.35,-9.025,-15.514,40.4,0.11,AVOID(조향OFF)|LEFT,,8.00,0.25,5.1,5.9,3271
144.40,-9.025,-15.514,40.4,0.11,AVOID(조향OFF)|LEFT,,8.00,0.30,5.0,5.9,3290
144.45,-9.014,-15.506,40.4,0.13,AVOID(조향OFF)|LEFT,,8.00,0.35,4.9,6.0,3280
144.50,-9.014,-15.506,40.5,0.13,AVOID(조향OFF)|LEFT,,8.00,0.40,4.9,5.9,3271
144.55,-9.006,-15.498,40.5,0.11,CLEAR(조향OFF)|STRAIGHT,,999.00,0.42,5.0,5.9,3280
144.60,-9.006,-15.498,40.6,0.11,CLEAR(조향OFF)|STRAIGHT,,999.00,0.42,5.0,5.9,3280
144.65,-8.996,-15.488,40.7,0.15,AVOID(조향OFF)|STRAIGHT,,8.00,0.42,4.9,6.0,3280
144.70,-8.996,-15.488,40.8,0.15,AVOID(조향OFF)|STRAIGHT,,8.00,0.42,4.8,5.9,3300
144.75,-8.977,-15.472,40.9,0.24,AVOID(조향OFF)|STRAIGHT,,8.00,0.42,4.9,6.0,3280
144.80,-8.977,-15.472,41.0,0.24,AVOID(조향OFF)|STRAIGHT,,8.00,0.42,4.8,5.9,3271
144.85,-8.957,-15.448,41.1,0.34,AVOID(조향OFF)|STRAIGHT,,8.00,0.42,4.9,5.9,3290
144.90,-8.957,-15.448,41.2,0.34,AVOID(조향OFF)|STRAIGHT,,8.00,0.42,4.8,5.9,3280
144.95,-8.932,-15.427,41.3,0.30,AVOID(조향OFF)|STRAIGHT,,8.00,0.42,4.8,6.0,3280
145.00,-8.932,-15.427,41.5,0.30,CLEAR(조향OFF)|STRAIGHT,,999.00,0.42,4.7,5.9,3280
145.05,-8.907,-15.401,41.5,0.33,CLEAR(조향OFF)|STRAIGHT,,999.00,0.42,4.8,5.9,3280
145.10,-8.907,-15.401,41.7,0.33,CLEAR(조향OFF)|STRAIGHT,,999.00,0.42,4.7,5.9,3271
145.15,-8.882,-15.370,41.9,0.44,CLEAR(조향OFF)|STRAIGHT,,999.00,0.42,4.7,5.9,3280
145.20,-8.882,-15.370,42.0,0.44,CLEAR(조향OFF)|STRAIGHT,,999.00,0.42,4.6,5.9,3280
145.25,-8.853,-15.344,42.1,0.39,CLEAR(조향OFF)|STRAIGHT,,999.00,0.42,4.5,5.9,3290
145.30,-8.853,-15.344,42.4,0.39,CLEAR(조향OFF)|STRAIGHT,,999.00,0.42,4.4,5.9,3290
145.35,-8.825,-15.309,42.5,0.44,CLEAR(조향OFF)|STRAIGHT,,999.00,0.42,4.5,5.8,3280
145.40,-8.825,-15.309,42.7,0.44,CLEAR(조향OFF)|STRAIGHT,,999.00,0.42,4.3,5.9,3290
145.45,-8.791,-15.269,42.8,0.52,CLEAR(조향OFF)|STRAIGHT,,999.00,0.42,4.3,5.9,3300
145.50,-8.791,-15.269,43.0,0.52,CLEAR(조향OFF)|STRAIGHT,,999.00,0.42,4.1,5.9,3271
145.55,-8.754,-15.229,43.2,0.55,CLEAR(조향OFF)|STRAIGHT,,999.00,0.42,4.1,5.9,3290
145.60,-8.754,-15.229,43.4,0.55,CLEAR(조향OFF)|STRAIGHT,,999.00,0.42,3.9,5.1,3379
145.65,-8.713,-15.193,43.5,0.55,CLEAR(조향OFF)|STRAIGHT,,999.00,0.42,4.0,4.8,3410
145.70,-8.713,-15.193,43.7,0.55,CLEAR(조향OFF)|STRAIGHT,,999.00,0.42,3.8,4.8,3420
145.75,-8.670,-15.148,43.8,0.61,CLEAR(조향OFF)|STRAIGHT,,999.00,0.42,4.0,4.8,3430
145.80,-8.670,-15.148,44.0,0.61,CLEAR(조향OFF)|STRAIGHT,,999.00,0.42,3.8,4.7,3441
145.85,-8.628,-15.102,44.2,0.63,CLEAR(조향OFF)|STRAIGHT,,999.00,0.42,4.4,4.7,3441
145.90,-8.628,-15.102,44.4,0.63,CLEAR(조향OFF)|STRAIGHT,,999.00,0.42,4.2,4.8,3441
145.95,-8.585,-15.051,44.5,0.66,CLEAR(조향OFF)|STRAIGHT,,999.00,0.42,4.3,4.7,3441
146.00,-8.585,-15.051,44.8,0.66,CLEAR(조향OFF)|STRAIGHT,,999.00,0.42,4.1,4.8,3451
146.05,-8.544,-15.002,45.0,0.58,CLEAR(조향OFF)|STRAIGHT,,999.00,0.42,4.2,4.8,3441
146.10,-8.544,-15.002,45.2,0.58,CLEAR(조향OFF)|STRAIGHT,,999.00,0.42,4.0,4.8,3451
146.15,-8.496,-14.953,45.3,0.69,CLEAR(조향OFF)|STRAIGHT,,999.00,0.42,3.9,4.7,3441
146.20,-8.496,-14.953,45.6,0.69,CLEAR(조향OFF)|STRAIGHT,,999.00,0.42,3.8,4.8,3441
146.25,-8.452,-14.905,45.8,0.72,CLEAR(조향OFF)|STRAIGHT,,999.00,0.42,4.1,4.8,3430
146.30,-8.452,-14.905,46.1,0.72,CLEAR(조향OFF)|STRAIGHT,,999.00,0.42,3.8,4.7,3441
146.35,-8.408,-14.844,46.2,0.74,CLEAR(조향OFF)|STRAIGHT,,999.00,0.42,4.0,4.8,3441
146.40,-8.408,-14.844,46.5,0.74,CLEAR(조향OFF)|STRAIGHT,,999.00,0.42,3.7,4.8,3441
146.45,-8.357,-14.787,46.7,0.77,CLEAR(조향OFF)|STRAIGHT,,999.00,0.42,3.7,4.7,3441
146.50,-8.357,-14.787,46.9,0.77,CLEAR(조향OFF)|STRAIGHT,,999.00,0.41,3.5,4.7,3441
146.55,-8.305,-14.724,47.1,0.81,CLEAR(조향OFF)|STRAIGHT,,999.00,0.41,4.1,4.8,3441
146.60,-8.305,-14.724,47.3,0.81,CLEAR(조향OFF)|STRAIGHT,,999.00,0.41,4.0,4.7,3441
146.65,-8.254,-14.661,47.6,0.81,CLEAR(조향OFF)|STRAIGHT,,999.00,0.41,4.1,4.8,3441
146.70,-8.254,-14.661,47.8,0.81,CLEAR(조향OFF)|STRAIGHT,,999.00,0.41,3.9,4.7,3451
146.75,-8.202,-14.600,47.9,0.80,CLEAR(조향OFF)|STRAIGHT,,999.00,0.41,4.0,4.8,3441
146.80,-8.202,-14.600,48.1,0.80,CLEAR(조향OFF)|STRAIGHT,,999.00,0.41,3.8,4.7,3451
146.85,-8.149,-14.539,48.3,0.81,CLEAR(조향OFF)|STRAIGHT,,999.00,0.41,4.0,4.8,3451
146.90,-8.149,-14.539,48.7,0.81,CLEAR(조향OFF)|STRAIGHT,,999.00,0.41,3.8,4.8,3441
146.95,-8.101,-14.471,48.8,0.83,CLEAR(조향OFF)|STRAIGHT,,999.00,0.41,3.9,4.7,3451
147.00,-8.101,-14.471,49.1,0.83,CLEAR(조향OFF)|STRAIGHT,,999.00,0.41,3.7,4.7,3451
147.05,-8.046,-14.402,49.3,0.80,CLEAR(조향OFF)|STRAIGHT,,999.00,0.41,3.8,4.8,3441
147.10,-8.046,-14.402,49.6,0.80,CLEAR(조향OFF)|STRAIGHT,,999.00,0.41,3.5,4.7,3441
147.15,-7.986,-14.336,49.7,0.89,CLEAR(조향OFF)|STRAIGHT,,999.00,0.41,4.2,4.7,3451
147.20,-7.986,-14.336,50.1,0.89,CLEAR(조향OFF)|STRAIGHT,,999.00,0.41,4.0,4.7,3451
147.25,-7.933,-14.261,50.2,1.02,CLEAR(조향OFF)|STRAIGHT,,999.00,0.41,4.3,4.7,3451
147.30,-7.933,-14.261,50.5,1.02,CLEAR(조향OFF)|STRAIGHT,,999.00,0.41,4.1,4.7,3441
147.35,-7.882,-14.189,50.7,0.89,CLEAR(조향OFF)|STRAIGHT,,999.00,0.41,4.3,4.8,3430
147.40,-7.882,-14.189,51.0,0.89,CLEAR(조향OFF)|STRAIGHT,,999.00,0.41,4.1,4.8,3441
147.45,-7.828,-14.113,51.2,0.92,CLEAR(조향OFF)|STRAIGHT,,999.00,0.41,4.1,4.8,3451
147.50,-7.828,-14.113,51.5,0.92,CLEAR(조향OFF)|STRAIGHT,,999.00,0.41,3.9,4.8,3441
147.55,-7.774,-14.031,51.7,0.99,CLEAR(조향OFF)|STRAIGHT,,999.00,0.41,4.0,4.8,3451
147.60,-7.774,-14.031,52.0,0.99,CLEAR(조향OFF)|STRAIGHT,,999.00,0.41,3.8,4.8,3441
147.65,-7.722,-13.946,52.2,0.99,CLEAR(조향OFF)|STRAIGHT,,999.00,0.41,3.9,4.7,3451
147.70,-7.722,-13.946,52.6,0.99,CLEAR(조향OFF)|STRAIGHT,,999.00,0.41,3.7,4.8,3441
147.75,-7.667,-13.867,52.7,0.96,CLEAR(조향OFF)|STRAIGHT,,999.00,0.41,4.3,4.8,3451
147.80,-7.667,-13.867,53.2,0.96,CLEAR(조향OFF)|STRAIGHT,,999.00,0.41,4.1,4.7,3451
147.85,-7.614,-13.779,53.4,1.02,CLEAR(조향OFF)|STRAIGHT,,999.00,0.41,4.3,4.8,3451
147.90,-7.614,-13.779,53.7,1.02,CLEAR(조향OFF)|STRAIGHT,,999.00,0.41,4.0,4.8,3441
147.95,-7.559,-13.695,54.0,1.00,CLEAR(조향OFF)|STRAIGHT,,999.00,0.41,4.1,4.7,3462
148.00,-7.559,-13.695,54.4,1.00,CLEAR(조향OFF)|STRAIGHT,,999.00,0.41,3.9,4.7,3451
148.05,-7.501,-13.610,54.6,0.94,CLEAR(조향OFF)|STRAIGHT,,999.00,0.41,4.0,4.7,3462
148.10,-7.501,-13.610,54.9,0.94,CLEAR(조향OFF)|STRAIGHT,,999.00,0.41,3.6,4.8,3441
148.15,-7.448,-13.518,55.1,1.06,CLEAR(조향OFF)|STRAIGHT,,999.00,0.41,3.7,4.7,3462
148.20,-7.448,-13.518,55.5,1.06,CLEAR(조향OFF)|STRAIGHT,,999.00,0.41,3.5,4.7,3441
148.25,-7.394,-13.430,55.7,1.14,CLEAR(조향OFF)|STRAIGHT,,999.00,0.41,4.5,4.7,3441
148.30,-7.394,-13.430,56.2,1.14,CLEAR(조향OFF)|STRAIGHT,,999.00,0.41,4.2,4.8,3451
148.35,-7.339,-13.334,56.3,1.10,CLEAR(조향OFF)|STRAIGHT,,999.00,0.41,4.5,4.8,3441
148.40,-7.339,-13.334,56.7,1.10,CLEAR(조향OFF)|STRAIGHT,,999.00,0.41,4.2,4.8,3441
148.45,-7.285,-13.233,56.9,1.14,CLEAR(조향OFF)|STRAIGHT,,999.00,0.41,4.3,4.8,3451
148.50,-7.285,-13.233,57.3,1.14,CLEAR(조향OFF)|STRAIGHT,,999.00,0.41,4.1,4.8,3441
148.55,-7.234,-13.139,57.4,1.06,CLEAR(조향OFF)|STRAIGHT,,999.00,0.41,4.2,4.8,3451
148.60,-7.234,-13.139,57.9,1.06,CLEAR(조향OFF)|STRAIGHT,,999.00,0.41,3.9,4.8,3441
148.65,-7.179,-13.046,58.1,1.09,CLEAR(조향OFF)|STRAIGHT,,999.00,0.41,4.7,4.7,3441
148.70,-7.179,-13.046,58.5,1.09,CLEAR(조향OFF)|STRAIGHT,,999.00,0.41,4.5,4.8,3451
148.75,-7.132,-12.948,58.7,1.08,CLEAR(조향OFF)|STRAIGHT,,999.00,0.41,4.7,4.8,3451
148.80,-7.132,-12.948,59.2,1.08,CLEAR(조향OFF)|STRAIGHT,,999.00,0.41,4.4,4.7,3441
148.85,-7.076,-12.849,59.4,1.14,CLEAR(조향OFF)|STRAIGHT,,999.00,0.41,4.5,4.8,3462
148.90,-7.076,-12.849,59.8,1.14,CLEAR(조향OFF)|STRAIGHT,,999.00,0.41,4.2,4.7,3441
148.95,-7.022,-12.750,60.2,1.12,CLEAR(조향OFF)|STRAIGHT,,999.00,0.41,4.6,4.8,3441
149.00,-7.022,-12.750,60.5,1.12,CLEAR(조향OFF)|STRAIGHT,,999.00,0.40,4.2,4.8,3441
149.05,-6.976,-12.653,60.7,0.98,CLEAR(조향OFF)|STRAIGHT,,999.00,0.40,5.0,4.7,3451
149.10,-6.976,-12.653,61.1,0.98,CLEAR(조향OFF)|STRAIGHT,,999.00,0.40,4.8,4.7,3451
149.15,-6.924,-12.544,61.3,1.34,CLEAR(조향OFF)|STRAIGHT,,999.00,0.40,4.9,4.8,3451
149.20,-6.924,-12.544,61.7,1.34,CLEAR(조향OFF)|STRAIGHT,,999.00,0.40,4.7,4.8,3451
149.25,-6.877,-12.437,61.9,1.15,CLEAR(조향OFF)|STRAIGHT,,999.00,0.40,5.2,4.8,3451
149.30,-6.877,-12.437,62.4,1.15,CLEAR(조향OFF)|STRAIGHT,,999.00,0.40,5.0,4.8,3451
149.35,-6.830,-12.336,62.6,1.13,CLEAR(조향OFF)|STRAIGHT,,999.00,0.40,5.0,4.8,3451
149.40,-6.830,-12.336,63.0,1.13,CLEAR(조향OFF)|STRAIGHT,,999.00,0.40,4.7,4.7,3441
149.45,-6.785,-12.226,63.2,1.18,CLEAR(조향OFF)|STRAIGHT,,999.00,0.40,4.9,4.7,3441
149.50,-6.785,-12.226,63.6,1.18,CLEAR(조향OFF)|STRAIGHT,,999.00,0.41,4.6,4.8,3451
149.55,-6.737,-12.120,63.9,1.17,CLEAR(조향OFF)|STRAIGHT,,999.00,0.41,5.4,4.8,3451
149.60,-6.737,-12.120,64.3,1.17,CLEAR(조향OFF)|STRAIGHT,,999.00,0.41,5.2,4.7,3462
149.65,-6.693,-12.014,64.5,1.04,CLEAR(조향OFF)|STRAIGHT,,999.00,0.41,5.5,4.7,3451
149.70,-6.693,-12.014,64.9,1.04,CLEAR(조향OFF)|STRAIGHT,,999.00,0.41,5.2,4.7,3451
149.75,-6.654,-11.902,65.1,1.31,CLEAR(조향OFF)|STRAIGHT,,999.00,0.41,5.4,4.8,3441
149.80,-6.654,-11.902,65.5,1.31,CLEAR(조향OFF)|STRAIGHT,,999.00,0.41,5.2,4.8,3441
149.85,-6.609,-11.794,65.7,1.17,CLEAR(조향OFF)|STRAIGHT,,999.00,0.41,5.6,4.7,3441
149.90,-6.609,-11.794,66.1,1.17,CLEAR(조향OFF)|STRAIGHT,,999.00,0.40,5.4,4.8,3451
149.95,-6.567,-11.686,66.3,1.16,CLEAR(조향OFF)|STRAIGHT,,999.00,0.40,6.0,4.8,3451
150.00,-6.567,-11.686,66.7,1.16,CLEAR(조향OFF)|STRAIGHT,,999.00,0.40,5.7,4.8,3451
150.05,-6.529,-11.575,66.9,1.07,CLEAR(조향OFF)|STRAIGHT,,999.00,0.40,6.0,4.7,3430
150.10,-6.529,-11.575,67.3,1.07,CLEAR(조향OFF)|STRAIGHT,,999.00,0.40,5.8,4.8,3441
150.15,-6.493,-11.469,67.6,1.24,CLEAR(조향OFF)|STRAIGHT,,999.00,0.40,6.1,4.8,3441
150.20,-6.493,-11.469,68.0,1.24,CLEAR(조향OFF)|STRAIGHT,,999.00,0.40,5.8,4.7,3451
150.25,-6.457,-11.358,68.2,1.17,CLEAR(조향OFF)|STRAIGHT,,999.00,0.40,6.2,4.8,3441
150.30,-6.457,-11.358,68.7,1.17,CLEAR(조향OFF)|STRAIGHT,,999.00,0.40,5.9,4.7,3451
150.35,-6.420,-11.255,68.8,1.10,CLEAR(조향OFF)|STRAIGHT,,999.00,0.40,6.4,4.8,3451
150.40,-6.420,-11.255,69.3,1.10,CLEAR(조향OFF)|STRAIGHT,,999.00,0.40,6.2,4.9,3430
150.45,-6.389,-11.141,69.6,1.17,CLEAR(조향OFF)|STRAIGHT,,999.00,0.40,6.5,5.4,3379
150.50,-6.389,-11.141,70.0,1.17,CLEAR(조향OFF)|STRAIGHT,,999.00,0.40,6.3,5.3,3379
150.55,-6.356,-11.033,70.2,1.13,CLEAR(조향OFF)|STRAIGHT,,999.00,0.40,6.6,5.3,3369
150.60,-6.356,-11.033,70.6,1.13,CLEAR(조향OFF)|STRAIGHT,,999.00,0.40,6.3,5.3,3369
150.65,-6.322,-10.925,70.9,1.13,CLEAR(조향OFF)|STRAIGHT,,999.00,0.40,6.7,5.3,3379
150.70,-6.322,-10.925,71.4,1.13,CLEAR(조향OFF)|STRAIGHT,,999.00,0.40,6.4,5.3,3369
150.75,-6.293,-10.812,71.6,1.16,CLEAR(조향OFF)|STRAIGHT,,999.00,0.40,6.9,5.4,3359
150.80,-6.293,-10.812,72.1,1.16,CLEAR(조향OFF)|STRAIGHT,,999.00,0.40,6.7,5.3,3359
150.85,-6.267,-10.705,72.3,1.09,CLEAR(조향OFF)|STRAIGHT,,999.00,0.40,7.0,5.3,3369
150.90,-6.267,-10.705,72.8,1.09,CLEAR(조향OFF)|STRAIGHT,,999.00,0.40,6.7,5.4,3359
150.95,-6.244,-10.591,73.1,1.17,CLEAR(조향OFF)|STRAIGHT,,999.00,0.40,7.1,5.4,3359
151.00,-6.244,-10.591,73.6,1.17,CLEAR(조향OFF)|STRAIGHT,,999.00,0.40,6.7,5.3,3359
151.05,-6.218,-10.479,73.9,1.15,CLEAR(조향OFF)|STRAIGHT,,999.00,0.40,7.1,5.4,3359
151.10,-6.218,-10.479,74.4,1.15,CLEAR(조향OFF)|STRAIGHT,,999.00,0.40,6.8,5.6,3319
151.15,-6.198,-10.365,74.7,1.15,CLEAR(조향OFF)|STRAIGHT,,999.00,0.40,7.1,5.7,3319
151.20,-6.198,-10.365,75.1,1.15,CLEAR(조향OFF)|STRAIGHT,,999.00,0.40,6.8,5.6,3329
151.25,-6.176,-10.255,75.4,1.12,CLEAR(조향OFF)|STRAIGHT,,999.00,0.40,7.2,5.7,3309
151.30,-6.176,-10.255,75.9,1.12,CLEAR(조향OFF)|STRAIGHT,,999.00,0.40,7.0,5.7,3319
151.35,-6.153,-10.137,76.3,1.20,CLEAR(조향OFF)|STRAIGHT,,999.00,0.40,7.3,6.3,3233
151.40,-6.153,-10.137,76.8,1.20,CLEAR(조향OFF)|STRAIGHT,,999.00,0.40,7.0,6.2,3252
151.45,-6.139,-10.023,77.0,1.14,CLEAR(조향OFF)|STRAIGHT,,999.00,0.40,7.4,6.2,3252
151.50,-6.139,-10.023,77.5,1.14,CLEAR(조향OFF)|STRAIGHT,,999.00,0.40,7.0,6.3,3242
151.55,-6.126,-9.906,77.8,1.17,CLEAR(조향OFF)|STRAIGHT,,999.00,0.40,7.4,6.3,3242
151.60,-6.126,-9.906,78.3,1.17,CLEAR(조향OFF)|STRAIGHT,,999.00,0.39,7.0,6.3,3242
151.65,-6.108,-9.796,78.6,1.11,CLEAR(조향OFF)|STRAIGHT,,999.00,0.39,7.4,6.3,3242
151.70,-6.108,-9.796,79.2,1.11,CLEAR(조향OFF)|STRAIGHT,,999.00,0.39,7.1,6.2,3233
151.75,-6.101,-9.684,79.4,1.11,CLEAR(조향OFF)|STRAIGHT,,999.00,0.39,7.5,6.3,3242
151.80,-6.101,-9.684,79.9,1.11,CLEAR(조향OFF)|STRAIGHT,,999.00,0.39,7.1,6.2,3242
151.85,-6.091,-9.562,80.1,1.22,CLEAR(조향OFF)|STRAIGHT,,999.00,0.39,7.5,6.3,3233
151.90,-6.091,-9.562,80.6,1.22,CLEAR(조향OFF)|STRAIGHT,,999.00,0.39,7.2,6.2,3233
151.95,-6.082,-9.443,80.8,1.19,CLEAR(조향OFF)|STRAIGHT,,999.00,0.39,7.6,6.2,3224
152.00,-6.082,-9.443,81.4,1.19,CLEAR(조향OFF)|STRAIGHT,,999.00,0.39,7.3,6.3,3242
152.05,-6.072,-9.334,81.7,1.09,CLEAR(조향OFF)|STRAIGHT,,999.00,0.39,7.7,6.3,3242
152.10,-6.072,-9.334,82.1,1.09,CLEAR(조향OFF)|STRAIGHT,,999.00,0.39,7.4,6.3,3233
152.15,-6.073,-9.216,82.4,1.07,CLEAR(조향OFF)|STRAIGHT,,999.00,0.39,7.7,6.4,3224
152.20,-6.073,-9.216,83.2,1.07,CLEAR(조향OFF)|STRAIGHT,,999.00,0.39,7.5,6.5,3205
152.25,-6.062,-9.098,83.5,1.19,CLEAR(조향OFF)|STRAIGHT,,999.00,0.39,7.8,6.6,3196
152.30,-6.062,-9.098,84.2,1.19,CLEAR(조향OFF)|STRAIGHT,,999.00,0.39,7.3,6.5,3196
152.35,-6.062,-8.991,84.6,1.18,CLEAR(조향OFF)|STRAIGHT,,999.00,0.39,7.8,6.6,3187
152.40,-6.062,-8.991,85.2,1.18,CLEAR(조향OFF)|STRAIGHT,,999.00,0.39,7.4,6.6,3196
152.45,-6.064,-8.880,85.7,1.10,CLEAR(조향OFF)|STRAIGHT,,999.00,0.39,7.6,6.6,3196
152.50,-6.064,-8.880,86.3,1.10,CLEAR(조향OFF)|STRAIGHT,,999.00,0.38,7.2,6.6,3196
152.55,-6.062,-8.767,86.6,1.13,CLEAR(조향OFF)|STRAIGHT,,999.00,0.38,7.4,6.6,3187
152.60,-6.062,-8.767,87.2,1.13,CLEAR(조향OFF)|STRAIGHT,,999.00,0.38,7.1,6.6,3187
152.65,-6.060,-8.649,87.5,1.19,CLEAR(조향OFF)|STRAIGHT,,999.00,0.38,7.4,6.6,3187
152.70,-6.060,-8.649,88.2,1.19,CLEAR(조향OFF)|STRAIGHT,,999.00,0.38,7.1,6.6,3187
152.75,-6.068,-8.528,88.4,1.20,CLEAR(조향OFF)|STRAIGHT,,999.00,0.38,7.5,6.5,3187
152.80,-6.068,-8.528,88.9,1.20,CLEAR(조향OFF)|STRAIGHT,,999.00,0.38,7.1,6.5,3187
152.85,-6.072,-8.407,89.2,1.21,CLEAR(조향OFF)|STRAIGHT,,999.00,0.38,7.5,6.6,3178
152.90,-6.072,-8.407,89.6,1.21,CLEAR(조향OFF)|STRAIGHT,,999.00,0.38,7.2,6.5,3187
152.95,-6.080,-8.288,89.9,1.18,CLEAR(조향OFF)|STRAIGHT,,999.00,0.38,7.7,6.5,3187
153.00,-6.080,-8.288,90.5,1.18,CLEAR(조향OFF)|STRAIGHT,,999.00,0.38,7.4,6.5,3196
153.05,-6.101,-8.171,90.8,1.07,CLEAR(조향OFF)|STRAIGHT,,999.00,0.38,7.8,6.6,3196
153.10,-6.101,-8.171,91.6,1.07,CLEAR(조향OFF)|STRAIGHT,,999.00,0.38,7.5,6.5,3187
153.15,-6.115,-8.051,91.9,1.20,CLEAR(조향OFF)|STRAIGHT,,999.00,0.38,7.7,6.5,3178
153.20,-6.115,-8.051,92.5,1.20,CLEAR(조향OFF)|STRAIGHT,,999.00,0.38,7.2,6.6,3187
153.25,-6.121,-7.936,92.8,1.15,CLEAR(조향OFF)|STRAIGHT,,999.00,0.38,7.6,6.5,3187
153.30,-6.121,-7.936,93.5,1.15,CLEAR(조향OFF)|STRAIGHT,,999.00,0.38,7.2,6.5,3187
153.35,-6.143,-7.823,93.8,1.27,CLEAR(조향OFF)|STRAIGHT,,999.00,0.38,7.7,6.6,3187
153.40,-6.143,-7.823,94.5,1.27,CLEAR(조향OFF)|STRAIGHT,,999.00,0.38,7.3,6.5,3187
153.45,-6.163,-7.709,94.8,1.16,CLEAR(조향OFF)|STRAIGHT,,999.00,0.38,7.6,6.6,3178
153.50,-6.163,-7.709,95.7,1.16,CLEAR(조향OFF)|STRAIGHT,,999.00,0.38,7.2,6.5,3196
153.55,-6.176,-7.588,96.0,1.21,CLEAR(조향OFF)|STRAIGHT,,999.00,0.38,7.5,6.6,3187
153.60,-6.176,-7.588,96.6,1.21,CLEAR(조향OFF)|STRAIGHT,,999.00,0.38,7.0,6.5,3187
153.65,-6.201,-7.468,96.9,1.22,CLEAR(조향OFF)|STRAIGHT,,999.00,0.38,7.5,6.5,3178
153.70,-6.201,-7.468,97.8,1.22,CLEAR(조향OFF)|STRAIGHT,,999.00,0.39,7.1,6.5,3178
153.75,-6.230,-7.358,98.2,1.14,CLEAR(조향OFF)|STRAIGHT,,999.00,0.39,7.6,6.6,3187
153.80,-6.230,-7.358,98.6,1.14,CLEAR(조향OFF)|STRAIGHT,,999.00,0.39,7.1,6.6,3169
153.85,-6.257,-7.237,99.1,1.23,CLEAR(조향OFF)|STRAIGHT,,999.00,0.39,7.3,6.6,3169
153.90,-6.257,-7.237,99.9,1.23,CLEAR(조향OFF)|STRAIGHT,,999.00,0.39,7.0,6.5,3187
153.95,-6.284,-7.116,100.1,1.24,CLEAR(조향OFF)|STRAIGHT,,999.00,0.39,7.4,6.6,3196
154.00,-6.284,-7.116,100.7,1.24,CLEAR(조향OFF)|STRAIGHT,,999.00,0.39,6.9,6.6,3196
154.05,-6.284,-7.116,101.1,1.24,CLEAR(조향OFF)|STRAIGHT,,999.00,0.39,7.3,6.5,3187
154.10,-6.326,-7.005,102.0,0.98,CLEAR(조향OFF)|STRAIGHT,,999.00,0.39,7.0,6.6,3178
154.15,-6.360,-6.882,102.4,1.59,CLEAR(조향OFF)|STRAIGHT,,999.00,0.38,6.7,6.5,3187
154.20,-6.360,-6.882,102.9,1.59,CLEAR(조향OFF)|STRAIGHT,,999.00,0.38,6.7,6.5,3196
154.25,-6.402,-6.758,103.2,1.30,CLEAR(조향OFF)|STRAIGHT,,999.00,0.38,7.0,6.6,3187
154.30,-6.402,-6.758,103.9,1.30,CLEAR(조향OFF)|STRAIGHT,,999.00,0.38,6.7,6.5,3187
154.35,-6.436,-6.639,104.2,1.24,CLEAR(조향OFF)|STRAIGHT,,999.00,0.38,7.1,6.6,3178
154.40,-6.436,-6.639,104.9,1.24,CLEAR(조향OFF)|STRAIGHT,,999.00,0.38,6.6,6.5,3187
154.45,-6.473,-6.521,105.2,1.23,CLEAR(조향OFF)|STRAIGHT,,999.00,0.38,7.1,6.6,3187
154.50,-6.473,-6.521,105.5,1.23,CLEAR(조향OFF)|STRAIGHT,,999.00,0.39,6.6,6.6,3187
154.55,-6.513,-6.403,105.7,1.24,CLEAR(조향OFF)|STRAIGHT,,999.00,0.39,7.1,6.6,3160
154.60,-6.513,-6.403,106.4,1.24,CLEAR(조향OFF)|STRAIGHT,,999.00,0.39,6.8,6.6,3178
154.65,-6.564,-6.294,106.7,1.19,CLEAR(조향OFF)|STRAIGHT,,999.00,0.39,7.4,6.5,3178
154.70,-6.564,-6.294,107.0,1.19,CLEAR(조향OFF)|STRAIGHT,,999.00,0.39,6.9,6.5,3178
154.75,-6.618,-6.185,107.4,1.21,CLEAR(조향OFF)|STRAIGHT,,999.00,0.39,7.1,6.6,3187
154.80,-6.618,-6.185,108.3,1.21,CLEAR(조향OFF)|STRAIGHT,,999.00,0.39,6.8,6.6,3187
154.85,-6.672,-6.071,108.6,1.24,CLEAR(조향OFF)|STRAIGHT,,999.00,0.39,6.9,6.7,3169
154.90,-6.672,-6.071,109.3,1.24,CLEAR(조향OFF)|STRAIGHT,,999.00,0.38,6.2,6.6,3178
154.95,-6.720,-5.952,109.7,1.29,CLEAR(조향OFF)|STRAIGHT,,999.00,0.38,6.4,6.6,3169
155.00,-6.720,-5.952,110.7,1.29,CLEAR(조향OFF)|STRAIGHT,,999.00,0.38,5.7,6.6,3169
155.05,-6.768,-5.832,111.1,1.18,CLEAR(조향OFF)|STRAIGHT,,999.00,0.38,6.1,6.7,3178
155.10,-6.768,-5.832,112.0,1.18,CLEAR(조향OFF)|STRAIGHT,,999.00,0.38,5.1,6.6,3178
155.15,-6.819,-5.722,112.5,1.21,CLEAR(조향OFF)|STRAIGHT,,999.00,0.38,5.6,6.6,3178
155.20,-6.819,-5.722,113.2,1.21,CLEAR(조향OFF)|STRAIGHT,,999.00,0.38,4.6,6.7,3169
155.25,-6.873,-5.610,113.7,1.24,CLEAR(조향OFF)|STRAIGHT,,999.00,0.38,4.5,6.6,3178
155.30,-6.873,-5.610,114.6,1.24,CLEAR(조향OFF)|STRAIGHT,,999.00,0.40,3.7,6.6,3178
155.35,-6.927,-5.499,114.9,1.38,CLEAR(조향OFF)|STRAIGHT,,999.00,0.40,3.5,6.7,3169
155.40,-6.927,-5.499,115.5,1.38,CLEAR(조향OFF)|STRAIGHT,,999.00,0.40,2.4,6.6,3169
155.45,-6.982,-5.391,115.9,1.21,CLEAR(조향OFF)|STRAIGHT,,999.00,0.40,2.3,6.6,3178
155.50,-6.982,-5.391,116.5,1.21,CLEAR(조향OFF)|STRAIGHT,,999.00,0.40,1.3,6.1,3224
155.55,-7.054,-5.284,116.8,1.28,CLEAR(조향OFF)|STRAIGHT,,999.00,0.40,0.7,5.3,3319
155.60,-7.054,-5.284,117.2,1.28,CLEAR(조향OFF)|STRAIGHT,,999.00,0.40,-0.3,4.6,3410
155.65,-7.131,-5.171,117.4,1.35,CLEAR(조향OFF)|STRAIGHT,,999.00,0.40,-2.5,3.9,3494
155.70,-7.131,-5.171,117.8,1.35,CLEAR(조향OFF)|STRAIGHT,,999.00,0.37,-4.1,3.4,3572
155.75,-7.192,-5.065,117.9,1.23,CLEAR(조향OFF)|STRAIGHT,,999.00,0.37,-6.3,2.8,3653
155.80,-7.192,-5.065,118.0,1.23,CLEAR(조향OFF)|STRAIGHT,,999.00,0.37,-8.6,1.6,3814
155.85,-7.258,-4.957,118.0,1.26,CLEAR(조향OFF)|STRAIGHT,,999.00,0.37,-10.8,0.2,4004
155.90,-7.258,-4.957,117.7,1.26,CLEAR(조향OFF)|STRAIGHT,,999.00,0.37,-13.1,-1.4,4198
155.95,-7.329,-4.846,117.5,1.31,CLEAR(조향OFF)|STRAIGHT,,999.00,0.37,-15.3,-3.6,4412
156.00,-7.329,-4.846,116.8,1.31,CLEAR(조향OFF)|STRAIGHT,,999.00,0.37,-17.6,-5.5,4611
156.05,-7.394,-4.736,116.4,1.16,CLEAR(조향OFF)|STRAIGHT,,999.00,0.37,-18.0,-7.1,4768
156.10,-7.394,-4.736,115.4,1.16,CLEAR(조향OFF)|STRAIGHT,,999.00,0.28,-18.0,-8.5,4892
156.15,-7.449,-4.620,115.0,1.43,CLEAR(조향OFF)|STRAIGHT,,999.00,0.19,-15.8,-10.0,4957
156.20,-7.449,-4.620,113.7,1.43,CLEAR(조향OFF)|STRAIGHT,,999.00,0.10,-13.5,-11.4,5046
156.25,-7.506,-4.506,113.1,1.16,CLEAR(조향OFF)|STRAIGHT,,999.00,0.01,-11.2,-12.5,5068
156.30,-7.506,-4.506,111.8,1.16,CLEAR(조향OFF)|STRAIGHT,,999.00,0.00,-9.0,-12.6,5068
156.35,-7.547,-4.387,111.0,1.40,CLEAR(조향OFF)|STRAIGHT,,999.00,0.00,-6.8,-12.7,5091
156.40,-7.547,-4.387,109.8,1.40,CLEAR(조향OFF)|STRAIGHT,,999.00,0.00,-4.5,-12.6,5091
156.45,-7.587,-4.264,109.1,1.28,CLEAR(조향OFF)|STRAIGHT,,999.00,0.00,-2.2,-12.4,5091
156.50,-7.587,-4.264,108.0,1.28,CLEAR(조향OFF)|STRAIGHT,,999.00,0.00,0.0,-10.7,5068
156.55,-7.622,-4.143,107.5,1.27,CLEAR(조향OFF)|STRAIGHT,,999.00,0.00,0.0,-8.7,5023
156.60,-7.622,-4.143,106.7,1.27,CLEAR(조향OFF)|STRAIGHT,,999.00,0.00,0.0,-6.5,4913
156.65,-7.648,-4.026,106.5,1.08,CLEAR(조향OFF)|STRAIGHT,,999.00,0.00,0.0,-4.7,4808
156.70,-7.648,-4.026,106.2,1.08,CLEAR(조향OFF)|STRAIGHT,,999.00,0.00,0.0,-2.9,4669
156.75,-7.677,-3.924,106.0,1.06,CLEAR(조향OFF)|STRAIGHT,,999.00,0.00,0.0,-2.1,4555
156.80,-7.677,-3.924,105.7,1.06,CLEAR(조향OFF)|STRAIGHT,,999.00,0.00,0.0,-1.7,4501
156.85,-7.711,-3.815,105.6,1.14,CLEAR(조향OFF)|STRAIGHT,,999.00,0.00,0.0,-1.7,4501
156.90,-7.711,-3.815,105.5,1.14,CLEAR(조향OFF)|STRAIGHT,,999.00,0.00,0.0,-1.7,4465
156.95,-7.745,-3.718,105.4,1.14,CLEAR(조향OFF)|STRAIGHT,,999.00,0.00,0.0,-1.6,4447
157.00,-7.745,-3.718,105.1,1.14,CLEAR(조향OFF)|STRAIGHT,,999.00,0.00,0.0,-1.2,4395
157.05,-7.745,-3.718,105.1,1.14,CLEAR(조향OFF)|STRAIGHT,,999.00,0.00,0.0,-1.2,4395
157.10,-7.778,-3.621,105.0,0.85,CLEAR(조향OFF)|STRAIGHT,,999.00,0.00,0.0,-1.2,4378
157.15,-7.802,-3.531,104.9,1.04,CLEAR(조향OFF)|STRAIGHT,,999.00,0.00,0.0,-1.2,4378
157.20,-7.802,-3.531,104.8,1.04,CLEAR(조향OFF)|STRAIGHT,,999.00,0.00,0.0,-1.2,4378
157.25,-7.825,-3.439,104.7,0.95,CLEAR(조향OFF)|STRAIGHT,,999.00,0.00,0.0,-1.2,4361
157.30,-7.825,-3.439,104.7,0.95,CLEAR(조향OFF)|STRAIGHT,,999.00,0.00,0.0,-1.2,4361
157.35,-7.849,-3.362,104.6,0.90,CLEAR(조향OFF)|STRAIGHT,,999.00,0.00,0.0,-1.2,4361
157.40,-7.849,-3.362,104.4,0.90,CLEAR(조향OFF)|STRAIGHT,,999.00,0.00,0.0,-1.2,4378
157.45,-7.874,-3.271,104.4,0.94,CLEAR(조향OFF)|STRAIGHT,,999.00,0.00,0.0,-1.2,4378
157.50,-7.874,-3.271,104.4,0.94,CLEAR(조향OFF)|STRAIGHT,,999.00,0.00,0.0,-1.2,4378
157.55,-7.898,-3.200,104.3,0.68,CLEAR(조향OFF)|STRAIGHT,,999.00,0.00,0.0,-1.2,4361
157.60,-7.898,-3.200,104.2,0.68,CLEAR(조향OFF)|STRAIGHT,,999.00,0.00,0.0,-1.2,4378
157.65,-7.912,-3.128,104.1,0.73,CLEAR(조향OFF)|STRAIGHT,,999.00,0.00,0.0,-1.2,4361
157.70,-7.912,-3.128,103.8,0.73,CLEAR(조향OFF)|STRAIGHT,,999.00,0.00,0.0,-1.2,4361
157.75,-7.931,-3.060,103.7,0.71,CLEAR(조향OFF)|STRAIGHT,,999.00,0.00,0.0,-1.2,4344
157.80,-7.931,-3.060,103.8,0.71,CLEAR(조향OFF)|STRAIGHT,,999.00,0.00,0.0,-1.2,4344
157.85,-7.961,-2.998,103.7,0.75,CLEAR(조향OFF)|STRAIGHT,,999.00,0.00,0.0,-1.2,4378
157.90,-7.961,-2.998,103.5,0.75,CLEAR(조향OFF)|STRAIGHT,,999.00,0.00,0.0,-1.2,4361
157.95,-7.977,-2.935,103.5,0.59,CLEAR(조향OFF)|STRAIGHT,,999.00,0.00,0.0,-1.2,4361
158.00,-7.977,-2.935,103.4,0.59,CLEAR(조향OFF)|STRAIGHT,,999.00,0.00,0.0,-1.2,4361
158.05,-7.977,-2.935,103.4,0.59,CLEAR(조향OFF)|STRAIGHT,,999.00,0.00,0.0,-1.2,4361
158.10,-7.989,-2.874,103.3,0.48,CLEAR(조향OFF)|STRAIGHT,,999.00,0.00,0.0,-1.2,4361
158.15,-7.989,-2.874,103.3,0.48,CLEAR(조향OFF)|STRAIGHT,,999.00,0.00,0.0,-1.2,4361
158.20,-7.989,-2.874,103.3,0.48,CLEAR(조향OFF)|STRAIGHT,,999.00,0.00,0.0,-1.2,4344
158.25,-8.018,-2.776,103.3,0.61,CLEAR(조향OFF)|STRAIGHT,,999.00,0.00,0.0,-1.3,4361
158.30,-8.018,-2.776,103.2,0.61,CLEAR(조향OFF)|STRAIGHT,,999.00,0.00,0.0,-1.3,4378
158.35,-8.031,-2.730,103.1,0.47,CLEAR(조향OFF)|STRAIGHT,,999.00,0.00,0.0,-1.2,4361
158.40,-8.031,-2.730,103.2,0.47,CLEAR(조향OFF)|STRAIGHT,,999.00,0.00,0.0,-1.2,4361
158.45,-8.042,-2.686,103.1,0.50,CLEAR(조향OFF)|STRAIGHT,,999.00,0.00,0.0,-1.2,4361
158.50,-8.042,-2.686,103.0,0.50,CLEAR(조향OFF)|STRAIGHT,,999.00,0.00,0.0,-1.1,4344
158.55,-8.051,-2.651,103.0,0.33,CLEAR(조향OFF)|STRAIGHT,,999.00,0.00,0.0,-1.3,4361
158.60,-8.051,-2.651,102.9,0.33,CLEAR(조향OFF)|STRAIGHT,,999.00,0.00,0.0,-1.2,4361
158.65,-8.058,-2.613,102.9,0.43,CLEAR(조향OFF)|STRAIGHT,,999.00,0.00,0.0,-1.2,4361
158.70,-8.058,-2.613,102.8,0.43,CLEAR(조향OFF)|STRAIGHT,,999.00,0.00,0.0,-1.2,4344
158.75,-8.065,-2.583,102.8,0.31,CLEAR(조향OFF)|STRAIGHT,,999.00,0.00,0.0,-1.2,4361
158.80,-8.065,-2.583,102.8,0.31,CLEAR(조향OFF)|STRAIGHT,,999.00,0.00,0.0,-1.2,4361
158.85,-8.065,-2.583,102.8,0.31,CLEAR(조향OFF)|STRAIGHT,,999.00,0.00,0.0,-1.2,4361
158.90,-8.076,-2.553,102.7,0.21,CLEAR(조향OFF)|STRAIGHT,,999.00,0.00,0.0,-1.2,4361
158.95,-8.076,-2.553,102.7,0.21,CLEAR(조향OFF)|STRAIGHT,,999.00,0.00,0.0,-1.2,4378
159.00,-8.076,-2.553,102.7,0.21,CLEAR(조향OFF)|STRAIGHT,,999.00,0.00,0.0,-1.2,4361
159.05,-8.076,-2.553,102.7,0.21,CLEAR(조향OFF)|STRAIGHT,,999.00,0.00,0.0,-1.2,4361
159.10,-8.092,-2.507,102.7,0.28,CLEAR(조향OFF)|STRAIGHT,,999.00,0.00,0.0,-1.2,4361
159.15,-8.098,-2.487,102.7,0.27,CLEAR(조향OFF)|STRAIGHT,,999.00,0.00,0.0,-1.2,4361
159.20,-8.098,-2.487,102.6,0.27,CLEAR(조향OFF)|STRAIGHT,,999.00,0.00,0.0,-1.2,4361
159.25,-8.099,-2.475,102.6,0.11,CLEAR(조향OFF)|STRAIGHT,,999.00,0.00,0.0,-1.2,4361
159.30,-8.099,-2.475,102.6,0.11,CLEAR(조향OFF)|STRAIGHT,,999.00,0.00,0.0,-1.2,4361
159.35,-8.102,-2.464,102.6,0.12,CLEAR(조향OFF)|STRAIGHT,,999.00,0.00,0.0,-1.3,4361
159.40,-8.102,-2.464,102.5,0.12,CLEAR(조향OFF)|STRAIGHT,,999.00,0.00,0.0,-1.3,4361
159.45,-8.107,-2.449,102.5,0.17,CLEAR(조향OFF)|STRAIGHT,,999.00,0.00,0.0,-1.2,4378
159.50,-8.107,-2.449,102.5,0.17,CLEAR(조향OFF)|STRAIGHT,,999.00,0.00,0.0,-1.1,4361
159.55,-8.109,-2.440,102.5,0.08,CLEAR(조향OFF)|STRAIGHT,,999.00,0.00,0.0,-1.2,4361
159.60,-8.109,-2.440,102.5,0.08,CLEAR(조향OFF)|STRAIGHT,,999.00,0.00,0.0,-1.2,4361
159.65,-8.110,-2.436,102.5,0.04,CLEAR(조향OFF)|STRAIGHT,,999.00,0.00,0.0,-1.2,4344
159.70,-8.110,-2.436,102.5,0.04,CLEAR(조향OFF)|STRAIGHT,,999.00,0.00,0.0,-1.3,4378
159.75,-8.108,-2.437,102.5,-0.01,CLEAR(조향OFF)|STRAIGHT,,999.00,0.00,0.0,-1.2,4344
159.80,-8.108,-2.437,102.5,-0.01,CLEAR(조향OFF)|STRAIGHT,,999.00,0.00,0.0,-1.2,4361
159.85,-8.108,-2.437,102.5,-0.01,CLEAR(조향OFF)|STRAIGHT,,999.00,0.00,0.0,-1.2,4361
159.90,-8.108,-2.437,102.5,-0.01,CLEAR(조향OFF)|STRAIGHT,,999.00,0.00,0.0,-1.2,4361
159.95,-8.108,-2.438,102.5,-0.01,CLEAR(조향OFF)|STRAIGHT,,999.00,0.00,0.0,-1.2,4361
160.00,-8.108,-2.438,102.5,-0.01,CLEAR(조향OFF)|STRAIGHT,,999.00,0.00,0.0,-1.2,4361
160.05,-8.108,-2.438,102.5,-0.01,CLEAR(조향OFF)|STRAIGHT,,999.00,0.00,0.0,-1.2,4378
160.10,-8.109,-2.439,102.5,-0.01,CLEAR(조향OFF)|STRAIGHT,,999.00,0.00,0.0,-1.2,4361
160.15,-8.109,-2.439,102.5,-0.00,CLEAR(조향OFF)|STRAIGHT,,999.00,0.00,0.0,-1.2,4361
160.20,-8.109,-2.439,102.5,-0.00,CLEAR(조향OFF)|STRAIGHT,,999.00,0.00,0.0,-1.2,4361
160.25,-8.109,-2.439,102.5,-0.00,CLEAR(조향OFF)|STRAIGHT,,999.00,0.00,0.0,-1.2,4361
160.30,-8.109,-2.440,102.5,-0.01,CLEAR(조향OFF)|STRAIGHT,,999.00,0.00,0.0,-1.2,4361
160.35,-8.108,-2.441,102.5,-0.01,CLEAR(조향OFF)|STRAIGHT,,999.00,0.00,0.0,-1.2,4378
160.40,-8.108,-2.441,102.5,-0.01,CLEAR(조향OFF)|STRAIGHT,,999.00,0.00,0.0,-1.2,4361
160.45,-8.108,-2.441,102.5,0.00,CLEAR(조향OFF)|STRAIGHT,,999.00,0.00,0.0,-1.2,4361
160.50,-8.108,-2.441,102.5,0.00,CLEAR(조향OFF)|STRAIGHT,,999.00,0.00,0.0,-1.2,4378
160.55,-8.110,-2.441,102.5,0.00,CLEAR(조향OFF)|STRAIGHT,,999.00,0.00,0.0,-1.2,4361
160.60,-8.110,-2.441,102.5,0.00,CLEAR(조향OFF)|STRAIGHT,,999.00,0.00,0.0,-1.2,4361
160.65,-8.109,-2.440,102.5,0.01,CLEAR(조향OFF)|STRAIGHT,,999.00,0.00,0.0,-1.2,4361
160.70,-8.109,-2.440,102.5,0.01,CLEAR(조향OFF)|STRAIGHT,,999.00,0.00,0.0,-1.2,4361
160.75,-8.108,-2.441,102.5,-0.02,CLEAR(조향OFF)|STRAIGHT,,999.00,0.00,0.0,-1.2,4361
160.80,-8.108,-2.441,102.5,-0.02,CLEAR(조향OFF)|STRAIGHT,,999.00,0.00,0.0,-1.2,4361
160.85,-8.108,-2.441,102.5,0.00,CLEAR(조향OFF)|STRAIGHT,,999.00,0.00,0.0,-1.2,4378
160.90,-8.108,-2.441,102.5,0.00,CLEAR(조향OFF)|STRAIGHT,,999.00,0.00,0.0,-1.3,4361
160.95,-8.109,-2.441,102.5,0.00,CLEAR(조향OFF)|STRAIGHT,,999.00,0.00,0.0,-1.2,4344
161.00,-8.109,-2.441,102.5,0.00,CLEAR(조향OFF)|STRAIGHT,,999.00,0.00,0.0,-1.2,4361
161.05,-8.109,-2.441,102.5,0.00,CLEAR(조향OFF)|STRAIGHT,,999.00,0.00,0.0,-1.3,4361
161.10,-8.109,-2.441,102.5,0.00,CLEAR(조향OFF)|STRAIGHT,,999.00,0.00,0.0,-1.2,4361
161.15,-8.108,-2.441,102.5,-0.00,CLEAR(조향OFF)|STRAIGHT,,999.00,0.00,0.0,-1.2,4361
161.20,-8.108,-2.441,102.5,-0.00,CLEAR(조향OFF)|STRAIGHT,,999.00,0.00,0.0,-1.2,4361
161.25,-8.109,-2.440,102.5,0.01,CLEAR(조향OFF)|STRAIGHT,,999.00,0.00,0.0,-1.2,4361
161.30,-8.109,-2.440,102.5,0.01,CLEAR(조향OFF)|STRAIGHT,,999.00,0.00,0.0,-1.2,4361
161.35,-8.110,-2.439,102.5,0.00,CLEAR(조향OFF)|STRAIGHT,,999.00,0.00,0.0,-1.2,4361
161.40,-8.110,-2.439,102.6,0.00,CLEAR(조향OFF)|STRAIGHT,,999.00,0.00,0.0,-1.2,4361
161.45,-8.109,-2.435,102.6,0.04,CLEAR(조향OFF)|STRAIGHT,,999.00,0.00,0.0,-1.2,4361
161.50,-8.109,-2.435,102.6,0.04,CLEAR(조향OFF)|STRAIGHT,,999.00,0.00,0.0,-1.2,4361
161.55,-8.109,-2.438,102.5,-0.03,CLEAR(조향OFF)|STRAIGHT,,999.00,0.00,0.0,-1.2,4361
161.60,-8.109,-2.438,102.5,-0.03,CLEAR(조향OFF)|STRAIGHT,,999.00,0.00,0.0,-1.2,4361
161.65,-8.108,-2.438,102.5,-0.00,CLEAR(조향OFF)|STRAIGHT,,999.00,0.00,0.0,-1.2,4361
161.70,-8.108,-2.438,102.5,-0.00,CLEAR(조향OFF)|STRAIGHT,,999.00,0.00,0.0,-1.2,4361
161.75,-8.109,-2.437,102.5,0.02,CLEAR(조향OFF)|STRAIGHT,,999.00,0.00,0.0,-1.2,4361
161.80,-8.109,-2.437,102.6,0.02,CLEAR(조향OFF)|STRAIGHT,,999.00,0.00,0.0,-1.2,4361
161.85,-8.108,-2.438,102.6,-0.01,CLEAR(조향OFF)|STRAIGHT,,999.00,0.00,0.0,-1.2,4361
161.90,-8.108,-2.438,102.6,-0.01,CLEAR(조향OFF)|STRAIGHT,,999.00,0.00,0.0,-1.2,4361
161.95,-8.108,-2.437,102.6,0.01,CLEAR(조향OFF)|STRAIGHT,,999.00,0.00,0.0,-1.2,4361
162.00,-8.108,-2.437,102.6,0.01,CLEAR(조향OFF)|STRAIGHT,,999.00,0.00,0.0,-1.1,4361
162.05,-8.109,-2.437,102.6,-0.00,CLEAR(조향OFF)|STRAIGHT,,999.00,0.00,0.0,-1.2,4378
162.10,-8.109,-2.437,102.6,-0.00,CLEAR(조향OFF)|STRAIGHT,,999.00,0.00,0.0,-1.2,4378
162.15,-8.108,-2.438,102.6,-0.01,CLEAR(조향OFF)|STRAIGHT,,999.00,0.00,0.0,-1.2,4378
162.20,-8.108,-2.438,102.6,-0.01,CLEAR(조향OFF)|STRAIGHT,,999.00,0.00,0.0,-1.2,4361
162.25,-8.108,-2.438,102.6,0.01,CLEAR(조향OFF)|STRAIGHT,,999.00,0.00,0.0,-1.2,4361
162.30,-8.108,-2.438,102.6,0.01,CLEAR(조향OFF)|STRAIGHT,,999.00,0.00,0.0,-1.2,4378
162.35,-8.108,-2.437,102.6,0.01,CLEAR(조향OFF)|STRAIGHT,,999.00,0.00,0.0,-1.1,4361
162.40,-8.108,-2.437,102.6,0.01,CLEAR(조향OFF)|STRAIGHT,,999.00,0.00,0.0,-1.2,4361
162.45,-8.110,-2.438,102.6,-0.00,CLEAR(조향OFF)|STRAIGHT,,999.00,0.00,0.0,-1.2,4361
162.50,-8.110,-2.438,102.6,-0.00,CLEAR(조향OFF)|STRAIGHT,,999.00,0.00,0.0,-1.2,4361
162.55,-8.109,-2.439,102.6,-0.02,CLEAR(조향OFF)|STRAIGHT,,999.00,0.00,0.0,-1.2,4378
162.60,-8.109,-2.439,102.6,-0.02,CLEAR(조향OFF)|STRAIGHT,,999.00,0.00,0.0,-1.2,4361
162.65,-8.108,-2.438,102.6,0.01,CLEAR(조향OFF)|STRAIGHT,,999.00,0.00,0.0,-1.2,4378
162.70,-8.108,-2.438,102.6,0.01,CLEAR(조향OFF)|STRAIGHT,,999.00,0.00,0.0,-1.2,4361
162.75,-8.108,-2.436,102.6,0.02,CLEAR(조향OFF)|STRAIGHT,,999.00,0.00,0.0,-1.2,4378
162.80,-8.108,-2.436,102.6,0.02,CLEAR(조향OFF)|STRAIGHT,,999.00,0.00,0.0,-1.2,4361
162.85,-8.109,-2.439,102.6,-0.02,CLEAR(조향OFF)|STRAIGHT,,999.00,0.00,0.0,-1.2,4361
162.90,-8.109,-2.439,102.6,-0.02,CLEAR(조향OFF)|STRAIGHT,,999.00,0.00,0.0,-1.2,4361
162.95,-8.108,-2.440,102.6,-0.02,CLEAR(조향OFF)|STRAIGHT,,999.00,0.00,0.0,-1.3,4361
163.00,-8.108,-2.440,102.6,-0.02,CLEAR(조향OFF)|STRAIGHT,,999.00,0.00,0.0,-1.2,4361
163.05,-8.110,-2.437,102.6,0.03,CLEAR(조향OFF)|STRAIGHT,,999.00,0.00,0.0,-1.2,4361
163.10,-8.110,-2.437,102.6,0.03,CLEAR(조향OFF)|STRAIGHT,,999.00,0.00,0.0,-1.2,4344
163.15,-8.109,-2.438,102.6,-0.01,CLEAR(조향OFF)|STRAIGHT,,999.00,0.00,0.0,-1.3,4378
163.20,-8.109,-2.438,102.6,-0.01,CLEAR(조향OFF)|STRAIGHT,,999.00,0.00,0.0,-1.2,4361
163.25,-8.110,-2.438,102.6,0.01,CLEAR(조향OFF)|STRAIGHT,,999.00,0.00,0.0,-1.2,4361
163.30,-8.110,-2.438,102.6,0.01,CLEAR(조향OFF)|STRAIGHT,,999.00,0.00,0.0,-1.2,4361
163.35,-8.109,-2.438,102.6,-0.00,CLEAR(조향OFF)|STRAIGHT,,999.00,0.00,0.0,-1.2,4378
163.40,-8.109,-2.438,102.6,-0.00,CLEAR(조향OFF)|STRAIGHT,,999.00,0.00,0.0,-1.2,4344
163.45,-8.108,-2.438,102.6,-0.01,CLEAR(조향OFF)|STRAIGHT,,999.00,0.00,0.0,-1.3,4378
163.50,-8.108,-2.438,102.6,-0.01,CLEAR(조향OFF)|STRAIGHT,,999.00,0.00,0.0,-1.2,4361
163.55,-8.110,-2.440,102.6,-0.01,CLEAR(조향OFF)|STRAIGHT,,999.00,0.00,0.0,-1.2,4378
163.60,-8.110,-2.440,102.6,-0.01,CLEAR(조향OFF)|STRAIGHT,,999.00,0.00,0.0,-1.2,4361
163.65,-8.110,-2.440,102.6,-0.00,CLEAR(조향OFF)|STRAIGHT,,999.00,0.00,0.0,-1.2,4361
163.70,-8.110,-2.440,102.6,-0.00,CLEAR(조향OFF)|STRAIGHT,,999.00,0.00,0.0,-1.2,4361
163.75,-8.109,-2.438,102.6,0.02,CLEAR(조향OFF)|STRAIGHT,,999.00,0.00,0.0,-1.2,4361
163.80,-8.109,-2.438,102.6,0.02,CLEAR(조향OFF)|STRAIGHT,,999.00,0.00,0.0,-1.2,4378
163.85,-8.110,-2.439,102.6,-0.01,CLEAR(조향OFF)|STRAIGHT,,999.00,0.00,0.0,-1.2,4378
163.90,-8.110,-2.439,102.6,-0.01,CLEAR(조향OFF)|STRAIGHT,,999.00,0.00,0.0,-1.2,4361
163.95,-8.108,-2.439,102.6,0.00,CLEAR(조향OFF)|STRAIGHT,,999.00,0.00,0.0,-1.2,4378
164.00,-8.108,-2.439,102.6,0.00,CLEAR(조향OFF)|STRAIGHT,,999.00,0.00,0.0,-1.2,4361
164.05,-8.108,-2.437,102.6,0.01,CLEAR(조향OFF)|STRAIGHT,,999.00,0.00,0.0,-1.2,4361
164.10,-8.108,-2.437,102.6,0.01,CLEAR(조향OFF)|STRAIGHT,,999.00,0.00,0.0,-1.2,4378
164.15,-8.109,-2.438,102.6,-0.00,CLEAR(조향OFF)|STRAIGHT,,999.00,0.00,0.0,-1.2,4361
164.20,-8.109,-2.438,102.6,-0.00,CLEAR(조향OFF)|STRAIGHT,,999.00,0.00,0.0,-1.2,4361
164.25,-8.109,-2.438,102.6,-0.00,CLEAR(조향OFF)|STRAIGHT,,999.00,0.00,0.0,-1.2,4378
164.30,-8.108,-2.439,102.6,-0.01,CLEAR(조향OFF)|STRAIGHT,,999.00,0.00,0.0,-1.1,4361
164.35,-8.109,-2.438,102.6,0.01,CLEAR(조향OFF)|STRAIGHT,,999.00,0.00,0.0,-1.1,4361
164.40,-8.109,-2.438,102.6,0.01,CLEAR(조향OFF)|STRAIGHT,,999.00,0.00,0.0,-1.3,4361
164.45,-8.110,-2.438,102.6,-0.00,CLEAR(조향OFF)|STRAIGHT,,999.00,0.00,0.0,-1.1,4378
164.50,-8.110,-2.438,102.6,-0.00,CLEAR(조향OFF)|STRAIGHT,,999.00,0.00,0.0,-1.2,4378
164.55,-8.109,-2.438,102.6,-0.00,CLEAR(조향OFF)|STRAIGHT,,999.00,0.00,0.0,-1.3,4378
164.60,-8.109,-2.438,102.6,-0.00,CLEAR(조향OFF)|STRAIGHT,,999.00,0.00,0.0,-1.2,4361
164.65,-8.109,-2.437,102.6,0.01,CLEAR(조향OFF)|STRAIGHT,,999.00,0.00,0.0,-1.2,4361
164.70,-8.109,-2.437,102.6,0.01,CLEAR(조향OFF)|STRAIGHT,,999.00,0.00,0.0,-1.2,4378
164.75,-8.110,-2.437,102.6,0.00,CLEAR(조향OFF)|STRAIGHT,,999.00,0.00,0.0,-1.2,4378
164.80,-8.110,-2.437,102.6,0.00,CLEAR(조향OFF)|STRAIGHT,,999.00,0.00,0.0,-1.1,4361
164.85,-8.109,-2.438,102.6,-0.01,CLEAR(조향OFF)|STRAIGHT,,999.00,0.00,0.0,-1.2,4378
164.90,-8.109,-2.438,102.6,-0.01,CLEAR(조향OFF)|STRAIGHT,,999.00,0.00,0.0,-1.2,4378
164.95,-8.109,-2.437,102.6,0.01,CLEAR(조향OFF)|STRAIGHT,,999.00,0.00,0.0,-1.2,4378
165.00,-8.109,-2.437,102.6,0.01,CLEAR(조향OFF)|STRAIGHT,,999.00,0.00,0.0,-1.2,4378
165.05,-8.109,-2.437,102.6,0.00,CLEAR(조향OFF)|STRAIGHT,,999.00,0.00,0.0,-1.2,4361
165.10,-8.109,-2.437,102.7,0.00,CLEAR(조향OFF)|STRAIGHT,,999.00,0.00,0.0,-1.2,4361
165.15,-8.109,-2.437,102.7,0.01,CLEAR(조향OFF)|STRAIGHT,,999.00,0.00,0.0,-1.2,4361
165.20,-8.109,-2.437,102.7,0.01,CLEAR(조향OFF)|STRAIGHT,,999.00,0.00,0.0,-1.2,4361
165.25,-8.109,-2.437,102.7,-0.00,CLEAR(조향OFF)|STRAIGHT,,999.00,0.00,0.0,-1.2,4361
165.30,-8.109,-2.437,102.6,-0.00,CLEAR(조향OFF)|STRAIGHT,,999.00,0.00,0.0,-1.3,4378
165.35,-8.109,-2.437,102.7,-0.01,CLEAR(조향OFF)|STRAIGHT,,999.00,0.00,0.0,-1.2,4378
165.40,-8.109,-2.437,102.7,-0.01,CLEAR(조향OFF)|STRAIGHT,,999.00,0.00,0.0,-1.3,4361
165.45,-8.108,-2.437,102.7,0.00,CLEAR(조향OFF)|STRAIGHT,,999.00,0.00,0.0,-1.2,4378
165.50,-8.108,-2.437,102.7,0.00,CLEAR(조향OFF)|STRAIGHT,,999.00,0.00,0.0,-1.2,4378
165.55,-8.109,-2.437,102.7,-0.00,CLEAR(조향OFF)|STRAIGHT,,999.00,0.00,0.0,-1.2,4378
165.60,-8.109,-2.437,102.7,-0.00,CLEAR(조향OFF)|STRAIGHT,,999.00,0.00,0.0,-1.2,4361
165.65,-8.109,-2.438,102.7,-0.00,CLEAR(조향OFF)|STRAIGHT,,999.00,0.00,0.0,-1.2,4361
165.70,-8.109,-2.438,102.7,-0.00,CLEAR(조향OFF)|STRAIGHT,,999.00,0.00,0.0,-1.2,4361
165.75,-8.107,-2.436,102.7,0.01,CLEAR(조향OFF)|STRAIGHT,,999.00,0.00,0.0,-1.2,4361
165.80,-8.107,-2.436,102.7,0.01,CLEAR(조향OFF)|STRAIGHT,,999.00,0.00,0.0,-1.2,4361
165.85,-8.109,-2.435,102.7,0.02,CLEAR(조향OFF)|STRAIGHT,,999.00,0.00,0.0,-1.2,4361
165.90,-8.109,-2.435,102.7,0.02,CLEAR(조향OFF)|STRAIGHT,,999.00,0.00,0.0,-1.2,4361
165.95,-8.110,-2.437,102.7,-0.02,CLEAR(조향OFF)|STRAIGHT,,999.00,0.00,0.0,-1.2,4361
166.00,-8.110,-2.437,102.7,-0.02,CLEAR(조향OFF)|STRAIGHT,,999.00,0.00,0.0,-1.2,4361
166.05,-8.110,-2.437,102.7,-0.02,CLEAR(조향OFF)|STRAIGHT,,999.00,0.00,0.0,-1.2,4361
166.10,-8.108,-2.437,102.7,-0.00,CLEAR(조향OFF)|STRAIGHT,,999.00,0.00,0.0,-1.2,4361
166.15,-8.110,-2.438,102.7,-0.01,CLEAR(조향OFF)|STRAIGHT,,999.00,0.00,0.0,-1.3,4361
166.20,-8.110,-2.438,102.7,-0.01,CLEAR(조향OFF)|STRAIGHT,,999.00,0.00,0.0,-1.2,4378
166.25,-8.108,-2.437,102.7,-0.00,CLEAR(조향OFF)|STRAIGHT,,999.00,0.00,0.0,-1.2,4378
166.30,-8.108,-2.437,102.7,-0.00,CLEAR(조향OFF)|STRAIGHT,,999.00,0.00,0.0,-1.2,4378
166.35,-8.109,-2.437,102.7,0.01,CLEAR(조향OFF)|STRAIGHT,,999.00,0.00,0.0,-1.2,4361
166.40,-8.109,-2.437,102.7,0.01,CLEAR(조향OFF)|STRAIGHT,,999.00,0.00,0.0,-1.2,4361
166.45,-8.110,-2.438,102.7,-0.01,CLEAR(조향OFF)|STRAIGHT,,999.00,0.00,0.0,-1.2,4361
166.50,-8.110,-2.438,102.7,-0.01,CLEAR(조향OFF)|STRAIGHT,,999.00,0.00,0.0,-1.2,4361
166.55,-8.109,-2.438,102.7,-0.00,CLEAR(조향OFF)|STRAIGHT,,999.00,0.00,0.0,-1.2,4361
166.60,-8.109,-2.438,102.7,-0.00,CLEAR(조향OFF)|STRAIGHT,,999.00,0.00,0.0,-1.2,4361
166.65,-8.109,-2.440,102.7,-0.02,CLEAR(조향OFF)|STRAIGHT,,999.00,0.00,0.0,-1.2,4378
166.70,-8.109,-2.440,102.7,-0.02,CLEAR(조향OFF)|STRAIGHT,,999.00,0.00,0.0,-1.2,4361
166.75,-8.110,-2.439,102.7,0.01,CLEAR(조향OFF)|STRAIGHT,,999.00,0.00,0.0,-1.2,4361
166.80,-8.110,-2.439,102.7,0.01,CLEAR(조향OFF)|STRAIGHT,,999.00,0.00,0.0,-1.2,4361
166.85,-8.108,-2.440,102.7,-0.01,CLEAR(조향OFF)|STRAIGHT,,999.00,0.00,0.0,-1.2,4361
166.90,-8.108,-2.440,102.7,-0.01,CLEAR(조향OFF)|STRAIGHT,,999.00,0.00,0.0,-1.2,4378
166.95,-8.109,-2.440,102.7,0.00,CLEAR(조향OFF)|STRAIGHT,,999.00,0.00,0.0,-1.3,4361
167.00,-8.109,-2.440,102.7,0.00,CLEAR(조향OFF)|STRAIGHT,,999.00,0.00,0.0,-1.2,4378
167.05,-8.109,-2.439,102.7,0.01,CLEAR(조향OFF)|STRAIGHT,,999.00,0.00,0.0,-1.2,4361
167.10,-8.109,-2.439,102.7,0.01,CLEAR(조향OFF)|STRAIGHT,,999.00,0.00,0.0,-1.2,4361
167.15,-8.109,-2.438,102.7,0.01,CLEAR(조향OFF)|STRAIGHT,,999.00,0.00,0.0,-1.2,4361
167.20,-8.109,-2.438,102.7,0.01,CLEAR(조향OFF)|STRAIGHT,,999.00,0.00,0.0,-1.2,4378
167.25,-8.110,-2.437,102.7,0.02,CLEAR(조향OFF)|STRAIGHT,,999.00,0.00,0.0,-1.2,4361
167.30,-8.110,-2.437,102.7,0.02,CLEAR(조향OFF)|STRAIGHT,,999.00,0.00,0.0,-1.2,4361
167.35,-8.109,-2.438,102.7,-0.02,CLEAR(조향OFF)|STRAIGHT,,999.00,0.00,0.0,-1.2,4395
167.40,-8.109,-2.438,102.7,-0.02,CLEAR(조향OFF)|STRAIGHT,,999.00,0.00,0.0,-1.2,4378
167.45,-8.109,-2.437,102.7,0.01,CLEAR(조향OFF)|STRAIGHT,,999.00,0.00,0.0,-1.2,4361
167.50,-8.109,-2.437,102.7,0.01,CLEAR(조향OFF)|STRAIGHT,,999.00,0.00,0.0,-1.2,4361
167.55,-8.108,-2.438,102.7,-0.01,CLEAR(조향OFF)|STRAIGHT,,999.00,0.00,0.0,-1.2,4361
167.60,-8.108,-2.438,102.7,-0.01,CLEAR(조향OFF)|STRAIGHT,,999.00,0.00,0.0,-1.2,4378
167.65,-8.109,-2.439,102.7,-0.01,CLEAR(조향OFF)|STRAIGHT,,999.00,0.00,0.0,-1.3,4395
167.70,-8.109,-2.439,102.7,-0.01,CLEAR(조향OFF)|STRAIGHT,,999.00,0.00,0.0,-1.2,4361
167.75,-8.107,-2.438,102.7,-0.00,CLEAR(조향OFF)|STRAIGHT,,999.00,0.00,0.0,-1.3,4361
167.80,-8.107,-2.438,102.7,-0.00,CLEAR(조향OFF)|STRAIGHT,,999.00,0.00,0.0,-1.2,4361
167.85,-8.108,-2.437,102.7,0.01,CLEAR(조향OFF)|STRAIGHT,,999.00,0.00,0.0,-1.2,4361
167.90,-8.108,-2.437,102.7,0.01,CLEAR(조향OFF)|STRAIGHT,,999.00,0.00,0.0,-1.2,4378
167.95,-8.109,-2.440,102.7,-0.02,CLEAR(조향OFF)|STRAIGHT,,999.00,0.00,0.0,-1.2,4378
168.00,-8.109,-2.440,102.7,-0.02,CLEAR(조향OFF)|STRAIGHT,,999.00,0.00,0.0,-1.2,4361
168.05,-8.108,-2.439,102.7,0.01,CLEAR(조향OFF)|STRAIGHT,,999.00,0.00,0.0,-1.2,4361
168.10,-8.108,-2.439,102.7,0.01,CLEAR(조향OFF)|STRAIGHT,,999.00,0.00,0.0,-1.3,4361
168.15,-8.107,-2.438,102.7,0.01,CLEAR(조향OFF)|STRAIGHT,,999.00,0.00,0.0,-1.2,4361
168.20,-8.107,-2.438,102.7,0.01,CLEAR(조향OFF)|STRAIGHT,,999.00,0.00,0.0,-1.2,4378
168.25,-8.108,-2.438,102.7,0.00,CLEAR(조향OFF)|STRAIGHT,,999.00,0.00,0.0,-1.3,4378
168.30,-8.108,-2.438,102.7,0.00,CLEAR(조향OFF)|STRAIGHT,,999.00,0.00,0.0,-1.2,4378
168.35,-8.107,-2.440,102.7,-0.02,CLEAR(조향OFF)|STRAIGHT,,999.00,0.00,0.0,-1.2,4378
168.40,-8.107,-2.440,102.7,-0.02,CLEAR(조향OFF)|STRAIGHT,,999.00,0.00,0.0,-1.2,4361
168.45,-8.108,-2.439,102.7,0.01,CLEAR(조향OFF)|STRAIGHT,,999.00,0.00,0.0,-1.2,4378
168.50,-8.108,-2.439,102.7,0.01,CLEAR(조향OFF)|STRAIGHT,,999.00,0.00,0.0,-1.2,4361
168.55,-8.108,-2.440,102.7,-0.01,CLEAR(조향OFF)|STRAIGHT,,999.00,0.00,0.0,-1.2,4361
168.60,-8.108,-2.440,102.7,-0.01,CLEAR(조향OFF)|STRAIGHT,,999.00,0.00,0.0,-1.2,4361
168.65,-8.109,-2.440,102.7,0.01,CLEAR(조향OFF)|STRAIGHT,,999.00,0.00,0.0,-1.2,4361
168.70,-8.109,-2.440,102.7,0.01,CLEAR(조향OFF)|STRAIGHT,,999.00,0.00,0.0,-1.2,4378
168.75,-8.105,-2.440,102.7,-0.01,CLEAR(조향OFF)|STRAIGHT,,999.00,0.00,0.0,-1.2,4361
168.80,-8.105,-2.440,102.7,-0.01,CLEAR(조향OFF)|STRAIGHT,,999.00,0.00,0.0,-1.2,4361
168.85,-8.104,-2.442,102.7,-0.02,CLEAR(조향OFF)|STRAIGHT,,999.00,0.00,0.0,-1.2,4361
168.90,-8.104,-2.442,102.7,-0.02,CLEAR(조향OFF)|STRAIGHT,,999.00,0.00,0.0,-1.2,4361
168.95,-8.105,-2.441,102.7,0.01,CLEAR(조향OFF)|STRAIGHT,,999.00,0.00,0.0,-1.2,4361
169.00,-8.105,-2.441,102.7,0.01,CLEAR(조향OFF)|STRAIGHT,,999.00,0.00,0.0,-1.2,4361
169.05,-8.104,-2.444,102.7,-0.03,CLEAR(조향OFF)|STRAIGHT,,999.00,0.00,0.0,-1.2,4361
169.10,-8.104,-2.444,102.7,-0.03,CLEAR(조향OFF)|STRAIGHT,,999.00,0.00,0.0,-1.2,4361
169.15,-8.103,-2.446,102.7,-0.03,CLEAR(조향OFF)|STRAIGHT,,999.00,0.00,0.0,-1.2,4361
169.20,-8.103,-2.446,102.7,-0.03,CLEAR(조향OFF)|STRAIGHT,,999.00,0.00,0.0,-1.2,4378
169.25,-8.104,-2.443,102.7,0.04,CLEAR(조향OFF)|STRAIGHT,,999.00,0.00,0.0,-1.2,4395
169.30,-8.104,-2.443,102.7,0.04,CLEAR(조향OFF)|STRAIGHT,,999.00,0.00,0.0,-1.2,4378
169.35,-8.104,-2.441,102.7,0.01,CLEAR(조향OFF)|STRAIGHT,,999.00,0.00,0.0,-1.2,4378
169.40,-8.104,-2.441,102.7,0.01,CLEAR(조향OFF)|STRAIGHT,,999.00,0.00,0.0,-1.2,4378
169.45,-8.103,-2.443,102.7,-0.01,CLEAR(조향OFF)|STRAIGHT,,999.00,0.00,0.0,-1.2,4361
169.50,-8.103,-2.443,102.7,-0.01,CLEAR(조향OFF)|STRAIGHT,,999.00,0.00,0.0,-1.2,4378
169.55,-8.104,-2.442,102.7,0.01,CLEAR(조향OFF)|STRAIGHT,,999.00,0.00,0.0,-1.2,4378
169.60,-8.104,-2.442,102.7,0.01,CLEAR(조향OFF)|STRAIGHT,,999.00,0.00,0.0,-1.2,4378
169.65,-8.103,-2.440,102.7,0.01,CLEAR(조향OFF)|STRAIGHT,,999.00,0.00,0.0,-1.2,4361
169.70,-8.103,-2.440,102.7,0.01,CLEAR(조향OFF)|STRAIGHT,,999.00,0.00,0.0,-1.2,4361
169.75,-8.103,-2.440,102.7,-0.00,CLEAR(조향OFF)|STRAIGHT,,999.00,0.00,0.0,-1.2,4361
169.80,-8.103,-2.440,102.7,-0.00,CLEAR(조향OFF)|STRAIGHT,,999.00,0.00,0.0,-1.2,4378
169.85,-8.104,-2.440,102.7,0.01,CLEAR(조향OFF)|STRAIGHT,,999.00,0.00,0.0,-1.2,4361
169.90,-8.104,-2.440,102.7,0.01,CLEAR(조향OFF)|STRAIGHT,,999.00,0.00,0.0,-1.2,4361
169.95,-8.104,-2.442,102.7,-0.02,CLEAR(조향OFF)|STRAIGHT,,999.00,0.00,0.0,-1.2,4361
170.00,-8.104,-2.442,102.7,-0.02,CLEAR(조향OFF)|STRAIGHT,,999.00,0.00,0.0,-1.3,4378
170.05,-8.104,-2.441,102.7,0.01,CLEAR(조향OFF)|STRAIGHT,,999.00,0.00,0.0,-1.3,4361
170.10,-8.104,-2.441,102.7,0.01,CLEAR(조향OFF)|STRAIGHT,,999.00,0.00,0.0,-1.2,4378
170.15,-8.104,-2.439,102.7,0.02,CLEAR(조향OFF)|STRAIGHT,,999.00,0.00,0.0,-1.2,4378
170.20,-8.104,-2.439,102.7,0.02,CLEAR(조향OFF)|STRAIGHT,,999.00,0.00,0.0,-1.3,4378
170.25,-8.104,-2.441,102.7,-0.01,CLEAR(조향OFF)|STRAIGHT,,999.00,0.00,0.0,-1.3,4361
170.30,-8.104,-2.441,102.7,-0.01,CLEAR(조향OFF)|STRAIGHT,,999.00,0.00,0.0,-1.3,4378
170.35,-8.105,-2.440,102.7,0.01,CLEAR(조향OFF)|STRAIGHT,,999.00,0.00,0.0,-1.2,4378
170.40,-8.105,-2.440,102.7,0.01,CLEAR(조향OFF)|STRAIGHT,,999.00,0.00,0.0,-1.1,4378
170.45,-8.103,-2.441,102.7,-0.01,CLEAR(조향OFF)|STRAIGHT,,999.00,0.00,0.0,-1.2,4378
170.50,-8.103,-2.441,102.7,-0.01,CLEAR(조향OFF)|STRAIGHT,,999.00,0.00,0.0,-1.2,4378
170.55,-8.103,-2.441,102.7,0.00,CLEAR(조향OFF)|STRAIGHT,,999.00,0.00,0.0,-1.3,4361
170.60,-8.103,-2.441,102.7,0.00,CLEAR(조향OFF)|STRAIGHT,,999.00,0.00,0.0,-1.2,4361
170.65,-8.104,-2.441,102.7,-0.00,CLEAR(조향OFF)|STRAIGHT,,999.00,0.00,0.0,-1.2,4378
170.70,-8.104,-2.441,102.7,-0.00,CLEAR(조향OFF)|STRAIGHT,,999.00,0.00,0.0,-1.2,4361
170.75,-8.104,-2.441,102.7,0.00,CLEAR(조향OFF)|STRAIGHT,,999.00,0.00,0.0,-1.2,4378
170.80,-8.104,-2.441,102.7,0.00,CLEAR(조향OFF)|STRAIGHT,,999.00,0.00,0.0,-1.2,4361
170.85,-8.100,-2.440,102.7,0.00,CLEAR(조향OFF)|STRAIGHT,,999.00,0.00,0.0,-1.3,4361
170.90,-8.100,-2.440,102.7,0.00,CLEAR(조향OFF)|STRAIGHT,,999.00,0.00,0.0,-1.2,4361
170.95,-8.107,-2.439,102.7,0.02,CLEAR(조향OFF)|STRAIGHT,,999.00,0.00,0.0,-1.2,4378
171.00,-8.107,-2.439,102.7,0.02,CLEAR(조향OFF)|STRAIGHT,,999.00,0.00,0.0,-1.2,4378
171.05,-8.107,-2.439,102.7,0.02,CLEAR(조향OFF)|STRAIGHT,,999.00,0.00,0.0,-1.2,4361
171.10,-8.105,-2.441,102.7,-0.02,CLEAR(조향OFF)|STRAIGHT,,999.00,0.00,0.0,-1.2,4378
171.15,-8.106,-2.436,102.7,0.05,CLEAR(조향OFF)|STRAIGHT,,999.00,0.00,0.0,-1.2,4378
171.20,-8.106,-2.436,102.7,0.05,CLEAR(조향OFF)|STRAIGHT,,999.00,0.00,0.0,-1.1,4361
171.25,-8.107,-2.436,102.7,0.01,CLEAR(조향OFF)|STRAIGHT,,999.00,0.00,0.0,-1.3,4361
171.30,-8.107,-2.436,102.7,0.01,CLEAR(조향OFF)|STRAIGHT,,999.00,0.00,0.0,-1.2,4361
171.35,-8.107,-2.438,102.7,-0.02,CLEAR(조향OFF)|STRAIGHT,,999.00,0.00,0.0,-1.2,4361
171.40,-8.107,-2.438,102.7,-0.02,CLEAR(조향OFF)|STRAIGHT,,999.00,0.00,0.0,-1.3,4361
171.45,-8.104,-2.439,102.7,-0.02,CLEAR(조향OFF)|STRAIGHT,,999.00,0.00,0.0,-1.2,4361
171.50,-8.104,-2.439,102.7,-0.02,CLEAR(조향OFF)|STRAIGHT,,999.00,0.00,0.0,-1.2,4378
171.55,-8.107,-2.438,102.7,0.02,CLEAR(조향OFF)|STRAIGHT,,999.00,0.00,0.0,-1.2,4361
171.60,-8.107,-2.438,102.7,0.02,CLEAR(조향OFF)|STRAIGHT,,999.00,0.00,0.0,-1.2,4361
171.65,-8.107,-2.435,102.7,0.03,CLEAR(조향OFF)|STRAIGHT,,999.00,0.00,0.0,-1.3,4378
171.70,-8.107,-2.435,102.7,0.03,CLEAR(조향OFF)|STRAIGHT,,999.00,0.00,0.0,-1.3,4361
171.75,-8.101,-2.440,102.7,-0.06,CLEAR(조향OFF)|STRAIGHT,,999.00,0.00,0.0,-1.2,4378
171.80,-8.101,-2.440,102.7,-0.06,CLEAR(조향OFF)|STRAIGHT,,999.00,0.00,0.0,-1.2,4361
171.85,-8.103,-2.445,102.7,-0.04,CLEAR(조향OFF)|STRAIGHT,,999.00,0.00,0.0,-1.3,4361
171.90,-8.103,-2.445,102.7,-0.04,CLEAR(조향OFF)|STRAIGHT,,999.00,0.00,0.0,-1.2,4378
171.95,-8.103,-2.443,102.7,0.01,CLEAR(조향OFF)|STRAIGHT,,999.00,0.00,0.0,-1.2,4378
172.00,-8.103,-2.443,102.7,0.01,CLEAR(조향OFF)|STRAIGHT,,999.00,0.00,0.0,-1.2,4361
172.05,-8.103,-2.443,102.7,0.01,CLEAR(조향OFF)|STRAIGHT,,999.00,0.00,0.0,-1.2,4378
172.10,-8.102,-2.445,102.7,-0.01,CLEAR(조향OFF)|STRAIGHT,,999.00,0.00,0.0,-1.2,4361
172.15,-8.102,-2.443,102.7,0.02,CLEAR(조향OFF)|STRAIGHT,,999.00,0.00,0.0,-1.3,4378
172.20,-8.102,-2.443,102.7,0.02,CLEAR(조향OFF)|STRAIGHT,,999.00,0.00,0.0,-1.2,4361
172.25,-8.102,-2.443,102.7,0.00,CLEAR(조향OFF)|STRAIGHT,,999.00,0.00,0.0,-1.2,4378
172.30,-8.102,-2.443,102.7,0.00,CLEAR(조향OFF)|STRAIGHT,,999.00,0.00,0.0,-1.2,4378
172.35,-8.102,-2.443,102.7,0.00,CLEAR(조향OFF)|STRAIGHT,,999.00,0.00,0.0,-1.2,4378
172.40,-8.102,-2.443,102.7,0.00,CLEAR(조향OFF)|STRAIGHT,,999.00,0.00,0.0,-1.2,4378
172.45,-8.102,-2.443,102.7,0.00,CLEAR(조향OFF)|STRAIGHT,,999.00,0.00,0.0,-1.2,4378
172.50,-8.102,-2.443,102.7,0.00,CLEAR(조향OFF)|STRAIGHT,,999.00,0.00,0.0,-1.2,4378
172.55,-8.102,-2.443,102.7,0.00,CLEAR(조향OFF)|STRAIGHT,,999.00,0.00,0.0,-1.2,4378
172.60,-8.102,-2.443,102.7,0.00,CLEAR(조향OFF)|STRAIGHT,,999.00,0.00,0.0,-1.2,4378
172.65,-8.102,-2.443,102.7,0.00,CLEAR(조향OFF)|STRAIGHT,,999.00,0.00,0.0,-1.2,4378
172.70,-8.102,-2.443,102.7,0.00,CLEAR(조향OFF)|STRAIGHT,,999.00,0.00,0.0,-1.2,4378
172.75,-8.102,-2.443,102.7,0.00,CLEAR(조향OFF)|STRAIGHT,,999.00,0.00,0.0,-1.2,4378
172.80,-8.102,-2.443,102.7,0.00,CLEAR(조향OFF)|STRAIGHT,,999.00,0.00,0.0,-1.2,4378
172.85,-8.102,-2.443,102.7,0.00,CLEAR(조향OFF)|STRAIGHT,,999.00,0.00,0.0,-1.2,4378
172.90,-8.102,-2.443,102.7,0.00,CLEAR(조향OFF)|STRAIGHT,,999.00,0.00,0.0,-1.2,4378
172.95,-8.102,-2.443,102.7,0.00,CLEAR(조향OFF)|STRAIGHT,,999.00,0.00,0.0,-1.2,4378
173.00,-8.102,-2.443,102.7,0.00,CLEAR(조향OFF)|STRAIGHT,,999.00,0.00,0.0,-1.2,4378
173.05,-8.102,-2.443,102.7,0.00,CLEAR(조향OFF)|STRAIGHT,,999.00,0.00,0.0,-1.2,4378
173.10,-8.102,-2.443,102.7,0.00,CLEAR(조향OFF)|STRAIGHT,,999.00,0.00,0.0,-1.2,4378
173.15,-8.102,-2.443,102.7,0.00,CLEAR(조향OFF)|STRAIGHT,,999.00,0.00,0.0,-1.2,4378
173.20,-8.102,-2.443,102.7,0.00,CLEAR(조향OFF)|STRAIGHT,,999.00,0.00,0.0,-1.2,4378
173.25,-8.102,-2.443,102.7,0.00,CLEAR(조향OFF)|STRAIGHT,,999.00,0.00,0.0,-1.2,4378
173.30,-8.102,-2.443,102.7,0.00,CLEAR(조향OFF)|STRAIGHT,,999.00,0.00,0.0,-1.2,4378
173.35,-8.102,-2.443,102.7,0.00,CLEAR(조향OFF)|STRAIGHT,,999.00,0.00,0.0,-1.2,4378
173.40,-8.102,-2.443,102.7,0.00,CLEAR(조향OFF)|STRAIGHT,,999.00,0.00,0.0,-1.2,4378
173.45,-8.102,-2.443,102.7,0.00,CLEAR(조향OFF)|STRAIGHT,,999.00,0.00,0.0,-1.2,4378
173.50,-8.102,-2.443,102.7,0.00,CLEAR(조향OFF)|STRAIGHT,,999.00,0.00,0.0,-1.2,4378
173.55,-8.102,-2.443,102.7,0.00,CLEAR(조향OFF)|STRAIGHT,,999.00,0.00,0.0,-1.2,4378
173.60,-8.102,-2.443,102.7,0.00,CLEAR(조향OFF)|STRAIGHT,,999.00,0.00,0.0,-1.2,4378
173.65,-8.102,-2.443,102.7,0.00,CLEAR(조향OFF)|STRAIGHT,,999.00,0.00,0.0,-1.2,4378
173.70,-8.102,-2.443,102.7,0.00,CLEAR(조향OFF)|STRAIGHT,,999.00,0.00,0.0,-1.2,4378
173.75,-8.102,-2.443,102.7,0.00,CLEAR(조향OFF)|STRAIGHT,,999.00,0.00,0.0,-1.2,4378
173.80,-8.102,-2.443,102.7,0.00,CLEAR(조향OFF)|STRAIGHT,,999.00,0.00,0.0,-1.2,4378
173.85,-8.102,-2.443,102.7,0.00,CLEAR(조향OFF)|STRAIGHT,,999.00,0.00,0.0,-1.2,4378
173.90,-8.102,-2.443,102.7,0.00,CLEAR(조향OFF)|STRAIGHT,,999.00,0.00,0.0,-1.2,4378
173.95,-8.102,-2.443,102.7,0.00,CLEAR(조향OFF)|STRAIGHT,,999.00,0.00,0.0,-1.2,4378
174.00,-8.102,-2.443,102.7,0.00,CLEAR(조향OFF)|STRAIGHT,,999.00,0.00,0.0,-1.2,4378
174.05,-8.102,-2.443,102.7,0.00,CLEAR(조향OFF)|STRAIGHT,,999.00,0.00,0.0,-1.2,4378
174.10,-8.102,-2.443,102.7,0.00,CLEAR(조향OFF)|STRAIGHT,,999.00,0.00,0.0,-1.2,4378
174.15,-8.102,-2.443,102.7,0.00,CLEAR(조향OFF)|STRAIGHT,,999.00,0.00,0.0,-1.2,4378
174.20,-8.102,-2.443,102.7,0.00,CLEAR(조향OFF)|STRAIGHT,,999.00,0.00,0.0,-1.2,4378
174.25,-8.102,-2.443,102.7,0.00,CLEAR(조향OFF)|STRAIGHT,,999.00,0.00,0.0,-1.2,4378
174.30,-8.102,-2.443,102.7,0.00,CLEAR(조향OFF)|STRAIGHT,,999.00,0.00,0.0,-1.2,4378
174.35,-8.102,-2.443,102.7,0.00,CLEAR(조향OFF)|STRAIGHT,,999.00,0.00,0.0,-1.2,4378
174.40,-8.102,-2.443,102.7,0.00,CLEAR(조향OFF)|STRAIGHT,,999.00,0.00,0.0,-1.2,4378
174.45,-8.102,-2.443,102.7,0.00,CLEAR(조향OFF)|STRAIGHT,,999.00,0.00,0.0,-1.2,4378
174.50,-8.102,-2.443,102.7,0.00,CLEAR(조향OFF)|STRAIGHT,,999.00,0.00,0.0,-1.2,4378
174.55,-8.102,-2.443,102.7,0.00,CLEAR(조향OFF)|STRAIGHT,,999.00,0.00,0.0,-1.2,4378
174.60,-8.102,-2.443,102.7,0.00,CLEAR(조향OFF)|STRAIGHT,,999.00,0.00,0.0,-1.2,4378
174.65,-8.102,-2.443,102.7,0.00,CLEAR(조향OFF)|STRAIGHT,,999.00,0.00,0.0,-1.2,4378
174.70,-8.102,-2.443,102.7,0.00,CLEAR(조향OFF)|STRAIGHT,,999.00,0.00,0.0,-1.2,4378
174.75,-8.102,-2.443,102.7,0.00,CLEAR(조향OFF)|STRAIGHT,,999.00,0.00,0.0,-1.2,4378
174.80,-8.102,-2.443,102.7,0.00,CLEAR(조향OFF)|STRAIGHT,,999.00,0.00,0.0,-1.2,4378
174.85,-8.102,-2.443,102.7,0.00,CLEAR(조향OFF)|STRAIGHT,,999.00,0.00,0.0,-1.2,4378
174.90,-8.102,-2.443,102.7,0.00,CLEAR(조향OFF)|STRAIGHT,,999.00,0.00,0.0,-1.2,4378
174.95,-8.102,-2.443,102.7,0.00,CLEAR(조향OFF)|STRAIGHT,,999.00,0.00,0.0,-1.2,4378
175.00,-8.102,-2.443,102.7,0.00,CLEAR(조향OFF)|STRAIGHT,,999.00,0.00,0.0,-1.2,4378
175.05,-8.102,-2.443,102.7,0.00,CLEAR(조향OFF)|STRAIGHT,,999.00,0.00,0.0,-1.2,4378
175.10,-8.102,-2.443,102.7,0.00,CLEAR(조향OFF)|STRAIGHT,,999.00,0.00,0.0,-1.2,4378
175.15,-8.102,-2.443,102.7,0.00,CLEAR(조향OFF)|STRAIGHT,,999.00,0.00,0.0,-1.2,4378
175.20,-8.102,-2.443,102.7,0.00,CLEAR(조향OFF)|STRAIGHT,,999.00,0.00,0.0,-1.2,4378
175.25,-8.102,-2.443,102.7,0.00,CLEAR(조향OFF)|STRAIGHT,,999.00,0.00,0.0,-1.2,4378
175.30,-8.102,-2.443,102.7,0.00,CLEAR(조향OFF)|STRAIGHT,,999.00,0.00,0.0,-1.2,4378
175.35,-8.102,-2.443,102.7,0.00,CLEAR(조향OFF)|STRAIGHT,,999.00,0.00,0.0,-1.2,4378
175.40,-8.102,-2.443,102.7,0.00,CLEAR(조향OFF)|STRAIGHT,,999.00,0.00,0.0,-1.2,4378
175.45,-8.102,-2.443,102.7,0.00,CLEAR(조향OFF)|STRAIGHT,,999.00,0.00,0.0,-1.2,4378
175.50,-8.102,-2.443,102.7,0.00,CLEAR(조향OFF)|STRAIGHT,,999.00,0.00,0.0,-1.2,4378
175.55,-8.102,-2.443,102.7,0.00,CLEAR(조향OFF)|STRAIGHT,,999.00,0.00,0.0,-1.2,4378
175.60,-8.102,-2.443,102.7,0.00,CLEAR(조향OFF)|STRAIGHT,,999.00,0.00,0.0,-1.2,4378
175.65,-8.102,-2.443,102.7,0.00,CLEAR(조향OFF)|STRAIGHT,,999.00,0.00,0.0,-1.2,4378
175.70,-8.102,-2.443,102.7,0.00,CLEAR(조향OFF)|STRAIGHT,,999.00,0.00,0.0,-1.2,4378
175.75,-8.102,-2.443,102.7,0.00,CLEAR(조향OFF)|STRAIGHT,,999.00,0.00,0.0,-1.2,4378
175.80,-8.102,-2.443,102.7,0.00,CLEAR(조향OFF)|STRAIGHT,,999.00,0.00,0.0,-1.2,4378
175.85,-8.102,-2.443,102.7,0.00,CLEAR(조향OFF)|STRAIGHT,,999.00,0.00,0.0,-1.2,4378
