t,x,y,yaw_deg,v,mode,avoid_steer_deg,obstacle_m,cmd_v,cmd_steer_deg,steer_actual_deg,vcc_mv
9.25,-13.503,-1.429,0.0,0.00,-,,,0.00,0.0,,0
9.30,-13.503,-1.429,-162.2,0.00,-,,,0.00,0.0,,0
9.35,-13.504,-1.428,-162.2,0.01,-,,,0.00,0.0,,0
9.40,-13.504,-1.428,-162.2,0.01,-,,,0.00,0.0,,0
9.45,-13.505,-1.428,-162.2,0.00,-,,,0.00,0.0,,0
9.50,-13.505,-1.428,-162.2,0.00,-,,,0.00,0.0,,0
9.55,-13.506,-1.428,-162.2,0.01,-,,,0.00,0.0,,0
9.60,-13.506,-1.428,-162.2,0.01,-,,,0.00,0.0,,0
9.65,-13.506,-1.429,-162.2,-0.00,-,,,0.00,0.0,,0
9.70,-13.506,-1.429,-162.2,-0.00,-,,,0.00,0.0,,0
9.75,-13.504,-1.429,-162.2,-0.02,-,,,0.00,0.0,,0
9.80,-13.504,-1.429,-162.2,-0.02,-,,,0.00,0.0,,0
9.85,-13.506,-1.429,-162.2,0.02,-,,,0.00,0.0,,0
9.90,-13.506,-1.429,-162.2,0.02,-,,,0.00,0.0,,0
9.95,-13.505,-1.427,-162.2,-0.02,-,,,0.00,0.0,,0
10.00,-13.505,-1.427,-162.2,-0.02,-,,,0.00,0.0,,0
10.05,-13.505,-1.429,-162.2,0.01,-,,,0.00,0.0,,0
10.10,-13.505,-1.429,-162.2,0.01,-,,,0.00,0.0,,0
10.15,-13.505,-1.429,-162.2,0.00,-,,,0.00,0.0,,0
10.20,-13.505,-1.429,-162.2,0.00,-,,,0.00,0.0,,0
10.25,-13.506,-1.427,-162.2,0.01,-,,,0.00,0.0,,0
10.30,-13.506,-1.427,-162.2,0.01,-,,,0.00,0.0,,0
10.35,-13.506,-1.428,-162.2,0.00,-,,,0.00,0.0,,0
10.40,-13.506,-1.428,-162.2,0.00,-,,,0.00,0.0,,0
10.45,-13.505,-1.429,-162.2,-0.01,AVOID(조향OFF)|LEFT,,8.00,0.00,0.0,,0
10.50,-13.505,-1.429,-162.2,-0.01,AVOID(조향OFF)|LEFT,,8.00,0.00,0.0,,0
10.55,-13.506,-1.431,-162.2,0.01,AVOID(조향OFF)|LEFT,,8.00,0.00,0.0,,0
10.60,-13.506,-1.431,-162.2,0.01,AVOID(조향OFF)|LEFT,,8.00,0.00,0.0,,0
10.65,-13.506,-1.429,-162.2,-0.00,AVOID(조향OFF)|LEFT,,8.00,0.00,0.0,,0
10.70,-13.506,-1.429,-162.2,-0.00,AVOID(조향OFF)|LEFT,,8.00,0.00,0.0,,0
10.75,-13.508,-1.429,-162.2,0.02,AVOID(조향OFF)|LEFT,,8.00,0.00,0.0,,0
10.80,-13.508,-1.429,-162.2,0.02,AVOID(조향OFF)|LEFT,,8.00,0.00,0.0,,0
10.85,-13.510,-1.431,-162.2,0.02,AVOID(조향OFF)|LEFT,,8.00,0.00,0.0,,0
10.90,-13.510,-1.431,-162.2,0.02,AVOID(조향OFF)|LEFT,,8.00,0.00,0.0,,0
10.95,-13.510,-1.432,-162.2,0.00,AVOID(조향OFF)|LEFT,,8.00,0.00,0.0,,0
11.00,-13.510,-1.432,-162.2,0.00,AVOID(조향OFF)|LEFT,,8.00,0.00,0.0,,0
11.05,-13.513,-1.431,-162.2,0.03,AVOID(조향OFF)|LEFT,,8.00,0.00,0.0,,0
11.10,-13.513,-1.431,-162.2,0.03,AVOID(조향OFF)|LEFT,,8.00,0.00,0.0,,0
11.15,-13.513,-1.431,-162.2,0.00,AVOID(조향OFF)|LEFT,,8.00,0.00,0.0,,0
11.20,-13.513,-1.431,-162.2,0.00,AVOID(조향OFF)|LEFT,,8.00,0.00,0.0,-1.2,4361
11.25,-13.514,-1.432,-162.2,0.01,AVOID(조향OFF)|LEFT,,8.00,0.00,0.0,-1.2,4361
11.30,-13.514,-1.432,-162.2,0.01,AVOID(조향OFF)|LEFT,,8.00,0.00,0.0,-1.2,4378
11.35,-13.515,-1.433,-162.2,0.01,AVOID(조향OFF)|LEFT,,8.00,0.00,0.0,-1.2,4361
11.40,-13.515,-1.433,-162.2,0.01,AVOID(조향OFF)|LEFT,,8.00,0.00,0.0,-1.2,4395
11.45,-13.517,-1.431,-162.2,0.01,AVOID(조향OFF)|LEFT,,8.00,0.00,0.0,-1.2,4361
11.51,-13.517,-1.431,-162.2,0.01,AVOID(조향OFF)|LEFT,,8.00,0.00,0.0,-1.2,4395
11.55,-13.517,-1.433,-162.2,0.00,AVOID(조향OFF)|LEFT,,8.00,0.00,0.0,-1.2,4361
11.60,-13.517,-1.433,-162.2,0.00,AVOID(조향OFF)|LEFT,,8.00,0.00,0.0,-1.1,4361
11.65,-13.519,-1.434,-162.2,0.03,AVOID(조향OFF)|LEFT,,8.00,0.00,0.0,-1.2,4361
11.70,-13.519,-1.434,-162.2,0.03,AVOID(조향OFF)|LEFT,,8.00,0.00,0.0,-1.2,4395
11.75,-13.520,-1.434,-162.2,0.01,AVOID(조향OFF)|LEFT,,8.00,0.00,0.0,-1.2,4378
11.80,-13.520,-1.434,-162.2,0.01,AVOID(조향OFF)|LEFT,,8.00,0.00,0.0,-1.2,4378
11.85,-13.753,-1.464,-162.2,1.77,AVOID(조향OFF)|LEFT,,8.00,0.00,0.0,-1.2,4378
11.90,-13.753,-1.464,-162.2,1.77,AVOID(조향OFF)|LEFT,,8.00,0.00,0.0,-1.2,4361
11.95,-13.753,-1.464,-162.2,1.77,AVOID(조향OFF)|LEFT,,8.00,0.00,0.0,-1.2,4378
12.00,-13.753,-1.464,-162.2,1.77,AVOID(조향OFF)|LEFT,,8.00,0.00,0.0,-1.2,4361
12.05,-13.817,-1.471,-162.2,0.37,AVOID(조향OFF)|LEFT,,8.00,0.00,0.0,-1.2,4361
12.10,-13.817,-1.471,-162.2,0.37,AVOID(조향OFF)|LEFT,,8.00,0.00,0.0,-1.1,4378
12.15,-13.857,-1.471,-162.2,0.38,AVOID(조향OFF)|LEFT,,8.00,0.00,0.0,-1.2,4395
12.20,-13.857,-1.471,-162.2,0.38,AVOID(조향OFF)|LEFT,,8.00,0.00,0.0,-1.2,4361
12.25,-13.891,-1.467,-162.2,0.35,AVOID(조향OFF)|LEFT,,8.00,0.00,0.0,-1.2,4378
12.30,-13.891,-1.467,-162.2,0.35,AVOID(조향OFF)|LEFT,,8.00,0.00,0.0,-1.2,4361
12.35,-13.920,-1.456,-162.2,0.22,AVOID(조향OFF)|LEFT,,8.00,0.00,0.0,-1.2,4361
12.40,-13.920,-1.456,-162.2,0.22,AVOID(조향OFF)|LEFT,,8.00,0.00,0.0,-1.2,4361
12.45,-13.939,-1.458,-162.2,0.19,AVOID(조향OFF)|LEFT,,8.00,0.00,0.0,-1.2,4395
12.50,-13.939,-1.458,-162.2,0.19,AVOID(조향OFF)|LEFT,,8.00,0.00,0.0,-1.2,4378
12.55,-13.955,-1.459,-162.2,0.14,AVOID(조향OFF)|LEFT,,8.00,0.00,0.0,-1.2,4378
12.60,-13.955,-1.459,-162.2,0.14,AVOID(조향OFF)|LEFT,,8.00,0.00,0.0,-1.2,4361
12.65,-13.971,-1.456,-162.2,0.14,AVOID(조향OFF)|LEFT,,8.00,0.00,0.0,-1.2,4378
12.70,-13.971,-1.456,-162.2,0.14,AVOID(조향OFF)|LEFT,,8.00,0.00,0.0,-1.1,4378
12.75,-13.979,-1.456,-162.2,0.09,AVOID(조향OFF)|LEFT,,8.00,0.00,0.0,-1.2,4361
12.80,-13.979,-1.456,-162.2,0.09,AVOID(조향OFF)|LEFT,,8.00,0.00,0.0,-1.2,4378
12.85,-13.988,-1.455,-162.2,0.08,AVOID(조향OFF)|LEFT,,8.00,0.00,0.0,-1.2,4361
12.90,-13.988,-1.455,-162.2,0.08,AVOID(조향OFF)|LEFT,,8.00,0.00,0.0,-1.1,4378
12.95,-13.988,-1.456,-162.2,0.00,AVOID(조향OFF)|LEFT,,8.00,0.00,0.0,-1.2,4378
13.00,-13.988,-1.456,-162.2,0.00,AVOID(조향OFF)|LEFT,,8.00,0.00,0.0,-1.2,4378
13.05,-13.990,-1.454,-162.2,0.02,AVOID(조향OFF)|LEFT,,8.00,0.00,0.0,-1.2,4378
13.10,-13.990,-1.454,-162.2,0.02,AVOID(조향OFF)|LEFT,,8.00,0.00,0.0,-1.2,4378
13.15,-13.990,-1.456,-162.2,0.00,AVOID(조향OFF)|LEFT,,8.00,0.00,0.0,-1.2,4378
13.20,-13.990,-1.456,-162.2,0.00,AVOID(조향OFF)|LEFT,,8.00,0.00,0.0,-1.2,4361
13.25,-13.991,-1.455,-162.2,0.01,AVOID(조향OFF)|LEFT,,8.00,0.00,0.0,-1.2,4395
13.30,-13.991,-1.455,-162.2,0.01,AVOID(조향OFF)|LEFT,,8.00,0.00,0.0,-1.2,4361
13.35,-13.992,-1.457,-162.2,0.01,AVOID(조향OFF)|LEFT,,8.00,0.00,0.0,-1.2,4378
13.40,-13.992,-1.457,-162.2,0.01,AVOID(조향OFF)|LEFT,,8.00,0.00,0.0,-1.2,4378
13.45,-13.991,-1.456,-162.2,-0.01,AVOID(조향OFF)|LEFT,,8.00,0.00,0.0,-1.2,4361
13.50,-13.991,-1.456,-162.2,-0.01,AVOID(조향OFF)|LEFT,,8.00,0.00,0.0,-1.2,4378
13.55,-13.994,-1.455,-162.2,0.02,AVOID(조향OFF)|LEFT,,8.00,0.00,0.0,-1.2,4361
13.60,-13.994,-1.455,-162.2,0.02,AVOID(조향OFF)|LEFT,,8.00,0.00,0.0,-1.1,4361
13.65,-13.994,-1.453,-162.2,-0.00,AVOID(조향OFF)|LEFT,,8.00,0.00,0.0,-1.2,4378
13.70,-13.994,-1.453,-162.2,-0.00,AVOID(조향OFF)|LEFT,,8.00,0.00,0.0,-1.2,4378
13.75,-13.998,-1.450,-162.2,0.03,AVOID(조향OFF)|LEFT,,8.00,0.00,0.0,-1.2,4395
13.80,-13.998,-1.450,-162.2,0.03,AVOID(조향OFF)|LEFT,,8.00,0.00,0.0,-1.2,4378
13.85,-14.210,-1.392,-162.2,1.68,AVOID(조향OFF)|LEFT,,8.00,0.00,0.0,-1.1,4378
13.90,-14.210,-1.392,-162.2,1.68,AVOID(조향OFF)|LEFT,,8.00,0.00,0.0,-1.2,4378
13.95,-14.208,-1.391,-162.2,-0.02,AVOID(조향OFF)|LEFT,,8.00,0.00,0.0,-1.3,4378
14.00,-14.208,-1.391,-162.2,-0.02,AVOID(조향OFF)|LEFT,,8.00,0.00,0.0,-1.1,4378
14.05,-14.209,-1.391,-162.2,0.01,AVOID(조향OFF)|LEFT,,8.00,0.00,0.0,-1.1,4378
14.10,-14.209,-1.391,-162.2,0.01,AVOID(조향OFF)|LEFT,,8.00,0.00,0.0,-1.2,4361
14.15,-14.208,-1.391,-162.2,-0.01,AVOID(조향OFF)|LEFT,,8.00,0.00,0.0,-1.2,4378
14.20,-14.208,-1.391,-162.2,-0.01,AVOID(조향OFF)|LEFT,,8.00,0.00,0.0,-1.2,4395
14.25,-14.207,-1.392,-162.2,-0.00,AVOID(조향OFF)|LEFT,,8.00,0.00,0.0,-1.2,4378
14.30,-14.207,-1.392,-162.2,-0.00,AVOID(조향OFF)|LEFT,,8.00,0.00,0.0,-1.2,4378
14.35,-14.207,-1.393,-162.2,-0.00,AVOID(조향OFF)|LEFT,,8.00,0.00,0.0,-1.2,4361
14.40,-14.207,-1.393,-162.2,-0.00,AVOID(조향OFF)|LEFT,,8.00,0.00,0.0,-1.1,4361
14.45,-14.208,-1.394,-162.2,0.01,AVOID(조향OFF)|LEFT,,8.00,0.00,0.0,-1.2,4378
14.50,-14.208,-1.394,-162.2,0.01,AVOID(조향OFF)|LEFT,,8.00,0.00,0.0,-1.2,4378
14.55,-14.208,-1.394,-162.2,-0.00,AVOID(조향OFF)|LEFT,,8.00,0.00,0.0,-1.2,4378
14.60,-14.208,-1.394,-162.2,-0.00,AVOID(조향OFF)|LEFT,,8.00,0.00,0.0,-1.2,4378
14.65,-14.207,-1.392,-162.2,-0.01,AVOID(조향OFF)|LEFT,,8.00,0.00,0.0,-1.1,4378
14.70,-14.207,-1.392,-162.2,-0.01,AVOID(조향OFF)|LEFT,,8.00,0.00,0.0,-1.2,4361
14.75,-14.208,-1.392,-162.2,0.00,AVOID(조향OFF)|LEFT,,8.00,0.00,0.0,-1.2,4361
14.80,-14.208,-1.392,-162.2,0.00,AVOID(조향OFF)|LEFT,,8.00,0.00,0.0,-1.2,4344
14.85,-14.207,-1.393,-162.2,-0.01,AVOID(조향OFF)|LEFT,,8.00,0.00,0.0,-1.2,4361
14.90,-14.207,-1.393,-162.2,-0.01,AVOID(조향OFF)|LEFT,,8.00,0.00,0.0,-1.2,4361
14.95,-14.208,-1.393,-162.2,0.01,AVOID(조향OFF)|LEFT,,8.00,0.00,0.0,-1.2,4361
15.00,-14.208,-1.393,-162.2,0.01,AVOID(조향OFF)|LEFT,,8.00,0.00,0.0,-1.1,4361
15.05,-14.207,-1.395,-162.2,-0.00,AVOID(조향OFF)|LEFT,,8.00,0.00,0.0,-1.2,4378
15.10,-14.207,-1.395,-162.2,-0.00,AVOID(조향OFF)|LEFT,,8.00,0.00,0.0,-1.1,4361
15.15,-14.205,-1.395,-162.2,-0.02,AVOID(조향OFF)|LEFT,,8.00,0.00,0.0,-1.2,4378
15.20,-14.205,-1.395,-162.2,-0.02,AVOID(조향OFF)|LEFT,,8.00,0.00,0.0,-1.1,4361
15.25,-14.206,-1.396,-162.2,0.01,AVOID(조향OFF)|LEFT,,8.00,0.00,0.0,-1.2,4361
15.30,-14.206,-1.396,-162.2,0.01,AVOID(조향OFF)|LEFT,,8.00,0.00,0.0,-1.2,4378
15.35,-14.206,-1.395,-162.2,0.00,AVOID(조향OFF)|LEFT,,8.00,0.00,0.0,-1.2,4378
15.40,-14.206,-1.395,-162.2,0.00,AVOID(조향OFF)|LEFT,,8.00,0.00,0.0,-1.2,4361
15.45,-14.206,-1.394,-162.2,-0.01,AVOID(조향OFF)|LEFT,,8.00,0.00,0.0,-1.2,4361
15.50,-14.206,-1.394,-162.2,-0.01,AVOID(조향OFF)|LEFT,,8.00,0.00,0.0,-1.1,4361
15.55,-14.207,-1.395,-162.2,0.01,AVOID(조향OFF)|LEFT,,8.00,0.00,0.0,-1.2,4361
15.60,-14.207,-1.395,-162.2,0.01,AVOID(조향OFF)|LEFT,,8.00,0.00,0.0,-1.2,4361
15.65,-14.205,-1.396,-162.2,-0.02,AVOID(조향OFF)|LEFT,,8.00,0.00,0.0,-1.2,4378
15.70,-14.205,-1.396,-162.2,-0.02,AVOID(조향OFF)|LEFT,,8.00,0.00,0.0,-1.1,4361
15.75,-14.205,-1.396,-162.2,0.00,AVOID(조향OFF)|LEFT,,8.00,0.00,0.0,-1.2,4361
15.80,-14.205,-1.396,-162.2,0.00,AVOID(조향OFF)|LEFT,,8.00,0.00,0.0,-1.2,4361
15.85,-14.206,-1.395,-162.2,0.00,AVOID(조향OFF)|LEFT,,8.00,0.00,0.0,-1.2,4361
15.90,-14.206,-1.395,-162.2,0.00,AVOID(조향OFF)|LEFT,,8.00,0.00,0.0,-1.2,4361
15.95,-14.206,-1.396,-162.2,0.01,AVOID(조향OFF)|LEFT,,8.00,0.00,0.0,-1.1,4361
16.00,-14.206,-1.396,-162.2,0.01,AVOID(조향OFF)|LEFT,,8.00,0.00,0.0,-1.2,4361
16.05,-14.205,-1.396,-162.2,-0.01,AVOID(조향OFF)|LEFT,,8.00,0.00,0.0,-1.2,4378
16.10,-14.205,-1.396,-162.2,-0.01,AVOID(조향OFF)|LEFT,,8.00,0.00,0.0,-1.2,4361
16.15,-14.209,-1.392,-162.2,0.02,AVOID(조향OFF)|LEFT,,8.00,0.00,0.0,-1.2,4378
16.20,-14.209,-1.392,-162.2,0.02,AVOID(조향OFF)|LEFT,,8.00,0.00,0.0,-1.2,4361
16.25,-14.206,-1.393,-162.2,-0.03,AVOID(조향OFF)|LEFT,,8.00,0.00,0.0,-1.2,4378
16.30,-14.206,-1.393,-162.2,-0.03,AVOID(조향OFF)|LEFT,,8.00,0.00,0.0,-1.2,4378
16.35,-14.207,-1.394,-162.2,0.01,AVOID(조향OFF)|LEFT,,8.00,0.00,0.0,-1.2,4361
16.40,-14.207,-1.394,-162.2,0.01,AVOID(조향OFF)|LEFT,,8.00,0.00,0.0,-1.1,4361
16.45,-14.207,-1.394,-162.2,-0.01,AVOID(조향OFF)|LEFT,,8.00,0.00,0.0,-1.2,4361
16.50,-14.207,-1.394,-162.2,-0.01,AVOID(조향OFF)|LEFT,,8.00,0.00,0.0,-1.1,4361
16.55,-14.207,-1.394,-162.2,-0.01,AVOID(조향OFF)|LEFT,,8.00,0.00,0.0,-1.3,4361
16.60,-14.206,-1.394,-162.2,-0.00,AVOID(조향OFF)|LEFT,,8.00,0.00,0.0,-1.2,4378
16.65,-14.206,-1.394,-162.2,-0.00,AVOID(조향OFF)|LEFT,,8.00,0.00,0.0,-1.2,4378
16.70,-14.206,-1.394,-162.2,-0.00,AVOID(조향OFF)|LEFT,,8.00,0.00,0.0,-1.2,4361
16.75,-14.206,-1.393,-162.2,-0.00,AVOID(조향OFF)|LEFT,,8.00,0.00,0.0,-1.2,4378
16.80,-14.206,-1.393,-162.2,-0.00,AVOID(조향OFF)|LEFT,,8.00,0.00,0.0,-1.2,4378
16.85,-14.207,-1.393,-162.2,0.01,AVOID(조향OFF)|LEFT,,8.00,0.00,0.0,-1.1,4361
16.90,-14.207,-1.393,-162.2,0.01,AVOID(조향OFF)|LEFT,,8.00,0.00,0.0,-1.2,4378
16.95,-14.207,-1.393,-162.2,-0.01,AVOID(조향OFF)|LEFT,,8.00,0.00,0.0,-1.2,4361
17.00,-14.207,-1.393,-162.2,-0.01,AVOID(조향OFF)|LEFT,,8.00,0.00,0.0,-1.2,4361
17.05,-14.206,-1.392,-162.2,-0.01,AVOID(조향OFF)|LEFT,,8.00,0.00,0.0,-1.2,4378
17.10,-14.206,-1.392,-162.2,-0.01,AVOID(조향OFF)|LEFT,,8.00,0.00,0.0,-1.2,4378
17.15,-14.207,-1.394,-162.2,0.02,AVOID(조향OFF)|LEFT,,8.00,0.00,0.0,-1.2,4361
17.20,-14.207,-1.394,-162.2,0.02,AVOID(조향OFF)|LEFT,,8.00,0.00,0.0,-1.2,4378
17.25,-14.207,-1.394,-162.2,-0.00,AVOID(조향OFF)|LEFT,,8.00,0.00,0.0,-1.2,4378
17.30,-14.207,-1.394,-162.2,-0.00,AVOID(조향OFF)|LEFT,,8.00,0.00,0.0,-1.1,4378
17.35,-14.207,-1.394,-162.2,0.00,AVOID(조향OFF)|LEFT,,8.00,0.00,0.0,-1.2,4378
17.40,-14.207,-1.394,-162.2,0.00,AVOID(조향OFF)|LEFT,,8.00,0.00,0.0,-1.2,4378
17.45,-14.209,-1.393,-162.2,0.01,AVOID(조향OFF)|LEFT,,8.00,0.00,0.0,-1.1,4361
17.50,-14.209,-1.393,-162.2,0.01,AVOID(조향OFF)|LEFT,,8.00,0.00,0.0,-1.2,4378
17.55,-14.207,-1.394,-162.2,-0.01,AVOID(조향OFF)|LEFT,,8.00,0.00,0.0,-1.1,4378
17.60,-14.207,-1.394,-162.2,-0.01,AVOID(조향OFF)|LEFT,,8.00,0.00,0.0,-1.2,4361
17.65,-14.207,-1.394,-162.2,0.00,AVOID(조향OFF)|LEFT,,8.00,0.00,0.0,-1.1,4378
17.70,-14.207,-1.394,-162.2,0.00,AVOID(조향OFF)|LEFT,,8.00,0.00,0.0,-1.2,4378
17.75,-14.208,-1.393,-162.2,0.00,AVOID(조향OFF)|LEFT,,8.00,0.00,0.0,-1.2,4361
17.80,-14.208,-1.393,-162.2,0.00,AVOID(조향OFF)|LEFT,,8.00,0.00,0.0,-1.2,4361
17.85,-14.207,-1.394,-162.2,-0.01,AVOID(조향OFF)|LEFT,,8.00,0.00,0.0,-1.2,4378
17.90,-14.207,-1.394,-162.2,-0.01,AVOID(조향OFF)|LEFT,,8.00,0.00,0.0,-1.2,4378
17.95,-14.206,-1.394,-162.2,-0.00,AVOID(조향OFF)|LEFT,,8.00,0.00,0.0,-1.2,4361
18.00,-14.206,-1.394,-162.2,-0.00,AVOID(조향OFF)|LEFT,,8.00,0.00,0.0,-1.2,4361
18.05,-14.207,-1.395,-162.2,0.01,AVOID(조향OFF)|LEFT,,8.00,0.00,0.0,-1.1,4361
18.10,-14.207,-1.395,-162.2,0.01,AVOID(조향OFF)|LEFT,,8.00,0.00,0.0,-1.2,4361
18.15,-14.207,-1.393,-162.2,-0.01,AVOID(조향OFF)|LEFT,,8.00,0.00,0.0,-1.2,4361
18.20,-14.207,-1.393,-162.2,-0.01,AVOID(조향OFF)|LEFT,,8.00,0.00,0.0,-1.2,4378
18.25,-14.206,-1.395,-162.2,0.00,AVOID(조향OFF)|LEFT,,8.00,0.00,0.0,-1.1,4378
18.30,-14.206,-1.395,-162.2,0.00,AVOID(조향OFF)|LEFT,,8.00,0.00,0.0,-1.1,4378
18.35,-14.207,-1.394,-162.2,-0.00,AVOID(조향OFF)|LEFT,,8.00,0.00,0.0,-1.2,4378
18.40,-14.207,-1.394,-162.2,-0.00,AVOID(조향OFF)|LEFT,,8.00,0.00,0.0,-1.2,4378
18.45,-14.206,-1.394,-162.2,-0.01,AVOID(조향OFF)|LEFT,,8.00,0.00,0.0,-1.2,4361
18.50,-14.206,-1.394,-162.2,-0.01,AVOID(조향OFF)|LEFT,,8.00,0.00,0.0,-1.2,4395
18.55,-14.205,-1.396,-162.2,-0.01,AVOID(조향OFF)|LEFT,,8.00,0.00,0.0,-1.2,4378
18.60,-14.205,-1.396,-162.2,-0.01,AVOID(조향OFF)|LEFT,,8.00,0.00,0.0,-1.2,4361
18.65,-14.206,-1.394,-162.2,0.01,AVOID(조향OFF)|LEFT,,8.00,0.00,0.0,-1.2,4361
18.70,-14.206,-1.394,-162.2,0.01,AVOID(조향OFF)|LEFT,,8.00,0.00,0.0,-1.2,4361
18.75,-14.207,-1.396,-162.2,0.01,AVOID(조향OFF)|LEFT,,8.00,0.00,0.0,-1.1,4378
18.80,-14.207,-1.396,-162.2,0.01,AVOID(조향OFF)|LEFT,,8.00,0.00,0.0,-1.2,4395
18.85,-14.205,-1.395,-162.2,-0.01,AVOID(조향OFF)|LEFT,,8.00,0.00,0.0,-1.2,4395
18.90,-14.205,-1.395,-162.2,-0.01,AVOID(조향OFF)|LEFT,,8.00,0.00,0.0,-1.1,4378
18.95,-14.205,-1.394,-162.2,-0.00,AVOID(조향OFF)|LEFT,,8.00,0.00,0.0,-1.1,4378
19.00,-14.205,-1.394,-162.2,-0.00,AVOID(조향OFF)|LEFT,,8.00,0.00,0.0,-1.2,4378
19.05,-14.205,-1.395,-162.2,0.00,AVOID(조향OFF)|LEFT,,8.00,0.00,0.0,-1.2,4378
19.10,-14.205,-1.395,-162.2,0.00,AVOID(조향OFF)|LEFT,,8.00,0.00,0.0,-1.2,4378
19.15,-14.205,-1.393,-162.2,-0.01,AVOID(조향OFF)|LEFT,,8.00,0.00,0.0,-1.2,4378
19.20,-14.205,-1.393,-162.2,-0.01,AVOID(조향OFF)|LEFT,,8.00,0.00,0.0,-1.2,4378
19.25,-14.206,-1.393,-162.2,0.01,AVOID(조향OFF)|LEFT,,8.00,0.00,0.0,-1.2,4378
19.30,-14.206,-1.393,-162.2,0.01,AVOID(조향OFF)|LEFT,,8.00,0.00,0.0,-1.1,4361
19.35,-14.205,-1.393,-162.2,-0.01,AVOID(조향OFF)|LEFT,,8.00,0.00,0.0,-1.2,4378
19.40,-14.205,-1.393,-162.2,-0.01,AVOID(조향OFF)|LEFT,,8.00,0.00,0.0,-1.2,4378
19.45,-14.205,-1.394,-162.2,0.00,AVOID(조향OFF)|LEFT,,8.00,0.00,0.0,-1.1,4378
19.50,-14.205,-1.394,-162.2,0.00,AVOID(조향OFF)|LEFT,,8.00,0.00,0.0,-1.2,4378
19.55,-14.207,-1.395,-162.2,0.02,AVOID(조향OFF)|LEFT,,8.00,0.00,0.0,-1.2,4378
19.60,-14.207,-1.395,-162.2,0.02,AVOID(조향OFF)|LEFT,,8.00,0.00,0.0,-1.2,4378
19.65,-14.205,-1.395,-162.2,-0.02,AVOID(조향OFF)|LEFT,,8.00,0.00,0.0,-1.2,4378
19.70,-14.205,-1.395,-162.2,-0.02,AVOID(조향OFF)|LEFT,,8.00,0.00,0.0,-1.2,4378
19.75,-14.205,-1.394,-162.2,-0.00,AVOID(조향OFF)|LEFT,,8.00,0.00,0.0,-1.1,4378
19.80,-14.205,-1.394,-162.2,-0.00,AVOID(조향OFF)|LEFT,,8.00,0.00,0.0,-1.1,4378
19.85,-14.207,-1.393,-162.2,0.02,AVOID(조향OFF)|LEFT,,8.00,0.00,0.0,-1.1,4378
19.90,-14.207,-1.393,-162.2,0.02,AVOID(조향OFF)|LEFT,,8.00,0.00,0.0,-1.1,4361
19.95,-14.206,-1.394,-162.2,-0.01,AVOID(조향OFF)|LEFT,,8.00,0.00,0.0,-1.1,4378
20.00,-14.206,-1.394,-162.2,-0.01,AVOID(조향OFF)|LEFT,,8.00,0.00,0.0,-1.1,4378
20.05,-14.205,-1.394,-162.2,-0.01,AVOID(조향OFF)|LEFT,,8.00,0.00,0.0,-1.2,4378
20.10,-14.205,-1.394,-162.2,-0.01,AVOID(조향OFF)|LEFT,,8.00,0.00,0.0,-1.2,4378
20.15,-14.205,-1.394,-162.2,0.00,AVOID(조향OFF)|LEFT,,8.00,0.00,0.0,-1.1,4378
20.20,-14.205,-1.394,-162.2,0.00,AVOID(조향OFF)|LEFT,,8.00,0.00,0.0,-1.2,4361
20.25,-14.204,-1.395,-162.2,-0.00,AVOID(조향OFF)|LEFT,,8.00,0.00,0.0,-1.2,4378
20.30,-14.204,-1.395,-162.2,-0.00,AVOID(조향OFF)|LEFT,,8.00,0.00,0.0,-1.2,4378
20.35,-14.204,-1.394,-162.2,-0.00,AVOID(조향OFF)|LEFT,,8.00,0.00,0.0,-1.1,4361
20.40,-14.204,-1.394,-162.2,-0.00,AVOID(조향OFF)|LEFT,,8.00,0.00,0.0,-1.2,4361
20.45,-14.204,-1.395,-162.2,0.00,AVOID(조향OFF)|LEFT,,8.00,0.00,0.0,-1.2,4395
20.50,-14.204,-1.395,-162.2,0.00,AVOID(조향OFF)|LEFT,,8.00,0.00,0.0,-1.2,4378
20.55,-14.204,-1.395,-162.2,0.00,AVOID(조향OFF)|LEFT,,8.00,0.00,0.0,-1.2,4361
20.60,-14.205,-1.394,-162.2,0.00,AVOID(조향OFF)|LEFT,,8.00,0.00,0.0,-1.1,4378
20.65,-14.205,-1.394,-162.2,0.00,AVOID(조향OFF)|LEFT,,8.00,0.00,0.0,-1.2,4361
20.70,-14.205,-1.394,-162.2,0.00,AVOID(조향OFF)|LEFT,,8.00,0.00,0.0,-1.2,4378
20.75,-14.201,-1.393,-162.2,-0.02,AVOID(조향OFF)|LEFT,,8.00,0.00,0.0,-1.2,4361
20.80,-14.201,-1.393,-162.2,-0.02,AVOID(조향OFF)|LEFT,,8.00,0.00,0.0,-1.2,4378
20.85,-14.206,-1.394,-162.2,0.04,AVOID(조향OFF)|LEFT,,8.00,0.00,0.0,-1.2,4361
20.90,-14.206,-1.394,-162.2,0.04,AVOID(조향OFF)|LEFT,,8.00,0.00,0.0,-1.2,4378
20.95,-14.204,-1.394,-162.2,-0.02,AVOID(조향OFF)|LEFT,,8.00,0.00,0.0,-1.2,4361
21.00,-14.204,-1.394,-162.2,-0.02,AVOID(조향OFF)|LEFT,,8.00,0.00,0.0,-1.2,4361
21.05,-14.205,-1.394,-162.2,0.01,AVOID(조향OFF)|LEFT,,8.00,0.00,0.0,-1.2,4361
21.10,-14.205,-1.394,-162.2,0.01,AVOID(조향OFF)|LEFT,,8.00,0.00,0.0,-1.2,4378
21.15,-14.205,-1.395,-162.2,0.01,AVOID(조향OFF)|LEFT,,8.00,0.00,0.0,-1.2,4361
21.20,-14.205,-1.395,-162.2,0.01,AVOID(조향OFF)|LEFT,,8.00,0.00,0.0,-1.2,4361
21.25,-14.205,-1.393,-162.2,-0.00,AVOID(조향OFF)|LEFT,,8.00,0.00,0.0,-1.2,4378
21.30,-14.205,-1.393,-162.2,-0.00,AVOID(조향OFF)|LEFT,,8.00,0.00,0.0,-1.2,4378
21.35,-14.205,-1.395,-162.2,0.00,AVOID(조향OFF)|LEFT,,8.00,0.00,0.0,-1.2,4378
21.40,-14.205,-1.395,-162.2,0.00,AVOID(조향OFF)|LEFT,,8.00,0.00,0.0,-1.2,4395
21.45,-14.205,-1.395,-162.2,0.01,AVOID(조향OFF)|LEFT,,8.00,0.00,0.0,-1.2,4378
21.50,-14.205,-1.395,-162.2,0.01,AVOID(조향OFF)|LEFT,,8.00,0.00,0.0,-1.2,4344
21.55,-14.204,-1.395,-162.2,-0.01,AVOID(조향OFF)|LEFT,,8.00,0.00,0.0,-1.2,4378
21.60,-14.204,-1.395,-162.2,-0.01,AVOID(조향OFF)|LEFT,,8.00,0.00,0.0,-1.2,4361
21.65,-14.205,-1.394,-162.2,0.00,AVOID(조향OFF)|LEFT,,8.00,0.00,0.0,-1.2,4361
21.70,-14.205,-1.394,-162.2,0.00,AVOID(조향OFF)|LEFT,,8.00,0.00,0.0,-1.2,4378
21.75,-14.204,-1.394,-162.2,-0.00,AVOID(조향OFF)|LEFT,,8.00,0.00,0.0,-1.1,4378
21.80,-14.204,-1.394,-162.2,-0.00,AVOID(조향OFF)|LEFT,,8.00,0.00,0.0,-1.2,4378
21.85,-14.204,-1.395,-162.2,-0.00,AVOID(조향OFF)|LEFT,,8.00,0.00,0.0,-1.1,4378
21.90,-14.204,-1.395,-162.2,-0.00,AVOID(조향OFF)|LEFT,,8.00,0.00,0.0,-1.1,4361
21.95,-14.204,-1.397,-162.2,0.01,AVOID(조향OFF)|LEFT,,8.00,0.00,0.0,-1.2,4361
22.00,-14.204,-1.397,-162.2,0.01,AVOID(조향OFF)|LEFT,,8.00,0.00,0.0,-1.2,4361
22.05,-14.211,-1.394,-162.2,0.05,AVOID(조향OFF)|LEFT,,8.00,0.00,0.0,-1.2,4361
22.10,-14.211,-1.394,-162.2,0.05,AVOID(조향OFF)|LEFT,,8.00,0.00,0.0,-1.1,4361
22.15,-14.211,-1.392,-162.2,-0.00,AVOID(조향OFF)|LEFT,,8.00,0.00,0.0,-1.2,4378
22.20,-14.211,-1.392,-162.2,-0.00,AVOID(조향OFF)|LEFT,,8.00,0.00,0.0,-1.2,4378
22.25,-14.209,-1.394,-162.2,-0.01,AVOID(조향OFF)|LEFT,,8.00,0.00,0.0,-1.2,4378
22.30,-14.209,-1.394,-162.2,-0.01,AVOID(조향OFF)|LEFT,,8.00,0.00,0.0,-1.1,4378
22.35,-14.211,-1.394,-162.2,0.02,AVOID(조향OFF)|LEFT,,8.00,0.00,0.0,-1.2,4378
22.40,-14.211,-1.394,-162.2,0.02,AVOID(조향OFF)|LEFT,,8.00,0.00,0.0,-1.2,4361
22.45,-14.208,-1.392,-162.2,-0.04,AVOID(조향OFF)|LEFT,,8.00,0.00,0.0,-1.2,4378
22.50,-14.208,-1.392,-162.2,-0.04,AVOID(조향OFF)|LEFT,,8.00,0.00,0.0,-1.2,4378
22.55,-14.210,-1.392,-162.2,0.02,AVOID(조향OFF)|LEFT,,8.00,0.00,0.0,-1.2,4378
22.60,-14.210,-1.392,-162.2,0.02,AVOID(조향OFF)|LEFT,,8.00,0.00,0.0,-1.1,4361
22.65,-14.210,-1.392,-162.2,0.02,AVOID(조향OFF)|LEFT,,8.00,0.00,0.0,-1.2,4378
22.70,-14.210,-1.392,-162.2,0.02,AVOID(조향OFF)|LEFT,,8.00,0.00,0.0,-1.2,4361
22.75,-14.210,-1.393,-162.2,0.00,AVOID(조향OFF)|LEFT,,8.00,0.00,0.0,-1.2,4361
22.80,-14.210,-1.393,-162.2,0.00,AVOID(조향OFF)|LEFT,,8.00,0.00,0.0,-1.2,4378
22.85,-14.210,-1.392,-162.2,-0.00,AVOID(조향OFF)|LEFT,,8.00,0.00,0.0,-1.3,4378
22.90,-14.210,-1.392,-162.2,-0.00,AVOID(조향OFF)|LEFT,,8.00,0.00,0.0,-1.2,4361
22.95,-14.211,-1.392,-162.2,0.01,AVOID(조향OFF)|LEFT,,8.00,0.00,0.0,-1.2,4378
23.00,-14.211,-1.392,-162.2,0.01,AVOID(조향OFF)|LEFT,,8.00,0.00,0.0,-1.2,4378
23.05,-14.209,-1.394,-162.2,-0.01,AVOID(조향OFF)|LEFT,,8.00,0.00,0.0,-1.2,4361
23.10,-14.209,-1.394,-162.2,-0.01,AVOID(조향OFF)|LEFT,,8.00,0.00,0.0,-1.1,4361
23.15,-14.208,-1.394,-162.2,-0.01,AVOID(조향OFF)|LEFT,,8.00,0.00,0.0,-1.2,4378
23.20,-14.208,-1.394,-162.2,-0.01,AVOID(조향OFF)|LEFT,,8.00,0.00,0.0,-1.2,4361
23.25,-14.211,-1.394,-162.2,0.02,AVOID(조향OFF)|LEFT,,8.00,0.00,0.0,-1.2,4378
23.30,-14.211,-1.394,-162.2,0.02,AVOID(조향OFF)|LEFT,,8.00,0.00,0.0,-1.2,4378
23.35,-14.210,-1.392,-162.2,-0.02,AVOID(조향OFF)|LEFT,,8.00,0.00,0.0,-1.2,4361
23.40,-14.210,-1.392,-162.2,-0.02,AVOID(조향OFF)|LEFT,,8.00,0.00,0.0,-1.1,4361
23.45,-14.206,-1.388,-162.2,-0.05,AVOID(조향OFF)|LEFT,,8.00,0.00,0.0,-1.2,4378
23.50,-14.206,-1.388,-162.2,-0.05,AVOID(조향OFF)|LEFT,,8.00,0.00,0.0,-1.2,4344
23.55,-14.209,-1.391,-162.2,0.04,AVOID(조향OFF)|LEFT,,8.00,0.00,0.0,-1.2,4378
23.60,-14.209,-1.391,-162.2,0.04,AVOID(조향OFF)|LEFT,,8.00,0.00,0.0,-1.2,4378
23.65,-14.210,-1.393,-162.2,0.01,AVOID(조향OFF)|LEFT,,8.00,0.00,0.0,-1.1,4395
23.70,-14.210,-1.393,-162.2,0.01,AVOID(조향OFF)|LEFT,,8.00,0.00,0.0,-1.2,4361
23.75,-14.210,-1.391,-162.2,-0.01,AVOID(조향OFF)|LEFT,,8.00,0.00,0.0,-1.1,4378
23.80,-14.210,-1.391,-162.2,-0.01,AVOID(조향OFF)|LEFT,,8.00,0.00,0.0,-1.2,4361
23.85,-14.210,-1.393,-162.2,0.01,AVOID(조향OFF)|LEFT,,8.00,0.00,0.0,-1.2,4378
23.90,-14.210,-1.393,-162.2,0.01,AVOID(조향OFF)|LEFT,,8.00,0.00,0.0,-1.2,4378
23.95,-14.208,-1.391,-162.2,-0.02,AVOID(조향OFF)|LEFT,,8.00,0.00,0.0,-1.2,4378
24.00,-14.208,-1.391,-162.2,-0.02,AVOID(조향OFF)|LEFT,,8.00,0.00,0.0,-1.2,4361
24.05,-14.209,-1.390,-162.2,0.00,AVOID(조향OFF)|LEFT,,8.00,0.00,0.0,-1.2,4378
24.10,-14.209,-1.390,-162.2,0.00,AVOID(조향OFF)|LEFT,,8.00,0.00,0.0,-1.2,4361
24.15,-14.209,-1.390,-162.2,-0.00,AVOID(조향OFF)|LEFT,,8.00,0.00,0.0,-1.2,4361
24.20,-14.209,-1.390,-162.2,-0.00,AVOID(조향OFF)|LEFT,,8.00,0.00,0.0,-1.2,4361
24.25,-14.211,-1.389,-162.2,0.02,AVOID(조향OFF)|LEFT,,8.00,0.00,0.0,-1.2,4378
24.30,-14.211,-1.389,-162.2,0.02,AVOID(조향OFF)|LEFT,,8.00,0.00,0.0,-1.2,4361
24.35,-14.209,-1.390,-162.2,-0.01,AVOID(조향OFF)|LEFT,,8.00,0.00,0.0,-1.2,4361
24.40,-14.209,-1.390,-162.2,-0.01,AVOID(조향OFF)|LEFT,,8.00,0.00,0.0,-1.1,4361
24.45,-14.211,-1.390,-162.2,0.01,AVOID(조향OFF)|LEFT,,8.00,0.00,0.0,-1.2,4361
24.50,-14.211,-1.390,-162.2,0.01,AVOID(조향OFF)|LEFT,,8.00,0.00,0.0,-1.2,4378
24.55,-14.210,-1.391,-162.2,-0.01,AVOID(조향OFF)|LEFT,,8.00,0.00,0.0,-1.2,4378
24.60,-14.210,-1.391,-162.2,-0.01,AVOID(조향OFF)|LEFT,,8.00,0.00,0.0,-1.2,4361
24.65,-14.210,-1.391,-162.2,-0.00,AVOID(조향OFF)|LEFT,,8.00,0.00,0.0,-1.2,4378
24.70,-14.210,-1.391,-162.2,-0.00,AVOID(조향OFF)|LEFT,,8.00,0.00,0.0,-1.1,4378
24.75,-14.211,-1.389,-162.2,0.01,AVOID(조향OFF)|LEFT,,8.00,0.00,0.0,-1.1,4378
24.80,-14.211,-1.389,-162.2,0.01,AVOID(조향OFF)|LEFT,,8.00,0.00,0.0,-1.2,4378
24.85,-14.208,-1.390,-162.2,-0.02,AVOID(조향OFF)|LEFT,,8.00,0.00,0.0,-1.1,4378
24.90,-14.208,-1.390,-162.2,-0.02,AVOID(조향OFF)|LEFT,,8.00,0.00,0.0,-1.2,4378
24.95,-14.210,-1.390,-162.2,0.01,AVOID(조향OFF)|LEFT,,8.00,0.00,0.0,-1.2,4361
25.00,-14.210,-1.390,-162.2,0.01,AVOID(조향OFF)|LEFT,,8.00,0.70,0.0,-1.1,4378
25.05,-14.210,-1.388,-162.2,0.00,AVOID(조향OFF)|LEFT,,8.00,0.70,0.0,-1.2,4361
25.10,-14.210,-1.388,-162.2,0.00,AVOID(조향OFF)|LEFT,,8.00,0.70,-0.0,-1.2,4378
25.15,-14.212,-1.389,-162.2,0.02,AVOID(조향OFF)|LEFT,,8.00,0.70,-0.0,-1.2,4378
25.20,-14.212,-1.389,-162.2,0.02,AVOID(조향OFF)|LEFT,,8.00,0.70,-0.0,-1.2,4378
25.25,-14.212,-1.387,-162.2,-0.01,AVOID(조향OFF)|LEFT,,8.00,0.70,-0.0,-1.2,4378
25.30,-14.212,-1.387,-162.2,-0.01,AVOID(조향OFF)|LEFT,,8.00,0.70,-0.0,-1.2,4361
25.35,-14.219,-1.384,-162.2,0.05,AVOID(조향OFF)|LEFT,,8.00,0.70,-0.0,-1.2,4361
25.40,-14.219,-1.384,-162.1,0.05,AVOID(조향OFF)|LEFT,,8.00,0.70,-0.0,-1.2,4378
25.45,-14.219,-1.385,-162.1,-0.00,AVOID(조향OFF)|LEFT,,8.00,0.70,-0.0,-1.2,4361
25.50,-14.219,-1.385,-162.1,-0.00,AVOID(조향OFF)|LEFT,,8.00,0.70,-0.1,-1.2,4378
25.55,-14.226,-1.391,-162.2,0.09,AVOID(조향OFF)|LEFT,,8.00,0.70,-0.1,-1.2,4361
25.60,-14.226,-1.391,-162.2,0.09,AVOID(조향OFF)|LEFT,,8.00,0.70,-0.0,-1.1,4361
25.65,-14.234,-1.395,-162.2,0.10,AVOID(조향OFF)|LEFT,,8.00,0.70,-0.0,-1.2,4378
25.70,-14.234,-1.395,-162.2,0.10,AVOID(조향OFF)|LEFT,,8.00,0.70,-0.0,-1.2,4378
25.75,-14.244,-1.403,-162.2,0.12,AVOID(조향OFF)|LEFT,,8.00,0.70,-0.0,-1.2,4361
25.80,-14.244,-1.403,-162.2,0.12,AVOID(조향OFF)|LEFT,,8.00,0.70,0.1,-1.2,4378
25.85,-14.256,-1.408,-162.2,0.12,AVOID(조향OFF)|LEFT,,8.00,0.70,0.1,-1.2,4361
25.90,-14.256,-1.408,-162.2,0.12,AVOID(조향OFF)|LEFT,,8.00,0.70,0.1,-1.2,4378
25.95,-14.266,-1.418,-162.3,0.14,AVOID(조향OFF)|LEFT,,8.00,0.70,0.1,-1.1,4395
26.00,-14.266,-1.418,-162.3,0.14,AVOID(조향OFF)|LEFT,,8.00,0.70,0.1,-1.2,4378
26.05,-14.282,-1.431,-162.3,0.17,AVOID(조향OFF)|LEFT,,8.00,0.70,0.1,-1.2,4361
26.10,-14.282,-1.431,-162.3,0.17,AVOID(조향OFF)|LEFT,,8.00,0.70,0.2,-1.2,4378
26.15,-14.302,-1.451,-162.3,0.28,AVOID(조향OFF)|LEFT,,8.00,0.70,0.2,-1.2,4361
26.20,-14.302,-1.451,-162.3,0.28,AVOID(조향OFF)|LEFT,,8.00,0.70,0.2,-1.1,4361
26.25,-14.321,-1.464,-162.4,0.23,AVOID(조향OFF)|LEFT,,8.00,0.70,0.2,-1.2,4378
26.30,-14.321,-1.464,-162.4,0.23,AVOID(조향OFF)|LEFT,,8.00,0.70,0.3,-1.2,4378
26.35,-14.347,-1.478,-162.5,0.28,AVOID(조향OFF)|LEFT,,8.00,0.70,0.3,-1.2,4361
26.40,-14.347,-1.478,-162.5,0.28,AVOID(조향OFF)|LEFT,,8.00,0.70,0.5,-1.2,4361
26.45,-14.371,-1.501,-162.5,0.30,AVOID(조향OFF)|LEFT,,8.00,0.70,0.5,-1.2,4361
26.50,-14.371,-1.501,-162.5,0.30,AVOID(조향OFF)|LEFT,,8.00,0.70,0.5,-1.1,4378
26.55,-14.401,-1.522,-162.6,0.29,AVOID(조향OFF)|LEFT,,8.00,0.70,0.5,-1.1,4361
26.60,-14.401,-1.522,-162.6,0.29,AVOID(조향OFF)|LEFT,,8.00,0.70,0.6,-1.2,4378
26.65,-14.434,-1.537,-162.6,0.46,AVOID(조향OFF)|LEFT,,8.00,0.70,0.6,-1.2,4344
26.70,-14.434,-1.537,-162.6,0.46,AVOID(조향OFF)|LEFT,,8.00,0.70,0.6,-1.2,4361
26.75,-14.471,-1.556,-162.7,0.37,AVOID(조향OFF)|LEFT,,8.00,0.70,0.6,-1.2,4361
26.80,-14.471,-1.556,-162.7,0.37,AVOID(조향OFF)|LEFT,,8.00,0.70,0.8,-1.2,4361
26.85,-14.502,-1.580,-162.8,0.37,AVOID(조향OFF)|LEFT,,8.00,0.70,0.8,-1.2,4361
26.90,-14.502,-1.580,-162.8,0.37,AVOID(조향OFF)|LEFT,,8.00,0.70,0.9,-1.2,4361
26.95,-14.536,-1.600,-162.9,0.42,AVOID(조향OFF)|LEFT,,8.00,0.70,0.9,-1.2,4361
27.00,-14.536,-1.600,-162.9,0.42,AVOID(조향OFF)|LEFT,,8.00,0.70,1.1,-1.1,4361
27.05,-14.573,-1.629,-163.0,0.40,AVOID(조향OFF)|LEFT,,8.00,0.70,1.1,-1.2,4361
27.10,-14.573,-1.629,-163.0,0.40,AVOID(조향OFF)|LEFT,,8.00,0.70,1.2,-1.1,4361
27.15,-14.610,-1.654,-163.1,0.42,AVOID(조향OFF)|LEFT,,8.00,0.70,1.2,-0.6,4328
27.20,-14.610,-1.654,-163.1,0.42,AVOID(조향OFF)|LEFT,,8.00,0.70,1.4,-0.4,4295
27.25,-14.646,-1.682,-163.2,0.43,AVOID(조향OFF)|LEFT,,8.00,0.70,1.4,-0.4,4295
27.30,-14.646,-1.682,-163.2,0.43,AVOID(조향OFF)|LEFT,,8.00,0.70,1.6,-0.4,4278
27.35,-14.687,-1.706,-163.3,0.47,AVOID(조향OFF)|LEFT,,8.00,0.70,1.6,-0.3,4262
27.40,-14.687,-1.706,-163.4,0.47,AVOID(조향OFF)|LEFT,,8.00,0.70,1.8,-0.3,4278
27.45,-14.730,-1.730,-163.4,0.53,AVOID(조향OFF)|LEFT,,8.00,0.70,1.8,-0.3,4262
27.50,-14.730,-1.730,-163.5,0.53,AVOID(조향OFF)|LEFT,,8.00,0.70,1.9,-0.4,4295
27.55,-14.774,-1.756,-163.6,0.45,AVOID(조향OFF)|LEFT,,8.00,0.70,1.9,-0.4,4278
27.60,-14.774,-1.756,-163.6,0.45,AVOID(조향OFF)|LEFT,,8.00,0.70,2.2,-0.4,4262
27.65,-14.814,-1.786,-163.7,0.47,AVOID(조향OFF)|LEFT,,8.00,0.70,2.2,-0.4,4278
27.70,-14.814,-1.786,-163.8,0.47,AVOID(조향OFF)|LEFT,,8.00,0.70,2.4,-0.4,4295
27.75,-14.857,-1.814,-163.9,0.49,AVOID(조향OFF)|LEFT,,8.00,0.70,2.4,0.5,4183
27.80,-14.857,-1.814,-163.9,0.49,AVOID(조향OFF)|LEFT,,8.00,0.70,2.5,0.8,4137
27.85,-14.902,-1.843,-163.9,0.57,AVOID(조향OFF)|LEFT,,8.00,0.70,2.5,0.7,4121
27.90,-14.902,-1.843,-163.9,0.57,AVOID(조향OFF)|LEFT,,8.00,0.70,2.6,0.7,4121
27.95,-14.950,-1.873,-163.9,0.49,AVOID(조향OFF)|LEFT,,8.00,0.70,2.6,0.7,4106
28.00,-14.950,-1.873,-163.9,0.49,AVOID(조향OFF)|LEFT,,8.00,0.70,2.6,0.7,4121
28.05,-14.998,-1.898,-164.0,0.59,AVOID(조향OFF)|LEFT,,8.00,0.70,2.6,0.8,4106
28.10,-14.998,-1.898,-163.9,0.59,AVOID(조향OFF)|LEFT,,8.00,0.70,2.7,0.8,4106
28.15,-15.045,-1.927,-163.9,0.53,AVOID(조향OFF)|LEFT,,8.00,0.70,2.7,0.8,4121
28.20,-15.045,-1.927,-164.0,0.53,AVOID(조향OFF)|LEFT,,8.00,0.70,2.6,0.8,4092
28.25,-15.093,-1.959,-164.0,0.50,AVOID(조향OFF)|LEFT,,8.00,0.70,2.6,0.9,4077
28.30,-15.093,-1.959,-163.9,0.50,AVOID(조향OFF)|LEFT,,8.00,0.70,2.7,0.9,4092
28.35,-15.137,-1.991,-164.0,0.57,AVOID(조향OFF)|LEFT,,8.00,0.70,2.7,1.0,4077
28.40,-15.137,-1.991,-164.0,0.57,AVOID(조향OFF)|LEFT,,8.00,0.70,2.7,1.0,4062
28.45,-15.190,-2.021,-164.0,0.59,AVOID(조향OFF)|LEFT,,8.00,0.70,2.7,1.0,4077
28.50,-15.190,-2.021,-164.0,0.59,AVOID(조향OFF)|LEFT,,8.00,0.70,2.7,1.0,4077
28.55,-15.243,-2.054,-163.9,0.50,AVOID(조향OFF)|LEFT,,8.00,0.70,2.7,1.0,4077
28.60,-15.243,-2.054,-164.0,0.50,AVOID(조향OFF)|LEFT,,8.00,0.70,2.6,1.0,4077
28.65,-15.292,-2.085,-164.0,0.70,AVOID(조향OFF)|LEFT,,8.00,0.70,2.6,0.9,4077
28.70,-15.292,-2.085,-164.0,0.70,AVOID(조향OFF)|LEFT,,8.00,0.70,2.7,1.0,4077
28.75,-15.345,-2.118,-164.0,0.50,AVOID(조향OFF)|LEFT,,8.00,0.70,2.7,0.9,4077
28.80,-15.345,-2.118,-164.0,0.50,AVOID(조향OFF)|LEFT,,8.00,0.70,2.7,1.0,4077
28.85,-15.397,-2.153,-164.0,0.67,AVOID(조향OFF)|LEFT,,8.00,0.70,2.7,1.0,4062
28.90,-15.397,-2.153,-164.0,0.67,AVOID(조향OFF)|LEFT,,8.00,0.70,2.7,1.0,4077
28.95,-15.453,-2.190,-164.0,0.63,AVOID(조향OFF)|LEFT,,8.00,0.70,2.7,0.9,4062
29.00,-15.453,-2.190,-164.0,0.63,AVOID(조향OFF)|LEFT,,8.00,0.70,2.8,1.0,4077
29.05,-15.510,-2.228,-164.0,0.66,AVOID(조향OFF)|LEFT,,8.00,0.70,2.8,1.0,4077
29.10,-15.510,-2.228,-164.0,0.66,AVOID(조향OFF)|LEFT,,8.00,0.70,2.8,1.0,4062
29.15,-15.561,-2.267,-164.1,0.60,AVOID(조향OFF)|LEFT,,8.00,0.70,2.8,0.9,4062
29.20,-15.561,-2.267,-164.1,0.60,AVOID(조향OFF)|LEFT,,8.00,0.70,2.8,1.0,4077
29.25,-15.620,-2.300,-164.0,0.66,AVOID(조향OFF)|LEFT,,8.00,0.70,2.8,1.0,4062
29.30,-15.620,-2.300,-164.0,0.66,AVOID(조향OFF)|LEFT,,8.00,0.70,2.8,1.0,4062
29.35,-15.674,-2.336,-164.0,0.69,AVOID(조향OFF)|LEFT,,8.00,0.70,2.8,1.0,4092
29.40,-15.674,-2.336,-164.0,0.69,AVOID(조향OFF)|LEFT,,8.00,0.70,2.7,1.0,4062
29.45,-15.733,-2.373,-164.0,0.61,AVOID(조향OFF)|LEFT,,8.00,0.70,2.7,1.0,4077
29.50,-15.733,-2.373,-164.0,0.61,AVOID(조향OFF)|LEFT,,8.00,0.70,2.7,1.0,4077
29.55,-15.792,-2.407,-163.9,0.60,AVOID(조향OFF)|LEFT,,8.00,0.70,2.7,1.0,4062
29.60,-15.792,-2.407,-164.0,0.60,AVOID(조향OFF)|LEFT,,8.00,0.70,2.6,1.0,4077
29.65,-15.844,-2.447,-163.9,0.69,AVOID(조향OFF)|LEFT,,8.00,0.70,2.6,1.0,4062
29.70,-15.844,-2.447,-163.9,0.69,AVOID(조향OFF)|LEFT,,8.00,0.70,2.5,1.0,4062
29.75,-15.906,-2.479,-163.8,0.68,AVOID(조향OFF)|LEFT,,8.00,0.70,2.5,1.0,4062
29.80,-15.906,-2.479,-163.8,0.68,AVOID(조향OFF)|LEFT,,8.00,0.70,2.5,1.0,4062
29.85,-15.965,-2.515,-163.8,0.66,AVOID(조향OFF)|LEFT,,8.00,0.70,2.5,1.0,4062
29.90,-15.965,-2.515,-163.8,0.66,AVOID(조향OFF)|LEFT,,8.00,0.70,2.4,1.0,4077
29.95,-16.029,-2.558,-163.7,0.74,AVOID(조향OFF)|LEFT,,8.00,0.70,2.4,0.9,4077
30.00,-16.029,-2.558,-163.7,0.74,AVOID(조향OFF)|LEFT,,8.00,0.70,2.3,1.0,4062
30.05,-16.083,-2.597,-163.7,0.62,AVOID(조향OFF)|LEFT,,8.00,0.70,2.3,1.0,4062
30.10,-16.083,-2.597,-163.7,0.62,AVOID(조향OFF)|LEFT,,8.00,0.70,2.3,1.0,4062
30.15,-16.138,-2.631,-163.6,0.63,AVOID(조향OFF)|LEFT,,8.00,0.70,2.3,1.0,4062
30.20,-16.138,-2.631,-163.6,0.63,AVOID(조향OFF)|LEFT,,8.00,0.70,2.1,0.9,4062
30.25,-16.205,-2.676,-163.7,0.85,AVOID(조향OFF)|LEFT,,8.00,0.70,2.1,1.0,4062
30.30,-16.205,-2.676,-163.7,0.85,AVOID(조향OFF)|LEFT,,8.00,0.70,2.3,1.0,4077
30.35,-16.259,-2.716,-163.7,0.57,AVOID(조향OFF)|LEFT,,8.00,0.70,2.3,1.0,4062
30.40,-16.259,-2.716,-163.7,0.57,AVOID(조향OFF)|LEFT,,8.00,0.70,2.2,1.0,4077
30.45,-16.324,-2.756,-163.6,0.74,AVOID(조향OFF)|LEFT,,8.00,0.70,2.2,1.0,4077
30.50,-16.324,-2.756,-163.6,0.74,AVOID(조향OFF)|LEFT,,8.00,0.70,2.2,1.0,4062
30.55,-16.383,-2.799,-163.6,0.63,AVOID(조향OFF)|LEFT,,8.00,0.70,2.2,0.9,4077
30.60,-16.383,-2.799,-163.6,0.63,AVOID(조향OFF)|LEFT,,8.00,0.70,2.2,1.0,4062
30.65,-16.446,-2.837,-163.6,0.79,AVOID(조향OFF)|LEFT,,8.00,0.70,2.2,1.0,4077
30.70,-16.446,-2.837,-163.6,0.79,AVOID(조향OFF)|LEFT,,8.00,0.70,2.1,1.0,4062
30.75,-16.515,-2.875,-163.6,0.77,AVOID(조향OFF)|LEFT,,8.00,0.70,2.1,1.0,4062
30.80,-16.515,-2.875,-163.6,0.77,AVOID(조향OFF)|LEFT,,8.00,0.70,2.1,1.0,4062
30.85,-16.571,-2.919,-163.6,0.74,AVOID(조향OFF)|LEFT,,8.00,0.70,2.1,0.9,4062
30.90,-16.571,-2.919,-163.5,0.74,AVOID(조향OFF)|LEFT,,8.00,0.70,2.0,1.0,4092
30.95,-16.637,-2.959,-163.5,0.68,AVOID(조향OFF)|LEFT,,8.00,0.70,2.0,0.9,4077
31.00,-16.637,-2.959,-163.5,0.68,AVOID(조향OFF)|LEFT,,8.00,0.70,2.1,1.0,4077
31.05,-16.703,-2.993,-163.5,0.81,AVOID(조향OFF)|LEFT,,8.00,0.70,2.1,1.0,4077
31.10,-16.703,-2.993,-163.5,0.81,AVOID(조향OFF)|LEFT,,8.00,0.70,2.0,1.0,4062
31.15,-16.764,-3.037,-163.6,0.71,AVOID(조향OFF)|LEFT,,8.00,0.70,2.0,1.0,4062
31.20,-16.764,-3.037,-163.6,0.71,AVOID(조향OFF)|LEFT,,8.00,0.70,2.1,1.0,4062
31.25,-16.828,-3.082,-163.6,0.67,AVOID(조향OFF)|LEFT,,8.00,0.70,2.1,1.0,4062
31.30,-16.828,-3.082,-163.6,0.67,AVOID(조향OFF)|LEFT,,8.00,0.70,2.2,1.0,4077
31.35,-16.889,-3.122,-163.7,0.70,AVOID(조향OFF)|LEFT,,8.00,0.70,2.2,1.0,4062
31.40,-16.889,-3.122,-163.7,0.70,AVOID(조향OFF)|LEFT,,8.00,0.70,2.3,1.0,4062
31.45,-16.952,-3.169,-163.7,0.74,AVOID(조향OFF)|LEFT,,8.00,0.70,2.3,1.0,4062
31.50,-16.952,-3.169,-163.8,0.74,AVOID(조향OFF)|LEFT,,8.00,0.70,2.3,1.0,4047
31.55,-17.020,-3.211,-163.8,0.70,AVOID(조향OFF)|LEFT,,8.00,0.70,2.3,1.0,4062
31.60,-17.020,-3.211,-163.8,0.70,AVOID(조향OFF)|LEFT,,8.00,0.70,2.4,1.0,4077
31.65,-17.077,-3.255,-163.8,0.74,AVOID(조향OFF)|LEFT,,8.00,0.70,2.4,1.0,4062
31.70,-17.077,-3.255,-163.7,0.74,AVOID(조향OFF)|LEFT,,8.00,0.70,2.4,1.0,4062
31.75,-17.151,-3.302,-163.7,0.84,AVOID(조향OFF)|LEFT,,8.00,0.70,2.4,1.0,4062
31.80,-17.151,-3.302,-163.7,0.84,AVOID(조향OFF)|LEFT,,8.00,0.70,2.3,1.0,4062
31.85,-17.223,-3.342,-163.7,0.73,AVOID(조향OFF)|LEFT,,8.00,0.70,2.3,1.5,4033
31.90,-17.223,-3.342,-163.7,0.73,AVOID(조향OFF)|LEFT,,8.00,0.70,2.3,1.5,3976
31.95,-17.290,-3.387,-163.6,0.77,AVOID(조향OFF)|LEFT,,8.00,0.70,2.3,1.6,3990
32.00,-17.290,-3.387,-163.5,0.77,AVOID(조향OFF)|LEFT,,8.00,0.70,2.1,1.5,3976
32.05,-17.350,-3.431,-163.5,0.88,BLOCKED(조향OFF)|STOP,,2.75,0.70,2.1,1.6,3976
32.10,-17.350,-3.431,-163.5,0.88,BLOCKED(조향OFF)|STOP,,2.75,0.70,2.0,1.6,3962
32.15,-17.424,-3.474,-163.4,0.76,AVOID(조향OFF)|LEFT,,8.00,0.70,2.0,1.5,3962
32.20,-17.424,-3.474,-163.4,0.76,AVOID(조향OFF)|LEFT,,8.00,0.70,1.8,1.6,3962
32.25,-17.492,-3.522,-163.3,0.78,AVOID(조향OFF)|LEFT,,8.00,0.70,1.8,1.6,3962
32.30,-17.492,-3.522,-163.3,0.78,AVOID(조향OFF)|LEFT,,8.00,0.70,1.7,1.6,3962
32.35,-17.561,-3.570,-163.3,0.90,BLOCKED(조향OFF)|STOP,,2.75,0.70,1.7,1.6,3962
32.40,-17.561,-3.570,-163.3,0.90,BLOCKED(조향OFF)|STOP,,2.75,0.70,1.7,1.6,3948
32.45,-17.634,-3.619,-163.3,0.84,AVOID(조향OFF)|LEFT,,8.00,0.70,1.7,1.6,3976
32.50,-17.634,-3.619,-163.2,0.84,AVOID(조향OFF)|LEFT,,8.00,0.70,1.6,1.6,3920
32.55,-17.707,-3.664,-163.2,0.69,AVOID(조향OFF)|LEFT,,8.00,0.70,1.6,1.6,3962
32.60,-17.707,-3.664,-163.2,0.69,AVOID(조향OFF)|LEFT,,8.00,0.70,1.6,1.6,3962
32.65,-17.777,-3.721,-163.2,1.03,BLOCKED(조향OFF)|STOP,,2.76,0.70,1.6,1.6,3962
32.70,-17.777,-3.721,-163.1,1.03,BLOCKED(조향OFF)|STOP,,2.76,0.70,1.5,1.6,3962
32.75,-17.848,-3.769,-163.1,0.75,BLOCKED(조향OFF)|STOP,,2.76,0.70,1.5,1.6,3962
32.80,-17.848,-3.769,-163.1,0.75,BLOCKED(조향OFF)|STOP,,2.76,0.70,1.4,1.6,3962
32.85,-17.924,-3.813,-163.0,0.95,BLOCKED(조향OFF)|STOP,,2.72,0.70,1.4,1.6,3962
32.90,-17.924,-3.813,-163.0,0.95,BLOCKED(조향OFF)|STOP,,2.72,0.70,1.2,1.6,3962
32.95,-18.001,-3.857,-162.9,0.87,BLOCKED(조향OFF)|STOP,,2.73,0.70,1.2,1.5,3962
33.00,-18.001,-3.857,-162.8,0.87,BLOCKED(조향OFF)|STOP,,2.73,0.70,1.1,1.6,3948
33.05,-18.072,-3.912,-162.8,0.76,AVOID(조향OFF)|LEFT,,8.00,0.70,1.1,1.6,3948
33.10,-18.072,-3.912,-162.7,0.76,BLOCKED(조향OFF)|STOP,,2.70,0.70,0.9,1.5,3962
33.15,-18.149,-3.962,-162.7,0.89,BLOCKED(조향OFF)|STOP,,2.70,0.70,0.9,1.6,3962
33.20,-18.149,-3.962,-162.7,0.89,BLOCKED(조향OFF)|STOP,,2.72,0.70,0.8,1.6,3962
33.25,-18.226,-4.014,-162.7,0.99,BLOCKED(조향OFF)|STOP,,2.72,0.70,0.8,1.6,3976
33.30,-18.226,-4.014,-162.7,0.99,AVOID(조향OFF)|LEFT,,8.00,0.70,0.7,1.6,3948
33.35,-18.301,-4.069,-162.6,0.88,AVOID(조향OFF)|LEFT,,8.00,0.70,0.7,1.6,3962
33.40,-18.301,-4.069,-162.6,0.88,AVOID(조향OFF)|LEFT,,8.00,0.70,0.7,1.6,3976
33.45,-18.372,-4.126,-162.6,0.85,AVOID(조향OFF)|LEFT,,8.00,0.70,0.7,1.6,3962
33.50,-18.372,-4.126,-162.5,0.85,AVOID(조향OFF)|LEFT,,8.00,0.70,0.6,1.6,3962
33.55,-18.448,-4.173,-162.5,0.78,AVOID(조향OFF)|LEFT,,8.00,0.70,0.6,1.6,3962
33.60,-18.448,-4.173,-162.4,0.78,BLOCKED(조향OFF)|STOP,,2.75,0.70,0.4,1.6,3948
33.65,-18.533,-4.227,-162.4,0.98,BLOCKED(조향OFF)|STOP,,2.75,0.70,0.4,1.6,3962
33.70,-18.533,-4.227,-162.4,0.98,AVOID(조향OFF)|LEFT,,8.00,0.70,0.3,1.6,3962
33.75,-18.609,-4.283,-162.2,0.99,AVOID(조향OFF)|LEFT,,8.00,0.70,0.3,1.6,3948
33.80,-18.609,-4.283,-162.2,0.99,AVOID(조향OFF)|LEFT,,8.00,0.70,0.1,1.6,3962
33.85,-18.688,-4.335,-162.2,0.91,AVOID(조향OFF)|LEFT,,8.00,0.70,0.1,1.6,3962
33.90,-18.688,-4.335,-162.1,0.91,AVOID(조향OFF)|LEFT,,8.00,0.70,-0.1,1.6,3962
33.95,-18.759,-4.392,-162.1,0.78,AVOID(조향OFF)|LEFT,,8.00,0.70,-0.1,1.0,4018
34.00,-18.759,-4.392,-162.0,0.78,AVOID(조향OFF)|LEFT,,8.00,0.70,-0.2,0.7,4062
34.05,-18.834,-4.449,-162.1,0.98,AVOID(조향OFF)|LEFT,,8.00,0.70,-0.2,0.7,4092
34.10,-18.834,-4.449,-162.1,0.98,AVOID(조향OFF)|LEFT,,8.00,0.70,-0.2,0.8,4077
34.15,-18.914,-4.500,-162.1,0.92,AVOID(조향OFF)|LEFT,,8.00,0.70,-0.2,0.8,4077
34.20,-18.914,-4.500,-162.1,0.92,AVOID(조향OFF)|LEFT,,8.00,0.70,-0.1,0.8,4077
34.25,-18.997,-4.554,-162.1,0.87,BLOCKED(조향OFF)|STOP,,2.77,0.70,-0.1,0.8,4077
34.30,-18.997,-4.554,-162.1,0.87,BLOCKED(조향OFF)|STOP,,2.77,0.70,-0.1,0.8,4092
34.35,-19.072,-4.616,-162.2,1.01,AVOID(조향OFF)|LEFT,,8.00,0.70,-0.1,0.8,4092
34.40,-19.072,-4.616,-162.2,1.01,AVOID(조향OFF)|LEFT,,8.00,0.70,-0.0,0.7,4106
34.45,-19.156,-4.671,-162.3,0.97,AVOID(조향OFF)|LEFT,,8.00,0.70,-0.0,0.8,4092
34.50,-19.156,-4.671,-162.2,0.97,AVOID(조향OFF)|LEFT,,8.00,0.70,0.0,0.7,4092
34.55,-19.238,-4.729,-162.2,0.80,BLOCKED(조향OFF)|STOP,,2.69,0.70,0.0,0.8,4106
34.60,-19.238,-4.729,-162.2,0.80,BLOCKED(조향OFF)|STOP,,2.69,0.70,0.0,0.8,4077
34.65,-19.317,-4.786,-162.1,1.02,BLOCKED(조향OFF)|STOP,,2.64,0.70,0.0,0.8,4106
34.70,-19.317,-4.786,-162.1,1.02,BLOCKED(조향OFF)|STOP,,2.64,0.70,-0.1,0.8,4106
34.75,-19.409,-4.838,-162.0,1.16,BLOCKED(조향OFF)|STOP,,2.64,0.70,-0.1,0.8,4092
34.80,-19.409,-4.838,-162.0,1.16,BLOCKED(조향OFF)|STOP,,2.64,0.70,-0.2,0.8,4106
34.85,-19.495,-4.889,-162.0,0.97,BLOCKED(조향OFF)|STOP,,2.68,0.70,-0.2,0.8,4106
34.90,-19.495,-4.889,-162.0,0.97,BLOCKED(조향OFF)|STOP,,2.68,0.70,-0.3,0.8,4106
34.95,-19.573,-4.944,-162.0,0.84,AVOID(조향OFF)|LEFT,,8.00,0.70,-0.3,0.7,4106
35.00,-19.573,-4.944,-162.0,0.84,AVOID(조향OFF)|LEFT,,8.00,0.70,-0.3,0.8,4106
35.05,-19.656,-5.003,-162.0,0.96,AVOID(조향OFF)|LEFT,,8.00,0.70,-0.3,0.8,4106
35.10,-19.656,-5.003,-162.0,0.96,AVOID(조향OFF)|LEFT,,8.00,0.70,-0.2,0.8,4092
35.15,-19.738,-5.058,-162.0,0.96,BLOCKED(조향OFF)|STOP,,2.66,0.70,-0.2,0.7,4092
35.20,-19.738,-5.058,-162.1,0.96,BLOCKED(조향OFF)|STOP,,2.66,0.70,-0.2,0.7,4092
35.25,-19.815,-5.116,-162.1,0.91,AVOID(조향OFF)|LEFT,,8.00,0.70,-0.2,0.7,4092
35.30,-19.815,-5.116,-162.1,0.91,AVOID(조향OFF)|LEFT,,8.00,0.70,-0.2,0.7,4092
35.35,-19.904,-5.172,-162.1,1.01,AVOID(조향OFF)|LEFT,,8.00,0.70,-0.2,0.8,4106
35.40,-19.904,-5.172,-162.1,1.01,AVOID(조향OFF)|LEFT,,8.00,0.70,-0.2,0.8,4106
35.45,-19.984,-5.228,-162.0,0.93,BLOCKED(조향OFF)|STOP,,2.51,0.70,-0.2,0.8,4106
35.50,-19.984,-5.228,-162.0,0.93,AVOID(조향OFF)|LEFT,,8.00,0.70,-0.2,0.8,4106
35.55,-20.072,-5.286,-162.0,0.92,AVOID(조향OFF)|LEFT,,8.00,0.70,-0.2,0.8,4106
35.60,-20.072,-5.286,-162.0,0.92,AVOID(조향OFF)|LEFT,,8.00,0.70,-0.3,0.8,4106
35.65,-20.072,-5.286,-161.9,0.92,AVOID(조향OFF)|LEFT,,8.00,0.70,-0.3,0.8,4106
35.70,-20.072,-5.286,-161.9,0.92,AVOID(조향OFF)|LEFT,,8.00,0.70,-0.4,0.8,4092
35.75,-20.233,-5.399,-161.9,1.00,AVOID(조향OFF)|LEFT,,8.00,0.70,-0.4,0.7,4077
35.80,-20.233,-5.399,-161.9,1.00,AVOID(조향OFF)|LEFT,,8.00,0.70,-0.4,0.7,4077
35.85,-20.310,-5.459,-161.9,1.02,AVOID(조향OFF)|LEFT,,8.00,0.70,-0.4,0.8,4106
35.90,-20.310,-5.459,-161.9,1.02,AVOID(조향OFF)|LEFT,,8.00,0.70,-0.4,0.7,4106
35.95,-20.397,-5.516,-161.9,0.92,AVOID(조향OFF)|LEFT,,8.00,0.70,-0.4,0.7,4106
36.00,-20.397,-5.516,-161.9,0.92,AVOID(조향OFF)|LEFT,,8.00,0.70,-0.4,0.7,4106
36.05,-20.477,-5.572,-161.9,1.00,AVOID(조향OFF)|LEFT,,8.00,0.70,-0.4,0.8,4106
36.10,-20.477,-5.572,-162.0,1.00,AVOID(조향OFF)|LEFT,,8.00,0.70,-0.3,0.8,4092
36.15,-20.558,-5.635,-162.0,0.97,AVOID(조향OFF)|LEFT,,8.00,0.70,-0.3,0.8,4106
36.20,-20.558,-5.635,-162.0,0.97,AVOID(조향OFF)|LEFT,,8.00,0.70,-0.3,0.8,4092
36.25,-20.639,-5.691,-162.0,0.97,AVOID(조향OFF)|LEFT,,8.00,0.70,-0.3,0.8,4092
36.30,-20.639,-5.691,-162.0,0.97,AVOID(조향OFF)|LEFT,,8.00,0.70,-0.3,0.8,4121
36.35,-20.728,-5.744,-161.9,0.92,AVOID(조향OFF)|LEFT,,8.00,0.70,-0.3,0.8,4092
36.40,-20.728,-5.744,-161.9,0.92,AVOID(조향OFF)|LEFT,,8.00,0.70,-0.4,0.8,4092
36.45,-20.806,-5.801,-161.9,1.03,AVOID(조향OFF)|LEFT,,8.00,0.70,-0.4,0.8,4106
36.50,-20.806,-5.801,-161.9,1.03,AVOID(조향OFF)|LEFT,,8.00,0.70,-0.4,0.8,4092
36.55,-20.888,-5.856,-161.8,0.86,AVOID(조향OFF)|LEFT,,8.00,0.70,-0.4,0.8,4092
36.60,-20.888,-5.856,-161.8,0.86,AVOID(조향OFF)|LEFT,,8.00,0.70,-0.6,0.7,4106
36.65,-20.976,-5.913,-161.8,0.92,AVOID(조향OFF)|LEFT,,8.00,0.70,-0.6,0.8,4092
36.70,-20.976,-5.913,-161.8,0.92,AVOID(조향OFF)|LEFT,,8.00,0.70,-0.6,0.8,4092
36.75,-21.051,-5.973,-161.8,1.13,AVOID(조향OFF)|LEFT,,8.00,0.70,-0.6,0.8,4106
36.80,-21.051,-5.973,-161.8,1.13,AVOID(조향OFF)|LEFT,,8.00,0.70,-0.6,0.8,4106
36.85,-21.134,-6.031,-161.8,0.98,AVOID(조향OFF)|LEFT,,8.00,0.70,-0.6,0.8,4106
36.90,-21.134,-6.031,-161.8,0.98,AVOID(조향OFF)|LEFT,,8.00,0.70,-0.6,0.9,4106
36.95,-21.217,-6.084,-161.8,0.86,AVOID(조향OFF)|LEFT,,8.00,0.70,-0.6,0.8,4092
37.00,-21.217,-6.084,-161.8,0.86,AVOID(조향OFF)|LEFT,,8.00,0.70,-0.6,0.7,4077
37.05,-21.301,-6.145,-161.8,1.10,AVOID(조향OFF)|LEFT,,8.00,0.70,-0.6,0.8,4092
37.10,-21.301,-6.145,-161.8,1.10,AVOID(조향OFF)|LEFT,,8.00,0.70,-0.5,0.8,4106
37.15,-21.380,-6.205,-161.9,0.85,BLOCKED(조향OFF)|STOP,,2.06,0.70,-0.5,0.7,4077
37.20,-21.380,-6.205,-161.8,0.85,BLOCKED(조향OFF)|STOP,,2.06,0.70,-0.5,0.8,4092
37.25,-21.464,-6.259,-161.8,0.97,AVOID(조향OFF)|LEFT,,8.00,0.70,-0.5,0.7,4092
37.30,-21.464,-6.259,-161.8,0.97,AVOID(조향OFF)|LEFT,,8.00,0.70,-0.5,0.8,4092
37.35,-21.542,-6.317,-161.8,1.03,AVOID(조향OFF)|LEFT,,8.00,0.70,-0.5,0.8,4092
37.40,-21.542,-6.317,-161.8,1.03,AVOID(조향OFF)|LEFT,,8.00,0.70,-0.6,0.8,4092
37.45,-21.631,-6.377,-161.8,1.04,AVOID(조향OFF)|LEFT,,8.00,0.70,-0.6,0.8,4092
37.50,-21.631,-6.377,-161.7,1.04,AVOID(조향OFF)|LEFT,,8.00,0.70,-0.6,0.7,4092
37.55,-21.710,-6.432,-161.8,0.77,AVOID(조향OFF)|LEFT,,8.00,0.70,-0.6,0.7,4121
37.60,-21.710,-6.432,-161.8,0.77,AVOID(조향OFF)|LEFT,,8.00,0.70,-0.6,0.7,4106
37.65,-21.795,-6.492,-161.8,1.10,AVOID(조향OFF)|LEFT,,8.00,0.70,-0.6,0.7,4106
37.70,-21.795,-6.492,-161.8,1.10,AVOID(조향OFF)|LEFT,,8.00,0.70,-0.6,0.7,4092
37.75,-21.874,-6.544,-161.9,0.92,AVOID(조향OFF)|LEFT,,8.00,0.70,-0.6,0.7,4106
37.80,-21.874,-6.544,-161.9,0.92,AVOID(조향OFF)|LEFT,,8.00,0.70,-0.5,0.7,4092
37.85,-21.954,-6.606,-161.9,0.95,AVOID(조향OFF)|LEFT,,8.00,0.70,-0.5,0.7,4106
37.90,-21.954,-6.606,-161.9,0.95,AVOID(조향OFF)|LEFT,,8.00,0.70,-0.4,0.7,4092
37.95,-22.040,-6.659,-161.9,0.99,AVOID(조향OFF)|LEFT,,8.00,0.70,-0.4,0.7,4106
38.00,-22.040,-6.659,-161.9,0.99,AVOID(조향OFF)|LEFT,,8.00,0.70,-0.4,0.7,4106
38.05,-22.122,-6.711,-162.0,0.94,AVOID(조향OFF)|LEFT,,8.00,0.70,-0.4,0.7,4106
38.10,-22.122,-6.711,-161.9,0.94,AVOID(조향OFF)|LEFT,,8.00,0.70,-0.4,0.7,4121
38.15,-22.206,-6.776,-161.9,1.00,AVOID(조향OFF)|LEFT,,8.00,0.70,-0.4,0.7,4106
38.20,-22.206,-6.776,-161.9,1.00,AVOID(조향OFF)|LEFT,,8.00,0.70,-0.4,0.7,4092
38.25,-22.286,-6.825,-161.9,1.01,AVOID(조향OFF)|LEFT,,8.00,0.70,-0.4,0.7,4092
38.30,-22.286,-6.825,-161.9,1.01,AVOID(조향OFF)|LEFT,,8.00,0.70,-0.4,0.7,4092
38.35,-22.373,-6.881,-161.8,1.01,AVOID(조향OFF)|LEFT,,8.00,0.70,-0.4,0.7,4106
38.40,-22.373,-6.881,-161.9,1.01,AVOID(조향OFF)|LEFT,,8.00,0.70,-0.5,0.7,4106
38.45,-22.447,-6.939,-162.0,0.88,AVOID(조향OFF)|LEFT,,8.00,0.70,-0.5,0.7,4106
38.50,-22.447,-6.939,-162.0,0.88,AVOID(조향OFF)|LEFT,,8.00,0.70,-0.3,0.7,4106
38.55,-22.535,-7.000,-145.2,0.85,AVOID(조향OFF)|LEFT,,8.00,0.70,-0.3,0.7,4121
38.60,-22.535,-7.000,-145.3,0.85,AVOID(조향OFF)|LEFT,,8.00,0.00,0.0,0.7,4106
38.65,-22.614,-7.059,-145.3,1.23,AVOID(조향OFF)|LEFT,,8.00,0.00,0.0,0.7,4106
38.70,-22.614,-7.059,-145.3,1.23,AVOID(조향OFF)|LEFT,,8.00,0.00,0.0,0.7,4106
38.75,-22.697,-7.119,-145.4,0.93,AVOID(조향OFF)|LEFT,,8.00,0.00,0.0,0.7,4106
38.80,-22.697,-7.119,-145.4,0.93,AVOID(조향OFF)|LEFT,,8.00,0.00,0.0,0.7,4121
38.85,-22.776,-7.171,-145.3,0.94,AVOID(조향OFF)|LEFT,,8.00,0.00,0.0,0.7,4121
38.90,-22.776,-7.171,-145.3,0.94,AVOID(조향OFF)|LEFT,,8.00,0.00,0.0,0.7,4106
38.95,-22.849,-7.231,-145.4,0.94,BLOCKED(조향OFF)|STOP,,1.77,0.00,0.0,0.8,4106
39.00,-22.849,-7.231,-145.4,0.94,BLOCKED(조향OFF)|STOP,,1.77,0.00,0.0,0.7,4106
39.05,-22.921,-7.279,-145.4,0.96,AVOID(조향OFF)|LEFT,,8.00,0.00,0.0,0.7,4092
39.10,-22.921,-7.279,-145.5,0.96,AVOID(조향OFF)|LEFT,,8.00,0.00,0.0,0.7,4121
39.15,-22.979,-7.319,-145.4,0.71,AVOID(조향OFF)|LEFT,,8.00,0.00,0.0,0.7,4106
39.20,-22.979,-7.319,-145.4,0.71,AVOID(조향OFF)|LEFT,,8.00,0.00,0.0,0.7,4106
39.25,-23.048,-7.364,-145.4,0.83,AVOID(조향OFF)|LEFT,,8.00,0.00,0.0,0.7,4106
39.30,-23.048,-7.364,-145.4,0.83,AVOID(조향OFF)|LEFT,,8.00,0.00,0.0,0.8,4092
39.35,-23.102,-7.401,-145.4,0.65,AVOID(조향OFF)|LEFT,,8.00,0.00,0.0,0.7,4106
39.40,-23.102,-7.401,-145.4,0.65,AVOID(조향OFF)|LEFT,,8.00,0.00,0.0,0.7,4121
39.45,-23.146,-7.438,-145.5,0.57,AVOID(조향OFF)|LEFT,,8.00,0.00,0.0,0.7,4121
39.50,-23.146,-7.438,-145.5,0.57,AVOID(조향OFF)|LEFT,,8.00,0.00,0.0,0.7,4106
39.55,-23.199,-7.473,-145.5,0.58,AVOID(조향OFF)|LEFT,,8.00,0.00,0.0,0.6,4092
39.60,-23.199,-7.473,-145.5,0.58,AVOID(조향OFF)|LEFT,,8.00,0.00,0.0,0.7,4106
39.65,-23.248,-7.500,-145.5,0.56,AVOID(조향OFF)|LEFT,,8.00,0.00,0.0,0.7,4106
39.70,-23.248,-7.500,-145.5,0.56,AVOID(조향OFF)|LEFT,,8.00,0.00,0.0,0.7,4092
39.75,-23.282,-7.530,-145.5,0.45,AVOID(조향OFF)|LEFT,,8.00,0.00,0.0,0.7,4106
39.80,-23.282,-7.530,-145.6,0.45,AVOID(조향OFF)|LEFT,,8.00,0.00,0.0,0.7,4106
39.85,-23.317,-7.553,-145.6,0.41,AVOID(조향OFF)|LEFT,,8.00,0.00,0.0,0.7,4106
39.90,-23.317,-7.553,-145.6,0.41,AVOID(조향OFF)|LEFT,,8.00,0.00,0.0,0.7,4121
39.95,-23.347,-7.575,-145.6,0.38,AVOID(조향OFF)|LEFT,,8.00,0.00,0.0,0.6,4121
40.00,-23.347,-7.575,-145.6,0.38,AVOID(조향OFF)|LEFT,,8.00,0.70,18.0,0.7,4106
40.05,-23.371,-7.597,-145.6,0.33,AVOID(조향OFF)|LEFT,,8.00,0.70,15.8,0.7,4121
40.10,-23.371,-7.597,-145.6,0.33,AVOID(조향OFF)|LEFT,,8.00,0.70,13.5,0.7,4106
40.15,-23.402,-7.612,-145.7,0.37,AVOID(조향OFF)|LEFT,,8.00,0.70,13.6,1.9,4004
40.20,-23.402,-7.612,-145.7,0.37,AVOID(조향OFF)|LEFT,,8.00,0.70,13.7,3.5,3776
40.25,-23.417,-7.625,-145.6,0.18,AVOID(조향OFF)|LEFT,,8.00,0.70,13.7,5.2,3549
40.30,-23.417,-7.625,-145.6,0.18,AVOID(조향OFF)|LEFT,,8.00,0.70,13.6,6.2,3399
40.35,-23.431,-7.639,-145.5,0.19,AVOID(조향OFF)|LEFT,,8.00,0.70,15.7,7.2,3242
40.40,-23.431,-7.639,-145.4,0.19,AVOID(조향OFF)|LEFT,,8.00,0.70,15.7,7.9,3152
40.45,-23.449,-7.651,-145.3,0.22,AVOID(조향OFF)|LEFT,,8.00,0.70,15.7,8.7,3033
40.50,-23.449,-7.651,-145.2,0.22,AVOID(조향OFF)|LEFT,,8.00,0.70,15.6,9.5,2922
40.55,-23.469,-7.670,-144.9,0.23,AVOID(조향OFF)|LEFT,,8.00,0.70,15.6,10.5,2820
40.60,-23.469,-7.670,-144.8,0.23,AVOID(조향OFF)|LEFT,,8.00,0.70,15.5,11.3,2731
40.65,-23.469,-7.670,-144.4,0.23,AVOID(조향OFF)|LEFT,,8.00,0.70,15.5,11.9,2641
40.70,-23.469,-7.670,-144.2,0.23,AVOID(조향OFF)|LEFT,,8.00,0.70,15.4,12.2,2616
40.75,-23.517,-7.708,-143.9,0.34,AVOID(조향OFF)|LEFT,,8.00,0.70,15.1,12.5,2575
40.80,-23.517,-7.708,-143.6,0.34,AVOID(조향OFF)|LEFT,,8.00,0.70,15.0,12.4,2557
40.85,-23.541,-7.730,-143.2,0.32,AVOID(조향OFF)|LEFT,,8.00,0.70,14.3,12.4,2551
40.90,-23.541,-7.730,-143.0,0.32,AVOID(조향OFF)|LEFT,,8.00,0.70,14.1,12.4,2540
40.95,-23.570,-7.756,-142.5,0.39,AVOID(조향OFF)|LEFT,,8.00,0.70,14.4,12.6,2506
41.00,-23.570,-7.756,-142.3,0.39,AVOID(조향OFF)|LEFT,,8.00,0.70,14.2,12.6,2517
41.05,-23.597,-7.789,-141.8,0.47,AVOID(조향OFF)|LEFT,,8.00,0.70,13.6,12.7,2500
41.10,-23.597,-7.789,-141.6,0.47,AVOID(조향OFF)|LEFT,,8.00,0.70,13.0,12.6,2506
41.15,-23.627,-7.820,-140.9,0.39,AVOID(조향OFF)|LEFT,,8.00,0.70,12.6,12.5,2506
41.20,-23.627,-7.820,-140.7,0.39,AVOID(조향OFF)|LEFT,,8.00,0.70,12.4,12.6,2506
41.25,-23.654,-7.859,-140.1,0.46,AVOID(조향OFF)|LEFT,,8.00,0.70,13.3,12.6,2489
41.30,-23.654,-7.859,-139.8,0.46,AVOID(조향OFF)|LEFT,,8.00,0.70,13.1,12.6,2495
41.35,-23.690,-7.890,-139.2,0.53,AVOID(조향OFF)|LEFT,,8.00,0.70,12.1,12.6,2495
41.40,-23.690,-7.890,-138.9,0.53,AVOID(조향OFF)|LEFT,,8.00,0.70,11.7,12.6,2495
41.45,-23.732,-7.926,-138.3,0.50,AVOID(조향OFF)|LEFT,,8.00,0.70,11.3,12.6,2484
41.50,-23.732,-7.926,-138.0,0.50,AVOID(조향OFF)|LEFT,,8.00,0.70,11.1,12.6,2484
41.55,-23.765,-7.963,-137.4,0.49,AVOID(조향OFF)|LEFT,,8.00,0.70,8.8,12.6,2484
41.60,-23.765,-7.963,-137.1,0.49,AVOID(조향OFF)|LEFT,,8.00,0.70,6.6,12.6,2484
41.65,-23.806,-8.000,-136.5,0.55,AVOID(조향OFF)|LEFT,,8.00,0.70,6.1,12.4,2500
41.70,-23.806,-8.000,-136.2,0.55,AVOID(조향OFF)|LEFT,,8.00,0.70,5.9,11.5,2563
41.75,-23.844,-8.051,-135.6,0.69,AVOID(조향OFF)|LEFT,,8.00,0.70,5.3,10.3,2660
41.80,-23.844,-8.051,-135.4,0.69,AVOID(조향OFF)|LEFT,,8.00,0.70,4.5,9.2,2771
41.85,-23.877,-8.097,-134.9,0.51,AVOID(조향OFF)|LEFT,,8.00,0.70,4.2,8.5,2841
41.90,-23.877,-8.097,-134.7,0.51,AVOID(조향OFF)|LEFT,,8.00,0.70,4.0,7.9,2907
41.95,-23.921,-8.144,-134.4,0.71,AVOID(조향OFF)|LEFT,,8.00,0.70,4.8,7.4,2976
42.00,-23.921,-8.144,-134.2,0.71,AVOID(조향OFF)|LEFT,,8.00,0.70,3.8,6.9,3041
42.05,-23.960,-8.185,-133.9,0.57,AVOID(조향OFF)|LEFT,,8.00,0.70,3.5,6.7,3083
42.10,-23.960,-8.185,-133.7,0.57,AVOID(조향OFF)|LEFT,,8.00,0.70,4.4,6.7,3108
42.15,-24.006,-8.236,-133.3,0.69,AVOID(조향OFF)|LEFT,,8.00,0.70,4.1,6.3,3160
42.20,-24.006,-8.236,-133.1,0.69,AVOID(조향OFF)|LEFT,,8.00,0.70,3.5,6.0,3187
42.25,-24.049,-8.287,-132.9,0.61,BLOCKED(조향OFF)|STOP,,3.55,0.70,3.2,6.0,3196
42.30,-24.049,-8.287,-132.7,0.61,BLOCKED(조향OFF)|STOP,,3.55,0.70,3.1,6.0,3215
42.35,-24.096,-8.342,-132.3,0.79,AVOID(조향OFF)|LEFT,,8.00,0.69,3.5,6.1,3224
42.40,-24.096,-8.342,-132.1,0.79,AVOID(조향OFF)|LEFT,,8.00,0.69,1.2,6.0,3224
42.45,-24.143,-8.397,-131.7,0.73,AVOID(조향OFF)|LEFT,,8.00,0.70,-0.2,6.1,3233
42.50,-24.143,-8.397,-131.6,0.73,AVOID(조향OFF)|LEFT,,8.00,0.70,-0.2,5.8,3252
42.55,-24.185,-8.450,-131.2,0.62,BLOCKED(조향OFF)|STOP,,3.49,0.70,-0.5,4.7,3349
42.60,-24.185,-8.450,-131.2,0.62,BLOCKED(조향OFF)|STOP,,3.49,0.67,-0.6,3.5,3505
42.65,-24.185,-8.450,-131.0,0.62,BLOCKED(조향OFF)|STOP,,2.75,0.67,-0.5,2.6,3630
42.70,-24.219,-8.514,-131.0,0.50,BLOCKED(조향OFF)|STOP,,2.75,0.58,-0.6,2.0,3713
42.75,-24.219,-8.514,-130.9,0.50,BLOCKED(조향OFF)|STOP,,2.66,0.49,-0.6,2.0,3763
42.80,-24.219,-8.514,-130.9,0.50,BLOCKED(조향OFF)|STOP,,2.66,0.46,-0.7,2.0,3788
42.85,-24.319,-8.634,-130.7,1.04,BLOCKED(조향OFF)|STOP,,2.58,0.46,-0.7,2.1,3801
42.90,-24.319,-8.634,-130.7,1.04,BLOCKED(조향OFF)|STOP,,2.58,0.45,-2.4,2.2,3801
42.95,-24.369,-8.695,-130.6,0.72,BLOCKED(조향OFF)|STOP,,2.50,0.45,-2.5,2.1,3827
43.00,-24.369,-8.695,-130.6,0.72,BLOCKED(조향OFF)|STOP,,2.50,0.43,-2.5,2.0,3814
43.05,-24.423,-8.756,-130.5,0.90,BLOCKED(조향OFF)|STOP,,2.44,0.43,-2.1,1.5,3907
43.10,-24.423,-8.756,-130.6,0.90,BLOCKED(조향OFF)|STOP,,2.44,0.41,-3.4,0.8,4004
43.15,-24.469,-8.827,-130.7,0.83,BLOCKED(조향OFF)|STOP,,2.36,0.41,-3.4,0.6,4047
43.20,-24.469,-8.827,-130.6,0.83,BLOCKED(조향OFF)|STOP,,2.36,0.39,-3.7,0.5,4062
43.25,-24.518,-8.891,-130.7,0.73,BLOCKED(조향OFF)|STOP,,2.29,0.39,-3.7,0.6,4062
43.30,-24.518,-8.891,-130.7,0.73,BLOCKED(조향OFF)|STOP,,2.21,0.37,-3.7,0.2,4106
43.35,-24.581,-8.953,-130.8,0.98,BLOCKED(조향OFF)|STOP,,2.21,0.37,-4.0,-0.1,4152
43.40,-24.581,-8.953,-130.9,0.98,BLOCKED(조향OFF)|STOP,,2.14,0.35,-4.2,-0.5,4214
43.45,-24.627,-9.027,-131.0,0.78,BLOCKED(조향OFF)|STOP,,2.14,0.35,-4.1,-0.5,4230
43.50,-24.627,-9.027,-131.0,0.78,BLOCKED(조향OFF)|STOP,,2.07,0.34,-4.1,-0.4,4214
43.55,-24.682,-9.099,-131.0,0.90,BLOCKED(조향OFF)|STOP,,2.07,0.32,-4.6,-0.5,4230
43.60,-24.682,-9.099,-131.1,0.90,BLOCKED(조향OFF)|STOP,,2.00,0.32,-4.6,-0.7,4246
43.65,-24.734,-9.166,-131.2,0.85,BLOCKED(조향OFF)|STOP,,2.00,0.30,-5.1,-1.0,4278
43.70,-24.734,-9.166,-131.2,0.85,BLOCKED(조향OFF)|STOP,,1.93,0.30,-5.0,-1.2,4295
43.75,-24.795,-9.235,-131.4,1.02,BLOCKED(조향OFF)|STOP,,1.93,0.28,-5.2,-1.3,4328
43.80,-24.795,-9.235,-131.4,1.02,BLOCKED(조향OFF)|STOP,,1.86,0.28,-5.4,-1.5,4328
43.85,-24.856,-9.306,-131.6,0.84,BLOCKED(조향OFF)|STOP,,1.86,0.26,-5.3,-1.8,4395
43.90,-24.856,-9.306,-131.8,0.84,BLOCKED(조향OFF)|STOP,,1.79,0.26,-5.2,-2.1,4412
43.95,-24.912,-9.380,-132.0,0.93,BLOCKED(조향OFF)|STOP,,1.79,0.25,-5.7,-2.3,4447
44.00,-24.912,-9.380,-132.2,0.93,BLOCKED(조향OFF)|STOP,,1.72,0.25,-5.6,-2.3,4430
44.05,-24.975,-9.448,-132.5,0.93,BLOCKED(조향OFF)|STOP,,1.72,0.25,-5.9,-2.3,4465
44.10,-24.975,-9.448,-132.6,0.93,BLOCKED(조향OFF)|STOP,,1.66,0.25,-5.8,-2.5,4483
44.15,-25.043,-9.515,-132.8,1.06,BLOCKED(조향OFF)|STOP,,1.60,0.25,-6.1,-2.5,4501
44.20,-25.043,-9.515,-133.0,1.06,BLOCKED(조향OFF)|STOP,,1.60,0.25,-5.4,-2.5,4483
44.25,-25.102,-9.588,-133.3,0.93,BLOCKED(조향OFF)|STOP,,1.54,0.25,-5.2,-2.5,4501
44.30,-25.102,-9.588,-133.4,0.93,BLOCKED(조향OFF)|STOP,,1.54,0.25,-5.8,-2.5,4483
44.35,-25.168,-9.665,-133.7,1.02,BLOCKED(조향OFF)|STOP,,1.48,0.25,-5.6,-2.5,4501
44.40,-25.168,-9.665,-133.8,1.02,BLOCKED(조향OFF)|STOP,,1.48,0.25,-6.0,-2.9,4537
44.45,-25.231,-9.734,-134.2,0.85,BLOCKED(조향OFF)|STOP,,1.43,0.25,-5.8,-3.1,4537
44.50,-25.231,-9.734,-134.3,0.85,BLOCKED(조향OFF)|STOP,,1.43,0.25,-5.7,-3.1,4537
44.55,-25.291,-9.806,-134.6,0.85,BLOCKED(조향OFF)|STOP,,1.38,0.25,-6.3,-3.3,4574
44.60,-25.291,-9.806,-134.7,0.85,BLOCKED(조향OFF)|STOP,,1.38,0.25,-6.2,-3.3,4574
44.65,-25.369,-9.878,-135.0,1.32,BLOCKED(조향OFF)|STOP,,1.34,0.25,-6.7,-3.3,4593
44.70,-25.369,-9.878,-135.2,1.32,BLOCKED(조향OFF)|STOP,,1.34,0.25,-6.1,-3.6,4593
44.75,-25.439,-9.947,-135.5,0.89,BLOCKED(조향OFF)|STOP,,1.30,0.25,-5.9,-3.6,4611
44.80,-25.439,-9.947,-135.7,0.89,BLOCKED(조향OFF)|STOP,,1.30,0.25,-5.8,-3.6,4611
44.85,-25.506,-10.017,-136.0,1.08,BLOCKED(조향OFF)|STOP,,2.12,0.25,-5.7,-3.6,4630
44.90,-25.506,-10.017,-136.2,1.08,BLOCKED(조향OFF)|STOP,,2.12,0.30,-5.7,-3.6,4611
44.95,-25.578,-10.090,-136.6,0.97,BLOCKED(조향OFF)|STOP,,2.04,0.33,-5.5,-3.7,4611
45.00,-25.578,-10.090,-136.8,0.97,BLOCKED(조향OFF)|STOP,,2.04,0.31,-5.4,-3.8,4630
45.05,-25.643,-10.162,-137.1,1.02,BLOCKED(조향OFF)|STOP,,1.96,0.31,-5.8,-3.8,4630
45.10,-25.643,-10.162,-137.3,1.02,BLOCKED(조향OFF)|STOP,,1.96,0.29,-6.2,-3.8,4611
45.15,-25.720,-10.231,-137.6,1.05,BLOCKED(조향OFF)|STOP,,1.88,0.29,-6.0,-3.9,4630
45.20,-25.720,-10.231,-137.8,1.05,BLOCKED(조향OFF)|STOP,,1.88,0.27,-6.3,-3.8,4630
45.25,-25.787,-10.304,-138.1,0.88,BLOCKED(조향OFF)|STOP,,1.81,0.27,-6.1,-3.8,4650
45.30,-25.787,-10.304,-138.3,0.88,BLOCKED(조향OFF)|STOP,,1.81,0.25,-6.0,-3.8,4669
45.35,-25.865,-10.373,-138.6,1.15,BLOCKED(조향OFF)|STOP,,1.73,0.25,-5.3,-3.8,4630
45.40,-25.865,-10.373,-138.9,1.15,BLOCKED(조향OFF)|STOP,,1.66,0.25,-5.0,-3.9,4650
45.45,-25.939,-10.442,-139.2,1.01,BLOCKED(조향OFF)|STOP,,1.66,0.25,-4.8,-3.8,4650
45.50,-25.939,-10.442,-139.4,1.01,BLOCKED(조향OFF)|STOP,,1.60,0.25,-5.5,-3.8,4650
45.55,-26.015,-10.508,-139.8,0.91,BLOCKED(조향OFF)|STOP,,1.60,0.25,-5.2,-3.8,4669
45.60,-26.015,-10.508,-139.9,0.91,BLOCKED(조향OFF)|STOP,,1.53,0.25,-5.1,-3.8,4650
45.65,-26.085,-10.574,-140.3,0.97,BLOCKED(조향OFF)|STOP,,1.53,0.25,-5.6,-3.8,4630
45.70,-26.085,-10.574,-140.5,0.97,BLOCKED(조향OFF)|STOP,,1.48,0.25,-5.5,-3.9,4669
45.75,-26.171,-10.639,-140.9,1.07,BLOCKED(조향OFF)|STOP,,1.48,0.25,-5.6,-3.8,4650
45.80,-26.171,-10.639,-141.1,1.07,BLOCKED(조향OFF)|STOP,,1.42,0.25,-5.5,-3.8,4650
45.85,-26.248,-10.702,-141.5,0.99,BLOCKED(조향OFF)|STOP,,1.42,0.25,-3.9,-3.7,4650
45.90,-26.248,-10.702,-141.7,0.99,BLOCKED(조향OFF)|STOP,,1.38,0.25,-3.8,-3.8,4669
45.95,-26.320,-10.767,-142.1,0.97,BLOCKED(조향OFF)|STOP,,1.38,0.25,-4.0,-3.9,4650
46.00,-26.320,-10.767,-142.2,0.97,BLOCKED(조향OFF)|STOP,,3.71,0.25,-3.9,-3.8,4650
46.05,-26.400,-10.836,-142.6,1.17,BLOCKED(조향OFF)|STOP,,3.71,0.30,-4.1,-3.8,4650
46.10,-26.400,-10.836,-142.8,1.17,AVOID(조향OFF)|LEFT,,8.00,0.35,-4.0,-3.9,4650
46.15,-26.482,-10.894,-143.1,0.92,AVOID(조향OFF)|LEFT,,8.00,0.40,-3.8,-3.8,4650
46.20,-26.482,-10.894,-143.2,0.92,AVOID(조향OFF)|LEFT,,8.00,0.45,-3.7,-3.8,4650
46.25,-26.558,-10.950,-143.6,0.94,AVOID(조향OFF)|LEFT,,8.00,0.50,-4.4,-3.8,4650
46.30,-26.558,-10.950,-143.7,0.94,AVOID(조향OFF)|LEFT,,8.00,0.55,-4.3,-3.8,4650
46.35,-26.643,-11.013,-144.0,1.18,AVOID(조향OFF)|LEFT,,8.00,0.60,-2.9,-3.8,4630
46.40,-26.643,-11.013,-144.2,1.18,AVOID(조향OFF)|LEFT,,8.00,0.65,-2.6,-3.8,4650
46.45,-26.724,-11.070,-144.5,0.99,AVOID(조향OFF)|LEFT,,8.00,0.69,-2.5,-3.8,4669
46.50,-26.724,-11.070,-144.7,0.99,AVOID(조향OFF)|LEFT,,8.00,0.69,-2.9,-3.8,4650
46.55,-26.798,-11.129,-145.1,0.78,AVOID(조향OFF)|LEFT,,8.00,0.69,-2.6,-3.9,4650
46.60,-26.798,-11.129,-145.3,0.78,AVOID(조향OFF)|LEFT,,8.00,0.69,-2.5,-3.8,4669
46.65,-26.885,-11.187,-145.6,1.16,AVOID(조향OFF)|LEFT,,8.00,0.69,-3.0,-3.8,4650
46.70,-26.885,-11.187,-145.8,1.16,AVOID(조향OFF)|LEFT,,8.00,0.69,-2.9,-3.8,4650
46.75,-26.961,-11.246,-146.2,0.96,AVOID(조향OFF)|LEFT,,8.00,0.69,-2.1,-3.8,4669
46.80,-26.961,-11.246,-146.4,0.96,AVOID(조향OFF)|LEFT,,8.00,0.69,-1.9,-3.8,4650
46.85,-27.035,-11.298,-146.8,0.83,AVOID(조향OFF)|LEFT,,8.00,0.69,-1.3,-3.8,4650
46.90,-27.035,-11.298,-146.9,0.83,AVOID(조향OFF)|LEFT,,8.00,0.69,-1.2,-3.8,4688
46.95,-27.124,-11.351,-147.3,1.14,AVOID(조향OFF)|LEFT,,8.00,0.69,-1.2,-3.8,4650
47.00,-27.124,-11.351,-147.4,1.14,AVOID(조향OFF)|LEFT,,8.00,0.69,-1.1,-3.8,4669
47.05,-27.204,-11.412,-147.8,1.00,AVOID(조향OFF)|LEFT,,8.00,0.69,-0.6,-3.7,4630
47.10,-27.204,-11.412,-147.9,1.00,AVOID(조향OFF)|LEFT,,8.00,0.69,-0.5,-3.3,4611
47.15,-27.274,-11.467,-148.2,0.89,AVOID(조향OFF)|LEFT,,8.00,0.69,-0.6,-2.8,4593
47.20,-27.274,-11.467,-148.3,0.89,AVOID(조향OFF)|LEFT,,8.00,0.69,-0.5,-2.9,4574
47.25,-27.274,-11.467,-148.6,0.89,AVOID(조향OFF)|LEFT,,8.00,0.69,-0.7,-2.8,4555
47.30,-27.370,-11.511,-148.7,0.75,AVOID(조향OFF)|LEFT,,8.00,0.69,-0.6,-2.8,4555
47.35,-27.370,-11.511,-149.0,0.75,AVOID(조향OFF)|LEFT,,8.00,0.69,0.4,-2.8,4555
47.40,-27.370,-11.511,-149.2,0.75,AVOID(조향OFF)|LEFT,,8.00,0.69,0.4,-2.8,4574
47.45,-27.533,-11.620,-149.5,1.15,AVOID(조향OFF)|LEFT,,8.00,0.69,0.7,-2.8,4555
47.50,-27.533,-11.620,-149.6,1.15,AVOID(조향OFF)|LEFT,,8.00,0.69,0.8,-2.8,4555
47.55,-27.622,-11.671,-150.0,1.02,AVOID(조향OFF)|LEFT,,8.00,0.69,1.1,-2.4,4519
47.60,-27.622,-11.671,-150.1,1.02,AVOID(조향OFF)|LEFT,,8.00,0.69,1.2,-1.9,4483
47.65,-27.700,-11.720,-150.3,1.03,AVOID(조향OFF)|LEFT,,8.00,0.69,1.4,-1.7,4447
47.70,-27.700,-11.720,-150.5,1.03,AVOID(조향OFF)|LEFT,,8.00,0.69,1.5,-1.5,4412
47.75,-27.777,-11.770,-150.6,0.91,AVOID(조향OFF)|LEFT,,8.00,0.69,1.8,-1.2,4395
47.80,-27.777,-11.770,-150.7,0.91,AVOID(조향OFF)|LEFT,,8.00,0.69,1.8,-0.9,4361
47.85,-27.862,-11.821,-150.8,0.99,AVOID(조향OFF)|LEFT,,8.00,0.69,2.0,-0.6,4344
47.90,-27.862,-11.821,-150.9,0.99,AVOID(조향OFF)|LEFT,,8.00,0.69,2.1,-0.5,4311
47.95,-27.942,-11.866,-151.0,0.92,AVOID(조향OFF)|LEFT,,8.00,0.69,2.3,-0.1,4262
48.00,-27.942,-11.866,-151.1,0.92,AVOID(조향OFF)|LEFT,,8.00,0.69,2.3,-0.1,4262
48.05,-28.018,-11.917,-151.1,0.91,AVOID(조향OFF)|LEFT,,8.00,0.69,2.6,0.0,4262
48.10,-28.018,-11.917,-151.2,0.91,AVOID(조향OFF)|LEFT,,8.00,0.69,2.6,0.3,4198
48.15,-28.109,-11.954,-151.2,0.97,AVOID(조향OFF)|LEFT,,8.00,0.69,2.8,0.5,4167
48.20,-28.109,-11.954,-151.2,0.97,AVOID(조향OFF)|LEFT,,8.00,0.69,2.8,0.5,4137
48.25,-28.187,-12.005,-151.2,1.04,AVOID(조향OFF)|LEFT,,8.00,0.69,3.2,0.5,4167
48.30,-28.187,-12.005,-151.2,1.04,AVOID(조향OFF)|LEFT,,8.00,0.69,2.9,0.5,4121
48.35,-28.187,-12.005,-151.3,1.04,AVOID(조향OFF)|LEFT,,8.00,0.69,3.0,0.5,4152
48.40,-28.187,-12.005,-151.3,1.04,AVOID(조향OFF)|LEFT,,8.00,0.69,3.0,0.6,4137
48.45,-28.343,-12.102,-151.4,57.09,AVOID(조향OFF)|LEFT,,8.00,0.69,3.0,0.5,4137
48.50,-28.343,-12.102,-151.4,57.09,AVOID(조향OFF)|LEFT,,8.00,0.69,2.2,0.5,4137
48.55,-28.423,-12.146,-151.4,0.70,CLEAR(조향OFF)|STRAIGHT,,999.00,0.69,2.3,0.5,4152
48.60,-28.423,-12.146,-151.5,0.70,CLEAR(조향OFF)|STRAIGHT,,999.00,0.69,2.3,0.6,4121
48.65,-28.423,-12.146,-151.5,0.70,CLEAR(조향OFF)|STRAIGHT,,999.00,0.69,4.0,0.5,4152
48.70,-28.423,-12.146,-151.5,0.70,CLEAR(조향OFF)|STRAIGHT,,999.00,0.69,4.1,0.6,4137
48.75,-28.590,-12.247,-151.5,1.08,AVOID(조향OFF)|LEFT,,8.00,0.69,4.1,0.7,4121
48.80,-28.590,-12.247,-151.6,1.08,AVOID(조향OFF)|LEFT,,8.00,0.69,4.1,1.5,4033
48.85,-28.665,-12.297,-151.5,0.90,CLEAR(조향OFF)|STRAIGHT,,999.00,0.69,4.2,2.0,3976
48.90,-28.665,-12.297,-151.4,0.90,CLEAR(조향OFF)|STRAIGHT,,999.00,0.69,4.2,2.1,3920
48.95,-28.754,-12.336,-151.3,0.96,CLEAR(조향OFF)|STRAIGHT,,999.00,0.69,3.8,2.1,3934
49.00,-28.754,-12.336,-151.3,0.96,CLEAR(조향OFF)|STRAIGHT,,999.00,0.69,3.7,2.1,3880
49.05,-28.831,-12.390,-151.2,0.94,AVOID(조향OFF)|LEFT,,8.00,0.69,4.0,2.4,3853
49.10,-28.831,-12.390,-151.1,0.94,AVOID(조향OFF)|LEFT,,8.00,0.69,4.0,2.5,3840
49.15,-28.907,-12.434,-150.9,0.97,CLEAR(조향OFF)|STRAIGHT,,999.00,0.69,4.1,2.6,3853
49.20,-28.907,-12.434,-150.9,0.97,CLEAR(조향OFF)|STRAIGHT,,999.00,0.69,4.3,2.5,3814
49.25,-28.986,-12.484,-150.8,0.85,CLEAR(조향OFF)|STRAIGHT,,999.00,0.69,4.2,2.5,3827
49.30,-28.986,-12.484,-150.8,0.85,CLEAR(조향OFF)|STRAIGHT,,999.00,0.69,4.2,2.5,3814
49.35,-29.064,-12.536,-150.6,0.93,CLEAR(조향OFF)|STRAIGHT,,999.00,0.69,4.6,2.5,3827
49.40,-29.064,-12.536,-150.6,0.93,CLEAR(조향OFF)|STRAIGHT,,999.00,0.69,4.6,2.6,3801
49.45,-29.136,-12.579,-150.4,0.83,CLEAR(조향OFF)|STRAIGHT,,999.00,0.69,3.7,2.6,3801
49.50,-29.136,-12.579,-150.4,0.83,CLEAR(조향OFF)|STRAIGHT,,999.00,0.69,3.7,2.5,3801
49.55,-29.213,-12.629,-150.3,0.83,CLEAR(조향OFF)|STRAIGHT,,999.00,0.69,4.0,2.5,3814
49.60,-29.213,-12.629,-150.2,0.83,CLEAR(조향OFF)|STRAIGHT,,999.00,0.69,3.9,2.5,3814
49.65,-29.297,-12.677,-150.0,1.08,CLEAR(조향OFF)|STRAIGHT,,999.00,0.69,4.1,2.6,3814
49.70,-29.297,-12.677,-150.0,1.08,CLEAR(조향OFF)|STRAIGHT,,999.00,0.69,4.0,2.6,3801
49.75,-29.370,-12.725,-149.8,0.97,CLEAR(조향OFF)|STRAIGHT,,999.00,0.69,3.9,2.6,3801
49.80,-29.370,-12.725,-149.8,0.97,CLEAR(조향OFF)|STRAIGHT,,999.00,0.69,4.2,2.5,3801
49.85,-29.441,-12.777,-149.7,0.80,CLEAR(조향OFF)|STRAIGHT,,999.00,0.69,4.1,2.5,3814
49.90,-29.441,-12.777,-149.6,0.80,CLEAR(조향OFF)|STRAIGHT,,999.00,0.69,4.1,2.6,3814
49.95,-29.517,-12.828,-149.4,0.91,CLEAR(조향OFF)|STRAIGHT,,999.00,0.69,4.5,2.5,3801
50.00,-29.517,-12.828,-149.4,0.91,CLEAR(조향OFF)|STRAIGHT,,999.00,0.69,4.5,2.6,3801
50.05,-29.590,-12.882,-149.2,1.00,CLEAR(조향OFF)|STRAIGHT,,999.00,0.69,3.4,2.6,3788
50.10,-29.590,-12.882,-149.1,1.00,CLEAR(조향OFF)|STRAIGHT,,999.00,0.69,3.4,2.7,3801
50.15,-29.670,-12.925,-149.0,0.83,CLEAR(조향OFF)|STRAIGHT,,999.00,0.69,3.3,2.6,3788
50.20,-29.670,-12.925,-149.0,0.83,CLEAR(조향OFF)|STRAIGHT,,999.00,0.69,3.2,2.7,3801
50.25,-29.746,-12.973,-148.9,1.00,CLEAR(조향OFF)|STRAIGHT,,999.00,0.69,3.8,2.6,3814
50.30,-29.746,-12.973,-148.8,1.00,CLEAR(조향OFF)|STRAIGHT,,999.00,0.69,3.7,2.6,3801
50.35,-29.823,-13.023,-148.7,0.83,CLEAR(조향OFF)|STRAIGHT,,999.00,0.69,3.6,2.6,3788
50.40,-29.823,-13.023,-148.7,0.83,AVOID(조향OFF)|LEFT,,8.00,0.69,3.6,2.6,3814
50.45,-29.900,-13.074,-148.5,0.93,AVOID(조향OFF)|LEFT,,8.00,0.69,4.1,2.7,3801
50.50,-29.900,-13.074,-148.5,0.93,AVOID(조향OFF)|LEFT,,8.00,0.69,4.1,2.6,3801
50.55,-29.972,-13.130,-148.3,0.83,AVOID(조향OFF)|LEFT,,8.00,0.69,3.1,2.6,3801
50.60,-29.972,-13.130,-148.3,0.83,AVOID(조향OFF)|LEFT,,8.00,0.69,3.1,2.6,3801
50.65,-29.972,-13.130,-148.1,0.83,AVOID(조향OFF)|LEFT,,8.00,0.69,3.2,2.6,3788
50.70,-29.972,-13.130,-148.1,0.83,AVOID(조향OFF)|LEFT,,8.00,0.69,3.2,2.6,3788
50.75,-30.126,-13.235,-147.9,0.98,AVOID(조향OFF)|LEFT,,8.00,0.69,3.1,2.6,3788
50.80,-30.126,-13.235,-147.8,0.98,AVOID(조향OFF)|LEFT,,8.00,0.69,3.0,2.6,3788
50.85,-30.204,-13.289,-147.7,0.95,AVOID(조향OFF)|LEFT,,8.00,0.69,3.1,2.6,3788
50.90,-30.204,-13.289,-147.6,0.95,AVOID(조향OFF)|LEFT,,8.00,0.69,3.0,2.6,3788
50.95,-30.277,-13.342,-147.4,1.00,AVOID(조향OFF)|LEFT,,8.00,0.69,3.1,2.6,3801
51.00,-30.277,-13.342,-147.3,1.00,AVOID(조향OFF)|LEFT,,8.00,0.69,3.1,2.6,3788
51.05,-30.354,-13.397,-147.1,0.85,AVOID(조향OFF)|LEFT,,8.00,0.69,3.0,2.6,3788
51.10,-30.354,-13.397,-147.1,0.85,AVOID(조향OFF)|LEFT,,8.00,0.69,2.9,2.6,3801
51.15,-30.422,-13.458,-146.9,0.91,AVOID(조향OFF)|LEFT,,8.00,0.68,2.5,2.6,3801
51.20,-30.422,-13.458,-146.9,0.91,AVOID(조향OFF)|LEFT,,8.00,0.68,2.4,2.6,3788
51.25,-30.499,-13.508,-146.7,0.91,AVOID(조향OFF)|LEFT,,8.00,0.68,2.2,2.6,3788
51.30,-30.499,-13.508,-146.6,0.91,AVOID(조향OFF)|LEFT,,8.00,0.68,2.2,2.7,3788
51.35,-30.577,-13.562,-146.5,0.95,AVOID(조향OFF)|LEFT,,8.00,0.68,2.2,2.6,3788
51.40,-30.577,-13.562,-146.4,0.95,AVOID(조향OFF)|LEFT,,8.00,0.68,2.2,2.6,3788
51.45,-30.650,-13.624,-146.2,0.95,AVOID(조향OFF)|LEFT,,8.00,0.68,2.2,2.6,3788
51.50,-30.650,-13.624,-146.1,0.95,AVOID(조향OFF)|LEFT,,8.00,0.68,2.1,2.7,3788
51.55,-30.650,-13.624,-145.9,0.95,AVOID(조향OFF)|LEFT,,8.00,0.68,2.0,2.6,3801
51.60,-30.739,-13.679,-145.9,0.70,AVOID(조향OFF)|LEFT,,8.00,0.68,1.9,2.6,3801
51.65,-30.739,-13.679,-145.7,0.70,AVOID(조향OFF)|LEFT,,8.00,0.66,1.8,2.6,3788
51.70,-30.739,-13.679,-145.6,0.70,AVOID(조향OFF)|LEFT,,8.00,0.66,1.7,2.6,3801
51.75,-30.907,-13.793,-145.4,1.45,AVOID(조향OFF)|LEFT,,8.00,0.66,1.6,2.6,3788
51.80,-30.907,-13.793,-145.3,1.45,AVOID(조향OFF)|LEFT,,8.00,0.66,1.2,2.6,3788
51.85,-30.981,-13.856,-145.1,0.88,AVOID(조향OFF)|LEFT,,8.00,0.66,1.1,2.6,3776
51.90,-30.981,-13.856,-145.0,0.88,AVOID(조향OFF)|LEFT,,8.00,0.66,1.1,2.6,3776
51.95,-31.054,-13.920,-144.9,0.97,AVOID(조향OFF)|LEFT,,8.00,0.66,1.3,2.6,3801
52.00,-31.054,-13.920,-144.8,0.97,AVOID(조향OFF)|LEFT,,8.00,0.66,1.2,2.6,3801
52.05,-31.136,-13.982,-144.6,1.03,AVOID(조향OFF)|LEFT,,8.00,0.66,0.9,2.6,3801
52.10,-31.136,-13.982,-144.6,1.03,AVOID(조향OFF)|LEFT,,8.00,0.66,0.9,2.5,3801
52.15,-31.216,-14.042,-144.5,1.00,AVOID(조향OFF)|LEFT,,8.00,0.65,0.6,2.1,3853
52.20,-31.216,-14.042,-144.4,1.00,AVOID(조향OFF)|LEFT,,8.00,0.65,0.6,2.1,3853
52.25,-31.297,-14.114,-144.3,1.19,AVOID(조향OFF)|LEFT,,8.00,0.65,0.5,2.1,3853
52.30,-31.297,-14.114,-144.3,1.19,AVOID(조향OFF)|LEFT,,8.00,0.65,0.3,2.1,3880
52.35,-31.381,-14.171,-144.2,1.02,AVOID(조향OFF)|LEFT,,8.00,0.65,0.2,1.9,3880
52.40,-31.381,-14.171,-144.1,1.02,AVOID(조향OFF)|LEFT,,8.00,0.65,0.3,1.9,3880
52.45,-31.460,-14.236,-144.0,0.93,AVOID(조향OFF)|LEFT,,8.00,0.65,0.3,2.0,3893
52.50,-31.460,-14.236,-143.9,0.93,AVOID(조향OFF)|LEFT,,8.00,0.65,0.2,2.0,3893
52.55,-31.536,-14.306,-143.8,1.03,AVOID(조향OFF)|LEFT,,8.00,0.65,0.0,1.9,3893
52.60,-31.536,-14.306,-143.7,1.03,AVOID(조향OFF)|LEFT,,8.00,0.65,-0.1,1.9,3893
52.65,-31.618,-14.371,-143.5,1.16,AVOID(조향OFF)|LEFT,,8.00,0.63,-0.2,1.9,3880
52.70,-31.618,-14.371,-143.4,1.16,AVOID(조향OFF)|LEFT,,8.00,0.63,-0.3,1.9,3893
52.75,-31.698,-14.436,-143.3,1.03,AVOID(조향OFF)|LEFT,,8.00,0.63,-0.4,1.6,3920
52.80,-31.698,-14.436,-143.3,1.03,AVOID(조향OFF)|LEFT,,8.00,0.63,-0.6,1.4,3976
52.85,-31.780,-14.501,-143.2,0.95,AVOID(조향OFF)|LEFT,,8.00,0.63,-0.6,1.5,3962
52.90,-31.780,-14.501,-143.2,0.95,AVOID(조향OFF)|LEFT,,8.00,0.63,-0.6,1.4,3962
52.95,-31.866,-14.571,-143.1,1.11,AVOID(조향OFF)|LEFT,,8.00,0.63,-0.8,1.5,3948
53.00,-31.866,-14.571,-143.1,1.11,AVOID(조향OFF)|LEFT,,8.00,0.63,-0.9,1.4,3976
53.05,-31.947,-14.637,-143.1,1.16,BLOCKED(조향OFF)|STOP,,3.48,0.61,-0.5,1.5,3948
53.10,-31.947,-14.637,-143.0,1.16,BLOCKED(조향OFF)|STOP,,3.48,0.61,-0.6,1.5,3962
53.15,-32.030,-14.708,-142.9,1.09,BLOCKED(조향OFF)|STOP,,3.49,0.61,-0.6,1.4,3976
53.20,-32.030,-14.708,-142.9,1.09,BLOCKED(조향OFF)|STOP,,3.49,0.61,-0.8,1.5,3962
53.25,-32.115,-14.775,-142.8,1.09,BLOCKED(조향OFF)|STOP,,3.37,0.61,-0.9,1.5,3976
53.30,-32.115,-14.775,-142.8,1.09,BLOCKED(조향OFF)|STOP,,3.37,0.61,-1.0,1.5,4004
53.35,-32.191,-14.854,-142.7,1.07,BLOCKED(조향OFF)|STOP,,3.20,0.61,-1.1,1.5,3962
53.40,-32.191,-14.854,-142.7,1.07,BLOCKED(조향OFF)|STOP,,3.20,0.60,-1.6,1.4,3990
53.45,-32.277,-14.921,-142.5,1.10,BLOCKED(조향OFF)|STOP,,3.22,0.60,-1.6,1.5,3990
53.50,-32.277,-14.921,-142.5,1.10,BLOCKED(조향OFF)|STOP,,3.22,0.56,-1.0,1.5,3962
53.55,-32.361,-14.992,-142.4,0.99,BLOCKED(조향OFF)|STOP,,3.16,0.56,-1.0,1.4,3976
53.60,-32.361,-14.992,-142.3,0.99,BLOCKED(조향OFF)|STOP,,3.16,0.56,-1.1,1.5,3990
53.65,-32.361,-14.992,-142.2,0.99,BLOCKED(조향OFF)|STOP,,3.23,0.56,-1.4,1.4,3990
53.70,-32.456,-15.054,-142.2,0.87,BLOCKED(조향OFF)|STOP,,3.23,0.56,-1.5,1.3,3990
53.75,-32.456,-15.054,-142.1,0.87,BLOCKED(조향OFF)|STOP,,3.20,0.56,-1.7,1.5,3990
53.80,-32.456,-15.054,-142.1,0.87,BLOCKED(조향OFF)|STOP,,3.29,0.56,-1.8,1.4,3990
53.85,-32.623,-15.202,-142.1,1.39,BLOCKED(조향OFF)|STOP,,3.29,0.56,-1.8,1.2,4004
53.90,-32.623,-15.202,-142.1,1.39,BLOCKED(조향OFF)|STOP,,3.28,0.56,-1.4,1.0,4033
53.95,-32.713,-15.274,-142.0,1.05,BLOCKED(조향OFF)|STOP,,3.28,0.56,-1.4,0.9,4062
54.00,-32.713,-15.274,-142.0,1.05,BLOCKED(조향OFF)|STOP,,3.29,0.56,-1.4,0.9,4062
54.05,-32.792,-15.354,-142.0,1.24,BLOCKED(조향OFF)|STOP,,3.29,0.53,-1.2,0.9,4047
54.10,-32.792,-15.354,-141.9,1.24,BLOCKED(조향OFF)|STOP,,3.28,0.53,-1.2,0.9,4077
54.15,-32.884,-15.424,-142.0,1.15,BLOCKED(조향OFF)|STOP,,3.28,0.53,-1.2,0.5,4092
54.20,-32.884,-15.424,-142.0,1.15,BLOCKED(조향OFF)|STOP,,3.43,0.53,-1.5,0.5,4092
54.25,-32.965,-15.503,-141.9,1.13,BLOCKED(조향OFF)|STOP,,3.43,0.53,-1.5,0.6,4106
54.30,-32.965,-15.503,-142.0,1.13,BLOCKED(조향OFF)|STOP,,3.43,0.53,-1.9,0.5,4137
54.35,-33.054,-15.581,-142.0,1.18,BLOCKED(조향OFF)|STOP,,3.43,0.53,-1.9,0.5,4106
54.40,-33.054,-15.581,-142.1,1.18,AVOID(조향OFF)|LEFT,,8.00,0.48,-0.7,0.4,4152
54.45,-33.139,-15.654,-142.1,1.12,AVOID(조향OFF)|LEFT,,8.00,0.48,-0.7,0.3,4137
54.50,-33.139,-15.654,-142.1,1.12,AVOID(조향OFF)|LEFT,,8.00,0.48,-0.9,0.3,4152
54.55,-33.223,-15.732,-142.2,1.14,AVOID(조향OFF)|LEFT,,8.00,0.48,-0.9,0.4,4152
54.60,-33.223,-15.732,-142.3,1.14,AVOID(조향OFF)|LEFT,,8.00,0.48,-1.0,0.3,4167
54.65,-33.223,-15.732,-142.3,1.14,AVOID(조향OFF)|LEFT,,8.00,0.48,-1.0,0.3,4167
54.70,-33.314,-15.809,-142.3,0.80,BLOCKED(조향OFF)|STOP,,3.36,0.48,-1.0,0.3,4167
54.75,-33.314,-15.809,-142.4,0.80,BLOCKED(조향OFF)|STOP,,3.36,0.48,-2.2,0.4,4167
54.80,-33.314,-15.809,-142.4,0.80,BLOCKED(조향OFF)|STOP,,3.48,0.48,-2.2,0.3,4152
54.85,-33.500,-15.952,-142.4,1.47,BLOCKED(조향OFF)|STOP,,3.43,0.48,-2.2,0.3,4152
54.90,-33.500,-15.952,-142.4,1.47,BLOCKED(조향OFF)|STOP,,3.43,0.48,-2.2,0.4,4183
54.95,-33.587,-16.035,-142.4,1.33,BLOCKED(조향OFF)|STOP,,3.37,0.44,0.0,0.3,4137
55.00,-33.587,-16.035,-142.4,1.33,BLOCKED(조향OFF)|STOP,,3.37,0.44,0.5,0.3,4183
55.05,-33.671,-16.104,-142.3,0.98,AVOID(조향OFF)|LEFT,,8.00,0.44,0.5,0.3,4167
55.10,-33.671,-16.104,-142.4,0.98,AVOID(조향OFF)|LEFT,,8.00,0.44,0.5,0.3,4167
55.15,-33.771,-16.181,-142.4,1.41,BLOCKED(조향OFF)|STOP,,3.38,0.44,-0.5,0.3,4167
55.20,-33.771,-16.181,-142.5,1.41,BLOCKED(조향OFF)|STOP,,3.38,0.44,0.7,0.3,4167
55.25,-33.868,-16.251,-142.5,1.19,AVOID(조향OFF)|LEFT,,8.00,0.44,0.8,0.3,4152
55.30,-33.868,-16.251,-142.6,1.19,AVOID(조향OFF)|LEFT,,8.00,0.40,1.6,0.3,4167
55.35,-33.953,-16.325,-142.6,1.13,AVOID(조향OFF)|LEFT,,8.00,0.40,1.7,0.3,4167
55.40,-33.953,-16.325,-142.7,1.13,AVOID(조향OFF)|LEFT,,8.00,0.40,1.7,0.3,4167
55.45,-34.049,-16.396,-142.7,1.32,AVOID(조향OFF)|LEFT,,8.00,0.40,1.7,0.3,4167
55.50,-34.049,-16.396,-142.7,1.32,AVOID(조향OFF)|LEFT,,8.00,0.40,2.3,0.3,4152
55.55,-34.134,-16.475,-142.7,0.96,AVOID(조향OFF)|LEFT,,8.00,0.40,2.4,0.4,4167
55.60,-34.134,-16.475,-142.8,0.96,AVOID(조향OFF)|LEFT,,8.00,0.40,2.3,0.4,4137
55.65,-34.223,-16.550,-142.7,1.17,AVOID(조향OFF)|LEFT,,8.00,0.40,1.5,0.9,4077
55.70,-34.223,-16.550,-142.7,1.17,AVOID(조향OFF)|LEFT,,8.00,0.40,1.5,1.1,4077
55.75,-34.313,-16.620,-142.6,1.27,AVOID(조향OFF)|LEFT,,8.00,0.37,3.3,1.1,4062
55.80,-34.313,-16.620,-142.5,1.27,AVOID(조향OFF)|LEFT,,8.00,0.37,3.7,1.1,4047
55.85,-34.404,-16.696,-142.5,1.19,AVOID(조향OFF)|LEFT,,8.00,0.37,3.7,1.1,4047
55.90,-34.404,-16.696,-142.5,1.19,AVOID(조향OFF)|LEFT,,8.00,0.37,3.8,1.1,4018
55.95,-34.500,-16.770,-142.5,1.21,AVOID(조향OFF)|LEFT,,8.00,0.37,3.7,1.1,4033
56.00,-34.500,-16.770,-142.4,1.21,AVOID(조향OFF)|LEFT,,8.00,0.37,4.2,1.5,4004
56.05,-34.586,-16.844,-142.4,1.18,AVOID(조향OFF)|LEFT,,8.00,0.37,4.1,1.6,3990
56.10,-34.586,-16.844,-142.3,1.18,AVOID(조향OFF)|LEFT,,8.00,0.35,5.2,1.6,3976
56.15,-34.676,-16.917,-142.3,1.13,AVOID(조향OFF)|LEFT,,8.00,0.35,5.2,1.9,3962
56.20,-34.676,-16.917,-142.3,1.13,AVOID(조향OFF)|LEFT,,8.00,0.35,5.6,2.1,3893
56.25,-34.765,-16.996,-142.1,1.23,AVOID(조향OFF)|LEFT,,8.00,0.35,5.5,2.4,3853
56.30,-34.765,-16.996,-142.0,1.23,AVOID(조향OFF)|LEFT,,8.00,0.35,6.0,2.8,3814
56.35,-34.858,-17.070,-141.8,1.14,AVOID(조향OFF)|LEFT,,8.00,0.35,5.9,3.1,3751
56.40,-34.858,-17.070,-141.7,1.14,AVOID(조향OFF)|LEFT,,8.00,0.35,6.3,3.1,3726
56.45,-34.946,-17.145,-141.4,1.16,AVOID(조향OFF)|LEFT,,8.00,0.35,6.1,3.3,3726
56.50,-34.946,-17.145,-141.3,1.16,AVOID(조향OFF)|LEFT,,8.00,0.33,7.1,3.5,3665
56.55,-35.034,-17.224,-141.0,0.98,AVOID(조향OFF)|LEFT,,8.00,0.33,7.0,3.8,3641
56.60,-35.034,-17.224,-140.9,0.98,AVOID(조향OFF)|LEFT,,8.00,0.33,6.9,4.0,3630
56.65,-35.115,-17.295,-140.6,1.34,AVOID(조향OFF)|LEFT,,8.00,0.33,7.1,4.5,3538
56.70,-35.115,-17.295,-140.4,1.34,AVOID(조향OFF)|LEFT,,8.00,0.33,8.0,4.6,3527
56.75,-35.195,-17.378,-140.0,1.04,AVOID(조향OFF)|LEFT,,8.00,0.33,7.8,4.6,3505
56.80,-35.195,-17.378,-139.9,1.04,AVOID(조향OFF)|LEFT,,8.00,0.33,7.7,4.7,3505
56.85,-35.282,-17.457,-139.4,1.31,AVOID(조향OFF)|LEFT,,8.00,0.33,7.7,5.3,3430
56.90,-35.282,-17.457,-139.2,1.31,AVOID(조향OFF)|LEFT,,8.00,0.33,8.6,5.4,3399
56.95,-35.363,-17.536,-138.7,1.02,AVOID(조향OFF)|LEFT,,8.00,0.33,8.3,5.6,3369
57.00,-35.363,-17.536,-138.5,1.02,AVOID(조향OFF)|LEFT,,8.00,0.33,8.1,5.7,3349
57.05,-35.448,-17.618,-137.9,1.32,AVOID(조향OFF)|LEFT,,8.00,0.31,8.4,5.8,3319
57.10,-35.448,-17.618,-137.7,1.32,AVOID(조향OFF)|LEFT,,8.00,0.31,9.2,6.0,3319
57.15,-35.526,-17.699,-137.3,1.12,AVOID(조향OFF)|LEFT,,8.00,0.31,9.0,5.9,3300
57.20,-35.526,-17.699,-136.9,1.12,AVOID(조향OFF)|LEFT,,8.00,0.31,9.3,5.9,3300
57.25,-35.603,-17.786,-136.4,1.29,AVOID(조향OFF)|LEFT,,8.00,0.31,9.0,6.3,3271
57.30,-35.603,-17.786,-136.1,1.29,AVOID(조향OFF)|LEFT,,8.00,0.31,9.7,6.5,3242
57.35,-35.685,-17.867,-135.5,1.09,AVOID(조향OFF)|LEFT,,8.00,0.31,9.4,6.6,3205
57.40,-35.685,-17.867,-135.2,1.09,AVOID(조향OFF)|LEFT,,8.00,0.31,9.9,6.6,3215
57.45,-35.757,-17.954,-134.8,1.07,AVOID(조향OFF)|LEFT,,8.00,0.31,9.6,6.6,3215
57.50,-35.757,-17.954,-134.5,1.07,AVOID(조향OFF)|LEFT,,8.00,0.31,10.1,6.6,3196
57.55,-35.826,-18.042,-133.9,1.01,AVOID(조향OFF)|LEFT,,8.00,0.31,9.8,6.6,3205
57.60,-35.826,-18.042,-133.6,1.01,AVOID(조향OFF)|LEFT,,8.00,0.31,9.7,6.7,3178
57.65,-35.898,-18.129,-132.9,1.13,AVOID(조향OFF)|LEFT,,8.00,0.31,10.0,7.4,3108
57.70,-35.898,-18.129,-132.6,1.13,AVOID(조향OFF)|LEFT,,8.00,0.31,9.8,7.7,3066
57.75,-35.967,-18.221,-131.8,1.15,AVOID(조향OFF)|LEFT,,8.00,0.31,10.2,7.7,3057
57.80,-35.967,-18.221,-131.5,1.15,AVOID(조향OFF)|LEFT,,8.00,0.31,10.0,7.9,3000
57.85,-36.039,-18.313,-130.8,1.29,AVOID(조향OFF)|LEFT,,8.00,0.30,10.4,7.8,3049
57.90,-36.039,-18.313,-130.4,1.29,AVOID(조향OFF)|LEFT,,8.00,0.30,11.0,7.8,3033
57.95,-36.108,-18.404,-129.6,1.04,AVOID(조향OFF)|LEFT,,8.00,0.30,10.6,8.0,3008
58.00,-36.108,-18.404,-129.2,1.04,AVOID(조향OFF)|LEFT,,8.00,0.30,10.4,8.4,2976
58.05,-36.167,-18.501,-128.4,1.25,AVOID(조향OFF)|LEFT,,8.00,0.30,10.7,8.5,2961
58.10,-36.167,-18.501,-128.1,1.25,AVOID(조향OFF)|LEFT,,8.00,0.30,11.3,8.4,2938
58.15,-36.230,-18.594,-127.2,1.13,AVOID(조향OFF)|LEFT,,8.00,0.30,10.9,8.4,2953
58.20,-36.230,-18.594,-126.9,1.13,AVOID(조향OFF)|LEFT,,8.00,0.30,11.2,8.5,2953
58.25,-36.287,-18.693,-126.1,1.13,AVOID(조향OFF)|LEFT,,8.00,0.30,10.8,8.4,2953
58.30,-36.287,-18.693,-125.7,1.13,AVOID(조향OFF)|LEFT,,8.00,0.30,11.4,8.4,2945
58.35,-36.342,-18.795,-124.9,1.15,BLOCKED(조향OFF)|STOP,,3.67,0.30,10.9,8.4,2945
58.40,-36.342,-18.795,-124.4,1.15,BLOCKED(조향OFF)|STOP,,3.54,0.30,11.5,8.8,2900
58.45,-36.401,-18.894,-123.5,1.14,BLOCKED(조향OFF)|STOP,,3.54,0.30,11.0,9.0,2878
58.50,-36.401,-18.894,-123.0,1.14,BLOCKED(조향OFF)|STOP,,3.42,0.30,11.6,9.0,2870
58.55,-36.451,-19.003,-122.1,1.00,BLOCKED(조향OFF)|STOP,,3.42,0.30,11.0,9.1,2878
58.60,-36.451,-19.003,-121.6,1.00,BLOCKED(조향OFF)|STOP,,3.41,0.30,10.7,9.1,2870
58.65,-36.496,-19.109,-120.6,1.42,BLOCKED(조향OFF)|STOP,,3.41,0.30,10.9,9.4,2834
58.70,-36.496,-19.109,-120.1,1.42,BLOCKED(조향OFF)|STOP,,3.29,0.30,11.4,9.5,2820
58.75,-36.554,-19.221,-119.2,1.15,BLOCKED(조향OFF)|STOP,,3.29,0.30,11.0,9.5,2820
58.80,-36.554,-19.221,-118.7,1.15,BLOCKED(조향OFF)|STOP,,3.29,0.30,10.7,9.5,2820
58.85,-36.598,-19.333,-117.7,1.19,BLOCKED(조향OFF)|STOP,,3.29,0.30,11.1,9.5,2820
58.90,-36.598,-19.333,-117.3,1.19,BLOCKED(조향OFF)|STOP,,3.26,0.30,10.8,9.5,2806
58.95,-36.645,-19.438,-116.3,1.15,BLOCKED(조향OFF)|STOP,,3.26,0.30,11.1,9.5,2806
59.00,-36.645,-19.438,-115.9,1.15,BLOCKED(조향OFF)|STOP,,3.09,0.30,10.8,9.5,2806
59.05,-36.684,-19.557,-114.9,1.38,BLOCKED(조향OFF)|STOP,,3.09,0.30,11.1,9.4,2806
59.10,-36.684,-19.557,-114.4,1.38,BLOCKED(조향OFF)|STOP,,3.10,0.30,11.6,9.5,2813
59.15,-36.720,-19.674,-113.3,1.21,BLOCKED(조향OFF)|STOP,,3.10,0.30,11.1,9.5,2813
59.20,-36.720,-19.674,-112.8,1.21,BLOCKED(조향OFF)|STOP,,3.09,0.30,11.6,9.5,2799
59.25,-36.754,-19.792,-111.6,1.23,BLOCKED(조향OFF)|STOP,,3.09,0.30,11.0,9.5,2806
59.30,-36.754,-19.792,-111.0,1.23,BLOCKED(조향OFF)|STOP,,3.40,0.30,11.6,9.4,2813
59.35,-36.792,-19.906,-109.9,1.09,BLOCKED(조향OFF)|STOP,,3.40,0.30,10.8,9.5,2820
59.40,-36.792,-19.906,-109.4,1.09,BLOCKED(조향OFF)|STOP,,3.20,0.30,10.5,9.5,2813
59.45,-36.817,-20.027,-108.3,1.23,BLOCKED(조향OFF)|STOP,,3.00,0.30,10.7,9.4,2799
59.50,-36.817,-20.027,-107.7,1.23,BLOCKED(조향OFF)|STOP,,3.00,0.30,10.3,9.5,2806
59.55,-36.846,-20.151,-106.6,1.27,BLOCKED(조향OFF)|STOP,,2.90,0.30,10.7,9.5,2820
59.60,-36.846,-20.151,-106.1,1.27,BLOCKED(조향OFF)|STOP,,2.90,0.30,10.4,9.5,2813
59.65,-36.863,-20.276,-105.2,1.25,BLOCKED(조향OFF)|STOP,,3.15,0.30,10.7,9.5,2799
59.70,-36.863,-20.276,-104.7,1.25,BLOCKED(조향OFF)|STOP,,3.15,0.30,10.5,9.5,2799
59.75,-36.883,-20.396,-103.7,1.34,BLOCKED(조향OFF)|STOP,,3.15,0.30,10.7,9.5,2799
59.80,-36.883,-20.396,-103.2,1.34,BLOCKED(조향OFF)|STOP,,3.15,0.31,11.2,9.5,2799
59.85,-36.897,-20.518,-102.1,1.23,BLOCKED(조향OFF)|STOP,,3.46,0.31,10.7,9.5,2799
59.90,-36.897,-20.518,-101.6,1.23,BLOCKED(조향OFF)|STOP,,3.46,0.31,11.2,9.5,2806
59.95,-36.914,-20.639,-100.8,1.22,BLOCKED(조향OFF)|STOP,,3.49,0.31,10.6,9.5,2792
60.00,-36.914,-20.639,-100.4,1.22,BLOCKED(조향OFF)|STOP,,3.49,0.31,11.3,9.5,2792
60.05,-36.929,-20.770,-99.7,1.31,BLOCKED(조향OFF)|STOP,,3.17,0.31,10.8,9.5,2792
60.10,-36.929,-20.770,-99.2,1.31,BLOCKED(조향OFF)|STOP,,3.17,0.31,11.6,9.5,2792
60.15,-36.930,-20.903,-98.0,1.32,BLOCKED(조향OFF)|STOP,,3.20,0.31,11.1,9.7,2771
60.20,-36.930,-20.903,-97.5,1.32,BLOCKED(조향OFF)|STOP,,3.20,0.31,11.5,10.0,2744
60.25,-36.929,-21.024,-96.5,1.20,BLOCKED(조향OFF)|STOP,,3.22,0.31,11.0,10.1,2737
60.30,-36.929,-21.024,-95.9,1.20,BLOCKED(조향OFF)|STOP,,3.22,0.31,11.5,10.2,2737
60.35,-36.938,-21.148,-94.7,1.24,BLOCKED(조향OFF)|STOP,,3.08,0.31,10.9,10.1,2731
60.40,-36.938,-21.148,-94.1,1.24,BLOCKED(조향OFF)|STOP,,3.08,0.31,11.5,10.2,2731
60.45,-36.932,-21.266,-92.8,1.18,BLOCKED(조향OFF)|STOP,,3.14,0.31,10.8,10.0,2731
60.50,-36.932,-21.266,-92.2,1.18,BLOCKED(조향OFF)|STOP,,3.14,0.31,11.2,10.1,2724
60.55,-36.934,-21.376,-91.0,1.00,AVOID(조향OFF)|LEFT,,8.00,0.31,10.5,10.1,2731
60.60,-36.934,-21.376,-90.4,1.00,AVOID(조향OFF)|LEFT,,8.00,0.31,10.1,10.1,2737
60.65,-36.925,-21.496,-89.3,1.33,AVOID(조향OFF)|LEFT,,8.00,0.32,10.2,10.1,2724
60.70,-36.925,-21.496,-88.7,1.33,AVOID(조향OFF)|LEFT,,8.00,0.32,10.8,10.1,2737
60.75,-36.915,-21.613,-87.6,1.06,AVOID(조향OFF)|LEFT,,8.00,0.32,10.2,10.1,2737
60.80,-36.915,-21.613,-87.1,1.06,AVOID(조향OFF)|LEFT,,8.00,0.32,9.9,10.1,2731
60.85,-36.895,-21.736,-86.0,1.38,AVOID(조향OFF)|LEFT,,8.00,0.32,9.9,10.1,2724
60.90,-36.895,-21.736,-85.4,1.38,AVOID(조향OFF)|LEFT,,8.00,0.32,10.6,10.1,2737
60.95,-36.868,-21.852,-84.4,1.07,AVOID(조향OFF)|LEFT,,8.00,0.32,9.9,10.1,2718
61.00,-36.868,-21.852,-83.9,1.07,CLEAR(조향OFF)|STRAIGHT,,999.00,0.32,9.6,10.1,2737
61.05,-36.856,-21.967,-82.8,1.28,CLEAR(조향OFF)|STRAIGHT,,999.00,0.33,9.7,10.1,2731
61.10,-36.856,-21.967,-82.4,1.28,AVOID(조향OFF)|LEFT,,8.00,0.33,10.3,10.1,2718
61.15,-36.820,-22.077,-81.1,1.04,AVOID(조향OFF)|LEFT,,8.00,0.33,9.8,10.1,2731
61.20,-36.820,-22.077,-80.5,1.04,BLOCKED(조향OFF)|STOP,,3.48,0.33,9.4,10.1,2731
61.25,-36.786,-22.191,-79.5,1.32,BLOCKED(조향OFF)|STOP,,3.48,0.33,9.1,10.1,2718
61.30,-36.786,-22.191,-78.9,1.32,BLOCKED(조향OFF)|STOP,,3.34,0.33,9.8,10.1,2731
61.35,-36.758,-22.307,-77.8,1.08,BLOCKED(조향OFF)|STOP,,3.34,0.33,9.1,10.1,2731
61.40,-36.758,-22.307,-77.4,1.08,BLOCKED(조향OFF)|STOP,,3.05,0.33,8.7,10.1,2737
61.45,-36.716,-22.413,-76.4,1.26,BLOCKED(조향OFF)|STOP,,3.05,0.33,9.0,10.1,2724
61.50,-36.716,-22.413,-75.9,1.26,BLOCKED(조향OFF)|STOP,,3.05,0.33,9.4,10.1,2724
61.55,-36.677,-22.525,-74.9,0.98,BLOCKED(조향OFF)|STOP,,3.05,0.33,8.9,10.1,2724
61.60,-36.677,-22.525,-74.4,0.98,BLOCKED(조향OFF)|STOP,,3.02,0.33,8.6,10.1,2724
61.65,-36.628,-22.628,-73.3,1.41,BLOCKED(조향OFF)|STOP,,3.02,0.33,8.4,10.1,2718
61.70,-36.628,-22.628,-72.9,1.41,BLOCKED(조향OFF)|STOP,,3.00,0.33,9.0,10.1,2724
61.75,-36.580,-22.730,-71.9,1.11,BLOCKED(조향OFF)|STOP,,3.00,0.33,8.4,10.1,2718
61.80,-36.580,-22.730,-71.4,1.11,BLOCKED(조향OFF)|STOP,,3.08,0.33,8.3,10.1,2724
61.85,-36.536,-22.828,-70.5,1.07,BLOCKED(조향OFF)|STOP,,3.26,0.33,7.6,9.8,2744
61.90,-36.536,-22.828,-70.0,1.07,BLOCKED(조향OFF)|STOP,,3.26,0.34,8.5,9.8,2744
61.95,-36.487,-22.931,-69.1,1.03,AVOID(조향OFF)|LEFT,,8.00,0.34,7.9,9.8,2758
62.00,-36.487,-22.931,-68.6,1.03,AVOID(조향OFF)|LEFT,,8.00,0.34,7.6,9.6,2778
62.05,-36.432,-23.023,-67.6,1.18,AVOID(조향OFF)|LEFT,,8.00,0.34,7.5,9.5,2771
62.10,-36.432,-23.023,-67.1,1.18,AVOID(조향OFF)|LEFT,,8.00,0.34,7.9,9.5,2778
62.15,-36.375,-23.116,-66.2,0.98,CLEAR(조향OFF)|STRAIGHT,,999.00,0.34,7.3,9.5,2785
62.20,-36.375,-23.116,-65.7,0.98,CLEAR(조향OFF)|STRAIGHT,,999.00,0.34,7.0,9.5,2778
62.25,-36.327,-23.208,-64.8,1.03,CLEAR(조향OFF)|STRAIGHT,,999.00,0.34,6.3,9.5,2771
62.30,-36.327,-23.208,-64.4,1.03,CLEAR(조향OFF)|STRAIGHT,,999.00,0.34,6.0,9.3,2799
62.35,-36.263,-23.300,-63.4,1.11,CLEAR(조향OFF)|STRAIGHT,,999.00,0.34,7.1,9.2,2806
62.40,-36.263,-23.300,-62.9,1.11,CLEAR(조향OFF)|STRAIGHT,,999.00,0.34,6.8,9.1,2820
62.45,-36.199,-23.386,-62.1,1.06,CLEAR(조향OFF)|STRAIGHT,,999.00,0.34,6.7,8.9,2841
62.50,-36.199,-23.386,-61.5,1.06,CLEAR(조향OFF)|STRAIGHT,,999.00,0.34,6.4,8.9,2841
62.55,-36.139,-23.482,-60.7,1.03,CLEAR(조향OFF)|STRAIGHT,,999.00,0.34,6.1,8.9,2848
62.60,-36.139,-23.482,-60.2,1.03,CLEAR(조향OFF)|STRAIGHT,,999.00,0.34,5.8,8.7,2878
62.65,-36.074,-23.571,-59.4,1.21,CLEAR(조향OFF)|STRAIGHT,,999.00,0.34,5.6,8.5,2892
62.70,-36.074,-23.571,-59.0,1.21,CLEAR(조향OFF)|STRAIGHT,,999.00,0.34,5.3,8.4,2885
62.75,-36.012,-23.653,-58.0,0.93,AVOID(조향OFF)|LEFT,,8.00,0.35,6.6,8.4,2922
62.80,-36.012,-23.653,-57.7,0.93,AVOID(조향OFF)|LEFT,,8.00,0.35,6.4,8.0,2945
62.85,-35.948,-23.735,-57.0,1.29,AVOID(조향OFF)|LEFT,,8.00,0.35,5.7,7.8,2969
62.90,-35.948,-23.735,-56.6,1.29,AVOID(조향OFF)|LEFT,,8.00,0.35,6.6,7.8,2969
62.95,-35.887,-23.823,-55.9,0.98,AVOID(조향OFF)|LEFT,,8.00,0.35,6.1,7.8,2992
63.00,-35.887,-23.823,-55.6,0.98,AVOID(조향OFF)|LEFT,,8.00,0.35,5.9,7.8,2976
63.05,-35.815,-23.907,-54.9,1.10,AVOID(조향OFF)|LEFT,,8.00,0.35,5.2,7.8,2984
63.10,-35.815,-23.907,-54.6,1.10,AVOID(조향OFF)|LEFT,,8.00,0.35,5.0,7.8,2992
63.15,-35.751,-23.980,-54.0,1.08,AVOID(조향OFF)|LEFT,,8.00,0.35,5.2,7.7,3000
63.20,-35.751,-23.980,-53.7,1.08,AVOID(조향OFF)|LEFT,,8.00,0.34,6.5,7.7,3000
63.25,-35.676,-24.058,-52.9,1.07,AVOID(조향OFF)|LEFT,,8.00,0.34,6.1,7.2,3033
63.30,-35.676,-24.058,-52.6,1.07,AVOID(조향OFF)|LEFT,,8.00,0.34,6.2,7.4,3041
63.35,-35.606,-24.134,-52.0,1.03,AVOID(조향OFF)|LEFT,,8.00,0.34,5.9,7.3,3057
63.40,-35.606,-24.134,-51.6,1.03,AVOID(조향OFF)|LEFT,,8.00,0.34,5.9,7.3,3049
63.45,-35.530,-24.209,-50.9,1.06,AVOID(조향OFF)|LEFT,,8.00,0.34,5.5,7.3,3041
63.50,-35.530,-24.209,-50.6,1.06,BLOCKED(조향OFF)|STOP,,3.51,0.34,5.6,7.4,3049
63.55,-35.460,-24.284,-50.0,1.02,BLOCKED(조향OFF)|STOP,,3.51,0.34,5.1,7.4,3057
63.60,-35.460,-24.284,-49.7,1.02,AVOID(조향OFF)|LEFT,,8.00,0.35,6.5,7.1,3074
63.65,-35.386,-24.356,-49.0,1.03,AVOID(조향OFF)|LEFT,,8.00,0.35,6.1,7.1,3074
63.70,-35.386,-24.356,-48.7,1.03,BLOCKED(조향OFF)|STOP,,3.36,0.35,6.3,7.1,3083
63.75,-35.312,-24.425,-48.1,1.01,BLOCKED(조향OFF)|STOP,,3.36,0.35,5.9,7.1,3066
63.80,-35.312,-24.425,-47.7,1.01,BLOCKED(조향OFF)|STOP,,3.51,0.35,6.0,7.1,3057
63.85,-35.240,-24.498,-47.1,1.02,BLOCKED(조향OFF)|STOP,,3.51,0.35,5.6,7.1,3100
63.90,-35.240,-24.498,-46.9,1.02,AVOID(조향OFF)|LEFT,,8.00,0.35,5.9,7.1,3083
63.95,-35.162,-24.560,-46.2,0.91,AVOID(조향OFF)|LEFT,,8.00,0.35,5.5,7.1,3083
64.00,-35.162,-24.560,-45.8,0.91,BLOCKED(조향OFF)|STOP,,3.42,0.35,5.2,7.1,3074
64.05,-35.084,-24.627,-45.2,1.14,BLOCKED(조향OFF)|STOP,,3.52,0.35,4.6,7.1,3074
64.10,-35.084,-24.627,-44.8,1.14,BLOCKED(조향OFF)|STOP,,3.52,0.36,6.6,7.0,3108
64.15,-35.006,-24.691,-44.1,0.91,AVOID(조향OFF)|LEFT,,8.00,0.36,6.2,6.9,3117
64.20,-35.006,-24.691,-43.8,0.91,AVOID(조향OFF)|LEFT,,8.00,0.36,6.0,6.9,2969
64.25,-34.926,-24.755,-43.1,1.03,AVOID(조향OFF)|LEFT,,8.00,0.36,5.5,6.9,3134
64.30,-34.926,-24.755,-42.8,1.03,AVOID(조향OFF)|LEFT,,8.00,0.36,5.3,6.9,3108
64.35,-34.847,-24.819,-42.1,1.13,AVOID(조향OFF)|LEFT,,8.00,0.36,5.4,6.9,3117
64.40,-34.847,-24.819,-41.8,1.13,AVOID(조향OFF)|LEFT,,8.00,0.36,5.9,6.9,3117
64.45,-34.764,-24.876,-41.2,1.00,AVOID(조향OFF)|LEFT,,8.00,0.36,5.4,6.9,3108
64.50,-34.764,-24.876,-41.0,1.00,AVOID(조향OFF)|LEFT,,8.00,0.36,5.1,6.9,3117
64.55,-34.683,-24.939,-40.3,0.85,AVOID(조향OFF)|LEFT,,8.00,0.36,4.7,6.8,3143
64.60,-34.683,-24.939,-40.1,0.85,AVOID(조향OFF)|LEFT,,8.00,0.36,4.4,6.0,3205
64.65,-34.603,-24.998,-39.5,1.24,AVOID(조향OFF)|LEFT,,8.00,0.37,5.7,5.9,3215
64.70,-34.603,-24.998,-39.3,1.24,AVOID(조향OFF)|LEFT,,8.00,0.37,6.6,6.0,3233
64.75,-34.515,-25.055,-38.7,1.05,BLOCKED(조향OFF)|STOP,,3.38,0.37,6.3,5.7,3252
64.80,-34.515,-25.055,-38.5,1.05,BLOCKED(조향OFF)|STOP,,3.38,0.37,6.1,5.8,3271
64.85,-34.429,-25.107,-38.0,0.90,AVOID(조향OFF)|LEFT,,8.00,0.37,5.8,5.7,3280
64.90,-34.429,-25.107,-37.7,0.90,AVOID(조향OFF)|LEFT,,8.00,0.37,5.6,5.7,3271
64.95,-34.343,-25.167,-37.2,1.05,BLOCKED(조향OFF)|STOP,,3.34,0.37,5.2,5.7,3280
65.00,-34.343,-25.167,-36.9,1.05,BLOCKED(조향OFF)|STOP,,3.34,0.37,5.0,5.8,3290
65.05,-34.258,-25.220,-36.4,1.00,AVOID(조향OFF)|LEFT,,8.00,0.37,6.5,5.7,3280
65.10,-34.258,-25.220,-36.1,1.00,AVOID(조향OFF)|LEFT,,8.00,0.37,6.4,5.7,3252
65.15,-34.178,-25.271,-35.6,0.95,AVOID(조향OFF)|LEFT,,8.00,0.37,6.4,5.8,3280
65.20,-34.178,-25.271,-35.4,0.95,AVOID(조향OFF)|LEFT,,8.00,0.37,6.2,5.8,3271
65.25,-34.088,-25.323,-34.9,1.14,AVOID(조향OFF)|LEFT,,8.00,0.37,6.3,5.7,3280
65.30,-34.088,-25.323,-34.6,1.14,AVOID(조향OFF)|LEFT,,8.00,0.37,6.8,5.7,3309
65.35,-34.000,-25.379,-34.1,1.16,AVOID(조향OFF)|LEFT,,8.00,0.37,6.5,5.7,3280
65.40,-34.000,-25.379,-33.9,1.16,AVOID(조향OFF)|LEFT,,8.00,0.37,6.9,5.7,3290
65.45,-33.916,-25.428,-33.4,0.88,AVOID(조향OFF)|LEFT,,8.00,0.37,6.6,5.8,3280
65.50,-33.916,-25.428,-33.2,0.88,AVOID(조향OFF)|LEFT,,8.00,0.39,7.3,5.7,3290
65.55,-33.825,-25.470,-32.7,0.91,AVOID(조향OFF)|LEFT,,8.00,0.39,7.0,5.7,3280
65.60,-33.825,-25.470,-32.4,0.91,AVOID(조향OFF)|LEFT,,8.00,0.39,6.9,5.8,3280
65.65,-33.742,-25.517,-32.0,0.95,AVOID(조향OFF)|LEFT,,8.00,0.39,7.0,5.7,3300
65.70,-33.742,-25.517,-31.7,0.95,AVOID(조향OFF)|LEFT,,8.00,0.39,6.8,5.8,3290
65.75,-33.653,-25.566,-31.2,1.13,AVOID(조향OFF)|LEFT,,8.00,0.39,7.0,5.7,3271
65.80,-33.653,-25.566,-31.0,1.13,AVOID(조향OFF)|LEFT,,8.00,0.39,7.6,5.6,3300
65.85,-33.566,-25.606,-30.5,0.95,AVOID(조향OFF)|LEFT,,8.00,0.39,7.3,5.8,3290
65.90,-33.566,-25.606,-30.3,0.95,AVOID(조향OFF)|LEFT,,8.00,0.39,7.3,5.8,3280
65.95,-33.478,-25.644,-29.8,0.86,AVOID(조향OFF)|LEFT,,8.00,0.39,7.0,6.0,3261
66.00,-33.478,-25.644,-29.6,0.86,AVOID(조향OFF)|LEFT,,8.00,0.39,6.9,6.0,3271
66.05,-33.386,-25.692,-29.1,1.04,AVOID(조향OFF)|LEFT,,8.00,0.40,7.6,6.0,3252
66.10,-33.386,-25.692,-28.8,1.04,AVOID(조향OFF)|LEFT,,8.00,0.40,7.4,6.1,3280
66.15,-33.297,-25.732,-28.4,0.97,AVOID(조향OFF)|LEFT,,8.00,0.40,7.8,6.0,3233
66.20,-33.297,-25.732,-28.1,0.97,AVOID(조향OFF)|LEFT,,8.00,0.40,7.7,6.0,3242
66.25,-33.203,-25.776,-27.7,1.16,AVOID(조향OFF)|LEFT,,8.00,0.40,7.9,6.1,3242
66.30,-33.203,-25.776,-27.4,1.16,AVOID(조향OFF)|LEFT,,8.00,0.40,8.4,6.1,3233
66.35,-33.115,-25.810,-27.0,0.94,AVOID(조향OFF)|LEFT,,8.00,0.40,8.1,6.1,3233
66.40,-33.115,-25.810,-26.7,0.94,AVOID(조향OFF)|LEFT,,8.00,0.40,8.4,6.3,3242
66.45,-33.020,-25.850,-26.2,1.03,AVOID(조향OFF)|LEFT,,8.00,0.40,8.0,5.8,3224
66.50,-33.020,-25.850,-26.0,1.03,AVOID(조향OFF)|LEFT,,8.00,0.42,8.7,6.2,3233
66.55,-32.929,-25.891,-25.5,0.83,AVOID(조향OFF)|LEFT,,8.00,0.42,8.4,6.3,3233
66.60,-32.929,-25.891,-25.2,0.83,AVOID(조향OFF)|LEFT,,8.00,0.42,8.3,6.2,3233
66.65,-32.843,-25.916,-24.7,0.99,AVOID(조향OFF)|LEFT,,8.00,0.42,8.6,6.1,3224
66.70,-32.843,-25.916,-24.4,0.99,AVOID(조향OFF)|LEFT,,8.00,0.42,8.4,6.3,3233
66.75,-32.843,-25.916,-23.9,0.99,AVOID(조향OFF)|LEFT,,8.00,0.42,8.5,6.3,3224
66.80,-32.843,-25.916,-23.7,0.99,AVOID(조향OFF)|LEFT,,8.00,0.42,8.3,6.2,3205
66.85,-32.655,-25.987,-23.2,0.51,AVOID(조향OFF)|LEFT,,8.00,0.42,8.0,6.2,3224
66.90,-32.655,-25.987,-22.9,0.51,AVOID(조향OFF)|LEFT,,8.00,0.43,9.2,6.2,3224
66.95,-32.565,-26.004,-22.5,0.87,AVOID(조향OFF)|LEFT,,8.00,0.43,8.8,6.3,3215
67.00,-32.565,-26.004,-22.3,0.87,AVOID(조향OFF)|LEFT,,8.00,0.43,8.7,6.3,3224
67.05,-32.474,-26.040,-21.8,1.01,AVOID(조향OFF)|LEFT,,8.00,0.43,8.8,6.2,3224
67.10,-32.474,-26.040,-21.5,1.01,AVOID(조향OFF)|LEFT,,8.00,0.43,9.2,6.5,3196
67.15,-32.386,-26.067,-21.0,0.95,AVOID(조향OFF)|LEFT,,8.00,0.43,8.9,6.8,3178
67.20,-32.386,-26.067,-20.8,0.95,AVOID(조향OFF)|LEFT,,8.00,0.43,9.4,6.8,3143
67.25,-32.293,-26.090,-20.3,0.95,AVOID(조향OFF)|LEFT,,8.00,0.43,9.1,6.7,3160
67.30,-32.293,-26.090,-20.0,0.95,AVOID(조향OFF)|LEFT,,8.00,0.43,9.5,6.7,3152
67.35,-32.203,-26.118,-19.5,0.94,AVOID(조향OFF)|LEFT,,8.00,0.43,9.1,6.9,3143
67.40,-32.203,-26.118,-19.3,0.94,AVOID(조향OFF)|LEFT,,8.00,0.43,9.6,7.1,3134
67.45,-32.110,-26.141,-18.7,0.95,AVOID(조향OFF)|LEFT,,8.00,0.43,9.3,7.1,3108
67.50,-32.110,-26.141,-18.5,0.95,AVOID(조향OFF)|LEFT,,8.00,0.44,9.3,7.3,3091
67.55,-32.019,-26.160,-17.9,0.78,AVOID(조향OFF)|LEFT,,8.00,0.44,9.0,7.3,3091
67.60,-32.019,-26.160,-17.6,0.78,AVOID(조향OFF)|LEFT,,8.00,0.44,8.8,7.3,3100
67.65,-31.926,-26.182,-17.0,1.19,AVOID(조향OFF)|LEFT,,8.00,0.44,9.2,7.3,3074
67.70,-31.926,-26.182,-16.8,1.19,AVOID(조향OFF)|LEFT,,8.00,0.44,9.2,7.3,3100
67.75,-31.838,-26.201,-16.2,0.90,AVOID(조향OFF)|LEFT,,8.00,0.44,8.9,7.3,3100
67.80,-31.838,-26.201,-16.0,0.90,AVOID(조향OFF)|LEFT,,8.00,0.44,9.5,7.3,3057
67.85,-31.738,-26.222,-15.5,1.02,AVOID(조향OFF)|LEFT,,8.00,0.44,9.2,7.3,3057
67.90,-31.738,-26.222,-15.2,1.02,AVOID(조향OFF)|LEFT,,8.00,0.44,9.6,7.3,3074
67.95,-31.646,-26.231,-14.6,0.83,AVOID(조향OFF)|LEFT,,8.00,0.44,9.3,7.2,3074
68.00,-31.646,-26.231,-14.4,0.83,AVOID(조향OFF)|LEFT,,8.00,0.44,9.1,7.2,3074
68.05,-31.549,-26.259,-13.8,1.12,AVOID(조향OFF)|LEFT,,8.00,0.46,8.9,7.3,3083
68.10,-31.549,-26.259,-13.6,1.12,AVOID(조향OFF)|LEFT,,8.00,0.46,9.1,7.3,3066
68.15,-31.458,-26.268,-13.0,0.82,AVOID(조향OFF)|LEFT,,8.00,0.46,8.8,7.3,3066
68.20,-31.458,-26.268,-12.7,0.82,AVOID(조향OFF)|LEFT,,8.00,0.46,8.7,7.3,3066
68.25,-31.362,-26.299,-12.1,1.12,AVOID(조향OFF)|LEFT,,8.00,0.46,9.1,7.3,3108
68.30,-31.362,-26.299,-11.8,1.12,AVOID(조향OFF)|LEFT,,8.00,0.46,9.4,7.3,3108
68.35,-31.271,-26.289,-11.3,0.87,AVOID(조향OFF)|LEFT,,8.00,0.46,9.1,7.3,3066
68.40,-31.271,-26.289,-10.9,0.87,AVOID(조향OFF)|LEFT,,8.00,0.46,9.5,7.4,3057
68.45,-31.178,-26.294,-10.4,0.92,AVOID(조향OFF)|LEFT,,8.00,0.46,9.0,7.4,3057
68.50,-31.178,-26.294,-10.1,0.92,AVOID(조향OFF)|LEFT,,8.00,0.47,8.6,7.5,3049
68.55,-31.084,-26.306,-9.5,0.78,AVOID(조향OFF)|LEFT,,8.00,0.47,8.3,7.4,3057
68.60,-31.084,-26.306,-9.2,0.78,AVOID(조향OFF)|LEFT,,8.00,0.47,8.1,7.5,3057
68.65,-30.989,-26.314,-8.7,1.20,AVOID(조향OFF)|LEFT,,8.00,0.47,8.4,7.5,3049
68.70,-30.989,-26.314,-8.4,1.20,AVOID(조향OFF)|LEFT,,8.00,0.47,8.3,7.5,3049
68.75,-30.898,-26.315,-7.9,0.89,AVOID(조향OFF)|LEFT,,8.00,0.47,8.1,7.5,3049
68.80,-30.898,-26.315,-7.6,0.89,AVOID(조향OFF)|LEFT,,8.00,0.47,8.7,7.5,3057
68.85,-30.803,-26.321,-7.0,0.97,AVOID(조향OFF)|LEFT,,8.00,0.47,8.3,7.5,3057
68.90,-30.803,-26.321,-6.8,0.97,AVOID(조향OFF)|LEFT,,8.00,0.47,8.6,7.5,3057
68.95,-30.711,-26.326,-6.2,0.90,AVOID(조향OFF)|LEFT,,8.00,0.47,8.2,7.5,3049
69.00,-30.711,-26.326,-5.9,0.90,AVOID(조향OFF)|LEFT,,8.00,0.48,8.0,7.5,3057
69.05,-30.618,-26.323,-5.3,0.92,AVOID(조향OFF)|LEFT,,8.00,0.48,7.6,7.4,3049
69.10,-30.618,-26.323,-5.1,0.92,AVOID(조향OFF)|LEFT,,8.00,0.48,7.8,7.5,3049
69.15,-30.523,-26.319,-4.5,0.94,AVOID(조향OFF)|LEFT,,8.00,0.48,7.5,7.4,3057
69.20,-30.523,-26.319,-4.2,0.94,AVOID(조향OFF)|LEFT,,8.00,0.48,7.7,7.4,3057
69.25,-30.429,-26.326,-3.6,0.95,AVOID(조향OFF)|LEFT,,8.00,0.48,7.4,7.4,3041
69.30,-30.429,-26.326,-3.3,0.95,AVOID(조향OFF)|LEFT,,8.00,0.48,7.8,7.5,3049
69.35,-30.340,-26.313,-2.7,0.80,AVOID(조향OFF)|LEFT,,8.00,0.48,7.4,7.5,3049
69.40,-30.340,-26.313,-2.4,0.80,AVOID(조향OFF)|LEFT,,8.00,0.48,7.2,7.5,3049
69.45,-30.245,-26.315,-1.9,1.06,AVOID(조향OFF)|LEFT,,8.00,0.48,7.2,7.5,3049
69.50,-30.245,-26.315,-1.6,1.06,AVOID(조향OFF)|LEFT,,8.00,0.48,7.3,7.4,3057
69.55,-30.150,-26.306,-1.0,0.86,AVOID(조향OFF)|LEFT,,8.00,0.48,6.9,7.5,3041
69.60,-30.150,-26.306,-0.7,0.86,AVOID(조향OFF)|LEFT,,8.00,0.48,6.7,7.4,3049
69.65,-30.063,-26.297,-0.2,0.87,AVOID(조향OFF)|LEFT,,8.00,0.49,6.4,7.4,3049
69.70,-30.063,-26.297,0.1,0.87,AVOID(조향OFF)|LEFT,,8.00,0.49,6.2,7.4,3041
69.75,-29.966,-26.288,0.7,1.08,AVOID(조향OFF)|LEFT,,8.00,0.49,6.1,7.4,3057
69.80,-29.966,-26.288,1.0,1.08,AVOID(조향OFF)|LEFT,,8.00,0.49,6.2,7.5,3033
69.85,-29.871,-26.277,1.5,0.96,AVOID(조향OFF)|LEFT,,8.00,0.49,5.8,7.5,3041
69.90,-29.871,-26.277,1.8,0.96,AVOID(조향OFF)|LEFT,,8.00,0.49,6.1,7.4,3057
69.95,-29.781,-26.265,2.4,0.82,AVOID(조향OFF)|LEFT,,8.00,0.49,5.6,7.5,3057
70.00,-29.781,-26.265,2.7,0.82,AVOID(조향OFF)|LEFT,,8.00,0.49,5.4,7.5,3033
70.05,-29.689,-26.253,3.3,1.03,AVOID(조향OFF)|LEFT,,8.00,0.49,5.4,7.4,3049
70.10,-29.689,-26.253,3.5,1.03,AVOID(조향OFF)|LEFT,,8.00,0.51,5.2,7.4,3041
70.15,-29.597,-26.241,4.1,0.84,AVOID(조향OFF)|LEFT,,8.00,0.51,4.8,7.3,3049
70.20,-29.597,-26.241,4.4,0.84,AVOID(조향OFF)|LEFT,,8.00,0.51,4.7,7.0,3100
70.25,-29.508,-26.224,5.0,1.00,AVOID(조향OFF)|LEFT,,8.00,0.51,4.7,7.0,3108
70.30,-29.508,-26.224,5.2,1.00,AVOID(조향OFF)|LEFT,,8.00,0.51,4.6,6.9,3117
70.35,-29.415,-26.209,5.7,0.95,AVOID(조향OFF)|LEFT,,8.00,0.51,4.2,6.6,3143
70.40,-29.415,-26.209,6.0,0.95,AVOID(조향OFF)|LEFT,,8.00,0.51,4.3,6.6,3169
70.45,-29.324,-26.193,6.5,0.92,AVOID(조향OFF)|LEFT,,8.00,0.51,4.0,6.5,3169
70.50,-29.324,-26.193,6.6,0.92,AVOID(조향OFF)|LEFT,,8.00,0.51,4.0,6.2,3178
70.55,-29.234,-26.173,7.1,0.83,AVOID(조향OFF)|LEFT,,8.00,0.51,3.7,6.2,3205
70.60,-29.234,-26.173,7.4,0.83,AVOID(조향OFF)|LEFT,,8.00,0.51,3.6,6.1,3224
70.65,-29.142,-26.150,7.8,0.94,AVOID(조향OFF)|LEFT,,8.00,0.52,3.5,6.2,3215
70.70,-29.142,-26.150,8.0,0.94,AVOID(조향OFF)|LEFT,,8.00,0.52,3.3,6.1,3215
70.75,-29.054,-26.124,8.5,0.90,AVOID(조향OFF)|LEFT,,8.00,0.52,3.2,6.1,3215
70.80,-29.054,-26.124,8.7,0.90,AVOID(조향OFF)|LEFT,,8.00,0.52,3.0,6.2,3196
70.85,-28.961,-26.109,9.2,0.95,AVOID(조향OFF)|LEFT,,8.00,0.52,2.8,6.1,3224
70.90,-28.961,-26.109,9.5,0.95,AVOID(조향OFF)|LEFT,,8.00,0.52,2.6,5.9,3242
70.95,-28.873,-26.079,9.9,1.02,AVOID(조향OFF)|LEFT,,8.00,0.52,2.5,5.6,3280
71.00,-28.873,-26.079,10.1,1.02,AVOID(조향OFF)|LEFT,,8.00,0.52,2.3,5.6,3309
71.05,-28.782,-26.054,10.6,0.93,AVOID(조향OFF)|LEFT,,8.00,0.52,2.0,5.1,3339
71.10,-28.782,-26.054,10.7,0.93,AVOID(조향OFF)|LEFT,,8.00,0.52,1.8,5.2,3339
71.15,-28.689,-26.031,11.1,0.88,AVOID(조향OFF)|LEFT,,8.00,0.52,1.5,5.2,3349
71.20,-28.689,-26.031,11.3,0.88,AVOID(조향OFF)|LEFT,,8.00,0.52,1.4,5.1,3379
71.25,-28.604,-26.004,11.7,0.88,AVOID(조향OFF)|LEFT,,8.00,0.54,1.7,4.5,3410
71.30,-28.604,-26.004,11.9,0.88,AVOID(조향OFF)|LEFT,,8.00,0.54,1.6,4.0,3494
71.35,-28.513,-25.977,12.1,0.94,AVOID(조향OFF)|LEFT,,8.00,0.54,1.4,3.6,3549
71.40,-28.513,-25.977,12.2,0.94,AVOID(조향OFF)|LEFT,,8.00,0.54,1.3,3.6,3549
71.45,-28.426,-25.948,12.5,0.91,AVOID(조향OFF)|LEFT,,8.00,0.54,1.2,3.5,3572
71.50,-28.426,-25.948,12.6,0.91,AVOID(조향OFF)|LEFT,,8.00,0.54,1.1,3.6,3583
71.55,-28.336,-25.922,12.9,0.94,AVOID(조향OFF)|LEFT,,8.00,0.54,0.8,3.5,3583
71.60,-28.336,-25.922,13.0,0.94,AVOID(조향OFF)|LEFT,,8.00,0.54,0.7,3.3,3618
71.65,-28.245,-25.896,13.2,1.06,AVOID(조향OFF)|LEFT,,8.00,0.54,0.5,3.2,3630
71.70,-28.245,-25.896,13.3,1.06,AVOID(조향OFF)|LEFT,,8.00,0.55,1.3,3.2,3641
71.75,-28.159,-25.864,13.6,0.82,AVOID(조향OFF)|LEFT,,8.00,0.55,1.2,3.2,3653
71.80,-28.159,-25.864,13.6,0.82,AVOID(조향OFF)|LEFT,,8.00,0.55,1.1,3.2,3641
71.85,-28.071,-25.838,13.8,0.91,AVOID(조향OFF)|LEFT,,8.00,0.55,0.6,3.2,3665
71.90,-28.071,-25.838,14.0,0.91,AVOID(조향OFF)|LEFT,,8.00,0.55,0.6,3.2,3653
71.95,-27.979,-25.810,14.2,0.97,AVOID(조향OFF)|LEFT,,8.00,0.55,0.5,3.2,3653
72.00,-27.979,-25.810,14.3,0.97,AVOID(조향OFF)|LEFT,,8.00,0.55,0.4,3.2,3653
72.05,-27.897,-25.776,14.6,0.95,AVOID(조향OFF)|LEFT,,8.00,0.55,0.3,2.9,3701
72.10,-27.897,-25.776,14.6,0.95,AVOID(조향OFF)|LEFT,,8.00,0.55,-0.0,2.8,3726
72.15,-27.803,-25.749,14.8,0.93,AVOID(조향OFF)|LEFT,,8.00,0.55,-0.1,2.7,3751
72.20,-27.803,-25.749,14.9,0.93,AVOID(조향OFF)|LEFT,,8.00,0.55,-0.2,2.7,3738
72.25,-27.716,-25.721,15.0,0.89,AVOID(조향OFF)|LEFT,,8.00,0.57,0.6,2.3,3776
72.30,-27.716,-25.721,15.1,0.89,AVOID(조향OFF)|LEFT,,8.00,0.57,0.5,2.1,3814
72.35,-27.629,-25.691,15.2,0.91,AVOID(조향OFF)|LEFT,,8.00,0.57,0.4,2.0,3840
72.40,-27.629,-25.691,15.3,0.91,AVOID(조향OFF)|LEFT,,8.00,0.57,0.4,2.1,3827
72.45,-27.548,-25.658,15.4,0.97,AVOID(조향OFF)|LEFT,,8.00,0.57,0.2,2.0,3853
72.50,-27.548,-25.658,15.4,0.97,AVOID(조향OFF)|LEFT,,8.00,0.57,0.1,2.0,3867
72.55,-27.457,-25.631,15.5,0.86,AVOID(조향OFF)|LEFT,,8.00,0.57,0.1,1.6,3893
72.60,-27.457,-25.631,15.6,0.86,AVOID(조향OFF)|LEFT,,8.00,0.57,0.0,1.5,3920
72.65,-27.373,-25.599,15.7,0.89,AVOID(조향OFF)|LEFT,,8.00,0.57,-0.2,1.5,3920
72.70,-27.373,-25.599,15.7,0.89,AVOID(조향OFF)|LEFT,,8.00,0.57,-0.3,1.5,3920
72.75,-27.285,-25.565,15.8,1.04,AVOID(조향OFF)|LEFT,,8.00,0.57,-0.5,1.5,3934
72.80,-27.285,-25.565,15.8,1.04,AVOID(조향OFF)|LEFT,,8.00,0.58,0.7,1.6,3934
72.85,-27.199,-25.536,15.9,0.91,AVOID(조향OFF)|LEFT,,8.00,0.58,0.6,1.5,3934
72.90,-27.199,-25.536,16.0,0.91,AVOID(조향OFF)|LEFT,,8.00,0.58,0.4,1.6,3948
72.95,-27.113,-25.511,16.0,0.74,AVOID(조향OFF)|LEFT,,8.00,0.58,0.3,1.5,3962
73.00,-27.113,-25.511,16.0,0.74,AVOID(조향OFF)|LEFT,,8.00,0.58,0.3,1.6,3920
73.05,-27.029,-25.479,16.2,1.12,AVOID(조향OFF)|LEFT,,8.00,0.58,0.0,1.5,3920
73.10,-27.029,-25.479,16.2,1.12,AVOID(조향OFF)|LEFT,,8.00,0.58,0.4,1.5,3920
73.15,-26.944,-25.448,16.3,0.83,AVOID(조향OFF)|LEFT,,8.00,0.58,0.4,1.6,3962
73.20,-26.944,-25.448,16.3,0.83,AVOID(조향OFF)|LEFT,,8.00,0.58,0.3,1.5,3948
73.25,-26.851,-25.421,16.4,1.07,AVOID(조향OFF)|LEFT,,8.00,0.58,-0.3,1.6,3934
73.30,-26.851,-25.421,16.5,1.07,AVOID(조향OFF)|LEFT,,8.00,0.60,1.0,1.5,3934
73.35,-26.769,-25.383,16.5,0.90,AVOID(조향OFF)|LEFT,,8.00,0.60,0.9,1.5,3948
73.40,-26.769,-25.383,16.5,0.90,AVOID(조향OFF)|LEFT,,8.00,0.60,0.6,1.5,3920
73.45,-26.681,-25.356,16.6,0.92,AVOID(조향OFF)|LEFT,,8.00,0.60,0.6,1.5,3948
73.50,-26.681,-25.356,16.7,0.92,AVOID(조향OFF)|LEFT,,8.00,0.60,0.6,1.5,3948
73.55,-26.597,-25.321,16.8,0.82,AVOID(조향OFF)|LEFT,,8.00,0.60,0.5,1.5,3948
73.60,-26.597,-25.321,16.8,0.82,AVOID(조향OFF)|LEFT,,8.00,0.60,0.5,1.5,3962
73.65,-26.515,-25.291,16.8,0.88,AVOID(조향OFF)|LEFT,,8.00,0.60,0.2,1.6,3934
73.70,-26.515,-25.291,16.9,0.88,AVOID(조향OFF)|LEFT,,8.00,0.60,0.2,1.6,3948
73.75,-26.426,-25.260,17.0,0.94,AVOID(조향OFF)|LEFT,,8.00,0.60,0.1,1.6,3962
73.80,-26.426,-25.260,17.1,0.94,AVOID(조향OFF)|LEFT,,8.00,0.60,0.1,1.5,3948
73.85,-26.345,-25.226,17.1,0.87,AVOID(조향OFF)|LEFT,,8.00,0.60,0.0,1.6,3948
73.90,-26.345,-25.226,17.2,0.87,AVOID(조향OFF)|LEFT,,8.00,0.60,0.0,1.6,3948
73.95,-26.256,-25.200,17.2,0.93,AVOID(조향OFF)|LEFT,,8.00,0.61,0.8,1.5,3934
74.00,-26.256,-25.200,17.2,0.93,AVOID|LEFT,16.8,8.00,0.61,0.7,1.5,3948
74.05,-26.175,-25.168,17.4,0.87,AVOID|LEFT,16.8,8.00,0.61,16.8,1.6,3962
74.10,-26.175,-25.168,17.4,0.87,AVOID|LEFT,17.4,8.00,0.61,16.8,1.5,3948
74.15,-26.091,-25.134,17.5,0.91,AVOID|LEFT,17.4,8.00,0.61,17.4,1.6,3934
74.20,-26.091,-25.134,17.5,0.91,BLOCKED|STOP,,1.41,0.61,17.4,2.6,3840
74.25,-26.011,-25.099,17.8,0.86,BLOCKED|STOP,,1.41,0.52,0.5,4.5,3606
74.30,-26.011,-25.099,18.0,0.86,BLOCKED|STOP,,1.33,0.43,0.4,6.1,3399
74.35,-25.918,-25.073,18.5,1.07,BLOCKED|STOP,,1.33,0.34,-0.1,7.3,3224
74.40,-25.918,-25.073,18.8,1.07,BLOCKED|STOP,,1.24,0.25,0.9,6.6,3242
74.45,-25.836,-25.030,19.2,0.92,BLOCKED|STOP,,1.24,0.25,0.7,4.8,3420
74.50,-25.836,-25.030,19.3,0.92,BLOCKED|STOP,,1.16,0.25,0.2,3.3,3595
74.55,-25.836,-25.030,19.5,0.92,BLOCKED|STOP,,1.16,0.25,0.0,2.6,3701
74.60,-25.755,-24.989,19.6,0.64,BLOCKED|STOP,,1.09,0.25,-0.0,2.5,3751
74.65,-25.755,-24.989,19.7,0.64,BLOCKED|STOP,,1.09,0.25,-0.9,2.5,3751
74.70,-25.755,-24.989,19.9,0.64,BLOCKED|STOP,,1.01,0.25,-1.0,2.1,3827
74.75,-25.580,-24.913,19.9,1.06,BLOCKED|STOP,,1.01,0.25,-1.1,2.0,3853
74.80,-25.580,-24.913,19.9,1.06,BLOCKED|STOP,,0.94,0.25,-1.2,1.9,3867
74.85,-25.490,-24.877,20.0,1.08,BLOCKED|STOP,,0.94,0.16,-0.7,2.0,3880
74.90,-25.490,-24.877,20.0,1.08,BLOCKED|STOP,,0.86,0.07,-0.7,1.8,3880
74.95,-25.408,-24.840,20.0,0.89,BLOCKED|STOP,,0.79,0.00,0.2,1.6,3893
75.00,-25.408,-24.840,20.0,0.89,BLOCKED|STOP,,0.79,0.00,0.2,1.5,3962
75.05,-25.322,-24.806,20.1,0.92,BLOCKED|STOP,,0.73,0.00,-0.2,1.5,3934
75.10,-25.322,-24.806,20.0,0.92,BLOCKED|STOP,,0.73,0.00,-0.2,1.5,3934
75.15,-25.240,-24.768,20.1,0.91,BLOCKED|STOP,,0.68,0.00,-0.2,1.5,3948
75.20,-25.240,-24.768,20.1,0.91,BLOCKED|STOP,,0.68,0.00,-0.2,1.6,3948
75.25,-25.151,-24.733,20.1,1.05,BLOCKED|STOP,,0.61,0.00,-0.4,1.5,3934
75.30,-25.151,-24.733,20.1,1.05,BLOCKED|STOP,,0.61,0.00,-0.2,1.5,3976
75.35,-25.076,-24.693,20.1,0.77,BLOCKED|STOP,,0.57,0.00,-0.2,1.5,3962
75.40,-25.076,-24.693,20.1,0.77,BLOCKED|STOP,,0.57,0.00,-0.2,1.5,3948
75.45,-25.008,-24.663,20.1,0.75,BLOCKED|STOP,,0.53,0.00,-1.1,1.5,3948
75.50,-25.008,-24.663,20.1,0.75,BLOCKED|STOP,,0.53,0.00,-1.1,1.5,3962
75.55,-24.945,-24.633,20.1,0.70,BLOCKED|STOP,,0.50,0.00,0.0,1.3,3962
75.60,-24.945,-24.633,20.1,0.70,BLOCKED|STOP,,0.50,0.00,-0.0,1.1,4004
75.65,-24.879,-24.604,20.1,0.72,BLOCKED|STOP,,0.47,0.00,-0.2,1.1,4018
75.70,-24.879,-24.604,20.1,0.72,BLOCKED|STOP,,0.47,0.00,-0.2,1.1,4018
75.75,-24.820,-24.574,20.1,0.73,BLOCKED|STOP,,0.45,0.00,-0.2,1.1,4033
75.80,-24.820,-24.574,20.1,0.73,BLOCKED|STOP,,0.45,0.00,-0.4,1.1,4018
75.85,-24.770,-24.550,20.1,0.55,BLOCKED|STOP,,0.43,0.00,-0.4,1.1,4018
75.90,-24.770,-24.550,20.1,0.55,BLOCKED|STOP,,0.41,0.00,-0.9,1.1,4018
75.95,-24.720,-24.535,20.0,0.47,BLOCKED|STOP,,0.41,0.00,-0.9,1.1,4033
76.00,-24.720,-24.535,20.0,0.47,BLOCKED|STOP,,0.38,0.00,-0.9,1.1,4033
76.05,-24.686,-24.506,20.0,0.46,BLOCKED|STOP,,0.38,0.00,-1.1,1.0,4018
76.10,-24.686,-24.506,20.0,0.46,BLOCKED|STOP,,0.37,0.00,-1.6,1.1,4018
76.15,-24.652,-24.490,19.9,0.37,BLOCKED|STOP,,0.37,0.00,-1.6,1.1,4018
76.20,-24.652,-24.490,19.9,0.37,BLOCKED|STOP,,0.38,0.00,-2.0,1.1,4033
76.25,-24.617,-24.473,19.9,0.39,BLOCKED|STOP,,0.38,0.00,-2.0,1.1,4018
76.30,-24.617,-24.473,19.9,0.39,BLOCKED|STOP,,0.86,0.00,-2.2,1.1,4033
76.35,-24.585,-24.463,19.8,0.34,BLOCKED|STOP,,0.86,0.00,-2.1,0.9,4047
76.40,-24.585,-24.463,19.8,0.34,BLOCKED|STOP,,0.86,0.00,-0.2,0.6,4077
76.45,-24.552,-24.458,19.8,0.32,BLOCKED|STOP,,0.86,0.00,-0.2,0.7,4092
76.50,-24.552,-24.458,19.7,0.32,BLOCKED|STOP,,2.96,0.00,-0.1,0.6,4077
76.55,-24.530,-24.447,19.7,0.21,BLOCKED|STOP,,2.96,0.05,-0.0,0.6,4092
76.60,-24.530,-24.447,19.7,0.21,BLOCKED|STOP,,2.94,0.10,-0.0,0.6,4121
76.65,-24.507,-24.442,19.6,0.29,BLOCKED|STOP,,2.94,0.15,-0.3,0.6,4106
76.70,-24.507,-24.442,19.6,0.29,BLOCKED|STOP,,2.94,0.20,-0.0,0.6,4106
76.75,-24.494,-24.434,19.5,0.14,BLOCKED|STOP,,2.93,0.25,0.0,0.6,4121
76.80,-24.494,-24.434,19.5,0.14,BLOCKED|STOP,,2.93,0.30,0.0,0.6,4092
76.85,-24.481,-24.428,19.5,0.14,BLOCKED|STOP,,2.93,0.35,-0.4,0.6,4106
76.90,-24.481,-24.428,19.5,0.14,BLOCKED|STOP,,2.93,0.40,-0.4,0.6,4121
76.95,-24.475,-24.430,19.4,0.06,BLOCKED|STOP,,2.92,0.45,-0.4,0.6,4092
77.00,-24.475,-24.430,19.4,0.06,BLOCKED|STOP,,2.92,0.50,-0.5,0.6,4121
77.05,-24.467,-24.425,19.4,0.09,BLOCKED|STOP,,2.91,0.53,-0.5,0.6,4106
77.10,-24.467,-24.425,19.4,0.09,BLOCKED|STOP,,2.91,0.53,-0.4,0.6,4121
77.15,-24.467,-24.425,19.4,0.09,BLOCKED|STOP,,2.87,0.53,-0.4,0.6,4121
77.20,-24.467,-24.425,19.4,0.09,BLOCKED|STOP,,2.87,0.52,-0.4,0.6,4121
77.25,-24.431,-24.405,19.3,11.15,BLOCKED|STOP,,2.87,0.52,-0.4,0.5,4106
77.30,-24.431,-24.405,19.3,11.15,BLOCKED|STOP,,2.87,0.52,1.6,0.6,4106
77.35,-24.412,-24.396,19.3,0.19,BLOCKED|STOP,,2.84,0.52,1.6,0.6,4121
77.40,-24.412,-24.396,19.3,0.19,BLOCKED|STOP,,2.84,0.51,1.6,0.6,4121
77.45,-24.389,-24.385,19.3,0.25,BLOCKED|STOP,,2.82,0.51,-0.3,0.6,4121
77.50,-24.389,-24.385,19.3,0.25,BLOCKED|STOP,,2.78,0.50,-0.3,0.6,4121
77.55,-24.389,-24.385,19.2,0.25,BLOCKED|STOP,,2.78,0.50,-0.2,0.5,4121
77.60,-24.389,-24.385,19.2,0.25,BLOCKED|STOP,,2.76,0.50,-0.2,0.5,4121
77.65,-24.328,-24.356,19.2,0.18,BLOCKED|STOP,,2.76,0.49,-0.1,0.6,4106
77.70,-24.328,-24.356,19.1,0.18,BLOCKED|STOP,,2.73,0.49,-0.6,0.6,4121
77.75,-24.290,-24.344,19.1,0.39,BLOCKED|STOP,,2.73,0.48,-0.6,0.6,4137
77.80,-24.290,-24.344,19.1,0.39,BLOCKED|STOP,,2.69,0.48,0.1,0.5,4121
77.85,-24.258,-24.326,19.1,0.36,BLOCKED|STOP,,2.69,0.47,0.2,0.6,4106
77.90,-24.258,-24.326,18.9,0.36,BLOCKED|STOP,,2.65,0.47,-0.1,0.6,4137
77.95,-24.220,-24.305,18.4,0.46,BLOCKED|STOP,,2.65,0.46,0.1,0.5,4106
78.00,-24.220,-24.305,18.1,0.46,BLOCKED|STOP,,2.62,0.46,0.3,0.3,4152
78.05,-24.192,-24.290,18.0,0.27,BLOCKED|STOP,,2.62,0.46,0.8,-0.2,4198
78.10,-24.192,-24.290,18.2,0.27,BLOCKED|STOP,,2.59,0.46,0.9,-1.0,4278
78.15,-24.158,-24.288,18.5,0.37,BLOCKED|STOP,,2.59,0.45,-0.0,-2.4,4430
78.20,-24.158,-24.288,18.5,0.37,BLOCKED|STOP,,2.61,0.45,0.5,-2.8,4465
78.25,-24.165,-24.281,18.4,-0.05,BLOCKED|STOP,,2.61,0.45,0.4,-2.7,4483
78.30,-24.165,-24.281,18.2,-0.05,BLOCKED|STOP,,2.61,0.45,-1.4,-2.8,4519
78.35,-24.175,-24.282,18.2,-0.08,BLOCKED|STOP,,2.61,0.45,-1.1,-2.7,4519
78.40,-24.175,-24.282,18.1,-0.08,BLOCKED|STOP,,2.61,0.45,-1.1,-2.8,4501
78.45,-24.167,-24.290,18.1,0.05,BLOCKED|STOP,,2.61,0.45,-0.9,-2.8,4519
78.50,-24.167,-24.290,18.0,0.05,BLOCKED|STOP,,2.61,0.45,-0.6,-2.8,4519
78.55,-24.174,-24.287,18.0,-0.04,BLOCKED|STOP,,2.61,0.45,-0.5,-2.8,4519
78.60,-24.174,-24.287,18.0,-0.04,BLOCKED|STOP,,2.61,0.45,-0.5,-2.8,4537
78.65,-24.178,-24.290,17.9,-0.07,BLOCKED|STOP,,2.61,0.45,-0.8,-2.8,4537
78.70,-24.178,-24.290,17.9,-0.07,BLOCKED|STOP,,2.61,0.45,-0.5,-2.7,4519
78.75,-24.170,-24.288,17.9,0.08,BLOCKED|STOP,,2.61,0.45,-0.5,-2.8,4555
78.80,-24.170,-24.288,17.9,0.08,BLOCKED|STOP,,2.61,0.45,-0.5,-2.8,4519
78.85,-24.174,-24.288,17.9,-0.04,BLOCKED|STOP,,2.60,0.45,-0.4,-2.8,4519
78.90,-24.174,-24.288,17.9,-0.04,BLOCKED|STOP,,2.60,0.45,-0.7,-2.7,4537
78.95,-24.172,-24.287,17.9,0.02,BLOCKED|STOP,,2.61,0.45,-0.7,-2.7,4537
79.00,-24.172,-24.287,17.9,0.02,BLOCKED|STOP,,2.61,0.45,-0.6,-2.8,4537
79.05,-24.173,-24.288,17.9,-0.01,BLOCKED|STOP,,2.61,0.45,-0.8,-2.8,4519
79.10,-24.173,-24.288,17.9,-0.01,BLOCKED|STOP,,2.61,0.45,-0.8,-2.8,4537
79.15,-24.174,-24.290,17.8,-0.01,BLOCKED|STOP,,2.61,0.45,-0.8,-2.7,4537
79.20,-24.174,-24.290,17.8,-0.01,BLOCKED|STOP,,2.61,0.45,-0.7,-2.7,4537
79.25,-24.171,-24.290,17.8,0.02,BLOCKED|STOP,,2.61,0.45,-0.7,-2.7,4537
79.30,-24.171,-24.290,17.8,0.02,BLOCKED|STOP,,2.61,0.45,-0.7,-2.7,4537
79.35,-24.172,-24.290,17.8,-0.01,BLOCKED|STOP,,2.61,0.45,-0.6,-2.8,4537
79.40,-24.172,-24.290,17.8,-0.01,BLOCKED|STOP,,2.61,0.45,-0.6,-2.8,4537
79.45,-24.172,-24.289,17.8,0.01,BLOCKED|STOP,,2.61,0.45,-0.6,-2.7,4555
79.50,-24.172,-24.289,17.7,0.01,BLOCKED|STOP,,2.60,0.45,-0.6,-2.7,4537
79.55,-24.170,-24.291,17.7,0.01,BLOCKED|STOP,,2.60,0.45,-0.6,-2.9,4537
79.60,-24.170,-24.291,17.7,0.01,BLOCKED|STOP,,2.60,0.45,-0.6,-2.7,4537
79.65,-24.173,-24.287,17.7,-0.02,BLOCKED|STOP,,2.60,0.45,-0.5,-2.8,4537
79.70,-24.173,-24.287,17.7,-0.02,BLOCKED|STOP,,2.60,0.45,-0.6,-2.8,4537
79.75,-24.171,-24.290,17.7,0.01,BLOCKED|STOP,,2.60,0.45,-0.6,-2.6,4537
79.80,-24.171,-24.290,17.7,0.01,BLOCKED|STOP,,2.61,0.45,-0.5,-2.8,4537
79.85,-24.170,-24.289,17.7,0.01,BLOCKED|STOP,,2.61,0.45,-0.5,-2.8,4537
79.90,-24.170,-24.289,17.6,0.01,BLOCKED|STOP,,2.61,0.45,-0.5,-2.7,4537
79.95,-24.169,-24.292,17.6,0.00,BLOCKED|STOP,,2.61,0.45,-0.5,-2.7,4537
80.00,-24.169,-24.292,17.6,0.00,BLOCKED|STOP,,2.61,0.45,-0.4,-2.7,4555
80.05,-24.167,-24.286,17.6,0.03,BLOCKED|STOP,,2.61,0.45,-0.3,-2.8,4555
80.10,-24.167,-24.286,17.5,0.03,BLOCKED|STOP,,2.61,0.45,-0.3,-2.7,4537
80.15,-24.166,-24.292,17.5,-0.00,BLOCKED|STOP,,2.61,0.45,-0.3,-2.7,4519
80.20,-24.166,-24.292,17.5,-0.00,BLOCKED|STOP,,2.61,0.45,-0.3,-2.8,4519
80.25,-24.169,-24.288,17.5,-0.02,BLOCKED|STOP,,2.61,0.45,-0.2,-2.8,4537
80.30,-24.169,-24.288,17.5,-0.02,BLOCKED|STOP,,2.61,0.45,-0.3,-2.7,4555
80.35,-24.173,-24.291,17.4,-0.05,BLOCKED|STOP,,2.61,0.45,-0.2,-2.8,4537
80.40,-24.173,-24.291,17.4,-0.05,BLOCKED|STOP,,2.61,0.45,-0.0,-2.7,4555
80.45,-24.175,-24.300,17.4,-0.04,BLOCKED|STOP,,2.60,0.45,0.0,-2.7,4537
80.50,-24.175,-24.300,17.4,-0.04,BLOCKED|STOP,,2.60,0.45,0.4,-2.7,4537
80.55,-24.170,-24.283,17.3,0.09,BLOCKED|STOP,,2.61,0.45,0.4,-2.8,4537
80.60,-24.170,-24.283,17.3,0.09,BLOCKED|STOP,,2.61,0.45,0.4,-2.8,4555
80.65,-24.166,-24.284,17.3,0.04,BLOCKED|STOP,,2.61,0.45,0.1,-2.7,4537
80.70,-24.166,-24.284,17.3,0.04,BLOCKED|STOP,,2.61,0.45,-0.1,-2.8,4555
80.75,-24.175,-24.283,17.2,-0.08,BLOCKED|STOP,,2.61,0.45,-0.0,-2.8,4537
80.80,-24.175,-24.283,17.2,-0.08,BLOCKED|STOP,,2.61,0.45,0.1,-2.8,4537
80.85,-24.175,-24.279,17.2,0.01,BLOCKED|STOP,,2.61,0.45,0.1,-2.7,4537
80.90,-24.175,-24.279,17.2,0.01,BLOCKED|STOP,,2.61,0.45,0.1,-2.7,4555
80.95,-24.175,-24.282,17.2,-0.01,BLOCKED|STOP,,2.61,0.45,-0.5,-2.7,4537
81.00,-24.175,-24.282,17.2,-0.01,BLOCKED|STOP,,2.60,0.45,-0.4,-3.1,4555
81.05,-24.177,-24.280,17.2,-0.01,BLOCKED|STOP,,2.60,0.45,-0.4,-2.7,4555
81.10,-24.177,-24.280,17.2,-0.01,BLOCKED|STOP,,2.60,0.45,-0.3,-2.7,4555
81.15,-24.174,-24.281,17.2,0.02,BLOCKED|STOP,,2.60,0.45,-0.4,-2.7,4537
81.20,-24.174,-24.281,17.1,0.02,BLOCKED|STOP,,2.61,0.45,-0.3,-2.8,4519
81.25,-24.175,-24.285,17.2,-0.02,BLOCKED|STOP,,2.61,0.45,-0.2,-2.8,4555
81.30,-24.175,-24.285,17.2,-0.02,BLOCKED|STOP,,2.61,0.45,-0.1,-2.7,4555
81.35,-24.173,-24.283,17.1,0.02,BLOCKED|STOP,,2.61,0.45,-0.2,-2.7,4537
81.40,-24.173,-24.283,17.1,0.02,BLOCKED|STOP,,2.61,0.45,-0.1,-2.6,4537
81.45,-24.172,-24.282,17.1,0.01,BLOCKED|STOP,,2.61,0.45,-0.1,-2.7,4519
81.50,-24.172,-24.282,17.1,0.01,BLOCKED|STOP,,2.61,0.45,-0.2,-2.7,4537
81.55,-24.171,-24.281,17.1,0.01,BLOCKED|STOP,,2.61,0.45,-0.1,-2.7,4555
81.60,-24.171,-24.281,17.1,0.01,BLOCKED|STOP,,2.61,0.45,-0.2,-2.7,4537
81.65,-24.171,-24.282,17.1,-0.00,BLOCKED|STOP,,2.61,0.45,-0.1,-2.4,4501
81.70,-24.171,-24.282,17.0,-0.00,BLOCKED|STOP,,2.61,0.45,-0.1,-2.2,4501
81.75,-24.171,-24.283,17.0,-0.00,BLOCKED|STOP,,2.61,0.45,-0.2,-2.3,4501
81.80,-24.171,-24.283,17.0,-0.00,BLOCKED|STOP,,2.61,0.45,-0.1,-2.2,4501
81.85,-24.171,-24.286,16.9,-0.01,BLOCKED|STOP,,2.60,0.45,-0.1,-2.3,4501
81.90,-24.171,-24.286,16.9,-0.01,BLOCKED|STOP,,2.60,0.45,0.1,-2.2,4483
81.95,-24.164,-24.286,16.9,0.06,BLOCKED|STOP,,0.87,0.45,0.1,-2.3,4483
82.00,-24.164,-24.286,16.8,0.06,BLOCKED|STOP,,0.87,0.36,0.6,-2.3,4501
82.05,-24.156,-24.287,16.8,0.08,BLOCKED|STOP,,0.88,0.27,0.7,-1.3,4412
82.10,-24.156,-24.287,16.7,0.08,BLOCKED|STOP,,0.88,0.18,1.0,-1.3,4378
82.15,-24.145,-24.283,16.7,0.11,BLOCKED|STOP,,0.88,0.09,1.0,-1.3,4395
82.20,-24.145,-24.283,16.7,0.11,BLOCKED|STOP,,0.88,0.00,1.1,-1.3,4378
82.25,-24.130,-24.277,16.6,0.16,BLOCKED(ESCAPE)|STOP,,999.00,0.00,1.2,-1.2,4361
82.30,-24.130,-24.277,16.6,0.16,BLOCKED(ESCAPE)|STOP,,999.00,0.05,1.2,-1.3,4378
82.35,-24.113,-24.275,16.5,0.19,BLOCKED(ESCAPE)|STOP,,999.00,0.10,2.9,-1.3,4378
82.40,-24.113,-24.275,16.5,0.19,BLOCKED(ESCAPE)|STOP,,999.00,0.15,3.1,-1.3,4378
82.45,-24.095,-24.264,16.4,0.20,BLOCKED(ESCAPE)|STOP,,999.00,0.20,3.1,-0.7,4328
82.50,-24.095,-24.264,16.4,0.20,BLOCKED(ESCAPE)|STOP,,999.00,0.25,3.1,0.2,4246
82.55,-24.084,-24.259,16.4,0.10,BLOCKED(ESCAPE)|STOP,,999.00,0.30,3.1,0.3,4198
82.60,-24.084,-24.259,16.4,0.10,BLOCKED(ESCAPE)|STOP,,999.00,0.35,3.1,0.4,4183
82.65,-24.076,-24.257,16.3,0.09,BLOCKED(ESCAPE)|STOP,,999.00,0.40,3.1,0.4,4183
82.70,-24.076,-24.257,16.2,0.09,BLOCKED(ESCAPE)|STOP,,999.00,0.45,3.1,0.7,4137
82.75,-24.071,-24.254,16.1,0.06,BLOCKED(ESCAPE)|STOP,,999.00,0.50,3.2,0.8,4121
82.80,-24.071,-24.254,16.1,0.06,BLOCKED(ESCAPE)|STOP,,999.00,0.55,3.2,0.8,4092
82.85,-24.053,-24.250,16.1,0.18,BLOCKED(ESCAPE)|STOP,,999.00,0.60,3.2,0.8,4121
82.90,-24.053,-24.250,16.1,0.18,BLOCKED(ESCAPE)|STOP,,999.00,0.65,3.3,0.8,4092
82.95,-24.034,-24.240,16.1,0.23,BLOCKED(ESCAPE)|STOP,,999.00,0.65,3.5,0.8,4106
83.00,-24.034,-24.240,16.0,0.23,BLOCKED(ESCAPE)|STOP,,999.00,0.65,3.5,0.8,4106
83.05,-24.015,-24.230,16.0,0.20,BLOCKED(ESCAPE)|STOP,,999.00,0.65,3.5,0.8,4092
83.10,-24.015,-24.230,16.0,0.20,BLOCKED(ESCAPE)|STOP,,999.00,0.65,3.5,1.1,4062
83.15,-23.992,-24.220,15.9,0.25,BLOCKED(ESCAPE)|STOP,,999.00,0.65,3.5,1.4,4033
83.20,-23.992,-24.220,15.9,0.25,BLOCKED(ESCAPE)|STOP,,999.00,0.65,3.5,1.3,4004
83.25,-23.964,-24.203,15.8,0.35,BLOCKED(ESCAPE)|STOP,,999.00,0.65,3.6,1.4,4033
83.30,-23.964,-24.203,15.8,0.35,BLOCKED(ESCAPE)|STOP,,999.00,0.65,3.6,1.4,4004
83.35,-23.931,-24.189,15.8,0.40,BLOCKED(ESCAPE)|STOP,,999.00,0.65,3.7,1.7,3962
83.40,-23.931,-24.189,15.8,0.40,BLOCKED(ESCAPE)|STOP,,999.00,0.65,3.8,1.9,3934
83.45,-23.893,-24.178,15.8,0.35,BLOCKED(ESCAPE)|STOP,,999.00,0.65,3.7,2.0,3907
83.50,-23.893,-24.178,15.7,0.35,BLOCKED(ESCAPE)|STOP,,999.00,0.65,3.8,2.0,3907
83.55,-23.862,-24.163,15.7,0.32,BLOCKED(ESCAPE)|STOP,,999.00,0.65,3.9,2.0,3907
83.60,-23.862,-24.163,15.8,0.32,BLOCKED(ESCAPE)|STOP,,999.00,0.65,3.9,1.9,3893
83.65,-23.862,-24.163,15.8,0.32,BLOCKED(ESCAPE)|STOP,,999.00,0.65,3.8,2.1,3907
83.70,-23.818,-24.146,15.8,0.33,BLOCKED(ESCAPE)|STOP,,999.00,0.65,3.8,2.1,3907
83.75,-23.818,-24.146,15.8,0.33,BLOCKED(ESCAPE)|STOP,,999.00,0.65,3.9,2.0,3893
83.80,-23.818,-24.146,15.7,0.33,BLOCKED(ESCAPE)|STOP,,999.00,0.65,4.0,2.0,3880
83.85,-23.727,-24.109,15.7,0.62,BLOCKED(ESCAPE)|STOP,,999.00,0.65,4.0,1.8,3893
83.90,-23.727,-24.109,15.8,0.62,BLOCKED(ESCAPE)|STOP,,999.00,0.65,4.0,2.0,3893
83.95,-23.684,-24.085,15.8,0.53,BLOCKED(ESCAPE)|STOP,,999.00,0.65,4.3,2.0,3893
84.00,-23.684,-24.085,15.8,0.53,BLOCKED(ESCAPE)|STOP,,999.00,0.65,4.1,2.1,3880
84.05,-23.637,-24.054,15.8,0.49,BLOCKED(ESCAPE)|STOP,,999.00,0.65,4.1,2.3,3853
84.10,-23.637,-24.054,15.8,0.49,BLOCKED(ESCAPE)|STOP,,999.00,0.65,4.1,2.3,3853
84.15,-23.591,-24.030,15.8,0.57,BLOCKED(ESCAPE)|STOP,,999.00,0.65,4.2,2.5,3814
84.20,-23.591,-24.030,15.8,0.57,BLOCKED(ESCAPE)|STOP,,999.00,0.65,4.1,2.5,3788
84.25,-23.546,-24.005,15.8,0.55,BLOCKED(ESCAPE)|STOP,,999.00,0.65,4.1,2.7,3788
84.30,-23.546,-24.005,15.8,0.55,BLOCKED(ESCAPE)|STOP,,999.00,0.65,4.1,2.7,3788
84.35,-23.546,-24.005,15.9,0.55,BLOCKED(ESCAPE)|STOP,,999.00,0.65,4.1,2.9,3763
84.40,-23.475,-23.988,15.9,0.46,BLOCKED(ESCAPE)|STOP,,999.00,0.65,4.1,2.9,3763
84.45,-23.475,-23.988,15.9,0.46,BLOCKED(ESCAPE)|STOP,,999.00,0.65,4.4,2.9,3751
84.50,-23.475,-23.988,16.0,0.46,BLOCKED(ESCAPE)|STOP,,999.00,0.65,4.4,2.9,3738
84.55,-23.368,-23.927,16.0,0.70,BLOCKED(ESCAPE)|STOP,,999.00,0.65,4.4,2.9,3738
84.60,-23.368,-23.927,16.0,0.70,BLOCKED(ESCAPE)|STOP,,999.00,0.65,4.3,2.9,3763
84.65,-23.368,-23.927,16.2,0.70,BLOCKED(ESCAPE)|STOP,,999.00,0.65,4.2,2.9,3738
84.70,-23.368,-23.927,16.2,0.70,BLOCKED(ESCAPE)|STOP,,999.00,0.65,4.1,2.9,3751
84.75,-23.254,-23.879,16.2,0.65,BLOCKED(ESCAPE)|STOP,,999.00,0.65,4.1,2.9,3738
84.80,-23.254,-23.879,16.3,0.65,BLOCKED(ESCAPE)|STOP,,999.00,0.65,4.1,3.1,3726
84.85,-23.190,-23.845,16.3,0.70,BLOCKED(ESCAPE)|STOP,,999.00,0.65,4.2,3.1,3726
84.90,-23.190,-23.845,16.4,0.70,BLOCKED(ESCAPE)|STOP,,999.00,0.65,4.2,3.1,3726
84.95,-23.131,-23.817,16.5,0.65,BLOCKED(ESCAPE)|STOP,,999.00,0.66,4.1,3.1,3713
85.00,-23.131,-23.817,16.5,0.65,BLOCKED(ESCAPE)|STOP,,999.00,0.66,4.1,3.1,3701
85.05,-23.067,-23.801,16.7,0.74,BLOCKED(ESCAPE)|STOP,,999.00,0.66,4.1,3.2,3713
85.10,-23.067,-23.801,16.7,0.74,BLOCKED(ESCAPE)|STOP,,999.00,0.66,4.3,3.2,3689
85.15,-23.006,-23.765,16.9,0.76,BLOCKED(ESCAPE)|STOP,,999.00,0.66,4.2,3.2,3701
85.20,-23.006,-23.765,16.9,0.76,BLOCKED(ESCAPE)|STOP,,999.00,0.66,4.2,3.2,3701
85.25,-22.944,-23.731,17.1,0.58,BLOCKED(ESCAPE)|STOP,,999.00,0.66,4.1,3.2,3689
85.30,-22.944,-23.731,17.1,0.58,BLOCKED(ESCAPE)|STOP,,999.00,0.66,4.0,3.2,3689
85.35,-22.878,-23.705,17.3,0.79,BLOCKED(ESCAPE)|STOP,,999.00,0.66,3.9,3.2,3701
85.40,-22.878,-23.705,17.4,0.79,BLOCKED(ESCAPE)|STOP,,999.00,0.66,4.0,3.2,3689
85.45,-22.812,-23.664,17.5,0.75,BLOCKED(ESCAPE)|STOP,,999.00,0.66,3.9,3.2,3689
85.50,-22.812,-23.664,17.6,0.75,BLOCKED(ESCAPE)|STOP,,999.00,0.66,3.7,3.2,3689
85.55,-22.746,-23.625,17.7,0.68,BLOCKED(ESCAPE)|STOP,,999.00,0.66,3.5,3.2,3689
85.60,-22.746,-23.625,17.8,0.68,BLOCKED(ESCAPE)|STOP,,999.00,0.66,3.5,3.2,3689
85.65,-22.674,-23.590,18.0,0.80,BLOCKED(ESCAPE)|STOP,,999.00,0.66,3.4,3.2,3689
85.70,-22.674,-23.590,18.1,0.80,BLOCKED(ESCAPE)|STOP,,999.00,0.66,3.3,3.2,3689
85.75,-22.609,-23.557,18.3,0.72,BLOCKED(ESCAPE)|STOP,,999.00,0.66,3.3,3.2,3689
85.80,-22.609,-23.557,18.4,0.72,BLOCKED(ESCAPE)|STOP,,999.00,0.66,3.2,3.2,3677
85.85,-22.534,-23.518,18.5,0.83,BLOCKED(ESCAPE)|STOP,,999.00,0.66,3.1,3.2,3701
85.90,-22.534,-23.518,18.6,0.83,BLOCKED(ESCAPE)|STOP,,999.00,0.66,3.1,3.2,3689
85.95,-22.467,-23.484,18.8,0.75,BLOCKED(ESCAPE)|STOP,,999.00,0.66,3.0,3.2,3701
86.00,-22.467,-23.484,18.9,0.75,BLOCKED(ESCAPE)|STOP,,999.00,0.66,2.9,3.2,3689
86.05,-22.393,-23.442,19.0,1.03,BLOCKED(ESCAPE)|STOP,,999.00,0.66,2.7,3.2,3701
86.10,-22.393,-23.442,19.1,1.03,BLOCKED(ESCAPE)|STOP,,999.00,0.66,2.7,3.2,3689
86.15,-22.322,-23.399,19.3,0.75,BLOCKED(ESCAPE)|STOP,,999.00,0.66,2.6,3.2,3689
86.20,-22.322,-23.399,19.4,0.75,BLOCKED(ESCAPE)|STOP,,999.00,0.68,2.5,3.2,3665
86.25,-22.246,-23.365,19.5,0.83,BLOCKED(ESCAPE)|STOP,,999.00,0.68,2.4,3.2,3677
86.30,-22.246,-23.365,19.6,0.83,BLOCKED(ESCAPE)|STOP,,999.00,0.68,2.5,3.2,3677
86.35,-22.175,-23.329,19.8,0.78,BLOCKED(ESCAPE)|STOP,,999.00,0.68,2.4,3.2,3701
86.40,-22.175,-23.329,19.9,0.78,BLOCKED(ESCAPE)|STOP,,999.00,0.68,2.3,3.2,3677
86.45,-22.099,-23.287,20.0,0.86,BLOCKED(ESCAPE)|STOP,,999.00,0.68,2.2,3.2,3713
86.50,-22.099,-23.287,20.1,0.86,BLOCKED(ESCAPE)|STOP,,999.00,0.68,2.1,3.2,3677
86.55,-22.025,-23.254,20.3,0.74,BLOCKED(ESCAPE)|STOP,,999.00,0.68,2.0,3.2,3689
86.60,-22.025,-23.254,20.4,0.74,BLOCKED(ESCAPE)|STOP,,999.00,0.68,1.9,3.2,3689
86.65,-21.947,-23.216,20.5,0.96,BLOCKED(ESCAPE)|STOP,,999.00,0.68,1.8,3.2,3701
86.70,-21.947,-23.216,20.6,0.96,BLOCKED(ESCAPE)|STOP,,999.00,0.68,1.9,3.2,3689
86.75,-21.872,-23.167,20.8,0.87,BLOCKED(ESCAPE)|STOP,,999.00,0.68,1.7,3.2,3701
86.80,-21.872,-23.167,20.9,0.87,BLOCKED(ESCAPE)|STOP,,999.00,0.68,1.8,3.2,3689
86.85,-21.800,-23.120,21.1,0.85,BLOCKED(ESCAPE)|STOP,,999.00,0.68,1.7,3.2,3689
86.90,-21.800,-23.120,21.2,0.85,BLOCKED(ESCAPE)|STOP,,999.00,0.68,1.5,3.2,3689
86.95,-21.719,-23.074,21.4,0.92,AVOID|LEFT,14.8,8.00,0.68,14.8,3.2,3677
87.00,-21.719,-23.074,21.5,0.92,AVOID|LEFT,14.8,8.00,0.68,14.8,3.2,3689
87.05,-21.638,-23.028,21.7,0.92,AVOID|LEFT,11.0,8.00,0.68,11.0,3.3,3677
87.10,-21.638,-23.028,21.9,0.92,AVOID|LEFT,11.0,8.00,0.68,11.0,4.5,3549
87.15,-21.564,-22.980,22.3,0.86,AVOID|LEFT,9.6,8.00,0.68,9.6,5.8,3399
87.20,-21.564,-22.980,22.6,0.86,AVOID|LEFT,9.6,8.00,0.68,9.6,7.6,3178
87.25,-21.485,-22.931,23.3,0.92,AVOID|LEFT,9.6,8.00,0.68,9.6,8.5,3033
87.30,-21.485,-22.931,23.6,0.92,AVOID|LEFT,9.6,8.00,0.68,9.6,8.6,2992
87.35,-21.410,-22.875,24.2,0.83,AVOID|LEFT,13.2,8.00,0.68,13.2,8.7,2969
87.40,-21.410,-22.875,24.6,0.83,AVOID|LEFT,13.4,8.00,0.68,13.2,8.7,2961
87.45,-21.330,-22.824,25.3,1.04,AVOID|LEFT,13.4,8.00,0.67,13.4,8.6,2945
87.50,-21.330,-22.824,25.6,1.04,BLOCKED|STOP,,3.57,0.67,13.4,9.4,2863
87.55,-21.247,-22.767,26.4,0.91,BLOCKED|STOP,,3.57,0.67,-1.8,10.3,2778
87.60,-21.247,-22.767,26.9,0.91,AVOID|LEFT,17.4,8.00,0.67,-2.0,10.6,2751
87.65,-21.173,-22.706,27.8,0.94,AVOID|LEFT,17.4,8.00,0.67,17.4,10.6,2718
87.70,-21.173,-22.706,28.3,0.94,AVOID|LEFT,17.2,8.00,0.67,17.4,9.7,2785
87.75,-21.101,-22.645,28.9,1.03,AVOID|LEFT,17.2,8.00,0.67,17.2,8.4,2900
87.80,-21.101,-22.645,29.3,1.03,AVOID|LEFT,15.4,8.00,0.67,17.2,8.7,2907
87.85,-21.028,-22.580,30.2,0.96,AVOID|LEFT,15.4,8.00,0.67,15.4,10.4,2764
87.90,-21.028,-22.580,30.7,0.96,AVOID|LEFT,15.2,8.00,0.67,15.2,11.7,2641
87.95,-20.956,-22.511,31.9,0.89,AVOID|LEFT,15.2,8.00,0.67,15.2,12.9,2517
88.00,-20.956,-22.511,32.5,0.89,AVOID|LEFT,15.8,8.00,0.67,15.8,13.4,2462
88.05,-20.896,-22.437,33.8,1.00,AVOID|LEFT,15.8,8.00,0.67,15.8,13.4,2446
88.10,-20.896,-22.437,34.4,1.00,AVOID|LEFT,11.4,8.00,0.67,11.4,13.4,2440
88.15,-20.829,-22.373,35.5,0.83,AVOID|LEFT,11.4,8.00,0.67,11.4,13.3,2430
88.20,-20.829,-22.373,36.2,0.83,AVOID|LEFT,18.2,8.00,0.67,18.0,13.3,2425
88.25,-20.754,-22.298,37.3,1.17,AVOID|LEFT,18.2,8.00,0.67,18.0,13.1,2440
88.30,-20.754,-22.298,37.9,1.17,AVOID|LEFT,16.6,8.00,0.67,16.6,12.7,2467
88.35,-20.695,-22.224,39.1,0.92,AVOID|LEFT,16.6,8.00,0.67,16.6,13.2,2435
88.40,-20.695,-22.224,39.8,0.92,AVOID|LEFT,7.6,8.00,0.67,7.6,14.5,2344
88.45,-20.638,-22.143,41.3,0.97,AVOID|LEFT,7.6,8.00,0.67,7.6,14.8,2320
88.50,-20.638,-22.143,42.0,0.97,AVOID|LEFT,12.6,8.00,0.67,12.6,14.7,2310
88.55,-20.582,-22.058,43.4,0.89,AVOID|LEFT,12.6,8.00,0.67,12.6,13.7,2364
88.60,-20.582,-22.058,44.0,0.89,AVOID|LEFT,5.6,8.00,0.67,5.6,12.3,2467
88.65,-20.582,-22.058,45.3,0.89,AVOID|LEFT,10.4,8.00,0.67,5.6,12.1,2500
88.70,-20.582,-22.058,45.9,0.89,AVOID|LEFT,10.4,8.00,0.67,10.4,12.1,2511
88.75,-20.479,-21.884,47.0,37.92,AVOID|LEFT,6.6,8.00,0.67,10.4,11.0,2575
88.80,-20.479,-21.884,47.5,37.92,AVOID|LEFT,6.6,8.00,0.67,6.6,9.8,2685
88.85,-20.429,-21.797,48.4,0.98,AVOID|LEFT,15.4,8.00,0.67,6.6,9.5,2737
88.90,-20.429,-21.797,48.9,0.98,AVOID|LEFT,15.4,8.00,0.67,15.4,9.5,2758
88.95,-20.375,-21.717,49.9,0.96,AVOID|LEFT,8.8,8.00,0.67,15.4,9.2,2758
89.00,-20.375,-21.717,50.4,0.96,AVOID|LEFT,8.8,8.00,0.67,8.8,9.1,2813
89.05,-20.338,-21.605,51.3,1.11,AVOID|LEFT,14.8,8.00,0.67,14.8,10.1,2737
89.10,-20.338,-21.605,51.8,1.11,AVOID|LEFT,14.8,8.00,0.67,14.8,11.4,2629
89.15,-20.278,-21.520,53.1,1.04,AVOID|LEFT,18.0,8.00,0.67,18.0,11.5,2604
89.20,-20.278,-21.520,53.7,1.04,AVOID|LEFT,18.0,8.00,0.67,18.0,11.6,2586
89.25,-20.234,-21.427,54.9,1.02,AVOID|LEFT,13.8,8.00,0.67,13.8,11.9,2557
89.30,-20.234,-21.427,55.6,1.02,AVOID|LEFT,13.8,8.00,0.67,13.8,12.9,2495
89.35,-20.200,-21.339,57.0,0.92,AVOID|LEFT,18.4,8.00,0.67,18.0,13.9,2404
89.40,-20.200,-21.339,57.6,0.92,AVOID|LEFT,18.4,8.00,0.67,18.0,13.9,2379
89.45,-20.159,-21.230,59.0,1.13,BLOCKED|STOP,,3.69,0.67,-18.0,13.9,2379
89.50,-20.159,-21.230,59.7,1.13,BLOCKED|STOP,,3.69,0.67,-18.0,14.4,2349
89.55,-20.127,-21.133,61.2,0.91,AVOID|LEFT,16.8,8.00,0.67,16.8,14.4,2325
89.60,-20.127,-21.133,61.9,0.91,AVOID|LEFT,16.8,8.00,0.67,16.8,13.4,2379
89.65,-20.101,-21.021,63.1,1.24,AVOID|LEFT,17.8,8.00,0.67,17.8,12.1,2478
89.70,-20.101,-21.021,63.6,1.24,AVOID|LEFT,17.8,8.00,0.67,17.8,12.6,2456
89.75,-20.081,-20.924,65.0,0.97,BLOCKED|STOP,,1.52,0.67,-18.0,14.0,2379
89.80,-20.081,-20.924,65.8,0.97,AVOID|LEFT,17.2,8.00,0.58,-18.0,14.7,2320
89.85,-20.055,-20.806,67.3,1.18,AVOID|LEFT,17.2,8.00,0.49,17.2,14.9,2287
89.90,-20.055,-20.806,68.0,1.18,BLOCKED|STOP,,1.30,0.54,17.2,13.7,2359
89.95,-20.041,-20.705,69.3,0.99,BLOCKED|STOP,,1.30,0.59,-18.0,12.4,2440
90.00,-20.041,-20.705,69.8,0.99,BLOCKED|STOP,,1.22,0.50,-18.0,12.7,2440
90.05,-20.032,-20.608,71.3,0.94,BLOCKED|STOP,,1.22,0.41,-18.0,13.9,2369
90.10,-20.032,-20.608,72.0,0.94,BLOCKED|STOP,,1.13,0.32,-18.0,13.2,2404
90.15,-20.014,-20.497,73.3,1.12,BLOCKED|STOP,,1.13,0.25,-18.0,11.6,2495
90.20,-20.014,-20.497,73.8,1.12,BLOCKED|STOP,,1.04,0.25,-18.0,10.2,2641
90.25,-20.008,-20.384,74.7,1.10,BLOCKED|STOP,,1.04,0.25,-18.0,8.6,2785
90.30,-20.008,-20.384,74.9,1.10,BLOCKED|STOP,,0.96,0.25,-18.0,7.1,2945
90.35,-20.013,-20.277,75.5,1.02,BLOCKED|STOP,,0.96,0.16,-18.0,5.3,3152
90.40,-20.013,-20.277,75.6,1.02,BLOCKED|STOP,,0.89,0.07,-18.0,3.6,3379
90.45,-19.994,-20.168,75.8,1.10,BLOCKED|STOP,,0.89,0.00,-18.0,2.1,3595
90.50,-19.994,-20.168,75.8,1.10,BLOCKED|STOP,,0.83,0.00,-18.0,0.3,3853
90.55,-19.988,-20.049,75.6,1.17,BLOCKED|STOP,,0.83,0.00,-18.0,-1.4,4121
90.60,-19.988,-20.049,75.4,1.17,BLOCKED|STOP,,0.79,0.00,-18.0,-3.4,4361
90.65,-19.978,-19.932,74.9,1.16,BLOCKED|STOP,,0.79,0.00,-18.0,-5.4,4555
90.70,-19.978,-19.932,74.6,1.16,BLOCKED|STOP,,0.75,0.00,-18.0,-7.3,4748
90.75,-19.960,-19.819,73.9,1.14,BLOCKED|STOP,,0.75,0.00,-18.0,-9.2,4871
90.80,-19.960,-19.819,73.4,1.14,BLOCKED|STOP,,0.74,0.00,-18.0,-10.9,4979
90.85,-19.936,-19.705,72.4,1.16,BLOCKED|STOP,,0.73,0.00,-18.0,-12.5,5046
90.90,-19.936,-19.705,71.8,1.16,BLOCKED|STOP,,0.73,0.00,-18.0,-13.3,5068
90.95,-19.917,-19.614,70.7,0.84,BLOCKED|STOP,,0.74,0.00,-18.0,-14.0,5091
91.00,-19.917,-19.614,70.2,0.84,BLOCKED|STOP,,0.74,0.00,-18.0,-14.1,5091
91.05,-19.890,-19.536,69.2,0.92,BLOCKED|STOP,,0.76,0.00,-15.8,-14.2,5091
91.10,-19.890,-19.536,68.6,0.92,BLOCKED|STOP,,0.76,0.00,-18.0,-14.4,5091
91.15,-19.859,-19.451,67.7,0.91,BLOCKED|STOP,,0.78,0.00,-18.0,-14.4,5091
91.20,-19.859,-19.451,67.2,0.91,BLOCKED|STOP,,0.78,0.00,-18.0,-14.5,5091
91.25,-19.821,-19.378,66.2,0.82,BLOCKED|STOP,,1.03,0.00,-18.0,-14.4,5115
91.30,-19.821,-19.378,65.7,0.82,BLOCKED|STOP,,1.03,0.05,-18.0,-14.5,5091
91.35,-19.799,-19.304,64.7,0.76,BLOCKED|STOP,,1.05,0.10,-18.0,-14.4,5091
91.40,-19.799,-19.304,64.3,0.76,BLOCKED|STOP,,1.05,0.15,-18.0,-14.5,5115
91.45,-19.766,-19.244,63.4,0.68,BLOCKED|STOP,,1.06,0.20,-18.0,-14.6,5138
91.50,-19.766,-19.244,62.9,0.68,BLOCKED|STOP,,1.06,0.25,-18.0,-15.0,5091
91.55,-19.730,-19.192,62.0,0.52,BLOCKED|STOP,,2.90,0.25,-18.0,-14.9,5115
91.60,-19.730,-19.192,61.6,0.52,BLOCKED|STOP,,2.90,0.30,-18.0,-14.9,5115
91.65,-19.702,-19.133,60.8,0.82,BLOCKED|STOP,,2.90,0.35,-18.0,-15.0,5091
91.70,-19.702,-19.133,60.2,0.82,BLOCKED|STOP,,2.90,0.40,-18.0,-15.1,5091
91.75,-19.677,-19.077,59.3,0.61,BLOCKED|STOP,,2.99,0.45,-18.0,-15.0,5115
91.80,-19.677,-19.077,58.9,0.61,BLOCKED|STOP,,2.99,0.50,-18.0,-15.1,5115
91.85,-19.645,-19.024,57.9,0.56,BLOCKED|STOP,,3.14,0.55,-18.0,-15.2,5138
91.90,-19.645,-19.024,57.3,0.56,BLOCKED|STOP,,3.14,0.59,-18.0,-15.3,5115
91.95,-19.600,-18.970,56.4,0.70,BLOCKED|STOP,,3.20,0.59,-18.0,-15.2,5115
92.00,-19.600,-18.970,55.9,0.70,AVOID|LEFT,17.4,8.00,0.60,-18.0,-15.2,5115
92.05,-19.567,-18.906,54.9,0.80,AVOID|LEFT,17.4,8.00,0.60,17.4,-15.5,5115
92.10,-19.567,-18.906,54.3,0.80,BLOCKED|STOP,,3.33,0.65,17.4,-15.5,5091
92.15,-19.526,-18.839,53.3,0.70,BLOCKED|STOP,,3.33,0.63,-18.0,-15.5,5115
92.20,-19.526,-18.839,52.7,0.70,BLOCKED|STOP,,3.27,0.63,-18.0,-14.3,5115
92.25,-19.483,-18.782,51.8,0.80,BLOCKED|STOP,,3.27,0.62,-18.0,-12.7,5091
92.30,-19.483,-18.782,51.4,0.80,AVOID|LEFT,17.2,8.00,0.62,17.2,-12.8,5091
92.35,-19.441,-18.714,50.4,0.79,AVOID|LEFT,17.2,8.00,0.67,17.2,-14.4,5091
92.40,-19.441,-18.714,49.8,0.79,AVOID|LEFT,16.8,8.00,0.69,16.8,-14.7,5115
92.45,-19.393,-18.646,48.7,0.83,AVOID|LEFT,16.8,8.00,0.69,16.8,-13.3,5115
92.50,-19.393,-18.646,48.3,0.83,AVOID|LEFT,17.0,8.00,0.69,17.0,-11.5,5068
92.55,-19.393,-18.646,47.5,0.83,AVOID|LEFT,17.0,8.00,0.69,17.0,-9.2,5068
92.60,-19.339,-18.590,47.2,0.56,AVOID|LEFT,17.0,8.00,0.69,17.0,-6.9,4957
92.65,-19.339,-18.590,46.7,0.56,AVOID|LEFT,17.0,8.00,0.69,17.0,-4.6,4871
92.70,-19.339,-18.590,46.5,0.56,AVOID|LEFT,16.4,8.00,0.69,16.4,-2.2,4650
92.75,-19.223,-18.465,46.4,1.00,AVOID|LEFT,16.4,8.00,0.69,16.4,0.4,4412
92.80,-19.223,-18.465,46.4,1.00,AVOID|LEFT,13.8,8.00,0.69,13.8,2.4,4121
92.85,-19.172,-18.397,46.5,0.84,AVOID|LEFT,15.6,8.00,0.70,13.8,3.9,3867
92.90,-19.172,-18.397,46.6,0.84,AVOID|LEFT,15.6,8.00,0.70,15.6,5.6,3606
92.95,-19.113,-18.329,47.1,1.00,AVOID|LEFT,13.2,8.00,0.70,15.6,7.2,3369
93.00,-19.113,-18.329,47.4,1.00,AVOID|LEFT,13.2,8.00,0.70,13.2,8.5,3143
93.05,-19.069,-18.249,48.0,0.88,AVOID|LEFT,16.4,8.00,0.70,13.2,10.2,2945
93.10,-19.069,-18.249,48.6,0.88,AVOID|LEFT,16.4,8.00,0.70,16.4,11.4,2792
93.15,-19.028,-18.172,49.5,0.77,AVOID|LEFT,13.4,8.00,0.70,16.4,11.8,2724
93.20,-19.028,-18.172,49.9,0.77,AVOID|LEFT,13.4,8.00,0.70,13.4,11.8,2679
93.25,-19.028,-18.172,50.9,0.77,AVOID|LEFT,13.4,8.00,0.70,13.4,12.5,2604
93.30,-18.985,-18.094,51.5,0.62,AVOID|LEFT,13.4,8.00,0.70,13.4,13.0,2545
93.35,-18.985,-18.094,52.6,0.62,AVOID|LEFT,11.0,8.00,0.70,11.0,13.0,2517
93.40,-18.985,-18.094,53.2,0.62,AVOID|LEFT,,8.00,0.70,-18.0,13.1,2506
93.45,-18.985,-18.094,54.3,0.62,AVOID(조향OFF)|LEFT,,8.00,0.70,-18.0,13.0,2506
93.50,-18.903,-17.938,54.8,0.80,AVOID(조향OFF)|LEFT,,8.00,0.70,-18.0,13.0,2495
93.55,-18.903,-17.938,55.7,0.80,AVOID(조향OFF)|LEFT,,8.00,0.70,-18.0,11.6,2592
93.60,-18.903,-17.938,56.2,0.80,AVOID(조향OFF)|LEFT,,8.00,0.70,-18.0,10.1,2718
93.65,-18.903,-17.938,56.9,0.80,AVOID(조향OFF)|LEFT,,8.00,0.70,-18.0,8.6,2856
93.70,-18.837,-17.775,57.2,1.01,AVOID(조향OFF)|LEFT,,8.00,0.70,-18.0,7.1,3025
93.75,-18.837,-17.775,57.8,1.01,AVOID(조향OFF)|LEFT,,8.00,0.70,-18.0,5.6,3205
93.80,-18.837,-17.775,57.9,1.01,AVOID(조향OFF)|LEFT,,8.00,0.70,-18.0,3.9,3420
93.85,-18.775,-17.601,58.1,1.06,AVOID(조향OFF)|LEFT,,8.00,0.70,-18.0,2.3,3641
93.90,-18.775,-17.601,58.1,1.06,AVOID(조향OFF)|LEFT,,8.00,0.70,-18.0,0.5,3907
93.95,-18.734,-17.516,58.0,0.94,AVOID(조향OFF)|LEFT,,8.00,0.70,-18.0,-1.4,4137
94.00,-18.734,-17.516,57.9,0.94,AVOID(조향OFF)|LEFT,,8.00,0.70,-18.0,-3.5,4395
94.05,-18.705,-17.428,57.4,0.99,AVOID(조향OFF)|LEFT,,8.00,0.68,-18.0,-5.0,4593
94.10,-18.705,-17.428,57.2,0.99,AVOID(조향OFF)|LEFT,,8.00,0.68,-18.0,-6.9,4728
94.15,-18.660,-17.339,56.5,1.00,AVOID(조향OFF)|LEFT,,8.00,0.68,-18.0,-8.4,4892
94.20,-18.660,-17.339,56.2,1.00,AVOID(조향OFF)|LEFT,,8.00,0.68,-18.0,-9.9,4957
94.25,-18.616,-17.255,55.3,0.85,AVOID(조향OFF)|LEFT,,8.00,0.68,-18.0,-11.5,5046
94.30,-18.616,-17.255,54.8,0.85,AVOID(조향OFF)|LEFT,,8.00,0.68,-18.0,-12.7,5046
94.35,-18.616,-17.255,53.6,0.85,AVOID(조향OFF)|LEFT,,8.00,0.68,-18.0,-13.5,5068
94.40,-18.577,-17.179,53.0,0.60,AVOID(조향OFF)|LEFT,,8.00,0.68,-18.0,-14.0,5091
94.45,-18.577,-17.179,51.8,0.60,AVOID(조향OFF)|LEFT,,8.00,0.68,-18.0,-14.0,5115
94.50,-18.577,-17.179,51.3,0.60,AVOID(조향OFF)|LEFT,,8.00,0.68,-18.0,-14.0,5091
94.55,-18.467,-17.031,50.1,1.15,AVOID(조향OFF)|LEFT,,8.00,0.68,-18.0,-14.1,5091
94.60,-18.467,-17.031,49.6,1.15,AVOID(조향OFF)|LEFT,,8.00,0.68,-18.0,-14.1,5091
94.65,-18.405,-16.959,48.5,0.95,AVOID(조향OFF)|LEFT,,8.00,0.66,-17.6,-14.0,5091
94.70,-18.405,-16.959,47.9,0.95,AVOID(조향OFF)|LEFT,,8.00,0.66,-17.5,-14.0,5091
94.75,-18.352,-16.880,46.7,0.94,AVOID(조향OFF)|LEFT,,8.00,0.66,-18.0,-14.3,5091
94.80,-18.352,-16.880,46.1,0.94,AVOID(조향OFF)|LEFT,,8.00,0.66,-18.0,-14.4,5115
94.85,-18.296,-16.812,45.0,0.88,AVOID(조향OFF)|LEFT,,8.00,0.66,-18.0,-14.3,5115
94.90,-18.296,-16.812,44.3,0.88,AVOID(조향OFF)|LEFT,,8.00,0.66,-18.0,-14.4,5115
94.95,-18.233,-16.746,43.1,0.91,AVOID(조향OFF)|LEFT,,8.00,0.66,-18.0,-14.6,5091
95.00,-18.233,-16.746,42.6,0.91,AVOID(조향OFF)|LEFT,,8.00,0.66,-18.0,-14.5,5115
95.05,-18.176,-16.661,41.4,1.24,AVOID(조향OFF)|LEFT,,8.00,0.66,-18.0,-14.6,5091
95.10,-18.176,-16.661,40.8,1.24,AVOID(조향OFF)|LEFT,,8.00,0.66,-17.5,-14.6,5115
95.15,-18.100,-16.602,39.6,0.80,AVOID(조향OFF)|LEFT,,8.00,0.66,-17.4,-14.6,5115
95.20,-18.100,-16.602,39.0,0.80,AVOID(조향OFF)|LEFT,,8.00,0.66,-17.4,-14.5,5115
95.25,-18.026,-16.544,37.8,1.05,AVOID(조향OFF)|LEFT,,8.00,0.65,-17.1,-14.5,5115
95.30,-18.026,-16.544,37.2,1.05,AVOID(조향OFF)|LEFT,,8.00,0.65,-16.7,-14.5,5115
95.35,-17.950,-16.487,36.1,0.95,AVOID(조향OFF)|LEFT,,8.00,0.65,-16.5,-14.6,5091
95.40,-17.950,-16.487,35.5,0.95,AVOID(조향OFF)|LEFT,,8.00,0.65,-16.9,-14.5,5115
95.45,-17.875,-16.435,34.2,0.83,AVOID(조향OFF)|LEFT,,8.00,0.65,-16.8,-14.5,5115
95.50,-17.875,-16.435,33.6,0.83,AVOID(조향OFF)|LEFT,,8.00,0.65,-16.7,-14.7,5091
95.55,-17.799,-16.383,32.4,0.93,AVOID(조향OFF)|LEFT,,8.00,0.65,-17.1,-14.6,5115
95.60,-17.799,-16.383,31.7,0.93,AVOID(조향OFF)|LEFT,,8.00,0.65,-17.0,-14.6,5091
95.65,-17.725,-16.327,30.5,0.92,AVOID(조향OFF)|LEFT,,8.00,0.65,-16.9,-14.5,5115
95.70,-17.725,-16.327,29.9,0.92,AVOID(조향OFF)|LEFT,,8.00,0.65,-16.8,-14.6,5091
95.75,-17.644,-16.276,28.7,0.95,AVOID(조향OFF)|LEFT,,8.00,0.64,-15.4,-14.6,5115
95.80,-17.644,-16.276,28.0,0.95,AVOID(조향OFF)|LEFT,,8.00,0.64,-15.3,-14.5,5115
95.85,-17.567,-16.224,26.8,0.93,AVOID(조향OFF)|LEFT,,8.00,0.64,-15.3,-14.6,5115
95.90,-17.567,-16.224,26.2,0.93,AVOID(조향OFF)|LEFT,,8.00,0.64,-15.2,-14.6,5115
95.95,-17.483,-16.176,25.0,1.07,AVOID(조향OFF)|LEFT,,8.00,0.64,-15.3,-14.6,5115
96.00,-17.483,-16.176,24.3,1.07,AVOID(조향OFF)|LEFT,,8.00,0.64,-15.2,-14.5,5138
96.05,-17.407,-16.125,23.1,0.82,AVOID(조향OFF)|LEFT,,8.00,0.64,-15.0,-14.5,5115
96.10,-17.407,-16.125,22.5,0.82,AVOID(조향OFF)|LEFT,,8.00,0.64,-14.9,-14.5,5115
96.15,-17.322,-16.077,21.2,1.08,AVOID(조향OFF)|LEFT,,8.00,0.64,-15.6,-14.5,5115
96.20,-17.322,-16.077,20.7,1.08,AVOID(조향OFF)|LEFT,,8.00,0.63,-13.5,-14.6,5115
96.25,-17.227,-16.048,19.4,0.91,AVOID(조향OFF)|LEFT,,8.00,0.63,-13.3,-14.6,5115
96.30,-17.227,-16.048,18.8,0.91,AVOID(조향OFF)|LEFT,,8.00,0.63,-13.1,-14.5,5115
96.35,-17.135,-16.019,17.7,0.96,AVOID(조향OFF)|LEFT,,8.00,0.63,-13.7,-14.5,5091
96.40,-17.135,-16.019,16.9,0.96,AVOID(조향OFF)|LEFT,,8.00,0.63,-13.6,-14.5,5115
96.45,-17.044,-15.988,15.7,0.96,AVOID(조향OFF)|LEFT,,8.00,0.63,-13.5,-14.5,5115
96.50,-17.044,-15.988,15.2,0.96,AVOID(조향OFF)|LEFT,,8.00,0.63,-13.4,-14.6,5115
96.55,-17.044,-15.988,14.0,0.96,AVOID(조향OFF)|LEFT,,8.00,0.63,-13.5,-14.5,5091
96.60,-16.951,-15.958,13.5,0.75,BLOCKED(조향OFF)|STOP,,3.31,0.63,-13.4,-14.5,5091
96.65,-16.951,-15.958,12.3,0.75,BLOCKED(조향OFF)|STOP,,3.31,0.63,-14.1,-14.6,5115
96.70,-16.951,-15.958,11.7,0.75,BLOCKED(조향OFF)|STOP,,3.24,0.63,-14.0,-14.6,5115
96.75,-16.769,-15.907,10.4,1.11,BLOCKED(조향OFF)|STOP,,3.24,0.61,-13.7,-14.5,5115
96.80,-16.769,-15.907,9.8,1.11,AVOID(조향OFF)|LEFT,,8.00,0.61,-13.5,-14.6,5091
96.85,-16.683,-15.882,8.5,0.88,AVOID(조향OFF)|LEFT,,8.00,0.63,-11.3,-14.6,5115
96.90,-16.683,-15.882,7.9,0.88,AVOID(조향OFF)|LEFT,,8.00,0.63,-10.8,-14.5,5091
96.95,-16.590,-15.860,6.6,0.96,AVOID(조향OFF)|LEFT,,8.00,0.63,-11.6,-14.6,5091
97.00,-16.590,-15.860,6.0,0.96,AVOID(조향OFF)|LEFT,,8.00,0.63,-11.4,-14.3,5091
97.05,-16.495,-15.847,4.8,0.95,AVOID(조향OFF)|LEFT,,8.00,0.63,-11.2,-13.2,5091
97.10,-16.495,-15.847,4.3,0.95,AVOID(조향OFF)|LEFT,,8.00,0.63,-11.0,-13.0,5068
97.15,-16.403,-15.845,3.1,0.93,AVOID(조향OFF)|LEFT,,8.00,0.63,-11.1,-13.0,5091
97.20,-16.403,-15.845,2.6,0.93,AVOID(조향OFF)|LEFT,,8.00,0.63,-11.0,-12.9,5091
97.25,-16.308,-15.834,1.5,1.06,AVOID(조향OFF)|LEFT,,8.00,0.63,-11.1,-13.0,5115
97.30,-16.308,-15.834,1.0,1.06,AVOID(조향OFF)|LEFT,,8.00,0.62,-8.8,-12.6,5115
97.35,-16.218,-15.819,-0.2,0.90,AVOID(조향OFF)|LEFT,,8.00,0.62,-8.5,-12.6,5068
97.40,-16.218,-15.819,-0.6,0.90,AVOID(조향OFF)|LEFT,,8.00,0.62,-9.1,-12.6,5091
97.45,-16.125,-15.815,-1.6,0.93,BLOCKED(조향OFF)|STOP,,3.46,0.62,-8.9,-12.0,5091
97.50,-16.125,-15.815,-2.1,0.93,BLOCKED(조향OFF)|STOP,,3.46,0.62,-8.9,-11.7,5091
97.55,-16.018,-15.823,-3.1,0.98,BLOCKED(조향OFF)|STOP,,3.29,0.62,-8.6,-11.5,5091
97.60,-16.018,-15.823,-3.6,0.98,BLOCKED(조향OFF)|STOP,,3.29,0.62,-8.5,-11.6,5068
97.65,-15.921,-15.834,-4.6,0.97,BLOCKED(조향OFF)|STOP,,3.35,0.62,-8.3,-11.5,5068
97.70,-15.921,-15.834,-5.1,0.97,BLOCKED(조향OFF)|STOP,,3.35,0.62,-8.2,-11.6,5091
97.75,-15.835,-15.822,-6.1,0.94,AVOID(조향OFF)|LEFT,,8.00,0.62,-8.2,-11.4,5068
97.80,-15.835,-15.822,-6.6,0.94,AVOID(조향OFF)|LEFT,,8.00,0.62,-8.5,-11.0,5068
97.85,-15.740,-15.826,-7.4,0.94,AVOID(조향OFF)|LEFT,,8.00,0.62,-8.2,-10.9,5091
97.90,-15.740,-15.826,-7.9,0.94,AVOID(조향OFF)|LEFT,,8.00,0.62,-6.0,-10.9,5091
97.95,-15.647,-15.836,-8.8,0.85,BLOCKED(조향OFF)|STOP,,3.48,0.62,-5.7,-10.9,5091
98.00,-15.647,-15.836,-9.3,0.85,BLOCKED(조향OFF)|STOP,,3.48,0.62,-5.6,-10.1,5068
98.05,-15.552,-15.842,-10.1,1.05,BLOCKED(조향OFF)|STOP,,3.39,0.62,-5.8,-9.2,5023
98.10,-15.552,-15.842,-10.6,1.05,BLOCKED(조향OFF)|STOP,,3.36,0.62,-5.2,-8.7,5023
98.15,-15.456,-15.863,-11.3,0.98,BLOCKED(조향OFF)|STOP,,3.36,0.62,-4.9,-8.5,5001
98.20,-15.456,-15.863,-11.6,0.98,BLOCKED(조향OFF)|STOP,,3.44,0.62,-5.3,-8.5,5001
98.25,-15.361,-15.875,-12.3,0.95,BLOCKED(조향OFF)|STOP,,3.44,0.62,-5.0,-8.5,5001
98.30,-15.361,-15.875,-12.7,0.95,AVOID(조향OFF)|LEFT,,8.00,0.62,-5.2,-8.5,5001
98.35,-15.266,-15.886,-13.5,0.86,AVOID(조향OFF)|LEFT,,8.00,0.62,-5.0,-8.1,4979
98.40,-15.266,-15.886,-13.8,0.86,AVOID(조향OFF)|LEFT,,8.00,0.62,-4.8,-7.7,4957
98.45,-15.183,-15.903,-14.5,0.95,AVOID(조향OFF)|LEFT,,8.00,0.62,-5.2,-7.8,4979
98.50,-15.183,-15.903,-14.8,0.95,AVOID(조향OFF)|LEFT,,8.00,0.61,-3.0,-7.7,4957
98.55,-15.085,-15.911,-15.5,0.80,AVOID(조향OFF)|LEFT,,8.00,0.61,-2.1,-7.7,4957
98.60,-15.085,-15.911,-15.9,0.80,AVOID(조향OFF)|LEFT,,8.00,0.61,-2.0,-7.0,4913
98.65,-14.992,-15.931,-16.5,1.19,AVOID(조향OFF)|LEFT,,8.00,0.61,-2.5,-6.1,4913
98.70,-14.992,-15.931,-16.7,1.19,AVOID(조향OFF)|LEFT,,8.00,0.61,-1.0,-5.2,4829
98.75,-14.910,-15.944,-17.1,0.75,AVOID(조향OFF)|LEFT,,8.00,0.61,-0.8,-4.9,4808
98.80,-14.910,-15.944,-17.4,0.75,AVOID(조향OFF)|LEFT,,8.00,0.61,-0.7,-4.5,4768
98.85,-14.819,-15.958,-17.8,1.00,AVOID(조향OFF)|LEFT,,8.00,0.61,-2.4,-3.8,4728
98.90,-14.819,-15.958,-18.0,1.00,AVOID(조향OFF)|LEFT,,8.00,0.61,-1.4,-3.5,4669
98.95,-14.719,-15.985,-18.3,1.04,AVOID(조향OFF)|LEFT,,8.00,0.61,-1.2,-3.5,4669
99.00,-14.719,-15.985,-18.6,1.04,AVOID(조향OFF)|LEFT,,8.00,0.61,-1.1,-3.4,4650
99.05,-14.635,-16.000,-18.9,0.85,AVOID(조향OFF)|LEFT,,8.00,0.61,-0.9,-3.5,4650
99.10,-14.635,-16.000,-19.0,0.85,AVOID(조향OFF)|LEFT,,8.00,0.61,-1.9,-3.4,4650
99.15,-14.545,-16.021,-19.3,0.82,AVOID(조향OFF)|LEFT,,8.00,0.61,-1.8,-3.1,4630
99.20,-14.545,-16.021,-19.5,0.82,AVOID(조향OFF)|LEFT,,8.00,0.61,-1.7,-3.0,4611
99.25,-14.456,-16.043,-19.8,1.02,AVOID(조향OFF)|LEFT,,8.00,0.59,0.5,-3.0,4611
99.30,-14.456,-16.043,-20.0,1.02,AVOID(조향OFF)|LEFT,,8.00,0.59,1.9,-3.0,4611
99.35,-14.363,-16.065,-20.4,0.95,AVOID(조향OFF)|LEFT,,8.00,0.59,2.0,-2.7,4574
99.40,-14.363,-16.065,-20.5,0.95,AVOID(조향OFF)|LEFT,,8.00,0.59,1.9,-1.8,4519
99.45,-14.274,-16.096,-20.6,0.86,AVOID(조향OFF)|LEFT,,8.00,0.59,2.0,-0.8,4412
99.50,-14.274,-16.096,-20.7,0.86,AVOID(조향OFF)|LEFT,,8.00,0.59,2.0,-0.0,4328
99.55,-14.188,-16.121,-20.8,0.89,AVOID(조향OFF)|LEFT,,8.00,0.59,1.8,0.3,4262
99.60,-14.188,-16.121,-20.9,0.89,AVOID(조향OFF)|LEFT,,8.00,0.59,1.8,0.3,4246
99.65,-14.094,-16.153,-20.9,1.00,AVOID(조향OFF)|LEFT,,8.00,0.59,2.0,0.3,4230
99.70,-14.094,-16.153,-20.9,1.00,AVOID(조향OFF)|LEFT,,8.00,0.59,2.1,0.3,4230
99.75,-14.006,-16.168,-21.0,0.87,AVOID(조향OFF)|LEFT,,8.00,0.59,2.7,0.3,4214
99.80,-14.006,-16.168,-21.1,0.87,AVOID(조향OFF)|LEFT,,8.00,0.59,2.7,0.6,4183
99.85,-13.921,-16.192,-21.1,0.98,AVOID(조향OFF)|LEFT,,8.00,0.59,2.1,0.8,4137
99.90,-13.921,-16.192,-21.1,0.98,AVOID(조향OFF)|LEFT,,8.00,0.58,4.3,0.8,4137
99.95,-13.825,-16.217,-21.0,0.90,AVOID(조향OFF)|LEFT,,8.00,0.58,5.3,0.8,4137
100.00,-13.825,-16.217,-21.0,0.90,AVOID(조향OFF)|LEFT,,8.00,0.58,5.3,1.4,4077
100.05,-13.752,-16.231,-21.0,0.82,AVOID(조향OFF)|LEFT,,8.00,0.58,5.2,2.2,3934
100.10,-13.752,-16.231,-20.9,0.82,AVOID(조향OFF)|LEFT,,8.00,0.58,5.1,2.9,3827
100.15,-13.661,-16.247,-20.7,0.91,AVOID(조향OFF)|LEFT,,8.00,0.58,5.0,3.1,3788
100.20,-13.661,-16.247,-20.7,0.91,AVOID(조향OFF)|LEFT,,8.00,0.58,5.5,3.2,3776
100.25,-13.572,-16.276,-20.5,0.85,AVOID(조향OFF)|LEFT,,8.00,0.58,5.4,3.1,3788
100.30,-13.572,-16.276,-20.4,0.85,AVOID(조향OFF)|LEFT,,8.00,0.58,5.3,3.1,3776
100.35,-13.491,-16.293,-20.2,0.91,AVOID(조향OFF)|LEFT,,8.00,0.58,5.3,3.1,3776
100.40,-13.491,-16.293,-20.1,0.91,AVOID(조향OFF)|LEFT,,8.00,0.58,5.7,3.1,3738
100.45,-13.403,-16.318,-19.9,0.91,AVOID(조향OFF)|LEFT,,8.00,0.58,5.6,3.3,3738
100.50,-13.403,-16.318,-19.8,0.91,AVOID(조향OFF)|LEFT,,8.00,0.58,5.8,3.2,3738
100.55,-13.319,-16.330,-19.6,0.70,AVOID(조향OFF)|LEFT,,8.00,0.58,5.7,3.2,3738
100.60,-13.319,-16.330,-19.6,0.70,AVOID(조향OFF)|LEFT,,8.00,0.58,5.7,3.1,3738
100.65,-13.236,-16.328,-19.4,0.97,AVOID(조향OFF)|LEFT,,8.00,0.58,4.6,3.3,3701
100.70,-13.236,-16.328,-19.3,0.97,AVOID(조향OFF)|LEFT,,8.00,0.55,6.8,3.3,3701
100.75,-13.150,-16.350,-19.2,0.81,AVOID(조향OFF)|LEFT,,8.00,0.55,8.4,3.3,3689
100.80,-13.150,-16.350,-19.1,0.81,AVOID(조향OFF)|LEFT,,8.00,0.55,8.3,3.3,3689
100.85,-13.069,-16.367,-19.0,0.82,AVOID(조향OFF)|LEFT,,8.00,0.55,8.1,3.8,3641
100.90,-13.069,-16.367,-18.8,0.82,AVOID(조향OFF)|LEFT,,8.00,0.55,8.1,5.8,3410
100.95,-12.989,-16.375,-18.5,0.78,AVOID(조향OFF)|LEFT,,8.00,0.55,8.4,5.8,3410
101.00,-12.989,-16.375,-18.4,0.78,AVOID(조향OFF)|LEFT,,8.00,0.55,8.3,6.2,3329
101.05,-12.889,-16.402,-18.1,1.04,BLOCKED(조향OFF)|STOP,,3.18,0.55,8.3,6.2,3300
101.10,-12.889,-16.402,-17.9,1.04,BLOCKED(조향OFF)|STOP,,3.18,0.55,8.2,6.2,3300
101.15,-12.889,-16.402,-17.7,1.04,BLOCKED(조향OFF)|STOP,,2.84,0.55,9.5,6.3,3271
101.20,-12.788,-16.432,-17.5,0.75,BLOCKED(조향OFF)|STOP,,2.84,0.55,9.5,6.2,3290
101.25,-12.788,-16.432,-17.2,0.75,BLOCKED(조향OFF)|STOP,,2.71,0.51,8.9,6.2,3290
101.30,-12.788,-16.432,-17.0,0.75,BLOCKED(조향OFF)|STOP,,2.71,0.48,8.9,6.6,3242
101.35,-12.607,-16.471,-16.6,1.23,BLOCKED(조향OFF)|STOP,,2.56,0.48,8.6,7.2,3143
101.40,-12.607,-16.471,-16.4,1.23,BLOCKED(조향OFF)|STOP,,2.56,0.44,10.8,7.2,3143
101.45,-12.521,-16.480,-15.8,0.86,BLOCKED(조향OFF)|STOP,,2.80,0.44,12.1,7.2,3143
101.50,-12.521,-16.480,-15.6,0.86,BLOCKED(조향OFF)|STOP,,2.80,0.49,12.0,7.3,3143
101.55,-12.429,-16.491,-15.0,0.83,AVOID(조향OFF)|LEFT,,8.00,0.50,11.8,7.7,3083
101.60,-12.429,-16.491,-14.7,0.83,AVOID(조향OFF)|LEFT,,8.00,0.54,11.7,8.5,2984
101.65,-12.344,-16.498,-13.8,0.84,AVOID(조향OFF)|LEFT,,8.00,0.54,11.9,9.4,2870
101.70,-12.344,-16.498,-13.4,0.84,AVOID(조향OFF)|LEFT,,8.00,0.54,11.7,9.4,2870
101.75,-12.266,-16.502,-12.5,0.77,AVOID(조향OFF)|LEFT,,8.00,0.54,11.8,9.5,2870
101.80,-12.266,-16.502,-12.0,0.77,AVOID(조향OFF)|LEFT,,8.00,0.54,11.5,9.6,2841
101.85,-12.180,-16.509,-11.1,0.85,AVOID(조향OFF)|LEFT,,8.00,0.54,11.3,9.6,2820
101.90,-12.180,-16.509,-10.7,0.85,AVOID(조향OFF)|LEFT,,8.00,0.54,11.1,9.5,2820
101.95,-12.103,-16.513,-9.7,0.77,AVOID(조향OFF)|LEFT,,8.00,0.54,11.4,9.6,2827
102.00,-12.103,-16.513,-9.2,0.77,CLEAR(조향OFF)|STRAIGHT,,999.00,0.54,11.1,9.6,2841
102.05,-12.023,-16.513,-8.4,0.88,CLEAR(조향OFF)|STRAIGHT,,999.00,0.54,10.7,9.6,2827
102.10,-12.023,-16.513,-8.0,0.88,CLEAR(조향OFF)|STRAIGHT,,999.00,0.54,11.4,9.5,2813
102.15,-11.932,-16.514,-7.2,0.82,CLEAR(조향OFF)|STRAIGHT,,999.00,0.54,10.9,9.5,2813
102.20,-11.932,-16.514,-6.6,0.82,CLEAR(조향OFF)|STRAIGHT,,999.00,0.54,10.7,9.6,2813
102.25,-11.847,-16.502,-5.9,0.92,CLEAR(조향OFF)|STRAIGHT,,999.00,0.51,12.0,9.6,2813
102.30,-11.847,-16.502,-5.6,0.92,CLEAR(조향OFF)|STRAIGHT,,999.00,0.51,12.4,9.6,2806
102.35,-11.759,-16.504,-4.8,0.80,CLEAR(조향OFF)|STRAIGHT,,999.00,0.51,12.0,9.5,2806
102.40,-11.759,-16.504,-4.4,0.80,CLEAR(조향OFF)|STRAIGHT,,999.00,0.51,11.8,9.6,2799
102.45,-11.677,-16.490,-3.8,0.90,CLEAR(조향OFF)|STRAIGHT,,999.00,0.51,11.9,9.6,2792
102.50,-11.677,-16.490,-3.5,0.90,CLEAR(조향OFF)|STRAIGHT,,999.00,0.51,12.4,9.6,2806
102.55,-11.599,-16.480,-2.8,0.64,CLEAR(조향OFF)|STRAIGHT,,999.00,0.51,12.0,9.6,2792
102.60,-11.599,-16.480,-2.4,0.64,CLEAR(조향OFF)|STRAIGHT,,999.00,0.51,11.8,9.6,2792
102.65,-11.513,-16.461,-1.7,1.07,CLEAR(조향OFF)|STRAIGHT,,999.00,0.51,11.3,10.3,2751
102.70,-11.513,-16.461,-1.3,1.07,CLEAR(조향OFF)|STRAIGHT,,999.00,0.51,12.5,10.4,2718
102.75,-11.433,-16.444,-0.5,0.73,CLEAR(조향OFF)|STRAIGHT,,999.00,0.51,12.0,10.4,2724
102.80,-11.433,-16.444,-0.1,0.73,CLEAR(조향OFF)|STRAIGHT,,999.00,0.51,11.7,10.4,2718
102.85,-11.354,-16.421,0.6,0.86,CLEAR(조향OFF)|STRAIGHT,,999.00,0.49,12.1,10.5,2711
102.90,-11.354,-16.421,0.9,0.86,CLEAR(조향OFF)|STRAIGHT,,999.00,0.49,12.4,10.4,2705
102.95,-11.277,-16.400,1.7,0.77,CLEAR(조향OFF)|STRAIGHT,,999.00,0.49,12.0,10.4,2705
103.00,-11.277,-16.400,2.1,0.77,CLEAR(조향OFF)|STRAIGHT,,999.00,0.49,12.1,10.4,2698
103.05,-11.192,-16.378,2.8,0.87,CLEAR(조향OFF)|STRAIGHT,,999.00,0.49,11.7,10.4,2705
103.10,-11.192,-16.378,3.2,0.87,CLEAR(조향OFF)|STRAIGHT,,999.00,0.49,12.2,10.4,2705
103.15,-11.112,-16.359,4.0,0.75,CLEAR(조향OFF)|STRAIGHT,,999.00,0.49,11.7,10.4,2705
103.20,-11.112,-16.359,4.4,0.75,CLEAR(조향OFF)|STRAIGHT,,999.00,0.49,11.4,10.4,2705
103.25,-11.036,-16.338,5.2,0.78,CLEAR(조향OFF)|STRAIGHT,,999.00,0.49,11.4,10.4,2698
103.30,-11.036,-16.338,5.6,0.78,CLEAR(조향OFF)|STRAIGHT,,999.00,0.49,11.1,10.4,2718
103.35,-10.954,-16.315,6.3,0.84,CLEAR(조향OFF)|STRAIGHT,,999.00,0.49,11.1,10.4,2698
103.40,-10.954,-16.315,6.7,0.84,CLEAR(조향OFF)|STRAIGHT,,999.00,0.49,10.9,10.4,2692
103.45,-10.877,-16.289,7.4,0.88,CLEAR(조향OFF)|STRAIGHT,,999.00,0.49,11.1,10.4,2705
103.50,-10.877,-16.289,7.8,0.88,CLEAR(조향OFF)|STRAIGHT,,999.00,0.47,11.8,10.4,2705
103.55,-10.798,-16.264,8.5,0.68,CLEAR(조향OFF)|STRAIGHT,,999.00,0.47,11.4,10.4,2692
103.60,-10.798,-16.264,8.9,0.68,CLEAR(조향OFF)|STRAIGHT,,999.00,0.47,11.2,10.4,2705
103.65,-10.716,-16.238,9.7,0.95,CLEAR(조향OFF)|STRAIGHT,,999.00,0.47,11.1,10.4,2698
103.70,-10.716,-16.238,10.1,0.95,CLEAR(조향OFF)|STRAIGHT,,999.00,0.47,10.9,10.4,2698
103.75,-10.638,-16.207,10.9,0.82,CLEAR(조향OFF)|STRAIGHT,,999.00,0.47,11.2,10.4,2705
103.80,-10.638,-16.207,11.3,0.82,CLEAR(조향OFF)|STRAIGHT,,999.00,0.47,10.9,10.4,2711
103.85,-10.557,-16.174,12.1,0.86,CLEAR(조향OFF)|STRAIGHT,,999.00,0.47,10.8,10.4,2692
103.90,-10.557,-16.174,12.5,0.86,CLEAR(조향OFF)|STRAIGHT,,999.00,0.47,10.6,10.5,2705
103.95,-10.476,-16.142,13.4,0.87,CLEAR(조향OFF)|STRAIGHT,,999.00,0.47,10.6,10.4,2692
104.00,-10.476,-16.142,13.8,0.87,CLEAR(조향OFF)|STRAIGHT,,999.00,0.47,10.3,10.4,2692
104.05,-10.401,-16.101,14.6,0.91,CLEAR(조향OFF)|STRAIGHT,,999.00,0.47,10.3,10.4,2705
104.10,-10.401,-16.101,15.0,0.91,CLEAR(조향OFF)|STRAIGHT,,999.00,0.45,10.6,10.4,2698
104.15,-10.326,-16.056,15.9,0.77,CLEAR(조향OFF)|STRAIGHT,,999.00,0.45,10.2,10.4,2685
104.20,-10.326,-16.056,16.3,0.77,CLEAR(조향OFF)|STRAIGHT,,999.00,0.45,9.9,10.4,2698
104.25,-10.326,-16.056,17.1,0.77,CLEAR(조향OFF)|STRAIGHT,,999.00,0.45,9.7,10.4,2698
104.30,-10.242,-16.023,17.6,0.60,CLEAR(조향OFF)|STRAIGHT,,999.00,0.45,9.4,10.4,2698
104.35,-10.242,-16.023,18.3,0.60,CLEAR(조향OFF)|STRAIGHT,,999.00,0.45,9.3,10.4,2698
104.40,-10.242,-16.023,18.8,0.60,CLEAR(조향OFF)|STRAIGHT,,999.00,0.45,9.0,10.4,2705
104.45,-10.083,-15.947,19.7,1.17,CLEAR(조향OFF)|STRAIGHT,,999.00,0.45,8.4,10.4,2698
104.50,-10.083,-15.947,20.0,1.17,CLEAR(조향OFF)|STRAIGHT,,999.00,0.45,8.1,10.4,2692
104.55,-10.001,-15.902,20.9,0.92,CLEAR(조향OFF)|STRAIGHT,,999.00,0.45,9.1,10.4,2698
104.60,-10.001,-15.902,21.3,0.92,CLEAR(조향OFF)|STRAIGHT,,999.00,0.45,8.9,10.2,2718
104.65,-9.928,-15.852,22.1,0.96,AVOID(조향OFF)|LEFT,,8.00,0.44,8.9,9.6,2758
104.70,-9.928,-15.852,22.5,0.96,AVOID(조향OFF)|LEFT,,8.00,0.44,9.0,9.6,2771
104.75,-9.852,-15.801,23.3,0.90,CLEAR(조향OFF)|STRAIGHT,,999.00,0.44,8.5,9.5,2771
104.80,-9.852,-15.801,23.7,0.90,CLEAR(조향OFF)|STRAIGHT,,999.00,0.44,8.6,9.5,2771
104.85,-9.775,-15.746,24.5,0.93,CLEAR(조향OFF)|STRAIGHT,,999.00,0.44,8.1,9.6,2778
104.90,-9.775,-15.746,25.0,0.93,CLEAR(조향OFF)|STRAIGHT,,999.00,0.44,8.2,9.5,2792
104.95,-9.694,-15.696,25.8,0.94,AVOID(조향OFF)|LEFT,,8.00,0.44,7.7,9.6,2778
105.00,-9.694,-15.696,26.2,0.94,AVOID(조향OFF)|LEFT,,8.00,0.44,7.8,9.6,2785
105.05,-9.623,-15.631,27.1,0.93,AVOID(조향OFF)|LEFT,,8.00,0.44,7.2,9.5,2785
105.10,-9.623,-15.631,27.5,0.93,AVOID(조향OFF)|LEFT,,8.00,0.44,7.0,9.6,2785
105.15,-9.550,-15.565,28.4,0.87,CLEAR(조향OFF)|STRAIGHT,,999.00,0.44,6.4,9.6,2778
105.20,-9.550,-15.565,28.8,0.87,CLEAR(조향OFF)|STRAIGHT,,999.00,0.44,6.1,9.6,2799
105.25,-9.466,-15.515,29.6,1.09,CLEAR(조향OFF)|STRAIGHT,,999.00,0.43,6.4,9.6,2771
105.30,-9.466,-15.515,30.1,1.09,CLEAR(조향OFF)|STRAIGHT,,999.00,0.43,6.8,9.0,2820
105.35,-9.389,-15.454,30.8,0.98,CLEAR(조향OFF)|STRAIGHT,,999.00,0.43,6.3,8.6,2878
105.40,-9.389,-15.454,31.2,0.98,CLEAR(조향OFF)|STRAIGHT,,999.00,0.43,6.2,8.4,2900
105.45,-9.316,-15.392,31.9,0.94,CLEAR(조향OFF)|STRAIGHT,,999.00,0.43,5.7,8.4,2892
105.50,-9.316,-15.392,32.3,0.94,AVOID(조향OFF)|RIGHT,,8.00,0.43,5.6,8.5,2915
105.55,-9.239,-15.324,33.1,0.92,AVOID(조향OFF)|RIGHT,,8.00,0.43,5.1,8.5,2907
105.60,-9.239,-15.324,33.4,0.92,CLEAR(조향OFF)|STRAIGHT,,999.00,0.43,4.8,8.1,2938
105.65,-9.167,-15.254,34.1,0.99,CLEAR(조향OFF)|STRAIGHT,,999.00,0.42,5.4,7.7,2992
105.70,-9.167,-15.254,34.4,0.99,AVOID(조향OFF)|LEFT,,8.00,0.42,5.2,7.6,2984
105.75,-9.091,-15.184,35.1,1.02,AVOID(조향OFF)|LEFT,,8.00,0.42,5.1,7.4,3016
105.80,-9.091,-15.184,35.4,1.02,CLEAR(조향OFF)|STRAIGHT,,999.00,0.42,4.8,7.4,3041
105.85,-9.017,-15.104,36.1,1.07,CLEAR(조향OFF)|STRAIGHT,,999.00,0.42,4.6,7.4,3033
105.90,-9.017,-15.104,36.5,1.07,AVOID(조향OFF)|LEFT,,8.00,0.42,4.4,7.4,3033
105.95,-8.943,-15.030,37.2,1.04,AVOID(조향OFF)|LEFT,,8.00,0.42,4.1,7.4,3041
106.00,-8.943,-15.030,37.7,1.04,AVOID(조향OFF)|LEFT,,8.00,0.42,3.9,7.1,3074
106.05,-8.869,-14.955,38.3,1.04,AVOID(조향OFF)|LEFT,,8.00,0.42,3.3,6.9,3100
106.10,-8.869,-14.955,38.6,1.04,AVOID(조향OFF)|LEFT,,8.00,0.42,3.1,6.8,3117
106.15,-8.869,-14.955,39.2,1.04,AVOID(조향OFF)|LEFT,,8.00,0.42,4.1,6.5,3152
106.20,-8.793,-14.884,39.6,0.74,AVOID(조향OFF)|LEFT,,8.00,0.42,3.9,6.3,3205
106.25,-8.793,-14.884,40.0,0.74,AVOID(조향OFF)|LEFT,,8.00,0.42,3.0,5.7,3252
106.30,-8.793,-14.884,40.3,0.74,BLOCKED(조향OFF)|STOP,,3.79,0.42,2.9,5.7,3252
106.35,-8.650,-14.725,40.8,1.32,BLOCKED(조향OFF)|STOP,,3.79,0.42,2.5,5.7,3271
106.40,-8.650,-14.725,41.1,1.32,AVOID(조향OFF)|LEFT,,8.00,0.42,2.3,5.8,3280
106.45,-8.581,-14.642,41.6,1.07,AVOID(조향OFF)|LEFT,,8.00,0.42,3.5,5.7,3280
106.50,-8.581,-14.642,41.8,1.07,AVOID(조향OFF)|LEFT,,8.00,0.42,3.4,5.7,3271
106.55,-8.508,-14.556,42.4,1.01,BLOCKED(조향OFF)|STOP,,3.74,0.42,2.4,5.6,3300
106.60,-8.508,-14.556,42.6,1.01,BLOCKED(조향OFF)|STOP,,3.74,0.42,2.2,5.6,3300
106.65,-8.508,-14.556,43.1,1.01,BLOCKED(조향OFF)|STOP,,3.43,0.41,3.3,5.5,3329
106.70,-8.508,-14.556,43.4,1.01,BLOCKED(조향OFF)|STOP,,3.43,0.41,3.2,5.0,3349
106.75,-8.365,-14.382,43.9,1.25,BLOCKED(조향OFF)|STOP,,3.40,0.41,2.8,4.6,3420
106.80,-8.365,-14.382,44.1,1.25,BLOCKED(조향OFF)|STOP,,3.40,0.41,3.3,4.6,3430
106.85,-8.294,-14.287,44.6,0.97,BLOCKED(조향OFF)|STOP,,3.48,0.41,3.0,4.6,3430
106.90,-8.294,-14.287,44.9,0.97,BLOCKED(조향OFF)|STOP,,3.48,0.41,2.9,4.6,3430
106.95,-8.228,-14.197,45.3,1.23,BLOCKED(조향OFF)|STOP,,3.35,0.41,1.7,4.6,3451
107.00,-8.228,-14.197,45.6,1.23,BLOCKED(조향OFF)|STOP,,3.35,0.41,1.5,4.6,3430
107.05,-8.176,-14.089,46.1,1.26,BLOCKED(조향OFF)|STOP,,3.42,0.41,3.5,4.5,3451
107.10,-8.176,-14.089,46.3,1.26,BLOCKED(조향OFF)|STOP,,3.42,0.41,3.2,4.0,3516
107.15,-8.103,-13.998,46.7,1.06,BLOCKED(조향OFF)|STOP,,3.32,0.41,3.0,3.9,3527
107.20,-8.103,-13.998,46.9,1.06,BLOCKED(조향OFF)|STOP,,3.32,0.41,2.9,3.8,3549
107.25,-8.037,-13.903,47.2,1.13,BLOCKED(조향OFF)|STOP,,3.39,0.41,2.2,3.9,3561
107.30,-8.037,-13.903,47.3,1.13,BLOCKED(조향OFF)|STOP,,3.39,0.41,2.1,3.9,3538
107.35,-7.967,-13.811,47.7,1.15,BLOCKED(조향OFF)|STOP,,3.39,0.41,2.0,3.9,3561
107.40,-7.967,-13.811,47.9,1.15,BLOCKED(조향OFF)|STOP,,3.39,0.41,1.9,3.9,3572
107.45,-7.897,-13.714,48.3,1.20,BLOCKED(조향OFF)|STOP,,3.38,0.41,3.4,3.8,3561
107.50,-7.897,-13.714,48.4,1.20,BLOCKED(조향OFF)|STOP,,3.38,0.41,3.3,3.9,3572
107.55,-7.828,-13.612,48.8,1.11,BLOCKED(조향OFF)|STOP,,3.27,0.41,3.4,4.0,3572
107.60,-7.828,-13.612,49.0,1.11,BLOCKED(조향OFF)|STOP,,3.27,0.41,3.3,3.9,3561
107.65,-7.759,-13.512,49.4,1.52,BLOCKED(조향OFF)|STOP,,3.21,0.41,2.8,3.9,3572
107.70,-7.759,-13.512,49.6,1.52,BLOCKED(조향OFF)|STOP,,3.21,0.41,4.0,3.9,3561
107.75,-7.692,-13.408,50.0,1.10,BLOCKED(조향OFF)|STOP,,3.24,0.41,3.7,3.9,3561
107.80,-7.692,-13.408,50.2,1.10,BLOCKED(조향OFF)|STOP,,3.11,0.41,3.6,3.9,3572
107.85,-7.626,-13.306,50.5,1.34,BLOCKED(조향OFF)|STOP,,3.11,0.41,3.9,3.9,3561
107.90,-7.626,-13.306,50.7,1.34,BLOCKED(조향OFF)|STOP,,3.04,0.41,4.5,3.9,3561
107.95,-7.556,-13.206,51.0,1.16,BLOCKED(조향OFF)|STOP,,3.04,0.41,4.3,3.9,3561
108.00,-7.556,-13.206,51.2,1.16,BLOCKED(조향OFF)|STOP,,3.08,0.41,4.1,3.9,3583
108.05,-7.496,-13.093,51.5,1.20,BLOCKED(조향OFF)|STOP,,3.08,0.41,3.9,3.9,3583
108.10,-7.496,-13.093,51.7,1.20,BLOCKED(조향OFF)|STOP,,3.03,0.41,3.8,3.9,3572
108.15,-7.429,-12.993,52.1,1.20,BLOCKED(조향OFF)|STOP,,3.03,0.41,3.6,3.9,3572
108.20,-7.429,-12.993,52.3,1.20,BLOCKED(조향OFF)|STOP,,2.98,0.41,3.5,3.9,3583
108.25,-7.361,-12.887,52.7,1.26,BLOCKED(조향OFF)|STOP,,2.98,0.41,5.0,3.9,3561
108.30,-7.361,-12.887,52.9,1.26,BLOCKED(조향OFF)|STOP,,3.02,0.41,4.9,3.9,3572
108.35,-7.306,-12.772,53.3,1.25,BLOCKED(조향OFF)|STOP,,3.02,0.41,5.1,3.9,3595
108.40,-7.306,-12.772,53.4,1.25,BLOCKED(조향OFF)|STOP,,2.95,0.41,4.9,3.9,3572
108.45,-7.234,-12.667,53.8,1.27,BLOCKED(조향OFF)|STOP,,2.95,0.41,4.9,3.9,3572
108.50,-7.234,-12.667,54.0,1.27,BLOCKED(조향OFF)|STOP,,2.88,0.41,4.7,3.9,3572
108.55,-7.170,-12.558,54.3,1.26,BLOCKED(조향OFF)|STOP,,2.88,0.41,5.0,3.9,3561
108.60,-7.170,-12.558,54.5,1.26,BLOCKED(조향OFF)|STOP,,2.97,0.41,4.9,4.0,3572
108.65,-7.110,-12.451,54.9,1.22,BLOCKED(조향OFF)|STOP,,2.97,0.40,6.1,3.9,3595
108.70,-7.110,-12.451,55.0,1.22,BLOCKED(조향OFF)|STOP,,2.91,0.40,6.0,3.8,3572
108.75,-7.050,-12.333,55.4,1.31,BLOCKED(조향OFF)|STOP,,2.91,0.40,6.1,3.9,3572
108.80,-7.050,-12.333,55.6,1.31,BLOCKED(조향OFF)|STOP,,2.93,0.40,6.0,3.9,3572
108.85,-6.987,-12.224,56.1,1.40,BLOCKED(조향OFF)|STOP,,2.90,0.40,6.3,4.6,3494
108.90,-6.987,-12.224,56.3,1.40,BLOCKED(조향OFF)|STOP,,2.90,0.41,7.3,4.8,3462
108.95,-6.932,-12.108,56.7,1.16,BLOCKED(조향OFF)|STOP,,2.98,0.41,7.1,4.8,3451
109.00,-6.932,-12.108,57.0,1.16,BLOCKED(조향OFF)|STOP,,2.98,0.41,7.0,4.9,3441
109.05,-6.876,-11.992,57.4,1.27,AVOID(조향OFF)|LEFT,,8.00,0.41,6.9,5.4,3379
109.10,-6.876,-11.992,57.7,1.27,AVOID(조향OFF)|LEFT,,8.00,0.41,6.8,5.6,3339
109.15,-6.820,-11.879,58.3,1.26,AVOID(조향OFF)|LEFT,,8.00,0.41,7.1,5.6,3329
109.20,-6.820,-11.879,58.6,1.26,AVOID(조향OFF)|LEFT,,8.00,0.41,6.9,5.6,3329
109.25,-6.770,-11.763,59.1,1.25,AVOID(조향OFF)|LEFT,,8.00,0.41,7.1,5.6,3349
109.30,-6.770,-11.763,59.4,1.25,AVOID(조향OFF)|LEFT,,8.00,0.41,6.9,5.6,3339
109.35,-6.721,-11.643,59.9,1.28,AVOID(조향OFF)|LEFT,,8.00,0.40,7.6,5.6,3290
109.40,-6.721,-11.643,60.1,1.28,AVOID(조향OFF)|LEFT,,8.00,0.40,7.4,5.6,3329
109.45,-6.672,-11.526,60.8,1.40,AVOID(조향OFF)|LEFT,,8.00,0.40,7.7,5.6,3319
109.50,-6.672,-11.526,61.0,1.40,AVOID(조향OFF)|LEFT,,8.00,0.40,8.1,5.6,3329
109.55,-6.626,-11.410,61.7,1.03,AVOID(조향OFF)|LEFT,,8.00,0.40,7.8,5.6,3329
109.60,-6.626,-11.410,62.0,1.03,AVOID(조향OFF)|LEFT,,8.00,0.40,7.6,5.6,3329
109.65,-6.584,-11.295,62.5,1.35,AVOID(조향OFF)|LEFT,,8.00,0.40,7.4,5.5,3319
109.70,-6.584,-11.295,62.8,1.35,AVOID(조향OFF)|LEFT,,8.00,0.40,7.2,5.6,3329
109.75,-6.546,-11.177,63.4,1.22,AVOID(조향OFF)|LEFT,,8.00,0.40,8.0,5.6,3309
109.80,-6.546,-11.177,63.7,1.22,AVOID(조향OFF)|LEFT,,8.00,0.40,7.8,5.6,3329
109.85,-6.505,-11.057,64.2,1.31,AVOID(조향OFF)|LEFT,,8.00,0.40,7.9,5.6,3329
109.90,-6.505,-11.057,64.5,1.31,AVOID(조향OFF)|LEFT,,8.00,0.40,8.4,5.6,3329
109.95,-6.465,-10.937,65.1,1.34,AVOID(조향OFF)|LEFT,,8.00,0.40,8.1,5.9,3290
110.00,-6.465,-10.937,65.4,1.34,AVOID(조향OFF)|LEFT,,8.00,0.40,8.5,6.1,3261
110.05,-6.434,-10.820,66.1,1.18,AVOID(조향OFF)|LEFT,,8.00,0.40,8.2,5.9,3261
110.10,-6.434,-10.820,66.4,1.18,AVOID(조향OFF)|LEFT,,8.00,0.40,8.6,6.1,3271
110.15,-6.397,-10.701,67.0,1.13,AVOID(조향OFF)|LEFT,,8.00,0.40,8.2,6.1,3252
110.20,-6.397,-10.701,67.4,1.13,AVOID(조향OFF)|LEFT,,8.00,0.40,8.0,6.1,3261
110.25,-6.369,-10.580,68.1,1.23,AVOID(조향OFF)|LEFT,,8.00,0.40,8.2,6.7,3205
110.30,-6.369,-10.580,68.5,1.23,BLOCKED(조향OFF)|STOP,,2.04,0.40,8.0,6.7,3178
110.35,-6.343,-10.460,69.2,1.34,BLOCKED(조향OFF)|STOP,,2.04,0.31,8.1,6.7,3178
110.40,-6.343,-10.460,69.6,1.34,BLOCKED(조향OFF)|STOP,,1.93,0.31,8.5,6.7,3178
110.45,-6.314,-10.339,70.3,1.13,BLOCKED(조향OFF)|STOP,,1.93,0.28,8.1,6.8,3134
110.50,-6.314,-10.339,70.7,1.13,BLOCKED(조향OFF)|STOP,,1.83,0.28,7.8,6.9,3160
110.55,-6.291,-10.214,71.3,1.05,BLOCKED(조향OFF)|STOP,,1.83,0.26,8.1,6.9,3160
110.60,-6.291,-10.214,71.6,1.05,BLOCKED(조향OFF)|STOP,,1.73,0.26,7.9,6.9,3152
110.65,-6.291,-10.214,72.3,1.05,BLOCKED(조향OFF)|STOP,,1.73,0.25,8.0,6.9,3143
110.70,-6.291,-10.214,72.6,1.05,AVOID(조향OFF)|LEFT,,8.00,0.25,7.8,6.8,3152
110.75,-6.250,-9.981,73.2,1.38,AVOID(조향OFF)|LEFT,,8.00,0.30,7.4,6.8,3152
110.80,-6.250,-9.981,73.5,1.38,AVOID(조향OFF)|LEFT,,8.00,0.35,8.5,6.8,3143
110.85,-6.239,-9.859,74.0,1.21,AVOID(조향OFF)|LEFT,,8.00,0.40,8.1,6.9,3143
110.90,-6.239,-9.859,74.3,1.21,AVOID(조향OFF)|LEFT,,8.00,0.39,8.5,6.8,3143
110.95,-6.226,-9.736,74.9,1.17,AVOID(조향OFF)|LEFT,,8.00,0.39,8.2,6.8,3152
111.00,-6.226,-9.736,75.2,1.17,AVOID(조향OFF)|LEFT,,8.00,0.39,8.4,6.8,3134
111.05,-6.219,-9.614,75.8,1.20,BLOCKED(조향OFF)|STOP,,1.20,0.39,8.1,7.1,3125
111.10,-6.219,-9.614,76.2,1.20,BLOCKED(조향OFF)|STOP,,1.20,0.30,8.4,7.1,3108
111.15,-6.210,-9.483,77.1,1.22,BLOCKED(조향OFF)|STOP,,1.11,0.25,8.0,7.1,3117
111.20,-6.210,-9.483,77.3,1.22,BLOCKED(조향OFF)|STOP,,1.11,0.25,7.7,7.1,3108
111.25,-6.200,-9.361,77.9,1.35,BLOCKED(조향OFF)|STOP,,1.05,0.25,7.8,7.1,3108
111.30,-6.200,-9.361,78.2,1.35,BLOCKED(조향OFF)|STOP,,1.05,0.25,8.5,7.1,3108
111.35,-6.195,-9.240,78.9,1.09,BLOCKED(조향OFF)|STOP,,0.97,0.16,8.1,7.1,3117
111.40,-6.195,-9.240,79.1,1.09,BLOCKED(조향OFF)|STOP,,0.97,0.07,8.0,7.1,3108
111.45,-6.186,-9.121,80.0,1.32,BLOCKED(조향OFF)|STOP,,0.88,0.00,8.0,7.1,3100
111.50,-6.186,-9.121,80.4,1.32,BLOCKED(조향OFF)|STOP,,0.88,0.00,8.4,7.1,3117
111.55,-6.184,-9.003,81.2,0.97,BLOCKED(조향OFF)|STOP,,0.79,0.00,7.9,7.1,3108
111.60,-6.184,-9.003,81.6,0.97,BLOCKED(조향OFF)|STOP,,0.79,0.00,7.7,7.1,3108
111.65,-6.187,-8.888,82.2,1.42,BLOCKED(조향OFF)|STOP,,0.69,0.00,7.3,7.1,3117
111.70,-6.187,-8.888,82.3,1.42,BLOCKED(조향OFF)|STOP,,0.69,0.00,8.1,7.1,3100
111.75,-6.179,-8.772,83.1,1.06,BLOCKED(조향OFF)|STOP,,0.58,0.00,7.9,7.1,3108
111.80,-6.179,-8.772,83.5,1.06,BLOCKED(조향OFF)|STOP,,0.58,0.00,7.8,7.2,3117
111.85,-6.195,-8.655,84.1,1.27,BLOCKED(조향OFF)|STOP,,0.48,0.00,7.7,7.1,3100
111.90,-6.195,-8.655,84.4,1.27,BLOCKED(조향OFF)|STOP,,0.48,0.00,8.0,7.1,3091
111.95,-6.197,-8.552,85.1,0.93,BLOCKED(조향OFF)|STOP,,0.39,0.00,7.6,7.1,3108
112.00,-6.197,-8.552,85.3,0.93,BLOCKED(조향OFF)|STOP,,0.31,0.00,7.4,7.1,3100
112.05,-6.193,-8.447,85.7,1.16,BLOCKED(조향OFF)|STOP,,0.31,0.00,7.2,7.1,3100
112.10,-6.193,-8.447,86.0,1.16,BLOCKED(조향OFF)|STOP,,3.04,0.00,8.1,7.1,3108
112.15,-6.208,-8.345,86.5,1.01,BLOCKED(조향OFF)|STOP,,3.04,0.00,7.9,7.1,3100
112.20,-6.208,-8.345,86.8,1.01,BLOCKED(조향OFF)|STOP,,2.96,0.00,8.0,7.1,3100
112.25,-6.217,-8.247,87.3,0.97,BLOCKED(조향OFF)|STOP,,2.96,0.00,7.7,7.1,3100
112.30,-6.217,-8.247,87.5,0.97,BLOCKED(조향OFF)|STOP,,2.93,0.00,8.0,7.1,3100
112.35,-6.231,-8.161,87.8,0.85,BLOCKED(조향OFF)|STOP,,2.93,0.00,7.6,7.1,3100
112.40,-6.231,-8.161,88.0,0.85,BLOCKED(조향OFF)|STOP,,3.32,0.00,7.7,7.1,3100
112.45,-6.248,-8.083,88.6,0.71,BLOCKED(조향OFF)|STOP,,3.32,0.00,7.5,7.1,3108
112.50,-6.248,-8.083,88.8,0.71,BLOCKED(조향OFF)|STOP,,3.01,0.00,7.3,7.1,3108
112.55,-6.255,-8.018,89.3,0.59,BLOCKED(조향OFF)|STOP,,3.01,0.00,6.8,7.1,3108
112.60,-6.255,-8.018,89.5,0.59,BLOCKED(조향OFF)|STOP,,3.17,0.00,6.7,7.1,3108
112.65,-6.266,-7.954,89.3,0.80,BLOCKED(조향OFF)|STOP,,3.17,0.00,7.3,7.1,3117
112.70,-6.266,-7.954,89.1,0.80,BLOCKED(조향OFF)|STOP,,3.20,0.00,7.8,7.1,3100
112.75,-6.273,-7.894,89.1,0.54,BLOCKED(조향OFF)|STOP,,3.20,0.00,7.9,7.1,3100
112.80,-6.273,-7.894,89.2,0.54,BLOCKED(조향OFF)|STOP,,3.10,0.00,8.0,7.1,3091
112.85,-6.277,-7.845,89.2,0.55,BLOCKED(조향OFF)|STOP,,3.10,0.00,7.9,7.1,3108
112.90,-6.277,-7.845,89.2,0.55,BLOCKED(조향OFF)|STOP,,2.70,0.00,8.2,7.1,3108
112.95,-6.273,-7.821,89.3,0.24,BLOCKED(조향OFF)|STOP,,2.70,0.00,8.2,7.1,3083
113.00,-6.273,-7.821,89.3,0.24,BLOCKED(조향OFF)|STOP,,2.72,0.00,8.0,7.1,3083
113.05,-6.280,-7.826,89.4,-0.05,BLOCKED(조향OFF)|STOP,,2.72,0.00,8.0,7.1,3100
113.10,-6.280,-7.826,89.4,-0.05,BLOCKED(조향OFF)|STOP,,2.75,0.00,7.3,7.1,3100
113.15,-6.276,-7.836,89.3,-0.10,BLOCKED(조향OFF)|STOP,,2.75,0.00,7.3,7.1,3108
113.20,-6.276,-7.836,89.4,-0.10,BLOCKED(조향OFF)|STOP,,2.84,0.00,7.5,7.1,3100
113.25,-6.276,-7.840,89.4,-0.05,BLOCKED(조향OFF)|STOP,,2.82,0.00,7.5,7.1,3083
113.30,-6.276,-7.840,89.4,-0.05,BLOCKED(조향OFF)|STOP,,2.82,0.00,7.3,7.1,3100
113.35,-6.277,-7.837,89.4,0.04,BLOCKED(조향OFF)|STOP,,2.82,0.00,7.3,7.1,3100
113.40,-6.277,-7.837,89.4,0.04,BLOCKED(조향OFF)|STOP,,2.82,0.00,7.2,7.1,3100
113.45,-6.279,-7.834,89.4,0.03,BLOCKED(조향OFF)|STOP,,2.82,0.00,7.2,7.1,3108
113.50,-6.279,-7.834,89.4,0.03,BLOCKED(조향OFF)|STOP,,2.82,0.00,7.2,7.1,3091
113.55,-6.276,-7.833,89.4,0.01,BLOCKED(조향OFF)|STOP,,2.83,0.00,7.1,7.1,3083
113.60,-6.276,-7.833,89.4,0.01,BLOCKED(조향OFF)|STOP,,2.83,0.00,7.1,7.1,3100
113.65,-6.276,-7.835,89.4,-0.02,BLOCKED(조향OFF)|STOP,,2.83,0.00,7.2,7.1,3091
113.70,-6.276,-7.835,89.4,-0.02,BLOCKED(조향OFF)|STOP,,2.83,0.00,7.2,7.1,3100
113.75,-6.276,-7.836,89.4,-0.02,BLOCKED(조향OFF)|STOP,,2.83,0.00,7.2,7.1,2992
113.80,-6.276,-7.836,89.4,-0.02,BLOCKED(조향OFF)|STOP,,2.83,0.00,7.2,7.1,3083
113.85,-6.277,-7.834,89.4,0.02,BLOCKED(조향OFF)|STOP,,2.83,0.00,7.2,7.1,3100
113.90,-6.277,-7.834,89.4,0.02,BLOCKED(조향OFF)|STOP,,2.83,0.00,7.2,7.1,3117
113.95,-6.277,-7.834,89.4,0.00,BLOCKED(조향OFF)|STOP,,2.83,0.00,7.1,7.1,3100
114.00,-6.277,-7.834,89.4,0.00,BLOCKED(조향OFF)|STOP,,2.83,0.00,7.1,7.1,3091
114.05,-6.276,-7.831,89.4,0.02,BLOCKED(조향OFF)|STOP,,2.83,0.00,7.1,7.1,3108
114.10,-6.276,-7.831,89.4,0.02,BLOCKED(조향OFF)|STOP,,2.83,0.00,7.1,7.1,3100
114.15,-6.278,-7.833,89.4,-0.02,BLOCKED(조향OFF)|STOP,,2.83,0.00,7.2,7.1,3100
114.20,-6.278,-7.833,89.4,-0.02,BLOCKED(조향OFF)|STOP,,2.81,0.00,7.2,7.1,3100
114.25,-6.277,-7.833,89.4,-0.00,BLOCKED(조향OFF)|STOP,,2.81,0.00,7.1,7.1,3100
114.30,-6.277,-7.833,89.4,-0.00,BLOCKED(조향OFF)|STOP,,2.82,0.00,7.1,7.1,3100
114.35,-6.277,-7.832,89.4,0.01,BLOCKED(조향OFF)|STOP,,2.82,0.00,7.1,7.1,3100
114.40,-6.277,-7.832,89.4,0.01,BLOCKED(조향OFF)|STOP,,2.83,0.00,7.1,7.1,3100
114.45,-6.277,-7.831,89.4,0.01,BLOCKED(조향OFF)|STOP,,2.83,0.00,7.1,7.1,3108
114.50,-6.277,-7.831,89.4,0.01,BLOCKED(조향OFF)|STOP,,2.83,0.00,7.1,7.1,3108
114.55,-6.277,-7.831,89.4,0.01,BLOCKED(조향OFF)|STOP,,2.83,0.00,7.1,7.1,3100
114.60,-6.277,-7.834,89.4,-0.02,BLOCKED(조향OFF)|STOP,,2.83,0.00,7.1,7.1,3108
114.65,-6.277,-7.834,89.4,-0.02,BLOCKED(조향OFF)|STOP,,2.83,0.00,7.1,7.2,3100
114.70,-6.277,-7.834,89.4,-0.02,BLOCKED(조향OFF)|STOP,,2.83,0.00,7.1,7.1,3108
114.75,-6.278,-7.834,89.4,-0.00,BLOCKED(조향OFF)|STOP,,2.83,0.00,7.1,7.1,3108
114.80,-6.278,-7.834,89.4,-0.00,BLOCKED(조향OFF)|STOP,,2.83,0.00,7.1,7.1,3100
114.85,-6.279,-7.834,89.4,0.01,BLOCKED(조향OFF)|STOP,,2.83,0.00,7.1,7.1,3108
114.90,-6.279,-7.834,89.4,0.01,BLOCKED(조향OFF)|STOP,,2.83,0.00,7.1,7.1,3117
114.95,-6.277,-7.835,89.4,-0.02,BLOCKED(조향OFF)|STOP,,2.82,0.00,7.1,7.1,3091
115.00,-6.277,-7.835,89.4,-0.02,BLOCKED(조향OFF)|STOP,,2.82,0.00,7.1,7.1,3108
115.05,-6.276,-7.838,89.4,-0.02,BLOCKED(조향OFF)|STOP,,2.83,0.00,7.1,7.2,3117
115.10,-6.276,-7.838,89.4,-0.02,BLOCKED(조향OFF)|STOP,,2.83,0.00,7.1,7.1,3091
115.15,-6.274,-7.837,89.4,0.01,BLOCKED(조향OFF)|STOP,,2.83,0.00,7.2,7.1,3108
115.20,-6.274,-7.837,89.4,0.01,BLOCKED(조향OFF)|STOP,,2.83,0.00,7.2,7.1,3108
115.25,-6.274,-7.837,89.4,-0.01,BLOCKED(조향OFF)|STOP,,2.83,0.00,7.2,7.1,3091
115.30,-6.274,-7.837,89.4,-0.01,BLOCKED(조향OFF)|STOP,,2.83,0.00,7.2,7.1,3108
115.35,-6.275,-7.838,89.4,-0.01,BLOCKED(조향OFF)|STOP,,2.83,0.00,7.2,7.1,3100
115.40,-6.275,-7.838,89.4,-0.01,BLOCKED(조향OFF)|STOP,,2.83,0.00,7.2,7.1,3100
115.45,-6.276,-7.839,89.4,-0.01,BLOCKED(조향OFF)|STOP,,2.83,0.00,7.1,7.1,3091
115.50,-6.276,-7.839,89.4,-0.01,BLOCKED(조향OFF)|STOP,,2.83,0.00,7.1,7.1,3108
115.55,-6.275,-7.838,89.4,0.01,BLOCKED(조향OFF)|STOP,,2.83,0.00,7.1,7.1,3091
115.60,-6.275,-7.838,89.4,0.01,BLOCKED(조향OFF)|STOP,,2.83,0.00,7.1,7.1,3108
115.65,-6.274,-7.836,89.4,0.02,BLOCKED(조향OFF)|STOP,,2.83,0.00,7.2,7.1,3100
115.70,-6.274,-7.836,89.4,0.02,BLOCKED(조향OFF)|STOP,,2.83,0.00,7.2,7.1,3091
115.75,-6.276,-7.836,89.4,0.00,BLOCKED(조향OFF)|STOP,,2.83,0.00,7.2,7.1,3100
115.80,-6.276,-7.836,89.4,0.00,BLOCKED(조향OFF)|STOP,,2.83,0.00,7.1,7.2,3108
115.85,-6.275,-7.836,89.4,-0.01,BLOCKED(조향OFF)|STOP,,2.83,0.00,7.1,7.1,3074
115.90,-6.275,-7.836,89.4,-0.01,BLOCKED(조향OFF)|STOP,,2.83,0.00,7.1,7.1,3100
115.95,-6.276,-7.839,89.4,-0.02,BLOCKED(조향OFF)|STOP,,2.83,0.00,7.2,7.1,3100
116.00,-6.276,-7.839,89.4,-0.02,BLOCKED(조향OFF)|STOP,,2.83,0.00,7.2,7.1,3100
116.05,-6.275,-7.837,89.4,0.02,BLOCKED(조향OFF)|STOP,,2.83,0.00,7.2,7.1,3108
116.10,-6.275,-7.837,89.4,0.02,BLOCKED(조향OFF)|STOP,,2.83,0.00,7.2,7.1,3083
116.15,-6.274,-7.837,89.4,0.00,BLOCKED(조향OFF)|STOP,,2.83,0.00,7.2,7.1,3100
116.20,-6.274,-7.837,89.4,0.00,BLOCKED(조향OFF)|STOP,,2.83,0.00,7.2,7.1,3091
116.25,-6.276,-7.840,89.4,-0.03,BLOCKED(조향OFF)|STOP,,2.83,0.00,7.2,7.1,3100
116.30,-6.276,-7.840,89.4,-0.03,BLOCKED(조향OFF)|STOP,,2.83,0.00,7.2,7.1,3117
116.35,-6.275,-7.839,89.4,0.01,BLOCKED(조향OFF)|STOP,,2.83,0.00,7.2,7.1,3100
116.40,-6.275,-7.839,89.4,0.01,BLOCKED(조향OFF)|STOP,,2.83,0.00,7.1,7.3,3083
116.45,-6.272,-7.838,89.4,0.01,BLOCKED(조향OFF)|STOP,,2.83,0.00,7.1,7.3,3083
116.50,-6.272,-7.838,89.4,0.01,BLOCKED(조향OFF)|STOP,,2.83,0.00,7.3,7.1,3083
116.55,-6.273,-7.839,89.4,-0.01,BLOCKED(조향OFF)|STOP,,2.83,0.00,7.3,7.1,3091
116.60,-6.273,-7.839,89.4,-0.01,BLOCKED(조향OFF)|STOP,,2.83,0.00,7.3,7.1,3108
116.65,-6.276,-7.837,89.4,0.03,BLOCKED(조향OFF)|STOP,,2.83,0.00,7.2,7.1,3100
116.70,-6.276,-7.837,89.4,0.03,BLOCKED(조향OFF)|STOP,,2.83,0.00,7.2,7.1,3100
116.75,-6.273,-7.837,89.4,-0.01,BLOCKED(조향OFF)|STOP,,2.83,0.00,7.2,7.1,3108
116.80,-6.273,-7.837,89.4,-0.01,BLOCKED(조향OFF)|STOP,,2.83,0.00,7.2,7.1,3091
116.85,-6.271,-7.839,89.4,-0.02,BLOCKED(조향OFF)|STOP,,2.83,0.00,7.2,7.1,3091
116.90,-6.271,-7.839,89.4,-0.02,BLOCKED(조향OFF)|STOP,,2.82,0.00,7.3,7.1,3091
116.95,-6.269,-7.838,89.4,0.01,BLOCKED(조향OFF)|STOP,,2.82,0.00,7.3,7.1,3100
117.00,-6.269,-7.838,89.4,0.01,BLOCKED(조향OFF)|STOP,,2.82,0.00,7.4,7.1,3100
117.05,-6.270,-7.840,89.4,-0.02,BLOCKED(조향OFF)|STOP,,2.82,0.00,7.4,7.1,3117
117.10,-6.270,-7.840,89.4,-0.02,BLOCKED(조향OFF)|STOP,,0.35,0.00,7.4,7.1,3117
117.15,-6.269,-7.843,89.4,-0.03,BLOCKED(조향OFF)|STOP,,0.35,0.00,7.4,7.1,3100
117.20,-6.269,-7.843,89.4,-0.03,BLOCKED(조향OFF)|STOP,,0.37,0.00,7.4,7.1,3100
117.25,-6.269,-7.836,89.4,0.07,BLOCKED(조향OFF)|STOP,,0.37,0.00,7.4,7.1,3100
117.30,-6.269,-7.836,89.4,0.07,BLOCKED(조향OFF)|STOP,,0.39,0.00,7.6,7.1,3091
117.35,-6.271,-7.839,89.4,-0.03,BLOCKED(조향OFF)|STOP,,0.39,0.00,7.6,7.1,3091
117.40,-6.271,-7.839,89.4,-0.03,BLOCKED(조향OFF)|STOP,,0.42,0.00,7.4,7.1,3108
117.45,-6.269,-7.833,89.4,0.06,BLOCKED(조향OFF)|STOP,,0.42,0.00,7.4,7.1,3091
117.50,-6.269,-7.833,89.4,0.06,BLOCKED(조향OFF)|STOP,,0.46,0.00,7.6,7.1,3100
117.55,-6.274,-7.833,89.4,0.00,BLOCKED(조향OFF)|STOP,,0.46,0.00,7.6,7.1,3100
117.60,-6.274,-7.833,89.4,0.00,BLOCKED(조향OFF)|STOP,,0.52,0.00,7.3,7.1,3100
117.65,-6.275,-7.833,89.4,0.00,BLOCKED(조향OFF)|STOP,,0.60,0.00,7.3,7.1,3100
117.70,-6.275,-7.833,89.4,0.00,BLOCKED(조향OFF)|STOP,,0.60,0.00,7.2,7.1,3100
117.75,-6.276,-7.833,89.3,-0.01,BLOCKED(조향OFF)|STOP,,0.71,0.00,7.2,7.1,3108
117.80,-6.276,-7.833,89.3,-0.01,BLOCKED(조향OFF)|STOP,,0.71,0.00,7.2,7.1,3108
117.85,-6.278,-7.832,89.3,0.01,BLOCKED(조향OFF)|STOP,,0.83,0.00,7.2,7.1,3100
117.90,-6.278,-7.832,89.3,0.01,BLOCKED(조향OFF)|STOP,,0.83,0.00,7.2,7.1,3100
117.95,-6.280,-7.833,89.3,-0.01,BLOCKED(조향OFF)|STOP,,0.97,0.00,7.2,7.1,3100
118.00,-6.280,-7.833,89.3,-0.01,BLOCKED(조향OFF)|STOP,,0.97,0.00,7.1,7.1,3100
118.05,-6.280,-7.832,89.3,0.01,BLOCKED(조향OFF)|STOP,,2.82,0.00,7.1,7.1,3117
118.10,-6.280,-7.832,89.3,0.01,BLOCKED(조향OFF)|STOP,,2.82,0.00,7.1,7.1,3117
118.15,-6.278,-7.834,89.3,-0.02,BLOCKED(조향OFF)|STOP,,2.82,0.00,7.1,7.1,3100
118.20,-6.278,-7.834,89.3,-0.02,BLOCKED(조향OFF)|STOP,,2.82,0.00,7.2,7.1,3100
118.25,-6.277,-7.833,89.3,0.01,BLOCKED(조향OFF)|STOP,,2.82,0.00,7.2,7.1,3100
118.30,-6.277,-7.833,89.3,0.01,BLOCKED(조향OFF)|STOP,,2.82,0.00,7.2,7.1,3108
118.35,-6.278,-7.832,89.3,0.01,BLOCKED(조향OFF)|STOP,,2.82,0.00,7.2,7.1,3117
118.40,-6.278,-7.832,89.3,0.01,BLOCKED(조향OFF)|STOP,,2.82,0.00,7.2,7.1,3108
118.45,-6.278,-7.831,89.3,0.01,BLOCKED(조향OFF)|STOP,,2.82,0.00,7.2,7.1,3091
118.50,-6.278,-7.831,89.3,0.01,BLOCKED(조향OFF)|STOP,,2.82,0.00,7.2,7.1,3100
118.55,-6.283,-7.834,89.3,-0.03,BLOCKED(조향OFF)|STOP,,2.82,0.00,7.2,7.1,3100
118.60,-6.283,-7.834,89.3,-0.03,BLOCKED(조향OFF)|STOP,,2.82,0.00,7.2,7.1,3083
118.65,-6.281,-7.831,89.3,0.04,BLOCKED(조향OFF)|STOP,,2.82,0.00,7.1,7.1,3108
118.70,-6.281,-7.831,89.3,0.04,BLOCKED(조향OFF)|STOP,,2.82,0.00,7.2,7.1,3108
118.75,-6.278,-7.831,89.3,-0.00,BLOCKED(조향OFF)|STOP,,2.82,0.00,7.2,7.1,3091
118.80,-6.278,-7.831,89.3,-0.00,BLOCKED(조향OFF)|STOP,,2.82,0.00,7.2,7.1,3108
118.85,-6.281,-7.833,89.3,-0.02,BLOCKED(조향OFF)|STOP,,2.82,0.00,7.2,7.1,3091
118.90,-6.281,-7.833,89.4,-0.02,BLOCKED(조향OFF)|STOP,,2.82,0.00,7.1,7.1,3108
118.95,-6.279,-7.835,89.4,-0.02,BLOCKED(조향OFF)|STOP,,2.82,0.00,7.1,7.1,3100
119.00,-6.279,-7.835,89.3,-0.02,BLOCKED(조향OFF)|STOP,,2.82,0.00,7.1,7.1,3108
119.05,-6.279,-7.831,89.3,0.04,BLOCKED(ESCAPE)(조향OFF)|STOP,,999.00,0.00,7.2,7.1,3091
119.10,-6.279,-7.831,89.3,0.04,BLOCKED(ESCAPE)(조향OFF)|STOP,,999.00,0.00,7.3,7.1,3100
119.15,-6.279,-7.831,89.4,0.01,BLOCKED(ESCAPE)(조향OFF)|STOP,,999.00,0.00,7.3,7.1,3100
119.20,-6.279,-7.831,89.4,0.01,BLOCKED(ESCAPE)(조향OFF)|STOP,,999.00,0.00,7.1,7.1,3100
119.25,-6.278,-7.834,89.3,-0.03,BLOCKED(ESCAPE)(조향OFF)|STOP,,999.00,0.00,7.1,7.1,3083
119.30,-6.278,-7.834,89.3,-0.03,BLOCKED(ESCAPE)(조향OFF)|STOP,,999.00,0.00,7.3,7.1,3100
119.35,-6.278,-7.833,89.3,0.01,BLOCKED(ESCAPE)(조향OFF)|STOP,,999.00,0.00,7.2,7.1,3091
119.40,-6.278,-7.833,89.3,0.01,BLOCKED(ESCAPE)(조향OFF)|STOP,,999.00,0.00,7.2,7.1,3108
119.45,-6.278,-7.833,89.4,-0.01,BLOCKED(ESCAPE)(조향OFF)|STOP,,999.00,0.00,7.2,7.1,3083
119.50,-6.278,-7.833,89.4,-0.01,BLOCKED(ESCAPE)(조향OFF)|STOP,,999.00,0.00,7.2,7.1,3117
119.55,-6.279,-7.835,89.3,-0.01,BLOCKED(ESCAPE)(조향OFF)|STOP,,999.00,0.00,7.2,7.1,3100
119.60,-6.279,-7.835,89.3,-0.01,BLOCKED(ESCAPE)(조향OFF)|STOP,,999.00,0.00,7.2,7.1,3100
119.65,-6.279,-7.834,89.3,0.01,BLOCKED(ESCAPE)(조향OFF)|STOP,,999.00,0.05,7.1,7.1,3100
119.70,-6.279,-7.834,89.3,0.01,BLOCKED(ESCAPE)(조향OFF)|STOP,,999.00,0.10,7.1,7.1,3100
119.75,-6.278,-7.834,89.3,0.00,BLOCKED(ESCAPE)(조향OFF)|STOP,,999.00,0.15,7.1,7.1,3100
119.80,-6.278,-7.834,89.3,0.00,BLOCKED(ESCAPE)(조향OFF)|STOP,,999.00,0.20,7.1,7.1,3100
119.85,-6.278,-7.834,89.3,0.00,BLOCKED(ESCAPE)(조향OFF)|STOP,,999.00,0.25,7.1,7.1,3100
119.90,-6.278,-7.834,89.4,0.00,BLOCKED(ESCAPE)(조향OFF)|STOP,,999.00,0.30,7.2,7.1,3091
119.95,-6.274,-7.837,89.4,-0.03,BLOCKED(ESCAPE)(조향OFF)|STOP,,999.00,0.35,7.1,7.1,3108
120.00,-6.274,-7.837,89.4,-0.03,BLOCKED(ESCAPE)(조향OFF)|STOP,,999.00,0.38,7.3,7.1,3083
120.05,-6.275,-7.835,89.5,0.03,BLOCKED(ESCAPE)(조향OFF)|STOP,,999.00,0.38,7.3,7.1,3091
120.10,-6.275,-7.835,89.5,0.03,BLOCKED(ESCAPE)(조향OFF)|STOP,,999.00,0.38,7.2,7.1,3100
120.15,-6.277,-7.827,89.6,0.08,BLOCKED(ESCAPE)(조향OFF)|STOP,,999.00,0.38,7.2,7.1,3083
120.20,-6.277,-7.827,89.6,0.08,BLOCKED(ESCAPE)(조향OFF)|STOP,,999.00,0.38,7.3,7.1,3091
120.25,-6.279,-7.812,89.7,0.17,BLOCKED(ESCAPE)(조향OFF)|STOP,,999.00,0.38,7.2,7.1,3108
120.30,-6.279,-7.812,89.8,0.17,BLOCKED(ESCAPE)(조향OFF)|STOP,,999.00,0.38,7.5,7.1,3100
120.35,-6.283,-7.795,90.0,0.15,BLOCKED(ESCAPE)(조향OFF)|STOP,,999.00,0.38,7.4,7.1,3108
120.40,-6.283,-7.795,90.1,0.15,BLOCKED(ESCAPE)(조향OFF)|STOP,,999.00,0.38,7.3,7.1,3083
120.45,-6.290,-7.768,90.4,0.27,BLOCKED(ESCAPE)(조향OFF)|STOP,,999.00,0.38,7.1,7.1,3108
120.50,-6.290,-7.768,90.5,0.27,BLOCKED(ESCAPE)(조향OFF)|STOP,,999.00,0.38,7.3,7.1,3091
120.55,-6.296,-7.737,90.6,0.28,BLOCKED(ESCAPE)(조향OFF)|STOP,,999.00,0.38,7.1,7.1,3083
120.60,-6.296,-7.737,90.7,0.28,BLOCKED(ESCAPE)(조향OFF)|STOP,,999.00,0.38,7.0,7.1,3100
120.65,-6.299,-7.709,90.7,0.32,BLOCKED(ESCAPE)(조향OFF)|STOP,,999.00,0.38,7.0,7.1,3108
120.70,-6.299,-7.709,90.9,0.32,BLOCKED(ESCAPE)(조향OFF)|STOP,,999.00,0.38,7.3,7.1,3091
120.75,-6.304,-7.672,91.2,0.33,BLOCKED(ESCAPE)(조향OFF)|STOP,,999.00,0.38,7.1,7.1,3108
120.80,-6.304,-7.672,91.4,0.33,BLOCKED(ESCAPE)(조향OFF)|STOP,,999.00,0.38,7.0,7.1,3100
120.85,-6.313,-7.632,91.7,0.45,BLOCKED(ESCAPE)(조향OFF)|STOP,,999.00,0.38,6.8,7.1,3091
120.90,-6.313,-7.632,91.8,0.45,BLOCKED(ESCAPE)(조향OFF)|STOP,,999.00,0.38,7.0,7.1,3108
120.95,-6.320,-7.589,92.1,0.43,BLOCKED(ESCAPE)(조향OFF)|STOP,,999.00,0.38,6.8,7.1,3100
121.00,-6.320,-7.589,92.2,0.43,BLOCKED(ESCAPE)(조향OFF)|STOP,,999.00,0.38,6.8,7.1,3083
121.05,-6.332,-7.539,92.5,0.51,BLOCKED(ESCAPE)(조향OFF)|STOP,,999.00,0.38,6.6,7.1,3117
121.10,-6.332,-7.539,92.7,0.51,AVOID(조향OFF)|LEFT,,8.00,0.38,6.8,7.1,3108
121.15,-6.345,-7.488,93.1,0.51,AVOID(조향OFF)|LEFT,,8.00,0.38,6.5,7.1,3083
121.20,-6.345,-7.488,93.3,0.51,AVOID(조향OFF)|LEFT,,8.00,0.39,7.7,7.1,3108
121.25,-6.356,-7.436,93.7,0.48,AVOID(조향OFF)|LEFT,,8.00,0.39,7.4,7.1,3117
121.30,-6.356,-7.436,94.0,0.48,AVOID(조향OFF)|LEFT,,8.00,0.39,7.3,7.1,3100
121.35,-6.366,-7.381,94.3,0.62,AVOID(조향OFF)|LEFT,,8.00,0.39,7.1,7.1,3100
121.40,-6.366,-7.381,94.4,0.62,AVOID(조향OFF)|LEFT,,8.00,0.39,7.4,7.1,3100
121.45,-6.383,-7.319,94.8,0.63,AVOID(조향OFF)|LEFT,,8.00,0.39,7.3,7.1,3100
121.50,-6.383,-7.319,95.0,0.63,AVOID(조향OFF)|LEFT,,8.00,0.39,7.5,7.1,3100
121.55,-6.393,-7.270,95.4,0.45,AVOID(조향OFF)|LEFT,,8.00,0.39,7.1,7.1,3108
121.60,-6.393,-7.270,95.6,0.45,AVOID(조향OFF)|LEFT,,8.00,0.39,6.9,7.1,3083
121.65,-6.407,-7.203,96.0,0.68,AVOID(조향OFF)|LEFT,,8.00,0.39,6.4,7.1,3108
121.70,-6.407,-7.203,96.2,0.68,AVOID(조향OFF)|LEFT,,8.00,0.39,6.2,7.1,3108
121.75,-6.420,-7.140,96.6,0.65,AVOID(조향OFF)|LEFT,,8.00,0.39,6.8,7.1,3091
121.80,-6.420,-7.140,96.9,0.65,AVOID(조향OFF)|LEFT,,8.00,0.39,6.6,7.1,3091
121.85,-6.444,-7.078,97.2,0.64,AVOID(조향OFF)|LEFT,,8.00,0.39,6.5,7.1,3091
121.90,-6.444,-7.078,97.4,0.64,AVOID(조향OFF)|LEFT,,8.00,0.39,6.4,7.1,3108
121.95,-6.464,-7.011,98.1,0.78,AVOID(조향OFF)|LEFT,,8.00,0.39,6.1,7.1,3108
122.00,-6.464,-7.011,98.4,0.78,BLOCKED(조향OFF)|STOP,,3.80,0.38,7.4,7.1,3108
122.05,-6.483,-6.936,98.9,0.77,BLOCKED(조향OFF)|STOP,,3.38,0.38,7.0,7.1,3100
122.10,-6.483,-6.936,99.1,0.77,BLOCKED(조향OFF)|STOP,,3.38,0.38,7.1,7.1,3100
122.15,-6.515,-6.857,99.6,0.75,BLOCKED(조향OFF)|STOP,,3.28,0.38,6.9,7.2,3091
122.20,-6.515,-6.857,99.8,0.75,BLOCKED(조향OFF)|STOP,,3.28,0.38,6.7,7.1,3100
122.25,-6.533,-6.783,100.3,0.85,BLOCKED(조향OFF)|STOP,,3.30,0.38,6.5,7.1,3100
122.30,-6.533,-6.783,100.5,0.85,BLOCKED(조향OFF)|STOP,,3.30,0.38,6.9,7.2,3100
122.35,-6.552,-6.706,101.0,0.72,BLOCKED(조향OFF)|STOP,,3.24,0.38,6.6,7.1,3091
122.40,-6.552,-6.706,101.2,0.72,BLOCKED(조향OFF)|STOP,,3.24,0.38,6.4,7.1,3083
122.45,-6.583,-6.629,101.7,0.82,BLOCKED(조향OFF)|STOP,,3.17,0.38,6.2,7.1,3100
122.50,-6.583,-6.629,101.9,0.82,BLOCKED(조향OFF)|STOP,,3.17,0.38,6.1,7.1,3108
122.55,-6.610,-6.549,102.4,0.76,BLOCKED(조향OFF)|STOP,,3.14,0.38,6.1,7.1,3100
122.60,-6.610,-6.549,102.6,0.76,BLOCKED(조향OFF)|STOP,,3.14,0.38,5.9,7.2,3083
122.65,-6.610,-6.549,103.1,0.76,BLOCKED(조향OFF)|STOP,,3.00,0.39,6.4,7.1,3108
122.70,-6.610,-6.549,103.4,0.76,BLOCKED(조향OFF)|STOP,,3.00,0.39,6.2,7.1,3100
122.75,-6.673,-6.392,103.9,0.93,BLOCKED(조향OFF)|STOP,,3.02,0.39,5.9,7.1,3091
122.80,-6.673,-6.392,104.2,0.93,BLOCKED(조향OFF)|STOP,,3.02,0.39,6.1,7.1,3108
122.85,-6.703,-6.309,104.7,0.80,BLOCKED(조향OFF)|STOP,,3.02,0.39,5.7,7.1,3083
122.90,-6.703,-6.309,104.8,0.80,BLOCKED(조향OFF)|STOP,,2.86,0.39,5.5,7.1,3100
122.95,-6.736,-6.222,104.9,1.04,BLOCKED(조향OFF)|STOP,,2.86,0.39,5.5,7.1,3100
123.00,-6.736,-6.222,105.4,1.04,AVOID(조향OFF)|LEFT,,8.00,0.39,5.8,6.9,3125
123.05,-6.777,-6.145,106.5,0.77,AVOID(조향OFF)|LEFT,,8.00,0.39,5.4,6.6,3143
123.10,-6.777,-6.145,106.5,0.77,AVOID(조향OFF)|LEFT,,8.00,0.39,4.9,6.6,3160
123.15,-6.837,-6.081,107.1,0.87,AVOID(조향OFF)|LEFT,,8.00,0.38,4.4,6.6,3160
123.20,-6.837,-6.081,107.5,0.87,AVOID(조향OFF)|LEFT,,8.00,0.38,3.3,6.6,3169
123.25,-6.858,-5.985,108.1,0.98,AVOID(조향OFF)|LEFT,,8.00,0.38,2.5,6.6,3169
123.30,-6.858,-5.985,108.3,0.98,AVOID(조향OFF)|LEFT,,8.00,0.38,2.9,6.3,3196
123.35,-6.891,-5.900,108.9,0.90,AVOID(조향OFF)|LEFT,,8.00,0.38,2.4,5.8,3242
123.40,-6.891,-5.900,109.1,0.90,AVOID(조향OFF)|LEFT,,8.00,0.38,2.2,5.3,3309
123.45,-6.937,-5.821,109.6,0.91,AVOID(조향OFF)|LEFT,,8.00,0.38,1.7,5.0,3349
123.50,-6.937,-5.821,109.8,0.91,AVOID(조향OFF)|LEFT,,8.00,0.38,0.7,4.7,3420
123.55,-6.974,-5.737,110.3,0.82,AVOID(조향OFF)|LEFT,,8.00,0.38,0.2,4.2,3451
123.60,-6.974,-5.737,110.4,0.82,CLEAR(조향OFF)|STRAIGHT,,999.00,0.38,-0.2,3.7,3549
123.65,-7.014,-5.645,110.6,1.01,CLEAR(조향OFF)|STRAIGHT,,999.00,0.38,-0.8,3.4,3583
123.70,-7.014,-5.645,110.7,1.01,CLEAR(조향OFF)|STRAIGHT,,999.00,0.38,-0.9,3.0,3641
123.75,-7.060,-5.554,110.8,1.12,CLEAR(조향OFF)|STRAIGHT,,999.00,0.40,-1.8,2.6,3713
123.80,-7.060,-5.554,110.8,1.12,AVOID(조향OFF)|LEFT,,8.00,0.40,-3.0,2.1,3788
123.85,-7.119,-5.470,110.9,0.99,AVOID(조향OFF)|LEFT,,8.00,0.40,-3.1,1.8,3840
123.90,-7.119,-5.470,110.9,0.99,AVOID(조향OFF)|LEFT,,8.00,0.40,-5.4,1.1,3934
123.95,-7.166,-5.387,110.8,0.94,AVOID(조향OFF)|LEFT,,8.00,0.40,-6.3,0.5,4018
124.00,-7.166,-5.387,110.8,0.94,AVOID(조향OFF)|LEFT,,8.00,0.40,-8.5,-0.0,4121
124.05,-7.219,-5.297,110.7,1.03,AVOID(조향OFF)|LEFT,,8.00,0.40,-9.2,-1.3,4230
124.10,-7.219,-5.297,110.6,1.03,AVOID(조향OFF)|LEFT,,8.00,0.37,-11.5,-2.3,4378
124.15,-7.219,-5.297,110.2,1.03,AVOID(조향OFF)|LEFT,,8.00,0.37,-13.7,-3.7,4483
124.20,-7.219,-5.297,110.0,1.03,AVOID(조향OFF)|LEFT,,8.00,0.37,-13.5,-5.1,4650
124.25,-7.304,-5.111,109.4,0.50,AVOID(조향OFF)|LEFT,,8.00,0.37,-12.7,-6.7,4788
124.30,-7.304,-5.111,109.0,0.50,AVOID(조향OFF)|LEFT,,8.00,0.37,-15.0,-8.1,4871
124.35,-7.344,-5.015,108.2,1.04,BLOCKED(조향OFF)|STOP,,3.39,0.37,-17.2,-9.4,4957
124.40,-7.344,-5.015,107.8,1.04,BLOCKED(조향OFF)|STOP,,3.39,0.37,-18.0,-9.9,5001
124.45,-7.384,-4.918,106.8,1.04,BLOCKED(조향OFF)|STOP,,3.42,0.37,-18.0,-10.4,5023
124.50,-7.384,-4.918,106.2,1.04,BLOCKED(조향OFF)|STOP,,3.42,0.37,-18.0,-11.7,5046
124.55,-7.412,-4.819,105.1,0.85,BLOCKED(조향OFF)|STOP,,3.38,0.37,-18.0,-12.6,5068
124.60,-7.412,-4.819,104.4,0.85,BLOCKED(조향OFF)|STOP,,3.38,0.37,-18.0,-13.3,5068
124.65,-7.444,-4.720,103.0,1.15,BLOCKED(조향OFF)|STOP,,3.35,0.28,-15.8,-13.7,5091
124.70,-7.444,-4.720,102.4,1.15,BLOCKED(조향OFF)|STOP,,3.35,0.19,-13.5,-14.0,5091
124.75,-7.473,-4.615,101.0,1.20,BLOCKED(조향OFF)|STOP,,3.50,0.10,-11.2,-14.1,5091
124.80,-7.473,-4.615,100.3,1.20,BLOCKED(조향OFF)|STOP,,3.50,0.01,-9.0,-14.1,5115
124.85,-7.494,-4.513,99.0,0.94,BLOCKED(조향OFF)|STOP,,3.48,0.00,-6.8,-14.2,5091
124.90,-7.494,-4.513,98.4,0.94,BLOCKED(조향OFF)|STOP,,3.39,0.00,-4.5,-14.2,5091
124.95,-7.505,-4.407,97.2,1.07,BLOCKED(조향OFF)|STOP,,3.39,0.00,-2.2,-12.0,5091
125.00,-7.505,-4.407,96.7,1.07,BLOCKED(조향OFF)|STOP,,3.32,0.00,0.0,-10.1,5068
125.05,-7.520,-4.298,96.0,1.10,BLOCKED(조향OFF)|STOP,,3.32,0.00,0.0,-8.2,5023
125.10,-7.520,-4.298,95.7,1.10,BLOCKED(조향OFF)|STOP,,3.41,0.00,0.0,-5.9,4913
125.15,-7.526,-4.196,95.3,1.02,BLOCKED(조향OFF)|STOP,,3.41,0.00,0.0,-3.7,4768
125.20,-7.526,-4.196,95.1,1.02,BLOCKED(조향OFF)|STOP,,3.16,0.00,0.0,-2.4,4630
125.25,-7.538,-4.105,95.0,0.92,BLOCKED(조향OFF)|STOP,,3.16,0.00,0.0,-1.8,4537
125.30,-7.538,-4.105,94.9,0.92,BLOCKED(조향OFF)|STOP,,3.26,0.00,0.0,-1.8,4501
125.35,-7.554,-4.014,94.7,0.91,BLOCKED(조향OFF)|STOP,,3.26,0.00,0.0,-1.8,4501
125.40,-7.554,-4.014,94.6,0.91,BLOCKED(조향OFF)|STOP,,3.34,0.00,0.0,-1.8,4501
125.45,-7.575,-3.926,94.4,0.90,BLOCKED(조향OFF)|STOP,,3.34,0.00,0.0,-1.8,4465
125.50,-7.575,-3.926,94.3,0.90,BLOCKED(조향OFF)|STOP,,3.31,0.00,0.0,-1.8,4465
125.55,-7.584,-3.843,94.2,0.76,BLOCKED(조향OFF)|STOP,,3.31,0.00,0.0,-1.9,4447
125.60,-7.584,-3.843,94.1,0.76,BLOCKED(조향OFF)|STOP,,3.34,0.00,0.0,-1.8,4447
125.65,-7.595,-3.762,94.0,1.02,BLOCKED(조향OFF)|STOP,,3.34,0.00,0.0,-1.8,4447
125.70,-7.595,-3.762,93.9,1.02,BLOCKED(조향OFF)|STOP,,3.20,0.00,0.0,-1.8,4447
125.75,-7.608,-3.685,93.7,0.71,BLOCKED(조향OFF)|STOP,,3.20,0.00,0.0,-1.8,4430
125.80,-7.608,-3.685,93.7,0.71,BLOCKED(조향OFF)|STOP,,3.06,0.00,0.0,-1.4,4430
125.85,-7.619,-3.615,93.5,0.71,BLOCKED(조향OFF)|STOP,,3.06,0.00,0.0,-1.2,4395
125.90,-7.619,-3.615,93.5,0.71,BLOCKED(조향OFF)|STOP,,3.07,0.00,0.0,-1.3,4378
125.95,-7.628,-3.546,93.4,0.69,BLOCKED(조향OFF)|STOP,,3.19,0.00,0.0,-1.2,4395
126.00,-7.628,-3.546,93.3,0.69,BLOCKED(조향OFF)|STOP,,3.19,0.00,0.0,-1.2,4361
126.05,-7.638,-3.478,93.2,0.68,BLOCKED(조향OFF)|STOP,,3.02,0.00,0.0,-1.3,4395
126.10,-7.638,-3.478,93.2,0.68,BLOCKED(조향OFF)|STOP,,3.02,0.00,0.0,-1.2,4395
126.15,-7.651,-3.417,93.1,0.62,BLOCKED(조향OFF)|STOP,,3.17,0.00,0.0,-1.2,4378
126.20,-7.651,-3.417,93.1,0.62,BLOCKED(조향OFF)|STOP,,3.17,0.00,0.0,-1.3,4378
126.25,-7.655,-3.360,93.0,0.57,BLOCKED(조향OFF)|STOP,,3.12,0.00,0.0,-1.3,4378
126.30,-7.655,-3.360,93.0,0.57,BLOCKED(조향OFF)|STOP,,3.12,0.00,0.0,-1.2,4361
126.35,-7.660,-3.302,92.9,0.58,BLOCKED(조향OFF)|STOP,,3.13,0.00,0.0,-1.3,4361
126.40,-7.660,-3.302,92.8,0.58,BLOCKED(조향OFF)|STOP,,3.13,0.00,0.0,-1.2,4378
126.45,-7.672,-3.255,92.8,0.53,BLOCKED(조향OFF)|STOP,,3.09,0.00,0.0,-1.2,4378
126.50,-7.672,-3.255,92.7,0.53,BLOCKED(조향OFF)|STOP,,3.09,0.00,0.0,-1.3,4378
126.55,-7.678,-3.208,92.7,0.46,BLOCKED(조향OFF)|STOP,,3.17,0.00,0.0,-1.2,4378
126.60,-7.678,-3.208,92.8,0.46,BLOCKED(조향OFF)|STOP,,3.17,0.00,0.0,-1.2,4361
126.65,-7.684,-3.166,92.5,0.39,BLOCKED(조향OFF)|STOP,,3.10,0.00,0.0,-1.3,4378
126.70,-7.684,-3.166,92.5,0.39,BLOCKED(조향OFF)|STOP,,3.10,0.00,0.0,-1.2,4361
126.75,-7.690,-3.130,92.5,0.40,BLOCKED(조향OFF)|STOP,,3.10,0.00,0.0,-1.3,4378
126.80,-7.690,-3.130,92.4,0.40,BLOCKED(조향OFF)|STOP,,3.16,0.00,0.0,-1.3,4361
126.85,-7.694,-3.099,92.3,0.31,BLOCKED(조향OFF)|STOP,,3.16,0.00,0.0,-1.2,4361
126.90,-7.694,-3.099,92.2,0.31,BLOCKED(조향OFF)|STOP,,3.16,0.00,0.0,-1.2,4361
126.95,-7.698,-3.067,92.2,0.32,BLOCKED(조향OFF)|STOP,,3.16,0.00,0.0,-1.3,4378
127.00,-7.698,-3.067,92.1,0.32,BLOCKED(조향OFF)|STOP,,3.20,0.00,0.0,-1.2,4361
127.05,-7.704,-3.036,92.1,0.28,BLOCKED(조향OFF)|STOP,,3.20,0.00,0.0,-1.3,4378
127.10,-7.704,-3.036,92.0,0.28,BLOCKED(조향OFF)|STOP,,3.22,0.00,0.0,-1.3,4378
127.15,-7.705,-3.012,92.0,0.28,BLOCKED(조향OFF)|STOP,,3.22,0.00,0.0,-1.3,4361
127.20,-7.705,-3.012,92.0,0.28,BLOCKED(조향OFF)|STOP,,3.27,0.00,0.0,-1.3,4378
127.25,-7.709,-2.988,91.9,0.24,BLOCKED(조향OFF)|STOP,,3.27,0.00,0.0,-1.2,4378
127.30,-7.709,-2.988,91.9,0.24,BLOCKED(조향OFF)|STOP,,3.29,0.00,0.0,-1.2,4361
127.35,-7.712,-2.970,91.8,0.18,BLOCKED(조향OFF)|STOP,,3.29,0.00,0.0,-1.2,4378
127.40,-7.712,-2.970,91.8,0.18,BLOCKED(조향OFF)|STOP,,3.31,0.00,0.0,-1.2,4378
127.45,-7.712,-2.958,91.8,0.12,BLOCKED(조향OFF)|STOP,,3.31,0.00,0.0,-1.2,4361
127.50,-7.712,-2.958,91.7,0.12,BLOCKED(조향OFF)|STOP,,3.38,0.00,0.0,-1.2,4378
127.55,-7.714,-2.949,91.7,0.08,BLOCKED(조향OFF)|STOP,,3.38,0.00,0.0,-1.2,4361
127.60,-7.714,-2.949,91.7,0.08,BLOCKED(조향OFF)|STOP,,3.39,0.00,0.0,-1.3,4361
127.65,-7.715,-2.945,91.7,0.05,BLOCKED(조향OFF)|STOP,,3.42,0.00,0.0,-1.2,4378
127.70,-7.715,-2.945,91.7,0.05,BLOCKED(조향OFF)|STOP,,3.42,0.00,0.0,-1.2,4361
127.75,-7.714,-2.944,91.7,0.01,BLOCKED(조향OFF)|STOP,,3.42,0.00,0.0,-1.2,4361
127.80,-7.714,-2.944,91.7,0.01,BLOCKED(조향OFF)|STOP,,3.42,0.00,0.0,-1.2,4378
127.85,-7.715,-2.946,91.7,-0.02,BLOCKED(조향OFF)|STOP,,3.42,0.00,0.0,-1.2,4378
127.90,-7.715,-2.946,91.7,-0.02,BLOCKED(조향OFF)|STOP,,3.42,0.00,0.0,-1.2,4344
127.95,-7.715,-2.950,91.7,-0.04,BLOCKED(조향OFF)|STOP,,3.42,0.00,0.0,-1.2,4361
128.00,-7.715,-2.950,91.7,-0.04,BLOCKED(조향OFF)|STOP,,3.42,0.00,0.0,-1.3,4378
128.05,-7.714,-2.951,91.7,-0.01,BLOCKED(조향OFF)|STOP,,3.42,0.00,0.0,-1.2,4361
128.10,-7.714,-2.951,91.7,-0.01,BLOCKED(조향OFF)|STOP,,3.42,0.00,0.0,-1.2,4395
128.15,-7.712,-2.953,91.7,-0.02,BLOCKED(조향OFF)|STOP,,3.42,0.00,0.0,-1.2,4361
128.20,-7.712,-2.953,91.7,-0.02,BLOCKED(조향OFF)|STOP,,3.42,0.00,0.0,-1.3,4378
128.25,-7.713,-2.952,91.7,0.01,BLOCKED(조향OFF)|STOP,,3.42,0.00,0.0,-1.2,4378
128.30,-7.713,-2.952,91.7,0.01,BLOCKED(조향OFF)|STOP,,3.42,0.00,0.0,-1.2,4378
128.35,-7.711,-2.953,91.7,-0.01,BLOCKED(조향OFF)|STOP,,3.42,0.00,0.0,-1.2,4378
128.40,-7.711,-2.953,91.7,-0.01,BLOCKED(조향OFF)|STOP,,3.42,0.00,0.0,-1.3,4361
128.45,-7.710,-2.952,91.7,0.01,BLOCKED(조향OFF)|STOP,,3.42,0.00,0.0,-1.4,4361
128.50,-7.710,-2.952,91.7,0.01,BLOCKED(조향OFF)|STOP,,3.42,0.00,0.0,-1.2,4378
128.55,-7.709,-2.954,91.7,-0.02,BLOCKED(조향OFF)|STOP,,3.42,0.00,0.0,-1.2,4361
128.60,-7.709,-2.954,91.7,-0.02,BLOCKED(조향OFF)|STOP,,3.42,0.00,0.0,-1.2,4361
128.65,-7.708,-2.955,91.7,-0.01,BLOCKED(조향OFF)|STOP,,3.42,0.00,0.0,-1.2,4378
128.70,-7.708,-2.955,91.7,-0.01,BLOCKED(조향OFF)|STOP,,3.42,0.00,0.0,-1.3,4361
128.75,-7.710,-2.954,91.7,0.01,BLOCKED(조향OFF)|STOP,,3.42,0.00,0.0,-1.3,4378
128.80,-7.710,-2.954,91.7,0.01,BLOCKED(조향OFF)|STOP,,3.42,0.00,0.0,-1.3,4378
128.85,-7.710,-2.955,91.7,-0.01,BLOCKED(조향OFF)|STOP,,3.42,0.00,0.0,-1.2,4361
128.90,-7.710,-2.955,91.7,-0.01,BLOCKED(조향OFF)|STOP,,3.42,0.00,0.0,-1.2,4378
128.95,-7.711,-2.952,91.8,0.03,BLOCKED(조향OFF)|STOP,,3.42,0.00,0.0,-1.2,4378
129.00,-7.711,-2.952,91.8,0.03,BLOCKED(조향OFF)|STOP,,3.42,0.00,0.0,-1.3,4378
129.05,-7.713,-2.952,91.8,-0.00,BLOCKED(조향OFF)|STOP,,3.42,0.00,0.0,-1.3,4378
129.10,-7.713,-2.952,91.8,-0.00,BLOCKED(조향OFF)|STOP,,3.42,0.00,0.0,-1.2,4378
129.15,-7.712,-2.953,91.8,-0.01,BLOCKED(조향OFF)|STOP,,3.42,0.00,0.0,-1.2,4378
129.20,-7.712,-2.953,91.8,-0.01,BLOCKED(조향OFF)|STOP,,3.42,0.00,0.0,-1.3,4378
129.25,-7.713,-2.956,91.8,-0.02,BLOCKED(조향OFF)|STOP,,3.42,0.00,0.0,-1.2,4361
129.30,-7.713,-2.956,91.8,-0.02,BLOCKED(조향OFF)|STOP,,3.42,0.00,0.0,-1.3,4395
129.35,-7.712,-2.956,91.8,-0.01,BLOCKED(조향OFF)|STOP,,3.41,0.00,0.0,-1.3,4378
129.40,-7.712,-2.956,91.8,-0.01,BLOCKED(조향OFF)|STOP,,3.41,0.00,0.0,-1.3,4361
129.45,-7.712,-2.954,91.8,0.02,BLOCKED(조향OFF)|STOP,,3.42,0.00,0.0,-1.3,4378
129.50,-7.712,-2.954,91.8,0.02,BLOCKED(조향OFF)|STOP,,3.42,0.00,0.0,-1.3,4361
129.55,-7.711,-2.954,91.8,0.00,BLOCKED(조향OFF)|STOP,,3.40,0.00,0.0,-1.2,4361
129.60,-7.711,-2.954,91.8,0.00,BLOCKED(조향OFF)|STOP,,3.40,0.00,0.0,-1.3,4378
129.65,-7.712,-2.954,91.8,0.01,BLOCKED(조향OFF)|STOP,,3.36,0.00,0.0,-1.2,4378
129.70,-7.712,-2.954,91.8,0.01,BLOCKED(조향OFF)|STOP,,3.32,0.00,0.0,-1.3,4361
129.75,-7.711,-2.953,91.8,0.01,BLOCKED(조향OFF)|STOP,,3.32,0.00,0.0,-1.2,4378
129.80,-7.711,-2.953,91.8,0.01,BLOCKED(조향OFF)|STOP,,3.32,0.00,0.0,-1.2,4378
129.85,-7.712,-2.951,91.9,0.01,BLOCKED(조향OFF)|STOP,,3.32,0.00,0.0,-1.3,4361
129.90,-7.712,-2.951,91.8,0.01,BLOCKED(조향OFF)|STOP,,3.33,0.00,0.0,-1.3,4378
129.95,-7.713,-2.952,91.9,-0.01,BLOCKED(조향OFF)|STOP,,3.33,0.00,0.0,-1.2,4378
130.00,-7.713,-2.952,91.9,-0.01,BLOCKED(조향OFF)|STOP,,3.34,0.00,0.0,-1.2,4378
130.05,-7.713,-2.950,91.9,0.02,BLOCKED(조향OFF)|STOP,,3.34,0.00,0.0,-1.3,4361
130.10,-7.713,-2.950,91.9,0.02,BLOCKED(조향OFF)|STOP,,3.34,0.00,0.0,-1.3,4378
130.15,-7.715,-2.952,91.9,-0.02,BLOCKED(조향OFF)|STOP,,3.34,0.00,0.0,-1.2,4361
130.20,-7.715,-2.952,91.9,-0.02,BLOCKED(조향OFF)|STOP,,3.34,0.00,0.0,-1.3,4378
130.25,-7.714,-2.953,91.9,-0.01,BLOCKED(조향OFF)|STOP,,3.34,0.00,0.0,-1.2,4361
130.30,-7.714,-2.953,91.9,-0.01,BLOCKED(조향OFF)|STOP,,3.34,0.00,0.0,-1.3,4378
130.35,-7.714,-2.954,91.9,-0.02,BLOCKED(조향OFF)|STOP,,3.34,0.00,0.0,-1.3,4378
130.40,-7.714,-2.954,91.9,-0.02,BLOCKED(조향OFF)|STOP,,3.34,0.00,0.0,-1.3,4378
130.45,-7.714,-2.954,91.9,-0.02,BLOCKED(조향OFF)|STOP,,3.34,0.00,0.0,-1.3,4378
130.50,-7.714,-2.954,91.9,-0.02,BLOCKED(조향OFF)|STOP,,3.34,0.00,0.0,-1.3,4378
130.55,-7.714,-2.954,91.9,-0.02,BLOCKED(조향OFF)|STOP,,3.34,0.00,0.0,-1.3,4378
130.60,-7.714,-2.954,91.9,-0.02,BLOCKED(조향OFF)|STOP,,3.34,0.00,0.0,-1.3,4378
130.65,-7.714,-2.954,91.9,-0.02,BLOCKED(조향OFF)|STOP,,3.34,0.00,0.0,-1.3,4378
130.70,-7.714,-2.954,91.9,-0.02,BLOCKED(조향OFF)|STOP,,3.34,0.00,0.0,-1.3,4378
130.75,-7.714,-2.954,91.9,-0.02,BLOCKED(조향OFF)|STOP,,3.34,0.00,0.0,-1.3,4378
130.80,-7.714,-2.954,91.9,-0.02,BLOCKED(조향OFF)|STOP,,3.34,0.00,0.0,-1.3,4378
130.85,-7.714,-2.954,91.9,-0.02,BLOCKED(조향OFF)|STOP,,3.34,0.00,0.0,-1.3,4378
130.90,-7.714,-2.954,91.9,-0.02,BLOCKED(조향OFF)|STOP,,3.34,0.00,0.0,-1.3,4378
130.95,-7.714,-2.954,91.9,-0.02,BLOCKED(조향OFF)|STOP,,3.34,0.00,0.0,-1.3,4378
131.00,-7.714,-2.954,91.9,-0.02,BLOCKED(조향OFF)|STOP,,3.34,0.00,0.0,-1.3,4378
131.05,-7.714,-2.954,91.9,-0.02,BLOCKED(조향OFF)|STOP,,3.34,0.00,0.0,-1.3,4378
131.10,-7.714,-2.954,91.9,-0.02,BLOCKED(조향OFF)|STOP,,3.34,0.00,0.0,-1.3,4378
131.15,-7.714,-2.954,91.9,-0.02,BLOCKED(조향OFF)|STOP,,3.34,0.00,0.0,-1.3,4378
131.20,-7.714,-2.954,91.9,-0.02,BLOCKED(조향OFF)|STOP,,3.34,0.00,0.0,-1.3,4378
131.25,-7.714,-2.954,91.9,-0.02,BLOCKED(조향OFF)|STOP,,3.34,0.00,0.0,-1.3,4378
131.30,-7.714,-2.954,91.9,-0.02,BLOCKED(조향OFF)|STOP,,3.34,0.00,0.0,-1.3,4378
131.35,-7.714,-2.954,91.9,-0.02,BLOCKED(조향OFF)|STOP,,3.34,0.00,0.0,-1.3,4378
131.40,-7.714,-2.954,91.9,-0.02,BLOCKED(조향OFF)|STOP,,3.34,0.00,0.0,-1.3,4378
131.45,-7.714,-2.954,91.9,-0.02,BLOCKED(조향OFF)|STOP,,3.34,0.00,0.0,-1.3,4378
131.50,-7.714,-2.954,91.9,-0.02,BLOCKED(조향OFF)|STOP,,3.34,0.00,0.0,-1.3,4378
131.55,-7.714,-2.954,91.9,-0.02,BLOCKED(조향OFF)|STOP,,3.34,0.00,0.0,-1.3,4378
131.60,-7.714,-2.954,91.9,-0.02,BLOCKED(조향OFF)|STOP,,3.34,0.00,0.0,-1.3,4378
131.65,-7.714,-2.954,91.9,-0.02,BLOCKED(조향OFF)|STOP,,3.34,0.00,0.0,-1.3,4378
