t,x,y,yaw_deg,v,mode,avoid_steer_deg,obstacle_m,cmd_v,cmd_steer_deg,steer_actual_deg,vcc_mv
1.50,-15.718,-3.511,105.0,0.02,-,,,0.00,0.0,,0
1.55,-15.718,-3.511,105.0,0.02,-,,,0.00,0.0,,0
1.60,-15.716,-3.509,105.0,0.01,-,,,0.00,0.0,,0
1.65,-15.716,-3.509,105.0,0.01,CLEAR(조향OFF)|STRAIGHT,,999.00,0.00,0.0,,0
1.70,-15.717,-3.507,105.0,0.02,CLEAR(조향OFF)|STRAIGHT,,999.00,0.00,0.0,,0
1.75,-15.717,-3.507,105.0,0.02,CLEAR(조향OFF)|STRAIGHT,,999.00,0.00,0.0,,0
1.80,-15.715,-3.503,105.0,0.04,CLEAR(조향OFF)|STRAIGHT,,999.00,0.00,0.0,,0
1.85,-15.715,-3.503,105.0,0.04,CLEAR(조향OFF)|STRAIGHT,,999.00,0.00,0.0,,0
1.90,-15.715,-3.503,105.0,0.00,CLEAR(조향OFF)|STRAIGHT,,999.00,0.00,0.0,,0
1.95,-15.715,-3.503,105.0,0.00,CLEAR(조향OFF)|STRAIGHT,,999.00,0.00,0.0,,0
2.00,-15.715,-3.501,105.0,0.02,CLEAR(조향OFF)|STRAIGHT,,999.00,0.00,0.0,,0
2.05,-15.715,-3.501,105.0,0.02,CLEAR(조향OFF)|STRAIGHT,,999.00,0.00,0.0,,0
2.10,-15.714,-3.500,105.0,0.01,CLEAR(조향OFF)|STRAIGHT,,999.00,0.00,0.0,,0
2.15,-15.714,-3.500,105.0,0.01,CLEAR(조향OFF)|STRAIGHT,,999.00,0.00,0.0,,0
2.20,-15.714,-3.498,105.0,0.02,CLEAR(조향OFF)|STRAIGHT,,999.00,0.00,0.0,,0
2.25,-15.714,-3.498,105.0,0.02,CLEAR(조향OFF)|STRAIGHT,,999.00,0.00,0.0,,0
2.30,-15.714,-3.496,105.0,0.01,CLEAR(조향OFF)|STRAIGHT,,999.00,0.00,0.0,,0
2.35,-15.714,-3.496,105.0,0.01,CLEAR(조향OFF)|STRAIGHT,,999.00,0.00,0.0,,0
2.40,-15.715,-3.494,105.0,0.03,CLEAR(조향OFF)|STRAIGHT,,999.00,0.00,0.0,,0
2.45,-15.715,-3.494,105.0,0.03,CLEAR(조향OFF)|STRAIGHT,,999.00,0.00,0.0,,0
2.50,-15.713,-3.492,105.0,0.01,CLEAR(조향OFF)|STRAIGHT,,999.00,0.00,0.0,,0
2.55,-15.713,-3.492,105.0,0.01,CLEAR(조향OFF)|STRAIGHT,,999.00,0.00,0.0,,0
2.60,-15.712,-3.490,105.0,0.01,CLEAR(조향OFF)|STRAIGHT,,999.00,0.00,0.0,,0
2.65,-15.712,-3.490,105.0,0.01,CLEAR(조향OFF)|STRAIGHT,,999.00,0.00,0.0,,0
2.70,-15.714,-3.487,105.0,0.04,CLEAR(조향OFF)|STRAIGHT,,999.00,0.00,0.0,,0
2.75,-15.714,-3.487,105.0,0.04,CLEAR(조향OFF)|STRAIGHT,,999.00,0.00,0.0,,0
2.80,-15.710,-3.489,105.0,-0.03,CLEAR(조향OFF)|STRAIGHT,,999.00,0.00,0.0,,0
2.85,-15.710,-3.489,105.0,-0.03,CLEAR(조향OFF)|STRAIGHT,,999.00,0.00,0.0,,0
2.90,-15.710,-3.489,105.0,-0.03,CLEAR(조향OFF)|STRAIGHT,,999.00,0.00,0.0,,0
2.95,-15.711,-3.483,105.0,0.05,CLEAR(조향OFF)|STRAIGHT,,999.00,0.00,0.0,,0
3.00,-15.710,-3.480,105.0,0.04,CLEAR(조향OFF)|STRAIGHT,,999.00,0.00,0.0,,0
3.05,-15.710,-3.480,105.0,0.04,CLEAR(조향OFF)|STRAIGHT,,999.00,0.00,0.0,,0
3.10,-15.707,-3.481,105.0,-0.02,CLEAR(조향OFF)|STRAIGHT,,999.00,0.00,0.0,,0
3.15,-15.707,-3.481,105.0,-0.02,CLEAR(조향OFF)|STRAIGHT,,999.00,0.00,0.0,,0
3.20,-15.708,-3.478,105.0,0.03,CLEAR(조향OFF)|STRAIGHT,,999.00,0.00,0.0,,0
3.25,-15.708,-3.478,105.0,0.03,CLEAR(조향OFF)|STRAIGHT,,999.00,0.00,0.0,-0.5,4278
3.30,-15.710,-3.478,105.0,0.00,CLEAR(조향OFF)|STRAIGHT,,999.00,0.00,0.0,-0.4,4262
3.35,-15.710,-3.478,105.0,0.00,CLEAR(조향OFF)|STRAIGHT,,999.00,0.00,0.0,-0.4,4262
3.40,-15.710,-3.478,105.0,0.00,CLEAR(조향OFF)|STRAIGHT,,999.00,0.00,0.0,-0.5,4278
3.45,-15.641,-3.727,105.0,-1.84,CLEAR(조향OFF)|STRAIGHT,,999.00,0.00,0.0,-0.5,4278
3.50,-15.641,-3.727,105.0,-1.84,CLEAR(조향OFF)|STRAIGHT,,999.00,0.00,0.0,-0.4,4278
3.55,-15.641,-3.727,105.0,-1.84,CLEAR(조향OFF)|STRAIGHT,,999.00,0.00,0.0,-0.5,4278
3.60,-15.620,-3.937,105.0,-1.30,CLEAR(조향OFF)|STRAIGHT,,999.00,0.00,0.0,-0.5,4278
3.65,-15.620,-3.937,105.0,-1.30,CLEAR(조향OFF)|STRAIGHT,,999.00,0.00,0.0,-0.4,4278
3.70,-15.627,-4.100,105.0,-1.56,CLEAR(조향OFF)|STRAIGHT,,999.00,0.00,0.0,-0.5,4278
3.75,-15.627,-4.100,105.0,-1.56,CLEAR(조향OFF)|STRAIGHT,,999.00,0.00,0.0,-0.4,4278
3.80,-15.634,-4.226,105.0,-1.19,CLEAR(조향OFF)|STRAIGHT,,999.00,0.00,0.0,-0.4,4278
3.85,-15.634,-4.226,105.0,-1.19,CLEAR(조향OFF)|STRAIGHT,,999.00,0.00,0.0,-0.4,4262
3.90,-15.653,-4.296,105.0,-0.58,CLEAR(조향OFF)|STRAIGHT,,999.00,0.00,0.0,-0.4,4262
3.95,-15.653,-4.296,105.0,-0.58,CLEAR(조향OFF)|STRAIGHT,,999.00,0.00,0.0,-0.4,4278
4.00,-15.658,-4.348,105.0,-0.54,CLEAR(조향OFF)|STRAIGHT,,999.00,0.00,0.0,-0.5,4278
4.05,-15.658,-4.348,105.0,-0.54,CLEAR(조향OFF)|STRAIGHT,,999.00,0.00,0.0,-0.5,4278
4.10,-15.653,-4.395,105.0,-0.47,CLEAR(조향OFF)|STRAIGHT,,999.00,0.00,0.0,-0.5,4295
4.15,-15.653,-4.395,105.0,-0.47,CLEAR(조향OFF)|STRAIGHT,,999.00,0.00,0.0,-0.5,4278
4.20,-15.649,-4.441,105.0,-0.45,CLEAR(조향OFF)|STRAIGHT,,999.00,0.00,0.0,-0.5,4278
4.25,-15.649,-4.441,105.0,-0.45,CLEAR(조향OFF)|STRAIGHT,,999.00,0.00,0.0,-0.4,4262
4.30,-15.653,-4.477,105.0,-0.33,CLEAR(조향OFF)|STRAIGHT,,999.00,0.00,0.0,-0.5,4295
4.35,-15.653,-4.477,105.0,-0.33,CLEAR(조향OFF)|STRAIGHT,,999.00,0.00,0.0,-0.5,4295
4.40,-15.653,-4.506,105.0,-0.28,CLEAR(조향OFF)|STRAIGHT,,999.00,0.00,0.0,-0.5,4278
4.45,-15.653,-4.506,105.0,-0.28,CLEAR(조향OFF)|STRAIGHT,,999.00,0.00,0.0,-0.5,4295
4.50,-15.654,-4.532,105.0,-0.25,CLEAR(조향OFF)|STRAIGHT,,999.00,0.00,0.0,-0.5,4262
4.55,-15.654,-4.532,105.0,-0.25,CLEAR(조향OFF)|STRAIGHT,,999.00,0.00,0.0,-0.5,4262
4.60,-15.671,-4.499,105.0,0.36,CLEAR(조향OFF)|STRAIGHT,,999.00,0.00,0.0,-0.5,4278
4.65,-15.671,-4.499,105.0,0.36,CLEAR(조향OFF)|STRAIGHT,,999.00,0.00,0.0,-0.5,4295
4.70,-15.685,-4.470,105.0,0.32,CLEAR(조향OFF)|STRAIGHT,,999.00,0.00,0.0,-0.4,4295
4.75,-15.685,-4.470,105.0,0.32,CLEAR(조향OFF)|STRAIGHT,,999.00,0.00,0.0,-0.4,4295
4.80,-15.697,-4.444,105.0,0.29,CLEAR(조향OFF)|STRAIGHT,,999.00,0.00,0.0,-0.5,4278
4.85,-15.697,-4.444,105.0,0.29,CLEAR(조향OFF)|STRAIGHT,,999.00,0.00,0.0,-0.4,4262
4.90,-15.697,-4.444,105.0,0.29,CLEAR(조향OFF)|STRAIGHT,,999.00,0.00,0.0,-0.5,4295
4.95,-15.712,-4.416,105.0,0.25,CLEAR(조향OFF)|STRAIGHT,,999.00,0.00,0.0,-0.4,4295
5.00,-15.724,-4.389,105.0,0.33,CLEAR(조향OFF)|STRAIGHT,,999.00,0.00,0.0,-0.5,4278
5.05,-15.724,-4.389,105.0,0.33,CLEAR(조향OFF)|STRAIGHT,,999.00,0.00,0.0,-0.4,4295
5.10,-15.724,-4.389,105.0,0.33,CLEAR(조향OFF)|STRAIGHT,,999.00,0.00,0.0,-0.4,4295
5.15,-15.725,-4.379,105.0,0.09,CLEAR(조향OFF)|STRAIGHT,,999.00,0.00,0.0,-0.5,4295
5.20,-15.723,-4.366,105.0,0.14,CLEAR(조향OFF)|STRAIGHT,,999.00,0.00,0.0,-0.5,4278
5.25,-15.723,-4.366,105.0,0.14,CLEAR(조향OFF)|STRAIGHT,,999.00,0.00,0.0,-0.5,4295
5.30,-15.724,-4.354,105.0,0.12,CLEAR(조향OFF)|STRAIGHT,,999.00,0.00,0.0,-0.5,4262
5.35,-15.724,-4.354,105.0,0.12,CLEAR(조향OFF)|STRAIGHT,,999.00,0.00,0.0,-0.5,4295
5.40,-16.418,-3.354,105.0,11.45,CLEAR(조향OFF)|STRAIGHT,,999.00,0.00,0.0,-0.4,4278
5.45,-16.418,-3.354,105.0,11.45,CLEAR(조향OFF)|STRAIGHT,,999.00,0.00,0.0,-0.4,4262
5.50,-16.418,-3.354,105.0,11.45,CLEAR(조향OFF)|STRAIGHT,,999.00,0.00,0.0,-0.5,4278
5.55,-16.418,-3.355,105.0,-0.01,CLEAR(조향OFF)|STRAIGHT,,999.00,0.00,0.0,-0.4,4278
5.60,-16.416,-3.356,105.0,-0.01,CLEAR(조향OFF)|STRAIGHT,,999.00,0.00,0.0,-0.5,4262
5.65,-16.416,-3.356,105.0,-0.01,CLEAR(조향OFF)|STRAIGHT,,999.00,0.00,0.0,-0.5,4278
5.70,-16.417,-3.356,105.0,-0.01,CLEAR(조향OFF)|STRAIGHT,,999.00,0.00,0.0,-0.4,4278
5.75,-16.417,-3.356,105.0,-0.01,CLEAR(조향OFF)|STRAIGHT,,999.00,0.00,0.0,-0.4,4278
5.80,-16.416,-3.357,105.0,-0.01,CLEAR(조향OFF)|STRAIGHT,,999.00,0.00,0.0,-0.5,4278
5.85,-16.416,-3.357,105.0,-0.01,CLEAR(조향OFF)|STRAIGHT,,999.00,0.00,0.0,-0.4,4278
5.90,-16.416,-3.357,105.0,-0.01,CLEAR(조향OFF)|STRAIGHT,,999.00,0.00,0.0,-0.5,4278
5.95,-16.416,-3.357,105.0,0.01,CLEAR(조향OFF)|STRAIGHT,,999.00,0.00,0.0,-0.5,4278
6.00,-16.416,-3.357,105.0,0.00,CLEAR(조향OFF)|STRAIGHT,,999.00,0.00,0.0,-0.4,4278
6.05,-16.416,-3.357,105.0,0.00,CLEAR(조향OFF)|STRAIGHT,,999.00,0.00,0.0,-0.5,4278
6.10,-16.416,-3.357,105.0,0.00,CLEAR(조향OFF)|STRAIGHT,,999.00,0.00,0.0,-0.6,4278
6.15,-16.419,-3.359,105.0,-0.02,CLEAR(조향OFF)|STRAIGHT,,999.00,0.00,0.0,-0.5,4278
6.20,-16.416,-3.360,105.0,-0.02,CLEAR(조향OFF)|STRAIGHT,,999.00,0.00,0.0,-0.4,4278
6.25,-16.416,-3.360,105.0,-0.02,CLEAR(조향OFF)|STRAIGHT,,999.00,0.00,0.0,-0.4,4278
6.30,-16.416,-3.360,105.0,-0.02,CLEAR(조향OFF)|STRAIGHT,,999.00,0.00,0.0,-0.5,4278
6.35,-16.417,-3.361,105.0,-0.01,CLEAR(조향OFF)|STRAIGHT,,999.00,0.00,0.0,-0.5,4295
6.40,-16.416,-3.359,105.0,0.02,CLEAR(조향OFF)|STRAIGHT,,999.00,0.00,0.0,-0.5,4278
6.45,-16.416,-3.359,105.0,0.02,CLEAR(조향OFF)|STRAIGHT,,999.00,0.00,0.0,-0.4,4262
6.50,-16.414,-3.358,105.0,0.01,CLEAR(조향OFF)|STRAIGHT,,999.00,0.00,0.0,-0.4,4278
6.55,-16.414,-3.358,105.0,0.01,CLEAR(조향OFF)|STRAIGHT,,999.00,0.00,0.0,-0.5,4262
6.60,-16.416,-3.359,105.0,-0.01,CLEAR(조향OFF)|STRAIGHT,,999.00,0.00,0.0,-0.5,4295
6.65,-16.416,-3.359,105.0,-0.01,CLEAR(조향OFF)|STRAIGHT,,999.00,0.00,0.0,-0.5,4295
6.70,-16.415,-3.358,105.0,0.01,CLEAR(조향OFF)|STRAIGHT,,999.00,0.00,0.0,-0.4,4278
6.75,-16.415,-3.358,105.0,0.01,CLEAR(조향OFF)|STRAIGHT,,999.00,0.00,0.0,-0.5,4262
6.80,-16.416,-3.364,105.0,-0.06,CLEAR(조향OFF)|STRAIGHT,,999.00,0.00,0.0,-0.5,4278
6.85,-16.416,-3.364,105.0,-0.06,CLEAR(조향OFF)|STRAIGHT,,999.00,0.00,0.0,-0.5,4278
6.90,-16.416,-3.364,105.0,-0.06,CLEAR(조향OFF)|STRAIGHT,,999.00,0.00,0.0,-0.5,4278
6.95,-16.416,-3.363,105.0,0.01,CLEAR(조향OFF)|STRAIGHT,,999.00,0.00,0.0,-0.5,4295
7.00,-16.416,-3.362,105.0,0.01,CLEAR(조향OFF)|STRAIGHT,,999.00,0.00,0.0,-0.5,4278
7.05,-16.416,-3.362,105.0,0.01,CLEAR(조향OFF)|STRAIGHT,,999.00,0.00,0.0,-0.5,4278
7.10,-16.416,-3.362,105.0,-0.01,CLEAR(조향OFF)|STRAIGHT,,999.00,0.00,0.0,-0.5,4295
7.15,-16.416,-3.362,105.0,-0.01,CLEAR(조향OFF)|STRAIGHT,,999.00,0.00,0.0,-0.5,4278
7.20,-16.419,-3.362,105.0,0.01,CLEAR(조향OFF)|STRAIGHT,,999.00,0.00,0.0,-0.5,4278
7.25,-16.419,-3.362,105.0,0.01,CLEAR(조향OFF)|STRAIGHT,,999.00,0.00,0.0,-0.4,4295
7.30,-16.419,-3.362,105.0,0.00,CLEAR(조향OFF)|STRAIGHT,,999.00,0.00,0.0,-0.5,4278
7.35,-16.419,-3.362,105.0,0.00,CLEAR(조향OFF)|STRAIGHT,,999.00,0.00,0.0,-0.5,4295
7.40,-16.420,-3.362,105.0,-0.00,CLEAR(조향OFF)|STRAIGHT,,999.00,0.00,0.0,-0.5,4295
7.45,-16.420,-3.362,105.0,-0.00,CLEAR(조향OFF)|STRAIGHT,,999.00,0.00,0.0,-0.5,4295
7.50,-16.421,-3.363,105.0,-0.01,CLEAR(조향OFF)|STRAIGHT,,999.00,0.00,0.0,-0.5,4278
7.55,-16.421,-3.363,105.0,-0.01,CLEAR(조향OFF)|STRAIGHT,,999.00,0.00,0.0,-0.4,4278
7.60,-16.421,-3.358,105.0,0.05,CLEAR(조향OFF)|STRAIGHT,,999.00,0.00,0.0,-0.4,4295
7.65,-16.421,-3.358,105.0,0.05,CLEAR(조향OFF)|STRAIGHT,,999.00,0.00,0.0,-0.5,4262
7.70,-16.418,-3.357,105.0,0.00,CLEAR(조향OFF)|STRAIGHT,,999.00,0.00,0.0,-0.4,4278
7.75,-16.418,-3.357,105.0,0.00,CLEAR(조향OFF)|STRAIGHT,,999.00,0.00,0.0,-0.5,4278
7.80,-16.421,-3.360,105.0,-0.02,CLEAR(조향OFF)|STRAIGHT,,999.00,0.00,0.0,-0.5,4278
7.85,-16.421,-3.360,105.0,-0.02,CLEAR(조향OFF)|STRAIGHT,,999.00,0.00,0.0,-0.5,4262
7.90,-16.421,-3.360,105.0,-0.02,CLEAR(조향OFF)|STRAIGHT,,999.00,0.00,0.0,-0.5,4262
7.95,-16.418,-3.360,105.0,-0.00,CLEAR(조향OFF)|STRAIGHT,,999.00,0.00,0.0,-0.5,4278
8.00,-16.419,-3.360,105.0,-0.00,CLEAR(조향OFF)|STRAIGHT,,999.00,0.00,0.0,-0.5,4278
8.05,-16.419,-3.360,105.0,-0.00,CLEAR(조향OFF)|STRAIGHT,,999.00,0.00,0.0,-0.5,4278
8.10,-16.419,-3.360,105.0,-0.00,CLEAR(조향OFF)|STRAIGHT,,999.00,0.00,0.0,-0.5,4262
8.15,-16.420,-3.358,105.0,0.02,CLEAR(조향OFF)|STRAIGHT,,999.00,0.00,0.0,-0.5,4262
8.20,-16.419,-3.358,105.0,0.00,CLEAR(조향OFF)|STRAIGHT,,999.00,0.00,0.0,-0.5,4278
8.25,-16.419,-3.358,105.0,0.00,CLEAR(조향OFF)|STRAIGHT,,999.00,0.00,0.0,-0.4,4278
8.30,-16.420,-3.358,105.0,0.01,CLEAR(조향OFF)|STRAIGHT,,999.00,0.00,0.0,-0.5,4295
8.35,-16.420,-3.358,105.0,0.01,CLEAR(조향OFF)|STRAIGHT,,999.00,0.00,0.0,-0.5,4278
8.40,-16.420,-3.359,105.0,-0.01,CLEAR(조향OFF)|STRAIGHT,,999.00,0.00,0.0,-0.5,4278
8.45,-16.420,-3.359,105.0,-0.01,CLEAR(조향OFF)|STRAIGHT,,999.00,0.00,0.0,-0.4,4262
8.50,-16.420,-3.358,105.0,0.00,CLEAR(조향OFF)|STRAIGHT,,999.00,0.00,0.0,-0.5,4262
8.55,-16.420,-3.358,105.0,0.00,CLEAR(조향OFF)|STRAIGHT,,999.00,0.00,0.0,-0.4,4262
8.60,-16.419,-3.357,105.0,0.01,CLEAR(조향OFF)|STRAIGHT,,999.00,0.00,0.0,-0.4,4278
8.65,-16.419,-3.357,105.0,0.01,CLEAR(조향OFF)|STRAIGHT,,999.00,0.00,0.0,-0.5,4278
8.70,-16.418,-3.356,105.0,0.02,CLEAR(조향OFF)|STRAIGHT,,999.00,0.00,0.0,-0.4,4278
8.75,-16.418,-3.356,105.0,0.02,CLEAR(조향OFF)|STRAIGHT,,999.00,0.00,0.0,-0.5,4278
8.80,-16.420,-3.358,105.0,-0.02,CLEAR(조향OFF)|STRAIGHT,,999.00,0.00,0.0,-0.4,4262
8.85,-16.420,-3.358,105.0,-0.02,CLEAR(조향OFF)|STRAIGHT,,999.00,0.00,0.0,-0.5,4278
8.90,-16.420,-3.358,105.0,-0.02,CLEAR(조향OFF)|STRAIGHT,,999.00,0.00,0.0,-0.5,4278
8.95,-16.418,-3.358,105.0,-0.00,CLEAR(조향OFF)|STRAIGHT,,999.00,0.00,0.0,-0.5,4278
9.00,-16.417,-3.357,105.0,0.01,CLEAR(조향OFF)|STRAIGHT,,999.00,0.00,0.0,-0.4,4278
9.05,-16.417,-3.357,105.0,0.01,CLEAR(조향OFF)|STRAIGHT,,999.00,0.00,0.0,-0.5,4278
9.10,-16.418,-3.358,105.0,-0.01,CLEAR(조향OFF)|STRAIGHT,,999.00,0.00,0.0,-0.5,4278
9.15,-16.418,-3.358,105.0,-0.01,CLEAR(조향OFF)|STRAIGHT,,999.00,0.00,0.0,-0.4,4262
9.20,-16.419,-3.357,105.0,0.01,CLEAR(조향OFF)|STRAIGHT,,999.00,0.00,0.0,-0.5,4278
9.25,-16.419,-3.357,105.0,0.01,CLEAR(조향OFF)|STRAIGHT,,999.00,0.00,0.0,-0.4,4278
9.30,-16.418,-3.356,105.0,0.01,CLEAR(조향OFF)|STRAIGHT,,999.00,0.00,0.0,-0.5,4278
9.35,-16.418,-3.356,105.0,0.01,CLEAR(조향OFF)|STRAIGHT,,999.00,0.00,0.0,-0.5,4278
9.40,-16.418,-3.360,105.0,-0.04,CLEAR(조향OFF)|STRAIGHT,,999.00,0.00,0.0,-0.5,4278
9.45,-16.418,-3.360,105.0,-0.04,CLEAR(조향OFF)|STRAIGHT,,999.00,0.00,0.0,-0.5,4295
9.50,-16.418,-3.357,105.0,0.03,CLEAR(조향OFF)|STRAIGHT,,999.00,0.00,0.0,-0.5,4278
9.55,-16.418,-3.357,105.0,0.03,CLEAR(조향OFF)|STRAIGHT,,999.00,0.00,0.0,-0.5,4278
9.60,-16.419,-3.358,105.0,-0.00,CLEAR(조향OFF)|STRAIGHT,,999.00,0.00,0.0,-0.5,4278
9.65,-16.419,-3.358,105.0,-0.00,CLEAR(조향OFF)|STRAIGHT,,999.00,0.00,0.0,-0.4,4262
9.70,-16.419,-3.357,105.0,0.01,CLEAR(조향OFF)|STRAIGHT,,999.00,0.00,0.0,-0.4,4278
9.75,-16.419,-3.357,105.0,0.01,CLEAR(조향OFF)|STRAIGHT,,999.00,0.00,0.0,-0.5,4278
9.80,-16.419,-3.355,105.0,0.02,CLEAR(조향OFF)|STRAIGHT,,999.00,0.00,0.0,-0.4,4262
9.85,-16.419,-3.355,105.0,0.02,CLEAR(조향OFF)|STRAIGHT,,999.00,0.00,0.0,-0.4,4278
9.90,-16.419,-3.355,105.0,0.02,CLEAR(조향OFF)|STRAIGHT,,999.00,0.00,0.0,-0.5,4278
9.95,-16.416,-3.355,105.0,-0.00,CLEAR(조향OFF)|STRAIGHT,,999.00,0.00,0.0,-0.4,4262
10.00,-16.417,-3.357,105.0,-0.02,CLEAR(조향OFF)|STRAIGHT,,999.00,0.00,0.0,-0.5,4278
10.05,-16.417,-3.357,105.0,-0.02,CLEAR(조향OFF)|STRAIGHT,,999.00,0.00,0.0,-0.4,4278
10.10,-16.418,-3.356,105.0,0.01,CLEAR(조향OFF)|STRAIGHT,,999.00,0.00,0.0,-0.5,4262
10.15,-16.418,-3.356,105.0,0.01,CLEAR(조향OFF)|STRAIGHT,,999.00,0.00,0.0,-0.5,4295
10.20,-16.417,-3.356,105.0,-0.01,CLEAR(조향OFF)|STRAIGHT,,999.00,0.00,0.0,-0.5,4278
10.25,-16.417,-3.356,105.0,-0.01,CLEAR(조향OFF)|STRAIGHT,,999.00,0.00,0.0,-0.4,4278
10.30,-16.419,-3.355,105.0,0.01,CLEAR(조향OFF)|STRAIGHT,,999.00,0.00,0.0,-0.5,4278
10.35,-16.419,-3.355,105.0,0.01,CLEAR(조향OFF)|STRAIGHT,,999.00,0.00,0.0,-0.6,4278
10.40,-16.418,-3.355,105.0,0.00,CLEAR(조향OFF)|STRAIGHT,,999.00,0.00,0.0,-0.5,4262
10.45,-16.418,-3.355,105.0,0.00,CLEAR(조향OFF)|STRAIGHT,,999.00,0.00,0.0,-0.5,4278
10.50,-16.417,-3.356,105.0,-0.02,CLEAR(조향OFF)|STRAIGHT,,999.00,0.00,0.0,-0.5,4295
10.55,-16.417,-3.356,105.0,-0.02,CLEAR(조향OFF)|STRAIGHT,,999.00,0.00,0.0,-0.6,4278
10.60,-16.416,-3.354,105.0,0.02,CLEAR(조향OFF)|STRAIGHT,,999.00,0.00,0.0,-0.4,4278
10.65,-16.416,-3.354,105.0,0.02,CLEAR(조향OFF)|STRAIGHT,,999.00,0.00,0.0,-0.4,4278
10.70,-16.417,-3.360,105.0,-0.05,CLEAR(조향OFF)|STRAIGHT,,999.00,0.00,0.0,-0.4,4278
10.75,-16.417,-3.360,105.0,-0.05,CLEAR(조향OFF)|STRAIGHT,,999.00,0.00,0.0,-0.5,4295
10.80,-16.418,-3.361,105.0,-0.01,CLEAR(조향OFF)|STRAIGHT,,999.00,0.00,0.0,-0.4,4278
10.85,-16.418,-3.361,105.0,-0.01,CLEAR(조향OFF)|STRAIGHT,,999.00,0.00,0.0,-0.5,4278
10.90,-16.418,-3.361,105.0,-0.01,CLEAR(조향OFF)|STRAIGHT,,999.00,0.00,0.0,-0.5,4278
10.95,-16.417,-3.360,105.0,0.01,CLEAR(조향OFF)|STRAIGHT,,999.00,0.00,0.0,-0.5,4278
11.00,-16.418,-3.364,105.0,-0.03,CLEAR(조향OFF)|STRAIGHT,,999.00,0.00,0.0,-0.5,4278
11.05,-16.418,-3.364,105.0,-0.03,CLEAR(조향OFF)|STRAIGHT,,999.00,0.00,0.0,-0.5,4278
11.10,-16.418,-3.359,105.0,0.04,CLEAR(조향OFF)|STRAIGHT,,999.00,0.00,0.0,-0.4,4262
11.15,-16.418,-3.359,105.0,0.04,CLEAR(조향OFF)|STRAIGHT,,999.00,0.00,0.0,-0.5,4278
11.20,-16.417,-3.361,105.0,-0.02,CLEAR(조향OFF)|STRAIGHT,,999.00,0.00,0.0,-0.5,4278
11.25,-16.417,-3.361,105.0,-0.02,CLEAR(조향OFF)|STRAIGHT,,999.00,0.00,0.0,-0.5,4278
11.30,-16.417,-3.359,105.0,0.02,CLEAR(조향OFF)|STRAIGHT,,999.00,0.00,0.0,-0.4,4262
11.35,-16.417,-3.359,105.0,0.02,CLEAR(조향OFF)|STRAIGHT,,999.00,0.00,0.0,-0.4,4278
11.40,-16.419,-3.361,105.0,-0.01,CLEAR(조향OFF)|STRAIGHT,,999.00,0.00,0.0,-0.4,4278
11.45,-16.419,-3.361,105.0,-0.01,CLEAR(조향OFF)|STRAIGHT,,999.00,0.00,0.0,-0.5,4278
11.50,-16.418,-3.359,105.0,0.01,CLEAR(조향OFF)|STRAIGHT,,999.00,0.00,0.0,-0.4,4262
11.55,-16.418,-3.359,105.0,0.01,CLEAR(조향OFF)|STRAIGHT,,999.00,0.00,0.0,-0.4,4262
11.60,-16.419,-3.354,105.0,0.05,CLEAR(조향OFF)|STRAIGHT,,999.00,0.00,0.0,-0.4,4278
11.65,-16.419,-3.354,105.0,0.05,CLEAR(조향OFF)|STRAIGHT,,999.00,0.00,0.0,-0.5,4278
11.70,-16.418,-3.355,105.0,-0.01,CLEAR(조향OFF)|STRAIGHT,,999.00,0.00,0.0,-0.4,4278
11.75,-16.418,-3.355,105.0,-0.01,CLEAR(조향OFF)|STRAIGHT,,999.00,0.00,0.0,-0.5,4278
11.80,-16.417,-3.357,105.0,-0.03,CLEAR(조향OFF)|STRAIGHT,,999.00,0.00,0.0,-0.5,4278
11.85,-16.417,-3.357,105.0,-0.03,CLEAR(조향OFF)|STRAIGHT,,999.00,0.00,0.0,-0.5,4278
11.90,-16.417,-3.357,105.0,-0.03,CLEAR(조향OFF)|STRAIGHT,,999.00,0.00,0.0,-0.6,4278
11.95,-16.416,-3.356,105.0,0.01,CLEAR(조향OFF)|STRAIGHT,,999.00,0.00,0.0,-0.4,4278
12.00,-16.418,-3.353,105.0,0.03,CLEAR(조향OFF)|STRAIGHT,,999.00,0.00,0.0,-0.5,4278
12.05,-16.418,-3.353,105.0,0.03,CLEAR(조향OFF)|STRAIGHT,,999.00,0.00,0.0,-0.5,4295
12.10,-16.416,-3.355,105.0,-0.02,CLEAR(조향OFF)|STRAIGHT,,999.00,0.00,0.0,-0.5,4295
12.15,-16.416,-3.355,105.0,-0.02,CLEAR(조향OFF)|STRAIGHT,,999.00,0.00,0.0,-0.5,4278
12.20,-16.416,-3.353,105.0,0.02,CLEAR(조향OFF)|STRAIGHT,,999.00,0.00,0.0,-0.4,4278
12.25,-16.416,-3.353,105.0,0.02,CLEAR(조향OFF)|STRAIGHT,,999.00,0.00,0.0,-0.5,4262
12.30,-16.418,-3.358,105.0,-0.04,CLEAR(조향OFF)|STRAIGHT,,999.00,0.00,0.0,-0.5,4278
12.35,-16.418,-3.358,105.0,-0.04,CLEAR(조향OFF)|STRAIGHT,,999.00,0.00,0.0,-0.5,4278
12.40,-16.417,-3.358,105.0,-0.00,CLEAR(조향OFF)|STRAIGHT,,999.00,0.00,0.0,-0.5,4278
12.45,-16.417,-3.358,105.0,-0.00,CLEAR(조향OFF)|STRAIGHT,,999.00,0.00,0.0,-0.4,4278
12.50,-16.418,-3.358,105.0,-0.00,CLEAR(조향OFF)|STRAIGHT,,999.00,0.00,0.0,-0.4,4295
12.55,-16.418,-3.358,105.0,-0.00,CLEAR(조향OFF)|STRAIGHT,,999.00,0.00,0.0,-0.5,4278
12.60,-16.419,-3.357,105.0,0.02,CLEAR(조향OFF)|STRAIGHT,,999.00,0.00,0.0,-0.4,4278
12.65,-16.419,-3.357,105.0,0.02,CLEAR(조향OFF)|STRAIGHT,,999.00,0.00,0.0,-0.5,4262
12.70,-16.418,-3.357,105.0,-0.01,CLEAR(조향OFF)|STRAIGHT,,999.00,0.00,0.0,-0.4,4278
12.75,-16.418,-3.357,105.0,-0.01,CLEAR(조향OFF)|STRAIGHT,,999.00,0.00,0.0,-0.5,4278
12.80,-16.415,-3.358,105.0,-0.02,CLEAR(조향OFF)|STRAIGHT,,999.00,0.00,0.0,-0.5,4278
12.85,-16.415,-3.358,105.0,-0.02,CLEAR(조향OFF)|STRAIGHT,,999.00,0.00,0.0,-0.4,4278
12.90,-16.415,-3.358,105.0,-0.02,CLEAR(조향OFF)|STRAIGHT,,999.00,0.00,0.0,-0.5,4295
12.95,-16.417,-3.358,105.0,0.00,CLEAR(조향OFF)|STRAIGHT,,999.00,0.00,0.0,-0.4,4262
13.00,-16.415,-3.359,105.0,-0.02,CLEAR(조향OFF)|STRAIGHT,,999.00,0.00,0.0,-0.4,4262
13.05,-16.415,-3.359,105.0,-0.02,CLEAR(조향OFF)|STRAIGHT,,999.00,0.00,0.0,-0.5,4278
13.10,-16.416,-3.357,105.0,0.03,CLEAR(조향OFF)|STRAIGHT,,999.00,0.00,0.0,-0.5,4278
13.15,-16.416,-3.357,105.0,0.03,CLEAR(조향OFF)|STRAIGHT,,999.00,0.00,0.0,-0.4,4278
13.20,-16.417,-3.359,105.0,-0.02,CLEAR(조향OFF)|STRAIGHT,,999.00,0.00,0.0,-0.5,4278
13.25,-16.417,-3.359,105.0,-0.02,CLEAR(조향OFF)|STRAIGHT,,999.00,0.00,0.0,-0.5,4278
13.30,-16.415,-3.360,105.0,-0.01,CLEAR(조향OFF)|STRAIGHT,,999.00,0.00,0.0,-0.5,4295
13.35,-16.415,-3.360,105.0,-0.01,CLEAR(조향OFF)|STRAIGHT,,999.00,0.00,0.0,-0.5,4278
13.40,-16.417,-3.359,105.0,0.01,CLEAR(조향OFF)|STRAIGHT,,999.00,0.00,0.0,-0.5,4278
13.45,-16.417,-3.359,105.0,0.01,CLEAR(조향OFF)|STRAIGHT,,999.00,0.00,0.0,-0.7,4278
13.50,-16.418,-3.358,105.0,0.01,CLEAR(조향OFF)|STRAIGHT,,999.00,0.00,0.0,-0.5,4278
13.55,-16.418,-3.358,105.0,0.01,CLEAR(조향OFF)|STRAIGHT,,999.00,0.00,0.0,-0.5,4262
13.60,-16.416,-3.358,105.0,-0.00,CLEAR(조향OFF)|STRAIGHT,,999.00,0.00,0.0,-0.5,4278
13.65,-16.416,-3.358,105.0,-0.00,CLEAR(조향OFF)|STRAIGHT,,999.00,0.00,0.0,-0.5,4278
13.70,-16.416,-3.358,105.0,-0.01,CLEAR(조향OFF)|STRAIGHT,,999.00,0.00,0.0,-0.4,4278
13.75,-16.416,-3.358,105.0,-0.01,CLEAR(조향OFF)|STRAIGHT,,999.00,0.00,0.0,-0.5,4278
13.80,-16.416,-3.359,105.0,-0.00,CLEAR(조향OFF)|STRAIGHT,,999.00,0.00,0.0,-0.6,4278
13.85,-16.416,-3.359,105.0,-0.00,CLEAR(조향OFF)|STRAIGHT,,999.00,0.00,0.0,-0.5,4262
13.90,-16.416,-3.359,105.0,-0.00,CLEAR(조향OFF)|STRAIGHT,,999.00,0.00,0.0,-0.5,4278
13.95,-16.415,-3.358,105.0,0.00,CLEAR(조향OFF)|STRAIGHT,,999.00,0.00,0.0,-0.4,4278
14.00,-16.417,-3.359,105.0,-0.01,CLEAR(조향OFF)|STRAIGHT,,999.00,0.00,0.0,-0.4,4262
14.05,-16.417,-3.359,105.0,-0.01,CLEAR(조향OFF)|STRAIGHT,,999.00,0.00,0.0,-0.5,4262
14.10,-16.418,-3.360,105.0,0.00,CLEAR(조향OFF)|STRAIGHT,,999.00,0.00,0.0,-0.4,4278
14.15,-16.418,-3.360,105.1,0.00,CLEAR(조향OFF)|STRAIGHT,,999.00,0.00,0.0,-0.5,4278
14.20,-16.416,-3.359,105.0,-0.00,CLEAR(조향OFF)|STRAIGHT,,999.00,0.00,0.0,-0.4,4278
14.25,-16.416,-3.359,105.0,-0.00,CLEAR(조향OFF)|STRAIGHT,,999.00,0.00,0.0,-0.4,4262
14.30,-16.417,-3.359,105.0,0.00,CLEAR(조향OFF)|STRAIGHT,,999.00,0.00,0.0,-0.4,4278
14.35,-16.417,-3.359,105.0,0.00,CLEAR(조향OFF)|STRAIGHT,,999.00,0.00,0.0,-0.5,4278
14.40,-16.416,-3.366,105.0,-0.08,CLEAR(조향OFF)|STRAIGHT,,999.00,0.00,0.0,-0.5,4278
14.45,-16.416,-3.366,105.0,-0.08,CLEAR(조향OFF)|STRAIGHT,,999.00,0.00,0.0,-0.5,4262
14.50,-16.418,-3.367,105.0,-0.00,CLEAR(조향OFF)|STRAIGHT,,999.00,0.00,0.0,-0.5,4278
14.55,-16.418,-3.367,105.0,-0.00,CLEAR(조향OFF)|STRAIGHT,,999.00,0.00,0.0,-0.5,4278
14.60,-16.420,-3.368,105.1,-0.00,CLEAR(조향OFF)|STRAIGHT,,999.00,0.00,0.0,-0.5,4278
14.65,-16.420,-3.368,105.1,-0.00,CLEAR(조향OFF)|STRAIGHT,,999.00,0.00,0.0,-0.5,4278
14.70,-16.418,-3.367,105.1,0.00,CLEAR(조향OFF)|STRAIGHT,,999.00,0.00,0.0,-0.5,4278
14.75,-16.418,-3.367,105.1,0.00,CLEAR(조향OFF)|STRAIGHT,,999.00,0.00,0.0,-0.5,4278
14.80,-16.419,-3.369,105.1,-0.01,CLEAR(조향OFF)|STRAIGHT,,999.00,0.00,0.0,-0.5,4278
14.85,-16.419,-3.369,105.0,-0.01,CLEAR(조향OFF)|STRAIGHT,,999.00,0.00,0.0,-0.5,4278
14.90,-16.419,-3.369,105.1,-0.01,CLEAR(조향OFF)|STRAIGHT,,999.00,0.00,0.0,-0.4,4278
14.95,-16.419,-3.368,105.1,0.01,CLEAR(조향OFF)|STRAIGHT,,999.00,0.00,0.0,-0.5,4278
15.00,-16.418,-3.368,105.0,0.00,CLEAR(조향OFF)|STRAIGHT,,999.00,0.00,0.0,-0.5,4278
15.05,-16.418,-3.368,105.1,0.00,CLEAR(조향OFF)|STRAIGHT,,999.00,0.00,0.0,-0.5,4278
15.10,-16.418,-3.369,105.1,-0.01,CLEAR(조향OFF)|STRAIGHT,,999.00,0.00,0.0,-0.5,4262
15.15,-16.418,-3.369,105.1,-0.01,CLEAR(조향OFF)|STRAIGHT,,999.00,0.00,0.0,-0.5,4278
15.20,-16.417,-3.369,105.1,-0.00,CLEAR(조향OFF)|STRAIGHT,,999.00,0.00,0.0,-0.5,4295
15.25,-16.417,-3.369,105.1,-0.00,CLEAR(조향OFF)|STRAIGHT,,999.00,0.00,0.0,-0.5,4278
15.30,-16.418,-3.368,105.1,0.02,CLEAR(조향OFF)|STRAIGHT,,999.00,0.00,0.0,-0.5,4278
15.35,-16.418,-3.368,105.1,0.02,CLEAR(조향OFF)|STRAIGHT,,999.00,0.00,0.0,-0.4,4278
15.40,-16.418,-3.369,105.1,-0.02,CLEAR(조향OFF)|STRAIGHT,,999.00,0.00,0.0,-0.4,4278
15.45,-16.418,-3.369,105.1,-0.02,CLEAR(조향OFF)|STRAIGHT,,999.00,0.00,0.0,-0.5,4278
15.50,-16.417,-3.367,105.1,0.02,CLEAR(조향OFF)|STRAIGHT,,999.00,0.00,0.0,-0.5,4278
15.55,-16.417,-3.367,105.1,0.02,CLEAR(조향OFF)|STRAIGHT,,999.00,0.00,0.0,-0.5,4278
15.60,-16.420,-3.368,105.1,-0.00,CLEAR(조향OFF)|STRAIGHT,,999.00,0.00,0.0,-0.5,4278
15.65,-16.420,-3.368,105.1,-0.00,CLEAR(조향OFF)|STRAIGHT,,999.00,0.00,0.0,-0.4,4278
15.70,-16.419,-3.368,105.1,0.00,CLEAR(조향OFF)|STRAIGHT,,999.00,0.00,0.0,-0.5,4278
15.75,-16.419,-3.368,105.1,0.00,CLEAR(조향OFF)|STRAIGHT,,999.00,0.00,0.0,-0.4,4278
15.80,-16.418,-3.369,105.1,-0.02,CLEAR(조향OFF)|STRAIGHT,,999.00,0.00,0.0,-0.5,4278
15.85,-16.418,-3.369,105.0,-0.02,CLEAR(조향OFF)|STRAIGHT,,999.00,0.00,0.0,-0.4,4278
15.90,-16.419,-3.371,105.0,-0.01,CLEAR(조향OFF)|STRAIGHT,,999.00,0.00,0.0,-0.4,4262
15.95,-16.419,-3.371,105.0,-0.01,CLEAR(조향OFF)|STRAIGHT,,999.00,0.00,0.0,-0.5,4278
16.00,-16.420,-3.369,105.1,0.02,CLEAR(조향OFF)|STRAIGHT,,999.00,0.00,0.0,-0.5,4278
16.05,-16.420,-3.369,105.1,0.02,CLEAR(조향OFF)|STRAIGHT,,999.00,0.00,0.0,-0.4,4295
16.10,-16.420,-3.367,105.1,0.01,CLEAR(조향OFF)|STRAIGHT,,999.00,0.00,0.0,-0.5,4295
16.15,-16.420,-3.367,105.1,0.01,CLEAR(조향OFF)|STRAIGHT,,999.00,0.00,0.0,-0.4,4278
16.20,-16.420,-3.370,105.1,-0.03,CLEAR(조향OFF)|STRAIGHT,,999.00,0.00,0.0,-0.4,4278
16.25,-16.420,-3.370,105.1,-0.03,CLEAR(조향OFF)|STRAIGHT,,999.00,0.00,0.0,-0.5,4295
16.30,-16.418,-3.368,105.1,0.01,CLEAR(조향OFF)|STRAIGHT,,999.00,0.00,0.0,-0.5,4295
16.35,-16.418,-3.368,105.1,0.01,CLEAR(조향OFF)|STRAIGHT,,999.00,0.00,0.0,-0.5,4278
16.40,-16.420,-3.369,105.1,-0.01,CLEAR(조향OFF)|STRAIGHT,,999.00,0.00,0.0,-0.5,4262
16.45,-16.420,-3.369,105.1,-0.01,CLEAR(조향OFF)|STRAIGHT,,999.00,0.00,0.0,-0.5,4295
16.50,-16.420,-3.367,105.1,0.02,CLEAR(조향OFF)|STRAIGHT,,999.00,0.00,0.0,-0.5,4278
16.55,-16.420,-3.367,105.0,0.02,CLEAR(조향OFF)|STRAIGHT,,999.00,0.00,0.0,-0.4,4262
16.60,-16.420,-3.368,105.1,-0.01,CLEAR(조향OFF)|STRAIGHT,,999.00,0.00,0.0,-0.4,4278
16.65,-16.420,-3.368,105.1,-0.01,CLEAR(조향OFF)|STRAIGHT,,999.00,0.00,0.0,-0.4,4278
16.70,-16.419,-3.369,105.1,-0.01,CLEAR(조향OFF)|STRAIGHT,,999.00,0.00,0.0,-0.5,4262
16.75,-16.419,-3.369,105.1,-0.01,CLEAR(조향OFF)|STRAIGHT,,999.00,0.00,0.0,-0.4,4278
16.80,-16.419,-3.371,105.1,-0.02,CLEAR(조향OFF)|STRAIGHT,,999.00,0.00,0.0,-0.5,4278
16.85,-16.419,-3.371,105.1,-0.02,CLEAR(조향OFF)|STRAIGHT,,999.00,0.00,0.0,-0.4,4262
16.90,-16.419,-3.371,105.1,-0.02,CLEAR(조향OFF)|STRAIGHT,,999.00,0.00,0.0,-0.4,4278
16.95,-16.420,-3.370,105.1,0.00,CLEAR(조향OFF)|STRAIGHT,,999.00,0.00,0.0,-0.4,4278
17.00,-16.420,-3.370,105.1,0.00,CLEAR(조향OFF)|STRAIGHT,,999.00,0.00,0.0,-0.4,4262
17.05,-16.420,-3.370,105.1,0.00,CLEAR(조향OFF)|STRAIGHT,,999.00,0.00,0.0,-0.4,4278
17.10,-16.418,-3.372,105.1,-0.01,CLEAR(조향OFF)|STRAIGHT,,999.00,0.00,0.0,-0.4,4295
17.15,-16.418,-3.372,105.1,-0.01,CLEAR(조향OFF)|STRAIGHT,,999.00,0.00,0.0,-0.5,4262
17.20,-16.418,-3.369,105.1,0.02,CLEAR(조향OFF)|STRAIGHT,,999.00,0.00,0.0,-0.5,4262
17.25,-16.418,-3.369,105.1,0.02,CLEAR(조향OFF)|STRAIGHT,,999.00,0.00,0.0,-0.4,4262
17.30,-16.418,-3.369,105.1,0.00,CLEAR(조향OFF)|STRAIGHT,,999.00,0.00,0.0,-0.5,4278
17.35,-16.418,-3.369,105.1,0.00,CLEAR(조향OFF)|STRAIGHT,,999.00,0.00,0.0,-0.5,4278
17.40,-16.418,-3.370,105.1,-0.01,CLEAR(조향OFF)|STRAIGHT,,999.00,0.00,0.0,-0.4,4278
17.45,-16.418,-3.370,105.1,-0.01,CLEAR(조향OFF)|STRAIGHT,,999.00,0.00,0.0,-0.5,4278
17.50,-16.416,-3.369,105.1,0.00,CLEAR(조향OFF)|STRAIGHT,,999.00,0.00,0.0,-0.5,4278
17.55,-16.416,-3.369,105.1,0.00,CLEAR(조향OFF)|STRAIGHT,,999.00,0.00,0.0,-0.5,4278
17.60,-16.418,-3.366,105.1,0.04,CLEAR(조향OFF)|STRAIGHT,,999.00,0.00,0.0,-0.5,4295
17.65,-16.418,-3.366,105.1,0.04,CLEAR(조향OFF)|STRAIGHT,,999.00,0.00,0.0,-0.5,4295
17.70,-16.416,-3.367,105.1,-0.01,CLEAR(조향OFF)|STRAIGHT,,999.00,0.00,0.0,-0.4,4262
17.75,-16.416,-3.367,105.1,-0.01,CLEAR(조향OFF)|STRAIGHT,,999.00,0.00,0.0,-0.5,4278
17.80,-16.416,-3.367,105.1,-0.00,CLEAR(조향OFF)|STRAIGHT,,999.00,0.00,0.0,-0.4,4262
17.85,-16.416,-3.367,105.1,-0.00,CLEAR(조향OFF)|STRAIGHT,,999.00,0.00,0.0,-0.5,4295
17.90,-16.416,-3.367,105.1,-0.00,CLEAR(조향OFF)|STRAIGHT,,999.00,0.00,0.0,-0.5,4278
17.95,-16.416,-3.367,105.1,-0.00,CLEAR(조향OFF)|STRAIGHT,,999.00,0.00,0.0,-0.4,4262
18.00,-16.415,-3.367,105.1,0.00,CLEAR(조향OFF)|STRAIGHT,,999.00,0.00,0.0,-0.5,4262
18.05,-16.415,-3.367,105.1,0.00,CLEAR(조향OFF)|STRAIGHT,,999.00,0.00,0.0,-0.4,4295
18.10,-16.414,-3.369,105.1,-0.03,CLEAR(조향OFF)|STRAIGHT,,999.00,0.00,0.0,-0.4,4278
18.15,-16.414,-3.369,105.1,-0.03,CLEAR(조향OFF)|STRAIGHT,,999.00,0.00,0.0,-0.5,4278
18.20,-16.416,-3.371,105.1,-0.01,CLEAR(조향OFF)|STRAIGHT,,999.00,0.00,0.0,-0.5,4278
18.25,-16.416,-3.371,105.1,-0.01,CLEAR(조향OFF)|STRAIGHT,,999.00,0.00,0.0,-0.5,4278
18.30,-16.415,-3.370,105.1,0.01,CLEAR(조향OFF)|STRAIGHT,,999.00,0.00,0.0,-0.4,4262
18.35,-16.415,-3.370,105.1,0.01,CLEAR(조향OFF)|STRAIGHT,,999.00,0.00,0.0,-0.4,4278
18.40,-16.416,-3.370,105.1,0.01,CLEAR(조향OFF)|STRAIGHT,,999.00,0.00,0.0,-0.5,4278
18.45,-16.416,-3.370,105.1,0.01,CLEAR(조향OFF)|STRAIGHT,,999.00,0.00,0.0,-0.5,4278
18.50,-16.413,-3.370,105.1,-0.01,CLEAR(조향OFF)|STRAIGHT,,999.00,0.00,0.0,-0.4,4278
18.55,-16.413,-3.370,105.1,-0.01,CLEAR(조향OFF)|STRAIGHT,,999.00,0.00,0.0,-0.4,4262
18.60,-16.415,-3.370,105.1,0.00,CLEAR(조향OFF)|STRAIGHT,,999.00,0.00,0.0,-0.4,4278
18.65,-16.415,-3.370,105.1,0.00,CLEAR(조향OFF)|STRAIGHT,,999.00,0.00,0.0,-0.4,4262
18.70,-16.414,-3.368,105.1,0.01,CLEAR(조향OFF)|STRAIGHT,,999.00,0.00,0.0,-0.4,4262
18.75,-16.414,-3.368,105.1,0.01,CLEAR(조향OFF)|STRAIGHT,,999.00,0.00,0.0,-0.5,4262
18.80,-16.415,-3.370,105.1,-0.01,CLEAR(조향OFF)|STRAIGHT,,999.00,0.00,0.0,-0.4,4278
18.85,-16.415,-3.370,105.1,-0.01,CLEAR(조향OFF)|STRAIGHT,,999.00,0.00,0.0,-0.4,4278
18.90,-16.415,-3.370,105.1,-0.01,CLEAR(조향OFF)|STRAIGHT,,999.00,0.70,0.0,-0.5,4278
18.95,-16.416,-3.369,105.1,0.01,CLEAR(조향OFF)|STRAIGHT,,999.00,0.70,0.0,-0.5,4278
19.00,-16.415,-3.371,105.1,-0.02,CLEAR(조향OFF)|STRAIGHT,,999.00,0.70,0.0,-0.6,4278
19.05,-16.415,-3.371,105.1,-0.02,CLEAR(조향OFF)|STRAIGHT,,999.00,0.70,0.0,-0.5,4295
19.10,-16.415,-3.371,105.1,-0.02,CLEAR(조향OFF)|STRAIGHT,,999.00,0.70,0.0,-0.5,4278
19.15,-16.415,-3.369,105.1,0.02,CLEAR(조향OFF)|STRAIGHT,,999.00,0.70,0.0,-0.5,4278
19.20,-16.415,-3.369,105.1,-0.00,CLEAR(조향OFF)|STRAIGHT,,999.00,0.70,-0.0,-0.4,4295
19.25,-16.415,-3.369,105.1,-0.00,CLEAR(조향OFF)|STRAIGHT,,999.00,0.70,-0.0,-0.4,4278
19.30,-16.417,-3.371,105.1,-0.01,CLEAR(조향OFF)|STRAIGHT,,999.00,0.70,-0.0,-0.5,4295
19.35,-16.417,-3.371,105.1,-0.01,CLEAR(조향OFF)|STRAIGHT,,999.00,0.70,-0.0,-0.5,4278
19.40,-16.422,-3.372,105.1,-0.00,CLEAR(조향OFF)|STRAIGHT,,999.00,0.70,0.0,-0.5,4278
19.45,-16.422,-3.372,105.1,-0.00,CLEAR(조향OFF)|STRAIGHT,,999.00,0.70,0.0,-0.4,4262
19.50,-16.434,-3.375,105.0,0.00,CLEAR(조향OFF)|STRAIGHT,,999.00,0.70,0.0,-0.6,4295
19.55,-16.434,-3.375,105.0,0.00,CLEAR(조향OFF)|STRAIGHT,,999.00,0.70,0.0,-0.6,4295
19.60,-16.441,-3.382,105.0,-0.05,CLEAR(조향OFF)|STRAIGHT,,999.00,0.70,0.1,-0.4,4262
19.65,-16.441,-3.382,105.1,-0.05,CLEAR(조향OFF)|STRAIGHT,,999.00,0.70,0.1,-0.5,4278
19.70,-16.457,-3.394,105.0,-0.07,CLEAR(조향OFF)|STRAIGHT,,999.00,0.70,0.0,-0.5,4262
19.75,-16.457,-3.394,105.0,-0.07,CLEAR(조향OFF)|STRAIGHT,,999.00,0.70,0.0,-0.6,4278
19.80,-16.470,-3.403,105.0,-0.06,CLEAR(조향OFF)|STRAIGHT,,999.00,0.70,0.1,-0.5,4278
19.85,-16.470,-3.403,104.9,-0.06,CLEAR(조향OFF)|STRAIGHT,,999.00,0.70,0.1,-0.5,4278
19.90,-16.470,-3.403,104.9,-0.06,CLEAR(조향OFF)|STRAIGHT,,999.00,0.70,0.2,-0.4,4262
19.95,-16.495,-3.417,104.9,-0.06,CLEAR(조향OFF)|STRAIGHT,,999.00,0.70,0.2,-0.5,4278
20.00,-16.519,-3.436,104.9,-0.14,CLEAR(조향OFF)|STRAIGHT,,999.00,0.70,0.3,-0.5,4278
20.05,-16.519,-3.436,104.9,-0.14,CLEAR(조향OFF)|STRAIGHT,,999.00,0.70,0.3,-0.4,4262
20.10,-16.539,-3.455,104.9,-0.14,CLEAR(조향OFF)|STRAIGHT,,999.00,0.70,0.3,-0.5,4278
20.15,-16.539,-3.455,104.9,-0.14,CLEAR(조향OFF)|STRAIGHT,,999.00,0.70,0.3,-0.5,4278
20.20,-16.567,-3.472,104.9,-0.09,CLEAR(조향OFF)|STRAIGHT,,999.00,0.70,0.3,-0.4,4262
20.25,-16.567,-3.472,104.8,-0.09,CLEAR(조향OFF)|STRAIGHT,,999.00,0.70,0.3,-0.4,4278
20.30,-16.599,-3.493,104.8,-0.13,CLEAR(조향OFF)|STRAIGHT,,999.00,0.70,0.4,-0.4,4278
20.35,-16.599,-3.493,104.8,-0.13,CLEAR(조향OFF)|STRAIGHT,,999.00,0.70,0.4,-0.5,4278
20.40,-16.634,-3.512,104.8,-0.10,CLEAR(조향OFF)|STRAIGHT,,999.00,0.70,0.5,-0.5,4295
20.45,-16.634,-3.512,104.7,-0.10,CLEAR(조향OFF)|STRAIGHT,,999.00,0.70,0.5,-0.4,4262
20.50,-16.666,-3.536,104.7,-0.14,CLEAR(조향OFF)|STRAIGHT,,999.00,0.70,0.5,-0.4,4262
20.55,-16.666,-3.536,104.7,-0.14,CLEAR(조향OFF)|STRAIGHT,,999.00,0.70,0.5,-0.5,4278
20.60,-16.705,-3.559,104.7,-0.12,CLEAR(조향OFF)|STRAIGHT,,999.00,0.70,0.6,-0.4,4278
20.65,-16.705,-3.559,104.5,-0.12,CLEAR(조향OFF)|STRAIGHT,,999.00,0.70,0.6,-0.4,4278
20.70,-16.737,-3.581,104.6,-0.14,CLEAR(조향OFF)|STRAIGHT,,999.00,0.70,0.8,-0.4,4278
20.75,-16.737,-3.581,104.6,-0.14,CLEAR(조향OFF)|STRAIGHT,,999.00,0.70,0.8,-0.4,4278
20.80,-16.779,-3.610,104.5,-0.18,CLEAR(조향OFF)|STRAIGHT,,999.00,0.70,0.7,-0.5,4278
20.85,-16.779,-3.610,104.5,-0.18,CLEAR(조향OFF)|STRAIGHT,,999.00,0.70,0.7,-0.4,4262
20.90,-16.779,-3.610,104.5,-0.18,CLEAR(조향OFF)|STRAIGHT,,999.00,0.70,0.9,-0.4,4262
20.95,-16.821,-3.640,104.4,-0.15,CLEAR(조향OFF)|STRAIGHT,,999.00,0.70,0.9,-0.4,4278
21.00,-16.821,-3.640,104.5,-0.15,CLEAR(조향OFF)|STRAIGHT,,999.00,0.70,0.9,-0.4,4262
21.05,-16.821,-3.640,104.5,-0.15,CLEAR(조향OFF)|STRAIGHT,,999.00,0.70,0.9,-0.5,4262
21.10,-16.906,-3.703,104.4,-0.22,CLEAR(조향OFF)|STRAIGHT,,999.00,0.70,0.9,-0.7,4278
21.15,-16.906,-3.703,104.4,-0.22,CLEAR(조향OFF)|STRAIGHT,,999.00,0.70,0.9,-0.5,4278
21.20,-16.953,-3.729,104.3,-0.13,CLEAR(조향OFF)|STRAIGHT,,999.00,0.70,1.0,-0.5,4262
21.25,-16.953,-3.729,104.3,-0.13,CLEAR(조향OFF)|STRAIGHT,,999.00,0.70,1.0,-0.5,4278
21.30,-16.996,-3.760,104.3,-0.19,CLEAR(조향OFF)|STRAIGHT,,999.00,0.70,1.2,-0.4,4262
21.35,-16.996,-3.760,104.2,-0.19,CLEAR(조향OFF)|STRAIGHT,,999.00,0.70,1.2,-0.5,4262
21.40,-17.046,-3.798,104.2,-0.25,CLEAR(조향OFF)|STRAIGHT,,999.00,0.70,1.2,-0.4,4262
21.45,-17.046,-3.798,104.2,-0.25,CLEAR(조향OFF)|STRAIGHT,,999.00,0.70,1.2,-0.2,4246
21.50,-17.099,-3.836,104.1,-0.24,CLEAR(조향OFF)|STRAIGHT,,999.00,0.70,1.3,0.3,4214
21.55,-17.099,-3.836,104.1,-0.24,CLEAR(조향OFF)|STRAIGHT,,999.00,0.70,1.3,0.3,4198
21.60,-17.149,-3.871,104.0,-0.22,CLEAR(조향OFF)|STRAIGHT,,999.00,0.70,1.4,0.3,4183
21.65,-17.149,-3.871,104.0,-0.22,CLEAR(조향OFF)|STRAIGHT,,999.00,0.70,1.4,0.3,4183
21.70,-17.200,-3.901,104.0,-0.17,CLEAR(조향OFF)|STRAIGHT,,999.00,0.70,1.6,0.3,4183
21.75,-17.200,-3.901,104.0,-0.17,CLEAR(조향OFF)|STRAIGHT,,999.00,0.70,1.6,0.3,4167
21.80,-17.256,-3.937,104.0,-0.21,CLEAR(조향OFF)|STRAIGHT,,999.00,0.70,1.7,0.3,4167
21.85,-17.256,-3.937,103.9,-0.21,CLEAR(조향OFF)|STRAIGHT,,999.00,0.70,1.7,0.3,4167
21.90,-17.256,-3.937,103.9,-0.21,CLEAR(조향OFF)|STRAIGHT,,999.00,0.70,1.7,0.3,4167
21.95,-17.313,-3.978,103.9,-0.24,CLEAR(조향OFF)|STRAIGHT,,999.00,0.70,1.7,0.4,4152
22.00,-17.368,-4.006,103.8,-0.15,CLEAR(조향OFF)|STRAIGHT,,999.00,0.70,1.8,0.4,4137
22.05,-17.368,-4.006,103.8,-0.15,CLEAR(조향OFF)|STRAIGHT,,999.00,0.70,1.8,0.3,4152
22.10,-17.368,-4.006,103.8,-0.15,CLEAR(조향OFF)|STRAIGHT,,999.00,0.70,1.9,0.3,4167
22.15,-17.433,-4.054,103.7,-0.29,CLEAR(조향OFF)|STRAIGHT,,999.00,0.70,1.9,0.3,4137
22.20,-17.487,-4.090,103.7,-0.28,CLEAR(조향OFF)|STRAIGHT,,999.00,0.70,2.0,0.4,4167
22.25,-17.487,-4.090,103.7,-0.28,CLEAR(조향OFF)|STRAIGHT,,999.00,0.70,2.0,0.4,4137
22.30,-17.548,-4.133,103.7,-0.25,CLEAR(조향OFF)|STRAIGHT,,999.00,0.70,2.0,0.3,4152
22.35,-17.548,-4.133,103.6,-0.25,CLEAR(조향OFF)|STRAIGHT,,999.00,0.70,2.0,0.3,4152
22.40,-17.610,-4.178,103.6,-0.29,CLEAR(조향OFF)|STRAIGHT,,999.00,0.70,2.2,0.3,4167
22.45,-17.610,-4.178,103.5,-0.29,CLEAR(조향OFF)|STRAIGHT,,999.00,0.70,2.2,0.3,4137
22.50,-17.674,-4.219,103.5,-0.25,CLEAR(조향OFF)|STRAIGHT,,999.00,0.70,2.3,0.4,4167
22.55,-17.674,-4.219,103.4,-0.25,CLEAR(조향OFF)|STRAIGHT,,999.00,0.70,2.3,0.4,4152
22.60,-17.736,-4.261,103.3,-0.27,CLEAR(조향OFF)|STRAIGHT,,999.00,0.70,2.5,0.4,4137
22.65,-17.736,-4.261,103.3,-0.27,CLEAR(조향OFF)|STRAIGHT,,999.00,0.70,2.5,0.4,4137
22.70,-17.803,-4.306,103.2,-0.28,CLEAR(조향OFF)|STRAIGHT,,999.00,0.70,2.6,0.4,4152
22.75,-17.803,-4.306,103.2,-0.28,CLEAR(조향OFF)|STRAIGHT,,999.00,0.70,2.6,0.4,4137
22.80,-17.870,-4.351,103.2,-0.29,CLEAR(조향OFF)|STRAIGHT,,999.00,0.70,2.8,0.6,4137
22.85,-17.870,-4.351,103.2,-0.29,CLEAR(조향OFF)|STRAIGHT,,999.00,0.70,2.8,0.8,4106
22.90,-17.870,-4.351,103.2,-0.29,CLEAR(조향OFF)|STRAIGHT,,999.00,0.70,2.8,0.8,4092
22.95,-17.942,-4.394,103.2,-0.21,CLEAR(조향OFF)|STRAIGHT,,999.00,0.70,2.8,0.8,4106
23.00,-17.942,-4.394,103.2,-0.21,CLEAR(조향OFF)|STRAIGHT,,999.00,0.70,2.8,0.8,4092
23.05,-17.942,-4.394,103.1,-0.21,CLEAR(조향OFF)|STRAIGHT,,999.00,0.70,2.8,0.8,4077
23.10,-18.078,-4.492,103.1,-0.37,CLEAR(조향OFF)|STRAIGHT,,999.00,0.70,2.9,0.8,4092
23.15,-18.078,-4.492,103.2,-0.37,CLEAR(조향OFF)|STRAIGHT,,999.00,0.70,2.9,0.9,4077
23.20,-18.146,-4.534,103.2,-0.25,CLEAR(조향OFF)|STRAIGHT,,999.00,0.70,3.0,0.8,4062
23.25,-18.146,-4.534,103.1,-0.25,CLEAR(조향OFF)|STRAIGHT,,999.00,0.70,3.0,0.8,4106
23.30,-18.218,-4.578,103.1,-0.26,CLEAR(조향OFF)|STRAIGHT,,999.00,0.70,2.9,0.8,4077
23.35,-18.218,-4.578,103.1,-0.26,CLEAR(조향OFF)|STRAIGHT,,999.00,0.70,2.9,0.8,4077
23.40,-18.293,-4.625,103.2,-0.30,CLEAR(조향OFF)|STRAIGHT,,999.00,0.70,3.0,0.8,4092
23.45,-18.293,-4.625,103.1,-0.30,CLEAR(조향OFF)|STRAIGHT,,999.00,0.70,3.0,1.0,4077
23.50,-18.361,-4.678,103.1,-0.34,CLEAR(조향OFF)|STRAIGHT,,999.00,0.70,2.9,0.8,4077
23.55,-18.361,-4.678,103.1,-0.34,CLEAR(조향OFF)|STRAIGHT,,999.00,0.70,2.9,0.8,4077
23.60,-18.436,-4.727,103.1,-0.31,CLEAR(조향OFF)|STRAIGHT,,999.00,0.70,3.0,0.8,4077
23.65,-18.436,-4.727,103.0,-0.31,CLEAR(조향OFF)|STRAIGHT,,999.00,0.70,3.0,0.8,4077
23.70,-18.512,-4.778,103.0,-0.32,CLEAR(조향OFF)|STRAIGHT,,999.00,0.70,3.1,0.8,4077
23.75,-18.512,-4.778,103.0,-0.32,CLEAR(조향OFF)|STRAIGHT,,999.00,0.70,3.1,0.8,4092
23.80,-18.582,-4.829,102.9,-0.35,CLEAR(조향OFF)|STRAIGHT,,999.00,0.70,3.1,0.8,4077
23.85,-18.582,-4.829,102.9,-0.35,CLEAR(조향OFF)|STRAIGHT,,999.00,0.70,3.1,0.7,4077
23.90,-18.582,-4.829,102.9,-0.35,CLEAR(조향OFF)|STRAIGHT,,999.00,0.70,3.2,1.0,4047
23.95,-18.660,-4.874,102.9,-0.17,CLEAR(조향OFF)|STRAIGHT,,999.00,0.70,3.2,1.1,4047
24.00,-18.660,-4.874,102.9,-0.17,CLEAR(조향OFF)|STRAIGHT,,999.00,0.70,3.3,1.2,4033
24.05,-18.660,-4.874,102.9,-0.17,CLEAR(조향OFF)|STRAIGHT,,999.00,0.70,3.3,1.4,4004
24.10,-18.814,-4.971,102.9,-0.41,CLEAR(조향OFF)|STRAIGHT,,999.00,0.70,3.3,1.4,4004
24.15,-18.814,-4.971,103.0,-0.41,CLEAR(조향OFF)|STRAIGHT,,999.00,0.70,3.3,1.5,4004
24.20,-18.888,-5.024,103.0,-0.34,CLEAR(조향OFF)|STRAIGHT,,999.00,0.70,3.1,1.4,4004
24.25,-18.888,-5.024,103.1,-0.34,CLEAR(조향OFF)|STRAIGHT,,999.00,0.70,3.1,1.4,3976
24.30,-18.965,-5.074,103.1,-0.32,CLEAR(조향OFF)|STRAIGHT,,999.00,0.70,3.0,1.5,3990
24.35,-18.965,-5.074,103.1,-0.32,CLEAR(조향OFF)|STRAIGHT,,999.00,0.70,3.0,1.4,4004
24.40,-19.041,-5.127,103.2,-0.34,CLEAR(조향OFF)|STRAIGHT,,999.00,0.70,3.0,1.5,3976
24.45,-19.041,-5.127,103.2,-0.34,CLEAR(조향OFF)|STRAIGHT,,999.00,0.70,3.0,1.5,3990
24.50,-19.120,-5.182,103.2,-0.36,CLEAR(조향OFF)|STRAIGHT,,999.00,0.70,2.9,1.4,3990
24.55,-19.120,-5.182,103.3,-0.36,CLEAR(조향OFF)|STRAIGHT,,999.00,0.70,2.9,1.5,3990
24.60,-19.203,-5.234,103.3,-0.31,CLEAR(조향OFF)|STRAIGHT,,999.00,0.70,2.7,1.4,3976
24.65,-19.203,-5.234,103.4,-0.31,CLEAR(조향OFF)|STRAIGHT,,999.00,0.70,2.7,1.5,3990
24.70,-19.281,-5.286,103.4,-0.33,CLEAR(조향OFF)|STRAIGHT,,999.00,0.70,2.6,1.4,3990
24.75,-19.281,-5.286,103.5,-0.33,CLEAR(조향OFF)|STRAIGHT,,999.00,0.70,2.6,1.5,3990
24.80,-19.358,-5.342,103.5,-0.40,CLEAR(조향OFF)|STRAIGHT,,999.00,0.70,2.4,1.9,3934
24.85,-19.358,-5.342,103.6,-0.40,CLEAR(조향OFF)|STRAIGHT,,999.00,0.70,2.4,1.9,3920
24.90,-19.358,-5.342,103.6,-0.40,CLEAR(조향OFF)|STRAIGHT,,999.00,0.70,2.3,1.9,3920
24.95,-19.439,-5.390,103.7,-0.16,CLEAR(조향OFF)|STRAIGHT,,999.00,0.70,2.3,1.9,3920
25.00,-19.439,-5.390,103.7,-0.16,CLEAR(조향OFF)|STRAIGHT,,999.00,0.70,2.1,1.9,3907
25.05,-19.439,-5.390,103.8,-0.16,CLEAR(조향OFF)|STRAIGHT,,999.00,0.70,2.1,1.9,3907
25.10,-19.597,-5.505,103.9,-0.52,CLEAR(조향OFF)|STRAIGHT,,999.00,0.70,1.9,2.0,3893
25.15,-19.597,-5.505,103.9,-0.52,CLEAR(조향OFF)|STRAIGHT,,999.00,0.70,1.9,1.9,3920
25.20,-19.673,-5.559,104.0,-0.34,CLEAR(조향OFF)|STRAIGHT,,999.00,0.70,1.8,2.0,3893
25.25,-19.673,-5.559,104.1,-0.34,CLEAR(조향OFF)|STRAIGHT,,999.00,0.70,1.8,1.9,3920
25.30,-19.757,-5.615,104.1,-0.34,CLEAR(조향OFF)|STRAIGHT,,999.00,0.70,1.5,1.9,3907
25.35,-19.757,-5.615,104.2,-0.34,CLEAR(조향OFF)|STRAIGHT,,999.00,0.70,1.5,1.9,3907
25.40,-19.835,-5.672,104.3,-0.36,CLEAR(조향OFF)|STRAIGHT,,999.00,0.70,1.4,2.0,3907
25.45,-19.835,-5.672,104.3,-0.36,CLEAR(조향OFF)|STRAIGHT,,999.00,0.70,1.4,1.9,3907
25.50,-19.916,-5.739,104.3,-0.45,CLEAR(조향OFF)|STRAIGHT,,999.00,0.70,1.2,1.9,3907
25.55,-19.916,-5.739,104.4,-0.45,CLEAR(조향OFF)|STRAIGHT,,999.00,0.70,1.2,1.9,3907
25.60,-19.997,-5.801,104.5,-0.40,CLEAR(조향OFF)|STRAIGHT,,999.00,0.70,1.0,1.9,3880
25.65,-19.997,-5.801,104.5,-0.40,CLEAR(조향OFF)|STRAIGHT,,999.00,0.70,1.0,1.9,3893
25.70,-20.078,-5.853,104.6,-0.30,CLEAR(조향OFF)|STRAIGHT,,999.00,0.70,0.9,2.0,3893
25.75,-20.078,-5.853,104.7,-0.30,CLEAR(조향OFF)|STRAIGHT,,999.00,0.70,0.9,1.9,3893
25.80,-20.078,-5.853,104.7,-0.30,CLEAR(조향OFF)|STRAIGHT,,999.00,0.70,0.7,1.9,3907
25.85,-20.162,-5.898,104.8,-0.16,CLEAR(조향OFF)|STRAIGHT,,999.00,0.70,0.7,2.0,3907
25.90,-20.162,-5.898,104.9,-0.16,CLEAR(조향OFF)|STRAIGHT,,999.00,0.70,0.5,2.0,3893
25.95,-20.162,-5.898,105.0,-0.16,CLEAR(조향OFF)|STRAIGHT,,999.00,0.70,0.5,1.9,3880
26.00,-20.162,-5.898,105.0,-0.16,CLEAR(조향OFF)|STRAIGHT,,999.00,0.70,0.2,1.9,3907
26.05,-20.319,-6.017,105.1,-0.43,CLEAR(조향OFF)|STRAIGHT,,999.00,0.70,0.2,1.9,3907
26.10,-20.319,-6.017,105.1,-0.43,CLEAR(조향OFF)|STRAIGHT,,999.00,0.70,0.1,1.9,3893
26.15,-20.399,-6.073,105.2,-0.34,CLEAR(조향OFF)|STRAIGHT,,999.00,0.70,0.1,2.0,3880
26.20,-20.481,-6.135,105.2,-0.42,CLEAR(조향OFF)|STRAIGHT,,999.00,0.70,-0.2,1.0,3990
26.25,-20.481,-6.135,105.2,-0.42,CLEAR(조향OFF)|STRAIGHT,,999.00,0.70,-0.2,1.0,4018
26.30,-20.559,-6.196,105.2,-0.39,CLEAR(조향OFF)|STRAIGHT,,999.00,0.70,-0.2,0.8,4047
26.35,-20.559,-6.196,105.2,-0.39,CLEAR(조향OFF)|STRAIGHT,,999.00,0.70,-0.2,0.9,4062
26.40,-20.642,-6.253,105.2,-0.33,CLEAR(조향OFF)|STRAIGHT,,999.00,0.70,-0.2,0.9,4062
26.45,-20.642,-6.253,105.3,-0.33,CLEAR(조향OFF)|STRAIGHT,,999.00,0.70,-0.2,0.9,4047
26.50,-20.723,-6.314,105.3,-0.38,CLEAR(조향OFF)|STRAIGHT,,999.00,0.70,-0.3,0.9,4062
26.55,-20.723,-6.314,105.3,-0.38,CLEAR(조향OFF)|STRAIGHT,,999.00,0.70,-0.3,0.9,4062
26.60,-20.807,-6.370,105.4,-0.31,CLEAR(조향OFF)|STRAIGHT,,999.00,0.70,-0.3,0.8,4062
26.65,-20.807,-6.370,105.4,-0.31,CLEAR(조향OFF)|STRAIGHT,,999.00,0.70,-0.3,0.9,4077
26.70,-20.889,-6.429,105.4,-0.35,CLEAR(조향OFF)|STRAIGHT,,999.00,0.70,-0.5,0.9,4062
26.75,-20.889,-6.429,105.4,-0.35,CLEAR(조향OFF)|STRAIGHT,,999.00,0.70,-0.5,0.9,4047
26.80,-20.973,-6.488,105.5,-0.35,CLEAR(조향OFF)|STRAIGHT,,999.00,0.70,-0.5,0.8,4062
26.85,-20.973,-6.488,105.4,-0.35,CLEAR(조향OFF)|STRAIGHT,,999.00,0.70,-0.5,0.8,4062
26.90,-20.973,-6.488,105.5,-0.35,CLEAR(조향OFF)|STRAIGHT,,999.00,0.70,-0.6,0.8,4062
26.95,-21.054,-6.546,105.5,-0.26,CLEAR(조향OFF)|STRAIGHT,,999.00,0.70,-0.6,0.8,4077
27.00,-21.054,-6.546,105.5,-0.26,CLEAR(조향OFF)|STRAIGHT,,999.00,0.70,-0.6,0.8,4062
27.05,-21.054,-6.546,105.6,-0.26,CLEAR(조향OFF)|STRAIGHT,,999.00,0.70,-0.6,0.8,4077
27.10,-21.215,-6.667,105.6,-0.44,CLEAR(조향OFF)|STRAIGHT,,999.00,0.70,-0.7,0.9,4077
27.15,-21.215,-6.667,105.6,-0.44,CLEAR(조향OFF)|STRAIGHT,,999.00,0.70,-0.7,0.8,4062
27.20,-21.302,-6.728,105.6,-0.35,CLEAR(조향OFF)|STRAIGHT,,999.00,0.70,-0.7,0.8,4077
27.25,-21.302,-6.728,105.6,-0.35,CLEAR(조향OFF)|STRAIGHT,,999.00,0.70,-0.7,0.9,4062
27.30,-21.382,-6.795,105.6,-0.43,CLEAR(조향OFF)|STRAIGHT,,999.00,0.70,-0.8,0.9,4062
27.35,-21.382,-6.795,105.6,-0.43,CLEAR(조향OFF)|STRAIGHT,,999.00,0.70,-0.8,0.8,4062
27.40,-21.462,-6.851,105.7,-0.32,CLEAR(조향OFF)|STRAIGHT,,999.00,0.70,-0.8,0.9,4062
27.45,-21.462,-6.851,105.7,-0.32,CLEAR(조향OFF)|STRAIGHT,,999.00,0.70,-0.8,0.9,4062
27.50,-21.552,-6.920,105.7,-0.42,CLEAR(조향OFF)|STRAIGHT,,999.00,0.70,-0.9,0.9,4077
27.55,-21.552,-6.920,105.8,-0.42,CLEAR(조향OFF)|STRAIGHT,,999.00,0.70,-0.9,0.8,4062
27.60,-21.635,-6.974,105.8,-0.33,CLEAR(조향OFF)|STRAIGHT,,999.00,0.70,-1.0,0.8,4062
27.65,-21.635,-6.974,105.8,-0.33,CLEAR(조향OFF)|STRAIGHT,,999.00,0.70,-1.0,1.0,4077
27.70,-21.721,-7.044,105.8,-0.40,CLEAR(조향OFF)|STRAIGHT,,999.00,0.70,-1.1,0.9,4062
27.75,-21.721,-7.044,105.8,-0.40,CLEAR(조향OFF)|STRAIGHT,,999.00,0.70,-1.1,0.8,4062
27.80,-21.721,-7.044,105.9,-0.40,CLEAR(조향OFF)|STRAIGHT,,999.00,0.70,-1.1,0.8,4077
27.85,-21.805,-7.096,105.9,-0.19,CLEAR(조향OFF)|STRAIGHT,,999.00,0.70,-1.1,0.9,4047
27.90,-21.805,-7.096,105.8,-0.19,CLEAR(조향OFF)|STRAIGHT,,999.00,0.70,-1.2,0.9,4062
27.95,-21.805,-7.096,105.9,-0.19,CLEAR(조향OFF)|STRAIGHT,,999.00,0.70,-1.2,0.9,4077
28.00,-21.966,-7.221,105.9,-0.48,CLEAR(조향OFF)|STRAIGHT,,999.00,0.70,-1.2,0.9,4047
28.05,-21.966,-7.221,105.9,-0.48,CLEAR(조향OFF)|STRAIGHT,,999.00,0.70,-1.2,0.6,4106
28.10,-22.050,-7.280,105.8,-0.34,CLEAR(조향OFF)|STRAIGHT,,999.00,0.70,-1.1,0.6,4106
28.15,-22.050,-7.280,105.8,-0.34,CLEAR(조향OFF)|STRAIGHT,,999.00,0.70,-1.1,0.6,4092
28.20,-22.134,-7.348,105.8,-0.42,CLEAR(조향OFF)|STRAIGHT,,999.00,0.70,-1.1,0.6,4106
28.25,-22.134,-7.348,105.8,-0.42,CLEAR(조향OFF)|STRAIGHT,,999.00,0.70,-1.1,0.5,4121
28.30,-22.216,-7.411,105.8,-0.39,CLEAR(조향OFF)|STRAIGHT,,999.00,0.70,-1.1,0.5,4121
28.35,-22.216,-7.411,105.9,-0.39,CLEAR(조향OFF)|STRAIGHT,,999.00,0.70,-1.1,0.6,4121
28.40,-22.304,-7.471,105.8,-0.37,CLEAR(조향OFF)|STRAIGHT,,999.00,0.70,-1.2,0.5,4137
28.45,-22.304,-7.471,105.9,-0.37,CLEAR(조향OFF)|STRAIGHT,,999.00,0.70,-1.2,0.6,4121
28.50,-22.391,-7.532,105.9,-0.32,CLEAR(조향OFF)|STRAIGHT,,999.00,0.70,-1.1,0.5,4121
28.55,-22.391,-7.532,105.9,-0.32,CLEAR(조향OFF)|STRAIGHT,,999.00,0.70,-1.1,0.5,4106
28.60,-22.471,-7.593,105.9,-0.41,CLEAR(조향OFF)|STRAIGHT,,999.00,0.70,-1.2,0.6,4121
28.65,-22.471,-7.593,105.9,-0.41,CLEAR(조향OFF)|STRAIGHT,,999.00,0.70,-1.2,0.5,4121
28.70,-22.557,-7.657,105.8,-0.35,CLEAR(조향OFF)|STRAIGHT,,999.00,0.70,-1.2,0.5,4121
28.75,-22.557,-7.657,105.8,-0.35,CLEAR(조향OFF)|STRAIGHT,,999.00,0.70,-1.2,0.5,4121
28.80,-22.641,-7.722,105.8,-0.39,CLEAR(조향OFF)|STRAIGHT,,999.00,0.70,-1.1,0.5,4121
28.85,-22.641,-7.722,105.8,-0.39,CLEAR(조향OFF)|STRAIGHT,,999.00,0.70,-1.1,0.5,4121
28.90,-22.641,-7.722,105.8,-0.39,CLEAR(조향OFF)|STRAIGHT,,999.00,0.70,-1.1,0.3,4152
28.95,-22.724,-7.782,105.7,-0.32,CLEAR(조향OFF)|STRAIGHT,,999.00,0.70,-1.1,0.2,4152
29.00,-22.810,-7.854,105.7,-0.50,CLEAR(조향OFF)|STRAIGHT,,999.00,0.70,-1.0,0.3,4152
29.05,-22.810,-7.854,105.7,-0.50,CLEAR(조향OFF)|STRAIGHT,,999.00,0.70,-1.0,0.3,4152
29.10,-22.810,-7.854,105.7,-0.50,CLEAR(조향OFF)|STRAIGHT,,999.00,0.70,-0.9,0.3,4152
29.15,-22.893,-7.911,105.7,-0.29,CLEAR(조향OFF)|STRAIGHT,,999.00,0.70,-0.9,0.3,4137
29.20,-22.983,-7.972,105.6,-0.38,CLEAR(조향OFF)|STRAIGHT,,999.00,0.70,-0.9,0.3,4167
29.25,-22.983,-7.972,105.6,-0.38,CLEAR(조향OFF)|STRAIGHT,,999.00,0.70,-0.9,0.4,4152
29.30,-23.058,-8.033,105.6,-0.43,CLEAR(조향OFF)|STRAIGHT,,999.00,0.70,-0.8,0.3,4152
29.35,-23.058,-8.033,105.5,-0.43,CLEAR(조향OFF)|STRAIGHT,,999.00,0.70,-0.8,0.3,4152
29.40,-23.152,-8.087,105.5,-0.27,CLEAR(조향OFF)|STRAIGHT,,999.00,0.70,-0.7,0.3,4167
29.45,-23.152,-8.087,105.5,-0.27,CLEAR(조향OFF)|STRAIGHT,,999.00,0.70,-0.7,0.3,4152
29.50,-23.235,-8.157,105.5,-0.45,CLEAR(조향OFF)|STRAIGHT,,999.00,0.70,-0.7,0.3,4152
29.55,-23.235,-8.157,105.4,-0.45,CLEAR(조향OFF)|STRAIGHT,,999.00,0.70,-0.7,0.3,4167
29.60,-23.314,-8.218,105.4,-0.39,CLEAR(조향OFF)|STRAIGHT,,999.00,0.70,-0.5,0.3,4167
29.65,-23.314,-8.218,105.4,-0.39,CLEAR(조향OFF)|STRAIGHT,,999.00,0.70,-0.5,0.3,4167
29.70,-23.403,-8.280,105.3,-0.33,CLEAR(조향OFF)|STRAIGHT,,999.00,0.70,-0.5,0.3,4152
29.75,-23.403,-8.280,105.3,-0.33,CLEAR(조향OFF)|STRAIGHT,,999.00,0.70,-0.5,0.3,4167
29.80,-23.487,-8.341,105.3,-0.36,CLEAR(조향OFF)|STRAIGHT,,999.00,0.70,-0.4,0.3,4152
29.85,-23.487,-8.341,105.3,-0.36,CLEAR(조향OFF)|STRAIGHT,,999.00,0.70,-0.4,0.3,4167
29.90,-23.566,-8.402,105.3,-0.38,CLEAR(조향OFF)|STRAIGHT,,999.00,0.70,-0.3,0.3,4167
29.95,-23.566,-8.402,105.3,-0.38,CLEAR(조향OFF)|STRAIGHT,,999.00,0.70,-0.3,0.2,4183
30.00,-23.659,-8.461,105.2,-0.33,CLEAR(조향OFF)|STRAIGHT,,999.00,0.70,-0.3,0.3,4152
30.05,-23.659,-8.461,105.2,-0.33,CLEAR(조향OFF)|STRAIGHT,,999.00,0.70,-0.3,0.3,4183
30.10,-23.743,-8.519,105.2,-0.34,CLEAR(조향OFF)|STRAIGHT,,999.00,0.70,-0.2,0.3,4167
30.15,-23.743,-8.519,105.1,-0.34,CLEAR(조향OFF)|STRAIGHT,,999.00,0.70,-0.2,0.3,4167
30.20,-23.829,-8.579,105.1,-0.35,CLEAR(조향OFF)|STRAIGHT,,999.00,0.70,-0.1,0.3,4167
30.25,-23.829,-8.579,105.1,-0.35,CLEAR(조향OFF)|STRAIGHT,,999.00,0.70,-0.1,0.3,4183
30.30,-23.920,-8.640,105.1,-0.40,CLEAR(조향OFF)|STRAIGHT,,999.00,0.70,-0.1,0.3,4152
30.35,-23.920,-8.640,105.0,-0.40,CLEAR(조향OFF)|STRAIGHT,,999.00,0.70,-0.1,0.3,4152
30.40,-23.999,-8.703,105.0,-0.40,CLEAR(조향OFF)|STRAIGHT,,999.00,0.70,0.1,0.3,4167
30.45,-23.999,-8.703,104.9,-0.40,CLEAR(조향OFF)|STRAIGHT,,999.00,0.70,0.1,0.3,4152
30.50,-23.999,-8.703,104.9,-0.40,CLEAR(조향OFF)|STRAIGHT,,999.00,0.70,0.2,0.3,4167
30.55,-23.999,-8.703,104.9,-0.40,CLEAR(조향OFF)|STRAIGHT,,999.00,0.70,0.2,0.3,4152
30.60,-24.171,-8.822,104.8,-0.16,CLEAR(조향OFF)|STRAIGHT,,999.00,0.70,0.3,0.3,4167
30.65,-24.171,-8.822,104.8,-0.16,CLEAR(조향OFF)|STRAIGHT,,999.00,0.70,0.3,0.3,4167
30.70,-24.256,-8.878,104.8,-0.32,CLEAR(조향OFF)|STRAIGHT,,999.00,0.70,0.4,0.3,4167
30.75,-24.256,-8.878,104.8,-0.32,CLEAR(조향OFF)|STRAIGHT,,999.00,0.70,0.4,0.3,4152
30.80,-24.346,-8.942,104.8,-0.35,CLEAR(조향OFF)|STRAIGHT,,999.00,0.70,0.4,0.3,4167
30.85,-24.346,-8.942,104.7,-0.35,CLEAR(조향OFF)|STRAIGHT,,999.00,0.70,0.4,0.2,4167
30.90,-24.346,-8.942,104.7,-0.35,CLEAR(조향OFF)|STRAIGHT,,999.00,0.70,0.4,0.3,4183
30.95,-24.431,-9.002,104.7,-0.33,CLEAR(조향OFF)|STRAIGHT,,999.00,0.70,0.4,0.3,4183
31.00,-24.522,-9.059,104.7,-0.36,CLEAR(조향OFF)|STRAIGHT,,999.00,0.70,0.6,0.2,4183
31.05,-24.522,-9.059,104.7,-0.36,CLEAR(조향OFF)|STRAIGHT,,999.00,0.70,0.6,0.3,4183
31.10,-24.607,-9.123,-144.1,-0.40,CLEAR(조향OFF)|STRAIGHT,,999.00,0.70,0.6,0.3,4183
31.15,-24.607,-9.123,-144.1,-0.40,CLEAR(조향OFF)|STRAIGHT,,999.00,0.70,0.6,0.3,4167
31.20,-24.689,-9.183,-144.1,1.17,CLEAR(조향OFF)|STRAIGHT,,999.00,0.00,0.0,0.3,4183
31.25,-24.689,-9.183,-144.2,1.17,CLEAR(조향OFF)|STRAIGHT,,999.00,0.00,0.0,0.3,4183
31.30,-24.783,-9.240,-144.3,1.05,CLEAR(조향OFF)|STRAIGHT,,999.00,0.00,0.0,0.3,4167
31.35,-24.783,-9.240,-144.3,1.05,CLEAR(조향OFF)|STRAIGHT,,999.00,0.00,0.0,0.3,4183
31.40,-24.870,-9.303,-144.3,1.08,CLEAR(조향OFF)|STRAIGHT,,999.00,0.00,0.0,0.2,4183
31.45,-24.870,-9.303,-144.3,1.08,CLEAR(조향OFF)|STRAIGHT,,999.00,0.00,0.0,0.3,4167
31.50,-24.948,-9.361,-144.3,0.88,CLEAR(조향OFF)|STRAIGHT,,999.00,0.00,0.0,0.3,4183
31.55,-24.948,-9.361,-144.3,0.88,CLEAR(조향OFF)|STRAIGHT,,999.00,0.00,0.0,0.3,4167
31.60,-25.024,-9.414,-144.4,0.93,CLEAR(조향OFF)|STRAIGHT,,999.00,0.00,0.0,0.3,4167
31.65,-25.024,-9.414,-144.4,0.93,CLEAR(조향OFF)|STRAIGHT,,999.00,0.00,0.0,0.3,4183
31.70,-25.096,-9.463,-144.4,0.87,CLEAR(조향OFF)|STRAIGHT,,999.00,0.00,0.0,0.3,4167
31.75,-25.096,-9.463,-144.4,0.87,CLEAR(조향OFF)|STRAIGHT,,999.00,0.00,0.0,0.3,4167
31.80,-25.164,-9.508,-144.5,0.81,CLEAR(조향OFF)|STRAIGHT,,999.00,0.00,0.0,0.3,4167
31.85,-25.164,-9.508,-144.5,0.81,CLEAR(조향OFF)|STRAIGHT,,999.00,0.00,0.0,0.3,4183
31.90,-25.164,-9.508,-144.5,0.81,CLEAR(조향OFF)|STRAIGHT,,999.00,0.00,0.0,0.3,4167
31.95,-25.223,-9.554,-144.5,0.69,CLEAR(조향OFF)|STRAIGHT,,999.00,0.00,0.0,0.3,4167
32.00,-25.287,-9.594,-144.5,0.94,CLEAR(조향OFF)|STRAIGHT,,999.00,0.00,0.0,0.3,4167
32.05,-25.287,-9.594,-144.5,0.94,CLEAR(조향OFF)|STRAIGHT,,999.00,0.00,0.0,0.3,4183
32.10,-25.338,-9.629,-144.5,0.56,CLEAR(조향OFF)|STRAIGHT,,999.00,0.00,0.0,0.3,4167
32.15,-25.338,-9.629,-144.5,0.56,CLEAR(조향OFF)|STRAIGHT,,999.00,0.00,0.0,0.3,4183
32.20,-25.389,-9.671,-144.5,0.66,CLEAR(조향OFF)|STRAIGHT,,999.00,0.00,0.0,0.3,4167
32.25,-25.389,-9.671,-144.5,0.66,CLEAR(조향OFF)|STRAIGHT,,999.00,0.00,0.0,0.3,4183
32.30,-25.437,-9.703,-144.5,0.58,CLEAR(조향OFF)|STRAIGHT,,999.00,0.00,0.0,0.3,4167
32.35,-25.437,-9.703,-144.5,0.58,CLEAR(조향OFF)|STRAIGHT,,999.00,0.00,0.0,0.3,4167
32.40,-25.437,-9.703,-144.5,0.58,CLEAR(조향OFF)|STRAIGHT,,999.00,0.00,0.0,0.3,4167
32.45,-25.437,-9.703,-144.5,0.58,CLEAR(조향OFF)|STRAIGHT,,999.00,0.00,0.0,0.3,4167
32.50,-25.437,-9.703,-144.5,0.58,CLEAR(조향OFF)|STRAIGHT,,999.00,0.00,0.0,0.3,4167
32.55,-25.437,-9.703,-144.5,0.58,CLEAR(조향OFF)|STRAIGHT,,999.00,0.00,0.0,0.3,4167
32.60,-25.437,-9.703,-144.5,0.58,CLEAR(조향OFF)|STRAIGHT,,999.00,0.70,4.8,0.3,4167
32.65,-25.437,-9.703,-144.5,0.58,CLEAR(조향OFF)|STRAIGHT,,999.00,0.70,4.8,0.3,4167
32.70,-25.437,-9.703,-144.5,0.58,CLEAR(조향OFF)|STRAIGHT,,999.00,0.70,4.8,1.3,4062
32.75,-25.437,-9.703,-144.5,0.58,CLEAR(조향OFF)|STRAIGHT,,999.00,0.70,4.8,2.6,3893
32.80,-25.437,-9.703,-144.5,0.58,CLEAR(조향OFF)|STRAIGHT,,999.00,0.70,4.8,2.9,3827
32.85,-25.437,-9.703,-144.5,0.58,CLEAR(조향OFF)|STRAIGHT,,999.00,0.70,2.5,2.9,3788
32.90,-25.437,-9.703,-144.5,0.58,CLEAR(조향OFF)|STRAIGHT,,999.00,0.00,0.3,2.9,3788
32.95,-25.437,-9.703,-144.5,0.58,CLEAR(조향OFF)|STRAIGHT,,999.00,0.00,0.0,2.9,3776
33.00,-25.437,-9.703,-144.5,0.58,CLEAR(조향OFF)|STRAIGHT,,999.00,0.00,0.0,2.6,3814
33.05,-25.437,-9.703,-144.5,0.58,CLEAR(조향OFF)|STRAIGHT,,999.00,0.00,0.0,1.8,3907
33.10,-25.437,-9.703,-144.5,0.58,CLEAR(조향OFF)|STRAIGHT,,999.00,0.00,0.0,1.6,3934
33.15,-25.437,-9.703,-144.5,0.58,CLEAR(조향OFF)|STRAIGHT,,999.00,0.00,0.0,1.6,3934
33.20,-25.437,-9.703,-144.5,0.58,CLEAR(조향OFF)|STRAIGHT,,999.00,0.00,0.0,1.5,3948
33.25,-25.437,-9.703,-144.5,0.58,CLEAR(조향OFF)|STRAIGHT,,999.00,0.00,0.0,1.6,3948
33.30,-25.437,-9.703,-144.5,0.58,CLEAR(조향OFF)|STRAIGHT,,999.00,0.00,0.0,1.6,3962
33.35,-25.437,-9.703,-144.5,0.58,CLEAR(조향OFF)|STRAIGHT,,999.00,0.00,0.0,1.6,3934
33.40,-25.437,-9.703,-144.5,0.58,CLEAR(조향OFF)|STRAIGHT,,999.00,0.00,0.0,1.6,3948
33.45,-25.437,-9.703,-144.5,0.58,CLEAR(조향OFF)|STRAIGHT,,999.00,0.00,0.0,1.6,3962
33.50,-25.437,-9.703,-144.5,0.58,CLEAR(조향OFF)|STRAIGHT,,999.00,0.00,0.0,1.6,3948
33.55,-25.437,-9.703,-144.5,0.58,CLEAR(조향OFF)|STRAIGHT,,999.00,0.00,0.0,1.6,3934
33.60,-25.437,-9.703,-144.5,0.58,CLEAR(조향OFF)|STRAIGHT,,999.00,0.00,0.0,1.6,3962
33.65,-25.760,-9.929,-144.4,0.08,CLEAR(조향OFF)|STRAIGHT,,999.00,0.00,0.0,1.6,3948
33.70,-25.766,-9.931,-144.4,0.06,CLEAR(조향OFF)|STRAIGHT,,999.00,0.00,0.0,1.6,3948
33.75,-25.766,-9.931,-144.4,0.06,CLEAR(조향OFF)|STRAIGHT,,999.00,0.05,2.2,1.6,3962
33.80,-25.767,-9.931,-144.4,0.01,CLEAR(조향OFF)|STRAIGHT,,999.00,0.10,4.5,1.6,3962
33.85,-25.767,-9.931,-144.4,0.01,CLEAR(조향OFF)|STRAIGHT,,999.00,0.15,6.8,1.5,3934
33.90,-25.766,-9.932,-144.4,-0.00,CLEAR(조향OFF)|STRAIGHT,,999.00,0.20,7.4,1.8,3934
33.95,-25.766,-9.932,-144.4,-0.00,CLEAR(조향OFF)|STRAIGHT,,999.00,0.25,7.4,3.4,3751
34.00,-25.766,-9.929,-144.4,-0.01,CLEAR(조향OFF)|STRAIGHT,,999.00,0.30,7.4,4.2,3618
34.05,-25.766,-9.929,-144.4,-0.01,CLEAR(조향OFF)|STRAIGHT,,999.00,0.35,7.4,4.3,3595
34.10,-25.764,-9.930,-144.4,-0.01,CLEAR(조향OFF)|STRAIGHT,,999.00,0.40,7.4,4.3,3583
34.15,-25.764,-9.930,-144.4,-0.01,CLEAR(조향OFF)|STRAIGHT,,999.00,0.45,7.3,5.4,3561
34.20,-25.767,-9.928,-144.4,0.01,CLEAR(조향OFF)|STRAIGHT,,999.00,0.50,7.2,4.2,3561
34.25,-25.767,-9.928,-144.4,0.01,CLEAR(조향OFF)|STRAIGHT,,999.00,0.55,7.4,4.3,3549
34.30,-25.779,-9.939,-144.3,0.16,CLEAR(조향OFF)|STRAIGHT,,999.00,0.60,7.4,4.2,3549
34.35,-25.779,-9.939,-144.3,0.16,CLEAR(조향OFF)|STRAIGHT,,999.00,0.65,6.4,4.3,3561
34.40,-25.794,-9.946,-144.2,0.16,CLEAR(조향OFF)|STRAIGHT,,999.00,0.70,6.4,4.2,3549
34.45,-25.794,-9.946,-144.1,0.16,CLEAR(조향OFF)|STRAIGHT,,999.00,0.70,6.5,4.3,3538
34.50,-25.810,-9.958,-144.1,0.20,CLEAR(조향OFF)|STRAIGHT,,999.00,0.70,6.5,4.2,3549
34.55,-25.810,-9.958,-144.1,0.20,CLEAR(조향OFF)|STRAIGHT,,999.00,0.70,6.3,4.3,3538
34.60,-25.828,-9.970,-144.0,0.22,CLEAR(조향OFF)|STRAIGHT,,999.00,0.70,6.3,4.3,3538
34.65,-25.828,-9.970,-143.9,0.22,CLEAR(조향OFF)|STRAIGHT,,999.00,0.70,6.3,4.6,3505
34.70,-25.852,-9.986,-143.9,0.29,CLEAR(조향OFF)|STRAIGHT,,999.00,0.70,6.3,4.6,3494
34.75,-25.852,-9.986,-143.7,0.29,CLEAR(조향OFF)|STRAIGHT,,999.00,0.70,6.0,4.6,3494
34.80,-25.874,-10.006,-143.7,0.33,CLEAR(조향OFF)|STRAIGHT,,999.00,0.70,5.9,4.5,3505
34.85,-25.874,-10.006,-143.7,0.33,CLEAR(조향OFF)|STRAIGHT,,999.00,0.70,5.7,4.5,3505
34.90,-25.874,-10.006,-143.5,0.33,CLEAR(조향OFF)|STRAIGHT,,999.00,0.70,5.7,4.6,3494
34.95,-25.898,-10.028,-143.4,0.25,CLEAR(조향OFF)|STRAIGHT,,999.00,0.70,5.5,4.6,3483
35.00,-25.898,-10.028,-143.4,0.25,CLEAR(조향OFF)|STRAIGHT,,999.00,0.70,3.3,4.5,3494
35.05,-25.898,-10.028,-143.2,0.25,CLEAR(조향OFF)|STRAIGHT,,999.00,0.70,3.3,4.5,3494
35.10,-25.957,-10.076,-143.1,0.42,CLEAR(조향OFF)|STRAIGHT,,999.00,0.70,3.2,4.5,3494
35.15,-25.957,-10.076,-143.0,0.42,CLEAR(조향OFF)|STRAIGHT,,999.00,0.70,2.8,4.5,3483
35.20,-25.992,-10.103,-143.0,0.44,CLEAR(조향OFF)|STRAIGHT,,999.00,0.70,2.7,4.5,3505
35.25,-25.992,-10.103,-142.8,0.44,CLEAR(조향OFF)|STRAIGHT,,999.00,0.70,2.7,4.6,3483
35.30,-26.029,-10.130,-142.7,0.46,CLEAR(조향OFF)|STRAIGHT,,999.00,0.70,2.6,4.5,3483
35.35,-26.029,-10.130,-142.6,0.46,CLEAR(조향OFF)|STRAIGHT,,999.00,0.70,2.6,4.5,3483
35.40,-26.062,-10.156,-142.5,0.42,CLEAR(조향OFF)|STRAIGHT,,999.00,0.70,2.6,4.0,3549
35.45,-26.062,-10.156,-142.4,0.42,CLEAR(조향OFF)|STRAIGHT,,999.00,0.70,2.7,3.9,3561
35.50,-26.098,-10.187,-142.3,0.47,CLEAR(조향OFF)|STRAIGHT,,999.00,0.70,2.6,3.9,3561
35.55,-26.098,-10.187,-142.2,0.47,CLEAR(조향OFF)|STRAIGHT,,999.00,0.70,2.4,4.0,3561
35.60,-26.140,-10.218,-142.1,0.53,CLEAR(조향OFF)|STRAIGHT,,999.00,0.70,2.4,3.9,3561
35.65,-26.140,-10.218,-142.0,0.53,CLEAR(조향OFF)|STRAIGHT,,999.00,0.70,2.3,4.0,3572
35.70,-26.176,-10.251,-141.9,0.55,CLEAR(조향OFF)|STRAIGHT,,999.00,0.70,2.2,4.0,3549
35.75,-26.176,-10.251,-141.8,0.55,CLEAR(조향OFF)|STRAIGHT,,999.00,0.70,2.1,4.0,3561
35.80,-26.216,-10.285,-141.7,0.48,CLEAR(조향OFF)|STRAIGHT,,999.00,0.70,2.0,4.0,3561
35.85,-26.216,-10.285,-141.5,0.48,CLEAR(조향OFF)|STRAIGHT,,999.00,0.70,2.2,4.0,3572
35.90,-26.216,-10.285,-141.5,0.48,CLEAR(조향OFF)|STRAIGHT,,999.00,0.70,2.1,3.9,3572
35.95,-26.254,-10.320,-141.3,0.47,CLEAR(조향OFF)|STRAIGHT,,999.00,0.70,1.9,3.9,3572
36.00,-26.254,-10.320,-141.2,0.47,CLEAR(조향OFF)|STRAIGHT,,999.00,0.70,1.9,3.9,3583
36.05,-26.306,-10.354,-141.0,0.47,CLEAR(조향OFF)|STRAIGHT,,999.00,0.70,1.8,3.8,3583
36.10,-26.306,-10.354,-140.9,0.47,CLEAR(조향OFF)|STRAIGHT,,999.00,0.70,0.7,3.8,3583
36.15,-26.306,-10.354,-140.7,0.47,CLEAR(조향OFF)|STRAIGHT,,999.00,0.70,0.5,3.8,3583
36.20,-26.392,-10.425,-140.6,0.70,CLEAR(조향OFF)|STRAIGHT,,999.00,0.70,0.5,3.9,3572
36.25,-26.392,-10.425,-140.4,0.70,CLEAR(조향OFF)|STRAIGHT,,999.00,0.70,0.1,3.9,3572
36.30,-26.442,-10.470,-140.3,0.67,CLEAR(조향OFF)|STRAIGHT,,999.00,0.70,-0.0,3.5,3618
36.35,-26.442,-10.470,-140.2,0.67,CLEAR(조향OFF)|STRAIGHT,,999.00,0.70,-0.1,3.3,3641
36.40,-26.489,-10.505,-140.1,0.58,CLEAR(조향OFF)|STRAIGHT,,999.00,0.70,-0.2,3.1,3665
36.45,-26.489,-10.505,-140.0,0.58,CLEAR(조향OFF)|STRAIGHT,,999.00,0.70,-0.2,3.1,3677
36.50,-26.542,-10.550,-139.9,0.70,CLEAR(조향OFF)|STRAIGHT,,999.00,0.70,-0.3,3.0,3689
36.55,-26.542,-10.550,-139.7,0.70,CLEAR(조향OFF)|STRAIGHT,,999.00,0.70,-0.5,3.0,3689
36.60,-26.586,-10.595,-139.7,0.69,CLEAR(조향OFF)|STRAIGHT,,999.00,0.70,-0.6,3.1,3689
36.65,-26.586,-10.595,-139.5,0.69,CLEAR(조향OFF)|STRAIGHT,,999.00,0.70,-0.8,2.7,3738
36.70,-26.638,-10.632,-139.4,0.58,CLEAR(조향OFF)|STRAIGHT,,999.00,0.70,-0.9,2.7,3738
36.75,-26.638,-10.632,-139.3,0.58,CLEAR(조향OFF)|STRAIGHT,,999.00,0.70,-0.9,2.3,3788
36.80,-26.688,-10.675,-139.2,0.66,CLEAR(조향OFF)|STRAIGHT,,999.00,0.70,-0.9,1.8,3867
36.85,-26.688,-10.675,-139.2,0.66,CLEAR(조향OFF)|STRAIGHT,,999.00,0.70,-1.4,1.6,3893
36.90,-26.688,-10.675,-139.1,0.66,CLEAR(조향OFF)|STRAIGHT,,999.00,0.69,-1.5,1.5,3893
36.95,-26.740,-10.719,-139.0,0.56,CLEAR(조향OFF)|STRAIGHT,,999.00,0.69,-1.5,1.5,3907
37.00,-26.740,-10.719,-139.0,0.56,CLEAR(조향OFF)|STRAIGHT,,999.00,0.69,-1.6,1.5,3934
37.05,-26.740,-10.719,-139.0,0.56,CLEAR(조향OFF)|STRAIGHT,,999.00,0.69,-1.6,1.5,3920
37.10,-26.740,-10.719,-139.0,0.56,CLEAR(조향OFF)|STRAIGHT,,999.00,0.69,-1.6,1.3,3976
37.15,-26.842,-10.805,-139.0,0.70,CLEAR(조향OFF)|STRAIGHT,,999.00,0.69,-1.7,1.1,3990
37.20,-26.893,-10.859,-139.0,0.82,CLEAR(조향OFF)|STRAIGHT,,999.00,0.69,-1.9,1.2,3990
37.25,-26.893,-10.859,-138.9,0.82,CLEAR(조향OFF)|STRAIGHT,,999.00,0.69,-2.1,1.1,4004
37.30,-26.948,-10.900,-138.9,0.69,CLEAR(조향OFF)|STRAIGHT,,999.00,0.69,-2.2,1.0,4018
37.35,-26.948,-10.900,-138.9,0.69,CLEAR(조향OFF)|STRAIGHT,,999.00,0.69,-2.2,0.5,4077
37.40,-27.004,-10.943,-138.9,0.71,CLEAR(조향OFF)|STRAIGHT,,999.00,0.69,-2.2,0.5,4106
37.45,-27.004,-10.943,-138.9,0.71,CLEAR(조향OFF)|STRAIGHT,,999.00,0.69,-2.3,0.5,4106
37.50,-27.061,-10.997,-138.9,0.78,CLEAR(조향OFF)|STRAIGHT,,999.00,0.69,-2.3,0.4,4092
37.55,-27.061,-10.997,-138.9,0.78,CLEAR(조향OFF)|STRAIGHT,,999.00,0.69,-2.3,0.4,4121
37.60,-27.117,-11.041,-138.9,0.70,CLEAR(조향OFF)|STRAIGHT,,999.00,0.69,-2.3,0.4,4106
37.65,-27.117,-11.041,-138.9,0.70,CLEAR(조향OFF)|STRAIGHT,,999.00,0.69,-2.4,-0.1,4167
37.70,-27.174,-11.086,-139.0,0.73,CLEAR(조향OFF)|STRAIGHT,,999.00,0.69,-2.4,-0.0,4167
37.75,-27.174,-11.086,-139.0,0.73,CLEAR(조향OFF)|STRAIGHT,,999.00,0.69,-2.5,-0.1,4167
37.80,-27.231,-11.135,-139.0,0.75,CLEAR(조향OFF)|STRAIGHT,,999.00,0.69,-2.4,-0.0,4198
37.85,-27.231,-11.135,-139.1,0.75,CLEAR(조향OFF)|STRAIGHT,,999.00,0.69,-2.6,-0.2,4183
37.90,-27.231,-11.135,-139.1,0.75,CLEAR(조향OFF)|STRAIGHT,,999.00,0.69,-2.5,-0.1,4183
37.95,-27.287,-11.185,-139.1,0.68,CLEAR(조향OFF)|STRAIGHT,,999.00,0.69,-2.5,-0.1,4198
38.00,-27.347,-11.234,-139.1,0.86,CLEAR(조향OFF)|STRAIGHT,,999.00,0.69,-2.8,-0.0,4198
38.05,-27.347,-11.234,-139.2,0.86,CLEAR(조향OFF)|STRAIGHT,,999.00,0.69,-2.8,-0.0,4214
38.10,-27.402,-11.288,-139.2,0.72,CLEAR(조향OFF)|STRAIGHT,,999.00,0.69,-2.8,-0.1,4214
38.15,-27.402,-11.288,-139.2,0.72,CLEAR(조향OFF)|STRAIGHT,,999.00,0.69,-3.2,-0.0,4198
38.20,-27.464,-11.330,-139.2,0.79,CLEAR(조향OFF)|STRAIGHT,,999.00,0.69,-3.2,-0.1,4198
38.25,-27.464,-11.330,-139.2,0.79,CLEAR(조향OFF)|STRAIGHT,,999.00,0.69,-2.7,-0.0,4214
38.30,-27.526,-11.385,-139.2,0.83,CLEAR(조향OFF)|STRAIGHT,,999.00,0.69,-2.7,-0.1,4214
38.35,-27.526,-11.385,-139.2,0.83,CLEAR(조향OFF)|STRAIGHT,,999.00,0.69,-2.9,-0.2,4214
38.40,-27.585,-11.429,-139.2,0.74,CLEAR(조향OFF)|STRAIGHT,,999.00,0.69,-2.9,-0.1,4230
38.45,-27.585,-11.429,-139.2,0.74,CLEAR(조향OFF)|STRAIGHT,,999.00,0.69,-3.0,-0.1,4198
38.50,-27.585,-11.429,-139.2,0.74,CLEAR(조향OFF)|STRAIGHT,,999.00,0.69,-3.0,-0.2,4214
38.55,-27.641,-11.481,-139.2,0.70,CLEAR(조향OFF)|STRAIGHT,,999.00,0.69,-3.0,-0.5,4246
38.60,-27.641,-11.481,-139.2,0.70,CLEAR(조향OFF)|STRAIGHT,,999.00,0.69,-3.3,-0.7,4262
38.65,-27.641,-11.481,-139.2,0.70,CLEAR(조향OFF)|STRAIGHT,,999.00,0.69,-3.3,-0.7,4278
38.70,-27.641,-11.481,-139.2,0.70,CLEAR(조향OFF)|STRAIGHT,,999.00,0.69,-3.3,-0.7,4295
38.75,-27.641,-11.481,-139.2,0.70,CLEAR(조향OFF)|STRAIGHT,,999.00,0.69,-3.3,-0.7,4278
38.80,-27.641,-11.481,-139.2,0.70,CLEAR(조향OFF)|STRAIGHT,,999.00,0.69,-3.3,-0.8,4295
38.85,-27.641,-11.481,-139.2,0.70,CLEAR(조향OFF)|STRAIGHT,,999.00,0.69,-3.3,-0.7,4311
38.90,-27.641,-11.481,-139.2,0.70,CLEAR(조향OFF)|STRAIGHT,,999.00,0.69,-3.3,-0.8,4295
38.95,-27.641,-11.481,-139.2,0.70,CLEAR(조향OFF)|STRAIGHT,,999.00,0.69,-3.3,-0.8,4311
39.00,-27.641,-11.481,-139.2,0.70,CLEAR(조향OFF)|STRAIGHT,,999.00,0.69,-3.3,-0.9,4311
39.05,-27.641,-11.481,-139.2,0.70,CLEAR(조향OFF)|STRAIGHT,,999.00,0.69,-3.3,-1.5,4344
39.10,-27.641,-11.481,-139.2,0.70,CLEAR(조향OFF)|STRAIGHT,,999.00,0.69,-3.3,-1.6,4378
39.15,-27.641,-11.481,-139.2,0.70,CLEAR(조향OFF)|STRAIGHT,,999.00,0.00,-1.1,-1.5,4378
39.20,-27.641,-11.481,-139.2,0.70,CLEAR(조향OFF)|STRAIGHT,,999.00,0.00,0.0,-1.6,4361
39.25,-27.641,-11.481,-139.2,0.70,CLEAR(조향OFF)|STRAIGHT,,999.00,0.00,0.0,-1.5,4378
39.30,-27.641,-11.481,-139.2,0.70,CLEAR(조향OFF)|STRAIGHT,,999.00,0.00,0.0,-1.6,4395
39.35,-27.641,-11.481,-139.2,0.70,CLEAR(조향OFF)|STRAIGHT,,999.00,0.00,0.0,-1.7,4395
39.40,-27.641,-11.481,-139.2,0.70,CLEAR(조향OFF)|STRAIGHT,,999.00,0.00,0.0,-1.5,4361
39.45,-27.641,-11.481,-139.2,0.70,CLEAR(조향OFF)|STRAIGHT,,999.00,0.00,0.0,-1.3,4378
39.50,-27.641,-11.481,-139.2,0.70,CLEAR(조향OFF)|STRAIGHT,,999.00,0.00,0.0,-1.0,4344
39.55,-27.641,-11.481,-139.2,0.70,CLEAR(조향OFF)|STRAIGHT,,999.00,0.00,0.0,-1.0,4344
39.60,-27.641,-11.481,-139.2,0.70,CLEAR(조향OFF)|STRAIGHT,,999.00,0.00,0.0,-1.0,4344
39.65,-27.641,-11.481,-139.2,0.70,CLEAR(조향OFF)|STRAIGHT,,999.00,0.00,0.0,-1.1,4344
39.70,-27.641,-11.481,-139.2,0.70,CLEAR(조향OFF)|STRAIGHT,,999.00,0.00,0.0,-1.1,4344
39.75,-27.641,-11.481,-139.2,0.70,CLEAR(조향OFF)|STRAIGHT,,999.00,0.00,0.0,-1.1,4361
39.80,-27.641,-11.481,-139.2,0.70,CLEAR(조향OFF)|STRAIGHT,,999.00,0.00,0.0,-1.0,4344
39.85,-27.641,-11.481,-139.2,0.70,CLEAR(조향OFF)|STRAIGHT,,999.00,0.00,0.0,-1.1,4361
39.90,-27.641,-11.481,-139.2,0.70,CLEAR(조향OFF)|STRAIGHT,,999.00,0.00,0.0,-1.1,4328
39.95,-28.456,-12.106,-141.9,0.46,CLEAR(조향OFF)|STRAIGHT,,999.00,0.00,0.0,-1.1,4344
40.00,-28.535,-12.163,-141.9,0.61,CLEAR(조향OFF)|STRAIGHT,,999.00,0.05,-2.2,-1.1,4361
40.05,-28.535,-12.163,-142.0,0.61,CLEAR(조향OFF)|STRAIGHT,,999.00,0.10,-2.2,-1.0,4344
40.10,-28.573,-12.193,-142.1,0.50,CLEAR(조향OFF)|STRAIGHT,,999.00,0.15,-2.2,-1.1,4344
40.15,-28.573,-12.193,-142.0,0.50,CLEAR(조향OFF)|STRAIGHT,,999.00,0.20,-2.2,-1.1,4328
40.20,-28.606,-12.215,-142.1,0.43,CLEAR(조향OFF)|STRAIGHT,,999.00,0.25,-2.3,-1.1,4344
40.25,-28.606,-12.215,-142.2,0.43,CLEAR(조향OFF)|STRAIGHT,,999.00,0.30,-2.3,-1.0,4328
40.30,-28.632,-12.232,-142.1,0.27,CLEAR(조향OFF)|STRAIGHT,,999.00,0.35,-2.2,-1.1,4361
40.35,-28.632,-12.232,-142.1,0.27,CLEAR(조향OFF)|STRAIGHT,,999.00,0.40,-1.8,-1.0,4344
40.40,-28.657,-12.253,-142.2,0.33,CLEAR(조향OFF)|STRAIGHT,,999.00,0.45,-1.8,-1.1,4344
40.45,-28.657,-12.253,-142.3,0.33,CLEAR(조향OFF)|STRAIGHT,,999.00,0.50,-1.8,-1.1,4328
40.50,-28.686,-12.270,-142.3,0.33,CLEAR(조향OFF)|STRAIGHT,,999.00,0.55,-1.7,-1.1,4361
40.55,-28.686,-12.270,-142.4,0.33,CLEAR(조향OFF)|STRAIGHT,,999.00,0.60,-1.7,-1.1,4328
40.60,-28.717,-12.294,-142.4,0.40,CLEAR(조향OFF)|STRAIGHT,,999.00,0.65,-1.6,-1.0,4328
40.65,-28.717,-12.294,-142.5,0.40,CLEAR(조향OFF)|STRAIGHT,,999.00,0.69,-1.6,-1.1,4361
40.70,-28.745,-12.317,-142.5,0.37,CLEAR(조향OFF)|STRAIGHT,,999.00,0.69,-1.6,-1.1,4328
40.75,-28.745,-12.317,-142.6,0.37,CLEAR(조향OFF)|STRAIGHT,,999.00,0.69,-1.6,-1.0,4344
40.80,-28.784,-12.342,-142.6,0.46,CLEAR(조향OFF)|STRAIGHT,,999.00,0.69,-1.6,-1.1,4344
40.85,-28.784,-12.342,-142.7,0.46,CLEAR(조향OFF)|STRAIGHT,,999.00,0.69,-1.5,-1.0,4344
40.90,-28.784,-12.342,-142.7,0.46,CLEAR(조향OFF)|STRAIGHT,,999.00,0.69,-1.4,0.0,4328
40.95,-28.822,-12.371,-142.8,0.44,CLEAR(조향OFF)|STRAIGHT,,999.00,0.69,-1.4,-1.1,4344
41.00,-28.856,-12.400,-142.9,0.49,CLEAR(조향OFF)|STRAIGHT,,999.00,0.69,-1.5,-1.0,4344
41.05,-28.856,-12.400,-142.9,0.49,CLEAR(조향OFF)|STRAIGHT,,999.00,0.69,-1.5,-1.0,4344
41.10,-28.902,-12.430,-143.1,0.55,CLEAR(조향OFF)|STRAIGHT,,999.00,0.69,-1.5,-1.1,4361
41.15,-28.902,-12.430,-143.1,0.55,CLEAR(조향OFF)|STRAIGHT,,999.00,0.69,-1.3,-1.0,4311
41.20,-28.943,-12.461,-143.1,0.51,CLEAR(조향OFF)|STRAIGHT,,999.00,0.69,-1.3,-1.1,4344
41.25,-28.943,-12.461,-143.3,0.51,CLEAR(조향OFF)|STRAIGHT,,999.00,0.69,-1.3,-1.2,4344
41.30,-28.983,-12.493,-143.3,0.52,CLEAR(조향OFF)|STRAIGHT,,999.00,0.69,-1.3,-1.0,4344
41.35,-28.983,-12.493,-143.4,0.52,CLEAR(조향OFF)|STRAIGHT,,999.00,0.69,-1.3,-1.0,4328
41.40,-29.034,-12.522,-143.5,0.58,CLEAR(조향OFF)|STRAIGHT,,999.00,0.69,-1.3,-1.1,4328
41.45,-29.034,-12.522,-143.5,0.58,CLEAR(조향OFF)|STRAIGHT,,999.00,0.69,-0.7,-1.0,4344
41.50,-29.085,-12.553,-143.6,0.66,CLEAR(조향OFF)|STRAIGHT,,999.00,0.69,-0.7,-1.0,4344
41.55,-29.085,-12.553,-143.6,0.66,CLEAR(조향OFF)|STRAIGHT,,999.00,0.69,-0.6,-1.1,4344
41.60,-29.130,-12.584,-143.7,0.50,CLEAR(조향OFF)|STRAIGHT,,999.00,0.69,-0.6,-1.0,4328
41.65,-29.130,-12.584,-143.7,0.50,CLEAR(조향OFF)|STRAIGHT,,999.00,0.69,-0.5,-1.0,4328
41.70,-29.182,-12.617,-143.8,0.61,CLEAR(조향OFF)|STRAIGHT,,999.00,0.69,-0.5,-1.0,4344
41.75,-29.182,-12.617,-143.9,0.61,CLEAR(조향OFF)|STRAIGHT,,999.00,0.69,-0.4,-1.1,4328
41.80,-29.230,-12.653,-144.0,0.60,CLEAR(조향OFF)|STRAIGHT,,999.00,0.69,-0.3,-1.1,4344
41.85,-29.230,-12.653,-144.1,0.60,CLEAR(조향OFF)|STRAIGHT,,999.00,0.69,-0.3,-1.0,4328
41.90,-29.230,-12.653,-144.1,0.60,CLEAR(조향OFF)|STRAIGHT,,999.00,0.69,-0.3,-1.1,4344
41.95,-29.278,-12.686,-144.2,0.53,CLEAR(조향OFF)|STRAIGHT,,999.00,0.69,-0.2,-1.1,4344
42.00,-29.330,-12.725,-144.2,0.72,CLEAR(조향OFF)|STRAIGHT,,999.00,0.69,-0.2,-1.1,4344
42.05,-29.330,-12.725,-144.3,0.72,CLEAR(조향OFF)|STRAIGHT,,999.00,0.69,-0.2,-1.0,4344
42.10,-29.379,-12.757,-144.4,0.59,CLEAR(조향OFF)|STRAIGHT,,999.00,0.69,-0.1,-1.1,4361
42.15,-29.379,-12.757,-144.5,0.59,CLEAR(조향OFF)|STRAIGHT,,999.00,0.69,0.1,-1.0,4328
42.20,-29.432,-12.795,-144.5,0.65,CLEAR(조향OFF)|STRAIGHT,,999.00,0.69,0.1,-1.0,4361
42.25,-29.432,-12.795,-144.6,0.65,CLEAR(조향OFF)|STRAIGHT,,999.00,0.69,0.2,-1.1,4344
42.30,-29.486,-12.831,-144.7,0.65,CLEAR(조향OFF)|STRAIGHT,,999.00,0.69,0.2,-1.1,4344
42.35,-29.486,-12.831,-144.8,0.65,CLEAR(조향OFF)|STRAIGHT,,999.00,0.69,0.3,-1.1,4344
42.40,-29.539,-12.867,-144.8,0.72,CLEAR(조향OFF)|STRAIGHT,,999.00,0.69,0.3,-1.1,4344
42.45,-29.539,-12.867,-145.0,0.72,CLEAR(조향OFF)|STRAIGHT,,999.00,0.69,0.4,-1.0,4328
42.50,-29.594,-12.905,-145.0,0.60,CLEAR(조향OFF)|STRAIGHT,,999.00,0.69,0.4,-1.1,4344
42.55,-29.594,-12.905,-145.1,0.60,CLEAR(조향OFF)|STRAIGHT,,999.00,0.69,0.6,-1.1,4344
42.60,-29.645,-12.939,-145.2,0.62,CLEAR(조향OFF)|STRAIGHT,,999.00,0.69,0.7,-1.0,4361
42.65,-29.645,-12.939,-145.3,0.62,CLEAR(조향OFF)|STRAIGHT,,999.00,0.69,0.8,-1.1,4361
42.70,-29.700,-12.979,-145.3,0.68,CLEAR(조향OFF)|STRAIGHT,,999.00,0.69,0.9,-1.1,4361
42.75,-29.700,-12.979,-145.4,0.68,CLEAR(조향OFF)|STRAIGHT,,999.00,0.69,0.9,-1.0,4344
42.80,-29.756,-13.019,-145.5,0.69,CLEAR(조향OFF)|STRAIGHT,,999.00,0.69,0.9,-0.5,4311
42.85,-29.756,-13.019,-145.5,0.69,CLEAR(조향OFF)|STRAIGHT,,999.00,0.69,1.0,-0.3,4278
42.90,-29.756,-13.019,-145.6,0.69,CLEAR(조향OFF)|STRAIGHT,,999.00,0.69,1.1,-0.4,4262
42.95,-29.821,-13.054,-145.7,0.46,CLEAR(조향OFF)|STRAIGHT,,999.00,0.69,1.1,-0.3,4262
43.00,-29.821,-13.054,-145.8,0.46,CLEAR(조향OFF)|STRAIGHT,,999.00,0.69,1.2,-0.2,4262
43.05,-29.821,-13.054,-145.8,0.46,CLEAR(조향OFF)|STRAIGHT,,999.00,0.69,1.9,-0.3,4246
43.10,-29.948,-13.132,-145.8,1.06,CLEAR(조향OFF)|STRAIGHT,,999.00,0.69,1.9,-0.3,4246
43.15,-29.948,-13.132,-145.8,1.06,CLEAR(조향OFF)|STRAIGHT,,999.00,0.69,1.2,-0.2,4246
43.20,-30.014,-13.168,-145.8,0.75,CLEAR(조향OFF)|STRAIGHT,,999.00,0.69,1.2,-0.2,4246
43.25,-30.014,-13.168,-145.8,0.75,CLEAR(조향OFF)|STRAIGHT,,999.00,0.69,1.7,-0.2,4246
43.30,-30.076,-13.207,-145.8,0.73,CLEAR(조향OFF)|STRAIGHT,,999.00,0.69,1.7,-0.3,4262
43.35,-30.076,-13.207,-145.8,0.73,CLEAR(조향OFF)|STRAIGHT,,999.00,0.69,1.8,-0.3,4246
43.40,-30.135,-13.247,-145.8,0.72,CLEAR(조향OFF)|STRAIGHT,,999.00,0.69,1.8,-0.2,4246
43.45,-30.135,-13.247,-145.8,0.72,CLEAR(조향OFF)|STRAIGHT,,999.00,0.69,2.0,-0.2,4246
43.50,-30.199,-13.285,-145.8,0.74,CLEAR(조향OFF)|STRAIGHT,,999.00,0.69,2.0,-0.1,4246
43.55,-30.199,-13.285,-145.8,0.74,CLEAR(조향OFF)|STRAIGHT,,999.00,0.69,2.2,-0.1,4230
43.60,-30.199,-13.285,-145.8,0.74,CLEAR(조향OFF)|STRAIGHT,,999.00,0.69,2.2,-0.2,4230
43.65,-30.199,-13.285,-145.8,0.74,CLEAR(조향OFF)|STRAIGHT,,999.00,0.69,2.2,-0.2,4246
43.70,-30.199,-13.285,-145.8,0.74,CLEAR(조향OFF)|STRAIGHT,,999.00,0.69,2.2,-0.1,4214
43.75,-30.199,-13.285,-145.8,0.74,CLEAR(조향OFF)|STRAIGHT,,999.00,0.69,2.2,0.4,4167
43.80,-30.199,-13.285,-145.8,0.74,CLEAR(조향OFF)|STRAIGHT,,999.00,0.69,2.2,0.5,4167
43.85,-30.199,-13.285,-145.8,0.74,CLEAR(조향OFF)|STRAIGHT,,999.00,0.69,2.2,0.5,4137
43.90,-30.199,-13.285,-145.8,0.74,CLEAR(조향OFF)|STRAIGHT,,999.00,0.69,2.2,0.5,4137
43.95,-30.199,-13.285,-145.8,0.74,CLEAR(조향OFF)|STRAIGHT,,999.00,0.69,2.2,0.6,4137
44.00,-30.199,-13.285,-145.8,0.74,CLEAR(조향OFF)|STRAIGHT,,999.00,0.69,2.2,0.5,4137
44.05,-30.199,-13.285,-145.8,0.74,CLEAR(조향OFF)|STRAIGHT,,999.00,0.69,2.2,0.5,4137
44.10,-30.199,-13.285,-145.8,0.74,CLEAR(조향OFF)|STRAIGHT,,999.00,0.00,0.0,0.5,4137
44.15,-30.199,-13.285,-145.8,0.74,CLEAR(조향OFF)|STRAIGHT,,999.00,0.00,0.0,0.6,4137
44.20,-30.199,-13.285,-145.8,0.74,CLEAR(조향OFF)|STRAIGHT,,999.00,0.00,0.0,0.5,4137
44.25,-30.199,-13.285,-145.8,0.74,CLEAR(조향OFF)|STRAIGHT,,999.00,0.00,0.0,0.6,4137
44.30,-30.199,-13.285,-145.8,0.74,CLEAR(조향OFF)|STRAIGHT,,999.00,0.00,0.0,0.5,4137
44.35,-30.199,-13.285,-145.8,0.74,CLEAR(조향OFF)|STRAIGHT,,999.00,0.00,0.0,0.5,4137
44.40,-30.199,-13.285,-145.8,0.74,CLEAR(조향OFF)|STRAIGHT,,999.00,0.00,0.0,0.5,4152
44.45,-30.199,-13.285,-145.8,0.74,CLEAR(조향OFF)|STRAIGHT,,999.00,0.00,0.0,0.6,4121
44.50,-30.199,-13.285,-145.8,0.74,CLEAR(조향OFF)|STRAIGHT,,999.00,0.00,0.0,0.5,4137
44.55,-30.199,-13.285,-145.8,0.74,CLEAR(조향OFF)|STRAIGHT,,999.00,0.00,0.0,0.5,4137
44.60,-30.199,-13.285,-145.8,0.74,CLEAR(조향OFF)|STRAIGHT,,999.00,0.00,0.0,0.5,4137
44.65,-30.199,-13.285,-145.8,0.74,CLEAR(조향OFF)|STRAIGHT,,999.00,0.00,0.0,0.6,4137
44.70,-30.199,-13.285,-145.8,0.74,CLEAR(조향OFF)|STRAIGHT,,999.00,0.00,0.0,0.5,4137
44.75,-30.199,-13.285,-145.8,0.74,CLEAR(조향OFF)|STRAIGHT,,999.00,0.00,0.0,0.5,4137
44.80,-30.199,-13.285,-145.8,0.74,CLEAR(조향OFF)|STRAIGHT,,999.00,0.00,0.0,0.5,4137
44.85,-30.199,-13.285,-145.8,0.74,CLEAR(조향OFF)|STRAIGHT,,999.00,0.00,0.0,0.5,4137
44.90,-31.036,-13.805,-147.0,0.52,CLEAR(조향OFF)|STRAIGHT,,999.00,0.00,0.0,0.5,4137
44.95,-31.078,-13.826,-147.0,0.42,CLEAR(조향OFF)|STRAIGHT,,999.00,0.00,2.2,0.5,4137
45.00,-31.120,-13.853,-147.1,0.56,CLEAR(조향OFF)|STRAIGHT,,999.00,0.05,4.5,0.5,4152
45.05,-31.120,-13.853,-147.1,0.56,CLEAR(조향OFF)|STRAIGHT,,999.00,0.10,5.9,0.6,4121
45.10,-31.158,-13.880,-147.1,0.46,CLEAR(조향OFF)|STRAIGHT,,999.00,0.15,5.9,1.3,4047
45.15,-31.158,-13.880,-147.0,0.46,CLEAR(조향OFF)|STRAIGHT,,999.00,0.20,4.5,2.6,3893
45.20,-31.192,-13.898,-147.0,0.38,CLEAR(조향OFF)|STRAIGHT,,999.00,0.25,4.5,3.3,3788
45.25,-31.192,-13.898,-146.9,0.38,CLEAR(조향OFF)|STRAIGHT,,999.00,0.30,4.9,3.4,3751
45.30,-31.217,-13.922,-146.9,0.35,CLEAR(조향OFF)|STRAIGHT,,999.00,0.35,4.9,3.3,3726
45.35,-31.217,-13.922,-146.8,0.35,CLEAR(조향OFF)|STRAIGHT,,999.00,0.40,5.0,3.4,3738
45.40,-31.245,-13.945,-146.7,0.36,CLEAR(조향OFF)|STRAIGHT,,999.00,0.45,4.9,3.4,3713
45.45,-31.245,-13.945,-146.7,0.36,CLEAR(조향OFF)|STRAIGHT,,999.00,0.50,4.9,3.4,3701
45.50,-31.277,-13.967,-146.6,0.38,CLEAR(조향OFF)|STRAIGHT,,999.00,0.55,4.9,3.4,3701
45.55,-31.277,-13.967,-146.5,0.38,CLEAR(조향OFF)|STRAIGHT,,999.00,0.60,4.9,3.5,3677
45.60,-31.313,-13.987,-146.4,0.46,CLEAR(조향OFF)|STRAIGHT,,999.00,0.65,4.9,3.6,3653
45.65,-31.313,-13.987,-146.4,0.46,CLEAR(조향OFF)|STRAIGHT,,999.00,0.65,4.8,3.6,3653
45.70,-31.353,-14.015,-146.3,0.45,CLEAR(조향OFF)|STRAIGHT,,999.00,0.65,4.8,3.6,3653
45.75,-31.353,-14.015,-146.2,0.45,CLEAR(조향OFF)|STRAIGHT,,999.00,0.65,4.9,3.5,3653
45.80,-31.395,-14.047,-146.1,0.53,CLEAR(조향OFF)|STRAIGHT,,999.00,0.65,4.8,3.9,3618
45.85,-31.395,-14.047,-146.0,0.53,CLEAR(조향OFF)|STRAIGHT,,999.00,0.65,4.7,3.9,3618
45.90,-31.395,-14.047,-145.9,0.53,CLEAR(조향OFF)|STRAIGHT,,999.00,0.65,4.7,3.9,3595
45.95,-31.437,-14.075,-145.8,0.46,CLEAR(조향OFF)|STRAIGHT,,999.00,0.65,4.5,3.8,3618
46.00,-31.486,-14.105,-145.7,0.64,CLEAR(조향OFF)|STRAIGHT,,999.00,0.65,5.0,3.9,3618
46.05,-31.486,-14.105,-145.5,0.64,CLEAR(조향OFF)|STRAIGHT,,999.00,0.65,4.5,3.9,3595
46.10,-31.486,-14.105,-145.4,0.64,CLEAR(조향OFF)|STRAIGHT,,999.00,0.65,4.4,3.9,3606
46.15,-31.535,-14.138,-145.3,0.53,CLEAR(조향OFF)|STRAIGHT,,999.00,0.65,4.3,3.9,3606
46.20,-31.585,-14.174,-145.2,0.69,CLEAR(조향OFF)|STRAIGHT,,999.00,0.65,4.9,3.8,3606
46.25,-31.585,-14.174,-145.0,0.69,CLEAR(조향OFF)|STRAIGHT,,999.00,0.65,3.0,3.9,3606
46.30,-31.638,-14.210,-144.9,0.64,CLEAR(조향OFF)|STRAIGHT,,999.00,0.63,3.0,3.9,3606
46.35,-31.638,-14.210,-144.7,0.64,CLEAR(조향OFF)|STRAIGHT,,999.00,0.63,3.1,3.9,3606
46.40,-31.692,-14.248,-144.6,0.73,CLEAR(조향OFF)|STRAIGHT,,999.00,0.63,3.1,3.9,3606
46.45,-31.692,-14.248,-144.4,0.73,CLEAR(조향OFF)|STRAIGHT,,999.00,0.63,3.0,3.9,3583
46.50,-31.750,-14.284,-144.3,0.62,CLEAR(조향OFF)|STRAIGHT,,999.00,0.63,2.9,3.9,3583
46.55,-31.750,-14.284,-144.2,0.62,CLEAR(조향OFF)|STRAIGHT,,999.00,0.63,3.2,3.9,3595
46.60,-31.803,-14.326,-144.1,0.67,CLEAR(조향OFF)|STRAIGHT,,999.00,0.63,3.2,3.9,3595
46.65,-31.803,-14.326,-143.8,0.67,CLEAR(조향OFF)|STRAIGHT,,999.00,0.63,3.1,3.9,3595
46.70,-31.858,-14.369,-143.7,0.70,CLEAR(조향OFF)|STRAIGHT,,999.00,0.63,3.0,3.9,3606
46.75,-31.858,-14.369,-143.6,0.70,CLEAR(조향OFF)|STRAIGHT,,999.00,0.63,2.9,3.9,3583
46.80,-31.858,-14.369,-143.5,0.70,CLEAR(조향OFF)|STRAIGHT,,999.00,0.63,2.8,3.9,3606
46.85,-31.923,-14.413,-143.2,0.56,CLEAR(조향OFF)|STRAIGHT,,999.00,0.63,2.7,3.9,3583
46.90,-31.923,-14.413,-143.1,0.56,CLEAR(조향OFF)|STRAIGHT,,999.00,0.63,3.3,3.9,3595
46.95,-31.923,-14.413,-143.1,0.56,CLEAR(조향OFF)|STRAIGHT,,999.00,0.63,3.1,3.9,3595
47.00,-31.923,-14.413,-143.1,0.56,CLEAR(조향OFF)|STRAIGHT,,999.00,0.63,3.0,3.9,3595
47.05,-32.044,-14.512,-143.1,0.92,CLEAR(조향OFF)|STRAIGHT,,999.00,0.63,3.0,3.9,3606
47.10,-32.111,-14.554,-143.1,0.87,CLEAR(조향OFF)|STRAIGHT,,999.00,0.63,1.6,3.9,3583
47.15,-32.111,-14.554,-143.1,0.87,CLEAR(조향OFF)|STRAIGHT,,999.00,0.61,1.9,4.0,3583
47.20,-32.111,-14.554,-143.1,0.87,CLEAR(조향OFF)|STRAIGHT,,999.00,0.61,1.9,3.9,3606
47.25,-32.178,-14.608,-143.1,0.78,CLEAR(조향OFF)|STRAIGHT,,999.00,0.61,1.9,3.7,3618
47.30,-32.242,-14.656,-143.1,0.88,CLEAR(조향OFF)|STRAIGHT,,999.00,0.61,2.1,3.5,3641
47.35,-32.242,-14.656,-143.1,0.88,CLEAR(조향OFF)|STRAIGHT,,999.00,0.61,2.1,3.4,3630
47.40,-32.312,-14.709,-143.1,0.88,CLEAR(조향OFF)|STRAIGHT,,999.00,0.61,2.1,3.5,3653
47.45,-32.312,-14.709,-143.1,0.88,CLEAR(조향OFF)|STRAIGHT,,999.00,0.61,2.3,3.4,3641
47.50,-32.312,-14.709,-143.1,0.88,CLEAR(조향OFF)|STRAIGHT,,999.00,0.61,2.3,3.4,3653
47.55,-32.312,-14.709,-143.1,0.88,CLEAR(조향OFF)|STRAIGHT,,999.00,0.61,2.3,3.4,3653
47.60,-32.312,-14.709,-143.1,0.88,CLEAR(조향OFF)|STRAIGHT,,999.00,0.61,2.3,3.4,3653
47.65,-32.312,-14.709,-143.1,0.88,CLEAR(조향OFF)|STRAIGHT,,999.00,0.61,2.3,3.4,3641
47.70,-32.312,-14.709,-143.1,0.88,CLEAR(조향OFF)|STRAIGHT,,999.00,0.61,2.3,3.4,3665
47.75,-32.312,-14.709,-143.1,0.88,CLEAR(조향OFF)|STRAIGHT,,999.00,0.61,2.3,3.4,3653
47.80,-32.312,-14.709,-143.1,0.88,CLEAR(조향OFF)|STRAIGHT,,999.00,0.61,2.3,3.4,3665
47.85,-32.312,-14.709,-143.1,0.88,CLEAR(조향OFF)|STRAIGHT,,999.00,0.61,2.3,3.4,3665
47.90,-32.312,-14.709,-143.1,0.88,CLEAR(조향OFF)|STRAIGHT,,999.00,0.61,2.3,3.4,3665
47.95,-32.312,-14.709,-143.1,0.88,CLEAR(조향OFF)|STRAIGHT,,999.00,0.61,0.1,3.4,3665
48.00,-32.312,-14.709,-143.1,0.88,CLEAR(조향OFF)|STRAIGHT,,999.00,0.00,0.0,3.4,3665
48.05,-32.312,-14.709,-143.1,0.88,CLEAR(조향OFF)|STRAIGHT,,999.00,0.00,0.0,2.4,3763
48.10,-32.312,-14.709,-143.1,0.88,CLEAR(조향OFF)|STRAIGHT,,999.00,0.00,0.0,1.9,3827
48.15,-32.312,-14.709,-143.1,0.88,CLEAR(조향OFF)|STRAIGHT,,999.00,0.00,0.0,2.0,3814
48.20,-32.312,-14.709,-143.1,0.88,CLEAR(조향OFF)|STRAIGHT,,999.00,0.00,0.0,2.0,3867
48.25,-32.312,-14.709,-143.1,0.88,CLEAR(조향OFF)|STRAIGHT,,999.00,0.00,0.0,1.9,3853
48.30,-32.312,-14.709,-143.1,0.88,CLEAR(조향OFF)|STRAIGHT,,999.00,0.00,0.0,1.9,3867
48.35,-32.312,-14.709,-143.1,0.88,CLEAR(조향OFF)|STRAIGHT,,999.00,0.00,0.0,1.9,3880
48.40,-32.312,-14.709,-143.1,0.88,CLEAR(조향OFF)|STRAIGHT,,999.00,0.00,0.0,1.9,3867
48.45,-32.312,-14.709,-143.1,0.88,CLEAR(조향OFF)|STRAIGHT,,999.00,0.00,0.0,2.0,3853
48.50,-32.312,-14.709,-143.1,0.88,CLEAR(조향OFF)|STRAIGHT,,999.00,0.00,0.0,2.0,3880
48.55,-32.312,-14.709,-143.1,0.88,CLEAR(조향OFF)|STRAIGHT,,999.00,0.00,0.0,1.9,3880
48.60,-32.312,-14.709,-143.1,0.88,CLEAR(조향OFF)|STRAIGHT,,999.00,0.00,0.0,1.8,3880
48.65,-32.312,-14.709,-143.1,0.88,CLEAR(조향OFF)|STRAIGHT,,999.00,0.00,0.0,1.9,3893
48.70,-32.312,-14.709,-143.1,0.88,CLEAR(조향OFF)|STRAIGHT,,999.00,0.00,0.0,1.8,3907
48.75,-33.172,-15.443,-138.3,0.70,CLEAR(조향OFF)|STRAIGHT,,999.00,0.00,0.0,1.8,3893
48.80,-33.215,-15.493,-138.3,0.66,CLEAR(조향OFF)|STRAIGHT,,999.00,0.00,0.0,1.8,3907
48.85,-33.215,-15.493,-138.2,0.66,CLEAR(조향OFF)|STRAIGHT,,999.00,0.05,-1.6,1.8,3893
48.90,-33.215,-15.493,-138.2,0.66,CLEAR(조향OFF)|STRAIGHT,,999.00,0.10,-1.6,1.7,3920
48.95,-33.267,-15.531,-138.1,0.53,CLEAR(조향OFF)|STRAIGHT,,999.00,0.15,-1.6,1.3,3962
49.00,-33.311,-15.570,-138.1,0.73,CLEAR(조향OFF)|STRAIGHT,,999.00,0.20,-1.9,1.3,3976
49.05,-33.311,-15.570,-138.1,0.73,CLEAR(조향OFF)|STRAIGHT,,999.00,0.25,-1.6,1.3,3962
49.10,-33.348,-15.607,-138.0,0.47,CLEAR(조향OFF)|STRAIGHT,,999.00,0.30,-1.6,1.3,3990
49.15,-33.348,-15.607,-138.0,0.47,CLEAR(조향OFF)|STRAIGHT,,999.00,0.35,-2.4,1.1,4004
49.20,-33.387,-15.641,-138.0,0.58,CLEAR(조향OFF)|STRAIGHT,,999.00,0.40,-2.4,1.1,4033
49.25,-33.387,-15.641,-137.9,0.58,CLEAR(조향OFF)|STRAIGHT,,999.00,0.45,-2.3,1.0,4018
49.30,-33.425,-15.675,-137.9,0.51,CLEAR(조향OFF)|STRAIGHT,,999.00,0.48,-2.3,1.0,4033
49.35,-33.425,-15.675,-138.0,0.51,CLEAR(조향OFF)|STRAIGHT,,999.00,0.48,-2.6,0.7,4062
49.40,-33.467,-15.712,-137.9,0.51,CLEAR(조향OFF)|STRAIGHT,,999.00,0.48,-2.6,0.7,4077
49.45,-33.467,-15.712,-137.9,0.51,CLEAR(조향OFF)|STRAIGHT,,999.00,0.48,-2.8,0.6,4077
49.50,-33.515,-15.754,-137.9,0.70,CLEAR(조향OFF)|STRAIGHT,,999.00,0.48,-2.8,0.6,4092
49.55,-33.515,-15.754,-138.0,0.70,CLEAR(조향OFF)|STRAIGHT,,999.00,0.48,-1.1,0.2,4121
49.60,-33.562,-15.796,-138.0,0.63,CLEAR(조향OFF)|STRAIGHT,,999.00,0.44,-1.1,-0.0,4152
49.65,-33.562,-15.796,-138.0,0.63,CLEAR(조향OFF)|STRAIGHT,,999.00,0.44,-1.3,0.1,4167
49.70,-33.611,-15.839,-138.0,0.65,CLEAR(조향OFF)|STRAIGHT,,999.00,0.44,-1.3,0.0,4167
49.75,-33.611,-15.839,-138.1,0.65,CLEAR(조향OFF)|STRAIGHT,,999.00,0.44,-1.3,0.0,4183
49.80,-33.664,-15.887,-138.1,0.72,CLEAR(조향OFF)|STRAIGHT,,999.00,0.44,-1.3,0.1,4198
49.85,-33.664,-15.887,-138.1,0.72,CLEAR(조향OFF)|STRAIGHT,,999.00,0.44,-1.2,0.1,4183
49.90,-33.664,-15.887,-138.1,0.72,CLEAR(조향OFF)|STRAIGHT,,999.00,0.44,-1.2,0.2,4183
49.95,-33.726,-15.927,-138.2,0.45,CLEAR(조향OFF)|STRAIGHT,,999.00,0.44,-1.1,0.0,4198
50.00,-33.726,-15.927,-138.2,0.45,CLEAR(조향OFF)|STRAIGHT,,999.00,0.44,-1.1,0.0,4198
50.05,-33.726,-15.927,-138.2,0.45,CLEAR(조향OFF)|STRAIGHT,,999.00,0.44,-1.6,0.1,4198
50.10,-33.841,-16.026,-138.3,1.09,CLEAR(조향OFF)|STRAIGHT,,999.00,0.44,-1.6,0.2,4198
50.15,-33.841,-16.026,-138.3,1.09,CLEAR(조향OFF)|STRAIGHT,,999.00,0.44,-0.1,0.1,4183
50.20,-33.899,-16.079,-138.3,0.71,CLEAR(조향OFF)|STRAIGHT,,999.00,0.44,-0.1,0.1,4183
50.25,-33.899,-16.079,-138.3,0.71,CLEAR(조향OFF)|STRAIGHT,,999.00,0.44,0.2,0.0,4198
50.30,-33.960,-16.128,-138.3,0.78,CLEAR(조향OFF)|STRAIGHT,,999.00,0.40,0.2,0.0,4198
50.35,-33.960,-16.128,-138.3,0.78,CLEAR(조향OFF)|STRAIGHT,,999.00,0.40,0.4,0.1,4198
50.40,-34.020,-16.181,-138.3,0.80,CLEAR(조향OFF)|STRAIGHT,,999.00,0.40,0.4,0.1,4198
50.45,-34.020,-16.181,-138.3,0.80,CLEAR(조향OFF)|STRAIGHT,,999.00,0.40,0.5,0.1,4198
50.50,-34.087,-16.236,-138.3,0.95,CLEAR(조향OFF)|STRAIGHT,,999.00,0.40,0.5,0.0,4214
50.55,-34.087,-16.236,-138.3,0.95,CLEAR(조향OFF)|STRAIGHT,,999.00,0.40,0.9,0.0,4214
50.60,-34.150,-16.289,-138.3,0.83,CLEAR(조향OFF)|STRAIGHT,,999.00,0.40,0.9,0.2,4183
50.65,-34.150,-16.289,-138.3,0.83,CLEAR(조향OFF)|STRAIGHT,,999.00,0.40,0.8,0.1,4198
50.70,-34.150,-16.289,-138.3,0.83,CLEAR(조향OFF)|STRAIGHT,,999.00,0.40,0.8,0.1,4198
50.75,-34.150,-16.289,-138.3,0.83,CLEAR(조향OFF)|STRAIGHT,,999.00,0.40,0.8,0.1,4198
50.80,-34.150,-16.289,-138.3,0.83,CLEAR(조향OFF)|STRAIGHT,,999.00,0.40,0.8,0.1,4183
50.85,-34.150,-16.289,-138.3,0.83,CLEAR(조향OFF)|STRAIGHT,,999.00,0.40,0.8,0.1,4198
50.90,-34.150,-16.289,-138.3,0.83,CLEAR(조향OFF)|STRAIGHT,,999.00,0.40,0.8,0.1,4198
50.95,-34.150,-16.289,-138.3,0.83,CLEAR(조향OFF)|STRAIGHT,,999.00,0.40,0.8,0.1,4214
51.00,-34.150,-16.289,-138.3,0.83,CLEAR(조향OFF)|STRAIGHT,,999.00,0.40,0.8,0.1,4198
51.05,-34.150,-16.289,-138.3,0.83,CLEAR(조향OFF)|STRAIGHT,,999.00,0.40,0.8,0.0,4198
51.10,-34.150,-16.289,-138.3,0.83,CLEAR(조향OFF)|STRAIGHT,,999.00,0.40,0.8,0.1,4214
51.15,-34.150,-16.289,-138.3,0.83,CLEAR(조향OFF)|STRAIGHT,,999.00,0.40,0.0,0.0,4198
51.20,-34.150,-16.289,-138.3,0.83,CLEAR(조향OFF)|STRAIGHT,,999.00,0.00,0.0,0.0,4198
51.25,-34.150,-16.289,-138.3,0.83,CLEAR(조향OFF)|STRAIGHT,,999.00,0.00,0.0,0.1,4214
51.30,-34.150,-16.289,-138.3,0.83,CLEAR(조향OFF)|STRAIGHT,,999.00,0.00,0.0,0.1,4198
51.35,-34.150,-16.289,-138.3,0.83,CLEAR(조향OFF)|STRAIGHT,,999.00,0.00,0.0,0.1,4198
51.40,-34.150,-16.289,-138.3,0.83,CLEAR(조향OFF)|STRAIGHT,,999.00,0.00,0.0,0.0,4198
51.45,-34.150,-16.289,-138.3,0.83,CLEAR(조향OFF)|STRAIGHT,,999.00,0.00,0.0,0.1,4198
51.50,-34.150,-16.289,-138.3,0.83,CLEAR(조향OFF)|STRAIGHT,,999.00,0.00,0.0,0.0,4214
51.55,-34.150,-16.289,-138.3,0.83,CLEAR(조향OFF)|STRAIGHT,,999.00,0.00,0.0,0.0,4214
51.60,-34.150,-16.289,-138.3,0.83,CLEAR(조향OFF)|STRAIGHT,,999.00,0.00,0.0,0.0,4214
51.65,-34.150,-16.289,-138.3,0.83,CLEAR(조향OFF)|STRAIGHT,,999.00,0.00,0.0,0.1,4198
51.70,-34.150,-16.289,-138.3,0.83,CLEAR(조향OFF)|STRAIGHT,,999.00,0.00,0.0,0.1,4198
51.75,-34.150,-16.289,-138.3,0.83,CLEAR(조향OFF)|STRAIGHT,,999.00,0.00,0.0,0.1,4198
51.80,-34.150,-16.289,-138.3,0.83,CLEAR(조향OFF)|STRAIGHT,,999.00,0.00,0.0,0.0,4198
51.85,-34.150,-16.289,-138.3,0.83,CLEAR(조향OFF)|STRAIGHT,,999.00,0.00,0.0,0.1,4214
51.90,-34.150,-16.289,-138.3,0.83,CLEAR(조향OFF)|STRAIGHT,,999.00,0.00,0.0,0.1,4198
51.95,-34.985,-16.975,-139.6,0.66,CLEAR(조향OFF)|STRAIGHT,,999.00,0.00,0.0,0.0,4214
52.00,-34.985,-16.975,-139.6,0.66,CLEAR(조향OFF)|STRAIGHT,,999.00,0.00,0.0,0.0,4198
52.05,-35.036,-17.004,-139.7,0.39,CLEAR(조향OFF)|STRAIGHT,,999.00,0.05,2.2,0.0,4198
52.10,-35.036,-17.004,-139.8,0.39,CLEAR(조향OFF)|STRAIGHT,,999.00,0.10,4.5,0.1,4214
52.15,-35.036,-17.004,-139.7,0.39,CLEAR(조향OFF)|STRAIGHT,,999.00,0.15,6.8,0.0,4198
52.20,-35.106,-17.073,-139.8,0.65,CLEAR(조향OFF)|STRAIGHT,,999.00,0.20,8.0,0.0,4198
52.25,-35.106,-17.073,-139.9,0.65,CLEAR(조향OFF)|STRAIGHT,,999.00,0.25,8.3,0.8,4121
52.30,-35.139,-17.100,-139.8,0.48,CLEAR(조향OFF)|STRAIGHT,,999.00,0.30,8.3,2.8,3893
52.35,-35.139,-17.100,-139.7,0.48,CLEAR(조향OFF)|STRAIGHT,,999.00,0.33,8.5,4.4,3677
52.40,-35.169,-17.124,-139.7,0.35,CLEAR(조향OFF)|STRAIGHT,,999.00,0.33,8.5,5.3,3549
52.45,-35.169,-17.124,-139.5,0.35,CLEAR(조향OFF)|STRAIGHT,,999.00,0.33,8.8,5.5,3430
52.50,-35.195,-17.149,-139.4,0.36,CLEAR(조향OFF)|STRAIGHT,,999.00,0.33,8.7,5.5,3430
52.55,-35.195,-17.149,-139.2,0.36,CLEAR(조향OFF)|STRAIGHT,,999.00,0.33,8.8,5.4,3420
52.60,-35.228,-17.182,-139.1,0.52,CLEAR(조향OFF)|STRAIGHT,,999.00,0.33,8.8,5.7,3379
52.65,-35.228,-17.182,-138.9,0.52,CLEAR(조향OFF)|STRAIGHT,,999.00,0.33,8.9,5.7,3379
52.70,-35.261,-17.208,-138.8,0.42,CLEAR(조향OFF)|STRAIGHT,,999.00,0.33,8.8,6.1,3339
52.75,-35.261,-17.208,-138.6,0.42,CLEAR(조향OFF)|STRAIGHT,,999.00,0.33,9.1,6.3,3290
52.80,-35.300,-17.245,-138.4,0.54,CLEAR(조향OFF)|STRAIGHT,,999.00,0.33,9.0,6.2,3290
52.85,-35.300,-17.245,-138.1,0.54,CLEAR(조향OFF)|STRAIGHT,,999.00,0.33,9.2,6.2,3280
52.90,-35.300,-17.245,-138.0,0.54,CLEAR(조향OFF)|STRAIGHT,,999.00,0.33,9.1,6.2,3271
52.95,-35.340,-17.288,-137.7,0.48,CLEAR(조향OFF)|STRAIGHT,,999.00,0.33,8.9,6.2,3271
53.00,-35.383,-17.323,-137.5,0.61,CLEAR(조향OFF)|STRAIGHT,,999.00,0.33,9.2,6.2,3271
53.05,-35.383,-17.323,-137.3,0.61,CLEAR(조향OFF)|STRAIGHT,,999.00,0.33,9.6,6.3,3261
53.10,-35.427,-17.367,-137.2,0.62,CLEAR(조향OFF)|STRAIGHT,,999.00,0.33,9.5,6.3,3252
53.15,-35.427,-17.367,-136.9,0.62,CLEAR(조향OFF)|STRAIGHT,,999.00,0.33,9.2,6.2,3261
53.20,-35.464,-17.411,-136.7,0.57,CLEAR(조향OFF)|STRAIGHT,,999.00,0.31,9.1,6.3,3242
53.25,-35.464,-17.411,-136.4,0.57,CLEAR(조향OFF)|STRAIGHT,,999.00,0.31,9.2,6.2,3252
53.30,-35.510,-17.456,-136.4,0.64,CLEAR(조향OFF)|STRAIGHT,,999.00,0.31,9.1,6.2,3261
53.35,-35.510,-17.456,-136.4,0.64,CLEAR(조향OFF)|STRAIGHT,,999.00,0.31,9.5,6.2,3252
53.40,-35.558,-17.500,-136.4,0.65,CLEAR(조향OFF)|STRAIGHT,,999.00,0.31,9.5,6.3,3242
53.45,-35.558,-17.500,-136.4,0.65,CLEAR(조향OFF)|STRAIGHT,,999.00,0.31,10.1,6.2,3271
53.50,-35.604,-17.549,-136.4,0.75,CLEAR(조향OFF)|STRAIGHT,,999.00,0.31,10.1,7.0,3178
53.55,-35.604,-17.549,-136.4,0.75,CLEAR(조향OFF)|STRAIGHT,,999.00,0.31,10.7,7.4,3125
53.60,-35.652,-17.598,-136.4,0.68,CLEAR(조향OFF)|STRAIGHT,,999.00,0.31,10.7,7.5,3100
53.65,-35.652,-17.598,-136.4,0.68,CLEAR(조향OFF)|STRAIGHT,,999.00,0.31,11.3,7.5,3100
53.70,-35.700,-17.647,-136.4,0.69,CLEAR(조향OFF)|STRAIGHT,,999.00,0.31,11.3,7.6,3083
53.75,-35.700,-17.647,-136.4,0.69,CLEAR(조향OFF)|STRAIGHT,,999.00,0.31,12.0,7.6,3074
53.80,-35.700,-17.647,-136.4,0.69,CLEAR(조향OFF)|STRAIGHT,,999.00,0.31,12.0,8.1,3033
53.85,-35.700,-17.647,-136.4,0.69,CLEAR(조향OFF)|STRAIGHT,,999.00,0.31,12.0,8.2,2992
53.90,-35.700,-17.647,-136.4,0.69,CLEAR(조향OFF)|STRAIGHT,,999.00,0.31,12.0,8.7,2953
53.95,-35.700,-17.647,-136.4,0.69,CLEAR(조향OFF)|STRAIGHT,,999.00,0.31,12.0,9.0,2915
54.00,-35.700,-17.647,-136.4,0.69,CLEAR(조향OFF)|STRAIGHT,,999.00,0.31,12.0,9.0,2892
54.05,-35.700,-17.647,-136.4,0.69,CLEAR(조향OFF)|STRAIGHT,,999.00,0.31,12.0,9.0,2900
54.10,-35.700,-17.647,-136.4,0.69,CLEAR(조향OFF)|STRAIGHT,,999.00,0.31,12.0,9.0,2900
54.15,-35.700,-17.647,-136.4,0.69,CLEAR(조향OFF)|STRAIGHT,,999.00,0.31,12.0,8.9,2900
54.20,-35.700,-17.647,-136.4,0.69,CLEAR(조향OFF)|STRAIGHT,,999.00,0.31,12.0,9.4,2848
54.25,-35.700,-17.647,-136.4,0.69,CLEAR(조향OFF)|STRAIGHT,,999.00,0.31,12.0,9.6,2834
54.30,-35.700,-17.647,-136.4,0.69,CLEAR(조향OFF)|STRAIGHT,,999.00,0.31,12.0,9.5,2820
54.35,-35.700,-17.647,-136.4,0.69,CLEAR(조향OFF)|STRAIGHT,,999.00,0.00,9.8,9.5,2827
54.40,-35.700,-17.647,-136.4,0.69,CLEAR(조향OFF)|STRAIGHT,,999.00,0.00,7.5,9.6,2820
54.45,-35.700,-17.647,-136.4,0.69,CLEAR(조향OFF)|STRAIGHT,,999.00,0.00,5.3,9.6,2827
54.50,-35.700,-17.647,-136.4,0.69,CLEAR(조향OFF)|STRAIGHT,,999.00,0.00,3.0,9.6,2813
54.55,-35.700,-17.647,-136.4,0.69,CLEAR(조향OFF)|STRAIGHT,,999.00,0.00,0.8,9.5,2827
54.60,-35.700,-17.647,-136.4,0.69,CLEAR(조향OFF)|STRAIGHT,,999.00,0.00,0.0,8.3,2907
54.65,-35.700,-17.647,-136.4,0.69,CLEAR(조향OFF)|STRAIGHT,,999.00,0.00,0.0,7.0,3041
54.70,-35.700,-17.647,-136.4,0.69,CLEAR(조향OFF)|STRAIGHT,,999.00,0.00,0.0,5.5,3215
54.75,-35.700,-17.647,-136.4,0.69,CLEAR(조향OFF)|STRAIGHT,,999.00,0.00,0.0,3.9,3430
54.80,-35.700,-17.647,-136.4,0.69,CLEAR(조향OFF)|STRAIGHT,,999.00,0.00,0.0,3.0,3538
54.85,-35.700,-17.647,-136.4,0.69,CLEAR(조향OFF)|STRAIGHT,,999.00,0.00,0.0,2.4,3653
54.90,-35.700,-17.647,-136.4,0.69,CLEAR(조향OFF)|STRAIGHT,,999.00,0.00,0.0,2.4,3677
54.95,-35.700,-17.647,-136.4,0.69,CLEAR(조향OFF)|STRAIGHT,,999.00,0.00,0.0,2.4,3689
55.00,-35.700,-17.647,-136.4,0.69,CLEAR(조향OFF)|STRAIGHT,,999.00,0.00,0.0,2.3,3738
55.05,-35.700,-17.647,-136.4,0.69,CLEAR(조향OFF)|STRAIGHT,,999.00,0.00,0.0,2.3,3751
55.10,-35.700,-17.647,-136.4,0.69,CLEAR(조향OFF)|STRAIGHT,,999.00,0.00,0.0,2.3,3751
55.15,-36.287,-18.447,-124.7,0.44,CLEAR(조향OFF)|STRAIGHT,,999.00,0.00,0.0,2.2,3788
55.20,-36.319,-18.484,-124.7,0.54,CLEAR(조향OFF)|STRAIGHT,,999.00,0.00,2.2,2.3,3776
55.25,-36.319,-18.484,-124.6,0.54,CLEAR(조향OFF)|STRAIGHT,,999.00,0.05,4.5,2.3,3776
55.30,-36.346,-18.519,-124.6,0.40,CLEAR(조향OFF)|STRAIGHT,,999.00,0.10,6.8,2.3,3776
55.35,-36.346,-18.519,-124.5,0.40,CLEAR(조향OFF)|STRAIGHT,,999.00,0.15,9.0,2.3,3801
55.40,-36.368,-18.553,-124.5,0.41,CLEAR(조향OFF)|STRAIGHT,,999.00,0.20,11.1,2.4,3788
55.45,-36.368,-18.553,-124.5,0.41,CLEAR(조향OFF)|STRAIGHT,,999.00,0.25,11.4,3.8,3630
55.50,-36.388,-18.584,-124.4,0.41,CLEAR(조향OFF)|STRAIGHT,,999.00,0.30,11.5,5.5,3451
55.55,-36.388,-18.584,-124.1,0.41,CLEAR(조향OFF)|STRAIGHT,,999.00,0.30,11.7,6.8,3290
55.60,-36.407,-18.610,-124.0,0.31,CLEAR(조향OFF)|STRAIGHT,,999.00,0.30,11.7,7.9,3134
55.65,-36.407,-18.610,-123.9,0.31,CLEAR(조향OFF)|STRAIGHT,,999.00,0.30,12.0,8.4,3041
55.70,-36.425,-18.636,-123.9,0.29,CLEAR(조향OFF)|STRAIGHT,,999.00,0.30,11.9,8.7,3000
55.75,-36.425,-18.636,-123.9,0.29,CLEAR(조향OFF)|STRAIGHT,,999.00,0.30,12.3,8.8,2961
55.80,-36.449,-18.675,-123.9,0.51,CLEAR(조향OFF)|STRAIGHT,,999.00,0.30,12.3,8.9,2945
55.85,-36.449,-18.675,-123.9,0.51,CLEAR(조향OFF)|STRAIGHT,,999.00,0.30,12.5,8.9,2938
55.90,-36.471,-18.711,-123.9,0.38,CLEAR(조향OFF)|STRAIGHT,,999.00,0.30,12.5,8.9,2922
55.95,-36.471,-18.711,-123.9,0.38,CLEAR(조향OFF)|STRAIGHT,,999.00,0.30,13.1,8.9,2907
56.00,-36.494,-18.754,-123.9,0.49,CLEAR(조향OFF)|STRAIGHT,,999.00,0.30,13.1,8.9,2907
56.05,-36.494,-18.754,-123.9,0.49,CLEAR(조향OFF)|STRAIGHT,,999.00,0.30,13.5,9.0,2892
56.10,-36.522,-18.796,-123.9,0.50,CLEAR(조향OFF)|STRAIGHT,,999.00,0.30,13.5,9.5,2856
56.15,-36.522,-18.796,-123.9,0.50,CLEAR(조향OFF)|STRAIGHT,,999.00,0.30,14.1,9.9,2813
56.20,-36.522,-18.796,-123.9,0.50,CLEAR(조향OFF)|STRAIGHT,,999.00,0.30,14.1,10.1,2778
56.25,-36.522,-18.796,-123.9,0.50,CLEAR(조향OFF)|STRAIGHT,,999.00,0.30,14.1,10.2,2778
56.30,-36.522,-18.796,-123.9,0.50,CLEAR(조향OFF)|STRAIGHT,,999.00,0.30,14.1,10.5,2724
56.35,-36.522,-18.796,-123.9,0.50,CLEAR(조향OFF)|STRAIGHT,,999.00,0.30,14.1,10.7,2718
56.40,-36.522,-18.796,-123.9,0.50,CLEAR(조향OFF)|STRAIGHT,,999.00,0.30,14.1,11.0,2692
56.45,-36.522,-18.796,-123.9,0.50,CLEAR(조향OFF)|STRAIGHT,,999.00,0.30,14.1,11.1,2660
56.50,-36.522,-18.796,-123.9,0.50,CLEAR(조향OFF)|STRAIGHT,,999.00,0.30,14.1,11.1,2666
56.55,-36.522,-18.796,-123.9,0.50,CLEAR(조향OFF)|STRAIGHT,,999.00,0.30,14.1,11.1,2654
56.60,-36.522,-18.796,-123.9,0.50,CLEAR(조향OFF)|STRAIGHT,,999.00,0.30,14.1,11.2,2635
56.65,-36.522,-18.796,-123.9,0.50,CLEAR(조향OFF)|STRAIGHT,,999.00,0.30,14.1,11.2,2647
56.70,-36.522,-18.796,-123.9,0.50,CLEAR(조향OFF)|STRAIGHT,,999.00,0.30,11.9,11.1,2647
56.75,-36.522,-18.796,-123.9,0.50,CLEAR(조향OFF)|STRAIGHT,,999.00,0.00,9.6,11.1,2641
56.80,-36.522,-18.796,-123.9,0.50,CLEAR(조향OFF)|STRAIGHT,,999.00,0.00,7.4,11.2,2647
56.85,-36.522,-18.796,-123.9,0.50,CLEAR(조향OFF)|STRAIGHT,,999.00,0.00,5.1,11.2,2641
56.90,-36.522,-18.796,-123.9,0.50,CLEAR(조향OFF)|STRAIGHT,,999.00,0.00,2.9,11.0,2647
56.95,-36.522,-18.796,-123.9,0.50,CLEAR(조향OFF)|STRAIGHT,,999.00,0.00,0.6,9.7,2751
57.00,-36.522,-18.796,-123.9,0.50,CLEAR(조향OFF)|STRAIGHT,,999.00,0.00,0.0,8.5,2848
57.05,-36.522,-18.796,-123.9,0.50,CLEAR(조향OFF)|STRAIGHT,,999.00,0.00,0.0,7.4,2969
57.10,-36.522,-18.796,-123.9,0.50,CLEAR(조향OFF)|STRAIGHT,,999.00,0.00,0.0,6.0,3125
57.15,-36.522,-18.796,-123.9,0.50,CLEAR(조향OFF)|STRAIGHT,,999.00,0.00,0.0,4.7,3280
57.20,-36.522,-18.796,-123.9,0.50,CLEAR(조향OFF)|STRAIGHT,,999.00,0.00,0.0,3.5,3441
57.25,-36.522,-18.796,-123.9,0.50,CLEAR(조향OFF)|STRAIGHT,,999.00,0.00,0.0,2.8,3561
57.30,-36.522,-18.796,-123.9,0.50,CLEAR(조향OFF)|STRAIGHT,,999.00,0.00,0.0,2.6,3618
57.35,-36.522,-18.796,-123.9,0.50,CLEAR(조향OFF)|STRAIGHT,,999.00,0.00,0.0,2.6,3641
57.40,-36.522,-18.796,-123.9,0.50,CLEAR(조향OFF)|STRAIGHT,,999.00,0.00,0.0,2.6,3677
57.45,-36.848,-19.577,-111.7,0.53,CLEAR(조향OFF)|STRAIGHT,,999.00,0.00,0.0,2.6,3701
57.50,-36.869,-19.616,-111.7,0.50,CLEAR(조향OFF)|STRAIGHT,,999.00,0.00,0.0,2.1,3751
57.55,-36.869,-19.616,-111.5,0.50,CLEAR(조향OFF)|STRAIGHT,,999.00,0.05,2.2,2.1,3776
57.60,-36.886,-19.663,-111.6,0.45,CLEAR(조향OFF)|STRAIGHT,,999.00,0.10,4.5,2.0,3788
57.65,-36.886,-19.663,-111.5,0.45,CLEAR(조향OFF)|STRAIGHT,,999.00,0.15,6.8,2.0,3801
57.70,-36.902,-19.708,-111.4,0.53,CLEAR(조향OFF)|STRAIGHT,,999.00,0.20,9.0,2.1,3801
57.75,-36.902,-19.708,-111.4,0.53,CLEAR(조향OFF)|STRAIGHT,,999.00,0.25,11.2,3.1,3713
57.80,-36.918,-19.741,-111.4,0.37,CLEAR(조향OFF)|STRAIGHT,,999.00,0.30,13.5,4.8,3516
57.85,-36.918,-19.741,-111.2,0.37,CLEAR(조향OFF)|STRAIGHT,,999.00,0.30,14.3,6.1,3349
57.90,-36.918,-19.741,-111.2,0.37,CLEAR(조향OFF)|STRAIGHT,,999.00,0.30,14.2,7.4,3196
57.95,-36.933,-19.774,-110.9,0.30,CLEAR(조향OFF)|STRAIGHT,,999.00,0.30,14.1,8.4,3074
58.00,-36.947,-19.810,-110.7,0.42,CLEAR(조향OFF)|STRAIGHT,,999.00,0.30,14.8,9.2,2938
58.05,-36.947,-19.810,-110.4,0.42,CLEAR(조향OFF)|STRAIGHT,,999.00,0.30,14.8,10.3,2834
58.10,-36.958,-19.859,-110.2,0.50,CLEAR(조향OFF)|STRAIGHT,,999.00,0.30,14.6,10.9,2764
58.15,-36.958,-19.859,-109.6,0.50,CLEAR(조향OFF)|STRAIGHT,,999.00,0.30,14.8,11.3,2698
58.20,-36.971,-19.903,-109.4,0.46,CLEAR(조향OFF)|STRAIGHT,,999.00,0.30,14.6,11.6,2660
58.25,-36.971,-19.903,-108.8,0.46,CLEAR(조향OFF)|STRAIGHT,,999.00,0.30,13.4,11.5,2654
58.30,-36.989,-19.954,-108.6,0.54,CLEAR(조향OFF)|STRAIGHT,,999.00,0.30,13.3,11.5,2629
58.35,-36.989,-19.954,-107.9,0.54,CLEAR(조향OFF)|STRAIGHT,,999.00,0.30,13.4,11.6,2623
58.40,-36.997,-20.009,-107.6,0.54,CLEAR(조향OFF)|STRAIGHT,,999.00,0.30,13.2,11.5,2629
58.45,-36.997,-20.009,-106.9,0.54,CLEAR(조향OFF)|STRAIGHT,,999.00,0.30,13.3,11.5,2623
58.50,-37.007,-20.068,-106.5,0.59,CLEAR(조향OFF)|STRAIGHT,,999.00,0.30,13.1,11.5,2610
58.55,-37.007,-20.068,-105.8,0.59,CLEAR(조향OFF)|STRAIGHT,,999.00,0.30,13.1,11.5,2616
58.60,-37.027,-20.134,-105.5,0.69,CLEAR(조향OFF)|STRAIGHT,,999.00,0.30,12.9,11.5,2604
58.65,-37.027,-20.134,-105.5,0.69,CLEAR(조향OFF)|STRAIGHT,,999.00,0.30,13.1,11.5,2604
58.70,-37.044,-20.199,-105.5,0.68,CLEAR(조향OFF)|STRAIGHT,,999.00,0.30,13.1,11.6,2598
58.75,-37.044,-20.199,-105.5,0.68,CLEAR(조향OFF)|STRAIGHT,,999.00,0.30,13.9,11.5,2598
58.80,-37.052,-20.273,-105.5,0.73,CLEAR(조향OFF)|STRAIGHT,,999.00,0.30,13.9,11.5,2598
58.85,-37.052,-20.273,-105.5,0.73,CLEAR(조향OFF)|STRAIGHT,,999.00,0.30,14.5,11.5,2598
58.90,-37.052,-20.273,-105.5,0.73,CLEAR(조향OFF)|STRAIGHT,,999.00,0.30,14.5,11.5,2610
58.95,-37.066,-20.351,-105.5,0.66,CLEAR(조향OFF)|STRAIGHT,,999.00,0.30,14.5,11.5,2604
59.00,-37.066,-20.351,-105.5,0.66,CLEAR(조향OFF)|STRAIGHT,,999.00,0.30,15.6,11.5,2616
59.05,-37.066,-20.351,-105.5,0.66,CLEAR(조향OFF)|STRAIGHT,,999.00,0.30,15.6,11.5,2610
59.10,-37.066,-20.351,-105.5,0.66,CLEAR(조향OFF)|STRAIGHT,,999.00,0.30,15.6,11.5,2604
59.15,-37.066,-20.351,-105.5,0.66,CLEAR(조향OFF)|STRAIGHT,,999.00,0.30,15.6,11.5,2610
59.20,-37.066,-20.351,-105.5,0.66,CLEAR(조향OFF)|STRAIGHT,,999.00,0.30,15.6,11.5,2616
59.25,-37.066,-20.351,-105.5,0.66,CLEAR(조향OFF)|STRAIGHT,,999.00,0.30,15.6,11.6,2598
59.30,-37.066,-20.351,-105.5,0.66,CLEAR(조향OFF)|STRAIGHT,,999.00,0.30,15.6,11.5,2598
59.35,-37.066,-20.351,-105.5,0.66,CLEAR(조향OFF)|STRAIGHT,,999.00,0.30,15.6,11.5,2598
59.40,-37.066,-20.351,-105.5,0.66,CLEAR(조향OFF)|STRAIGHT,,999.00,0.30,15.6,11.5,2604
59.45,-37.066,-20.351,-105.5,0.66,CLEAR(조향OFF)|STRAIGHT,,999.00,0.30,15.6,11.5,2604
59.50,-37.066,-20.351,-105.5,0.66,CLEAR(조향OFF)|STRAIGHT,,999.00,0.30,15.6,11.5,2604
59.55,-37.066,-20.351,-105.5,0.66,CLEAR(조향OFF)|STRAIGHT,,999.00,0.30,15.6,11.5,2592
59.60,-37.066,-20.351,-105.5,0.66,CLEAR(조향OFF)|STRAIGHT,,999.00,0.30,15.6,11.5,2604
59.65,-37.066,-20.351,-105.5,0.66,CLEAR(조향OFF)|STRAIGHT,,999.00,0.00,13.4,11.5,2598
59.70,-37.066,-20.351,-105.5,0.66,CLEAR(조향OFF)|STRAIGHT,,999.00,0.00,11.1,11.5,2598
59.75,-37.066,-20.351,-105.5,0.66,CLEAR(조향OFF)|STRAIGHT,,999.00,0.00,8.9,11.5,2598
59.80,-37.066,-20.351,-105.5,0.66,CLEAR(조향OFF)|STRAIGHT,,999.00,0.00,6.6,11.5,2592
59.85,-37.066,-20.351,-105.5,0.66,CLEAR(조향OFF)|STRAIGHT,,999.00,0.00,4.4,11.5,2592
59.90,-37.066,-20.351,-105.5,0.66,CLEAR(조향OFF)|STRAIGHT,,999.00,0.00,2.1,10.6,2647
59.95,-37.066,-20.351,-105.5,0.66,CLEAR(조향OFF)|STRAIGHT,,999.00,0.00,0.0,9.4,2764
60.00,-37.066,-20.351,-105.5,0.66,CLEAR(조향OFF)|STRAIGHT,,999.00,0.00,0.0,8.3,2863
60.05,-37.066,-20.351,-105.5,0.66,CLEAR(조향OFF)|STRAIGHT,,999.00,0.00,0.0,7.2,2976
60.10,-37.066,-20.351,-105.5,0.66,CLEAR(조향OFF)|STRAIGHT,,999.00,0.00,0.0,5.8,3143
60.15,-37.066,-20.351,-105.5,0.66,CLEAR(조향OFF)|STRAIGHT,,999.00,0.00,0.0,4.7,3271
60.20,-37.066,-20.351,-105.5,0.66,CLEAR(조향OFF)|STRAIGHT,,999.00,0.00,0.0,3.5,3420
60.25,-37.066,-20.351,-105.5,0.66,CLEAR(조향OFF)|STRAIGHT,,999.00,0.00,0.0,3.1,3516
60.30,-37.066,-20.351,-105.5,0.66,CLEAR(조향OFF)|STRAIGHT,,999.00,0.00,0.0,3.1,3549
60.35,-37.066,-20.351,-105.5,0.66,CLEAR(조향OFF)|STRAIGHT,,999.00,0.00,0.0,3.1,3583
60.40,-37.066,-20.351,-105.5,0.66,CLEAR(조향OFF)|STRAIGHT,,999.00,0.00,0.0,2.7,3630
60.45,-37.087,-21.462,-87.6,0.50,CLEAR(조향OFF)|STRAIGHT,,999.00,0.00,0.0,2.6,3665
60.50,-37.089,-21.504,-87.5,0.42,CLEAR(조향OFF)|STRAIGHT,,999.00,0.05,2.2,2.6,3677
60.55,-37.089,-21.504,-87.5,0.42,CLEAR(조향OFF)|STRAIGHT,,999.00,0.10,4.5,2.2,3726
60.60,-37.089,-21.543,-87.4,0.39,CLEAR(조향OFF)|STRAIGHT,,999.00,0.15,6.8,2.3,3738
60.65,-37.089,-21.543,-87.3,0.39,CLEAR(조향OFF)|STRAIGHT,,999.00,0.20,9.0,2.2,3751
60.70,-37.090,-21.580,-87.3,0.37,CLEAR(조향OFF)|STRAIGHT,,999.00,0.25,11.2,3.1,3677
60.75,-37.090,-21.580,-87.2,0.37,CLEAR(조향OFF)|STRAIGHT,,999.00,0.30,12.6,4.8,3483
60.80,-37.089,-21.613,-87.1,0.33,CLEAR(조향OFF)|STRAIGHT,,999.00,0.32,12.6,6.1,3339
60.85,-37.089,-21.613,-87.0,0.33,CLEAR(조향OFF)|STRAIGHT,,999.00,0.32,13.0,7.5,3169
60.90,-37.089,-21.613,-86.8,0.33,CLEAR(조향OFF)|STRAIGHT,,999.00,0.32,12.9,8.7,3008
60.95,-37.088,-21.644,-86.6,0.28,CLEAR(조향OFF)|STRAIGHT,,999.00,0.32,12.8,9.5,2907
61.00,-37.087,-21.674,-86.4,0.33,CLEAR(조향OFF)|STRAIGHT,,999.00,0.32,13.2,9.8,2856
61.05,-37.087,-21.674,-86.0,0.33,CLEAR(조향OFF)|STRAIGHT,,999.00,0.32,13.2,9.8,2848
61.10,-37.087,-21.713,-85.8,0.39,CLEAR(조향OFF)|STRAIGHT,,999.00,0.32,13.0,9.9,2820
61.15,-37.087,-21.713,-85.5,0.39,CLEAR(조향OFF)|STRAIGHT,,999.00,0.32,13.2,9.8,2806
61.20,-37.080,-21.750,-85.2,0.40,CLEAR(조향OFF)|STRAIGHT,,999.00,0.32,13.1,9.8,2799
61.25,-37.080,-21.750,-84.9,0.40,CLEAR(조향OFF)|STRAIGHT,,999.00,0.32,13.1,9.9,2792
61.30,-37.072,-21.792,-84.7,0.40,CLEAR(조향OFF)|STRAIGHT,,999.00,0.32,13.0,9.8,2785
61.35,-37.072,-21.792,-84.3,0.40,CLEAR(조향OFF)|STRAIGHT,,999.00,0.32,13.2,9.9,2771
61.40,-37.072,-21.836,-84.1,0.43,CLEAR(조향OFF)|STRAIGHT,,999.00,0.32,13.1,9.8,2778
61.45,-37.072,-21.836,-83.6,0.43,CLEAR(조향OFF)|STRAIGHT,,999.00,0.32,13.3,9.8,2778
61.50,-37.065,-21.883,-83.4,0.48,CLEAR(조향OFF)|STRAIGHT,,999.00,0.32,13.1,10.0,2764
61.55,-37.065,-21.883,-83.0,0.48,CLEAR(조향OFF)|STRAIGHT,,999.00,0.32,12.1,10.3,2737
61.60,-37.053,-21.933,-82.8,0.51,CLEAR(조향OFF)|STRAIGHT,,999.00,0.33,11.9,10.4,2724
61.65,-37.053,-21.933,-82.2,0.51,CLEAR(조향OFF)|STRAIGHT,,999.00,0.33,12.0,10.3,2718
61.70,-37.044,-21.982,-82.0,0.56,CLEAR(조향OFF)|STRAIGHT,,999.00,0.33,11.9,10.4,2718
61.75,-37.044,-21.982,-81.5,0.56,CLEAR(조향OFF)|STRAIGHT,,999.00,0.33,12.0,10.3,2718
61.80,-37.029,-22.039,-81.2,0.52,CLEAR(조향OFF)|STRAIGHT,,999.00,0.33,11.9,10.3,2724
61.85,-37.029,-22.039,-80.8,0.52,CLEAR(조향OFF)|STRAIGHT,,999.00,0.33,12.0,10.3,2718
61.90,-37.029,-22.039,-80.5,0.52,CLEAR(조향OFF)|STRAIGHT,,999.00,0.33,11.9,10.3,2718
61.95,-37.015,-22.089,-79.9,0.47,CLEAR(조향OFF)|STRAIGHT,,999.00,0.33,11.5,10.3,2711
62.00,-37.003,-22.146,-79.7,0.65,CLEAR(조향OFF)|STRAIGHT,,999.00,0.33,11.8,10.3,2711
62.05,-37.003,-22.146,-79.1,0.65,CLEAR(조향OFF)|STRAIGHT,,999.00,0.33,11.9,10.3,2711
62.10,-36.990,-22.202,-78.9,0.58,CLEAR(조향OFF)|STRAIGHT,,999.00,0.33,11.7,10.5,2705
62.15,-36.990,-22.202,-78.3,0.58,CLEAR(조향OFF)|STRAIGHT,,999.00,0.33,11.9,10.5,2698
62.20,-36.972,-22.259,-78.0,0.59,CLEAR(조향OFF)|STRAIGHT,,999.00,0.33,11.8,10.4,2698
62.25,-36.972,-22.259,-77.6,0.59,CLEAR(조향OFF)|STRAIGHT,,999.00,0.33,11.9,10.4,2705
62.30,-36.961,-22.315,-77.2,0.56,CLEAR(조향OFF)|STRAIGHT,,999.00,0.33,11.7,10.4,2705
62.35,-36.961,-22.315,-76.6,0.56,CLEAR(조향OFF)|STRAIGHT,,999.00,0.33,12.0,10.4,2698
62.40,-36.941,-22.379,-76.4,0.67,CLEAR(조향OFF)|STRAIGHT,,999.00,0.33,11.7,10.5,2698
62.45,-36.941,-22.379,-75.8,0.67,CLEAR(조향OFF)|STRAIGHT,,999.00,0.33,11.0,10.4,2692
62.50,-36.921,-22.437,-75.5,0.62,CLEAR(조향OFF)|STRAIGHT,,999.00,0.33,10.8,10.5,2705
62.55,-36.921,-22.437,-74.9,0.62,CLEAR(조향OFF)|STRAIGHT,,999.00,0.33,10.9,10.4,2705
62.60,-36.904,-22.496,-74.6,0.61,CLEAR(조향OFF)|STRAIGHT,,999.00,0.33,10.8,10.5,2698
62.65,-36.904,-22.496,-74.0,0.61,CLEAR(조향OFF)|STRAIGHT,,999.00,0.33,10.9,10.4,2711
62.70,-36.874,-22.563,-73.7,0.73,CLEAR(조향OFF)|STRAIGHT,,999.00,0.33,10.7,10.5,2705
62.75,-36.874,-22.563,-73.1,0.73,CLEAR(조향OFF)|STRAIGHT,,999.00,0.33,10.7,10.5,2685
62.80,-36.857,-22.623,-72.8,0.63,CLEAR(조향OFF)|STRAIGHT,,999.00,0.33,10.6,10.4,2705
62.85,-36.857,-22.623,-72.2,0.63,CLEAR(조향OFF)|STRAIGHT,,999.00,0.33,10.8,10.5,2705
62.90,-36.857,-22.623,-71.9,0.63,CLEAR(조향OFF)|STRAIGHT,,999.00,0.33,10.6,10.5,2698
62.95,-36.830,-22.690,-71.3,0.59,CLEAR(조향OFF)|STRAIGHT,,999.00,0.33,10.2,10.4,2711
63.00,-36.830,-22.690,-71.0,0.59,CLEAR(조향OFF)|STRAIGHT,,999.00,0.33,10.6,10.5,2705
63.05,-36.830,-22.690,-70.4,0.59,CLEAR(조향OFF)|STRAIGHT,,999.00,0.33,10.1,10.5,2692
63.10,-36.777,-22.812,-70.0,0.74,CLEAR(조향OFF)|STRAIGHT,,999.00,0.33,9.9,10.4,2692
63.15,-36.777,-22.812,-69.5,0.74,CLEAR(조향OFF)|STRAIGHT,,999.00,0.33,10.5,10.5,2698
63.20,-36.744,-22.878,-69.2,0.74,CLEAR(조향OFF)|STRAIGHT,,999.00,0.33,10.2,10.5,2705
63.25,-36.744,-22.878,-68.5,0.74,CLEAR(조향OFF)|STRAIGHT,,999.00,0.33,9.8,10.4,2698
63.30,-36.715,-22.946,-68.2,0.74,CLEAR(조향OFF)|STRAIGHT,,999.00,0.34,9.6,10.5,2698
63.35,-36.715,-22.946,-67.6,0.74,CLEAR(조향OFF)|STRAIGHT,,999.00,0.34,9.8,10.5,2692
63.40,-36.684,-23.013,-67.3,0.81,CLEAR(조향OFF)|STRAIGHT,,999.00,0.34,9.6,10.5,2698
63.45,-36.684,-23.013,-66.6,0.81,CLEAR(조향OFF)|STRAIGHT,,999.00,0.34,9.7,10.5,2698
63.50,-36.646,-23.074,-66.3,0.71,CLEAR(조향OFF)|STRAIGHT,,999.00,0.34,9.5,10.4,2698
63.55,-36.646,-23.074,-65.6,0.71,CLEAR(조향OFF)|STRAIGHT,,999.00,0.34,9.5,10.5,2705
63.60,-36.609,-23.140,-65.3,0.76,CLEAR(조향OFF)|STRAIGHT,,999.00,0.34,9.3,10.4,2698
63.65,-36.609,-23.140,-64.6,0.76,CLEAR(조향OFF)|STRAIGHT,,999.00,0.34,9.3,10.5,2698
63.70,-36.578,-23.204,-64.3,0.71,CLEAR(조향OFF)|STRAIGHT,,999.00,0.34,9.1,10.4,2692
63.75,-36.578,-23.204,-63.6,0.71,CLEAR(조향OFF)|STRAIGHT,,999.00,0.34,9.2,10.4,2698
63.80,-36.542,-23.265,-63.3,0.70,CLEAR(조향OFF)|STRAIGHT,,999.00,0.34,9.0,10.5,2698
63.85,-36.542,-23.265,-62.6,0.70,CLEAR(조향OFF)|STRAIGHT,,999.00,0.34,8.8,10.5,2692
63.90,-36.542,-23.265,-62.3,0.70,CLEAR(조향OFF)|STRAIGHT,,999.00,0.34,8.5,10.4,2698
63.95,-36.500,-23.330,-61.7,0.65,CLEAR(조향OFF)|STRAIGHT,,999.00,0.34,8.2,10.5,2698
64.00,-36.468,-23.388,-61.2,0.73,CLEAR(조향OFF)|STRAIGHT,,999.00,0.34,8.3,10.3,2692
64.05,-36.468,-23.388,-60.6,0.73,CLEAR(조향OFF)|STRAIGHT,,999.00,0.34,8.3,9.8,2744
64.10,-36.426,-23.456,-60.2,0.80,CLEAR(조향OFF)|STRAIGHT,,999.00,0.34,8.1,9.8,2751
64.15,-36.426,-23.456,-59.6,0.80,CLEAR(조향OFF)|STRAIGHT,,999.00,0.34,8.2,9.8,2744
64.20,-36.379,-23.516,-59.2,0.75,CLEAR(조향OFF)|STRAIGHT,,999.00,0.34,8.0,9.9,2737
64.25,-36.379,-23.516,-58.7,0.75,CLEAR(조향OFF)|STRAIGHT,,999.00,0.34,7.9,9.8,2751
64.30,-36.337,-23.583,-58.3,0.79,CLEAR(조향OFF)|STRAIGHT,,999.00,0.34,7.7,9.8,2744
64.35,-36.337,-23.583,-57.6,0.79,CLEAR(조향OFF)|STRAIGHT,,999.00,0.34,7.7,9.8,2751
64.40,-36.292,-23.646,-57.3,0.86,CLEAR(조향OFF)|STRAIGHT,,999.00,0.34,7.6,9.8,2764
64.45,-36.292,-23.646,-56.7,0.86,CLEAR(조향OFF)|STRAIGHT,,999.00,0.34,7.5,9.6,2771
64.50,-36.245,-23.706,-56.4,0.75,CLEAR(조향OFF)|STRAIGHT,,999.00,0.34,7.3,9.6,2771
64.55,-36.245,-23.706,-55.7,0.75,CLEAR(조향OFF)|STRAIGHT,,999.00,0.34,7.5,9.6,2771
64.60,-36.193,-23.771,-55.4,0.84,CLEAR(조향OFF)|STRAIGHT,,999.00,0.35,7.2,9.7,2764
64.65,-36.193,-23.771,-54.7,0.84,CLEAR(조향OFF)|STRAIGHT,,999.00,0.35,7.3,9.6,2771
64.70,-36.146,-23.830,-54.4,0.75,CLEAR(조향OFF)|STRAIGHT,,999.00,0.35,7.0,9.7,2778
64.75,-36.146,-23.830,-53.7,0.75,CLEAR(조향OFF)|STRAIGHT,,999.00,0.35,6.9,9.6,2744
64.80,-36.101,-23.892,-53.3,0.78,CLEAR(조향OFF)|STRAIGHT,,999.00,0.35,6.7,9.2,2806
64.85,-36.101,-23.892,-52.8,0.78,CLEAR(조향OFF)|STRAIGHT,,999.00,0.35,6.7,9.0,2834
64.90,-36.052,-23.951,-52.5,0.69,CLEAR(조향OFF)|STRAIGHT,,999.00,0.35,6.5,8.9,2848
64.95,-36.052,-23.951,-51.9,0.69,CLEAR(조향OFF)|STRAIGHT,,999.00,0.35,6.4,8.9,2848
65.00,-36.000,-24.001,-51.6,0.80,CLEAR(조향OFF)|STRAIGHT,,999.00,0.35,6.2,8.9,2856
65.05,-36.000,-24.001,-50.9,0.80,CLEAR(조향OFF)|STRAIGHT,,999.00,0.35,6.1,8.8,2856
65.10,-35.958,-24.057,-50.6,0.67,CLEAR(조향OFF)|STRAIGHT,,999.00,0.35,5.8,8.8,2863
65.15,-35.958,-24.057,-50.0,0.67,CLEAR(조향OFF)|STRAIGHT,,999.00,0.35,6.3,8.8,2863
65.20,-35.909,-24.106,-49.7,0.72,CLEAR(조향OFF)|STRAIGHT,,999.00,0.34,6.1,8.5,2885
65.25,-35.909,-24.106,-49.1,0.72,CLEAR(조향OFF)|STRAIGHT,,999.00,0.34,6.0,8.6,2892
65.30,-35.855,-24.163,-48.8,0.80,CLEAR(조향OFF)|STRAIGHT,,999.00,0.34,5.8,8.6,2885
65.35,-35.855,-24.163,-48.3,0.80,CLEAR(조향OFF)|STRAIGHT,,999.00,0.34,5.8,8.5,2900
65.40,-35.802,-24.225,-47.9,0.74,CLEAR(조향OFF)|STRAIGHT,,999.00,0.34,5.7,8.4,2900
65.45,-35.802,-24.225,-47.4,0.74,CLEAR(조향OFF)|STRAIGHT,,999.00,0.34,5.6,8.2,2938
65.50,-35.742,-24.280,-47.1,0.81,CLEAR(조향OFF)|STRAIGHT,,999.00,0.34,5.4,7.9,2969
65.55,-35.742,-24.280,-46.6,0.81,CLEAR(조향OFF)|STRAIGHT,,999.00,0.34,5.4,7.8,2984
65.60,-35.687,-24.333,-46.3,0.76,CLEAR(조향OFF)|STRAIGHT,,999.00,0.34,5.2,7.7,2976
65.65,-35.687,-24.333,-45.8,0.76,CLEAR(조향OFF)|STRAIGHT,,999.00,0.34,5.0,7.8,2992
65.70,-35.632,-24.395,-45.6,0.83,CLEAR(조향OFF)|STRAIGHT,,999.00,0.34,4.9,7.8,2992
65.75,-35.632,-24.395,-45.0,0.83,CLEAR(조향OFF)|STRAIGHT,,999.00,0.34,5.1,7.5,3016
65.80,-35.575,-24.442,-44.8,0.74,CLEAR(조향OFF)|STRAIGHT,,999.00,0.34,4.9,7.4,3033
65.85,-35.575,-24.442,-44.2,0.74,CLEAR(조향OFF)|STRAIGHT,,999.00,0.34,5.5,7.3,3049
65.90,-35.575,-24.442,-44.0,0.74,CLEAR(조향OFF)|STRAIGHT,,999.00,0.35,5.3,7.4,3033
65.95,-35.512,-24.498,-43.5,0.76,CLEAR(조향OFF)|STRAIGHT,,999.00,0.35,5.0,7.1,3074
66.00,-35.462,-24.552,-43.2,0.83,CLEAR(조향OFF)|STRAIGHT,,999.00,0.35,5.1,7.0,3091
66.05,-35.462,-24.552,-42.7,0.83,CLEAR(조향OFF)|STRAIGHT,,999.00,0.35,5.3,7.0,3083
66.10,-35.399,-24.613,-42.5,0.87,CLEAR(조향OFF)|STRAIGHT,,999.00,0.35,5.2,7.1,3083
66.15,-35.399,-24.613,-42.1,0.87,CLEAR(조향OFF)|STRAIGHT,,999.00,0.35,5.3,7.0,3100
66.20,-35.331,-24.653,-41.8,0.86,CLEAR(조향OFF)|STRAIGHT,,999.00,0.35,5.2,7.0,3074
66.25,-35.331,-24.653,-41.3,0.86,CLEAR(조향OFF)|STRAIGHT,,999.00,0.35,4.9,7.0,3100
66.30,-35.269,-24.715,-41.2,0.87,CLEAR(조향OFF)|STRAIGHT,,999.00,0.35,4.7,7.0,3100
66.35,-35.269,-24.715,-40.7,0.87,CLEAR(조향OFF)|STRAIGHT,,999.00,0.35,4.9,7.0,3108
66.40,-35.206,-24.768,-40.5,0.75,CLEAR(조향OFF)|STRAIGHT,,999.00,0.35,4.7,6.9,3108
66.45,-35.206,-24.768,-39.9,0.75,CLEAR(조향OFF)|STRAIGHT,,999.00,0.35,5.5,7.0,3108
66.50,-35.144,-24.815,-39.7,0.77,CLEAR(조향OFF)|STRAIGHT,,999.00,0.36,5.3,6.7,3125
66.55,-35.144,-24.815,-39.3,0.77,CLEAR(조향OFF)|STRAIGHT,,999.00,0.36,5.4,6.7,3134
66.60,-35.077,-24.865,-39.0,0.84,CLEAR(조향OFF)|STRAIGHT,,999.00,0.36,5.2,6.8,3134
66.65,-35.077,-24.865,-38.5,0.84,CLEAR(조향OFF)|STRAIGHT,,999.00,0.36,5.3,6.7,3152
66.70,-35.006,-24.915,-38.3,0.86,CLEAR(조향OFF)|STRAIGHT,,999.00,0.36,5.2,6.7,3143
66.75,-35.006,-24.915,-37.9,0.86,CLEAR(조향OFF)|STRAIGHT,,999.00,0.36,5.2,6.7,3152
66.80,-34.942,-24.967,-37.6,0.83,CLEAR(조향OFF)|STRAIGHT,,999.00,0.36,5.0,6.7,3143
66.85,-34.942,-24.967,-37.0,0.83,CLEAR(조향OFF)|STRAIGHT,,999.00,0.36,5.0,6.7,3152
66.90,-34.942,-24.967,-36.8,0.83,CLEAR(조향OFF)|STRAIGHT,,999.00,0.36,4.8,6.6,3152
66.95,-34.875,-25.017,-36.3,0.75,CLEAR(조향OFF)|STRAIGHT,,999.00,0.36,4.4,6.0,3224
67.00,-34.809,-25.067,-36.1,0.93,CLEAR(조향OFF)|STRAIGHT,,999.00,0.36,4.4,5.9,3233
67.05,-34.809,-25.067,-35.7,0.93,CLEAR(조향OFF)|STRAIGHT,,999.00,0.36,5.7,5.9,3233
67.10,-34.736,-25.110,-35.5,0.84,CLEAR(조향OFF)|STRAIGHT,,999.00,0.37,5.6,5.9,3252
67.15,-34.736,-25.110,-35.1,0.84,CLEAR(조향OFF)|STRAIGHT,,999.00,0.37,5.5,5.9,3242
67.20,-34.669,-25.167,-34.8,0.97,CLEAR(조향OFF)|STRAIGHT,,999.00,0.37,5.4,6.0,3252
67.25,-34.669,-25.167,-34.5,0.97,CLEAR(조향OFF)|STRAIGHT,,999.00,0.37,5.8,6.0,3252
67.30,-34.595,-25.210,-34.2,0.86,CLEAR(조향OFF)|STRAIGHT,,999.00,0.37,5.6,5.9,3261
67.35,-34.595,-25.210,-33.9,0.86,CLEAR(조향OFF)|STRAIGHT,,999.00,0.37,5.5,5.9,3252
67.40,-34.522,-25.252,-33.7,0.75,CLEAR(조향OFF)|STRAIGHT,,999.00,0.37,5.4,6.0,3261
67.45,-34.522,-25.252,-33.2,0.75,CLEAR(조향OFF)|STRAIGHT,,999.00,0.37,5.2,6.0,3261
67.50,-34.452,-25.302,-33.0,0.96,CLEAR(조향OFF)|STRAIGHT,,999.00,0.37,5.1,5.9,3252
67.55,-34.452,-25.302,-32.6,0.96,CLEAR(조향OFF)|STRAIGHT,,999.00,0.37,6.2,5.9,3252
67.60,-34.381,-25.345,-32.4,0.76,CLEAR(조향OFF)|STRAIGHT,,999.00,0.37,6.1,5.9,3252
67.65,-34.381,-25.345,-32.1,0.76,CLEAR(조향OFF)|STRAIGHT,,999.00,0.37,6.1,5.8,3261
67.70,-34.306,-25.388,-31.8,0.87,CLEAR(조향OFF)|STRAIGHT,,999.00,0.37,6.0,5.8,3261
67.75,-34.306,-25.388,-31.5,0.87,CLEAR(조향OFF)|STRAIGHT,,999.00,0.37,6.2,5.9,3271
67.80,-34.231,-25.426,-31.2,0.83,CLEAR(조향OFF)|STRAIGHT,,999.00,0.37,6.1,6.0,3261
67.85,-34.231,-25.426,-30.8,0.83,CLEAR(조향OFF)|STRAIGHT,,999.00,0.37,6.1,5.9,3271
67.90,-34.231,-25.426,-30.5,0.83,CLEAR(조향OFF)|STRAIGHT,,999.00,0.37,5.9,5.9,3271
67.95,-34.152,-25.472,-30.1,0.83,CLEAR(조향OFF)|STRAIGHT,,999.00,0.37,5.6,6.0,3252
68.00,-34.079,-25.512,-29.9,1.04,CLEAR(조향OFF)|STRAIGHT,,999.00,0.37,6.0,6.0,3252
68.05,-34.079,-25.512,-29.5,1.04,CLEAR(조향OFF)|STRAIGHT,,999.00,0.37,6.3,5.9,3261
68.10,-33.998,-25.552,-29.3,0.82,CLEAR(조향OFF)|STRAIGHT,,999.00,0.37,6.2,5.9,3271
68.15,-33.998,-25.552,-28.8,0.82,CLEAR(조향OFF)|STRAIGHT,,999.00,0.37,6.6,5.9,3271
68.20,-33.927,-25.585,-28.6,0.79,CLEAR(조향OFF)|STRAIGHT,,999.00,0.39,6.5,6.0,3261
68.25,-33.927,-25.585,-28.3,0.79,CLEAR(조향OFF)|STRAIGHT,,999.00,0.39,6.5,5.9,3271
68.30,-33.852,-25.624,-28.1,0.85,CLEAR(조향OFF)|STRAIGHT,,999.00,0.39,6.4,5.9,3252
68.35,-33.852,-25.624,-27.7,0.85,CLEAR(조향OFF)|STRAIGHT,,999.00,0.39,6.6,5.9,3261
68.40,-33.772,-25.666,-27.5,0.89,CLEAR(조향OFF)|STRAIGHT,,999.00,0.39,6.5,5.9,3271
68.45,-33.772,-25.666,-27.1,0.89,CLEAR(조향OFF)|STRAIGHT,,999.00,0.39,6.7,5.9,3271
68.50,-33.694,-25.697,-26.8,0.84,CLEAR(조향OFF)|STRAIGHT,,999.00,0.39,6.6,5.9,3252
68.55,-33.694,-25.697,-26.4,0.84,CLEAR(조향OFF)|STRAIGHT,,999.00,0.39,6.6,6.0,3252
68.60,-33.620,-25.732,-26.2,0.82,CLEAR(조향OFF)|STRAIGHT,,999.00,0.39,6.5,6.0,3252
68.65,-33.620,-25.732,-25.9,0.82,CLEAR(조향OFF)|STRAIGHT,,999.00,0.39,6.6,5.8,3271
68.70,-33.536,-25.778,-25.7,0.95,CLEAR(조향OFF)|STRAIGHT,,999.00,0.39,6.5,6.0,3271
68.75,-33.536,-25.778,-25.2,0.95,CLEAR(조향OFF)|STRAIGHT,,999.00,0.39,7.2,5.9,3280
68.80,-33.459,-25.811,-25.0,0.83,CLEAR(조향OFF)|STRAIGHT,,999.00,0.40,7.1,5.9,3261
68.85,-33.459,-25.811,-24.6,0.83,CLEAR(조향OFF)|STRAIGHT,,999.00,0.40,7.2,5.8,3271
68.90,-33.459,-25.811,-24.4,0.83,CLEAR(조향OFF)|STRAIGHT,,999.00,0.40,7.1,6.0,3261
68.95,-33.381,-25.843,-24.0,0.77,CLEAR(조향OFF)|STRAIGHT,,999.00,0.40,6.9,5.9,3271
69.00,-33.303,-25.871,-23.8,0.92,CLEAR(조향OFF)|STRAIGHT,,999.00,0.40,7.2,5.9,3271
69.05,-33.303,-25.871,-23.3,0.92,CLEAR(조향OFF)|STRAIGHT,,999.00,0.40,7.3,5.9,3261
69.10,-33.217,-25.913,-23.1,0.95,CLEAR(조향OFF)|STRAIGHT,,999.00,0.40,7.2,6.3,3224
69.15,-33.217,-25.913,-22.6,0.95,CLEAR(조향OFF)|STRAIGHT,,999.00,0.40,7.5,6.7,3187
69.20,-33.142,-25.936,-22.4,0.82,CLEAR(조향OFF)|STRAIGHT,,999.00,0.40,7.4,6.6,3178
69.25,-33.142,-25.936,-22.0,0.82,CLEAR(조향OFF)|STRAIGHT,,999.00,0.40,7.4,6.7,3169
69.30,-33.057,-25.968,-21.8,0.90,CLEAR(조향OFF)|STRAIGHT,,999.00,0.42,7.4,6.7,3178
69.35,-33.057,-25.968,-21.4,0.90,CLEAR(조향OFF)|STRAIGHT,,999.00,0.42,7.6,6.7,3169
69.40,-32.974,-25.998,-21.1,0.86,CLEAR(조향OFF)|STRAIGHT,,999.00,0.42,7.4,6.6,3152
69.45,-32.974,-25.998,-20.7,0.86,CLEAR(조향OFF)|STRAIGHT,,999.00,0.42,7.7,6.7,3169
69.50,-32.974,-25.998,-20.5,0.86,CLEAR(조향OFF)|STRAIGHT,,999.00,0.42,7.5,6.6,3160
69.55,-32.893,-26.031,-20.0,0.78,CLEAR(조향OFF)|STRAIGHT,,999.00,0.42,7.2,6.6,3178
69.60,-32.814,-26.055,-19.8,0.92,CLEAR(조향OFF)|STRAIGHT,,999.00,0.42,7.7,6.6,3169
69.65,-32.814,-26.055,-19.4,0.92,CLEAR(조향OFF)|STRAIGHT,,999.00,0.42,7.8,6.7,3160
69.70,-32.732,-26.083,-19.1,0.87,CLEAR(조향OFF)|STRAIGHT,,999.00,0.42,7.7,6.7,3160
69.75,-32.732,-26.083,-18.6,0.87,CLEAR(조향OFF)|STRAIGHT,,999.00,0.42,8.0,6.6,3160
69.80,-32.646,-26.112,-18.5,1.01,CLEAR(조향OFF)|STRAIGHT,,999.00,0.42,7.8,6.6,3160
69.85,-32.646,-26.112,-18.0,1.01,CLEAR(조향OFF)|STRAIGHT,,999.00,0.42,7.8,6.7,3169
69.90,-32.566,-26.127,-17.7,0.73,CLEAR(조향OFF)|STRAIGHT,,999.00,0.43,7.6,6.7,3152
69.95,-32.566,-26.127,-17.2,0.73,CLEAR(조향OFF)|STRAIGHT,,999.00,0.43,7.9,6.7,3152
70.00,-32.480,-26.149,-17.0,0.98,CLEAR(조향OFF)|STRAIGHT,,999.00,0.43,7.7,6.8,3160
70.05,-32.480,-26.149,-16.5,0.98,CLEAR(조향OFF)|STRAIGHT,,999.00,0.43,7.8,6.7,3169
70.10,-32.392,-26.172,-16.3,0.83,CLEAR(조향OFF)|STRAIGHT,,999.00,0.43,7.6,6.8,3160
70.15,-32.392,-26.172,-15.9,0.83,CLEAR(조향OFF)|STRAIGHT,,999.00,0.43,7.9,6.7,3169
70.20,-32.312,-26.190,-15.6,0.91,CLEAR(조향OFF)|STRAIGHT,,999.00,0.43,7.8,6.7,3160
70.25,-32.312,-26.190,-15.2,0.91,CLEAR(조향OFF)|STRAIGHT,,999.00,0.43,7.9,6.7,3160
70.30,-32.225,-26.214,-15.0,0.90,CLEAR(조향OFF)|STRAIGHT,,999.00,0.43,7.8,6.7,3160
70.35,-32.225,-26.214,-14.6,0.90,CLEAR(조향OFF)|STRAIGHT,,999.00,0.43,8.2,6.6,3160
70.40,-32.142,-26.229,-14.4,0.84,CLEAR(조향OFF)|STRAIGHT,,999.00,0.43,8.0,6.7,3152
70.45,-32.142,-26.229,-14.0,0.84,CLEAR(조향OFF)|STRAIGHT,,999.00,0.43,7.8,6.7,3169
70.50,-32.056,-26.244,-13.8,0.87,CLEAR(조향OFF)|STRAIGHT,,999.00,0.44,7.7,6.8,3152
70.55,-32.056,-26.244,-13.4,0.87,CLEAR(조향OFF)|STRAIGHT,,999.00,0.44,7.8,6.8,3152
70.60,-31.974,-26.265,-13.3,0.85,CLEAR(조향OFF)|STRAIGHT,,999.00,0.44,7.7,6.7,3152
70.65,-31.974,-26.265,-13.3,0.85,CLEAR(조향OFF)|STRAIGHT,,999.00,0.44,8.1,6.7,3160
70.70,-31.886,-26.285,-13.3,0.90,CLEAR(조향OFF)|STRAIGHT,,999.00,0.44,8.1,6.7,3160
70.75,-31.886,-26.285,-13.3,0.90,CLEAR(조향OFF)|STRAIGHT,,999.00,0.44,8.7,6.8,3152
70.80,-31.803,-26.290,-13.3,0.82,CLEAR(조향OFF)|STRAIGHT,,999.00,0.44,8.7,6.7,3160
70.85,-31.803,-26.290,-13.3,0.82,CLEAR(조향OFF)|STRAIGHT,,999.00,0.44,9.2,6.7,3152
70.90,-31.803,-26.290,-13.3,0.82,CLEAR(조향OFF)|STRAIGHT,,999.00,0.44,9.2,6.8,3152
70.95,-31.716,-26.308,-13.3,0.73,CLEAR(조향OFF)|STRAIGHT,,999.00,0.44,9.2,6.8,3160
71.00,-31.627,-26.324,-13.3,1.00,CLEAR(조향OFF)|STRAIGHT,,999.00,0.46,9.2,6.8,3160
71.05,-31.627,-26.324,-13.3,1.00,CLEAR(조향OFF)|STRAIGHT,,999.00,0.46,9.3,6.8,3152
71.10,-31.627,-26.324,-13.3,1.00,CLEAR(조향OFF)|STRAIGHT,,999.00,0.46,9.3,6.7,3152
71.15,-31.627,-26.324,-13.3,1.00,CLEAR(조향OFF)|STRAIGHT,,999.00,0.46,9.3,6.9,3143
71.20,-31.627,-26.324,-13.3,1.00,CLEAR(조향OFF)|STRAIGHT,,999.00,0.46,9.3,6.8,3152
71.25,-31.627,-26.324,-13.3,1.00,CLEAR(조향OFF)|STRAIGHT,,999.00,0.46,9.3,6.8,3143
71.30,-31.627,-26.324,-13.3,1.00,CLEAR(조향OFF)|STRAIGHT,,999.00,0.46,9.3,6.8,3143
71.35,-31.627,-26.324,-13.3,1.00,CLEAR(조향OFF)|STRAIGHT,,999.00,0.46,9.3,6.8,3152
71.40,-31.627,-26.324,-13.3,1.00,CLEAR(조향OFF)|STRAIGHT,,999.00,0.46,9.3,6.7,3152
71.45,-31.627,-26.324,-13.3,1.00,CLEAR(조향OFF)|STRAIGHT,,999.00,0.46,9.3,6.8,3143
71.50,-31.627,-26.324,-13.3,1.00,CLEAR(조향OFF)|STRAIGHT,,999.00,0.46,9.3,6.8,3143
71.55,-31.627,-26.324,-13.3,1.00,CLEAR(조향OFF)|STRAIGHT,,999.00,0.46,9.3,6.9,3134
71.60,-31.627,-26.324,-13.3,1.00,CLEAR(조향OFF)|STRAIGHT,,999.00,0.46,9.3,7.0,3125
71.65,-31.627,-26.324,-13.3,1.00,CLEAR(조향OFF)|STRAIGHT,,999.00,0.00,7.1,7.0,3117
71.70,-31.627,-26.324,-13.3,1.00,CLEAR(조향OFF)|STRAIGHT,,999.00,0.00,4.8,6.9,3125
71.75,-31.627,-26.324,-13.3,1.00,CLEAR(조향OFF)|STRAIGHT,,999.00,0.00,2.6,7.0,3125
71.80,-31.627,-26.324,-13.3,1.00,CLEAR(조향OFF)|STRAIGHT,,999.00,0.00,0.3,7.0,3108
71.85,-31.627,-26.324,-13.3,1.00,CLEAR(조향OFF)|STRAIGHT,,999.00,0.00,0.0,6.8,3134
71.90,-31.627,-26.324,-13.3,1.00,CLEAR(조향OFF)|STRAIGHT,,999.00,0.00,0.0,5.4,3261
71.95,-31.627,-26.324,-13.3,1.00,CLEAR(조향OFF)|STRAIGHT,,999.00,0.00,0.0,4.1,3430
72.00,-31.627,-26.324,-13.3,1.00,CLEAR(조향OFF)|STRAIGHT,,999.00,0.00,0.0,3.0,3572
72.05,-31.627,-26.324,-13.3,1.00,CLEAR(조향OFF)|STRAIGHT,,999.00,0.00,0.0,2.4,3653
72.10,-31.627,-26.324,-13.3,1.00,CLEAR(조향OFF)|STRAIGHT,,999.00,0.00,0.0,2.3,3713
72.15,-31.627,-26.324,-13.3,1.00,CLEAR(조향OFF)|STRAIGHT,,999.00,0.00,0.0,2.3,3713
72.20,-31.627,-26.324,-13.3,1.00,CLEAR(조향OFF)|STRAIGHT,,999.00,0.00,0.0,2.3,3726
72.25,-31.627,-26.324,-13.3,1.00,CLEAR(조향OFF)|STRAIGHT,,999.00,0.00,0.0,2.3,3763
72.30,-31.627,-26.324,-13.3,1.00,CLEAR(조향OFF)|STRAIGHT,,999.00,0.00,0.0,1.9,3801
72.35,-31.627,-26.324,-13.3,1.00,CLEAR(조향OFF)|STRAIGHT,,999.00,0.00,0.0,1.8,3814
72.40,-30.507,-26.401,-3.6,0.55,CLEAR(조향OFF)|STRAIGHT,,999.00,0.00,0.0,1.8,3853
72.45,-30.507,-26.401,-3.6,0.55,CLEAR(조향OFF)|STRAIGHT,,999.00,0.00,2.2,1.8,3840
72.50,-30.459,-26.404,-3.6,0.53,CLEAR(조향OFF)|STRAIGHT,,999.00,0.05,4.5,1.8,3840
72.55,-30.459,-26.404,-3.6,0.53,CLEAR(조향OFF)|STRAIGHT,,999.00,0.10,6.8,1.8,3867
72.60,-30.417,-26.406,-3.5,0.42,CLEAR(조향OFF)|STRAIGHT,,999.00,0.15,9.0,1.8,3853
72.65,-30.417,-26.406,-3.5,0.42,CLEAR(조향OFF)|STRAIGHT,,999.00,0.20,10.0,2.5,3788
72.70,-30.376,-26.397,-3.5,0.40,CLEAR(조향OFF)|STRAIGHT,,999.00,0.25,10.0,4.1,3618
72.75,-30.376,-26.397,-3.4,0.40,CLEAR(조향OFF)|STRAIGHT,,999.00,0.30,10.3,5.8,3410
72.80,-30.341,-26.403,-3.3,0.36,CLEAR(조향OFF)|STRAIGHT,,999.00,0.35,10.3,6.8,3271
72.85,-30.341,-26.403,-3.2,0.36,CLEAR(조향OFF)|STRAIGHT,,999.00,0.40,10.8,6.9,3233
72.90,-30.341,-26.403,-3.1,0.36,CLEAR(조향OFF)|STRAIGHT,,999.00,0.45,10.7,7.2,3169
72.95,-30.310,-26.403,-2.9,0.25,CLEAR(조향OFF)|STRAIGHT,,999.00,0.48,10.6,7.4,3143
73.00,-30.276,-26.402,-2.8,0.38,CLEAR(조향OFF)|STRAIGHT,,999.00,0.48,11.2,7.6,2992
73.05,-30.276,-26.402,-2.5,0.38,CLEAR(조향OFF)|STRAIGHT,,999.00,0.48,10.8,7.6,3066
73.10,-30.234,-26.410,-2.4,0.47,CLEAR(조향OFF)|STRAIGHT,,999.00,0.48,10.7,7.8,3049
73.15,-30.234,-26.410,-2.1,0.47,CLEAR(조향OFF)|STRAIGHT,,999.00,0.48,10.8,7.9,3049
73.20,-30.197,-26.411,-1.9,0.37,CLEAR(조향OFF)|STRAIGHT,,999.00,0.48,10.7,7.8,3025
73.25,-30.197,-26.411,-1.7,0.37,CLEAR(조향OFF)|STRAIGHT,,999.00,0.48,9.2,7.8,3041
73.30,-30.152,-26.409,-1.5,0.45,CLEAR(조향OFF)|STRAIGHT,,999.00,0.49,9.1,7.9,3025
73.35,-30.152,-26.409,-1.2,0.45,CLEAR(조향OFF)|STRAIGHT,,999.00,0.49,9.1,7.8,3025
73.40,-30.113,-26.399,-1.0,0.39,CLEAR(조향OFF)|STRAIGHT,,999.00,0.49,9.0,7.8,3025
73.45,-30.113,-26.399,-0.8,0.39,CLEAR(조향OFF)|STRAIGHT,,999.00,0.49,9.0,7.6,3033
73.50,-30.066,-26.397,-0.6,0.47,CLEAR(조향OFF)|STRAIGHT,,999.00,0.49,8.9,7.9,3025
73.55,-30.066,-26.397,-0.3,0.47,CLEAR(조향OFF)|STRAIGHT,,999.00,0.49,8.8,7.7,3033
73.60,-30.014,-26.399,-0.1,0.53,CLEAR(조향OFF)|STRAIGHT,,999.00,0.49,8.7,7.8,3016
73.65,-30.014,-26.399,0.2,0.53,CLEAR(조향OFF)|STRAIGHT,,999.00,0.49,8.8,7.7,3025
73.70,-29.966,-26.398,0.4,0.48,CLEAR(조향OFF)|STRAIGHT,,999.00,0.49,8.7,7.8,3016
73.75,-29.966,-26.398,0.8,0.48,CLEAR(조향OFF)|STRAIGHT,,999.00,0.49,8.9,7.9,3016
73.80,-29.910,-26.392,0.9,0.56,CLEAR(조향OFF)|STRAIGHT,,999.00,0.49,8.8,7.7,3016
73.85,-29.910,-26.392,1.3,0.56,CLEAR(조향OFF)|STRAIGHT,,999.00,0.49,8.7,7.8,3025
73.90,-29.853,-26.385,1.4,0.52,CLEAR(조향OFF)|STRAIGHT,,999.00,0.49,8.6,7.8,3016
73.95,-29.853,-26.385,1.8,0.52,CLEAR(조향OFF)|STRAIGHT,,999.00,0.49,8.8,7.8,3025
74.00,-29.797,-26.376,2.0,0.57,CLEAR(조향OFF)|STRAIGHT,,999.00,0.49,8.6,7.8,3008
74.05,-29.797,-26.376,2.3,0.57,CLEAR(조향OFF)|STRAIGHT,,999.00,0.49,8.5,7.8,3016
74.10,-29.740,-26.370,2.5,0.64,CLEAR(조향OFF)|STRAIGHT,,999.00,0.49,8.4,7.9,3008
74.15,-29.740,-26.370,2.9,0.64,CLEAR(조향OFF)|STRAIGHT,,999.00,0.49,8.4,7.9,3025
74.20,-29.675,-26.366,3.0,0.65,CLEAR(조향OFF)|STRAIGHT,,999.00,0.49,8.2,7.8,3008
74.25,-29.675,-26.366,3.4,0.65,CLEAR(조향OFF)|STRAIGHT,,999.00,0.49,7.1,7.8,3016
74.30,-29.619,-26.356,3.6,0.56,CLEAR(조향OFF)|STRAIGHT,,999.00,0.51,7.0,7.8,3016
74.35,-29.619,-26.356,3.9,0.56,CLEAR(조향OFF)|STRAIGHT,,999.00,0.51,7.1,7.8,3016
74.40,-29.552,-26.353,4.1,0.67,CLEAR(조향OFF)|STRAIGHT,,999.00,0.51,7.0,7.8,3016
74.45,-29.552,-26.353,4.5,0.67,CLEAR(조향OFF)|STRAIGHT,,999.00,0.51,7.0,7.8,3008
74.50,-29.486,-26.351,4.7,0.61,CLEAR(조향OFF)|STRAIGHT,,999.00,0.51,6.9,7.8,3008
74.55,-29.486,-26.351,5.1,0.61,CLEAR(조향OFF)|STRAIGHT,,999.00,0.51,7.2,7.8,3016
74.60,-29.418,-26.339,5.3,0.68,CLEAR(조향OFF)|STRAIGHT,,999.00,0.51,7.0,7.8,3016
74.65,-29.418,-26.339,5.8,0.68,CLEAR(조향OFF)|STRAIGHT,,999.00,0.51,6.9,7.7,3016
74.70,-29.362,-26.328,6.0,0.63,CLEAR(조향OFF)|STRAIGHT,,999.00,0.51,6.8,7.9,3008
74.75,-29.362,-26.328,6.4,0.63,CLEAR(조향OFF)|STRAIGHT,,999.00,0.51,6.8,7.7,3016
74.80,-29.297,-26.312,6.6,0.67,CLEAR(조향OFF)|STRAIGHT,,999.00,0.51,6.7,7.8,3000
74.85,-29.297,-26.312,7.0,0.67,CLEAR(조향OFF)|STRAIGHT,,999.00,0.51,6.5,7.8,3016
74.90,-29.297,-26.312,7.2,0.67,CLEAR(조향OFF)|STRAIGHT,,999.00,0.51,6.4,7.7,3016
74.95,-29.228,-26.304,7.6,0.57,CLEAR(조향OFF)|STRAIGHT,,999.00,0.51,6.1,7.8,3008
75.00,-29.162,-26.291,7.8,0.84,CLEAR(조향OFF)|STRAIGHT,,999.00,0.51,6.5,7.9,3008
75.05,-29.162,-26.291,8.2,0.84,CLEAR(조향OFF)|STRAIGHT,,999.00,0.51,5.2,7.8,3008
75.10,-29.092,-26.273,8.4,0.66,CLEAR(조향OFF)|STRAIGHT,,999.00,0.52,5.1,7.8,3008
75.15,-29.092,-26.273,8.9,0.66,CLEAR|STRAIGHT,,999.00,0.52,5.2,7.7,3008
75.20,-29.027,-26.254,9.1,0.74,CLEAR|STRAIGHT,,999.00,0.52,5.0,7.1,3066
75.25,-29.027,-26.254,9.5,0.74,CLEAR|STRAIGHT,,999.00,0.52,4.8,6.9,3100
75.30,-28.956,-26.243,9.6,0.72,CLEAR|STRAIGHT,,999.00,0.52,4.7,7.0,3100
75.35,-28.956,-26.243,10.1,0.72,CLEAR|STRAIGHT,,999.00,0.52,4.7,6.9,3108
75.40,-28.888,-26.228,10.3,0.70,CLEAR|STRAIGHT,,999.00,0.52,4.6,6.9,3117
75.45,-28.888,-26.228,10.6,0.70,CLEAR|STRAIGHT,,999.00,0.52,4.5,6.9,3117
75.50,-28.820,-26.212,10.9,0.70,CLEAR|STRAIGHT,,999.00,0.52,4.4,6.9,3125
75.55,-28.820,-26.212,11.3,0.70,CLEAR|STRAIGHT,,999.00,0.52,4.3,6.7,3143
75.60,-28.747,-26.197,11.5,0.74,CLEAR|STRAIGHT,,999.00,0.52,4.1,6.6,3152
75.65,-28.747,-26.197,11.8,0.74,CLEAR|STRAIGHT,,999.00,0.52,4.1,6.6,3143
75.70,-28.676,-26.183,12.1,0.73,CLEAR|STRAIGHT,,999.00,0.52,4.0,6.6,3160
75.75,-28.676,-26.183,12.5,0.73,CLEAR|STRAIGHT,,999.00,0.52,3.5,6.6,3152
75.80,-28.612,-26.155,12.7,0.69,CLEAR|STRAIGHT,,999.00,0.54,3.3,6.6,3152
75.85,-28.612,-26.155,13.1,0.69,CLEAR|STRAIGHT,,999.00,0.54,3.1,6.6,3169
75.90,-28.612,-26.155,13.2,0.69,CLEAR|STRAIGHT,,999.00,0.54,3.0,6.0,3215
75.95,-28.540,-26.130,13.7,0.63,CLEAR|STRAIGHT,,999.00,0.54,2.7,5.7,3252
76.00,-28.462,-26.110,13.9,0.89,CLEAR|STRAIGHT,,999.00,0.54,2.6,5.8,3271
76.05,-28.462,-26.110,14.2,0.89,CLEAR|STRAIGHT,,999.00,0.54,2.4,5.4,3290
76.10,-28.402,-26.082,14.4,0.72,CLEAR|STRAIGHT,,999.00,0.54,2.3,5.3,3319
76.15,-28.402,-26.082,14.7,0.72,CLEAR|STRAIGHT,,999.00,0.54,2.0,5.2,3329
76.20,-28.325,-26.061,14.8,0.80,CLEAR|STRAIGHT,,999.00,0.54,1.8,4.8,3379
76.25,-28.325,-26.061,15.2,0.80,CLEAR|STRAIGHT,,999.00,0.54,1.8,4.5,3410
76.30,-28.252,-26.035,15.3,0.70,CLEAR|STRAIGHT,,999.00,0.54,1.6,4.3,3441
76.35,-28.252,-26.035,15.5,0.70,CLEAR|STRAIGHT,,999.00,0.54,1.6,4.1,3473
76.40,-28.182,-26.009,15.6,0.75,CLEAR|STRAIGHT,,999.00,0.55,1.5,4.0,3505
76.45,-28.182,-26.009,15.8,0.75,CLEAR|STRAIGHT,,999.00,0.55,1.4,3.8,3516
76.50,-28.106,-25.995,15.9,0.77,CLEAR|STRAIGHT,,999.00,0.55,1.3,3.8,3549
76.55,-28.106,-25.995,16.1,0.77,CLEAR|STRAIGHT,,999.00,0.55,1.4,3.8,3538
76.60,-28.035,-25.972,16.2,0.75,CLEAR|STRAIGHT,,999.00,0.55,1.3,3.8,3538
76.65,-28.035,-25.972,16.4,0.75,CLEAR|STRAIGHT,,999.00,0.55,1.2,3.8,3549
76.70,-27.959,-25.943,16.6,0.89,CLEAR|STRAIGHT,,999.00,0.55,1.1,3.9,3538
76.75,-27.959,-25.943,16.9,0.89,CLEAR|STRAIGHT,,999.00,0.55,1.0,3.7,3572
76.80,-27.883,-25.926,17.0,0.71,AVOID|RIGHT,-8.2,8.00,0.55,0.9,3.7,3572
76.85,-27.883,-25.926,17.0,0.71,AVOID|RIGHT,-8.2,8.00,0.55,-8.2,3.4,3618
76.90,-27.883,-25.926,17.2,0.71,AVOID|RIGHT,-10.6,8.00,0.55,-8.2,3.2,3641
76.95,-27.811,-25.902,17.4,0.69,AVOID|RIGHT,-10.6,8.00,0.55,-10.6,2.1,3751
77.00,-27.738,-25.867,17.4,1.00,AVOID|LEFT,-2.3,8.00,0.55,-10.6,0.8,3920
77.05,-27.738,-25.867,17.4,1.00,AVOID|LEFT,-2.3,8.00,0.55,-2.3,-0.6,4092
77.10,-27.667,-25.846,17.3,0.73,AVOID|LEFT,6.0,8.00,0.57,-2.3,-2.3,4278
77.15,-27.667,-25.846,17.1,0.73,AVOID|LEFT,6.0,8.00,0.57,6.0,-2.5,4344
77.20,-27.588,-25.821,16.9,0.76,AVOID|LEFT,14.3,8.00,0.57,6.0,-2.5,4361
77.25,-27.588,-25.821,16.8,0.76,AVOID|LEFT,14.3,8.00,0.57,14.3,-1.6,4328
77.30,-27.518,-25.798,16.7,0.74,AVOID|LEFT,15.0,8.00,0.57,15.0,0.5,4167
77.35,-27.518,-25.798,16.7,0.74,AVOID|LEFT,15.0,8.00,0.57,15.0,2.1,3934
77.40,-27.439,-25.778,16.7,0.81,AVOID|LEFT,15.6,8.00,0.57,15.6,3.6,3738
77.45,-27.439,-25.778,17.0,0.81,AVOID|LEFT,15.8,8.00,0.57,15.6,5.1,3549
77.50,-27.367,-25.754,17.1,0.76,AVOID|LEFT,15.8,8.00,0.57,15.8,6.5,3349
77.55,-27.367,-25.754,17.5,0.76,AVOID|LEFT,15.6,8.00,0.57,15.8,7.8,3178
77.60,-27.291,-25.728,17.9,0.89,AVOID|LEFT,15.6,8.00,0.57,15.6,9.2,3008
77.65,-27.291,-25.728,18.5,0.89,AVOID|LEFT,15.2,8.00,0.57,15.6,10.4,2848
77.70,-27.218,-25.693,18.9,0.74,AVOID|LEFT,15.2,8.00,0.58,15.2,11.6,2724
77.75,-27.218,-25.693,19.7,0.74,AVOID|LEFT,14.4,8.00,0.58,15.2,12.3,2635
77.80,-27.146,-25.662,20.1,0.87,AVOID|LEFT,14.4,8.00,0.58,14.4,12.3,2598
77.85,-27.146,-25.662,21.0,0.87,AVOID|LEFT,13.4,8.00,0.58,14.4,12.4,2580
77.90,-27.078,-25.627,21.4,0.69,AVOID|LEFT,13.4,8.00,0.58,13.4,12.4,2569
77.95,-27.078,-25.627,22.2,0.69,AVOID|LEFT,11.8,8.00,0.58,11.8,12.4,2557
78.00,-27.006,-25.588,22.7,0.90,AVOID|LEFT,11.8,8.00,0.58,11.8,12.3,2557
78.05,-27.006,-25.588,23.5,0.90,AVOID|LEFT,10.4,8.00,0.58,10.4,12.4,2545
78.10,-26.939,-25.552,24.0,0.76,AVOID|LEFT,8.8,8.00,0.58,10.4,12.4,2528
78.15,-26.939,-25.552,24.8,0.76,AVOID|LEFT,8.8,8.00,0.58,8.8,12.4,2534
78.20,-26.871,-25.511,25.3,0.72,AVOID|LEFT,7.0,8.00,0.58,8.8,12.1,2545
78.25,-26.871,-25.511,26.2,0.72,AVOID|LEFT,7.0,8.00,0.58,7.0,11.5,2586
78.30,-26.801,-25.466,26.6,0.82,AVOID|LEFT,5.4,8.00,0.58,7.0,11.0,2623
78.35,-26.801,-25.466,27.3,0.82,AVOID|LEFT,5.4,8.00,0.58,5.4,10.5,2679
78.40,-26.738,-25.420,27.7,0.77,AVOID|LEFT,3.4,8.00,0.60,5.4,9.8,2718
78.45,-26.738,-25.420,28.3,0.77,AVOID|LEFT,3.4,8.00,0.60,3.4,9.0,2806
78.50,-26.667,-25.381,28.6,0.90,AVOID|LEFT,2.2,8.00,0.60,2.2,8.2,2885
78.55,-26.667,-25.381,29.1,0.90,AVOID|LEFT,2.2,8.00,0.60,2.2,7.2,3008
78.60,-26.605,-25.336,29.3,0.77,AVOID|LEFT,0.2,8.00,0.60,0.2,5.8,3125
78.65,-26.605,-25.336,29.7,0.77,AVOID|LEFT,-0.6,8.00,0.60,0.2,4.8,3271
78.70,-26.542,-25.286,29.8,0.79,AVOID|LEFT,-0.6,8.00,0.60,-0.6,3.9,3410
78.75,-26.542,-25.286,30.0,0.79,AVOID|LEFT,-1.6,8.00,0.60,-0.6,3.2,3494
78.80,-26.471,-25.244,30.1,0.83,AVOID|LEFT,-1.6,8.00,0.60,-1.6,2.5,3618
78.85,-26.471,-25.244,30.2,0.83,AVOID|STRAIGHT,-2.2,8.00,0.60,-1.6,2.1,3677
78.90,-26.403,-25.198,30.3,0.74,AVOID|STRAIGHT,-2.2,8.00,0.60,-2.2,1.6,3763
78.95,-26.403,-25.198,30.4,0.74,AVOID|STRAIGHT,-3.0,8.00,0.60,-2.2,1.2,3840
79.00,-26.334,-25.156,30.4,0.81,AVOID|STRAIGHT,-3.0,8.00,0.61,-3.0,0.9,3907
79.05,-26.334,-25.156,30.4,0.81,AVOID|RIGHT,-3.0,8.00,0.61,-3.0,0.8,3948
79.10,-26.265,-25.112,30.4,0.85,AVOID|RIGHT,-3.0,8.00,0.61,-3.0,0.5,3990
79.15,-26.265,-25.112,30.4,0.85,AVOID|RIGHT,-3.6,8.00,0.61,-3.6,0.3,4033
79.20,-26.197,-25.074,30.4,0.77,AVOID|RIGHT,-3.6,8.00,0.61,-3.6,0.3,4062
79.25,-26.197,-25.074,30.3,0.77,AVOID|RIGHT,-4.0,8.00,0.61,-4.0,0.3,4077
79.30,-26.128,-25.034,30.3,0.81,AVOID|RIGHT,-4.2,8.00,0.61,-4.0,0.3,4092
79.35,-26.128,-25.034,30.2,0.81,AVOID|RIGHT,-4.2,8.00,0.61,-4.2,-0.6,4167
79.40,-26.058,-24.993,30.2,0.77,AVOID|RIGHT,-4.6,8.00,0.61,-4.2,-1.0,4214
79.45,-26.058,-24.993,30.0,0.77,AVOID|RIGHT,-4.6,8.00,0.61,-4.6,-1.1,4246
79.50,-25.984,-24.947,30.0,0.87,AVOID|RIGHT,-4.8,8.00,0.61,-4.6,-1.1,4262
79.55,-25.984,-24.947,29.8,0.87,AVOID|RIGHT,-4.8,8.00,0.61,-4.8,-1.0,4262
79.60,-25.909,-24.905,29.7,0.86,AVOID|RIGHT,-5.0,8.00,0.63,-4.8,-0.9,4262
79.65,-25.909,-24.905,29.6,0.86,AVOID|RIGHT,-5.0,8.00,0.63,-5.0,-1.0,4262
79.70,-25.836,-24.859,29.5,0.96,AVOID|RIGHT,-5.2,8.00,0.63,-5.0,-1.0,4278
79.75,-25.836,-24.859,29.4,0.96,AVOID|RIGHT,-5.2,8.00,0.63,-5.2,-1.2,4278
79.80,-25.760,-24.809,29.3,0.90,AVOID|RIGHT,-5.8,8.00,0.63,-5.8,-1.5,4311
79.85,-25.760,-24.809,29.1,0.90,AVOID|RIGHT,-5.8,8.00,0.63,-5.8,-1.3,4344
79.90,-25.760,-24.809,29.0,0.90,AVOID|RIGHT,-5.8,8.00,0.63,-5.8,-1.7,4361
79.95,-25.680,-24.769,28.8,0.74,AVOID|RIGHT,-6.6,8.00,0.63,-5.8,-2.0,4395
80.00,-25.680,-24.769,28.7,0.74,AVOID|RIGHT,-6.6,8.00,0.63,-6.6,-2.3,4430
80.05,-25.606,-24.721,28.5,0.89,AVOID|RIGHT,-6.8,8.00,0.63,-6.6,-2.3,4430
80.10,-25.528,-24.679,28.4,0.98,AVOID|RIGHT,-6.8,8.00,0.63,-6.8,-2.6,4447
80.15,-25.528,-24.679,28.2,0.98,AVOID|RIGHT,-7.4,8.00,0.63,-6.8,-2.9,4501
80.20,-25.445,-24.640,28.2,1.02,AVOID|RIGHT,-7.4,8.00,0.64,-7.4,-3.1,4501
80.25,-25.445,-24.640,27.8,1.02,AVOID|RIGHT,-7.4,8.00,0.64,-7.4,-3.0,4519
80.30,-25.372,-24.599,27.7,0.83,AVOID|RIGHT,-7.4,8.00,0.64,-7.4,-3.1,4519
80.35,-25.372,-24.599,27.5,0.83,AVOID|RIGHT,-7.8,8.00,0.64,-7.8,-3.1,4519
80.40,-25.293,-24.555,27.3,0.82,AVOID|RIGHT,-7.8,8.00,0.64,-7.8,-3.2,4537
80.45,-25.293,-24.555,27.0,0.82,AVOID|RIGHT,-8.2,8.00,0.64,-8.2,-3.4,4555
80.50,-25.214,-24.514,26.9,0.99,AVOID|RIGHT,-8.6,8.00,0.64,-8.2,-3.7,4593
80.55,-25.214,-24.514,26.5,0.99,AVOID|RIGHT,-8.6,8.00,0.64,-8.6,-4.3,4650
80.60,-25.134,-24.484,26.3,0.85,AVOID|RIGHT,-8.8,8.00,0.64,-8.6,-4.7,4669
80.65,-25.134,-24.484,25.9,0.85,AVOID|RIGHT,-8.8,8.00,0.64,-8.8,-4.7,4669
80.70,-25.052,-24.435,25.7,0.87,AVOID|RIGHT,-9.4,8.00,0.64,-8.8,-4.7,4688
80.75,-25.052,-24.435,25.2,0.87,AVOID|RIGHT,-9.4,8.00,0.64,-9.4,-5.1,4728
80.80,-24.971,-24.398,25.1,0.89,AVOID|RIGHT,-9.4,8.00,0.64,-9.4,-5.3,4728
80.85,-24.971,-24.398,24.7,0.89,AVOID|RIGHT,-9.4,8.00,0.64,-9.4,-5.3,4728
80.90,-24.971,-24.398,24.5,0.89,AVOID|RIGHT,-8.6,8.00,0.64,-9.4,-5.5,4748
80.95,-24.884,-24.361,24.1,0.68,AVOID|RIGHT,-8.6,8.00,0.64,-8.6,-5.9,4788
81.00,-24.884,-24.361,23.8,0.68,AVOID|RIGHT,-8.6,8.00,0.64,-8.6,-6.0,4788
81.05,-24.884,-24.361,23.3,0.68,AVOID|RIGHT,-8.6,8.00,0.64,-8.6,-6.0,4808
81.10,-24.713,-24.284,23.1,1.17,AVOID|RIGHT,-8.0,8.00,0.64,-8.0,-6.0,4808
81.15,-24.713,-24.284,22.6,1.17,AVOID|RIGHT,-7.2,8.00,0.64,-8.0,-6.0,4808
81.20,-24.630,-24.247,22.3,0.91,AVOID|RIGHT,-7.2,8.00,0.64,-7.2,-6.0,4808
81.25,-24.630,-24.247,21.8,0.91,AVOID|RIGHT,-6.2,8.00,0.64,-7.2,-6.0,4808
81.30,-24.542,-24.211,21.5,0.95,AVOID|RIGHT,-6.2,8.00,0.64,-6.2,-6.1,4808
81.35,-24.542,-24.211,21.1,0.95,AVOID|RIGHT,-5.0,8.00,0.64,-6.2,-6.0,4808
81.40,-24.452,-24.176,20.8,0.96,AVOID|RIGHT,-5.0,8.00,0.64,-5.0,-6.0,4808
81.45,-24.452,-24.176,20.3,0.96,AVOID|RIGHT,-4.0,8.00,0.64,-5.0,-6.1,4808
81.50,-24.367,-24.142,20.1,1.02,AVOID|RIGHT,-4.0,8.00,0.64,-4.0,-6.0,4808
81.55,-24.367,-24.142,19.5,1.02,AVOID|RIGHT,-3.4,8.00,0.64,-3.4,-6.1,4829
81.60,-24.273,-24.108,19.3,0.91,AVOID|RIGHT,-3.4,8.00,0.64,-3.4,-6.0,4829
81.65,-24.273,-24.108,18.7,0.91,AVOID|RIGHT,-3.0,8.00,0.64,-3.0,-5.9,4829
81.70,-24.184,-24.080,18.5,0.93,AVOID|RIGHT,-3.0,8.00,0.64,-3.0,-5.3,4788
81.75,-24.184,-24.080,17.9,0.93,AVOID|RIGHT,-1.2,8.00,0.64,-1.2,-5.0,4748
81.80,-24.093,-24.061,17.8,1.02,AVOID|RIGHT,-0.6,8.00,0.65,-1.2,-4.9,4748
81.85,-24.093,-24.061,17.3,1.02,AVOID|RIGHT,-0.6,8.00,0.65,-0.6,-4.9,4748
81.90,-24.093,-24.061,17.1,1.02,AVOID|RIGHT,0.2,8.00,0.65,-0.6,-4.6,4708
81.95,-24.004,-24.020,16.7,0.81,AVOID|RIGHT,0.2,8.00,0.65,0.2,-4.1,4688
82.00,-23.923,-23.997,16.5,0.94,AVOID|RIGHT,-0.0,8.00,0.65,0.2,-3.6,4650
82.05,-23.923,-23.997,16.1,0.94,AVOID|RIGHT,-0.0,8.00,0.65,-0.0,-3.2,4611
82.10,-23.823,-23.982,16.0,1.00,AVOID|RIGHT,0.8,8.00,0.65,-0.0,-2.6,4555
82.15,-23.823,-23.982,15.7,1.00,AVOID|RIGHT,0.8,8.00,0.65,0.8,-2.5,4537
82.20,-23.735,-23.947,15.6,1.05,AVOID|RIGHT,1.4,8.00,0.65,0.8,-2.5,4519
82.25,-23.735,-23.947,15.3,1.05,AVOID|RIGHT,1.4,8.00,0.65,1.4,-2.5,4519
82.30,-23.646,-23.903,15.2,0.89,AVOID|STRAIGHT,2.4,8.00,0.65,2.4,-2.5,4519
82.35,-23.646,-23.903,14.8,0.89,AVOID|STRAIGHT,2.4,8.00,0.65,2.4,-2.0,4483
82.40,-23.557,-23.865,14.7,0.95,AVOID|STRAIGHT,2.6,8.00,0.65,2.6,-1.0,4395
82.45,-23.557,-23.865,14.5,0.95,AVOID|STRAIGHT,2.8,8.00,0.65,2.6,-0.0,4311
82.50,-23.467,-23.851,14.4,1.01,AVOID|STRAIGHT,2.8,8.00,0.65,2.8,0.5,4214
82.55,-23.467,-23.851,14.5,1.01,AVOID|STRAIGHT,3.4,8.00,0.65,2.8,0.7,4167
82.60,-23.380,-23.817,14.5,0.93,AVOID|STRAIGHT,3.4,8.00,0.65,3.4,0.8,4137
82.65,-23.380,-23.817,14.5,0.93,AVOID|STRAIGHT,3.4,8.00,0.65,3.4,0.8,4137
82.70,-23.296,-23.782,14.5,0.82,AVOID|STRAIGHT,3.4,8.00,0.65,3.4,0.8,4137
82.75,-23.296,-23.782,14.5,0.82,AVOID|STRAIGHT,3.4,8.00,0.65,3.4,0.8,4121
82.80,-23.199,-23.732,14.5,1.18,AVOID|STRAIGHT,3.4,8.00,0.65,3.4,1.1,4092
82.85,-23.199,-23.732,14.5,1.18,AVOID|STRAIGHT,3.8,8.00,0.65,3.4,1.3,4033
82.90,-23.199,-23.732,14.5,1.18,AVOID|STRAIGHT,3.8,8.00,0.66,3.8,1.4,4018
82.95,-23.111,-23.708,14.5,0.76,AVOID|STRAIGHT,3.8,8.00,0.66,3.8,1.5,4004
83.00,-22.997,-23.727,14.5,1.18,AVOID|STRAIGHT,3.8,8.00,0.66,3.8,1.5,4004
83.05,-22.997,-23.727,14.5,1.18,AVOID|LEFT,5.0,8.00,0.66,5.0,1.5,3990
83.10,-22.997,-23.727,14.5,1.18,AVOID|LEFT,5.0,8.00,0.66,5.0,1.5,3990
83.15,-22.997,-23.727,14.5,1.18,AVOID|LEFT,5.0,8.00,0.66,5.0,2.0,3934
83.20,-22.997,-23.727,14.5,1.18,AVOID|LEFT,5.0,8.00,0.66,5.0,2.0,3934
83.25,-22.997,-23.727,14.5,1.18,AVOID|LEFT,5.0,8.00,0.66,5.0,2.1,3880
83.30,-22.997,-23.727,14.5,1.18,AVOID|LEFT,5.0,8.00,0.66,5.0,2.4,3867
83.35,-22.997,-23.727,14.5,1.18,AVOID|LEFT,5.0,8.00,0.66,5.0,2.4,3840
83.40,-22.997,-23.727,14.5,1.18,AVOID|LEFT,5.0,8.00,0.66,5.0,2.4,3853
83.45,-22.997,-23.727,14.5,1.18,AVOID|LEFT,5.0,8.00,0.66,5.0,3.1,3763
83.50,-22.997,-23.727,14.5,1.18,AVOID|LEFT,5.0,8.00,0.66,5.0,3.1,3763
83.55,-22.997,-23.727,14.5,1.18,AVOID|LEFT,5.0,8.00,0.66,5.0,3.4,3738
83.60,-22.997,-23.727,14.5,1.18,AVOID|LEFT,5.0,8.00,0.66,5.0,3.3,3726
83.65,-22.997,-23.727,14.5,1.18,AVOID|STRAIGHT,2.8,8.00,0.00,5.0,3.3,3726
83.70,-22.997,-23.727,14.5,1.18,AVOID|STRAIGHT,2.8,8.00,0.00,2.8,3.2,3689
83.75,-22.997,-23.727,14.5,1.18,AVOID|STRAIGHT,0.0,8.00,0.00,2.8,3.3,3713
83.80,-22.997,-23.727,14.5,1.18,AVOID|STRAIGHT,0.0,8.00,0.00,0.0,3.2,3701
83.85,-22.997,-23.727,14.5,1.18,AVOID|STRAIGHT,0.0,8.00,0.00,0.0,3.2,3701
83.90,-22.997,-23.727,14.5,1.18,AVOID|STRAIGHT,0.0,8.00,0.00,0.0,3.1,3713
83.95,-22.997,-23.727,14.5,1.18,AVOID|STRAIGHT,0.0,8.00,0.00,0.0,3.1,3713
84.00,-22.997,-23.727,14.5,1.18,AVOID|STRAIGHT,0.0,8.00,0.00,0.0,2.0,3840
84.05,-22.997,-23.727,14.5,1.18,AVOID|LEFT,0.0,8.00,0.00,0.0,2.1,3840
84.10,-22.997,-23.727,14.5,1.18,AVOID|LEFT,0.0,8.00,0.00,0.0,2.1,3840
84.15,-22.997,-23.727,14.5,1.18,AVOID|STRAIGHT,0.0,8.00,0.00,0.0,2.0,3867
84.20,-22.997,-23.727,14.5,1.18,AVOID|LEFT,0.0,8.00,0.00,0.0,2.1,3853
84.25,-22.997,-23.727,14.5,1.18,AVOID|LEFT,0.0,8.00,0.00,0.0,1.8,3893
84.30,-22.997,-23.727,14.5,1.18,AVOID|STRAIGHT,0.0,8.00,0.00,0.0,1.8,3893
84.35,-22.997,-23.727,14.5,1.18,AVOID|STRAIGHT,0.0,8.00,0.00,0.0,1.8,3907
84.40,-22.997,-23.727,14.5,1.18,AVOID|STRAIGHT,0.0,8.00,0.00,0.0,1.8,3907
84.45,-21.762,-23.363,17.2,0.62,AVOID|STRAIGHT,0.0,8.00,0.00,0.0,1.6,3934
84.50,-21.720,-23.314,17.2,0.60,AVOID|STRAIGHT,2.2,8.00,0.05,0.0,1.7,3920
84.55,-21.720,-23.314,17.2,0.60,AVOID|STRAIGHT,2.2,8.00,0.10,2.2,1.7,3920
84.60,-21.666,-23.283,17.2,0.61,AVOID|LEFT,6.8,8.00,0.15,2.2,1.7,3934
84.65,-21.666,-23.283,17.3,0.61,AVOID|LEFT,6.8,8.00,0.20,6.8,1.6,3934
84.70,-21.623,-23.260,17.3,0.48,AVOID|LEFT,7.8,8.00,0.25,7.8,1.6,3948
84.75,-21.623,-23.260,17.3,0.48,AVOID|LEFT,7.8,8.00,0.30,7.8,1.6,3948
84.80,-21.576,-23.230,17.4,0.53,AVOID|LEFT,8.2,8.00,0.35,8.2,4.5,3606
84.85,-21.576,-23.230,17.4,0.53,AVOID|LEFT,8.2,8.00,0.40,8.2,4.5,3606
84.90,-21.537,-23.198,17.6,0.43,AVOID|LEFT,8.2,8.00,0.45,8.2,5.4,3494
84.95,-21.537,-23.198,17.9,0.43,AVOID|LEFT,8.4,8.00,0.50,8.2,5.5,3441
85.00,-21.537,-23.198,18.0,0.43,AVOID|LEFT,8.4,8.00,0.55,8.4,5.6,3410
85.05,-21.471,-23.224,18.2,0.39,AVOID|LEFT,8.0,8.00,0.60,8.4,5.5,3410
85.10,-21.471,-23.224,18.4,0.39,AVOID|LEFT,8.0,8.00,0.65,8.0,5.6,3379
85.15,-21.471,-23.224,18.6,0.39,AVOID|LEFT,9.4,8.00,0.68,8.0,5.5,3389
85.20,-21.351,-23.209,18.7,0.79,AVOID|LEFT,9.4,8.00,0.68,9.4,5.5,3379
85.25,-21.351,-23.209,19.0,0.79,AVOID|LEFT,9.0,8.00,0.68,9.0,5.5,3359
85.30,-21.292,-23.192,19.2,0.61,AVOID|LEFT,9.0,8.00,0.68,9.0,5.5,3369
85.35,-21.292,-23.192,19.5,0.61,AVOID|LEFT,7.8,8.00,0.68,7.8,6.0,3319
85.40,-21.234,-23.168,19.6,0.62,CLEAR|STRAIGHT,,999.00,0.67,7.8,6.2,3280
85.45,-21.234,-23.168,20.0,0.62,CLEAR|STRAIGHT,,999.00,0.67,7.7,6.3,3271
85.50,-21.172,-23.141,20.1,0.68,CLEAR|STRAIGHT,,999.00,0.67,7.6,6.1,3271
85.55,-21.172,-23.141,20.4,0.68,CLEAR|STRAIGHT,,999.00,0.67,7.6,6.3,3261
85.60,-21.113,-23.114,20.6,0.64,CLEAR|STRAIGHT,,999.00,0.67,7.5,6.2,3261
85.65,-21.113,-23.114,20.9,0.64,CLEAR|STRAIGHT,,999.00,0.67,7.7,6.2,3261
85.70,-21.048,-23.087,21.0,0.70,CLEAR|STRAIGHT,,999.00,0.67,7.6,6.2,3252
85.75,-21.048,-23.087,21.4,0.70,CLEAR|STRAIGHT,,999.00,0.67,7.7,6.3,3242
85.80,-20.989,-23.059,21.5,0.66,CLEAR|STRAIGHT,,999.00,0.67,7.6,6.3,3242
85.85,-20.989,-23.059,21.9,0.66,CLEAR|STRAIGHT,,999.00,0.67,7.9,6.2,3252
85.90,-20.916,-23.019,22.0,0.75,CLEAR|STRAIGHT,,999.00,0.67,7.8,6.3,3252
85.95,-20.916,-23.019,22.3,0.75,CLEAR|STRAIGHT,,999.00,0.67,7.5,6.3,3233
86.00,-20.850,-22.987,22.5,0.82,CLEAR|STRAIGHT,,999.00,0.67,7.4,6.2,3252
86.05,-20.850,-22.987,22.9,0.82,CLEAR|STRAIGHT,,999.00,0.67,5.5,6.2,3252
86.10,-20.781,-22.954,23.1,0.76,CLEAR|STRAIGHT,,999.00,0.67,5.4,6.2,3233
86.15,-20.781,-22.954,23.5,0.76,CLEAR|STRAIGHT,,999.00,0.67,5.6,6.3,3252
86.20,-20.711,-22.923,23.7,0.76,CLEAR|STRAIGHT,,999.00,0.67,5.4,6.2,3252
86.25,-20.711,-22.923,24.1,0.76,CLEAR|STRAIGHT,,999.00,0.67,5.5,6.3,3233
86.30,-20.651,-22.872,24.3,0.75,CLEAR|STRAIGHT,,999.00,0.67,5.4,6.3,3242
86.35,-20.651,-22.872,24.7,0.75,CLEAR|STRAIGHT,,999.00,0.67,5.1,6.3,3242
86.40,-20.580,-22.837,24.9,0.79,CLEAR|STRAIGHT,,999.00,0.67,4.9,6.2,3242
86.45,-20.580,-22.837,25.3,0.79,CLEAR|STRAIGHT,,999.00,0.67,4.9,6.3,3242
86.50,-20.502,-22.816,25.5,0.80,CLEAR|STRAIGHT,,999.00,0.67,4.7,6.1,3242
86.55,-20.502,-22.816,25.9,0.80,CLEAR|STRAIGHT,,999.00,0.67,5.1,6.3,3224
86.60,-20.441,-22.755,26.1,0.81,CLEAR|STRAIGHT,,999.00,0.67,4.9,6.3,3252
86.65,-20.441,-22.755,26.5,0.81,CLEAR|STRAIGHT,,999.00,0.67,4.4,6.2,3242
86.70,-20.375,-22.702,26.7,0.83,CLEAR|STRAIGHT,,999.00,0.67,4.2,6.1,3242
86.75,-20.375,-22.702,27.1,0.83,CLEAR|STRAIGHT,,999.00,0.67,2.7,5.9,3280
86.80,-20.302,-22.668,27.3,0.81,CLEAR|STRAIGHT,,999.00,0.67,2.6,5.6,3290
86.85,-20.302,-22.668,27.7,0.81,CLEAR|STRAIGHT,,999.00,0.67,2.6,5.8,3290
86.90,-20.237,-22.614,27.9,0.75,CLEAR|STRAIGHT,,999.00,0.67,2.4,5.5,3329
86.95,-20.237,-22.614,28.3,0.75,CLEAR|STRAIGHT,,999.00,0.67,2.1,5.3,3349
87.00,-20.156,-22.571,28.5,0.91,CLEAR|STRAIGHT,,999.00,0.67,2.0,5.2,3369
87.05,-20.156,-22.571,28.8,0.91,CLEAR|STRAIGHT,,999.00,0.67,1.7,4.8,3410
87.10,-20.082,-22.531,29.0,0.94,CLEAR|STRAIGHT,,999.00,0.67,1.6,4.5,3451
87.15,-20.082,-22.531,29.3,0.94,CLEAR|STRAIGHT,,999.00,0.67,1.4,4.3,3473
87.20,-20.008,-22.487,29.5,0.86,CLEAR|STRAIGHT,,999.00,0.67,1.2,4.1,3494
87.25,-20.008,-22.487,29.9,0.86,CLEAR|STRAIGHT,,999.00,0.67,1.1,4.0,3516
87.30,-19.933,-22.433,30.1,0.91,CLEAR|STRAIGHT,,999.00,0.67,1.0,4.0,3527
87.35,-19.933,-22.433,30.4,0.91,CLEAR|STRAIGHT,,999.00,0.67,0.2,4.0,3538
87.40,-19.858,-22.392,30.6,0.85,CLEAR|STRAIGHT,,999.00,0.67,0.1,4.0,3538
87.45,-19.858,-22.392,30.8,0.85,CLEAR|STRAIGHT,,999.00,0.67,-0.0,3.9,3549
87.50,-19.781,-22.346,31.0,0.89,CLEAR|STRAIGHT,,999.00,0.67,-0.1,3.6,3583
87.55,-19.781,-22.346,31.2,0.89,CLEAR|STRAIGHT,,999.00,0.67,-0.3,3.2,3630
87.60,-19.711,-22.295,31.2,0.87,CLEAR|STRAIGHT,,999.00,0.67,-0.4,2.6,3726
87.65,-19.711,-22.295,31.3,0.87,CLEAR|STRAIGHT,,999.00,0.67,-0.7,2.1,3776
87.70,-19.629,-22.242,31.4,0.97,CLEAR|STRAIGHT,,999.00,0.67,-0.7,1.9,3814
87.75,-19.629,-22.242,31.4,0.97,CLEAR|STRAIGHT,,999.00,0.67,-0.9,1.8,3853
87.80,-19.550,-22.198,31.4,0.90,CLEAR|STRAIGHT,,999.00,0.67,-0.9,1.8,3867
87.85,-19.550,-22.198,31.5,0.90,CLEAR|STRAIGHT,,999.00,0.67,-0.9,1.8,3853
87.90,-19.467,-22.146,31.5,0.89,CLEAR|STRAIGHT,,999.00,0.67,-0.9,1.8,3880
87.95,-19.467,-22.146,31.6,0.89,CLEAR|STRAIGHT,,999.00,0.67,-1.0,1.8,3867
88.00,-19.388,-22.095,31.6,1.04,CLEAR|STRAIGHT,,999.00,0.67,-1.0,1.5,3907
88.05,-19.388,-22.095,31.7,1.04,CLEAR|STRAIGHT,,999.00,0.67,-1.2,1.3,3962
88.10,-19.318,-22.034,31.7,0.92,CLEAR|STRAIGHT,,999.00,0.67,-1.2,1.4,3948
88.15,-19.318,-22.034,31.8,0.92,CLEAR|STRAIGHT,,999.00,0.67,-1.7,1.2,3962
88.20,-19.241,-21.976,31.9,0.95,CLEAR|STRAIGHT,,999.00,0.67,-1.7,1.3,3962
88.25,-19.241,-21.976,32.0,0.95,CLEAR|STRAIGHT,,999.00,0.67,-2.0,1.3,3976
88.30,-19.161,-21.921,32.0,0.97,CLEAR|STRAIGHT,,999.00,0.67,-2.1,1.3,3976
88.35,-19.161,-21.921,32.0,0.97,CLEAR|STRAIGHT,,999.00,0.67,-1.9,1.3,3976
88.40,-19.076,-21.873,32.1,0.88,CLEAR|STRAIGHT,,999.00,0.68,-1.9,1.3,3990
88.45,-19.076,-21.873,32.2,0.88,CLEAR|STRAIGHT,,999.00,0.68,-2.1,0.7,4047
88.50,-18.997,-21.817,32.2,1.07,CLEAR|STRAIGHT,,999.00,0.68,-2.1,0.6,4062
88.55,-18.997,-21.817,32.2,1.07,CLEAR|STRAIGHT,,999.00,0.68,-2.2,0.5,4077
88.60,-18.917,-21.762,32.2,0.97,CLEAR|STRAIGHT,,999.00,0.68,-2.2,0.5,4077
88.65,-18.917,-21.762,32.1,0.97,CLEAR|STRAIGHT,,999.00,0.68,-2.6,0.5,4077
88.70,-18.836,-21.713,32.1,0.94,CLEAR|STRAIGHT,,999.00,0.68,-2.6,0.5,4106
88.75,-18.836,-21.713,32.1,0.94,CLEAR|STRAIGHT,,999.00,0.68,-2.8,0.6,4092
88.80,-18.748,-21.656,32.0,1.05,CLEAR|STRAIGHT,,999.00,0.68,-2.8,0.6,4077
88.85,-18.748,-21.656,32.0,1.05,CLEAR|STRAIGHT,,999.00,0.68,-2.2,0.5,4106
88.90,-18.663,-21.608,32.0,0.89,CLEAR|STRAIGHT,,999.00,0.69,-2.1,0.5,4106
88.95,-18.663,-21.608,32.0,0.89,CLEAR|STRAIGHT,,999.00,0.69,-2.4,0.5,4121
89.00,-18.580,-21.554,32.0,0.98,CLEAR|STRAIGHT,,999.00,0.69,-2.4,0.5,4121
89.05,-18.580,-21.554,31.9,0.98,CLEAR|STRAIGHT,,999.00,0.69,-2.5,0.5,4106
89.10,-18.502,-21.505,32.0,1.03,CLEAR|STRAIGHT,,999.00,0.69,-2.5,0.5,4121
89.15,-18.502,-21.505,32.0,1.03,CLEAR|STRAIGHT,,999.00,0.69,-2.7,0.4,4137
89.20,-18.419,-21.450,31.9,0.99,CLEAR|STRAIGHT,,999.00,0.69,-2.7,0.5,4121
89.25,-18.419,-21.450,31.8,0.99,CLEAR|STRAIGHT,,999.00,0.69,-3.0,0.0,4167
89.30,-18.331,-21.394,31.8,1.04,CLEAR|STRAIGHT,,999.00,0.69,-2.9,0.0,4167
89.35,-18.331,-21.394,31.8,1.04,CLEAR|STRAIGHT,,999.00,0.69,-3.1,0.0,4183
89.40,-18.255,-21.325,31.7,0.91,CLEAR|STRAIGHT,,999.00,0.69,-3.1,0.0,4183
89.45,-18.255,-21.325,31.6,0.91,CLEAR|STRAIGHT,,999.00,0.69,-2.8,0.0,4198
89.50,-18.162,-21.277,31.6,1.05,CLEAR|STRAIGHT,,999.00,0.69,-2.8,-0.6,4246
89.55,-18.162,-21.277,31.5,1.05,CLEAR|STRAIGHT,,999.00,0.69,-2.7,-0.7,4262
89.60,-18.080,-21.215,31.4,1.14,CLEAR|STRAIGHT,,999.00,0.69,-2.7,-0.6,4262
89.65,-18.080,-21.215,31.3,1.14,CLEAR|STRAIGHT,,999.00,0.69,-2.8,-0.6,4262
89.70,-17.997,-21.153,31.2,1.02,CLEAR|STRAIGHT,,999.00,0.69,-2.8,-0.5,4262
89.75,-17.997,-21.153,31.2,1.02,CLEAR|STRAIGHT,,999.00,0.69,-3.3,-0.5,4262
89.80,-17.906,-21.104,31.2,1.04,CLEAR|STRAIGHT,,999.00,0.69,-3.3,-0.5,4262
89.85,-17.906,-21.104,31.1,1.04,CLEAR|STRAIGHT,,999.00,0.69,-2.5,-0.5,4262
89.90,-17.816,-21.054,31.0,0.93,CLEAR|STRAIGHT,,999.00,0.70,-2.4,-0.6,4262
89.95,-17.816,-21.054,31.0,0.93,CLEAR|STRAIGHT,,999.00,0.70,-2.7,-0.6,4262
90.00,-17.721,-21.002,31.0,1.08,CLEAR|STRAIGHT,,999.00,0.70,-2.6,-0.6,4278
90.05,-17.721,-21.002,30.9,1.08,CLEAR|STRAIGHT,,999.00,0.70,-2.6,-0.6,4262
90.10,-17.632,-20.949,30.8,1.16,CLEAR|STRAIGHT,,999.00,0.70,-2.6,-1.1,4328
90.15,-17.632,-20.949,30.7,1.16,CLEAR|STRAIGHT,,999.00,0.70,-2.6,-1.1,4311
90.20,-17.533,-20.904,30.6,1.08,CLEAR|STRAIGHT,,999.00,0.70,-2.6,-1.3,4328
90.25,-17.533,-20.904,30.4,1.08,CLEAR|STRAIGHT,,999.00,0.70,-2.6,-1.1,4328
90.30,-17.436,-20.857,30.3,0.98,CLEAR|STRAIGHT,,999.00,0.70,-2.6,-1.2,4344
90.35,-17.436,-20.857,30.1,0.98,CLEAR|STRAIGHT,,999.00,0.70,-1.8,-1.1,4328
90.40,-17.343,-20.801,30.0,1.08,CLEAR(조향OFF)|STRAIGHT,,999.00,0.70,-1.7,-1.1,4328
90.45,-17.343,-20.801,29.9,1.08,CLEAR(조향OFF)|STRAIGHT,,999.00,0.70,-1.7,-1.1,4328
90.50,-17.252,-20.745,29.8,1.06,CLEAR(조향OFF)|STRAIGHT,,999.00,0.70,-1.6,-1.1,4328
90.55,-17.252,-20.745,29.6,1.06,CLEAR(조향OFF)|STRAIGHT,,999.00,0.70,-1.7,-1.2,4328
90.60,-17.165,-20.680,29.6,1.20,CLEAR(조향OFF)|STRAIGHT,,999.00,0.70,-1.7,-1.1,4344
90.65,-17.165,-20.680,29.4,1.20,CLEAR(조향OFF)|STRAIGHT,,999.00,0.70,-1.8,-1.2,4344
90.70,-17.074,-20.626,29.3,0.97,CLEAR(조향OFF)|STRAIGHT,,999.00,0.70,-1.8,-1.2,4328
90.75,-17.074,-20.626,29.1,0.97,CLEAR(조향OFF)|STRAIGHT,,999.00,0.70,-2.2,-1.2,4361
90.80,-16.981,-20.570,29.0,1.08,CLEAR(조향OFF)|STRAIGHT,,999.00,0.70,-2.1,-1.2,4344
90.85,-16.981,-20.570,28.9,1.08,CLEAR(조향OFF)|STRAIGHT,,999.00,0.70,-1.2,-1.0,4328
90.90,-16.981,-20.570,28.7,1.08,CLEAR(조향OFF)|STRAIGHT,,999.00,0.68,-1.2,-1.1,4344
90.95,-16.888,-20.516,28.7,0.99,CLEAR(조향OFF)|STRAIGHT,,999.00,0.68,-1.1,-1.1,4328
91.00,-16.800,-20.464,28.6,1.27,CLEAR(조향OFF)|STRAIGHT,,999.00,0.68,-1.3,-1.1,4344
91.05,-16.800,-20.464,28.4,1.27,CLEAR(조향OFF)|STRAIGHT,,999.00,0.68,-1.1,-1.1,4344
91.10,-16.702,-20.411,28.3,1.01,CLEAR(조향OFF)|STRAIGHT,,999.00,0.68,-1.0,-1.1,4361
91.15,-16.702,-20.411,28.1,1.01,CLEAR(조향OFF)|STRAIGHT,,999.00,0.68,-1.3,-1.1,4328
91.20,-16.608,-20.353,28.0,1.23,CLEAR(조향OFF)|STRAIGHT,,999.00,0.68,-1.2,-1.2,4344
91.25,-16.608,-20.353,27.8,1.23,CLEAR(조향OFF)|STRAIGHT,,999.00,0.68,-0.5,-1.2,4344
91.30,-16.514,-20.302,27.6,0.97,CLEAR(조향OFF)|STRAIGHT,,999.00,0.66,-0.4,-1.1,4344
91.35,-16.514,-20.302,27.8,0.97,CLEAR(조향OFF)|STRAIGHT,,999.00,0.66,-0.4,-1.2,4344
91.40,-16.420,-20.246,27.6,1.09,CLEAR(조향OFF)|STRAIGHT,,999.00,0.66,-0.5,-1.2,4344
91.45,-16.420,-20.246,27.4,1.09,CLEAR(조향OFF)|STRAIGHT,,999.00,0.66,-0.5,-1.1,4344
91.50,-16.324,-20.197,27.4,1.19,CLEAR(조향OFF)|STRAIGHT,,999.00,0.66,-0.4,-1.1,4344
91.55,-16.324,-20.197,27.3,1.19,CLEAR(조향OFF)|STRAIGHT,,999.00,0.66,-0.3,-1.2,4344
91.60,-16.223,-20.150,27.1,1.12,CLEAR(조향OFF)|STRAIGHT,,999.00,0.66,-0.2,-1.1,4344
91.65,-16.223,-20.150,26.9,1.12,CLEAR(조향OFF)|STRAIGHT,,999.00,0.66,-0.1,-1.1,4328
91.70,-16.130,-20.100,26.9,1.06,CLEAR(조향OFF)|STRAIGHT,,999.00,0.66,-0.1,-1.1,4344
91.75,-16.130,-20.100,26.7,1.06,CLEAR(조향OFF)|STRAIGHT,,999.00,0.66,0.4,-1.1,4361
91.80,-16.036,-20.049,26.7,0.97,CLEAR(조향OFF)|STRAIGHT,,999.00,0.65,0.4,-1.1,4344
91.85,-16.036,-20.049,26.5,0.97,CLEAR(조향OFF)|STRAIGHT,,999.00,0.65,0.5,-1.1,4344
91.90,-15.941,-19.999,26.4,1.07,CLEAR(조향OFF)|STRAIGHT,,999.00,0.65,0.5,-1.1,4344
91.95,-15.941,-19.999,26.2,1.07,CLEAR(조향OFF)|STRAIGHT,,999.00,0.65,0.7,-1.0,4344
92.00,-15.842,-19.948,26.1,1.12,CLEAR(조향OFF)|STRAIGHT,,999.00,0.65,0.8,-1.1,4344
92.05,-15.842,-19.948,25.9,1.12,CLEAR(조향OFF)|STRAIGHT,,999.00,0.65,0.9,-0.7,4311
92.10,-15.747,-19.897,25.9,1.20,CLEAR(조향OFF)|STRAIGHT,,999.00,0.65,1.0,-0.8,4311
92.15,-15.747,-19.897,25.8,1.20,CLEAR(조향OFF)|STRAIGHT,,999.00,0.65,1.2,-0.8,4295
92.20,-15.649,-19.852,25.7,1.07,CLEAR(조향OFF)|STRAIGHT,,999.00,0.65,1.2,-0.7,4295
92.25,-15.649,-19.852,25.6,1.07,CLEAR(조향OFF)|STRAIGHT,,999.00,0.65,1.5,-0.7,4295
92.30,-15.550,-19.808,25.5,1.08,CLEAR(조향OFF)|STRAIGHT,,999.00,0.64,1.5,-0.8,4311
92.35,-15.550,-19.808,25.4,1.08,CLEAR(조향OFF)|STRAIGHT,,999.00,0.64,1.8,-0.8,4295
92.40,-15.456,-19.755,25.3,1.08,CLEAR(조향OFF)|STRAIGHT,,999.00,0.64,1.8,-0.7,4295
92.45,-15.456,-19.755,25.1,1.08,CLEAR(조향OFF)|STRAIGHT,,999.00,0.64,2.0,-0.7,4295
92.50,-15.360,-19.704,25.1,1.09,CLEAR(조향OFF)|STRAIGHT,,999.00,0.64,2.0,-0.3,4262
92.55,-15.360,-19.704,25.0,1.09,CLEAR(조향OFF)|STRAIGHT,,999.00,0.64,2.3,-0.2,4262
92.60,-15.262,-19.670,24.9,1.04,CLEAR(조향OFF)|STRAIGHT,,999.00,0.64,2.3,-0.2,4246
92.65,-15.262,-19.670,24.8,1.04,CLEAR(조향OFF)|STRAIGHT,,999.00,0.64,2.5,-0.2,4246
92.70,-15.169,-19.628,24.7,1.02,CLEAR(조향OFF)|STRAIGHT,,999.00,0.63,2.6,0.2,4198
92.75,-15.169,-19.628,24.6,1.02,CLEAR(조향OFF)|STRAIGHT,,999.00,0.63,2.9,0.4,4167
92.80,-15.077,-19.572,24.6,0.97,CLEAR(조향OFF)|STRAIGHT,,999.00,0.63,2.9,0.4,4167
92.85,-15.077,-19.572,24.5,0.97,CLEAR(조향OFF)|STRAIGHT,,999.00,0.63,3.1,0.4,4152
92.90,-15.077,-19.572,24.5,0.97,CLEAR(조향OFF)|STRAIGHT,,999.00,0.63,3.1,0.4,4152
92.95,-14.978,-19.526,24.4,0.99,CLEAR(조향OFF)|STRAIGHT,,999.00,0.63,3.2,0.4,4137
93.00,-14.978,-19.526,24.4,0.99,CLEAR(조향OFF)|STRAIGHT,,999.00,0.63,3.5,0.5,4152
93.05,-14.885,-19.482,24.4,1.03,CLEAR(조향OFF)|STRAIGHT,,999.00,0.63,3.5,0.6,4121
93.10,-14.787,-19.436,24.4,1.35,CLEAR(조향OFF)|STRAIGHT,,999.00,0.63,3.8,1.1,4077
93.15,-14.787,-19.436,24.4,1.35,CLEAR(조향OFF)|STRAIGHT,,999.00,0.63,3.3,1.4,4033
93.20,-14.695,-19.395,24.4,1.00,CLEAR(조향OFF)|STRAIGHT,,999.00,0.63,3.3,1.4,4018
93.25,-14.695,-19.395,24.4,1.00,CLEAR(조향OFF)|STRAIGHT,,999.00,0.63,3.8,1.5,4004
93.30,-14.599,-19.345,24.4,1.09,CLEAR(조향OFF)|STRAIGHT,,999.00,0.63,3.8,1.5,4004
93.35,-14.599,-19.345,24.5,1.09,CLEAR(조향OFF)|STRAIGHT,,999.00,0.63,4.0,1.4,3990
93.40,-14.503,-19.306,24.5,0.94,CLEAR(조향OFF)|STRAIGHT,,999.00,0.63,4.0,1.5,3976
93.45,-14.503,-19.306,24.5,0.94,CLEAR(조향OFF)|STRAIGHT,,999.00,0.63,4.6,1.4,4004
93.50,-14.413,-19.256,24.6,1.14,CLEAR(조향OFF)|STRAIGHT,,999.00,0.63,4.6,1.6,3976
93.55,-14.413,-19.256,24.5,1.14,CLEAR(조향OFF)|STRAIGHT,,999.00,0.63,4.5,1.9,3934
93.60,-14.317,-19.215,24.6,0.95,CLEAR(조향OFF)|STRAIGHT,,999.00,0.63,4.5,2.0,3907
93.65,-14.317,-19.215,24.6,0.95,CLEAR(조향OFF)|STRAIGHT,,999.00,0.63,4.4,2.3,3867
93.70,-14.227,-19.163,24.7,1.15,CLEAR(조향OFF)|STRAIGHT,,999.00,0.62,4.4,2.4,3853
93.75,-14.227,-19.163,24.8,1.15,CLEAR(조향OFF)|STRAIGHT,,999.00,0.62,4.3,2.4,3840
93.80,-14.134,-19.109,24.8,1.06,CLEAR(조향OFF)|STRAIGHT,,999.00,0.62,4.3,2.4,3827
93.85,-14.134,-19.109,25.0,1.06,CLEAR(조향OFF)|STRAIGHT,,999.00,0.62,4.5,2.7,3801
93.90,-14.042,-19.066,25.1,0.93,CLEAR(조향OFF)|STRAIGHT,,999.00,0.62,4.5,2.7,3788
93.95,-14.042,-19.066,25.2,0.93,CLEAR(조향OFF)|STRAIGHT,,999.00,0.62,5.0,2.7,3776
94.00,-13.950,-19.020,25.3,1.03,CLEAR(조향OFF)|STRAIGHT,,999.00,0.62,5.0,2.8,3776
94.05,-13.950,-19.020,25.4,1.03,CLEAR(조향OFF)|STRAIGHT,,999.00,0.62,5.1,2.6,3788
94.10,-13.855,-18.980,25.5,1.15,CLEAR(조향OFF)|STRAIGHT,,999.00,0.62,5.0,2.7,3776
94.15,-13.855,-18.980,25.6,1.15,CLEAR(조향OFF)|STRAIGHT,,999.00,0.62,4.3,2.7,3776
94.20,-13.765,-18.929,25.7,1.03,CLEAR(조향OFF)|STRAIGHT,,999.00,0.62,4.3,2.7,3751
94.25,-13.765,-18.929,25.9,1.03,CLEAR(조향OFF)|STRAIGHT,,999.00,0.62,4.6,2.8,3776
94.30,-13.672,-18.882,25.9,1.05,CLEAR(조향OFF)|STRAIGHT,,999.00,0.62,4.6,2.7,3763
94.35,-13.672,-18.882,26.0,1.05,CLEAR(조향OFF)|STRAIGHT,,999.00,0.62,4.8,2.7,3776
94.40,-13.573,-18.842,26.1,0.96,CLEAR(조향OFF)|STRAIGHT,,999.00,0.62,4.8,2.7,3751
94.45,-13.573,-18.842,26.2,0.96,CLEAR(조향OFF)|STRAIGHT,,999.00,0.62,5.4,3.1,3738
94.50,-13.484,-18.787,26.3,1.16,CLEAR(조향OFF)|STRAIGHT,,999.00,0.62,5.4,3.2,3689
94.55,-13.484,-18.787,26.5,1.16,CLEAR(조향OFF)|STRAIGHT,,999.00,0.62,5.2,3.2,3713
94.60,-13.392,-18.735,26.5,1.05,CLEAR(조향OFF)|STRAIGHT,,999.00,0.62,5.1,3.2,3689
94.65,-13.392,-18.735,26.8,1.05,CLEAR(조향OFF)|STRAIGHT,,999.00,0.62,4.6,3.2,3701
94.70,-13.298,-18.687,26.9,1.05,CLEAR(조향OFF)|STRAIGHT,,999.00,0.61,4.5,3.2,3689
94.75,-13.298,-18.687,27.1,1.05,CLEAR(조향OFF)|STRAIGHT,,999.00,0.61,4.7,3.2,3701
94.80,-13.212,-18.631,27.2,1.03,CLEAR(조향OFF)|STRAIGHT,,999.00,0.61,4.7,3.2,3665
94.85,-13.212,-18.631,27.4,1.03,CLEAR(조향OFF)|STRAIGHT,,999.00,0.61,4.8,3.2,3701
94.90,-13.212,-18.631,27.5,1.03,CLEAR(조향OFF)|STRAIGHT,,999.00,0.61,4.7,3.2,3677
94.95,-13.119,-18.580,27.7,0.88,CLEAR(조향OFF)|STRAIGHT,,999.00,0.61,4.6,3.2,3677
95.00,-13.027,-18.525,27.8,1.34,CLEAR(조향OFF)|STRAIGHT,,999.00,0.61,5.3,3.2,3689
95.05,-13.027,-18.525,28.0,1.34,CLEAR(조향OFF)|STRAIGHT,,999.00,0.61,3.9,3.2,3689
95.10,-12.938,-18.469,28.1,1.05,CLEAR(조향OFF)|STRAIGHT,,999.00,0.59,3.8,3.3,3677
95.15,-12.938,-18.469,28.3,1.05,CLEAR(조향OFF)|STRAIGHT,,999.00,0.59,4.2,3.2,3689
95.20,-12.845,-18.417,28.4,1.06,CLEAR(조향OFF)|STRAIGHT,,999.00,0.59,4.2,3.2,3689
95.25,-12.845,-18.417,28.5,1.06,CLEAR(조향OFF)|STRAIGHT,,999.00,0.59,4.4,3.2,3677
95.30,-12.756,-18.362,28.6,1.05,CLEAR(조향OFF)|STRAIGHT,,999.00,0.59,4.3,3.2,3689
95.35,-12.756,-18.362,28.7,1.05,CLEAR(조향OFF)|STRAIGHT,,999.00,0.59,4.5,3.2,3677
95.40,-12.665,-18.307,28.8,0.96,CLEAR(조향OFF)|STRAIGHT,,999.00,0.59,4.5,3.2,3677
95.45,-12.665,-18.307,29.1,0.96,CLEAR(조향OFF)|STRAIGHT,,999.00,0.59,4.9,3.2,3689
95.50,-12.570,-18.248,29.2,1.24,CLEAR(조향OFF)|STRAIGHT,,999.00,0.59,4.8,3.2,3689
95.55,-12.570,-18.248,29.4,1.24,CLEAR(조향OFF)|STRAIGHT,,999.00,0.59,3.8,3.2,3701
95.60,-12.489,-18.194,29.5,0.89,CLEAR(조향OFF)|STRAIGHT,,999.00,0.58,3.7,3.2,3701
95.65,-12.489,-18.194,29.8,0.89,CLEAR(조향OFF)|STRAIGHT,,999.00,0.58,4.2,3.2,3677
95.70,-12.392,-18.135,29.9,1.26,CLEAR(조향OFF)|STRAIGHT,,999.00,0.58,4.1,3.2,3689
95.75,-12.392,-18.135,30.1,1.26,CLEAR(조향OFF)|STRAIGHT,,999.00,0.58,3.8,3.2,3689
95.80,-12.300,-18.085,30.2,1.05,CLEAR(조향OFF)|STRAIGHT,,999.00,0.58,3.8,3.2,3701
95.85,-12.300,-18.085,30.5,1.05,CLEAR(조향OFF)|STRAIGHT,,999.00,0.58,4.2,3.2,3689
95.90,-12.214,-18.023,30.6,0.96,CLEAR(조향OFF)|STRAIGHT,,999.00,0.58,4.2,3.3,3677
95.95,-12.214,-18.023,30.9,0.96,CLEAR(조향OFF)|STRAIGHT,,999.00,0.58,4.3,3.2,3689
96.00,-12.125,-17.960,31.0,1.21,CLEAR(조향OFF)|STRAIGHT,,999.00,0.58,4.2,3.2,3689
96.05,-12.125,-17.960,31.1,1.21,CLEAR(조향OFF)|STRAIGHT,,999.00,0.58,3.3,3.3,3677
96.10,-12.031,-17.903,31.3,1.10,CLEAR(조향OFF)|STRAIGHT,,999.00,0.55,3.3,3.2,3689
96.15,-12.031,-17.903,31.4,1.10,CLEAR(조향OFF)|STRAIGHT,,999.00,0.55,3.5,3.2,3689
96.20,-11.944,-17.845,31.5,1.04,CLEAR(조향OFF)|STRAIGHT,,999.00,0.55,3.5,3.2,3689
96.25,-11.944,-17.845,31.7,1.04,CLEAR(조향OFF)|STRAIGHT,,999.00,0.55,3.7,3.2,3689
96.30,-11.858,-17.779,31.8,1.08,CLEAR(조향OFF)|STRAIGHT,,999.00,0.55,3.6,3.2,3677
96.35,-11.858,-17.779,32.1,1.08,CLEAR(조향OFF)|STRAIGHT,,999.00,0.55,3.6,3.1,3689
96.40,-11.776,-17.720,32.2,0.92,CLEAR(조향OFF)|STRAIGHT,,999.00,0.55,3.5,3.2,3689
96.45,-11.776,-17.720,32.4,0.92,CLEAR(조향OFF)|STRAIGHT,,999.00,0.55,3.2,3.2,3677
96.50,-11.690,-17.662,32.6,1.15,CLEAR(조향OFF)|STRAIGHT,,999.00,0.54,3.1,3.3,3689
96.55,-11.690,-17.662,32.8,1.15,CLEAR(조향OFF)|STRAIGHT,,999.00,0.54,3.0,3.2,3689
96.60,-11.601,-17.604,32.8,1.06,CLEAR(조향OFF)|STRAIGHT,,999.00,0.54,2.9,3.3,3677
96.65,-11.601,-17.604,33.0,1.06,CLEAR(조향OFF)|STRAIGHT,,999.00,0.54,3.1,3.2,3689
96.70,-11.512,-17.545,33.2,1.06,CLEAR(조향OFF)|STRAIGHT,,999.00,0.54,3.1,3.2,3689
96.75,-11.512,-17.545,33.3,1.06,CLEAR(조향OFF)|STRAIGHT,,999.00,0.54,3.2,3.2,3689
96.80,-11.431,-17.481,33.5,1.03,CLEAR(조향OFF)|STRAIGHT,,999.00,0.54,3.1,3.3,3689
96.85,-11.431,-17.481,33.8,1.03,CLEAR(조향OFF)|STRAIGHT,,999.00,0.54,3.1,3.2,3689
96.90,-11.345,-17.418,33.9,0.97,CLEAR(조향OFF)|STRAIGHT,,999.00,0.54,3.0,3.2,3677
96.95,-11.345,-17.418,34.1,0.97,CLEAR(조향OFF)|STRAIGHT,,999.00,0.54,2.8,3.2,3677
97.00,-11.262,-17.358,34.2,1.02,CLEAR(조향OFF)|STRAIGHT,,999.00,0.51,2.7,3.2,3689
97.05,-11.262,-17.358,34.4,1.02,CLEAR(조향OFF)|STRAIGHT,,999.00,0.51,2.7,3.2,3689
97.10,-11.180,-17.299,34.5,1.14,CLEAR(조향OFF)|STRAIGHT,,999.00,0.51,2.7,3.2,3701
97.15,-11.180,-17.299,34.7,1.14,CLEAR(조향OFF)|STRAIGHT,,999.00,0.51,2.7,3.2,3701
97.20,-11.109,-17.228,34.8,0.98,CLEAR(조향OFF)|STRAIGHT,,999.00,0.51,2.6,3.2,3689
97.25,-11.109,-17.228,35.1,0.98,CLEAR(조향OFF)|STRAIGHT,,999.00,0.51,2.5,3.2,3677
97.30,-11.029,-17.167,35.2,1.01,CLEAR(조향OFF)|STRAIGHT,,999.00,0.51,2.4,3.2,3689
97.35,-11.029,-17.167,35.6,1.01,CLEAR(조향OFF)|STRAIGHT,,999.00,0.51,2.3,3.2,3689
97.40,-10.951,-17.108,35.7,0.89,CLEAR(조향OFF)|STRAIGHT,,999.00,0.51,2.2,3.2,3701
97.45,-10.951,-17.108,35.9,0.89,CLEAR(조향OFF)|STRAIGHT,,999.00,0.51,2.1,3.2,3689
97.50,-10.866,-17.049,36.0,1.14,CLEAR(조향OFF)|STRAIGHT,,999.00,0.49,2.1,3.3,3677
97.55,-10.866,-17.049,36.2,1.14,CLEAR(조향OFF)|STRAIGHT,,999.00,0.49,2.1,3.2,3689
97.60,-10.785,-16.981,36.3,1.05,CLEAR(조향OFF)|STRAIGHT,,999.00,0.49,2.1,3.2,3689
97.65,-10.785,-16.981,36.3,1.05,CLEAR(조향OFF)|STRAIGHT,,999.00,0.49,2.0,3.2,3689
97.70,-10.715,-16.916,36.3,0.96,CLEAR(조향OFF)|STRAIGHT,,999.00,0.49,2.0,3.2,3701
97.75,-10.715,-16.916,36.3,0.96,CLEAR(조향OFF)|STRAIGHT,,999.00,0.49,2.0,3.2,3689
97.80,-10.628,-16.860,36.3,1.03,CLEAR(조향OFF)|STRAIGHT,,999.00,0.49,2.0,3.2,3677
97.85,-10.628,-16.860,36.3,1.03,CLEAR(조향OFF)|STRAIGHT,,999.00,0.49,2.3,3.2,3677
97.90,-10.552,-16.792,36.3,0.93,CLEAR(조향OFF)|STRAIGHT,,999.00,0.49,2.3,3.2,3689
97.95,-10.552,-16.792,36.3,0.93,CLEAR(조향OFF)|STRAIGHT,,999.00,0.49,2.5,3.2,3677
98.00,-10.475,-16.727,36.3,1.12,CLEAR(조향OFF)|STRAIGHT,,999.00,0.47,2.5,3.2,3689
98.05,-10.475,-16.727,36.3,1.12,CLEAR(조향OFF)|STRAIGHT,,999.00,0.47,2.6,3.2,3689
98.10,-10.475,-16.727,36.3,1.12,CLEAR(조향OFF)|STRAIGHT,,999.00,0.47,2.6,3.1,3677
98.15,-10.475,-16.727,36.3,1.12,CLEAR(조향OFF)|STRAIGHT,,999.00,0.47,2.6,3.2,3689
98.20,-10.475,-16.727,36.3,1.12,CLEAR(조향OFF)|STRAIGHT,,999.00,0.47,2.6,3.2,3701
98.25,-10.475,-16.727,36.3,1.12,CLEAR(조향OFF)|STRAIGHT,,999.00,0.47,2.6,3.2,3677
98.30,-10.475,-16.727,36.3,1.12,CLEAR(조향OFF)|STRAIGHT,,999.00,0.47,2.6,3.2,3701
98.35,-10.475,-16.727,36.3,1.12,CLEAR(조향OFF)|STRAIGHT,,999.00,0.47,2.6,3.2,3689
98.40,-10.475,-16.727,36.3,1.12,CLEAR(조향OFF)|STRAIGHT,,999.00,0.47,2.6,3.1,3701
98.45,-10.475,-16.727,36.3,1.12,CLEAR(조향OFF)|STRAIGHT,,999.00,0.47,2.6,3.2,3701
98.50,-10.475,-16.727,36.3,1.12,CLEAR(조향OFF)|STRAIGHT,,999.00,0.47,2.6,3.2,3677
98.55,-10.475,-16.727,36.3,1.12,CLEAR(조향OFF)|STRAIGHT,,999.00,0.47,2.6,3.2,3689
98.60,-10.475,-16.727,36.3,1.12,CLEAR(조향OFF)|STRAIGHT,,999.00,0.47,2.6,3.2,3677
98.65,-10.475,-16.727,36.3,1.12,CLEAR(조향OFF)|STRAIGHT,,999.00,0.00,0.4,3.2,3689
98.70,-10.475,-16.727,36.3,1.12,CLEAR(조향OFF)|STRAIGHT,,999.00,0.00,0.0,3.2,3689
98.75,-10.475,-16.727,36.3,1.12,CLEAR(조향OFF)|STRAIGHT,,999.00,0.00,0.0,2.9,3713
98.80,-10.475,-16.727,36.3,1.12,CLEAR(조향OFF)|STRAIGHT,,999.00,0.00,0.0,2.7,3738
98.85,-10.475,-16.727,36.3,1.12,CLEAR(조향OFF)|STRAIGHT,,999.00,0.00,0.0,2.6,3763
98.90,-10.475,-16.727,36.3,1.12,CLEAR(조향OFF)|STRAIGHT,,999.00,0.00,0.0,2.6,3763
98.95,-10.475,-16.727,36.3,1.12,CLEAR(조향OFF)|STRAIGHT,,999.00,0.00,0.0,2.5,3776
99.00,-10.475,-16.727,36.3,1.12,CLEAR(조향OFF)|STRAIGHT,,999.00,0.00,0.0,2.3,3814
99.05,-10.475,-16.727,36.3,1.12,CLEAR(조향OFF)|STRAIGHT,,999.00,0.00,0.0,2.1,3827
99.10,-10.475,-16.727,36.3,1.12,CLEAR(조향OFF)|STRAIGHT,,999.00,0.00,0.0,2.1,3827
99.15,-10.475,-16.727,36.3,1.12,CLEAR(조향OFF)|STRAIGHT,,999.00,0.00,0.0,2.1,3840
99.20,-10.475,-16.727,36.3,1.12,CLEAR(조향OFF)|STRAIGHT,,999.00,0.00,0.0,2.1,3840
99.25,-10.475,-16.727,36.3,1.12,CLEAR(조향OFF)|STRAIGHT,,999.00,0.00,0.0,2.2,3827
99.30,-10.475,-16.727,36.3,1.12,CLEAR(조향OFF)|STRAIGHT,,999.00,0.00,0.0,2.1,3853
99.35,-10.475,-16.727,36.3,1.12,CLEAR(조향OFF)|STRAIGHT,,999.00,0.00,0.0,1.2,3934
99.40,-10.475,-16.727,36.3,1.12,CLEAR(조향OFF)|STRAIGHT,,999.00,0.00,0.0,1.1,3962
99.45,-9.432,-15.783,41.0,0.78,CLEAR(조향OFF)|STRAIGHT,,999.00,0.00,0.0,1.1,3962
99.50,-9.365,-15.723,41.0,0.90,CLEAR(조향OFF)|STRAIGHT,,999.00,0.05,2.0,1.1,3990
99.55,-9.365,-15.723,41.0,0.90,CLEAR(조향OFF)|STRAIGHT,,999.00,0.10,2.3,1.1,4004
99.60,-9.311,-15.667,41.1,0.78,CLEAR(조향OFF)|STRAIGHT,,999.00,0.15,2.3,1.1,4004
99.65,-9.311,-15.667,41.1,0.78,CLEAR(조향OFF)|STRAIGHT,,999.00,0.20,2.1,1.1,4004
99.70,-9.265,-15.632,41.1,0.57,CLEAR(조향OFF)|STRAIGHT,,999.00,0.25,2.1,1.1,4004
99.75,-9.265,-15.632,41.2,0.57,CLEAR(조향OFF)|STRAIGHT,,999.00,0.30,1.9,1.1,4004
99.80,-9.219,-15.587,41.2,0.64,CLEAR(조향OFF)|STRAIGHT,,999.00,0.35,1.8,1.1,4004
99.85,-9.219,-15.587,41.3,0.64,CLEAR(조향OFF)|STRAIGHT,,999.00,0.40,2.0,1.1,4004
99.90,-9.171,-15.548,41.3,0.56,CLEAR(조향OFF)|STRAIGHT,,999.00,0.43,2.0,1.1,4004
99.95,-9.171,-15.548,41.3,0.56,CLEAR(조향OFF)|STRAIGHT,,999.00,0.43,1.9,1.1,4018
100.00,-9.122,-15.500,41.3,0.68,CLEAR(조향OFF)|STRAIGHT,,999.00,0.43,1.9,1.1,4033
100.05,-9.122,-15.500,41.3,0.68,CLEAR(조향OFF)|STRAIGHT,,999.00,0.43,2.3,1.1,4033
100.10,-9.061,-15.451,41.3,0.79,CLEAR(조향OFF)|STRAIGHT,,999.00,0.43,2.3,1.1,4018
100.15,-9.061,-15.451,41.3,0.79,CLEAR(조향OFF)|STRAIGHT,,999.00,0.43,3.5,1.1,4018
100.20,-9.000,-15.396,41.3,0.81,CLEAR(조향OFF)|STRAIGHT,,999.00,0.42,3.5,1.1,4018
100.25,-9.000,-15.396,41.3,0.81,CLEAR(조향OFF)|STRAIGHT,,999.00,0.42,3.8,1.1,4018
100.30,-8.943,-15.341,41.4,0.88,CLEAR(조향OFF)|STRAIGHT,,999.00,0.42,3.8,1.9,3934
100.35,-8.943,-15.341,41.3,0.88,CLEAR(조향OFF)|STRAIGHT,,999.00,0.42,4.0,1.9,3934
100.40,-8.879,-15.282,41.4,0.79,CLEAR(조향OFF)|STRAIGHT,,999.00,0.42,4.0,2.2,3893
100.45,-8.879,-15.282,41.5,0.79,CLEAR(조향OFF)|STRAIGHT,,999.00,0.42,4.2,2.3,3867
100.50,-8.821,-15.223,41.5,0.91,CLEAR(조향OFF)|STRAIGHT,,999.00,0.42,4.1,2.3,3867
100.55,-8.821,-15.223,41.6,0.91,CLEAR(조향OFF)|STRAIGHT,,999.00,0.42,4.4,2.2,3853
100.60,-8.756,-15.168,41.6,0.78,CLEAR(조향OFF)|STRAIGHT,,999.00,0.42,4.4,2.2,3880
100.65,-8.756,-15.168,41.7,0.78,CLEAR(조향OFF)|STRAIGHT,,999.00,0.42,4.6,2.3,3853
100.70,-8.697,-15.111,41.7,0.82,CLEAR(조향OFF)|STRAIGHT,,999.00,0.42,4.6,2.4,3827
100.75,-8.697,-15.111,41.8,0.82,CLEAR(조향OFF)|STRAIGHT,,999.00,0.42,5.2,2.5,3840
100.80,-8.644,-15.044,41.8,0.85,CLEAR(조향OFF)|STRAIGHT,,999.00,0.42,5.2,2.5,3840
100.85,-8.644,-15.044,42.0,0.85,CLEAR(조향OFF)|STRAIGHT,,999.00,0.42,5.3,2.6,3801
100.90,-8.644,-15.044,42.0,0.85,CLEAR(조향OFF)|STRAIGHT,,999.00,0.42,5.2,3.2,3738
100.95,-8.578,-14.981,42.3,0.82,CLEAR(조향OFF)|STRAIGHT,,999.00,0.42,5.1,3.4,3689
101.00,-8.507,-14.909,42.4,1.12,CLEAR(조향OFF)|STRAIGHT,,999.00,0.42,5.4,3.4,3677
101.05,-8.507,-14.909,42.7,1.12,CLEAR(조향OFF)|STRAIGHT,,999.00,0.42,5.7,3.4,3677
101.10,-8.507,-14.909,42.8,1.12,CLEAR(조향OFF)|STRAIGHT,,999.00,0.42,5.6,3.4,3689
101.15,-8.433,-14.840,43.0,0.92,CLEAR(조향OFF)|STRAIGHT,,999.00,0.42,5.5,3.4,3665
101.20,-8.354,-14.773,43.1,1.15,CLEAR(조향OFF)|STRAIGHT,,999.00,0.42,5.9,3.8,3618
101.25,-8.354,-14.773,43.4,1.15,CLEAR(조향OFF)|STRAIGHT,,999.00,0.42,6.3,3.8,3618
101.30,-8.287,-14.694,43.5,1.15,CLEAR(조향OFF)|STRAIGHT,,999.00,0.41,6.2,3.9,3595
101.35,-8.287,-14.694,43.7,1.15,CLEAR(조향OFF)|STRAIGHT,,999.00,0.41,6.4,3.8,3606
101.40,-8.226,-14.627,43.9,0.90,CLEAR(조향OFF)|STRAIGHT,,999.00,0.41,6.4,3.9,3618
101.45,-8.226,-14.627,44.1,0.90,CLEAR(조향OFF)|STRAIGHT,,999.00,0.41,6.6,3.8,3595
101.50,-8.154,-14.548,44.3,1.07,CLEAR(조향OFF)|STRAIGHT,,999.00,0.41,6.5,4.0,3583
101.55,-8.154,-14.548,44.5,1.07,CLEAR(조향OFF)|STRAIGHT,,999.00,0.41,6.8,4.0,3583
101.60,-8.078,-14.476,44.7,1.05,CLEAR(조향OFF)|STRAIGHT,,999.00,0.41,6.7,4.0,3583
101.65,-8.078,-14.476,44.9,1.05,CLEAR(조향OFF)|STRAIGHT,,999.00,0.41,7.2,4.1,3572
101.70,-8.006,-14.401,45.1,1.04,CLEAR(조향OFF)|STRAIGHT,,999.00,0.41,7.1,4.1,3572
101.75,-8.006,-14.401,45.3,1.04,CLEAR(조향OFF)|STRAIGHT,,999.00,0.41,7.3,4.0,3561
101.80,-7.935,-14.318,45.4,1.09,CLEAR(조향OFF)|STRAIGHT,,999.00,0.41,7.2,4.2,3561
101.85,-7.935,-14.318,45.8,1.09,CLEAR(조향OFF)|STRAIGHT,,999.00,0.41,7.6,4.5,3505
101.90,-7.865,-14.239,46.0,0.96,CLEAR(조향OFF)|STRAIGHT,,999.00,0.41,7.4,4.7,3494
101.95,-7.865,-14.239,46.2,0.96,CLEAR(조향OFF)|STRAIGHT,,999.00,0.41,7.9,4.9,3451
102.00,-7.795,-14.164,46.5,1.14,CLEAR(조향OFF)|STRAIGHT,,999.00,0.41,7.8,4.9,3441
102.05,-7.795,-14.164,46.9,1.14,CLEAR(조향OFF)|STRAIGHT,,999.00,0.41,8.0,5.0,3441
102.10,-7.725,-14.078,47.1,1.15,CLEAR(조향OFF)|STRAIGHT,,999.00,0.41,7.9,5.0,3430
102.15,-7.725,-14.078,47.4,1.15,CLEAR(조향OFF)|STRAIGHT,,999.00,0.41,8.3,5.3,3410
102.20,-7.646,-13.990,47.7,1.20,CLEAR(조향OFF)|STRAIGHT,,999.00,0.41,8.2,5.4,3399
102.25,-7.646,-13.990,48.2,1.20,CLEAR(조향OFF)|STRAIGHT,,999.00,0.41,8.1,5.5,3359
102.30,-7.577,-13.900,48.4,1.11,CLEAR(조향OFF)|STRAIGHT,,999.00,0.41,8.0,5.6,3349
102.35,-7.577,-13.900,48.9,1.11,CLEAR(조향OFF)|STRAIGHT,,999.00,0.41,8.4,5.8,3329
102.40,-7.507,-13.809,49.2,1.02,CLEAR(조향OFF)|STRAIGHT,,999.00,0.41,8.2,5.7,3319
102.45,-7.507,-13.809,49.7,1.02,CLEAR(조향OFF)|STRAIGHT,,999.00,0.41,8.7,5.7,3329
102.50,-7.443,-13.722,49.9,1.20,CLEAR(조향OFF)|STRAIGHT,,999.00,0.41,8.5,5.8,3329
102.55,-7.443,-13.722,50.5,1.20,CLEAR(조향OFF)|STRAIGHT,,999.00,0.41,8.7,5.8,3300
102.60,-7.368,-13.625,50.9,1.22,CLEAR(조향OFF)|STRAIGHT,,999.00,0.41,8.5,6.8,3196
102.65,-7.368,-13.625,51.5,1.22,CLEAR(조향OFF)|STRAIGHT,,999.00,0.41,8.2,7.2,3160
102.70,-7.296,-13.529,51.8,1.20,CLEAR(조향OFF)|STRAIGHT,,999.00,0.41,8.0,7.1,3160
102.75,-7.296,-13.529,52.5,1.20,CLEAR(조향OFF)|STRAIGHT,,999.00,0.41,8.4,7.1,3152
102.80,-7.228,-13.433,52.8,1.18,CLEAR(조향OFF)|STRAIGHT,,999.00,0.41,8.2,7.1,3152
102.85,-7.228,-13.433,53.5,1.18,CLEAR(조향OFF)|STRAIGHT,,999.00,0.41,8.5,7.1,3134
102.90,-7.228,-13.433,53.8,1.18,CLEAR(조향OFF)|STRAIGHT,,999.00,0.41,8.3,7.1,3125
102.95,-7.176,-13.336,54.5,0.90,CLEAR(조향OFF)|STRAIGHT,,999.00,0.41,7.9,7.1,3143
103.00,-7.105,-13.231,54.8,1.59,CLEAR(조향OFF)|STRAIGHT,,999.00,0.41,8.5,7.2,3125
103.05,-7.105,-13.231,55.6,1.59,CLEAR(조향OFF)|STRAIGHT,,999.00,0.41,7.7,7.1,3143
103.10,-7.040,-13.125,55.9,1.24,CLEAR(조향OFF)|STRAIGHT,,999.00,0.41,7.6,7.1,3134
103.15,-7.040,-13.125,56.7,1.24,CLEAR(조향OFF)|STRAIGHT,,999.00,0.41,8.0,7.1,3134
103.20,-6.989,-13.022,57.1,1.23,CLEAR(조향OFF)|STRAIGHT,,999.00,0.41,7.8,7.1,3125
103.25,-6.989,-13.022,57.8,1.23,CLEAR(조향OFF)|STRAIGHT,,999.00,0.41,7.8,7.2,3108
103.30,-6.923,-12.914,58.1,1.18,CLEAR(조향OFF)|STRAIGHT,,999.00,0.41,7.7,7.1,3125
103.35,-6.923,-12.914,58.9,1.18,CLEAR(조향OFF)|STRAIGHT,,999.00,0.41,8.0,7.1,3125
103.40,-6.864,-12.805,59.2,1.13,CLEAR(조향OFF)|STRAIGHT,,999.00,0.41,7.8,7.1,3125
103.45,-6.864,-12.805,60.0,1.13,CLEAR(조향OFF)|STRAIGHT,,999.00,0.41,7.5,7.1,3117
103.50,-6.817,-12.698,60.3,1.17,CLEAR(조향OFF)|STRAIGHT,,999.00,0.40,7.3,7.1,3125
103.55,-6.817,-12.698,61.0,1.17,CLEAR(조향OFF)|STRAIGHT,,999.00,0.40,7.4,7.2,3117
103.60,-6.757,-12.582,61.3,1.45,CLEAR(조향OFF)|STRAIGHT,,999.00,0.40,7.2,7.1,3134
103.65,-6.757,-12.582,62.1,1.45,CLEAR(조향OFF)|STRAIGHT,,999.00,0.40,7.3,7.1,3125
103.70,-6.704,-12.470,62.4,1.23,CLEAR(조향OFF)|STRAIGHT,,999.00,0.40,7.1,7.1,3117
103.75,-6.704,-12.470,63.2,1.23,CLEAR(조향OFF)|STRAIGHT,,999.00,0.40,7.4,7.1,3134
103.80,-6.663,-12.359,63.6,1.18,CLEAR(조향OFF)|STRAIGHT,,999.00,0.40,7.1,7.1,3125
103.85,-6.663,-12.359,64.4,1.18,CLEAR(조향OFF)|STRAIGHT,,999.00,0.40,6.8,7.1,3108
103.90,-6.609,-12.241,64.7,1.18,CLEAR(조향OFF)|STRAIGHT,,999.00,0.41,6.7,7.1,3125
103.95,-6.609,-12.241,65.5,1.18,CLEAR(조향OFF)|STRAIGHT,,999.00,0.41,6.8,7.1,3125
104.00,-6.569,-12.129,65.8,1.32,CLEAR(조향OFF)|STRAIGHT,,999.00,0.41,6.6,7.1,3117
104.05,-6.569,-12.129,66.5,1.32,CLEAR(조향OFF)|STRAIGHT,,999.00,0.41,6.6,7.1,3125
104.10,-6.525,-12.016,66.8,1.21,CLEAR(조향OFF)|STRAIGHT,,999.00,0.41,6.4,7.1,3117
104.15,-6.525,-12.016,67.6,1.21,CLEAR(조향OFF)|STRAIGHT,,999.00,0.41,6.6,7.1,3125
104.20,-6.485,-11.898,68.0,1.25,CLEAR(조향OFF)|STRAIGHT,,999.00,0.41,6.3,7.1,3117
104.25,-6.485,-11.898,68.6,1.25,CLEAR(조향OFF)|STRAIGHT,,999.00,0.41,6.2,7.2,3125
104.30,-6.456,-11.778,69.0,1.11,CLEAR(조향OFF)|STRAIGHT,,999.00,0.40,6.0,7.1,3117
104.35,-6.456,-11.778,69.7,1.11,CLEAR(조향OFF)|STRAIGHT,,999.00,0.40,6.0,7.1,3108
104.40,-6.414,-11.664,70.0,1.21,CLEAR(조향OFF)|STRAIGHT,,999.00,0.40,5.8,7.1,3125
104.45,-6.414,-11.664,70.8,1.21,CLEAR(조향OFF)|STRAIGHT,,999.00,0.40,5.9,7.1,3125
104.50,-6.388,-11.545,71.1,1.21,CLEAR(조향OFF)|STRAIGHT,,999.00,0.40,5.7,7.1,3108
104.55,-6.388,-11.545,71.9,1.21,CLEAR(조향OFF)|STRAIGHT,,999.00,0.40,5.6,7.1,3108
104.60,-6.361,-11.432,72.3,1.16,CLEAR(조향OFF)|STRAIGHT,,999.00,0.40,5.3,7.1,3125
104.65,-6.361,-11.432,73.0,1.16,CLEAR(조향OFF)|STRAIGHT,,999.00,0.40,5.1,7.1,3100
104.70,-6.323,-11.313,73.3,1.25,CLEAR(조향OFF)|STRAIGHT,,999.00,0.40,4.9,7.1,3117
104.75,-6.323,-11.313,73.9,1.25,CLEAR(조향OFF)|STRAIGHT,,999.00,0.40,5.3,7.1,3117
104.80,-6.307,-11.197,74.3,1.17,CLEAR(조향OFF)|STRAIGHT,,999.00,0.40,5.1,6.9,3143
104.85,-6.307,-11.197,74.9,1.17,CLEAR(조향OFF)|STRAIGHT,,999.00,0.40,4.9,6.7,3143
104.90,-6.307,-11.197,75.3,1.17,CLEAR(조향OFF)|STRAIGHT,,999.00,0.40,4.7,6.8,3143
104.95,-6.281,-11.081,75.9,1.08,CLEAR(조향OFF)|STRAIGHT,,999.00,0.40,4.3,6.9,3143
105.00,-6.259,-10.963,76.2,1.33,CLEAR(조향OFF)|STRAIGHT,,999.00,0.40,4.4,6.8,3143
105.05,-6.259,-10.963,76.9,1.33,CLEAR(조향OFF)|STRAIGHT,,999.00,0.40,4.5,6.8,3152
105.10,-6.259,-10.963,77.3,1.33,CLEAR(조향OFF)|STRAIGHT,,999.00,0.40,4.3,6.9,3143
105.15,-6.241,-10.848,77.9,1.05,CLEAR(조향OFF)|STRAIGHT,,999.00,0.40,3.8,6.2,3187
105.20,-6.221,-10.732,78.2,1.31,CLEAR(조향OFF)|STRAIGHT,,999.00,0.40,4.1,6.1,3215
105.25,-6.221,-10.732,78.9,1.31,CLEAR(조향OFF)|STRAIGHT,,999.00,0.40,4.2,6.0,3233
105.30,-6.208,-10.617,79.2,1.15,CLEAR(조향OFF)|STRAIGHT,,999.00,0.40,4.1,6.1,3242
105.35,-6.208,-10.617,79.8,1.15,CLEAR(조향OFF)|STRAIGHT,,999.00,0.40,3.7,6.1,3125
105.40,-6.196,-10.507,80.1,1.11,CLEAR(조향OFF)|STRAIGHT,,999.00,0.40,3.5,6.1,3233
105.45,-6.196,-10.507,80.7,1.11,CLEAR(조향OFF)|STRAIGHT,,999.00,0.40,3.3,5.9,3252
105.50,-6.187,-10.383,81.0,1.23,CLEAR(조향OFF)|STRAIGHT,,999.00,0.40,3.0,5.8,3271
105.55,-6.187,-10.383,81.6,1.23,CLEAR(조향OFF)|STRAIGHT,,999.00,0.40,3.7,5.6,3300
105.60,-6.182,-10.267,81.8,1.16,CLEAR(조향OFF)|STRAIGHT,,999.00,0.40,3.6,5.5,3319
105.65,-6.182,-10.267,82.3,1.16,CLEAR(조향OFF)|STRAIGHT,,999.00,0.40,3.3,5.5,3309
105.70,-6.170,-10.149,82.6,1.33,CLEAR(조향OFF)|STRAIGHT,,999.00,0.40,3.2,5.5,3319
105.75,-6.170,-10.149,83.1,1.33,CLEAR(조향OFF)|STRAIGHT,,999.00,0.40,3.4,5.5,3319
105.80,-6.162,-10.035,83.4,1.03,CLEAR(조향OFF)|STRAIGHT,,999.00,0.40,3.2,5.4,3329
105.85,-6.162,-10.035,84.0,1.03,CLEAR(조향OFF)|STRAIGHT,,999.00,0.40,2.5,5.4,3339
105.90,-6.164,-9.918,84.1,1.17,CLEAR(조향OFF)|STRAIGHT,,999.00,0.40,2.4,5.4,3339
105.95,-6.164,-9.918,84.6,1.17,CLEAR(조향OFF)|STRAIGHT,,999.00,0.40,3.4,5.5,3319
106.00,-6.153,-9.803,84.9,1.15,CLEAR(조향OFF)|STRAIGHT,,999.00,0.39,3.2,5.4,3329
106.05,-6.153,-9.803,85.3,1.15,CLEAR(조향OFF)|STRAIGHT,,999.00,0.39,3.1,5.4,3329
106.10,-6.157,-9.684,85.5,1.18,CLEAR(조향OFF)|STRAIGHT,,999.00,0.39,3.0,5.4,3339
106.15,-6.157,-9.684,85.8,1.18,CLEAR(조향OFF)|STRAIGHT,,999.00,0.39,2.9,5.5,3339
106.20,-6.158,-9.567,86.1,1.17,CLEAR(조향OFF)|STRAIGHT,,999.00,0.39,2.8,5.5,3339
106.25,-6.158,-9.567,86.7,1.17,CLEAR(조향OFF)|STRAIGHT,,999.00,0.39,2.6,5.4,3339
106.30,-6.160,-9.444,86.8,1.23,CLEAR(조향OFF)|STRAIGHT,,999.00,0.39,2.4,4.9,3399
106.35,-6.160,-9.444,87.1,1.23,CLEAR(조향OFF)|STRAIGHT,,999.00,0.39,3.5,4.7,3430
106.40,-6.165,-9.333,87.3,1.10,CLEAR(조향OFF)|STRAIGHT,,999.00,0.39,3.5,4.6,3441
106.45,-6.165,-9.333,87.7,1.10,CLEAR(조향OFF)|STRAIGHT,,999.00,0.39,3.1,4.6,3441
106.50,-6.171,-9.216,87.8,1.30,CLEAR(조향OFF)|STRAIGHT,,999.00,0.39,3.0,4.6,3451
106.55,-6.171,-9.216,88.3,1.30,CLEAR(조향OFF)|STRAIGHT,,999.00,0.39,3.4,4.6,3441
106.60,-6.167,-9.098,88.5,1.18,CLEAR(조향OFF)|STRAIGHT,,999.00,0.39,3.3,4.3,3494
106.65,-6.167,-9.098,89.1,1.18,CLEAR(조향OFF)|STRAIGHT,,999.00,0.39,3.0,4.2,3473
106.70,-6.175,-8.987,89.4,1.11,CLEAR(조향OFF)|STRAIGHT,,999.00,0.39,2.8,4.3,3494
106.75,-6.175,-8.987,89.8,1.11,CLEAR(조향OFF)|STRAIGHT,,999.00,0.39,3.5,4.2,3494
106.80,-6.176,-8.873,89.9,1.14,CLEAR(조향OFF)|STRAIGHT,,999.00,0.38,3.4,4.3,3516
106.85,-6.176,-8.873,90.1,1.14,CLEAR(조향OFF)|STRAIGHT,,999.00,0.38,3.6,4.2,3505
106.90,-6.176,-8.873,90.4,1.14,CLEAR(조향OFF)|STRAIGHT,,999.00,0.38,3.5,4.3,3516
106.95,-6.169,-8.752,90.9,1.00,CLEAR(조향OFF)|STRAIGHT,,999.00,0.38,3.3,4.2,3505
107.00,-6.192,-8.637,91.0,1.44,CLEAR(조향OFF)|STRAIGHT,,999.00,0.38,3.2,4.2,3516
107.05,-6.192,-8.637,91.4,1.44,CLEAR(조향OFF)|STRAIGHT,,999.00,0.38,3.9,4.2,3527
107.10,-6.191,-8.516,91.6,1.11,CLEAR(조향OFF)|STRAIGHT,,999.00,0.38,3.8,4.3,3516
107.15,-6.191,-8.516,91.9,1.11,CLEAR(조향OFF)|STRAIGHT,,999.00,0.38,3.3,4.3,3505
107.20,-6.195,-8.394,91.9,1.36,CLEAR(조향OFF)|STRAIGHT,,999.00,0.38,3.2,4.1,3516
107.25,-6.195,-8.394,92.2,1.36,CLEAR(조향OFF)|STRAIGHT,,999.00,0.38,4.9,4.2,3505
107.30,-6.212,-8.264,92.4,1.25,CLEAR(조향OFF)|STRAIGHT,,999.00,0.38,4.9,4.2,3527
107.35,-6.212,-8.264,92.7,1.25,CLEAR(조향OFF)|STRAIGHT,,999.00,0.38,4.9,4.3,3505
107.40,-6.231,-8.152,93.0,1.05,CLEAR(조향OFF)|STRAIGHT,,999.00,0.38,4.8,4.2,3505
107.45,-6.231,-8.152,93.4,1.05,CLEAR(조향OFF)|STRAIGHT,,999.00,0.38,4.4,4.2,3527
107.50,-6.245,-8.028,93.6,1.26,CLEAR(조향OFF)|STRAIGHT,,999.00,0.38,4.3,4.2,3505
107.55,-6.245,-8.028,94.0,1.26,CLEAR(조향OFF)|STRAIGHT,,999.00,0.38,4.7,4.2,3538
107.60,-6.250,-7.914,94.1,1.26,CLEAR(조향OFF)|STRAIGHT,,999.00,0.38,4.6,4.3,3516
107.65,-6.250,-7.914,94.6,1.26,CLEAR(조향OFF)|STRAIGHT,,999.00,0.38,5.8,4.2,3516
107.70,-6.268,-7.793,94.7,1.22,CLEAR(조향OFF)|STRAIGHT,,999.00,0.38,5.6,4.2,3516
107.75,-6.268,-7.793,95.0,1.22,CLEAR(조향OFF)|STRAIGHT,,999.00,0.38,5.8,4.2,3516
107.80,-6.286,-7.675,95.2,1.20,CLEAR(조향OFF)|STRAIGHT,,999.00,0.38,5.7,4.2,3516
107.85,-6.286,-7.675,95.6,1.20,CLEAR(조향OFF)|STRAIGHT,,999.00,0.38,5.9,4.2,3527
107.90,-6.286,-7.675,95.7,1.20,CLEAR(조향OFF)|STRAIGHT,,999.00,0.38,5.8,4.2,3516
107.95,-6.302,-7.553,96.2,1.02,CLEAR(조향OFF)|STRAIGHT,,999.00,0.38,5.6,4.2,3516
108.00,-6.323,-7.438,96.4,1.30,CLEAR(조향OFF)|STRAIGHT,,999.00,0.38,5.7,4.2,3505
108.05,-6.323,-7.438,96.8,1.30,CLEAR(조향OFF)|STRAIGHT,,999.00,0.38,6.8,4.2,3527
108.10,-6.323,-7.438,96.9,1.30,CLEAR(조향OFF)|STRAIGHT,,999.00,0.39,6.7,4.2,3516
108.15,-6.323,-7.438,97.2,1.30,CLEAR(조향OFF)|STRAIGHT,,999.00,0.39,6.5,4.2,3527
108.20,-6.361,-7.191,97.5,23.34,CLEAR(조향OFF)|STRAIGHT,,999.00,0.39,6.4,4.3,3505
108.25,-6.361,-7.191,98.0,23.34,CLEAR(조향OFF)|STRAIGHT,,999.00,0.39,7.4,4.2,3538
108.30,-6.388,-7.081,98.5,1.13,CLEAR(조향OFF)|STRAIGHT,,999.00,0.39,7.3,4.2,3516
108.35,-6.388,-7.081,98.8,1.13,CLEAR(조향OFF)|STRAIGHT,,999.00,0.39,7.2,4.3,3505
108.40,-6.419,-6.947,98.9,1.52,CLEAR(조향OFF)|STRAIGHT,,999.00,0.39,7.1,4.8,3462
108.45,-6.419,-6.947,98.9,1.52,CLEAR(조향OFF)|STRAIGHT,,999.00,0.39,8.0,5.0,3441
108.50,-6.442,-6.812,98.9,1.37,CLEAR(조향OFF)|STRAIGHT,,999.00,0.38,7.9,5.0,3420
108.55,-6.442,-6.812,98.9,1.37,CLEAR(조향OFF)|STRAIGHT,,999.00,0.38,8.8,5.0,3420
108.60,-6.469,-6.695,98.9,1.20,CLEAR(조향OFF)|STRAIGHT,,999.00,0.38,8.8,5.0,3410
108.65,-6.469,-6.695,98.9,1.20,CLEAR(조향OFF)|STRAIGHT,,999.00,0.38,9.5,5.6,3349
108.70,-6.496,-6.571,98.9,1.26,CLEAR(조향OFF)|STRAIGHT,,999.00,0.38,9.5,6.4,3271
108.75,-6.496,-6.571,98.9,1.26,CLEAR(조향OFF)|STRAIGHT,,999.00,0.38,10.5,6.9,3205
108.80,-6.528,-6.445,98.9,1.18,CLEAR(조향OFF)|STRAIGHT,,999.00,0.38,10.5,7.1,3160
108.85,-6.528,-6.445,98.9,1.18,CLEAR(조향OFF)|STRAIGHT,,999.00,0.38,11.5,7.6,3108
108.90,-6.528,-6.445,98.9,1.18,CLEAR(조향OFF)|STRAIGHT,,999.00,0.39,11.5,8.1,3049
108.95,-6.528,-6.445,98.9,1.18,CLEAR(조향OFF)|STRAIGHT,,999.00,0.39,11.5,8.6,2992
109.00,-6.528,-6.445,98.9,1.18,CLEAR(조향OFF)|STRAIGHT,,999.00,0.39,11.5,9.1,2915
109.05,-6.528,-6.445,98.9,1.18,CLEAR(조향OFF)|STRAIGHT,,999.00,0.39,11.5,9.5,2878
109.10,-6.528,-6.445,98.9,1.18,CLEAR(조향OFF)|STRAIGHT,,999.00,0.39,11.5,9.5,2848
109.15,-6.528,-6.445,98.9,1.18,CLEAR(조향OFF)|STRAIGHT,,999.00,0.39,11.5,9.5,2848
109.20,-6.528,-6.445,98.9,1.18,CLEAR(조향OFF)|STRAIGHT,,999.00,0.39,11.5,9.5,2834
109.25,-6.528,-6.445,98.9,1.18,CLEAR(조향OFF)|STRAIGHT,,999.00,0.39,11.5,9.5,2834
109.30,-6.528,-6.445,98.9,1.18,CLEAR(조향OFF)|STRAIGHT,,999.00,0.39,11.5,9.5,2827
109.35,-6.528,-6.445,98.9,1.18,CLEAR(조향OFF)|STRAIGHT,,999.00,0.39,11.5,9.5,2834
109.40,-6.528,-6.445,98.9,1.18,CLEAR(조향OFF)|STRAIGHT,,999.00,0.39,11.5,9.5,2820
109.45,-6.528,-6.445,98.9,1.18,CLEAR(조향OFF)|STRAIGHT,,999.00,0.39,9.3,9.5,2827
109.50,-6.528,-6.445,98.9,1.18,CLEAR(조향OFF)|STRAIGHT,,999.00,0.00,7.0,9.5,2820
109.55,-6.528,-6.445,98.9,1.18,CLEAR(조향OFF)|STRAIGHT,,999.00,0.00,4.8,9.5,2813
109.60,-6.528,-6.445,98.9,1.18,CLEAR(조향OFF)|STRAIGHT,,999.00,0.00,2.5,9.5,2827
109.65,-6.528,-6.445,98.9,1.18,AVOID(조향OFF)|STRAIGHT,,8.00,0.00,0.3,8.3,2907
109.70,-6.528,-6.445,98.9,1.18,AVOID(조향OFF)|STRAIGHT,,8.00,0.00,0.0,6.9,3057
109.75,-6.528,-6.445,98.9,1.18,AVOID(조향OFF)|STRAIGHT,,8.00,0.00,0.0,5.2,3242
109.80,-6.528,-6.445,98.9,1.18,AVOID(조향OFF)|STRAIGHT,,8.00,0.00,0.0,3.5,3451
109.85,-6.528,-6.445,98.9,1.18,AVOID(조향OFF)|STRAIGHT,,8.00,0.00,0.0,2.6,3595
109.90,-6.528,-6.445,98.9,1.18,AVOID(조향OFF)|STRAIGHT,,8.00,0.00,0.0,2.2,3677
109.95,-6.528,-6.445,98.9,1.18,AVOID(조향OFF)|STRAIGHT,,8.00,0.00,0.0,2.1,3726
110.00,-6.528,-6.445,98.9,1.18,AVOID(조향OFF)|STRAIGHT,,8.00,0.00,0.0,2.1,3751
110.05,-6.528,-6.445,98.9,1.18,AVOID(조향OFF)|STRAIGHT,,8.00,0.00,0.0,2.2,3763
110.10,-6.528,-6.445,98.9,1.18,AVOID(조향OFF)|STRAIGHT,,8.00,0.00,0.0,2.2,3776
110.15,-6.528,-6.445,98.9,1.18,AVOID(조향OFF)|STRAIGHT,,8.00,0.00,0.0,2.3,3801
110.20,-6.528,-6.445,98.9,1.18,AVOID(조향OFF)|STRAIGHT,,8.00,0.00,0.0,1.8,3827
110.25,-7.231,-4.916,116.8,0.93,AVOID(조향OFF)|STRAIGHT,,8.00,0.00,0.0,1.9,3827
110.30,-7.280,-4.831,116.9,0.98,AVOID(조향OFF)|STRAIGHT,,8.00,0.05,-2.2,1.8,3853
110.35,-7.280,-4.831,116.9,0.98,AVOID(조향OFF)|STRAIGHT,,8.00,0.10,-4.5,1.8,3853
110.40,-7.329,-4.747,116.9,1.08,AVOID(조향OFF)|RIGHT,,8.00,0.15,-6.8,1.0,3948
110.45,-7.329,-4.747,116.9,1.08,AVOID(조향OFF)|RIGHT,,8.00,0.20,-4.5,-0.0,4077
110.50,-7.368,-4.674,116.8,0.76,AVOID(조향OFF)|STRAIGHT,,8.00,0.11,-2.2,-1.3,4198
110.55,-7.368,-4.674,116.6,0.76,AVOID(조향OFF)|STRAIGHT,,8.00,0.02,0.0,-1.9,4295
110.60,-7.413,-4.600,116.5,0.86,AVOID(조향OFF)|STRAIGHT,,8.00,0.00,0.0,-1.8,4328
110.65,-7.413,-4.600,116.4,0.86,AVOID(조향OFF)|STRAIGHT,,8.00,0.00,0.0,-2.0,4344
110.70,-7.449,-4.530,116.3,0.79,AVOID(조향OFF)|STRAIGHT,,8.00,0.00,0.0,-1.9,4361
110.75,-7.449,-4.530,116.1,0.79,AVOID(조향OFF)|STRAIGHT,,8.00,0.00,0.0,-1.8,4361
110.80,-7.483,-4.453,116.1,0.84,AVOID(조향OFF)|STRAIGHT,,8.00,0.00,0.0,-1.8,4361
110.85,-7.483,-4.453,116.0,0.84,AVOID(조향OFF)|STRAIGHT,,8.00,0.00,0.0,-0.7,4278
110.90,-7.483,-4.453,115.9,0.84,AVOID(조향OFF)|STRAIGHT,,8.00,0.00,0.0,-0.5,4246
110.95,-7.522,-4.389,115.9,0.58,AVOID(조향OFF)|STRAIGHT,,8.00,0.00,0.0,-0.4,4230
111.00,-7.522,-4.389,115.8,0.58,AVOID(조향OFF)|STRAIGHT,,8.00,0.00,0.0,-0.4,4230
111.05,-7.522,-4.389,115.8,0.58,AVOID(조향OFF)|STRAIGHT,,8.00,0.00,0.0,-0.4,4230
111.10,-7.581,-4.263,115.7,0.86,AVOID(조향OFF)|STRAIGHT,,8.00,0.00,0.0,-0.4,4230
111.15,-7.581,-4.263,115.7,0.86,AVOID(조향OFF)|STRAIGHT,,8.00,0.00,0.0,-0.4,4230
111.20,-7.612,-4.206,115.6,0.65,AVOID(조향OFF)|STRAIGHT,,8.00,0.00,0.0,-0.4,4246
111.25,-7.612,-4.206,115.6,0.65,AVOID(조향OFF)|STRAIGHT,,8.00,0.00,0.0,-0.4,4230
111.30,-7.637,-4.144,115.6,0.62,AVOID(조향OFF)|STRAIGHT,,8.00,0.00,0.0,-0.4,4262
111.35,-7.637,-4.144,115.5,0.62,AVOID(조향OFF)|STRAIGHT,,8.00,0.00,0.0,-0.4,4230
111.40,-7.661,-4.100,115.5,0.50,AVOID(조향OFF)|STRAIGHT,,8.00,0.00,0.0,-0.4,4246
111.45,-7.661,-4.100,115.5,0.50,AVOID(조향OFF)|STRAIGHT,,8.00,0.00,0.0,-0.3,4230
111.50,-7.687,-4.050,115.5,0.56,AVOID(조향OFF)|STRAIGHT,,8.00,0.00,0.0,-0.4,4246
111.55,-7.687,-4.050,115.4,0.56,AVOID(조향OFF)|STRAIGHT,,8.00,0.00,0.0,-0.5,4246
111.60,-7.707,-4.002,115.4,0.52,AVOID(조향OFF)|STRAIGHT,,8.00,0.00,0.0,-0.4,4246
111.65,-7.707,-4.002,115.3,0.52,AVOID(조향OFF)|STRAIGHT,,8.00,0.00,0.0,-0.4,4230
111.70,-7.727,-3.955,115.2,0.51,AVOID(조향OFF)|STRAIGHT,,8.00,0.00,0.0,-0.3,4246
111.75,-7.727,-3.955,115.2,0.51,AVOID(조향OFF)|STRAIGHT,,8.00,0.00,0.0,-0.4,4230
111.80,-7.751,-3.918,115.2,0.44,AVOID(조향OFF)|STRAIGHT,,8.00,0.00,0.0,-0.4,4230
111.85,-7.751,-3.918,115.1,0.44,AVOID(조향OFF)|STRAIGHT,,8.00,0.00,0.0,-0.4,4246
111.90,-7.751,-3.918,115.1,0.44,AVOID(조향OFF)|STRAIGHT,,8.00,0.00,0.0,-0.3,4246
111.95,-7.771,-3.880,115.1,0.33,AVOID(조향OFF)|STRAIGHT,,8.00,0.00,0.0,-0.3,4246
112.00,-7.771,-3.880,115.1,0.33,AVOID(조향OFF)|STRAIGHT,,8.00,0.00,0.0,-0.3,4262
112.05,-7.771,-3.880,115.0,0.33,AVOID(조향OFF)|STRAIGHT,,8.00,0.00,0.0,-0.4,4246
112.10,-7.800,-3.816,115.0,0.41,AVOID(조향OFF)|STRAIGHT,,8.00,0.00,0.0,-0.4,4246
112.15,-7.800,-3.816,114.9,0.41,AVOID(조향OFF)|STRAIGHT,,8.00,0.00,0.0,-0.4,4230
112.20,-7.815,-3.784,114.9,0.35,AVOID(조향OFF)|STRAIGHT,,8.00,0.00,0.0,-0.4,4246
112.25,-7.815,-3.784,114.9,0.35,AVOID(조향OFF)|STRAIGHT,,8.00,0.00,0.0,-0.4,4246
112.30,-7.828,-3.760,114.9,0.27,AVOID(조향OFF)|STRAIGHT,,8.00,0.00,0.0,-0.4,4246
112.35,-7.828,-3.760,114.8,0.27,AVOID(조향OFF)|STRAIGHT,,8.00,0.00,0.0,-0.4,4246
112.40,-7.836,-3.738,114.8,0.23,AVOID(조향OFF)|STRAIGHT,,8.00,0.00,0.0,-0.4,4246
112.45,-7.836,-3.738,114.8,0.23,AVOID(조향OFF)|STRAIGHT,,8.00,0.00,0.0,-0.3,4246
112.50,-7.846,-3.718,114.7,0.23,AVOID(조향OFF)|STRAIGHT,,8.00,0.00,0.0,-0.4,4246
112.55,-7.846,-3.718,114.7,0.23,AVOID(조향OFF)|STRAIGHT,,8.00,0.00,0.0,-0.4,4246
112.60,-7.856,-3.700,114.7,0.20,AVOID(조향OFF)|STRAIGHT,,8.00,0.00,0.0,-0.3,4246
112.65,-7.856,-3.700,114.7,0.20,AVOID(조향OFF)|STRAIGHT,,8.00,0.00,0.0,-0.3,4246
112.70,-7.866,-3.684,114.7,0.18,AVOID(조향OFF)|STRAIGHT,,8.00,0.00,0.0,-0.3,4246
112.75,-7.866,-3.684,114.7,0.18,AVOID(조향OFF)|STRAIGHT,,8.00,0.00,0.0,-0.3,4246
112.80,-7.871,-3.671,114.7,0.14,AVOID(조향OFF)|STRAIGHT,,8.00,0.00,0.0,-0.4,4246
112.85,-7.871,-3.671,114.7,0.14,AVOID(조향OFF)|STRAIGHT,,8.00,0.00,0.0,-0.4,4262
112.90,-7.871,-3.671,114.7,0.14,AVOID(조향OFF)|STRAIGHT,,8.00,0.00,0.0,-0.4,4246
112.95,-7.879,-3.660,114.7,0.12,AVOID(조향OFF)|STRAIGHT,,8.00,0.00,0.0,-0.4,4262
113.00,-7.879,-3.660,114.7,0.12,AVOID(조향OFF)|STRAIGHT,,8.00,0.00,0.0,-0.4,4262
113.05,-7.879,-3.660,114.7,0.12,AVOID(조향OFF)|STRAIGHT,,8.00,0.00,0.0,-0.4,4246
113.10,-7.882,-3.650,114.7,0.06,AVOID(조향OFF)|STRAIGHT,,8.00,0.00,0.0,-0.4,4246
113.15,-7.882,-3.650,114.7,0.06,AVOID(조향OFF)|STRAIGHT,,8.00,0.00,0.0,-0.3,4262
113.20,-7.883,-3.651,114.7,-0.01,AVOID(조향OFF)|STRAIGHT,,8.00,0.00,0.0,-0.4,4246
113.25,-7.883,-3.651,114.7,-0.01,AVOID(조향OFF)|STRAIGHT,,8.00,0.00,0.0,-0.3,4246
113.30,-7.881,-3.654,114.7,-0.03,AVOID(조향OFF)|STRAIGHT,,8.00,0.00,0.0,-0.4,4262
113.35,-7.881,-3.654,114.7,-0.03,AVOID(조향OFF)|STRAIGHT,,8.00,0.00,0.0,-0.4,4246
113.40,-7.879,-3.657,114.7,-0.04,AVOID(조향OFF)|STRAIGHT,,8.00,0.00,0.0,-0.3,4246
113.45,-7.879,-3.657,114.7,-0.04,AVOID(조향OFF)|STRAIGHT,,8.00,0.00,0.0,-0.4,4262
113.50,-7.879,-3.660,114.7,-0.03,AVOID(조향OFF)|STRAIGHT,,8.00,0.00,0.0,-0.4,4246
113.55,-7.879,-3.660,114.7,-0.03,AVOID(조향OFF)|STRAIGHT,,8.00,0.00,0.0,-0.3,4246
113.60,-7.877,-3.664,114.7,-0.04,AVOID(조향OFF)|STRAIGHT,,8.00,0.00,0.0,-0.4,4278
113.65,-7.877,-3.664,114.7,-0.04,AVOID(조향OFF)|STRAIGHT,,8.00,0.00,0.0,-0.4,4246
113.70,-7.876,-3.664,114.7,-0.01,AVOID(조향OFF)|STRAIGHT,,8.00,0.00,0.0,-0.4,4246
113.75,-7.876,-3.664,114.7,-0.01,AVOID(조향OFF)|STRAIGHT,,8.00,0.00,0.0,-0.4,4262
113.80,-7.875,-3.665,114.7,-0.01,AVOID(조향OFF)|STRAIGHT,,8.00,0.00,0.0,-0.4,4246
113.85,-7.875,-3.665,114.7,-0.01,AVOID(조향OFF)|STRAIGHT,,8.00,0.00,0.0,-0.4,4246
113.90,-7.875,-3.665,114.7,-0.01,AVOID(조향OFF)|STRAIGHT,,8.00,0.00,0.0,-0.4,4262
113.95,-7.876,-3.662,114.7,0.03,AVOID(조향OFF)|STRAIGHT,,8.00,0.00,0.0,-0.4,4262
114.00,-7.879,-3.662,114.7,0.01,AVOID(조향OFF)|STRAIGHT,,8.00,0.00,0.0,-0.4,4246
114.05,-7.879,-3.662,114.7,0.01,AVOID(조향OFF)|STRAIGHT,,8.00,0.00,0.0,-0.4,4262
114.10,-7.878,-3.662,114.7,-0.01,AVOID(조향OFF)|STRAIGHT,,8.00,0.00,0.0,-0.4,4246
114.15,-7.878,-3.662,114.7,-0.01,AVOID(조향OFF)|STRAIGHT,,8.00,0.00,0.0,-0.4,4246
114.20,-7.880,-3.664,114.7,-0.01,AVOID(조향OFF)|STRAIGHT,,8.00,0.00,0.0,-0.4,4246
114.25,-7.880,-3.664,114.7,-0.01,AVOID(조향OFF)|STRAIGHT,,8.00,0.00,0.0,-0.4,4262
114.30,-7.878,-3.663,114.7,0.00,AVOID(조향OFF)|STRAIGHT,,8.00,0.00,0.0,-0.4,4262
114.35,-7.878,-3.663,114.8,0.00,AVOID(조향OFF)|STRAIGHT,,8.00,0.00,0.0,-0.4,4262
114.40,-7.878,-3.662,114.8,0.01,AVOID(조향OFF)|STRAIGHT,,8.00,0.00,0.0,-0.3,4246
114.45,-7.878,-3.662,114.8,0.01,AVOID(조향OFF)|STRAIGHT,,8.00,0.00,0.0,-0.3,4246
114.50,-7.879,-3.662,114.8,0.01,AVOID(조향OFF)|STRAIGHT,,8.00,0.00,0.0,-0.3,4246
114.55,-7.879,-3.662,114.8,0.01,AVOID(조향OFF)|STRAIGHT,,8.00,0.00,0.0,-0.4,4262
114.60,-7.879,-3.662,114.8,-0.00,AVOID(조향OFF)|STRAIGHT,,8.00,0.00,0.0,-0.4,4246
114.65,-7.879,-3.662,114.8,-0.00,AVOID(조향OFF)|STRAIGHT,,8.00,0.00,0.0,-0.4,4246
114.70,-7.878,-3.664,114.8,-0.02,AVOID(조향OFF)|STRAIGHT,,8.00,0.00,0.0,-0.4,4246
114.75,-7.878,-3.664,114.8,-0.02,AVOID(조향OFF)|STRAIGHT,,8.00,0.00,0.0,-0.3,4262
114.80,-7.879,-3.662,114.8,0.01,AVOID(조향OFF)|STRAIGHT,,8.00,0.00,0.0,-0.3,4230
114.85,-7.879,-3.662,114.8,0.01,AVOID(조향OFF)|STRAIGHT,,8.00,0.00,0.0,-0.3,4262
114.90,-7.879,-3.662,114.8,0.01,AVOID(조향OFF)|STRAIGHT,,8.00,0.00,0.0,-0.3,4262
114.95,-7.879,-3.662,114.8,0.00,AVOID(조향OFF)|STRAIGHT,,8.00,0.00,0.0,-0.3,4246
115.00,-7.879,-3.662,114.8,-0.00,AVOID(조향OFF)|STRAIGHT,,8.00,0.00,0.0,-0.3,4262
115.05,-7.879,-3.662,114.8,-0.00,AVOID(조향OFF)|STRAIGHT,,8.00,0.00,0.0,-0.4,4262
115.10,-7.878,-3.662,114.8,-0.00,AVOID(조향OFF)|STRAIGHT,,8.00,0.00,0.0,-0.4,4262
115.15,-7.878,-3.662,114.8,-0.00,AVOID(조향OFF)|STRAIGHT,,8.00,0.00,0.0,-0.4,4262
115.20,-7.879,-3.663,114.8,-0.00,AVOID(조향OFF)|STRAIGHT,,8.00,0.00,0.0,-0.4,4262
115.25,-7.879,-3.663,114.8,-0.00,AVOID(조향OFF)|STRAIGHT,,8.00,0.00,0.0,-0.4,4262
115.30,-7.878,-3.661,114.8,0.01,AVOID(조향OFF)|STRAIGHT,,8.00,0.00,0.0,-0.4,4246
115.35,-7.878,-3.661,114.8,0.01,AVOID(조향OFF)|STRAIGHT,,8.00,0.00,0.0,-0.3,4246
115.40,-7.878,-3.663,114.8,-0.02,AVOID(조향OFF)|STRAIGHT,,8.00,0.00,0.0,-0.3,4246
115.45,-7.878,-3.663,114.8,-0.02,AVOID(조향OFF)|STRAIGHT,,8.00,0.00,0.0,-0.3,4262
115.50,-7.879,-3.662,114.8,0.02,AVOID(조향OFF)|STRAIGHT,,8.00,0.00,0.0,-0.3,4262
115.55,-7.879,-3.662,114.8,0.02,AVOID(조향OFF)|STRAIGHT,,8.00,0.00,0.0,-0.4,4262
115.60,-7.879,-3.661,114.8,0.00,AVOID(조향OFF)|STRAIGHT,,8.00,0.00,0.0,-0.4,4262
115.65,-7.879,-3.661,114.8,0.00,AVOID(조향OFF)|STRAIGHT,,8.00,0.00,0.0,-0.4,4246
115.70,-7.879,-3.662,114.8,-0.01,AVOID(조향OFF)|STRAIGHT,,8.00,0.00,0.0,-0.4,4262
115.75,-7.879,-3.662,114.8,-0.01,AVOID(조향OFF)|STRAIGHT,,8.00,0.00,0.0,-0.4,4262
115.80,-7.878,-3.663,114.8,-0.01,AVOID(조향OFF)|STRAIGHT,,8.00,0.00,0.0,-0.3,4262
115.85,-7.878,-3.663,114.8,-0.01,AVOID(조향OFF)|STRAIGHT,,8.00,0.00,0.0,-0.3,4262
115.90,-7.878,-3.663,114.8,-0.01,AVOID(조향OFF)|STRAIGHT,,8.00,0.00,0.0,-0.3,4262
115.95,-7.878,-3.662,114.8,0.00,AVOID(조향OFF)|STRAIGHT,,8.00,0.00,0.0,-0.3,4246
116.00,-7.880,-3.661,114.8,0.02,AVOID(조향OFF)|STRAIGHT,,8.00,0.00,0.0,-0.3,4246
116.05,-7.880,-3.661,114.8,0.02,AVOID(조향OFF)|STRAIGHT,,8.00,0.00,0.0,-0.4,4262
116.10,-7.879,-3.663,114.9,-0.01,AVOID(조향OFF)|STRAIGHT,,8.00,0.00,0.0,-0.4,4262
116.15,-7.879,-3.663,114.9,-0.01,AVOID(조향OFF)|STRAIGHT,,8.00,0.00,0.0,-0.4,4262
116.20,-7.878,-3.661,114.9,0.01,AVOID(조향OFF)|STRAIGHT,,8.00,0.00,0.0,-0.3,4262
116.25,-7.878,-3.661,114.9,0.01,AVOID(조향OFF)|STRAIGHT,,8.00,0.00,0.0,-0.4,4246
116.30,-7.877,-3.662,114.9,-0.02,AVOID(조향OFF)|STRAIGHT,,8.00,0.00,0.0,-0.4,4246
116.35,-7.877,-3.662,114.9,-0.02,AVOID(조향OFF)|STRAIGHT,,8.00,0.00,0.0,-0.4,4262
116.40,-7.879,-3.662,114.9,0.01,AVOID(조향OFF)|STRAIGHT,,8.00,0.00,0.0,-0.4,4262
116.45,-7.879,-3.662,114.9,0.01,AVOID(조향OFF)|STRAIGHT,,8.00,0.00,0.0,-0.4,4262
116.50,-7.877,-3.659,114.9,0.02,AVOID(조향OFF)|STRAIGHT,,8.00,0.00,0.0,-0.4,4262
116.55,-7.877,-3.659,114.9,0.02,AVOID(조향OFF)|STRAIGHT,,8.00,0.00,0.0,-0.5,4262
116.60,-7.878,-3.662,114.9,-0.02,AVOID(조향OFF)|STRAIGHT,,8.00,0.00,0.0,-0.3,4246
116.65,-7.878,-3.662,114.9,-0.02,AVOID(조향OFF)|STRAIGHT,,8.00,0.00,0.0,-0.3,4262
116.70,-7.878,-3.661,114.9,0.01,AVOID(조향OFF)|STRAIGHT,,8.00,0.00,0.0,-0.5,4246
116.75,-7.878,-3.661,114.9,0.01,AVOID(조향OFF)|STRAIGHT,,8.00,0.00,0.0,-0.5,4246
116.80,-7.879,-3.663,114.9,-0.01,AVOID(조향OFF)|STRAIGHT,,8.00,0.00,0.0,-0.3,4262
116.85,-7.879,-3.663,114.9,-0.01,AVOID(조향OFF)|STRAIGHT,,8.00,0.00,0.0,-0.4,4262
116.90,-7.879,-3.663,114.9,-0.01,AVOID(조향OFF)|STRAIGHT,,8.00,0.00,0.0,-0.4,4246
116.95,-7.880,-3.661,114.9,0.01,AVOID(조향OFF)|STRAIGHT,,8.00,0.00,0.0,-0.4,4246
117.00,-7.878,-3.659,114.9,0.01,AVOID(조향OFF)|STRAIGHT,,8.00,0.00,0.0,-0.4,4262
117.05,-7.878,-3.659,114.9,0.01,AVOID(조향OFF)|STRAIGHT,,8.00,0.00,0.0,-0.4,4262
117.10,-7.879,-3.662,114.9,-0.03,AVOID(조향OFF)|STRAIGHT,,8.00,0.00,0.0,-0.4,4262
117.15,-7.879,-3.662,114.9,-0.03,AVOID(조향OFF)|STRAIGHT,,8.00,0.00,0.0,-0.4,4278
117.20,-7.879,-3.661,114.9,0.01,AVOID(조향OFF)|STRAIGHT,,8.00,0.00,0.0,-0.4,4262
117.25,-7.879,-3.661,114.9,0.01,AVOID(조향OFF)|STRAIGHT,,8.00,0.00,0.0,-0.4,4262
117.30,-7.879,-3.660,114.9,0.01,AVOID(조향OFF)|STRAIGHT,,8.00,0.00,0.0,-0.3,4246
117.35,-7.879,-3.660,114.9,0.01,AVOID(조향OFF)|STRAIGHT,,8.00,0.00,0.0,-0.3,4262
117.40,-7.878,-3.662,114.9,-0.02,AVOID(조향OFF)|STRAIGHT,,8.00,0.00,0.0,-0.3,4262
117.45,-7.878,-3.662,114.9,-0.02,AVOID(조향OFF)|STRAIGHT,,8.00,0.00,0.0,-0.3,4262
117.50,-7.880,-3.662,114.9,0.01,AVOID(조향OFF)|STRAIGHT,,8.00,0.00,0.0,-0.4,4262
117.55,-7.880,-3.662,114.9,0.01,AVOID(조향OFF)|STRAIGHT,,8.00,0.00,0.0,-0.3,4262
117.60,-7.880,-3.663,115.0,-0.01,AVOID(조향OFF)|STRAIGHT,,8.00,0.00,0.0,-0.4,4246
117.65,-7.880,-3.663,115.0,-0.01,AVOID(조향OFF)|STRAIGHT,,8.00,0.00,0.0,-0.3,4262
117.70,-7.879,-3.664,115.0,-0.01,AVOID(조향OFF)|STRAIGHT,,8.00,0.00,0.0,-0.3,4246
117.75,-7.879,-3.664,115.0,-0.01,AVOID(조향OFF)|STRAIGHT,,8.00,0.00,0.0,-0.3,4262
117.80,-7.879,-3.662,115.0,0.02,AVOID(조향OFF)|STRAIGHT,,8.00,0.00,0.0,-0.4,4262
117.85,-7.879,-3.662,115.0,0.02,AVOID(조향OFF)|STRAIGHT,,8.00,0.00,0.0,-0.4,4246
117.90,-7.879,-3.662,115.0,0.02,AVOID(조향OFF)|STRAIGHT,,8.00,0.00,0.0,-0.4,4262
117.95,-7.879,-3.660,115.0,0.01,AVOID(조향OFF)|STRAIGHT,,8.00,0.00,0.0,-0.4,4262
118.00,-7.879,-3.660,115.0,0.00,AVOID(조향OFF)|STRAIGHT,,8.00,0.00,0.0,-0.4,4262
118.05,-7.879,-3.660,115.0,0.00,AVOID(조향OFF)|STRAIGHT,,8.00,0.00,0.0,-0.3,4278
118.10,-7.879,-3.661,115.0,-0.00,AVOID(조향OFF)|STRAIGHT,,8.00,0.00,0.0,-0.4,4262
118.15,-7.879,-3.661,115.0,-0.00,AVOID(조향OFF)|STRAIGHT,,8.00,0.00,0.0,-0.4,4262
118.20,-7.878,-3.662,115.0,-0.02,AVOID(조향OFF)|STRAIGHT,,8.00,0.00,0.0,-0.3,4246
118.25,-7.878,-3.662,115.0,-0.02,AVOID(조향OFF)|STRAIGHT,,8.00,0.00,0.0,-0.4,4262
118.30,-7.878,-3.663,115.0,-0.01,AVOID(조향OFF)|STRAIGHT,,8.00,0.00,0.0,-0.3,4246
118.35,-7.878,-3.663,115.0,-0.01,AVOID(조향OFF)|STRAIGHT,,8.00,0.00,0.0,-0.4,4262
118.40,-7.879,-3.661,115.0,0.02,AVOID(조향OFF)|STRAIGHT,,8.00,0.00,0.0,-0.3,4262
118.45,-7.879,-3.661,115.0,0.02,AVOID(조향OFF)|STRAIGHT,,8.00,0.00,0.0,-0.3,4278
118.50,-7.878,-3.659,115.0,0.01,AVOID(조향OFF)|STRAIGHT,,8.00,0.00,0.0,-0.4,4262
118.55,-7.878,-3.659,115.0,0.01,AVOID(조향OFF)|STRAIGHT,,8.00,0.00,0.0,-0.4,4278
118.60,-7.878,-3.662,115.0,-0.02,AVOID(조향OFF)|STRAIGHT,,8.00,0.00,0.0,-0.4,4246
118.65,-7.878,-3.662,115.0,-0.02,AVOID(조향OFF)|STRAIGHT,,8.00,0.00,0.0,-0.4,4278
118.70,-7.878,-3.660,115.0,0.02,AVOID(조향OFF)|STRAIGHT,,8.00,0.00,0.0,-0.4,4246
118.75,-7.878,-3.660,115.0,0.02,AVOID(조향OFF)|STRAIGHT,,8.00,0.00,0.0,-0.4,4262
118.80,-7.878,-3.660,115.0,0.00,AVOID(조향OFF)|STRAIGHT,,8.00,0.00,0.0,-0.4,4246
118.85,-7.878,-3.660,115.0,0.00,AVOID(조향OFF)|STRAIGHT,,8.00,0.00,0.0,-0.3,4262
118.90,-7.878,-3.660,115.0,0.00,AVOID(조향OFF)|STRAIGHT,,8.00,0.00,0.0,-0.4,4262
118.95,-7.880,-3.662,115.0,-0.01,AVOID(조향OFF)|STRAIGHT,,8.00,0.00,0.0,-0.4,4262
119.00,-7.880,-3.662,115.0,0.00,AVOID(조향OFF)|STRAIGHT,,8.00,0.00,0.0,-0.3,4246
119.05,-7.880,-3.662,115.0,0.00,AVOID(조향OFF)|STRAIGHT,,8.00,0.00,0.0,-0.5,4262
119.10,-7.880,-3.663,115.0,-0.01,AVOID(조향OFF)|STRAIGHT,,8.00,0.00,0.0,-0.4,4246
119.15,-7.880,-3.663,115.0,-0.01,AVOID(조향OFF)|STRAIGHT,,8.00,0.00,0.0,-0.3,4246
119.20,-7.880,-3.662,115.0,0.01,AVOID(조향OFF)|STRAIGHT,,8.00,0.00,0.0,-0.4,4262
119.25,-7.880,-3.662,115.0,0.01,AVOID(조향OFF)|STRAIGHT,,8.00,0.00,0.0,-0.3,4246
119.30,-7.880,-3.662,115.1,0.00,AVOID(조향OFF)|STRAIGHT,,8.00,0.00,0.0,-0.4,4262
119.35,-7.880,-3.662,115.1,0.00,AVOID(조향OFF)|STRAIGHT,,8.00,0.00,0.0,-0.3,4278
119.40,-7.880,-3.663,115.1,-0.01,AVOID(조향OFF)|STRAIGHT,,8.00,0.00,0.0,-0.4,4246
119.45,-7.880,-3.663,115.1,-0.01,AVOID(조향OFF)|STRAIGHT,,8.00,0.00,0.0,-0.4,4246
119.50,-7.879,-3.664,115.1,-0.01,AVOID(조향OFF)|STRAIGHT,,8.00,0.00,0.0,-0.4,4262
119.55,-7.879,-3.664,115.1,-0.01,AVOID(조향OFF)|STRAIGHT,,8.00,0.00,0.0,-0.4,4246
119.60,-7.875,-3.664,115.1,-0.02,AVOID(조향OFF)|STRAIGHT,,8.00,0.00,0.0,-0.4,4246
119.65,-7.875,-3.664,115.1,-0.02,AVOID(조향OFF)|STRAIGHT,,8.00,0.00,0.0,-0.4,4262
119.70,-7.878,-3.664,115.1,0.01,AVOID(조향OFF)|STRAIGHT,,8.00,0.00,0.0,-0.4,4246
119.75,-7.878,-3.664,115.1,0.01,AVOID(조향OFF)|STRAIGHT,,8.00,0.00,0.0,-0.4,4262
119.80,-7.878,-3.662,115.1,0.02,AVOID(조향OFF)|STRAIGHT,,8.00,0.00,0.0,-0.4,4262
119.85,-7.878,-3.662,115.1,0.02,AVOID(조향OFF)|STRAIGHT,,8.00,0.00,0.0,-0.4,4262
119.90,-7.878,-3.662,115.1,0.02,AVOID(조향OFF)|STRAIGHT,,8.00,0.00,0.0,-0.4,4262
119.95,-7.877,-3.663,115.1,-0.01,AVOID(조향OFF)|STRAIGHT,,8.00,0.00,0.0,-0.4,4262
120.00,-7.880,-3.662,115.1,0.02,AVOID(조향OFF)|STRAIGHT,,8.00,0.00,0.0,-0.4,4262
120.05,-7.880,-3.662,115.1,0.02,AVOID(조향OFF)|STRAIGHT,,8.00,0.00,0.0,-0.4,4262
120.10,-7.879,-3.664,115.1,-0.03,AVOID(조향OFF)|STRAIGHT,,8.00,0.00,0.0,-0.5,4278
120.15,-7.879,-3.664,115.1,-0.03,AVOID(조향OFF)|STRAIGHT,,8.00,0.00,0.0,-0.5,4262
120.20,-7.880,-3.664,115.1,0.01,AVOID(조향OFF)|STRAIGHT,,8.00,0.00,0.0,-0.4,4262
120.25,-7.880,-3.664,115.1,0.01,AVOID(조향OFF)|STRAIGHT,,8.00,0.00,0.0,-0.3,4246
120.30,-7.879,-3.666,115.1,-0.03,AVOID(조향OFF)|STRAIGHT,,8.00,0.00,0.0,-0.4,4262
120.35,-7.879,-3.666,115.1,-0.03,AVOID(조향OFF)|STRAIGHT,,8.00,0.00,0.0,-0.4,4262
120.40,-7.880,-3.664,115.1,0.02,AVOID(조향OFF)|STRAIGHT,,8.00,0.00,0.0,-0.4,4278
120.45,-7.880,-3.664,115.1,0.02,AVOID(조향OFF)|STRAIGHT,,8.00,0.00,0.0,-0.4,4262
120.50,-7.879,-3.665,115.1,-0.02,AVOID(조향OFF)|STRAIGHT,,8.00,0.00,0.0,-0.3,4262
120.55,-7.879,-3.665,115.1,-0.02,AVOID(조향OFF)|STRAIGHT,,8.00,0.00,0.0,-0.4,4262
120.60,-7.880,-3.664,115.1,0.01,AVOID(조향OFF)|STRAIGHT,,8.00,0.00,0.0,-0.4,4262
120.65,-7.880,-3.664,115.1,0.01,AVOID(조향OFF)|STRAIGHT,,8.00,0.00,0.0,-0.4,4262
120.70,-7.878,-3.667,115.1,-0.03,AVOID(조향OFF)|STRAIGHT,,8.00,0.00,0.0,-0.4,4262
120.75,-7.878,-3.667,115.1,-0.03,AVOID(조향OFF)|STRAIGHT,,8.00,0.00,0.0,-0.4,4278
120.80,-7.880,-3.667,115.1,0.01,AVOID(조향OFF)|STRAIGHT,,8.00,0.00,0.0,-0.3,4246
120.85,-7.880,-3.667,115.2,0.01,AVOID(조향OFF)|STRAIGHT,,8.00,0.00,0.0,-0.4,4262
120.90,-7.880,-3.667,115.2,0.01,AVOID(조향OFF)|STRAIGHT,,8.00,0.00,0.0,-0.4,4262
120.95,-7.880,-3.664,115.2,0.03,AVOID(조향OFF)|STRAIGHT,,8.00,0.00,0.0,-0.4,4262
121.00,-7.879,-3.663,115.2,0.00,AVOID(조향OFF)|STRAIGHT,,8.00,0.00,0.0,-0.3,4278
121.05,-7.879,-3.663,115.2,0.00,AVOID(조향OFF)|STRAIGHT,,8.00,0.00,0.0,-0.4,4262
121.10,-7.879,-3.664,115.2,-0.00,AVOID(조향OFF)|STRAIGHT,,8.00,0.00,0.0,-0.4,4262
121.15,-7.879,-3.664,115.2,-0.00,AVOID(조향OFF)|STRAIGHT,,8.00,0.00,0.0,-0.3,4262
121.20,-7.879,-3.666,115.2,-0.02,AVOID(조향OFF)|STRAIGHT,,8.00,0.00,0.0,-0.4,4262
121.25,-7.879,-3.666,115.2,-0.02,AVOID(조향OFF)|STRAIGHT,,8.00,0.00,0.0,-0.3,4246
121.30,-7.878,-3.663,115.2,0.02,AVOID(조향OFF)|STRAIGHT,,8.00,0.00,0.0,-0.4,4262
121.35,-7.878,-3.663,115.2,0.02,AVOID(조향OFF)|STRAIGHT,,8.00,0.00,0.0,-0.3,4262
121.40,-7.878,-3.664,115.2,-0.00,AVOID(조향OFF)|STRAIGHT,,8.00,0.00,0.0,-0.3,4246
121.45,-7.878,-3.664,115.2,-0.00,AVOID(조향OFF)|STRAIGHT,,8.00,0.00,0.0,-0.4,4262
121.50,-7.878,-3.663,115.2,0.00,AVOID(조향OFF)|STRAIGHT,,8.00,0.00,0.0,-0.4,4246
121.55,-7.878,-3.663,115.2,0.00,AVOID(조향OFF)|STRAIGHT,,8.00,0.00,0.0,-0.3,4262
121.60,-7.878,-3.663,115.2,0.00,AVOID(조향OFF)|STRAIGHT,,8.00,0.00,0.0,-0.4,4262
121.65,-7.878,-3.663,115.2,0.00,AVOID(조향OFF)|STRAIGHT,,8.00,0.00,0.0,-0.4,4262
121.70,-7.879,-3.664,115.2,-0.01,AVOID(조향OFF)|STRAIGHT,,8.00,0.00,0.0,-0.4,4262
121.75,-7.879,-3.664,115.2,-0.01,AVOID(조향OFF)|STRAIGHT,,8.00,0.00,0.0,-0.4,4262
121.80,-7.880,-3.663,115.2,0.02,AVOID(조향OFF)|STRAIGHT,,8.00,0.00,0.0,-0.3,4262
121.85,-7.880,-3.663,115.2,0.02,AVOID(조향OFF)|STRAIGHT,,8.00,0.00,0.0,-0.4,4246
121.90,-7.880,-3.663,115.2,0.02,AVOID(조향OFF)|STRAIGHT,,8.00,0.00,0.0,-0.4,4262
121.95,-7.880,-3.663,115.2,-0.00,AVOID(조향OFF)|STRAIGHT,,8.00,0.00,0.0,-0.4,4262
122.00,-7.879,-3.663,115.2,-0.00,AVOID(조향OFF)|STRAIGHT,,8.00,0.00,0.0,-0.4,4262
122.05,-7.879,-3.663,115.2,-0.00,AVOID(조향OFF)|STRAIGHT,,8.00,0.00,0.0,-0.4,4262
122.10,-7.879,-3.662,115.2,0.01,AVOID(조향OFF)|STRAIGHT,,8.00,0.00,0.0,-0.4,4262
122.15,-7.879,-3.662,115.2,0.01,AVOID(조향OFF)|STRAIGHT,,8.00,0.00,0.0,-0.5,4278
122.20,-7.879,-3.662,115.2,0.00,AVOID(조향OFF)|STRAIGHT,,8.00,0.00,0.0,-0.3,4262
122.25,-7.879,-3.662,115.2,0.00,AVOID(조향OFF)|STRAIGHT,,8.00,0.00,0.0,-0.4,4262
122.30,-7.879,-3.664,115.2,-0.02,AVOID(조향OFF)|STRAIGHT,,8.00,0.00,0.0,-0.4,4262
122.35,-7.879,-3.664,115.2,-0.02,AVOID(조향OFF)|STRAIGHT,,8.00,0.00,0.0,-0.3,4262
122.40,-7.878,-3.665,115.2,-0.01,AVOID(조향OFF)|STRAIGHT,,8.00,0.00,0.0,-0.3,4246
122.45,-7.878,-3.665,115.2,-0.01,AVOID(조향OFF)|STRAIGHT,,8.00,0.00,0.0,-0.4,4278
122.50,-7.880,-3.667,115.2,-0.01,AVOID(조향OFF)|STRAIGHT,,8.00,0.00,0.0,-0.3,4246
122.55,-7.880,-3.667,115.2,-0.01,AVOID(조향OFF)|STRAIGHT,,8.00,0.00,0.0,-0.3,4262
122.60,-7.879,-3.665,115.2,0.01,AVOID(조향OFF)|STRAIGHT,,8.00,0.00,0.0,-0.4,4246
122.65,-7.879,-3.665,115.3,0.01,AVOID(조향OFF)|STRAIGHT,,8.00,0.00,0.0,-0.3,4262
122.70,-7.879,-3.664,115.2,0.01,AVOID(조향OFF)|STRAIGHT,,8.00,0.00,0.0,-0.4,4262
122.75,-7.879,-3.664,115.2,0.01,AVOID(조향OFF)|STRAIGHT,,8.00,0.00,0.0,-0.4,4262
122.80,-7.879,-3.664,115.3,-0.00,AVOID(조향OFF)|STRAIGHT,,8.00,0.00,0.0,-0.3,4246
122.85,-7.879,-3.664,115.3,-0.00,AVOID(조향OFF)|STRAIGHT,,8.00,0.00,0.0,-0.3,4262
122.90,-7.879,-3.664,115.3,-0.00,AVOID(조향OFF)|STRAIGHT,,8.00,0.00,0.0,-0.4,4262
122.95,-7.879,-3.663,115.3,0.01,AVOID(조향OFF)|STRAIGHT,,8.00,0.00,0.0,-0.3,4262
123.00,-7.881,-3.664,115.3,-0.00,AVOID(조향OFF)|STRAIGHT,,8.00,0.00,0.0,-0.4,4262
123.05,-7.881,-3.664,115.3,-0.00,AVOID(조향OFF)|STRAIGHT,,8.00,0.00,0.0,-0.4,4262
123.10,-7.880,-3.665,115.3,-0.02,AVOID(조향OFF)|STRAIGHT,,8.00,0.00,0.0,-0.4,4262
123.15,-7.880,-3.665,115.3,-0.02,AVOID(조향OFF)|STRAIGHT,,8.00,0.00,0.0,-0.3,4262
123.20,-7.879,-3.666,115.3,-0.01,AVOID(조향OFF)|STRAIGHT,,8.00,0.00,0.0,-0.4,4262
123.25,-7.879,-3.666,115.3,-0.01,AVOID(조향OFF)|STRAIGHT,,8.00,0.00,0.0,-0.3,4262
123.30,-7.880,-3.665,115.3,0.01,AVOID(조향OFF)|STRAIGHT,,8.00,0.00,0.0,-0.4,4262
123.35,-7.880,-3.665,115.3,0.01,AVOID(조향OFF)|STRAIGHT,,8.00,0.00,0.0,-0.4,4262
123.40,-7.880,-3.665,115.3,0.00,AVOID(조향OFF)|STRAIGHT,,8.00,0.00,0.0,-0.3,4246
123.45,-7.880,-3.665,115.3,0.00,AVOID(조향OFF)|STRAIGHT,,8.00,0.00,0.0,-0.4,4262
123.50,-7.878,-3.664,115.3,-0.00,AVOID(조향OFF)|STRAIGHT,,8.00,0.00,0.0,-0.4,4262
123.55,-7.878,-3.664,115.3,-0.00,AVOID(조향OFF)|STRAIGHT,,8.00,0.00,0.0,-0.3,4262
123.60,-7.879,-3.665,115.3,-0.01,AVOID(조향OFF)|STRAIGHT,,8.00,0.00,0.0,-0.4,4246
123.65,-7.879,-3.665,115.3,-0.01,AVOID(조향OFF)|STRAIGHT,,8.00,0.00,0.0,-0.3,4278
123.70,-7.878,-3.666,115.3,-0.01,AVOID(조향OFF)|STRAIGHT,,8.00,0.00,0.0,-0.4,4262
123.75,-7.878,-3.666,115.3,-0.01,AVOID(조향OFF)|STRAIGHT,,8.00,0.00,0.0,-0.3,4262
123.80,-7.879,-3.665,115.3,0.01,AVOID(조향OFF)|STRAIGHT,,8.00,0.00,0.0,-0.3,4262
123.85,-7.879,-3.665,115.3,0.01,AVOID(조향OFF)|STRAIGHT,,8.00,0.00,0.0,-0.3,4262
123.90,-7.878,-3.666,115.3,-0.02,AVOID(조향OFF)|STRAIGHT,,8.00,0.00,0.0,-0.4,4262
123.95,-7.878,-3.666,115.3,-0.02,AVOID(조향OFF)|STRAIGHT,,8.00,0.00,0.0,-0.4,4262
124.00,-7.879,-3.663,115.3,0.04,AVOID(조향OFF)|STRAIGHT,,8.00,0.00,0.0,-0.4,4262
124.05,-7.879,-3.663,115.3,0.04,AVOID(조향OFF)|STRAIGHT,,8.00,0.00,0.0,-0.4,4246
124.10,-7.878,-3.664,115.3,-0.01,AVOID(조향OFF)|STRAIGHT,,8.00,0.00,0.0,-0.4,4262
124.15,-7.878,-3.664,115.3,-0.01,AVOID(조향OFF)|STRAIGHT,,8.00,0.00,0.0,-0.4,4278
124.20,-7.879,-3.665,115.3,0.00,AVOID(조향OFF)|STRAIGHT,,8.00,0.00,0.0,-0.4,4246
124.25,-7.879,-3.665,115.3,0.00,AVOID(조향OFF)|STRAIGHT,,8.00,0.00,0.0,-0.3,4262
124.30,-7.877,-3.666,115.3,-0.02,AVOID(조향OFF)|STRAIGHT,,8.00,0.00,0.0,-0.4,4262
124.35,-7.877,-3.666,115.3,-0.02,AVOID(조향OFF)|STRAIGHT,,8.00,0.00,0.0,-0.3,4246
124.40,-7.876,-3.666,115.3,-0.01,AVOID(조향OFF)|STRAIGHT,,8.00,0.00,0.0,-0.3,4262
124.45,-7.876,-3.666,115.3,-0.01,AVOID(조향OFF)|STRAIGHT,,8.00,0.00,0.0,-0.4,4262
124.50,-7.876,-3.664,115.3,0.01,AVOID(조향OFF)|STRAIGHT,,8.00,0.00,0.0,-0.4,4262
124.55,-7.876,-3.664,115.3,0.01,AVOID(조향OFF)|STRAIGHT,,8.00,0.00,0.0,-0.4,4262
124.60,-7.876,-3.664,115.3,0.01,AVOID(조향OFF)|STRAIGHT,,8.00,0.00,0.0,-0.3,4262
124.65,-7.876,-3.664,115.3,0.01,AVOID(조향OFF)|STRAIGHT,,8.00,0.00,0.0,-0.4,4262
124.70,-7.875,-3.662,115.3,0.01,AVOID(조향OFF)|STRAIGHT,,8.00,0.00,0.0,-0.3,4246
124.75,-7.875,-3.662,115.3,0.01,AVOID(조향OFF)|STRAIGHT,,8.00,0.00,0.0,-0.4,4262
124.80,-7.876,-3.663,115.4,-0.01,AVOID(조향OFF)|STRAIGHT,,8.00,0.00,0.0,-0.4,4262
124.85,-7.876,-3.663,115.4,-0.01,AVOID(조향OFF)|STRAIGHT,,8.00,0.00,0.0,-0.4,4262
124.90,-7.876,-3.663,115.4,-0.01,AVOID(조향OFF)|STRAIGHT,,8.00,0.00,0.0,-0.4,4278
124.95,-7.878,-3.662,115.4,0.02,AVOID(조향OFF)|STRAIGHT,,8.00,0.00,0.0,-0.4,4262
125.00,-7.874,-3.665,115.4,-0.05,AVOID(조향OFF)|STRAIGHT,,8.00,0.00,0.0,-0.3,4262
125.05,-7.874,-3.665,115.4,-0.05,AVOID(조향OFF)|STRAIGHT,,8.00,0.00,0.0,-0.4,4262
125.10,-7.874,-3.665,115.4,-0.05,AVOID(조향OFF)|STRAIGHT,,8.00,0.00,0.0,-0.4,4262
125.15,-7.876,-3.666,115.4,0.00,AVOID(조향OFF)|STRAIGHT,,8.00,0.00,0.0,-0.5,4262
125.20,-7.879,-3.661,115.4,0.06,AVOID(조향OFF)|STRAIGHT,,8.00,0.00,0.0,-0.4,4262
125.25,-7.879,-3.661,115.4,0.06,AVOID(조향OFF)|STRAIGHT,,8.00,0.00,0.0,-0.4,4262
125.30,-7.877,-3.661,115.4,-0.01,AVOID(조향OFF)|STRAIGHT,,8.00,0.00,0.0,-0.3,4262
125.35,-7.877,-3.661,115.4,-0.01,AVOID(조향OFF)|STRAIGHT,,8.00,0.00,0.0,-0.3,4246
125.40,-7.879,-3.660,115.4,0.02,AVOID(조향OFF)|STRAIGHT,,8.00,0.00,0.0,-0.3,4262
125.45,-7.879,-3.660,115.4,0.02,AVOID(조향OFF)|STRAIGHT,,8.00,0.00,0.0,-0.4,4246
125.50,-7.878,-3.662,115.4,-0.03,AVOID(조향OFF)|STRAIGHT,,8.00,0.00,0.0,-0.3,4262
125.55,-7.878,-3.662,115.4,-0.03,AVOID(조향OFF)|STRAIGHT,,8.00,0.00,0.0,-0.4,4278
125.60,-7.880,-3.663,115.4,-0.00,AVOID(조향OFF)|STRAIGHT,,8.00,0.00,0.0,-0.4,4262
125.65,-7.880,-3.663,115.4,-0.00,AVOID(조향OFF)|STRAIGHT,,8.00,0.00,0.0,-0.3,4246
125.70,-7.880,-3.664,115.4,-0.01,AVOID(조향OFF)|STRAIGHT,,8.00,0.00,0.0,-0.4,4262
125.75,-7.880,-3.664,115.4,-0.01,AVOID(조향OFF)|STRAIGHT,,8.00,0.00,0.0,-0.3,4262
125.80,-7.877,-3.660,115.4,0.03,AVOID(조향OFF)|STRAIGHT,,8.00,0.00,0.0,-0.3,4246
125.85,-7.877,-3.660,115.4,0.03,AVOID(조향OFF)|STRAIGHT,,8.00,0.00,0.0,-0.3,4262
125.90,-7.874,-3.661,115.4,-0.02,CLEAR(조향OFF)|STRAIGHT,,999.00,0.00,0.0,-0.4,4262
125.95,-7.874,-3.661,115.4,-0.02,CLEAR(조향OFF)|STRAIGHT,,999.00,0.00,0.0,-0.3,4246
126.00,-7.877,-3.663,115.4,-0.01,CLEAR(조향OFF)|STRAIGHT,,999.00,0.00,0.0,-0.4,4262
126.05,-7.877,-3.663,115.4,-0.01,CLEAR(조향OFF)|STRAIGHT,,999.00,0.00,0.0,-0.4,4262
126.10,-7.876,-3.659,115.4,0.03,CLEAR(조향OFF)|STRAIGHT,,999.00,0.00,0.0,-0.4,4246
126.15,-7.876,-3.659,115.4,0.03,CLEAR(조향OFF)|STRAIGHT,,999.00,0.00,0.0,-0.4,4278
126.20,-7.876,-3.665,115.4,-0.05,CLEAR(조향OFF)|STRAIGHT,,999.00,0.00,0.0,-0.4,4262
126.25,-7.876,-3.665,115.4,-0.05,CLEAR(조향OFF)|STRAIGHT,,999.00,0.00,0.0,-0.3,4262
126.30,-7.879,-3.664,115.4,0.02,CLEAR(조향OFF)|STRAIGHT,,999.00,0.00,0.0,-0.4,4262
126.35,-7.879,-3.664,115.4,0.02,CLEAR(조향OFF)|STRAIGHT,,999.00,0.00,0.0,-0.4,4262
126.40,-7.878,-3.660,115.5,0.03,CLEAR(조향OFF)|STRAIGHT,,999.00,0.00,0.0,-0.3,4262
126.45,-7.878,-3.660,115.5,0.03,CLEAR(조향OFF)|STRAIGHT,,999.00,0.00,0.0,-0.4,4262
126.50,-7.874,-3.664,115.5,-0.05,CLEAR(조향OFF)|STRAIGHT,,999.00,0.00,0.0,-0.4,4262
126.55,-7.874,-3.664,115.5,-0.05,CLEAR(조향OFF)|STRAIGHT,,999.00,0.00,0.0,-0.4,4262
126.60,-7.875,-3.665,115.5,-0.01,CLEAR(조향OFF)|STRAIGHT,,999.00,0.00,0.0,-0.4,4262
126.65,-7.875,-3.665,115.5,-0.01,CLEAR(조향OFF)|STRAIGHT,,999.00,0.00,0.0,-0.4,4262
126.70,-7.873,-3.665,115.5,-0.01,CLEAR(조향OFF)|STRAIGHT,,999.00,0.00,0.0,-0.4,4262
126.75,-7.873,-3.665,115.5,-0.01,CLEAR(조향OFF)|STRAIGHT,,999.00,0.00,0.0,-0.3,4262
126.80,-7.873,-3.664,115.5,0.00,CLEAR(조향OFF)|STRAIGHT,,999.00,0.00,0.0,-0.3,4262
126.85,-7.873,-3.664,115.5,0.00,CLEAR(조향OFF)|STRAIGHT,,999.00,0.00,0.0,-0.4,4262
126.90,-7.873,-3.664,115.5,0.00,CLEAR(조향OFF)|STRAIGHT,,999.00,0.00,0.0,-0.4,4262
126.95,-7.874,-3.664,115.5,0.01,CLEAR(조향OFF)|STRAIGHT,,999.00,0.00,0.0,-0.3,4262
127.00,-7.874,-3.668,115.5,-0.04,CLEAR(조향OFF)|STRAIGHT,,999.00,0.00,0.0,-0.4,4262
127.05,-7.874,-3.668,115.5,-0.04,CLEAR(조향OFF)|STRAIGHT,,999.00,0.00,0.0,-0.4,4262
127.10,-7.874,-3.664,115.5,0.03,CLEAR(조향OFF)|STRAIGHT,,999.00,0.00,0.0,-0.4,4262
127.15,-7.874,-3.664,115.5,0.03,CLEAR(조향OFF)|STRAIGHT,,999.00,0.00,0.0,-0.4,4262
127.20,-7.877,-3.664,115.5,0.01,CLEAR(조향OFF)|STRAIGHT,,999.00,0.00,0.0,-0.4,4246
127.25,-7.877,-3.664,115.5,0.01,CLEAR(조향OFF)|STRAIGHT,,999.00,0.00,0.0,-0.5,4262
127.30,-7.876,-3.664,115.5,-0.01,CLEAR(조향OFF)|STRAIGHT,,999.00,0.00,0.0,-0.4,4262
127.35,-7.876,-3.664,115.5,-0.01,CLEAR(조향OFF)|STRAIGHT,,999.00,0.00,0.0,-0.4,4262
127.40,-7.878,-3.664,115.5,0.00,CLEAR(조향OFF)|STRAIGHT,,999.00,0.00,0.0,-0.4,4262
127.45,-7.878,-3.664,115.5,0.00,CLEAR(조향OFF)|STRAIGHT,,999.00,0.00,0.0,-0.3,4262
127.50,-7.877,-3.665,115.5,-0.01,CLEAR(조향OFF)|STRAIGHT,,999.00,0.00,0.0,-0.4,4246
127.55,-7.877,-3.665,115.5,-0.01,CLEAR(조향OFF)|STRAIGHT,,999.00,0.00,0.0,-0.3,4246
127.60,-7.877,-3.665,115.5,0.01,CLEAR(조향OFF)|STRAIGHT,,999.00,0.00,0.0,-0.4,4262
127.65,-7.877,-3.665,115.5,0.01,CLEAR(조향OFF)|STRAIGHT,,999.00,0.00,0.0,-0.4,4262
127.70,-7.878,-3.663,115.5,0.02,CLEAR(조향OFF)|STRAIGHT,,999.00,0.00,0.0,-0.4,4262
127.75,-7.878,-3.663,115.5,0.02,CLEAR(조향OFF)|STRAIGHT,,999.00,0.00,0.0,-0.3,4278
127.80,-7.877,-3.665,115.5,-0.02,CLEAR(조향OFF)|STRAIGHT,,999.00,0.00,0.0,-0.4,4262
127.85,-7.877,-3.665,115.5,-0.02,CLEAR(조향OFF)|STRAIGHT,,999.00,0.00,0.0,-0.4,4262
127.90,-7.879,-3.666,115.5,0.00,CLEAR(조향OFF)|STRAIGHT,,999.00,0.00,0.0,-0.3,4246
127.95,-7.879,-3.666,115.5,0.00,CLEAR(조향OFF)|STRAIGHT,,999.00,0.00,0.0,-0.4,4262
128.00,-7.877,-3.664,115.5,0.01,CLEAR(조향OFF)|STRAIGHT,,999.00,0.00,0.0,-0.3,4246
128.05,-7.877,-3.664,115.5,0.01,CLEAR(조향OFF)|STRAIGHT,,999.00,0.00,0.0,-0.3,4262
128.10,-7.878,-3.664,115.5,0.00,CLEAR(조향OFF)|STRAIGHT,,999.00,0.00,0.0,-0.4,4262
128.15,-7.878,-3.664,115.5,0.00,CLEAR(조향OFF)|STRAIGHT,,999.00,0.00,0.0,-0.4,4278
128.20,-7.875,-3.664,115.5,-0.02,CLEAR(조향OFF)|STRAIGHT,,999.00,0.00,0.0,-0.4,4262
128.25,-7.875,-3.664,115.6,-0.02,CLEAR(조향OFF)|STRAIGHT,,999.00,0.00,0.0,-0.4,4278
128.30,-7.878,-3.662,115.5,0.03,CLEAR(조향OFF)|STRAIGHT,,999.00,0.00,0.0,-0.3,4262
128.35,-7.878,-3.662,115.5,0.03,CLEAR(조향OFF)|STRAIGHT,,999.00,0.00,0.0,-0.4,4262
128.40,-7.876,-3.663,115.5,-0.01,CLEAR(조향OFF)|STRAIGHT,,999.00,0.00,0.0,-0.4,4278
128.45,-7.876,-3.663,115.5,-0.01,CLEAR(조향OFF)|STRAIGHT,,999.00,0.00,0.0,-0.4,4278
128.50,-7.873,-3.664,115.5,-0.03,CLEAR(조향OFF)|STRAIGHT,,999.00,0.00,0.0,-0.4,4262
128.55,-7.873,-3.664,115.5,-0.03,CLEAR(조향OFF)|STRAIGHT,,999.00,0.00,0.0,-0.4,4262
128.60,-7.878,-3.666,115.5,0.01,CLEAR(조향OFF)|STRAIGHT,,999.00,0.00,0.0,-0.4,4262
128.65,-7.878,-3.666,115.5,0.01,CLEAR(조향OFF)|STRAIGHT,,999.00,0.00,0.0,-0.4,4262
128.70,-7.878,-3.666,115.5,0.01,CLEAR(조향OFF)|STRAIGHT,,999.00,0.00,0.0,-0.4,4262
128.75,-7.878,-3.666,115.5,0.01,CLEAR(조향OFF)|STRAIGHT,,999.00,0.00,0.0,-0.4,4262
128.80,-7.878,-3.666,115.5,0.01,CLEAR(조향OFF)|STRAIGHT,,999.00,0.00,0.0,-0.4,4262
128.85,-7.878,-3.666,115.5,0.01,CLEAR(조향OFF)|STRAIGHT,,999.00,0.00,0.0,-0.4,4262
128.90,-7.878,-3.666,115.5,0.01,CLEAR(조향OFF)|STRAIGHT,,999.00,0.00,0.0,-0.4,4262
128.95,-7.878,-3.666,115.5,0.01,CLEAR(조향OFF)|STRAIGHT,,999.00,0.00,0.0,-0.4,4262
129.00,-7.878,-3.666,115.5,0.01,CLEAR(조향OFF)|STRAIGHT,,999.00,0.00,0.0,-0.4,4262
129.05,-7.878,-3.666,115.5,0.01,CLEAR(조향OFF)|STRAIGHT,,999.00,0.00,0.0,-0.4,4262
129.10,-7.878,-3.666,115.5,0.01,CLEAR(조향OFF)|STRAIGHT,,999.00,0.00,0.0,-0.4,4262
129.15,-7.878,-3.666,115.5,0.01,CLEAR(조향OFF)|STRAIGHT,,999.00,0.00,0.0,-0.4,4262
129.20,-7.878,-3.666,115.5,0.01,CLEAR(조향OFF)|STRAIGHT,,999.00,0.00,0.0,-0.4,4262
129.25,-7.878,-3.666,115.5,0.01,CLEAR(조향OFF)|STRAIGHT,,999.00,0.00,0.0,-0.4,4262
129.30,-7.878,-3.666,115.5,0.01,CLEAR(조향OFF)|STRAIGHT,,999.00,0.00,0.0,-0.4,4262
129.35,-7.878,-3.666,115.5,0.01,CLEAR(조향OFF)|STRAIGHT,,999.00,0.00,0.0,-0.4,4262
129.40,-7.878,-3.666,115.5,0.01,CLEAR(조향OFF)|STRAIGHT,,999.00,0.00,0.0,-0.4,4262
129.45,-7.878,-3.666,115.5,0.01,CLEAR(조향OFF)|STRAIGHT,,999.00,0.00,0.0,-0.4,4262
129.50,-7.878,-3.666,115.5,0.01,CLEAR(조향OFF)|STRAIGHT,,999.00,0.00,0.0,-0.4,4262
129.55,-7.878,-3.666,115.5,0.01,CLEAR(조향OFF)|STRAIGHT,,999.00,0.00,0.0,-0.4,4262
129.60,-7.878,-3.666,115.5,0.01,CLEAR(조향OFF)|STRAIGHT,,999.00,0.00,0.0,-0.4,4262
129.65,-7.878,-3.666,115.5,0.01,CLEAR(조향OFF)|STRAIGHT,,999.00,0.00,0.0,-0.4,4262
129.70,-7.878,-3.666,115.5,0.01,CLEAR(조향OFF)|STRAIGHT,,999.00,0.00,0.0,-0.4,4262
129.75,-7.878,-3.666,115.5,0.01,CLEAR(조향OFF)|STRAIGHT,,999.00,0.00,0.0,-0.4,4262
129.80,-7.878,-3.666,115.5,0.01,CLEAR(조향OFF)|STRAIGHT,,999.00,0.00,0.0,-0.4,4262
129.85,-7.878,-3.666,115.5,0.01,CLEAR(조향OFF)|STRAIGHT,,999.00,0.00,0.0,-0.4,4262
129.90,-7.878,-3.666,115.5,0.01,CLEAR(조향OFF)|STRAIGHT,,999.00,0.00,0.0,-0.4,4262
129.95,-7.878,-3.666,115.5,0.01,CLEAR(조향OFF)|STRAIGHT,,999.00,0.00,0.0,-0.4,4262
130.00,-7.878,-3.666,115.5,0.01,CLEAR(조향OFF)|STRAIGHT,,999.00,0.00,0.0,-0.4,4262
130.05,-7.878,-3.666,115.5,0.01,CLEAR(조향OFF)|STRAIGHT,,999.00,0.00,0.0,-0.4,4262
130.10,-7.878,-3.666,115.5,0.01,CLEAR(조향OFF)|STRAIGHT,,999.00,0.00,0.0,-0.4,4262
130.15,-7.878,-3.666,115.5,0.01,CLEAR(조향OFF)|STRAIGHT,,999.00,0.00,0.0,-0.4,4262
130.20,-7.878,-3.666,115.5,0.01,CLEAR(조향OFF)|STRAIGHT,,999.00,0.00,0.0,-0.4,4262
130.25,-7.878,-3.666,115.5,0.01,CLEAR(조향OFF)|STRAIGHT,,999.00,0.00,0.0,-0.4,4262
130.30,-7.878,-3.666,115.5,0.01,CLEAR(조향OFF)|STRAIGHT,,999.00,0.00,0.0,-0.4,4262
130.35,-7.878,-3.666,115.5,0.01,CLEAR(조향OFF)|STRAIGHT,,999.00,0.00,0.0,-0.4,4262
130.40,-7.878,-3.666,115.5,0.01,CLEAR(조향OFF)|STRAIGHT,,999.00,0.00,0.0,-0.4,4262
130.45,-7.878,-3.666,115.5,0.01,CLEAR(조향OFF)|STRAIGHT,,999.00,0.00,0.0,-0.4,4262
130.50,-7.878,-3.666,115.5,0.01,CLEAR(조향OFF)|STRAIGHT,,999.00,0.00,0.0,-0.4,4262
130.55,-7.878,-3.666,115.5,0.01,CLEAR(조향OFF)|STRAIGHT,,999.00,0.00,0.0,-0.4,4262
130.60,-7.878,-3.666,115.5,0.01,CLEAR(조향OFF)|STRAIGHT,,999.00,0.00,0.0,-0.4,4262
130.65,-7.878,-3.666,115.5,0.01,CLEAR(조향OFF)|STRAIGHT,,999.00,0.00,0.0,-0.4,4262
130.70,-7.878,-3.666,115.5,0.01,CLEAR(조향OFF)|STRAIGHT,,999.00,0.00,0.0,-0.4,4262
130.75,-7.878,-3.666,115.5,0.01,CLEAR(조향OFF)|STRAIGHT,,999.00,0.00,0.0,-0.4,4262
130.80,-7.878,-3.666,115.5,0.01,CLEAR(조향OFF)|STRAIGHT,,999.00,0.00,0.0,-0.4,4262
130.85,-7.878,-3.666,115.5,0.01,CLEAR(조향OFF)|STRAIGHT,,999.00,0.00,0.0,-0.4,4262
130.90,-7.878,-3.666,115.5,0.01,CLEAR(조향OFF)|STRAIGHT,,999.00,0.00,0.0,-0.4,4262
130.95,-7.878,-3.666,115.5,0.01,CLEAR(조향OFF)|STRAIGHT,,999.00,0.00,0.0,-0.4,4262
131.00,-7.878,-3.666,115.5,0.01,CLEAR(조향OFF)|STRAIGHT,,999.00,0.00,0.0,-0.4,4262
131.05,-7.878,-3.666,115.5,0.01,CLEAR(조향OFF)|STRAIGHT,,999.00,0.00,0.0,-0.4,4262
131.10,-7.878,-3.666,115.5,0.01,CLEAR(조향OFF)|STRAIGHT,,999.00,0.00,0.0,-0.4,4262
131.15,-7.878,-3.666,115.5,0.01,CLEAR(조향OFF)|STRAIGHT,,999.00,0.00,0.0,-0.4,4262
131.20,-7.878,-3.666,115.5,0.01,CLEAR(조향OFF)|STRAIGHT,,999.00,0.00,0.0,-0.4,4262
131.25,-7.878,-3.666,115.5,0.01,CLEAR(조향OFF)|STRAIGHT,,999.00,0.00,0.0,-0.4,4262
131.30,-7.878,-3.666,115.5,0.01,CLEAR(조향OFF)|STRAIGHT,,999.00,0.00,0.0,-0.4,4262
131.35,-7.878,-3.666,115.5,0.01,CLEAR(조향OFF)|STRAIGHT,,999.00,0.00,0.0,-0.4,4262
131.40,-7.878,-3.666,115.5,0.01,CLEAR(조향OFF)|STRAIGHT,,999.00,0.00,0.0,-0.4,4262
131.45,-7.878,-3.666,115.5,0.01,CLEAR(조향OFF)|STRAIGHT,,999.00,0.00,0.0,-0.4,4262
