t,x,y,yaw_deg,v,mode,avoid_steer_deg,obstacle_m,cmd_v,cmd_steer_deg,steer_actual_deg,vcc_mv
9.80,-13.788,-0.506,-154.5,0.00,-,,,0.00,0.0,,0
9.85,-13.785,-0.505,-154.6,-0.09,-,,,0.00,0.0,,0
9.90,-13.785,-0.505,-154.6,-0.01,-,,,0.00,0.0,,0
9.95,-13.785,-0.505,-154.6,-0.01,-,,,0.00,0.0,,0
10.00,-13.785,-0.506,-154.6,0.01,-,,,0.00,0.0,,0
10.05,-13.785,-0.506,-154.6,0.01,-,,,0.00,0.0,,0
10.10,-13.786,-0.505,-154.6,0.01,-,,,0.00,0.0,,0
10.15,-13.786,-0.505,-154.6,0.01,-,,,0.00,0.0,,0
10.20,-13.788,-0.503,-154.6,0.00,-,,,0.00,0.0,,0
10.25,-13.788,-0.503,-154.6,0.00,-,,,0.00,0.0,,0
10.30,-13.788,-0.504,-154.6,0.00,-,,,0.00,0.0,,0
10.35,-13.788,-0.504,-154.6,0.00,-,,,0.00,0.0,,0
10.40,-13.788,-0.503,-154.6,-0.00,-,,,0.00,0.0,,0
10.45,-13.788,-0.503,-154.6,-0.00,-,,,0.00,0.0,,0
10.50,-13.788,-0.504,-154.6,0.01,-,,,0.00,0.0,,0
10.55,-13.788,-0.504,-154.6,0.01,-,,,0.00,0.0,,0
10.60,-13.790,-0.503,-154.6,0.01,CLEAR(조향OFF)|STRAIGHT,,999.00,0.00,0.0,,0
10.65,-13.790,-0.503,-154.6,0.01,CLEAR(조향OFF)|STRAIGHT,,999.00,0.00,0.0,,0
10.70,-13.791,-0.502,-154.6,0.00,CLEAR(조향OFF)|STRAIGHT,,999.00,0.00,0.0,,0
10.75,-13.791,-0.502,-154.6,0.00,CLEAR(조향OFF)|STRAIGHT,,999.00,0.00,0.0,,0
10.80,-13.789,-0.503,-154.5,-0.01,CLEAR(조향OFF)|STRAIGHT,,999.00,0.00,0.0,,0
10.85,-13.789,-0.503,-154.6,-0.01,CLEAR(조향OFF)|STRAIGHT,,999.00,0.00,0.0,,0
10.90,-13.789,-0.501,-154.6,-0.01,CLEAR(조향OFF)|STRAIGHT,,999.00,0.00,0.0,,0
10.95,-13.789,-0.501,-154.6,-0.01,CLEAR(조향OFF)|STRAIGHT,,999.00,0.00,0.0,,0
11.00,-13.789,-0.503,-154.6,0.01,CLEAR(조향OFF)|STRAIGHT,,999.00,0.00,0.0,,0
11.05,-13.789,-0.503,-154.6,0.01,CLEAR(조향OFF)|STRAIGHT,,999.00,0.00,0.0,,0
11.10,-13.791,-0.504,-154.6,0.02,CLEAR(조향OFF)|STRAIGHT,,999.00,0.00,0.0,,0
11.15,-13.791,-0.504,-154.6,0.02,CLEAR(조향OFF)|STRAIGHT,,999.00,0.00,0.0,,0
11.20,-13.789,-0.503,-154.6,-0.02,CLEAR(조향OFF)|STRAIGHT,,999.00,0.00,0.0,,0
11.25,-13.789,-0.503,-154.6,-0.02,CLEAR(조향OFF)|STRAIGHT,,999.00,0.00,0.0,,0
11.30,-13.789,-0.504,-154.6,-0.00,CLEAR(조향OFF)|STRAIGHT,,999.00,0.00,0.0,,0
11.35,-13.789,-0.504,-154.6,-0.00,CLEAR(조향OFF)|STRAIGHT,,999.00,0.00,0.0,0.6,4121
11.40,-13.790,-0.502,-154.6,-0.00,CLEAR(조향OFF)|STRAIGHT,,999.00,0.00,0.0,0.6,4106
11.45,-13.790,-0.502,-154.6,-0.00,CLEAR(조향OFF)|STRAIGHT,,999.00,0.00,0.0,0.6,4106
11.50,-13.790,-0.504,-154.6,0.01,CLEAR(조향OFF)|STRAIGHT,,999.00,0.00,0.0,0.6,4121
11.55,-13.790,-0.504,-154.6,0.01,CLEAR(조향OFF)|STRAIGHT,,999.00,0.00,0.0,0.6,4092
11.60,-13.789,-0.502,-154.5,-0.02,CLEAR(조향OFF)|STRAIGHT,,999.00,0.00,0.0,0.7,4106
11.65,-13.789,-0.502,-154.5,-0.02,CLEAR(조향OFF)|STRAIGHT,,999.00,0.00,0.0,0.6,4106
11.70,-13.791,-0.503,-154.5,0.02,CLEAR(조향OFF)|STRAIGHT,,999.00,0.00,0.0,0.6,4106
11.75,-13.791,-0.503,-154.6,0.02,CLEAR(조향OFF)|STRAIGHT,,999.00,0.00,0.0,0.6,4121
11.80,-13.791,-0.501,-154.6,-0.01,CLEAR(조향OFF)|STRAIGHT,,999.00,0.00,0.0,0.7,4106
11.85,-13.791,-0.501,-154.6,-0.01,CLEAR(조향OFF)|STRAIGHT,,999.00,0.00,0.0,0.6,4106
11.90,-13.789,-0.503,-154.6,-0.01,CLEAR(조향OFF)|STRAIGHT,,999.00,0.00,0.0,0.6,4106
11.95,-13.789,-0.503,-154.6,-0.01,CLEAR(조향OFF)|STRAIGHT,,999.00,0.00,0.0,0.6,4106
12.00,-13.789,-0.503,-154.6,-0.01,CLEAR(조향OFF)|STRAIGHT,,999.00,0.00,0.0,0.7,4106
12.05,-13.790,-0.504,-154.6,0.01,CLEAR(조향OFF)|STRAIGHT,,999.00,0.00,0.0,0.6,4106
12.10,-13.789,-0.501,-154.6,-0.40,CLEAR(조향OFF)|STRAIGHT,,999.00,0.00,0.0,0.6,4106
12.15,-13.789,-0.501,-154.6,-0.40,CLEAR(조향OFF)|STRAIGHT,,999.00,0.00,0.0,0.6,4121
12.20,-13.789,-0.501,-154.6,0.00,CLEAR(조향OFF)|STRAIGHT,,999.00,0.00,0.0,0.6,4106
12.25,-13.789,-0.501,-154.6,0.00,CLEAR(조향OFF)|STRAIGHT,,999.00,0.00,0.0,0.6,4106
12.30,-13.790,-0.501,-154.6,0.01,CLEAR(조향OFF)|STRAIGHT,,999.00,0.00,0.0,0.6,4106
12.35,-13.790,-0.501,-154.6,0.01,CLEAR(조향OFF)|STRAIGHT,,999.00,0.00,0.0,0.7,4092
12.40,-13.789,-0.501,-154.5,-0.01,CLEAR(조향OFF)|STRAIGHT,,999.00,0.00,0.0,0.7,4106
12.45,-13.789,-0.501,-154.6,-0.01,CLEAR(조향OFF)|STRAIGHT,,999.00,0.00,0.0,0.6,4137
12.50,-13.790,-0.500,-154.6,0.00,CLEAR(조향OFF)|STRAIGHT,,999.00,0.00,0.0,0.5,4106
12.55,-13.790,-0.500,-154.6,0.00,CLEAR(조향OFF)|STRAIGHT,,999.00,0.00,0.0,0.6,4137
12.60,-13.790,-0.501,-154.5,0.01,CLEAR(조향OFF)|STRAIGHT,,999.00,0.00,0.0,0.6,4106
12.65,-13.790,-0.501,-154.6,0.01,CLEAR(조향OFF)|STRAIGHT,,999.00,0.00,0.0,0.6,4092
12.70,-13.791,-0.499,-154.5,-0.00,CLEAR(조향OFF)|STRAIGHT,,999.00,0.00,0.0,0.6,4106
12.75,-13.791,-0.499,-154.5,-0.00,CLEAR(조향OFF)|STRAIGHT,,999.00,0.00,0.0,0.7,4106
12.80,-13.791,-0.498,-154.5,-0.00,CLEAR(조향OFF)|STRAIGHT,,999.00,0.00,0.0,0.7,4106
12.85,-13.791,-0.498,-154.5,-0.00,CLEAR(조향OFF)|STRAIGHT,,999.00,0.00,0.0,0.6,4121
12.90,-13.789,-0.499,-154.5,-0.01,CLEAR(조향OFF)|STRAIGHT,,999.00,0.00,0.0,0.7,4106
12.95,-13.789,-0.499,-154.5,-0.01,CLEAR(조향OFF)|STRAIGHT,,999.00,0.00,0.0,0.7,4106
13.00,-13.791,-0.499,-154.5,0.01,CLEAR(조향OFF)|STRAIGHT,,999.00,0.00,0.0,0.6,4106
13.05,-13.791,-0.499,-154.5,0.01,CLEAR(조향OFF)|STRAIGHT,,999.00,0.00,0.0,0.6,4092
13.10,-13.791,-0.498,-154.5,-0.00,CLEAR(조향OFF)|STRAIGHT,,999.00,0.00,0.0,0.7,4106
13.15,-13.791,-0.498,-154.5,-0.00,CLEAR(조향OFF)|STRAIGHT,,999.00,0.00,0.0,0.6,4106
13.20,-13.790,-0.499,-154.5,-0.01,CLEAR(조향OFF)|STRAIGHT,,999.00,0.00,0.0,0.6,4106
13.25,-13.790,-0.499,-154.5,-0.01,CLEAR(조향OFF)|STRAIGHT,,999.00,0.00,0.0,0.6,4121
13.30,-13.790,-0.499,-154.5,0.01,CLEAR(조향OFF)|STRAIGHT,,999.00,0.00,0.0,0.6,4121
13.35,-13.790,-0.499,-154.5,0.01,CLEAR(조향OFF)|STRAIGHT,,999.00,0.00,0.0,0.6,4106
13.40,-13.790,-0.499,-154.5,0.00,CLEAR(조향OFF)|STRAIGHT,,999.00,0.00,0.0,0.7,4106
13.45,-13.790,-0.499,-154.5,0.00,CLEAR(조향OFF)|STRAIGHT,,999.00,0.00,0.0,0.6,4106
13.50,-13.789,-0.499,-154.5,-0.01,CLEAR(조향OFF)|STRAIGHT,,999.00,0.00,0.0,0.6,4106
13.55,-13.789,-0.499,-154.5,-0.01,CLEAR(조향OFF)|STRAIGHT,,999.00,0.00,0.0,0.6,4106
13.60,-13.790,-0.499,-154.5,0.01,CLEAR(조향OFF)|STRAIGHT,,999.00,0.00,0.0,0.6,4121
13.65,-13.790,-0.499,-154.5,0.01,CLEAR(조향OFF)|STRAIGHT,,999.00,0.00,0.0,0.6,4106
13.70,-13.790,-0.498,-154.5,-0.00,CLEAR(조향OFF)|STRAIGHT,,999.00,0.00,0.0,0.7,4121
13.75,-13.790,-0.498,-154.5,-0.00,CLEAR(조향OFF)|STRAIGHT,,999.00,0.00,0.0,0.6,4106
13.80,-13.790,-0.498,-154.5,-0.00,CLEAR(조향OFF)|STRAIGHT,,999.00,0.00,0.0,0.7,4121
13.85,-13.790,-0.498,-154.5,-0.00,CLEAR(조향OFF)|STRAIGHT,,999.00,0.00,0.0,0.7,4106
13.90,-13.792,-0.498,-154.5,0.02,CLEAR(조향OFF)|STRAIGHT,,999.00,0.00,0.0,0.6,4106
13.95,-13.792,-0.498,-154.5,0.02,CLEAR(조향OFF)|STRAIGHT,,999.00,0.00,0.0,0.6,4106
14.00,-13.791,-0.498,-154.5,-0.01,CLEAR(조향OFF)|STRAIGHT,,999.00,0.00,0.0,0.7,4106
14.05,-13.791,-0.498,-154.5,-0.01,CLEAR(조향OFF)|STRAIGHT,,999.00,0.00,0.0,0.6,4106
14.10,-13.791,-0.499,-154.5,-0.00,CLEAR(조향OFF)|STRAIGHT,,999.00,0.00,0.0,0.7,4121
14.15,-13.791,-0.499,-154.5,-0.00,CLEAR(조향OFF)|STRAIGHT,,999.00,0.00,0.0,0.6,4121
14.20,-13.791,-0.498,-154.5,-0.00,CLEAR(조향OFF)|STRAIGHT,,999.00,0.00,0.0,0.6,4121
14.25,-13.791,-0.498,-154.5,-0.00,CLEAR(조향OFF)|STRAIGHT,,999.00,0.00,0.0,0.6,4121
14.30,-13.791,-0.498,-154.5,0.01,CLEAR(조향OFF)|STRAIGHT,,999.00,0.00,0.0,0.6,4121
14.35,-13.791,-0.498,-154.5,0.01,CLEAR(조향OFF)|STRAIGHT,,999.00,0.00,0.0,0.6,4106
14.40,-13.791,-0.498,-154.5,-0.00,CLEAR(조향OFF)|STRAIGHT,,999.00,0.00,0.0,0.6,4121
14.45,-13.791,-0.498,-154.5,-0.00,CLEAR(조향OFF)|STRAIGHT,,999.00,0.00,0.0,0.6,4106
14.50,-13.791,-0.497,-154.5,-0.00,CLEAR(조향OFF)|STRAIGHT,,999.00,0.00,0.0,0.7,4106
14.55,-13.791,-0.497,-154.5,-0.00,CLEAR(조향OFF)|STRAIGHT,,999.00,0.00,0.0,0.6,4106
14.60,-13.791,-0.497,-154.5,-0.00,CLEAR(조향OFF)|STRAIGHT,,999.00,0.00,0.0,0.6,4121
14.65,-13.791,-0.497,-154.5,-0.00,CLEAR(조향OFF)|STRAIGHT,,999.00,0.00,0.0,0.7,4106
14.70,-13.792,-0.498,-154.5,0.01,CLEAR(조향OFF)|STRAIGHT,,999.00,0.00,0.0,0.6,4106
14.75,-13.792,-0.498,-154.5,0.01,CLEAR(조향OFF)|STRAIGHT,,999.00,0.00,0.0,0.6,4106
14.80,-13.792,-0.498,-154.5,0.00,CLEAR(조향OFF)|STRAIGHT,,999.00,0.00,0.0,0.7,4106
14.85,-13.792,-0.498,-154.5,0.00,CLEAR(조향OFF)|STRAIGHT,,999.00,0.00,0.0,0.7,4106
14.90,-13.791,-0.497,-154.5,-0.01,CLEAR(조향OFF)|STRAIGHT,,999.00,0.00,0.0,0.6,4121
14.95,-13.791,-0.497,-154.5,-0.01,CLEAR(조향OFF)|STRAIGHT,,999.00,0.00,0.0,0.7,4106
15.00,-13.791,-0.499,-154.5,0.00,CLEAR(조향OFF)|STRAIGHT,,999.00,0.00,0.0,0.6,4121
15.05,-13.791,-0.499,-154.5,0.00,CLEAR(조향OFF)|STRAIGHT,,999.00,0.00,0.0,0.6,4106
15.10,-13.792,-0.497,-154.5,-0.00,CLEAR(조향OFF)|STRAIGHT,,999.00,0.00,0.0,0.6,4121
15.15,-13.792,-0.497,-154.5,-0.00,CLEAR(조향OFF)|STRAIGHT,,999.00,0.00,0.0,0.7,4121
15.20,-13.791,-0.498,-154.5,-0.00,CLEAR(조향OFF)|STRAIGHT,,999.00,0.00,0.0,0.6,4121
15.25,-13.791,-0.498,-154.5,-0.00,CLEAR(조향OFF)|STRAIGHT,,999.00,0.00,0.0,0.7,4092
15.30,-13.792,-0.498,-154.5,0.01,CLEAR(조향OFF)|STRAIGHT,,999.00,0.00,0.0,0.6,4121
15.35,-13.792,-0.498,-154.5,0.01,CLEAR(조향OFF)|STRAIGHT,,999.00,0.00,0.0,0.6,4121
15.40,-13.791,-0.497,-154.5,-0.01,CLEAR(조향OFF)|STRAIGHT,,999.00,0.00,0.0,0.6,4092
15.45,-13.791,-0.497,-154.5,-0.01,CLEAR(조향OFF)|STRAIGHT,,999.00,0.00,0.0,0.6,4106
15.50,-13.790,-0.498,-154.5,-0.01,CLEAR(조향OFF)|STRAIGHT,,999.00,0.00,0.0,0.6,4121
15.55,-13.790,-0.498,-154.5,-0.01,CLEAR(조향OFF)|STRAIGHT,,999.00,0.00,0.0,0.6,4106
15.60,-13.792,-0.498,-154.5,0.01,CLEAR(조향OFF)|STRAIGHT,,999.00,0.00,0.0,0.6,4121
15.65,-13.792,-0.498,-154.5,0.01,CLEAR(조향OFF)|STRAIGHT,,999.00,0.00,0.0,0.6,4121
15.70,-13.791,-0.497,-154.5,-0.01,CLEAR(조향OFF)|STRAIGHT,,999.00,0.00,0.0,0.7,4121
15.75,-13.791,-0.497,-154.5,-0.01,CLEAR(조향OFF)|STRAIGHT,,999.00,0.00,0.0,0.7,4092
15.80,-13.791,-0.498,-154.5,0.00,CLEAR(조향OFF)|STRAIGHT,,999.00,0.00,0.0,0.6,4106
15.85,-13.791,-0.498,-154.5,0.00,CLEAR(조향OFF)|STRAIGHT,,999.00,0.00,0.0,0.6,4106
15.90,-13.791,-0.496,-154.5,-0.00,CLEAR(조향OFF)|STRAIGHT,,999.00,0.00,0.0,0.6,4121
15.95,-13.791,-0.496,-154.5,-0.00,CLEAR(조향OFF)|STRAIGHT,,999.00,0.00,0.0,0.6,4106
16.00,-13.790,-0.499,-154.5,-0.01,CLEAR(조향OFF)|STRAIGHT,,999.00,0.00,0.0,0.6,4121
16.05,-13.790,-0.499,-154.5,-0.01,CLEAR(조향OFF)|STRAIGHT,,999.00,0.00,0.0,0.7,4106
16.10,-13.792,-0.499,-154.5,0.02,CLEAR(조향OFF)|STRAIGHT,,999.00,0.00,0.0,0.7,4106
16.15,-13.792,-0.499,-154.5,0.02,CLEAR(조향OFF)|STRAIGHT,,999.00,0.00,0.0,0.6,4106
16.20,-13.791,-0.499,-154.5,-0.01,CLEAR(조향OFF)|STRAIGHT,,999.00,0.00,0.0,0.6,4106
16.25,-13.791,-0.499,-154.5,-0.01,CLEAR(조향OFF)|STRAIGHT,,999.00,0.00,0.0,0.6,4106
16.30,-13.792,-0.499,-154.6,0.01,CLEAR(조향OFF)|STRAIGHT,,999.00,0.00,0.0,0.6,4121
16.35,-13.792,-0.499,-154.6,0.01,CLEAR(조향OFF)|STRAIGHT,,999.00,0.00,0.0,0.6,4106
16.40,-13.790,-0.500,-154.6,-0.02,CLEAR(조향OFF)|STRAIGHT,,999.00,0.00,0.0,0.6,4106
16.45,-13.790,-0.500,-154.5,-0.02,CLEAR(조향OFF)|STRAIGHT,,999.00,0.00,0.0,0.6,4106
16.50,-13.791,-0.500,-154.5,0.01,CLEAR(조향OFF)|STRAIGHT,,999.00,0.00,0.0,0.7,4106
16.55,-13.791,-0.500,-154.5,0.01,CLEAR(조향OFF)|STRAIGHT,,999.00,0.00,0.0,0.6,4121
16.60,-13.791,-0.500,-154.5,0.01,CLEAR(조향OFF)|STRAIGHT,,999.00,0.00,0.0,0.6,4121
16.65,-13.791,-0.500,-154.5,0.01,CLEAR(조향OFF)|STRAIGHT,,999.00,0.00,0.0,0.6,4106
16.70,-13.790,-0.500,-154.5,-0.01,CLEAR(조향OFF)|STRAIGHT,,999.00,0.00,0.0,0.7,4106
16.75,-13.790,-0.500,-154.5,-0.01,CLEAR(조향OFF)|STRAIGHT,,999.00,0.00,0.0,0.6,4121
16.80,-13.790,-0.500,-154.5,-0.01,CLEAR(조향OFF)|STRAIGHT,,999.00,0.00,0.0,0.6,4106
16.85,-13.790,-0.500,-154.5,-0.01,CLEAR(조향OFF)|STRAIGHT,,999.00,0.00,0.0,0.6,4121
16.90,-13.790,-0.501,-154.5,0.01,CLEAR(조향OFF)|STRAIGHT,,999.00,0.00,0.0,0.6,4121
16.95,-13.790,-0.501,-154.5,0.01,CLEAR(조향OFF)|STRAIGHT,,999.00,0.00,0.0,0.6,4106
17.00,-13.790,-0.500,-154.5,-0.00,CLEAR(조향OFF)|STRAIGHT,,999.00,0.00,0.0,0.6,4106
17.05,-13.790,-0.500,-154.5,-0.00,CLEAR(조향OFF)|STRAIGHT,,999.00,0.00,0.0,0.6,4106
17.10,-13.792,-0.510,-154.5,0.06,CLEAR(조향OFF)|STRAIGHT,,999.00,0.00,0.0,0.6,4106
17.15,-13.792,-0.510,-154.5,0.06,CLEAR(조향OFF)|STRAIGHT,,999.00,0.00,0.0,0.6,4121
17.20,-13.792,-0.509,-154.5,-0.01,CLEAR(조향OFF)|STRAIGHT,,999.00,0.00,0.0,0.6,4106
17.25,-13.792,-0.509,-154.5,-0.01,CLEAR(조향OFF)|STRAIGHT,,999.00,0.00,0.0,0.7,4106
17.30,-13.791,-0.509,-154.5,-0.01,CLEAR(조향OFF)|STRAIGHT,,999.00,0.00,0.0,0.6,4106
17.35,-13.791,-0.509,-154.5,-0.01,CLEAR(조향OFF)|STRAIGHT,,999.00,0.00,0.0,0.7,4106
17.40,-13.794,-0.509,-154.5,0.02,CLEAR(조향OFF)|STRAIGHT,,999.00,0.00,0.0,0.6,4121
17.45,-13.794,-0.509,-154.5,0.02,CLEAR(조향OFF)|STRAIGHT,,999.00,0.00,0.0,0.6,4121
17.50,-13.791,-0.509,-154.5,-0.02,CLEAR(조향OFF)|STRAIGHT,,999.00,0.00,0.0,0.7,4106
17.55,-13.791,-0.509,-154.5,-0.02,CLEAR(조향OFF)|STRAIGHT,,999.00,0.00,0.0,0.6,4121
17.60,-13.793,-0.510,-154.5,0.02,CLEAR(조향OFF)|STRAIGHT,,999.00,0.00,0.0,0.7,4106
17.65,-13.793,-0.510,-154.5,0.02,CLEAR(조향OFF)|STRAIGHT,,999.00,0.00,0.0,0.6,4121
17.70,-13.793,-0.509,-154.5,-0.01,CLEAR(조향OFF)|STRAIGHT,,999.00,0.00,0.0,0.6,4121
17.75,-13.793,-0.509,-154.5,-0.01,CLEAR(조향OFF)|STRAIGHT,,999.00,0.00,0.0,0.6,4137
17.80,-13.792,-0.510,-154.5,-0.00,CLEAR(조향OFF)|STRAIGHT,,999.00,0.00,0.0,0.6,4092
17.85,-13.792,-0.510,-154.5,-0.00,CLEAR(조향OFF)|STRAIGHT,,999.00,0.00,0.0,0.7,4137
17.90,-13.792,-0.511,-154.5,0.01,CLEAR(조향OFF)|STRAIGHT,,999.00,0.00,0.0,0.6,4106
17.95,-13.792,-0.511,-154.5,0.01,CLEAR(조향OFF)|STRAIGHT,,999.00,0.00,0.0,0.6,4106
18.00,-13.791,-0.509,-154.5,-0.02,CLEAR(조향OFF)|STRAIGHT,,999.00,0.00,0.0,0.7,4121
18.05,-13.791,-0.509,-154.5,-0.02,CLEAR(조향OFF)|STRAIGHT,,999.00,0.00,0.0,0.6,4121
18.10,-13.792,-0.511,-154.5,0.02,CLEAR(조향OFF)|STRAIGHT,,999.00,0.00,0.0,0.6,4092
18.15,-13.792,-0.511,-154.5,0.02,CLEAR(조향OFF)|STRAIGHT,,999.00,0.00,0.0,0.7,4121
18.20,-13.793,-0.510,-154.5,0.00,CLEAR(조향OFF)|STRAIGHT,,999.00,0.00,0.0,0.6,4106
18.25,-13.793,-0.510,-154.5,0.00,CLEAR(조향OFF)|STRAIGHT,,999.00,0.00,0.0,0.7,4106
18.30,-13.793,-0.511,-154.5,0.00,CLEAR(조향OFF)|STRAIGHT,,999.00,0.00,0.0,0.6,4121
18.35,-13.793,-0.511,-154.5,0.00,CLEAR(조향OFF)|STRAIGHT,,999.00,0.00,0.0,0.6,4121
18.40,-13.793,-0.512,-154.5,0.01,CLEAR(조향OFF)|STRAIGHT,,999.00,0.00,0.0,0.6,4106
18.45,-13.793,-0.512,-154.5,0.01,CLEAR(조향OFF)|STRAIGHT,,999.00,0.00,0.0,0.7,4121
18.50,-13.795,-0.510,-154.5,0.00,CLEAR(조향OFF)|STRAIGHT,,999.00,0.00,0.0,0.7,4121
18.55,-13.795,-0.510,-154.5,0.00,CLEAR(조향OFF)|STRAIGHT,,999.00,0.00,0.0,0.6,4121
18.60,-13.794,-0.510,-154.5,-0.00,CLEAR(조향OFF)|STRAIGHT,,999.00,0.00,0.0,0.7,4121
18.65,-13.794,-0.510,-154.5,-0.00,CLEAR(조향OFF)|STRAIGHT,,999.00,0.00,0.0,0.6,4106
18.70,-13.793,-0.510,-154.5,-0.02,CLEAR(조향OFF)|STRAIGHT,,999.00,0.00,0.0,0.6,4121
18.75,-13.793,-0.510,-154.5,-0.02,CLEAR(조향OFF)|STRAIGHT,,999.00,0.00,0.0,0.6,4137
18.80,-13.793,-0.510,-154.5,-0.02,CLEAR(조향OFF)|STRAIGHT,,999.00,0.00,0.0,0.7,4106
18.85,-13.793,-0.510,-154.5,-0.02,CLEAR(조향OFF)|STRAIGHT,,999.00,0.00,0.0,0.6,4106
18.90,-13.793,-0.511,-154.5,-0.26,CLEAR(조향OFF)|STRAIGHT,,999.00,0.00,0.0,0.6,4121
18.95,-13.793,-0.511,-154.5,-0.26,CLEAR(조향OFF)|STRAIGHT,,999.00,0.00,0.0,0.6,4106
19.00,-13.795,-0.510,-154.5,0.01,CLEAR(조향OFF)|STRAIGHT,,999.00,0.00,0.0,0.6,4106
19.05,-13.795,-0.510,-154.5,0.01,CLEAR(조향OFF)|STRAIGHT,,999.00,0.00,0.0,0.6,4106
19.10,-13.794,-0.508,-154.5,-0.01,CLEAR(조향OFF)|STRAIGHT,,999.00,0.00,0.0,0.7,4121
19.15,-13.794,-0.508,-154.5,-0.01,CLEAR(조향OFF)|STRAIGHT,,999.00,0.00,0.0,0.6,4121
19.20,-13.794,-0.505,-154.5,-0.01,CLEAR(조향OFF)|STRAIGHT,,999.00,0.00,0.0,0.6,4121
19.25,-13.794,-0.505,-154.5,-0.01,CLEAR(조향OFF)|STRAIGHT,,999.00,0.00,0.0,0.7,4106
19.30,-13.796,-0.508,-154.5,0.03,CLEAR(조향OFF)|STRAIGHT,,999.00,0.00,0.0,0.6,4106
19.35,-13.796,-0.508,-154.5,0.03,CLEAR(조향OFF)|STRAIGHT,,999.00,0.00,0.0,0.7,4106
19.40,-13.802,-0.505,-154.5,0.04,CLEAR(조향OFF)|STRAIGHT,,999.00,0.00,0.0,0.7,4106
19.45,-13.802,-0.505,-154.5,0.04,CLEAR(조향OFF)|STRAIGHT,,999.00,0.00,0.0,0.6,4121
19.50,-13.798,-0.506,-154.5,-0.03,CLEAR(조향OFF)|STRAIGHT,,999.00,0.00,0.0,0.6,4106
19.55,-13.798,-0.506,-154.5,-0.03,CLEAR(조향OFF)|STRAIGHT,,999.00,0.00,0.0,0.6,4106
19.60,-13.797,-0.506,-154.5,-0.01,CLEAR(조향OFF)|STRAIGHT,,999.00,0.00,0.0,0.7,4121
19.65,-13.797,-0.506,-154.5,-0.01,CLEAR(조향OFF)|STRAIGHT,,999.00,0.00,0.0,0.6,4106
19.70,-13.796,-0.508,-154.5,-0.01,CLEAR(조향OFF)|STRAIGHT,,999.00,0.00,0.0,0.6,4106
19.75,-13.796,-0.508,-154.5,-0.01,CLEAR(조향OFF)|STRAIGHT,,999.00,0.00,0.0,0.6,4137
19.80,-13.792,-0.511,-154.5,-0.02,CLEAR(조향OFF)|STRAIGHT,,999.00,0.00,0.0,0.6,4106
19.85,-13.792,-0.511,-154.5,-0.02,CLEAR(조향OFF)|STRAIGHT,,999.00,0.00,0.0,0.6,4121
19.90,-13.795,-0.509,-154.5,0.02,CLEAR(조향OFF)|STRAIGHT,,999.00,0.00,0.0,0.6,4121
19.95,-13.795,-0.509,-154.5,0.02,CLEAR(조향OFF)|STRAIGHT,,999.00,0.00,0.0,0.6,4106
20.00,-13.791,-0.513,-154.5,-0.02,CLEAR(조향OFF)|STRAIGHT,,999.00,0.00,0.0,0.6,4106
20.05,-13.791,-0.513,-154.5,-0.02,CLEAR(조향OFF)|STRAIGHT,,999.00,0.00,0.0,0.6,4121
20.10,-13.789,-0.514,-154.5,-0.02,CLEAR(조향OFF)|STRAIGHT,,999.00,0.00,0.0,0.6,4121
20.15,-13.789,-0.514,-154.5,-0.02,CLEAR(조향OFF)|STRAIGHT,,999.00,0.00,0.0,0.6,4106
20.20,-13.792,-0.512,-154.5,0.03,CLEAR(조향OFF)|STRAIGHT,,999.00,0.00,0.0,0.6,4106
20.25,-13.792,-0.512,-154.5,0.03,CLEAR(조향OFF)|STRAIGHT,,999.00,0.00,0.0,0.7,4106
20.30,-13.789,-0.512,-154.5,-0.03,CLEAR(조향OFF)|STRAIGHT,,999.00,0.00,0.0,0.6,4121
20.35,-13.789,-0.512,-154.5,-0.03,CLEAR(조향OFF)|STRAIGHT,,999.00,0.00,0.0,0.6,4106
20.40,-13.789,-0.512,-154.5,-0.00,CLEAR(조향OFF)|STRAIGHT,,999.00,0.00,0.0,0.6,4121
20.45,-13.789,-0.512,-154.5,-0.00,CLEAR(조향OFF)|STRAIGHT,,999.00,0.00,0.0,0.6,4121
20.50,-13.790,-0.510,-154.5,0.00,CLEAR(조향OFF)|STRAIGHT,,999.00,0.00,0.0,0.6,4121
20.55,-13.790,-0.510,-154.5,0.00,CLEAR(조향OFF)|STRAIGHT,,999.00,0.00,0.0,0.6,4121
20.60,-13.789,-0.511,-154.5,-0.00,CLEAR(조향OFF)|STRAIGHT,,999.00,0.00,0.0,0.6,4121
20.65,-13.789,-0.511,-154.5,-0.00,CLEAR(조향OFF)|STRAIGHT,,999.00,0.00,0.0,0.6,4121
20.70,-13.789,-0.512,-154.5,0.01,CLEAR(조향OFF)|STRAIGHT,,999.00,0.00,0.0,0.6,4121
20.75,-13.789,-0.512,-154.5,0.01,CLEAR(조향OFF)|STRAIGHT,,999.00,0.00,0.0,0.7,4106
20.80,-13.790,-0.514,-154.5,0.01,CLEAR(조향OFF)|STRAIGHT,,999.00,0.00,0.0,0.6,4106
20.85,-13.790,-0.514,-154.5,0.01,CLEAR(조향OFF)|STRAIGHT,,999.00,0.00,0.0,0.6,4106
20.90,-13.789,-0.512,-154.5,-0.01,CLEAR(조향OFF)|STRAIGHT,,999.00,0.00,0.0,0.7,4121
20.95,-13.789,-0.512,-154.5,-0.01,CLEAR(조향OFF)|STRAIGHT,,999.00,0.00,0.0,0.7,4121
21.00,-13.790,-0.514,-154.5,0.01,CLEAR(조향OFF)|STRAIGHT,,999.00,0.00,0.0,0.6,4121
21.05,-13.790,-0.514,-154.5,0.01,CLEAR(조향OFF)|STRAIGHT,,999.00,0.00,0.0,0.6,4106
21.10,-13.793,-0.514,-154.5,0.03,CLEAR(조향OFF)|STRAIGHT,,999.00,0.00,0.0,0.7,4106
21.15,-13.793,-0.514,-154.5,0.03,CLEAR(조향OFF)|STRAIGHT,,999.00,0.00,0.0,0.6,4106
21.20,-13.795,-0.514,-154.5,0.01,CLEAR(조향OFF)|STRAIGHT,,999.00,0.00,0.0,0.7,4121
21.25,-13.795,-0.514,-154.5,0.01,CLEAR(조향OFF)|STRAIGHT,,999.00,0.00,0.0,0.6,4106
21.30,-13.793,-0.513,-154.5,-0.02,CLEAR(조향OFF)|STRAIGHT,,999.00,0.00,0.0,0.7,4137
21.35,-13.793,-0.513,-154.5,-0.02,CLEAR(조향OFF)|STRAIGHT,,999.00,0.00,0.0,0.7,4121
21.40,-13.794,-0.513,-154.5,0.01,CLEAR(조향OFF)|STRAIGHT,,999.00,0.00,0.0,0.6,4106
21.45,-13.794,-0.513,-154.5,0.01,CLEAR(조향OFF)|STRAIGHT,,999.00,0.00,0.0,0.6,4106
21.50,-13.795,-0.512,-154.5,0.01,CLEAR(조향OFF)|STRAIGHT,,999.00,0.00,0.0,0.7,4106
21.55,-13.795,-0.512,-154.5,0.01,CLEAR(조향OFF)|STRAIGHT,,999.00,0.00,0.0,0.7,4106
21.60,-13.794,-0.513,-154.5,-0.01,CLEAR(조향OFF)|STRAIGHT,,999.00,0.00,0.0,0.6,4121
21.65,-13.794,-0.513,-154.5,-0.01,CLEAR(조향OFF)|STRAIGHT,,999.00,0.00,0.0,0.6,4121
21.70,-13.792,-0.513,-154.5,-0.01,CLEAR(조향OFF)|STRAIGHT,,999.00,0.00,0.0,0.6,4106
21.75,-13.792,-0.513,-154.5,-0.01,CLEAR(조향OFF)|STRAIGHT,,999.00,0.00,0.0,0.6,4106
21.80,-13.793,-0.513,-154.5,0.01,CLEAR(조향OFF)|STRAIGHT,,999.00,0.00,0.0,0.6,4121
21.85,-13.793,-0.513,-154.5,0.01,CLEAR(조향OFF)|STRAIGHT,,999.00,0.00,0.0,0.6,4106
21.90,-13.794,-0.513,-154.5,0.00,CLEAR(조향OFF)|STRAIGHT,,999.00,0.00,0.0,0.7,4106
21.95,-13.794,-0.513,-154.5,0.00,CLEAR(조향OFF)|STRAIGHT,,999.00,0.00,0.0,0.7,4121
22.00,-13.794,-0.514,-154.5,0.01,CLEAR(조향OFF)|STRAIGHT,,999.00,0.00,0.0,0.7,4137
22.05,-13.794,-0.514,-154.5,0.01,CLEAR(조향OFF)|STRAIGHT,,999.00,0.00,0.0,0.7,4121
22.10,-13.794,-0.514,-154.5,0.00,CLEAR(조향OFF)|STRAIGHT,,999.00,0.00,0.0,0.7,4106
22.15,-13.794,-0.514,-154.5,0.00,CLEAR(조향OFF)|STRAIGHT,,999.00,0.00,0.0,0.7,4106
22.20,-13.794,-0.515,-154.5,0.01,CLEAR(조향OFF)|STRAIGHT,,999.00,0.00,0.0,0.6,4121
22.25,-13.794,-0.515,-154.5,0.01,CLEAR(조향OFF)|STRAIGHT,,999.00,0.00,0.0,0.6,4121
22.30,-13.793,-0.512,-154.5,-0.03,CLEAR(조향OFF)|STRAIGHT,,999.00,0.00,0.0,0.6,4137
22.35,-13.793,-0.512,-154.5,-0.03,CLEAR(조향OFF)|STRAIGHT,,999.00,0.00,0.0,0.6,4106
22.40,-13.792,-0.513,-154.5,-0.00,CLEAR(조향OFF)|STRAIGHT,,999.00,0.00,0.0,0.7,4106
22.45,-13.792,-0.513,-154.5,-0.00,CLEAR(조향OFF)|STRAIGHT,,999.00,0.00,0.0,0.6,4121
22.50,-13.792,-0.514,-154.5,0.00,CLEAR(조향OFF)|STRAIGHT,,999.00,0.00,0.0,0.6,4106
22.55,-13.792,-0.514,-154.5,0.00,CLEAR(조향OFF)|STRAIGHT,,999.00,0.00,0.0,0.6,4121
22.60,-13.794,-0.513,-154.5,0.01,CLEAR(조향OFF)|STRAIGHT,,999.00,0.00,0.0,0.6,4137
22.65,-13.794,-0.513,-154.5,0.01,CLEAR(조향OFF)|STRAIGHT,,999.00,0.00,0.0,0.7,4106
22.70,-13.795,-0.513,-154.5,0.01,CLEAR(조향OFF)|STRAIGHT,,999.00,0.00,0.0,0.6,4106
22.75,-13.795,-0.513,-154.5,0.01,CLEAR(조향OFF)|STRAIGHT,,999.00,0.00,0.0,0.7,4121
22.80,-13.794,-0.513,-154.5,-0.00,CLEAR(조향OFF)|STRAIGHT,,999.00,0.00,0.0,0.7,4121
22.85,-13.794,-0.513,-154.5,-0.00,CLEAR(조향OFF)|STRAIGHT,,999.00,0.00,0.0,0.7,4106
22.90,-13.796,-0.513,-154.5,0.02,CLEAR(조향OFF)|STRAIGHT,,999.00,0.00,0.0,0.7,4106
22.95,-13.796,-0.513,-154.5,0.02,CLEAR(조향OFF)|STRAIGHT,,999.00,0.00,0.0,0.6,4121
23.00,-13.795,-0.514,-154.5,-0.00,CLEAR(조향OFF)|STRAIGHT,,999.00,0.00,0.0,0.6,4106
23.05,-13.795,-0.514,-154.5,-0.00,CLEAR(조향OFF)|STRAIGHT,,999.00,0.00,0.0,0.6,4121
23.10,-13.795,-0.515,-154.5,0.00,CLEAR(조향OFF)|STRAIGHT,,999.00,0.00,0.0,0.6,4106
23.15,-13.795,-0.515,-154.5,0.00,CLEAR(조향OFF)|STRAIGHT,,999.00,0.00,0.0,0.6,4106
23.20,-13.796,-0.512,-154.5,-0.00,CLEAR(조향OFF)|STRAIGHT,,999.00,0.70,0.0,0.6,4106
23.25,-13.796,-0.512,-154.5,-0.00,CLEAR(조향OFF)|STRAIGHT,,999.00,0.70,0.0,0.6,4121
23.30,-13.795,-0.513,-154.5,-0.00,CLEAR(조향OFF)|STRAIGHT,,999.00,0.70,-0.0,0.6,4106
23.35,-13.795,-0.513,-154.5,-0.00,CLEAR(조향OFF)|STRAIGHT,,999.00,0.70,-0.0,0.6,4106
23.40,-13.797,-0.514,-154.5,0.02,CLEAR(조향OFF)|STRAIGHT,,999.00,0.70,0.0,0.7,4121
23.45,-13.797,-0.514,-154.5,0.02,CLEAR(조향OFF)|STRAIGHT,,999.00,0.70,0.0,0.6,4121
23.50,-13.795,-0.512,-154.5,-0.03,CLEAR(조향OFF)|STRAIGHT,,999.00,0.70,-0.0,0.6,4106
23.55,-13.795,-0.512,-154.5,-0.03,CLEAR(조향OFF)|STRAIGHT,,999.00,0.70,-0.0,0.6,4106
23.60,-13.796,-0.512,-154.4,0.01,CLEAR(조향OFF)|STRAIGHT,,999.00,0.70,-0.0,0.6,4137
23.65,-13.796,-0.512,-154.4,0.01,CLEAR(조향OFF)|STRAIGHT,,999.00,0.70,-0.0,0.6,4137
23.70,-13.799,-0.513,-154.4,0.04,CLEAR(조향OFF)|STRAIGHT,,999.00,0.70,-0.1,0.6,4106
23.75,-13.799,-0.513,-154.4,0.04,CLEAR(조향OFF)|STRAIGHT,,999.00,0.70,-0.1,0.6,4121
23.80,-13.808,-0.526,-154.4,0.12,CLEAR(조향OFF)|STRAIGHT,,999.00,0.70,-0.1,0.6,4121
23.85,-13.808,-0.526,-154.4,0.12,CLEAR(조향OFF)|STRAIGHT,,999.00,0.70,-0.1,0.7,4121
23.90,-13.818,-0.531,-154.3,0.11,CLEAR(조향OFF)|STRAIGHT,,999.00,0.70,-0.2,0.6,4121
23.95,-13.818,-0.531,-154.3,0.11,CLEAR(조향OFF)|STRAIGHT,,999.00,0.70,-0.2,0.7,4106
24.00,-13.837,-0.544,-154.3,0.23,CLEAR(조향OFF)|STRAIGHT,,999.00,0.70,-0.3,0.7,4106
24.05,-13.837,-0.544,-154.4,0.23,CLEAR(조향OFF)|STRAIGHT,,999.00,0.70,-0.3,0.6,4121
24.10,-13.856,-0.561,-154.3,0.25,CLEAR(조향OFF)|STRAIGHT,,999.00,0.70,-0.2,0.6,4121
24.15,-13.856,-0.561,-154.3,0.25,CLEAR(조향OFF)|STRAIGHT,,999.00,0.70,-0.2,0.7,4106
24.20,-13.874,-0.574,-154.2,0.21,CLEAR(조향OFF)|STRAIGHT,,999.00,0.70,-0.3,0.6,4106
24.25,-13.874,-0.574,-154.2,0.21,CLEAR(조향OFF)|STRAIGHT,,999.00,0.70,-0.3,0.6,4106
24.30,-13.897,-0.598,-154.2,0.31,CLEAR(조향OFF)|STRAIGHT,,999.00,0.70,-0.5,0.6,4106
24.35,-13.897,-0.598,-154.1,0.31,CLEAR(조향OFF)|STRAIGHT,,999.00,0.70,-0.5,0.6,4121
24.40,-13.913,-0.624,-154.1,0.26,CLEAR(조향OFF)|STRAIGHT,,999.00,0.70,-0.5,0.6,4121
24.45,-13.913,-0.624,-154.1,0.26,CLEAR(조향OFF)|STRAIGHT,,999.00,0.70,-0.5,0.7,4106
24.50,-13.938,-0.648,-154.1,0.32,CLEAR(조향OFF)|STRAIGHT,,999.00,0.70,-0.6,0.7,4121
24.55,-13.938,-0.648,-154.0,0.32,CLEAR(조향OFF)|STRAIGHT,,999.00,0.70,-0.6,0.7,4121
24.60,-13.967,-0.677,-154.0,0.44,CLEAR(조향OFF)|STRAIGHT,,999.00,0.70,-0.7,0.6,4106
24.65,-13.967,-0.677,-154.0,0.44,CLEAR(조향OFF)|STRAIGHT,,999.00,0.70,-0.7,0.6,4106
24.70,-13.995,-0.702,-154.0,0.36,CLEAR(조향OFF)|STRAIGHT,,999.00,0.70,-0.7,0.6,4106
24.75,-13.995,-0.702,-154.0,0.36,CLEAR(조향OFF)|STRAIGHT,,999.00,0.70,-0.7,0.7,4106
24.80,-14.030,-0.728,-154.0,0.36,CLEAR(조향OFF)|STRAIGHT,,999.00,0.70,-0.8,0.6,4106
24.85,-14.030,-0.728,-153.9,0.36,CLEAR(조향OFF)|STRAIGHT,,999.00,0.70,-0.8,0.6,4121
24.90,-14.060,-0.761,-153.9,0.46,CLEAR(조향OFF)|STRAIGHT,,999.00,0.70,-0.8,0.6,4121
24.95,-14.060,-0.761,-153.9,0.46,CLEAR(조향OFF)|STRAIGHT,,999.00,0.70,-0.8,0.6,4121
25.00,-14.093,-0.796,-153.8,0.41,CLEAR(조향OFF)|STRAIGHT,,999.00,0.70,-0.9,0.5,4137
25.05,-14.093,-0.796,-153.9,0.41,CLEAR(조향OFF)|STRAIGHT,,999.00,0.70,-0.9,0.1,4183
25.10,-14.123,-0.835,-153.9,0.49,CLEAR(조향OFF)|STRAIGHT,,999.00,0.70,-0.9,0.1,4183
25.15,-14.123,-0.835,-153.9,0.49,CLEAR(조향OFF)|STRAIGHT,,999.00,0.70,-0.9,0.2,4198
25.20,-14.158,-0.866,-153.8,0.45,CLEAR(조향OFF)|STRAIGHT,,999.00,0.70,-0.9,0.1,4214
25.25,-14.158,-0.866,-153.9,0.45,CLEAR(조향OFF)|STRAIGHT,,999.00,0.70,-0.9,0.2,4183
25.30,-14.198,-0.901,-153.9,0.51,CLEAR(조향OFF)|STRAIGHT,,999.00,0.70,-0.9,0.1,4198
25.35,-14.198,-0.901,-153.8,0.51,CLEAR(조향OFF)|STRAIGHT,,999.00,0.70,-0.9,0.1,4198
25.40,-14.235,-0.939,-153.9,0.50,CLEAR(조향OFF)|STRAIGHT,,999.00,0.70,-1.0,0.1,4198
25.45,-14.235,-0.939,-153.9,0.50,CLEAR(조향OFF)|STRAIGHT,,999.00,0.70,-1.0,0.1,4198
25.50,-14.276,-0.972,-153.8,0.52,CLEAR(조향OFF)|STRAIGHT,,999.00,0.70,-0.9,0.1,4214
25.55,-14.276,-0.972,-153.9,0.52,CLEAR(조향OFF)|STRAIGHT,,999.00,0.70,-0.9,0.3,4198
25.60,-14.316,-1.013,-153.9,0.60,CLEAR(조향OFF)|STRAIGHT,,999.00,0.70,-0.9,0.2,4183
25.65,-14.316,-1.013,-153.9,0.60,CLEAR(조향OFF)|STRAIGHT,,999.00,0.70,-0.9,0.1,4214
25.70,-14.356,-1.050,-153.9,0.48,CLEAR(조향OFF)|STRAIGHT,,999.00,0.70,-0.9,0.2,4198
25.75,-14.356,-1.050,-153.9,0.48,CLEAR(조향OFF)|STRAIGHT,,999.00,0.70,-0.9,0.1,4214
25.80,-14.394,-1.089,-153.9,0.51,CLEAR(조향OFF)|STRAIGHT,,999.00,0.70,-0.9,0.1,4198
25.85,-14.394,-1.089,-153.9,0.51,CLEAR(조향OFF)|STRAIGHT,,999.00,0.70,-0.9,0.1,4198
25.90,-14.442,-1.134,-153.9,0.63,CLEAR(조향OFF)|STRAIGHT,,999.00,0.70,-0.9,0.1,4198
25.95,-14.442,-1.134,-154.0,0.63,CLEAR(조향OFF)|STRAIGHT,,999.00,0.70,-0.9,0.1,4198
26.00,-14.486,-1.175,-154.0,0.58,CLEAR(조향OFF)|STRAIGHT,,999.00,0.70,-0.7,0.1,4198
26.05,-14.486,-1.175,-154.0,0.58,CLEAR(조향OFF)|STRAIGHT,,999.00,0.70,-0.7,0.1,4198
26.10,-14.529,-1.218,-154.1,0.58,CLEAR(조향OFF)|STRAIGHT,,999.00,0.70,-0.7,0.1,4198
26.15,-14.529,-1.218,-154.1,0.58,CLEAR(조향OFF)|STRAIGHT,,999.00,0.70,-0.7,0.1,4214
26.20,-14.577,-1.263,-154.2,0.62,CLEAR(조향OFF)|STRAIGHT,,999.00,0.70,-0.6,0.1,4198
26.25,-14.577,-1.263,-154.2,0.62,CLEAR(조향OFF)|STRAIGHT,,999.00,0.70,-0.6,0.1,4214
26.30,-14.626,-1.309,-154.2,0.64,CLEAR(조향OFF)|STRAIGHT,,999.00,0.70,-0.4,0.1,4198
26.35,-14.626,-1.309,-154.3,0.64,CLEAR(조향OFF)|STRAIGHT,,999.00,0.70,-0.4,0.1,4183
26.40,-14.668,-1.354,-154.4,0.57,CLEAR(조향OFF)|STRAIGHT,,999.00,0.70,-0.2,0.1,4198
26.45,-14.668,-1.354,-154.4,0.57,CLEAR(조향OFF)|STRAIGHT,,999.00,0.70,-0.2,0.1,4214
26.50,-14.721,-1.398,-154.5,0.74,CLEAR(조향OFF)|STRAIGHT,,999.00,0.70,-0.1,0.1,4198
26.55,-14.721,-1.398,-154.5,0.74,CLEAR(조향OFF)|STRAIGHT,,999.00,0.70,-0.1,0.1,4198
26.60,-14.768,-1.441,-154.5,0.55,CLEAR(조향OFF)|STRAIGHT,,999.00,0.70,0.1,0.1,4198
26.65,-14.768,-1.441,-154.6,0.55,CLEAR(조향OFF)|STRAIGHT,,999.00,0.70,0.1,0.1,4198
26.70,-14.820,-1.488,-154.6,0.68,CLEAR(조향OFF)|STRAIGHT,,999.00,0.70,0.2,0.1,4214
26.75,-14.820,-1.488,-154.7,0.68,CLEAR(조향OFF)|STRAIGHT,,999.00,0.70,0.2,0.1,4230
26.80,-14.867,-1.534,-154.7,0.56,CLEAR(조향OFF)|STRAIGHT,,999.00,0.70,0.3,0.1,4214
26.85,-14.867,-1.534,-154.8,0.56,CLEAR(조향OFF)|STRAIGHT,,999.00,0.70,0.3,0.1,4198
26.90,-14.923,-1.583,-154.8,0.80,CLEAR(조향OFF)|STRAIGHT,,999.00,0.70,0.4,0.1,4198
26.95,-14.923,-1.583,-154.9,0.80,CLEAR(조향OFF)|STRAIGHT,,999.00,0.70,0.4,0.1,4214
27.00,-14.975,-1.630,-154.9,0.60,CLEAR(조향OFF)|STRAIGHT,,999.00,0.70,0.6,0.1,4183
27.05,-14.975,-1.630,-155.0,0.60,CLEAR(조향OFF)|STRAIGHT,,999.00,0.70,0.6,0.1,4214
27.10,-15.022,-1.684,-155.0,0.73,CLEAR(조향OFF)|STRAIGHT,,999.00,0.70,0.7,0.2,4198
27.15,-15.022,-1.684,-155.0,0.73,CLEAR(조향OFF)|STRAIGHT,,999.00,0.70,0.7,0.1,4198
27.20,-15.075,-1.731,-155.1,0.68,CLEAR(조향OFF)|STRAIGHT,,999.00,0.70,0.8,0.1,4214
27.25,-15.075,-1.731,-155.1,0.68,CLEAR(조향OFF)|STRAIGHT,,999.00,0.70,0.8,0.1,4198
27.30,-15.129,-1.784,-155.1,0.72,CLEAR(조향OFF)|STRAIGHT,,999.00,0.70,1.0,0.2,4198
27.35,-15.129,-1.784,-155.2,0.72,CLEAR(조향OFF)|STRAIGHT,,999.00,0.70,1.0,0.2,4214
27.40,-15.193,-1.838,-155.2,0.90,CLEAR(조향OFF)|STRAIGHT,,999.00,0.70,1.0,0.1,4198
27.45,-15.193,-1.838,-155.2,0.90,CLEAR(조향OFF)|STRAIGHT,,999.00,0.70,1.0,0.1,4214
27.50,-15.247,-1.885,-155.3,0.63,CLEAR(조향OFF)|STRAIGHT,,999.00,0.70,1.1,0.2,4214
27.55,-15.247,-1.885,-155.4,0.63,CLEAR(조향OFF)|STRAIGHT,,999.00,0.70,1.1,0.2,4214
27.60,-15.301,-1.941,-155.4,0.72,CLEAR(조향OFF)|STRAIGHT,,999.00,0.70,1.3,0.1,4183
27.65,-15.301,-1.941,-155.4,0.72,CLEAR(조향OFF)|STRAIGHT,,999.00,0.70,1.3,0.2,4214
27.70,-15.359,-1.992,-155.5,0.75,CLEAR(조향OFF)|STRAIGHT,,999.00,0.70,1.4,0.2,4214
27.75,-15.359,-1.992,-155.5,0.75,CLEAR(조향OFF)|STRAIGHT,,999.00,0.70,1.4,0.2,4230
27.80,-15.418,-2.044,-155.5,0.68,CLEAR(조향OFF)|STRAIGHT,,999.00,0.70,1.6,0.1,4198
27.85,-15.418,-2.044,-155.6,0.68,CLEAR(조향OFF)|STRAIGHT,,999.00,0.70,1.6,0.2,4198
27.90,-15.476,-2.097,-155.6,0.83,CLEAR(조향OFF)|STRAIGHT,,999.00,0.70,1.7,0.1,4183
27.95,-15.476,-2.097,-155.7,0.83,CLEAR(조향OFF)|STRAIGHT,,999.00,0.70,1.7,0.1,4198
28.00,-15.537,-2.150,-155.6,0.77,CLEAR(조향OFF)|STRAIGHT,,999.00,0.70,1.7,0.2,4198
28.05,-15.537,-2.150,-155.6,0.77,CLEAR(조향OFF)|STRAIGHT,,999.00,0.70,1.7,0.1,4214
28.10,-15.599,-2.204,-155.6,0.72,CLEAR(조향OFF)|STRAIGHT,,999.00,0.70,1.8,0.1,4198
28.15,-15.599,-2.204,-155.7,0.72,CLEAR(조향OFF)|STRAIGHT,,999.00,0.70,1.8,0.1,4198
28.20,-15.655,-2.261,-155.7,0.83,CLEAR(조향OFF)|STRAIGHT,,999.00,0.70,1.8,0.2,4198
28.25,-15.655,-2.261,-155.6,0.83,CLEAR(조향OFF)|STRAIGHT,,999.00,0.70,1.8,0.1,4183
28.30,-15.718,-2.317,-155.7,0.89,CLEAR(조향OFF)|STRAIGHT,,999.00,0.70,1.7,0.1,4214
28.35,-15.718,-2.317,-155.7,0.89,CLEAR(조향OFF)|STRAIGHT,,999.00,0.70,1.7,0.1,4214
28.40,-15.781,-2.372,-155.7,0.73,CLEAR(조향OFF)|STRAIGHT,,999.00,0.70,1.9,0.2,4183
28.45,-15.781,-2.372,-155.8,0.73,CLEAR(조향OFF)|STRAIGHT,,999.00,0.70,1.9,0.1,4198
28.50,-15.846,-2.429,-155.8,0.83,CLEAR(조향OFF)|STRAIGHT,,999.00,0.70,1.9,0.2,4198
28.55,-15.846,-2.429,-155.8,0.83,CLEAR(조향OFF)|STRAIGHT,,999.00,0.70,1.9,0.1,4214
28.60,-15.908,-2.487,-155.8,0.80,CLEAR(조향OFF)|STRAIGHT,,999.00,0.70,2.0,0.2,4214
28.65,-15.908,-2.487,-155.9,0.80,CLEAR(조향OFF)|STRAIGHT,,999.00,0.70,2.0,0.1,4198
28.70,-15.975,-2.541,-155.9,0.83,CLEAR(조향OFF)|STRAIGHT,,999.00,0.70,2.1,0.2,4214
28.75,-15.975,-2.541,-155.8,0.83,CLEAR(조향OFF)|STRAIGHT,,999.00,0.70,2.1,0.1,4198
28.80,-15.975,-2.541,-155.9,0.83,CLEAR(조향OFF)|STRAIGHT,,999.00,0.70,2.0,0.2,4214
28.85,-16.038,-2.596,-155.9,0.67,CLEAR(조향OFF)|STRAIGHT,,999.00,0.70,2.0,0.2,4214
28.90,-16.038,-2.596,-155.9,0.67,CLEAR(조향OFF)|STRAIGHT,,999.00,0.70,2.1,0.2,4198
28.95,-16.038,-2.596,-155.9,0.67,CLEAR(조향OFF)|STRAIGHT,,999.00,0.70,2.1,0.2,4198
29.00,-16.164,-2.711,-156.0,0.90,CLEAR(조향OFF)|STRAIGHT,,999.00,0.70,2.2,0.1,4214
29.05,-16.164,-2.711,-156.0,0.90,CLEAR(조향OFF)|STRAIGHT,,999.00,0.70,2.2,0.1,4198
29.10,-16.230,-2.765,-156.0,0.83,CLEAR(조향OFF)|STRAIGHT,,999.00,0.70,2.3,0.1,4214
29.15,-16.230,-2.765,-156.1,0.83,CLEAR(조향OFF)|STRAIGHT,,999.00,0.70,2.3,0.1,4214
29.20,-16.294,-2.822,-156.0,0.90,CLEAR(조향OFF)|STRAIGHT,,999.00,0.70,2.3,0.1,4214
29.25,-16.294,-2.822,-156.1,0.90,CLEAR(조향OFF)|STRAIGHT,,999.00,0.70,2.3,0.1,4214
29.30,-16.358,-2.882,-156.1,0.69,CLEAR(조향OFF)|STRAIGHT,,999.00,0.70,2.3,0.1,4214
29.35,-16.358,-2.882,-156.2,0.69,CLEAR(조향OFF)|STRAIGHT,,999.00,0.70,2.3,0.1,4198
29.40,-16.427,-2.941,-156.2,0.97,CLEAR(조향OFF)|STRAIGHT,,999.00,0.70,2.6,0.1,4214
29.45,-16.427,-2.941,-156.2,0.97,CLEAR(조향OFF)|STRAIGHT,,999.00,0.70,2.6,0.1,4183
29.50,-16.495,-3.000,-156.3,0.86,CLEAR(조향OFF)|STRAIGHT,,999.00,0.70,2.6,0.1,4198
29.55,-16.495,-3.000,-156.4,0.86,CLEAR(조향OFF)|STRAIGHT,,999.00,0.70,2.6,0.2,4214
29.60,-16.561,-3.057,-156.4,0.83,CLEAR(조향OFF)|STRAIGHT,,999.00,0.70,2.8,0.1,4198
29.65,-16.561,-3.057,-156.5,0.83,CLEAR(조향OFF)|STRAIGHT,,999.00,0.70,2.8,0.2,4198
29.70,-16.631,-3.120,-156.5,0.89,CLEAR(조향OFF)|STRAIGHT,,999.00,0.70,3.0,0.1,4230
29.75,-16.631,-3.120,-156.7,0.89,CLEAR(조향OFF)|STRAIGHT,,999.00,0.70,3.0,0.1,4198
29.80,-16.697,-3.175,-156.7,0.75,CLEAR(조향OFF)|STRAIGHT,,999.00,0.70,3.2,0.2,4198
29.85,-16.697,-3.175,-156.8,0.75,CLEAR(조향OFF)|STRAIGHT,,999.00,0.70,3.2,0.2,4214
29.90,-16.764,-3.235,-156.8,0.95,CLEAR(조향OFF)|STRAIGHT,,999.00,0.70,3.4,0.1,4198
29.95,-16.764,-3.235,-156.9,0.95,CLEAR(조향OFF)|STRAIGHT,,999.00,0.70,3.4,0.1,4198
30.00,-16.830,-3.299,-157.0,0.79,CLEAR(조향OFF)|STRAIGHT,,999.00,0.70,3.6,0.1,4214
30.05,-16.830,-3.299,-157.0,0.79,CLEAR(조향OFF)|STRAIGHT,,999.00,0.70,3.6,0.0,4198
30.10,-16.903,-3.358,-157.0,1.13,CLEAR(조향OFF)|STRAIGHT,,999.00,0.70,3.7,0.1,4198
30.15,-16.903,-3.358,-157.1,1.13,CLEAR(조향OFF)|STRAIGHT,,999.00,0.70,3.7,0.1,4214
30.20,-16.971,-3.415,-157.1,0.70,CLEAR(조향OFF)|STRAIGHT,,999.00,0.70,3.9,0.2,4214
30.25,-16.971,-3.415,-157.2,0.70,CLEAR(조향OFF)|STRAIGHT,,999.00,0.70,3.9,0.1,4198
30.30,-17.043,-3.477,-157.2,0.90,CLEAR(조향OFF)|STRAIGHT,,999.00,0.70,4.0,0.1,4198
30.35,-17.043,-3.477,-157.2,0.90,CLEAR(조향OFF)|STRAIGHT,,999.00,0.70,4.0,0.1,4198
30.40,-17.118,-3.536,-157.3,1.02,CLEAR(조향OFF)|STRAIGHT,,999.00,0.70,4.1,0.1,4198
30.45,-17.118,-3.536,-157.4,1.02,CLEAR(조향OFF)|STRAIGHT,,999.00,0.70,4.1,0.1,4214
30.50,-17.191,-3.600,-157.4,0.92,CLEAR(조향OFF)|STRAIGHT,,999.00,0.70,4.3,0.1,4214
30.55,-17.191,-3.600,-157.5,0.92,CLEAR(조향OFF)|STRAIGHT,,999.00,0.70,4.3,0.1,4198
30.60,-17.260,-3.661,-157.5,0.87,CLEAR(조향OFF)|STRAIGHT,,999.00,0.70,4.4,0.2,4198
30.65,-17.260,-3.661,-157.5,0.87,CLEAR(조향OFF)|STRAIGHT,,999.00,0.70,4.4,0.1,4230
30.70,-17.336,-3.725,-157.5,0.95,CLEAR(조향OFF)|STRAIGHT,,999.00,0.70,4.5,0.1,4198
30.75,-17.336,-3.725,-157.6,0.95,CLEAR(조향OFF)|STRAIGHT,,999.00,0.70,4.5,0.2,4198
30.80,-17.407,-3.785,-157.6,0.81,CLEAR(조향OFF)|STRAIGHT,,999.00,0.70,4.7,0.2,4230
30.85,-17.407,-3.785,-157.7,0.81,CLEAR(조향OFF)|STRAIGHT,,999.00,0.70,4.7,0.2,4214
30.90,-17.487,-3.847,-157.7,1.08,CLEAR(조향OFF)|STRAIGHT,,999.00,0.70,4.8,0.2,4198
30.95,-17.487,-3.847,-157.7,1.08,CLEAR(조향OFF)|STRAIGHT,,999.00,0.70,4.8,0.2,4214
31.00,-17.558,-3.908,-157.8,0.89,CLEAR(조향OFF)|STRAIGHT,,999.00,0.70,4.9,0.1,4198
31.05,-17.558,-3.908,-157.8,0.89,CLEAR(조향OFF)|STRAIGHT,,999.00,0.70,4.9,0.1,4198
31.10,-17.631,-3.966,-157.8,0.90,CLEAR(조향OFF)|STRAIGHT,,999.00,0.70,5.0,0.1,4230
31.15,-17.631,-3.966,-157.9,0.90,CLEAR(조향OFF)|STRAIGHT,,999.00,0.70,5.0,0.2,4198
31.20,-17.711,-4.033,-157.9,0.99,CLEAR(조향OFF)|STRAIGHT,,999.00,0.70,5.0,0.1,4198
31.25,-17.711,-4.033,-157.9,0.99,CLEAR(조향OFF)|STRAIGHT,,999.00,0.70,5.0,0.2,4198
31.30,-17.791,-4.093,-157.9,0.96,CLEAR(조향OFF)|STRAIGHT,,999.00,0.70,5.0,0.1,4214
31.35,-17.791,-4.093,-158.0,0.96,CLEAR(조향OFF)|STRAIGHT,,999.00,0.70,5.0,0.2,4183
31.40,-17.869,-4.160,-158.0,0.97,CLEAR(조향OFF)|STRAIGHT,,999.00,0.70,5.0,0.1,4230
31.45,-17.869,-4.160,-158.1,0.97,CLEAR(조향OFF)|STRAIGHT,,999.00,0.70,5.0,0.1,4214
31.50,-17.947,-4.225,-158.1,0.96,CLEAR(조향OFF)|STRAIGHT,,999.00,0.70,5.0,0.1,4198
31.55,-17.947,-4.225,-158.2,0.96,CLEAR(조향OFF)|STRAIGHT,,999.00,0.70,5.0,0.6,4152
31.60,-18.025,-4.292,-158.2,0.98,CLEAR(조향OFF)|STRAIGHT,,999.00,0.70,5.0,2.3,3920
31.65,-18.025,-4.292,-157.9,0.98,CLEAR(조향OFF)|STRAIGHT,,999.00,0.70,5.0,3.2,3788
31.70,-18.105,-4.350,-157.7,0.96,CLEAR(조향OFF)|STRAIGHT,,999.00,0.70,5.0,3.5,3713
31.75,-18.105,-4.350,-157.5,0.96,CLEAR(조향OFF)|STRAIGHT,,999.00,0.70,5.0,3.5,3701
31.80,-18.186,-4.419,-157.4,0.92,CLEAR(조향OFF)|STRAIGHT,,999.00,0.70,4.6,3.6,3665
31.85,-18.186,-4.419,-157.1,0.92,CLEAR(조향OFF)|STRAIGHT,,999.00,0.70,4.6,3.6,3665
31.90,-18.262,-4.485,-156.9,0.96,CLEAR(조향OFF)|STRAIGHT,,999.00,0.70,3.9,3.6,3653
31.95,-18.262,-4.485,-156.6,0.96,CLEAR(조향OFF)|STRAIGHT,,999.00,0.70,3.9,3.7,3653
32.00,-18.338,-4.550,-156.5,1.07,CLEAR(조향OFF)|STRAIGHT,,999.00,0.70,3.2,3.6,3677
32.05,-18.338,-4.550,-156.2,1.07,CLEAR(조향OFF)|STRAIGHT,,999.00,0.70,3.2,3.6,3653
32.10,-18.413,-4.625,-156.0,0.98,CLEAR(조향OFF)|STRAIGHT,,999.00,0.70,2.6,3.6,3641
32.15,-18.413,-4.625,-155.8,0.98,CLEAR(조향OFF)|STRAIGHT,,999.00,0.70,2.6,3.7,3665
32.20,-18.486,-4.699,-155.6,0.88,CLEAR(조향OFF)|STRAIGHT,,999.00,0.70,2.0,3.6,3665
32.25,-18.486,-4.699,-155.4,0.88,CLEAR(조향OFF)|STRAIGHT,,999.00,0.70,2.0,3.7,3641
32.30,-18.569,-4.765,-155.4,1.04,CLEAR(조향OFF)|STRAIGHT,,999.00,0.70,1.4,3.7,3653
32.35,-18.569,-4.765,-155.1,1.04,CLEAR(조향OFF)|STRAIGHT,,999.00,0.70,1.4,3.6,3653
32.40,-18.569,-4.765,-154.9,1.04,CLEAR(조향OFF)|STRAIGHT,,999.00,0.70,0.9,3.5,3618
32.45,-18.569,-4.765,-154.7,1.04,CLEAR(조향OFF)|STRAIGHT,,999.00,0.70,0.9,3.5,3653
32.50,-18.717,-4.915,-154.5,0.51,CLEAR(조향OFF)|STRAIGHT,,999.00,0.70,0.3,3.1,3701
32.55,-18.717,-4.915,-154.4,0.51,CLEAR(조향OFF)|STRAIGHT,,999.00,0.70,0.3,3.0,3713
32.60,-18.796,-4.986,-154.3,1.02,CLEAR(조향OFF)|STRAIGHT,,999.00,0.70,-0.1,3.0,3738
32.65,-18.796,-4.986,-154.0,1.02,CLEAR(조향OFF)|STRAIGHT,,999.00,0.70,-0.1,2.7,3751
32.70,-18.871,-5.060,-153.9,1.00,CLEAR(조향OFF)|STRAIGHT,,999.00,0.70,-0.7,2.6,3776
32.75,-18.871,-5.060,-153.7,1.00,CLEAR(조향OFF)|STRAIGHT,,999.00,0.70,-0.7,2.4,3801
32.80,-18.937,-5.139,-153.6,0.95,CLEAR(조향OFF)|STRAIGHT,,999.00,0.70,-1.1,2.4,3814
32.85,-18.937,-5.139,-153.5,0.95,CLEAR(조향OFF)|STRAIGHT,,999.00,0.70,-1.1,1.9,3880
32.90,-19.021,-5.214,-153.4,0.98,AVOID(조향OFF)|RIGHT,,8.00,0.70,-1.4,1.6,3920
32.95,-19.021,-5.214,-153.3,0.98,AVOID(조향OFF)|RIGHT,,8.00,0.70,-1.4,1.4,3948
33.00,-19.097,-5.291,-153.3,1.14,AVOID(조향OFF)|RIGHT,,8.00,0.70,-1.7,1.5,3948
33.05,-19.097,-5.291,-153.2,1.14,AVOID(조향OFF)|RIGHT,,8.00,0.70,-1.7,1.4,3976
33.10,-19.176,-5.367,-153.2,0.95,AVOID(조향OFF)|RIGHT,,8.00,0.70,-1.9,1.4,3976
33.15,-19.176,-5.367,-153.0,0.95,AVOID(조향OFF)|RIGHT,,8.00,0.70,-1.9,1.0,4033
33.20,-19.256,-5.442,-153.0,1.17,AVOID(조향OFF)|RIGHT,,8.00,0.70,-2.1,0.8,4062
33.25,-19.256,-5.442,-153.0,1.17,AVOID(조향OFF)|RIGHT,,8.00,0.70,-2.1,0.7,4092
33.30,-19.331,-5.519,-153.0,0.93,AVOID(조향OFF)|RIGHT,,8.00,0.70,-2.3,0.5,4121
33.35,-19.331,-5.519,-153.0,0.93,AVOID(조향OFF)|RIGHT,,8.00,0.70,-2.3,0.5,4106
33.40,-19.414,-5.594,-153.0,1.19,AVOID(조향OFF)|RIGHT,,8.00,0.70,-2.3,0.5,4106
33.45,-19.414,-5.594,-153.0,1.19,AVOID(조향OFF)|RIGHT,,8.00,0.70,-2.3,0.2,4183
33.50,-19.486,-5.670,-153.0,0.99,AVOID(조향OFF)|RIGHT,,8.00,0.70,-2.3,0.1,4183
33.55,-19.486,-5.670,-153.0,0.99,AVOID(조향OFF)|RIGHT,,8.00,0.70,-2.3,0.1,4198
33.60,-19.561,-5.753,-153.1,1.05,AVOID(조향OFF)|RIGHT,,8.00,0.70,-2.2,0.1,4214
33.65,-19.561,-5.753,-153.1,1.05,AVOID(조향OFF)|RIGHT,,8.00,0.70,-2.2,0.1,4214
33.70,-19.643,-5.828,-153.1,1.19,AVOID(조향OFF)|RIGHT,,8.00,0.70,-2.1,0.1,4198
33.75,-19.643,-5.828,-153.2,1.19,AVOID(조향OFF)|RIGHT,,8.00,0.70,-2.1,0.0,4198
33.80,-19.722,-5.911,-153.2,0.90,AVOID(조향OFF)|RIGHT,,8.00,0.70,-1.9,0.0,4198
33.85,-19.722,-5.911,-153.3,0.90,AVOID(조향OFF)|RIGHT,,8.00,0.70,-1.9,0.2,4214
33.90,-19.797,-5.986,-153.3,1.12,AVOID(조향OFF)|RIGHT,,8.00,0.70,-1.8,0.0,4214
33.95,-19.797,-5.986,-153.4,1.12,AVOID(조향OFF)|RIGHT,,8.00,0.70,-1.8,0.1,4198
34.00,-19.880,-6.070,-153.4,1.02,AVOID(조향OFF)|RIGHT,,8.00,0.70,-1.7,0.0,4198
34.05,-19.880,-6.070,-153.5,1.02,AVOID(조향OFF)|RIGHT,,8.00,0.70,-1.7,0.0,4198
34.10,-19.957,-6.144,-153.5,1.13,AVOID(조향OFF)|RIGHT,,8.00,0.70,-1.5,0.1,4214
34.15,-19.957,-6.144,-153.6,1.13,AVOID(조향OFF)|RIGHT,,8.00,0.70,-1.5,0.0,4198
34.20,-20.041,-6.220,-153.6,1.09,AVOID(조향OFF)|RIGHT,,8.00,0.70,-1.3,0.1,4230
34.25,-20.041,-6.220,-153.6,1.09,AVOID(조향OFF)|RIGHT,,8.00,0.70,-1.3,0.0,4183
34.30,-20.115,-6.300,-153.7,1.02,AVOID(조향OFF)|RIGHT,,8.00,0.70,-1.3,0.1,4198
34.35,-20.115,-6.300,-153.7,1.02,AVOID(조향OFF)|RIGHT,,8.00,0.70,-1.3,-0.2,4230
34.40,-20.196,-6.380,-153.7,1.08,AVOID(조향OFF)|RIGHT,,8.00,0.70,-1.2,-0.2,4246
34.45,-20.196,-6.380,-153.8,1.08,AVOID(조향OFF)|RIGHT,,8.00,0.70,-1.2,-0.3,4262
34.50,-20.196,-6.380,-153.8,1.08,AVOID(조향OFF)|RIGHT,,8.00,0.70,-1.0,-0.3,4262
34.55,-20.196,-6.380,-153.9,1.08,AVOID(조향OFF)|RIGHT,,8.00,0.70,-1.0,-0.3,4230
34.60,-20.355,-6.530,-154.0,61.90,AVOID(조향OFF)|RIGHT,,8.00,0.70,-0.8,-0.3,4262
34.65,-20.355,-6.530,-154.1,61.90,AVOID(조향OFF)|RIGHT,,8.00,0.70,-0.8,-0.3,4246
34.70,-20.439,-6.608,-154.2,0.99,AVOID(조향OFF)|RIGHT,,8.00,0.70,-0.5,-0.2,4262
34.75,-20.439,-6.608,-154.3,0.99,AVOID(조향OFF)|RIGHT,,8.00,0.70,-0.5,-0.3,4262
34.80,-20.439,-6.608,-154.3,0.99,AVOID(조향OFF)|RIGHT,,8.00,0.70,-0.3,-0.2,4246
34.85,-20.521,-6.688,-154.4,0.91,AVOID(조향OFF)|RIGHT,,8.00,0.70,-0.3,-0.3,4262
34.90,-20.521,-6.688,-154.5,0.91,AVOID(조향OFF)|RIGHT,,8.00,0.70,-0.1,-0.2,4246
34.95,-20.521,-6.688,-154.5,0.91,AVOID(조향OFF)|RIGHT,,8.00,0.70,-0.1,-0.4,4262
35.00,-20.683,-6.842,-154.6,1.18,AVOID(조향OFF)|RIGHT,,8.00,0.70,0.1,-0.3,4262
35.05,-20.683,-6.842,-154.7,1.18,AVOID(조향OFF)|RIGHT,,8.00,0.70,0.1,-0.3,4246
35.10,-20.762,-6.917,-154.7,1.04,AVOID(조향OFF)|RIGHT,,8.00,0.70,0.3,-0.3,4262
35.15,-20.762,-6.917,-154.8,1.04,AVOID(조향OFF)|RIGHT,,8.00,0.70,0.3,-0.3,4262
35.20,-20.842,-6.997,-154.8,1.06,AVOID(조향OFF)|RIGHT,,8.00,0.70,0.4,-0.3,4262
35.25,-20.842,-6.997,-154.9,1.06,AVOID(조향OFF)|RIGHT,,8.00,0.70,0.4,-0.3,4246
35.30,-20.926,-7.067,-154.9,1.00,AVOID(조향OFF)|RIGHT,,8.00,0.70,0.6,-0.2,4246
35.35,-20.926,-7.067,-155.0,1.00,AVOID(조향OFF)|RIGHT,,8.00,0.70,0.6,-0.3,4246
35.40,-21.008,-7.143,-155.1,1.19,AVOID(조향OFF)|RIGHT,,8.00,0.70,0.8,-0.3,4262
35.45,-21.008,-7.143,-155.2,1.19,AVOID(조향OFF)|RIGHT,,8.00,0.70,0.8,-0.3,4246
35.50,-21.090,-7.217,-155.2,1.16,AVOID(조향OFF)|RIGHT,,8.00,0.70,1.1,-0.3,4262
35.55,-21.090,-7.217,-155.3,1.16,AVOID(조향OFF)|RIGHT,,8.00,0.70,1.1,-0.3,4246
35.60,-21.175,-7.296,-136.6,0.97,AVOID(조향OFF)|RIGHT,,8.00,0.70,1.2,-0.2,4262
35.65,-21.175,-7.296,-136.8,0.97,AVOID(조향OFF)|RIGHT,,8.00,0.70,1.2,-0.3,4278
35.70,-21.260,-7.371,-136.8,1.14,AVOID(조향OFF)|RIGHT,,8.00,0.00,0.0,-0.3,4246
35.75,-21.260,-7.371,-136.8,1.14,AVOID(조향OFF)|RIGHT,,8.00,0.00,0.0,-0.1,4246
35.80,-21.342,-7.443,-136.9,0.99,AVOID(조향OFF)|RIGHT,,8.00,0.00,0.0,0.1,4230
35.85,-21.342,-7.443,-136.9,0.99,AVOID(조향OFF)|RIGHT,,8.00,0.00,0.0,0.0,4230
35.90,-21.425,-7.519,-136.9,1.25,AVOID(조향OFF)|RIGHT,,8.00,0.00,0.0,0.1,4230
35.95,-21.425,-7.519,-137.0,1.25,AVOID(조향OFF)|RIGHT,,8.00,0.00,0.0,0.1,4230
36.00,-21.509,-7.592,-137.0,1.11,AVOID(조향OFF)|RIGHT,,8.00,0.00,0.0,0.0,4214
36.05,-21.509,-7.592,-137.1,1.11,AVOID(조향OFF)|RIGHT,,8.00,0.00,0.0,0.1,4198
36.10,-21.578,-7.659,-137.1,0.87,AVOID(조향OFF)|RIGHT,,8.00,0.00,0.0,0.0,4214
36.15,-21.578,-7.659,-137.1,0.87,AVOID(조향OFF)|RIGHT,,8.00,0.00,0.0,0.1,4198
36.20,-21.646,-7.722,-137.2,1.03,AVOID(조향OFF)|RIGHT,,8.00,0.00,0.0,0.1,4198
36.25,-21.646,-7.722,-137.3,1.03,AVOID(조향OFF)|RIGHT,,8.00,0.00,0.0,0.1,4198
36.30,-21.720,-7.782,-137.2,0.95,AVOID(조향OFF)|RIGHT,,8.00,0.00,0.0,0.0,4214
36.35,-21.720,-7.782,-137.3,0.95,AVOID(조향OFF)|RIGHT,,8.00,0.00,0.0,0.0,4214
36.40,-21.778,-7.837,-137.3,0.89,AVOID(조향OFF)|RIGHT,,8.00,0.00,0.0,0.0,4198
36.45,-21.778,-7.837,-137.3,0.89,AVOID(조향OFF)|RIGHT,,8.00,0.00,0.0,0.0,4214
36.50,-21.843,-7.887,-137.4,0.74,AVOID(조향OFF)|RIGHT,,8.00,0.00,0.0,0.1,4230
36.55,-21.843,-7.887,-137.4,0.74,AVOID(조향OFF)|RIGHT,,8.00,0.00,0.0,0.1,4214
36.60,-21.901,-7.935,-137.4,0.76,AVOID(조향OFF)|RIGHT,,8.00,0.00,0.0,0.0,4198
36.65,-21.901,-7.935,-137.4,0.76,AVOID(조향OFF)|RIGHT,,8.00,0.00,0.0,0.0,4214
36.70,-21.947,-7.983,-137.4,0.66,AVOID(조향OFF)|RIGHT,,8.00,0.00,0.0,0.1,4198
36.75,-21.947,-7.983,-137.5,0.66,AVOID(조향OFF)|RIGHT,,8.00,0.00,0.0,0.1,4214
36.80,-22.000,-8.025,-137.4,0.61,AVOID(조향OFF)|RIGHT,,8.00,0.00,0.0,0.0,4214
36.85,-22.000,-8.025,-137.5,0.61,AVOID(조향OFF)|RIGHT,,8.00,0.00,0.0,0.1,4230
36.90,-22.048,-8.064,-137.5,0.69,AVOID(조향OFF)|RIGHT,,8.00,0.00,0.0,0.1,4214
36.95,-22.048,-8.064,-137.5,0.69,AVOID(조향OFF)|RIGHT,,8.00,0.00,0.0,0.0,4198
37.00,-22.090,-8.105,-137.5,0.58,AVOID(조향OFF)|RIGHT,,8.00,0.00,0.0,0.0,4198
37.05,-22.090,-8.105,-137.5,0.58,AVOID(조향OFF)|RIGHT,,8.00,0.00,0.0,0.1,4214
37.10,-22.127,-8.135,-137.5,0.48,AVOID(조향OFF)|RIGHT,,8.00,0.70,-14.3,0.1,4198
37.15,-22.127,-8.135,-137.6,0.48,AVOID(조향OFF)|RIGHT,,8.00,0.70,-15.8,0.1,4214
37.20,-22.163,-8.165,-137.6,0.47,AVOID(조향OFF)|RIGHT,,8.00,0.70,-15.8,-0.9,4278
37.25,-22.163,-8.165,-137.6,0.47,AVOID(조향OFF)|RIGHT,,8.00,0.70,-16.6,-2.8,4465
37.30,-22.194,-8.192,-137.6,0.46,AVOID(조향OFF)|RIGHT,,8.00,0.70,-16.6,-4.4,4611
37.35,-22.194,-8.192,-137.8,0.46,AVOID(조향OFF)|RIGHT,,8.00,0.70,-17.2,-5.8,4748
37.40,-22.221,-8.218,-137.9,0.34,AVOID(조향OFF)|RIGHT,,8.00,0.70,-17.2,-7.3,4850
37.45,-22.221,-8.218,-138.0,0.34,AVOID(조향OFF)|RIGHT,,8.00,0.70,-18.0,-8.7,4957
37.50,-22.247,-8.241,-138.2,0.34,AVOID(조향OFF)|RIGHT,,8.00,0.70,-18.0,-9.9,4979
37.55,-22.247,-8.241,-138.6,0.34,AVOID(조향OFF)|RIGHT,,8.00,0.70,-18.0,-11.0,5046
37.60,-22.279,-8.263,-138.7,0.39,AVOID(조향OFF)|RIGHT,,8.00,0.70,-18.0,-12.0,5068
37.65,-22.279,-8.263,-139.1,0.39,AVOID(조향OFF)|RIGHT,,8.00,0.70,-15.8,-12.8,5091
37.70,-22.315,-8.287,-139.4,0.42,AVOID(조향OFF)|RIGHT,,8.00,0.70,-13.5,-13.3,5068
37.75,-22.315,-8.287,-139.9,0.42,AVOID(조향OFF)|RIGHT,,8.00,0.70,-12.3,-13.2,5091
37.80,-22.347,-8.311,-140.2,0.37,AVOID(조향OFF)|RIGHT,,8.00,0.70,-12.2,-13.2,5091
37.85,-22.347,-8.311,-140.7,0.37,AVOID(조향OFF)|RIGHT,,8.00,0.70,-12.6,-13.2,5091
37.90,-22.387,-8.335,-141.0,0.46,AVOID(조향OFF)|RIGHT,,8.00,0.70,-12.4,-13.3,5091
37.95,-22.387,-8.335,-141.6,0.46,AVOID(조향OFF)|RIGHT,,8.00,0.70,-11.7,-13.3,5091
38.00,-22.427,-8.360,-141.9,0.52,AVOID(조향OFF)|RIGHT,,8.00,0.70,-11.5,-13.3,5091
38.05,-22.427,-8.360,-142.4,0.52,AVOID(조향OFF)|RIGHT,,8.00,0.70,-11.1,-13.2,5091
38.10,-22.471,-8.387,-142.7,0.51,AVOID(조향OFF)|RIGHT,,8.00,0.70,-10.9,-13.3,5115
38.15,-22.471,-8.387,-143.4,0.51,AVOID(조향OFF)|RIGHT,,8.00,0.70,-10.9,-12.7,5115
38.20,-22.517,-8.414,-143.7,0.59,AVOID(조향OFF)|RIGHT,,8.00,0.70,-10.7,-12.4,5091
38.25,-22.517,-8.414,-144.3,0.59,AVOID(조향OFF)|RIGHT,,8.00,0.70,-10.1,-12.3,5068
38.30,-22.562,-8.440,-144.6,0.47,AVOID(조향OFF)|RIGHT,,8.00,0.70,-9.9,-12.3,5091
38.35,-22.562,-8.440,-145.2,0.47,AVOID(조향OFF)|RIGHT,,8.00,0.70,-10.8,-12.3,5091
38.40,-22.619,-8.466,-145.5,0.62,AVOID(조향OFF)|RIGHT,,8.00,0.70,-10.5,-12.3,5091
38.45,-22.619,-8.466,-146.2,0.62,AVOID(조향OFF)|RIGHT,,8.00,0.70,-9.2,-12.3,5068
38.50,-22.669,-8.493,-146.5,0.57,AVOID(조향OFF)|RIGHT,,8.00,0.70,-8.9,-12.2,5091
38.55,-22.669,-8.493,-147.0,0.57,AVOID(조향OFF)|RIGHT,,8.00,0.70,-9.3,-12.2,5091
38.60,-22.723,-8.520,-147.4,0.60,AVOID(조향OFF)|RIGHT,,8.00,0.70,-9.1,-12.4,5091
38.65,-22.723,-8.520,-147.9,0.60,AVOID(조향OFF)|RIGHT,,8.00,0.70,-6.8,-12.1,5091
38.70,-22.774,-8.545,-148.3,0.56,AVOID(조향OFF)|STRAIGHT,,8.00,0.70,-4.8,-11.7,5068
38.75,-22.774,-8.545,-148.8,0.56,AVOID(조향OFF)|STRAIGHT,,8.00,0.70,-4.7,-10.7,5068
38.80,-22.827,-8.571,-149.1,0.54,AVOID(조향OFF)|STRAIGHT,,8.00,0.70,-4.5,-9.4,5023
38.85,-22.827,-8.571,-149.6,0.54,AVOID(조향OFF)|STRAIGHT,,8.00,0.70,-4.4,-8.3,5023
38.90,-22.883,-8.595,-149.8,0.67,AVOID(조향OFF)|STRAIGHT,,8.00,0.70,-4.2,-8.3,5023
38.95,-22.883,-8.595,-150.2,0.67,AVOID(조향OFF)|STRAIGHT,,8.00,0.70,-3.4,-7.0,4935
39.00,-22.940,-8.619,-150.4,0.62,AVOID(조향OFF)|STRAIGHT,,8.00,0.70,-3.3,-7.0,4935
39.05,-22.940,-8.619,-150.8,0.62,AVOID(조향OFF)|STRAIGHT,,8.00,0.70,-3.2,-6.8,4913
39.10,-22.995,-8.649,-151.0,0.70,CLEAR(조향OFF)|STRAIGHT,,999.00,0.70,-3.1,-6.4,4913
39.15,-22.995,-8.649,-151.4,0.70,CLEAR(조향OFF)|STRAIGHT,,999.00,0.70,-2.6,-5.9,4871
39.20,-23.052,-8.676,-151.6,0.52,CLEAR(조향OFF)|STRAIGHT,,999.00,0.70,-2.5,-5.7,4850
39.25,-23.052,-8.676,-151.9,0.52,CLEAR(조향OFF)|STRAIGHT,,999.00,0.70,-3.1,-5.6,4829
39.30,-23.108,-8.702,-152.1,0.69,CLEAR(조향OFF)|STRAIGHT,,999.00,0.70,-3.0,-5.6,4829
39.35,-23.108,-8.702,-152.5,0.69,CLEAR(조향OFF)|STRAIGHT,,999.00,0.70,-2.0,-5.2,4829
39.40,-23.164,-8.726,-152.6,0.61,CLEAR(조향OFF)|STRAIGHT,,999.00,0.70,-1.9,-5.5,4808
39.45,-23.164,-8.726,-153.0,0.61,CLEAR(조향OFF)|STRAIGHT,,999.00,0.70,0.0,-5.3,4808
39.50,-23.225,-8.751,-153.1,0.66,CLEAR(조향OFF)|STRAIGHT,,999.00,0.70,0.1,-5.2,4808
39.55,-23.225,-8.751,-153.5,0.66,CLEAR(조향OFF)|STRAIGHT,,999.00,0.70,0.5,-4.4,4728
39.60,-23.288,-8.778,-153.6,0.68,CLEAR(조향OFF)|STRAIGHT,,999.00,0.70,0.6,-4.4,4728
39.65,-23.288,-8.778,-153.9,0.68,CLEAR(조향OFF)|STRAIGHT,,999.00,0.70,1.0,-2.3,4574
39.70,-23.347,-8.803,-154.0,0.64,CLEAR(조향OFF)|STRAIGHT,,999.00,0.70,1.1,-1.7,4519
39.75,-23.347,-8.803,-154.1,0.64,CLEAR(조향OFF)|STRAIGHT,,999.00,0.70,1.2,-1.7,4519
39.80,-23.403,-8.828,-154.2,0.55,CLEAR(조향OFF)|STRAIGHT,,999.00,0.70,1.3,-1.4,4465
39.85,-23.403,-8.828,-154.4,0.55,CLEAR(조향OFF)|STRAIGHT,,999.00,0.70,1.4,-1.0,4395
39.90,-23.471,-8.856,-154.4,0.81,CLEAR(조향OFF)|STRAIGHT,,999.00,0.70,1.5,-1.0,4395
39.95,-23.471,-8.856,-154.6,0.81,CLEAR(조향OFF)|STRAIGHT,,999.00,0.70,2.1,-1.0,4395
40.00,-23.523,-8.884,-154.6,0.59,CLEAR(조향OFF)|STRAIGHT,,999.00,0.70,2.2,-0.9,4378
40.05,-23.523,-8.884,-154.8,0.59,CLEAR(조향OFF)|STRAIGHT,,999.00,0.70,2.0,-0.9,4378
40.10,-23.584,-8.915,-154.8,0.68,CLEAR(조향OFF)|STRAIGHT,,999.00,0.70,2.1,-0.7,4361
40.15,-23.584,-8.915,-154.9,0.68,CLEAR(조향OFF)|STRAIGHT,,999.00,0.70,2.4,-0.1,4278
40.20,-23.651,-8.939,-155.0,0.71,CLEAR(조향OFF)|STRAIGHT,,999.00,0.70,2.5,-0.1,4278
40.25,-23.651,-8.939,-155.0,0.71,CLEAR(조향OFF)|STRAIGHT,,999.00,0.70,3.3,-0.2,4278
40.30,-23.709,-8.963,-155.0,0.62,CLEAR(조향OFF)|STRAIGHT,,999.00,0.70,3.3,-0.2,4278
40.35,-23.709,-8.963,-155.1,0.62,CLEAR(조향OFF)|STRAIGHT,,999.00,0.70,3.5,-0.0,4262
40.40,-23.772,-8.992,-155.1,0.69,CLEAR(조향OFF)|STRAIGHT,,999.00,0.70,3.6,0.8,4167
40.45,-23.772,-8.992,-155.1,0.69,CLEAR(조향OFF)|STRAIGHT,,999.00,0.70,3.8,1.9,3990
40.50,-23.837,-9.022,-155.0,0.71,CLEAR(조향OFF)|STRAIGHT,,999.00,0.70,3.8,1.9,3990
40.55,-23.837,-9.022,-155.0,0.71,CLEAR(조향OFF)|STRAIGHT,,999.00,0.70,4.0,1.8,3990
40.60,-23.897,-9.047,-155.0,0.65,CLEAR(조향OFF)|STRAIGHT,,999.00,0.70,4.0,1.8,3962
40.65,-23.897,-9.047,-155.0,0.65,CLEAR(조향OFF)|STRAIGHT,,999.00,0.70,4.3,1.8,3962
40.70,-23.966,-9.072,-155.0,0.73,CLEAR(조향OFF)|STRAIGHT,,999.00,0.70,4.3,2.2,3920
40.75,-23.966,-9.072,-154.9,0.73,CLEAR(조향OFF)|STRAIGHT,,999.00,0.70,4.6,2.3,3893
40.80,-23.966,-9.072,-154.9,0.73,CLEAR(조향OFF)|STRAIGHT,,999.00,0.70,4.6,2.3,3880
40.85,-24.023,-9.106,-154.8,0.55,CLEAR(조향OFF)|STRAIGHT,,999.00,0.70,4.8,2.3,3880
40.90,-24.088,-9.133,-154.7,1.01,CLEAR(조향OFF)|STRAIGHT,,999.00,0.70,4.8,2.3,3880
40.95,-24.088,-9.133,-154.7,1.01,CLEAR(조향OFF)|STRAIGHT,,999.00,0.70,4.3,2.3,3880
41.00,-24.150,-9.163,-154.6,0.62,CLEAR(조향OFF)|STRAIGHT,,999.00,0.70,4.3,2.3,3867
41.05,-24.150,-9.163,-154.5,0.62,CLEAR(조향OFF)|STRAIGHT,,999.00,0.70,4.9,2.6,3814
41.10,-24.217,-9.191,-154.5,0.73,CLEAR(조향OFF)|STRAIGHT,,999.00,0.70,4.8,2.6,3814
41.15,-24.217,-9.191,-154.4,0.73,CLEAR(조향OFF)|STRAIGHT,,999.00,0.70,5.0,2.7,3801
41.20,-24.284,-9.220,-154.3,0.73,CLEAR(조향OFF)|STRAIGHT,,999.00,0.70,5.0,2.6,3814
41.25,-24.284,-9.220,-154.2,0.73,CLEAR(조향OFF)|STRAIGHT,,999.00,0.70,5.3,2.7,3801
41.30,-24.345,-9.250,-154.2,0.68,CLEAR(조향OFF)|STRAIGHT,,999.00,0.70,5.2,2.6,3801
41.35,-24.345,-9.250,-154.0,0.68,CLEAR(조향OFF)|STRAIGHT,,999.00,0.70,5.6,2.6,3814
41.40,-24.409,-9.289,-153.9,0.74,CLEAR(조향OFF)|STRAIGHT,,999.00,0.70,5.5,2.7,3788
41.45,-24.409,-9.289,-153.8,0.74,CLEAR(조향OFF)|STRAIGHT,,999.00,0.70,5.6,2.7,3788
41.50,-24.478,-9.312,-153.7,0.72,CLEAR(조향OFF)|STRAIGHT,,999.00,0.70,5.5,2.9,3776
41.55,-24.478,-9.312,-153.6,0.72,CLEAR(조향OFF)|STRAIGHT,,999.00,0.70,6.0,3.2,3726
41.60,-24.478,-9.312,-153.5,0.72,CLEAR(조향OFF)|STRAIGHT,,999.00,0.70,5.9,3.4,3689
41.65,-24.547,-9.344,-153.4,0.55,CLEAR(조향OFF)|STRAIGHT,,999.00,0.70,5.5,3.5,3701
41.70,-24.547,-9.344,-153.3,0.55,CLEAR(조향OFF)|STRAIGHT,,999.00,0.70,5.4,3.7,3665
41.75,-24.547,-9.344,-153.1,0.55,CLEAR(조향OFF)|STRAIGHT,,999.00,0.70,5.3,3.8,3630
41.80,-24.680,-9.406,-153.0,0.91,CLEAR(조향OFF)|STRAIGHT,,999.00,0.70,5.2,3.7,3641
41.85,-24.680,-9.406,-152.8,0.91,CLEAR(조향OFF)|STRAIGHT,,999.00,0.70,5.3,3.7,3641
41.90,-24.745,-9.446,-152.7,0.76,CLEAR(조향OFF)|STRAIGHT,,999.00,0.70,5.2,3.7,3630
41.95,-24.745,-9.446,-152.5,0.76,CLEAR(조향OFF)|STRAIGHT,,999.00,0.70,5.6,3.8,3630
42.00,-24.814,-9.478,-152.4,0.76,CLEAR(조향OFF)|STRAIGHT,,999.00,0.70,5.5,3.7,3630
42.05,-24.814,-9.478,-152.2,0.76,CLEAR(조향OFF)|STRAIGHT,,999.00,0.70,5.9,3.7,3630
42.10,-24.875,-9.513,-152.1,0.64,CLEAR(조향OFF)|STRAIGHT,,999.00,0.70,5.8,3.7,3630
42.15,-24.875,-9.513,-151.9,0.64,CLEAR(조향OFF)|STRAIGHT,,999.00,0.70,6.3,3.7,3618
42.20,-24.944,-9.552,-151.8,0.88,CLEAR(조향OFF)|STRAIGHT,,999.00,0.70,6.2,3.9,3618
42.25,-24.944,-9.552,-151.7,0.88,CLEAR(조향OFF)|STRAIGHT,,999.00,0.70,5.9,3.5,3618
42.30,-25.018,-9.585,-151.6,0.81,CLEAR(조향OFF)|STRAIGHT,,999.00,0.70,5.9,3.7,3618
42.35,-25.018,-9.585,-151.4,0.81,CLEAR(조향OFF)|STRAIGHT,,999.00,0.70,5.1,3.7,3618
42.40,-25.078,-9.621,-151.3,0.70,CLEAR(조향OFF)|STRAIGHT,,999.00,0.70,5.0,3.7,3618
42.45,-25.078,-9.621,-151.2,0.70,CLEAR(조향OFF)|STRAIGHT,,999.00,0.70,5.4,3.7,3618
42.50,-25.146,-9.658,-151.1,0.78,CLEAR(조향OFF)|STRAIGHT,,999.00,0.70,5.3,3.8,3618
42.55,-25.146,-9.658,-150.8,0.78,CLEAR(조향OFF)|STRAIGHT,,999.00,0.70,5.3,3.7,3606
42.60,-25.221,-9.694,-150.7,0.83,CLEAR(조향OFF)|STRAIGHT,,999.00,0.70,5.3,3.8,3630
42.65,-25.221,-9.694,-150.5,0.83,CLEAR(조향OFF)|STRAIGHT,,999.00,0.70,5.4,3.7,3630
42.70,-25.284,-9.733,-150.4,0.82,CLEAR(조향OFF)|STRAIGHT,,999.00,0.70,5.4,3.8,3606
42.75,-25.284,-9.733,-150.2,0.82,CLEAR(조향OFF)|STRAIGHT,,999.00,0.70,5.6,3.7,3618
42.80,-25.353,-9.774,-150.1,0.67,CLEAR(조향OFF)|STRAIGHT,,999.00,0.70,5.5,3.7,3630
42.85,-25.353,-9.774,-149.9,0.67,CLEAR(조향OFF)|STRAIGHT,,999.00,0.70,6.3,3.7,3618
42.90,-25.419,-9.815,-149.8,0.87,CLEAR(조향OFF)|STRAIGHT,,999.00,0.70,6.2,3.7,3630
42.95,-25.419,-9.815,-149.7,0.87,CLEAR(조향OFF)|STRAIGHT,,999.00,0.70,5.8,3.7,3630
43.00,-25.490,-9.854,-149.5,0.74,CLEAR(조향OFF)|STRAIGHT,,999.00,0.70,5.8,3.7,3606
43.05,-25.490,-9.854,-149.3,0.74,CLEAR(조향OFF)|STRAIGHT,,999.00,0.70,4.8,3.7,3606
43.10,-25.561,-9.894,-149.2,0.90,CLEAR(조향OFF)|STRAIGHT,,999.00,0.70,4.7,3.7,3630
43.15,-25.561,-9.894,-149.1,0.90,CLEAR(조향OFF)|STRAIGHT,,999.00,0.70,4.6,3.8,3618
43.20,-25.627,-9.934,-148.9,0.77,CLEAR(조향OFF)|STRAIGHT,,999.00,0.70,4.6,3.7,3618
43.25,-25.627,-9.934,-148.7,0.77,CLEAR(조향OFF)|STRAIGHT,,999.00,0.70,5.0,3.7,3618
43.30,-25.691,-9.982,-148.7,0.80,CLEAR(조향OFF)|STRAIGHT,,999.00,0.70,4.9,3.8,3595
43.35,-25.691,-9.982,-148.4,0.80,CLEAR(조향OFF)|STRAIGHT,,999.00,0.70,5.0,3.7,3606
43.40,-25.764,-10.021,-148.3,0.82,CLEAR(조향OFF)|STRAIGHT,,999.00,0.70,4.9,3.7,3606
43.45,-25.764,-10.021,-148.1,0.82,CLEAR(조향OFF)|STRAIGHT,,999.00,0.70,5.1,3.7,3606
43.50,-25.837,-10.062,-148.0,0.85,CLEAR(조향OFF)|STRAIGHT,,999.00,0.70,5.1,3.7,3606
43.55,-25.837,-10.062,-147.8,0.85,CLEAR(조향OFF)|STRAIGHT,,999.00,0.70,5.3,3.8,3630
43.60,-25.903,-10.107,-147.6,0.88,CLEAR(조향OFF)|STRAIGHT,,999.00,0.70,5.2,3.8,3606
43.65,-25.903,-10.107,-147.4,0.88,CLEAR(조향OFF)|STRAIGHT,,999.00,0.70,3.7,3.8,3595
43.70,-25.974,-10.146,-147.3,0.74,CLEAR(조향OFF)|STRAIGHT,,999.00,0.70,3.7,3.8,3595
43.75,-25.974,-10.146,-147.1,0.74,CLEAR(조향OFF)|STRAIGHT,,999.00,0.70,4.2,3.8,3595
43.80,-26.043,-10.196,-147.0,0.77,CLEAR(조향OFF)|STRAIGHT,,999.00,0.70,4.1,3.8,3606
43.85,-26.043,-10.196,-146.8,0.77,CLEAR(조향OFF)|STRAIGHT,,999.00,0.70,4.2,3.8,3606
43.90,-26.109,-10.239,-146.7,0.88,CLEAR(조향OFF)|STRAIGHT,,999.00,0.70,4.1,3.8,3618
43.95,-26.109,-10.239,-146.5,0.88,CLEAR(조향OFF)|STRAIGHT,,999.00,0.70,4.0,3.8,3606
44.00,-26.181,-10.287,-146.4,0.87,CLEAR(조향OFF)|STRAIGHT,,999.00,0.70,3.9,3.9,3606
44.05,-26.181,-10.287,-146.2,0.87,CLEAR(조향OFF)|STRAIGHT,,999.00,0.70,4.1,3.9,3606
44.10,-26.253,-10.337,-146.1,0.88,CLEAR(조향OFF)|STRAIGHT,,999.00,0.70,4.1,3.8,3618
44.15,-26.253,-10.337,-145.9,0.88,CLEAR(조향OFF)|STRAIGHT,,999.00,0.70,4.2,3.8,3595
44.20,-26.319,-10.379,-145.9,0.78,CLEAR(조향OFF)|STRAIGHT,,999.00,0.70,4.1,3.7,3606
44.25,-26.319,-10.379,-145.6,0.78,CLEAR(조향OFF)|STRAIGHT,,999.00,0.70,3.1,3.8,3595
44.30,-26.384,-10.428,-145.5,0.81,CLEAR(조향OFF)|STRAIGHT,,999.00,0.70,3.1,3.9,3595
44.35,-26.384,-10.428,-145.3,0.81,CLEAR(조향OFF)|STRAIGHT,,999.00,0.70,3.0,3.8,3595
44.40,-26.453,-10.475,-145.2,0.84,CLEAR(조향OFF)|STRAIGHT,,999.00,0.70,3.0,3.8,3606
44.45,-26.453,-10.475,-145.0,0.84,CLEAR(조향OFF)|STRAIGHT,,999.00,0.70,3.0,3.8,3595
44.50,-26.524,-10.526,-144.9,0.98,CLEAR(조향OFF)|STRAIGHT,,999.00,0.70,2.9,3.8,3618
44.55,-26.524,-10.526,-144.6,0.98,CLEAR(조향OFF)|STRAIGHT,,999.00,0.70,2.7,3.8,3606
44.60,-26.588,-10.571,-144.5,0.71,CLEAR(조향OFF)|STRAIGHT,,999.00,0.70,2.6,3.7,3595
44.65,-26.588,-10.571,-144.2,0.71,CLEAR(조향OFF)|STRAIGHT,,999.00,0.70,3.2,3.9,3595
44.70,-26.657,-10.618,-144.1,0.83,CLEAR(조향OFF)|STRAIGHT,,999.00,0.70,3.1,3.8,3606
44.75,-26.657,-10.618,-143.9,0.83,CLEAR(조향OFF)|STRAIGHT,,999.00,0.70,2.9,3.8,3583
44.80,-26.725,-10.666,-143.8,0.77,CLEAR(조향OFF)|STRAIGHT,,999.00,0.70,2.8,3.7,3583
44.85,-26.725,-10.666,-143.6,0.77,CLEAR(조향OFF)|STRAIGHT,,999.00,0.69,1.9,3.7,3595
44.90,-26.793,-10.721,-143.5,0.96,CLEAR(조향OFF)|STRAIGHT,,999.00,0.69,1.8,3.7,3618
44.95,-26.793,-10.721,-143.2,0.96,CLEAR(조향OFF)|STRAIGHT,,999.00,0.69,1.5,3.7,3583
45.00,-26.860,-10.764,-143.1,0.80,CLEAR(조향OFF)|STRAIGHT,,999.00,0.69,1.4,3.8,3595
45.05,-26.860,-10.764,-142.9,0.80,CLEAR(조향OFF)|STRAIGHT,,999.00,0.69,1.7,3.8,3606
45.10,-26.926,-10.816,-142.8,0.84,CLEAR(조향OFF)|STRAIGHT,,999.00,0.69,1.6,3.8,3595
45.15,-26.926,-10.816,-142.6,0.84,CLEAR(조향OFF)|STRAIGHT,,999.00,0.69,1.5,3.1,3665
45.20,-27.002,-10.865,-142.5,0.89,CLEAR(조향OFF)|STRAIGHT,,999.00,0.69,1.4,2.9,3726
45.25,-27.002,-10.865,-142.4,0.89,CLEAR(조향OFF)|STRAIGHT,,999.00,0.69,1.5,2.9,3726
45.30,-27.064,-10.912,-142.3,0.79,CLEAR(조향OFF)|STRAIGHT,,999.00,0.69,1.4,2.9,3726
45.35,-27.064,-10.912,-142.2,0.79,CLEAR(조향OFF)|STRAIGHT,,999.00,0.69,1.6,2.9,3726
45.40,-27.131,-10.967,-142.1,0.96,CLEAR(조향OFF)|STRAIGHT,,999.00,0.69,1.6,2.7,3726
45.45,-27.131,-10.967,-141.9,0.96,CLEAR(조향OFF)|STRAIGHT,,999.00,0.69,0.5,2.8,3738
45.50,-27.197,-11.021,-141.9,0.78,CLEAR(조향OFF)|STRAIGHT,,999.00,0.69,0.5,2.9,3751
45.55,-27.197,-11.021,-141.7,0.78,CLEAR(조향OFF)|STRAIGHT,,999.00,0.69,0.5,2.9,3738
45.60,-27.260,-11.074,-141.6,0.82,CLEAR(조향OFF)|STRAIGHT,,999.00,0.69,0.5,2.8,3738
45.65,-27.260,-11.074,-141.5,0.82,CLEAR(조향OFF)|STRAIGHT,,999.00,0.69,0.3,2.4,3801
45.70,-27.328,-11.126,-141.4,0.86,CLEAR(조향OFF)|STRAIGHT,,999.00,0.69,0.3,2.3,3801
45.75,-27.328,-11.126,-141.3,0.86,CLEAR(조향OFF)|STRAIGHT,,999.00,0.69,0.1,2.3,3827
45.80,-27.389,-11.180,-141.2,0.73,CLEAR(조향OFF)|STRAIGHT,,999.00,0.69,0.1,2.3,3840
45.85,-27.389,-11.180,-141.0,0.73,CLEAR(조향OFF)|STRAIGHT,,999.00,0.69,0.1,2.3,3827
45.90,-27.458,-11.234,-141.0,0.99,CLEAR(조향OFF)|STRAIGHT,,999.00,0.69,0.0,2.2,3827
45.95,-27.458,-11.234,-140.9,0.99,CLEAR(조향OFF)|STRAIGHT,,999.00,0.69,-0.2,2.2,3853
46.00,-27.519,-11.290,-140.9,0.82,CLEAR(조향OFF)|STRAIGHT,,999.00,0.69,-0.3,2.2,3840
46.05,-27.519,-11.290,-140.8,0.82,CLEAR(조향OFF)|STRAIGHT,,999.00,0.69,-0.7,1.9,3880
46.10,-27.590,-11.339,-140.7,0.86,CLEAR(조향OFF)|STRAIGHT,,999.00,0.69,-0.7,1.8,3907
46.15,-27.590,-11.339,-140.7,0.86,CLEAR(조향OFF)|STRAIGHT,,999.00,0.69,-0.7,1.7,3920
46.20,-27.660,-11.390,-140.6,0.86,CLEAR(조향OFF)|STRAIGHT,,999.00,0.69,-0.7,1.7,3907
46.25,-27.660,-11.390,-140.5,0.86,CLEAR(조향OFF)|STRAIGHT,,999.00,0.69,-0.8,1.7,3920
46.30,-27.726,-11.444,-140.5,0.95,CLEAR(조향OFF)|STRAIGHT,,999.00,0.69,-0.8,1.6,3934
46.35,-27.726,-11.444,-140.5,0.95,CLEAR(조향OFF)|STRAIGHT,,999.00,0.69,-0.9,1.5,3948
46.40,-27.795,-11.498,-140.4,0.80,CLEAR(조향OFF)|STRAIGHT,,999.00,0.69,-0.9,1.6,3962
46.45,-27.795,-11.498,-140.3,0.80,CLEAR(조향OFF)|STRAIGHT,,999.00,0.69,-1.0,1.6,3962
46.50,-27.857,-11.555,-140.3,0.85,CLEAR(조향OFF)|STRAIGHT,,999.00,0.69,-1.0,1.0,4018
46.55,-27.857,-11.555,-140.3,0.85,CLEAR(조향OFF)|STRAIGHT,,999.00,0.69,-1.2,0.9,4047
46.60,-27.923,-11.606,-140.3,0.83,CLEAR(조향OFF)|STRAIGHT,,999.00,0.69,-1.2,0.9,4047
46.65,-27.923,-11.606,-140.2,0.83,CLEAR(조향OFF)|STRAIGHT,,999.00,0.69,-1.4,0.9,4047
46.70,-27.994,-11.665,-140.2,0.92,CLEAR(조향OFF)|STRAIGHT,,999.00,0.69,-1.4,0.9,4062
46.75,-27.994,-11.665,-140.2,0.92,CLEAR(조향OFF)|STRAIGHT,,999.00,0.69,-1.5,1.0,4062
46.80,-28.058,-11.717,-140.2,0.75,CLEAR(조향OFF)|STRAIGHT,,999.00,0.69,-1.5,0.6,4092
46.85,-28.058,-11.717,-140.2,0.75,CLEAR(조향OFF)|STRAIGHT,,999.00,0.69,-1.6,0.6,4092
46.90,-28.127,-11.773,-140.2,0.99,CLEAR(조향OFF)|STRAIGHT,,999.00,0.69,-1.6,0.6,4106
46.95,-28.127,-11.773,-140.2,0.99,CLEAR(조향OFF)|STRAIGHT,,999.00,0.69,-1.7,0.6,4121
47.00,-28.202,-11.822,-140.2,0.89,CLEAR(조향OFF)|STRAIGHT,,999.00,0.69,-1.7,0.6,4092
47.05,-28.202,-11.822,-140.2,0.89,CLEAR(조향OFF)|STRAIGHT,,999.00,0.69,-1.6,0.6,4121
47.10,-28.267,-11.882,-140.2,0.88,CLEAR(조향OFF)|STRAIGHT,,999.00,0.69,-1.7,0.6,4106
47.15,-28.267,-11.882,-140.2,0.88,CLEAR(조향OFF)|STRAIGHT,,999.00,0.69,-1.7,0.5,4121
47.20,-28.334,-11.937,-140.2,0.96,CLEAR(조향OFF)|STRAIGHT,,999.00,0.69,-1.7,0.6,4121
47.25,-28.334,-11.937,-140.2,0.96,CLEAR(조향OFF)|STRAIGHT,,999.00,0.69,-1.8,0.6,4121
47.30,-28.402,-11.992,-140.2,0.80,CLEAR(조향OFF)|STRAIGHT,,999.00,0.69,-1.8,0.6,4106
47.35,-28.402,-11.992,-140.2,0.80,CLEAR(조향OFF)|STRAIGHT,,999.00,0.69,-2.0,0.4,4137
47.40,-28.467,-12.047,-140.2,0.85,CLEAR(조향OFF)|STRAIGHT,,999.00,0.69,-1.9,0.3,4137
47.45,-28.467,-12.047,-140.2,0.85,CLEAR(조향OFF)|STRAIGHT,,999.00,0.69,-2.1,0.3,4152
47.50,-28.533,-12.109,-140.3,0.91,CLEAR(조향OFF)|STRAIGHT,,999.00,0.69,-2.1,0.3,4152
47.55,-28.533,-12.109,-140.3,0.91,CLEAR(조향OFF)|STRAIGHT,,999.00,0.69,-2.3,0.3,4167
47.60,-28.605,-12.159,-140.2,0.87,CLEAR(조향OFF)|STRAIGHT,,999.00,0.69,-2.3,0.3,4152
47.65,-28.605,-12.159,-140.2,0.87,CLEAR(조향OFF)|STRAIGHT,,999.00,0.69,-2.4,0.4,4167
47.70,-28.673,-12.213,-140.2,0.86,CLEAR(조향OFF)|STRAIGHT,,999.00,0.69,-2.4,0.0,4214
47.75,-28.673,-12.213,-140.3,0.86,CLEAR(조향OFF)|STRAIGHT,,999.00,0.69,-2.1,-0.1,4214
47.80,-28.745,-12.270,-140.3,0.84,CLEAR(조향OFF)|STRAIGHT,,999.00,0.69,-2.1,-0.1,4230
47.85,-28.745,-12.270,-140.3,0.84,CLEAR(조향OFF)|STRAIGHT,,999.00,0.69,-2.3,-0.1,4230
47.90,-28.810,-12.329,-140.4,0.98,CLEAR(조향OFF)|STRAIGHT,,999.00,0.69,-2.3,-0.1,4230
47.95,-28.810,-12.329,-140.4,0.98,CLEAR(조향OFF)|STRAIGHT,,999.00,0.69,-2.4,-0.4,4246
48.00,-28.884,-12.382,-140.5,0.91,CLEAR(조향OFF)|STRAIGHT,,999.00,0.69,-2.4,-0.4,4262
48.05,-28.884,-12.382,-140.5,0.91,CLEAR(조향OFF)|STRAIGHT,,999.00,0.69,-2.4,-0.4,4278
48.10,-28.947,-12.441,-140.6,0.96,CLEAR(조향OFF)|STRAIGHT,,999.00,0.69,-2.4,-0.4,4262
48.15,-28.947,-12.441,-140.6,0.96,CLEAR(조향OFF)|STRAIGHT,,999.00,0.69,-2.6,-0.5,4262
48.20,-29.015,-12.502,-140.6,0.83,CLEAR(조향OFF)|STRAIGHT,,999.00,0.69,-2.6,-0.5,4278
48.25,-29.015,-12.502,-140.7,0.83,CLEAR(조향OFF)|STRAIGHT,,999.00,0.69,-3.0,-0.4,4262
48.30,-29.090,-12.551,-140.8,0.89,CLEAR(조향OFF)|STRAIGHT,,999.00,0.69,-3.0,-0.5,4262
48.35,-29.090,-12.551,-140.8,0.89,CLEAR(조향OFF)|STRAIGHT,,999.00,0.69,-2.3,-0.4,4262
48.40,-29.156,-12.605,-140.8,0.86,CLEAR(조향OFF)|STRAIGHT,,999.00,0.69,-2.3,-0.4,4262
48.45,-29.156,-12.605,-140.9,0.86,CLEAR(조향OFF)|STRAIGHT,,999.00,0.69,-2.4,-0.4,4278
48.50,-29.227,-12.660,-140.9,0.89,CLEAR(조향OFF)|STRAIGHT,,999.00,0.69,-2.4,-0.4,4278
48.55,-29.227,-12.660,-140.9,0.89,CLEAR(조향OFF)|STRAIGHT,,999.00,0.69,-2.5,-0.4,4262
48.60,-29.294,-12.716,-141.0,0.87,CLEAR(조향OFF)|STRAIGHT,,999.00,0.69,-2.5,-0.4,4262
48.65,-29.294,-12.716,-141.0,0.87,CLEAR(조향OFF)|STRAIGHT,,999.00,0.69,-2.7,-0.5,4262
48.70,-29.367,-12.767,-141.1,0.89,CLEAR(조향OFF)|STRAIGHT,,999.00,0.69,-2.7,-0.4,4262
48.75,-29.367,-12.767,-141.2,0.89,CLEAR(조향OFF)|STRAIGHT,,999.00,0.69,-2.7,-0.4,4295
48.80,-29.441,-12.819,-141.2,0.82,CLEAR(조향OFF)|STRAIGHT,,999.00,0.69,-2.7,-0.4,4262
48.85,-29.441,-12.819,-141.2,0.82,CLEAR(조향OFF)|STRAIGHT,,999.00,0.69,-2.2,-0.4,4278
48.90,-29.510,-12.871,-141.3,0.96,CLEAR(조향OFF)|STRAIGHT,,999.00,0.69,-2.2,-0.4,4278
48.95,-29.510,-12.871,-141.4,0.96,CLEAR(조향OFF)|STRAIGHT,,999.00,0.69,-2.2,-0.5,4262
49.00,-29.579,-12.928,-141.4,0.99,CLEAR(조향OFF)|STRAIGHT,,999.00,0.69,-2.2,-0.5,4295
49.05,-29.579,-12.928,-141.5,0.99,CLEAR(조향OFF)|STRAIGHT,,999.00,0.69,-2.3,-0.4,4278
49.10,-29.647,-12.981,-141.5,0.78,CLEAR(조향OFF)|STRAIGHT,,999.00,0.69,-2.2,-0.5,4278
49.15,-29.647,-12.981,-141.6,0.78,CLEAR(조향OFF)|STRAIGHT,,999.00,0.69,-2.5,-0.4,4278
49.20,-29.723,-13.032,-141.7,0.91,CLEAR(조향OFF)|STRAIGHT,,999.00,0.69,-2.5,-0.4,4262
49.25,-29.723,-13.032,-141.7,0.91,CLEAR(조향OFF)|STRAIGHT,,999.00,0.69,-2.4,-0.4,4262
49.30,-29.791,-13.083,-141.8,0.85,CLEAR(조향OFF)|STRAIGHT,,999.00,0.69,-2.4,-0.5,4278
49.35,-29.791,-13.083,-141.9,0.85,CLEAR(조향OFF)|STRAIGHT,,999.00,0.69,-2.4,-0.4,4278
49.40,-29.864,-13.140,-141.9,0.93,CLEAR(조향OFF)|STRAIGHT,,999.00,0.69,-2.4,-0.4,4278
49.45,-29.864,-13.140,-142.1,0.93,CLEAR(조향OFF)|STRAIGHT,,999.00,0.69,-1.9,-0.3,4262
49.50,-29.940,-13.188,-142.1,0.89,CLEAR(조향OFF)|STRAIGHT,,999.00,0.69,-1.9,-0.4,4262
49.55,-29.940,-13.188,-142.2,0.89,CLEAR(조향OFF)|STRAIGHT,,999.00,0.69,-1.8,-0.4,4262
49.60,-30.010,-13.245,-142.2,0.91,CLEAR(조향OFF)|STRAIGHT,,999.00,0.69,-1.8,-0.4,4278
49.65,-30.010,-13.245,-142.3,0.91,CLEAR(조향OFF)|STRAIGHT,,999.00,0.69,-1.9,-0.4,4262
49.70,-30.087,-13.292,-142.3,0.89,CLEAR(조향OFF)|STRAIGHT,,999.00,0.69,-1.9,-0.4,4278
49.75,-30.087,-13.292,-142.4,0.89,CLEAR(조향OFF)|STRAIGHT,,999.00,0.69,-1.8,-0.4,4278
49.80,-30.152,-13.352,-142.4,0.80,CLEAR(조향OFF)|STRAIGHT,,999.00,0.69,-1.8,-0.5,4262
49.85,-30.152,-13.352,-142.5,0.80,CLEAR(조향OFF)|STRAIGHT,,999.00,0.69,-2.2,-0.4,4262
49.90,-30.226,-13.405,-142.6,1.02,CLEAR(조향OFF)|STRAIGHT,,999.00,0.69,-2.1,-0.4,4278
49.95,-30.226,-13.405,-142.6,1.02,CLEAR(조향OFF)|STRAIGHT,,999.00,0.69,-2.0,-0.4,4262
50.00,-30.301,-13.459,-142.7,0.93,CLEAR(조향OFF)|STRAIGHT,,999.00,0.69,-2.0,-0.4,4278
50.05,-30.301,-13.459,-142.8,0.93,CLEAR(조향OFF)|STRAIGHT,,999.00,0.68,-1.5,-0.4,4246
50.10,-30.376,-13.514,-142.8,0.93,CLEAR(조향OFF)|STRAIGHT,,999.00,0.68,-1.5,-0.4,4278
50.15,-30.376,-13.514,-142.8,0.93,CLEAR(조향OFF)|STRAIGHT,,999.00,0.68,-1.6,-0.5,4278
50.20,-30.457,-13.565,-142.9,0.95,CLEAR(조향OFF)|STRAIGHT,,999.00,0.68,-1.6,-0.4,4295
50.25,-30.457,-13.565,-143.0,0.95,CLEAR(조향OFF)|STRAIGHT,,999.00,0.68,-1.5,-0.4,4262
50.30,-30.530,-13.620,-143.0,0.83,CLEAR(조향OFF)|STRAIGHT,,999.00,0.68,-1.5,-0.4,4295
50.35,-30.530,-13.620,-143.1,0.83,CLEAR(조향OFF)|STRAIGHT,,999.00,0.68,-1.6,-0.5,4278
50.40,-30.605,-13.677,-143.1,1.04,CLEAR(조향OFF)|STRAIGHT,,999.00,0.68,-1.6,-0.5,4295
50.45,-30.605,-13.677,-143.1,1.04,CLEAR(조향OFF)|STRAIGHT,,999.00,0.68,-1.6,-0.4,4262
50.50,-30.675,-13.731,-143.2,0.89,CLEAR(조향OFF)|STRAIGHT,,999.00,0.68,-1.6,-0.4,4295
50.55,-30.675,-13.731,-143.2,0.89,CLEAR(조향OFF)|STRAIGHT,,999.00,0.66,-1.2,-0.4,4295
50.60,-30.758,-13.783,-143.2,0.97,CLEAR(조향OFF)|STRAIGHT,,999.00,0.66,-1.2,-0.4,4278
50.65,-30.758,-13.783,-143.3,0.97,CLEAR(조향OFF)|STRAIGHT,,999.00,0.66,-1.2,-0.5,4278
50.70,-30.835,-13.839,-143.3,0.95,CLEAR(조향OFF)|STRAIGHT,,999.00,0.66,-1.1,-0.5,4278
50.75,-30.835,-13.839,-143.4,0.95,CLEAR(조향OFF)|STRAIGHT,,999.00,0.66,-1.2,-0.4,4262
50.80,-30.913,-13.893,-143.5,0.95,CLEAR(조향OFF)|STRAIGHT,,999.00,0.66,-1.2,-0.4,4295
50.85,-30.913,-13.893,-143.5,0.95,CLEAR(조향OFF)|STRAIGHT,,999.00,0.66,-1.1,-0.4,4262
50.90,-30.992,-13.944,-143.6,0.85,CLEAR(조향OFF)|STRAIGHT,,999.00,0.66,-1.1,-0.5,4278
50.95,-30.992,-13.944,-143.7,0.85,CLEAR(조향OFF)|STRAIGHT,,999.00,0.66,-1.0,-0.5,4262
51.00,-31.070,-14.004,-143.7,1.09,CLEAR(조향OFF)|STRAIGHT,,999.00,0.66,-1.0,-0.5,4278
51.05,-31.070,-14.004,-143.8,1.09,CLEAR(조향OFF)|STRAIGHT,,999.00,0.65,-0.6,-0.4,4262
51.10,-31.156,-14.064,-143.8,1.05,CLEAR(조향OFF)|STRAIGHT,,999.00,0.65,-0.6,-0.4,4262
51.15,-31.156,-14.064,-144.0,1.05,CLEAR(조향OFF)|STRAIGHT,,999.00,0.65,-0.6,-0.4,4278
51.20,-31.237,-14.109,-144.0,0.92,CLEAR(조향OFF)|STRAIGHT,,999.00,0.65,-0.5,-0.4,4278
51.25,-31.237,-14.109,-144.1,0.92,CLEAR(조향OFF)|STRAIGHT,,999.00,0.65,-0.4,-0.4,4262
51.30,-31.309,-14.173,-144.2,0.96,CLEAR(조향OFF)|STRAIGHT,,999.00,0.65,-0.4,-0.4,4262
51.35,-31.309,-14.173,-144.2,0.96,CLEAR(조향OFF)|STRAIGHT,,999.00,0.65,-0.5,-0.4,4278
51.40,-31.400,-14.224,-144.3,1.03,CLEAR(조향OFF)|STRAIGHT,,999.00,0.65,-0.4,-0.5,4278
51.45,-31.400,-14.224,-144.3,1.03,CLEAR(조향OFF)|STRAIGHT,,999.00,0.65,-0.2,-0.4,4262
51.50,-31.476,-14.280,-144.3,0.94,CLEAR(조향OFF)|STRAIGHT,,999.00,0.65,-0.2,-0.4,4278
51.55,-31.476,-14.280,-144.4,0.94,CLEAR(조향OFF)|STRAIGHT,,999.00,0.63,0.0,-0.4,4278
51.60,-31.558,-14.333,-144.5,0.98,CLEAR(조향OFF)|STRAIGHT,,999.00,0.63,0.1,-0.4,4278
51.65,-31.558,-14.333,-144.5,0.98,CLEAR(조향OFF)|STRAIGHT,,999.00,0.63,0.2,-0.5,4278
51.70,-31.645,-14.391,-144.6,1.15,CLEAR(조향OFF)|STRAIGHT,,999.00,0.63,0.2,-0.5,4262
51.75,-31.645,-14.391,-144.6,1.15,CLEAR(조향OFF)|STRAIGHT,,999.00,0.63,0.3,-0.4,4278
51.80,-31.730,-14.445,-144.7,0.84,CLEAR(조향OFF)|STRAIGHT,,999.00,0.63,0.4,-0.4,4278
51.85,-31.730,-14.445,-144.8,0.84,CLEAR(조향OFF)|STRAIGHT,,999.00,0.63,0.6,-0.4,4278
51.90,-31.815,-14.500,-144.8,1.13,CLEAR(조향OFF)|STRAIGHT,,999.00,0.63,0.6,-0.5,4278
51.95,-31.815,-14.500,-144.9,1.13,CLEAR(조향OFF)|STRAIGHT,,999.00,0.63,0.7,-0.4,4278
52.00,-31.901,-14.558,-144.9,1.03,CLEAR(조향OFF)|STRAIGHT,,999.00,0.63,0.7,-0.5,4295
52.05,-31.901,-14.558,-145.0,1.03,CLEAR(조향OFF)|STRAIGHT,,999.00,0.61,1.0,-0.4,4262
52.10,-31.987,-14.616,-145.1,1.04,CLEAR(조향OFF)|STRAIGHT,,999.00,0.61,1.0,-0.4,4262
52.15,-31.987,-14.616,-145.1,1.04,CLEAR(조향OFF)|STRAIGHT,,999.00,0.61,1.2,-0.5,4278
52.20,-32.072,-14.675,-145.2,1.03,CLEAR(조향OFF)|STRAIGHT,,999.00,0.61,1.2,-0.4,4262
52.25,-32.072,-14.675,-145.3,1.03,CLEAR(조향OFF)|STRAIGHT,,999.00,0.61,1.4,-0.4,4262
52.30,-32.163,-14.729,-145.3,1.06,CLEAR(조향OFF)|STRAIGHT,,999.00,0.61,1.4,-0.4,4278
52.35,-32.163,-14.729,-145.3,1.06,CLEAR(조향OFF)|STRAIGHT,,999.00,0.61,1.6,-0.3,4278
52.40,-32.243,-14.790,-145.4,1.01,CLEAR(조향OFF)|STRAIGHT,,999.00,0.61,1.6,0.0,4230
52.45,-32.243,-14.790,-145.4,1.01,CLEAR(조향OFF)|STRAIGHT,,999.00,0.61,1.8,0.2,4183
52.50,-32.334,-14.845,-145.4,1.06,CLEAR(조향OFF)|STRAIGHT,,999.00,0.61,1.8,0.1,4198
52.55,-32.334,-14.845,-145.6,1.06,CLEAR(조향OFF)|STRAIGHT,,999.00,0.56,2.0,0.2,4214
52.60,-32.427,-14.902,-145.6,1.20,CLEAR(조향OFF)|STRAIGHT,,999.00,0.56,2.1,0.1,4198
52.65,-32.427,-14.902,-145.6,1.20,CLEAR(조향OFF)|STRAIGHT,,999.00,0.56,2.3,0.2,4214
52.70,-32.511,-14.959,-145.7,0.93,CLEAR(조향OFF)|STRAIGHT,,999.00,0.56,2.3,0.1,4198
52.75,-32.511,-14.959,-145.7,0.93,CLEAR(조향OFF)|STRAIGHT,,999.00,0.56,2.7,0.1,4198
52.80,-32.603,-15.013,-145.7,0.97,CLEAR(조향OFF)|STRAIGHT,,999.00,0.56,2.7,0.2,4198
52.85,-32.603,-15.013,-145.8,0.97,CLEAR(조향OFF)|STRAIGHT,,999.00,0.56,3.1,0.5,4183
52.90,-32.691,-15.076,-145.8,1.20,CLEAR(조향OFF)|STRAIGHT,,999.00,0.56,3.1,0.6,4137
52.95,-32.691,-15.076,-145.9,1.20,CLEAR(조향OFF)|STRAIGHT,,999.00,0.56,3.2,0.4,4152
53.00,-32.778,-15.134,-145.9,1.05,CLEAR(조향OFF)|STRAIGHT,,999.00,0.56,3.2,0.6,4121
53.05,-32.778,-15.134,-145.9,1.05,CLEAR(조향OFF)|STRAIGHT,,999.00,0.53,3.2,0.6,4137
53.10,-32.877,-15.186,-145.9,1.11,CLEAR(조향OFF)|STRAIGHT,,999.00,0.53,3.2,0.6,4121
53.15,-32.877,-15.186,-145.8,1.11,CLEAR(조향OFF)|STRAIGHT,,999.00,0.53,3.7,0.9,4092
53.20,-32.963,-15.253,-145.8,1.09,CLEAR(조향OFF)|STRAIGHT,,999.00,0.53,3.6,1.3,4047
53.25,-32.963,-15.253,-145.8,1.09,CLEAR(조향OFF)|STRAIGHT,,999.00,0.53,3.9,1.6,4004
53.30,-33.060,-15.308,-145.7,1.11,CLEAR(조향OFF)|STRAIGHT,,999.00,0.53,3.8,1.6,3990
53.35,-33.060,-15.308,-145.7,1.11,CLEAR(조향OFF)|STRAIGHT,,999.00,0.53,4.3,1.6,3990
53.40,-33.155,-15.368,-145.7,1.12,CLEAR(조향OFF)|STRAIGHT,,999.00,0.53,4.3,1.6,3976
53.45,-33.155,-15.368,-145.6,1.12,CLEAR(조향OFF)|STRAIGHT,,999.00,0.48,4.2,1.9,3934
53.50,-33.244,-15.421,-145.6,1.15,CLEAR(조향OFF)|STRAIGHT,,999.00,0.48,4.2,2.1,3893
53.55,-33.244,-15.421,-145.4,1.15,CLEAR(조향OFF)|STRAIGHT,,999.00,0.48,4.5,2.1,3880
53.60,-33.336,-15.489,-145.4,1.04,CLEAR(조향OFF)|STRAIGHT,,999.00,0.48,4.5,2.1,3893
53.65,-33.336,-15.489,-145.3,1.04,CLEAR(조향OFF)|STRAIGHT,,999.00,0.48,4.8,2.2,3880
53.70,-33.429,-15.548,-145.2,1.10,CLEAR(조향OFF)|STRAIGHT,,999.00,0.48,4.8,2.1,3880
53.75,-33.429,-15.548,-145.1,1.10,CLEAR(조향OFF)|STRAIGHT,,999.00,0.48,5.2,2.2,3893
53.80,-33.516,-15.609,-145.0,0.97,CLEAR(조향OFF)|STRAIGHT,,999.00,0.48,5.1,2.8,3788
53.85,-33.516,-15.609,-144.9,0.97,CLEAR(조향OFF)|STRAIGHT,,999.00,0.48,5.8,3.2,3738
53.90,-33.607,-15.674,-144.7,1.25,CLEAR(조향OFF)|STRAIGHT,,999.00,0.48,5.7,3.3,3701
53.95,-33.607,-15.674,-144.4,1.25,CLEAR(조향OFF)|STRAIGHT,,999.00,0.44,4.9,3.5,3689
54.00,-33.702,-15.737,-144.3,1.13,CLEAR(조향OFF)|STRAIGHT,,999.00,0.44,4.9,3.7,3641
54.05,-33.702,-15.737,-144.0,1.13,CLEAR(조향OFF)|STRAIGHT,,999.00,0.44,5.3,3.7,3665
54.10,-33.794,-15.797,-143.8,1.10,CLEAR(조향OFF)|STRAIGHT,,999.00,0.44,5.2,3.7,3641
54.15,-33.794,-15.797,-143.6,1.10,CLEAR(조향OFF)|STRAIGHT,,999.00,0.44,5.6,3.6,3630
54.20,-33.884,-15.864,-143.4,1.13,CLEAR(조향OFF)|STRAIGHT,,999.00,0.44,5.5,3.7,3630
54.25,-33.884,-15.864,-143.1,1.13,CLEAR(조향OFF)|STRAIGHT,,999.00,0.44,5.8,3.7,3618
54.30,-33.974,-15.929,-143.0,1.10,CLEAR(조향OFF)|STRAIGHT,,999.00,0.44,5.7,3.8,3630
54.35,-33.974,-15.929,-142.7,1.10,CLEAR(조향OFF)|STRAIGHT,,999.00,0.44,6.1,3.7,3630
54.40,-34.063,-15.998,-142.6,1.25,CLEAR(조향OFF)|STRAIGHT,,999.00,0.44,6.1,3.7,3606
54.45,-34.063,-15.998,-142.3,1.25,CLEAR(조향OFF)|STRAIGHT,,999.00,0.40,5.5,4.2,3561
54.50,-34.152,-16.066,-142.1,1.02,CLEAR(조향OFF)|STRAIGHT,,999.00,0.40,5.5,4.4,3549
54.55,-34.152,-16.066,-141.7,1.02,CLEAR(조향OFF)|STRAIGHT,,999.00,0.40,5.9,4.4,3527
54.60,-34.239,-16.133,-141.6,1.10,CLEAR(조향OFF)|STRAIGHT,,999.00,0.40,5.8,4.4,3527
54.65,-34.239,-16.133,-141.3,1.10,CLEAR(조향OFF)|STRAIGHT,,999.00,0.40,6.1,4.4,3527
54.70,-34.327,-16.201,-141.1,1.11,CLEAR(조향OFF)|STRAIGHT,,999.00,0.40,6.0,4.4,3516
54.75,-34.327,-16.201,-140.7,1.11,CLEAR(조향OFF)|STRAIGHT,,999.00,0.40,6.3,4.4,3538
54.80,-34.420,-16.271,-140.6,1.06,CLEAR(조향OFF)|STRAIGHT,,999.00,0.40,6.2,4.3,3538
54.85,-34.420,-16.271,-140.2,1.06,CLEAR(조향OFF)|STRAIGHT,,999.00,0.37,6.0,4.4,3527
54.90,-34.497,-16.346,-140.1,1.19,CLEAR(조향OFF)|STRAIGHT,,999.00,0.37,5.9,4.4,3516
54.95,-34.497,-16.346,-139.7,1.19,CLEAR(조향OFF)|STRAIGHT,,999.00,0.37,6.0,4.4,3527
55.00,-34.588,-16.413,-139.5,1.12,CLEAR(조향OFF)|STRAIGHT,,999.00,0.37,5.9,4.4,3516
55.05,-34.588,-16.413,-139.1,1.12,CLEAR(조향OFF)|STRAIGHT,,999.00,0.37,6.4,4.4,3505
55.10,-34.670,-16.487,-138.9,1.10,CLEAR(조향OFF)|STRAIGHT,,999.00,0.37,6.2,4.3,3516
55.15,-34.670,-16.487,-138.6,1.10,CLEAR(조향OFF)|STRAIGHT,,999.00,0.37,6.6,4.4,3516
55.20,-34.753,-16.560,-138.4,1.11,CLEAR(조향OFF)|STRAIGHT,,999.00,0.37,6.5,4.4,3516
55.25,-34.753,-16.560,-138.0,1.11,CLEAR(조향OFF)|STRAIGHT,,999.00,0.37,6.8,4.4,3516
55.30,-34.836,-16.637,-137.8,1.25,CLEAR(조향OFF)|STRAIGHT,,999.00,0.37,6.7,4.5,3516
55.35,-34.836,-16.637,-137.3,1.25,CLEAR(조향OFF)|STRAIGHT,,999.00,0.35,6.4,5.0,3462
55.40,-34.921,-16.702,-137.2,0.98,CLEAR(조향OFF)|STRAIGHT,,999.00,0.35,6.3,4.8,3462
55.45,-34.921,-16.702,-136.7,0.98,CLEAR(조향OFF)|STRAIGHT,,999.00,0.35,6.8,4.8,3451
55.50,-35.010,-16.778,-136.5,1.17,CLEAR(조향OFF)|STRAIGHT,,999.00,0.35,6.6,4.8,3462
55.55,-35.010,-16.778,-136.1,1.17,CLEAR(조향OFF)|STRAIGHT,,999.00,0.35,7.0,4.8,3451
55.60,-35.096,-16.861,-135.9,1.20,CLEAR(조향OFF)|STRAIGHT,,999.00,0.35,6.9,4.8,3462
55.65,-35.096,-16.861,-135.6,1.20,CLEAR(조향OFF)|STRAIGHT,,999.00,0.35,7.3,4.8,3462
55.70,-35.168,-16.936,-135.4,1.04,CLEAR(조향OFF)|STRAIGHT,,999.00,0.35,7.2,4.8,3451
55.75,-35.168,-16.936,-135.1,1.04,CLEAR(조향OFF)|STRAIGHT,,999.00,0.33,7.1,4.8,3451
55.80,-35.247,-17.015,-134.8,1.02,CLEAR(조향OFF)|STRAIGHT,,999.00,0.33,7.0,5.2,3430
55.85,-35.247,-17.015,-134.4,1.02,CLEAR(조향OFF)|STRAIGHT,,999.00,0.33,7.3,5.2,3399
55.90,-35.326,-17.093,-134.2,1.11,CLEAR(조향OFF)|STRAIGHT,,999.00,0.33,7.2,5.1,3430
55.95,-35.326,-17.093,-133.8,1.11,CLEAR(조향OFF)|STRAIGHT,,999.00,0.33,7.6,5.4,3369
56.00,-35.401,-17.180,-133.6,1.27,CLEAR(조향OFF)|STRAIGHT,,999.00,0.33,7.5,5.4,3369
56.05,-35.401,-17.180,-133.1,1.27,CLEAR(조향OFF)|STRAIGHT,,999.00,0.33,7.8,5.4,3379
56.10,-35.475,-17.259,-132.9,1.08,CLEAR(조향OFF)|STRAIGHT,,999.00,0.33,7.6,5.4,3369
56.15,-35.475,-17.259,-132.4,1.08,CLEAR(조향OFF)|STRAIGHT,,999.00,0.33,8.1,5.4,3369
56.20,-35.553,-17.340,-132.1,1.25,CLEAR(조향OFF)|STRAIGHT,,999.00,0.33,7.9,5.5,3349
56.25,-35.553,-17.340,-131.7,1.25,CLEAR(조향OFF)|STRAIGHT,,999.00,0.31,7.9,5.5,3349
56.30,-35.624,-17.419,-131.4,0.89,CLEAR(조향OFF)|STRAIGHT,,999.00,0.31,7.7,5.5,3349
56.35,-35.624,-17.419,-131.0,0.89,CLEAR(조향OFF)|STRAIGHT,,999.00,0.31,8.2,5.5,3349
56.40,-35.704,-17.498,-130.7,1.25,CLEAR(조향OFF)|STRAIGHT,,999.00,0.31,8.0,5.4,3359
56.45,-35.704,-17.498,-130.3,1.25,CLEAR(조향OFF)|STRAIGHT,,999.00,0.31,8.5,5.4,3359
56.50,-35.777,-17.583,-130.1,1.12,CLEAR(조향OFF)|STRAIGHT,,999.00,0.31,8.3,6.0,3300
56.55,-35.777,-17.583,-129.6,1.12,CLEAR(조향OFF)|STRAIGHT,,999.00,0.31,8.8,6.0,3290
56.60,-35.842,-17.673,-129.3,1.11,CLEAR(조향OFF)|STRAIGHT,,999.00,0.31,8.6,6.0,3290
56.65,-35.842,-17.673,-128.8,1.11,CLEAR(조향OFF)|STRAIGHT,,999.00,0.31,8.5,6.0,3271
56.70,-35.916,-17.752,-128.5,1.08,CLEAR(조향OFF)|STRAIGHT,,999.00,0.31,8.4,6.0,3280
56.75,-35.916,-17.752,-128.0,1.08,CLEAR(조향OFF)|STRAIGHT,,999.00,0.31,8.8,6.0,3280
56.80,-35.916,-17.752,-127.7,1.08,CLEAR(조향OFF)|STRAIGHT,,999.00,0.31,8.7,6.0,3271
56.85,-35.984,-17.838,-127.1,0.84,CLEAR(조향OFF)|STRAIGHT,,999.00,0.31,9.3,6.8,3178
56.90,-35.984,-17.838,-126.8,0.84,CLEAR(조향OFF)|STRAIGHT,,999.00,0.31,9.1,6.8,3178
56.95,-35.984,-17.838,-126.2,0.84,CLEAR(조향OFF)|STRAIGHT,,999.00,0.31,8.7,6.8,3178
57.00,-36.118,-18.017,-125.9,1.31,CLEAR(조향OFF)|STRAIGHT,,999.00,0.31,8.5,6.8,3152
57.05,-36.118,-18.017,-125.3,1.31,CLEAR(조향OFF)|STRAIGHT,,999.00,0.31,9.6,6.8,3152
57.10,-36.174,-18.104,-125.0,1.04,CLEAR(조향OFF)|STRAIGHT,,999.00,0.31,9.4,6.8,3169
57.15,-36.174,-18.104,-124.4,1.04,CLEAR(조향OFF)|STRAIGHT,,999.00,0.30,9.3,6.9,3160
57.20,-36.236,-18.200,-124.1,1.14,CLEAR(조향OFF)|STRAIGHT,,999.00,0.30,9.1,6.9,3134
57.25,-36.236,-18.200,-123.4,1.14,CLEAR(조향OFF)|STRAIGHT,,999.00,0.30,9.5,6.8,3160
57.30,-36.296,-18.297,-123.2,1.14,CLEAR(조향OFF)|STRAIGHT,,999.00,0.30,9.3,7.0,3134
57.35,-36.296,-18.297,-122.5,1.14,CLEAR(조향OFF)|STRAIGHT,,999.00,0.30,9.8,7.0,3134
57.40,-36.354,-18.389,-122.3,1.08,CLEAR(조향OFF)|STRAIGHT,,999.00,0.30,9.5,7.0,3152
57.45,-36.354,-18.389,-121.6,1.08,CLEAR(조향OFF)|STRAIGHT,,999.00,0.30,10.0,7.0,3134
57.50,-36.413,-18.482,-121.2,1.11,CLEAR(조향OFF)|STRAIGHT,,999.00,0.30,9.8,7.0,3134
57.55,-36.413,-18.482,-120.6,1.11,CLEAR(조향OFF)|STRAIGHT,,999.00,0.30,9.7,7.1,3143
57.60,-36.455,-18.582,-120.3,1.08,CLEAR(조향OFF)|STRAIGHT,,999.00,0.30,9.6,7.0,3125
57.65,-36.455,-18.582,-119.7,1.08,CLEAR(조향OFF)|STRAIGHT,,999.00,0.30,9.8,7.0,3134
57.70,-36.523,-18.678,-119.3,1.17,CLEAR(조향OFF)|STRAIGHT,,999.00,0.30,9.7,7.0,3143
57.75,-36.523,-18.678,-118.8,1.17,CLEAR(조향OFF)|STRAIGHT,,999.00,0.30,10.3,7.0,3134
57.80,-36.573,-18.779,-118.4,1.02,CLEAR(조향OFF)|STRAIGHT,,999.00,0.30,10.1,6.9,3125
57.85,-36.573,-18.779,-117.8,1.02,CLEAR(조향OFF)|STRAIGHT,,999.00,0.30,10.6,7.0,3125
57.90,-36.625,-18.878,-117.5,1.24,CLEAR(조향OFF)|STRAIGHT,,999.00,0.30,10.4,7.0,3134
57.95,-36.625,-18.878,-117.0,1.24,CLEAR(조향OFF)|STRAIGHT,,999.00,0.30,10.9,7.1,3108
58.00,-36.678,-18.983,-116.6,1.18,CLEAR(조향OFF)|STRAIGHT,,999.00,0.30,10.8,7.6,3057
58.05,-36.678,-18.983,-115.9,1.18,CLEAR(조향OFF)|STRAIGHT,,999.00,0.30,10.7,8.1,3000
58.10,-36.725,-19.085,-115.5,1.12,CLEAR(조향OFF)|STRAIGHT,,999.00,0.30,10.5,8.3,2976
58.15,-36.725,-19.085,-114.8,1.12,CLEAR(조향OFF)|STRAIGHT,,999.00,0.30,11.0,8.4,2953
58.20,-36.765,-19.192,-114.4,1.13,CLEAR(조향OFF)|STRAIGHT,,999.00,0.30,10.8,8.4,2961
58.25,-36.765,-19.192,-113.6,1.13,CLEAR(조향OFF)|STRAIGHT,,999.00,0.30,11.2,8.4,2945
58.30,-36.814,-19.298,-113.2,1.17,CLEAR(조향OFF)|STRAIGHT,,999.00,0.30,10.9,8.4,2953
58.35,-36.814,-19.298,-112.4,1.17,CLEAR(조향OFF)|STRAIGHT,,999.00,0.30,11.4,8.4,2945
58.40,-36.856,-19.411,-111.9,1.20,CLEAR(조향OFF)|STRAIGHT,,999.00,0.30,11.2,8.4,2953
58.45,-36.856,-19.411,-111.3,1.20,CLEAR(조향OFF)|STRAIGHT,,999.00,0.30,11.0,8.5,2930
58.50,-36.896,-19.526,-110.8,1.22,CLEAR(조향OFF)|STRAIGHT,,999.00,0.30,10.9,9.0,2900
58.55,-36.896,-19.526,-110.0,1.22,CLEAR(조향OFF)|STRAIGHT,,999.00,0.30,11.3,9.1,2870
58.60,-36.934,-19.636,-109.6,1.17,CLEAR(조향OFF)|STRAIGHT,,999.00,0.30,11.1,9.1,2863
58.65,-36.934,-19.636,-108.7,1.17,CLEAR(조향OFF)|STRAIGHT,,999.00,0.30,11.6,9.1,2856
58.70,-36.968,-19.753,-108.2,1.22,CLEAR(조향OFF)|STRAIGHT,,999.00,0.30,11.3,9.0,2856
58.75,-36.968,-19.753,-107.3,1.22,CLEAR(조향OFF)|STRAIGHT,,999.00,0.30,11.8,9.1,2841
58.80,-36.998,-19.870,-107.0,1.10,CLEAR(조향OFF)|STRAIGHT,,999.00,0.30,11.5,9.1,2863
58.85,-36.998,-19.870,-106.0,1.10,CLEAR(조향OFF)|STRAIGHT,,999.00,0.30,11.3,9.2,2848
58.90,-37.022,-19.984,-105.5,1.45,CLEAR(조향OFF)|STRAIGHT,,999.00,0.30,11.1,9.2,2834
58.95,-37.022,-19.984,-104.3,1.45,CLEAR(조향OFF)|STRAIGHT,,999.00,0.30,11.1,9.1,2841
59.00,-37.056,-20.101,-103.8,1.11,CLEAR(조향OFF)|STRAIGHT,,999.00,0.30,10.8,9.2,2856
59.05,-37.056,-20.101,-102.6,1.11,CLEAR(조향OFF)|STRAIGHT,,999.00,0.30,11.4,9.2,2834
59.10,-37.065,-20.220,-102.2,1.18,CLEAR(조향OFF)|STRAIGHT,,999.00,0.30,11.1,9.4,2848
59.15,-37.065,-20.220,-101.1,1.18,CLEAR(조향OFF)|STRAIGHT,,999.00,0.30,11.3,9.4,2813
59.20,-37.099,-20.343,-100.5,1.27,CLEAR(조향OFF)|STRAIGHT,,999.00,0.30,11.0,9.4,2813
59.25,-37.099,-20.343,-99.5,1.27,CLEAR(조향OFF)|STRAIGHT,,999.00,0.30,11.5,9.4,2820
59.30,-37.118,-20.461,-99.1,1.20,CLEAR(조향OFF)|STRAIGHT,,999.00,0.30,11.2,9.4,2820
59.35,-37.118,-20.461,-98.0,1.20,CLEAR(조향OFF)|STRAIGHT,,999.00,0.31,11.0,9.5,2813
59.40,-37.125,-20.581,-97.6,1.19,CLEAR(조향OFF)|STRAIGHT,,999.00,0.31,10.7,9.4,2820
59.45,-37.125,-20.581,-96.8,1.19,CLEAR(조향OFF)|STRAIGHT,,999.00,0.31,11.1,9.4,2813
59.50,-37.143,-20.703,-96.3,1.23,CLEAR(조향OFF)|STRAIGHT,,999.00,0.31,10.9,9.4,2813
59.55,-37.143,-20.703,-95.4,1.23,CLEAR(조향OFF)|STRAIGHT,,999.00,0.31,11.3,9.4,2792
59.60,-37.148,-20.826,-94.9,1.23,CLEAR(조향OFF)|STRAIGHT,,999.00,0.31,11.1,9.4,2820
59.65,-37.148,-20.826,-94.3,1.23,CLEAR(조향OFF)|STRAIGHT,,999.00,0.31,11.6,9.4,2799
59.70,-37.155,-20.949,-93.8,1.24,CLEAR(조향OFF)|STRAIGHT,,999.00,0.31,11.4,9.4,2806
59.75,-37.155,-20.949,-92.9,1.24,CLEAR(조향OFF)|STRAIGHT,,999.00,0.31,11.2,9.4,2813
59.80,-37.156,-21.075,-92.4,1.25,CLEAR(조향OFF)|STRAIGHT,,999.00,0.31,11.0,9.4,2820
59.85,-37.156,-21.075,-91.5,1.25,CLEAR(조향OFF)|STRAIGHT,,999.00,0.31,11.4,9.5,2799
59.90,-37.145,-21.194,-90.9,1.19,CLEAR(조향OFF)|STRAIGHT,,999.00,0.31,11.1,9.7,2785
59.95,-37.145,-21.194,-89.9,1.19,CLEAR(조향OFF)|STRAIGHT,,999.00,0.31,11.5,9.7,2785
60.00,-37.147,-21.318,-89.4,1.24,CLEAR(조향OFF)|STRAIGHT,,999.00,0.31,11.1,9.7,2771
60.05,-37.147,-21.318,-88.2,1.24,CLEAR(조향OFF)|STRAIGHT,,999.00,0.31,11.6,9.8,2785
60.10,-37.146,-21.432,-87.6,1.03,CLEAR(조향OFF)|STRAIGHT,,999.00,0.31,11.2,10.3,2744
60.15,-37.146,-21.432,-86.3,1.03,CLEAR(조향OFF)|STRAIGHT,,999.00,0.32,10.8,10.3,2718
60.20,-37.134,-21.546,-85.7,1.27,CLEAR(조향OFF)|STRAIGHT,,999.00,0.32,10.5,10.3,2711
60.25,-37.134,-21.546,-84.6,1.27,CLEAR(조향OFF)|STRAIGHT,,999.00,0.32,10.6,10.2,2711
60.30,-37.127,-21.655,-84.0,1.09,CLEAR(조향OFF)|STRAIGHT,,999.00,0.32,10.3,10.3,2718
60.35,-37.127,-21.655,-82.8,1.09,CLEAR(조향OFF)|STRAIGHT,,999.00,0.32,10.6,10.3,2711
60.40,-37.108,-21.779,-82.2,1.26,CLEAR(조향OFF)|STRAIGHT,,999.00,0.32,10.2,10.3,2718
60.45,-37.108,-21.779,-81.1,1.26,CLEAR(조향OFF)|STRAIGHT,,999.00,0.32,10.5,10.4,2705
60.50,-37.085,-21.895,-80.5,1.17,CLEAR(조향OFF)|STRAIGHT,,999.00,0.32,10.1,10.3,2711
60.55,-37.085,-21.895,-79.4,1.17,CLEAR(조향OFF)|STRAIGHT,,999.00,0.33,9.8,10.3,2711
60.60,-37.060,-22.014,-78.9,1.22,CLEAR(조향OFF)|STRAIGHT,,999.00,0.33,9.5,10.3,2705
60.65,-37.060,-22.014,-77.8,1.22,CLEAR(조향OFF)|STRAIGHT,,999.00,0.33,9.8,10.3,2711
60.70,-37.028,-22.122,-77.3,1.25,CLEAR(조향OFF)|STRAIGHT,,999.00,0.33,9.5,10.3,2718
60.75,-37.028,-22.122,-76.3,1.25,CLEAR(조향OFF)|STRAIGHT,,999.00,0.33,9.6,10.3,2705
60.80,-37.028,-22.122,-75.7,1.25,CLEAR(조향OFF)|STRAIGHT,,999.00,0.33,9.3,10.3,2705
60.85,-36.996,-22.234,-74.7,0.84,CLEAR(조향OFF)|STRAIGHT,,999.00,0.33,9.7,10.3,2711
60.90,-36.996,-22.234,-74.0,0.84,CLEAR(조향OFF)|STRAIGHT,,999.00,0.33,9.3,10.3,2705
60.95,-36.996,-22.234,-72.9,0.84,CLEAR(조향OFF)|STRAIGHT,,999.00,0.33,8.5,10.3,2705
61.00,-36.922,-22.457,-72.4,1.38,CLEAR(조향OFF)|STRAIGHT,,999.00,0.33,8.0,10.3,2711
61.05,-36.922,-22.457,-71.4,1.38,CLEAR(조향OFF)|STRAIGHT,,999.00,0.33,8.7,10.3,2698
61.10,-36.883,-22.556,-70.9,0.97,CLEAR(조향OFF)|STRAIGHT,,999.00,0.33,8.5,10.3,2705
61.15,-36.883,-22.556,-69.8,0.97,CLEAR(조향OFF)|STRAIGHT,,999.00,0.33,8.5,10.2,2705
61.20,-36.836,-22.664,-69.4,1.31,CLEAR(조향OFF)|STRAIGHT,,999.00,0.33,8.1,9.4,2778
61.25,-36.836,-22.664,-68.5,1.31,CLEAR(조향OFF)|STRAIGHT,,999.00,0.33,8.3,9.2,2813
61.30,-36.789,-22.766,-68.0,1.02,CLEAR(조향OFF)|STRAIGHT,,999.00,0.33,8.0,9.2,2813
61.35,-36.789,-22.766,-67.1,1.02,CLEAR(조향OFF)|STRAIGHT,,999.00,0.33,8.0,9.1,2820
61.40,-36.738,-22.866,-66.7,1.24,CLEAR(조향OFF)|STRAIGHT,,999.00,0.33,7.7,9.2,2820
61.45,-36.738,-22.866,-65.8,1.24,CLEAR(조향OFF)|STRAIGHT,,999.00,0.34,7.9,9.2,2827
61.50,-36.684,-22.962,-65.4,1.10,CLEAR(조향OFF)|STRAIGHT,,999.00,0.34,7.7,9.1,2827
61.55,-36.684,-22.962,-64.6,1.10,CLEAR(조향OFF)|STRAIGHT,,999.00,0.34,7.7,9.2,2827
61.60,-36.632,-23.060,-64.1,1.10,CLEAR(조향OFF)|STRAIGHT,,999.00,0.34,7.4,9.2,2827
61.65,-36.632,-23.060,-63.2,1.10,CLEAR(조향OFF)|STRAIGHT,,999.00,0.34,7.5,9.1,2834
61.70,-36.574,-23.147,-62.8,1.04,CLEAR(조향OFF)|STRAIGHT,,999.00,0.34,7.2,9.1,2834
61.75,-36.574,-23.147,-61.9,1.04,CLEAR(조향OFF)|STRAIGHT,,999.00,0.34,7.0,9.1,2834
61.80,-36.523,-23.236,-61.4,0.93,CLEAR(조향OFF)|STRAIGHT,,999.00,0.34,6.7,9.1,2834
61.85,-36.523,-23.236,-60.5,0.93,CLEAR(조향OFF)|STRAIGHT,,999.00,0.34,6.6,9.1,2841
61.90,-36.468,-23.329,-60.2,1.20,CLEAR(조향OFF)|STRAIGHT,,999.00,0.34,6.2,9.0,2827
61.95,-36.468,-23.329,-59.3,1.20,CLEAR(조향OFF)|STRAIGHT,,999.00,0.34,6.9,9.1,2834
62.00,-36.409,-23.426,-58.8,1.03,CLEAR(조향OFF)|STRAIGHT,,999.00,0.34,6.7,8.9,2841
62.05,-36.409,-23.426,-58.1,1.03,CLEAR(조향OFF)|STRAIGHT,,999.00,0.34,6.6,8.8,2856
62.10,-36.348,-23.510,-57.7,1.15,CLEAR(조향OFF)|STRAIGHT,,999.00,0.34,6.4,8.8,2870
62.15,-36.348,-23.510,-56.9,1.15,CLEAR(조향OFF)|STRAIGHT,,999.00,0.34,6.4,8.8,2870
62.20,-36.290,-23.603,-56.5,1.10,CLEAR(조향OFF)|STRAIGHT,,999.00,0.34,6.2,8.5,2892
62.25,-36.290,-23.603,-55.8,1.10,CLEAR(조향OFF)|STRAIGHT,,999.00,0.34,6.3,8.5,2907
62.30,-36.221,-23.691,-55.4,1.12,CLEAR(조향OFF)|STRAIGHT,,999.00,0.34,6.0,8.5,2907
62.35,-36.221,-23.691,-54.7,1.12,CLEAR(조향OFF)|STRAIGHT,,999.00,0.35,6.5,8.4,2915
62.40,-36.159,-23.776,-54.2,1.17,CLEAR(조향OFF)|STRAIGHT,,999.00,0.35,6.3,8.5,2907
62.45,-36.159,-23.776,-53.5,1.17,CLEAR(조향OFF)|STRAIGHT,,999.00,0.35,6.3,8.5,2915
62.50,-36.093,-23.852,-53.1,1.00,CLEAR(조향OFF)|STRAIGHT,,999.00,0.35,6.1,8.4,2915
62.55,-36.093,-23.852,-52.3,1.00,CLEAR(조향OFF)|STRAIGHT,,999.00,0.35,5.8,8.4,2907
62.60,-36.031,-23.929,-51.9,0.99,CLEAR(조향OFF)|STRAIGHT,,999.00,0.35,5.6,8.5,2922
62.65,-36.031,-23.929,-51.1,0.99,CLEAR(조향OFF)|STRAIGHT,,999.00,0.35,5.5,8.5,2922
62.70,-35.962,-24.010,-50.8,1.06,CLEAR(조향OFF)|STRAIGHT,,999.00,0.35,5.2,8.4,2922
62.75,-35.962,-24.010,-50.0,1.06,CLEAR(조향OFF)|STRAIGHT,,999.00,0.35,5.3,8.4,2915
62.80,-35.894,-24.087,-49.6,0.86,CLEAR(조향OFF)|STRAIGHT,,999.00,0.35,5.0,7.8,2976
62.85,-35.894,-24.087,-49.1,0.86,CLEAR(조향OFF)|STRAIGHT,,999.00,0.34,5.6,7.4,3016
62.90,-35.821,-24.161,-48.7,1.15,CLEAR(조향OFF)|STRAIGHT,,999.00,0.34,5.4,7.4,3041
62.95,-35.821,-24.161,-48.0,1.15,CLEAR(조향OFF)|STRAIGHT,,999.00,0.34,5.7,7.3,3049
63.00,-35.754,-24.233,-47.8,1.09,CLEAR(조향OFF)|STRAIGHT,,999.00,0.34,5.5,7.3,3049
63.05,-35.754,-24.233,-47.1,1.09,CLEAR(조향OFF)|STRAIGHT,,999.00,0.34,5.5,7.3,3049
63.10,-35.684,-24.309,-46.8,1.04,CLEAR(조향OFF)|STRAIGHT,,999.00,0.34,5.2,7.3,3057
63.15,-35.684,-24.309,-46.2,1.04,CLEAR(조향OFF)|STRAIGHT,,999.00,0.34,5.2,7.3,3057
63.20,-35.617,-24.372,-45.8,0.91,CLEAR(조향OFF)|STRAIGHT,,999.00,0.34,5.0,7.3,3057
63.25,-35.617,-24.372,-45.2,0.91,CLEAR(조향OFF)|STRAIGHT,,999.00,0.34,4.6,7.3,3057
63.30,-35.544,-24.442,-44.8,1.02,CLEAR(조향OFF)|STRAIGHT,,999.00,0.34,4.4,7.3,3066
63.35,-35.544,-24.442,-44.3,1.02,CLEAR(조향OFF)|STRAIGHT,,999.00,0.35,5.4,7.0,3083
63.40,-35.464,-24.516,-44.0,1.09,CLEAR(조향OFF)|STRAIGHT,,999.00,0.35,5.3,6.8,3117
63.45,-35.464,-24.516,-43.4,1.09,CLEAR(조향OFF)|STRAIGHT,,999.00,0.35,5.5,6.8,3117
63.50,-35.390,-24.585,-43.2,0.92,CLEAR(조향OFF)|STRAIGHT,,999.00,0.35,5.3,6.8,3125
63.55,-35.390,-24.585,-42.5,0.92,CLEAR(조향OFF)|STRAIGHT,,999.00,0.35,5.1,6.8,3143
63.60,-35.315,-24.649,-42.2,0.99,CLEAR(조향OFF)|STRAIGHT,,999.00,0.35,4.9,6.9,3134
63.65,-35.315,-24.649,-41.8,0.99,CLEAR(조향OFF)|STRAIGHT,,999.00,0.35,5.0,6.8,3134
63.70,-35.239,-24.714,-41.4,1.00,CLEAR(조향OFF)|STRAIGHT,,999.00,0.35,4.8,6.8,3143
63.75,-35.239,-24.714,-40.8,1.00,CLEAR(조향OFF)|STRAIGHT,,999.00,0.36,5.7,6.6,3160
63.80,-35.239,-24.714,-40.6,1.00,CLEAR(조향OFF)|STRAIGHT,,999.00,0.36,5.5,6.6,3160
63.85,-35.163,-24.777,-40.0,0.82,CLEAR(조향OFF)|STRAIGHT,,999.00,0.36,5.3,6.6,3169
63.90,-35.163,-24.777,-39.7,0.82,CLEAR(조향OFF)|STRAIGHT,,999.00,0.36,5.2,6.6,3160
63.95,-35.163,-24.777,-39.0,0.82,CLEAR(조향OFF)|STRAIGHT,,999.00,0.36,4.8,6.6,3169
64.00,-35.008,-24.899,-38.8,1.10,CLEAR(조향OFF)|STRAIGHT,,999.00,0.36,4.6,6.6,3160
64.05,-35.008,-24.899,-38.2,1.10,CLEAR(조향OFF)|STRAIGHT,,999.00,0.36,5.4,6.6,3160
64.10,-34.930,-24.961,-37.8,0.99,CLEAR(조향OFF)|STRAIGHT,,999.00,0.36,5.2,6.1,3205
64.15,-34.930,-24.961,-37.2,0.99,CLEAR(조향OFF)|STRAIGHT,,999.00,0.36,5.0,6.1,3224
64.20,-34.849,-25.014,-36.9,0.88,CLEAR(조향OFF)|STRAIGHT,,999.00,0.36,4.8,6.0,3242
64.25,-34.849,-25.014,-36.4,0.88,CLEAR(조향OFF)|STRAIGHT,,999.00,0.37,5.5,6.1,3233
64.30,-34.770,-25.066,-36.2,1.06,CLEAR(조향OFF)|STRAIGHT,,999.00,0.37,5.3,6.0,3224
64.35,-34.770,-25.066,-35.7,1.06,CLEAR(조향OFF)|STRAIGHT,,999.00,0.37,5.6,6.0,3233
64.40,-34.688,-25.126,-35.4,1.01,CLEAR(조향OFF)|STRAIGHT,,999.00,0.37,5.4,6.1,3233
64.45,-34.688,-25.126,-34.9,1.01,CLEAR(조향OFF)|STRAIGHT,,999.00,0.37,5.5,6.0,3233
64.50,-34.599,-25.178,-34.6,1.02,CLEAR(조향OFF)|STRAIGHT,,999.00,0.37,5.3,6.0,3252
64.55,-34.599,-25.178,-34.2,1.02,CLEAR(조향OFF)|STRAIGHT,,999.00,0.37,5.4,6.1,3242
64.60,-34.524,-25.234,-33.9,0.93,CLEAR(조향OFF)|STRAIGHT,,999.00,0.37,5.2,6.1,3242
64.65,-34.524,-25.234,-33.4,0.93,CLEAR(조향OFF)|STRAIGHT,,999.00,0.37,5.3,6.1,3242
64.70,-34.443,-25.279,-33.1,0.93,CLEAR(조향OFF)|STRAIGHT,,999.00,0.37,5.0,6.1,3242
64.75,-34.443,-25.279,-32.6,0.93,CLEAR(조향OFF)|STRAIGHT,,999.00,0.37,5.8,6.1,3224
64.80,-34.443,-25.279,-32.4,0.93,CLEAR(조향OFF)|STRAIGHT,,999.00,0.37,5.7,6.1,3233
64.85,-34.358,-25.331,-31.9,0.83,CLEAR(조향OFF)|STRAIGHT,,999.00,0.37,5.7,6.1,3242
64.90,-34.273,-25.389,-31.6,1.29,CLEAR(조향OFF)|STRAIGHT,,999.00,0.37,5.5,6.1,3242
64.95,-34.273,-25.389,-31.0,1.29,CLEAR(조향OFF)|STRAIGHT,,999.00,0.37,6.1,6.0,3233
65.00,-34.187,-25.429,-30.7,0.94,CLEAR(조향OFF)|STRAIGHT,,999.00,0.37,6.0,6.1,3261
65.05,-34.187,-25.429,-30.2,0.94,CLEAR(조향OFF)|STRAIGHT,,999.00,0.37,5.5,6.1,3224
65.10,-34.106,-25.481,-29.9,0.96,CLEAR(조향OFF)|STRAIGHT,,999.00,0.37,5.4,6.0,3233
65.15,-34.106,-25.481,-29.5,0.96,CLEAR(조향OFF)|STRAIGHT,,999.00,0.37,5.6,6.0,3233
65.20,-34.022,-25.529,-29.2,1.07,CLEAR(조향OFF)|STRAIGHT,,999.00,0.37,5.5,6.1,3242
65.25,-34.022,-25.529,-28.7,1.07,CLEAR(조향OFF)|STRAIGHT,,999.00,0.39,6.2,6.1,3242
65.30,-33.933,-25.574,-28.4,0.90,CLEAR(조향OFF)|STRAIGHT,,999.00,0.39,6.1,6.1,3242
65.35,-33.933,-25.574,-27.9,0.90,CLEAR(조향OFF)|STRAIGHT,,999.00,0.39,6.1,6.1,3242
65.40,-33.849,-25.615,-27.7,1.05,CLEAR(조향OFF)|STRAIGHT,,999.00,0.39,5.9,6.1,3242
65.45,-33.849,-25.615,-27.2,1.05,CLEAR(조향OFF)|STRAIGHT,,999.00,0.39,6.1,6.1,3242
65.50,-33.764,-25.655,-27.0,0.85,CLEAR(조향OFF)|STRAIGHT,,999.00,0.39,6.0,6.0,3261
65.55,-33.764,-25.655,-26.4,0.85,CLEAR(조향OFF)|STRAIGHT,,999.00,0.39,6.0,6.1,3242
65.60,-33.676,-25.697,-26.2,0.98,CLEAR(조향OFF)|STRAIGHT,,999.00,0.39,5.8,6.0,3242
65.65,-33.676,-25.697,-25.6,0.98,CLEAR(조향OFF)|STRAIGHT,,999.00,0.39,6.0,6.1,3242
65.70,-33.590,-25.738,-25.4,1.06,CLEAR(조향OFF)|STRAIGHT,,999.00,0.39,5.8,6.1,3242
65.75,-33.590,-25.738,-24.9,1.06,CLEAR(조향OFF)|STRAIGHT,,999.00,0.40,6.4,6.1,3242
65.80,-33.503,-25.779,-24.6,0.80,CLEAR(조향OFF)|STRAIGHT,,999.00,0.40,6.3,6.1,3252
65.85,-33.503,-25.779,-24.0,0.80,CLEAR(조향OFF)|STRAIGHT,,999.00,0.40,6.3,6.1,3242
65.90,-33.412,-25.815,-23.8,1.09,CLEAR(조향OFF)|STRAIGHT,,999.00,0.40,6.2,6.1,3233
65.95,-33.412,-25.815,-23.3,1.09,CLEAR(조향OFF)|STRAIGHT,,999.00,0.40,6.4,6.1,3242
66.00,-33.328,-25.851,-23.0,1.01,CLEAR(조향OFF)|STRAIGHT,,999.00,0.40,6.2,6.0,3242
66.05,-33.328,-25.851,-22.6,1.01,CLEAR(조향OFF)|STRAIGHT,,999.00,0.40,6.4,6.1,3242
66.10,-33.241,-25.885,-22.3,0.93,CLEAR(조향OFF)|STRAIGHT,,999.00,0.40,6.2,6.1,3252
66.15,-33.241,-25.885,-21.8,0.93,CLEAR(조향OFF)|STRAIGHT,,999.00,0.40,6.3,6.1,3233
66.20,-33.152,-25.918,-21.6,0.86,CLEAR(조향OFF)|STRAIGHT,,999.00,0.40,6.2,6.1,3233
66.25,-33.152,-25.918,-21.2,0.86,CLEAR(조향OFF)|STRAIGHT,,999.00,0.40,6.3,6.1,3242
66.30,-33.062,-25.952,-20.9,0.96,CLEAR(조향OFF)|STRAIGHT,,999.00,0.40,6.1,6.1,3242
66.35,-33.062,-25.952,-20.5,0.96,CLEAR(조향OFF)|STRAIGHT,,999.00,0.42,6.6,6.1,3242
66.40,-32.973,-25.982,-20.2,0.94,CLEAR(조향OFF)|STRAIGHT,,999.00,0.42,6.5,6.1,3252
66.45,-32.973,-25.982,-19.7,0.94,CLEAR(조향OFF)|STRAIGHT,,999.00,0.42,6.7,6.1,3242
66.50,-32.883,-26.011,-19.5,0.95,CLEAR(조향OFF)|STRAIGHT,,999.00,0.42,6.5,6.1,3252
66.55,-32.883,-26.011,-19.0,0.95,CLEAR(조향OFF)|STRAIGHT,,999.00,0.42,6.6,6.1,3252
66.60,-32.799,-26.041,-18.7,0.99,CLEAR(조향OFF)|STRAIGHT,,999.00,0.42,6.5,6.1,3242
66.65,-32.799,-26.041,-18.1,0.99,CLEAR(조향OFF)|STRAIGHT,,999.00,0.42,6.6,6.1,3252
66.70,-32.705,-26.073,-17.9,0.90,CLEAR(조향OFF)|STRAIGHT,,999.00,0.42,6.5,6.0,3252
66.75,-32.705,-26.073,-17.4,0.90,CLEAR(조향OFF)|STRAIGHT,,999.00,0.42,6.8,6.1,3252
66.80,-32.621,-26.093,-17.2,0.79,CLEAR(조향OFF)|STRAIGHT,,999.00,0.42,6.6,6.1,3242
66.85,-32.621,-26.093,-16.7,0.79,CLEAR(조향OFF)|STRAIGHT,,999.00,0.43,6.7,6.1,3242
66.90,-32.531,-26.121,-16.4,1.05,CLEAR(조향OFF)|STRAIGHT,,999.00,0.43,6.6,6.0,3252
66.95,-32.531,-26.121,-16.0,1.05,CLEAR(조향OFF)|STRAIGHT,,999.00,0.43,6.8,6.1,3242
67.00,-32.446,-26.140,-15.7,0.87,CLEAR(조향OFF)|STRAIGHT,,999.00,0.43,6.6,6.1,3242
67.05,-32.446,-26.140,-15.3,0.87,CLEAR(조향OFF)|STRAIGHT,,999.00,0.43,6.7,6.1,3242
67.10,-32.349,-26.164,-15.1,1.00,CLEAR(조향OFF)|STRAIGHT,,999.00,0.43,6.6,6.1,3242
67.15,-32.349,-26.164,-14.6,1.00,CLEAR(조향OFF)|STRAIGHT,,999.00,0.43,6.8,6.0,3242
67.20,-32.261,-26.187,-14.4,1.01,CLEAR(조향OFF)|STRAIGHT,,999.00,0.43,6.7,6.1,3252
67.25,-32.261,-26.187,-14.1,1.01,CLEAR(조향OFF)|STRAIGHT,,999.00,0.43,6.9,6.0,3252
67.30,-32.173,-26.203,-13.8,0.81,CLEAR(조향OFF)|STRAIGHT,,999.00,0.43,6.8,6.1,3233
67.35,-32.173,-26.203,-13.4,0.81,CLEAR(조향OFF)|STRAIGHT,,999.00,0.44,6.9,6.1,3242
67.40,-32.079,-26.227,-13.1,0.97,CLEAR(조향OFF)|STRAIGHT,,999.00,0.44,6.7,6.1,3242
67.45,-32.079,-26.227,-12.7,0.97,CLEAR(조향OFF)|STRAIGHT,,999.00,0.44,6.9,6.0,3242
67.50,-31.992,-26.247,-12.5,1.00,CLEAR(조향OFF)|STRAIGHT,,999.00,0.44,6.8,6.1,3242
67.55,-31.992,-26.247,-12.0,1.00,CLEAR(조향OFF)|STRAIGHT,,999.00,0.44,7.0,6.1,3261
67.60,-31.905,-26.256,-11.7,0.87,CLEAR(조향OFF)|STRAIGHT,,999.00,0.44,6.8,6.0,3242
67.65,-31.905,-26.256,-11.3,0.87,CLEAR(조향OFF)|STRAIGHT,,999.00,0.44,7.0,6.1,3242
67.70,-31.811,-26.276,-11.1,0.97,CLEAR(조향OFF)|STRAIGHT,,999.00,0.44,6.8,6.1,3242
67.75,-31.811,-26.276,-10.6,0.97,CLEAR(조향OFF)|STRAIGHT,,999.00,0.44,7.1,6.1,3252
67.80,-31.721,-26.289,-10.4,0.76,CLEAR(조향OFF)|STRAIGHT,,999.00,0.44,6.9,6.1,3252
67.85,-31.721,-26.289,-9.9,0.76,CLEAR(조향OFF)|STRAIGHT,,999.00,0.44,7.3,6.1,3252
67.90,-31.636,-26.290,-9.7,1.04,CLEAR(조향OFF)|STRAIGHT,,999.00,0.44,7.1,6.1,3233
67.95,-31.636,-26.290,-9.2,1.04,CLEAR(조향OFF)|STRAIGHT,,999.00,0.46,6.6,6.1,3261
68.00,-31.540,-26.318,-9.1,0.91,CLEAR(조향OFF)|STRAIGHT,,999.00,0.46,6.5,6.1,3242
68.05,-31.540,-26.318,-8.6,0.91,CLEAR(조향OFF)|STRAIGHT,,999.00,0.46,7.0,6.1,3261
68.10,-31.453,-26.329,-8.4,0.88,CLEAR(조향OFF)|STRAIGHT,,999.00,0.46,6.9,6.1,3242
68.15,-31.453,-26.329,-7.9,0.88,CLEAR(조향OFF)|STRAIGHT,,999.00,0.46,7.1,6.1,3252
68.20,-31.360,-26.340,-7.7,0.94,CLEAR(조향OFF)|STRAIGHT,,999.00,0.46,6.9,6.1,3242
68.25,-31.360,-26.340,-7.3,0.94,CLEAR(조향OFF)|STRAIGHT,,999.00,0.46,7.1,6.0,3242
68.30,-31.265,-26.349,-7.0,0.95,CLEAR(조향OFF)|STRAIGHT,,999.00,0.46,7.0,6.1,3252
68.35,-31.265,-26.349,-6.6,0.95,CLEAR(조향OFF)|STRAIGHT,,999.00,0.46,7.1,6.1,3261
68.40,-31.178,-26.357,-6.4,0.87,CLEAR(조향OFF)|STRAIGHT,,999.00,0.46,7.0,6.1,3252
68.45,-31.178,-26.357,-5.8,0.87,CLEAR(조향OFF)|STRAIGHT,,999.00,0.47,6.8,6.1,3242
68.50,-31.086,-26.359,-5.6,0.92,CLEAR(조향OFF)|STRAIGHT,,999.00,0.47,6.6,6.1,3242
68.55,-31.086,-26.359,-5.1,0.92,CLEAR(조향OFF)|STRAIGHT,,999.00,0.47,6.7,6.1,3233
68.60,-30.994,-26.370,-4.9,0.93,CLEAR(조향OFF)|STRAIGHT,,999.00,0.47,6.5,6.1,3252
68.65,-30.994,-26.370,-4.4,0.93,CLEAR(조향OFF)|STRAIGHT,,999.00,0.47,6.7,6.1,3261
68.70,-30.901,-26.377,-4.3,0.93,CLEAR(조향OFF)|STRAIGHT,,999.00,0.47,6.6,6.1,3242
68.75,-30.901,-26.377,-3.8,0.93,CLEAR(조향OFF)|STRAIGHT,,999.00,0.47,6.9,6.1,3242
68.80,-30.811,-26.378,-3.6,0.90,CLEAR(조향OFF)|STRAIGHT,,999.00,0.47,6.7,6.1,3242
68.85,-30.811,-26.378,-3.1,0.90,CLEAR(조향OFF)|STRAIGHT,,999.00,0.47,6.9,6.0,3242
68.90,-30.716,-26.390,-2.9,0.95,CLEAR(조향OFF)|STRAIGHT,,999.00,0.47,6.7,6.1,3242
68.95,-30.716,-26.390,-2.5,0.95,CLEAR(조향OFF)|STRAIGHT,,999.00,0.48,6.5,6.1,3261
69.00,-30.632,-26.388,-2.2,0.84,CLEAR(조향OFF)|STRAIGHT,,999.00,0.48,6.4,6.1,3242
69.05,-30.632,-26.388,-1.8,0.84,CLEAR(조향OFF)|STRAIGHT,,999.00,0.48,6.6,6.1,3242
69.10,-30.536,-26.393,-1.6,0.95,CLEAR(조향OFF)|STRAIGHT,,999.00,0.48,6.4,6.1,3252
69.15,-30.536,-26.393,-1.1,0.95,CLEAR(조향OFF)|STRAIGHT,,999.00,0.48,6.5,6.1,3242
69.20,-30.442,-26.391,-1.0,1.04,CLEAR(조향OFF)|STRAIGHT,,999.00,0.48,6.4,6.1,3205
69.25,-30.442,-26.391,-0.4,1.04,CLEAR(조향OFF)|STRAIGHT,,999.00,0.48,6.4,6.0,3242
69.30,-30.346,-26.383,-0.2,0.88,CLEAR(조향OFF)|STRAIGHT,,999.00,0.48,6.3,6.1,3242
69.35,-30.346,-26.383,0.2,0.88,CLEAR(조향OFF)|STRAIGHT,,999.00,0.48,6.6,6.1,3233
69.40,-30.253,-26.392,0.5,1.03,CLEAR(조향OFF)|STRAIGHT,,999.00,0.48,6.4,6.0,3252
69.45,-30.253,-26.392,1.0,1.03,CLEAR(조향OFF)|STRAIGHT,,999.00,0.48,6.6,6.1,3242
69.50,-30.161,-26.378,1.1,0.92,CLEAR(조향OFF)|STRAIGHT,,999.00,0.48,6.4,6.1,3252
69.55,-30.161,-26.378,1.6,0.92,CLEAR(조향OFF)|STRAIGHT,,999.00,0.49,5.9,6.1,3242
69.60,-30.079,-26.378,1.8,0.82,CLEAR(조향OFF)|STRAIGHT,,999.00,0.49,5.8,6.1,3242
69.65,-30.079,-26.378,2.2,0.82,CLEAR(조향OFF)|STRAIGHT,,999.00,0.49,6.1,6.1,3252
69.70,-29.979,-26.381,2.5,1.00,CLEAR(조향OFF)|STRAIGHT,,999.00,0.49,5.9,6.1,3242
69.75,-29.979,-26.381,3.0,1.00,CLEAR(조향OFF)|STRAIGHT,,999.00,0.49,6.0,6.1,3252
69.80,-29.893,-26.363,3.2,0.72,CLEAR(조향OFF)|STRAIGHT,,999.00,0.49,5.8,6.1,3252
69.85,-29.893,-26.363,3.5,0.72,CLEAR(조향OFF)|STRAIGHT,,999.00,0.49,6.2,6.1,3242
69.90,-29.802,-26.362,3.8,1.02,CLEAR(조향OFF)|STRAIGHT,,999.00,0.49,6.0,6.1,3252
69.95,-29.802,-26.362,4.2,1.02,CLEAR(조향OFF)|STRAIGHT,,999.00,0.49,5.9,6.1,3242
70.00,-29.705,-26.357,4.4,1.08,CLEAR(조향OFF)|STRAIGHT,,999.00,0.49,5.7,6.1,3242
70.05,-29.705,-26.357,4.8,1.08,CLEAR(조향OFF)|STRAIGHT,,999.00,0.51,5.3,6.1,3252
70.10,-29.614,-26.340,5.0,0.92,CLEAR(조향OFF)|STRAIGHT,,999.00,0.51,5.2,6.1,3261
70.15,-29.614,-26.340,5.4,0.92,CLEAR(조향OFF)|STRAIGHT,,999.00,0.51,5.4,6.1,3242
70.20,-29.525,-26.331,5.7,0.82,CLEAR(조향OFF)|STRAIGHT,,999.00,0.51,5.3,6.1,3252
70.25,-29.525,-26.331,6.1,0.82,CLEAR(조향OFF)|STRAIGHT,,999.00,0.51,5.5,6.1,3242
70.30,-29.439,-26.325,6.3,0.86,CLEAR(조향OFF)|STRAIGHT,,999.00,0.51,5.3,6.1,3242
70.35,-29.439,-26.325,6.8,0.86,CLEAR(조향OFF)|STRAIGHT,,999.00,0.51,5.4,6.1,3252
70.40,-29.346,-26.300,7.0,1.06,CLEAR(조향OFF)|STRAIGHT,,999.00,0.51,5.3,6.1,3252
70.45,-29.346,-26.300,7.4,1.06,CLEAR(조향OFF)|STRAIGHT,,999.00,0.51,4.9,6.1,3242
70.50,-29.255,-26.292,7.6,0.91,CLEAR(조향OFF)|STRAIGHT,,999.00,0.51,4.8,6.1,3252
70.55,-29.255,-26.292,8.1,0.91,CLEAR(조향OFF)|STRAIGHT,,999.00,0.51,5.2,6.1,3242
70.60,-29.166,-26.275,8.3,0.90,CLEAR(조향OFF)|STRAIGHT,,999.00,0.51,5.0,6.1,3242
70.65,-29.166,-26.275,8.7,0.90,CLEAR(조향OFF)|STRAIGHT,,999.00,0.52,4.4,6.1,3252
70.70,-29.072,-26.251,9.0,0.88,CLEAR(조향OFF)|STRAIGHT,,999.00,0.52,4.3,6.1,3252
70.75,-29.072,-26.251,9.4,0.88,CLEAR(조향OFF)|STRAIGHT,,999.00,0.52,4.3,6.1,3233
70.80,-28.983,-26.239,9.6,0.82,CLEAR(조향OFF)|STRAIGHT,,999.00,0.52,4.1,6.1,3252
70.85,-28.983,-26.239,10.0,0.82,CLEAR(조향OFF)|STRAIGHT,,999.00,0.52,4.3,6.0,3242
70.90,-28.889,-26.223,10.2,1.06,CLEAR(조향OFF)|STRAIGHT,,999.00,0.52,4.1,6.1,3252
70.95,-28.889,-26.223,10.7,1.06,CLEAR(조향OFF)|STRAIGHT,,999.00,0.52,4.0,5.9,3261
71.00,-28.802,-26.206,10.9,0.81,CLEAR(조향OFF)|STRAIGHT,,999.00,0.52,3.8,5.9,3261
71.05,-28.802,-26.206,11.3,0.81,CLEAR(조향OFF)|STRAIGHT,,999.00,0.52,4.1,5.9,3261
71.10,-28.719,-26.180,11.5,0.96,CLEAR(조향OFF)|STRAIGHT,,999.00,0.52,3.9,5.9,3271
71.15,-28.719,-26.180,12.0,0.96,CLEAR(조향OFF)|STRAIGHT,,999.00,0.54,3.3,5.9,3271
71.20,-28.634,-26.163,12.2,0.87,CLEAR(조향OFF)|STRAIGHT,,999.00,0.54,3.1,5.9,3290
71.25,-28.634,-26.163,12.6,0.87,CLEAR(조향OFF)|STRAIGHT,,999.00,0.54,3.2,5.3,3329
71.30,-28.542,-26.135,12.9,0.96,CLEAR(조향OFF)|STRAIGHT,,999.00,0.54,3.1,5.0,3379
71.35,-28.542,-26.135,13.3,0.96,CLEAR(조향OFF)|STRAIGHT,,999.00,0.54,2.8,5.0,3379
71.40,-28.447,-26.113,13.4,0.98,CLEAR(조향OFF)|STRAIGHT,,999.00,0.54,2.7,5.0,3399
71.45,-28.447,-26.113,13.8,0.98,CLEAR(조향OFF)|STRAIGHT,,999.00,0.54,2.7,4.6,3430
71.50,-28.366,-26.094,14.0,0.92,CLEAR(조향OFF)|STRAIGHT,,999.00,0.54,2.6,4.5,3462
71.55,-28.366,-26.094,14.3,0.92,CLEAR(조향OFF)|STRAIGHT,,999.00,0.54,2.6,4.5,3451
71.60,-28.278,-26.066,14.5,0.84,CLEAR(조향OFF)|STRAIGHT,,999.00,0.54,2.4,4.5,3462
71.65,-28.278,-26.066,14.8,0.84,CLEAR(조향OFF)|STRAIGHT,,999.00,0.54,2.4,4.5,3473
71.70,-28.190,-26.044,14.9,0.91,CLEAR(조향OFF)|STRAIGHT,,999.00,0.54,2.2,4.5,3462
71.75,-28.190,-26.044,15.2,0.91,CLEAR(조향OFF)|STRAIGHT,,999.00,0.55,2.2,4.5,3462
71.80,-28.100,-26.020,15.4,0.84,CLEAR(조향OFF)|STRAIGHT,,999.00,0.55,2.1,4.5,3462
71.85,-28.100,-26.020,15.8,0.84,CLEAR(조향OFF)|STRAIGHT,,999.00,0.55,2.1,4.5,3462
71.90,-28.013,-25.992,15.9,1.02,CLEAR(조향OFF)|STRAIGHT,,999.00,0.55,1.9,4.1,3516
71.95,-28.013,-25.992,16.1,1.02,CLEAR(조향OFF)|STRAIGHT,,999.00,0.55,1.9,3.9,3516
72.00,-27.925,-25.960,16.4,0.93,CLEAR(조향OFF)|STRAIGHT,,999.00,0.55,1.8,3.8,3549
72.05,-27.925,-25.960,16.5,0.93,CLEAR(조향OFF)|STRAIGHT,,999.00,0.55,1.6,3.9,3561
72.10,-27.842,-25.934,16.7,0.88,CLEAR(조향OFF)|STRAIGHT,,999.00,0.55,1.6,3.9,3583
72.15,-27.842,-25.934,17.0,0.88,CLEAR(조향OFF)|STRAIGHT,,999.00,0.55,1.4,3.9,3583
72.20,-27.751,-25.911,17.1,0.93,CLEAR(조향OFF)|STRAIGHT,,999.00,0.55,1.3,3.9,3572
72.25,-27.751,-25.911,17.4,0.93,CLEAR(조향OFF)|STRAIGHT,,999.00,0.57,1.5,3.5,3595
72.30,-27.670,-25.871,17.5,0.90,CLEAR(조향OFF)|STRAIGHT,,999.00,0.57,1.4,3.5,3595
72.35,-27.670,-25.871,17.7,0.90,CLEAR(조향OFF)|STRAIGHT,,999.00,0.57,1.2,3.5,3618
72.40,-27.582,-25.847,17.8,1.01,CLEAR(조향OFF)|STRAIGHT,,999.00,0.57,1.1,3.5,3618
72.45,-27.582,-25.847,18.1,1.01,CLEAR(조향OFF)|STRAIGHT,,999.00,0.57,1.1,3.5,3618
72.50,-27.501,-25.815,18.1,0.79,CLEAR(조향OFF)|STRAIGHT,,999.00,0.57,1.0,3.5,3630
72.55,-27.501,-25.815,18.3,0.79,CLEAR(조향OFF)|STRAIGHT,,999.00,0.57,0.8,3.5,3630
72.60,-27.409,-25.786,18.4,1.06,CLEAR(조향OFF)|STRAIGHT,,999.00,0.57,0.7,3.5,3630
72.65,-27.409,-25.786,18.6,1.06,CLEAR(조향OFF)|STRAIGHT,,999.00,0.57,0.8,3.5,3630
72.70,-27.331,-25.756,18.7,0.84,CLEAR(조향OFF)|STRAIGHT,,999.00,0.57,0.7,3.5,3630
72.75,-27.331,-25.756,19.0,0.84,CLEAR(조향OFF)|STRAIGHT,,999.00,0.57,0.5,3.5,3618
72.80,-27.247,-25.726,19.0,0.81,CLEAR(조향OFF)|STRAIGHT,,999.00,0.57,0.4,2.7,3713
72.85,-27.247,-25.726,19.2,0.81,CLEAR(조향OFF)|STRAIGHT,,999.00,0.58,0.7,2.7,3713
72.90,-27.166,-25.696,19.2,0.86,CLEAR(조향OFF)|STRAIGHT,,999.00,0.58,0.7,2.5,3751
72.95,-27.166,-25.696,19.4,0.86,CLEAR(조향OFF)|STRAIGHT,,999.00,0.58,0.6,2.6,3776
73.00,-27.082,-25.663,19.4,0.90,CLEAR(조향OFF)|STRAIGHT,,999.00,0.58,0.6,2.6,3776
73.05,-27.082,-25.663,19.5,0.90,CLEAR(조향OFF)|STRAIGHT,,999.00,0.58,0.6,2.5,3763
73.10,-26.998,-25.629,19.6,0.91,CLEAR(조향OFF)|STRAIGHT,,999.00,0.58,0.5,1.9,3814
73.15,-26.998,-25.629,19.7,0.91,CLEAR(조향OFF)|STRAIGHT,,999.00,0.58,0.4,1.9,3814
73.20,-26.919,-25.598,19.7,0.85,CLEAR(조향OFF)|STRAIGHT,,999.00,0.58,0.4,2.0,3827
73.25,-26.919,-25.598,19.8,0.85,CLEAR(조향OFF)|STRAIGHT,,999.00,0.58,0.2,2.1,3853
73.30,-26.829,-25.569,19.8,1.05,CLEAR(조향OFF)|STRAIGHT,,999.00,0.58,0.2,2.1,3853
73.35,-26.829,-25.569,19.9,1.05,CLEAR(조향OFF)|STRAIGHT,,999.00,0.60,0.7,2.0,3840
73.40,-26.752,-25.537,20.0,0.76,CLEAR(조향OFF)|STRAIGHT,,999.00,0.60,0.7,1.8,3907
73.45,-26.752,-25.537,20.0,0.76,CLEAR(조향OFF)|STRAIGHT,,999.00,0.60,0.5,1.7,3893
73.50,-26.668,-25.502,20.0,1.01,CLEAR(조향OFF)|STRAIGHT,,999.00,0.60,0.5,1.6,3907
73.55,-26.668,-25.502,20.1,1.01,CLEAR(조향OFF)|STRAIGHT,,999.00,0.60,0.6,1.6,3907
73.60,-26.586,-25.474,20.0,0.79,CLEAR(조향OFF)|STRAIGHT,,999.00,0.60,0.6,1.7,3934
73.65,-26.586,-25.474,20.1,0.79,CLEAR(조향OFF)|STRAIGHT,,999.00,0.60,0.5,1.7,3907
73.70,-26.511,-25.446,20.2,0.89,CLEAR(조향OFF)|STRAIGHT,,999.00,0.60,0.5,1.6,3907
73.75,-26.511,-25.446,20.2,0.89,CLEAR(조향OFF)|STRAIGHT,,999.00,0.60,0.6,1.6,3907
73.80,-26.426,-25.412,20.2,0.83,CLEAR(조향OFF)|STRAIGHT,,999.00,0.60,0.6,1.5,3948
73.85,-26.426,-25.412,20.2,0.83,CLEAR(조향OFF)|STRAIGHT,,999.00,0.60,0.5,1.4,3962
73.90,-26.342,-25.381,20.2,0.81,CLEAR(조향OFF)|STRAIGHT,,999.00,0.60,0.5,1.5,3962
73.95,-26.342,-25.381,20.2,0.81,AVOID(조향OFF)|STRAIGHT,,8.00,0.61,0.9,1.4,3962
74.00,-26.269,-25.347,20.2,1.00,AVOID(조향OFF)|STRAIGHT,,8.00,0.61,0.9,1.5,3976
74.05,-26.269,-25.347,20.2,1.00,AVOID(조향OFF)|STRAIGHT,,8.00,0.61,0.9,1.4,3962
74.10,-26.183,-25.316,20.2,0.83,AVOID(조향OFF)|STRAIGHT,,8.00,0.61,1.0,1.4,3948
74.15,-26.183,-25.316,20.2,0.83,CLEAR|STRAIGHT,,999.00,0.61,1.0,1.4,3976
74.20,-26.106,-25.284,20.2,0.84,CLEAR|STRAIGHT,,999.00,0.61,1.0,1.5,3962
74.25,-26.106,-25.284,20.3,0.84,CLEAR|STRAIGHT,,999.00,0.61,1.0,1.4,3962
74.30,-26.028,-25.254,20.3,0.84,CLEAR|STRAIGHT,,999.00,0.61,0.9,1.5,3990
74.35,-26.028,-25.254,20.3,0.84,AVOID|LEFT,16.4,8.00,0.61,16.4,1.4,3976
74.40,-25.939,-25.216,20.3,1.06,AVOID|STRAIGHT,2.2,8.00,0.61,16.4,1.5,3962
74.45,-25.939,-25.216,20.4,1.06,AVOID|STRAIGHT,2.2,8.00,0.61,2.2,1.4,3962
74.50,-25.860,-25.183,20.4,0.78,AVOID|LEFT,9.8,8.00,0.61,2.2,2.6,3853
74.55,-25.860,-25.183,20.6,0.78,AVOID|LEFT,9.8,8.00,0.63,9.8,3.7,3689
74.60,-25.775,-25.149,20.7,0.91,AVOID|LEFT,17.6,8.00,0.63,9.8,4.0,3618
74.65,-25.775,-25.149,20.9,0.91,AVOID|LEFT,17.6,8.00,0.63,17.6,4.0,3606
74.70,-25.695,-25.109,21.1,0.99,AVOID|LEFT,17.0,8.00,0.63,17.6,5.0,3505
74.75,-25.695,-25.109,21.5,0.99,AVOID|LEFT,17.0,8.00,0.63,17.0,6.4,3319
74.80,-25.611,-25.075,21.8,0.76,AVOID|LEFT,16.6,8.00,0.63,17.0,7.8,3125
74.85,-25.611,-25.075,22.5,0.76,AVOID|LEFT,16.6,8.00,0.63,16.6,8.9,2984
74.90,-25.530,-25.039,22.9,1.11,AVOID|LEFT,16.0,8.00,0.63,16.0,10.3,2820
74.95,-25.530,-25.039,23.8,1.11,AVOID|LEFT,16.0,8.00,0.63,16.0,11.5,2692
75.00,-25.449,-24.998,24.3,0.90,AVOID|LEFT,14.8,8.00,0.63,14.8,12.7,2575
75.05,-25.449,-24.998,25.4,0.90,AVOID|LEFT,14.8,8.00,0.64,14.8,13.2,2495
75.10,-25.372,-24.952,25.9,0.90,AVOID|LEFT,13.2,8.00,0.64,13.2,13.3,2467
75.15,-25.372,-24.952,27.0,0.90,AVOID|LEFT,13.2,8.00,0.64,13.2,13.3,2456
75.20,-25.295,-24.896,27.5,0.86,AVOID|LEFT,11.2,8.00,0.64,11.2,13.4,2451
75.25,-25.295,-24.896,28.5,0.86,AVOID|LEFT,11.2,8.00,0.64,11.2,13.3,2440
75.30,-25.230,-24.847,29.1,0.80,AVOID|LEFT,9.2,8.00,0.64,9.2,13.3,2435
75.35,-25.230,-24.847,30.1,0.80,AVOID|LEFT,7.2,8.00,0.64,9.2,13.3,2435
75.40,-25.153,-24.791,30.5,0.94,AVOID|LEFT,7.2,8.00,0.64,7.2,12.4,2489
75.45,-25.153,-24.791,31.6,0.94,AVOID|LEFT,5.2,8.00,0.64,7.2,11.9,2534
75.50,-25.087,-24.733,32.1,0.96,AVOID|LEFT,5.2,8.00,0.64,5.2,11.5,2563
75.55,-25.087,-24.733,33.0,0.96,AVOID|LEFT,3.0,8.00,0.64,5.2,10.6,2647
75.60,-25.010,-24.675,33.4,0.97,AVOID|LEFT,3.0,8.00,0.64,3.0,9.8,2724
75.65,-25.010,-24.675,34.1,0.97,AVOID|LEFT,1.0,8.00,0.64,3.0,8.8,2827
75.70,-24.953,-24.610,34.5,0.75,AVOID|LEFT,1.0,8.00,0.64,1.0,7.7,2930
75.75,-24.953,-24.610,35.0,0.75,AVOID|LEFT,-0.8,8.00,0.64,1.0,6.7,3057
75.80,-24.882,-24.556,35.2,0.81,AVOID|LEFT,-0.8,8.00,0.64,-0.8,5.5,3205
75.85,-24.882,-24.556,35.6,0.81,AVOID|LEFT,-2.4,8.00,0.64,-0.8,4.3,3379
75.90,-24.807,-24.496,35.7,1.07,AVOID|LEFT,-2.4,8.00,0.64,-2.4,3.4,3516
75.95,-24.807,-24.496,35.8,1.07,AVOID|STRAIGHT,-3.4,8.00,0.64,-3.4,2.3,3665
76.00,-24.739,-24.432,35.8,1.03,AVOID|STRAIGHT,-3.4,8.00,0.64,-3.4,1.7,3788
76.05,-24.739,-24.432,35.8,1.03,AVOID|RIGHT,-4.0,8.00,0.64,-4.0,1.0,3893
76.10,-24.662,-24.376,35.7,0.96,AVOID|RIGHT,-4.0,8.00,0.64,-4.0,0.2,4018
76.15,-24.662,-24.376,35.6,0.96,AVOID|RIGHT,-4.8,8.00,0.64,-4.8,-0.2,4137
76.20,-24.593,-24.316,35.5,0.83,AVOID|RIGHT,-4.8,8.00,0.64,-4.8,-0.6,4167
76.25,-24.593,-24.316,35.4,0.83,AVOID|RIGHT,-5.2,8.00,0.64,-5.2,-0.8,4230
76.30,-24.519,-24.259,35.3,0.93,AVOID|RIGHT,-5.2,8.00,0.64,-5.2,-1.2,4230
76.35,-24.519,-24.259,35.1,0.93,AVOID|RIGHT,-5.2,8.00,0.64,-5.2,-1.2,4295
76.40,-24.434,-24.205,35.0,1.00,AVOID|RIGHT,-5.2,8.00,0.64,-5.2,-1.9,4361
76.45,-24.434,-24.205,34.7,1.00,AVOID|RIGHT,-5.2,8.00,0.64,-5.2,-2.0,4395
76.50,-24.350,-24.142,34.6,1.05,AVOID|RIGHT,-5.4,8.00,0.64,-5.2,-2.2,4395
76.55,-24.350,-24.142,34.4,1.05,AVOID|RIGHT,-5.4,8.00,0.64,-5.4,-2.1,4430
76.60,-24.275,-24.084,34.3,1.06,AVOID|RIGHT,-5.4,8.00,0.64,-5.4,-2.1,4412
76.65,-24.275,-24.084,34.1,1.06,AVOID|RIGHT,-5.4,8.00,0.64,-5.4,-2.2,4412
76.70,-24.201,-24.027,34.0,0.84,AVOID|RIGHT,-5.6,8.00,0.64,-5.4,-2.2,4430
76.75,-24.201,-24.027,33.9,0.84,AVOID|RIGHT,-5.6,8.00,0.65,-5.6,-2.2,4447
76.80,-24.201,-24.027,33.8,0.84,AVOID|RIGHT,-5.8,8.00,0.65,-5.6,-2.2,4447
76.85,-24.118,-23.971,33.5,0.84,AVOID|RIGHT,-5.8,8.00,0.65,-5.8,-2.4,4465
76.90,-24.041,-23.906,33.4,1.42,AVOID|RIGHT,-6.0,8.00,0.65,-5.8,-2.5,4465
76.95,-24.041,-23.906,33.2,1.42,AVOID|RIGHT,-6.0,8.00,0.65,-6.0,-2.7,4501
77.00,-23.968,-23.849,33.0,0.85,AVOID|RIGHT,-6.0,8.00,0.65,-6.0,-2.8,4519
77.05,-23.968,-23.849,32.7,0.85,AVOID|RIGHT,-6.0,8.00,0.65,-6.0,-2.9,4519
77.10,-23.882,-23.799,32.6,0.99,AVOID|RIGHT,-6.0,8.00,0.65,-6.0,-2.9,4519
77.15,-23.882,-23.799,32.3,0.99,AVOID|RIGHT,-6.0,8.00,0.65,-6.0,-2.9,4519
77.20,-23.797,-23.742,32.1,1.02,AVOID|RIGHT,-6.2,8.00,0.65,-6.2,-3.3,4574
77.25,-23.797,-23.742,31.8,1.02,AVOID|RIGHT,-6.2,8.00,0.65,-6.2,-3.3,4574
77.30,-23.713,-23.687,31.6,1.00,AVOID|RIGHT,-6.0,8.00,0.65,-6.0,-3.2,4574
77.35,-23.713,-23.687,31.4,1.00,AVOID|RIGHT,-6.0,8.00,0.65,-6.0,-3.3,4555
77.40,-23.632,-23.637,31.3,0.96,AVOID|RIGHT,-6.0,8.00,0.65,-6.0,-3.3,4574
77.45,-23.632,-23.637,31.0,0.96,AVOID|RIGHT,-6.0,8.00,0.65,-6.0,-3.3,4574
77.50,-23.547,-23.589,30.8,0.97,AVOID|RIGHT,-6.0,8.00,0.65,-6.0,-3.3,4593
77.55,-23.547,-23.589,30.4,0.97,AVOID|LEFT,7.0,8.00,0.65,-6.0,-3.3,4574
77.60,-23.464,-23.535,30.4,0.99,AVOID|LEFT,7.0,8.00,0.65,7.0,-3.3,4593
77.65,-23.464,-23.535,30.1,0.99,AVOID|RIGHT,-6.4,8.00,0.65,7.0,-3.3,4574
77.70,-23.380,-23.471,29.9,1.16,AVOID|RIGHT,-6.4,8.00,0.65,-6.4,-3.0,4555
77.75,-23.380,-23.471,29.8,1.16,AVOID|LEFT,16.6,8.00,0.66,-6.4,-0.6,4378
77.80,-23.292,-23.419,29.8,1.02,AVOID|LEFT,16.6,8.00,0.66,16.6,-0.3,4311
77.85,-23.292,-23.419,29.6,1.02,AVOID|LEFT,17.4,8.00,0.66,16.6,-1.6,4395
77.90,-23.212,-23.358,29.4,0.91,AVOID|LEFT,17.4,8.00,0.66,17.4,-2.9,4501
77.95,-23.212,-23.358,29.1,0.91,BLOCKED|STOP,,0.93,0.66,17.4,-1.9,4447
78.00,-23.136,-23.294,29.1,1.09,BLOCKED|STOP,,0.93,0.57,-10.9,0.2,4262
78.05,-23.136,-23.294,29.2,1.09,AVOID|LEFT,16.8,8.00,0.48,-10.7,2.4,3990
78.10,-23.055,-23.239,29.3,0.88,AVOID|LEFT,16.8,8.00,0.53,16.8,2.7,3880
78.15,-23.055,-23.239,29.4,0.88,BLOCKED|STOP,,0.84,0.58,16.8,1.3,3976
78.20,-22.969,-23.180,29.3,1.05,BLOCKED|STOP,,0.84,0.49,-13.4,0.0,4167
78.25,-22.969,-23.180,29.2,1.05,AVOID|RIGHT,-15.8,8.00,0.40,-11.2,0.6,4121
78.30,-22.880,-23.118,29.2,1.08,AVOID|RIGHT,-15.8,8.00,0.45,-15.8,0.8,4106
78.35,-22.880,-23.118,29.2,1.08,AVOID|RIGHT,-18.0,8.00,0.50,-18.0,-0.7,4230
78.40,-22.798,-23.065,29.2,0.97,AVOID|RIGHT,-18.0,8.00,0.55,-18.0,-2.7,4430
78.45,-22.798,-23.065,28.7,0.97,AVOID|RIGHT,-16.2,8.00,0.60,-16.2,-4.6,4593
78.50,-22.709,-23.008,28.4,1.17,AVOID|RIGHT,-16.2,8.00,0.65,-16.2,-6.3,4788
78.55,-22.709,-23.008,27.7,1.17,AVOID|RIGHT,-16.6,8.00,0.66,-16.6,-8.0,4871
78.60,-22.616,-22.956,27.3,1.06,AVOID|RIGHT,-16.6,8.00,0.66,-16.6,-9.4,4957
78.65,-22.616,-22.956,26.4,1.06,AVOID|RIGHT,-18.0,8.00,0.66,-18.0,-11.0,5023
78.70,-22.523,-22.908,25.8,1.05,AVOID|RIGHT,-18.0,8.00,0.66,-18.0,-12.2,5068
78.75,-22.523,-22.908,24.6,1.05,AVOID|RIGHT,-17.0,8.00,0.68,-17.0,-12.8,5091
78.80,-22.430,-22.869,24.0,0.84,AVOID|RIGHT,-16.0,8.00,0.68,-17.0,-13.9,5091
78.85,-22.430,-22.869,22.8,0.84,AVOID|RIGHT,-16.0,8.00,0.68,-16.0,-14.1,5115
78.90,-22.339,-22.832,22.1,1.10,AVOID|RIGHT,-13.8,8.00,0.68,-16.0,-14.1,5115
78.95,-22.339,-22.832,20.9,1.10,AVOID|RIGHT,-13.8,8.00,0.68,-13.8,-14.1,5115
79.00,-22.239,-22.799,20.3,1.16,AVOID|RIGHT,-12.4,8.00,0.68,-13.8,-14.1,5115
79.05,-22.239,-22.799,19.0,1.16,AVOID|RIGHT,-12.4,8.00,0.68,-12.4,-14.1,5115
79.10,-22.148,-22.765,18.4,0.97,AVOID|RIGHT,-10.6,8.00,0.68,-12.4,-14.1,5091
79.15,-22.148,-22.765,17.2,0.97,AVOID|RIGHT,-10.6,8.00,0.68,-10.6,-14.1,5091
79.20,-22.050,-22.739,16.5,1.02,AVOID|RIGHT,-5.6,8.00,0.68,-10.6,-14.1,5091
79.25,-22.050,-22.739,15.3,1.02,AVOID|RIGHT,-5.6,8.00,0.68,-5.6,-14.1,5091
79.30,-21.944,-22.723,14.7,0.97,AVOID|RIGHT,-3.4,8.00,0.68,-5.6,-12.9,5091
79.35,-21.944,-22.723,13.6,0.97,AVOID|RIGHT,-3.4,8.00,0.68,-3.4,-11.9,5091
79.40,-21.843,-22.702,13.1,1.02,AVOID|RIGHT,-1.2,8.00,0.68,-1.2,-9.8,5046
79.45,-21.843,-22.702,12.3,1.02,AVOID|RIGHT,-1.2,8.00,0.68,-1.2,-8.0,5001
79.50,-21.745,-22.683,12.0,1.11,AVOID|RIGHT,1.0,8.00,0.68,1.0,-6.1,4935
79.55,-21.647,-22.655,11.6,1.13,AVOID|RIGHT,1.0,8.00,0.68,1.0,-4.2,4808
79.60,-21.647,-22.655,11.4,1.13,AVOID|STRAIGHT,1.2,8.00,0.68,1.2,-2.8,4688
79.65,-21.647,-22.655,11.2,1.13,AVOID|STRAIGHT,1.2,8.00,0.68,1.2,-1.8,4574
79.70,-21.647,-22.655,11.1,1.13,AVOID|STRAIGHT,2.4,8.00,0.68,2.4,-1.2,4483
79.75,-21.545,-22.659,10.9,0.66,AVOID|STRAIGHT,2.4,8.00,0.68,2.4,-1.1,4447
79.80,-21.545,-22.659,10.9,0.66,AVOID|STRAIGHT,3.2,8.00,0.67,3.2,-0.7,4395
79.85,-21.545,-22.659,10.7,0.66,AVOID|STRAIGHT,3.4,8.00,0.67,3.2,0.0,4311
79.90,-21.328,-22.647,10.6,1.27,AVOID|STRAIGHT,3.4,8.00,0.67,3.4,0.6,4230
79.95,-21.328,-22.647,10.6,1.27,AVOID|LEFT,3.8,8.00,0.67,3.4,1.0,4167
80.00,-21.235,-22.618,10.5,0.88,AVOID|LEFT,3.8,8.00,0.67,3.8,1.0,4121
80.05,-21.235,-22.618,10.5,0.88,AVOID|LEFT,3.6,8.00,0.67,3.8,1.1,4106
80.10,-21.134,-22.584,10.5,1.33,AVOID|LEFT,3.6,8.00,0.67,3.6,1.1,4106
80.15,-21.134,-22.584,10.4,1.33,AVOID|STRAIGHT,4.4,8.00,0.67,3.6,1.3,4047
80.20,-21.031,-22.564,10.4,1.04,AVOID|STRAIGHT,4.4,8.00,0.67,4.4,1.6,4004
80.25,-21.031,-22.564,10.5,1.04,AVOID|LEFT,4.4,8.00,0.67,4.4,1.8,3990
80.30,-20.936,-22.530,10.5,0.91,AVOID|LEFT,4.4,8.00,0.67,4.4,2.1,3934
80.35,-20.936,-22.530,10.5,0.91,AVOID|STRAIGHT,4.6,8.00,0.67,4.4,2.2,3907
80.40,-20.936,-22.530,10.5,0.91,AVOID|STRAIGHT,4.6,8.00,0.67,4.6,2.1,3893
80.45,-20.843,-22.497,10.7,0.53,AVOID|STRAIGHT,4.2,8.00,0.67,4.6,2.1,3893
80.50,-20.746,-22.468,10.7,15.95,AVOID|STRAIGHT,4.2,8.00,0.67,4.2,2.1,3907
80.55,-20.746,-22.468,10.8,15.95,AVOID|LEFT,4.6,8.00,0.67,4.6,2.2,3880
80.60,-20.650,-22.441,10.8,0.91,AVOID|LEFT,4.6,8.00,0.67,4.6,2.1,3880
80.65,-20.650,-22.441,10.8,0.91,AVOID|STRAIGHT,4.6,8.00,0.67,4.6,2.4,3853
80.70,-20.540,-22.422,10.8,1.23,AVOID|STRAIGHT,4.6,8.00,0.67,4.6,2.7,3827
80.75,-20.540,-22.422,10.9,1.23,AVOID|LEFT,4.8,8.00,0.67,4.8,2.8,3801
80.80,-20.443,-22.398,11.0,0.91,AVOID|LEFT,4.8,8.00,0.67,4.8,2.8,3788
80.85,-20.443,-22.398,11.2,0.91,AVOID|STRAIGHT,4.6,8.00,0.67,4.6,2.9,3751
80.90,-20.343,-22.360,11.3,1.05,AVOID|LEFT,5.2,8.00,0.67,4.6,3.0,3738
80.95,-20.343,-22.360,11.4,1.05,AVOID|LEFT,5.2,8.00,0.67,5.2,3.1,3763
81.00,-20.231,-22.339,11.5,1.26,AVOID|LEFT,4.8,8.00,0.67,5.2,3.0,3738
81.05,-20.231,-22.339,11.6,1.26,AVOID|LEFT,4.8,8.00,0.67,4.8,3.0,3751
81.10,-20.135,-22.316,11.7,0.99,AVOID|LEFT,5.4,8.00,0.67,4.8,2.9,3751
81.15,-20.135,-22.316,11.9,0.99,AVOID|LEFT,5.4,8.00,0.67,5.4,3.0,3726
81.20,-20.037,-22.276,12.0,0.95,AVOID|LEFT,5.8,8.00,0.67,5.4,3.1,3726
81.25,-20.037,-22.276,12.2,0.95,AVOID|LEFT,5.8,8.00,0.67,5.8,3.0,3738
81.30,-19.940,-22.238,12.4,1.03,AVOID|LEFT,6.4,8.00,0.67,5.8,3.4,3689
81.35,-19.846,-22.209,12.6,1.23,AVOID|LEFT,6.4,8.00,0.67,6.4,3.6,3665
81.40,-19.846,-22.209,12.8,1.23,AVOID|LEFT,6.8,8.00,0.67,6.4,3.5,3641
81.45,-19.846,-22.209,13.0,1.23,AVOID|LEFT,6.8,8.00,0.67,6.8,3.7,3630
81.50,-19.743,-22.200,13.1,0.93,AVOID|LEFT,7.0,8.00,0.67,7.0,3.6,3630
81.55,-19.743,-22.200,13.3,0.93,AVOID|LEFT,7.0,8.00,0.67,7.0,3.7,3641
81.60,-19.648,-22.161,13.4,1.02,AVOID|LEFT,9.0,8.00,0.67,9.0,4.2,3572
81.65,-19.648,-22.161,13.7,1.02,AVOID|LEFT,9.0,8.00,0.67,9.0,4.6,3527
81.70,-19.552,-22.125,13.9,1.02,CLEAR|STRAIGHT,,999.00,0.67,10.0,5.2,3441
81.75,-19.552,-22.125,14.3,1.02,CLEAR|STRAIGHT,,999.00,0.67,8.6,5.8,3369
81.80,-19.452,-22.094,14.6,0.95,CLEAR|STRAIGHT,,999.00,0.67,8.5,6.8,3233
81.85,-19.452,-22.094,15.2,0.95,CLEAR|STRAIGHT,,999.00,0.67,9.0,7.2,3187
81.90,-19.348,-22.055,15.6,1.11,CLEAR|STRAIGHT,,999.00,0.67,8.8,7.2,3152
81.95,-19.348,-22.055,16.2,1.11,CLEAR|STRAIGHT,,999.00,0.67,8.5,7.3,3152
82.00,-19.256,-22.012,16.5,1.11,CLEAR|STRAIGHT,,999.00,0.67,8.4,7.4,3134
82.05,-19.256,-22.012,17.1,1.11,CLEAR|STRAIGHT,,999.00,0.67,8.4,7.2,3125
82.10,-19.158,-21.977,17.4,1.04,CLEAR|STRAIGHT,,999.00,0.67,8.2,7.3,3117
82.15,-19.158,-21.977,18.0,1.04,CLEAR|STRAIGHT,,999.00,0.67,8.7,7.2,3125
82.20,-19.067,-21.930,18.3,1.01,CLEAR|STRAIGHT,,999.00,0.67,8.5,7.3,3108
82.25,-19.067,-21.930,19.0,1.01,CLEAR|STRAIGHT,,999.00,0.68,6.9,7.2,3117
82.30,-18.973,-21.891,19.2,1.01,CLEAR|STRAIGHT,,999.00,0.68,6.7,7.2,3108
82.35,-18.973,-21.891,19.9,1.01,CLEAR|STRAIGHT,,999.00,0.68,6.8,7.3,3117
82.40,-18.880,-21.836,20.2,0.98,CLEAR|STRAIGHT,,999.00,0.68,6.6,7.3,3108
82.45,-18.880,-21.836,20.8,0.98,CLEAR|STRAIGHT,,999.00,0.68,6.6,7.3,3108
82.50,-18.786,-21.797,21.2,1.13,CLEAR|STRAIGHT,,999.00,0.68,6.4,7.3,3108
82.55,-18.786,-21.797,21.8,1.13,CLEAR|STRAIGHT,,999.00,0.68,6.1,7.3,3100
82.60,-18.694,-21.746,22.0,1.04,CLEAR|STRAIGHT,,999.00,0.68,5.9,7.3,3100
82.65,-18.694,-21.746,22.7,1.04,CLEAR|STRAIGHT,,999.00,0.69,4.8,7.3,3108
82.70,-18.605,-21.706,23.0,0.98,CLEAR|STRAIGHT,,999.00,0.69,4.6,7.2,3100
82.75,-18.605,-21.706,23.6,0.98,CLEAR|STRAIGHT,,999.00,0.69,4.6,7.2,3100
82.80,-18.511,-21.653,23.9,0.89,CLEAR|STRAIGHT,,999.00,0.69,4.4,6.9,3125
82.85,-18.511,-21.653,24.5,0.89,CLEAR|STRAIGHT,,999.00,0.69,4.4,6.4,3169
82.90,-18.419,-21.609,24.8,1.14,CLEAR|STRAIGHT,,999.00,0.69,4.3,6.1,3205
82.95,-18.419,-21.609,25.3,1.14,CLEAR|STRAIGHT,,999.00,0.69,3.8,6.2,3233
83.00,-18.419,-21.609,25.6,1.14,CLEAR|STRAIGHT,,999.00,0.69,3.7,6.5,3233
83.05,-18.326,-21.579,26.1,0.69,CLEAR|STRAIGHT,,999.00,0.69,4.8,6.1,3252
83.10,-18.326,-21.579,26.4,0.69,CLEAR|STRAIGHT,,999.00,0.69,4.6,6.1,3233
83.15,-18.326,-21.579,26.8,0.69,CLEAR|STRAIGHT,,999.00,0.69,4.2,6.0,3242
83.20,-18.138,-21.462,27.1,1.47,CLEAR|STRAIGHT,,999.00,0.69,4.0,6.1,3242
83.25,-18.138,-21.462,27.6,1.47,CLEAR|STRAIGHT,,999.00,0.69,2.0,6.0,3261
83.30,-18.054,-21.403,27.9,0.93,CLEAR|STRAIGHT,,999.00,0.69,1.8,6.0,3252
83.35,-18.054,-21.403,28.4,0.93,CLEAR|STRAIGHT,,999.00,0.69,2.0,5.3,3329
83.40,-17.969,-21.326,28.7,1.24,CLEAR|STRAIGHT,,999.00,0.69,1.8,4.4,3430
83.45,-17.969,-21.326,29.1,1.24,CLEAR|STRAIGHT,,999.00,0.69,1.0,4.1,3494
83.50,-17.880,-21.273,29.3,1.04,CLEAR|STRAIGHT,,999.00,0.69,0.9,4.1,3505
83.55,-17.880,-21.273,29.6,1.04,CLEAR|STRAIGHT,,999.00,0.69,0.7,3.7,3561
83.60,-17.795,-21.213,29.7,1.03,CLEAR|STRAIGHT,,999.00,0.69,0.6,3.4,3595
83.65,-17.795,-21.213,30.1,1.03,CLEAR|STRAIGHT,,999.00,0.70,0.2,3.4,3630
83.70,-17.703,-21.138,30.1,1.17,CLEAR|STRAIGHT,,999.00,0.70,0.1,3.2,3665
83.75,-17.703,-21.138,30.4,1.17,CLEAR|STRAIGHT,,999.00,0.70,-0.3,2.8,3689
83.80,-17.621,-21.088,30.5,0.87,CLEAR|STRAIGHT,,999.00,0.70,-0.4,2.6,3751
83.85,-17.621,-21.088,30.8,0.87,CLEAR|STRAIGHT,,999.00,0.70,-0.6,2.3,3801
83.90,-17.533,-21.022,30.8,1.21,CLEAR|STRAIGHT,,999.00,0.70,-0.7,2.0,3814
83.95,-17.533,-21.022,31.0,1.21,CLEAR|STRAIGHT,,999.00,0.70,-1.0,1.9,3840
84.00,-17.440,-20.949,31.1,1.17,CLEAR|STRAIGHT,,999.00,0.70,-1.0,1.9,3840
84.05,-17.440,-20.949,31.2,1.17,CLEAR|STRAIGHT,,999.00,0.70,-1.5,1.6,3907
84.10,-17.344,-20.888,31.2,1.14,CLEAR|STRAIGHT,,999.00,0.70,-1.5,1.6,3934
84.15,-17.344,-20.888,31.3,1.14,CLEAR(조향OFF)|STRAIGHT,,999.00,0.70,-1.4,1.6,3920
84.20,-17.252,-20.836,31.4,0.96,CLEAR(조향OFF)|STRAIGHT,,999.00,0.70,-1.4,1.5,3934
84.25,-17.252,-20.836,31.5,0.96,CLEAR(조향OFF)|STRAIGHT,,999.00,0.70,-1.6,1.6,3934
84.30,-17.159,-20.781,31.5,1.08,CLEAR(조향OFF)|STRAIGHT,,999.00,0.70,-1.7,1.6,3934
84.35,-17.159,-20.781,31.6,1.08,CLEAR(조향OFF)|STRAIGHT,,999.00,0.70,-1.8,1.3,3976
84.40,-17.070,-20.721,31.6,1.19,CLEAR(조향OFF)|STRAIGHT,,999.00,0.70,-1.8,1.0,4018
84.45,-17.070,-20.721,31.5,1.19,CLEAR(조향OFF)|STRAIGHT,,999.00,0.70,-1.9,0.9,4018
84.50,-16.986,-20.645,31.4,1.12,CLEAR(조향OFF)|STRAIGHT,,999.00,0.70,-1.8,0.9,4062
84.55,-16.986,-20.645,31.5,1.12,CLEAR(조향OFF)|STRAIGHT,,999.00,0.68,-1.8,0.9,4047
84.60,-16.898,-20.591,31.5,1.02,CLEAR(조향OFF)|STRAIGHT,,999.00,0.68,-1.8,0.9,4062
84.65,-16.898,-20.591,31.6,1.02,CLEAR(조향OFF)|STRAIGHT,,999.00,0.68,-2.1,0.8,4062
84.70,-16.809,-20.509,31.5,1.19,CLEAR(조향OFF)|STRAIGHT,,999.00,0.68,-2.1,0.8,4062
84.75,-16.809,-20.509,31.6,1.19,CLEAR(조향OFF)|STRAIGHT,,999.00,0.68,-2.4,0.7,4062
84.80,-16.717,-20.428,31.6,1.09,CLEAR(조향OFF)|STRAIGHT,,999.00,0.68,-2.4,0.5,4121
84.85,-16.717,-20.428,31.6,1.09,CLEAR(조향OFF)|STRAIGHT,,999.00,0.68,-3.2,0.5,4106
84.90,-16.621,-20.375,31.6,1.22,CLEAR(조향OFF)|STRAIGHT,,999.00,0.68,-3.2,0.5,4121
84.95,-16.530,-20.315,31.6,1.21,CLEAR(조향OFF)|STRAIGHT,,999.00,0.68,-3.2,0.5,4121
85.00,-16.530,-20.315,31.5,1.21,CLEAR(조향OFF)|STRAIGHT,,999.00,0.68,-2.5,0.4,4137
85.05,-16.530,-20.315,31.8,1.21,CLEAR(조향OFF)|STRAIGHT,,999.00,0.66,-2.6,0.5,4106
85.10,-16.433,-20.255,32.0,1.09,CLEAR(조향OFF)|STRAIGHT,,999.00,0.66,-2.6,0.4,4121
85.15,-16.433,-20.255,31.6,1.09,CLEAR(조향OFF)|STRAIGHT,,999.00,0.66,-2.9,-0.3,4198
85.20,-16.345,-20.202,31.6,1.00,CLEAR(조향OFF)|STRAIGHT,,999.00,0.66,-3.0,-0.5,4246
85.25,-16.345,-20.202,31.5,1.00,CLEAR(조향OFF)|STRAIGHT,,999.00,0.66,-3.3,-0.6,4262
85.30,-16.246,-20.137,31.4,1.06,CLEAR(조향OFF)|STRAIGHT,,999.00,0.66,-3.3,-0.6,4262
85.35,-16.246,-20.137,31.4,1.06,CLEAR(조향OFF)|STRAIGHT,,999.00,0.66,-3.5,-0.6,4278
85.40,-16.151,-20.098,31.3,1.13,CLEAR(조향OFF)|STRAIGHT,,999.00,0.66,-3.5,-1.1,4311
85.45,-16.151,-20.098,31.2,1.13,CLEAR(조향OFF)|STRAIGHT,,999.00,0.65,-2.3,-1.1,4328
85.50,-16.151,-20.098,31.1,1.13,CLEAR(조향OFF)|STRAIGHT,,999.00,0.65,-2.2,-1.1,4344
85.55,-16.071,-20.036,31.0,0.72,CLEAR(조향OFF)|STRAIGHT,,999.00,0.65,-3.2,-1.1,4328
85.60,-16.071,-20.036,31.0,0.72,CLEAR(조향OFF)|STRAIGHT,,999.00,0.65,-3.1,-1.1,4328
85.65,-16.071,-20.036,30.9,0.72,CLEAR(조향OFF)|STRAIGHT,,999.00,0.65,-3.1,-1.0,4344
85.70,-15.885,-19.896,30.8,1.36,CLEAR(조향OFF)|STRAIGHT,,999.00,0.65,-3.0,-1.2,4311
85.75,-15.885,-19.896,30.7,1.36,CLEAR(조향OFF)|STRAIGHT,,999.00,0.65,-2.7,-1.1,4328
85.80,-15.885,-19.896,30.7,1.36,CLEAR(조향OFF)|STRAIGHT,,999.00,0.65,-2.7,-1.1,4344
85.85,-15.885,-19.896,30.6,1.36,CLEAR(조향OFF)|STRAIGHT,,999.00,0.65,-2.6,-1.2,4344
85.90,-15.706,-19.753,30.5,28.68,CLEAR(조향OFF)|STRAIGHT,,999.00,0.65,-2.6,-1.2,4344
85.95,-15.706,-19.753,30.4,28.68,CLEAR(조향OFF)|STRAIGHT,,999.00,0.64,-1.0,-1.1,4344
86.00,-15.616,-19.692,30.3,1.08,CLEAR(조향OFF)|STRAIGHT,,999.00,0.64,-0.9,-1.2,4328
86.05,-15.616,-19.692,30.1,1.08,CLEAR(조향OFF)|STRAIGHT,,999.00,0.64,-3.0,-1.2,4328
86.10,-15.520,-19.636,30.1,1.01,CLEAR(조향OFF)|STRAIGHT,,999.00,0.64,-2.9,-1.1,4344
86.15,-15.520,-19.636,30.0,1.01,CLEAR(조향OFF)|STRAIGHT,,999.00,0.64,-3.3,-1.2,4344
86.20,-15.430,-19.582,29.9,1.17,CLEAR(조향OFF)|STRAIGHT,,999.00,0.64,-3.3,-1.0,4328
86.25,-15.430,-19.582,29.7,1.17,CLEAR(조향OFF)|STRAIGHT,,999.00,0.64,-3.2,-1.2,4344
86.30,-15.338,-19.524,29.7,0.99,CLEAR(조향OFF)|STRAIGHT,,999.00,0.64,-3.1,-1.1,4344
86.35,-15.338,-19.524,29.6,0.99,CLEAR(조향OFF)|STRAIGHT,,999.00,0.63,-2.4,-1.2,4328
86.40,-15.239,-19.478,29.5,1.21,CLEAR(조향OFF)|STRAIGHT,,999.00,0.63,-2.4,-1.2,4344
86.45,-15.239,-19.478,29.3,1.21,CLEAR(조향OFF)|STRAIGHT,,999.00,0.63,-2.0,-1.1,4344
86.50,-15.148,-19.418,29.3,1.09,CLEAR(조향OFF)|STRAIGHT,,999.00,0.63,-2.0,-1.1,4328
86.55,-15.148,-19.418,29.2,1.09,CLEAR(조향OFF)|STRAIGHT,,999.00,0.63,-2.4,-1.2,4344
86.60,-15.054,-19.360,29.1,1.00,CLEAR(조향OFF)|STRAIGHT,,999.00,0.63,-2.4,-1.1,4344
86.65,-15.054,-19.360,29.0,1.00,CLEAR(조향OFF)|STRAIGHT,,999.00,0.63,-2.8,-1.1,4361
86.70,-14.953,-19.302,29.0,1.30,CLEAR(조향OFF)|STRAIGHT,,999.00,0.63,-2.7,-1.1,4344
86.75,-14.953,-19.302,28.8,1.30,CLEAR(조향OFF)|STRAIGHT,,999.00,0.63,-2.3,-1.1,4344
86.80,-14.862,-19.255,28.8,0.93,CLEAR(조향OFF)|STRAIGHT,,999.00,0.63,-2.2,-1.1,4361
86.85,-14.862,-19.255,28.6,0.93,CLEAR(조향OFF)|STRAIGHT,,999.00,0.63,-1.8,-1.1,4344
86.90,-14.862,-19.255,28.6,0.93,CLEAR(조향OFF)|STRAIGHT,,999.00,0.63,-1.7,-1.1,4344
86.95,-14.778,-19.194,28.5,0.74,CLEAR(조향OFF)|STRAIGHT,,999.00,0.63,-2.4,-1.1,4361
87.00,-14.778,-19.194,28.4,0.74,CLEAR(조향OFF)|STRAIGHT,,999.00,0.63,-2.4,-1.1,4328
87.05,-14.778,-19.194,28.3,0.74,CLEAR(조향OFF)|STRAIGHT,,999.00,0.63,-2.3,-1.1,4361
87.10,-14.594,-19.068,28.2,1.47,CLEAR(조향OFF)|STRAIGHT,,999.00,0.63,-2.2,-1.1,4344
87.15,-14.594,-19.068,28.1,1.47,CLEAR(조향OFF)|STRAIGHT,,999.00,0.63,-1.5,-1.1,4344
87.20,-14.505,-19.014,28.1,1.04,CLEAR(조향OFF)|STRAIGHT,,999.00,0.63,-1.4,-1.1,4344
87.25,-14.505,-19.014,27.9,1.04,CLEAR(조향OFF)|STRAIGHT,,999.00,0.63,-2.5,-1.1,4361
87.30,-14.421,-18.958,27.9,0.92,CLEAR(조향OFF)|STRAIGHT,,999.00,0.63,-2.5,-1.2,4361
87.35,-14.421,-18.958,27.8,0.92,CLEAR(조향OFF)|STRAIGHT,,999.00,0.62,-1.6,-1.2,4361
87.40,-14.327,-18.906,27.7,1.20,CLEAR(조향OFF)|STRAIGHT,,999.00,0.62,-1.5,-1.1,4361
87.45,-14.327,-18.906,27.6,1.20,CLEAR(조향OFF)|STRAIGHT,,999.00,0.62,-1.1,-1.2,4344
87.50,-14.234,-18.852,27.5,1.07,CLEAR(조향OFF)|STRAIGHT,,999.00,0.62,-1.1,-1.1,4361
87.55,-14.234,-18.852,27.4,1.07,CLEAR(조향OFF)|STRAIGHT,,999.00,0.62,-1.4,-1.1,4361
87.60,-14.138,-18.811,27.3,1.04,AVOID(조향OFF)|RIGHT,,8.00,0.62,-1.3,-1.1,4344
87.65,-14.138,-18.811,27.2,1.04,AVOID(조향OFF)|RIGHT,,8.00,0.62,-1.3,-1.1,4361
87.70,-14.046,-18.766,27.1,1.01,CLEAR(조향OFF)|STRAIGHT,,999.00,0.62,-1.3,-1.1,4361
87.75,-14.046,-18.766,26.9,1.01,CLEAR(조향OFF)|STRAIGHT,,999.00,0.62,-0.2,-1.1,4361
87.80,-13.952,-18.716,26.9,0.97,CLEAR(조향OFF)|STRAIGHT,,999.00,0.62,-0.1,-1.1,4361
87.85,-13.952,-18.716,26.8,0.97,CLEAR(조향OFF)|STRAIGHT,,999.00,0.62,-0.2,-1.1,4361
87.90,-13.858,-18.669,26.7,1.06,AVOID(조향OFF)|RIGHT,,8.00,0.62,-0.1,-1.1,4328
87.95,-13.858,-18.669,26.5,1.06,AVOID(조향OFF)|RIGHT,,8.00,0.62,0.1,-1.1,4361
88.00,-13.765,-18.610,26.5,1.09,AVOID(조향OFF)|RIGHT,,8.00,0.62,0.1,-1.1,4361
88.05,-13.765,-18.610,26.3,1.09,AVOID(조향OFF)|RIGHT,,8.00,0.62,0.1,-1.1,4361
88.10,-13.670,-18.566,26.3,1.16,AVOID(조향OFF)|RIGHT,,8.00,0.62,0.1,-1.1,4344
88.15,-13.670,-18.566,26.2,1.16,AVOID(조향OFF)|RIGHT,,8.00,0.62,0.4,-1.1,4361
88.20,-13.576,-18.521,26.1,1.05,AVOID(조향OFF)|RIGHT,,8.00,0.62,0.4,-1.1,4344
88.25,-13.576,-18.521,26.0,1.05,AVOID(조향OFF)|RIGHT,,8.00,0.61,1.1,-1.1,4361
88.30,-13.482,-18.468,25.9,0.98,AVOID(조향OFF)|RIGHT,,8.00,0.61,1.2,-1.1,4344
88.35,-13.482,-18.468,25.7,0.98,AVOID(조향OFF)|RIGHT,,8.00,0.61,1.3,-1.1,4344
88.40,-13.387,-18.428,25.6,1.03,AVOID(조향OFF)|RIGHT,,8.00,0.61,1.3,0.5,4198
88.45,-13.387,-18.428,25.6,1.03,AVOID(조향OFF)|RIGHT,,8.00,0.61,1.6,0.7,4152
88.50,-13.294,-18.372,25.6,1.20,AVOID(조향OFF)|RIGHT,,8.00,0.61,1.6,0.7,4152
88.55,-13.294,-18.372,25.6,1.20,AVOID(조향OFF)|RIGHT,,8.00,0.61,1.7,0.7,4137
88.60,-13.200,-18.324,25.5,1.06,AVOID(조향OFF)|RIGHT,,8.00,0.61,1.7,0.6,4121
88.65,-13.200,-18.324,25.6,1.06,AVOID(조향OFF)|RIGHT,,8.00,0.61,1.7,0.6,4137
88.70,-13.103,-18.273,25.6,0.99,AVOID(조향OFF)|RIGHT,,8.00,0.61,1.7,0.6,4137
88.75,-13.103,-18.273,25.6,0.99,AVOID(조향OFF)|RIGHT,,8.00,0.59,2.3,0.7,4106
88.80,-13.006,-18.226,25.5,1.08,AVOID(조향OFF)|RIGHT,,8.00,0.59,2.3,0.7,4106
88.85,-13.006,-18.226,25.5,1.08,AVOID(조향OFF)|RIGHT,,8.00,0.59,2.5,0.7,4106
88.90,-12.916,-18.175,25.6,1.04,AVOID(조향OFF)|RIGHT,,8.00,0.59,2.5,0.6,4106
88.95,-12.916,-18.175,25.5,1.04,AVOID(조향OFF)|RIGHT,,8.00,0.59,2.6,0.6,4106
89.00,-12.822,-18.122,25.5,1.19,AVOID(조향OFF)|RIGHT,,8.00,0.59,2.6,0.7,4106
89.05,-12.822,-18.122,25.6,1.19,AVOID(조향OFF)|RIGHT,,8.00,0.59,2.8,0.7,4092
89.10,-12.725,-18.078,25.5,1.07,AVOID(조향OFF)|RIGHT,,8.00,0.59,2.8,0.9,4121
89.15,-12.725,-18.078,25.6,1.07,AVOID(조향OFF)|RIGHT,,8.00,0.58,3.2,0.7,4106
89.20,-12.631,-18.033,25.6,1.04,AVOID(조향OFF)|RIGHT,,8.00,0.58,3.1,0.7,4092
89.25,-12.631,-18.033,25.7,1.04,AVOID(조향OFF)|RIGHT,,8.00,0.58,3.4,0.7,4092
89.30,-12.533,-17.991,25.8,0.97,AVOID(조향OFF)|RIGHT,,8.00,0.58,3.4,1.3,4047
89.35,-12.533,-17.991,25.9,0.97,AVOID(조향OFF)|RIGHT,,8.00,0.58,3.6,1.5,3976
89.40,-12.438,-17.934,25.9,1.23,AVOID(조향OFF)|RIGHT,,8.00,0.58,3.6,1.5,3976
89.45,-12.438,-17.934,26.3,1.23,AVOID(조향OFF)|RIGHT,,8.00,0.58,3.6,1.7,3976
89.50,-12.339,-17.889,26.3,1.08,AVOID(조향OFF)|RIGHT,,8.00,0.58,3.5,1.6,3948
89.55,-12.339,-17.889,26.3,1.08,AVOID(조향OFF)|RIGHT,,8.00,0.58,3.9,1.6,3948
89.60,-12.239,-17.836,26.3,1.13,AVOID(조향OFF)|RIGHT,,8.00,0.58,3.9,1.7,3934
89.65,-12.239,-17.836,26.4,1.13,AVOID(조향OFF)|RIGHT,,8.00,0.55,4.0,1.8,3920
89.70,-12.142,-17.786,26.5,1.10,AVOID(조향OFF)|RIGHT,,8.00,0.55,3.9,1.8,3920
89.75,-12.142,-17.786,26.5,1.10,AVOID(조향OFF)|RIGHT,,8.00,0.55,4.2,1.9,3920
89.80,-12.053,-17.735,26.5,0.93,AVOID(조향OFF)|RIGHT,,8.00,0.55,4.2,1.9,3907
89.85,-12.053,-17.735,26.5,0.93,AVOID(조향OFF)|RIGHT,,8.00,0.55,4.6,1.8,3920
89.90,-11.962,-17.693,26.5,1.00,AVOID(조향OFF)|RIGHT,,8.00,0.55,4.6,1.9,3907
89.95,-11.962,-17.693,26.5,1.00,AVOID(조향OFF)|RIGHT,,8.00,0.55,5.0,1.9,3907
90.00,-11.870,-17.639,26.5,1.07,AVOID(조향OFF)|RIGHT,,8.00,0.55,5.0,1.8,3907
90.05,-11.870,-17.639,26.5,1.07,AVOID(조향OFF)|RIGHT,,8.00,0.55,5.3,1.9,3920
90.10,-11.783,-17.585,26.5,1.02,AVOID(조향OFF)|RIGHT,,8.00,0.55,5.3,2.5,3840
90.15,-11.783,-17.585,26.5,1.02,AVOID(조향OFF)|RIGHT,,8.00,0.54,5.1,2.9,3788
90.20,-11.697,-17.531,26.6,1.01,AVOID(조향OFF)|RIGHT,,8.00,0.54,5.1,3.2,3738
90.25,-11.697,-17.531,26.9,1.01,AVOID(조향OFF)|RIGHT,,8.00,0.54,5.3,3.4,3689
90.30,-11.602,-17.490,27.1,1.03,AVOID(조향OFF)|RIGHT,,8.00,0.54,5.2,3.6,3653
90.35,-11.602,-17.490,27.3,1.03,AVOID(조향OFF)|RIGHT,,8.00,0.54,5.5,3.6,3653
90.40,-11.512,-17.436,27.4,1.17,AVOID(조향OFF)|RIGHT,,8.00,0.54,5.4,3.6,3653
90.45,-11.512,-17.436,27.7,1.17,AVOID(조향OFF)|RIGHT,,8.00,0.54,5.5,3.7,3641
90.50,-11.420,-17.383,27.9,0.96,AVOID(조향OFF)|RIGHT,,8.00,0.54,5.4,3.6,3630
90.55,-11.420,-17.383,28.3,0.96,AVOID(조향OFF)|RIGHT,,8.00,0.54,5.8,3.6,3630
90.60,-11.337,-17.329,28.3,1.10,AVOID(조향OFF)|RIGHT,,8.00,0.54,5.7,3.6,3630
90.65,-11.337,-17.329,28.7,1.10,BLOCKED(조향OFF)|STOP,,0.90,0.51,5.1,3.7,3630
90.70,-11.337,-17.329,28.8,1.10,BLOCKED(조향OFF)|STOP,,0.90,0.42,5.0,3.6,3641
90.75,-11.257,-17.279,29.1,0.63,BLOCKED(조향OFF)|STOP,,0.81,0.33,5.5,3.7,3641
90.80,-11.257,-17.279,29.2,0.63,BLOCKED(조향OFF)|STOP,,0.81,0.24,5.4,3.6,3618
90.85,-11.257,-17.279,29.6,0.63,BLOCKED(조향OFF)|STOP,,0.73,0.15,5.2,3.6,3665
90.90,-11.089,-17.182,29.8,1.21,BLOCKED(조향OFF)|STOP,,0.73,0.06,5.1,3.6,3630
90.95,-11.089,-17.182,30.1,1.21,BLOCKED(조향OFF)|STOP,,0.65,0.00,5.2,3.6,3630
91.00,-11.004,-17.129,30.2,1.00,BLOCKED(조향OFF)|STOP,,0.65,0.00,5.1,3.6,3641
91.05,-11.004,-17.129,30.5,1.00,BLOCKED(조향OFF)|STOP,,0.56,0.00,5.6,3.6,3630
91.10,-10.923,-17.074,30.6,0.98,BLOCKED(조향OFF)|STOP,,0.56,0.00,5.5,3.6,3618
91.15,-10.923,-17.074,30.9,0.98,BLOCKED(조향OFF)|STOP,,0.49,0.00,5.1,3.7,3630
91.20,-10.841,-17.009,31.0,1.03,BLOCKED(조향OFF)|STOP,,0.49,0.00,5.0,3.5,3630
91.25,-10.841,-17.009,31.2,1.03,BLOCKED(조향OFF)|STOP,,0.42,0.00,5.0,3.6,3641
91.30,-10.765,-16.965,31.3,0.98,BLOCKED(조향OFF)|STOP,,0.37,0.00,5.0,3.6,3618
91.35,-10.765,-16.965,31.5,0.98,BLOCKED(조향OFF)|STOP,,0.37,0.00,5.2,3.7,3630
91.40,-10.703,-16.921,31.6,0.76,BLOCKED(조향OFF)|STOP,,0.32,0.00,5.2,3.7,3618
91.45,-10.703,-16.921,31.8,0.76,BLOCKED(조향OFF)|STOP,,0.32,0.00,5.5,4.4,3549
91.50,-10.640,-16.884,32.0,0.73,CLEAR(조향OFF)|STRAIGHT,,999.00,0.00,5.5,4.5,3505
91.55,-10.640,-16.884,32.2,0.73,CLEAR(조향OFF)|STRAIGHT,,999.00,0.00,5.7,4.5,3494
91.60,-10.580,-16.852,32.3,0.61,CLEAR(조향OFF)|STRAIGHT,,999.00,0.00,5.6,4.5,3505
91.65,-10.580,-16.852,32.5,0.61,CLEAR(조향OFF)|STRAIGHT,,999.00,0.00,6.2,4.5,3494
91.70,-10.525,-16.810,32.6,0.77,CLEAR(조향OFF)|STRAIGHT,,999.00,0.00,6.1,4.5,3483
91.75,-10.525,-16.810,32.8,0.77,CLEAR(조향OFF)|STRAIGHT,,999.00,0.00,5.2,4.5,3483
91.80,-10.468,-16.779,32.9,0.58,CLEAR(조향OFF)|STRAIGHT,,999.00,0.00,5.2,4.5,3483
91.85,-10.468,-16.779,33.0,0.58,CLEAR(조향OFF)|STRAIGHT,,999.00,0.00,5.5,4.5,3505
91.90,-10.425,-16.752,33.0,0.51,CLEAR(조향OFF)|STRAIGHT,,999.00,0.00,5.5,4.6,3483
91.95,-10.425,-16.752,33.2,0.51,CLEAR(조향OFF)|STRAIGHT,,999.00,0.00,5.8,4.5,3483
92.00,-10.425,-16.752,33.3,0.51,CLEAR(조향OFF)|STRAIGHT,,999.00,0.00,5.7,4.5,3483
92.05,-10.396,-16.724,33.5,0.28,CLEAR(조향OFF)|STRAIGHT,,999.00,0.00,5.9,4.5,3483
92.10,-10.396,-16.724,33.6,0.28,CLEAR(조향OFF)|STRAIGHT,,999.00,0.00,5.8,4.6,3483
92.15,-10.396,-16.724,33.6,0.28,CLEAR(조향OFF)|STRAIGHT,,999.00,0.00,5.8,4.5,3483
92.20,-10.355,-16.694,33.6,0.34,CLEAR(조향OFF)|STRAIGHT,,999.00,0.00,5.8,4.5,3483
92.25,-10.355,-16.694,33.5,0.34,CLEAR(조향OFF)|STRAIGHT,,999.00,0.00,6.0,5.0,3441
92.30,-10.360,-16.694,33.4,-0.04,CLEAR(조향OFF)|STRAIGHT,,999.00,0.00,6.1,5.1,3410
92.35,-10.360,-16.694,33.5,-0.04,CLEAR(조향OFF)|STRAIGHT,,999.00,0.00,6.5,5.2,3410
92.40,-10.368,-16.694,33.5,-0.07,CLEAR(조향OFF)|STRAIGHT,,999.00,0.00,6.4,5.2,3399
92.45,-10.368,-16.694,33.5,-0.07,CLEAR(조향OFF)|STRAIGHT,,999.00,0.00,6.2,5.2,3410
92.50,-10.375,-16.699,33.4,-0.07,CLEAR(조향OFF)|STRAIGHT,,999.00,0.00,6.2,5.1,3399
92.55,-10.375,-16.699,33.4,-0.07,CLEAR(조향OFF)|STRAIGHT,,999.00,0.00,6.2,5.1,3389
92.60,-10.383,-16.702,33.4,-0.09,CLEAR(조향OFF)|STRAIGHT,,999.00,0.00,6.2,5.1,3410
92.65,-10.383,-16.702,33.4,-0.09,CLEAR(조향OFF)|STRAIGHT,,999.00,0.00,6.1,5.1,3389
92.70,-10.386,-16.704,33.4,-0.04,CLEAR(조향OFF)|STRAIGHT,,999.00,0.00,6.1,5.1,3399
92.75,-10.386,-16.704,33.4,-0.04,CLEAR(조향OFF)|STRAIGHT,,999.00,0.00,6.1,5.1,3399
92.80,-10.386,-16.705,33.4,0.00,CLEAR(조향OFF)|STRAIGHT,,999.00,0.00,6.1,5.1,3379
92.85,-10.386,-16.705,33.4,0.00,CLEAR(조향OFF)|STRAIGHT,,999.00,0.00,6.2,5.2,3389
92.90,-10.383,-16.701,33.4,0.05,CLEAR(조향OFF)|STRAIGHT,,999.00,0.00,6.2,5.1,3410
92.95,-10.383,-16.701,33.4,0.05,CLEAR(조향OFF)|STRAIGHT,,999.00,0.00,6.1,5.2,3399
93.00,-10.380,-16.697,33.4,0.05,CLEAR(조향OFF)|STRAIGHT,,999.00,0.00,6.1,5.1,3399
93.05,-10.380,-16.697,33.5,0.05,CLEAR(조향OFF)|STRAIGHT,,999.00,0.00,6.0,5.1,3399
93.10,-10.377,-16.695,33.5,0.03,CLEAR(조향OFF)|STRAIGHT,,999.00,0.00,6.0,5.2,3399
93.15,-10.377,-16.695,33.5,0.03,CLEAR(조향OFF)|STRAIGHT,,999.00,0.00,6.1,5.2,3389
93.20,-10.375,-16.696,33.5,0.01,CLEAR(조향OFF)|STRAIGHT,,999.00,0.00,6.1,5.1,3399
93.25,-10.375,-16.696,33.5,0.01,CLEAR(조향OFF)|STRAIGHT,,999.00,0.00,6.2,5.1,3379
93.30,-10.377,-16.692,33.4,0.00,CLEAR(조향OFF)|STRAIGHT,,999.00,0.00,6.2,5.2,3399
93.35,-10.377,-16.692,33.4,0.00,CLEAR(조향OFF)|STRAIGHT,,999.00,0.00,6.1,5.1,3399
93.40,-10.379,-16.694,33.4,-0.03,CLEAR(조향OFF)|STRAIGHT,,999.00,0.00,6.1,5.1,3420
93.45,-10.379,-16.694,33.4,-0.03,CLEAR(조향OFF)|STRAIGHT,,999.00,0.00,6.0,5.1,3399
93.50,-10.381,-16.695,33.4,-0.02,CLEAR(조향OFF)|STRAIGHT,,999.00,0.00,6.0,5.0,3389
93.55,-10.381,-16.695,33.4,-0.02,CLEAR(조향OFF)|STRAIGHT,,999.00,0.00,6.0,5.1,3379
93.60,-10.382,-16.693,33.5,0.00,CLEAR(조향OFF)|STRAIGHT,,999.00,0.00,6.0,5.1,3379
93.65,-10.382,-16.693,33.4,0.00,CLEAR(조향OFF)|STRAIGHT,,999.00,0.00,5.9,5.2,3389
93.70,-10.381,-16.692,33.5,0.01,CLEAR(조향OFF)|STRAIGHT,,999.00,0.00,5.9,5.1,3389
93.75,-10.381,-16.692,33.5,0.01,CLEAR(조향OFF)|STRAIGHT,,999.00,0.00,5.9,5.1,3389
93.80,-10.382,-16.693,33.5,-0.01,CLEAR(조향OFF)|STRAIGHT,,999.00,0.00,5.9,5.1,3399
93.85,-10.382,-16.693,33.5,-0.01,CLEAR(조향OFF)|STRAIGHT,,999.00,0.00,5.9,5.1,3379
93.90,-10.384,-16.692,33.5,-0.01,CLEAR(조향OFF)|STRAIGHT,,999.00,0.00,5.9,5.2,3389
93.95,-10.384,-16.692,33.5,-0.01,CLEAR(조향OFF)|STRAIGHT,,999.00,0.00,5.8,5.1,3399
94.00,-10.383,-16.691,33.5,0.02,CLEAR(조향OFF)|STRAIGHT,,999.00,0.00,5.8,5.2,3379
94.05,-10.383,-16.691,33.6,0.02,CLEAR(조향OFF)|STRAIGHT,,999.00,0.00,5.8,5.1,3379
94.10,-10.382,-16.689,33.6,0.01,CLEAR(조향OFF)|STRAIGHT,,999.00,0.00,5.7,5.1,3399
94.15,-10.382,-16.689,33.6,0.01,CLEAR(조향OFF)|STRAIGHT,,999.00,0.00,5.7,5.2,3389
94.20,-10.385,-16.689,33.6,-0.02,CLEAR(조향OFF)|STRAIGHT,,999.00,0.00,5.7,5.1,3389
94.25,-10.385,-16.689,33.6,-0.02,CLEAR(조향OFF)|STRAIGHT,,999.00,0.00,5.6,5.2,3399
94.30,-10.380,-16.693,33.6,0.01,CLEAR(조향OFF)|STRAIGHT,,999.00,0.00,5.6,5.1,3389
94.35,-10.380,-16.693,33.6,0.01,CLEAR(조향OFF)|STRAIGHT,,999.00,0.00,5.8,5.1,3389
94.40,-10.379,-16.692,33.6,0.02,CLEAR(조향OFF)|STRAIGHT,,999.00,0.00,5.8,5.1,3410
94.45,-10.379,-16.692,33.6,0.02,CLEAR(조향OFF)|STRAIGHT,,999.00,0.00,5.8,5.1,3389
94.50,-10.380,-16.691,33.6,-0.00,CLEAR(조향OFF)|STRAIGHT,,999.00,0.00,5.8,5.1,3389
94.55,-10.380,-16.691,33.7,-0.00,CLEAR(조향OFF)|STRAIGHT,,999.00,0.00,5.8,5.1,3379
94.60,-10.382,-16.692,33.7,-0.02,CLEAR(조향OFF)|STRAIGHT,,999.00,0.00,5.8,5.2,3379
94.65,-10.382,-16.692,33.7,-0.02,CLEAR(조향OFF)|STRAIGHT,,999.00,0.00,5.7,5.1,3389
94.70,-10.383,-16.695,33.7,-0.03,CLEAR(조향OFF)|STRAIGHT,,999.00,0.00,5.7,5.1,3410
94.75,-10.383,-16.695,33.7,-0.03,CLEAR(조향OFF)|STRAIGHT,,999.00,0.00,5.7,5.2,3379
94.80,-10.382,-16.695,33.7,0.01,CLEAR(조향OFF)|STRAIGHT,,999.00,0.00,5.7,5.1,3389
94.85,-10.382,-16.695,33.7,0.01,CLEAR(조향OFF)|STRAIGHT,,999.00,0.00,5.8,5.1,3389
94.90,-10.382,-16.694,33.7,0.01,CLEAR(조향OFF)|STRAIGHT,,999.00,0.00,5.8,5.1,3399
94.95,-10.382,-16.694,33.7,0.01,CLEAR(조향OFF)|STRAIGHT,,999.00,0.00,5.8,5.1,3389
95.00,-10.383,-16.694,33.7,-0.01,CLEAR(조향OFF)|STRAIGHT,,999.00,0.00,5.7,5.2,3379
95.05,-10.383,-16.694,33.8,-0.01,CLEAR(조향OFF)|STRAIGHT,,999.00,0.00,5.7,5.1,3399
95.10,-10.385,-16.696,33.7,-0.03,CLEAR(조향OFF)|STRAIGHT,,999.00,0.00,5.7,5.1,3399
95.15,-10.385,-16.696,33.8,-0.03,CLEAR(조향OFF)|STRAIGHT,,999.00,0.00,5.6,5.1,3389
95.20,-10.385,-16.696,33.8,-0.00,CLEAR(조향OFF)|STRAIGHT,,999.00,0.00,5.6,5.1,3389
95.25,-10.385,-16.696,33.8,-0.00,CLEAR(조향OFF)|STRAIGHT,,999.00,0.00,5.6,5.1,3389
95.30,-10.386,-16.698,33.8,-0.01,CLEAR(조향OFF)|STRAIGHT,,999.00,0.00,5.6,5.2,3399
95.35,-10.386,-16.698,33.8,-0.01,CLEAR(조향OFF)|STRAIGHT,,999.00,0.00,5.6,5.1,3399
95.40,-10.385,-16.694,33.8,0.03,CLEAR(조향OFF)|STRAIGHT,,999.00,0.00,5.6,5.1,3389
95.45,-10.385,-16.694,33.8,0.03,CLEAR(조향OFF)|STRAIGHT,,999.00,0.00,5.5,5.1,3389
95.50,-10.382,-16.691,33.8,0.03,CLEAR(조향OFF)|STRAIGHT,,999.00,0.00,5.5,5.2,3389
95.55,-10.382,-16.691,33.8,0.03,CLEAR(조향OFF)|STRAIGHT,,999.00,0.00,5.5,5.2,3410
95.60,-10.381,-16.692,33.9,0.00,CLEAR(조향OFF)|STRAIGHT,,999.00,0.00,5.5,5.2,3379
95.65,-10.381,-16.692,33.9,0.00,CLEAR(조향OFF)|STRAIGHT,,999.00,0.00,5.6,5.1,3399
95.70,-10.383,-16.693,33.9,-0.02,CLEAR(조향OFF)|STRAIGHT,,999.00,0.00,5.6,5.2,3379
95.75,-10.383,-16.693,33.9,-0.02,CLEAR(조향OFF)|STRAIGHT,,999.00,0.00,5.5,5.1,3379
95.80,-10.382,-16.697,33.9,-0.02,CLEAR(조향OFF)|STRAIGHT,,999.00,0.00,5.5,5.2,3379
95.85,-10.382,-16.697,33.9,-0.02,CLEAR(조향OFF)|STRAIGHT,,999.00,0.00,5.6,5.2,3399
95.90,-10.384,-16.696,33.9,-0.01,CLEAR(조향OFF)|STRAIGHT,,999.00,0.00,5.6,5.1,3379
95.95,-10.384,-16.696,33.9,-0.01,CLEAR(조향OFF)|STRAIGHT,,999.00,0.00,5.6,5.2,3399
96.00,-10.383,-16.695,33.9,0.01,AVOID(조향OFF)|RIGHT,,0.02,0.00,5.5,5.1,3389
96.05,-10.383,-16.695,33.9,0.01,AVOID(조향OFF)|RIGHT,,0.02,0.00,5.5,5.1,3389
96.10,-10.383,-16.693,33.9,0.01,AVOID(조향OFF)|RIGHT,,0.00,0.00,5.5,5.1,3389
96.15,-10.383,-16.693,33.9,0.01,AVOID(조향OFF)|RIGHT,,0.00,0.00,5.5,5.2,3399
96.20,-10.380,-16.695,33.9,0.02,BLOCKED(조향OFF)|STOP,,0.35,0.00,5.5,5.1,3389
96.25,-10.380,-16.695,33.9,0.02,BLOCKED(조향OFF)|STOP,,0.35,0.00,5.6,5.2,3389
96.30,-10.381,-16.696,33.9,-0.01,BLOCKED(조향OFF)|STOP,,0.37,0.00,5.6,5.2,3399
96.35,-10.381,-16.696,34.0,-0.01,BLOCKED(조향OFF)|STOP,,0.37,0.00,5.6,5.2,3379
96.40,-10.384,-16.696,34.0,-0.03,BLOCKED(조향OFF)|STOP,,0.40,0.00,5.6,5.2,3389
96.45,-10.384,-16.696,34.0,-0.03,BLOCKED(조향OFF)|STOP,,0.40,0.00,5.5,5.1,3389
96.50,-10.382,-16.698,34.0,-0.00,BLOCKED(조향OFF)|STOP,,0.43,0.00,5.5,5.1,3389
96.55,-10.382,-16.698,34.0,-0.00,BLOCKED(조향OFF)|STOP,,0.46,0.00,5.6,5.2,3389
96.60,-10.381,-16.696,34.0,0.02,BLOCKED(조향OFF)|STOP,,0.46,0.00,5.6,5.1,3389
96.65,-10.381,-16.696,34.0,0.02,BLOCKED(조향OFF)|STOP,,0.48,0.00,5.5,5.2,3399
96.70,-10.381,-16.693,34.0,0.02,BLOCKED(조향OFF)|STOP,,0.48,0.00,5.5,5.1,3410
96.75,-10.381,-16.693,34.0,0.02,BLOCKED(조향OFF)|STOP,,0.51,0.00,5.4,5.1,3389
96.80,-10.380,-16.692,34.0,0.02,BLOCKED(조향OFF)|STOP,,0.51,0.00,5.4,5.1,3399
96.85,-10.380,-16.692,34.0,0.02,BLOCKED(조향OFF)|STOP,,0.54,0.00,5.4,5.1,3389
96.90,-10.381,-16.692,34.0,-0.01,BLOCKED(조향OFF)|STOP,,0.54,0.00,5.4,5.1,3379
96.95,-10.381,-16.692,34.1,-0.01,BLOCKED(조향OFF)|STOP,,0.58,0.00,5.4,5.1,3389
97.00,-10.380,-16.691,34.1,0.02,BLOCKED(조향OFF)|STOP,,0.58,0.00,5.4,5.1,3389
97.05,-10.380,-16.691,34.1,0.02,BLOCKED(조향OFF)|STOP,,0.58,0.00,5.3,5.1,3389
97.10,-10.378,-16.690,34.1,0.02,BLOCKED(조향OFF)|STOP,,0.58,0.00,5.3,5.1,3399
97.15,-10.378,-16.690,34.1,0.02,BLOCKED(조향OFF)|STOP,,0.62,0.00,5.4,5.1,3389
97.20,-10.379,-16.690,34.1,-0.00,BLOCKED(조향OFF)|STOP,,0.68,0.00,5.4,5.2,3379
97.25,-10.379,-16.690,34.1,-0.00,BLOCKED(조향OFF)|STOP,,0.68,0.00,5.3,5.2,3399
97.30,-10.380,-16.691,34.1,-0.02,BLOCKED(조향OFF)|STOP,,0.74,0.00,5.3,5.1,3389
97.35,-10.380,-16.691,34.1,-0.02,BLOCKED(조향OFF)|STOP,,0.74,0.00,5.3,5.2,3379
97.40,-10.384,-16.690,34.1,-0.02,BLOCKED(조향OFF)|STOP,,0.81,0.00,5.3,5.1,3399
97.45,-10.384,-16.690,34.1,-0.02,BLOCKED(조향OFF)|STOP,,0.81,0.00,5.2,5.1,3399
97.50,-10.382,-16.690,34.1,0.01,BLOCKED(조향OFF)|STOP,,0.88,0.00,5.2,5.1,3389
97.55,-10.382,-16.690,34.1,0.01,BLOCKED(조향OFF)|STOP,,0.88,0.00,5.2,5.1,3410
97.60,-10.379,-16.690,34.2,0.02,AVOID(조향OFF)|LEFT,,8.00,0.00,5.2,5.1,3389
97.65,-10.379,-16.690,34.2,0.02,AVOID(조향OFF)|LEFT,,8.00,0.00,5.3,5.1,3379
97.70,-10.380,-16.690,34.2,-0.01,AVOID(조향OFF)|LEFT,,8.00,0.00,5.3,5.1,3389
97.75,-10.380,-16.690,34.2,-0.01,AVOID(조향OFF)|LEFT,,8.00,0.00,5.2,5.1,3389
97.80,-10.377,-16.693,34.2,0.01,AVOID(조향OFF)|LEFT,,8.00,0.00,5.2,5.1,3389
97.85,-10.377,-16.693,34.2,0.01,AVOID(조향OFF)|LEFT,,8.00,0.00,5.3,5.1,3399
97.90,-10.380,-16.690,34.2,-0.01,AVOID(조향OFF)|LEFT,,8.00,0.00,5.3,5.2,3389
97.95,-10.380,-16.690,34.2,-0.01,AVOID(조향OFF)|LEFT,,8.00,0.00,5.2,5.2,3389
98.00,-10.380,-16.689,34.3,-0.00,AVOID(조향OFF)|LEFT,,8.00,0.00,5.2,5.2,3389
98.05,-10.380,-16.689,34.3,-0.00,AVOID(조향OFF)|LEFT,,8.00,0.00,5.1,5.1,3389
98.10,-10.379,-16.692,34.3,-0.00,AVOID(조향OFF)|LEFT,,8.00,0.00,5.1,5.1,3399
98.15,-10.379,-16.692,34.3,-0.00,AVOID(조향OFF)|LEFT,,8.00,0.05,5.2,5.1,3389
98.20,-10.379,-16.690,34.3,0.01,AVOID(조향OFF)|LEFT,,8.00,0.10,5.2,5.1,3399
98.25,-10.379,-16.690,34.3,0.01,CLEAR(조향OFF)|STRAIGHT,,999.00,0.15,5.1,5.1,3389
98.30,-10.379,-16.692,34.3,-0.01,CLEAR(조향OFF)|STRAIGHT,,999.00,0.20,5.1,5.1,3389
98.35,-10.379,-16.692,34.3,-0.01,CLEAR(조향OFF)|STRAIGHT,,999.00,0.25,5.1,5.1,3389
98.40,-10.379,-16.694,34.3,-0.01,CLEAR(조향OFF)|STRAIGHT,,999.00,0.30,5.1,5.1,3389
98.45,-10.379,-16.694,34.4,-0.01,CLEAR(조향OFF)|STRAIGHT,,999.00,0.35,5.2,5.1,3389
98.50,-10.378,-16.690,34.4,0.03,CLEAR(조향OFF)|STRAIGHT,,999.00,0.40,5.1,5.2,3410
98.55,-10.378,-16.690,34.5,0.03,CLEAR(조향OFF)|STRAIGHT,,999.00,0.45,5.0,5.1,3389
98.60,-10.376,-16.688,34.5,0.03,CLEAR(조향OFF)|STRAIGHT,,999.00,0.47,5.0,5.1,3389
98.65,-10.376,-16.688,34.5,0.03,CLEAR(조향OFF)|STRAIGHT,,999.00,0.47,4.9,5.1,3379
98.70,-10.369,-16.686,34.6,0.07,CLEAR(조향OFF)|STRAIGHT,,999.00,0.47,4.9,5.1,3399
98.75,-10.369,-16.686,34.6,0.07,CLEAR(조향OFF)|STRAIGHT,,999.00,0.47,4.9,5.1,3389
98.80,-10.369,-16.686,34.7,0.07,CLEAR(조향OFF)|STRAIGHT,,999.00,0.47,4.9,5.1,3399
98.85,-10.360,-16.680,34.7,0.09,CLEAR(조향OFF)|STRAIGHT,,999.00,0.47,4.9,5.1,3389
98.90,-10.360,-16.680,34.8,0.09,CLEAR(조향OFF)|STRAIGHT,,999.00,0.47,4.8,5.2,3379
98.95,-10.360,-16.680,34.9,0.09,CLEAR(조향OFF)|STRAIGHT,,999.00,0.47,4.7,5.1,3379
99.00,-10.325,-16.650,35.0,0.25,CLEAR(조향OFF)|STRAIGHT,,999.00,0.47,4.7,5.1,3399
99.05,-10.325,-16.650,35.1,0.25,CLEAR(조향OFF)|STRAIGHT,,999.00,0.47,4.6,5.1,3389
99.10,-10.303,-16.638,35.1,0.25,CLEAR(조향OFF)|STRAIGHT,,999.00,0.47,4.5,5.1,3410
99.15,-10.303,-16.638,35.2,0.25,CLEAR(조향OFF)|STRAIGHT,,999.00,0.47,4.6,5.2,3399
99.20,-10.278,-16.625,35.3,0.29,CLEAR(조향OFF)|STRAIGHT,,999.00,0.47,4.6,5.2,3389
99.25,-10.278,-16.625,35.5,0.29,CLEAR(조향OFF)|STRAIGHT,,999.00,0.47,4.7,5.1,3389
99.30,-10.249,-16.605,35.6,0.32,CLEAR(조향OFF)|STRAIGHT,,999.00,0.47,4.6,5.1,3399
99.35,-10.249,-16.605,35.8,0.32,CLEAR(조향OFF)|STRAIGHT,,999.00,0.47,4.6,5.1,3379
99.40,-10.220,-16.573,35.9,0.53,CLEAR(조향OFF)|STRAIGHT,,999.00,0.47,4.5,5.1,3399
99.45,-10.220,-16.573,36.1,0.53,CLEAR(조향OFF)|STRAIGHT,,999.00,0.47,4.1,5.1,3389
99.50,-10.185,-16.545,36.3,0.41,CLEAR(조향OFF)|STRAIGHT,,999.00,0.47,4.0,5.1,3389
99.55,-10.185,-16.545,36.5,0.41,CLEAR(조향OFF)|STRAIGHT,,999.00,0.47,4.0,5.1,3399
99.60,-10.146,-16.519,36.6,0.46,CLEAR(조향OFF)|STRAIGHT,,999.00,0.47,3.9,5.0,3389
99.65,-10.146,-16.519,36.9,0.46,CLEAR(조향OFF)|STRAIGHT,,999.00,0.45,3.6,5.1,3399
99.70,-10.107,-16.497,37.0,0.46,CLEAR(조향OFF)|STRAIGHT,,999.00,0.45,3.5,5.1,3379
99.75,-10.107,-16.497,37.2,0.46,CLEAR(조향OFF)|STRAIGHT,,999.00,0.45,3.7,5.2,3379
99.80,-10.107,-16.497,37.4,0.46,CLEAR(조향OFF)|STRAIGHT,,999.00,0.45,3.6,5.1,3410
99.85,-10.066,-16.460,37.6,0.45,CLEAR(조향OFF)|STRAIGHT,,999.00,0.45,3.5,5.0,3410
99.90,-10.066,-16.460,37.7,0.45,CLEAR(조향OFF)|STRAIGHT,,999.00,0.45,3.4,4.8,3430
99.95,-10.066,-16.460,38.0,0.45,CLEAR(조향OFF)|STRAIGHT,,999.00,0.45,3.2,4.8,3441
100.00,-9.993,-16.380,38.1,0.60,CLEAR(조향OFF)|STRAIGHT,,999.00,0.45,3.1,4.8,3430
100.05,-9.993,-16.380,38.4,0.60,CLEAR(조향OFF)|STRAIGHT,,999.00,0.45,2.9,4.7,3441
100.10,-9.950,-16.342,38.5,0.57,CLEAR(조향OFF)|STRAIGHT,,999.00,0.45,2.8,4.7,3451
100.15,-9.950,-16.342,38.8,0.57,CLEAR(조향OFF)|STRAIGHT,,999.00,0.45,2.6,4.7,3430
100.20,-9.904,-16.302,38.9,0.61,CLEAR(조향OFF)|STRAIGHT,,999.00,0.45,2.5,4.7,3441
100.25,-9.904,-16.302,39.2,0.61,CLEAR(조향OFF)|STRAIGHT,,999.00,0.45,2.5,4.8,3451
100.30,-9.856,-16.268,39.3,0.59,CLEAR(조향OFF)|STRAIGHT,,999.00,0.45,2.4,4.8,3441
100.35,-9.856,-16.268,39.6,0.59,CLEAR(조향OFF)|STRAIGHT,,999.00,0.45,2.4,4.7,3430
100.40,-9.806,-16.235,39.7,0.59,CLEAR(조향OFF)|STRAIGHT,,999.00,0.45,2.3,4.5,3483
100.45,-9.806,-16.235,39.9,0.59,CLEAR(조향OFF)|STRAIGHT,,999.00,0.45,2.4,4.4,3494
100.50,-9.755,-16.188,40.0,0.70,CLEAR(조향OFF)|STRAIGHT,,999.00,0.45,2.3,4.4,3494
100.55,-9.755,-16.188,40.3,0.70,CLEAR(조향OFF)|STRAIGHT,,999.00,0.44,2.6,4.4,3494
100.60,-9.699,-16.145,40.4,0.70,CLEAR(조향OFF)|STRAIGHT,,999.00,0.44,2.5,4.4,3494
100.65,-9.699,-16.145,40.6,0.70,CLEAR(조향OFF)|STRAIGHT,,999.00,0.44,2.5,4.4,3494
100.70,-9.646,-16.100,40.7,0.70,CLEAR(조향OFF)|STRAIGHT,,999.00,0.44,2.4,4.4,3505
100.75,-9.646,-16.100,41.0,0.70,CLEAR(조향OFF)|STRAIGHT,,999.00,0.44,2.4,4.4,3494
100.80,-9.646,-16.100,41.1,0.70,CLEAR(조향OFF)|STRAIGHT,,999.00,0.44,2.3,4.4,3494
100.85,-9.591,-16.053,41.4,0.60,CLEAR(조향OFF)|STRAIGHT,,999.00,0.44,2.2,4.4,3505
100.90,-9.591,-16.053,41.5,0.60,CLEAR(조향OFF)|STRAIGHT,,999.00,0.44,2.1,4.4,3494
100.95,-9.591,-16.053,41.9,0.60,CLEAR(조향OFF)|STRAIGHT,,999.00,0.44,1.9,4.4,3483
101.00,-9.591,-16.053,42.0,0.60,CLEAR(조향OFF)|STRAIGHT,,999.00,0.44,1.7,4.4,3494
101.05,-9.484,-15.950,42.3,0.65,CLEAR(조향OFF)|STRAIGHT,,999.00,0.44,1.7,4.4,3516
101.10,-9.484,-15.950,42.5,0.65,CLEAR(조향OFF)|STRAIGHT,,999.00,0.44,1.6,4.4,3505
101.15,-9.484,-15.950,42.9,0.65,CLEAR(조향OFF)|STRAIGHT,,999.00,0.44,1.3,4.4,3505
101.20,-9.368,-15.838,43.0,1.15,CLEAR(조향OFF)|STRAIGHT,,999.00,0.44,1.2,4.1,3527
101.25,-9.368,-15.838,43.3,1.15,CLEAR(조향OFF)|STRAIGHT,,999.00,0.43,2.2,3.7,3572
101.30,-9.305,-15.781,43.5,0.78,CLEAR(조향OFF)|STRAIGHT,,999.00,0.43,2.1,3.6,3583
101.35,-9.305,-15.781,43.8,0.78,CLEAR(조향OFF)|STRAIGHT,,999.00,0.43,1.8,3.6,3606
101.40,-9.241,-15.720,44.0,0.89,CLEAR(조향OFF)|STRAIGHT,,999.00,0.43,1.6,3.6,3606
101.45,-9.241,-15.720,44.2,0.89,CLEAR(조향OFF)|STRAIGHT,,999.00,0.43,1.7,3.4,3618
101.50,-9.187,-15.660,44.4,0.80,CLEAR(조향OFF)|STRAIGHT,,999.00,0.43,1.6,3.4,3630
101.55,-9.187,-15.660,44.7,0.80,CLEAR(조향OFF)|STRAIGHT,,999.00,0.43,1.3,3.4,3641
101.60,-9.122,-15.600,44.7,0.88,CLEAR(조향OFF)|STRAIGHT,,999.00,0.43,1.2,3.4,3630
101.65,-9.122,-15.600,44.9,0.88,CLEAR(조향OFF)|STRAIGHT,,999.00,0.43,1.4,3.4,3653
101.70,-9.057,-15.542,45.0,0.88,CLEAR(조향OFF)|STRAIGHT,,999.00,0.43,1.3,3.2,3665
101.75,-9.057,-15.542,45.2,0.88,CLEAR(조향OFF)|STRAIGHT,,999.00,0.43,1.4,3.2,3665
101.80,-8.998,-15.478,45.3,0.80,CLEAR(조향OFF)|STRAIGHT,,999.00,0.43,1.3,3.2,3665
101.85,-8.998,-15.478,45.5,0.80,CLEAR(조향OFF)|STRAIGHT,,999.00,0.42,1.9,3.2,3677
101.90,-8.932,-15.405,45.6,1.08,CLEAR(조향OFF)|STRAIGHT,,999.00,0.42,1.8,3.2,3665
101.95,-8.932,-15.405,45.9,1.08,CLEAR(조향OFF)|STRAIGHT,,999.00,0.42,2.1,3.2,3689
102.00,-8.867,-15.344,46.0,0.90,CLEAR(조향OFF)|STRAIGHT,,999.00,0.42,2.0,3.2,3677
102.05,-8.867,-15.344,46.3,0.90,CLEAR(조향OFF)|STRAIGHT,,999.00,0.42,1.8,3.2,3677
102.10,-8.803,-15.274,46.4,1.05,CLEAR(조향OFF)|STRAIGHT,,999.00,0.42,1.7,3.2,3677
102.15,-8.803,-15.274,46.6,1.05,CLEAR(조향OFF)|STRAIGHT,,999.00,0.42,1.9,3.2,3689
102.20,-8.736,-15.201,46.7,0.90,CLEAR(조향OFF)|STRAIGHT,,999.00,0.42,1.8,3.2,3665
102.25,-8.736,-15.201,46.9,0.90,CLEAR(조향OFF)|STRAIGHT,,999.00,0.42,1.6,3.2,3677
102.30,-8.668,-15.137,47.1,0.94,CLEAR(조향OFF)|STRAIGHT,,999.00,0.42,1.5,3.2,3677
102.35,-8.668,-15.137,47.4,0.94,CLEAR(조향OFF)|STRAIGHT,,999.00,0.42,2.4,3.2,3689
102.40,-8.602,-15.056,47.5,1.03,CLEAR(조향OFF)|STRAIGHT,,999.00,0.42,2.3,3.2,3677
102.45,-8.602,-15.056,47.8,1.03,CLEAR(조향OFF)|STRAIGHT,,999.00,0.42,2.3,3.2,3677
102.50,-8.539,-14.983,47.9,0.97,CLEAR(조향OFF)|STRAIGHT,,999.00,0.42,2.2,3.2,3677
102.55,-8.539,-14.983,48.1,0.97,CLEAR(조향OFF)|STRAIGHT,,999.00,0.42,2.2,3.2,3677
102.60,-8.468,-14.915,48.2,0.98,CLEAR(조향OFF)|STRAIGHT,,999.00,0.42,2.1,3.2,3689
102.65,-8.468,-14.915,48.5,0.98,CLEAR(조향OFF)|STRAIGHT,,999.00,0.42,2.3,3.2,3689
102.70,-8.403,-14.835,48.6,1.03,CLEAR(조향OFF)|STRAIGHT,,999.00,0.42,2.2,3.2,3689
102.75,-8.403,-14.835,48.9,1.03,CLEAR(조향OFF)|STRAIGHT,,999.00,0.42,2.2,3.2,3689
102.80,-8.403,-14.835,49.1,1.03,CLEAR(조향OFF)|STRAIGHT,,999.00,0.42,2.0,3.2,3677
102.85,-8.330,-14.755,49.4,0.90,CLEAR(조향OFF)|STRAIGHT,,999.00,0.42,2.7,3.2,3677
102.90,-8.330,-14.755,49.5,0.90,CLEAR(조향OFF)|STRAIGHT,,999.00,0.41,2.6,3.2,3665
102.95,-8.330,-14.755,49.7,0.90,CLEAR(조향OFF)|STRAIGHT,,999.00,0.41,2.5,3.2,3677
103.00,-8.189,-14.595,49.9,1.25,CLEAR(조향OFF)|STRAIGHT,,999.00,0.41,2.4,3.2,3677
103.05,-8.189,-14.595,50.1,1.25,CLEAR(조향OFF)|STRAIGHT,,999.00,0.41,3.1,3.2,3677
103.10,-8.118,-14.517,50.3,0.96,CLEAR(조향OFF)|STRAIGHT,,999.00,0.41,3.1,3.2,3677
103.15,-8.118,-14.517,50.5,0.96,CLEAR(조향OFF)|STRAIGHT,,999.00,0.41,2.9,3.2,3689
103.20,-8.051,-14.429,50.6,1.10,CLEAR(조향OFF)|STRAIGHT,,999.00,0.41,2.9,3.2,3689
103.25,-8.051,-14.429,50.9,1.10,CLEAR(조향OFF)|STRAIGHT,,999.00,0.41,3.1,3.2,3689
103.30,-7.982,-14.349,51.0,0.96,CLEAR(조향OFF)|STRAIGHT,,999.00,0.41,2.9,3.2,3689
103.35,-7.982,-14.349,51.2,0.96,CLEAR(조향OFF)|STRAIGHT,,999.00,0.41,3.7,3.2,3677
103.40,-7.910,-14.259,51.3,1.28,CLEAR(조향OFF)|STRAIGHT,,999.00,0.41,3.6,3.2,3677
103.45,-7.910,-14.259,51.6,1.28,CLEAR(조향OFF)|STRAIGHT,,999.00,0.41,4.1,3.2,3677
103.50,-7.839,-14.171,51.7,1.12,CLEAR(조향OFF)|STRAIGHT,,999.00,0.41,4.0,3.2,3689
103.55,-7.839,-14.171,52.0,1.12,CLEAR(조향OFF)|STRAIGHT,,999.00,0.41,4.0,3.2,3677
103.60,-7.775,-14.080,52.2,1.11,CLEAR(조향OFF)|STRAIGHT,,999.00,0.41,3.9,3.2,3689
103.65,-7.775,-14.080,52.5,1.11,CLEAR(조향OFF)|STRAIGHT,,999.00,0.41,4.0,3.2,3677
103.70,-7.698,-13.991,52.6,1.18,CLEAR(조향OFF)|STRAIGHT,,999.00,0.41,3.9,3.2,3689
103.75,-7.698,-13.991,52.9,1.18,CLEAR(조향OFF)|STRAIGHT,,999.00,0.41,4.6,3.2,3677
103.80,-7.627,-13.899,53.1,1.06,CLEAR(조향OFF)|STRAIGHT,,999.00,0.41,4.6,3.2,3689
103.85,-7.627,-13.899,53.3,1.06,CLEAR(조향OFF)|STRAIGHT,,999.00,0.41,4.8,3.2,3689
103.90,-7.556,-13.806,53.5,1.30,CLEAR(조향OFF)|STRAIGHT,,999.00,0.41,4.7,3.3,3677
103.95,-7.556,-13.806,53.8,1.30,CLEAR(조향OFF)|STRAIGHT,,999.00,0.41,5.1,3.4,3653
104.00,-7.484,-13.715,53.9,1.16,CLEAR(조향OFF)|STRAIGHT,,999.00,0.41,5.0,3.4,3653
104.05,-7.484,-13.715,54.1,1.16,CLEAR(조향OFF)|STRAIGHT,,999.00,0.41,5.4,3.4,3641
104.10,-7.414,-13.618,54.2,1.19,CLEAR(조향OFF)|STRAIGHT,,999.00,0.41,5.3,3.5,3653
104.15,-7.414,-13.618,54.4,1.19,CLEAR(조향OFF)|STRAIGHT,,999.00,0.41,5.8,3.5,3630
104.20,-7.339,-13.523,54.6,1.21,CLEAR(조향OFF)|STRAIGHT,,999.00,0.41,5.7,3.5,3630
104.25,-7.339,-13.523,54.9,1.21,CLEAR(조향OFF)|STRAIGHT,,999.00,0.41,6.1,4.6,3505
104.30,-7.272,-13.419,55.1,1.24,CLEAR(조향OFF)|STRAIGHT,,999.00,0.41,6.1,4.6,3505
104.35,-7.272,-13.419,55.5,1.24,CLEAR(조향OFF)|STRAIGHT,,999.00,0.41,6.3,4.6,3494
104.40,-7.201,-13.317,55.7,1.24,CLEAR(조향OFF)|STRAIGHT,,999.00,0.41,6.2,4.5,3494
104.45,-7.201,-13.317,56.2,1.24,CLEAR(조향OFF)|STRAIGHT,,999.00,0.41,6.6,4.5,3494
104.50,-7.139,-13.215,56.4,1.19,CLEAR(조향OFF)|STRAIGHT,,999.00,0.41,6.4,4.6,3483
104.55,-7.139,-13.215,56.9,1.19,CLEAR(조향OFF)|STRAIGHT,,999.00,0.41,6.6,4.6,3483
104.60,-7.065,-13.110,57.1,1.29,CLEAR(조향OFF)|STRAIGHT,,999.00,0.41,6.5,4.6,3483
104.65,-7.065,-13.110,57.6,1.29,CLEAR(조향OFF)|STRAIGHT,,999.00,0.41,6.9,4.5,3473
104.70,-7.001,-13.006,57.9,1.22,CLEAR(조향OFF)|STRAIGHT,,999.00,0.41,6.7,4.9,3441
104.75,-7.001,-13.006,58.3,1.22,CLEAR(조향OFF)|STRAIGHT,,999.00,0.41,7.1,4.9,3441
104.80,-6.938,-12.903,58.4,1.10,CLEAR(조향OFF)|STRAIGHT,,999.00,0.41,6.9,5.0,3441
104.85,-6.938,-12.903,58.9,1.10,CLEAR(조향OFF)|STRAIGHT,,999.00,0.41,7.4,5.0,3420
104.90,-6.938,-12.903,59.1,1.10,CLEAR(조향OFF)|STRAIGHT,,999.00,0.41,7.3,5.0,3420
104.95,-6.869,-12.799,59.6,1.14,CLEAR(조향OFF)|STRAIGHT,,999.00,0.41,7.4,5.0,3420
105.00,-6.869,-12.799,59.8,1.14,CLEAR(조향OFF)|STRAIGHT,,999.00,0.40,7.3,5.1,3410
105.05,-6.869,-12.799,60.3,1.14,CLEAR(조향OFF)|STRAIGHT,,999.00,0.40,7.0,5.1,3410
105.10,-6.742,-12.572,60.6,1.45,CLEAR(조향OFF)|STRAIGHT,,999.00,0.40,6.8,5.1,3389
105.15,-6.742,-12.572,61.1,1.45,CLEAR(조향OFF)|STRAIGHT,,999.00,0.40,7.8,5.1,3399
105.20,-6.683,-12.467,61.4,1.09,CLEAR(조향OFF)|STRAIGHT,,999.00,0.40,7.6,5.1,3399
105.25,-6.683,-12.467,61.9,1.09,CLEAR(조향OFF)|STRAIGHT,,999.00,0.40,8.3,5.1,3389
105.30,-6.621,-12.350,62.1,1.33,CLEAR(조향OFF)|STRAIGHT,,999.00,0.40,8.2,5.2,3399
105.35,-6.621,-12.350,62.6,1.33,CLEAR(조향OFF)|STRAIGHT,,999.00,0.41,7.9,5.2,3399
105.40,-6.564,-12.240,63.0,1.24,CLEAR(조향OFF)|STRAIGHT,,999.00,0.41,7.7,5.9,3319
105.45,-6.564,-12.240,63.6,1.24,CLEAR(조향OFF)|STRAIGHT,,999.00,0.41,8.2,6.4,3242
105.50,-6.508,-12.130,63.9,1.23,CLEAR(조향OFF)|STRAIGHT,,999.00,0.41,8.0,6.4,3233
105.55,-6.508,-12.130,64.5,1.23,CLEAR(조향OFF)|STRAIGHT,,999.00,0.41,8.4,6.4,3233
105.60,-6.450,-12.015,64.8,1.29,CLEAR(조향OFF)|STRAIGHT,,999.00,0.41,8.2,6.4,3215
105.65,-6.450,-12.015,65.4,1.29,CLEAR(조향OFF)|STRAIGHT,,999.00,0.41,8.6,6.6,3205
105.70,-6.405,-11.906,65.8,1.32,CLEAR(조향OFF)|STRAIGHT,,999.00,0.41,8.5,6.6,3187
105.75,-6.405,-11.906,66.4,1.32,CLEAR(조향OFF)|STRAIGHT,,999.00,0.40,8.0,6.6,3178
105.80,-6.405,-11.906,66.8,1.32,CLEAR(조향OFF)|STRAIGHT,,999.00,0.40,7.9,6.6,3178
105.85,-6.355,-11.795,67.4,0.93,CLEAR(조향OFF)|STRAIGHT,,999.00,0.40,8.7,6.6,3205
105.90,-6.355,-11.795,67.8,0.93,CLEAR(조향OFF)|STRAIGHT,,999.00,0.40,8.5,6.7,3160
105.95,-6.355,-11.795,68.5,0.93,CLEAR(조향OFF)|STRAIGHT,,999.00,0.40,8.0,6.7,3160
106.00,-6.273,-11.565,68.8,1.35,CLEAR(조향OFF)|STRAIGHT,,999.00,0.40,7.8,6.7,3160
106.05,-6.273,-11.565,69.6,1.35,CLEAR(조향OFF)|STRAIGHT,,999.00,0.40,8.3,6.9,3152
106.10,-6.225,-11.451,69.8,1.24,CLEAR(조향OFF)|STRAIGHT,,999.00,0.40,8.1,6.9,3152
106.15,-6.225,-11.451,70.5,1.24,CLEAR(조향OFF)|STRAIGHT,,999.00,0.40,7.9,6.9,3143
106.20,-6.189,-11.333,70.8,1.37,CLEAR(조향OFF)|STRAIGHT,,999.00,0.40,7.8,6.9,3143
106.25,-6.189,-11.333,71.5,1.37,CLEAR(조향OFF)|STRAIGHT,,999.00,0.40,7.9,6.8,3152
106.30,-6.154,-11.218,71.8,1.20,CLEAR(조향OFF)|STRAIGHT,,999.00,0.40,7.7,6.9,3152
106.35,-6.154,-11.218,72.5,1.20,CLEAR(조향OFF)|STRAIGHT,,999.00,0.40,8.2,6.9,3143
106.40,-6.112,-11.103,72.8,1.22,CLEAR(조향OFF)|STRAIGHT,,999.00,0.40,8.0,6.9,3143
106.45,-6.112,-11.103,73.5,1.22,CLEAR(조향OFF)|STRAIGHT,,999.00,0.40,8.4,6.8,3143
106.50,-6.085,-10.990,73.9,1.16,CLEAR(조향OFF)|STRAIGHT,,999.00,0.40,8.2,6.9,3134
106.55,-6.085,-10.990,74.5,1.16,CLEAR(조향OFF)|STRAIGHT,,999.00,0.40,8.5,6.9,3134
106.60,-6.057,-10.871,74.8,1.36,CLEAR(조향OFF)|STRAIGHT,,999.00,0.40,8.3,6.8,3152
106.65,-6.057,-10.871,75.5,1.36,CLEAR(조향OFF)|STRAIGHT,,999.00,0.40,7.6,6.9,3134
106.70,-6.026,-10.757,75.9,1.07,CLEAR(조향OFF)|STRAIGHT,,999.00,0.40,7.4,6.9,3134
106.75,-6.026,-10.757,76.6,1.07,CLEAR(조향OFF)|STRAIGHT,,999.00,0.40,8.0,7.2,3117
106.80,-6.026,-10.757,76.9,1.07,CLEAR(조향OFF)|STRAIGHT,,999.00,0.40,7.8,7.2,3108
106.85,-6.002,-10.643,77.6,0.90,CLEAR(조향OFF)|STRAIGHT,,999.00,0.40,8.4,7.1,3108
106.90,-6.002,-10.643,77.9,0.90,CLEAR(조향OFF)|STRAIGHT,,999.00,0.40,8.2,7.1,3117
106.95,-6.002,-10.643,78.6,0.90,CLEAR(조향OFF)|STRAIGHT,,999.00,0.40,7.7,7.2,3108
107.00,-5.959,-10.411,79.0,1.39,CLEAR(조향OFF)|STRAIGHT,,999.00,0.40,7.5,7.1,3108
107.05,-5.959,-10.411,79.6,1.39,CLEAR(조향OFF)|STRAIGHT,,999.00,0.40,7.2,7.1,3108
107.10,-5.936,-10.294,79.9,1.18,CLEAR(조향OFF)|STRAIGHT,,999.00,0.40,7.0,7.1,3100
107.15,-5.936,-10.294,80.6,1.18,CLEAR(조향OFF)|STRAIGHT,,999.00,0.40,7.4,7.1,3100
107.20,-5.921,-10.182,80.9,1.03,CLEAR(조향OFF)|STRAIGHT,,999.00,0.40,7.2,7.2,3108
107.25,-5.921,-10.182,81.6,1.03,CLEAR(조향OFF)|STRAIGHT,,999.00,0.40,7.6,7.1,3100
107.30,-5.909,-10.070,82.0,1.13,CLEAR(조향OFF)|STRAIGHT,,999.00,0.40,7.4,7.1,3108
107.35,-5.909,-10.070,82.7,1.13,CLEAR(조향OFF)|STRAIGHT,,999.00,0.40,7.4,7.1,3108
107.40,-5.900,-9.948,83.1,1.21,CLEAR(조향OFF)|STRAIGHT,,999.00,0.40,7.2,7.2,3108
107.45,-5.900,-9.948,83.8,1.21,CLEAR(조향OFF)|STRAIGHT,,999.00,0.39,6.7,7.1,3100
107.50,-5.891,-9.836,84.1,1.26,CLEAR(조향OFF)|STRAIGHT,,999.00,0.39,6.5,7.1,3108
107.55,-5.891,-9.836,84.7,1.26,CLEAR(조향OFF)|STRAIGHT,,999.00,0.39,6.6,7.1,3108
107.60,-5.876,-9.716,85.1,1.20,CLEAR(조향OFF)|STRAIGHT,,999.00,0.39,6.5,7.1,3117
107.65,-5.876,-9.716,85.6,1.20,CLEAR(조향OFF)|STRAIGHT,,999.00,0.39,6.8,7.1,3100
107.70,-5.876,-9.597,85.9,1.19,CLEAR(조향OFF)|STRAIGHT,,999.00,0.39,6.6,7.1,3108
107.75,-5.876,-9.597,86.5,1.19,CLEAR(조향OFF)|STRAIGHT,,999.00,0.39,6.8,7.1,3108
107.80,-5.876,-9.597,86.8,1.19,CLEAR(조향OFF)|STRAIGHT,,999.00,0.39,6.6,7.2,3100
107.85,-5.865,-9.484,87.5,0.95,CLEAR(조향OFF)|STRAIGHT,,999.00,0.39,6.6,7.1,3108
107.90,-5.865,-9.484,87.8,0.95,CLEAR(조향OFF)|STRAIGHT,,999.00,0.39,6.4,7.2,3117
107.95,-5.865,-9.484,88.6,0.95,CLEAR(조향OFF)|STRAIGHT,,999.00,0.39,6.0,7.1,3091
108.00,-5.867,-9.251,89.0,1.23,CLEAR(조향OFF)|STRAIGHT,,999.00,0.39,5.8,7.1,3108
108.05,-5.867,-9.251,89.8,1.23,CLEAR(조향OFF)|STRAIGHT,,999.00,0.39,6.1,7.1,3100
108.10,-5.872,-9.135,90.2,1.28,CLEAR(조향OFF)|STRAIGHT,,999.00,0.39,5.9,7.1,3083
108.15,-5.872,-9.135,91.0,1.28,CLEAR(조향OFF)|STRAIGHT,,999.00,0.39,5.9,7.1,3108
108.20,-5.876,-9.027,91.4,0.98,CLEAR(조향OFF)|STRAIGHT,,999.00,0.39,5.6,7.2,3117
108.25,-5.876,-9.027,92.2,0.98,CLEAR(조향OFF)|STRAIGHT,,999.00,0.39,5.7,7.1,3083
108.30,-5.882,-8.914,92.6,1.27,CLEAR(조향OFF)|STRAIGHT,,999.00,0.39,5.4,7.1,3108
108.35,-5.882,-8.914,93.3,1.27,CLEAR(조향OFF)|STRAIGHT,,999.00,0.38,5.3,7.1,3091
108.40,-5.881,-8.793,93.7,1.34,CLEAR(조향OFF)|STRAIGHT,,999.00,0.38,5.1,7.1,3108
108.45,-5.881,-8.793,94.5,1.34,CLEAR(조향OFF)|STRAIGHT,,999.00,0.38,5.2,6.9,3125
108.50,-5.893,-8.675,94.8,1.08,CLEAR(조향OFF)|STRAIGHT,,999.00,0.38,5.0,6.7,3143
108.55,-5.893,-8.675,95.4,1.08,CLEAR(조향OFF)|STRAIGHT,,999.00,0.38,4.9,6.8,3134
108.60,-5.909,-8.560,95.7,1.16,CLEAR(조향OFF)|STRAIGHT,,999.00,0.38,4.8,6.8,3152
108.65,-5.909,-8.560,96.3,1.16,CLEAR(조향OFF)|STRAIGHT,,999.00,0.38,4.8,6.7,3152
108.70,-5.918,-8.438,96.6,1.22,CLEAR(조향OFF)|STRAIGHT,,999.00,0.38,4.6,6.7,3169
108.75,-5.918,-8.438,97.2,1.22,CLEAR(조향OFF)|STRAIGHT,,999.00,0.38,4.9,6.8,3152
108.80,-5.918,-8.438,97.6,1.22,CLEAR(조향OFF)|STRAIGHT,,999.00,0.38,4.7,6.7,3160
108.85,-5.940,-8.315,98.4,0.96,CLEAR(조향OFF)|STRAIGHT,,999.00,0.38,4.6,6.7,3152
108.90,-5.940,-8.315,98.7,0.96,CLEAR(조향OFF)|STRAIGHT,,999.00,0.38,4.3,6.7,3152
108.95,-5.940,-8.315,99.4,0.96,CLEAR(조향OFF)|STRAIGHT,,999.00,0.38,3.9,6.2,3205
109.00,-5.984,-8.083,99.7,1.39,CLEAR(조향OFF)|STRAIGHT,,999.00,0.38,3.7,6.0,3242
109.05,-5.984,-8.083,100.3,1.39,CLEAR(조향OFF)|STRAIGHT,,999.00,0.38,4.2,6.1,3233
109.10,-6.014,-7.965,100.6,1.22,CLEAR(조향OFF)|STRAIGHT,,999.00,0.38,4.0,6.0,3233
109.15,-6.014,-7.965,101.2,1.22,CLEAR(조향OFF)|STRAIGHT,,999.00,0.38,4.2,6.1,3233
109.20,-6.029,-7.856,101.6,1.09,CLEAR(조향OFF)|STRAIGHT,,999.00,0.38,4.0,6.1,3233
109.25,-6.029,-7.856,102.2,1.09,CLEAR(조향OFF)|STRAIGHT,,999.00,0.38,3.9,6.0,3242
109.30,-6.059,-7.742,102.5,1.31,CLEAR(조향OFF)|STRAIGHT,,999.00,0.38,3.8,6.1,3252
109.35,-6.059,-7.742,103.1,1.31,CLEAR(조향OFF)|STRAIGHT,,999.00,0.38,3.9,6.0,3252
109.40,-6.082,-7.626,103.3,1.08,CLEAR(조향OFF)|STRAIGHT,,999.00,0.38,3.7,5.7,3271
109.45,-6.082,-7.626,103.8,1.08,CLEAR(조향OFF)|STRAIGHT,,999.00,0.38,3.5,5.6,3309
109.50,-6.106,-7.509,104.1,1.19,CLEAR(조향OFF)|STRAIGHT,,999.00,0.38,3.4,5.6,3309
109.55,-6.106,-7.509,104.5,1.19,CLEAR(조향OFF)|STRAIGHT,,999.00,0.38,3.7,5.6,3329
109.60,-6.141,-7.399,104.8,1.16,CLEAR(조향OFF)|STRAIGHT,,999.00,0.38,3.5,5.5,3300
109.65,-6.141,-7.399,105.8,1.16,CLEAR(조향OFF)|STRAIGHT,,999.00,0.39,3.6,5.3,3359
109.70,-6.180,-7.286,106.1,1.20,CLEAR(조향OFF)|STRAIGHT,,999.00,0.39,3.5,5.3,3359
109.75,-6.180,-7.286,106.3,1.20,CLEAR(조향OFF)|STRAIGHT,,999.00,0.39,3.7,5.3,3349
109.80,-6.208,-7.162,106.6,1.15,CLEAR(조향OFF)|STRAIGHT,,999.00,0.39,3.5,5.2,3369
109.85,-6.208,-7.162,107.2,1.15,CLEAR(조향OFF)|STRAIGHT,,999.00,0.39,3.5,5.3,3369
109.90,-6.240,-7.050,107.5,1.30,CLEAR(조향OFF)|STRAIGHT,,999.00,0.39,3.4,5.3,3359
109.95,-6.240,-7.050,108.2,1.30,CLEAR(조향OFF)|STRAIGHT,,999.00,0.39,3.6,5.1,3399
110.00,-6.287,-6.934,108.5,1.13,CLEAR(조향OFF)|STRAIGHT,,999.00,0.39,3.3,4.9,3410
110.05,-6.287,-6.934,109.2,1.13,CLEAR(조향OFF)|STRAIGHT,,999.00,0.38,3.6,4.9,3399
110.10,-6.327,-6.818,109.4,1.36,CLEAR(조향OFF)|STRAIGHT,,999.00,0.38,3.5,4.9,3420
110.15,-6.327,-6.818,109.6,1.36,CLEAR(조향OFF)|STRAIGHT,,999.00,0.38,3.6,4.9,3420
110.20,-6.371,-6.696,109.8,1.44,CLEAR(조향OFF)|STRAIGHT,,999.00,0.38,3.5,4.7,3430
110.25,-6.371,-6.696,110.0,1.44,CLEAR(조향OFF)|STRAIGHT,,999.00,0.38,3.7,4.5,3473
110.30,-6.405,-6.578,110.0,1.11,CLEAR(조향OFF)|STRAIGHT,,999.00,0.38,3.7,4.5,3462
110.35,-6.405,-6.578,110.6,1.11,CLEAR(조향OFF)|STRAIGHT,,999.00,0.38,4.0,4.6,3451
110.40,-6.452,-6.467,110.7,1.21,CLEAR(조향OFF)|STRAIGHT,,999.00,0.38,3.8,4.6,3473
110.45,-6.452,-6.467,110.9,1.21,CLEAR(조향OFF)|STRAIGHT,,999.00,0.39,4.0,4.6,3473
110.50,-6.500,-6.357,111.0,1.20,CLEAR(조향OFF)|STRAIGHT,,999.00,0.39,3.9,4.5,3473
110.55,-6.500,-6.357,111.3,1.20,CLEAR(조향OFF)|STRAIGHT,,999.00,0.39,4.0,4.5,3483
110.60,-6.541,-6.241,111.4,1.23,CLEAR(조향OFF)|STRAIGHT,,999.00,0.39,4.0,4.5,3473
110.65,-6.541,-6.241,111.6,1.23,CLEAR(조향OFF)|STRAIGHT,,999.00,0.39,4.5,4.6,3462
110.70,-6.594,-6.132,112.0,1.20,CLEAR(조향OFF)|STRAIGHT,,999.00,0.39,4.3,4.6,3473
110.75,-6.594,-6.132,112.5,1.20,CLEAR(조향OFF)|STRAIGHT,,999.00,0.39,4.0,4.6,3473
110.80,-6.652,-6.022,112.5,1.13,CLEAR(조향OFF)|STRAIGHT,,999.00,0.39,3.9,4.6,3473
110.85,-6.652,-6.022,112.9,1.13,CLEAR(조향OFF)|STRAIGHT,,999.00,0.38,3.9,4.5,3473
110.90,-6.683,-5.895,113.3,1.44,CLEAR(조향OFF)|STRAIGHT,,999.00,0.38,3.7,4.5,3462
110.95,-6.683,-5.895,113.8,1.44,CLEAR(조향OFF)|STRAIGHT,,999.00,0.38,4.5,4.6,3473
111.00,-6.728,-5.778,114.1,1.25,CLEAR(조향OFF)|STRAIGHT,,999.00,0.38,4.2,4.5,3473
111.05,-6.728,-5.778,114.6,1.25,CLEAR(조향OFF)|STRAIGHT,,999.00,0.38,4.7,4.5,3462
111.10,-6.777,-5.669,114.8,1.33,CLEAR(조향OFF)|STRAIGHT,,999.00,0.38,4.4,4.5,3462
111.15,-6.777,-5.669,115.3,1.33,CLEAR(조향OFF)|STRAIGHT,,999.00,0.38,4.7,4.5,3473
111.20,-6.823,-5.558,115.5,1.09,CLEAR(조향OFF)|STRAIGHT,,999.00,0.38,4.5,4.5,3473
111.25,-6.823,-5.558,116.1,1.09,CLEAR(조향OFF)|STRAIGHT,,999.00,0.40,5.1,4.6,3473
111.30,-6.874,-5.444,116.3,1.25,CLEAR(조향OFF)|STRAIGHT,,999.00,0.40,4.8,4.5,3462
111.35,-6.874,-5.444,117.0,1.25,CLEAR(조향OFF)|STRAIGHT,,999.00,0.40,5.3,4.5,3462
111.40,-6.920,-5.336,117.2,1.17,CLEAR(조향OFF)|STRAIGHT,,999.00,0.40,5.0,4.5,3473
111.45,-6.920,-5.336,117.3,1.17,CLEAR(조향OFF)|STRAIGHT,,999.00,0.40,6.6,4.5,3473
111.50,-6.972,-5.217,117.6,1.29,CLEAR(조향OFF)|STRAIGHT,,999.00,0.40,6.6,4.5,3451
111.55,-6.972,-5.217,118.0,1.29,CLEAR(조향OFF)|STRAIGHT,,999.00,0.40,8.8,4.5,3473
111.60,-7.037,-5.110,118.2,1.26,CLEAR(조향OFF)|STRAIGHT,,999.00,0.40,8.8,4.4,3462
111.65,-7.037,-5.110,118.5,1.26,CLEAR(조향OFF)|STRAIGHT,,999.00,0.37,10.1,5.5,3359
111.70,-7.100,-5.001,118.8,1.25,CLEAR(조향OFF)|STRAIGHT,,999.00,0.37,9.5,6.3,3271
111.75,-7.100,-5.001,119.5,1.25,CLEAR(조향OFF)|STRAIGHT,,999.00,0.37,11.6,7.2,3152
111.80,-7.158,-4.889,119.9,1.15,CLEAR(조향OFF)|STRAIGHT,,999.00,0.37,10.5,7.5,3108
111.85,-7.158,-4.889,120.6,1.15,CLEAR(조향OFF)|STRAIGHT,,999.00,0.37,12.8,8.0,3033
111.90,-7.227,-4.784,121.0,1.39,CLEAR(조향OFF)|STRAIGHT,,999.00,0.37,15.0,8.4,2984
111.95,-7.227,-4.784,122.0,1.39,CLEAR(조향OFF)|STRAIGHT,,999.00,0.37,17.3,9.0,2900
112.00,-7.296,-4.678,122.5,1.41,CLEAR(조향OFF)|STRAIGHT,,999.00,0.37,18.0,10.0,2820
112.05,-7.296,-4.678,123.7,1.41,CLEAR(조향OFF)|STRAIGHT,,999.00,0.28,15.8,11.4,2666
112.10,-7.365,-4.577,124.4,1.12,CLEAR(조향OFF)|STRAIGHT,,999.00,0.19,13.5,12.7,2545
112.15,-7.365,-4.577,126.0,1.12,CLEAR(조향OFF)|STRAIGHT,,999.00,0.10,11.2,13.5,2451
112.20,-7.441,-4.474,126.7,1.28,CLEAR(조향OFF)|STRAIGHT,,999.00,0.01,9.0,13.5,2435
112.25,-7.441,-4.474,128.4,1.28,CLEAR(조향OFF)|STRAIGHT,,999.00,0.00,6.8,13.5,2425
112.30,-7.522,-4.385,129.1,1.21,CLEAR(조향OFF)|STRAIGHT,,999.00,0.00,4.5,12.7,2467
112.35,-7.522,-4.385,130.4,1.21,CLEAR(조향OFF)|STRAIGHT,,999.00,0.00,2.2,11.3,2580
112.40,-7.608,-4.295,131.2,1.24,CLEAR(조향OFF)|STRAIGHT,,999.00,0.00,0.0,9.6,2724
112.45,-7.608,-4.295,132.0,1.24,CLEAR(조향OFF)|STRAIGHT,,999.00,0.00,0.0,8.4,2870
112.50,-7.696,-4.209,132.3,1.23,CLEAR(조향OFF)|STRAIGHT,,999.00,0.00,0.0,6.6,3057
112.55,-7.696,-4.209,132.7,1.23,CLEAR(조향OFF)|STRAIGHT,,999.00,0.00,0.0,5.0,3252
112.60,-7.776,-4.126,132.9,1.15,CLEAR(조향OFF)|STRAIGHT,,999.00,0.00,0.0,3.5,3462
112.65,-7.776,-4.126,133.2,1.15,CLEAR(조향OFF)|STRAIGHT,,999.00,0.00,0.0,2.6,3618
112.70,-7.849,-4.044,133.3,1.09,CLEAR(조향OFF)|STRAIGHT,,999.00,0.00,0.0,2.2,3713
112.75,-7.849,-4.044,133.4,1.09,CLEAR(조향OFF)|STRAIGHT,,999.00,0.00,0.0,2.2,3751
112.80,-7.926,-3.967,133.5,0.99,CLEAR(조향OFF)|STRAIGHT,,999.00,0.00,0.0,2.1,3776
112.85,-7.926,-3.967,133.7,0.99,CLEAR(조향OFF)|STRAIGHT,,999.00,0.00,0.0,2.2,3788
112.90,-7.993,-3.885,133.7,1.32,CLEAR(조향OFF)|STRAIGHT,,999.00,0.00,0.0,2.1,3801
112.95,-7.993,-3.885,133.9,1.32,CLEAR(조향OFF)|STRAIGHT,,999.00,0.00,0.0,2.1,3788
113.00,-8.060,-3.819,134.0,0.85,CLEAR(조향OFF)|STRAIGHT,,999.00,0.00,0.0,1.6,3880
113.05,-8.060,-3.819,134.1,0.85,CLEAR(조향OFF)|STRAIGHT,,999.00,0.00,0.0,1.5,3880
113.10,-8.122,-3.750,134.2,0.94,CLEAR(조향OFF)|STRAIGHT,,999.00,0.00,0.0,1.5,3907
113.15,-8.122,-3.750,134.2,0.94,CLEAR(조향OFF)|STRAIGHT,,999.00,0.00,0.0,1.5,3920
113.20,-8.181,-3.689,134.3,0.84,CLEAR(조향OFF)|STRAIGHT,,999.00,0.00,0.0,1.5,3907
113.25,-8.181,-3.689,134.4,0.84,CLEAR(조향OFF)|STRAIGHT,,999.00,0.00,0.0,1.5,3920
113.30,-8.237,-3.628,134.5,0.83,CLEAR(조향OFF)|STRAIGHT,,999.00,0.00,0.0,1.5,3920
113.35,-8.237,-3.628,134.5,0.83,CLEAR(조향OFF)|STRAIGHT,,999.00,0.00,0.0,1.5,3920
113.40,-8.290,-3.564,134.6,0.83,CLEAR(조향OFF)|STRAIGHT,,999.00,0.00,0.0,1.5,3934
113.45,-8.290,-3.564,134.7,0.83,CLEAR(조향OFF)|STRAIGHT,,999.00,0.00,0.0,1.5,3934
113.50,-8.343,-3.517,134.8,0.71,CLEAR(조향OFF)|STRAIGHT,,999.00,0.00,0.0,1.5,3934
113.55,-8.343,-3.517,134.9,0.71,CLEAR(조향OFF)|STRAIGHT,,999.00,0.00,0.0,1.5,3934
113.60,-8.393,-3.465,135.0,0.71,CLEAR(조향OFF)|STRAIGHT,,999.00,0.00,0.0,1.5,3962
113.65,-8.393,-3.465,135.1,0.71,CLEAR(조향OFF)|STRAIGHT,,999.00,0.00,0.0,1.3,3962
113.70,-8.436,-3.413,135.1,0.68,CLEAR(조향OFF)|STRAIGHT,,999.00,0.00,0.0,1.1,4004
113.75,-8.436,-3.413,135.3,0.68,CLEAR(조향OFF)|STRAIGHT,,999.00,0.00,0.0,1.1,4004
113.80,-8.478,-3.368,135.3,0.61,CLEAR(조향OFF)|STRAIGHT,,999.00,0.00,0.0,1.1,4018
113.85,-8.478,-3.368,135.3,0.61,CLEAR(조향OFF)|STRAIGHT,,999.00,0.00,0.0,1.1,4018
113.90,-8.522,-3.323,135.3,0.58,CLEAR(조향OFF)|STRAIGHT,,999.00,0.00,0.0,1.1,4018
113.95,-8.522,-3.323,135.4,0.58,CLEAR(조향OFF)|STRAIGHT,,999.00,0.00,0.0,1.2,4004
114.00,-8.558,-3.287,135.4,0.56,CLEAR(조향OFF)|STRAIGHT,,999.00,0.00,0.0,1.1,4018
114.05,-8.558,-3.287,135.5,0.56,CLEAR(조향OFF)|STRAIGHT,,999.00,0.00,0.0,1.1,4018
114.10,-8.595,-3.248,135.5,0.54,CLEAR(조향OFF)|STRAIGHT,,999.00,0.00,0.0,1.1,4004
114.15,-8.595,-3.248,135.5,0.54,CLEAR(조향OFF)|STRAIGHT,,999.00,0.00,0.0,1.1,4004
114.20,-8.630,-3.210,135.6,0.52,CLEAR(조향OFF)|STRAIGHT,,999.00,0.00,0.0,1.2,4018
114.25,-8.630,-3.210,135.6,0.52,CLEAR(조향OFF)|STRAIGHT,,999.00,0.00,0.0,1.1,4018
114.30,-8.662,-3.182,135.7,0.42,CLEAR(조향OFF)|STRAIGHT,,999.00,0.00,0.0,1.1,4018
114.35,-8.662,-3.182,135.7,0.42,CLEAR(조향OFF)|STRAIGHT,,999.00,0.00,0.0,1.1,4018
114.40,-8.692,-3.150,135.7,0.44,CLEAR(조향OFF)|STRAIGHT,,999.00,0.00,0.0,1.1,4018
114.45,-8.692,-3.150,135.9,0.44,CLEAR(조향OFF)|STRAIGHT,,999.00,0.00,0.0,1.1,4018
114.50,-8.716,-3.121,135.9,0.37,CLEAR(조향OFF)|STRAIGHT,,999.00,0.00,0.0,1.1,4018
114.55,-8.716,-3.121,135.9,0.37,CLEAR(조향OFF)|STRAIGHT,,999.00,0.00,0.0,1.1,4018
114.60,-8.742,-3.098,135.9,0.35,CLEAR(조향OFF)|STRAIGHT,,999.00,0.00,0.0,1.1,4033
114.65,-8.742,-3.098,136.0,0.35,CLEAR(조향OFF)|STRAIGHT,,999.00,0.00,0.0,1.1,4018
114.70,-8.763,-3.074,136.0,0.35,CLEAR(조향OFF)|STRAIGHT,,999.00,0.00,0.0,1.1,4018
114.75,-8.763,-3.074,136.0,0.35,CLEAR(조향OFF)|STRAIGHT,,999.00,0.00,0.0,1.1,4018
114.80,-8.782,-3.057,136.0,0.21,CLEAR(조향OFF)|STRAIGHT,,999.00,0.00,0.0,1.1,4033
114.85,-8.782,-3.057,136.1,0.21,CLEAR(조향OFF)|STRAIGHT,,999.00,0.00,0.0,1.1,4004
114.90,-8.796,-3.039,136.1,0.26,CLEAR(조향OFF)|STRAIGHT,,999.00,0.00,0.0,1.1,4018
114.95,-8.796,-3.039,136.1,0.26,CLEAR(조향OFF)|STRAIGHT,,999.00,0.00,0.0,1.1,4018
115.00,-8.812,-3.024,136.1,0.22,CLEAR(조향OFF)|STRAIGHT,,999.00,0.00,0.0,1.1,4018
115.05,-8.812,-3.024,136.1,0.22,CLEAR(조향OFF)|STRAIGHT,,999.00,0.00,0.0,1.1,4033
115.10,-8.824,-3.012,136.1,0.17,CLEAR(조향OFF)|STRAIGHT,,999.00,0.00,0.0,1.2,4033
115.15,-8.824,-3.012,136.1,0.17,CLEAR(조향OFF)|STRAIGHT,,999.00,0.00,0.0,1.1,4033
115.20,-8.836,-3.004,136.1,0.14,CLEAR(조향OFF)|STRAIGHT,,999.00,0.00,0.0,1.1,4033
115.25,-8.836,-3.004,136.2,0.14,CLEAR(조향OFF)|STRAIGHT,,999.00,0.00,0.0,1.1,4018
115.30,-8.842,-2.995,136.2,0.12,CLEAR(조향OFF)|STRAIGHT,,999.00,0.00,0.0,1.1,4033
115.35,-8.842,-2.995,136.2,0.12,CLEAR(조향OFF)|STRAIGHT,,999.00,0.00,0.0,1.1,4018
115.40,-8.849,-2.989,136.2,0.09,CLEAR(조향OFF)|STRAIGHT,,999.00,0.00,0.0,1.1,4018
115.45,-8.849,-2.989,136.3,0.09,CLEAR(조향OFF)|STRAIGHT,,999.00,0.00,0.0,1.1,4018
115.50,-8.851,-2.987,136.3,0.03,CLEAR(조향OFF)|STRAIGHT,,999.00,0.00,0.0,1.1,4033
115.55,-8.851,-2.987,136.3,0.03,CLEAR(조향OFF)|STRAIGHT,,999.00,0.00,0.0,1.1,4033
115.60,-8.852,-2.987,136.3,0.01,CLEAR(조향OFF)|STRAIGHT,,999.00,0.00,0.0,1.1,4018
115.65,-8.852,-2.987,136.4,0.01,CLEAR(조향OFF)|STRAIGHT,,999.00,0.00,0.0,1.1,4033
115.70,-8.849,-2.987,136.4,-0.02,CLEAR(조향OFF)|STRAIGHT,,999.00,0.00,0.0,1.1,4033
115.75,-8.849,-2.987,136.4,-0.02,CLEAR(조향OFF)|STRAIGHT,,999.00,0.00,0.0,1.1,4018
115.80,-8.849,-2.990,136.4,-0.02,CLEAR(조향OFF)|STRAIGHT,,999.00,0.00,0.0,1.1,4033
115.85,-8.849,-2.990,136.4,-0.02,CLEAR(조향OFF)|STRAIGHT,,999.00,0.00,0.0,1.1,4047
115.90,-8.847,-2.990,136.4,-0.02,CLEAR(조향OFF)|STRAIGHT,,999.00,0.00,0.0,1.1,4033
115.95,-8.847,-2.990,136.4,-0.02,CLEAR(조향OFF)|STRAIGHT,,999.00,0.00,0.0,1.1,4018
116.00,-8.846,-2.992,136.4,-0.01,CLEAR(조향OFF)|STRAIGHT,,999.00,0.00,0.0,1.1,4018
116.05,-8.846,-2.992,136.5,-0.01,CLEAR(조향OFF)|STRAIGHT,,999.00,0.00,0.0,1.1,4033
116.10,-8.847,-2.992,136.5,0.01,CLEAR(조향OFF)|STRAIGHT,,999.00,0.00,0.0,1.1,4033
116.15,-8.847,-2.992,136.5,0.01,CLEAR(조향OFF)|STRAIGHT,,999.00,0.00,0.0,1.1,4018
116.20,-8.848,-2.991,136.5,0.01,CLEAR(조향OFF)|STRAIGHT,,999.00,0.00,0.0,1.1,4018
116.25,-8.848,-2.991,136.5,0.01,CLEAR(조향OFF)|STRAIGHT,,999.00,0.00,0.0,1.1,4018
116.30,-8.847,-2.990,136.5,-0.00,CLEAR(조향OFF)|STRAIGHT,,999.00,0.00,0.0,1.1,4033
116.35,-8.847,-2.990,136.5,-0.00,CLEAR(조향OFF)|STRAIGHT,,999.00,0.00,0.0,1.1,4033
116.40,-8.849,-2.990,136.6,0.02,CLEAR(조향OFF)|STRAIGHT,,999.00,0.00,0.0,1.1,4033
116.45,-8.849,-2.990,136.6,0.02,CLEAR(조향OFF)|STRAIGHT,,999.00,0.00,0.0,1.1,4018
116.50,-8.849,-2.990,136.6,-0.00,CLEAR(조향OFF)|STRAIGHT,,999.00,0.00,0.0,1.1,4033
116.55,-8.849,-2.990,136.6,-0.00,CLEAR(조향OFF)|STRAIGHT,,999.00,0.00,0.0,1.1,4033
116.60,-8.849,-2.991,136.6,-0.01,CLEAR(조향OFF)|STRAIGHT,,999.00,0.00,0.0,1.1,4018
116.65,-8.849,-2.991,136.7,-0.01,CLEAR(조향OFF)|STRAIGHT,,999.00,0.00,0.0,1.1,4033
116.70,-8.849,-2.993,136.7,-0.01,CLEAR(조향OFF)|STRAIGHT,,999.00,0.00,0.0,1.1,4004
116.75,-8.849,-2.993,136.7,-0.01,CLEAR(조향OFF)|STRAIGHT,,999.00,0.00,0.0,1.1,4018
116.80,-8.849,-2.991,136.7,0.01,CLEAR(조향OFF)|STRAIGHT,,999.00,0.00,0.0,1.1,4033
116.85,-8.849,-2.991,136.7,0.01,CLEAR(조향OFF)|STRAIGHT,,999.00,0.00,0.0,1.1,4018
116.90,-8.849,-2.991,136.7,0.00,CLEAR(조향OFF)|STRAIGHT,,999.00,0.00,0.0,1.1,4018
116.95,-8.849,-2.991,136.7,0.00,CLEAR(조향OFF)|STRAIGHT,,999.00,0.00,0.0,1.1,4047
117.00,-8.849,-2.991,136.7,0.00,CLEAR(조향OFF)|STRAIGHT,,999.00,0.00,0.0,1.1,4018
117.05,-8.849,-2.991,136.8,0.00,CLEAR(조향OFF)|STRAIGHT,,999.00,0.00,0.0,1.1,4033
117.10,-8.849,-2.991,136.8,0.00,CLEAR(조향OFF)|STRAIGHT,,999.00,0.00,0.0,1.1,4033
117.15,-8.849,-2.991,136.8,0.00,CLEAR(조향OFF)|STRAIGHT,,999.00,0.00,0.0,1.2,4033
117.20,-8.849,-2.991,136.8,-0.00,CLEAR(조향OFF)|STRAIGHT,,999.00,0.00,0.0,1.1,4018
117.25,-8.849,-2.991,136.9,-0.00,CLEAR(조향OFF)|STRAIGHT,,999.00,0.00,0.0,1.1,4018
117.30,-8.849,-2.990,136.9,0.01,CLEAR(조향OFF)|STRAIGHT,,999.00,0.00,0.0,1.1,4018
117.35,-8.849,-2.990,136.9,0.01,CLEAR(조향OFF)|STRAIGHT,,999.00,0.00,0.0,1.1,4033
117.40,-8.851,-2.962,136.9,0.23,CLEAR(조향OFF)|STRAIGHT,,999.00,0.00,0.0,1.1,4047
117.45,-8.851,-2.962,136.9,0.23,CLEAR(조향OFF)|STRAIGHT,,999.00,0.00,0.0,1.1,4018
117.50,-8.850,-2.956,137.0,0.02,CLEAR(조향OFF)|STRAIGHT,,999.00,0.00,0.0,1.1,4033
117.55,-8.850,-2.956,137.0,0.02,CLEAR(조향OFF)|STRAIGHT,,999.00,0.00,0.0,1.1,4033
117.60,-8.851,-2.958,137.0,-0.00,CLEAR(조향OFF)|STRAIGHT,,999.00,0.00,0.0,1.1,4033
117.65,-8.851,-2.958,137.1,-0.00,CLEAR(조향OFF)|STRAIGHT,,999.00,0.00,0.0,1.1,4033
117.70,-8.851,-2.958,137.1,-0.00,CLEAR(조향OFF)|STRAIGHT,,999.00,0.00,0.0,1.1,4033
117.75,-8.851,-2.958,137.1,-0.00,CLEAR(조향OFF)|STRAIGHT,,999.00,0.00,0.0,1.1,4018
117.80,-8.849,-2.957,137.1,-0.01,CLEAR(조향OFF)|STRAIGHT,,999.00,0.00,0.0,1.1,4033
117.85,-8.849,-2.957,137.1,-0.01,CLEAR(조향OFF)|STRAIGHT,,999.00,0.00,0.0,1.0,4047
117.90,-8.849,-2.958,137.1,-0.00,CLEAR(조향OFF)|STRAIGHT,,999.00,0.00,0.0,1.0,4047
117.95,-8.849,-2.958,137.2,-0.00,CLEAR(조향OFF)|STRAIGHT,,999.00,0.00,0.0,1.0,4033
118.00,-8.850,-2.958,137.2,0.00,CLEAR(조향OFF)|STRAIGHT,,999.00,0.00,0.0,1.0,4047
118.05,-8.850,-2.958,137.2,0.00,CLEAR(조향OFF)|STRAIGHT,,999.00,0.00,0.0,1.0,4047
118.10,-8.849,-2.959,137.2,-0.01,CLEAR(조향OFF)|STRAIGHT,,999.00,0.00,0.0,1.0,4047
118.15,-8.849,-2.959,137.2,-0.01,CLEAR(조향OFF)|STRAIGHT,,999.00,0.00,0.0,1.0,4033
118.20,-8.850,-2.960,137.3,-0.00,CLEAR(조향OFF)|STRAIGHT,,999.00,0.00,0.0,1.0,4062
118.25,-8.850,-2.960,137.3,-0.00,CLEAR(조향OFF)|STRAIGHT,,999.00,0.00,0.0,1.0,4062
118.30,-8.850,-2.958,137.3,0.01,CLEAR(조향OFF)|STRAIGHT,,999.00,0.00,0.0,1.0,4047
118.35,-8.850,-2.958,137.3,0.01,CLEAR(조향OFF)|STRAIGHT,,999.00,0.00,0.0,1.0,4062
118.40,-8.850,-2.958,137.4,-0.00,CLEAR(조향OFF)|STRAIGHT,,999.00,0.00,0.0,1.0,4047
118.45,-8.850,-2.958,137.4,-0.00,CLEAR(조향OFF)|STRAIGHT,,999.00,0.00,0.0,1.0,4033
118.50,-8.850,-2.957,137.4,0.01,CLEAR(조향OFF)|STRAIGHT,,999.00,0.00,0.0,1.0,4062
118.55,-8.850,-2.957,137.4,0.01,CLEAR(조향OFF)|STRAIGHT,,999.00,0.00,0.0,1.0,4062
118.60,-8.849,-2.958,137.4,-0.01,CLEAR(조향OFF)|STRAIGHT,,999.00,0.00,0.0,1.0,4062
118.65,-8.849,-2.958,137.5,-0.01,CLEAR(조향OFF)|STRAIGHT,,999.00,0.00,0.0,1.0,4062
118.70,-8.850,-2.957,137.5,0.01,CLEAR(조향OFF)|STRAIGHT,,999.00,0.00,0.0,1.0,4062
118.75,-8.850,-2.957,137.5,0.01,CLEAR(조향OFF)|STRAIGHT,,999.00,0.00,0.0,1.0,4047
118.80,-8.849,-2.957,137.5,-0.00,CLEAR(조향OFF)|STRAIGHT,,999.00,0.00,0.0,1.0,4062
118.85,-8.849,-2.957,137.5,-0.00,CLEAR(조향OFF)|STRAIGHT,,999.00,0.00,0.0,0.9,4062
118.90,-8.849,-2.955,137.6,0.01,CLEAR(조향OFF)|STRAIGHT,,999.00,0.00,0.0,1.0,4062
118.95,-8.849,-2.955,137.6,0.01,CLEAR(조향OFF)|STRAIGHT,,999.00,0.00,0.0,1.0,4047
119.00,-8.849,-2.956,137.6,-0.00,CLEAR(조향OFF)|STRAIGHT,,999.00,0.00,0.0,1.0,4047
119.05,-8.849,-2.956,137.6,-0.00,CLEAR(조향OFF)|STRAIGHT,,999.00,0.00,0.0,0.9,4047
119.10,-8.849,-2.956,137.7,0.00,CLEAR(조향OFF)|STRAIGHT,,999.00,0.00,0.0,1.0,4047
119.15,-8.849,-2.956,137.7,0.00,CLEAR(조향OFF)|STRAIGHT,,999.00,0.00,0.0,1.0,4062
119.20,-8.849,-2.956,137.7,-0.00,CLEAR(조향OFF)|STRAIGHT,,999.00,0.00,0.0,1.0,4047
119.25,-8.849,-2.956,137.7,-0.00,CLEAR(조향OFF)|STRAIGHT,,999.00,0.00,0.0,1.0,4047
119.30,-8.848,-2.956,137.7,-0.01,CLEAR(조향OFF)|STRAIGHT,,999.00,0.00,0.0,1.0,4047
119.35,-8.848,-2.956,137.8,-0.01,CLEAR(조향OFF)|STRAIGHT,,999.00,0.00,0.0,1.1,4062
119.40,-8.848,-2.955,137.8,0.00,CLEAR(조향OFF)|STRAIGHT,,999.00,0.00,0.0,1.0,4062
119.45,-8.848,-2.955,137.8,0.00,CLEAR(조향OFF)|STRAIGHT,,999.00,0.00,0.0,1.0,4047
119.50,-8.849,-2.955,137.8,0.00,CLEAR(조향OFF)|STRAIGHT,,999.00,0.00,0.0,1.0,4062
119.55,-8.849,-2.955,137.8,0.00,CLEAR(조향OFF)|STRAIGHT,,999.00,0.00,0.0,1.0,4062
119.60,-8.848,-2.956,137.9,-0.01,CLEAR(조향OFF)|STRAIGHT,,999.00,0.00,0.0,1.0,4062
119.65,-8.848,-2.956,137.9,-0.01,CLEAR(조향OFF)|STRAIGHT,,999.00,0.00,0.0,1.0,4047
119.70,-8.848,-2.955,137.9,0.01,CLEAR(조향OFF)|STRAIGHT,,999.00,0.00,0.0,1.0,4047
119.75,-8.848,-2.955,137.9,0.01,CLEAR(조향OFF)|STRAIGHT,,999.00,0.00,0.0,1.0,4047
119.80,-8.849,-2.955,137.9,0.01,CLEAR(조향OFF)|STRAIGHT,,999.00,0.00,0.0,1.0,4047
119.85,-8.849,-2.955,138.0,0.01,CLEAR(조향OFF)|STRAIGHT,,999.00,0.00,0.0,1.0,4047
119.90,-8.848,-2.954,138.0,-0.00,CLEAR(조향OFF)|STRAIGHT,,999.00,0.00,0.0,1.0,4033
119.95,-8.848,-2.954,138.0,-0.00,CLEAR(조향OFF)|STRAIGHT,,999.00,0.00,0.0,1.0,4047
120.00,-8.848,-2.954,138.0,0.00,CLEAR(조향OFF)|STRAIGHT,,999.00,0.00,0.0,1.0,4047
120.05,-8.848,-2.954,138.0,0.00,CLEAR(조향OFF)|STRAIGHT,,999.00,0.00,0.0,1.0,4047
120.10,-8.848,-2.955,138.0,-0.01,CLEAR(조향OFF)|STRAIGHT,,999.00,0.00,0.0,1.0,4047
120.15,-8.848,-2.955,138.1,-0.01,CLEAR(조향OFF)|STRAIGHT,,999.00,0.00,0.0,1.0,4047
120.20,-8.849,-2.954,138.1,0.01,CLEAR(조향OFF)|STRAIGHT,,999.00,0.00,0.0,1.0,4047
120.25,-8.849,-2.954,138.1,0.01,CLEAR(조향OFF)|STRAIGHT,,999.00,0.00,0.0,1.0,4047
120.30,-8.848,-2.954,138.1,-0.00,CLEAR(조향OFF)|STRAIGHT,,999.00,0.00,0.0,1.0,4047
120.35,-8.848,-2.954,138.1,-0.00,CLEAR(조향OFF)|STRAIGHT,,999.00,0.00,0.0,1.0,4033
120.40,-8.848,-2.955,138.1,-0.00,CLEAR(조향OFF)|STRAIGHT,,999.00,0.00,0.0,1.1,4062
120.45,-8.848,-2.955,138.2,-0.00,CLEAR(조향OFF)|STRAIGHT,,999.00,0.00,0.0,1.1,4062
120.50,-8.849,-2.955,138.2,0.00,CLEAR(조향OFF)|STRAIGHT,,999.00,0.00,0.0,1.0,4047
120.55,-8.849,-2.955,138.2,0.00,CLEAR(조향OFF)|STRAIGHT,,999.00,0.00,0.0,1.0,4062
120.60,-8.849,-2.955,138.2,0.00,CLEAR(조향OFF)|STRAIGHT,,999.00,0.00,0.0,1.0,4047
120.65,-8.849,-2.955,138.2,0.00,CLEAR(조향OFF)|STRAIGHT,,999.00,0.00,0.0,1.0,4047
120.70,-8.851,-2.953,138.3,0.02,CLEAR(조향OFF)|STRAIGHT,,999.00,0.00,0.0,1.0,4047
120.75,-8.851,-2.953,138.3,0.02,CLEAR(조향OFF)|STRAIGHT,,999.00,0.00,0.0,1.0,4047
120.80,-8.849,-2.953,138.3,-0.01,CLEAR(조향OFF)|STRAIGHT,,999.00,0.00,0.0,1.0,4077
120.85,-8.849,-2.953,138.3,-0.01,CLEAR(조향OFF)|STRAIGHT,,999.00,0.00,0.0,1.0,4077
120.90,-8.851,-2.954,138.3,0.00,CLEAR(조향OFF)|STRAIGHT,,999.00,0.00,0.0,1.0,4047
120.95,-8.851,-2.954,138.4,0.00,CLEAR(조향OFF)|STRAIGHT,,999.00,0.00,0.0,1.0,4047
121.00,-8.850,-2.952,138.4,0.01,CLEAR(조향OFF)|STRAIGHT,,999.00,0.00,0.0,1.0,4047
121.05,-8.850,-2.952,138.4,0.01,CLEAR(조향OFF)|STRAIGHT,,999.00,0.00,0.0,1.0,4047
121.10,-8.851,-2.953,138.4,-0.01,CLEAR(조향OFF)|STRAIGHT,,999.00,0.00,0.0,1.0,4047
121.15,-8.851,-2.953,138.5,-0.01,CLEAR(조향OFF)|STRAIGHT,,999.00,0.00,0.0,1.0,4047
121.20,-8.851,-2.951,138.5,0.02,CLEAR(조향OFF)|STRAIGHT,,999.00,0.00,0.0,1.0,4062
121.25,-8.851,-2.951,138.5,0.02,CLEAR(조향OFF)|STRAIGHT,,999.00,0.00,0.0,1.0,4047
121.30,-8.850,-2.954,138.5,-0.02,CLEAR(조향OFF)|STRAIGHT,,999.00,0.00,0.0,1.0,4047
121.35,-8.850,-2.954,138.5,-0.02,CLEAR(조향OFF)|STRAIGHT,,999.00,0.00,0.0,1.0,4062
121.40,-8.850,-2.954,138.5,-0.00,CLEAR(조향OFF)|STRAIGHT,,999.00,0.00,0.0,1.0,4047
121.45,-8.850,-2.954,138.6,-0.00,CLEAR(조향OFF)|STRAIGHT,,999.00,0.00,0.0,1.0,4062
121.50,-8.849,-2.953,138.6,-0.00,CLEAR(조향OFF)|STRAIGHT,,999.00,0.00,0.0,1.0,4062
121.55,-8.849,-2.953,138.6,-0.00,CLEAR(조향OFF)|STRAIGHT,,999.00,0.00,0.0,1.0,4062
121.60,-8.850,-2.954,138.6,-0.00,CLEAR(조향OFF)|STRAIGHT,,999.00,0.00,0.0,1.0,4062
121.65,-8.850,-2.954,138.6,-0.00,CLEAR(조향OFF)|STRAIGHT,,999.00,0.00,0.0,1.0,4062
121.70,-8.851,-2.952,138.7,0.03,CLEAR(조향OFF)|STRAIGHT,,999.00,0.00,0.0,1.0,4047
121.75,-8.851,-2.952,138.7,0.03,CLEAR(조향OFF)|STRAIGHT,,999.00,0.00,0.0,1.0,4047
121.80,-8.852,-2.950,138.7,0.02,CLEAR(조향OFF)|STRAIGHT,,999.00,0.00,0.0,1.0,4047
121.85,-8.852,-2.950,138.7,0.02,CLEAR(조향OFF)|STRAIGHT,,999.00,0.00,0.0,1.0,4047
121.90,-8.851,-2.951,138.7,-0.01,CLEAR(조향OFF)|STRAIGHT,,999.00,0.00,0.0,1.0,4047
121.95,-8.851,-2.951,138.8,-0.01,CLEAR(조향OFF)|STRAIGHT,,999.00,0.00,0.0,1.0,4047
122.00,-8.852,-2.950,138.8,0.01,CLEAR(조향OFF)|STRAIGHT,,999.00,0.00,0.0,1.0,4062
122.05,-8.852,-2.950,138.8,0.01,CLEAR(조향OFF)|STRAIGHT,,999.00,0.00,0.0,1.0,4062
122.10,-8.847,-2.956,138.8,-0.08,CLEAR(조향OFF)|STRAIGHT,,999.00,0.00,0.0,1.0,4047
122.15,-8.847,-2.956,138.8,-0.08,CLEAR(조향OFF)|STRAIGHT,,999.00,0.00,0.0,1.0,4047
122.20,-8.848,-2.958,138.9,-0.01,CLEAR(조향OFF)|STRAIGHT,,999.00,0.00,0.0,1.0,4047
122.25,-8.848,-2.958,138.9,-0.01,CLEAR(조향OFF)|STRAIGHT,,999.00,0.00,0.0,1.0,4047
122.30,-8.847,-2.957,138.9,0.01,CLEAR(조향OFF)|STRAIGHT,,999.00,0.00,0.0,1.0,4047
122.35,-8.847,-2.957,138.9,0.01,CLEAR(조향OFF)|STRAIGHT,,999.00,0.00,0.0,1.0,4062
122.40,-8.848,-2.956,138.9,0.01,CLEAR(조향OFF)|STRAIGHT,,999.00,0.00,0.0,1.0,4047
122.45,-8.848,-2.956,138.9,0.01,CLEAR(조향OFF)|STRAIGHT,,999.00,0.00,0.0,1.0,4047
122.50,-8.849,-2.956,139.0,0.01,CLEAR(조향OFF)|STRAIGHT,,999.00,0.00,0.0,1.0,4047
122.55,-8.849,-2.956,139.0,0.01,CLEAR(조향OFF)|STRAIGHT,,999.00,0.00,0.0,1.0,4047
122.60,-8.849,-2.956,139.0,0.00,CLEAR(조향OFF)|STRAIGHT,,999.00,0.00,0.0,1.0,4077
122.65,-8.849,-2.956,139.0,0.00,CLEAR(조향OFF)|STRAIGHT,,999.00,0.00,0.0,1.0,4047
122.70,-8.848,-2.955,139.0,-0.00,CLEAR(조향OFF)|STRAIGHT,,999.00,0.00,0.0,1.0,4047
122.75,-8.848,-2.955,139.1,-0.00,CLEAR(조향OFF)|STRAIGHT,,999.00,0.00,0.0,1.0,4062
122.80,-8.847,-2.955,139.1,-0.01,CLEAR(조향OFF)|STRAIGHT,,999.00,0.00,0.0,1.0,4047
122.85,-8.847,-2.955,139.1,-0.01,CLEAR(조향OFF)|STRAIGHT,,999.00,0.00,0.0,1.0,4047
122.90,-8.848,-2.955,139.1,0.01,CLEAR(조향OFF)|STRAIGHT,,999.00,0.00,0.0,1.0,4077
122.95,-8.848,-2.955,139.1,0.01,CLEAR(조향OFF)|STRAIGHT,,999.00,0.00,0.0,1.0,4047
123.00,-8.849,-2.955,139.1,0.01,CLEAR(조향OFF)|STRAIGHT,,999.00,0.00,0.0,1.0,4047
123.05,-8.849,-2.955,139.2,0.01,CLEAR(조향OFF)|STRAIGHT,,999.00,0.00,0.0,1.0,4062
123.10,-8.847,-2.955,139.2,-0.01,CLEAR(조향OFF)|STRAIGHT,,999.00,0.00,0.0,1.0,4062
123.15,-8.847,-2.955,139.2,-0.01,CLEAR(조향OFF)|STRAIGHT,,999.00,0.00,0.0,1.0,4047
123.20,-8.848,-2.955,139.2,0.00,CLEAR(조향OFF)|STRAIGHT,,999.00,0.00,0.0,1.0,4062
123.25,-8.848,-2.955,139.3,0.00,CLEAR(조향OFF)|STRAIGHT,,999.00,0.00,0.0,1.0,4047
123.30,-8.849,-2.955,139.3,0.02,CLEAR(조향OFF)|STRAIGHT,,999.00,0.00,0.0,1.0,4062
123.35,-8.849,-2.955,139.3,0.02,CLEAR(조향OFF)|STRAIGHT,,999.00,0.00,0.0,1.1,4047
123.40,-8.850,-2.956,139.3,-0.01,CLEAR(조향OFF)|STRAIGHT,,999.00,0.00,0.0,1.0,4062
123.45,-8.850,-2.956,139.3,-0.01,CLEAR(조향OFF)|STRAIGHT,,999.00,0.00,0.0,1.0,4047
123.50,-8.848,-2.956,139.3,-0.01,CLEAR(조향OFF)|STRAIGHT,,999.00,0.00,0.0,1.0,4047
123.55,-8.848,-2.956,139.4,-0.01,CLEAR(조향OFF)|STRAIGHT,,999.00,0.00,0.0,1.0,4062
123.60,-8.849,-2.954,139.4,0.02,CLEAR(조향OFF)|STRAIGHT,,999.00,0.00,0.0,1.0,4062
123.65,-8.849,-2.954,139.4,0.02,CLEAR(조향OFF)|STRAIGHT,,999.00,0.00,0.0,1.1,4062
123.70,-8.850,-2.955,139.4,-0.00,CLEAR(조향OFF)|STRAIGHT,,999.00,0.00,0.0,1.0,4062
123.75,-8.850,-2.955,139.4,-0.00,CLEAR(조향OFF)|STRAIGHT,,999.00,0.00,0.0,1.0,4047
123.80,-8.850,-2.955,139.4,0.00,CLEAR(조향OFF)|STRAIGHT,,999.00,0.00,0.0,1.0,4033
123.85,-8.850,-2.955,139.5,0.00,CLEAR(조향OFF)|STRAIGHT,,999.00,0.00,0.0,1.0,4047
123.90,-8.849,-2.954,139.5,-0.01,CLEAR(조향OFF)|STRAIGHT,,999.00,0.00,0.0,1.0,4062
123.95,-8.849,-2.954,139.5,-0.01,CLEAR(조향OFF)|STRAIGHT,,999.00,0.00,0.0,1.0,4047
124.00,-8.851,-2.955,139.5,0.02,CLEAR(조향OFF)|STRAIGHT,,999.00,0.00,0.0,1.0,4047
124.05,-8.851,-2.955,139.5,0.02,CLEAR(조향OFF)|STRAIGHT,,999.00,0.00,0.0,1.0,4062
124.10,-8.848,-2.955,139.5,-0.02,CLEAR(조향OFF)|STRAIGHT,,999.00,0.00,0.0,1.0,4033
124.15,-8.848,-2.955,139.6,-0.02,CLEAR(조향OFF)|STRAIGHT,,999.00,0.00,0.0,1.0,4033
124.20,-8.849,-2.954,139.6,0.01,CLEAR(조향OFF)|STRAIGHT,,999.00,0.00,0.0,1.0,4047
124.25,-8.849,-2.954,139.6,0.01,CLEAR(조향OFF)|STRAIGHT,,999.00,0.00,0.0,1.0,4062
124.30,-8.850,-2.955,139.6,-0.00,CLEAR(조향OFF)|STRAIGHT,,999.00,0.00,0.0,1.0,4047
124.35,-8.850,-2.955,139.6,-0.00,CLEAR(조향OFF)|STRAIGHT,,999.00,0.00,0.0,1.0,4062
124.40,-8.848,-2.954,139.6,-0.01,CLEAR(조향OFF)|STRAIGHT,,999.00,0.00,0.0,1.0,4033
124.45,-8.848,-2.954,139.7,-0.01,CLEAR(조향OFF)|STRAIGHT,,999.00,0.00,0.0,1.0,4047
124.50,-8.850,-2.953,139.7,0.02,CLEAR(조향OFF)|STRAIGHT,,999.00,0.00,0.0,1.0,4047
124.55,-8.850,-2.953,139.7,0.02,CLEAR(조향OFF)|STRAIGHT,,999.00,0.00,0.0,1.0,4047
124.60,-8.849,-2.955,139.7,-0.02,CLEAR(조향OFF)|STRAIGHT,,999.00,0.00,0.0,1.0,4047
124.65,-8.849,-2.955,139.7,-0.02,CLEAR(조향OFF)|STRAIGHT,,999.00,0.00,0.0,1.0,4062
124.70,-8.849,-2.955,139.7,-0.00,CLEAR(조향OFF)|STRAIGHT,,999.00,0.00,0.0,1.0,4047
124.75,-8.849,-2.955,139.7,-0.00,CLEAR(조향OFF)|STRAIGHT,,999.00,0.00,0.0,1.0,4047
124.80,-8.849,-2.955,139.8,-0.00,CLEAR(조향OFF)|STRAIGHT,,999.00,0.00,0.0,1.0,4047
124.85,-8.849,-2.954,139.8,0.01,CLEAR(조향OFF)|STRAIGHT,,999.00,0.00,0.0,1.0,4062
124.90,-8.849,-2.954,139.8,0.01,CLEAR(조향OFF)|STRAIGHT,,999.00,0.00,0.0,1.0,4062
124.95,-8.849,-2.954,139.8,0.01,CLEAR(조향OFF)|STRAIGHT,,999.00,0.00,0.0,1.0,4047
125.00,-8.849,-2.955,139.8,-0.01,CLEAR(조향OFF)|STRAIGHT,,999.00,0.00,0.0,1.0,4062
125.05,-8.849,-2.955,139.8,-0.01,CLEAR(조향OFF)|STRAIGHT,,999.00,0.00,0.0,1.0,4047
125.10,-8.850,-2.956,139.8,0.01,CLEAR(조향OFF)|STRAIGHT,,999.00,0.00,0.0,1.0,4047
125.15,-8.850,-2.956,139.9,0.01,CLEAR(조향OFF)|STRAIGHT,,999.00,0.00,0.0,1.0,4047
125.20,-8.849,-2.958,139.9,-0.02,CLEAR(조향OFF)|STRAIGHT,,999.00,0.00,0.0,1.0,4047
125.25,-8.849,-2.958,139.9,-0.02,CLEAR(조향OFF)|STRAIGHT,,999.00,0.00,0.0,1.0,4062
125.30,-8.850,-2.957,139.9,0.01,CLEAR(조향OFF)|STRAIGHT,,999.00,0.00,0.0,1.0,4062
125.35,-8.850,-2.957,139.9,0.01,CLEAR(조향OFF)|STRAIGHT,,999.00,0.00,0.0,1.0,4062
125.40,-8.846,-2.960,139.9,-0.05,CLEAR(조향OFF)|STRAIGHT,,999.00,0.00,0.0,1.0,4033
125.45,-8.846,-2.960,140.0,-0.05,CLEAR(조향OFF)|STRAIGHT,,999.00,0.00,0.0,1.0,4047
125.50,-8.846,-2.963,140.0,-0.01,CLEAR(조향OFF)|STRAIGHT,,999.00,0.00,0.0,1.0,4062
125.55,-8.846,-2.963,140.0,-0.01,CLEAR(조향OFF)|STRAIGHT,,999.00,0.00,0.0,1.0,4047
125.60,-8.845,-2.963,140.0,-0.01,CLEAR(조향OFF)|STRAIGHT,,999.00,0.00,0.0,1.0,4077
125.65,-8.845,-2.963,140.0,-0.01,CLEAR(조향OFF)|STRAIGHT,,999.00,0.00,0.0,1.0,4062
125.70,-8.845,-2.963,140.0,-0.00,CLEAR(조향OFF)|STRAIGHT,,999.00,0.00,0.0,1.0,4047
125.75,-8.845,-2.963,140.0,-0.00,CLEAR(조향OFF)|STRAIGHT,,999.00,0.00,0.0,1.0,4047
125.80,-8.845,-2.964,140.0,-0.00,CLEAR(조향OFF)|STRAIGHT,,999.00,0.00,0.0,1.0,4047
125.85,-8.845,-2.964,140.1,-0.00,CLEAR(조향OFF)|STRAIGHT,,999.00,0.00,0.0,1.0,4062
125.90,-8.845,-2.964,140.1,-0.00,CLEAR(조향OFF)|STRAIGHT,,999.00,0.00,0.0,1.0,4047
125.95,-8.845,-2.964,140.1,-0.00,CLEAR(조향OFF)|STRAIGHT,,999.00,0.00,0.0,1.0,4047
126.00,-8.844,-2.966,140.1,-0.02,CLEAR(조향OFF)|STRAIGHT,,999.00,0.00,0.0,1.0,4062
126.05,-8.844,-2.966,140.1,-0.02,CLEAR(조향OFF)|STRAIGHT,,999.00,0.00,0.0,1.0,4047
126.10,-8.846,-2.965,140.1,0.01,CLEAR(조향OFF)|STRAIGHT,,999.00,0.00,0.0,1.0,4062
126.15,-8.846,-2.965,140.2,0.01,CLEAR(조향OFF)|STRAIGHT,,999.00,0.00,0.0,1.0,4062
126.20,-8.844,-2.965,140.2,-0.01,CLEAR(조향OFF)|STRAIGHT,,999.00,0.00,0.0,1.0,4047
126.25,-8.844,-2.965,140.2,-0.01,CLEAR(조향OFF)|STRAIGHT,,999.00,0.00,0.0,1.0,4047
126.30,-8.844,-2.965,140.2,0.00,CLEAR(조향OFF)|STRAIGHT,,999.00,0.00,0.0,1.0,4047
126.35,-8.844,-2.965,140.2,0.00,CLEAR(조향OFF)|STRAIGHT,,999.00,0.00,0.0,1.0,4033
126.40,-8.845,-2.966,140.3,0.00,CLEAR(조향OFF)|STRAIGHT,,999.00,0.00,0.0,1.0,4047
126.45,-8.845,-2.966,140.3,0.00,CLEAR(조향OFF)|STRAIGHT,,999.00,0.00,0.0,1.0,4047
126.50,-8.845,-2.965,140.3,0.00,CLEAR(조향OFF)|STRAIGHT,,999.00,0.00,0.0,1.0,4047
126.55,-8.845,-2.965,140.3,0.00,CLEAR(조향OFF)|STRAIGHT,,999.00,0.00,0.0,1.0,4047
126.60,-8.844,-2.967,140.3,-0.02,CLEAR(조향OFF)|STRAIGHT,,999.00,0.00,0.0,1.0,4062
126.65,-8.844,-2.967,140.3,-0.02,CLEAR(조향OFF)|STRAIGHT,,999.00,0.00,0.0,1.0,4033
126.70,-8.845,-2.965,140.3,0.02,CLEAR(조향OFF)|STRAIGHT,,999.00,0.00,0.0,1.0,4062
126.75,-8.845,-2.965,140.4,0.02,CLEAR(조향OFF)|STRAIGHT,,999.00,0.00,0.0,1.0,4047
126.80,-8.843,-2.966,140.4,-0.02,CLEAR(조향OFF)|STRAIGHT,,999.00,0.00,0.0,1.0,4033
126.85,-8.843,-2.966,140.4,-0.02,CLEAR(조향OFF)|STRAIGHT,,999.00,0.00,0.0,1.0,4047
126.90,-8.844,-2.965,140.4,0.01,CLEAR(조향OFF)|STRAIGHT,,999.00,0.00,0.0,1.0,4062
126.95,-8.844,-2.965,140.4,0.01,CLEAR(조향OFF)|STRAIGHT,,999.00,0.00,0.0,1.0,4033
127.00,-8.843,-2.965,140.4,-0.00,CLEAR(조향OFF)|STRAIGHT,,999.00,0.00,0.0,1.0,4047
127.05,-8.843,-2.965,140.4,-0.00,CLEAR(조향OFF)|STRAIGHT,,999.00,0.00,0.0,1.0,4062
127.10,-8.845,-2.965,140.5,0.01,CLEAR(조향OFF)|STRAIGHT,,999.00,0.00,0.0,1.0,4062
127.15,-8.845,-2.965,140.5,0.01,CLEAR(조향OFF)|STRAIGHT,,999.00,0.00,0.0,1.0,4047
127.20,-8.844,-2.964,140.5,-0.00,CLEAR(조향OFF)|STRAIGHT,,999.00,0.00,0.0,1.0,4062
127.25,-8.844,-2.964,140.5,-0.00,CLEAR(조향OFF)|STRAIGHT,,999.00,0.00,0.0,1.0,4047
127.30,-8.844,-2.965,140.5,-0.01,CLEAR(조향OFF)|STRAIGHT,,999.00,0.00,0.0,1.0,4047
127.35,-8.844,-2.965,140.5,-0.01,CLEAR(조향OFF)|STRAIGHT,,999.00,0.00,0.0,1.0,4047
127.40,-8.845,-2.965,140.5,0.01,CLEAR(조향OFF)|STRAIGHT,,999.00,0.00,0.0,1.0,4047
127.45,-8.845,-2.965,140.5,0.01,CLEAR(조향OFF)|STRAIGHT,,999.00,0.00,0.0,1.0,4047
127.50,-8.844,-2.964,140.6,-0.01,CLEAR(조향OFF)|STRAIGHT,,999.00,0.00,0.0,1.0,4047
127.55,-8.844,-2.964,140.6,-0.01,CLEAR(조향OFF)|STRAIGHT,,999.00,0.00,0.0,1.0,4062
127.60,-8.845,-2.965,140.6,0.00,CLEAR(조향OFF)|STRAIGHT,,999.00,0.00,0.0,1.0,4062
127.65,-8.845,-2.965,140.6,0.00,CLEAR(조향OFF)|STRAIGHT,,999.00,0.00,0.0,1.0,4033
127.70,-8.845,-2.964,140.6,0.01,CLEAR(조향OFF)|STRAIGHT,,999.00,0.00,0.0,1.0,4062
127.75,-8.845,-2.964,140.6,0.01,CLEAR(조향OFF)|STRAIGHT,,999.00,0.00,0.0,1.0,4047
127.80,-8.844,-2.964,140.6,-0.01,CLEAR(조향OFF)|STRAIGHT,,999.00,0.00,0.0,1.0,4062
127.85,-8.844,-2.964,140.7,-0.01,CLEAR(조향OFF)|STRAIGHT,,999.00,0.00,0.0,1.0,4062
127.90,-8.846,-2.964,140.7,0.02,CLEAR(조향OFF)|STRAIGHT,,999.00,0.00,0.0,1.0,4047
127.95,-8.846,-2.964,140.7,0.02,CLEAR(조향OFF)|STRAIGHT,,999.00,0.00,0.0,1.0,4047
128.00,-8.844,-2.963,140.7,-0.01,CLEAR(조향OFF)|STRAIGHT,,999.00,0.00,0.0,1.0,4062
128.05,-8.844,-2.963,140.7,-0.01,CLEAR(조향OFF)|STRAIGHT,,999.00,0.00,0.0,1.0,4047
128.10,-8.845,-2.965,140.7,-0.00,CLEAR(조향OFF)|STRAIGHT,,999.00,0.00,0.0,1.0,4047
128.15,-8.845,-2.965,140.8,-0.00,CLEAR(조향OFF)|STRAIGHT,,999.00,0.00,0.0,1.0,4062
128.20,-8.846,-2.963,140.8,0.02,CLEAR(조향OFF)|STRAIGHT,,999.00,0.00,0.0,1.0,4047
128.25,-8.846,-2.963,140.8,0.02,CLEAR(조향OFF)|STRAIGHT,,999.00,0.00,0.0,1.0,4033
128.30,-8.844,-2.963,140.8,-0.01,CLEAR(조향OFF)|STRAIGHT,,999.00,0.00,0.0,1.0,4062
128.35,-8.844,-2.963,140.8,-0.01,CLEAR(조향OFF)|STRAIGHT,,999.00,0.00,0.0,1.0,4062
128.40,-8.844,-2.964,140.8,-0.01,CLEAR(조향OFF)|STRAIGHT,,999.00,0.00,0.0,1.0,4062
128.45,-8.844,-2.964,140.8,-0.01,CLEAR(조향OFF)|STRAIGHT,,999.00,0.00,0.0,1.0,4062
128.50,-8.845,-2.964,140.8,0.01,CLEAR(조향OFF)|STRAIGHT,,999.00,0.00,0.0,1.0,4047
128.55,-8.845,-2.964,140.8,0.01,CLEAR(조향OFF)|STRAIGHT,,999.00,0.00,0.0,1.0,4033
128.60,-8.845,-2.964,140.9,-0.00,CLEAR(조향OFF)|STRAIGHT,,999.00,0.00,0.0,1.0,4062
128.65,-8.845,-2.964,140.9,-0.00,CLEAR(조향OFF)|STRAIGHT,,999.00,0.00,0.0,1.0,4047
128.70,-8.844,-2.964,140.9,-0.00,CLEAR(조향OFF)|STRAIGHT,,999.00,0.00,0.0,1.0,4062
128.75,-8.844,-2.964,140.9,-0.00,CLEAR(조향OFF)|STRAIGHT,,999.00,0.00,0.0,1.0,4047
128.80,-8.846,-2.963,140.9,0.02,CLEAR(조향OFF)|STRAIGHT,,999.00,0.00,0.0,1.0,4047
128.85,-8.846,-2.963,141.0,0.02,CLEAR(조향OFF)|STRAIGHT,,999.00,0.00,0.0,1.0,4047
128.90,-8.845,-2.964,141.0,-0.01,CLEAR(조향OFF)|STRAIGHT,,999.00,0.00,0.0,1.0,4062
128.95,-8.845,-2.964,141.0,-0.01,CLEAR(조향OFF)|STRAIGHT,,999.00,0.00,0.0,1.1,4047
129.00,-8.845,-2.964,141.0,-0.00,CLEAR(조향OFF)|STRAIGHT,,999.00,0.00,0.0,1.0,4062
129.05,-8.845,-2.964,141.0,-0.00,CLEAR(조향OFF)|STRAIGHT,,999.00,0.00,0.0,1.1,4033
129.10,-8.845,-2.964,141.0,0.01,CLEAR(조향OFF)|STRAIGHT,,999.00,0.00,0.0,1.0,4047
129.15,-8.845,-2.964,141.0,0.01,CLEAR(조향OFF)|STRAIGHT,,999.00,0.00,0.0,1.0,4062
129.20,-8.844,-2.965,141.1,-0.02,CLEAR(조향OFF)|STRAIGHT,,999.00,0.00,0.0,1.0,4047
129.25,-8.844,-2.965,141.1,-0.02,CLEAR(조향OFF)|STRAIGHT,,999.00,0.00,0.0,1.0,4047
129.30,-8.846,-2.965,141.1,0.01,CLEAR(조향OFF)|STRAIGHT,,999.00,0.00,0.0,1.0,4077
129.35,-8.846,-2.965,141.1,0.01,CLEAR(조향OFF)|STRAIGHT,,999.00,0.00,0.0,1.0,4047
129.40,-8.846,-2.963,141.1,0.02,CLEAR(조향OFF)|STRAIGHT,,999.00,0.00,0.0,1.0,4047
129.45,-8.846,-2.963,141.1,0.02,CLEAR(조향OFF)|STRAIGHT,,999.00,0.00,0.0,1.0,4047
129.50,-8.845,-2.965,141.2,-0.02,CLEAR(조향OFF)|STRAIGHT,,999.00,0.00,0.0,1.0,4047
129.55,-8.845,-2.965,141.2,-0.02,CLEAR(조향OFF)|STRAIGHT,,999.00,0.00,0.0,1.0,4047
129.60,-8.846,-2.966,141.2,0.01,CLEAR(조향OFF)|STRAIGHT,,999.00,0.00,0.0,1.0,4077
129.65,-8.846,-2.966,141.2,0.01,CLEAR(조향OFF)|STRAIGHT,,999.00,0.00,0.0,1.0,4047
129.70,-8.846,-2.965,141.2,0.00,CLEAR(조향OFF)|STRAIGHT,,999.00,0.00,0.0,1.0,4047
129.75,-8.846,-2.965,141.2,0.00,CLEAR(조향OFF)|STRAIGHT,,999.00,0.00,0.0,1.0,4062
129.80,-8.847,-2.964,141.2,0.01,CLEAR(조향OFF)|STRAIGHT,,999.00,0.00,0.0,1.0,4033
129.85,-8.847,-2.964,141.3,0.01,CLEAR(조향OFF)|STRAIGHT,,999.00,0.00,0.0,1.0,4047
129.90,-8.845,-2.965,141.3,-0.03,CLEAR(조향OFF)|STRAIGHT,,999.00,0.00,0.0,1.0,4062
129.95,-8.845,-2.965,141.3,-0.03,CLEAR(조향OFF)|STRAIGHT,,999.00,0.00,0.0,1.0,4077
130.00,-8.846,-2.965,141.3,0.02,CLEAR(조향OFF)|STRAIGHT,,999.00,0.00,0.0,1.0,4047
130.05,-8.846,-2.965,141.3,0.02,CLEAR(조향OFF)|STRAIGHT,,999.00,0.00,0.0,1.0,4062
130.10,-8.846,-2.965,141.3,0.00,CLEAR(조향OFF)|STRAIGHT,,999.00,0.00,0.0,1.0,4047
130.15,-8.846,-2.965,141.3,0.00,CLEAR(조향OFF)|STRAIGHT,,999.00,0.00,0.0,1.0,4062
130.20,-8.846,-2.966,141.3,-0.01,CLEAR(조향OFF)|STRAIGHT,,999.00,0.00,0.0,1.0,4047
130.25,-8.846,-2.966,141.4,-0.01,CLEAR(조향OFF)|STRAIGHT,,999.00,0.00,0.0,1.0,4077
130.30,-8.846,-2.965,141.4,-0.00,CLEAR(조향OFF)|STRAIGHT,,999.00,0.00,0.0,1.0,4047
130.35,-8.846,-2.965,141.4,-0.00,CLEAR(조향OFF)|STRAIGHT,,999.00,0.00,0.0,1.0,4062
130.40,-8.848,-2.965,141.4,0.02,CLEAR(조향OFF)|STRAIGHT,,999.00,0.00,0.0,1.0,4047
130.45,-8.848,-2.965,141.4,0.02,CLEAR(조향OFF)|STRAIGHT,,999.00,0.00,0.0,1.0,4062
130.50,-8.846,-2.965,141.4,-0.02,CLEAR(조향OFF)|STRAIGHT,,999.00,0.00,0.0,1.0,4047
130.55,-8.846,-2.965,141.5,-0.02,CLEAR(조향OFF)|STRAIGHT,,999.00,0.00,0.0,1.0,4062
130.60,-8.847,-2.964,141.5,0.01,CLEAR(조향OFF)|STRAIGHT,,999.00,0.00,0.0,1.0,4047
130.65,-8.847,-2.964,141.5,0.01,CLEAR(조향OFF)|STRAIGHT,,999.00,0.00,0.0,1.0,4033
130.70,-8.847,-2.964,141.5,0.00,CLEAR(조향OFF)|STRAIGHT,,999.00,0.00,0.0,1.0,4062
130.75,-8.847,-2.964,141.5,0.00,CLEAR(조향OFF)|STRAIGHT,,999.00,0.00,0.0,1.0,4062
130.80,-8.845,-2.964,141.5,-0.01,CLEAR(조향OFF)|STRAIGHT,,999.00,0.00,0.0,1.0,4047
130.85,-8.845,-2.964,141.5,-0.01,CLEAR(조향OFF)|STRAIGHT,,999.00,0.00,0.0,1.0,4062
130.90,-8.847,-2.964,141.5,0.02,CLEAR(조향OFF)|STRAIGHT,,999.00,0.00,0.0,1.0,4062
130.95,-8.847,-2.964,141.6,0.02,CLEAR(조향OFF)|STRAIGHT,,999.00,0.00,0.0,1.0,4047
131.00,-8.845,-2.964,141.6,-0.01,CLEAR(조향OFF)|STRAIGHT,,999.00,0.00,0.0,1.0,4062
131.05,-8.845,-2.964,141.6,-0.01,CLEAR(조향OFF)|STRAIGHT,,999.00,0.00,0.0,1.0,4062
131.10,-8.846,-2.964,141.6,0.00,CLEAR(조향OFF)|STRAIGHT,,999.00,0.00,0.0,0.9,4047
131.15,-8.846,-2.964,141.6,0.00,CLEAR(조향OFF)|STRAIGHT,,999.00,0.00,0.0,1.0,4062
131.20,-8.846,-2.964,141.6,-0.00,CLEAR(조향OFF)|STRAIGHT,,999.00,0.00,0.0,1.0,4047
131.25,-8.846,-2.964,141.7,-0.00,CLEAR(조향OFF)|STRAIGHT,,999.00,0.00,0.0,1.0,4033
131.30,-8.845,-2.964,141.7,-0.01,CLEAR(조향OFF)|STRAIGHT,,999.00,0.00,0.0,1.0,4047
131.35,-8.845,-2.964,141.7,-0.01,CLEAR(조향OFF)|STRAIGHT,,999.00,0.00,0.0,1.0,4062
131.40,-8.846,-2.964,141.7,0.01,CLEAR(조향OFF)|STRAIGHT,,999.00,0.00,0.0,1.0,4047
131.45,-8.846,-2.964,141.7,0.01,CLEAR(조향OFF)|STRAIGHT,,999.00,0.00,0.0,1.0,4062
131.50,-8.846,-2.964,141.7,-0.00,CLEAR(조향OFF)|STRAIGHT,,999.00,0.00,0.0,1.0,4047
131.55,-8.846,-2.964,141.8,-0.00,CLEAR(조향OFF)|STRAIGHT,,999.00,0.00,0.0,1.0,4047
131.60,-8.845,-2.964,141.8,-0.01,CLEAR(조향OFF)|STRAIGHT,,999.00,0.00,0.0,1.0,4062
131.65,-8.845,-2.964,141.8,-0.01,CLEAR(조향OFF)|STRAIGHT,,999.00,0.00,0.0,1.0,4047
131.70,-8.845,-2.965,141.8,-0.01,CLEAR(조향OFF)|STRAIGHT,,999.00,0.00,0.0,1.0,4062
131.75,-8.845,-2.965,141.8,-0.01,CLEAR(조향OFF)|STRAIGHT,,999.00,0.00,0.0,1.0,4047
131.80,-8.845,-2.964,141.8,0.00,CLEAR(조향OFF)|STRAIGHT,,999.00,0.00,0.0,1.0,4062
131.85,-8.845,-2.964,141.8,0.00,CLEAR(조향OFF)|STRAIGHT,,999.00,0.00,0.0,1.0,4062
131.90,-8.845,-2.964,141.9,0.00,CLEAR(조향OFF)|STRAIGHT,,999.00,0.00,0.0,1.0,4047
131.95,-8.845,-2.964,141.9,0.00,CLEAR(조향OFF)|STRAIGHT,,999.00,0.00,0.0,1.0,4047
132.00,-8.845,-2.965,141.9,-0.00,CLEAR(조향OFF)|STRAIGHT,,999.00,0.00,0.0,1.0,4047
132.05,-8.845,-2.965,141.9,-0.00,CLEAR(조향OFF)|STRAIGHT,,999.00,0.00,0.0,1.0,4047
132.10,-8.845,-2.964,141.9,0.01,CLEAR(조향OFF)|STRAIGHT,,999.00,0.00,0.0,1.0,4062
132.15,-8.845,-2.964,141.9,0.01,CLEAR(조향OFF)|STRAIGHT,,999.00,0.00,0.0,1.0,4062
132.20,-8.846,-2.965,142.0,-0.00,CLEAR(조향OFF)|STRAIGHT,,999.00,0.00,0.0,1.0,4033
132.25,-8.846,-2.965,142.0,-0.00,CLEAR(조향OFF)|STRAIGHT,,999.00,0.00,0.0,1.0,4047
132.30,-8.846,-2.965,142.0,-0.01,CLEAR(조향OFF)|STRAIGHT,,999.00,0.00,0.0,1.0,4047
132.35,-8.846,-2.965,142.0,-0.01,CLEAR(조향OFF)|STRAIGHT,,999.00,0.00,0.0,1.0,4047
132.40,-8.845,-2.966,142.0,-0.00,CLEAR(조향OFF)|STRAIGHT,,999.00,0.00,0.0,1.0,4062
132.45,-8.845,-2.966,142.0,-0.00,CLEAR(조향OFF)|STRAIGHT,,999.00,0.00,0.0,1.0,4062
132.50,-8.846,-2.964,142.0,0.02,CLEAR(조향OFF)|STRAIGHT,,999.00,0.00,0.0,1.0,4047
132.55,-8.846,-2.964,142.1,0.02,CLEAR(조향OFF)|STRAIGHT,,999.00,0.00,0.0,1.0,4033
132.60,-8.845,-2.964,142.1,-0.01,CLEAR(조향OFF)|STRAIGHT,,999.00,0.00,0.0,1.0,4062
132.65,-8.845,-2.964,142.1,-0.01,CLEAR(조향OFF)|STRAIGHT,,999.00,0.00,0.0,1.0,4047
132.70,-8.845,-2.964,142.1,-0.00,CLEAR(조향OFF)|STRAIGHT,,999.00,0.00,0.0,1.0,4047
132.75,-8.845,-2.964,142.1,-0.00,CLEAR(조향OFF)|STRAIGHT,,999.00,0.00,0.0,1.0,4062
132.80,-8.847,-2.964,142.1,0.01,CLEAR(조향OFF)|STRAIGHT,,999.00,0.00,0.0,1.0,4047
132.85,-8.847,-2.964,142.2,0.01,CLEAR(조향OFF)|STRAIGHT,,999.00,0.00,0.0,1.0,4047
132.90,-8.846,-2.963,142.2,-0.01,CLEAR(조향OFF)|STRAIGHT,,999.00,0.00,0.0,1.0,4062
132.95,-8.846,-2.963,142.2,-0.01,CLEAR(조향OFF)|STRAIGHT,,999.00,0.00,0.0,1.0,4047
133.00,-8.846,-2.964,142.2,-0.00,CLEAR(조향OFF)|STRAIGHT,,999.00,0.00,0.0,1.1,4047
133.05,-8.846,-2.964,142.2,-0.00,CLEAR(조향OFF)|STRAIGHT,,999.00,0.00,0.0,1.0,4062
133.10,-8.847,-2.963,142.2,0.01,CLEAR(조향OFF)|STRAIGHT,,999.00,0.00,0.0,1.0,4062
133.15,-8.847,-2.963,142.2,0.01,CLEAR(조향OFF)|STRAIGHT,,999.00,0.00,0.0,1.0,4047
133.20,-8.847,-2.964,142.2,-0.01,CLEAR(조향OFF)|STRAIGHT,,999.00,0.00,0.0,1.0,4062
133.25,-8.847,-2.964,142.2,-0.01,CLEAR(조향OFF)|STRAIGHT,,999.00,0.00,0.0,1.1,4047
133.30,-8.846,-2.962,142.2,0.01,CLEAR(조향OFF)|STRAIGHT,,999.00,0.00,0.0,1.0,4047
133.35,-8.846,-2.962,142.2,0.01,CLEAR(조향OFF)|STRAIGHT,,999.00,0.00,0.0,1.0,4047
133.40,-8.846,-2.963,142.2,-0.01,CLEAR(조향OFF)|STRAIGHT,,999.00,0.00,0.0,1.0,4062
133.45,-8.846,-2.963,142.2,-0.01,CLEAR(조향OFF)|STRAIGHT,,999.00,0.00,0.0,1.0,4062
133.50,-8.847,-2.964,142.2,0.00,CLEAR(조향OFF)|STRAIGHT,,999.00,0.00,0.0,1.0,4062
133.55,-8.847,-2.964,142.2,0.00,CLEAR(조향OFF)|STRAIGHT,,999.00,0.00,0.0,1.0,4062
133.60,-8.845,-2.963,142.2,-0.00,CLEAR(조향OFF)|STRAIGHT,,999.00,0.00,0.0,1.1,4062
133.65,-8.845,-2.963,142.2,-0.00,CLEAR(조향OFF)|STRAIGHT,,999.00,0.00,0.0,1.0,4047
133.70,-8.846,-2.962,142.2,0.00,CLEAR(조향OFF)|STRAIGHT,,999.00,0.00,0.0,1.0,4077
133.75,-8.846,-2.962,142.3,0.00,CLEAR(조향OFF)|STRAIGHT,,999.00,0.00,0.0,1.0,4062
133.80,-8.846,-2.963,142.3,-0.00,CLEAR(조향OFF)|STRAIGHT,,999.00,0.00,0.0,1.0,4047
133.85,-8.846,-2.963,142.3,-0.00,CLEAR(조향OFF)|STRAIGHT,,999.00,0.00,0.0,1.0,4047
133.90,-8.845,-2.964,142.3,-0.01,CLEAR(조향OFF)|STRAIGHT,,999.00,0.00,0.0,1.0,4077
133.95,-8.845,-2.964,142.3,-0.01,CLEAR(조향OFF)|STRAIGHT,,999.00,0.00,0.0,1.0,4033
134.00,-8.844,-2.961,142.3,0.01,CLEAR(조향OFF)|STRAIGHT,,999.00,0.00,0.0,1.0,4047
134.05,-8.844,-2.961,142.3,0.01,CLEAR(조향OFF)|STRAIGHT,,999.00,0.00,0.0,1.0,4062
134.10,-8.845,-2.963,142.3,-0.00,CLEAR(조향OFF)|STRAIGHT,,999.00,0.00,0.0,1.0,4062
134.15,-8.845,-2.963,142.3,-0.00,CLEAR(조향OFF)|STRAIGHT,,999.00,0.00,0.0,1.0,4047
134.20,-8.845,-2.963,142.3,-0.00,CLEAR(조향OFF)|STRAIGHT,,999.00,0.00,0.0,1.1,4047
134.25,-8.845,-2.963,142.3,-0.00,CLEAR(조향OFF)|STRAIGHT,,999.00,0.00,0.0,1.0,4047
134.30,-8.846,-2.964,142.3,-0.00,CLEAR(조향OFF)|STRAIGHT,,999.00,0.00,0.0,1.1,4062
134.35,-8.846,-2.964,142.3,-0.00,CLEAR(조향OFF)|STRAIGHT,,999.00,0.00,0.0,1.0,4062
134.40,-8.843,-2.963,142.3,-0.01,CLEAR(조향OFF)|STRAIGHT,,999.00,0.00,0.0,1.0,4047
134.45,-8.843,-2.963,142.3,-0.01,CLEAR(조향OFF)|STRAIGHT,,999.00,0.00,0.0,1.0,4062
134.50,-8.844,-2.965,142.3,-0.00,CLEAR(조향OFF)|STRAIGHT,,999.00,0.00,0.0,1.0,4062
134.55,-8.844,-2.965,142.3,-0.00,CLEAR(조향OFF)|STRAIGHT,,999.00,0.00,0.0,1.0,4047
134.60,-8.843,-2.964,142.3,-0.01,CLEAR(조향OFF)|STRAIGHT,,999.00,0.00,0.0,1.1,4062
134.65,-8.843,-2.964,142.3,-0.01,CLEAR(조향OFF)|STRAIGHT,,999.00,0.00,0.0,1.0,4077
134.70,-8.845,-2.964,142.3,0.01,CLEAR(조향OFF)|STRAIGHT,,999.00,0.00,0.0,1.0,4047
134.75,-8.845,-2.964,142.3,0.01,CLEAR(조향OFF)|STRAIGHT,,999.00,0.00,0.0,1.0,4062
134.80,-8.844,-2.964,142.3,-0.01,CLEAR(조향OFF)|STRAIGHT,,999.00,0.00,0.0,1.0,4062
134.85,-8.844,-2.964,142.3,-0.01,CLEAR(조향OFF)|STRAIGHT,,999.00,0.00,0.0,1.0,4062
134.90,-8.843,-2.963,142.3,0.00,CLEAR(조향OFF)|STRAIGHT,,999.00,0.00,0.0,1.0,4047
134.95,-8.843,-2.963,142.3,0.00,CLEAR(조향OFF)|STRAIGHT,,999.00,0.00,0.0,1.0,4062
135.00,-8.844,-2.965,142.3,-0.00,CLEAR(조향OFF)|STRAIGHT,,999.00,0.00,0.0,1.0,4062
135.05,-8.844,-2.965,142.3,-0.00,CLEAR(조향OFF)|STRAIGHT,,999.00,0.00,0.0,1.0,4062
135.10,-8.843,-2.965,142.3,-0.01,CLEAR(조향OFF)|STRAIGHT,,999.00,0.00,0.0,1.0,4047
135.15,-8.843,-2.965,142.3,-0.01,CLEAR(조향OFF)|STRAIGHT,,999.00,0.00,0.0,1.0,4062
135.20,-8.844,-2.964,142.3,0.02,CLEAR(조향OFF)|STRAIGHT,,999.00,0.00,0.0,1.0,4047
135.25,-8.844,-2.964,142.3,0.02,CLEAR(조향OFF)|STRAIGHT,,999.00,0.00,0.0,1.0,4062
135.30,-8.843,-2.965,142.3,-0.01,CLEAR(조향OFF)|STRAIGHT,,999.00,0.00,0.0,1.0,4062
135.35,-8.843,-2.965,142.3,-0.01,CLEAR(조향OFF)|STRAIGHT,,999.00,0.00,0.0,1.0,4047
135.40,-8.845,-2.966,142.3,0.01,CLEAR(조향OFF)|STRAIGHT,,999.00,0.00,0.0,1.0,4047
135.45,-8.845,-2.966,142.3,0.01,CLEAR(조향OFF)|STRAIGHT,,999.00,0.00,0.0,1.0,4047
135.50,-8.844,-2.966,142.3,-0.01,CLEAR(조향OFF)|STRAIGHT,,999.00,0.00,0.0,1.0,4047
135.55,-8.844,-2.966,142.3,-0.01,CLEAR(조향OFF)|STRAIGHT,,999.00,0.00,0.0,1.0,4062
135.60,-8.844,-2.967,142.3,0.00,CLEAR(조향OFF)|STRAIGHT,,999.00,0.00,0.0,1.0,4062
135.65,-8.844,-2.967,142.3,0.00,CLEAR(조향OFF)|STRAIGHT,,999.00,0.00,0.0,1.0,4047
135.70,-8.845,-2.966,142.3,0.01,CLEAR(조향OFF)|STRAIGHT,,999.00,0.00,0.0,1.0,4062
135.75,-8.845,-2.966,142.3,0.01,CLEAR(조향OFF)|STRAIGHT,,999.00,0.00,0.0,1.0,4062
135.80,-8.845,-2.966,142.3,0.00,CLEAR(조향OFF)|STRAIGHT,,999.00,0.00,0.0,1.0,4047
135.85,-8.845,-2.966,142.3,0.00,CLEAR(조향OFF)|STRAIGHT,,999.00,0.00,0.0,1.0,4062
135.90,-8.843,-2.965,142.3,-0.01,CLEAR(조향OFF)|STRAIGHT,,999.00,0.00,0.0,1.0,4077
135.95,-8.843,-2.965,142.4,-0.01,CLEAR(조향OFF)|STRAIGHT,,999.00,0.00,0.0,1.0,4047
136.00,-8.845,-2.965,142.4,0.01,CLEAR(조향OFF)|STRAIGHT,,999.00,0.00,0.0,1.0,4033
136.05,-8.845,-2.965,142.4,0.01,CLEAR(조향OFF)|STRAIGHT,,999.00,0.00,0.0,1.1,4047
136.10,-8.844,-2.966,142.4,-0.01,CLEAR(조향OFF)|STRAIGHT,,999.00,0.00,0.0,1.0,4047
136.15,-8.844,-2.966,142.4,-0.01,CLEAR(조향OFF)|STRAIGHT,,999.00,0.00,0.0,1.0,4047
136.20,-8.844,-2.965,142.4,0.01,CLEAR(조향OFF)|STRAIGHT,,999.00,0.00,0.0,1.0,4062
136.25,-8.844,-2.965,142.4,0.01,CLEAR(조향OFF)|STRAIGHT,,999.00,0.00,0.0,1.0,4062
136.30,-8.844,-2.966,142.4,-0.01,CLEAR(조향OFF)|STRAIGHT,,999.00,0.00,0.0,1.1,4062
136.35,-8.844,-2.966,142.4,-0.01,CLEAR(조향OFF)|STRAIGHT,,999.00,0.00,0.0,1.0,4047
136.40,-8.845,-2.967,142.4,0.00,CLEAR(조향OFF)|STRAIGHT,,999.00,0.00,0.0,1.0,4047
136.45,-8.845,-2.967,142.4,0.00,CLEAR(조향OFF)|STRAIGHT,,999.00,0.00,0.0,1.0,4062
136.50,-8.844,-2.965,142.4,0.01,CLEAR(조향OFF)|STRAIGHT,,999.00,0.00,0.0,1.0,4047
136.55,-8.844,-2.965,142.4,0.01,CLEAR(조향OFF)|STRAIGHT,,999.00,0.00,0.0,1.0,4062
136.60,-8.845,-2.966,142.4,-0.00,CLEAR(조향OFF)|STRAIGHT,,999.00,0.00,0.0,1.0,4062
136.65,-8.845,-2.966,142.5,-0.00,CLEAR(조향OFF)|STRAIGHT,,999.00,0.00,0.0,1.0,4062
136.70,-8.844,-2.966,142.5,-0.00,CLEAR(조향OFF)|STRAIGHT,,999.00,0.00,0.0,1.0,4047
136.75,-8.844,-2.966,142.5,-0.00,CLEAR(조향OFF)|STRAIGHT,,999.00,0.00,0.0,1.0,4047
136.80,-8.845,-2.966,142.5,0.00,CLEAR(조향OFF)|STRAIGHT,,999.00,0.00,0.0,1.0,4062
136.85,-8.845,-2.966,142.6,0.00,CLEAR(조향OFF)|STRAIGHT,,999.00,0.00,0.0,1.0,4062
136.90,-8.844,-2.964,142.6,0.01,CLEAR(조향OFF)|STRAIGHT,,999.00,0.00,0.0,1.0,4047
136.95,-8.844,-2.964,142.6,0.01,CLEAR(조향OFF)|STRAIGHT,,999.00,0.00,0.0,1.0,4047
137.00,-8.845,-2.966,142.6,-0.00,CLEAR(조향OFF)|STRAIGHT,,999.00,0.00,0.0,1.0,4047
137.05,-8.845,-2.966,142.6,-0.00,CLEAR(조향OFF)|STRAIGHT,,999.00,0.00,0.0,1.0,4047
137.10,-8.844,-2.965,142.6,0.00,CLEAR(조향OFF)|STRAIGHT,,999.00,0.00,0.0,1.0,4047
137.15,-8.844,-2.965,142.6,0.00,CLEAR(조향OFF)|STRAIGHT,,999.00,0.00,0.0,1.0,4062
137.20,-8.845,-2.965,142.6,0.01,CLEAR(조향OFF)|STRAIGHT,,999.00,0.00,0.0,1.0,4047
137.25,-8.845,-2.965,142.7,0.01,CLEAR(조향OFF)|STRAIGHT,,999.00,0.00,0.0,1.1,4047
137.30,-8.845,-2.964,142.7,0.00,CLEAR(조향OFF)|STRAIGHT,,999.00,0.00,0.0,1.0,4062
137.35,-8.845,-2.964,142.7,0.00,CLEAR(조향OFF)|STRAIGHT,,999.00,0.00,0.0,1.0,4062
137.40,-8.844,-2.966,142.7,-0.02,CLEAR(조향OFF)|STRAIGHT,,999.00,0.00,0.0,1.0,4047
137.45,-8.844,-2.966,142.7,-0.02,CLEAR(조향OFF)|STRAIGHT,,999.00,0.00,0.0,1.1,4077
137.50,-8.845,-2.965,142.7,0.01,CLEAR(조향OFF)|STRAIGHT,,999.00,0.00,0.0,1.1,4062
137.55,-8.845,-2.965,142.7,0.01,CLEAR(조향OFF)|STRAIGHT,,999.00,0.00,0.0,0.9,4047
137.60,-8.845,-2.964,142.7,0.00,CLEAR(조향OFF)|STRAIGHT,,999.00,0.00,0.0,1.0,4077
137.65,-8.845,-2.964,142.8,0.00,CLEAR(조향OFF)|STRAIGHT,,999.00,0.00,0.0,1.0,4062
137.70,-8.845,-2.965,142.8,0.00,CLEAR(조향OFF)|STRAIGHT,,999.00,0.00,0.0,1.0,4033
137.75,-8.845,-2.965,142.8,0.00,CLEAR(조향OFF)|STRAIGHT,,999.00,0.00,0.0,1.0,4062
137.80,-8.845,-2.967,142.8,-0.01,CLEAR(조향OFF)|STRAIGHT,,999.00,0.00,0.0,1.0,4062
137.85,-8.845,-2.967,142.8,-0.01,CLEAR(조향OFF)|STRAIGHT,,999.00,0.00,0.0,1.0,4047
137.90,-8.843,-2.966,142.8,-0.01,CLEAR(조향OFF)|STRAIGHT,,999.00,0.00,0.0,1.0,4062
137.95,-8.843,-2.966,142.8,-0.01,CLEAR(조향OFF)|STRAIGHT,,999.00,0.00,0.0,1.0,4047
138.00,-8.845,-2.965,142.8,0.02,CLEAR(조향OFF)|STRAIGHT,,999.00,0.00,0.0,1.0,4062
138.05,-8.845,-2.965,142.9,0.02,CLEAR(조향OFF)|STRAIGHT,,999.00,0.00,0.0,1.1,4062
138.10,-8.844,-2.966,142.9,-0.01,CLEAR(조향OFF)|STRAIGHT,,999.00,0.00,0.0,1.0,4047
138.15,-8.844,-2.966,142.9,-0.01,CLEAR(조향OFF)|STRAIGHT,,999.00,0.00,0.0,1.0,4062
138.20,-8.844,-2.964,142.9,0.01,CLEAR(조향OFF)|STRAIGHT,,999.00,0.00,0.0,1.0,4062
138.25,-8.844,-2.964,142.9,0.01,CLEAR(조향OFF)|STRAIGHT,,999.00,0.00,0.0,1.0,4047
138.30,-8.844,-2.965,142.9,-0.01,CLEAR(조향OFF)|STRAIGHT,,999.00,0.00,0.0,1.0,4047
138.35,-8.844,-2.965,142.9,-0.01,CLEAR(조향OFF)|STRAIGHT,,999.00,0.00,0.0,1.0,4047
138.40,-8.844,-2.967,142.9,-0.01,CLEAR(조향OFF)|STRAIGHT,,999.00,0.00,0.0,1.1,4062
138.45,-8.844,-2.967,143.0,-0.01,CLEAR(조향OFF)|STRAIGHT,,999.00,0.00,0.0,1.0,4062
138.50,-8.845,-2.966,143.0,0.01,CLEAR(조향OFF)|STRAIGHT,,999.00,0.00,0.0,1.0,4062
138.55,-8.845,-2.966,143.0,0.01,CLEAR(조향OFF)|STRAIGHT,,999.00,0.00,0.0,1.0,4047
138.60,-8.845,-2.966,143.0,0.00,CLEAR(조향OFF)|STRAIGHT,,999.00,0.00,0.0,1.0,4047
138.65,-8.845,-2.966,143.0,0.00,CLEAR(조향OFF)|STRAIGHT,,999.00,0.00,0.0,1.0,4047
138.70,-8.845,-2.967,143.0,-0.01,CLEAR(조향OFF)|STRAIGHT,,999.00,0.00,0.0,1.0,4062
138.75,-8.845,-2.967,143.0,-0.01,CLEAR(조향OFF)|STRAIGHT,,999.00,0.00,0.0,1.0,4062
138.80,-8.843,-2.966,143.0,-0.00,CLEAR(조향OFF)|STRAIGHT,,999.00,0.00,0.0,1.0,4062
138.85,-8.843,-2.966,143.0,-0.00,CLEAR(조향OFF)|STRAIGHT,,999.00,0.00,0.0,1.1,4033
138.90,-8.844,-2.966,143.0,0.01,CLEAR(조향OFF)|STRAIGHT,,999.00,0.00,0.0,1.0,4062
138.95,-8.844,-2.966,143.0,0.01,CLEAR(조향OFF)|STRAIGHT,,999.00,0.00,0.0,1.0,4062
139.00,-8.846,-2.966,143.1,0.01,CLEAR(조향OFF)|STRAIGHT,,999.00,0.00,0.0,1.0,4047
139.05,-8.846,-2.966,143.1,0.01,CLEAR(조향OFF)|STRAIGHT,,999.00,0.00,0.0,1.0,4047
139.10,-8.845,-2.966,143.1,-0.01,CLEAR(조향OFF)|STRAIGHT,,999.00,0.00,0.0,1.1,4062
139.15,-8.845,-2.966,143.1,-0.01,CLEAR(조향OFF)|STRAIGHT,,999.00,0.00,0.0,1.0,4047
139.20,-8.844,-2.968,143.1,-0.02,CLEAR(조향OFF)|STRAIGHT,,999.00,0.00,0.0,1.0,4047
139.25,-8.844,-2.968,143.1,-0.02,CLEAR(조향OFF)|STRAIGHT,,999.00,0.00,0.0,1.0,4047
139.30,-8.846,-2.967,143.1,0.02,CLEAR(조향OFF)|STRAIGHT,,999.00,0.00,0.0,0.9,4047
139.35,-8.846,-2.967,143.1,0.02,CLEAR(조향OFF)|STRAIGHT,,999.00,0.00,0.0,0.9,4047
139.40,-8.845,-2.968,143.1,-0.01,CLEAR(조향OFF)|STRAIGHT,,999.00,0.00,0.0,1.0,4047
139.45,-8.845,-2.968,143.2,-0.01,CLEAR(조향OFF)|STRAIGHT,,999.00,0.00,0.0,1.0,4062
139.50,-8.845,-2.968,143.2,-0.01,CLEAR(조향OFF)|STRAIGHT,,999.00,0.00,0.0,1.0,4062
139.55,-8.845,-2.968,143.2,-0.01,CLEAR(조향OFF)|STRAIGHT,,999.00,0.00,0.0,1.0,4047
139.60,-8.844,-2.967,143.2,-0.00,CLEAR(조향OFF)|STRAIGHT,,999.00,0.00,0.0,1.0,4047
139.65,-8.844,-2.967,143.2,-0.00,CLEAR(조향OFF)|STRAIGHT,,999.00,0.00,0.0,1.0,4047
139.70,-8.845,-2.968,143.2,0.00,CLEAR(조향OFF)|STRAIGHT,,999.00,0.00,0.0,1.0,4062
139.75,-8.845,-2.968,143.2,0.00,CLEAR(조향OFF)|STRAIGHT,,999.00,0.00,0.0,1.0,4062
139.80,-8.846,-2.968,143.2,0.01,CLEAR(조향OFF)|STRAIGHT,,999.00,0.00,0.0,1.0,4062
139.85,-8.846,-2.968,143.2,0.01,CLEAR(조향OFF)|STRAIGHT,,999.00,0.00,0.0,1.0,4062
139.90,-8.844,-2.969,143.2,-0.02,CLEAR(조향OFF)|STRAIGHT,,999.00,0.00,0.0,1.0,4062
139.95,-8.844,-2.969,143.2,-0.02,CLEAR(조향OFF)|STRAIGHT,,999.00,0.00,0.0,1.0,4062
140.00,-8.844,-2.968,143.3,0.00,CLEAR(조향OFF)|STRAIGHT,,999.00,0.00,0.0,1.0,4047
140.05,-8.844,-2.968,143.3,0.00,CLEAR(조향OFF)|STRAIGHT,,999.00,0.00,0.0,1.0,4047
140.10,-8.845,-2.968,143.3,0.02,CLEAR(조향OFF)|STRAIGHT,,999.00,0.00,0.0,1.0,4047
140.15,-8.845,-2.968,143.3,0.02,CLEAR(조향OFF)|STRAIGHT,,999.00,0.00,0.0,1.0,4047
140.20,-8.846,-2.966,143.3,0.01,CLEAR(조향OFF)|STRAIGHT,,999.00,0.00,0.0,1.0,4062
140.25,-8.846,-2.966,143.3,0.01,CLEAR(조향OFF)|STRAIGHT,,999.00,0.00,0.0,1.0,4077
140.30,-8.845,-2.967,143.3,-0.01,CLEAR(조향OFF)|STRAIGHT,,999.00,0.00,0.0,1.0,4033
140.35,-8.845,-2.967,143.3,-0.01,CLEAR(조향OFF)|STRAIGHT,,999.00,0.00,0.0,1.0,4062
140.40,-8.845,-2.967,143.3,0.00,CLEAR(조향OFF)|STRAIGHT,,999.00,0.00,0.0,1.0,4062
140.45,-8.845,-2.967,143.3,0.00,CLEAR(조향OFF)|STRAIGHT,,999.00,0.00,0.0,1.0,4047
140.50,-8.845,-2.967,143.3,-0.00,CLEAR(조향OFF)|STRAIGHT,,999.00,0.00,0.0,1.0,4047
140.55,-8.845,-2.967,143.3,-0.00,CLEAR(조향OFF)|STRAIGHT,,999.00,0.00,0.0,1.0,4077
140.60,-8.844,-2.967,143.4,-0.01,CLEAR(조향OFF)|STRAIGHT,,999.00,0.00,0.0,1.0,4033
140.65,-8.844,-2.967,143.4,-0.01,CLEAR(조향OFF)|STRAIGHT,,999.00,0.00,0.0,1.0,4047
140.70,-8.845,-2.967,143.4,0.01,CLEAR(조향OFF)|STRAIGHT,,999.00,0.00,0.0,1.0,4047
140.75,-8.845,-2.967,143.4,0.01,CLEAR(조향OFF)|STRAIGHT,,999.00,0.00,0.0,1.0,4062
140.80,-8.845,-2.968,143.4,-0.01,CLEAR(조향OFF)|STRAIGHT,,999.00,0.00,0.0,1.1,4062
140.85,-8.845,-2.968,143.4,-0.01,CLEAR(조향OFF)|STRAIGHT,,999.00,0.00,0.0,1.0,4047
140.90,-8.845,-2.967,143.4,0.00,CLEAR(조향OFF)|STRAIGHT,,999.00,0.00,0.0,1.0,4047
140.95,-8.845,-2.967,143.4,0.00,CLEAR(조향OFF)|STRAIGHT,,999.00,0.00,0.0,1.0,4047
141.00,-8.844,-2.968,143.4,-0.01,CLEAR(조향OFF)|STRAIGHT,,999.00,0.00,0.0,1.0,4047
141.05,-8.844,-2.968,143.4,-0.01,CLEAR(조향OFF)|STRAIGHT,,999.00,0.00,0.0,1.0,4062
141.10,-8.844,-2.966,143.4,0.01,CLEAR(조향OFF)|STRAIGHT,,999.00,0.00,0.0,1.0,4062
141.15,-8.844,-2.966,143.4,0.01,CLEAR(조향OFF)|STRAIGHT,,999.00,0.00,0.0,1.0,4047
141.20,-8.844,-2.965,143.4,0.01,CLEAR(조향OFF)|STRAIGHT,,999.00,0.00,0.0,1.0,4062
141.25,-8.844,-2.965,143.4,0.01,CLEAR(조향OFF)|STRAIGHT,,999.00,0.00,0.0,1.0,4033
141.30,-8.843,-2.966,143.4,-0.02,CLEAR(조향OFF)|STRAIGHT,,999.00,0.00,0.0,1.0,4047
141.35,-8.843,-2.966,143.5,-0.02,CLEAR(조향OFF)|STRAIGHT,,999.00,0.00,0.0,1.0,4062
141.40,-8.845,-2.965,143.5,0.02,CLEAR(조향OFF)|STRAIGHT,,999.00,0.00,0.0,1.0,4062
141.45,-8.845,-2.965,143.5,0.02,CLEAR(조향OFF)|STRAIGHT,,999.00,0.00,0.0,1.0,4047
141.50,-8.844,-2.967,143.5,-0.02,CLEAR(조향OFF)|STRAIGHT,,999.00,0.00,0.0,1.0,4062
141.55,-8.844,-2.967,143.5,-0.02,CLEAR(조향OFF)|STRAIGHT,,999.00,0.00,0.0,1.0,4047
141.60,-8.844,-2.967,143.5,0.00,CLEAR(조향OFF)|STRAIGHT,,999.00,0.00,0.0,1.0,4047
141.65,-8.844,-2.967,143.5,0.00,CLEAR(조향OFF)|STRAIGHT,,999.00,0.00,0.0,1.0,4077
141.70,-8.846,-2.967,143.5,0.01,CLEAR(조향OFF)|STRAIGHT,,999.00,0.00,0.0,1.0,4062
141.75,-8.846,-2.967,143.5,0.01,CLEAR(조향OFF)|STRAIGHT,,999.00,0.00,0.0,1.0,4047
141.80,-8.843,-2.963,143.5,-0.00,CLEAR(조향OFF)|STRAIGHT,,999.00,0.00,0.0,1.0,4062
141.85,-8.843,-2.963,143.5,-0.00,CLEAR(조향OFF)|STRAIGHT,,999.00,0.00,0.0,1.0,4062
141.90,-8.844,-2.964,143.5,0.01,CLEAR(조향OFF)|STRAIGHT,,999.00,0.00,0.0,1.0,4047
141.95,-8.844,-2.964,143.5,0.01,CLEAR(조향OFF)|STRAIGHT,,999.00,0.00,0.0,1.0,4062
142.00,-8.845,-2.967,143.6,-0.01,CLEAR(조향OFF)|STRAIGHT,,999.00,0.00,0.0,1.0,4047
142.05,-8.845,-2.967,143.6,-0.01,CLEAR(조향OFF)|STRAIGHT,,999.00,0.00,0.0,1.0,4047
142.10,-8.843,-2.965,143.6,-0.00,CLEAR(조향OFF)|STRAIGHT,,999.00,0.00,0.0,1.0,4047
142.15,-8.843,-2.965,143.6,-0.00,CLEAR(조향OFF)|STRAIGHT,,999.00,0.00,0.0,1.0,4062
142.20,-8.845,-2.966,143.6,0.01,CLEAR(조향OFF)|STRAIGHT,,999.00,0.00,0.0,1.0,4047
142.25,-8.845,-2.966,143.6,0.01,CLEAR(조향OFF)|STRAIGHT,,999.00,0.00,0.0,1.0,4062
142.30,-8.844,-2.966,143.6,-0.01,CLEAR(조향OFF)|STRAIGHT,,999.00,0.00,0.0,1.1,4062
142.35,-8.844,-2.966,143.6,-0.01,CLEAR(조향OFF)|STRAIGHT,,999.00,0.00,0.0,1.0,4062
142.40,-8.845,-2.964,143.6,0.02,CLEAR(조향OFF)|STRAIGHT,,999.00,0.00,0.0,1.0,4062
142.45,-8.845,-2.964,143.6,0.02,CLEAR(조향OFF)|STRAIGHT,,999.00,0.00,0.0,1.0,4047
142.50,-8.844,-2.964,143.6,-0.01,CLEAR(조향OFF)|STRAIGHT,,999.00,0.00,0.0,1.0,4047
142.55,-8.844,-2.964,143.6,-0.01,CLEAR(조향OFF)|STRAIGHT,,999.00,0.00,0.0,1.0,4062
142.60,-8.846,-2.965,143.6,0.01,CLEAR(조향OFF)|STRAIGHT,,999.00,0.00,0.0,1.0,4047
142.65,-8.846,-2.965,143.7,0.01,CLEAR(조향OFF)|STRAIGHT,,999.00,0.00,0.0,1.0,4047
142.70,-8.846,-2.965,143.7,0.00,CLEAR(조향OFF)|STRAIGHT,,999.00,0.00,0.0,1.0,4047
142.75,-8.846,-2.965,143.7,0.00,CLEAR(조향OFF)|STRAIGHT,,999.00,0.00,0.0,1.0,4062
142.80,-8.844,-2.965,143.7,-0.01,CLEAR(조향OFF)|STRAIGHT,,999.00,0.00,0.0,1.0,4047
142.85,-8.844,-2.965,143.7,-0.01,CLEAR(조향OFF)|STRAIGHT,,999.00,0.00,0.0,1.0,4047
142.90,-8.845,-2.964,143.7,0.01,CLEAR(조향OFF)|STRAIGHT,,999.00,0.00,0.0,1.0,4047
142.95,-8.845,-2.964,143.7,0.01,CLEAR(조향OFF)|STRAIGHT,,999.00,0.00,0.0,1.0,4047
143.00,-8.845,-2.964,143.7,0.00,CLEAR(조향OFF)|STRAIGHT,,999.00,0.00,0.0,1.0,4062
143.05,-8.845,-2.964,143.7,0.00,CLEAR(조향OFF)|STRAIGHT,,999.00,0.00,0.0,1.0,4047
143.10,-8.845,-2.965,143.7,-0.00,CLEAR(조향OFF)|STRAIGHT,,999.00,0.00,0.0,1.0,4062
143.15,-8.845,-2.965,143.7,-0.00,CLEAR(조향OFF)|STRAIGHT,,999.00,0.00,0.0,1.0,4047
143.20,-8.846,-2.965,143.7,0.00,CLEAR(조향OFF)|STRAIGHT,,999.00,0.00,0.0,1.0,4047
143.25,-8.846,-2.965,143.7,0.00,CLEAR(조향OFF)|STRAIGHT,,999.00,0.00,0.0,1.0,4047
143.30,-8.845,-2.965,143.7,-0.00,CLEAR(조향OFF)|STRAIGHT,,999.00,0.00,0.0,1.0,4062
143.35,-8.845,-2.965,143.8,-0.00,CLEAR(조향OFF)|STRAIGHT,,999.00,0.00,0.0,1.0,4047
143.40,-8.844,-2.966,143.8,-0.02,CLEAR(조향OFF)|STRAIGHT,,999.00,0.00,0.0,1.0,4062
143.45,-8.844,-2.966,143.8,-0.02,CLEAR(조향OFF)|STRAIGHT,,999.00,0.00,0.0,1.0,4047
143.50,-8.845,-2.965,143.8,0.02,CLEAR(조향OFF)|STRAIGHT,,999.00,0.00,0.0,1.0,4092
143.55,-8.845,-2.965,143.8,0.02,CLEAR(조향OFF)|STRAIGHT,,999.00,0.00,0.0,1.0,4062
143.60,-8.844,-2.964,143.8,-0.01,CLEAR(조향OFF)|STRAIGHT,,999.00,0.00,0.0,1.0,4062
143.65,-8.844,-2.964,143.8,-0.01,CLEAR(조향OFF)|STRAIGHT,,999.00,0.00,0.0,1.0,4047
143.70,-8.846,-2.964,143.8,0.01,CLEAR(조향OFF)|STRAIGHT,,999.00,0.00,0.0,1.0,4062
143.75,-8.846,-2.964,143.8,0.01,CLEAR(조향OFF)|STRAIGHT,,999.00,0.00,0.0,1.0,4033
143.80,-8.845,-2.965,143.8,-0.01,CLEAR(조향OFF)|STRAIGHT,,999.00,0.00,0.0,1.0,4062
143.85,-8.845,-2.965,143.8,-0.01,CLEAR(조향OFF)|STRAIGHT,,999.00,0.00,0.0,1.0,4047
143.90,-8.843,-2.965,143.8,-0.02,CLEAR(조향OFF)|STRAIGHT,,999.00,0.00,0.0,1.0,4062
143.95,-8.843,-2.965,143.8,-0.02,CLEAR(조향OFF)|STRAIGHT,,999.00,0.00,0.0,1.0,4062
144.00,-8.844,-2.965,143.9,0.01,CLEAR(조향OFF)|STRAIGHT,,999.00,0.00,0.0,1.0,4047
144.05,-8.844,-2.965,143.8,0.01,CLEAR(조향OFF)|STRAIGHT,,999.00,0.00,0.0,1.0,4062
144.10,-8.844,-2.965,143.8,-0.00,CLEAR(조향OFF)|STRAIGHT,,999.00,0.00,0.0,1.0,4062
144.15,-8.844,-2.965,143.9,-0.00,CLEAR(조향OFF)|STRAIGHT,,999.00,0.00,0.0,1.0,4062
144.20,-8.844,-2.965,143.9,-0.00,CLEAR(조향OFF)|STRAIGHT,,999.00,0.00,0.0,1.0,4047
144.25,-8.844,-2.965,143.9,-0.00,CLEAR(조향OFF)|STRAIGHT,,999.00,0.00,0.0,1.0,4062
144.30,-8.844,-2.965,143.9,0.00,CLEAR(조향OFF)|STRAIGHT,,999.00,0.00,0.0,1.0,4047
144.35,-8.844,-2.965,143.9,0.00,CLEAR(조향OFF)|STRAIGHT,,999.00,0.00,0.0,1.0,4062
144.40,-8.844,-2.966,143.9,-0.00,CLEAR(조향OFF)|STRAIGHT,,999.00,0.00,0.0,1.0,4062
144.45,-8.844,-2.966,143.9,-0.00,CLEAR(조향OFF)|STRAIGHT,,999.00,0.00,0.0,1.0,4062
144.50,-8.844,-2.965,143.9,0.00,CLEAR(조향OFF)|STRAIGHT,,999.00,0.00,0.0,1.0,4047
144.55,-8.844,-2.965,143.9,0.00,CLEAR(조향OFF)|STRAIGHT,,999.00,0.00,0.0,1.1,4033
144.60,-8.845,-2.966,143.9,0.00,CLEAR(조향OFF)|STRAIGHT,,999.00,0.00,0.0,1.0,4062
144.65,-8.845,-2.966,143.9,0.00,CLEAR(조향OFF)|STRAIGHT,,999.00,0.00,0.0,1.0,4062
144.70,-8.843,-2.964,143.9,-0.00,CLEAR(조향OFF)|STRAIGHT,,999.00,0.00,0.0,1.0,4062
144.75,-8.843,-2.964,143.9,-0.00,CLEAR(조향OFF)|STRAIGHT,,999.00,0.00,0.0,1.0,4062
144.80,-8.845,-2.964,143.9,0.01,CLEAR(조향OFF)|STRAIGHT,,999.00,0.00,0.0,1.0,4033
144.85,-8.845,-2.964,143.9,0.01,CLEAR(조향OFF)|STRAIGHT,,999.00,0.00,0.0,1.0,4077
144.90,-8.844,-2.964,143.9,-0.01,CLEAR(조향OFF)|STRAIGHT,,999.00,0.00,0.0,1.0,4062
144.95,-8.844,-2.964,143.9,-0.01,CLEAR(조향OFF)|STRAIGHT,,999.00,0.00,0.0,1.0,4062
145.00,-8.845,-2.964,143.9,0.01,CLEAR(조향OFF)|STRAIGHT,,999.00,0.00,0.0,1.0,4062
145.05,-8.845,-2.964,143.9,0.01,CLEAR(조향OFF)|STRAIGHT,,999.00,0.00,0.0,1.0,4062
145.10,-8.844,-2.964,143.9,-0.01,CLEAR(조향OFF)|STRAIGHT,,999.00,0.00,0.0,1.0,4047
145.15,-8.844,-2.964,143.9,-0.01,CLEAR(조향OFF)|STRAIGHT,,999.00,0.00,0.0,1.0,4077
145.20,-8.845,-2.963,143.9,0.01,CLEAR(조향OFF)|STRAIGHT,,999.00,0.00,0.0,1.0,4062
145.25,-8.845,-2.963,143.9,0.01,CLEAR(조향OFF)|STRAIGHT,,999.00,0.00,0.0,1.0,4047
145.30,-8.844,-2.964,143.9,-0.01,CLEAR(조향OFF)|STRAIGHT,,999.00,0.00,0.0,1.0,4047
145.35,-8.844,-2.964,143.9,-0.01,CLEAR(조향OFF)|STRAIGHT,,999.00,0.00,0.0,1.0,4062
145.40,-8.843,-2.965,144.0,-0.01,CLEAR(조향OFF)|STRAIGHT,,999.00,0.00,0.0,1.0,4047
145.45,-8.843,-2.965,144.0,-0.01,CLEAR(조향OFF)|STRAIGHT,,999.00,0.00,0.0,1.0,4077
145.50,-8.844,-2.964,144.0,0.01,CLEAR(조향OFF)|STRAIGHT,,999.00,0.00,0.0,1.0,4062
145.55,-8.844,-2.964,144.0,0.01,CLEAR(조향OFF)|STRAIGHT,,999.00,0.00,0.0,1.0,4047
145.60,-8.845,-2.965,144.0,0.01,CLEAR(조향OFF)|STRAIGHT,,999.00,0.00,0.0,1.0,4062
145.65,-8.845,-2.965,144.0,0.01,CLEAR(조향OFF)|STRAIGHT,,999.00,0.00,0.0,1.0,4062
145.70,-8.844,-2.963,144.0,0.00,CLEAR(조향OFF)|STRAIGHT,,999.00,0.00,0.0,1.0,4062
145.75,-8.844,-2.963,144.0,0.00,CLEAR(조향OFF)|STRAIGHT,,999.00,0.00,0.0,1.0,4077
145.80,-8.844,-2.963,144.0,-0.00,CLEAR(조향OFF)|STRAIGHT,,999.00,0.00,0.0,1.0,4062
145.85,-8.844,-2.963,144.0,-0.00,CLEAR(조향OFF)|STRAIGHT,,999.00,0.00,0.0,1.0,4047
145.90,-8.845,-2.965,144.0,0.00,CLEAR(조향OFF)|STRAIGHT,,999.00,0.00,0.0,1.0,4047
145.95,-8.845,-2.965,144.0,0.00,CLEAR(조향OFF)|STRAIGHT,,999.00,0.00,0.0,1.0,4047
146.00,-8.844,-2.964,144.0,-0.00,CLEAR(조향OFF)|STRAIGHT,,999.00,0.00,0.0,1.0,4047
146.05,-8.844,-2.964,144.0,-0.00,CLEAR(조향OFF)|STRAIGHT,,999.00,0.00,0.0,1.0,4062
146.10,-8.844,-2.965,144.0,-0.01,CLEAR(조향OFF)|STRAIGHT,,999.00,0.00,0.0,1.0,4047
146.15,-8.844,-2.965,144.0,-0.01,CLEAR(조향OFF)|STRAIGHT,,999.00,0.00,0.0,1.0,4062
146.20,-8.844,-2.965,144.0,0.00,CLEAR(조향OFF)|STRAIGHT,,999.00,0.00,0.0,1.0,4047
146.25,-8.844,-2.965,144.0,0.00,CLEAR(조향OFF)|STRAIGHT,,999.00,0.00,0.0,1.0,4047
146.30,-8.844,-2.965,144.1,0.00,CLEAR(조향OFF)|STRAIGHT,,999.00,0.00,0.0,1.0,4047
146.35,-8.844,-2.965,144.1,0.00,CLEAR(조향OFF)|STRAIGHT,,999.00,0.00,0.0,1.0,4062
146.40,-8.845,-2.964,144.1,0.01,CLEAR(조향OFF)|STRAIGHT,,999.00,0.00,0.0,1.0,4047
146.45,-8.845,-2.964,144.1,0.01,CLEAR(조향OFF)|STRAIGHT,,999.00,0.00,0.0,1.0,4062
146.50,-8.844,-2.964,144.1,-0.00,CLEAR(조향OFF)|STRAIGHT,,999.00,0.00,0.0,1.0,4047
146.55,-8.844,-2.964,144.1,-0.00,CLEAR(조향OFF)|STRAIGHT,,999.00,0.00,0.0,1.0,4047
146.60,-8.844,-2.962,144.1,0.01,CLEAR(조향OFF)|STRAIGHT,,999.00,0.00,0.0,1.0,4047
146.65,-8.844,-2.962,144.1,0.01,CLEAR(조향OFF)|STRAIGHT,,999.00,0.00,0.0,1.0,4047
146.70,-8.844,-2.964,144.1,-0.02,CLEAR(조향OFF)|STRAIGHT,,999.00,0.00,0.0,1.0,4047
146.75,-8.844,-2.964,144.1,-0.02,CLEAR(조향OFF)|STRAIGHT,,999.00,0.00,0.0,1.0,4077
146.80,-8.844,-2.965,144.1,-0.00,CLEAR(조향OFF)|STRAIGHT,,999.00,0.00,0.0,1.0,4033
146.85,-8.844,-2.965,144.1,-0.00,CLEAR(조향OFF)|STRAIGHT,,999.00,0.00,0.0,1.0,4047
146.90,-8.844,-2.963,144.1,0.02,CLEAR(조향OFF)|STRAIGHT,,999.00,0.00,0.0,1.0,4062
146.95,-8.844,-2.963,144.1,0.02,CLEAR(조향OFF)|STRAIGHT,,999.00,0.00,0.0,1.1,4062
147.00,-8.842,-2.963,144.1,-0.01,CLEAR(조향OFF)|STRAIGHT,,999.00,0.00,0.0,1.0,4047
147.05,-8.842,-2.963,144.1,-0.01,CLEAR(조향OFF)|STRAIGHT,,999.00,0.00,0.0,1.0,4077
147.10,-8.843,-2.966,144.1,-0.02,CLEAR(조향OFF)|STRAIGHT,,999.00,0.00,0.0,1.0,4047
147.15,-8.843,-2.966,144.1,-0.02,CLEAR(조향OFF)|STRAIGHT,,999.00,0.00,0.0,1.0,4062
147.20,-8.845,-2.967,144.1,0.02,CLEAR(조향OFF)|STRAIGHT,,999.00,0.00,0.0,1.0,4062
147.25,-8.845,-2.967,144.1,0.02,CLEAR(조향OFF)|STRAIGHT,,999.00,0.00,0.0,1.0,4047
147.30,-8.846,-2.966,144.2,0.01,CLEAR(조향OFF)|STRAIGHT,,999.00,0.00,0.0,1.0,4047
147.35,-8.846,-2.966,144.2,0.01,CLEAR(조향OFF)|STRAIGHT,,999.00,0.00,0.0,1.0,4062
147.40,-8.843,-2.968,144.2,-0.03,CLEAR(조향OFF)|STRAIGHT,,999.00,0.00,0.0,1.0,4062
147.45,-8.843,-2.968,144.2,-0.03,CLEAR(조향OFF)|STRAIGHT,,999.00,0.00,0.0,1.0,4047
147.50,-8.845,-2.965,144.2,0.03,CLEAR(조향OFF)|STRAIGHT,,999.00,0.00,0.0,1.1,4062
147.55,-8.845,-2.965,144.2,0.03,CLEAR(조향OFF)|STRAIGHT,,999.00,0.00,0.0,1.0,4062
147.60,-8.846,-2.964,144.2,0.02,CLEAR(조향OFF)|STRAIGHT,,999.00,0.00,0.0,1.0,4062
147.65,-8.846,-2.964,144.2,0.02,CLEAR(조향OFF)|STRAIGHT,,999.00,0.00,0.0,1.0,4062
147.70,-8.846,-2.965,144.2,-0.00,CLEAR(조향OFF)|STRAIGHT,,999.00,0.00,0.0,1.0,4077
147.75,-8.846,-2.965,144.2,-0.00,CLEAR(조향OFF)|STRAIGHT,,999.00,0.00,0.0,1.0,4047
147.80,-8.845,-2.966,144.2,-0.01,CLEAR(조향OFF)|STRAIGHT,,999.00,0.00,0.0,1.0,4047
147.85,-8.845,-2.966,144.2,-0.01,CLEAR(조향OFF)|STRAIGHT,,999.00,0.00,0.0,1.0,4062
147.90,-8.845,-2.965,144.2,0.00,CLEAR(조향OFF)|STRAIGHT,,999.00,0.00,0.0,1.0,4062
147.95,-8.845,-2.965,144.2,0.00,CLEAR(조향OFF)|STRAIGHT,,999.00,0.00,0.0,1.0,4047
148.00,-8.846,-2.966,144.2,-0.00,CLEAR(조향OFF)|STRAIGHT,,999.00,0.00,0.0,1.0,4062
148.05,-8.846,-2.966,144.2,-0.00,CLEAR(조향OFF)|STRAIGHT,,999.00,0.00,0.0,1.0,4062
148.10,-8.845,-2.966,144.3,-0.00,CLEAR(조향OFF)|STRAIGHT,,999.00,0.00,0.0,1.0,4047
148.15,-8.845,-2.966,144.3,-0.00,CLEAR(조향OFF)|STRAIGHT,,999.00,0.00,0.0,1.0,4062
148.20,-8.845,-2.965,144.3,0.01,CLEAR(조향OFF)|STRAIGHT,,999.00,0.00,0.0,1.0,4062
148.25,-8.845,-2.965,144.3,0.01,CLEAR(조향OFF)|STRAIGHT,,999.00,0.00,0.0,1.0,4047
148.30,-8.846,-2.966,144.3,0.00,CLEAR(조향OFF)|STRAIGHT,,999.00,0.00,0.0,1.0,4062
148.35,-8.846,-2.966,144.3,0.00,CLEAR(조향OFF)|STRAIGHT,,999.00,0.00,0.0,1.0,4062
148.40,-8.845,-2.967,144.3,-0.01,CLEAR(조향OFF)|STRAIGHT,,999.00,0.00,0.0,1.0,4033
148.45,-8.845,-2.967,144.3,-0.01,CLEAR(조향OFF)|STRAIGHT,,999.00,0.00,0.0,1.0,4062
148.50,-8.845,-2.966,144.3,0.00,CLEAR(조향OFF)|STRAIGHT,,999.00,0.00,0.0,1.0,4062
148.55,-8.845,-2.966,144.3,0.00,CLEAR(조향OFF)|STRAIGHT,,999.00,0.00,0.0,1.0,4047
148.60,-8.846,-2.965,144.3,0.01,CLEAR(조향OFF)|STRAIGHT,,999.00,0.00,0.0,1.0,4062
148.65,-8.846,-2.965,144.3,0.01,CLEAR(조향OFF)|STRAIGHT,,999.00,0.00,0.0,1.0,4062
148.70,-8.846,-2.966,144.3,-0.00,CLEAR(조향OFF)|STRAIGHT,,999.00,0.00,0.0,1.0,4047
148.75,-8.846,-2.966,144.3,-0.00,CLEAR(조향OFF)|STRAIGHT,,999.00,0.00,0.0,1.0,4062
148.80,-8.846,-2.966,144.3,-0.00,CLEAR(조향OFF)|STRAIGHT,,999.00,0.00,0.0,1.0,4062
148.85,-8.845,-2.965,144.4,-0.00,CLEAR(조향OFF)|STRAIGHT,,999.00,0.00,0.0,1.0,4047
148.90,-8.845,-2.965,144.4,-0.00,CLEAR(조향OFF)|STRAIGHT,,999.00,0.00,0.0,1.0,4062
148.95,-8.845,-2.965,144.4,-0.00,CLEAR(조향OFF)|STRAIGHT,,999.00,0.00,0.0,1.0,4062
149.00,-8.844,-2.966,144.4,-0.01,CLEAR(조향OFF)|STRAIGHT,,999.00,0.00,0.0,1.0,4033
149.05,-8.844,-2.966,144.4,-0.01,CLEAR(조향OFF)|STRAIGHT,,999.00,0.00,0.0,1.0,4062
149.10,-8.845,-2.966,144.4,0.01,CLEAR(조향OFF)|STRAIGHT,,999.00,0.00,0.0,1.1,4047
149.15,-8.845,-2.966,144.4,0.01,CLEAR(조향OFF)|STRAIGHT,,999.00,0.00,0.0,1.0,4047
149.20,-8.845,-2.966,144.4,0.00,CLEAR(조향OFF)|STRAIGHT,,999.00,0.00,0.0,1.0,4062
149.25,-8.845,-2.966,144.4,0.00,CLEAR(조향OFF)|STRAIGHT,,999.00,0.00,0.0,1.0,4062
149.30,-8.844,-2.965,144.4,0.00,CLEAR(조향OFF)|STRAIGHT,,999.00,0.00,0.0,1.0,4062
149.35,-8.844,-2.965,144.4,0.00,CLEAR(조향OFF)|STRAIGHT,,999.00,0.00,0.0,1.0,4047
149.40,-8.843,-2.966,144.4,-0.02,CLEAR(조향OFF)|STRAIGHT,,999.00,0.00,0.0,1.0,4062
149.45,-8.843,-2.966,144.4,-0.02,CLEAR(조향OFF)|STRAIGHT,,999.00,0.00,0.0,1.0,4062
149.50,-8.842,-2.966,144.4,-0.01,CLEAR(조향OFF)|STRAIGHT,,999.00,0.00,0.0,1.0,4047
149.55,-8.842,-2.966,144.4,-0.01,CLEAR(조향OFF)|STRAIGHT,,999.00,0.00,0.0,1.0,4047
149.60,-8.843,-2.965,144.4,0.01,CLEAR(조향OFF)|STRAIGHT,,999.00,0.00,0.0,1.0,4062
149.65,-8.843,-2.965,144.5,0.01,CLEAR(조향OFF)|STRAIGHT,,999.00,0.00,0.0,1.0,4047
149.70,-8.844,-2.966,144.5,-0.00,CLEAR(조향OFF)|STRAIGHT,,999.00,0.00,0.0,1.0,4047
149.75,-8.844,-2.966,144.5,-0.00,CLEAR(조향OFF)|STRAIGHT,,999.00,0.00,0.0,1.0,4047
149.80,-8.843,-2.966,144.5,-0.01,CLEAR(조향OFF)|STRAIGHT,,999.00,0.00,0.0,1.0,4062
149.85,-8.843,-2.966,144.5,-0.01,CLEAR(조향OFF)|STRAIGHT,,999.00,0.00,0.0,1.0,4047
149.90,-8.841,-2.967,144.5,-0.02,CLEAR(조향OFF)|STRAIGHT,,999.00,0.00,0.0,1.0,4047
149.95,-8.841,-2.967,144.5,-0.02,CLEAR(조향OFF)|STRAIGHT,,999.00,0.00,0.0,1.0,4047
150.00,-8.843,-2.964,144.5,0.03,CLEAR(조향OFF)|STRAIGHT,,999.00,0.00,0.0,1.0,4062
150.05,-8.843,-2.964,144.5,0.03,CLEAR(조향OFF)|STRAIGHT,,999.00,0.00,0.0,1.0,4047
150.10,-8.844,-2.965,144.5,0.00,CLEAR(조향OFF)|STRAIGHT,,999.00,0.00,0.0,1.0,4047
150.15,-8.844,-2.965,144.5,0.00,CLEAR(조향OFF)|STRAIGHT,,999.00,0.00,0.0,1.0,4047
150.20,-8.843,-2.963,144.5,0.00,CLEAR(조향OFF)|STRAIGHT,,999.00,0.00,0.0,1.0,4047
150.25,-8.843,-2.963,144.5,0.00,CLEAR(조향OFF)|STRAIGHT,,999.00,0.00,0.0,1.0,4047
150.30,-8.843,-2.963,144.5,-0.00,CLEAR(조향OFF)|STRAIGHT,,999.00,0.00,0.0,1.0,4047
150.35,-8.843,-2.963,144.5,-0.00,CLEAR(조향OFF)|STRAIGHT,,999.00,0.00,0.0,1.0,4062
150.40,-8.844,-2.963,144.5,0.01,CLEAR(조향OFF)|STRAIGHT,,999.00,0.00,0.0,1.0,4047
150.45,-8.844,-2.963,144.5,0.01,CLEAR(조향OFF)|STRAIGHT,,999.00,0.00,0.0,1.0,4062
150.50,-8.843,-2.962,144.5,0.00,CLEAR(조향OFF)|STRAIGHT,,999.00,0.00,0.0,1.0,4062
150.55,-8.843,-2.962,144.6,0.00,CLEAR(조향OFF)|STRAIGHT,,999.00,0.00,0.0,1.0,4062
150.60,-8.842,-2.962,144.6,-0.01,CLEAR(조향OFF)|STRAIGHT,,999.00,0.00,0.0,1.0,4047
150.65,-8.842,-2.963,144.6,-0.01,CLEAR(조향OFF)|STRAIGHT,,999.00,0.00,0.0,1.0,4062
150.70,-8.842,-2.963,144.6,-0.01,CLEAR(조향OFF)|STRAIGHT,,999.00,0.00,0.0,1.0,4047
150.75,-8.842,-2.963,144.6,-0.01,CLEAR(조향OFF)|STRAIGHT,,999.00,0.00,0.0,1.0,4062
150.80,-8.842,-2.963,144.6,-0.01,CLEAR(조향OFF)|STRAIGHT,,999.00,0.00,0.0,1.0,4047
150.85,-8.842,-2.963,144.6,-0.00,CLEAR(조향OFF)|STRAIGHT,,999.00,0.00,0.0,1.0,4062
150.90,-8.842,-2.963,144.6,-0.00,CLEAR(조향OFF)|STRAIGHT,,999.00,0.00,0.0,1.0,4062
150.95,-8.842,-2.963,144.6,-0.00,CLEAR(조향OFF)|STRAIGHT,,999.00,0.00,0.0,1.1,4062
151.00,-8.842,-2.962,144.6,0.01,CLEAR(조향OFF)|STRAIGHT,,999.00,0.00,0.0,1.0,4047
151.05,-8.842,-2.962,144.6,0.01,CLEAR(조향OFF)|STRAIGHT,,999.00,0.00,0.0,1.0,4062
151.10,-8.843,-2.963,144.6,0.00,CLEAR(조향OFF)|STRAIGHT,,999.00,0.00,0.0,1.0,4047
151.15,-8.843,-2.963,144.6,0.00,CLEAR(조향OFF)|STRAIGHT,,999.00,0.00,0.0,1.0,4062
151.20,-8.842,-2.963,144.6,-0.01,CLEAR(조향OFF)|STRAIGHT,,999.00,0.00,0.0,1.0,4047
151.25,-8.842,-2.963,144.6,-0.01,CLEAR(조향OFF)|STRAIGHT,,999.00,0.00,0.0,1.1,4047
151.30,-8.843,-2.963,144.6,0.01,CLEAR(조향OFF)|STRAIGHT,,999.00,0.00,0.0,1.0,4047
151.35,-8.843,-2.963,144.6,0.01,CLEAR(조향OFF)|STRAIGHT,,999.00,0.00,0.0,1.0,4077
151.40,-8.842,-2.963,144.6,-0.01,CLEAR(조향OFF)|STRAIGHT,,999.00,0.00,0.0,1.0,4062
151.45,-8.842,-2.963,144.7,-0.01,CLEAR(조향OFF)|STRAIGHT,,999.00,0.00,0.0,1.0,4062
151.50,-8.843,-2.964,144.7,-0.00,CLEAR(조향OFF)|STRAIGHT,,999.00,0.00,0.0,1.0,4047
151.55,-8.843,-2.963,144.6,0.01,CLEAR(조향OFF)|STRAIGHT,,999.00,0.00,0.0,1.1,4047
151.60,-8.843,-2.963,144.6,0.01,CLEAR(조향OFF)|STRAIGHT,,999.00,0.00,0.0,1.0,4062
151.65,-8.843,-2.963,144.7,0.01,CLEAR(조향OFF)|STRAIGHT,,999.00,0.00,0.0,1.0,4047
151.70,-8.843,-2.963,144.7,0.00,CLEAR(조향OFF)|STRAIGHT,,999.00,0.00,0.0,1.0,4047
151.75,-8.843,-2.963,144.7,0.00,CLEAR(조향OFF)|STRAIGHT,,999.00,0.00,0.0,1.0,4062
151.80,-8.843,-2.963,144.7,-0.00,CLEAR(조향OFF)|STRAIGHT,,999.00,0.00,0.0,1.1,4077
151.85,-8.843,-2.963,144.7,-0.00,CLEAR(조향OFF)|STRAIGHT,,999.00,0.00,0.0,1.0,4047
151.90,-8.844,-2.963,144.7,0.01,CLEAR(조향OFF)|STRAIGHT,,999.00,0.00,0.0,1.0,4047
151.95,-8.844,-2.963,144.7,0.01,CLEAR(조향OFF)|STRAIGHT,,999.00,0.00,0.0,1.0,4047
152.00,-8.844,-2.963,144.7,-0.00,CLEAR(조향OFF)|STRAIGHT,,999.00,0.00,0.0,1.0,4047
152.05,-8.844,-2.963,144.7,-0.00,CLEAR(조향OFF)|STRAIGHT,,999.00,0.00,0.0,1.0,4062
152.10,-8.845,-2.963,144.7,0.01,CLEAR(조향OFF)|STRAIGHT,,999.00,0.00,0.0,1.0,4062
152.15,-8.845,-2.963,144.7,0.01,CLEAR(조향OFF)|STRAIGHT,,999.00,0.00,0.0,1.0,4062
152.20,-8.844,-2.964,144.7,-0.01,CLEAR(조향OFF)|STRAIGHT,,999.00,0.00,0.0,1.0,4062
152.25,-8.844,-2.964,144.7,-0.01,CLEAR(조향OFF)|STRAIGHT,,999.00,0.00,0.0,1.0,4047
152.30,-8.845,-2.963,144.7,0.02,CLEAR(조향OFF)|STRAIGHT,,999.00,0.00,0.0,1.0,4062
152.35,-8.845,-2.963,144.7,0.02,CLEAR(조향OFF)|STRAIGHT,,999.00,0.00,0.0,1.0,4062
152.40,-8.845,-2.963,144.7,-0.00,CLEAR(조향OFF)|STRAIGHT,,999.00,0.00,0.0,1.0,4047
152.45,-8.846,-2.963,144.7,0.01,CLEAR(조향OFF)|STRAIGHT,,999.00,0.00,0.0,1.0,4062
152.50,-8.846,-2.963,144.7,0.01,CLEAR(조향OFF)|STRAIGHT,,999.00,0.00,0.0,1.0,4047
152.55,-8.846,-2.963,144.7,0.01,CLEAR(조향OFF)|STRAIGHT,,999.00,0.00,0.0,1.0,4062
152.60,-8.845,-2.962,144.7,-0.00,CLEAR(조향OFF)|STRAIGHT,,999.00,0.00,0.0,1.0,4047
152.65,-8.845,-2.962,144.7,-0.00,CLEAR(조향OFF)|STRAIGHT,,999.00,0.00,0.0,1.0,4047
152.70,-8.845,-2.963,144.7,-0.01,CLEAR(조향OFF)|STRAIGHT,,999.00,0.00,0.0,1.0,4033
152.75,-8.845,-2.963,144.7,-0.01,CLEAR(조향OFF)|STRAIGHT,,999.00,0.00,0.0,1.0,4062
152.80,-8.845,-2.962,144.8,0.00,CLEAR(조향OFF)|STRAIGHT,,999.00,0.00,0.0,1.0,4047
152.85,-8.845,-2.962,144.8,0.00,CLEAR(조향OFF)|STRAIGHT,,999.00,0.00,0.0,1.0,4062
152.90,-8.843,-2.964,144.8,-0.03,CLEAR(조향OFF)|STRAIGHT,,999.00,0.00,0.0,1.0,4062
152.95,-8.843,-2.964,144.8,-0.03,CLEAR(조향OFF)|STRAIGHT,,999.00,0.00,0.0,1.0,4047
153.00,-8.845,-2.963,144.8,0.03,CLEAR(조향OFF)|STRAIGHT,,999.00,0.00,0.0,1.0,4062
153.05,-8.845,-2.963,144.8,0.03,CLEAR(조향OFF)|STRAIGHT,,999.00,0.00,0.0,1.0,4077
153.10,-8.846,-2.963,144.8,-0.00,CLEAR(조향OFF)|STRAIGHT,,999.00,0.00,0.0,1.0,4047
153.15,-8.846,-2.963,144.8,-0.00,CLEAR(조향OFF)|STRAIGHT,,999.00,0.00,0.0,1.0,4047
153.20,-8.845,-2.963,144.8,-0.00,CLEAR(조향OFF)|STRAIGHT,,999.00,0.00,0.0,1.0,4062
153.25,-8.845,-2.963,144.8,-0.00,CLEAR(조향OFF)|STRAIGHT,,999.00,0.00,0.0,1.1,4047
153.30,-8.846,-2.963,144.8,0.00,CLEAR(조향OFF)|STRAIGHT,,999.00,0.00,0.0,1.0,4062
153.35,-8.846,-2.962,144.8,0.01,CLEAR(조향OFF)|STRAIGHT,,999.00,0.00,0.0,1.0,4047
153.40,-8.846,-2.962,144.8,0.01,CLEAR(조향OFF)|STRAIGHT,,999.00,0.00,0.0,1.0,4033
153.45,-8.846,-2.962,144.8,0.01,CLEAR(조향OFF)|STRAIGHT,,999.00,0.00,0.0,1.0,4047
153.50,-8.844,-2.964,144.8,-0.02,CLEAR(조향OFF)|STRAIGHT,,999.00,0.00,0.0,1.0,4047
153.55,-8.844,-2.964,144.8,-0.02,CLEAR(조향OFF)|STRAIGHT,,999.00,0.00,0.0,1.0,4047
153.60,-8.846,-2.963,144.8,0.02,CLEAR(조향OFF)|STRAIGHT,,999.00,0.00,0.0,1.0,4047
153.65,-8.846,-2.963,144.9,0.02,CLEAR(조향OFF)|STRAIGHT,,999.00,0.00,0.0,1.0,4062
153.70,-8.845,-2.963,144.9,-0.01,CLEAR(조향OFF)|STRAIGHT,,999.00,0.00,0.0,1.0,4047
153.75,-8.845,-2.963,144.9,-0.01,CLEAR(조향OFF)|STRAIGHT,,999.00,0.00,0.0,1.0,4047
153.80,-8.845,-2.963,144.9,0.00,CLEAR(조향OFF)|STRAIGHT,,999.00,0.00,0.0,1.0,4047
153.85,-8.845,-2.963,144.9,0.00,CLEAR(조향OFF)|STRAIGHT,,999.00,0.00,0.0,1.0,4047
153.90,-8.845,-2.962,144.9,0.01,CLEAR(조향OFF)|STRAIGHT,,999.00,0.00,0.0,1.0,4062
153.95,-8.845,-2.962,144.9,0.01,CLEAR(조향OFF)|STRAIGHT,,999.00,0.00,0.0,1.0,4033
154.00,-8.845,-2.963,144.9,-0.01,CLEAR(조향OFF)|STRAIGHT,,999.00,0.00,0.0,1.0,4062
154.05,-8.845,-2.963,144.9,-0.01,CLEAR(조향OFF)|STRAIGHT,,999.00,0.00,0.0,1.0,4047
154.10,-8.843,-2.964,144.9,-0.02,CLEAR(조향OFF)|STRAIGHT,,999.00,0.00,0.0,1.0,4047
154.15,-8.843,-2.964,144.9,-0.02,CLEAR(조향OFF)|STRAIGHT,,999.00,0.00,0.0,0.9,4047
154.20,-8.843,-2.962,144.9,0.01,CLEAR(조향OFF)|STRAIGHT,,999.00,0.00,0.0,1.0,4062
154.25,-8.842,-2.962,144.9,-0.01,CLEAR(조향OFF)|STRAIGHT,,999.00,0.00,0.0,1.0,4062
154.30,-8.842,-2.962,144.9,-0.01,CLEAR(조향OFF)|STRAIGHT,,999.00,0.00,0.0,1.0,4077
154.35,-8.842,-2.962,144.9,-0.01,CLEAR(조향OFF)|STRAIGHT,,999.00,0.00,0.0,1.0,4062
154.40,-8.842,-2.963,144.9,-0.00,CLEAR(조향OFF)|STRAIGHT,,999.00,0.00,0.0,1.0,4062
154.45,-8.842,-2.963,144.9,-0.00,CLEAR(조향OFF)|STRAIGHT,,999.00,0.00,0.0,1.0,4047
154.50,-8.841,-2.963,144.9,-0.01,CLEAR(조향OFF)|STRAIGHT,,999.00,0.00,0.0,1.0,4047
154.55,-8.841,-2.963,144.9,-0.01,CLEAR(조향OFF)|STRAIGHT,,999.00,0.00,0.0,1.0,4047
154.60,-8.842,-2.963,145.0,0.01,CLEAR(조향OFF)|STRAIGHT,,999.00,0.00,0.0,1.0,4062
154.65,-8.842,-2.963,145.0,0.01,CLEAR(조향OFF)|STRAIGHT,,999.00,0.00,0.0,1.0,4047
154.70,-8.844,-2.962,145.0,0.02,CLEAR(조향OFF)|STRAIGHT,,999.00,0.00,0.0,1.0,4047
154.75,-8.844,-2.962,145.0,0.02,CLEAR(조향OFF)|STRAIGHT,,999.00,0.00,0.0,1.0,4047
154.80,-8.842,-2.962,145.0,-0.01,CLEAR(조향OFF)|STRAIGHT,,999.00,0.00,0.0,1.0,4062
154.85,-8.842,-2.962,145.0,-0.01,CLEAR(조향OFF)|STRAIGHT,,999.00,0.00,0.0,1.0,4047
154.90,-8.841,-2.962,145.0,-0.02,CLEAR(조향OFF)|STRAIGHT,,999.00,0.00,0.0,1.0,4047
154.95,-8.841,-2.962,145.0,-0.02,CLEAR(조향OFF)|STRAIGHT,,999.00,0.00,0.0,1.0,4047
155.00,-8.841,-2.962,145.0,-0.02,CLEAR(조향OFF)|STRAIGHT,,999.00,0.00,0.0,1.0,4047
155.05,-8.841,-2.962,145.0,-0.02,CLEAR(조향OFF)|STRAIGHT,,999.00,0.00,0.0,1.0,4062
155.10,-8.842,-2.963,145.0,0.36,CLEAR(조향OFF)|STRAIGHT,,999.00,0.00,0.0,1.0,4062
155.15,-8.843,-2.961,145.0,0.02,CLEAR(조향OFF)|STRAIGHT,,999.00,0.00,0.0,1.0,4047
155.20,-8.843,-2.961,145.0,0.02,CLEAR(조향OFF)|STRAIGHT,,999.00,0.00,0.0,1.0,4047
155.25,-8.843,-2.961,145.0,0.02,CLEAR(조향OFF)|STRAIGHT,,999.00,0.00,0.0,1.0,4047
155.30,-8.839,-2.961,145.0,-0.03,CLEAR(조향OFF)|STRAIGHT,,999.00,0.00,0.0,0.9,4062
155.35,-8.839,-2.961,145.0,-0.03,CLEAR(조향OFF)|STRAIGHT,,999.00,0.00,0.0,1.0,4062
155.40,-8.841,-2.964,145.0,0.00,CLEAR(조향OFF)|STRAIGHT,,999.00,0.00,0.0,1.1,4047
155.45,-8.841,-2.964,145.0,0.00,CLEAR(조향OFF)|STRAIGHT,,999.00,0.00,0.0,1.0,4047
155.50,-8.840,-2.963,145.0,-0.01,CLEAR(조향OFF)|STRAIGHT,,999.00,0.00,0.0,1.0,4047
155.55,-8.840,-2.963,145.1,-0.01,CLEAR(조향OFF)|STRAIGHT,,999.00,0.00,0.0,1.0,4062
155.60,-8.839,-2.963,145.1,-0.01,CLEAR(조향OFF)|STRAIGHT,,999.00,0.00,0.0,1.0,4047
155.65,-8.839,-2.963,145.1,-0.01,CLEAR(조향OFF)|STRAIGHT,,999.00,0.00,0.0,1.0,4047
155.70,-8.839,-2.963,145.1,0.00,CLEAR(조향OFF)|STRAIGHT,,999.00,0.00,0.0,1.0,4047
155.75,-8.839,-2.963,145.1,0.00,CLEAR(조향OFF)|STRAIGHT,,999.00,0.00,0.0,1.0,4062
155.80,-8.841,-2.964,145.1,0.01,CLEAR(조향OFF)|STRAIGHT,,999.00,0.00,0.0,1.1,4047
155.85,-8.841,-2.964,145.1,0.01,CLEAR(조향OFF)|STRAIGHT,,999.00,0.00,0.0,1.0,4062
155.90,-8.840,-2.964,145.1,-0.02,CLEAR(조향OFF)|STRAIGHT,,999.00,0.00,0.0,1.0,4062
155.95,-8.840,-2.964,145.1,-0.02,CLEAR(조향OFF)|STRAIGHT,,999.00,0.00,0.0,1.0,4062
156.00,-8.840,-2.965,145.1,-0.00,CLEAR(조향OFF)|STRAIGHT,,999.00,0.00,0.0,1.0,4062
156.05,-8.839,-2.963,145.1,0.01,CLEAR(조향OFF)|STRAIGHT,,999.00,0.00,0.0,1.0,4062
156.10,-8.839,-2.963,145.1,0.01,CLEAR(조향OFF)|STRAIGHT,,999.00,0.00,0.0,1.0,4047
156.15,-8.839,-2.963,145.1,0.01,CLEAR(조향OFF)|STRAIGHT,,999.00,0.00,0.0,1.0,4047
156.20,-8.839,-2.965,145.1,-0.01,CLEAR(조향OFF)|STRAIGHT,,999.00,0.00,0.0,1.0,4047
156.25,-8.839,-2.965,145.1,-0.01,CLEAR(조향OFF)|STRAIGHT,,999.00,0.00,0.0,1.0,4047
156.30,-8.840,-2.963,145.1,0.02,CLEAR(조향OFF)|STRAIGHT,,999.00,0.00,0.0,1.0,4062
156.35,-8.840,-2.963,145.1,0.02,CLEAR(조향OFF)|STRAIGHT,,999.00,0.00,0.0,1.0,4062
156.40,-8.840,-2.964,145.1,-0.00,CLEAR(조향OFF)|STRAIGHT,,999.00,0.00,0.0,1.0,4047
156.45,-8.840,-2.964,145.2,-0.00,CLEAR(조향OFF)|STRAIGHT,,999.00,0.00,0.0,1.0,4047
156.50,-8.840,-2.965,145.2,-0.01,CLEAR(조향OFF)|STRAIGHT,,999.00,0.00,0.0,1.0,4062
156.55,-8.840,-2.965,145.2,-0.01,CLEAR(조향OFF)|STRAIGHT,,999.00,0.00,0.0,1.0,4062
156.60,-8.837,-2.964,145.2,-0.01,CLEAR(조향OFF)|STRAIGHT,,999.00,0.00,0.0,1.0,4062
156.65,-8.837,-2.964,145.2,-0.01,CLEAR(조향OFF)|STRAIGHT,,999.00,0.00,0.0,1.0,4062
156.70,-8.839,-2.964,145.2,0.01,CLEAR(조향OFF)|STRAIGHT,,999.00,0.00,0.0,1.0,4047
156.75,-8.839,-2.964,145.2,0.01,CLEAR(조향OFF)|STRAIGHT,,999.00,0.00,0.0,1.0,4047
156.80,-8.838,-2.965,145.2,-0.01,CLEAR(조향OFF)|STRAIGHT,,999.00,0.00,0.0,1.0,4047
156.85,-8.838,-2.965,145.2,-0.01,CLEAR(조향OFF)|STRAIGHT,,999.00,0.00,0.0,1.0,4062
156.90,-8.838,-2.965,145.2,-0.00,CLEAR(조향OFF)|STRAIGHT,,999.00,0.00,0.0,1.0,4047
156.95,-8.838,-2.963,145.2,0.01,CLEAR(조향OFF)|STRAIGHT,,999.00,0.00,0.0,1.0,4047
157.00,-8.838,-2.963,145.2,0.01,CLEAR(조향OFF)|STRAIGHT,,999.00,0.00,0.0,1.0,4062
157.05,-8.838,-2.963,145.2,0.01,CLEAR(조향OFF)|STRAIGHT,,999.00,0.00,0.0,1.0,4062
157.10,-8.838,-2.966,145.2,-0.02,CLEAR(조향OFF)|STRAIGHT,,999.00,0.00,0.0,1.0,4062
157.15,-8.838,-2.966,145.2,-0.02,CLEAR(조향OFF)|STRAIGHT,,999.00,0.00,0.0,1.0,4062
157.20,-8.838,-2.966,145.2,0.00,CLEAR(조향OFF)|STRAIGHT,,999.00,0.00,0.0,1.0,4047
157.25,-8.838,-2.966,145.2,0.00,CLEAR(조향OFF)|STRAIGHT,,999.00,0.00,0.0,1.0,4047
157.30,-8.837,-2.966,145.2,-0.01,CLEAR(조향OFF)|STRAIGHT,,999.00,0.00,0.0,1.0,4047
157.35,-8.837,-2.966,145.2,-0.01,CLEAR(조향OFF)|STRAIGHT,,999.00,0.00,0.0,1.0,4062
157.40,-8.838,-2.966,145.2,0.01,CLEAR(조향OFF)|STRAIGHT,,999.00,0.00,0.0,1.0,4062
157.45,-8.838,-2.966,145.2,0.01,CLEAR(조향OFF)|STRAIGHT,,999.00,0.00,0.0,1.1,4047
157.50,-8.838,-2.965,145.2,0.00,CLEAR(조향OFF)|STRAIGHT,,999.00,0.00,0.0,1.0,4047
157.55,-8.838,-2.965,145.2,0.00,CLEAR(조향OFF)|STRAIGHT,,999.00,0.00,0.0,1.0,4047
157.60,-8.838,-2.965,145.3,-0.00,CLEAR(조향OFF)|STRAIGHT,,999.00,0.00,0.0,1.0,4047
157.65,-8.838,-2.965,145.3,-0.00,CLEAR(조향OFF)|STRAIGHT,,999.00,0.00,0.0,1.0,4062
157.70,-8.837,-2.966,145.3,-0.01,CLEAR(조향OFF)|STRAIGHT,,999.00,0.00,0.0,1.0,4062
157.75,-8.837,-2.966,145.3,-0.01,CLEAR(조향OFF)|STRAIGHT,,999.00,0.00,0.0,1.0,4062
157.80,-8.835,-2.966,145.3,-0.02,CLEAR(조향OFF)|STRAIGHT,,999.00,0.00,0.0,1.0,4077
157.85,-8.835,-2.966,145.3,-0.02,CLEAR(조향OFF)|STRAIGHT,,999.00,0.00,0.0,1.0,4062
157.90,-8.833,-2.967,145.3,-0.02,CLEAR(조향OFF)|STRAIGHT,,999.00,0.00,0.0,1.0,4047
157.95,-8.833,-2.967,145.3,-0.02,CLEAR(조향OFF)|STRAIGHT,,999.00,0.00,0.0,1.0,4062
158.00,-8.833,-2.967,145.3,-0.00,CLEAR(조향OFF)|STRAIGHT,,999.00,0.00,0.0,1.0,4062
158.05,-8.833,-2.967,145.3,-0.00,CLEAR(조향OFF)|STRAIGHT,,999.00,0.00,0.0,1.0,4047
158.10,-8.834,-2.966,145.3,0.01,CLEAR(조향OFF)|STRAIGHT,,999.00,0.00,0.0,1.0,4047
158.15,-8.834,-2.966,145.3,0.01,CLEAR(조향OFF)|STRAIGHT,,999.00,0.00,0.0,1.0,4047
158.20,-8.833,-2.968,145.3,-0.02,CLEAR(조향OFF)|STRAIGHT,,999.00,0.00,0.0,1.0,4047
158.25,-8.833,-2.968,145.3,-0.02,CLEAR(조향OFF)|STRAIGHT,,999.00,0.00,0.0,1.0,4047
158.30,-8.836,-2.967,145.3,0.03,CLEAR(조향OFF)|STRAIGHT,,999.00,0.00,0.0,1.0,4077
158.35,-8.836,-2.967,145.3,0.03,CLEAR(조향OFF)|STRAIGHT,,999.00,0.00,0.0,1.0,4047
158.40,-8.838,-2.966,145.4,0.02,CLEAR(조향OFF)|STRAIGHT,,999.00,0.00,0.0,1.1,4062
158.45,-8.838,-2.966,145.4,0.02,CLEAR(조향OFF)|STRAIGHT,,999.00,0.00,0.0,1.0,4062
158.50,-8.838,-2.967,145.4,-0.01,CLEAR(조향OFF)|STRAIGHT,,999.00,0.00,0.0,1.0,4077
158.55,-8.838,-2.967,145.4,-0.01,CLEAR(조향OFF)|STRAIGHT,,999.00,0.00,0.0,1.0,4062
158.60,-8.836,-2.967,145.4,-0.01,CLEAR(조향OFF)|STRAIGHT,,999.00,0.00,0.0,1.0,4062
158.65,-8.836,-2.967,145.4,-0.01,CLEAR(조향OFF)|STRAIGHT,,999.00,0.00,0.0,1.0,4062
158.70,-8.837,-2.968,145.4,-0.00,CLEAR(조향OFF)|STRAIGHT,,999.00,0.00,0.0,1.0,4047
158.75,-8.837,-2.968,145.4,-0.00,CLEAR(조향OFF)|STRAIGHT,,999.00,0.00,0.0,1.0,4047
158.80,-8.836,-2.967,145.4,-0.00,CLEAR(조향OFF)|STRAIGHT,,999.00,0.00,0.0,1.0,4062
158.85,-8.836,-2.967,145.4,-0.00,CLEAR(조향OFF)|STRAIGHT,,999.00,0.00,0.0,1.1,4047
158.90,-8.836,-2.967,145.4,0.01,CLEAR(조향OFF)|STRAIGHT,,999.00,0.00,0.0,1.0,4062
158.95,-8.836,-2.967,145.4,0.01,CLEAR(조향OFF)|STRAIGHT,,999.00,0.00,0.0,1.1,4062
159.00,-8.836,-2.968,145.4,-0.01,CLEAR(조향OFF)|STRAIGHT,,999.00,0.00,0.0,1.0,4033
159.05,-8.836,-2.968,145.4,-0.01,CLEAR(조향OFF)|STRAIGHT,,999.00,0.00,0.0,1.0,4062
159.10,-8.833,-2.969,145.5,-0.03,CLEAR(조향OFF)|STRAIGHT,,999.00,0.00,0.0,1.0,4062
159.15,-8.833,-2.969,145.5,-0.03,CLEAR(조향OFF)|STRAIGHT,,999.00,0.00,0.0,1.0,4047
159.20,-8.835,-2.968,145.5,0.02,CLEAR(조향OFF)|STRAIGHT,,999.00,0.00,0.0,1.0,4047
159.25,-8.835,-2.968,145.5,0.02,CLEAR(조향OFF)|STRAIGHT,,999.00,0.00,0.0,1.1,4047
159.30,-8.834,-2.969,145.5,-0.02,CLEAR(조향OFF)|STRAIGHT,,999.00,0.00,0.0,1.0,4047
159.35,-8.834,-2.969,145.5,-0.02,CLEAR(조향OFF)|STRAIGHT,,999.00,0.00,0.0,1.0,4047
159.40,-8.835,-2.969,145.5,0.01,CLEAR(조향OFF)|STRAIGHT,,999.00,0.00,0.0,1.0,4062
159.45,-8.835,-2.969,145.5,0.01,CLEAR(조향OFF)|STRAIGHT,,999.00,0.00,0.0,1.0,4047
159.50,-8.835,-2.969,145.5,0.00,CLEAR(조향OFF)|STRAIGHT,,999.00,0.00,0.0,1.0,4047
159.55,-8.835,-2.969,145.5,0.00,CLEAR(조향OFF)|STRAIGHT,,999.00,0.00,0.0,1.0,4047
159.60,-8.835,-2.967,145.5,0.01,CLEAR(조향OFF)|STRAIGHT,,999.00,0.00,0.0,1.0,4062
159.65,-8.835,-2.967,145.5,0.00,CLEAR(조향OFF)|STRAIGHT,,999.00,0.00,0.0,1.0,4062
159.70,-8.835,-2.967,145.5,0.00,CLEAR(조향OFF)|STRAIGHT,,999.00,0.00,0.0,1.0,4062
159.75,-8.835,-2.967,145.5,0.00,CLEAR(조향OFF)|STRAIGHT,,999.00,0.00,0.0,1.0,4062
159.80,-8.837,-2.968,145.5,0.01,CLEAR(조향OFF)|STRAIGHT,,999.00,0.00,0.0,1.0,4062
159.85,-8.837,-2.968,145.5,0.01,CLEAR(조향OFF)|STRAIGHT,,999.00,0.00,0.0,1.1,4062
159.90,-8.837,-2.968,145.5,-0.01,CLEAR(조향OFF)|STRAIGHT,,999.00,0.00,0.0,1.0,4062
159.95,-8.837,-2.968,145.5,-0.01,CLEAR(조향OFF)|STRAIGHT,,999.00,0.00,0.0,1.0,4047
160.00,-8.837,-2.967,145.5,0.00,CLEAR(조향OFF)|STRAIGHT,,999.00,0.00,0.0,1.0,4062
160.05,-8.837,-2.967,145.5,0.00,CLEAR(조향OFF)|STRAIGHT,,999.00,0.00,0.0,1.0,4047
160.10,-8.837,-2.968,145.5,0.00,CLEAR(조향OFF)|STRAIGHT,,999.00,0.00,0.0,1.0,4047
160.15,-8.837,-2.968,145.5,0.00,CLEAR(조향OFF)|STRAIGHT,,999.00,0.00,0.0,1.0,4047
160.20,-8.843,-2.965,145.5,0.06,CLEAR(조향OFF)|STRAIGHT,,999.00,0.00,0.0,1.0,4047
160.25,-8.843,-2.965,145.6,0.06,CLEAR(조향OFF)|STRAIGHT,,999.00,0.00,0.0,1.0,4047
160.30,-8.846,-2.964,145.6,0.02,CLEAR(조향OFF)|STRAIGHT,,999.00,0.00,0.0,1.0,4062
160.35,-8.846,-2.964,145.6,0.02,CLEAR(조향OFF)|STRAIGHT,,999.00,0.00,0.0,1.0,4062
160.40,-8.843,-2.962,145.6,-0.01,CLEAR(조향OFF)|STRAIGHT,,999.00,0.00,0.0,1.0,4077
160.45,-8.843,-2.962,145.6,-0.01,CLEAR(조향OFF)|STRAIGHT,,999.00,0.00,0.0,1.0,4062
160.50,-8.845,-2.963,145.6,0.01,CLEAR(조향OFF)|STRAIGHT,,999.00,0.00,0.0,1.0,4062
160.55,-8.846,-2.965,145.6,0.00,CLEAR(조향OFF)|STRAIGHT,,999.00,0.00,0.0,1.0,4062
160.60,-8.846,-2.965,145.6,0.00,CLEAR(조향OFF)|STRAIGHT,,999.00,0.00,0.0,1.0,4047
160.65,-8.846,-2.965,145.6,0.00,CLEAR(조향OFF)|STRAIGHT,,999.00,0.00,0.0,1.0,4077
160.70,-8.845,-2.963,145.6,0.01,CLEAR(조향OFF)|STRAIGHT,,999.00,0.00,0.0,1.0,4062
160.75,-8.845,-2.963,145.6,0.01,CLEAR(조향OFF)|STRAIGHT,,999.00,0.00,0.0,1.0,4047
160.80,-8.844,-2.962,145.6,-0.01,CLEAR(조향OFF)|STRAIGHT,,999.00,0.00,0.0,1.0,4047
160.85,-8.844,-2.962,145.6,-0.01,CLEAR(조향OFF)|STRAIGHT,,999.00,0.00,0.0,1.0,4062
160.90,-8.847,-2.964,145.6,0.02,CLEAR(조향OFF)|STRAIGHT,,999.00,0.00,0.0,1.0,4047
160.95,-8.847,-2.964,145.6,0.02,CLEAR(조향OFF)|STRAIGHT,,999.00,0.00,0.0,1.0,4062
161.00,-8.845,-2.962,145.6,-0.00,CLEAR(조향OFF)|STRAIGHT,,999.00,0.00,0.0,1.0,4047
161.05,-8.845,-2.962,145.7,-0.00,CLEAR(조향OFF)|STRAIGHT,,999.00,0.00,0.0,1.0,4047
161.10,-8.844,-2.960,145.7,0.01,CLEAR(조향OFF)|STRAIGHT,,999.00,0.00,0.0,1.0,4062
161.15,-8.844,-2.960,145.7,0.01,CLEAR(조향OFF)|STRAIGHT,,999.00,0.00,0.0,1.0,4062
161.20,-8.845,-2.959,145.7,0.01,CLEAR(조향OFF)|STRAIGHT,,999.00,0.00,0.0,1.0,4062
161.25,-8.845,-2.959,145.7,0.01,CLEAR(조향OFF)|STRAIGHT,,999.00,0.00,0.0,1.0,4062
161.30,-8.846,-2.959,145.7,0.01,CLEAR(조향OFF)|STRAIGHT,,999.00,0.00,0.0,1.0,4062
161.35,-8.846,-2.959,145.7,0.01,CLEAR(조향OFF)|STRAIGHT,,999.00,0.00,0.0,1.0,4062
161.40,-8.845,-2.958,145.7,-0.01,CLEAR(조향OFF)|STRAIGHT,,999.00,0.00,0.0,1.0,4062
161.45,-8.845,-2.958,145.7,-0.01,CLEAR(조향OFF)|STRAIGHT,,999.00,0.00,0.0,1.0,4062
161.50,-8.845,-2.958,145.7,-0.01,CLEAR(조향OFF)|STRAIGHT,,999.00,0.00,0.0,1.0,4062
161.55,-8.845,-2.958,145.7,-0.01,CLEAR(조향OFF)|STRAIGHT,,999.00,0.00,0.0,1.0,4062
161.60,-8.845,-2.958,145.7,-0.01,CLEAR(조향OFF)|STRAIGHT,,999.00,0.00,0.0,1.0,4062
161.65,-8.845,-2.958,145.7,-0.01,CLEAR(조향OFF)|STRAIGHT,,999.00,0.00,0.0,1.0,4062
161.70,-8.845,-2.958,145.7,-0.01,CLEAR(조향OFF)|STRAIGHT,,999.00,0.00,0.0,1.0,4062
161.75,-8.845,-2.958,145.7,-0.01,CLEAR(조향OFF)|STRAIGHT,,999.00,0.00,0.0,1.0,4062
161.80,-8.845,-2.958,145.7,-0.01,CLEAR(조향OFF)|STRAIGHT,,999.00,0.00,0.0,1.0,4062
161.85,-8.845,-2.958,145.7,-0.01,CLEAR(조향OFF)|STRAIGHT,,999.00,0.00,0.0,1.0,4062
161.90,-8.845,-2.958,145.7,-0.01,CLEAR(조향OFF)|STRAIGHT,,999.00,0.00,0.0,1.0,4062
161.95,-8.845,-2.958,145.7,-0.01,CLEAR(조향OFF)|STRAIGHT,,999.00,0.00,0.0,1.0,4062
162.00,-8.845,-2.958,145.7,-0.01,CLEAR(조향OFF)|STRAIGHT,,999.00,0.00,0.0,1.0,4062
162.05,-8.845,-2.958,145.7,-0.01,CLEAR(조향OFF)|STRAIGHT,,999.00,0.00,0.0,1.0,4062
162.10,-8.845,-2.958,145.7,-0.01,CLEAR(조향OFF)|STRAIGHT,,999.00,0.00,0.0,1.0,4062
162.15,-8.845,-2.958,145.7,-0.01,CLEAR(조향OFF)|STRAIGHT,,999.00,0.00,0.0,1.0,4062
162.20,-8.845,-2.958,145.7,-0.01,CLEAR(조향OFF)|STRAIGHT,,999.00,0.00,0.0,1.0,4062
162.25,-8.845,-2.958,145.7,-0.01,CLEAR(조향OFF)|STRAIGHT,,999.00,0.00,0.0,1.0,4062
162.30,-8.845,-2.958,145.7,-0.01,CLEAR(조향OFF)|STRAIGHT,,999.00,0.00,0.0,1.0,4062
162.35,-8.845,-2.958,145.7,-0.01,CLEAR(조향OFF)|STRAIGHT,,999.00,0.00,0.0,1.0,4062
162.40,-8.845,-2.958,145.7,-0.01,CLEAR(조향OFF)|STRAIGHT,,999.00,0.00,0.0,1.0,4062
162.45,-8.845,-2.958,145.7,-0.01,CLEAR(조향OFF)|STRAIGHT,,999.00,0.00,0.0,1.0,4062
162.50,-8.845,-2.958,145.7,-0.01,CLEAR(조향OFF)|STRAIGHT,,999.00,0.00,0.0,1.0,4062
162.55,-8.845,-2.958,145.7,-0.01,CLEAR(조향OFF)|STRAIGHT,,999.00,0.00,0.0,1.0,4062
162.60,-8.845,-2.958,145.7,-0.01,CLEAR(조향OFF)|STRAIGHT,,999.00,0.00,0.0,1.0,4062
162.65,-8.845,-2.958,145.7,-0.01,CLEAR(조향OFF)|STRAIGHT,,999.00,0.00,0.0,1.0,4062
162.70,-8.845,-2.958,145.7,-0.01,CLEAR(조향OFF)|STRAIGHT,,999.00,0.00,0.0,1.0,4062
162.75,-8.845,-2.958,145.7,-0.01,CLEAR(조향OFF)|STRAIGHT,,999.00,0.00,0.0,1.0,4062
162.80,-8.845,-2.958,145.7,-0.01,CLEAR(조향OFF)|STRAIGHT,,999.00,0.00,0.0,1.0,4062
162.85,-8.845,-2.958,145.7,-0.01,CLEAR(조향OFF)|STRAIGHT,,999.00,0.00,0.0,1.0,4062
162.90,-8.845,-2.958,145.7,-0.01,CLEAR(조향OFF)|STRAIGHT,,999.00,0.00,0.0,1.0,4062
162.95,-8.845,-2.958,145.7,-0.01,CLEAR(조향OFF)|STRAIGHT,,999.00,0.00,0.0,1.0,4062
163.00,-8.845,-2.958,145.7,-0.01,CLEAR(조향OFF)|STRAIGHT,,999.00,0.00,0.0,1.0,4062
163.05,-8.845,-2.958,145.7,-0.01,CLEAR(조향OFF)|STRAIGHT,,999.00,0.00,0.0,1.0,4062
163.10,-8.845,-2.958,145.7,-0.01,CLEAR(조향OFF)|STRAIGHT,,999.00,0.00,0.0,1.0,4062
163.15,-8.845,-2.958,145.7,-0.01,CLEAR(조향OFF)|STRAIGHT,,999.00,0.00,0.0,1.0,4062
163.20,-8.845,-2.958,145.7,-0.01,CLEAR(조향OFF)|STRAIGHT,,999.00,0.00,0.0,1.0,4062
163.25,-8.845,-2.958,145.7,-0.01,CLEAR(조향OFF)|STRAIGHT,,999.00,0.00,0.0,1.0,4062
163.30,-8.845,-2.958,145.7,-0.01,CLEAR(조향OFF)|STRAIGHT,,999.00,0.00,0.0,1.0,4062
163.35,-8.845,-2.958,145.7,-0.01,CLEAR(조향OFF)|STRAIGHT,,999.00,0.00,0.0,1.0,4062
163.40,-8.845,-2.958,145.7,-0.01,CLEAR(조향OFF)|STRAIGHT,,999.00,0.00,0.0,1.0,4062
163.45,-8.845,-2.958,145.7,-0.01,CLEAR(조향OFF)|STRAIGHT,,999.00,0.00,0.0,1.0,4062
163.50,-8.845,-2.958,145.7,-0.01,CLEAR(조향OFF)|STRAIGHT,,999.00,0.00,0.0,1.0,4062
163.55,-8.845,-2.958,145.7,-0.01,CLEAR(조향OFF)|STRAIGHT,,999.00,0.00,0.0,1.0,4062
163.60,-8.845,-2.958,145.7,-0.01,CLEAR(조향OFF)|STRAIGHT,,999.00,0.00,0.0,1.0,4062
163.65,-8.845,-2.958,145.7,-0.01,CLEAR(조향OFF)|STRAIGHT,,999.00,0.00,0.0,1.0,4062
163.70,-8.845,-2.958,145.7,-0.01,CLEAR(조향OFF)|STRAIGHT,,999.00,0.00,0.0,1.0,4062
163.75,-8.845,-2.958,145.7,-0.01,CLEAR(조향OFF)|STRAIGHT,,999.00,0.00,0.0,1.0,4062
163.80,-8.845,-2.958,145.7,-0.01,CLEAR(조향OFF)|STRAIGHT,,999.00,0.00,0.0,1.0,4062
163.85,-8.845,-2.958,145.7,-0.01,CLEAR(조향OFF)|STRAIGHT,,999.00,0.00,0.0,1.0,4062
163.90,-8.845,-2.958,145.7,-0.01,CLEAR(조향OFF)|STRAIGHT,,999.00,0.00,0.0,1.0,4062
163.95,-8.845,-2.958,145.7,-0.01,CLEAR(조향OFF)|STRAIGHT,,999.00,0.00,0.0,1.0,4062
164.00,-8.845,-2.958,145.7,-0.01,CLEAR(조향OFF)|STRAIGHT,,999.00,0.00,0.0,1.0,4062
164.05,-8.845,-2.958,145.7,-0.01,CLEAR(조향OFF)|STRAIGHT,,999.00,0.00,0.0,1.0,4062
164.10,-8.845,-2.958,145.7,-0.01,CLEAR(조향OFF)|STRAIGHT,,999.00,0.00,0.0,1.0,4062
164.15,-8.845,-2.958,145.7,-0.01,CLEAR(조향OFF)|STRAIGHT,,999.00,0.00,0.0,1.0,4062
164.20,-8.845,-2.958,145.7,-0.01,CLEAR(조향OFF)|STRAIGHT,,999.00,0.00,0.0,1.0,4062
164.25,-8.845,-2.958,145.7,-0.01,CLEAR(조향OFF)|STRAIGHT,,999.00,0.00,0.0,1.0,4062
164.30,-8.845,-2.958,145.7,-0.01,CLEAR(조향OFF)|STRAIGHT,,999.00,0.00,0.0,1.0,4062
164.35,-8.845,-2.958,145.7,-0.01,CLEAR(조향OFF)|STRAIGHT,,999.00,0.00,0.0,1.0,4062
164.40,-8.845,-2.958,145.7,-0.01,CLEAR(조향OFF)|STRAIGHT,,999.00,0.00,0.0,1.0,4062
164.45,-8.845,-2.958,145.7,-0.01,CLEAR(조향OFF)|STRAIGHT,,999.00,0.00,0.0,1.0,4062
164.50,-8.845,-2.958,145.7,-0.01,CLEAR(조향OFF)|STRAIGHT,,999.00,0.00,0.0,1.0,4062
164.55,-8.845,-2.958,145.7,-0.01,CLEAR(조향OFF)|STRAIGHT,,999.00,0.00,0.0,1.0,4062
164.60,-8.845,-2.958,145.7,-0.01,CLEAR(조향OFF)|STRAIGHT,,999.00,0.00,0.0,1.0,4062
164.65,-8.845,-2.958,145.7,-0.01,CLEAR(조향OFF)|STRAIGHT,,999.00,0.00,0.0,1.0,4062
164.70,-8.845,-2.958,145.7,-0.01,CLEAR(조향OFF)|STRAIGHT,,999.00,0.00,0.0,1.0,4062
164.75,-8.845,-2.958,145.7,-0.01,CLEAR(조향OFF)|STRAIGHT,,999.00,0.00,0.0,1.0,4062
164.80,-8.845,-2.958,145.7,-0.01,CLEAR(조향OFF)|STRAIGHT,,999.00,0.00,0.0,1.0,4062
164.85,-8.845,-2.958,145.7,-0.01,CLEAR(조향OFF)|STRAIGHT,,999.00,0.00,0.0,1.0,4062
164.90,-8.845,-2.958,145.7,-0.01,CLEAR(조향OFF)|STRAIGHT,,999.00,0.00,0.0,1.0,4062
164.95,-8.845,-2.958,145.7,-0.01,CLEAR(조향OFF)|STRAIGHT,,999.00,0.00,0.0,1.0,4062
165.00,-8.845,-2.958,145.7,-0.01,CLEAR(조향OFF)|STRAIGHT,,999.00,0.00,0.0,1.0,4062
165.05,-8.845,-2.958,145.7,-0.01,CLEAR(조향OFF)|STRAIGHT,,999.00,0.00,0.0,1.0,4062
165.10,-8.845,-2.958,145.7,-0.01,CLEAR(조향OFF)|STRAIGHT,,999.00,0.00,0.0,1.0,4062
165.15,-8.845,-2.958,145.7,-0.01,CLEAR(조향OFF)|STRAIGHT,,999.00,0.00,0.0,1.0,4062
165.20,-8.845,-2.958,145.7,-0.01,CLEAR(조향OFF)|STRAIGHT,,999.00,0.00,0.0,1.0,4062
165.25,-8.845,-2.958,145.7,-0.01,CLEAR(조향OFF)|STRAIGHT,,999.00,0.00,0.0,1.0,4062
165.30,-8.845,-2.958,145.7,-0.01,CLEAR(조향OFF)|STRAIGHT,,999.00,0.00,0.0,1.0,4062
