t,x,y,yaw_deg,v,mode,avoid_steer_deg,obstacle_m,cmd_v,cmd_steer_deg,steer_actual_deg,vcc_mv
14.70,-15.774,-3.016,104.8,0.00,-,,,0.00,0.0,,0
14.75,-15.774,-3.016,104.8,0.00,CLEAR(조향OFF)|STRAIGHT,,999.00,0.00,0.0,,0
14.80,-15.778,-3.015,104.8,0.01,CLEAR(조향OFF)|STRAIGHT,,999.00,0.00,0.0,,0
14.85,-15.778,-3.015,104.8,0.01,CLEAR(조향OFF)|STRAIGHT,,999.00,0.00,0.0,,0
14.90,-15.779,-3.013,104.8,0.03,CLEAR(조향OFF)|STRAIGHT,,999.00,0.00,0.0,,0
14.95,-15.779,-3.013,104.8,0.03,CLEAR(조향OFF)|STRAIGHT,,999.00,0.00,0.0,,0
15.00,-15.777,-3.014,104.8,-0.02,CLEAR(조향OFF)|STRAIGHT,,999.00,0.00,0.0,,0
15.05,-15.777,-3.014,104.8,-0.02,CLEAR(조향OFF)|STRAIGHT,,999.00,0.00,0.0,,0
15.10,-15.778,-3.010,104.8,0.04,CLEAR(조향OFF)|STRAIGHT,,999.00,0.00,0.0,,0
15.15,-15.778,-3.010,104.8,0.04,CLEAR(조향OFF)|STRAIGHT,,999.00,0.00,0.0,,0
15.20,-15.778,-3.011,104.8,-0.00,CLEAR(조향OFF)|STRAIGHT,,999.00,0.00,0.0,,0
15.25,-15.778,-3.011,104.8,-0.00,CLEAR(조향OFF)|STRAIGHT,,999.00,0.00,0.0,,0
15.30,-15.778,-3.011,104.8,-0.00,CLEAR(조향OFF)|STRAIGHT,,999.00,0.00,0.0,,0
15.36,-15.779,-3.009,104.8,0.01,CLEAR(조향OFF)|STRAIGHT,,999.00,0.00,0.0,,0
15.40,-15.781,-3.007,104.8,0.03,CLEAR(조향OFF)|STRAIGHT,,999.00,0.00,0.0,,0
15.45,-15.781,-3.007,104.8,0.03,CLEAR(조향OFF)|STRAIGHT,,999.00,0.00,0.0,,0
15.50,-15.781,-3.007,104.8,0.03,CLEAR(조향OFF)|STRAIGHT,,999.00,0.00,0.0,,0
15.55,-15.779,-3.010,104.8,-0.03,CLEAR(조향OFF)|STRAIGHT,,999.00,0.00,0.0,,0
15.60,-15.779,-3.010,104.8,-0.03,CLEAR(조향OFF)|STRAIGHT,,999.00,0.00,0.0,,0
15.65,-15.779,-3.005,104.8,0.05,CLEAR(조향OFF)|STRAIGHT,,999.00,0.00,0.0,,0
15.70,-15.779,-3.005,104.7,0.05,CLEAR(조향OFF)|STRAIGHT,,999.00,0.00,0.0,,0
15.75,-15.780,-3.005,104.7,-0.00,CLEAR(조향OFF)|STRAIGHT,,999.00,0.00,0.0,,0
15.80,-15.780,-3.005,104.7,-0.00,CLEAR(조향OFF)|STRAIGHT,,999.00,0.00,0.0,,0
15.85,-15.779,-3.005,104.8,0.00,CLEAR(조향OFF)|STRAIGHT,,999.00,0.00,0.0,,0
15.90,-15.779,-3.005,104.7,0.00,CLEAR(조향OFF)|STRAIGHT,,999.00,0.00,0.0,,0
15.95,-15.778,-3.007,104.7,-0.02,CLEAR(조향OFF)|STRAIGHT,,999.00,0.00,0.0,,0
16.00,-15.778,-3.007,104.7,-0.02,CLEAR(조향OFF)|STRAIGHT,,999.00,0.00,0.0,,0
16.06,-15.778,-3.004,104.7,0.03,CLEAR(조향OFF)|STRAIGHT,,999.00,0.00,0.0,,0
16.10,-15.778,-3.004,104.7,0.03,CLEAR(조향OFF)|STRAIGHT,,999.00,0.00,0.0,,0
16.15,-15.778,-3.002,104.7,0.01,CLEAR(조향OFF)|STRAIGHT,,999.00,0.00,0.0,,0
16.20,-15.778,-3.002,104.7,0.01,CLEAR(조향OFF)|STRAIGHT,,999.00,0.00,0.0,,0
16.25,-15.780,-3.003,104.7,0.00,CLEAR(조향OFF)|STRAIGHT,,999.00,0.00,0.0,,0
16.30,-15.780,-3.003,104.8,0.00,CLEAR(조향OFF)|STRAIGHT,,999.00,0.00,0.0,,0
16.35,-15.776,-2.999,104.8,0.02,CLEAR(조향OFF)|STRAIGHT,,999.00,0.00,0.0,,0
16.40,-15.776,-2.999,104.7,0.02,CLEAR(조향OFF)|STRAIGHT,,999.00,0.00,0.0,,0
16.45,-15.779,-2.996,104.7,0.04,CLEAR(조향OFF)|STRAIGHT,,999.00,0.00,0.0,,0
16.50,-15.779,-2.996,104.8,0.04,CLEAR(조향OFF)|STRAIGHT,,999.00,0.00,0.0,,0
16.55,-15.777,-2.998,104.8,-0.02,CLEAR(조향OFF)|STRAIGHT,,999.00,0.00,0.0,,0
16.60,-15.777,-2.998,104.7,-0.02,CLEAR(조향OFF)|STRAIGHT,,999.00,0.00,0.0,,0
16.65,-15.777,-2.995,104.7,0.02,CLEAR(조향OFF)|STRAIGHT,,999.00,0.00,0.0,0.4,4152
16.70,-15.777,-2.995,104.7,0.02,CLEAR(조향OFF)|STRAIGHT,,999.00,0.00,0.0,0.5,4137
16.75,-15.775,-2.993,104.7,0.02,CLEAR(조향OFF)|STRAIGHT,,999.00,0.00,0.0,0.4,4152
16.80,-15.775,-2.993,104.7,0.02,CLEAR(조향OFF)|STRAIGHT,,999.00,0.00,0.0,0.5,4152
16.85,-15.776,-2.990,104.7,0.02,CLEAR(조향OFF)|STRAIGHT,,999.00,0.00,0.0,0.5,4167
16.90,-15.776,-2.990,104.7,0.02,CLEAR(조향OFF)|STRAIGHT,,999.00,0.00,0.0,0.4,4137
16.95,-15.777,-2.988,104.7,0.02,CLEAR(조향OFF)|STRAIGHT,,999.00,0.00,0.0,0.4,4167
17.00,-15.777,-2.988,104.7,0.02,CLEAR(조향OFF)|STRAIGHT,,999.00,0.00,0.0,0.4,4152
17.05,-15.774,-2.985,104.7,0.03,CLEAR(조향OFF)|STRAIGHT,,999.00,0.00,0.0,0.4,4152
17.10,-15.774,-2.985,104.7,0.03,CLEAR(조향OFF)|STRAIGHT,,999.00,0.00,0.0,0.3,4152
17.15,-15.775,-2.983,104.7,0.02,CLEAR(조향OFF)|STRAIGHT,,999.00,0.00,0.0,0.4,4152
17.20,-15.776,-2.982,104.7,0.01,CLEAR(조향OFF)|STRAIGHT,,999.00,0.00,0.0,0.4,4137
17.25,-15.776,-2.982,104.7,0.01,CLEAR(조향OFF)|STRAIGHT,,999.00,0.00,0.0,0.4,4167
17.30,-15.776,-2.982,104.7,0.01,CLEAR(조향OFF)|STRAIGHT,,999.00,0.00,0.0,0.4,4152
17.35,-15.775,-2.979,104.7,0.02,CLEAR(조향OFF)|STRAIGHT,,999.00,0.00,0.0,0.4,4152
17.40,-15.775,-2.979,104.7,0.02,CLEAR(조향OFF)|STRAIGHT,,999.00,0.00,0.0,0.4,4137
17.45,-15.775,-2.979,104.7,0.00,CLEAR(조향OFF)|STRAIGHT,,999.00,0.00,0.0,0.4,4152
17.50,-15.775,-2.979,104.7,0.00,CLEAR(조향OFF)|STRAIGHT,,999.00,0.00,0.0,0.4,4152
17.55,-15.776,-2.977,104.7,0.02,CLEAR(조향OFF)|STRAIGHT,,999.00,0.00,0.0,0.4,4152
17.60,-15.776,-2.977,104.7,0.02,CLEAR(조향OFF)|STRAIGHT,,999.00,0.00,0.0,0.4,4137
17.65,-15.777,-2.975,104.7,0.03,CLEAR(조향OFF)|STRAIGHT,,999.00,0.00,0.0,0.4,4167
17.70,-15.777,-2.975,104.7,0.03,CLEAR(조향OFF)|STRAIGHT,,999.00,0.00,0.0,0.5,4137
17.75,-15.778,-2.973,104.7,0.02,CLEAR(조향OFF)|STRAIGHT,,999.00,0.00,0.0,0.3,4152
17.80,-15.778,-2.973,104.7,0.02,CLEAR(조향OFF)|STRAIGHT,,999.00,0.00,0.0,0.4,4167
17.85,-15.778,-2.973,104.7,0.00,CLEAR(조향OFF)|STRAIGHT,,999.00,0.00,0.0,0.4,4137
17.90,-15.778,-2.973,104.7,0.00,CLEAR(조향OFF)|STRAIGHT,,999.00,0.00,0.0,0.4,4152
17.96,-15.779,-2.967,104.7,0.06,CLEAR(조향OFF)|STRAIGHT,,999.00,0.00,0.0,0.4,4152
18.00,-15.779,-2.967,104.7,0.06,CLEAR(조향OFF)|STRAIGHT,,999.00,0.00,0.0,0.5,4137
18.05,-15.780,-2.967,104.7,0.00,CLEAR(조향OFF)|STRAIGHT,,999.00,0.00,0.0,0.5,4137
18.10,-15.780,-2.967,104.7,0.00,CLEAR(조향OFF)|STRAIGHT,,999.00,0.00,0.0,0.4,4152
18.15,-15.782,-2.964,104.7,0.03,CLEAR(조향OFF)|STRAIGHT,,999.00,0.00,0.0,0.4,4152
18.20,-15.783,-2.962,104.7,0.03,CLEAR(조향OFF)|STRAIGHT,,999.00,0.00,0.0,0.4,4167
18.25,-15.783,-2.962,104.7,0.03,CLEAR(조향OFF)|STRAIGHT,,999.00,0.00,0.0,0.5,4137
18.30,-15.783,-2.962,104.7,0.03,CLEAR(조향OFF)|STRAIGHT,,999.00,0.00,0.0,0.4,4152
18.35,-15.785,-2.959,104.7,0.02,CLEAR(조향OFF)|STRAIGHT,,999.00,0.00,0.0,0.5,4137
18.40,-15.785,-2.959,104.7,0.02,CLEAR(조향OFF)|STRAIGHT,,999.00,0.00,0.0,0.4,4137
18.45,-15.789,-2.956,104.7,0.04,CLEAR(조향OFF)|STRAIGHT,,999.00,0.00,0.0,0.4,4167
18.50,-15.789,-2.956,104.7,0.04,CLEAR(조향OFF)|STRAIGHT,,999.00,0.00,0.0,0.4,4167
18.55,-15.790,-2.956,104.7,0.01,CLEAR(조향OFF)|STRAIGHT,,999.00,0.00,0.0,0.5,4152
18.60,-15.790,-2.956,104.7,0.01,CLEAR(조향OFF)|STRAIGHT,,999.00,0.00,0.0,0.4,4167
18.65,-15.793,-2.952,104.7,0.04,CLEAR(조향OFF)|STRAIGHT,,999.00,0.00,0.0,0.5,4137
18.70,-15.793,-2.952,104.7,0.04,CLEAR(조향OFF)|STRAIGHT,,999.00,0.00,0.0,0.4,4137
18.75,-15.793,-2.952,104.7,0.04,CLEAR(조향OFF)|STRAIGHT,,999.00,0.00,0.0,0.4,4152
18.80,-16.165,-3.137,104.7,-0.65,CLEAR(조향OFF)|STRAIGHT,,999.00,0.00,0.0,0.4,4152
18.85,-16.165,-3.137,104.7,-0.65,CLEAR(조향OFF)|STRAIGHT,,999.00,0.00,0.0,0.5,4137
18.90,-16.165,-3.137,104.7,-0.65,CLEAR(조향OFF)|STRAIGHT,,999.00,0.00,0.0,0.4,4152
18.95,-16.336,-3.237,104.7,-0.34,CLEAR(조향OFF)|STRAIGHT,,999.00,0.00,0.0,0.5,4152
19.01,-16.336,-3.237,104.7,-0.34,CLEAR(조향OFF)|STRAIGHT,,999.00,0.00,0.0,0.5,4152
19.05,-16.444,-3.309,104.7,-0.41,CLEAR(조향OFF)|STRAIGHT,,999.00,0.00,0.0,0.4,4152
19.10,-16.444,-3.309,104.7,-0.41,CLEAR(조향OFF)|STRAIGHT,,999.00,0.00,0.0,0.4,4152
19.15,-16.511,-3.357,104.7,-0.30,CLEAR(조향OFF)|STRAIGHT,,999.00,0.00,0.0,0.5,4137
19.20,-16.511,-3.357,104.7,-0.30,CLEAR(조향OFF)|STRAIGHT,,999.00,0.00,0.0,0.5,4137
19.25,-16.558,-3.392,104.7,-0.22,CLEAR(조향OFF)|STRAIGHT,,999.00,0.00,0.0,0.4,4152
19.30,-16.558,-3.392,104.7,-0.22,CLEAR(조향OFF)|STRAIGHT,,999.00,0.00,0.0,0.4,4152
19.35,-16.598,-3.412,104.7,-0.07,CLEAR(조향OFF)|STRAIGHT,,999.00,0.00,0.0,0.4,4152
19.40,-16.598,-3.412,104.7,-0.07,CLEAR(조향OFF)|STRAIGHT,,999.00,0.00,0.0,0.4,4152
19.45,-16.598,-3.412,104.7,-0.07,CLEAR(조향OFF)|STRAIGHT,,999.00,0.00,0.0,0.4,4152
19.50,-16.598,-3.412,104.7,-0.07,CLEAR(조향OFF)|STRAIGHT,,999.00,0.00,0.0,0.4,4137
19.56,-16.630,-3.434,104.7,-0.07,CLEAR(조향OFF)|STRAIGHT,,999.00,0.00,0.0,0.4,4152
19.61,-16.630,-3.434,104.7,-0.07,CLEAR(조향OFF)|STRAIGHT,,999.00,0.00,0.0,0.4,4152
19.65,-15.918,-2.847,104.7,3.52,CLEAR(조향OFF)|STRAIGHT,,999.00,0.00,0.0,0.5,4152
19.70,-15.918,-2.847,104.7,3.52,CLEAR(조향OFF)|STRAIGHT,,999.00,0.00,0.0,0.4,4152
19.75,-15.917,-2.846,104.7,0.01,CLEAR(조향OFF)|STRAIGHT,,999.00,0.00,0.0,0.4,4152
19.80,-15.917,-2.846,104.7,0.01,CLEAR(조향OFF)|STRAIGHT,,999.00,0.00,0.0,0.4,4167
19.85,-15.916,-2.846,104.7,-0.01,CLEAR(조향OFF)|STRAIGHT,,999.00,0.00,0.0,0.4,4152
19.90,-15.916,-2.846,104.7,-0.01,CLEAR(조향OFF)|STRAIGHT,,999.00,0.00,0.0,0.4,4152
19.95,-15.916,-2.845,104.7,0.01,CLEAR(조향OFF)|STRAIGHT,,999.00,0.00,0.0,0.4,4167
20.00,-15.916,-2.845,104.7,0.01,CLEAR(조향OFF)|STRAIGHT,,999.00,0.00,0.0,0.4,4152
20.05,-15.917,-2.845,104.7,0.00,CLEAR(조향OFF)|STRAIGHT,,999.00,0.00,0.0,0.4,4152
20.10,-15.917,-2.845,104.7,0.00,CLEAR(조향OFF)|STRAIGHT,,999.00,0.00,0.0,0.4,4047
20.15,-15.917,-2.844,104.7,0.01,CLEAR(조향OFF)|STRAIGHT,,999.00,0.00,0.0,0.5,4137
20.20,-15.917,-2.844,104.7,0.01,CLEAR(조향OFF)|STRAIGHT,,999.00,0.00,0.0,0.5,4137
20.25,-15.916,-2.845,104.7,-0.01,CLEAR(조향OFF)|STRAIGHT,,999.00,0.00,0.0,0.4,4152
20.30,-15.916,-2.845,104.7,-0.01,CLEAR(조향OFF)|STRAIGHT,,999.00,0.00,0.0,0.4,4137
20.35,-15.917,-2.845,104.7,-0.00,CLEAR(조향OFF)|STRAIGHT,,999.00,0.00,0.0,0.4,4137
20.40,-15.917,-2.845,104.7,-0.00,CLEAR(조향OFF)|STRAIGHT,,999.00,0.00,0.0,0.5,4137
20.45,-15.915,-2.846,104.7,-0.01,CLEAR(조향OFF)|STRAIGHT,,999.00,0.00,0.0,0.4,4137
20.51,-15.915,-2.846,104.7,-0.01,CLEAR(조향OFF)|STRAIGHT,,999.00,0.00,0.0,0.4,4137
20.55,-15.916,-2.845,104.7,0.01,CLEAR(조향OFF)|STRAIGHT,,999.00,0.00,0.0,0.4,4152
20.60,-15.916,-2.845,104.7,0.01,CLEAR(조향OFF)|STRAIGHT,,999.00,0.00,0.0,0.5,4137
20.65,-15.916,-2.845,104.7,0.00,CLEAR(조향OFF)|STRAIGHT,,999.00,0.00,0.0,0.5,4137
20.70,-15.916,-2.845,104.7,0.00,CLEAR(조향OFF)|STRAIGHT,,999.00,0.00,0.0,0.5,4152
20.75,-15.917,-2.847,104.7,-0.02,CLEAR(조향OFF)|STRAIGHT,,999.00,0.00,0.0,0.4,4137
20.80,-15.917,-2.847,104.7,-0.02,CLEAR(조향OFF)|STRAIGHT,,999.00,0.00,0.0,0.4,4137
20.85,-15.915,-2.847,104.7,-0.00,CLEAR(조향OFF)|STRAIGHT,,999.00,0.00,0.0,0.5,4137
20.90,-15.915,-2.847,104.7,-0.00,CLEAR(조향OFF)|STRAIGHT,,999.00,0.00,0.0,0.3,4152
20.95,-15.917,-2.845,104.7,0.03,CLEAR(조향OFF)|STRAIGHT,,999.00,0.00,0.0,0.4,4137
21.00,-15.917,-2.845,104.7,0.03,CLEAR(조향OFF)|STRAIGHT,,999.00,0.00,0.0,0.4,4152
21.05,-15.916,-2.844,104.7,0.00,CLEAR(조향OFF)|STRAIGHT,,999.00,0.00,0.0,0.4,4137
21.10,-15.916,-2.844,104.7,0.00,CLEAR(조향OFF)|STRAIGHT,,999.00,0.00,0.0,0.5,4152
21.15,-15.916,-2.844,104.7,0.00,CLEAR(조향OFF)|STRAIGHT,,999.00,0.00,0.0,0.4,4152
21.20,-15.916,-2.844,104.7,0.00,CLEAR(조향OFF)|STRAIGHT,,999.00,0.00,0.0,0.4,4152
21.25,-15.915,-2.845,104.7,-0.01,CLEAR(조향OFF)|STRAIGHT,,999.00,0.00,0.0,0.4,4152
21.30,-15.915,-2.845,104.7,-0.01,CLEAR(조향OFF)|STRAIGHT,,999.00,0.00,0.0,0.5,4167
21.35,-15.917,-2.843,104.7,0.01,CLEAR(조향OFF)|STRAIGHT,,999.00,0.00,0.0,0.4,4137
21.40,-15.917,-2.843,104.7,0.01,CLEAR(조향OFF)|STRAIGHT,,999.00,0.00,0.0,0.4,4152
21.45,-15.917,-2.843,104.7,0.00,CLEAR(조향OFF)|STRAIGHT,,999.00,0.00,0.0,0.4,4152
21.50,-15.917,-2.843,104.7,0.00,CLEAR(조향OFF)|STRAIGHT,,999.00,0.00,0.0,0.4,4167
21.55,-15.916,-2.844,104.7,-0.01,CLEAR(조향OFF)|STRAIGHT,,999.00,0.00,0.0,0.5,4152
21.60,-15.917,-2.845,104.7,0.00,CLEAR(조향OFF)|STRAIGHT,,999.00,0.00,0.0,0.4,4152
21.65,-15.917,-2.845,104.7,0.00,CLEAR(조향OFF)|STRAIGHT,,999.00,0.00,0.0,0.4,4167
21.70,-15.915,-2.846,104.7,-0.02,CLEAR(조향OFF)|STRAIGHT,,999.00,0.00,0.0,0.4,4152
21.75,-15.915,-2.846,104.7,-0.02,CLEAR(조향OFF)|STRAIGHT,,999.00,0.00,0.0,0.4,4152
21.80,-15.915,-2.846,104.7,-0.02,CLEAR(조향OFF)|STRAIGHT,,999.00,0.00,0.0,0.5,4152
21.85,-15.918,-2.847,104.7,-0.01,CLEAR(조향OFF)|STRAIGHT,,999.00,0.00,0.0,0.5,4152
21.90,-15.918,-2.847,104.7,-0.01,CLEAR(조향OFF)|STRAIGHT,,999.00,0.00,0.0,0.5,4137
21.95,-15.918,-2.849,104.7,-0.01,CLEAR(조향OFF)|STRAIGHT,,999.00,0.00,0.0,0.4,4152
22.00,-15.918,-2.849,104.7,-0.01,CLEAR(조향OFF)|STRAIGHT,,999.00,0.00,0.0,0.4,4152
22.05,-15.917,-2.849,104.7,0.00,CLEAR(조향OFF)|STRAIGHT,,999.00,0.00,0.0,0.4,4137
22.10,-15.917,-2.849,104.7,0.00,CLEAR(조향OFF)|STRAIGHT,,999.00,0.00,0.0,0.4,4152
22.15,-15.919,-2.850,104.7,-0.00,CLEAR(조향OFF)|STRAIGHT,,999.00,0.00,0.0,0.4,4167
22.20,-15.919,-2.850,104.7,-0.00,CLEAR(조향OFF)|STRAIGHT,,999.00,0.00,0.0,0.4,4137
22.25,-15.918,-2.850,104.7,-0.00,CLEAR(조향OFF)|STRAIGHT,,999.00,0.00,0.0,0.5,4152
22.30,-15.918,-2.850,104.7,-0.00,CLEAR(조향OFF)|STRAIGHT,,999.00,0.00,0.0,0.5,4137
22.35,-15.918,-2.848,104.7,0.01,CLEAR(조향OFF)|STRAIGHT,,999.00,0.00,0.0,0.4,4137
22.40,-15.918,-2.848,104.7,0.01,CLEAR(조향OFF)|STRAIGHT,,999.00,0.00,0.0,0.4,4137
22.45,-15.918,-2.849,104.7,-0.01,CLEAR(조향OFF)|STRAIGHT,,999.00,0.00,0.0,0.4,4152
22.50,-15.918,-2.849,104.7,-0.01,CLEAR(조향OFF)|STRAIGHT,,999.00,0.00,0.0,0.4,4137
22.55,-15.917,-2.846,104.7,0.03,CLEAR(조향OFF)|STRAIGHT,,999.00,0.00,0.0,0.5,4152
22.60,-15.917,-2.846,104.7,0.03,CLEAR(조향OFF)|STRAIGHT,,999.00,0.00,0.0,0.4,4137
22.65,-15.918,-2.846,104.7,0.00,CLEAR(조향OFF)|STRAIGHT,,999.00,0.00,0.0,0.4,4137
22.70,-15.918,-2.846,104.7,0.00,CLEAR(조향OFF)|STRAIGHT,,999.00,0.00,0.0,0.5,4152
22.75,-15.919,-2.848,104.7,-0.01,CLEAR(조향OFF)|STRAIGHT,,999.00,0.00,0.0,0.4,4152
22.80,-15.919,-2.848,104.7,-0.01,CLEAR(조향OFF)|STRAIGHT,,999.00,0.00,0.0,0.5,4137
22.85,-15.917,-2.847,104.7,0.01,CLEAR(조향OFF)|STRAIGHT,,999.00,0.00,0.0,0.5,4137
22.91,-15.917,-2.847,104.7,0.01,CLEAR(조향OFF)|STRAIGHT,,999.00,0.00,0.0,0.4,4137
22.95,-15.917,-2.844,104.7,0.02,CLEAR(조향OFF)|STRAIGHT,,999.00,0.00,0.0,0.4,4152
23.00,-15.917,-2.844,104.7,0.02,CLEAR(조향OFF)|STRAIGHT,,999.00,0.00,0.0,0.4,4167
23.05,-15.917,-2.846,104.7,-0.02,CLEAR(조향OFF)|STRAIGHT,,999.00,0.00,0.0,0.5,4137
23.10,-15.917,-2.846,104.7,-0.02,CLEAR(조향OFF)|STRAIGHT,,999.00,0.00,0.0,0.4,4152
23.15,-15.918,-2.846,104.7,0.01,CLEAR(조향OFF)|STRAIGHT,,999.00,0.00,0.0,0.5,4137
23.20,-15.918,-2.846,104.7,0.01,CLEAR(조향OFF)|STRAIGHT,,999.00,0.00,0.0,0.4,4137
23.25,-15.918,-2.848,104.7,-0.02,CLEAR(조향OFF)|STRAIGHT,,999.00,0.00,0.0,0.4,4152
23.30,-15.918,-2.848,104.7,-0.02,CLEAR(조향OFF)|STRAIGHT,,999.00,0.00,0.0,0.4,4137
23.35,-15.918,-2.846,104.7,0.02,CLEAR(조향OFF)|STRAIGHT,,999.00,0.00,0.0,0.4,4152
23.40,-15.918,-2.846,104.7,0.02,CLEAR(조향OFF)|STRAIGHT,,999.00,0.00,0.0,0.4,4152
23.45,-15.918,-2.845,104.7,0.01,CLEAR(조향OFF)|STRAIGHT,,999.00,0.00,0.0,0.5,4152
23.51,-15.918,-2.845,104.7,0.01,CLEAR(조향OFF)|STRAIGHT,,999.00,0.00,0.0,0.5,4137
23.55,-15.917,-2.847,104.7,-0.02,CLEAR(조향OFF)|STRAIGHT,,999.00,0.00,0.0,0.4,4152
23.60,-15.917,-2.847,104.7,-0.02,CLEAR(조향OFF)|STRAIGHT,,999.00,0.00,0.0,0.4,4137
23.65,-15.915,-2.846,104.7,0.00,CLEAR(조향OFF)|STRAIGHT,,999.00,0.00,0.0,0.4,4137
23.70,-15.915,-2.846,104.7,0.00,CLEAR(조향OFF)|STRAIGHT,,999.00,0.00,0.0,0.4,4137
23.75,-15.918,-2.846,104.7,0.01,CLEAR(조향OFF)|STRAIGHT,,999.00,0.00,0.0,0.4,4152
23.81,-15.918,-2.846,104.7,0.01,CLEAR(조향OFF)|STRAIGHT,,999.00,0.00,0.0,0.5,4152
23.85,-15.915,-2.848,104.7,-0.03,CLEAR(조향OFF)|STRAIGHT,,999.00,0.00,0.0,0.4,4152
23.90,-15.915,-2.848,104.7,-0.03,CLEAR(조향OFF)|STRAIGHT,,999.00,0.00,0.0,0.4,4137
23.95,-15.917,-2.846,104.7,0.02,CLEAR(조향OFF)|STRAIGHT,,999.00,0.00,0.0,0.4,4137
24.00,-15.917,-2.846,104.7,0.02,CLEAR(조향OFF)|STRAIGHT,,999.00,0.00,0.0,0.4,4152
24.05,-15.916,-2.846,104.7,0.00,CLEAR(조향OFF)|STRAIGHT,,999.00,0.00,0.0,0.5,4152
24.10,-15.916,-2.846,104.7,0.00,CLEAR(조향OFF)|STRAIGHT,,999.00,0.00,0.0,0.4,4137
24.15,-15.916,-2.848,104.7,-0.02,CLEAR(조향OFF)|STRAIGHT,,999.00,0.00,0.0,0.3,4152
24.20,-15.916,-2.848,104.7,-0.02,CLEAR(조향OFF)|STRAIGHT,,999.00,0.00,0.0,0.5,4152
24.25,-15.916,-2.846,104.7,0.02,CLEAR(조향OFF)|STRAIGHT,,999.00,0.00,0.0,0.4,4152
24.30,-15.916,-2.846,104.7,0.02,CLEAR(조향OFF)|STRAIGHT,,999.00,0.00,0.0,0.5,4152
24.35,-15.915,-2.847,104.7,-0.01,CLEAR(조향OFF)|STRAIGHT,,999.00,0.00,0.0,0.5,4152
24.40,-15.915,-2.847,104.7,-0.01,CLEAR(조향OFF)|STRAIGHT,,999.00,0.00,0.0,0.4,4137
24.45,-15.917,-2.848,104.7,-0.00,CLEAR(조향OFF)|STRAIGHT,,999.00,0.00,0.0,0.5,4137
24.50,-15.917,-2.848,104.7,-0.00,CLEAR(조향OFF)|STRAIGHT,,999.00,0.00,0.0,0.5,4137
24.55,-15.917,-2.845,104.7,0.03,CLEAR(조향OFF)|STRAIGHT,,999.00,0.00,0.0,0.4,4137
24.60,-15.917,-2.845,104.7,0.03,CLEAR(조향OFF)|STRAIGHT,,999.00,0.00,0.0,0.5,4137
24.65,-15.917,-2.845,104.7,-0.00,CLEAR(조향OFF)|STRAIGHT,,999.00,0.00,0.0,0.4,4152
24.70,-15.917,-2.845,104.7,-0.00,CLEAR(조향OFF)|STRAIGHT,,999.00,0.00,0.0,0.5,4152
24.75,-15.917,-2.845,104.7,0.01,CLEAR(조향OFF)|STRAIGHT,,999.00,0.00,0.0,0.4,4137
24.80,-15.917,-2.845,104.7,0.01,CLEAR(조향OFF)|STRAIGHT,,999.00,0.00,0.0,0.5,4137
24.85,-15.918,-2.845,104.7,-0.01,CLEAR(조향OFF)|STRAIGHT,,999.00,0.00,0.0,0.4,4152
24.90,-15.918,-2.845,104.7,-0.01,CLEAR(조향OFF)|STRAIGHT,,999.00,0.00,0.0,0.4,4152
24.95,-15.917,-2.846,104.7,-0.01,CLEAR(조향OFF)|STRAIGHT,,999.00,0.00,0.0,0.4,4183
25.00,-15.917,-2.846,104.7,-0.01,CLEAR(조향OFF)|STRAIGHT,,999.00,0.00,0.0,0.4,4137
25.05,-15.917,-2.846,104.7,0.01,CLEAR(조향OFF)|STRAIGHT,,999.00,0.00,0.0,0.4,4137
25.11,-15.917,-2.846,104.7,0.01,CLEAR(조향OFF)|STRAIGHT,,999.00,0.00,0.0,0.4,4152
25.15,-15.914,-2.845,104.7,-0.00,CLEAR(조향OFF)|STRAIGHT,,999.00,0.00,0.0,0.5,4137
25.20,-15.914,-2.845,104.7,-0.00,CLEAR(조향OFF)|STRAIGHT,,999.00,0.00,0.0,0.5,4137
25.25,-15.917,-2.845,104.7,0.01,CLEAR(조향OFF)|STRAIGHT,,999.00,0.00,0.0,0.4,4167
25.30,-15.917,-2.845,104.7,0.01,CLEAR(조향OFF)|STRAIGHT,,999.00,0.00,0.0,0.4,4152
25.35,-15.917,-2.845,104.7,-0.00,CLEAR(조향OFF)|STRAIGHT,,999.00,0.00,0.0,0.5,4137
25.40,-15.917,-2.845,104.7,-0.00,CLEAR(조향OFF)|STRAIGHT,,999.00,0.00,0.0,0.5,4137
25.45,-15.915,-2.844,104.7,0.01,CLEAR(조향OFF)|STRAIGHT,,999.00,0.00,0.0,0.4,4152
25.50,-15.915,-2.844,104.7,0.01,CLEAR(조향OFF)|STRAIGHT,,999.00,0.00,0.0,0.5,4137
25.55,-15.917,-2.845,104.7,-0.00,CLEAR(조향OFF)|STRAIGHT,,999.00,0.00,0.0,0.4,4152
25.60,-15.917,-2.845,104.7,-0.00,CLEAR(조향OFF)|STRAIGHT,,999.00,0.00,0.0,0.4,4167
25.65,-15.918,-2.845,104.7,0.01,CLEAR(조향OFF)|STRAIGHT,,999.00,0.00,0.0,0.4,4137
25.70,-15.918,-2.845,104.7,0.01,CLEAR(조향OFF)|STRAIGHT,,999.00,0.00,0.0,0.5,4137
25.75,-15.917,-2.847,104.7,-0.03,CLEAR(조향OFF)|STRAIGHT,,999.00,0.00,0.0,0.4,4137
25.80,-15.917,-2.847,104.7,-0.03,CLEAR(조향OFF)|STRAIGHT,,999.00,0.00,0.0,0.5,4152
25.85,-15.917,-2.847,104.7,-0.00,CLEAR(조향OFF)|STRAIGHT,,999.00,0.00,0.0,0.4,4152
25.90,-15.917,-2.847,104.7,-0.00,CLEAR(조향OFF)|STRAIGHT,,999.00,0.00,0.0,0.4,4152
25.95,-15.918,-2.847,104.7,0.01,CLEAR(조향OFF)|STRAIGHT,,999.00,0.00,0.0,0.4,4137
26.00,-15.918,-2.847,104.7,0.01,CLEAR(조향OFF)|STRAIGHT,,999.00,0.00,0.0,0.4,4152
26.05,-15.917,-2.849,104.7,-0.02,CLEAR(조향OFF)|STRAIGHT,,999.00,0.00,0.0,0.4,4152
26.10,-15.917,-2.849,104.7,-0.02,CLEAR(조향OFF)|STRAIGHT,,999.00,0.00,0.0,0.5,4137
26.15,-15.916,-2.848,104.7,0.01,CLEAR(조향OFF)|STRAIGHT,,999.00,0.00,0.0,0.5,4152
26.20,-15.916,-2.848,104.7,0.01,CLEAR(조향OFF)|STRAIGHT,,999.00,0.00,0.0,0.4,4152
26.25,-15.916,-2.849,104.7,-0.01,CLEAR(조향OFF)|STRAIGHT,,999.00,0.00,0.0,0.4,4152
26.30,-15.916,-2.849,104.7,-0.01,CLEAR(조향OFF)|STRAIGHT,,999.00,0.00,0.0,0.5,4152
26.35,-15.917,-2.848,104.7,0.01,CLEAR(조향OFF)|STRAIGHT,,999.00,0.00,0.0,0.5,4137
26.40,-15.917,-2.848,104.7,0.01,CLEAR(조향OFF)|STRAIGHT,,999.00,0.00,0.0,0.4,4152
26.45,-15.917,-2.846,104.7,0.03,CLEAR(조향OFF)|STRAIGHT,,999.00,0.00,0.0,0.5,4137
26.50,-15.917,-2.846,104.7,0.03,CLEAR(조향OFF)|STRAIGHT,,999.00,0.00,0.0,0.4,4152
26.55,-15.917,-2.847,104.7,-0.01,CLEAR(조향OFF)|STRAIGHT,,999.00,0.00,0.0,0.5,4137
26.60,-15.917,-2.847,104.7,-0.01,CLEAR(조향OFF)|STRAIGHT,,999.00,0.00,0.0,0.4,4152
26.65,-15.916,-2.848,104.7,-0.01,CLEAR(조향OFF)|STRAIGHT,,999.00,0.00,0.0,0.4,4152
26.70,-15.918,-2.848,104.7,0.01,CLEAR(조향OFF)|STRAIGHT,,999.00,0.00,0.0,0.4,4152
26.75,-15.918,-2.848,104.7,0.01,CLEAR(조향OFF)|STRAIGHT,,999.00,0.00,0.0,0.5,4137
26.80,-15.918,-2.848,104.7,0.01,CLEAR(조향OFF)|STRAIGHT,,999.00,0.00,0.0,0.4,4152
26.85,-15.915,-2.844,104.7,0.03,CLEAR(조향OFF)|STRAIGHT,,999.00,0.00,0.0,0.5,4152
26.90,-15.915,-2.844,104.7,0.03,CLEAR(조향OFF)|STRAIGHT,,999.00,0.00,0.0,0.4,4137
26.95,-15.917,-2.845,104.7,-0.01,CLEAR(조향OFF)|STRAIGHT,,999.00,0.00,0.0,0.4,4137
27.00,-15.917,-2.845,104.7,-0.01,CLEAR(조향OFF)|STRAIGHT,,999.00,0.00,0.0,0.4,4152
27.05,-15.915,-2.846,104.7,-0.02,CLEAR(조향OFF)|STRAIGHT,,999.00,0.00,0.0,0.4,4152
27.10,-15.915,-2.846,104.7,-0.02,CLEAR(조향OFF)|STRAIGHT,,999.00,0.00,0.0,0.4,4137
27.15,-15.916,-2.847,104.7,-0.00,CLEAR(조향OFF)|STRAIGHT,,999.00,0.00,0.0,0.5,4152
27.20,-15.916,-2.847,104.7,-0.00,CLEAR(조향OFF)|STRAIGHT,,999.00,0.00,0.0,0.5,4137
27.25,-15.917,-2.848,104.7,-0.00,CLEAR(조향OFF)|STRAIGHT,,999.00,0.00,0.0,0.4,4152
27.30,-15.917,-2.848,104.7,-0.00,CLEAR(조향OFF)|STRAIGHT,,999.00,0.00,0.0,0.4,4152
27.35,-15.917,-2.848,104.7,-0.01,CLEAR(조향OFF)|STRAIGHT,,999.00,0.00,0.0,0.5,4137
27.40,-15.917,-2.848,104.7,-0.01,CLEAR(조향OFF)|STRAIGHT,,999.00,0.00,0.0,0.4,4137
27.45,-15.916,-2.849,104.7,-0.01,CLEAR(조향OFF)|STRAIGHT,,999.00,0.00,0.0,0.4,4152
27.50,-15.916,-2.849,104.7,-0.01,CLEAR(조향OFF)|STRAIGHT,,999.00,0.00,0.0,0.4,4167
27.55,-15.917,-2.849,104.7,-0.00,CLEAR(조향OFF)|STRAIGHT,,999.00,0.00,0.0,0.5,4137
27.60,-15.917,-2.849,104.7,-0.00,CLEAR(조향OFF)|STRAIGHT,,999.00,0.00,0.0,0.4,4152
27.65,-15.917,-2.851,104.7,-0.01,CLEAR(조향OFF)|STRAIGHT,,999.00,0.00,0.0,0.5,4137
27.70,-15.917,-2.851,104.7,-0.01,CLEAR(조향OFF)|STRAIGHT,,999.00,0.00,0.0,0.4,4167
27.75,-15.917,-2.851,104.7,-0.00,CLEAR(조향OFF)|STRAIGHT,,999.00,0.00,0.0,0.4,4152
27.80,-15.917,-2.851,104.7,-0.00,CLEAR(조향OFF)|STRAIGHT,,999.00,0.00,0.0,0.4,4152
27.85,-15.919,-2.850,104.7,0.01,CLEAR(조향OFF)|STRAIGHT,,999.00,0.00,0.0,0.5,4152
27.90,-15.919,-2.850,104.7,0.01,CLEAR(조향OFF)|STRAIGHT,,999.00,0.00,0.0,0.5,4152
27.95,-15.917,-2.849,104.7,0.01,CLEAR(조향OFF)|STRAIGHT,,999.00,0.00,0.0,0.4,4152
28.00,-15.917,-2.849,104.7,0.01,CLEAR(조향OFF)|STRAIGHT,,999.00,0.00,0.0,0.4,4167
28.05,-15.916,-2.848,104.7,0.00,CLEAR(조향OFF)|STRAIGHT,,999.00,0.00,0.0,0.5,4137
28.10,-15.916,-2.848,104.7,0.00,CLEAR(조향OFF)|STRAIGHT,,999.00,0.00,0.0,0.4,4152
28.15,-15.917,-2.848,104.7,0.01,CLEAR(조향OFF)|STRAIGHT,,999.00,0.00,0.0,0.4,4152
28.20,-15.917,-2.848,104.7,0.01,CLEAR(조향OFF)|STRAIGHT,,999.00,0.00,0.0,0.4,4137
28.25,-15.917,-2.848,104.7,-0.00,CLEAR(조향OFF)|STRAIGHT,,999.00,0.00,0.0,0.4,4152
28.30,-15.917,-2.848,104.7,-0.00,CLEAR(조향OFF)|STRAIGHT,,999.00,0.00,0.0,0.6,4167
28.35,-15.917,-2.846,104.7,0.02,CLEAR(조향OFF)|STRAIGHT,,999.00,0.00,0.0,0.4,4137
28.40,-15.917,-2.846,104.7,0.02,CLEAR(조향OFF)|STRAIGHT,,999.00,0.00,0.0,0.5,4137
28.45,-15.918,-2.848,104.7,-0.01,CLEAR(조향OFF)|STRAIGHT,,999.00,0.00,0.0,0.4,4152
28.50,-15.918,-2.848,104.7,-0.01,CLEAR(조향OFF)|STRAIGHT,,999.00,0.00,0.0,0.4,4152
28.55,-15.916,-2.847,104.7,0.00,CLEAR(조향OFF)|STRAIGHT,,999.00,0.00,0.0,0.4,4152
28.60,-15.916,-2.847,104.7,0.00,CLEAR(조향OFF)|STRAIGHT,,999.00,0.00,0.0,0.4,4152
28.65,-15.916,-2.847,104.7,0.00,CLEAR(조향OFF)|STRAIGHT,,999.00,0.00,0.0,0.4,4137
28.70,-15.916,-2.847,104.7,0.00,CLEAR(조향OFF)|STRAIGHT,,999.00,0.00,0.0,0.4,4152
28.75,-15.916,-2.847,104.7,0.00,CLEAR(조향OFF)|STRAIGHT,,999.00,0.00,0.0,0.5,4137
28.80,-15.916,-2.847,104.7,0.00,CLEAR(조향OFF)|STRAIGHT,,999.00,0.00,0.0,0.4,4152
28.85,-15.915,-2.846,104.7,0.01,CLEAR(조향OFF)|STRAIGHT,,999.00,0.00,0.0,0.4,4152
28.90,-15.915,-2.846,104.7,0.01,CLEAR(조향OFF)|STRAIGHT,,999.00,0.00,0.0,0.4,4152
28.95,-15.915,-2.845,104.7,0.00,CLEAR(조향OFF)|STRAIGHT,,999.00,0.00,0.0,0.3,4152
29.00,-15.915,-2.845,104.7,0.00,CLEAR(조향OFF)|STRAIGHT,,999.00,0.00,0.0,0.4,4152
29.05,-15.914,-2.846,104.7,-0.00,CLEAR(조향OFF)|STRAIGHT,,999.00,0.00,0.0,0.5,4137
29.10,-15.914,-2.846,104.7,-0.00,CLEAR(조향OFF)|STRAIGHT,,999.00,0.00,0.0,0.4,4167
29.15,-15.915,-2.846,104.7,-0.00,CLEAR(조향OFF)|STRAIGHT,,999.00,0.00,0.0,0.4,4137
29.21,-15.915,-2.846,104.7,-0.00,CLEAR(조향OFF)|STRAIGHT,,999.00,0.00,0.0,0.5,4137
29.25,-15.916,-2.846,104.7,0.01,CLEAR(조향OFF)|STRAIGHT,,999.00,0.00,0.0,0.5,4152
29.30,-15.916,-2.846,104.7,0.01,CLEAR(조향OFF)|STRAIGHT,,999.00,0.00,0.0,0.4,4137
29.35,-15.915,-2.844,104.7,0.01,CLEAR(조향OFF)|STRAIGHT,,999.00,0.00,0.0,0.5,4152
29.40,-15.915,-2.844,104.7,0.01,CLEAR(조향OFF)|STRAIGHT,,999.00,0.00,0.0,0.4,4167
29.45,-15.915,-2.844,104.7,0.01,CLEAR(조향OFF)|STRAIGHT,,999.00,0.00,0.0,0.4,4152
29.50,-15.915,-2.844,104.7,0.01,CLEAR(조향OFF)|STRAIGHT,,999.00,0.00,0.0,0.5,4137
29.55,-15.916,-2.844,104.7,0.00,CLEAR(조향OFF)|STRAIGHT,,999.00,0.00,0.0,0.4,4167
29.60,-15.916,-2.844,104.7,0.00,CLEAR(조향OFF)|STRAIGHT,,999.00,0.00,0.0,0.4,4137
29.65,-15.916,-2.847,104.7,-0.02,CLEAR(조향OFF)|STRAIGHT,,999.00,0.00,0.0,0.4,4137
29.70,-15.916,-2.847,104.7,-0.02,CLEAR(조향OFF)|STRAIGHT,,999.00,0.00,0.0,0.4,4167
29.75,-15.915,-2.846,104.7,-0.00,CLEAR(조향OFF)|STRAIGHT,,999.00,0.00,0.0,0.4,4152
29.80,-15.915,-2.846,104.7,-0.00,CLEAR(조향OFF)|STRAIGHT,,999.00,0.00,0.0,0.4,4152
29.85,-15.916,-2.846,104.7,0.01,CLEAR(조향OFF)|STRAIGHT,,999.00,0.00,0.0,0.4,4152
29.91,-15.916,-2.846,104.7,0.01,CLEAR(조향OFF)|STRAIGHT,,999.00,0.00,0.0,0.4,4152
29.95,-15.916,-2.845,104.7,0.01,CLEAR(조향OFF)|STRAIGHT,,999.00,0.00,0.0,0.4,4152
30.00,-15.916,-2.845,104.7,0.01,CLEAR(조향OFF)|STRAIGHT,,999.00,0.00,0.0,0.4,4152
30.05,-15.915,-2.847,104.7,-0.02,CLEAR(조향OFF)|STRAIGHT,,999.00,0.00,0.0,0.4,4137
30.10,-15.915,-2.847,104.7,-0.02,CLEAR(조향OFF)|STRAIGHT,,999.00,0.00,0.0,0.4,4137
30.15,-15.917,-2.847,104.7,0.00,CLEAR(조향OFF)|STRAIGHT,,999.00,0.00,0.0,0.4,4167
30.20,-15.917,-2.847,104.7,0.00,CLEAR(조향OFF)|STRAIGHT,,999.00,0.00,0.0,0.5,4152
30.25,-15.917,-2.847,104.7,0.00,CLEAR(조향OFF)|STRAIGHT,,999.00,0.00,0.0,0.3,4167
30.30,-15.917,-2.847,104.7,0.00,CLEAR(조향OFF)|STRAIGHT,,999.00,0.00,0.0,0.4,4152
30.35,-15.915,-2.847,104.7,0.00,CLEAR(조향OFF)|STRAIGHT,,999.00,0.00,0.0,0.4,4152
30.40,-15.915,-2.847,104.7,0.00,CLEAR(조향OFF)|STRAIGHT,,999.00,0.00,0.0,0.5,4137
30.45,-15.917,-2.846,104.7,0.02,CLEAR(조향OFF)|STRAIGHT,,999.00,0.00,0.0,0.4,4137
30.50,-15.917,-2.846,104.7,0.02,CLEAR(조향OFF)|STRAIGHT,,999.00,0.00,0.0,0.5,4137
30.55,-15.916,-2.845,104.7,0.00,CLEAR(조향OFF)|STRAIGHT,,999.00,0.00,0.0,0.4,4137
30.60,-15.916,-2.845,104.7,0.00,CLEAR(조향OFF)|STRAIGHT,,999.00,0.00,0.0,0.5,4137
30.65,-15.915,-2.847,104.7,-0.03,CLEAR(조향OFF)|STRAIGHT,,999.00,0.00,0.0,0.5,4137
30.70,-15.915,-2.847,104.7,-0.03,CLEAR(조향OFF)|STRAIGHT,,999.00,0.00,0.0,0.5,4137
30.75,-15.917,-2.846,104.7,0.01,CLEAR(조향OFF)|STRAIGHT,,999.00,0.00,0.0,0.4,4137
30.80,-15.917,-2.846,104.7,0.01,CLEAR(조향OFF)|STRAIGHT,,999.00,0.00,0.0,0.5,4167
30.85,-15.915,-2.846,104.7,-0.00,CLEAR(조향OFF)|STRAIGHT,,999.00,0.00,0.0,0.4,4137
30.90,-15.915,-2.846,104.7,-0.00,CLEAR(조향OFF)|STRAIGHT,,999.00,0.00,0.0,0.3,4137
30.95,-15.916,-2.847,104.7,-0.01,CLEAR(조향OFF)|STRAIGHT,,999.00,0.00,0.0,0.4,4152
31.00,-15.916,-2.847,104.7,-0.01,CLEAR(조향OFF)|STRAIGHT,,999.00,0.00,0.0,0.4,4152
31.05,-15.915,-2.844,104.7,0.02,CLEAR(조향OFF)|STRAIGHT,,999.00,0.00,0.0,0.4,4152
31.10,-15.915,-2.844,104.7,0.02,CLEAR(조향OFF)|STRAIGHT,,999.00,0.00,0.0,0.4,4152
31.15,-15.917,-2.846,104.7,-0.01,CLEAR(조향OFF)|STRAIGHT,,999.00,0.00,0.0,0.4,4152
31.20,-15.917,-2.846,104.7,-0.01,CLEAR(조향OFF)|STRAIGHT,,999.00,0.00,0.0,0.5,4137
31.25,-15.916,-2.846,104.7,-0.01,CLEAR(조향OFF)|STRAIGHT,,999.00,0.00,0.0,0.4,4152
31.30,-15.916,-2.846,104.7,-0.01,CLEAR(조향OFF)|STRAIGHT,,999.00,0.00,0.0,0.4,4137
31.35,-15.915,-2.846,104.7,-0.00,CLEAR(조향OFF)|STRAIGHT,,999.00,0.00,0.0,0.4,4152
31.40,-15.915,-2.846,104.7,-0.00,CLEAR(조향OFF)|STRAIGHT,,999.00,0.00,0.0,0.4,4152
31.45,-15.916,-2.845,104.7,0.01,CLEAR(조향OFF)|STRAIGHT,,999.00,0.00,0.0,0.5,4152
31.50,-15.916,-2.845,104.7,0.01,CLEAR(조향OFF)|STRAIGHT,,999.00,0.00,0.0,0.4,4137
31.55,-15.917,-2.846,104.7,-0.01,CLEAR(조향OFF)|STRAIGHT,,999.00,0.00,0.0,0.5,4152
31.60,-15.917,-2.846,104.7,-0.01,CLEAR(조향OFF)|STRAIGHT,,999.00,0.00,0.0,0.5,4152
31.65,-15.917,-2.844,104.7,0.02,CLEAR(조향OFF)|STRAIGHT,,999.00,0.00,0.0,0.4,4137
31.70,-15.917,-2.844,104.7,0.02,CLEAR(조향OFF)|STRAIGHT,,999.00,0.00,0.0,0.5,4152
31.75,-15.914,-2.845,104.7,-0.01,CLEAR(조향OFF)|STRAIGHT,,999.00,0.00,0.0,0.4,4152
31.80,-15.914,-2.845,104.7,-0.01,CLEAR(조향OFF)|STRAIGHT,,999.00,0.00,0.0,0.4,4152
31.85,-15.918,-2.845,104.7,0.01,CLEAR(조향OFF)|STRAIGHT,,999.00,0.00,0.0,0.4,4152
31.90,-15.918,-2.845,104.7,0.01,CLEAR(조향OFF)|STRAIGHT,,999.00,0.00,0.0,0.5,4152
31.95,-15.916,-2.845,104.7,-0.01,CLEAR(조향OFF)|STRAIGHT,,999.00,0.00,0.0,0.4,4152
32.00,-15.916,-2.845,104.7,-0.01,CLEAR(조향OFF)|STRAIGHT,,999.00,0.00,0.0,0.4,4152
32.05,-15.915,-2.846,104.7,-0.00,CLEAR(조향OFF)|STRAIGHT,,999.00,0.00,0.0,0.5,4152
32.10,-15.915,-2.846,104.7,-0.00,CLEAR(조향OFF)|STRAIGHT,,999.00,0.00,0.0,0.4,4137
32.15,-15.916,-2.845,104.7,0.01,CLEAR(조향OFF)|STRAIGHT,,999.00,0.00,0.0,0.4,4152
32.20,-15.916,-2.845,104.7,0.01,CLEAR(조향OFF)|STRAIGHT,,999.00,0.00,0.0,0.5,4137
32.25,-15.916,-2.844,104.7,0.01,CLEAR(조향OFF)|STRAIGHT,,999.00,0.00,0.0,0.5,4137
32.30,-15.916,-2.844,104.7,0.01,CLEAR(조향OFF)|STRAIGHT,,999.00,0.00,0.0,0.4,4152
32.35,-15.917,-2.845,104.7,-0.01,CLEAR(조향OFF)|STRAIGHT,,999.00,0.00,0.0,0.4,4152
32.40,-15.917,-2.845,104.7,-0.01,CLEAR(조향OFF)|STRAIGHT,,999.00,0.00,0.0,0.5,4152
32.45,-15.916,-2.846,104.7,-0.02,CLEAR(조향OFF)|STRAIGHT,,999.00,0.00,0.0,0.4,4152
32.50,-15.916,-2.846,104.7,-0.02,CLEAR(조향OFF)|STRAIGHT,,999.00,0.00,0.0,0.4,4137
32.55,-15.919,-2.847,104.7,0.00,CLEAR(조향OFF)|STRAIGHT,,999.00,0.00,0.0,0.4,4152
32.60,-15.919,-2.847,104.7,0.00,CLEAR(조향OFF)|STRAIGHT,,999.00,0.00,0.0,0.4,4137
32.65,-15.918,-2.846,104.7,0.01,CLEAR(조향OFF)|STRAIGHT,,999.00,0.00,0.0,0.4,4152
32.70,-15.918,-2.846,104.7,0.01,CLEAR(조향OFF)|STRAIGHT,,999.00,0.00,0.0,0.4,4152
32.75,-15.918,-2.846,104.7,0.00,CLEAR(조향OFF)|STRAIGHT,,999.00,0.00,0.0,0.4,4137
32.80,-15.918,-2.846,104.7,0.00,CLEAR(조향OFF)|STRAIGHT,,999.00,0.00,0.0,0.4,4137
32.85,-15.918,-2.845,104.7,0.00,CLEAR(조향OFF)|STRAIGHT,,999.00,0.00,0.0,0.4,4137
32.90,-15.918,-2.845,104.7,0.00,CLEAR(조향OFF)|STRAIGHT,,999.00,0.00,0.0,0.4,4137
32.95,-15.918,-2.845,104.7,0.00,CLEAR(조향OFF)|STRAIGHT,,999.00,0.00,0.0,0.4,4137
33.00,-15.918,-2.845,104.7,0.00,CLEAR(조향OFF)|STRAIGHT,,999.00,0.00,0.0,0.4,4152
33.05,-15.918,-2.847,104.7,-0.02,CLEAR(조향OFF)|STRAIGHT,,999.00,0.00,0.0,0.4,4152
33.10,-15.918,-2.847,104.7,-0.02,CLEAR(조향OFF)|STRAIGHT,,999.00,0.00,0.0,0.5,4137
33.15,-15.918,-2.846,104.7,0.01,CLEAR(조향OFF)|STRAIGHT,,999.00,0.00,0.0,0.4,4137
33.21,-15.918,-2.846,104.7,0.01,CLEAR(조향OFF)|STRAIGHT,,999.00,0.00,0.0,0.5,4137
33.25,-15.918,-2.846,104.7,0.00,CLEAR(조향OFF)|STRAIGHT,,999.00,0.00,0.0,0.4,4137
33.30,-15.918,-2.846,104.7,0.00,CLEAR(조향OFF)|STRAIGHT,,999.00,0.00,0.0,0.4,4152
33.35,-15.917,-2.846,104.7,-0.00,CLEAR(조향OFF)|STRAIGHT,,999.00,0.00,0.0,0.4,4152
33.40,-15.917,-2.846,104.7,-0.00,CLEAR(조향OFF)|STRAIGHT,,999.00,0.00,0.0,0.5,4152
33.45,-15.918,-2.845,104.7,0.01,CLEAR(조향OFF)|STRAIGHT,,999.00,0.00,0.0,0.4,4152
33.50,-15.918,-2.845,104.7,0.01,CLEAR(조향OFF)|STRAIGHT,,999.00,0.00,0.0,0.4,4137
33.55,-15.918,-2.845,104.7,-0.00,CLEAR(조향OFF)|STRAIGHT,,999.00,0.00,0.0,0.5,4137
33.60,-15.918,-2.845,104.7,-0.00,CLEAR(조향OFF)|STRAIGHT,,999.00,0.00,0.0,0.5,4152
33.65,-15.918,-2.847,104.7,-0.01,CLEAR(조향OFF)|STRAIGHT,,999.00,0.00,0.0,0.4,4152
33.70,-15.918,-2.847,104.7,-0.01,CLEAR(조향OFF)|STRAIGHT,,999.00,0.00,0.0,0.5,4152
33.75,-15.917,-2.847,104.7,-0.01,CLEAR(조향OFF)|STRAIGHT,,999.00,0.00,0.0,0.4,4152
33.80,-15.917,-2.847,104.7,-0.01,CLEAR(조향OFF)|STRAIGHT,,999.00,0.00,0.0,0.4,4152
33.86,-15.917,-2.847,104.7,0.01,CLEAR(조향OFF)|STRAIGHT,,999.00,0.00,0.0,0.5,4152
33.90,-15.917,-2.847,104.7,0.01,CLEAR(조향OFF)|STRAIGHT,,999.00,0.00,0.0,0.4,4152
33.95,-15.918,-2.846,104.7,0.00,CLEAR(조향OFF)|STRAIGHT,,999.00,0.00,0.0,0.4,4152
34.00,-15.918,-2.846,104.7,0.00,CLEAR(조향OFF)|STRAIGHT,,999.00,0.00,0.0,0.4,4152
34.05,-15.918,-2.847,104.7,-0.00,CLEAR(조향OFF)|STRAIGHT,,999.00,0.00,0.0,0.4,4152
34.10,-15.918,-2.847,104.7,-0.00,CLEAR(조향OFF)|STRAIGHT,,999.00,0.00,0.0,0.4,4152
34.15,-15.917,-2.846,104.7,0.00,CLEAR(조향OFF)|STRAIGHT,,999.00,0.00,0.0,0.4,4137
34.20,-15.917,-2.846,104.7,0.00,CLEAR(조향OFF)|STRAIGHT,,999.00,0.00,0.0,0.4,4137
34.25,-15.918,-2.847,104.7,-0.01,CLEAR(조향OFF)|STRAIGHT,,999.00,0.00,0.0,0.5,4152
34.30,-15.918,-2.847,104.7,-0.01,CLEAR(조향OFF)|STRAIGHT,,999.00,0.00,0.0,0.4,4152
34.35,-15.919,-2.845,104.7,0.02,CLEAR(조향OFF)|STRAIGHT,,999.00,0.00,0.0,0.4,4137
34.40,-15.919,-2.845,104.7,0.02,CLEAR(조향OFF)|STRAIGHT,,999.00,0.00,0.0,0.4,4152
34.45,-15.918,-2.847,104.7,-0.03,CLEAR(조향OFF)|STRAIGHT,,999.00,0.00,0.0,0.4,4152
34.50,-15.918,-2.847,104.7,-0.03,CLEAR(조향OFF)|STRAIGHT,,999.00,0.00,0.0,0.4,4137
34.55,-15.918,-2.848,104.7,-0.01,CLEAR(조향OFF)|STRAIGHT,,999.00,0.00,0.0,0.5,4167
34.60,-15.918,-2.848,104.7,-0.01,CLEAR(조향OFF)|STRAIGHT,,999.00,0.00,0.0,0.5,4152
34.65,-15.918,-2.846,104.7,0.02,CLEAR(조향OFF)|STRAIGHT,,999.00,0.00,0.0,0.4,4137
34.70,-15.918,-2.846,104.7,0.02,CLEAR(조향OFF)|STRAIGHT,,999.00,0.00,0.0,0.4,4152
34.75,-15.918,-2.846,104.7,-0.00,CLEAR(조향OFF)|STRAIGHT,,999.00,0.00,0.0,0.5,4137
34.80,-15.918,-2.846,104.7,-0.00,CLEAR(조향OFF)|STRAIGHT,,999.00,0.00,0.0,0.4,4152
34.85,-15.917,-2.847,104.7,-0.00,CLEAR(조향OFF)|STRAIGHT,,999.00,0.00,0.0,0.5,4137
34.90,-15.917,-2.847,104.7,-0.00,CLEAR(조향OFF)|STRAIGHT,,999.00,0.00,0.0,0.5,4152
34.95,-15.917,-2.846,104.7,0.00,CLEAR(조향OFF)|STRAIGHT,,999.00,0.00,0.0,0.4,4137
35.00,-15.917,-2.846,104.7,0.00,CLEAR(조향OFF)|STRAIGHT,,999.00,0.00,0.0,0.5,4137
35.05,-15.918,-2.847,104.7,-0.01,CLEAR(조향OFF)|STRAIGHT,,999.00,0.00,0.0,0.4,4152
35.10,-15.918,-2.847,104.7,-0.01,CLEAR(조향OFF)|STRAIGHT,,999.00,0.00,0.0,0.5,4167
35.15,-15.919,-2.848,104.7,-0.00,CLEAR(조향OFF)|STRAIGHT,,999.00,0.00,0.0,0.4,4152
35.20,-15.919,-2.848,104.7,-0.00,CLEAR(조향OFF)|STRAIGHT,,999.00,0.00,0.0,0.4,4152
35.25,-15.918,-2.848,104.7,-0.00,CLEAR(조향OFF)|STRAIGHT,,999.00,0.00,0.0,0.5,4137
35.30,-15.918,-2.848,104.7,-0.00,CLEAR(조향OFF)|STRAIGHT,,999.00,0.00,0.0,0.4,4137
35.35,-15.917,-2.847,104.7,0.00,CLEAR(조향OFF)|STRAIGHT,,999.00,0.00,0.0,0.5,4137
35.40,-15.917,-2.847,104.7,0.00,CLEAR(조향OFF)|STRAIGHT,,999.00,0.00,0.0,0.5,4137
35.45,-15.917,-2.847,104.7,0.00,CLEAR(조향OFF)|STRAIGHT,,999.00,0.00,0.0,0.4,4137
35.50,-15.917,-2.847,104.7,0.00,CLEAR(조향OFF)|STRAIGHT,,999.00,0.00,0.0,0.4,4137
35.55,-15.918,-2.848,104.7,-0.00,CLEAR(조향OFF)|STRAIGHT,,999.00,0.00,0.0,0.4,4137
35.60,-15.918,-2.848,104.7,-0.00,CLEAR(조향OFF)|STRAIGHT,,999.00,0.00,0.0,0.4,4137
35.65,-15.917,-2.846,104.7,0.01,CLEAR(조향OFF)|STRAIGHT,,999.00,0.00,0.0,0.5,4137
35.70,-15.917,-2.846,104.7,0.01,CLEAR(조향OFF)|STRAIGHT,,999.00,0.00,0.0,0.5,4152
35.75,-15.918,-2.847,104.7,-0.00,CLEAR(조향OFF)|STRAIGHT,,999.00,0.00,0.0,0.4,4137
35.80,-15.918,-2.847,104.7,-0.00,CLEAR(조향OFF)|STRAIGHT,,999.00,0.00,0.0,0.5,4137
35.85,-15.918,-2.847,104.7,-0.00,CLEAR(조향OFF)|STRAIGHT,,999.00,0.00,0.0,0.5,4137
35.90,-15.918,-2.847,104.7,-0.00,CLEAR(조향OFF)|STRAIGHT,,999.00,0.00,0.0,0.5,4137
35.95,-15.917,-2.846,104.7,0.01,CLEAR(조향OFF)|STRAIGHT,,999.00,0.00,0.0,0.4,4152
36.00,-15.917,-2.846,104.7,0.01,CLEAR(조향OFF)|STRAIGHT,,999.00,0.00,0.0,0.5,4152
36.05,-15.918,-2.848,104.7,-0.01,CLEAR(조향OFF)|STRAIGHT,,999.00,0.00,0.0,0.5,4152
36.10,-15.918,-2.848,104.7,-0.01,CLEAR(조향OFF)|STRAIGHT,,999.00,0.00,0.0,0.5,4137
36.15,-15.918,-2.847,104.7,0.01,CLEAR(조향OFF)|STRAIGHT,,999.00,0.00,0.0,0.5,4137
36.20,-15.918,-2.847,104.7,0.01,CLEAR(조향OFF)|STRAIGHT,,999.00,0.00,0.0,0.4,4152
36.25,-15.917,-2.845,104.7,0.02,CLEAR(조향OFF)|STRAIGHT,,999.00,0.00,0.0,0.4,4167
36.30,-15.917,-2.845,104.7,0.02,CLEAR(조향OFF)|STRAIGHT,,999.00,0.00,0.0,0.4,4167
36.35,-15.918,-2.847,104.7,-0.01,CLEAR(조향OFF)|STRAIGHT,,999.00,0.00,0.0,0.4,4137
36.40,-15.918,-2.847,104.7,-0.01,CLEAR(조향OFF)|STRAIGHT,,999.00,0.00,0.0,0.4,4152
36.45,-15.917,-2.848,104.7,-0.01,CLEAR(조향OFF)|STRAIGHT,,999.00,0.00,0.0,0.4,4152
36.50,-15.917,-2.848,104.7,-0.01,CLEAR(조향OFF)|STRAIGHT,,999.00,0.00,0.0,0.4,4152
36.55,-15.919,-2.846,104.7,0.02,CLEAR(조향OFF)|STRAIGHT,,999.00,0.00,0.0,0.4,4152
36.60,-15.919,-2.846,104.7,0.02,CLEAR(조향OFF)|STRAIGHT,,999.00,0.00,0.0,0.4,4152
36.65,-15.918,-2.846,104.7,-0.00,CLEAR(조향OFF)|STRAIGHT,,999.00,0.00,0.0,0.4,4137
36.71,-15.918,-2.846,104.7,-0.00,CLEAR(조향OFF)|STRAIGHT,,999.00,0.00,0.0,0.4,4137
36.75,-15.918,-2.847,104.7,-0.00,CLEAR(조향OFF)|STRAIGHT,,999.00,0.00,0.0,0.4,4137
36.80,-15.918,-2.847,104.7,-0.00,CLEAR(조향OFF)|STRAIGHT,,999.00,0.00,0.0,0.4,4152
36.85,-15.918,-2.847,104.7,-0.00,CLEAR(조향OFF)|STRAIGHT,,999.00,0.00,0.0,0.5,4152
36.90,-15.918,-2.847,104.7,-0.00,CLEAR(조향OFF)|STRAIGHT,,999.00,0.00,0.0,0.4,4167
36.95,-15.918,-2.846,104.7,0.01,CLEAR(조향OFF)|STRAIGHT,,999.00,0.00,0.0,0.4,4152
37.00,-15.918,-2.846,104.7,0.01,CLEAR(조향OFF)|STRAIGHT,,999.00,0.00,0.0,0.4,4137
37.05,-15.919,-2.846,104.7,-0.00,CLEAR(조향OFF)|STRAIGHT,,999.00,0.00,0.0,0.4,4137
37.10,-15.919,-2.846,104.7,-0.00,CLEAR(조향OFF)|STRAIGHT,,999.00,0.00,0.0,0.4,4152
37.15,-15.917,-2.847,104.7,-0.01,CLEAR(조향OFF)|STRAIGHT,,999.00,0.00,0.0,0.5,4137
37.20,-15.917,-2.847,104.7,-0.01,CLEAR(조향OFF)|STRAIGHT,,999.00,0.00,0.0,0.5,4137
37.25,-15.918,-2.845,104.7,0.01,CLEAR(조향OFF)|STRAIGHT,,999.00,0.00,0.0,0.4,4137
37.30,-15.918,-2.845,104.7,0.01,CLEAR(조향OFF)|STRAIGHT,,999.00,0.00,0.0,0.5,4137
37.35,-15.919,-2.846,104.7,-0.01,CLEAR(조향OFF)|STRAIGHT,,999.00,0.00,0.0,0.5,4137
37.40,-15.919,-2.846,104.7,-0.01,CLEAR(조향OFF)|STRAIGHT,,999.00,0.00,0.0,0.4,4152
37.45,-15.920,-2.846,104.7,0.01,CLEAR(조향OFF)|STRAIGHT,,999.00,0.00,0.0,0.4,4137
37.50,-15.920,-2.846,104.7,0.01,CLEAR(조향OFF)|STRAIGHT,,999.00,0.00,0.0,0.5,4152
37.55,-15.916,-2.845,104.7,-0.00,CLEAR(조향OFF)|STRAIGHT,,999.00,0.00,0.0,0.5,4137
37.60,-15.916,-2.845,104.7,-0.00,CLEAR(조향OFF)|STRAIGHT,,999.00,0.00,0.0,0.5,4137
37.65,-15.918,-2.848,104.7,-0.02,CLEAR(조향OFF)|STRAIGHT,,999.00,0.00,0.0,0.4,4152
37.70,-15.918,-2.848,104.7,-0.02,CLEAR(조향OFF)|STRAIGHT,,999.00,0.00,0.0,0.4,4152
37.75,-15.918,-2.847,104.7,0.00,CLEAR(조향OFF)|STRAIGHT,,999.00,0.70,0.0,0.4,4152
37.80,-15.918,-2.847,104.7,0.00,CLEAR(조향OFF)|STRAIGHT,,999.00,0.70,0.0,0.5,4137
37.85,-15.918,-2.845,104.7,0.02,CLEAR(조향OFF)|STRAIGHT,,999.00,0.70,0.0,0.5,4137
37.90,-15.918,-2.845,104.7,0.02,CLEAR(조향OFF)|STRAIGHT,,999.00,0.70,0.0,0.4,4137
37.95,-15.917,-2.848,104.7,-0.02,CLEAR(조향OFF)|STRAIGHT,,999.00,0.70,0.0,0.5,4152
38.00,-15.917,-2.848,104.7,-0.02,CLEAR(조향OFF)|STRAIGHT,,999.00,0.70,0.0,0.4,4167
38.05,-15.918,-2.846,104.7,0.02,CLEAR(조향OFF)|STRAIGHT,,999.00,0.70,0.0,0.5,4137
38.10,-15.918,-2.846,104.7,0.02,CLEAR(조향OFF)|STRAIGHT,,999.00,0.70,0.0,0.4,4152
38.15,-15.918,-2.848,104.7,-0.03,CLEAR(조향OFF)|STRAIGHT,,999.00,0.70,0.0,0.4,4167
38.20,-15.918,-2.848,104.7,-0.03,CLEAR(조향OFF)|STRAIGHT,,999.00,0.70,0.0,0.5,4137
38.25,-15.920,-2.849,104.7,-0.00,CLEAR(조향OFF)|STRAIGHT,,999.00,0.70,0.0,0.4,4152
38.30,-15.920,-2.849,104.7,-0.00,CLEAR(조향OFF)|STRAIGHT,,999.00,0.70,0.0,0.4,4152
38.35,-15.928,-2.853,104.7,-0.02,CLEAR(조향OFF)|STRAIGHT,,999.00,0.70,-0.0,0.5,4152
38.40,-15.928,-2.853,104.7,-0.02,CLEAR(조향OFF)|STRAIGHT,,999.00,0.70,-0.0,0.5,4137
38.45,-15.935,-2.861,104.7,-0.06,CLEAR(조향OFF)|STRAIGHT,,999.00,0.70,0.0,0.3,4152
38.50,-15.935,-2.861,104.8,-0.06,CLEAR(조향OFF)|STRAIGHT,,999.00,0.70,0.0,0.4,4152
38.55,-15.947,-2.867,104.8,-0.04,CLEAR(조향OFF)|STRAIGHT,,999.00,0.70,-0.1,0.4,4152
38.60,-15.947,-2.867,104.8,-0.04,CLEAR(조향OFF)|STRAIGHT,,999.00,0.70,-0.1,0.5,4137
38.65,-15.962,-2.878,104.7,-0.07,CLEAR(조향OFF)|STRAIGHT,,999.00,0.70,-0.1,0.5,4152
38.71,-15.962,-2.878,104.8,-0.07,CLEAR(조향OFF)|STRAIGHT,,999.00,0.70,-0.1,0.5,4137
38.75,-15.979,-2.892,104.8,-0.09,CLEAR(조향OFF)|STRAIGHT,,999.00,0.70,-0.1,0.5,4137
38.81,-15.979,-2.892,104.8,-0.09,CLEAR(조향OFF)|STRAIGHT,,999.00,0.70,-0.1,0.5,4137
38.85,-16.000,-2.909,104.7,-0.11,CLEAR(조향OFF)|STRAIGHT,,999.00,0.70,-0.1,0.4,4137
38.90,-16.000,-2.909,104.8,-0.11,CLEAR(조향OFF)|STRAIGHT,,999.00,0.70,-0.1,0.5,4152
38.95,-16.025,-2.926,104.8,-0.11,CLEAR(조향OFF)|STRAIGHT,,999.00,0.70,-0.1,0.4,4167
39.00,-16.025,-2.926,104.7,-0.11,CLEAR(조향OFF)|STRAIGHT,,999.00,0.70,-0.1,0.4,4137
39.05,-16.058,-2.945,104.7,-0.09,CLEAR(조향OFF)|STRAIGHT,,999.00,0.70,0.1,0.4,4152
39.10,-16.058,-2.945,104.8,-0.09,CLEAR(조향OFF)|STRAIGHT,,999.00,0.70,0.1,0.4,4137
39.15,-16.090,-2.967,104.7,-0.14,CLEAR(조향OFF)|STRAIGHT,,999.00,0.70,-0.1,0.5,4167
39.20,-16.090,-2.967,104.7,-0.14,CLEAR(조향OFF)|STRAIGHT,,999.00,0.70,-0.1,0.4,4137
39.25,-16.122,-2.991,104.7,-0.15,CLEAR(조향OFF)|STRAIGHT,,999.00,0.70,0.1,0.4,4167
39.30,-16.122,-2.991,104.8,-0.15,CLEAR(조향OFF)|STRAIGHT,,999.00,0.70,0.1,0.4,4137
39.35,-16.155,-3.008,104.8,-0.07,CLEAR(조향OFF)|STRAIGHT,,999.00,0.70,-0.1,0.4,4137
39.40,-16.155,-3.008,104.6,-0.07,CLEAR(조향OFF)|STRAIGHT,,999.00,0.70,-0.1,0.4,4152
39.45,-16.185,-3.029,104.6,-0.16,CLEAR(조향OFF)|STRAIGHT,,999.00,0.70,0.2,0.5,4167
39.50,-16.185,-3.029,104.6,-0.16,CLEAR(조향OFF)|STRAIGHT,,999.00,0.70,0.2,0.4,4152
39.55,-16.229,-3.058,104.6,-0.14,CLEAR(조향OFF)|STRAIGHT,,999.00,0.70,0.1,0.4,4152
39.60,-16.229,-3.058,104.6,-0.14,CLEAR(조향OFF)|STRAIGHT,,999.00,0.70,0.1,0.4,4152
39.65,-16.266,-3.082,104.6,-0.17,CLEAR(조향OFF)|STRAIGHT,,999.00,0.70,0.2,0.4,4137
39.70,-16.266,-3.082,104.5,-0.17,CLEAR(조향OFF)|STRAIGHT,,999.00,0.70,0.2,0.5,4152
39.75,-16.303,-3.106,104.5,-0.15,CLEAR(조향OFF)|STRAIGHT,,999.00,0.70,0.3,0.5,4167
39.80,-16.303,-3.106,104.5,-0.15,CLEAR(조향OFF)|STRAIGHT,,999.00,0.70,0.3,0.5,4137
39.85,-16.347,-3.135,104.4,-0.16,CLEAR(조향OFF)|STRAIGHT,,999.00,0.70,0.3,0.4,4152
39.90,-16.347,-3.135,104.4,-0.16,CLEAR(조향OFF)|STRAIGHT,,999.00,0.70,0.3,0.4,4152
39.95,-16.396,-3.168,104.4,-0.20,CLEAR(조향OFF)|STRAIGHT,,999.00,0.70,0.5,0.4,4137
40.00,-16.396,-3.168,104.3,-0.20,CLEAR(조향OFF)|STRAIGHT,,999.00,0.70,0.5,0.3,4152
40.05,-16.435,-3.194,104.3,-0.16,CLEAR(조향OFF)|STRAIGHT,,999.00,0.70,0.5,0.5,4152
40.10,-16.435,-3.194,104.3,-0.16,CLEAR(조향OFF)|STRAIGHT,,999.00,0.70,0.5,0.5,4137
40.15,-16.481,-3.227,104.3,-0.21,CLEAR(조향OFF)|STRAIGHT,,999.00,0.70,0.7,0.5,4152
40.20,-16.481,-3.227,104.2,-0.21,CLEAR(조향OFF)|STRAIGHT,,999.00,0.70,0.7,0.4,4167
40.25,-16.528,-3.258,104.2,-0.19,CLEAR(조향OFF)|STRAIGHT,,999.00,0.70,0.8,0.4,4152
40.30,-16.528,-3.258,104.1,-0.19,CLEAR(조향OFF)|STRAIGHT,,999.00,0.70,0.8,0.5,4137
40.35,-16.576,-3.291,104.1,-0.18,CLEAR(조향OFF)|STRAIGHT,,999.00,0.70,0.9,0.4,4152
40.40,-16.576,-3.291,104.1,-0.18,CLEAR(조향OFF)|STRAIGHT,,999.00,0.70,0.9,0.5,4137
40.45,-16.625,-3.323,104.1,-0.19,CLEAR(조향OFF)|STRAIGHT,,999.00,0.70,0.9,0.4,4167
40.50,-16.625,-3.323,104.0,-0.19,CLEAR(조향OFF)|STRAIGHT,,999.00,0.70,0.9,0.4,4152
40.55,-16.671,-3.356,104.0,-0.21,CLEAR(조향OFF)|STRAIGHT,,999.00,0.70,1.0,0.4,4152
40.60,-16.671,-3.356,103.9,-0.21,CLEAR(조향OFF)|STRAIGHT,,999.00,0.70,1.0,0.5,4137
40.65,-16.727,-3.394,103.9,-0.26,CLEAR(조향OFF)|STRAIGHT,,999.00,0.70,1.2,0.4,4137
40.70,-16.727,-3.394,104.2,-0.26,CLEAR(조향OFF)|STRAIGHT,,999.00,0.70,1.2,0.4,4167
40.75,-16.774,-3.429,104.2,-0.22,CLEAR(조향OFF)|STRAIGHT,,999.00,0.70,0.8,0.5,4137
40.80,-16.774,-3.429,103.9,-0.22,CLEAR(조향OFF)|STRAIGHT,,999.00,0.70,0.8,0.4,4152
40.85,-16.825,-3.463,104.0,-0.22,CLEAR(조향OFF)|STRAIGHT,,999.00,0.70,1.2,0.5,4137
40.90,-16.825,-3.463,104.0,-0.22,CLEAR(조향OFF)|STRAIGHT,,999.00,0.70,1.2,0.5,4152
40.95,-16.887,-3.496,104.0,-0.15,CLEAR(조향OFF)|STRAIGHT,,999.00,0.70,1.0,0.4,4137
41.00,-16.887,-3.496,104.0,-0.15,CLEAR(조향OFF)|STRAIGHT,,999.00,0.70,1.0,0.4,4167
41.05,-16.940,-3.534,104.0,-0.27,CLEAR(조향OFF)|STRAIGHT,,999.00,0.70,1.1,0.4,4137
41.11,-16.940,-3.534,103.9,-0.27,CLEAR(조향OFF)|STRAIGHT,,999.00,0.70,1.1,0.4,4167
41.15,-16.995,-3.573,103.8,-0.25,CLEAR(조향OFF)|STRAIGHT,,999.00,0.70,1.3,0.4,4152
41.20,-16.995,-3.573,103.9,-0.25,CLEAR(조향OFF)|STRAIGHT,,999.00,0.70,1.3,0.5,4137
41.25,-17.059,-3.612,103.8,-0.23,CLEAR(조향OFF)|STRAIGHT,,999.00,0.70,1.2,0.5,4137
41.30,-17.059,-3.612,103.7,-0.23,CLEAR(조향OFF)|STRAIGHT,,999.00,0.70,1.2,0.5,4152
41.35,-17.120,-3.647,103.7,-0.16,CLEAR(조향OFF)|STRAIGHT,,999.00,0.70,1.5,0.4,4137
41.40,-17.120,-3.647,103.7,-0.16,CLEAR(조향OFF)|STRAIGHT,,999.00,0.70,1.5,0.4,4137
41.45,-17.185,-3.693,103.7,-0.36,CLEAR(조향OFF)|STRAIGHT,,999.00,0.70,1.5,0.4,4167
41.50,-17.185,-3.693,103.7,-0.36,CLEAR(조향OFF)|STRAIGHT,,999.00,0.70,1.5,0.4,4152
41.55,-17.239,-3.734,103.6,-0.25,CLEAR(조향OFF)|STRAIGHT,,999.00,0.70,1.5,0.3,4152
41.60,-17.239,-3.734,103.6,-0.25,CLEAR(조향OFF)|STRAIGHT,,999.00,0.70,1.5,0.4,4152
41.65,-17.305,-3.775,103.7,-0.27,CLEAR(조향OFF)|STRAIGHT,,999.00,0.70,1.6,0.5,4152
41.70,-17.305,-3.775,103.7,-0.27,CLEAR(조향OFF)|STRAIGHT,,999.00,0.70,1.6,0.5,4137
41.75,-17.371,-3.821,103.7,-0.29,CLEAR(조향OFF)|STRAIGHT,,999.00,0.70,1.6,0.4,4167
41.80,-17.371,-3.821,103.6,-0.29,CLEAR(조향OFF)|STRAIGHT,,999.00,0.70,1.6,0.5,4137
41.85,-17.431,-3.860,103.7,-0.23,CLEAR(조향OFF)|STRAIGHT,,999.00,0.70,1.6,0.4,4167
41.90,-17.431,-3.860,103.6,-0.23,CLEAR(조향OFF)|STRAIGHT,,999.00,0.70,1.6,0.4,4137
41.95,-17.499,-3.909,103.6,-0.32,CLEAR(조향OFF)|STRAIGHT,,999.00,0.70,1.7,0.4,4137
42.00,-17.499,-3.909,103.6,-0.32,CLEAR(조향OFF)|STRAIGHT,,999.00,0.70,1.7,0.4,4167
42.05,-17.499,-3.909,103.6,-0.32,CLEAR(조향OFF)|STRAIGHT,,999.00,0.70,1.7,0.4,4137
42.10,-17.569,-3.944,103.5,-0.11,CLEAR(조향OFF)|STRAIGHT,,999.00,0.70,1.7,0.5,4167
42.15,-17.569,-3.944,103.5,-0.11,CLEAR(조향OFF)|STRAIGHT,,999.00,0.70,1.8,0.4,4152
42.20,-17.569,-3.944,103.5,-0.11,CLEAR(조향OFF)|STRAIGHT,,999.00,0.70,1.8,0.5,4137
42.25,-17.707,-4.030,103.5,-0.34,CLEAR(조향OFF)|STRAIGHT,,999.00,0.70,1.8,0.4,4152
42.30,-17.707,-4.030,103.5,-0.34,CLEAR(조향OFF)|STRAIGHT,,999.00,0.70,1.8,0.5,4152
42.35,-17.776,-4.076,103.4,-0.26,CLEAR(조향OFF)|STRAIGHT,,999.00,0.70,1.9,0.8,4092
42.40,-17.776,-4.076,103.4,-0.26,CLEAR(조향OFF)|STRAIGHT,,999.00,0.70,1.9,0.9,4106
42.45,-17.848,-4.122,103.4,-0.28,CLEAR(조향OFF)|STRAIGHT,,999.00,0.70,2.0,1.0,4077
42.50,-17.848,-4.122,103.3,-0.28,CLEAR(조향OFF)|STRAIGHT,,999.00,0.70,2.0,0.9,4062
42.55,-17.919,-4.170,103.4,-0.33,CLEAR(조향OFF)|STRAIGHT,,999.00,0.70,2.1,0.9,4077
42.60,-17.919,-4.170,103.3,-0.33,CLEAR(조향OFF)|STRAIGHT,,999.00,0.70,2.1,0.9,4077
42.65,-17.994,-4.219,103.3,-0.31,CLEAR(조향OFF)|STRAIGHT,,999.00,0.70,2.1,1.0,4062
42.70,-17.994,-4.219,103.3,-0.31,CLEAR(조향OFF)|STRAIGHT,,999.00,0.70,2.1,1.0,4077
42.75,-18.067,-4.270,103.3,-0.33,CLEAR(조향OFF)|STRAIGHT,,999.00,0.70,2.0,0.9,4077
42.80,-18.067,-4.270,103.3,-0.33,CLEAR(조향OFF)|STRAIGHT,,999.00,0.70,2.0,0.9,4077
42.85,-18.142,-4.319,103.3,-0.27,CLEAR(조향OFF)|STRAIGHT,,999.00,0.70,2.1,0.9,4092
42.90,-18.142,-4.319,103.3,-0.27,CLEAR(조향OFF)|STRAIGHT,,999.00,0.70,2.1,0.9,4077
42.95,-18.215,-4.368,103.3,-0.34,CLEAR(조향OFF)|STRAIGHT,,999.00,0.70,2.1,0.9,4092
43.00,-18.215,-4.368,103.4,-0.34,CLEAR(조향OFF)|STRAIGHT,,999.00,0.70,2.1,1.0,4077
43.05,-18.293,-4.415,103.4,-0.28,CLEAR(조향OFF)|STRAIGHT,,999.00,0.70,1.9,0.9,4092
43.10,-18.293,-4.415,103.3,-0.28,CLEAR(조향OFF)|STRAIGHT,,999.00,0.70,1.9,0.9,4077
43.15,-18.368,-4.464,103.3,-0.31,CLEAR(조향OFF)|STRAIGHT,,999.00,0.70,2.1,1.0,4077
43.20,-18.368,-4.464,103.3,-0.31,CLEAR(조향OFF)|STRAIGHT,,999.00,0.70,2.1,1.0,4077
43.25,-18.451,-4.510,103.3,-0.25,CLEAR(조향OFF)|STRAIGHT,,999.00,0.70,2.1,0.9,4077
43.30,-18.451,-4.510,103.2,-0.25,CLEAR(조향OFF)|STRAIGHT,,999.00,0.70,2.1,0.9,4077
43.35,-18.529,-4.562,103.2,-0.30,CLEAR(조향OFF)|STRAIGHT,,999.00,0.70,2.2,1.0,4077
43.40,-18.529,-4.562,103.2,-0.30,CLEAR(조향OFF)|STRAIGHT,,999.00,0.70,2.2,1.0,4077
43.45,-18.604,-4.613,103.1,-0.32,CLEAR(조향OFF)|STRAIGHT,,999.00,0.70,2.3,1.0,4062
43.50,-18.604,-4.613,103.1,-0.32,CLEAR(조향OFF)|STRAIGHT,,999.00,0.70,2.3,0.9,4062
43.55,-18.683,-4.663,103.0,-0.34,CLEAR(조향OFF)|STRAIGHT,,999.00,0.70,2.4,1.0,4062
43.60,-18.683,-4.663,103.0,-0.34,CLEAR(조향OFF)|STRAIGHT,,999.00,0.70,2.4,0.9,4062
43.65,-18.762,-4.717,103.1,-0.32,CLEAR(조향OFF)|STRAIGHT,,999.00,0.70,2.5,0.8,4077
43.70,-18.762,-4.717,103.1,-0.32,CLEAR(조향OFF)|STRAIGHT,,999.00,0.70,2.5,0.9,4092
43.75,-18.840,-4.772,103.0,-0.39,CLEAR(조향OFF)|STRAIGHT,,999.00,0.70,2.5,1.0,4062
43.80,-18.840,-4.772,103.1,-0.39,CLEAR(조향OFF)|STRAIGHT,,999.00,0.70,2.5,0.9,4062
43.85,-18.921,-4.822,103.1,-0.30,CLEAR(조향OFF)|STRAIGHT,,999.00,0.70,2.4,0.9,4077
43.90,-18.921,-4.822,103.1,-0.30,CLEAR(조향OFF)|STRAIGHT,,999.00,0.70,2.4,1.5,4004
43.95,-19.002,-4.877,103.2,-0.36,CLEAR(조향OFF)|STRAIGHT,,999.00,0.70,2.4,1.5,3990
44.00,-19.002,-4.877,103.2,-0.36,CLEAR(조향OFF)|STRAIGHT,,999.00,0.70,2.4,1.5,4004
44.05,-19.002,-4.877,103.2,-0.36,CLEAR(조향OFF)|STRAIGHT,,999.00,0.70,2.3,1.5,3976
44.10,-19.085,-4.924,103.2,-0.18,CLEAR(조향OFF)|STRAIGHT,,999.00,0.70,2.3,1.5,3990
44.15,-19.085,-4.924,103.2,-0.18,CLEAR(조향OFF)|STRAIGHT,,999.00,0.70,2.2,1.5,3990
44.20,-19.085,-4.924,103.3,-0.18,CLEAR(조향OFF)|STRAIGHT,,999.00,0.70,2.2,1.5,3976
44.25,-19.244,-5.028,103.3,-0.41,CLEAR(조향OFF)|STRAIGHT,,999.00,0.70,2.1,1.6,3990
44.30,-19.244,-5.028,103.5,-0.41,CLEAR(조향OFF)|STRAIGHT,,999.00,0.70,2.1,1.5,3990
44.35,-19.328,-5.085,103.5,-0.35,CLEAR(조향OFF)|STRAIGHT,,999.00,0.70,1.9,1.5,3976
44.40,-19.328,-5.085,103.6,-0.35,CLEAR(조향OFF)|STRAIGHT,,999.00,0.70,1.9,1.5,3976
44.45,-19.408,-5.136,103.6,-0.35,CLEAR(조향OFF)|STRAIGHT,,999.00,0.70,1.7,1.5,3990
44.50,-19.408,-5.136,103.7,-0.35,CLEAR(조향OFF)|STRAIGHT,,999.00,0.70,1.7,1.5,3976
44.55,-19.492,-5.190,103.7,-0.33,CLEAR(조향OFF)|STRAIGHT,,999.00,0.70,1.6,1.5,3976
44.60,-19.492,-5.190,103.7,-0.33,CLEAR(조향OFF)|STRAIGHT,,999.00,0.70,1.6,1.5,4004
44.65,-19.571,-5.243,103.7,-0.33,CLEAR(조향OFF)|STRAIGHT,,999.00,0.70,1.5,1.5,3990
44.70,-19.571,-5.243,103.8,-0.33,CLEAR(조향OFF)|STRAIGHT,,999.00,0.70,1.5,1.5,3976
44.75,-19.653,-5.301,103.9,-0.36,CLEAR(조향OFF)|STRAIGHT,,999.00,0.70,1.3,1.5,3976
44.80,-19.653,-5.301,103.9,-0.36,CLEAR(조향OFF)|STRAIGHT,,999.00,0.70,1.3,1.5,3962
44.85,-19.737,-5.354,104.0,-0.31,CLEAR(조향OFF)|STRAIGHT,,999.00,0.70,1.2,1.5,3976
44.90,-19.737,-5.354,103.9,-0.31,CLEAR(조향OFF)|STRAIGHT,,999.00,0.70,1.2,1.5,3990
44.95,-19.818,-5.412,104.0,-0.37,CLEAR(조향OFF)|STRAIGHT,,999.00,0.70,1.1,1.5,3990
45.00,-19.818,-5.412,104.0,-0.37,CLEAR(조향OFF)|STRAIGHT,,999.00,0.70,1.1,1.5,3976
45.05,-19.903,-5.465,104.0,-0.31,CLEAR(조향OFF)|STRAIGHT,,999.00,0.70,1.0,1.5,3976
45.10,-19.903,-5.465,104.0,-0.31,CLEAR(조향OFF)|STRAIGHT,,999.00,0.70,1.0,1.6,3962
45.15,-19.984,-5.522,104.1,-0.35,CLEAR(조향OFF)|STRAIGHT,,999.00,0.70,1.0,1.6,3976
45.20,-19.984,-5.522,104.1,-0.35,CLEAR(조향OFF)|STRAIGHT,,999.00,0.70,1.0,1.5,3976
45.25,-20.060,-5.580,104.2,-0.37,CLEAR(조향OFF)|STRAIGHT,,999.00,0.70,0.9,1.5,3976
45.30,-20.060,-5.580,104.2,-0.37,CLEAR(조향OFF)|STRAIGHT,,999.00,0.70,0.9,1.6,3976
45.35,-20.146,-5.638,104.2,-0.32,CLEAR(조향OFF)|STRAIGHT,,999.00,0.70,0.8,1.6,3962
45.40,-20.146,-5.638,104.4,-0.32,CLEAR(조향OFF)|STRAIGHT,,999.00,0.70,0.8,1.5,3976
45.45,-20.226,-5.692,104.3,-0.33,CLEAR(조향OFF)|STRAIGHT,,999.00,0.70,0.5,1.5,3976
45.50,-20.226,-5.692,104.4,-0.33,CLEAR(조향OFF)|STRAIGHT,,999.00,0.70,0.5,1.5,3976
45.55,-20.308,-5.750,104.5,-0.35,CLEAR(조향OFF)|STRAIGHT,,999.00,0.70,0.5,1.5,3990
45.60,-20.308,-5.750,104.5,-0.35,CLEAR(조향OFF)|STRAIGHT,,999.00,0.70,0.5,1.5,3962
45.65,-20.393,-5.805,104.6,-0.32,CLEAR(조향OFF)|STRAIGHT,,999.00,0.70,0.3,1.5,3976
45.70,-20.393,-5.805,104.6,-0.32,CLEAR(조향OFF)|STRAIGHT,,999.00,0.70,0.3,1.6,3962
45.75,-20.475,-5.860,104.6,-0.33,CLEAR(조향OFF)|STRAIGHT,,999.00,0.70,0.1,1.6,3976
45.80,-20.475,-5.860,104.7,-0.33,CLEAR(조향OFF)|STRAIGHT,,999.00,0.70,0.1,1.5,3976
45.85,-20.558,-5.924,104.7,-0.41,CLEAR(조향OFF)|STRAIGHT,,999.00,0.70,0.0,1.6,3962
45.90,-20.558,-5.924,104.7,-0.41,CLEAR(조향OFF)|STRAIGHT,,999.00,0.70,0.0,1.5,3976
45.95,-20.636,-5.981,104.7,-0.35,CLEAR(조향OFF)|STRAIGHT,,999.00,0.70,0.0,1.6,3962
46.00,-20.636,-5.981,104.7,-0.35,CLEAR(조향OFF)|STRAIGHT,,999.00,0.70,0.0,1.5,3976
46.05,-20.721,-6.039,104.8,-0.39,CLEAR(조향OFF)|STRAIGHT,,999.00,0.70,-0.1,1.5,3990
46.10,-20.721,-6.039,104.8,-0.39,CLEAR(조향OFF)|STRAIGHT,,999.00,0.70,-0.1,1.0,4018
46.15,-20.802,-6.094,104.8,-0.32,CLEAR(조향OFF)|STRAIGHT,,999.00,0.70,-0.2,1.0,4047
46.20,-20.802,-6.094,104.9,-0.32,CLEAR(조향OFF)|STRAIGHT,,999.00,0.70,-0.2,0.9,4062
46.25,-20.885,-6.146,104.9,-0.26,CLEAR(조향OFF)|STRAIGHT,,999.00,0.70,-0.2,0.9,4047
46.30,-20.885,-6.146,105.0,-0.26,CLEAR(조향OFF)|STRAIGHT,,999.00,0.70,-0.2,0.8,4062
46.35,-20.973,-6.204,105.0,-0.30,CLEAR(조향OFF)|STRAIGHT,,999.00,0.70,-0.5,0.9,4062
46.40,-20.973,-6.204,105.1,-0.30,CLEAR(조향OFF)|STRAIGHT,,999.00,0.70,-0.5,0.9,4062
46.45,-21.051,-6.260,105.2,-0.37,CLEAR(조향OFF)|STRAIGHT,,999.00,0.70,-0.6,0.9,4062
46.50,-21.051,-6.260,105.1,-0.37,CLEAR(조향OFF)|STRAIGHT,,999.00,0.70,-0.6,0.9,4062
46.55,-21.141,-6.319,105.2,-0.33,CLEAR(조향OFF)|STRAIGHT,,999.00,0.70,-0.6,0.9,4077
46.60,-21.141,-6.319,105.1,-0.33,CLEAR(조향OFF)|STRAIGHT,,999.00,0.70,-0.6,0.9,4062
46.65,-21.221,-6.376,105.2,-0.38,CLEAR(조향OFF)|STRAIGHT,,999.00,0.70,-0.7,0.8,4062
46.70,-21.221,-6.376,105.2,-0.38,CLEAR(조향OFF)|STRAIGHT,,999.00,0.70,-0.7,0.8,4062
46.75,-21.301,-6.440,105.2,-0.41,CLEAR(조향OFF)|STRAIGHT,,999.00,0.70,-0.7,0.9,4047
46.80,-21.301,-6.440,105.2,-0.41,CLEAR(조향OFF)|STRAIGHT,,999.00,0.70,-0.7,0.9,4077
46.85,-21.386,-6.492,105.1,-0.27,CLEAR(조향OFF)|STRAIGHT,,999.00,0.70,-0.7,0.9,4062
46.90,-21.386,-6.492,105.0,-0.27,CLEAR(조향OFF)|STRAIGHT,,999.00,0.70,-0.7,0.8,4077
46.95,-21.465,-6.553,105.1,-0.39,CLEAR(조향OFF)|STRAIGHT,,999.00,0.70,-0.5,0.9,4077
47.00,-21.465,-6.553,105.1,-0.39,CLEAR(조향OFF)|STRAIGHT,,999.00,0.70,-0.5,1.0,4062
47.05,-21.549,-6.614,105.1,-0.37,CLEAR(조향OFF)|STRAIGHT,,999.00,0.70,-0.6,0.8,4077
47.10,-21.549,-6.614,105.2,-0.37,CLEAR(조향OFF)|STRAIGHT,,999.00,0.70,-0.6,0.9,4062
47.15,-21.633,-6.670,105.2,-0.33,CLEAR(조향OFF)|STRAIGHT,,999.00,0.70,-0.7,0.9,4077
47.20,-21.633,-6.670,105.3,-0.33,CLEAR(조향OFF)|STRAIGHT,,999.00,0.70,-0.7,0.9,4062
47.25,-21.710,-6.734,105.3,-0.41,CLEAR(조향OFF)|STRAIGHT,,999.00,0.70,-0.8,0.9,4092
47.30,-21.710,-6.734,105.3,-0.41,CLEAR(조향OFF)|STRAIGHT,,999.00,0.70,-0.8,0.9,4077
47.35,-21.797,-6.788,105.4,-0.24,CLEAR(조향OFF)|STRAIGHT,,999.00,0.70,-0.9,0.9,4077
47.40,-21.797,-6.788,105.4,-0.24,CLEAR(조향OFF)|STRAIGHT,,999.00,0.70,-0.9,0.8,4077
47.45,-21.881,-6.846,105.3,-0.42,CLEAR(조향OFF)|STRAIGHT,,999.00,0.70,-1.0,0.9,4077
47.51,-21.881,-6.846,105.4,-0.42,CLEAR(조향OFF)|STRAIGHT,,999.00,0.70,-1.0,0.9,4092
47.55,-21.958,-6.908,105.6,-0.36,CLEAR(조향OFF)|STRAIGHT,,999.00,0.70,-1.0,0.9,4077
47.60,-21.958,-6.908,105.6,-0.36,CLEAR(조향OFF)|STRAIGHT,,999.00,0.70,-1.0,0.8,4062
47.65,-22.039,-6.972,105.6,-0.43,CLEAR(조향OFF)|STRAIGHT,,999.00,0.70,-1.3,0.9,4077
47.70,-22.039,-6.972,105.6,-0.43,CLEAR(조향OFF)|STRAIGHT,,999.00,0.70,-1.3,1.0,4047
47.75,-22.124,-7.019,105.6,-0.23,CLEAR(조향OFF)|STRAIGHT,,999.00,0.70,-1.3,0.9,4062
47.80,-22.124,-7.019,105.6,-0.23,CLEAR(조향OFF)|STRAIGHT,,999.00,0.70,-1.3,0.9,4062
47.85,-22.208,-7.082,105.6,-0.37,CLEAR(조향OFF)|STRAIGHT,,999.00,0.70,-1.3,0.9,4077
47.90,-22.208,-7.082,105.6,-0.37,CLEAR(조향OFF)|STRAIGHT,,999.00,0.70,-1.3,0.9,4077
47.95,-22.289,-7.142,105.6,-0.36,CLEAR(조향OFF)|STRAIGHT,,999.00,0.70,-1.3,1.0,4062
48.00,-22.289,-7.142,105.6,-0.36,CLEAR(조향OFF)|STRAIGHT,,999.00,0.70,-1.3,0.9,4077
48.06,-22.379,-7.199,105.6,-0.31,CLEAR(조향OFF)|STRAIGHT,,999.00,0.70,-1.3,0.9,4062
48.10,-22.379,-7.199,105.6,-0.31,CLEAR(조향OFF)|STRAIGHT,,999.00,0.70,-1.3,0.9,4062
48.15,-22.379,-7.199,105.6,-0.31,CLEAR(조향OFF)|STRAIGHT,,999.00,0.70,-1.3,0.9,4077
48.20,-22.379,-7.199,105.6,-0.31,CLEAR(조향OFF)|STRAIGHT,,999.00,0.70,-1.3,0.9,4077
48.25,-22.379,-7.199,105.6,-0.31,CLEAR(조향OFF)|STRAIGHT,,999.00,0.70,-1.3,0.9,4062
48.30,-22.379,-7.199,105.6,-0.31,CLEAR(조향OFF)|STRAIGHT,,999.00,0.70,-1.3,1.0,4062
48.35,-22.379,-7.199,105.6,-0.31,CLEAR(조향OFF)|STRAIGHT,,999.00,0.70,-1.3,0.8,4077
48.40,-22.379,-7.199,105.6,-0.31,CLEAR(조향OFF)|STRAIGHT,,999.00,0.70,-1.3,0.9,4077
48.45,-22.379,-7.199,105.6,-0.31,CLEAR(조향OFF)|STRAIGHT,,999.00,0.70,-1.3,1.0,4062
48.50,-22.379,-7.199,105.6,-0.31,CLEAR(조향OFF)|STRAIGHT,,999.00,0.70,-1.3,0.9,4092
48.55,-22.379,-7.199,105.6,-0.31,CLEAR(조향OFF)|STRAIGHT,,999.00,0.70,-1.3,0.9,4077
48.60,-22.379,-7.199,105.6,-0.31,CLEAR(조향OFF)|STRAIGHT,,999.00,0.70,-1.3,0.9,4092
48.65,-22.379,-7.199,105.6,-0.31,CLEAR(조향OFF)|STRAIGHT,,999.00,0.70,-1.3,1.0,4062
48.70,-22.379,-7.199,105.6,-0.31,CLEAR(조향OFF)|STRAIGHT,,999.00,0.70,-1.3,0.9,4062
48.75,-22.379,-7.199,105.6,-0.31,CLEAR(조향OFF)|STRAIGHT,,999.00,0.70,-1.3,0.9,4047
48.80,-22.379,-7.199,105.6,-0.31,CLEAR(조향OFF)|STRAIGHT,,999.00,0.70,-1.3,0.9,4092
48.85,-22.379,-7.199,105.6,-0.31,CLEAR(조향OFF)|STRAIGHT,,999.00,0.70,-1.3,0.8,4033
48.90,-22.379,-7.199,105.6,-0.31,CLEAR(조향OFF)|STRAIGHT,,999.00,0.70,-1.3,0.9,4092
48.95,-22.379,-7.199,105.6,-0.31,CLEAR(조향OFF)|STRAIGHT,,999.00,0.70,-1.3,0.9,4077
49.00,-22.379,-7.199,105.6,-0.31,CLEAR(조향OFF)|STRAIGHT,,999.00,0.70,-1.3,0.9,4062
49.05,-22.379,-7.199,105.6,-0.31,CLEAR(조향OFF)|STRAIGHT,,999.00,0.70,-1.3,0.9,4062
49.10,-22.379,-7.199,105.6,-0.31,CLEAR(조향OFF)|STRAIGHT,,999.00,0.70,-1.3,0.9,4077
49.15,-22.379,-7.199,105.6,-0.31,CLEAR(조향OFF)|STRAIGHT,,999.00,0.70,-1.3,0.9,4077
49.20,-22.379,-7.199,105.6,-0.31,CLEAR(조향OFF)|STRAIGHT,,999.00,0.70,-1.3,1.0,4077
49.25,-22.379,-7.199,105.6,-0.31,CLEAR(조향OFF)|STRAIGHT,,999.00,0.70,-1.3,0.9,4062
49.30,-22.379,-7.199,105.6,-0.31,CLEAR(조향OFF)|STRAIGHT,,999.00,0.70,-1.3,0.9,4077
49.35,-22.379,-7.199,105.6,-0.31,CLEAR(조향OFF)|STRAIGHT,,999.00,0.70,-1.3,0.9,4062
49.40,-23.465,-7.982,105.6,-0.32,CLEAR(조향OFF)|STRAIGHT,,999.00,0.70,-1.3,0.9,4077
49.45,-23.546,-8.046,105.6,-0.50,CLEAR(조향OFF)|STRAIGHT,,999.00,0.70,-1.4,0.9,4062
49.50,-23.546,-8.046,105.6,-0.50,CLEAR(조향OFF)|STRAIGHT,,999.00,0.70,-1.4,0.9,4062
49.55,-23.628,-8.108,105.6,-0.35,CLEAR(조향OFF)|STRAIGHT,,999.00,0.70,-1.3,0.9,4077
49.60,-23.709,-8.169,105.7,-0.43,CLEAR(조향OFF)|STRAIGHT,,999.00,0.70,-1.3,0.9,4062
49.65,-23.709,-8.169,105.7,-0.43,CLEAR(조향OFF)|STRAIGHT,,999.00,0.70,-1.4,0.9,4062
49.70,-23.709,-8.169,105.7,-0.43,CLEAR(조향OFF)|STRAIGHT,,999.00,0.70,-1.4,0.9,4092
49.75,-23.795,-8.224,105.7,-0.28,CLEAR(조향OFF)|STRAIGHT,,999.00,0.70,-1.5,1.0,4062
49.80,-23.795,-8.224,105.8,-0.28,CLEAR(조향OFF)|STRAIGHT,,999.00,0.70,-1.5,0.9,4077
49.85,-23.875,-8.289,105.8,-0.41,CLEAR(조향OFF)|STRAIGHT,,999.00,0.70,-1.6,1.0,4077
49.90,-23.875,-8.289,105.8,-0.41,CLEAR(조향OFF)|STRAIGHT,,999.00,0.70,-1.6,0.9,4077
49.95,-23.969,-8.345,105.7,-0.28,CLEAR(조향OFF)|STRAIGHT,,999.00,0.70,-1.6,0.9,4077
50.00,-23.969,-8.345,105.7,-0.28,CLEAR(조향OFF)|STRAIGHT,,999.00,0.70,-1.6,0.9,4077
50.05,-24.048,-8.407,105.8,-0.35,CLEAR(조향OFF)|STRAIGHT,,999.00,0.70,-1.5,0.9,4077
50.10,-24.048,-8.407,105.7,-0.35,CLEAR(조향OFF)|STRAIGHT,,999.00,0.70,-1.5,0.9,4077
50.15,-24.136,-8.470,105.7,-0.41,CLEAR(조향OFF)|STRAIGHT,,999.00,0.70,-1.5,1.0,4062
50.20,-24.136,-8.470,105.6,-0.41,CLEAR(조향OFF)|STRAIGHT,,999.00,0.70,-1.5,1.0,4062
50.25,-24.214,-8.532,-144.8,-0.39,CLEAR(조향OFF)|STRAIGHT,,999.00,0.70,-1.4,0.9,4062
50.30,-24.214,-8.532,-144.8,-0.39,CLEAR(조향OFF)|STRAIGHT,,999.00,0.70,-1.4,0.9,4092
50.35,-24.298,-8.595,-144.8,0.96,CLEAR(조향OFF)|STRAIGHT,,999.00,0.00,0.0,0.9,4062
50.40,-24.298,-8.595,-144.7,0.96,CLEAR(조향OFF)|STRAIGHT,,999.00,0.00,0.0,0.9,4077
50.45,-24.384,-8.654,-144.7,1.15,CLEAR(조향OFF)|STRAIGHT,,999.00,0.00,0.0,0.9,4077
50.50,-24.384,-8.654,-144.6,1.15,CLEAR(조향OFF)|STRAIGHT,,999.00,0.00,0.0,0.9,4077
50.55,-24.469,-8.714,-144.7,1.05,CLEAR(조향OFF)|STRAIGHT,,999.00,0.00,0.0,0.9,4077
50.60,-24.469,-8.714,-144.6,1.05,CLEAR(조향OFF)|STRAIGHT,,999.00,0.00,0.0,1.0,4092
50.65,-24.549,-8.771,-144.6,0.98,CLEAR(조향OFF)|STRAIGHT,,999.00,0.00,0.0,1.0,4062
50.70,-24.549,-8.771,-144.6,0.98,CLEAR(조향OFF)|STRAIGHT,,999.00,0.00,0.0,0.9,4062
50.75,-24.632,-8.833,-144.6,1.04,CLEAR(조향OFF)|STRAIGHT,,999.00,0.00,0.0,0.9,4092
50.80,-24.632,-8.833,-144.6,1.04,CLEAR(조향OFF)|STRAIGHT,,999.00,0.00,0.0,0.9,4062
50.85,-24.699,-8.886,-144.6,0.85,CLEAR(조향OFF)|STRAIGHT,,999.00,0.00,0.0,0.9,4062
50.90,-24.699,-8.886,-144.5,0.85,CLEAR(조향OFF)|STRAIGHT,,999.00,0.00,0.0,0.8,4092
50.95,-24.772,-8.929,-144.5,0.84,CLEAR(조향OFF)|STRAIGHT,,999.00,0.00,0.0,0.8,4077
51.00,-24.772,-8.929,-144.6,0.84,CLEAR(조향OFF)|STRAIGHT,,999.00,0.00,0.0,0.8,4077
51.05,-24.836,-8.979,-144.6,0.81,CLEAR(조향OFF)|STRAIGHT,,999.00,0.00,0.0,0.8,4062
51.10,-24.836,-8.979,-144.6,0.81,CLEAR(조향OFF)|STRAIGHT,,999.00,0.00,0.0,0.8,4077
51.15,-24.893,-9.021,-144.6,0.64,CLEAR(조향OFF)|STRAIGHT,,999.00,0.00,0.0,0.9,4077
51.20,-24.893,-9.021,-144.6,0.64,CLEAR(조향OFF)|STRAIGHT,,999.00,0.00,0.0,0.8,4077
51.25,-24.957,-9.063,-144.5,0.85,CLEAR(조향OFF)|STRAIGHT,,999.00,0.00,0.0,0.9,4077
51.30,-24.957,-9.063,-144.5,0.85,CLEAR(조향OFF)|STRAIGHT,,999.00,0.00,0.0,0.9,4077
51.35,-25.010,-9.106,-144.5,0.57,CLEAR(조향OFF)|STRAIGHT,,999.00,0.00,0.0,1.0,4077
51.40,-25.010,-9.106,-144.6,0.57,CLEAR(조향OFF)|STRAIGHT,,999.00,0.00,0.0,0.9,4077
51.45,-25.056,-9.140,-144.5,0.71,CLEAR(조향OFF)|STRAIGHT,,999.00,0.00,0.0,0.8,4077
51.50,-25.056,-9.140,-144.5,0.71,CLEAR(조향OFF)|STRAIGHT,,999.00,0.00,0.0,0.9,4077
51.55,-25.101,-9.174,-144.5,0.57,CLEAR(조향OFF)|STRAIGHT,,999.00,0.00,0.0,0.9,4077
51.60,-25.101,-9.174,-144.5,0.57,CLEAR(조향OFF)|STRAIGHT,,999.00,0.00,0.0,0.9,4077
51.65,-25.140,-9.207,-144.4,0.46,CLEAR(조향OFF)|STRAIGHT,,999.00,0.00,0.0,0.9,4092
51.70,-25.140,-9.207,-144.5,0.46,CLEAR(조향OFF)|STRAIGHT,,999.00,0.00,0.0,0.9,4077
51.75,-25.177,-9.237,-144.4,0.53,CLEAR(조향OFF)|STRAIGHT,,999.00,0.70,10.6,0.9,4077
51.80,-25.177,-9.237,-144.4,0.53,CLEAR(조향OFF)|STRAIGHT,,999.00,0.70,10.6,0.9,4077
51.85,-25.212,-9.263,-144.4,0.43,CLEAR(조향OFF)|STRAIGHT,,999.00,0.70,8.3,0.9,4077
51.90,-25.212,-9.263,-144.4,0.43,CLEAR(조향OFF)|STRAIGHT,,999.00,0.70,7.4,2.0,3962
51.95,-25.240,-9.285,-144.4,0.36,CLEAR(조향OFF)|STRAIGHT,,999.00,0.70,8.0,3.5,3776
52.00,-25.240,-9.285,-144.4,0.36,CLEAR(조향OFF)|STRAIGHT,,999.00,0.70,8.0,5.0,3561
52.05,-25.270,-9.305,-144.3,0.36,CLEAR(조향OFF)|STRAIGHT,,999.00,0.70,8.3,5.3,3483
52.10,-25.270,-9.305,-144.2,0.36,CLEAR(조향OFF)|STRAIGHT,,999.00,0.70,8.2,5.4,3441
52.15,-25.296,-9.323,-144.1,0.31,CLEAR(조향OFF)|STRAIGHT,,999.00,0.70,8.7,5.3,3441
52.20,-25.296,-9.323,-143.9,0.31,CLEAR(조향OFF)|STRAIGHT,,999.00,0.70,8.6,5.3,3430
52.25,-25.317,-9.341,-143.9,0.28,CLEAR(조향OFF)|STRAIGHT,,999.00,0.70,8.9,5.3,3430
52.30,-25.317,-9.341,-143.8,0.28,CLEAR(조향OFF)|STRAIGHT,,999.00,0.70,8.9,5.7,3379
52.35,-25.343,-9.362,-143.7,0.30,CLEAR(조향OFF)|STRAIGHT,,999.00,0.70,8.8,6.0,3329
52.40,-25.343,-9.362,-143.4,0.30,CLEAR(조향OFF)|STRAIGHT,,999.00,0.70,8.7,6.0,3319
52.45,-25.376,-9.382,-143.4,0.42,CLEAR(조향OFF)|STRAIGHT,,999.00,0.70,8.2,6.0,3319
52.50,-25.376,-9.382,-143.2,0.42,CLEAR(조향OFF)|STRAIGHT,,999.00,0.70,8.1,5.9,3309
52.55,-25.406,-9.411,-143.1,0.42,CLEAR(조향OFF)|STRAIGHT,,999.00,0.70,8.2,5.9,3309
52.60,-25.406,-9.411,-142.9,0.42,CLEAR(조향OFF)|STRAIGHT,,999.00,0.70,8.1,6.0,3300
52.65,-25.442,-9.442,-142.8,0.43,CLEAR(조향OFF)|STRAIGHT,,999.00,0.70,8.2,5.9,3300
52.70,-25.442,-9.442,-142.5,0.43,CLEAR(조향OFF)|STRAIGHT,,999.00,0.70,8.1,5.9,3300
52.75,-25.476,-9.470,-142.4,0.49,CLEAR(조향OFF)|STRAIGHT,,999.00,0.70,7.8,6.0,3300
52.80,-25.476,-9.470,-142.2,0.49,CLEAR(조향OFF)|STRAIGHT,,999.00,0.70,7.7,6.0,3280
52.85,-25.514,-9.505,-142.0,0.52,CLEAR(조향OFF)|STRAIGHT,,999.00,0.70,7.7,6.0,3280
52.90,-25.514,-9.505,-141.8,0.52,CLEAR(조향OFF)|STRAIGHT,,999.00,0.70,7.6,6.0,3280
52.95,-25.560,-9.539,-141.7,0.57,CLEAR(조향OFF)|STRAIGHT,,999.00,0.70,7.5,6.1,3271
53.00,-25.560,-9.539,-141.4,0.57,CLEAR(조향OFF)|STRAIGHT,,999.00,0.70,7.4,6.1,3271
53.05,-25.607,-9.577,-141.3,0.61,CLEAR(조향OFF)|STRAIGHT,,999.00,0.70,5.2,6.0,3271
53.10,-25.607,-9.577,-141.0,0.61,CLEAR(조향OFF)|STRAIGHT,,999.00,0.70,4.0,6.1,3271
53.15,-25.648,-9.616,-140.9,0.57,CLEAR(조향OFF)|STRAIGHT,,999.00,0.70,4.1,6.1,3271
53.20,-25.648,-9.616,-140.5,0.57,CLEAR(조향OFF)|STRAIGHT,,999.00,0.70,4.0,6.1,3271
53.25,-25.689,-9.659,-140.4,0.58,CLEAR(조향OFF)|STRAIGHT,,999.00,0.70,3.8,6.1,3261
53.30,-25.689,-9.659,-140.0,0.58,CLEAR(조향OFF)|STRAIGHT,,999.00,0.70,3.7,6.0,3280
53.35,-25.738,-9.703,-139.8,0.60,CLEAR(조향OFF)|STRAIGHT,,999.00,0.70,3.6,5.6,3309
53.40,-25.738,-9.703,-139.5,0.60,CLEAR(조향OFF)|STRAIGHT,,999.00,0.70,3.5,5.5,3329
53.45,-25.784,-9.752,-139.4,0.67,CLEAR(조향OFF)|STRAIGHT,,999.00,0.70,3.0,5.5,3349
53.50,-25.784,-9.752,-139.0,0.67,CLEAR(조향OFF)|STRAIGHT,,999.00,0.70,2.9,5.5,3339
53.55,-25.837,-9.792,-138.9,0.67,CLEAR(조향OFF)|STRAIGHT,,999.00,0.70,3.0,5.3,3349
53.60,-25.837,-9.792,-138.6,0.67,CLEAR(조향OFF)|STRAIGHT,,999.00,0.70,2.9,5.3,3349
53.65,-25.892,-9.839,-138.4,0.71,CLEAR(조향OFF)|STRAIGHT,,999.00,0.70,2.7,5.3,3359
53.70,-25.892,-9.839,-138.1,0.71,CLEAR(조향OFF)|STRAIGHT,,999.00,0.70,2.6,5.3,3359
53.75,-25.941,-9.887,-137.9,0.77,CLEAR(조향OFF)|STRAIGHT,,999.00,0.70,2.2,5.3,3369
53.80,-25.941,-9.887,-137.6,0.77,CLEAR(조향OFF)|STRAIGHT,,999.00,0.70,2.1,5.4,3349
53.85,-25.988,-9.933,-137.5,0.66,CLEAR(조향OFF)|STRAIGHT,,999.00,0.70,0.5,5.3,3359
53.90,-25.988,-9.933,-137.2,0.66,CLEAR(조향OFF)|STRAIGHT,,999.00,0.70,0.4,4.5,3441
53.95,-26.042,-9.984,-137.1,0.74,CLEAR(조향OFF)|STRAIGHT,,999.00,0.70,0.1,4.0,3516
54.00,-26.042,-9.984,-136.9,0.74,CLEAR(조향OFF)|STRAIGHT,,999.00,0.70,0.1,3.5,3572
54.05,-26.094,-10.042,-136.8,0.78,CLEAR(조향OFF)|STRAIGHT,,999.00,0.70,-0.2,3.2,3630
54.10,-26.094,-10.042,-136.7,0.78,CLEAR(조향OFF)|STRAIGHT,,999.00,0.70,-0.3,2.8,3677
54.15,-26.153,-10.092,-136.7,0.77,CLEAR(조향OFF)|STRAIGHT,,999.00,0.70,-0.3,2.6,3726
54.20,-26.153,-10.092,-136.5,0.77,CLEAR(조향OFF)|STRAIGHT,,999.00,0.70,-0.3,2.3,3751
54.25,-26.201,-10.144,-136.5,0.71,CLEAR(조향OFF)|STRAIGHT,,999.00,0.70,-0.4,2.4,3751
54.30,-26.201,-10.144,-136.4,0.71,CLEAR(조향OFF)|STRAIGHT,,999.00,0.70,-0.4,2.4,3776
54.35,-26.253,-10.203,-136.3,0.71,CLEAR(조향OFF)|STRAIGHT,,999.00,0.70,-0.7,2.4,3788
54.40,-26.253,-10.203,-136.3,0.71,CLEAR(조향OFF)|STRAIGHT,,999.00,0.70,-0.7,2.3,3776
54.45,-26.316,-10.256,-136.2,0.82,CLEAR(조향OFF)|STRAIGHT,,999.00,0.70,-1.0,2.4,3801
54.50,-26.316,-10.256,-136.0,0.82,CLEAR(조향OFF)|STRAIGHT,,999.00,0.70,-1.1,2.4,3788
54.55,-26.366,-10.308,-136.0,0.80,CLEAR(조향OFF)|STRAIGHT,,999.00,0.70,-1.9,2.4,3801
54.60,-26.366,-10.308,-135.8,0.80,CLEAR(조향OFF)|STRAIGHT,,999.00,0.70,-2.0,2.1,3814
54.65,-26.417,-10.370,-135.7,0.80,CLEAR(조향OFF)|STRAIGHT,,999.00,0.70,-2.3,1.9,3840
54.70,-26.417,-10.370,-135.6,0.80,AVOID(조향OFF)|RIGHT,,8.00,0.70,-2.4,1.7,3880
54.75,-26.480,-10.435,-135.6,0.91,AVOID(조향OFF)|RIGHT,,8.00,0.70,-2.7,1.3,3948
54.80,-26.480,-10.435,-135.5,0.91,AVOID(조향OFF)|RIGHT,,8.00,0.70,-2.7,1.0,3976
54.85,-26.541,-10.491,-135.5,0.82,AVOID(조향OFF)|RIGHT,,8.00,0.70,-2.9,0.9,4033
54.90,-26.541,-10.491,-135.5,0.82,AVOID(조향OFF)|RIGHT,,8.00,0.70,-2.9,0.9,4018
54.95,-26.600,-10.543,-135.4,0.79,AVOID(조향OFF)|RIGHT,,8.00,0.70,-3.0,0.8,4033
55.00,-26.600,-10.543,-135.4,0.79,CLEAR(조향OFF)|STRAIGHT,,999.00,0.70,-3.0,0.8,4047
55.05,-26.660,-10.604,-135.4,0.86,AVOID(조향OFF)|RIGHT,,8.00,0.70,-3.4,0.5,4077
55.10,-26.660,-10.604,-135.4,0.86,AVOID(조향OFF)|RIGHT,,8.00,0.70,-3.4,0.3,4106
55.15,-26.719,-10.673,-135.4,0.91,AVOID(조향OFF)|RIGHT,,8.00,0.70,-3.5,0.3,4137
55.20,-26.719,-10.673,-135.5,0.91,AVOID(조향OFF)|RIGHT,,8.00,0.69,-3.5,0.2,4137
55.25,-26.775,-10.730,-135.5,0.79,AVOID(조향OFF)|RIGHT,,8.00,0.69,-3.8,0.0,4167
55.30,-26.775,-10.730,-135.6,0.79,AVOID(조향OFF)|RIGHT,,8.00,0.69,-3.8,-0.0,4183
55.35,-26.839,-10.785,-135.6,0.71,AVOID(조향OFF)|RIGHT,,8.00,0.69,-4.0,-0.0,4167
55.40,-26.839,-10.785,-135.7,0.71,AVOID(조향OFF)|RIGHT,,8.00,0.69,-4.0,-0.2,4198
55.45,-26.901,-10.847,-135.7,1.09,AVOID(조향OFF)|RIGHT,,8.00,0.69,-4.0,-0.2,4214
55.50,-26.901,-10.847,-135.7,1.09,AVOID(조향OFF)|RIGHT,,8.00,0.69,-4.0,-0.2,4198
55.55,-26.964,-10.907,-135.7,0.80,AVOID(조향OFF)|RIGHT,,8.00,0.69,-4.5,-0.1,4183
55.60,-26.964,-10.907,-135.8,0.80,AVOID(조향OFF)|RIGHT,,8.00,0.69,-4.5,-0.1,4230
55.65,-27.026,-10.970,-135.8,0.88,AVOID(조향OFF)|RIGHT,,8.00,0.69,-4.8,-0.1,4214
55.70,-27.026,-10.970,-135.9,0.88,AVOID(조향OFF)|RIGHT,,8.00,0.69,-4.8,-0.7,4262
55.75,-27.086,-11.033,-135.9,0.95,AVOID(조향OFF)|RIGHT,,8.00,0.69,-4.3,-1.0,4278
55.80,-27.086,-11.033,-136.1,0.95,AVOID(조향OFF)|RIGHT,,8.00,0.69,-4.2,-1.1,4311
55.85,-27.152,-11.093,-136.1,0.90,AVOID(조향OFF)|RIGHT,,8.00,0.69,-4.5,-1.1,4328
55.90,-27.152,-11.093,-136.2,0.90,AVOID(조향OFF)|RIGHT,,8.00,0.69,-4.5,-1.3,4344
55.95,-27.209,-11.152,-136.4,0.82,AVOID(조향OFF)|RIGHT,,8.00,0.69,-4.8,-1.4,4344
56.00,-27.209,-11.152,-136.5,0.82,AVOID(조향OFF)|RIGHT,,8.00,0.69,-4.8,-1.3,4344
56.05,-27.273,-11.218,-136.5,0.92,AVOID(조향OFF)|RIGHT,,8.00,0.69,-5.0,-1.4,4344
56.10,-27.273,-11.218,-136.7,0.92,AVOID(조향OFF)|RIGHT,,8.00,0.69,-5.0,-1.3,4344
56.15,-27.346,-11.277,-136.8,0.93,AVOID(조향OFF)|RIGHT,,8.00,0.69,-5.1,-1.4,4361
56.20,-27.346,-11.277,-137.0,0.93,AVOID(조향OFF)|RIGHT,,8.00,0.69,-5.0,-1.4,4311
56.25,-27.410,-11.341,-137.1,0.90,CLEAR(조향OFF)|STRAIGHT,,999.00,0.69,-5.4,-1.3,4361
56.30,-27.410,-11.341,-137.3,0.90,CLEAR(조향OFF)|STRAIGHT,,999.00,0.69,-5.4,-1.4,4378
56.35,-27.477,-11.394,-137.4,0.78,CLEAR(조향OFF)|STRAIGHT,,999.00,0.69,-4.6,-1.5,4378
56.40,-27.477,-11.394,-137.5,0.78,CLEAR(조향OFF)|STRAIGHT,,999.00,0.69,-4.6,-1.5,4361
56.45,-27.544,-11.459,-137.6,0.93,AVOID(조향OFF)|RIGHT,,8.00,0.69,-4.6,-1.5,4361
56.50,-27.544,-11.459,-137.8,0.93,AVOID(조향OFF)|RIGHT,,8.00,0.69,-4.6,-1.6,4395
56.55,-27.609,-11.522,-137.8,0.91,CLEAR(조향OFF)|STRAIGHT,,999.00,0.69,-4.9,-1.7,4395
56.60,-27.609,-11.522,-138.0,0.91,CLEAR(조향OFF)|STRAIGHT,,999.00,0.69,-4.8,-1.6,4395
56.65,-27.675,-11.583,-138.1,0.90,CLEAR(조향OFF)|STRAIGHT,,999.00,0.69,-5.2,-1.7,4378
56.70,-27.675,-11.583,-138.3,0.90,CLEAR(조향OFF)|STRAIGHT,,999.00,0.69,-5.1,-1.6,4395
56.75,-27.751,-11.638,-138.3,1.03,CLEAR(조향OFF)|STRAIGHT,,999.00,0.69,-5.0,-1.7,4378
56.80,-27.751,-11.638,-138.5,1.03,AVOID(조향OFF)|RIGHT,,8.00,0.69,-4.9,-1.7,4395
56.85,-27.821,-11.701,-138.6,0.94,AVOID(조향OFF)|RIGHT,,8.00,0.69,-4.2,-1.8,4395
56.90,-27.821,-11.701,-138.8,0.94,CLEAR(조향OFF)|STRAIGHT,,999.00,0.69,-4.2,-1.9,4412
56.95,-27.887,-11.764,-138.9,0.91,CLEAR(조향OFF)|STRAIGHT,,999.00,0.69,-4.5,-1.9,4447
57.00,-27.887,-11.764,-139.0,0.91,AVOID(조향OFF)|RIGHT,,8.00,0.69,-4.4,-1.8,4447
57.05,-27.960,-11.826,-139.1,0.96,AVOID(조향OFF)|RIGHT,,8.00,0.69,-4.6,-2.0,4430
57.10,-27.960,-11.826,-139.4,0.96,CLEAR(조향OFF)|STRAIGHT,,999.00,0.69,-4.5,-2.0,4447
57.15,-28.037,-11.889,-139.5,0.99,CLEAR(조향OFF)|STRAIGHT,,999.00,0.69,-4.6,-2.0,4447
57.20,-28.037,-11.889,-139.7,0.99,CLEAR(조향OFF)|STRAIGHT,,999.00,0.69,-4.5,-2.0,4447
57.25,-28.103,-11.949,-139.9,0.89,CLEAR(조향OFF)|STRAIGHT,,999.00,0.69,-5.0,-1.9,4430
57.30,-28.103,-11.949,-140.0,0.89,CLEAR(조향OFF)|STRAIGHT,,999.00,0.69,-4.9,-2.0,4447
57.35,-28.176,-12.006,-140.1,0.78,CLEAR(조향OFF)|STRAIGHT,,999.00,0.69,-4.0,-2.0,4430
57.40,-28.176,-12.006,-140.4,0.78,CLEAR(조향OFF)|STRAIGHT,,999.00,0.69,-3.9,-2.0,4447
57.45,-28.247,-12.072,-140.4,1.07,CLEAR(조향OFF)|STRAIGHT,,999.00,0.69,-3.8,-1.9,4447
57.50,-28.247,-12.072,-140.6,1.07,CLEAR(조향OFF)|STRAIGHT,,999.00,0.69,-3.7,-2.0,4447
57.55,-28.317,-12.131,-140.7,0.83,CLEAR(조향OFF)|STRAIGHT,,999.00,0.69,-4.3,-1.9,4447
57.60,-28.317,-12.131,-140.9,0.83,CLEAR(조향OFF)|STRAIGHT,,999.00,0.69,-4.3,-1.9,4465
57.65,-28.394,-12.183,-141.0,1.03,CLEAR(조향OFF)|STRAIGHT,,999.00,0.69,-3.9,-2.0,4447
57.70,-28.466,-12.246,-141.2,1.07,CLEAR(조향OFF)|STRAIGHT,,999.00,0.69,-3.9,-1.9,4447
57.75,-28.466,-12.246,-141.3,1.07,CLEAR(조향OFF)|STRAIGHT,,999.00,0.69,-4.1,-2.1,4447
57.80,-28.466,-12.246,-141.5,1.07,CLEAR(조향OFF)|STRAIGHT,,999.00,0.69,-4.0,-2.1,4447
57.85,-28.536,-12.308,-141.6,0.93,CLEAR(조향OFF)|STRAIGHT,,999.00,0.69,-4.6,-2.0,4447
57.91,-28.536,-12.308,-141.8,0.93,CLEAR(조향OFF)|STRAIGHT,,999.00,0.69,-4.5,-2.0,4430
57.95,-28.610,-12.367,-142.0,0.86,CLEAR(조향OFF)|STRAIGHT,,999.00,0.69,-3.5,-2.0,4430
58.00,-28.610,-12.367,-142.2,0.86,CLEAR(조향OFF)|STRAIGHT,,999.00,0.69,-3.4,-2.0,4447
58.05,-28.694,-12.417,-142.3,0.97,CLEAR(조향OFF)|STRAIGHT,,999.00,0.69,-3.2,-2.0,4447
58.10,-28.694,-12.417,-142.6,0.97,CLEAR(조향OFF)|STRAIGHT,,999.00,0.69,-3.1,-2.0,4447
58.15,-28.769,-12.476,-142.7,0.96,CLEAR(조향OFF)|STRAIGHT,,999.00,0.69,-3.2,-2.0,4447
58.20,-28.769,-12.476,-142.9,0.96,CLEAR(조향OFF)|STRAIGHT,,999.00,0.69,-3.2,-2.0,4447
58.25,-28.769,-12.476,-143.0,0.96,CLEAR(조향OFF)|STRAIGHT,,999.00,0.69,-3.0,-2.0,4465
58.30,-28.851,-12.528,-143.2,0.69,CLEAR(조향OFF)|STRAIGHT,,999.00,0.69,-3.6,-2.0,4447
58.35,-28.851,-12.528,-143.3,0.69,CLEAR(조향OFF)|STRAIGHT,,999.00,0.69,-3.4,-2.0,4447
58.40,-28.851,-12.528,-143.5,0.69,CLEAR(조향OFF)|STRAIGHT,,999.00,0.69,-3.4,-2.0,4465
58.45,-28.998,-12.646,-143.6,1.11,CLEAR(조향OFF)|STRAIGHT,,999.00,0.69,-2.2,-2.0,4465
58.50,-28.998,-12.646,-143.8,1.11,CLEAR(조향OFF)|STRAIGHT,,999.00,0.69,-2.1,-2.0,4447
58.55,-29.075,-12.697,-143.9,0.92,CLEAR(조향OFF)|STRAIGHT,,999.00,0.69,-2.3,-2.0,4465
58.60,-29.075,-12.697,-144.0,0.92,CLEAR(조향OFF)|STRAIGHT,,999.00,0.69,-2.3,-1.9,4465
58.65,-29.158,-12.754,-144.1,1.12,CLEAR(조향OFF)|STRAIGHT,,999.00,0.69,-2.0,-1.9,4465
58.70,-29.158,-12.754,-144.3,1.12,CLEAR(조향OFF)|STRAIGHT,,999.00,0.69,-2.0,-1.9,4447
58.75,-29.225,-12.813,-144.4,0.99,CLEAR(조향OFF)|STRAIGHT,,999.00,0.69,-2.3,-1.9,4447
58.80,-29.225,-12.813,-144.6,0.99,CLEAR(조향OFF)|STRAIGHT,,999.00,0.69,-2.2,-2.0,4447
58.85,-29.299,-12.869,-144.7,0.93,CLEAR(조향OFF)|STRAIGHT,,999.00,0.69,-2.4,-2.0,4465
58.90,-29.299,-12.869,-145.0,0.93,CLEAR(조향OFF)|STRAIGHT,,999.00,0.69,-2.3,-2.0,4447
58.95,-29.382,-12.917,-145.1,0.96,CLEAR(조향OFF)|STRAIGHT,,999.00,0.69,-1.3,-2.0,4483
59.00,-29.382,-12.917,-145.3,0.96,CLEAR(조향OFF)|STRAIGHT,,999.00,0.69,-1.3,-2.0,4483
59.05,-29.382,-12.917,-145.4,0.96,CLEAR(조향OFF)|STRAIGHT,,999.00,0.69,-1.1,-2.0,4483
59.10,-29.457,-12.963,-145.7,0.59,CLEAR(조향OFF)|STRAIGHT,,999.00,0.69,-1.4,-2.1,4465
59.15,-29.457,-12.963,-145.7,0.59,CLEAR(조향OFF)|STRAIGHT,,999.00,0.69,-1.2,-1.9,4465
59.20,-29.457,-12.963,-145.9,0.59,CLEAR(조향OFF)|STRAIGHT,,999.00,0.69,-1.2,-2.0,4447
59.25,-29.614,-13.072,-146.1,1.19,CLEAR(조향OFF)|STRAIGHT,,999.00,0.69,-0.8,-2.1,4483
59.30,-29.614,-13.072,-146.2,1.19,CLEAR(조향OFF)|STRAIGHT,,999.00,0.69,-0.7,-2.0,4465
59.35,-29.686,-13.128,-146.3,0.83,CLEAR(조향OFF)|STRAIGHT,,999.00,0.69,-1.1,-2.1,4465
59.40,-29.686,-13.128,-146.6,0.83,CLEAR(조향OFF)|STRAIGHT,,999.00,0.69,-1.0,-2.0,4465
59.45,-29.764,-13.181,-146.6,1.18,CLEAR(조향OFF)|STRAIGHT,,999.00,0.69,-0.6,-1.9,4483
59.50,-29.764,-13.181,-146.8,1.18,CLEAR(조향OFF)|STRAIGHT,,999.00,0.69,-0.5,-2.0,4447
59.55,-29.845,-13.234,-146.9,0.88,CLEAR(조향OFF)|STRAIGHT,,999.00,0.69,-0.1,-2.0,4465
59.60,-29.845,-13.234,-147.1,0.88,CLEAR(조향OFF)|STRAIGHT,,999.00,0.69,-0.1,-2.1,4465
59.65,-29.932,-13.282,-147.2,0.99,CLEAR(조향OFF)|STRAIGHT,,999.00,0.69,0.2,-2.0,4465
59.70,-29.932,-13.282,-147.4,0.99,CLEAR(조향OFF)|STRAIGHT,,999.00,0.69,0.3,-2.0,4447
59.75,-30.010,-13.332,-147.6,1.02,CLEAR(조향OFF)|STRAIGHT,,999.00,0.69,0.5,-2.0,4483
59.80,-30.010,-13.332,-147.8,1.02,CLEAR(조향OFF)|STRAIGHT,,999.00,0.69,0.5,-1.2,4378
59.85,-30.092,-13.383,-147.8,0.97,CLEAR(조향OFF)|STRAIGHT,,999.00,0.69,0.7,-0.8,4361
59.90,-30.092,-13.383,-148.0,0.97,CLEAR(조향OFF)|STRAIGHT,,999.00,0.69,0.7,-0.7,4344
59.95,-30.170,-13.432,-148.1,0.92,CLEAR(조향OFF)|STRAIGHT,,999.00,0.69,0.9,-0.6,4311
60.00,-30.170,-13.432,-148.3,0.92,CLEAR(조향OFF)|STRAIGHT,,999.00,0.69,1.0,-0.8,4328
60.05,-30.248,-13.482,-148.4,0.93,CLEAR(조향OFF)|STRAIGHT,,999.00,0.68,1.3,-0.7,4311
60.10,-30.248,-13.482,-148.5,0.93,CLEAR(조향OFF)|STRAIGHT,,999.00,0.68,1.3,-0.8,4295
60.15,-30.335,-13.529,-148.6,0.99,CLEAR(조향OFF)|STRAIGHT,,999.00,0.68,1.6,-1.0,4328
60.20,-30.335,-13.529,-148.6,0.99,CLEAR(조향OFF)|STRAIGHT,,999.00,0.68,1.6,-0.8,4328
60.25,-30.418,-13.584,-148.6,0.90,CLEAR(조향OFF)|STRAIGHT,,999.00,0.68,1.7,-0.8,4295
60.31,-30.418,-13.584,-148.8,0.90,CLEAR(조향OFF)|STRAIGHT,,999.00,0.68,1.8,-0.7,4311
60.35,-30.497,-13.640,-148.9,0.97,CLEAR(조향OFF)|STRAIGHT,,999.00,0.68,1.9,-0.5,4295
60.40,-30.497,-13.640,-149.0,0.97,CLEAR(조향OFF)|STRAIGHT,,999.00,0.68,1.9,-0.3,4278
60.45,-30.582,-13.684,-149.0,0.95,CLEAR(조향OFF)|STRAIGHT,,999.00,0.68,2.3,-0.3,4262
60.50,-30.582,-13.684,-149.1,0.95,CLEAR(조향OFF)|STRAIGHT,,999.00,0.68,2.4,-0.3,4262
60.55,-30.669,-13.730,-149.2,0.99,CLEAR(조향OFF)|STRAIGHT,,999.00,0.66,2.4,-0.1,4246
60.60,-30.669,-13.730,-149.3,0.99,CLEAR(조향OFF)|STRAIGHT,,999.00,0.66,2.4,0.2,4214
60.65,-30.754,-13.780,-149.3,1.08,CLEAR(조향OFF)|STRAIGHT,,999.00,0.66,2.6,0.2,4198
60.70,-30.754,-13.780,-149.4,1.08,CLEAR(조향OFF)|STRAIGHT,,999.00,0.66,2.6,0.2,4198
60.75,-30.838,-13.833,-149.4,1.00,CLEAR(조향OFF)|STRAIGHT,,999.00,0.66,2.9,0.2,4198
60.80,-30.838,-13.833,-149.5,1.00,CLEAR(조향OFF)|STRAIGHT,,999.00,0.66,3.0,0.2,4198
60.85,-30.922,-13.884,-149.6,0.99,CLEAR(조향OFF)|STRAIGHT,,999.00,0.66,3.3,0.2,4183
60.90,-30.922,-13.884,-149.7,0.99,CLEAR(조향OFF)|STRAIGHT,,999.00,0.66,3.3,0.2,4183
60.95,-31.007,-13.939,-149.8,1.01,CLEAR(조향OFF)|STRAIGHT,,999.00,0.66,3.6,0.2,4167
61.00,-31.007,-13.939,-149.9,1.01,CLEAR(조향OFF)|STRAIGHT,,999.00,0.66,3.7,0.2,4183
61.05,-31.095,-13.991,-150.0,1.02,CLEAR(조향OFF)|STRAIGHT,,999.00,0.65,3.4,0.6,4167
61.10,-31.095,-13.991,-149.9,1.02,CLEAR(조향OFF)|STRAIGHT,,999.00,0.65,3.4,1.0,4092
61.15,-31.187,-14.039,-149.9,0.95,CLEAR(조향OFF)|STRAIGHT,,999.00,0.65,3.9,1.2,4047
61.20,-31.187,-14.039,-150.0,0.95,CLEAR(조향OFF)|STRAIGHT,,999.00,0.65,3.9,1.3,4033
61.25,-31.270,-14.092,-149.9,1.09,CLEAR(조향OFF)|STRAIGHT,,999.00,0.65,3.9,1.3,4033
61.30,-31.270,-14.092,-149.9,1.09,CLEAR(조향OFF)|STRAIGHT,,999.00,0.65,3.9,1.3,4033
61.35,-31.353,-14.146,-149.9,0.83,CLEAR(조향OFF)|STRAIGHT,,999.00,0.65,4.6,1.3,4018
61.40,-31.353,-14.146,-149.8,0.83,CLEAR(조향OFF)|STRAIGHT,,999.00,0.65,4.6,1.4,4004
61.45,-31.442,-14.197,-149.8,1.28,CLEAR(조향OFF)|STRAIGHT,,999.00,0.65,4.1,1.2,4018
61.50,-31.442,-14.197,-149.8,1.28,CLEAR(조향OFF)|STRAIGHT,,999.00,0.65,4.2,1.3,4018
61.55,-31.532,-14.250,-149.8,1.04,CLEAR(조향OFF)|STRAIGHT,,999.00,0.63,4.1,1.3,3990
61.60,-31.532,-14.250,-149.8,1.04,CLEAR(조향OFF)|STRAIGHT,,999.00,0.63,4.1,1.5,3990
61.65,-31.623,-14.304,-149.8,0.96,CLEAR(조향OFF)|STRAIGHT,,999.00,0.63,4.5,1.9,3948
61.70,-31.623,-14.304,-149.7,0.96,CLEAR(조향OFF)|STRAIGHT,,999.00,0.63,4.5,1.8,3934
61.75,-31.704,-14.365,-149.7,1.12,CLEAR(조향OFF)|STRAIGHT,,999.00,0.63,4.4,2.1,3907
61.80,-31.704,-14.365,-149.6,1.12,CLEAR(조향OFF)|STRAIGHT,,999.00,0.63,4.4,2.4,3867
61.85,-31.704,-14.365,-149.5,1.12,CLEAR(조향OFF)|STRAIGHT,,999.00,0.63,4.3,2.4,3840
61.90,-31.794,-14.420,-149.3,0.70,CLEAR(조향OFF)|STRAIGHT,,999.00,0.63,5.5,2.4,3853
61.95,-31.794,-14.420,-149.3,0.70,CLEAR(조향OFF)|STRAIGHT,,999.00,0.63,5.4,2.5,3827
62.00,-31.794,-14.420,-149.1,0.70,CLEAR(조향OFF)|STRAIGHT,,999.00,0.63,5.3,2.5,3827
62.05,-31.983,-14.528,-149.1,1.36,CLEAR(조향OFF)|STRAIGHT,,999.00,0.61,4.1,2.7,3801
62.10,-31.983,-14.528,-148.9,1.36,CLEAR(조향OFF)|STRAIGHT,,999.00,0.61,4.0,2.9,3763
62.15,-32.069,-14.587,-148.8,1.16,CLEAR(조향OFF)|STRAIGHT,,999.00,0.61,4.4,2.9,3788
62.20,-32.069,-14.587,-148.5,1.16,CLEAR(조향OFF)|STRAIGHT,,999.00,0.61,4.4,2.9,3763
62.25,-32.165,-14.642,-148.5,1.11,CLEAR(조향OFF)|STRAIGHT,,999.00,0.61,4.7,2.9,3751
62.30,-32.165,-14.642,-148.3,1.11,CLEAR(조향OFF)|STRAIGHT,,999.00,0.61,4.7,2.9,3763
62.35,-32.249,-14.706,-148.2,0.95,CLEAR(조향OFF)|STRAIGHT,,999.00,0.61,5.1,2.9,3763
62.40,-32.249,-14.706,-148.1,0.95,CLEAR(조향OFF)|STRAIGHT,,999.00,0.61,5.1,2.8,3751
62.45,-32.341,-14.766,-148.0,1.10,CLEAR(조향OFF)|STRAIGHT,,999.00,0.61,5.2,2.9,3751
62.50,-32.341,-14.766,-147.9,1.10,CLEAR(조향OFF)|STRAIGHT,,999.00,0.61,5.1,2.9,3763
62.55,-32.434,-14.824,-147.8,1.09,CLEAR(조향OFF)|STRAIGHT,,999.00,0.56,4.5,2.9,3738
62.60,-32.434,-14.824,-147.6,1.09,CLEAR(조향OFF)|STRAIGHT,,999.00,0.56,4.4,2.9,3738
62.65,-32.531,-14.883,-147.5,1.26,CLEAR(조향OFF)|STRAIGHT,,999.00,0.56,4.5,2.9,3738
62.70,-32.531,-14.883,-147.3,1.26,CLEAR(조향OFF)|STRAIGHT,,999.00,0.56,4.5,2.7,3763
62.75,-32.623,-14.946,-147.2,1.11,CLEAR(조향OFF)|STRAIGHT,,999.00,0.56,4.9,2.9,3763
62.80,-32.623,-14.946,-147.0,1.11,CLEAR(조향OFF)|STRAIGHT,,999.00,0.56,4.8,2.9,3738
62.85,-32.715,-15.012,-146.9,1.13,CLEAR(조향OFF)|STRAIGHT,,999.00,0.56,5.0,2.9,3751
62.90,-32.715,-15.012,-146.7,1.13,CLEAR(조향OFF)|STRAIGHT,,999.00,0.56,5.0,2.9,3751
62.95,-32.806,-15.068,-146.5,1.07,CLEAR(조향OFF)|STRAIGHT,,999.00,0.53,4.5,3.0,3738
63.00,-32.806,-15.068,-146.4,1.07,CLEAR(조향OFF)|STRAIGHT,,999.00,0.53,4.4,2.9,3763
63.05,-32.896,-15.135,-146.3,1.11,CLEAR(조향OFF)|STRAIGHT,,999.00,0.53,4.6,2.9,3738
63.10,-32.896,-15.135,-146.1,1.11,CLEAR(조향OFF)|STRAIGHT,,999.00,0.53,4.5,2.7,3751
63.15,-32.989,-15.206,-146.0,1.17,CLEAR(조향OFF)|STRAIGHT,,999.00,0.53,4.7,2.9,3738
63.20,-32.989,-15.206,-145.8,1.17,CLEAR(조향OFF)|STRAIGHT,,999.00,0.53,4.6,2.9,3751
63.25,-33.085,-15.271,-145.8,1.16,CLEAR(조향OFF)|STRAIGHT,,999.00,0.53,5.0,2.9,3701
63.30,-33.085,-15.271,-145.6,1.16,CLEAR(조향OFF)|STRAIGHT,,999.00,0.53,4.9,2.9,3751
63.35,-33.180,-15.340,-145.5,1.07,CLEAR(조향OFF)|STRAIGHT,,999.00,0.48,4.6,2.9,3751
63.40,-33.180,-15.340,-145.3,1.07,CLEAR(조향OFF)|STRAIGHT,,999.00,0.48,4.6,2.9,3751
63.45,-33.268,-15.414,-145.3,1.27,CLEAR(조향OFF)|STRAIGHT,,999.00,0.48,4.6,2.9,3751
63.51,-33.268,-15.414,-145.0,1.27,CLEAR(조향OFF)|STRAIGHT,,999.00,0.48,4.5,2.9,3751
63.55,-33.360,-15.478,-144.9,1.02,CLEAR(조향OFF)|STRAIGHT,,999.00,0.48,5.0,2.9,3738
63.60,-33.360,-15.478,-144.7,1.02,CLEAR(조향OFF)|STRAIGHT,,999.00,0.48,4.9,2.9,3751
63.65,-33.453,-15.544,-144.6,1.14,CLEAR(조향OFF)|STRAIGHT,,999.00,0.48,5.1,3.3,3701
63.70,-33.453,-15.544,-144.4,1.14,CLEAR(조향OFF)|STRAIGHT,,999.00,0.48,5.0,3.4,3689
63.75,-33.548,-15.616,-144.2,1.33,CLEAR(조향OFF)|STRAIGHT,,999.00,0.48,5.1,3.4,3689
63.80,-33.548,-15.616,-144.0,1.33,CLEAR(조향OFF)|STRAIGHT,,999.00,0.48,5.1,3.4,3689
63.85,-33.645,-15.676,-143.9,1.14,CLEAR(조향OFF)|STRAIGHT,,999.00,0.44,5.0,3.4,3677
63.90,-33.645,-15.676,-143.7,1.14,CLEAR(조향OFF)|STRAIGHT,,999.00,0.44,5.0,3.3,3665
63.95,-33.645,-15.676,-143.5,1.14,CLEAR(조향OFF)|STRAIGHT,,999.00,0.44,4.8,3.4,3677
64.00,-33.737,-15.751,-143.3,0.79,CLEAR(조향OFF)|STRAIGHT,,999.00,0.44,5.4,3.5,3665
64.05,-33.737,-15.751,-143.2,0.79,CLEAR(조향OFF)|STRAIGHT,,999.00,0.44,5.2,3.5,3665
64.10,-33.737,-15.751,-142.9,0.79,CLEAR(조향OFF)|STRAIGHT,,999.00,0.44,5.2,3.5,3653
64.15,-33.923,-15.904,-142.8,1.60,CLEAR(조향OFF)|STRAIGHT,,999.00,0.44,5.3,3.5,3653
64.20,-33.923,-15.904,-142.4,1.60,CLEAR(조향OFF)|STRAIGHT,,999.00,0.44,5.2,3.5,3641
64.25,-34.014,-15.977,-142.3,1.17,CLEAR(조향OFF)|STRAIGHT,,999.00,0.40,5.1,3.5,3653
64.31,-34.014,-15.977,-142.1,1.17,CLEAR(조향OFF)|STRAIGHT,,999.00,0.40,5.1,3.5,3653
64.35,-34.102,-16.052,-141.9,1.04,CLEAR(조향OFF)|STRAIGHT,,999.00,0.40,5.4,3.5,3653
64.40,-34.102,-16.052,-141.6,1.04,CLEAR(조향OFF)|STRAIGHT,,999.00,0.40,5.3,3.5,3641
64.45,-34.196,-16.127,-141.5,1.20,CLEAR(조향OFF)|STRAIGHT,,999.00,0.40,5.5,3.5,3641
64.50,-34.196,-16.127,-141.2,1.20,CLEAR(조향OFF)|STRAIGHT,,999.00,0.40,5.4,3.5,3641
64.55,-34.281,-16.205,-141.1,1.15,CLEAR(조향OFF)|STRAIGHT,,999.00,0.40,5.7,3.5,3653
64.60,-34.281,-16.205,-140.9,1.15,CLEAR(조향OFF)|STRAIGHT,,999.00,0.40,5.6,3.5,3653
64.65,-34.375,-16.276,-140.7,1.31,CLEAR(조향OFF)|STRAIGHT,,999.00,0.37,5.7,3.5,3641
64.70,-34.375,-16.276,-140.5,1.31,CLEAR(조향OFF)|STRAIGHT,,999.00,0.37,5.6,3.5,3641
64.75,-34.461,-16.356,-140.4,1.17,CLEAR(조향OFF)|STRAIGHT,,999.00,0.37,5.8,3.5,3641
64.80,-34.461,-16.356,-140.1,1.17,CLEAR(조향OFF)|STRAIGHT,,999.00,0.37,5.7,3.5,3630
64.85,-34.556,-16.427,-139.9,1.18,CLEAR(조향OFF)|STRAIGHT,,999.00,0.37,6.2,3.5,3653
64.90,-34.556,-16.427,-139.6,1.18,CLEAR(조향OFF)|STRAIGHT,,999.00,0.37,6.1,3.6,3653
64.95,-34.647,-16.502,-139.4,1.07,CLEAR(조향OFF)|STRAIGHT,,999.00,0.37,6.6,3.6,3641
65.00,-34.647,-16.502,-139.1,1.07,CLEAR(조향OFF)|STRAIGHT,,999.00,0.37,6.4,3.7,3618
65.05,-34.735,-16.579,-138.9,1.30,CLEAR(조향OFF)|STRAIGHT,,999.00,0.37,6.8,3.9,3618
65.10,-34.735,-16.579,-138.5,1.30,CLEAR(조향OFF)|STRAIGHT,,999.00,0.37,6.7,4.4,3549
65.15,-34.825,-16.657,-138.3,1.19,CLEAR(조향OFF)|STRAIGHT,,999.00,0.35,6.6,4.4,3527
65.20,-34.825,-16.657,-137.9,1.19,CLEAR(조향OFF)|STRAIGHT,,999.00,0.35,6.5,4.5,3527
65.25,-34.908,-16.739,-137.8,1.17,CLEAR(조향OFF)|STRAIGHT,,999.00,0.35,6.8,4.5,3505
65.30,-34.908,-16.739,-137.4,1.17,CLEAR(조향OFF)|STRAIGHT,,999.00,0.35,6.7,4.6,3505
65.35,-34.999,-16.822,-137.2,1.03,CLEAR(조향OFF)|STRAIGHT,,999.00,0.35,7.2,4.5,3505
65.40,-34.999,-16.822,-136.9,1.03,CLEAR(조향OFF)|STRAIGHT,,999.00,0.35,7.1,4.5,3494
65.45,-34.999,-16.822,-136.8,1.03,CLEAR(조향OFF)|STRAIGHT,,999.00,0.35,6.9,4.6,3494
65.50,-35.087,-16.899,-136.4,0.90,CLEAR(조향OFF)|STRAIGHT,,999.00,0.35,7.7,4.5,3505
65.55,-35.087,-16.899,-136.2,0.90,CLEAR(조향OFF)|STRAIGHT,,999.00,0.35,7.5,4.5,3505
65.60,-35.087,-16.899,-135.9,0.90,CLEAR(조향OFF)|STRAIGHT,,999.00,0.35,7.3,4.6,3483
65.65,-35.250,-17.071,-135.6,1.58,CLEAR(조향OFF)|STRAIGHT,,999.00,0.33,7.6,5.1,3451
65.70,-35.250,-17.071,-135.1,1.58,CLEAR(조향OFF)|STRAIGHT,,999.00,0.33,7.5,5.2,3430
65.75,-35.325,-17.160,-135.0,1.16,CLEAR(조향OFF)|STRAIGHT,,999.00,0.33,7.8,5.1,3430
65.80,-35.325,-17.160,-134.6,1.16,CLEAR(조향OFF)|STRAIGHT,,999.00,0.33,7.7,5.1,3420
65.85,-35.407,-17.244,-134.3,1.17,CLEAR(조향OFF)|STRAIGHT,,999.00,0.33,8.2,5.1,3430
65.90,-35.407,-17.244,-133.9,1.17,CLEAR(조향OFF)|STRAIGHT,,999.00,0.33,8.0,5.1,3420
65.95,-35.488,-17.326,-133.7,1.16,CLEAR(조향OFF)|STRAIGHT,,999.00,0.31,8.1,5.2,3399
66.00,-35.488,-17.326,-133.2,1.16,CLEAR(조향OFF)|STRAIGHT,,999.00,0.31,8.0,5.5,3369
66.05,-35.560,-17.414,-133.0,1.13,CLEAR(조향OFF)|STRAIGHT,,999.00,0.31,8.3,5.5,3359
66.10,-35.560,-17.414,-132.6,1.13,CLEAR(조향OFF)|STRAIGHT,,999.00,0.31,8.2,5.5,3349
66.15,-35.640,-17.502,-132.3,1.18,CLEAR(조향OFF)|STRAIGHT,,999.00,0.31,8.6,5.5,3359
66.20,-35.640,-17.502,-131.8,1.18,CLEAR(조향OFF)|STRAIGHT,,999.00,0.31,8.5,6.3,3280
66.25,-35.715,-17.591,-131.6,1.16,CLEAR(조향OFF)|STRAIGHT,,999.00,0.31,8.9,6.5,3233
66.30,-35.715,-17.591,-130.9,1.16,CLEAR(조향OFF)|STRAIGHT,,999.00,0.31,8.7,6.5,3233
66.35,-35.780,-17.694,-130.6,1.10,CLEAR(조향OFF)|STRAIGHT,,999.00,0.31,8.6,6.5,3233
66.40,-35.780,-17.694,-130.0,1.10,CLEAR(조향OFF)|STRAIGHT,,999.00,0.31,8.4,6.5,3233
66.45,-35.842,-17.781,-129.7,1.07,CLEAR(조향OFF)|STRAIGHT,,999.00,0.31,8.7,6.5,3224
66.50,-35.842,-17.781,-129.0,1.07,CLEAR(조향OFF)|STRAIGHT,,999.00,0.31,8.5,6.5,3215
66.55,-35.917,-17.882,-128.7,1.26,CLEAR(조향OFF)|STRAIGHT,,999.00,0.31,8.9,6.4,3224
66.60,-35.917,-17.882,-128.1,1.26,CLEAR(조향OFF)|STRAIGHT,,999.00,0.31,8.7,6.6,3215
66.65,-35.986,-17.973,-127.8,1.27,CLEAR(조향OFF)|STRAIGHT,,999.00,0.31,9.1,6.6,3215
66.71,-35.986,-17.973,-127.3,1.27,CLEAR(조향OFF)|STRAIGHT,,999.00,0.31,9.1,6.5,3205
66.75,-36.052,-18.066,-126.9,1.13,CLEAR(조향OFF)|STRAIGHT,,999.00,0.31,9.3,6.5,3205
66.80,-36.052,-18.066,-126.3,1.13,CLEAR(조향OFF)|STRAIGHT,,999.00,0.31,9.1,6.6,3205
66.85,-36.109,-18.165,-126.0,1.14,CLEAR(조향OFF)|STRAIGHT,,999.00,0.30,9.2,6.5,3215
66.90,-36.109,-18.165,-125.4,1.14,CLEAR(조향OFF)|STRAIGHT,,999.00,0.30,9.0,6.5,3169
66.95,-36.176,-18.265,-125.2,1.20,CLEAR(조향OFF)|STRAIGHT,,999.00,0.30,9.5,6.5,3215
67.00,-36.176,-18.265,-124.6,1.20,CLEAR(조향OFF)|STRAIGHT,,999.00,0.30,9.3,6.9,3152
67.05,-36.236,-18.369,-124.2,1.20,CLEAR(조향OFF)|STRAIGHT,,999.00,0.30,9.7,6.9,3143
67.10,-36.236,-18.369,-123.5,1.20,CLEAR(조향OFF)|STRAIGHT,,999.00,0.30,9.4,7.0,3134
67.15,-36.284,-18.474,-123.1,1.05,CLEAR(조향OFF)|STRAIGHT,,999.00,0.30,9.5,7.0,3152
67.20,-36.284,-18.474,-122.4,1.05,CLEAR(조향OFF)|STRAIGHT,,999.00,0.30,9.3,7.0,3143
67.25,-36.344,-18.568,-122.0,1.23,CLEAR(조향OFF)|STRAIGHT,,999.00,0.30,9.6,7.3,3117
67.30,-36.344,-18.568,-121.3,1.23,CLEAR(조향OFF)|STRAIGHT,,999.00,0.30,9.5,7.1,3108
67.35,-36.407,-18.674,-121.0,1.03,CLEAR(조향OFF)|STRAIGHT,,999.00,0.30,9.8,7.4,3083
67.40,-36.407,-18.674,-120.3,1.03,CLEAR(조향OFF)|STRAIGHT,,999.00,0.30,9.6,7.3,3108
67.45,-36.471,-18.772,-120.0,1.45,CLEAR(조향OFF)|STRAIGHT,,999.00,0.30,10.2,7.3,3108
67.50,-36.471,-18.772,-119.4,1.45,CLEAR(조향OFF)|STRAIGHT,,999.00,0.30,10.1,7.3,3100
67.55,-36.514,-18.884,-119.0,1.09,CLEAR(조향OFF)|STRAIGHT,,999.00,0.30,10.3,7.3,3108
67.60,-36.514,-18.884,-118.4,1.09,CLEAR(조향OFF)|STRAIGHT,,999.00,0.30,10.2,7.3,3100
67.65,-36.564,-19.001,-118.0,1.40,CLEAR(조향OFF)|STRAIGHT,,999.00,0.30,10.4,7.5,3074
67.70,-36.564,-19.001,-117.4,1.40,CLEAR(조향OFF)|STRAIGHT,,999.00,0.30,10.2,7.8,3057
67.75,-36.619,-19.108,-116.9,1.09,CLEAR(조향OFF)|STRAIGHT,,999.00,0.30,10.7,7.8,3025
67.80,-36.619,-19.108,-116.1,1.09,CLEAR(조향OFF)|STRAIGHT,,999.00,0.30,10.4,7.8,3033
67.85,-36.660,-19.222,-115.7,1.33,CLEAR(조향OFF)|STRAIGHT,,999.00,0.30,10.8,7.9,3033
67.90,-36.660,-19.222,-114.9,1.33,CLEAR(조향OFF)|STRAIGHT,,999.00,0.30,10.5,8.1,3000
67.95,-36.706,-19.335,-114.5,1.11,CLEAR(조향OFF)|STRAIGHT,,999.00,0.30,11.0,8.1,3016
68.00,-36.706,-19.335,-113.7,1.11,CLEAR(조향OFF)|STRAIGHT,,999.00,0.30,10.7,8.1,3008
68.05,-36.758,-19.451,-113.3,1.27,CLEAR(조향OFF)|STRAIGHT,,999.00,0.30,11.0,8.4,2961
68.10,-36.758,-19.451,-112.5,1.27,CLEAR(조향OFF)|STRAIGHT,,999.00,0.30,10.8,8.6,2953
68.15,-36.795,-19.565,-112.1,1.32,CLEAR(조향OFF)|STRAIGHT,,999.00,0.30,11.1,8.6,2938
68.20,-36.795,-19.565,-111.2,1.32,CLEAR(조향OFF)|STRAIGHT,,999.00,0.30,10.9,8.6,2938
68.25,-36.842,-19.687,-110.8,1.32,CLEAR(조향OFF)|STRAIGHT,,999.00,0.30,11.5,8.7,2930
68.30,-36.842,-19.687,-109.9,1.32,CLEAR(조향OFF)|STRAIGHT,,999.00,0.30,11.2,8.7,2922
68.35,-36.881,-19.795,-109.6,0.95,CLEAR(조향OFF)|STRAIGHT,,999.00,0.30,11.9,8.9,2885
68.40,-36.881,-19.795,-108.5,0.95,CLEAR(조향OFF)|STRAIGHT,,999.00,0.30,11.6,8.9,2885
68.45,-36.911,-19.920,-108.0,1.43,CLEAR(조향OFF)|STRAIGHT,,999.00,0.30,11.3,8.9,2885
68.50,-36.911,-19.920,-106.9,1.43,CLEAR(조향OFF)|STRAIGHT,,999.00,0.30,11.1,8.9,2885
68.55,-36.938,-20.037,-106.4,1.09,CLEAR(조향OFF)|STRAIGHT,,999.00,0.30,11.4,8.9,2885
68.60,-36.938,-20.037,-105.3,1.09,CLEAR(조향OFF)|STRAIGHT,,999.00,0.30,11.1,9.0,2878
68.65,-36.957,-20.170,-104.8,1.47,CLEAR(조향OFF)|STRAIGHT,,999.00,0.30,11.3,9.0,2878
68.70,-36.957,-20.170,-103.9,1.47,CLEAR(조향OFF)|STRAIGHT,,999.00,0.30,11.2,9.0,2885
68.75,-36.990,-20.300,-103.4,1.34,CLEAR(조향OFF)|STRAIGHT,,999.00,0.30,11.8,9.2,2863
68.80,-36.990,-20.300,-102.4,1.34,CLEAR(조향OFF)|STRAIGHT,,999.00,0.30,11.5,9.2,2863
68.85,-37.008,-20.423,-101.9,1.24,CLEAR(조향OFF)|STRAIGHT,,999.00,0.31,11.4,9.2,2856
68.90,-37.008,-20.423,-100.9,1.24,CLEAR(조향OFF)|STRAIGHT,,999.00,0.31,11.1,9.3,2848
68.95,-37.020,-20.548,-100.5,1.26,CLEAR(조향OFF)|STRAIGHT,,999.00,0.31,11.5,9.3,2848
69.00,-37.020,-20.548,-99.6,1.26,CLEAR(조향OFF)|STRAIGHT,,999.00,0.31,11.3,9.3,2841
69.05,-37.041,-20.673,-99.1,1.27,CLEAR(조향OFF)|STRAIGHT,,999.00,0.31,11.8,9.5,2827
69.11,-37.041,-20.673,-98.3,1.27,CLEAR(조향OFF)|STRAIGHT,,999.00,0.31,11.6,9.5,2827
69.15,-37.055,-20.793,-98.0,1.21,CLEAR(조향OFF)|STRAIGHT,,999.00,0.31,12.2,9.6,2813
69.20,-37.055,-20.793,-97.0,1.21,CLEAR(조향OFF)|STRAIGHT,,999.00,0.31,11.9,9.6,2806
69.25,-37.061,-20.921,-96.4,1.28,CLEAR(조향OFF)|STRAIGHT,,999.00,0.31,11.7,9.6,2813
69.30,-37.061,-20.921,-95.4,1.28,CLEAR(조향OFF)|STRAIGHT,,999.00,0.31,11.5,10.2,2758
69.35,-37.063,-21.060,-94.9,1.25,CLEAR(조향OFF)|STRAIGHT,,999.00,0.31,11.9,10.4,2724
69.40,-37.063,-21.060,-93.7,1.25,CLEAR(조향OFF)|STRAIGHT,,999.00,0.31,11.6,10.4,2724
69.45,-37.060,-21.177,-93.1,1.30,CLEAR(조향OFF)|STRAIGHT,,999.00,0.31,11.8,10.3,2724
69.50,-37.060,-21.177,-91.9,1.30,CLEAR(조향OFF)|STRAIGHT,,999.00,0.31,11.5,10.4,2718
69.55,-37.061,-21.299,-91.3,1.11,CLEAR(조향OFF)|STRAIGHT,,999.00,0.31,11.9,10.4,2718
69.60,-37.061,-21.299,-90.2,1.11,CLEAR(조향OFF)|STRAIGHT,,999.00,0.31,11.6,10.4,2711
69.65,-37.060,-21.420,-89.4,1.34,CLEAR(조향OFF)|STRAIGHT,,999.00,0.32,11.2,10.4,2718
69.70,-37.060,-21.420,-88.2,1.34,CLEAR(조향OFF)|STRAIGHT,,999.00,0.32,10.9,10.4,2711
69.75,-37.054,-21.534,-87.5,1.14,CLEAR(조향OFF)|STRAIGHT,,999.00,0.32,11.1,10.4,2724
69.80,-37.054,-21.534,-86.4,1.14,CLEAR(조향OFF)|STRAIGHT,,999.00,0.32,10.8,10.4,2711
69.85,-37.041,-21.659,-85.9,1.25,CLEAR(조향OFF)|STRAIGHT,,999.00,0.32,11.1,10.4,2711
69.90,-37.041,-21.659,-84.7,1.25,CLEAR(조향OFF)|STRAIGHT,,999.00,0.32,10.8,10.4,2711
69.95,-37.029,-21.779,-84.1,1.21,CLEAR(조향OFF)|STRAIGHT,,999.00,0.32,11.1,10.4,2705
70.00,-37.029,-21.779,-83.0,1.21,CLEAR(조향OFF)|STRAIGHT,,999.00,0.32,10.7,10.4,2705
70.05,-37.011,-21.895,-82.4,1.17,CLEAR(조향OFF)|STRAIGHT,,999.00,0.33,10.5,10.4,2711
70.10,-37.011,-21.895,-81.3,1.17,CLEAR(조향OFF)|STRAIGHT,,999.00,0.33,10.2,10.4,2711
70.15,-36.976,-22.011,-80.8,1.20,CLEAR(조향OFF)|STRAIGHT,,999.00,0.33,10.3,10.3,2698
70.20,-36.976,-22.011,-79.6,1.20,CLEAR(조향OFF)|STRAIGHT,,999.00,0.33,10.0,10.4,2711
70.25,-36.949,-22.128,-79.1,1.33,CLEAR(조향OFF)|STRAIGHT,,999.00,0.33,10.2,10.4,2711
70.30,-36.949,-22.128,-77.9,1.33,CLEAR(조향OFF)|STRAIGHT,,999.00,0.33,9.9,10.4,2705
70.35,-36.915,-22.247,-77.3,1.13,CLEAR(조향OFF)|STRAIGHT,,999.00,0.33,10.0,10.4,2711
70.40,-36.915,-22.247,-76.2,1.13,CLEAR(조향OFF)|STRAIGHT,,999.00,0.33,10.0,10.4,2705
70.45,-36.876,-22.360,-75.6,1.32,CLEAR(조향OFF)|STRAIGHT,,999.00,0.33,9.5,10.4,2711
70.50,-36.876,-22.360,-74.5,1.32,CLEAR(조향OFF)|STRAIGHT,,999.00,0.33,9.2,10.5,2705
70.55,-36.834,-22.471,-73.9,1.18,CLEAR(조향OFF)|STRAIGHT,,999.00,0.33,9.3,10.4,2711
70.60,-36.834,-22.471,-72.9,1.18,CLEAR(조향OFF)|STRAIGHT,,999.00,0.33,9.0,10.4,2685
70.65,-36.796,-22.581,-72.4,1.05,CLEAR(조향OFF)|STRAIGHT,,999.00,0.33,9.1,10.4,2698
70.71,-36.796,-22.581,-71.3,1.05,CLEAR(조향OFF)|STRAIGHT,,999.00,0.33,8.7,10.4,2705
70.75,-36.745,-22.692,-70.8,1.22,CLEAR(조향OFF)|STRAIGHT,,999.00,0.33,8.9,10.5,2705
70.80,-36.745,-22.692,-69.7,1.22,CLEAR(조향OFF)|STRAIGHT,,999.00,0.33,8.5,10.3,2711
70.85,-36.689,-22.796,-69.2,1.17,CLEAR(조향OFF)|STRAIGHT,,999.00,0.34,8.5,10.3,2705
70.90,-36.689,-22.796,-68.3,1.17,CLEAR(조향OFF)|STRAIGHT,,999.00,0.34,8.3,9.7,2771
70.95,-36.638,-22.897,-67.8,1.12,CLEAR(조향OFF)|STRAIGHT,,999.00,0.34,8.3,9.7,2771
71.00,-36.638,-22.897,-66.9,1.12,CLEAR(조향OFF)|STRAIGHT,,999.00,0.34,8.0,9.6,2771
71.05,-36.589,-23.002,-66.4,1.16,CLEAR(조향OFF)|STRAIGHT,,999.00,0.34,8.1,9.6,2771
71.10,-36.589,-23.002,-65.4,1.16,CLEAR(조향OFF)|STRAIGHT,,999.00,0.34,7.8,9.6,2778
71.15,-36.528,-23.096,-64.9,1.11,CLEAR(조향OFF)|STRAIGHT,,999.00,0.34,7.6,9.5,2792
71.20,-36.528,-23.096,-63.9,1.11,CLEAR(조향OFF)|STRAIGHT,,999.00,0.34,7.3,9.6,2792
71.25,-36.471,-23.183,-63.4,1.15,CLEAR(조향OFF)|STRAIGHT,,999.00,0.34,7.1,9.6,2778
71.30,-36.471,-23.183,-62.5,1.15,CLEAR(조향OFF)|STRAIGHT,,999.00,0.34,6.8,9.6,2785
71.35,-36.418,-23.286,-62.1,0.96,CLEAR(조향OFF)|STRAIGHT,,999.00,0.34,7.3,9.4,2799
71.40,-36.418,-23.286,-61.2,0.96,CLEAR(조향OFF)|STRAIGHT,,999.00,0.34,7.0,9.1,2827
71.45,-36.357,-23.376,-60.8,1.36,CLEAR(조향OFF)|STRAIGHT,,999.00,0.34,7.3,9.2,2827
71.50,-36.357,-23.376,-59.9,1.36,CLEAR(조향OFF)|STRAIGHT,,999.00,0.34,7.0,9.2,2827
71.55,-36.292,-23.468,-59.5,1.02,CLEAR(조향OFF)|STRAIGHT,,999.00,0.34,6.6,9.2,2820
71.60,-36.292,-23.468,-58.6,1.02,CLEAR(조향OFF)|STRAIGHT,,999.00,0.34,6.3,9.2,2834
71.65,-36.227,-23.562,-58.1,1.14,CLEAR(조향OFF)|STRAIGHT,,999.00,0.34,6.4,9.2,2827
71.70,-36.227,-23.562,-57.4,1.14,CLEAR(조향OFF)|STRAIGHT,,999.00,0.34,6.2,9.2,2827
71.75,-36.162,-23.654,-57.0,1.12,CLEAR(조향OFF)|STRAIGHT,,999.00,0.35,6.8,9.2,2841
71.80,-36.162,-23.654,-56.1,1.12,CLEAR(조향OFF)|STRAIGHT,,999.00,0.35,6.6,8.7,2870
71.85,-36.097,-23.737,-55.6,1.17,CLEAR(조향OFF)|STRAIGHT,,999.00,0.35,6.5,8.5,2885
71.90,-36.097,-23.737,-54.7,1.17,CLEAR(조향OFF)|STRAIGHT,,999.00,0.35,6.3,8.5,2907
71.95,-36.030,-23.821,-54.3,1.08,CLEAR(조향OFF)|STRAIGHT,,999.00,0.35,6.0,8.5,2900
72.00,-36.030,-23.821,-53.5,1.08,CLEAR(조향OFF)|STRAIGHT,,999.00,0.35,5.8,8.5,2900
72.05,-35.963,-23.907,-53.1,1.09,CLEAR(조향OFF)|STRAIGHT,,999.00,0.35,5.8,8.5,2907
72.10,-35.963,-23.907,-52.3,1.09,CLEAR(조향OFF)|STRAIGHT,,999.00,0.35,5.5,8.2,2945
72.15,-35.894,-23.990,-52.0,1.07,CLEAR(조향OFF)|STRAIGHT,,999.00,0.35,5.4,7.9,2945
72.20,-35.894,-23.990,-51.2,1.07,CLEAR(조향OFF)|STRAIGHT,,999.00,0.35,5.1,7.9,2969
72.25,-35.821,-24.063,-50.9,1.03,CLEAR(조향OFF)|STRAIGHT,,999.00,0.34,5.9,8.0,2961
72.30,-35.821,-24.063,-50.2,1.03,CLEAR(조향OFF)|STRAIGHT,,999.00,0.34,5.6,8.0,2969
72.35,-35.754,-24.150,-49.9,0.99,CLEAR(조향OFF)|STRAIGHT,,999.00,0.34,5.7,7.9,2969
72.40,-35.754,-24.150,-49.2,0.99,CLEAR(조향OFF)|STRAIGHT,,999.00,0.34,5.5,7.9,2984
72.45,-35.675,-24.224,-48.9,1.08,CLEAR(조향OFF)|STRAIGHT,,999.00,0.34,5.6,8.0,2969
72.50,-35.675,-24.224,-48.2,1.08,CLEAR(조향OFF)|STRAIGHT,,999.00,0.34,5.3,8.0,2976
72.55,-35.599,-24.292,-47.8,1.01,CLEAR(조향OFF)|STRAIGHT,,999.00,0.34,5.0,8.0,2969
72.60,-35.599,-24.292,-47.1,1.01,CLEAR(조향OFF)|STRAIGHT,,999.00,0.34,4.7,8.0,2976
72.65,-35.518,-24.366,-46.7,1.10,CLEAR(조향OFF)|STRAIGHT,,999.00,0.35,5.8,7.8,2984
72.70,-35.518,-24.366,-46.1,1.10,CLEAR(조향OFF)|STRAIGHT,,999.00,0.35,5.6,7.5,3025
72.75,-35.443,-24.443,-45.7,1.07,CLEAR(조향OFF)|STRAIGHT,,999.00,0.35,5.6,7.3,3049
72.80,-35.443,-24.443,-45.1,1.07,CLEAR(조향OFF)|STRAIGHT,,999.00,0.35,5.4,7.3,3049
72.85,-35.369,-24.518,-44.8,1.18,CLEAR(조향OFF)|STRAIGHT,,999.00,0.35,5.7,7.3,3057
72.90,-35.369,-24.518,-44.2,1.18,CLEAR(조향OFF)|STRAIGHT,,999.00,0.35,5.5,7.3,3066
72.95,-35.289,-24.587,-43.9,1.06,CLEAR(조향OFF)|STRAIGHT,,999.00,0.35,5.3,7.3,3057
73.00,-35.289,-24.587,-43.2,1.06,CLEAR(조향OFF)|STRAIGHT,,999.00,0.35,5.0,7.3,3066
73.05,-35.211,-24.659,-42.9,1.06,CLEAR(조향OFF)|STRAIGHT,,999.00,0.35,5.0,7.3,3066
73.10,-35.211,-24.659,-42.3,1.06,CLEAR(조향OFF)|STRAIGHT,,999.00,0.35,4.8,7.1,3066
73.15,-35.126,-24.717,-42.0,1.02,CLEAR(조향OFF)|STRAIGHT,,999.00,0.36,5.7,7.1,3083
73.20,-35.126,-24.717,-41.4,1.02,CLEAR(조향OFF)|STRAIGHT,,999.00,0.36,5.5,7.1,3091
73.25,-35.048,-24.790,-41.1,1.07,CLEAR(조향OFF)|STRAIGHT,,999.00,0.36,5.7,7.0,3100
73.30,-35.048,-24.790,-40.4,1.07,CLEAR(조향OFF)|STRAIGHT,,999.00,0.36,5.5,7.0,3108
73.35,-34.966,-24.844,-40.1,0.81,CLEAR(조향OFF)|STRAIGHT,,999.00,0.36,4.8,7.1,3100
73.40,-34.966,-24.844,-39.4,0.81,CLEAR(조향OFF)|STRAIGHT,,999.00,0.36,4.6,7.0,3108
73.45,-34.882,-24.911,-39.1,1.34,CLEAR(조향OFF)|STRAIGHT,,999.00,0.36,5.7,7.0,3108
73.50,-34.882,-24.911,-38.5,1.34,CLEAR(조향OFF)|STRAIGHT,,999.00,0.36,5.5,7.1,3108
73.55,-34.799,-24.975,-38.2,0.95,CLEAR(조향OFF)|STRAIGHT,,999.00,0.37,5.7,7.1,3108
73.60,-34.799,-24.975,-37.5,0.95,CLEAR(조향OFF)|STRAIGHT,,999.00,0.37,5.6,7.0,3100
73.65,-34.713,-25.026,-37.2,1.10,CLEAR(조향OFF)|STRAIGHT,,999.00,0.37,5.6,6.9,3117
73.70,-34.713,-25.026,-36.7,1.10,CLEAR(조향OFF)|STRAIGHT,,999.00,0.37,5.5,7.0,3117
73.75,-34.624,-25.083,-36.3,0.95,CLEAR(조향OFF)|STRAIGHT,,999.00,0.37,5.2,7.1,3117
73.80,-34.624,-25.083,-35.8,0.95,CLEAR(조향OFF)|STRAIGHT,,999.00,0.37,5.0,7.1,3108
73.85,-34.537,-25.143,-35.5,1.06,CLEAR(조향OFF)|STRAIGHT,,999.00,0.37,5.3,7.1,3100
73.91,-34.537,-25.143,-35.0,1.06,CLEAR(조향OFF)|STRAIGHT,,999.00,0.37,5.1,7.0,3117
73.95,-34.456,-25.198,-34.6,1.09,CLEAR(조향OFF)|STRAIGHT,,999.00,0.37,5.2,7.0,3117
74.00,-34.456,-25.198,-34.0,1.09,CLEAR(조향OFF)|STRAIGHT,,999.00,0.37,5.0,7.0,3108
74.05,-34.365,-25.250,-33.7,1.04,CLEAR(조향OFF)|STRAIGHT,,999.00,0.37,5.8,6.5,3169
74.10,-34.365,-25.250,-33.2,1.04,CLEAR(조향OFF)|STRAIGHT,,999.00,0.37,5.6,6.5,3169
74.15,-34.282,-25.301,-33.0,0.98,CLEAR(조향OFF)|STRAIGHT,,999.00,0.37,5.7,6.5,3178
74.20,-34.282,-25.301,-32.4,0.98,CLEAR(조향OFF)|STRAIGHT,,999.00,0.37,5.5,6.5,3178
74.25,-34.193,-25.353,-32.1,1.02,CLEAR(조향OFF)|STRAIGHT,,999.00,0.37,5.5,6.5,3178
74.30,-34.193,-25.353,-31.6,1.02,CLEAR(조향OFF)|STRAIGHT,,999.00,0.37,5.4,6.5,3196
74.35,-34.104,-25.399,-31.2,0.91,CLEAR(조향OFF)|STRAIGHT,,999.00,0.37,5.1,6.4,3187
74.40,-34.104,-25.399,-30.7,0.91,CLEAR(조향OFF)|STRAIGHT,,999.00,0.37,4.9,6.5,3178
74.45,-34.016,-25.447,-30.4,1.12,CLEAR(조향OFF)|STRAIGHT,,999.00,0.37,5.3,6.5,3196
74.50,-34.016,-25.447,-29.9,1.12,CLEAR(조향OFF)|STRAIGHT,,999.00,0.37,5.3,6.5,3187
74.55,-33.921,-25.490,-29.7,1.03,CLEAR(조향OFF)|STRAIGHT,,999.00,0.39,5.9,6.5,3178
74.60,-33.921,-25.490,-29.1,1.03,CLEAR(조향OFF)|STRAIGHT,,999.00,0.39,5.7,6.4,3205
74.65,-33.830,-25.537,-28.9,0.94,CLEAR(조향OFF)|STRAIGHT,,999.00,0.39,5.7,6.5,3187
74.70,-33.830,-25.537,-28.4,0.94,CLEAR(조향OFF)|STRAIGHT,,999.00,0.39,5.6,6.5,3187
74.75,-33.741,-25.578,-28.1,0.98,CLEAR(조향OFF)|STRAIGHT,,999.00,0.39,5.7,6.5,3196
74.80,-33.741,-25.578,-27.6,0.98,CLEAR(조향OFF)|STRAIGHT,,999.00,0.39,5.5,6.6,3187
74.85,-33.653,-25.619,-27.3,1.08,CLEAR(조향OFF)|STRAIGHT,,999.00,0.39,5.7,6.4,3187
74.90,-33.653,-25.619,-26.8,1.08,CLEAR(조향OFF)|STRAIGHT,,999.00,0.39,5.5,6.5,3196
74.95,-33.559,-25.657,-26.6,1.01,CLEAR(조향OFF)|STRAIGHT,,999.00,0.40,6.2,6.5,3187
75.00,-33.559,-25.657,-26.0,1.01,CLEAR(조향OFF)|STRAIGHT,,999.00,0.40,6.0,6.5,3187
75.05,-33.468,-25.700,-25.7,1.00,CLEAR(조향OFF)|STRAIGHT,,999.00,0.40,6.1,6.5,3196
75.10,-33.468,-25.700,-25.3,1.00,CLEAR(조향OFF)|STRAIGHT,,999.00,0.40,6.0,6.5,3196
75.15,-33.378,-25.734,-25.0,0.95,CLEAR(조향OFF)|STRAIGHT,,999.00,0.40,6.0,6.4,3196
75.20,-33.378,-25.734,-24.4,0.95,CLEAR(조향OFF)|STRAIGHT,,999.00,0.40,5.8,6.5,3196
75.25,-33.281,-25.764,-24.1,1.01,CLEAR(조향OFF)|STRAIGHT,,999.00,0.40,5.8,6.5,3196
75.30,-33.281,-25.764,-23.6,1.01,CLEAR(조향OFF)|STRAIGHT,,999.00,0.40,5.6,6.5,3196
75.35,-33.190,-25.804,-23.4,0.91,CLEAR(조향OFF)|STRAIGHT,,999.00,0.40,5.6,6.5,3205
75.40,-33.190,-25.804,-22.9,0.91,CLEAR(조향OFF)|STRAIGHT,,999.00,0.40,5.6,6.5,3196
75.45,-33.100,-25.831,-22.6,0.94,CLEAR(조향OFF)|STRAIGHT,,999.00,0.42,6.1,6.5,3187
75.50,-33.100,-25.831,-22.1,0.94,CLEAR(조향OFF)|STRAIGHT,,999.00,0.42,6.0,6.5,3196
75.55,-33.004,-25.865,-21.8,1.13,CLEAR(조향OFF)|STRAIGHT,,999.00,0.42,6.2,6.5,3187
75.60,-33.004,-25.865,-21.3,1.13,CLEAR(조향OFF)|STRAIGHT,,999.00,0.42,6.1,6.4,3187
75.65,-32.914,-25.901,-21.1,0.96,CLEAR(조향OFF)|STRAIGHT,,999.00,0.42,6.1,6.5,3205
75.70,-32.914,-25.901,-20.6,0.96,CLEAR(조향OFF)|STRAIGHT,,999.00,0.42,5.9,6.5,3196
75.75,-32.817,-25.921,-20.3,0.89,CLEAR(조향OFF)|STRAIGHT,,999.00,0.42,5.8,6.4,3196
75.80,-32.817,-25.921,-19.7,0.89,CLEAR(조향OFF)|STRAIGHT,,999.00,0.42,5.6,6.4,3196
75.85,-32.729,-25.948,-19.5,1.02,CLEAR(조향OFF)|STRAIGHT,,999.00,0.42,5.8,6.5,3187
75.90,-32.729,-25.948,-19.0,1.02,CLEAR(조향OFF)|STRAIGHT,,999.00,0.42,5.6,6.5,3205
75.95,-32.635,-25.980,-18.7,1.00,CLEAR(조향OFF)|STRAIGHT,,999.00,0.43,6.2,6.5,3187
76.00,-32.635,-25.980,-18.3,1.00,CLEAR(조향OFF)|STRAIGHT,,999.00,0.43,6.1,6.5,3196
76.05,-32.542,-26.002,-18.0,0.95,CLEAR(조향OFF)|STRAIGHT,,999.00,0.43,6.1,6.5,3205
76.10,-32.542,-26.002,-17.5,0.95,CLEAR(조향OFF)|STRAIGHT,,999.00,0.43,6.0,6.5,3205
76.15,-32.445,-26.020,-17.2,0.97,CLEAR(조향OFF)|STRAIGHT,,999.00,0.43,6.0,6.5,3196
76.20,-32.445,-26.020,-16.7,0.97,CLEAR(조향OFF)|STRAIGHT,,999.00,0.43,5.8,6.5,3196
76.25,-32.349,-26.035,-16.5,0.96,CLEAR(조향OFF)|STRAIGHT,,999.00,0.43,5.7,6.4,3205
76.30,-32.349,-26.035,-16.0,0.96,CLEAR(조향OFF)|STRAIGHT,,999.00,0.43,5.6,6.4,3196
76.35,-32.253,-26.060,-15.8,0.90,CLEAR(조향OFF)|STRAIGHT,,999.00,0.43,5.6,6.5,3205
76.40,-32.253,-26.060,-15.3,0.90,CLEAR(조향OFF)|STRAIGHT,,999.00,0.43,5.5,6.5,3196
76.45,-32.161,-26.086,-15.0,0.96,CLEAR(조향OFF)|STRAIGHT,,999.00,0.44,6.1,6.5,3196
76.50,-32.161,-26.086,-14.5,0.96,CLEAR(조향OFF)|STRAIGHT,,999.00,0.44,6.0,6.5,3196
76.55,-32.063,-26.102,-14.3,1.05,CLEAR(조향OFF)|STRAIGHT,,999.00,0.44,6.1,6.4,3187
76.60,-32.063,-26.102,-13.8,1.05,CLEAR(조향OFF)|STRAIGHT,,999.00,0.44,5.9,6.5,3205
76.65,-31.969,-26.113,-13.6,0.95,CLEAR(조향OFF)|STRAIGHT,,999.00,0.44,5.9,6.5,3205
76.70,-31.969,-26.113,-13.0,0.95,CLEAR(조향OFF)|STRAIGHT,,999.00,0.44,5.7,6.5,3205
76.75,-31.871,-26.133,-12.8,0.98,CLEAR(조향OFF)|STRAIGHT,,999.00,0.44,5.8,6.5,3187
76.80,-31.871,-26.133,-12.3,0.98,CLEAR(조향OFF)|STRAIGHT,,999.00,0.44,5.6,6.5,3196
76.85,-31.779,-26.151,-12.1,0.89,CLEAR(조향OFF)|STRAIGHT,,999.00,0.44,5.7,6.4,3196
76.90,-31.779,-26.151,-11.6,0.89,CLEAR(조향OFF)|STRAIGHT,,999.00,0.44,5.5,6.5,3196
76.95,-31.682,-26.161,-11.3,0.98,CLEAR(조향OFF)|STRAIGHT,,999.00,0.46,5.9,6.4,3196
77.00,-31.682,-26.161,-10.9,0.98,CLEAR(조향OFF)|STRAIGHT,,999.00,0.46,5.8,6.5,3205
77.05,-31.584,-26.170,-10.7,0.98,CLEAR(조향OFF)|STRAIGHT,,999.00,0.46,5.9,6.5,3205
77.10,-31.584,-26.170,-10.1,0.98,CLEAR(조향OFF)|STRAIGHT,,999.00,0.46,5.7,6.5,3196
77.15,-31.487,-26.177,-9.9,0.87,CLEAR(조향OFF)|STRAIGHT,,999.00,0.46,5.6,6.5,3205
77.20,-31.487,-26.177,-9.4,0.87,CLEAR(조향OFF)|STRAIGHT,,999.00,0.46,5.5,6.5,3205
77.25,-31.392,-26.192,-9.2,1.07,CLEAR(조향OFF)|STRAIGHT,,999.00,0.46,5.7,6.5,3196
77.30,-31.392,-26.192,-8.7,1.07,CLEAR(조향OFF)|STRAIGHT,,999.00,0.46,5.5,6.5,3205
77.35,-31.392,-26.192,-8.4,1.07,CLEAR(조향OFF)|STRAIGHT,,999.00,0.46,5.2,6.5,3196
77.40,-31.299,-26.206,-8.0,0.72,CLEAR(조향OFF)|STRAIGHT,,999.00,0.46,5.2,6.5,3196
77.45,-31.299,-26.206,-7.8,0.72,CLEAR(조향OFF)|STRAIGHT,,999.00,0.46,4.9,6.5,3196
77.50,-31.299,-26.206,-7.2,0.72,CLEAR(조향OFF)|STRAIGHT,,999.00,0.46,4.7,6.4,3205
77.55,-31.109,-26.209,-6.9,1.11,CLEAR(조향OFF)|STRAIGHT,,999.00,0.47,5.4,6.5,3196
77.60,-31.109,-26.209,-6.4,1.11,CLEAR(조향OFF)|STRAIGHT,,999.00,0.47,5.3,6.5,3205
77.65,-31.008,-26.222,-6.2,1.13,CLEAR(조향OFF)|STRAIGHT,,999.00,0.47,5.4,6.5,3187
77.70,-31.008,-26.222,-5.7,1.13,CLEAR(조향OFF)|STRAIGHT,,999.00,0.47,5.3,6.4,3205
77.75,-30.912,-26.219,-5.4,0.87,CLEAR(조향OFF)|STRAIGHT,,999.00,0.47,5.1,6.5,3215
77.80,-30.912,-26.219,-4.9,0.87,CLEAR(조향OFF)|STRAIGHT,,999.00,0.47,4.9,6.5,3196
77.85,-30.816,-26.217,-4.7,1.06,CLEAR(조향OFF)|STRAIGHT,,999.00,0.47,4.9,6.5,3196
77.90,-30.816,-26.217,-4.3,1.06,CLEAR(조향OFF)|STRAIGHT,,999.00,0.47,4.8,6.5,3196
77.95,-30.717,-26.223,-4.0,0.99,CLEAR(조향OFF)|STRAIGHT,,999.00,0.48,5.2,6.5,3187
78.00,-30.717,-26.223,-3.5,0.99,CLEAR(조향OFF)|STRAIGHT,,999.00,0.48,5.0,6.3,3205
78.05,-30.627,-26.225,-3.3,0.89,CLEAR(조향OFF)|STRAIGHT,,999.00,0.48,5.0,6.3,3205
78.10,-30.627,-26.225,-2.8,0.89,CLEAR(조향OFF)|STRAIGHT,,999.00,0.48,4.9,6.3,3205
78.15,-30.534,-26.220,-2.6,0.93,CLEAR(조향OFF)|STRAIGHT,,999.00,0.48,4.8,6.4,3205
78.20,-30.534,-26.220,-2.1,0.93,CLEAR(조향OFF)|STRAIGHT,,999.00,0.48,4.6,6.2,3205
78.25,-30.435,-26.212,-1.8,0.99,CLEAR(조향OFF)|STRAIGHT,,999.00,0.48,4.5,6.3,3215
78.30,-30.435,-26.212,-1.3,0.99,CLEAR(조향OFF)|STRAIGHT,,999.00,0.48,4.4,6.3,3205
78.35,-30.343,-26.210,-1.1,0.84,CLEAR(조향OFF)|STRAIGHT,,999.00,0.48,4.2,6.3,3196
78.40,-30.343,-26.210,-0.6,0.84,CLEAR(조향OFF)|STRAIGHT,,999.00,0.48,4.0,6.3,3196
78.45,-30.245,-26.197,-0.3,0.98,CLEAR(조향OFF)|STRAIGHT,,999.00,0.48,3.8,6.4,3205
78.50,-30.245,-26.197,0.2,0.98,CLEAR(조향OFF)|STRAIGHT,,999.00,0.48,3.7,6.3,3215
78.55,-30.152,-26.196,0.4,1.03,CLEAR(조향OFF)|STRAIGHT,,999.00,0.49,4.1,6.1,3233
78.60,-30.152,-26.196,0.9,1.03,CLEAR(조향OFF)|STRAIGHT,,999.00,0.49,4.0,6.1,3242
78.65,-30.057,-26.188,1.2,0.95,CLEAR(조향OFF)|STRAIGHT,,999.00,0.49,3.8,6.1,3242
78.71,-30.057,-26.188,1.6,0.95,CLEAR(조향OFF)|STRAIGHT,,999.00,0.49,3.7,6.0,3242
78.75,-29.964,-26.171,1.9,0.94,CLEAR(조향OFF)|STRAIGHT,,999.00,0.49,3.5,6.1,3242
78.80,-29.964,-26.171,2.3,0.94,CLEAR(조향OFF)|STRAIGHT,,999.00,0.49,3.3,6.0,3242
78.85,-29.868,-26.170,2.5,0.96,CLEAR(조향OFF)|STRAIGHT,,999.00,0.49,3.3,6.1,3242
78.90,-29.868,-26.170,2.9,0.96,CLEAR(조향OFF)|STRAIGHT,,999.00,0.49,3.2,5.6,3300
78.95,-29.772,-26.153,3.2,0.96,CLEAR(조향OFF)|STRAIGHT,,999.00,0.49,2.9,5.5,3300
79.00,-29.772,-26.153,3.6,0.96,CLEAR(조향OFF)|STRAIGHT,,999.00,0.49,2.8,5.5,3300
79.05,-29.684,-26.134,3.8,0.90,CLEAR(조향OFF)|STRAIGHT,,999.00,0.51,3.1,5.6,3319
79.10,-29.684,-26.134,4.2,0.90,CLEAR(조향OFF)|STRAIGHT,,999.00,0.51,3.0,5.6,3309
79.15,-29.585,-26.127,4.4,0.99,CLEAR(조향OFF)|STRAIGHT,,999.00,0.51,3.0,5.5,3329
79.20,-29.585,-26.127,4.8,0.99,CLEAR(조향OFF)|STRAIGHT,,999.00,0.51,2.9,5.4,3329
79.25,-29.496,-26.109,5.0,0.90,CLEAR(조향OFF)|STRAIGHT,,999.00,0.51,2.6,5.4,3339
79.30,-29.496,-26.109,5.5,0.90,CLEAR(조향OFF)|STRAIGHT,,999.00,0.51,2.5,5.3,3349
79.35,-29.399,-26.092,5.7,0.81,CLEAR(조향OFF)|STRAIGHT,,999.00,0.51,2.1,5.4,3339
79.40,-29.399,-26.092,6.0,0.81,CLEAR(조향OFF)|STRAIGHT,,999.00,0.51,2.0,5.3,3339
79.45,-29.307,-26.081,6.3,1.16,CLEAR(조향OFF)|STRAIGHT,,999.00,0.51,2.3,5.4,3349
79.51,-29.307,-26.081,6.7,1.16,CLEAR(조향OFF)|STRAIGHT,,999.00,0.51,2.2,5.3,3359
79.55,-29.218,-26.064,6.9,0.82,CLEAR(조향OFF)|STRAIGHT,,999.00,0.52,2.3,5.0,3379
79.60,-29.218,-26.064,7.2,0.82,CLEAR(조향OFF)|STRAIGHT,,999.00,0.52,2.2,4.7,3410
79.65,-29.132,-26.038,7.3,0.89,CLEAR(조향OFF)|STRAIGHT,,999.00,0.52,2.0,4.5,3441
79.70,-29.132,-26.038,7.7,0.89,CLEAR(조향OFF)|STRAIGHT,,999.00,0.52,1.9,4.6,3441
79.75,-29.030,-26.030,7.9,1.02,CLEAR(조향OFF)|STRAIGHT,,999.00,0.52,2.1,4.5,3451
79.80,-29.030,-26.030,8.1,1.02,CLEAR(조향OFF)|STRAIGHT,,999.00,0.52,2.0,4.5,3451
79.85,-28.933,-26.016,8.3,1.09,CLEAR(조향OFF)|STRAIGHT,,999.00,0.52,2.0,4.5,3462
79.90,-28.933,-26.016,8.7,1.09,CLEAR(조향OFF)|STRAIGHT,,999.00,0.52,1.9,4.5,3462
79.95,-28.839,-25.992,8.8,0.96,CLEAR(조향OFF)|STRAIGHT,,999.00,0.52,1.5,4.0,3516
80.00,-28.839,-25.992,9.1,0.96,CLEAR(조향OFF)|STRAIGHT,,999.00,0.52,1.4,3.7,3549
80.05,-28.748,-25.975,9.2,0.93,CLEAR(조향OFF)|STRAIGHT,,999.00,0.54,2.1,3.7,3561
80.10,-28.748,-25.975,9.5,0.93,CLEAR(조향OFF)|STRAIGHT,,999.00,0.54,2.0,3.7,3572
80.15,-28.660,-25.948,9.6,0.91,CLEAR(조향OFF)|STRAIGHT,,999.00,0.54,1.8,3.7,3583
80.20,-28.660,-25.948,9.9,0.91,CLEAR(조향OFF)|STRAIGHT,,999.00,0.54,1.7,3.7,3583
80.25,-28.563,-25.931,10.0,0.99,CLEAR(조향OFF)|STRAIGHT,,999.00,0.54,1.7,3.7,3572
80.30,-28.563,-25.931,10.3,0.99,CLEAR(조향OFF)|STRAIGHT,,999.00,0.54,1.7,3.7,3572
80.35,-28.472,-25.905,10.4,0.85,CLEAR(조향OFF)|STRAIGHT,,999.00,0.54,1.3,3.7,3583
80.40,-28.472,-25.905,10.7,0.85,CLEAR(조향OFF)|STRAIGHT,,999.00,0.54,1.1,3.7,3572
80.45,-28.385,-25.874,10.9,1.01,CLEAR(조향OFF)|STRAIGHT,,999.00,0.54,1.0,3.7,3595
80.50,-28.385,-25.874,11.1,1.01,CLEAR(조향OFF)|STRAIGHT,,999.00,0.54,0.9,3.1,3653
80.55,-28.290,-25.853,11.2,0.97,CLEAR(조향OFF)|STRAIGHT,,999.00,0.55,1.7,2.7,3713
80.60,-28.290,-25.853,11.3,0.97,CLEAR(조향OFF)|STRAIGHT,,999.00,0.55,1.6,2.7,3701
80.65,-28.192,-25.840,11.4,0.98,CLEAR(조향OFF)|STRAIGHT,,999.00,0.55,1.8,2.8,3726
80.70,-28.192,-25.840,11.5,0.98,CLEAR(조향OFF)|STRAIGHT,,999.00,0.55,1.7,2.7,3713
80.75,-28.103,-25.813,11.6,0.85,CLEAR(조향OFF)|STRAIGHT,,999.00,0.55,1.5,2.7,3738
80.80,-28.103,-25.813,11.8,0.85,CLEAR(조향OFF)|STRAIGHT,,999.00,0.55,1.4,2.7,3738
80.85,-28.020,-25.775,11.9,0.99,CLEAR(조향OFF)|STRAIGHT,,999.00,0.55,1.3,2.7,3738
80.90,-28.020,-25.775,12.0,0.99,CLEAR(조향OFF)|STRAIGHT,,999.00,0.55,1.2,2.7,3751
80.95,-27.925,-25.756,12.1,0.88,AVOID(조향OFF)|RIGHT,,8.00,0.55,1.1,2.7,3738
81.00,-27.925,-25.756,12.3,0.88,AVOID(조향OFF)|LEFT,,8.00,0.55,1.0,2.8,3738
81.05,-27.828,-25.729,12.4,1.12,AVOID(조향OFF)|LEFT,,8.00,0.55,1.2,2.7,3751
81.10,-27.828,-25.729,12.5,1.12,AVOID(조향OFF)|RIGHT,,8.00,0.55,1.2,2.7,3751
81.15,-27.746,-25.702,12.6,0.87,AVOID(조향OFF)|RIGHT,,8.00,0.57,1.6,2.7,3751
81.20,-27.746,-25.702,12.8,0.87,AVOID(조향OFF)|LEFT,,8.00,0.57,1.5,2.7,3751
81.25,-27.651,-25.670,12.9,0.99,AVOID(조향OFF)|LEFT,,8.00,0.57,1.5,2.7,3751
81.30,-27.651,-25.670,13.1,0.99,AVOID(조향OFF)|LEFT,,8.00,0.57,1.4,2.7,3738
81.35,-27.564,-25.646,13.1,0.76,AVOID(조향OFF)|LEFT,,8.00,0.57,1.0,2.6,3763
81.40,-27.564,-25.646,13.3,0.76,AVOID(조향OFF)|LEFT,,8.00,0.57,1.0,1.9,3840
81.45,-27.472,-25.623,13.4,1.17,AVOID(조향OFF)|LEFT,,8.00,0.57,1.5,1.8,3867
81.50,-27.472,-25.623,13.4,1.17,AVOID(조향OFF)|LEFT,,8.00,0.57,1.5,1.8,3880
81.55,-27.380,-25.600,13.5,0.87,AVOID(조향OFF)|LEFT,,8.00,0.57,1.1,1.8,3880
81.60,-27.380,-25.600,13.5,0.87,AVOID(조향OFF)|LEFT,,8.00,0.57,1.1,1.8,3893
81.65,-27.292,-25.568,13.6,1.03,AVOID(조향OFF)|LEFT,,8.00,0.58,1.9,1.8,3893
81.70,-27.292,-25.568,13.7,1.03,AVOID(조향OFF)|LEFT,,8.00,0.58,1.9,1.8,3880
81.75,-27.210,-25.542,13.7,0.86,AVOID(조향OFF)|LEFT,,8.00,0.58,1.8,1.7,3907
81.80,-27.210,-25.542,13.8,0.86,AVOID(조향OFF)|LEFT,,8.00,0.58,1.7,1.8,3893
81.85,-27.121,-25.515,13.8,0.92,AVOID(조향OFF)|LEFT,,8.00,0.58,1.8,1.8,3893
81.90,-27.121,-25.515,13.9,0.92,AVOID(조향OFF)|LEFT,,8.00,0.58,1.8,1.8,3907
81.95,-27.033,-25.491,14.0,0.83,AVOID(조향OFF)|LEFT,,8.00,0.58,1.7,1.8,3907
82.00,-27.033,-25.491,14.1,0.83,AVOID(조향OFF)|LEFT,,8.00,0.58,1.7,1.8,3893
82.05,-26.943,-25.460,14.1,1.06,AVOID(조향OFF)|LEFT,,8.00,0.58,1.8,1.8,3907
82.10,-26.943,-25.460,14.2,1.06,AVOID(조향OFF)|LEFT,,8.00,0.58,1.8,1.8,3893
82.15,-26.857,-25.433,14.3,0.90,AVOID(조향OFF)|LEFT,,8.00,0.60,2.2,1.8,3907
82.20,-26.857,-25.433,14.4,0.90,AVOID(조향OFF)|LEFT,,8.00,0.60,2.2,1.8,3907
82.25,-26.774,-25.409,14.4,0.79,AVOID(조향OFF)|LEFT,,8.00,0.60,2.2,1.8,3907
82.30,-26.774,-25.409,14.5,0.79,AVOID(조향OFF)|LEFT,,8.00,0.60,2.1,1.8,3907
82.35,-26.679,-25.379,14.5,1.00,AVOID(조향OFF)|LEFT,,8.00,0.60,2.4,1.9,3880
82.40,-26.679,-25.379,14.6,1.00,AVOID(조향OFF)|LEFT,,8.00,0.60,2.3,1.8,3907
82.45,-26.593,-25.354,14.7,0.99,AVOID(조향OFF)|LEFT,,8.00,0.60,2.4,1.8,3907
82.50,-26.593,-25.354,14.7,0.99,AVOID(조향OFF)|LEFT,,8.00,0.60,2.4,1.8,3920
82.55,-26.507,-25.325,14.7,0.91,AVOID(조향OFF)|LEFT,,8.00,0.60,2.4,1.8,3907
82.60,-26.507,-25.325,14.8,0.91,AVOID(조향OFF)|LEFT,,8.00,0.60,2.4,1.8,3907
82.65,-26.421,-25.298,14.8,0.90,AVOID(조향OFF)|LEFT,,8.00,0.60,2.4,1.8,3934
82.71,-26.421,-25.298,14.9,0.90,AVOID(조향OFF)|LEFT,,8.00,0.60,2.4,1.8,3907
82.75,-26.330,-25.269,14.9,0.95,AVOID(조향OFF)|LEFT,,8.00,0.61,2.9,1.9,3893
82.80,-26.330,-25.269,15.0,0.95,AVOID(조향OFF)|LEFT,,8.00,0.61,2.8,1.8,3907
82.85,-26.246,-25.239,15.0,0.89,BLOCKED(조향OFF)|STOP,,2.12,0.52,2.9,1.9,3893
82.90,-26.246,-25.239,15.1,0.89,BLOCKED(조향OFF)|STOP,,2.12,0.43,2.9,1.8,3920
82.95,-26.158,-25.214,15.2,0.91,BLOCKED|STOP,,2.04,0.34,3.0,1.8,3907
83.00,-26.158,-25.214,15.3,0.91,BLOCKED|STOP,,2.04,0.31,3.0,1.8,3920
83.05,-26.078,-25.186,15.4,0.85,BLOCKED|STOP,,1.95,0.29,3.0,1.8,3907
83.10,-26.078,-25.186,15.5,0.85,BLOCKED|STOP,,1.87,0.29,2.9,1.9,3907
83.15,-25.989,-25.153,15.5,0.95,BLOCKED|STOP,,1.87,0.27,3.0,1.8,3907
83.20,-25.989,-25.153,15.6,0.95,BLOCKED|STOP,,1.79,0.27,3.0,1.8,3907
83.25,-25.903,-25.125,15.6,0.91,BLOCKED|STOP,,1.79,0.25,3.2,1.8,3893
83.30,-25.903,-25.125,15.7,0.91,BLOCKED|STOP,,1.72,0.25,3.2,1.6,3920
83.35,-25.810,-25.094,15.7,0.89,BLOCKED|STOP,,1.72,0.25,3.3,1.8,3907
83.40,-25.810,-25.094,15.8,0.89,BLOCKED|STOP,,1.64,0.25,3.3,1.8,3880
83.45,-25.724,-25.061,15.9,1.02,BLOCKED|STOP,,1.64,0.25,3.3,1.9,3893
83.50,-25.724,-25.061,16.0,1.02,BLOCKED|STOP,,1.56,0.25,3.3,1.8,3907
83.55,-25.632,-25.034,16.0,0.96,BLOCKED|STOP,,1.56,0.25,3.5,1.8,3907
83.60,-25.632,-25.034,16.1,0.96,BLOCKED|STOP,,1.48,0.25,3.5,1.8,3920
83.65,-25.544,-24.997,16.1,0.95,BLOCKED|STOP,,1.41,0.25,3.5,1.8,3893
83.70,-25.544,-24.997,16.1,0.95,BLOCKED|STOP,,1.41,0.25,3.5,1.8,3907
83.75,-25.451,-24.966,16.2,0.98,BLOCKED|STOP,,1.32,0.25,3.6,1.8,3907
83.80,-25.451,-24.966,16.2,0.98,BLOCKED|STOP,,1.32,0.25,3.6,1.8,3880
83.85,-25.359,-24.935,16.2,0.97,BLOCKED|STOP,,1.25,0.25,3.8,1.8,3907
83.90,-25.359,-24.935,16.3,0.97,BLOCKED|STOP,,1.25,0.25,3.8,1.8,3907
83.95,-25.271,-24.896,16.3,0.96,BLOCKED|STOP,,1.21,0.25,3.9,1.8,3907
84.00,-25.271,-24.896,16.4,0.96,BLOCKED|STOP,,1.21,0.25,3.8,1.8,3907
84.05,-25.184,-24.868,16.4,0.91,BLOCKED|STOP,,1.12,0.25,4.1,1.8,3893
84.10,-25.184,-24.868,16.5,0.91,BLOCKED|STOP,,1.12,0.25,4.0,1.8,3907
84.15,-25.090,-24.840,16.5,0.98,BLOCKED|STOP,,1.03,0.25,4.3,1.8,3907
84.20,-25.090,-24.840,16.6,0.98,BLOCKED|STOP,,0.90,0.25,4.4,1.9,3893
84.25,-24.998,-24.807,16.6,0.97,BLOCKED|STOP,,0.90,0.16,4.6,1.8,3893
84.30,-24.998,-24.807,16.7,0.97,BLOCKED|STOP,,0.87,0.07,4.5,1.8,3907
84.35,-24.909,-24.771,16.7,0.88,BLOCKED|STOP,,0.87,0.00,4.4,1.8,3907
84.40,-24.909,-24.771,16.8,0.88,BLOCKED|STOP,,0.80,0.00,4.3,2.6,3788
84.45,-24.812,-24.742,16.9,1.00,BLOCKED|STOP,,0.80,0.00,4.5,2.7,3801
84.50,-24.812,-24.742,17.0,1.00,BLOCKED|STOP,,0.71,0.00,4.4,2.6,3776
84.55,-24.731,-24.696,17.1,0.91,BLOCKED|STOP,,0.71,0.00,4.5,2.6,3788
84.60,-24.731,-24.696,17.2,0.91,BLOCKED|STOP,,0.63,0.00,4.4,2.6,3788
84.65,-24.638,-24.665,17.3,1.09,BLOCKED|STOP,,0.57,0.00,4.5,2.7,3801
84.70,-24.638,-24.665,17.5,1.09,BLOCKED|STOP,,0.57,0.00,4.4,3.3,3701
84.75,-24.559,-24.627,17.6,0.79,BLOCKED|STOP,,0.50,0.00,4.7,3.3,3701
84.80,-24.559,-24.627,17.8,0.79,BLOCKED|STOP,,0.50,0.00,4.7,3.4,3701
84.85,-24.487,-24.588,17.9,0.90,BLOCKED|STOP,,0.44,0.00,4.0,3.4,3677
84.90,-24.487,-24.588,18.1,0.90,BLOCKED|STOP,,0.44,0.00,3.9,3.3,3677
84.95,-24.416,-24.560,18.1,0.77,BLOCKED|STOP,,0.38,0.00,4.1,3.3,3689
85.00,-24.416,-24.560,18.2,0.77,BLOCKED|STOP,,0.38,0.00,4.1,3.3,3689
85.05,-24.350,-24.531,18.3,0.71,BLOCKED|STOP,,0.33,0.00,4.1,3.3,3689
85.10,-24.350,-24.531,18.5,0.71,BLOCKED|STOP,,0.33,0.00,4.1,3.3,3677
85.15,-24.289,-24.504,18.5,0.67,BLOCKED|STOP,,0.30,0.00,4.2,3.2,3677
85.20,-24.289,-24.504,18.6,0.67,BLOCKED|STOP,,0.30,0.00,4.2,3.2,3677
85.25,-24.233,-24.480,18.7,0.61,BLOCKED|STOP,,0.30,0.00,4.2,3.3,3677
85.30,-24.233,-24.480,18.7,0.61,AVOID|RIGHT,2.0,8.00,0.00,4.2,3.3,3677
85.35,-24.180,-24.452,18.8,0.49,AVOID|RIGHT,2.0,8.00,0.05,2.0,3.3,3677
85.40,-24.180,-24.452,19.0,0.49,AVOID|RIGHT,2.2,8.00,0.10,2.2,3.3,3677
85.45,-24.137,-24.431,19.0,0.59,AVOID|RIGHT,2.2,8.00,0.15,2.2,3.3,3677
85.50,-24.137,-24.431,19.0,0.59,AVOID|RIGHT,1.8,8.00,0.20,1.8,3.3,3677
85.55,-24.091,-24.414,19.1,0.49,AVOID|RIGHT,1.8,8.00,0.25,1.8,3.3,3677
85.60,-24.091,-24.414,18.9,0.49,AVOID|RIGHT,1.6,8.00,0.30,1.6,3.3,3689
85.65,-24.052,-24.390,19.0,0.45,AVOID|RIGHT,2.0,8.00,0.35,1.6,3.2,3689
85.70,-24.052,-24.390,19.3,0.45,AVOID|RIGHT,2.0,8.00,0.40,2.0,3.0,3689
85.75,-24.021,-24.379,19.1,0.33,AVOID|RIGHT,2.0,8.00,0.45,2.0,2.9,3726
85.80,-24.021,-24.379,19.2,0.33,AVOID|RIGHT,2.0,8.00,0.50,2.0,2.9,3726
85.85,-23.999,-24.367,19.3,0.24,AVOID|RIGHT,1.0,8.00,0.55,1.0,2.9,3726
85.91,-23.999,-24.367,19.3,0.24,AVOID|RIGHT,1.0,8.00,0.60,1.0,2.9,3726
85.95,-23.969,-24.350,19.3,0.35,AVOID|RIGHT,1.8,8.00,0.65,1.8,2.9,3726
86.00,-23.969,-24.350,19.3,0.35,AVOID|RIGHT,1.8,8.00,0.65,1.8,2.9,3726
86.05,-23.942,-24.336,19.4,0.30,AVOID|RIGHT,0.8,8.00,0.65,0.8,2.8,3738
86.10,-23.942,-24.336,19.3,0.30,AVOID|RIGHT,0.8,8.00,0.65,0.8,2.9,3751
86.15,-23.910,-24.320,19.4,0.35,AVOID|RIGHT,1.0,8.00,0.65,1.0,2.9,3726
86.20,-23.910,-24.320,19.5,0.35,AVOID|RIGHT,1.0,8.00,0.65,1.0,2.4,3801
86.25,-23.879,-24.302,19.5,0.36,AVOID|RIGHT,1.2,8.00,0.65,1.2,2.3,3814
86.30,-23.879,-24.302,19.5,0.36,AVOID|RIGHT,1.0,8.00,0.65,1.2,2.2,3827
86.35,-23.845,-24.287,19.6,0.34,AVOID|RIGHT,1.0,8.00,0.65,1.0,2.1,3840
86.40,-23.845,-24.287,19.6,0.34,AVOID|RIGHT,0.8,8.00,0.65,1.0,2.2,3853
86.45,-23.809,-24.270,19.6,0.43,AVOID|RIGHT,0.8,8.00,0.65,0.8,2.2,3840
86.50,-23.809,-24.270,19.3,0.43,AVOID|RIGHT,0.8,8.00,0.65,0.8,2.2,3827
86.55,-23.768,-24.251,19.1,0.45,AVOID|RIGHT,0.8,8.00,0.65,0.8,2.1,3840
86.60,-23.768,-24.251,19.2,0.45,AVOID|RIGHT,1.8,8.00,0.65,1.8,2.1,3853
86.65,-23.735,-24.232,19.1,0.38,AVOID|RIGHT,1.8,8.00,0.65,1.8,2.1,3867
86.70,-23.735,-24.232,19.2,0.38,AVOID|RIGHT,1.4,8.00,0.65,1.4,1.9,3867
86.75,-23.706,-24.217,19.2,0.32,AVOID|RIGHT,1.4,8.00,0.65,1.4,1.8,3893
86.80,-23.706,-24.217,19.1,0.32,AVOID|RIGHT,1.4,8.00,0.65,1.4,1.8,3880
86.85,-23.668,-24.201,19.1,0.41,AVOID|RIGHT,1.4,8.00,0.65,1.4,1.9,3893
86.90,-23.668,-24.201,19.1,0.41,AVOID|RIGHT,1.8,8.00,0.65,1.8,1.8,3907
86.95,-23.640,-24.182,19.1,0.33,AVOID|RIGHT,1.2,8.00,0.65,1.8,1.8,3893
87.00,-23.640,-24.182,19.2,0.33,AVOID|RIGHT,1.2,8.00,0.65,1.2,1.8,3907
87.05,-23.604,-24.170,19.2,0.38,AVOID|RIGHT,1.2,8.00,0.65,1.2,1.8,3907
87.10,-23.604,-24.170,19.1,0.38,AVOID|RIGHT,1.2,8.00,0.65,1.2,1.9,3893
87.15,-23.565,-24.168,19.1,0.38,AVOID|RIGHT,1.6,8.00,0.65,1.6,1.8,3907
87.20,-23.565,-24.168,19.1,0.38,AVOID|RIGHT,1.6,8.00,0.65,1.6,1.8,3920
87.25,-23.522,-24.165,19.1,0.41,AVOID|RIGHT,1.4,8.00,0.65,1.4,1.8,3920
87.30,-23.522,-24.165,19.1,0.41,AVOID|RIGHT,1.4,8.00,0.65,1.4,1.9,3907
87.35,-23.482,-24.150,19.1,0.39,AVOID|RIGHT,1.0,8.00,0.65,1.0,1.8,3907
87.40,-23.482,-24.150,19.1,0.39,AVOID|STRAIGHT,1.8,8.00,0.65,1.0,1.8,3907
87.45,-23.441,-24.133,19.0,0.44,AVOID|STRAIGHT,1.8,8.00,0.65,1.8,1.8,3934
87.50,-23.441,-24.133,19.1,0.44,AVOID|STRAIGHT,1.8,8.00,0.65,1.8,1.8,3907
87.55,-23.399,-24.113,19.1,0.51,AVOID|STRAIGHT,1.8,8.00,0.65,1.8,1.8,3907
87.60,-23.399,-24.113,19.0,0.51,AVOID|STRAIGHT,1.6,8.00,0.65,1.6,1.9,3907
87.65,-23.359,-24.098,19.0,0.43,AVOID|STRAIGHT,1.6,8.00,0.65,1.6,1.8,3907
87.70,-23.359,-24.098,19.1,0.43,AVOID|STRAIGHT,1.6,8.00,0.65,1.6,1.8,3907
87.75,-23.320,-24.077,19.1,0.44,AVOID|STRAIGHT,1.6,8.00,0.65,1.6,1.8,3907
87.80,-23.320,-24.077,19.1,0.44,AVOID|STRAIGHT,1.4,8.00,0.65,1.4,1.8,3920
87.85,-23.279,-24.055,19.1,0.46,AVOID|STRAIGHT,1.4,8.00,0.65,1.4,1.9,3907
87.90,-23.279,-24.055,19.1,0.46,AVOID|STRAIGHT,1.2,8.00,0.65,1.2,1.8,3907
87.95,-23.240,-24.030,19.1,0.45,AVOID|STRAIGHT,1.2,8.00,0.65,1.2,1.9,3907
88.00,-23.240,-24.030,19.1,0.45,AVOID|STRAIGHT,2.2,8.00,0.65,2.2,1.8,3907
88.05,-23.198,-24.007,19.0,0.47,AVOID|STRAIGHT,1.4,8.00,0.65,2.2,1.8,3907
88.10,-23.198,-24.007,19.2,0.47,AVOID|STRAIGHT,1.4,8.00,0.65,1.4,1.8,3907
88.15,-23.148,-23.993,19.1,0.52,AVOID|STRAIGHT,1.6,8.00,0.66,1.6,1.8,3907
88.20,-23.148,-23.993,19.1,0.52,AVOID|STRAIGHT,1.6,8.00,0.66,1.6,1.8,3907
88.25,-23.099,-23.980,19.2,0.50,AVOID|STRAIGHT,2.0,8.00,0.66,2.0,1.8,3907
88.30,-23.099,-23.980,19.2,0.50,AVOID|STRAIGHT,2.0,8.00,0.66,2.0,1.8,3893
88.35,-23.050,-23.953,19.2,0.51,AVOID|STRAIGHT,1.6,8.00,0.66,1.6,1.8,3907
88.40,-23.050,-23.953,19.2,0.51,AVOID|STRAIGHT,1.6,8.00,0.66,1.6,1.8,3880
88.45,-23.002,-23.931,19.3,0.59,AVOID|STRAIGHT,1.6,8.00,0.66,1.6,1.8,3934
88.50,-23.002,-23.931,19.3,0.59,AVOID|STRAIGHT,1.8,8.00,0.66,1.6,1.8,3907
88.55,-22.955,-23.897,19.3,0.55,AVOID|STRAIGHT,1.8,8.00,0.66,1.8,1.8,3907
88.60,-22.955,-23.897,19.4,0.55,AVOID|STRAIGHT,1.2,8.00,0.66,1.2,1.8,3907
88.65,-22.904,-23.873,19.4,0.56,AVOID|STRAIGHT,1.2,8.00,0.66,1.2,1.8,3920
88.70,-22.904,-23.873,19.5,0.56,AVOID|STRAIGHT,1.0,8.00,0.66,1.0,1.8,3907
88.75,-22.849,-23.848,19.5,0.55,AVOID|STRAIGHT,1.0,8.00,0.66,1.0,1.8,3934
88.80,-22.849,-23.848,19.1,0.55,AVOID|STRAIGHT,2.0,8.00,0.66,2.0,1.8,3907
88.85,-22.791,-23.826,19.0,0.68,AVOID|STRAIGHT,2.0,8.00,0.66,2.0,1.8,3893
88.90,-22.791,-23.826,19.7,0.68,AVOID|STRAIGHT,1.8,8.00,0.66,1.8,1.8,3893
88.95,-22.733,-23.804,19.7,0.63,AVOID|STRAIGHT,1.8,8.00,0.66,1.8,1.8,3907
89.00,-22.733,-23.804,19.5,0.63,AVOID|STRAIGHT,1.6,8.00,0.66,1.6,1.9,3893
89.05,-22.681,-23.790,19.5,0.53,AVOID|STRAIGHT,1.6,8.00,0.66,1.6,1.8,3920
89.10,-22.681,-23.790,19.6,0.53,AVOID|STRAIGHT,1.6,8.00,0.66,1.6,1.8,3907
89.15,-22.624,-23.763,19.7,0.62,AVOID|STRAIGHT,1.6,8.00,0.66,1.6,1.8,3920
89.20,-22.624,-23.763,19.8,0.62,AVOID|STRAIGHT,1.6,8.00,0.66,1.6,1.9,3907
89.25,-22.570,-23.731,19.8,0.62,AVOID|STRAIGHT,1.6,8.00,0.66,1.6,1.8,3907
89.30,-22.570,-23.731,19.8,0.62,AVOID|STRAIGHT,1.6,8.00,0.66,1.6,1.8,3907
89.35,-22.518,-23.708,19.8,0.52,AVOID|STRAIGHT,1.4,8.00,0.66,1.4,1.8,3907
89.40,-22.518,-23.708,19.8,0.52,AVOID|STRAIGHT,1.4,8.00,0.66,1.4,1.8,3920
89.45,-22.451,-23.689,19.8,0.76,AVOID|STRAIGHT,1.2,8.00,0.66,1.2,1.8,3907
89.50,-22.399,-23.654,19.9,0.63,AVOID|STRAIGHT,1.2,8.00,0.66,1.2,1.8,3907
89.55,-22.399,-23.654,20.0,0.63,AVOID|STRAIGHT,1.2,8.00,0.66,1.2,1.9,3907
89.60,-22.339,-23.629,20.0,0.65,AVOID|STRAIGHT,1.0,8.00,0.66,1.2,1.8,3893
89.65,-22.339,-23.629,20.0,0.65,AVOID|STRAIGHT,1.0,8.00,0.66,1.0,1.8,3907
89.70,-22.339,-23.629,20.0,0.65,AVOID|STRAIGHT,1.2,8.00,0.66,1.2,1.8,3907
89.75,-22.275,-23.612,20.1,0.64,AVOID|STRAIGHT,1.2,8.00,0.66,1.2,1.8,3934
89.80,-22.275,-23.612,20.1,0.64,AVOID|STRAIGHT,0.8,8.00,0.66,0.8,1.9,3907
89.85,-22.214,-23.586,20.1,0.66,AVOID|STRAIGHT,0.8,8.00,0.68,0.8,1.8,3934
89.90,-22.214,-23.586,20.2,0.66,AVOID|STRAIGHT,0.6,8.00,0.68,0.6,1.8,3920
89.95,-22.146,-23.548,20.2,0.77,AVOID|STRAIGHT,0.6,8.00,0.68,0.6,1.9,3907
90.00,-22.146,-23.548,20.3,0.77,AVOID|STRAIGHT,-0.6,8.00,0.68,-0.6,1.9,3907
90.05,-22.082,-23.526,20.3,0.68,AVOID|STRAIGHT,-0.6,8.00,0.68,-0.6,1.8,3934
90.10,-22.082,-23.526,20.3,0.68,AVOID|STRAIGHT,-0.6,8.00,0.68,-0.6,1.8,3907
90.15,-22.017,-23.498,20.3,0.70,AVOID|STRAIGHT,-0.4,8.00,0.68,-0.6,1.3,3962
90.20,-21.957,-23.456,20.4,0.79,AVOID|STRAIGHT,-0.4,8.00,0.68,-0.4,1.0,4004
90.25,-21.957,-23.456,20.4,0.79,AVOID|STRAIGHT,-0.8,8.00,0.68,-0.8,1.0,4033
90.30,-21.957,-23.456,20.3,0.79,AVOID|STRAIGHT,-0.8,8.00,0.68,-0.8,1.0,4033
90.35,-21.878,-23.442,20.3,0.66,AVOID|STRAIGHT,-0.6,8.00,0.68,-0.6,1.0,4033
90.40,-21.878,-23.442,20.4,0.66,AVOID|STRAIGHT,-0.6,8.00,0.68,-0.6,0.7,4062
90.45,-21.820,-23.395,20.4,0.79,AVOID|STRAIGHT,-3.0,8.00,0.68,-3.0,0.8,4062
90.50,-21.820,-23.395,20.3,0.79,AVOID|STRAIGHT,-3.0,8.00,0.68,-3.0,0.8,4077
90.55,-21.745,-23.358,20.3,0.83,AVOID|STRAIGHT,-2.8,8.00,0.68,-2.8,0.7,4077
90.60,-21.745,-23.358,20.3,0.83,AVOID|STRAIGHT,-4.4,8.00,0.68,-2.8,0.4,4121
90.65,-21.670,-23.331,20.3,0.79,AVOID|STRAIGHT,-4.4,8.00,0.68,-4.4,0.4,4137
90.71,-21.670,-23.331,20.3,0.79,AVOID|STRAIGHT,-3.4,8.00,0.68,-3.4,0.4,4137
90.75,-21.604,-23.304,20.3,0.71,AVOID|STRAIGHT,-3.4,8.00,0.68,-3.4,0.4,4137
90.80,-21.604,-23.304,20.2,0.71,AVOID|RIGHT,-6.2,8.00,0.68,-6.2,-0.3,4198
90.85,-21.523,-23.276,20.2,0.86,AVOID|RIGHT,-6.2,8.00,0.68,-6.2,-0.5,4230
90.90,-21.523,-23.276,20.1,0.86,AVOID|RIGHT,-7.6,8.00,0.68,-7.6,-0.5,4246
90.95,-21.451,-23.241,20.1,0.80,AVOID|RIGHT,-7.6,8.00,0.68,-7.6,-1.4,4311
91.00,-21.451,-23.241,19.9,0.80,AVOID|RIGHT,-10.2,0.01,0.59,-10.2,-2.2,4395
91.05,-21.376,-23.216,19.8,0.79,AVOID|STRAIGHT,-2.2,0.03,0.50,-10.2,-3.1,4501
91.10,-21.298,-23.183,19.6,0.94,AVOID|STRAIGHT,-2.2,0.03,0.41,-2.2,-3.7,4555
91.15,-21.298,-23.183,19.5,0.94,AVOID|STRAIGHT,4.8,0.06,0.32,-2.2,-5.0,4669
91.20,-21.298,-23.183,19.0,0.94,AVOID|STRAIGHT,4.8,0.06,0.23,4.8,-5.7,4748
91.25,-21.207,-23.156,18.8,0.85,CLEAR|STRAIGHT,,999.00,0.28,7.7,-5.7,4748
91.30,-21.207,-23.156,18.3,0.85,CLEAR|STRAIGHT,,999.00,0.33,7.9,-5.0,4708
91.35,-21.131,-23.133,18.1,0.73,CLEAR|STRAIGHT,,999.00,0.38,9.1,-2.9,4574
91.40,-21.131,-23.133,17.9,0.73,CLEAR|STRAIGHT,,999.00,0.43,9.3,-0.9,4412
91.45,-21.045,-23.108,17.9,0.99,CLEAR|STRAIGHT,,999.00,0.48,9.1,1.0,4198
91.50,-21.045,-23.108,18.0,0.99,CLEAR|STRAIGHT,,999.00,0.53,9.0,2.8,3962
91.55,-20.964,-23.072,18.0,0.89,CLEAR|STRAIGHT,,999.00,0.58,9.9,4.4,3689
91.60,-20.964,-23.072,18.4,0.89,CLEAR|STRAIGHT,,999.00,0.63,9.8,5.9,3505
91.65,-20.878,-23.040,18.5,0.91,CLEAR|STRAIGHT,,999.00,0.67,10.2,6.8,3339
91.70,-20.878,-23.040,19.1,0.91,CLEAR|STRAIGHT,,999.00,0.67,10.1,7.1,3261
91.75,-20.803,-23.006,19.3,0.75,CLEAR|STRAIGHT,,999.00,0.67,8.4,7.4,3215
91.80,-20.803,-23.006,19.8,0.75,CLEAR|STRAIGHT,,999.00,0.67,8.2,7.4,3196
91.85,-20.722,-22.959,20.1,1.02,CLEAR|STRAIGHT,,999.00,0.67,7.4,7.3,3160
91.90,-20.722,-22.959,20.6,1.02,CLEAR|STRAIGHT,,999.00,0.67,7.2,7.4,3160
91.95,-20.647,-22.913,20.9,0.86,CLEAR|STRAIGHT,,999.00,0.67,7.7,7.4,3152
92.00,-20.647,-22.913,21.4,0.86,CLEAR|STRAIGHT,,999.00,0.67,7.5,7.4,3143
92.05,-20.572,-22.875,21.7,0.83,CLEAR|STRAIGHT,,999.00,0.67,7.6,7.4,3134
92.10,-20.572,-22.875,22.3,0.83,CLEAR|STRAIGHT,,999.00,0.67,7.4,7.4,3134
92.15,-20.490,-22.831,22.5,0.93,CLEAR|STRAIGHT,,999.00,0.67,7.2,7.3,3125
92.20,-20.490,-22.831,23.1,0.93,CLEAR|STRAIGHT,,999.00,0.67,7.0,7.4,3125
92.25,-20.414,-22.783,23.4,0.81,CLEAR|STRAIGHT,,999.00,0.67,5.4,7.4,3117
92.31,-20.414,-22.783,23.9,0.81,CLEAR|STRAIGHT,,999.00,0.67,5.3,7.4,3108
92.35,-20.330,-22.740,24.1,0.94,CLEAR|STRAIGHT,,999.00,0.67,4.9,7.4,3117
92.40,-20.330,-22.740,24.7,0.94,CLEAR|STRAIGHT,,999.00,0.67,4.8,7.4,3108
92.45,-20.258,-22.676,25.0,1.03,CLEAR|STRAIGHT,,999.00,0.67,4.2,7.1,3125
92.50,-20.258,-22.676,25.5,1.03,CLEAR|STRAIGHT,,999.00,0.67,4.0,6.6,3187
92.55,-20.173,-22.631,25.8,0.96,CLEAR|STRAIGHT,,999.00,0.67,4.1,6.5,3187
92.60,-20.173,-22.631,26.3,0.96,CLEAR|STRAIGHT,,999.00,0.67,3.9,6.5,3205
92.65,-20.098,-22.568,26.5,0.95,CLEAR|STRAIGHT,,999.00,0.67,3.5,6.3,3233
92.70,-20.098,-22.568,27.0,0.95,CLEAR|STRAIGHT,,999.00,0.67,3.3,6.3,3224
92.75,-20.019,-22.513,27.2,0.96,CLEAR|STRAIGHT,,999.00,0.67,3.0,6.3,3224
92.80,-20.019,-22.513,27.8,0.96,CLEAR|STRAIGHT,,999.00,0.67,2.8,5.8,3280
92.85,-19.930,-22.466,28.0,1.00,CLEAR|STRAIGHT,,999.00,0.67,1.8,5.3,3339
92.90,-19.850,-22.418,28.5,1.03,CLEAR|STRAIGHT,,999.00,0.67,1.7,5.4,3349
92.95,-19.850,-22.418,28.7,1.03,CLEAR|STRAIGHT,,999.00,0.67,1.5,5.4,3339
93.00,-19.850,-22.418,29.2,1.03,CLEAR|STRAIGHT,,999.00,0.67,1.3,5.1,3369
93.05,-19.767,-22.371,29.4,0.86,CLEAR|STRAIGHT,,999.00,0.67,1.3,4.6,3430
93.10,-19.767,-22.371,29.7,0.86,CLEAR|STRAIGHT,,999.00,0.67,1.2,4.0,3505
93.15,-19.681,-22.314,29.7,1.03,CLEAR|STRAIGHT,,999.00,0.67,0.8,3.7,3538
93.20,-19.681,-22.314,30.0,1.03,CLEAR|STRAIGHT,,999.00,0.67,0.8,3.7,3572
93.25,-19.600,-22.262,30.1,0.96,CLEAR|STRAIGHT,,999.00,0.67,0.6,3.7,3583
93.30,-19.600,-22.262,30.3,0.96,CLEAR|STRAIGHT,,999.00,0.67,0.5,3.7,3561
93.35,-19.519,-22.203,30.5,0.91,CLEAR|STRAIGHT,,999.00,0.67,-0.0,3.7,3583
93.40,-19.519,-22.203,30.7,0.91,CLEAR|STRAIGHT,,999.00,0.67,-0.1,3.2,3630
93.45,-19.436,-22.130,30.9,1.20,CLEAR|STRAIGHT,,999.00,0.67,-0.6,2.8,3689
93.50,-19.367,-22.055,31.0,1.06,CLEAR|STRAIGHT,,999.00,0.67,-0.6,2.6,3726
93.55,-19.367,-22.055,31.1,1.06,CLEAR|STRAIGHT,,999.00,0.67,-1.2,2.4,3751
93.60,-19.285,-22.002,31.2,0.98,CLEAR|STRAIGHT,,999.00,0.67,-1.3,2.1,3801
93.65,-19.285,-22.002,31.3,0.98,CLEAR|STRAIGHT,,999.00,0.67,-1.5,1.9,3827
93.70,-19.201,-21.948,31.4,0.97,CLEAR|STRAIGHT,,999.00,0.67,-1.6,1.8,3853
93.75,-19.201,-21.948,31.5,0.97,CLEAR|STRAIGHT,,999.00,0.67,-1.9,1.9,3853
93.80,-19.201,-21.948,31.6,0.97,CLEAR|STRAIGHT,,999.00,0.67,-2.0,1.9,3867
93.85,-19.114,-21.890,31.7,0.98,CLEAR|STRAIGHT,,999.00,0.68,-1.8,1.6,3907
93.90,-19.114,-21.890,31.9,0.98,CLEAR|STRAIGHT,,999.00,0.68,-1.9,1.1,3948
93.95,-19.031,-21.832,31.9,1.01,CLEAR|STRAIGHT,,999.00,0.68,-2.1,1.0,4004
94.00,-19.031,-21.832,31.9,1.01,CLEAR|STRAIGHT,,999.00,0.68,-2.1,0.9,4018
94.05,-18.943,-21.775,31.9,1.04,CLEAR|STRAIGHT,,999.00,0.68,-2.3,0.8,4047
94.10,-18.943,-21.775,31.9,1.04,CLEAR|STRAIGHT,,999.00,0.68,-2.3,0.6,4077
94.15,-18.860,-21.713,31.9,1.03,CLEAR|STRAIGHT,,999.00,0.68,-2.7,0.5,4077
94.20,-18.860,-21.713,31.8,1.03,CLEAR|STRAIGHT,,999.00,0.68,-2.7,0.5,4077
94.25,-18.780,-21.642,31.8,1.05,CLEAR|STRAIGHT,,999.00,0.68,-3.2,0.5,4106
94.30,-18.780,-21.642,31.8,1.05,CLEAR|STRAIGHT,,999.00,0.68,-3.2,-0.2,4167
94.35,-18.700,-21.566,31.8,0.98,CLEAR|STRAIGHT,,999.00,0.69,-2.9,-0.3,4214
94.40,-18.700,-21.566,31.7,0.98,CLEAR|STRAIGHT,,999.00,0.69,-2.9,-0.3,4198
94.45,-18.614,-21.510,31.6,1.15,CLEAR|STRAIGHT,,999.00,0.69,-2.9,-0.2,4214
94.50,-18.614,-21.510,31.5,1.15,CLEAR|STRAIGHT,,999.00,0.69,-2.8,-0.3,4230
94.55,-18.520,-21.450,31.5,1.11,CLEAR|STRAIGHT,,999.00,0.69,-3.2,-0.3,4230
94.60,-18.520,-21.450,31.4,1.11,CLEAR|STRAIGHT,,999.00,0.69,-3.1,-0.3,4230
94.65,-18.433,-21.392,31.3,1.05,CLEAR|STRAIGHT,,999.00,0.69,-3.5,-0.3,4246
94.71,-18.433,-21.392,31.2,1.05,CLEAR|STRAIGHT,,999.00,0.69,-3.5,-1.0,4278
94.75,-18.337,-21.337,31.2,1.11,CLEAR|STRAIGHT,,999.00,0.69,-2.6,-1.2,4311
94.80,-18.337,-21.337,31.0,1.11,CLEAR|STRAIGHT,,999.00,0.69,-2.5,-1.1,4295
94.85,-18.245,-21.281,30.8,1.07,CLEAR|STRAIGHT,,999.00,0.69,-2.6,-1.1,4328
94.90,-18.245,-21.281,30.7,1.07,CLEAR|STRAIGHT,,999.00,0.69,-2.6,-1.0,4328
94.95,-18.157,-21.215,30.7,1.09,CLEAR|STRAIGHT,,999.00,0.69,-2.9,-1.0,4344
95.00,-18.157,-21.215,30.5,1.09,CLEAR|STRAIGHT,,999.00,0.69,-2.8,-1.0,4311
95.05,-18.073,-21.149,30.4,1.06,CLEAR|STRAIGHT,,999.00,0.69,-3.2,-1.1,4328
95.10,-17.976,-21.086,30.3,1.29,CLEAR|STRAIGHT,,999.00,0.69,-3.2,-1.2,4344
95.15,-17.976,-21.086,30.2,1.29,CLEAR|STRAIGHT,,999.00,0.69,-3.1,-1.2,4344
95.20,-17.976,-21.086,30.0,1.29,CLEAR|STRAIGHT,,999.00,0.69,-3.0,-1.3,4344
95.25,-17.891,-21.019,30.0,0.97,CLEAR|STRAIGHT,,999.00,0.70,-2.8,-1.3,4361
95.30,-17.891,-21.019,29.8,0.97,CLEAR|STRAIGHT,,999.00,0.70,-2.7,-1.3,4361
95.35,-17.809,-20.956,29.7,0.93,CLEAR|STRAIGHT,,999.00,0.70,-3.2,-1.4,4361
95.40,-17.809,-20.956,29.6,0.93,CLEAR|STRAIGHT,,999.00,0.70,-3.1,-1.3,4361
95.45,-17.716,-20.901,29.5,1.20,CLEAR|STRAIGHT,,999.00,0.70,-2.8,-1.3,4361
95.50,-17.620,-20.842,29.4,1.25,CLEAR|STRAIGHT,,999.00,0.70,-2.8,-1.3,4361
95.55,-17.620,-20.842,29.3,1.25,CLEAR|STRAIGHT,,999.00,0.70,-2.9,-1.2,4344
95.60,-17.523,-20.785,29.0,1.15,CLEAR|STRAIGHT,,999.00,0.70,-2.8,-1.3,4378
95.65,-17.523,-20.785,29.0,1.15,CLEAR|STRAIGHT,,999.00,0.70,-3.2,-1.3,4361
95.70,-17.523,-20.785,28.8,1.15,CLEAR|STRAIGHT,,999.00,0.70,-3.1,-1.3,4361
95.75,-17.424,-20.731,28.7,1.01,CLEAR|STRAIGHT,,999.00,0.70,-2.3,-1.2,4361
95.80,-17.326,-20.671,28.5,1.28,CLEAR(조향OFF)|STRAIGHT,,999.00,0.70,-2.2,-1.3,4361
95.85,-17.326,-20.671,28.4,1.28,CLEAR(조향OFF)|STRAIGHT,,999.00,0.70,-2.0,-1.3,4361
95.90,-17.326,-20.671,28.2,1.28,CLEAR(조향OFF)|STRAIGHT,,999.00,0.70,-1.9,-1.2,4361
95.95,-17.227,-20.611,28.1,1.05,CLEAR(조향OFF)|STRAIGHT,,999.00,0.70,-2.5,-1.2,4361
96.00,-17.227,-20.611,27.9,1.05,CLEAR(조향OFF)|STRAIGHT,,999.00,0.70,-2.4,-1.3,4361
96.05,-17.134,-20.553,27.8,1.09,CLEAR(조향OFF)|STRAIGHT,,999.00,0.70,-2.5,-1.2,4378
96.10,-17.134,-20.553,27.6,1.09,CLEAR(조향OFF)|STRAIGHT,,999.00,0.70,-2.5,-1.2,4361
96.15,-17.045,-20.484,27.5,1.11,CLEAR(조향OFF)|STRAIGHT,,999.00,0.68,-1.7,-1.3,4361
96.20,-17.045,-20.484,27.4,1.11,CLEAR(조향OFF)|STRAIGHT,,999.00,0.68,-1.6,-1.3,4378
96.25,-16.947,-20.428,27.3,1.14,CLEAR(조향OFF)|STRAIGHT,,999.00,0.68,-1.7,-1.2,4361
96.30,-16.947,-20.428,27.1,1.14,CLEAR(조향OFF)|STRAIGHT,,999.00,0.68,-1.6,-1.3,4361
96.35,-16.847,-20.367,27.0,1.06,CLEAR(조향OFF)|STRAIGHT,,999.00,0.68,-1.9,-1.2,4344
96.40,-16.847,-20.367,26.8,1.06,CLEAR(조향OFF)|STRAIGHT,,999.00,0.68,-1.8,-1.3,4361
96.45,-16.749,-20.313,26.7,1.24,CLEAR(조향OFF)|STRAIGHT,,999.00,0.68,-1.6,-1.3,4361
96.50,-16.749,-20.313,26.5,1.24,CLEAR(조향OFF)|STRAIGHT,,999.00,0.68,-1.5,-1.2,4361
96.55,-16.646,-20.258,26.4,1.17,CLEAR(조향OFF)|STRAIGHT,,999.00,0.66,-0.8,-1.2,4361
96.60,-16.646,-20.258,26.1,1.17,CLEAR(조향OFF)|STRAIGHT,,999.00,0.66,-0.7,-1.2,4361
96.65,-16.548,-20.202,26.1,1.12,CLEAR(조향OFF)|STRAIGHT,,999.00,0.66,-0.8,-1.2,4361
96.70,-16.548,-20.202,25.9,1.12,CLEAR(조향OFF)|STRAIGHT,,999.00,0.66,-0.7,-1.2,4378
96.75,-16.444,-20.148,25.8,1.07,CLEAR(조향OFF)|STRAIGHT,,999.00,0.66,-0.8,-1.2,4361
96.80,-16.444,-20.148,25.6,1.07,CLEAR(조향OFF)|STRAIGHT,,999.00,0.66,-0.7,-1.2,4361
96.85,-16.348,-20.090,25.5,1.23,CLEAR(조향OFF)|STRAIGHT,,999.00,0.66,-0.6,-1.2,4378
96.90,-16.348,-20.090,25.3,1.23,CLEAR(조향OFF)|STRAIGHT,,999.00,0.66,-0.5,-1.2,4361
96.95,-16.246,-20.031,25.2,1.18,CLEAR(조향OFF)|STRAIGHT,,999.00,0.66,-0.7,-1.3,4361
97.00,-16.246,-20.031,25.0,1.18,CLEAR(조향OFF)|STRAIGHT,,999.00,0.66,-0.7,-1.2,4378
97.05,-16.145,-19.977,25.0,1.14,CLEAR(조향OFF)|STRAIGHT,,999.00,0.65,0.1,-1.3,4361
97.11,-16.145,-19.977,24.8,1.14,CLEAR(조향OFF)|STRAIGHT,,999.00,0.65,0.1,-1.2,4361
97.15,-16.044,-19.926,24.7,1.13,CLEAR(조향OFF)|STRAIGHT,,999.00,0.65,0.2,-1.2,4344
97.20,-16.044,-19.926,24.5,1.13,CLEAR(조향OFF)|STRAIGHT,,999.00,0.65,0.2,-1.3,4361
97.25,-15.946,-19.875,24.4,1.10,CLEAR(조향OFF)|STRAIGHT,,999.00,0.65,0.3,-1.2,4361
97.30,-15.946,-19.875,24.2,1.10,CLEAR(조향OFF)|STRAIGHT,,999.00,0.65,0.3,-1.3,4378
97.35,-15.838,-19.824,24.1,1.09,CLEAR(조향OFF)|STRAIGHT,,999.00,0.65,0.5,-1.3,4361
97.40,-15.838,-19.824,23.9,1.09,CLEAR(조향OFF)|STRAIGHT,,999.00,0.65,0.5,-1.2,4361
97.45,-15.740,-19.773,23.8,1.22,CLEAR(조향OFF)|STRAIGHT,,999.00,0.64,1.2,-1.3,4361
97.50,-15.740,-19.773,23.6,1.22,CLEAR(조향OFF)|STRAIGHT,,999.00,0.64,1.3,-1.0,4344
97.55,-15.644,-19.716,23.6,1.11,CLEAR(조향OFF)|STRAIGHT,,999.00,0.64,1.2,-0.3,4278
97.60,-15.644,-19.716,23.5,1.11,CLEAR(조향OFF)|STRAIGHT,,999.00,0.64,1.3,-0.3,4262
97.65,-15.545,-19.670,23.3,1.10,CLEAR(조향OFF)|STRAIGHT,,999.00,0.64,1.5,-0.2,4262
97.70,-15.545,-19.670,23.3,1.10,CLEAR(조향OFF)|STRAIGHT,,999.00,0.64,1.5,-0.3,4246
97.75,-15.443,-19.628,23.2,1.00,CLEAR(조향OFF)|STRAIGHT,,999.00,0.64,1.7,-0.2,4246
97.80,-15.443,-19.628,23.1,1.00,CLEAR(조향OFF)|STRAIGHT,,999.00,0.64,1.7,-0.2,4262
97.85,-15.343,-19.570,23.0,1.27,CLEAR(조향OFF)|STRAIGHT,,999.00,0.64,1.9,-0.1,4230
97.90,-15.343,-19.570,22.9,1.27,CLEAR(조향OFF)|STRAIGHT,,999.00,0.64,1.9,-0.2,4246
97.95,-15.241,-19.523,22.8,1.12,CLEAR(조향OFF)|STRAIGHT,,999.00,0.63,2.3,-0.2,4246
98.00,-15.241,-19.523,22.7,1.12,CLEAR(조향OFF)|STRAIGHT,,999.00,0.63,2.4,0.0,4230
98.05,-15.147,-19.473,22.6,1.06,CLEAR(조향OFF)|STRAIGHT,,999.00,0.63,2.5,0.1,4167
98.10,-15.147,-19.473,22.5,1.06,CLEAR(조향OFF)|STRAIGHT,,999.00,0.63,2.5,0.0,4214
98.15,-15.042,-19.423,22.4,1.16,CLEAR(조향OFF)|STRAIGHT,,999.00,0.63,2.8,0.1,4214
98.20,-15.042,-19.423,22.3,1.16,CLEAR(조향OFF)|STRAIGHT,,999.00,0.63,2.8,0.1,4198
98.25,-14.940,-19.382,22.2,1.10,CLEAR(조향OFF)|STRAIGHT,,999.00,0.63,3.2,0.2,4198
98.30,-14.940,-19.382,22.1,1.10,CLEAR(조향OFF)|STRAIGHT,,999.00,0.63,3.3,0.5,4152
98.35,-14.849,-19.326,22.1,0.96,CLEAR(조향OFF)|STRAIGHT,,999.00,0.63,3.3,1.0,4092
98.40,-14.849,-19.326,22.1,0.96,CLEAR(조향OFF)|STRAIGHT,,999.00,0.63,3.2,1.0,4077
98.45,-14.742,-19.272,22.1,1.19,CLEAR(조향OFF)|STRAIGHT,,999.00,0.63,3.4,1.0,4077
98.50,-14.742,-19.272,22.1,1.19,CLEAR(조향OFF)|STRAIGHT,,999.00,0.63,3.4,1.2,4047
98.55,-14.652,-19.232,22.1,0.98,CLEAR(조향OFF)|STRAIGHT,,999.00,0.63,3.7,0.9,4047
98.60,-14.652,-19.232,22.1,0.98,CLEAR(조향OFF)|STRAIGHT,,999.00,0.63,3.7,1.2,4033
98.65,-14.559,-19.184,22.1,1.16,CLEAR(조향OFF)|STRAIGHT,,999.00,0.63,3.8,1.2,4033
98.70,-14.559,-19.184,22.1,1.16,CLEAR(조향OFF)|STRAIGHT,,999.00,0.63,3.8,1.2,4033
98.75,-14.464,-19.140,22.1,1.05,CLEAR(조향OFF)|STRAIGHT,,999.00,0.63,4.1,1.0,4033
98.80,-14.464,-19.140,22.1,1.05,CLEAR(조향OFF)|STRAIGHT,,999.00,0.63,4.2,1.1,4047
98.85,-14.362,-19.093,22.1,1.12,CLEAR(조향OFF)|STRAIGHT,,999.00,0.62,4.0,1.1,4047
98.90,-14.362,-19.093,22.0,1.12,CLEAR(조향OFF)|STRAIGHT,,999.00,0.62,4.1,1.5,3990
98.95,-14.268,-19.034,22.1,1.10,CLEAR(조향OFF)|STRAIGHT,,999.00,0.62,4.2,1.8,3948
99.00,-14.268,-19.034,22.1,1.10,CLEAR(조향OFF)|STRAIGHT,,999.00,0.62,4.2,1.8,3934
99.05,-14.178,-18.978,22.1,1.04,CLEAR(조향OFF)|STRAIGHT,,999.00,0.62,4.3,1.7,3962
99.10,-14.081,-18.934,22.2,1.18,CLEAR(조향OFF)|STRAIGHT,,999.00,0.62,4.3,1.9,3907
99.15,-14.081,-18.934,22.2,1.18,CLEAR(조향OFF)|STRAIGHT,,999.00,0.62,4.4,2.0,3907
99.20,-14.081,-18.934,22.3,1.18,CLEAR(조향OFF)|STRAIGHT,,999.00,0.62,4.4,2.1,3907
99.25,-13.989,-18.878,22.3,0.96,CLEAR(조향OFF)|STRAIGHT,,999.00,0.62,4.2,2.1,3907
99.30,-13.989,-18.878,22.4,0.96,CLEAR(조향OFF)|STRAIGHT,,999.00,0.62,4.2,2.1,3880
99.35,-13.889,-18.835,22.4,1.10,CLEAR(조향OFF)|STRAIGHT,,999.00,0.62,4.5,2.0,3893
99.40,-13.889,-18.835,22.5,1.10,CLEAR(조향OFF)|STRAIGHT,,999.00,0.62,4.4,1.9,3893
99.45,-13.795,-18.789,22.5,1.04,CLEAR(조향OFF)|STRAIGHT,,999.00,0.62,4.7,2.1,3893
99.50,-13.795,-18.789,22.6,1.04,CLEAR(조향OFF)|STRAIGHT,,999.00,0.62,4.7,2.0,3893
99.55,-13.702,-18.729,22.6,1.09,CLEAR(조향OFF)|STRAIGHT,,999.00,0.62,4.7,2.1,3893
99.60,-13.702,-18.729,22.7,1.09,CLEAR(조향OFF)|STRAIGHT,,999.00,0.62,4.7,2.0,3893
99.65,-13.606,-18.677,22.7,1.09,CLEAR(조향OFF)|STRAIGHT,,999.00,0.62,4.9,2.1,3880
99.70,-13.606,-18.677,22.7,1.09,CLEAR(조향OFF)|STRAIGHT,,999.00,0.62,4.9,2.0,3907
99.75,-13.509,-18.631,22.8,1.07,CLEAR(조향OFF)|STRAIGHT,,999.00,0.61,4.7,2.0,3880
99.80,-13.509,-18.631,22.8,1.07,CLEAR(조향OFF)|STRAIGHT,,999.00,0.61,4.7,2.0,3880
99.85,-13.414,-18.580,22.9,1.08,CLEAR(조향OFF)|STRAIGHT,,999.00,0.61,4.9,2.1,3880
99.90,-13.414,-18.580,22.9,1.08,CLEAR(조향OFF)|STRAIGHT,,999.00,0.61,4.9,2.0,3893
99.95,-13.322,-18.524,23.0,1.07,CLEAR(조향OFF)|STRAIGHT,,999.00,0.61,5.1,2.0,3893
100.00,-13.322,-18.524,23.0,1.07,CLEAR(조향OFF)|STRAIGHT,,999.00,0.61,5.1,2.4,3853
100.05,-13.216,-18.481,23.1,1.15,CLEAR(조향OFF)|STRAIGHT,,999.00,0.61,5.4,2.7,3814
100.10,-13.124,-18.431,23.3,1.15,CLEAR(조향OFF)|STRAIGHT,,999.00,0.61,5.4,2.7,3814
100.15,-13.124,-18.431,23.4,1.15,CLEAR(조향OFF)|STRAIGHT,,999.00,0.61,5.6,2.8,3788
100.20,-13.124,-18.431,23.5,1.15,CLEAR(조향OFF)|STRAIGHT,,999.00,0.61,5.6,3.1,3751
100.25,-13.029,-18.378,23.6,0.99,CLEAR(조향OFF)|STRAIGHT,,999.00,0.59,5.3,3.2,3713
100.30,-13.029,-18.378,23.8,0.99,CLEAR(조향OFF)|STRAIGHT,,999.00,0.59,5.2,3.2,3713
100.35,-12.930,-18.329,23.8,1.00,CLEAR(조향OFF)|STRAIGHT,,999.00,0.59,5.5,3.3,3701
100.40,-12.930,-18.329,24.1,1.00,CLEAR(조향OFF)|STRAIGHT,,999.00,0.59,5.4,3.3,3701
100.45,-12.835,-18.273,24.2,1.09,CLEAR(조향OFF)|STRAIGHT,,999.00,0.59,5.5,3.3,3701
100.50,-12.835,-18.273,24.3,1.09,CLEAR(조향OFF)|STRAIGHT,,999.00,0.59,5.4,3.3,3689
100.55,-12.738,-18.221,24.4,1.23,CLEAR(조향OFF)|STRAIGHT,,999.00,0.59,5.5,3.3,3689
100.60,-12.738,-18.221,24.6,1.23,CLEAR(조향OFF)|STRAIGHT,,999.00,0.59,5.4,3.3,3677
100.65,-12.637,-18.163,24.8,1.16,AVOID(조향OFF)|RIGHT,,8.00,0.58,5.1,3.3,3689
100.70,-12.637,-18.163,25.0,1.16,CLEAR(조향OFF)|STRAIGHT,,999.00,0.58,5.0,3.3,3689
100.75,-12.547,-18.107,25.1,1.05,CLEAR(조향OFF)|STRAIGHT,,999.00,0.58,5.2,3.4,3665
100.80,-12.451,-18.056,25.3,1.21,AVOID(조향OFF)|RIGHT,,8.00,0.58,5.2,3.4,3677
100.85,-12.451,-18.056,25.5,1.21,AVOID(조향OFF)|RIGHT,,8.00,0.58,5.2,3.3,3677
100.90,-12.352,-17.999,25.7,1.13,AVOID(조향OFF)|RIGHT,,8.00,0.58,5.1,3.3,3677
100.95,-12.352,-17.999,25.9,1.13,AVOID(조향OFF)|RIGHT,,8.00,0.58,5.4,3.3,3677
101.00,-12.252,-17.941,26.2,1.15,AVOID(조향OFF)|RIGHT,,8.00,0.58,5.3,3.3,3677
101.05,-12.252,-17.941,26.3,1.15,AVOID(조향OFF)|RIGHT,,8.00,0.58,5.5,3.3,3677
101.10,-12.159,-17.885,26.5,1.08,AVOID(조향OFF)|RIGHT,,8.00,0.58,5.4,3.2,3677
101.15,-12.159,-17.885,26.6,1.08,AVOID(조향OFF)|RIGHT,,8.00,0.55,5.0,3.2,3677
101.20,-12.159,-17.885,26.8,1.08,AVOID(조향OFF)|RIGHT,,8.00,0.55,4.9,3.3,3677
101.25,-12.067,-17.825,26.9,1.00,AVOID(조향OFF)|RIGHT,,8.00,0.55,5.2,3.3,3677
101.30,-12.067,-17.825,27.1,1.00,AVOID(조향OFF)|RIGHT,,8.00,0.55,5.1,3.4,3653
101.35,-11.976,-17.763,27.2,1.00,AVOID(조향OFF)|RIGHT,,8.00,0.55,5.2,3.3,3677
101.40,-11.976,-17.763,27.3,1.00,AVOID(조향OFF)|RIGHT,,8.00,0.55,5.2,3.3,3665
101.45,-11.886,-17.702,27.5,1.19,AVOID(조향OFF)|RIGHT,,8.00,0.55,5.1,3.3,3665
101.50,-11.886,-17.702,27.6,1.19,AVOID(조향OFF)|RIGHT,,8.00,0.55,5.1,3.5,3653
101.55,-11.798,-17.644,27.8,1.05,AVOID(조향OFF)|RIGHT,,8.00,0.54,4.8,3.5,3641
101.60,-11.798,-17.644,28.0,1.05,AVOID(조향OFF)|RIGHT,,8.00,0.54,4.7,3.5,3641
101.65,-11.712,-17.587,28.1,1.02,AVOID(조향OFF)|RIGHT,,8.00,0.54,4.9,3.5,3653
101.70,-11.712,-17.587,28.2,1.02,AVOID(조향OFF)|RIGHT,,8.00,0.54,4.8,3.5,3653
101.75,-11.624,-17.520,28.3,1.09,AVOID(조향OFF)|RIGHT,,8.00,0.54,4.8,3.5,3653
101.80,-11.534,-17.472,28.6,1.13,AVOID(조향OFF)|RIGHT,,8.00,0.54,4.7,3.5,3641
101.85,-11.534,-17.472,28.7,1.13,AVOID(조향OFF)|RIGHT,,8.00,0.54,5.0,3.5,3653
101.90,-11.453,-17.417,28.9,0.98,AVOID(조향OFF)|LEFT,,8.00,0.54,4.9,3.5,3630
101.95,-11.453,-17.417,29.1,0.98,AVOID(조향OFF)|LEFT,,8.00,0.54,5.2,3.5,3641
102.00,-11.366,-17.354,29.3,1.07,AVOID(조향OFF)|LEFT,,8.00,0.54,5.1,3.5,3630
102.05,-11.366,-17.354,29.5,1.07,AVOID(조향OFF)|LEFT,,8.00,0.51,4.5,3.5,3641
102.10,-11.366,-17.354,29.8,1.07,AVOID(조향OFF)|LEFT,,8.00,0.51,4.4,3.5,3641
102.15,-11.274,-17.293,29.9,1.00,AVOID(조향OFF)|LEFT,,8.00,0.51,4.6,3.5,3641
102.20,-11.274,-17.293,30.1,1.00,AVOID(조향OFF)|LEFT,,8.00,0.51,4.6,3.5,3641
102.25,-11.192,-17.233,30.2,1.00,AVOID(조향OFF)|LEFT,,8.00,0.51,4.6,3.5,3653
102.30,-11.192,-17.233,30.5,1.00,AVOID(조향OFF)|LEFT,,8.00,0.51,4.5,3.4,3641
102.35,-11.114,-17.170,30.7,0.90,AVOID(조향OFF)|LEFT,,8.00,0.51,4.5,3.5,3641
102.40,-11.114,-17.170,31.0,0.90,AVOID(조향OFF)|LEFT,,8.00,0.51,4.4,3.5,3641
102.45,-11.028,-17.104,31.2,1.08,AVOID(조향OFF)|LEFT,,8.00,0.51,4.3,3.5,3653
102.50,-11.028,-17.104,31.4,1.08,AVOID(조향OFF)|LEFT,,8.00,0.51,4.2,3.5,3641
102.55,-10.944,-17.048,31.6,1.12,AVOID(조향OFF)|LEFT,,8.00,0.49,4.0,3.5,3641
102.60,-10.944,-17.048,31.9,1.12,AVOID(조향OFF)|LEFT,,8.00,0.49,3.9,3.5,3641
102.65,-10.857,-16.987,32.0,1.07,AVOID(조향OFF)|LEFT,,8.00,0.49,4.0,3.4,3653
102.70,-10.857,-16.987,32.2,1.07,AVOID(조향OFF)|LEFT,,8.00,0.49,4.0,3.5,3641
102.75,-10.785,-16.916,32.4,0.99,AVOID(조향OFF)|LEFT,,8.00,0.49,3.8,3.5,3653
102.80,-10.700,-16.861,32.7,1.12,AVOID(조향OFF)|LEFT,,8.00,0.49,3.7,3.5,3653
102.85,-10.700,-16.861,32.8,1.12,BLOCKED(조향OFF)|STOP,,1.55,0.40,3.9,3.5,3641
102.90,-10.700,-16.861,33.1,1.12,BLOCKED(조향OFF)|STOP,,1.55,0.31,3.8,3.5,3653
102.95,-10.613,-16.797,33.2,0.97,BLOCKED(조향OFF)|STOP,,1.38,0.25,3.9,3.5,3641
103.00,-10.613,-16.797,33.4,0.97,BLOCKED(조향OFF)|STOP,,1.38,0.25,3.8,3.5,3630
103.05,-10.531,-16.734,33.5,1.04,BLOCKED(조향OFF)|STOP,,1.35,0.25,3.8,3.5,3653
103.10,-10.531,-16.734,33.7,1.04,BLOCKED(조향OFF)|STOP,,1.27,0.25,3.8,3.6,3641
103.15,-10.449,-16.668,33.8,1.05,BLOCKED(조향OFF)|STOP,,1.27,0.25,3.8,3.5,3653
103.20,-10.449,-16.668,34.0,1.05,BLOCKED(조향OFF)|STOP,,1.15,0.25,3.7,3.5,3653
103.25,-10.449,-16.668,34.1,1.05,BLOCKED(조향OFF)|STOP,,1.15,0.25,3.6,3.5,3641
103.30,-10.371,-16.584,34.3,0.80,BLOCKED(조향OFF)|STOP,,1.09,0.25,3.4,3.5,3630
103.35,-10.371,-16.584,34.4,0.80,BLOCKED(조향OFF)|STOP,,1.09,0.16,3.2,3.5,3653
103.40,-10.371,-16.584,34.7,0.80,BLOCKED(조향OFF)|STOP,,0.99,0.07,3.1,3.5,3641
103.45,-10.211,-16.441,34.9,1.25,BLOCKED(조향OFF)|STOP,,0.99,0.00,3.5,3.5,3653
103.50,-10.211,-16.441,35.0,1.25,BLOCKED(조향OFF)|STOP,,0.90,0.00,3.5,3.5,3653
103.55,-10.136,-16.363,35.1,1.18,BLOCKED(조향OFF)|STOP,,0.90,0.00,3.4,3.6,3641
103.60,-10.136,-16.363,35.4,1.18,BLOCKED(조향OFF)|STOP,,0.82,0.00,3.3,3.5,3641
103.65,-10.064,-16.303,35.6,0.93,BLOCKED(조향OFF)|STOP,,0.74,0.00,3.1,3.5,3653
103.70,-10.064,-16.303,35.8,0.93,BLOCKED(조향OFF)|STOP,,0.74,0.00,3.0,3.5,3641
103.75,-9.981,-16.229,35.9,1.10,BLOCKED(조향OFF)|STOP,,0.66,0.00,3.1,3.6,3653
103.80,-9.981,-16.229,36.2,1.10,BLOCKED(조향OFF)|STOP,,0.66,0.00,3.0,3.5,3653
103.85,-9.910,-16.167,36.2,0.94,BLOCKED(조향OFF)|STOP,,0.60,0.00,2.8,3.5,3653
103.90,-9.910,-16.167,36.4,0.94,BLOCKED(조향OFF)|STOP,,0.60,0.00,2.7,3.5,3641
103.95,-9.838,-16.102,36.5,0.96,BLOCKED(조향OFF)|STOP,,0.54,0.00,3.3,3.5,3641
104.00,-9.838,-16.102,36.7,0.96,BLOCKED(조향OFF)|STOP,,0.54,0.00,3.2,3.5,3630
104.05,-9.771,-16.041,36.9,0.89,BLOCKED(조향OFF)|STOP,,0.50,0.00,3.1,3.5,3653
104.10,-9.771,-16.041,37.0,0.89,BLOCKED(조향OFF)|STOP,,0.50,0.00,3.0,3.5,3641
104.15,-9.711,-15.984,37.2,0.83,BLOCKED(조향OFF)|STOP,,0.47,0.00,2.9,3.5,3641
104.20,-9.711,-15.984,37.5,0.83,BLOCKED(조향OFF)|STOP,,0.45,0.00,2.8,3.5,3641
104.25,-9.649,-15.922,37.6,0.87,BLOCKED(조향OFF)|STOP,,0.45,0.00,2.7,3.5,3641
104.30,-9.649,-15.922,37.8,0.87,AVOID(조향OFF)|LEFT,,0.02,0.00,2.6,3.5,3641
104.35,-9.597,-15.869,37.9,0.66,AVOID(조향OFF)|LEFT,,0.02,0.00,2.0,3.5,3653
104.40,-9.597,-15.869,38.1,0.66,CLEAR(조향OFF)|STRAIGHT,,999.00,0.00,1.9,3.5,3653
104.45,-9.536,-15.829,38.2,0.82,CLEAR(조향OFF)|STRAIGHT,,999.00,0.00,2.3,3.5,3641
104.50,-9.536,-15.829,38.4,0.82,CLEAR(조향OFF)|STRAIGHT,,999.00,0.00,2.3,3.5,3630
104.55,-9.485,-15.782,38.5,0.69,CLEAR(조향OFF)|STRAIGHT,,999.00,0.00,2.9,3.5,3630
104.60,-9.485,-15.782,38.7,0.69,CLEAR(조향OFF)|STRAIGHT,,999.00,0.00,2.8,3.5,3641
104.65,-9.439,-15.739,38.9,0.63,CLEAR(조향OFF)|STRAIGHT,,999.00,0.00,2.6,3.5,3653
104.70,-9.439,-15.739,39.1,0.63,CLEAR(조향OFF)|STRAIGHT,,999.00,0.00,2.6,3.5,3641
104.75,-9.392,-15.694,39.1,0.65,CLEAR(조향OFF)|STRAIGHT,,999.00,0.00,2.5,3.5,3641
104.80,-9.392,-15.694,39.4,0.65,CLEAR(조향OFF)|STRAIGHT,,999.00,0.00,2.4,3.5,3641
104.85,-9.349,-15.648,39.4,0.62,CLEAR(조향OFF)|STRAIGHT,,999.00,0.00,2.2,3.5,3630
104.90,-9.349,-15.648,39.6,0.62,CLEAR(조향OFF)|STRAIGHT,,999.00,0.00,2.2,3.5,3641
104.95,-9.317,-15.616,39.6,0.45,CLEAR(조향OFF)|STRAIGHT,,999.00,0.00,1.7,3.6,3641
105.00,-9.317,-15.616,39.8,0.45,CLEAR(조향OFF)|STRAIGHT,,999.00,0.00,1.6,3.4,3641
105.05,-9.283,-15.581,39.8,0.48,CLEAR(조향OFF)|STRAIGHT,,999.00,0.00,1.5,3.5,3641
105.10,-9.283,-15.581,39.9,0.48,CLEAR(조향OFF)|STRAIGHT,,999.00,0.00,1.5,3.6,3630
105.15,-9.260,-15.553,40.0,0.36,CLEAR(조향OFF)|STRAIGHT,,999.00,0.00,0.9,3.5,3630
105.20,-9.260,-15.553,40.0,0.36,CLEAR(조향OFF)|STRAIGHT,,999.00,0.00,0.9,3.5,3630
105.25,-9.239,-15.536,40.1,0.27,CLEAR(조향OFF)|STRAIGHT,,999.00,0.00,0.5,3.5,3630
105.30,-9.239,-15.536,40.2,0.27,CLEAR(조향OFF)|STRAIGHT,,999.00,0.00,0.4,3.5,3641
105.35,-9.222,-15.520,40.2,0.21,CLEAR(조향OFF)|STRAIGHT,,999.00,0.00,0.1,3.2,3677
105.40,-9.222,-15.520,40.2,0.21,CLEAR(조향OFF)|STRAIGHT,,999.00,0.00,0.0,3.2,3689
105.45,-9.209,-15.497,40.2,0.24,CLEAR(조향OFF)|STRAIGHT,,999.00,0.00,-0.2,3.2,3689
105.50,-9.209,-15.497,40.3,0.24,CLEAR(조향OFF)|STRAIGHT,,999.00,0.00,-0.2,2.9,3726
105.55,-9.198,-15.489,40.3,0.15,CLEAR(조향OFF)|STRAIGHT,,999.00,0.00,-0.7,2.7,3751
105.60,-9.198,-15.489,40.3,0.15,CLEAR(조향OFF)|STRAIGHT,,999.00,0.00,-0.7,2.7,3751
105.65,-9.197,-15.483,40.3,0.06,CLEAR(조향OFF)|STRAIGHT,,999.00,0.00,-1.5,2.7,3763
105.70,-9.197,-15.483,40.2,0.06,CLEAR(조향OFF)|STRAIGHT,,999.00,0.00,-1.5,2.7,3763
105.75,-9.195,-15.484,40.2,0.00,CLEAR(조향OFF)|STRAIGHT,,999.00,0.00,-1.9,2.7,3763
105.80,-9.195,-15.484,40.2,0.00,CLEAR(조향OFF)|STRAIGHT,,999.00,0.00,-1.9,2.7,3763
105.85,-9.201,-15.483,40.2,-0.04,CLEAR(조향OFF)|STRAIGHT,,999.00,0.00,-1.7,2.3,3801
105.90,-9.201,-15.483,40.2,-0.04,CLEAR(조향OFF)|STRAIGHT,,999.00,0.00,-1.7,2.1,3853
105.95,-9.206,-15.487,40.2,-0.06,CLEAR(조향OFF)|STRAIGHT,,999.00,0.00,-1.5,2.1,3853
106.00,-9.206,-15.487,40.2,-0.06,CLEAR(조향OFF)|STRAIGHT,,999.00,0.00,-1.5,1.9,3853
106.05,-9.207,-15.489,40.2,-0.02,CLEAR(조향OFF)|STRAIGHT,,999.00,0.00,-1.8,1.9,3853
106.10,-9.207,-15.489,40.2,-0.02,CLEAR(조향OFF)|STRAIGHT,,999.00,0.00,-1.8,1.9,3893
106.15,-9.209,-15.492,40.2,-0.03,CLEAR(조향OFF)|STRAIGHT,,999.00,0.00,-1.7,1.9,3880
106.20,-9.209,-15.492,40.2,-0.03,CLEAR(조향OFF)|STRAIGHT,,999.00,0.00,-1.7,1.8,3893
106.25,-9.208,-15.489,40.2,0.02,CLEAR(조향OFF)|STRAIGHT,,999.00,0.00,-1.8,1.9,3893
106.30,-9.208,-15.489,40.2,0.02,CLEAR(조향OFF)|STRAIGHT,,999.00,0.00,-1.8,1.8,3893
106.35,-9.208,-15.489,40.2,0.00,CLEAR(조향OFF)|STRAIGHT,,999.00,0.00,-1.9,1.9,3893
106.40,-9.208,-15.489,40.2,0.00,CLEAR(조향OFF)|STRAIGHT,,999.00,0.00,-1.9,1.6,3920
106.45,-9.206,-15.487,40.2,0.03,CLEAR(조향OFF)|STRAIGHT,,999.00,0.00,-1.8,1.6,3907
106.50,-9.206,-15.487,40.2,0.03,CLEAR(조향OFF)|STRAIGHT,,999.00,0.00,-1.8,1.7,3920
106.55,-9.205,-15.489,40.2,-0.00,CLEAR(조향OFF)|STRAIGHT,,999.00,0.00,-1.9,1.7,3920
106.60,-9.205,-15.489,40.2,-0.00,CLEAR(조향OFF)|STRAIGHT,,999.00,0.00,-1.9,1.8,3934
106.65,-9.207,-15.489,40.2,-0.01,CLEAR(조향OFF)|STRAIGHT,,999.00,0.00,-1.8,1.5,3962
106.70,-9.207,-15.489,40.2,-0.01,CLEAR(조향OFF)|STRAIGHT,,999.00,0.00,-1.8,1.5,3948
106.75,-9.207,-15.490,40.2,-0.01,CLEAR(조향OFF)|STRAIGHT,,999.00,0.00,-1.9,1.5,3962
106.80,-9.207,-15.490,40.2,-0.01,CLEAR(조향OFF)|STRAIGHT,,999.00,0.00,-1.9,1.5,3976
106.85,-9.206,-15.491,40.2,0.01,CLEAR(조향OFF)|STRAIGHT,,999.00,0.00,-1.8,1.4,3962
106.90,-9.206,-15.491,40.2,0.01,CLEAR(조향OFF)|STRAIGHT,,999.00,0.00,-1.8,1.5,3976
106.95,-9.206,-15.489,40.2,0.00,CLEAR(조향OFF)|STRAIGHT,,999.00,0.00,-1.9,1.5,3962
107.00,-9.206,-15.489,40.2,0.00,CLEAR(조향OFF)|STRAIGHT,,999.00,0.00,-1.9,1.5,3976
107.05,-9.208,-15.489,40.2,-0.01,CLEAR(조향OFF)|STRAIGHT,,999.00,0.00,-1.9,1.5,3962
107.10,-9.208,-15.489,40.2,-0.01,CLEAR(조향OFF)|STRAIGHT,,999.00,0.00,-1.9,1.6,3962
107.15,-9.207,-15.488,40.2,0.01,CLEAR(조향OFF)|STRAIGHT,,999.00,0.00,-1.9,1.5,3962
107.20,-9.207,-15.488,40.2,0.01,CLEAR(조향OFF)|STRAIGHT,,999.00,0.00,-1.9,1.5,3976
107.25,-9.208,-15.491,40.2,-0.03,CLEAR(조향OFF)|STRAIGHT,,999.00,0.00,-1.7,1.5,3976
107.30,-9.208,-15.491,40.2,-0.03,CLEAR(조향OFF)|STRAIGHT,,999.00,0.00,-1.7,1.5,3962
107.35,-9.208,-15.491,40.2,0.00,CLEAR(조향OFF)|STRAIGHT,,999.00,0.00,-1.9,1.5,3962
107.40,-9.208,-15.491,40.2,0.00,CLEAR(조향OFF)|STRAIGHT,,999.00,0.00,-1.9,1.5,3976
107.45,-9.207,-15.489,40.2,0.02,CLEAR(조향OFF)|STRAIGHT,,999.00,0.00,-1.7,1.5,3976
107.50,-9.207,-15.489,40.2,0.02,CLEAR(조향OFF)|STRAIGHT,,999.00,0.00,-1.7,1.5,3962
107.55,-9.207,-15.487,40.2,0.01,CLEAR(조향OFF)|STRAIGHT,,999.00,0.00,-1.9,1.5,3962
107.60,-9.207,-15.487,40.2,0.01,CLEAR(조향OFF)|STRAIGHT,,999.00,0.00,-1.9,1.5,3990
107.65,-9.209,-15.489,40.1,-0.03,CLEAR(조향OFF)|STRAIGHT,,999.00,0.00,-1.7,1.5,3976
107.70,-9.209,-15.489,40.2,-0.03,CLEAR(조향OFF)|STRAIGHT,,999.00,0.00,-1.7,1.5,3976
107.75,-9.208,-15.489,40.2,0.01,CLEAR(조향OFF)|STRAIGHT,,999.00,0.00,-1.9,1.6,3976
107.80,-9.208,-15.489,40.1,0.01,CLEAR(조향OFF)|STRAIGHT,,999.00,0.00,-1.9,1.5,3976
107.85,-9.208,-15.486,40.1,0.02,CLEAR(조향OFF)|STRAIGHT,,999.00,0.00,-1.9,1.5,3976
107.90,-9.208,-15.486,40.1,0.02,CLEAR(조향OFF)|STRAIGHT,,999.00,0.00,-1.9,1.5,3962
107.95,-9.210,-15.486,40.1,-0.01,CLEAR(조향OFF)|STRAIGHT,,999.00,0.00,-1.9,1.5,3976
108.00,-9.210,-15.486,40.1,-0.01,CLEAR(조향OFF)|STRAIGHT,,999.00,0.00,-1.9,1.5,3976
108.05,-9.210,-15.486,40.1,-0.01,CLEAR(조향OFF)|STRAIGHT,,999.00,0.00,-2.0,1.6,3976
108.10,-9.210,-15.486,40.1,-0.01,CLEAR(조향OFF)|STRAIGHT,,999.00,0.00,-2.0,1.5,3962
108.15,-9.208,-15.485,40.1,0.02,CLEAR(조향OFF)|STRAIGHT,,999.00,0.00,-1.8,1.5,3976
108.20,-9.208,-15.485,40.1,0.02,CLEAR(조향OFF)|STRAIGHT,,999.00,0.00,-1.8,1.5,3976
108.25,-9.211,-15.485,40.1,-0.02,CLEAR(조향OFF)|STRAIGHT,,999.00,0.00,-1.9,1.5,3976
108.30,-9.211,-15.485,40.1,-0.02,CLEAR(조향OFF)|STRAIGHT,,999.00,0.00,-1.9,1.5,3976
108.35,-9.210,-15.486,40.1,0.00,CLEAR(조향OFF)|STRAIGHT,,999.00,0.00,-2.0,1.5,3962
108.40,-9.210,-15.486,40.1,0.00,CLEAR(조향OFF)|STRAIGHT,,999.00,0.00,-2.0,1.5,3962
108.45,-9.210,-15.483,40.1,0.01,CLEAR(조향OFF)|STRAIGHT,,999.00,0.00,-2.0,1.5,3976
108.50,-9.210,-15.483,40.1,0.01,CLEAR(조향OFF)|STRAIGHT,,999.00,0.00,-2.0,1.5,3976
108.55,-9.211,-15.483,40.1,-0.01,CLEAR(조향OFF)|STRAIGHT,,999.00,0.00,-2.1,1.5,3990
108.60,-9.211,-15.483,40.0,-0.01,CLEAR(조향OFF)|STRAIGHT,,999.00,0.00,-2.1,1.6,3962
108.65,-9.211,-15.484,40.0,-0.00,CLEAR(조향OFF)|STRAIGHT,,999.00,0.00,-2.0,1.5,3962
108.70,-9.211,-15.484,40.0,-0.00,CLEAR(조향OFF)|STRAIGHT,,999.00,0.00,-2.0,1.5,3976
108.75,-9.210,-15.487,40.0,-0.01,CLEAR(조향OFF)|STRAIGHT,,999.00,0.00,-1.9,1.5,3976
108.80,-9.210,-15.487,40.0,-0.01,CLEAR(조향OFF)|STRAIGHT,,999.00,0.00,-1.9,1.5,3962
108.85,-9.211,-15.485,40.0,-0.00,CLEAR(조향OFF)|STRAIGHT,,999.00,0.00,-2.0,1.5,3976
108.90,-9.211,-15.485,40.0,-0.00,CLEAR(조향OFF)|STRAIGHT,,999.00,0.00,-2.0,1.5,3948
108.95,-9.208,-15.481,40.0,0.05,CLEAR(조향OFF)|STRAIGHT,,999.00,0.00,-1.7,1.5,3976
109.00,-9.208,-15.481,40.0,0.05,CLEAR(조향OFF)|STRAIGHT,,999.00,0.00,-1.7,1.5,3976
109.05,-9.206,-15.482,40.0,0.01,CLEAR(조향OFF)|STRAIGHT,,999.00,0.00,-1.9,1.5,3962
109.10,-9.209,-15.480,40.0,-0.00,CLEAR(조향OFF)|STRAIGHT,,999.00,0.00,-1.9,1.5,3976
109.15,-9.209,-15.480,40.0,-0.00,CLEAR(조향OFF)|STRAIGHT,,999.00,0.00,-2.1,1.5,3990
109.20,-9.209,-15.480,40.0,-0.00,CLEAR(조향OFF)|STRAIGHT,,999.00,0.00,-2.1,1.5,3962
109.25,-9.205,-15.480,40.0,0.03,CLEAR(조향OFF)|STRAIGHT,,999.00,0.00,-1.7,1.5,3976
109.30,-9.205,-15.480,40.0,0.03,CLEAR(조향OFF)|STRAIGHT,,999.00,0.00,-1.7,1.5,3962
109.35,-9.202,-15.481,40.0,0.01,CLEAR(조향OFF)|STRAIGHT,,999.00,0.00,-1.8,1.5,3976
109.40,-9.202,-15.481,40.0,0.01,CLEAR(조향OFF)|STRAIGHT,,999.00,0.00,-1.8,1.5,3976
109.45,-9.202,-15.479,40.0,0.02,CLEAR(조향OFF)|STRAIGHT,,999.00,0.00,-1.8,1.5,3976
109.50,-9.202,-15.479,40.0,0.02,CLEAR(조향OFF)|STRAIGHT,,999.00,0.00,-1.8,1.5,3962
109.55,-9.207,-15.483,39.9,-0.07,CLEAR(조향OFF)|STRAIGHT,,999.00,0.00,-1.3,1.6,3976
109.60,-9.207,-15.483,39.9,-0.07,CLEAR(조향OFF)|STRAIGHT,,999.00,0.00,-1.3,1.5,3976
109.65,-9.203,-15.482,39.9,0.04,CLEAR(조향OFF)|STRAIGHT,,999.00,0.00,-1.5,1.5,3962
109.70,-9.203,-15.482,39.9,0.04,CLEAR(조향OFF)|STRAIGHT,,999.00,0.00,-1.5,1.5,3962
109.75,-9.204,-15.489,39.9,-0.05,CLEAR(조향OFF)|STRAIGHT,,999.00,0.00,-1.2,1.5,3976
109.80,-9.204,-15.489,39.9,-0.05,CLEAR(조향OFF)|STRAIGHT,,999.00,0.00,-1.2,1.5,3976
109.85,-9.200,-15.482,39.9,0.07,CLEAR(조향OFF)|STRAIGHT,,999.00,0.00,-1.1,1.5,3990
109.90,-9.200,-15.482,39.9,0.07,CLEAR(조향OFF)|STRAIGHT,,999.00,0.00,-1.1,1.6,3976
109.95,-9.204,-15.485,39.9,-0.05,CLEAR(조향OFF)|STRAIGHT,,999.00,0.00,-1.4,1.5,3976
110.00,-9.207,-15.483,39.9,-0.01,CLEAR(조향OFF)|STRAIGHT,,999.00,0.00,-1.4,1.5,3962
110.05,-9.207,-15.483,39.9,-0.01,CLEAR(조향OFF)|STRAIGHT,,999.00,0.00,-1.8,1.5,3962
110.10,-9.207,-15.483,39.9,-0.01,CLEAR(조향OFF)|STRAIGHT,,999.00,0.00,-1.8,1.5,3962
110.15,-9.203,-15.480,39.9,0.04,CLEAR(조향OFF)|STRAIGHT,,999.00,0.00,-1.5,1.5,3976
110.20,-9.203,-15.480,39.9,0.04,CLEAR(조향OFF)|STRAIGHT,,999.00,0.00,-1.5,1.5,3962
110.25,-9.204,-15.483,39.9,-0.02,CLEAR(조향OFF)|STRAIGHT,,999.00,0.00,-1.6,1.5,3990
110.30,-9.204,-15.483,39.9,-0.02,CLEAR(조향OFF)|STRAIGHT,,999.00,0.00,-1.6,1.5,3962
110.35,-9.203,-15.483,39.9,0.00,CLEAR(조향OFF)|STRAIGHT,,999.00,0.00,-1.7,1.5,3976
110.40,-9.203,-15.483,39.9,0.00,CLEAR(조향OFF)|STRAIGHT,,999.00,0.00,-1.7,1.5,3976
110.45,-9.200,-15.480,39.9,0.05,CLEAR(조향OFF)|STRAIGHT,,999.00,0.00,-1.3,1.5,3976
110.50,-9.200,-15.480,39.9,0.05,CLEAR(조향OFF)|STRAIGHT,,999.00,0.00,-1.3,1.5,3962
110.55,-9.204,-15.479,39.9,-0.03,CLEAR(조향OFF)|STRAIGHT,,999.00,0.00,-1.6,1.5,3990
110.60,-9.204,-15.479,39.8,-0.03,CLEAR(조향OFF)|STRAIGHT,,999.00,0.00,-1.6,1.5,3990
110.65,-9.201,-15.483,39.8,-0.00,AVOID(조향OFF)|LEFT,,8.00,0.00,-1.6,1.5,3962
110.70,-9.201,-15.483,39.8,-0.00,AVOID(조향OFF)|LEFT,,8.00,0.00,-1.6,1.5,3990
110.75,-9.199,-15.480,39.8,0.03,CLEAR(조향OFF)|STRAIGHT,,999.00,0.00,-1.4,1.5,3990
110.80,-9.199,-15.480,39.8,0.03,CLEAR(조향OFF)|STRAIGHT,,999.00,0.00,-1.4,1.5,3976
110.85,-9.203,-15.481,39.8,-0.03,AVOID(조향OFF)|LEFT,,8.00,0.00,-1.5,1.5,3976
110.90,-9.203,-15.483,39.8,-0.02,BLOCKED(조향OFF)|STOP,,0.78,0.00,-1.5,1.5,3976
110.95,-9.203,-15.483,39.8,-0.02,BLOCKED(조향OFF)|STOP,,0.78,0.00,-1.5,1.5,3962
111.00,-9.203,-15.483,39.8,-0.02,BLOCKED(조향OFF)|STOP,,0.78,0.00,-1.5,1.4,3976
111.05,-9.201,-15.482,39.8,0.02,BLOCKED(조향OFF)|STOP,,0.78,0.00,-1.4,1.5,3976
111.10,-9.201,-15.482,39.8,0.02,CLEAR(조향OFF)|STRAIGHT,,999.00,0.00,-1.4,1.5,3976
111.15,-9.204,-15.483,39.8,-0.03,CLEAR(조향OFF)|STRAIGHT,,999.00,0.00,-1.4,1.5,3962
111.20,-9.204,-15.483,39.8,-0.03,CLEAR(조향OFF)|STRAIGHT,,999.00,0.00,-1.4,1.5,3990
111.25,-9.204,-15.481,39.8,0.01,CLEAR(조향OFF)|STRAIGHT,,999.00,0.00,-1.6,1.5,3962
111.30,-9.204,-15.481,39.8,0.01,BLOCKED(조향OFF)|STOP,,0.79,0.00,-1.6,1.5,3976
111.35,-9.202,-15.482,39.8,0.01,CLEAR(조향OFF)|STRAIGHT,,999.00,0.00,-1.6,1.0,4033
111.40,-9.202,-15.482,39.8,0.01,CLEAR(조향OFF)|STRAIGHT,,999.00,0.00,-1.6,1.0,4033
111.45,-9.203,-15.482,39.8,-0.01,BLOCKED(조향OFF)|STOP,,0.78,0.00,-1.6,1.0,4047
111.50,-9.203,-15.482,39.8,-0.01,BLOCKED(조향OFF)|STOP,,0.78,0.00,-1.6,1.0,4062
111.55,-9.204,-15.482,39.8,-0.01,BLOCKED(조향OFF)|STOP,,0.75,0.00,-1.6,1.0,4033
111.60,-9.204,-15.482,39.8,-0.01,BLOCKED(조향OFF)|STOP,,0.75,0.00,-1.6,1.0,4047
111.65,-9.204,-15.481,39.8,0.01,BLOCKED(조향OFF)|STOP,,0.74,0.00,-1.6,1.0,4047
111.70,-9.204,-15.481,39.7,0.01,BLOCKED(조향OFF)|STOP,,0.74,0.00,-1.6,1.0,4033
111.75,-9.203,-15.483,39.8,-0.01,BLOCKED(조향OFF)|STOP,,0.72,0.00,-1.5,1.0,4062
111.80,-9.203,-15.483,39.7,0.01,BLOCKED(조향OFF)|STOP,,0.71,0.00,-1.5,1.0,4062
111.85,-9.203,-15.483,39.7,0.01,BLOCKED(조향OFF)|STOP,,0.71,0.00,-1.5,1.0,4047
111.90,-9.203,-15.483,39.7,0.01,BLOCKED(조향OFF)|STOP,,0.71,0.00,-1.5,1.0,4062
111.95,-9.203,-15.484,39.7,-0.01,BLOCKED(조향OFF)|STOP,,0.71,0.00,-1.5,1.0,4062
112.00,-9.203,-15.484,39.7,-0.01,BLOCKED(조향OFF)|STOP,,0.72,0.00,-1.5,1.0,4062
112.05,-9.202,-15.485,39.7,-0.00,BLOCKED(조향OFF)|STOP,,0.72,0.00,-1.5,1.0,4047
112.10,-9.202,-15.485,39.7,-0.00,BLOCKED(조향OFF)|STOP,,0.74,0.00,-1.5,1.1,4033
112.15,-9.202,-15.486,39.7,-0.01,BLOCKED(조향OFF)|STOP,,0.74,0.00,-1.4,1.0,4047
112.20,-9.202,-15.486,39.7,-0.01,CLEAR(조향OFF)|STRAIGHT,,999.00,0.00,-1.4,1.0,4033
112.25,-9.203,-15.485,39.7,-0.00,CLEAR(조향OFF)|STRAIGHT,,999.00,0.00,-1.5,1.0,4033
112.30,-9.203,-15.485,39.7,-0.00,CLEAR(조향OFF)|STRAIGHT,,999.00,0.00,-1.5,1.0,4047
112.35,-9.203,-15.484,39.7,0.01,CLEAR(조향OFF)|STRAIGHT,,999.00,0.00,-1.4,1.0,4047
112.40,-9.203,-15.484,39.7,0.01,CLEAR(조향OFF)|STRAIGHT,,999.00,0.00,-1.4,1.0,4033
112.45,-9.204,-15.484,39.7,-0.02,CLEAR(조향OFF)|STRAIGHT,,999.00,0.00,-1.4,1.0,4062
112.50,-9.204,-15.484,39.7,-0.02,CLEAR(조향OFF)|STRAIGHT,,999.00,0.00,-1.4,1.1,4033
112.55,-9.202,-15.482,39.7,0.03,CLEAR(조향OFF)|STRAIGHT,,999.00,0.00,-1.2,1.0,4047
112.60,-9.202,-15.482,39.7,0.03,CLEAR(조향OFF)|STRAIGHT,,999.00,0.00,-1.2,1.1,4047
112.65,-9.204,-15.485,39.7,-0.03,CLEAR(조향OFF)|STRAIGHT,,999.00,0.00,-1.2,1.0,4047
112.70,-9.204,-15.485,39.7,-0.03,CLEAR(조향OFF)|STRAIGHT,,999.00,0.00,-1.2,1.0,4062
112.75,-9.203,-15.484,39.7,0.01,CLEAR(조향OFF)|STRAIGHT,,999.00,0.00,-1.4,1.0,4062
112.80,-9.203,-15.484,39.7,0.01,CLEAR(조향OFF)|STRAIGHT,,999.00,0.00,-1.4,1.0,4047
112.85,-9.204,-15.484,39.7,-0.01,CLEAR(조향OFF)|STRAIGHT,,999.00,0.00,-1.4,1.0,4047
112.90,-9.204,-15.484,39.7,-0.01,CLEAR(조향OFF)|STRAIGHT,,999.00,0.00,-1.4,1.1,4047
112.95,-9.202,-15.484,39.7,0.02,CLEAR(조향OFF)|STRAIGHT,,999.00,0.00,-1.3,1.0,4047
113.00,-9.202,-15.484,39.6,0.02,CLEAR(조향OFF)|STRAIGHT,,999.00,0.00,-1.3,1.0,4047
113.05,-9.204,-15.486,39.6,-0.03,CLEAR(조향OFF)|STRAIGHT,,999.00,0.00,-1.2,1.0,4062
113.10,-9.204,-15.486,39.6,-0.03,CLEAR(조향OFF)|STRAIGHT,,999.00,0.00,-1.2,1.0,4047
113.15,-9.203,-15.484,39.6,0.02,BLOCKED(조향OFF)|STOP,,0.82,0.00,-1.3,1.0,4047
113.20,-9.203,-15.484,39.6,0.02,BLOCKED(조향OFF)|STOP,,0.82,0.00,-1.3,1.1,4047
113.25,-9.204,-15.484,39.6,-0.01,BLOCKED(조향OFF)|STOP,,0.80,0.00,-1.4,1.0,4047
113.30,-9.204,-15.484,39.6,-0.01,BLOCKED(조향OFF)|STOP,,0.80,0.00,-1.4,1.1,4062
113.35,-9.205,-15.483,39.6,0.00,BLOCKED(조향OFF)|STOP,,0.77,0.00,-1.5,1.1,4047
113.40,-9.205,-15.483,39.6,0.00,BLOCKED(조향OFF)|STOP,,0.77,0.00,-1.5,1.0,4047
113.45,-9.206,-15.484,39.6,-0.02,BLOCKED(조향OFF)|STOP,,0.76,0.00,-1.3,1.0,4033
113.50,-9.206,-15.484,39.6,-0.02,BLOCKED(조향OFF)|STOP,,0.76,0.00,-1.3,1.0,4047
113.55,-9.203,-15.484,39.6,0.02,BLOCKED(조향OFF)|STOP,,0.76,0.00,-1.2,1.1,4062
113.60,-9.203,-15.484,39.6,0.02,BLOCKED(조향OFF)|STOP,,0.75,0.00,-1.2,1.0,4062
113.65,-9.204,-15.483,39.6,0.00,BLOCKED(조향OFF)|STOP,,0.75,0.00,-1.4,1.1,4047
113.70,-9.204,-15.483,39.6,0.00,BLOCKED(조향OFF)|STOP,,0.75,0.00,-1.4,1.0,4062
113.75,-9.204,-15.481,39.6,0.01,BLOCKED(조향OFF)|STOP,,0.75,0.00,-1.4,1.0,4062
113.80,-9.204,-15.481,39.6,0.01,BLOCKED(조향OFF)|STOP,,0.74,0.00,-1.4,1.1,4047
113.85,-9.203,-15.483,39.6,0.00,BLOCKED(조향OFF)|STOP,,0.74,0.00,-1.4,1.1,4047
113.90,-9.203,-15.483,39.6,0.00,BLOCKED(조향OFF)|STOP,,0.72,0.00,-1.4,1.0,4062
113.95,-9.202,-15.482,39.6,0.01,BLOCKED(조향OFF)|STOP,,0.72,0.00,-1.3,1.1,4047
114.00,-9.202,-15.482,39.6,0.01,BLOCKED(조향OFF)|STOP,,0.70,0.00,-1.3,1.0,4062
114.05,-9.202,-15.481,39.6,0.00,BLOCKED(조향OFF)|STOP,,0.66,0.00,-1.4,1.1,4047
114.10,-9.202,-15.481,39.6,0.00,BLOCKED(조향OFF)|STOP,,0.66,0.00,-1.4,1.0,4047
114.15,-9.201,-15.480,39.6,0.02,BLOCKED(조향OFF)|STOP,,0.62,0.00,-1.3,1.0,4062
114.20,-9.201,-15.480,39.5,0.02,BLOCKED(조향OFF)|STOP,,0.62,0.00,-1.3,1.0,4062
114.25,-9.201,-15.480,39.5,0.00,BLOCKED(조향OFF)|STOP,,0.56,0.00,-1.4,1.0,4047
114.30,-9.201,-15.480,39.5,0.00,BLOCKED(조향OFF)|STOP,,0.56,0.00,-1.4,1.0,4062
114.35,-9.202,-15.478,39.5,0.00,BLOCKED(조향OFF)|STOP,,0.49,0.00,-1.5,1.1,4062
114.40,-9.202,-15.478,39.5,0.00,BLOCKED(조향OFF)|STOP,,0.49,0.00,-1.5,1.0,4047
114.45,-9.203,-15.482,39.5,-0.03,BLOCKED(조향OFF)|STOP,,0.46,0.00,-1.1,1.1,4047
114.50,-9.201,-15.481,39.5,0.02,BLOCKED(조향OFF)|STOP,,0.43,0.00,-1.1,1.0,4047
114.55,-9.201,-15.481,39.5,0.02,BLOCKED(조향OFF)|STOP,,0.43,0.00,-1.2,1.0,4062
114.60,-9.201,-15.481,39.5,0.02,BLOCKED(조향OFF)|STOP,,0.38,0.00,-1.2,1.0,4047
114.65,-9.206,-15.482,39.5,-0.04,BLOCKED(조향OFF)|STOP,,0.38,0.00,-1.1,1.0,4062
114.70,-9.206,-15.482,39.5,-0.04,BLOCKED(조향OFF)|STOP,,0.39,0.00,-1.1,1.1,4062
114.75,-9.204,-15.483,39.5,0.01,BLOCKED(조향OFF)|STOP,,0.39,0.00,-1.3,1.0,4047
114.80,-9.204,-15.483,39.5,0.01,BLOCKED(조향OFF)|STOP,,0.47,0.00,-1.3,1.1,4047
114.85,-9.203,-15.481,39.5,0.02,BLOCKED(조향OFF)|STOP,,0.47,0.00,-1.2,1.1,4047
114.90,-9.203,-15.481,39.5,0.02,BLOCKED(조향OFF)|STOP,,0.61,0.00,-1.2,1.1,4047
114.95,-9.203,-15.480,39.5,0.01,CLEAR(조향OFF)|STRAIGHT,,999.00,0.00,-1.3,1.0,4062
115.00,-9.203,-15.480,39.5,0.01,CLEAR(조향OFF)|STRAIGHT,,999.00,0.00,-1.3,1.1,4047
115.05,-9.203,-15.481,39.5,-0.01,AVOID(조향OFF)|STRAIGHT,,8.00,0.00,-1.3,1.0,4047
115.10,-9.203,-15.481,39.5,-0.01,AVOID(조향OFF)|STRAIGHT,,8.00,0.00,-1.3,1.1,4047
115.15,-9.202,-15.483,39.5,-0.01,CLEAR(조향OFF)|STRAIGHT,,999.00,0.00,-1.2,1.0,4062
115.20,-9.202,-15.483,39.5,-0.01,CLEAR(조향OFF)|STRAIGHT,,999.00,0.00,-1.2,1.0,4033
115.25,-9.201,-15.483,39.5,0.01,CLEAR(조향OFF)|STRAIGHT,,999.00,0.00,-1.1,1.0,4047
115.30,-9.201,-15.483,39.5,0.01,CLEAR(조향OFF)|STRAIGHT,,999.00,0.00,-1.1,1.0,4062
115.35,-9.201,-15.481,39.5,0.01,CLEAR(조향OFF)|STRAIGHT,,999.00,0.05,-1.2,1.0,4062
115.40,-9.201,-15.481,39.5,0.01,CLEAR(조향OFF)|STRAIGHT,,999.00,0.10,-1.2,1.0,4062
115.45,-9.201,-15.479,39.5,0.01,CLEAR(조향OFF)|STRAIGHT,,999.00,0.15,-1.3,1.0,4062
115.50,-9.201,-15.479,39.5,0.01,CLEAR(조향OFF)|STRAIGHT,,999.00,0.20,-1.3,1.0,4047
115.55,-9.202,-15.482,39.5,-0.03,CLEAR(조향OFF)|STRAIGHT,,999.00,0.25,-1.1,1.0,4047
115.60,-9.202,-15.482,39.5,-0.03,CLEAR(조향OFF)|STRAIGHT,,999.00,0.30,-1.1,1.0,4047
115.65,-9.203,-15.482,39.5,-0.01,CLEAR(조향OFF)|STRAIGHT,,999.00,0.35,-1.3,1.0,4047
115.70,-9.203,-15.482,39.5,-0.01,CLEAR(조향OFF)|STRAIGHT,,999.00,0.40,-1.3,1.0,4047
115.75,-9.203,-15.481,39.5,0.01,CLEAR(조향OFF)|STRAIGHT,,999.00,0.43,-1.3,1.1,4062
115.80,-9.203,-15.481,39.5,0.01,CLEAR(조향OFF)|STRAIGHT,,999.00,0.43,-1.3,1.1,4033
115.85,-9.202,-15.481,39.5,0.01,CLEAR(조향OFF)|STRAIGHT,,999.00,0.43,-1.3,1.0,4047
115.90,-9.202,-15.481,39.5,0.01,CLEAR(조향OFF)|STRAIGHT,,999.00,0.43,-1.3,1.1,4047
115.95,-9.193,-15.471,39.5,0.14,CLEAR(조향OFF)|STRAIGHT,,999.00,0.43,-0.4,1.0,4033
116.00,-9.193,-15.471,39.5,0.14,CLEAR(조향OFF)|STRAIGHT,,999.00,0.43,-0.4,1.0,4047
116.05,-9.183,-15.463,39.5,0.13,CLEAR(조향OFF)|STRAIGHT,,999.00,0.43,-0.5,1.0,4047
116.10,-9.183,-15.463,39.5,0.13,CLEAR(조향OFF)|STRAIGHT,,999.00,0.43,-0.5,1.0,4047
116.15,-9.171,-15.447,39.5,0.19,CLEAR(조향OFF)|STRAIGHT,,999.00,0.43,-0.2,1.0,4047
116.20,-9.171,-15.447,39.6,0.19,CLEAR(조향OFF)|STRAIGHT,,999.00,0.43,-0.3,1.1,4047
116.25,-9.152,-15.431,39.6,0.25,CLEAR(조향OFF)|STRAIGHT,,999.00,0.43,-0.0,1.1,4047
116.30,-9.152,-15.431,39.6,0.25,CLEAR(조향OFF)|STRAIGHT,,999.00,0.43,-0.0,1.1,4047
116.35,-9.130,-15.405,39.6,0.30,CLEAR(조향OFF)|STRAIGHT,,999.00,0.42,2.2,1.0,4047
116.40,-9.130,-15.405,39.6,0.30,CLEAR(조향OFF)|STRAIGHT,,999.00,0.42,2.4,1.0,4062
116.45,-9.105,-15.381,39.6,0.38,CLEAR(조향OFF)|STRAIGHT,,999.00,0.42,2.6,1.1,4062
116.50,-9.078,-15.358,39.7,0.38,CLEAR(조향OFF)|STRAIGHT,,999.00,0.42,2.5,1.1,4062
116.55,-9.078,-15.358,39.6,0.38,CLEAR(조향OFF)|STRAIGHT,,999.00,0.42,2.6,1.0,4047
116.60,-9.045,-15.323,39.7,0.47,CLEAR(조향OFF)|STRAIGHT,,999.00,0.42,2.6,1.1,4062
116.65,-9.045,-15.323,39.7,0.47,CLEAR(조향OFF)|STRAIGHT,,999.00,0.42,2.8,1.0,4033
116.70,-9.010,-15.289,39.7,0.48,CLEAR(조향OFF)|STRAIGHT,,999.00,0.42,2.7,1.0,4033
116.75,-9.010,-15.289,39.7,0.48,CLEAR(조향OFF)|STRAIGHT,,999.00,0.42,2.8,1.0,4047
116.80,-9.010,-15.289,39.9,0.48,CLEAR(조향OFF)|STRAIGHT,,999.00,0.42,2.8,1.0,4062
116.85,-8.975,-15.252,39.8,0.49,CLEAR(조향OFF)|STRAIGHT,,999.00,0.42,2.8,1.0,4062
116.90,-8.975,-15.252,39.8,0.49,CLEAR(조향OFF)|STRAIGHT,,999.00,0.42,2.8,1.1,4047
116.95,-8.939,-15.213,39.9,0.52,CLEAR(조향OFF)|STRAIGHT,,999.00,0.42,2.8,1.1,4047
117.00,-8.939,-15.213,39.8,0.52,CLEAR(조향OFF)|STRAIGHT,,999.00,0.42,2.8,1.1,4047
117.05,-8.899,-15.169,39.9,0.59,CLEAR(조향OFF)|STRAIGHT,,999.00,0.42,3.0,1.0,4033
117.10,-8.899,-15.169,39.9,0.59,CLEAR(조향OFF)|STRAIGHT,,999.00,0.42,3.0,1.0,4033
117.15,-8.860,-15.130,39.9,0.54,CLEAR(조향OFF)|STRAIGHT,,999.00,0.42,2.9,1.0,4062
117.20,-8.860,-15.130,40.0,0.54,CLEAR(조향OFF)|STRAIGHT,,999.00,0.42,2.8,1.1,4047
117.25,-8.813,-15.090,40.0,0.62,CLEAR(조향OFF)|STRAIGHT,,999.00,0.42,3.3,1.1,4047
117.30,-8.813,-15.090,40.1,0.62,CLEAR(조향OFF)|STRAIGHT,,999.00,0.42,3.2,1.1,4062
117.35,-8.776,-15.056,40.1,0.46,CLEAR(조향OFF)|STRAIGHT,,999.00,0.42,4.2,1.0,4047
117.40,-8.776,-15.056,40.2,0.46,CLEAR(조향OFF)|STRAIGHT,,999.00,0.42,4.2,1.0,4047
117.45,-8.739,-14.997,40.2,0.66,CLEAR(조향OFF)|STRAIGHT,,999.00,0.42,4.4,1.0,4047
117.50,-8.739,-14.997,40.3,0.66,CLEAR(조향OFF)|STRAIGHT,,999.00,0.42,4.4,1.0,4047
117.55,-8.689,-14.949,40.3,0.69,CLEAR(조향OFF)|STRAIGHT,,999.00,0.42,4.6,1.0,4047
117.60,-8.689,-14.949,40.3,0.69,CLEAR(조향OFF)|STRAIGHT,,999.00,0.42,4.6,1.1,4033
117.65,-8.635,-14.896,40.3,0.84,CLEAR(조향OFF)|STRAIGHT,,999.00,0.42,5.0,1.1,4047
117.70,-8.635,-14.896,40.4,0.84,CLEAR(조향OFF)|STRAIGHT,,999.00,0.42,5.0,1.1,4047
117.75,-8.584,-14.844,40.4,0.66,CLEAR(조향OFF)|STRAIGHT,,999.00,0.42,4.8,1.0,4077
117.80,-8.584,-14.844,40.5,0.66,CLEAR(조향OFF)|STRAIGHT,,999.00,0.42,4.8,1.0,4062
117.85,-8.528,-14.785,40.5,0.90,CLEAR(조향OFF)|STRAIGHT,,999.00,0.42,5.4,1.0,4062
117.90,-8.528,-14.785,40.6,0.90,CLEAR(조향OFF)|STRAIGHT,,999.00,0.42,5.4,1.1,4047
117.95,-8.477,-14.730,40.6,0.75,CLEAR(조향OFF)|STRAIGHT,,999.00,0.42,5.3,1.1,4033
118.00,-8.477,-14.730,40.7,0.75,CLEAR(조향OFF)|STRAIGHT,,999.00,0.42,5.3,1.0,4062
118.05,-8.419,-14.674,40.7,0.80,CLEAR(조향OFF)|STRAIGHT,,999.00,0.41,6.3,1.0,4047
118.10,-8.419,-14.674,40.8,0.80,CLEAR(조향OFF)|STRAIGHT,,999.00,0.41,6.2,1.1,4047
118.15,-8.363,-14.619,40.8,0.78,CLEAR(조향OFF)|STRAIGHT,,999.00,0.41,6.5,1.1,4062
118.20,-8.363,-14.619,40.8,0.78,CLEAR(조향OFF)|STRAIGHT,,999.00,0.41,6.5,1.0,4047
118.25,-8.306,-14.551,40.8,0.87,CLEAR(조향OFF)|STRAIGHT,,999.00,0.41,6.8,1.0,4047
118.30,-8.306,-14.551,40.8,0.87,CLEAR(조향OFF)|STRAIGHT,,999.00,0.41,6.9,1.0,4047
118.35,-8.248,-14.490,40.8,0.77,CLEAR(조향OFF)|STRAIGHT,,999.00,0.41,7.1,1.1,4047
118.40,-8.248,-14.490,40.9,0.77,CLEAR(조향OFF)|STRAIGHT,,999.00,0.41,7.1,1.1,4047
118.45,-8.193,-14.427,40.9,0.92,CLEAR(조향OFF)|STRAIGHT,,999.00,0.41,7.5,1.0,4062
118.50,-8.193,-14.427,40.9,0.92,CLEAR(조향OFF)|STRAIGHT,,999.00,0.41,7.5,1.0,4047
118.55,-8.132,-14.355,41.0,0.93,CLEAR(조향OFF)|STRAIGHT,,999.00,0.41,7.9,1.0,4062
118.60,-8.132,-14.355,41.0,0.93,CLEAR(조향OFF)|STRAIGHT,,999.00,0.41,7.9,1.0,4047
118.65,-8.062,-14.293,41.0,0.93,CLEAR(조향OFF)|STRAIGHT,,999.00,0.41,8.5,1.1,4047
118.70,-8.062,-14.293,41.0,0.93,CLEAR(조향OFF)|STRAIGHT,,999.00,0.41,8.5,1.0,4047
118.75,-8.005,-14.224,41.0,0.89,AVOID(조향OFF)|LEFT,,8.00,0.41,8.9,1.0,4047
118.80,-8.005,-14.224,41.1,0.89,AVOID(조향OFF)|LEFT,,8.00,0.41,8.9,1.0,4062
118.85,-7.940,-14.153,41.1,0.95,AVOID(조향OFF)|LEFT,,8.00,0.41,9.4,1.0,4062
118.90,-7.940,-14.153,41.1,0.95,AVOID(조향OFF)|LEFT,,8.00,0.41,9.4,1.1,4047
118.95,-7.874,-14.082,41.2,0.97,AVOID(조향OFF)|LEFT,,8.00,0.41,10.0,1.0,4033
119.00,-7.874,-14.082,41.2,0.97,AVOID(조향OFF)|LEFT,,8.00,0.41,10.0,1.0,4047
119.05,-7.808,-14.012,41.2,0.95,AVOID(조향OFF)|STRAIGHT,,8.00,0.41,10.6,1.0,4047
119.10,-7.808,-14.012,41.3,0.95,AVOID(조향OFF)|STRAIGHT,,8.00,0.41,10.6,1.1,4062
119.15,-7.742,-13.940,41.3,0.97,AVOID(조향OFF)|STRAIGHT,,8.00,0.41,10.6,1.0,4062
119.20,-7.742,-13.940,41.4,0.97,AVOID(조향OFF)|STRAIGHT,,8.00,0.41,10.6,1.0,4047
119.25,-7.667,-13.865,41.4,1.07,AVOID(조향OFF)|RIGHT,,8.00,0.41,11.2,1.0,4062
119.30,-7.667,-13.865,41.5,1.07,AVOID(조향OFF)|RIGHT,,8.00,0.41,11.2,1.0,4062
119.35,-7.598,-13.787,41.6,0.85,AVOID(조향OFF)|RIGHT,,8.00,0.41,12.2,1.1,4062
119.40,-7.598,-13.787,41.6,0.85,AVOID(조향OFF)|RIGHT,,8.00,0.41,12.2,1.0,4062
119.45,-7.530,-13.710,41.7,1.28,AVOID(조향OFF)|RIGHT,,8.00,0.41,12.2,1.0,4033
119.51,-7.530,-13.710,41.8,1.28,AVOID(조향OFF)|RIGHT,,8.00,0.41,12.2,2.6,3880
119.55,-7.454,-13.629,41.9,1.01,AVOID(조향OFF)|RIGHT,,8.00,0.41,12.3,4.1,3653
119.60,-7.454,-13.629,42.4,1.01,AVOID(조향OFF)|RIGHT,,8.00,0.41,12.2,6.0,3441
119.65,-7.384,-13.553,42.8,1.14,AVOID(조향OFF)|RIGHT,,8.00,0.41,12.4,7.6,3215
119.70,-7.384,-13.553,43.6,1.14,AVOID(조향OFF)|RIGHT,,8.00,0.41,12.2,8.8,3049
119.75,-7.311,-13.466,44.0,1.02,AVOID(조향OFF)|RIGHT,,8.00,0.41,12.8,9.5,2945
119.80,-7.311,-13.466,44.9,1.02,AVOID(조향OFF)|RIGHT,,8.00,0.41,12.5,9.7,2900
119.85,-7.248,-13.376,45.4,1.20,AVOID(조향OFF)|RIGHT,,8.00,0.41,12.5,9.7,2856
119.90,-7.248,-13.376,46.3,1.20,AVOID(조향OFF)|RIGHT,,8.00,0.41,12.2,10.1,2841
119.95,-7.180,-13.287,46.8,1.11,BLOCKED(조향OFF)|STOP,,0.80,0.41,12.7,10.1,2806
120.00,-7.180,-13.287,47.8,1.11,BLOCKED(조향OFF)|STOP,,0.80,0.32,12.4,10.1,2799
120.05,-7.118,-13.189,48.3,1.15,BLOCKED(조향OFF)|STOP,,0.74,0.23,11.3,10.1,2792
120.10,-7.118,-13.189,49.2,1.15,BLOCKED(조향OFF)|STOP,,0.74,0.14,11.1,10.0,2792
120.15,-7.059,-13.100,49.8,0.96,BLOCKED(조향OFF)|STOP,,0.69,0.05,11.6,10.1,2778
120.20,-7.059,-13.100,50.9,0.96,BLOCKED(조향OFF)|STOP,,0.69,0.00,11.3,10.2,2778
120.25,-7.003,-12.997,51.4,1.28,BLOCKED(조향OFF)|STOP,,0.70,0.00,10.8,10.2,2764
120.30,-7.003,-12.997,52.5,1.28,BLOCKED(조향OFF)|STOP,,0.70,0.00,10.6,10.1,2771
120.35,-6.942,-12.900,52.9,0.95,BLOCKED(조향OFF)|STOP,,0.61,0.00,11.4,10.1,2764
120.40,-6.942,-12.900,53.8,0.95,BLOCKED(조향OFF)|STOP,,0.37,0.00,11.0,10.2,2764
120.45,-6.895,-12.800,54.3,1.21,BLOCKED(조향OFF)|STOP,,0.37,0.00,9.8,10.2,2744
120.50,-6.895,-12.800,55.2,1.21,BLOCKED(조향OFF)|STOP,,0.33,0.00,9.5,10.1,2771
120.55,-6.845,-12.703,55.6,1.08,BLOCKED(조향OFF)|STOP,,0.33,0.00,9.8,10.1,2758
120.60,-6.845,-12.703,56.5,1.08,BLOCKED(조향OFF)|STOP,,0.41,0.00,9.5,10.1,2758
120.65,-6.800,-12.611,57.0,1.13,BLOCKED(조향OFF)|STOP,,0.41,0.00,9.5,10.1,2751
120.70,-6.800,-12.611,57.7,1.13,BLOCKED(조향OFF)|STOP,,0.34,0.00,9.3,10.1,2758
120.75,-6.762,-12.524,58.1,0.85,BLOCKED(조향OFF)|STOP,,0.34,0.00,9.7,10.1,2751
120.80,-6.762,-12.524,59.0,0.85,BLOCKED(조향OFF)|STOP,,0.30,0.00,9.4,10.1,2758
120.85,-6.728,-12.437,59.4,1.02,BLOCKED(조향OFF)|STOP,,0.30,0.00,9.1,10.2,2758
120.90,-6.728,-12.437,60.1,1.02,CLEAR(조향OFF)|STRAIGHT,,999.00,0.05,8.9,10.1,2744
120.95,-6.698,-12.352,60.4,0.81,CLEAR(조향OFF)|STRAIGHT,,999.00,0.10,8.5,10.0,2751
121.00,-6.698,-12.352,61.2,0.81,BLOCKED(조향OFF)|STOP,,0.50,0.01,8.3,10.2,2751
121.05,-6.671,-12.274,61.6,0.90,BLOCKED(조향OFF)|STOP,,0.43,0.00,8.0,10.1,2744
121.10,-6.671,-12.274,62.2,0.90,BLOCKED(조향OFF)|STOP,,0.43,0.00,7.8,10.1,2751
121.15,-6.647,-12.203,62.6,0.74,BLOCKED(조향OFF)|STOP,,0.39,0.00,7.8,10.0,2758
121.20,-6.647,-12.203,63.2,0.74,BLOCKED(조향OFF)|STOP,,0.39,0.00,7.6,9.8,2771
121.25,-6.624,-12.129,63.5,0.75,BLOCKED(조향OFF)|STOP,,0.36,0.00,7.4,9.8,2764
121.30,-6.624,-12.129,64.1,0.75,BLOCKED(조향OFF)|STOP,,0.36,0.00,7.3,9.8,2764
121.35,-6.610,-12.069,64.4,0.50,BLOCKED(조향OFF)|STOP,,0.34,0.00,6.9,9.8,2778
121.40,-6.610,-12.069,64.6,0.50,BLOCKED(조향OFF)|STOP,,0.34,0.00,6.8,9.8,2771
121.45,-6.610,-12.069,64.7,0.50,BLOCKED(조향OFF)|STOP,,0.32,0.00,6.7,9.6,2778
121.50,-6.610,-12.069,64.9,0.50,BLOCKED(조향OFF)|STOP,,0.32,0.00,6.6,9.5,2806
121.55,-6.582,-11.965,64.9,0.59,BLOCKED(조향OFF)|STOP,,0.32,0.00,6.9,9.2,2827
121.60,-6.582,-11.965,64.8,0.59,BLOCKED(조향OFF)|STOP,,0.32,0.00,6.9,8.9,2863
121.65,-6.582,-11.965,64.8,0.59,BLOCKED(조향OFF)|STOP,,0.32,0.00,7.0,8.9,2870
121.70,-6.585,-11.969,64.5,-0.02,BLOCKED(조향OFF)|STOP,,0.33,0.00,7.1,8.8,2878
121.75,-6.587,-11.983,64.4,-12.45,BLOCKED(조향OFF)|STOP,,0.33,0.00,7.1,8.8,2885
121.80,-6.587,-11.983,64.3,-12.45,BLOCKED(조향OFF)|STOP,,0.34,0.00,7.2,8.8,2878
121.85,-6.592,-12.005,64.2,-0.22,BLOCKED(조향OFF)|STOP,,0.34,0.00,7.4,8.8,2892
121.90,-6.592,-12.005,64.0,-0.22,BLOCKED(조향OFF)|STOP,,0.34,0.00,7.5,8.8,2870
121.95,-6.596,-12.021,63.9,-0.16,BLOCKED(조향OFF)|STOP,,0.34,0.00,7.6,8.8,2878
122.00,-6.596,-12.021,63.8,-0.16,BLOCKED(조향OFF)|STOP,,0.34,0.00,7.6,8.7,2885
122.05,-6.596,-12.021,63.8,-0.16,BLOCKED(조향OFF)|STOP,,0.34,0.00,7.7,8.8,2892
122.10,-6.596,-12.021,63.7,-0.16,BLOCKED(조향OFF)|STOP,,0.34,0.00,7.8,8.8,2892
122.15,-6.609,-12.049,63.6,-1.55,BLOCKED(조향OFF)|STOP,,0.35,0.00,7.3,8.8,2878
122.20,-6.609,-12.049,63.5,-1.55,BLOCKED(조향OFF)|STOP,,0.35,0.00,7.3,8.7,2892
122.25,-6.611,-12.062,63.5,-0.13,BLOCKED(조향OFF)|STOP,,0.34,0.00,7.7,8.8,2892
122.30,-6.611,-12.062,63.5,-0.13,BLOCKED(조향OFF)|STOP,,0.34,0.00,7.7,8.8,2885
122.35,-6.614,-12.069,63.5,-0.06,BLOCKED(조향OFF)|STOP,,0.34,0.00,7.7,8.7,2892
122.40,-6.614,-12.069,63.5,-0.06,BLOCKED(조향OFF)|STOP,,0.34,0.00,7.7,8.8,2892
122.45,-6.613,-12.073,63.5,-0.04,BLOCKED(조향OFF)|STOP,,0.34,0.00,7.7,8.7,2900
122.50,-6.613,-12.073,63.5,-0.04,BLOCKED(조향OFF)|STOP,,0.34,0.00,7.7,8.4,2922
122.55,-6.612,-12.073,63.5,0.01,BLOCKED(조향OFF)|STOP,,0.37,0.00,7.7,8.4,2930
122.60,-6.612,-12.073,63.5,0.01,BLOCKED(조향OFF)|STOP,,0.45,0.00,7.7,8.4,2930
122.65,-6.611,-12.071,63.5,0.02,BLOCKED(조향OFF)|STOP,,0.45,0.00,7.7,8.4,2930
122.71,-6.611,-12.071,63.6,0.02,AVOID(조향OFF)|LEFT,,0.03,0.00,7.7,8.4,2938
122.75,-6.609,-12.068,63.6,0.03,AVOID(조향OFF)|LEFT,,0.03,0.00,7.8,8.5,2938
122.80,-6.609,-12.068,63.6,0.03,CLEAR(조향OFF)|STRAIGHT,,999.00,0.05,7.7,8.4,2938
122.85,-6.610,-12.066,63.6,0.02,CLEAR(조향OFF)|STRAIGHT,,999.00,0.10,7.7,8.4,2930
122.90,-6.610,-12.066,63.6,0.02,CLEAR(조향OFF)|STRAIGHT,,999.00,0.15,7.7,8.4,2945
122.95,-6.610,-12.066,63.6,-0.00,CLEAR(조향OFF)|STRAIGHT,,999.00,0.20,7.7,8.5,2938
123.00,-6.610,-12.066,63.6,-0.00,CLEAR(조향OFF)|STRAIGHT,,999.00,0.25,7.7,8.4,2930
123.05,-6.611,-12.067,63.6,-0.02,CLEAR(조향OFF)|STRAIGHT,,999.00,0.30,7.7,8.4,2945
123.10,-6.611,-12.067,63.6,-0.02,CLEAR(조향OFF)|STRAIGHT,,999.00,0.35,7.7,8.4,2938
123.15,-6.611,-12.065,63.6,0.02,CLEAR(조향OFF)|STRAIGHT,,999.00,0.40,7.7,8.5,2930
123.20,-6.611,-12.065,63.6,0.02,CLEAR(조향OFF)|STRAIGHT,,999.00,0.41,7.6,8.4,2945
123.25,-6.609,-12.064,63.7,0.02,CLEAR(조향OFF)|STRAIGHT,,999.00,0.41,7.6,8.4,2945
123.30,-6.609,-12.064,63.8,0.02,CLEAR(조향OFF)|STRAIGHT,,999.00,0.41,7.6,8.4,2922
123.35,-6.607,-12.055,63.8,0.07,CLEAR(조향OFF)|STRAIGHT,,999.00,0.41,7.5,8.4,2938
123.40,-6.607,-12.055,64.0,0.07,CLEAR(조향OFF)|STRAIGHT,,999.00,0.41,7.4,8.4,2930
123.45,-6.604,-12.045,64.1,0.13,CLEAR(조향OFF)|STRAIGHT,,999.00,0.41,7.3,8.4,2922
123.50,-6.604,-12.045,64.2,0.13,CLEAR(조향OFF)|STRAIGHT,,999.00,0.41,7.3,8.4,2945
123.55,-6.599,-12.028,64.3,0.17,CLEAR(조향OFF)|STRAIGHT,,999.00,0.41,7.2,8.4,2930
123.60,-6.599,-12.028,64.5,0.17,CLEAR(조향OFF)|STRAIGHT,,999.00,0.41,7.1,8.4,2922
123.65,-6.594,-12.008,64.6,0.20,CLEAR(조향OFF)|STRAIGHT,,999.00,0.41,6.9,8.4,2930
123.70,-6.594,-12.008,64.9,0.20,CLEAR(조향OFF)|STRAIGHT,,999.00,0.41,6.8,8.5,2930
123.75,-6.585,-11.981,65.0,0.25,CLEAR(조향OFF)|STRAIGHT,,999.00,0.41,6.7,8.5,2945
123.80,-6.585,-11.981,65.2,0.25,CLEAR(조향OFF)|STRAIGHT,,999.00,0.41,6.6,8.4,2938
123.85,-6.579,-11.956,65.3,0.28,CLEAR(조향OFF)|STRAIGHT,,999.00,0.41,6.5,8.4,2930
123.90,-6.579,-11.956,65.6,0.28,CLEAR(조향OFF)|STRAIGHT,,999.00,0.41,6.3,8.5,2930
123.95,-6.565,-11.919,65.8,0.39,CLEAR(조향OFF)|STRAIGHT,,999.00,0.41,6.3,8.0,2969
124.00,-6.565,-11.919,66.1,0.39,CLEAR(조향OFF)|STRAIGHT,,999.00,0.41,6.1,8.0,2976
124.05,-6.558,-11.882,66.2,0.37,CLEAR(조향OFF)|STRAIGHT,,999.00,0.40,6.3,7.9,2992
124.10,-6.558,-11.882,66.5,0.37,CLEAR(조향OFF)|STRAIGHT,,999.00,0.40,6.2,8.0,2984
124.15,-6.547,-11.842,66.7,0.42,CLEAR(조향OFF)|STRAIGHT,,999.00,0.40,6.0,8.1,2976
124.20,-6.547,-11.842,67.0,0.42,CLEAR(조향OFF)|STRAIGHT,,999.00,0.40,5.9,7.9,2992
124.25,-6.539,-11.800,67.1,0.41,CLEAR(조향OFF)|STRAIGHT,,999.00,0.40,5.8,8.0,2984
124.31,-6.539,-11.800,67.5,0.41,CLEAR(조향OFF)|STRAIGHT,,999.00,0.40,5.6,8.0,2984
124.35,-6.530,-11.759,67.7,0.38,CLEAR(조향OFF)|STRAIGHT,,999.00,0.40,5.4,8.0,2992
124.40,-6.530,-11.759,68.0,0.38,CLEAR(조향OFF)|STRAIGHT,,999.00,0.40,5.3,8.0,2992
124.45,-6.520,-11.708,68.1,0.56,CLEAR(조향OFF)|STRAIGHT,,999.00,0.40,5.3,8.0,2992
124.50,-6.520,-11.708,68.5,0.56,CLEAR(조향OFF)|STRAIGHT,,999.00,0.40,5.1,8.0,2992
124.55,-6.510,-11.659,68.7,0.49,CLEAR(조향OFF)|STRAIGHT,,999.00,0.40,4.8,8.1,2992
124.60,-6.510,-11.659,69.1,0.49,CLEAR(조향OFF)|STRAIGHT,,999.00,0.40,4.7,7.9,2992
124.65,-6.498,-11.611,69.3,0.50,CLEAR(조향OFF)|STRAIGHT,,999.00,0.40,4.5,7.9,3000
124.70,-6.498,-11.611,69.7,0.50,CLEAR(조향OFF)|STRAIGHT,,999.00,0.40,4.3,7.4,3033
124.75,-6.489,-11.562,69.8,0.44,CLEAR(조향OFF)|STRAIGHT,,999.00,0.40,3.9,7.2,3074
124.80,-6.489,-11.562,70.1,0.44,CLEAR(조향OFF)|STRAIGHT,,999.00,0.40,3.8,6.9,3100
124.85,-6.479,-11.511,70.3,0.57,CLEAR(조향OFF)|STRAIGHT,,999.00,0.40,3.8,6.8,3125
124.90,-6.479,-11.511,70.7,0.57,CLEAR(조향OFF)|STRAIGHT,,999.00,0.40,3.7,6.6,3143
124.95,-6.470,-11.459,70.8,0.51,CLEAR(조향OFF)|STRAIGHT,,999.00,0.40,3.2,6.5,3160
125.00,-6.470,-11.459,71.1,0.51,CLEAR(조향OFF)|STRAIGHT,,999.00,0.40,3.0,6.5,3169
125.05,-6.464,-11.404,71.3,0.55,CLEAR(조향OFF)|STRAIGHT,,999.00,0.40,2.8,6.4,3169
125.10,-6.464,-11.404,71.7,0.55,CLEAR(조향OFF)|STRAIGHT,,999.00,0.40,2.6,6.1,3205
125.15,-6.451,-11.346,71.8,0.58,CLEAR(조향OFF)|STRAIGHT,,999.00,0.40,3.9,5.8,3233
125.20,-6.451,-11.346,72.1,0.58,CLEAR(조향OFF)|STRAIGHT,,999.00,0.40,3.8,5.5,3290
125.25,-6.445,-11.292,72.2,0.53,CLEAR(조향OFF)|STRAIGHT,,999.00,0.40,3.4,5.4,3309
125.30,-6.445,-11.292,72.5,0.53,CLEAR(조향OFF)|STRAIGHT,,999.00,0.40,3.3,5.4,3319
125.35,-6.434,-11.232,72.6,0.55,CLEAR(조향OFF)|STRAIGHT,,999.00,0.40,3.2,5.3,3319
125.40,-6.434,-11.232,72.9,0.55,CLEAR(조향OFF)|STRAIGHT,,999.00,0.40,3.1,5.0,3359
125.45,-6.425,-11.173,73.0,0.59,CLEAR(조향OFF)|STRAIGHT,,999.00,0.40,3.0,5.0,3369
125.50,-6.425,-11.173,73.2,0.59,CLEAR(조향OFF)|STRAIGHT,,999.00,0.40,3.0,5.0,3399
125.55,-6.412,-11.107,73.4,0.67,CLEAR(조향OFF)|STRAIGHT,,999.00,0.40,3.0,5.0,3379
125.60,-6.412,-11.107,73.6,0.67,CLEAR(조향OFF)|STRAIGHT,,999.00,0.40,2.9,5.0,3399
125.65,-6.403,-11.047,73.7,0.66,CLEAR(조향OFF)|STRAIGHT,,999.00,0.40,2.7,5.0,3389
125.70,-6.403,-11.047,74.0,0.66,CLEAR(조향OFF)|STRAIGHT,,999.00,0.40,2.6,5.0,3399
125.75,-6.389,-10.986,74.1,0.63,CLEAR(조향OFF)|STRAIGHT,,999.00,0.40,2.4,4.9,3389
125.80,-6.389,-10.986,74.3,0.63,CLEAR(조향OFF)|STRAIGHT,,999.00,0.40,2.3,4.9,3420
125.85,-6.385,-10.919,74.4,0.65,CLEAR(조향OFF)|STRAIGHT,,999.00,0.40,2.0,4.8,3399
125.90,-6.385,-10.919,74.7,0.65,CLEAR(조향OFF)|STRAIGHT,,999.00,0.40,1.9,4.8,3430
125.95,-6.375,-10.854,74.9,0.66,CLEAR(조향OFF)|STRAIGHT,,999.00,0.40,3.3,4.8,3420
126.00,-6.375,-10.854,75.1,0.66,CLEAR(조향OFF)|STRAIGHT,,999.00,0.40,3.3,4.4,3473
126.05,-6.369,-10.791,75.3,0.63,CLEAR(조향OFF)|STRAIGHT,,999.00,0.40,3.0,4.2,3494
126.10,-6.369,-10.791,75.5,0.63,CLEAR(조향OFF)|STRAIGHT,,999.00,0.40,2.9,4.2,3494
126.15,-6.360,-10.723,75.6,0.68,CLEAR(조향OFF)|STRAIGHT,,999.00,0.40,2.9,4.3,3494
126.20,-6.360,-10.723,75.8,0.68,CLEAR(조향OFF)|STRAIGHT,,999.00,0.40,2.9,4.2,3516
126.25,-6.355,-10.650,76.0,0.71,CLEAR(조향OFF)|STRAIGHT,,999.00,0.40,2.7,4.2,3505
126.30,-6.355,-10.650,76.3,0.71,CLEAR(조향OFF)|STRAIGHT,,999.00,0.40,2.6,4.2,3516
126.35,-6.347,-10.585,76.4,0.60,CLEAR(조향OFF)|STRAIGHT,,999.00,0.40,1.9,4.1,3527
126.40,-6.347,-10.585,76.7,0.60,CLEAR(조향OFF)|STRAIGHT,,999.00,0.40,1.8,4.0,3538
126.45,-6.343,-10.511,76.8,0.81,CLEAR(조향OFF)|STRAIGHT,,999.00,0.40,2.2,4.0,3527
126.50,-6.336,-10.436,77.1,0.79,CLEAR(조향OFF)|STRAIGHT,,999.00,0.40,2.1,4.0,3538
126.55,-6.336,-10.436,77.3,0.79,CLEAR(조향OFF)|STRAIGHT,,999.00,0.40,1.7,3.6,3595
126.60,-6.332,-10.362,77.5,0.73,CLEAR(조향OFF)|STRAIGHT,,999.00,0.40,1.6,3.4,3630
126.65,-6.332,-10.362,77.6,0.73,CLEAR(조향OFF)|STRAIGHT,,999.00,0.40,3.1,3.5,3618
126.70,-6.332,-10.362,77.9,0.73,CLEAR(조향OFF)|STRAIGHT,,999.00,0.40,3.0,3.4,3641
126.75,-6.321,-10.286,78.0,0.73,CLEAR(조향OFF)|STRAIGHT,,999.00,0.40,2.9,3.2,3641
126.80,-6.321,-10.286,78.2,0.73,CLEAR(조향OFF)|STRAIGHT,,999.00,0.40,2.9,3.2,3653
126.85,-6.317,-10.208,78.2,0.77,CLEAR(조향OFF)|STRAIGHT,,999.00,0.40,2.9,3.2,3653
126.90,-6.317,-10.208,78.4,0.77,CLEAR(조향OFF)|STRAIGHT,,999.00,0.40,2.9,3.2,3665
126.95,-6.308,-10.128,78.5,0.81,CLEAR(조향OFF)|STRAIGHT,,999.00,0.40,2.9,3.2,3677
127.00,-6.308,-10.128,78.6,0.81,CLEAR(조향OFF)|STRAIGHT,,999.00,0.40,2.8,3.2,3665
127.05,-6.300,-10.046,78.7,0.81,CLEAR(조향OFF)|STRAIGHT,,999.00,0.40,2.8,3.2,3665
127.10,-6.300,-10.046,78.9,0.81,CLEAR(조향OFF)|STRAIGHT,,999.00,0.40,2.7,3.2,3653
127.15,-6.304,-9.969,79.0,0.76,CLEAR(조향OFF)|STRAIGHT,,999.00,0.40,2.2,3.1,3677
127.20,-6.304,-9.969,79.1,0.76,CLEAR(조향OFF)|STRAIGHT,,999.00,0.40,2.1,3.2,3677
127.25,-6.296,-9.883,79.1,0.86,CLEAR(조향OFF)|STRAIGHT,,999.00,0.39,4.2,3.2,3677
127.30,-6.296,-9.883,79.3,0.86,CLEAR(조향OFF)|STRAIGHT,,999.00,0.39,4.1,3.2,3689
127.35,-6.291,-9.798,79.3,0.70,CLEAR(조향OFF)|STRAIGHT,,999.00,0.39,3.8,3.2,3677
127.40,-6.291,-9.798,79.5,0.70,CLEAR(조향OFF)|STRAIGHT,,999.00,0.39,3.8,3.2,3665
127.45,-6.291,-9.718,79.6,0.98,CLEAR(조향OFF)|STRAIGHT,,999.00,0.39,4.3,3.2,3665
127.50,-6.291,-9.718,79.5,0.98,CLEAR(조향OFF)|STRAIGHT,,999.00,0.39,4.3,3.2,3689
127.55,-6.290,-9.627,79.6,0.82,CLEAR(조향OFF)|STRAIGHT,,999.00,0.39,4.0,3.2,3677
127.60,-6.290,-9.627,79.8,0.82,CLEAR(조향OFF)|STRAIGHT,,999.00,0.39,3.9,3.2,3689
127.65,-6.284,-9.537,79.8,0.99,CLEAR(조향OFF)|STRAIGHT,,999.00,0.39,4.4,3.1,3689
127.70,-6.284,-9.537,80.2,0.99,CLEAR(조향OFF)|STRAIGHT,,999.00,0.39,4.3,3.2,3665
127.75,-6.280,-9.445,80.3,0.84,CLEAR(조향OFF)|STRAIGHT,,999.00,0.39,5.2,3.2,3677
127.80,-6.280,-9.445,80.3,0.84,CLEAR(조향OFF)|STRAIGHT,,999.00,0.39,5.2,3.2,3689
127.85,-6.287,-9.350,80.3,1.01,CLEAR(조향OFF)|STRAIGHT,,999.00,0.39,5.6,3.2,3677
127.90,-6.287,-9.350,80.5,1.01,CLEAR(조향OFF)|STRAIGHT,,999.00,0.39,5.5,3.2,3665
127.95,-6.271,-9.268,80.6,0.84,CLEAR(조향OFF)|STRAIGHT,,999.00,0.39,5.5,3.2,3689
128.00,-6.271,-9.268,80.7,0.84,CLEAR(조향OFF)|STRAIGHT,,999.00,0.39,5.5,4.1,3583
128.05,-6.270,-9.171,80.9,0.97,CLEAR(조향OFF)|STRAIGHT,,999.00,0.39,5.8,4.4,3538
128.10,-6.270,-9.171,81.2,0.97,CLEAR(조향OFF)|STRAIGHT,,999.00,0.39,5.7,4.4,3527
128.15,-6.271,-9.086,81.5,0.84,CLEAR(조향OFF)|STRAIGHT,,999.00,0.39,5.3,4.4,3505
128.20,-6.271,-9.086,81.7,0.84,CLEAR(조향OFF)|STRAIGHT,,999.00,0.39,5.2,4.5,3494
128.25,-6.270,-8.999,82.0,0.86,CLEAR(조향OFF)|STRAIGHT,,999.00,0.39,5.2,4.4,3516
128.30,-6.270,-8.999,82.5,0.86,CLEAR(조향OFF)|STRAIGHT,,999.00,0.39,5.0,4.4,3505
128.35,-6.270,-8.902,82.6,0.87,CLEAR(조향OFF)|STRAIGHT,,999.00,0.38,6.3,4.5,3516
128.40,-6.270,-8.902,82.8,0.87,CLEAR(조향OFF)|STRAIGHT,,999.00,0.38,6.3,4.5,3494
128.45,-6.265,-8.810,82.9,1.02,CLEAR(조향OFF)|STRAIGHT,,999.00,0.38,6.7,4.4,3516
128.50,-6.266,-8.714,83.1,0.97,CLEAR(조향OFF)|STRAIGHT,,999.00,0.38,6.6,4.5,3505
128.55,-6.266,-8.714,83.4,0.97,CLEAR(조향OFF)|STRAIGHT,,999.00,0.38,6.6,4.5,3494
128.60,-6.266,-8.714,83.9,0.97,CLEAR(조향OFF)|STRAIGHT,,999.00,0.38,6.4,4.6,3473
128.65,-6.281,-8.615,84.0,0.94,CLEAR(조향OFF)|STRAIGHT,,999.00,0.38,6.3,4.7,3483
128.70,-6.281,-8.615,84.4,0.94,CLEAR(조향OFF)|STRAIGHT,,999.00,0.38,6.2,4.6,3473
128.75,-6.264,-8.511,84.5,1.06,CLEAR(조향OFF)|STRAIGHT,,999.00,0.38,6.9,4.7,3462
128.80,-6.264,-8.511,84.5,1.06,CLEAR(조향OFF)|STRAIGHT,,999.00,0.38,6.9,4.7,3473
128.85,-6.264,-8.409,84.5,1.01,CLEAR(조향OFF)|STRAIGHT,,999.00,0.38,8.0,4.6,3473
128.90,-6.264,-8.409,84.5,1.01,CLEAR(조향OFF)|STRAIGHT,,999.00,0.38,8.0,4.6,3483
128.95,-6.281,-8.309,84.5,0.98,CLEAR(조향OFF)|STRAIGHT,,999.00,0.38,8.3,4.7,3473
129.00,-6.281,-8.309,84.5,0.98,CLEAR(조향OFF)|STRAIGHT,,999.00,0.38,8.3,5.5,3369
129.05,-6.291,-8.207,84.5,1.01,CLEAR(조향OFF)|STRAIGHT,,999.00,0.38,8.7,6.1,3300
129.10,-6.291,-8.207,84.5,1.01,CLEAR(조향OFF)|STRAIGHT,,999.00,0.38,8.7,6.3,3261
129.15,-6.302,-8.103,84.5,0.93,CLEAR(조향OFF)|STRAIGHT,,999.00,0.38,9.1,6.3,3252
129.20,-6.302,-8.103,84.5,0.93,CLEAR(조향OFF)|STRAIGHT,,999.00,0.38,9.1,6.6,3187
129.25,-6.302,-8.103,84.5,0.93,CLEAR(조향OFF)|STRAIGHT,,999.00,0.38,9.1,6.6,3215
129.30,-6.302,-8.103,84.5,0.93,CLEAR(조향OFF)|STRAIGHT,,999.00,0.38,9.1,6.7,3187
129.35,-6.302,-8.103,84.5,0.93,CLEAR(조향OFF)|STRAIGHT,,999.00,0.38,9.1,6.6,3196
129.40,-6.302,-8.103,84.5,0.93,CLEAR(조향OFF)|STRAIGHT,,999.00,0.38,9.1,6.6,3187
129.45,-6.302,-8.103,84.5,0.93,CLEAR(조향OFF)|STRAIGHT,,999.00,0.38,9.1,6.7,3187
129.50,-6.302,-8.103,84.5,0.93,CLEAR(조향OFF)|STRAIGHT,,999.00,0.38,9.1,6.6,3196
129.55,-6.302,-8.103,84.5,0.93,CLEAR(조향OFF)|STRAIGHT,,999.00,0.38,9.1,6.6,3205
129.60,-6.302,-8.103,84.5,0.93,CLEAR(조향OFF)|STRAIGHT,,999.00,0.38,9.1,6.6,3178
129.65,-6.302,-8.103,84.5,0.93,CLEAR(조향OFF)|STRAIGHT,,999.00,0.38,9.1,6.9,3169
129.70,-6.302,-8.103,84.5,0.93,CLEAR(조향OFF)|STRAIGHT,,999.00,0.38,9.1,6.9,3143
129.75,-6.302,-8.103,84.5,0.93,CLEAR(조향OFF)|STRAIGHT,,999.00,0.00,6.9,6.9,3143
129.80,-6.302,-8.103,84.5,0.93,CLEAR(조향OFF)|STRAIGHT,,999.00,0.00,4.6,7.1,3143
129.85,-6.302,-8.103,84.5,0.93,CLEAR(조향OFF)|STRAIGHT,,999.00,0.00,2.4,7.0,3152
129.90,-6.302,-8.103,84.5,0.93,CLEAR(조향OFF)|STRAIGHT,,999.00,0.00,0.1,7.1,3125
129.95,-6.302,-8.103,84.5,0.93,CLEAR(조향OFF)|STRAIGHT,,999.00,0.00,0.0,6.9,3152
130.00,-6.302,-8.103,84.5,0.93,CLEAR(조향OFF)|STRAIGHT,,999.00,0.00,0.0,5.4,3300
130.05,-6.302,-8.103,84.5,0.93,CLEAR(조향OFF)|STRAIGHT,,999.00,0.00,0.0,3.9,3473
130.10,-6.302,-8.103,84.5,0.93,CLEAR(조향OFF)|STRAIGHT,,999.00,0.00,0.0,2.6,3641
130.15,-6.302,-8.103,84.5,0.93,CLEAR(조향OFF)|STRAIGHT,,999.00,0.00,0.0,1.7,3788
130.20,-6.302,-8.103,84.5,0.93,CLEAR(조향OFF)|STRAIGHT,,999.00,0.00,0.0,1.3,3867
130.25,-6.302,-8.103,84.5,0.93,CLEAR(조향OFF)|STRAIGHT,,999.00,0.00,0.0,1.1,3920
130.30,-6.302,-8.103,84.5,0.93,CLEAR(조향OFF)|STRAIGHT,,999.00,0.00,0.0,1.1,3934
130.35,-6.302,-8.103,84.5,0.93,CLEAR(조향OFF)|STRAIGHT,,999.00,0.00,0.0,1.1,3976
130.40,-6.302,-8.103,84.5,0.93,CLEAR(조향OFF)|STRAIGHT,,999.00,0.00,0.0,1.2,3962
130.45,-6.302,-8.103,84.5,0.93,CLEAR(조향OFF)|STRAIGHT,,999.00,0.00,0.0,1.1,3962
130.50,-6.302,-8.103,84.5,0.93,CLEAR(조향OFF)|STRAIGHT,,999.00,0.00,0.0,1.1,3976
130.55,-6.302,-8.103,84.5,0.93,CLEAR(조향OFF)|STRAIGHT,,999.00,0.00,0.0,1.1,3976
130.60,-6.538,-6.704,94.6,0.76,CLEAR(조향OFF)|STRAIGHT,,999.00,0.05,2.2,1.2,3990
130.65,-6.554,-6.625,94.6,0.80,CLEAR(조향OFF)|STRAIGHT,,999.00,0.10,4.5,1.1,4004
130.70,-6.554,-6.625,94.6,0.80,CLEAR(조향OFF)|STRAIGHT,,999.00,0.15,6.8,1.2,3990
130.75,-6.567,-6.545,94.6,0.81,CLEAR(조향OFF)|STRAIGHT,,999.00,0.20,9.0,1.1,4004
130.80,-6.567,-6.545,94.5,0.81,CLEAR(조향OFF)|STRAIGHT,,999.00,0.25,11.2,1.3,3976
130.85,-6.584,-6.477,94.6,0.70,CLEAR(조향OFF)|STRAIGHT,,999.00,0.30,13.2,3.3,3751
130.90,-6.584,-6.477,94.8,0.70,CLEAR(조향OFF)|STRAIGHT,,999.00,0.35,13.2,5.2,3516
130.95,-6.594,-6.413,94.9,0.64,CLEAR(조향OFF)|STRAIGHT,,999.00,0.39,13.7,6.8,3319
131.00,-6.594,-6.413,95.2,0.64,CLEAR(조향OFF)|STRAIGHT,,999.00,0.39,13.6,8.4,3108
131.05,-6.604,-6.352,95.4,0.62,CLEAR(조향OFF)|STRAIGHT,,999.00,0.39,14.1,9.4,2945
131.10,-6.604,-6.352,95.8,0.62,CLEAR(조향OFF)|STRAIGHT,,999.00,0.39,13.9,10.4,2834
131.15,-6.619,-6.284,95.8,0.69,CLEAR(조향OFF)|STRAIGHT,,999.00,0.39,14.5,10.9,2751
131.20,-6.619,-6.284,96.7,0.69,CLEAR(조향OFF)|STRAIGHT,,999.00,0.39,14.2,11.2,2711
131.25,-6.645,-6.223,97.2,0.64,CLEAR(조향OFF)|STRAIGHT,,999.00,0.39,14.0,11.2,2698
131.30,-6.645,-6.223,97.8,0.64,CLEAR(조향OFF)|STRAIGHT,,999.00,0.39,13.7,11.6,2654
131.35,-6.682,-6.160,98.3,0.56,CLEAR(조향OFF)|STRAIGHT,,999.00,0.39,13.5,11.8,2616
131.40,-6.682,-6.160,99.2,0.56,CLEAR(조향OFF)|STRAIGHT,,999.00,0.39,13.1,11.9,2610
131.45,-6.701,-6.082,99.6,1.00,CLEAR(조향OFF)|STRAIGHT,,999.00,0.38,13.4,11.9,2592
131.50,-6.701,-6.082,100.4,1.00,CLEAR(조향OFF)|STRAIGHT,,999.00,0.38,13.1,11.8,2592
131.55,-6.725,-6.007,100.8,0.71,CLEAR(조향OFF)|STRAIGHT,,999.00,0.38,13.2,11.9,2580
131.60,-6.725,-6.007,101.9,0.71,CLEAR(조향OFF)|STRAIGHT,,999.00,0.38,12.8,11.8,2586
131.65,-6.760,-5.929,102.4,0.93,CLEAR(조향OFF)|STRAIGHT,,999.00,0.38,12.5,11.9,2575
131.70,-6.760,-5.929,103.4,0.93,CLEAR(조향OFF)|STRAIGHT,,999.00,0.38,12.0,11.8,2580
131.75,-6.789,-5.859,103.9,0.75,CLEAR(조향OFF)|STRAIGHT,,999.00,0.38,11.7,11.8,2580
131.80,-6.789,-5.859,104.8,0.75,CLEAR(조향OFF)|STRAIGHT,,999.00,0.38,11.2,11.8,2575
131.85,-6.828,-5.788,105.4,0.79,CLEAR(조향OFF)|STRAIGHT,,999.00,0.38,10.5,11.8,2569
131.90,-6.828,-5.788,106.4,0.79,CLEAR(조향OFF)|STRAIGHT,,999.00,0.38,9.9,11.8,2575
131.95,-6.861,-5.714,106.9,0.80,CLEAR(조향OFF)|STRAIGHT,,999.00,0.38,9.4,11.9,2563
132.00,-6.861,-5.714,107.9,0.80,CLEAR(조향OFF)|STRAIGHT,,999.00,0.38,8.9,11.8,2563
132.05,-6.899,-5.633,108.4,0.88,CLEAR(조향OFF)|STRAIGHT,,999.00,0.40,8.1,11.5,2592
132.10,-6.899,-5.633,109.5,0.88,CLEAR(조향OFF)|STRAIGHT,,999.00,0.40,7.5,10.9,2647
132.15,-6.945,-5.560,110.0,0.84,CLEAR(조향OFF)|STRAIGHT,,999.00,0.40,5.9,10.6,2666
132.20,-6.945,-5.560,110.8,0.84,CLEAR(조향OFF)|STRAIGHT,,999.00,0.40,5.3,10.4,2685
132.25,-6.984,-5.476,111.3,0.92,CLEAR(조향OFF)|STRAIGHT,,999.00,0.40,4.4,9.7,2751
132.30,-6.984,-5.476,112.2,0.92,CLEAR(조향OFF)|STRAIGHT,,999.00,0.40,4.4,9.0,2827
132.35,-7.038,-5.398,112.4,0.85,CLEAR(조향OFF)|STRAIGHT,,999.00,0.40,1.4,9.0,2827
132.40,-7.038,-5.398,113.0,0.85,CLEAR(조향OFF)|STRAIGHT,,999.00,0.40,0.6,7.4,2984
132.45,-7.086,-5.322,113.3,0.99,CLEAR(조향OFF)|STRAIGHT,,999.00,0.40,-1.7,6.6,3083
132.50,-7.086,-5.322,113.8,0.99,CLEAR(조향OFF)|STRAIGHT,,999.00,0.40,-2.9,5.2,3242
132.55,-7.146,-5.243,114.0,0.96,CLEAR(조향OFF)|STRAIGHT,,999.00,0.37,-5.2,3.5,3441
132.60,-7.146,-5.243,114.3,0.96,CLEAR(조향OFF)|STRAIGHT,,999.00,0.37,-7.4,3.5,3441
132.65,-7.197,-5.168,114.3,0.89,CLEAR(조향OFF)|STRAIGHT,,999.00,0.37,-9.7,2.3,3653
132.70,-7.197,-5.168,114.3,0.89,CLEAR(조향OFF)|STRAIGHT,,999.00,0.37,-11.9,-1.0,4092
132.75,-7.249,-5.086,114.2,0.96,CLEAR(조향OFF)|STRAIGHT,,999.00,0.37,-14.2,-2.6,4262
132.80,-7.249,-5.086,113.9,0.96,CLEAR(조향OFF)|STRAIGHT,,999.00,0.37,-16.4,-2.6,4262
132.85,-7.297,-5.006,113.7,0.92,CLEAR(조향OFF)|STRAIGHT,,999.00,0.37,-18.0,-6.0,4650
132.90,-7.297,-5.006,113.2,0.92,CLEAR(조향OFF)|STRAIGHT,,999.00,0.37,-18.0,-6.0,4650
132.95,-7.342,-4.915,112.8,1.01,CLEAR(조향OFF)|STRAIGHT,,999.00,0.37,-18.0,-7.5,4768
133.00,-7.342,-4.915,112.0,1.01,CLEAR(조향OFF)|STRAIGHT,,999.00,0.37,-18.0,-10.8,4979
133.05,-7.392,-4.830,111.5,0.97,CLEAR(조향OFF)|STRAIGHT,,999.00,0.28,-15.8,-10.8,4979
133.10,-7.392,-4.830,110.4,0.97,CLEAR(조향OFF)|STRAIGHT,,999.00,0.19,-13.5,-12.1,5046
133.15,-7.432,-4.742,109.8,0.97,CLEAR(조향OFF)|STRAIGHT,,999.00,0.10,-11.2,-13.2,5091
133.20,-7.432,-4.742,108.7,0.97,CLEAR(조향OFF)|STRAIGHT,,999.00,0.01,-9.0,-13.2,5091
133.25,-7.470,-4.647,108.2,1.02,CLEAR(조향OFF)|STRAIGHT,,999.00,0.00,-6.8,-13.2,5091
133.30,-7.470,-4.647,107.0,1.02,CLEAR(조향OFF)|STRAIGHT,,999.00,0.00,-4.5,-12.5,5068
133.35,-7.502,-4.552,106.4,0.91,CLEAR(조향OFF)|STRAIGHT,,999.00,0.00,-2.2,-12.5,5068
133.40,-7.502,-4.552,105.5,0.91,CLEAR(조향OFF)|STRAIGHT,,999.00,0.00,0.0,-11.2,5068
133.45,-7.531,-4.452,105.1,1.04,CLEAR(조향OFF)|STRAIGHT,,999.00,0.00,0.0,-7.4,4957
133.50,-7.531,-4.452,104.5,1.04,CLEAR(조향OFF)|STRAIGHT,,999.00,0.00,0.0,-7.4,4957
133.55,-7.558,-4.362,104.3,1.04,CLEAR(조향OFF)|STRAIGHT,,999.00,0.00,0.0,-5.5,4871
133.60,-7.558,-4.362,104.0,1.04,CLEAR(조향OFF)|STRAIGHT,,999.00,0.00,0.0,-3.4,4708
133.65,-7.581,-4.269,103.9,0.96,CLEAR(조향OFF)|STRAIGHT,,999.00,0.00,0.0,-2.3,4611
133.70,-7.581,-4.269,103.7,0.96,CLEAR(조향OFF)|STRAIGHT,,999.00,0.00,0.0,-2.0,4537
133.75,-7.613,-4.191,103.6,0.84,CLEAR(조향OFF)|STRAIGHT,,999.00,0.00,0.0,-2.1,4501
133.80,-7.613,-4.191,103.4,0.84,CLEAR(조향OFF)|STRAIGHT,,999.00,0.00,0.0,-2.1,4501
133.85,-7.639,-4.111,103.2,0.84,CLEAR(조향OFF)|STRAIGHT,,999.00,0.00,0.0,-2.0,4501
133.90,-7.639,-4.111,103.1,0.84,CLEAR(조향OFF)|STRAIGHT,,999.00,0.00,0.0,-2.0,4465
133.95,-7.665,-4.040,103.1,0.75,CLEAR(조향OFF)|STRAIGHT,,999.00,0.00,0.0,-2.0,4465
134.00,-7.665,-4.040,102.9,0.75,CLEAR(조향OFF)|STRAIGHT,,999.00,0.00,0.0,-1.7,4430
134.05,-7.686,-3.968,102.8,0.75,CLEAR(조향OFF)|STRAIGHT,,999.00,0.00,0.0,-1.5,4412
134.10,-7.686,-3.968,102.6,0.75,CLEAR(조향OFF)|STRAIGHT,,999.00,0.00,0.0,-1.6,4430
134.15,-7.711,-3.902,102.4,0.70,CLEAR(조향OFF)|STRAIGHT,,999.00,0.00,0.0,-1.4,4395
134.20,-7.711,-3.902,102.4,0.70,CLEAR(조향OFF)|STRAIGHT,,999.00,0.00,0.0,-1.4,4395
134.25,-7.728,-3.825,102.4,0.79,CLEAR(조향OFF)|STRAIGHT,,999.00,0.00,0.0,-1.5,4395
134.30,-7.728,-3.825,102.3,0.79,CLEAR(조향OFF)|STRAIGHT,,999.00,0.00,0.0,-1.5,4395
134.35,-7.748,-3.773,102.2,0.50,CLEAR(조향OFF)|STRAIGHT,,999.00,0.00,0.0,-1.4,4395
134.40,-7.748,-3.773,102.1,0.50,CLEAR(조향OFF)|STRAIGHT,,999.00,0.00,0.0,-0.6,4328
134.45,-7.768,-3.717,102.1,0.66,CLEAR(조향OFF)|STRAIGHT,,999.00,0.00,0.0,-0.6,4311
134.50,-7.768,-3.717,102.0,0.66,CLEAR(조향OFF)|STRAIGHT,,999.00,0.00,0.0,-0.6,4311
134.55,-7.781,-3.655,101.9,0.63,CLEAR(조향OFF)|STRAIGHT,,999.00,0.00,0.0,-0.6,4295
134.60,-7.781,-3.655,101.9,0.63,CLEAR(조향OFF)|STRAIGHT,,999.00,0.00,0.0,-0.6,4295
134.65,-7.797,-3.611,101.9,0.47,CLEAR(조향OFF)|STRAIGHT,,999.00,0.00,0.0,-0.5,4295
134.70,-7.797,-3.611,101.8,0.47,CLEAR(조향OFF)|STRAIGHT,,999.00,0.00,0.0,-0.5,4278
134.75,-7.815,-3.570,101.8,0.44,CLEAR(조향OFF)|STRAIGHT,,999.00,0.00,0.0,-0.5,4278
134.80,-7.815,-3.570,101.8,0.44,CLEAR(조향OFF)|STRAIGHT,,999.00,0.00,0.0,-0.5,4295
134.85,-7.823,-3.529,101.7,0.42,CLEAR(조향OFF)|STRAIGHT,,999.00,0.00,0.0,-0.5,4278
134.90,-7.823,-3.529,101.7,0.42,CLEAR(조향OFF)|STRAIGHT,,999.00,0.00,0.0,-0.5,4295
134.95,-7.839,-3.489,101.7,0.42,CLEAR(조향OFF)|STRAIGHT,,999.00,0.00,0.0,-0.5,4295
135.00,-7.839,-3.489,101.7,0.42,CLEAR(조향OFF)|STRAIGHT,,999.00,0.00,0.0,-0.5,4262
135.05,-7.854,-3.455,101.6,0.36,CLEAR(조향OFF)|STRAIGHT,,999.00,0.00,0.0,-0.5,4278
135.10,-7.854,-3.455,101.7,0.36,CLEAR(조향OFF)|STRAIGHT,,999.00,0.00,0.0,-0.5,4278
135.15,-7.859,-3.422,101.7,0.33,CLEAR(조향OFF)|STRAIGHT,,999.00,0.00,0.0,-0.6,4295
135.20,-7.859,-3.422,101.6,0.33,CLEAR(조향OFF)|STRAIGHT,,999.00,0.00,0.0,-0.6,4295
135.25,-7.865,-3.396,101.5,0.27,CLEAR(조향OFF)|STRAIGHT,,999.00,0.00,0.0,-0.5,4278
135.30,-7.865,-3.396,101.5,0.27,CLEAR(조향OFF)|STRAIGHT,,999.00,0.00,0.0,-0.6,4278
135.35,-7.872,-3.366,101.5,0.28,CLEAR(조향OFF)|STRAIGHT,,999.00,0.00,0.0,-0.6,4295
135.40,-7.872,-3.366,101.5,0.28,CLEAR(조향OFF)|STRAIGHT,,999.00,0.00,0.0,-0.5,4278
135.45,-7.885,-3.341,101.5,0.31,CLEAR(조향OFF)|STRAIGHT,,999.00,0.00,0.0,-0.6,4295
135.50,-7.885,-3.341,101.5,0.31,CLEAR(조향OFF)|STRAIGHT,,999.00,0.00,0.0,-0.5,4295
135.55,-7.893,-3.323,101.4,0.17,CLEAR(조향OFF)|STRAIGHT,,999.00,0.00,0.0,-0.5,4278
135.60,-7.893,-3.323,101.4,0.17,CLEAR(조향OFF)|STRAIGHT,,999.00,0.00,0.0,-0.5,4262
135.65,-7.896,-3.304,101.4,0.21,CLEAR(조향OFF)|STRAIGHT,,999.00,0.00,0.0,-0.5,4295
135.70,-7.896,-3.304,101.4,0.21,CLEAR(조향OFF)|STRAIGHT,,999.00,0.00,0.0,-0.5,4278
135.75,-7.902,-3.289,101.4,0.15,CLEAR(조향OFF)|STRAIGHT,,999.00,0.00,0.0,-0.4,4278
135.80,-7.902,-3.289,101.4,0.15,CLEAR(조향OFF)|STRAIGHT,,999.00,0.00,0.0,-0.5,4278
135.85,-7.904,-3.276,101.4,0.14,CLEAR(조향OFF)|STRAIGHT,,999.00,0.00,0.0,-0.5,4278
135.90,-7.904,-3.276,101.3,0.14,CLEAR(조향OFF)|STRAIGHT,,999.00,0.00,0.0,-0.6,4295
135.95,-7.907,-3.268,101.3,0.09,CLEAR(조향OFF)|STRAIGHT,,999.00,0.00,0.0,-0.6,4278
136.00,-7.907,-3.268,101.3,0.09,CLEAR(조향OFF)|STRAIGHT,,999.00,0.00,0.0,-0.6,4278
136.05,-7.909,-3.261,101.3,0.07,CLEAR(조향OFF)|STRAIGHT,,999.00,0.00,0.0,-0.5,4295
136.10,-7.909,-3.261,101.3,0.07,CLEAR(조향OFF)|STRAIGHT,,999.00,0.00,0.0,-0.5,4278
136.15,-7.911,-3.258,101.3,0.04,CLEAR(조향OFF)|STRAIGHT,,999.00,0.00,0.0,-0.6,4278
136.20,-7.911,-3.258,101.3,0.04,CLEAR(조향OFF)|STRAIGHT,,999.00,0.00,0.0,-0.6,4262
136.25,-7.910,-3.258,101.3,-0.00,CLEAR(조향OFF)|STRAIGHT,,999.00,0.00,0.0,-0.5,4278
136.30,-7.910,-3.258,101.3,-0.00,CLEAR(조향OFF)|STRAIGHT,,999.00,0.00,0.0,-0.6,4295
136.35,-7.911,-3.256,101.3,0.02,CLEAR(조향OFF)|STRAIGHT,,999.00,0.00,0.0,-0.5,4278
136.40,-7.911,-3.256,101.3,0.02,CLEAR(조향OFF)|STRAIGHT,,999.00,0.00,0.0,-0.5,4295
136.45,-7.911,-3.260,101.3,-0.04,CLEAR(조향OFF)|STRAIGHT,,999.00,0.00,0.0,-0.6,4278
136.50,-7.910,-3.261,101.3,-0.01,CLEAR(조향OFF)|STRAIGHT,,999.00,0.00,0.0,-0.6,4278
136.55,-7.910,-3.261,101.3,-0.01,CLEAR(조향OFF)|STRAIGHT,,999.00,0.00,0.0,-0.5,4278
136.60,-7.910,-3.260,101.3,0.00,CLEAR(조향OFF)|STRAIGHT,,999.00,0.00,0.0,-0.5,4278
136.65,-7.910,-3.260,101.3,0.00,CLEAR(조향OFF)|STRAIGHT,,999.00,0.00,0.0,-0.5,4278
136.70,-7.910,-3.260,101.3,0.00,CLEAR(조향OFF)|STRAIGHT,,999.00,0.00,0.0,-0.5,4278
136.75,-7.911,-3.260,101.3,0.00,CLEAR(조향OFF)|STRAIGHT,,999.00,0.00,0.0,-0.5,4278
136.80,-7.911,-3.260,101.3,0.00,CLEAR(조향OFF)|STRAIGHT,,999.00,0.00,0.0,-0.6,4278
136.85,-7.910,-3.259,101.3,0.01,CLEAR(조향OFF)|STRAIGHT,,999.00,0.00,0.0,-0.5,4278
136.90,-7.910,-3.259,101.3,0.01,CLEAR(조향OFF)|STRAIGHT,,999.00,0.00,0.0,-0.6,4278
136.95,-7.910,-3.259,101.3,0.00,CLEAR(조향OFF)|STRAIGHT,,999.00,0.00,0.0,-0.6,4278
137.00,-7.910,-3.259,101.3,0.00,CLEAR(조향OFF)|STRAIGHT,,999.00,0.00,0.0,-0.5,4278
137.05,-7.909,-3.259,101.3,-0.00,CLEAR(조향OFF)|STRAIGHT,,999.00,0.00,0.0,-0.5,4295
137.10,-7.909,-3.259,101.3,-0.00,CLEAR(조향OFF)|STRAIGHT,,999.00,0.00,0.0,-0.5,4278
137.15,-7.910,-3.258,101.3,0.01,CLEAR(조향OFF)|STRAIGHT,,999.00,0.00,0.0,-0.5,4278
137.20,-7.910,-3.258,101.3,0.01,CLEAR(조향OFF)|STRAIGHT,,999.00,0.00,0.0,-0.4,4278
137.25,-7.910,-3.260,101.3,-0.02,CLEAR(조향OFF)|STRAIGHT,,999.00,0.00,0.0,-0.6,4295
137.30,-7.910,-3.260,101.3,-0.02,CLEAR(조향OFF)|STRAIGHT,,999.00,0.00,0.0,-0.5,4278
137.35,-7.908,-3.258,101.3,0.01,CLEAR(조향OFF)|STRAIGHT,,999.00,0.00,0.0,-0.5,4295
137.40,-7.908,-3.258,101.3,0.01,CLEAR(조향OFF)|STRAIGHT,,999.00,0.00,0.0,-0.5,4295
137.45,-7.910,-3.258,101.3,0.01,CLEAR(조향OFF)|STRAIGHT,,999.00,0.00,0.0,-0.6,4278
137.50,-7.910,-3.258,101.3,0.01,CLEAR(조향OFF)|STRAIGHT,,999.00,0.00,0.0,-0.4,4278
137.55,-7.911,-3.258,101.2,-0.00,CLEAR(조향OFF)|STRAIGHT,,999.00,0.00,0.0,-0.5,4278
137.60,-7.911,-3.258,101.2,-0.00,CLEAR(조향OFF)|STRAIGHT,,999.00,0.00,0.0,-0.5,4278
137.65,-7.909,-3.257,101.3,0.01,CLEAR(조향OFF)|STRAIGHT,,999.00,0.00,0.0,-0.5,4295
137.70,-7.909,-3.257,101.3,0.01,CLEAR(조향OFF)|STRAIGHT,,999.00,0.00,0.0,-0.6,4295
137.75,-7.911,-3.255,101.2,0.02,CLEAR(조향OFF)|STRAIGHT,,999.00,0.00,0.0,-0.5,4278
137.80,-7.911,-3.255,101.2,0.02,CLEAR(조향OFF)|STRAIGHT,,999.00,0.00,0.0,-0.5,4295
137.85,-7.912,-3.254,101.2,0.01,CLEAR(조향OFF)|STRAIGHT,,999.00,0.00,0.0,-0.5,4295
137.90,-7.912,-3.254,101.2,0.01,CLEAR(조향OFF)|STRAIGHT,,999.00,0.00,0.0,-0.5,4278
137.95,-7.911,-3.253,101.2,0.01,CLEAR(조향OFF)|STRAIGHT,,999.00,0.00,0.0,-0.5,4278
138.00,-7.911,-3.253,101.2,0.01,CLEAR(조향OFF)|STRAIGHT,,999.00,0.00,0.0,-0.6,4295
138.05,-7.910,-3.257,101.2,-0.04,CLEAR(조향OFF)|STRAIGHT,,999.00,0.00,0.0,-0.5,4278
138.10,-7.910,-3.257,101.2,-0.04,CLEAR(조향OFF)|STRAIGHT,,999.00,0.00,0.0,-0.5,4295
138.15,-7.911,-3.255,101.2,0.02,CLEAR(조향OFF)|STRAIGHT,,999.00,0.00,0.0,-0.5,4278
138.20,-7.911,-3.255,101.2,0.02,CLEAR(조향OFF)|STRAIGHT,,999.00,0.00,0.0,-0.5,4278
138.25,-7.910,-3.255,101.2,-0.00,CLEAR(조향OFF)|STRAIGHT,,999.00,0.00,0.0,-0.5,4278
138.30,-7.910,-3.255,101.2,-0.00,CLEAR(조향OFF)|STRAIGHT,,999.00,0.00,0.0,-0.5,4295
138.35,-7.911,-3.257,101.2,-0.02,CLEAR(조향OFF)|STRAIGHT,,999.00,0.00,0.0,-0.6,4295
138.40,-7.911,-3.257,101.2,-0.02,CLEAR(조향OFF)|STRAIGHT,,999.00,0.00,0.0,-0.5,4278
138.45,-7.909,-3.256,101.2,0.01,CLEAR(조향OFF)|STRAIGHT,,999.00,0.00,0.0,-0.5,4295
138.50,-7.911,-3.255,101.2,0.02,CLEAR(조향OFF)|STRAIGHT,,999.00,0.00,0.0,-0.5,4278
138.55,-7.911,-3.255,101.2,0.02,CLEAR(조향OFF)|STRAIGHT,,999.00,0.00,0.0,-0.5,4278
138.60,-7.911,-3.255,101.2,0.02,CLEAR(조향OFF)|STRAIGHT,,999.00,0.00,0.0,-0.5,4278
138.65,-7.911,-3.256,101.2,-0.01,CLEAR(조향OFF)|STRAIGHT,,999.00,0.00,0.0,-0.6,4295
138.70,-7.911,-3.256,101.2,-0.01,CLEAR(조향OFF)|STRAIGHT,,999.00,0.00,0.0,-0.5,4278
138.75,-7.911,-3.255,101.2,0.00,CLEAR(조향OFF)|STRAIGHT,,999.00,0.00,0.0,-0.5,4278
138.80,-7.911,-3.255,101.2,0.00,CLEAR(조향OFF)|STRAIGHT,,999.00,0.00,0.0,-0.6,4295
138.85,-7.911,-3.257,101.2,-0.02,CLEAR(조향OFF)|STRAIGHT,,999.00,0.00,0.0,-0.5,4278
138.90,-7.911,-3.257,101.2,-0.02,CLEAR(조향OFF)|STRAIGHT,,999.00,0.00,0.0,-0.6,4295
138.95,-7.911,-3.255,101.2,0.02,CLEAR(조향OFF)|STRAIGHT,,999.00,0.00,0.0,-0.5,4295
139.00,-7.911,-3.255,101.2,0.02,CLEAR(조향OFF)|STRAIGHT,,999.00,0.00,0.0,-0.5,4278
139.05,-7.911,-3.255,101.2,-0.00,CLEAR(조향OFF)|STRAIGHT,,999.00,0.00,0.0,-0.5,4278
139.10,-7.911,-3.255,101.2,-0.00,CLEAR(조향OFF)|STRAIGHT,,999.00,0.00,0.0,-0.6,4295
139.15,-7.911,-3.257,101.2,-0.02,CLEAR(조향OFF)|STRAIGHT,,999.00,0.00,0.0,-0.5,4278
139.20,-7.911,-3.257,101.2,-0.02,CLEAR(조향OFF)|STRAIGHT,,999.00,0.00,0.0,-0.5,4295
139.25,-7.912,-3.258,101.2,-0.01,CLEAR(조향OFF)|STRAIGHT,,999.00,0.00,0.0,-0.4,4295
139.30,-7.912,-3.258,101.2,-0.01,CLEAR(조향OFF)|STRAIGHT,,999.00,0.00,0.0,-0.6,4295
139.35,-7.911,-3.258,101.2,-0.00,CLEAR(조향OFF)|STRAIGHT,,999.00,0.00,0.0,-0.5,4278
139.40,-7.911,-3.258,101.2,-0.00,CLEAR(조향OFF)|STRAIGHT,,999.00,0.00,0.0,-0.5,4295
139.45,-7.911,-3.258,101.2,-0.00,CLEAR(조향OFF)|STRAIGHT,,999.00,0.00,0.0,-0.5,4278
139.50,-7.911,-3.258,101.2,-0.00,CLEAR(조향OFF)|STRAIGHT,,999.00,0.00,0.0,-0.5,4295
139.55,-7.912,-3.258,101.1,0.00,CLEAR(조향OFF)|STRAIGHT,,999.00,0.00,0.0,-0.5,4278
139.60,-7.912,-3.258,101.1,0.00,CLEAR(조향OFF)|STRAIGHT,,999.00,0.00,0.0,-0.5,4295
139.65,-7.912,-3.258,101.1,-0.01,CLEAR(조향OFF)|STRAIGHT,,999.00,0.00,0.0,-0.5,4295
139.70,-7.911,-3.257,101.1,0.01,CLEAR(조향OFF)|STRAIGHT,,999.00,0.00,0.0,-0.5,4295
139.75,-7.911,-3.257,101.1,0.01,CLEAR(조향OFF)|STRAIGHT,,999.00,0.00,0.0,-0.5,4295
139.80,-7.912,-3.259,101.1,-0.02,CLEAR(조향OFF)|STRAIGHT,,999.00,0.00,0.0,-0.5,4278
139.85,-7.912,-3.259,101.1,-0.02,CLEAR(조향OFF)|STRAIGHT,,999.00,0.00,0.0,-0.5,4278
139.90,-7.912,-3.259,101.1,-0.02,CLEAR(조향OFF)|STRAIGHT,,999.00,0.00,0.0,-0.5,4295
139.95,-7.910,-3.257,101.1,0.02,CLEAR(조향OFF)|STRAIGHT,,999.00,0.00,0.0,-0.5,4295
140.00,-7.910,-3.257,101.1,0.02,CLEAR(조향OFF)|STRAIGHT,,999.00,0.00,0.0,-0.6,4295
140.05,-7.909,-3.256,101.1,0.01,CLEAR(조향OFF)|STRAIGHT,,999.00,0.00,0.0,-0.5,4278
140.10,-7.909,-3.256,101.1,0.01,CLEAR(조향OFF)|STRAIGHT,,999.00,0.00,0.0,-0.5,4295
140.15,-7.911,-3.258,101.1,-0.01,CLEAR(조향OFF)|STRAIGHT,,999.00,0.00,0.0,-0.5,4278
140.20,-7.911,-3.258,101.1,-0.01,CLEAR(조향OFF)|STRAIGHT,,999.00,0.00,0.0,-0.5,4311
140.25,-7.909,-3.256,101.1,0.02,CLEAR(조향OFF)|STRAIGHT,,999.00,0.00,0.0,-0.6,4311
140.30,-7.909,-3.256,101.1,0.02,CLEAR(조향OFF)|STRAIGHT,,999.00,0.00,0.0,-0.6,4278
140.35,-7.911,-3.257,101.1,-0.00,CLEAR(조향OFF)|STRAIGHT,,999.00,0.00,0.0,-0.5,4278
140.40,-7.911,-3.257,101.1,-0.00,CLEAR(조향OFF)|STRAIGHT,,999.00,0.00,0.0,-0.5,4295
140.45,-7.911,-3.256,101.1,0.00,CLEAR(조향OFF)|STRAIGHT,,999.00,0.00,0.0,-0.5,4278
140.50,-7.911,-3.256,101.1,0.00,CLEAR(조향OFF)|STRAIGHT,,999.00,0.00,0.0,-0.4,4311
140.55,-7.911,-3.256,101.1,-0.00,CLEAR(조향OFF)|STRAIGHT,,999.00,0.00,0.0,-0.6,4278
140.60,-7.911,-3.256,101.1,-0.00,CLEAR(조향OFF)|STRAIGHT,,999.00,0.00,0.0,-0.6,4295
140.65,-7.911,-3.253,101.1,0.03,CLEAR(조향OFF)|STRAIGHT,,999.00,0.00,0.0,-0.5,4295
140.70,-7.911,-3.253,101.1,0.03,CLEAR(조향OFF)|STRAIGHT,,999.00,0.00,0.0,-0.5,4295
140.75,-7.909,-3.254,101.1,-0.01,CLEAR(조향OFF)|STRAIGHT,,999.00,0.00,0.0,-0.5,4278
140.80,-7.909,-3.254,101.1,-0.01,CLEAR(조향OFF)|STRAIGHT,,999.00,0.00,0.0,-0.5,4295
140.85,-7.909,-3.253,101.1,0.01,CLEAR(조향OFF)|STRAIGHT,,999.00,0.00,0.0,-0.6,4295
140.90,-7.909,-3.253,101.1,0.01,CLEAR(조향OFF)|STRAIGHT,,999.00,0.00,0.0,-0.6,4295
140.95,-7.911,-3.253,101.1,-0.00,CLEAR(조향OFF)|STRAIGHT,,999.00,0.00,0.0,-0.5,4295
141.00,-7.911,-3.253,101.1,-0.00,CLEAR(조향OFF)|STRAIGHT,,999.00,0.00,0.0,-0.5,4295
141.05,-7.909,-3.257,101.1,-0.04,CLEAR(조향OFF)|STRAIGHT,,999.00,0.00,0.0,-0.5,4278
141.10,-7.909,-3.257,101.1,-0.04,CLEAR(조향OFF)|STRAIGHT,,999.00,0.00,0.0,-0.5,4295
141.15,-7.908,-3.255,101.1,0.02,CLEAR(조향OFF)|STRAIGHT,,999.00,0.00,0.0,-0.6,4278
141.20,-7.908,-3.255,101.1,0.02,CLEAR(조향OFF)|STRAIGHT,,999.00,0.00,0.0,-0.5,4295
141.25,-7.910,-3.258,101.1,-0.03,CLEAR(조향OFF)|STRAIGHT,,999.00,0.00,0.0,-0.5,4295
141.30,-7.910,-3.258,101.1,-0.03,CLEAR(조향OFF)|STRAIGHT,,999.00,0.00,0.0,-0.5,4278
141.35,-7.908,-3.254,101.1,0.03,CLEAR(조향OFF)|STRAIGHT,,999.00,0.00,0.0,-0.5,4278
141.40,-7.908,-3.254,101.1,0.03,CLEAR(조향OFF)|STRAIGHT,,999.00,0.00,0.0,-0.5,4278
141.45,-7.909,-3.255,101.1,-0.01,CLEAR(조향OFF)|STRAIGHT,,999.00,0.00,0.0,-0.5,4278
141.50,-7.909,-3.255,101.0,-0.01,CLEAR(조향OFF)|STRAIGHT,,999.00,0.00,0.0,-0.5,4295
141.55,-7.909,-3.257,101.0,-0.01,CLEAR(조향OFF)|STRAIGHT,,999.00,0.00,0.0,-0.5,4278
141.60,-7.909,-3.257,101.0,-0.01,CLEAR(조향OFF)|STRAIGHT,,999.00,0.00,0.0,-0.5,4295
141.65,-7.908,-3.255,101.0,0.01,CLEAR(조향OFF)|STRAIGHT,,999.00,0.00,0.0,-0.5,4295
141.70,-7.908,-3.255,101.0,0.01,CLEAR(조향OFF)|STRAIGHT,,999.00,0.00,0.0,-0.5,4278
141.75,-7.910,-3.256,101.0,-0.00,CLEAR(조향OFF)|STRAIGHT,,999.00,0.00,0.0,-0.5,4295
141.80,-7.910,-3.256,101.0,-0.00,CLEAR(조향OFF)|STRAIGHT,,999.00,0.00,0.0,-0.5,4295
141.85,-7.909,-3.255,101.0,0.01,CLEAR(조향OFF)|STRAIGHT,,999.00,0.00,0.0,-0.5,4278
141.90,-7.909,-3.255,101.0,0.01,CLEAR(조향OFF)|STRAIGHT,,999.00,0.00,0.0,-0.5,4278
141.95,-7.908,-3.253,101.0,0.01,CLEAR(조향OFF)|STRAIGHT,,999.00,0.00,0.0,-0.5,4295
142.00,-7.908,-3.253,101.0,0.01,CLEAR(조향OFF)|STRAIGHT,,999.00,0.00,0.0,-0.6,4278
142.05,-7.910,-3.256,101.0,-0.03,CLEAR(조향OFF)|STRAIGHT,,999.00,0.00,0.0,-0.5,4295
142.10,-7.910,-3.256,101.0,-0.03,CLEAR(조향OFF)|STRAIGHT,,999.00,0.00,0.0,-0.4,4295
142.15,-7.910,-3.256,101.0,-0.00,CLEAR(조향OFF)|STRAIGHT,,999.00,0.00,0.0,-0.5,4295
142.20,-7.910,-3.256,101.0,-0.00,CLEAR(조향OFF)|STRAIGHT,,999.00,0.00,0.0,-0.6,4278
142.25,-7.908,-3.255,101.0,0.01,CLEAR(조향OFF)|STRAIGHT,,999.00,0.00,0.0,-0.5,4295
142.30,-7.908,-3.255,101.0,0.01,CLEAR(조향OFF)|STRAIGHT,,999.00,0.00,0.0,-0.5,4295
142.35,-7.908,-3.255,101.0,-0.00,CLEAR(조향OFF)|STRAIGHT,,999.00,0.00,0.0,-0.5,4295
142.40,-7.908,-3.255,101.0,-0.00,CLEAR(조향OFF)|STRAIGHT,,999.00,0.00,0.0,-0.5,4295
142.45,-7.910,-3.255,101.0,0.00,CLEAR(조향OFF)|STRAIGHT,,999.00,0.00,0.0,-0.5,4278
142.50,-7.910,-3.255,101.0,0.00,CLEAR(조향OFF)|STRAIGHT,,999.00,0.00,0.0,-0.5,4295
142.55,-7.908,-3.254,101.0,0.01,CLEAR(조향OFF)|STRAIGHT,,999.00,0.00,0.0,-0.5,4295
142.60,-7.908,-3.254,101.0,0.01,CLEAR(조향OFF)|STRAIGHT,,999.00,0.00,0.0,-0.5,4295
142.65,-7.910,-3.256,101.0,-0.02,CLEAR(조향OFF)|STRAIGHT,,999.00,0.00,0.0,-0.5,4278
142.70,-7.910,-3.256,101.0,-0.02,CLEAR(조향OFF)|STRAIGHT,,999.00,0.00,0.0,-0.5,4311
142.75,-7.910,-3.254,101.0,0.01,CLEAR(조향OFF)|STRAIGHT,,999.00,0.00,0.0,-0.5,4278
142.80,-7.910,-3.254,101.0,0.01,CLEAR(조향OFF)|STRAIGHT,,999.00,0.00,0.0,-0.5,4278
142.85,-7.909,-3.257,101.0,-0.03,CLEAR(조향OFF)|STRAIGHT,,999.00,0.00,0.0,-0.5,4278
142.90,-7.909,-3.257,101.0,-0.03,CLEAR(조향OFF)|STRAIGHT,,999.00,0.00,0.0,-0.5,4278
142.95,-7.909,-3.255,101.0,0.01,CLEAR(조향OFF)|STRAIGHT,,999.00,0.00,0.0,-0.5,4295
143.00,-7.909,-3.255,101.0,0.01,CLEAR(조향OFF)|STRAIGHT,,999.00,0.00,0.0,-0.6,4295
143.05,-7.908,-3.256,101.0,-0.01,CLEAR(조향OFF)|STRAIGHT,,999.00,0.00,0.0,-0.5,4295
143.10,-7.908,-3.256,101.0,-0.01,CLEAR(조향OFF)|STRAIGHT,,999.00,0.00,0.0,-0.5,4295
143.15,-7.909,-3.258,101.0,-0.01,CLEAR(조향OFF)|STRAIGHT,,999.00,0.00,0.0,-0.5,4278
143.20,-7.909,-3.258,100.9,-0.01,CLEAR(조향OFF)|STRAIGHT,,999.00,0.00,0.0,-0.5,4295
143.25,-7.908,-3.256,100.9,0.01,CLEAR(조향OFF)|STRAIGHT,,999.00,0.00,0.0,-0.6,4278
143.30,-7.908,-3.256,100.9,0.01,CLEAR(조향OFF)|STRAIGHT,,999.00,0.00,0.0,-0.5,4278
143.35,-7.909,-3.256,100.9,0.00,CLEAR(조향OFF)|STRAIGHT,,999.00,0.00,0.0,-0.5,4278
143.40,-7.909,-3.256,100.9,0.00,CLEAR(조향OFF)|STRAIGHT,,999.00,0.00,0.0,-0.5,4295
143.45,-7.910,-3.259,100.9,-0.03,CLEAR(조향OFF)|STRAIGHT,,999.00,0.00,0.0,-0.5,4278
143.50,-7.910,-3.259,100.9,-0.03,CLEAR(조향OFF)|STRAIGHT,,999.00,0.00,0.0,-0.6,4295
143.55,-7.909,-3.258,100.9,0.00,CLEAR(조향OFF)|STRAIGHT,,999.00,0.00,0.0,-0.5,4311
143.60,-7.909,-3.258,100.9,0.00,CLEAR(조향OFF)|STRAIGHT,,999.00,0.00,0.0,-0.5,4262
143.65,-7.911,-3.257,100.9,0.01,CLEAR(조향OFF)|STRAIGHT,,999.00,0.00,0.0,-0.5,4295
143.70,-7.911,-3.257,100.9,0.01,CLEAR(조향OFF)|STRAIGHT,,999.00,0.00,0.0,-0.5,4295
143.75,-7.909,-3.258,100.9,-0.01,CLEAR(조향OFF)|STRAIGHT,,999.00,0.00,0.0,-0.5,4278
143.80,-7.909,-3.258,100.9,-0.01,CLEAR(조향OFF)|STRAIGHT,,999.00,0.00,0.0,-0.5,4278
143.85,-7.906,-3.254,100.9,0.04,CLEAR(조향OFF)|STRAIGHT,,999.00,0.00,0.0,-0.5,4295
143.90,-7.906,-3.254,100.9,0.04,CLEAR(조향OFF)|STRAIGHT,,999.00,0.00,0.0,-0.5,4278
143.95,-7.904,-3.251,100.9,0.02,CLEAR(조향OFF)|STRAIGHT,,999.00,0.00,0.0,-0.5,4278
144.00,-7.904,-3.251,100.9,0.02,CLEAR(조향OFF)|STRAIGHT,,999.00,0.00,0.0,-0.5,4278
144.05,-7.903,-3.253,100.9,-0.02,CLEAR(조향OFF)|STRAIGHT,,999.00,0.00,0.0,-0.5,4295
144.10,-7.903,-3.253,100.9,-0.02,CLEAR(조향OFF)|STRAIGHT,,999.00,0.00,0.0,-0.5,4295
144.15,-7.907,-3.256,100.9,-0.02,CLEAR(조향OFF)|STRAIGHT,,999.00,0.00,0.0,-0.6,4295
144.20,-7.907,-3.256,100.9,-0.02,CLEAR(조향OFF)|STRAIGHT,,999.00,0.00,0.0,-0.6,4295
144.25,-7.910,-3.255,100.9,0.02,CLEAR(조향OFF)|STRAIGHT,,999.00,0.00,0.0,-0.6,4295
144.30,-7.910,-3.255,100.9,0.02,CLEAR(조향OFF)|STRAIGHT,,999.00,0.00,0.0,-0.5,4295
144.35,-7.911,-3.253,100.9,0.01,CLEAR(조향OFF)|STRAIGHT,,999.00,0.00,0.0,-0.5,4295
144.40,-7.911,-3.253,100.9,0.01,CLEAR(조향OFF)|STRAIGHT,,999.00,0.00,0.0,-0.6,4295
144.45,-7.914,-3.255,100.9,-0.02,CLEAR(조향OFF)|STRAIGHT,,999.00,0.00,0.0,-0.5,4295
144.50,-7.914,-3.255,100.9,-0.02,CLEAR(조향OFF)|STRAIGHT,,999.00,0.00,0.0,-0.6,4295
144.55,-7.915,-3.257,100.9,-0.01,CLEAR(조향OFF)|STRAIGHT,,999.00,0.00,0.0,-0.5,4295
144.60,-7.915,-3.257,100.9,-0.01,CLEAR(조향OFF)|STRAIGHT,,999.00,0.00,0.0,-0.5,4278
144.65,-7.913,-3.252,100.9,0.04,CLEAR(조향OFF)|STRAIGHT,,999.00,0.00,0.0,-0.5,4295
144.70,-7.913,-3.252,100.9,0.04,CLEAR(조향OFF)|STRAIGHT,,999.00,0.00,0.0,-0.5,4278
144.75,-7.912,-3.254,100.9,-0.02,CLEAR(조향OFF)|STRAIGHT,,999.00,0.00,0.0,-0.5,4295
144.80,-7.912,-3.254,100.9,-0.02,CLEAR(조향OFF)|STRAIGHT,,999.00,0.00,0.0,-0.5,4295
144.85,-7.912,-3.253,100.9,0.01,CLEAR(조향OFF)|STRAIGHT,,999.00,0.00,0.0,-0.5,4295
144.90,-7.912,-3.253,100.9,0.01,CLEAR(조향OFF)|STRAIGHT,,999.00,0.00,0.0,-0.5,4278
144.95,-7.912,-3.257,100.9,-0.04,CLEAR(조향OFF)|STRAIGHT,,999.00,0.00,0.0,-0.5,4295
145.00,-7.912,-3.257,100.9,-0.04,CLEAR(조향OFF)|STRAIGHT,,999.00,0.00,0.0,-0.6,4295
145.05,-7.906,-3.254,100.9,0.02,CLEAR(조향OFF)|STRAIGHT,,999.00,0.00,0.0,-0.5,4278
145.10,-7.906,-3.254,100.8,0.02,CLEAR(조향OFF)|STRAIGHT,,999.00,0.00,0.0,-0.5,4311
145.15,-7.912,-3.255,100.8,0.00,CLEAR(조향OFF)|STRAIGHT,,999.00,0.00,0.0,-0.5,4278
145.20,-7.912,-3.255,100.8,0.00,CLEAR(조향OFF)|STRAIGHT,,999.00,0.00,0.0,-0.5,4311
145.25,-7.910,-3.257,100.8,-0.03,CLEAR(조향OFF)|STRAIGHT,,999.00,0.00,0.0,-0.5,4311
145.30,-7.910,-3.257,100.8,-0.03,CLEAR(조향OFF)|STRAIGHT,,999.00,0.00,0.0,-0.5,4295
145.35,-7.911,-3.254,100.8,0.03,CLEAR(조향OFF)|STRAIGHT,,999.00,0.00,0.0,-0.6,4295
145.40,-7.911,-3.254,100.8,0.03,CLEAR(조향OFF)|STRAIGHT,,999.00,0.00,0.0,-0.5,4295
145.45,-7.910,-3.255,100.8,-0.02,CLEAR(조향OFF)|STRAIGHT,,999.00,0.00,0.0,-0.5,4295
145.50,-7.910,-3.255,100.8,-0.02,CLEAR(조향OFF)|STRAIGHT,,999.00,0.00,0.0,-0.6,4311
145.55,-7.909,-3.256,100.8,-0.00,CLEAR(조향OFF)|STRAIGHT,,999.00,0.00,0.0,-0.6,4278
145.60,-7.909,-3.256,100.8,-0.00,CLEAR(조향OFF)|STRAIGHT,,999.00,0.00,0.0,-0.5,4311
145.65,-7.909,-3.255,100.8,0.01,CLEAR(조향OFF)|STRAIGHT,,999.00,0.00,0.0,-0.6,4295
145.70,-7.909,-3.255,100.8,0.01,CLEAR(조향OFF)|STRAIGHT,,999.00,0.00,0.0,-0.5,4295
145.75,-7.910,-3.256,100.8,-0.01,CLEAR(조향OFF)|STRAIGHT,,999.00,0.00,0.0,-0.5,4295
145.80,-7.910,-3.256,100.8,-0.01,CLEAR(조향OFF)|STRAIGHT,,999.00,0.00,0.0,-0.6,4295
145.85,-7.910,-3.255,100.8,0.01,CLEAR(조향OFF)|STRAIGHT,,999.00,0.00,0.0,-0.6,4295
145.90,-7.910,-3.255,100.8,0.01,CLEAR(조향OFF)|STRAIGHT,,999.00,0.00,0.0,-0.5,4295
145.95,-7.911,-3.255,100.8,0.01,CLEAR(조향OFF)|STRAIGHT,,999.00,0.00,0.0,-0.5,4278
146.00,-7.911,-3.255,100.8,0.01,CLEAR(조향OFF)|STRAIGHT,,999.00,0.00,0.0,-0.5,4295
146.05,-7.911,-3.256,100.8,-0.01,CLEAR(조향OFF)|STRAIGHT,,999.00,0.00,0.0,-0.5,4295
146.10,-7.911,-3.256,100.8,-0.01,CLEAR(조향OFF)|STRAIGHT,,999.00,0.00,0.0,-0.5,4295
146.15,-7.911,-3.256,100.8,0.01,CLEAR(조향OFF)|STRAIGHT,,999.00,0.00,0.0,-0.5,4295
146.20,-7.911,-3.256,100.8,0.01,CLEAR(조향OFF)|STRAIGHT,,999.00,0.00,0.0,-0.5,4295
146.25,-7.910,-3.256,100.8,-0.01,CLEAR(조향OFF)|STRAIGHT,,999.00,0.00,0.0,-0.6,4295
146.30,-7.910,-3.256,100.8,-0.01,CLEAR(조향OFF)|STRAIGHT,,999.00,0.00,0.0,-0.5,4295
146.35,-7.911,-3.255,100.8,0.02,CLEAR(조향OFF)|STRAIGHT,,999.00,0.00,0.0,-0.5,4311
146.40,-7.911,-3.255,100.8,0.02,CLEAR(조향OFF)|STRAIGHT,,999.00,0.00,0.0,-0.4,4295
146.45,-7.910,-3.254,100.8,0.00,AVOID(조향OFF)|STRAIGHT,,8.00,0.00,0.0,-0.5,4278
146.50,-7.910,-3.254,100.8,0.00,AVOID(조향OFF)|STRAIGHT,,8.00,0.00,0.0,-0.5,4311
146.55,-7.909,-3.255,100.8,-0.01,AVOID(조향OFF)|STRAIGHT,,8.00,0.00,0.0,-0.5,4295
146.60,-7.909,-3.255,100.8,-0.01,AVOID(조향OFF)|STRAIGHT,,8.00,0.00,0.0,-0.6,4295
146.65,-7.908,-3.257,100.8,-0.02,AVOID(조향OFF)|STRAIGHT,,8.00,0.00,0.0,-0.5,4295
146.70,-7.908,-3.257,100.8,-0.02,AVOID(조향OFF)|STRAIGHT,,8.00,0.00,0.0,-0.5,4311
146.75,-7.910,-3.255,100.8,0.02,AVOID(조향OFF)|STRAIGHT,,8.00,0.00,0.0,-0.5,4295
146.80,-7.910,-3.255,100.8,0.02,AVOID(조향OFF)|STRAIGHT,,8.00,0.00,0.0,-0.6,4311
146.85,-7.910,-3.255,100.8,0.01,AVOID(조향OFF)|STRAIGHT,,8.00,0.00,0.0,-0.6,4295
146.90,-7.910,-3.255,100.8,0.01,AVOID(조향OFF)|STRAIGHT,,8.00,0.00,0.0,-0.6,4295
146.95,-7.909,-3.256,100.8,-0.01,AVOID(조향OFF)|STRAIGHT,,8.00,0.00,0.0,-0.5,4295
147.00,-7.909,-3.256,100.7,-0.01,AVOID(조향OFF)|STRAIGHT,,8.00,0.00,0.0,-0.5,4311
147.05,-7.911,-3.258,100.7,-0.02,AVOID(조향OFF)|STRAIGHT,,8.00,0.00,0.0,-0.5,4278
147.10,-7.911,-3.258,100.8,-0.02,AVOID(조향OFF)|STRAIGHT,,8.00,0.00,0.0,-0.5,4295
147.15,-7.910,-3.255,100.8,0.02,AVOID(조향OFF)|RIGHT,,8.00,0.00,0.0,-0.6,4295
147.20,-7.910,-3.255,100.7,0.02,AVOID(조향OFF)|RIGHT,,8.00,0.00,0.0,-0.6,4295
147.25,-7.910,-3.257,100.7,-0.01,AVOID(조향OFF)|RIGHT,,8.00,0.00,0.0,-0.4,4295
147.30,-7.910,-3.257,100.7,-0.01,AVOID(조향OFF)|RIGHT,,8.00,0.00,0.0,-0.5,4295
147.35,-7.910,-3.256,100.7,0.01,AVOID(조향OFF)|RIGHT,,8.00,0.00,0.0,-0.4,4278
147.40,-7.910,-3.256,100.7,0.01,AVOID(조향OFF)|RIGHT,,8.00,0.00,0.0,-0.5,4311
147.45,-7.909,-3.254,100.7,0.02,BLOCKED(조향OFF)|STOP,,0.87,0.00,0.0,-0.5,4295
147.50,-7.909,-3.254,100.7,0.02,BLOCKED(조향OFF)|STOP,,0.87,0.00,0.0,-0.5,4295
147.55,-7.909,-3.255,100.7,-0.01,BLOCKED(조향OFF)|STOP,,0.87,0.00,0.0,-0.5,4278
147.60,-7.909,-3.255,100.7,-0.01,BLOCKED(조향OFF)|STOP,,0.82,0.00,0.0,-0.5,4278
147.65,-7.911,-3.255,100.7,0.00,BLOCKED(조향OFF)|STOP,,0.82,0.00,0.0,-0.5,4278
147.70,-7.911,-3.255,100.7,0.00,BLOCKED(조향OFF)|STOP,,0.80,0.00,0.0,-0.5,4295
147.75,-7.910,-3.253,100.7,0.02,BLOCKED(조향OFF)|STOP,,0.80,0.00,0.0,-0.5,4278
147.80,-7.910,-3.253,100.7,0.02,BLOCKED(조향OFF)|STOP,,0.77,0.00,0.0,-0.5,4295
147.85,-7.908,-3.254,100.7,-0.01,BLOCKED(조향OFF)|STOP,,0.77,0.00,0.0,-0.5,4278
147.90,-7.908,-3.254,100.7,-0.01,BLOCKED(조향OFF)|STOP,,0.80,0.00,0.0,-0.5,4295
147.95,-7.910,-3.255,100.7,-0.01,BLOCKED(조향OFF)|STOP,,0.76,0.00,0.0,-0.5,4295
148.00,-7.910,-3.255,100.7,-0.01,BLOCKED(조향OFF)|STOP,,0.76,0.00,0.0,-0.5,4295
148.05,-7.909,-3.253,100.7,0.02,BLOCKED(조향OFF)|STOP,,0.73,0.00,0.0,-0.5,4295
148.10,-7.909,-3.253,100.7,0.02,BLOCKED(조향OFF)|STOP,,0.73,0.00,0.0,-0.5,4278
148.15,-7.909,-3.254,100.7,-0.01,BLOCKED(조향OFF)|STOP,,0.70,0.00,0.0,-0.5,4295
148.20,-7.909,-3.254,100.7,-0.01,BLOCKED(조향OFF)|STOP,,0.70,0.00,0.0,-0.6,4295
148.25,-7.908,-3.253,100.7,0.01,BLOCKED(조향OFF)|STOP,,0.63,0.00,0.0,-0.5,4295
148.30,-7.908,-3.253,100.7,0.01,BLOCKED(조향OFF)|STOP,,0.63,0.00,0.0,-0.5,4295
148.35,-7.910,-3.254,100.7,-0.00,BLOCKED(조향OFF)|STOP,,0.63,0.00,0.0,-0.5,4295
148.40,-7.910,-3.254,100.7,-0.00,BLOCKED(조향OFF)|STOP,,0.53,0.00,0.0,-0.6,4278
148.45,-7.910,-3.255,100.7,-0.01,BLOCKED(조향OFF)|STOP,,0.53,0.00,0.0,-0.5,4311
148.50,-7.910,-3.255,100.7,-0.01,BLOCKED(조향OFF)|STOP,,0.65,0.00,0.0,-0.6,4278
148.55,-7.908,-3.254,100.7,0.01,BLOCKED(조향OFF)|STOP,,0.65,0.00,0.0,-0.6,4295
148.60,-7.908,-3.254,100.7,0.01,BLOCKED(조향OFF)|STOP,,0.61,0.00,0.0,-0.5,4295
148.65,-7.907,-3.253,100.7,0.02,BLOCKED(조향OFF)|STOP,,0.61,0.00,0.0,-0.5,4295
148.70,-7.907,-3.253,100.7,0.02,BLOCKED(조향OFF)|STOP,,0.65,0.00,0.0,-0.5,4278
148.75,-7.909,-3.251,100.7,0.02,BLOCKED(조향OFF)|STOP,,0.65,0.00,0.0,-0.5,4295
148.80,-7.909,-3.251,100.7,0.02,BLOCKED(조향OFF)|STOP,,0.76,0.00,0.0,-0.5,4278
148.85,-7.909,-3.254,100.7,-0.03,BLOCKED(조향OFF)|STOP,,0.77,0.00,0.0,-0.5,4278
148.90,-7.909,-3.254,100.7,-0.03,BLOCKED(조향OFF)|STOP,,0.77,0.00,0.0,-0.5,4278
148.95,-7.909,-3.254,100.7,-0.00,BLOCKED(조향OFF)|STOP,,0.78,0.00,0.0,-0.5,4295
149.00,-7.909,-3.254,100.7,-0.00,BLOCKED(조향OFF)|STOP,,0.78,0.00,0.0,-0.5,4295
149.05,-7.908,-3.251,100.7,0.03,BLOCKED(조향OFF)|STOP,,0.66,0.00,0.0,-0.6,4278
149.10,-7.908,-3.251,100.7,0.03,BLOCKED(조향OFF)|STOP,,0.66,0.00,0.0,-0.5,4295
149.15,-7.907,-3.250,100.7,0.01,BLOCKED(조향OFF)|STOP,,0.65,0.00,0.0,-0.6,4295
149.20,-7.907,-3.250,100.7,0.01,BLOCKED(조향OFF)|STOP,,0.65,0.00,0.0,-0.6,4295
149.25,-7.910,-3.253,100.7,-0.02,AVOID(조향OFF)|LEFT,,8.00,0.00,0.0,-0.5,4311
149.30,-7.910,-3.253,100.7,-0.02,AVOID(조향OFF)|LEFT,,8.00,0.00,0.0,-0.5,4311
149.35,-7.910,-3.250,100.7,0.02,AVOID(조향OFF)|LEFT,,8.00,0.00,0.0,-0.5,4295
149.40,-7.910,-3.250,100.7,0.02,AVOID(조향OFF)|LEFT,,8.00,0.00,0.0,-0.5,4278
149.45,-7.909,-3.253,100.7,-0.04,AVOID(조향OFF)|LEFT,,8.00,0.00,0.0,-0.5,4278
149.50,-7.909,-3.253,100.7,-0.04,AVOID(조향OFF)|LEFT,,8.00,0.00,0.0,-0.5,4295
149.55,-7.908,-3.252,100.7,0.01,AVOID(조향OFF)|LEFT,,8.00,0.00,0.0,-0.5,4278
149.60,-7.908,-3.252,100.7,0.01,AVOID(조향OFF)|STRAIGHT,,8.00,0.00,0.0,-0.5,4295
149.65,-7.908,-3.254,100.7,-0.02,AVOID(조향OFF)|STRAIGHT,,8.00,0.00,0.0,-0.5,4295
149.70,-7.908,-3.254,100.7,-0.02,CLEAR(조향OFF)|STRAIGHT,,999.00,0.00,0.0,-0.5,4295
149.75,-7.907,-3.252,100.7,0.02,AVOID(조향OFF)|STRAIGHT,,8.00,0.00,0.0,-0.5,4295
149.80,-7.907,-3.252,100.7,0.02,AVOID(조향OFF)|STRAIGHT,,8.00,0.00,0.0,-0.5,4295
149.85,-7.908,-3.252,100.7,0.00,AVOID(조향OFF)|STRAIGHT,,8.00,0.00,0.0,-0.5,4295
149.90,-7.908,-3.252,100.7,0.00,AVOID(조향OFF)|STRAIGHT,,8.00,0.00,0.0,-0.5,4295
149.95,-7.907,-3.252,100.7,0.00,AVOID(조향OFF)|STRAIGHT,,8.00,0.00,0.0,-0.5,4198
150.00,-7.907,-3.252,100.7,0.00,AVOID(조향OFF)|STRAIGHT,,8.00,0.00,0.0,-0.5,4278
150.05,-7.907,-3.252,100.7,-0.00,CLEAR(조향OFF)|STRAIGHT,,999.00,0.00,0.0,-0.5,4311
150.10,-7.907,-3.252,100.7,-0.00,CLEAR(조향OFF)|STRAIGHT,,999.00,0.00,0.0,-0.6,4295
150.15,-7.910,-3.252,100.7,0.01,AVOID(조향OFF)|STRAIGHT,,8.00,0.00,0.0,-0.5,4295
150.20,-7.910,-3.252,100.7,0.01,CLEAR(조향OFF)|STRAIGHT,,999.00,0.00,0.0,-0.5,4295
150.25,-7.910,-3.250,100.7,0.02,CLEAR(조향OFF)|STRAIGHT,,999.00,0.00,0.0,-0.5,4295
150.30,-7.910,-3.250,100.6,0.02,CLEAR(조향OFF)|STRAIGHT,,999.00,0.00,0.0,-0.5,4278
150.35,-7.910,-3.253,100.6,-0.02,CLEAR(조향OFF)|STRAIGHT,,999.00,0.00,0.0,-0.5,4295
150.40,-7.910,-3.253,100.7,-0.02,CLEAR(조향OFF)|STRAIGHT,,999.00,0.00,0.0,-0.5,4295
150.45,-7.910,-3.250,100.7,0.03,CLEAR(조향OFF)|STRAIGHT,,999.00,0.00,0.0,-0.5,4311
150.50,-7.910,-3.250,100.7,0.03,CLEAR(조향OFF)|STRAIGHT,,999.00,0.00,0.0,-0.6,4295
150.55,-7.910,-3.254,100.7,-0.03,CLEAR(조향OFF)|STRAIGHT,,999.00,0.00,0.0,-0.5,4295
150.60,-7.910,-3.254,100.6,-0.03,CLEAR(조향OFF)|STRAIGHT,,999.00,0.00,0.0,-0.5,4278
150.65,-7.909,-3.254,100.6,0.00,CLEAR(조향OFF)|STRAIGHT,,999.00,0.00,0.0,-0.5,4295
150.70,-7.909,-3.254,100.7,0.00,CLEAR(조향OFF)|STRAIGHT,,999.00,0.00,0.0,-0.5,4295
150.75,-7.909,-3.253,100.7,0.01,CLEAR(조향OFF)|STRAIGHT,,999.00,0.00,0.0,-0.4,4295
150.80,-7.909,-3.253,100.7,0.01,CLEAR(조향OFF)|STRAIGHT,,999.00,0.00,0.0,-0.5,4295
150.85,-7.909,-3.253,100.7,0.01,CLEAR(조향OFF)|STRAIGHT,,999.00,0.00,0.0,-0.5,4295
150.90,-7.909,-3.253,100.7,0.01,CLEAR(조향OFF)|STRAIGHT,,999.00,0.00,0.0,-0.5,4295
150.95,-7.909,-3.253,100.7,0.01,CLEAR(조향OFF)|STRAIGHT,,999.00,0.00,0.0,-0.5,4295
151.00,-7.909,-3.253,100.7,0.01,CLEAR(조향OFF)|STRAIGHT,,999.00,0.00,0.0,-0.5,4295
151.05,-7.909,-3.253,100.7,0.01,CLEAR(조향OFF)|STRAIGHT,,999.00,0.00,0.0,-0.5,4295
151.10,-7.909,-3.253,100.7,0.01,CLEAR(조향OFF)|STRAIGHT,,999.00,0.00,0.0,-0.5,4295
151.15,-7.909,-3.253,100.7,0.01,CLEAR(조향OFF)|STRAIGHT,,999.00,0.00,0.0,-0.5,4295
151.20,-7.909,-3.253,100.7,0.01,CLEAR(조향OFF)|STRAIGHT,,999.00,0.00,0.0,-0.5,4295
151.25,-7.909,-3.253,100.7,0.01,CLEAR(조향OFF)|STRAIGHT,,999.00,0.00,0.0,-0.5,4295
151.30,-7.909,-3.253,100.7,0.01,CLEAR(조향OFF)|STRAIGHT,,999.00,0.00,0.0,-0.5,4295
151.35,-7.909,-3.253,100.7,0.01,CLEAR(조향OFF)|STRAIGHT,,999.00,0.00,0.0,-0.5,4295
151.40,-7.909,-3.253,100.7,0.01,CLEAR(조향OFF)|STRAIGHT,,999.00,0.00,0.0,-0.5,4295
151.45,-7.909,-3.253,100.7,0.01,CLEAR(조향OFF)|STRAIGHT,,999.00,0.00,0.0,-0.5,4295
151.50,-7.909,-3.253,100.7,0.01,CLEAR(조향OFF)|STRAIGHT,,999.00,0.00,0.0,-0.5,4295
151.55,-7.909,-3.253,100.7,0.01,CLEAR(조향OFF)|STRAIGHT,,999.00,0.00,0.0,-0.5,4295
151.60,-7.909,-3.253,100.7,0.01,CLEAR(조향OFF)|STRAIGHT,,999.00,0.00,0.0,-0.5,4295
151.65,-7.909,-3.253,100.7,0.01,CLEAR(조향OFF)|STRAIGHT,,999.00,0.00,0.0,-0.5,4295
151.70,-7.909,-3.253,100.7,0.01,CLEAR(조향OFF)|STRAIGHT,,999.00,0.00,0.0,-0.5,4295
151.75,-7.909,-3.253,100.7,0.01,CLEAR(조향OFF)|STRAIGHT,,999.00,0.00,0.0,-0.5,4295
151.80,-7.909,-3.253,100.7,0.01,CLEAR(조향OFF)|STRAIGHT,,999.00,0.00,0.0,-0.5,4295
151.85,-7.909,-3.253,100.7,0.01,CLEAR(조향OFF)|STRAIGHT,,999.00,0.00,0.0,-0.5,4295
151.90,-7.909,-3.253,100.7,0.01,CLEAR(조향OFF)|STRAIGHT,,999.00,0.00,0.0,-0.5,4295
151.95,-7.909,-3.253,100.7,0.01,CLEAR(조향OFF)|STRAIGHT,,999.00,0.00,0.0,-0.5,4295
152.00,-7.909,-3.253,100.7,0.01,CLEAR(조향OFF)|STRAIGHT,,999.00,0.00,0.0,-0.5,4295
