t,x,y,yaw_deg,v,mode,avoid_steer_deg,obstacle_m,cmd_v,cmd_steer_deg,steer_actual_deg,vcc_mv
4.85,-17.636,-3.502,114.7,0.00,CLEAR(조향OFF)|STRAIGHT,,999.00,0.00,0.0,,0
4.90,-17.636,-3.502,114.7,0.00,CLEAR(조향OFF)|STRAIGHT,,999.00,0.00,0.0,,0
4.95,-17.636,-3.502,114.7,0.00,CLEAR(조향OFF)|STRAIGHT,,999.00,0.00,0.0,,0
5.00,-17.636,-3.502,114.7,0.00,CLEAR(조향OFF)|STRAIGHT,,999.00,0.00,0.0,,0
5.05,-17.636,-3.502,114.7,0.00,CLEAR(조향OFF)|STRAIGHT,,999.00,0.00,0.0,,0
5.10,-17.636,-3.502,114.7,0.00,CLEAR(조향OFF)|STRAIGHT,,999.00,0.00,0.0,,0
5.15,-17.641,-3.528,114.7,-0.08,CLEAR(조향OFF)|STRAIGHT,,999.00,0.00,0.0,,0
5.20,-17.641,-3.528,114.7,-0.08,CLEAR(조향OFF)|STRAIGHT,,999.00,0.00,0.0,,0
5.25,-17.645,-3.539,114.7,-0.09,CLEAR(조향OFF)|STRAIGHT,,999.00,0.00,0.0,,0
5.30,-17.645,-3.539,114.8,-0.09,CLEAR(조향OFF)|STRAIGHT,,999.00,0.00,0.0,,0
5.35,-17.649,-3.550,114.7,-0.08,CLEAR(조향OFF)|STRAIGHT,,999.00,0.00,0.0,,0
5.40,-17.649,-3.550,114.7,-0.08,CLEAR(조향OFF)|STRAIGHT,,999.00,0.00,0.0,,0
5.45,-17.648,-3.562,114.8,-0.11,CLEAR(조향OFF)|STRAIGHT,,999.00,0.00,0.0,,0
5.50,-17.648,-3.562,114.8,-0.11,CLEAR(조향OFF)|STRAIGHT,,999.00,0.00,0.0,,0
5.55,-17.655,-3.563,114.8,0.02,CLEAR(조향OFF)|STRAIGHT,,999.00,0.00,0.0,,0
5.60,-17.655,-3.563,114.8,0.02,CLEAR(조향OFF)|STRAIGHT,,999.00,0.00,0.0,,0
5.65,-17.652,-3.561,114.7,0.01,CLEAR(조향OFF)|STRAIGHT,,999.00,0.00,0.0,,0
5.70,-17.652,-3.561,114.7,0.01,CLEAR(조향OFF)|STRAIGHT,,999.00,0.00,0.0,,0
5.75,-17.653,-3.558,114.7,0.03,CLEAR(조향OFF)|STRAIGHT,,999.00,0.00,0.0,,0
5.80,-17.653,-3.558,114.7,0.03,CLEAR(조향OFF)|STRAIGHT,,999.00,0.00,0.0,,0
5.85,-17.653,-3.555,114.8,0.03,CLEAR(조향OFF)|STRAIGHT,,999.00,0.00,0.0,,0
5.90,-17.653,-3.555,114.8,0.03,CLEAR(조향OFF)|STRAIGHT,,999.00,0.00,0.0,,0
5.95,-17.651,-3.551,114.8,0.03,CLEAR(조향OFF)|STRAIGHT,,999.00,0.00,0.0,,0
6.00,-17.651,-3.551,114.8,0.03,CLEAR(조향OFF)|STRAIGHT,,999.00,0.00,0.0,,0
6.05,-17.650,-3.550,114.8,0.01,CLEAR(조향OFF)|STRAIGHT,,999.00,0.00,0.0,,0
6.10,-17.650,-3.550,114.8,0.01,CLEAR(조향OFF)|STRAIGHT,,999.00,0.00,0.0,,0
6.15,-17.653,-3.546,114.7,0.05,CLEAR(조향OFF)|STRAIGHT,,999.00,0.00,0.0,,0
6.20,-17.653,-3.546,114.8,0.05,CLEAR(조향OFF)|STRAIGHT,,999.00,0.00,0.0,,0
6.25,-17.656,-3.542,114.8,0.05,CLEAR(조향OFF)|STRAIGHT,,999.00,0.00,0.0,,0
6.30,-17.656,-3.542,114.8,0.05,CLEAR(조향OFF)|STRAIGHT,,999.00,0.00,0.0,,0
6.35,-17.657,-3.540,114.8,0.02,CLEAR(조향OFF)|STRAIGHT,,999.00,0.00,0.0,,0
6.40,-17.657,-3.540,114.8,0.02,CLEAR(조향OFF)|STRAIGHT,,999.00,0.00,0.0,1.0,4047
6.45,-17.660,-3.538,114.8,0.03,CLEAR(조향OFF)|STRAIGHT,,999.00,0.00,0.0,1.0,4062
6.50,-17.660,-3.538,114.8,0.03,CLEAR(조향OFF)|STRAIGHT,,999.00,0.00,0.0,1.0,4047
6.55,-17.664,-3.543,114.7,-0.03,CLEAR(조향OFF)|STRAIGHT,,999.00,0.00,0.0,1.1,4047
6.60,-17.664,-3.543,114.7,-0.03,CLEAR(조향OFF)|STRAIGHT,,999.00,0.00,0.0,1.1,4047
6.65,-17.667,-3.553,114.7,-0.08,CLEAR(조향OFF)|STRAIGHT,,999.00,0.00,0.0,1.1,4047
6.70,-17.667,-3.553,114.7,-0.08,CLEAR(조향OFF)|STRAIGHT,,999.00,0.00,0.0,1.1,4047
6.75,-17.668,-3.560,114.7,-0.05,CLEAR(조향OFF)|STRAIGHT,,999.00,0.00,0.0,1.0,4062
6.80,-17.668,-3.560,114.7,-0.05,CLEAR(조향OFF)|STRAIGHT,,999.00,0.00,0.0,1.1,4047
6.85,-17.671,-3.569,114.8,-0.08,CLEAR(조향OFF)|STRAIGHT,,999.00,0.00,0.0,1.0,4047
6.90,-17.671,-3.569,114.8,-0.08,CLEAR(조향OFF)|STRAIGHT,,999.00,0.00,0.0,1.1,4062
6.95,-17.672,-3.574,114.8,-0.04,CLEAR(조향OFF)|STRAIGHT,,999.00,0.00,0.0,1.1,4047
7.00,-17.672,-3.574,114.8,-0.04,CLEAR(조향OFF)|STRAIGHT,,999.00,0.00,0.0,1.1,4062
7.05,-17.672,-3.581,114.8,-0.06,CLEAR(조향OFF)|STRAIGHT,,999.00,0.00,0.0,1.1,4062
7.10,-17.672,-3.581,114.8,-0.06,CLEAR(조향OFF)|STRAIGHT,,999.00,0.00,0.0,1.1,4047
7.15,-17.673,-3.584,114.8,-0.03,CLEAR(조향OFF)|STRAIGHT,,999.00,0.00,0.0,1.0,4062
7.20,-17.673,-3.584,114.8,-0.03,CLEAR(조향OFF)|STRAIGHT,,999.00,0.00,0.0,1.0,4062
7.25,-17.677,-3.591,114.7,-0.04,CLEAR(조향OFF)|STRAIGHT,,999.00,0.00,0.0,1.0,4047
7.30,-17.677,-3.591,114.7,-0.04,CLEAR(조향OFF)|STRAIGHT,,999.00,0.00,0.0,1.0,4047
7.35,-17.675,-3.595,114.7,-0.04,CLEAR(조향OFF)|STRAIGHT,,999.00,0.00,0.0,1.0,4047
7.40,-17.675,-3.595,114.7,-0.04,CLEAR(조향OFF)|STRAIGHT,,999.00,0.00,0.0,1.0,4062
7.45,-17.681,-3.597,114.7,-0.00,CLEAR(조향OFF)|STRAIGHT,,999.00,0.00,0.0,1.1,4047
7.50,-17.681,-3.597,114.7,-0.00,CLEAR(조향OFF)|STRAIGHT,,999.00,0.00,0.0,1.1,4047
7.55,-17.680,-3.601,114.7,-0.03,CLEAR(조향OFF)|STRAIGHT,,999.00,0.00,0.0,1.1,4047
7.60,-17.680,-3.601,114.7,-0.03,CLEAR(조향OFF)|STRAIGHT,,999.00,0.00,0.0,1.0,4062
7.65,-17.683,-3.606,114.7,-0.04,CLEAR(조향OFF)|STRAIGHT,,999.00,0.00,0.0,1.0,4062
7.70,-17.683,-3.606,114.7,-0.04,CLEAR(조향OFF)|STRAIGHT,,999.00,0.00,0.0,1.0,4062
7.75,-17.682,-3.608,114.7,-0.03,CLEAR(조향OFF)|STRAIGHT,,999.00,0.00,0.0,1.1,4047
7.80,-17.682,-3.608,114.7,-0.03,CLEAR(조향OFF)|STRAIGHT,,999.00,0.00,0.0,1.1,4047
7.85,-17.683,-3.610,114.7,-0.01,CLEAR(조향OFF)|STRAIGHT,,999.00,0.00,0.0,1.0,4047
7.90,-17.683,-3.610,114.7,-0.01,CLEAR(조향OFF)|STRAIGHT,,999.00,0.00,0.0,1.0,4062
7.95,-17.904,-3.703,114.7,0.09,CLEAR(조향OFF)|STRAIGHT,,999.00,0.00,0.0,1.0,4062
8.00,-17.904,-3.703,114.7,0.09,CLEAR(조향OFF)|STRAIGHT,,999.00,0.00,0.0,1.0,4047
8.05,-18.009,-3.734,114.7,0.17,CLEAR(조향OFF)|STRAIGHT,,999.00,0.00,0.0,1.1,4062
8.10,-18.009,-3.734,114.7,0.17,CLEAR(조향OFF)|STRAIGHT,,999.00,0.00,0.0,1.1,4033
8.15,-18.069,-3.755,114.7,0.06,CLEAR(조향OFF)|STRAIGHT,,999.00,0.00,0.0,1.0,4062
8.20,-18.069,-3.755,114.7,0.06,CLEAR(조향OFF)|STRAIGHT,,999.00,0.00,0.0,1.0,4062
8.25,-18.116,-3.791,114.8,-0.13,CLEAR(조향OFF)|STRAIGHT,,999.00,0.00,0.0,1.0,4062
8.30,-18.116,-3.791,114.8,-0.13,CLEAR(조향OFF)|STRAIGHT,,999.00,0.00,0.0,1.0,4033
8.35,-18.145,-3.818,114.7,-0.12,CLEAR(조향OFF)|STRAIGHT,,999.00,0.00,0.0,1.0,4047
8.40,-18.145,-3.818,114.7,-0.12,CLEAR(조향OFF)|STRAIGHT,,999.00,0.00,0.0,1.0,4047
8.45,-18.165,-3.843,114.7,-0.15,CLEAR(조향OFF)|STRAIGHT,,999.00,0.00,0.0,1.0,4047
8.50,-18.165,-3.843,114.7,-0.15,CLEAR(조향OFF)|STRAIGHT,,999.00,0.00,0.0,1.0,4062
8.55,-18.181,-3.863,114.7,-0.10,CLEAR(조향OFF)|STRAIGHT,,999.00,0.00,0.0,1.1,4047
8.60,-18.181,-3.863,114.7,-0.10,CLEAR(조향OFF)|STRAIGHT,,999.00,0.00,0.0,1.0,4033
8.65,-18.193,-3.880,114.7,-0.11,CLEAR(조향OFF)|STRAIGHT,,999.00,0.00,0.0,1.1,4033
8.70,-18.193,-3.880,114.7,-0.11,CLEAR(조향OFF)|STRAIGHT,,999.00,0.00,0.0,1.0,4047
8.75,-18.202,-3.894,114.7,-0.08,CLEAR(조향OFF)|STRAIGHT,,999.00,0.00,0.0,1.0,4062
8.80,-18.202,-3.894,114.7,-0.08,CLEAR(조향OFF)|STRAIGHT,,999.00,0.00,0.0,1.0,4047
8.85,-18.212,-3.904,114.7,-0.05,CLEAR(조향OFF)|STRAIGHT,,999.00,0.00,0.0,1.1,4062
8.90,-18.212,-3.904,114.7,-0.05,CLEAR(조향OFF)|STRAIGHT,,999.00,0.00,0.0,1.0,4047
8.95,-18.219,-3.916,114.7,-0.09,CLEAR(조향OFF)|STRAIGHT,,999.00,0.00,0.0,1.0,4047
9.00,-18.219,-3.916,114.7,-0.09,CLEAR(조향OFF)|STRAIGHT,,999.00,0.00,0.0,1.0,4047
9.05,-18.224,-3.923,114.7,-0.04,CLEAR(조향OFF)|STRAIGHT,,999.00,0.00,0.0,1.0,4062
9.10,-18.224,-3.923,114.7,-0.04,CLEAR(조향OFF)|STRAIGHT,,999.00,0.00,0.0,1.0,4047
9.15,-18.234,-3.932,114.7,-0.03,CLEAR(조향OFF)|STRAIGHT,,999.00,0.00,0.0,1.0,4047
9.20,-18.234,-3.932,114.7,-0.03,CLEAR(조향OFF)|STRAIGHT,,999.00,0.00,0.0,1.0,4047
9.25,-18.239,-3.936,114.7,-0.02,CLEAR(조향OFF)|STRAIGHT,,999.00,0.00,0.0,1.0,4047
9.30,-18.239,-3.936,114.7,-0.02,CLEAR(조향OFF)|STRAIGHT,,999.00,0.00,0.0,1.0,4062
9.35,-18.244,-3.945,114.7,-0.05,CLEAR(조향OFF)|STRAIGHT,,999.00,0.00,0.0,1.0,4047
9.40,-18.244,-3.945,114.7,-0.05,CLEAR(조향OFF)|STRAIGHT,,999.00,0.00,0.0,1.0,4047
9.45,-18.251,-3.950,114.7,-0.02,CLEAR(조향OFF)|STRAIGHT,,999.00,0.00,0.0,1.0,4047
9.50,-18.251,-3.950,114.7,-0.02,CLEAR(조향OFF)|STRAIGHT,,999.00,0.00,0.0,1.0,4062
9.55,-18.257,-3.953,114.7,-0.00,CLEAR(조향OFF)|STRAIGHT,,999.00,0.00,0.0,1.1,4047
9.60,-18.257,-3.953,114.7,-0.00,CLEAR(조향OFF)|STRAIGHT,,999.00,0.00,0.0,1.0,4047
9.65,-18.265,-3.958,114.7,-0.01,CLEAR(조향OFF)|STRAIGHT,,999.00,0.00,0.0,1.1,4047
9.70,-18.265,-3.958,114.7,-0.01,CLEAR(조향OFF)|STRAIGHT,,999.00,0.00,0.0,1.1,4047
9.75,-18.270,-3.962,114.7,-0.01,CLEAR(조향OFF)|STRAIGHT,,999.00,0.00,0.0,1.0,4062
9.80,-18.270,-3.962,114.7,-0.01,CLEAR(조향OFF)|STRAIGHT,,999.00,0.00,0.0,1.0,4047
9.85,-17.739,-4.054,114.7,-3.39,CLEAR(조향OFF)|STRAIGHT,,999.00,0.00,0.0,1.0,4047
9.90,-17.739,-4.054,114.7,-3.39,CLEAR(조향OFF)|STRAIGHT,,999.00,0.00,0.0,1.1,4062
9.95,-17.739,-4.052,114.7,0.01,CLEAR(조향OFF)|STRAIGHT,,999.00,0.00,0.0,1.0,4047
10.00,-17.739,-4.052,114.7,0.01,CLEAR(조향OFF)|STRAIGHT,,999.00,0.00,0.0,1.0,4047
10.05,-17.738,-4.053,114.7,-0.01,CLEAR(조향OFF)|STRAIGHT,,999.00,0.00,0.0,1.0,4033
10.10,-17.738,-4.053,114.7,-0.01,CLEAR(조향OFF)|STRAIGHT,,999.00,0.00,0.0,1.0,4047
10.15,-17.737,-4.053,114.7,-0.01,CLEAR(조향OFF)|STRAIGHT,,999.00,0.00,0.0,1.1,4047
10.20,-17.737,-4.053,114.7,-0.01,CLEAR(조향OFF)|STRAIGHT,,999.00,0.00,0.0,1.1,4062
10.25,-17.739,-4.052,114.7,0.02,CLEAR(조향OFF)|STRAIGHT,,999.00,0.00,0.0,1.0,4062
10.30,-17.739,-4.052,114.7,0.02,CLEAR(조향OFF)|STRAIGHT,,999.00,0.00,0.0,1.0,4047
10.35,-17.736,-4.060,114.7,-0.08,CLEAR(조향OFF)|STRAIGHT,,999.00,0.00,0.0,1.0,4047
10.40,-17.736,-4.060,114.7,-0.08,CLEAR(조향OFF)|STRAIGHT,,999.00,0.00,0.0,1.0,4047
10.45,-17.737,-4.059,114.7,0.01,CLEAR(조향OFF)|STRAIGHT,,999.00,0.00,0.0,1.0,4062
10.50,-17.737,-4.059,114.7,0.01,CLEAR(조향OFF)|STRAIGHT,,999.00,0.00,0.0,1.0,4062
10.55,-17.734,-4.059,114.7,-0.01,CLEAR(조향OFF)|STRAIGHT,,999.00,0.00,0.0,1.0,4047
10.60,-17.734,-4.059,114.7,-0.01,CLEAR(조향OFF)|STRAIGHT,,999.00,0.00,0.0,1.0,4062
10.65,-17.735,-4.056,114.7,0.03,CLEAR(조향OFF)|STRAIGHT,,999.00,0.00,0.0,1.0,4047
10.70,-17.735,-4.056,114.7,0.03,CLEAR(조향OFF)|STRAIGHT,,999.00,0.00,0.0,1.0,4047
10.75,-17.737,-4.057,114.7,-0.00,CLEAR(조향OFF)|STRAIGHT,,999.00,0.00,0.0,1.1,4047
10.80,-17.737,-4.057,114.7,-0.00,CLEAR(조향OFF)|STRAIGHT,,999.00,0.00,0.0,1.1,4062
10.85,-17.736,-4.057,114.7,0.00,CLEAR(조향OFF)|STRAIGHT,,999.00,0.00,0.0,1.0,4047
10.90,-17.736,-4.057,114.7,0.00,CLEAR(조향OFF)|STRAIGHT,,999.00,0.00,0.0,1.0,4077
10.95,-17.742,-4.057,114.7,0.02,CLEAR(조향OFF)|STRAIGHT,,999.00,0.00,0.0,1.0,4062
11.00,-17.742,-4.057,114.7,0.02,CLEAR(조향OFF)|STRAIGHT,,999.00,0.00,0.0,1.0,4062
11.05,-17.744,-4.061,114.7,-0.03,CLEAR(조향OFF)|STRAIGHT,,999.00,0.00,0.0,1.0,4047
11.10,-17.744,-4.061,114.7,-0.03,CLEAR(조향OFF)|STRAIGHT,,999.00,0.00,0.0,1.0,4047
11.15,-17.742,-4.062,114.7,-0.01,CLEAR(조향OFF)|STRAIGHT,,999.00,0.00,0.0,1.0,4047
11.20,-17.742,-4.062,114.7,-0.01,CLEAR(조향OFF)|STRAIGHT,,999.00,0.00,0.0,1.0,4077
11.25,-17.745,-4.061,114.7,0.02,CLEAR(조향OFF)|STRAIGHT,,999.00,0.00,0.0,1.0,4062
11.30,-17.745,-4.061,114.7,0.02,CLEAR(조향OFF)|STRAIGHT,,999.00,0.00,0.0,1.0,4062
11.35,-17.748,-4.060,114.7,0.01,CLEAR(조향OFF)|STRAIGHT,,999.00,0.00,0.0,1.1,4062
11.40,-17.748,-4.060,114.7,0.01,CLEAR(조향OFF)|STRAIGHT,,999.00,0.00,0.0,1.0,4062
11.45,-17.746,-4.063,114.7,-0.03,CLEAR(조향OFF)|STRAIGHT,,999.00,0.00,0.0,1.0,4047
11.50,-17.746,-4.063,114.7,-0.03,CLEAR(조향OFF)|STRAIGHT,,999.00,0.00,0.0,1.1,4062
11.55,-17.747,-4.064,114.7,-0.01,CLEAR(조향OFF)|STRAIGHT,,999.00,0.00,0.0,1.0,4047
11.60,-17.747,-4.064,114.7,-0.01,CLEAR(조향OFF)|STRAIGHT,,999.00,0.00,0.0,1.0,4062
11.65,-17.747,-4.062,114.7,0.02,CLEAR(조향OFF)|STRAIGHT,,999.00,0.00,0.0,1.0,4047
11.70,-17.747,-4.062,114.7,0.02,CLEAR(조향OFF)|STRAIGHT,,999.00,0.00,0.0,1.1,4062
11.75,-17.746,-4.061,114.7,0.01,CLEAR(조향OFF)|STRAIGHT,,999.00,0.00,0.0,1.0,4047
11.80,-17.746,-4.061,114.7,0.01,CLEAR(조향OFF)|STRAIGHT,,999.00,0.00,0.0,1.0,4062
11.85,-17.746,-4.061,114.7,0.01,CLEAR(조향OFF)|STRAIGHT,,999.00,0.00,0.0,1.0,4047
11.90,-17.746,-4.061,114.7,0.01,CLEAR(조향OFF)|STRAIGHT,,999.00,0.00,0.0,1.0,4047
11.95,-17.743,-4.055,114.7,0.02,CLEAR(조향OFF)|STRAIGHT,,999.00,0.00,0.0,1.0,4047
12.00,-17.743,-4.055,114.7,0.02,CLEAR(조향OFF)|STRAIGHT,,999.00,0.00,0.0,1.0,4047
12.05,-17.744,-4.054,114.7,0.02,CLEAR(조향OFF)|STRAIGHT,,999.00,0.00,0.0,1.1,4047
12.10,-17.744,-4.054,114.7,0.02,CLEAR(조향OFF)|STRAIGHT,,999.00,0.00,0.0,1.0,4033
12.15,-17.742,-4.057,114.7,-0.03,CLEAR(조향OFF)|STRAIGHT,,999.00,0.00,0.0,1.0,4047
12.20,-17.742,-4.057,114.7,-0.03,CLEAR(조향OFF)|STRAIGHT,,999.00,0.00,0.0,1.0,4047
12.25,-17.740,-4.057,114.7,-0.02,CLEAR(조향OFF)|STRAIGHT,,999.00,0.00,0.0,1.0,4047
12.30,-17.740,-4.057,114.7,-0.02,CLEAR(조향OFF)|STRAIGHT,,999.00,0.00,0.0,1.1,4047
12.35,-17.743,-4.059,114.7,-0.00,CLEAR(조향OFF)|STRAIGHT,,999.00,0.00,0.0,1.0,4062
12.40,-17.743,-4.059,114.7,-0.00,CLEAR(조향OFF)|STRAIGHT,,999.00,0.00,0.0,1.0,4047
12.45,-17.742,-4.059,114.7,-0.00,CLEAR(조향OFF)|STRAIGHT,,999.00,0.00,0.0,1.0,4062
12.50,-17.742,-4.059,114.7,-0.00,CLEAR(조향OFF)|STRAIGHT,,999.00,0.00,0.0,1.0,4047
12.55,-17.743,-4.058,114.7,0.01,CLEAR(조향OFF)|STRAIGHT,,999.00,0.00,0.0,1.0,4062
12.60,-17.743,-4.058,114.7,0.01,CLEAR(조향OFF)|STRAIGHT,,999.00,0.00,0.0,1.1,4062
12.65,-17.744,-4.058,114.7,0.01,CLEAR(조향OFF)|STRAIGHT,,999.00,0.00,0.0,1.0,4062
12.70,-17.744,-4.058,114.7,0.01,CLEAR(조향OFF)|STRAIGHT,,999.00,0.00,0.0,1.1,4047
12.75,-17.748,-4.055,114.7,0.03,CLEAR(조향OFF)|STRAIGHT,,999.00,0.00,0.0,1.0,4062
12.80,-17.748,-4.055,114.7,0.03,CLEAR(조향OFF)|STRAIGHT,,999.00,0.00,0.0,1.0,4047
12.85,-17.749,-4.059,114.7,-0.03,CLEAR(조향OFF)|STRAIGHT,,999.00,0.00,0.0,1.0,4047
12.90,-17.749,-4.059,114.7,-0.03,CLEAR(조향OFF)|STRAIGHT,,999.00,0.00,0.0,1.0,4062
12.95,-17.746,-4.056,114.7,0.02,CLEAR(조향OFF)|STRAIGHT,,999.00,0.00,0.0,1.0,4047
13.00,-17.746,-4.056,114.7,0.02,CLEAR(조향OFF)|STRAIGHT,,999.00,0.00,0.0,1.0,4062
13.05,-17.747,-4.061,114.7,-0.04,CLEAR(조향OFF)|STRAIGHT,,999.00,0.00,0.0,1.0,4062
13.10,-17.747,-4.061,114.7,-0.04,CLEAR(조향OFF)|STRAIGHT,,999.00,0.00,0.0,1.0,4047
13.15,-17.743,-4.062,114.7,-0.03,CLEAR(조향OFF)|STRAIGHT,,999.00,0.00,0.0,1.1,4047
13.20,-17.743,-4.062,114.7,-0.03,CLEAR(조향OFF)|STRAIGHT,,999.00,0.00,0.0,1.1,4047
13.25,-17.747,-4.054,114.7,0.09,CLEAR(조향OFF)|STRAIGHT,,999.00,0.00,0.0,1.0,4047
13.30,-17.747,-4.054,114.7,0.09,CLEAR(조향OFF)|STRAIGHT,,999.00,0.00,0.0,1.1,4062
13.35,-17.747,-4.059,114.7,-0.05,CLEAR(조향OFF)|STRAIGHT,,999.00,0.00,0.0,1.1,4062
13.40,-17.747,-4.059,114.7,-0.05,CLEAR(조향OFF)|STRAIGHT,,999.00,0.00,0.0,1.0,4047
13.45,-17.742,-4.063,114.7,-0.05,CLEAR(조향OFF)|STRAIGHT,,999.00,0.00,0.0,1.0,4062
13.50,-17.742,-4.063,114.7,-0.05,CLEAR(조향OFF)|STRAIGHT,,999.00,0.00,0.0,1.1,4047
13.55,-17.745,-4.059,114.7,0.05,CLEAR(조향OFF)|STRAIGHT,,999.00,0.00,0.0,1.1,4047
13.60,-17.745,-4.059,114.7,0.05,CLEAR(조향OFF)|STRAIGHT,,999.00,0.00,0.0,1.0,4047
13.65,-17.747,-4.058,114.7,0.02,CLEAR(조향OFF)|STRAIGHT,,999.00,0.00,0.0,1.0,4062
13.70,-17.747,-4.058,114.7,0.02,CLEAR(조향OFF)|STRAIGHT,,999.00,0.00,0.0,1.0,4047
13.75,-17.748,-4.059,114.7,0.00,CLEAR(조향OFF)|STRAIGHT,,999.00,0.00,0.0,1.1,4062
13.80,-17.748,-4.059,114.7,0.00,CLEAR(조향OFF)|STRAIGHT,,999.00,0.00,0.0,1.0,4062
13.85,-17.748,-4.061,114.7,-0.03,CLEAR(조향OFF)|STRAIGHT,,999.00,0.00,0.0,1.0,4062
13.90,-17.748,-4.061,114.7,-0.03,CLEAR(조향OFF)|STRAIGHT,,999.00,0.00,0.0,1.0,4062
13.95,-17.745,-4.058,114.7,0.02,CLEAR(조향OFF)|STRAIGHT,,999.00,0.00,0.0,1.0,4062
14.00,-17.745,-4.058,114.7,0.02,CLEAR(조향OFF)|STRAIGHT,,999.00,0.00,0.0,1.0,4047
14.05,-17.745,-4.059,114.7,-0.00,CLEAR(조향OFF)|STRAIGHT,,999.00,0.00,0.0,1.0,4062
14.10,-17.745,-4.059,114.7,-0.00,CLEAR(조향OFF)|STRAIGHT,,999.00,0.00,0.0,1.1,4062
14.15,-17.745,-4.056,114.7,0.02,CLEAR(조향OFF)|STRAIGHT,,999.00,0.00,0.0,1.0,4062
14.20,-17.745,-4.056,114.7,0.02,CLEAR(조향OFF)|STRAIGHT,,999.00,0.00,0.0,1.0,4047
14.25,-17.746,-4.055,114.7,0.02,CLEAR(조향OFF)|STRAIGHT,,999.00,0.00,0.0,1.0,4062
14.30,-17.746,-4.055,114.7,0.02,CLEAR(조향OFF)|STRAIGHT,,999.00,0.00,0.0,1.0,4047
14.35,-17.744,-4.060,114.7,-0.06,CLEAR(조향OFF)|STRAIGHT,,999.00,0.00,0.0,1.0,4062
14.40,-17.744,-4.060,114.7,-0.06,CLEAR(조향OFF)|STRAIGHT,,999.00,0.00,0.0,1.0,4047
14.45,-17.742,-4.059,114.7,0.01,CLEAR(조향OFF)|STRAIGHT,,999.00,0.00,0.0,1.1,4062
14.50,-17.742,-4.059,114.7,0.01,CLEAR(조향OFF)|STRAIGHT,,999.00,0.00,0.0,1.0,4047
14.55,-17.742,-4.059,114.7,-0.00,CLEAR(조향OFF)|STRAIGHT,,999.00,0.00,0.0,1.0,4062
14.60,-17.742,-4.059,114.7,-0.00,CLEAR(조향OFF)|STRAIGHT,,999.00,0.00,0.0,1.0,4047
14.65,-17.741,-4.059,114.7,-0.01,CLEAR(조향OFF)|STRAIGHT,,999.00,0.00,0.0,1.1,4062
14.70,-17.741,-4.059,114.7,-0.01,CLEAR(조향OFF)|STRAIGHT,,999.00,0.00,0.0,1.1,4047
14.75,-17.740,-4.059,114.7,-0.00,CLEAR(조향OFF)|STRAIGHT,,999.00,0.00,0.0,1.0,4062
14.80,-17.740,-4.059,114.7,-0.00,CLEAR(조향OFF)|STRAIGHT,,999.00,0.00,0.0,1.1,4047
14.85,-17.740,-4.059,114.7,-0.00,CLEAR(조향OFF)|STRAIGHT,,999.00,0.00,0.0,1.0,4047
14.90,-17.740,-4.059,114.7,-0.00,CLEAR(조향OFF)|STRAIGHT,,999.00,0.00,0.0,1.1,4047
14.95,-17.738,-4.058,114.7,0.00,CLEAR(조향OFF)|STRAIGHT,,999.00,0.00,0.0,1.1,4047
15.00,-17.738,-4.058,114.7,0.00,CLEAR(조향OFF)|STRAIGHT,,999.00,0.00,0.0,1.1,4047
15.05,-17.739,-4.057,114.7,0.01,CLEAR(조향OFF)|STRAIGHT,,999.00,0.00,0.0,1.1,4062
15.10,-17.739,-4.057,114.7,0.01,CLEAR(조향OFF)|STRAIGHT,,999.00,0.00,0.0,1.1,4047
15.15,-17.740,-4.058,114.7,-0.00,CLEAR(조향OFF)|STRAIGHT,,999.00,0.00,0.0,1.0,4047
15.20,-17.740,-4.058,114.7,-0.00,CLEAR(조향OFF)|STRAIGHT,,999.00,0.00,0.0,1.0,4062
15.25,-17.738,-4.056,114.7,0.01,CLEAR(조향OFF)|STRAIGHT,,999.00,0.00,0.0,1.1,4033
15.30,-17.738,-4.056,114.7,0.01,CLEAR(조향OFF)|STRAIGHT,,999.00,0.00,0.0,1.1,4047
15.35,-17.740,-4.058,114.7,-0.01,CLEAR(조향OFF)|STRAIGHT,,999.00,0.00,0.0,1.1,4047
15.40,-17.740,-4.058,114.7,-0.01,CLEAR(조향OFF)|STRAIGHT,,999.00,0.00,0.0,1.0,4047
15.45,-17.741,-4.056,114.7,0.02,CLEAR(조향OFF)|STRAIGHT,,999.00,0.00,0.0,1.0,4047
15.50,-17.741,-4.056,114.7,0.02,CLEAR(조향OFF)|STRAIGHT,,999.00,0.00,0.0,1.0,4062
15.55,-17.741,-4.056,114.7,0.00,CLEAR(조향OFF)|STRAIGHT,,999.00,0.00,0.0,1.0,4047
15.60,-17.741,-4.056,114.7,0.00,CLEAR(조향OFF)|STRAIGHT,,999.00,0.00,0.0,1.1,4047
15.65,-17.744,-4.057,114.7,0.00,CLEAR(조향OFF)|STRAIGHT,,999.00,0.00,0.0,0.9,4062
15.70,-17.744,-4.057,114.7,0.00,CLEAR(조향OFF)|STRAIGHT,,999.00,0.00,0.0,1.0,4077
15.75,-17.744,-4.058,114.7,-0.00,CLEAR(조향OFF)|STRAIGHT,,999.00,0.00,0.0,1.0,4047
15.80,-17.744,-4.058,114.7,-0.00,CLEAR(조향OFF)|STRAIGHT,,999.00,0.00,0.0,1.0,4047
15.85,-17.744,-4.057,114.7,-0.00,CLEAR(조향OFF)|STRAIGHT,,999.00,0.00,0.0,1.0,4047
15.90,-17.744,-4.057,114.7,-0.00,CLEAR(조향OFF)|STRAIGHT,,999.00,0.00,0.0,1.0,4062
15.95,-17.744,-4.055,114.7,0.02,CLEAR(조향OFF)|STRAIGHT,,999.00,0.00,0.0,1.1,4033
16.00,-17.744,-4.055,114.7,0.02,CLEAR(조향OFF)|STRAIGHT,,999.00,0.00,0.0,1.1,4062
16.05,-17.743,-4.056,114.7,-0.02,CLEAR(조향OFF)|STRAIGHT,,999.00,0.00,0.0,1.1,4033
16.10,-17.743,-4.056,114.7,-0.02,CLEAR(조향OFF)|STRAIGHT,,999.00,0.00,0.0,1.1,4062
16.15,-17.744,-4.055,114.7,0.01,CLEAR(조향OFF)|STRAIGHT,,999.00,0.00,0.0,1.0,4047
16.20,-17.744,-4.055,114.7,0.01,CLEAR(조향OFF)|STRAIGHT,,999.00,0.00,0.0,1.1,4062
16.25,-17.742,-4.054,114.7,0.00,CLEAR(조향OFF)|STRAIGHT,,999.00,0.00,0.0,1.1,4033
16.30,-17.742,-4.054,114.7,0.00,CLEAR(조향OFF)|STRAIGHT,,999.00,0.00,0.0,1.1,4047
16.35,-17.742,-4.054,114.7,0.00,CLEAR(조향OFF)|STRAIGHT,,999.00,0.00,0.0,1.0,4047
16.40,-17.742,-4.054,114.7,0.00,CLEAR(조향OFF)|STRAIGHT,,999.00,0.00,0.0,1.0,4062
16.45,-17.744,-4.052,114.7,0.03,CLEAR(조향OFF)|STRAIGHT,,999.00,0.00,0.0,1.0,4047
16.50,-17.744,-4.052,114.7,0.03,CLEAR(조향OFF)|STRAIGHT,,999.00,0.00,0.0,1.1,4062
16.55,-17.745,-4.056,114.7,-0.02,CLEAR(조향OFF)|STRAIGHT,,999.00,0.00,0.0,1.1,4033
16.60,-17.745,-4.056,114.7,-0.02,CLEAR(조향OFF)|STRAIGHT,,999.00,0.00,0.0,1.0,4077
16.65,-17.743,-4.057,114.7,-0.02,CLEAR(조향OFF)|STRAIGHT,,999.00,0.00,0.0,1.0,4033
16.70,-17.743,-4.057,114.7,-0.02,CLEAR(조향OFF)|STRAIGHT,,999.00,0.00,0.0,1.0,4047
16.75,-17.744,-4.058,114.7,-0.00,CLEAR(조향OFF)|STRAIGHT,,999.00,0.00,0.0,1.0,4062
16.80,-17.744,-4.058,114.7,-0.00,CLEAR(조향OFF)|STRAIGHT,,999.00,0.00,0.0,1.0,4047
16.85,-17.746,-4.057,114.7,0.02,CLEAR(조향OFF)|STRAIGHT,,999.00,0.00,0.0,1.1,4033
16.90,-17.746,-4.057,114.7,0.02,CLEAR(조향OFF)|STRAIGHT,,999.00,0.00,0.0,1.0,4062
16.95,-17.742,-4.057,114.7,-0.01,CLEAR(조향OFF)|STRAIGHT,,999.00,0.00,0.0,1.0,4047
17.00,-17.742,-4.057,114.7,-0.01,CLEAR(조향OFF)|STRAIGHT,,999.00,0.00,0.0,1.0,4062
17.05,-17.745,-4.056,114.7,0.03,CLEAR(조향OFF)|STRAIGHT,,999.00,0.00,0.0,1.0,4062
17.10,-17.745,-4.056,114.7,0.03,CLEAR(조향OFF)|STRAIGHT,,999.00,0.00,0.0,1.0,4047
17.15,-17.743,-4.058,114.7,-0.03,CLEAR(조향OFF)|STRAIGHT,,999.00,0.00,0.0,1.0,4047
17.20,-17.743,-4.058,114.7,-0.03,CLEAR(조향OFF)|STRAIGHT,,999.00,0.00,0.0,1.0,4062
17.25,-17.744,-4.056,114.7,0.02,CLEAR(조향OFF)|STRAIGHT,,999.00,0.00,0.0,1.1,4062
17.30,-17.744,-4.056,114.7,0.02,CLEAR(조향OFF)|STRAIGHT,,999.00,0.00,0.0,1.0,4047
17.35,-17.743,-4.059,114.7,-0.03,CLEAR(조향OFF)|STRAIGHT,,999.00,0.00,0.0,1.0,4047
17.40,-17.743,-4.059,114.7,-0.03,CLEAR(조향OFF)|STRAIGHT,,999.00,0.00,0.0,1.0,4047
17.45,-17.741,-4.060,114.7,-0.01,CLEAR(조향OFF)|STRAIGHT,,999.00,0.00,0.0,1.0,4047
17.50,-17.741,-4.060,114.7,-0.01,CLEAR(조향OFF)|STRAIGHT,,999.00,0.00,0.0,1.1,4047
17.55,-17.742,-4.060,114.7,0.00,CLEAR(조향OFF)|STRAIGHT,,999.00,0.00,0.0,1.0,4047
17.60,-17.742,-4.060,114.7,0.00,CLEAR(조향OFF)|STRAIGHT,,999.00,0.00,0.0,1.0,4062
17.65,-17.741,-4.059,114.7,0.00,CLEAR(조향OFF)|STRAIGHT,,999.00,0.00,0.0,1.1,4047
17.70,-17.741,-4.059,114.7,0.00,CLEAR(조향OFF)|STRAIGHT,,999.00,0.00,0.0,1.0,4047
17.75,-17.740,-4.059,114.7,-0.00,CLEAR(조향OFF)|STRAIGHT,,999.00,0.00,0.0,1.1,4047
17.80,-17.740,-4.059,114.7,-0.00,CLEAR(조향OFF)|STRAIGHT,,999.00,0.00,0.0,1.0,4062
17.85,-17.741,-4.058,114.7,0.01,CLEAR(조향OFF)|STRAIGHT,,999.00,0.00,0.0,1.1,4047
17.90,-17.741,-4.058,114.7,0.01,CLEAR(조향OFF)|STRAIGHT,,999.00,0.00,0.0,1.0,4062
17.95,-17.742,-4.057,114.7,0.02,CLEAR(조향OFF)|STRAIGHT,,999.00,0.00,0.0,1.0,4047
18.00,-17.742,-4.057,114.7,0.02,CLEAR(조향OFF)|STRAIGHT,,999.00,0.00,0.0,1.1,4033
18.05,-17.741,-4.058,114.7,-0.02,CLEAR(조향OFF)|STRAIGHT,,999.00,0.00,0.0,1.1,4047
18.10,-17.741,-4.058,114.7,-0.02,CLEAR(조향OFF)|STRAIGHT,,999.00,0.00,0.0,1.0,4062
18.15,-17.741,-4.064,114.7,-0.05,CLEAR(조향OFF)|STRAIGHT,,999.00,0.00,0.0,1.0,4047
18.20,-17.741,-4.064,114.7,-0.05,CLEAR(조향OFF)|STRAIGHT,,999.00,0.00,0.0,1.1,4047
18.25,-17.742,-4.063,114.7,0.01,CLEAR(조향OFF)|STRAIGHT,,999.00,0.00,0.0,1.0,4062
18.30,-17.742,-4.063,114.7,0.01,CLEAR(조향OFF)|STRAIGHT,,999.00,0.00,0.0,1.1,4033
18.35,-17.741,-4.062,114.7,0.00,CLEAR(조향OFF)|STRAIGHT,,999.00,0.00,0.0,1.0,4062
18.40,-17.741,-4.062,114.7,0.00,CLEAR(조향OFF)|STRAIGHT,,999.00,0.00,0.0,1.0,4033
18.45,-17.741,-4.063,114.7,-0.00,CLEAR(조향OFF)|STRAIGHT,,999.00,0.00,0.0,1.0,4062
18.50,-17.741,-4.063,114.7,-0.00,CLEAR(조향OFF)|STRAIGHT,,999.00,0.00,0.0,1.0,4047
18.55,-17.743,-4.062,114.7,0.01,CLEAR(조향OFF)|STRAIGHT,,999.00,0.00,0.0,1.0,4062
18.60,-17.743,-4.062,114.7,0.01,CLEAR(조향OFF)|STRAIGHT,,999.00,0.00,0.0,1.0,4047
18.65,-17.740,-4.064,114.7,-0.03,CLEAR(조향OFF)|STRAIGHT,,999.00,0.00,0.0,1.1,4062
18.70,-17.740,-4.064,114.7,-0.03,CLEAR(조향OFF)|STRAIGHT,,999.00,0.00,0.0,1.1,4047
18.75,-17.742,-4.066,114.7,-0.00,CLEAR(조향OFF)|STRAIGHT,,999.00,0.00,0.0,1.0,4047
18.80,-17.742,-4.066,114.7,-0.00,CLEAR(조향OFF)|STRAIGHT,,999.00,0.00,0.0,1.0,4062
18.85,-17.742,-4.065,114.7,0.01,CLEAR(조향OFF)|STRAIGHT,,999.00,0.00,0.0,1.0,4047
18.90,-17.742,-4.065,114.7,0.01,CLEAR(조향OFF)|STRAIGHT,,999.00,0.00,0.0,1.1,4047
18.95,-17.741,-4.065,114.7,-0.00,CLEAR(조향OFF)|STRAIGHT,,999.00,0.00,0.0,1.0,4062
19.00,-17.741,-4.065,114.7,-0.00,CLEAR(조향OFF)|STRAIGHT,,999.00,0.00,0.0,1.0,4047
19.05,-17.740,-4.066,114.7,-0.02,CLEAR(조향OFF)|STRAIGHT,,999.00,0.00,0.0,1.0,4062
19.10,-17.740,-4.066,114.7,-0.02,CLEAR(조향OFF)|STRAIGHT,,999.00,0.00,0.0,1.0,4047
19.15,-17.743,-4.064,114.7,0.03,CLEAR(조향OFF)|STRAIGHT,,999.00,0.00,0.0,1.0,4077
19.20,-17.743,-4.064,114.7,0.03,CLEAR(조향OFF)|STRAIGHT,,999.00,0.00,0.0,1.0,4047
19.25,-17.742,-4.063,114.7,0.00,CLEAR(조향OFF)|STRAIGHT,,999.00,0.00,0.0,1.0,4062
19.30,-17.742,-4.063,114.7,0.00,CLEAR(조향OFF)|STRAIGHT,,999.00,0.00,0.0,1.0,4047
19.35,-17.740,-4.065,114.7,-0.02,CLEAR(조향OFF)|STRAIGHT,,999.00,0.00,0.0,1.0,4062
19.40,-17.740,-4.065,114.7,-0.02,CLEAR(조향OFF)|STRAIGHT,,999.00,0.00,0.0,1.0,4047
19.45,-17.743,-4.062,114.7,0.04,CLEAR(조향OFF)|STRAIGHT,,999.00,0.00,0.0,1.0,4077
19.50,-17.743,-4.062,114.7,0.04,CLEAR(조향OFF)|STRAIGHT,,999.00,0.00,0.0,1.0,4047
19.55,-17.742,-4.065,114.7,-0.03,CLEAR(조향OFF)|STRAIGHT,,999.00,0.00,0.0,1.0,4047
19.60,-17.742,-4.065,114.7,-0.03,CLEAR(조향OFF)|STRAIGHT,,999.00,0.00,0.0,1.0,4047
19.65,-17.742,-4.064,114.7,0.01,CLEAR(조향OFF)|STRAIGHT,,999.00,0.00,0.0,1.0,4047
19.70,-17.742,-4.064,114.7,0.01,CLEAR(조향OFF)|STRAIGHT,,999.00,0.00,0.0,1.0,4033
19.75,-17.743,-4.064,114.7,0.00,CLEAR(조향OFF)|STRAIGHT,,999.00,0.00,0.0,1.1,4062
19.80,-17.743,-4.064,114.7,0.00,CLEAR(조향OFF)|STRAIGHT,,999.00,0.00,0.0,1.1,4047
19.85,-17.744,-4.062,114.7,0.03,CLEAR(조향OFF)|STRAIGHT,,999.00,0.00,0.0,1.0,4047
19.90,-17.744,-4.062,114.7,0.03,CLEAR(조향OFF)|STRAIGHT,,999.00,0.00,0.0,1.0,4047
19.95,-17.743,-4.062,114.7,-0.01,CLEAR(조향OFF)|STRAIGHT,,999.00,0.00,0.0,1.0,4062
20.00,-17.743,-4.062,114.7,-0.01,CLEAR(조향OFF)|STRAIGHT,,999.00,0.00,0.0,1.1,4033
20.05,-17.742,-4.062,114.7,-0.00,CLEAR(조향OFF)|STRAIGHT,,999.00,0.00,0.0,1.0,4047
20.10,-17.742,-4.062,114.7,-0.00,CLEAR(조향OFF)|STRAIGHT,,999.00,0.00,0.0,1.0,4047
20.15,-17.743,-4.061,114.7,0.01,CLEAR(조향OFF)|STRAIGHT,,999.00,0.00,0.0,1.0,4047
20.20,-17.743,-4.061,114.7,0.01,CLEAR(조향OFF)|STRAIGHT,,999.00,0.00,0.0,1.0,4047
20.25,-17.742,-4.060,114.7,0.01,CLEAR(조향OFF)|STRAIGHT,,999.00,0.00,0.0,1.0,4047
20.30,-17.742,-4.060,114.7,0.01,CLEAR(조향OFF)|STRAIGHT,,999.00,0.00,0.0,1.0,4062
20.35,-17.744,-4.060,114.7,0.00,CLEAR(조향OFF)|STRAIGHT,,999.00,0.00,0.0,1.0,4047
20.40,-17.744,-4.060,114.7,0.00,CLEAR(조향OFF)|STRAIGHT,,999.00,0.00,0.0,1.1,4047
20.45,-17.739,-4.061,114.7,-0.03,CLEAR(조향OFF)|STRAIGHT,,999.00,0.00,0.0,1.0,4062
20.50,-17.739,-4.061,114.7,-0.03,CLEAR(조향OFF)|STRAIGHT,,999.00,0.00,0.0,1.0,4062
20.55,-17.742,-4.060,114.7,0.02,CLEAR(조향OFF)|STRAIGHT,,999.00,0.00,0.0,1.0,4047
20.60,-17.742,-4.060,114.7,0.02,CLEAR(조향OFF)|STRAIGHT,,999.00,0.00,0.0,1.0,4047
20.65,-17.744,-4.061,114.7,-0.00,CLEAR(조향OFF)|STRAIGHT,,999.00,0.00,0.0,1.0,4047
20.70,-17.744,-4.061,114.7,-0.00,CLEAR(조향OFF)|STRAIGHT,,999.00,0.00,0.0,1.1,4047
20.75,-17.744,-4.061,114.7,0.00,CLEAR(조향OFF)|STRAIGHT,,999.00,0.00,0.0,1.1,4062
20.80,-17.744,-4.061,114.7,0.00,CLEAR(조향OFF)|STRAIGHT,,999.00,0.00,0.0,1.0,4047
20.85,-17.744,-4.062,114.7,-0.01,CLEAR(조향OFF)|STRAIGHT,,999.00,0.00,0.0,1.1,4047
20.90,-17.744,-4.062,114.7,-0.01,CLEAR(조향OFF)|STRAIGHT,,999.00,0.00,0.0,1.1,4047
20.95,-17.743,-4.059,114.7,0.02,CLEAR(조향OFF)|STRAIGHT,,999.00,0.00,0.0,1.1,4033
21.00,-17.743,-4.059,114.7,0.02,CLEAR(조향OFF)|STRAIGHT,,999.00,0.00,0.0,1.0,4047
21.05,-17.744,-4.064,114.7,-0.03,CLEAR(조향OFF)|STRAIGHT,,999.00,0.00,0.0,1.0,4062
21.10,-17.744,-4.064,114.7,-0.03,CLEAR(조향OFF)|STRAIGHT,,999.00,0.00,0.0,1.1,4047
21.15,-17.745,-4.065,114.7,-0.01,CLEAR(조향OFF)|STRAIGHT,,999.00,0.00,0.0,1.1,4047
21.20,-17.745,-4.065,114.7,-0.01,CLEAR(조향OFF)|STRAIGHT,,999.00,0.00,0.0,1.0,4062
21.25,-17.740,-4.061,114.7,0.01,CLEAR(조향OFF)|STRAIGHT,,999.00,0.00,0.0,1.1,4047
21.30,-17.740,-4.061,114.7,0.01,CLEAR(조향OFF)|STRAIGHT,,999.00,0.00,0.0,1.1,4062
21.35,-17.739,-4.060,114.7,0.00,CLEAR(조향OFF)|STRAIGHT,,999.00,0.00,0.0,1.0,4047
21.40,-17.739,-4.060,114.7,0.00,CLEAR(조향OFF)|STRAIGHT,,999.00,0.00,0.0,1.0,4047
21.45,-17.740,-4.060,114.7,0.00,CLEAR(조향OFF)|STRAIGHT,,999.00,0.00,0.0,1.0,4047
21.50,-17.740,-4.060,114.7,0.00,CLEAR(조향OFF)|STRAIGHT,,999.00,0.00,0.0,1.0,4033
21.55,-17.740,-4.059,114.7,0.01,CLEAR(조향OFF)|STRAIGHT,,999.00,0.00,0.0,1.0,4047
21.60,-17.740,-4.059,114.7,0.01,CLEAR(조향OFF)|STRAIGHT,,999.00,0.00,0.0,1.0,4062
21.65,-17.739,-4.061,114.7,-0.02,CLEAR(조향OFF)|STRAIGHT,,999.00,0.00,0.0,1.0,4047
21.70,-17.739,-4.061,114.7,-0.02,CLEAR(조향OFF)|STRAIGHT,,999.00,0.00,0.0,1.0,4062
21.75,-17.737,-4.060,114.7,-0.00,CLEAR(조향OFF)|STRAIGHT,,999.00,0.00,0.0,1.0,4047
21.80,-17.737,-4.060,114.7,-0.00,CLEAR(조향OFF)|STRAIGHT,,999.00,0.00,0.0,1.0,4062
21.85,-17.738,-4.060,114.7,0.01,CLEAR(조향OFF)|STRAIGHT,,999.00,0.00,0.0,1.0,4047
21.90,-17.738,-4.060,114.7,0.01,CLEAR(조향OFF)|STRAIGHT,,999.00,0.00,0.0,1.1,4062
21.95,-17.741,-4.060,114.7,0.01,CLEAR(조향OFF)|STRAIGHT,,999.00,0.00,0.0,1.0,4047
22.00,-17.741,-4.060,114.7,0.01,CLEAR(조향OFF)|STRAIGHT,,999.00,0.00,0.0,1.0,4062
22.05,-17.741,-4.060,114.7,-0.00,CLEAR(조향OFF)|STRAIGHT,,999.00,0.00,0.0,1.1,4047
22.10,-17.741,-4.060,114.7,-0.00,CLEAR(조향OFF)|STRAIGHT,,999.00,0.00,0.0,1.0,4062
22.15,-17.741,-4.061,114.7,-0.01,CLEAR(조향OFF)|STRAIGHT,,999.00,0.00,0.0,1.0,4062
22.20,-17.741,-4.061,114.7,-0.01,CLEAR(조향OFF)|STRAIGHT,,999.00,0.00,0.0,1.1,4047
22.25,-17.740,-4.061,114.7,-0.01,CLEAR(조향OFF)|STRAIGHT,,999.00,0.00,0.0,1.0,4047
22.30,-17.740,-4.061,114.7,-0.01,CLEAR(조향OFF)|STRAIGHT,,999.00,0.00,0.0,1.1,4047
22.35,-17.739,-4.061,114.7,-0.00,CLEAR(조향OFF)|STRAIGHT,,999.00,0.00,0.0,1.0,4047
22.40,-17.739,-4.061,114.7,-0.00,CLEAR(조향OFF)|STRAIGHT,,999.00,0.00,0.0,1.0,4062
22.45,-17.739,-4.062,114.7,-0.01,CLEAR(조향OFF)|STRAIGHT,,999.00,0.00,0.0,1.0,4047
22.50,-17.739,-4.062,114.7,-0.01,CLEAR(조향OFF)|STRAIGHT,,999.00,0.00,0.0,1.0,4062
22.55,-17.739,-4.060,114.7,0.02,CLEAR(조향OFF)|STRAIGHT,,999.00,0.00,0.0,1.1,4047
22.60,-17.739,-4.060,114.7,0.02,CLEAR(조향OFF)|STRAIGHT,,999.00,0.00,0.0,1.0,4062
22.65,-17.739,-4.061,114.7,-0.01,CLEAR(조향OFF)|STRAIGHT,,999.00,0.00,0.0,1.1,4033
22.70,-17.739,-4.061,114.7,-0.01,CLEAR(조향OFF)|STRAIGHT,,999.00,0.00,0.0,1.1,4047
22.75,-17.739,-4.060,114.7,0.01,CLEAR(조향OFF)|STRAIGHT,,999.00,0.00,0.0,1.0,4047
22.80,-17.739,-4.060,114.7,0.01,CLEAR(조향OFF)|STRAIGHT,,999.00,0.00,0.0,1.0,4047
22.85,-17.739,-4.060,114.7,-0.01,CLEAR(조향OFF)|STRAIGHT,,999.00,0.00,0.0,1.0,4047
22.90,-17.739,-4.060,114.7,-0.01,CLEAR(조향OFF)|STRAIGHT,,999.00,0.00,0.0,1.0,4033
22.95,-17.743,-4.059,114.7,0.02,CLEAR(조향OFF)|STRAIGHT,,999.00,0.00,0.0,1.1,4047
23.00,-17.743,-4.059,114.7,0.02,CLEAR(조향OFF)|STRAIGHT,,999.00,0.00,0.0,1.0,4062
23.05,-17.738,-4.060,114.7,-0.02,CLEAR(조향OFF)|STRAIGHT,,999.00,0.00,0.0,1.0,4062
23.10,-17.738,-4.060,114.7,-0.02,CLEAR(조향OFF)|STRAIGHT,,999.00,0.00,0.0,1.0,4047
23.15,-17.736,-4.059,114.7,0.00,CLEAR(조향OFF)|STRAIGHT,,999.00,0.00,0.0,1.0,4047
23.20,-17.736,-4.059,114.7,0.00,CLEAR(조향OFF)|STRAIGHT,,999.00,0.00,0.0,1.0,4047
23.25,-17.735,-4.059,114.7,-0.00,CLEAR(조향OFF)|STRAIGHT,,999.00,0.00,0.0,1.0,4047
23.30,-17.735,-4.059,114.7,-0.00,CLEAR(조향OFF)|STRAIGHT,,999.00,0.00,0.0,1.1,4047
23.35,-17.737,-4.060,114.7,-0.01,CLEAR(조향OFF)|STRAIGHT,,999.00,0.00,0.0,1.0,4047
23.40,-17.737,-4.060,114.7,-0.01,CLEAR(조향OFF)|STRAIGHT,,999.00,0.00,0.0,1.0,4047
23.45,-17.738,-4.059,114.7,0.02,CLEAR(조향OFF)|STRAIGHT,,999.00,0.00,0.0,1.0,4047
23.50,-17.738,-4.059,114.7,0.02,CLEAR(조향OFF)|STRAIGHT,,999.00,0.00,0.0,1.1,4062
23.55,-17.741,-4.056,114.7,0.04,CLEAR(조향OFF)|STRAIGHT,,999.00,0.00,0.0,1.0,4047
23.60,-17.741,-4.056,114.7,0.04,CLEAR(조향OFF)|STRAIGHT,,999.00,0.00,0.0,1.1,4062
23.65,-17.743,-4.061,114.7,-0.04,CLEAR(조향OFF)|STRAIGHT,,999.00,0.00,0.0,1.1,4062
23.70,-17.743,-4.061,114.7,-0.04,CLEAR(조향OFF)|STRAIGHT,,999.00,0.00,0.0,1.0,4047
23.75,-17.742,-4.059,114.7,0.02,CLEAR(조향OFF)|STRAIGHT,,999.00,0.00,0.0,1.0,4047
23.80,-17.742,-4.059,114.7,0.02,CLEAR(조향OFF)|STRAIGHT,,999.00,0.00,0.0,1.0,4062
23.85,-17.741,-4.058,114.7,-0.00,CLEAR(조향OFF)|STRAIGHT,,999.00,0.00,0.0,1.1,4062
23.90,-17.741,-4.058,114.7,-0.00,CLEAR(조향OFF)|STRAIGHT,,999.00,0.00,0.0,1.1,4062
23.95,-17.743,-4.062,114.7,-0.02,CLEAR(조향OFF)|STRAIGHT,,999.00,0.00,0.0,1.1,4062
24.00,-17.743,-4.062,114.7,-0.02,CLEAR(조향OFF)|STRAIGHT,,999.00,0.00,0.0,1.1,4062
24.05,-17.743,-4.059,114.7,0.02,CLEAR(조향OFF)|STRAIGHT,,999.00,0.00,0.0,1.0,4047
24.10,-17.743,-4.059,114.7,0.02,CLEAR(조향OFF)|STRAIGHT,,999.00,0.00,0.0,1.1,4047
24.15,-17.744,-4.060,114.7,-0.00,CLEAR(조향OFF)|STRAIGHT,,999.00,0.00,0.0,1.0,4062
24.20,-17.744,-4.060,114.7,-0.00,CLEAR(조향OFF)|STRAIGHT,,999.00,0.00,0.0,1.0,4062
24.25,-17.740,-4.058,114.7,0.00,CLEAR(조향OFF)|STRAIGHT,,999.00,0.00,0.0,1.0,4062
24.30,-17.740,-4.058,114.7,0.00,CLEAR(조향OFF)|STRAIGHT,,999.00,0.00,0.0,1.1,4047
24.35,-17.745,-4.057,114.7,0.03,CLEAR(조향OFF)|STRAIGHT,,999.00,0.00,0.0,1.1,4047
24.40,-17.745,-4.057,114.7,0.03,CLEAR(조향OFF)|STRAIGHT,,999.00,0.00,0.0,1.1,4047
24.45,-17.746,-4.056,114.7,0.01,CLEAR(조향OFF)|STRAIGHT,,999.00,0.00,0.0,1.1,4033
24.50,-17.746,-4.056,114.7,0.01,CLEAR(조향OFF)|STRAIGHT,,999.00,0.00,0.0,1.0,4047
24.55,-17.741,-4.058,114.7,-0.04,CLEAR(조향OFF)|STRAIGHT,,999.00,0.00,0.0,1.0,4033
24.60,-17.741,-4.058,114.7,-0.04,CLEAR(조향OFF)|STRAIGHT,,999.00,0.00,0.0,1.0,4062
24.65,-17.743,-4.053,114.7,0.06,CLEAR(조향OFF)|STRAIGHT,,999.00,0.00,0.0,1.0,4047
24.70,-17.743,-4.053,114.7,0.06,CLEAR(조향OFF)|STRAIGHT,,999.00,0.00,0.0,1.1,4033
24.75,-17.739,-4.056,114.7,-0.04,CLEAR(조향OFF)|STRAIGHT,,999.00,0.00,0.0,1.1,4047
24.80,-17.739,-4.056,114.7,-0.04,CLEAR(조향OFF)|STRAIGHT,,999.00,0.00,0.0,1.1,4047
24.85,-17.740,-4.055,114.7,0.02,CLEAR(조향OFF)|STRAIGHT,,999.00,0.00,0.0,1.1,4047
24.90,-17.740,-4.055,114.7,0.02,CLEAR(조향OFF)|STRAIGHT,,999.00,0.00,0.0,1.0,4047
24.95,-17.740,-4.051,114.7,0.03,CLEAR(조향OFF)|STRAIGHT,,999.00,0.00,0.0,1.0,4062
25.00,-17.740,-4.051,114.7,0.03,CLEAR(조향OFF)|STRAIGHT,,999.00,0.00,0.0,1.1,4047
25.05,-17.739,-4.055,114.7,-0.05,CLEAR(조향OFF)|STRAIGHT,,999.00,0.00,0.0,1.1,4047
25.10,-17.739,-4.055,114.7,-0.05,CLEAR(조향OFF)|STRAIGHT,,999.00,0.00,0.0,1.0,4062
25.15,-17.742,-4.058,114.7,-0.01,CLEAR(조향OFF)|STRAIGHT,,999.00,0.00,0.0,1.1,4047
25.20,-17.742,-4.058,114.7,-0.01,CLEAR(조향OFF)|STRAIGHT,,999.00,0.00,0.0,1.1,4062
25.25,-17.741,-4.061,114.7,-0.03,CLEAR(조향OFF)|STRAIGHT,,999.00,0.00,0.0,1.1,4047
25.30,-17.741,-4.061,114.7,-0.03,CLEAR(조향OFF)|STRAIGHT,,999.00,0.00,0.0,1.0,4077
25.35,-17.741,-4.062,114.7,-0.01,CLEAR(조향OFF)|STRAIGHT,,999.00,0.00,0.0,1.0,4062
25.40,-17.741,-4.062,114.7,-0.01,CLEAR(조향OFF)|STRAIGHT,,999.00,0.00,0.0,1.0,4062
25.45,-17.740,-4.059,114.7,0.02,CLEAR(조향OFF)|STRAIGHT,,999.00,0.00,0.0,1.1,4033
25.50,-17.740,-4.059,114.7,0.02,CLEAR(조향OFF)|STRAIGHT,,999.00,0.00,0.0,1.0,4047
25.55,-17.739,-4.059,114.7,-0.00,CLEAR(조향OFF)|STRAIGHT,,999.00,0.00,0.0,1.0,4047
25.60,-17.739,-4.059,114.7,-0.00,CLEAR(조향OFF)|STRAIGHT,,999.00,0.00,0.0,1.0,4062
25.65,-17.741,-4.055,114.7,0.04,CLEAR(조향OFF)|STRAIGHT,,999.00,0.00,0.0,1.1,4047
25.70,-17.741,-4.055,114.7,0.04,CLEAR(조향OFF)|STRAIGHT,,999.00,0.00,0.0,1.0,4062
25.75,-17.743,-4.057,114.7,-0.01,CLEAR(조향OFF)|STRAIGHT,,999.00,0.00,0.0,1.0,4047
25.80,-17.743,-4.057,114.7,-0.01,CLEAR(조향OFF)|STRAIGHT,,999.00,0.00,0.0,1.0,4047
25.85,-17.743,-4.057,114.7,-0.01,CLEAR(조향OFF)|STRAIGHT,,999.00,0.00,0.0,1.0,4047
25.90,-17.743,-4.057,114.7,-0.01,CLEAR(조향OFF)|STRAIGHT,,999.00,0.00,0.0,1.0,4062
25.95,-17.742,-4.058,114.7,-0.00,CLEAR(조향OFF)|STRAIGHT,,999.00,0.00,0.0,1.1,4062
26.00,-17.742,-4.058,114.7,-0.00,CLEAR(조향OFF)|STRAIGHT,,999.00,0.00,0.0,1.0,4062
26.05,-17.744,-4.059,114.7,-0.01,CLEAR(조향OFF)|STRAIGHT,,999.00,0.00,0.0,1.0,4047
26.10,-17.744,-4.059,114.7,-0.01,CLEAR(조향OFF)|STRAIGHT,,999.00,0.00,0.0,1.1,4047
26.15,-17.746,-4.056,114.7,0.03,CLEAR(조향OFF)|STRAIGHT,,999.00,0.00,0.0,1.0,4047
26.20,-17.746,-4.056,114.7,0.03,CLEAR(조향OFF)|STRAIGHT,,999.00,0.00,0.0,1.1,4062
26.25,-17.744,-4.058,114.7,-0.02,CLEAR(조향OFF)|STRAIGHT,,999.00,0.00,0.0,1.0,4047
26.30,-17.744,-4.058,114.7,-0.02,CLEAR(조향OFF)|STRAIGHT,,999.00,0.00,0.0,1.1,4047
26.35,-17.743,-4.058,114.7,-0.01,CLEAR(조향OFF)|STRAIGHT,,999.00,0.00,0.0,1.0,4062
26.40,-17.743,-4.058,114.7,-0.01,CLEAR(조향OFF)|STRAIGHT,,999.00,0.00,0.0,1.0,4047
26.45,-17.744,-4.055,114.7,0.03,CLEAR(조향OFF)|STRAIGHT,,999.00,0.00,0.0,1.1,4033
26.50,-17.744,-4.055,114.7,0.03,CLEAR(조향OFF)|STRAIGHT,,999.00,0.00,0.0,1.1,4047
26.55,-17.744,-4.054,114.7,0.00,CLEAR(조향OFF)|STRAIGHT,,999.00,0.00,0.0,1.0,4047
26.60,-17.744,-4.054,114.7,0.00,CLEAR(조향OFF)|STRAIGHT,,999.00,0.00,0.0,1.0,4047
26.65,-17.742,-4.057,114.7,-0.04,CLEAR(조향OFF)|STRAIGHT,,999.00,0.00,0.0,1.1,4047
26.70,-17.742,-4.057,114.7,-0.04,CLEAR(조향OFF)|STRAIGHT,,999.00,0.00,0.0,1.0,4047
26.75,-17.742,-4.055,114.7,0.01,CLEAR(조향OFF)|STRAIGHT,,999.00,0.00,0.0,1.0,4062
26.80,-17.742,-4.055,114.7,0.01,CLEAR(조향OFF)|STRAIGHT,,999.00,0.00,0.0,1.0,4062
26.85,-17.741,-4.056,114.7,-0.01,CLEAR(조향OFF)|STRAIGHT,,999.00,0.00,0.0,1.0,4047
26.90,-17.741,-4.056,114.7,-0.01,CLEAR(조향OFF)|STRAIGHT,,999.00,0.00,0.0,1.0,4047
26.95,-17.743,-4.056,114.7,0.01,CLEAR(조향OFF)|STRAIGHT,,999.00,0.00,0.0,1.0,4062
27.00,-17.743,-4.056,114.7,0.01,CLEAR(조향OFF)|STRAIGHT,,999.00,0.00,0.0,1.0,4047
27.05,-17.740,-4.060,114.7,-0.05,CLEAR(조향OFF)|STRAIGHT,,999.00,0.00,0.0,1.0,4047
27.10,-17.740,-4.060,114.7,-0.05,CLEAR(조향OFF)|STRAIGHT,,999.00,0.00,0.0,1.1,4062
27.15,-17.741,-4.059,114.7,0.01,CLEAR(조향OFF)|STRAIGHT,,999.00,0.00,0.0,1.0,4047
27.20,-17.741,-4.059,114.7,0.01,CLEAR(조향OFF)|STRAIGHT,,999.00,0.00,0.0,1.0,4047
27.25,-17.742,-4.060,114.7,-0.00,CLEAR(조향OFF)|STRAIGHT,,999.00,0.00,0.0,1.0,4062
27.30,-17.742,-4.060,114.7,-0.00,CLEAR(조향OFF)|STRAIGHT,,999.00,0.00,0.0,1.0,4077
27.35,-17.740,-4.058,114.7,0.01,CLEAR(조향OFF)|STRAIGHT,,999.00,0.00,0.0,1.0,4062
27.40,-17.740,-4.058,114.7,0.01,CLEAR(조향OFF)|STRAIGHT,,999.00,0.00,0.0,1.0,4062
27.45,-17.740,-4.057,114.7,0.01,CLEAR(조향OFF)|STRAIGHT,,999.00,0.00,0.0,1.0,4062
27.50,-17.740,-4.057,114.7,0.01,CLEAR(조향OFF)|STRAIGHT,,999.00,0.00,0.0,1.1,4062
27.55,-17.738,-4.060,114.7,-0.04,CLEAR(조향OFF)|STRAIGHT,,999.00,0.00,0.0,1.1,4047
27.60,-17.738,-4.060,114.7,-0.04,CLEAR(조향OFF)|STRAIGHT,,999.00,0.00,0.0,1.0,4062
27.65,-17.738,-4.059,114.7,0.01,CLEAR(조향OFF)|STRAIGHT,,999.00,0.00,0.0,1.0,4047
27.70,-17.738,-4.059,114.7,0.01,CLEAR(조향OFF)|STRAIGHT,,999.00,0.00,0.0,1.0,4033
27.75,-17.741,-4.058,114.7,0.02,CLEAR(조향OFF)|STRAIGHT,,999.00,0.00,0.0,1.1,4062
27.80,-17.741,-4.058,114.7,0.02,CLEAR(조향OFF)|STRAIGHT,,999.00,0.00,0.0,1.0,4047
27.85,-17.740,-4.059,114.7,-0.02,CLEAR(조향OFF)|STRAIGHT,,999.00,0.00,0.0,1.0,4047
27.90,-17.740,-4.059,114.7,-0.02,CLEAR(조향OFF)|STRAIGHT,,999.00,0.00,0.0,1.0,4047
27.95,-17.739,-4.059,114.7,-0.00,CLEAR(조향OFF)|STRAIGHT,,999.00,0.00,0.0,1.1,4047
28.00,-17.739,-4.059,114.7,-0.00,CLEAR(조향OFF)|STRAIGHT,,999.00,0.00,0.0,1.0,4062
28.05,-17.740,-4.058,114.7,0.01,CLEAR(조향OFF)|STRAIGHT,,999.00,0.00,0.0,1.1,4062
28.10,-17.740,-4.058,114.7,0.01,CLEAR(조향OFF)|STRAIGHT,,999.00,0.00,0.0,1.0,4047
28.15,-17.740,-4.056,114.7,0.02,CLEAR(조향OFF)|STRAIGHT,,999.00,0.00,0.0,1.0,4047
28.20,-17.740,-4.056,114.7,0.02,CLEAR(조향OFF)|STRAIGHT,,999.00,0.00,0.0,1.0,4062
28.25,-17.741,-4.059,114.7,-0.03,CLEAR(조향OFF)|STRAIGHT,,999.00,0.00,0.0,1.0,4062
28.30,-17.741,-4.059,114.7,-0.03,CLEAR(조향OFF)|STRAIGHT,,999.00,0.00,0.0,1.0,4047
28.35,-17.742,-4.060,114.7,-0.01,CLEAR(조향OFF)|STRAIGHT,,999.00,0.00,0.0,1.0,4047
28.40,-17.742,-4.060,114.7,-0.01,CLEAR(조향OFF)|STRAIGHT,,999.00,0.00,0.0,1.1,4047
28.45,-17.743,-4.058,114.7,0.02,CLEAR(조향OFF)|STRAIGHT,,999.00,0.00,0.0,1.0,4062
28.50,-17.743,-4.058,114.7,0.02,CLEAR(조향OFF)|STRAIGHT,,999.00,0.00,0.0,1.1,4047
28.55,-17.741,-4.057,114.7,-0.00,CLEAR(조향OFF)|STRAIGHT,,999.00,0.00,0.0,1.1,4047
28.60,-17.741,-4.057,114.7,-0.00,CLEAR(조향OFF)|STRAIGHT,,999.00,0.00,0.0,1.0,4047
28.65,-17.741,-4.058,114.7,-0.00,CLEAR(조향OFF)|STRAIGHT,,999.00,0.00,0.0,1.0,4047
28.70,-17.741,-4.058,114.7,-0.00,CLEAR(조향OFF)|STRAIGHT,,999.00,0.00,0.0,1.1,4047
28.75,-17.741,-4.058,114.7,-0.00,CLEAR(조향OFF)|STRAIGHT,,999.00,0.00,0.0,1.0,4062
28.80,-17.741,-4.058,114.7,-0.00,CLEAR(조향OFF)|STRAIGHT,,999.00,0.00,0.0,1.0,4047
28.85,-17.740,-4.057,114.7,0.00,CLEAR(조향OFF)|STRAIGHT,,999.00,0.00,0.0,1.0,4062
28.90,-17.740,-4.057,114.7,0.00,CLEAR(조향OFF)|STRAIGHT,,999.00,0.00,0.0,1.1,4047
28.95,-17.741,-4.059,114.7,-0.00,CLEAR(조향OFF)|STRAIGHT,,999.00,0.00,0.0,1.0,4062
29.00,-17.741,-4.059,114.7,-0.00,CLEAR(조향OFF)|STRAIGHT,,999.00,0.00,0.0,1.1,4047
29.05,-17.739,-4.057,114.7,0.01,CLEAR(조향OFF)|STRAIGHT,,999.00,0.00,0.0,1.0,4047
29.10,-17.739,-4.057,114.7,0.01,CLEAR(조향OFF)|STRAIGHT,,999.00,0.00,0.0,1.1,4047
29.15,-17.742,-4.058,114.7,0.00,CLEAR(조향OFF)|STRAIGHT,,999.00,0.00,0.0,1.0,4047
29.20,-17.742,-4.058,114.7,0.00,CLEAR(조향OFF)|STRAIGHT,,999.00,0.00,0.0,1.0,4047
29.25,-17.743,-4.058,114.7,0.01,CLEAR(조향OFF)|STRAIGHT,,999.00,0.00,0.0,1.1,4047
29.30,-17.743,-4.058,114.7,0.01,CLEAR(조향OFF)|STRAIGHT,,999.00,0.00,0.0,1.1,4047
29.35,-17.741,-4.055,114.7,0.02,CLEAR(조향OFF)|STRAIGHT,,999.00,0.00,0.0,1.1,4047
29.40,-17.741,-4.055,114.7,0.02,CLEAR(조향OFF)|STRAIGHT,,999.00,0.00,0.0,1.1,4062
29.45,-17.741,-4.058,114.7,-0.03,CLEAR(조향OFF)|STRAIGHT,,999.00,0.00,0.0,1.0,4047
29.50,-17.741,-4.058,114.7,-0.03,CLEAR(조향OFF)|STRAIGHT,,999.00,0.00,0.0,1.0,4047
29.55,-17.741,-4.057,114.7,0.01,CLEAR(조향OFF)|STRAIGHT,,999.00,0.00,0.0,1.0,4047
29.60,-17.741,-4.057,114.7,0.01,CLEAR(조향OFF)|STRAIGHT,,999.00,0.00,0.0,1.0,4047
29.65,-17.741,-4.057,114.7,-0.00,CLEAR(조향OFF)|STRAIGHT,,999.00,0.00,0.0,1.1,4062
29.70,-17.741,-4.057,114.7,-0.00,CLEAR(조향OFF)|STRAIGHT,,999.00,0.00,0.0,1.0,4047
29.75,-17.742,-4.057,114.7,0.00,CLEAR(조향OFF)|STRAIGHT,,999.00,0.00,0.0,1.1,4047
29.80,-17.742,-4.057,114.7,0.00,CLEAR(조향OFF)|STRAIGHT,,999.00,0.00,0.0,1.0,4062
29.85,-17.741,-4.057,114.7,-0.00,CLEAR(조향OFF)|STRAIGHT,,999.00,0.00,0.0,1.0,4047
29.90,-17.741,-4.057,114.7,-0.00,CLEAR(조향OFF)|STRAIGHT,,999.00,0.00,0.0,1.0,4047
29.95,-17.739,-4.058,114.7,-0.02,CLEAR(조향OFF)|STRAIGHT,,999.00,0.00,0.0,1.0,4062
30.00,-17.739,-4.058,114.7,-0.02,CLEAR(조향OFF)|STRAIGHT,,999.00,0.00,0.0,1.0,4047
30.05,-17.742,-4.058,114.7,0.02,CLEAR(조향OFF)|STRAIGHT,,999.00,0.00,0.0,1.1,4047
30.10,-17.742,-4.058,114.7,0.02,CLEAR(조향OFF)|STRAIGHT,,999.00,0.00,0.0,1.0,4062
30.15,-17.741,-4.056,114.7,0.01,CLEAR(조향OFF)|STRAIGHT,,999.00,0.00,0.0,1.0,4047
30.20,-17.741,-4.056,114.7,0.01,CLEAR(조향OFF)|STRAIGHT,,999.00,0.00,0.0,1.0,4062
30.25,-17.744,-4.055,114.7,0.02,CLEAR(조향OFF)|STRAIGHT,,999.00,0.00,0.0,1.1,4047
30.30,-17.744,-4.055,114.7,0.02,CLEAR(조향OFF)|STRAIGHT,,999.00,0.00,0.0,1.0,4062
30.35,-17.745,-4.054,114.7,0.02,CLEAR(조향OFF)|STRAIGHT,,999.00,0.00,0.0,1.1,4047
30.40,-17.745,-4.054,114.7,0.02,CLEAR(조향OFF)|STRAIGHT,,999.00,0.00,0.0,1.0,4047
30.45,-17.747,-4.053,114.7,0.01,CLEAR(조향OFF)|STRAIGHT,,999.00,0.00,0.0,1.0,4047
30.50,-17.747,-4.053,114.7,0.01,CLEAR(조향OFF)|STRAIGHT,,999.00,0.00,0.0,1.0,4047
30.55,-17.744,-4.058,114.7,-0.06,CLEAR(조향OFF)|STRAIGHT,,999.00,0.00,0.0,1.0,4047
30.60,-17.744,-4.058,114.7,-0.06,CLEAR(조향OFF)|STRAIGHT,,999.00,0.00,0.0,1.1,4047
30.65,-17.743,-4.062,114.7,-0.04,CLEAR(조향OFF)|STRAIGHT,,999.00,0.00,0.0,1.0,4047
30.70,-17.743,-4.062,114.7,-0.04,CLEAR(조향OFF)|STRAIGHT,,999.00,0.00,0.0,1.1,4047
30.75,-17.742,-4.060,114.7,0.01,CLEAR(조향OFF)|STRAIGHT,,999.00,0.00,0.0,1.1,4062
30.80,-17.742,-4.060,114.7,0.01,CLEAR(조향OFF)|STRAIGHT,,999.00,0.00,0.0,1.0,4062
30.85,-17.741,-4.058,114.7,0.02,CLEAR(조향OFF)|STRAIGHT,,999.00,0.00,0.0,1.0,4062
30.90,-17.741,-4.058,114.7,0.02,CLEAR(조향OFF)|STRAIGHT,,999.00,0.00,0.0,1.1,4047
30.95,-17.740,-4.062,114.7,-0.04,CLEAR(조향OFF)|STRAIGHT,,999.00,0.00,0.0,1.0,4062
31.00,-17.740,-4.062,114.7,-0.04,CLEAR(조향OFF)|STRAIGHT,,999.00,0.00,0.0,1.1,4062
31.05,-17.740,-4.061,114.7,0.01,CLEAR(조향OFF)|STRAIGHT,,999.00,0.00,0.0,1.0,4047
31.10,-17.740,-4.061,114.7,0.01,CLEAR(조향OFF)|STRAIGHT,,999.00,0.00,0.0,1.0,4062
31.15,-17.740,-4.059,114.7,0.01,CLEAR(조향OFF)|STRAIGHT,,999.00,0.00,0.0,1.1,4047
31.20,-17.740,-4.059,114.7,0.01,CLEAR(조향OFF)|STRAIGHT,,999.00,0.00,0.0,1.0,4077
31.25,-17.738,-4.058,114.7,0.01,CLEAR(조향OFF)|STRAIGHT,,999.00,0.00,0.0,1.1,4062
31.30,-17.738,-4.058,114.7,0.01,CLEAR(조향OFF)|STRAIGHT,,999.00,0.70,0.0,1.0,4062
31.35,-17.739,-4.060,114.7,-0.02,CLEAR(조향OFF)|STRAIGHT,,999.00,0.70,0.0,1.1,4062
31.40,-17.739,-4.060,114.7,-0.02,CLEAR(조향OFF)|STRAIGHT,,999.00,0.70,0.0,1.1,4047
31.45,-17.739,-4.060,114.7,-0.00,CLEAR(조향OFF)|STRAIGHT,,999.00,0.70,0.0,1.0,4047
31.50,-17.739,-4.060,114.7,-0.00,CLEAR(조향OFF)|STRAIGHT,,999.00,0.70,0.0,1.1,4062
31.55,-17.740,-4.058,114.7,0.03,CLEAR(조향OFF)|STRAIGHT,,999.00,0.70,0.0,1.0,4062
31.60,-17.740,-4.058,114.7,0.03,CLEAR(조향OFF)|STRAIGHT,,999.00,0.70,0.0,1.0,4062
31.65,-17.739,-4.059,114.7,-0.02,CLEAR(조향OFF)|STRAIGHT,,999.00,0.70,0.0,1.1,4047
31.70,-17.739,-4.059,114.7,-0.02,CLEAR(조향OFF)|STRAIGHT,,999.00,0.70,-0.0,1.1,4062
31.75,-17.742,-4.061,114.8,-0.00,CLEAR(조향OFF)|STRAIGHT,,999.00,0.70,-0.0,2.4,4047
31.80,-17.742,-4.061,114.8,-0.00,CLEAR(조향OFF)|STRAIGHT,,999.00,0.70,-0.0,1.0,4077
31.85,-17.746,-4.065,114.8,-0.02,CLEAR(조향OFF)|STRAIGHT,,999.00,0.70,-0.0,0.9,4077
31.90,-17.746,-4.065,114.7,-0.02,CLEAR(조향OFF)|STRAIGHT,,999.00,0.70,-0.0,0.9,4106
31.95,-17.756,-4.071,114.7,-0.02,CLEAR(조향OFF)|STRAIGHT,,999.00,0.70,-0.0,0.9,4092
32.00,-17.756,-4.071,114.7,-0.02,CLEAR(조향OFF)|STRAIGHT,,999.00,0.70,-0.0,0.8,4092
32.05,-17.772,-4.081,114.8,-0.03,CLEAR(조향OFF)|STRAIGHT,,999.00,0.70,-0.0,0.9,4077
32.10,-17.772,-4.081,114.8,-0.03,CLEAR(조향OFF)|STRAIGHT,,999.00,0.70,-0.1,0.9,4062
32.15,-17.788,-4.090,114.8,-0.01,CLEAR(조향OFF)|STRAIGHT,,999.00,0.70,-0.1,0.9,4077
32.20,-17.788,-4.090,114.8,-0.01,CLEAR(조향OFF)|STRAIGHT,,999.00,0.70,-0.0,0.9,4092
32.25,-17.812,-4.104,114.7,-0.03,CLEAR(조향OFF)|STRAIGHT,,999.00,0.70,-0.0,0.9,4077
32.30,-17.812,-4.104,114.8,-0.03,CLEAR(조향OFF)|STRAIGHT,,999.00,0.70,-0.0,0.8,4077
32.35,-17.842,-4.123,114.8,-0.04,CLEAR(조향OFF)|STRAIGHT,,999.00,0.70,-0.0,0.8,4077
32.40,-17.842,-4.123,114.7,-0.04,CLEAR(조향OFF)|STRAIGHT,,999.00,0.70,-0.0,0.9,4062
32.45,-17.867,-4.142,114.7,-0.07,CLEAR(조향OFF)|STRAIGHT,,999.00,0.70,-0.0,0.9,4077
32.50,-17.867,-4.142,114.7,-0.07,CLEAR(조향OFF)|STRAIGHT,,999.00,0.70,0.0,0.9,4092
32.55,-17.902,-4.169,114.8,-0.10,CLEAR(조향OFF)|STRAIGHT,,999.00,0.70,0.0,0.8,4077
32.60,-17.902,-4.169,114.7,-0.10,CLEAR(조향OFF)|STRAIGHT,,999.00,0.70,-0.0,0.9,4077
32.65,-17.938,-4.195,114.7,-0.08,CLEAR(조향OFF)|STRAIGHT,,999.00,0.70,-0.0,0.9,4077
32.70,-17.938,-4.195,114.8,-0.08,CLEAR(조향OFF)|STRAIGHT,,999.00,0.70,-0.0,0.8,4092
32.75,-17.972,-4.223,114.7,-0.10,CLEAR(조향OFF)|STRAIGHT,,999.00,0.70,-0.0,0.9,4077
32.80,-17.972,-4.223,114.7,-0.10,CLEAR(조향OFF)|STRAIGHT,,999.00,0.70,0.0,0.8,4077
32.85,-18.012,-4.252,114.8,-0.11,CLEAR(조향OFF)|STRAIGHT,,999.00,0.70,0.0,0.9,4077
32.90,-18.012,-4.252,114.7,-0.11,CLEAR(조향OFF)|STRAIGHT,,999.00,0.70,-0.0,0.8,4077
32.95,-18.055,-4.285,114.7,-0.10,CLEAR(조향OFF)|STRAIGHT,,999.00,0.70,-0.0,0.9,4077
33.00,-18.055,-4.285,114.7,-0.10,CLEAR(조향OFF)|STRAIGHT,,999.00,0.70,-0.0,0.8,4062
33.05,-18.100,-4.319,114.7,-0.14,CLEAR(조향OFF)|STRAIGHT,,999.00,0.70,-0.0,0.8,4077
33.10,-18.100,-4.319,114.7,-0.14,CLEAR(조향OFF)|STRAIGHT,,999.00,0.70,-0.0,0.9,4092
33.15,-18.139,-4.355,114.7,-0.16,CLEAR(조향OFF)|STRAIGHT,,999.00,0.70,-0.0,0.9,4077
33.20,-18.139,-4.355,114.7,-0.16,CLEAR(조향OFF)|STRAIGHT,,999.00,0.70,0.1,0.9,4062
33.25,-18.185,-4.386,114.6,-0.09,CLEAR(조향OFF)|STRAIGHT,,999.00,0.70,0.1,0.9,4092
33.30,-18.185,-4.386,114.6,-0.09,CLEAR(조향OFF)|STRAIGHT,,999.00,0.70,0.2,0.9,4077
33.35,-18.237,-4.421,114.6,-0.10,CLEAR(조향OFF)|STRAIGHT,,999.00,0.70,0.2,0.9,4092
33.40,-18.237,-4.421,114.6,-0.10,CLEAR(조향OFF)|STRAIGHT,,999.00,0.70,0.2,1.0,4062
33.45,-18.284,-4.457,114.6,-0.15,CLEAR(조향OFF)|STRAIGHT,,999.00,0.70,0.2,0.9,4077
33.50,-18.284,-4.457,114.6,-0.15,CLEAR(조향OFF)|STRAIGHT,,999.00,0.70,0.3,0.9,4077
33.55,-18.332,-4.500,114.6,-0.19,CLEAR(조향OFF)|STRAIGHT,,999.00,0.70,0.3,0.9,4092
33.60,-18.332,-4.500,114.6,-0.19,CLEAR(조향OFF)|STRAIGHT,,999.00,0.70,0.2,0.8,4092
33.65,-18.388,-4.536,114.6,-0.08,CLEAR(조향OFF)|STRAIGHT,,999.00,0.70,0.2,0.9,4092
33.70,-18.388,-4.536,114.6,-0.08,CLEAR(조향OFF)|STRAIGHT,,999.00,0.70,0.2,0.9,4062
33.75,-18.447,-4.573,114.5,-0.09,CLEAR(조향OFF)|STRAIGHT,,999.00,0.70,0.2,0.9,4092
33.80,-18.447,-4.573,114.6,-0.09,CLEAR(조향OFF)|STRAIGHT,,999.00,0.70,0.3,0.8,4077
33.85,-18.500,-4.614,114.5,-0.16,CLEAR(조향OFF)|STRAIGHT,,999.00,0.70,0.3,0.8,4077
33.90,-18.500,-4.614,114.5,-0.16,CLEAR(조향OFF)|STRAIGHT,,999.00,0.70,0.3,0.9,4077
33.95,-18.559,-4.662,114.6,-0.17,CLEAR(조향OFF)|STRAIGHT,,999.00,0.70,0.3,0.9,4092
34.00,-18.559,-4.662,114.5,-0.17,CLEAR(조향OFF)|STRAIGHT,,999.00,0.70,0.3,0.9,4062
34.05,-18.616,-4.700,114.5,-0.13,CLEAR(조향OFF)|STRAIGHT,,999.00,0.70,0.3,0.8,4092
34.10,-18.616,-4.700,114.5,-0.13,CLEAR(조향OFF)|STRAIGHT,,999.00,0.70,0.4,0.9,4077
34.15,-18.682,-4.743,114.5,-0.11,CLEAR(조향OFF)|STRAIGHT,,999.00,0.70,0.4,0.9,4062
34.20,-18.682,-4.743,114.4,-0.11,CLEAR(조향OFF)|STRAIGHT,,999.00,0.70,0.5,0.9,4077
34.25,-18.735,-4.790,114.4,-0.21,CLEAR(조향OFF)|STRAIGHT,,999.00,0.70,0.5,0.9,4077
34.30,-18.735,-4.790,114.4,-0.21,CLEAR(조향OFF)|STRAIGHT,,999.00,0.70,0.5,0.9,4062
34.35,-18.797,-4.838,114.4,-0.18,CLEAR(조향OFF)|STRAIGHT,,999.00,0.70,0.5,0.8,4092
34.40,-18.797,-4.838,114.3,-0.18,CLEAR(조향OFF)|STRAIGHT,,999.00,0.70,0.6,0.9,4077
34.45,-18.862,-4.881,114.3,-0.14,CLEAR(조향OFF)|STRAIGHT,,999.00,0.70,0.6,0.9,4077
34.50,-18.862,-4.881,114.3,-0.14,CLEAR(조향OFF)|STRAIGHT,,999.00,0.70,0.6,0.9,4077
34.55,-18.923,-4.931,114.3,-0.18,CLEAR(조향OFF)|STRAIGHT,,999.00,0.70,0.6,0.9,4092
34.60,-18.923,-4.931,114.3,-0.18,CLEAR(조향OFF)|STRAIGHT,,999.00,0.70,0.6,0.9,4077
34.65,-18.990,-4.980,114.2,-0.18,CLEAR(조향OFF)|STRAIGHT,,999.00,0.70,0.6,0.9,4077
34.70,-18.990,-4.980,114.2,-0.18,CLEAR(조향OFF)|STRAIGHT,,999.00,0.70,0.7,0.8,4092
34.75,-19.056,-5.026,114.3,-0.14,CLEAR(조향OFF)|STRAIGHT,,999.00,0.70,0.7,0.9,4077
34.80,-19.056,-5.026,114.3,-0.14,CLEAR(조향OFF)|STRAIGHT,,999.00,0.70,0.7,1.0,4077
34.85,-19.124,-5.077,114.3,-0.18,CLEAR(조향OFF)|STRAIGHT,,999.00,0.70,0.7,0.9,4077
34.90,-19.124,-5.077,114.3,-0.18,CLEAR(조향OFF)|STRAIGHT,,999.00,0.70,0.6,0.8,4092
34.95,-19.185,-5.123,114.3,-0.19,CLEAR(조향OFF)|STRAIGHT,,999.00,0.70,0.6,0.9,4077
35.00,-19.185,-5.123,114.3,-0.19,CLEAR(조향OFF)|STRAIGHT,,999.00,0.70,0.6,0.9,4077
35.05,-19.257,-5.170,114.4,-0.14,CLEAR(조향OFF)|STRAIGHT,,999.00,0.70,0.6,0.9,4092
35.10,-19.257,-5.170,114.4,-0.14,CLEAR(조향OFF)|STRAIGHT,,999.00,0.70,0.4,0.9,4092
35.15,-19.326,-5.220,114.4,-0.16,CLEAR(조향OFF)|STRAIGHT,,999.00,0.70,0.4,0.9,4077
35.20,-19.326,-5.220,114.4,-0.16,CLEAR(조향OFF)|STRAIGHT,,999.00,0.70,0.5,0.9,4092
35.25,-19.397,-5.271,114.5,-0.17,CLEAR(조향OFF)|STRAIGHT,,999.00,0.70,0.5,0.9,4077
35.30,-19.397,-5.271,114.4,-0.17,CLEAR(조향OFF)|STRAIGHT,,999.00,0.70,0.5,0.9,4077
35.35,-19.465,-5.324,114.4,-0.20,CLEAR(조향OFF)|STRAIGHT,,999.00,0.70,0.5,0.9,4092
35.40,-19.465,-5.324,114.4,-0.20,CLEAR(조향OFF)|STRAIGHT,,999.00,0.70,0.5,0.9,4077
35.45,-19.536,-5.374,114.3,-0.17,CLEAR(조향OFF)|STRAIGHT,,999.00,0.70,0.5,0.9,4077
35.50,-19.536,-5.374,114.3,-0.17,CLEAR(조향OFF)|STRAIGHT,,999.00,0.70,0.7,0.9,4077
35.55,-19.608,-5.427,114.3,-0.18,CLEAR(조향OFF)|STRAIGHT,,999.00,0.70,0.7,0.8,4092
35.60,-19.608,-5.427,114.2,-0.18,CLEAR(조향OFF)|STRAIGHT,,999.00,0.70,0.7,0.8,4092
35.65,-19.677,-5.487,114.2,-0.26,CLEAR(조향OFF)|STRAIGHT,,999.00,0.70,0.7,0.8,4106
35.70,-19.677,-5.487,114.2,-0.26,CLEAR(조향OFF)|STRAIGHT,,999.00,0.70,0.8,0.8,4092
35.75,-19.748,-5.539,114.2,-0.16,CLEAR(조향OFF)|STRAIGHT,,999.00,0.70,0.8,0.9,4077
35.80,-19.748,-5.539,114.3,-0.16,CLEAR(조향OFF)|STRAIGHT,,999.00,0.70,0.7,0.9,4092
35.85,-19.827,-5.589,114.2,-0.14,CLEAR(조향OFF)|STRAIGHT,,999.00,0.70,0.7,0.9,4077
35.90,-19.827,-5.589,114.2,-0.14,CLEAR(조향OFF)|STRAIGHT,,999.00,0.70,0.8,0.8,4092
35.95,-19.901,-5.642,114.3,-0.20,CLEAR(조향OFF)|STRAIGHT,,999.00,0.70,0.8,0.9,4092
36.00,-19.901,-5.642,114.3,-0.20,CLEAR(조향OFF)|STRAIGHT,,999.00,0.70,0.7,0.9,4092
36.05,-19.976,-5.698,114.2,-0.19,CLEAR(조향OFF)|STRAIGHT,,999.00,0.70,0.7,0.9,4106
36.10,-19.976,-5.698,114.3,-0.19,CLEAR(조향OFF)|STRAIGHT,,999.00,0.70,0.7,0.8,4106
36.15,-20.053,-5.755,114.3,-0.23,CLEAR(조향OFF)|STRAIGHT,,999.00,0.70,0.7,1.0,4077
36.20,-20.053,-5.755,114.3,-0.23,CLEAR(조향OFF)|STRAIGHT,,999.00,0.70,0.7,0.8,4106
36.25,-20.126,-5.811,114.3,-0.19,CLEAR(조향OFF)|STRAIGHT,,999.00,0.70,0.7,0.8,4106
36.30,-20.126,-5.811,114.3,-0.19,CLEAR(조향OFF)|STRAIGHT,,999.00,0.70,0.7,0.9,4092
36.35,-20.196,-5.867,114.3,-0.22,CLEAR(조향OFF)|STRAIGHT,,999.00,0.70,0.7,0.9,4077
36.40,-20.196,-5.867,114.3,-0.22,CLEAR(조향OFF)|STRAIGHT,,999.00,0.70,0.7,0.8,4106
36.45,-20.272,-5.917,114.3,-0.14,CLEAR(조향OFF)|STRAIGHT,,999.00,0.70,0.7,0.8,4092
36.50,-20.272,-5.917,114.3,-0.14,CLEAR(조향OFF)|STRAIGHT,,999.00,0.70,0.7,0.9,4106
36.55,-20.354,-5.974,114.3,-0.18,CLEAR(조향OFF)|STRAIGHT,,999.00,0.70,0.7,0.8,4092
36.60,-20.354,-5.974,114.3,-0.18,CLEAR(조향OFF)|STRAIGHT,,999.00,0.70,0.7,0.9,4106
36.65,-20.432,-6.028,114.3,-0.17,CLEAR(조향OFF)|STRAIGHT,,999.00,0.70,0.7,0.8,4106
36.70,-20.432,-6.028,114.3,-0.17,CLEAR(조향OFF)|STRAIGHT,,999.00,0.70,0.7,0.9,4106
36.75,-20.506,-6.086,114.3,-0.20,CLEAR(조향OFF)|STRAIGHT,,999.00,0.70,0.7,0.8,4106
36.80,-20.506,-6.086,114.3,-0.20,CLEAR(조향OFF)|STRAIGHT,,999.00,0.70,0.7,0.8,4092
36.85,-20.506,-6.086,114.3,-0.20,CLEAR(조향OFF)|STRAIGHT,,999.00,0.70,0.7,0.9,4106
36.90,-20.506,-6.086,114.3,-0.20,CLEAR(조향OFF)|STRAIGHT,,999.00,0.70,0.7,0.9,4106
36.95,-20.506,-6.086,114.3,-0.20,CLEAR(조향OFF)|STRAIGHT,,999.00,0.70,0.7,0.8,4106
37.00,-20.506,-6.086,114.3,-0.20,CLEAR(조향OFF)|STRAIGHT,,999.00,0.70,0.7,0.9,4106
37.05,-20.506,-6.086,114.3,-0.20,CLEAR(조향OFF)|STRAIGHT,,999.00,0.70,0.7,0.9,4092
37.10,-20.506,-6.086,114.3,-0.20,CLEAR(조향OFF)|STRAIGHT,,999.00,0.70,0.7,0.9,4092
37.15,-20.506,-6.086,114.3,-0.20,CLEAR(조향OFF)|STRAIGHT,,999.00,0.70,0.7,0.9,4121
37.20,-20.506,-6.086,114.3,-0.20,CLEAR(조향OFF)|STRAIGHT,,999.00,0.70,0.7,0.9,4092
37.25,-20.506,-6.086,114.3,-0.20,CLEAR(조향OFF)|STRAIGHT,,999.00,0.70,0.7,0.9,4077
37.30,-20.506,-6.086,114.3,-0.20,CLEAR(조향OFF)|STRAIGHT,,999.00,0.70,0.7,0.9,4092
37.35,-20.506,-6.086,114.3,-0.20,CLEAR(조향OFF)|STRAIGHT,,999.00,0.70,0.7,0.8,4106
37.40,-20.506,-6.086,114.3,-0.20,CLEAR(조향OFF)|STRAIGHT,,999.00,0.70,0.7,0.9,4077
37.45,-20.506,-6.086,114.3,-0.20,CLEAR(조향OFF)|STRAIGHT,,999.00,0.70,0.7,0.9,4106
37.50,-20.506,-6.086,114.3,-0.20,CLEAR(조향OFF)|STRAIGHT,,999.00,0.70,0.7,0.9,4092
37.55,-20.506,-6.086,114.3,-0.20,CLEAR(조향OFF)|STRAIGHT,,999.00,0.70,0.7,0.9,4092
37.60,-20.506,-6.086,114.3,-0.20,CLEAR(조향OFF)|STRAIGHT,,999.00,0.70,0.7,0.8,4106
37.65,-20.506,-6.086,114.3,-0.20,CLEAR(조향OFF)|STRAIGHT,,999.00,0.70,0.7,0.9,4106
37.70,-20.506,-6.086,114.3,-0.20,CLEAR(조향OFF)|STRAIGHT,,999.00,0.70,0.7,0.9,4106
37.75,-20.506,-6.086,114.3,-0.20,CLEAR(조향OFF)|STRAIGHT,,999.00,0.70,0.7,0.8,4092
37.80,-20.506,-6.086,114.3,-0.20,CLEAR(조향OFF)|STRAIGHT,,999.00,0.70,0.7,0.8,4106
37.85,-20.506,-6.086,114.3,-0.20,CLEAR(조향OFF)|STRAIGHT,,999.00,0.70,0.7,0.8,4121
37.90,-20.506,-6.086,114.3,-0.20,CLEAR(조향OFF)|STRAIGHT,,999.00,0.70,0.7,0.9,4121
37.95,-20.506,-6.086,114.3,-0.20,CLEAR(조향OFF)|STRAIGHT,,999.00,0.70,0.7,0.9,4106
38.00,-20.506,-6.086,114.3,-0.20,CLEAR(조향OFF)|STRAIGHT,,999.00,0.70,0.7,0.9,4092
38.05,-20.506,-6.086,114.3,-0.20,CLEAR(조향OFF)|STRAIGHT,,999.00,0.70,0.7,0.8,4092
38.10,-20.506,-6.086,114.3,-0.20,CLEAR(조향OFF)|STRAIGHT,,999.00,0.70,0.7,0.9,4106
38.15,-21.614,-6.901,114.1,-0.24,CLEAR(조향OFF)|STRAIGHT,,999.00,0.70,0.7,0.9,4092
38.20,-21.614,-6.901,114.1,-0.24,CLEAR(조향OFF)|STRAIGHT,,999.00,0.70,1.0,0.9,4121
38.25,-21.695,-6.960,114.1,-0.21,CLEAR(조향OFF)|STRAIGHT,,999.00,0.70,1.0,0.9,4092
38.30,-21.695,-6.960,114.1,-0.21,CLEAR(조향OFF)|STRAIGHT,,999.00,0.70,1.0,0.9,4106
38.35,-21.779,-7.022,114.0,-0.23,CLEAR(조향OFF)|STRAIGHT,,999.00,0.70,1.0,0.9,4121
38.40,-21.779,-7.022,114.0,-0.23,CLEAR(조향OFF)|STRAIGHT,,999.00,0.70,1.1,0.8,4106
38.45,-21.860,-7.078,114.0,-0.18,CLEAR(조향OFF)|STRAIGHT,,999.00,0.70,1.1,0.9,4106
38.50,-21.860,-7.078,114.0,-0.18,CLEAR(조향OFF)|STRAIGHT,,999.00,0.70,1.1,0.8,4121
38.55,-21.942,-7.136,114.0,-0.20,CLEAR(조향OFF)|STRAIGHT,,999.00,0.70,1.1,0.8,4106
38.60,-21.942,-7.136,114.0,-0.20,CLEAR(조향OFF)|STRAIGHT,,999.00,0.70,1.1,0.8,4121
38.65,-22.024,-7.199,114.1,-0.24,CLEAR(조향OFF)|STRAIGHT,,999.00,0.70,1.1,0.9,4106
38.70,-22.024,-7.199,114.1,-0.24,CLEAR(조향OFF)|STRAIGHT,,999.00,0.70,1.0,0.8,4106
38.75,-22.102,-7.263,114.0,-0.25,CLEAR(조향OFF)|STRAIGHT,,999.00,0.70,1.0,1.0,4121
38.80,-22.102,-7.263,114.0,-0.25,CLEAR(조향OFF)|STRAIGHT,,999.00,0.70,1.0,0.9,4121
38.85,-22.187,-7.330,114.0,-0.29,CLEAR(조향OFF)|STRAIGHT,,999.00,0.70,1.0,0.9,4121
38.90,-22.187,-7.330,114.0,-0.29,CLEAR(조향OFF)|STRAIGHT,,999.00,0.70,1.1,0.9,4121
38.95,-22.269,-7.389,114.0,-0.23,CLEAR(조향OFF)|STRAIGHT,,999.00,0.70,1.1,0.8,4121
39.00,-22.269,-7.389,114.0,-0.23,CLEAR(조향OFF)|STRAIGHT,,999.00,0.70,1.2,0.9,4092
39.05,-22.355,-7.450,114.0,-0.20,CLEAR(조향OFF)|STRAIGHT,,999.00,0.70,1.2,0.7,4121
39.10,-22.355,-7.450,114.0,-0.20,CLEAR(조향OFF)|STRAIGHT,,999.00,0.70,1.1,0.9,4106
39.15,-22.428,-7.518,113.9,-0.32,CLEAR(조향OFF)|STRAIGHT,,999.00,0.70,1.1,0.9,4106
39.20,-22.428,-7.518,114.0,-0.32,CLEAR(조향OFF)|STRAIGHT,,999.00,0.70,1.1,0.8,4121
39.25,-22.514,-7.578,113.9,-0.20,CLEAR(조향OFF)|STRAIGHT,,999.00,0.70,1.1,0.9,4121
39.30,-22.514,-7.578,113.9,-0.20,CLEAR(조향OFF)|STRAIGHT,,999.00,0.70,1.2,0.8,4106
39.35,-22.603,-7.636,113.9,-0.18,CLEAR(조향OFF)|STRAIGHT,,999.00,0.70,1.2,0.9,4121
39.40,-22.603,-7.636,113.9,-0.18,CLEAR(조향OFF)|STRAIGHT,,999.00,0.70,1.2,0.9,4121
39.45,-22.679,-7.704,113.9,-0.31,CLEAR(조향OFF)|STRAIGHT,,999.00,0.70,1.2,0.8,4092
39.50,-22.679,-7.704,114.0,-0.31,CLEAR(조향OFF)|STRAIGHT,,999.00,0.70,1.1,0.9,4106
39.55,-22.766,-7.758,114.0,-0.14,CLEAR(조향OFF)|STRAIGHT,,999.00,0.70,1.1,0.9,4092
39.60,-22.766,-7.758,114.0,-0.14,CLEAR(조향OFF)|STRAIGHT,,999.00,0.70,1.2,0.9,4092
39.65,-22.852,-7.821,113.9,-0.22,CLEAR(조향OFF)|STRAIGHT,,999.00,0.70,1.2,0.9,4106
39.70,-22.852,-7.821,113.9,-0.22,CLEAR(조향OFF)|STRAIGHT,,999.00,0.70,1.2,0.9,4092
39.75,-22.930,-7.887,113.9,-0.26,CLEAR(조향OFF)|STRAIGHT,,999.00,0.70,1.2,0.9,4121
39.80,-22.930,-7.887,113.9,-0.26,CLEAR(조향OFF)|STRAIGHT,,999.00,0.70,1.2,0.9,4106
39.85,-23.013,-7.952,113.9,-0.28,CLEAR(조향OFF)|STRAIGHT,,999.00,0.70,1.2,0.9,4106
39.90,-23.013,-7.952,113.9,-0.28,CLEAR(조향OFF)|STRAIGHT,,999.00,0.70,1.2,0.8,4092
39.95,-23.091,-8.012,113.9,-0.22,CLEAR(조향OFF)|STRAIGHT,,999.00,0.70,1.2,0.9,4106
40.00,-23.091,-8.012,113.9,-0.22,CLEAR(조향OFF)|STRAIGHT,,999.00,0.70,1.2,0.9,4106
40.05,-23.177,-8.077,113.9,-0.27,CLEAR(조향OFF)|STRAIGHT,,999.00,0.70,1.2,0.9,4092
40.10,-23.177,-8.077,113.9,-0.27,CLEAR(조향OFF)|STRAIGHT,,999.00,0.70,1.2,0.9,4092
40.15,-23.262,-8.139,113.9,-0.22,CLEAR(조향OFF)|STRAIGHT,,999.00,0.70,1.2,0.9,4092
40.20,-23.262,-8.139,113.9,-0.22,CLEAR(조향OFF)|STRAIGHT,,999.00,0.70,1.2,0.9,4106
40.25,-23.338,-8.207,113.9,-0.32,CLEAR(조향OFF)|STRAIGHT,,999.00,0.70,1.2,0.8,4077
40.30,-23.338,-8.207,113.9,-0.32,CLEAR(조향OFF)|STRAIGHT,,999.00,0.70,1.2,0.8,4077
40.35,-23.338,-8.207,113.9,-0.32,CLEAR(조향OFF)|STRAIGHT,,999.00,0.70,1.2,0.9,4152
40.40,-23.338,-8.207,113.9,-0.32,CLEAR(조향OFF)|STRAIGHT,,999.00,0.70,1.2,0.9,4106
40.45,-23.338,-8.207,113.9,-0.32,CLEAR(조향OFF)|STRAIGHT,,999.00,0.70,1.2,0.8,4106
40.50,-23.338,-8.207,113.9,-0.32,CLEAR(조향OFF)|STRAIGHT,,999.00,0.70,1.2,0.8,4106
40.55,-23.338,-8.207,113.9,-0.32,CLEAR(조향OFF)|STRAIGHT,,999.00,0.70,1.2,0.9,4106
40.60,-23.338,-8.207,113.9,-0.32,CLEAR(조향OFF)|STRAIGHT,,999.00,0.70,1.2,0.9,4106
40.65,-23.338,-8.207,113.9,-0.32,CLEAR(조향OFF)|STRAIGHT,,999.00,0.70,1.2,0.9,4121
40.70,-23.338,-8.207,113.9,-0.32,CLEAR(조향OFF)|STRAIGHT,,999.00,0.70,1.2,0.9,4106
40.75,-23.338,-8.207,113.9,-0.32,CLEAR(조향OFF)|STRAIGHT,,999.00,0.70,1.2,0.9,4106
40.80,-23.338,-8.207,113.9,-0.32,CLEAR(조향OFF)|STRAIGHT,,999.00,0.70,1.2,0.8,4121
40.85,-23.338,-8.207,113.9,-0.32,CLEAR(조향OFF)|STRAIGHT,,999.00,0.70,1.2,0.9,4106
40.90,-23.338,-8.207,113.9,-0.32,CLEAR(조향OFF)|STRAIGHT,,999.00,0.70,1.2,0.9,4047
40.95,-23.338,-8.207,113.9,-0.32,CLEAR(조향OFF)|STRAIGHT,,999.00,0.70,1.2,0.8,4106
41.00,-23.338,-8.207,113.9,-0.32,CLEAR(조향OFF)|STRAIGHT,,999.00,0.70,1.2,0.8,4106
41.05,-23.338,-8.207,113.9,-0.32,CLEAR(조향OFF)|STRAIGHT,,999.00,0.70,1.2,0.8,4106
41.10,-23.338,-8.207,113.9,-0.32,CLEAR(조향OFF)|STRAIGHT,,999.00,0.70,1.2,0.8,4092
41.15,-23.338,-8.207,113.9,-0.32,CLEAR(조향OFF)|STRAIGHT,,999.00,0.70,1.2,0.9,4121
41.20,-23.338,-8.207,113.9,-0.32,CLEAR(조향OFF)|STRAIGHT,,999.00,0.70,1.2,0.9,4121
41.25,-23.338,-8.207,113.9,-0.32,CLEAR(조향OFF)|STRAIGHT,,999.00,0.70,1.2,0.9,4121
41.30,-23.338,-8.207,113.9,-0.32,CLEAR(조향OFF)|STRAIGHT,,999.00,0.70,1.2,0.8,4106
41.35,-23.338,-8.207,113.9,-0.32,CLEAR(조향OFF)|STRAIGHT,,999.00,0.70,1.2,0.9,4106
41.40,-23.338,-8.207,113.9,-0.32,CLEAR(조향OFF)|STRAIGHT,,999.00,0.70,1.2,0.9,4121
41.45,-23.338,-8.207,113.9,-0.32,CLEAR(조향OFF)|STRAIGHT,,999.00,0.70,1.2,0.8,4106
41.50,-23.338,-8.207,113.9,-0.32,CLEAR(조향OFF)|STRAIGHT,,999.00,0.70,1.2,0.9,4077
41.55,-23.338,-8.207,113.9,-0.32,CLEAR(조향OFF)|STRAIGHT,,999.00,0.70,1.2,0.9,4106
41.60,-24.455,-8.986,113.5,-0.20,CLEAR(조향OFF)|STRAIGHT,,999.00,0.70,1.8,0.9,4106
41.65,-24.539,-9.054,113.6,-0.32,CLEAR(조향OFF)|STRAIGHT,,999.00,0.70,1.8,0.9,4092
41.70,-24.539,-9.054,113.6,-0.32,CLEAR(조향OFF)|STRAIGHT,,999.00,0.70,1.8,0.9,4106
41.75,-24.617,-9.122,113.6,-0.25,CLEAR(조향OFF)|STRAIGHT,,999.00,0.70,1.8,0.9,4106
41.80,-24.617,-9.122,113.5,-0.25,CLEAR(조향OFF)|STRAIGHT,,999.00,0.70,1.8,0.8,4106
41.85,-24.706,-9.185,113.5,-0.25,CLEAR(조향OFF)|STRAIGHT,,999.00,0.70,1.8,0.9,4106
41.90,-24.706,-9.185,113.6,-0.25,CLEAR(조향OFF)|STRAIGHT,,999.00,0.70,1.8,0.9,4106
41.95,-24.797,-9.242,113.6,-0.16,CLEAR(조향OFF)|STRAIGHT,,999.00,0.70,1.8,0.9,4106
42.00,-24.797,-9.242,113.6,-0.16,CLEAR(조향OFF)|STRAIGHT,,999.00,0.70,1.8,0.8,4137
42.05,-24.881,-9.306,113.6,-0.27,CLEAR(조향OFF)|STRAIGHT,,999.00,0.70,1.8,0.8,4121
42.10,-24.881,-9.306,113.6,-0.27,CLEAR(조향OFF)|STRAIGHT,,999.00,0.70,1.8,0.9,4137
42.15,-24.977,-9.353,113.6,-0.04,CLEAR(조향OFF)|STRAIGHT,,999.00,0.70,1.8,0.9,4106
42.20,-24.977,-9.353,113.6,-0.04,CLEAR(조향OFF)|STRAIGHT,,999.00,0.70,1.8,0.9,4106
42.25,-25.068,-9.407,113.6,-0.14,CLEAR(조향OFF)|STRAIGHT,,999.00,0.70,1.8,0.9,4121
42.30,-25.068,-9.407,113.6,-0.14,CLEAR(조향OFF)|STRAIGHT,,999.00,0.70,1.8,0.8,4106
42.35,-25.148,-9.473,113.6,-0.29,CLEAR(조향OFF)|STRAIGHT,,999.00,0.70,1.8,0.9,4121
42.40,-25.148,-9.473,113.6,-0.29,CLEAR(조향OFF)|STRAIGHT,,999.00,0.70,1.8,0.9,4106
42.45,-25.148,-9.473,113.6,-0.29,CLEAR(조향OFF)|STRAIGHT,,999.00,0.70,1.8,0.9,4092
42.50,-25.148,-9.473,113.6,-0.29,CLEAR(조향OFF)|STRAIGHT,,999.00,0.70,1.8,0.8,4092
42.55,-25.148,-9.473,113.6,-0.29,CLEAR(조향OFF)|STRAIGHT,,999.00,0.70,1.8,0.9,4106
42.60,-25.148,-9.473,113.6,-0.29,CLEAR(조향OFF)|STRAIGHT,,999.00,0.70,1.8,0.8,4121
42.65,-25.148,-9.473,113.6,-0.29,CLEAR(조향OFF)|STRAIGHT,,999.00,0.70,1.8,0.9,4121
42.70,-25.148,-9.473,113.6,-0.29,CLEAR(조향OFF)|STRAIGHT,,999.00,0.70,1.8,0.9,4106
42.75,-25.148,-9.473,113.6,-0.29,CLEAR(조향OFF)|STRAIGHT,,999.00,0.70,1.8,0.9,4092
42.80,-25.148,-9.473,113.6,-0.29,CLEAR(조향OFF)|STRAIGHT,,999.00,0.70,1.8,0.9,4106
42.85,-25.148,-9.473,113.6,-0.29,CLEAR(조향OFF)|STRAIGHT,,999.00,0.70,1.8,0.9,4137
42.90,-25.148,-9.473,113.6,-0.29,CLEAR(조향OFF)|STRAIGHT,,999.00,0.70,1.8,0.9,4092
42.95,-25.148,-9.473,113.6,-0.29,CLEAR(조향OFF)|STRAIGHT,,999.00,0.70,1.8,0.9,4137
43.00,-25.148,-9.473,113.6,-0.29,CLEAR(조향OFF)|STRAIGHT,,999.00,0.70,1.8,0.9,4121
43.05,-25.148,-9.473,113.6,-0.29,CLEAR(조향OFF)|STRAIGHT,,999.00,0.70,1.8,0.9,4121
43.10,-25.148,-9.473,113.6,-0.29,CLEAR(조향OFF)|STRAIGHT,,999.00,0.70,1.8,0.9,4106
43.15,-25.148,-9.473,113.6,-0.29,CLEAR(조향OFF)|STRAIGHT,,999.00,0.70,1.8,0.9,4137
43.20,-25.148,-9.473,113.6,-0.29,CLEAR(조향OFF)|STRAIGHT,,999.00,0.00,0.0,0.9,4092
43.25,-25.148,-9.473,113.6,-0.29,CLEAR(조향OFF)|STRAIGHT,,999.00,0.00,0.0,0.9,4106
43.30,-25.148,-9.473,113.6,-0.29,CLEAR(조향OFF)|STRAIGHT,,999.00,0.00,0.0,0.9,4121
43.35,-25.148,-9.473,113.6,-0.29,CLEAR(조향OFF)|STRAIGHT,,999.00,0.00,0.0,0.9,4106
43.40,-25.148,-9.473,113.6,-0.29,CLEAR(조향OFF)|STRAIGHT,,999.00,0.00,0.0,0.9,4137
43.45,-25.148,-9.473,113.6,-0.29,CLEAR(조향OFF)|STRAIGHT,,999.00,0.00,0.0,0.9,4106
43.50,-25.148,-9.473,113.6,-0.29,CLEAR(조향OFF)|STRAIGHT,,999.00,0.00,0.0,0.9,4092
43.55,-25.148,-9.473,113.6,-0.29,CLEAR(조향OFF)|STRAIGHT,,999.00,0.00,0.0,0.9,4077
43.60,-25.148,-9.473,113.6,-0.29,CLEAR(조향OFF)|STRAIGHT,,999.00,0.00,0.0,0.9,4106
43.65,-25.148,-9.473,113.6,-0.29,CLEAR(조향OFF)|STRAIGHT,,999.00,0.00,0.0,0.8,4106
43.70,-25.148,-9.473,113.6,-0.29,CLEAR(조향OFF)|STRAIGHT,,999.00,0.00,0.0,0.9,4092
43.75,-26.325,-10.342,-143.0,0.71,CLEAR(조향OFF)|STRAIGHT,,999.00,0.00,0.0,0.8,4106
43.80,-26.325,-10.342,-143.1,0.71,CLEAR(조향OFF)|STRAIGHT,,999.00,0.00,0.0,0.9,4092
43.85,-26.387,-10.394,-143.0,0.91,CLEAR(조향OFF)|STRAIGHT,,999.00,0.00,0.0,0.9,4077
43.90,-26.387,-10.394,-143.0,0.91,CLEAR(조향OFF)|STRAIGHT,,999.00,0.00,0.0,0.9,4092
43.95,-26.455,-10.429,-143.1,0.75,CLEAR(조향OFF)|STRAIGHT,,999.00,0.00,0.0,0.9,4092
44.00,-26.455,-10.429,-143.1,0.75,CLEAR(조향OFF)|STRAIGHT,,999.00,0.00,0.0,0.9,4092
44.05,-26.511,-10.474,-143.0,0.80,CLEAR(조향OFF)|STRAIGHT,,999.00,0.00,0.0,0.9,4077
44.10,-26.511,-10.474,-143.1,0.80,CLEAR(조향OFF)|STRAIGHT,,999.00,0.00,0.0,0.9,4077
44.15,-26.568,-10.509,-143.1,0.67,CLEAR(조향OFF)|STRAIGHT,,999.00,0.00,0.0,0.9,4077
44.20,-26.568,-10.509,-143.1,0.67,CLEAR(조향OFF)|STRAIGHT,,999.00,0.00,0.0,0.9,4106
44.25,-26.620,-10.542,-143.1,0.61,CLEAR(조향OFF)|STRAIGHT,,999.00,0.00,0.0,0.9,4106
44.30,-26.620,-10.542,-143.1,0.61,CLEAR(조향OFF)|STRAIGHT,,999.00,0.00,0.0,0.9,4092
44.35,-26.669,-10.574,-143.1,0.59,CLEAR(조향OFF)|STRAIGHT,,999.00,0.00,0.0,0.9,4092
44.40,-26.669,-10.574,-143.1,0.59,CLEAR(조향OFF)|STRAIGHT,,999.00,0.00,0.0,0.9,4092
44.45,-26.706,-10.602,-143.1,0.46,CLEAR(조향OFF)|STRAIGHT,,999.00,0.00,0.0,0.9,4106
44.50,-26.706,-10.602,-143.1,0.46,CLEAR(조향OFF)|STRAIGHT,,999.00,0.00,0.0,0.8,4092
44.55,-26.746,-10.625,-143.2,0.46,CLEAR(조향OFF)|STRAIGHT,,999.00,0.00,0.0,0.9,4106
44.60,-26.746,-10.625,-143.1,0.46,CLEAR(조향OFF)|STRAIGHT,,999.00,0.69,2.8,0.9,4092
44.65,-26.779,-10.647,-143.1,0.40,CLEAR(조향OFF)|STRAIGHT,,999.00,0.69,2.8,0.8,4106
44.70,-26.779,-10.647,-143.1,0.40,CLEAR(조향OFF)|STRAIGHT,,999.00,0.69,3.1,0.8,4106
44.75,-26.803,-10.672,-143.1,0.31,CLEAR(조향OFF)|STRAIGHT,,999.00,0.69,3.1,0.8,4077
44.80,-26.803,-10.672,-143.1,0.31,CLEAR(조향OFF)|STRAIGHT,,999.00,0.69,3.4,1.3,4047
44.85,-26.827,-10.689,-143.1,0.29,CLEAR(조향OFF)|STRAIGHT,,999.00,0.69,3.4,1.4,4033
44.90,-26.827,-10.689,-143.1,0.29,CLEAR(조향OFF)|STRAIGHT,,999.00,0.69,3.5,1.5,4004
44.95,-26.843,-10.711,-143.1,0.26,CLEAR(조향OFF)|STRAIGHT,,999.00,0.69,3.5,1.4,4018
45.00,-26.843,-10.711,-143.1,0.26,CLEAR(조향OFF)|STRAIGHT,,999.00,0.69,3.5,1.5,4018
45.05,-26.858,-10.729,-143.1,0.25,CLEAR(조향OFF)|STRAIGHT,,999.00,0.69,3.5,1.4,4033
45.10,-26.858,-10.729,-143.1,0.25,CLEAR(조향OFF)|STRAIGHT,,999.00,0.69,3.5,1.5,4047
45.15,-26.877,-10.747,-143.1,0.26,CLEAR(조향OFF)|STRAIGHT,,999.00,0.69,3.5,1.5,4033
45.20,-26.877,-10.747,-143.0,0.26,CLEAR(조향OFF)|STRAIGHT,,999.00,0.69,3.5,1.6,4062
45.25,-26.902,-10.766,-143.0,0.32,CLEAR(조향OFF)|STRAIGHT,,999.00,0.69,3.5,1.4,4062
45.30,-26.902,-10.766,-143.0,0.32,CLEAR(조향OFF)|STRAIGHT,,999.00,0.69,3.4,1.6,4062
45.35,-26.929,-10.785,-143.0,0.32,CLEAR(조향OFF)|STRAIGHT,,999.00,0.69,3.4,1.5,4062
45.40,-26.929,-10.785,-143.0,0.32,CLEAR(조향OFF)|STRAIGHT,,999.00,0.69,3.5,1.5,4047
45.45,-26.955,-10.806,-143.0,0.31,CLEAR(조향OFF)|STRAIGHT,,999.00,0.69,3.5,1.5,4047
45.50,-26.955,-10.806,-143.0,0.31,CLEAR(조향OFF)|STRAIGHT,,999.00,0.69,3.6,1.6,4047
45.55,-26.986,-10.836,-143.0,0.42,CLEAR(조향OFF)|STRAIGHT,,999.00,0.69,3.6,1.6,4047
45.60,-26.986,-10.836,-143.0,0.42,CLEAR(조향OFF)|STRAIGHT,,999.00,0.69,3.2,1.6,4033
45.65,-27.018,-10.866,-143.0,0.49,CLEAR(조향OFF)|STRAIGHT,,999.00,0.69,3.2,1.6,4047
45.70,-27.018,-10.866,-142.9,0.49,CLEAR(조향OFF)|STRAIGHT,,999.00,0.69,3.0,1.8,4033
45.75,-27.054,-10.892,-143.0,0.36,CLEAR(조향OFF)|STRAIGHT,,999.00,0.69,3.0,1.7,4004
45.80,-27.054,-10.892,-142.9,0.36,CLEAR(조향OFF)|STRAIGHT,,999.00,0.69,3.7,1.8,4018
45.85,-27.090,-10.921,-142.9,0.52,CLEAR(조향OFF)|STRAIGHT,,999.00,0.69,3.7,1.7,4004
45.90,-27.090,-10.921,-142.9,0.52,CLEAR(조향OFF)|STRAIGHT,,999.00,0.69,3.2,1.8,3990
45.95,-27.135,-10.947,-142.9,0.47,CLEAR(조향OFF)|STRAIGHT,,999.00,0.69,3.1,1.8,4004
46.00,-27.135,-10.947,-142.9,0.47,CLEAR(조향OFF)|STRAIGHT,,999.00,0.69,2.0,1.8,3976
46.05,-27.177,-10.977,-142.8,0.58,CLEAR(조향OFF)|STRAIGHT,,999.00,0.69,2.0,1.8,3962
46.10,-27.177,-10.977,-142.9,0.58,CLEAR(조향OFF)|STRAIGHT,,999.00,0.69,1.9,1.8,3976
46.15,-27.226,-11.003,-142.9,0.54,CLEAR(조향OFF)|STRAIGHT,,999.00,0.69,1.9,1.8,3962
46.20,-27.226,-11.003,-142.9,0.54,CLEAR(조향OFF)|STRAIGHT,,999.00,0.69,2.2,1.8,3962
46.25,-27.281,-11.023,-142.9,0.57,CLEAR(조향OFF)|STRAIGHT,,999.00,0.69,2.2,1.8,3962
46.30,-27.281,-11.023,-142.8,0.57,CLEAR(조향OFF)|STRAIGHT,,999.00,0.69,2.6,1.8,3962
46.35,-27.323,-11.062,-142.8,0.57,CLEAR(조향OFF)|STRAIGHT,,999.00,0.69,2.6,1.8,3948
46.40,-27.323,-11.062,-142.8,0.57,CLEAR(조향OFF)|STRAIGHT,,999.00,0.69,2.6,1.8,3962
46.45,-27.371,-11.094,-142.8,0.58,CLEAR(조향OFF)|STRAIGHT,,999.00,0.69,2.6,1.8,3962
46.50,-27.371,-11.094,-142.7,0.58,CLEAR(조향OFF)|STRAIGHT,,999.00,0.69,2.8,1.8,3962
46.55,-27.419,-11.132,-142.8,0.61,CLEAR(조향OFF)|STRAIGHT,,999.00,0.69,2.8,1.8,3962
46.60,-27.419,-11.132,-142.7,0.61,CLEAR(조향OFF)|STRAIGHT,,999.00,0.69,2.9,1.8,3962
46.65,-27.467,-11.167,-142.7,0.60,CLEAR(조향OFF)|STRAIGHT,,999.00,0.69,2.8,1.8,3934
46.70,-27.467,-11.167,-142.7,0.60,CLEAR(조향OFF)|STRAIGHT,,999.00,0.69,3.0,1.9,3948
46.75,-27.516,-11.210,-142.6,0.59,CLEAR(조향OFF)|STRAIGHT,,999.00,0.69,3.1,1.8,3934
46.80,-27.516,-11.210,-142.6,0.59,CLEAR(조향OFF)|STRAIGHT,,999.00,0.69,1.7,1.8,3962
46.85,-27.562,-11.246,-142.6,0.64,CLEAR(조향OFF)|STRAIGHT,,999.00,0.69,1.7,1.8,3934
46.90,-27.562,-11.246,-142.6,0.64,CLEAR(조향OFF)|STRAIGHT,,999.00,0.69,1.7,1.8,3920
46.95,-27.614,-11.292,-142.5,0.70,CLEAR(조향OFF)|STRAIGHT,,999.00,0.69,1.6,1.8,3962
47.00,-27.614,-11.292,-142.5,0.70,CLEAR(조향OFF)|STRAIGHT,,999.00,0.69,1.5,1.8,3962
47.05,-27.658,-11.332,-142.5,0.59,CLEAR(조향OFF)|STRAIGHT,,999.00,0.69,1.5,1.8,3976
47.10,-27.658,-11.332,-142.4,0.59,CLEAR(조향OFF)|STRAIGHT,,999.00,0.69,1.6,1.8,3990
47.15,-27.713,-11.373,-142.4,0.69,CLEAR(조향OFF)|STRAIGHT,,999.00,0.69,1.6,1.8,3962
47.20,-27.713,-11.373,-142.4,0.69,CLEAR(조향OFF)|STRAIGHT,,999.00,0.69,1.6,1.8,3962
47.25,-27.763,-11.418,-142.3,0.68,CLEAR(조향OFF)|STRAIGHT,,999.00,0.69,1.6,1.8,3962
47.30,-27.763,-11.418,-142.3,0.68,CLEAR(조향OFF)|STRAIGHT,,999.00,0.69,1.5,1.9,3934
47.35,-27.812,-11.464,-142.3,0.66,CLEAR(조향OFF)|STRAIGHT,,999.00,0.69,1.5,1.8,3962
47.40,-27.812,-11.464,-142.3,0.66,CLEAR(조향OFF)|STRAIGHT,,999.00,0.69,1.5,1.8,3948
47.45,-27.864,-11.505,-142.3,0.66,CLEAR(조향OFF)|STRAIGHT,,999.00,0.69,1.5,1.8,3948
47.50,-27.864,-11.505,-142.3,0.66,CLEAR(조향OFF)|STRAIGHT,,999.00,0.69,1.5,1.8,3948
47.55,-27.929,-11.542,-142.3,0.75,CLEAR(조향OFF)|STRAIGHT,,999.00,0.69,1.5,1.8,3948
47.60,-27.929,-11.542,-142.3,0.75,CLEAR(조향OFF)|STRAIGHT,,999.00,0.69,0.9,1.7,3934
47.65,-27.990,-11.579,-142.2,0.71,CLEAR(조향OFF)|STRAIGHT,,999.00,0.69,0.8,1.8,3948
47.70,-27.990,-11.579,-142.2,0.71,CLEAR(조향OFF)|STRAIGHT,,999.00,0.69,1.0,1.8,3948
47.75,-28.045,-11.626,-142.2,0.66,CLEAR(조향OFF)|STRAIGHT,,999.00,0.69,1.0,1.9,3948
47.80,-28.045,-11.626,-142.1,0.66,CLEAR(조향OFF)|STRAIGHT,,999.00,0.69,1.1,1.8,3934
47.85,-28.110,-11.668,-142.1,0.86,CLEAR(조향OFF)|STRAIGHT,,999.00,0.69,1.0,1.8,3934
47.90,-28.110,-11.668,-142.1,0.86,CLEAR(조향OFF)|STRAIGHT,,999.00,0.69,1.0,1.8,3934
47.95,-28.170,-11.706,-142.1,0.79,CLEAR(조향OFF)|STRAIGHT,,999.00,0.69,0.9,1.8,3962
48.00,-28.170,-11.706,-142.1,0.79,CLEAR(조향OFF)|STRAIGHT,,999.00,0.69,1.2,1.9,3934
48.05,-28.225,-11.758,-142.0,0.68,CLEAR(조향OFF)|STRAIGHT,,999.00,0.69,1.2,1.8,3948
48.10,-28.225,-11.758,-142.0,0.68,CLEAR(조향OFF)|STRAIGHT,,999.00,0.69,1.3,1.8,3934
48.15,-28.278,-11.808,-141.9,0.72,CLEAR(조향OFF)|STRAIGHT,,999.00,0.69,1.3,1.8,3948
48.20,-28.278,-11.808,-141.9,0.72,CLEAR(조향OFF)|STRAIGHT,,999.00,0.69,1.1,1.8,3948
48.25,-28.342,-11.854,-141.9,0.79,CLEAR(조향OFF)|STRAIGHT,,999.00,0.69,1.1,1.8,3976
48.30,-28.342,-11.854,-141.9,0.79,CLEAR(조향OFF)|STRAIGHT,,999.00,0.69,0.4,1.8,3962
48.35,-28.400,-11.900,-141.9,0.74,CLEAR(조향OFF)|STRAIGHT,,999.00,0.69,0.4,1.8,3962
48.40,-28.400,-11.900,-141.9,0.74,CLEAR(조향OFF)|STRAIGHT,,999.00,0.69,0.4,1.8,3962
48.45,-28.454,-11.959,-141.9,0.79,CLEAR(조향OFF)|STRAIGHT,,999.00,0.69,0.4,1.9,3934
48.50,-28.454,-11.959,-141.9,0.79,CLEAR(조향OFF)|STRAIGHT,,999.00,0.69,0.2,1.8,3948
48.55,-28.519,-12.006,-141.9,0.80,CLEAR(조향OFF)|STRAIGHT,,999.00,0.69,0.2,1.8,3948
48.60,-28.519,-12.006,-141.9,0.80,CLEAR(조향OFF)|STRAIGHT,,999.00,0.69,0.2,1.8,3920
48.65,-28.583,-12.050,-141.9,0.78,CLEAR(조향OFF)|STRAIGHT,,999.00,0.69,0.2,1.6,3976
48.70,-28.583,-12.050,-141.9,0.78,CLEAR(조향OFF)|STRAIGHT,,999.00,0.69,0.4,0.9,4047
48.75,-28.583,-12.050,-141.9,0.78,CLEAR(조향OFF)|STRAIGHT,,999.00,0.69,0.4,0.9,4077
48.80,-28.583,-12.050,-141.9,0.78,CLEAR(조향OFF)|STRAIGHT,,999.00,0.69,0.4,0.9,4092
48.85,-28.583,-12.050,-141.9,0.78,CLEAR(조향OFF)|STRAIGHT,,999.00,0.69,0.4,0.9,4077
48.90,-28.583,-12.050,-141.9,0.78,CLEAR(조향OFF)|STRAIGHT,,999.00,0.69,0.4,0.8,4077
48.95,-28.583,-12.050,-141.9,0.78,CLEAR(조향OFF)|STRAIGHT,,999.00,0.69,0.4,0.9,4092
49.00,-28.583,-12.050,-141.9,0.78,CLEAR(조향OFF)|STRAIGHT,,999.00,0.69,0.4,0.9,4077
49.05,-28.583,-12.050,-141.9,0.78,CLEAR(조향OFF)|STRAIGHT,,999.00,0.69,0.4,0.9,4092
49.10,-28.583,-12.050,-141.9,0.78,CLEAR(조향OFF)|STRAIGHT,,999.00,0.69,0.4,1.0,4092
49.15,-28.583,-12.050,-141.9,0.78,CLEAR(조향OFF)|STRAIGHT,,999.00,0.69,0.4,0.9,4092
49.20,-28.583,-12.050,-141.9,0.78,CLEAR(조향OFF)|STRAIGHT,,999.00,0.69,0.4,0.8,4092
49.25,-28.583,-12.050,-141.9,0.78,CLEAR(조향OFF)|STRAIGHT,,999.00,0.69,0.0,0.9,4092
49.30,-28.583,-12.050,-141.9,0.78,CLEAR(조향OFF)|STRAIGHT,,999.00,0.00,0.0,0.9,4092
49.35,-28.583,-12.050,-141.9,0.78,CLEAR(조향OFF)|STRAIGHT,,999.00,0.00,0.0,0.8,4092
49.40,-28.583,-12.050,-141.9,0.78,CLEAR(조향OFF)|STRAIGHT,,999.00,0.00,0.0,0.9,4106
49.45,-28.583,-12.050,-141.9,0.78,CLEAR(조향OFF)|STRAIGHT,,999.00,0.00,0.0,0.8,4092
49.50,-28.583,-12.050,-141.9,0.78,CLEAR(조향OFF)|STRAIGHT,,999.00,0.00,0.0,0.9,4077
49.55,-28.583,-12.050,-141.9,0.78,CLEAR(조향OFF)|STRAIGHT,,999.00,0.00,0.0,0.9,4077
49.60,-28.583,-12.050,-141.9,0.78,CLEAR(조향OFF)|STRAIGHT,,999.00,0.00,0.0,0.9,4077
49.65,-28.583,-12.050,-141.9,0.78,CLEAR(조향OFF)|STRAIGHT,,999.00,0.00,0.0,1.0,4092
49.70,-28.583,-12.050,-141.9,0.78,CLEAR(조향OFF)|STRAIGHT,,999.00,0.00,0.0,0.9,4077
49.75,-28.583,-12.050,-141.9,0.78,CLEAR(조향OFF)|STRAIGHT,,999.00,0.00,0.0,0.9,4077
49.80,-28.583,-12.050,-141.9,0.78,CLEAR(조향OFF)|STRAIGHT,,999.00,0.00,0.0,0.9,4106
49.85,-28.583,-12.050,-141.9,0.78,CLEAR(조향OFF)|STRAIGHT,,999.00,0.00,0.0,0.9,4092
49.90,-28.583,-12.050,-141.9,0.78,CLEAR(조향OFF)|STRAIGHT,,999.00,0.00,0.0,0.9,4077
49.95,-28.583,-12.050,-141.9,0.78,CLEAR(조향OFF)|STRAIGHT,,999.00,0.00,0.0,0.9,4092
50.00,-28.583,-12.050,-141.9,0.78,CLEAR(조향OFF)|STRAIGHT,,999.00,0.00,0.0,0.9,4092
50.05,-29.420,-12.695,-141.6,0.69,CLEAR(조향OFF)|STRAIGHT,,999.00,0.00,0.0,0.8,4092
50.10,-29.420,-12.695,-141.5,0.69,CLEAR(조향OFF)|STRAIGHT,,999.00,0.00,-0.5,0.9,4106
50.15,-29.457,-12.721,-141.6,0.45,CLEAR(조향OFF)|STRAIGHT,,999.00,0.05,-0.5,0.8,4106
50.20,-29.457,-12.721,-141.6,0.45,CLEAR(조향OFF)|STRAIGHT,,999.00,0.10,-0.2,0.9,4092
50.25,-29.491,-12.743,-141.6,0.37,CLEAR(조향OFF)|STRAIGHT,,999.00,0.15,-0.2,0.9,4077
50.30,-29.491,-12.743,-141.6,0.37,CLEAR(조향OFF)|STRAIGHT,,999.00,0.20,-0.4,0.8,4092
50.35,-29.525,-12.766,-141.6,0.41,CLEAR(조향OFF)|STRAIGHT,,999.00,0.25,-0.4,0.8,4092
50.40,-29.525,-12.766,-141.6,0.41,CLEAR(조향OFF)|STRAIGHT,,999.00,0.30,-0.4,0.8,4092
50.45,-29.542,-12.786,-141.6,0.29,CLEAR(조향OFF)|STRAIGHT,,999.00,0.35,-0.4,0.9,4106
50.50,-29.542,-12.786,-141.6,0.29,CLEAR(조향OFF)|STRAIGHT,,999.00,0.40,-0.4,0.9,4121
50.55,-29.565,-12.802,-141.5,0.28,CLEAR(조향OFF)|STRAIGHT,,999.00,0.45,-0.4,0.9,4137
50.60,-29.565,-12.802,-141.5,0.28,CLEAR(조향OFF)|STRAIGHT,,999.00,0.50,-0.4,0.9,4121
50.65,-29.588,-12.824,-141.6,0.31,CLEAR(조향OFF)|STRAIGHT,,999.00,0.55,-0.4,0.9,4137
50.70,-29.588,-12.824,-141.6,0.31,CLEAR(조향OFF)|STRAIGHT,,999.00,0.60,-0.5,0.9,4121
50.75,-29.616,-12.847,-141.6,0.31,CLEAR(조향OFF)|STRAIGHT,,999.00,0.65,-0.5,0.8,4121
50.80,-29.616,-12.847,-141.6,0.31,CLEAR(조향OFF)|STRAIGHT,,999.00,0.69,-0.5,0.9,4137
50.85,-29.645,-12.868,-141.6,0.40,CLEAR(조향OFF)|STRAIGHT,,999.00,0.69,-0.5,0.8,4137
50.90,-29.645,-12.868,-141.5,0.40,CLEAR(조향OFF)|STRAIGHT,,999.00,0.69,-0.6,0.8,4137
50.95,-29.680,-12.891,-141.6,0.46,CLEAR(조향OFF)|STRAIGHT,,999.00,0.69,-0.6,0.9,4137
51.00,-29.680,-12.891,-141.5,0.46,CLEAR(조향OFF)|STRAIGHT,,999.00,0.69,-0.6,0.8,4137
51.05,-29.711,-12.921,-141.5,0.43,CLEAR(조향OFF)|STRAIGHT,,999.00,0.69,-0.6,0.9,4137
51.10,-29.711,-12.921,-141.6,0.43,CLEAR(조향OFF)|STRAIGHT,,999.00,0.69,-0.7,0.6,4183
51.15,-29.746,-12.952,-141.5,0.47,CLEAR(조향OFF)|STRAIGHT,,999.00,0.69,-0.7,0.5,4183
51.20,-29.746,-12.952,-141.5,0.47,CLEAR(조향OFF)|STRAIGHT,,999.00,0.69,-0.8,0.5,4183
51.25,-29.790,-12.984,-141.5,0.54,CLEAR(조향OFF)|STRAIGHT,,999.00,0.69,-0.8,0.6,4183
51.30,-29.790,-12.984,-141.5,0.54,CLEAR(조향OFF)|STRAIGHT,,999.00,0.69,-0.9,0.5,4198
51.35,-29.832,-13.019,-141.6,0.55,CLEAR(조향OFF)|STRAIGHT,,999.00,0.69,-0.9,0.6,4183
51.40,-29.832,-13.019,-141.5,0.55,CLEAR(조향OFF)|STRAIGHT,,999.00,0.69,-1.0,0.6,4198
51.45,-29.873,-13.053,-141.6,0.54,CLEAR(조향OFF)|STRAIGHT,,999.00,0.69,-1.0,0.6,4152
51.50,-29.873,-13.053,-141.6,0.54,CLEAR(조향OFF)|STRAIGHT,,999.00,0.69,-1.0,0.6,4183
51.55,-29.914,-13.091,-141.6,0.56,CLEAR(조향OFF)|STRAIGHT,,999.00,0.69,-1.0,0.6,4167
51.60,-29.914,-13.091,-141.6,0.56,CLEAR(조향OFF)|STRAIGHT,,999.00,0.69,-1.2,0.6,4152
51.65,-29.964,-13.128,-141.6,0.62,CLEAR(조향OFF)|STRAIGHT,,999.00,0.69,-1.2,0.4,4167
51.70,-29.964,-13.128,-141.7,0.62,CLEAR(조향OFF)|STRAIGHT,,999.00,0.69,-1.2,0.4,4198
51.75,-30.013,-13.162,-141.6,0.50,CLEAR(조향OFF)|STRAIGHT,,999.00,0.69,-1.1,0.3,4167
51.80,-30.013,-13.162,-141.6,0.50,CLEAR(조향OFF)|STRAIGHT,,999.00,0.69,-1.1,0.4,4198
51.85,-30.064,-13.201,-141.7,0.71,CLEAR(조향OFF)|STRAIGHT,,999.00,0.69,-1.1,0.3,4198
51.90,-30.064,-13.201,-141.7,0.71,CLEAR(조향OFF)|STRAIGHT,,999.00,0.69,-1.2,0.4,4183
51.95,-30.115,-13.239,-141.7,0.63,CLEAR(조향OFF)|STRAIGHT,,999.00,0.69,-1.2,0.3,4183
52.00,-30.115,-13.239,-141.7,0.63,CLEAR(조향OFF)|STRAIGHT,,999.00,0.69,-1.2,0.3,4167
52.05,-30.115,-13.239,-141.7,0.63,CLEAR(조향OFF)|STRAIGHT,,999.00,0.69,-1.2,0.4,4167
52.10,-30.115,-13.239,-141.7,0.63,CLEAR(조향OFF)|STRAIGHT,,999.00,0.69,-1.2,0.5,4183
52.15,-30.231,-13.309,-141.7,10.09,CLEAR(조향OFF)|STRAIGHT,,999.00,0.69,-1.2,0.4,4198
52.20,-30.231,-13.309,-141.8,10.09,CLEAR(조향OFF)|STRAIGHT,,999.00,0.69,-1.0,0.3,4183
52.25,-30.283,-13.349,-141.8,0.66,CLEAR(조향OFF)|STRAIGHT,,999.00,0.69,-0.9,0.2,4183
52.30,-30.283,-13.349,-141.7,0.66,CLEAR(조향OFF)|STRAIGHT,,999.00,0.68,-1.0,0.2,4198
52.35,-30.341,-13.384,-141.8,0.74,CLEAR(조향OFF)|STRAIGHT,,999.00,0.68,-1.0,0.2,4214
52.40,-30.341,-13.384,-141.8,0.74,CLEAR(조향OFF)|STRAIGHT,,999.00,0.68,-0.9,0.2,4214
52.45,-30.395,-13.436,-141.8,0.75,CLEAR(조향OFF)|STRAIGHT,,999.00,0.68,-0.8,0.2,4214
52.50,-30.395,-13.436,-141.8,0.75,CLEAR(조향OFF)|STRAIGHT,,999.00,0.68,-1.1,0.3,4230
52.55,-30.449,-13.476,-141.9,0.67,CLEAR(조향OFF)|STRAIGHT,,999.00,0.68,-1.0,0.2,4214
52.60,-30.449,-13.476,-141.9,0.67,CLEAR(조향OFF)|STRAIGHT,,999.00,0.68,-1.0,0.3,4214
52.65,-30.506,-13.523,-142.0,0.75,CLEAR(조향OFF)|STRAIGHT,,999.00,0.68,-1.0,0.2,4198
52.70,-30.506,-13.523,-142.0,0.75,CLEAR(조향OFF)|STRAIGHT,,999.00,0.68,-1.1,0.3,4198
52.75,-30.565,-13.571,-142.0,0.69,CLEAR(조향OFF)|STRAIGHT,,999.00,0.68,-1.1,0.3,4214
52.80,-30.565,-13.571,-142.1,0.69,CLEAR(조향OFF)|STRAIGHT,,999.00,0.68,-1.1,0.2,4214
52.85,-30.625,-13.616,-142.1,0.75,CLEAR(조향OFF)|STRAIGHT,,999.00,0.68,-1.1,0.3,4198
52.90,-30.625,-13.616,-142.2,0.75,CLEAR(조향OFF)|STRAIGHT,,999.00,0.68,-1.1,0.3,4198
52.95,-30.684,-13.665,-142.3,0.85,CLEAR(조향OFF)|STRAIGHT,,999.00,0.68,-1.1,0.2,4198
53.00,-30.684,-13.665,-142.2,0.85,CLEAR(조향OFF)|STRAIGHT,,999.00,0.66,-1.0,0.2,4214
53.05,-30.749,-13.711,-142.3,0.72,CLEAR(조향OFF)|STRAIGHT,,999.00,0.66,-1.0,0.2,4230
53.10,-30.749,-13.711,-142.3,0.72,CLEAR(조향OFF)|STRAIGHT,,999.00,0.66,-1.0,0.2,4214
53.15,-30.817,-13.757,-142.3,0.90,CLEAR(조향OFF)|STRAIGHT,,999.00,0.66,-1.0,0.2,4214
53.20,-30.817,-13.757,-142.3,0.90,CLEAR(조향OFF)|STRAIGHT,,999.00,0.66,-0.9,0.3,4246
53.25,-30.892,-13.801,-142.3,0.86,CLEAR(조향OFF)|STRAIGHT,,999.00,0.66,-0.9,0.2,4214
53.30,-30.892,-13.801,-142.3,0.86,CLEAR(조향OFF)|STRAIGHT,,999.00,0.66,-0.8,0.2,4278
53.35,-30.958,-13.841,-142.3,0.76,CLEAR(조향OFF)|STRAIGHT,,999.00,0.66,-0.8,0.3,4246
53.40,-30.958,-13.841,-142.3,0.76,CLEAR(조향OFF)|STRAIGHT,,999.00,0.66,-0.7,0.2,4214
53.45,-31.014,-13.897,-142.3,0.79,CLEAR(조향OFF)|STRAIGHT,,999.00,0.66,-0.7,0.3,4198
53.50,-31.014,-13.897,-142.3,0.79,CLEAR(조향OFF)|STRAIGHT,,999.00,0.66,-1.0,0.3,4183
53.55,-31.089,-13.949,-142.3,0.91,CLEAR(조향OFF)|STRAIGHT,,999.00,0.66,-1.0,0.2,4183
53.60,-31.089,-13.949,-142.3,0.91,CLEAR(조향OFF)|STRAIGHT,,999.00,0.65,-0.8,0.2,4198
53.65,-31.089,-13.949,-142.3,0.91,CLEAR(조향OFF)|STRAIGHT,,999.00,0.65,-0.8,0.2,4183
53.70,-31.089,-13.949,-142.3,0.91,CLEAR(조향OFF)|STRAIGHT,,999.00,0.65,-0.8,0.2,4198
53.75,-31.089,-13.949,-142.3,0.91,CLEAR(조향OFF)|STRAIGHT,,999.00,0.65,-0.8,0.3,4198
53.80,-31.089,-13.949,-142.3,0.91,CLEAR(조향OFF)|STRAIGHT,,999.00,0.65,-0.8,0.2,4198
53.85,-31.089,-13.949,-142.3,0.91,CLEAR(조향OFF)|STRAIGHT,,999.00,0.65,-0.8,0.2,4183
53.90,-31.089,-13.949,-142.3,0.91,CLEAR(조향OFF)|STRAIGHT,,999.00,0.65,-0.8,0.2,4183
53.95,-31.089,-13.949,-142.3,0.91,CLEAR(조향OFF)|STRAIGHT,,999.00,0.65,-0.8,0.3,4183
54.00,-31.089,-13.949,-142.3,0.91,CLEAR(조향OFF)|STRAIGHT,,999.00,0.65,-0.8,0.3,4183
54.05,-31.089,-13.949,-142.3,0.91,CLEAR(조향OFF)|STRAIGHT,,999.00,0.65,-0.8,0.3,4198
54.10,-31.089,-13.949,-142.3,0.91,CLEAR(조향OFF)|STRAIGHT,,999.00,0.65,0.0,0.3,4183
54.15,-31.089,-13.949,-142.3,0.91,CLEAR(조향OFF)|STRAIGHT,,999.00,0.00,0.0,0.3,4183
54.20,-31.089,-13.949,-142.3,0.91,CLEAR(조향OFF)|STRAIGHT,,999.00,0.00,0.0,0.3,4183
54.25,-31.089,-13.949,-142.3,0.91,CLEAR(조향OFF)|STRAIGHT,,999.00,0.00,0.0,0.3,4183
54.30,-31.089,-13.949,-142.3,0.91,CLEAR(조향OFF)|STRAIGHT,,999.00,0.00,0.0,0.3,4183
54.35,-31.089,-13.949,-142.3,0.91,CLEAR(조향OFF)|STRAIGHT,,999.00,0.00,0.0,0.2,4183
54.40,-31.089,-13.949,-142.3,0.91,CLEAR(조향OFF)|STRAIGHT,,999.00,0.00,0.0,0.2,4198
54.45,-31.089,-13.949,-142.3,0.91,CLEAR(조향OFF)|STRAIGHT,,999.00,0.00,0.0,0.3,4198
54.50,-31.089,-13.949,-142.3,0.91,CLEAR(조향OFF)|STRAIGHT,,999.00,0.00,0.0,0.3,4167
54.55,-31.089,-13.949,-142.3,0.91,CLEAR(조향OFF)|STRAIGHT,,999.00,0.00,0.0,0.3,4167
54.60,-31.089,-13.949,-142.3,0.91,CLEAR(조향OFF)|STRAIGHT,,999.00,0.00,0.0,0.3,4183
54.65,-31.089,-13.949,-142.3,0.91,CLEAR(조향OFF)|STRAIGHT,,999.00,0.00,0.0,0.2,4183
54.70,-31.089,-13.949,-142.3,0.91,CLEAR(조향OFF)|STRAIGHT,,999.00,0.00,0.0,0.2,4198
54.75,-31.089,-13.949,-142.3,0.91,CLEAR(조향OFF)|STRAIGHT,,999.00,0.00,0.0,0.3,4183
54.80,-31.089,-13.949,-142.3,0.91,CLEAR(조향OFF)|STRAIGHT,,999.00,0.00,0.0,0.3,4183
54.85,-31.089,-13.949,-142.3,0.91,CLEAR(조향OFF)|STRAIGHT,,999.00,0.00,0.0,0.2,4183
54.90,-31.089,-13.949,-142.3,0.91,CLEAR(조향OFF)|STRAIGHT,,999.00,0.00,0.0,0.2,4183
54.95,-32.036,-14.635,-143.8,0.67,CLEAR(조향OFF)|STRAIGHT,,999.00,0.00,0.0,0.3,4167
55.00,-32.036,-14.635,-143.8,0.67,CLEAR(조향OFF)|STRAIGHT,,999.00,0.05,0.6,0.2,4183
55.05,-32.091,-14.667,-143.9,0.63,CLEAR(조향OFF)|STRAIGHT,,999.00,0.10,0.6,0.2,4198
55.10,-32.091,-14.667,-143.9,0.63,CLEAR(조향OFF)|STRAIGHT,,999.00,0.15,0.8,0.3,4183
55.15,-32.136,-14.701,-144.0,0.56,CLEAR(조향OFF)|STRAIGHT,,999.00,0.20,0.8,0.2,4183
55.20,-32.136,-14.701,-144.0,0.56,CLEAR(조향OFF)|STRAIGHT,,999.00,0.25,0.9,0.3,4183
55.25,-32.177,-14.732,-144.0,0.51,CLEAR(조향OFF)|STRAIGHT,,999.00,0.30,0.9,0.3,4167
55.30,-32.177,-14.732,-144.0,0.51,CLEAR(조향OFF)|STRAIGHT,,999.00,0.35,0.9,0.3,4167
55.35,-32.213,-14.766,-144.1,0.49,CLEAR(조향OFF)|STRAIGHT,,999.00,0.40,1.0,0.3,4167
55.40,-32.213,-14.766,-144.0,0.49,CLEAR(조향OFF)|STRAIGHT,,999.00,0.45,0.9,0.3,4167
55.45,-32.255,-14.793,-144.1,0.50,CLEAR(조향OFF)|STRAIGHT,,999.00,0.50,0.9,0.2,4183
55.50,-32.255,-14.793,-144.1,0.50,CLEAR(조향OFF)|STRAIGHT,,999.00,0.55,1.0,0.3,4183
55.55,-32.295,-14.824,-144.1,0.51,CLEAR(조향OFF)|STRAIGHT,,999.00,0.60,1.1,0.2,4167
55.60,-32.295,-14.824,-144.1,0.51,CLEAR(조향OFF)|STRAIGHT,,999.00,0.61,1.1,0.3,4183
55.65,-32.341,-14.857,-144.2,0.57,CLEAR(조향OFF)|STRAIGHT,,999.00,0.61,1.1,0.2,4183
55.70,-32.341,-14.857,-144.2,0.57,CLEAR(조향OFF)|STRAIGHT,,999.00,0.56,1.0,0.3,4167
55.75,-32.390,-14.890,-144.2,0.50,CLEAR(조향OFF)|STRAIGHT,,999.00,0.56,1.1,0.3,4167
55.80,-32.390,-14.890,-144.2,0.50,CLEAR(조향OFF)|STRAIGHT,,999.00,0.56,1.2,0.3,4167
55.85,-32.436,-14.929,-144.2,0.60,CLEAR(조향OFF)|STRAIGHT,,999.00,0.56,1.2,0.2,4183
55.90,-32.436,-14.929,-144.3,0.60,CLEAR(조향OFF)|STRAIGHT,,999.00,0.56,1.2,0.2,4167
55.95,-32.496,-14.963,-144.3,0.86,CLEAR(조향OFF)|STRAIGHT,,999.00,0.56,1.2,0.2,4167
56.00,-32.496,-14.963,-144.3,0.86,CLEAR(조향OFF)|STRAIGHT,,999.00,0.56,1.5,0.2,4167
56.05,-32.557,-14.994,-144.3,0.68,CLEAR(조향OFF)|STRAIGHT,,999.00,0.56,1.5,0.2,4183
56.10,-32.557,-14.994,-144.3,0.68,CLEAR(조향OFF)|STRAIGHT,,999.00,0.56,1.8,0.3,4167
56.15,-32.616,-15.033,-144.4,0.71,CLEAR(조향OFF)|STRAIGHT,,999.00,0.56,1.8,0.3,4167
56.20,-32.616,-15.033,-144.4,0.71,CLEAR(조향OFF)|STRAIGHT,,999.00,0.56,2.0,0.3,4183
56.25,-32.676,-15.071,-144.4,0.71,CLEAR(조향OFF)|STRAIGHT,,999.00,0.56,2.1,0.3,4183
56.30,-32.676,-15.071,-144.5,0.71,CLEAR(조향OFF)|STRAIGHT,,999.00,0.56,2.3,0.2,4167
56.35,-32.739,-15.114,-144.5,0.69,CLEAR(조향OFF)|STRAIGHT,,999.00,0.56,2.4,0.3,4183
56.40,-32.739,-15.114,-144.6,0.69,CLEAR(조향OFF)|STRAIGHT,,999.00,0.53,2.3,0.3,4183
56.45,-32.797,-15.167,-144.6,0.87,CLEAR(조향OFF)|STRAIGHT,,999.00,0.53,2.3,0.2,4183
56.50,-32.797,-15.167,-144.7,0.87,CLEAR(조향OFF)|STRAIGHT,,999.00,0.53,2.3,1.0,4092
56.55,-32.864,-15.210,-144.7,0.72,CLEAR(조향OFF)|STRAIGHT,,999.00,0.53,2.4,1.0,4092
56.60,-32.864,-15.210,-144.8,0.72,CLEAR(조향OFF)|STRAIGHT,,999.00,0.53,2.6,1.0,4062
56.65,-32.932,-15.259,-144.8,0.84,CLEAR(조향OFF)|STRAIGHT,,999.00,0.53,2.7,1.0,4077
56.70,-32.932,-15.259,-144.8,0.84,CLEAR(조향OFF)|STRAIGHT,,999.00,0.53,2.8,1.0,4077
56.75,-33.002,-15.311,-144.8,0.87,CLEAR(조향OFF)|STRAIGHT,,999.00,0.53,2.9,1.0,4062
56.80,-33.002,-15.311,-144.8,0.87,CLEAR(조향OFF)|STRAIGHT,,999.00,0.53,3.0,1.0,4062
56.85,-33.072,-15.361,-144.9,0.86,CLEAR(조향OFF)|STRAIGHT,,999.00,0.53,3.1,1.0,4047
56.90,-33.072,-15.361,-144.9,0.86,CLEAR(조향OFF)|STRAIGHT,,999.00,0.53,3.4,1.0,4062
56.95,-33.146,-15.407,-144.8,0.87,CLEAR(조향OFF)|STRAIGHT,,999.00,0.53,3.4,1.1,4047
57.00,-33.146,-15.407,-144.9,0.87,CLEAR(조향OFF)|STRAIGHT,,999.00,0.48,3.3,1.1,4047
57.05,-33.210,-15.456,-144.9,0.80,CLEAR(조향OFF)|STRAIGHT,,999.00,0.48,3.4,1.0,4047
57.10,-33.210,-15.456,-144.9,0.80,CLEAR(조향OFF)|STRAIGHT,,999.00,0.48,3.5,1.1,4062
57.15,-33.288,-15.506,-144.9,0.92,CLEAR(조향OFF)|STRAIGHT,,999.00,0.48,3.5,1.1,4062
57.20,-33.288,-15.506,-145.0,0.92,CLEAR(조향OFF)|STRAIGHT,,999.00,0.48,3.9,1.0,4047
57.25,-33.360,-15.555,-144.9,0.87,CLEAR(조향OFF)|STRAIGHT,,999.00,0.48,3.9,1.0,4047
57.30,-33.360,-15.555,-145.0,0.87,CLEAR(조향OFF)|STRAIGHT,,999.00,0.48,4.2,1.0,4062
57.35,-33.433,-15.608,-145.0,0.90,CLEAR(조향OFF)|STRAIGHT,,999.00,0.48,4.3,1.0,4047
57.40,-33.433,-15.608,-145.0,0.90,CLEAR(조향OFF)|STRAIGHT,,999.00,0.48,4.7,1.0,4047
57.45,-33.515,-15.651,-145.1,0.92,CLEAR(조향OFF)|STRAIGHT,,999.00,0.48,4.7,1.0,4047
57.50,-33.515,-15.651,-145.1,0.92,CLEAR(조향OFF)|STRAIGHT,,999.00,0.48,5.4,1.2,4018
57.55,-33.587,-15.706,-145.1,0.90,CLEAR(조향OFF)|STRAIGHT,,999.00,0.48,5.4,2.4,3867
57.60,-33.587,-15.706,-145.1,0.90,CLEAR(조향OFF)|STRAIGHT,,999.00,0.44,5.0,2.4,3867
57.65,-33.663,-15.764,-144.9,0.95,CLEAR(조향OFF)|STRAIGHT,,999.00,0.44,5.0,2.9,3763
57.70,-33.663,-15.764,-144.8,0.95,CLEAR(조향OFF)|STRAIGHT,,999.00,0.44,5.2,3.1,3763
57.75,-33.736,-15.815,-144.7,0.81,CLEAR(조향OFF)|STRAIGHT,,999.00,0.44,5.1,3.1,3751
57.80,-33.736,-15.815,-144.6,0.81,CLEAR(조향OFF)|STRAIGHT,,999.00,0.44,5.5,3.2,3738
57.85,-33.814,-15.875,-144.4,0.98,CLEAR(조향OFF)|STRAIGHT,,999.00,0.44,5.5,3.2,3726
57.90,-33.814,-15.875,-144.3,0.98,CLEAR(조향OFF)|STRAIGHT,,999.00,0.44,5.7,3.1,3738
57.95,-33.892,-15.928,-144.2,1.04,CLEAR(조향OFF)|STRAIGHT,,999.00,0.44,5.6,3.2,3726
58.00,-33.892,-15.928,-144.1,1.04,CLEAR(조향OFF)|STRAIGHT,,999.00,0.44,5.9,3.2,3713
58.05,-33.966,-15.982,-143.9,0.92,CLEAR(조향OFF)|STRAIGHT,,999.00,0.44,5.9,3.3,3689
58.10,-33.966,-15.982,-143.8,0.92,CLEAR(조향OFF)|STRAIGHT,,999.00,0.40,5.7,3.4,3689
58.15,-34.049,-16.036,-143.6,0.99,CLEAR(조향OFF)|STRAIGHT,,999.00,0.40,5.6,3.3,3677
58.20,-34.049,-16.036,-143.6,0.99,CLEAR(조향OFF)|STRAIGHT,,999.00,0.40,6.0,3.4,3689
58.25,-34.124,-16.100,-143.4,1.08,CLEAR(조향OFF)|STRAIGHT,,999.00,0.40,5.9,3.3,3689
58.30,-34.124,-16.100,-143.4,1.08,CLEAR(조향OFF)|STRAIGHT,,999.00,0.40,6.2,3.4,3677
58.35,-34.197,-16.160,-143.2,0.95,CLEAR(조향OFF)|STRAIGHT,,999.00,0.40,6.1,3.3,3701
58.40,-34.197,-16.160,-143.1,0.95,CLEAR(조향OFF)|STRAIGHT,,999.00,0.40,6.5,3.4,3689
58.45,-34.279,-16.218,-143.0,1.01,CLEAR(조향OFF)|STRAIGHT,,999.00,0.40,6.5,3.4,3689
58.50,-34.279,-16.218,-142.9,1.01,CLEAR(조향OFF)|STRAIGHT,,999.00,0.40,7.0,3.3,3689
58.55,-34.354,-16.278,-142.7,0.96,CLEAR(조향OFF)|STRAIGHT,,999.00,0.40,6.9,3.3,3677
58.60,-34.354,-16.278,-142.6,0.96,CLEAR(조향OFF)|STRAIGHT,,999.00,0.37,6.6,3.4,3701
58.65,-34.441,-16.335,-142.4,1.03,CLEAR(조향OFF)|STRAIGHT,,999.00,0.37,6.6,3.3,3701
58.70,-34.441,-16.335,-142.3,1.03,CLEAR(조향OFF)|STRAIGHT,,999.00,0.37,7.0,3.3,3689
58.75,-34.521,-16.401,-142.1,0.94,CLEAR(조향OFF)|STRAIGHT,,999.00,0.37,7.0,3.4,3689
58.80,-34.521,-16.401,-142.0,0.94,CLEAR(조향OFF)|STRAIGHT,,999.00,0.37,7.5,3.4,3677
58.85,-34.606,-16.455,-141.8,1.00,CLEAR(조향OFF)|STRAIGHT,,999.00,0.37,7.4,3.4,3677
58.90,-34.606,-16.455,-141.6,1.00,CLEAR(조향OFF)|STRAIGHT,,999.00,0.37,8.0,3.4,3689
58.95,-34.684,-16.516,-141.5,1.00,CLEAR(조향OFF)|STRAIGHT,,999.00,0.37,7.9,3.4,3689
59.00,-34.684,-16.516,-141.4,1.00,CLEAR(조향OFF)|STRAIGHT,,999.00,0.37,8.5,3.3,3689
59.05,-34.762,-16.581,-141.1,1.13,CLEAR(조향OFF)|STRAIGHT,,999.00,0.37,8.4,3.3,3701
59.10,-34.762,-16.581,-141.0,1.13,CLEAR(조향OFF)|STRAIGHT,,999.00,0.35,7.9,3.3,3689
59.15,-34.842,-16.645,-140.9,1.02,CLEAR(조향OFF)|STRAIGHT,,999.00,0.35,7.8,3.3,3689
59.20,-34.842,-16.645,-140.7,1.02,CLEAR(조향OFF)|STRAIGHT,,999.00,0.35,8.4,3.3,3677
59.25,-34.916,-16.712,-140.5,1.00,CLEAR(조향OFF)|STRAIGHT,,999.00,0.35,8.4,3.2,3677
59.30,-34.916,-16.712,-140.4,1.00,CLEAR(조향OFF)|STRAIGHT,,999.00,0.35,8.8,3.4,3677
59.35,-34.997,-16.780,-140.3,1.05,CLEAR(조향OFF)|STRAIGHT,,999.00,0.35,8.8,3.3,3677
59.40,-34.997,-16.780,-140.1,1.05,CLEAR(조향OFF)|STRAIGHT,,999.00,0.35,9.4,3.3,3689
59.45,-35.074,-16.845,-139.9,1.02,CLEAR(조향OFF)|STRAIGHT,,999.00,0.35,9.3,3.3,3689
59.50,-35.074,-16.845,-139.9,1.02,CLEAR(조향OFF)|STRAIGHT,,999.00,0.35,10.0,3.4,3665
59.55,-35.151,-16.912,-139.7,1.02,CLEAR(조향OFF)|STRAIGHT,,999.00,0.35,10.0,3.4,3665
59.60,-35.151,-16.912,-139.6,1.02,CLEAR(조향OFF)|STRAIGHT,,999.00,0.33,9.5,3.3,3677
59.65,-35.227,-16.982,-139.4,1.03,CLEAR(조향OFF)|STRAIGHT,,999.00,0.33,9.4,3.4,3665
59.70,-35.227,-16.982,-139.2,1.03,CLEAR(조향OFF)|STRAIGHT,,999.00,0.33,10.0,3.4,3689
59.75,-35.308,-17.049,-139.0,0.96,CLEAR(조향OFF)|STRAIGHT,,999.00,0.33,9.9,3.4,3689
59.80,-35.308,-17.049,-138.9,0.96,CLEAR(조향OFF)|STRAIGHT,,999.00,0.33,10.7,3.4,3677
59.85,-35.382,-17.114,-138.7,0.90,CLEAR(조향OFF)|STRAIGHT,,999.00,0.33,10.7,3.3,3677
59.90,-35.382,-17.114,-138.6,0.90,CLEAR(조향OFF)|STRAIGHT,,999.00,0.33,11.5,3.3,3701
59.95,-35.461,-17.180,-138.5,1.28,CLEAR(조향OFF)|STRAIGHT,,999.00,0.33,11.5,3.4,3677
60.00,-35.461,-17.180,-138.4,1.28,CLEAR(조향OFF)|STRAIGHT,,999.00,0.33,11.6,3.3,3677
60.05,-35.539,-17.247,-138.2,0.94,CLEAR(조향OFF)|STRAIGHT,,999.00,0.33,11.6,3.4,3677
60.10,-35.539,-17.247,-138.1,0.94,CLEAR(조향OFF)|STRAIGHT,,999.00,0.31,11.6,3.4,3689
60.15,-35.616,-17.317,-138.0,1.03,CLEAR(조향OFF)|STRAIGHT,,999.00,0.31,11.5,3.3,3677
60.20,-35.616,-17.317,-137.8,1.03,CLEAR(조향OFF)|STRAIGHT,,999.00,0.31,12.1,3.4,3677
60.25,-35.694,-17.389,-137.6,1.06,CLEAR(조향OFF)|STRAIGHT,,999.00,0.31,12.0,3.3,3677
60.30,-35.694,-17.389,-137.5,1.06,CLEAR(조향OFF)|STRAIGHT,,999.00,0.31,12.8,3.3,3689
60.35,-35.770,-17.464,-137.3,1.18,CLEAR(조향OFF)|STRAIGHT,,999.00,0.31,12.7,3.3,3677
60.40,-35.770,-17.464,-137.2,1.18,CLEAR(조향OFF)|STRAIGHT,,999.00,0.31,13.3,3.3,3689
60.45,-35.846,-17.529,-136.9,1.00,CLEAR(조향OFF)|STRAIGHT,,999.00,0.31,13.3,3.3,3677
60.50,-35.846,-17.529,-136.8,1.00,CLEAR(조향OFF)|STRAIGHT,,999.00,0.31,14.7,3.3,3689
60.55,-35.915,-17.602,-136.6,0.99,CLEAR(조향OFF)|STRAIGHT,,999.00,0.31,14.6,3.3,3665
60.60,-35.915,-17.602,-136.5,0.99,CLEAR(조향OFF)|STRAIGHT,,999.00,0.31,13.6,3.4,3689
60.65,-35.989,-17.677,-136.3,1.06,CLEAR(조향OFF)|STRAIGHT,,999.00,0.31,13.5,3.4,3665
60.70,-35.989,-17.677,-136.2,1.06,CLEAR(조향OFF)|STRAIGHT,,999.00,0.31,14.2,3.3,3689
60.75,-36.071,-17.744,-136.0,0.88,CLEAR(조향OFF)|STRAIGHT,,999.00,0.31,14.1,3.4,3689
60.80,-36.071,-17.744,-135.9,0.88,CLEAR(조향OFF)|STRAIGHT,,999.00,0.31,15.7,3.4,3665
60.85,-36.140,-17.817,-135.7,1.12,CLEAR(조향OFF)|STRAIGHT,,999.00,0.31,15.7,3.3,3677
60.90,-36.140,-17.817,-135.6,1.12,CLEAR(조향OFF)|STRAIGHT,,999.00,0.31,15.8,3.4,3689
60.95,-36.217,-17.894,-135.4,1.20,CLEAR(조향OFF)|STRAIGHT,,999.00,0.31,15.8,3.4,3677
61.00,-36.217,-17.894,-135.3,1.20,CLEAR(조향OFF)|STRAIGHT,,999.00,0.31,16.6,3.4,3689
61.05,-36.290,-17.964,-135.1,1.01,CLEAR(조향OFF)|STRAIGHT,,999.00,0.31,16.6,3.3,3677
61.10,-36.290,-17.964,-135.0,1.01,CLEAR(조향OFF)|STRAIGHT,,999.00,0.30,15.9,3.3,3677
61.15,-36.364,-18.038,-134.8,0.96,CLEAR(조향OFF)|STRAIGHT,,999.00,0.30,15.9,3.4,3689
61.20,-36.364,-18.038,-134.7,0.96,CLEAR(조향OFF)|STRAIGHT,,999.00,0.30,17.0,3.4,3689
61.25,-36.435,-18.120,-134.5,1.20,CLEAR(조향OFF)|STRAIGHT,,999.00,0.30,16.9,3.4,3677
61.30,-36.435,-18.120,-134.3,1.20,CLEAR(조향OFF)|STRAIGHT,,999.00,0.30,17.1,3.3,3689
61.35,-36.508,-18.194,-134.0,1.04,CLEAR(조향OFF)|STRAIGHT,,999.00,0.30,17.1,3.3,3689
61.40,-36.508,-18.194,-133.9,1.04,CLEAR(조향OFF)|STRAIGHT,,999.00,0.30,18.0,3.4,3665
61.45,-36.582,-18.273,-133.7,1.08,CLEAR(조향OFF)|STRAIGHT,,999.00,0.30,18.0,3.3,3677
61.50,-36.582,-18.273,-133.6,1.08,CLEAR(조향OFF)|STRAIGHT,,999.00,0.30,18.0,3.4,3689
61.55,-36.652,-18.350,-133.4,1.04,CLEAR(조향OFF)|STRAIGHT,,999.00,0.30,18.0,3.4,3665
61.60,-36.652,-18.350,-133.3,1.04,CLEAR(조향OFF)|STRAIGHT,,999.00,0.30,18.0,4.7,3527
61.65,-36.726,-18.428,-132.9,1.07,CLEAR(조향OFF)|STRAIGHT,,999.00,0.30,18.0,5.9,3369
61.70,-36.726,-18.428,-132.6,1.07,CLEAR(조향OFF)|STRAIGHT,,999.00,0.30,18.0,7.4,3205
61.75,-36.798,-18.508,-131.9,0.90,CLEAR(조향OFF)|STRAIGHT,,999.00,0.30,18.0,8.7,3033
61.80,-36.798,-18.508,-131.5,0.90,CLEAR(조향OFF)|STRAIGHT,,999.00,0.30,18.0,10.3,2856
61.85,-36.865,-18.592,-130.4,1.07,CLEAR(조향OFF)|STRAIGHT,,999.00,0.30,18.0,11.6,2711
61.90,-36.865,-18.592,-129.8,1.07,CLEAR(조향OFF)|STRAIGHT,,999.00,0.30,18.0,12.9,2592
61.95,-36.935,-18.669,-128.4,1.16,CLEAR(조향OFF)|STRAIGHT,,999.00,0.30,18.0,13.9,2473
62.00,-36.935,-18.669,-127.6,1.16,CLEAR(조향OFF)|STRAIGHT,,999.00,0.30,18.0,14.5,2420
62.05,-36.991,-18.774,-126.3,1.30,CLEAR(조향OFF)|STRAIGHT,,999.00,0.30,18.0,14.5,2394
62.10,-36.991,-18.774,-125.5,1.30,CLEAR(조향OFF)|STRAIGHT,,999.00,0.30,17.1,14.7,2369
62.15,-37.044,-18.859,-124.0,1.00,CLEAR(조향OFF)|STRAIGHT,,999.00,0.30,16.8,14.7,2349
62.20,-37.044,-18.859,-123.2,1.00,CLEAR(조향OFF)|STRAIGHT,,999.00,0.30,18.0,14.8,2339
62.25,-37.094,-18.957,-121.6,1.09,CLEAR(조향OFF)|STRAIGHT,,999.00,0.30,17.8,14.8,2325
62.30,-37.094,-18.957,-120.8,1.09,CLEAR(조향OFF)|STRAIGHT,,999.00,0.30,17.8,14.8,2315
62.35,-37.139,-19.056,-119.5,1.08,CLEAR(조향OFF)|STRAIGHT,,999.00,0.30,17.4,14.8,2325
62.40,-37.139,-19.056,-118.7,1.08,CLEAR(조향OFF)|STRAIGHT,,999.00,0.30,18.0,14.9,2315
62.45,-37.181,-19.160,-117.2,1.12,CLEAR(조향OFF)|STRAIGHT,,999.00,0.30,17.6,14.8,2305
62.50,-37.181,-19.160,-116.5,1.12,CLEAR(조향OFF)|STRAIGHT,,999.00,0.30,17.9,15.0,2301
62.55,-37.222,-19.261,-114.9,1.09,CLEAR(조향OFF)|STRAIGHT,,999.00,0.30,17.6,14.8,2310
62.60,-37.222,-19.261,-114.2,1.09,CLEAR(조향OFF)|STRAIGHT,,999.00,0.30,15.5,14.9,2291
62.65,-37.267,-19.359,-112.8,0.97,CLEAR(조향OFF)|STRAIGHT,,999.00,0.30,15.2,14.8,2310
62.70,-37.267,-19.359,-112.0,0.97,CLEAR(조향OFF)|STRAIGHT,,999.00,0.30,15.9,14.8,2301
62.75,-37.292,-19.458,-110.5,1.02,CLEAR(조향OFF)|STRAIGHT,,999.00,0.30,15.6,14.8,2296
62.80,-37.292,-19.458,-109.7,1.02,CLEAR(조향OFF)|STRAIGHT,,999.00,0.30,15.6,14.8,2296
62.85,-37.321,-19.573,-108.1,1.18,CLEAR(조향OFF)|STRAIGHT,,999.00,0.30,15.2,14.8,2301
62.90,-37.321,-19.573,-107.3,1.18,CLEAR(조향OFF)|STRAIGHT,,999.00,0.30,15.0,14.8,2296
62.95,-37.357,-19.670,-105.7,1.15,CLEAR(조향OFF)|STRAIGHT,,999.00,0.30,14.6,14.9,2296
63.00,-37.357,-19.670,-104.9,1.15,CLEAR(조향OFF)|STRAIGHT,,999.00,0.30,14.9,14.9,2296
63.05,-37.363,-19.800,-103.5,1.27,CLEAR(조향OFF)|STRAIGHT,,999.00,0.30,14.5,14.8,2291
63.10,-37.363,-19.800,-102.8,1.27,CLEAR(조향OFF)|STRAIGHT,,999.00,0.30,12.6,14.9,2287
63.15,-37.388,-19.908,-101.2,1.11,CLEAR(조향OFF)|STRAIGHT,,999.00,0.30,12.3,15.0,2287
63.20,-37.388,-19.908,-100.3,1.11,CLEAR(조향OFF)|STRAIGHT,,999.00,0.30,12.7,14.8,2282
63.25,-37.403,-20.017,-98.7,1.11,CLEAR(조향OFF)|STRAIGHT,,999.00,0.30,12.3,14.7,2291
63.30,-37.403,-20.017,-97.8,1.11,CLEAR(조향OFF)|STRAIGHT,,999.00,0.30,12.3,14.2,2325
63.35,-37.405,-20.137,-96.2,1.19,CLEAR(조향OFF)|STRAIGHT,,999.00,0.30,11.9,14.2,2339
63.40,-37.405,-20.137,-95.3,1.19,CLEAR(조향OFF)|STRAIGHT,,999.00,0.30,11.7,14.2,2334
63.45,-37.391,-20.253,-93.6,1.05,CLEAR(조향OFF)|STRAIGHT,,999.00,0.30,11.2,14.2,2334
63.50,-37.391,-20.253,-92.7,1.05,CLEAR(조향OFF)|STRAIGHT,,999.00,0.30,11.1,13.9,2354
63.55,-37.397,-20.362,-91.0,1.20,CLEAR(조향OFF)|STRAIGHT,,999.00,0.30,10.6,13.7,2389
63.60,-37.397,-20.362,-90.0,1.20,CLEAR(조향OFF)|STRAIGHT,,999.00,0.31,9.1,13.6,2384
63.65,-37.382,-20.477,-88.3,1.15,CLEAR(조향OFF)|STRAIGHT,,999.00,0.31,8.7,13.6,2384
63.70,-37.382,-20.477,-87.6,1.15,CLEAR(조향OFF)|STRAIGHT,,999.00,0.31,8.3,12.9,2435
63.75,-37.367,-20.593,-86.2,0.97,CLEAR(조향OFF)|STRAIGHT,,999.00,0.31,7.9,12.1,2495
63.80,-37.367,-20.593,-85.6,0.97,CLEAR(조향OFF)|STRAIGHT,,999.00,0.31,7.9,11.5,2545
63.85,-37.356,-20.713,-84.5,1.20,CLEAR(조향OFF)|STRAIGHT,,999.00,0.31,7.5,11.0,2592
63.90,-37.356,-20.713,-84.1,1.20,CLEAR(조향OFF)|STRAIGHT,,999.00,0.31,7.4,10.6,2635
63.95,-37.328,-20.839,-82.9,1.61,CLEAR(조향OFF)|STRAIGHT,,999.00,0.31,7.1,10.3,2672
64.00,-37.328,-20.839,-82.4,1.61,CLEAR(조향OFF)|STRAIGHT,,999.00,0.31,6.8,10.0,2698
64.05,-37.300,-20.967,-81.6,1.30,CLEAR(조향OFF)|STRAIGHT,,999.00,0.31,6.5,10.1,2705
64.10,-37.300,-20.967,-81.2,1.30,CLEAR(조향OFF)|STRAIGHT,,999.00,0.31,6.5,10.0,2711
64.15,-37.280,-21.088,-80.3,1.23,CLEAR(조향OFF)|STRAIGHT,,999.00,0.31,6.3,10.1,2705
64.20,-37.280,-21.088,-79.8,1.23,CLEAR(조향OFF)|STRAIGHT,,999.00,0.31,6.3,9.6,2751
64.25,-37.245,-21.195,-78.7,1.01,CLEAR(조향OFF)|STRAIGHT,,999.00,0.31,6.0,9.5,2778
64.30,-37.245,-21.195,-78.2,1.01,CLEAR(조향OFF)|STRAIGHT,,999.00,0.31,5.5,9.2,2806
64.35,-37.201,-21.305,-77.1,1.16,CLEAR(조향OFF)|STRAIGHT,,999.00,0.31,5.2,8.9,2820
64.40,-37.201,-21.305,-76.6,1.16,CLEAR(조향OFF)|STRAIGHT,,999.00,0.31,4.8,9.0,2841
64.45,-37.180,-21.410,-75.4,1.19,CLEAR(조향OFF)|STRAIGHT,,999.00,0.31,4.5,8.5,2878
64.50,-37.180,-21.410,-75.0,1.19,CLEAR(조향OFF)|STRAIGHT,,999.00,0.32,4.8,8.1,2922
64.55,-37.151,-21.516,-74.2,1.09,CLEAR(조향OFF)|STRAIGHT,,999.00,0.32,4.5,7.6,2976
64.60,-37.151,-21.516,-73.8,1.09,CLEAR(조향OFF)|STRAIGHT,,999.00,0.32,4.3,7.3,3033
64.65,-37.122,-21.627,-73.0,1.15,CLEAR(조향OFF)|STRAIGHT,,999.00,0.32,4.1,6.9,3074
64.70,-37.122,-21.627,-72.6,1.15,CLEAR(조향OFF)|STRAIGHT,,999.00,0.32,4.1,6.8,3108
64.75,-37.082,-21.733,-71.9,1.02,CLEAR(조향OFF)|STRAIGHT,,999.00,0.32,3.8,6.6,3134
64.80,-37.082,-21.733,-71.5,1.02,CLEAR(조향OFF)|STRAIGHT,,999.00,0.32,3.4,6.5,3160
64.85,-37.051,-21.843,-70.9,1.14,CLEAR(조향OFF)|STRAIGHT,,999.00,0.32,3.1,6.1,3187
64.90,-37.051,-21.843,-70.6,1.14,CLEAR(조향OFF)|STRAIGHT,,999.00,0.32,3.4,6.0,3205
64.95,-37.009,-21.957,-70.1,1.22,CLEAR(조향OFF)|STRAIGHT,,999.00,0.32,3.2,6.0,3215
65.00,-37.009,-21.957,-69.8,1.22,CLEAR(조향OFF)|STRAIGHT,,999.00,0.33,4.3,6.0,3215
65.05,-36.960,-22.065,-69.2,1.31,CLEAR(조향OFF)|STRAIGHT,,999.00,0.33,4.1,5.7,3242
65.10,-36.960,-22.065,-69.0,1.31,CLEAR(조향OFF)|STRAIGHT,,999.00,0.33,4.2,5.6,3280
65.15,-36.918,-22.169,-68.4,1.12,CLEAR(조향OFF)|STRAIGHT,,999.00,0.33,4.0,5.6,3271
65.20,-36.918,-22.169,-68.0,1.12,CLEAR(조향OFF)|STRAIGHT,,999.00,0.33,3.6,5.5,3300
65.25,-36.875,-22.270,-67.5,0.99,CLEAR(조향OFF)|STRAIGHT,,999.00,0.33,3.4,5.6,3300
65.30,-36.875,-22.270,-67.2,0.99,CLEAR(조향OFF)|STRAIGHT,,999.00,0.33,3.0,5.6,3309
65.35,-36.827,-22.376,-66.6,1.17,CLEAR(조향OFF)|STRAIGHT,,999.00,0.33,2.7,5.6,3300
65.40,-36.827,-22.376,-66.4,1.17,CLEAR(조향OFF)|STRAIGHT,,999.00,0.33,4.2,5.5,3319
65.45,-36.775,-22.485,-65.9,1.34,CLEAR(조향OFF)|STRAIGHT,,999.00,0.33,4.1,5.2,3339
65.50,-36.775,-22.485,-65.6,1.34,CLEAR(조향OFF)|STRAIGHT,,999.00,0.33,4.5,4.8,3399
65.55,-36.722,-22.587,-65.1,1.15,CLEAR(조향OFF)|STRAIGHT,,999.00,0.33,4.3,4.9,3389
65.60,-36.722,-22.587,-64.9,1.15,CLEAR(조향OFF)|STRAIGHT,,999.00,0.33,3.9,4.9,3389
65.65,-36.672,-22.688,-64.5,1.13,CLEAR(조향OFF)|STRAIGHT,,999.00,0.33,3.8,4.8,3399
65.70,-36.672,-22.688,-64.3,1.13,CLEAR(조향OFF)|STRAIGHT,,999.00,0.33,3.8,4.9,3410
65.75,-36.621,-22.783,-64.0,0.90,CLEAR(조향OFF)|STRAIGHT,,999.00,0.33,3.6,4.9,3389
65.80,-36.621,-22.783,-63.8,0.90,CLEAR(조향OFF)|STRAIGHT,,999.00,0.33,4.5,4.9,3410
65.85,-36.570,-22.883,-63.4,1.12,CLEAR(조향OFF)|STRAIGHT,,999.00,0.34,4.3,4.9,3420
65.90,-36.570,-22.883,-63.2,1.12,CLEAR(조향OFF)|STRAIGHT,,999.00,0.34,4.9,4.9,3430
65.95,-36.508,-22.980,-62.8,1.43,CLEAR(조향OFF)|STRAIGHT,,999.00,0.34,4.8,4.8,3430
66.00,-36.508,-22.980,-62.7,1.43,CLEAR(조향OFF)|STRAIGHT,,999.00,0.34,5.4,4.8,3441
66.05,-36.457,-23.075,-62.2,1.08,CLEAR(조향OFF)|STRAIGHT,,999.00,0.34,5.3,4.8,3420
66.10,-36.457,-23.075,-62.1,1.08,CLEAR(조향OFF)|STRAIGHT,,999.00,0.34,4.8,4.8,3430
66.15,-36.406,-23.173,-61.6,1.10,CLEAR(조향OFF)|STRAIGHT,,999.00,0.34,4.6,4.8,3441
66.20,-36.406,-23.173,-61.5,1.10,CLEAR(조향OFF)|STRAIGHT,,999.00,0.34,4.9,4.8,3430
66.25,-36.346,-23.260,-61.1,1.05,CLEAR(조향OFF)|STRAIGHT,,999.00,0.34,4.8,4.8,3410
66.30,-36.346,-23.260,-60.9,1.05,CLEAR(조향OFF)|STRAIGHT,,999.00,0.34,5.9,4.9,3441
66.35,-36.296,-23.362,-60.5,1.03,CLEAR(조향OFF)|STRAIGHT,,999.00,0.34,5.7,4.8,3430
66.40,-36.296,-23.362,-60.3,1.03,CLEAR(조향OFF)|STRAIGHT,,999.00,0.34,6.0,4.8,3441
66.45,-36.241,-23.452,-59.8,1.06,CLEAR(조향OFF)|STRAIGHT,,999.00,0.34,5.9,4.9,3430
66.50,-36.241,-23.452,-59.6,1.06,CLEAR(조향OFF)|STRAIGHT,,999.00,0.34,6.2,4.8,3451
66.55,-36.185,-23.550,-59.3,1.13,CLEAR(조향OFF)|STRAIGHT,,999.00,0.34,6.0,4.9,3441
66.60,-36.185,-23.550,-59.1,1.13,CLEAR(조향OFF)|STRAIGHT,,999.00,0.34,6.6,4.9,3430
66.65,-36.125,-23.641,-58.8,1.09,CLEAR(조향OFF)|STRAIGHT,,999.00,0.34,6.5,4.8,3420
66.70,-36.125,-23.641,-58.5,1.09,CLEAR(조향OFF)|STRAIGHT,,999.00,0.35,7.4,4.8,3420
66.75,-36.065,-23.731,-58.1,0.99,CLEAR(조향OFF)|STRAIGHT,,999.00,0.35,7.3,5.1,3430
66.80,-36.065,-23.731,-57.9,0.99,CLEAR(조향OFF)|STRAIGHT,,999.00,0.35,7.5,5.1,3430
66.85,-36.008,-23.824,-57.5,1.21,CLEAR(조향OFF)|STRAIGHT,,999.00,0.35,7.4,5.1,3399
66.90,-36.008,-23.824,-57.3,1.21,CLEAR(조향OFF)|STRAIGHT,,999.00,0.35,8.0,5.2,3410
66.95,-35.948,-23.914,-56.8,1.09,CLEAR(조향OFF)|STRAIGHT,,999.00,0.35,7.9,5.1,3420
67.00,-35.948,-23.914,-56.6,1.09,CLEAR(조향OFF)|STRAIGHT,,999.00,0.35,8.1,5.3,3389
67.05,-35.886,-24.003,-56.2,1.08,CLEAR(조향OFF)|STRAIGHT,,999.00,0.35,8.0,5.4,3369
67.10,-35.886,-24.003,-56.0,1.08,CLEAR(조향OFF)|STRAIGHT,,999.00,0.34,8.7,5.5,3359
67.15,-35.826,-24.087,-55.6,1.03,CLEAR(조향OFF)|STRAIGHT,,999.00,0.34,8.6,5.5,3319
67.20,-35.826,-24.087,-55.4,1.03,CLEAR(조향OFF)|STRAIGHT,,999.00,0.34,9.0,5.6,3329
67.25,-35.767,-24.180,-55.0,1.10,CLEAR(조향OFF)|STRAIGHT,,999.00,0.34,8.9,5.6,3329
67.30,-35.767,-24.180,-54.8,1.10,CLEAR(조향OFF)|STRAIGHT,,999.00,0.34,9.4,5.7,3309
67.35,-35.698,-24.258,-54.4,1.04,CLEAR(조향OFF)|STRAIGHT,,999.00,0.34,9.3,6.0,3290
67.40,-35.698,-24.258,-54.2,1.04,CLEAR(조향OFF)|STRAIGHT,,999.00,0.34,9.7,6.3,3261
67.45,-35.633,-24.347,-53.7,1.10,CLEAR(조향OFF)|STRAIGHT,,999.00,0.34,9.6,6.6,3224
67.50,-35.633,-24.347,-53.5,1.10,CLEAR(조향OFF)|STRAIGHT,,999.00,0.34,10.2,6.7,3187
67.55,-35.565,-24.425,-53.0,1.03,CLEAR(조향OFF)|STRAIGHT,,999.00,0.34,10.1,6.5,3205
67.60,-35.565,-24.425,-52.8,1.03,CLEAR(조향OFF)|STRAIGHT,,999.00,0.35,10.2,6.6,3196
67.65,-35.496,-24.499,-52.3,1.12,CLEAR(조향OFF)|STRAIGHT,,999.00,0.35,10.1,6.6,3196
67.70,-35.496,-24.499,-52.0,1.12,CLEAR(조향OFF)|STRAIGHT,,999.00,0.35,10.4,6.5,3169
67.75,-35.435,-24.579,-51.5,0.84,CLEAR(조향OFF)|STRAIGHT,,999.00,0.35,10.3,6.8,3169
67.80,-35.435,-24.579,-51.2,0.84,CLEAR(조향OFF)|STRAIGHT,,999.00,0.35,11.0,7.2,3125
67.85,-35.365,-24.667,-50.6,1.24,CLEAR(조향OFF)|STRAIGHT,,999.00,0.35,10.8,7.5,3083
67.90,-35.365,-24.667,-50.3,1.24,CLEAR(조향OFF)|STRAIGHT,,999.00,0.35,11.2,7.5,3074
67.95,-35.293,-24.748,-49.8,0.99,CLEAR(조향OFF)|STRAIGHT,,999.00,0.35,11.0,7.8,3049
68.00,-35.293,-24.748,-49.4,0.99,CLEAR(조향OFF)|STRAIGHT,,999.00,0.35,11.8,8.0,3008
68.05,-35.224,-24.826,-48.8,1.16,CLEAR(조향OFF)|STRAIGHT,,999.00,0.35,11.6,8.1,3008
68.10,-35.224,-24.826,-48.5,1.16,CLEAR(조향OFF)|STRAIGHT,,999.00,0.36,11.3,8.5,2961
68.15,-35.150,-24.893,-47.9,0.99,CLEAR(조향OFF)|STRAIGHT,,999.00,0.36,11.1,8.8,2922
68.20,-35.150,-24.893,-47.6,0.99,CLEAR(조향OFF)|STRAIGHT,,999.00,0.36,11.6,9.0,2900
68.25,-35.075,-24.971,-46.8,1.08,CLEAR(조향OFF)|STRAIGHT,,999.00,0.36,11.4,9.0,2892
68.30,-35.075,-24.971,-46.4,1.08,CLEAR(조향OFF)|STRAIGHT,,999.00,0.36,11.8,9.0,2878
68.35,-35.002,-25.052,-45.6,1.09,CLEAR(조향OFF)|STRAIGHT,,999.00,0.36,11.6,9.0,2848
68.40,-35.002,-25.052,-45.2,1.09,CLEAR(조향OFF)|STRAIGHT,,999.00,0.36,12.1,9.0,2870
68.45,-34.923,-25.121,-44.4,1.05,CLEAR(조향OFF)|STRAIGHT,,999.00,0.36,11.9,9.1,2870
68.50,-34.923,-25.121,-44.0,1.05,CLEAR(조향OFF)|STRAIGHT,,999.00,0.37,11.4,9.0,2878
68.55,-34.853,-25.184,-43.2,0.94,CLEAR(조향OFF)|STRAIGHT,,999.00,0.37,11.2,9.1,2885
68.60,-34.853,-25.184,-42.8,0.94,CLEAR(조향OFF)|STRAIGHT,,999.00,0.37,11.6,9.1,2863
68.65,-34.769,-25.241,-42.0,1.12,CLEAR(조향OFF)|STRAIGHT,,999.00,0.37,11.4,9.0,2878
68.70,-34.769,-25.241,-41.6,1.12,CLEAR(조향OFF)|STRAIGHT,,999.00,0.37,11.4,9.1,2863
68.75,-34.689,-25.308,-40.9,0.80,CLEAR(조향OFF)|STRAIGHT,,999.00,0.37,11.2,9.1,2870
68.80,-34.689,-25.308,-40.5,0.80,CLEAR(조향OFF)|STRAIGHT,,999.00,0.37,12.2,9.0,2870
68.85,-34.609,-25.381,-39.7,1.19,CLEAR(조향OFF)|STRAIGHT,,999.00,0.37,11.9,9.2,2856
68.90,-34.609,-25.381,-39.3,1.19,CLEAR(조향OFF)|STRAIGHT,,999.00,0.37,11.8,9.2,2841
68.95,-34.522,-25.445,-38.6,1.08,CLEAR(조향OFF)|STRAIGHT,,999.00,0.37,11.6,9.2,2856
69.00,-34.522,-25.445,-38.2,1.08,CLEAR(조향OFF)|STRAIGHT,,999.00,0.37,11.1,9.2,2856
69.05,-34.445,-25.497,-37.5,1.17,CLEAR(조향OFF)|STRAIGHT,,999.00,0.37,11.0,9.2,2841
69.10,-34.445,-25.497,-37.1,1.17,CLEAR(조향OFF)|STRAIGHT,,999.00,0.37,11.1,9.3,2834
69.15,-34.355,-25.555,-36.4,0.97,CLEAR(조향OFF)|STRAIGHT,,999.00,0.37,10.9,9.2,2841
69.20,-34.355,-25.555,-36.0,0.97,CLEAR(조향OFF)|STRAIGHT,,999.00,0.37,11.6,9.4,2834
69.25,-34.273,-25.614,-35.2,1.01,CLEAR(조향OFF)|STRAIGHT,,999.00,0.37,11.4,9.2,2841
69.30,-34.273,-25.614,-34.8,1.01,CLEAR(조향OFF)|STRAIGHT,,999.00,0.37,11.7,9.3,2834
69.35,-34.184,-25.666,-34.1,1.15,CLEAR(조향OFF)|STRAIGHT,,999.00,0.37,11.5,9.2,2841
69.40,-34.184,-25.666,-33.7,1.15,CLEAR(조향OFF)|STRAIGHT,,999.00,0.37,11.6,9.2,2834
69.45,-34.100,-25.709,-33.0,0.94,CLEAR(조향OFF)|STRAIGHT,,999.00,0.37,11.4,9.2,2827
69.50,-34.100,-25.709,-32.6,0.94,CLEAR(조향OFF)|STRAIGHT,,999.00,0.39,10.9,9.2,2841
69.55,-34.018,-25.767,-31.8,1.00,CLEAR(조향OFF)|STRAIGHT,,999.00,0.39,10.7,9.4,2827
69.60,-34.018,-25.767,-31.4,1.00,CLEAR(조향OFF)|STRAIGHT,,999.00,0.39,10.9,9.4,2827
69.65,-33.920,-25.806,-30.7,1.04,CLEAR(조향OFF)|STRAIGHT,,999.00,0.39,10.7,9.4,2827
69.70,-33.920,-25.806,-30.3,1.04,CLEAR(조향OFF)|STRAIGHT,,999.00,0.39,10.9,9.4,2827
69.75,-33.838,-25.854,-29.6,0.80,CLEAR(조향OFF)|STRAIGHT,,999.00,0.39,10.7,9.5,2827
69.80,-33.838,-25.854,-29.3,0.80,CLEAR(조향OFF)|STRAIGHT,,999.00,0.39,11.6,9.4,2834
69.85,-33.751,-25.904,-28.5,1.11,CLEAR(조향OFF)|STRAIGHT,,999.00,0.39,11.4,9.4,2820
69.90,-33.751,-25.904,-28.1,1.11,CLEAR(조향OFF)|STRAIGHT,,999.00,0.39,11.1,9.4,2834
69.95,-33.660,-25.936,-27.5,0.95,CLEAR(조향OFF)|STRAIGHT,,999.00,0.39,10.9,9.4,2820
70.00,-33.660,-25.936,-27.1,0.95,CLEAR(조향OFF)|STRAIGHT,,999.00,0.40,10.3,9.5,2834
70.05,-33.569,-25.983,-26.3,1.02,CLEAR(조향OFF)|STRAIGHT,,999.00,0.40,10.1,9.4,2820
70.10,-33.569,-25.983,-25.9,1.02,CLEAR(조향OFF)|STRAIGHT,,999.00,0.40,10.3,9.4,2834
70.15,-33.482,-26.018,-25.1,0.94,CLEAR(조향OFF)|STRAIGHT,,999.00,0.40,10.0,9.4,2827
70.20,-33.482,-26.018,-24.7,0.94,CLEAR(조향OFF)|STRAIGHT,,999.00,0.40,10.4,9.4,2820
70.25,-33.388,-26.048,-24.0,1.09,CLEAR(조향OFF)|STRAIGHT,,999.00,0.40,10.2,9.4,2827
70.30,-33.388,-26.048,-23.6,1.09,CLEAR(조향OFF)|STRAIGHT,,999.00,0.40,10.0,9.4,2834
70.35,-33.297,-26.078,-22.9,0.96,CLEAR(조향OFF)|STRAIGHT,,999.00,0.40,9.8,9.5,2820
70.40,-33.297,-26.078,-22.5,0.96,CLEAR(조향OFF)|STRAIGHT,,999.00,0.40,10.3,9.4,2834
70.45,-33.203,-26.122,-21.7,1.03,CLEAR(조향OFF)|STRAIGHT,,999.00,0.40,10.0,9.5,2841
70.50,-33.203,-26.122,-21.3,1.03,CLEAR(조향OFF)|STRAIGHT,,999.00,0.42,9.2,9.5,2834
70.55,-33.105,-26.149,-20.5,0.92,CLEAR(조향OFF)|STRAIGHT,,999.00,0.42,9.0,9.4,2820
70.60,-33.105,-26.149,-20.2,0.92,CLEAR(조향OFF)|STRAIGHT,,999.00,0.42,9.3,9.4,2827
70.65,-33.020,-26.172,-19.5,0.88,CLEAR(조향OFF)|STRAIGHT,,999.00,0.42,9.1,9.4,2820
70.70,-33.020,-26.172,-19.1,0.88,CLEAR(조향OFF)|STRAIGHT,,999.00,0.42,9.3,9.4,2827
70.75,-32.921,-26.207,-18.4,0.95,CLEAR(조향OFF)|STRAIGHT,,999.00,0.42,9.0,9.4,2820
70.80,-32.921,-26.207,-17.9,0.95,CLEAR(조향OFF)|STRAIGHT,,999.00,0.42,9.2,9.4,2834
70.85,-32.831,-26.222,-17.2,1.01,CLEAR(조향OFF)|STRAIGHT,,999.00,0.42,8.9,9.4,2820
70.90,-32.831,-26.222,-16.9,1.01,CLEAR(조향OFF)|STRAIGHT,,999.00,0.42,8.8,9.4,2834
70.95,-32.744,-26.244,-16.0,0.82,CLEAR(조향OFF)|STRAIGHT,,999.00,0.42,8.6,9.4,2813
71.00,-32.744,-26.244,-15.6,0.82,CLEAR(조향OFF)|STRAIGHT,,999.00,0.42,9.1,9.4,2820
71.05,-32.644,-26.277,-14.9,1.17,CLEAR(조향OFF)|STRAIGHT,,999.00,0.42,8.8,9.5,2827
71.10,-32.644,-26.277,-14.5,1.17,CLEAR(조향OFF)|STRAIGHT,,999.00,0.43,7.7,9.5,2820
71.15,-32.552,-26.294,-13.7,1.03,CLEAR(조향OFF)|STRAIGHT,,999.00,0.43,7.4,9.4,2806
71.20,-32.552,-26.294,-13.4,1.03,CLEAR(조향OFF)|STRAIGHT,,999.00,0.43,7.6,9.5,2820
71.25,-32.464,-26.300,-12.7,0.87,CLEAR(조향OFF)|STRAIGHT,,999.00,0.43,7.4,9.1,2841
71.30,-32.464,-26.300,-12.3,0.87,CLEAR(조향OFF)|STRAIGHT,,999.00,0.43,7.5,8.8,2870
71.35,-32.372,-26.304,-11.6,0.91,CLEAR(조향OFF)|STRAIGHT,,999.00,0.43,7.2,8.8,2863
71.40,-32.372,-26.304,-11.3,0.91,CLEAR(조향OFF)|STRAIGHT,,999.00,0.43,7.1,8.8,2885
71.45,-32.275,-26.315,-10.5,0.89,CLEAR(조향OFF)|STRAIGHT,,999.00,0.43,6.8,8.8,2885
71.50,-32.275,-26.315,-10.2,0.89,CLEAR(조향OFF)|STRAIGHT,,999.00,0.43,6.8,8.8,2885
71.55,-32.186,-26.327,-9.6,0.90,CLEAR(조향OFF)|STRAIGHT,,999.00,0.43,6.6,8.7,2892
71.60,-32.186,-26.327,-9.2,0.90,CLEAR(조향OFF)|STRAIGHT,,999.00,0.44,6.1,8.6,2915
71.65,-32.090,-26.340,-8.5,1.07,CLEAR(조향OFF)|STRAIGHT,,999.00,0.44,5.9,8.6,2915
71.70,-32.090,-26.340,-8.1,1.07,CLEAR(조향OFF)|STRAIGHT,,999.00,0.44,5.7,8.5,2907
71.75,-31.995,-26.344,-7.5,0.86,CLEAR(조향OFF)|STRAIGHT,,999.00,0.44,5.5,8.5,2907
71.80,-31.995,-26.344,-7.2,0.86,CLEAR(조향OFF)|STRAIGHT,,999.00,0.44,5.5,7.9,2976
71.85,-31.904,-26.347,-6.6,0.91,CLEAR(조향OFF)|STRAIGHT,,999.00,0.44,5.3,7.9,2984
71.90,-31.904,-26.347,-6.3,0.91,CLEAR(조향OFF)|STRAIGHT,,999.00,0.44,5.2,7.9,2984
71.95,-31.807,-26.351,-5.6,0.96,CLEAR(조향OFF)|STRAIGHT,,999.00,0.44,5.0,7.9,2992
72.00,-31.807,-26.351,-5.3,0.96,CLEAR(조향OFF)|STRAIGHT,,999.00,0.44,4.8,7.9,2992
72.05,-31.716,-26.351,-4.7,0.91,CLEAR(조향OFF)|STRAIGHT,,999.00,0.44,4.6,7.9,3000
72.10,-31.716,-26.351,-4.4,0.91,CLEAR(조향OFF)|STRAIGHT,,999.00,0.46,4.4,7.9,3000
72.15,-31.617,-26.359,-3.8,1.10,CLEAR(조향OFF)|STRAIGHT,,999.00,0.46,4.2,6.8,3117
72.20,-31.617,-26.359,-3.6,1.10,CLEAR(조향OFF)|STRAIGHT,,999.00,0.46,4.2,6.8,3117
72.25,-31.524,-26.353,-3.1,0.92,CLEAR(조향OFF)|STRAIGHT,,999.00,0.46,4.1,6.6,3160
72.30,-31.524,-26.353,-2.8,0.92,CLEAR(조향OFF)|STRAIGHT,,999.00,0.46,3.9,6.5,3169
72.35,-31.434,-26.352,-2.3,0.90,CLEAR(조향OFF)|STRAIGHT,,999.00,0.46,3.7,6.5,3169
72.40,-31.434,-26.352,-2.1,0.90,CLEAR(조향OFF)|STRAIGHT,,999.00,0.46,3.6,6.6,3187
72.45,-31.342,-26.349,-1.6,0.91,CLEAR(조향OFF)|STRAIGHT,,999.00,0.46,3.4,6.3,3196
72.50,-31.342,-26.349,-1.3,0.91,CLEAR(조향OFF)|STRAIGHT,,999.00,0.46,3.3,6.1,3224
72.55,-31.249,-26.352,-0.9,0.93,CLEAR(조향OFF)|STRAIGHT,,999.00,0.46,3.1,6.1,3224
72.60,-31.249,-26.352,-0.6,0.93,CLEAR(조향OFF)|STRAIGHT,,999.00,0.46,3.1,5.8,3261
72.65,-31.157,-26.343,-0.2,0.92,CLEAR(조향OFF)|STRAIGHT,,999.00,0.46,2.9,5.8,3261
72.70,-31.157,-26.343,0.0,0.92,CLEAR(조향OFF)|STRAIGHT,,999.00,0.47,3.0,5.7,3290
72.75,-31.067,-26.339,0.5,0.75,CLEAR(조향OFF)|STRAIGHT,,999.00,0.47,2.9,5.7,3309
72.80,-31.067,-26.339,0.7,0.75,CLEAR(조향OFF)|STRAIGHT,,999.00,0.47,2.6,5.7,3309
72.85,-30.967,-26.331,1.1,1.00,CLEAR(조향OFF)|STRAIGHT,,999.00,0.47,2.5,5.7,3280
72.90,-30.967,-26.331,1.4,1.00,CLEAR(조향OFF)|STRAIGHT,,999.00,0.47,2.5,5.6,3309
72.95,-30.875,-26.326,1.8,1.15,CLEAR(조향OFF)|STRAIGHT,,999.00,0.47,2.3,5.4,3319
73.00,-30.875,-26.326,2.0,1.15,CLEAR(조향OFF)|STRAIGHT,,999.00,0.47,2.3,5.2,3349
73.05,-30.786,-26.321,2.3,0.89,CLEAR(조향OFF)|STRAIGHT,,999.00,0.47,2.2,5.0,3379
73.10,-30.786,-26.321,2.5,0.89,CLEAR(조향OFF)|STRAIGHT,,999.00,0.47,1.9,4.9,3399
73.15,-30.694,-26.308,2.7,0.93,CLEAR(조향OFF)|STRAIGHT,,999.00,0.47,1.7,4.7,3420
73.20,-30.694,-26.308,2.9,0.93,CLEAR(조향OFF)|STRAIGHT,,999.00,0.48,2.3,4.7,3430
73.25,-30.599,-26.294,3.3,0.86,CLEAR(조향OFF)|STRAIGHT,,999.00,0.48,2.1,4.7,3430
73.30,-30.599,-26.294,3.4,0.86,CLEAR(조향OFF)|STRAIGHT,,999.00,0.48,1.9,4.3,3473
73.35,-30.502,-26.287,3.7,0.98,CLEAR(조향OFF)|STRAIGHT,,999.00,0.48,1.8,4.1,3494
73.40,-30.502,-26.287,3.9,0.98,CLEAR(조향OFF)|STRAIGHT,,999.00,0.48,1.8,4.1,3527
73.45,-30.413,-26.271,4.2,0.89,CLEAR(조향OFF)|STRAIGHT,,999.00,0.48,1.7,4.1,3538
73.50,-30.413,-26.271,4.3,0.89,CLEAR(조향OFF)|STRAIGHT,,999.00,0.48,1.4,4.1,3538
73.55,-30.320,-26.259,4.6,0.94,CLEAR(조향OFF)|STRAIGHT,,999.00,0.48,1.3,4.1,3527
73.60,-30.320,-26.259,4.8,0.94,CLEAR(조향OFF)|STRAIGHT,,999.00,0.48,1.2,4.1,3538
73.65,-30.225,-26.242,5.1,1.06,CLEAR(조향OFF)|STRAIGHT,,999.00,0.48,1.1,3.6,3595
73.70,-30.225,-26.242,5.2,1.06,CLEAR(조향OFF)|STRAIGHT,,999.00,0.49,1.7,3.5,3630
73.75,-30.131,-26.237,5.5,0.86,CLEAR(조향OFF)|STRAIGHT,,999.00,0.49,1.7,3.4,3618
73.80,-30.131,-26.237,5.6,0.86,CLEAR(조향OFF)|STRAIGHT,,999.00,0.49,1.5,3.4,3653
73.85,-30.040,-26.223,5.8,0.92,CLEAR(조향OFF)|STRAIGHT,,999.00,0.49,1.4,3.5,3630
73.90,-30.040,-26.223,5.9,0.92,CLEAR(조향OFF)|STRAIGHT,,999.00,0.49,1.4,3.4,3641
73.95,-29.950,-26.212,6.1,1.01,CLEAR(조향OFF)|STRAIGHT,,999.00,0.49,1.3,3.4,3630
74.00,-29.950,-26.212,6.2,1.01,CLEAR(조향OFF)|STRAIGHT,,999.00,0.49,1.4,3.5,3641
74.05,-29.864,-26.196,6.4,0.87,CLEAR(조향OFF)|STRAIGHT,,999.00,0.49,1.3,3.4,3641
74.10,-29.864,-26.196,6.5,0.87,CLEAR(조향OFF)|STRAIGHT,,999.00,0.49,0.9,3.5,3653
74.15,-29.767,-26.188,6.8,0.97,CLEAR(조향OFF)|STRAIGHT,,999.00,0.49,0.9,3.4,3653
74.20,-29.767,-26.188,6.9,0.97,CLEAR(조향OFF)|STRAIGHT,,999.00,0.49,1.0,3.4,3641
74.25,-29.676,-26.169,7.1,0.93,CLEAR(조향OFF)|STRAIGHT,,999.00,0.49,0.9,3.0,3701
74.30,-29.676,-26.169,7.2,0.93,CLEAR(조향OFF)|STRAIGHT,,999.00,0.51,1.6,2.6,3751
74.35,-29.585,-26.149,7.3,0.85,CLEAR(조향OFF)|STRAIGHT,,999.00,0.51,1.6,2.7,3751
74.40,-29.585,-26.149,7.4,0.85,CLEAR(조향OFF)|STRAIGHT,,999.00,0.51,1.4,2.7,3763
74.45,-29.494,-26.130,7.6,1.03,CLEAR(조향OFF)|STRAIGHT,,999.00,0.51,1.3,2.7,3751
74.50,-29.494,-26.130,7.7,1.03,CLEAR(조향OFF)|STRAIGHT,,999.00,0.51,1.4,2.7,3776
74.55,-29.404,-26.105,7.8,0.93,CLEAR(조향OFF)|STRAIGHT,,999.00,0.51,1.3,2.7,3776
74.60,-29.404,-26.105,8.0,0.93,CLEAR(조향OFF)|STRAIGHT,,999.00,0.51,1.0,2.6,3776
74.65,-29.303,-26.103,8.1,1.00,CLEAR(조향OFF)|STRAIGHT,,999.00,0.51,0.9,2.6,3776
74.70,-29.303,-26.103,8.2,1.00,CLEAR(조향OFF)|STRAIGHT,,999.00,0.51,1.2,2.6,3776
74.75,-29.207,-26.093,8.3,0.80,CLEAR(조향OFF)|STRAIGHT,,999.00,0.51,1.2,2.5,3788
74.80,-29.207,-26.093,8.4,0.80,CLEAR(조향OFF)|STRAIGHT,,999.00,0.51,1.8,2.6,3776
74.85,-29.113,-26.071,8.5,0.96,CLEAR(조향OFF)|STRAIGHT,,999.00,0.52,1.8,2.6,3788
74.90,-29.113,-26.071,8.6,0.96,CLEAR(조향OFF)|STRAIGHT,,999.00,0.52,1.9,2.5,3801
74.95,-29.026,-26.050,8.7,1.11,CLEAR(조향OFF)|STRAIGHT,,999.00,0.52,1.9,2.4,3801
75.00,-29.026,-26.050,8.8,1.11,CLEAR(조향OFF)|STRAIGHT,,999.00,0.52,1.9,2.4,3801
75.05,-28.929,-26.034,8.9,0.90,CLEAR(조향OFF)|STRAIGHT,,999.00,0.52,1.9,2.5,3801
75.10,-28.929,-26.034,9.0,0.90,CLEAR(조향OFF)|STRAIGHT,,999.00,0.52,1.7,2.5,3814
75.15,-28.837,-26.018,9.1,0.93,CLEAR(조향OFF)|STRAIGHT,,999.00,0.52,1.7,2.5,3801
75.20,-28.837,-26.018,9.2,0.93,CLEAR(조향OFF)|STRAIGHT,,999.00,0.52,1.7,2.4,3801
75.25,-28.739,-26.000,9.4,1.00,CLEAR(조향OFF)|STRAIGHT,,999.00,0.52,1.7,2.5,3814
75.30,-28.739,-26.000,9.4,1.00,CLEAR(조향OFF)|STRAIGHT,,999.00,0.54,2.4,2.4,3814
75.35,-28.651,-25.972,9.6,0.91,CLEAR(조향OFF)|STRAIGHT,,999.00,0.54,2.4,2.5,3801
75.40,-28.651,-25.972,9.7,0.91,CLEAR(조향OFF)|STRAIGHT,,999.00,0.54,2.2,2.5,3814
75.45,-28.558,-25.957,9.9,0.95,CLEAR(조향OFF)|STRAIGHT,,999.00,0.54,2.1,2.5,3814
75.50,-28.558,-25.957,10.0,0.95,CLEAR(조향OFF)|STRAIGHT,,999.00,0.54,2.2,2.5,3814
75.55,-28.468,-25.936,10.1,0.92,CLEAR(조향OFF)|STRAIGHT,,999.00,0.54,2.2,2.5,3801
75.60,-28.468,-25.936,10.2,0.92,CLEAR(조향OFF)|STRAIGHT,,999.00,0.54,2.1,2.5,3801
75.65,-28.375,-25.921,10.4,1.04,CLEAR(조향OFF)|STRAIGHT,,999.00,0.54,2.0,2.6,3814
75.70,-28.375,-25.921,10.4,1.04,CLEAR(조향OFF)|STRAIGHT,,999.00,0.54,2.2,2.5,3814
75.75,-28.285,-25.898,10.6,0.77,CLEAR(조향OFF)|STRAIGHT,,999.00,0.54,2.2,2.5,3814
75.80,-28.285,-25.898,10.6,0.77,CLEAR(조향OFF)|STRAIGHT,,999.00,0.54,2.5,2.5,3814
75.85,-28.190,-25.878,10.7,1.22,CLEAR(조향OFF)|STRAIGHT,,999.00,0.55,2.5,2.5,3801
75.90,-28.190,-25.878,10.8,1.22,CLEAR(조향OFF)|STRAIGHT,,999.00,0.55,2.8,2.5,3814
75.95,-28.104,-25.857,10.9,0.86,CLEAR(조향OFF)|STRAIGHT,,999.00,0.55,2.8,2.5,3801
76.00,-28.104,-25.857,11.0,0.86,CLEAR(조향OFF)|STRAIGHT,,999.00,0.55,2.6,2.5,3814
76.05,-28.014,-25.829,11.2,0.99,CLEAR(조향OFF)|STRAIGHT,,999.00,0.55,2.6,2.5,3827
76.10,-28.014,-25.829,11.3,0.99,CLEAR(조향OFF)|STRAIGHT,,999.00,0.55,2.6,2.5,3814
76.15,-27.921,-25.807,11.4,0.94,CLEAR(조향OFF)|STRAIGHT,,999.00,0.55,2.5,2.5,3814
76.20,-27.921,-25.807,11.5,0.94,AVOID(조향OFF)|RIGHT,,8.00,0.55,2.6,2.5,3814
76.25,-27.827,-25.787,11.6,0.88,AVOID(조향OFF)|RIGHT,,8.00,0.55,2.5,2.5,3827
76.30,-27.827,-25.787,11.7,0.88,AVOID(조향OFF)|LEFT,,8.00,0.55,2.6,2.4,3814
76.35,-27.734,-25.764,11.9,0.96,AVOID(조향OFF)|LEFT,,8.00,0.55,2.5,2.5,3827
76.40,-27.734,-25.764,12.0,0.96,AVOID(조향OFF)|RIGHT,,8.00,0.57,3.0,2.5,3814
76.45,-27.638,-25.745,12.1,0.97,AVOID(조향OFF)|RIGHT,,8.00,0.57,2.9,2.4,3801
76.50,-27.638,-25.745,12.2,0.97,AVOID(조향OFF)|LEFT,,8.00,0.57,3.1,2.5,3827
76.55,-27.547,-25.718,12.3,1.06,AVOID(조향OFF)|LEFT,,8.00,0.57,3.0,2.5,3814
76.60,-27.547,-25.718,12.4,1.06,AVOID(조향OFF)|LEFT,,8.00,0.57,3.1,2.4,3814
76.65,-27.457,-25.692,12.6,0.93,BLOCKED(조향OFF)|STOP,,3.53,0.57,3.0,2.5,3801
76.70,-27.457,-25.692,12.6,0.93,BLOCKED(조향OFF)|STOP,,3.53,0.57,3.1,2.5,3814
76.75,-27.362,-25.673,12.7,0.88,AVOID(조향OFF)|RIGHT,,8.00,0.57,3.0,2.5,3801
76.80,-27.362,-25.673,12.7,0.88,AVOID(조향OFF)|RIGHT,,8.00,0.57,3.3,2.5,3814
76.85,-27.271,-25.645,12.9,0.95,BLOCKED(조향OFF)|STOP,,3.36,0.57,3.2,2.5,3801
76.90,-27.271,-25.645,12.9,0.95,BLOCKED(조향OFF)|STOP,,3.36,0.58,3.4,2.5,3814
76.95,-27.180,-25.614,13.1,1.05,BLOCKED(조향OFF)|STOP,,3.27,0.58,3.4,2.5,3801
77.00,-27.180,-25.614,13.1,1.05,BLOCKED(조향OFF)|STOP,,3.27,0.58,3.4,2.5,3814
77.05,-27.094,-25.586,13.3,0.90,BLOCKED(조향OFF)|STOP,,3.19,0.58,3.4,2.5,3814
77.10,-27.094,-25.586,13.3,0.90,BLOCKED(조향OFF)|STOP,,3.11,0.58,3.4,2.5,3814
77.15,-27.006,-25.561,13.5,0.91,BLOCKED(조향OFF)|STOP,,3.11,0.58,3.4,2.5,3814
77.20,-27.006,-25.561,13.6,0.91,BLOCKED(조향OFF)|STOP,,3.03,0.58,3.5,2.5,3827
77.25,-26.910,-25.536,13.8,0.98,BLOCKED(조향OFF)|STOP,,3.03,0.58,3.4,2.5,3827
77.30,-26.910,-25.536,13.8,0.98,BLOCKED(조향OFF)|STOP,,2.95,0.56,3.6,2.5,3814
77.35,-26.821,-25.510,14.0,0.79,BLOCKED(조향OFF)|STOP,,2.95,0.56,3.5,2.5,3814
77.40,-26.821,-25.510,14.1,0.79,BLOCKED(조향OFF)|STOP,,2.86,0.54,3.6,2.5,3827
77.45,-26.741,-25.484,14.2,0.93,BLOCKED(조향OFF)|STOP,,2.86,0.54,3.6,2.4,3827
77.50,-26.741,-25.484,14.3,0.93,BLOCKED(조향OFF)|STOP,,2.77,0.51,3.6,2.5,3827
77.55,-26.649,-25.460,14.4,1.05,BLOCKED(조향OFF)|STOP,,2.77,0.49,3.6,2.5,3814
77.60,-26.649,-25.460,14.5,1.05,BLOCKED(조향OFF)|STOP,,2.69,0.49,3.7,2.5,3814
77.65,-26.562,-25.433,14.6,0.91,BLOCKED(조향OFF)|STOP,,2.62,0.47,3.6,2.6,3801
77.70,-26.562,-25.433,14.7,0.91,BLOCKED(조향OFF)|STOP,,2.62,0.47,3.8,2.4,3814
77.75,-26.478,-25.408,14.8,0.79,BLOCKED(조향OFF)|STOP,,2.53,0.45,3.8,2.5,3814
77.80,-26.478,-25.408,14.8,0.79,BLOCKED(조향OFF)|STOP,,2.53,0.45,4.0,2.5,3814
77.85,-26.388,-25.380,15.0,0.86,BLOCKED(조향OFF)|STOP,,2.44,0.43,4.0,2.4,3814
77.90,-26.388,-25.380,15.0,0.86,BLOCKED(조향OFF)|STOP,,2.44,0.43,4.1,2.6,3801
77.95,-26.299,-25.352,15.1,1.17,BLOCKED(조향OFF)|STOP,,2.36,0.41,4.1,2.5,3814
78.00,-26.299,-25.352,15.2,1.17,BLOCKED(조향OFF)|STOP,,2.36,0.39,3.9,2.4,3801
78.05,-26.216,-25.320,15.3,0.80,BLOCKED(조향OFF)|STOP,,1.98,0.39,3.8,2.5,3801
78.10,-26.216,-25.320,15.4,0.80,BLOCKED|STOP,,2.20,0.30,4.1,2.5,3814
78.15,-26.127,-25.298,15.5,0.92,BLOCKED|STOP,,2.20,0.30,4.0,2.5,3814
78.20,-26.127,-25.298,15.6,0.92,BLOCKED|STOP,,2.12,0.35,4.3,2.4,3814
78.25,-26.043,-25.261,15.8,1.01,BLOCKED|STOP,,2.12,0.35,4.2,2.7,3814
78.30,-26.043,-25.261,15.9,1.01,BLOCKED|STOP,,1.73,0.33,4.1,3.0,3738
78.35,-25.956,-25.233,16.0,0.91,BLOCKED|STOP,,1.73,0.33,4.0,2.9,3751
78.40,-25.956,-25.233,16.1,0.91,BLOCKED|STOP,,1.63,0.25,4.3,3.1,3738
78.45,-25.871,-25.203,16.2,0.91,BLOCKED|STOP,,1.63,0.25,4.3,3.1,3726
78.50,-25.871,-25.203,16.4,0.91,BLOCKED|STOP,,1.54,0.25,4.0,3.0,3726
78.55,-25.777,-25.172,16.5,0.99,BLOCKED|STOP,,1.54,0.25,3.9,3.1,3726
78.60,-25.777,-25.172,16.6,0.99,BLOCKED|STOP,,1.46,0.25,4.0,2.9,3738
78.65,-25.688,-25.136,16.7,0.95,BLOCKED|STOP,,1.37,0.25,4.0,3.1,3726
78.70,-25.688,-25.136,16.8,0.95,BLOCKED|STOP,,1.37,0.25,4.1,3.0,3726
78.75,-25.601,-25.109,17.0,0.83,BLOCKED|STOP,,1.30,0.25,4.1,3.0,3701
78.80,-25.601,-25.109,17.1,0.83,BLOCKED|STOP,,1.30,0.25,4.4,3.0,3713
78.85,-25.509,-25.071,17.2,0.98,BLOCKED|STOP,,1.23,0.25,4.3,3.0,3726
78.90,-25.509,-25.071,17.3,0.98,BLOCKED|STOP,,1.23,0.25,4.2,3.0,3726
78.95,-25.418,-25.036,17.5,1.05,BLOCKED|STOP,,1.27,0.25,4.2,3.0,3726
79.00,-25.418,-25.036,17.5,1.05,BLOCKED|STOP,,1.27,0.25,3.8,2.9,3726
79.05,-25.326,-25.005,17.6,0.98,BLOCKED|STOP,,1.28,0.25,3.8,3.0,3726
79.10,-25.326,-25.005,17.7,0.98,BLOCKED|STOP,,1.28,0.25,4.0,3.0,3726
79.15,-25.235,-24.972,17.9,0.96,BLOCKED|STOP,,1.20,0.25,4.0,3.0,3726
79.20,-25.235,-24.972,17.9,0.96,BLOCKED|STOP,,1.05,0.25,4.1,3.0,3726
79.25,-25.149,-24.936,18.1,0.87,BLOCKED|STOP,,1.05,0.25,4.1,3.0,3726
79.30,-25.149,-24.936,18.2,0.87,BLOCKED|STOP,,1.03,0.25,4.3,3.0,3726
79.35,-25.061,-24.899,18.3,0.95,BLOCKED|STOP,,1.03,0.25,4.2,3.0,3713
79.40,-25.061,-24.899,18.4,0.95,BLOCKED|STOP,,0.92,0.25,4.3,3.0,3726
79.45,-24.972,-24.865,18.6,1.06,BLOCKED|STOP,,0.92,0.16,4.2,3.0,3726
79.50,-24.972,-24.865,18.5,1.06,BLOCKED|STOP,,0.83,0.07,4.3,3.0,3738
79.55,-24.878,-24.829,18.7,0.91,BLOCKED|STOP,,0.83,0.00,4.3,3.0,3726
79.60,-24.878,-24.829,18.8,0.91,BLOCKED|STOP,,0.71,0.00,4.0,3.0,3726
79.65,-24.794,-24.790,19.0,0.92,BLOCKED|STOP,,0.62,0.00,3.9,3.0,3738
79.70,-24.794,-24.790,19.1,0.92,BLOCKED|STOP,,0.62,0.00,4.0,3.0,3763
79.75,-24.701,-24.754,19.2,0.91,BLOCKED|STOP,,0.53,0.00,3.9,3.1,3738
79.80,-24.701,-24.754,19.3,0.91,BLOCKED|STOP,,0.53,0.00,4.1,3.1,3738
79.85,-24.613,-24.713,19.5,1.06,BLOCKED|STOP,,0.45,0.00,4.1,3.0,3738
79.90,-24.613,-24.713,19.5,1.06,BLOCKED|STOP,,0.45,0.00,4.0,3.0,3751
79.95,-24.527,-24.679,19.7,0.93,BLOCKED|STOP,,0.38,0.00,3.9,3.0,3738
80.00,-24.527,-24.679,19.8,0.93,BLOCKED|STOP,,0.38,0.00,4.2,2.9,3751
80.05,-24.456,-24.644,19.9,0.79,BLOCKED|STOP,,0.31,0.00,4.1,3.0,3738
80.10,-24.456,-24.644,20.0,0.79,BLOCKED|STOP,,0.31,0.00,3.7,2.9,3763
80.15,-24.390,-24.606,20.1,0.83,BLOCKED|STOP,,0.34,0.00,3.7,3.0,3738
80.20,-24.390,-24.606,20.2,0.83,BLOCKED|STOP,,0.64,0.00,3.6,3.0,3751
80.25,-24.317,-24.574,20.2,0.80,BLOCKED|STOP,,0.64,0.00,3.5,3.1,3751
80.30,-24.317,-24.574,20.3,0.80,AVOID|RIGHT,2.2,8.00,0.00,3.7,3.0,3763
80.35,-24.260,-24.541,20.4,0.64,AVOID|RIGHT,2.2,8.00,0.00,2.2,3.0,3751
80.40,-24.260,-24.541,20.5,0.64,AVOID|RIGHT,2.6,8.00,0.05,2.2,3.0,3763
80.45,-24.201,-24.521,20.5,0.63,AVOID|RIGHT,2.6,8.00,0.10,2.6,2.9,3738
80.50,-24.201,-24.521,20.5,0.63,AVOID|RIGHT,2.0,8.00,0.15,2.6,3.0,3738
80.55,-24.147,-24.497,20.5,0.59,AVOID|RIGHT,2.0,8.00,0.20,2.0,3.0,3738
80.60,-24.147,-24.497,20.5,0.59,AVOID|RIGHT,2.2,8.00,0.25,2.2,3.0,3726
80.65,-24.112,-24.481,20.5,0.38,AVOID|RIGHT,2.2,8.00,0.30,2.2,3.1,3713
80.70,-24.112,-24.481,20.5,0.38,AVOID|RIGHT,1.8,8.00,0.35,1.8,3.0,3738
80.75,-24.065,-24.465,20.5,0.45,AVOID|RIGHT,2.0,8.00,0.40,1.8,3.0,3726
80.80,-24.065,-24.465,20.5,0.45,AVOID|RIGHT,2.0,8.00,0.45,2.0,3.0,3738
80.85,-24.035,-24.443,20.5,0.36,AVOID|RIGHT,1.8,8.00,0.50,2.0,3.1,3713
80.90,-24.035,-24.443,20.5,0.36,AVOID|RIGHT,1.8,8.00,0.55,1.8,3.1,3713
80.95,-24.035,-24.443,20.5,0.36,AVOID|RIGHT,1.8,8.00,0.60,1.8,3.1,3713
81.00,-24.035,-24.443,20.5,0.36,AVOID|RIGHT,1.8,8.00,0.65,1.8,3.1,3713
81.05,-24.035,-24.443,20.5,0.36,AVOID|RIGHT,1.0,8.00,0.65,1.8,3.1,3701
81.10,-24.035,-24.443,20.5,0.36,AVOID|RIGHT,1.0,8.00,0.65,1.0,3.0,3726
81.15,-24.035,-24.443,20.5,0.36,AVOID|RIGHT,1.2,8.00,0.65,1.0,3.0,3726
81.20,-24.035,-24.443,20.5,0.36,AVOID|RIGHT,1.2,8.00,0.65,1.2,3.1,3701
81.25,-24.035,-24.443,20.5,0.36,AVOID|RIGHT,0.8,8.00,0.65,0.8,3.0,3726
81.30,-24.035,-24.443,20.5,0.36,AVOID|RIGHT,0.8,8.00,0.65,0.8,2.7,3751
81.35,-24.035,-24.443,20.5,0.36,AVOID|RIGHT,0.8,8.00,0.65,0.8,2.6,3763
81.40,-24.035,-24.443,20.5,0.36,AVOID|RIGHT,0.0,8.00,0.65,0.8,2.6,3776
81.45,-24.035,-24.443,20.5,0.36,AVOID|RIGHT,0.0,8.00,0.00,0.0,2.6,3763
81.50,-24.035,-24.443,20.5,0.36,AVOID|RIGHT,0.0,8.00,0.00,0.0,2.4,3788
81.55,-24.035,-24.443,20.5,0.36,AVOID|RIGHT,0.0,8.00,0.00,0.0,2.5,3801
81.60,-24.035,-24.443,20.5,0.36,AVOID|RIGHT,0.0,8.00,0.00,0.0,2.0,3840
81.65,-24.035,-24.443,20.5,0.36,AVOID|RIGHT,0.0,8.00,0.00,0.0,1.5,3893
81.70,-24.035,-24.443,20.5,0.36,AVOID|RIGHT,0.0,8.00,0.00,0.0,1.5,3934
81.75,-24.035,-24.443,20.5,0.36,AVOID|RIGHT,0.0,8.00,0.00,0.0,1.5,3934
81.80,-24.035,-24.443,20.5,0.36,AVOID|RIGHT,0.0,8.00,0.00,0.0,1.5,3948
81.85,-24.035,-24.443,20.5,0.36,AVOID|RIGHT,0.0,8.00,0.00,0.0,1.5,3948
81.90,-24.035,-24.443,20.5,0.36,AVOID|RIGHT,0.0,8.00,0.00,0.0,1.5,3934
81.95,-24.035,-24.443,20.5,0.36,AVOID|RIGHT,0.0,8.00,0.00,0.0,1.3,3976
82.00,-24.035,-24.443,20.5,0.36,AVOID|RIGHT,0.0,8.00,0.00,0.0,1.2,3990
82.05,-24.035,-24.443,20.5,0.36,AVOID|RIGHT,0.0,8.00,0.00,0.0,1.3,3990
82.10,-24.035,-24.443,20.5,0.36,AVOID|RIGHT,0.0,8.00,0.00,0.0,1.2,3990
82.15,-24.035,-24.443,20.5,0.36,AVOID|RIGHT,0.0,8.00,0.00,0.0,1.2,3990
82.20,-24.035,-24.443,20.5,0.36,AVOID|RIGHT,0.0,8.00,0.00,0.0,1.3,4004
82.25,-23.465,-24.180,22.0,0.17,AVOID|RIGHT,0.0,8.00,0.00,0.0,1.2,4004
82.30,-23.465,-24.180,22.0,0.17,AVOID|RIGHT,0.0,8.00,0.05,0.0,1.3,4004
82.35,-23.465,-24.180,22.0,0.17,AVOID|RIGHT,0.4,8.00,0.10,0.0,1.2,4004
82.40,-23.465,-24.180,22.0,0.17,AVOID|RIGHT,0.4,8.00,0.15,0.4,1.2,4004
82.45,-23.426,-24.170,22.0,0.27,AVOID|RIGHT,0.2,8.00,0.20,0.2,1.2,4004
82.50,-23.426,-24.170,22.0,0.27,AVOID|RIGHT,0.0,8.00,0.25,0.2,1.3,4004
82.55,-23.414,-24.164,22.0,0.13,AVOID|RIGHT,0.0,8.00,0.30,0.0,1.2,4004
82.60,-23.414,-24.164,22.0,0.13,AVOID|RIGHT,-0.2,8.00,0.35,0.0,1.3,4004
82.65,-23.406,-24.163,22.0,0.08,AVOID|RIGHT,-0.2,8.00,0.40,-0.2,1.3,4004
82.70,-23.406,-24.163,21.9,0.08,AVOID|RIGHT,-0.2,8.00,0.45,-0.2,1.3,3990
82.75,-23.399,-24.158,22.0,0.08,AVOID|RIGHT,-0.2,8.00,0.50,-0.2,1.3,3990
82.80,-23.399,-24.158,22.0,0.08,AVOID|RIGHT,0.2,8.00,0.55,-0.2,1.1,4018
82.85,-23.392,-24.153,22.0,0.09,AVOID|RIGHT,0.2,8.00,0.60,0.2,1.1,4033
82.90,-23.392,-24.153,22.0,0.09,AVOID|RIGHT,-0.2,8.00,0.65,-0.2,1.1,4004
82.95,-23.377,-24.145,22.0,0.19,AVOID|RIGHT,-0.2,8.00,0.65,-0.2,1.1,4033
83.00,-23.377,-24.145,22.0,0.19,AVOID|RIGHT,-0.2,8.00,0.65,-0.2,1.1,4018
83.05,-23.363,-24.138,22.0,0.15,AVOID|RIGHT,0.4,8.00,0.65,-0.2,1.0,4033
83.10,-23.363,-24.138,22.0,0.15,AVOID|RIGHT,0.4,8.00,0.65,0.4,1.1,4018
83.15,-23.347,-24.127,22.0,0.20,AVOID|RIGHT,0.2,8.00,0.65,0.4,1.1,4018
83.20,-23.347,-24.127,22.0,0.20,AVOID|RIGHT,0.2,8.00,0.65,0.2,1.1,4018
83.25,-23.327,-24.119,22.0,0.20,AVOID|RIGHT,0.2,8.00,0.65,0.2,1.1,4033
83.30,-23.327,-24.119,22.0,0.20,AVOID|RIGHT,0.2,8.00,0.65,0.2,1.1,4018
83.35,-23.306,-24.106,22.0,0.25,AVOID|RIGHT,0.0,8.00,0.65,0.0,1.1,4033
83.40,-23.306,-24.106,22.0,0.25,AVOID|RIGHT,0.0,8.00,0.65,0.0,1.1,4033
83.45,-23.282,-24.092,22.0,0.27,AVOID|RIGHT,0.0,8.00,0.65,0.0,1.1,4047
83.50,-23.282,-24.092,22.0,0.27,AVOID|RIGHT,-0.2,8.00,0.65,0.0,1.1,4033
83.55,-23.247,-24.085,22.0,0.35,AVOID|RIGHT,-0.2,8.00,0.65,-0.2,1.1,4033
83.60,-23.247,-24.085,22.0,0.35,AVOID|RIGHT,-0.2,8.00,0.65,-0.2,1.1,4018
83.65,-23.217,-24.072,22.0,0.33,AVOID|RIGHT,-0.2,8.00,0.65,-0.2,1.1,4047
83.70,-23.217,-24.072,22.1,0.33,AVOID|RIGHT,-0.2,8.00,0.65,-0.2,1.1,4033
83.75,-23.185,-24.057,22.0,0.32,AVOID|RIGHT,-0.2,8.00,0.65,-0.2,1.1,4033
83.80,-23.185,-24.057,21.8,0.32,AVOID|STRAIGHT,0.4,8.00,0.65,-0.2,1.0,4033
83.85,-23.150,-24.036,21.7,0.41,AVOID|STRAIGHT,0.4,8.00,0.65,0.4,0.7,4077
83.90,-23.150,-24.036,21.7,0.41,AVOID|STRAIGHT,1.0,8.00,0.65,1.0,0.4,4121
83.95,-23.122,-24.018,21.7,0.36,AVOID|RIGHT,2.2,8.00,0.65,1.0,0.1,4167
84.00,-23.122,-24.018,21.7,0.36,AVOID|RIGHT,2.2,8.00,0.66,2.2,-0.0,4183
84.05,-23.096,-24.014,21.7,0.26,AVOID|STRAIGHT,2.2,8.00,0.66,2.2,-0.5,4230
84.10,-23.096,-24.014,21.7,0.26,AVOID|STRAIGHT,2.2,8.00,0.66,2.2,-0.8,4262
84.15,-23.077,-24.008,21.7,0.20,AVOID|RIGHT,1.8,8.00,0.66,2.2,-0.9,4278
84.20,-23.077,-24.008,21.7,0.20,AVOID|RIGHT,1.8,8.00,0.66,1.8,-0.8,4278
84.25,-23.080,-24.001,21.7,-0.00,AVOID|STRAIGHT,2.2,8.00,0.66,1.8,-0.7,4295
84.30,-23.080,-24.001,21.7,-0.00,AVOID|STRAIGHT,2.2,8.00,0.66,2.2,-0.8,4278
84.35,-23.080,-24.001,21.7,-0.00,AVOID|STRAIGHT,2.2,8.00,0.66,2.2,-0.8,4295
84.40,-23.080,-24.001,21.7,-0.00,AVOID|STRAIGHT,2.2,8.00,0.66,2.2,-0.8,4311
84.45,-23.080,-24.001,21.7,-0.00,AVOID|STRAIGHT,2.0,8.00,0.66,2.0,-0.8,4295
84.50,-23.080,-24.001,21.7,-0.00,AVOID|STRAIGHT,2.2,8.00,0.66,2.0,-0.7,4295
84.55,-23.080,-24.001,21.7,-0.00,AVOID|STRAIGHT,2.2,8.00,0.66,2.2,-0.7,4295
84.60,-23.080,-24.001,21.7,-0.00,AVOID|STRAIGHT,2.0,8.00,0.66,2.2,-0.7,4295
84.65,-23.080,-24.001,21.7,-0.00,AVOID|STRAIGHT,2.0,8.00,0.66,2.0,-0.7,4295
84.70,-23.080,-24.001,21.7,-0.00,AVOID|STRAIGHT,2.2,8.00,0.66,2.0,-0.7,4295
84.75,-23.080,-24.001,21.7,-0.00,AVOID|STRAIGHT,2.2,8.00,0.66,2.2,-0.7,4295
84.80,-23.080,-24.001,21.7,-0.00,AVOID|STRAIGHT,2.2,8.00,0.66,2.2,-0.6,4311
84.85,-23.080,-24.001,21.7,-0.00,AVOID|STRAIGHT,2.2,8.00,0.66,2.2,-0.8,4295
84.90,-23.080,-24.001,21.7,-0.00,AVOID|RIGHT,0.2,8.00,0.00,0.2,-0.6,4295
84.95,-23.080,-24.001,21.7,-0.00,AVOID|RIGHT,0.2,8.00,0.00,0.2,-0.6,4278
85.00,-23.080,-24.001,21.7,-0.00,AVOID|STRAIGHT,0.0,8.00,0.00,0.0,-0.7,4295
85.05,-23.080,-24.001,21.7,-0.00,AVOID|RIGHT,0.0,8.00,0.00,0.0,-0.7,4295
85.10,-23.080,-24.001,21.7,-0.00,AVOID|RIGHT,0.0,8.00,0.00,0.0,-0.7,4328
85.15,-23.080,-24.001,21.7,-0.00,AVOID|STRAIGHT,0.0,8.00,0.00,0.0,-0.7,4295
85.20,-23.080,-24.001,21.7,-0.00,AVOID|STRAIGHT,0.0,8.00,0.00,0.0,-0.7,4311
85.25,-23.080,-24.001,21.7,-0.00,AVOID|STRAIGHT,0.0,8.00,0.00,0.0,-0.8,4295
85.30,-23.080,-24.001,21.7,-0.00,AVOID|STRAIGHT,0.0,8.00,0.00,0.0,-0.7,4295
85.35,-23.080,-24.001,21.7,-0.00,AVOID|STRAIGHT,0.0,8.00,0.00,0.0,-0.7,4295
85.40,-23.080,-24.001,21.7,-0.00,AVOID|STRAIGHT,0.0,8.00,0.00,0.0,-0.7,4295
85.45,-23.080,-24.001,21.7,-0.00,AVOID|STRAIGHT,0.0,8.00,0.00,0.0,-0.7,4295
85.50,-23.080,-24.001,21.7,-0.00,AVOID|RIGHT,0.0,8.00,0.00,0.0,-0.7,4311
85.55,-23.080,-24.001,21.7,-0.00,AVOID|RIGHT,0.0,8.00,0.00,0.0,-0.7,4295
85.60,-23.080,-24.001,21.7,-0.00,AVOID|STRAIGHT,0.0,8.00,0.00,0.0,-0.7,4311
85.65,-23.090,-24.015,20.9,-0.01,AVOID|STRAIGHT,0.0,8.00,0.00,0.0,-0.7,4295
85.70,-23.090,-24.015,20.9,-0.01,AVOID|STRAIGHT,2.0,8.00,0.00,0.0,-0.7,4311
85.75,-23.090,-24.014,20.8,0.00,AVOID|STRAIGHT,2.0,8.00,0.05,2.0,-0.7,4295
85.80,-23.090,-24.014,20.8,0.00,AVOID|STRAIGHT,2.0,8.00,0.10,2.0,-0.6,4295
85.85,-23.089,-24.012,20.8,0.02,AVOID|STRAIGHT,2.0,8.00,0.15,2.0,-0.7,4278
85.90,-23.089,-24.012,20.8,0.02,AVOID|RIGHT,1.8,8.00,0.20,1.8,-0.7,4311
85.95,-23.085,-24.018,20.8,0.01,AVOID|STRAIGHT,2.2,8.00,0.25,1.8,-0.5,4278
86.00,-23.085,-24.018,20.8,0.01,AVOID|STRAIGHT,2.2,8.00,0.30,2.2,-0.4,4262
86.05,-23.090,-24.016,20.8,-0.04,AVOID|RIGHT,1.8,8.00,0.35,2.2,-0.4,4262
86.10,-23.090,-24.016,20.8,-0.04,AVOID|RIGHT,1.8,8.00,0.40,1.8,-0.5,4278
86.15,-23.088,-24.019,20.8,0.01,AVOID|STRAIGHT,2.0,8.00,0.45,1.8,-0.4,4262
86.20,-23.088,-24.019,20.8,0.01,AVOID|STRAIGHT,2.0,8.00,0.50,2.0,-0.4,4278
86.25,-23.083,-24.015,20.7,0.06,AVOID|STRAIGHT,2.2,8.00,0.55,2.0,-0.4,4278
86.30,-23.083,-24.015,20.7,0.06,AVOID|STRAIGHT,2.2,8.00,0.60,2.2,-0.5,4262
86.35,-23.076,-24.012,20.7,0.07,AVOID|STRAIGHT,2.0,8.00,0.65,2.0,-0.4,4278
86.40,-23.076,-24.012,20.7,0.07,AVOID|STRAIGHT,2.0,8.00,0.66,2.0,-0.4,4262
86.45,-23.078,-24.008,20.7,-0.00,AVOID|STRAIGHT,2.4,8.00,0.66,2.4,-0.6,4262
86.50,-23.078,-24.008,20.7,-0.00,AVOID|STRAIGHT,2.2,8.00,0.66,2.4,-0.4,4262
86.55,-23.081,-24.013,20.7,-0.04,AVOID|STRAIGHT,2.2,8.00,0.66,2.2,-0.4,4262
86.60,-23.081,-24.013,20.7,-0.04,AVOID|RIGHT,2.2,8.00,0.66,2.2,-0.4,4262
86.65,-23.078,-24.012,20.7,0.03,AVOID|RIGHT,2.2,8.00,0.66,2.2,-0.4,4262
86.70,-23.078,-24.012,20.7,0.03,AVOID|RIGHT,1.8,8.00,0.66,2.2,0.0,4230
86.75,-23.080,-24.009,20.7,-0.01,AVOID|RIGHT,1.8,8.00,0.66,1.8,-0.0,4246
86.80,-23.080,-24.009,20.7,-0.01,AVOID|RIGHT,1.8,8.00,0.66,1.8,0.0,4230
86.85,-23.073,-24.008,20.6,0.06,AVOID|RIGHT,1.8,8.00,0.66,1.8,-0.0,4214
86.90,-23.073,-24.008,20.6,0.06,AVOID|STRAIGHT,2.2,8.00,0.66,2.2,-0.0,4230
86.95,-23.066,-24.004,20.6,0.09,AVOID|STRAIGHT,2.0,8.00,0.66,2.2,-0.0,4214
87.00,-23.066,-24.004,20.6,0.09,AVOID|STRAIGHT,2.0,8.00,0.66,2.0,0.0,4230
87.05,-23.048,-23.995,20.5,0.20,AVOID|STRAIGHT,2.4,8.00,0.66,2.0,0.0,4214
87.10,-23.048,-23.995,20.5,0.20,AVOID|STRAIGHT,2.4,8.00,0.66,2.4,0.0,4214
87.15,-23.033,-23.987,20.5,0.17,AVOID|STRAIGHT,2.4,8.00,0.66,2.4,0.0,4214
87.20,-23.033,-23.987,20.5,0.17,AVOID|STRAIGHT,2.4,8.00,0.66,2.4,0.5,4152
87.25,-23.012,-23.975,20.4,0.24,AVOID|STRAIGHT,2.4,8.00,0.66,2.4,0.6,4152
87.30,-23.012,-23.975,20.4,0.24,AVOID|STRAIGHT,2.4,8.00,0.66,2.4,0.5,4137
87.35,-22.987,-23.965,20.4,0.27,AVOID|STRAIGHT,2.4,8.00,0.66,2.4,0.6,4137
87.40,-22.987,-23.965,20.4,0.27,AVOID|STRAIGHT,2.4,8.00,0.66,2.4,0.7,4121
87.45,-22.963,-23.954,20.3,0.26,AVOID|STRAIGHT,2.4,8.00,0.66,2.4,0.6,4121
87.50,-22.963,-23.954,20.3,0.26,AVOID|STRAIGHT,2.6,8.00,0.66,2.4,0.6,4106
87.55,-22.931,-23.941,20.3,0.35,AVOID|STRAIGHT,2.6,8.00,0.66,2.6,0.7,4121
87.60,-22.931,-23.941,20.3,0.35,AVOID|STRAIGHT,2.8,8.00,0.66,2.6,0.6,4121
87.65,-22.894,-23.930,20.3,0.38,AVOID|STRAIGHT,2.8,8.00,0.66,2.8,0.7,4106
87.70,-22.894,-23.930,20.3,0.38,AVOID|STRAIGHT,3.0,8.00,0.66,2.8,0.6,4106
87.75,-22.860,-23.914,20.3,0.35,AVOID|STRAIGHT,3.0,8.00,0.66,3.0,0.6,4092
87.80,-22.860,-23.914,20.3,0.35,AVOID|STRAIGHT,2.8,8.00,0.66,2.8,0.7,4106
87.85,-22.820,-23.896,20.4,0.43,AVOID|STRAIGHT,2.8,8.00,0.66,2.8,0.7,4106
87.90,-22.820,-23.896,20.4,0.43,AVOID|STRAIGHT,2.8,8.00,0.66,2.8,1.0,4077
87.95,-22.777,-23.879,20.4,0.52,AVOID|STRAIGHT,3.0,8.00,0.66,2.8,1.3,4033
88.00,-22.777,-23.879,20.4,0.52,AVOID|STRAIGHT,3.0,8.00,0.66,3.0,1.2,4004
88.05,-22.733,-23.865,20.4,0.46,AVOID|STRAIGHT,3.0,8.00,0.66,3.0,1.3,4047
88.10,-22.733,-23.865,20.4,0.46,AVOID|STRAIGHT,3.0,8.00,0.66,3.0,1.3,4004
88.15,-22.687,-23.844,20.4,0.50,AVOID|STRAIGHT,3.2,8.00,0.66,3.2,1.3,4004
88.20,-22.687,-23.844,20.4,0.50,AVOID|STRAIGHT,3.2,8.00,0.66,3.2,1.3,4018
88.25,-22.638,-23.819,20.5,0.55,AVOID|STRAIGHT,3.2,8.00,0.66,3.2,1.3,4004
88.30,-22.638,-23.819,20.5,0.55,AVOID|STRAIGHT,3.2,8.00,0.66,3.2,1.3,4004
88.35,-22.590,-23.792,20.5,0.55,AVOID|STRAIGHT,3.2,8.00,0.66,3.2,1.3,3990
88.40,-22.590,-23.792,20.5,0.55,AVOID|STRAIGHT,3.2,8.00,0.66,3.2,1.3,4004
88.45,-22.536,-23.777,20.5,0.62,AVOID|STRAIGHT,3.2,8.00,0.66,3.2,1.3,4004
88.50,-22.536,-23.777,20.5,0.62,AVOID|STRAIGHT,3.2,8.00,0.66,3.2,1.3,4004
88.55,-22.478,-23.756,20.5,0.56,AVOID|STRAIGHT,3.2,8.00,0.66,3.2,1.3,4018
88.60,-22.478,-23.756,20.5,0.56,AVOID|STRAIGHT,3.4,8.00,0.66,3.2,1.3,4018
88.65,-22.425,-23.726,20.5,0.60,AVOID|STRAIGHT,3.4,8.00,0.66,3.4,1.4,4004
88.70,-22.425,-23.726,20.5,0.60,AVOID|STRAIGHT,3.6,8.00,0.66,3.6,1.5,3990
88.75,-22.366,-23.703,20.5,0.58,AVOID|STRAIGHT,3.6,8.00,0.66,3.6,1.5,3990
88.80,-22.366,-23.703,20.5,0.58,AVOID|STRAIGHT,3.6,8.00,0.66,3.6,1.4,3990
88.85,-22.307,-23.683,20.6,0.70,AVOID|STRAIGHT,3.4,8.00,0.66,3.6,1.4,3976
88.90,-22.307,-23.683,20.5,0.70,AVOID|STRAIGHT,3.4,8.00,0.66,3.4,1.5,3976
88.95,-22.247,-23.640,20.6,0.71,AVOID|STRAIGHT,3.0,8.00,0.66,3.4,1.5,3976
89.00,-22.247,-23.640,20.6,0.71,AVOID|STRAIGHT,3.0,8.00,0.66,3.0,1.9,3920
89.05,-22.188,-23.614,20.6,0.65,AVOID|STRAIGHT,3.4,8.00,0.66,3.0,1.9,3920
89.10,-22.188,-23.614,20.7,0.65,AVOID|STRAIGHT,3.4,8.00,0.68,3.4,2.0,3920
89.15,-22.117,-23.595,20.7,0.73,AVOID|STRAIGHT,3.8,8.00,0.68,3.4,2.0,3880
89.20,-22.117,-23.595,20.8,0.73,AVOID|STRAIGHT,3.8,8.00,0.68,3.8,2.0,3880
89.25,-22.057,-23.553,20.8,0.71,AVOID|STRAIGHT,3.2,8.00,0.68,3.2,2.0,3893
89.30,-22.057,-23.553,20.8,0.71,AVOID|STRAIGHT,3.4,8.00,0.68,3.2,2.0,3880
89.35,-21.992,-23.524,20.8,0.79,AVOID|STRAIGHT,3.4,8.00,0.68,3.4,2.1,3880
89.40,-21.992,-23.524,20.9,0.79,AVOID|STRAIGHT,3.6,8.00,0.68,3.4,2.3,3880
89.45,-21.922,-23.497,20.9,0.68,AVOID|STRAIGHT,3.6,8.00,0.68,3.6,2.2,3853
89.50,-21.922,-23.497,20.9,0.68,AVOID|STRAIGHT,3.4,8.00,0.68,3.6,2.2,3853
89.55,-21.855,-23.463,21.0,0.75,AVOID|STRAIGHT,3.4,8.00,0.68,3.4,2.3,3853
89.60,-21.855,-23.463,21.0,0.75,AVOID|STRAIGHT,3.4,8.00,0.68,3.4,2.2,3867
89.65,-21.784,-23.437,21.0,0.75,AVOID|STRAIGHT,3.4,8.00,0.68,3.4,2.2,3867
89.70,-21.784,-23.437,21.1,0.75,AVOID|STRAIGHT,1.2,8.00,0.68,1.2,2.3,3853
89.75,-21.714,-23.406,21.1,0.70,AVOID|STRAIGHT,2.4,8.00,0.68,1.2,2.2,3853
89.80,-21.714,-23.406,21.1,0.70,AVOID|STRAIGHT,2.4,8.00,0.68,2.4,2.3,3853
89.85,-21.643,-23.367,21.2,0.80,AVOID|STRAIGHT,3.0,8.00,0.68,2.4,2.1,3867
89.90,-21.643,-23.367,21.2,0.80,AVOID|STRAIGHT,3.0,8.00,0.68,3.0,1.8,3934
89.95,-21.574,-23.335,21.3,0.75,AVOID|STRAIGHT,2.2,8.00,0.68,3.0,1.8,3934
90.00,-21.574,-23.335,21.3,0.75,AVOID|STRAIGHT,2.2,8.00,0.68,2.2,1.7,3920
90.05,-21.496,-23.305,21.4,0.93,AVOID|STRAIGHT,0.6,8.00,0.68,2.2,1.7,3920
90.10,-21.496,-23.305,21.4,0.93,AVOID|STRAIGHT,0.6,8.00,0.68,0.6,1.7,3934
90.15,-21.423,-23.265,21.5,0.82,AVOID|STRAIGHT,2.2,8.00,0.68,2.2,1.6,3934
90.20,-21.423,-23.265,21.6,0.82,AVOID|STRAIGHT,2.2,8.00,0.68,2.2,1.7,3920
90.25,-21.349,-23.228,21.7,0.83,AVOID|STRAIGHT,0.2,8.00,0.68,0.2,1.7,3920
90.30,-21.349,-23.228,21.7,0.83,AVOID|STRAIGHT,2.6,8.00,0.68,0.2,1.7,3934
90.35,-21.269,-23.190,21.8,0.88,AVOID|STRAIGHT,2.6,8.00,0.68,2.6,1.7,3920
90.40,-21.269,-23.190,21.8,0.88,AVOID|LEFT,5.6,8.00,0.67,2.6,1.6,3934
90.45,-21.191,-23.161,21.9,0.84,AVOID|LEFT,5.6,8.00,0.67,5.6,1.7,3934
90.50,-21.191,-23.161,21.8,0.84,CLEAR|STRAIGHT,,999.00,0.67,5.6,1.7,3934
90.55,-21.113,-23.128,21.9,0.84,CLEAR|STRAIGHT,,999.00,0.67,6.1,1.7,3934
90.60,-21.113,-23.128,21.9,0.84,CLEAR|STRAIGHT,,999.00,0.67,6.4,2.2,3880
90.65,-21.028,-23.088,22.0,0.93,CLEAR|STRAIGHT,,999.00,0.67,6.4,3.2,3763
90.70,-21.028,-23.088,22.1,0.93,CLEAR|STRAIGHT,,999.00,0.67,6.5,3.7,3677
90.75,-20.955,-23.042,22.3,0.71,CLEAR|STRAIGHT,,999.00,0.67,6.4,4.0,3618
90.80,-20.955,-23.042,22.4,0.71,CLEAR|STRAIGHT,,999.00,0.67,7.3,4.1,3595
90.85,-20.878,-23.007,22.6,0.94,CLEAR|STRAIGHT,,999.00,0.67,7.2,4.2,3595
90.90,-20.878,-23.007,22.7,0.94,CLEAR|STRAIGHT,,999.00,0.67,6.8,4.2,3561
90.95,-20.789,-22.963,22.9,1.10,CLEAR|STRAIGHT,,999.00,0.67,6.7,4.1,3572
91.00,-20.789,-22.963,23.1,1.10,CLEAR|STRAIGHT,,999.00,0.67,4.9,4.4,3538
91.05,-20.726,-22.911,23.4,0.79,CLEAR|STRAIGHT,,999.00,0.67,4.9,4.5,3538
91.10,-20.726,-22.911,23.5,0.79,CLEAR|STRAIGHT,,999.00,0.67,5.3,4.4,3538
91.15,-20.642,-22.870,23.7,1.03,CLEAR|STRAIGHT,,999.00,0.67,5.3,4.5,3538
91.20,-20.642,-22.870,23.9,1.03,CLEAR|STRAIGHT,,999.00,0.67,4.9,4.4,3516
91.25,-20.560,-22.830,24.2,0.84,CLEAR|STRAIGHT,,999.00,0.67,4.8,4.4,3516
91.30,-20.560,-22.830,24.3,0.84,CLEAR|STRAIGHT,,999.00,0.67,5.4,4.4,3516
91.35,-20.474,-22.790,24.6,0.95,CLEAR|STRAIGHT,,999.00,0.67,5.3,4.4,3516
91.40,-20.474,-22.790,24.7,0.95,CLEAR|STRAIGHT,,999.00,0.67,5.3,4.4,3527
91.45,-20.394,-22.747,24.9,0.91,CLEAR|STRAIGHT,,999.00,0.67,5.2,4.4,3527
91.50,-20.394,-22.747,25.1,0.91,CLEAR|STRAIGHT,,999.00,0.67,4.0,4.4,3516
91.55,-20.312,-22.699,25.4,0.95,CLEAR|STRAIGHT,,999.00,0.67,3.9,4.4,3516
91.60,-20.312,-22.699,25.5,0.95,CLEAR|STRAIGHT,,999.00,0.67,3.8,4.4,3505
91.65,-20.232,-22.648,25.8,0.94,CLEAR|STRAIGHT,,999.00,0.67,3.8,4.5,3505
91.70,-20.232,-22.648,25.8,0.94,CLEAR|STRAIGHT,,999.00,0.67,3.8,4.4,3516
91.75,-20.143,-22.607,26.2,0.89,CLEAR|STRAIGHT,,999.00,0.67,3.7,4.4,3516
91.80,-20.143,-22.607,26.3,0.89,CLEAR|STRAIGHT,,999.00,0.67,3.9,4.5,3494
91.85,-20.061,-22.553,26.6,1.08,CLEAR|STRAIGHT,,999.00,0.67,3.9,4.4,3516
91.90,-20.061,-22.553,26.7,1.08,CLEAR|STRAIGHT,,999.00,0.67,3.4,4.4,3516
91.95,-19.985,-22.501,27.0,0.91,CLEAR|STRAIGHT,,999.00,0.67,3.3,4.4,3505
92.00,-19.985,-22.501,27.2,0.91,CLEAR|STRAIGHT,,999.00,0.67,2.5,4.4,3516
92.05,-19.895,-22.453,27.5,1.02,CLEAR|STRAIGHT,,999.00,0.67,2.4,4.4,3516
92.10,-19.895,-22.453,27.7,1.02,CLEAR|STRAIGHT,,999.00,0.67,2.3,4.4,3505
92.15,-19.816,-22.401,28.0,0.94,CLEAR|STRAIGHT,,999.00,0.67,2.2,4.5,3505
92.20,-19.816,-22.401,28.1,0.94,CLEAR|STRAIGHT,,999.00,0.67,2.1,3.7,3572
92.25,-19.735,-22.354,28.4,0.93,CLEAR|STRAIGHT,,999.00,0.67,2.0,3.4,3630
92.30,-19.735,-22.354,28.4,0.93,CLEAR|STRAIGHT,,999.00,0.67,1.9,3.4,3641
92.35,-19.647,-22.305,28.7,1.01,CLEAR|STRAIGHT,,999.00,0.67,1.9,3.4,3641
92.40,-19.647,-22.305,28.8,1.01,CLEAR|STRAIGHT,,999.00,0.67,1.8,3.4,3653
92.45,-19.566,-22.244,29.0,1.00,CLEAR|STRAIGHT,,999.00,0.67,1.7,3.4,3641
92.50,-19.566,-22.244,29.1,1.00,CLEAR|STRAIGHT,,999.00,0.67,1.0,3.4,3665
92.55,-19.481,-22.182,29.3,1.04,CLEAR|STRAIGHT,,999.00,0.67,0.9,3.5,3665
92.60,-19.481,-22.182,29.4,1.04,CLEAR|STRAIGHT,,999.00,0.67,0.7,3.4,3641
92.65,-19.398,-22.128,29.6,1.00,CLEAR|STRAIGHT,,999.00,0.67,0.7,3.4,3641
92.70,-19.398,-22.128,29.7,1.00,CLEAR|STRAIGHT,,999.00,0.67,0.5,3.4,3653
92.75,-19.308,-22.078,30.0,0.93,CLEAR|STRAIGHT,,999.00,0.67,0.4,3.2,3677
92.80,-19.308,-22.078,30.1,0.93,CLEAR|STRAIGHT,,999.00,0.67,0.3,2.9,3701
92.85,-19.229,-22.014,30.3,1.12,CLEAR|STRAIGHT,,999.00,0.67,0.2,2.9,3738
92.90,-19.229,-22.014,30.4,1.12,CLEAR|STRAIGHT,,999.00,0.67,-0.2,2.9,3713
92.95,-19.142,-21.955,30.7,1.05,CLEAR|STRAIGHT,,999.00,0.67,-0.3,2.9,3726
93.00,-19.142,-21.955,30.8,1.05,CLEAR|STRAIGHT,,999.00,0.68,-0.6,2.8,3738
93.05,-19.054,-21.897,31.0,1.05,CLEAR|STRAIGHT,,999.00,0.68,-0.6,2.4,3788
93.10,-19.054,-21.897,31.1,1.05,CLEAR|STRAIGHT,,999.00,0.68,-0.9,2.3,3801
93.15,-18.969,-21.833,31.2,1.06,CLEAR|STRAIGHT,,999.00,0.68,-0.9,1.9,3853
93.20,-18.969,-21.833,31.3,1.06,CLEAR|STRAIGHT,,999.00,0.68,-1.3,1.8,3893
93.25,-18.885,-21.774,31.4,1.02,CLEAR|STRAIGHT,,999.00,0.68,-1.3,1.8,3893
93.30,-18.885,-21.774,31.4,1.02,CLEAR|STRAIGHT,,999.00,0.68,-1.6,1.8,3907
93.35,-18.797,-21.717,31.5,1.05,CLEAR|STRAIGHT,,999.00,0.68,-1.6,1.5,3920
93.40,-18.797,-21.717,31.5,1.05,CLEAR|STRAIGHT,,999.00,0.68,-1.9,1.2,3976
93.45,-18.710,-21.660,31.5,1.04,CLEAR|STRAIGHT,,999.00,0.68,-1.9,1.2,3976
93.50,-18.710,-21.660,31.5,1.04,CLEAR|STRAIGHT,,999.00,0.69,-1.6,1.1,4004
93.55,-18.623,-21.593,31.6,1.09,CLEAR|STRAIGHT,,999.00,0.69,-1.6,1.0,4018
93.60,-18.623,-21.593,31.6,1.09,CLEAR|STRAIGHT,,999.00,0.69,-1.9,1.0,4033
93.65,-18.536,-21.529,31.7,1.08,CLEAR|STRAIGHT,,999.00,0.69,-1.9,1.0,4018
93.70,-18.536,-21.529,31.7,1.08,CLEAR|STRAIGHT,,999.00,0.69,-2.3,1.0,4047
93.75,-18.454,-21.465,31.7,0.94,CLEAR|STRAIGHT,,999.00,0.69,-2.3,0.9,4033
93.80,-18.454,-21.465,31.7,0.94,CLEAR|STRAIGHT,,999.00,0.69,-2.9,0.8,4062
93.85,-18.356,-21.403,31.8,1.29,CLEAR|STRAIGHT,,999.00,0.69,-2.9,0.8,4062
93.90,-18.356,-21.403,31.8,1.29,CLEAR|STRAIGHT,,999.00,0.69,-2.8,0.8,4047
93.95,-18.268,-21.349,31.7,1.03,CLEAR|STRAIGHT,,999.00,0.69,-2.8,0.0,4152
94.00,-18.268,-21.349,31.6,1.03,CLEAR|STRAIGHT,,999.00,0.69,-2.4,-0.4,4214
94.05,-18.181,-21.287,31.6,1.07,CLEAR|STRAIGHT,,999.00,0.69,-2.4,-0.5,4214
94.10,-18.181,-21.287,31.5,1.07,CLEAR|STRAIGHT,,999.00,0.69,-2.6,-0.4,4246
94.15,-18.091,-21.226,31.4,1.08,CLEAR|STRAIGHT,,999.00,0.69,-2.6,-0.4,4230
94.20,-18.091,-21.226,31.3,1.08,CLEAR|STRAIGHT,,999.00,0.69,-2.8,-0.3,4230
94.25,-18.001,-21.169,31.2,1.07,CLEAR|STRAIGHT,,999.00,0.69,-2.8,-0.4,4246
94.30,-18.001,-21.169,31.2,1.07,CLEAR|STRAIGHT,,999.00,0.69,-3.0,-0.4,4262
94.35,-17.917,-21.100,31.1,1.08,CLEAR|STRAIGHT,,999.00,0.69,-3.0,-0.5,4246
94.40,-17.917,-21.100,31.1,1.08,CLEAR|STRAIGHT,,999.00,0.70,-2.5,-0.4,4246
94.45,-17.830,-21.037,31.0,1.07,CLEAR|STRAIGHT,,999.00,0.70,-2.5,-0.6,4278
94.50,-17.830,-21.037,31.0,1.07,CLEAR|STRAIGHT,,999.00,0.70,-2.7,-0.6,4278
94.55,-17.739,-20.975,30.9,1.10,CLEAR|STRAIGHT,,999.00,0.70,-2.7,-0.6,4278
94.60,-17.739,-20.975,30.9,1.10,CLEAR|STRAIGHT,,999.00,0.70,-3.0,-0.6,4278
94.65,-17.643,-20.913,30.8,1.14,CLEAR|STRAIGHT,,999.00,0.70,-3.0,-0.6,4278
94.70,-17.643,-20.913,30.8,1.14,CLEAR|STRAIGHT,,999.00,0.70,-3.2,-0.5,4295
94.75,-17.549,-20.850,30.5,1.14,CLEAR|STRAIGHT,,999.00,0.70,-3.2,-1.0,4311
94.80,-17.549,-20.850,30.5,1.14,CLEAR|STRAIGHT,,999.00,0.70,-3.4,-1.0,4311
94.85,-17.456,-20.790,30.3,1.00,CLEAR|STRAIGHT,,999.00,0.70,-3.4,-1.0,4311
94.90,-17.456,-20.790,30.2,1.00,CLEAR|STRAIGHT,,999.00,0.70,-2.7,-1.1,4344
94.95,-17.362,-20.730,30.0,1.23,CLEAR|STRAIGHT,,999.00,0.70,-2.6,-1.1,4328
95.00,-17.362,-20.730,29.9,1.23,CLEAR(조향OFF)|STRAIGHT,,999.00,0.70,-2.5,-1.0,4328
95.05,-17.266,-20.671,29.7,1.13,CLEAR(조향OFF)|STRAIGHT,,999.00,0.70,-2.4,-1.1,4328
95.10,-17.266,-20.671,29.6,1.13,CLEAR(조향OFF)|STRAIGHT,,999.00,0.70,-2.7,-1.1,4328
95.15,-17.167,-20.612,29.5,1.15,CLEAR(조향OFF)|STRAIGHT,,999.00,0.70,-2.6,-1.3,4361
95.20,-17.167,-20.612,29.4,1.15,CLEAR(조향OFF)|STRAIGHT,,999.00,0.70,-2.8,-1.5,4361
95.25,-17.074,-20.550,29.1,1.11,CLEAR(조향OFF)|STRAIGHT,,999.00,0.70,-2.7,-1.5,4378
95.30,-17.074,-20.550,29.0,1.11,CLEAR(조향OFF)|STRAIGHT,,999.00,0.68,-1.9,-1.5,4361
95.35,-16.978,-20.482,28.9,1.16,CLEAR(조향OFF)|STRAIGHT,,999.00,0.68,-1.9,-1.5,4378
95.40,-16.978,-20.482,28.8,1.16,CLEAR(조향OFF)|STRAIGHT,,999.00,0.68,-2.1,-1.5,4395
95.45,-16.875,-20.429,28.6,1.16,CLEAR(조향OFF)|STRAIGHT,,999.00,0.68,-2.0,-1.4,4361
95.50,-16.875,-20.429,28.5,1.16,CLEAR(조향OFF)|STRAIGHT,,999.00,0.68,-2.0,-1.5,4378
95.55,-16.780,-20.365,28.3,1.14,CLEAR(조향OFF)|STRAIGHT,,999.00,0.68,-2.0,-1.5,4395
95.60,-16.780,-20.365,28.1,1.14,CLEAR(조향OFF)|STRAIGHT,,999.00,0.68,-2.2,-1.4,4361
95.65,-16.677,-20.313,27.9,1.29,CLEAR(조향OFF)|STRAIGHT,,999.00,0.68,-2.1,-1.5,4395
95.70,-16.677,-20.313,27.8,1.29,CLEAR(조향OFF)|STRAIGHT,,999.00,0.68,-1.9,-1.4,4395
95.75,-16.581,-20.249,27.5,0.96,CLEAR(조향OFF)|STRAIGHT,,999.00,0.68,-1.8,-1.5,4378
95.80,-16.581,-20.249,27.4,0.96,CLEAR(조향OFF)|STRAIGHT,,999.00,0.66,-1.4,-1.5,4378
95.85,-16.481,-20.193,27.2,1.04,CLEAR(조향OFF)|STRAIGHT,,999.00,0.66,-1.4,-1.5,4378
95.90,-16.481,-20.193,27.1,1.04,CLEAR(조향OFF)|STRAIGHT,,999.00,0.66,-1.4,-1.4,4395
95.95,-16.382,-20.138,26.9,1.41,CLEAR(조향OFF)|STRAIGHT,,999.00,0.66,-1.3,-1.5,4378
96.00,-16.382,-20.138,26.8,1.41,CLEAR(조향OFF)|STRAIGHT,,999.00,0.66,-0.9,-1.4,4395
96.05,-16.283,-20.078,26.6,1.15,CLEAR(조향OFF)|STRAIGHT,,999.00,0.66,-0.8,-1.4,4378
96.10,-16.283,-20.078,26.6,1.15,CLEAR(조향OFF)|STRAIGHT,,999.00,0.66,-1.2,-1.5,4378
96.15,-16.176,-20.024,26.4,1.20,CLEAR(조향OFF)|STRAIGHT,,999.00,0.66,-1.2,-1.4,4378
96.20,-16.176,-20.024,26.4,1.20,CLEAR(조향OFF)|STRAIGHT,,999.00,0.65,-0.3,-1.6,4395
96.25,-16.073,-19.968,26.4,1.17,CLEAR(조향OFF)|STRAIGHT,,999.00,0.65,-0.3,-1.4,4395
96.30,-16.073,-19.968,26.4,1.17,CLEAR(조향OFF)|STRAIGHT,,999.00,0.65,-0.5,-1.5,4395
96.35,-15.978,-19.916,26.4,1.08,CLEAR(조향OFF)|STRAIGHT,,999.00,0.65,-0.5,-1.4,4395
96.40,-15.978,-19.916,26.4,1.08,CLEAR(조향OFF)|STRAIGHT,,999.00,0.65,-0.7,-1.5,4395
96.45,-15.880,-19.864,26.4,1.11,CLEAR(조향OFF)|STRAIGHT,,999.00,0.65,-0.7,-1.4,4395
96.50,-15.880,-19.864,26.4,1.11,CLEAR(조향OFF)|STRAIGHT,,999.00,0.65,-0.7,-1.5,4395
96.55,-15.782,-19.812,26.4,1.11,CLEAR(조향OFF)|STRAIGHT,,999.00,0.65,-0.7,-1.4,4395
96.60,-15.782,-19.812,26.4,1.11,CLEAR(조향OFF)|STRAIGHT,,999.00,0.65,-0.9,-1.5,4395
96.65,-15.684,-19.762,26.4,1.10,CLEAR(조향OFF)|STRAIGHT,,999.00,0.65,-0.9,-1.4,4395
96.70,-15.684,-19.762,26.4,1.10,CLEAR(조향OFF)|STRAIGHT,,999.00,0.64,-0.2,-1.6,4378
96.75,-15.684,-19.762,26.4,1.10,CLEAR(조향OFF)|STRAIGHT,,999.00,0.64,-0.2,-1.5,4395
96.80,-15.684,-19.762,26.4,1.10,CLEAR(조향OFF)|STRAIGHT,,999.00,0.64,-0.2,-1.5,4378
96.85,-15.684,-19.762,26.4,1.10,CLEAR(조향OFF)|STRAIGHT,,999.00,0.64,-0.2,-1.4,4395
96.90,-15.684,-19.762,26.4,1.10,CLEAR(조향OFF)|STRAIGHT,,999.00,0.64,-0.2,-1.5,4395
96.95,-15.684,-19.762,26.4,1.10,CLEAR(조향OFF)|STRAIGHT,,999.00,0.64,-0.2,-1.5,4395
97.00,-15.684,-19.762,26.4,1.10,CLEAR(조향OFF)|STRAIGHT,,999.00,0.64,-0.2,-1.5,4395
97.05,-15.684,-19.762,26.4,1.10,CLEAR(조향OFF)|STRAIGHT,,999.00,0.64,-0.2,-1.5,4378
97.10,-15.684,-19.762,26.4,1.10,CLEAR(조향OFF)|STRAIGHT,,999.00,0.64,-0.2,-1.5,4395
97.15,-15.684,-19.762,26.4,1.10,CLEAR(조향OFF)|STRAIGHT,,999.00,0.64,-0.2,-1.5,4378
97.20,-15.684,-19.762,26.4,1.10,CLEAR(조향OFF)|STRAIGHT,,999.00,0.00,0.0,-1.5,4378
97.25,-15.684,-19.762,26.4,1.10,CLEAR(조향OFF)|STRAIGHT,,999.00,0.00,0.0,-1.5,4395
97.30,-15.684,-19.762,26.4,1.10,CLEAR(조향OFF)|STRAIGHT,,999.00,0.00,0.0,-1.4,4395
97.35,-15.684,-19.762,26.4,1.10,CLEAR(조향OFF)|STRAIGHT,,999.00,0.00,0.0,-1.5,4395
97.40,-15.684,-19.762,26.4,1.10,CLEAR(조향OFF)|STRAIGHT,,999.00,0.00,0.0,-1.5,4395
97.45,-15.684,-19.762,26.4,1.10,CLEAR(조향OFF)|STRAIGHT,,999.00,0.00,0.0,-1.5,4395
97.50,-15.684,-19.762,26.4,1.10,CLEAR(조향OFF)|STRAIGHT,,999.00,0.00,0.0,-1.5,4395
97.55,-15.684,-19.762,26.4,1.10,CLEAR(조향OFF)|STRAIGHT,,999.00,0.00,0.0,-1.4,4395
97.60,-15.684,-19.762,26.4,1.10,CLEAR(조향OFF)|STRAIGHT,,999.00,0.00,0.0,-1.5,4395
97.65,-15.684,-19.762,26.4,1.10,CLEAR(조향OFF)|STRAIGHT,,999.00,0.00,0.0,-1.5,4395
97.70,-15.684,-19.762,26.4,1.10,CLEAR(조향OFF)|STRAIGHT,,999.00,0.00,0.0,-1.5,4395
97.75,-15.684,-19.762,26.4,1.10,CLEAR(조향OFF)|STRAIGHT,,999.00,0.00,0.0,-1.5,4395
97.80,-15.684,-19.762,26.4,1.10,CLEAR(조향OFF)|STRAIGHT,,999.00,0.00,0.0,-1.5,4395
97.85,-15.684,-19.762,26.4,1.10,CLEAR(조향OFF)|STRAIGHT,,999.00,0.00,0.0,-1.4,4395
97.90,-15.684,-19.762,26.4,1.10,CLEAR(조향OFF)|STRAIGHT,,999.00,0.00,0.0,-1.5,4395
97.95,-15.684,-19.762,26.4,1.10,CLEAR(조향OFF)|STRAIGHT,,999.00,0.00,0.0,-1.5,4395
98.00,-14.477,-19.188,21.1,0.89,CLEAR(조향OFF)|STRAIGHT,,999.00,0.00,0.0,-1.5,4395
98.05,-14.414,-19.159,20.9,0.70,CLEAR(조향OFF)|STRAIGHT,,999.00,0.00,2.2,-1.4,4395
98.10,-14.414,-19.159,20.9,0.70,CLEAR(조향OFF)|STRAIGHT,,999.00,0.05,4.5,-1.5,4378
98.15,-14.351,-19.130,20.7,0.68,CLEAR(조향OFF)|STRAIGHT,,999.00,0.10,5.5,-1.5,4378
98.20,-14.351,-19.130,20.6,0.68,CLEAR(조향OFF)|STRAIGHT,,999.00,0.15,5.9,-1.0,4361
98.25,-14.290,-19.104,20.6,0.66,CLEAR(조향OFF)|STRAIGHT,,999.00,0.20,5.9,0.6,4214
98.30,-14.290,-19.104,20.5,0.66,CLEAR(조향OFF)|STRAIGHT,,999.00,0.25,6.3,2.4,3962
98.35,-14.243,-19.079,20.6,0.53,CLEAR(조향OFF)|STRAIGHT,,999.00,0.30,6.3,3.5,3788
98.40,-14.243,-19.079,20.7,0.53,CLEAR(조향OFF)|STRAIGHT,,999.00,0.35,6.7,3.7,3713
98.45,-14.194,-19.057,20.8,0.54,CLEAR(조향OFF)|STRAIGHT,,999.00,0.40,6.6,3.9,3641
98.50,-14.194,-19.057,20.8,0.54,CLEAR(조향OFF)|STRAIGHT,,999.00,0.45,6.9,3.9,3665
98.55,-14.147,-19.037,21.0,0.50,CLEAR(조향OFF)|STRAIGHT,,999.00,0.50,6.8,3.9,3653
98.60,-14.147,-19.037,21.0,0.50,CLEAR(조향OFF)|STRAIGHT,,999.00,0.55,7.1,3.9,3630
98.65,-14.108,-19.015,21.2,0.45,CLEAR(조향OFF)|STRAIGHT,,999.00,0.60,7.0,3.9,3630
98.70,-14.108,-19.015,21.3,0.45,CLEAR(조향OFF)|STRAIGHT,,999.00,0.62,7.2,4.2,3595
98.75,-14.047,-18.988,21.5,0.60,CLEAR(조향OFF)|STRAIGHT,,999.00,0.62,7.1,4.5,3527
98.80,-14.047,-18.988,21.6,0.60,CLEAR(조향OFF)|STRAIGHT,,999.00,0.62,7.0,4.6,3538
98.85,-13.996,-18.968,21.8,0.55,CLEAR(조향OFF)|STRAIGHT,,999.00,0.62,7.0,4.6,3516
98.90,-13.996,-18.968,21.9,0.55,CLEAR(조향OFF)|STRAIGHT,,999.00,0.62,7.3,4.6,3516
98.95,-13.940,-18.939,22.1,0.70,CLEAR(조향OFF)|STRAIGHT,,999.00,0.62,7.2,5.1,3462
99.00,-13.940,-18.939,22.2,0.70,CLEAR(조향OFF)|STRAIGHT,,999.00,0.62,5.9,5.1,3441
99.05,-13.879,-18.909,22.4,0.68,CLEAR(조향OFF)|STRAIGHT,,999.00,0.62,5.8,5.1,3420
99.10,-13.879,-18.909,22.6,0.68,CLEAR(조향OFF)|STRAIGHT,,999.00,0.62,5.9,5.1,3441
99.15,-13.819,-18.884,22.8,0.65,CLEAR(조향OFF)|STRAIGHT,,999.00,0.62,5.8,5.1,3441
99.20,-13.819,-18.884,22.9,0.65,CLEAR(조향OFF)|STRAIGHT,,999.00,0.62,6.0,5.1,3430
99.25,-13.762,-18.852,23.1,0.64,CLEAR(조향OFF)|STRAIGHT,,999.00,0.62,6.0,5.1,3430
99.30,-13.762,-18.852,23.3,0.64,CLEAR(조향OFF)|STRAIGHT,,999.00,0.62,6.0,5.1,3430
99.35,-13.700,-18.815,23.5,0.71,CLEAR(조향OFF)|STRAIGHT,,999.00,0.62,5.9,5.2,3420
99.40,-13.700,-18.815,23.6,0.71,CLEAR(조향OFF)|STRAIGHT,,999.00,0.62,5.8,5.0,3430
99.45,-13.638,-18.783,23.9,0.71,CLEAR(조향OFF)|STRAIGHT,,999.00,0.62,5.8,5.1,3430
99.50,-13.638,-18.783,24.1,0.71,CLEAR(조향OFF)|STRAIGHT,,999.00,0.62,5.9,5.1,3389
99.55,-13.569,-18.748,24.3,0.77,CLEAR(조향OFF)|STRAIGHT,,999.00,0.62,5.8,5.1,3410
99.60,-13.569,-18.748,24.4,0.77,CLEAR(조향OFF)|STRAIGHT,,999.00,0.62,5.8,5.1,3410
99.65,-13.502,-18.715,24.7,0.75,CLEAR(조향OFF)|STRAIGHT,,999.00,0.62,5.7,5.1,3410
99.70,-13.502,-18.715,24.8,0.75,CLEAR(조향OFF)|STRAIGHT,,999.00,0.61,4.9,5.2,3410
99.75,-13.437,-18.673,25.1,0.69,CLEAR(조향OFF)|STRAIGHT,,999.00,0.61,4.8,5.2,3410
99.80,-13.437,-18.673,25.2,0.69,CLEAR(조향OFF)|STRAIGHT,,999.00,0.61,4.9,5.1,3410
99.85,-13.370,-18.635,25.5,0.70,CLEAR(조향OFF)|STRAIGHT,,999.00,0.61,4.8,5.1,3420
99.90,-13.370,-18.635,25.6,0.70,CLEAR(조향OFF)|STRAIGHT,,999.00,0.61,4.8,5.1,3410
99.95,-13.300,-18.592,25.9,0.91,CLEAR(조향OFF)|STRAIGHT,,999.00,0.61,4.7,5.2,3410
100.00,-13.300,-18.592,26.0,0.91,CLEAR(조향OFF)|STRAIGHT,,999.00,0.61,4.4,5.1,3410
100.05,-13.236,-18.549,26.3,0.85,CLEAR(조향OFF)|STRAIGHT,,999.00,0.61,4.3,5.1,3410
100.10,-13.236,-18.549,26.5,0.85,CLEAR(조향OFF)|STRAIGHT,,999.00,0.61,4.3,5.1,3430
100.15,-13.166,-18.513,26.8,0.79,CLEAR(조향OFF)|STRAIGHT,,999.00,0.61,4.2,5.2,3420
100.20,-13.166,-18.513,27.0,0.79,CLEAR(조향OFF)|STRAIGHT,,999.00,0.61,4.4,5.1,3410
100.25,-13.096,-18.463,27.3,0.84,CLEAR(조향OFF)|STRAIGHT,,999.00,0.61,4.2,5.1,3399
100.30,-13.096,-18.463,27.4,0.84,CLEAR(조향OFF)|STRAIGHT,,999.00,0.61,4.0,5.1,3410
100.35,-13.030,-18.416,27.7,0.81,CLEAR(조향OFF)|STRAIGHT,,999.00,0.61,3.9,5.1,3389
100.40,-13.030,-18.416,27.9,0.81,CLEAR(조향OFF)|STRAIGHT,,999.00,0.59,3.3,5.1,3420
100.45,-12.959,-18.365,28.1,0.86,CLEAR(조향OFF)|STRAIGHT,,999.00,0.59,3.2,5.1,3410
100.50,-12.959,-18.365,28.3,0.86,CLEAR(조향OFF)|STRAIGHT,,999.00,0.59,3.0,5.1,3399
100.55,-12.884,-18.314,28.6,0.90,CLEAR(조향OFF)|STRAIGHT,,999.00,0.59,2.9,5.1,3420
100.60,-12.884,-18.314,28.7,0.90,CLEAR(조향OFF)|STRAIGHT,,999.00,0.59,2.8,5.1,3420
100.65,-12.809,-18.269,29.0,0.88,CLEAR(조향OFF)|STRAIGHT,,999.00,0.59,2.7,4.4,3473
100.70,-12.809,-18.269,29.1,0.88,CLEAR(조향OFF)|STRAIGHT,,999.00,0.59,2.6,4.1,3549
100.75,-12.733,-18.223,29.3,0.81,CLEAR(조향OFF)|STRAIGHT,,999.00,0.59,2.5,4.1,3538
100.80,-12.733,-18.223,29.5,0.81,CLEAR(조향OFF)|STRAIGHT,,999.00,0.59,2.6,4.0,3549
100.85,-12.660,-18.171,29.8,0.90,CLEAR(조향OFF)|STRAIGHT,,999.00,0.59,2.5,4.1,3538
100.90,-12.660,-18.171,29.9,0.90,CLEAR(조향OFF)|STRAIGHT,,999.00,0.58,2.1,4.1,3549
100.95,-12.584,-18.121,30.1,1.00,CLEAR(조향OFF)|STRAIGHT,,999.00,0.58,2.1,4.0,3549
101.00,-12.584,-18.121,30.3,1.00,CLEAR(조향OFF)|STRAIGHT,,999.00,0.58,2.0,4.2,3549
101.05,-12.512,-18.068,30.6,0.89,CLEAR(조향OFF)|STRAIGHT,,999.00,0.58,1.9,4.0,3549
101.10,-12.512,-18.068,30.8,0.89,CLEAR(조향OFF)|STRAIGHT,,999.00,0.58,1.7,4.1,3561
101.15,-12.441,-18.018,31.2,0.87,CLEAR(조향OFF)|STRAIGHT,,999.00,0.58,1.5,4.1,3549
101.20,-12.441,-18.018,31.4,0.87,CLEAR(조향OFF)|STRAIGHT,,999.00,0.58,1.3,3.9,3561
101.25,-12.366,-17.963,31.8,0.85,CLEAR(조향OFF)|STRAIGHT,,999.00,0.58,1.1,3.6,3606
101.30,-12.366,-17.963,32.0,0.85,CLEAR(조향OFF)|STRAIGHT,,999.00,0.58,0.7,3.6,3606
101.35,-12.301,-17.900,32.3,0.88,CLEAR(조향OFF)|STRAIGHT,,999.00,0.58,0.6,3.6,3630
101.40,-12.301,-17.900,32.4,0.88,CLEAR(조향OFF)|STRAIGHT,,999.00,0.58,0.1,3.1,3677
101.45,-12.229,-17.837,32.7,1.06,CLEAR(조향OFF)|STRAIGHT,,999.00,0.58,-0.0,2.6,3738
101.50,-12.229,-17.837,32.7,1.06,CLEAR(조향OFF)|STRAIGHT,,999.00,0.55,0.3,2.3,3801
101.55,-12.148,-17.780,32.8,0.98,CLEAR(조향OFF)|STRAIGHT,,999.00,0.55,0.3,1.8,3853
101.60,-12.148,-17.780,32.8,0.98,CLEAR(조향OFF)|STRAIGHT,,999.00,0.55,0.2,1.8,3867
101.65,-12.073,-17.727,32.8,0.92,CLEAR(조향OFF)|STRAIGHT,,999.00,0.55,0.2,1.8,3893
101.70,-12.073,-17.727,32.8,0.92,CLEAR(조향OFF)|STRAIGHT,,999.00,0.55,0.0,1.8,3880
101.75,-11.993,-17.680,32.9,0.77,CLEAR(조향OFF)|STRAIGHT,,999.00,0.55,-0.0,1.8,3907
101.80,-11.993,-17.680,32.9,0.77,CLEAR(조향OFF)|STRAIGHT,,999.00,0.55,-0.2,1.8,3867
101.85,-11.919,-17.622,32.9,1.04,CLEAR(조향OFF)|STRAIGHT,,999.00,0.55,-0.2,1.8,3867
101.90,-11.919,-17.622,32.9,1.04,CLEAR(조향OFF)|STRAIGHT,,999.00,0.55,-0.0,1.8,3907
101.95,-11.850,-17.558,32.9,0.93,CLEAR(조향OFF)|STRAIGHT,,999.00,0.55,-0.0,1.5,3934
102.00,-11.850,-17.558,32.9,0.93,CLEAR(조향OFF)|STRAIGHT,,999.00,0.54,0.3,1.4,3962
102.05,-11.778,-17.501,32.9,1.02,CLEAR(조향OFF)|STRAIGHT,,999.00,0.54,0.4,1.4,3962
102.10,-11.778,-17.501,32.8,1.02,CLEAR(조향OFF)|STRAIGHT,,999.00,0.54,0.4,1.4,3962
102.15,-11.708,-17.439,32.7,0.92,CLEAR(조향OFF)|STRAIGHT,,999.00,0.54,0.4,1.4,3962
102.20,-11.708,-17.439,32.8,0.92,CLEAR(조향OFF)|STRAIGHT,,999.00,0.54,0.1,1.5,3962
102.25,-11.638,-17.384,32.7,0.89,CLEAR(조향OFF)|STRAIGHT,,999.00,0.54,0.1,1.5,3962
102.30,-11.638,-17.384,32.6,0.89,CLEAR(조향OFF)|STRAIGHT,,999.00,0.54,-0.0,1.4,3948
102.35,-11.568,-17.330,32.8,0.88,CLEAR(조향OFF)|STRAIGHT,,999.00,0.54,0.0,1.5,3976
102.40,-11.568,-17.330,32.8,0.88,CLEAR(조향OFF)|STRAIGHT,,999.00,0.54,-0.2,1.0,4018
102.45,-11.493,-17.282,32.8,0.90,CLEAR(조향OFF)|STRAIGHT,,999.00,0.54,-0.3,1.1,4018
102.50,-11.493,-17.282,32.8,0.90,CLEAR(조향OFF)|STRAIGHT,,999.00,0.54,-0.3,1.0,4018
102.55,-11.420,-17.226,32.8,0.92,CLEAR(조향OFF)|STRAIGHT,,999.00,0.54,-0.3,1.0,4033
102.60,-11.420,-17.226,32.9,0.92,CLEAR(조향OFF)|STRAIGHT,,999.00,0.51,0.6,1.1,4018
102.65,-11.348,-17.169,33.1,0.91,CLEAR(조향OFF)|STRAIGHT,,999.00,0.51,0.6,1.0,4033
102.70,-11.348,-17.169,33.1,0.91,CLEAR(조향OFF)|STRAIGHT,,999.00,0.51,0.4,1.1,4033
102.75,-11.275,-17.116,33.2,0.82,CLEAR(조향OFF)|STRAIGHT,,999.00,0.51,0.3,1.1,4047
102.80,-11.275,-17.116,33.3,0.82,CLEAR(조향OFF)|STRAIGHT,,999.00,0.51,0.1,1.0,4018
102.85,-11.206,-17.056,33.3,1.01,CLEAR(조향OFF)|STRAIGHT,,999.00,0.51,0.0,1.1,4018
102.90,-11.206,-17.056,33.4,1.01,CLEAR(조향OFF)|STRAIGHT,,999.00,0.51,0.1,1.1,4033
102.95,-11.135,-17.004,33.5,0.80,CLEAR(조향OFF)|STRAIGHT,,999.00,0.51,0.1,1.1,4047
103.00,-11.135,-17.004,33.5,0.80,CLEAR(조향OFF)|STRAIGHT,,999.00,0.51,-0.5,1.0,4033
103.05,-11.062,-16.958,33.6,0.86,CLEAR(조향OFF)|STRAIGHT,,999.00,0.51,-0.6,1.0,4047
103.10,-11.062,-16.958,33.6,0.86,CLEAR(조향OFF)|STRAIGHT,,999.00,0.49,0.7,1.1,4018
103.15,-10.984,-16.912,33.7,0.90,CLEAR(조향OFF)|STRAIGHT,,999.00,0.49,0.7,1.0,4033
103.20,-10.984,-16.912,33.7,0.90,AVOID(조향OFF)|STRAIGHT,,8.00,0.49,0.8,1.1,4033
103.25,-10.918,-16.852,33.7,0.98,AVOID(조향OFF)|STRAIGHT,,8.00,0.49,0.8,1.1,4033
103.30,-10.918,-16.852,33.8,0.98,AVOID(조향OFF)|STRAIGHT,,8.00,0.49,0.8,1.1,4033
103.35,-10.845,-16.790,33.8,0.95,AVOID(조향OFF)|STRAIGHT,,8.00,0.49,0.8,1.1,4047
103.40,-10.845,-16.790,33.8,0.95,AVOID(조향OFF)|STRAIGHT,,8.00,0.49,0.6,1.0,4033
103.45,-10.772,-16.741,33.7,0.88,BLOCKED(조향OFF)|STOP,,0.75,0.49,0.6,1.0,4033
103.50,-10.772,-16.741,33.8,0.88,BLOCKED(조향OFF)|STOP,,0.75,0.49,0.5,1.0,4047
103.55,-10.701,-16.688,33.6,0.89,BLOCKED(조향OFF)|STOP,,0.78,0.40,0.5,1.1,4018
103.60,-10.701,-16.688,33.6,0.89,BLOCKED(조향OFF)|STOP,,0.78,0.31,0.6,1.0,4033
103.65,-10.622,-16.626,33.6,1.00,BLOCKED(조향OFF)|STOP,,0.80,0.22,0.6,1.0,4062
103.70,-10.622,-16.626,33.6,1.00,BLOCKED(조향OFF)|STOP,,0.80,0.13,1.8,0.9,4047
103.75,-10.552,-16.568,33.6,0.82,BLOCKED(조향OFF)|STOP,,0.79,0.04,1.8,1.0,4018
103.80,-10.552,-16.568,33.5,0.82,BLOCKED(조향OFF)|STOP,,0.76,0.00,1.5,1.1,4047
103.85,-10.478,-16.511,33.5,0.84,BLOCKED(조향OFF)|STOP,,0.76,0.00,1.6,1.1,4033
103.90,-10.478,-16.511,33.5,0.84,BLOCKED(조향OFF)|STOP,,0.76,0.00,1.6,1.1,4047
103.95,-10.397,-16.454,33.5,1.24,BLOCKED(조향OFF)|STOP,,0.76,0.00,1.6,1.1,4047
104.00,-10.397,-16.454,33.5,1.24,BLOCKED(조향OFF)|STOP,,0.75,0.00,2.4,1.0,4047
104.05,-10.326,-16.389,33.5,0.95,BLOCKED(조향OFF)|STOP,,0.75,0.00,2.4,1.1,4033
104.10,-10.326,-16.389,33.5,0.95,BLOCKED(조향OFF)|STOP,,0.73,0.00,1.8,1.1,4047
104.15,-10.259,-16.335,33.5,0.85,BLOCKED(조향OFF)|STOP,,0.73,0.00,1.8,1.1,4033
104.20,-10.259,-16.335,33.4,0.85,BLOCKED(조향OFF)|STOP,,0.69,0.00,2.7,1.1,4033
104.25,-10.196,-16.290,33.5,0.78,BLOCKED(조향OFF)|STOP,,0.64,0.00,2.7,1.1,4033
104.30,-10.196,-16.290,33.5,0.78,BLOCKED(조향OFF)|STOP,,0.64,0.00,2.7,1.1,4047
104.35,-10.142,-16.242,33.5,0.65,BLOCKED(조향OFF)|STOP,,0.59,0.00,2.7,1.1,4047
104.40,-10.142,-16.242,33.5,0.65,BLOCKED(조향OFF)|STOP,,0.59,0.00,2.4,1.1,4047
104.45,-10.080,-16.197,33.5,0.85,BLOCKED(조향OFF)|STOP,,0.47,0.00,2.4,1.0,4047
104.50,-10.080,-16.197,33.5,0.85,BLOCKED(조향OFF)|STOP,,0.47,0.00,2.9,1.0,4047
104.55,-10.028,-16.162,33.5,0.62,BLOCKED(조향OFF)|STOP,,0.39,0.00,2.9,1.0,4047
104.60,-10.028,-16.162,33.4,0.62,BLOCKED(조향OFF)|STOP,,0.39,0.00,2.6,1.1,4033
104.65,-9.975,-16.124,33.5,0.66,BLOCKED(조향OFF)|STOP,,0.33,0.00,2.6,1.8,3962
104.70,-9.975,-16.124,33.5,0.66,BLOCKED(조향OFF)|STOP,,0.30,0.00,2.8,1.8,3962
104.75,-9.927,-16.088,33.5,0.54,BLOCKED(조향OFF)|STOP,,0.30,0.00,2.8,2.0,3907
104.80,-9.927,-16.088,33.5,0.54,BLOCKED(조향OFF)|STOP,,0.30,0.00,2.6,2.1,3907
104.85,-9.880,-16.057,33.5,0.56,BLOCKED(조향OFF)|STOP,,0.30,0.00,2.6,2.1,3907
104.90,-9.880,-16.057,33.5,0.56,BLOCKED(조향OFF)|STOP,,0.30,0.00,3.8,1.9,3880
104.95,-9.845,-16.024,33.6,0.53,BLOCKED(조향OFF)|STOP,,0.30,0.00,3.8,2.0,3880
105.00,-9.845,-16.024,33.6,0.53,BLOCKED(조향OFF)|STOP,,0.30,0.00,3.7,2.0,3880
105.05,-9.803,-15.991,33.7,0.54,BLOCKED(조향OFF)|STOP,,0.30,0.00,3.7,2.0,3893
105.10,-9.803,-15.991,33.7,0.54,BLOCKED(조향OFF)|STOP,,0.30,0.00,3.8,2.0,3893
105.15,-9.769,-15.963,33.7,0.43,BLOCKED(조향OFF)|STOP,,0.30,0.00,3.8,2.0,3893
105.20,-9.769,-15.963,33.7,0.43,BLOCKED(조향OFF)|STOP,,0.30,0.00,3.7,2.0,3880
105.25,-9.735,-15.938,33.8,0.43,BLOCKED(조향OFF)|STOP,,0.31,0.00,3.7,2.3,3880
105.30,-9.735,-15.938,33.8,0.43,BLOCKED(조향OFF)|STOP,,0.31,0.00,3.7,2.3,3853
105.35,-9.701,-15.917,33.9,0.40,CLEAR(조향OFF)|STRAIGHT,,999.00,0.00,3.7,2.3,3840
105.40,-9.701,-15.917,33.9,0.40,CLEAR(조향OFF)|STRAIGHT,,999.00,0.00,3.8,2.3,3853
105.45,-9.678,-15.895,33.9,0.32,CLEAR(조향OFF)|STRAIGHT,,999.00,0.00,3.7,2.4,3853
105.50,-9.678,-15.895,34.0,0.32,CLEAR(조향OFF)|STRAIGHT,,999.00,0.00,3.5,2.3,3827
105.55,-9.653,-15.873,34.0,0.32,CLEAR(조향OFF)|STRAIGHT,,999.00,0.00,3.5,2.4,3840
105.60,-9.653,-15.873,34.0,0.32,CLEAR(조향OFF)|STRAIGHT,,999.00,0.00,3.5,2.4,3840
105.65,-9.629,-15.856,33.9,0.30,CLEAR(조향OFF)|STRAIGHT,,999.00,0.00,3.5,2.6,3827
105.70,-9.629,-15.856,33.9,0.30,CLEAR(조향OFF)|STRAIGHT,,999.00,0.00,3.6,2.6,3827
105.75,-9.611,-15.843,34.0,0.19,CLEAR(조향OFF)|STRAIGHT,,999.00,0.00,3.6,2.6,3801
105.80,-9.611,-15.843,34.0,0.19,CLEAR(조향OFF)|STRAIGHT,,999.00,0.00,3.3,2.6,3788
105.85,-9.605,-15.839,34.0,0.08,CLEAR(조향OFF)|STRAIGHT,,999.00,0.00,3.3,2.6,3801
105.90,-9.605,-15.839,34.0,0.08,CLEAR(조향OFF)|STRAIGHT,,999.00,0.00,2.8,2.6,3801
105.95,-9.605,-15.839,34.0,-0.00,CLEAR(조향OFF)|STRAIGHT,,999.00,0.00,2.8,2.6,3814
106.00,-9.605,-15.839,34.0,-0.00,CLEAR(조향OFF)|STRAIGHT,,999.00,0.00,2.4,2.6,3814
106.05,-9.604,-15.834,34.0,0.04,CLEAR(조향OFF)|STRAIGHT,,999.00,0.00,2.4,2.6,3801
106.10,-9.604,-15.834,34.0,0.04,BLOCKED(조향OFF)|STOP,,0.40,0.00,2.5,2.6,3788
106.15,-9.602,-15.833,34.0,0.02,BLOCKED(조향OFF)|STOP,,0.42,0.00,2.5,2.6,3814
106.20,-9.602,-15.833,34.0,0.02,BLOCKED(조향OFF)|STOP,,0.42,0.00,2.4,2.6,3814
106.25,-9.603,-15.833,34.0,-0.00,BLOCKED(조향OFF)|STOP,,0.42,0.00,2.4,2.6,3827
106.30,-9.603,-15.833,34.0,-0.00,BLOCKED(조향OFF)|STOP,,0.42,0.00,2.3,2.5,3814
106.35,-9.601,-15.834,34.0,0.00,BLOCKED(조향OFF)|STOP,,0.45,0.00,2.3,2.6,3801
106.40,-9.601,-15.834,34.0,0.00,BLOCKED(조향OFF)|STOP,,0.45,0.00,2.4,2.6,3801
106.45,-9.603,-15.833,34.0,-0.00,BLOCKED(조향OFF)|STOP,,0.49,0.00,2.4,2.6,3814
106.50,-9.603,-15.833,34.0,-0.00,BLOCKED(조향OFF)|STOP,,0.49,0.00,2.3,2.6,3801
106.55,-9.603,-15.837,34.0,-0.03,BLOCKED(조향OFF)|STOP,,0.34,0.00,2.3,2.6,3827
106.60,-9.603,-15.837,34.0,-0.03,BLOCKED(조향OFF)|STOP,,0.42,0.00,2.6,2.6,3801
106.65,-9.603,-15.835,34.0,0.01,BLOCKED(조향OFF)|STOP,,0.42,0.00,2.6,2.6,3801
106.70,-9.603,-15.835,34.0,0.01,BLOCKED(조향OFF)|STOP,,0.49,0.00,2.4,2.6,3801
106.75,-9.603,-15.835,34.0,0.00,BLOCKED(조향OFF)|STOP,,0.49,0.00,2.4,2.6,3814
106.80,-9.603,-15.835,34.0,0.00,BLOCKED(조향OFF)|STOP,,0.48,0.00,2.4,2.5,3814
106.85,-9.603,-15.835,34.0,-0.01,BLOCKED(조향OFF)|STOP,,0.48,0.00,2.4,2.6,3801
106.90,-9.603,-15.835,33.9,-0.01,BLOCKED(조향OFF)|STOP,,0.51,0.00,2.4,2.6,3801
106.95,-9.602,-15.834,33.9,0.01,BLOCKED(조향OFF)|STOP,,0.51,0.00,2.4,2.6,3801
107.00,-9.602,-15.834,33.9,0.01,BLOCKED(조향OFF)|STOP,,0.64,0.00,2.4,2.6,3801
107.05,-9.604,-15.834,33.9,-0.01,BLOCKED(조향OFF)|STOP,,0.78,0.00,2.4,2.6,3801
107.10,-9.604,-15.834,33.9,-0.01,BLOCKED(조향OFF)|STOP,,0.78,0.00,2.4,2.6,3801
107.15,-9.603,-15.836,33.9,-0.01,BLOCKED(조향OFF)|STOP,,0.83,0.00,2.4,2.6,3814
107.20,-9.603,-15.836,33.9,-0.01,BLOCKED(조향OFF)|STOP,,0.83,0.00,2.4,2.6,3801
107.25,-9.604,-15.835,33.9,-0.00,BLOCKED(조향OFF)|STOP,,0.85,0.00,2.4,2.6,3788
107.30,-9.604,-15.835,33.9,-0.00,BLOCKED(조향OFF)|STOP,,0.85,0.00,2.4,2.6,3801
107.35,-9.604,-15.833,33.9,0.01,BLOCKED(조향OFF)|STOP,,0.87,0.00,2.4,2.6,3788
107.40,-9.604,-15.833,33.9,0.01,BLOCKED(조향OFF)|STOP,,0.87,0.00,2.3,2.6,3814
107.45,-9.603,-15.837,33.9,-0.02,BLOCKED(조향OFF)|STOP,,0.91,0.00,2.3,2.6,3801
107.50,-9.603,-15.837,33.9,-0.02,AVOID(조향OFF)|LEFT,,8.00,0.00,2.6,2.6,3801
107.55,-9.601,-15.835,33.9,0.03,AVOID(조향OFF)|LEFT,,8.00,0.00,2.6,2.6,3801
107.60,-9.601,-15.835,33.9,0.03,AVOID(조향OFF)|LEFT,,8.00,0.00,2.6,2.6,3801
107.65,-9.603,-15.834,33.9,-0.01,AVOID(조향OFF)|LEFT,,8.00,0.00,2.6,2.6,3788
107.70,-9.603,-15.834,33.9,-0.01,AVOID(조향OFF)|LEFT,,8.00,0.00,2.4,2.6,3814
107.75,-9.603,-15.834,33.9,0.00,AVOID(조향OFF)|LEFT,,8.00,0.00,2.4,2.6,3801
107.80,-9.603,-15.834,33.9,0.00,AVOID(조향OFF)|LEFT,,8.00,0.00,2.4,2.6,3788
107.85,-9.601,-15.835,33.9,0.01,AVOID(조향OFF)|LEFT,,8.00,0.00,2.4,2.6,3801
107.90,-9.601,-15.835,33.9,0.01,AVOID(조향OFF)|LEFT,,8.00,0.00,2.5,2.5,3814
107.95,-9.603,-15.833,33.9,0.00,AVOID(조향OFF)|LEFT,,8.00,0.00,2.5,2.6,3788
108.00,-9.603,-15.833,33.9,0.00,AVOID(조향OFF)|LEFT,,8.00,0.00,2.4,2.6,3814
108.05,-9.607,-15.838,33.9,-0.07,AVOID(조향OFF)|LEFT,,8.00,0.00,2.4,2.6,3788
108.10,-9.607,-15.838,33.9,-0.07,AVOID(조향OFF)|LEFT,,8.00,0.00,2.8,2.6,3827
108.15,-9.606,-15.840,33.9,-0.00,AVOID(조향OFF)|STRAIGHT,,8.00,0.00,2.8,2.6,3814
108.20,-9.606,-15.840,33.9,-0.00,AVOID(조향OFF)|STRAIGHT,,8.00,0.00,2.5,2.6,3801
108.25,-9.607,-15.837,33.8,0.01,AVOID(조향OFF)|STRAIGHT,,8.00,0.00,2.6,2.6,3801
108.30,-9.607,-15.837,33.8,0.01,AVOID(조향OFF)|STRAIGHT,,8.00,0.00,2.5,2.6,3814
108.35,-9.607,-15.838,33.8,-0.01,AVOID(조향OFF)|STRAIGHT,,8.00,0.00,2.5,2.6,3788
108.40,-9.607,-15.838,33.8,-0.01,AVOID(조향OFF)|STRAIGHT,,8.00,0.00,2.5,2.6,3814
108.45,-9.606,-15.838,33.8,0.01,AVOID(조향OFF)|STRAIGHT,,8.00,0.00,2.5,2.6,3814
108.50,-9.606,-15.838,33.8,0.01,AVOID(조향OFF)|STRAIGHT,,8.00,0.00,2.6,2.6,3801
108.55,-9.606,-15.837,33.8,0.01,AVOID(조향OFF)|STRAIGHT,,8.00,0.00,2.6,2.6,3801
108.60,-9.606,-15.837,33.8,0.01,AVOID(조향OFF)|STRAIGHT,,8.00,0.00,2.5,2.6,3814
108.65,-9.607,-15.837,33.8,-0.01,AVOID(조향OFF)|STRAIGHT,,8.00,0.00,2.5,2.6,3801
108.70,-9.607,-15.837,33.8,-0.01,AVOID(조향OFF)|STRAIGHT,,8.00,0.00,2.6,2.6,3801
108.75,-9.607,-15.836,33.8,0.01,AVOID(조향OFF)|STRAIGHT,,8.00,0.00,2.6,2.6,3801
108.80,-9.607,-15.836,33.8,0.01,AVOID(조향OFF)|STRAIGHT,,8.00,0.00,2.6,2.6,3788
108.85,-9.608,-15.838,33.8,-0.02,CLEAR(조향OFF)|STRAIGHT,,999.00,0.00,2.6,2.5,3814
108.90,-9.608,-15.838,33.8,-0.02,CLEAR(조향OFF)|STRAIGHT,,999.00,0.00,2.6,2.6,3801
108.95,-9.607,-15.838,33.8,0.01,CLEAR(조향OFF)|STRAIGHT,,999.00,0.00,2.6,2.6,3801
109.00,-9.607,-15.838,33.8,0.01,CLEAR(조향OFF)|STRAIGHT,,999.00,0.00,2.6,2.6,3801
109.05,-9.606,-15.838,33.8,0.00,CLEAR(조향OFF)|STRAIGHT,,999.00,0.00,2.6,2.6,3814
109.10,-9.606,-15.838,33.8,0.00,CLEAR(조향OFF)|STRAIGHT,,999.00,0.00,2.6,2.6,3801
109.15,-9.607,-15.836,33.8,0.00,CLEAR(조향OFF)|STRAIGHT,,999.00,0.00,2.6,2.6,3801
109.20,-9.607,-15.836,33.8,0.00,CLEAR(조향OFF)|STRAIGHT,,999.00,0.00,2.5,2.6,3814
109.25,-9.605,-15.840,33.8,0.00,CLEAR(조향OFF)|STRAIGHT,,999.00,0.00,2.5,2.6,3801
109.30,-9.605,-15.840,33.8,0.00,CLEAR(조향OFF)|STRAIGHT,,999.00,0.00,2.7,2.6,3801
109.35,-9.607,-15.836,33.7,-0.00,CLEAR(조향OFF)|STRAIGHT,,999.00,0.00,2.7,2.6,3801
109.40,-9.607,-15.836,33.7,-0.00,CLEAR(조향OFF)|STRAIGHT,,999.00,0.00,2.5,2.6,3801
109.45,-9.606,-15.837,33.7,0.01,CLEAR(조향OFF)|STRAIGHT,,999.00,0.00,2.5,2.6,3788
109.50,-9.606,-15.837,33.7,0.01,CLEAR(조향OFF)|STRAIGHT,,999.00,0.00,2.6,2.6,3801
109.55,-9.605,-15.839,33.7,-0.01,CLEAR(조향OFF)|STRAIGHT,,999.00,0.00,2.6,2.6,3788
109.60,-9.605,-15.839,33.7,-0.01,CLEAR(조향OFF)|STRAIGHT,,999.00,0.00,2.7,2.6,3801
109.65,-9.607,-15.836,33.7,0.00,CLEAR(조향OFF)|STRAIGHT,,999.00,0.00,2.7,2.6,3788
109.70,-9.607,-15.836,33.7,0.00,CLEAR(조향OFF)|STRAIGHT,,999.00,0.00,2.5,2.6,3788
109.75,-9.607,-15.836,33.7,-0.00,CLEAR(조향OFF)|STRAIGHT,,999.00,0.00,2.5,2.6,3801
109.80,-9.607,-15.836,33.7,-0.00,CLEAR(조향OFF)|STRAIGHT,,999.00,0.00,2.6,2.6,3801
109.85,-9.606,-15.837,33.7,0.01,CLEAR(조향OFF)|STRAIGHT,,999.00,0.00,2.6,2.6,3801
109.90,-9.606,-15.837,33.7,0.01,CLEAR(조향OFF)|STRAIGHT,,999.00,0.00,2.6,2.6,3814
109.95,-9.606,-15.836,33.7,-0.00,CLEAR(조향OFF)|STRAIGHT,,999.00,0.00,2.7,2.6,3801
110.00,-9.606,-15.836,33.7,-0.00,CLEAR(조향OFF)|STRAIGHT,,999.00,0.00,2.6,2.6,3814
110.05,-9.608,-15.837,33.7,-0.02,CLEAR(조향OFF)|STRAIGHT,,999.00,0.00,2.6,2.6,3801
110.10,-9.608,-15.837,33.7,-0.02,CLEAR(조향OFF)|STRAIGHT,,999.00,0.00,2.6,2.5,3801
110.15,-9.604,-15.838,33.7,0.02,CLEAR(조향OFF)|STRAIGHT,,999.00,0.00,2.6,2.6,3814
110.20,-9.604,-15.838,33.7,0.02,CLEAR(조향OFF)|STRAIGHT,,999.00,0.00,2.8,2.6,3801
110.25,-9.606,-15.836,33.7,-0.00,CLEAR(조향OFF)|STRAIGHT,,999.00,0.00,2.8,2.6,3801
110.30,-9.606,-15.836,33.7,-0.00,CLEAR(조향OFF)|STRAIGHT,,999.00,0.00,2.6,2.6,3801
110.35,-9.606,-15.839,33.7,-0.02,CLEAR(조향OFF)|STRAIGHT,,999.00,0.00,2.6,2.6,3801
110.40,-9.606,-15.839,33.7,-0.02,CLEAR(조향OFF)|STRAIGHT,,999.00,0.00,2.8,2.6,3801
110.45,-9.605,-15.838,33.7,0.01,CLEAR(조향OFF)|STRAIGHT,,999.00,0.00,2.8,2.6,3801
110.50,-9.605,-15.838,33.7,0.01,CLEAR(조향OFF)|STRAIGHT,,999.00,0.00,2.8,2.6,3801
110.55,-9.607,-15.839,33.7,-0.02,CLEAR(조향OFF)|STRAIGHT,,999.00,0.00,2.8,2.6,3801
110.60,-9.607,-15.839,33.7,-0.02,CLEAR(조향OFF)|STRAIGHT,,999.00,0.00,2.8,2.6,3801
110.65,-9.606,-15.837,33.7,0.01,CLEAR(조향OFF)|STRAIGHT,,999.00,0.00,2.8,2.5,3814
110.70,-9.606,-15.837,33.7,0.01,CLEAR(조향OFF)|STRAIGHT,,999.00,0.00,2.7,2.6,3801
110.75,-9.604,-15.836,33.7,0.03,CLEAR(조향OFF)|STRAIGHT,,999.00,0.00,2.7,2.6,3801
110.80,-9.604,-15.836,33.7,0.03,CLEAR(조향OFF)|STRAIGHT,,999.00,0.00,2.8,2.6,3801
110.85,-9.606,-15.837,33.7,-0.02,CLEAR(조향OFF)|STRAIGHT,,999.00,0.00,2.8,2.6,3801
110.90,-9.606,-15.837,33.7,-0.02,CLEAR(조향OFF)|STRAIGHT,,999.00,0.00,2.8,2.6,3788
110.95,-9.606,-15.837,33.7,-0.01,CLEAR(조향OFF)|STRAIGHT,,999.00,0.00,2.8,2.6,3814
111.00,-9.606,-15.837,33.7,-0.01,CLEAR(조향OFF)|STRAIGHT,,999.00,0.00,2.7,2.6,3788
111.05,-9.605,-15.836,33.6,0.01,CLEAR(조향OFF)|STRAIGHT,,999.00,0.00,2.7,2.6,3801
111.10,-9.605,-15.836,33.6,0.01,CLEAR(조향OFF)|STRAIGHT,,999.00,0.00,2.7,2.6,3801
111.15,-9.606,-15.836,33.6,-0.01,CLEAR(조향OFF)|STRAIGHT,,999.00,0.00,2.7,2.5,3827
111.20,-9.606,-15.836,33.6,-0.01,CLEAR(조향OFF)|STRAIGHT,,999.00,0.00,2.7,2.6,3788
111.25,-9.606,-15.836,33.6,0.01,CLEAR(조향OFF)|STRAIGHT,,999.00,0.00,2.7,2.6,3814
111.30,-9.606,-15.836,33.6,0.01,CLEAR(조향OFF)|STRAIGHT,,999.00,0.00,2.7,2.6,3801
111.35,-9.607,-15.836,33.6,-0.01,CLEAR(조향OFF)|STRAIGHT,,999.00,0.00,2.7,2.6,3788
111.40,-9.607,-15.836,33.6,-0.01,CLEAR(조향OFF)|STRAIGHT,,999.00,0.00,2.7,2.6,3814
111.45,-9.607,-15.837,33.6,-0.01,CLEAR(조향OFF)|STRAIGHT,,999.00,0.00,2.7,2.6,3814
111.50,-9.607,-15.837,33.6,-0.01,CLEAR(조향OFF)|STRAIGHT,,999.00,0.00,2.7,2.6,3801
111.55,-9.607,-15.836,33.6,0.01,CLEAR(조향OFF)|STRAIGHT,,999.00,0.00,2.7,2.6,3814
111.60,-9.607,-15.836,33.6,0.01,CLEAR(조향OFF)|STRAIGHT,,999.00,0.00,2.7,2.6,3801
111.65,-9.607,-15.836,33.6,0.00,CLEAR(조향OFF)|STRAIGHT,,999.00,0.00,2.7,2.6,3801
111.70,-9.607,-15.836,33.6,0.00,CLEAR(조향OFF)|STRAIGHT,,999.00,0.00,2.7,2.6,3788
111.75,-9.607,-15.837,33.6,-0.01,CLEAR(조향OFF)|STRAIGHT,,999.00,0.00,2.7,2.6,3814
111.80,-9.607,-15.837,33.6,-0.01,CLEAR(조향OFF)|STRAIGHT,,999.00,0.00,2.8,2.6,3801
111.85,-9.609,-15.838,33.6,-0.01,CLEAR(조향OFF)|STRAIGHT,,999.00,0.00,2.8,2.6,3801
111.90,-9.609,-15.838,33.6,-0.01,CLEAR(조향OFF)|STRAIGHT,,999.00,0.00,2.7,2.6,3801
111.95,-9.607,-15.837,33.6,0.02,CLEAR(조향OFF)|STRAIGHT,,999.00,0.00,2.7,2.6,3814
112.00,-9.607,-15.837,33.6,0.02,CLEAR(조향OFF)|STRAIGHT,,999.00,0.00,2.8,2.6,3827
112.05,-9.607,-15.838,33.6,-0.01,CLEAR(조향OFF)|STRAIGHT,,999.00,0.00,2.8,2.6,3814
112.10,-9.607,-15.838,33.6,-0.01,CLEAR(조향OFF)|STRAIGHT,,999.00,0.00,2.8,2.5,3814
112.15,-9.607,-15.836,33.6,0.02,CLEAR(조향OFF)|STRAIGHT,,999.00,0.00,2.8,2.6,3814
112.20,-9.607,-15.836,33.6,0.02,CLEAR(조향OFF)|STRAIGHT,,999.00,0.00,2.8,2.6,3801
112.25,-9.607,-15.836,33.6,-0.00,CLEAR(조향OFF)|STRAIGHT,,999.00,0.00,2.8,2.6,3801
112.30,-9.607,-15.836,33.6,-0.00,CLEAR(조향OFF)|STRAIGHT,,999.00,0.00,2.7,2.6,3801
112.35,-9.606,-15.836,33.6,0.01,CLEAR(조향OFF)|STRAIGHT,,999.00,0.00,2.7,2.6,3801
112.40,-9.606,-15.836,33.6,0.01,CLEAR(조향OFF)|STRAIGHT,,999.00,0.00,2.8,2.6,3801
112.45,-9.606,-15.837,33.6,-0.00,CLEAR(조향OFF)|STRAIGHT,,999.00,0.00,2.8,2.6,3801
112.50,-9.606,-15.837,33.6,-0.00,CLEAR(조향OFF)|STRAIGHT,,999.00,0.00,2.8,2.6,3801
112.55,-9.609,-15.836,33.6,-0.03,CLEAR(조향OFF)|STRAIGHT,,999.00,0.00,2.8,2.6,3814
112.60,-9.609,-15.836,33.6,-0.03,CLEAR(조향OFF)|STRAIGHT,,999.00,0.00,2.8,2.6,3801
112.65,-9.607,-15.836,33.6,0.02,CLEAR(조향OFF)|STRAIGHT,,999.00,0.00,2.8,2.6,3801
112.70,-9.607,-15.836,33.6,0.02,CLEAR(조향OFF)|STRAIGHT,,999.00,0.00,2.8,2.6,3801
112.75,-9.607,-15.836,33.6,0.00,CLEAR(조향OFF)|STRAIGHT,,999.00,0.00,2.8,2.6,3814
112.80,-9.607,-15.836,33.5,0.00,CLEAR(조향OFF)|STRAIGHT,,999.00,0.00,2.7,2.6,3801
112.85,-9.607,-15.836,33.5,0.00,CLEAR(조향OFF)|STRAIGHT,,999.00,0.00,2.7,2.6,3814
112.90,-9.607,-15.836,33.5,0.00,CLEAR(조향OFF)|STRAIGHT,,999.00,0.00,2.7,2.6,3801
112.95,-9.608,-15.835,33.5,-0.01,CLEAR(조향OFF)|STRAIGHT,,999.00,0.00,2.7,2.6,3801
113.00,-9.608,-15.835,33.5,-0.01,CLEAR(조향OFF)|STRAIGHT,,999.00,0.00,2.7,2.5,3801
113.05,-9.607,-15.838,33.5,-0.01,CLEAR(조향OFF)|STRAIGHT,,999.00,0.00,2.7,2.6,3788
113.10,-9.607,-15.838,33.5,-0.01,CLEAR(조향OFF)|STRAIGHT,,999.00,0.00,2.9,2.6,3801
113.15,-9.607,-15.835,33.5,0.01,CLEAR(조향OFF)|STRAIGHT,,999.00,0.00,2.9,2.6,3814
113.20,-9.607,-15.835,33.5,0.01,CLEAR(조향OFF)|STRAIGHT,,999.00,0.00,2.8,2.6,3788
113.25,-9.609,-15.836,33.5,-0.03,CLEAR(조향OFF)|STRAIGHT,,999.00,0.00,2.8,2.6,3801
113.30,-9.609,-15.836,33.5,-0.03,CLEAR(조향OFF)|STRAIGHT,,999.00,0.00,2.9,2.6,3814
113.35,-9.608,-15.836,33.5,0.02,CLEAR(조향OFF)|STRAIGHT,,999.00,0.00,2.9,2.6,3801
113.40,-9.608,-15.836,33.5,0.02,CLEAR(조향OFF)|STRAIGHT,,999.00,0.00,2.8,2.6,3801
113.45,-9.608,-15.836,33.5,0.00,CLEAR(조향OFF)|STRAIGHT,,999.00,0.00,2.9,2.6,3801
113.50,-9.608,-15.836,33.5,0.00,CLEAR(조향OFF)|STRAIGHT,,999.00,0.00,2.8,2.6,3801
113.55,-9.608,-15.837,33.5,-0.01,CLEAR(조향OFF)|STRAIGHT,,999.00,0.00,2.8,2.6,3788
113.60,-9.608,-15.837,33.5,-0.01,CLEAR(조향OFF)|STRAIGHT,,999.00,0.05,2.9,2.6,3801
113.65,-9.608,-15.836,33.5,0.01,CLEAR(조향OFF)|STRAIGHT,,999.00,0.10,2.8,2.6,3801
113.70,-9.608,-15.836,33.5,0.01,CLEAR(조향OFF)|STRAIGHT,,999.00,0.15,2.8,2.6,3814
113.75,-9.608,-15.837,33.5,0.00,CLEAR(조향OFF)|STRAIGHT,,999.00,0.20,2.8,2.6,3801
113.80,-9.608,-15.837,33.5,0.00,CLEAR(조향OFF)|STRAIGHT,,999.00,0.25,2.8,2.6,3801
113.85,-9.607,-15.838,33.5,-0.01,CLEAR(조향OFF)|STRAIGHT,,999.00,0.30,2.8,2.6,3814
113.90,-9.607,-15.838,33.5,-0.01,CLEAR(조향OFF)|STRAIGHT,,999.00,0.35,2.9,2.6,3801
113.95,-9.607,-15.837,33.5,0.02,CLEAR(조향OFF)|STRAIGHT,,999.00,0.40,2.9,2.6,3801
114.00,-9.607,-15.837,33.5,0.02,CLEAR(조향OFF)|STRAIGHT,,999.00,0.44,2.9,2.6,3801
114.05,-9.605,-15.835,33.6,0.02,CLEAR(조향OFF)|STRAIGHT,,999.00,0.44,2.9,2.6,3788
114.10,-9.605,-15.835,33.6,0.02,CLEAR(조향OFF)|STRAIGHT,,999.00,0.44,2.9,2.6,3814
114.15,-9.601,-15.832,33.6,0.05,CLEAR(조향OFF)|STRAIGHT,,999.00,0.44,2.8,2.6,3801
114.20,-9.601,-15.832,33.6,0.05,CLEAR(조향OFF)|STRAIGHT,,999.00,0.44,3.0,2.6,3788
114.25,-9.588,-15.823,33.7,0.16,CLEAR(조향OFF)|STRAIGHT,,999.00,0.44,3.0,2.6,3788
114.30,-9.588,-15.823,33.7,0.16,CLEAR(조향OFF)|STRAIGHT,,999.00,0.44,3.5,2.6,3801
114.35,-9.572,-15.814,33.7,0.18,CLEAR(조향OFF)|STRAIGHT,,999.00,0.44,3.4,2.6,3776
114.40,-9.572,-15.814,33.7,0.18,CLEAR(조향OFF)|STRAIGHT,,999.00,0.44,3.6,2.6,3801
114.45,-9.552,-15.799,33.8,0.25,CLEAR(조향OFF)|STRAIGHT,,999.00,0.44,3.6,2.6,3788
114.50,-9.552,-15.799,33.8,0.25,CLEAR(조향OFF)|STRAIGHT,,999.00,0.44,3.8,2.6,3776
114.55,-9.527,-15.781,33.8,0.31,CLEAR(조향OFF)|STRAIGHT,,999.00,0.44,3.8,2.6,3788
114.60,-9.527,-15.781,33.9,0.31,CLEAR(조향OFF)|STRAIGHT,,999.00,0.44,4.1,2.6,3801
114.65,-9.502,-15.757,33.9,0.34,CLEAR(조향OFF)|STRAIGHT,,999.00,0.44,4.1,2.6,3788
114.70,-9.502,-15.757,33.9,0.34,CLEAR(조향OFF)|STRAIGHT,,999.00,0.43,5.1,2.6,3788
114.75,-9.473,-15.732,34.1,0.32,CLEAR(조향OFF)|STRAIGHT,,999.00,0.43,5.1,2.6,3788
114.80,-9.473,-15.732,34.1,0.32,CLEAR(조향OFF)|STRAIGHT,,999.00,0.43,5.1,2.6,3776
114.85,-9.439,-15.704,34.1,0.44,CLEAR(조향OFF)|STRAIGHT,,999.00,0.43,5.0,2.7,3788
114.90,-9.439,-15.704,34.2,0.44,CLEAR(조향OFF)|STRAIGHT,,999.00,0.43,5.3,3.0,3751
114.95,-9.398,-15.675,34.3,0.63,CLEAR(조향OFF)|STRAIGHT,,999.00,0.43,5.2,3.0,3726
115.00,-9.398,-15.675,34.3,0.63,CLEAR(조향OFF)|STRAIGHT,,999.00,0.43,5.6,3.0,3738
115.05,-9.360,-15.644,34.4,0.49,CLEAR(조향OFF)|STRAIGHT,,999.00,0.43,5.6,2.8,3726
115.10,-9.360,-15.644,34.4,0.49,CLEAR(조향OFF)|STRAIGHT,,999.00,0.43,5.5,3.1,3713
115.15,-9.319,-15.613,34.5,0.51,CLEAR(조향OFF)|STRAIGHT,,999.00,0.43,5.5,3.0,3713
115.20,-9.319,-15.613,34.5,0.51,CLEAR(조향OFF)|STRAIGHT,,999.00,0.43,5.7,3.1,3726
115.25,-9.278,-15.578,34.6,0.53,CLEAR(조향OFF)|STRAIGHT,,999.00,0.43,5.7,3.2,3701
115.30,-9.278,-15.578,34.7,0.53,CLEAR(조향OFF)|STRAIGHT,,999.00,0.43,5.8,3.5,3665
115.35,-9.232,-15.544,34.8,0.58,CLEAR(조향OFF)|STRAIGHT,,999.00,0.43,5.8,3.4,3665
115.40,-9.232,-15.544,34.8,0.58,CLEAR(조향OFF)|STRAIGHT,,999.00,0.43,6.1,3.4,3653
115.45,-9.195,-15.500,35.0,0.55,CLEAR(조향OFF)|STRAIGHT,,999.00,0.43,6.0,3.4,3665
115.50,-9.195,-15.500,35.1,0.55,CLEAR(조향OFF)|STRAIGHT,,999.00,0.43,5.8,3.4,3653
115.55,-9.151,-15.454,35.1,0.63,CLEAR(조향OFF)|STRAIGHT,,999.00,0.43,5.8,3.9,3618
115.60,-9.151,-15.454,35.3,0.63,CLEAR(조향OFF)|STRAIGHT,,999.00,0.43,5.9,4.0,3583
115.65,-9.096,-15.411,35.4,0.70,CLEAR(조향OFF)|STRAIGHT,,999.00,0.43,5.8,4.0,3583
115.70,-9.096,-15.411,35.5,0.70,CLEAR(조향OFF)|STRAIGHT,,999.00,0.42,6.4,4.0,3583
115.75,-9.043,-15.376,35.7,0.52,CLEAR(조향OFF)|STRAIGHT,,999.00,0.42,6.4,4.0,3572
115.80,-9.043,-15.376,35.8,0.52,CLEAR(조향OFF)|STRAIGHT,,999.00,0.42,6.5,4.1,3561
115.85,-8.988,-15.315,36.0,0.90,CLEAR(조향OFF)|STRAIGHT,,999.00,0.42,6.4,4.0,3572
115.90,-8.988,-15.315,36.1,0.90,CLEAR(조향OFF)|STRAIGHT,,999.00,0.42,6.7,4.0,3572
115.95,-8.938,-15.267,36.2,0.68,CLEAR(조향OFF)|STRAIGHT,,999.00,0.42,6.6,4.0,3572
116.00,-8.938,-15.267,36.3,0.68,CLEAR(조향OFF)|STRAIGHT,,999.00,0.42,6.7,4.1,3583
116.05,-8.877,-15.223,36.5,0.83,CLEAR(조향OFF)|STRAIGHT,,999.00,0.42,6.6,4.9,3483
116.10,-8.877,-15.223,36.7,0.83,CLEAR(조향OFF)|STRAIGHT,,999.00,0.42,7.0,4.8,3473
116.15,-8.815,-15.169,37.0,0.82,CLEAR(조향OFF)|STRAIGHT,,999.00,0.42,6.9,5.0,3451
116.20,-8.815,-15.169,37.1,0.82,CLEAR(조향OFF)|STRAIGHT,,999.00,0.42,7.1,4.9,3441
116.25,-8.761,-15.115,37.4,0.76,CLEAR(조향OFF)|STRAIGHT,,999.00,0.42,7.1,5.0,3441
116.30,-8.761,-15.115,37.4,0.76,CLEAR(조향OFF)|STRAIGHT,,999.00,0.42,7.1,5.0,3451
116.35,-8.702,-15.055,37.8,0.83,CLEAR(조향OFF)|STRAIGHT,,999.00,0.42,7.0,5.0,3430
116.40,-8.702,-15.055,37.9,0.83,CLEAR(조향OFF)|STRAIGHT,,999.00,0.42,7.2,5.0,3441
116.45,-8.641,-15.001,38.2,0.82,CLEAR(조향OFF)|STRAIGHT,,999.00,0.42,7.1,5.0,3410
116.50,-8.641,-15.001,38.4,0.82,CLEAR(조향OFF)|STRAIGHT,,999.00,0.42,7.3,5.0,3430
116.55,-8.580,-14.947,38.6,0.81,CLEAR(조향OFF)|STRAIGHT,,999.00,0.42,7.2,5.0,3430
116.60,-8.580,-14.947,38.8,0.81,CLEAR(조향OFF)|STRAIGHT,,999.00,0.42,7.5,5.1,3410
116.65,-8.526,-14.883,39.1,0.82,CLEAR(조향OFF)|STRAIGHT,,999.00,0.42,7.4,5.2,3399
116.70,-8.526,-14.883,39.3,0.82,CLEAR(조향OFF)|STRAIGHT,,999.00,0.42,7.4,5.2,3399
116.75,-8.462,-14.821,39.7,0.81,CLEAR(조향OFF)|STRAIGHT,,999.00,0.42,7.3,5.2,3399
116.80,-8.462,-14.821,39.9,0.81,CLEAR(조향OFF)|STRAIGHT,,999.00,0.42,7.5,5.2,3399
116.85,-8.398,-14.750,40.2,0.95,CLEAR(조향OFF)|STRAIGHT,,999.00,0.42,7.3,5.2,3399
116.90,-8.398,-14.750,40.4,0.95,CLEAR(조향OFF)|STRAIGHT,,999.00,0.41,7.4,5.2,3389
116.95,-8.332,-14.688,40.8,0.90,CLEAR(조향OFF)|STRAIGHT,,999.00,0.41,7.3,5.4,3389
117.00,-8.332,-14.688,40.9,0.90,CLEAR(조향OFF)|STRAIGHT,,999.00,0.41,7.5,5.4,3379
117.05,-8.267,-14.627,41.3,1.00,CLEAR(조향OFF)|STRAIGHT,,999.00,0.41,7.4,5.3,3379
117.10,-8.267,-14.627,41.5,1.00,CLEAR(조향OFF)|STRAIGHT,,999.00,0.41,7.7,5.4,3379
117.15,-8.200,-14.549,41.8,1.02,CLEAR(조향OFF)|STRAIGHT,,999.00,0.41,7.6,5.4,3389
117.20,-8.200,-14.549,41.9,1.02,CLEAR(조향OFF)|STRAIGHT,,999.00,0.41,7.8,5.3,3369
117.25,-8.133,-14.482,42.3,0.94,CLEAR(조향OFF)|STRAIGHT,,999.00,0.41,7.7,5.3,3379
117.30,-8.133,-14.482,42.4,0.94,CLEAR(조향OFF)|STRAIGHT,,999.00,0.41,8.1,5.4,3349
117.35,-8.067,-14.407,42.8,1.00,CLEAR(조향OFF)|STRAIGHT,,999.00,0.41,7.9,5.3,3379
117.40,-8.067,-14.407,43.0,1.00,CLEAR(조향OFF)|STRAIGHT,,999.00,0.41,7.9,5.3,3369
117.45,-8.008,-14.329,43.3,0.87,CLEAR(조향OFF)|STRAIGHT,,999.00,0.41,7.8,5.4,3359
117.50,-8.008,-14.329,43.5,0.87,CLEAR(조향OFF)|STRAIGHT,,999.00,0.41,8.0,5.4,3359
117.55,-7.946,-14.258,43.9,1.04,CLEAR(조향OFF)|STRAIGHT,,999.00,0.41,7.9,5.4,3369
117.60,-7.946,-14.258,44.1,1.04,CLEAR(조향OFF)|STRAIGHT,,999.00,0.41,8.1,5.3,3379
117.65,-7.881,-14.170,44.5,1.08,CLEAR(조향OFF)|STRAIGHT,,999.00,0.41,7.9,5.4,3379
117.70,-7.881,-14.170,44.8,1.08,CLEAR(조향OFF)|STRAIGHT,,999.00,0.41,8.1,5.3,3339
117.75,-7.811,-14.090,45.2,0.88,CLEAR(조향OFF)|STRAIGHT,,999.00,0.41,8.0,5.4,3369
117.80,-7.811,-14.090,45.4,0.88,CLEAR(조향OFF)|STRAIGHT,,999.00,0.41,8.4,5.4,3359
117.85,-7.743,-14.006,45.8,1.20,CLEAR(조향OFF)|STRAIGHT,,999.00,0.41,8.3,5.3,3379
117.90,-7.743,-14.006,46.0,1.20,CLEAR(조향OFF)|STRAIGHT,,999.00,0.41,8.1,5.4,3369
117.95,-7.677,-13.923,46.5,1.06,CLEAR(조향OFF)|STRAIGHT,,999.00,0.41,8.0,5.3,3359
118.00,-7.677,-13.923,46.7,1.06,CLEAR(조향OFF)|STRAIGHT,,999.00,0.41,8.3,5.4,3369
118.05,-7.615,-13.836,47.1,1.18,CLEAR(조향OFF)|STRAIGHT,,999.00,0.41,8.2,5.3,3399
118.10,-7.615,-13.836,47.3,1.18,CLEAR(조향OFF)|STRAIGHT,,999.00,0.41,8.4,5.3,3359
118.15,-7.545,-13.751,47.8,1.09,CLEAR(조향OFF)|STRAIGHT,,999.00,0.41,8.2,5.4,3379
118.20,-7.545,-13.751,48.0,1.09,CLEAR(조향OFF)|STRAIGHT,,999.00,0.41,8.6,5.4,3379
118.25,-7.481,-13.655,48.5,1.15,CLEAR(조향OFF)|STRAIGHT,,999.00,0.41,8.5,5.4,3349
118.30,-7.481,-13.655,48.7,1.15,CLEAR(조향OFF)|STRAIGHT,,999.00,0.41,8.7,5.3,3369
118.35,-7.421,-13.567,49.1,1.06,CLEAR(조향OFF)|STRAIGHT,,999.00,0.41,8.6,5.4,3379
118.40,-7.421,-13.567,49.4,1.06,CLEAR(조향OFF)|STRAIGHT,,999.00,0.41,8.5,5.4,3369
118.45,-7.347,-13.474,49.8,1.19,CLEAR(조향OFF)|STRAIGHT,,999.00,0.41,8.4,5.4,3389
118.50,-7.347,-13.474,50.0,1.19,CLEAR(조향OFF)|STRAIGHT,,999.00,0.41,8.8,5.4,3379
118.55,-7.291,-13.374,50.5,1.12,CLEAR(조향OFF)|STRAIGHT,,999.00,0.41,8.6,5.4,3379
118.60,-7.291,-13.374,50.7,1.12,CLEAR(조향OFF)|STRAIGHT,,999.00,0.41,8.8,5.4,3379
118.65,-7.226,-13.281,51.2,1.14,CLEAR(조향OFF)|STRAIGHT,,999.00,0.41,8.7,5.4,3369
118.70,-7.226,-13.281,51.4,1.14,CLEAR(조향OFF)|STRAIGHT,,999.00,0.41,9.1,5.4,3369
118.75,-7.160,-13.181,51.8,1.08,CLEAR(조향OFF)|STRAIGHT,,999.00,0.41,9.0,5.3,3399
118.80,-7.160,-13.181,52.1,1.08,CLEAR(조향OFF)|STRAIGHT,,999.00,0.41,9.0,5.4,3389
118.85,-7.096,-13.073,52.7,1.24,CLEAR(조향OFF)|STRAIGHT,,999.00,0.41,8.8,5.4,3379
118.90,-7.096,-13.073,52.9,1.24,CLEAR(조향OFF)|STRAIGHT,,999.00,0.41,9.1,5.4,3379
118.95,-7.036,-12.974,53.4,1.28,CLEAR(조향OFF)|STRAIGHT,,999.00,0.41,8.9,5.3,3379
119.00,-7.036,-12.974,53.7,1.28,CLEAR(조향OFF)|STRAIGHT,,999.00,0.41,9.2,5.3,3379
119.05,-6.983,-12.879,54.2,1.09,CLEAR(조향OFF)|STRAIGHT,,999.00,0.41,9.1,5.4,3369
119.10,-6.983,-12.879,54.5,1.09,CLEAR(조향OFF)|STRAIGHT,,999.00,0.41,9.6,5.4,3369
119.15,-6.923,-12.765,54.9,1.28,CLEAR(조향OFF)|STRAIGHT,,999.00,0.41,9.4,5.3,3359
119.20,-6.923,-12.765,55.1,1.28,CLEAR(조향OFF)|STRAIGHT,,999.00,0.40,9.0,5.4,3369
119.25,-6.859,-12.663,55.7,1.20,CLEAR(조향OFF)|STRAIGHT,,999.00,0.40,8.9,5.4,3369
119.30,-6.859,-12.663,55.9,1.20,CLEAR(조향OFF)|STRAIGHT,,999.00,0.40,9.4,5.4,3389
119.35,-6.811,-12.551,56.4,1.19,CLEAR(조향OFF)|STRAIGHT,,999.00,0.40,9.3,5.4,3359
119.40,-6.811,-12.551,56.7,1.19,CLEAR(조향OFF)|STRAIGHT,,999.00,0.40,9.6,5.4,3379
119.45,-6.750,-12.450,57.1,1.18,CLEAR(조향OFF)|STRAIGHT,,999.00,0.40,9.4,5.4,3379
119.50,-6.750,-12.450,57.3,1.18,CLEAR(조향OFF)|STRAIGHT,,999.00,0.40,10.0,5.4,3379
119.55,-6.699,-12.333,57.9,1.27,CLEAR(조향OFF)|STRAIGHT,,999.00,0.40,9.9,5.4,3369
119.60,-6.699,-12.333,58.2,1.27,CLEAR(조향OFF)|STRAIGHT,,999.00,0.41,9.4,5.3,3379
119.65,-6.641,-12.223,58.7,1.23,CLEAR(조향OFF)|STRAIGHT,,999.00,0.41,9.3,5.3,3369
119.70,-6.641,-12.223,59.0,1.23,CLEAR(조향OFF)|STRAIGHT,,999.00,0.41,9.7,5.3,3369
119.75,-6.597,-12.115,59.5,1.05,CLEAR(조향OFF)|STRAIGHT,,999.00,0.41,9.6,5.3,3369
119.80,-6.597,-12.115,59.8,1.05,CLEAR(조향OFF)|STRAIGHT,,999.00,0.41,10.2,5.3,3369
119.85,-6.545,-12.004,60.3,1.12,CLEAR(조향OFF)|STRAIGHT,,999.00,0.41,10.0,5.3,3369
119.90,-6.545,-12.004,60.6,1.12,CLEAR(조향OFF)|STRAIGHT,,999.00,0.41,10.4,5.3,3369
119.95,-6.495,-11.893,61.0,1.49,CLEAR(조향OFF)|STRAIGHT,,999.00,0.41,10.3,5.4,3379
120.00,-6.495,-11.893,61.3,1.49,CLEAR(조향OFF)|STRAIGHT,,999.00,0.40,9.5,5.4,3369
120.05,-6.451,-11.780,61.7,1.20,CLEAR(조향OFF)|STRAIGHT,,999.00,0.40,9.4,5.4,3359
120.10,-6.451,-11.780,62.0,1.20,CLEAR(조향OFF)|STRAIGHT,,999.00,0.40,10.1,5.8,3329
120.15,-6.405,-11.666,62.5,1.22,CLEAR(조향OFF)|STRAIGHT,,999.00,0.40,10.0,6.4,3242
120.20,-6.405,-11.666,62.8,1.22,CLEAR(조향OFF)|STRAIGHT,,999.00,0.40,10.4,6.4,3242
120.25,-6.358,-11.550,63.5,1.15,CLEAR(조향OFF)|STRAIGHT,,999.00,0.40,10.2,7.3,3134
120.30,-6.358,-11.550,63.8,1.15,CLEAR(조향OFF)|STRAIGHT,,999.00,0.40,10.8,7.6,3108
120.35,-6.318,-11.441,64.6,1.16,CLEAR(조향OFF)|STRAIGHT,,999.00,0.40,10.6,7.6,3108
120.40,-6.318,-11.441,65.0,1.16,CLEAR(조향OFF)|STRAIGHT,,999.00,0.40,10.9,7.7,3066
120.45,-6.289,-11.328,65.8,1.15,CLEAR(조향OFF)|STRAIGHT,,999.00,0.40,10.7,7.9,3025
120.50,-6.289,-11.328,66.1,1.15,CLEAR(조향OFF)|STRAIGHT,,999.00,0.40,9.9,8.0,3033
120.55,-6.247,-11.209,66.9,1.26,CLEAR(조향OFF)|STRAIGHT,,999.00,0.40,9.7,7.9,3033
120.60,-6.247,-11.209,67.3,1.26,CLEAR(조향OFF)|STRAIGHT,,999.00,0.40,9.9,7.9,3016
120.65,-6.216,-11.095,68.0,1.17,CLEAR(조향OFF)|STRAIGHT,,999.00,0.40,9.7,7.9,3016
120.70,-6.216,-11.095,68.4,1.17,CLEAR(조향OFF)|STRAIGHT,,999.00,0.40,10.1,7.9,3025
120.75,-6.189,-10.984,69.2,1.03,CLEAR(조향OFF)|STRAIGHT,,999.00,0.40,9.9,8.0,3016
120.80,-6.189,-10.984,69.5,1.03,CLEAR(조향OFF)|STRAIGHT,,999.00,0.40,10.4,8.0,3016
120.85,-6.155,-10.864,70.2,1.38,CLEAR(조향OFF)|STRAIGHT,,999.00,0.40,10.2,8.0,3016
120.90,-6.155,-10.864,70.6,1.38,CLEAR(조향OFF)|STRAIGHT,,999.00,0.40,9.2,8.0,3008
120.95,-6.138,-10.753,71.4,1.10,CLEAR(조향OFF)|STRAIGHT,,999.00,0.40,9.0,7.9,3016
121.00,-6.138,-10.753,71.8,1.10,CLEAR(조향OFF)|STRAIGHT,,999.00,0.40,9.4,8.0,3008
121.05,-6.117,-10.643,72.6,1.12,CLEAR(조향OFF)|STRAIGHT,,999.00,0.40,9.1,7.9,3008
121.10,-6.117,-10.643,72.9,1.12,CLEAR(조향OFF)|STRAIGHT,,999.00,0.40,9.2,7.9,3008
121.15,-6.098,-10.525,73.7,1.17,CLEAR(조향OFF)|STRAIGHT,,999.00,0.40,9.0,8.0,3016
121.20,-6.098,-10.525,74.0,1.17,CLEAR(조향OFF)|STRAIGHT,,999.00,0.40,9.1,8.3,2969
121.25,-6.086,-10.411,74.8,1.14,CLEAR(조향OFF)|STRAIGHT,,999.00,0.40,8.9,8.3,2969
121.30,-6.086,-10.411,75.3,1.14,CLEAR(조향OFF)|STRAIGHT,,999.00,0.40,8.3,8.3,2969
121.35,-6.069,-10.295,76.0,1.29,CLEAR(조향OFF)|STRAIGHT,,999.00,0.40,8.1,8.3,2969
121.40,-6.069,-10.295,76.5,1.29,CLEAR(조향OFF)|STRAIGHT,,999.00,0.40,8.1,8.3,2976
121.45,-6.056,-10.184,77.2,1.01,CLEAR(조향OFF)|STRAIGHT,,999.00,0.40,7.9,8.2,2961
121.50,-6.056,-10.184,77.6,1.01,CLEAR(조향OFF)|STRAIGHT,,999.00,0.40,8.2,8.2,2969
121.55,-6.052,-10.063,78.3,1.32,CLEAR(조향OFF)|STRAIGHT,,999.00,0.40,7.9,8.2,2969
121.60,-6.052,-10.063,78.8,1.32,CLEAR(조향OFF)|STRAIGHT,,999.00,0.40,7.7,8.3,2969
121.65,-6.042,-9.946,79.6,1.17,CLEAR(조향OFF)|STRAIGHT,,999.00,0.40,7.5,8.2,2969
121.70,-6.042,-9.946,80.0,1.17,CLEAR(조향OFF)|STRAIGHT,,999.00,0.39,7.3,8.3,2976
121.75,-6.042,-9.833,80.7,1.02,CLEAR(조향OFF)|STRAIGHT,,999.00,0.39,7.1,8.2,2969
121.80,-6.042,-9.833,81.1,1.02,CLEAR(조향OFF)|STRAIGHT,,999.00,0.39,7.0,8.2,2969
121.85,-6.043,-9.719,81.8,1.02,CLEAR(조향OFF)|STRAIGHT,,999.00,0.39,6.8,8.2,2969
121.90,-6.043,-9.719,82.1,1.02,CLEAR(조향OFF)|STRAIGHT,,999.00,0.39,6.7,8.2,2969
121.95,-6.043,-9.599,82.8,1.32,CLEAR(조향OFF)|STRAIGHT,,999.00,0.39,6.5,8.2,2945
122.00,-6.043,-9.599,83.2,1.32,CLEAR(조향OFF)|STRAIGHT,,999.00,0.39,6.5,8.3,2961
122.05,-6.040,-9.478,83.9,1.20,CLEAR(조향OFF)|STRAIGHT,,999.00,0.39,6.3,8.3,2938
122.10,-6.040,-9.478,84.2,1.20,CLEAR(조향OFF)|STRAIGHT,,999.00,0.39,6.3,8.3,2961
122.15,-6.049,-9.362,85.0,1.27,CLEAR(조향OFF)|STRAIGHT,,999.00,0.39,6.0,8.2,2953
122.20,-6.049,-9.362,85.3,1.27,CLEAR(조향OFF)|STRAIGHT,,999.00,0.39,6.1,8.3,2969
122.25,-6.062,-9.255,86.0,0.97,CLEAR(조향OFF)|STRAIGHT,,999.00,0.39,5.9,8.2,2969
122.30,-6.062,-9.255,86.5,0.97,CLEAR(조향OFF)|STRAIGHT,,999.00,0.39,5.5,8.1,2969
122.35,-6.076,-9.134,87.3,1.20,CLEAR(조향OFF)|STRAIGHT,,999.00,0.39,5.2,7.9,2992
122.40,-6.076,-9.134,87.8,1.20,CLEAR(조향OFF)|STRAIGHT,,999.00,0.39,5.0,7.9,3016
122.45,-6.084,-9.021,88.7,1.25,CLEAR(조향OFF)|STRAIGHT,,999.00,0.39,4.7,7.9,2992
122.50,-6.084,-9.021,89.1,1.25,CLEAR(조향OFF)|STRAIGHT,,999.00,0.39,4.5,7.3,3066
122.55,-6.101,-8.909,89.7,1.12,CLEAR(조향OFF)|STRAIGHT,,999.00,0.39,4.2,7.0,3108
122.60,-6.101,-8.909,90.0,1.12,CLEAR(조향OFF)|STRAIGHT,,999.00,0.38,4.5,7.0,3117
122.65,-6.110,-8.800,90.9,1.09,CLEAR(조향OFF)|STRAIGHT,,999.00,0.38,4.3,7.1,3091
122.70,-6.110,-8.800,91.3,1.09,CLEAR(조향OFF)|STRAIGHT,,999.00,0.38,4.0,7.0,3125
122.75,-6.122,-8.680,91.8,1.00,CLEAR(조향OFF)|STRAIGHT,,999.00,0.38,3.8,7.0,3108
122.80,-6.122,-8.680,92.2,1.00,CLEAR(조향OFF)|STRAIGHT,,999.00,0.38,3.6,7.0,3117
122.85,-6.137,-8.559,92.8,1.21,CLEAR(조향OFF)|STRAIGHT,,999.00,0.38,3.3,6.5,3160
122.90,-6.137,-8.559,93.0,1.21,CLEAR(조향OFF)|STRAIGHT,,999.00,0.38,3.5,6.1,3205
122.95,-6.162,-8.442,93.5,1.32,CLEAR(조향OFF)|STRAIGHT,,999.00,0.38,3.3,6.0,3233
123.00,-6.162,-8.442,93.8,1.32,CLEAR(조향OFF)|STRAIGHT,,999.00,0.38,4.2,6.0,3252
123.05,-6.187,-8.317,94.3,1.26,CLEAR(조향OFF)|STRAIGHT,,999.00,0.38,4.1,6.0,3242
123.10,-6.187,-8.317,94.6,1.26,CLEAR(조향OFF)|STRAIGHT,,999.00,0.38,3.9,5.9,3271
123.15,-6.217,-8.198,95.2,1.21,CLEAR(조향OFF)|STRAIGHT,,999.00,0.38,3.7,5.9,3261
123.20,-6.217,-8.198,95.5,1.21,CLEAR(조향OFF)|STRAIGHT,,999.00,0.38,3.3,5.9,3271
123.25,-6.249,-8.084,96.1,1.18,CLEAR(조향OFF)|STRAIGHT,,999.00,0.38,3.1,5.9,3261
123.30,-6.249,-8.084,96.4,1.18,CLEAR(조향OFF)|STRAIGHT,,999.00,0.38,2.5,5.9,3271
123.35,-6.268,-7.966,97.0,1.33,CLEAR(조향OFF)|STRAIGHT,,999.00,0.38,2.3,5.6,3300
123.40,-6.268,-7.966,97.3,1.33,CLEAR(조향OFF)|STRAIGHT,,999.00,0.38,3.8,5.3,3349
123.45,-6.297,-7.851,97.7,1.17,CLEAR(조향OFF)|STRAIGHT,,999.00,0.38,3.6,4.8,3389
123.50,-6.297,-7.851,97.9,1.17,CLEAR(조향OFF)|STRAIGHT,,999.00,0.38,3.2,4.4,3462
123.55,-6.327,-7.739,98.3,1.16,CLEAR(조향OFF)|STRAIGHT,,999.00,0.38,3.1,4.4,3451
123.60,-6.327,-7.739,98.5,1.16,CLEAR(조향OFF)|STRAIGHT,,999.00,0.38,2.9,4.4,3473
123.65,-6.360,-7.624,98.8,1.08,CLEAR(조향OFF)|STRAIGHT,,999.00,0.38,2.8,4.4,3462
123.70,-6.360,-7.624,99.0,1.08,CLEAR(조향OFF)|STRAIGHT,,999.00,0.38,2.4,4.4,3494
123.75,-6.392,-7.504,99.4,1.12,CLEAR(조향OFF)|STRAIGHT,,999.00,0.38,2.2,4.4,3473
123.80,-6.392,-7.504,99.7,1.12,CLEAR(조향OFF)|STRAIGHT,,999.00,0.38,3.7,4.4,3473
123.85,-6.429,-7.388,100.1,1.34,CLEAR(조향OFF)|STRAIGHT,,999.00,0.39,3.6,3.9,3549
123.90,-6.429,-7.388,100.2,1.34,CLEAR(조향OFF)|STRAIGHT,,999.00,0.39,3.9,3.6,3583
123.95,-6.460,-7.272,100.6,1.20,CLEAR(조향OFF)|STRAIGHT,,999.00,0.39,3.9,3.7,3606
124.00,-6.460,-7.272,100.7,1.20,CLEAR(조향OFF)|STRAIGHT,,999.00,0.39,3.5,3.7,3583
124.05,-6.495,-7.149,100.9,1.42,CLEAR(조향OFF)|STRAIGHT,,999.00,0.39,3.5,3.6,3606
124.10,-6.495,-7.149,101.1,1.42,CLEAR(조향OFF)|STRAIGHT,,999.00,0.39,4.1,3.6,3595
124.15,-6.533,-7.037,101.4,1.07,CLEAR(조향OFF)|STRAIGHT,,999.00,0.39,4.0,3.7,3606
124.20,-6.533,-7.037,101.5,1.07,CLEAR(조향OFF)|STRAIGHT,,999.00,0.38,4.5,3.7,3583
124.25,-6.567,-6.914,101.9,1.41,CLEAR(조향OFF)|STRAIGHT,,999.00,0.38,4.4,3.6,3606
124.30,-6.567,-6.914,101.9,1.41,CLEAR(조향OFF)|STRAIGHT,,999.00,0.38,4.7,3.6,3595
124.35,-6.614,-6.794,101.9,1.27,CLEAR(조향OFF)|STRAIGHT,,999.00,0.38,4.7,3.6,3618
124.40,-6.614,-6.794,101.9,1.27,CLEAR(조향OFF)|STRAIGHT,,999.00,0.38,4.8,3.7,3606
124.45,-6.655,-6.674,101.9,1.25,CLEAR(조향OFF)|STRAIGHT,,999.00,0.38,4.8,3.6,3595
124.50,-6.655,-6.674,101.9,1.25,CLEAR(조향OFF)|STRAIGHT,,999.00,0.38,5.1,3.6,3618
124.55,-6.691,-6.555,101.9,1.24,CLEAR(조향OFF)|STRAIGHT,,999.00,0.38,5.1,3.6,3630
124.60,-6.691,-6.555,101.9,1.24,CLEAR(조향OFF)|STRAIGHT,,999.00,0.39,5.5,3.6,3595
124.65,-6.740,-6.431,101.9,1.19,CLEAR(조향OFF)|STRAIGHT,,999.00,0.39,5.5,3.6,3618
124.70,-6.740,-6.431,101.9,1.19,CLEAR(조향OFF)|STRAIGHT,,999.00,0.39,5.8,3.7,3595
124.75,-6.740,-6.431,101.9,1.19,CLEAR(조향OFF)|STRAIGHT,,999.00,0.39,5.8,3.6,3595
124.80,-6.740,-6.431,101.9,1.19,CLEAR(조향OFF)|STRAIGHT,,999.00,0.39,5.8,3.6,3595
124.85,-6.740,-6.431,101.9,1.19,CLEAR(조향OFF)|STRAIGHT,,999.00,0.39,5.8,3.6,3595
124.90,-6.740,-6.431,101.9,1.19,CLEAR(조향OFF)|STRAIGHT,,999.00,0.39,5.8,3.7,3618
124.95,-6.740,-6.431,101.9,1.19,CLEAR(조향OFF)|STRAIGHT,,999.00,0.39,5.8,3.6,3641
125.00,-6.740,-6.431,101.9,1.19,CLEAR(조향OFF)|STRAIGHT,,999.00,0.39,5.8,3.6,3606
125.05,-6.740,-6.431,101.9,1.19,CLEAR(조향OFF)|STRAIGHT,,999.00,0.39,5.8,3.6,3606
125.10,-6.740,-6.431,101.9,1.19,CLEAR(조향OFF)|STRAIGHT,,999.00,0.39,5.8,3.6,3618
125.15,-6.740,-6.431,101.9,1.19,CLEAR(조향OFF)|STRAIGHT,,999.00,0.39,5.8,3.5,3630
125.20,-6.740,-6.431,101.9,1.19,CLEAR(조향OFF)|STRAIGHT,,999.00,0.39,5.8,3.7,3618
125.25,-6.740,-6.431,101.9,1.19,CLEAR(조향OFF)|STRAIGHT,,999.00,0.39,5.8,3.6,3630
125.30,-6.740,-6.431,101.9,1.19,CLEAR(조향OFF)|STRAIGHT,,999.00,0.00,3.5,3.6,3595
125.35,-6.740,-6.431,101.9,1.19,CLEAR(조향OFF)|STRAIGHT,,999.00,0.00,1.3,3.6,3618
125.40,-6.740,-6.431,101.9,1.19,CLEAR(조향OFF)|STRAIGHT,,999.00,0.00,0.0,3.9,3595
125.45,-6.740,-6.431,101.9,1.19,CLEAR(조향OFF)|STRAIGHT,,999.00,0.00,0.0,4.0,3572
125.50,-6.740,-6.431,101.9,1.19,CLEAR(조향OFF)|STRAIGHT,,999.00,0.00,0.0,3.7,3583
125.55,-6.740,-6.431,101.9,1.19,CLEAR(조향OFF)|STRAIGHT,,999.00,0.00,0.0,2.7,3701
125.60,-6.740,-6.431,101.9,1.19,CLEAR(조향OFF)|STRAIGHT,,999.00,0.00,0.0,2.2,3788
125.65,-6.740,-6.431,101.9,1.19,CLEAR(조향OFF)|STRAIGHT,,999.00,0.00,0.0,2.2,3801
125.70,-6.740,-6.431,101.9,1.19,CLEAR(조향OFF)|STRAIGHT,,999.00,0.00,0.0,2.2,3814
125.75,-6.740,-6.431,101.9,1.19,CLEAR(조향OFF)|STRAIGHT,,999.00,0.00,0.0,2.1,3814
125.80,-6.740,-6.431,101.9,1.19,CLEAR(조향OFF)|STRAIGHT,,999.00,0.00,0.0,2.2,3827
125.85,-6.740,-6.431,101.9,1.19,CLEAR(조향OFF)|STRAIGHT,,999.00,0.00,0.0,2.1,3840
125.90,-6.740,-6.431,101.9,1.19,CLEAR(조향OFF)|STRAIGHT,,999.00,0.00,0.0,2.1,3853
125.95,-6.740,-6.431,101.9,1.19,CLEAR(조향OFF)|STRAIGHT,,999.00,0.00,0.0,2.1,3853
126.00,-6.740,-6.431,101.9,1.19,CLEAR(조향OFF)|STRAIGHT,,999.00,0.00,0.0,2.0,3867
126.05,-6.740,-6.431,101.9,1.19,CLEAR(조향OFF)|STRAIGHT,,999.00,0.00,0.0,1.9,3880
126.10,-7.391,-4.868,108.8,0.95,CLEAR(조향OFF)|STRAIGHT,,999.00,0.00,0.0,1.9,3880
126.15,-7.436,-4.778,108.9,1.10,CLEAR(조향OFF)|STRAIGHT,,999.00,0.00,-2.2,1.9,3880
126.20,-7.436,-4.778,108.9,1.10,CLEAR(조향OFF)|STRAIGHT,,999.00,0.00,0.0,1.9,3880
126.25,-7.475,-4.693,109.0,0.93,CLEAR(조향OFF)|STRAIGHT,,999.00,0.00,0.0,1.5,3934
126.30,-7.475,-4.693,109.0,0.93,CLEAR(조향OFF)|STRAIGHT,,999.00,0.00,0.0,1.1,3990
126.35,-7.513,-4.610,109.0,0.83,CLEAR(조향OFF)|STRAIGHT,,999.00,0.00,0.0,1.1,3990
126.40,-7.513,-4.610,109.1,0.83,CLEAR(조향OFF)|STRAIGHT,,999.00,0.00,0.0,1.1,3990
126.45,-7.548,-4.537,109.1,0.80,CLEAR(조향OFF)|STRAIGHT,,999.00,0.00,0.0,1.1,3990
126.50,-7.548,-4.537,109.1,0.80,CLEAR(조향OFF)|STRAIGHT,,999.00,0.00,0.0,1.1,4018
126.55,-7.582,-4.459,109.1,0.85,CLEAR(조향OFF)|STRAIGHT,,999.00,0.00,0.0,1.1,4004
126.60,-7.582,-4.459,109.2,0.85,CLEAR(조향OFF)|STRAIGHT,,999.00,0.00,0.0,1.1,4004
126.65,-7.613,-4.390,109.2,0.75,CLEAR(조향OFF)|STRAIGHT,,999.00,0.00,0.0,1.1,4004
126.70,-7.613,-4.390,109.3,0.75,CLEAR(조향OFF)|STRAIGHT,,999.00,0.00,0.0,1.1,4033
126.75,-7.647,-4.319,109.3,0.70,CLEAR(조향OFF)|STRAIGHT,,999.00,0.00,0.0,0.5,4106
126.80,-7.647,-4.319,109.3,0.70,CLEAR(조향OFF)|STRAIGHT,,999.00,0.00,0.0,0.5,4106
126.85,-7.675,-4.260,109.3,0.66,CLEAR(조향OFF)|STRAIGHT,,999.00,0.00,0.0,0.4,4121
126.90,-7.675,-4.260,109.3,0.66,CLEAR(조향OFF)|STRAIGHT,,999.00,0.00,0.0,0.5,4106
126.95,-7.704,-4.196,109.2,0.77,CLEAR(조향OFF)|STRAIGHT,,999.00,0.00,0.0,0.4,4121
127.00,-7.704,-4.196,109.2,0.77,CLEAR(조향OFF)|STRAIGHT,,999.00,0.00,0.0,0.4,4121
127.05,-7.729,-4.144,109.2,0.63,CLEAR(조향OFF)|STRAIGHT,,999.00,0.00,0.0,0.4,4121
127.10,-7.729,-4.144,109.2,0.63,CLEAR(조향OFF)|STRAIGHT,,999.00,0.00,0.0,0.4,4121
127.15,-7.757,-4.091,109.2,0.60,CLEAR(조향OFF)|STRAIGHT,,999.00,0.00,0.0,0.5,4137
127.20,-7.757,-4.091,109.1,0.60,CLEAR(조향OFF)|STRAIGHT,,999.00,0.00,0.0,0.4,4137
127.25,-7.776,-4.038,109.1,0.51,CLEAR(조향OFF)|STRAIGHT,,999.00,0.00,0.0,0.4,4137
127.30,-7.776,-4.038,109.1,0.51,CLEAR(조향OFF)|STRAIGHT,,999.00,0.00,0.0,0.4,4137
127.35,-7.796,-3.985,109.0,0.56,CLEAR(조향OFF)|STRAIGHT,,999.00,0.00,0.0,0.4,4137
127.40,-7.796,-3.985,109.0,0.56,CLEAR(조향OFF)|STRAIGHT,,999.00,0.00,0.0,0.5,4137
127.45,-7.815,-3.940,109.1,0.49,CLEAR(조향OFF)|STRAIGHT,,999.00,0.00,0.0,0.4,4137
127.50,-7.815,-3.940,109.1,0.49,CLEAR(조향OFF)|STRAIGHT,,999.00,0.00,0.0,0.4,4137
127.55,-7.837,-3.895,109.1,0.50,CLEAR(조향OFF)|STRAIGHT,,999.00,0.00,0.0,0.4,4137
127.60,-7.837,-3.895,109.0,0.50,CLEAR(조향OFF)|STRAIGHT,,999.00,0.00,0.0,0.4,4137
127.65,-7.850,-3.861,108.9,0.36,CLEAR(조향OFF)|STRAIGHT,,999.00,0.00,0.0,0.4,4121
127.70,-7.850,-3.861,108.9,0.36,CLEAR(조향OFF)|STRAIGHT,,999.00,0.00,0.0,0.5,4137
127.75,-7.868,-3.829,108.9,0.33,CLEAR(조향OFF)|STRAIGHT,,999.00,0.00,0.0,0.4,4137
127.80,-7.868,-3.829,108.8,0.33,CLEAR(조향OFF)|STRAIGHT,,999.00,0.00,0.0,0.5,4137
127.85,-7.885,-3.791,108.8,0.47,CLEAR(조향OFF)|STRAIGHT,,999.00,0.00,0.0,0.5,4137
127.90,-7.885,-3.791,108.8,0.47,CLEAR(조향OFF)|STRAIGHT,,999.00,0.00,0.0,0.5,4137
127.95,-7.898,-3.760,108.7,0.33,CLEAR(조향OFF)|STRAIGHT,,999.00,0.00,0.0,0.5,4137
128.00,-7.898,-3.760,108.7,0.33,CLEAR(조향OFF)|STRAIGHT,,999.00,0.00,0.0,0.5,4137
128.05,-7.907,-3.733,108.7,0.32,CLEAR(조향OFF)|STRAIGHT,,999.00,0.00,0.0,0.5,4121
128.10,-7.907,-3.733,108.7,0.32,CLEAR(조향OFF)|STRAIGHT,,999.00,0.00,0.0,0.5,4137
128.15,-7.922,-3.709,108.6,0.27,CLEAR(조향OFF)|STRAIGHT,,999.00,0.00,0.0,0.4,4137
128.20,-7.922,-3.709,108.6,0.27,CLEAR(조향OFF)|STRAIGHT,,999.00,0.00,0.0,0.4,4137
128.25,-7.931,-3.682,108.6,0.26,CLEAR(조향OFF)|STRAIGHT,,999.00,0.00,0.0,0.4,4137
128.30,-7.931,-3.682,108.6,0.26,CLEAR(조향OFF)|STRAIGHT,,999.00,0.00,0.0,0.4,4152
128.35,-7.940,-3.664,108.6,0.20,CLEAR(조향OFF)|STRAIGHT,,999.00,0.00,0.0,0.4,4137
128.40,-7.940,-3.664,108.6,0.20,CLEAR(조향OFF)|STRAIGHT,,999.00,0.00,0.0,0.5,4152
128.45,-7.946,-3.648,108.6,0.18,CLEAR(조향OFF)|STRAIGHT,,999.00,0.00,0.0,0.5,4137
128.50,-7.946,-3.648,108.6,0.18,CLEAR(조향OFF)|STRAIGHT,,999.00,0.00,0.0,0.4,4137
128.55,-7.955,-3.631,108.6,0.19,CLEAR(조향OFF)|STRAIGHT,,999.00,0.00,0.0,0.5,4137
128.60,-7.955,-3.631,108.6,0.19,CLEAR(조향OFF)|STRAIGHT,,999.00,0.00,0.0,0.4,4152
128.65,-7.964,-3.618,108.6,0.15,CLEAR(조향OFF)|STRAIGHT,,999.00,0.00,0.0,0.5,4121
128.70,-7.964,-3.618,108.6,0.15,CLEAR(조향OFF)|STRAIGHT,,999.00,0.00,0.0,0.4,4152
128.75,-7.966,-3.611,108.6,0.07,CLEAR(조향OFF)|STRAIGHT,,999.00,0.00,0.0,0.5,4137
128.80,-7.966,-3.611,108.6,0.07,CLEAR(조향OFF)|STRAIGHT,,999.00,0.00,0.0,0.4,4137
128.85,-7.969,-3.604,108.6,0.09,CLEAR(조향OFF)|STRAIGHT,,999.00,0.00,0.0,0.4,4137
128.90,-7.969,-3.604,108.6,0.09,CLEAR(조향OFF)|STRAIGHT,,999.00,0.00,0.0,0.5,4137
128.95,-7.973,-3.599,108.6,0.06,CLEAR(조향OFF)|STRAIGHT,,999.00,0.00,0.0,0.4,4137
129.00,-7.973,-3.599,108.6,0.06,CLEAR(조향OFF)|STRAIGHT,,999.00,0.00,0.0,0.5,4152
129.05,-7.973,-3.599,108.6,0.00,CLEAR(조향OFF)|STRAIGHT,,999.00,0.00,0.0,0.4,4137
129.10,-7.973,-3.599,108.6,0.00,CLEAR(조향OFF)|STRAIGHT,,999.00,0.00,0.0,0.4,4137
129.15,-7.971,-3.603,108.6,-0.04,CLEAR(조향OFF)|STRAIGHT,,999.00,0.00,0.0,0.4,4137
129.20,-7.971,-3.603,108.6,-0.04,CLEAR(조향OFF)|STRAIGHT,,999.00,0.00,0.0,0.5,4137
129.25,-7.968,-3.604,108.6,-0.02,CLEAR(조향OFF)|STRAIGHT,,999.00,0.00,0.0,0.4,4152
129.30,-7.968,-3.604,108.6,-0.02,CLEAR(조향OFF)|STRAIGHT,,999.00,0.00,0.0,0.4,4137
129.35,-7.969,-3.606,108.5,-0.02,CLEAR(조향OFF)|STRAIGHT,,999.00,0.00,0.0,0.5,4137
129.40,-7.969,-3.606,108.5,-0.02,CLEAR(조향OFF)|STRAIGHT,,999.00,0.00,0.0,0.4,4152
129.45,-7.969,-3.606,108.5,0.01,CLEAR(조향OFF)|STRAIGHT,,999.00,0.00,0.0,0.5,4137
129.50,-7.969,-3.606,108.5,0.01,CLEAR(조향OFF)|STRAIGHT,,999.00,0.00,0.0,0.5,4121
129.55,-7.969,-3.605,108.5,0.01,CLEAR(조향OFF)|STRAIGHT,,999.00,0.00,0.0,0.5,4137
129.60,-7.969,-3.605,108.5,0.01,CLEAR(조향OFF)|STRAIGHT,,999.00,0.00,0.0,0.4,4137
129.65,-7.969,-3.604,108.5,0.00,CLEAR(조향OFF)|STRAIGHT,,999.00,0.00,0.0,0.5,4137
129.70,-7.969,-3.604,108.5,0.00,CLEAR(조향OFF)|STRAIGHT,,999.00,0.00,0.0,0.5,4152
129.75,-7.969,-3.603,108.5,0.01,CLEAR(조향OFF)|STRAIGHT,,999.00,0.00,0.0,0.4,4137
129.80,-7.969,-3.603,108.5,0.01,CLEAR(조향OFF)|STRAIGHT,,999.00,0.00,0.0,0.4,4137
129.85,-7.969,-3.600,108.5,0.03,CLEAR(조향OFF)|STRAIGHT,,999.00,0.00,0.0,0.4,4152
129.90,-7.969,-3.600,108.5,0.03,CLEAR(조향OFF)|STRAIGHT,,999.00,0.00,0.0,0.4,4137
129.95,-7.970,-3.603,108.5,-0.04,CLEAR(조향OFF)|STRAIGHT,,999.00,0.00,0.0,0.4,4152
130.00,-7.970,-3.603,108.5,-0.04,CLEAR(조향OFF)|STRAIGHT,,999.00,0.00,0.0,0.4,4152
130.05,-7.970,-3.603,108.5,-0.04,CLEAR(조향OFF)|STRAIGHT,,999.00,0.00,0.0,0.4,4152
130.10,-7.972,-3.602,108.5,0.01,CLEAR(조향OFF)|STRAIGHT,,999.00,0.00,0.0,0.4,4137
130.15,-7.971,-3.601,108.5,0.02,CLEAR(조향OFF)|STRAIGHT,,999.00,0.00,0.0,0.5,4137
130.20,-7.971,-3.601,108.5,0.02,CLEAR(조향OFF)|STRAIGHT,,999.00,0.00,0.0,0.4,4137
130.25,-7.971,-3.602,108.5,-0.01,CLEAR(조향OFF)|STRAIGHT,,999.00,0.00,0.0,0.4,4137
130.30,-7.971,-3.602,108.5,-0.01,CLEAR(조향OFF)|STRAIGHT,,999.00,0.00,0.0,0.4,4167
130.35,-7.970,-3.599,108.5,0.02,CLEAR(조향OFF)|STRAIGHT,,999.00,0.00,0.0,0.5,4137
130.40,-7.970,-3.599,108.5,0.02,CLEAR(조향OFF)|STRAIGHT,,999.00,0.00,0.0,0.4,4137
130.45,-7.970,-3.601,108.5,-0.01,CLEAR(조향OFF)|STRAIGHT,,999.00,0.00,0.0,0.5,4152
130.50,-7.970,-3.601,108.5,-0.01,CLEAR(조향OFF)|STRAIGHT,,999.00,0.00,0.0,0.4,4137
130.55,-7.970,-3.600,108.5,0.01,CLEAR(조향OFF)|STRAIGHT,,999.00,0.00,0.0,0.4,4137
130.60,-7.970,-3.600,108.5,0.01,CLEAR(조향OFF)|STRAIGHT,,999.00,0.00,0.0,0.4,4137
130.65,-7.971,-3.599,108.5,0.01,CLEAR(조향OFF)|STRAIGHT,,999.00,0.00,0.0,0.4,4167
130.70,-7.971,-3.599,108.5,0.01,CLEAR(조향OFF)|STRAIGHT,,999.00,0.00,0.0,0.5,4137
130.75,-7.970,-3.601,108.5,-0.01,CLEAR(조향OFF)|STRAIGHT,,999.00,0.00,0.0,0.5,4152
130.80,-7.970,-3.601,108.5,-0.01,CLEAR(조향OFF)|STRAIGHT,,999.00,0.00,0.0,0.4,4152
130.85,-7.971,-3.600,108.5,0.01,CLEAR(조향OFF)|STRAIGHT,,999.00,0.00,0.0,0.4,4137
130.90,-7.971,-3.600,108.5,0.01,CLEAR(조향OFF)|STRAIGHT,,999.00,0.00,0.0,0.4,4152
130.95,-7.970,-3.601,108.5,-0.01,CLEAR(조향OFF)|STRAIGHT,,999.00,0.00,0.0,0.4,4152
131.00,-7.970,-3.601,108.4,-0.01,CLEAR(조향OFF)|STRAIGHT,,999.00,0.00,0.0,0.5,4152
131.05,-7.971,-3.601,108.4,0.00,CLEAR(조향OFF)|STRAIGHT,,999.00,0.00,0.0,0.5,4137
131.10,-7.971,-3.601,108.4,0.00,CLEAR(조향OFF)|STRAIGHT,,999.00,0.00,0.0,0.4,4137
131.15,-7.971,-3.600,108.4,0.01,CLEAR(조향OFF)|STRAIGHT,,999.00,0.00,0.0,0.5,4137
131.20,-7.971,-3.600,108.4,0.01,CLEAR(조향OFF)|STRAIGHT,,999.00,0.00,0.0,0.4,4152
131.25,-7.972,-3.599,108.4,0.01,CLEAR(조향OFF)|STRAIGHT,,999.00,0.00,0.0,0.4,4152
131.30,-7.972,-3.599,108.4,0.01,CLEAR(조향OFF)|STRAIGHT,,999.00,0.00,0.0,0.5,4137
131.35,-7.971,-3.603,108.4,-0.03,CLEAR(조향OFF)|STRAIGHT,,999.00,0.00,0.0,0.5,4137
131.40,-7.971,-3.603,108.4,-0.03,CLEAR(조향OFF)|STRAIGHT,,999.00,0.00,0.0,0.4,4152
131.45,-7.971,-3.603,108.4,-0.00,CLEAR(조향OFF)|STRAIGHT,,999.00,0.00,0.0,0.4,4167
131.50,-7.971,-3.603,108.4,-0.00,CLEAR(조향OFF)|STRAIGHT,,999.00,0.00,0.0,0.5,4137
131.55,-7.971,-3.602,108.4,0.01,CLEAR(조향OFF)|STRAIGHT,,999.00,0.00,0.0,0.4,4183
131.60,-7.971,-3.602,108.4,0.01,CLEAR(조향OFF)|STRAIGHT,,999.00,0.00,0.0,0.5,4152
131.65,-7.971,-3.602,108.4,-0.00,CLEAR(조향OFF)|STRAIGHT,,999.00,0.00,0.0,0.4,4152
131.70,-7.971,-3.602,108.4,-0.00,CLEAR(조향OFF)|STRAIGHT,,999.00,0.00,0.0,0.4,4152
131.75,-7.971,-3.602,108.4,0.00,CLEAR(조향OFF)|STRAIGHT,,999.00,0.00,0.0,0.4,4152
131.80,-7.971,-3.602,108.4,0.00,CLEAR(조향OFF)|STRAIGHT,,999.00,0.00,0.0,0.4,4137
131.85,-7.971,-3.602,108.4,0.00,CLEAR(조향OFF)|STRAIGHT,,999.00,0.00,0.0,0.4,4167
131.90,-7.971,-3.602,108.4,0.00,CLEAR(조향OFF)|STRAIGHT,,999.00,0.00,0.0,0.4,4137
131.95,-7.972,-3.602,108.4,0.00,CLEAR(조향OFF)|STRAIGHT,,999.00,0.00,0.0,0.4,4137
132.00,-7.972,-3.602,108.4,0.00,CLEAR(조향OFF)|STRAIGHT,,999.00,0.00,0.0,0.4,4152
132.05,-7.971,-3.601,108.4,-0.00,CLEAR(조향OFF)|STRAIGHT,,999.00,0.00,0.0,0.4,4152
132.10,-7.971,-3.601,108.4,-0.00,CLEAR(조향OFF)|STRAIGHT,,999.00,0.00,0.0,0.4,4137
132.15,-7.970,-3.603,108.4,-0.01,CLEAR(조향OFF)|STRAIGHT,,999.00,0.00,0.0,0.5,4152
132.20,-7.970,-3.603,108.4,-0.01,CLEAR(조향OFF)|STRAIGHT,,999.00,0.00,0.0,0.5,4137
132.25,-7.974,-3.602,108.4,0.01,CLEAR(조향OFF)|STRAIGHT,,999.00,0.00,0.0,0.4,4152
132.30,-7.974,-3.602,108.4,0.01,CLEAR(조향OFF)|STRAIGHT,,999.00,0.00,0.0,0.4,4152
132.35,-7.972,-3.601,108.4,0.00,CLEAR(조향OFF)|STRAIGHT,,999.00,0.00,0.0,0.4,4152
132.40,-7.972,-3.601,108.4,0.00,CLEAR(조향OFF)|STRAIGHT,,999.00,0.00,0.0,0.5,4137
132.45,-7.971,-3.601,108.4,0.00,CLEAR(조향OFF)|STRAIGHT,,999.00,0.00,0.0,0.5,4137
132.50,-7.971,-3.601,108.4,0.00,CLEAR(조향OFF)|STRAIGHT,,999.00,0.00,0.0,0.4,4152
132.55,-7.969,-3.600,108.4,-0.00,CLEAR(조향OFF)|STRAIGHT,,999.00,0.00,0.0,0.4,4137
132.60,-7.969,-3.600,108.4,-0.00,CLEAR(조향OFF)|STRAIGHT,,999.00,0.00,0.0,0.5,4152
132.65,-7.972,-3.602,108.4,-0.01,CLEAR(조향OFF)|STRAIGHT,,999.00,0.00,0.0,0.4,4137
132.70,-7.972,-3.602,108.4,-0.01,CLEAR(조향OFF)|STRAIGHT,,999.00,0.00,0.0,0.4,4137
132.75,-7.972,-3.599,108.4,0.02,CLEAR(조향OFF)|STRAIGHT,,999.00,0.00,0.0,0.4,4152
132.80,-7.972,-3.599,108.4,0.02,CLEAR(조향OFF)|STRAIGHT,,999.00,0.00,0.0,0.4,4152
132.85,-7.972,-3.604,108.4,-0.05,CLEAR(조향OFF)|STRAIGHT,,999.00,0.00,0.0,0.4,4152
132.90,-7.972,-3.604,108.4,-0.05,CLEAR(조향OFF)|STRAIGHT,,999.00,0.00,0.0,0.5,4137
132.95,-7.967,-3.600,108.4,0.02,CLEAR(조향OFF)|STRAIGHT,,999.00,0.00,0.0,0.4,4137
133.00,-7.967,-3.600,108.4,0.02,CLEAR(조향OFF)|STRAIGHT,,999.00,0.00,0.0,0.4,4152
133.05,-7.972,-3.597,108.4,0.05,CLEAR(조향OFF)|STRAIGHT,,999.00,0.00,0.0,0.4,4152
133.10,-7.972,-3.597,108.4,0.05,CLEAR(조향OFF)|STRAIGHT,,999.00,0.00,0.0,0.4,4152
133.15,-7.971,-3.600,108.4,-0.03,CLEAR(조향OFF)|STRAIGHT,,999.00,0.00,0.0,0.4,4167
133.20,-7.971,-3.600,108.4,-0.03,CLEAR(조향OFF)|STRAIGHT,,999.00,0.00,0.0,0.5,4137
133.25,-7.972,-3.600,108.4,-0.00,CLEAR(조향OFF)|STRAIGHT,,999.00,0.00,0.0,0.4,4137
133.30,-7.972,-3.600,108.3,-0.00,CLEAR(조향OFF)|STRAIGHT,,999.00,0.00,0.0,0.4,4152
133.35,-7.971,-3.601,108.3,-0.01,CLEAR(조향OFF)|STRAIGHT,,999.00,0.00,0.0,0.5,4137
133.40,-7.971,-3.601,108.3,-0.01,CLEAR(조향OFF)|STRAIGHT,,999.00,0.00,0.0,0.4,4137
133.45,-7.971,-3.600,108.3,0.01,CLEAR(조향OFF)|STRAIGHT,,999.00,0.00,0.0,0.5,4152
133.50,-7.971,-3.600,108.3,0.01,CLEAR(조향OFF)|STRAIGHT,,999.00,0.00,0.0,0.5,4152
133.55,-7.971,-3.600,108.4,0.01,CLEAR(조향OFF)|STRAIGHT,,999.00,0.00,0.0,0.4,4137
133.60,-7.971,-3.600,108.4,0.01,CLEAR(조향OFF)|STRAIGHT,,999.00,0.00,0.0,0.5,4152
133.65,-7.970,-3.603,108.3,-0.03,CLEAR(조향OFF)|STRAIGHT,,999.00,0.00,0.0,0.4,4152
133.70,-7.970,-3.603,108.3,-0.03,CLEAR(조향OFF)|STRAIGHT,,999.00,0.00,0.0,0.5,4152
133.75,-7.970,-3.603,108.3,-0.00,CLEAR(조향OFF)|STRAIGHT,,999.00,0.00,0.0,0.4,4152
133.80,-7.970,-3.603,108.3,-0.00,CLEAR(조향OFF)|STRAIGHT,,999.00,0.00,0.0,0.5,4152
133.85,-7.970,-3.602,108.3,0.01,CLEAR(조향OFF)|STRAIGHT,,999.00,0.00,0.0,0.5,4152
133.90,-7.970,-3.602,108.3,0.01,CLEAR(조향OFF)|STRAIGHT,,999.00,0.00,0.0,0.4,4137
133.95,-7.969,-3.603,108.3,-0.01,CLEAR(조향OFF)|STRAIGHT,,999.00,0.00,0.0,0.4,4137
134.00,-7.969,-3.603,108.3,-0.01,CLEAR(조향OFF)|STRAIGHT,,999.00,0.00,0.0,0.4,4137
134.05,-7.971,-3.604,108.3,0.00,CLEAR(조향OFF)|STRAIGHT,,999.00,0.00,0.0,0.4,4137
134.10,-7.971,-3.604,108.3,0.00,CLEAR(조향OFF)|STRAIGHT,,999.00,0.00,0.0,0.4,4167
134.15,-7.969,-3.602,108.3,0.00,CLEAR(조향OFF)|STRAIGHT,,999.00,0.00,0.0,0.4,4033
134.20,-7.969,-3.602,108.3,0.00,CLEAR(조향OFF)|STRAIGHT,,999.00,0.00,0.0,0.5,4137
134.25,-7.971,-3.603,108.3,-0.00,CLEAR(조향OFF)|STRAIGHT,,999.00,0.00,0.0,0.4,4137
134.30,-7.971,-3.603,108.3,-0.00,CLEAR(조향OFF)|STRAIGHT,,999.00,0.00,0.0,0.4,4152
134.35,-7.972,-3.603,108.3,0.00,CLEAR(조향OFF)|STRAIGHT,,999.00,0.00,0.0,0.4,4137
134.40,-7.972,-3.603,108.3,0.00,CLEAR(조향OFF)|STRAIGHT,,999.00,0.00,0.0,0.5,4137
134.45,-7.970,-3.604,108.3,-0.01,CLEAR(조향OFF)|STRAIGHT,,999.00,0.00,0.0,0.4,4137
134.50,-7.970,-3.604,108.3,-0.01,CLEAR(조향OFF)|STRAIGHT,,999.00,0.00,0.0,0.4,4137
134.55,-7.972,-3.604,108.3,0.01,CLEAR(조향OFF)|STRAIGHT,,999.00,0.00,0.0,0.4,4152
134.60,-7.972,-3.604,108.3,0.01,CLEAR(조향OFF)|STRAIGHT,,999.00,0.00,0.0,0.5,4137
134.65,-7.973,-3.602,108.3,0.02,CLEAR(조향OFF)|STRAIGHT,,999.00,0.00,0.0,0.5,4152
134.70,-7.973,-3.602,108.3,0.02,CLEAR(조향OFF)|STRAIGHT,,999.00,0.00,0.0,0.5,4137
134.75,-7.971,-3.600,108.3,0.01,CLEAR(조향OFF)|STRAIGHT,,999.00,0.00,0.0,0.5,4137
134.80,-7.971,-3.600,108.3,0.01,CLEAR(조향OFF)|STRAIGHT,,999.00,0.00,0.0,0.4,4137
134.85,-7.973,-3.603,108.3,-0.02,CLEAR(조향OFF)|STRAIGHT,,999.00,0.00,0.0,0.5,4137
134.90,-7.973,-3.603,108.3,-0.02,CLEAR(조향OFF)|STRAIGHT,,999.00,0.00,0.0,0.4,4137
134.95,-7.972,-3.600,108.3,0.03,CLEAR(조향OFF)|STRAIGHT,,999.00,0.00,0.0,0.4,4152
135.00,-7.972,-3.600,108.3,0.03,CLEAR(조향OFF)|STRAIGHT,,999.00,0.00,0.0,0.5,4137
135.05,-7.971,-3.602,108.3,-0.02,CLEAR(조향OFF)|STRAIGHT,,999.00,0.00,0.0,0.4,4137
135.10,-7.971,-3.602,108.3,-0.02,CLEAR(조향OFF)|STRAIGHT,,999.00,0.00,0.0,0.4,4152
135.15,-7.971,-3.603,108.3,-0.01,CLEAR(조향OFF)|STRAIGHT,,999.00,0.00,0.0,0.5,4137
135.20,-7.971,-3.603,108.3,-0.01,CLEAR(조향OFF)|STRAIGHT,,999.00,0.00,0.0,0.5,4137
135.25,-7.972,-3.603,108.3,0.01,CLEAR(조향OFF)|STRAIGHT,,999.00,0.00,0.0,0.5,4137
135.30,-7.972,-3.603,108.3,0.01,CLEAR(조향OFF)|STRAIGHT,,999.00,0.00,0.0,0.5,4137
135.35,-7.971,-3.600,108.3,0.02,CLEAR(조향OFF)|STRAIGHT,,999.00,0.00,0.0,0.4,4137
135.40,-7.971,-3.600,108.3,0.02,CLEAR(조향OFF)|STRAIGHT,,999.00,0.00,0.0,0.4,4137
135.45,-7.970,-3.600,108.3,-0.00,CLEAR(조향OFF)|STRAIGHT,,999.00,0.00,0.0,0.4,4152
135.50,-7.970,-3.600,108.3,-0.00,CLEAR(조향OFF)|STRAIGHT,,999.00,0.00,0.0,0.4,4137
135.55,-7.972,-3.600,108.3,0.01,CLEAR(조향OFF)|STRAIGHT,,999.00,0.00,0.0,0.4,4137
135.60,-7.972,-3.600,108.3,0.01,CLEAR(조향OFF)|STRAIGHT,,999.00,0.00,0.0,0.4,4152
135.65,-7.972,-3.601,108.3,-0.01,CLEAR(조향OFF)|STRAIGHT,,999.00,0.00,0.0,0.4,4137
135.70,-7.972,-3.601,108.3,-0.01,CLEAR(조향OFF)|STRAIGHT,,999.00,0.00,0.0,0.5,4137
135.75,-7.972,-3.602,108.3,-0.01,CLEAR(조향OFF)|STRAIGHT,,999.00,0.00,0.0,0.4,4137
135.80,-7.972,-3.602,108.3,-0.01,CLEAR(조향OFF)|STRAIGHT,,999.00,0.00,0.0,0.4,4137
135.85,-7.973,-3.601,108.3,0.02,CLEAR(조향OFF)|STRAIGHT,,999.00,0.00,0.0,0.4,4137
135.90,-7.973,-3.601,108.3,0.02,CLEAR(조향OFF)|STRAIGHT,,999.00,0.00,0.0,0.4,4137
