[INFO] [launch]: All log files can be found below /home/han/.ros/log/2026-09-15-00-20-01-161826-han-ASUS-TUF-Gaming-A16-FA607PI-FA607PI-198392
[INFO] [launch]: Default logging verbosity is set to INFO
[bringup] 정지지점 원점 환산: (477800.0, 3964400.0) → (399848.522, 4092209.171)
[bringup] 정지지점 1개 로드: /home/han/stop_points.yaml
[control] ⚠ xterm 이 없다. teleop:=true 는 키 입력을 못 받는다.
[control]   별도 터미널에서 실행할 것: ros2 run velocity_controller teleop_keyboard
[control] ⚠ xterm 이 없다. teleop:=true 는 키 입력을 못 받는다.
[control]   별도 터미널에서 실행할 것: ros2 run velocity_controller teleop_keyboard
[INFO] [ublox_dgnss_node-1]: process started with pid [198394]
[INFO] [ublox_nav_sat_fix_hp-2]: process started with pid [198396]
[INFO] [vrs_ntrip_client-3]: process started with pid [198398]
[INFO] [hfi_a9_ros2-4]: process started with pid [198400]
[INFO] [heading_init_node-5]: process started with pid [198402]
[INFO] [direct_localization_node-6]: process started with pid [198404]
[INFO] [global_path_publisher-7]: process started with pid [198406]
[INFO] [local_sliding_window_node-8]: process started with pid [198408]
[INFO] [local_pure_pursuit_node-9]: process started with pid [198410]
[INFO] [longitudinal_controller-10]: process started with pid [198412]
[INFO] [vehicle_cmd_mux-11]: process started with pid [198414]
[INFO] [serial_bridge-12]: process started with pid [198416]
[INFO] [cluster_plot_node-13]: process started with pid [198418]
[INFO] [sudden_stop_node-14]: process started with pid [198420]
[INFO] [mission_sequencer-15]: process started with pid [198422]
[INFO] [rviz2-16]: process started with pid [198424]
[ublox_nav_sat_fix_hp-2] [INFO] [1789399201.241952542] [ublox_nav_sat_fix_hp]: starting ublox_nav_sat_fix_hp
[ublox_dgnss_node-1] [INFO] [1789399201.242256528] [ublox_dgnss]: starting ublox_dgnss
[ublox_dgnss_node-1] [INFO] [1789399201.244177532] [ublox_dgnss]: Device family: F9P - High-precision GNSS (Product IDs: [0x01a9], Reliable iSerial: NO)
[ublox_dgnss_node-1] [INFO] [1789399201.244231663] [ublox_dgnss]: Parameter DEVICE_SERIAL_STRING not found, will use first F9P device.
[ublox_dgnss_node-1] [INFO] [1789399201.244266398] [ublox_dgnss]: Parameter FRAME_ID found with value: gps
[ublox_dgnss_node-1] [INFO] [1789399201.244272629] [ublox_dgnss]: ParameterManager initialized
[ublox_dgnss_node-1] [INFO] [1789399201.244421466] [ublox_dgnss]: Loading default UBX config for F9P: /opt/ros/humble/share/ublox_dgnss/config/f9p_ubx_config.toml
[ublox_dgnss_node-1] [INFO] [1789399201.244582345] [ublox_dgnss]: Loaded 127 parameters from F9P TOML
[ublox_dgnss_node-1] [INFO] [1789399201.244638109] [ublox_dgnss]: Loaded 127 UBX config items
[ublox_dgnss_node-1] [INFO] [1789399201.244646715] [ublox_dgnss]: parameter supplied: CFG_MSGOUT_UBX_NAV_COV_USB
[ublox_dgnss_node-1] [INFO] [1789399201.244656253] [ublox_dgnss]: parameter supplied: CFG_MSGOUT_UBX_NAV_HPPOSLLH_USB
[ublox_dgnss_node-1] [INFO] [1789399201.244659990] [ublox_dgnss]: parameter supplied: CFG_MSGOUT_UBX_NAV_STATUS_USB
[ublox_dgnss_node-1] [INFO] [1789399201.244663306] [ublox_dgnss]: parameter supplied: CFG_MSGOUT_UBX_RXM_RTCM_USB
[ublox_dgnss_node-1] [INFO] [1789399201.244666642] [ublox_dgnss]: parameter supplied: CFG_NAVHPG_DGNSSMODE
[ublox_dgnss_node-1] [INFO] [1789399201.244669969] [ublox_dgnss]: parameter supplied: CFG_NAVSPG_DYNMODEL
[ublox_dgnss_node-1] [INFO] [1789399201.244673565] [ublox_dgnss]: parameter supplied: CFG_RATE_MEAS
[ublox_dgnss_node-1] [INFO] [1789399201.244676931] [ublox_dgnss]: parameter supplied: CFG_RATE_NAV
[ublox_dgnss_node-1] [INFO] [1789399201.244680318] [ublox_dgnss]: parameter supplied: CFG_SIGNAL_BDS_ENA
[ublox_dgnss_node-1] [INFO] [1789399201.244685137] [ublox_dgnss]: parameter supplied: CFG_SIGNAL_GAL_ENA
[ublox_dgnss_node-1] [INFO] [1789399201.244688343] [ublox_dgnss]: parameter supplied: CFG_SIGNAL_GLO_ENA
[ublox_dgnss_node-1] [INFO] [1789399201.244691619] [ublox_dgnss]: parameter supplied: CFG_SIGNAL_GPS_ENA
[ublox_dgnss_node-1] [INFO] [1789399201.244694875] [ublox_dgnss]: parameter supplied: CFG_SIGNAL_QZSS_ENA
[ublox_dgnss_node-1] [INFO] [1789399201.244698151] [ublox_dgnss]: parameter supplied: CFG_USBOUTPROT_NMEA
[ublox_dgnss_node-1] [INFO] [1789399201.253690733] [ublox_dgnss]: input param ESF_MEAS_INPUT_ENABLED: true
[ublox_dgnss_node-1] [INFO] [1789399201.253727481] [ublox_dgnss]: input param RTCM_INPUT_ENABLED: true
[ublox_dgnss_node-1] [INFO] [1789399201.253924177] [ublox_dgnss]: input param RXM_PMP_INPUT_ENABLED: false
[ublox_dgnss_node-1] [INFO] [1789399201.253948913] [ublox_dgnss]: input param RXM_QZSSL6_INPUT_ENABLED: false
[ublox_dgnss_node-1] [INFO] [1789399201.253965564] [ublox_dgnss]: input param RXM_SPARTNKEY_INPUT_ENABLED: false
[ublox_dgnss_node-1] [INFO] [1789399201.253982015] [ublox_dgnss]: parameter set CFG_INFMSG_NMEA_USB: 0
[ublox_dgnss_node-1] [INFO] [1789399201.253997023] [ublox_dgnss]: parameter set CFG_INFMSG_UBX_USB: 0
[ublox_dgnss_node-1] [INFO] [1789399201.254010989] [ublox_dgnss]: parameter set CFG_MSGOUT_RTCM_3X_TYPE1005_USB: 0
[ublox_dgnss_node-1] [INFO] [1789399201.254024324] [ublox_dgnss]: parameter set CFG_MSGOUT_RTCM_3X_TYPE1074_UART2: 0
[ublox_dgnss_node-1] [INFO] [1789399201.254038229] [ublox_dgnss]: parameter set CFG_MSGOUT_RTCM_3X_TYPE1077_USB: 0
[ublox_dgnss_node-1] [INFO] [1789399201.254053177] [ublox_dgnss]: parameter set CFG_MSGOUT_RTCM_3X_TYPE1084_UART2: 0
[ublox_dgnss_node-1] [INFO] [1789399201.254066983] [ublox_dgnss]: parameter set CFG_MSGOUT_RTCM_3X_TYPE1087_USB: 0
[ublox_dgnss_node-1] [INFO] [1789399201.254087882] [ublox_dgnss]: parameter set CFG_MSGOUT_RTCM_3X_TYPE1094_UART2: 0
[ublox_dgnss_node-1] [INFO] [1789399201.254102058] [ublox_dgnss]: parameter set CFG_MSGOUT_RTCM_3X_TYPE1097_USB: 0
[ublox_dgnss_node-1] [INFO] [1789399201.254115784] [ublox_dgnss]: parameter set CFG_MSGOUT_RTCM_3X_TYPE1124_UART2: 0
[ublox_dgnss_node-1] [INFO] [1789399201.254132405] [ublox_dgnss]: parameter set CFG_MSGOUT_RTCM_3X_TYPE1127_USB: 0
[ublox_dgnss_node-1] [INFO] [1789399201.254149286] [ublox_dgnss]: parameter set CFG_MSGOUT_RTCM_3X_TYPE1230_UART2: 0
[ublox_dgnss_node-1] [INFO] [1789399201.254161369] [ublox_dgnss]: parameter set CFG_MSGOUT_RTCM_3X_TYPE1230_USB: 0
[ublox_dgnss_node-1] [INFO] [1789399201.254173171] [ublox_dgnss]: parameter set CFG_MSGOUT_RTCM_3X_TYPE4072_0_UART2: 0
[ublox_dgnss_node-1] [INFO] [1789399201.254186836] [ublox_dgnss]: parameter set CFG_MSGOUT_RTCM_3X_TYPE4072_0_USB: 0
[ublox_dgnss_node-1] [INFO] [1789399201.254200561] [ublox_dgnss]: parameter set CFG_MSGOUT_UBX_MON_COMMS_USB: 0
[ublox_dgnss_node-1] [INFO] [1789399201.254213195] [ublox_dgnss]: parameter set CFG_MSGOUT_UBX_NAV_CLOCK_USB: 0
[ublox_dgnss_node-1] [INFO] [1789399201.254228544] [ublox_dgnss]: parameter set CFG_MSGOUT_UBX_NAV_COV_UART1: 0
[ublox_dgnss_node-1] [INFO] [1789399201.254247769] [ublox_dgnss]: parameter set CFG_MSGOUT_UBX_NAV_COV_UART2: 0
[ublox_dgnss_node-1] [INFO] [1789399201.254282314] [ublox_dgnss]: parameter set CFG_MSGOUT_UBX_NAV_DOP_USB: 0
[ublox_dgnss_node-1] [INFO] [1789399201.254294877] [ublox_dgnss]: parameter set CFG_MSGOUT_UBX_NAV_EOE_USB: 0
[ublox_dgnss_node-1] [INFO] [1789399201.254307360] [ublox_dgnss]: parameter set CFG_MSGOUT_UBX_NAV_HPPOSECEF_USB: 0
[ublox_dgnss_node-1] [INFO] [1789399201.254320064] [ublox_dgnss]: parameter set CFG_MSGOUT_UBX_NAV_HPPOSLLH_UART1: 0
[ublox_dgnss_node-1] [INFO] [1789399201.254333419] [ublox_dgnss]: parameter set CFG_MSGOUT_UBX_NAV_HPPOSLLH_UART2: 0
[ublox_dgnss_node-1] [INFO] [1789399201.254354177] [ublox_dgnss]: parameter set CFG_MSGOUT_UBX_NAV_ODO_USB: 0
[ublox_dgnss_node-1] [INFO] [1789399201.254374625] [ublox_dgnss]: parameter set CFG_MSGOUT_UBX_NAV_ORB_USB: 0
[ublox_dgnss_node-1] [INFO] [1789399201.254393080] [ublox_dgnss]: parameter set CFG_MSGOUT_UBX_NAV_POSECEF_USB: 0
[ublox_dgnss_node-1] [INFO] [1789399201.254410232] [ublox_dgnss]: parameter set CFG_MSGOUT_UBX_NAV_POSLLH_USB: 0
[ublox_dgnss_node-1] [INFO] [1789399201.254428225] [ublox_dgnss]: parameter set CFG_MSGOUT_UBX_NAV_PVT_USB: 0
[ublox_dgnss_node-1] [INFO] [1789399201.254445708] [ublox_dgnss]: parameter set CFG_MSGOUT_UBX_NAV_RELPOSNED_USB: 0
[ublox_dgnss_node-1] [INFO] [1789399201.254463681] [ublox_dgnss]: parameter set CFG_MSGOUT_UBX_NAV_SAT_USB: 0
[ublox_dgnss_node-1] [INFO] [1789399201.254490781] [ublox_dgnss]: parameter set CFG_MSGOUT_UBX_NAV_SIG_USB: 0
[ublox_dgnss_node-1] [INFO] [1789399201.254513003] [ublox_dgnss]: parameter set CFG_MSGOUT_UBX_NAV_STATUS_UART1: 0
[ublox_dgnss_node-1] [INFO] [1789399201.254533511] [ublox_dgnss]: parameter set CFG_MSGOUT_UBX_NAV_STATUS_UART2: 0
[ublox_dgnss_node-1] [INFO] [1789399201.254551224] [ublox_dgnss]: parameter set CFG_MSGOUT_UBX_NAV_SVIN_USB: 0
[ublox_dgnss_node-1] [INFO] [1789399201.254569578] [ublox_dgnss]: parameter set CFG_MSGOUT_UBX_NAV_TIMEUTC_USB: 0
[ublox_dgnss_node-1] [INFO] [1789399201.254589605] [ublox_dgnss]: parameter set CFG_MSGOUT_UBX_NAV_VELECEF_USB: 0
[ublox_dgnss_node-1] [INFO] [1789399201.254611246] [ublox_dgnss]: parameter set CFG_MSGOUT_UBX_NAV_VELNED_USB: 0
[ublox_dgnss_node-1] [INFO] [1789399201.254628939] [ublox_dgnss]: parameter set CFG_MSGOUT_UBX_RXM_COR_UART1: 0
[ublox_dgnss_node-1] [INFO] [1789399201.254645429] [ublox_dgnss]: parameter set CFG_MSGOUT_UBX_RXM_COR_UART2: 0
[ublox_dgnss_node-1] [INFO] [1789399201.254662020] [ublox_dgnss]: parameter set CFG_MSGOUT_UBX_RXM_COR_USB: 0
[ublox_dgnss_node-1] [INFO] [1789399201.254678871] [ublox_dgnss]: parameter set CFG_MSGOUT_UBX_RXM_MEASX_USB: 0
[ublox_dgnss_node-1] [INFO] [1789399201.254695823] [ublox_dgnss]: parameter set CFG_MSGOUT_UBX_RXM_RAWX_USB: 0
[ublox_dgnss_node-1] [INFO] [1789399201.254713376] [ublox_dgnss]: parameter set CFG_MSGOUT_UBX_RXM_SFRBX_USB: 0
[ublox_dgnss_node-1] [INFO] [1789399201.254729726] [ublox_dgnss]: parameter set CFG_MSGOUT_UBX_RXM_SPARTN_USB: 0
[ublox_dgnss_node-1] [INFO] [1789399201.254746267] [ublox_dgnss]: parameter set CFG_MSGOUT_UBX_SEC_SIGLOG_USB: 0
[ublox_dgnss_node-1] [INFO] [1789399201.254765192] [ublox_dgnss]: parameter set CFG_MSGOUT_UBX_SEC_SIG_USB: 0
[ublox_dgnss_node-1] [INFO] [1789399201.254783216] [ublox_dgnss]: parameter set CFG_NAVSPG_FIXMODE: 0
[ublox_dgnss_node-1] [INFO] [1789399201.254800087] [ublox_dgnss]: parameter set CFG_NAVSPG_INIFIX3D: false
[ublox_dgnss_node-1] [INFO] [1789399201.254816798] [ublox_dgnss]: parameter set CFG_NAVSPG_UTCSTANDARD: 0
[ublox_dgnss_node-1] [INFO] [1789399201.254833389] [ublox_dgnss]: parameter set CFG_ODO_COGLPGAIN: 0
[ublox_dgnss_node-1] [INFO] [1789399201.254850922] [ublox_dgnss]: parameter set CFG_ODO_COGMAXPOSACC: 0
[ublox_dgnss_node-1] [INFO] [1789399201.254867673] [ublox_dgnss]: parameter set CFG_ODO_COGMAXSPEED: 0
[ublox_dgnss_node-1] [INFO] [1789399201.254884584] [ublox_dgnss]: parameter set CFG_ODO_OUTLPCOG: false
[ublox_dgnss_node-1] [INFO] [1789399201.254903379] [ublox_dgnss]: parameter set CFG_ODO_OUTLPVEL: false
[ublox_dgnss_node-1] [INFO] [1789399201.254921373] [ublox_dgnss]: parameter set CFG_ODO_PROFILE: 0
[ublox_dgnss_node-1] [INFO] [1789399201.254943323] [ublox_dgnss]: parameter set CFG_ODO_USE_COG: false
[ublox_dgnss_node-1] [INFO] [1789399201.254960515] [ublox_dgnss]: parameter set CFG_ODO_USE_ODO: false
[ublox_dgnss_node-1] [INFO] [1789399201.254977728] [ublox_dgnss]: parameter set CFG_ODO_VELLPGAIN: 0
[ublox_dgnss_node-1] [INFO] [1789399201.254995881] [ublox_dgnss]: parameter set CFG_RATE_TIMEREF: 0
[ublox_dgnss_node-1] [INFO] [1789399201.255014376] [ublox_dgnss]: parameter set CFG_SEC_JAMDET_SENSITIVITY_HI: false
[ublox_dgnss_node-1] [INFO] [1789399201.255031468] [ublox_dgnss]: parameter set CFG_SEC_SPOOFDET_SIM_SIG_DIS: false
[ublox_dgnss_node-1] [INFO] [1789399201.255050172] [ublox_dgnss]: parameter set CFG_SIGNAL_BDS_B1_ENA: false
[ublox_dgnss_node-1] [INFO] [1789399201.255067234] [ublox_dgnss]: parameter set CFG_SIGNAL_BDS_B2_ENA: false
[ublox_dgnss_node-1] [INFO] [1789399201.255084346] [ublox_dgnss]: parameter set CFG_SIGNAL_GAL_E1_ENA: false
[ublox_dgnss_node-1] [INFO] [1789399201.255111146] [ublox_dgnss]: parameter set CFG_SIGNAL_GAL_E5B_ENA: false
[ublox_dgnss_node-1] [INFO] [1789399201.255131724] [ublox_dgnss]: parameter set CFG_SIGNAL_GLO_L1_ENA: false
[ublox_dgnss_node-1] [INFO] [1789399201.255154006] [ublox_dgnss]: parameter set CFG_SIGNAL_GLO_L2_ENA: false
[ublox_dgnss_node-1] [INFO] [1789399201.255171538] [ublox_dgnss]: parameter set CFG_SIGNAL_GPS_L1CA_ENA: false
[ublox_dgnss_node-1] [INFO] [1789399201.255188159] [ublox_dgnss]: parameter set CFG_SIGNAL_GPS_L2C_ENA: false
[ublox_dgnss_node-1] [INFO] [1789399201.255204630] [ublox_dgnss]: parameter set CFG_SIGNAL_QZSS_L1CA_ENA: false
[ublox_dgnss_node-1] [INFO] [1789399201.255221531] [ublox_dgnss]: parameter set CFG_SIGNAL_QZSS_L1S_ENA: false
[ublox_dgnss_node-1] [INFO] [1789399201.255242550] [ublox_dgnss]: parameter set CFG_SIGNAL_QZSS_L2C_ENA: false
[ublox_dgnss_node-1] [INFO] [1789399201.255259682] [ublox_dgnss]: parameter set CFG_SIGNAL_SBAS_ENA: false
[ublox_dgnss_node-1] [INFO] [1789399201.255276714] [ublox_dgnss]: parameter set CFG_SIGNAL_SBAS_L1CA_ENA: false
[ublox_dgnss_node-1] [INFO] [1789399201.255298665] [ublox_dgnss]: parameter set CFG_SPARTN_USE_SOURCE: 0
[ublox_dgnss_node-1] [INFO] [1789399201.255324433] [ublox_dgnss]: parameter set CFG_TMODE_ECEF_X: 0
[ublox_dgnss_node-1] [INFO] [1789399201.255370118] [ublox_dgnss]: parameter set CFG_TMODE_ECEF_X_HP: 0
[ublox_dgnss_node-1] [INFO] [1789399201.255389464] [ublox_dgnss]: parameter set CFG_TMODE_ECEF_Y: 0
[ublox_dgnss_node-1] [INFO] [1789399201.255412647] [ublox_dgnss]: parameter set CFG_TMODE_ECEF_Y_HP: 0
[ublox_dgnss_node-1] [INFO] [1789399201.255438535] [ublox_dgnss]: parameter set CFG_TMODE_ECEF_Z: 0
[ublox_dgnss_node-1] [INFO] [1789399201.255464323] [ublox_dgnss]: parameter set CFG_TMODE_ECEF_Z_HP: 0
[ublox_dgnss_node-1] [INFO] [1789399201.255484050] [ublox_dgnss]: parameter set CFG_TMODE_FIXED_POS_ACC: 0
[ublox_dgnss_node-1] [INFO] [1789399201.255506461] [ublox_dgnss]: parameter set CFG_TMODE_HEIGHT: 0
[ublox_dgnss_node-1] [INFO] [1789399201.255528092] [ublox_dgnss]: parameter set CFG_TMODE_HEIGHT_HP: 0
[ublox_dgnss_node-1] [INFO] [1789399201.255546215] [ublox_dgnss]: parameter set CFG_TMODE_LAT: 0
[ublox_dgnss_node-1] [INFO] [1789399201.255563357] [ublox_dgnss]: parameter set CFG_TMODE_LAT_HP: 0
[ublox_dgnss_node-1] [INFO] [1789399201.255586360] [ublox_dgnss]: parameter set CFG_TMODE_LON: 0
[ublox_dgnss_node-1] [INFO] [1789399201.255611156] [ublox_dgnss]: parameter set CFG_TMODE_LON_HP: 0
[ublox_dgnss_node-1] [INFO] [1789399201.255628268] [ublox_dgnss]: parameter set CFG_TMODE_MODE: 0
[ublox_dgnss_node-1] [INFO] [1789399201.255646482] [ublox_dgnss]: parameter set CFG_TMODE_POS_TYPE: 0
[ublox_dgnss_node-1] [INFO] [1789399201.255664215] [ublox_dgnss]: parameter set CFG_TMODE_SVIN_ACC_LIMIT: 0
[ublox_dgnss_node-1] [INFO] [1789399201.255681417] [ublox_dgnss]: parameter set CFG_TMODE_SVIN_MIN_DUR: 0
[ublox_dgnss_node-1] [INFO] [1789399201.255698689] [ublox_dgnss]: parameter set CFG_UART1INPROT_NMEA: false
[ublox_dgnss_node-1] [INFO] [1789399201.255715991] [ublox_dgnss]: parameter set CFG_UART1INPROT_RTCM3X: false
[ublox_dgnss_node-1] [INFO] [1789399201.255733754] [ublox_dgnss]: parameter set CFG_UART1INPROT_SPARTN: false
[ublox_dgnss_node-1] [INFO] [1789399201.255752960] [ublox_dgnss]: parameter set CFG_UART1INPROT_UBX: false
[ublox_dgnss_node-1] [INFO] [1789399201.255769972] [ublox_dgnss]: parameter set CFG_UART1OUTPROT_NMEA: false
[ublox_dgnss_node-1] [INFO] [1789399201.255787264] [ublox_dgnss]: parameter set CFG_UART1OUTPROT_RTCM3X: false
[ublox_dgnss_node-1] [INFO] [1789399201.255804245] [ublox_dgnss]: parameter set CFG_UART1OUTPROT_UBX: false
[ublox_dgnss_node-1] [INFO] [1789399201.255821427] [ublox_dgnss]: parameter set CFG_UART2INPROT_NMEA: false
[ublox_dgnss_node-1] [INFO] [1789399201.255841455] [ublox_dgnss]: parameter set CFG_UART2INPROT_RTCM3X: false
[ublox_dgnss_node-1] [INFO] [1789399201.255859628] [ublox_dgnss]: parameter set CFG_UART2INPROT_SPARTN: false
[ublox_dgnss_node-1] [INFO] [1789399201.255877933] [ublox_dgnss]: parameter set CFG_UART2INPROT_UBX: false
[ublox_dgnss_node-1] [INFO] [1789399201.255895415] [ublox_dgnss]: parameter set CFG_UART2OUTPROT_NMEA: false
[ublox_dgnss_node-1] [INFO] [1789399201.255912908] [ublox_dgnss]: parameter set CFG_UART2OUTPROT_RTCM3X: false
[ublox_dgnss_node-1] [INFO] [1789399201.255930350] [ublox_dgnss]: parameter set CFG_UART2OUTPROT_UBX: false
[ublox_dgnss_node-1] [INFO] [1789399201.255947422] [ublox_dgnss]: parameter set CFG_UART2_BAUDRATE: 0
[ublox_dgnss_node-1] [INFO] [1789399201.255964313] [ublox_dgnss]: parameter set CFG_USBINPROT_NMEA: false
[ublox_dgnss_node-1] [INFO] [1789399201.255985162] [ublox_dgnss]: parameter set CFG_USBINPROT_RTCM3X: false
[ublox_dgnss_node-1] [INFO] [1789399201.256003135] [ublox_dgnss]: parameter set CFG_USBINPROT_UBX: false
[ublox_dgnss_node-1] [INFO] [1789399201.256027100] [ublox_dgnss]: parameter set CFG_USBOUTPROT_RTCM3X: false
[ublox_dgnss_node-1] [INFO] [1789399201.256045885] [ublox_dgnss]: parameter set CFG_USBOUTPROT_UBX: false
[ublox_dgnss_node-1] [INFO] [1789399201.263727668] [ublox_dgnss]: Starting USB initialization
[ublox_dgnss_node-1] [INFO] [1789399201.270653024] [ublox_dgnss]: Initial device connection completed
[ublox_dgnss_node-1] [INFO] [1789399201.270782404] [ublox_dgnss]: usb vendor_id: 0x1546 product_id: 0x01a9 serial_str:  bus: 001 address: 114 port_number: 3 speed: SPEED_FULL (12 MBit/s) num_interfaces: 2 ep_data out: 0x01 in: 0x82 ep_comms in: 0x83
[ublox_dgnss_node-1] [INFO] [1789399201.270792774] [ublox_dgnss]: ublox_dgnss_init_async start
[ublox_dgnss_node-1] [INFO] [1789399201.270809134] [ublox_dgnss]: Sending user parameters to device
[ublox_dgnss_node-1] [INFO] [1789399201.270918888] [ublox_dgnss]: Sent 14 user parameters to device
[ublox_dgnss_node-1] [INFO] [1789399201.270927605] [ublox_dgnss]: Fetching configuration parameter values from device
[ublox_dgnss_node-1] [INFO] [1789399201.270942402] [ublox_dgnss]: cfg_val_get_poll_async_all_layers ... CFG_INFMSG_NMEA_USB CFG_INFMSG_UBX_USB CFG_MSGOUT_RTCM_3X_TYPE1005_USB CFG_MSGOUT_RTCM_3X_TYPE1074_UART2 CFG_MSGOUT_RTCM_3X_TYPE1077_USB CFG_MSGOUT_RTCM_3X_TYPE1084_UART2 CFG_MSGOUT_RTCM_3X_TYPE1087_USB CFG_MSGOUT_RTCM_3X_TYPE1094_UART2 CFG_MSGOUT_RTCM_3X_TYPE1097_USB CFG_MSGOUT_RTCM_3X_TYPE1124_UART2 
[ublox_dgnss_node-1] [INFO] [1789399201.270964774] [ublox_dgnss]: cfg_val_get_poll_async_all_layers ... CFG_MSGOUT_RTCM_3X_TYPE1127_USB CFG_MSGOUT_RTCM_3X_TYPE1230_UART2 CFG_MSGOUT_RTCM_3X_TYPE1230_USB CFG_MSGOUT_RTCM_3X_TYPE4072_0_UART2 CFG_MSGOUT_RTCM_3X_TYPE4072_0_USB CFG_MSGOUT_UBX_MON_COMMS_USB CFG_MSGOUT_UBX_NAV_CLOCK_USB CFG_MSGOUT_UBX_NAV_COV_UART1 CFG_MSGOUT_UBX_NAV_COV_UART2 CFG_MSGOUT_UBX_NAV_DOP_USB 
[ublox_dgnss_node-1] [INFO] [1789399201.270978609] [ublox_dgnss]: cfg_val_get_poll_async_all_layers ... CFG_MSGOUT_UBX_NAV_EOE_USB CFG_MSGOUT_UBX_NAV_HPPOSECEF_USB CFG_MSGOUT_UBX_NAV_HPPOSLLH_UART1 CFG_MSGOUT_UBX_NAV_HPPOSLLH_UART2 CFG_MSGOUT_UBX_NAV_ODO_USB CFG_MSGOUT_UBX_NAV_ORB_USB CFG_MSGOUT_UBX_NAV_POSECEF_USB CFG_MSGOUT_UBX_NAV_POSLLH_USB CFG_MSGOUT_UBX_NAV_PVT_USB CFG_MSGOUT_UBX_NAV_RELPOSNED_USB 
[ublox_dgnss_node-1] [INFO] [1789399201.270991924] [ublox_dgnss]: cfg_val_get_poll_async_all_layers ... CFG_MSGOUT_UBX_NAV_SAT_USB CFG_MSGOUT_UBX_NAV_SIG_USB CFG_MSGOUT_UBX_NAV_STATUS_UART1 CFG_MSGOUT_UBX_NAV_STATUS_UART2 CFG_MSGOUT_UBX_NAV_SVIN_USB CFG_MSGOUT_UBX_NAV_TIMEUTC_USB CFG_MSGOUT_UBX_NAV_VELECEF_USB CFG_MSGOUT_UBX_NAV_VELNED_USB CFG_MSGOUT_UBX_RXM_COR_UART1 CFG_MSGOUT_UBX_RXM_COR_UART2 
[ublox_dgnss_node-1] [INFO] [1789399201.271008736] [ublox_dgnss]: cfg_val_get_poll_async_all_layers ... CFG_MSGOUT_UBX_RXM_COR_USB CFG_MSGOUT_UBX_RXM_MEASX_USB CFG_MSGOUT_UBX_RXM_RAWX_USB CFG_MSGOUT_UBX_RXM_SFRBX_USB CFG_MSGOUT_UBX_RXM_SPARTN_USB CFG_MSGOUT_UBX_SEC_SIGLOG_USB CFG_MSGOUT_UBX_SEC_SIG_USB CFG_NAVSPG_FIXMODE CFG_NAVSPG_INIFIX3D CFG_NAVSPG_UTCSTANDARD 
[ublox_dgnss_node-1] [INFO] [1789399201.271023263] [ublox_dgnss]: cfg_val_get_poll_async_all_layers ... CFG_ODO_COGLPGAIN CFG_ODO_COGMAXPOSACC CFG_ODO_COGMAXSPEED CFG_ODO_OUTLPCOG CFG_ODO_OUTLPVEL CFG_ODO_PROFILE CFG_ODO_USE_COG CFG_ODO_USE_ODO CFG_ODO_VELLPGAIN CFG_RATE_TIMEREF 
[ublox_dgnss_node-1] [INFO] [1789399201.271037519] [ublox_dgnss]: cfg_val_get_poll_async_all_layers ... CFG_SEC_JAMDET_SENSITIVITY_HI CFG_SEC_SPOOFDET_SIM_SIG_DIS CFG_SIGNAL_BDS_B1_ENA CFG_SIGNAL_BDS_B2_ENA CFG_SIGNAL_GAL_E1_ENA CFG_SIGNAL_GAL_E5B_ENA CFG_SIGNAL_GLO_L1_ENA CFG_SIGNAL_GLO_L2_ENA CFG_SIGNAL_GPS_L1CA_ENA CFG_SIGNAL_GPS_L2C_ENA 
[ublox_dgnss_node-1] [INFO] [1789399201.271051786] [ublox_dgnss]: cfg_val_get_poll_async_all_layers ... CFG_SIGNAL_QZSS_L1CA_ENA CFG_SIGNAL_QZSS_L1S_ENA CFG_SIGNAL_QZSS_L2C_ENA CFG_SIGNAL_SBAS_ENA CFG_SIGNAL_SBAS_L1CA_ENA CFG_SPARTN_USE_SOURCE CFG_TMODE_ECEF_X CFG_TMODE_ECEF_X_HP CFG_TMODE_ECEF_Y CFG_TMODE_ECEF_Y_HP 
[ublox_dgnss_node-1] [INFO] [1789399201.271065461] [ublox_dgnss]: cfg_val_get_poll_async_all_layers ... CFG_TMODE_ECEF_Z CFG_TMODE_ECEF_Z_HP CFG_TMODE_FIXED_POS_ACC CFG_TMODE_HEIGHT CFG_TMODE_HEIGHT_HP CFG_TMODE_LAT CFG_TMODE_LAT_HP CFG_TMODE_LON CFG_TMODE_LON_HP CFG_TMODE_MODE 
[ublox_dgnss_node-1] [INFO] [1789399201.271078926] [ublox_dgnss]: cfg_val_get_poll_async_all_layers ... CFG_TMODE_POS_TYPE CFG_TMODE_SVIN_ACC_LIMIT CFG_TMODE_SVIN_MIN_DUR CFG_UART1INPROT_NMEA CFG_UART1INPROT_RTCM3X CFG_UART1INPROT_SPARTN CFG_UART1INPROT_UBX CFG_UART1OUTPROT_NMEA CFG_UART1OUTPROT_RTCM3X CFG_UART1OUTPROT_UBX 
[ublox_dgnss_node-1] [INFO] [1789399201.271106968] [ublox_dgnss]: cfg_val_get_poll_async_all_layers ... CFG_UART2INPROT_NMEA CFG_UART2INPROT_RTCM3X CFG_UART2INPROT_SPARTN CFG_UART2INPROT_UBX CFG_UART2OUTPROT_NMEA CFG_UART2OUTPROT_RTCM3X CFG_UART2OUTPROT_UBX CFG_UART2_BAUDRATE CFG_USBINPROT_NMEA CFG_USBINPROT_RTCM3X 
[ublox_dgnss_node-1] [INFO] [1789399201.271121926] [ublox_dgnss]: cfg_val_get_poll_async_all_layers ... CFG_USBINPROT_UBX CFG_USBOUTPROT_RTCM3X CFG_USBOUTPROT_UBX 
[ublox_dgnss_node-1] [INFO] [1789399201.271132866] [ublox_dgnss]: Requested 113 device parameter values via CFG-VALGET
[ublox_dgnss_node-1] [INFO] [1789399201.271137535] [ublox_dgnss]: ublox_dgnss_init_async finished
[ublox_dgnss_node-1] [INFO] [1789399201.271141863] [ublox_dgnss]: USB initialization completed successfully
[ublox_dgnss_node-1] [INFO] [1789399201.383781846] [ublox_dgnss]: ubx sec unique_id: 0x5540823D1E
[ublox_dgnss_node-1] [INFO] [1789399201.483802749] [ublox_dgnss]: parameter set CFG_INFMSG_NMEA_USB: 7
[ublox_dgnss_node-1] [INFO] [1789399201.483914828] [ublox_dgnss]: parameter set CFG_INFMSG_UBX_USB: 0
[ublox_dgnss_node-1] [INFO] [1789399201.483956375] [ublox_dgnss]: parameter set CFG_MSGOUT_RTCM_3X_TYPE1005_USB: 0
[ublox_dgnss_node-1] [INFO] [1789399201.483988245] [ublox_dgnss]: parameter set CFG_MSGOUT_RTCM_3X_TYPE1074_UART2: 0
[ublox_dgnss_node-1] [INFO] [1789399201.484008613] [ublox_dgnss]: parameter set CFG_MSGOUT_RTCM_3X_TYPE1077_USB: 0
[ublox_dgnss_node-1] [INFO] [1789399201.484025053] [ublox_dgnss]: parameter set CFG_MSGOUT_RTCM_3X_TYPE1084_UART2: 0
[ublox_dgnss_node-1] [INFO] [1789399201.484045281] [ublox_dgnss]: parameter set CFG_MSGOUT_RTCM_3X_TYPE1087_USB: 0
[ublox_dgnss_node-1] [INFO] [1789399201.484061761] [ublox_dgnss]: parameter set CFG_MSGOUT_RTCM_3X_TYPE1094_UART2: 0
[ublox_dgnss_node-1] [INFO] [1789399201.484086237] [ublox_dgnss]: parameter set CFG_MSGOUT_RTCM_3X_TYPE1097_USB: 0
[ublox_dgnss_node-1] [INFO] [1789399201.484111003] [ublox_dgnss]: parameter set CFG_MSGOUT_RTCM_3X_TYPE1124_UART2: 0
[ublox_dgnss_node-1] [INFO] [1789399201.503793195] [ublox_dgnss]: parameter set CFG_INFMSG_NMEA_USB: 7
[ublox_dgnss_node-1] [INFO] [1789399201.503884154] [ublox_dgnss]: parameter set CFG_INFMSG_UBX_USB: 0
[ublox_dgnss_node-1] [INFO] [1789399201.503913579] [ublox_dgnss]: parameter set CFG_MSGOUT_RTCM_3X_TYPE1005_USB: 0
[ublox_dgnss_node-1] [INFO] [1789399201.503942863] [ublox_dgnss]: parameter set CFG_MSGOUT_RTCM_3X_TYPE1074_UART2: 0
[ublox_dgnss_node-1] [INFO] [1789399201.503969212] [ublox_dgnss]: parameter set CFG_MSGOUT_RTCM_3X_TYPE1077_USB: 0
[ublox_dgnss_node-1] [INFO] [1789399201.503990131] [ublox_dgnss]: parameter set CFG_MSGOUT_RTCM_3X_TYPE1084_UART2: 0
[ublox_dgnss_node-1] [INFO] [1789399201.504011591] [ublox_dgnss]: parameter set CFG_MSGOUT_RTCM_3X_TYPE1087_USB: 0
[ublox_dgnss_node-1] [INFO] [1789399201.504032269] [ublox_dgnss]: parameter set CFG_MSGOUT_RTCM_3X_TYPE1094_UART2: 0
[ublox_dgnss_node-1] [INFO] [1789399201.504053248] [ublox_dgnss]: parameter set CFG_MSGOUT_RTCM_3X_TYPE1097_USB: 0
[ublox_dgnss_node-1] [INFO] [1789399201.504074758] [ublox_dgnss]: parameter set CFG_MSGOUT_RTCM_3X_TYPE1124_UART2: 0
[rviz2-16] [INFO] [1789399201.508584259] [rviz2]: Stereo is NOT SUPPORTED
[rviz2-16] [INFO] [1789399201.508729119] [rviz2]: OpenGl version: 4.5 (GLSL 4.5)
[vrs_ntrip_client-3] [INFO] [1789399201.517283676] [ngii_vrs_ntrip_client]: NGII VRS NTRIP 클라이언트 시작: RTS2.ngii.go.kr:2101/VRS-RTCM32 (id=<NGII_ID>) → /ntrip_client/rtcm
[longitudinal_controller-10] [INFO] [1789399201.521993920] [longitudinal_controller]: 종방향 제어 시작: v_max=0.7 v_min=0.25 (목표속도만 발행 — PWM은 펌웨어 PID가 담당)
[sudden_stop_node-14] [INFO] [1789399201.522009519] [sudden_stop]: 돌발 급정지 — 근접 1.2m 에서 정지, **5초** 유지 후 재출발 (치워짐 판정 3.0m, 대기상한 10s)
[sudden_stop_node-14] [INFO] [1789399201.522370540] [sudden_stop]: arm 대기 중 — 시퀀서가 켜야 동작한다
[vehicle_cmd_mux-11] [INFO] [1789399201.523464035] [vehicle_cmd_mux]: 명령 먹스 시작: 조향±18.0° 속도 -0.6~0.7m/s (E-stop > teleop > 자율)
[vehicle_cmd_mux-11] [WARN] [1789399201.523766658] [vehicle_cmd_mux]: 헤딩 캘리브 대기 — /heading/yaw_offset 을 받기 전에는 자율(AUTO)을 거부한다. teleop 으로 10m 직진해 캘리브를 끝낼 것.
[ublox_dgnss_node-1] [INFO] [1789399201.524522524] [ublox_dgnss]: parameter set CFG_MSGOUT_RTCM_3X_TYPE1127_USB: 0
[ublox_dgnss_node-1] [INFO] [1789399201.524635525] [ublox_dgnss]: parameter set CFG_MSGOUT_RTCM_3X_TYPE1230_UART2: 0
[ublox_dgnss_node-1] [INFO] [1789399201.524660261] [ublox_dgnss]: parameter set CFG_MSGOUT_RTCM_3X_TYPE1230_USB: 0
[ublox_dgnss_node-1] [INFO] [1789399201.524686580] [ublox_dgnss]: parameter set CFG_MSGOUT_RTCM_3X_TYPE4072_0_UART2: 0
[ublox_dgnss_node-1] [INFO] [1789399201.524701227] [ublox_dgnss]: parameter set CFG_MSGOUT_RTCM_3X_TYPE4072_0_USB: 0
[ublox_dgnss_node-1] [INFO] [1789399201.524724240] [ublox_dgnss]: parameter set CFG_MSGOUT_UBX_MON_COMMS_USB: 0
[ublox_dgnss_node-1] [INFO] [1789399201.524754757] [ublox_dgnss]: parameter set CFG_MSGOUT_UBX_NAV_CLOCK_USB: 0
[ublox_dgnss_node-1] [INFO] [1789399201.524779723] [ublox_dgnss]: parameter set CFG_MSGOUT_UBX_NAV_COV_UART1: 0
[ublox_dgnss_node-1] [INFO] [1789399201.524804900] [ublox_dgnss]: parameter set CFG_MSGOUT_UBX_NAV_COV_UART2: 0
[ublox_dgnss_node-1] [INFO] [1789399201.524831810] [ublox_dgnss]: parameter set CFG_MSGOUT_UBX_NAV_DOP_USB: 0
[mission_sequencer-15] [INFO] [1789399201.533389272] [mission_sequencer]: 미션 시퀀서 시작 — 2개, 예산 480s (예비 60s)
[mission_sequencer-15] [INFO] [1789399201.533666127] [mission_sequencer]:   · lidar_avoid      s 38.0~50.0m             타임아웃 —     [배경]
[mission_sequencer-15] [INFO] [1789399201.533881468] [mission_sequencer]:   · sudden_stop      s 51.0~70.0m             타임아웃 25s   [감점-only]  ⊘lidar_avoid
[local_sliding_window_node-8] [INFO] [1789399201.535123589] [local_sliding_window_node]: local_sliding_window_node 시작 (odom=/odometry/filtered, window=5+20, lookahead=10.0m, 곡률 preview=4.0m)
[hfi_a9_ros2-4] [INFO] [1789399201.537957432] [imu]: Serial port /dev/imu opened successfully
[local_pure_pursuit_node-9] [INFO] [1789399201.538035147] [local_pure_pursuit]: local_pure_pursuit 시작: L=0.785m, max=18°, target_speed=0.5m/s, /local_path→/cmd_vel
[ublox_dgnss_node-1] [INFO] [1789399201.543746043] [ublox_dgnss]: parameter set CFG_MSGOUT_RTCM_3X_TYPE1127_USB: 0
[ublox_dgnss_node-1] [INFO] [1789399201.543860045] [ublox_dgnss]: parameter set CFG_MSGOUT_RTCM_3X_TYPE1230_UART2: 0
[ublox_dgnss_node-1] [INFO] [1789399201.543958608] [ublox_dgnss]: parameter set CFG_MSGOUT_RTCM_3X_TYPE1230_USB: 0
[ublox_dgnss_node-1] [INFO] [1789399201.544076377] [ublox_dgnss]: parameter set CFG_MSGOUT_RTCM_3X_TYPE4072_0_UART2: 0
[ublox_dgnss_node-1] [INFO] [1789399201.544182986] [ublox_dgnss]: parameter set CFG_MSGOUT_RTCM_3X_TYPE4072_0_USB: 0
[ublox_dgnss_node-1] [INFO] [1789399201.544283022] [ublox_dgnss]: parameter set CFG_MSGOUT_UBX_MON_COMMS_USB: 0
[ublox_dgnss_node-1] [INFO] [1789399201.544381024] [ublox_dgnss]: parameter set CFG_MSGOUT_UBX_NAV_CLOCK_USB: 0
[ublox_dgnss_node-1] [INFO] [1789399201.544475440] [ublox_dgnss]: parameter set CFG_MSGOUT_UBX_NAV_COV_UART1: 0
[ublox_dgnss_node-1] [INFO] [1789399201.544646288] [ublox_dgnss]: parameter set CFG_MSGOUT_UBX_NAV_COV_UART2: 0
[ublox_dgnss_node-1] [INFO] [1789399201.544738419] [ublox_dgnss]: parameter set CFG_MSGOUT_UBX_NAV_DOP_USB: 0
[rviz2-16] [INFO] [1789399201.552758993] [rviz2]: Stereo is NOT SUPPORTED
[vehicle_cmd_mux-11] [INFO] [1789399201.557981480] [vehicle_cmd_mux]: 모드: STOP(헤딩 캘리브 전)
[ublox_dgnss_node-1] [INFO] [1789399201.563733061] [ublox_dgnss]: parameter set CFG_MSGOUT_UBX_NAV_EOE_USB: 0
[ublox_dgnss_node-1] [INFO] [1789399201.563796229] [ublox_dgnss]: parameter set CFG_MSGOUT_UBX_NAV_HPPOSECEF_USB: 0
[ublox_dgnss_node-1] [INFO] [1789399201.563816978] [ublox_dgnss]: parameter set CFG_MSGOUT_UBX_NAV_HPPOSLLH_UART1: 0
[ublox_dgnss_node-1] [INFO] [1789399201.563837295] [ublox_dgnss]: parameter set CFG_MSGOUT_UBX_NAV_HPPOSLLH_UART2: 0
[ublox_dgnss_node-1] [INFO] [1789399201.563856982] [ublox_dgnss]: parameter set CFG_MSGOUT_UBX_NAV_ODO_USB: 0
[ublox_dgnss_node-1] [INFO] [1789399201.563912666] [ublox_dgnss]: parameter set CFG_MSGOUT_UBX_NAV_ORB_USB: 0
[ublox_dgnss_node-1] [INFO] [1789399201.563971415] [ublox_dgnss]: parameter set CFG_MSGOUT_UBX_NAV_POSECEF_USB: 0
[ublox_dgnss_node-1] [INFO] [1789399201.563993496] [ublox_dgnss]: parameter set CFG_MSGOUT_UBX_NAV_POSLLH_USB: 0
[ublox_dgnss_node-1] [INFO] [1789399201.564008424] [ublox_dgnss]: parameter set CFG_MSGOUT_UBX_NAV_PVT_USB: 0
[ublox_dgnss_node-1] [INFO] [1789399201.564021979] [ublox_dgnss]: parameter set CFG_MSGOUT_UBX_NAV_RELPOSNED_USB: 0
[local_pure_pursuit_node-9] [WARN] [1789399201.574062280] [local_pure_pursuit]: 정지: 경로 대기중
[direct_localization_node-6] [INFO] [1789399201.577212482] [direct_localization]: 로컬 원점: 399848.5, 4092209.2 (EPSG:32652) — 충주 캠퍼스 (학교 시험)
[ublox_dgnss_node-1] [INFO] [1789399201.583743063] [ublox_dgnss]: parameter set CFG_MSGOUT_UBX_NAV_EOE_USB: 0
[ublox_dgnss_node-1] [INFO] [1789399201.583904052] [ublox_dgnss]: parameter set CFG_MSGOUT_UBX_NAV_HPPOSECEF_USB: 0
[ublox_dgnss_node-1] [INFO] [1789399201.583992828] [ublox_dgnss]: parameter set CFG_MSGOUT_UBX_NAV_HPPOSLLH_UART1: 0
[ublox_dgnss_node-1] [INFO] [1789399201.584090399] [ublox_dgnss]: parameter set CFG_MSGOUT_UBX_NAV_HPPOSLLH_UART2: 0
[ublox_dgnss_node-1] [INFO] [1789399201.584259243] [ublox_dgnss]: parameter set CFG_MSGOUT_UBX_NAV_ODO_USB: 0
[ublox_dgnss_node-1] [INFO] [1789399201.584319736] [ublox_dgnss]: parameter set CFG_MSGOUT_UBX_NAV_ORB_USB: 0
[ublox_dgnss_node-1] [INFO] [1789399201.584342679] [ublox_dgnss]: parameter set CFG_MSGOUT_UBX_NAV_POSECEF_USB: 0
[ublox_dgnss_node-1] [INFO] [1789399201.584358779] [ublox_dgnss]: parameter set CFG_MSGOUT_UBX_NAV_POSLLH_USB: 0
[ublox_dgnss_node-1] [INFO] [1789399201.584372554] [ublox_dgnss]: parameter set CFG_MSGOUT_UBX_NAV_PVT_USB: 0
[ublox_dgnss_node-1] [INFO] [1789399201.584468563] [ublox_dgnss]: parameter set CFG_MSGOUT_UBX_NAV_RELPOSNED_USB: 0
[direct_localization_node-6] [INFO] [1789399201.587376774] [direct_localization]: 직접 로컬라이제이션 시작: /fix+handsfree/imu → /odometry/filtered (map 프레임, 원점 399849,4092209, 30Hz)
[ublox_dgnss_node-1] [INFO] [1789399201.603730082] [ublox_dgnss]: parameter set CFG_MSGOUT_UBX_NAV_SAT_USB: 0
[ublox_dgnss_node-1] [INFO] [1789399201.603796766] [ublox_dgnss]: parameter set CFG_MSGOUT_UBX_NAV_SIG_USB: 0
[ublox_dgnss_node-1] [INFO] [1789399201.603817384] [ublox_dgnss]: parameter set CFG_MSGOUT_UBX_NAV_STATUS_UART1: 0
[ublox_dgnss_node-1] [INFO] [1789399201.603834105] [ublox_dgnss]: parameter set CFG_MSGOUT_UBX_NAV_STATUS_UART2: 0
[ublox_dgnss_node-1] [INFO] [1789399201.603848412] [ublox_dgnss]: parameter set CFG_MSGOUT_UBX_NAV_SVIN_USB: 0
[ublox_dgnss_node-1] [INFO] [1789399201.603866355] [ublox_dgnss]: parameter set CFG_MSGOUT_UBX_NAV_TIMEUTC_USB: 0
[ublox_dgnss_node-1] [INFO] [1789399201.603880211] [ublox_dgnss]: parameter set CFG_MSGOUT_UBX_NAV_VELECEF_USB: 0
[ublox_dgnss_node-1] [INFO] [1789399201.603894027] [ublox_dgnss]: parameter set CFG_MSGOUT_UBX_NAV_VELNED_USB: 0
[ublox_dgnss_node-1] [INFO] [1789399201.603911409] [ublox_dgnss]: parameter set CFG_MSGOUT_UBX_RXM_COR_UART1: 0
[ublox_dgnss_node-1] [INFO] [1789399201.603924283] [ublox_dgnss]: parameter set CFG_MSGOUT_UBX_RXM_COR_UART2: 0
[global_path_publisher-7] [INFO] [1789399201.609120080] [global_path_publisher]: 전역 경로 로드 완료: /home/han/racing_ws/config/chungju_school/wp_school_track_0.5.yaml (총 147개 점, 73.0m)
[global_path_publisher-7] [INFO] [1789399201.609379273] [global_path_publisher]:   로컬 범위 x[-37.1, -5.9] y[-26.4, -4.2] (정상이면 0~수백 m)
[heading_init_node-5] [INFO] [1789399201.612996293] [gps_heading_init]: 헤딩 초기화(1회성) 시작: 10m 직진하면 yaw_offset 계산 후 자동 종료 (fix=/fix, imu=handsfree/imu)
[heading_init_node-5] [WARN] [1789399201.613303064] [gps_heading_init]: ⚠ 자동 직진 켜짐: GPS 수신 후 5초 뒤 0.90m/s로 스스로 10m 전진한다. 앞을 비우고 E-stop을 손에 쥘 것.
[mission_sequencer-15] [INFO] [1789399201.615520529] [mission_sequencer]: 전역 경로 수신: 147점 73.0m — 진행거리 기준 확보
[local_sliding_window_node-8] [INFO] [1789399201.615730340] [local_sliding_window_node]: 전역 경로 수신: 147점, 시작-끝 9.76m → 열린 경로
[ublox_dgnss_node-1] [INFO] [1789399201.624357342] [ublox_dgnss]: parameter set CFG_MSGOUT_UBX_NAV_SAT_USB: 0
[ublox_dgnss_node-1] [INFO] [1789399201.624466174] [ublox_dgnss]: parameter set CFG_MSGOUT_UBX_NAV_SIG_USB: 0
[ublox_dgnss_node-1] [INFO] [1789399201.624502502] [ublox_dgnss]: parameter set CFG_MSGOUT_UBX_NAV_STATUS_UART1: 0
[ublox_dgnss_node-1] [INFO] [1789399201.624525725] [ublox_dgnss]: parameter set CFG_MSGOUT_UBX_NAV_STATUS_UART2: 0
[ublox_dgnss_node-1] [INFO] [1789399201.624543458] [ublox_dgnss]: parameter set CFG_MSGOUT_UBX_NAV_SVIN_USB: 0
[ublox_dgnss_node-1] [INFO] [1789399201.624561662] [ublox_dgnss]: parameter set CFG_MSGOUT_UBX_NAV_TIMEUTC_USB: 0
[ublox_dgnss_node-1] [INFO] [1789399201.624574776] [ublox_dgnss]: parameter set CFG_MSGOUT_UBX_NAV_VELECEF_USB: 0
[ublox_dgnss_node-1] [INFO] [1789399201.624587410] [ublox_dgnss]: parameter set CFG_MSGOUT_UBX_NAV_VELNED_USB: 0
[ublox_dgnss_node-1] [INFO] [1789399201.624600163] [ublox_dgnss]: parameter set CFG_MSGOUT_UBX_RXM_COR_UART1: 0
[ublox_dgnss_node-1] [INFO] [1789399201.624612667] [ublox_dgnss]: parameter set CFG_MSGOUT_UBX_RXM_COR_UART2: 0
[ublox_dgnss_node-1] [INFO] [1789399201.643714198] [ublox_dgnss]: parameter set CFG_MSGOUT_UBX_RXM_COR_USB: 0
[ublox_dgnss_node-1] [INFO] [1789399201.643784058] [ublox_dgnss]: parameter set CFG_MSGOUT_UBX_RXM_MEASX_USB: 0
[ublox_dgnss_node-1] [INFO] [1789399201.643800428] [ublox_dgnss]: parameter set CFG_MSGOUT_UBX_RXM_RAWX_USB: 0
[ublox_dgnss_node-1] [INFO] [1789399201.643816979] [ublox_dgnss]: parameter set CFG_MSGOUT_UBX_RXM_SFRBX_USB: 0
[ublox_dgnss_node-1] [INFO] [1789399201.643831266] [ublox_dgnss]: parameter set CFG_MSGOUT_UBX_RXM_SPARTN_USB: 0
[ublox_dgnss_node-1] [INFO] [1789399201.643846314] [ublox_dgnss]: parameter set CFG_MSGOUT_UBX_SEC_SIGLOG_USB: 0
[ublox_dgnss_node-1] [INFO] [1789399201.643860380] [ublox_dgnss]: parameter set CFG_MSGOUT_UBX_SEC_SIG_USB: 0
[ublox_dgnss_node-1] [INFO] [1789399201.643875919] [ublox_dgnss]: parameter set CFG_NAVSPG_FIXMODE: 3
[ublox_dgnss_node-1] [INFO] [1789399201.643890666] [ublox_dgnss]: parameter set CFG_NAVSPG_INIFIX3D: false
[ublox_dgnss_node-1] [INFO] [1789399201.643904682] [ublox_dgnss]: parameter set CFG_NAVSPG_UTCSTANDARD: 0
[ublox_dgnss_node-1] [INFO] [1789399201.663734078] [ublox_dgnss]: parameter set CFG_MSGOUT_UBX_RXM_COR_USB: 0
[ublox_dgnss_node-1] [INFO] [1789399201.663814097] [ublox_dgnss]: parameter set CFG_MSGOUT_UBX_RXM_MEASX_USB: 0
[ublox_dgnss_node-1] [INFO] [1789399201.663830267] [ublox_dgnss]: parameter set CFG_MSGOUT_UBX_RXM_RAWX_USB: 0
[ublox_dgnss_node-1] [INFO] [1789399201.663850284] [ublox_dgnss]: parameter set CFG_MSGOUT_UBX_RXM_SFRBX_USB: 0
[ublox_dgnss_node-1] [INFO] [1789399201.663865562] [ublox_dgnss]: parameter set CFG_MSGOUT_UBX_RXM_SPARTN_USB: 0
[ublox_dgnss_node-1] [INFO] [1789399201.663885600] [ublox_dgnss]: parameter set CFG_MSGOUT_UBX_SEC_SIGLOG_USB: 0
[ublox_dgnss_node-1] [INFO] [1789399201.663898554] [ublox_dgnss]: parameter set CFG_MSGOUT_UBX_SEC_SIG_USB: 0
[ublox_dgnss_node-1] [INFO] [1789399201.663915676] [ublox_dgnss]: parameter set CFG_NAVSPG_FIXMODE: 3
[ublox_dgnss_node-1] [INFO] [1789399201.663984604] [ublox_dgnss]: parameter set CFG_NAVSPG_INIFIX3D: false
[ublox_dgnss_node-1] [INFO] [1789399201.664026091] [ublox_dgnss]: parameter set CFG_NAVSPG_UTCSTANDARD: 0
[ublox_dgnss_node-1] [INFO] [1789399201.683734281] [ublox_dgnss]: parameter set CFG_ODO_COGLPGAIN: 76
[ublox_dgnss_node-1] [INFO] [1789399201.683843755] [ublox_dgnss]: parameter set CFG_ODO_COGMAXPOSACC: 50
[ublox_dgnss_node-1] [INFO] [1789399201.683869963] [ublox_dgnss]: parameter set CFG_ODO_COGMAXSPEED: 10
[ublox_dgnss_node-1] [INFO] [1789399201.683889480] [ublox_dgnss]: parameter set CFG_ODO_OUTLPCOG: false
[ublox_dgnss_node-1] [INFO] [1789399201.683906271] [ublox_dgnss]: parameter set CFG_ODO_OUTLPVEL: false
[ublox_dgnss_node-1] [INFO] [1789399201.683923253] [ublox_dgnss]: parameter set CFG_ODO_PROFILE: 0
[ublox_dgnss_node-1] [INFO] [1789399201.683940064] [ublox_dgnss]: parameter set CFG_ODO_USE_COG: false
[ublox_dgnss_node-1] [INFO] [1789399201.683958218] [ublox_dgnss]: parameter set CFG_ODO_USE_ODO: false
[ublox_dgnss_node-1] [INFO] [1789399201.683976071] [ublox_dgnss]: parameter set CFG_ODO_VELLPGAIN: 153
[ublox_dgnss_node-1] [INFO] [1789399201.684000987] [ublox_dgnss]: parameter set CFG_RATE_TIMEREF: 1
[ublox_dgnss_node-1] [INFO] [1789399201.703807400] [ublox_dgnss]: parameter set CFG_ODO_COGLPGAIN: 76
[ublox_dgnss_node-1] [INFO] [1789399201.704031206] [ublox_dgnss]: parameter set CFG_ODO_COGMAXPOSACC: 50
[ublox_dgnss_node-1] [INFO] [1789399201.704355690] [ublox_dgnss]: parameter set CFG_ODO_COGMAXSPEED: 10
[ublox_dgnss_node-1] [INFO] [1789399201.704444105] [ublox_dgnss]: parameter set CFG_ODO_OUTLPCOG: false
[ublox_dgnss_node-1] [INFO] [1789399201.704488126] [ublox_dgnss]: parameter set CFG_ODO_OUTLPVEL: false
[ublox_dgnss_node-1] [INFO] [1789399201.704513303] [ublox_dgnss]: parameter set CFG_ODO_PROFILE: 0
[ublox_dgnss_node-1] [INFO] [1789399201.704549831] [ublox_dgnss]: parameter set CFG_ODO_USE_COG: false
[ublox_dgnss_node-1] [INFO] [1789399201.704681086] [ublox_dgnss]: parameter set CFG_ODO_USE_ODO: false
[ublox_dgnss_node-1] [INFO] [1789399201.704785520] [ublox_dgnss]: parameter set CFG_ODO_VELLPGAIN: 153
[ublox_dgnss_node-1] [INFO] [1789399201.704873594] [ublox_dgnss]: parameter set CFG_RATE_TIMEREF: 1
[ublox_dgnss_node-1] [WARN] [1789399201.723712156] [ublox_dgnss]: ubx class: 0x05 id: 0x00 ack nak payload - class: 0x06 id: 0x8b
[ublox_dgnss_node-1] [WARN] [1789399201.733771923] [ublox_dgnss]: ubx class: 0x05 id: 0x00 ack nak payload - class: 0x06 id: 0x8b
[ublox_dgnss_node-1] [INFO] [1789399201.743731565] [ublox_dgnss]: parameter set CFG_SIGNAL_QZSS_L1CA_ENA: true
[ublox_dgnss_node-1] [INFO] [1789399201.743821592] [ublox_dgnss]: parameter set CFG_SIGNAL_QZSS_L1S_ENA: false
[ublox_dgnss_node-1] [INFO] [1789399201.743839115] [ublox_dgnss]: parameter set CFG_SIGNAL_QZSS_L2C_ENA: true
[ublox_dgnss_node-1] [INFO] [1789399201.743858100] [ublox_dgnss]: parameter set CFG_SIGNAL_SBAS_ENA: true
[ublox_dgnss_node-1] [INFO] [1789399201.743877296] [ublox_dgnss]: parameter set CFG_SIGNAL_SBAS_L1CA_ENA: true
[ublox_dgnss_node-1] [INFO] [1789399201.743900749] [ublox_dgnss]: parameter set CFG_SPARTN_USE_SOURCE: 0
[ublox_dgnss_node-1] [INFO] [1789399201.743943288] [ublox_dgnss]: parameter set CFG_TMODE_ECEF_X: 0
[ublox_dgnss_node-1] [INFO] [1789399201.743963887] [ublox_dgnss]: parameter set CFG_TMODE_ECEF_X_HP: 0
[ublox_dgnss_node-1] [INFO] [1789399201.743984255] [ublox_dgnss]: parameter set CFG_TMODE_ECEF_Y: 0
[ublox_dgnss_node-1] [INFO] [1789399201.744002970] [ublox_dgnss]: parameter set CFG_TMODE_ECEF_Y_HP: 0
[cluster_plot_node-13] [INFO] [1789399201.753219358] [lidar_clustering]: LiDAR DBSCAN + Hungarian + Follow the Gap started. (scan=/scan_front, yaw_offset=180°, aim=path)
[cluster_plot_node-13] [INFO] [1789399201.753474873] [lidar_clustering]: Vehicle coordinate: +X forward, +Y left, -Y right.
[ublox_dgnss_node-1] [INFO] [1789399201.763772834] [ublox_dgnss]: parameter set CFG_SIGNAL_QZSS_L1CA_ENA: true
[ublox_dgnss_node-1] [INFO] [1789399201.763895953] [ublox_dgnss]: parameter set CFG_SIGNAL_QZSS_L1S_ENA: false
[ublox_dgnss_node-1] [INFO] [1789399201.763936068] [ublox_dgnss]: parameter set CFG_SIGNAL_QZSS_L2C_ENA: true
[ublox_dgnss_node-1] [INFO] [1789399201.763960884] [ublox_dgnss]: parameter set CFG_SIGNAL_SBAS_ENA: true
[ublox_dgnss_node-1] [INFO] [1789399201.763980551] [ublox_dgnss]: parameter set CFG_SIGNAL_SBAS_L1CA_ENA: true
[ublox_dgnss_node-1] [INFO] [1789399201.764001570] [ublox_dgnss]: parameter set CFG_SPARTN_USE_SOURCE: 0
[ublox_dgnss_node-1] [INFO] [1789399201.764020996] [ublox_dgnss]: parameter set CFG_TMODE_ECEF_X: 0
[ublox_dgnss_node-1] [INFO] [1789399201.764039821] [ublox_dgnss]: parameter set CFG_TMODE_ECEF_X_HP: 0
[ublox_dgnss_node-1] [INFO] [1789399201.764059187] [ublox_dgnss]: parameter set CFG_TMODE_ECEF_Y: 0
[ublox_dgnss_node-1] [INFO] [1789399201.764079675] [ublox_dgnss]: parameter set CFG_TMODE_ECEF_Y_HP: 0
[ublox_dgnss_node-1] [INFO] [1789399201.783760053] [ublox_dgnss]: parameter set CFG_TMODE_ECEF_Z: 0
[ublox_dgnss_node-1] [INFO] [1789399201.783890015] [ublox_dgnss]: parameter set CFG_TMODE_ECEF_Z_HP: 0
[ublox_dgnss_node-1] [INFO] [1789399201.783920021] [ublox_dgnss]: parameter set CFG_TMODE_FIXED_POS_ACC: 0
[ublox_dgnss_node-1] [INFO] [1789399201.783939718] [ublox_dgnss]: parameter set CFG_TMODE_HEIGHT: 0
[ublox_dgnss_node-1] [INFO] [1789399201.783957441] [ublox_dgnss]: parameter set CFG_TMODE_HEIGHT_HP: 0
[ublox_dgnss_node-1] [INFO] [1789399201.783975224] [ublox_dgnss]: parameter set CFG_TMODE_LAT: 0
[ublox_dgnss_node-1] [INFO] [1789399201.783992756] [ublox_dgnss]: parameter set CFG_TMODE_LAT_HP: 0
[ublox_dgnss_node-1] [INFO] [1789399201.784010359] [ublox_dgnss]: parameter set CFG_TMODE_LON: 0
[ublox_dgnss_node-1] [INFO] [1789399201.784027651] [ublox_dgnss]: parameter set CFG_TMODE_LON_HP: 0
[ublox_dgnss_node-1] [INFO] [1789399201.784051896] [ublox_dgnss]: parameter set CFG_TMODE_MODE: 0
[ublox_dgnss_node-1] [INFO] [1789399201.803736773] [ublox_dgnss]: parameter set CFG_TMODE_ECEF_Z: 0
[ublox_dgnss_node-1] [INFO] [1789399201.803823094] [ublox_dgnss]: parameter set CFG_TMODE_ECEF_Z_HP: 0
[ublox_dgnss_node-1] [INFO] [1789399201.803837260] [ublox_dgnss]: parameter set CFG_TMODE_FIXED_POS_ACC: 0
[ublox_dgnss_node-1] [INFO] [1789399201.803850104] [ublox_dgnss]: parameter set CFG_TMODE_HEIGHT: 0
[ublox_dgnss_node-1] [INFO] [1789399201.803863829] [ublox_dgnss]: parameter set CFG_TMODE_HEIGHT_HP: 0
[ublox_dgnss_node-1] [INFO] [1789399201.803877385] [ublox_dgnss]: parameter set CFG_TMODE_LAT: 0
[ublox_dgnss_node-1] [INFO] [1789399201.803891040] [ublox_dgnss]: parameter set CFG_TMODE_LAT_HP: 0
[ublox_dgnss_node-1] [INFO] [1789399201.803904204] [ublox_dgnss]: parameter set CFG_TMODE_LON: 0
[ublox_dgnss_node-1] [INFO] [1789399201.803917489] [ublox_dgnss]: parameter set CFG_TMODE_LON_HP: 0
[ublox_dgnss_node-1] [INFO] [1789399201.803930173] [ublox_dgnss]: parameter set CFG_TMODE_MODE: 0
[ublox_dgnss_node-1] [INFO] [1789399201.823724343] [ublox_dgnss]: parameter set CFG_TMODE_POS_TYPE: 0
[ublox_dgnss_node-1] [INFO] [1789399201.823783873] [ublox_dgnss]: parameter set CFG_TMODE_SVIN_ACC_LIMIT: 0
[ublox_dgnss_node-1] [INFO] [1789399201.823798250] [ublox_dgnss]: parameter set CFG_TMODE_SVIN_MIN_DUR: 0
[ublox_dgnss_node-1] [INFO] [1789399201.823809972] [ublox_dgnss]: parameter set CFG_UART1INPROT_NMEA: true
[ublox_dgnss_node-1] [INFO] [1789399201.823821794] [ublox_dgnss]: parameter set CFG_UART1INPROT_RTCM3X: true
[ublox_dgnss_node-1] [INFO] [1789399201.823833175] [ublox_dgnss]: parameter set CFG_UART1INPROT_SPARTN: true
[ublox_dgnss_node-1] [INFO] [1789399201.823844556] [ublox_dgnss]: parameter set CFG_UART1INPROT_UBX: true
[ublox_dgnss_node-1] [INFO] [1789399201.823856438] [ublox_dgnss]: parameter set CFG_UART1OUTPROT_NMEA: true
[ublox_dgnss_node-1] [INFO] [1789399201.823868771] [ublox_dgnss]: parameter set CFG_UART1OUTPROT_RTCM3X: true
[ublox_dgnss_node-1] [INFO] [1789399201.823880884] [ublox_dgnss]: parameter set CFG_UART1OUTPROT_UBX: true
[ublox_dgnss_node-1] [INFO] [1789399201.843730637] [ublox_dgnss]: parameter set CFG_TMODE_POS_TYPE: 0
[ublox_dgnss_node-1] [INFO] [1789399201.843813371] [ublox_dgnss]: parameter set CFG_TMODE_SVIN_ACC_LIMIT: 0
[ublox_dgnss_node-1] [INFO] [1789399201.843830683] [ublox_dgnss]: parameter set CFG_TMODE_SVIN_MIN_DUR: 0
[ublox_dgnss_node-1] [INFO] [1789399201.843843978] [ublox_dgnss]: parameter set CFG_UART1INPROT_NMEA: true
[ublox_dgnss_node-1] [INFO] [1789399201.843856281] [ublox_dgnss]: parameter set CFG_UART1INPROT_RTCM3X: true
[ublox_dgnss_node-1] [INFO] [1789399201.843868594] [ublox_dgnss]: parameter set CFG_UART1INPROT_SPARTN: true
[ublox_dgnss_node-1] [INFO] [1789399201.843906495] [ublox_dgnss]: parameter set CFG_UART1INPROT_UBX: true
[ublox_dgnss_node-1] [INFO] [1789399201.843919799] [ublox_dgnss]: parameter set CFG_UART1OUTPROT_NMEA: true
[ublox_dgnss_node-1] [INFO] [1789399201.843931521] [ublox_dgnss]: parameter set CFG_UART1OUTPROT_RTCM3X: true
[ublox_dgnss_node-1] [INFO] [1789399201.843945487] [ublox_dgnss]: parameter set CFG_UART1OUTPROT_UBX: true
[ublox_dgnss_node-1] [INFO] [1789399201.863741270] [ublox_dgnss]: parameter set CFG_UART2INPROT_NMEA: false
[ublox_dgnss_node-1] [INFO] [1789399201.863835415] [ublox_dgnss]: parameter set CFG_UART2INPROT_RTCM3X: true
[ublox_dgnss_node-1] [INFO] [1789399201.863871312] [ublox_dgnss]: parameter set CFG_UART2INPROT_SPARTN: true
[ublox_dgnss_node-1] [INFO] [1789399201.863906497] [ublox_dgnss]: parameter set CFG_UART2INPROT_UBX: true
[ublox_dgnss_node-1] [INFO] [1789399201.863933057] [ublox_dgnss]: parameter set CFG_UART2OUTPROT_NMEA: false
[ublox_dgnss_node-1] [INFO] [1789399201.863951782] [ublox_dgnss]: parameter set CFG_UART2OUTPROT_RTCM3X: true
[ublox_dgnss_node-1] [INFO] [1789399201.863969825] [ublox_dgnss]: parameter set CFG_UART2OUTPROT_UBX: false
[ublox_dgnss_node-1] [INFO] [1789399201.863991105] [ublox_dgnss]: parameter set CFG_UART2_BAUDRATE: 0
[ublox_dgnss_node-1] [INFO] [1789399201.864009990] [ublox_dgnss]: parameter set CFG_USBINPROT_NMEA: true
[ublox_dgnss_node-1] [INFO] [1789399201.864027633] [ublox_dgnss]: parameter set CFG_USBINPROT_RTCM3X: true
[ublox_dgnss_node-1] [INFO] [1789399201.883726986] [ublox_dgnss]: parameter set CFG_UART2INPROT_NMEA: false
[ublox_dgnss_node-1] [INFO] [1789399201.883810271] [ublox_dgnss]: parameter set CFG_UART2INPROT_RTCM3X: true
[ublox_dgnss_node-1] [INFO] [1789399201.883825379] [ublox_dgnss]: parameter set CFG_UART2INPROT_SPARTN: true
[ublox_dgnss_node-1] [INFO] [1789399201.883842461] [ublox_dgnss]: parameter set CFG_UART2INPROT_UBX: true
[ublox_dgnss_node-1] [INFO] [1789399201.883855626] [ublox_dgnss]: parameter set CFG_UART2OUTPROT_NMEA: false
[ublox_dgnss_node-1] [INFO] [1789399201.883879430] [ublox_dgnss]: parameter set CFG_UART2OUTPROT_RTCM3X: true
[ublox_dgnss_node-1] [INFO] [1789399201.883904527] [ublox_dgnss]: parameter set CFG_UART2OUTPROT_UBX: false
[ublox_dgnss_node-1] [INFO] [1789399201.883921318] [ublox_dgnss]: parameter set CFG_UART2_BAUDRATE: 0
[ublox_dgnss_node-1] [INFO] [1789399201.883969878] [ublox_dgnss]: parameter set CFG_USBINPROT_NMEA: true
[ublox_dgnss_node-1] [INFO] [1789399201.883993502] [ublox_dgnss]: parameter set CFG_USBINPROT_RTCM3X: true
[ublox_dgnss_node-1] [INFO] [1789399201.903739342] [ublox_dgnss]: parameter set CFG_USBINPROT_UBX: true
[ublox_dgnss_node-1] [INFO] [1789399201.903821184] [ublox_dgnss]: parameter set CFG_USBOUTPROT_RTCM3X: true
[ublox_dgnss_node-1] [INFO] [1789399201.903836092] [ublox_dgnss]: parameter set CFG_USBOUTPROT_UBX: true
[ublox_dgnss_node-1] [INFO] [1789399201.923743423] [ublox_dgnss]: parameter set CFG_USBINPROT_UBX: true
[ublox_dgnss_node-1] [INFO] [1789399201.923820396] [ublox_dgnss]: parameter set CFG_USBOUTPROT_RTCM3X: true
[ublox_dgnss_node-1] [INFO] [1789399201.923846544] [ublox_dgnss]: parameter set CFG_USBOUTPROT_UBX: true
[heading_init_node-5] [WARN] [1789399201.944451894] [gps_heading_init]: RTK 수렴 대기 중 (수평 σ=0.0cm > 5cm) — 출발하지 않는다. ⚠ 여기서 출발하면 RTK 확정 순간의 좌표 점프를 직진으로 오인한다(2026-08-24 충돌 원인). 정말 무시하려면 require_rtk:=false.
[mission_sequencer-15] [INFO] [1789399201.954739916] [mission_sequencer]: ▶ 주행 시계 시작
[vrs_ntrip_client-3] [INFO] [1789399202.071807247] [ngii_vrs_ntrip_client]: NTRIP 연결 성공: ICY 200 OK
[cluster_plot_node-13] [INFO] [1789399203.195069069] [lidar_clustering]: ID=1, X=4.96 m, Y=-1.33 m, Width=5.29 m, Depth=5.16 m, Distance=5.13 m
[cluster_plot_node-13] [INFO] [1789399203.195294378] [lidar_clustering]: ID=2, X=5.89 m, Y=1.47 m, Width=0.08 m, Depth=0.01 m, Distance=6.07 m
[cluster_plot_node-13] [INFO] [1789399203.195490844] [lidar_clustering]: ID=3, X=4.37 m, Y=1.37 m, Width=0.09 m, Depth=0.03 m, Distance=4.58 m
[cluster_plot_node-13] [INFO] [1789399203.195677220] [lidar_clustering]: ID=4, X=2.87 m, Y=1.25 m, Width=0.09 m, Depth=0.05 m, Distance=3.13 m
[cluster_plot_node-13] [INFO] [1789399203.195860481] [lidar_clustering]: ID=5, X=1.40 m, Y=1.14 m, Width=0.08 m, Depth=0.06 m, Distance=1.81 m
[cluster_plot_node-13] [INFO] [1789399203.196070542] [lidar_clustering]: ID=6, X=0.37 m, Y=-6.35 m, Width=0.15 m, Depth=0.13 m, Distance=6.37 m
[cluster_plot_node-13] [INFO] [1789399203.196369027] [lidar_clustering]: ID=7, X=1.61 m, Y=-4.99 m, Width=1.93 m, Depth=2.60 m, Distance=5.24 m
[cluster_plot_node-13] [INFO] [1789399203.196569731] [lidar_clustering]: ID=8, X=1.53 m, Y=-2.31 m, Width=0.04 m, Depth=0.05 m, Distance=2.77 m
[cluster_plot_node-13] [INFO] [1789399203.196757360] [lidar_clustering]: ID=9, X=2.59 m, Y=-3.47 m, Width=0.03 m, Depth=0.04 m, Distance=4.33 m
[cluster_plot_node-13] [INFO] [1789399203.196941082] [lidar_clustering]: FollowGap: mode=AVOID, direction=LEFT, front=1.05 m, best_angle=15.0 deg
[serial_bridge-12] [INFO] [1789399203.524574597] [serial_bridge_node]: 시리얼 포트 연결 성공: /dev/arduino @ 57600bps
[serial_bridge-12] [WARN] [1789399203.527980183] [serial_bridge_node]: ★ ROS 쪽 FF 사용: PWM = 38.8·v + 17.2 (펌웨어 FF 우회). 엔코더 복구 후에는 ff_mode:=firmware 로 되돌릴 것.
[serial_bridge-12] [INFO] [1789399203.532278741] [serial_bridge_node]: Serial read thread started
[serial_bridge-12] [WARN] [1789399203.559888784] [serial_bridge_node]: ⚠ 공급전압 강하: VMIN=4295mV — 배터리/전원 확인
[heading_init_node-5] [WARN] [1789399204.014222766] [gps_heading_init]: RTK 수렴 대기 중 (수평 σ=20.9cm > 5cm) — 출발하지 않는다. ⚠ 여기서 출발하면 RTK 확정 순간의 좌표 점프를 직진으로 오인한다(2026-08-24 충돌 원인). 정말 무시하려면 require_rtk:=false.
[cluster_plot_node-13] [INFO] [1789399204.109852671] [lidar_clustering]: ID=1, X=4.92 m, Y=-1.38 m, Width=5.20 m, Depth=5.12 m, Distance=5.11 m
[cluster_plot_node-13] [INFO] [1789399204.110076878] [lidar_clustering]: ID=2, X=5.90 m, Y=1.45 m, Width=0.10 m, Depth=0.03 m, Distance=6.07 m
[cluster_plot_node-13] [INFO] [1789399204.110264728] [lidar_clustering]: ID=3, X=4.37 m, Y=1.37 m, Width=0.09 m, Depth=0.03 m, Distance=4.58 m
[cluster_plot_node-13] [INFO] [1789399204.110453990] [lidar_clustering]: ID=4, X=2.87 m, Y=1.25 m, Width=0.09 m, Depth=0.05 m, Distance=3.13 m
[cluster_plot_node-13] [INFO] [1789399204.110635478] [lidar_clustering]: ID=5, X=1.40 m, Y=1.14 m, Width=0.08 m, Depth=0.06 m, Distance=1.81 m
[cluster_plot_node-13] [INFO] [1789399204.110821634] [lidar_clustering]: ID=6, X=0.37 m, Y=-6.37 m, Width=0.16 m, Depth=0.13 m, Distance=6.38 m
[cluster_plot_node-13] [INFO] [1789399204.111002230] [lidar_clustering]: ID=7, X=1.61 m, Y=-4.97 m, Width=1.65 m, Depth=2.32 m, Distance=5.23 m
[cluster_plot_node-13] [INFO] [1789399204.111203555] [lidar_clustering]: ID=8, X=1.53 m, Y=-2.30 m, Width=0.05 m, Depth=0.06 m, Distance=2.76 m
[cluster_plot_node-13] [INFO] [1789399204.111392577] [lidar_clustering]: ID=9, X=2.57 m, Y=-3.49 m, Width=0.03 m, Depth=0.04 m, Distance=4.33 m
[cluster_plot_node-13] [INFO] [1789399204.111574024] [lidar_clustering]: FollowGap: mode=AVOID, direction=LEFT, front=1.05 m, best_angle=15.0 deg
[cluster_plot_node-13] [INFO] [1789399204.111755241] [lidar_clustering]: points=543, clusters=8, tracks=9
[direct_localization_node-6] [INFO] [1789399204.587694176] [direct_localization]: pose: x=-21.98 y=-6.56 yaw=178.7° v=-0.02m/s [헤딩 미정렬(10m직진 필요)]
[cluster_plot_node-13] [INFO] [1789399205.025500028] [lidar_clustering]: ID=1, X=4.95 m, Y=-1.35 m, Width=5.11 m, Depth=5.09 m, Distance=5.13 m
[cluster_plot_node-13] [INFO] [1789399205.025789536] [lidar_clustering]: ID=2, X=5.90 m, Y=1.45 m, Width=0.10 m, Depth=0.03 m, Distance=6.07 m
[cluster_plot_node-13] [INFO] [1789399205.026033130] [lidar_clustering]: ID=3, X=4.37 m, Y=1.37 m, Width=0.09 m, Depth=0.03 m, Distance=4.58 m
[cluster_plot_node-13] [INFO] [1789399205.026245134] [lidar_clustering]: ID=4, X=2.87 m, Y=1.25 m, Width=0.08 m, Depth=0.08 m, Distance=3.13 m
[cluster_plot_node-13] [INFO] [1789399205.026435809] [lidar_clustering]: ID=5, X=1.40 m, Y=1.14 m, Width=0.09 m, Depth=0.06 m, Distance=1.81 m
[cluster_plot_node-13] [INFO] [1789399205.026610233] [lidar_clustering]: ID=6, X=0.37 m, Y=-6.37 m, Width=0.16 m, Depth=0.10 m, Distance=6.38 m
[cluster_plot_node-13] [INFO] [1789399205.026787283] [lidar_clustering]: ID=7, X=1.66 m, Y=-4.95 m, Width=1.84 m, Depth=2.59 m, Distance=5.22 m
[cluster_plot_node-13] [INFO] [1789399205.026959543] [lidar_clustering]: ID=8, X=1.53 m, Y=-2.31 m, Width=0.04 m, Depth=0.06 m, Distance=2.77 m
[cluster_plot_node-13] [INFO] [1789399205.027132675] [lidar_clustering]: FollowGap: mode=AVOID, direction=LEFT, front=1.05 m, best_angle=15.0 deg
[cluster_plot_node-13] [INFO] [1789399205.940025494] [lidar_clustering]: ID=1, X=5.35 m, Y=-1.07 m, Width=4.44 m, Depth=5.37 m, Distance=5.46 m
[cluster_plot_node-13] [INFO] [1789399205.940246234] [lidar_clustering]: ID=2, X=5.90 m, Y=1.48 m, Width=0.06 m, Depth=0.02 m, Distance=6.08 m
[cluster_plot_node-13] [INFO] [1789399205.940428784] [lidar_clustering]: ID=3, X=4.38 m, Y=1.37 m, Width=0.09 m, Depth=0.03 m, Distance=4.59 m
[cluster_plot_node-13] [INFO] [1789399205.940631251] [lidar_clustering]: ID=4, X=2.87 m, Y=1.25 m, Width=0.10 m, Depth=0.06 m, Distance=3.13 m
[cluster_plot_node-13] [INFO] [1789399205.940806998] [lidar_clustering]: ID=5, X=1.40 m, Y=1.14 m, Width=0.08 m, Depth=0.06 m, Distance=1.81 m
[cluster_plot_node-13] [INFO] [1789399205.940978086] [lidar_clustering]: ID=6, X=0.37 m, Y=-6.31 m, Width=0.33 m, Depth=0.09 m, Distance=6.32 m
[cluster_plot_node-13] [INFO] [1789399205.941152040] [lidar_clustering]: ID=7, X=1.58 m, Y=-5.01 m, Width=2.15 m, Depth=2.45 m, Distance=5.26 m
[cluster_plot_node-13] [INFO] [1789399205.941325202] [lidar_clustering]: ID=8, X=1.53 m, Y=-2.31 m, Width=0.04 m, Depth=0.06 m, Distance=2.77 m
[cluster_plot_node-13] [INFO] [1789399205.941502071] [lidar_clustering]: ID=9, X=2.49 m, Y=-3.03 m, Width=1.05 m, Depth=0.16 m, Distance=3.92 m
[cluster_plot_node-13] [INFO] [1789399205.941675053] [lidar_clustering]: ID=10, X=7.72 m, Y=2.03 m, Width=0.09 m, Depth=0.02 m, Distance=7.98 m
[cluster_plot_node-13] [INFO] [1789399205.941848215] [lidar_clustering]: FollowGap: mode=AVOID, direction=LEFT, front=1.05 m, best_angle=15.0 deg
[cluster_plot_node-13] [INFO] [1789399205.942021818] [lidar_clustering]: points=547, clusters=8, tracks=10
[heading_init_node-5] [WARN] [1789399206.024420185] [gps_heading_init]: RTK 수렴 대기 중 (수평 σ=21.1cm > 5cm) — 출발하지 않는다. ⚠ 여기서 출발하면 RTK 확정 순간의 좌표 점프를 직진으로 오인한다(2026-08-24 충돌 원인). 정말 무시하려면 require_rtk:=false.
[ublox_dgnss_node-1] [ERROR] [1789399206.292358554] [ublox_dgnss]: Parameter fetch TIMEOUT after 5 seconds! 10 parameters stuck in PARAM_VALGET:
[ublox_dgnss_node-1] [ERROR] [1789399206.292417424] [ublox_dgnss]:   Missing response: CFG_SEC_JAMDET_SENSITIVITY_HI
[ublox_dgnss_node-1] [ERROR] [1789399206.292425809] [ublox_dgnss]:   Missing response: CFG_SEC_SPOOFDET_SIM_SIG_DIS
[ublox_dgnss_node-1] [ERROR] [1789399206.292431570] [ublox_dgnss]:   Missing response: CFG_SIGNAL_BDS_B1_ENA
[ublox_dgnss_node-1] [ERROR] [1789399206.292437000] [ublox_dgnss]:   Missing response: CFG_SIGNAL_BDS_B2_ENA
[ublox_dgnss_node-1] [ERROR] [1789399206.292442460] [ublox_dgnss]:   Missing response: CFG_SIGNAL_GAL_E1_ENA
[ublox_dgnss_node-1] [ERROR] [1789399206.292447289] [ublox_dgnss]:   Missing response: CFG_SIGNAL_GAL_E5B_ENA
[ublox_dgnss_node-1] [ERROR] [1789399206.292452379] [ublox_dgnss]:   Missing response: CFG_SIGNAL_GLO_L1_ENA
[ublox_dgnss_node-1] [ERROR] [1789399206.292457198] [ublox_dgnss]:   Missing response: CFG_SIGNAL_GLO_L2_ENA
[ublox_dgnss_node-1] [ERROR] [1789399206.292462718] [ublox_dgnss]:   Missing response: CFG_SIGNAL_GPS_L1CA_ENA
[ublox_dgnss_node-1] [ERROR] [1789399206.292472135] [ublox_dgnss]:   Missing response: CFG_SIGNAL_GPS_L2C_ENA
[ublox_dgnss_node-1] [WARN] [1789399206.292477004] [ublox_dgnss]: Proceeding with partial parameter initialization (degraded mode)
[vrs_ntrip_client-3] [INFO] [1789399206.503254374] [ngii_vrs_ntrip_client]: [NTRIP 연결됨] RTCM 20프레임 발행, GGA 실측(36.97060,127.87461)
[cluster_plot_node-13] [INFO] [1789399206.854718308] [lidar_clustering]: ID=1, X=4.96 m, Y=-1.33 m, Width=5.28 m, Depth=5.20 m, Distance=5.14 m
[cluster_plot_node-13] [INFO] [1789399206.854953967] [lidar_clustering]: ID=2, X=5.90 m, Y=1.47 m, Width=0.08 m, Depth=0.04 m, Distance=6.08 m
[cluster_plot_node-13] [INFO] [1789399206.855144601] [lidar_clustering]: ID=3, X=4.37 m, Y=1.37 m, Width=0.09 m, Depth=0.02 m, Distance=4.58 m
[cluster_plot_node-13] [INFO] [1789399206.855352919] [lidar_clustering]: ID=4, X=2.87 m, Y=1.25 m, Width=0.08 m, Depth=0.05 m, Distance=3.13 m
[cluster_plot_node-13] [INFO] [1789399206.855545467] [lidar_clustering]: ID=5, X=1.40 m, Y=1.14 m, Width=0.08 m, Depth=0.07 m, Distance=1.81 m
[cluster_plot_node-13] [INFO] [1789399206.855730772] [lidar_clustering]: ID=6, X=0.39 m, Y=-6.36 m, Width=0.16 m, Depth=0.20 m, Distance=6.37 m
[cluster_plot_node-13] [INFO] [1789399206.855918601] [lidar_clustering]: ID=7, X=1.66 m, Y=-4.95 m, Width=2.08 m, Depth=2.45 m, Distance=5.22 m
[cluster_plot_node-13] [INFO] [1789399206.856100790] [lidar_clustering]: ID=8, X=1.53 m, Y=-2.31 m, Width=0.06 m, Depth=0.05 m, Distance=2.77 m
[cluster_plot_node-13] [INFO] [1789399206.856280385] [lidar_clustering]: ID=9, X=2.47 m, Y=-2.95 m, Width=0.92 m, Depth=0.17 m, Distance=3.85 m
[cluster_plot_node-13] [INFO] [1789399206.856463756] [lidar_clustering]: FollowGap: mode=AVOID, direction=LEFT, front=1.05 m, best_angle=14.8 deg
[serial_bridge-12] [WARN] [1789399206.967429618] [serial_bridge_node]: ⚠ 공급전압 강하: VMIN=4295mV — 배터리/전원 확인
[direct_localization_node-6] [INFO] [1789399207.587532889] [direct_localization]: pose: x=-21.92 y=-6.62 yaw=178.7° v=-0.01m/s [헤딩 미정렬(10m직진 필요)]
[cluster_plot_node-13] [INFO] [1789399207.763849010] [lidar_clustering]: ID=1, X=5.05 m, Y=-1.27 m, Width=5.27 m, Depth=5.20 m, Distance=5.21 m
[cluster_plot_node-13] [INFO] [1789399207.764069891] [lidar_clustering]: ID=2, X=5.90 m, Y=1.47 m, Width=0.08 m, Depth=0.04 m, Distance=6.08 m
[cluster_plot_node-13] [INFO] [1789399207.764248303] [lidar_clustering]: ID=3, X=4.37 m, Y=1.37 m, Width=0.09 m, Depth=0.02 m, Distance=4.58 m
[cluster_plot_node-13] [INFO] [1789399207.764426284] [lidar_clustering]: ID=4, X=2.87 m, Y=1.25 m, Width=0.08 m, Depth=0.05 m, Distance=3.13 m
[cluster_plot_node-13] [INFO] [1789399207.764599887] [lidar_clustering]: ID=5, X=1.40 m, Y=1.14 m, Width=0.08 m, Depth=0.07 m, Distance=1.81 m
[cluster_plot_node-13] [INFO] [1789399207.764774241] [lidar_clustering]: ID=6, X=0.37 m, Y=-6.35 m, Width=0.16 m, Depth=0.10 m, Distance=6.36 m
[cluster_plot_node-13] [INFO] [1789399207.764951651] [lidar_clustering]: ID=7, X=1.62 m, Y=-4.99 m, Width=2.32 m, Depth=2.62 m, Distance=5.24 m
[cluster_plot_node-13] [INFO] [1789399207.765138609] [lidar_clustering]: ID=8, X=1.53 m, Y=-2.30 m, Width=0.04 m, Depth=0.05 m, Distance=2.77 m
[cluster_plot_node-13] [INFO] [1789399207.765316240] [lidar_clustering]: ID=9, X=2.49 m, Y=-2.94 m, Width=0.85 m, Depth=0.17 m, Distance=3.85 m
[cluster_plot_node-13] [INFO] [1789399207.765491406] [lidar_clustering]: ID=10, X=7.72 m, Y=2.05 m, Width=0.09 m, Depth=0.02 m, Distance=7.98 m
[cluster_plot_node-13] [INFO] [1789399207.765667082] [lidar_clustering]: FollowGap: mode=AVOID, direction=LEFT, front=1.05 m, best_angle=14.8 deg
[cluster_plot_node-13] [INFO] [1789399207.765836788] [lidar_clustering]: points=544, clusters=7, tracks=10
[heading_init_node-5] [WARN] [1789399208.094184673] [gps_heading_init]: RTK 수렴 대기 중 (수평 σ=21.1cm > 5cm) — 출발하지 않는다. ⚠ 여기서 출발하면 RTK 확정 순간의 좌표 점프를 직진으로 오인한다(2026-08-24 충돌 원인). 정말 무시하려면 require_rtk:=false.
[cluster_plot_node-13] [INFO] [1789399208.678348047] [lidar_clustering]: ID=1, X=4.96 m, Y=-1.34 m, Width=5.34 m, Depth=5.20 m, Distance=5.13 m
[cluster_plot_node-13] [INFO] [1789399208.678568216] [lidar_clustering]: ID=2, X=5.90 m, Y=1.46 m, Width=0.06 m, Depth=0.02 m, Distance=6.08 m
[cluster_plot_node-13] [INFO] [1789399208.678746227] [lidar_clustering]: ID=3, X=4.37 m, Y=1.37 m, Width=0.09 m, Depth=0.03 m, Distance=4.58 m
[cluster_plot_node-13] [INFO] [1789399208.678918778] [lidar_clustering]: ID=4, X=2.88 m, Y=1.25 m, Width=0.08 m, Depth=0.07 m, Distance=3.14 m
[cluster_plot_node-13] [INFO] [1789399208.679089326] [lidar_clustering]: ID=5, X=1.40 m, Y=1.14 m, Width=0.08 m, Depth=0.07 m, Distance=1.81 m
[cluster_plot_node-13] [INFO] [1789399208.679259472] [lidar_clustering]: ID=6, X=0.43 m, Y=-6.34 m, Width=0.38 m, Depth=0.28 m, Distance=6.36 m
[cluster_plot_node-13] [INFO] [1789399208.679439437] [lidar_clustering]: ID=7, X=1.65 m, Y=-4.95 m, Width=1.45 m, Depth=2.18 m, Distance=5.22 m
[cluster_plot_node-13] [INFO] [1789399208.679610966] [lidar_clustering]: ID=8, X=1.53 m, Y=-2.31 m, Width=0.06 m, Depth=0.05 m, Distance=2.77 m
[cluster_plot_node-13] [INFO] [1789399208.679781995] [lidar_clustering]: ID=9, X=2.47 m, Y=-2.94 m, Width=0.94 m, Depth=0.15 m, Distance=3.84 m
[cluster_plot_node-13] [INFO] [1789399208.679952782] [lidar_clustering]: FollowGap: mode=AVOID, direction=LEFT, front=1.80 m, best_angle=14.8 deg
[cluster_plot_node-13] [INFO] [1789399209.588181429] [lidar_clustering]: ID=1, X=5.04 m, Y=-1.28 m, Width=5.36 m, Depth=5.22 m, Distance=5.20 m
[cluster_plot_node-13] [INFO] [1789399209.588416646] [lidar_clustering]: ID=2, X=5.90 m, Y=1.48 m, Width=0.06 m, Depth=0.03 m, Distance=6.08 m
[cluster_plot_node-13] [INFO] [1789399209.588622028] [lidar_clustering]: ID=3, X=4.37 m, Y=1.37 m, Width=0.09 m, Depth=0.03 m, Distance=4.58 m
[cluster_plot_node-13] [INFO] [1789399209.588844743] [lidar_clustering]: ID=4, X=2.87 m, Y=1.25 m, Width=0.07 m, Depth=0.05 m, Distance=3.13 m
[cluster_plot_node-13] [INFO] [1789399209.589037321] [lidar_clustering]: ID=5, X=1.40 m, Y=1.14 m, Width=0.08 m, Depth=0.06 m, Distance=1.81 m
[cluster_plot_node-13] [INFO] [1789399209.589307354] [lidar_clustering]: ID=6, X=0.41 m, Y=-6.31 m, Width=0.38 m, Depth=0.22 m, Distance=6.32 m
[cluster_plot_node-13] [INFO] [1789399209.589568069] [lidar_clustering]: ID=7, X=1.61 m, Y=-5.00 m, Width=2.30 m, Depth=2.60 m, Distance=5.25 m
[cluster_plot_node-13] [INFO] [1789399209.589770936] [lidar_clustering]: ID=8, X=1.53 m, Y=-2.31 m, Width=0.06 m, Depth=0.06 m, Distance=2.77 m
[cluster_plot_node-13] [INFO] [1789399209.589960860] [lidar_clustering]: ID=9, X=2.52 m, Y=-3.10 m, Width=0.89 m, Depth=0.14 m, Distance=3.99 m
[cluster_plot_node-13] [INFO] [1789399209.590151334] [lidar_clustering]: FollowGap: mode=AVOID, direction=LEFT, front=1.05 m, best_angle=15.0 deg
[cluster_plot_node-13] [INFO] [1789399209.590334635] [lidar_clustering]: points=543, clusters=7, tracks=9
[serial_bridge-12] [WARN] [1789399210.035063787] [serial_bridge_node]: ⚠ 공급전압 강하: VMIN=4214mV — 배터리/전원 확인
[heading_init_node-5] [WARN] [1789399210.204263079] [gps_heading_init]: RTK 수렴 대기 중 (수평 σ=21.1cm > 5cm) — 출발하지 않는다. ⚠ 여기서 출발하면 RTK 확정 순간의 좌표 점프를 직진으로 오인한다(2026-08-24 충돌 원인). 정말 무시하려면 require_rtk:=false.
[cluster_plot_node-13] [INFO] [1789399210.502832401] [lidar_clustering]: ID=1, X=5.02 m, Y=-1.30 m, Width=5.12 m, Depth=5.14 m, Distance=5.19 m
[cluster_plot_node-13] [INFO] [1789399210.503133401] [lidar_clustering]: ID=2, X=5.90 m, Y=1.45 m, Width=0.08 m, Depth=0.02 m, Distance=6.08 m
[cluster_plot_node-13] [INFO] [1789399210.503432047] [lidar_clustering]: ID=3, X=4.37 m, Y=1.37 m, Width=0.09 m, Depth=0.02 m, Distance=4.58 m
[cluster_plot_node-13] [INFO] [1789399210.503723309] [lidar_clustering]: ID=4, X=2.88 m, Y=1.24 m, Width=0.08 m, Depth=0.07 m, Distance=3.14 m
[cluster_plot_node-13] [INFO] [1789399210.503999834] [lidar_clustering]: ID=5, X=1.40 m, Y=1.14 m, Width=0.08 m, Depth=0.07 m, Distance=1.81 m
[cluster_plot_node-13] [INFO] [1789399210.504271018] [lidar_clustering]: ID=6, X=0.39 m, Y=-6.35 m, Width=0.19 m, Depth=0.17 m, Distance=6.36 m
[cluster_plot_node-13] [INFO] [1789399210.504548625] [lidar_clustering]: ID=7, X=1.64 m, Y=-4.96 m, Width=1.49 m, Depth=2.30 m, Distance=5.22 m
[cluster_plot_node-13] [INFO] [1789399210.504819489] [lidar_clustering]: ID=8, X=1.53 m, Y=-2.31 m, Width=0.05 m, Depth=0.06 m, Distance=2.77 m
[cluster_plot_node-13] [INFO] [1789399210.505084963] [lidar_clustering]: ID=9, X=2.47 m, Y=-2.93 m, Width=0.93 m, Depth=0.17 m, Distance=3.83 m
[cluster_plot_node-13] [INFO] [1789399210.505356628] [lidar_clustering]: FollowGap: mode=AVOID, direction=LEFT, front=1.05 m, best_angle=14.8 deg
[direct_localization_node-6] [INFO] [1789399210.587685439] [direct_localization]: pose: x=-21.89 y=-6.66 yaw=178.7° v=0.00m/s [헤딩 미정렬(10m직진 필요)]
[cluster_plot_node-13] [INFO] [1789399211.411736818] [lidar_clustering]: ID=1, X=4.97 m, Y=-1.32 m, Width=5.57 m, Depth=5.37 m, Distance=5.14 m
[cluster_plot_node-13] [INFO] [1789399211.411954974] [lidar_clustering]: ID=2, X=5.90 m, Y=1.47 m, Width=0.08 m, Depth=0.04 m, Distance=6.08 m
[cluster_plot_node-13] [INFO] [1789399211.412134318] [lidar_clustering]: ID=3, X=4.38 m, Y=1.36 m, Width=0.08 m, Depth=0.05 m, Distance=4.59 m
[cluster_plot_node-13] [INFO] [1789399211.412309734] [lidar_clustering]: ID=4, X=2.88 m, Y=1.25 m, Width=0.11 m, Depth=0.06 m, Distance=3.14 m
[cluster_plot_node-13] [INFO] [1789399211.412489899] [lidar_clustering]: ID=5, X=1.40 m, Y=1.14 m, Width=0.07 m, Depth=0.07 m, Distance=1.81 m
[cluster_plot_node-13] [INFO] [1789399211.412672549] [lidar_clustering]: ID=6, X=0.38 m, Y=-6.33 m, Width=0.23 m, Depth=0.10 m, Distance=6.34 m
[cluster_plot_node-13] [INFO] [1789399211.412848547] [lidar_clustering]: ID=7, X=2.34 m, Y=-4.09 m, Width=0.03 m, Depth=0.04 m, Distance=4.71 m
[cluster_plot_node-13] [INFO] [1789399211.413024234] [lidar_clustering]: ID=8, X=1.53 m, Y=-2.30 m, Width=0.04 m, Depth=0.04 m, Distance=2.76 m
[cluster_plot_node-13] [INFO] [1789399211.413197797] [lidar_clustering]: ID=11, X=4.95 m, Y=-1.34 m, Width=5.30 m, Depth=5.19 m, Distance=5.13 m
[cluster_plot_node-13] [INFO] [1789399211.413414460] [lidar_clustering]: ID=12, X=1.65 m, Y=-4.95 m, Width=1.74 m, Depth=2.49 m, Distance=5.22 m
[cluster_plot_node-13] [INFO] [1789399211.413643055] [lidar_clustering]: FollowGap: mode=AVOID, direction=LEFT, front=1.80 m, best_angle=15.0 deg
[cluster_plot_node-13] [INFO] [1789399211.413831636] [lidar_clustering]: points=545, clusters=8, tracks=10
[vrs_ntrip_client-3] [INFO] [1789399211.503152898] [ngii_vrs_ntrip_client]: [NTRIP 연결됨] RTCM 40프레임 발행, GGA 실측(36.97060,127.87461)
[heading_init_node-5] [WARN] [1789399212.204168667] [gps_heading_init]: RTK 수렴 대기 중 (수평 σ=21.7cm > 5cm) — 출발하지 않는다. ⚠ 여기서 출발하면 RTK 확정 순간의 좌표 점프를 직진으로 오인한다(2026-08-24 충돌 원인). 정말 무시하려면 require_rtk:=false.
[cluster_plot_node-13] [INFO] [1789399212.326476269] [lidar_clustering]: ID=1, X=5.23 m, Y=-1.15 m, Width=4.17 m, Depth=5.24 m, Distance=5.36 m
[cluster_plot_node-13] [INFO] [1789399212.326690698] [lidar_clustering]: ID=2, X=5.90 m, Y=1.47 m, Width=0.08 m, Depth=0.03 m, Distance=6.08 m
[cluster_plot_node-13] [INFO] [1789399212.326868488] [lidar_clustering]: ID=3, X=4.38 m, Y=1.37 m, Width=0.09 m, Depth=0.04 m, Distance=4.59 m
[cluster_plot_node-13] [INFO] [1789399212.327042552] [lidar_clustering]: ID=4, X=2.87 m, Y=1.25 m, Width=0.10 m, Depth=0.06 m, Distance=3.13 m
[cluster_plot_node-13] [INFO] [1789399212.327214192] [lidar_clustering]: ID=5, X=1.40 m, Y=1.14 m, Width=0.09 m, Depth=0.06 m, Distance=1.81 m
[cluster_plot_node-13] [INFO] [1789399212.327393375] [lidar_clustering]: ID=6, X=0.37 m, Y=-6.32 m, Width=0.24 m, Depth=0.10 m, Distance=6.33 m
[cluster_plot_node-13] [INFO] [1789399212.327566888] [lidar_clustering]: ID=7, X=2.44 m, Y=-3.28 m, Width=0.90 m, Depth=0.16 m, Distance=4.09 m
[cluster_plot_node-13] [INFO] [1789399212.327739790] [lidar_clustering]: ID=8, X=1.53 m, Y=-2.31 m, Width=0.04 m, Depth=0.05 m, Distance=2.77 m
[cluster_plot_node-13] [INFO] [1789399212.327911589] [lidar_clustering]: ID=11, X=4.93 m, Y=-1.36 m, Width=5.30 m, Depth=5.23 m, Distance=5.11 m
[cluster_plot_node-13] [INFO] [1789399212.328081105] [lidar_clustering]: ID=12, X=1.61 m, Y=-4.98 m, Width=1.59 m, Depth=2.37 m, Distance=5.24 m
[cluster_plot_node-13] [INFO] [1789399212.328251592] [lidar_clustering]: FollowGap: mode=AVOID, direction=LEFT, front=1.05 m, best_angle=15.0 deg
[serial_bridge-12] [WARN] [1789399213.090736253] [serial_bridge_node]: ⚠ 공급전압 강하: VMIN=4295mV — 배터리/전원 확인
[cluster_plot_node-13] [INFO] [1789399213.235779620] [lidar_clustering]: ID=1, X=5.36 m, Y=-1.08 m, Width=4.15 m, Depth=5.17 m, Distance=5.46 m
[cluster_plot_node-13] [INFO] [1789399213.235999079] [lidar_clustering]: ID=2, X=5.90 m, Y=1.47 m, Width=0.08 m, Depth=0.04 m, Distance=6.08 m
[cluster_plot_node-13] [INFO] [1789399213.236183853] [lidar_clustering]: ID=3, X=4.38 m, Y=1.36 m, Width=0.08 m, Depth=0.05 m, Distance=4.59 m
[cluster_plot_node-13] [INFO] [1789399213.236364739] [lidar_clustering]: ID=4, X=2.87 m, Y=1.25 m, Width=0.11 m, Depth=0.05 m, Distance=3.13 m
[cluster_plot_node-13] [INFO] [1789399213.236541097] [lidar_clustering]: ID=5, X=1.40 m, Y=1.14 m, Width=0.08 m, Depth=0.07 m, Distance=1.81 m
[cluster_plot_node-13] [INFO] [1789399213.236717476] [lidar_clustering]: ID=6, X=0.37 m, Y=-6.34 m, Width=0.20 m, Depth=0.10 m, Distance=6.35 m
[cluster_plot_node-13] [INFO] [1789399213.236891850] [lidar_clustering]: ID=7, X=2.48 m, Y=-2.96 m, Width=0.91 m, Depth=0.18 m, Distance=3.86 m
[cluster_plot_node-13] [INFO] [1789399213.237070102] [lidar_clustering]: ID=8, X=1.53 m, Y=-2.30 m, Width=0.04 m, Depth=0.04 m, Distance=2.76 m
[cluster_plot_node-13] [INFO] [1789399213.237246029] [lidar_clustering]: ID=11, X=4.93 m, Y=-1.35 m, Width=5.32 m, Depth=5.20 m, Distance=5.12 m
[cluster_plot_node-13] [INFO] [1789399213.237430212] [lidar_clustering]: ID=12, X=1.64 m, Y=-4.96 m, Width=1.72 m, Depth=2.49 m, Distance=5.22 m
[cluster_plot_node-13] [INFO] [1789399213.237608143] [lidar_clustering]: ID=13, X=7.73 m, Y=2.03 m, Width=0.09 m, Depth=0.01 m, Distance=7.99 m
[cluster_plot_node-13] [INFO] [1789399213.237785643] [lidar_clustering]: FollowGap: mode=AVOID, direction=LEFT, front=1.05 m, best_angle=8.6 deg
[cluster_plot_node-13] [INFO] [1789399213.237963003] [lidar_clustering]: points=549, clusters=8, tracks=11
[direct_localization_node-6] [INFO] [1789399213.587518886] [direct_localization]: pose: x=-21.89 y=-6.70 yaw=178.7° v=0.02m/s [헤딩 미정렬(10m직진 필요)]
[cluster_plot_node-13] [INFO] [1789399214.150379895] [lidar_clustering]: ID=2, X=5.90 m, Y=1.47 m, Width=0.08 m, Depth=0.04 m, Distance=6.08 m
[cluster_plot_node-13] [INFO] [1789399214.150671738] [lidar_clustering]: ID=3, X=4.38 m, Y=1.37 m, Width=0.11 m, Depth=0.05 m, Distance=4.59 m
[cluster_plot_node-13] [INFO] [1789399214.150914670] [lidar_clustering]: ID=4, X=2.87 m, Y=1.25 m, Width=0.11 m, Depth=0.06 m, Distance=3.14 m
[cluster_plot_node-13] [INFO] [1789399214.151142434] [lidar_clustering]: ID=5, X=1.40 m, Y=1.14 m, Width=0.07 m, Depth=0.07 m, Distance=1.81 m
[cluster_plot_node-13] [INFO] [1789399214.151347766] [lidar_clustering]: ID=6, X=0.38 m, Y=-6.32 m, Width=0.24 m, Depth=0.10 m, Distance=6.33 m
[cluster_plot_node-13] [INFO] [1789399214.151540986] [lidar_clustering]: ID=8, X=1.53 m, Y=-2.31 m, Width=0.04 m, Depth=0.05 m, Distance=2.77 m
[cluster_plot_node-13] [INFO] [1789399214.151778888] [lidar_clustering]: ID=11, X=4.93 m, Y=-1.37 m, Width=5.38 m, Depth=5.18 m, Distance=5.11 m
[cluster_plot_node-13] [INFO] [1789399214.151999108] [lidar_clustering]: ID=12, X=1.59 m, Y=-4.99 m, Width=1.73 m, Depth=2.44 m, Distance=5.24 m
[cluster_plot_node-13] [INFO] [1789399214.152216613] [lidar_clustering]: ID=13, X=7.69 m, Y=2.03 m, Width=0.09 m, Depth=0.02 m, Distance=7.95 m
[cluster_plot_node-13] [INFO] [1789399214.152465135] [lidar_clustering]: FollowGap: mode=AVOID, direction=LEFT, front=1.80 m, best_angle=15.0 deg
[heading_init_node-5] [WARN] [1789399214.304175139] [gps_heading_init]: RTK 수렴 대기 중 (수평 σ=22.0cm > 5cm) — 출발하지 않는다. ⚠ 여기서 출발하면 RTK 확정 순간의 좌표 점프를 직진으로 오인한다(2026-08-24 충돌 원인). 정말 무시하려면 require_rtk:=false.
[cluster_plot_node-13] [INFO] [1789399215.059053478] [lidar_clustering]: ID=1, X=5.37 m, Y=-1.07 m, Width=4.15 m, Depth=5.20 m, Distance=5.48 m
[cluster_plot_node-13] [INFO] [1789399215.059298234] [lidar_clustering]: ID=2, X=5.90 m, Y=1.47 m, Width=0.08 m, Depth=0.03 m, Distance=6.09 m
[cluster_plot_node-13] [INFO] [1789399215.059486574] [lidar_clustering]: ID=3, X=4.38 m, Y=1.37 m, Width=0.09 m, Depth=0.04 m, Distance=4.59 m
[cluster_plot_node-13] [INFO] [1789399215.059668032] [lidar_clustering]: ID=4, X=2.87 m, Y=1.25 m, Width=0.10 m, Depth=0.06 m, Distance=3.14 m
[cluster_plot_node-13] [INFO] [1789399215.059845422] [lidar_clustering]: ID=5, X=1.40 m, Y=1.14 m, Width=0.08 m, Depth=0.06 m, Distance=1.81 m
[cluster_plot_node-13] [INFO] [1789399215.060023373] [lidar_clustering]: ID=6, X=0.40 m, Y=-6.33 m, Width=0.28 m, Depth=0.18 m, Distance=6.35 m
[cluster_plot_node-13] [INFO] [1789399215.060205021] [lidar_clustering]: ID=7, X=2.51 m, Y=-3.11 m, Width=0.93 m, Depth=0.16 m, Distance=4.00 m
[cluster_plot_node-13] [INFO] [1789399215.060415322] [lidar_clustering]: ID=8, X=1.53 m, Y=-2.30 m, Width=0.04 m, Depth=0.04 m, Distance=2.76 m
[cluster_plot_node-13] [INFO] [1789399215.060624552] [lidar_clustering]: ID=11, X=4.92 m, Y=-1.37 m, Width=5.16 m, Depth=5.14 m, Distance=5.11 m
[cluster_plot_node-13] [INFO] [1789399215.060806991] [lidar_clustering]: ID=12, X=1.66 m, Y=-4.95 m, Width=1.74 m, Depth=2.43 m, Distance=5.22 m
[cluster_plot_node-13] [INFO] [1789399215.060985073] [lidar_clustering]: ID=13, X=7.69 m, Y=2.02 m, Width=0.09 m, Depth=0.04 m, Distance=7.95 m
[cluster_plot_node-13] [INFO] [1789399215.061166841] [lidar_clustering]: FollowGap: mode=AVOID, direction=LEFT, front=1.06 m, best_angle=15.0 deg
[cluster_plot_node-13] [INFO] [1789399215.061355402] [lidar_clustering]: points=548, clusters=9, tracks=11
[cluster_plot_node-13] [INFO] [1789399215.968367971] [lidar_clustering]: ID=1, X=5.37 m, Y=-1.08 m, Width=4.11 m, Depth=5.12 m, Distance=5.47 m
[cluster_plot_node-13] [INFO] [1789399215.968586688] [lidar_clustering]: ID=2, X=5.90 m, Y=1.48 m, Width=0.06 m, Depth=0.02 m, Distance=6.09 m
[cluster_plot_node-13] [INFO] [1789399215.968766853] [lidar_clustering]: ID=3, X=4.38 m, Y=1.37 m, Width=0.09 m, Depth=0.03 m, Distance=4.59 m
[cluster_plot_node-13] [INFO] [1789399215.968986311] [lidar_clustering]: ID=4, X=2.87 m, Y=1.25 m, Width=0.07 m, Depth=0.05 m, Distance=3.13 m
[cluster_plot_node-13] [INFO] [1789399215.969243520] [lidar_clustering]: ID=5, X=1.40 m, Y=1.14 m, Width=0.08 m, Depth=0.06 m, Distance=1.80 m
[cluster_plot_node-13] [INFO] [1789399215.969507571] [lidar_clustering]: ID=6, X=0.37 m, Y=-6.26 m, Width=0.27 m, Depth=0.08 m, Distance=6.27 m
[cluster_plot_node-13] [INFO] [1789399215.969722501] [lidar_clustering]: ID=7, X=2.49 m, Y=-3.00 m, Width=0.94 m, Depth=0.17 m, Distance=3.90 m
[cluster_plot_node-13] [INFO] [1789399215.969981273] [lidar_clustering]: ID=8, X=1.53 m, Y=-2.31 m, Width=0.06 m, Depth=0.06 m, Distance=2.77 m
[cluster_plot_node-13] [INFO] [1789399215.970237309] [lidar_clustering]: ID=11, X=4.96 m, Y=-1.34 m, Width=5.36 m, Depth=5.18 m, Distance=5.13 m
[cluster_plot_node-13] [INFO] [1789399215.970433895] [lidar_clustering]: ID=12, X=1.63 m, Y=-4.96 m, Width=1.67 m, Depth=2.53 m, Distance=5.22 m
[cluster_plot_node-13] [INFO] [1789399215.970617827] [lidar_clustering]: ID=13, X=7.71 m, Y=2.03 m, Width=0.09 m, Depth=0.02 m, Distance=7.97 m
[cluster_plot_node-13] [INFO] [1789399215.970800838] [lidar_clustering]: FollowGap: mode=AVOID, direction=LEFT, front=1.05 m, best_angle=14.6 deg
[serial_bridge-12] [WARN] [1789399216.146397822] [serial_bridge_node]: ⚠ 공급전압 강하: VMIN=4295mV — 배터리/전원 확인
[heading_init_node-5] [WARN] [1789399216.424085844] [gps_heading_init]: RTK 수렴 대기 중 (수평 σ=22.0cm > 5cm) — 출발하지 않는다. ⚠ 여기서 출발하면 RTK 확정 순간의 좌표 점프를 직진으로 오인한다(2026-08-24 충돌 원인). 정말 무시하려면 require_rtk:=false.
[vrs_ntrip_client-3] [INFO] [1789399216.503149513] [ngii_vrs_ntrip_client]: [NTRIP 연결됨] RTCM 68프레임 발행, GGA 실측(36.97059,127.87460)
[direct_localization_node-6] [INFO] [1789399216.587505028] [direct_localization]: pose: x=-22.28 y=-7.20 yaw=178.7° v=0.00m/s [헤딩 미정렬(10m직진 필요)]
[cluster_plot_node-13] [INFO] [1789399216.882927400] [lidar_clustering]: ID=2, X=5.90 m, Y=1.47 m, Width=0.08 m, Depth=0.04 m, Distance=6.08 m
[cluster_plot_node-13] [INFO] [1789399216.883146317] [lidar_clustering]: ID=3, X=4.38 m, Y=1.36 m, Width=0.08 m, Depth=0.05 m, Distance=4.59 m
[cluster_plot_node-13] [INFO] [1789399216.883362108] [lidar_clustering]: ID=4, X=2.88 m, Y=1.25 m, Width=0.08 m, Depth=0.06 m, Distance=3.14 m
[cluster_plot_node-13] [INFO] [1789399216.883569104] [lidar_clustering]: ID=5, X=1.40 m, Y=1.14 m, Width=0.08 m, Depth=0.07 m, Distance=1.81 m
[cluster_plot_node-13] [INFO] [1789399216.883804351] [lidar_clustering]: ID=6, X=0.38 m, Y=-6.29 m, Width=0.30 m, Depth=0.10 m, Distance=6.30 m
[cluster_plot_node-13] [INFO] [1789399216.884045009] [lidar_clustering]: ID=8, X=1.53 m, Y=-2.31 m, Width=0.04 m, Depth=0.04 m, Distance=2.77 m
[cluster_plot_node-13] [INFO] [1789399216.884276690] [lidar_clustering]: ID=11, X=4.95 m, Y=-1.35 m, Width=5.36 m, Depth=5.21 m, Distance=5.13 m
[cluster_plot_node-13] [INFO] [1789399216.884485369] [lidar_clustering]: ID=12, X=1.60 m, Y=-5.01 m, Width=2.27 m, Depth=2.62 m, Distance=5.26 m
[cluster_plot_node-13] [INFO] [1789399216.884669301] [lidar_clustering]: FollowGap: mode=AVOID, direction=LEFT, front=1.80 m, best_angle=14.8 deg
[cluster_plot_node-13] [INFO] [1789399216.884849747] [lidar_clustering]: points=547, clusters=7, tracks=8
[cluster_plot_node-13] [INFO] [1789399217.791879030] [lidar_clustering]: ID=1, X=5.38 m, Y=-1.07 m, Width=4.15 m, Depth=5.17 m, Distance=5.48 m
[cluster_plot_node-13] [INFO] [1789399217.792101123] [lidar_clustering]: ID=2, X=5.89 m, Y=1.46 m, Width=0.06 m, Depth=0.02 m, Distance=6.07 m
[cluster_plot_node-13] [INFO] [1789399217.792307016] [lidar_clustering]: ID=3, X=4.37 m, Y=1.37 m, Width=0.10 m, Depth=0.03 m, Distance=4.58 m
[cluster_plot_node-13] [INFO] [1789399217.792559677] [lidar_clustering]: ID=4, X=2.88 m, Y=1.25 m, Width=0.11 m, Depth=0.06 m, Distance=3.14 m
[cluster_plot_node-13] [INFO] [1789399217.792820432] [lidar_clustering]: ID=5, X=1.40 m, Y=1.14 m, Width=0.08 m, Depth=0.07 m, Distance=1.81 m
[cluster_plot_node-13] [INFO] [1789399217.793074795] [lidar_clustering]: ID=6, X=0.37 m, Y=-6.37 m, Width=0.17 m, Depth=0.13 m, Distance=6.38 m
[cluster_plot_node-13] [INFO] [1789399217.793363783] [lidar_clustering]: ID=7, X=2.48 m, Y=-2.94 m, Width=0.92 m, Depth=0.16 m, Distance=3.85 m
[cluster_plot_node-13] [INFO] [1789399217.793610702] [lidar_clustering]: ID=8, X=1.53 m, Y=-2.30 m, Width=0.04 m, Depth=0.04 m, Distance=2.76 m
[cluster_plot_node-13] [INFO] [1789399217.793807749] [lidar_clustering]: ID=11, X=4.97 m, Y=-1.32 m, Width=5.74 m, Depth=5.35 m, Distance=5.15 m
[cluster_plot_node-13] [INFO] [1789399217.793992292] [lidar_clustering]: ID=12, X=1.65 m, Y=-4.96 m, Width=1.80 m, Depth=2.51 m, Distance=5.23 m
[cluster_plot_node-13] [INFO] [1789399217.794173399] [lidar_clustering]: ID=13, X=7.71 m, Y=2.03 m, Width=0.09 m, Depth=0.03 m, Distance=7.98 m
[cluster_plot_node-13] [INFO] [1789399217.794359115] [lidar_clustering]: FollowGap: mode=AVOID, direction=LEFT, front=1.05 m, best_angle=15.0 deg
[heading_init_node-5] [WARN] [1789399218.504063326] [gps_heading_init]: RTK 수렴 대기 중 (수평 σ=22.0cm > 5cm) — 출발하지 않는다. ⚠ 여기서 출발하면 RTK 확정 순간의 좌표 점프를 직진으로 오인한다(2026-08-24 충돌 원인). 정말 무시하려면 require_rtk:=false.
[cluster_plot_node-13] [INFO] [1789399218.701159188] [lidar_clustering]: ID=2, X=5.90 m, Y=1.47 m, Width=0.08 m, Depth=0.03 m, Distance=6.08 m
[cluster_plot_node-13] [INFO] [1789399218.701415265] [lidar_clustering]: ID=3, X=4.37 m, Y=1.37 m, Width=0.10 m, Depth=0.01 m, Distance=4.58 m
[cluster_plot_node-13] [INFO] [1789399218.701600930] [lidar_clustering]: ID=4, X=2.87 m, Y=1.25 m, Width=0.09 m, Depth=0.05 m, Distance=3.13 m
[cluster_plot_node-13] [INFO] [1789399218.701780064] [lidar_clustering]: ID=5, X=1.40 m, Y=1.14 m, Width=0.08 m, Depth=0.06 m, Distance=1.81 m
[cluster_plot_node-13] [INFO] [1789399218.701960509] [lidar_clustering]: ID=6, X=0.37 m, Y=-6.20 m, Width=0.03 m, Depth=0.06 m, Distance=6.21 m
[cluster_plot_node-13] [INFO] [1789399218.702136807] [lidar_clustering]: ID=7, X=2.64 m, Y=-3.69 m, Width=0.03 m, Depth=0.04 m, Distance=4.54 m
[cluster_plot_node-13] [INFO] [1789399218.702310972] [lidar_clustering]: ID=8, X=1.53 m, Y=-2.30 m, Width=0.03 m, Depth=0.05 m, Distance=2.76 m
[cluster_plot_node-13] [INFO] [1789399218.702494724] [lidar_clustering]: ID=11, X=4.97 m, Y=-1.33 m, Width=5.25 m, Depth=5.20 m, Distance=5.14 m
[cluster_plot_node-13] [INFO] [1789399218.702667926] [lidar_clustering]: ID=12, X=1.89 m, Y=-4.76 m, Width=1.01 m, Depth=1.72 m, Distance=5.12 m
[cluster_plot_node-13] [INFO] [1789399218.702838854] [lidar_clustering]: ID=13, X=7.71 m, Y=2.05 m, Width=0.09 m, Depth=0.03 m, Distance=7.97 m
[cluster_plot_node-13] [INFO] [1789399218.703014080] [lidar_clustering]: FollowGap: mode=AVOID, direction=LEFT, front=1.80 m, best_angle=14.8 deg
[cluster_plot_node-13] [INFO] [1789399218.703188905] [lidar_clustering]: points=491, clusters=8, tracks=10
[serial_bridge-12] [WARN] [1789399219.259104453] [serial_bridge_node]: ⚠ 공급전압 강하: VMIN=4295mV — 배터리/전원 확인
[direct_localization_node-6] [INFO] [1789399219.587598541] [direct_localization]: pose: x=-21.90 y=-7.83 yaw=178.7° v=0.00m/s [헤딩 미정렬(10m직진 필요)]
[cluster_plot_node-13] [INFO] [1789399219.609599170] [lidar_clustering]: ID=2, X=5.90 m, Y=1.47 m, Width=0.08 m, Depth=0.04 m, Distance=6.08 m
[cluster_plot_node-13] [INFO] [1789399219.609832163] [lidar_clustering]: ID=3, X=4.38 m, Y=1.36 m, Width=0.08 m, Depth=0.05 m, Distance=4.59 m
[cluster_plot_node-13] [INFO] [1789399219.610014242] [lidar_clustering]: ID=4, X=2.87 m, Y=1.25 m, Width=0.10 m, Depth=0.05 m, Distance=3.13 m
[cluster_plot_node-13] [INFO] [1789399219.610190390] [lidar_clustering]: ID=5, X=1.40 m, Y=1.14 m, Width=0.09 m, Depth=0.06 m, Distance=1.81 m
[cluster_plot_node-13] [INFO] [1789399219.610374633] [lidar_clustering]: ID=6, X=0.41 m, Y=-6.36 m, Width=0.16 m, Depth=0.19 m, Distance=6.37 m
[cluster_plot_node-13] [INFO] [1789399219.610547073] [lidar_clustering]: ID=8, X=1.53 m, Y=-2.31 m, Width=0.04 m, Depth=0.04 m, Distance=2.77 m
[cluster_plot_node-13] [INFO] [1789399219.610741756] [lidar_clustering]: ID=11, X=4.95 m, Y=-1.35 m, Width=5.28 m, Depth=5.19 m, Distance=5.13 m
[cluster_plot_node-13] [INFO] [1789399219.611016878] [lidar_clustering]: ID=12, X=1.66 m, Y=-4.96 m, Width=1.69 m, Depth=2.45 m, Distance=5.23 m
[cluster_plot_node-13] [INFO] [1789399219.611204096] [lidar_clustering]: FollowGap: mode=AVOID, direction=LEFT, front=1.05 m, best_angle=15.0 deg
[heading_init_node-5] [WARN] [1789399220.514146223] [gps_heading_init]: RTK 수렴 대기 중 (수평 σ=22.0cm > 5cm) — 출발하지 않는다. ⚠ 여기서 출발하면 RTK 확정 순간의 좌표 점프를 직진으로 오인한다(2026-08-24 충돌 원인). 정말 무시하려면 require_rtk:=false.
[cluster_plot_node-13] [INFO] [1789399220.519462055] [lidar_clustering]: ID=1, X=5.37 m, Y=-1.07 m, Width=4.15 m, Depth=5.19 m, Distance=5.48 m
[cluster_plot_node-13] [INFO] [1789399220.519710467] [lidar_clustering]: ID=2, X=5.90 m, Y=1.46 m, Width=0.08 m, Depth=0.03 m, Distance=6.08 m
[cluster_plot_node-13] [INFO] [1789399220.519914808] [lidar_clustering]: ID=3, X=4.37 m, Y=1.37 m, Width=0.09 m, Depth=0.02 m, Distance=4.58 m
[cluster_plot_node-13] [INFO] [1789399220.520099832] [lidar_clustering]: ID=4, X=2.88 m, Y=1.24 m, Width=0.08 m, Depth=0.06 m, Distance=3.14 m
[cluster_plot_node-13] [INFO] [1789399220.520284596] [lidar_clustering]: ID=5, X=1.40 m, Y=1.14 m, Width=0.08 m, Depth=0.07 m, Distance=1.81 m
[cluster_plot_node-13] [INFO] [1789399220.520464150] [lidar_clustering]: ID=6, X=0.37 m, Y=-6.35 m, Width=0.16 m, Depth=0.13 m, Distance=6.36 m
[cluster_plot_node-13] [INFO] [1789399220.520672467] [lidar_clustering]: ID=7, X=2.50 m, Y=-3.00 m, Width=0.91 m, Depth=0.15 m, Distance=3.90 m
[cluster_plot_node-13] [INFO] [1789399220.520922863] [lidar_clustering]: ID=8, X=1.53 m, Y=-2.30 m, Width=0.04 m, Depth=0.05 m, Distance=2.76 m
[cluster_plot_node-13] [INFO] [1789399220.521183839] [lidar_clustering]: ID=11, X=4.95 m, Y=-1.35 m, Width=5.32 m, Depth=5.15 m, Distance=5.13 m
[cluster_plot_node-13] [INFO] [1789399220.521380745] [lidar_clustering]: ID=12, X=1.65 m, Y=-4.96 m, Width=1.77 m, Depth=2.50 m, Distance=5.22 m
[cluster_plot_node-13] [INFO] [1789399220.521560129] [lidar_clustering]: ID=13, X=7.70 m, Y=2.03 m, Width=0.09 m, Depth=0.03 m, Distance=7.97 m
[cluster_plot_node-13] [INFO] [1789399220.521735205] [lidar_clustering]: FollowGap: mode=AVOID, direction=LEFT, front=1.80 m, best_angle=14.8 deg
[cluster_plot_node-13] [INFO] [1789399220.521913807] [lidar_clustering]: points=547, clusters=9, tracks=11
[cluster_plot_node-13] [INFO] [1789399221.426763420] [lidar_clustering]: ID=1, X=5.37 m, Y=-1.08 m, Width=4.15 m, Depth=5.17 m, Distance=5.48 m
[cluster_plot_node-13] [INFO] [1789399221.426976106] [lidar_clustering]: ID=2, X=5.90 m, Y=1.46 m, Width=0.06 m, Depth=0.02 m, Distance=6.08 m
[cluster_plot_node-13] [INFO] [1789399221.427154057] [lidar_clustering]: ID=3, X=4.38 m, Y=1.37 m, Width=0.09 m, Depth=0.03 m, Distance=4.59 m
[cluster_plot_node-13] [INFO] [1789399221.427327260] [lidar_clustering]: ID=4, X=2.88 m, Y=1.24 m, Width=0.08 m, Depth=0.06 m, Distance=3.14 m
[cluster_plot_node-13] [INFO] [1789399221.427503147] [lidar_clustering]: ID=5, X=1.40 m, Y=1.14 m, Width=0.09 m, Depth=0.07 m, Distance=1.81 m
[cluster_plot_node-13] [INFO] [1789399221.427679375] [lidar_clustering]: ID=6, X=0.38 m, Y=-6.31 m, Width=0.32 m, Depth=0.10 m, Distance=6.32 m
[cluster_plot_node-13] [INFO] [1789399221.427851184] [lidar_clustering]: ID=7, X=2.47 m, Y=-2.93 m, Width=0.88 m, Depth=0.16 m, Distance=3.84 m
[cluster_plot_node-13] [INFO] [1789399221.428024557] [lidar_clustering]: ID=8, X=1.53 m, Y=-2.30 m, Width=0.04 m, Depth=0.06 m, Distance=2.76 m
[cluster_plot_node-13] [INFO] [1789399221.428196287] [lidar_clustering]: ID=11, X=4.95 m, Y=-1.35 m, Width=5.32 m, Depth=5.19 m, Distance=5.13 m
[cluster_plot_node-13] [INFO] [1789399221.428372855] [lidar_clustering]: ID=12, X=2.01 m, Y=-4.69 m, Width=0.81 m, Depth=1.39 m, Distance=5.10 m
[cluster_plot_node-13] [INFO] [1789399221.428546288] [lidar_clustering]: ID=13, X=7.71 m, Y=2.03 m, Width=0.09 m, Depth=0.02 m, Distance=7.97 m
[cluster_plot_node-13] [INFO] [1789399221.428723948] [lidar_clustering]: FollowGap: mode=AVOID, direction=LEFT, front=1.80 m, best_angle=14.8 deg
[vrs_ntrip_client-3] [INFO] [1789399221.503166010] [ngii_vrs_ntrip_client]: [NTRIP 연결됨] RTCM 88프레임 발행, GGA 실측(36.97059,127.87461)
[serial_bridge-12] [WARN] [1789399222.269563738] [serial_bridge_node]: ⚠ 공급전압 강하: VMIN=4295mV — 배터리/전원 확인
[cluster_plot_node-13] [INFO] [1789399222.336398655] [lidar_clustering]: ID=1, X=5.37 m, Y=-1.07 m, Width=4.19 m, Depth=5.16 m, Distance=5.48 m
[cluster_plot_node-13] [INFO] [1789399222.336667285] [lidar_clustering]: ID=2, X=5.90 m, Y=1.47 m, Width=0.08 m, Depth=0.03 m, Distance=6.08 m
[cluster_plot_node-13] [INFO] [1789399222.336914094] [lidar_clustering]: ID=3, X=4.38 m, Y=1.37 m, Width=0.09 m, Depth=0.04 m, Distance=4.59 m
[cluster_plot_node-13] [INFO] [1789399222.337153079] [lidar_clustering]: ID=4, X=2.87 m, Y=1.25 m, Width=0.10 m, Depth=0.05 m, Distance=3.14 m
[cluster_plot_node-13] [INFO] [1789399222.337390190] [lidar_clustering]: ID=5, X=1.40 m, Y=1.14 m, Width=0.08 m, Depth=0.06 m, Distance=1.81 m
[cluster_plot_node-13] [INFO] [1789399222.337598788] [lidar_clustering]: ID=6, X=0.41 m, Y=-6.34 m, Width=0.32 m, Depth=0.20 m, Distance=6.35 m
[cluster_plot_node-13] [INFO] [1789399222.337826872] [lidar_clustering]: ID=7, X=2.47 m, Y=-2.93 m, Width=0.89 m, Depth=0.16 m, Distance=3.83 m
[cluster_plot_node-13] [INFO] [1789399222.338018940] [lidar_clustering]: ID=8, X=1.53 m, Y=-2.31 m, Width=0.05 m, Depth=0.06 m, Distance=2.77 m
[cluster_plot_node-13] [INFO] [1789399222.338285255] [lidar_clustering]: ID=11, X=4.96 m, Y=-1.34 m, Width=5.29 m, Depth=5.16 m, Distance=5.14 m
[cluster_plot_node-13] [INFO] [1789399222.338551871] [lidar_clustering]: ID=12, X=1.62 m, Y=-4.99 m, Width=2.29 m, Depth=2.63 m, Distance=5.25 m
[cluster_plot_node-13] [INFO] [1789399222.338764156] [lidar_clustering]: ID=13, X=7.72 m, Y=2.03 m, Width=0.09 m, Depth=0.02 m, Distance=7.98 m
[cluster_plot_node-13] [INFO] [1789399222.338949101] [lidar_clustering]: FollowGap: mode=AVOID, direction=LEFT, front=1.05 m, best_angle=15.0 deg
[cluster_plot_node-13] [INFO] [1789399222.339127683] [lidar_clustering]: points=547, clusters=7, tracks=11
[direct_localization_node-6] [INFO] [1789399222.587875906] [direct_localization]: pose: x=-21.91 y=-7.82 yaw=178.7° v=-0.00m/s [헤딩 미정렬(10m직진 필요)]
[heading_init_node-5] [WARN] [1789399222.604208128] [gps_heading_init]: RTK 수렴 대기 중 (수평 σ=22.0cm > 5cm) — 출발하지 않는다. ⚠ 여기서 출발하면 RTK 확정 순간의 좌표 점프를 직진으로 오인한다(2026-08-24 충돌 원인). 정말 무시하려면 require_rtk:=false.
[cluster_plot_node-13] [INFO] [1789399223.244741401] [lidar_clustering]: ID=2, X=5.91 m, Y=1.47 m, Width=0.08 m, Depth=0.04 m, Distance=6.09 m
[cluster_plot_node-13] [INFO] [1789399223.244951311] [lidar_clustering]: ID=3, X=4.38 m, Y=1.36 m, Width=0.08 m, Depth=0.05 m, Distance=4.59 m
[cluster_plot_node-13] [INFO] [1789399223.245131096] [lidar_clustering]: ID=4, X=2.87 m, Y=1.25 m, Width=0.10 m, Depth=0.06 m, Distance=3.13 m
[cluster_plot_node-13] [INFO] [1789399223.245301643] [lidar_clustering]: ID=5, X=1.40 m, Y=1.14 m, Width=0.09 m, Depth=0.07 m, Distance=1.81 m
[cluster_plot_node-13] [INFO] [1789399223.245478021] [lidar_clustering]: ID=6, X=0.37 m, Y=-6.35 m, Width=0.16 m, Depth=0.13 m, Distance=6.36 m
[cluster_plot_node-13] [INFO] [1789399223.245648088] [lidar_clustering]: ID=8, X=1.53 m, Y=-2.31 m, Width=0.07 m, Depth=0.06 m, Distance=2.77 m
[cluster_plot_node-13] [INFO] [1789399223.245816471] [lidar_clustering]: ID=11, X=4.95 m, Y=-1.34 m, Width=5.35 m, Depth=5.19 m, Distance=5.13 m
[cluster_plot_node-13] [INFO] [1789399223.245996456] [lidar_clustering]: ID=12, X=2.05 m, Y=-4.66 m, Width=0.61 m, Depth=1.28 m, Distance=5.09 m
[cluster_plot_node-13] [INFO] [1789399223.246175399] [lidar_clustering]: FollowGap: mode=AVOID, direction=LEFT, front=1.05 m, best_angle=14.8 deg
[cluster_plot_node-13] [INFO] [1789399224.153826123] [lidar_clustering]: ID=2, X=5.90 m, Y=1.47 m, Width=0.08 m, Depth=0.03 m, Distance=6.08 m
[cluster_plot_node-13] [INFO] [1789399224.154101857] [lidar_clustering]: ID=3, X=4.38 m, Y=1.37 m, Width=0.09 m, Depth=0.04 m, Distance=4.59 m
[cluster_plot_node-13] [INFO] [1789399224.154366218] [lidar_clustering]: ID=4, X=2.87 m, Y=1.25 m, Width=0.07 m, Depth=0.05 m, Distance=3.13 m
[cluster_plot_node-13] [INFO] [1789399224.154644096] [lidar_clustering]: ID=5, X=1.40 m, Y=1.14 m, Width=0.08 m, Depth=0.06 m, Distance=1.80 m
[cluster_plot_node-13] [INFO] [1789399224.154948552] [lidar_clustering]: ID=6, X=0.39 m, Y=-6.31 m, Width=0.22 m, Depth=0.16 m, Distance=6.32 m
[cluster_plot_node-13] [INFO] [1789399224.155246657] [lidar_clustering]: ID=8, X=1.53 m, Y=-2.31 m, Width=0.05 m, Depth=0.06 m, Distance=2.77 m
[cluster_plot_node-13] [INFO] [1789399224.155526197] [lidar_clustering]: ID=11, X=4.96 m, Y=-1.33 m, Width=5.27 m, Depth=5.18 m, Distance=5.14 m
[cluster_plot_node-13] [INFO] [1789399224.155796239] [lidar_clustering]: ID=12, X=1.61 m, Y=-4.99 m, Width=2.29 m, Depth=2.62 m, Distance=5.25 m
[cluster_plot_node-13] [INFO] [1789399224.156058628] [lidar_clustering]: FollowGap: mode=AVOID, direction=LEFT, front=1.80 m, best_angle=14.8 deg
[cluster_plot_node-13] [INFO] [1789399224.156323100] [lidar_clustering]: points=542, clusters=7, tracks=8
[heading_init_node-5] [WARN] [1789399224.614185893] [gps_heading_init]: RTK 수렴 대기 중 (수평 σ=22.0cm > 5cm) — 출발하지 않는다. ⚠ 여기서 출발하면 RTK 확정 순간의 좌표 점프를 직진으로 오인한다(2026-08-24 충돌 원인). 정말 무시하려면 require_rtk:=false.
[cluster_plot_node-13] [INFO] [1789399225.062681476] [lidar_clustering]: ID=1, X=5.37 m, Y=-1.07 m, Width=4.19 m, Depth=5.22 m, Distance=5.48 m
[cluster_plot_node-13] [INFO] [1789399225.062900744] [lidar_clustering]: ID=2, X=5.90 m, Y=1.47 m, Width=0.08 m, Depth=0.03 m, Distance=6.08 m
[cluster_plot_node-13] [INFO] [1789399225.063079056] [lidar_clustering]: ID=3, X=4.38 m, Y=1.37 m, Width=0.09 m, Depth=0.04 m, Distance=4.59 m
[cluster_plot_node-13] [INFO] [1789399225.063278797] [lidar_clustering]: ID=4, X=2.87 m, Y=1.25 m, Width=0.10 m, Depth=0.06 m, Distance=3.13 m
[cluster_plot_node-13] [INFO] [1789399225.063459874] [lidar_clustering]: ID=5, X=1.40 m, Y=1.14 m, Width=0.07 m, Depth=0.05 m, Distance=1.81 m
[cluster_plot_node-13] [INFO] [1789399225.063636192] [lidar_clustering]: ID=6, X=0.40 m, Y=-6.34 m, Width=0.22 m, Depth=0.19 m, Distance=6.35 m
[cluster_plot_node-13] [INFO] [1789399225.063810096] [lidar_clustering]: ID=7, X=2.47 m, Y=-2.94 m, Width=0.91 m, Depth=0.15 m, Distance=3.84 m
[cluster_plot_node-13] [INFO] [1789399225.063983439] [lidar_clustering]: ID=8, X=1.53 m, Y=-2.31 m, Width=0.06 m, Depth=0.05 m, Distance=2.77 m
[cluster_plot_node-13] [INFO] [1789399225.064156481] [lidar_clustering]: ID=11, X=4.95 m, Y=-1.35 m, Width=5.35 m, Depth=5.21 m, Distance=5.13 m
[cluster_plot_node-13] [INFO] [1789399225.064328310] [lidar_clustering]: ID=12, X=1.59 m, Y=-5.02 m, Width=2.28 m, Depth=2.60 m, Distance=5.27 m
[cluster_plot_node-13] [INFO] [1789399225.064507514] [lidar_clustering]: FollowGap: mode=AVOID, direction=LEFT, front=1.05 m, best_angle=15.0 deg
[serial_bridge-12] [WARN] [1789399225.529978378] [serial_bridge_node]: ⚠ 공급전압 강하: VMIN=4295mV — 배터리/전원 확인
[direct_localization_node-6] [INFO] [1789399225.587490558] [direct_localization]: pose: x=-21.91 y=-7.82 yaw=178.7° v=0.00m/s [헤딩 미정렬(10m직진 필요)]
[cluster_plot_node-13] [INFO] [1789399225.971900581] [lidar_clustering]: ID=1, X=5.37 m, Y=-1.07 m, Width=4.15 m, Depth=5.18 m, Distance=5.48 m
[cluster_plot_node-13] [INFO] [1789399225.972110662] [lidar_clustering]: ID=2, X=5.91 m, Y=1.47 m, Width=0.08 m, Depth=0.04 m, Distance=6.09 m
[cluster_plot_node-13] [INFO] [1789399225.972292230] [lidar_clustering]: ID=3, X=4.38 m, Y=1.36 m, Width=0.08 m, Depth=0.05 m, Distance=4.59 m
[cluster_plot_node-13] [INFO] [1789399225.972472175] [lidar_clustering]: ID=4, X=2.88 m, Y=1.25 m, Width=0.08 m, Depth=0.06 m, Distance=3.14 m
[cluster_plot_node-13] [INFO] [1789399225.972645077] [lidar_clustering]: ID=5, X=1.40 m, Y=1.14 m, Width=0.08 m, Depth=0.06 m, Distance=1.81 m
[cluster_plot_node-13] [INFO] [1789399225.972817528] [lidar_clustering]: ID=6, X=0.38 m, Y=-6.31 m, Width=0.26 m, Depth=0.14 m, Distance=6.32 m
[cluster_plot_node-13] [INFO] [1789399225.972987975] [lidar_clustering]: ID=7, X=2.47 m, Y=-2.94 m, Width=0.95 m, Depth=0.15 m, Distance=3.84 m
[cluster_plot_node-13] [INFO] [1789399225.973157611] [lidar_clustering]: ID=8, X=1.53 m, Y=-2.31 m, Width=0.04 m, Depth=0.05 m, Distance=2.77 m
[cluster_plot_node-13] [INFO] [1789399225.973331484] [lidar_clustering]: ID=11, X=4.94 m, Y=-1.35 m, Width=5.30 m, Depth=5.16 m, Distance=5.13 m
[cluster_plot_node-13] [INFO] [1789399225.973507181] [lidar_clustering]: ID=12, X=1.66 m, Y=-4.94 m, Width=1.60 m, Depth=2.49 m, Distance=5.21 m
[cluster_plot_node-13] [INFO] [1789399225.973680083] [lidar_clustering]: FollowGap: mode=AVOID, direction=LEFT, front=1.80 m, best_angle=15.0 deg
[cluster_plot_node-13] [INFO] [1789399225.973849799] [lidar_clustering]: points=547, clusters=9, tracks=10
[vrs_ntrip_client-3] [INFO] [1789399226.503265457] [ngii_vrs_ntrip_client]: [NTRIP 연결됨] RTCM 116프레임 발행, GGA 실측(36.97059,127.87461)
[heading_init_node-5] [WARN] [1789399226.703969125] [gps_heading_init]: RTK 수렴 대기 중 (수평 σ=22.0cm > 5cm) — 출발하지 않는다. ⚠ 여기서 출발하면 RTK 확정 순간의 좌표 점프를 직진으로 오인한다(2026-08-24 충돌 원인). 정말 무시하려면 require_rtk:=false.
[cluster_plot_node-13] [INFO] [1789399226.880160439] [lidar_clustering]: ID=2, X=5.90 m, Y=1.47 m, Width=0.08 m, Depth=0.04 m, Distance=6.08 m
[cluster_plot_node-13] [INFO] [1789399226.880394014] [lidar_clustering]: ID=3, X=4.38 m, Y=1.37 m, Width=0.09 m, Depth=0.02 m, Distance=4.58 m
[cluster_plot_node-13] [INFO] [1789399226.880636625] [lidar_clustering]: ID=4, X=2.88 m, Y=1.25 m, Width=0.07 m, Depth=0.06 m, Distance=3.14 m
[cluster_plot_node-13] [INFO] [1789399226.880873035] [lidar_clustering]: ID=5, X=1.40 m, Y=1.14 m, Width=0.07 m, Depth=0.07 m, Distance=1.81 m
[cluster_plot_node-13] [INFO] [1789399226.881116608] [lidar_clustering]: ID=6, X=0.37 m, Y=-6.35 m, Width=0.21 m, Depth=0.10 m, Distance=6.36 m
[cluster_plot_node-13] [INFO] [1789399226.881322892] [lidar_clustering]: ID=7, X=2.66 m, Y=-3.60 m, Width=0.03 m, Depth=0.04 m, Distance=4.48 m
[cluster_plot_node-13] [INFO] [1789399226.881564662] [lidar_clustering]: ID=8, X=1.53 m, Y=-2.31 m, Width=0.06 m, Depth=0.05 m, Distance=2.77 m
[cluster_plot_node-13] [INFO] [1789399226.881772689] [lidar_clustering]: ID=11, X=4.96 m, Y=-1.34 m, Width=5.39 m, Depth=5.28 m, Distance=5.14 m
[cluster_plot_node-13] [INFO] [1789399226.881953576] [lidar_clustering]: ID=12, X=1.63 m, Y=-4.96 m, Width=1.74 m, Depth=2.49 m, Distance=5.23 m
[cluster_plot_node-13] [INFO] [1789399226.882129423] [lidar_clustering]: FollowGap: mode=AVOID, direction=LEFT, front=1.80 m, best_angle=15.0 deg
[cluster_plot_node-13] [INFO] [1789399227.789228216] [lidar_clustering]: ID=1, X=5.37 m, Y=-1.08 m, Width=4.15 m, Depth=5.17 m, Distance=5.47 m
[cluster_plot_node-13] [INFO] [1789399227.789445671] [lidar_clustering]: ID=2, X=5.90 m, Y=1.47 m, Width=0.08 m, Depth=0.03 m, Distance=6.08 m
[cluster_plot_node-13] [INFO] [1789399227.789620005] [lidar_clustering]: ID=3, X=4.38 m, Y=1.37 m, Width=0.09 m, Depth=0.04 m, Distance=4.59 m
[cluster_plot_node-13] [INFO] [1789399227.789795332] [lidar_clustering]: ID=4, X=2.87 m, Y=1.25 m, Width=0.09 m, Depth=0.05 m, Distance=3.13 m
[cluster_plot_node-13] [INFO] [1789399227.789964306] [lidar_clustering]: ID=5, X=1.40 m, Y=1.14 m, Width=0.07 m, Depth=0.07 m, Distance=1.81 m
[cluster_plot_node-13] [INFO] [1789399227.790134172] [lidar_clustering]: ID=6, X=0.39 m, Y=-6.28 m, Width=0.38 m, Depth=0.17 m, Distance=6.29 m
[cluster_plot_node-13] [INFO] [1789399227.790302996] [lidar_clustering]: ID=7, X=2.49 m, Y=-2.99 m, Width=0.89 m, Depth=0.17 m, Distance=3.89 m
[cluster_plot_node-13] [INFO] [1789399227.790475367] [lidar_clustering]: ID=8, X=1.53 m, Y=-2.31 m, Width=0.04 m, Depth=0.05 m, Distance=2.77 m
[cluster_plot_node-13] [INFO] [1789399227.790644983] [lidar_clustering]: ID=11, X=4.93 m, Y=-1.37 m, Width=5.38 m, Depth=5.21 m, Distance=5.11 m
[cluster_plot_node-13] [INFO] [1789399227.790812875] [lidar_clustering]: ID=12, X=1.79 m, Y=-4.85 m, Width=1.46 m, Depth=2.28 m, Distance=5.17 m
[cluster_plot_node-13] [INFO] [1789399227.790981870] [lidar_clustering]: FollowGap: mode=AVOID, direction=LEFT, front=1.05 m, best_angle=15.0 deg
[cluster_plot_node-13] [INFO] [1789399227.791151535] [lidar_clustering]: points=543, clusters=8, tracks=10
[direct_localization_node-6] [INFO] [1789399228.587605781] [direct_localization]: pose: x=-21.91 y=-7.82 yaw=178.7° v=0.01m/s [헤딩 미정렬(10m직진 필요)]
[serial_bridge-12] [WARN] [1789399228.687786954] [serial_bridge_node]: ⚠ 공급전압 강하: VMIN=4295mV — 배터리/전원 확인
[cluster_plot_node-13] [INFO] [1789399228.698192657] [lidar_clustering]: ID=1, X=5.38 m, Y=-1.07 m, Width=4.15 m, Depth=5.18 m, Distance=5.48 m
[cluster_plot_node-13] [INFO] [1789399228.698522782] [lidar_clustering]: ID=2, X=5.90 m, Y=1.47 m, Width=0.08 m, Depth=0.04 m, Distance=6.08 m
[cluster_plot_node-13] [INFO] [1789399228.698742992] [lidar_clustering]: ID=3, X=4.37 m, Y=1.37 m, Width=0.09 m, Depth=0.02 m, Distance=4.58 m
[cluster_plot_node-13] [INFO] [1789399228.698935269] [lidar_clustering]: ID=4, X=2.88 m, Y=1.25 m, Width=0.06 m, Depth=0.08 m, Distance=3.14 m
[cluster_plot_node-13] [INFO] [1789399228.699121656] [lidar_clustering]: ID=5, X=1.40 m, Y=1.14 m, Width=0.08 m, Depth=0.07 m, Distance=1.81 m
[cluster_plot_node-13] [INFO] [1789399228.699357836] [lidar_clustering]: ID=6, X=0.41 m, Y=-6.33 m, Width=0.29 m, Depth=0.20 m, Distance=6.34 m
[cluster_plot_node-13] [INFO] [1789399228.699806981] [lidar_clustering]: ID=7, X=2.47 m, Y=-2.95 m, Width=0.94 m, Depth=0.15 m, Distance=3.85 m
[cluster_plot_node-13] [INFO] [1789399228.700064531] [lidar_clustering]: ID=8, X=1.53 m, Y=-2.30 m, Width=0.05 m, Depth=0.06 m, Distance=2.77 m
[cluster_plot_node-13] [INFO] [1789399228.700280683] [lidar_clustering]: ID=11, X=4.95 m, Y=-1.35 m, Width=5.29 m, Depth=5.18 m, Distance=5.13 m
[cluster_plot_node-13] [INFO] [1789399228.700497526] [lidar_clustering]: ID=12, X=1.61 m, Y=-4.99 m, Width=2.28 m, Depth=2.61 m, Distance=5.25 m
[cluster_plot_node-13] [INFO] [1789399228.700687700] [lidar_clustering]: FollowGap: mode=AVOID, direction=LEFT, front=1.80 m, best_angle=14.8 deg
[heading_init_node-5] [WARN] [1789399228.803989019] [gps_heading_init]: RTK 수렴 대기 중 (수평 σ=22.0cm > 5cm) — 출발하지 않는다. ⚠ 여기서 출발하면 RTK 확정 순간의 좌표 점프를 직진으로 오인한다(2026-08-24 충돌 원인). 정말 무시하려면 require_rtk:=false.
[heading_init_node-5] [INFO] [1789399229.604000130] [gps_heading_init]: RTK 수렴 (수평 σ=1.0cm) — 헤딩 캘리브를 시작한다.
[heading_init_node-5] [INFO] [1789399229.604334112] [gps_heading_init]: 시작점 기록: (36.9705884, 127.8746071). 직진 시작하세요.
[cluster_plot_node-13] [INFO] [1789399229.607359562] [lidar_clustering]: ID=1, X=5.36 m, Y=-1.10 m, Width=4.02 m, Depth=5.13 m, Distance=5.47 m
[cluster_plot_node-13] [INFO] [1789399229.607578359] [lidar_clustering]: ID=2, X=5.90 m, Y=1.47 m, Width=0.09 m, Depth=0.03 m, Distance=6.08 m
[cluster_plot_node-13] [INFO] [1789399229.607790574] [lidar_clustering]: ID=3, X=4.38 m, Y=1.37 m, Width=0.09 m, Depth=0.03 m, Distance=4.59 m
[cluster_plot_node-13] [INFO] [1789399229.607975919] [lidar_clustering]: ID=4, X=2.87 m, Y=1.25 m, Width=0.08 m, Depth=0.05 m, Distance=3.13 m
[cluster_plot_node-13] [INFO] [1789399229.608161464] [lidar_clustering]: ID=5, X=1.40 m, Y=1.14 m, Width=0.08 m, Depth=0.07 m, Distance=1.81 m
[cluster_plot_node-13] [INFO] [1789399229.608346238] [lidar_clustering]: ID=6, X=0.37 m, Y=-6.34 m, Width=0.24 m, Depth=0.10 m, Distance=6.35 m
[cluster_plot_node-13] [INFO] [1789399229.608526874] [lidar_clustering]: ID=7, X=2.47 m, Y=-2.95 m, Width=0.93 m, Depth=0.15 m, Distance=3.85 m
[cluster_plot_node-13] [INFO] [1789399229.608703963] [lidar_clustering]: ID=8, X=1.53 m, Y=-2.31 m, Width=0.06 m, Depth=0.05 m, Distance=2.77 m
[cluster_plot_node-13] [INFO] [1789399229.608880251] [lidar_clustering]: ID=11, X=4.94 m, Y=-1.36 m, Width=5.35 m, Depth=5.25 m, Distance=5.12 m
[cluster_plot_node-13] [INFO] [1789399229.609058874] [lidar_clustering]: ID=12, X=1.59 m, Y=-5.02 m, Width=2.18 m, Depth=2.44 m, Distance=5.26 m
[cluster_plot_node-13] [INFO] [1789399229.609240732] [lidar_clustering]: FollowGap: mode=AVOID, direction=LEFT, front=1.80 m, best_angle=14.8 deg
[cluster_plot_node-13] [INFO] [1789399229.609422621] [lidar_clustering]: points=542, clusters=7, tracks=10
[heading_init_node-5] [WARN] [1789399229.700839996] [gps_heading_init]: 자동 직진 5초 전... (E-stop 준비)
[heading_init_node-5] [INFO] [1789399229.703864565] [gps_heading_init]: 직진 중... 0.0/10m
[vehicle_cmd_mux-11] [INFO] [1789399229.707783738] [vehicle_cmd_mux]: 모드: TELEOP
[cluster_plot_node-13] [INFO] [1789399230.515873707] [lidar_clustering]: ID=1, X=5.38 m, Y=-1.07 m, Width=4.15 m, Depth=5.20 m, Distance=5.48 m
[cluster_plot_node-13] [INFO] [1789399230.516101351] [lidar_clustering]: ID=2, X=5.90 m, Y=1.47 m, Width=0.07 m, Depth=0.05 m, Distance=6.09 m
[cluster_plot_node-13] [INFO] [1789399230.516284522] [lidar_clustering]: ID=3, X=4.38 m, Y=1.36 m, Width=0.09 m, Depth=0.05 m, Distance=4.59 m
[cluster_plot_node-13] [INFO] [1789399230.516468094] [lidar_clustering]: ID=4, X=2.87 m, Y=1.25 m, Width=0.10 m, Depth=0.06 m, Distance=3.13 m
[cluster_plot_node-13] [INFO] [1789399230.516644331] [lidar_clustering]: ID=5, X=1.40 m, Y=1.14 m, Width=0.07 m, Depth=0.05 m, Distance=1.81 m
[cluster_plot_node-13] [INFO] [1789399230.516831570] [lidar_clustering]: ID=6, X=0.36 m, Y=-6.36 m, Width=0.11 m, Depth=0.08 m, Distance=6.37 m
[cluster_plot_node-13] [INFO] [1789399230.517197170] [lidar_clustering]: ID=7, X=2.47 m, Y=-2.94 m, Width=0.94 m, Depth=0.16 m, Distance=3.84 m
[cluster_plot_node-13] [INFO] [1789399230.517463115] [lidar_clustering]: ID=8, X=1.53 m, Y=-2.31 m, Width=0.07 m, Depth=0.05 m, Distance=2.78 m
[cluster_plot_node-13] [INFO] [1789399230.517652718] [lidar_clustering]: ID=11, X=4.94 m, Y=-1.35 m, Width=5.29 m, Depth=5.14 m, Distance=5.12 m
[cluster_plot_node-13] [INFO] [1789399230.517831190] [lidar_clustering]: ID=12, X=2.12 m, Y=-4.61 m, Width=0.79 m, Depth=1.41 m, Distance=5.07 m
[cluster_plot_node-13] [INFO] [1789399230.518011025] [lidar_clustering]: FollowGap: mode=AVOID, direction=LEFT, front=1.05 m, best_angle=15.0 deg
[heading_init_node-5] [WARN] [1789399230.701018348] [gps_heading_init]: 자동 직진 4초 전... (E-stop 준비)
[cluster_plot_node-13] [INFO] [1789399231.424683069] [lidar_clustering]: ID=2, X=5.90 m, Y=1.47 m, Width=0.08 m, Depth=0.03 m, Distance=6.08 m
[cluster_plot_node-13] [INFO] [1789399231.424964272] [lidar_clustering]: ID=3, X=4.38 m, Y=1.37 m, Width=0.09 m, Depth=0.04 m, Distance=4.59 m
[cluster_plot_node-13] [INFO] [1789399231.425203688] [lidar_clustering]: ID=4, X=2.87 m, Y=1.25 m, Width=0.09 m, Depth=0.05 m, Distance=3.13 m
[cluster_plot_node-13] [INFO] [1789399231.425455106] [lidar_clustering]: ID=5, X=1.40 m, Y=1.14 m, Width=0.07 m, Depth=0.07 m, Distance=1.81 m
[cluster_plot_node-13] [INFO] [1789399231.425732201] [lidar_clustering]: ID=6, X=0.37 m, Y=-6.31 m, Width=0.25 m, Depth=0.10 m, Distance=6.32 m
[cluster_plot_node-13] [INFO] [1789399231.426032450] [lidar_clustering]: ID=8, X=1.53 m, Y=-2.31 m, Width=0.04 m, Depth=0.06 m, Distance=2.77 m
[cluster_plot_node-13] [INFO] [1789399231.426328100] [lidar_clustering]: ID=11, X=4.95 m, Y=-1.36 m, Width=5.35 m, Depth=5.20 m, Distance=5.13 m
[cluster_plot_node-13] [INFO] [1789399231.426597201] [lidar_clustering]: ID=12, X=1.60 m, Y=-4.99 m, Width=1.64 m, Depth=2.35 m, Distance=5.24 m
[cluster_plot_node-13] [INFO] [1789399231.426801802] [lidar_clustering]: FollowGap: mode=AVOID, direction=LEFT, front=1.05 m, best_angle=15.0 deg
[cluster_plot_node-13] [INFO] [1789399231.426990282] [lidar_clustering]: points=542, clusters=8, tracks=8
[vrs_ntrip_client-3] [INFO] [1789399231.503274558] [ngii_vrs_ntrip_client]: [NTRIP 연결됨] RTCM 136프레임 발행, GGA 실측(36.97059,127.87461)
[direct_localization_node-6] [INFO] [1789399231.587607381] [direct_localization]: pose: x=-21.91 y=-7.82 yaw=178.7° v=0.02m/s [헤딩 미정렬(10m직진 필요)]
[serial_bridge-12] [WARN] [1789399231.698154827] [serial_bridge_node]: ⚠ 공급전압 강하: VMIN=4295mV — 배터리/전원 확인
[heading_init_node-5] [WARN] [1789399231.700541659] [gps_heading_init]: 자동 직진 3초 전... (E-stop 준비)
[cluster_plot_node-13] [INFO] [1789399232.333394544] [lidar_clustering]: ID=2, X=5.90 m, Y=1.46 m, Width=0.06 m, Depth=0.02 m, Distance=6.08 m
[cluster_plot_node-13] [INFO] [1789399232.333686979] [lidar_clustering]: ID=3, X=4.38 m, Y=1.37 m, Width=0.10 m, Depth=0.03 m, Distance=4.59 m
[cluster_plot_node-13] [INFO] [1789399232.333923649] [lidar_clustering]: ID=4, X=2.88 m, Y=1.25 m, Width=0.08 m, Depth=0.06 m, Distance=3.14 m
[cluster_plot_node-13] [INFO] [1789399232.334186889] [lidar_clustering]: ID=5, X=1.40 m, Y=1.14 m, Width=0.09 m, Depth=0.07 m, Distance=1.81 m
[cluster_plot_node-13] [INFO] [1789399232.334389526] [lidar_clustering]: ID=6, X=0.38 m, Y=-6.32 m, Width=0.33 m, Depth=0.11 m, Distance=6.33 m
[cluster_plot_node-13] [INFO] [1789399232.334569491] [lidar_clustering]: ID=8, X=1.53 m, Y=-2.31 m, Width=0.04 m, Depth=0.04 m, Distance=2.77 m
[cluster_plot_node-13] [INFO] [1789399232.334751199] [lidar_clustering]: ID=11, X=4.93 m, Y=-1.37 m, Width=5.31 m, Depth=5.14 m, Distance=5.11 m
[cluster_plot_node-13] [INFO] [1789399232.334932556] [lidar_clustering]: ID=12, X=1.82 m, Y=-4.82 m, Width=0.97 m, Depth=1.68 m, Distance=5.15 m
[cluster_plot_node-13] [INFO] [1789399232.335119615] [lidar_clustering]: FollowGap: mode=AVOID, direction=LEFT, front=1.80 m, best_angle=14.8 deg
[heading_init_node-5] [WARN] [1789399232.700647090] [gps_heading_init]: 자동 직진 2초 전... (E-stop 준비)
[cluster_plot_node-13] [INFO] [1789399233.242313152] [lidar_clustering]: ID=2, X=5.91 m, Y=1.47 m, Width=0.08 m, Depth=0.04 m, Distance=6.09 m
[cluster_plot_node-13] [INFO] [1789399233.242527941] [lidar_clustering]: ID=3, X=4.38 m, Y=1.36 m, Width=0.07 m, Depth=0.05 m, Distance=4.59 m
[cluster_plot_node-13] [INFO] [1789399233.242702296] [lidar_clustering]: ID=4, X=2.87 m, Y=1.25 m, Width=0.10 m, Depth=0.05 m, Distance=3.13 m
[cluster_plot_node-13] [INFO] [1789399233.242872633] [lidar_clustering]: ID=5, X=1.40 m, Y=1.14 m, Width=0.08 m, Depth=0.06 m, Distance=1.81 m
[cluster_plot_node-13] [INFO] [1789399233.243044442] [lidar_clustering]: ID=6, X=0.36 m, Y=-6.37 m, Width=0.17 m, Depth=0.10 m, Distance=6.38 m
[cluster_plot_node-13] [INFO] [1789399233.243212876] [lidar_clustering]: ID=7, X=2.61 m, Y=-3.65 m, Width=0.03 m, Depth=0.04 m, Distance=4.49 m
[cluster_plot_node-13] [INFO] [1789399233.243387501] [lidar_clustering]: ID=8, X=1.53 m, Y=-2.30 m, Width=0.04 m, Depth=0.05 m, Distance=2.76 m
[cluster_plot_node-13] [INFO] [1789399233.243559982] [lidar_clustering]: ID=11, X=4.97 m, Y=-1.33 m, Width=5.24 m, Depth=5.15 m, Distance=5.14 m
[cluster_plot_node-13] [INFO] [1789399233.243728045] [lidar_clustering]: ID=12, X=1.63 m, Y=-4.97 m, Width=1.96 m, Depth=2.58 m, Distance=5.23 m
[cluster_plot_node-13] [INFO] [1789399233.243896628] [lidar_clustering]: FollowGap: mode=AVOID, direction=LEFT, front=1.06 m, best_angle=15.0 deg
[cluster_plot_node-13] [INFO] [1789399233.244069049] [lidar_clustering]: points=544, clusters=7, tracks=9
[heading_init_node-5] [WARN] [1789399233.700704470] [gps_heading_init]: 자동 직진 1초 전... (E-stop 준비)
[cluster_plot_node-13] [INFO] [1789399234.145719928] [lidar_clustering]: ID=2, X=5.90 m, Y=1.47 m, Width=0.08 m, Depth=0.04 m, Distance=6.08 m
[cluster_plot_node-13] [INFO] [1789399234.146052577] [lidar_clustering]: ID=3, X=4.38 m, Y=1.36 m, Width=0.08 m, Depth=0.03 m, Distance=4.58 m
[cluster_plot_node-13] [INFO] [1789399234.146251126] [lidar_clustering]: ID=4, X=2.87 m, Y=1.25 m, Width=0.08 m, Depth=0.05 m, Distance=3.13 m
[cluster_plot_node-13] [INFO] [1789399234.146428907] [lidar_clustering]: ID=5, X=1.40 m, Y=1.14 m, Width=0.08 m, Depth=0.06 m, Distance=1.81 m
[cluster_plot_node-13] [INFO] [1789399234.146598633] [lidar_clustering]: ID=6, X=0.37 m, Y=-6.35 m, Width=0.15 m, Depth=0.13 m, Distance=6.36 m
[cluster_plot_node-13] [INFO] [1789399234.146764642] [lidar_clustering]: ID=7, X=2.65 m, Y=-3.70 m, Width=0.03 m, Depth=0.04 m, Distance=4.55 m
[cluster_plot_node-13] [INFO] [1789399234.146931012] [lidar_clustering]: ID=8, X=1.53 m, Y=-2.31 m, Width=0.06 m, Depth=0.05 m, Distance=2.77 m
[cluster_plot_node-13] [INFO] [1789399234.147095067] [lidar_clustering]: ID=11, X=4.93 m, Y=-1.37 m, Width=5.21 m, Depth=5.13 m, Distance=5.12 m
[cluster_plot_node-13] [INFO] [1789399234.147303725] [lidar_clustering]: ID=12, X=1.62 m, Y=-4.97 m, Width=1.60 m, Depth=2.32 m, Distance=5.23 m
[cluster_plot_node-13] [INFO] [1789399234.147483640] [lidar_clustering]: ID=15, X=7.71 m, Y=2.04 m, Width=0.11 m, Depth=0.02 m, Distance=7.98 m
[cluster_plot_node-13] [INFO] [1789399234.147652464] [lidar_clustering]: FollowGap: mode=AVOID, direction=LEFT, front=1.05 m, best_angle=14.8 deg
[direct_localization_node-6] [INFO] [1789399234.587535674] [direct_localization]: pose: x=-21.91 y=-7.82 yaw=178.8° v=-0.00m/s [헤딩 미정렬(10m직진 필요)]
[heading_init_node-5] [INFO] [1789399234.700481235] [gps_heading_init]: 직진 기준 헤딩 고정: 178.8° (절대값은 무의미, 변화량만 사용)
[serial_bridge-12] [WARN] [1789399234.708601987] [serial_bridge_node]: ⚠ 공급전압 강하: VMIN=4295mV — 배터리/전원 확인
[serial_bridge-12] [INFO] [1789399234.731821426] [serial_bridge_node]: 출발 — 정지마찰 하한 60 을 1200ms 인가한다
[cluster_plot_node-13] [INFO] [1789399235.053583464] [lidar_clustering]: ID=2, X=5.90 m, Y=1.47 m, Width=0.08 m, Depth=0.04 m, Distance=6.08 m
[cluster_plot_node-13] [INFO] [1789399235.053805507] [lidar_clustering]: ID=3, X=4.38 m, Y=1.36 m, Width=0.08 m, Depth=0.05 m, Distance=4.59 m
[cluster_plot_node-13] [INFO] [1789399235.053988287] [lidar_clustering]: ID=4, X=2.87 m, Y=1.25 m, Width=0.08 m, Depth=0.05 m, Distance=3.13 m
[cluster_plot_node-13] [INFO] [1789399235.054160588] [lidar_clustering]: ID=5, X=1.40 m, Y=1.14 m, Width=0.09 m, Depth=0.06 m, Distance=1.81 m
[cluster_plot_node-13] [INFO] [1789399235.054356282] [lidar_clustering]: ID=6, X=0.40 m, Y=-6.35 m, Width=0.16 m, Depth=0.19 m, Distance=6.36 m
[cluster_plot_node-13] [INFO] [1789399235.054536868] [lidar_clustering]: ID=7, X=2.51 m, Y=-3.01 m, Width=0.87 m, Depth=0.16 m, Distance=3.92 m
[cluster_plot_node-13] [INFO] [1789399235.054715060] [lidar_clustering]: ID=8, X=1.53 m, Y=-2.30 m, Width=0.04 m, Depth=0.04 m, Distance=2.76 m
[cluster_plot_node-13] [INFO] [1789399235.054894223] [lidar_clustering]: ID=11, X=5.23 m, Y=-1.18 m, Width=4.04 m, Depth=5.23 m, Distance=5.36 m
[cluster_plot_node-13] [INFO] [1789399235.055073537] [lidar_clustering]: ID=12, X=2.15 m, Y=-4.61 m, Width=0.63 m, Depth=1.22 m, Distance=5.09 m
[cluster_plot_node-13] [INFO] [1789399235.055252530] [lidar_clustering]: FollowGap: mode=AVOID, direction=LEFT, front=1.80 m, best_angle=15.0 deg
[cluster_plot_node-13] [INFO] [1789399235.055435160] [lidar_clustering]: points=455, clusters=8, tracks=9
[cluster_plot_node-13] [INFO] [1789399235.962816786] [lidar_clustering]: ID=2, X=5.74 m, Y=1.49 m, Width=0.07 m, Depth=0.05 m, Distance=5.93 m
[cluster_plot_node-13] [INFO] [1789399235.963027508] [lidar_clustering]: ID=3, X=4.21 m, Y=1.38 m, Width=0.10 m, Depth=0.06 m, Distance=4.43 m
[cluster_plot_node-13] [INFO] [1789399235.963204307] [lidar_clustering]: ID=4, X=2.70 m, Y=1.26 m, Width=0.09 m, Depth=0.06 m, Distance=2.99 m
[cluster_plot_node-13] [INFO] [1789399235.963383861] [lidar_clustering]: ID=5, X=1.23 m, Y=1.13 m, Width=0.05 m, Depth=0.06 m, Distance=1.68 m
[cluster_plot_node-13] [INFO] [1789399235.963554138] [lidar_clustering]: ID=6, X=0.48 m, Y=-6.31 m, Width=0.36 m, Depth=0.35 m, Distance=6.32 m
[cluster_plot_node-13] [INFO] [1789399235.963722682] [lidar_clustering]: ID=7, X=2.59 m, Y=-2.92 m, Width=0.89 m, Depth=0.23 m, Distance=3.90 m
[cluster_plot_node-13] [INFO] [1789399235.963892437] [lidar_clustering]: ID=8, X=1.40 m, Y=-2.32 m, Width=0.04 m, Depth=0.07 m, Distance=2.71 m
[cluster_plot_node-13] [INFO] [1789399235.964062885] [lidar_clustering]: ID=11, X=5.44 m, Y=-1.09 m, Width=3.96 m, Depth=5.13 m, Distance=5.54 m
[cluster_plot_node-13] [INFO] [1789399235.964236177] [lidar_clustering]: ID=12, X=1.82 m, Y=-4.84 m, Width=1.66 m, Depth=2.45 m, Distance=5.17 m
[cluster_plot_node-13] [INFO] [1789399235.964408748] [lidar_clustering]: ID=15, X=7.66 m, Y=1.86 m, Width=0.09 m, Depth=0.02 m, Distance=7.88 m
[cluster_plot_node-13] [INFO] [1789399235.964581209] [lidar_clustering]: FollowGap: mode=AVOID, direction=LEFT, front=1.66 m, best_angle=17.0 deg
[vrs_ntrip_client-3] [INFO] [1789399236.503260427] [ngii_vrs_ntrip_client]: [NTRIP 연결됨] RTCM 164프레임 발행, GGA 실측(36.97059,127.87460)
[cluster_plot_node-13] [INFO] [1789399236.871876591] [lidar_clustering]: ID=2, X=5.29 m, Y=1.54 m, Width=0.06 m, Depth=0.07 m, Distance=5.51 m
[cluster_plot_node-13] [INFO] [1789399236.872088215] [lidar_clustering]: ID=3, X=3.77 m, Y=1.40 m, Width=0.10 m, Depth=0.07 m, Distance=4.02 m
[cluster_plot_node-13] [INFO] [1789399236.872261618] [lidar_clustering]: ID=4, X=2.27 m, Y=1.26 m, Width=0.08 m, Depth=0.06 m, Distance=2.60 m
[cluster_plot_node-13] [INFO] [1789399236.872435311] [lidar_clustering]: ID=5, X=0.81 m, Y=1.13 m, Width=0.05 m, Depth=0.08 m, Distance=1.39 m
[cluster_plot_node-13] [INFO] [1789399236.872603744] [lidar_clustering]: ID=6, X=0.93 m, Y=-6.28 m, Width=0.89 m, Depth=1.32 m, Distance=6.34 m
[cluster_plot_node-13] [INFO] [1789399236.872771627] [lidar_clustering]: ID=8, X=1.02 m, Y=-2.30 m, Width=0.03 m, Depth=0.06 m, Distance=2.52 m
[cluster_plot_node-13] [INFO] [1789399236.872942765] [lidar_clustering]: ID=11, X=4.77 m, Y=-1.44 m, Width=4.20 m, Depth=4.16 m, Distance=4.98 m
[cluster_plot_node-13] [INFO] [1789399236.873110988] [lidar_clustering]: ID=12, X=2.35 m, Y=-4.52 m, Width=1.56 m, Depth=1.79 m, Distance=5.10 m
[cluster_plot_node-13] [INFO] [1789399236.873281546] [lidar_clustering]: ID=15, X=7.42 m, Y=2.93 m, Width=0.08 m, Depth=0.03 m, Distance=7.98 m
[cluster_plot_node-13] [INFO] [1789399236.873452053] [lidar_clustering]: ID=16, X=7.44 m, Y=2.39 m, Width=0.39 m, Depth=0.06 m, Distance=7.81 m
[cluster_plot_node-13] [INFO] [1789399236.873709843] [lidar_clustering]: ID=17, X=1.25 m, Y=-5.57 m, Width=0.08 m, Depth=0.17 m, Distance=5.71 m
[cluster_plot_node-13] [INFO] [1789399236.873912480] [lidar_clustering]: ID=18, X=7.07 m, Y=1.46 m, Width=1.02 m, Depth=0.13 m, Distance=7.22 m
[cluster_plot_node-13] [INFO] [1789399236.874097464] [lidar_clustering]: FollowGap: mode=AVOID, direction=LEFT, front=1.36 m, best_angle=18.0 deg
[cluster_plot_node-13] [INFO] [1789399236.874274023] [lidar_clustering]: points=578, clusters=12, tracks=12
[direct_localization_node-6] [INFO] [1789399237.587531340] [direct_localization]: pose: x=-22.70 y=-8.37 yaw=177.2° v=0.56m/s [헤딩 미정렬(10m직진 필요)]
[heading_init_node-5] [INFO] [1789399237.603907986] [gps_heading_init]: 직진 중... 1.0/10m
[serial_bridge-12] [WARN] [1789399237.715255335] [serial_bridge_node]: ⚠ 공급전압 강하: VMIN=4092mV — 배터리/전원 확인
[cluster_plot_node-13] [INFO] [1789399237.792569641] [lidar_clustering]: ID=2, X=4.69 m, Y=1.57 m, Width=0.10 m, Depth=0.03 m, Distance=4.95 m
[cluster_plot_node-13] [INFO] [1789399237.792884748] [lidar_clustering]: ID=3, X=3.18 m, Y=1.42 m, Width=0.11 m, Depth=0.07 m, Distance=3.48 m
[cluster_plot_node-13] [INFO] [1789399237.793135965] [lidar_clustering]: ID=4, X=1.69 m, Y=1.27 m, Width=0.07 m, Depth=0.07 m, Distance=2.11 m
[cluster_plot_node-13] [INFO] [1789399237.793363799] [lidar_clustering]: ID=5, X=0.33 m, Y=1.12 m, Width=0.01 m, Depth=0.03 m, Distance=1.17 m
[cluster_plot_node-13] [INFO] [1789399237.793576365] [lidar_clustering]: ID=6, X=0.86 m, Y=-6.31 m, Width=0.52 m, Depth=0.93 m, Distance=6.37 m
[cluster_plot_node-13] [INFO] [1789399237.793807024] [lidar_clustering]: ID=7, X=3.47 m, Y=-2.20 m, Width=1.11 m, Depth=1.83 m, Distance=4.11 m
[cluster_plot_node-13] [INFO] [1789399237.794039877] [lidar_clustering]: ID=8, X=0.48 m, Y=-2.32 m, Width=0.04 m, Depth=0.08 m, Distance=2.37 m
[cluster_plot_node-13] [INFO] [1789399237.794268032] [lidar_clustering]: ID=11, X=5.08 m, Y=-1.38 m, Width=3.86 m, Depth=4.36 m, Distance=5.26 m
[cluster_plot_node-13] [INFO] [1789399237.794462865] [lidar_clustering]: ID=12, X=2.99 m, Y=-3.94 m, Width=1.16 m, Depth=1.20 m, Distance=4.95 m
[cluster_plot_node-13] [INFO] [1789399237.794640525] [lidar_clustering]: ID=15, X=7.47 m, Y=2.70 m, Width=0.31 m, Depth=0.05 m, Distance=7.94 m
[cluster_plot_node-13] [INFO] [1789399237.794820240] [lidar_clustering]: ID=16, X=7.55 m, Y=1.99 m, Width=0.17 m, Depth=0.09 m, Distance=7.81 m
[cluster_plot_node-13] [INFO] [1789399237.794996397] [lidar_clustering]: ID=17, X=2.02 m, Y=-5.80 m, Width=0.82 m, Depth=1.37 m, Distance=6.14 m
[cluster_plot_node-13] [INFO] [1789399237.795170101] [lidar_clustering]: ID=18, X=7.65 m, Y=1.35 m, Width=0.46 m, Depth=0.08 m, Distance=7.77 m
[cluster_plot_node-13] [INFO] [1789399237.795351268] [lidar_clustering]: ID=19, X=6.17 m, Y=1.75 m, Width=0.07 m, Depth=0.07 m, Distance=6.41 m
[cluster_plot_node-13] [INFO] [1789399237.795528397] [lidar_clustering]: ID=20, X=6.96 m, Y=-1.06 m, Width=2.06 m, Depth=2.22 m, Distance=7.04 m
[cluster_plot_node-13] [INFO] [1789399237.795707471] [lidar_clustering]: FollowGap: mode=AVOID, direction=LEFT, front=1.13 m, best_angle=18.0 deg
[cluster_plot_node-13] [INFO] [1789399238.713845202] [lidar_clustering]: ID=2, X=4.02 m, Y=1.55 m, Width=0.07 m, Depth=0.06 m, Distance=4.31 m
[cluster_plot_node-13] [INFO] [1789399238.714066163] [lidar_clustering]: ID=3, X=2.52 m, Y=1.41 m, Width=0.09 m, Depth=0.06 m, Distance=2.89 m
[cluster_plot_node-13] [INFO] [1789399238.714261917] [lidar_clustering]: ID=4, X=1.04 m, Y=1.25 m, Width=0.06 m, Depth=0.07 m, Distance=1.62 m
[cluster_plot_node-13] [INFO] [1789399238.714450568] [lidar_clustering]: ID=7, X=3.22 m, Y=-2.16 m, Width=0.88 m, Depth=1.03 m, Distance=3.87 m
[cluster_plot_node-13] [INFO] [1789399238.714628780] [lidar_clustering]: ID=12, X=2.86 m, Y=-3.85 m, Width=1.17 m, Depth=1.61 m, Distance=4.80 m
[cluster_plot_node-13] [INFO] [1789399238.714825115] [lidar_clustering]: ID=16, X=7.02 m, Y=1.90 m, Width=0.07 m, Depth=0.12 m, Distance=7.28 m
[cluster_plot_node-13] [INFO] [1789399238.715003798] [lidar_clustering]: ID=17, X=2.38 m, Y=-5.58 m, Width=0.44 m, Depth=0.48 m, Distance=6.06 m
[cluster_plot_node-13] [INFO] [1789399238.715179595] [lidar_clustering]: ID=18, X=7.77 m, Y=1.39 m, Width=0.61 m, Depth=0.06 m, Distance=7.89 m
[cluster_plot_node-13] [INFO] [1789399238.715359480] [lidar_clustering]: ID=19, X=5.49 m, Y=1.75 m, Width=0.06 m, Depth=0.02 m, Distance=5.76 m
[cluster_plot_node-13] [INFO] [1789399238.715536940] [lidar_clustering]: ID=20, X=6.78 m, Y=-0.78 m, Width=4.17 m, Depth=2.70 m, Distance=6.82 m
[cluster_plot_node-13] [INFO] [1789399238.715712577] [lidar_clustering]: ID=21, X=1.90 m, Y=-6.27 m, Width=0.17 m, Depth=0.36 m, Distance=6.55 m
[cluster_plot_node-13] [INFO] [1789399238.715889015] [lidar_clustering]: ID=22, X=3.84 m, Y=-4.22 m, Width=0.07 m, Depth=0.03 m, Distance=5.70 m
[cluster_plot_node-13] [INFO] [1789399238.716064121] [lidar_clustering]: ID=23, X=2.36 m, Y=-4.70 m, Width=0.26 m, Depth=0.10 m, Distance=5.26 m
[cluster_plot_node-13] [INFO] [1789399238.716240269] [lidar_clustering]: FollowGap: mode=CLEAR, direction=STRAIGHT, front=8.00 m, best_angle=0.0 deg
[cluster_plot_node-13] [INFO] [1789399238.716420675] [lidar_clustering]: points=475, clusters=11, tracks=13
[heading_init_node-5] [INFO] [1789399239.013808353] [gps_heading_init]: 직진 중... 2.0/10m
[cluster_plot_node-13] [INFO] [1789399239.635031903] [lidar_clustering]: ID=2, X=3.31 m, Y=1.49 m, Width=0.07 m, Depth=0.06 m, Distance=3.63 m
[cluster_plot_node-13] [INFO] [1789399239.635251061] [lidar_clustering]: ID=3, X=1.82 m, Y=1.35 m, Width=0.08 m, Depth=0.06 m, Distance=2.26 m
[cluster_plot_node-13] [INFO] [1789399239.635440153] [lidar_clustering]: ID=4, X=0.36 m, Y=1.19 m, Width=0.01 m, Depth=0.07 m, Distance=1.24 m
[cluster_plot_node-13] [INFO] [1789399239.635618565] [lidar_clustering]: ID=7, X=2.78 m, Y=-2.19 m, Width=0.53 m, Depth=0.26 m, Distance=3.53 m
[cluster_plot_node-13] [INFO] [1789399239.635797348] [lidar_clustering]: ID=11, X=4.41 m, Y=-2.66 m, Width=0.12 m, Depth=0.28 m, Distance=5.15 m
[cluster_plot_node-13] [INFO] [1789399239.635973716] [lidar_clustering]: ID=12, X=2.03 m, Y=-3.95 m, Width=0.41 m, Depth=0.83 m, Distance=4.44 m
[cluster_plot_node-13] [INFO] [1789399239.636149343] [lidar_clustering]: ID=16, X=6.29 m, Y=1.82 m, Width=0.08 m, Depth=0.05 m, Distance=6.55 m
[cluster_plot_node-13] [INFO] [1789399239.636334137] [lidar_clustering]: ID=17, X=1.92 m, Y=-5.97 m, Width=0.03 m, Depth=0.08 m, Distance=6.27 m
[cluster_plot_node-13] [INFO] [1789399239.636522948] [lidar_clustering]: ID=18, X=7.62 m, Y=1.55 m, Width=1.00 m, Depth=0.14 m, Distance=7.78 m
[cluster_plot_node-13] [INFO] [1789399239.636702783] [lidar_clustering]: ID=19, X=4.77 m, Y=1.67 m, Width=0.08 m, Depth=0.05 m, Distance=5.05 m
[cluster_plot_node-13] [INFO] [1789399239.636880343] [lidar_clustering]: ID=20, X=6.40 m, Y=-0.84 m, Width=4.81 m, Depth=2.94 m, Distance=6.46 m
[cluster_plot_node-13] [INFO] [1789399239.637058384] [lidar_clustering]: ID=21, X=1.44 m, Y=-6.33 m, Width=0.19 m, Depth=0.52 m, Distance=6.50 m
[cluster_plot_node-13] [INFO] [1789399239.637235153] [lidar_clustering]: ID=22, X=3.36 m, Y=-4.09 m, Width=2.46 m, Depth=0.37 m, Distance=5.29 m
[cluster_plot_node-13] [INFO] [1789399239.637415479] [lidar_clustering]: ID=23, X=1.91 m, Y=-5.62 m, Width=0.14 m, Depth=0.41 m, Distance=5.93 m
[cluster_plot_node-13] [INFO] [1789399239.637595314] [lidar_clustering]: FollowGap: mode=AVOID, direction=LEFT, front=1.22 m, best_angle=18.0 deg
[heading_init_node-5] [INFO] [1789399240.303901462] [gps_heading_init]: 직진 중... 3.1/10m
[cluster_plot_node-13] [INFO] [1789399240.556190218] [lidar_clustering]: ID=2, X=2.55 m, Y=1.41 m, Width=0.08 m, Depth=0.05 m, Distance=2.92 m
[cluster_plot_node-13] [INFO] [1789399240.556412782] [lidar_clustering]: ID=3, X=1.06 m, Y=1.27 m, Width=0.07 m, Depth=0.09 m, Distance=1.66 m
[cluster_plot_node-13] [INFO] [1789399240.556590413] [lidar_clustering]: ID=11, X=5.81 m, Y=-1.91 m, Width=4.61 m, Depth=3.80 m, Distance=6.12 m
[cluster_plot_node-13] [INFO] [1789399240.556763946] [lidar_clustering]: ID=12, X=1.26 m, Y=-4.12 m, Width=0.32 m, Depth=0.64 m, Distance=4.31 m
[cluster_plot_node-13] [INFO] [1789399240.556934904] [lidar_clustering]: ID=16, X=5.50 m, Y=1.72 m, Width=0.07 m, Depth=0.05 m, Distance=5.77 m
[cluster_plot_node-13] [INFO] [1789399240.557111984] [lidar_clustering]: ID=17, X=2.75 m, Y=-6.49 m, Width=0.07 m, Depth=0.11 m, Distance=7.05 m
[cluster_plot_node-13] [INFO] [1789399240.557284875] [lidar_clustering]: ID=18, X=6.96 m, Y=1.75 m, Width=0.14 m, Depth=0.05 m, Distance=7.18 m
[cluster_plot_node-13] [INFO] [1789399240.557460843] [lidar_clustering]: ID=19, X=4.00 m, Y=1.57 m, Width=0.09 m, Depth=0.05 m, Distance=4.30 m
[cluster_plot_node-13] [INFO] [1789399240.557635708] [lidar_clustering]: ID=20, X=5.00 m, Y=-2.37 m, Width=8.10 m, Depth=3.14 m, Distance=5.53 m
[cluster_plot_node-13] [INFO] [1789399240.557834328] [lidar_clustering]: ID=22, X=3.27 m, Y=-5.36 m, Width=3.39 m, Depth=0.35 m, Distance=6.28 m
[cluster_plot_node-13] [INFO] [1789399240.558016016] [lidar_clustering]: ID=23, X=1.17 m, Y=-4.93 m, Width=0.01 m, Depth=0.05 m, Distance=5.06 m
[cluster_plot_node-13] [INFO] [1789399240.558191272] [lidar_clustering]: ID=24, X=3.24 m, Y=-3.27 m, Width=0.68 m, Depth=0.23 m, Distance=4.60 m
[cluster_plot_node-13] [INFO] [1789399240.558369934] [lidar_clustering]: ID=25, X=7.61 m, Y=1.78 m, Width=0.79 m, Depth=0.14 m, Distance=7.82 m
[cluster_plot_node-13] [INFO] [1789399240.558548767] [lidar_clustering]: FollowGap: mode=CLEAR, direction=STRAIGHT, front=8.00 m, best_angle=0.0 deg
[cluster_plot_node-13] [INFO] [1789399240.558726759] [lidar_clustering]: points=490, clusters=9, tracks=13
[direct_localization_node-6] [INFO] [1789399240.587495365] [direct_localization]: pose: x=-24.59 y=-9.66 yaw=177.3° v=0.74m/s [헤딩 미정렬(10m직진 필요)]
[serial_bridge-12] [WARN] [1789399240.725789854] [serial_bridge_node]: ⚠ 공급전압 강하: VMIN=3948mV — 배터리/전원 확인
[heading_init_node-5] [INFO] [1789399241.403805529] [gps_heading_init]: 직진 중... 4.1/10m
[cluster_plot_node-13] [INFO] [1789399241.502557863] [lidar_clustering]: ID=2, X=1.73 m, Y=1.32 m, Width=0.08 m, Depth=0.06 m, Distance=2.18 m
[cluster_plot_node-13] [INFO] [1789399241.502779555] [lidar_clustering]: ID=3, X=0.36 m, Y=1.21 m, Width=0.01 m, Depth=0.05 m, Distance=1.26 m
[cluster_plot_node-13] [INFO] [1789399241.502952728] [lidar_clustering]: ID=12, X=0.56 m, Y=-4.28 m, Width=0.21 m, Depth=0.32 m, Distance=4.32 m
[cluster_plot_node-13] [INFO] [1789399241.503123506] [lidar_clustering]: ID=16, X=4.67 m, Y=1.60 m, Width=0.08 m, Depth=0.04 m, Distance=4.94 m
[vrs_ntrip_client-3] [INFO] [1789399241.503087939] [ngii_vrs_ntrip_client]: [NTRIP 연결됨] RTCM 184프레임 발행, GGA 실측(36.97057,127.87457)
[cluster_plot_node-13] [INFO] [1789399241.503292771] [lidar_clustering]: ID=17, X=2.29 m, Y=-6.91 m, Width=1.61 m, Depth=0.28 m, Distance=7.28 m
[cluster_plot_node-13] [INFO] [1789399241.503475310] [lidar_clustering]: ID=18, X=6.19 m, Y=1.74 m, Width=0.11 m, Depth=0.03 m, Distance=6.43 m
[cluster_plot_node-13] [INFO] [1789399241.503649575] [lidar_clustering]: ID=19, X=3.17 m, Y=1.46 m, Width=0.09 m, Depth=0.04 m, Distance=3.49 m
[cluster_plot_node-13] [INFO] [1789399241.503826694] [lidar_clustering]: ID=20, X=4.73 m, Y=-2.79 m, Width=8.60 m, Depth=4.80 m, Distance=5.49 m
[cluster_plot_node-13] [INFO] [1789399241.503999746] [lidar_clustering]: ID=23, X=1.13 m, Y=-4.36 m, Width=0.02 m, Depth=0.06 m, Distance=4.50 m
[cluster_plot_node-13] [INFO] [1789399241.504222360] [lidar_clustering]: ID=25, X=7.41 m, Y=2.53 m, Width=0.29 m, Depth=0.12 m, Distance=7.83 m
[cluster_plot_node-13] [INFO] [1789399241.504426851] [lidar_clustering]: ID=26, X=7.56 m, Y=1.73 m, Width=0.08 m, Depth=0.02 m, Distance=7.75 m
[cluster_plot_node-13] [INFO] [1789399241.504606866] [lidar_clustering]: FollowGap: mode=AVOID, direction=LEFT, front=1.21 m, best_angle=18.0 deg
[heading_init_node-5] [INFO] [1789399242.403794988] [gps_heading_init]: 직진 중... 5.0/10m
[cluster_plot_node-13] [INFO] [1789399242.405216393] [lidar_clustering]: ID=2, X=0.89 m, Y=1.23 m, Width=0.05 m, Depth=0.08 m, Distance=1.52 m
[cluster_plot_node-13] [INFO] [1789399242.405485584] [lidar_clustering]: ID=16, X=3.81 m, Y=1.47 m, Width=0.11 m, Depth=0.05 m, Distance=4.09 m
[cluster_plot_node-13] [INFO] [1789399242.405683943] [lidar_clustering]: ID=17, X=2.44 m, Y=-7.17 m, Width=0.64 m, Depth=0.31 m, Distance=7.57 m
[cluster_plot_node-13] [INFO] [1789399242.405865391] [lidar_clustering]: ID=18, X=5.35 m, Y=1.58 m, Width=0.12 m, Depth=0.09 m, Distance=5.58 m
[cluster_plot_node-13] [INFO] [1789399242.406043342] [lidar_clustering]: ID=19, X=2.33 m, Y=1.36 m, Width=0.08 m, Depth=0.08 m, Distance=2.70 m
[cluster_plot_node-13] [INFO] [1789399242.406219350] [lidar_clustering]: ID=20, X=4.46 m, Y=-3.93 m, Width=6.10 m, Depth=5.72 m, Distance=5.95 m
[cluster_plot_node-13] [INFO] [1789399242.406404063] [lidar_clustering]: ID=26, X=6.87 m, Y=1.68 m, Width=0.10 m, Depth=0.02 m, Distance=7.07 m
[cluster_plot_node-13] [INFO] [1789399242.406593005] [lidar_clustering]: FollowGap: mode=CLEAR, direction=STRAIGHT, front=8.00 m, best_angle=0.0 deg
[cluster_plot_node-13] [INFO] [1789399242.406776296] [lidar_clustering]: points=370, clusters=6, tracks=7
[cluster_plot_node-13] [INFO] [1789399243.337705083] [lidar_clustering]: ID=2, X=0.33 m, Y=1.18 m, Width=0.00 m, Depth=0.01 m, Distance=1.23 m
[cluster_plot_node-13] [INFO] [1789399243.337917348] [lidar_clustering]: ID=16, X=2.95 m, Y=1.35 m, Width=0.11 m, Depth=0.06 m, Distance=3.25 m
[cluster_plot_node-13] [INFO] [1789399243.338092283] [lidar_clustering]: ID=17, X=2.18 m, Y=-7.54 m, Width=0.26 m, Depth=0.25 m, Distance=7.85 m
[cluster_plot_node-13] [INFO] [1789399243.338266327] [lidar_clustering]: ID=18, X=4.48 m, Y=1.42 m, Width=0.10 m, Depth=0.06 m, Distance=4.70 m
[cluster_plot_node-13] [INFO] [1789399243.338439179] [lidar_clustering]: ID=19, X=1.47 m, Y=1.27 m, Width=0.08 m, Depth=0.09 m, Distance=1.94 m
[cluster_plot_node-13] [INFO] [1789399243.338608624] [lidar_clustering]: ID=20, X=4.46 m, Y=-3.74 m, Width=4.22 m, Depth=4.70 m, Distance=5.82 m
[cluster_plot_node-13] [INFO] [1789399243.338776687] [lidar_clustering]: ID=22, X=2.01 m, Y=-5.13 m, Width=0.05 m, Depth=0.11 m, Distance=5.51 m
[cluster_plot_node-13] [INFO] [1789399243.338944920] [lidar_clustering]: ID=26, X=6.00 m, Y=1.50 m, Width=0.17 m, Depth=0.05 m, Distance=6.18 m
[cluster_plot_node-13] [INFO] [1789399243.339111841] [lidar_clustering]: ID=27, X=2.66 m, Y=-5.59 m, Width=0.03 m, Depth=0.08 m, Distance=6.19 m
[cluster_plot_node-13] [INFO] [1789399243.339287948] [lidar_clustering]: FollowGap: mode=AVOID, direction=LEFT, front=1.15 m, best_angle=18.0 deg
[heading_init_node-5] [INFO] [1789399243.496608568] [gps_heading_init]: 직진 중... 6.1/10m
[direct_localization_node-6] [INFO] [1789399243.587460210] [direct_localization]: pose: x=-26.86 y=-11.31 yaw=179.8° v=0.72m/s [헤딩 미정렬(10m직진 필요)]
[serial_bridge-12] [WARN] [1789399243.736105364] [serial_bridge_node]: ⚠ 공급전압 강하: VMIN=4018mV — 배터리/전원 확인
[cluster_plot_node-13] [INFO] [1789399244.265218550] [lidar_clustering]: ID=12, X=1.09 m, Y=-4.42 m, Width=0.02 m, Depth=0.06 m, Distance=4.56 m
[cluster_plot_node-13] [INFO] [1789399244.265441525] [lidar_clustering]: ID=16, X=2.08 m, Y=1.26 m, Width=0.08 m, Depth=0.06 m, Distance=2.43 m
[cluster_plot_node-13] [INFO] [1789399244.265623463] [lidar_clustering]: ID=17, X=2.33 m, Y=-7.54 m, Width=0.16 m, Depth=0.07 m, Distance=7.89 m
[cluster_plot_node-13] [INFO] [1789399244.265801415] [lidar_clustering]: ID=18, X=3.59 m, Y=1.34 m, Width=0.11 m, Depth=0.05 m, Distance=3.83 m
[cluster_plot_node-13] [INFO] [1789399244.265978524] [lidar_clustering]: ID=19, X=0.61 m, Y=1.20 m, Width=0.05 m, Depth=0.09 m, Distance=1.34 m
[cluster_plot_node-13] [INFO] [1789399244.266161825] [lidar_clustering]: ID=20, X=4.23 m, Y=-3.72 m, Width=4.60 m, Depth=3.47 m, Distance=5.63 m
[cluster_plot_node-13] [INFO] [1789399244.266343123] [lidar_clustering]: ID=22, X=1.08 m, Y=-5.22 m, Width=0.03 m, Depth=0.13 m, Distance=5.33 m
[cluster_plot_node-13] [INFO] [1789399244.266520373] [lidar_clustering]: ID=23, X=2.05 m, Y=-4.54 m, Width=0.02 m, Depth=0.05 m, Distance=4.98 m
[cluster_plot_node-13] [INFO] [1789399244.266694957] [lidar_clustering]: ID=26, X=5.11 m, Y=1.41 m, Width=0.09 m, Depth=0.03 m, Distance=5.30 m
[cluster_plot_node-13] [INFO] [1789399244.266868931] [lidar_clustering]: ID=27, X=1.82 m, Y=-5.24 m, Width=0.05 m, Depth=0.15 m, Distance=5.55 m
[cluster_plot_node-13] [INFO] [1789399244.267043977] [lidar_clustering]: ID=28, X=2.66 m, Y=-6.89 m, Width=0.37 m, Depth=0.25 m, Distance=7.39 m
[cluster_plot_node-13] [INFO] [1789399244.267218171] [lidar_clustering]: ID=29, X=7.32 m, Y=-1.33 m, Width=1.79 m, Depth=1.44 m, Distance=7.44 m
[cluster_plot_node-13] [INFO] [1789399244.267396653] [lidar_clustering]: ID=30, X=2.15 m, Y=-4.21 m, Width=0.04 m, Depth=0.06 m, Distance=4.73 m
[cluster_plot_node-13] [INFO] [1789399244.267573803] [lidar_clustering]: FollowGap: mode=AVOID, direction=LEFT, front=1.31 m, best_angle=18.0 deg
[cluster_plot_node-13] [INFO] [1789399244.267752205] [lidar_clustering]: points=419, clusters=10, tracks=13
[heading_init_node-5] [INFO] [1789399244.503831503] [gps_heading_init]: 직진 중... 7.0/10m
[serial_bridge-12] [WARN] [1789399244.792620493] [serial_bridge_node]: 펌웨어 스톨 감지: STALL: drive=0 steer=1
[cluster_plot_node-13] [INFO] [1789399245.193492248] [lidar_clustering]: ID=16, X=1.20 m, Y=1.20 m, Width=0.07 m, Depth=0.08 m, Distance=1.69 m
[cluster_plot_node-13] [INFO] [1789399245.193759566] [lidar_clustering]: ID=17, X=1.92 m, Y=-7.66 m, Width=0.04 m, Depth=0.19 m, Distance=7.90 m
[cluster_plot_node-13] [INFO] [1789399245.193946864] [lidar_clustering]: ID=18, X=2.71 m, Y=1.27 m, Width=0.10 m, Depth=0.08 m, Distance=2.99 m
[cluster_plot_node-13] [INFO] [1789399245.194125957] [lidar_clustering]: ID=20, X=4.33 m, Y=-3.51 m, Width=6.78 m, Depth=5.60 m, Distance=5.58 m
[cluster_plot_node-13] [INFO] [1789399245.194300232] [lidar_clustering]: ID=22, X=0.52 m, Y=-5.24 m, Width=0.04 m, Depth=0.17 m, Distance=5.27 m
[cluster_plot_node-13] [INFO] [1789399245.194479425] [lidar_clustering]: ID=26, X=4.21 m, Y=1.34 m, Width=0.10 m, Depth=0.04 m, Distance=4.42 m
[cluster_plot_node-13] [INFO] [1789399245.194653509] [lidar_clustering]: ID=27, X=0.91 m, Y=-5.35 m, Width=0.03 m, Depth=0.09 m, Distance=5.43 m
[cluster_plot_node-13] [INFO] [1789399245.194826231] [lidar_clustering]: ID=29, X=7.79 m, Y=-0.49 m, Width=0.39 m, Depth=0.02 m, Distance=7.81 m
[cluster_plot_node-13] [INFO] [1789399245.194998862] [lidar_clustering]: ID=30, X=0.45 m, Y=-4.32 m, Width=0.01 m, Depth=0.06 m, Distance=4.34 m
[cluster_plot_node-13] [INFO] [1789399245.195170842] [lidar_clustering]: ID=31, X=7.26 m, Y=1.44 m, Width=0.18 m, Depth=0.04 m, Distance=7.40 m
[cluster_plot_node-13] [INFO] [1789399245.195355155] [lidar_clustering]: FollowGap: mode=AVOID, direction=LEFT, front=1.65 m, best_angle=16.8 deg
[heading_init_node-5] [INFO] [1789399245.603868933] [gps_heading_init]: 직진 중... 8.1/10m
[cluster_plot_node-13] [INFO] [1789399246.119541112] [lidar_clustering]: ID=16, X=0.35 m, Y=1.14 m, Width=0.01 m, Depth=0.04 m, Distance=1.19 m
[cluster_plot_node-13] [INFO] [1789399246.119761001] [lidar_clustering]: ID=17, X=2.77 m, Y=-7.13 m, Width=0.71 m, Depth=0.09 m, Distance=7.65 m
[cluster_plot_node-13] [INFO] [1789399246.119950364] [lidar_clustering]: ID=18, X=1.80 m, Y=1.22 m, Width=0.09 m, Depth=0.08 m, Distance=2.18 m
[cluster_plot_node-13] [INFO] [1789399246.120132032] [lidar_clustering]: ID=20, X=3.88 m, Y=-3.43 m, Width=4.47 m, Depth=4.91 m, Distance=5.18 m
[cluster_plot_node-13] [INFO] [1789399246.120310915] [lidar_clustering]: ID=22, X=0.42 m, Y=-4.73 m, Width=0.00 m, Depth=0.07 m, Distance=4.75 m
[cluster_plot_node-13] [INFO] [1789399246.120491591] [lidar_clustering]: ID=26, X=3.30 m, Y=1.29 m, Width=0.10 m, Depth=0.04 m, Distance=3.54 m
[cluster_plot_node-13] [INFO] [1789399246.120747557] [lidar_clustering]: ID=27, X=0.44 m, Y=-5.38 m, Width=0.01 m, Depth=0.08 m, Distance=5.40 m
[cluster_plot_node-13] [INFO] [1789399246.121037858] [lidar_clustering]: ID=31, X=6.34 m, Y=1.40 m, Width=0.14 m, Depth=0.10 m, Distance=6.50 m
[cluster_plot_node-13] [INFO] [1789399246.121230075] [lidar_clustering]: FollowGap: mode=AVOID, direction=LEFT, front=1.16 m, best_angle=13.8 deg
[cluster_plot_node-13] [INFO] [1789399246.121422794] [lidar_clustering]: points=321, clusters=6, tracks=8
[vrs_ntrip_client-3] [INFO] [1789399246.503140628] [ngii_vrs_ntrip_client]: [NTRIP 연결됨] RTCM 212프레임 발행, GGA 실측(36.97054,127.87453)
[direct_localization_node-6] [INFO] [1789399246.587621356] [direct_localization]: pose: x=-29.15 y=-13.06 yaw=-179.9° v=0.68m/s [헤딩 미정렬(10m직진 필요)]
[heading_init_node-5] [INFO] [1789399246.603827616] [gps_heading_init]: 직진 중... 9.0/10m
[serial_bridge-12] [WARN] [1789399246.742513750] [serial_bridge_node]: ⚠ 공급전압 강하: VMIN=4121mV — 배터리/전원 확인
[serial_bridge-12] [WARN] [1789399246.795823329] [serial_bridge_node]: 펌웨어 스톨 감지: STALL: drive=0 steer=1
[cluster_plot_node-13] [INFO] [1789399247.046643273] [lidar_clustering]: ID=18, X=0.93 m, Y=1.16 m, Width=0.07 m, Depth=0.10 m, Distance=1.49 m
[cluster_plot_node-13] [INFO] [1789399247.046852332] [lidar_clustering]: ID=20, X=3.46 m, Y=-3.53 m, Width=5.78 m, Depth=5.86 m, Distance=4.94 m
[cluster_plot_node-13] [INFO] [1789399247.047026456] [lidar_clustering]: ID=26, X=2.43 m, Y=1.23 m, Width=0.11 m, Depth=0.11 m, Distance=2.73 m
[cluster_plot_node-13] [INFO] [1789399247.047197014] [lidar_clustering]: ID=31, X=5.44 m, Y=1.34 m, Width=0.17 m, Depth=0.05 m, Distance=5.60 m
[cluster_plot_node-13] [INFO] [1789399247.047377750] [lidar_clustering]: FollowGap: mode=AVOID, direction=LEFT, front=1.45 m, best_angle=10.0 deg
[heading_init_node-5] [INFO] [1789399247.603711247] [gps_heading_init]: ✅ 헤딩 초기화 완료: 10.0m 직진 (최대 편차 2°). GPS course=-143.2°, IMU yaw=-180.0°, → yaw_offset=36.8°
[heading_init_node-5] [WARN] [1789399247.604028838] [gps_heading_init]: 조향 중앙 어긋남: 10m에서 좌로 0.11m 휘었다 (조향각 오차 +0.39°). STEER_CENTER 412 → 402 권장. ⚠ 부호는 첫 회에 눈으로 확인할 것 (휜 방향과 맞는지).
[direct_localization_node-6] [INFO] [1789399247.604100170] [direct_localization]: 헤딩 오프셋 수신: 36.8° — 헤딩 정렬 적용됨.
[vehicle_cmd_mux-11] [INFO] [1789399247.604140415] [vehicle_cmd_mux]: 헤딩 캘리브 완료 (36.8°) — 자율 허용
[heading_init_node-5] [INFO] [1789399247.604201689] [gps_heading_init]: 자동 직진 종료: 캘리브 완료
[cluster_plot_node-13] [INFO] [1789399247.968513363] [lidar_clustering]: ID=16, X=0.33 m, Y=1.12 m, Width=0.01 m, Depth=0.04 m, Distance=1.17 m
[cluster_plot_node-13] [INFO] [1789399247.968830574] [lidar_clustering]: ID=17, X=1.11 m, Y=-7.20 m, Width=1.00 m, Depth=0.23 m, Distance=7.29 m
[cluster_plot_node-13] [INFO] [1789399247.969158915] [lidar_clustering]: ID=18, X=1.66 m, Y=1.19 m, Width=0.08 m, Depth=0.07 m, Distance=2.04 m
[cluster_plot_node-13] [INFO] [1789399247.969425481] [lidar_clustering]: ID=20, X=3.98 m, Y=-2.31 m, Width=7.59 m, Depth=6.78 m, Distance=4.60 m
[cluster_plot_node-13] [INFO] [1789399247.969682790] [lidar_clustering]: ID=26, X=1.53 m, Y=1.19 m, Width=0.10 m, Depth=0.07 m, Distance=1.93 m
[cluster_plot_node-13] [INFO] [1789399247.969882261] [lidar_clustering]: ID=31, X=4.99 m, Y=1.34 m, Width=0.11 m, Depth=0.07 m, Distance=5.17 m
[cluster_plot_node-13] [INFO] [1789399247.970063478] [lidar_clustering]: ID=32, X=4.52 m, Y=1.32 m, Width=0.09 m, Depth=0.05 m, Distance=4.71 m
[cluster_plot_node-13] [INFO] [1789399247.970236901] [lidar_clustering]: ID=33, X=7.52 m, Y=1.39 m, Width=0.84 m, Depth=0.58 m, Distance=7.65 m
[cluster_plot_node-13] [INFO] [1789399247.970415573] [lidar_clustering]: FollowGap: mode=AVOID, direction=LEFT, front=1.09 m, best_angle=1.6 deg
[cluster_plot_node-13] [INFO] [1789399247.970589768] [lidar_clustering]: points=515, clusters=5, tracks=8
[serial_bridge-12] [INFO] [1789399248.331922059] [serial_bridge_node]: 스톨 해제 (0.5s 간 STALL 없음)
[heading_init_node-5] [INFO] [1789399248.700444082] [gps_heading_init]: yaw_offset 발행 완료 → 노드 자동 종료.
[cluster_plot_node-13] [INFO] [1789399248.889648412] [lidar_clustering]: ID=17, X=0.92 m, Y=-7.66 m, Width=0.39 m, Depth=0.12 m, Distance=7.72 m
[cluster_plot_node-13] [INFO] [1789399248.889867109] [lidar_clustering]: ID=20, X=4.04 m, Y=-1.62 m, Width=5.98 m, Depth=6.43 m, Distance=4.35 m
[cluster_plot_node-13] [INFO] [1789399248.890046163] [lidar_clustering]: ID=26, X=0.89 m, Y=1.15 m, Width=0.07 m, Depth=0.09 m, Distance=1.45 m
[cluster_plot_node-13] [INFO] [1789399248.890220517] [lidar_clustering]: ID=32, X=3.89 m, Y=1.29 m, Width=0.09 m, Depth=0.04 m, Distance=4.09 m
[cluster_plot_node-13] [INFO] [1789399248.890397436] [lidar_clustering]: ID=33, X=7.56 m, Y=1.40 m, Width=0.70 m, Depth=0.42 m, Distance=7.69 m
[cluster_plot_node-13] [INFO] [1789399248.890571490] [lidar_clustering]: ID=34, X=1.24 m, Y=-5.63 m, Width=3.29 m, Depth=0.49 m, Distance=5.77 m
[cluster_plot_node-13] [INFO] [1789399248.890747788] [lidar_clustering]: ID=35, X=7.48 m, Y=2.77 m, Width=0.55 m, Depth=0.19 m, Distance=7.98 m
[cluster_plot_node-13] [INFO] [1789399248.890923024] [lidar_clustering]: FollowGap: mode=AVOID, direction=RIGHT, front=1.43 m, best_angle=-11.6 deg
[vehicle_cmd_mux-11] [INFO] [1789399249.108014154] [vehicle_cmd_mux]: 모드: AUTO
[serial_bridge-12] [INFO] [1789399249.131827931] [serial_bridge_node]: 출발 — 정지마찰 하한 60 을 1200ms 인가한다
[direct_localization_node-6] [INFO] [1789399249.587668848] [direct_localization]: pose: x=-31.00 y=-14.45 yaw=-143.9° v=0.30m/s [헤딩 정렬됨]
[cluster_plot_node-13] [INFO] [1789399249.805201770] [lidar_clustering]: ID=20, X=4.13 m, Y=-1.47 m, Width=4.32 m, Depth=6.78 m, Distance=4.39 m
[cluster_plot_node-13] [INFO] [1789399249.805422471] [lidar_clustering]: ID=26, X=0.54 m, Y=1.16 m, Width=0.06 m, Depth=0.10 m, Distance=1.28 m
[cluster_plot_node-13] [INFO] [1789399249.805604840] [lidar_clustering]: ID=32, X=3.50 m, Y=1.36 m, Width=0.09 m, Depth=0.06 m, Distance=3.76 m
[cluster_plot_node-13] [INFO] [1789399249.805778764] [lidar_clustering]: ID=33, X=7.68 m, Y=1.40 m, Width=0.53 m, Depth=0.23 m, Distance=7.81 m
[cluster_plot_node-13] [INFO] [1789399249.805952607] [lidar_clustering]: ID=34, X=1.12 m, Y=-4.32 m, Width=0.15 m, Depth=0.08 m, Distance=4.46 m
[cluster_plot_node-13] [INFO] [1789399249.806125319] [lidar_clustering]: ID=36, X=0.56 m, Y=-7.31 m, Width=0.58 m, Depth=0.18 m, Distance=7.33 m
[cluster_plot_node-13] [INFO] [1789399249.806294574] [lidar_clustering]: ID=37, X=1.15 m, Y=-3.40 m, Width=0.47 m, Depth=0.11 m, Distance=3.59 m
[cluster_plot_node-13] [INFO] [1789399249.806469389] [lidar_clustering]: ID=38, X=0.94 m, Y=-5.55 m, Width=3.50 m, Depth=0.71 m, Distance=5.63 m
[cluster_plot_node-13] [INFO] [1789399249.806647070] [lidar_clustering]: ID=39, X=3.98 m, Y=-1.59 m, Width=4.84 m, Depth=6.81 m, Distance=4.28 m
[cluster_plot_node-13] [INFO] [1789399249.806822486] [lidar_clustering]: FollowGap: mode=AVOID, direction=RIGHT, front=1.26 m, best_angle=-10.6 deg
[cluster_plot_node-13] [INFO] [1789399249.806998023] [lidar_clustering]: points=522, clusters=5, tracks=9
[cluster_plot_node-13] [INFO] [1789399250.719187747] [lidar_clustering]: ID=17, X=1.00 m, Y=-6.45 m, Width=0.34 m, Depth=0.15 m, Distance=6.53 m
[cluster_plot_node-13] [INFO] [1789399250.719558597] [lidar_clustering]: ID=20, X=3.72 m, Y=-1.43 m, Width=4.71 m, Depth=6.93 m, Distance=3.98 m
[cluster_plot_node-13] [INFO] [1789399250.719870447] [lidar_clustering]: ID=32, X=2.88 m, Y=1.67 m, Width=0.08 m, Depth=0.08 m, Distance=3.33 m
[cluster_plot_node-13] [INFO] [1789399250.720142043] [lidar_clustering]: ID=33, X=7.61 m, Y=1.37 m, Width=0.61 m, Depth=0.49 m, Distance=7.73 m
[cluster_plot_node-13] [INFO] [1789399250.720416554] [lidar_clustering]: ID=34, X=1.21 m, Y=-5.51 m, Width=0.35 m, Depth=0.21 m, Distance=5.65 m
[cluster_plot_node-13] [INFO] [1789399250.720660428] [lidar_clustering]: ID=36, X=0.91 m, Y=-7.18 m, Width=0.17 m, Depth=0.05 m, Distance=7.24 m
[cluster_plot_node-13] [INFO] [1789399250.720899522] [lidar_clustering]: ID=37, X=1.13 m, Y=-3.99 m, Width=0.04 m, Depth=0.08 m, Distance=4.15 m
[cluster_plot_node-13] [INFO] [1789399250.721104113] [lidar_clustering]: ID=38, X=1.13 m, Y=-4.47 m, Width=0.49 m, Depth=0.12 m, Distance=4.61 m
[cluster_plot_node-13] [INFO] [1789399250.721293155] [lidar_clustering]: ID=39, X=3.77 m, Y=-1.74 m, Width=3.83 m, Depth=6.95 m, Distance=4.15 m
[cluster_plot_node-13] [INFO] [1789399250.721514026] [lidar_clustering]: ID=40, X=0.98 m, Y=-3.11 m, Width=0.13 m, Depth=0.02 m, Distance=3.26 m
[cluster_plot_node-13] [INFO] [1789399250.721727674] [lidar_clustering]: FollowGap: mode=CLEAR, direction=STRAIGHT, front=8.00 m, best_angle=0.0 deg
[vrs_ntrip_client-3] [INFO] [1789399251.503285454] [ngii_vrs_ntrip_client]: [NTRIP 연결됨] RTCM 232프레임 발행, GGA 실측(36.97052,127.87450)
[cluster_plot_node-13] [INFO] [1789399251.640710436] [lidar_clustering]: ID=17, X=0.68 m, Y=-7.01 m, Width=0.75 m, Depth=0.15 m, Distance=7.04 m
[cluster_plot_node-13] [INFO] [1789399251.640929774] [lidar_clustering]: ID=20, X=3.49 m, Y=-0.88 m, Width=5.98 m, Depth=6.86 m, Distance=3.60 m
[cluster_plot_node-13] [INFO] [1789399251.641114738] [lidar_clustering]: ID=32, X=2.09 m, Y=1.92 m, Width=0.07 m, Depth=0.09 m, Distance=2.84 m
[cluster_plot_node-13] [INFO] [1789399251.641292849] [lidar_clustering]: ID=33, X=7.14 m, Y=1.60 m, Width=1.57 m, Depth=1.00 m, Distance=7.31 m
[cluster_plot_node-13] [INFO] [1789399251.641470430] [lidar_clustering]: ID=34, X=0.85 m, Y=-6.37 m, Width=0.01 m, Depth=0.07 m, Distance=6.42 m
[cluster_plot_node-13] [INFO] [1789399251.641644544] [lidar_clustering]: ID=37, X=0.95 m, Y=-5.74 m, Width=0.46 m, Depth=0.26 m, Distance=5.82 m
[cluster_plot_node-13] [INFO] [1789399251.641817115] [lidar_clustering]: ID=38, X=0.84 m, Y=-4.39 m, Width=0.13 m, Depth=0.13 m, Distance=4.47 m
[cluster_plot_node-13] [INFO] [1789399251.641989857] [lidar_clustering]: ID=40, X=0.83 m, Y=-3.10 m, Width=0.16 m, Depth=0.13 m, Distance=3.21 m
[cluster_plot_node-13] [INFO] [1789399251.642171304] [lidar_clustering]: ID=41, X=0.75 m, Y=-4.91 m, Width=0.01 m, Depth=0.07 m, Distance=4.96 m
[cluster_plot_node-13] [INFO] [1789399251.642394490] [lidar_clustering]: FollowGap: mode=AVOID, direction=LEFT, front=3.87 m, best_angle=1.6 deg
[cluster_plot_node-13] [INFO] [1789399251.642597207] [lidar_clustering]: points=541, clusters=4, tracks=9
[serial_bridge-12] [WARN] [1789399251.805012597] [serial_bridge_node]: ⚠ 공급전압 강하: VMIN=4278mV — 배터리/전원 확인
[cluster_plot_node-13] [INFO] [1789399252.562449814] [lidar_clustering]: ID=17, X=0.62 m, Y=-7.41 m, Width=0.15 m, Depth=0.12 m, Distance=7.43 m
[cluster_plot_node-13] [INFO] [1789399252.562666377] [lidar_clustering]: ID=20, X=2.73 m, Y=-1.35 m, Width=3.94 m, Depth=6.71 m, Distance=3.05 m
[cluster_plot_node-13] [INFO] [1789399252.562853936] [lidar_clustering]: ID=32, X=1.29 m, Y=1.89 m, Width=0.06 m, Depth=0.09 m, Distance=2.29 m
[cluster_plot_node-13] [INFO] [1789399252.563036586] [lidar_clustering]: ID=33, X=6.97 m, Y=1.74 m, Width=1.97 m, Depth=1.09 m, Distance=7.18 m
[cluster_plot_node-13] [INFO] [1789399252.563214978] [lidar_clustering]: ID=34, X=0.69 m, Y=-6.77 m, Width=0.29 m, Depth=0.19 m, Distance=6.81 m
[cluster_plot_node-13] [INFO] [1789399252.563397989] [lidar_clustering]: ID=37, X=0.57 m, Y=-6.31 m, Width=0.57 m, Depth=0.28 m, Distance=6.34 m
[cluster_plot_node-13] [INFO] [1789399252.563574657] [lidar_clustering]: ID=38, X=0.54 m, Y=-2.70 m, Width=0.02 m, Depth=0.05 m, Distance=2.75 m
[cluster_plot_node-13] [INFO] [1789399252.563752679] [lidar_clustering]: FollowGap: mode=AVOID, direction=LEFT, front=3.17 m, best_angle=5.8 deg
[direct_localization_node-6] [INFO] [1789399252.587509301] [direct_localization]: pose: x=-32.76 y=-15.36 yaw=-153.8° v=0.91m/s [헤딩 정렬됨]
[cluster_plot_node-13] [INFO] [1789399253.482687133] [lidar_clustering]: ID=20, X=3.06 m, Y=-1.22 m, Width=4.46 m, Depth=7.37 m, Distance=3.30 m
[cluster_plot_node-13] [INFO] [1789399253.482902053] [lidar_clustering]: ID=32, X=0.54 m, Y=1.73 m, Width=0.04 m, Depth=0.10 m, Distance=1.82 m
[cluster_plot_node-13] [INFO] [1789399253.483078812] [lidar_clustering]: ID=33, X=7.66 m, Y=1.32 m, Width=0.22 m, Depth=0.13 m, Distance=7.77 m
[cluster_plot_node-13] [INFO] [1789399253.483253878] [lidar_clustering]: FollowGap: mode=AVOID, direction=LEFT, front=3.40 m, best_angle=7.0 deg
[cluster_plot_node-13] [INFO] [1789399253.483430827] [lidar_clustering]: points=489, clusters=2, tracks=3
[cluster_plot_node-13] [INFO] [1789399254.410180202] [lidar_clustering]: ID=20, X=3.06 m, Y=-1.37 m, Width=3.34 m, Depth=7.17 m, Distance=3.35 m
[cluster_plot_node-13] [INFO] [1789399254.410475932] [lidar_clustering]: ID=33, X=7.30 m, Y=1.58 m, Width=1.50 m, Depth=0.82 m, Distance=7.47 m
[cluster_plot_node-13] [INFO] [1789399254.410734143] [lidar_clustering]: FollowGap: mode=CLEAR, direction=STRAIGHT, front=8.00 m, best_angle=0.0 deg
[serial_bridge-12] [WARN] [1789399254.815307585] [serial_bridge_node]: ⚠ 공급전압 강하: VMIN=3224mV — 배터리/전원 확인
[cluster_plot_node-13] [INFO] [1789399255.343354179] [lidar_clustering]: ID=20, X=3.38 m, Y=-1.60 m, Width=3.56 m, Depth=6.89 m, Distance=3.74 m
[cluster_plot_node-13] [INFO] [1789399255.343666420] [lidar_clustering]: ID=33, X=7.64 m, Y=1.42 m, Width=0.74 m, Depth=0.33 m, Distance=7.78 m
[cluster_plot_node-13] [INFO] [1789399255.343903151] [lidar_clustering]: FollowGap: mode=CLEAR, direction=STRAIGHT, front=8.00 m, best_angle=0.0 deg
[cluster_plot_node-13] [INFO] [1789399255.344159017] [lidar_clustering]: points=482, clusters=2, tracks=2
[direct_localization_node-6] [INFO] [1789399255.587520487] [direct_localization]: pose: x=-35.20 y=-17.09 yaw=-136.0° v=0.98m/s [헤딩 정렬됨]
[cluster_plot_node-13] [INFO] [1789399256.270527114] [lidar_clustering]: ID=20, X=3.85 m, Y=-2.21 m, Width=3.97 m, Depth=7.66 m, Distance=4.44 m
[cluster_plot_node-13] [INFO] [1789399256.270740932] [lidar_clustering]: ID=33, X=7.75 m, Y=1.31 m, Width=0.41 m, Depth=0.18 m, Distance=7.86 m
[cluster_plot_node-13] [INFO] [1789399256.270926608] [lidar_clustering]: ID=42, X=7.40 m, Y=-0.44 m, Width=2.11 m, Depth=1.08 m, Distance=7.41 m
[cluster_plot_node-13] [INFO] [1789399256.271106462] [lidar_clustering]: ID=43, X=6.20 m, Y=-1.42 m, Width=0.23 m, Depth=0.18 m, Distance=6.36 m
[cluster_plot_node-13] [INFO] [1789399256.271284414] [lidar_clustering]: FollowGap: mode=CLEAR, direction=STRAIGHT, front=8.00 m, best_angle=0.0 deg
[vrs_ntrip_client-3] [INFO] [1789399256.503187891] [ngii_vrs_ntrip_client]: [NTRIP 연결됨] RTCM 260프레임 발행, GGA 실측(36.97050,127.87445)
[cluster_plot_node-13] [INFO] [1789399257.198330259] [lidar_clustering]: ID=20, X=3.93 m, Y=-2.53 m, Width=5.11 m, Depth=5.93 m, Distance=4.68 m
[cluster_plot_node-13] [INFO] [1789399257.198548916] [lidar_clustering]: ID=33, X=6.81 m, Y=2.44 m, Width=3.18 m, Depth=0.39 m, Distance=7.23 m
[cluster_plot_node-13] [INFO] [1789399257.198725043] [lidar_clustering]: ID=42, X=6.74 m, Y=0.06 m, Width=6.11 m, Depth=1.60 m, Distance=6.74 m
[cluster_plot_node-13] [INFO] [1789399257.198898426] [lidar_clustering]: ID=43, X=5.07 m, Y=-2.66 m, Width=0.07 m, Depth=0.04 m, Distance=5.73 m
[cluster_plot_node-13] [INFO] [1789399257.199069364] [lidar_clustering]: ID=44, X=2.45 m, Y=-3.32 m, Width=1.02 m, Depth=4.77 m, Distance=4.12 m
[cluster_plot_node-13] [INFO] [1789399257.199241003] [lidar_clustering]: FollowGap: mode=CLEAR, direction=STRAIGHT, front=8.00 m, best_angle=0.0 deg
[cluster_plot_node-13] [INFO] [1789399257.199417422] [lidar_clustering]: points=583, clusters=2, tracks=5
[serial_bridge-12] [WARN] [1789399257.826073485] [serial_bridge_node]: ⚠ 공급전압 강하: VMIN=3049mV — 배터리/전원 확인
[cluster_plot_node-13] [INFO] [1789399258.125609103] [lidar_clustering]: ID=20, X=4.11 m, Y=-2.88 m, Width=5.93 m, Depth=5.87 m, Distance=5.02 m
[cluster_plot_node-13] [INFO] [1789399258.125901528] [lidar_clustering]: ID=33, X=5.69 m, Y=2.95 m, Width=5.45 m, Depth=0.59 m, Distance=6.41 m
[cluster_plot_node-13] [INFO] [1789399258.126170889] [lidar_clustering]: ID=43, X=4.17 m, Y=-1.28 m, Width=10.81 m, Depth=5.47 m, Distance=4.36 m
[cluster_plot_node-13] [INFO] [1789399258.126398002] [lidar_clustering]: FollowGap: mode=CLEAR, direction=STRAIGHT, front=8.00 m, best_angle=0.0 deg
[direct_localization_node-6] [INFO] [1789399258.587456148] [direct_localization]: pose: x=-36.85 y=-20.03 yaw=-105.8° v=1.42m/s [헤딩 정렬됨]
[cluster_plot_node-13] [INFO] [1789399259.059120243] [lidar_clustering]: ID=20, X=5.16 m, Y=-3.01 m, Width=8.12 m, Depth=3.36 m, Distance=5.97 m
[cluster_plot_node-13] [INFO] [1789399259.059345082] [lidar_clustering]: ID=33, X=6.38 m, Y=2.51 m, Width=3.21 m, Depth=0.31 m, Distance=6.85 m
[cluster_plot_node-13] [INFO] [1789399259.059552007] [lidar_clustering]: ID=42, X=7.14 m, Y=1.26 m, Width=1.62 m, Depth=0.62 m, Distance=7.25 m
[cluster_plot_node-13] [INFO] [1789399259.059771054] [lidar_clustering]: ID=43, X=5.21 m, Y=-1.53 m, Width=11.40 m, Depth=3.21 m, Distance=5.43 m
[cluster_plot_node-13] [INFO] [1789399259.060000632] [lidar_clustering]: ID=45, X=1.39 m, Y=-6.66 m, Width=1.76 m, Depth=2.10 m, Distance=6.80 m
[cluster_plot_node-13] [INFO] [1789399259.060235769] [lidar_clustering]: FollowGap: mode=CLEAR, direction=STRAIGHT, front=8.00 m, best_angle=0.0 deg
[cluster_plot_node-13] [INFO] [1789399259.060449227] [lidar_clustering]: points=550, clusters=3, tracks=5
[cluster_plot_node-13] [INFO] [1789399259.997705893] [lidar_clustering]: ID=20, X=3.92 m, Y=-4.42 m, Width=5.36 m, Depth=7.54 m, Distance=5.91 m
[cluster_plot_node-13] [INFO] [1789399259.997919962] [lidar_clustering]: FollowGap: mode=CLEAR, direction=STRAIGHT, front=8.00 m, best_angle=0.0 deg
[serial_bridge-12] [WARN] [1789399260.832767182] [serial_bridge_node]: ⚠ 공급전압 강하: VMIN=2744mV — 배터리/전원 확인
[cluster_plot_node-13] [INFO] [1789399260.931923431] [lidar_clustering]: ID=20, X=4.41 m, Y=-2.04 m, Width=10.02 m, Depth=5.22 m, Distance=4.85 m
[cluster_plot_node-13] [INFO] [1789399260.932134494] [lidar_clustering]: ID=33, X=6.52 m, Y=2.19 m, Width=3.32 m, Depth=0.97 m, Distance=6.87 m
[cluster_plot_node-13] [INFO] [1789399260.932308598] [lidar_clustering]: ID=42, X=7.26 m, Y=1.73 m, Width=1.86 m, Depth=0.89 m, Distance=7.47 m
[cluster_plot_node-13] [INFO] [1789399260.932482061] [lidar_clustering]: ID=46, X=4.29 m, Y=-2.94 m, Width=9.85 m, Depth=6.19 m, Distance=5.20 m
[cluster_plot_node-13] [INFO] [1789399260.932651636] [lidar_clustering]: FollowGap: mode=CLEAR, direction=STRAIGHT, front=8.00 m, best_angle=0.0 deg
[cluster_plot_node-13] [INFO] [1789399260.932827574] [lidar_clustering]: points=470, clusters=1, tracks=4
[vrs_ntrip_client-3] [INFO] [1789399261.503255919] [ngii_vrs_ntrip_client]: [NTRIP 연결됨] RTCM 280프레임 발행, GGA 실측(36.97045,127.87445)
[direct_localization_node-6] [INFO] [1789399261.587608578] [direct_localization]: pose: x=-36.27 y=-23.49 yaw=-59.6° v=1.06m/s [헤딩 정렬됨]
[cluster_plot_node-13] [INFO] [1789399261.870841733] [lidar_clustering]: ID=46, X=5.62 m, Y=-3.49 m, Width=7.28 m, Depth=4.47 m, Distance=6.62 m
[cluster_plot_node-13] [INFO] [1789399261.871070660] [lidar_clustering]: FollowGap: mode=CLEAR, direction=STRAIGHT, front=8.00 m, best_angle=0.0 deg
[cluster_plot_node-13] [INFO] [1789399262.804551288] [lidar_clustering]: ID=42, X=7.22 m, Y=1.62 m, Width=1.26 m, Depth=0.77 m, Distance=7.40 m
[cluster_plot_node-13] [INFO] [1789399262.804776036] [lidar_clustering]: ID=46, X=4.57 m, Y=-3.35 m, Width=9.06 m, Depth=7.03 m, Distance=5.66 m
[cluster_plot_node-13] [INFO] [1789399262.804964868] [lidar_clustering]: FollowGap: mode=CLEAR, direction=STRAIGHT, front=8.00 m, best_angle=0.0 deg
[cluster_plot_node-13] [INFO] [1789399262.805150764] [lidar_clustering]: points=503, clusters=2, tracks=2
[cluster_plot_node-13] [INFO] [1789399263.731737999] [lidar_clustering]: ID=42, X=7.50 m, Y=1.49 m, Width=1.03 m, Depth=0.50 m, Distance=7.64 m
[cluster_plot_node-13] [INFO] [1789399263.731952979] [lidar_clustering]: ID=46, X=4.68 m, Y=-3.51 m, Width=9.44 m, Depth=7.30 m, Distance=5.85 m
[cluster_plot_node-13] [INFO] [1789399263.732138435] [lidar_clustering]: FollowGap: mode=CLEAR, direction=STRAIGHT, front=8.00 m, best_angle=0.0 deg
[serial_bridge-12] [WARN] [1789399263.842811781] [serial_bridge_node]: ⚠ 공급전압 강하: VMIN=3224mV — 배터리/전원 확인
[direct_localization_node-6] [INFO] [1789399264.587449773] [direct_localization]: pose: x=-33.78 y=-25.49 yaw=-27.5° v=1.08m/s [헤딩 정렬됨]
[cluster_plot_node-13] [INFO] [1789399264.665002388] [lidar_clustering]: ID=46, X=6.36 m, Y=-3.76 m, Width=4.32 m, Depth=3.06 m, Distance=7.39 m
[cluster_plot_node-13] [INFO] [1789399264.665222107] [lidar_clustering]: ID=47, X=4.22 m, Y=-6.04 m, Width=0.18 m, Depth=0.20 m, Distance=7.37 m
[cluster_plot_node-13] [INFO] [1789399264.665413182] [lidar_clustering]: ID=48, X=7.38 m, Y=-2.12 m, Width=1.48 m, Depth=1.12 m, Distance=7.68 m
[cluster_plot_node-13] [INFO] [1789399264.665593077] [lidar_clustering]: ID=49, X=7.93 m, Y=-0.13 m, Width=0.08 m, Depth=0.02 m, Distance=7.93 m
[cluster_plot_node-13] [INFO] [1789399264.665770267] [lidar_clustering]: ID=50, X=5.59 m, Y=-3.27 m, Width=8.25 m, Depth=5.34 m, Distance=6.48 m
[cluster_plot_node-13] [INFO] [1789399264.665951013] [lidar_clustering]: ID=51, X=6.74 m, Y=-1.70 m, Width=0.11 m, Depth=0.05 m, Distance=6.95 m
[cluster_plot_node-13] [INFO] [1789399264.666129796] [lidar_clustering]: ID=52, X=3.75 m, Y=-6.48 m, Width=0.06 m, Depth=0.13 m, Distance=7.49 m
[cluster_plot_node-13] [INFO] [1789399264.666307908] [lidar_clustering]: ID=53, X=2.96 m, Y=-6.95 m, Width=1.29 m, Depth=1.41 m, Distance=7.56 m
[cluster_plot_node-13] [INFO] [1789399264.666490467] [lidar_clustering]: ID=54, X=4.60 m, Y=-6.20 m, Width=0.15 m, Depth=0.37 m, Distance=7.72 m
[cluster_plot_node-13] [INFO] [1789399264.666669100] [lidar_clustering]: ID=55, X=4.00 m, Y=-5.70 m, Width=0.06 m, Depth=0.08 m, Distance=6.97 m
[cluster_plot_node-13] [INFO] [1789399264.666850047] [lidar_clustering]: ID=56, X=4.33 m, Y=-5.11 m, Width=0.29 m, Depth=0.46 m, Distance=6.69 m
[cluster_plot_node-13] [INFO] [1789399264.667027547] [lidar_clustering]: ID=57, X=5.83 m, Y=-4.62 m, Width=1.98 m, Depth=0.96 m, Distance=7.43 m
[cluster_plot_node-13] [INFO] [1789399264.667205167] [lidar_clustering]: ID=58, X=3.73 m, Y=-6.07 m, Width=0.36 m, Depth=0.57 m, Distance=7.13 m
[cluster_plot_node-13] [INFO] [1789399264.667389871] [lidar_clustering]: FollowGap: mode=CLEAR, direction=STRAIGHT, front=8.00 m, best_angle=0.0 deg
[cluster_plot_node-13] [INFO] [1789399264.667571048] [lidar_clustering]: points=318, clusters=8, tracks=13
[cluster_plot_node-13] [INFO] [1789399265.592546426] [lidar_clustering]: ID=42, X=7.82 m, Y=0.53 m, Width=0.16 m, Depth=0.14 m, Distance=7.84 m
[cluster_plot_node-13] [INFO] [1789399265.592763580] [lidar_clustering]: ID=46, X=6.70 m, Y=-2.35 m, Width=7.29 m, Depth=2.50 m, Distance=7.10 m
[cluster_plot_node-13] [INFO] [1789399265.592939818] [lidar_clustering]: ID=47, X=3.43 m, Y=-6.72 m, Width=0.46 m, Depth=1.64 m, Distance=7.54 m
[cluster_plot_node-13] [INFO] [1789399265.593111137] [lidar_clustering]: ID=48, X=6.81 m, Y=-1.32 m, Width=0.08 m, Depth=0.02 m, Distance=6.94 m
[cluster_plot_node-13] [INFO] [1789399265.593299147] [lidar_clustering]: ID=49, X=7.41 m, Y=-0.71 m, Width=0.08 m, Depth=0.01 m, Distance=7.44 m
[cluster_plot_node-13] [INFO] [1789399265.593668685] [lidar_clustering]: ID=51, X=5.59 m, Y=-2.61 m, Width=0.10 m, Depth=0.04 m, Distance=6.17 m
[cluster_plot_node-13] [INFO] [1789399265.593928869] [lidar_clustering]: ID=52, X=1.90 m, Y=-7.61 m, Width=0.18 m, Depth=0.07 m, Distance=7.84 m
[cluster_plot_node-13] [INFO] [1789399265.594170499] [lidar_clustering]: ID=53, X=1.92 m, Y=-6.95 m, Width=1.05 m, Depth=1.14 m, Distance=7.21 m
[cluster_plot_node-13] [INFO] [1789399265.594422298] [lidar_clustering]: ID=54, X=3.09 m, Y=-5.59 m, Width=0.05 m, Depth=0.11 m, Distance=6.38 m
[cluster_plot_node-13] [INFO] [1789399265.594608053] [lidar_clustering]: ID=55, X=2.47 m, Y=-6.17 m, Width=3.34 m, Depth=2.97 m, Distance=6.64 m
[cluster_plot_node-13] [INFO] [1789399265.594778420] [lidar_clustering]: ID=56, X=3.87 m, Y=-4.95 m, Width=3.46 m, Depth=2.80 m, Distance=6.29 m
[cluster_plot_node-13] [INFO] [1789399265.594963885] [lidar_clustering]: ID=57, X=5.64 m, Y=-4.40 m, Width=6.19 m, Depth=5.38 m, Distance=7.15 m
[cluster_plot_node-13] [INFO] [1789399265.595137328] [lidar_clustering]: FollowGap: mode=CLEAR, direction=STRAIGHT, front=8.00 m, best_angle=0.0 deg
[vrs_ntrip_client-3] [INFO] [1789399266.503145514] [ngii_vrs_ntrip_client]: [NTRIP 연결됨] RTCM 304프레임 발행, GGA 실측(36.97042,127.87450)
[cluster_plot_node-13] [INFO] [1789399266.514702393] [lidar_clustering]: ID=48, X=6.71 m, Y=-1.14 m, Width=4.07 m, Depth=1.19 m, Distance=6.80 m
[cluster_plot_node-13] [INFO] [1789399266.514929786] [lidar_clustering]: ID=49, X=6.96 m, Y=-0.17 m, Width=3.84 m, Depth=1.15 m, Distance=6.96 m
[cluster_plot_node-13] [INFO] [1789399266.515102628] [lidar_clustering]: ID=50, X=4.24 m, Y=-3.31 m, Width=7.92 m, Depth=6.97 m, Distance=5.38 m
[cluster_plot_node-13] [INFO] [1789399266.515273105] [lidar_clustering]: ID=54, X=3.22 m, Y=-4.58 m, Width=5.36 m, Depth=5.88 m, Distance=5.60 m
[cluster_plot_node-13] [INFO] [1789399266.515454362] [lidar_clustering]: ID=56, X=3.82 m, Y=-3.93 m, Width=4.04 m, Depth=4.54 m, Distance=5.48 m
[cluster_plot_node-13] [INFO] [1789399266.515626232] [lidar_clustering]: ID=59, X=7.68 m, Y=1.31 m, Width=0.34 m, Depth=0.18 m, Distance=7.79 m
[cluster_plot_node-13] [INFO] [1789399266.515796700] [lidar_clustering]: ID=60, X=7.52 m, Y=0.05 m, Width=1.98 m, Depth=0.85 m, Distance=7.52 m
[cluster_plot_node-13] [INFO] [1789399266.515967658] [lidar_clustering]: FollowGap: mode=CLEAR, direction=STRAIGHT, front=8.00 m, best_angle=0.0 deg
[cluster_plot_node-13] [INFO] [1789399266.516140790] [lidar_clustering]: points=491, clusters=2, tracks=7
[serial_bridge-12] [WARN] [1789399266.850055982] [serial_bridge_node]: ⚠ 공급전압 강하: VMIN=3329mV — 배터리/전원 확인
[cluster_plot_node-13] [INFO] [1789399267.441171082] [lidar_clustering]: ID=48, X=6.37 m, Y=-1.05 m, Width=0.65 m, Depth=0.45 m, Distance=6.46 m
[cluster_plot_node-13] [INFO] [1789399267.441392755] [lidar_clustering]: ID=49, X=7.08 m, Y=-0.02 m, Width=1.96 m, Depth=1.20 m, Distance=7.08 m
[cluster_plot_node-13] [INFO] [1789399267.441572629] [lidar_clustering]: ID=50, X=4.04 m, Y=-2.92 m, Width=6.86 m, Depth=6.76 m, Distance=4.99 m
[cluster_plot_node-13] [INFO] [1789399267.441746393] [lidar_clustering]: ID=56, X=3.30 m, Y=-3.78 m, Width=4.37 m, Depth=5.55 m, Distance=5.02 m
[cluster_plot_node-13] [INFO] [1789399267.441918403] [lidar_clustering]: ID=59, X=7.47 m, Y=1.48 m, Width=1.11 m, Depth=0.58 m, Distance=7.62 m
[cluster_plot_node-13] [INFO] [1789399267.442091585] [lidar_clustering]: FollowGap: mode=CLEAR, direction=STRAIGHT, front=8.00 m, best_angle=0.0 deg
[direct_localization_node-6] [INFO] [1789399267.587527402] [direct_localization]: pose: x=-30.85 y=-26.23 yaw=-6.4° v=1.07m/s [헤딩 정렬됨]
[cluster_plot_node-13] [INFO] [1789399268.368394472] [lidar_clustering]: ID=48, X=5.12 m, Y=-2.02 m, Width=0.42 m, Depth=0.16 m, Distance=5.50 m
[cluster_plot_node-13] [INFO] [1789399268.368607769] [lidar_clustering]: ID=49, X=6.17 m, Y=-0.76 m, Width=3.33 m, Depth=2.37 m, Distance=6.22 m
[cluster_plot_node-13] [INFO] [1789399268.368783025] [lidar_clustering]: ID=56, X=2.61 m, Y=-3.76 m, Width=2.93 m, Depth=4.38 m, Distance=4.57 m
[cluster_plot_node-13] [INFO] [1789399268.368959283] [lidar_clustering]: ID=59, X=7.72 m, Y=1.20 m, Width=0.13 m, Depth=0.17 m, Distance=7.82 m
[cluster_plot_node-13] [INFO] [1789399268.369131844] [lidar_clustering]: FollowGap: mode=CLEAR, direction=STRAIGHT, front=8.00 m, best_angle=0.0 deg
[cluster_plot_node-13] [INFO] [1789399268.369304696] [lidar_clustering]: points=477, clusters=3, tracks=4
[cluster_plot_node-13] [INFO] [1789399269.296275612] [lidar_clustering]: ID=48, X=3.95 m, Y=-2.77 m, Width=0.55 m, Depth=0.20 m, Distance=4.83 m
[cluster_plot_node-13] [INFO] [1789399269.296500130] [lidar_clustering]: ID=49, X=5.62 m, Y=-1.18 m, Width=3.90 m, Depth=3.25 m, Distance=5.74 m
[cluster_plot_node-13] [INFO] [1789399269.296684754] [lidar_clustering]: ID=50, X=3.32 m, Y=-2.88 m, Width=0.08 m, Depth=0.03 m, Distance=4.40 m
[cluster_plot_node-13] [INFO] [1789399269.296857695] [lidar_clustering]: ID=56, X=2.22 m, Y=-3.72 m, Width=2.01 m, Depth=3.55 m, Distance=4.33 m
[cluster_plot_node-13] [INFO] [1789399269.297029405] [lidar_clustering]: ID=59, X=7.65 m, Y=1.99 m, Width=0.35 m, Depth=0.28 m, Distance=7.90 m
[cluster_plot_node-13] [INFO] [1789399269.297200463] [lidar_clustering]: ID=60, X=7.62 m, Y=0.99 m, Width=0.48 m, Depth=0.43 m, Distance=7.68 m
[cluster_plot_node-13] [INFO] [1789399269.297419521] [lidar_clustering]: FollowGap: mode=CLEAR, direction=STRAIGHT, front=8.00 m, best_angle=0.0 deg
[serial_bridge-12] [WARN] [1789399269.859583648] [serial_bridge_node]: ⚠ 공급전압 강하: VMIN=3261mV — 배터리/전원 확인
[cluster_plot_node-13] [INFO] [1789399270.223116422] [lidar_clustering]: ID=48, X=4.49 m, Y=-2.25 m, Width=3.49 m, Depth=5.17 m, Distance=5.02 m
[cluster_plot_node-13] [INFO] [1789399270.223360326] [lidar_clustering]: ID=49, X=5.07 m, Y=-1.61 m, Width=4.60 m, Depth=4.31 m, Distance=5.32 m
[cluster_plot_node-13] [INFO] [1789399270.223564777] [lidar_clustering]: ID=50, X=2.35 m, Y=-3.12 m, Width=0.17 m, Depth=0.32 m, Distance=3.91 m
[cluster_plot_node-13] [INFO] [1789399270.223754480] [lidar_clustering]: ID=56, X=1.71 m, Y=-3.84 m, Width=0.41 m, Depth=1.11 m, Distance=4.21 m
[cluster_plot_node-13] [INFO] [1789399270.223940626] [lidar_clustering]: ID=59, X=7.00 m, Y=1.33 m, Width=0.13 m, Depth=0.06 m, Distance=7.12 m
[cluster_plot_node-13] [INFO] [1789399270.224125661] [lidar_clustering]: ID=60, X=7.21 m, Y=0.80 m, Width=0.17 m, Depth=0.10 m, Distance=7.26 m
[cluster_plot_node-13] [INFO] [1789399270.224312849] [lidar_clustering]: FollowGap: mode=CLEAR, direction=STRAIGHT, front=8.00 m, best_angle=0.0 deg
[cluster_plot_node-13] [INFO] [1789399270.224502402] [lidar_clustering]: points=389, clusters=6, tracks=6
[mission_sequencer-15] [INFO] [1789399270.320552938] [mission_sequencer]: ▶ lidar_avoid ARM (배경, s=38.5m)
[cluster_plot_node-13] [INFO] [1789399270.420542044] [lidar_clustering]: ▶ ARM — 조향 회피 시작 (감속은 원래 켜져 있다)
[direct_localization_node-6] [INFO] [1789399270.587611668] [direct_localization]: pose: x=-27.92 y=-25.91 yaw=14.0° v=1.10m/s [헤딩 정렬됨]
[cluster_plot_node-13] [INFO] [1789399271.150123968] [lidar_clustering]: ID=48, X=4.24 m, Y=-2.27 m, Width=2.90 m, Depth=5.59 m, Distance=4.82 m
[cluster_plot_node-13] [INFO] [1789399271.150333088] [lidar_clustering]: ID=49, X=4.73 m, Y=-2.19 m, Width=2.56 m, Depth=4.78 m, Distance=5.21 m
[cluster_plot_node-13] [INFO] [1789399271.150525125] [lidar_clustering]: ID=50, X=2.36 m, Y=-3.33 m, Width=0.26 m, Depth=1.12 m, Distance=4.08 m
[cluster_plot_node-13] [INFO] [1789399271.150736969] [lidar_clustering]: ID=56, X=1.13 m, Y=-3.95 m, Width=0.45 m, Depth=1.65 m, Distance=4.11 m
[cluster_plot_node-13] [INFO] [1789399271.150909430] [lidar_clustering]: ID=59, X=6.56 m, Y=1.22 m, Width=0.07 m, Depth=0.01 m, Distance=6.68 m
[cluster_plot_node-13] [INFO] [1789399271.151079286] [lidar_clustering]: ID=60, X=6.26 m, Y=0.11 m, Width=0.57 m, Depth=0.13 m, Distance=6.26 m
[cluster_plot_node-13] [INFO] [1789399271.151251086] [lidar_clustering]: ID=61, X=6.43 m, Y=-0.54 m, Width=0.20 m, Depth=0.02 m, Distance=6.46 m
[cluster_plot_node-13] [INFO] [1789399271.151443605] [lidar_clustering]: FollowGap: mode=CLEAR, direction=STRAIGHT, front=8.00 m, best_angle=0.0 deg
[vrs_ntrip_client-3] [INFO] [1789399271.503302916] [ngii_vrs_ntrip_client]: [NTRIP 연결됨] RTCM 328프레임 발행, GGA 실측(36.97043,127.87455)
[cluster_plot_node-13] [INFO] [1789399272.077472635] [lidar_clustering]: ID=48, X=3.80 m, Y=-2.64 m, Width=2.44 m, Depth=4.78 m, Distance=4.62 m
[cluster_plot_node-13] [INFO] [1789399272.077770490] [lidar_clustering]: ID=49, X=4.28 m, Y=-2.43 m, Width=2.43 m, Depth=4.77 m, Distance=4.92 m
[cluster_plot_node-13] [INFO] [1789399272.077991922] [lidar_clustering]: ID=50, X=1.46 m, Y=-3.55 m, Width=0.11 m, Depth=0.70 m, Distance=3.84 m
[cluster_plot_node-13] [INFO] [1789399272.078184039] [lidar_clustering]: ID=56, X=0.74 m, Y=-4.03 m, Width=0.10 m, Depth=0.65 m, Distance=4.10 m
[cluster_plot_node-13] [INFO] [1789399272.078382609] [lidar_clustering]: ID=59, X=5.40 m, Y=0.44 m, Width=0.06 m, Depth=0.00 m, Distance=5.42 m
[cluster_plot_node-13] [INFO] [1789399272.078568715] [lidar_clustering]: ID=60, X=5.12 m, Y=-0.12 m, Width=0.05 m, Depth=0.00 m, Distance=5.12 m
[cluster_plot_node-13] [INFO] [1789399272.078753349] [lidar_clustering]: ID=61, X=5.48 m, Y=-0.52 m, Width=0.57 m, Depth=0.08 m, Distance=5.51 m
[cluster_plot_node-13] [INFO] [1789399272.078942331] [lidar_clustering]: ID=62, X=7.33 m, Y=2.55 m, Width=1.24 m, Depth=0.32 m, Distance=7.76 m
[cluster_plot_node-13] [INFO] [1789399272.079126624] [lidar_clustering]: ID=63, X=7.45 m, Y=1.62 m, Width=0.08 m, Depth=0.02 m, Distance=7.62 m
[cluster_plot_node-13] [INFO] [1789399272.079310466] [lidar_clustering]: ID=64, X=7.36 m, Y=3.07 m, Width=0.17 m, Depth=0.09 m, Distance=7.97 m
[cluster_plot_node-13] [INFO] [1789399272.079513334] [lidar_clustering]: ID=65, X=5.49 m, Y=-1.00 m, Width=0.20 m, Depth=0.06 m, Distance=5.58 m
[cluster_plot_node-13] [INFO] [1789399272.079693389] [lidar_clustering]: ID=66, X=7.75 m, Y=-1.12 m, Width=0.25 m, Depth=0.38 m, Distance=7.83 m
[cluster_plot_node-13] [INFO] [1789399272.079875077] [lidar_clustering]: FollowGap: mode=CLEAR, direction=STRAIGHT, front=8.00 m, best_angle=0.0 deg
[cluster_plot_node-13] [INFO] [1789399272.080057276] [lidar_clustering]: points=400, clusters=9, tracks=12
[serial_bridge-12] [WARN] [1789399272.866257727] [serial_bridge_node]: ⚠ 공급전압 강하: VMIN=3920mV — 배터리/전원 확인
[cluster_plot_node-13] [INFO] [1789399273.005031860] [lidar_clustering]: ID=48, X=2.82 m, Y=-2.89 m, Width=2.29 m, Depth=4.59 m, Distance=4.04 m
[cluster_plot_node-13] [INFO] [1789399273.005249856] [lidar_clustering]: ID=50, X=0.57 m, Y=-3.68 m, Width=0.10 m, Depth=0.48 m, Distance=3.73 m
[cluster_plot_node-13] [INFO] [1789399273.005437025] [lidar_clustering]: ID=59, X=4.33 m, Y=-0.20 m, Width=0.04 m, Depth=0.00 m, Distance=4.34 m
[cluster_plot_node-13] [INFO] [1789399273.005619494] [lidar_clustering]: ID=60, X=4.08 m, Y=0.10 m, Width=0.06 m, Depth=0.00 m, Distance=4.08 m
[cluster_plot_node-13] [INFO] [1789399273.005794079] [lidar_clustering]: ID=61, X=4.45 m, Y=-0.60 m, Width=0.68 m, Depth=0.19 m, Distance=4.49 m
[cluster_plot_node-13] [INFO] [1789399273.005968183] [lidar_clustering]: ID=62, X=6.47 m, Y=2.26 m, Width=0.17 m, Depth=0.09 m, Distance=6.86 m
[cluster_plot_node-13] [INFO] [1789399273.006140784] [lidar_clustering]: ID=63, X=7.75 m, Y=0.55 m, Width=0.34 m, Depth=0.23 m, Distance=7.77 m
[cluster_plot_node-13] [INFO] [1789399273.006312143] [lidar_clustering]: ID=64, X=6.39 m, Y=2.79 m, Width=0.20 m, Depth=0.09 m, Distance=6.97 m
[cluster_plot_node-13] [INFO] [1789399273.006488431] [lidar_clustering]: ID=65, X=4.55 m, Y=-1.29 m, Width=0.22 m, Depth=0.07 m, Distance=4.73 m
[cluster_plot_node-13] [INFO] [1789399273.006666212] [lidar_clustering]: ID=66, X=6.59 m, Y=-0.96 m, Width=0.15 m, Depth=0.08 m, Distance=6.66 m
[cluster_plot_node-13] [INFO] [1789399273.006836008] [lidar_clustering]: ID=67, X=7.26 m, Y=-0.19 m, Width=0.62 m, Depth=0.44 m, Distance=7.26 m
[cluster_plot_node-13] [INFO] [1789399273.007005183] [lidar_clustering]: ID=68, X=6.53 m, Y=1.68 m, Width=0.31 m, Depth=0.13 m, Distance=6.74 m
[cluster_plot_node-13] [INFO] [1789399273.007173957] [lidar_clustering]: ID=69, X=6.19 m, Y=-1.43 m, Width=0.26 m, Depth=0.08 m, Distance=6.35 m
[cluster_plot_node-13] [INFO] [1789399273.007345336] [lidar_clustering]: FollowGap: mode=CLEAR, direction=STRAIGHT, front=8.00 m, best_angle=0.0 deg
[vehicle_cmd_mux-11] [INFO] [1789399273.107799881] [vehicle_cmd_mux]: 모드: AVOID(라이다)
[direct_localization_node-6] [INFO] [1789399273.587473023] [direct_localization]: pose: x=-25.23 y=-24.81 yaw=21.5° v=1.10m/s [헤딩 정렬됨]
[cluster_plot_node-13] [INFO] [1789399273.938113180] [lidar_clustering]: ID=48, X=2.28 m, Y=-3.22 m, Width=1.58 m, Depth=4.55 m, Distance=3.94 m
[cluster_plot_node-13] [INFO] [1789399273.938322680] [lidar_clustering]: ID=49, X=3.71 m, Y=-1.92 m, Width=0.17 m, Depth=0.08 m, Distance=4.18 m
[cluster_plot_node-13] [INFO] [1789399273.938511411] [lidar_clustering]: ID=59, X=3.24 m, Y=-0.32 m, Width=0.06 m, Depth=0.02 m, Distance=3.26 m
[cluster_plot_node-13] [INFO] [1789399273.938687849] [lidar_clustering]: ID=60, X=3.61 m, Y=-0.13 m, Width=0.06 m, Depth=0.02 m, Distance=3.61 m
[cluster_plot_node-13] [INFO] [1789399273.938860731] [lidar_clustering]: ID=61, X=3.29 m, Y=-0.72 m, Width=0.04 m, Depth=0.01 m, Distance=3.37 m
[cluster_plot_node-13] [INFO] [1789399273.939041107] [lidar_clustering]: ID=62, X=5.73 m, Y=1.61 m, Width=0.21 m, Depth=0.10 m, Distance=5.95 m
[cluster_plot_node-13] [INFO] [1789399273.939295130] [lidar_clustering]: ID=63, X=7.75 m, Y=1.25 m, Width=0.12 m, Depth=0.06 m, Distance=7.85 m
[cluster_plot_node-13] [INFO] [1789399273.939494000] [lidar_clustering]: ID=64, X=5.68 m, Y=2.12 m, Width=0.19 m, Depth=0.10 m, Distance=6.07 m
[cluster_plot_node-13] [INFO] [1789399273.939671310] [lidar_clustering]: ID=65, X=3.49 m, Y=-1.17 m, Width=0.67 m, Depth=0.14 m, Distance=3.68 m
[cluster_plot_node-13] [INFO] [1789399273.939844733] [lidar_clustering]: ID=66, X=6.89 m, Y=-2.01 m, Width=0.14 m, Depth=0.54 m, Distance=7.17 m
[cluster_plot_node-13] [INFO] [1789399273.940017224] [lidar_clustering]: ID=67, X=7.38 m, Y=-0.58 m, Width=0.65 m, Depth=0.62 m, Distance=7.40 m
[cluster_plot_node-13] [INFO] [1789399273.940188372] [lidar_clustering]: ID=68, X=5.74 m, Y=1.06 m, Width=0.22 m, Depth=0.09 m, Distance=5.84 m
[cluster_plot_node-13] [INFO] [1789399273.940366734] [lidar_clustering]: ID=69, X=5.69 m, Y=-2.32 m, Width=0.14 m, Depth=0.51 m, Distance=6.14 m
[cluster_plot_node-13] [INFO] [1789399273.940544475] [lidar_clustering]: ID=70, X=5.99 m, Y=0.96 m, Width=0.08 m, Depth=0.01 m, Distance=6.06 m
[cluster_plot_node-13] [INFO] [1789399273.940718659] [lidar_clustering]: FollowGap: mode=AVOID, direction=LEFT, front=3.17 m, best_angle=9.6 deg
[cluster_plot_node-13] [INFO] [1789399273.940892052] [lidar_clustering]: points=424, clusters=11, tracks=14
[cluster_plot_node-13] [INFO] [1789399274.957404489] [lidar_clustering]: ID=48, X=2.04 m, Y=-3.97 m, Width=0.29 m, Depth=1.86 m, Distance=4.46 m
[cluster_plot_node-13] [INFO] [1789399274.957614330] [lidar_clustering]: ID=49, X=2.14 m, Y=-2.41 m, Width=0.11 m, Depth=0.13 m, Distance=3.22 m
[cluster_plot_node-13] [INFO] [1789399274.957789736] [lidar_clustering]: ID=59, X=2.07 m, Y=-0.98 m, Width=0.03 m, Depth=0.01 m, Distance=2.30 m
[cluster_plot_node-13] [INFO] [1789399274.957959422] [lidar_clustering]: ID=60, X=2.12 m, Y=-1.27 m, Width=0.02 m, Depth=0.01 m, Distance=2.47 m
[cluster_plot_node-13] [INFO] [1789399274.958129318] [lidar_clustering]: ID=61, X=2.36 m, Y=-0.98 m, Width=0.02 m, Depth=0.01 m, Distance=2.56 m
[cluster_plot_node-13] [INFO] [1789399274.958297571] [lidar_clustering]: ID=62, X=4.94 m, Y=0.55 m, Width=0.22 m, Depth=0.07 m, Distance=4.97 m
[cluster_plot_node-13] [INFO] [1789399274.958477486] [lidar_clustering]: ID=63, X=7.92 m, Y=0.44 m, Width=0.23 m, Depth=0.06 m, Distance=7.93 m
[cluster_plot_node-13] [INFO] [1789399274.958648324] [lidar_clustering]: ID=64, X=4.89 m, Y=1.06 m, Width=0.18 m, Depth=0.10 m, Distance=5.01 m
[cluster_plot_node-13] [INFO] [1789399274.958829431] [lidar_clustering]: ID=65, X=2.20 m, Y=-1.74 m, Width=0.60 m, Depth=0.22 m, Distance=2.80 m
[cluster_plot_node-13] [INFO] [1789399274.959002533] [lidar_clustering]: ID=66, X=4.57 m, Y=-3.70 m, Width=0.08 m, Depth=0.29 m, Distance=5.89 m
[cluster_plot_node-13] [INFO] [1789399274.959171287] [lidar_clustering]: ID=67, X=6.11 m, Y=-3.49 m, Width=0.18 m, Depth=0.24 m, Distance=7.04 m
[cluster_plot_node-13] [INFO] [1789399274.959357664] [lidar_clustering]: ID=68, X=4.88 m, Y=-0.00 m, Width=0.24 m, Depth=0.09 m, Distance=4.88 m
[cluster_plot_node-13] [INFO] [1789399274.959535405] [lidar_clustering]: ID=69, X=3.70 m, Y=-3.77 m, Width=0.05 m, Depth=0.28 m, Distance=5.29 m
[cluster_plot_node-13] [INFO] [1789399274.959708327] [lidar_clustering]: ID=70, X=5.23 m, Y=-0.43 m, Width=0.05 m, Depth=0.01 m, Distance=5.25 m
[cluster_plot_node-13] [INFO] [1789399274.959880788] [lidar_clustering]: ID=71, X=7.02 m, Y=-1.69 m, Width=3.20 m, Depth=2.39 m, Distance=7.22 m
[cluster_plot_node-13] [INFO] [1789399274.960053569] [lidar_clustering]: ID=72, X=7.17 m, Y=-2.39 m, Width=2.67 m, Depth=1.40 m, Distance=7.56 m
[cluster_plot_node-13] [INFO] [1789399274.960229587] [lidar_clustering]: FollowGap: mode=AVOID, direction=RIGHT, front=2.26 m, best_angle=-6.0 deg
[vehicle_cmd_mux-11] [INFO] [1789399275.807921112] [vehicle_cmd_mux]: 모드: AUTO
[serial_bridge-12] [WARN] [1789399275.880794574] [serial_bridge_node]: ⚠ 공급전압 강하: VMIN=4230mV — 배터리/전원 확인
[cluster_plot_node-13] [INFO] [1789399275.885417728] [lidar_clustering]: ID=48, X=1.15 m, Y=-4.11 m, Width=0.36 m, Depth=1.63 m, Distance=4.26 m
[cluster_plot_node-13] [INFO] [1789399275.885625866] [lidar_clustering]: ID=49, X=1.29 m, Y=-2.34 m, Width=0.10 m, Depth=0.15 m, Distance=2.67 m
[cluster_plot_node-13] [INFO] [1789399275.885805230] [lidar_clustering]: ID=59, X=1.28 m, Y=-0.89 m, Width=0.06 m, Depth=0.23 m, Distance=1.56 m
[cluster_plot_node-13] [INFO] [1789399275.886048963] [lidar_clustering]: ID=60, X=1.37 m, Y=-1.38 m, Width=0.29 m, Depth=0.27 m, Distance=1.94 m
[cluster_plot_node-13] [INFO] [1789399275.886246070] [lidar_clustering]: ID=61, X=1.89 m, Y=-0.93 m, Width=0.04 m, Depth=0.02 m, Distance=2.11 m
[cluster_plot_node-13] [INFO] [1789399275.886426897] [lidar_clustering]: ID=62, X=3.80 m, Y=0.78 m, Width=0.20 m, Depth=0.07 m, Distance=3.88 m
[cluster_plot_node-13] [INFO] [1789399275.886600560] [lidar_clustering]: ID=63, X=7.78 m, Y=1.14 m, Width=0.33 m, Depth=0.12 m, Distance=7.86 m
[cluster_plot_node-13] [INFO] [1789399275.886794080] [lidar_clustering]: ID=64, X=3.82 m, Y=1.27 m, Width=0.16 m, Depth=0.10 m, Distance=4.03 m
[cluster_plot_node-13] [INFO] [1789399275.886967623] [lidar_clustering]: ID=65, X=1.28 m, Y=-1.79 m, Width=0.11 m, Depth=0.15 m, Distance=2.20 m
[cluster_plot_node-13] [INFO] [1789399275.887143691] [lidar_clustering]: ID=66, X=2.98 m, Y=-3.83 m, Width=0.05 m, Depth=0.14 m, Distance=4.86 m
[cluster_plot_node-13] [INFO] [1789399275.887361306] [lidar_clustering]: ID=67, X=4.15 m, Y=-3.67 m, Width=0.14 m, Depth=0.57 m, Distance=5.54 m
[cluster_plot_node-13] [INFO] [1789399275.887621350] [lidar_clustering]: ID=68, X=3.86 m, Y=0.18 m, Width=0.31 m, Depth=0.07 m, Distance=3.86 m
[cluster_plot_node-13] [INFO] [1789399275.887864653] [lidar_clustering]: ID=69, X=2.39 m, Y=-3.90 m, Width=0.03 m, Depth=0.07 m, Distance=4.58 m
[cluster_plot_node-13] [INFO] [1789399275.888048324] [lidar_clustering]: ID=70, X=4.25 m, Y=-0.46 m, Width=0.04 m, Depth=0.00 m, Distance=4.28 m
[cluster_plot_node-13] [INFO] [1789399275.888288261] [lidar_clustering]: ID=71, X=6.56 m, Y=-1.85 m, Width=3.68 m, Depth=1.46 m, Distance=6.82 m
[cluster_plot_node-13] [INFO] [1789399275.888507679] [lidar_clustering]: ID=72, X=7.17 m, Y=-2.05 m, Width=3.60 m, Depth=1.95 m, Distance=7.45 m
[cluster_plot_node-13] [INFO] [1789399275.888792059] [lidar_clustering]: ID=73, X=5.02 m, Y=-3.55 m, Width=0.15 m, Depth=0.38 m, Distance=6.15 m
[cluster_plot_node-13] [INFO] [1789399275.889076398] [lidar_clustering]: FollowGap: mode=BLOCKED, direction=STOP, front=1.45 m, best_angle=0.0 deg
[cluster_plot_node-13] [INFO] [1789399275.889370155] [lidar_clustering]: points=499, clusters=15, tracks=17
[vrs_ntrip_client-3] [INFO] [1789399276.503160105] [ngii_vrs_ntrip_client]: [NTRIP 연결됨] RTCM 356프레임 발행, GGA 실측(36.97045,127.87460)
[direct_localization_node-6] [INFO] [1789399276.587498586] [direct_localization]: pose: x=-22.62 y=-23.02 yaw=24.6° v=1.26m/s [헤딩 정렬됨]
[cluster_plot_node-13] [INFO] [1789399276.813504911] [lidar_clustering]: ID=48, X=0.61 m, Y=-4.13 m, Width=0.30 m, Depth=0.56 m, Distance=4.17 m
[cluster_plot_node-13] [INFO] [1789399276.813730521] [lidar_clustering]: ID=49, X=0.54 m, Y=-2.18 m, Width=0.05 m, Depth=0.04 m, Distance=2.25 m
[cluster_plot_node-13] [INFO] [1789399276.813924623] [lidar_clustering]: ID=59, X=0.40 m, Y=-0.70 m, Width=0.06 m, Depth=0.11 m, Distance=0.80 m
[cluster_plot_node-13] [INFO] [1789399276.814110959] [lidar_clustering]: ID=60, X=0.43 m, Y=-1.22 m, Width=0.24 m, Depth=0.17 m, Distance=1.29 m
[cluster_plot_node-13] [INFO] [1789399276.814291826] [lidar_clustering]: ID=62, X=2.63 m, Y=1.31 m, Width=0.16 m, Depth=0.10 m, Distance=2.94 m
[cluster_plot_node-13] [INFO] [1789399276.814490716] [lidar_clustering]: ID=63, X=7.50 m, Y=1.05 m, Width=1.16 m, Depth=0.43 m, Distance=7.57 m
[cluster_plot_node-13] [INFO] [1789399276.814672514] [lidar_clustering]: ID=64, X=2.58 m, Y=1.80 m, Width=0.17 m, Depth=0.13 m, Distance=3.15 m
[cluster_plot_node-13] [INFO] [1789399276.814849304] [lidar_clustering]: ID=65, X=0.55 m, Y=-1.71 m, Width=0.05 m, Depth=0.05 m, Distance=1.80 m
[cluster_plot_node-13] [INFO] [1789399276.815029158] [lidar_clustering]: ID=66, X=2.54 m, Y=-3.62 m, Width=0.09 m, Depth=0.27 m, Distance=4.42 m
[cluster_plot_node-13] [INFO] [1789399276.815203923] [lidar_clustering]: ID=67, X=2.97 m, Y=-3.60 m, Width=0.08 m, Depth=0.30 m, Distance=4.67 m
[cluster_plot_node-13] [INFO] [1789399276.815387295] [lidar_clustering]: ID=68, X=2.68 m, Y=0.75 m, Width=0.31 m, Depth=0.08 m, Distance=2.78 m
[cluster_plot_node-13] [INFO] [1789399276.815564915] [lidar_clustering]: ID=69, X=1.94 m, Y=-3.68 m, Width=0.05 m, Depth=0.17 m, Distance=4.15 m
[cluster_plot_node-13] [INFO] [1789399276.815740262] [lidar_clustering]: ID=70, X=3.17 m, Y=0.13 m, Width=0.04 m, Depth=0.00 m, Distance=3.17 m
[cluster_plot_node-13] [INFO] [1789399276.815920688] [lidar_clustering]: ID=71, X=6.24 m, Y=-1.38 m, Width=3.17 m, Depth=1.87 m, Distance=6.39 m
[cluster_plot_node-13] [INFO] [1789399276.816097166] [lidar_clustering]: ID=72, X=6.90 m, Y=-2.27 m, Width=3.01 m, Depth=2.13 m, Distance=7.26 m
[cluster_plot_node-13] [INFO] [1789399276.816272583] [lidar_clustering]: ID=73, X=3.54 m, Y=-3.14 m, Width=0.89 m, Depth=2.61 m, Distance=4.73 m
[cluster_plot_node-13] [INFO] [1789399276.816455032] [lidar_clustering]: FollowGap: mode=BLOCKED, direction=STOP, front=0.77 m, best_angle=0.0 deg
[vehicle_cmd_mux-11] [INFO] [1789399277.307905757] [vehicle_cmd_mux]: 모드: AVOID(라이다)
[serial_bridge-12] [INFO] [1789399277.381774763] [serial_bridge_node]: 출발 — 정지마찰 하한 60 을 1200ms 인가한다
[cluster_plot_node-13] [INFO] [1789399277.733877341] [lidar_clustering]: ID=61, X=2.29 m, Y=0.55 m, Width=0.04 m, Depth=0.01 m, Distance=2.36 m
[cluster_plot_node-13] [INFO] [1789399277.734088074] [lidar_clustering]: ID=62, X=1.64 m, Y=1.68 m, Width=0.12 m, Depth=0.13 m, Distance=2.35 m
[cluster_plot_node-13] [INFO] [1789399277.734268449] [lidar_clustering]: ID=63, X=7.43 m, Y=2.29 m, Width=0.67 m, Depth=0.24 m, Distance=7.77 m
[cluster_plot_node-13] [INFO] [1789399277.734454225] [lidar_clustering]: ID=64, X=1.52 m, Y=2.18 m, Width=0.08 m, Depth=0.12 m, Distance=2.65 m
[cluster_plot_node-13] [INFO] [1789399277.734656211] [lidar_clustering]: ID=67, X=2.20 m, Y=-3.14 m, Width=1.77 m, Depth=4.14 m, Distance=3.84 m
[cluster_plot_node-13] [INFO] [1789399277.734929359] [lidar_clustering]: ID=68, X=1.77 m, Y=1.12 m, Width=0.25 m, Depth=0.18 m, Distance=2.10 m
[cluster_plot_node-13] [INFO] [1789399277.735112450] [lidar_clustering]: ID=70, X=2.02 m, Y=0.63 m, Width=0.05 m, Depth=0.24 m, Distance=2.11 m
[cluster_plot_node-13] [INFO] [1789399277.735285342] [lidar_clustering]: ID=71, X=6.29 m, Y=-0.75 m, Width=4.02 m, Depth=2.42 m, Distance=6.34 m
[cluster_plot_node-13] [INFO] [1789399277.735464876] [lidar_clustering]: ID=75, X=7.62 m, Y=1.64 m, Width=0.34 m, Depth=0.04 m, Distance=7.79 m
[cluster_plot_node-13] [INFO] [1789399277.735641365] [lidar_clustering]: FollowGap: mode=AVOID, direction=LEFT, front=2.00 m, best_angle=-2.6 deg
[cluster_plot_node-13] [INFO] [1789399277.735812934] [lidar_clustering]: points=585, clusters=7, tracks=9
[cluster_plot_node-13] [INFO] [1789399278.655124556] [lidar_clustering]: ID=62, X=0.82 m, Y=1.81 m, Width=0.05 m, Depth=0.15 m, Distance=1.98 m
[cluster_plot_node-13] [INFO] [1789399278.655346689] [lidar_clustering]: ID=64, X=0.67 m, Y=2.30 m, Width=0.05 m, Depth=0.16 m, Distance=2.39 m
[cluster_plot_node-13] [INFO] [1789399278.655555377] [lidar_clustering]: ID=67, X=2.08 m, Y=-3.03 m, Width=1.85 m, Depth=3.60 m, Distance=3.68 m
[cluster_plot_node-13] [INFO] [1789399278.655739530] [lidar_clustering]: ID=68, X=1.06 m, Y=1.22 m, Width=0.27 m, Depth=0.44 m, Distance=1.62 m
[cluster_plot_node-13] [INFO] [1789399278.655920717] [lidar_clustering]: ID=70, X=1.28 m, Y=0.79 m, Width=0.06 m, Depth=0.11 m, Distance=1.50 m
[cluster_plot_node-13] [INFO] [1789399278.656124387] [lidar_clustering]: ID=71, X=6.30 m, Y=-1.03 m, Width=3.87 m, Depth=2.87 m, Distance=6.39 m
[cluster_plot_node-13] [INFO] [1789399278.656392415] [lidar_clustering]: ID=75, X=7.61 m, Y=1.45 m, Width=0.58 m, Depth=0.29 m, Distance=7.75 m
[cluster_plot_node-13] [INFO] [1789399278.656700429] [lidar_clustering]: FollowGap: mode=AVOID, direction=LEFT, front=1.44 m, best_angle=3.0 deg
[serial_bridge-12] [WARN] [1789399278.890919252] [serial_bridge_node]: ⚠ 공급전압 강하: VMIN=4106mV — 배터리/전원 확인
[cluster_plot_node-13] [INFO] [1789399279.576155082] [lidar_clustering]: ID=62, X=0.36 m, Y=1.79 m, Width=0.02 m, Depth=0.07 m, Distance=1.83 m
[cluster_plot_node-13] [INFO] [1789399279.576378047] [lidar_clustering]: ID=67, X=1.95 m, Y=-2.98 m, Width=0.99 m, Depth=2.11 m, Distance=3.56 m
[cluster_plot_node-13] [INFO] [1789399279.576565877] [lidar_clustering]: ID=68, X=0.42 m, Y=0.85 m, Width=0.30 m, Depth=0.14 m, Distance=0.95 m
[cluster_plot_node-13] [INFO] [1789399279.576753015] [lidar_clustering]: ID=71, X=6.52 m, Y=-0.44 m, Width=3.52 m, Depth=2.33 m, Distance=6.53 m
[cluster_plot_node-13] [INFO] [1789399279.576933050] [lidar_clustering]: ID=73, X=4.74 m, Y=-2.74 m, Width=1.02 m, Depth=1.03 m, Distance=5.47 m
[cluster_plot_node-13] [INFO] [1789399279.577109208] [lidar_clustering]: ID=75, X=7.67 m, Y=1.32 m, Width=0.34 m, Depth=0.21 m, Distance=7.78 m
[cluster_plot_node-13] [INFO] [1789399279.577292159] [lidar_clustering]: ID=76, X=5.27 m, Y=-1.94 m, Width=0.22 m, Depth=0.13 m, Distance=5.62 m
[cluster_plot_node-13] [INFO] [1789399279.577479036] [lidar_clustering]: FollowGap: mode=AVOID, direction=LEFT, front=0.83 m, best_angle=6.0 deg
[cluster_plot_node-13] [INFO] [1789399279.577663790] [lidar_clustering]: points=462, clusters=4, tracks=7
[direct_localization_node-6] [INFO] [1789399279.587535724] [direct_localization]: pose: x=-20.11 y=-22.26 yaw=10.1° v=0.91m/s [헤딩 정렬됨]
[cluster_plot_node-13] [INFO] [1789399280.497075760] [lidar_clustering]: ID=67, X=1.46 m, Y=-3.17 m, Width=0.91 m, Depth=2.13 m, Distance=3.49 m
[cluster_plot_node-13] [INFO] [1789399280.497294948] [lidar_clustering]: ID=71, X=6.16 m, Y=-0.57 m, Width=4.02 m, Depth=2.82 m, Distance=6.19 m
[cluster_plot_node-13] [INFO] [1789399280.497478540] [lidar_clustering]: ID=73, X=3.90 m, Y=-3.15 m, Width=0.76 m, Depth=1.53 m, Distance=5.02 m
[cluster_plot_node-13] [INFO] [1789399280.497653105] [lidar_clustering]: ID=75, X=7.52 m, Y=1.49 m, Width=0.99 m, Depth=0.48 m, Distance=7.66 m
[cluster_plot_node-13] [INFO] [1789399280.497826969] [lidar_clustering]: ID=76, X=4.38 m, Y=-2.28 m, Width=0.34 m, Depth=0.35 m, Distance=4.94 m
[cluster_plot_node-13] [INFO] [1789399280.498001203] [lidar_clustering]: FollowGap: mode=CLEAR, direction=STRAIGHT, front=8.00 m, best_angle=0.0 deg
[vehicle_cmd_mux-11] [INFO] [1789399280.507911989] [vehicle_cmd_mux]: 모드: AUTO
[serial_bridge-12] [INFO] [1789399280.581902042] [serial_bridge_node]: 출발 — 정지마찰 하한 60 을 1200ms 인가한다
[cluster_plot_node-13] [INFO] [1789399281.418069711] [lidar_clustering]: ID=67, X=1.10 m, Y=-3.42 m, Width=0.53 m, Depth=1.56 m, Distance=3.59 m
[cluster_plot_node-13] [INFO] [1789399281.418286524] [lidar_clustering]: ID=71, X=6.19 m, Y=-0.89 m, Width=4.90 m, Depth=3.18 m, Distance=6.25 m
[cluster_plot_node-13] [INFO] [1789399281.418495533] [lidar_clustering]: ID=73, X=3.32 m, Y=-3.55 m, Width=0.58 m, Depth=2.18 m, Distance=4.86 m
[cluster_plot_node-13] [INFO] [1789399281.418697329] [lidar_clustering]: ID=75, X=7.68 m, Y=1.38 m, Width=0.46 m, Depth=0.11 m, Distance=7.80 m
[cluster_plot_node-13] [INFO] [1789399281.418881361] [lidar_clustering]: ID=76, X=3.83 m, Y=-2.60 m, Width=0.17 m, Depth=0.11 m, Distance=4.63 m
[cluster_plot_node-13] [INFO] [1789399281.419062479] [lidar_clustering]: FollowGap: mode=CLEAR, direction=STRAIGHT, front=8.00 m, best_angle=0.0 deg
[cluster_plot_node-13] [INFO] [1789399281.419243125] [lidar_clustering]: points=497, clusters=4, tracks=5
[vrs_ntrip_client-3] [INFO] [1789399281.503251324] [ngii_vrs_ntrip_client]: [NTRIP 연결됨] RTCM 376프레임 발행, GGA 실측(36.97046,127.87464)
[serial_bridge-12] [WARN] [1789399281.897480260] [serial_bridge_node]: ⚠ 공급전압 강하: VMIN=2737mV — 배터리/전원 확인
[cluster_plot_node-13] [INFO] [1789399282.332926975] [lidar_clustering]: ID=67, X=0.64 m, Y=-3.90 m, Width=0.17 m, Depth=0.61 m, Distance=3.96 m
[cluster_plot_node-13] [INFO] [1789399282.333142857] [lidar_clustering]: ID=71, X=5.22 m, Y=-2.59 m, Width=0.38 m, Depth=0.18 m, Distance=5.83 m
[cluster_plot_node-13] [INFO] [1789399282.333320568] [lidar_clustering]: ID=73, X=2.23 m, Y=-4.11 m, Width=0.08 m, Depth=2.55 m, Distance=4.67 m
[cluster_plot_node-13] [INFO] [1789399282.333502346] [lidar_clustering]: ID=75, X=7.81 m, Y=1.31 m, Width=0.46 m, Depth=0.07 m, Distance=7.92 m
[cluster_plot_node-13] [INFO] [1789399282.333679165] [lidar_clustering]: ID=76, X=2.95 m, Y=-3.17 m, Width=0.15 m, Depth=0.13 m, Distance=4.33 m
[cluster_plot_node-13] [INFO] [1789399282.333851967] [lidar_clustering]: ID=77, X=6.79 m, Y=-1.30 m, Width=3.84 m, Depth=2.49 m, Distance=6.92 m
[cluster_plot_node-13] [INFO] [1789399282.334026081] [lidar_clustering]: ID=78, X=4.53 m, Y=-3.59 m, Width=0.65 m, Depth=1.35 m, Distance=5.78 m
[cluster_plot_node-13] [INFO] [1789399282.334202840] [lidar_clustering]: FollowGap: mode=CLEAR, direction=STRAIGHT, front=8.00 m, best_angle=0.0 deg
[direct_localization_node-6] [INFO] [1789399282.587528542] [direct_localization]: pose: x=-18.52 y=-21.56 yaw=25.9° v=0.70m/s [헤딩 정렬됨]
[cluster_plot_node-13] [INFO] [1789399283.254175831] [lidar_clustering]: ID=71, X=4.36 m, Y=-3.14 m, Width=0.35 m, Depth=0.27 m, Distance=5.37 m
[cluster_plot_node-13] [INFO] [1789399283.254395741] [lidar_clustering]: ID=73, X=1.29 m, Y=-4.40 m, Width=0.13 m, Depth=2.04 m, Distance=4.58 m
[cluster_plot_node-13] [INFO] [1789399283.254572219] [lidar_clustering]: ID=75, X=7.61 m, Y=1.41 m, Width=0.87 m, Depth=0.37 m, Distance=7.74 m
[cluster_plot_node-13] [INFO] [1789399283.254744740] [lidar_clustering]: ID=76, X=2.00 m, Y=-3.51 m, Width=0.13 m, Depth=0.15 m, Distance=4.04 m
[cluster_plot_node-13] [INFO] [1789399283.254914386] [lidar_clustering]: ID=77, X=5.84 m, Y=-1.03 m, Width=6.17 m, Depth=3.06 m, Distance=5.93 m
[cluster_plot_node-13] [INFO] [1789399283.255085354] [lidar_clustering]: ID=78, X=3.67 m, Y=-4.09 m, Width=0.66 m, Depth=1.55 m, Distance=5.49 m
[cluster_plot_node-13] [INFO] [1789399283.255264167] [lidar_clustering]: FollowGap: mode=CLEAR, direction=STRAIGHT, front=8.00 m, best_angle=0.0 deg
[cluster_plot_node-13] [INFO] [1789399283.255496419] [lidar_clustering]: points=531, clusters=5, tracks=6
[cluster_plot_node-13] [INFO] [1789399284.182112942] [lidar_clustering]: ID=71, X=3.15 m, Y=-3.60 m, Width=0.31 m, Depth=0.25 m, Distance=4.78 m
[cluster_plot_node-13] [INFO] [1789399284.182328904] [lidar_clustering]: ID=73, X=0.77 m, Y=-4.55 m, Width=0.09 m, Depth=0.88 m, Distance=4.62 m
[cluster_plot_node-13] [INFO] [1789399284.182510432] [lidar_clustering]: ID=75, X=7.09 m, Y=1.74 m, Width=1.56 m, Depth=0.88 m, Distance=7.30 m
[cluster_plot_node-13] [INFO] [1789399284.182686309] [lidar_clustering]: ID=76, X=1.09 m, Y=-3.64 m, Width=0.07 m, Depth=0.17 m, Distance=3.80 m
[cluster_plot_node-13] [INFO] [1789399284.182856636] [lidar_clustering]: ID=77, X=5.52 m, Y=-1.29 m, Width=6.87 m, Depth=3.66 m, Distance=5.67 m
[cluster_plot_node-13] [INFO] [1789399284.183030360] [lidar_clustering]: ID=78, X=3.02 m, Y=-4.48 m, Width=0.41 m, Depth=0.67 m, Distance=5.40 m
[cluster_plot_node-13] [INFO] [1789399284.183201548] [lidar_clustering]: ID=79, X=2.36 m, Y=-4.57 m, Width=0.33 m, Depth=2.01 m, Distance=5.14 m
[cluster_plot_node-13] [INFO] [1789399284.183378067] [lidar_clustering]: FollowGap: mode=CLEAR, direction=STRAIGHT, front=8.00 m, best_angle=0.0 deg
[mission_sequencer-15] [INFO] [1789399284.321431741] [mission_sequencer]: ■ lidar_avoid 구간 이탈 — 끈다 (배경)
[cluster_plot_node-13] [INFO] [1789399284.322120453] [lidar_clustering]: ■ DISARM — 조향 회피만 끈다. 감속은 계속 동작
[serial_bridge-12] [WARN] [1789399284.908514487] [serial_bridge_node]: ⚠ 공급전압 강하: VMIN=4246mV — 배터리/전원 확인
[cluster_plot_node-13] [INFO] [1789399285.102675072] [lidar_clustering]: ID=67, X=1.48 m, Y=-4.63 m, Width=0.39 m, Depth=1.99 m, Distance=4.86 m
[cluster_plot_node-13] [INFO] [1789399285.102892136] [lidar_clustering]: ID=71, X=2.31 m, Y=-3.58 m, Width=0.13 m, Depth=0.16 m, Distance=4.26 m
[cluster_plot_node-13] [INFO] [1789399285.103069095] [lidar_clustering]: ID=73, X=0.37 m, Y=-4.60 m, Width=0.02 m, Depth=0.07 m, Distance=4.61 m
[cluster_plot_node-13] [INFO] [1789399285.103241977] [lidar_clustering]: ID=75, X=7.33 m, Y=1.48 m, Width=1.10 m, Depth=0.83 m, Distance=7.48 m
[cluster_plot_node-13] [INFO] [1789399285.103418526] [lidar_clustering]: ID=76, X=0.37 m, Y=-3.66 m, Width=0.03 m, Depth=0.09 m, Distance=3.68 m
[cluster_plot_node-13] [INFO] [1789399285.103589774] [lidar_clustering]: ID=77, X=5.28 m, Y=-1.59 m, Width=7.51 m, Depth=4.32 m, Distance=5.51 m
[cluster_plot_node-13] [INFO] [1789399285.103758969] [lidar_clustering]: ID=79, X=2.71 m, Y=-4.62 m, Width=0.25 m, Depth=0.05 m, Distance=5.36 m
[cluster_plot_node-13] [INFO] [1789399285.103935288] [lidar_clustering]: FollowGap: mode=CLEAR, direction=STRAIGHT, front=8.00 m, best_angle=0.0 deg
[cluster_plot_node-13] [INFO] [1789399285.104108730] [lidar_clustering]: points=521, clusters=4, tracks=7
[mission_sequencer-15] [INFO] [1789399285.220444072] [mission_sequencer]: ▶ sudden_stop ARM (s=51.5m, 경과 83s, 남은 397s)
[mission_sequencer-15] [WARN] [1789399285.320543244] [mission_sequencer]: ⊘ lidar_avoid 강제 차단 — sudden_stop 구간 (규정상 회피 금지)
[sudden_stop_node-14] [INFO] [1789399285.321368129] [sudden_stop]: ▶ ARM — 돌발 급정지 감시 시작
[direct_localization_node-6] [INFO] [1789399285.587562479] [direct_localization]: pose: x=-16.27 y=-20.03 yaw=29.2° v=0.75m/s [헤딩 정렬됨]
[cluster_plot_node-13] [INFO] [1789399286.030263145] [lidar_clustering]: ID=67, X=3.75 m, Y=-6.61 m, Width=0.11 m, Depth=0.07 m, Distance=7.60 m
[cluster_plot_node-13] [INFO] [1789399286.030514633] [lidar_clustering]: ID=71, X=1.47 m, Y=-3.53 m, Width=0.10 m, Depth=0.17 m, Distance=3.83 m
[cluster_plot_node-13] [INFO] [1789399286.030695850] [lidar_clustering]: ID=73, X=1.59 m, Y=-4.33 m, Width=0.06 m, Depth=0.11 m, Distance=4.61 m
[cluster_plot_node-13] [INFO] [1789399286.030867961] [lidar_clustering]: ID=75, X=7.80 m, Y=0.22 m, Width=0.45 m, Depth=0.31 m, Distance=7.80 m
[cluster_plot_node-13] [INFO] [1789399286.031038117] [lidar_clustering]: ID=76, X=0.74 m, Y=-4.47 m, Width=0.07 m, Depth=0.65 m, Distance=4.53 m
[cluster_plot_node-13] [INFO] [1789399286.031208254] [lidar_clustering]: ID=77, X=5.07 m, Y=-0.12 m, Width=0.25 m, Depth=0.06 m, Distance=5.08 m
[cluster_plot_node-13] [INFO] [1789399286.031381506] [lidar_clustering]: ID=78, X=5.96 m, Y=-4.83 m, Width=0.50 m, Depth=0.24 m, Distance=7.67 m
[cluster_plot_node-13] [INFO] [1789399286.031553056] [lidar_clustering]: ID=79, X=3.00 m, Y=-4.59 m, Width=0.39 m, Depth=0.42 m, Distance=5.48 m
[cluster_plot_node-13] [INFO] [1789399286.031719315] [lidar_clustering]: ID=80, X=6.39 m, Y=-2.76 m, Width=0.07 m, Depth=0.02 m, Distance=6.96 m
[cluster_plot_node-13] [INFO] [1789399286.031885665] [lidar_clustering]: ID=82, X=1.64 m, Y=-4.67 m, Width=0.06 m, Depth=0.58 m, Distance=4.95 m
[cluster_plot_node-13] [INFO] [1789399286.032050882] [lidar_clustering]: ID=83, X=5.68 m, Y=-2.73 m, Width=0.21 m, Depth=0.04 m, Distance=6.30 m
[cluster_plot_node-13] [INFO] [1789399286.032216240] [lidar_clustering]: ID=84, X=7.24 m, Y=-2.28 m, Width=1.21 m, Depth=1.22 m, Distance=7.59 m
[cluster_plot_node-13] [INFO] [1789399286.032388380] [lidar_clustering]: ID=85, X=6.33 m, Y=-3.83 m, Width=1.21 m, Depth=0.30 m, Distance=7.40 m
[cluster_plot_node-13] [INFO] [1789399286.032559639] [lidar_clustering]: ID=86, X=2.42 m, Y=-4.80 m, Width=0.41 m, Depth=0.33 m, Distance=5.37 m
[cluster_plot_node-13] [INFO] [1789399286.032732130] [lidar_clustering]: FollowGap: mode=CLEAR, direction=STRAIGHT, front=8.00 m, best_angle=0.0 deg
[vrs_ntrip_client-3] [INFO] [1789399286.503291382] [ngii_vrs_ntrip_client]: [NTRIP 연결됨] RTCM 404프레임 발행, GGA 실측(36.97048,127.87468)
[cluster_plot_node-13] [INFO] [1789399286.956700222] [lidar_clustering]: ID=67, X=3.35 m, Y=-7.17 m, Width=0.05 m, Depth=0.10 m, Distance=7.91 m
[cluster_plot_node-13] [INFO] [1789399286.956909361] [lidar_clustering]: ID=71, X=0.66 m, Y=-3.50 m, Width=0.06 m, Depth=0.18 m, Distance=3.57 m
[cluster_plot_node-13] [INFO] [1789399286.957086050] [lidar_clustering]: ID=73, X=1.17 m, Y=-4.71 m, Width=0.03 m, Depth=0.24 m, Distance=4.85 m
[cluster_plot_node-13] [INFO] [1789399286.957265283] [lidar_clustering]: ID=76, X=0.37 m, Y=-4.42 m, Width=0.03 m, Depth=0.06 m, Distance=4.44 m
[cluster_plot_node-13] [INFO] [1789399286.957443896] [lidar_clustering]: ID=77, X=4.08 m, Y=0.04 m, Width=0.21 m, Depth=0.08 m, Distance=4.08 m
[cluster_plot_node-13] [INFO] [1789399286.957619473] [lidar_clustering]: ID=78, X=6.10 m, Y=-4.47 m, Width=1.84 m, Depth=0.39 m, Distance=7.56 m
[cluster_plot_node-13] [INFO] [1789399286.957794068] [lidar_clustering]: ID=79, X=1.96 m, Y=-4.58 m, Width=0.57 m, Depth=0.96 m, Distance=4.98 m
[cluster_plot_node-13] [INFO] [1789399286.957967540] [lidar_clustering]: ID=82, X=0.57 m, Y=-4.70 m, Width=0.04 m, Depth=0.40 m, Distance=4.73 m
[cluster_plot_node-13] [INFO] [1789399286.958141003] [lidar_clustering]: ID=83, X=5.04 m, Y=-2.78 m, Width=0.09 m, Depth=0.26 m, Distance=5.76 m
[cluster_plot_node-13] [INFO] [1789399286.958321950] [lidar_clustering]: ID=84, X=7.07 m, Y=-2.49 m, Width=1.41 m, Depth=1.50 m, Distance=7.50 m
[cluster_plot_node-13] [INFO] [1789399286.958507305] [lidar_clustering]: ID=86, X=1.69 m, Y=-4.93 m, Width=0.03 m, Depth=0.17 m, Distance=5.21 m
[cluster_plot_node-13] [INFO] [1789399286.958686599] [lidar_clustering]: ID=87, X=1.67 m, Y=-5.54 m, Width=0.03 m, Depth=0.12 m, Distance=5.79 m
[cluster_plot_node-13] [INFO] [1789399286.958871252] [lidar_clustering]: FollowGap: mode=CLEAR, direction=STRAIGHT, front=8.00 m, best_angle=0.0 deg
[cluster_plot_node-13] [INFO] [1789399286.959053912] [lidar_clustering]: points=134, clusters=6, tracks=12
[cluster_plot_node-13] [INFO] [1789399287.877387622] [lidar_clustering]: ID=73, X=0.40 m, Y=-4.69 m, Width=0.01 m, Depth=0.15 m, Distance=4.71 m
[cluster_plot_node-13] [INFO] [1789399287.877667373] [lidar_clustering]: ID=76, X=0.40 m, Y=-4.33 m, Width=0.06 m, Depth=0.11 m, Distance=4.35 m
[cluster_plot_node-13] [INFO] [1789399287.877901399] [lidar_clustering]: ID=77, X=3.11 m, Y=0.16 m, Width=0.20 m, Depth=0.07 m, Distance=3.11 m
[cluster_plot_node-13] [INFO] [1789399287.878109516] [lidar_clustering]: ID=79, X=1.17 m, Y=-4.56 m, Width=0.69 m, Depth=1.11 m, Distance=4.71 m
[cluster_plot_node-13] [INFO] [1789399287.878297135] [lidar_clustering]: ID=80, X=7.25 m, Y=-3.09 m, Width=1.28 m, Depth=0.55 m, Distance=7.88 m
[cluster_plot_node-13] [INFO] [1789399287.878486618] [lidar_clustering]: ID=86, X=1.26 m, Y=-4.90 m, Width=0.05 m, Depth=0.19 m, Distance=5.06 m
[cluster_plot_node-13] [INFO] [1789399287.878668877] [lidar_clustering]: ID=87, X=1.04 m, Y=-5.74 m, Width=0.01 m, Depth=0.08 m, Distance=5.84 m
[cluster_plot_node-13] [INFO] [1789399287.878847710] [lidar_clustering]: FollowGap: mode=AVOID, direction=RIGHT, front=3.04 m, best_angle=-12.8 deg
[serial_bridge-12] [WARN] [1789399287.914377171] [serial_bridge_node]: ⚠ 공급전압 강하: VMIN=4198mV — 배터리/전원 확인
[direct_localization_node-6] [INFO] [1789399288.587629429] [direct_localization]: pose: x=-13.49 y=-18.56 yaw=22.8° v=1.01m/s [헤딩 정렬됨]
[cluster_plot_node-13] [INFO] [1789399288.804828549] [lidar_clustering]: ID=67, X=1.50 m, Y=-6.55 m, Width=0.03 m, Depth=0.18 m, Distance=6.72 m
[cluster_plot_node-13] [INFO] [1789399288.805106757] [lidar_clustering]: ID=77, X=2.11 m, Y=0.19 m, Width=0.18 m, Depth=0.14 m, Distance=2.12 m
[cluster_plot_node-13] [INFO] [1789399288.805376840] [lidar_clustering]: ID=79, X=0.66 m, Y=-4.39 m, Width=0.19 m, Depth=0.56 m, Distance=4.44 m
[cluster_plot_node-13] [INFO] [1789399288.805566383] [lidar_clustering]: ID=80, X=7.39 m, Y=-2.91 m, Width=0.68 m, Depth=0.27 m, Distance=7.94 m
[cluster_plot_node-13] [INFO] [1789399288.805738473] [lidar_clustering]: ID=84, X=7.47 m, Y=-2.12 m, Width=2.16 m, Depth=0.80 m, Distance=7.76 m
[cluster_plot_node-13] [INFO] [1789399288.805908950] [lidar_clustering]: ID=86, X=0.42 m, Y=-4.92 m, Width=0.01 m, Depth=0.05 m, Distance=4.94 m
[cluster_plot_node-13] [INFO] [1789399288.806080450] [lidar_clustering]: FollowGap: mode=AVOID, direction=RIGHT, front=2.00 m, best_angle=-17.0 deg
[cluster_plot_node-13] [INFO] [1789399288.806249895] [lidar_clustering]: points=158, clusters=5, tracks=6
[sudden_stop_node-14] [INFO] [1789399289.708479772] [sudden_stop]: ⚠ 전방 장애물 1.16m — 완전정지 후 5초 대기한다
[cluster_plot_node-13] [INFO] [1789399289.732817432] [lidar_clustering]: ID=67, X=0.39 m, Y=-6.91 m, Width=0.03 m, Depth=0.10 m, Distance=6.92 m
[cluster_plot_node-13] [INFO] [1789399289.733032432] [lidar_clustering]: ID=77, X=1.12 m, Y=0.04 m, Width=0.18 m, Depth=0.05 m, Distance=1.12 m
[cluster_plot_node-13] [INFO] [1789399289.733234058] [lidar_clustering]: ID=80, X=7.33 m, Y=-2.71 m, Width=0.70 m, Depth=0.30 m, Distance=7.82 m
[cluster_plot_node-13] [INFO] [1789399289.733412850] [lidar_clustering]: ID=84, X=7.02 m, Y=-2.01 m, Width=3.22 m, Depth=1.52 m, Distance=7.30 m
[cluster_plot_node-13] [INFO] [1789399289.733608064] [lidar_clustering]: FollowGap: mode=BLOCKED, direction=STOP, front=1.06 m, best_angle=0.0 deg
[sudden_stop_node-14] [INFO] [1789399289.808541577] [sudden_stop]: 정지 중… v=+1.17m/s
[sudden_stop_node-14] [INFO] [1789399289.908347616] [sudden_stop]: 정지 중… v=+1.07m/s
[sudden_stop_node-14] [INFO] [1789399290.008261616] [sudden_stop]: 정지 중… v=+1.14m/s
[sudden_stop_node-14] [INFO] [1789399290.108242972] [sudden_stop]: 정지 중… v=+1.00m/s
[sudden_stop_node-14] [INFO] [1789399290.208455027] [sudden_stop]: 정지 중… v=+1.15m/s
[sudden_stop_node-14] [INFO] [1789399290.308305359] [sudden_stop]: 정지 중… v=+1.06m/s
[sudden_stop_node-14] [INFO] [1789399290.408283168] [sudden_stop]: 정지 중… v=+1.02m/s
[sudden_stop_node-14] [INFO] [1789399290.508267059] [sudden_stop]: 정지 중… v=+0.88m/s
[sudden_stop_node-14] [INFO] [1789399290.608436034] [sudden_stop]: 정지 중… v=+0.85m/s
[cluster_plot_node-13] [INFO] [1789399290.659158393] [lidar_clustering]: ID=77, X=0.34 m, Y=-0.05 m, Width=0.02 m, Depth=0.01 m, Distance=0.34 m
[cluster_plot_node-13] [INFO] [1789399290.659376780] [lidar_clustering]: FollowGap: mode=CLEAR, direction=STRAIGHT, front=8.00 m, best_angle=0.0 deg
[cluster_plot_node-13] [INFO] [1789399290.659553649] [lidar_clustering]: points=0, clusters=0, tracks=1
[sudden_stop_node-14] [INFO] [1789399290.708368548] [sudden_stop]: 정지 중… v=+0.87m/s
[sudden_stop_node-14] [INFO] [1789399290.808415436] [sudden_stop]: 정지 중… v=+0.73m/s
[sudden_stop_node-14] [INFO] [1789399290.908450652] [sudden_stop]: 정지 중… v=+0.74m/s
[serial_bridge-12] [WARN] [1789399290.928810218] [serial_bridge_node]: ⚠ 공급전압 강하: VMIN=3583mV — 배터리/전원 확인
[sudden_stop_node-14] [INFO] [1789399291.008546311] [sudden_stop]: 정지 중… v=+0.73m/s
[sudden_stop_node-14] [INFO] [1789399291.108307548] [sudden_stop]: 정지 중… v=+0.37m/s
[sudden_stop_node-14] [INFO] [1789399291.208332475] [sudden_stop]: 정지 중… v=+0.48m/s
[sudden_stop_node-14] [INFO] [1789399291.308454914] [sudden_stop]: 정지 중… v=+0.40m/s
[sudden_stop_node-14] [INFO] [1789399291.408348367] [sudden_stop]: 정지 중… v=+0.19m/s
[vrs_ntrip_client-3] [INFO] [1789399291.503209233] [ngii_vrs_ntrip_client]: [NTRIP 연결됨] RTCM 424프레임 발행, GGA 실측(36.97050,127.87473)
[sudden_stop_node-14] [INFO] [1789399291.508383704] [sudden_stop]: 정지 중… v=+0.18m/s
[cluster_plot_node-13] [INFO] [1789399291.585813175] [lidar_clustering]: No confirmed obstacles.
[cluster_plot_node-13] [INFO] [1789399291.586048062] [lidar_clustering]: FollowGap: mode=CLEAR, direction=STRAIGHT, front=8.00 m, best_angle=0.0 deg
[direct_localization_node-6] [INFO] [1789399291.587506977] [direct_localization]: pose: x=-11.22 y=-17.28 yaw=30.4° v=0.10m/s [헤딩 정렬됨]
[sudden_stop_node-14] [INFO] [1789399291.608370691] [sudden_stop]: 정지 중… v=+0.10m/s
[sudden_stop_node-14] [INFO] [1789399291.708351446] [sudden_stop]: 완전정지 확인 — 5초 유지 시작 (장애물 999.00m)
[sudden_stop_node-14] [INFO] [1789399291.708565956] [sudden_stop]: 대기 0.0/5s
[sudden_stop_node-14] [INFO] [1789399291.808615138] [sudden_stop]: 정지 중… v=-0.09m/s
[sudden_stop_node-14] [INFO] [1789399291.908458869] [sudden_stop]: 정지 중… v=-0.06m/s
[sudden_stop_node-14] [INFO] [1789399292.008311075] [sudden_stop]: 완전정지 확인 — 5초 유지 시작 (장애물 999.00m)
[sudden_stop_node-14] [INFO] [1789399292.008533819] [sudden_stop]: 대기 0.0/5s
[sudden_stop_node-14] [INFO] [1789399292.108333298] [sudden_stop]: 대기 0.1/5s
[sudden_stop_node-14] [INFO] [1789399292.208324784] [sudden_stop]: 대기 0.2/5s
[sudden_stop_node-14] [INFO] [1789399292.308673214] [sudden_stop]: 대기 0.3/5s
[sudden_stop_node-14] [INFO] [1789399292.408305091] [sudden_stop]: 대기 0.4/5s
[cluster_plot_node-13] [INFO] [1789399292.500447708] [lidar_clustering]: No confirmed obstacles.
[cluster_plot_node-13] [INFO] [1789399292.500668048] [lidar_clustering]: FollowGap: mode=CLEAR, direction=STRAIGHT, front=8.00 m, best_angle=0.0 deg
[cluster_plot_node-13] [INFO] [1789399292.500849506] [lidar_clustering]: points=0, clusters=0, tracks=0
[sudden_stop_node-14] [INFO] [1789399292.508215426] [sudden_stop]: 정지 중… v=-0.06m/s
[sudden_stop_node-14] [INFO] [1789399292.608448372] [sudden_stop]: 완전정지 확인 — 5초 유지 시작 (장애물 999.00m)
[sudden_stop_node-14] [INFO] [1789399292.608876058] [sudden_stop]: 대기 0.0/5s
[sudden_stop_node-14] [INFO] [1789399292.708414039] [sudden_stop]: 대기 0.1/5s
[sudden_stop_node-14] [INFO] [1789399292.808416516] [sudden_stop]: 대기 0.2/5s
[sudden_stop_node-14] [INFO] [1789399292.908280945] [sudden_stop]: 정지 중… v=-0.09m/s
[sudden_stop_node-14] [INFO] [1789399293.108364345] [sudden_stop]: 완전정지 확인 — 5초 유지 시작 (장애물 999.00m)
[sudden_stop_node-14] [INFO] [1789399293.108577993] [sudden_stop]: 대기 0.0/5s
[sudden_stop_node-14] [INFO] [1789399293.208369066] [sudden_stop]: 대기 0.1/5s
[sudden_stop_node-14] [INFO] [1789399293.308298037] [sudden_stop]: 대기 0.2/5s
[sudden_stop_node-14] [INFO] [1789399293.408372578] [sudden_stop]: 대기 0.3/5s
[cluster_plot_node-13] [INFO] [1789399293.415531603] [lidar_clustering]: No confirmed obstacles.
[cluster_plot_node-13] [INFO] [1789399293.415748768] [lidar_clustering]: FollowGap: mode=CLEAR, direction=STRAIGHT, front=8.00 m, best_angle=0.0 deg
[sudden_stop_node-14] [INFO] [1789399293.508265031] [sudden_stop]: 정지 중… v=+0.07m/s
[sudden_stop_node-14] [INFO] [1789399293.608298806] [sudden_stop]: 완전정지 확인 — 5초 유지 시작 (장애물 999.00m)
[sudden_stop_node-14] [INFO] [1789399293.608516731] [sudden_stop]: 대기 0.0/5s
[sudden_stop_node-14] [INFO] [1789399293.708424152] [sudden_stop]: 대기 0.1/5s
[sudden_stop_node-14] [INFO] [1789399293.808399088] [sudden_stop]: 대기 0.2/5s
[sudden_stop_node-14] [INFO] [1789399293.908343807] [sudden_stop]: 대기 0.3/5s
[serial_bridge-12] [WARN] [1789399293.939141371] [serial_bridge_node]: ⚠ 공급전압 강하: VMIN=3379mV — 배터리/전원 확인
[sudden_stop_node-14] [INFO] [1789399294.008429660] [sudden_stop]: 대기 0.4/5s
[sudden_stop_node-14] [INFO] [1789399294.108385420] [sudden_stop]: 대기 0.5/5s
[sudden_stop_node-14] [INFO] [1789399294.208408617] [sudden_stop]: 대기 0.6/5s
[sudden_stop_node-14] [INFO] [1789399294.308345062] [sudden_stop]: 대기 0.7/5s
[cluster_plot_node-13] [INFO] [1789399294.324154498] [lidar_clustering]: No confirmed obstacles.
[cluster_plot_node-13] [INFO] [1789399294.324374087] [lidar_clustering]: FollowGap: mode=CLEAR, direction=STRAIGHT, front=8.00 m, best_angle=0.0 deg
[cluster_plot_node-13] [INFO] [1789399294.324553792] [lidar_clustering]: points=0, clusters=0, tracks=0
[sudden_stop_node-14] [INFO] [1789399294.408346438] [sudden_stop]: 대기 0.8/5s
[sudden_stop_node-14] [INFO] [1789399294.508468428] [sudden_stop]: 대기 0.9/5s
[direct_localization_node-6] [INFO] [1789399294.587495974] [direct_localization]: pose: x=-11.24 y=-17.31 yaw=30.6° v=0.00m/s [헤딩 정렬됨]
[sudden_stop_node-14] [INFO] [1789399294.608396066] [sudden_stop]: 대기 1.0/5s
[sudden_stop_node-14] [INFO] [1789399294.708334455] [sudden_stop]: 대기 1.1/5s
[sudden_stop_node-14] [INFO] [1789399294.808473457] [sudden_stop]: 대기 1.2/5s
[sudden_stop_node-14] [INFO] [1789399294.908277365] [sudden_stop]: 대기 1.3/5s
[sudden_stop_node-14] [INFO] [1789399295.008536130] [sudden_stop]: 대기 1.4/5s
[sudden_stop_node-14] [INFO] [1789399295.108462367] [sudden_stop]: 대기 1.5/5s
[sudden_stop_node-14] [INFO] [1789399295.208525919] [sudden_stop]: 대기 1.6/5s
[cluster_plot_node-13] [INFO] [1789399295.234887026] [lidar_clustering]: ID=88, X=0.39 m, Y=-1.11 m, Width=0.10 m, Depth=0.19 m, Distance=1.18 m
[cluster_plot_node-13] [INFO] [1789399295.235186243] [lidar_clustering]: FollowGap: mode=AVOID, direction=LEFT, front=1.22 m, best_angle=6.0 deg
[sudden_stop_node-14] [INFO] [1789399295.308427810] [sudden_stop]: 대기 1.7/5s
[sudden_stop_node-14] [INFO] [1789399295.408395964] [sudden_stop]: 대기 1.8/5s
[sudden_stop_node-14] [INFO] [1789399295.508335756] [sudden_stop]: 대기 1.9/5s
[sudden_stop_node-14] [INFO] [1789399295.608242777] [sudden_stop]: 대기 2.0/5s
[sudden_stop_node-14] [INFO] [1789399295.708460927] [sudden_stop]: 대기 2.1/5s
[sudden_stop_node-14] [INFO] [1789399295.808523968] [sudden_stop]: 대기 2.2/5s
[sudden_stop_node-14] [INFO] [1789399295.908331434] [sudden_stop]: 대기 2.3/5s
[sudden_stop_node-14] [INFO] [1789399296.008479844] [sudden_stop]: 대기 2.4/5s
[sudden_stop_node-14] [INFO] [1789399296.108321073] [sudden_stop]: 대기 2.5/5s
[cluster_plot_node-13] [INFO] [1789399296.141831257] [lidar_clustering]: No confirmed obstacles.
[cluster_plot_node-13] [INFO] [1789399296.142050545] [lidar_clustering]: FollowGap: mode=CLEAR, direction=STRAIGHT, front=8.00 m, best_angle=0.0 deg
[cluster_plot_node-13] [INFO] [1789399296.142228126] [lidar_clustering]: points=0, clusters=0, tracks=0
[sudden_stop_node-14] [INFO] [1789399296.208337258] [sudden_stop]: 대기 2.6/5s
[sudden_stop_node-14] [INFO] [1789399296.308327434] [sudden_stop]: 대기 2.7/5s
[sudden_stop_node-14] [INFO] [1789399296.408279149] [sudden_stop]: 대기 2.8/5s
[vrs_ntrip_client-3] [INFO] [1789399296.503266102] [ngii_vrs_ntrip_client]: [NTRIP 연결됨] RTCM 452프레임 발행, GGA 실측(36.97050,127.87473)
[sudden_stop_node-14] [INFO] [1789399296.508401912] [sudden_stop]: 대기 2.9/5s
[sudden_stop_node-14] [INFO] [1789399296.608245325] [sudden_stop]: 대기 3.0/5s
[sudden_stop_node-14] [INFO] [1789399296.708287127] [sudden_stop]: 대기 3.1/5s
[sudden_stop_node-14] [INFO] [1789399296.808297130] [sudden_stop]: 대기 3.2/5s
[sudden_stop_node-14] [INFO] [1789399296.908432958] [sudden_stop]: 대기 3.3/5s
[serial_bridge-12] [WARN] [1789399296.946200747] [serial_bridge_node]: ⚠ 공급전압 강하: VMIN=3369mV — 배터리/전원 확인
[sudden_stop_node-14] [INFO] [1789399297.008384111] [sudden_stop]: 대기 3.4/5s
[cluster_plot_node-13] [INFO] [1789399297.050525301] [lidar_clustering]: No confirmed obstacles.
[cluster_plot_node-13] [INFO] [1789399297.050740522] [lidar_clustering]: FollowGap: mode=CLEAR, direction=STRAIGHT, front=8.00 m, best_angle=0.0 deg
[sudden_stop_node-14] [INFO] [1789399297.108308646] [sudden_stop]: 대기 3.5/5s
[sudden_stop_node-14] [INFO] [1789399297.208268857] [sudden_stop]: 대기 3.6/5s
[sudden_stop_node-14] [INFO] [1789399297.308542201] [sudden_stop]: 대기 3.7/5s
[sudden_stop_node-14] [INFO] [1789399297.408391706] [sudden_stop]: 대기 3.8/5s
[sudden_stop_node-14] [INFO] [1789399297.508278551] [sudden_stop]: 대기 3.9/5s
[direct_localization_node-6] [INFO] [1789399297.587493348] [direct_localization]: pose: x=-11.25 y=-17.31 yaw=31.0° v=-0.01m/s [헤딩 정렬됨]
[sudden_stop_node-14] [INFO] [1789399297.608468430] [sudden_stop]: 대기 4.0/5s
[sudden_stop_node-14] [INFO] [1789399297.708335548] [sudden_stop]: 대기 4.1/5s
[sudden_stop_node-14] [INFO] [1789399297.808238322] [sudden_stop]: 대기 4.2/5s
[sudden_stop_node-14] [INFO] [1789399297.908265357] [sudden_stop]: 대기 4.3/5s
[cluster_plot_node-13] [INFO] [1789399297.965848480] [lidar_clustering]: No confirmed obstacles.
[cluster_plot_node-13] [INFO] [1789399297.966059863] [lidar_clustering]: FollowGap: mode=CLEAR, direction=STRAIGHT, front=8.00 m, best_angle=0.0 deg
[cluster_plot_node-13] [INFO] [1789399297.966254816] [lidar_clustering]: points=0, clusters=0, tracks=0
[sudden_stop_node-14] [INFO] [1789399298.008307772] [sudden_stop]: 대기 4.4/5s
[sudden_stop_node-14] [INFO] [1789399298.108372227] [sudden_stop]: 대기 4.5/5s
[sudden_stop_node-14] [INFO] [1789399298.208526641] [sudden_stop]: 대기 4.6/5s
[sudden_stop_node-14] [INFO] [1789399298.308316005] [sudden_stop]: 대기 4.7/5s
[sudden_stop_node-14] [INFO] [1789399298.408309128] [sudden_stop]: 대기 4.8/5s
[sudden_stop_node-14] [INFO] [1789399298.508202836] [sudden_stop]: 대기 4.9/5s
[sudden_stop_node-14] [INFO] [1789399298.608240792] [sudden_stop]: 대기 5.0/5s
[sudden_stop_node-14] [INFO] [1789399298.708239165] [sudden_stop]: 5초 경과 — 재출발 조건 확인
[sudden_stop_node-14] [INFO] [1789399298.808217731] [sudden_stop]: ✅ 전방 확보(999.00m) — 재출발
[cluster_plot_node-13] [INFO] [1789399298.868493306] [lidar_clustering]: No confirmed obstacles.
[cluster_plot_node-13] [INFO] [1789399298.868711382] [lidar_clustering]: FollowGap: mode=CLEAR, direction=STRAIGHT, front=8.00 m, best_angle=0.0 deg
[mission_sequencer-15] [INFO] [1789399298.908452013] [mission_sequencer]: ✅ sudden_stop 종료 (성공) 13.7s
[sudden_stop_node-14] [INFO] [1789399298.908913542] [sudden_stop]: ■ DISARM — 제약 해제(999) + mute 해제
[mission_sequencer-15] [INFO] [1789399298.920270041] [mission_sequencer]: ⊙ lidar_avoid 차단 해제
[serial_bridge-12] [INFO] [1789399298.981879157] [serial_bridge_node]: 출발 — 정지마찰 하한 60 을 1200ms 인가한다
[cluster_plot_node-13] [INFO] [1789399299.783257886] [lidar_clustering]: No confirmed obstacles.
[cluster_plot_node-13] [INFO] [1789399299.783472726] [lidar_clustering]: FollowGap: mode=CLEAR, direction=STRAIGHT, front=8.00 m, best_angle=0.0 deg
[cluster_plot_node-13] [INFO] [1789399299.783654254] [lidar_clustering]: points=0, clusters=0, tracks=0
[serial_bridge-12] [WARN] [1789399299.952133365] [serial_bridge_node]: ⚠ 공급전압 강하: VMIN=3369mV — 배터리/전원 확인
[direct_localization_node-6] [INFO] [1789399300.587662822] [direct_localization]: pose: x=-11.06 y=-17.18 yaw=33.2° v=0.36m/s [헤딩 정렬됨]
[cluster_plot_node-13] [INFO] [1789399300.692273491] [lidar_clustering]: No confirmed obstacles.
[cluster_plot_node-13] [INFO] [1789399300.692596573] [lidar_clustering]: FollowGap: mode=CLEAR, direction=STRAIGHT, front=8.00 m, best_angle=0.0 deg
[vrs_ntrip_client-3] [INFO] [1789399301.503199480] [ngii_vrs_ntrip_client]: [NTRIP 연결됨] RTCM 472프레임 발행, GGA 실측(36.97051,127.87473)
[cluster_plot_node-13] [INFO] [1789399301.601588188] [lidar_clustering]: No confirmed obstacles.
[cluster_plot_node-13] [INFO] [1789399301.601892915] [lidar_clustering]: FollowGap: mode=CLEAR, direction=STRAIGHT, front=8.00 m, best_angle=0.0 deg
[cluster_plot_node-13] [INFO] [1789399301.602090333] [lidar_clustering]: points=0, clusters=0, tracks=0
[cluster_plot_node-13] [INFO] [1789399302.517518425] [lidar_clustering]: ID=89, X=7.48 m, Y=-2.20 m, Width=3.81 m, Depth=1.06 m, Distance=7.80 m
[cluster_plot_node-13] [INFO] [1789399302.517732033] [lidar_clustering]: FollowGap: mode=CLEAR, direction=STRAIGHT, front=8.00 m, best_angle=0.0 deg
[serial_bridge-12] [WARN] [1789399302.962622225] [serial_bridge_node]: ⚠ 공급전압 강하: VMIN=3689mV — 배터리/전원 확인
[cluster_plot_node-13] [INFO] [1789399303.438986455] [lidar_clustering]: ID=89, X=5.91 m, Y=-1.59 m, Width=10.13 m, Depth=2.42 m, Distance=6.12 m
[cluster_plot_node-13] [INFO] [1789399303.439200704] [lidar_clustering]: ID=90, X=6.93 m, Y=2.04 m, Width=2.53 m, Depth=0.69 m, Distance=7.22 m
[cluster_plot_node-13] [INFO] [1789399303.439384035] [lidar_clustering]: FollowGap: mode=CLEAR, direction=STRAIGHT, front=8.00 m, best_angle=0.0 deg
[cluster_plot_node-13] [INFO] [1789399303.439560995] [lidar_clustering]: points=407, clusters=1, tracks=2
[direct_localization_node-6] [INFO] [1789399303.587614110] [direct_localization]: pose: x=-9.62 y=-15.98 yaw=42.1° v=0.96m/s [헤딩 정렬됨]
[cluster_plot_node-13] [INFO] [1789399304.360024230] [lidar_clustering]: ID=89, X=5.51 m, Y=-2.41 m, Width=6.98 m, Depth=2.37 m, Distance=6.01 m
[cluster_plot_node-13] [INFO] [1789399304.360279425] [lidar_clustering]: ID=90, X=7.47 m, Y=1.44 m, Width=0.48 m, Depth=0.23 m, Distance=7.61 m
[cluster_plot_node-13] [INFO] [1789399304.360513962] [lidar_clustering]: ID=91, X=4.18 m, Y=-6.61 m, Width=0.34 m, Depth=0.24 m, Distance=7.82 m
[cluster_plot_node-13] [INFO] [1789399304.360750182] [lidar_clustering]: FollowGap: mode=CLEAR, direction=STRAIGHT, front=8.00 m, best_angle=0.0 deg
[cluster_plot_node-13] [INFO] [1789399305.293647808] [lidar_clustering]: ID=89, X=4.87 m, Y=-2.43 m, Width=7.08 m, Depth=3.31 m, Distance=5.45 m
[cluster_plot_node-13] [INFO] [1789399305.293860163] [lidar_clustering]: ID=90, X=6.49 m, Y=1.80 m, Width=2.25 m, Depth=1.57 m, Distance=6.73 m
[cluster_plot_node-13] [INFO] [1789399305.294043755] [lidar_clustering]: ID=91, X=3.04 m, Y=-7.02 m, Width=0.94 m, Depth=0.51 m, Distance=7.65 m
[cluster_plot_node-13] [INFO] [1789399305.294238728] [lidar_clustering]: FollowGap: mode=CLEAR, direction=STRAIGHT, front=8.00 m, best_angle=0.0 deg
[cluster_plot_node-13] [INFO] [1789399305.294472193] [lidar_clustering]: points=468, clusters=3, tracks=3
[serial_bridge-12] [WARN] [1789399305.973013693] [serial_bridge_node]: ⚠ 공급전압 강하: VMIN=3630mV — 배터리/전원 확인
[cluster_plot_node-13] [INFO] [1789399306.221240836] [lidar_clustering]: ID=89, X=4.28 m, Y=-2.02 m, Width=9.35 m, Depth=5.68 m, Distance=4.73 m
[cluster_plot_node-13] [INFO] [1789399306.221463771] [lidar_clustering]: ID=90, X=6.17 m, Y=1.96 m, Width=2.77 m, Depth=1.75 m, Distance=6.47 m
[cluster_plot_node-13] [INFO] [1789399306.221643686] [lidar_clustering]: ID=91, X=1.57 m, Y=-7.33 m, Width=1.02 m, Depth=0.73 m, Distance=7.50 m
[cluster_plot_node-13] [INFO] [1789399306.221823351] [lidar_clustering]: FollowGap: mode=CLEAR, direction=STRAIGHT, front=8.00 m, best_angle=0.0 deg
[vrs_ntrip_client-3] [INFO] [1789399306.503249841] [ngii_vrs_ntrip_client]: [NTRIP 연결됨] RTCM 500프레임 발행, GGA 실측(36.97054,127.87477)
[direct_localization_node-6] [INFO] [1789399306.587626100] [direct_localization]: pose: x=-7.33 y=-13.57 yaw=51.7° v=1.43m/s [헤딩 정렬됨]
[cluster_plot_node-13] [INFO] [1789399307.149270423] [lidar_clustering]: ID=89, X=3.35 m, Y=-2.66 m, Width=7.80 m, Depth=5.37 m, Distance=4.28 m
[cluster_plot_node-13] [INFO] [1789399307.149496063] [lidar_clustering]: ID=90, X=6.81 m, Y=1.58 m, Width=1.30 m, Depth=1.25 m, Distance=6.99 m
[cluster_plot_node-13] [INFO] [1789399307.149683682] [lidar_clustering]: ID=91, X=0.42 m, Y=-7.45 m, Width=0.15 m, Depth=0.18 m, Distance=7.46 m
[cluster_plot_node-13] [INFO] [1789399307.149862855] [lidar_clustering]: FollowGap: mode=CLEAR, direction=STRAIGHT, front=8.00 m, best_angle=0.0 deg
[cluster_plot_node-13] [INFO] [1789399307.150040626] [lidar_clustering]: points=520, clusters=2, tracks=3
[cluster_plot_node-13] [INFO] [1789399308.075331601] [lidar_clustering]: ID=89, X=3.90 m, Y=-3.19 m, Width=7.70 m, Depth=7.63 m, Distance=5.04 m
[cluster_plot_node-13] [INFO] [1789399308.075606703] [lidar_clustering]: ID=90, X=7.18 m, Y=1.41 m, Width=0.71 m, Depth=0.81 m, Distance=7.32 m
[cluster_plot_node-13] [INFO] [1789399308.075940063] [lidar_clustering]: FollowGap: mode=CLEAR, direction=STRAIGHT, front=8.00 m, best_angle=0.0 deg
[serial_bridge-12] [WARN] [1789399308.983745846] [serial_bridge_node]: ⚠ 공급전압 강하: VMIN=3134mV — 배터리/전원 확인
[cluster_plot_node-13] [INFO] [1789399309.009314370] [lidar_clustering]: ID=89, X=4.00 m, Y=-4.08 m, Width=7.20 m, Depth=7.55 m, Distance=5.71 m
[cluster_plot_node-13] [INFO] [1789399309.009531304] [lidar_clustering]: FollowGap: mode=CLEAR, direction=STRAIGHT, front=8.00 m, best_angle=0.0 deg
[cluster_plot_node-13] [INFO] [1789399309.009702803] [lidar_clustering]: points=409, clusters=1, tracks=1
[direct_localization_node-6] [INFO] [1789399309.587584360] [direct_localization]: pose: x=-5.90 y=-10.01 yaw=82.6° v=1.51m/s [헤딩 정렬됨]
[cluster_plot_node-13] [INFO] [1789399309.936056367] [lidar_clustering]: ID=89, X=4.48 m, Y=-3.53 m, Width=7.17 m, Depth=6.34 m, Distance=5.70 m
[cluster_plot_node-13] [INFO] [1789399309.936268231] [lidar_clustering]: FollowGap: mode=CLEAR, direction=STRAIGHT, front=8.00 m, best_angle=0.0 deg
[cluster_plot_node-13] [INFO] [1789399310.864453641] [lidar_clustering]: ID=89, X=4.48 m, Y=-3.29 m, Width=8.88 m, Depth=6.02 m, Distance=5.56 m
[cluster_plot_node-13] [INFO] [1789399310.864673941] [lidar_clustering]: ID=92, X=4.07 m, Y=-4.40 m, Width=6.54 m, Depth=7.22 m, Distance=5.99 m
[cluster_plot_node-13] [INFO] [1789399310.864852032] [lidar_clustering]: ID=93, X=7.04 m, Y=2.05 m, Width=2.60 m, Depth=0.56 m, Distance=7.34 m
[cluster_plot_node-13] [INFO] [1789399310.865027319] [lidar_clustering]: FollowGap: mode=CLEAR, direction=STRAIGHT, front=8.00 m, best_angle=0.0 deg
[cluster_plot_node-13] [INFO] [1789399310.865202705] [lidar_clustering]: points=545, clusters=2, tracks=3
[vrs_ntrip_client-3] [INFO] [1789399311.503378503] [ngii_vrs_ntrip_client]: [NTRIP 연결됨] RTCM 520프레임 발행, GGA 실측(36.97059,127.87478)
[cluster_plot_node-13] [INFO] [1789399311.797692863] [lidar_clustering]: ID=89, X=6.09 m, Y=-3.95 m, Width=2.65 m, Depth=1.68 m, Distance=7.26 m
[cluster_plot_node-13] [INFO] [1789399311.797905559] [lidar_clustering]: ID=92, X=4.71 m, Y=-4.65 m, Width=5.95 m, Depth=5.61 m, Distance=6.62 m
[cluster_plot_node-13] [INFO] [1789399311.798081506] [lidar_clustering]: ID=94, X=7.42 m, Y=1.81 m, Width=1.49 m, Depth=0.09 m, Distance=7.64 m
[cluster_plot_node-13] [INFO] [1789399311.798255090] [lidar_clustering]: ID=95, X=7.87 m, Y=-0.19 m, Width=0.84 m, Depth=0.07 m, Distance=7.88 m
[cluster_plot_node-13] [INFO] [1789399311.798434904] [lidar_clustering]: FollowGap: mode=CLEAR, direction=STRAIGHT, front=8.00 m, best_angle=0.0 deg
[serial_bridge-12] [WARN] [1789399311.993802120] [serial_bridge_node]: ⚠ 공급전압 강하: VMIN=3329mV — 배터리/전원 확인
[direct_localization_node-6] [ERROR] [1789399312.220775209] [direct_localization]: IMU 끊김 (0.5s) → 위치 발행 중단. 헤딩이 고정되어 경로를 이탈하므로 정지시킨다. IMU USB 재연결 후 heading_init 재실행 필요.
[direct_localization_node-6] [INFO] [1789399312.587517071] [direct_localization]: pose: x=-6.57 y=-6.28 yaw=105.0° v=1.38m/s [헤딩 정렬됨]
[longitudinal_controller-10] [WARN] [1789399312.709036353] [longitudinal_controller]: ⚠ 경로(/curvature) 끊김 → 정지 — 완주 신호는 없었다. GPS/IMU 끊김이나 로컬경로 생성 실패를 의심할 것
[local_pure_pursuit_node-9] [WARN] [1789399312.724004235] [local_pure_pursuit]: 정지: ⚠ 경로 0.5s 끊김 — 완주 신호 없음. GPS/IMU 확인
[cluster_plot_node-13] [INFO] [1789399312.731066441] [lidar_clustering]: ID=92, X=4.48 m, Y=-3.27 m, Width=8.48 m, Depth=3.56 m, Distance=5.55 m
[cluster_plot_node-13] [INFO] [1789399312.731292682] [lidar_clustering]: ID=93, X=5.75 m, Y=3.00 m, Width=4.86 m, Depth=0.28 m, Distance=6.48 m
[cluster_plot_node-13] [INFO] [1789399312.731496091] [lidar_clustering]: ID=96, X=5.87 m, Y=-2.87 m, Width=7.72 m, Depth=2.52 m, Distance=6.53 m
[cluster_plot_node-13] [INFO] [1789399312.731691665] [lidar_clustering]: ID=97, X=5.29 m, Y=-1.21 m, Width=12.51 m, Depth=2.82 m, Distance=5.43 m
[cluster_plot_node-13] [INFO] [1789399312.731886408] [lidar_clustering]: FollowGap: mode=CLEAR, direction=STRAIGHT, front=8.00 m, best_angle=0.0 deg
[cluster_plot_node-13] [INFO] [1789399312.732078155] [lidar_clustering]: points=537, clusters=1, tracks=4
[hfi_a9_ros2-4] [WARN] [1789399313.195356646] [imu]: ⚠ IMU 시리얼 끊김 (1.5초간 데이터 없음) — 재연결 시도 1회: /dev/imu
[hfi_a9_ros2-4] [INFO] [1789399313.521556824] [imu]: ✅ IMU 시리얼 재연결 성공: /dev/imu (총 1회)
[direct_localization_node-6] [INFO] [1789399313.524381191] [direct_localization]: IMU 복구 — 위치 발행 재개
[serial_bridge-12] [INFO] [1789399313.631908339] [serial_bridge_node]: 출발 — 정지마찰 하한 60 을 1200ms 인가한다
[cluster_plot_node-13] [INFO] [1789399313.658145007] [lidar_clustering]: ID=92, X=4.70 m, Y=-2.07 m, Width=13.00 m, Depth=4.95 m, Distance=5.14 m
[cluster_plot_node-13] [INFO] [1789399313.658392588] [lidar_clustering]: ID=93, X=6.17 m, Y=2.59 m, Width=3.98 m, Depth=0.60 m, Distance=6.69 m
[cluster_plot_node-13] [INFO] [1789399313.658609672] [lidar_clustering]: ID=94, X=7.03 m, Y=2.14 m, Width=2.51 m, Depth=0.36 m, Distance=7.35 m
[cluster_plot_node-13] [INFO] [1789399313.658793865] [lidar_clustering]: ID=96, X=4.40 m, Y=-3.38 m, Width=8.69 m, Depth=4.62 m, Distance=5.55 m
[cluster_plot_node-13] [INFO] [1789399313.658976515] [lidar_clustering]: FollowGap: mode=CLEAR, direction=STRAIGHT, front=8.00 m, best_angle=0.0 deg
[local_sliding_window_node-8] [INFO] [1789399314.054659282] [local_sliding_window_node]: ★ 경로 완주 (남은 거리 0.71m) → 정지 신호 발행
[longitudinal_controller-10] [INFO] [1789399314.055109460] [longitudinal_controller]: 🏁 완주 신호 수신 — 감속 정지합니다 (고장 아님)
[local_pure_pursuit_node-9] [INFO] [1789399314.055120961] [local_pure_pursuit]: 🏁 완주 신호 수신 — 조향 중앙 복귀 후 정지 (고장 아님)
[local_pure_pursuit_node-9] [INFO] [1789399314.073647608] [local_pure_pursuit]: 정지: 🏁 완주 (정상 종료)
[longitudinal_controller-10] [INFO] [1789399314.258967194] [longitudinal_controller]: 🏁 완주 정지 완료
[cluster_plot_node-13] [INFO] [1789399314.573232137] [lidar_clustering]: ID=92, X=4.76 m, Y=-1.41 m, Width=13.16 m, Depth=3.37 m, Distance=4.96 m
[cluster_plot_node-13] [INFO] [1789399314.573461814] [lidar_clustering]: ID=93, X=5.57 m, Y=2.71 m, Width=4.85 m, Depth=0.76 m, Distance=6.19 m
[cluster_plot_node-13] [INFO] [1789399314.573654633] [lidar_clustering]: ID=96, X=4.30 m, Y=-3.32 m, Width=8.54 m, Depth=3.69 m, Distance=5.43 m
[cluster_plot_node-13] [INFO] [1789399314.573841030] [lidar_clustering]: FollowGap: mode=CLEAR, direction=STRAIGHT, front=8.00 m, best_angle=0.0 deg
[cluster_plot_node-13] [INFO] [1789399314.574022448] [lidar_clustering]: points=609, clusters=2, tracks=3
[local_sliding_window_node-8] [INFO] [1789399314.620966623] [local_sliding_window_node]: ★ 경로 완주 (남은 거리 0.17m) → 정지 신호 발행
[serial_bridge-12] [WARN] [1789399315.000404693] [serial_bridge_node]: ⚠ 공급전압 강하: VMIN=3907mV — 배터리/전원 확인
[cluster_plot_node-13] [INFO] [1789399315.494314692] [lidar_clustering]: ID=92, X=3.74 m, Y=-0.99 m, Width=11.77 m, Depth=4.22 m, Distance=3.86 m
[cluster_plot_node-13] [INFO] [1789399315.494611244] [lidar_clustering]: FollowGap: mode=CLEAR, direction=STRAIGHT, front=8.00 m, best_angle=0.0 deg
[direct_localization_node-6] [INFO] [1789399315.587526223] [direct_localization]: pose: x=-7.88 y=-3.69 yaw=120.8° v=0.61m/s [헤딩 정렬됨]
[local_sliding_window_node-8] [INFO] [1789399315.621051489] [local_sliding_window_node]: ★ 경로 완주 (남은 거리 0.55m) → 정지 신호 발행
[cluster_plot_node-13] [INFO] [1789399316.409811005] [lidar_clustering]: ID=92, X=3.65 m, Y=-1.36 m, Width=13.83 m, Depth=5.01 m, Distance=3.90 m
[cluster_plot_node-13] [INFO] [1789399316.410066540] [lidar_clustering]: FollowGap: mode=CLEAR, direction=STRAIGHT, front=8.00 m, best_angle=0.0 deg
[cluster_plot_node-13] [INFO] [1789399316.410260281] [lidar_clustering]: points=682, clusters=1, tracks=1
[vrs_ntrip_client-3] [INFO] [1789399316.503144633] [ngii_vrs_ntrip_client]: [NTRIP 연결됨] RTCM 548프레임 발행, GGA 실측(36.97063,127.87476)
[local_sliding_window_node-8] [INFO] [1789399316.621171808] [local_sliding_window_node]: ★ 경로 완주 (남은 거리 0.88m) → 정지 신호 발행
[cluster_plot_node-13] [INFO] [1789399317.324060942] [lidar_clustering]: ID=92, X=4.01 m, Y=-1.34 m, Width=12.99 m, Depth=4.74 m, Distance=4.23 m
[cluster_plot_node-13] [INFO] [1789399317.324272336] [lidar_clustering]: FollowGap: mode=CLEAR, direction=STRAIGHT, front=8.00 m, best_angle=0.0 deg
[serial_bridge-12] [WARN] [1789399317.515136567] [serial_bridge_node]: 펌웨어 스톨 감지: STALL: drive=0 steer=1
[local_sliding_window_node-8] [INFO] [1789399317.620920021] [local_sliding_window_node]: ★ 경로 완주 (남은 거리 0.90m) → 정지 신호 발행
[serial_bridge-12] [WARN] [1789399318.010777174] [serial_bridge_node]: ⚠ 공급전압 강하: VMIN=3976mV — 배터리/전원 확인
[cluster_plot_node-13] [INFO] [1789399318.233248953] [lidar_clustering]: ID=92, X=3.90 m, Y=-1.50 m, Width=13.58 m, Depth=5.19 m, Distance=4.18 m
[cluster_plot_node-13] [INFO] [1789399318.233485954] [lidar_clustering]: FollowGap: mode=CLEAR, direction=STRAIGHT, front=8.00 m, best_angle=0.0 deg
[cluster_plot_node-13] [INFO] [1789399318.233686717] [lidar_clustering]: points=674, clusters=1, tracks=1
[direct_localization_node-6] [INFO] [1789399318.587460143] [direct_localization]: pose: x=-8.09 y=-3.34 yaw=122.3° v=-0.02m/s [헤딩 정렬됨]
[local_sliding_window_node-8] [INFO] [1789399318.621127855] [local_sliding_window_node]: ★ 경로 완주 (남은 거리 0.90m) → 정지 신호 발행
[local_pure_pursuit_node-9] [INFO] [1789399319.074002357] [local_pure_pursuit]: 정지: 🏁 완주 (정상 종료)
[cluster_plot_node-13] [INFO] [1789399319.141948839] [lidar_clustering]: ID=92, X=3.95 m, Y=-1.42 m, Width=13.35 m, Depth=5.06 m, Distance=4.20 m
[cluster_plot_node-13] [INFO] [1789399319.142164871] [lidar_clustering]: FollowGap: mode=CLEAR, direction=STRAIGHT, front=8.00 m, best_angle=0.0 deg
[serial_bridge-12] [WARN] [1789399319.517797030] [serial_bridge_node]: 펌웨어 스톨 감지: STALL: drive=0 steer=1
[local_sliding_window_node-8] [INFO] [1789399319.621026431] [local_sliding_window_node]: ★ 경로 완주 (남은 거리 0.90m) → 정지 신호 발행
[cluster_plot_node-13] [INFO] [1789399320.057901623] [lidar_clustering]: ID=92, X=4.02 m, Y=-1.29 m, Width=12.74 m, Depth=4.65 m, Distance=4.22 m
[cluster_plot_node-13] [INFO] [1789399320.058136630] [lidar_clustering]: FollowGap: mode=CLEAR, direction=STRAIGHT, front=8.00 m, best_angle=0.0 deg
[cluster_plot_node-13] [INFO] [1789399320.058325181] [lidar_clustering]: points=650, clusters=1, tracks=1
[local_sliding_window_node-8] [INFO] [1789399320.620969726] [local_sliding_window_node]: ★ 경로 완주 (남은 거리 0.90m) → 정지 신호 발행
[cluster_plot_node-13] [INFO] [1789399320.966358398] [lidar_clustering]: ID=92, X=3.95 m, Y=-1.41 m, Width=13.64 m, Depth=5.17 m, Distance=4.19 m
[cluster_plot_node-13] [INFO] [1789399320.966577506] [lidar_clustering]: FollowGap: mode=CLEAR, direction=STRAIGHT, front=8.00 m, best_angle=0.0 deg
[serial_bridge-12] [WARN] [1789399321.017236367] [serial_bridge_node]: ⚠ 공급전압 강하: VMIN=3990mV — 배터리/전원 확인
[serial_bridge-12] [INFO] [1789399321.031749313] [serial_bridge_node]: 스톨 해제 (0.5s 간 STALL 없음)
[vrs_ntrip_client-3] [INFO] [1789399321.503156763] [ngii_vrs_ntrip_client]: [NTRIP 연결됨] RTCM 568프레임 발행, GGA 실측(36.97063,127.87476)
[direct_localization_node-6] [INFO] [1789399321.587537919] [direct_localization]: pose: x=-8.09 y=-3.34 yaw=123.1° v=-0.06m/s [헤딩 정렬됨]
[local_sliding_window_node-8] [INFO] [1789399321.620947221] [local_sliding_window_node]: ★ 경로 완주 (남은 거리 0.89m) → 정지 신호 발행
[cluster_plot_node-13] [INFO] [1789399321.874665490] [lidar_clustering]: ID=92, X=4.09 m, Y=-1.14 m, Width=12.16 m, Depth=3.84 m, Distance=4.24 m
[cluster_plot_node-13] [INFO] [1789399321.874872986] [lidar_clustering]: FollowGap: mode=CLEAR, direction=STRAIGHT, front=8.00 m, best_angle=0.0 deg
[cluster_plot_node-13] [INFO] [1789399321.875047431] [lidar_clustering]: points=613, clusters=1, tracks=1
[local_sliding_window_node-8] [INFO] [1789399322.621164408] [local_sliding_window_node]: ★ 경로 완주 (남은 거리 0.90m) → 정지 신호 발행
[cluster_plot_node-13] [INFO] [1789399322.783478729] [lidar_clustering]: ID=92, X=3.89 m, Y=-1.51 m, Width=13.64 m, Depth=5.17 m, Distance=4.17 m
[cluster_plot_node-13] [INFO] [1789399322.783700712] [lidar_clustering]: FollowGap: mode=CLEAR, direction=STRAIGHT, front=8.00 m, best_angle=0.0 deg
[local_sliding_window_node-8] [INFO] [1789399323.621110498] [local_sliding_window_node]: ★ 경로 완주 (남은 거리 0.90m) → 정지 신호 발행
[cluster_plot_node-13] [INFO] [1789399323.692446812] [lidar_clustering]: ID=92, X=3.90 m, Y=-1.48 m, Width=13.56 m, Depth=5.16 m, Distance=4.17 m
[cluster_plot_node-13] [INFO] [1789399323.692666561] [lidar_clustering]: FollowGap: mode=CLEAR, direction=STRAIGHT, front=8.00 m, best_angle=0.0 deg
[cluster_plot_node-13] [INFO] [1789399323.692864700] [lidar_clustering]: points=675, clusters=1, tracks=1
[serial_bridge-12] [WARN] [1789399324.027875380] [serial_bridge_node]: ⚠ 공급전압 강하: VMIN=4077mV — 배터리/전원 확인
[local_pure_pursuit_node-9] [INFO] [1789399324.123755283] [local_pure_pursuit]: 정지: 🏁 완주 (정상 종료)
[longitudinal_controller-10] [INFO] [1789399324.309067277] [longitudinal_controller]: 🏁 완주 정지 완료
[direct_localization_node-6] [INFO] [1789399324.587804013] [direct_localization]: pose: x=-8.08 y=-3.34 yaw=123.7° v=-0.01m/s [헤딩 정렬됨]
[cluster_plot_node-13] [INFO] [1789399324.601584235] [lidar_clustering]: ID=92, X=3.89 m, Y=-1.49 m, Width=13.49 m, Depth=5.17 m, Distance=4.17 m
[cluster_plot_node-13] [INFO] [1789399324.601802351] [lidar_clustering]: FollowGap: mode=CLEAR, direction=STRAIGHT, front=8.00 m, best_angle=0.0 deg
[local_sliding_window_node-8] [INFO] [1789399324.621097470] [local_sliding_window_node]: ★ 경로 완주 (남은 거리 0.90m) → 정지 신호 발행
[cluster_plot_node-13] [INFO] [1789399325.511175218] [lidar_clustering]: ID=92, X=3.96 m, Y=-1.38 m, Width=13.26 m, Depth=5.00 m, Distance=4.19 m
[cluster_plot_node-13] [INFO] [1789399325.511438969] [lidar_clustering]: FollowGap: mode=CLEAR, direction=STRAIGHT, front=8.00 m, best_angle=0.0 deg
[cluster_plot_node-13] [INFO] [1789399325.511673215] [lidar_clustering]: points=667, clusters=1, tracks=1
[local_sliding_window_node-8] [INFO] [1789399325.620971137] [local_sliding_window_node]: ★ 경로 완주 (남은 거리 0.90m) → 정지 신호 발행
[cluster_plot_node-13] [INFO] [1789399326.418988467] [lidar_clustering]: ID=92, X=3.89 m, Y=-1.49 m, Width=13.47 m, Depth=5.17 m, Distance=4.17 m
[cluster_plot_node-13] [INFO] [1789399326.419203297] [lidar_clustering]: FollowGap: mode=CLEAR, direction=STRAIGHT, front=8.00 m, best_angle=0.0 deg
[vrs_ntrip_client-3] [INFO] [1789399326.503051824] [ngii_vrs_ntrip_client]: [NTRIP 연결됨] RTCM 596프레임 발행, GGA 실측(36.97063,127.87476)
[local_sliding_window_node-8] [INFO] [1789399326.621073877] [local_sliding_window_node]: ★ 경로 완주 (남은 거리 0.90m) → 정지 신호 발행
[serial_bridge-12] [WARN] [1789399327.038166302] [serial_bridge_node]: ⚠ 공급전압 강하: VMIN=4077mV — 배터리/전원 확인
[cluster_plot_node-13] [INFO] [1789399327.328045827] [lidar_clustering]: ID=92, X=3.89 m, Y=-1.50 m, Width=13.61 m, Depth=5.16 m, Distance=4.17 m
[cluster_plot_node-13] [INFO] [1789399327.328268892] [lidar_clustering]: FollowGap: mode=CLEAR, direction=STRAIGHT, front=8.00 m, best_angle=0.0 deg
[cluster_plot_node-13] [INFO] [1789399327.328523356] [lidar_clustering]: points=673, clusters=1, tracks=1
[direct_localization_node-6] [INFO] [1789399327.587642609] [direct_localization]: pose: x=-8.08 y=-3.34 yaw=124.3° v=-0.03m/s [헤딩 정렬됨]
[local_sliding_window_node-8] [INFO] [1789399327.621037214] [local_sliding_window_node]: ★ 경로 완주 (남은 거리 0.89m) → 정지 신호 발행
[cluster_plot_node-13] [INFO] [1789399328.236940669] [lidar_clustering]: ID=92, X=4.14 m, Y=-1.00 m, Width=11.74 m, Depth=3.54 m, Distance=4.26 m
[cluster_plot_node-13] [INFO] [1789399328.237154878] [lidar_clustering]: FollowGap: mode=CLEAR, direction=STRAIGHT, front=8.00 m, best_angle=0.0 deg
[local_sliding_window_node-8] [INFO] [1789399328.621321485] [local_sliding_window_node]: ★ 경로 완주 (남은 거리 0.89m) → 정지 신호 발행
[local_pure_pursuit_node-9] [INFO] [1789399329.123759301] [local_pure_pursuit]: 정지: 🏁 완주 (정상 종료)
[cluster_plot_node-13] [INFO] [1789399329.145832782] [lidar_clustering]: ID=92, X=3.89 m, Y=-1.50 m, Width=13.69 m, Depth=5.15 m, Distance=4.17 m
[cluster_plot_node-13] [INFO] [1789399329.146042673] [lidar_clustering]: FollowGap: mode=CLEAR, direction=STRAIGHT, front=8.00 m, best_angle=0.0 deg
[cluster_plot_node-13] [INFO] [1789399329.146228128] [lidar_clustering]: points=675, clusters=1, tracks=1
[local_sliding_window_node-8] [INFO] [1789399329.621158660] [local_sliding_window_node]: ★ 경로 완주 (남은 거리 0.89m) → 정지 신호 발행
