[INFO] [launch]: All log files can be found below /home/han/.ros/log/2026-09-17-01-52-52-781198-han-ASUS-TUF-Gaming-A16-FA607PI-FA607PI-421794
[INFO] [launch]: Default logging verbosity is set to INFO
[bringup] 정지지점 원점 환산: (477800.0, 3964400.0) → (399848.522, 4092209.171)
[bringup] 정지지점 1개 로드: /home/han/stop_points.yaml
[control] ⚠ xterm 이 없다. teleop:=true 는 키 입력을 못 받는다.
[control]   별도 터미널에서 실행할 것: ros2 run velocity_controller teleop_keyboard
[control] ⚠ xterm 이 없다. teleop:=true 는 키 입력을 못 받는다.
[control]   별도 터미널에서 실행할 것: ros2 run velocity_controller teleop_keyboard
[INFO] [ublox_dgnss_node-1]: process started with pid [421796]
[INFO] [ublox_nav_sat_fix_hp-2]: process started with pid [421798]
[INFO] [vrs_ntrip_client-3]: process started with pid [421800]
[INFO] [hfi_a9_ros2-4]: process started with pid [421802]
[INFO] [heading_init_node-5]: process started with pid [421804]
[INFO] [direct_localization_node-6]: process started with pid [421806]
[INFO] [global_path_publisher-7]: process started with pid [421808]
[INFO] [local_sliding_window_node-8]: process started with pid [421810]
[INFO] [local_pure_pursuit_node-9]: process started with pid [421812]
[INFO] [longitudinal_controller-10]: process started with pid [421814]
[INFO] [vehicle_cmd_mux-11]: process started with pid [421816]
[INFO] [serial_bridge-12]: process started with pid [421818]
[INFO] [cluster_plot_node-13]: process started with pid [421820]
[INFO] [sudden_stop_node-14]: process started with pid [421822]
[INFO] [mission_sequencer-15]: process started with pid [421824]
[INFO] [rviz2-16]: process started with pid [421826]
[ublox_dgnss_node-1] [INFO] [1789577572.857952885] [ublox_dgnss]: starting ublox_dgnss
[ublox_nav_sat_fix_hp-2] [INFO] [1789577572.858411343] [ublox_nav_sat_fix_hp]: starting ublox_nav_sat_fix_hp
[ublox_dgnss_node-1] [INFO] [1789577572.859827103] [ublox_dgnss]: Device family: F9P - High-precision GNSS (Product IDs: [0x01a9], Reliable iSerial: NO)
[ublox_dgnss_node-1] [INFO] [1789577572.859883841] [ublox_dgnss]: Parameter DEVICE_SERIAL_STRING not found, will use first F9P device.
[ublox_dgnss_node-1] [INFO] [1789577572.859923235] [ublox_dgnss]: Parameter FRAME_ID found with value: gps
[ublox_dgnss_node-1] [INFO] [1789577572.859929828] [ublox_dgnss]: ParameterManager initialized
[ublox_dgnss_node-1] [INFO] [1789577572.860072047] [ublox_dgnss]: Loading default UBX config for F9P: /opt/ros/humble/share/ublox_dgnss/config/f9p_ubx_config.toml
[ublox_dgnss_node-1] [INFO] [1789577572.860244704] [ublox_dgnss]: Loaded 127 parameters from F9P TOML
[ublox_dgnss_node-1] [INFO] [1789577572.860275262] [ublox_dgnss]: Loaded 127 UBX config items
[ublox_dgnss_node-1] [INFO] [1789577572.860284299] [ublox_dgnss]: parameter supplied: CFG_MSGOUT_UBX_NAV_COV_USB
[ublox_dgnss_node-1] [INFO] [1789577572.860296011] [ublox_dgnss]: parameter supplied: CFG_MSGOUT_UBX_NAV_HPPOSLLH_USB
[ublox_dgnss_node-1] [INFO] [1789577572.860301441] [ublox_dgnss]: parameter supplied: CFG_MSGOUT_UBX_NAV_STATUS_USB
[ublox_dgnss_node-1] [INFO] [1789577572.860305008] [ublox_dgnss]: parameter supplied: CFG_MSGOUT_UBX_RXM_RTCM_USB
[ublox_dgnss_node-1] [INFO] [1789577572.860308695] [ublox_dgnss]: parameter supplied: CFG_NAVHPG_DGNSSMODE
[ublox_dgnss_node-1] [INFO] [1789577572.860312011] [ublox_dgnss]: parameter supplied: CFG_NAVSPG_DYNMODEL
[ublox_dgnss_node-1] [INFO] [1789577572.860315558] [ublox_dgnss]: parameter supplied: CFG_RATE_MEAS
[ublox_dgnss_node-1] [INFO] [1789577572.860319305] [ublox_dgnss]: parameter supplied: CFG_RATE_NAV
[ublox_dgnss_node-1] [INFO] [1789577572.860322511] [ublox_dgnss]: parameter supplied: CFG_SIGNAL_BDS_ENA
[ublox_dgnss_node-1] [INFO] [1789577572.860327411] [ublox_dgnss]: parameter supplied: CFG_SIGNAL_GAL_ENA
[ublox_dgnss_node-1] [INFO] [1789577572.860330927] [ublox_dgnss]: parameter supplied: CFG_SIGNAL_GLO_ENA
[ublox_dgnss_node-1] [INFO] [1789577572.860334093] [ublox_dgnss]: parameter supplied: CFG_SIGNAL_GPS_ENA
[ublox_dgnss_node-1] [INFO] [1789577572.860341447] [ublox_dgnss]: parameter supplied: CFG_SIGNAL_QZSS_ENA
[ublox_dgnss_node-1] [INFO] [1789577572.860345735] [ublox_dgnss]: parameter supplied: CFG_USBOUTPROT_NMEA
[ublox_dgnss_node-1] [INFO] [1789577572.869550463] [ublox_dgnss]: input param ESF_MEAS_INPUT_ENABLED: true
[ublox_dgnss_node-1] [INFO] [1789577572.869586100] [ublox_dgnss]: input param RTCM_INPUT_ENABLED: true
[ublox_dgnss_node-1] [INFO] [1789577572.869791569] [ublox_dgnss]: input param RXM_PMP_INPUT_ENABLED: false
[ublox_dgnss_node-1] [INFO] [1789577572.869816346] [ublox_dgnss]: input param RXM_QZSSL6_INPUT_ENABLED: false
[ublox_dgnss_node-1] [INFO] [1789577572.869834601] [ublox_dgnss]: input param RXM_SPARTNKEY_INPUT_ENABLED: false
[ublox_dgnss_node-1] [INFO] [1789577572.869852384] [ublox_dgnss]: parameter set CFG_INFMSG_NMEA_USB: 0
[ublox_dgnss_node-1] [INFO] [1789577572.869874727] [ublox_dgnss]: parameter set CFG_INFMSG_UBX_USB: 0
[ublox_dgnss_node-1] [INFO] [1789577572.869891458] [ublox_dgnss]: parameter set CFG_MSGOUT_RTCM_3X_TYPE1005_USB: 0
[ublox_dgnss_node-1] [INFO] [1789577572.869912709] [ublox_dgnss]: parameter set CFG_MSGOUT_RTCM_3X_TYPE1074_UART2: 0
[ublox_dgnss_node-1] [INFO] [1789577572.869935552] [ublox_dgnss]: parameter set CFG_MSGOUT_RTCM_3X_TYPE1077_USB: 0
[ublox_dgnss_node-1] [INFO] [1789577572.869955369] [ublox_dgnss]: parameter set CFG_MSGOUT_RTCM_3X_TYPE1084_UART2: 0
[ublox_dgnss_node-1] [INFO] [1789577572.869977261] [ublox_dgnss]: parameter set CFG_MSGOUT_RTCM_3X_TYPE1087_USB: 0
[ublox_dgnss_node-1] [INFO] [1789577572.870005835] [ublox_dgnss]: parameter set CFG_MSGOUT_RTCM_3X_TYPE1094_UART2: 0
[ublox_dgnss_node-1] [INFO] [1789577572.870027646] [ublox_dgnss]: parameter set CFG_MSGOUT_RTCM_3X_TYPE1097_USB: 0
[ublox_dgnss_node-1] [INFO] [1789577572.870049147] [ublox_dgnss]: parameter set CFG_MSGOUT_RTCM_3X_TYPE1124_UART2: 0
[ublox_dgnss_node-1] [INFO] [1789577572.870073433] [ublox_dgnss]: parameter set CFG_MSGOUT_RTCM_3X_TYPE1127_USB: 0
[ublox_dgnss_node-1] [INFO] [1789577572.870099432] [ublox_dgnss]: parameter set CFG_MSGOUT_RTCM_3X_TYPE1230_UART2: 0
[ublox_dgnss_node-1] [INFO] [1789577572.870120782] [ublox_dgnss]: parameter set CFG_MSGOUT_RTCM_3X_TYPE1230_USB: 0
[ublox_dgnss_node-1] [INFO] [1789577572.870141181] [ublox_dgnss]: parameter set CFG_MSGOUT_RTCM_3X_TYPE4072_0_UART2: 0
[ublox_dgnss_node-1] [INFO] [1789577572.870161910] [ublox_dgnss]: parameter set CFG_MSGOUT_RTCM_3X_TYPE4072_0_USB: 0
[ublox_dgnss_node-1] [INFO] [1789577572.870183030] [ublox_dgnss]: parameter set CFG_MSGOUT_UBX_MON_COMMS_USB: 0
[ublox_dgnss_node-1] [INFO] [1789577572.870203529] [ublox_dgnss]: parameter set CFG_MSGOUT_UBX_NAV_CLOCK_USB: 0
[ublox_dgnss_node-1] [INFO] [1789577572.870226543] [ublox_dgnss]: parameter set CFG_MSGOUT_UBX_NAV_COV_UART1: 0
[ublox_dgnss_node-1] [INFO] [1789577572.870250728] [ublox_dgnss]: parameter set CFG_MSGOUT_UBX_NAV_COV_UART2: 0
[ublox_dgnss_node-1] [INFO] [1789577572.870291967] [ublox_dgnss]: parameter set CFG_MSGOUT_UBX_NAV_DOP_USB: 0
[ublox_dgnss_node-1] [INFO] [1789577572.870317425] [ublox_dgnss]: parameter set CFG_MSGOUT_UBX_NAV_EOE_USB: 0
[ublox_dgnss_node-1] [INFO] [1789577572.870344246] [ublox_dgnss]: parameter set CFG_MSGOUT_UBX_NAV_HPPOSECEF_USB: 0
[ublox_dgnss_node-1] [INFO] [1789577572.870368602] [ublox_dgnss]: parameter set CFG_MSGOUT_UBX_NAV_HPPOSLLH_UART1: 0
[ublox_dgnss_node-1] [INFO] [1789577572.870389201] [ublox_dgnss]: parameter set CFG_MSGOUT_UBX_NAV_HPPOSLLH_UART2: 0
[ublox_dgnss_node-1] [INFO] [1789577572.870409930] [ublox_dgnss]: parameter set CFG_MSGOUT_UBX_NAV_ODO_USB: 0
[ublox_dgnss_node-1] [INFO] [1789577572.870430288] [ublox_dgnss]: parameter set CFG_MSGOUT_UBX_NAV_ORB_USB: 0
[ublox_dgnss_node-1] [INFO] [1789577572.870447251] [ublox_dgnss]: parameter set CFG_MSGOUT_UBX_NAV_POSECEF_USB: 0
[ublox_dgnss_node-1] [INFO] [1789577572.870461247] [ublox_dgnss]: parameter set CFG_MSGOUT_UBX_NAV_POSLLH_USB: 0
[ublox_dgnss_node-1] [INFO] [1789577572.870479822] [ublox_dgnss]: parameter set CFG_MSGOUT_UBX_NAV_PVT_USB: 0
[ublox_dgnss_node-1] [INFO] [1789577572.870493077] [ublox_dgnss]: parameter set CFG_MSGOUT_UBX_NAV_RELPOSNED_USB: 0
[ublox_dgnss_node-1] [INFO] [1789577572.870507414] [ublox_dgnss]: parameter set CFG_MSGOUT_UBX_NAV_SAT_USB: 0
[ublox_dgnss_node-1] [INFO] [1789577572.870525679] [ublox_dgnss]: parameter set CFG_MSGOUT_UBX_NAV_SIG_USB: 0
[ublox_dgnss_node-1] [INFO] [1789577572.870542541] [ublox_dgnss]: parameter set CFG_MSGOUT_UBX_NAV_STATUS_UART1: 0
[ublox_dgnss_node-1] [INFO] [1789577572.870555846] [ublox_dgnss]: parameter set CFG_MSGOUT_UBX_NAV_STATUS_UART2: 0
[ublox_dgnss_node-1] [INFO] [1789577572.870569753] [ublox_dgnss]: parameter set CFG_MSGOUT_UBX_NAV_SVIN_USB: 0
[ublox_dgnss_node-1] [INFO] [1789577572.870584220] [ublox_dgnss]: parameter set CFG_MSGOUT_UBX_NAV_TIMEUTC_USB: 0
[ublox_dgnss_node-1] [INFO] [1789577572.870597635] [ublox_dgnss]: parameter set CFG_MSGOUT_UBX_NAV_VELECEF_USB: 0
[ublox_dgnss_node-1] [INFO] [1789577572.870610710] [ublox_dgnss]: parameter set CFG_MSGOUT_UBX_NAV_VELNED_USB: 0
[ublox_dgnss_node-1] [INFO] [1789577572.870626861] [ublox_dgnss]: parameter set CFG_MSGOUT_UBX_RXM_COR_UART1: 0
[ublox_dgnss_node-1] [INFO] [1789577572.870644915] [ublox_dgnss]: parameter set CFG_MSGOUT_UBX_RXM_COR_UART2: 0
[ublox_dgnss_node-1] [INFO] [1789577572.870659663] [ublox_dgnss]: parameter set CFG_MSGOUT_UBX_RXM_COR_USB: 0
[ublox_dgnss_node-1] [INFO] [1789577572.870673008] [ublox_dgnss]: parameter set CFG_MSGOUT_UBX_RXM_MEASX_USB: 0
[ublox_dgnss_node-1] [INFO] [1789577572.870689058] [ublox_dgnss]: parameter set CFG_MSGOUT_UBX_RXM_RAWX_USB: 0
[ublox_dgnss_node-1] [INFO] [1789577572.870703656] [ublox_dgnss]: parameter set CFG_MSGOUT_UBX_RXM_SFRBX_USB: 0
[ublox_dgnss_node-1] [INFO] [1789577572.870717132] [ublox_dgnss]: parameter set CFG_MSGOUT_UBX_RXM_SPARTN_USB: 0
[ublox_dgnss_node-1] [INFO] [1789577572.870730547] [ublox_dgnss]: parameter set CFG_MSGOUT_UBX_SEC_SIGLOG_USB: 0
[ublox_dgnss_node-1] [INFO] [1789577572.870743632] [ublox_dgnss]: parameter set CFG_MSGOUT_UBX_SEC_SIG_USB: 0
[ublox_dgnss_node-1] [INFO] [1789577572.870757849] [ublox_dgnss]: parameter set CFG_NAVSPG_FIXMODE: 0
[ublox_dgnss_node-1] [INFO] [1789577572.870772256] [ublox_dgnss]: parameter set CFG_NAVSPG_INIFIX3D: false
[ublox_dgnss_node-1] [INFO] [1789577572.870785992] [ublox_dgnss]: parameter set CFG_NAVSPG_UTCSTANDARD: 0
[ublox_dgnss_node-1] [INFO] [1789577572.870799227] [ublox_dgnss]: parameter set CFG_ODO_COGLPGAIN: 0
[ublox_dgnss_node-1] [INFO] [1789577572.870814396] [ublox_dgnss]: parameter set CFG_ODO_COGMAXPOSACC: 0
[ublox_dgnss_node-1] [INFO] [1789577572.870829795] [ublox_dgnss]: parameter set CFG_ODO_COGMAXSPEED: 0
[ublox_dgnss_node-1] [INFO] [1789577572.870843771] [ublox_dgnss]: parameter set CFG_ODO_OUTLPCOG: false
[ublox_dgnss_node-1] [INFO] [1789577572.870862727] [ublox_dgnss]: parameter set CFG_ODO_OUTLPVEL: false
[ublox_dgnss_node-1] [INFO] [1789577572.870883076] [ublox_dgnss]: parameter set CFG_ODO_PROFILE: 0
[ublox_dgnss_node-1] [INFO] [1789577572.870903054] [ublox_dgnss]: parameter set CFG_ODO_USE_COG: false
[ublox_dgnss_node-1] [INFO] [1789577572.870919194] [ublox_dgnss]: parameter set CFG_ODO_USE_ODO: false
[ublox_dgnss_node-1] [INFO] [1789577572.870932309] [ublox_dgnss]: parameter set CFG_ODO_VELLPGAIN: 0
[ublox_dgnss_node-1] [INFO] [1789577572.870948750] [ublox_dgnss]: parameter set CFG_RATE_TIMEREF: 0
[ublox_dgnss_node-1] [INFO] [1789577572.870962937] [ublox_dgnss]: parameter set CFG_SEC_JAMDET_SENSITIVITY_HI: false
[ublox_dgnss_node-1] [INFO] [1789577572.870976973] [ublox_dgnss]: parameter set CFG_SEC_SPOOFDET_SIM_SIG_DIS: false
[ublox_dgnss_node-1] [INFO] [1789577572.870990800] [ublox_dgnss]: parameter set CFG_SIGNAL_BDS_B1_ENA: false
[ublox_dgnss_node-1] [INFO] [1789577572.871004526] [ublox_dgnss]: parameter set CFG_SIGNAL_BDS_B2_ENA: false
[ublox_dgnss_node-1] [INFO] [1789577572.871019304] [ublox_dgnss]: parameter set CFG_SIGNAL_GAL_E1_ENA: false
[ublox_dgnss_node-1] [INFO] [1789577572.871043620] [ublox_dgnss]: parameter set CFG_SIGNAL_GAL_E5B_ENA: false
[ublox_dgnss_node-1] [INFO] [1789577572.871058859] [ublox_dgnss]: parameter set CFG_SIGNAL_GLO_L1_ENA: false
[ublox_dgnss_node-1] [INFO] [1789577572.871074178] [ublox_dgnss]: parameter set CFG_SIGNAL_GLO_L2_ENA: false
[ublox_dgnss_node-1] [INFO] [1789577572.871093725] [ublox_dgnss]: parameter set CFG_SIGNAL_GPS_L1CA_ENA: false
[ublox_dgnss_node-1] [INFO] [1789577572.871107240] [ublox_dgnss]: parameter set CFG_SIGNAL_GPS_L2C_ENA: false
[ublox_dgnss_node-1] [INFO] [1789577572.871121257] [ublox_dgnss]: parameter set CFG_SIGNAL_QZSS_L1CA_ENA: false
[ublox_dgnss_node-1] [INFO] [1789577572.871134892] [ublox_dgnss]: parameter set CFG_SIGNAL_QZSS_L1S_ENA: false
[ublox_dgnss_node-1] [INFO] [1789577572.871149240] [ublox_dgnss]: parameter set CFG_SIGNAL_QZSS_L2C_ENA: false
[ublox_dgnss_node-1] [INFO] [1789577572.871163777] [ublox_dgnss]: parameter set CFG_SIGNAL_SBAS_ENA: false
[ublox_dgnss_node-1] [INFO] [1789577572.871180469] [ublox_dgnss]: parameter set CFG_SIGNAL_SBAS_L1CA_ENA: false
[ublox_dgnss_node-1] [INFO] [1789577572.871195978] [ublox_dgnss]: parameter set CFG_SPARTN_USE_SOURCE: 0
[ublox_dgnss_node-1] [INFO] [1789577572.871212469] [ublox_dgnss]: parameter set CFG_TMODE_ECEF_X: 0
[ublox_dgnss_node-1] [INFO] [1789577572.871230614] [ublox_dgnss]: parameter set CFG_TMODE_ECEF_X_HP: 0
[ublox_dgnss_node-1] [INFO] [1789577572.871244490] [ublox_dgnss]: parameter set CFG_TMODE_ECEF_Y: 0
[ublox_dgnss_node-1] [INFO] [1789577572.871257675] [ublox_dgnss]: parameter set CFG_TMODE_ECEF_Y_HP: 0
[ublox_dgnss_node-1] [INFO] [1789577572.871276330] [ublox_dgnss]: parameter set CFG_TMODE_ECEF_Z: 0
[ublox_dgnss_node-1] [INFO] [1789577572.871294946] [ublox_dgnss]: parameter set CFG_TMODE_ECEF_Z_HP: 0
[ublox_dgnss_node-1] [INFO] [1789577572.871321456] [ublox_dgnss]: parameter set CFG_TMODE_FIXED_POS_ACC: 0
[ublox_dgnss_node-1] [INFO] [1789577572.871352735] [ublox_dgnss]: parameter set CFG_TMODE_HEIGHT: 0
[ublox_dgnss_node-1] [INFO] [1789577572.871373524] [ublox_dgnss]: parameter set CFG_TMODE_HEIGHT_HP: 0
[ublox_dgnss_node-1] [INFO] [1789577572.871393863] [ublox_dgnss]: parameter set CFG_TMODE_LAT: 0
[ublox_dgnss_node-1] [INFO] [1789577572.871413680] [ublox_dgnss]: parameter set CFG_TMODE_LAT_HP: 0
[ublox_dgnss_node-1] [INFO] [1789577572.871435672] [ublox_dgnss]: parameter set CFG_TMODE_LON: 0
[ublox_dgnss_node-1] [INFO] [1789577572.871454989] [ublox_dgnss]: parameter set CFG_TMODE_LON_HP: 0
[ublox_dgnss_node-1] [INFO] [1789577572.871473734] [ublox_dgnss]: parameter set CFG_TMODE_MODE: 0
[ublox_dgnss_node-1] [INFO] [1789577572.871493562] [ublox_dgnss]: parameter set CFG_TMODE_POS_TYPE: 0
[ublox_dgnss_node-1] [INFO] [1789577572.871518359] [ublox_dgnss]: parameter set CFG_TMODE_SVIN_ACC_LIMIT: 0
[ublox_dgnss_node-1] [INFO] [1789577572.871539559] [ublox_dgnss]: parameter set CFG_TMODE_SVIN_MIN_DUR: 0
[ublox_dgnss_node-1] [INFO] [1789577572.871564907] [ublox_dgnss]: parameter set CFG_UART1INPROT_NMEA: false
[ublox_dgnss_node-1] [INFO] [1789577572.871588030] [ublox_dgnss]: parameter set CFG_UART1INPROT_RTCM3X: false
[ublox_dgnss_node-1] [INFO] [1789577572.871608890] [ublox_dgnss]: parameter set CFG_UART1INPROT_SPARTN: false
[ublox_dgnss_node-1] [INFO] [1789577572.871631322] [ublox_dgnss]: parameter set CFG_UART1INPROT_UBX: false
[ublox_dgnss_node-1] [INFO] [1789577572.871655498] [ublox_dgnss]: parameter set CFG_UART1OUTPROT_NMEA: false
[ublox_dgnss_node-1] [INFO] [1789577572.871684633] [ublox_dgnss]: parameter set CFG_UART1OUTPROT_RTCM3X: false
[ublox_dgnss_node-1] [INFO] [1789577572.871707336] [ublox_dgnss]: parameter set CFG_UART1OUTPROT_UBX: false
[ublox_dgnss_node-1] [INFO] [1789577572.871728546] [ublox_dgnss]: parameter set CFG_UART2INPROT_NMEA: false
[ublox_dgnss_node-1] [INFO] [1789577572.871748735] [ublox_dgnss]: parameter set CFG_UART2INPROT_RTCM3X: false
[ublox_dgnss_node-1] [INFO] [1789577572.871772219] [ublox_dgnss]: parameter set CFG_UART2INPROT_SPARTN: false
[ublox_dgnss_node-1] [INFO] [1789577572.871796044] [ublox_dgnss]: parameter set CFG_UART2INPROT_UBX: false
[ublox_dgnss_node-1] [INFO] [1789577572.871825440] [ublox_dgnss]: parameter set CFG_UART2OUTPROT_NMEA: false
[ublox_dgnss_node-1] [INFO] [1789577572.871854114] [ublox_dgnss]: parameter set CFG_UART2OUTPROT_RTCM3X: false
[ublox_dgnss_node-1] [INFO] [1789577572.871875805] [ublox_dgnss]: parameter set CFG_UART2OUTPROT_UBX: false
[ublox_dgnss_node-1] [INFO] [1789577572.871896935] [ublox_dgnss]: parameter set CFG_UART2_BAUDRATE: 0
[ublox_dgnss_node-1] [INFO] [1789577572.871920189] [ublox_dgnss]: parameter set CFG_USBINPROT_NMEA: false
[ublox_dgnss_node-1] [INFO] [1789577572.871948373] [ublox_dgnss]: parameter set CFG_USBINPROT_RTCM3X: false
[ublox_dgnss_node-1] [INFO] [1789577572.871969573] [ublox_dgnss]: parameter set CFG_USBINPROT_UBX: false
[ublox_dgnss_node-1] [INFO] [1789577572.871990623] [ublox_dgnss]: parameter set CFG_USBOUTPROT_RTCM3X: false
[ublox_dgnss_node-1] [INFO] [1789577572.872013977] [ublox_dgnss]: parameter set CFG_USBOUTPROT_UBX: false
[ublox_dgnss_node-1] [INFO] [1789577572.879586845] [ublox_dgnss]: Starting USB initialization
[ublox_dgnss_node-1] [INFO] [1789577572.885885009] [ublox_dgnss]: Initial device connection completed
[ublox_dgnss_node-1] [INFO] [1789577572.886012000] [ublox_dgnss]: usb vendor_id: 0x1546 product_id: 0x01a9 serial_str:  bus: 003 address: 062 port_number: 3 speed: SPEED_FULL (12 MBit/s) num_interfaces: 2 ep_data out: 0x01 in: 0x82 ep_comms in: 0x83
[ublox_dgnss_node-1] [INFO] [1789577572.886021027] [ublox_dgnss]: ublox_dgnss_init_async start
[ublox_dgnss_node-1] [INFO] [1789577572.886036726] [ublox_dgnss]: Sending user parameters to device
[ublox_dgnss_node-1] [INFO] [1789577572.886151283] [ublox_dgnss]: Sent 14 user parameters to device
[ublox_dgnss_node-1] [INFO] [1789577572.886159018] [ublox_dgnss]: Fetching configuration parameter values from device
[ublox_dgnss_node-1] [INFO] [1789577572.886173565] [ublox_dgnss]: cfg_val_get_poll_async_all_layers ... CFG_INFMSG_NMEA_USB CFG_INFMSG_UBX_USB CFG_MSGOUT_RTCM_3X_TYPE1005_USB CFG_MSGOUT_RTCM_3X_TYPE1074_UART2 CFG_MSGOUT_RTCM_3X_TYPE1077_USB CFG_MSGOUT_RTCM_3X_TYPE1084_UART2 CFG_MSGOUT_RTCM_3X_TYPE1087_USB CFG_MSGOUT_RTCM_3X_TYPE1094_UART2 CFG_MSGOUT_RTCM_3X_TYPE1097_USB CFG_MSGOUT_RTCM_3X_TYPE1124_UART2 
[ublox_dgnss_node-1] [INFO] [1789577572.886191940] [ublox_dgnss]: cfg_val_get_poll_async_all_layers ... CFG_MSGOUT_RTCM_3X_TYPE1127_USB CFG_MSGOUT_RTCM_3X_TYPE1230_UART2 CFG_MSGOUT_RTCM_3X_TYPE1230_USB CFG_MSGOUT_RTCM_3X_TYPE4072_0_UART2 CFG_MSGOUT_RTCM_3X_TYPE4072_0_USB CFG_MSGOUT_UBX_MON_COMMS_USB CFG_MSGOUT_UBX_NAV_CLOCK_USB CFG_MSGOUT_UBX_NAV_COV_UART1 CFG_MSGOUT_UBX_NAV_COV_UART2 CFG_MSGOUT_UBX_NAV_DOP_USB 
[ublox_dgnss_node-1] [INFO] [1789577572.886208522] [ublox_dgnss]: cfg_val_get_poll_async_all_layers ... CFG_MSGOUT_UBX_NAV_EOE_USB CFG_MSGOUT_UBX_NAV_HPPOSECEF_USB CFG_MSGOUT_UBX_NAV_HPPOSLLH_UART1 CFG_MSGOUT_UBX_NAV_HPPOSLLH_UART2 CFG_MSGOUT_UBX_NAV_ODO_USB CFG_MSGOUT_UBX_NAV_ORB_USB CFG_MSGOUT_UBX_NAV_POSECEF_USB CFG_MSGOUT_UBX_NAV_POSLLH_USB CFG_MSGOUT_UBX_NAV_PVT_USB CFG_MSGOUT_UBX_NAV_RELPOSNED_USB 
[ublox_dgnss_node-1] [INFO] [1789577572.886221727] [ublox_dgnss]: cfg_val_get_poll_async_all_layers ... CFG_MSGOUT_UBX_NAV_SAT_USB CFG_MSGOUT_UBX_NAV_SIG_USB CFG_MSGOUT_UBX_NAV_STATUS_UART1 CFG_MSGOUT_UBX_NAV_STATUS_UART2 CFG_MSGOUT_UBX_NAV_SVIN_USB CFG_MSGOUT_UBX_NAV_TIMEUTC_USB CFG_MSGOUT_UBX_NAV_VELECEF_USB CFG_MSGOUT_UBX_NAV_VELNED_USB CFG_MSGOUT_UBX_RXM_COR_UART1 CFG_MSGOUT_UBX_RXM_COR_UART2 
[ublox_dgnss_node-1] [INFO] [1789577572.886238498] [ublox_dgnss]: cfg_val_get_poll_async_all_layers ... CFG_MSGOUT_UBX_RXM_COR_USB CFG_MSGOUT_UBX_RXM_MEASX_USB CFG_MSGOUT_UBX_RXM_RAWX_USB CFG_MSGOUT_UBX_RXM_SFRBX_USB CFG_MSGOUT_UBX_RXM_SPARTN_USB CFG_MSGOUT_UBX_SEC_SIGLOG_USB CFG_MSGOUT_UBX_SEC_SIG_USB CFG_NAVSPG_FIXMODE CFG_NAVSPG_INIFIX3D CFG_NAVSPG_UTCSTANDARD 
[ublox_dgnss_node-1] [INFO] [1789577572.886252305] [ublox_dgnss]: cfg_val_get_poll_async_all_layers ... CFG_ODO_COGLPGAIN CFG_ODO_COGMAXPOSACC CFG_ODO_COGMAXSPEED CFG_ODO_OUTLPCOG CFG_ODO_OUTLPVEL CFG_ODO_PROFILE CFG_ODO_USE_COG CFG_ODO_USE_ODO CFG_ODO_VELLPGAIN CFG_RATE_TIMEREF 
[ublox_dgnss_node-1] [INFO] [1789577572.886266561] [ublox_dgnss]: cfg_val_get_poll_async_all_layers ... CFG_SEC_JAMDET_SENSITIVITY_HI CFG_SEC_SPOOFDET_SIM_SIG_DIS CFG_SIGNAL_BDS_B1_ENA CFG_SIGNAL_BDS_B2_ENA CFG_SIGNAL_GAL_E1_ENA CFG_SIGNAL_GAL_E5B_ENA CFG_SIGNAL_GLO_L1_ENA CFG_SIGNAL_GLO_L2_ENA CFG_SIGNAL_GPS_L1CA_ENA CFG_SIGNAL_GPS_L2C_ENA 
[ublox_dgnss_node-1] [INFO] [1789577572.886282241] [ublox_dgnss]: cfg_val_get_poll_async_all_layers ... CFG_SIGNAL_QZSS_L1CA_ENA CFG_SIGNAL_QZSS_L1S_ENA CFG_SIGNAL_QZSS_L2C_ENA CFG_SIGNAL_SBAS_ENA CFG_SIGNAL_SBAS_L1CA_ENA CFG_SPARTN_USE_SOURCE CFG_TMODE_ECEF_X CFG_TMODE_ECEF_X_HP CFG_TMODE_ECEF_Y CFG_TMODE_ECEF_Y_HP 
[ublox_dgnss_node-1] [INFO] [1789577572.886295506] [ublox_dgnss]: cfg_val_get_poll_async_all_layers ... CFG_TMODE_ECEF_Z CFG_TMODE_ECEF_Z_HP CFG_TMODE_FIXED_POS_ACC CFG_TMODE_HEIGHT CFG_TMODE_HEIGHT_HP CFG_TMODE_LAT CFG_TMODE_LAT_HP CFG_TMODE_LON CFG_TMODE_LON_HP CFG_TMODE_MODE 
[ublox_dgnss_node-1] [INFO] [1789577572.886308351] [ublox_dgnss]: cfg_val_get_poll_async_all_layers ... CFG_TMODE_POS_TYPE CFG_TMODE_SVIN_ACC_LIMIT CFG_TMODE_SVIN_MIN_DUR CFG_UART1INPROT_NMEA CFG_UART1INPROT_RTCM3X CFG_UART1INPROT_SPARTN CFG_UART1INPROT_UBX CFG_UART1OUTPROT_NMEA CFG_UART1OUTPROT_RTCM3X CFG_UART1OUTPROT_UBX 
[ublox_dgnss_node-1] [INFO] [1789577572.886335823] [ublox_dgnss]: cfg_val_get_poll_async_all_layers ... CFG_UART2INPROT_NMEA CFG_UART2INPROT_RTCM3X CFG_UART2INPROT_SPARTN CFG_UART2INPROT_UBX CFG_UART2OUTPROT_NMEA CFG_UART2OUTPROT_RTCM3X CFG_UART2OUTPROT_UBX CFG_UART2_BAUDRATE CFG_USBINPROT_NMEA CFG_USBINPROT_RTCM3X 
[ublox_dgnss_node-1] [INFO] [1789577572.886360650] [ublox_dgnss]: cfg_val_get_poll_async_all_layers ... CFG_USBINPROT_UBX CFG_USBOUTPROT_RTCM3X CFG_USBOUTPROT_UBX 
[ublox_dgnss_node-1] [INFO] [1789577572.886371991] [ublox_dgnss]: Requested 113 device parameter values via CFG-VALGET
[ublox_dgnss_node-1] [INFO] [1789577572.886376880] [ublox_dgnss]: ublox_dgnss_init_async finished
[ublox_dgnss_node-1] [INFO] [1789577572.886381499] [ublox_dgnss]: USB initialization completed successfully
[ublox_dgnss_node-1] [INFO] [1789577572.999763828] [ublox_dgnss]: ubx sec unique_id: 0x5540823D1E
[longitudinal_controller-10] [INFO] [1789577573.099053694] [longitudinal_controller]: 종방향 제어 시작: v_max=0.7 v_min=0.25 (목표속도만 발행 — PWM은 펌웨어 PID가 담당)
[ublox_dgnss_node-1] [INFO] [1789577573.099624776] [ublox_dgnss]: parameter set CFG_INFMSG_NMEA_USB: 7
[ublox_dgnss_node-1] [INFO] [1789577573.099699888] [ublox_dgnss]: parameter set CFG_INFMSG_UBX_USB: 0
[ublox_dgnss_node-1] [INFO] [1789577573.099722220] [ublox_dgnss]: parameter set CFG_MSGOUT_RTCM_3X_TYPE1005_USB: 0
[ublox_dgnss_node-1] [INFO] [1789577573.099741517] [ublox_dgnss]: parameter set CFG_MSGOUT_RTCM_3X_TYPE1074_UART2: 0
[ublox_dgnss_node-1] [INFO] [1789577573.099759982] [ublox_dgnss]: parameter set CFG_MSGOUT_RTCM_3X_TYPE1077_USB: 0
[ublox_dgnss_node-1] [INFO] [1789577573.099779318] [ublox_dgnss]: parameter set CFG_MSGOUT_RTCM_3X_TYPE1084_UART2: 0
[ublox_dgnss_node-1] [INFO] [1789577573.099796571] [ublox_dgnss]: parameter set CFG_MSGOUT_RTCM_3X_TYPE1087_USB: 0
[ublox_dgnss_node-1] [INFO] [1789577573.099813353] [ublox_dgnss]: parameter set CFG_MSGOUT_RTCM_3X_TYPE1094_UART2: 0
[ublox_dgnss_node-1] [INFO] [1789577573.099836547] [ublox_dgnss]: parameter set CFG_MSGOUT_RTCM_3X_TYPE1097_USB: 0
[ublox_dgnss_node-1] [INFO] [1789577573.099852216] [ublox_dgnss]: parameter set CFG_MSGOUT_RTCM_3X_TYPE1124_UART2: 0
[rviz2-16] [INFO] [1789577573.107186092] [rviz2]: Stereo is NOT SUPPORTED
[rviz2-16] [INFO] [1789577573.107301620] [rviz2]: OpenGl version: 4.5 (GLSL 4.5)
[ublox_dgnss_node-1] [INFO] [1789577573.119618861] [ublox_dgnss]: parameter set CFG_INFMSG_NMEA_USB: 7
[ublox_dgnss_node-1] [INFO] [1789577573.119691398] [ublox_dgnss]: parameter set CFG_INFMSG_UBX_USB: 0
[ublox_dgnss_node-1] [INFO] [1789577573.119718289] [ublox_dgnss]: parameter set CFG_MSGOUT_RTCM_3X_TYPE1005_USB: 0
[ublox_dgnss_node-1] [INFO] [1789577573.119740461] [ublox_dgnss]: parameter set CFG_MSGOUT_RTCM_3X_TYPE1074_UART2: 0
[ublox_dgnss_node-1] [INFO] [1789577573.119760769] [ublox_dgnss]: parameter set CFG_MSGOUT_RTCM_3X_TYPE1077_USB: 0
[ublox_dgnss_node-1] [INFO] [1789577573.119780276] [ublox_dgnss]: parameter set CFG_MSGOUT_RTCM_3X_TYPE1084_UART2: 0
[ublox_dgnss_node-1] [INFO] [1789577573.119803160] [ublox_dgnss]: parameter set CFG_MSGOUT_RTCM_3X_TYPE1087_USB: 0
[ublox_dgnss_node-1] [INFO] [1789577573.119822025] [ublox_dgnss]: parameter set CFG_MSGOUT_RTCM_3X_TYPE1094_UART2: 0
[ublox_dgnss_node-1] [INFO] [1789577573.119842805] [ublox_dgnss]: parameter set CFG_MSGOUT_RTCM_3X_TYPE1097_USB: 0
[ublox_dgnss_node-1] [INFO] [1789577573.119861069] [ublox_dgnss]: parameter set CFG_MSGOUT_RTCM_3X_TYPE1124_UART2: 0
[vrs_ntrip_client-3] [INFO] [1789577573.129313987] [ngii_vrs_ntrip_client]: NGII VRS NTRIP 클라이언트 시작: RTS2.ngii.go.kr:2101/VRS-RTCM32 (id=<NGII_ID>) → /ntrip_client/rtcm
[ublox_dgnss_node-1] [INFO] [1789577573.139600312] [ublox_dgnss]: parameter set CFG_MSGOUT_RTCM_3X_TYPE1127_USB: 0
[ublox_dgnss_node-1] [INFO] [1789577573.139674091] [ublox_dgnss]: parameter set CFG_MSGOUT_RTCM_3X_TYPE1230_UART2: 0
[ublox_dgnss_node-1] [INFO] [1789577573.139709348] [ublox_dgnss]: parameter set CFG_MSGOUT_RTCM_3X_TYPE1230_USB: 0
[ublox_dgnss_node-1] [INFO] [1789577573.139736900] [ublox_dgnss]: parameter set CFG_MSGOUT_RTCM_3X_TYPE4072_0_UART2: 0
[ublox_dgnss_node-1] [INFO] [1789577573.139769161] [ublox_dgnss]: parameter set CFG_MSGOUT_RTCM_3X_TYPE4072_0_USB: 0
[ublox_dgnss_node-1] [INFO] [1789577573.139796263] [ublox_dgnss]: parameter set CFG_MSGOUT_UBX_MON_COMMS_USB: 0
[ublox_dgnss_node-1] [INFO] [1789577573.139827011] [ublox_dgnss]: parameter set CFG_MSGOUT_UBX_NAV_CLOCK_USB: 0
[ublox_dgnss_node-1] [INFO] [1789577573.139862268] [ublox_dgnss]: parameter set CFG_MSGOUT_UBX_NAV_COV_UART1: 0
[ublox_dgnss_node-1] [INFO] [1789577573.139881244] [ublox_dgnss]: parameter set CFG_MSGOUT_UBX_NAV_COV_UART2: 0
[ublox_dgnss_node-1] [INFO] [1789577573.139900290] [ublox_dgnss]: parameter set CFG_MSGOUT_UBX_NAV_DOP_USB: 0
[rviz2-16] [INFO] [1789577573.141873766] [rviz2]: Stereo is NOT SUPPORTED
[hfi_a9_ros2-4] [INFO] [1789577573.158552735] [imu]: Serial port /dev/imu opened successfully
[ublox_dgnss_node-1] [INFO] [1789577573.159589147] [ublox_dgnss]: parameter set CFG_MSGOUT_RTCM_3X_TYPE1127_USB: 0
[ublox_dgnss_node-1] [INFO] [1789577573.159637158] [ublox_dgnss]: parameter set CFG_MSGOUT_RTCM_3X_TYPE1230_UART2: 0
[ublox_dgnss_node-1] [INFO] [1789577573.159654591] [ublox_dgnss]: parameter set CFG_MSGOUT_RTCM_3X_TYPE1230_USB: 0
[ublox_dgnss_node-1] [INFO] [1789577573.159668938] [ublox_dgnss]: parameter set CFG_MSGOUT_RTCM_3X_TYPE4072_0_UART2: 0
[ublox_dgnss_node-1] [INFO] [1789577573.159682814] [ublox_dgnss]: parameter set CFG_MSGOUT_RTCM_3X_TYPE4072_0_USB: 0
[ublox_dgnss_node-1] [INFO] [1789577573.159699736] [ublox_dgnss]: parameter set CFG_MSGOUT_UBX_MON_COMMS_USB: 0
[ublox_dgnss_node-1] [INFO] [1789577573.159756945] [ublox_dgnss]: parameter set CFG_MSGOUT_UBX_NAV_CLOCK_USB: 0
[ublox_dgnss_node-1] [INFO] [1789577573.159770681] [ublox_dgnss]: parameter set CFG_MSGOUT_UBX_NAV_COV_UART1: 0
[ublox_dgnss_node-1] [INFO] [1789577573.159785108] [ublox_dgnss]: parameter set CFG_MSGOUT_UBX_NAV_COV_UART2: 0
[ublox_dgnss_node-1] [INFO] [1789577573.159798353] [ublox_dgnss]: parameter set CFG_MSGOUT_UBX_NAV_DOP_USB: 0
[ublox_dgnss_node-1] [INFO] [1789577573.179624771] [ublox_dgnss]: parameter set CFG_MSGOUT_UBX_NAV_EOE_USB: 0
[ublox_dgnss_node-1] [INFO] [1789577573.179713529] [ublox_dgnss]: parameter set CFG_MSGOUT_UBX_NAV_HPPOSECEF_USB: 0
[ublox_dgnss_node-1] [INFO] [1789577573.179749998] [ublox_dgnss]: parameter set CFG_MSGOUT_UBX_NAV_HPPOSLLH_UART1: 0
[ublox_dgnss_node-1] [INFO] [1789577573.179777410] [ublox_dgnss]: parameter set CFG_MSGOUT_UBX_NAV_HPPOSLLH_UART2: 0
[ublox_dgnss_node-1] [INFO] [1789577573.179803589] [ublox_dgnss]: parameter set CFG_MSGOUT_UBX_NAV_ODO_USB: 0
[ublox_dgnss_node-1] [INFO] [1789577573.179831702] [ublox_dgnss]: parameter set CFG_MSGOUT_UBX_NAV_ORB_USB: 0
[ublox_dgnss_node-1] [INFO] [1789577573.179855588] [ublox_dgnss]: parameter set CFG_MSGOUT_UBX_NAV_POSECEF_USB: 0
[ublox_dgnss_node-1] [INFO] [1789577573.179878822] [ublox_dgnss]: parameter set CFG_MSGOUT_UBX_NAV_POSLLH_USB: 0
[ublox_dgnss_node-1] [INFO] [1789577573.179903248] [ublox_dgnss]: parameter set CFG_MSGOUT_UBX_NAV_PVT_USB: 0
[ublox_dgnss_node-1] [INFO] [1789577573.179927013] [ublox_dgnss]: parameter set CFG_MSGOUT_UBX_NAV_RELPOSNED_USB: 0
[ublox_dgnss_node-1] [INFO] [1789577573.199665494] [ublox_dgnss]: parameter set CFG_MSGOUT_UBX_NAV_EOE_USB: 0
[ublox_dgnss_node-1] [INFO] [1789577573.199788056] [ublox_dgnss]: parameter set CFG_MSGOUT_UBX_NAV_HPPOSECEF_USB: 0
[ublox_dgnss_node-1] [INFO] [1789577573.199814656] [ublox_dgnss]: parameter set CFG_MSGOUT_UBX_NAV_HPPOSLLH_UART1: 0
[ublox_dgnss_node-1] [INFO] [1789577573.199832941] [ublox_dgnss]: parameter set CFG_MSGOUT_UBX_NAV_HPPOSLLH_UART2: 0
[ublox_dgnss_node-1] [INFO] [1789577573.199853410] [ublox_dgnss]: parameter set CFG_MSGOUT_UBX_NAV_ODO_USB: 0
[ublox_dgnss_node-1] [INFO] [1789577573.199874810] [ublox_dgnss]: parameter set CFG_MSGOUT_UBX_NAV_ORB_USB: 0
[ublox_dgnss_node-1] [INFO] [1789577573.199899016] [ublox_dgnss]: parameter set CFG_MSGOUT_UBX_NAV_POSECEF_USB: 0
[ublox_dgnss_node-1] [INFO] [1789577573.199918473] [ublox_dgnss]: parameter set CFG_MSGOUT_UBX_NAV_POSLLH_USB: 0
[ublox_dgnss_node-1] [INFO] [1789577573.199937419] [ublox_dgnss]: parameter set CFG_MSGOUT_UBX_NAV_PVT_USB: 0
[ublox_dgnss_node-1] [INFO] [1789577573.199962426] [ublox_dgnss]: parameter set CFG_MSGOUT_UBX_NAV_RELPOSNED_USB: 0
[vrs_ntrip_client-3] [INFO] [1789577573.213104799] [ngii_vrs_ntrip_client]: NTRIP 연결 성공: ICY 200 OK
[ublox_dgnss_node-1] [INFO] [1789577573.219635764] [ublox_dgnss]: parameter set CFG_MSGOUT_UBX_NAV_SAT_USB: 0
[ublox_dgnss_node-1] [INFO] [1789577573.219744349] [ublox_dgnss]: parameter set CFG_MSGOUT_UBX_NAV_SIG_USB: 0
[ublox_dgnss_node-1] [INFO] [1789577573.219767714] [ublox_dgnss]: parameter set CFG_MSGOUT_UBX_NAV_STATUS_UART1: 0
[ublox_dgnss_node-1] [INFO] [1789577573.219784305] [ublox_dgnss]: parameter set CFG_MSGOUT_UBX_NAV_STATUS_UART2: 0
[ublox_dgnss_node-1] [INFO] [1789577573.219799303] [ublox_dgnss]: parameter set CFG_MSGOUT_UBX_NAV_SVIN_USB: 0
[ublox_dgnss_node-1] [INFO] [1789577573.219817568] [ublox_dgnss]: parameter set CFG_MSGOUT_UBX_NAV_TIMEUTC_USB: 0
[ublox_dgnss_node-1] [INFO] [1789577573.219834400] [ublox_dgnss]: parameter set CFG_MSGOUT_UBX_NAV_VELECEF_USB: 0
[ublox_dgnss_node-1] [INFO] [1789577573.219848136] [ublox_dgnss]: parameter set CFG_MSGOUT_UBX_NAV_VELNED_USB: 0
[ublox_dgnss_node-1] [INFO] [1789577573.219865048] [ublox_dgnss]: parameter set CFG_MSGOUT_UBX_RXM_COR_UART1: 0
[ublox_dgnss_node-1] [INFO] [1789577573.219878854] [ublox_dgnss]: parameter set CFG_MSGOUT_UBX_RXM_COR_UART2: 0
[ublox_dgnss_node-1] [INFO] [1789577573.239633496] [ublox_dgnss]: parameter set CFG_MSGOUT_UBX_NAV_SAT_USB: 0
[ublox_dgnss_node-1] [INFO] [1789577573.239745107] [ublox_dgnss]: parameter set CFG_MSGOUT_UBX_NAV_SIG_USB: 0
[ublox_dgnss_node-1] [INFO] [1789577573.239762700] [ublox_dgnss]: parameter set CFG_MSGOUT_UBX_NAV_STATUS_UART1: 0
[ublox_dgnss_node-1] [INFO] [1789577573.239774803] [ublox_dgnss]: parameter set CFG_MSGOUT_UBX_NAV_STATUS_UART2: 0
[ublox_dgnss_node-1] [INFO] [1789577573.239787748] [ublox_dgnss]: parameter set CFG_MSGOUT_UBX_NAV_SVIN_USB: 0
[ublox_dgnss_node-1] [INFO] [1789577573.239806253] [ublox_dgnss]: parameter set CFG_MSGOUT_UBX_NAV_TIMEUTC_USB: 0
[ublox_dgnss_node-1] [INFO] [1789577573.239821532] [ublox_dgnss]: parameter set CFG_MSGOUT_UBX_NAV_VELECEF_USB: 0
[ublox_dgnss_node-1] [INFO] [1789577573.239835388] [ublox_dgnss]: parameter set CFG_MSGOUT_UBX_NAV_VELNED_USB: 0
[ublox_dgnss_node-1] [INFO] [1789577573.239850998] [ublox_dgnss]: parameter set CFG_MSGOUT_UBX_RXM_COR_UART1: 0
[ublox_dgnss_node-1] [INFO] [1789577573.239868481] [ublox_dgnss]: parameter set CFG_MSGOUT_UBX_RXM_COR_UART2: 0
[ublox_dgnss_node-1] [INFO] [1789577573.259605990] [ublox_dgnss]: parameter set CFG_MSGOUT_UBX_RXM_COR_USB: 0
[ublox_dgnss_node-1] [INFO] [1789577573.259714956] [ublox_dgnss]: parameter set CFG_MSGOUT_UBX_RXM_MEASX_USB: 0
[ublox_dgnss_node-1] [INFO] [1789577573.259728973] [ublox_dgnss]: parameter set CFG_MSGOUT_UBX_RXM_RAWX_USB: 0
[ublox_dgnss_node-1] [INFO] [1789577573.259743951] [ublox_dgnss]: parameter set CFG_MSGOUT_UBX_RXM_SFRBX_USB: 0
[ublox_dgnss_node-1] [INFO] [1789577573.259760402] [ublox_dgnss]: parameter set CFG_MSGOUT_UBX_RXM_SPARTN_USB: 0
[ublox_dgnss_node-1] [INFO] [1789577573.259774589] [ublox_dgnss]: parameter set CFG_MSGOUT_UBX_SEC_SIGLOG_USB: 0
[ublox_dgnss_node-1] [INFO] [1789577573.259789567] [ublox_dgnss]: parameter set CFG_MSGOUT_UBX_SEC_SIG_USB: 0
[ublox_dgnss_node-1] [INFO] [1789577573.259805327] [ublox_dgnss]: parameter set CFG_NAVSPG_FIXMODE: 3
[ublox_dgnss_node-1] [INFO] [1789577573.259819975] [ublox_dgnss]: parameter set CFG_NAVSPG_INIFIX3D: false
[ublox_dgnss_node-1] [INFO] [1789577573.259833781] [ublox_dgnss]: parameter set CFG_NAVSPG_UTCSTANDARD: 0
[ublox_dgnss_node-1] [INFO] [1789577573.279608801] [ublox_dgnss]: parameter set CFG_MSGOUT_UBX_RXM_COR_USB: 0
[ublox_dgnss_node-1] [INFO] [1789577573.279694995] [ublox_dgnss]: parameter set CFG_MSGOUT_UBX_RXM_MEASX_USB: 0
[ublox_dgnss_node-1] [INFO] [1789577573.279708480] [ublox_dgnss]: parameter set CFG_MSGOUT_UBX_RXM_RAWX_USB: 0
[ublox_dgnss_node-1] [INFO] [1789577573.279721044] [ublox_dgnss]: parameter set CFG_MSGOUT_UBX_RXM_SFRBX_USB: 0
[ublox_dgnss_node-1] [INFO] [1789577573.279736593] [ublox_dgnss]: parameter set CFG_MSGOUT_UBX_RXM_SPARTN_USB: 0
[ublox_dgnss_node-1] [INFO] [1789577573.279751211] [ublox_dgnss]: parameter set CFG_MSGOUT_UBX_SEC_SIGLOG_USB: 0
[ublox_dgnss_node-1] [INFO] [1789577573.279764917] [ublox_dgnss]: parameter set CFG_MSGOUT_UBX_SEC_SIG_USB: 0
[ublox_dgnss_node-1] [INFO] [1789577573.279781068] [ublox_dgnss]: parameter set CFG_NAVSPG_FIXMODE: 3
[ublox_dgnss_node-1] [INFO] [1789577573.279797198] [ublox_dgnss]: parameter set CFG_NAVSPG_INIFIX3D: false
[ublox_dgnss_node-1] [INFO] [1789577573.279813198] [ublox_dgnss]: parameter set CFG_NAVSPG_UTCSTANDARD: 0
[ublox_dgnss_node-1] [INFO] [1789577573.299593449] [ublox_dgnss]: parameter set CFG_ODO_COGLPGAIN: 76
[ublox_dgnss_node-1] [INFO] [1789577573.299656077] [ublox_dgnss]: parameter set CFG_ODO_COGMAXPOSACC: 50
[ublox_dgnss_node-1] [INFO] [1789577573.299677037] [ublox_dgnss]: parameter set CFG_ODO_COGMAXSPEED: 10
[ublox_dgnss_node-1] [INFO] [1789577573.299695241] [ublox_dgnss]: parameter set CFG_ODO_OUTLPCOG: false
[ublox_dgnss_node-1] [INFO] [1789577573.299713055] [ublox_dgnss]: parameter set CFG_ODO_OUTLPVEL: false
[ublox_dgnss_node-1] [INFO] [1789577573.299732832] [ublox_dgnss]: parameter set CFG_ODO_PROFILE: 0
[ublox_dgnss_node-1] [INFO] [1789577573.299752159] [ublox_dgnss]: parameter set CFG_ODO_USE_COG: false
[ublox_dgnss_node-1] [INFO] [1789577573.299771385] [ublox_dgnss]: parameter set CFG_ODO_USE_ODO: false
[ublox_dgnss_node-1] [INFO] [1789577573.299790361] [ublox_dgnss]: parameter set CFG_ODO_VELLPGAIN: 153
[ublox_dgnss_node-1] [INFO] [1789577573.299810830] [ublox_dgnss]: parameter set CFG_RATE_TIMEREF: 1
[ublox_dgnss_node-1] [INFO] [1789577573.319612501] [ublox_dgnss]: parameter set CFG_ODO_COGLPGAIN: 76
[ublox_dgnss_node-1] [INFO] [1789577573.319732238] [ublox_dgnss]: parameter set CFG_ODO_COGMAXPOSACC: 50
[ublox_dgnss_node-1] [INFO] [1789577573.319752947] [ublox_dgnss]: parameter set CFG_ODO_COGMAXSPEED: 10
[ublox_dgnss_node-1] [INFO] [1789577573.319777413] [ublox_dgnss]: parameter set CFG_ODO_OUTLPCOG: false
[ublox_dgnss_node-1] [INFO] [1789577573.319797070] [ublox_dgnss]: parameter set CFG_ODO_OUTLPVEL: false
[ublox_dgnss_node-1] [INFO] [1789577573.319820735] [ublox_dgnss]: parameter set CFG_ODO_PROFILE: 0
[ublox_dgnss_node-1] [INFO] [1789577573.319841695] [ublox_dgnss]: parameter set CFG_ODO_USE_COG: false
[ublox_dgnss_node-1] [INFO] [1789577573.319861623] [ublox_dgnss]: parameter set CFG_ODO_USE_ODO: false
[ublox_dgnss_node-1] [INFO] [1789577573.319879386] [ublox_dgnss]: parameter set CFG_ODO_VELLPGAIN: 153
[ublox_dgnss_node-1] [INFO] [1789577573.319901177] [ublox_dgnss]: parameter set CFG_RATE_TIMEREF: 1
[ublox_dgnss_node-1] [WARN] [1789577573.339578623] [ublox_dgnss]: ubx class: 0x05 id: 0x00 ack nak payload - class: 0x06 id: 0x8b
[ublox_dgnss_node-1] [WARN] [1789577573.349624803] [ublox_dgnss]: ubx class: 0x05 id: 0x00 ack nak payload - class: 0x06 id: 0x8b
[ublox_dgnss_node-1] [INFO] [1789577573.359614778] [ublox_dgnss]: parameter set CFG_SIGNAL_QZSS_L1CA_ENA: true
[ublox_dgnss_node-1] [INFO] [1789577573.359704107] [ublox_dgnss]: parameter set CFG_SIGNAL_QZSS_L1S_ENA: false
[ublox_dgnss_node-1] [INFO] [1789577573.359717853] [ublox_dgnss]: parameter set CFG_SIGNAL_QZSS_L2C_ENA: true
[ublox_dgnss_node-1] [INFO] [1789577573.359731008] [ublox_dgnss]: parameter set CFG_SIGNAL_SBAS_ENA: true
[ublox_dgnss_node-1] [INFO] [1789577573.359741758] [ublox_dgnss]: parameter set CFG_SIGNAL_SBAS_L1CA_ENA: true
[ublox_dgnss_node-1] [INFO] [1789577573.359760073] [ublox_dgnss]: parameter set CFG_SPARTN_USE_SOURCE: 0
[ublox_dgnss_node-1] [INFO] [1789577573.359796722] [ublox_dgnss]: parameter set CFG_TMODE_ECEF_X: 0
[ublox_dgnss_node-1] [INFO] [1789577573.359816379] [ublox_dgnss]: parameter set CFG_TMODE_ECEF_X_HP: 0
[ublox_dgnss_node-1] [INFO] [1789577573.359834003] [ublox_dgnss]: parameter set CFG_TMODE_ECEF_Y: 0
[ublox_dgnss_node-1] [INFO] [1789577573.359850574] [ublox_dgnss]: parameter set CFG_TMODE_ECEF_Y_HP: 0
[ublox_dgnss_node-1] [INFO] [1789577573.379638168] [ublox_dgnss]: parameter set CFG_SIGNAL_QZSS_L1CA_ENA: true
[ublox_dgnss_node-1] [INFO] [1789577573.379749860] [ublox_dgnss]: parameter set CFG_SIGNAL_QZSS_L1S_ENA: false
[ublox_dgnss_node-1] [INFO] [1789577573.379779405] [ublox_dgnss]: parameter set CFG_SIGNAL_QZSS_L2C_ENA: true
[ublox_dgnss_node-1] [INFO] [1789577573.379802920] [ublox_dgnss]: parameter set CFG_SIGNAL_SBAS_ENA: true
[ublox_dgnss_node-1] [INFO] [1789577573.379822467] [ublox_dgnss]: parameter set CFG_SIGNAL_SBAS_L1CA_ENA: true
[ublox_dgnss_node-1] [INFO] [1789577573.379842174] [ublox_dgnss]: parameter set CFG_SPARTN_USE_SOURCE: 0
[ublox_dgnss_node-1] [INFO] [1789577573.379860900] [ublox_dgnss]: parameter set CFG_TMODE_ECEF_X: 0
[ublox_dgnss_node-1] [INFO] [1789577573.379878844] [ublox_dgnss]: parameter set CFG_TMODE_ECEF_X_HP: 0
[ublox_dgnss_node-1] [INFO] [1789577573.379897649] [ublox_dgnss]: parameter set CFG_TMODE_ECEF_Y: 0
[ublox_dgnss_node-1] [INFO] [1789577573.379915423] [ublox_dgnss]: parameter set CFG_TMODE_ECEF_Y_HP: 0
[ublox_dgnss_node-1] [INFO] [1789577573.399668682] [ublox_dgnss]: parameter set CFG_TMODE_ECEF_Z: 0
[ublox_dgnss_node-1] [INFO] [1789577573.402966195] [ublox_dgnss]: parameter set CFG_TMODE_ECEF_Z_HP: 0
[ublox_dgnss_node-1] [INFO] [1789577573.403525444] [ublox_dgnss]: parameter set CFG_TMODE_FIXED_POS_ACC: 0
[ublox_dgnss_node-1] [INFO] [1789577573.403563797] [ublox_dgnss]: parameter set CFG_TMODE_HEIGHT: 0
[ublox_dgnss_node-1] [INFO] [1789577573.403582823] [ublox_dgnss]: parameter set CFG_TMODE_HEIGHT_HP: 0
[ublox_dgnss_node-1] [INFO] [1789577573.403600917] [ublox_dgnss]: parameter set CFG_TMODE_LAT: 0
[ublox_dgnss_node-1] [INFO] [1789577573.403616857] [ublox_dgnss]: parameter set CFG_TMODE_LAT_HP: 0
[ublox_dgnss_node-1] [INFO] [1789577573.403651353] [ublox_dgnss]: parameter set CFG_TMODE_LON: 0
[ublox_dgnss_node-1] [INFO] [1789577573.403686309] [ublox_dgnss]: parameter set CFG_TMODE_LON_HP: 0
[ublox_dgnss_node-1] [INFO] [1789577573.404057642] [ublox_dgnss]: parameter set CFG_TMODE_MODE: 0
[ublox_dgnss_node-1] [INFO] [1789577573.419663669] [ublox_dgnss]: parameter set CFG_TMODE_ECEF_Z: 0
[ublox_dgnss_node-1] [INFO] [1789577573.419758128] [ublox_dgnss]: parameter set CFG_TMODE_ECEF_Z_HP: 0
[ublox_dgnss_node-1] [INFO] [1789577573.419778797] [ublox_dgnss]: parameter set CFG_TMODE_FIXED_POS_ACC: 0
[ublox_dgnss_node-1] [INFO] [1789577573.419798173] [ublox_dgnss]: parameter set CFG_TMODE_HEIGHT: 0
[ublox_dgnss_node-1] [INFO] [1789577573.419812020] [ublox_dgnss]: parameter set CFG_TMODE_HEIGHT_HP: 0
[ublox_dgnss_node-1] [INFO] [1789577573.419831757] [ublox_dgnss]: parameter set CFG_TMODE_LAT: 0
[ublox_dgnss_node-1] [INFO] [1789577573.419849290] [ublox_dgnss]: parameter set CFG_TMODE_LAT_HP: 0
[ublox_dgnss_node-1] [INFO] [1789577573.419863457] [ublox_dgnss]: parameter set CFG_TMODE_LON: 0
[ublox_dgnss_node-1] [INFO] [1789577573.419878095] [ublox_dgnss]: parameter set CFG_TMODE_LON_HP: 0
[ublox_dgnss_node-1] [INFO] [1789577573.419894556] [ublox_dgnss]: parameter set CFG_TMODE_MODE: 0
[ublox_dgnss_node-1] [INFO] [1789577573.439670698] [ublox_dgnss]: parameter set CFG_TMODE_POS_TYPE: 0
[ublox_dgnss_node-1] [INFO] [1789577573.441243366] [ublox_dgnss]: parameter set CFG_TMODE_SVIN_ACC_LIMIT: 0
[ublox_dgnss_node-1] [INFO] [1789577573.441449506] [ublox_dgnss]: parameter set CFG_TMODE_SVIN_MIN_DUR: 0
[ublox_dgnss_node-1] [INFO] [1789577573.441565496] [ublox_dgnss]: parameter set CFG_UART1INPROT_NMEA: true
[ublox_dgnss_node-1] [INFO] [1789577573.441707855] [ublox_dgnss]: parameter set CFG_UART1INPROT_RTCM3X: true
[ublox_dgnss_node-1] [INFO] [1789577573.442044322] [ublox_dgnss]: parameter set CFG_UART1INPROT_SPARTN: true
[ublox_dgnss_node-1] [INFO] [1789577573.442154862] [ublox_dgnss]: parameter set CFG_UART1INPROT_UBX: true
[ublox_dgnss_node-1] [INFO] [1789577573.442285188] [ublox_dgnss]: parameter set CFG_UART1OUTPROT_NMEA: true
[ublox_dgnss_node-1] [INFO] [1789577573.442324242] [ublox_dgnss]: parameter set CFG_UART1OUTPROT_RTCM3X: true
[ublox_dgnss_node-1] [INFO] [1789577573.442460009] [ublox_dgnss]: parameter set CFG_UART1OUTPROT_UBX: true
[vehicle_cmd_mux-11] [INFO] [1789577573.444830227] [vehicle_cmd_mux]: 명령 먹스 시작: 조향±18.0° 속도 -0.6~0.7m/s (E-stop > teleop > 자율)
[vehicle_cmd_mux-11] [WARN] [1789577573.445143410] [vehicle_cmd_mux]: 헤딩 캘리브 대기 — /heading/yaw_offset 을 받기 전에는 자율(AUTO)을 거부한다. teleop 으로 10m 직진해 캘리브를 끝낼 것.
[local_sliding_window_node-8] [INFO] [1789577573.446481413] [local_sliding_window_node]: local_sliding_window_node 시작 (odom=/odometry/filtered, window=5+20, lookahead=10.0m, 곡률 preview=4.0m)
[local_pure_pursuit_node-9] [INFO] [1789577573.447685964] [local_pure_pursuit]: local_pure_pursuit 시작: L=0.785m, max=18°, target_speed=0.5m/s, /local_path→/cmd_vel
[heading_init_node-5] [INFO] [1789577573.448644709] [gps_heading_init]: 헤딩 초기화(1회성) 시작: 10m 직진하면 yaw_offset 계산 후 자동 종료 (fix=/fix, imu=handsfree/imu)
[heading_init_node-5] [WARN] [1789577573.448974523] [gps_heading_init]: ⚠ 자동 직진 켜짐: GPS 수신 후 5초 뒤 0.90m/s로 스스로 10m 전진한다. 앞을 비우고 E-stop을 손에 쥘 것.
[mission_sequencer-15] [INFO] [1789577573.454460530] [mission_sequencer]: 미션 시퀀서 시작 — 2개, 예산 480s (예비 60s)
[mission_sequencer-15] [INFO] [1789577573.454717577] [mission_sequencer]:   · lidar_avoid      s 37.0~50.0m             타임아웃 —     [배경]
[mission_sequencer-15] [INFO] [1789577573.454922545] [mission_sequencer]:   · sudden_stop      s 51.0~70.0m             타임아웃 25s   [감점-only]  ⊘lidar_avoid
[ublox_dgnss_node-1] [INFO] [1789577573.459606082] [ublox_dgnss]: parameter set CFG_TMODE_POS_TYPE: 0
[ublox_dgnss_node-1] [INFO] [1789577573.459677107] [ublox_dgnss]: parameter set CFG_TMODE_SVIN_ACC_LIMIT: 0
[ublox_dgnss_node-1] [INFO] [1789577573.459711612] [ublox_dgnss]: parameter set CFG_TMODE_SVIN_MIN_DUR: 0
[ublox_dgnss_node-1] [INFO] [1789577573.459741038] [ublox_dgnss]: parameter set CFG_UART1INPROT_NMEA: true
[ublox_dgnss_node-1] [INFO] [1789577573.459763400] [ublox_dgnss]: parameter set CFG_UART1INPROT_RTCM3X: true
[ublox_dgnss_node-1] [INFO] [1789577573.459785021] [ublox_dgnss]: parameter set CFG_UART1INPROT_SPARTN: true
[ublox_dgnss_node-1] [INFO] [1789577573.459821730] [ublox_dgnss]: parameter set CFG_UART1INPROT_UBX: true
[ublox_dgnss_node-1] [INFO] [1789577573.459843632] [ublox_dgnss]: parameter set CFG_UART1OUTPROT_NMEA: true
[ublox_dgnss_node-1] [INFO] [1789577573.459863690] [ublox_dgnss]: parameter set CFG_UART1OUTPROT_RTCM3X: true
[ublox_dgnss_node-1] [INFO] [1789577573.459884339] [ublox_dgnss]: parameter set CFG_UART1OUTPROT_UBX: true
[direct_localization_node-6] [INFO] [1789577573.461526809] [direct_localization]: 로컬 원점: 399848.5, 4092209.2 (EPSG:32652) — 충주 캠퍼스 (학교 시험)
[sudden_stop_node-14] [INFO] [1789577573.465717343] [sudden_stop]: 돌발 급정지 — 근접 1.2m 에서 정지, **5초** 유지 후 재출발 (치워짐 판정 3.0m, 대기상한 10s)
[sudden_stop_node-14] [INFO] [1789577573.465960743] [sudden_stop]: arm 대기 중 — 시퀀서가 켜야 동작한다
[direct_localization_node-6] [INFO] [1789577573.471527052] [direct_localization]: 직접 로컬라이제이션 시작: /fix+handsfree/imu → /odometry/filtered (map 프레임, 원점 399849,4092209, 30Hz)
[global_path_publisher-7] [INFO] [1789577573.472889091] [global_path_publisher]: 전역 경로 로드 완료: /home/han/racing_ws/config/chungju_school/wp_school_track_0.5.yaml (총 147개 점, 73.0m)
[global_path_publisher-7] [INFO] [1789577573.473143112] [global_path_publisher]:   로컬 범위 x[-37.1, -5.9] y[-26.4, -4.2] (정상이면 0~수백 m)
[cluster_plot_node-13] [INFO] [1789577573.473758006] [lidar_clustering]: LiDAR DBSCAN + Hungarian + Follow the Gap started. (scan=/scan_front, yaw_offset=180°, aim=path)
[cluster_plot_node-13] [INFO] [1789577573.473995836] [lidar_clustering]: Vehicle coordinate: +X forward, +Y left, -Y right.
[cluster_plot_node-13] [WARN] [1789577573.474243505] [lidar_clustering]: ★ 회피 조향 슬루레이트 제한 90°/s (끊김 1.0s 넘으면 상태 리셋). 경로조향의 max_steer_rate_deg 와 같은 값이면 두 갈래가 대칭이다.
[ublox_dgnss_node-1] [INFO] [1789577573.479636807] [ublox_dgnss]: parameter set CFG_UART2INPROT_NMEA: false
[ublox_dgnss_node-1] [INFO] [1789577573.479707671] [ublox_dgnss]: parameter set CFG_UART2INPROT_RTCM3X: true
[ublox_dgnss_node-1] [INFO] [1789577573.479727418] [ublox_dgnss]: parameter set CFG_UART2INPROT_SPARTN: true
[ublox_dgnss_node-1] [INFO] [1789577573.479749670] [ublox_dgnss]: parameter set CFG_UART2INPROT_UBX: true
[ublox_dgnss_node-1] [INFO] [1789577573.479772884] [ublox_dgnss]: parameter set CFG_UART2OUTPROT_NMEA: false
[ublox_dgnss_node-1] [INFO] [1789577573.479798783] [ublox_dgnss]: parameter set CFG_UART2OUTPROT_RTCM3X: true
[ublox_dgnss_node-1] [INFO] [1789577573.479821727] [ublox_dgnss]: parameter set CFG_UART2OUTPROT_UBX: false
[ublox_dgnss_node-1] [INFO] [1789577573.479844750] [ublox_dgnss]: parameter set CFG_UART2_BAUDRATE: 0
[ublox_dgnss_node-1] [INFO] [1789577573.479868225] [ublox_dgnss]: parameter set CFG_USBINPROT_NMEA: true
[ublox_dgnss_node-1] [INFO] [1789577573.479926745] [ublox_dgnss]: parameter set CFG_USBINPROT_RTCM3X: true
[vehicle_cmd_mux-11] [INFO] [1789577573.481290808] [vehicle_cmd_mux]: 모드: STOP(헤딩 캘리브 전)
[local_pure_pursuit_node-9] [WARN] [1789577573.484022901] [local_pure_pursuit]: 정지: 경로 대기중
[ublox_dgnss_node-1] [INFO] [1789577573.499623057] [ublox_dgnss]: parameter set CFG_UART2INPROT_NMEA: false
[ublox_dgnss_node-1] [INFO] [1789577573.499680856] [ublox_dgnss]: parameter set CFG_UART2INPROT_RTCM3X: true
[ublox_dgnss_node-1] [INFO] [1789577573.499701185] [ublox_dgnss]: parameter set CFG_UART2INPROT_SPARTN: true
[ublox_dgnss_node-1] [INFO] [1789577573.499715111] [ublox_dgnss]: parameter set CFG_UART2INPROT_UBX: true
[ublox_dgnss_node-1] [INFO] [1789577573.499730720] [ublox_dgnss]: parameter set CFG_UART2OUTPROT_NMEA: false
[ublox_dgnss_node-1] [INFO] [1789577573.499744907] [ublox_dgnss]: parameter set CFG_UART2OUTPROT_RTCM3X: true
[ublox_dgnss_node-1] [INFO] [1789577573.499759425] [ublox_dgnss]: parameter set CFG_UART2OUTPROT_UBX: false
[ublox_dgnss_node-1] [INFO] [1789577573.499774153] [ublox_dgnss]: parameter set CFG_UART2_BAUDRATE: 0
[ublox_dgnss_node-1] [INFO] [1789577573.499789061] [ublox_dgnss]: parameter set CFG_USBINPROT_NMEA: true
[ublox_dgnss_node-1] [INFO] [1789577573.499817976] [ublox_dgnss]: parameter set CFG_USBINPROT_RTCM3X: true
[ublox_dgnss_node-1] [INFO] [1789577573.519629575] [ublox_dgnss]: parameter set CFG_USBINPROT_UBX: true
[ublox_dgnss_node-1] [INFO] [1789577573.519751226] [ublox_dgnss]: parameter set CFG_USBOUTPROT_RTCM3X: true
[ublox_dgnss_node-1] [INFO] [1789577573.519787955] [ublox_dgnss]: parameter set CFG_USBOUTPROT_UBX: true
[ublox_dgnss_node-1] [INFO] [1789577573.539616857] [ublox_dgnss]: parameter set CFG_USBINPROT_UBX: true
[ublox_dgnss_node-1] [INFO] [1789577573.539696107] [ublox_dgnss]: parameter set CFG_USBOUTPROT_RTCM3X: true
[ublox_dgnss_node-1] [INFO] [1789577573.539718780] [ublox_dgnss]: parameter set CFG_USBOUTPROT_UBX: true
[heading_init_node-5] [WARN] [1789577573.560258098] [gps_heading_init]: RTK 수렴 대기 중 — 공분산 없음 → status=0 로 판정 (RTK Fixed 는 2 이상). NTRIP 이 붙어도 수신기가 RTCM 을 안 먹으면 여기서 안 올라간다 — ublox 로그에 "degraded mode" 가 있는지 볼 것. 출발하지 않는다. ⚠ 여기서 출발하면 RTK 확정 순간의 좌표 점프를 직진으로 오인한다(2026-08-24 충돌 원인). 정말 무시하려면 require_rtk:=false.
[mission_sequencer-15] [INFO] [1789577573.571937961] [mission_sequencer]: ▶ 주행 시계 시작
[local_sliding_window_node-8] [INFO] [1789577574.408478890] [local_sliding_window_node]: 전역 경로 수신: 147점, 시작-끝 9.76m → 열린 경로
[mission_sequencer-15] [INFO] [1789577574.409153037] [mission_sequencer]: 전역 경로 수신: 147점 73.0m — 진행거리 기준 확보
[local_sliding_window_node-8] [WARN] [1789577574.439191078] [local_sliding_window_node]: 로컬 경로 생성 실패 — 발행 보류
[mission_sequencer-15] [WARN] [1789577574.442807465] [mission_sequencer]: ⤳ sudden_stop 구간을 지나쳤다 — 건너뜀
[cluster_plot_node-13] [INFO] [1789577575.257390195] [lidar_clustering]: ID=1, X=1.62 m, Y=-3.37 m, Width=1.57 m, Depth=2.53 m, Distance=3.74 m
[cluster_plot_node-13] [INFO] [1789577575.257603950] [lidar_clustering]: ID=2, X=0.50 m, Y=-4.20 m, Width=0.21 m, Depth=0.20 m, Distance=4.23 m
[cluster_plot_node-13] [INFO] [1789577575.257782758] [lidar_clustering]: FollowGap: mode=CLEAR, direction=STRAIGHT, front=8.00 m, best_angle=0.0 deg
[serial_bridge-12] [INFO] [1789577575.444361317] [serial_bridge_node]: 시리얼 포트 연결 성공: /dev/arduino @ 57600bps
[serial_bridge-12] [WARN] [1789577575.454127908] [serial_bridge_node]: ★ 능동 제동 켜짐: 역 PWM 50 을 최대 800ms. 측정속도 0.15m/s 밑이면 즉시 해제. 0.40m/s 이상에서 선 경우에만 건다.
[serial_bridge-12] [WARN] [1789577575.454392609] [serial_bridge_node]: ★ ROS 쪽 FF 사용: PWM = 38.8·v + 17.2 (펌웨어 FF 우회). 엔코더 복구 후에는 ff_mode:=firmware 로 되돌릴 것.
[serial_bridge-12] [INFO] [1789577575.458744198] [serial_bridge_node]: Serial read thread started
[heading_init_node-5] [WARN] [1789577575.600200306] [gps_heading_init]: RTK 수렴 대기 중 — 공분산 없음 → status=1 로 판정 (RTK Fixed 는 2 이상). NTRIP 이 붙어도 수신기가 RTCM 을 안 먹으면 여기서 안 올라간다 — ublox 로그에 "degraded mode" 가 있는지 볼 것. 출발하지 않는다. ⚠ 여기서 출발하면 RTK 확정 순간의 좌표 점프를 직진으로 오인한다(2026-08-24 충돌 원인). 정말 무시하려면 require_rtk:=false.
[serial_bridge-12] [WARN] [1789577575.634387342] [serial_bridge_node]: ⚠ 공급전압 강하: VMIN=4295mV — 배터리/전원 확인
[cluster_plot_node-13] [INFO] [1789577576.172630364] [lidar_clustering]: ID=1, X=1.65 m, Y=-3.36 m, Width=1.56 m, Depth=2.54 m, Distance=3.75 m
[cluster_plot_node-13] [INFO] [1789577576.172845151] [lidar_clustering]: ID=2, X=0.53 m, Y=-4.18 m, Width=0.21 m, Depth=0.26 m, Distance=4.22 m
[cluster_plot_node-13] [INFO] [1789577576.173022767] [lidar_clustering]: FollowGap: mode=CLEAR, direction=STRAIGHT, front=8.00 m, best_angle=0.0 deg
[cluster_plot_node-13] [INFO] [1789577576.173197548] [lidar_clustering]: points=207, clusters=1, tracks=2
[direct_localization_node-6] [INFO] [1789577576.471705359] [direct_localization]: pose: x=-12.34 y=0.14 yaw=100.4° v=0.04m/s [헤딩 미정렬(10m직진 필요)]
[local_sliding_window_node-8] [WARN] [1789577576.472533397] [local_sliding_window_node]: 로컬 경로 생성 실패 — 발행 보류
[cluster_plot_node-13] [INFO] [1789577577.088334636] [lidar_clustering]: ID=1, X=1.71 m, Y=-3.31 m, Width=1.00 m, Depth=2.27 m, Distance=3.73 m
[cluster_plot_node-13] [INFO] [1789577577.088559271] [lidar_clustering]: ID=2, X=0.49 m, Y=-4.21 m, Width=0.21 m, Depth=0.26 m, Distance=4.24 m
[cluster_plot_node-13] [INFO] [1789577577.088738771] [lidar_clustering]: ID=3, X=2.51 m, Y=-3.41 m, Width=0.05 m, Depth=0.04 m, Distance=4.24 m
[cluster_plot_node-13] [INFO] [1789577577.088916137] [lidar_clustering]: FollowGap: mode=CLEAR, direction=STRAIGHT, front=8.00 m, best_angle=0.0 deg
[heading_init_node-5] [WARN] [1789577577.600306933] [gps_heading_init]: RTK 수렴 대기 중 — 공분산 없음 → status=1 로 판정 (RTK Fixed 는 2 이상). NTRIP 이 붙어도 수신기가 RTCM 을 안 먹으면 여기서 안 올라간다 — ublox 로그에 "degraded mode" 가 있는지 볼 것. 출발하지 않는다. ⚠ 여기서 출발하면 RTK 확정 순간의 좌표 점프를 직진으로 오인한다(2026-08-24 충돌 원인). 정말 무시하려면 require_rtk:=false.
[ublox_dgnss_node-1] [ERROR] [1789577577.891319982] [ublox_dgnss]: Parameter fetch TIMEOUT after 5 seconds! 10 parameters stuck in PARAM_VALGET:
[ublox_dgnss_node-1] [ERROR] [1789577577.891399182] [ublox_dgnss]:   Missing response: CFG_SEC_JAMDET_SENSITIVITY_HI
[ublox_dgnss_node-1] [ERROR] [1789577577.891409251] [ublox_dgnss]:   Missing response: CFG_SEC_SPOOFDET_SIM_SIG_DIS
[ublox_dgnss_node-1] [ERROR] [1789577577.891416746] [ublox_dgnss]:   Missing response: CFG_SIGNAL_BDS_B1_ENA
[ublox_dgnss_node-1] [ERROR] [1789577577.891424100] [ublox_dgnss]:   Missing response: CFG_SIGNAL_BDS_B2_ENA
[ublox_dgnss_node-1] [ERROR] [1789577577.891431804] [ublox_dgnss]:   Missing response: CFG_SIGNAL_GAL_E1_ENA
[ublox_dgnss_node-1] [ERROR] [1789577577.891438888] [ublox_dgnss]:   Missing response: CFG_SIGNAL_GAL_E5B_ENA
[ublox_dgnss_node-1] [ERROR] [1789577577.891446171] [ublox_dgnss]:   Missing response: CFG_SIGNAL_GLO_L1_ENA
[ublox_dgnss_node-1] [ERROR] [1789577577.891453034] [ublox_dgnss]:   Missing response: CFG_SIGNAL_GLO_L2_ENA
[ublox_dgnss_node-1] [ERROR] [1789577577.891459837] [ublox_dgnss]:   Missing response: CFG_SIGNAL_GPS_L1CA_ENA
[ublox_dgnss_node-1] [ERROR] [1789577577.891473142] [ublox_dgnss]:   Missing response: CFG_SIGNAL_GPS_L2C_ENA
[ublox_dgnss_node-1] [WARN] [1789577577.891480677] [ublox_dgnss]: Proceeding with partial parameter initialization (degraded mode)
[cluster_plot_node-13] [INFO] [1789577578.002378247] [lidar_clustering]: ID=1, X=1.74 m, Y=-3.29 m, Width=0.98 m, Depth=2.28 m, Distance=3.72 m
[cluster_plot_node-13] [INFO] [1789577578.002596200] [lidar_clustering]: ID=2, X=0.48 m, Y=-4.23 m, Width=0.22 m, Depth=0.31 m, Distance=4.26 m
[cluster_plot_node-13] [INFO] [1789577578.002775529] [lidar_clustering]: ID=3, X=2.50 m, Y=-3.41 m, Width=0.06 m, Depth=0.05 m, Distance=4.23 m
[cluster_plot_node-13] [INFO] [1789577578.002954147] [lidar_clustering]: FollowGap: mode=CLEAR, direction=STRAIGHT, front=8.00 m, best_angle=0.0 deg
[cluster_plot_node-13] [INFO] [1789577578.003130000] [lidar_clustering]: points=202, clusters=3, tracks=3
[vrs_ntrip_client-3] [INFO] [1789577578.117975154] [ngii_vrs_ntrip_client]: [NTRIP 연결됨] RTCM 20프레임 발행, GGA 실측(36.97066,127.87471)
[local_pure_pursuit_node-9] [WARN] [1789577578.484104226] [local_pure_pursuit]: 정지: 경로 대기중
[local_sliding_window_node-8] [WARN] [1789577578.505873792] [local_sliding_window_node]: 로컬 경로 생성 실패 — 발행 보류
[cluster_plot_node-13] [INFO] [1789577578.912043081] [lidar_clustering]: ID=1, X=1.64 m, Y=-3.37 m, Width=1.58 m, Depth=2.51 m, Distance=3.74 m
[cluster_plot_node-13] [INFO] [1789577578.912261745] [lidar_clustering]: ID=2, X=0.51 m, Y=-4.19 m, Width=0.27 m, Depth=0.25 m, Distance=4.23 m
[cluster_plot_node-13] [INFO] [1789577578.912464970] [lidar_clustering]: ID=3, X=2.41 m, Y=-3.34 m, Width=0.06 m, Depth=0.04 m, Distance=4.12 m
[cluster_plot_node-13] [INFO] [1789577578.912657354] [lidar_clustering]: FollowGap: mode=CLEAR, direction=STRAIGHT, front=8.00 m, best_angle=0.0 deg
[serial_bridge-12] [WARN] [1789577579.095541874] [serial_bridge_node]: ⚠ 공급전압 강하: VMIN=4295mV — 배터리/전원 확인
[direct_localization_node-6] [INFO] [1789577579.471667580] [direct_localization]: pose: x=-12.34 y=0.14 yaw=100.5° v=-0.02m/s [헤딩 미정렬(10m직진 필요)]
[heading_init_node-5] [WARN] [1789577579.600420063] [gps_heading_init]: RTK 수렴 대기 중 — 공분산 없음 → status=1 로 판정 (RTK Fixed 는 2 이상). NTRIP 이 붙어도 수신기가 RTCM 을 안 먹으면 여기서 안 올라간다 — ublox 로그에 "degraded mode" 가 있는지 볼 것. 출발하지 않는다. ⚠ 여기서 출발하면 RTK 확정 순간의 좌표 점프를 직진으로 오인한다(2026-08-24 충돌 원인). 정말 무시하려면 require_rtk:=false.
[cluster_plot_node-13] [INFO] [1789577579.826755876] [lidar_clustering]: ID=1, X=1.64 m, Y=-3.36 m, Width=1.60 m, Depth=2.53 m, Distance=3.74 m
[cluster_plot_node-13] [INFO] [1789577579.826975653] [lidar_clustering]: ID=2, X=0.49 m, Y=-4.22 m, Width=0.16 m, Depth=0.23 m, Distance=4.25 m
[cluster_plot_node-13] [INFO] [1789577579.827155723] [lidar_clustering]: ID=3, X=2.49 m, Y=-3.39 m, Width=0.06 m, Depth=0.04 m, Distance=4.20 m
[cluster_plot_node-13] [INFO] [1789577579.827332699] [lidar_clustering]: FollowGap: mode=CLEAR, direction=STRAIGHT, front=8.00 m, best_angle=0.0 deg
[cluster_plot_node-13] [INFO] [1789577579.827513391] [lidar_clustering]: points=202, clusters=1, tracks=3
[local_sliding_window_node-8] [WARN] [1789577580.539039154] [local_sliding_window_node]: 로컬 경로 생성 실패 — 발행 보류
[cluster_plot_node-13] [INFO] [1789577580.741164369] [lidar_clustering]: ID=1, X=1.73 m, Y=-3.32 m, Width=1.14 m, Depth=2.23 m, Distance=3.74 m
[cluster_plot_node-13] [INFO] [1789577580.741382953] [lidar_clustering]: ID=2, X=0.51 m, Y=-4.20 m, Width=0.18 m, Depth=0.19 m, Distance=4.23 m
[cluster_plot_node-13] [INFO] [1789577580.741564657] [lidar_clustering]: ID=3, X=2.50 m, Y=-3.40 m, Width=0.06 m, Depth=0.04 m, Distance=4.22 m
[cluster_plot_node-13] [INFO] [1789577580.741738777] [lidar_clustering]: FollowGap: mode=CLEAR, direction=STRAIGHT, front=8.00 m, best_angle=0.0 deg
[cluster_plot_node-13] [INFO] [1789577581.656703076] [lidar_clustering]: ID=1, X=1.73 m, Y=-3.31 m, Width=1.11 m, Depth=2.30 m, Distance=3.73 m
[cluster_plot_node-13] [INFO] [1789577581.656921139] [lidar_clustering]: ID=2, X=0.51 m, Y=-4.21 m, Width=0.17 m, Depth=0.22 m, Distance=4.24 m
[cluster_plot_node-13] [INFO] [1789577581.657119284] [lidar_clustering]: ID=3, X=2.50 m, Y=-3.41 m, Width=0.03 m, Depth=0.05 m, Distance=4.23 m
[cluster_plot_node-13] [INFO] [1789577581.657311628] [lidar_clustering]: FollowGap: mode=CLEAR, direction=STRAIGHT, front=8.00 m, best_angle=0.0 deg
[cluster_plot_node-13] [INFO] [1789577581.657510905] [lidar_clustering]: points=199, clusters=2, tracks=3
[heading_init_node-5] [WARN] [1789577581.690430550] [gps_heading_init]: RTK 수렴 대기 중 — 공분산 없음 → status=1 로 판정 (RTK Fixed 는 2 이상). NTRIP 이 붙어도 수신기가 RTCM 을 안 먹으면 여기서 안 올라간다 — ublox 로그에 "degraded mode" 가 있는지 볼 것. 출발하지 않는다. ⚠ 여기서 출발하면 RTK 확정 순간의 좌표 점프를 직진으로 오인한다(2026-08-24 충돌 원인). 정말 무시하려면 require_rtk:=false.
[serial_bridge-12] [WARN] [1789577582.155395144] [serial_bridge_node]: ⚠ 공급전압 강하: VMIN=4295mV — 배터리/전원 확인
[direct_localization_node-6] [INFO] [1789577582.471664379] [direct_localization]: pose: x=-12.34 y=0.14 yaw=100.5° v=0.01m/s [헤딩 미정렬(10m직진 필요)]
[cluster_plot_node-13] [INFO] [1789577582.571626862] [lidar_clustering]: ID=1, X=1.71 m, Y=-3.32 m, Width=1.37 m, Depth=2.38 m, Distance=3.74 m
[cluster_plot_node-13] [INFO] [1789577582.571867708] [lidar_clustering]: ID=2, X=0.50 m, Y=-4.21 m, Width=0.16 m, Depth=0.22 m, Distance=4.24 m
[cluster_plot_node-13] [INFO] [1789577582.572046296] [lidar_clustering]: ID=3, X=2.47 m, Y=-3.40 m, Width=0.03 m, Depth=0.04 m, Distance=4.20 m
[cluster_plot_node-13] [INFO] [1789577582.572234212] [lidar_clustering]: FollowGap: mode=CLEAR, direction=STRAIGHT, front=8.00 m, best_angle=0.0 deg
[local_sliding_window_node-8] [WARN] [1789577582.572420174] [local_sliding_window_node]: 로컬 경로 생성 실패 — 발행 보류
[vrs_ntrip_client-3] [INFO] [1789577583.118035145] [ngii_vrs_ntrip_client]: [NTRIP 연결됨] RTCM 48프레임 발행, GGA 실측(36.97066,127.87471)
[cluster_plot_node-13] [INFO] [1789577583.487376566] [lidar_clustering]: ID=1, X=1.73 m, Y=-3.30 m, Width=1.02 m, Depth=2.28 m, Distance=3.72 m
[cluster_plot_node-13] [INFO] [1789577583.487593096] [lidar_clustering]: ID=2, X=0.54 m, Y=-4.16 m, Width=0.12 m, Depth=0.24 m, Distance=4.20 m
[cluster_plot_node-13] [INFO] [1789577583.487773427] [lidar_clustering]: ID=3, X=2.49 m, Y=-3.39 m, Width=0.08 m, Depth=0.04 m, Distance=4.21 m
[cluster_plot_node-13] [INFO] [1789577583.487949390] [lidar_clustering]: FollowGap: mode=CLEAR, direction=STRAIGHT, front=8.00 m, best_angle=0.0 deg
[cluster_plot_node-13] [INFO] [1789577583.488133849] [lidar_clustering]: points=200, clusters=3, tracks=3
[local_pure_pursuit_node-9] [WARN] [1789577583.533997410] [local_pure_pursuit]: 정지: 경로 대기중
[heading_init_node-5] [WARN] [1789577583.700424806] [gps_heading_init]: RTK 수렴 대기 중 — 공분산 없음 → status=1 로 판정 (RTK Fixed 는 2 이상). NTRIP 이 붙어도 수신기가 RTCM 을 안 먹으면 여기서 안 올라간다 — ublox 로그에 "degraded mode" 가 있는지 볼 것. 출발하지 않는다. ⚠ 여기서 출발하면 RTK 확정 순간의 좌표 점프를 직진으로 오인한다(2026-08-24 충돌 원인). 정말 무시하려면 require_rtk:=false.
[cluster_plot_node-13] [INFO] [1789577584.395217240] [lidar_clustering]: ID=1, X=1.74 m, Y=-3.29 m, Width=1.14 m, Depth=2.35 m, Distance=3.73 m
[cluster_plot_node-13] [INFO] [1789577584.395444400] [lidar_clustering]: ID=2, X=0.49 m, Y=-4.21 m, Width=0.23 m, Depth=0.24 m, Distance=4.23 m
[cluster_plot_node-13] [INFO] [1789577584.395628468] [lidar_clustering]: ID=3, X=2.50 m, Y=-3.39 m, Width=0.07 m, Depth=0.04 m, Distance=4.21 m
[cluster_plot_node-13] [INFO] [1789577584.395803920] [lidar_clustering]: FollowGap: mode=CLEAR, direction=STRAIGHT, front=8.00 m, best_angle=0.0 deg
[local_sliding_window_node-8] [WARN] [1789577584.606180932] [local_sliding_window_node]: 로컬 경로 생성 실패 — 발행 보류
[serial_bridge-12] [WARN] [1789577585.165744272] [serial_bridge_node]: ⚠ 공급전압 강하: VMIN=4295mV — 배터리/전원 확인
[cluster_plot_node-13] [INFO] [1789577585.316938637] [lidar_clustering]: ID=1, X=1.76 m, Y=-3.30 m, Width=1.01 m, Depth=2.33 m, Distance=3.74 m
[cluster_plot_node-13] [INFO] [1789577585.317176317] [lidar_clustering]: ID=2, X=0.51 m, Y=-4.19 m, Width=0.06 m, Depth=0.19 m, Distance=4.22 m
[cluster_plot_node-13] [INFO] [1789577585.317364693] [lidar_clustering]: ID=3, X=2.51 m, Y=-3.41 m, Width=0.07 m, Depth=0.04 m, Distance=4.24 m
[cluster_plot_node-13] [INFO] [1789577585.317558150] [lidar_clustering]: FollowGap: mode=CLEAR, direction=STRAIGHT, front=8.00 m, best_angle=0.0 deg
[cluster_plot_node-13] [INFO] [1789577585.317748981] [lidar_clustering]: points=197, clusters=2, tracks=3
[direct_localization_node-6] [INFO] [1789577585.471808730] [direct_localization]: pose: x=-12.34 y=0.14 yaw=100.5° v=0.03m/s [헤딩 미정렬(10m직진 필요)]
[heading_init_node-5] [WARN] [1789577585.800426015] [gps_heading_init]: RTK 수렴 대기 중 — 공분산 없음 → status=1 로 판정 (RTK Fixed 는 2 이상). NTRIP 이 붙어도 수신기가 RTCM 을 안 먹으면 여기서 안 올라간다 — ublox 로그에 "degraded mode" 가 있는지 볼 것. 출발하지 않는다. ⚠ 여기서 출발하면 RTK 확정 순간의 좌표 점프를 직진으로 오인한다(2026-08-24 충돌 원인). 정말 무시하려면 require_rtk:=false.
[cluster_plot_node-13] [INFO] [1789577586.231807504] [lidar_clustering]: ID=1, X=1.70 m, Y=-3.31 m, Width=1.12 m, Depth=2.33 m, Distance=3.72 m
[cluster_plot_node-13] [INFO] [1789577586.232019656] [lidar_clustering]: ID=2, X=0.50 m, Y=-4.21 m, Width=0.24 m, Depth=0.21 m, Distance=4.24 m
[cluster_plot_node-13] [INFO] [1789577586.232200228] [lidar_clustering]: ID=3, X=2.38 m, Y=-3.34 m, Width=0.06 m, Depth=0.05 m, Distance=4.10 m
[cluster_plot_node-13] [INFO] [1789577586.232379988] [lidar_clustering]: FollowGap: mode=CLEAR, direction=STRAIGHT, front=8.00 m, best_angle=0.0 deg
[local_sliding_window_node-8] [WARN] [1789577586.639158397] [local_sliding_window_node]: 로컬 경로 생성 실패 — 발행 보류
[cluster_plot_node-13] [INFO] [1789577587.146781645] [lidar_clustering]: ID=1, X=1.78 m, Y=-3.29 m, Width=1.11 m, Depth=2.26 m, Distance=3.74 m
[cluster_plot_node-13] [INFO] [1789577587.147079359] [lidar_clustering]: ID=2, X=0.51 m, Y=-4.21 m, Width=0.19 m, Depth=0.20 m, Distance=4.24 m
[cluster_plot_node-13] [INFO] [1789577587.147308232] [lidar_clustering]: ID=3, X=2.21 m, Y=-3.23 m, Width=0.80 m, Depth=1.66 m, Distance=3.92 m
[cluster_plot_node-13] [INFO] [1789577587.147900293] [lidar_clustering]: FollowGap: mode=CLEAR, direction=STRAIGHT, front=8.00 m, best_angle=0.0 deg
[cluster_plot_node-13] [INFO] [1789577587.148141149] [lidar_clustering]: points=178, clusters=1, tracks=3
[heading_init_node-5] [WARN] [1789577587.800441729] [gps_heading_init]: RTK 수렴 대기 중 — 공분산 없음 → status=1 로 판정 (RTK Fixed 는 2 이상). NTRIP 이 붙어도 수신기가 RTCM 을 안 먹으면 여기서 안 올라간다 — ublox 로그에 "degraded mode" 가 있는지 볼 것. 출발하지 않는다. ⚠ 여기서 출발하면 RTK 확정 순간의 좌표 점프를 직진으로 오인한다(2026-08-24 충돌 원인). 정말 무시하려면 require_rtk:=false.
[cluster_plot_node-13] [INFO] [1789577588.055437658] [lidar_clustering]: ID=1, X=1.74 m, Y=-3.30 m, Width=1.11 m, Depth=2.27 m, Distance=3.74 m
[cluster_plot_node-13] [INFO] [1789577588.055655150] [lidar_clustering]: ID=2, X=0.51 m, Y=-4.20 m, Width=0.22 m, Depth=0.21 m, Distance=4.23 m
[cluster_plot_node-13] [INFO] [1789577588.055836574] [lidar_clustering]: ID=3, X=2.50 m, Y=-3.41 m, Width=0.05 m, Depth=0.04 m, Distance=4.23 m
[cluster_plot_node-13] [INFO] [1789577588.056017456] [lidar_clustering]: FollowGap: mode=CLEAR, direction=STRAIGHT, front=8.00 m, best_angle=0.0 deg
[vrs_ntrip_client-3] [INFO] [1789577588.117920431] [ngii_vrs_ntrip_client]: [NTRIP 연결됨] RTCM 68프레임 발행, GGA 실측(36.97066,127.87471)
[direct_localization_node-6] [INFO] [1789577588.471840292] [direct_localization]: pose: x=-12.34 y=0.13 yaw=100.5° v=0.03m/s [헤딩 미정렬(10m직진 필요)]
[local_pure_pursuit_node-9] [WARN] [1789577588.584025230] [local_pure_pursuit]: 정지: 경로 대기중
[local_sliding_window_node-8] [WARN] [1789577588.672357811] [local_sliding_window_node]: 로컬 경로 생성 실패 — 발행 보류
[serial_bridge-12] [WARN] [1789577588.774494917] [serial_bridge_node]: ⚠ 공급전압 강하: VMIN=4295mV — 배터리/전원 확인
[cluster_plot_node-13] [INFO] [1789577588.970475678] [lidar_clustering]: ID=1, X=1.95 m, Y=-3.21 m, Width=0.92 m, Depth=1.88 m, Distance=3.75 m
[cluster_plot_node-13] [INFO] [1789577588.970691546] [lidar_clustering]: ID=2, X=0.49 m, Y=-4.23 m, Width=0.20 m, Depth=0.25 m, Distance=4.25 m
[cluster_plot_node-13] [INFO] [1789577588.970871267] [lidar_clustering]: ID=3, X=2.51 m, Y=-3.40 m, Width=0.07 m, Depth=0.02 m, Distance=4.23 m
[cluster_plot_node-13] [INFO] [1789577588.971046178] [lidar_clustering]: FollowGap: mode=CLEAR, direction=STRAIGHT, front=8.00 m, best_angle=0.0 deg
[cluster_plot_node-13] [INFO] [1789577588.971218674] [lidar_clustering]: points=148, clusters=2, tracks=3
[heading_init_node-5] [WARN] [1789577589.800511826] [gps_heading_init]: RTK 수렴 대기 중 — 공분산 없음 → status=1 로 판정 (RTK Fixed 는 2 이상). NTRIP 이 붙어도 수신기가 RTCM 을 안 먹으면 여기서 안 올라간다 — ublox 로그에 "degraded mode" 가 있는지 볼 것. 출발하지 않는다. ⚠ 여기서 출발하면 RTK 확정 순간의 좌표 점프를 직진으로 오인한다(2026-08-24 충돌 원인). 정말 무시하려면 require_rtk:=false.
[cluster_plot_node-13] [INFO] [1789577589.886433362] [lidar_clustering]: ID=1, X=1.74 m, Y=-3.30 m, Width=0.99 m, Depth=2.31 m, Distance=3.73 m
[cluster_plot_node-13] [INFO] [1789577589.886696350] [lidar_clustering]: ID=2, X=0.50 m, Y=-4.20 m, Width=0.25 m, Depth=0.25 m, Distance=4.23 m
[cluster_plot_node-13] [INFO] [1789577589.886885317] [lidar_clustering]: ID=3, X=2.51 m, Y=-3.41 m, Width=0.07 m, Depth=0.02 m, Distance=4.23 m
[cluster_plot_node-13] [INFO] [1789577589.887064577] [lidar_clustering]: FollowGap: mode=CLEAR, direction=STRAIGHT, front=8.00 m, best_angle=0.0 deg
[local_sliding_window_node-8] [WARN] [1789577590.672504761] [local_sliding_window_node]: 로컬 경로 생성 실패 — 발행 보류
[cluster_plot_node-13] [INFO] [1789577590.794556758] [lidar_clustering]: ID=1, X=2.43 m, Y=-3.41 m, Width=0.07 m, Depth=0.04 m, Distance=4.19 m
[cluster_plot_node-13] [INFO] [1789577590.794783417] [lidar_clustering]: ID=2, X=0.49 m, Y=-4.22 m, Width=0.14 m, Depth=0.25 m, Distance=4.25 m
[cluster_plot_node-13] [INFO] [1789577590.795009074] [lidar_clustering]: ID=3, X=1.73 m, Y=-3.30 m, Width=1.02 m, Depth=2.34 m, Distance=3.72 m
[cluster_plot_node-13] [INFO] [1789577590.795204955] [lidar_clustering]: FollowGap: mode=CLEAR, direction=STRAIGHT, front=8.00 m, best_angle=0.0 deg
[cluster_plot_node-13] [INFO] [1789577590.795486598] [lidar_clustering]: points=204, clusters=3, tracks=3
[direct_localization_node-6] [INFO] [1789577591.471701264] [direct_localization]: pose: x=-12.35 y=0.13 yaw=100.5° v=0.00m/s [헤딩 미정렬(10m직진 필요)]
[cluster_plot_node-13] [INFO] [1789577591.710284465] [lidar_clustering]: ID=1, X=2.50 m, Y=-3.40 m, Width=0.06 m, Depth=0.03 m, Distance=4.22 m
[cluster_plot_node-13] [INFO] [1789577591.710520161] [lidar_clustering]: ID=2, X=0.51 m, Y=-4.21 m, Width=0.16 m, Depth=0.20 m, Distance=4.24 m
[cluster_plot_node-13] [INFO] [1789577591.710706063] [lidar_clustering]: ID=3, X=1.70 m, Y=-3.32 m, Width=1.02 m, Depth=2.37 m, Distance=3.73 m
[cluster_plot_node-13] [INFO] [1789577591.710882847] [lidar_clustering]: FollowGap: mode=CLEAR, direction=STRAIGHT, front=8.00 m, best_angle=0.0 deg
[heading_init_node-5] [WARN] [1789577591.890488994] [gps_heading_init]: RTK 수렴 대기 중 — 공분산 없음 → status=1 로 판정 (RTK Fixed 는 2 이상). NTRIP 이 붙어도 수신기가 RTCM 을 안 먹으면 여기서 안 올라간다 — ublox 로그에 "degraded mode" 가 있는지 볼 것. 출발하지 않는다. ⚠ 여기서 출발하면 RTK 확정 순간의 좌표 점프를 직진으로 오인한다(2026-08-24 충돌 원인). 정말 무시하려면 require_rtk:=false.
[cluster_plot_node-13] [INFO] [1789577592.624875363] [lidar_clustering]: ID=1, X=2.50 m, Y=-3.40 m, Width=0.05 m, Depth=0.04 m, Distance=4.22 m
[cluster_plot_node-13] [INFO] [1789577592.625093886] [lidar_clustering]: ID=2, X=0.49 m, Y=-4.21 m, Width=0.15 m, Depth=0.25 m, Distance=4.24 m
[cluster_plot_node-13] [INFO] [1789577592.625267034] [lidar_clustering]: ID=3, X=1.65 m, Y=-3.36 m, Width=1.58 m, Depth=2.47 m, Distance=3.75 m
[cluster_plot_node-13] [INFO] [1789577592.625442546] [lidar_clustering]: FollowGap: mode=CLEAR, direction=STRAIGHT, front=8.00 m, best_angle=0.0 deg
[cluster_plot_node-13] [INFO] [1789577592.625612318] [lidar_clustering]: points=203, clusters=2, tracks=3
[local_sliding_window_node-8] [WARN] [1789577592.705668027] [local_sliding_window_node]: 로컬 경로 생성 실패 — 발행 보류
[serial_bridge-12] [WARN] [1789577593.087522422] [serial_bridge_node]: ⚠ 공급전압 강하: VMIN=4295mV — 배터리/전원 확인
[vrs_ntrip_client-3] [INFO] [1789577593.118137401] [ngii_vrs_ntrip_client]: [NTRIP 연결됨] RTCM 96프레임 발행, GGA 실측(36.97066,127.87471)
[cluster_plot_node-13] [INFO] [1789577593.533873627] [lidar_clustering]: ID=1, X=2.50 m, Y=-3.40 m, Width=0.05 m, Depth=0.04 m, Distance=4.22 m
[cluster_plot_node-13] [INFO] [1789577593.534176511] [lidar_clustering]: ID=2, X=0.50 m, Y=-4.21 m, Width=0.21 m, Depth=0.18 m, Distance=4.24 m
[cluster_plot_node-13] [INFO] [1789577593.534461079] [lidar_clustering]: ID=3, X=1.72 m, Y=-3.31 m, Width=1.14 m, Depth=2.36 m, Distance=3.73 m
[cluster_plot_node-13] [INFO] [1789577593.534685314] [lidar_clustering]: FollowGap: mode=CLEAR, direction=STRAIGHT, front=8.00 m, best_angle=0.0 deg
[local_pure_pursuit_node-9] [WARN] [1789577593.634131572] [local_pure_pursuit]: 정지: 경로 대기중
[heading_init_node-5] [WARN] [1789577593.890712912] [gps_heading_init]: RTK 수렴 대기 중 — 공분산 없음 → status=1 로 판정 (RTK Fixed 는 2 이상). NTRIP 이 붙어도 수신기가 RTCM 을 안 먹으면 여기서 안 올라간다 — ublox 로그에 "degraded mode" 가 있는지 볼 것. 출발하지 않는다. ⚠ 여기서 출발하면 RTK 확정 순간의 좌표 점프를 직진으로 오인한다(2026-08-24 충돌 원인). 정말 무시하려면 require_rtk:=false.
[cluster_plot_node-13] [INFO] [1789577594.448904607] [lidar_clustering]: ID=1, X=2.49 m, Y=-3.39 m, Width=0.05 m, Depth=0.04 m, Distance=4.21 m
[cluster_plot_node-13] [INFO] [1789577594.449123491] [lidar_clustering]: ID=2, X=0.50 m, Y=-4.21 m, Width=0.19 m, Depth=0.20 m, Distance=4.24 m
[cluster_plot_node-13] [INFO] [1789577594.449297400] [lidar_clustering]: ID=3, X=1.65 m, Y=-3.36 m, Width=1.44 m, Depth=2.48 m, Distance=3.74 m
[cluster_plot_node-13] [INFO] [1789577594.449480747] [lidar_clustering]: FollowGap: mode=CLEAR, direction=STRAIGHT, front=8.00 m, best_angle=0.0 deg
[cluster_plot_node-13] [INFO] [1789577594.449653384] [lidar_clustering]: points=202, clusters=2, tracks=3
[direct_localization_node-6] [INFO] [1789577594.471791846] [direct_localization]: pose: x=-12.34 y=0.13 yaw=100.6° v=-0.03m/s [헤딩 미정렬(10m직진 필요)]
[local_sliding_window_node-8] [WARN] [1789577594.705736570] [local_sliding_window_node]: 로컬 경로 생성 실패 — 발행 보류
[cluster_plot_node-13] [INFO] [1789577595.357970387] [lidar_clustering]: ID=1, X=2.49 m, Y=-3.39 m, Width=0.05 m, Depth=0.04 m, Distance=4.20 m
[cluster_plot_node-13] [INFO] [1789577595.358249836] [lidar_clustering]: ID=2, X=0.49 m, Y=-4.20 m, Width=0.24 m, Depth=0.24 m, Distance=4.23 m
[cluster_plot_node-13] [INFO] [1789577595.358495692] [lidar_clustering]: ID=3, X=1.86 m, Y=-3.24 m, Width=0.90 m, Depth=1.81 m, Distance=3.74 m
[cluster_plot_node-13] [INFO] [1789577595.358872775] [lidar_clustering]: FollowGap: mode=CLEAR, direction=STRAIGHT, front=8.00 m, best_angle=0.0 deg
[heading_init_node-5] [WARN] [1789577595.890619381] [gps_heading_init]: RTK 수렴 대기 중 — 공분산 없음 → status=1 로 판정 (RTK Fixed 는 2 이상). NTRIP 이 붙어도 수신기가 RTCM 을 안 먹으면 여기서 안 올라간다 — ublox 로그에 "degraded mode" 가 있는지 볼 것. 출발하지 않는다. ⚠ 여기서 출발하면 RTK 확정 순간의 좌표 점프를 직진으로 오인한다(2026-08-24 충돌 원인). 정말 무시하려면 require_rtk:=false.
[cluster_plot_node-13] [INFO] [1789577596.266680939] [lidar_clustering]: ID=1, X=2.49 m, Y=-3.40 m, Width=0.05 m, Depth=0.05 m, Distance=4.21 m
[cluster_plot_node-13] [INFO] [1789577596.266891227] [lidar_clustering]: ID=2, X=0.49 m, Y=-4.22 m, Width=0.18 m, Depth=0.25 m, Distance=4.24 m
[cluster_plot_node-13] [INFO] [1789577596.267065196] [lidar_clustering]: ID=3, X=1.66 m, Y=-3.36 m, Width=1.58 m, Depth=2.50 m, Distance=3.75 m
[cluster_plot_node-13] [INFO] [1789577596.267237563] [lidar_clustering]: FollowGap: mode=CLEAR, direction=STRAIGHT, front=8.00 m, best_angle=0.0 deg
[cluster_plot_node-13] [INFO] [1789577596.267411392] [lidar_clustering]: points=205, clusters=1, tracks=3
[local_sliding_window_node-8] [WARN] [1789577596.738969588] [local_sliding_window_node]: 로컬 경로 생성 실패 — 발행 보류
[serial_bridge-12] [WARN] [1789577596.798512692] [serial_bridge_node]: ⚠ 공급전압 강하: VMIN=4295mV — 배터리/전원 확인
[cluster_plot_node-13] [INFO] [1789577597.182251823] [lidar_clustering]: ID=1, X=2.50 m, Y=-3.39 m, Width=0.04 m, Depth=0.04 m, Distance=4.21 m
[cluster_plot_node-13] [INFO] [1789577597.182547412] [lidar_clustering]: ID=2, X=0.50 m, Y=-4.22 m, Width=0.16 m, Depth=0.21 m, Distance=4.25 m
[cluster_plot_node-13] [INFO] [1789577597.182809799] [lidar_clustering]: ID=3, X=1.63 m, Y=-3.37 m, Width=1.59 m, Depth=2.52 m, Distance=3.75 m
[cluster_plot_node-13] [INFO] [1789577597.183090951] [lidar_clustering]: FollowGap: mode=CLEAR, direction=STRAIGHT, front=8.00 m, best_angle=0.0 deg
[direct_localization_node-6] [INFO] [1789577597.471712370] [direct_localization]: pose: x=-12.34 y=0.13 yaw=100.6° v=-0.02m/s [헤딩 미정렬(10m직진 필요)]
[heading_init_node-5] [WARN] [1789577597.890649344] [gps_heading_init]: RTK 수렴 대기 중 — 공분산 없음 → status=1 로 판정 (RTK Fixed 는 2 이상). NTRIP 이 붙어도 수신기가 RTCM 을 안 먹으면 여기서 안 올라간다 — ublox 로그에 "degraded mode" 가 있는지 볼 것. 출발하지 않는다. ⚠ 여기서 출발하면 RTK 확정 순간의 좌표 점프를 직진으로 오인한다(2026-08-24 충돌 원인). 정말 무시하려면 require_rtk:=false.
[cluster_plot_node-13] [INFO] [1789577598.090122883] [lidar_clustering]: ID=1, X=2.50 m, Y=-3.39 m, Width=0.06 m, Depth=0.04 m, Distance=4.21 m
[cluster_plot_node-13] [INFO] [1789577598.090348020] [lidar_clustering]: ID=2, X=0.52 m, Y=-4.19 m, Width=0.25 m, Depth=0.30 m, Distance=4.22 m
[cluster_plot_node-13] [INFO] [1789577598.090528682] [lidar_clustering]: ID=3, X=1.75 m, Y=-3.30 m, Width=0.98 m, Depth=2.32 m, Distance=3.74 m
[cluster_plot_node-13] [INFO] [1789577598.090708432] [lidar_clustering]: FollowGap: mode=CLEAR, direction=STRAIGHT, front=8.00 m, best_angle=0.0 deg
[cluster_plot_node-13] [INFO] [1789577598.090894274] [lidar_clustering]: points=205, clusters=2, tracks=3
[vrs_ntrip_client-3] [INFO] [1789577598.118120707] [ngii_vrs_ntrip_client]: [NTRIP 연결됨] RTCM 116프레임 발행, GGA 실측(36.97066,127.87471)
[local_pure_pursuit_node-9] [WARN] [1789577598.634136741] [local_pure_pursuit]: 정지: 경로 대기중
[local_sliding_window_node-8] [WARN] [1789577598.739049784] [local_sliding_window_node]: 로컬 경로 생성 실패 — 발행 보류
[cluster_plot_node-13] [INFO] [1789577599.005661444] [lidar_clustering]: ID=1, X=2.49 m, Y=-3.39 m, Width=0.04 m, Depth=0.04 m, Distance=4.21 m
[cluster_plot_node-13] [INFO] [1789577599.005996378] [lidar_clustering]: ID=2, X=0.51 m, Y=-4.21 m, Width=0.20 m, Depth=0.18 m, Distance=4.24 m
[cluster_plot_node-13] [INFO] [1789577599.006245500] [lidar_clustering]: ID=3, X=1.77 m, Y=-3.29 m, Width=1.12 m, Depth=2.25 m, Distance=3.74 m
[cluster_plot_node-13] [INFO] [1789577599.006435980] [lidar_clustering]: FollowGap: mode=CLEAR, direction=STRAIGHT, front=8.00 m, best_angle=0.0 deg
[heading_init_node-5] [WARN] [1789577599.901071983] [gps_heading_init]: RTK 수렴 대기 중 — 공분산 없음 → status=1 로 판정 (RTK Fixed 는 2 이상). NTRIP 이 붙어도 수신기가 RTCM 을 안 먹으면 여기서 안 올라간다 — ublox 로그에 "degraded mode" 가 있는지 볼 것. 출발하지 않는다. ⚠ 여기서 출발하면 RTK 확정 순간의 좌표 점프를 직진으로 오인한다(2026-08-24 충돌 원인). 정말 무시하려면 require_rtk:=false.
[cluster_plot_node-13] [INFO] [1789577599.914235964] [lidar_clustering]: ID=1, X=2.50 m, Y=-3.41 m, Width=0.03 m, Depth=0.05 m, Distance=4.23 m
[cluster_plot_node-13] [INFO] [1789577599.914954524] [lidar_clustering]: ID=2, X=0.52 m, Y=-4.18 m, Width=0.26 m, Depth=0.25 m, Distance=4.21 m
[cluster_plot_node-13] [INFO] [1789577599.915146057] [lidar_clustering]: ID=3, X=1.71 m, Y=-3.31 m, Width=0.99 m, Depth=2.35 m, Distance=3.73 m
[cluster_plot_node-13] [INFO] [1789577599.915328613] [lidar_clustering]: FollowGap: mode=CLEAR, direction=STRAIGHT, front=8.00 m, best_angle=0.0 deg
[cluster_plot_node-13] [INFO] [1789577599.915513773] [lidar_clustering]: points=204, clusters=3, tracks=3
[serial_bridge-12] [WARN] [1789577600.210530133] [serial_bridge_node]: ⚠ 공급전압 강하: VMIN=4295mV — 배터리/전원 확인
[direct_localization_node-6] [INFO] [1789577600.471663738] [direct_localization]: pose: x=-12.34 y=0.13 yaw=100.6° v=0.01m/s [헤딩 미정렬(10m직진 필요)]
[local_sliding_window_node-8] [WARN] [1789577600.772287082] [local_sliding_window_node]: 로컬 경로 생성 실패 — 발행 보류
[cluster_plot_node-13] [INFO] [1789577600.830271072] [lidar_clustering]: ID=1, X=2.12 m, Y=-3.18 m, Width=0.78 m, Depth=1.71 m, Distance=3.82 m
[cluster_plot_node-13] [INFO] [1789577600.830689635] [lidar_clustering]: ID=2, X=0.49 m, Y=-4.22 m, Width=0.20 m, Depth=0.23 m, Distance=4.25 m
[cluster_plot_node-13] [INFO] [1789577600.830984172] [lidar_clustering]: ID=3, X=1.74 m, Y=-3.31 m, Width=1.09 m, Depth=2.40 m, Distance=3.74 m
[cluster_plot_node-13] [INFO] [1789577600.831213186] [lidar_clustering]: FollowGap: mode=CLEAR, direction=STRAIGHT, front=8.00 m, best_angle=0.0 deg
[cluster_plot_node-13] [INFO] [1789577601.737798959] [lidar_clustering]: ID=1, X=2.41 m, Y=-3.14 m, Width=0.68 m, Depth=1.00 m, Distance=3.96 m
[cluster_plot_node-13] [INFO] [1789577601.738008847] [lidar_clustering]: ID=2, X=0.49 m, Y=-4.22 m, Width=0.18 m, Depth=0.23 m, Distance=4.25 m
[cluster_plot_node-13] [INFO] [1789577601.738418943] [lidar_clustering]: ID=3, X=1.66 m, Y=-3.36 m, Width=1.60 m, Depth=2.55 m, Distance=3.75 m
[cluster_plot_node-13] [INFO] [1789577601.738744309] [lidar_clustering]: FollowGap: mode=CLEAR, direction=STRAIGHT, front=8.00 m, best_angle=0.0 deg
[cluster_plot_node-13] [INFO] [1789577601.739007707] [lidar_clustering]: points=203, clusters=1, tracks=3
[heading_init_node-5] [WARN] [1789577601.900808283] [gps_heading_init]: RTK 수렴 대기 중 — 공분산 없음 → status=1 로 판정 (RTK Fixed 는 2 이상). NTRIP 이 붙어도 수신기가 RTCM 을 안 먹으면 여기서 안 올라간다 — ublox 로그에 "degraded mode" 가 있는지 볼 것. 출발하지 않는다. ⚠ 여기서 출발하면 RTK 확정 순간의 좌표 점프를 직진으로 오인한다(2026-08-24 충돌 원인). 정말 무시하려면 require_rtk:=false.
[cluster_plot_node-13] [INFO] [1789577602.653634497] [lidar_clustering]: ID=1, X=2.48 m, Y=-3.38 m, Width=0.03 m, Depth=0.05 m, Distance=4.20 m
[cluster_plot_node-13] [INFO] [1789577602.653924446] [lidar_clustering]: ID=2, X=0.51 m, Y=-4.20 m, Width=0.16 m, Depth=0.20 m, Distance=4.23 m
[cluster_plot_node-13] [INFO] [1789577602.654107804] [lidar_clustering]: ID=3, X=1.65 m, Y=-3.36 m, Width=1.54 m, Depth=2.54 m, Distance=3.74 m
[cluster_plot_node-13] [INFO] [1789577602.654286662] [lidar_clustering]: FollowGap: mode=CLEAR, direction=STRAIGHT, front=8.00 m, best_angle=0.0 deg
[local_sliding_window_node-8] [WARN] [1789577602.805827855] [local_sliding_window_node]: 로컬 경로 생성 실패 — 발행 보류
[vrs_ntrip_client-3] [INFO] [1789577603.117961744] [ngii_vrs_ntrip_client]: [NTRIP 연결됨] RTCM 144프레임 발행, GGA 실측(36.97066,127.87471)
[direct_localization_node-6] [INFO] [1789577603.471623858] [direct_localization]: pose: x=-12.34 y=0.13 yaw=100.6° v=-0.01m/s [헤딩 미정렬(10m직진 필요)]
[cluster_plot_node-13] [INFO] [1789577603.654118698] [lidar_clustering]: ID=2, X=0.49 m, Y=-4.22 m, Width=0.22 m, Depth=0.23 m, Distance=4.25 m
[cluster_plot_node-13] [INFO] [1789577603.654333815] [lidar_clustering]: ID=3, X=1.70 m, Y=-3.35 m, Width=1.58 m, Depth=2.58 m, Distance=3.75 m
[cluster_plot_node-13] [INFO] [1789577603.654518865] [lidar_clustering]: FollowGap: mode=CLEAR, direction=STRAIGHT, front=8.00 m, best_angle=0.0 deg
[cluster_plot_node-13] [INFO] [1789577603.654693816] [lidar_clustering]: points=205, clusters=1, tracks=2
[serial_bridge-12] [WARN] [1789577603.672050604] [serial_bridge_node]: ⚠ 공급전압 강하: VMIN=4295mV — 배터리/전원 확인
[local_pure_pursuit_node-9] [WARN] [1789577603.684029952] [local_pure_pursuit]: 정지: 경로 대기중
[heading_init_node-5] [WARN] [1789577604.000848699] [gps_heading_init]: RTK 수렴 대기 중 — 공분산 없음 → status=1 로 판정 (RTK Fixed 는 2 이상). NTRIP 이 붙어도 수신기가 RTCM 을 안 먹으면 여기서 안 올라간다 — ublox 로그에 "degraded mode" 가 있는지 볼 것. 출발하지 않는다. ⚠ 여기서 출발하면 RTK 확정 순간의 좌표 점프를 직진으로 오인한다(2026-08-24 충돌 원인). 정말 무시하려면 require_rtk:=false.
[cluster_plot_node-13] [INFO] [1789577604.563189547] [lidar_clustering]: ID=1, X=2.51 m, Y=-3.41 m, Width=0.05 m, Depth=0.04 m, Distance=4.24 m
[cluster_plot_node-13] [INFO] [1789577604.563414834] [lidar_clustering]: ID=2, X=0.51 m, Y=-4.20 m, Width=0.23 m, Depth=0.21 m, Distance=4.23 m
[cluster_plot_node-13] [INFO] [1789577604.563590877] [lidar_clustering]: ID=3, X=1.72 m, Y=-3.32 m, Width=1.13 m, Depth=2.40 m, Distance=3.74 m
[cluster_plot_node-13] [INFO] [1789577604.563763724] [lidar_clustering]: FollowGap: mode=CLEAR, direction=STRAIGHT, front=8.00 m, best_angle=0.0 deg
[local_sliding_window_node-8] [WARN] [1789577604.839090231] [local_sliding_window_node]: 로컬 경로 생성 실패 — 발행 보류
[cluster_plot_node-13] [INFO] [1789577605.472249581] [lidar_clustering]: ID=1, X=2.50 m, Y=-3.40 m, Width=0.03 m, Depth=0.05 m, Distance=4.22 m
[cluster_plot_node-13] [INFO] [1789577605.472485027] [lidar_clustering]: ID=2, X=0.49 m, Y=-4.21 m, Width=0.13 m, Depth=0.22 m, Distance=4.24 m
[cluster_plot_node-13] [INFO] [1789577605.472663725] [lidar_clustering]: ID=3, X=1.70 m, Y=-3.33 m, Width=0.99 m, Depth=2.37 m, Distance=3.73 m
[cluster_plot_node-13] [INFO] [1789577605.472835751] [lidar_clustering]: FollowGap: mode=CLEAR, direction=STRAIGHT, front=8.00 m, best_angle=0.0 deg
[cluster_plot_node-13] [INFO] [1789577605.473006404] [lidar_clustering]: points=203, clusters=2, tracks=3
[heading_init_node-5] [WARN] [1789577606.110875588] [gps_heading_init]: RTK 수렴 대기 중 — 공분산 없음 → status=1 로 판정 (RTK Fixed 는 2 이상). NTRIP 이 붙어도 수신기가 RTCM 을 안 먹으면 여기서 안 올라간다 — ublox 로그에 "degraded mode" 가 있는지 볼 것. 출발하지 않는다. ⚠ 여기서 출발하면 RTK 확정 순간의 좌표 점프를 직진으로 오인한다(2026-08-24 충돌 원인). 정말 무시하려면 require_rtk:=false.
[cluster_plot_node-13] [INFO] [1789577606.386626644] [lidar_clustering]: ID=1, X=2.34 m, Y=-3.35 m, Width=0.04 m, Depth=0.04 m, Distance=4.08 m
[cluster_plot_node-13] [INFO] [1789577606.386845228] [lidar_clustering]: ID=2, X=0.49 m, Y=-4.22 m, Width=0.18 m, Depth=0.23 m, Distance=4.25 m
[cluster_plot_node-13] [INFO] [1789577606.387029667] [lidar_clustering]: ID=3, X=1.77 m, Y=-3.29 m, Width=1.00 m, Depth=2.25 m, Distance=3.73 m
[cluster_plot_node-13] [INFO] [1789577606.387219547] [lidar_clustering]: FollowGap: mode=CLEAR, direction=STRAIGHT, front=8.00 m, best_angle=0.0 deg
[direct_localization_node-6] [INFO] [1789577606.471748526] [direct_localization]: pose: x=-12.34 y=0.13 yaw=100.6° v=0.00m/s [헤딩 미정렬(10m직진 필요)]
[local_sliding_window_node-8] [WARN] [1789577606.872286943] [local_sliding_window_node]: 로컬 경로 생성 실패 — 발행 보류
[serial_bridge-12] [WARN] [1789577606.932029640] [serial_bridge_node]: ⚠ 공급전압 강하: VMIN=4295mV — 배터리/전원 확인
[cluster_plot_node-13] [INFO] [1789577607.296011872] [lidar_clustering]: ID=1, X=2.49 m, Y=-3.39 m, Width=0.04 m, Depth=0.04 m, Distance=4.21 m
[cluster_plot_node-13] [INFO] [1789577607.296234052] [lidar_clustering]: ID=2, X=0.51 m, Y=-4.19 m, Width=0.18 m, Depth=0.18 m, Distance=4.22 m
[cluster_plot_node-13] [INFO] [1789577607.296427439] [lidar_clustering]: ID=3, X=1.96 m, Y=-3.21 m, Width=0.83 m, Depth=1.91 m, Distance=3.76 m
[cluster_plot_node-13] [INFO] [1789577607.296644469] [lidar_clustering]: FollowGap: mode=CLEAR, direction=STRAIGHT, front=8.00 m, best_angle=0.0 deg
[cluster_plot_node-13] [INFO] [1789577607.296885826] [lidar_clustering]: points=148, clusters=1, tracks=3
[heading_init_node-5] [WARN] [1789577608.111052684] [gps_heading_init]: RTK 수렴 대기 중 — 공분산 없음 → status=1 로 판정 (RTK Fixed 는 2 이상). NTRIP 이 붙어도 수신기가 RTCM 을 안 먹으면 여기서 안 올라간다 — ublox 로그에 "degraded mode" 가 있는지 볼 것. 출발하지 않는다. ⚠ 여기서 출발하면 RTK 확정 순간의 좌표 점프를 직진으로 오인한다(2026-08-24 충돌 원인). 정말 무시하려면 require_rtk:=false.
[vrs_ntrip_client-3] [INFO] [1789577608.117911889] [ngii_vrs_ntrip_client]: [NTRIP 연결됨] RTCM 164프레임 발행, GGA 실측(36.97066,127.87471)
[cluster_plot_node-13] [INFO] [1789577608.204990464] [lidar_clustering]: ID=1, X=2.50 m, Y=-3.40 m, Width=0.05 m, Depth=0.04 m, Distance=4.22 m
[cluster_plot_node-13] [INFO] [1789577608.205239565] [lidar_clustering]: ID=2, X=0.50 m, Y=-4.21 m, Width=0.23 m, Depth=0.20 m, Distance=4.24 m
[cluster_plot_node-13] [INFO] [1789577608.205440576] [lidar_clustering]: ID=3, X=1.64 m, Y=-3.37 m, Width=1.58 m, Depth=2.53 m, Distance=3.75 m
[cluster_plot_node-13] [INFO] [1789577608.205632229] [lidar_clustering]: FollowGap: mode=CLEAR, direction=STRAIGHT, front=8.00 m, best_angle=0.0 deg
[local_pure_pursuit_node-9] [WARN] [1789577608.684033629] [local_pure_pursuit]: 정지: 경로 대기중
[local_sliding_window_node-8] [WARN] [1789577608.872415015] [local_sliding_window_node]: 로컬 경로 생성 실패 — 발행 보류
[cluster_plot_node-13] [INFO] [1789577609.120144180] [lidar_clustering]: ID=2, X=0.51 m, Y=-4.20 m, Width=0.24 m, Depth=0.19 m, Distance=4.23 m
[cluster_plot_node-13] [INFO] [1789577609.120431213] [lidar_clustering]: ID=3, X=1.73 m, Y=-3.32 m, Width=1.01 m, Depth=2.38 m, Distance=3.74 m
[cluster_plot_node-13] [INFO] [1789577609.120698429] [lidar_clustering]: FollowGap: mode=CLEAR, direction=STRAIGHT, front=8.00 m, best_angle=0.0 deg
[cluster_plot_node-13] [INFO] [1789577609.120964923] [lidar_clustering]: points=200, clusters=2, tracks=2
[direct_localization_node-6] [INFO] [1789577609.471709320] [direct_localization]: pose: x=-12.34 y=0.13 yaw=100.6° v=0.00m/s [헤딩 미정렬(10m직진 필요)]
[cluster_plot_node-13] [INFO] [1789577610.028640988] [lidar_clustering]: ID=1, X=2.51 m, Y=-3.41 m, Width=0.03 m, Depth=0.05 m, Distance=4.23 m
[cluster_plot_node-13] [INFO] [1789577610.028857899] [lidar_clustering]: ID=2, X=0.49 m, Y=-4.23 m, Width=0.17 m, Depth=0.25 m, Distance=4.26 m
[cluster_plot_node-13] [INFO] [1789577610.029033030] [lidar_clustering]: ID=3, X=1.62 m, Y=-3.38 m, Width=1.60 m, Depth=2.55 m, Distance=3.75 m
[cluster_plot_node-13] [INFO] [1789577610.029206348] [lidar_clustering]: FollowGap: mode=CLEAR, direction=STRAIGHT, front=8.00 m, best_angle=0.0 deg
[heading_init_node-5] [WARN] [1789577610.120932880] [gps_heading_init]: RTK 수렴 대기 중 — 공분산 없음 → status=1 로 판정 (RTK Fixed 는 2 이상). NTRIP 이 붙어도 수신기가 RTCM 을 안 먹으면 여기서 안 올라간다 — ublox 로그에 "degraded mode" 가 있는지 볼 것. 출발하지 않는다. ⚠ 여기서 출발하면 RTK 확정 순간의 좌표 점프를 직진으로 오인한다(2026-08-24 충돌 원인). 정말 무시하려면 require_rtk:=false.
[serial_bridge-12] [WARN] [1789577610.839640464] [serial_bridge_node]: ⚠ 공급전압 강하: VMIN=4295mV — 배터리/전원 확인
[local_sliding_window_node-8] [WARN] [1789577610.872430867] [local_sliding_window_node]: 로컬 경로 생성 실패 — 발행 보류
[cluster_plot_node-13] [INFO] [1789577610.937494485] [lidar_clustering]: ID=1, X=2.51 m, Y=-3.40 m, Width=0.05 m, Depth=0.03 m, Distance=4.23 m
[cluster_plot_node-13] [INFO] [1789577610.937804903] [lidar_clustering]: ID=2, X=0.51 m, Y=-4.21 m, Width=0.22 m, Depth=0.20 m, Distance=4.24 m
[cluster_plot_node-13] [INFO] [1789577610.938033796] [lidar_clustering]: ID=3, X=1.75 m, Y=-3.31 m, Width=1.11 m, Depth=2.26 m, Distance=3.74 m
[cluster_plot_node-13] [INFO] [1789577610.938282958] [lidar_clustering]: FollowGap: mode=CLEAR, direction=STRAIGHT, front=8.00 m, best_angle=0.0 deg
[cluster_plot_node-13] [INFO] [1789577610.938543802] [lidar_clustering]: points=197, clusters=2, tracks=3
[cluster_plot_node-13] [INFO] [1789577611.852392629] [lidar_clustering]: ID=1, X=2.51 m, Y=-3.41 m, Width=0.07 m, Depth=0.04 m, Distance=4.23 m
[cluster_plot_node-13] [INFO] [1789577611.852611404] [lidar_clustering]: ID=2, X=0.49 m, Y=-4.22 m, Width=0.18 m, Depth=0.25 m, Distance=4.25 m
[cluster_plot_node-13] [INFO] [1789577611.852801724] [lidar_clustering]: ID=3, X=1.64 m, Y=-3.37 m, Width=1.51 m, Depth=2.51 m, Distance=3.75 m
[cluster_plot_node-13] [INFO] [1789577611.852987065] [lidar_clustering]: FollowGap: mode=CLEAR, direction=STRAIGHT, front=8.00 m, best_angle=0.0 deg
[heading_init_node-5] [WARN] [1789577612.191285714] [gps_heading_init]: RTK 수렴 대기 중 — 공분산 없음 → status=1 로 판정 (RTK Fixed 는 2 이상). NTRIP 이 붙어도 수신기가 RTCM 을 안 먹으면 여기서 안 올라간다 — ublox 로그에 "degraded mode" 가 있는지 볼 것. 출발하지 않는다. ⚠ 여기서 출발하면 RTK 확정 순간의 좌표 점프를 직진으로 오인한다(2026-08-24 충돌 원인). 정말 무시하려면 require_rtk:=false.
[direct_localization_node-6] [INFO] [1789577612.471755020] [direct_localization]: pose: x=-12.34 y=0.13 yaw=100.6° v=0.01m/s [헤딩 미정렬(10m직진 필요)]
[cluster_plot_node-13] [INFO] [1789577612.761619742] [lidar_clustering]: ID=1, X=2.51 m, Y=-3.42 m, Width=0.06 m, Depth=0.04 m, Distance=4.24 m
[cluster_plot_node-13] [INFO] [1789577612.761843957] [lidar_clustering]: ID=2, X=0.49 m, Y=-4.21 m, Width=0.21 m, Depth=0.25 m, Distance=4.24 m
[cluster_plot_node-13] [INFO] [1789577612.762023396] [lidar_clustering]: ID=3, X=1.76 m, Y=-3.30 m, Width=1.10 m, Depth=2.24 m, Distance=3.74 m
[cluster_plot_node-13] [INFO] [1789577612.762216402] [lidar_clustering]: FollowGap: mode=CLEAR, direction=STRAIGHT, front=8.00 m, best_angle=0.0 deg
[cluster_plot_node-13] [INFO] [1789577612.762422692] [lidar_clustering]: points=180, clusters=2, tracks=3
[local_sliding_window_node-8] [WARN] [1789577612.905650577] [local_sliding_window_node]: 로컬 경로 생성 실패 — 발행 보류
[vrs_ntrip_client-3] [INFO] [1789577613.118074871] [ngii_vrs_ntrip_client]: [NTRIP 연결됨] RTCM 192프레임 발행, GGA 실측(36.97066,127.87471)
[cluster_plot_node-13] [INFO] [1789577613.670289785] [lidar_clustering]: ID=1, X=2.51 m, Y=-3.41 m, Width=0.04 m, Depth=0.04 m, Distance=4.24 m
[cluster_plot_node-13] [INFO] [1789577613.670510723] [lidar_clustering]: ID=2, X=0.49 m, Y=-4.22 m, Width=0.16 m, Depth=0.25 m, Distance=4.25 m
[cluster_plot_node-13] [INFO] [1789577613.670690053] [lidar_clustering]: ID=3, X=1.77 m, Y=-3.29 m, Width=0.97 m, Depth=2.13 m, Distance=3.74 m
[cluster_plot_node-13] [INFO] [1789577613.670866206] [lidar_clustering]: FollowGap: mode=CLEAR, direction=STRAIGHT, front=8.00 m, best_angle=0.0 deg
[local_pure_pursuit_node-9] [WARN] [1789577613.734238150] [local_pure_pursuit]: 정지: 경로 대기중
[heading_init_node-5] [WARN] [1789577614.301145165] [gps_heading_init]: RTK 수렴 대기 중 — 공분산 없음 → status=1 로 판정 (RTK Fixed 는 2 이상). NTRIP 이 붙어도 수신기가 RTCM 을 안 먹으면 여기서 안 올라간다 — ublox 로그에 "degraded mode" 가 있는지 볼 것. 출발하지 않는다. ⚠ 여기서 출발하면 RTK 확정 순간의 좌표 점프를 직진으로 오인한다(2026-08-24 충돌 원인). 정말 무시하려면 require_rtk:=false.
[serial_bridge-12] [WARN] [1789577614.403114655] [serial_bridge_node]: ⚠ 공급전압 강하: VMIN=4295mV — 배터리/전원 확인
[cluster_plot_node-13] [INFO] [1789577614.579378725] [lidar_clustering]: ID=1, X=2.51 m, Y=-3.41 m, Width=0.04 m, Depth=0.05 m, Distance=4.24 m
[cluster_plot_node-13] [INFO] [1789577614.579598200] [lidar_clustering]: ID=2, X=0.50 m, Y=-4.22 m, Width=0.17 m, Depth=0.20 m, Distance=4.25 m
[cluster_plot_node-13] [INFO] [1789577614.579786888] [lidar_clustering]: ID=3, X=1.65 m, Y=-3.36 m, Width=1.58 m, Depth=2.47 m, Distance=3.74 m
[cluster_plot_node-13] [INFO] [1789577614.580011873] [lidar_clustering]: FollowGap: mode=CLEAR, direction=STRAIGHT, front=8.00 m, best_angle=0.0 deg
[cluster_plot_node-13] [INFO] [1789577614.580228043] [lidar_clustering]: points=204, clusters=2, tracks=3
[local_sliding_window_node-8] [WARN] [1789577614.905705676] [local_sliding_window_node]: 로컬 경로 생성 실패 — 발행 보류
[direct_localization_node-6] [INFO] [1789577615.471766494] [direct_localization]: pose: x=-12.34 y=0.13 yaw=100.7° v=-0.02m/s [헤딩 미정렬(10m직진 필요)]
[cluster_plot_node-13] [INFO] [1789577615.494431358] [lidar_clustering]: ID=1, X=2.51 m, Y=-3.41 m, Width=0.06 m, Depth=0.04 m, Distance=4.24 m
[cluster_plot_node-13] [INFO] [1789577615.494711318] [lidar_clustering]: ID=2, X=0.50 m, Y=-4.22 m, Width=0.16 m, Depth=0.22 m, Distance=4.25 m
[cluster_plot_node-13] [INFO] [1789577615.494978464] [lidar_clustering]: ID=3, X=1.81 m, Y=-3.28 m, Width=1.01 m, Depth=2.22 m, Distance=3.74 m
[cluster_plot_node-13] [INFO] [1789577615.495249217] [lidar_clustering]: FollowGap: mode=CLEAR, direction=STRAIGHT, front=8.00 m, best_angle=0.0 deg
[heading_init_node-5] [WARN] [1789577616.392414804] [gps_heading_init]: RTK 수렴 대기 중 — 공분산 없음 → status=1 로 판정 (RTK Fixed 는 2 이상). NTRIP 이 붙어도 수신기가 RTCM 을 안 먹으면 여기서 안 올라간다 — ublox 로그에 "degraded mode" 가 있는지 볼 것. 출발하지 않는다. ⚠ 여기서 출발하면 RTK 확정 순간의 좌표 점프를 직진으로 오인한다(2026-08-24 충돌 원인). 정말 무시하려면 require_rtk:=false.
[cluster_plot_node-13] [INFO] [1789577616.403032934] [lidar_clustering]: ID=1, X=2.51 m, Y=-3.41 m, Width=0.04 m, Depth=0.04 m, Distance=4.24 m
[cluster_plot_node-13] [INFO] [1789577616.403242020] [lidar_clustering]: ID=2, X=0.52 m, Y=-4.19 m, Width=0.25 m, Depth=0.19 m, Distance=4.22 m
[cluster_plot_node-13] [INFO] [1789577616.403420298] [lidar_clustering]: ID=3, X=1.63 m, Y=-3.37 m, Width=1.57 m, Depth=2.52 m, Distance=3.74 m
[cluster_plot_node-13] [INFO] [1789577616.403695609] [lidar_clustering]: FollowGap: mode=CLEAR, direction=STRAIGHT, front=8.00 m, best_angle=0.0 deg
[cluster_plot_node-13] [INFO] [1789577616.403936815] [lidar_clustering]: points=201, clusters=2, tracks=3
[local_sliding_window_node-8] [WARN] [1789577616.905861909] [local_sliding_window_node]: 로컬 경로 생성 실패 — 발행 보류
[cluster_plot_node-13] [INFO] [1789577617.312884110] [lidar_clustering]: ID=1, X=2.50 m, Y=-3.34 m, Width=0.04 m, Depth=0.04 m, Distance=4.17 m
[cluster_plot_node-13] [INFO] [1789577617.313149763] [lidar_clustering]: ID=2, X=0.49 m, Y=-4.22 m, Width=0.18 m, Depth=0.25 m, Distance=4.25 m
[cluster_plot_node-13] [INFO] [1789577617.313399375] [lidar_clustering]: ID=3, X=1.62 m, Y=-3.37 m, Width=1.58 m, Depth=2.50 m, Distance=3.74 m
[cluster_plot_node-13] [INFO] [1789577617.313648717] [lidar_clustering]: FollowGap: mode=CLEAR, direction=STRAIGHT, front=8.00 m, best_angle=0.0 deg
[serial_bridge-12] [WARN] [1789577617.512177341] [serial_bridge_node]: ⚠ 공급전압 강하: VMIN=4295mV — 배터리/전원 확인
[vrs_ntrip_client-3] [INFO] [1789577618.117989067] [ngii_vrs_ntrip_client]: [NTRIP 연결됨] RTCM 212프레임 발행, GGA 실측(36.97066,127.87471)
[cluster_plot_node-13] [INFO] [1789577618.226982440] [lidar_clustering]: ID=1, X=2.51 m, Y=-3.41 m, Width=0.05 m, Depth=0.03 m, Distance=4.24 m
[cluster_plot_node-13] [INFO] [1789577618.227192908] [lidar_clustering]: ID=2, X=0.53 m, Y=-4.18 m, Width=0.10 m, Depth=0.12 m, Distance=4.21 m
[cluster_plot_node-13] [INFO] [1789577618.227373320] [lidar_clustering]: ID=3, X=1.74 m, Y=-3.30 m, Width=1.10 m, Depth=2.31 m, Distance=3.73 m
[cluster_plot_node-13] [INFO] [1789577618.227546498] [lidar_clustering]: FollowGap: mode=CLEAR, direction=STRAIGHT, front=8.00 m, best_angle=0.0 deg
[cluster_plot_node-13] [INFO] [1789577618.227714866] [lidar_clustering]: points=192, clusters=2, tracks=3
[heading_init_node-5] [WARN] [1789577618.401056640] [gps_heading_init]: RTK 수렴 대기 중 — 공분산 없음 → status=1 로 판정 (RTK Fixed 는 2 이상). NTRIP 이 붙어도 수신기가 RTCM 을 안 먹으면 여기서 안 올라간다 — ublox 로그에 "degraded mode" 가 있는지 볼 것. 출발하지 않는다. ⚠ 여기서 출발하면 RTK 확정 순간의 좌표 점프를 직진으로 오인한다(2026-08-24 충돌 원인). 정말 무시하려면 require_rtk:=false.
[direct_localization_node-6] [INFO] [1789577618.471747797] [direct_localization]: pose: x=-12.34 y=0.13 yaw=100.7° v=-0.01m/s [헤딩 미정렬(10m직진 필요)]
[local_pure_pursuit_node-9] [WARN] [1789577618.783871212] [local_pure_pursuit]: 정지: 경로 대기중
[local_sliding_window_node-8] [WARN] [1789577618.938992054] [local_sliding_window_node]: 로컬 경로 생성 실패 — 발행 보류
[cluster_plot_node-13] [INFO] [1789577619.136699671] [lidar_clustering]: ID=1, X=2.51 m, Y=-3.41 m, Width=0.05 m, Depth=0.04 m, Distance=4.23 m
[cluster_plot_node-13] [INFO] [1789577619.136914046] [lidar_clustering]: ID=2, X=0.50 m, Y=-4.21 m, Width=0.16 m, Depth=0.24 m, Distance=4.24 m
[cluster_plot_node-13] [INFO] [1789577619.137104206] [lidar_clustering]: ID=3, X=1.87 m, Y=-3.25 m, Width=0.96 m, Depth=2.09 m, Distance=3.75 m
[cluster_plot_node-13] [INFO] [1789577619.137294216] [lidar_clustering]: FollowGap: mode=CLEAR, direction=STRAIGHT, front=8.00 m, best_angle=0.0 deg
[cluster_plot_node-13] [INFO] [1789577620.044972021] [lidar_clustering]: ID=1, X=2.51 m, Y=-3.41 m, Width=0.04 m, Depth=0.04 m, Distance=4.23 m
[cluster_plot_node-13] [INFO] [1789577620.045196766] [lidar_clustering]: ID=2, X=0.50 m, Y=-4.21 m, Width=0.19 m, Depth=0.22 m, Distance=4.24 m
[cluster_plot_node-13] [INFO] [1789577620.045461627] [lidar_clustering]: ID=3, X=1.78 m, Y=-3.29 m, Width=1.11 m, Depth=2.33 m, Distance=3.74 m
[cluster_plot_node-13] [INFO] [1789577620.045700289] [lidar_clustering]: FollowGap: mode=CLEAR, direction=STRAIGHT, front=8.00 m, best_angle=0.0 deg
[cluster_plot_node-13] [INFO] [1789577620.045897442] [lidar_clustering]: points=201, clusters=2, tracks=3
[heading_init_node-5] [WARN] [1789577620.401303616] [gps_heading_init]: RTK 수렴 대기 중 — 공분산 없음 → status=1 로 판정 (RTK Fixed 는 2 이상). NTRIP 이 붙어도 수신기가 RTCM 을 안 먹으면 여기서 안 올라간다 — ublox 로그에 "degraded mode" 가 있는지 볼 것. 출발하지 않는다. ⚠ 여기서 출발하면 RTK 확정 순간의 좌표 점프를 직진으로 오인한다(2026-08-24 충돌 원인). 정말 무시하려면 require_rtk:=false.
[serial_bridge-12] [WARN] [1789577620.522662565] [serial_bridge_node]: ⚠ 공급전압 강하: VMIN=4295mV — 배터리/전원 확인
[cluster_plot_node-13] [INFO] [1789577620.953407724] [lidar_clustering]: ID=1, X=2.51 m, Y=-3.41 m, Width=0.04 m, Depth=0.05 m, Distance=4.23 m
[cluster_plot_node-13] [INFO] [1789577620.953615998] [lidar_clustering]: ID=2, X=0.50 m, Y=-4.21 m, Width=0.21 m, Depth=0.23 m, Distance=4.24 m
[cluster_plot_node-13] [INFO] [1789577620.953806509] [lidar_clustering]: ID=3, X=1.86 m, Y=-3.26 m, Width=0.87 m, Depth=1.91 m, Distance=3.75 m
[cluster_plot_node-13] [INFO] [1789577620.954000366] [lidar_clustering]: FollowGap: mode=CLEAR, direction=STRAIGHT, front=8.00 m, best_angle=0.0 deg
[local_sliding_window_node-8] [WARN] [1789577620.972369678] [local_sliding_window_node]: 로컬 경로 생성 실패 — 발행 보류
[direct_localization_node-6] [INFO] [1789577621.471687951] [direct_localization]: pose: x=-12.34 y=0.13 yaw=100.7° v=-0.01m/s [헤딩 미정렬(10m직진 필요)]
[cluster_plot_node-13] [INFO] [1789577621.862844467] [lidar_clustering]: ID=1, X=2.50 m, Y=-3.40 m, Width=0.09 m, Depth=0.09 m, Distance=4.22 m
[cluster_plot_node-13] [INFO] [1789577621.863062770] [lidar_clustering]: ID=2, X=0.50 m, Y=-4.21 m, Width=0.16 m, Depth=0.24 m, Distance=4.24 m
[cluster_plot_node-13] [INFO] [1789577621.863251657] [lidar_clustering]: ID=3, X=1.95 m, Y=-3.21 m, Width=0.78 m, Depth=1.72 m, Distance=3.76 m
[cluster_plot_node-13] [INFO] [1789577621.863443330] [lidar_clustering]: FollowGap: mode=CLEAR, direction=STRAIGHT, front=8.00 m, best_angle=0.0 deg
[cluster_plot_node-13] [INFO] [1789577621.863636786] [lidar_clustering]: points=133, clusters=2, tracks=3
[heading_init_node-5] [WARN] [1789577622.491122922] [gps_heading_init]: RTK 수렴 대기 중 — 공분산 없음 → status=1 로 판정 (RTK Fixed 는 2 이상). NTRIP 이 붙어도 수신기가 RTCM 을 안 먹으면 여기서 안 올라간다 — ublox 로그에 "degraded mode" 가 있는지 볼 것. 출발하지 않는다. ⚠ 여기서 출발하면 RTK 확정 순간의 좌표 점프를 직진으로 오인한다(2026-08-24 충돌 원인). 정말 무시하려면 require_rtk:=false.
[cluster_plot_node-13] [INFO] [1789577622.771466841] [lidar_clustering]: ID=1, X=2.50 m, Y=-3.41 m, Width=0.04 m, Depth=0.09 m, Distance=4.23 m
[cluster_plot_node-13] [INFO] [1789577622.771690455] [lidar_clustering]: ID=2, X=0.50 m, Y=-4.21 m, Width=0.18 m, Depth=0.23 m, Distance=4.24 m
[cluster_plot_node-13] [INFO] [1789577622.771884011] [lidar_clustering]: ID=3, X=1.75 m, Y=-3.30 m, Width=1.09 m, Depth=2.33 m, Distance=3.74 m
[cluster_plot_node-13] [INFO] [1789577622.772069592] [lidar_clustering]: FollowGap: mode=CLEAR, direction=STRAIGHT, front=8.00 m, best_angle=0.0 deg
[local_sliding_window_node-8] [WARN] [1789577623.006306102] [local_sliding_window_node]: 로컬 경로 생성 실패 — 발행 보류
[vrs_ntrip_client-3] [INFO] [1789577623.117950550] [ngii_vrs_ntrip_client]: [NTRIP 연결됨] RTCM 240프레임 발행, GGA 실측(36.97066,127.87471)
[cluster_plot_node-13] [INFO] [1789577623.681309431] [lidar_clustering]: ID=1, X=2.51 m, Y=-3.41 m, Width=0.04 m, Depth=0.04 m, Distance=4.23 m
[cluster_plot_node-13] [INFO] [1789577623.681614608] [lidar_clustering]: ID=2, X=0.50 m, Y=-4.21 m, Width=0.21 m, Depth=0.21 m, Distance=4.24 m
[cluster_plot_node-13] [INFO] [1789577623.681809487] [lidar_clustering]: ID=3, X=1.72 m, Y=-3.30 m, Width=1.14 m, Depth=2.37 m, Distance=3.72 m
[cluster_plot_node-13] [INFO] [1789577623.681992975] [lidar_clustering]: FollowGap: mode=CLEAR, direction=STRAIGHT, front=8.00 m, best_angle=0.0 deg
[cluster_plot_node-13] [INFO] [1789577623.682175009] [lidar_clustering]: points=205, clusters=3, tracks=3
[serial_bridge-12] [WARN] [1789577623.729896143] [serial_bridge_node]: ⚠ 공급전압 강하: VMIN=4295mV — 배터리/전원 확인
[local_pure_pursuit_node-9] [WARN] [1789577623.783990451] [local_pure_pursuit]: 정지: 경로 대기중
[direct_localization_node-6] [INFO] [1789577624.471755744] [direct_localization]: pose: x=-12.34 y=0.13 yaw=100.7° v=-0.01m/s [헤딩 미정렬(10m직진 필요)]
[heading_init_node-5] [WARN] [1789577624.501210130] [gps_heading_init]: RTK 수렴 대기 중 — 공분산 없음 → status=1 로 판정 (RTK Fixed 는 2 이상). NTRIP 이 붙어도 수신기가 RTCM 을 안 먹으면 여기서 안 올라간다 — ublox 로그에 "degraded mode" 가 있는지 볼 것. 출발하지 않는다. ⚠ 여기서 출발하면 RTK 확정 순간의 좌표 점프를 직진으로 오인한다(2026-08-24 충돌 원인). 정말 무시하려면 require_rtk:=false.
[cluster_plot_node-13] [INFO] [1789577624.589087086] [lidar_clustering]: ID=1, X=2.51 m, Y=-3.41 m, Width=0.04 m, Depth=0.04 m, Distance=4.24 m
[cluster_plot_node-13] [INFO] [1789577624.589310238] [lidar_clustering]: ID=2, X=0.51 m, Y=-4.19 m, Width=0.24 m, Depth=0.25 m, Distance=4.23 m
[cluster_plot_node-13] [INFO] [1789577624.589503664] [lidar_clustering]: ID=3, X=1.84 m, Y=-3.26 m, Width=1.01 m, Depth=2.31 m, Distance=3.74 m
[cluster_plot_node-13] [INFO] [1789577624.589686611] [lidar_clustering]: FollowGap: mode=CLEAR, direction=STRAIGHT, front=8.00 m, best_angle=0.0 deg
[local_sliding_window_node-8] [WARN] [1789577625.038932047] [local_sliding_window_node]: 로컬 경로 생성 실패 — 발행 보류
[cluster_plot_node-13] [INFO] [1789577625.498326763] [lidar_clustering]: ID=1, X=2.25 m, Y=-3.23 m, Width=0.69 m, Depth=1.51 m, Distance=3.93 m
[cluster_plot_node-13] [INFO] [1789577625.498553161] [lidar_clustering]: ID=2, X=0.49 m, Y=-4.21 m, Width=0.20 m, Depth=0.23 m, Distance=4.24 m
[cluster_plot_node-13] [INFO] [1789577625.498733272] [lidar_clustering]: ID=3, X=1.74 m, Y=-3.31 m, Width=1.11 m, Depth=2.24 m, Distance=3.74 m
[cluster_plot_node-13] [INFO] [1789577625.498917721] [lidar_clustering]: FollowGap: mode=CLEAR, direction=STRAIGHT, front=8.00 m, best_angle=0.0 deg
[cluster_plot_node-13] [INFO] [1789577625.499106468] [lidar_clustering]: points=198, clusters=2, tracks=3
[cluster_plot_node-13] [INFO] [1789577626.413416648] [lidar_clustering]: ID=1, X=2.51 m, Y=-3.41 m, Width=0.05 m, Depth=0.04 m, Distance=4.23 m
[cluster_plot_node-13] [INFO] [1789577626.413663355] [lidar_clustering]: ID=2, X=0.51 m, Y=-4.19 m, Width=0.22 m, Depth=0.25 m, Distance=4.22 m
[cluster_plot_node-13] [INFO] [1789577626.413847002] [lidar_clustering]: ID=3, X=1.76 m, Y=-3.29 m, Width=1.09 m, Depth=2.31 m, Distance=3.73 m
[cluster_plot_node-13] [INFO] [1789577626.414026733] [lidar_clustering]: FollowGap: mode=CLEAR, direction=STRAIGHT, front=8.00 m, best_angle=0.0 deg
[heading_init_node-5] [WARN] [1789577626.591391552] [gps_heading_init]: RTK 수렴 대기 중 — 공분산 없음 → status=1 로 판정 (RTK Fixed 는 2 이상). NTRIP 이 붙어도 수신기가 RTCM 을 안 먹으면 여기서 안 올라간다 — ublox 로그에 "degraded mode" 가 있는지 볼 것. 출발하지 않는다. ⚠ 여기서 출발하면 RTK 확정 순간의 좌표 점프를 직진으로 오인한다(2026-08-24 충돌 원인). 정말 무시하려면 require_rtk:=false.
[serial_bridge-12] [WARN] [1789577626.838872586] [serial_bridge_node]: ⚠ 공급전압 강하: VMIN=4295mV — 배터리/전원 확인
[local_sliding_window_node-8] [WARN] [1789577627.039204471] [local_sliding_window_node]: 로컬 경로 생성 실패 — 발행 보류
[cluster_plot_node-13] [INFO] [1789577627.322045978] [lidar_clustering]: ID=1, X=2.51 m, Y=-3.41 m, Width=0.05 m, Depth=0.04 m, Distance=4.23 m
[cluster_plot_node-13] [INFO] [1789577627.322267718] [lidar_clustering]: ID=2, X=0.50 m, Y=-4.21 m, Width=0.22 m, Depth=0.21 m, Distance=4.24 m
[cluster_plot_node-13] [INFO] [1789577627.322455714] [lidar_clustering]: ID=3, X=1.71 m, Y=-3.31 m, Width=1.11 m, Depth=2.33 m, Distance=3.73 m
[cluster_plot_node-13] [INFO] [1789577627.322649611] [lidar_clustering]: FollowGap: mode=CLEAR, direction=STRAIGHT, front=8.00 m, best_angle=0.0 deg
[cluster_plot_node-13] [INFO] [1789577627.322835432] [lidar_clustering]: points=201, clusters=2, tracks=3
[direct_localization_node-6] [INFO] [1789577627.471662200] [direct_localization]: pose: x=-12.34 y=0.13 yaw=100.7° v=-0.02m/s [헤딩 미정렬(10m직진 필요)]
[vrs_ntrip_client-3] [INFO] [1789577628.117970943] [ngii_vrs_ntrip_client]: [NTRIP 연결됨] RTCM 260프레임 발행, GGA 실측(36.97066,127.87471)
[cluster_plot_node-13] [INFO] [1789577628.231429390] [lidar_clustering]: ID=2, X=0.49 m, Y=-4.22 m, Width=0.19 m, Depth=0.25 m, Distance=4.25 m
[cluster_plot_node-13] [INFO] [1789577628.231690174] [lidar_clustering]: ID=3, X=1.97 m, Y=-3.21 m, Width=0.79 m, Depth=1.61 m, Distance=3.77 m
[cluster_plot_node-13] [INFO] [1789577628.231926922] [lidar_clustering]: FollowGap: mode=CLEAR, direction=STRAIGHT, front=8.00 m, best_angle=0.0 deg
[heading_init_node-5] [WARN] [1789577628.701629139] [gps_heading_init]: RTK 수렴 대기 중 — 공분산 없음 → status=1 로 판정 (RTK Fixed 는 2 이상). NTRIP 이 붙어도 수신기가 RTCM 을 안 먹으면 여기서 안 올라간다 — ublox 로그에 "degraded mode" 가 있는지 볼 것. 출발하지 않는다. ⚠ 여기서 출발하면 RTK 확정 순간의 좌표 점프를 직진으로 오인한다(2026-08-24 충돌 원인). 정말 무시하려면 require_rtk:=false.
[local_pure_pursuit_node-9] [WARN] [1789577628.784099790] [local_pure_pursuit]: 정지: 경로 대기중
[local_sliding_window_node-8] [WARN] [1789577629.072337169] [local_sliding_window_node]: 로컬 경로 생성 실패 — 발행 보류
[cluster_plot_node-13] [INFO] [1789577629.139870173] [lidar_clustering]: ID=1, X=2.35 m, Y=-3.19 m, Width=0.71 m, Depth=1.28 m, Distance=3.96 m
[cluster_plot_node-13] [INFO] [1789577629.140090409] [lidar_clustering]: ID=2, X=0.50 m, Y=-4.21 m, Width=0.14 m, Depth=0.22 m, Distance=4.24 m
[cluster_plot_node-13] [INFO] [1789577629.140268006] [lidar_clustering]: ID=3, X=1.74 m, Y=-3.32 m, Width=1.01 m, Depth=2.36 m, Distance=3.74 m
[cluster_plot_node-13] [INFO] [1789577629.140448066] [lidar_clustering]: FollowGap: mode=CLEAR, direction=STRAIGHT, front=8.00 m, best_angle=0.0 deg
[cluster_plot_node-13] [INFO] [1789577629.140622396] [lidar_clustering]: points=96, clusters=1, tracks=3
[heading_init_node-5] [INFO] [1789577629.991503408] [gps_heading_init]: RTK 수렴 (수평 σ=0.6cm (상한 5cm), status=1) — 헤딩 캘리브를 시작한다.
[heading_init_node-5] [INFO] [1789577629.991809036] [gps_heading_init]: 시작점 기록: (36.9706611, 127.8747135). 직진 시작하세요.
[heading_init_node-5] [WARN] [1789577630.034433541] [gps_heading_init]: 자동 직진 5초 전... (E-stop 준비)
[cluster_plot_node-13] [INFO] [1789577630.049279372] [lidar_clustering]: ID=1, X=2.49 m, Y=-3.39 m, Width=0.05 m, Depth=0.04 m, Distance=4.21 m
[cluster_plot_node-13] [INFO] [1789577630.049539375] [lidar_clustering]: ID=2, X=0.61 m, Y=-4.15 m, Width=0.01 m, Depth=0.06 m, Distance=4.19 m
[cluster_plot_node-13] [INFO] [1789577630.049723593] [lidar_clustering]: ID=3, X=1.65 m, Y=-3.36 m, Width=1.58 m, Depth=2.56 m, Distance=3.74 m
[cluster_plot_node-13] [INFO] [1789577630.049898875] [lidar_clustering]: FollowGap: mode=CLEAR, direction=STRAIGHT, front=8.00 m, best_angle=0.0 deg
[vehicle_cmd_mux-11] [INFO] [1789577630.080734574] [vehicle_cmd_mux]: 모드: TELEOP
[heading_init_node-5] [INFO] [1789577630.111495031] [gps_heading_init]: 직진 중... 0.0/10m
[serial_bridge-12] [WARN] [1789577630.254603501] [serial_bridge_node]: ⚠ 공급전압 강하: VMIN=4295mV — 배터리/전원 확인
[direct_localization_node-6] [INFO] [1789577630.471704312] [direct_localization]: pose: x=-12.34 y=0.13 yaw=100.7° v=0.02m/s [헤딩 미정렬(10m직진 필요)]
[cluster_plot_node-13] [INFO] [1789577630.964043172] [lidar_clustering]: ID=1, X=2.50 m, Y=-3.42 m, Width=0.06 m, Depth=0.05 m, Distance=4.24 m
[cluster_plot_node-13] [INFO] [1789577630.964253360] [lidar_clustering]: ID=2, X=0.50 m, Y=-4.21 m, Width=0.25 m, Depth=0.32 m, Distance=4.24 m
[cluster_plot_node-13] [INFO] [1789577630.964435475] [lidar_clustering]: ID=3, X=1.79 m, Y=-3.28 m, Width=1.11 m, Depth=2.24 m, Distance=3.74 m
[cluster_plot_node-13] [INFO] [1789577630.964612149] [lidar_clustering]: FollowGap: mode=CLEAR, direction=STRAIGHT, front=8.00 m, best_angle=0.0 deg
[cluster_plot_node-13] [INFO] [1789577630.964788172] [lidar_clustering]: points=197, clusters=2, tracks=3
[heading_init_node-5] [WARN] [1789577631.034375164] [gps_heading_init]: 자동 직진 4초 전... (E-stop 준비)
[local_sliding_window_node-8] [WARN] [1789577631.072879298] [local_sliding_window_node]: 로컬 경로 생성 실패 — 발행 보류
[cluster_plot_node-13] [INFO] [1789577631.872730133] [lidar_clustering]: ID=1, X=2.52 m, Y=-3.42 m, Width=0.04 m, Depth=0.04 m, Distance=4.25 m
[cluster_plot_node-13] [INFO] [1789577631.872942555] [lidar_clustering]: ID=3, X=1.84 m, Y=-3.26 m, Width=1.00 m, Depth=2.09 m, Distance=3.74 m
[cluster_plot_node-13] [INFO] [1789577631.873121153] [lidar_clustering]: FollowGap: mode=CLEAR, direction=STRAIGHT, front=8.00 m, best_angle=0.0 deg
[heading_init_node-5] [WARN] [1789577632.034376142] [gps_heading_init]: 자동 직진 3초 전... (E-stop 준비)
[cluster_plot_node-13] [INFO] [1789577632.782390722] [lidar_clustering]: ID=1, X=2.51 m, Y=-3.42 m, Width=0.05 m, Depth=0.04 m, Distance=4.24 m
[cluster_plot_node-13] [INFO] [1789577632.782661454] [lidar_clustering]: ID=2, X=0.50 m, Y=-4.21 m, Width=0.19 m, Depth=0.22 m, Distance=4.24 m
[cluster_plot_node-13] [INFO] [1789577632.782844941] [lidar_clustering]: ID=3, X=1.74 m, Y=-3.31 m, Width=1.09 m, Depth=2.32 m, Distance=3.74 m
[cluster_plot_node-13] [INFO] [1789577632.783023399] [lidar_clustering]: FollowGap: mode=CLEAR, direction=STRAIGHT, front=8.00 m, best_angle=0.0 deg
[cluster_plot_node-13] [INFO] [1789577632.783203310] [lidar_clustering]: points=200, clusters=2, tracks=3
[heading_init_node-5] [WARN] [1789577633.034245104] [gps_heading_init]: 자동 직진 2초 전... (E-stop 준비)
[local_sliding_window_node-8] [WARN] [1789577633.105910458] [local_sliding_window_node]: 로컬 경로 생성 실패 — 발행 보류
[vrs_ntrip_client-3] [INFO] [1789577633.118100282] [ngii_vrs_ntrip_client]: [NTRIP 연결됨] RTCM 288프레임 발행, GGA 실측(36.97066,127.87471)
[serial_bridge-12] [WARN] [1789577633.261105605] [serial_bridge_node]: ⚠ 공급전압 강하: VMIN=4295mV — 배터리/전원 확인
[direct_localization_node-6] [INFO] [1789577633.471782411] [direct_localization]: pose: x=-12.34 y=0.13 yaw=100.7° v=0.02m/s [헤딩 미정렬(10m직진 필요)]
[cluster_plot_node-13] [INFO] [1789577633.690133274] [lidar_clustering]: ID=1, X=2.51 m, Y=-3.41 m, Width=0.05 m, Depth=0.04 m, Distance=4.24 m
[cluster_plot_node-13] [INFO] [1789577633.690476173] [lidar_clustering]: ID=2, X=0.50 m, Y=-4.21 m, Width=0.19 m, Depth=0.22 m, Distance=4.24 m
[cluster_plot_node-13] [INFO] [1789577633.690682914] [lidar_clustering]: ID=3, X=1.85 m, Y=-3.25 m, Width=0.97 m, Depth=2.09 m, Distance=3.74 m
[cluster_plot_node-13] [INFO] [1789577633.690868315] [lidar_clustering]: FollowGap: mode=CLEAR, direction=STRAIGHT, front=8.00 m, best_angle=0.0 deg
[local_pure_pursuit_node-9] [WARN] [1789577633.834143979] [local_pure_pursuit]: 정지: 경로 대기중
[heading_init_node-5] [WARN] [1789577634.034368040] [gps_heading_init]: 자동 직진 1초 전... (E-stop 준비)
[cluster_plot_node-13] [INFO] [1789577634.599667903] [lidar_clustering]: ID=1, X=2.50 m, Y=-3.42 m, Width=0.04 m, Depth=0.09 m, Distance=4.24 m
[cluster_plot_node-13] [INFO] [1789577634.599944687] [lidar_clustering]: ID=2, X=0.51 m, Y=-4.21 m, Width=0.17 m, Depth=0.20 m, Distance=4.24 m
[cluster_plot_node-13] [INFO] [1789577634.600209538] [lidar_clustering]: ID=3, X=1.98 m, Y=-3.20 m, Width=0.81 m, Depth=1.78 m, Distance=3.76 m
[cluster_plot_node-13] [INFO] [1789577634.600486994] [lidar_clustering]: FollowGap: mode=CLEAR, direction=STRAIGHT, front=8.00 m, best_angle=0.0 deg
[cluster_plot_node-13] [INFO] [1789577634.600748809] [lidar_clustering]: points=139, clusters=1, tracks=3
[heading_init_node-5] [INFO] [1789577635.034192925] [gps_heading_init]: 직진 기준 헤딩 고정: 100.7° (절대값은 무의미, 변화량만 사용)
[serial_bridge-12] [INFO] [1789577635.108031352] [serial_bridge_node]: 출발 — 정지마찰 하한 60 을 1200ms 인가한다
[local_sliding_window_node-8] [WARN] [1789577635.138983360] [local_sliding_window_node]: 로컬 경로 생성 실패 — 발행 보류
[cluster_plot_node-13] [INFO] [1789577635.508458809] [lidar_clustering]: ID=1, X=2.51 m, Y=-3.41 m, Width=0.03 m, Depth=0.04 m, Distance=4.23 m
[cluster_plot_node-13] [INFO] [1789577635.508675890] [lidar_clustering]: ID=2, X=0.50 m, Y=-4.21 m, Width=0.19 m, Depth=0.20 m, Distance=4.24 m
[cluster_plot_node-13] [INFO] [1789577635.508853025] [lidar_clustering]: ID=3, X=1.74 m, Y=-3.31 m, Width=1.12 m, Depth=2.26 m, Distance=3.74 m
[cluster_plot_node-13] [INFO] [1789577635.509028818] [lidar_clustering]: FollowGap: mode=CLEAR, direction=STRAIGHT, front=8.00 m, best_angle=0.0 deg
[serial_bridge-12] [WARN] [1789577636.423113348] [serial_bridge_node]: ⚠ 공급전압 강하: VMIN=4295mV — 배터리/전원 확인
[cluster_plot_node-13] [INFO] [1789577636.423419337] [lidar_clustering]: ID=1, X=2.45 m, Y=-3.43 m, Width=0.03 m, Depth=0.04 m, Distance=4.21 m
[cluster_plot_node-13] [INFO] [1789577636.423708876] [lidar_clustering]: ID=2, X=0.43 m, Y=-4.15 m, Width=0.06 m, Depth=0.08 m, Distance=4.17 m
[cluster_plot_node-13] [INFO] [1789577636.423971583] [lidar_clustering]: ID=3, X=1.63 m, Y=-3.29 m, Width=1.11 m, Depth=2.34 m, Distance=3.67 m
[cluster_plot_node-13] [INFO] [1789577636.424228930] [lidar_clustering]: FollowGap: mode=CLEAR, direction=STRAIGHT, front=8.00 m, best_angle=0.0 deg
[cluster_plot_node-13] [INFO] [1789577636.424484173] [lidar_clustering]: points=197, clusters=2, tracks=3
[direct_localization_node-6] [INFO] [1789577636.471638820] [direct_localization]: pose: x=-12.44 y=0.04 yaw=100.5° v=-0.16m/s [헤딩 미정렬(10m직진 필요)]
[local_sliding_window_node-8] [WARN] [1789577637.172413520] [local_sliding_window_node]: 로컬 경로 생성 실패 — 발행 보류
[cluster_plot_node-13] [INFO] [1789577637.338020410] [lidar_clustering]: ID=1, X=2.27 m, Y=-3.02 m, Width=0.30 m, Depth=0.64 m, Distance=3.78 m
[cluster_plot_node-13] [INFO] [1789577637.338249384] [lidar_clustering]: ID=3, X=1.45 m, Y=-3.23 m, Width=0.98 m, Depth=2.07 m, Distance=3.54 m
[cluster_plot_node-13] [INFO] [1789577637.338436307] [lidar_clustering]: FollowGap: mode=CLEAR, direction=STRAIGHT, front=8.00 m, best_angle=0.0 deg
[vrs_ntrip_client-3] [INFO] [1789577638.118034745] [ngii_vrs_ntrip_client]: [NTRIP 연결됨] RTCM 308프레임 발행, GGA 실측(36.97066,127.87471)
[cluster_plot_node-13] [INFO] [1789577638.253191326] [lidar_clustering]: ID=3, X=1.23 m, Y=-3.10 m, Width=0.77 m, Depth=1.86 m, Distance=3.34 m
[cluster_plot_node-13] [INFO] [1789577638.253422774] [lidar_clustering]: FollowGap: mode=CLEAR, direction=STRAIGHT, front=8.00 m, best_angle=0.0 deg
[cluster_plot_node-13] [INFO] [1789577638.253612243] [lidar_clustering]: points=165, clusters=1, tracks=1
[heading_init_node-5] [INFO] [1789577638.491465143] [gps_heading_init]: 직진 중... 1.0/10m
[local_pure_pursuit_node-9] [WARN] [1789577638.884121903] [local_pure_pursuit]: 정지: lookahead가 차량 뒤/너무 가까움 (헤딩 이상 가능)
[cluster_plot_node-13] [INFO] [1789577639.174347555] [lidar_clustering]: ID=1, X=1.25 m, Y=-2.83 m, Width=0.30 m, Depth=0.87 m, Distance=3.10 m
[cluster_plot_node-13] [INFO] [1789577639.174573844] [lidar_clustering]: ID=3, X=1.04 m, Y=-2.96 m, Width=0.57 m, Depth=1.48 m, Distance=3.13 m
[cluster_plot_node-13] [INFO] [1789577639.174752021] [lidar_clustering]: ID=4, X=5.60 m, Y=-5.47 m, Width=0.22 m, Depth=0.13 m, Distance=7.83 m
[cluster_plot_node-13] [INFO] [1789577639.174928836] [lidar_clustering]: FollowGap: mode=CLEAR, direction=STRAIGHT, front=8.00 m, best_angle=0.0 deg
[serial_bridge-12] [WARN] [1789577639.429772264] [serial_bridge_node]: ⚠ 공급전압 강하: VMIN=3893mV — 배터리/전원 확인
[serial_bridge-12] [WARN] [1789577639.433791252] [serial_bridge_node]: 펌웨어 스톨 감지: STALL: drive=0 steer=1
[direct_localization_node-6] [INFO] [1789577639.471665111] [direct_localization]: pose: x=-13.56 y=-0.83 yaw=99.2° v=-0.21m/s [헤딩 미정렬(10m직진 필요)]
[cluster_plot_node-13] [INFO] [1789577640.096191130] [lidar_clustering]: ID=1, X=0.76 m, Y=-2.84 m, Width=0.19 m, Depth=0.93 m, Distance=2.94 m
[cluster_plot_node-13] [INFO] [1789577640.096423140] [lidar_clustering]: ID=3, X=1.27 m, Y=-3.07 m, Width=0.06 m, Depth=0.05 m, Distance=3.32 m
[cluster_plot_node-13] [INFO] [1789577640.096605745] [lidar_clustering]: ID=4, X=5.00 m, Y=-5.50 m, Width=0.15 m, Depth=0.18 m, Distance=7.43 m
[cluster_plot_node-13] [INFO] [1789577640.096782279] [lidar_clustering]: FollowGap: mode=CLEAR, direction=STRAIGHT, front=8.00 m, best_angle=0.0 deg
[cluster_plot_node-13] [INFO] [1789577640.096954515] [lidar_clustering]: points=94, clusters=2, tracks=3
[heading_init_node-5] [INFO] [1789577640.101480272] [gps_heading_init]: 직진 중... 2.0/10m
[cluster_plot_node-13] [INFO] [1789577641.022924876] [lidar_clustering]: ID=1, X=0.45 m, Y=-2.84 m, Width=0.12 m, Depth=0.24 m, Distance=2.88 m
[cluster_plot_node-13] [INFO] [1789577641.023144051] [lidar_clustering]: ID=4, X=4.34 m, Y=-5.54 m, Width=0.20 m, Depth=0.13 m, Distance=7.04 m
[cluster_plot_node-13] [INFO] [1789577641.023328370] [lidar_clustering]: FollowGap: mode=CLEAR, direction=STRAIGHT, front=8.00 m, best_angle=0.0 deg
[serial_bridge-12] [INFO] [1789577641.058086501] [serial_bridge_node]: 스톨 해제 (0.5s 간 STALL 없음)
[heading_init_node-5] [INFO] [1789577641.491588417] [gps_heading_init]: 직진 중... 3.1/10m
[cluster_plot_node-13] [INFO] [1789577641.950418714] [lidar_clustering]: ID=1, X=0.34 m, Y=-2.91 m, Width=0.05 m, Depth=0.06 m, Distance=2.93 m
[cluster_plot_node-13] [INFO] [1789577641.950663468] [lidar_clustering]: ID=4, X=3.60 m, Y=-5.55 m, Width=0.09 m, Depth=0.16 m, Distance=6.62 m
[cluster_plot_node-13] [INFO] [1789577641.950869137] [lidar_clustering]: FollowGap: mode=CLEAR, direction=STRAIGHT, front=8.00 m, best_angle=0.0 deg
[cluster_plot_node-13] [INFO] [1789577641.951067933] [lidar_clustering]: points=9, clusters=1, tracks=2
[serial_bridge-12] [WARN] [1789577642.436250198] [serial_bridge_node]: ⚠ 공급전압 강하: VMIN=4033mV — 배터리/전원 확인
[direct_localization_node-6] [INFO] [1789577642.471795279] [direct_localization]: pose: x=-15.28 y=-2.27 yaw=99.7° v=-0.47m/s [헤딩 미정렬(10m직진 필요)]
[heading_init_node-5] [INFO] [1789577642.691760805] [gps_heading_init]: 직진 중... 4.1/10m
[cluster_plot_node-13] [INFO] [1789577642.879903536] [lidar_clustering]: ID=4, X=2.82 m, Y=-5.60 m, Width=0.05 m, Depth=0.14 m, Distance=6.27 m
[cluster_plot_node-13] [INFO] [1789577642.880155853] [lidar_clustering]: FollowGap: mode=CLEAR, direction=STRAIGHT, front=8.00 m, best_angle=0.0 deg
[vrs_ntrip_client-3] [INFO] [1789577643.118063419] [ngii_vrs_ntrip_client]: [NTRIP 연결됨] RTCM 336프레임 발행, GGA 실측(36.97064,127.87468)
[heading_init_node-5] [INFO] [1789577643.791557430] [gps_heading_init]: 직진 중... 5.0/10m
[cluster_plot_node-13] [INFO] [1789577643.810777961] [lidar_clustering]: ID=4, X=1.97 m, Y=-5.70 m, Width=0.14 m, Depth=0.17 m, Distance=6.03 m
[cluster_plot_node-13] [INFO] [1789577643.811021172] [lidar_clustering]: FollowGap: mode=CLEAR, direction=STRAIGHT, front=8.00 m, best_angle=0.0 deg
[cluster_plot_node-13] [INFO] [1789577643.811224987] [lidar_clustering]: points=11, clusters=1, tracks=1
[local_pure_pursuit_node-9] [WARN] [1789577643.934349720] [local_pure_pursuit]: 정지: lookahead가 차량 뒤/너무 가까움 (헤딩 이상 가능)
[cluster_plot_node-13] [INFO] [1789577644.743967363] [lidar_clustering]: ID=4, X=1.05 m, Y=-5.75 m, Width=0.04 m, Depth=0.10 m, Distance=5.85 m
[cluster_plot_node-13] [INFO] [1789577644.744182651] [lidar_clustering]: ID=5, X=6.50 m, Y=1.38 m, Width=0.16 m, Depth=0.13 m, Distance=6.65 m
[cluster_plot_node-13] [INFO] [1789577644.744366809] [lidar_clustering]: FollowGap: mode=CLEAR, direction=STRAIGHT, front=8.00 m, best_angle=0.0 deg
[heading_init_node-5] [INFO] [1789577644.901630199] [gps_heading_init]: 직진 중... 6.1/10m
[serial_bridge-12] [WARN] [1789577645.446819456] [serial_bridge_node]: ⚠ 공급전압 강하: VMIN=4121mV — 배터리/전원 확인
[direct_localization_node-6] [INFO] [1789577645.471681355] [direct_localization]: pose: x=-17.43 y=-4.02 yaw=101.1° v=-0.57m/s [헤딩 미정렬(10m직진 필요)]
[cluster_plot_node-13] [INFO] [1789577645.689829276] [lidar_clustering]: ID=4, X=0.45 m, Y=-5.80 m, Width=0.05 m, Depth=0.06 m, Distance=5.81 m
[cluster_plot_node-13] [INFO] [1789577645.690041448] [lidar_clustering]: ID=5, X=5.50 m, Y=1.28 m, Width=0.17 m, Depth=0.06 m, Distance=5.65 m
[cluster_plot_node-13] [INFO] [1789577645.690236547] [lidar_clustering]: ID=6, X=0.94 m, Y=-7.59 m, Width=0.15 m, Depth=0.35 m, Distance=7.65 m
[cluster_plot_node-13] [INFO] [1789577645.690425204] [lidar_clustering]: ID=7, X=7.18 m, Y=1.26 m, Width=0.15 m, Depth=0.11 m, Distance=7.29 m
[cluster_plot_node-13] [INFO] [1789577645.690615033] [lidar_clustering]: FollowGap: mode=CLEAR, direction=STRAIGHT, front=8.00 m, best_angle=0.0 deg
[cluster_plot_node-13] [INFO] [1789577645.690797539] [lidar_clustering]: points=32, clusters=3, tracks=4
[heading_init_node-5] [INFO] [1789577645.911612638] [gps_heading_init]: 직진 중... 7.1/10m
[cluster_plot_node-13] [INFO] [1789577646.624320701] [lidar_clustering]: ID=4, X=0.35 m, Y=-5.90 m, Width=0.04 m, Depth=0.08 m, Distance=5.91 m
[cluster_plot_node-13] [INFO] [1789577646.624538904] [lidar_clustering]: ID=5, X=4.47 m, Y=1.27 m, Width=0.13 m, Depth=0.03 m, Distance=4.65 m
[cluster_plot_node-13] [INFO] [1789577646.624716720] [lidar_clustering]: ID=6, X=0.54 m, Y=-7.04 m, Width=0.21 m, Depth=0.18 m, Distance=7.06 m
[cluster_plot_node-13] [INFO] [1789577646.624893435] [lidar_clustering]: ID=7, X=6.32 m, Y=1.28 m, Width=0.09 m, Depth=0.02 m, Distance=6.45 m
[cluster_plot_node-13] [INFO] [1789577646.625069268] [lidar_clustering]: ID=8, X=7.43 m, Y=1.23 m, Width=0.10 m, Depth=0.02 m, Distance=7.53 m
[cluster_plot_node-13] [INFO] [1789577646.625253607] [lidar_clustering]: FollowGap: mode=CLEAR, direction=STRAIGHT, front=8.00 m, best_angle=0.0 deg
[heading_init_node-5] [INFO] [1789577646.801793000] [gps_heading_init]: 직진 중... 8.1/10m
[cluster_plot_node-13] [INFO] [1789577647.562986882] [lidar_clustering]: ID=5, X=3.43 m, Y=1.27 m, Width=0.11 m, Depth=0.07 m, Distance=3.66 m
[cluster_plot_node-13] [INFO] [1789577647.563228109] [lidar_clustering]: ID=6, X=0.38 m, Y=-6.98 m, Width=0.03 m, Depth=0.15 m, Distance=6.99 m
[cluster_plot_node-13] [INFO] [1789577647.563426965] [lidar_clustering]: ID=7, X=4.97 m, Y=1.27 m, Width=0.14 m, Depth=0.02 m, Distance=5.13 m
[cluster_plot_node-13] [INFO] [1789577647.563612236] [lidar_clustering]: ID=8, X=6.50 m, Y=1.27 m, Width=0.20 m, Depth=0.18 m, Distance=6.62 m
[cluster_plot_node-13] [INFO] [1789577647.563792978] [lidar_clustering]: FollowGap: mode=CLEAR, direction=STRAIGHT, front=8.00 m, best_angle=0.0 deg
[cluster_plot_node-13] [INFO] [1789577647.563971526] [lidar_clustering]: points=36, clusters=4, tracks=4
[heading_init_node-5] [INFO] [1789577647.701764669] [gps_heading_init]: 직진 중... 9.0/10m
[vrs_ntrip_client-3] [INFO] [1789577648.117955240] [ngii_vrs_ntrip_client]: [NTRIP 연결됨] RTCM 356프레임 발행, GGA 실측(36.97061,127.87463)
[serial_bridge-12] [WARN] [1789577648.457500907] [serial_bridge_node]: ⚠ 공급전압 강하: VMIN=4167mV — 배터리/전원 확인
[direct_localization_node-6] [INFO] [1789577648.471799281] [direct_localization]: pose: x=-19.93 y=-6.10 yaw=99.6° v=-0.68m/s [헤딩 미정렬(10m직진 필요)]
[cluster_plot_node-13] [INFO] [1789577648.502721981] [lidar_clustering]: ID=5, X=2.37 m, Y=1.25 m, Width=0.10 m, Depth=0.06 m, Distance=2.67 m
[cluster_plot_node-13] [INFO] [1789577648.502935775] [lidar_clustering]: ID=7, X=4.04 m, Y=1.35 m, Width=0.06 m, Depth=0.02 m, Distance=4.26 m
[cluster_plot_node-13] [INFO] [1789577648.503124573] [lidar_clustering]: ID=8, X=5.34 m, Y=1.29 m, Width=0.09 m, Depth=0.02 m, Distance=5.50 m
[cluster_plot_node-13] [INFO] [1789577648.503308681] [lidar_clustering]: ID=9, X=6.94 m, Y=1.30 m, Width=0.13 m, Depth=0.09 m, Distance=7.06 m
[cluster_plot_node-13] [INFO] [1789577648.503496447] [lidar_clustering]: ID=10, X=1.78 m, Y=7.73 m, Width=0.18 m, Depth=1.13 m, Distance=7.93 m
[cluster_plot_node-13] [INFO] [1789577648.503678040] [lidar_clustering]: FollowGap: mode=CLEAR, direction=STRAIGHT, front=8.00 m, best_angle=0.0 deg
[heading_init_node-5] [INFO] [1789577648.601749378] [gps_heading_init]: ✅ 헤딩 초기화 완료: 10.1m 직진 (최대 편차 1°). GPS course=-139.8°, IMU yaw=99.4°, → yaw_offset=120.8°
[heading_init_node-5] [INFO] [1789577648.602054035] [gps_heading_init]: 조향 중앙 점검: 횡편차 +0.04m — STEER_CENTER 412 양호 (보정 불필요)
[direct_localization_node-6] [INFO] [1789577648.602149365] [direct_localization]: 헤딩 오프셋 수신: 120.8° — 헤딩 정렬 적용됨.
[heading_init_node-5] [INFO] [1789577648.602237943] [gps_heading_init]: 자동 직진 종료: 캘리브 완료
[vehicle_cmd_mux-11] [INFO] [1789577648.602293228] [vehicle_cmd_mux]: 헤딩 캘리브 완료 (120.8°) — 자율 허용
[serial_bridge-12] [INFO] [1789577648.707963639] [serial_bridge_node]: 제동 — 역 PWM 50 을 700ms (직전 +0.70m/s, 상한 800ms)
[cluster_plot_node-13] [INFO] [1789577649.430386547] [lidar_clustering]: ID=5, X=1.56 m, Y=1.21 m, Width=0.07 m, Depth=0.10 m, Distance=1.98 m
[cluster_plot_node-13] [INFO] [1789577649.430604099] [lidar_clustering]: ID=7, X=3.04 m, Y=1.24 m, Width=0.11 m, Depth=0.04 m, Distance=3.28 m
[cluster_plot_node-13] [INFO] [1789577649.430780583] [lidar_clustering]: ID=8, X=4.56 m, Y=1.27 m, Width=0.12 m, Depth=0.12 m, Distance=4.73 m
[cluster_plot_node-13] [INFO] [1789577649.430954121] [lidar_clustering]: ID=9, X=7.67 m, Y=1.29 m, Width=0.17 m, Depth=0.15 m, Distance=7.78 m
[cluster_plot_node-13] [INFO] [1789577649.431122169] [lidar_clustering]: ID=10, X=2.05 m, Y=7.70 m, Width=0.15 m, Depth=0.57 m, Distance=7.97 m
[cluster_plot_node-13] [INFO] [1789577649.431292642] [lidar_clustering]: ID=11, X=0.92 m, Y=7.65 m, Width=0.13 m, Depth=0.31 m, Distance=7.71 m
[cluster_plot_node-13] [INFO] [1789577649.431468164] [lidar_clustering]: ID=12, X=6.06 m, Y=1.31 m, Width=0.10 m, Depth=0.04 m, Distance=6.20 m
[cluster_plot_node-13] [INFO] [1789577649.431640460] [lidar_clustering]: FollowGap: mode=AVOID, direction=RIGHT, front=1.94 m, best_angle=-6.0 deg
[cluster_plot_node-13] [INFO] [1789577649.431813678] [lidar_clustering]: points=64, clusters=6, tracks=7
[heading_init_node-5] [INFO] [1789577649.634193588] [gps_heading_init]: yaw_offset 발행 완료 → 노드 자동 종료.
[vehicle_cmd_mux-11] [INFO] [1789577650.080654609] [vehicle_cmd_mux]: 모드: AUTO
[serial_bridge-12] [INFO] [1789577650.108180169] [serial_bridge_node]: 출발 — 정지마찰 하한 60 을 1200ms 인가한다
[cluster_plot_node-13] [INFO] [1789577650.351315258] [lidar_clustering]: ID=5, X=1.51 m, Y=1.22 m, Width=0.06 m, Depth=0.10 m, Distance=1.94 m
[cluster_plot_node-13] [INFO] [1789577650.351603724] [lidar_clustering]: ID=7, X=2.98 m, Y=1.23 m, Width=0.13 m, Depth=0.05 m, Distance=3.23 m
[cluster_plot_node-13] [INFO] [1789577650.351872603] [lidar_clustering]: ID=8, X=4.48 m, Y=1.28 m, Width=0.09 m, Depth=0.03 m, Distance=4.66 m
[cluster_plot_node-13] [INFO] [1789577650.352139238] [lidar_clustering]: ID=9, X=7.59 m, Y=1.31 m, Width=0.11 m, Depth=0.02 m, Distance=7.70 m
[cluster_plot_node-13] [INFO] [1789577650.352397256] [lidar_clustering]: ID=11, X=0.86 m, Y=7.63 m, Width=0.04 m, Depth=0.30 m, Distance=7.67 m
[cluster_plot_node-13] [INFO] [1789577650.352649573] [lidar_clustering]: ID=12, X=5.99 m, Y=1.30 m, Width=0.14 m, Depth=0.05 m, Distance=6.13 m
[cluster_plot_node-13] [INFO] [1789577650.352897092] [lidar_clustering]: ID=13, X=2.15 m, Y=7.67 m, Width=0.20 m, Depth=0.78 m, Distance=7.96 m
[cluster_plot_node-13] [INFO] [1789577650.353147746] [lidar_clustering]: ID=14, X=4.54 m, Y=1.27 m, Width=0.15 m, Depth=0.13 m, Distance=4.71 m
[cluster_plot_node-13] [INFO] [1789577650.353399433] [lidar_clustering]: ID=15, X=5.68 m, Y=-4.22 m, Width=0.08 m, Depth=0.06 m, Distance=7.07 m
[cluster_plot_node-13] [INFO] [1789577650.353648905] [lidar_clustering]: FollowGap: mode=AVOID, direction=RIGHT, front=1.97 m, best_angle=-10.6 deg
[cluster_plot_node-13] [INFO] [1789577651.272706850] [lidar_clustering]: ID=5, X=1.31 m, Y=1.24 m, Width=0.07 m, Depth=0.09 m, Distance=1.81 m
[cluster_plot_node-13] [INFO] [1789577651.273039379] [lidar_clustering]: ID=7, X=2.79 m, Y=1.28 m, Width=0.12 m, Depth=0.08 m, Distance=3.07 m
[cluster_plot_node-13] [INFO] [1789577651.273342603] [lidar_clustering]: ID=8, X=4.32 m, Y=1.35 m, Width=0.16 m, Depth=0.13 m, Distance=4.52 m
[cluster_plot_node-13] [INFO] [1789577651.273624236] [lidar_clustering]: ID=9, X=7.36 m, Y=1.40 m, Width=0.10 m, Depth=0.02 m, Distance=7.50 m
[cluster_plot_node-13] [INFO] [1789577651.273900810] [lidar_clustering]: ID=11, X=0.63 m, Y=7.68 m, Width=0.06 m, Depth=0.22 m, Distance=7.70 m
[cluster_plot_node-13] [INFO] [1789577651.274120856] [lidar_clustering]: ID=12, X=6.13 m, Y=1.37 m, Width=0.12 m, Depth=0.14 m, Distance=6.28 m
[cluster_plot_node-13] [INFO] [1789577651.274305405] [lidar_clustering]: ID=13, X=2.09 m, Y=7.68 m, Width=0.20 m, Depth=0.92 m, Distance=7.96 m
[cluster_plot_node-13] [INFO] [1789577651.274490375] [lidar_clustering]: ID=15, X=5.63 m, Y=-4.16 m, Width=0.08 m, Depth=0.06 m, Distance=7.00 m
[cluster_plot_node-13] [INFO] [1789577651.274671498] [lidar_clustering]: FollowGap: mode=CLEAR, direction=STRAIGHT, front=8.00 m, best_angle=0.0 deg
[cluster_plot_node-13] [INFO] [1789577651.274874633] [lidar_clustering]: points=94, clusters=6, tracks=8
[direct_localization_node-6] [INFO] [1789577651.471848217] [direct_localization]: pose: x=-20.89 y=-6.86 yaw=-141.5° v=0.49m/s [헤딩 정렬됨]
[cluster_plot_node-13] [INFO] [1789577652.200177232] [lidar_clustering]: ID=5, X=0.81 m, Y=1.32 m, Width=0.05 m, Depth=0.09 m, Distance=1.55 m
[cluster_plot_node-13] [INFO] [1789577652.200401696] [lidar_clustering]: ID=7, X=2.33 m, Y=1.48 m, Width=0.11 m, Depth=0.10 m, Distance=2.76 m
[cluster_plot_node-13] [INFO] [1789577652.200581016] [lidar_clustering]: ID=8, X=3.80 m, Y=1.60 m, Width=0.10 m, Depth=0.16 m, Distance=4.12 m
[cluster_plot_node-13] [INFO] [1789577652.200756889] [lidar_clustering]: ID=9, X=6.82 m, Y=1.81 m, Width=0.09 m, Depth=0.03 m, Distance=7.06 m
[cluster_plot_node-13] [INFO] [1789577652.200926189] [lidar_clustering]: ID=12, X=5.27 m, Y=1.71 m, Width=0.15 m, Depth=0.05 m, Distance=5.54 m
[cluster_plot_node-13] [INFO] [1789577652.201101040] [lidar_clustering]: FollowGap: mode=CLEAR, direction=STRAIGHT, front=8.00 m, best_angle=0.0 deg
[vrs_ntrip_client-3] [INFO] [1789577653.118108823] [ngii_vrs_ntrip_client]: [NTRIP 연결됨] RTCM 384프레임 발행, GGA 실측(36.97059,127.87461)
[cluster_plot_node-13] [INFO] [1789577653.126977840] [lidar_clustering]: ID=5, X=0.34 m, Y=1.38 m, Width=0.02 m, Depth=0.04 m, Distance=1.43 m
[cluster_plot_node-13] [INFO] [1789577653.127183049] [lidar_clustering]: ID=7, X=1.68 m, Y=1.63 m, Width=0.06 m, Depth=0.12 m, Distance=2.34 m
[cluster_plot_node-13] [INFO] [1789577653.127365654] [lidar_clustering]: ID=8, X=3.09 m, Y=1.83 m, Width=0.08 m, Depth=0.07 m, Distance=3.59 m
[cluster_plot_node-13] [INFO] [1789577653.127546867] [lidar_clustering]: ID=9, X=7.16 m, Y=2.40 m, Width=0.11 m, Depth=0.03 m, Distance=7.55 m
[cluster_plot_node-13] [INFO] [1789577653.127719765] [lidar_clustering]: ID=12, X=4.63 m, Y=2.08 m, Width=0.09 m, Depth=0.09 m, Distance=5.08 m
[cluster_plot_node-13] [INFO] [1789577653.127891510] [lidar_clustering]: ID=16, X=5.79 m, Y=2.23 m, Width=0.10 m, Depth=0.06 m, Distance=6.20 m
[cluster_plot_node-13] [INFO] [1789577653.128064938] [lidar_clustering]: FollowGap: mode=CLEAR, direction=STRAIGHT, front=8.00 m, best_angle=0.0 deg
[cluster_plot_node-13] [INFO] [1789577653.128238617] [lidar_clustering]: points=41, clusters=5, tracks=6
[serial_bridge-12] [WARN] [1789577653.773958103] [serial_bridge_node]: ⚠ 공급전압 강하: VMIN=4246mV — 배터리/전원 확인
[cluster_plot_node-13] [INFO] [1789577654.060554679] [lidar_clustering]: ID=5, X=0.94 m, Y=1.65 m, Width=0.05 m, Depth=0.08 m, Distance=1.90 m
[cluster_plot_node-13] [INFO] [1789577654.060795775] [lidar_clustering]: ID=7, X=2.39 m, Y=1.92 m, Width=0.10 m, Depth=0.10 m, Distance=3.06 m
[cluster_plot_node-13] [INFO] [1789577654.060993500] [lidar_clustering]: ID=8, X=3.86 m, Y=2.16 m, Width=0.07 m, Depth=0.22 m, Distance=4.43 m
[cluster_plot_node-13] [INFO] [1789577654.061173330] [lidar_clustering]: ID=9, X=6.97 m, Y=2.70 m, Width=0.22 m, Depth=0.06 m, Distance=7.47 m
[cluster_plot_node-13] [INFO] [1789577654.061361827] [lidar_clustering]: ID=11, X=0.52 m, Y=7.95 m, Width=0.05 m, Depth=0.11 m, Distance=7.96 m
[cluster_plot_node-13] [INFO] [1789577654.061545034] [lidar_clustering]: ID=12, X=4.48 m, Y=2.33 m, Width=0.06 m, Depth=0.03 m, Distance=5.05 m
[cluster_plot_node-13] [INFO] [1789577654.061727108] [lidar_clustering]: ID=15, X=4.80 m, Y=-3.35 m, Width=0.07 m, Depth=0.05 m, Distance=5.85 m
[cluster_plot_node-13] [INFO] [1789577654.061902731] [lidar_clustering]: ID=16, X=5.45 m, Y=2.41 m, Width=0.29 m, Depth=0.17 m, Distance=5.96 m
[cluster_plot_node-13] [INFO] [1789577654.062086088] [lidar_clustering]: FollowGap: mode=CLEAR, direction=STRAIGHT, front=8.00 m, best_angle=0.0 deg
[direct_localization_node-6] [INFO] [1789577654.471667000] [direct_localization]: pose: x=-22.46 y=-7.78 yaw=-149.3° v=0.70m/s [헤딩 정렬됨]
[cluster_plot_node-13] [INFO] [1789577654.987857658] [lidar_clustering]: ID=5, X=0.35 m, Y=1.61 m, Width=0.01 m, Depth=0.06 m, Distance=1.65 m
[cluster_plot_node-13] [INFO] [1789577654.988083164] [lidar_clustering]: ID=7, X=1.71 m, Y=1.89 m, Width=0.04 m, Depth=0.07 m, Distance=2.55 m
[cluster_plot_node-13] [INFO] [1789577654.988259127] [lidar_clustering]: ID=8, X=3.18 m, Y=2.12 m, Width=0.11 m, Depth=0.08 m, Distance=3.82 m
[cluster_plot_node-13] [INFO] [1789577654.988434319] [lidar_clustering]: ID=9, X=6.29 m, Y=2.65 m, Width=0.09 m, Depth=0.04 m, Distance=6.82 m
[cluster_plot_node-13] [INFO] [1789577654.988709630] [lidar_clustering]: ID=12, X=3.69 m, Y=2.33 m, Width=0.04 m, Depth=0.02 m, Distance=4.37 m
[cluster_plot_node-13] [INFO] [1789577654.988938644] [lidar_clustering]: ID=15, X=4.26 m, Y=-3.32 m, Width=0.06 m, Depth=0.05 m, Distance=5.40 m
[cluster_plot_node-13] [INFO] [1789577654.989117472] [lidar_clustering]: ID=16, X=4.74 m, Y=2.40 m, Width=0.09 m, Depth=0.10 m, Distance=5.31 m
[cluster_plot_node-13] [INFO] [1789577654.989293135] [lidar_clustering]: FollowGap: mode=CLEAR, direction=STRAIGHT, front=8.00 m, best_angle=0.0 deg
[cluster_plot_node-13] [INFO] [1789577654.989472694] [lidar_clustering]: points=34, clusters=4, tracks=7
[cluster_plot_node-13] [INFO] [1789577655.915465256] [lidar_clustering]: ID=7, X=1.03 m, Y=1.76 m, Width=0.06 m, Depth=0.10 m, Distance=2.04 m
[cluster_plot_node-13] [INFO] [1789577655.915701824] [lidar_clustering]: ID=8, X=2.50 m, Y=1.98 m, Width=0.11 m, Depth=0.08 m, Distance=3.19 m
[cluster_plot_node-13] [INFO] [1789577655.915903025] [lidar_clustering]: ID=9, X=5.66 m, Y=2.42 m, Width=0.08 m, Depth=0.03 m, Distance=6.16 m
[cluster_plot_node-13] [INFO] [1789577655.916095600] [lidar_clustering]: ID=12, X=4.04 m, Y=2.22 m, Width=0.08 m, Depth=0.05 m, Distance=4.61 m
[cluster_plot_node-13] [INFO] [1789577655.916280710] [lidar_clustering]: ID=15, X=3.14 m, Y=-3.44 m, Width=0.04 m, Depth=0.05 m, Distance=4.65 m
[cluster_plot_node-13] [INFO] [1789577655.916472914] [lidar_clustering]: ID=17, X=7.02 m, Y=2.67 m, Width=0.10 m, Depth=0.04 m, Distance=7.51 m
[cluster_plot_node-13] [INFO] [1789577655.916658695] [lidar_clustering]: FollowGap: mode=CLEAR, direction=STRAIGHT, front=8.00 m, best_angle=0.0 deg
[serial_bridge-12] [WARN] [1789577656.784381713] [serial_bridge_node]: ⚠ 공급전압 강하: VMIN=3713mV — 배터리/전원 확인
[cluster_plot_node-13] [INFO] [1789577656.848576697] [lidar_clustering]: ID=7, X=0.35 m, Y=1.66 m, Width=0.02 m, Depth=0.06 m, Distance=1.69 m
[cluster_plot_node-13] [INFO] [1789577656.848902414] [lidar_clustering]: ID=8, X=1.84 m, Y=1.86 m, Width=0.14 m, Depth=0.17 m, Distance=2.62 m
[cluster_plot_node-13] [INFO] [1789577656.849150874] [lidar_clustering]: ID=9, X=4.90 m, Y=2.17 m, Width=0.07 m, Depth=0.03 m, Distance=5.36 m
[cluster_plot_node-13] [INFO] [1789577656.849336455] [lidar_clustering]: ID=12, X=3.33 m, Y=2.00 m, Width=0.10 m, Depth=0.09 m, Distance=3.88 m
[cluster_plot_node-13] [INFO] [1789577656.849516767] [lidar_clustering]: ID=15, X=2.17 m, Y=-3.62 m, Width=0.03 m, Depth=0.05 m, Distance=4.22 m
[cluster_plot_node-13] [INFO] [1789577656.849688031] [lidar_clustering]: ID=17, X=6.52 m, Y=2.46 m, Width=0.14 m, Depth=0.05 m, Distance=6.97 m
[cluster_plot_node-13] [INFO] [1789577656.849868142] [lidar_clustering]: FollowGap: mode=CLEAR, direction=STRAIGHT, front=8.00 m, best_angle=0.0 deg
[cluster_plot_node-13] [INFO] [1789577656.850051739] [lidar_clustering]: points=47, clusters=5, tracks=6
[direct_localization_node-6] [INFO] [1789577657.471704088] [direct_localization]: pose: x=-24.51 y=-9.07 yaw=-144.1° v=0.85m/s [헤딩 정렬됨]
[cluster_plot_node-13] [INFO] [1789577657.782624174] [lidar_clustering]: ID=8, X=1.06 m, Y=1.69 m, Width=0.05 m, Depth=0.09 m, Distance=1.99 m
[cluster_plot_node-13] [INFO] [1789577657.782859740] [lidar_clustering]: ID=9, X=5.53 m, Y=2.03 m, Width=0.17 m, Depth=0.08 m, Distance=5.89 m
[cluster_plot_node-13] [INFO] [1789577657.783076971] [lidar_clustering]: ID=12, X=2.60 m, Y=1.80 m, Width=0.10 m, Depth=0.10 m, Distance=3.17 m
[cluster_plot_node-13] [INFO] [1789577657.783259597] [lidar_clustering]: ID=15, X=1.29 m, Y=-3.80 m, Width=0.02 m, Depth=0.05 m, Distance=4.01 m
[cluster_plot_node-13] [INFO] [1789577657.783449116] [lidar_clustering]: ID=16, X=4.13 m, Y=1.90 m, Width=0.06 m, Depth=0.03 m, Distance=4.55 m
[cluster_plot_node-13] [INFO] [1789577657.783630589] [lidar_clustering]: ID=17, X=7.52 m, Y=2.27 m, Width=0.11 m, Depth=0.03 m, Distance=7.86 m
[cluster_plot_node-13] [INFO] [1789577657.783824085] [lidar_clustering]: ID=18, X=0.61 m, Y=-2.69 m, Width=0.01 m, Depth=0.04 m, Distance=2.76 m
[cluster_plot_node-13] [INFO] [1789577657.784012562] [lidar_clustering]: FollowGap: mode=CLEAR, direction=STRAIGHT, front=8.00 m, best_angle=0.0 deg
[vrs_ntrip_client-3] [INFO] [1789577658.117955404] [ngii_vrs_ntrip_client]: [NTRIP 연결됨] RTCM 404프레임 발행, GGA 실측(36.97057,127.87457)
[cluster_plot_node-13] [INFO] [1789577658.715597613] [lidar_clustering]: ID=8, X=0.37 m, Y=1.57 m, Width=0.01 m, Depth=0.07 m, Distance=1.61 m
[cluster_plot_node-13] [INFO] [1789577658.715818371] [lidar_clustering]: ID=9, X=4.83 m, Y=1.80 m, Width=0.07 m, Depth=0.25 m, Distance=5.15 m
[cluster_plot_node-13] [INFO] [1789577658.716034911] [lidar_clustering]: ID=12, X=1.79 m, Y=1.62 m, Width=0.08 m, Depth=0.10 m, Distance=2.42 m
[cluster_plot_node-13] [INFO] [1789577658.716283902] [lidar_clustering]: ID=15, X=0.51 m, Y=-3.83 m, Width=0.05 m, Depth=0.07 m, Distance=3.86 m
[cluster_plot_node-13] [INFO] [1789577658.716537772] [lidar_clustering]: ID=16, X=3.22 m, Y=1.70 m, Width=0.12 m, Depth=0.07 m, Distance=3.64 m
[cluster_plot_node-13] [INFO] [1789577658.716760885] [lidar_clustering]: ID=17, X=6.61 m, Y=1.86 m, Width=0.09 m, Depth=0.03 m, Distance=6.87 m
[cluster_plot_node-13] [INFO] [1789577658.716937359] [lidar_clustering]: FollowGap: mode=CLEAR, direction=STRAIGHT, front=8.00 m, best_angle=0.0 deg
[cluster_plot_node-13] [INFO] [1789577658.717137958] [lidar_clustering]: points=35, clusters=3, tracks=6
[cluster_plot_node-13] [INFO] [1789577659.649287412] [lidar_clustering]: ID=8, X=0.92 m, Y=1.50 m, Width=0.04 m, Depth=0.10 m, Distance=1.77 m
[cluster_plot_node-13] [INFO] [1789577659.649540160] [lidar_clustering]: ID=9, X=5.48 m, Y=1.61 m, Width=0.16 m, Depth=0.07 m, Distance=5.71 m
[cluster_plot_node-13] [INFO] [1789577659.649728387] [lidar_clustering]: ID=16, X=2.43 m, Y=1.59 m, Width=0.20 m, Depth=0.14 m, Distance=2.91 m
[cluster_plot_node-13] [INFO] [1789577659.649909229] [lidar_clustering]: ID=17, X=7.00 m, Y=1.67 m, Width=0.14 m, Depth=0.07 m, Distance=7.19 m
[cluster_plot_node-13] [INFO] [1789577659.650084941] [lidar_clustering]: ID=19, X=3.95 m, Y=1.61 m, Width=0.07 m, Depth=0.28 m, Distance=4.27 m
[cluster_plot_node-13] [INFO] [1789577659.650262047] [lidar_clustering]: FollowGap: mode=CLEAR, direction=STRAIGHT, front=8.00 m, best_angle=0.0 deg
[serial_bridge-12] [WARN] [1789577659.794857514] [serial_bridge_node]: ⚠ 공급전압 강하: VMIN=4077mV — 배터리/전원 확인
[direct_localization_node-6] [INFO] [1789577660.471636049] [direct_localization]: pose: x=-26.74 y=-10.82 yaw=-139.8° v=1.26m/s [헤딩 정렬됨]
[cluster_plot_node-13] [INFO] [1789577660.588142071] [lidar_clustering]: ID=8, X=0.34 m, Y=1.46 m, Width=0.00 m, Depth=0.02 m, Distance=1.50 m
[cluster_plot_node-13] [INFO] [1789577660.588360584] [lidar_clustering]: ID=9, X=4.48 m, Y=1.54 m, Width=0.12 m, Depth=0.06 m, Distance=4.74 m
[cluster_plot_node-13] [INFO] [1789577660.588543040] [lidar_clustering]: ID=16, X=1.50 m, Y=1.53 m, Width=0.13 m, Depth=0.11 m, Distance=2.14 m
[cluster_plot_node-13] [INFO] [1789577660.588715546] [lidar_clustering]: ID=17, X=6.09 m, Y=1.58 m, Width=0.11 m, Depth=0.08 m, Distance=6.29 m
[cluster_plot_node-13] [INFO] [1789577660.588889035] [lidar_clustering]: ID=19, X=2.95 m, Y=1.52 m, Width=0.12 m, Depth=0.04 m, Distance=3.31 m
[cluster_plot_node-13] [INFO] [1789577660.589062052] [lidar_clustering]: ID=20, X=3.84 m, Y=-6.71 m, Width=0.09 m, Depth=0.13 m, Distance=7.73 m
[cluster_plot_node-13] [INFO] [1789577660.589234829] [lidar_clustering]: FollowGap: mode=CLEAR, direction=STRAIGHT, front=8.00 m, best_angle=0.0 deg
[cluster_plot_node-13] [INFO] [1789577660.589411684] [lidar_clustering]: points=53, clusters=5, tracks=6
[cluster_plot_node-13] [INFO] [1789577661.522150953] [lidar_clustering]: ID=9, X=3.97 m, Y=1.63 m, Width=0.05 m, Depth=0.02 m, Distance=4.29 m
[cluster_plot_node-13] [INFO] [1789577661.522377151] [lidar_clustering]: ID=12, X=3.59 m, Y=1.57 m, Width=0.20 m, Depth=0.34 m, Distance=3.92 m
[cluster_plot_node-13] [INFO] [1789577661.522555338] [lidar_clustering]: ID=16, X=0.56 m, Y=1.46 m, Width=0.03 m, Depth=0.10 m, Distance=1.56 m
[cluster_plot_node-13] [INFO] [1789577661.522727865] [lidar_clustering]: ID=17, X=5.08 m, Y=1.58 m, Width=0.14 m, Depth=0.06 m, Distance=5.32 m
[cluster_plot_node-13] [INFO] [1789577661.522897756] [lidar_clustering]: ID=19, X=2.06 m, Y=1.51 m, Width=0.08 m, Depth=0.11 m, Distance=2.56 m
[cluster_plot_node-13] [INFO] [1789577661.523090040] [lidar_clustering]: ID=20, X=3.01 m, Y=-6.82 m, Width=0.28 m, Depth=0.39 m, Distance=7.45 m
[cluster_plot_node-13] [INFO] [1789577661.523267997] [lidar_clustering]: FollowGap: mode=CLEAR, direction=STRAIGHT, front=8.00 m, best_angle=0.0 deg
[serial_bridge-12] [WARN] [1789577662.154025771] [serial_bridge_node]: 펌웨어 스톨 감지: STALL: drive=0 steer=1
[cluster_plot_node-13] [INFO] [1789577662.462112505] [lidar_clustering]: ID=12, X=2.64 m, Y=1.52 m, Width=0.10 m, Depth=0.08 m, Distance=3.04 m
[cluster_plot_node-13] [INFO] [1789577662.462344154] [lidar_clustering]: ID=17, X=4.15 m, Y=1.59 m, Width=0.12 m, Depth=0.07 m, Distance=4.45 m
[cluster_plot_node-13] [INFO] [1789577662.462536398] [lidar_clustering]: ID=19, X=1.13 m, Y=1.46 m, Width=0.06 m, Depth=0.09 m, Distance=1.85 m
[cluster_plot_node-13] [INFO] [1789577662.462717591] [lidar_clustering]: ID=20, X=2.14 m, Y=-6.70 m, Width=0.25 m, Depth=0.50 m, Distance=7.03 m
[cluster_plot_node-13] [INFO] [1789577662.462893233] [lidar_clustering]: FollowGap: mode=CLEAR, direction=STRAIGHT, front=8.00 m, best_angle=0.0 deg
[cluster_plot_node-13] [INFO] [1789577662.463069236] [lidar_clustering]: points=64, clusters=4, tracks=4
[serial_bridge-12] [WARN] [1789577662.805594171] [serial_bridge_node]: ⚠ 공급전압 강하: VMIN=4214mV — 배터리/전원 확인
[vrs_ntrip_client-3] [INFO] [1789577663.118012312] [ngii_vrs_ntrip_client]: [NTRIP 연결됨] RTCM 432프레임 발행, GGA 실측(36.97055,127.87453)
[cluster_plot_node-13] [INFO] [1789577663.394699074] [lidar_clustering]: ID=9, X=3.74 m, Y=1.68 m, Width=0.05 m, Depth=0.02 m, Distance=4.10 m
[cluster_plot_node-13] [INFO] [1789577663.394909021] [lidar_clustering]: ID=12, X=1.74 m, Y=1.52 m, Width=0.08 m, Depth=0.12 m, Distance=2.31 m
[cluster_plot_node-13] [INFO] [1789577663.395083592] [lidar_clustering]: ID=17, X=3.24 m, Y=1.60 m, Width=0.12 m, Depth=0.21 m, Distance=3.61 m
[cluster_plot_node-13] [INFO] [1789577663.395251069] [lidar_clustering]: ID=19, X=0.35 m, Y=1.44 m, Width=0.01 m, Depth=0.03 m, Distance=1.48 m
[cluster_plot_node-13] [INFO] [1789577663.395428525] [lidar_clustering]: ID=20, X=1.64 m, Y=-6.75 m, Width=0.09 m, Depth=0.23 m, Distance=6.94 m
[cluster_plot_node-13] [INFO] [1789577663.395601953] [lidar_clustering]: FollowGap: mode=CLEAR, direction=STRAIGHT, front=8.00 m, best_angle=0.0 deg
[direct_localization_node-6] [INFO] [1789577663.471738255] [direct_localization]: pose: x=-29.02 y=-12.60 yaw=-141.7° v=0.92m/s [헤딩 정렬됨]
[serial_bridge-12] [WARN] [1789577664.161195291] [serial_bridge_node]: 펌웨어 스톨 감지: STALL: drive=0 steer=1
[cluster_plot_node-13] [INFO] [1789577664.322129288] [lidar_clustering]: ID=12, X=0.83 m, Y=1.49 m, Width=0.05 m, Depth=0.09 m, Distance=1.71 m
[cluster_plot_node-13] [INFO] [1789577664.322346309] [lidar_clustering]: ID=17, X=2.32 m, Y=1.60 m, Width=0.10 m, Depth=0.08 m, Distance=2.82 m
[cluster_plot_node-13] [INFO] [1789577664.322524266] [lidar_clustering]: ID=21, X=5.39 m, Y=1.72 m, Width=0.11 m, Depth=0.18 m, Distance=5.66 m
[cluster_plot_node-13] [INFO] [1789577664.322696892] [lidar_clustering]: FollowGap: mode=CLEAR, direction=STRAIGHT, front=8.00 m, best_angle=0.0 deg
[cluster_plot_node-13] [INFO] [1789577664.322867465] [lidar_clustering]: points=42, clusters=3, tracks=3
[cluster_plot_node-13] [INFO] [1789577665.261708270] [lidar_clustering]: ID=12, X=0.34 m, Y=1.47 m, Width=0.00 m, Depth=0.02 m, Distance=1.51 m
[cluster_plot_node-13] [INFO] [1789577665.261991646] [lidar_clustering]: ID=17, X=1.43 m, Y=1.60 m, Width=0.15 m, Depth=0.12 m, Distance=2.14 m
[cluster_plot_node-13] [INFO] [1789577665.262261497] [lidar_clustering]: ID=21, X=4.39 m, Y=1.76 m, Width=0.09 m, Depth=0.10 m, Distance=4.73 m
[cluster_plot_node-13] [INFO] [1789577665.262488387] [lidar_clustering]: FollowGap: mode=CLEAR, direction=STRAIGHT, front=8.00 m, best_angle=0.0 deg
[serial_bridge-12] [INFO] [1789577665.758155443] [serial_bridge_node]: 스톨 해제 (0.5s 간 STALL 없음)
[serial_bridge-12] [WARN] [1789577665.812134809] [serial_bridge_node]: ⚠ 공급전압 강하: VMIN=4214mV — 배터리/전원 확인
[serial_bridge-12] [WARN] [1789577666.164103089] [serial_bridge_node]: 펌웨어 스톨 감지: STALL: drive=0 steer=1
[cluster_plot_node-13] [INFO] [1789577666.188955246] [lidar_clustering]: ID=12, X=0.47 m, Y=1.55 m, Width=0.03 m, Depth=0.11 m, Distance=1.62 m
[cluster_plot_node-13] [INFO] [1789577666.189189319] [lidar_clustering]: ID=17, X=0.95 m, Y=1.57 m, Width=0.06 m, Depth=0.10 m, Distance=1.83 m
[cluster_plot_node-13] [INFO] [1789577666.189383507] [lidar_clustering]: ID=21, X=3.91 m, Y=1.90 m, Width=0.05 m, Depth=0.03 m, Distance=4.35 m
[cluster_plot_node-13] [INFO] [1789577666.189564630] [lidar_clustering]: ID=22, X=3.50 m, Y=1.83 m, Width=0.09 m, Depth=0.25 m, Distance=3.95 m
[cluster_plot_node-13] [INFO] [1789577666.189752816] [lidar_clustering]: FollowGap: mode=CLEAR, direction=STRAIGHT, front=8.00 m, best_angle=0.0 deg
[cluster_plot_node-13] [INFO] [1789577666.189940511] [lidar_clustering]: points=31, clusters=2, tracks=4
[direct_localization_node-6] [INFO] [1789577666.471740235] [direct_localization]: pose: x=-31.41 y=-14.30 yaw=-144.2° v=1.12m/s [헤딩 정렬됨]
[serial_bridge-12] [INFO] [1789577666.758318502] [serial_bridge_node]: 스톨 해제 (0.5s 간 STALL 없음)
[cluster_plot_node-13] [INFO] [1789577667.128904689] [lidar_clustering]: ID=22, X=2.47 m, Y=1.83 m, Width=0.18 m, Depth=0.21 m, Distance=3.07 m
[cluster_plot_node-13] [INFO] [1789577667.129121208] [lidar_clustering]: FollowGap: mode=CLEAR, direction=STRAIGHT, front=8.00 m, best_angle=0.0 deg
[cluster_plot_node-13] [INFO] [1789577668.062974307] [lidar_clustering]: ID=22, X=1.38 m, Y=1.80 m, Width=0.07 m, Depth=0.09 m, Distance=2.27 m
[cluster_plot_node-13] [INFO] [1789577668.063216676] [lidar_clustering]: FollowGap: mode=CLEAR, direction=STRAIGHT, front=8.00 m, best_angle=0.0 deg
[cluster_plot_node-13] [INFO] [1789577668.063425691] [lidar_clustering]: points=16, clusters=1, tracks=1
[vrs_ntrip_client-3] [INFO] [1789577668.118002617] [ngii_vrs_ntrip_client]: [NTRIP 연결됨] RTCM 452프레임 발행, GGA 실측(36.97052,127.87448)
[serial_bridge-12] [WARN] [1789577668.822527290] [serial_bridge_node]: ⚠ 공급전압 강하: VMIN=3853mV — 배터리/전원 확인
[cluster_plot_node-13] [INFO] [1789577668.995306010] [lidar_clustering]: ID=22, X=0.37 m, Y=1.71 m, Width=0.01 m, Depth=0.06 m, Distance=1.75 m
[cluster_plot_node-13] [INFO] [1789577668.995543770] [lidar_clustering]: FollowGap: mode=CLEAR, direction=STRAIGHT, front=8.00 m, best_angle=0.0 deg
[direct_localization_node-6] [INFO] [1789577669.471766033] [direct_localization]: pose: x=-34.18 y=-16.13 yaw=-143.5° v=1.30m/s [헤딩 정렬됨]
[cluster_plot_node-13] [INFO] [1789577669.934388906] [lidar_clustering]: ID=23, X=5.36 m, Y=-2.13 m, Width=0.07 m, Depth=0.03 m, Distance=5.77 m
[cluster_plot_node-13] [INFO] [1789577669.934601458] [lidar_clustering]: FollowGap: mode=CLEAR, direction=STRAIGHT, front=8.00 m, best_angle=0.0 deg
[cluster_plot_node-13] [INFO] [1789577669.934776299] [lidar_clustering]: points=0, clusters=0, tracks=1
[cluster_plot_node-13] [INFO] [1789577670.868496860] [lidar_clustering]: ID=23, X=3.73 m, Y=-2.89 m, Width=0.05 m, Depth=0.04 m, Distance=4.72 m
[cluster_plot_node-13] [INFO] [1789577670.868745390] [lidar_clustering]: FollowGap: mode=CLEAR, direction=STRAIGHT, front=8.00 m, best_angle=0.0 deg
[cluster_plot_node-13] [INFO] [1789577671.814179806] [lidar_clustering]: ID=23, X=2.22 m, Y=-3.56 m, Width=0.04 m, Depth=0.10 m, Distance=4.20 m
[cluster_plot_node-13] [INFO] [1789577671.814427284] [lidar_clustering]: FollowGap: mode=CLEAR, direction=STRAIGHT, front=8.00 m, best_angle=0.0 deg
[cluster_plot_node-13] [INFO] [1789577671.814633805] [lidar_clustering]: points=7, clusters=1, tracks=1
[serial_bridge-12] [WARN] [1789577671.829060269] [serial_bridge_node]: ⚠ 공급전압 강하: VMIN=2992mV — 배터리/전원 확인
[direct_localization_node-6] [INFO] [1789577672.471663852] [direct_localization]: pose: x=-36.45 y=-18.62 yaw=-118.0° v=1.13m/s [헤딩 정렬됨]
[cluster_plot_node-13] [INFO] [1789577672.759946254] [lidar_clustering]: ID=24, X=0.61 m, Y=-3.99 m, Width=0.24 m, Depth=0.36 m, Distance=4.03 m
[cluster_plot_node-13] [INFO] [1789577672.760160129] [lidar_clustering]: ID=25, X=1.09 m, Y=-3.94 m, Width=0.34 m, Depth=0.51 m, Distance=4.08 m
[cluster_plot_node-13] [INFO] [1789577672.760342925] [lidar_clustering]: FollowGap: mode=CLEAR, direction=STRAIGHT, front=8.00 m, best_angle=0.0 deg
[vrs_ntrip_client-3] [INFO] [1789577673.118142838] [ngii_vrs_ntrip_client]: [NTRIP 연결됨] RTCM 480프레임 발행, GGA 실측(36.97048,127.87444)
[cluster_plot_node-13] [INFO] [1789577673.699673628] [lidar_clustering]: No confirmed obstacles.
[cluster_plot_node-13] [INFO] [1789577673.699887883] [lidar_clustering]: FollowGap: mode=CLEAR, direction=STRAIGHT, front=8.00 m, best_angle=0.0 deg
[cluster_plot_node-13] [INFO] [1789577673.700063065] [lidar_clustering]: points=0, clusters=0, tracks=0
[cluster_plot_node-13] [INFO] [1789577674.638498547] [lidar_clustering]: No confirmed obstacles.
[cluster_plot_node-13] [INFO] [1789577674.638837108] [lidar_clustering]: FollowGap: mode=CLEAR, direction=STRAIGHT, front=8.00 m, best_angle=0.0 deg
[serial_bridge-12] [WARN] [1789577674.839535674] [serial_bridge_node]: ⚠ 공급전압 강하: VMIN=2731mV — 배터리/전원 확인
[direct_localization_node-6] [INFO] [1789577675.471636747] [direct_localization]: pose: x=-37.03 y=-22.15 yaw=-77.0° v=1.15m/s [헤딩 정렬됨]
[cluster_plot_node-13] [INFO] [1789577675.584341624] [lidar_clustering]: No confirmed obstacles.
[cluster_plot_node-13] [INFO] [1789577675.584568163] [lidar_clustering]: FollowGap: mode=CLEAR, direction=STRAIGHT, front=8.00 m, best_angle=0.0 deg
[cluster_plot_node-13] [INFO] [1789577675.584746400] [lidar_clustering]: points=0, clusters=0, tracks=0
[cluster_plot_node-13] [INFO] [1789577676.530796524] [lidar_clustering]: No confirmed obstacles.
[cluster_plot_node-13] [INFO] [1789577676.531039884] [lidar_clustering]: FollowGap: mode=CLEAR, direction=STRAIGHT, front=8.00 m, best_angle=0.0 deg
[cluster_plot_node-13] [INFO] [1789577677.470126072] [lidar_clustering]: No confirmed obstacles.
[cluster_plot_node-13] [INFO] [1789577677.470362068] [lidar_clustering]: FollowGap: mode=CLEAR, direction=STRAIGHT, front=8.00 m, best_angle=0.0 deg
[cluster_plot_node-13] [INFO] [1789577677.470543742] [lidar_clustering]: points=0, clusters=0, tracks=0
[serial_bridge-12] [WARN] [1789577677.846183929] [serial_bridge_node]: ⚠ 공급전압 강하: VMIN=2961mV — 배터리/전원 확인
[vrs_ntrip_client-3] [INFO] [1789577678.117914025] [ngii_vrs_ntrip_client]: [NTRIP 연결됨] RTCM 500프레임 발행, GGA 실측(36.97044,127.87446)
[cluster_plot_node-13] [INFO] [1789577678.404308383] [lidar_clustering]: ID=26, X=2.90 m, Y=-7.29 m, Width=0.10 m, Depth=0.44 m, Distance=7.85 m
[cluster_plot_node-13] [INFO] [1789577678.404530494] [lidar_clustering]: ID=27, X=7.33 m, Y=-2.53 m, Width=3.98 m, Depth=1.40 m, Distance=7.75 m
[cluster_plot_node-13] [INFO] [1789577678.404727296] [lidar_clustering]: FollowGap: mode=CLEAR, direction=STRAIGHT, front=8.00 m, best_angle=0.0 deg
[direct_localization_node-6] [INFO] [1789577678.471669270] [direct_localization]: pose: x=-35.20 y=-24.79 yaw=-39.9° v=1.06m/s [헤딩 정렬됨]
[cluster_plot_node-13] [INFO] [1789577679.344312548] [lidar_clustering]: ID=26, X=1.04 m, Y=-7.83 m, Width=0.09 m, Depth=0.32 m, Distance=7.89 m
[cluster_plot_node-13] [INFO] [1789577679.344612816] [lidar_clustering]: ID=27, X=6.19 m, Y=-3.18 m, Width=7.00 m, Depth=3.67 m, Distance=6.96 m
[cluster_plot_node-13] [INFO] [1789577679.344853101] [lidar_clustering]: FollowGap: mode=CLEAR, direction=STRAIGHT, front=8.00 m, best_angle=0.0 deg
[cluster_plot_node-13] [INFO] [1789577679.345043230] [lidar_clustering]: points=310, clusters=2, tracks=2
[cluster_plot_node-13] [INFO] [1789577680.284017110] [lidar_clustering]: ID=27, X=5.18 m, Y=-3.51 m, Width=8.11 m, Depth=5.65 m, Distance=6.26 m
[cluster_plot_node-13] [INFO] [1789577680.284233479] [lidar_clustering]: FollowGap: mode=CLEAR, direction=STRAIGHT, front=8.00 m, best_angle=0.0 deg
[serial_bridge-12] [WARN] [1789577680.856717492] [serial_bridge_node]: ⚠ 공급전압 강하: VMIN=3178mV — 배터리/전원 확인
[cluster_plot_node-13] [INFO] [1789577681.211269720] [lidar_clustering]: ID=27, X=4.66 m, Y=-3.31 m, Width=6.77 m, Depth=6.24 m, Distance=5.72 m
[cluster_plot_node-13] [INFO] [1789577681.211491820] [lidar_clustering]: FollowGap: mode=CLEAR, direction=STRAIGHT, front=8.00 m, best_angle=0.0 deg
[cluster_plot_node-13] [INFO] [1789577681.211683824] [lidar_clustering]: points=388, clusters=1, tracks=1
[direct_localization_node-6] [INFO] [1789577681.471776188] [direct_localization]: pose: x=-32.58 y=-26.11 yaw=-15.8° v=1.04m/s [헤딩 정렬됨]
[cluster_plot_node-13] [INFO] [1789577682.145491505] [lidar_clustering]: ID=27, X=4.09 m, Y=-3.34 m, Width=6.73 m, Depth=7.63 m, Distance=5.28 m
[cluster_plot_node-13] [INFO] [1789577682.145930455] [lidar_clustering]: ID=28, X=0.35 m, Y=5.54 m, Width=0.00 m, Depth=0.08 m, Distance=5.55 m
[cluster_plot_node-13] [INFO] [1789577682.146350150] [lidar_clustering]: FollowGap: mode=CLEAR, direction=STRAIGHT, front=8.00 m, best_angle=0.0 deg
[cluster_plot_node-13] [INFO] [1789577683.077945939] [lidar_clustering]: ID=27, X=4.25 m, Y=-2.96 m, Width=4.12 m, Depth=6.02 m, Distance=5.18 m
[cluster_plot_node-13] [INFO] [1789577683.078158141] [lidar_clustering]: ID=28, X=0.87 m, Y=5.53 m, Width=0.14 m, Depth=0.54 m, Distance=5.60 m
[cluster_plot_node-13] [INFO] [1789577683.078363600] [lidar_clustering]: ID=29, X=3.73 m, Y=-3.33 m, Width=5.16 m, Depth=7.31 m, Distance=5.00 m
[cluster_plot_node-13] [INFO] [1789577683.078544672] [lidar_clustering]: ID=30, X=6.83 m, Y=2.67 m, Width=0.41 m, Depth=0.26 m, Distance=7.34 m
[cluster_plot_node-13] [INFO] [1789577683.078721076] [lidar_clustering]: FollowGap: mode=CLEAR, direction=STRAIGHT, front=8.00 m, best_angle=0.0 deg
[cluster_plot_node-13] [INFO] [1789577683.078894134] [lidar_clustering]: points=388, clusters=3, tracks=4
[vrs_ntrip_client-3] [INFO] [1789577683.118006817] [ngii_vrs_ntrip_client]: [NTRIP 연결됨] RTCM 528프레임 발행, GGA 실측(36.97042,127.87451)
[serial_bridge-12] [WARN] [1789577683.867163534] [serial_bridge_node]: ⚠ 공급전압 강하: VMIN=3224mV — 배터리/전원 확인
[cluster_plot_node-13] [INFO] [1789577684.011822380] [lidar_clustering]: ID=28, X=1.28 m, Y=5.36 m, Width=0.06 m, Depth=0.19 m, Distance=5.51 m
[cluster_plot_node-13] [INFO] [1789577684.012049429] [lidar_clustering]: ID=29, X=3.19 m, Y=-3.48 m, Width=3.28 m, Depth=6.09 m, Distance=4.72 m
[cluster_plot_node-13] [INFO] [1789577684.012247053] [lidar_clustering]: ID=30, X=6.19 m, Y=1.70 m, Width=0.42 m, Depth=0.22 m, Distance=6.42 m
[cluster_plot_node-13] [INFO] [1789577684.012441281] [lidar_clustering]: ID=31, X=7.37 m, Y=-1.43 m, Width=0.54 m, Depth=1.04 m, Distance=7.51 m
[cluster_plot_node-13] [INFO] [1789577684.012632082] [lidar_clustering]: ID=32, X=1.55 m, Y=5.38 m, Width=0.05 m, Depth=0.33 m, Distance=5.60 m
[cluster_plot_node-13] [INFO] [1789577684.012821601] [lidar_clustering]: FollowGap: mode=CLEAR, direction=STRAIGHT, front=8.00 m, best_angle=0.0 deg
[direct_localization_node-6] [INFO] [1789577684.471796908] [direct_localization]: pose: x=-29.77 y=-26.27 yaw=6.0° v=0.97m/s [헤딩 정렬됨]
[cluster_plot_node-13] [INFO] [1789577684.945081877] [lidar_clustering]: ID=28, X=1.84 m, Y=5.13 m, Width=0.12 m, Depth=0.20 m, Distance=5.45 m
[cluster_plot_node-13] [INFO] [1789577684.945315068] [lidar_clustering]: ID=29, X=2.92 m, Y=-3.56 m, Width=1.89 m, Depth=4.43 m, Distance=4.60 m
[cluster_plot_node-13] [INFO] [1789577684.945508525] [lidar_clustering]: ID=30, X=5.46 m, Y=0.78 m, Width=0.61 m, Depth=0.23 m, Distance=5.52 m
[cluster_plot_node-13] [INFO] [1789577684.945694617] [lidar_clustering]: ID=31, X=6.68 m, Y=-2.22 m, Width=0.78 m, Depth=2.01 m, Distance=7.04 m
[cluster_plot_node-13] [INFO] [1789577684.945882062] [lidar_clustering]: ID=32, X=2.28 m, Y=5.22 m, Width=0.03 m, Depth=0.07 m, Distance=5.69 m
[cluster_plot_node-13] [INFO] [1789577684.946068815] [lidar_clustering]: ID=33, X=5.72 m, Y=0.01 m, Width=0.08 m, Depth=0.00 m, Distance=5.72 m
[cluster_plot_node-13] [INFO] [1789577684.946258554] [lidar_clustering]: ID=34, X=4.98 m, Y=5.92 m, Width=0.09 m, Depth=0.10 m, Distance=7.74 m
[cluster_plot_node-13] [INFO] [1789577684.946456338] [lidar_clustering]: FollowGap: mode=CLEAR, direction=STRAIGHT, front=8.00 m, best_angle=0.0 deg
[cluster_plot_node-13] [INFO] [1789577684.946648352] [lidar_clustering]: points=385, clusters=7, tracks=7
[mission_sequencer-15] [INFO] [1789577685.042791438] [mission_sequencer]: ▶ lidar_avoid ARM (배경, s=37.5m)
[cluster_plot_node-13] [INFO] [1789577685.142900900] [lidar_clustering]: ▶ ARM — 조향 회피 시작 (감속은 원래 켜져 있다)
[cluster_plot_node-13] [INFO] [1789577685.872938474] [lidar_clustering]: ID=28, X=2.40 m, Y=4.90 m, Width=0.22 m, Depth=0.44 m, Distance=5.45 m
[cluster_plot_node-13] [INFO] [1789577685.873164111] [lidar_clustering]: ID=29, X=2.26 m, Y=-3.74 m, Width=1.37 m, Depth=3.92 m, Distance=4.37 m
[cluster_plot_node-13] [INFO] [1789577685.873358258] [lidar_clustering]: ID=30, X=4.67 m, Y=0.32 m, Width=0.41 m, Depth=0.15 m, Distance=4.68 m
[cluster_plot_node-13] [INFO] [1789577685.873617168] [lidar_clustering]: ID=31, X=6.02 m, Y=-2.76 m, Width=0.98 m, Depth=3.05 m, Distance=6.62 m
[cluster_plot_node-13] [INFO] [1789577685.873817888] [lidar_clustering]: ID=33, X=4.63 m, Y=-0.55 m, Width=0.05 m, Depth=0.01 m, Distance=4.66 m
[cluster_plot_node-13] [INFO] [1789577685.873999572] [lidar_clustering]: ID=34, X=4.69 m, Y=5.47 m, Width=0.07 m, Depth=0.08 m, Distance=7.21 m
[cluster_plot_node-13] [INFO] [1789577685.874179322] [lidar_clustering]: ID=35, X=7.17 m, Y=2.42 m, Width=0.43 m, Depth=0.13 m, Distance=7.56 m
[cluster_plot_node-13] [INFO] [1789577685.874364463] [lidar_clustering]: ID=36, X=5.14 m, Y=-0.66 m, Width=0.07 m, Depth=0.01 m, Distance=5.18 m
[cluster_plot_node-13] [INFO] [1789577685.874548601] [lidar_clustering]: FollowGap: mode=CLEAR, direction=STRAIGHT, front=8.00 m, best_angle=0.0 deg
[vehicle_cmd_mux-11] [INFO] [1789577686.530766745] [vehicle_cmd_mux]: 모드: AVOID(라이다)
[cluster_plot_node-13] [INFO] [1789577686.806711362] [lidar_clustering]: ID=27, X=2.68 m, Y=-3.35 m, Width=0.29 m, Depth=1.11 m, Distance=4.29 m
[cluster_plot_node-13] [INFO] [1789577686.806990711] [lidar_clustering]: ID=28, X=2.39 m, Y=4.54 m, Width=0.18 m, Depth=0.27 m, Distance=5.13 m
[cluster_plot_node-13] [INFO] [1789577686.807259850] [lidar_clustering]: ID=29, X=1.68 m, Y=-3.90 m, Width=0.23 m, Depth=1.02 m, Distance=4.25 m
[cluster_plot_node-13] [INFO] [1789577686.807546763] [lidar_clustering]: ID=30, X=3.77 m, Y=-0.00 m, Width=0.58 m, Depth=0.23 m, Distance=3.77 m
[cluster_plot_node-13] [INFO] [1789577686.807802116] [lidar_clustering]: ID=31, X=5.29 m, Y=-3.05 m, Width=1.09 m, Depth=4.11 m, Distance=6.11 m
[cluster_plot_node-13] [INFO] [1789577686.808055446] [lidar_clustering]: ID=33, X=4.33 m, Y=-0.40 m, Width=0.06 m, Depth=0.01 m, Distance=4.35 m
[cluster_plot_node-13] [INFO] [1789577686.808308385] [lidar_clustering]: ID=34, X=4.15 m, Y=5.25 m, Width=0.06 m, Depth=0.13 m, Distance=6.70 m
[cluster_plot_node-13] [INFO] [1789577686.808517280] [lidar_clustering]: ID=35, X=6.35 m, Y=2.02 m, Width=0.42 m, Depth=0.13 m, Distance=6.67 m
[cluster_plot_node-13] [INFO] [1789577686.808709864] [lidar_clustering]: ID=36, X=4.39 m, Y=-1.02 m, Width=0.06 m, Depth=0.01 m, Distance=4.51 m
[cluster_plot_node-13] [INFO] [1789577686.808907448] [lidar_clustering]: ID=37, X=3.84 m, Y=5.10 m, Width=0.07 m, Depth=0.09 m, Distance=6.38 m
[cluster_plot_node-13] [INFO] [1789577686.809087269] [lidar_clustering]: ID=38, X=3.91 m, Y=-0.87 m, Width=0.09 m, Depth=0.03 m, Distance=4.01 m
[cluster_plot_node-13] [INFO] [1789577686.809267249] [lidar_clustering]: FollowGap: mode=AVOID, direction=LEFT, front=3.57 m, best_angle=16.4 deg
[cluster_plot_node-13] [INFO] [1789577686.809449795] [lidar_clustering]: points=381, clusters=10, tracks=11
[serial_bridge-12] [WARN] [1789577686.877925929] [serial_bridge_node]: ⚠ 공급전압 강하: VMIN=3990mV — 배터리/전원 확인
[direct_localization_node-6] [INFO] [1789577687.471698989] [direct_localization]: pose: x=-27.06 y=-25.57 yaw=21.7° v=0.95m/s [헤딩 정렬됨]
[cluster_plot_node-13] [INFO] [1789577687.739693609] [lidar_clustering]: ID=27, X=1.30 m, Y=-3.81 m, Width=0.08 m, Depth=1.14 m, Distance=4.02 m
[cluster_plot_node-13] [INFO] [1789577687.740011641] [lidar_clustering]: ID=28, X=2.70 m, Y=3.60 m, Width=0.19 m, Depth=0.32 m, Distance=4.50 m
[cluster_plot_node-13] [INFO] [1789577687.740284457] [lidar_clustering]: ID=29, X=0.61 m, Y=-4.17 m, Width=0.08 m, Depth=0.40 m, Distance=4.22 m
[cluster_plot_node-13] [INFO] [1789577687.740564177] [lidar_clustering]: ID=30, X=2.87 m, Y=-0.71 m, Width=0.70 m, Depth=0.16 m, Distance=2.96 m
[cluster_plot_node-13] [INFO] [1789577687.740797198] [lidar_clustering]: ID=31, X=3.84 m, Y=-3.93 m, Width=0.42 m, Depth=4.06 m, Distance=5.50 m
[cluster_plot_node-13] [INFO] [1789577687.741041981] [lidar_clustering]: ID=34, X=3.93 m, Y=4.29 m, Width=0.18 m, Depth=0.46 m, Distance=5.82 m
[cluster_plot_node-13] [INFO] [1789577687.741278168] [lidar_clustering]: ID=35, X=5.80 m, Y=0.82 m, Width=0.28 m, Depth=0.09 m, Distance=5.86 m
[cluster_plot_node-13] [INFO] [1789577687.741515968] [lidar_clustering]: ID=37, X=3.66 m, Y=4.57 m, Width=0.18 m, Depth=0.12 m, Distance=5.85 m
[cluster_plot_node-13] [INFO] [1789577687.741700176] [lidar_clustering]: ID=38, X=2.79 m, Y=-1.57 m, Width=0.10 m, Depth=0.04 m, Distance=3.21 m
[cluster_plot_node-13] [INFO] [1789577687.741879215] [lidar_clustering]: ID=39, X=6.90 m, Y=-3.65 m, Width=0.05 m, Depth=0.36 m, Distance=7.81 m
[cluster_plot_node-13] [INFO] [1789577687.742063163] [lidar_clustering]: FollowGap: mode=AVOID, direction=LEFT, front=2.84 m, best_angle=6.4 deg
[vrs_ntrip_client-3] [INFO] [1789577688.117988196] [ngii_vrs_ntrip_client]: [NTRIP 연결됨] RTCM 548프레임 발행, GGA 실측(36.97043,127.87456)
[cluster_plot_node-13] [INFO] [1789577688.674257594] [lidar_clustering]: ID=27, X=0.47 m, Y=-4.13 m, Width=0.05 m, Depth=0.26 m, Distance=4.16 m
[cluster_plot_node-13] [INFO] [1789577688.674485165] [lidar_clustering]: ID=28, X=2.50 m, Y=3.13 m, Width=0.31 m, Depth=0.16 m, Distance=4.01 m
[cluster_plot_node-13] [INFO] [1789577688.674669504] [lidar_clustering]: ID=30, X=1.62 m, Y=-1.09 m, Width=0.48 m, Depth=0.45 m, Distance=1.96 m
[cluster_plot_node-13] [INFO] [1789577688.674851398] [lidar_clustering]: ID=31, X=2.04 m, Y=-4.54 m, Width=0.19 m, Depth=2.98 m, Distance=4.98 m
[cluster_plot_node-13] [INFO] [1789577688.675028894] [lidar_clustering]: ID=34, X=3.50 m, Y=3.70 m, Width=0.14 m, Depth=0.46 m, Distance=5.09 m
[cluster_plot_node-13] [INFO] [1789577688.675208584] [lidar_clustering]: ID=35, X=5.11 m, Y=0.05 m, Width=0.39 m, Depth=0.04 m, Distance=5.11 m
[cluster_plot_node-13] [INFO] [1789577688.675392181] [lidar_clustering]: ID=37, X=3.14 m, Y=3.67 m, Width=0.04 m, Depth=0.07 m, Distance=4.83 m
[cluster_plot_node-13] [INFO] [1789577688.675569757] [lidar_clustering]: ID=38, X=1.91 m, Y=-2.31 m, Width=0.02 m, Depth=0.02 m, Distance=2.99 m
[cluster_plot_node-13] [INFO] [1789577688.675744779] [lidar_clustering]: ID=39, X=4.54 m, Y=-4.54 m, Width=0.06 m, Depth=1.01 m, Distance=6.42 m
[cluster_plot_node-13] [INFO] [1789577688.675922425] [lidar_clustering]: ID=40, X=2.06 m, Y=-1.00 m, Width=0.18 m, Depth=0.04 m, Distance=2.29 m
[cluster_plot_node-13] [INFO] [1789577688.676098288] [lidar_clustering]: ID=41, X=1.84 m, Y=-1.93 m, Width=0.17 m, Depth=0.06 m, Distance=2.67 m
[cluster_plot_node-13] [INFO] [1789577688.676277848] [lidar_clustering]: FollowGap: mode=AVOID, direction=RIGHT, front=1.80 m, best_angle=-5.6 deg
[cluster_plot_node-13] [INFO] [1789577688.676458750] [lidar_clustering]: points=367, clusters=10, tracks=11
[cluster_plot_node-13] [INFO] [1789577689.606517343] [lidar_clustering]: ID=28, X=1.81 m, Y=3.25 m, Width=0.24 m, Depth=0.19 m, Distance=3.72 m
[cluster_plot_node-13] [INFO] [1789577689.606740135] [lidar_clustering]: ID=29, X=1.26 m, Y=-4.44 m, Width=0.13 m, Depth=1.66 m, Distance=4.62 m
[cluster_plot_node-13] [INFO] [1789577689.606925866] [lidar_clustering]: ID=30, X=1.03 m, Y=-0.86 m, Width=0.14 m, Depth=0.06 m, Distance=1.34 m
[cluster_plot_node-13] [INFO] [1789577689.607122138] [lidar_clustering]: ID=31, X=2.78 m, Y=-4.49 m, Width=0.11 m, Depth=0.45 m, Distance=5.28 m
[cluster_plot_node-13] [INFO] [1789577689.607304282] [lidar_clustering]: ID=33, X=4.87 m, Y=0.91 m, Width=0.05 m, Depth=0.01 m, Distance=4.95 m
[cluster_plot_node-13] [INFO] [1789577689.607489202] [lidar_clustering]: ID=34, X=2.55 m, Y=3.91 m, Width=0.08 m, Depth=0.23 m, Distance=4.67 m
[cluster_plot_node-13] [INFO] [1789577689.607671558] [lidar_clustering]: ID=35, X=4.29 m, Y=0.94 m, Width=0.06 m, Depth=0.01 m, Distance=4.39 m
[cluster_plot_node-13] [INFO] [1789577689.607851338] [lidar_clustering]: ID=36, X=4.25 m, Y=0.32 m, Width=0.52 m, Depth=0.14 m, Distance=4.26 m
[cluster_plot_node-13] [INFO] [1789577689.608038292] [lidar_clustering]: ID=39, X=2.70 m, Y=-4.46 m, Width=0.05 m, Depth=0.42 m, Distance=5.21 m
[cluster_plot_node-13] [INFO] [1789577689.608216900] [lidar_clustering]: ID=40, X=1.00 m, Y=-1.34 m, Width=0.15 m, Depth=0.11 m, Distance=1.67 m
[cluster_plot_node-13] [INFO] [1789577689.608404244] [lidar_clustering]: ID=41, X=0.99 m, Y=-1.96 m, Width=0.10 m, Depth=0.12 m, Distance=2.20 m
[cluster_plot_node-13] [INFO] [1789577689.608587110] [lidar_clustering]: ID=42, X=4.68 m, Y=1.61 m, Width=0.06 m, Depth=0.02 m, Distance=4.95 m
[cluster_plot_node-13] [INFO] [1789577689.608767542] [lidar_clustering]: ID=43, X=4.33 m, Y=1.41 m, Width=0.06 m, Depth=0.02 m, Distance=4.55 m
[cluster_plot_node-13] [INFO] [1789577689.608943114] [lidar_clustering]: ID=44, X=6.10 m, Y=-4.37 m, Width=0.14 m, Depth=1.17 m, Distance=7.50 m
[cluster_plot_node-13] [INFO] [1789577689.609127964] [lidar_clustering]: FollowGap: mode=AVOID, direction=RIGHT, front=1.28 m, best_angle=-7.6 deg
[direct_localization_node-6] [INFO] [1789577690.471720842] [direct_localization]: pose: x=-24.65 y=-24.23 yaw=22.1° v=0.97m/s [헤딩 정렬됨]
[cluster_plot_node-13] [INFO] [1789577690.534272682] [lidar_clustering]: ID=28, X=1.28 m, Y=3.43 m, Width=0.30 m, Depth=0.49 m, Distance=3.66 m
[cluster_plot_node-13] [INFO] [1789577690.534506174] [lidar_clustering]: ID=29, X=0.53 m, Y=-4.39 m, Width=0.06 m, Depth=0.15 m, Distance=4.42 m
[cluster_plot_node-13] [INFO] [1789577690.534699841] [lidar_clustering]: ID=30, X=0.34 m, Y=-1.17 m, Width=0.13 m, Depth=0.03 m, Distance=1.22 m
[cluster_plot_node-13] [INFO] [1789577690.534886925] [lidar_clustering]: ID=34, X=1.04 m, Y=4.08 m, Width=0.21 m, Depth=0.33 m, Distance=4.21 m
[cluster_plot_node-13] [INFO] [1789577690.535068228] [lidar_clustering]: ID=35, X=3.17 m, Y=1.30 m, Width=0.11 m, Depth=0.08 m, Distance=3.43 m
[cluster_plot_node-13] [INFO] [1789577690.535248760] [lidar_clustering]: ID=36, X=3.21 m, Y=0.71 m, Width=0.52 m, Depth=0.09 m, Distance=3.29 m
[cluster_plot_node-13] [INFO] [1789577690.535463776] [lidar_clustering]: ID=41, X=0.49 m, Y=-1.88 m, Width=0.05 m, Depth=0.13 m, Distance=1.94 m
[cluster_plot_node-13] [INFO] [1789577690.535653095] [lidar_clustering]: ID=42, X=4.13 m, Y=1.36 m, Width=0.05 m, Depth=0.02 m, Distance=4.35 m
[cluster_plot_node-13] [INFO] [1789577690.535834999] [lidar_clustering]: ID=43, X=3.11 m, Y=1.87 m, Width=0.08 m, Depth=0.09 m, Distance=3.63 m
[cluster_plot_node-13] [INFO] [1789577690.536014138] [lidar_clustering]: ID=44, X=3.77 m, Y=-3.94 m, Width=0.58 m, Depth=5.34 m, Distance=5.45 m
[cluster_plot_node-13] [INFO] [1789577690.536193768] [lidar_clustering]: ID=45, X=5.97 m, Y=5.19 m, Width=0.49 m, Depth=0.36 m, Distance=7.91 m
[cluster_plot_node-13] [INFO] [1789577690.536384709] [lidar_clustering]: FollowGap: mode=AVOID, direction=RIGHT, front=3.23 m, best_angle=-5.0 deg
[cluster_plot_node-13] [INFO] [1789577690.536567966] [lidar_clustering]: points=361, clusters=7, tracks=11
[cluster_plot_node-13] [INFO] [1789577691.467993727] [lidar_clustering]: ID=28, X=0.71 m, Y=3.55 m, Width=0.26 m, Depth=0.32 m, Distance=3.62 m
[cluster_plot_node-13] [INFO] [1789577691.468213793] [lidar_clustering]: ID=34, X=0.41 m, Y=4.24 m, Width=0.07 m, Depth=0.14 m, Distance=4.26 m
[cluster_plot_node-13] [INFO] [1789577691.468396399] [lidar_clustering]: ID=35, X=2.08 m, Y=1.66 m, Width=0.10 m, Depth=0.10 m, Distance=2.66 m
[cluster_plot_node-13] [INFO] [1789577691.468574245] [lidar_clustering]: ID=36, X=2.16 m, Y=1.08 m, Width=0.49 m, Depth=0.13 m, Distance=2.41 m
[cluster_plot_node-13] [INFO] [1789577691.468776939] [lidar_clustering]: ID=43, X=1.96 m, Y=2.20 m, Width=0.05 m, Depth=0.09 m, Distance=2.95 m
[cluster_plot_node-13] [INFO] [1789577691.469000512] [lidar_clustering]: ID=44, X=3.39 m, Y=-3.44 m, Width=1.14 m, Depth=5.01 m, Distance=4.83 m
[cluster_plot_node-13] [INFO] [1789577691.469187877] [lidar_clustering]: ID=45, X=4.44 m, Y=5.86 m, Width=0.53 m, Depth=0.40 m, Distance=7.35 m
[cluster_plot_node-13] [INFO] [1789577691.469367426] [lidar_clustering]: ID=46, X=7.06 m, Y=-2.83 m, Width=0.15 m, Depth=0.77 m, Distance=7.61 m
[cluster_plot_node-13] [INFO] [1789577691.469543059] [lidar_clustering]: ID=47, X=4.16 m, Y=6.69 m, Width=0.31 m, Depth=0.20 m, Distance=7.88 m
[cluster_plot_node-13] [INFO] [1789577691.469724843] [lidar_clustering]: FollowGap: mode=AVOID, direction=STRAIGHT, front=2.35 m, best_angle=2.0 deg
[serial_bridge-12] [WARN] [1789577691.735711056] [serial_bridge_node]: ⚠ 공급전압 강하: VMIN=4278mV — 배터리/전원 확인
[cluster_plot_node-13] [INFO] [1789577692.402059177] [lidar_clustering]: ID=28, X=0.68 m, Y=3.76 m, Width=0.01 m, Depth=0.05 m, Distance=3.83 m
[cluster_plot_node-13] [INFO] [1789577692.402285075] [lidar_clustering]: ID=34, X=0.52 m, Y=3.71 m, Width=0.26 m, Depth=0.43 m, Distance=3.75 m
[cluster_plot_node-13] [INFO] [1789577692.402475295] [lidar_clustering]: ID=35, X=1.22 m, Y=1.81 m, Width=0.32 m, Depth=0.28 m, Distance=2.18 m
[cluster_plot_node-13] [INFO] [1789577692.402657319] [lidar_clustering]: ID=36, X=1.04 m, Y=2.17 m, Width=0.27 m, Depth=0.20 m, Distance=2.41 m
[cluster_plot_node-13] [INFO] [1789577692.402841077] [lidar_clustering]: ID=43, X=1.16 m, Y=2.39 m, Width=0.37 m, Depth=0.24 m, Distance=2.65 m
[cluster_plot_node-13] [INFO] [1789577692.403019725] [lidar_clustering]: ID=44, X=3.17 m, Y=-3.23 m, Width=1.62 m, Depth=7.03 m, Distance=4.52 m
[cluster_plot_node-13] [INFO] [1789577692.403197191] [lidar_clustering]: ID=45, X=3.30 m, Y=6.03 m, Width=0.79 m, Depth=0.41 m, Distance=6.87 m
[cluster_plot_node-13] [INFO] [1789577692.403377392] [lidar_clustering]: ID=46, X=6.84 m, Y=-2.50 m, Width=0.39 m, Depth=1.53 m, Distance=7.29 m
[cluster_plot_node-13] [INFO] [1789577692.403552714] [lidar_clustering]: ID=47, X=3.85 m, Y=6.13 m, Width=0.04 m, Depth=0.06 m, Distance=7.24 m
[cluster_plot_node-13] [INFO] [1789577692.403724820] [lidar_clustering]: ID=48, X=4.79 m, Y=6.09 m, Width=0.25 m, Depth=0.60 m, Distance=7.75 m
[cluster_plot_node-13] [INFO] [1789577692.403917855] [lidar_clustering]: ID=49, X=1.29 m, Y=1.08 m, Width=0.46 m, Depth=0.46 m, Distance=1.69 m
[cluster_plot_node-13] [INFO] [1789577692.404099398] [lidar_clustering]: ID=50, X=1.67 m, Y=2.61 m, Width=0.02 m, Depth=0.05 m, Distance=3.10 m
[cluster_plot_node-13] [INFO] [1789577692.404277155] [lidar_clustering]: ID=51, X=6.76 m, Y=-1.39 m, Width=0.07 m, Depth=0.01 m, Distance=6.90 m
[cluster_plot_node-13] [INFO] [1789577692.404473747] [lidar_clustering]: FollowGap: mode=AVOID, direction=LEFT, front=1.56 m, best_angle=5.8 deg
[cluster_plot_node-13] [INFO] [1789577692.404679015] [lidar_clustering]: points=540, clusters=8, tracks=13
[vrs_ntrip_client-3] [INFO] [1789577693.118059805] [ngii_vrs_ntrip_client]: [NTRIP 연결됨] RTCM 576프레임 발행, GGA 실측(36.97045,127.87461)
[cluster_plot_node-13] [INFO] [1789577693.340307299] [lidar_clustering]: ID=28, X=0.68 m, Y=3.60 m, Width=0.04 m, Depth=0.13 m, Distance=3.67 m
[cluster_plot_node-13] [INFO] [1789577693.341235475] [lidar_clustering]: ID=34, X=0.37 m, Y=3.69 m, Width=0.02 m, Depth=0.08 m, Distance=3.71 m
[cluster_plot_node-13] [INFO] [1789577693.341463136] [lidar_clustering]: ID=35, X=0.38 m, Y=1.52 m, Width=0.03 m, Depth=0.11 m, Distance=1.56 m
[cluster_plot_node-13] [INFO] [1789577693.341699383] [lidar_clustering]: ID=36, X=0.36 m, Y=2.09 m, Width=0.03 m, Depth=0.06 m, Distance=2.12 m
[cluster_plot_node-13] [INFO] [1789577693.341902938] [lidar_clustering]: ID=43, X=0.49 m, Y=0.95 m, Width=0.47 m, Depth=0.17 m, Distance=1.07 m
[cluster_plot_node-13] [INFO] [1789577693.342103017] [lidar_clustering]: ID=44, X=2.97 m, Y=-3.29 m, Width=1.05 m, Depth=6.92 m, Distance=4.44 m
[cluster_plot_node-13] [INFO] [1789577693.342296293] [lidar_clustering]: ID=46, X=5.98 m, Y=-1.53 m, Width=0.08 m, Depth=0.02 m, Distance=6.17 m
[cluster_plot_node-13] [INFO] [1789577693.342491723] [lidar_clustering]: ID=47, X=2.58 m, Y=6.43 m, Width=0.37 m, Depth=0.26 m, Distance=6.93 m
[cluster_plot_node-13] [INFO] [1789577693.342695067] [lidar_clustering]: ID=48, X=4.78 m, Y=5.94 m, Width=0.25 m, Depth=0.85 m, Distance=7.62 m
[cluster_plot_node-13] [INFO] [1789577693.342882683] [lidar_clustering]: ID=49, X=0.71 m, Y=0.81 m, Width=0.01 m, Depth=0.06 m, Distance=1.07 m
[cluster_plot_node-13] [INFO] [1789577693.343065809] [lidar_clustering]: ID=51, X=7.07 m, Y=-1.74 m, Width=0.10 m, Depth=0.02 m, Distance=7.28 m
[cluster_plot_node-13] [INFO] [1789577693.343250919] [lidar_clustering]: ID=52, X=6.10 m, Y=-2.76 m, Width=0.61 m, Depth=2.69 m, Distance=6.69 m
[cluster_plot_node-13] [INFO] [1789577693.343441590] [lidar_clustering]: FollowGap: mode=AVOID, direction=LEFT, front=0.89 m, best_angle=6.8 deg
[direct_localization_node-6] [INFO] [1789577693.471658902] [direct_localization]: pose: x=-21.77 y=-23.38 yaw=18.8° v=1.30m/s [헤딩 정렬됨]
[vehicle_cmd_mux-11] [INFO] [1789577694.030720648] [vehicle_cmd_mux]: 모드: AUTO
[cluster_plot_node-13] [INFO] [1789577694.279969361] [lidar_clustering]: ID=28, X=0.82 m, Y=3.71 m, Width=0.03 m, Depth=0.11 m, Distance=3.80 m
[cluster_plot_node-13] [INFO] [1789577694.280188876] [lidar_clustering]: ID=34, X=0.73 m, Y=3.58 m, Width=0.21 m, Depth=0.39 m, Distance=3.66 m
[cluster_plot_node-13] [INFO] [1789577694.280373035] [lidar_clustering]: ID=44, X=2.64 m, Y=-3.56 m, Width=0.40 m, Depth=5.42 m, Distance=4.43 m
[cluster_plot_node-13] [INFO] [1789577694.280546222] [lidar_clustering]: ID=46, X=4.18 m, Y=-2.33 m, Width=0.09 m, Depth=0.05 m, Distance=4.78 m
[cluster_plot_node-13] [INFO] [1789577694.280717126] [lidar_clustering]: ID=47, X=2.53 m, Y=5.08 m, Width=0.34 m, Depth=0.80 m, Distance=5.67 m
[cluster_plot_node-13] [INFO] [1789577694.280885925] [lidar_clustering]: ID=48, X=4.46 m, Y=5.40 m, Width=0.50 m, Depth=2.26 m, Distance=7.01 m
[cluster_plot_node-13] [INFO] [1789577694.281060576] [lidar_clustering]: ID=51, X=6.38 m, Y=-3.28 m, Width=0.09 m, Depth=0.53 m, Distance=7.17 m
[cluster_plot_node-13] [INFO] [1789577694.281232311] [lidar_clustering]: ID=52, X=6.28 m, Y=-2.25 m, Width=0.07 m, Depth=0.02 m, Distance=6.67 m
[cluster_plot_node-13] [INFO] [1789577694.281409516] [lidar_clustering]: ID=53, X=7.00 m, Y=-3.10 m, Width=0.10 m, Depth=0.05 m, Distance=7.65 m
[cluster_plot_node-13] [INFO] [1789577694.281581451] [lidar_clustering]: ID=54, X=4.68 m, Y=-2.22 m, Width=0.07 m, Depth=0.02 m, Distance=5.18 m
[cluster_plot_node-13] [INFO] [1789577694.281754719] [lidar_clustering]: FollowGap: mode=CLEAR, direction=STRAIGHT, front=8.00 m, best_angle=0.0 deg
[cluster_plot_node-13] [INFO] [1789577694.281950360] [lidar_clustering]: points=437, clusters=7, tracks=10
[serial_bridge-12] [WARN] [1789577694.746310079] [serial_bridge_node]: ⚠ 공급전압 강하: VMIN=3505mV — 배터리/전원 확인
[cluster_plot_node-13] [INFO] [1789577695.213559296] [lidar_clustering]: ID=28, X=0.98 m, Y=3.59 m, Width=0.07 m, Depth=0.24 m, Distance=3.72 m
[cluster_plot_node-13] [INFO] [1789577695.213779142] [lidar_clustering]: ID=34, X=0.70 m, Y=3.37 m, Width=0.04 m, Depth=0.24 m, Distance=3.44 m
[cluster_plot_node-13] [INFO] [1789577695.213978569] [lidar_clustering]: ID=44, X=2.20 m, Y=-3.90 m, Width=0.17 m, Depth=3.60 m, Distance=4.48 m
[cluster_plot_node-13] [INFO] [1789577695.214177726] [lidar_clustering]: ID=46, X=3.37 m, Y=-2.68 m, Width=0.11 m, Depth=0.04 m, Distance=4.30 m
[cluster_plot_node-13] [INFO] [1789577695.214374218] [lidar_clustering]: ID=47, X=2.06 m, Y=4.69 m, Width=0.09 m, Depth=0.50 m, Distance=5.13 m
[cluster_plot_node-13] [INFO] [1789577695.214564107] [lidar_clustering]: ID=48, X=3.93 m, Y=4.88 m, Width=0.32 m, Depth=2.32 m, Distance=6.27 m
[cluster_plot_node-13] [INFO] [1789577695.214750901] [lidar_clustering]: ID=51, X=4.56 m, Y=-3.93 m, Width=0.11 m, Depth=0.49 m, Distance=6.02 m
[cluster_plot_node-13] [INFO] [1789577695.214940890] [lidar_clustering]: ID=52, X=5.41 m, Y=-3.91 m, Width=0.06 m, Depth=0.48 m, Distance=6.67 m
[cluster_plot_node-13] [INFO] [1789577695.215123716] [lidar_clustering]: ID=53, X=4.69 m, Y=-3.10 m, Width=0.11 m, Depth=0.07 m, Distance=5.62 m
[cluster_plot_node-13] [INFO] [1789577695.215336329] [lidar_clustering]: ID=54, X=3.66 m, Y=-2.58 m, Width=0.08 m, Depth=0.05 m, Distance=4.48 m
[cluster_plot_node-13] [INFO] [1789577695.215549783] [lidar_clustering]: ID=55, X=5.96 m, Y=-3.48 m, Width=0.08 m, Depth=0.05 m, Distance=6.90 m
[cluster_plot_node-13] [INFO] [1789577695.215780730] [lidar_clustering]: ID=56, X=5.69 m, Y=5.12 m, Width=0.08 m, Depth=0.29 m, Distance=7.66 m
[cluster_plot_node-13] [INFO] [1789577695.216018480] [lidar_clustering]: ID=57, X=4.77 m, Y=-2.68 m, Width=0.10 m, Depth=0.05 m, Distance=5.47 m
[cluster_plot_node-13] [INFO] [1789577695.216233968] [lidar_clustering]: FollowGap: mode=CLEAR, direction=STRAIGHT, front=8.00 m, best_angle=0.0 deg
[cluster_plot_node-13] [INFO] [1789577696.152511684] [lidar_clustering]: ID=28, X=1.13 m, Y=3.16 m, Width=0.08 m, Depth=0.26 m, Distance=3.36 m
[cluster_plot_node-13] [INFO] [1789577696.152743473] [lidar_clustering]: ID=44, X=1.47 m, Y=-4.25 m, Width=0.12 m, Depth=1.38 m, Distance=4.50 m
[cluster_plot_node-13] [INFO] [1789577696.152926219] [lidar_clustering]: ID=46, X=2.72 m, Y=-4.07 m, Width=0.03 m, Depth=0.39 m, Distance=4.90 m
[cluster_plot_node-13] [INFO] [1789577696.153104226] [lidar_clustering]: ID=47, X=1.22 m, Y=4.43 m, Width=0.11 m, Depth=0.40 m, Distance=4.60 m
[cluster_plot_node-13] [INFO] [1789577696.153276932] [lidar_clustering]: ID=48, X=3.27 m, Y=4.47 m, Width=0.22 m, Depth=3.19 m, Distance=5.54 m
[cluster_plot_node-13] [INFO] [1789577696.153453236] [lidar_clustering]: ID=51, X=2.73 m, Y=-4.35 m, Width=0.05 m, Depth=0.44 m, Distance=5.13 m
[cluster_plot_node-13] [INFO] [1789577696.153633407] [lidar_clustering]: ID=52, X=3.70 m, Y=-4.38 m, Width=0.31 m, Depth=0.95 m, Distance=5.73 m
[cluster_plot_node-13] [INFO] [1789577696.153831702] [lidar_clustering]: ID=54, X=3.30 m, Y=-3.43 m, Width=0.07 m, Depth=0.05 m, Distance=4.76 m
[cluster_plot_node-13] [INFO] [1789577696.154007194] [lidar_clustering]: ID=55, X=5.57 m, Y=-4.52 m, Width=0.09 m, Depth=0.56 m, Distance=7.17 m
[cluster_plot_node-13] [INFO] [1789577696.154179160] [lidar_clustering]: ID=56, X=5.12 m, Y=4.59 m, Width=0.10 m, Depth=0.31 m, Distance=6.88 m
[cluster_plot_node-13] [INFO] [1789577696.154354482] [lidar_clustering]: ID=57, X=3.36 m, Y=-3.05 m, Width=0.11 m, Depth=0.08 m, Distance=4.54 m
[cluster_plot_node-13] [INFO] [1789577696.154528000] [lidar_clustering]: ID=58, X=2.44 m, Y=4.86 m, Width=0.05 m, Depth=0.17 m, Distance=5.44 m
[cluster_plot_node-13] [INFO] [1789577696.154704334] [lidar_clustering]: ID=59, X=2.44 m, Y=-2.97 m, Width=0.12 m, Depth=0.04 m, Distance=3.84 m
[cluster_plot_node-13] [INFO] [1789577696.154876720] [lidar_clustering]: ID=60, X=1.69 m, Y=-3.08 m, Width=0.07 m, Depth=0.10 m, Distance=3.52 m
[cluster_plot_node-13] [INFO] [1789577696.155055088] [lidar_clustering]: FollowGap: mode=CLEAR, direction=STRAIGHT, front=8.00 m, best_angle=0.0 deg
[cluster_plot_node-13] [INFO] [1789577696.155230029] [lidar_clustering]: points=362, clusters=10, tracks=14
[direct_localization_node-6] [INFO] [1789577696.471557734] [direct_localization]: pose: x=-18.92 y=-21.85 yaw=32.6° v=1.15m/s [헤딩 정렬됨]
[cluster_plot_node-13] [INFO] [1789577697.087236186] [lidar_clustering]: ID=28, X=1.89 m, Y=1.51 m, Width=0.50 m, Depth=0.14 m, Distance=2.42 m
[cluster_plot_node-13] [INFO] [1789577697.087470690] [lidar_clustering]: ID=34, X=1.76 m, Y=4.31 m, Width=0.22 m, Depth=3.06 m, Distance=4.65 m
[cluster_plot_node-13] [INFO] [1789577697.087660239] [lidar_clustering]: ID=44, X=0.86 m, Y=-4.36 m, Width=0.07 m, Depth=0.73 m, Distance=4.45 m
[cluster_plot_node-13] [INFO] [1789577697.087837364] [lidar_clustering]: ID=46, X=2.95 m, Y=-4.60 m, Width=0.03 m, Depth=0.20 m, Distance=5.47 m
[cluster_plot_node-13] [INFO] [1789577697.088046350] [lidar_clustering]: ID=47, X=1.14 m, Y=4.78 m, Width=0.02 m, Depth=0.07 m, Distance=4.92 m
[cluster_plot_node-13] [INFO] [1789577697.088260064] [lidar_clustering]: ID=48, X=3.60 m, Y=4.36 m, Width=0.05 m, Depth=0.37 m, Distance=5.65 m
[cluster_plot_node-13] [INFO] [1789577697.088448561] [lidar_clustering]: ID=51, X=2.01 m, Y=-4.14 m, Width=0.03 m, Depth=0.06 m, Distance=4.60 m
[cluster_plot_node-13] [INFO] [1789577697.088622790] [lidar_clustering]: ID=52, X=2.02 m, Y=-4.51 m, Width=0.20 m, Depth=0.96 m, Distance=4.95 m
[cluster_plot_node-13] [INFO] [1789577697.088794395] [lidar_clustering]: ID=53, X=5.57 m, Y=-4.81 m, Width=0.61 m, Depth=0.96 m, Distance=7.36 m
[cluster_plot_node-13] [INFO] [1789577697.088964227] [lidar_clustering]: ID=54, X=4.29 m, Y=-4.73 m, Width=0.09 m, Depth=0.79 m, Distance=6.39 m
[cluster_plot_node-13] [INFO] [1789577697.089132475] [lidar_clustering]: ID=55, X=5.08 m, Y=-4.90 m, Width=0.04 m, Depth=0.15 m, Distance=7.06 m
[cluster_plot_node-13] [INFO] [1789577697.089301315] [lidar_clustering]: ID=56, X=4.17 m, Y=4.38 m, Width=0.07 m, Depth=0.35 m, Distance=6.05 m
[cluster_plot_node-13] [INFO] [1789577697.089478059] [lidar_clustering]: ID=57, X=2.18 m, Y=-3.32 m, Width=0.02 m, Depth=0.04 m, Distance=3.98 m
[cluster_plot_node-13] [INFO] [1789577697.089648111] [lidar_clustering]: ID=58, X=2.70 m, Y=4.35 m, Width=0.04 m, Depth=0.25 m, Distance=5.12 m
[cluster_plot_node-13] [INFO] [1789577697.089820988] [lidar_clustering]: ID=59, X=1.12 m, Y=-3.14 m, Width=0.06 m, Depth=0.12 m, Distance=3.33 m
[cluster_plot_node-13] [INFO] [1789577697.089990399] [lidar_clustering]: ID=60, X=0.79 m, Y=-3.18 m, Width=0.04 m, Depth=0.15 m, Distance=3.28 m
[cluster_plot_node-13] [INFO] [1789577697.090162875] [lidar_clustering]: FollowGap: mode=AVOID, direction=STRAIGHT, front=2.31 m, best_angle=-2.8 deg
[vehicle_cmd_mux-11] [INFO] [1789577697.131161965] [vehicle_cmd_mux]: 모드: AVOID(라이다)
[vehicle_cmd_mux-11] [INFO] [1789577697.580617500] [vehicle_cmd_mux]: 모드: AUTO
[cluster_plot_node-13] [INFO] [1789577698.026312579] [lidar_clustering]: ID=28, X=1.71 m, Y=0.31 m, Width=0.43 m, Depth=0.21 m, Distance=1.74 m
[cluster_plot_node-13] [INFO] [1789577698.026533407] [lidar_clustering]: ID=34, X=1.17 m, Y=4.39 m, Width=0.13 m, Depth=1.72 m, Distance=4.54 m
[cluster_plot_node-13] [INFO] [1789577698.026736191] [lidar_clustering]: ID=44, X=1.19 m, Y=-4.47 m, Width=0.29 m, Depth=2.17 m, Distance=4.62 m
[cluster_plot_node-13] [INFO] [1789577698.026939035] [lidar_clustering]: ID=46, X=2.56 m, Y=-4.28 m, Width=0.04 m, Depth=0.06 m, Distance=4.99 m
[cluster_plot_node-13] [INFO] [1789577698.027115689] [lidar_clustering]: ID=48, X=3.03 m, Y=4.76 m, Width=0.02 m, Depth=0.08 m, Distance=5.64 m
[cluster_plot_node-13] [INFO] [1789577698.027291852] [lidar_clustering]: ID=51, X=2.02 m, Y=-4.06 m, Width=0.11 m, Depth=0.07 m, Distance=4.53 m
[cluster_plot_node-13] [INFO] [1789577698.027469448] [lidar_clustering]: ID=52, X=2.20 m, Y=-4.55 m, Width=0.02 m, Depth=0.12 m, Distance=5.05 m
[cluster_plot_node-13] [INFO] [1789577698.027642165] [lidar_clustering]: ID=53, X=4.63 m, Y=-4.59 m, Width=0.68 m, Depth=0.92 m, Distance=6.52 m
[cluster_plot_node-13] [INFO] [1789577698.027829871] [lidar_clustering]: ID=54, X=3.44 m, Y=-4.59 m, Width=0.10 m, Depth=0.83 m, Distance=5.73 m
[cluster_plot_node-13] [INFO] [1789577698.028003970] [lidar_clustering]: ID=57, X=1.33 m, Y=-3.10 m, Width=0.06 m, Depth=0.11 m, Distance=3.37 m
[cluster_plot_node-13] [INFO] [1789577698.028175585] [lidar_clustering]: ID=58, X=2.69 m, Y=4.56 m, Width=0.17 m, Depth=0.62 m, Distance=5.29 m
[cluster_plot_node-13] [INFO] [1789577698.028350947] [lidar_clustering]: ID=59, X=1.24 m, Y=-3.47 m, Width=0.05 m, Depth=0.13 m, Distance=3.69 m
[cluster_plot_node-13] [INFO] [1789577698.028523894] [lidar_clustering]: ID=60, X=0.47 m, Y=-3.16 m, Width=0.04 m, Depth=0.13 m, Distance=3.20 m
[cluster_plot_node-13] [INFO] [1789577698.028693655] [lidar_clustering]: ID=61, X=1.35 m, Y=0.14 m, Width=0.83 m, Depth=0.12 m, Distance=1.35 m
[cluster_plot_node-13] [INFO] [1789577698.028866633] [lidar_clustering]: FollowGap: mode=BLOCKED, direction=STOP, front=1.28 m, best_angle=0.0 deg
[cluster_plot_node-13] [INFO] [1789577698.029038307] [lidar_clustering]: points=455, clusters=8, tracks=14
[mission_sequencer-15] [INFO] [1789577698.042926961] [mission_sequencer]: ■ lidar_avoid 구간 이탈 — 끈다 (배경)
[cluster_plot_node-13] [INFO] [1789577698.043322600] [lidar_clustering]: ■ DISARM — 조향 회피만 끈다. 감속은 계속 동작
[vrs_ntrip_client-3] [INFO] [1789577698.118125172] [ngii_vrs_ntrip_client]: [NTRIP 연결됨] RTCM 596프레임 발행, GGA 실측(36.97047,127.87466)
[serial_bridge-12] [WARN] [1789577698.862638965] [serial_bridge_node]: ⚠ 공급전압 강하: VMIN=4295mV — 배터리/전원 확인
[cluster_plot_node-13] [INFO] [1789577698.959711462] [lidar_clustering]: ID=28, X=0.80 m, Y=0.08 m, Width=0.27 m, Depth=0.17 m, Distance=0.81 m
[cluster_plot_node-13] [INFO] [1789577698.959935125] [lidar_clustering]: ID=34, X=0.91 m, Y=4.70 m, Width=0.44 m, Depth=1.24 m, Distance=4.78 m
[cluster_plot_node-13] [INFO] [1789577698.960136256] [lidar_clustering]: ID=44, X=0.56 m, Y=-4.38 m, Width=0.07 m, Depth=0.38 m, Distance=4.42 m
[cluster_plot_node-13] [INFO] [1789577698.960321266] [lidar_clustering]: ID=46, X=2.73 m, Y=-3.83 m, Width=0.08 m, Depth=0.07 m, Distance=4.70 m
[cluster_plot_node-13] [INFO] [1789577698.960507358] [lidar_clustering]: ID=51, X=1.40 m, Y=-4.22 m, Width=0.36 m, Depth=0.75 m, Distance=4.45 m
[cluster_plot_node-13] [INFO] [1789577698.960695725] [lidar_clustering]: ID=52, X=2.09 m, Y=-4.15 m, Width=0.03 m, Depth=0.06 m, Distance=4.65 m
[cluster_plot_node-13] [INFO] [1789577698.960876416] [lidar_clustering]: ID=53, X=3.95 m, Y=-4.17 m, Width=0.73 m, Depth=0.95 m, Distance=5.74 m
[cluster_plot_node-13] [INFO] [1789577698.961060435] [lidar_clustering]: ID=54, X=2.71 m, Y=-4.25 m, Width=0.07 m, Depth=0.95 m, Distance=5.04 m
[cluster_plot_node-13] [INFO] [1789577698.961235937] [lidar_clustering]: ID=57, X=0.64 m, Y=-2.97 m, Width=0.06 m, Depth=0.14 m, Distance=3.03 m
[cluster_plot_node-13] [INFO] [1789577698.961465852] [lidar_clustering]: ID=58, X=1.94 m, Y=4.75 m, Width=0.24 m, Depth=0.59 m, Distance=5.14 m
[cluster_plot_node-13] [INFO] [1789577698.961678715] [lidar_clustering]: ID=59, X=0.57 m, Y=-3.38 m, Width=0.03 m, Depth=0.09 m, Distance=3.43 m
[cluster_plot_node-13] [INFO] [1789577698.961859918] [lidar_clustering]: ID=61, X=0.36 m, Y=-0.01 m, Width=0.19 m, Depth=0.05 m, Distance=0.36 m
[cluster_plot_node-13] [INFO] [1789577698.962045128] [lidar_clustering]: FollowGap: mode=BLOCKED, direction=STOP, front=0.31 m, best_angle=0.0 deg
[direct_localization_node-6] [INFO] [1789577699.471955227] [direct_localization]: pose: x=-16.09 y=-20.21 yaw=25.1° v=0.75m/s [헤딩 정렬됨]
[serial_bridge-12] [INFO] [1789577699.858129639] [serial_bridge_node]: 출발 — 정지마찰 하한 60 을 1200ms 인가한다
[cluster_plot_node-13] [INFO] [1789577699.886671404] [lidar_clustering]: ID=28, X=0.36 m, Y=0.14 m, Width=0.41 m, Depth=0.05 m, Distance=0.38 m
[cluster_plot_node-13] [INFO] [1789577699.886892262] [lidar_clustering]: ID=34, X=0.60 m, Y=4.69 m, Width=0.03 m, Depth=0.43 m, Distance=4.73 m
[cluster_plot_node-13] [INFO] [1789577699.887070579] [lidar_clustering]: ID=44, X=0.57 m, Y=-4.37 m, Width=0.11 m, Depth=0.47 m, Distance=4.40 m
[cluster_plot_node-13] [INFO] [1789577699.887257433] [lidar_clustering]: ID=46, X=2.04 m, Y=-3.86 m, Width=0.07 m, Depth=0.10 m, Distance=4.36 m
[cluster_plot_node-13] [INFO] [1789577699.887438115] [lidar_clustering]: ID=51, X=1.13 m, Y=-4.02 m, Width=0.07 m, Depth=0.70 m, Distance=4.18 m
[cluster_plot_node-13] [INFO] [1789577699.887609098] [lidar_clustering]: ID=53, X=3.24 m, Y=-4.21 m, Width=0.81 m, Depth=0.94 m, Distance=5.32 m
[cluster_plot_node-13] [INFO] [1789577699.887780112] [lidar_clustering]: ID=54, X=2.00 m, Y=-4.27 m, Width=0.12 m, Depth=0.95 m, Distance=4.72 m
[cluster_plot_node-13] [INFO] [1789577699.887953280] [lidar_clustering]: ID=61, X=0.32 m, Y=0.01 m, Width=0.18 m, Depth=0.02 m, Distance=0.32 m
[cluster_plot_node-13] [INFO] [1789577699.888126738] [lidar_clustering]: FollowGap: mode=CLEAR, direction=STRAIGHT, front=8.00 m, best_angle=0.0 deg
[cluster_plot_node-13] [INFO] [1789577699.888297511] [lidar_clustering]: points=196, clusters=5, tracks=8
[cluster_plot_node-13] [INFO] [1789577700.807805235] [lidar_clustering]: ID=34, X=0.69 m, Y=4.87 m, Width=0.38 m, Depth=0.46 m, Distance=4.92 m
[cluster_plot_node-13] [INFO] [1789577700.808023057] [lidar_clustering]: ID=44, X=0.43 m, Y=-4.40 m, Width=0.07 m, Depth=0.20 m, Distance=4.42 m
[cluster_plot_node-13] [INFO] [1789577700.808204100] [lidar_clustering]: ID=46, X=1.78 m, Y=-3.90 m, Width=0.07 m, Depth=0.13 m, Distance=4.28 m
[cluster_plot_node-13] [INFO] [1789577700.808385012] [lidar_clustering]: ID=51, X=0.83 m, Y=-4.04 m, Width=0.07 m, Depth=0.69 m, Distance=4.13 m
[cluster_plot_node-13] [INFO] [1789577700.808559863] [lidar_clustering]: ID=53, X=2.98 m, Y=-4.27 m, Width=0.85 m, Depth=0.98 m, Distance=5.21 m
[cluster_plot_node-13] [INFO] [1789577700.808732079] [lidar_clustering]: ID=54, X=1.72 m, Y=-4.31 m, Width=0.06 m, Depth=0.99 m, Distance=4.64 m
[cluster_plot_node-13] [INFO] [1789577700.808909305] [lidar_clustering]: FollowGap: mode=AVOID, direction=RIGHT, front=0.35 m, best_angle=-16.6 deg
[cluster_plot_node-13] [INFO] [1789577701.729002832] [lidar_clustering]: ID=34, X=0.38 m, Y=4.63 m, Width=0.01 m, Depth=0.06 m, Distance=4.64 m
[cluster_plot_node-13] [INFO] [1789577701.729231735] [lidar_clustering]: ID=44, X=0.66 m, Y=-4.08 m, Width=0.09 m, Depth=0.57 m, Distance=4.13 m
[cluster_plot_node-13] [INFO] [1789577701.729423969] [lidar_clustering]: ID=46, X=1.56 m, Y=-3.95 m, Width=0.10 m, Depth=0.16 m, Distance=4.24 m
[cluster_plot_node-13] [INFO] [1789577701.729605763] [lidar_clustering]: ID=51, X=1.48 m, Y=-4.35 m, Width=0.07 m, Depth=0.98 m, Distance=4.60 m
[cluster_plot_node-13] [INFO] [1789577701.729809338] [lidar_clustering]: ID=53, X=2.75 m, Y=-4.33 m, Width=0.85 m, Depth=1.08 m, Distance=5.12 m
[cluster_plot_node-13] [INFO] [1789577701.729988828] [lidar_clustering]: ID=54, X=1.91 m, Y=-4.33 m, Width=0.06 m, Depth=0.24 m, Distance=4.74 m
[cluster_plot_node-13] [INFO] [1789577701.730169159] [lidar_clustering]: FollowGap: mode=AVOID, direction=LEFT, front=0.92 m, best_angle=5.4 deg
[cluster_plot_node-13] [INFO] [1789577701.730351394] [lidar_clustering]: points=173, clusters=4, tracks=6
[serial_bridge-12] [WARN] [1789577701.873169842] [serial_bridge_node]: ⚠ 공급전압 강하: VMIN=3606mV — 배터리/전원 확인
[direct_localization_node-6] [INFO] [1789577702.471667530] [direct_localization]: pose: x=-15.32 y=-19.81 yaw=27.1° v=0.38m/s [헤딩 정렬됨]
[cluster_plot_node-13] [INFO] [1789577702.649545034] [lidar_clustering]: ID=34, X=0.35 m, Y=4.62 m, Width=0.01 m, Depth=0.08 m, Distance=4.64 m
[cluster_plot_node-13] [INFO] [1789577702.649830123] [lidar_clustering]: ID=44, X=0.53 m, Y=-4.10 m, Width=0.05 m, Depth=0.35 m, Distance=4.14 m
[cluster_plot_node-13] [INFO] [1789577702.650097299] [lidar_clustering]: ID=46, X=1.28 m, Y=-3.95 m, Width=0.05 m, Depth=0.14 m, Distance=4.15 m
[cluster_plot_node-13] [INFO] [1789577702.650381517] [lidar_clustering]: ID=51, X=1.55 m, Y=-4.39 m, Width=0.05 m, Depth=0.14 m, Distance=4.66 m
[cluster_plot_node-13] [INFO] [1789577702.650642811] [lidar_clustering]: ID=53, X=2.71 m, Y=-4.17 m, Width=0.35 m, Depth=0.45 m, Distance=4.97 m
[cluster_plot_node-13] [INFO] [1789577702.650896642] [lidar_clustering]: ID=54, X=2.37 m, Y=-4.42 m, Width=0.81 m, Depth=1.08 m, Distance=5.01 m
[cluster_plot_node-13] [INFO] [1789577702.651145863] [lidar_clustering]: ID=63, X=0.33 m, Y=1.50 m, Width=0.01 m, Depth=0.04 m, Distance=1.53 m
[cluster_plot_node-13] [INFO] [1789577702.651411897] [lidar_clustering]: FollowGap: mode=CLEAR, direction=STRAIGHT, front=8.00 m, best_angle=0.0 deg
[vrs_ntrip_client-3] [INFO] [1789577703.117989100] [ngii_vrs_ntrip_client]: [NTRIP 연결됨] RTCM 624프레임 발행, GGA 실측(36.97048,127.87469)
[cluster_plot_node-13] [INFO] [1789577703.570398109] [lidar_clustering]: ID=34, X=0.34 m, Y=4.99 m, Width=0.00 m, Depth=0.05 m, Distance=5.00 m
[cluster_plot_node-13] [INFO] [1789577703.570620891] [lidar_clustering]: ID=46, X=0.66 m, Y=-4.07 m, Width=0.04 m, Depth=0.10 m, Distance=4.12 m
[cluster_plot_node-13] [INFO] [1789577703.570803847] [lidar_clustering]: ID=51, X=0.72 m, Y=-4.51 m, Width=0.08 m, Depth=0.72 m, Distance=4.57 m
[cluster_plot_node-13] [INFO] [1789577703.570985971] [lidar_clustering]: ID=52, X=1.85 m, Y=-4.69 m, Width=0.03 m, Depth=0.21 m, Distance=5.04 m
[cluster_plot_node-13] [INFO] [1789577703.571165862] [lidar_clustering]: ID=54, X=1.81 m, Y=-4.40 m, Width=0.82 m, Depth=1.16 m, Distance=4.76 m
[cluster_plot_node-13] [INFO] [1789577703.571352846] [lidar_clustering]: FollowGap: mode=CLEAR, direction=STRAIGHT, front=8.00 m, best_angle=0.0 deg
[cluster_plot_node-13] [INFO] [1789577703.571602669] [lidar_clustering]: points=124, clusters=4, tracks=5
[cluster_plot_node-13] [INFO] [1789577704.497913387] [lidar_clustering]: ID=51, X=0.45 m, Y=-4.61 m, Width=0.05 m, Depth=0.22 m, Distance=4.63 m
[cluster_plot_node-13] [INFO] [1789577704.498155495] [lidar_clustering]: ID=52, X=1.10 m, Y=-4.86 m, Width=0.04 m, Depth=0.21 m, Distance=4.99 m
[cluster_plot_node-13] [INFO] [1789577704.498356966] [lidar_clustering]: ID=54, X=1.06 m, Y=-4.49 m, Width=0.51 m, Depth=1.10 m, Distance=4.62 m
[cluster_plot_node-13] [INFO] [1789577704.498595398] [lidar_clustering]: FollowGap: mode=CLEAR, direction=STRAIGHT, front=8.00 m, best_angle=0.0 deg
[serial_bridge-12] [WARN] [1789577704.879847524] [serial_bridge_node]: ⚠ 공급전압 강하: VMIN=3763mV — 배터리/전원 확인
[cluster_plot_node-13] [INFO] [1789577705.418920323] [lidar_clustering]: ID=51, X=0.59 m, Y=-4.47 m, Width=0.13 m, Depth=0.41 m, Distance=4.51 m
[cluster_plot_node-13] [INFO] [1789577705.419131042] [lidar_clustering]: ID=52, X=0.64 m, Y=-4.92 m, Width=0.02 m, Depth=0.17 m, Distance=4.96 m
[cluster_plot_node-13] [INFO] [1789577705.419320300] [lidar_clustering]: ID=54, X=0.93 m, Y=-4.47 m, Width=0.07 m, Depth=0.14 m, Distance=4.56 m
[cluster_plot_node-13] [INFO] [1789577705.419517043] [lidar_clustering]: FollowGap: mode=CLEAR, direction=STRAIGHT, front=8.00 m, best_angle=0.0 deg
[cluster_plot_node-13] [INFO] [1789577705.419691894] [lidar_clustering]: points=26, clusters=1, tracks=3
[direct_localization_node-6] [INFO] [1789577705.471697921] [direct_localization]: pose: x=-13.79 y=-18.85 yaw=32.7° v=0.84m/s [헤딩 정렬됨]
[cluster_plot_node-13] [INFO] [1789577706.345558963] [lidar_clustering]: ID=64, X=4.80 m, Y=-3.44 m, Width=0.07 m, Depth=0.05 m, Distance=5.91 m
[cluster_plot_node-13] [INFO] [1789577706.345771545] [lidar_clustering]: FollowGap: mode=CLEAR, direction=STRAIGHT, front=8.00 m, best_angle=0.0 deg
[cluster_plot_node-13] [INFO] [1789577707.365649086] [lidar_clustering]: ID=64, X=3.75 m, Y=-3.33 m, Width=0.13 m, Depth=0.05 m, Distance=5.02 m
[cluster_plot_node-13] [INFO] [1789577707.365896875] [lidar_clustering]: ID=65, X=4.46 m, Y=-3.58 m, Width=0.05 m, Depth=0.04 m, Distance=5.72 m
[cluster_plot_node-13] [INFO] [1789577707.366101342] [lidar_clustering]: FollowGap: mode=CLEAR, direction=STRAIGHT, front=8.00 m, best_angle=0.0 deg
[cluster_plot_node-13] [INFO] [1789577707.366304046] [lidar_clustering]: points=8, clusters=1, tracks=2
[serial_bridge-12] [WARN] [1789577707.890192553] [serial_bridge_node]: ⚠ 공급전압 강하: VMIN=4183mV — 배터리/전원 확인
[vrs_ntrip_client-3] [INFO] [1789577708.118015580] [ngii_vrs_ntrip_client]: [NTRIP 연결됨] RTCM 644프레임 발행, GGA 실측(36.97050,127.87472)
[cluster_plot_node-13] [INFO] [1789577708.299015707] [lidar_clustering]: ID=64, X=2.94 m, Y=-3.31 m, Width=0.07 m, Depth=0.06 m, Distance=4.43 m
[cluster_plot_node-13] [INFO] [1789577708.299276220] [lidar_clustering]: FollowGap: mode=CLEAR, direction=STRAIGHT, front=8.00 m, best_angle=0.0 deg
[direct_localization_node-6] [INFO] [1789577708.471703334] [direct_localization]: pose: x=-11.57 y=-17.32 yaw=31.0° v=0.95m/s [헤딩 정렬됨]
[cluster_plot_node-13] [INFO] [1789577709.233993001] [lidar_clustering]: ID=64, X=2.09 m, Y=-3.30 m, Width=0.10 m, Depth=0.10 m, Distance=3.90 m
[cluster_plot_node-13] [INFO] [1789577709.234216143] [lidar_clustering]: ID=66, X=0.93 m, Y=0.38 m, Width=0.56 m, Depth=0.24 m, Distance=1.01 m
[cluster_plot_node-13] [INFO] [1789577709.234403387] [lidar_clustering]: FollowGap: mode=BLOCKED, direction=STOP, front=0.98 m, best_angle=0.0 deg
[cluster_plot_node-13] [INFO] [1789577709.234577407] [lidar_clustering]: points=161, clusters=2, tracks=2
[serial_bridge-12] [INFO] [1789577709.458106736] [serial_bridge_node]: 출발 — 정지마찰 하한 60 을 1200ms 인가한다
[cluster_plot_node-13] [INFO] [1789577710.159995906] [lidar_clustering]: ID=64, X=1.53 m, Y=-4.08 m, Width=0.02 m, Depth=0.06 m, Distance=4.36 m
[cluster_plot_node-13] [INFO] [1789577710.160205804] [lidar_clustering]: ID=66, X=1.24 m, Y=-0.13 m, Width=0.02 m, Depth=0.00 m, Distance=1.25 m
[cluster_plot_node-13] [INFO] [1789577710.160403898] [lidar_clustering]: ID=67, X=0.90 m, Y=0.13 m, Width=0.23 m, Depth=0.12 m, Distance=0.91 m
[cluster_plot_node-13] [INFO] [1789577710.160603376] [lidar_clustering]: FollowGap: mode=BLOCKED, direction=STOP, front=0.85 m, best_angle=0.0 deg
[serial_bridge-12] [WARN] [1789577710.897038108] [serial_bridge_node]: ⚠ 공급전압 강하: VMIN=3516mV — 배터리/전원 확인
[cluster_plot_node-13] [INFO] [1789577711.087443381] [lidar_clustering]: ID=64, X=0.65 m, Y=-3.48 m, Width=0.05 m, Depth=0.15 m, Distance=3.54 m
[cluster_plot_node-13] [INFO] [1789577711.087659079] [lidar_clustering]: ID=67, X=0.42 m, Y=0.06 m, Width=0.15 m, Depth=0.14 m, Distance=0.42 m
[cluster_plot_node-13] [INFO] [1789577711.087837847] [lidar_clustering]: FollowGap: mode=BLOCKED, direction=STOP, front=0.37 m, best_angle=0.0 deg
[cluster_plot_node-13] [INFO] [1789577711.088009182] [lidar_clustering]: points=123, clusters=2, tracks=2
[direct_localization_node-6] [INFO] [1789577711.471801369] [direct_localization]: pose: x=-9.71 y=-16.10 yaw=34.3° v=0.36m/s [헤딩 정렬됨]
[serial_bridge-12] [INFO] [1789577711.808009599] [serial_bridge_node]: 출발 — 정지마찰 하한 60 을 1200ms 인가한다
[cluster_plot_node-13] [INFO] [1789577712.007535802] [lidar_clustering]: ID=67, X=0.31 m, Y=-0.04 m, Width=0.01 m, Depth=0.01 m, Distance=0.32 m
[cluster_plot_node-13] [INFO] [1789577712.007750518] [lidar_clustering]: FollowGap: mode=CLEAR, direction=STRAIGHT, front=8.00 m, best_angle=0.0 deg
[cluster_plot_node-13] [INFO] [1789577713.058792922] [lidar_clustering]: ID=67, X=0.33 m, Y=-0.08 m, Width=0.01 m, Depth=0.08 m, Distance=0.34 m
[cluster_plot_node-13] [INFO] [1789577713.059015243] [lidar_clustering]: FollowGap: mode=BLOCKED, direction=STOP, front=0.31 m, best_angle=0.0 deg
[cluster_plot_node-13] [INFO] [1789577713.059214530] [lidar_clustering]: points=25, clusters=1, tracks=1
[vrs_ntrip_client-3] [INFO] [1789577713.117991769] [ngii_vrs_ntrip_client]: [NTRIP 연결됨] RTCM 672프레임 발행, GGA 실측(36.97052,127.87475)
[serial_bridge-12] [WARN] [1789577713.907380818] [serial_bridge_node]: ⚠ 공급전압 강하: VMIN=3280mV — 배터리/전원 확인
[cluster_plot_node-13] [INFO] [1789577714.041103423] [lidar_clustering]: ID=67, X=0.36 m, Y=-0.43 m, Width=0.05 m, Depth=0.10 m, Distance=0.56 m
[cluster_plot_node-13] [INFO] [1789577714.041355530] [lidar_clustering]: FollowGap: mode=BLOCKED, direction=STOP, front=0.61 m, best_angle=0.0 deg
[serial_bridge-12] [INFO] [1789577714.208031253] [serial_bridge_node]: 출발 — 정지마찰 하한 60 을 1200ms 인가한다
[direct_localization_node-6] [INFO] [1789577714.471679787] [direct_localization]: pose: x=-9.02 y=-15.51 yaw=40.4° v=0.11m/s [헤딩 정렬됨]
[cluster_plot_node-13] [INFO] [1789577714.975298465] [lidar_clustering]: ID=67, X=0.34 m, Y=-1.14 m, Width=0.03 m, Depth=0.07 m, Distance=1.19 m
[cluster_plot_node-13] [INFO] [1789577714.975517730] [lidar_clustering]: FollowGap: mode=AVOID, direction=STRAIGHT, front=1.18 m, best_angle=4.8 deg
[cluster_plot_node-13] [INFO] [1789577714.975697971] [lidar_clustering]: points=14, clusters=1, tracks=1
[cluster_plot_node-13] [INFO] [1789577715.906885888] [lidar_clustering]: No confirmed obstacles.
[cluster_plot_node-13] [INFO] [1789577715.907103940] [lidar_clustering]: FollowGap: mode=CLEAR, direction=STRAIGHT, front=8.00 m, best_angle=0.0 deg
[cluster_plot_node-13] [INFO] [1789577716.840869710] [lidar_clustering]: No confirmed obstacles.
[cluster_plot_node-13] [INFO] [1789577716.841110476] [lidar_clustering]: FollowGap: mode=CLEAR, direction=STRAIGHT, front=8.00 m, best_angle=0.0 deg
[cluster_plot_node-13] [INFO] [1789577716.841311697] [lidar_clustering]: points=5, clusters=1, tracks=0
[serial_bridge-12] [WARN] [1789577716.917881054] [serial_bridge_node]: ⚠ 공급전압 강하: VMIN=3451mV — 배터리/전원 확인
[direct_localization_node-6] [INFO] [1789577717.471636100] [direct_localization]: pose: x=-7.88 y=-14.19 yaw=51.0° v=0.89m/s [헤딩 정렬됨]
[cluster_plot_node-13] [INFO] [1789577717.773951721] [lidar_clustering]: ID=68, X=3.43 m, Y=6.76 m, Width=0.05 m, Depth=0.09 m, Distance=7.58 m
[cluster_plot_node-13] [INFO] [1789577717.774167209] [lidar_clustering]: FollowGap: mode=CLEAR, direction=STRAIGHT, front=8.00 m, best_angle=0.0 deg
[vrs_ntrip_client-3] [INFO] [1789577718.117971391] [ngii_vrs_ntrip_client]: [NTRIP 연결됨] RTCM 692프레임 발행, GGA 실측(36.97054,127.87477)
[cluster_plot_node-13] [INFO] [1789577718.713518980] [lidar_clustering]: ID=68, X=2.68 m, Y=6.43 m, Width=0.04 m, Depth=0.09 m, Distance=6.97 m
[cluster_plot_node-13] [INFO] [1789577718.713737474] [lidar_clustering]: FollowGap: mode=CLEAR, direction=STRAIGHT, front=8.00 m, best_angle=0.0 deg
[cluster_plot_node-13] [INFO] [1789577718.713913216] [lidar_clustering]: points=0, clusters=0, tracks=1
[cluster_plot_node-13] [INFO] [1789577719.653735402] [lidar_clustering]: ID=68, X=2.46 m, Y=5.68 m, Width=0.03 m, Depth=0.08 m, Distance=6.19 m
[cluster_plot_node-13] [INFO] [1789577719.653948856] [lidar_clustering]: FollowGap: mode=CLEAR, direction=STRAIGHT, front=8.00 m, best_angle=0.0 deg
[serial_bridge-12] [WARN] [1789577719.928548185] [serial_bridge_node]: ⚠ 공급전압 강하: VMIN=3451mV — 배터리/전원 확인
[direct_localization_node-6] [INFO] [1789577720.471649120] [direct_localization]: pose: x=-6.42 y=-11.25 yaw=69.3° v=1.10m/s [헤딩 정렬됨]
[cluster_plot_node-13] [INFO] [1789577720.593416917] [lidar_clustering]: ID=68, X=1.92 m, Y=5.32 m, Width=0.03 m, Depth=0.07 m, Distance=5.65 m
[cluster_plot_node-13] [INFO] [1789577720.593633246] [lidar_clustering]: ID=69, X=1.54 m, Y=5.55 m, Width=0.02 m, Depth=0.08 m, Distance=5.75 m
[cluster_plot_node-13] [INFO] [1789577720.593814299] [lidar_clustering]: FollowGap: mode=CLEAR, direction=STRAIGHT, front=8.00 m, best_angle=0.0 deg
[cluster_plot_node-13] [INFO] [1789577720.593989360] [lidar_clustering]: points=10, clusters=2, tracks=2
[cluster_plot_node-13] [INFO] [1789577721.533897679] [lidar_clustering]: ID=68, X=1.55 m, Y=4.95 m, Width=0.02 m, Depth=0.07 m, Distance=5.18 m
[cluster_plot_node-13] [INFO] [1789577721.534116303] [lidar_clustering]: FollowGap: mode=CLEAR, direction=STRAIGHT, front=8.00 m, best_angle=0.0 deg
[cluster_plot_node-13] [INFO] [1789577722.478179089] [lidar_clustering]: No confirmed obstacles.
[cluster_plot_node-13] [INFO] [1789577722.478476211] [lidar_clustering]: FollowGap: mode=CLEAR, direction=STRAIGHT, front=8.00 m, best_angle=0.0 deg
[cluster_plot_node-13] [INFO] [1789577722.478752163] [lidar_clustering]: points=0, clusters=0, tracks=0
[serial_bridge-12] [WARN] [1789577722.934835455] [serial_bridge_node]: ⚠ 공급전압 강하: VMIN=3108mV — 배터리/전원 확인
[vrs_ntrip_client-3] [INFO] [1789577723.118014912] [ngii_vrs_ntrip_client]: [NTRIP 연결됨] RTCM 720프레임 발행, GGA 실측(36.97059,127.87478)
[cluster_plot_node-13] [INFO] [1789577723.411544005] [lidar_clustering]: No confirmed obstacles.
[cluster_plot_node-13] [INFO] [1789577723.411765094] [lidar_clustering]: FollowGap: mode=CLEAR, direction=STRAIGHT, front=8.00 m, best_angle=0.0 deg
[direct_localization_node-6] [INFO] [1789577723.471715710] [direct_localization]: pose: x=-6.14 y=-7.82 yaw=94.5° v=1.27m/s [헤딩 정렬됨]
[cluster_plot_node-13] [INFO] [1789577724.352401235] [lidar_clustering]: ID=70, X=4.70 m, Y=5.50 m, Width=0.40 m, Depth=0.22 m, Distance=7.24 m
[cluster_plot_node-13] [INFO] [1789577724.352626652] [lidar_clustering]: FollowGap: mode=CLEAR, direction=STRAIGHT, front=8.00 m, best_angle=0.0 deg
[cluster_plot_node-13] [INFO] [1789577724.352813415] [lidar_clustering]: points=18, clusters=1, tracks=1
[cluster_plot_node-13] [INFO] [1789577725.291512075] [lidar_clustering]: ID=70, X=4.38 m, Y=4.47 m, Width=0.42 m, Depth=0.22 m, Distance=6.25 m
[cluster_plot_node-13] [INFO] [1789577725.291760205] [lidar_clustering]: FollowGap: mode=CLEAR, direction=STRAIGHT, front=8.00 m, best_angle=0.0 deg
[serial_bridge-12] [WARN] [1789577725.945588286] [serial_bridge_node]: ⚠ 공급전압 강하: VMIN=4077mV — 배터리/전원 확인
[local_sliding_window_node-8] [INFO] [1789577726.105375603] [local_sliding_window_node]: ★ 경로 완주 (남은 거리 0.69m) → 정지 신호 발행
[local_pure_pursuit_node-9] [INFO] [1789577726.105812961] [local_pure_pursuit]: 🏁 완주 신호 수신 — 조향 중앙 복귀 후 정지 (고장 아님)
[longitudinal_controller-10] [INFO] [1789577726.105846865] [longitudinal_controller]: 🏁 완주 신호 수신 — 감속 정지합니다 (고장 아님)
[local_pure_pursuit_node-9] [INFO] [1789577726.133929927] [local_pure_pursuit]: 정지: 🏁 완주 (정상 종료)
[cluster_plot_node-13] [INFO] [1789577726.224931731] [lidar_clustering]: ID=70, X=3.56 m, Y=4.20 m, Width=0.31 m, Depth=0.49 m, Distance=5.50 m
[cluster_plot_node-13] [INFO] [1789577726.225149573] [lidar_clustering]: FollowGap: mode=CLEAR, direction=STRAIGHT, front=8.00 m, best_angle=0.0 deg
[cluster_plot_node-13] [INFO] [1789577726.225328502] [lidar_clustering]: points=31, clusters=1, tracks=1
[longitudinal_controller-10] [INFO] [1789577726.323969962] [longitudinal_controller]: 🏁 완주 정지 완료
[direct_localization_node-6] [INFO] [1789577726.471643096] [direct_localization]: pose: x=-7.55 y=-4.39 yaw=109.8° v=1.40m/s [헤딩 정렬됨]
[local_sliding_window_node-8] [INFO] [1789577726.505355831] [local_sliding_window_node]: ★ 경로 완주 (남은 거리 0.16m) → 정지 신호 발행
[cluster_plot_node-13] [INFO] [1789577727.164743778] [lidar_clustering]: ID=70, X=1.64 m, Y=4.82 m, Width=0.41 m, Depth=0.33 m, Distance=5.09 m
[cluster_plot_node-13] [INFO] [1789577727.165097698] [lidar_clustering]: FollowGap: mode=CLEAR, direction=STRAIGHT, front=8.00 m, best_angle=0.0 deg
[local_sliding_window_node-8] [INFO] [1789577727.505324501] [local_sliding_window_node]: ★ 경로 완주 (남은 거리 0.90m) → 정지 신호 발행
[local_sliding_window_node-8] [WARN] [1789577727.705771899] [local_sliding_window_node]: 로컬 경로 생성 실패 — 발행 보류
[cluster_plot_node-13] [INFO] [1789577728.091842784] [lidar_clustering]: ID=70, X=0.95 m, Y=4.69 m, Width=0.04 m, Depth=0.19 m, Distance=4.78 m
[cluster_plot_node-13] [INFO] [1789577728.092055075] [lidar_clustering]: ID=71, X=0.69 m, Y=5.06 m, Width=0.14 m, Depth=0.21 m, Distance=5.11 m
[cluster_plot_node-13] [INFO] [1789577728.092263149] [lidar_clustering]: FollowGap: mode=CLEAR, direction=STRAIGHT, front=8.00 m, best_angle=0.0 deg
[cluster_plot_node-13] [INFO] [1789577728.092529313] [lidar_clustering]: points=24, clusters=2, tracks=2
[vrs_ntrip_client-3] [INFO] [1789577728.118086875] [ngii_vrs_ntrip_client]: [NTRIP 연결됨] RTCM 740프레임 발행, GGA 실측(36.97063,127.87476)
[cluster_plot_node-13] [INFO] [1789577729.013053732] [lidar_clustering]: ID=70, X=0.50 m, Y=4.70 m, Width=0.10 m, Depth=0.27 m, Distance=4.72 m
[cluster_plot_node-13] [INFO] [1789577729.013267457] [lidar_clustering]: ID=71, X=0.34 m, Y=5.14 m, Width=0.00 m, Depth=0.05 m, Distance=5.15 m
[cluster_plot_node-13] [INFO] [1789577729.013471573] [lidar_clustering]: FollowGap: mode=CLEAR, direction=STRAIGHT, front=8.00 m, best_angle=0.0 deg
[direct_localization_node-6] [INFO] [1789577729.471756433] [direct_localization]: pose: x=-8.10 y=-2.46 yaw=102.5° v=0.12m/s [헤딩 정렬됨]
[local_sliding_window_node-8] [WARN] [1789577729.739096861] [local_sliding_window_node]: 로컬 경로 생성 실패 — 발행 보류
[cluster_plot_node-13] [INFO] [1789577729.934890600] [lidar_clustering]: ID=70, X=0.50 m, Y=4.76 m, Width=0.01 m, Depth=0.07 m, Distance=4.78 m
[cluster_plot_node-13] [INFO] [1789577729.935106569] [lidar_clustering]: FollowGap: mode=CLEAR, direction=STRAIGHT, front=8.00 m, best_angle=0.0 deg
[cluster_plot_node-13] [INFO] [1789577729.935299023] [lidar_clustering]: points=5, clusters=1, tracks=1
[cluster_plot_node-13] [INFO] [1789577730.848474076] [lidar_clustering]: ID=70, X=0.48 m, Y=4.75 m, Width=0.01 m, Depth=0.05 m, Distance=4.77 m
[cluster_plot_node-13] [INFO] [1789577730.848699683] [lidar_clustering]: FollowGap: mode=CLEAR, direction=STRAIGHT, front=8.00 m, best_angle=0.0 deg
[local_pure_pursuit_node-9] [INFO] [1789577731.134083892] [local_pure_pursuit]: 정지: 🏁 완주 (정상 종료)
[cluster_plot_node-13] [INFO] [1789577731.769641508] [lidar_clustering]: ID=70, X=0.46 m, Y=4.73 m, Width=0.09 m, Depth=0.22 m, Distance=4.76 m
[cluster_plot_node-13] [INFO] [1789577731.769922750] [lidar_clustering]: FollowGap: mode=CLEAR, direction=STRAIGHT, front=8.00 m, best_angle=0.0 deg
[cluster_plot_node-13] [INFO] [1789577731.770195726] [lidar_clustering]: points=2, clusters=0, tracks=1
[local_sliding_window_node-8] [WARN] [1789577731.772296251] [local_sliding_window_node]: 로컬 경로 생성 실패 — 발행 보류
[direct_localization_node-6] [INFO] [1789577732.471791833] [direct_localization]: pose: x=-8.11 y=-2.44 yaw=102.6° v=0.01m/s [헤딩 정렬됨]
[cluster_plot_node-13] [INFO] [1789577732.685066188] [lidar_clustering]: ID=70, X=0.47 m, Y=4.74 m, Width=0.00 m, Depth=0.05 m, Distance=4.77 m
[cluster_plot_node-13] [INFO] [1789577732.685336870] [lidar_clustering]: FollowGap: mode=CLEAR, direction=STRAIGHT, front=8.00 m, best_angle=0.0 deg
[vrs_ntrip_client-3] [INFO] [1789577733.117976765] [ngii_vrs_ntrip_client]: [NTRIP 연결됨] RTCM 768프레임 발행, GGA 실측(36.97064,127.87476)
[cluster_plot_node-13] [INFO] [1789577733.600357702] [lidar_clustering]: ID=70, X=0.48 m, Y=4.75 m, Width=0.01 m, Depth=0.05 m, Distance=4.77 m
[cluster_plot_node-13] [INFO] [1789577733.600619377] [lidar_clustering]: FollowGap: mode=CLEAR, direction=STRAIGHT, front=8.00 m, best_angle=0.0 deg
[cluster_plot_node-13] [INFO] [1789577733.600822321] [lidar_clustering]: points=4, clusters=1, tracks=1
[local_sliding_window_node-8] [WARN] [1789577733.772334940] [local_sliding_window_node]: 로컬 경로 생성 실패 — 발행 보류
[cluster_plot_node-13] [INFO] [1789577734.514959195] [lidar_clustering]: ID=70, X=0.42 m, Y=4.75 m, Width=0.13 m, Depth=0.18 m, Distance=4.77 m
[cluster_plot_node-13] [INFO] [1789577734.515219558] [lidar_clustering]: FollowGap: mode=CLEAR, direction=STRAIGHT, front=8.00 m, best_angle=0.0 deg
[cluster_plot_node-13] [INFO] [1789577735.436642895] [lidar_clustering]: ID=70, X=0.35 m, Y=3.65 m, Width=0.02 m, Depth=0.08 m, Distance=3.66 m
[cluster_plot_node-13] [INFO] [1789577735.436884643] [lidar_clustering]: FollowGap: mode=CLEAR, direction=STRAIGHT, front=8.00 m, best_angle=0.0 deg
[cluster_plot_node-13] [INFO] [1789577735.437086334] [lidar_clustering]: points=7, clusters=1, tracks=1
[direct_localization_node-6] [INFO] [1789577735.471638787] [direct_localization]: pose: x=-8.11 y=-2.44 yaw=102.7° v=-0.01m/s [헤딩 정렬됨]
[local_sliding_window_node-8] [WARN] [1789577735.806462401] [local_sliding_window_node]: 로컬 경로 생성 실패 — 발행 보류
[local_pure_pursuit_node-9] [INFO] [1789577736.183864223] [local_pure_pursuit]: 정지: 🏁 완주 (정상 종료)
[longitudinal_controller-10] [INFO] [1789577736.324075579] [longitudinal_controller]: 🏁 완주 정지 완료
[serial_bridge-12] [WARN] [1789577736.328719136] [serial_bridge_node]: ⚠ 공급전압 강하: VMIN=4246mV — 배터리/전원 확인
[cluster_plot_node-13] [INFO] [1789577736.352227269] [lidar_clustering]: ID=70, X=0.35 m, Y=3.35 m, Width=0.05 m, Depth=0.08 m, Distance=3.37 m
[cluster_plot_node-13] [INFO] [1789577736.352507971] [lidar_clustering]: FollowGap: mode=CLEAR, direction=STRAIGHT, front=8.00 m, best_angle=0.0 deg
[cluster_plot_node-13] [INFO] [1789577737.266106993] [lidar_clustering]: No confirmed obstacles.
[cluster_plot_node-13] [INFO] [1789577737.266330847] [lidar_clustering]: FollowGap: mode=CLEAR, direction=STRAIGHT, front=8.00 m, best_angle=0.0 deg
[cluster_plot_node-13] [INFO] [1789577737.266567855] [lidar_clustering]: points=0, clusters=0, tracks=0
[local_sliding_window_node-8] [WARN] [1789577737.839122563] [local_sliding_window_node]: 로컬 경로 생성 실패 — 발행 보류
[vrs_ntrip_client-3] [INFO] [1789577738.118000840] [ngii_vrs_ntrip_client]: [NTRIP 연결됨] RTCM 788프레임 발행, GGA 실측(36.97064,127.87476)
[cluster_plot_node-13] [INFO] [1789577738.181080392] [lidar_clustering]: No confirmed obstacles.
[cluster_plot_node-13] [INFO] [1789577738.181295800] [lidar_clustering]: FollowGap: mode=CLEAR, direction=STRAIGHT, front=8.00 m, best_angle=0.0 deg
[direct_localization_node-6] [INFO] [1789577738.471638910] [direct_localization]: pose: x=-8.11 y=-2.44 yaw=102.7° v=-0.02m/s [헤딩 정렬됨]
[cluster_plot_node-13] [INFO] [1789577739.096018760] [lidar_clustering]: No confirmed obstacles.
[cluster_plot_node-13] [INFO] [1789577739.096237624] [lidar_clustering]: FollowGap: mode=CLEAR, direction=STRAIGHT, front=8.00 m, best_angle=0.0 deg
[cluster_plot_node-13] [INFO] [1789577739.096439306] [lidar_clustering]: points=0, clusters=0, tracks=0
[local_sliding_window_node-8] [WARN] [1789577739.872223336] [local_sliding_window_node]: 로컬 경로 생성 실패 — 발행 보류
[cluster_plot_node-13] [INFO] [1789577740.011188672] [lidar_clustering]: No confirmed obstacles.
[cluster_plot_node-13] [INFO] [1789577740.011407656] [lidar_clustering]: FollowGap: mode=CLEAR, direction=STRAIGHT, front=8.00 m, best_angle=0.0 deg
[cluster_plot_node-13] [INFO] [1789577740.920071302] [lidar_clustering]: No confirmed obstacles.
[cluster_plot_node-13] [INFO] [1789577740.920286880] [lidar_clustering]: FollowGap: mode=CLEAR, direction=STRAIGHT, front=8.00 m, best_angle=0.0 deg
[cluster_plot_node-13] [INFO] [1789577740.920469786] [lidar_clustering]: points=0, clusters=0, tracks=0
[local_pure_pursuit_node-9] [INFO] [1789577741.183953047] [local_pure_pursuit]: 정지: 🏁 완주 (정상 종료)
[direct_localization_node-6] [INFO] [1789577741.471673210] [direct_localization]: pose: x=-8.11 y=-2.44 yaw=102.7° v=-0.02m/s [헤딩 정렬됨]
[cluster_plot_node-13] [INFO] [1789577741.835177554] [lidar_clustering]: No confirmed obstacles.
[cluster_plot_node-13] [INFO] [1789577741.835415083] [lidar_clustering]: FollowGap: mode=CLEAR, direction=STRAIGHT, front=8.00 m, best_angle=0.0 deg
[local_sliding_window_node-8] [WARN] [1789577741.872524102] [local_sliding_window_node]: 로컬 경로 생성 실패 — 발행 보류
