[INFO] [launch]: All log files can be found below /home/han/.ros/log/2026-09-20-13-25-45-392593-han-ASUS-TUF-Gaming-A16-FA607PI-FA607PI-10392
[INFO] [launch]: Default logging verbosity is set to INFO
[bringup] ⚠ /home/han/stop_points.yaml 에 정지지점이 없다 — 신호등 정지 비활성
[control] ⚠ xterm 이 없다. teleop:=true 는 키 입력을 못 받는다.
[control]   별도 터미널에서 실행할 것: ros2 run velocity_controller teleop_keyboard
[control] ⚠ xterm 이 없다. teleop:=true 는 키 입력을 못 받는다.
[control]   별도 터미널에서 실행할 것: ros2 run velocity_controller teleop_keyboard
[INFO] [ublox_dgnss_node-1]: process started with pid [10394]
[INFO] [ublox_nav_sat_fix_hp-2]: process started with pid [10396]
[INFO] [vrs_ntrip_client-3]: process started with pid [10398]
[INFO] [hfi_a9_ros2-4]: process started with pid [10400]
[INFO] [heading_init_node-5]: process started with pid [10402]
[INFO] [direct_localization_node-6]: process started with pid [10404]
[INFO] [global_path_publisher-7]: process started with pid [10406]
[INFO] [local_sliding_window_node-8]: process started with pid [10408]
[INFO] [local_pure_pursuit_node-9]: process started with pid [10410]
[INFO] [longitudinal_controller-10]: process started with pid [10412]
[INFO] [vehicle_cmd_mux-11]: process started with pid [10414]
[INFO] [serial_bridge-12]: process started with pid [10416]
[INFO] [cluster_plot_node-13]: process started with pid [10418]
[INFO] [rviz2-14]: process started with pid [10420]
[ublox_nav_sat_fix_hp-2] [INFO] [1789878345.455283249] [ublox_nav_sat_fix_hp]: starting ublox_nav_sat_fix_hp
[ublox_dgnss_node-1] [INFO] [1789878345.456977014] [ublox_dgnss]: starting ublox_dgnss
[ublox_dgnss_node-1] [INFO] [1789878345.458979349] [ublox_dgnss]: Device family: F9P - High-precision GNSS (Product IDs: [0x01a9], Reliable iSerial: NO)
[ublox_dgnss_node-1] [INFO] [1789878345.459033109] [ublox_dgnss]: Parameter DEVICE_SERIAL_STRING not found, will use first F9P device.
[ublox_dgnss_node-1] [INFO] [1789878345.459068664] [ublox_dgnss]: Parameter FRAME_ID found with value: gps
[ublox_dgnss_node-1] [INFO] [1789878345.459074765] [ublox_dgnss]: ParameterManager initialized
[ublox_dgnss_node-1] [INFO] [1789878345.459220925] [ublox_dgnss]: Loading default UBX config for F9P: /opt/ros/humble/share/ublox_dgnss/config/f9p_ubx_config.toml
[ublox_dgnss_node-1] [INFO] [1789878345.459388074] [ublox_dgnss]: Loaded 127 parameters from F9P TOML
[ublox_dgnss_node-1] [INFO] [1789878345.459415805] [ublox_dgnss]: Loaded 127 UBX config items
[ublox_dgnss_node-1] [INFO] [1789878345.459427346] [ublox_dgnss]: parameter supplied: CFG_MSGOUT_UBX_NAV_COV_USB
[ublox_dgnss_node-1] [INFO] [1789878345.459437194] [ublox_dgnss]: parameter supplied: CFG_MSGOUT_UBX_NAV_HPPOSLLH_USB
[ublox_dgnss_node-1] [INFO] [1789878345.459442354] [ublox_dgnss]: parameter supplied: CFG_MSGOUT_UBX_NAV_STATUS_USB
[ublox_dgnss_node-1] [INFO] [1789878345.459445540] [ublox_dgnss]: parameter supplied: CFG_MSGOUT_UBX_RXM_RTCM_USB
[ublox_dgnss_node-1] [INFO] [1789878345.459448675] [ublox_dgnss]: parameter supplied: CFG_NAVHPG_DGNSSMODE
[ublox_dgnss_node-1] [INFO] [1789878345.459451931] [ublox_dgnss]: parameter supplied: CFG_NAVSPG_DYNMODEL
[ublox_dgnss_node-1] [INFO] [1789878345.459455368] [ublox_dgnss]: parameter supplied: CFG_RATE_MEAS
[ublox_dgnss_node-1] [INFO] [1789878345.459458894] [ublox_dgnss]: parameter supplied: CFG_RATE_NAV
[ublox_dgnss_node-1] [INFO] [1789878345.459462321] [ublox_dgnss]: parameter supplied: CFG_SIGNAL_BDS_ENA
[ublox_dgnss_node-1] [INFO] [1789878345.459465847] [ublox_dgnss]: parameter supplied: CFG_SIGNAL_GAL_ENA
[ublox_dgnss_node-1] [INFO] [1789878345.459469003] [ublox_dgnss]: parameter supplied: CFG_SIGNAL_GLO_ENA
[ublox_dgnss_node-1] [INFO] [1789878345.459481907] [ublox_dgnss]: parameter supplied: CFG_SIGNAL_GPS_ENA
[ublox_dgnss_node-1] [INFO] [1789878345.459485123] [ublox_dgnss]: parameter supplied: CFG_SIGNAL_QZSS_ENA
[ublox_dgnss_node-1] [INFO] [1789878345.459488278] [ublox_dgnss]: parameter supplied: CFG_USBOUTPROT_NMEA
[ublox_dgnss_node-1] [INFO] [1789878345.468437252] [ublox_dgnss]: input param ESF_MEAS_INPUT_ENABLED: true
[ublox_dgnss_node-1] [INFO] [1789878345.468486693] [ublox_dgnss]: input param RTCM_INPUT_ENABLED: true
[ublox_dgnss_node-1] [INFO] [1789878345.468725193] [ublox_dgnss]: input param RXM_PMP_INPUT_ENABLED: false
[ublox_dgnss_node-1] [INFO] [1789878345.468756712] [ublox_dgnss]: input param RXM_QZSSL6_INPUT_ENABLED: false
[ublox_dgnss_node-1] [INFO] [1789878345.468778963] [ublox_dgnss]: input param RXM_SPARTNKEY_INPUT_ENABLED: false
[ublox_dgnss_node-1] [INFO] [1789878345.468801244] [ublox_dgnss]: parameter set CFG_INFMSG_NMEA_USB: 0
[ublox_dgnss_node-1] [INFO] [1789878345.468832541] [ublox_dgnss]: parameter set CFG_INFMSG_UBX_USB: 0
[ublox_dgnss_node-1] [INFO] [1789878345.468855494] [ublox_dgnss]: parameter set CFG_MSGOUT_RTCM_3X_TYPE1005_USB: 0
[ublox_dgnss_node-1] [INFO] [1789878345.468876803] [ublox_dgnss]: parameter set CFG_MSGOUT_RTCM_3X_TYPE1074_UART2: 0
[ublox_dgnss_node-1] [INFO] [1789878345.468895928] [ublox_dgnss]: parameter set CFG_MSGOUT_RTCM_3X_TYPE1077_USB: 0
[ublox_dgnss_node-1] [INFO] [1789878345.468915174] [ublox_dgnss]: parameter set CFG_MSGOUT_RTCM_3X_TYPE1084_UART2: 0
[ublox_dgnss_node-1] [INFO] [1789878345.468934700] [ublox_dgnss]: parameter set CFG_MSGOUT_RTCM_3X_TYPE1087_USB: 0
[ublox_dgnss_node-1] [INFO] [1789878345.468957702] [ublox_dgnss]: parameter set CFG_MSGOUT_RTCM_3X_TYPE1094_UART2: 0
[ublox_dgnss_node-1] [INFO] [1789878345.468979182] [ublox_dgnss]: parameter set CFG_MSGOUT_RTCM_3X_TYPE1097_USB: 0
[ublox_dgnss_node-1] [INFO] [1789878345.469005581] [ublox_dgnss]: parameter set CFG_MSGOUT_RTCM_3X_TYPE1124_UART2: 0
[ublox_dgnss_node-1] [INFO] [1789878345.469028914] [ublox_dgnss]: parameter set CFG_MSGOUT_RTCM_3X_TYPE1127_USB: 0
[ublox_dgnss_node-1] [INFO] [1789878345.469050964] [ublox_dgnss]: parameter set CFG_MSGOUT_RTCM_3X_TYPE1230_UART2: 0
[ublox_dgnss_node-1] [INFO] [1789878345.469073165] [ublox_dgnss]: parameter set CFG_MSGOUT_RTCM_3X_TYPE1230_USB: 0
[ublox_dgnss_node-1] [INFO] [1789878345.469098262] [ublox_dgnss]: parameter set CFG_MSGOUT_RTCM_3X_TYPE4072_0_UART2: 0
[ublox_dgnss_node-1] [INFO] [1789878345.469121745] [ublox_dgnss]: parameter set CFG_MSGOUT_RTCM_3X_TYPE4072_0_USB: 0
[ublox_dgnss_node-1] [INFO] [1789878345.469146421] [ublox_dgnss]: parameter set CFG_MSGOUT_UBX_MON_COMMS_USB: 0
[ublox_dgnss_node-1] [INFO] [1789878345.469177248] [ublox_dgnss]: parameter set CFG_MSGOUT_UBX_NAV_CLOCK_USB: 0
[ublox_dgnss_node-1] [INFO] [1789878345.469202334] [ublox_dgnss]: parameter set CFG_MSGOUT_UBX_NAV_COV_UART1: 0
[ublox_dgnss_node-1] [INFO] [1789878345.469224044] [ublox_dgnss]: parameter set CFG_MSGOUT_UBX_NAV_COV_UART2: 0
[ublox_dgnss_node-1] [INFO] [1789878345.469270039] [ublox_dgnss]: parameter set CFG_MSGOUT_UBX_NAV_DOP_USB: 0
[ublox_dgnss_node-1] [INFO] [1789878345.469292560] [ublox_dgnss]: parameter set CFG_MSGOUT_UBX_NAV_EOE_USB: 0
[ublox_dgnss_node-1] [INFO] [1789878345.469314351] [ublox_dgnss]: parameter set CFG_MSGOUT_UBX_NAV_HPPOSECEF_USB: 0
[ublox_dgnss_node-1] [INFO] [1789878345.469346089] [ublox_dgnss]: parameter set CFG_MSGOUT_UBX_NAV_HPPOSLLH_UART1: 0
[ublox_dgnss_node-1] [INFO] [1789878345.469371015] [ublox_dgnss]: parameter set CFG_MSGOUT_UBX_NAV_HPPOSLLH_UART2: 0
[ublox_dgnss_node-1] [INFO] [1789878345.469394018] [ublox_dgnss]: parameter set CFG_MSGOUT_UBX_NAV_ODO_USB: 0
[ublox_dgnss_node-1] [INFO] [1789878345.469417140] [ublox_dgnss]: parameter set CFG_MSGOUT_UBX_NAV_ORB_USB: 0
[ublox_dgnss_node-1] [INFO] [1789878345.469439361] [ublox_dgnss]: parameter set CFG_MSGOUT_UBX_NAV_POSECEF_USB: 0
[ublox_dgnss_node-1] [INFO] [1789878345.469460991] [ublox_dgnss]: parameter set CFG_MSGOUT_UBX_NAV_POSLLH_USB: 0
[ublox_dgnss_node-1] [INFO] [1789878345.469488652] [ublox_dgnss]: parameter set CFG_MSGOUT_UBX_NAV_PVT_USB: 0
[ublox_dgnss_node-1] [INFO] [1789878345.469516544] [ublox_dgnss]: parameter set CFG_MSGOUT_UBX_NAV_RELPOSNED_USB: 0
[ublox_dgnss_node-1] [INFO] [1789878345.469550326] [ublox_dgnss]: parameter set CFG_MSGOUT_UBX_NAV_SAT_USB: 0
[ublox_dgnss_node-1] [INFO] [1789878345.469578227] [ublox_dgnss]: parameter set CFG_MSGOUT_UBX_NAV_SIG_USB: 0
[ublox_dgnss_node-1] [INFO] [1789878345.469601811] [ublox_dgnss]: parameter set CFG_MSGOUT_UBX_NAV_STATUS_UART1: 0
[ublox_dgnss_node-1] [INFO] [1789878345.469624984] [ublox_dgnss]: parameter set CFG_MSGOUT_UBX_NAV_STATUS_UART2: 0
[ublox_dgnss_node-1] [INFO] [1789878345.469659417] [ublox_dgnss]: parameter set CFG_MSGOUT_UBX_NAV_SVIN_USB: 0
[ublox_dgnss_node-1] [INFO] [1789878345.469678853] [ublox_dgnss]: parameter set CFG_MSGOUT_UBX_NAV_TIMEUTC_USB: 0
[ublox_dgnss_node-1] [INFO] [1789878345.469700423] [ublox_dgnss]: parameter set CFG_MSGOUT_UBX_NAV_VELECEF_USB: 0
[ublox_dgnss_node-1] [INFO] [1789878345.469722484] [ublox_dgnss]: parameter set CFG_MSGOUT_UBX_NAV_VELNED_USB: 0
[ublox_dgnss_node-1] [INFO] [1789878345.469745696] [ublox_dgnss]: parameter set CFG_MSGOUT_UBX_RXM_COR_UART1: 0
[ublox_dgnss_node-1] [INFO] [1789878345.469768348] [ublox_dgnss]: parameter set CFG_MSGOUT_UBX_RXM_COR_UART2: 0
[ublox_dgnss_node-1] [INFO] [1789878345.469797282] [ublox_dgnss]: parameter set CFG_MSGOUT_UBX_RXM_COR_USB: 0
[ublox_dgnss_node-1] [INFO] [1789878345.469841684] [ublox_dgnss]: parameter set CFG_MSGOUT_UBX_RXM_MEASX_USB: 0
[ublox_dgnss_node-1] [INFO] [1789878345.469863093] [ublox_dgnss]: parameter set CFG_MSGOUT_UBX_RXM_RAWX_USB: 0
[ublox_dgnss_node-1] [INFO] [1789878345.469886176] [ublox_dgnss]: parameter set CFG_MSGOUT_UBX_RXM_SFRBX_USB: 0
[ublox_dgnss_node-1] [INFO] [1789878345.469909188] [ublox_dgnss]: parameter set CFG_MSGOUT_UBX_RXM_SPARTN_USB: 0
[ublox_dgnss_node-1] [INFO] [1789878345.469931630] [ublox_dgnss]: parameter set CFG_MSGOUT_UBX_SEC_SIGLOG_USB: 0
[ublox_dgnss_node-1] [INFO] [1789878345.469953710] [ublox_dgnss]: parameter set CFG_MSGOUT_UBX_SEC_SIG_USB: 0
[ublox_dgnss_node-1] [INFO] [1789878345.469976462] [ublox_dgnss]: parameter set CFG_NAVSPG_FIXMODE: 0
[ublox_dgnss_node-1] [INFO] [1789878345.469999234] [ublox_dgnss]: parameter set CFG_NAVSPG_INIFIX3D: false
[ublox_dgnss_node-1] [INFO] [1789878345.470023389] [ublox_dgnss]: parameter set CFG_NAVSPG_UTCSTANDARD: 0
[ublox_dgnss_node-1] [INFO] [1789878345.470046121] [ublox_dgnss]: parameter set CFG_ODO_COGLPGAIN: 0
[ublox_dgnss_node-1] [INFO] [1789878345.470070406] [ublox_dgnss]: parameter set CFG_ODO_COGMAXPOSACC: 0
[ublox_dgnss_node-1] [INFO] [1789878345.470093588] [ublox_dgnss]: parameter set CFG_ODO_COGMAXSPEED: 0
[ublox_dgnss_node-1] [INFO] [1789878345.470116911] [ublox_dgnss]: parameter set CFG_ODO_OUTLPCOG: false
[ublox_dgnss_node-1] [INFO] [1789878345.470139343] [ublox_dgnss]: parameter set CFG_ODO_OUTLPVEL: false
[ublox_dgnss_node-1] [INFO] [1789878345.470168907] [ublox_dgnss]: parameter set CFG_ODO_PROFILE: 0
[ublox_dgnss_node-1] [INFO] [1789878345.470193032] [ublox_dgnss]: parameter set CFG_ODO_USE_COG: false
[ublox_dgnss_node-1] [INFO] [1789878345.470222266] [ublox_dgnss]: parameter set CFG_ODO_USE_ODO: false
[ublox_dgnss_node-1] [INFO] [1789878345.470243445] [ublox_dgnss]: parameter set CFG_ODO_VELLPGAIN: 0
[ublox_dgnss_node-1] [INFO] [1789878345.470267429] [ublox_dgnss]: parameter set CFG_RATE_TIMEREF: 0
[ublox_dgnss_node-1] [INFO] [1789878345.470290702] [ublox_dgnss]: parameter set CFG_SEC_JAMDET_SENSITIVITY_HI: false
[ublox_dgnss_node-1] [INFO] [1789878345.470326188] [ublox_dgnss]: parameter set CFG_SEC_SPOOFDET_SIM_SIG_DIS: false
[ublox_dgnss_node-1] [INFO] [1789878345.470367764] [ublox_dgnss]: parameter set CFG_SIGNAL_BDS_B1_ENA: false
[ublox_dgnss_node-1] [INFO] [1789878345.470390777] [ublox_dgnss]: parameter set CFG_SIGNAL_BDS_B2_ENA: false
[ublox_dgnss_node-1] [INFO] [1789878345.470417636] [ublox_dgnss]: parameter set CFG_SIGNAL_GAL_E1_ENA: false
[ublox_dgnss_node-1] [INFO] [1789878345.470463661] [ublox_dgnss]: parameter set CFG_SIGNAL_GAL_E5B_ENA: false
[ublox_dgnss_node-1] [INFO] [1789878345.470489539] [ublox_dgnss]: parameter set CFG_SIGNAL_GLO_L1_ENA: false
[ublox_dgnss_node-1] [INFO] [1789878345.470512582] [ublox_dgnss]: parameter set CFG_SIGNAL_GLO_L2_ENA: false
[ublox_dgnss_node-1] [INFO] [1789878345.470535774] [ublox_dgnss]: parameter set CFG_SIGNAL_GPS_L1CA_ENA: false
[ublox_dgnss_node-1] [INFO] [1789878345.470560580] [ublox_dgnss]: parameter set CFG_SIGNAL_GPS_L2C_ENA: false
[ublox_dgnss_node-1] [INFO] [1789878345.470584454] [ublox_dgnss]: parameter set CFG_SIGNAL_QZSS_L1CA_ENA: false
[ublox_dgnss_node-1] [INFO] [1789878345.470607547] [ublox_dgnss]: parameter set CFG_SIGNAL_QZSS_L1S_ENA: false
[ublox_dgnss_node-1] [INFO] [1789878345.470644275] [ublox_dgnss]: parameter set CFG_SIGNAL_QZSS_L2C_ENA: false
[ublox_dgnss_node-1] [INFO] [1789878345.470680061] [ublox_dgnss]: parameter set CFG_SIGNAL_SBAS_ENA: false
[ublox_dgnss_node-1] [INFO] [1789878345.470705828] [ublox_dgnss]: parameter set CFG_SIGNAL_SBAS_L1CA_ENA: false
[ublox_dgnss_node-1] [INFO] [1789878345.470732137] [ublox_dgnss]: parameter set CFG_SPARTN_USE_SOURCE: 0
[ublox_dgnss_node-1] [INFO] [1789878345.470757874] [ublox_dgnss]: parameter set CFG_TMODE_ECEF_X: 0
[ublox_dgnss_node-1] [INFO] [1789878345.470781348] [ublox_dgnss]: parameter set CFG_TMODE_ECEF_X_HP: 0
[ublox_dgnss_node-1] [INFO] [1789878345.470804160] [ublox_dgnss]: parameter set CFG_TMODE_ECEF_Y: 0
[ublox_dgnss_node-1] [INFO] [1789878345.470828054] [ublox_dgnss]: parameter set CFG_TMODE_ECEF_Y_HP: 0
[ublox_dgnss_node-1] [INFO] [1789878345.470851747] [ublox_dgnss]: parameter set CFG_TMODE_ECEF_Z: 0
[ublox_dgnss_node-1] [INFO] [1789878345.470878407] [ublox_dgnss]: parameter set CFG_TMODE_ECEF_Z_HP: 0
[ublox_dgnss_node-1] [INFO] [1789878345.470905036] [ublox_dgnss]: parameter set CFG_TMODE_FIXED_POS_ACC: 0
[ublox_dgnss_node-1] [INFO] [1789878345.470945751] [ublox_dgnss]: parameter set CFG_TMODE_HEIGHT: 0
[ublox_dgnss_node-1] [INFO] [1789878345.470971338] [ublox_dgnss]: parameter set CFG_TMODE_HEIGHT_HP: 0
[ublox_dgnss_node-1] [INFO] [1789878345.470994882] [ublox_dgnss]: parameter set CFG_TMODE_LAT: 0
[ublox_dgnss_node-1] [INFO] [1789878345.471015209] [ublox_dgnss]: parameter set CFG_TMODE_LAT_HP: 0
[ublox_dgnss_node-1] [INFO] [1789878345.471036819] [ublox_dgnss]: parameter set CFG_TMODE_LON: 0
[ublox_dgnss_node-1] [INFO] [1789878345.471060102] [ublox_dgnss]: parameter set CFG_TMODE_LON_HP: 0
[ublox_dgnss_node-1] [INFO] [1789878345.471083796] [ublox_dgnss]: parameter set CFG_TMODE_MODE: 0
[ublox_dgnss_node-1] [INFO] [1789878345.471107850] [ublox_dgnss]: parameter set CFG_TMODE_POS_TYPE: 0
[ublox_dgnss_node-1] [INFO] [1789878345.471130742] [ublox_dgnss]: parameter set CFG_TMODE_SVIN_ACC_LIMIT: 0
[ublox_dgnss_node-1] [INFO] [1789878345.471150809] [ublox_dgnss]: parameter set CFG_TMODE_SVIN_MIN_DUR: 0
[ublox_dgnss_node-1] [INFO] [1789878345.471172449] [ublox_dgnss]: parameter set CFG_UART1INPROT_NMEA: false
[ublox_dgnss_node-1] [INFO] [1789878345.471199900] [ublox_dgnss]: parameter set CFG_UART1INPROT_RTCM3X: false
[ublox_dgnss_node-1] [INFO] [1789878345.471224686] [ublox_dgnss]: parameter set CFG_UART1INPROT_SPARTN: false
[ublox_dgnss_node-1] [INFO] [1789878345.471256675] [ublox_dgnss]: parameter set CFG_UART1INPROT_UBX: false
[ublox_dgnss_node-1] [INFO] [1789878345.471281581] [ublox_dgnss]: parameter set CFG_UART1OUTPROT_NMEA: false
[ublox_dgnss_node-1] [INFO] [1789878345.471310244] [ublox_dgnss]: parameter set CFG_UART1OUTPROT_RTCM3X: false
[ublox_dgnss_node-1] [INFO] [1789878345.471342142] [ublox_dgnss]: parameter set CFG_UART1OUTPROT_UBX: false
[ublox_dgnss_node-1] [INFO] [1789878345.471366658] [ublox_dgnss]: parameter set CFG_UART2INPROT_NMEA: false
[ublox_dgnss_node-1] [INFO] [1789878345.471387075] [ublox_dgnss]: parameter set CFG_UART2INPROT_RTCM3X: false
[ublox_dgnss_node-1] [INFO] [1789878345.471409126] [ublox_dgnss]: parameter set CFG_UART2INPROT_SPARTN: false
[ublox_dgnss_node-1] [INFO] [1789878345.471439592] [ublox_dgnss]: parameter set CFG_UART2INPROT_UBX: false
[ublox_dgnss_node-1] [INFO] [1789878345.471464709] [ublox_dgnss]: parameter set CFG_UART2OUTPROT_NMEA: false
[ublox_dgnss_node-1] [INFO] [1789878345.471489955] [ublox_dgnss]: parameter set CFG_UART2OUTPROT_RTCM3X: false
[ublox_dgnss_node-1] [INFO] [1789878345.471513018] [ublox_dgnss]: parameter set CFG_UART2OUTPROT_UBX: false
[ublox_dgnss_node-1] [INFO] [1789878345.471533776] [ublox_dgnss]: parameter set CFG_UART2_BAUDRATE: 0
[ublox_dgnss_node-1] [INFO] [1789878345.471555676] [ublox_dgnss]: parameter set CFG_USBINPROT_NMEA: false
[ublox_dgnss_node-1] [INFO] [1789878345.471587305] [ublox_dgnss]: parameter set CFG_USBINPROT_RTCM3X: false
[ublox_dgnss_node-1] [INFO] [1789878345.471624203] [ublox_dgnss]: parameter set CFG_USBINPROT_UBX: false
[ublox_dgnss_node-1] [INFO] [1789878345.471657925] [ublox_dgnss]: parameter set CFG_USBOUTPROT_RTCM3X: false
[ublox_dgnss_node-1] [INFO] [1789878345.471681438] [ublox_dgnss]: parameter set CFG_USBOUTPROT_UBX: false
[ublox_dgnss_node-1] [INFO] [1789878345.478476968] [ublox_dgnss]: Starting USB initialization
[ublox_dgnss_node-1] [INFO] [1789878345.487047293] [ublox_dgnss]: Initial device connection completed
[ublox_dgnss_node-1] [INFO] [1789878345.487218649] [ublox_dgnss]: usb vendor_id: 0x1546 product_id: 0x01a9 serial_str:  bus: 003 address: 011 port_number: 3 speed: SPEED_FULL (12 MBit/s) num_interfaces: 2 ep_data out: 0x01 in: 0x82 ep_comms in: 0x83
[ublox_dgnss_node-1] [INFO] [1789878345.487229670] [ublox_dgnss]: ublox_dgnss_init_async start
[ublox_dgnss_node-1] [INFO] [1789878345.487249767] [ublox_dgnss]: Sending user parameters to device
[ublox_dgnss_node-1] [INFO] [1789878345.487388753] [ublox_dgnss]: Sent 14 user parameters to device
[ublox_dgnss_node-1] [INFO] [1789878345.487398381] [ublox_dgnss]: Fetching configuration parameter values from device
[ublox_dgnss_node-1] [INFO] [1789878345.487412677] [ublox_dgnss]: cfg_val_get_poll_async_all_layers ... CFG_INFMSG_NMEA_USB CFG_INFMSG_UBX_USB CFG_MSGOUT_RTCM_3X_TYPE1005_USB CFG_MSGOUT_RTCM_3X_TYPE1074_UART2 CFG_MSGOUT_RTCM_3X_TYPE1077_USB CFG_MSGOUT_RTCM_3X_TYPE1084_UART2 CFG_MSGOUT_RTCM_3X_TYPE1087_USB CFG_MSGOUT_RTCM_3X_TYPE1094_UART2 CFG_MSGOUT_RTCM_3X_TYPE1097_USB CFG_MSGOUT_RTCM_3X_TYPE1124_UART2 
[ublox_dgnss_node-1] [INFO] [1789878345.487460856] [ublox_dgnss]: cfg_val_get_poll_async_all_layers ... CFG_MSGOUT_RTCM_3X_TYPE1127_USB CFG_MSGOUT_RTCM_3X_TYPE1230_UART2 CFG_MSGOUT_RTCM_3X_TYPE1230_USB CFG_MSGOUT_RTCM_3X_TYPE4072_0_UART2 CFG_MSGOUT_RTCM_3X_TYPE4072_0_USB CFG_MSGOUT_UBX_MON_COMMS_USB CFG_MSGOUT_UBX_NAV_CLOCK_USB CFG_MSGOUT_UBX_NAV_COV_UART1 CFG_MSGOUT_UBX_NAV_COV_UART2 CFG_MSGOUT_UBX_NAV_DOP_USB 
[ublox_dgnss_node-1] [INFO] [1789878345.487475483] [ublox_dgnss]: cfg_val_get_poll_async_all_layers ... CFG_MSGOUT_UBX_NAV_EOE_USB CFG_MSGOUT_UBX_NAV_HPPOSECEF_USB CFG_MSGOUT_UBX_NAV_HPPOSLLH_UART1 CFG_MSGOUT_UBX_NAV_HPPOSLLH_UART2 CFG_MSGOUT_UBX_NAV_ODO_USB CFG_MSGOUT_UBX_NAV_ORB_USB CFG_MSGOUT_UBX_NAV_POSECEF_USB CFG_MSGOUT_UBX_NAV_POSLLH_USB CFG_MSGOUT_UBX_NAV_PVT_USB CFG_MSGOUT_UBX_NAV_RELPOSNED_USB 
[ublox_dgnss_node-1] [INFO] [1789878345.487511580] [ublox_dgnss]: cfg_val_get_poll_async_all_layers ... CFG_MSGOUT_UBX_NAV_SAT_USB CFG_MSGOUT_UBX_NAV_SIG_USB CFG_MSGOUT_UBX_NAV_STATUS_UART1 CFG_MSGOUT_UBX_NAV_STATUS_UART2 CFG_MSGOUT_UBX_NAV_SVIN_USB CFG_MSGOUT_UBX_NAV_TIMEUTC_USB CFG_MSGOUT_UBX_NAV_VELECEF_USB CFG_MSGOUT_UBX_NAV_VELNED_USB CFG_MSGOUT_UBX_RXM_COR_UART1 CFG_MSGOUT_UBX_RXM_COR_UART2 
[ublox_dgnss_node-1] [INFO] [1789878345.487530354] [ublox_dgnss]: cfg_val_get_poll_async_all_layers ... CFG_MSGOUT_UBX_RXM_COR_USB CFG_MSGOUT_UBX_RXM_MEASX_USB CFG_MSGOUT_UBX_RXM_RAWX_USB CFG_MSGOUT_UBX_RXM_SFRBX_USB CFG_MSGOUT_UBX_RXM_SPARTN_USB CFG_MSGOUT_UBX_SEC_SIGLOG_USB CFG_MSGOUT_UBX_SEC_SIG_USB CFG_NAVSPG_FIXMODE CFG_NAVSPG_INIFIX3D CFG_NAVSPG_UTCSTANDARD 
[ublox_dgnss_node-1] [INFO] [1789878345.487543599] [ublox_dgnss]: cfg_val_get_poll_async_all_layers ... CFG_ODO_COGLPGAIN CFG_ODO_COGMAXPOSACC CFG_ODO_COGMAXSPEED CFG_ODO_OUTLPCOG CFG_ODO_OUTLPVEL CFG_ODO_PROFILE CFG_ODO_USE_COG CFG_ODO_USE_ODO CFG_ODO_VELLPGAIN CFG_RATE_TIMEREF 
[ublox_dgnss_node-1] [INFO] [1789878345.487564517] [ublox_dgnss]: cfg_val_get_poll_async_all_layers ... CFG_SEC_JAMDET_SENSITIVITY_HI CFG_SEC_SPOOFDET_SIM_SIG_DIS CFG_SIGNAL_BDS_B1_ENA CFG_SIGNAL_BDS_B2_ENA CFG_SIGNAL_GAL_E1_ENA CFG_SIGNAL_GAL_E5B_ENA CFG_SIGNAL_GLO_L1_ENA CFG_SIGNAL_GLO_L2_ENA CFG_SIGNAL_GPS_L1CA_ENA CFG_SIGNAL_GPS_L2C_ENA 
[ublox_dgnss_node-1] [INFO] [1789878345.487577762] [ublox_dgnss]: cfg_val_get_poll_async_all_layers ... CFG_SIGNAL_QZSS_L1CA_ENA CFG_SIGNAL_QZSS_L1S_ENA CFG_SIGNAL_QZSS_L2C_ENA CFG_SIGNAL_SBAS_ENA CFG_SIGNAL_SBAS_L1CA_ENA CFG_SPARTN_USE_SOURCE CFG_TMODE_ECEF_X CFG_TMODE_ECEF_X_HP CFG_TMODE_ECEF_Y CFG_TMODE_ECEF_Y_HP 
[ublox_dgnss_node-1] [INFO] [1789878345.487597068] [ublox_dgnss]: cfg_val_get_poll_async_all_layers ... CFG_TMODE_ECEF_Z CFG_TMODE_ECEF_Z_HP CFG_TMODE_FIXED_POS_ACC CFG_TMODE_HEIGHT CFG_TMODE_HEIGHT_HP CFG_TMODE_LAT CFG_TMODE_LAT_HP CFG_TMODE_LON CFG_TMODE_LON_HP CFG_TMODE_MODE 
[ublox_dgnss_node-1] [INFO] [1789878345.487609661] [ublox_dgnss]: cfg_val_get_poll_async_all_layers ... CFG_TMODE_POS_TYPE CFG_TMODE_SVIN_ACC_LIMIT CFG_TMODE_SVIN_MIN_DUR CFG_UART1INPROT_NMEA CFG_UART1INPROT_RTCM3X CFG_UART1INPROT_SPARTN CFG_UART1INPROT_UBX CFG_UART1OUTPROT_NMEA CFG_UART1OUTPROT_RTCM3X CFG_UART1OUTPROT_UBX 
[ublox_dgnss_node-1] [INFO] [1789878345.487650145] [ublox_dgnss]: cfg_val_get_poll_async_all_layers ... CFG_UART2INPROT_NMEA CFG_UART2INPROT_RTCM3X CFG_UART2INPROT_SPARTN CFG_UART2INPROT_UBX CFG_UART2OUTPROT_NMEA CFG_UART2OUTPROT_RTCM3X CFG_UART2OUTPROT_UBX CFG_UART2_BAUDRATE CFG_USBINPROT_NMEA CFG_USBINPROT_RTCM3X 
[ublox_dgnss_node-1] [INFO] [1789878345.487665354] [ublox_dgnss]: cfg_val_get_poll_async_all_layers ... CFG_USBINPROT_UBX CFG_USBOUTPROT_RTCM3X CFG_USBOUTPROT_UBX 
[ublox_dgnss_node-1] [INFO] [1789878345.487675903] [ublox_dgnss]: Requested 113 device parameter values via CFG-VALGET
[ublox_dgnss_node-1] [INFO] [1789878345.487680481] [ublox_dgnss]: ublox_dgnss_init_async finished
[ublox_dgnss_node-1] [INFO] [1789878345.487684659] [ublox_dgnss]: USB initialization completed successfully
[ublox_dgnss_node-1] [INFO] [1789878345.598550349] [ublox_dgnss]: ubx sec unique_id: 0x5540823D1E
[longitudinal_controller-10] [INFO] [1789878345.695589124] [longitudinal_controller]: 종방향 제어 시작: v_max=1.6 v_min=0.25 (목표속도만 발행 — PWM은 펌웨어 PID가 담당)
[ublox_dgnss_node-1] [INFO] [1789878345.698511707] [ublox_dgnss]: parameter set CFG_INFMSG_NMEA_USB: 7
[ublox_dgnss_node-1] [INFO] [1789878345.699214785] [ublox_dgnss]: parameter set CFG_INFMSG_UBX_USB: 0
[ublox_dgnss_node-1] [INFO] [1789878345.699247034] [ublox_dgnss]: parameter set CFG_MSGOUT_RTCM_3X_TYPE1005_USB: 0
[ublox_dgnss_node-1] [INFO] [1789878345.699260609] [ublox_dgnss]: parameter set CFG_MSGOUT_RTCM_3X_TYPE1074_UART2: 0
[ublox_dgnss_node-1] [INFO] [1789878345.699270708] [ublox_dgnss]: parameter set CFG_MSGOUT_RTCM_3X_TYPE1077_USB: 0
[ublox_dgnss_node-1] [INFO] [1789878345.699280887] [ublox_dgnss]: parameter set CFG_MSGOUT_RTCM_3X_TYPE1084_UART2: 0
[ublox_dgnss_node-1] [INFO] [1789878345.699291045] [ublox_dgnss]: parameter set CFG_MSGOUT_RTCM_3X_TYPE1087_USB: 0
[ublox_dgnss_node-1] [INFO] [1789878345.699301024] [ublox_dgnss]: parameter set CFG_MSGOUT_RTCM_3X_TYPE1094_UART2: 0
[ublox_dgnss_node-1] [INFO] [1789878345.699316693] [ublox_dgnss]: parameter set CFG_MSGOUT_RTCM_3X_TYPE1097_USB: 0
[ublox_dgnss_node-1] [INFO] [1789878345.699326771] [ublox_dgnss]: parameter set CFG_MSGOUT_RTCM_3X_TYPE1124_UART2: 0
[ublox_dgnss_node-1] [INFO] [1789878345.718501334] [ublox_dgnss]: parameter set CFG_INFMSG_NMEA_USB: 7
[ublox_dgnss_node-1] [INFO] [1789878345.719066086] [ublox_dgnss]: parameter set CFG_INFMSG_UBX_USB: 0
[ublox_dgnss_node-1] [INFO] [1789878345.719203359] [ublox_dgnss]: parameter set CFG_MSGOUT_RTCM_3X_TYPE1005_USB: 0
[ublox_dgnss_node-1] [INFO] [1789878345.721075674] [ublox_dgnss]: parameter set CFG_MSGOUT_RTCM_3X_TYPE1074_UART2: 0
[ublox_dgnss_node-1] [INFO] [1789878345.721136727] [ublox_dgnss]: parameter set CFG_MSGOUT_RTCM_3X_TYPE1077_USB: 0
[ublox_dgnss_node-1] [INFO] [1789878345.721154229] [ublox_dgnss]: parameter set CFG_MSGOUT_RTCM_3X_TYPE1084_UART2: 0
[ublox_dgnss_node-1] [INFO] [1789878345.721175939] [ublox_dgnss]: parameter set CFG_MSGOUT_RTCM_3X_TYPE1087_USB: 0
[ublox_dgnss_node-1] [INFO] [1789878345.721192129] [ublox_dgnss]: parameter set CFG_MSGOUT_RTCM_3X_TYPE1094_UART2: 0
[ublox_dgnss_node-1] [INFO] [1789878345.721437051] [ublox_dgnss]: parameter set CFG_MSGOUT_RTCM_3X_TYPE1097_USB: 0
[ublox_dgnss_node-1] [INFO] [1789878345.722689953] [ublox_dgnss]: parameter set CFG_MSGOUT_RTCM_3X_TYPE1124_UART2: 0
[local_sliding_window_node-8] [INFO] [1789878345.737554162] [local_sliding_window_node]: local_sliding_window_node 시작 (odom=/odometry/filtered, window=5+20, lookahead=10.0m, 곡률 preview=4.0m)
[ublox_dgnss_node-1] [INFO] [1789878345.738507772] [ublox_dgnss]: parameter set CFG_MSGOUT_RTCM_3X_TYPE1127_USB: 0
[ublox_dgnss_node-1] [INFO] [1789878345.738711558] [ublox_dgnss]: parameter set CFG_MSGOUT_RTCM_3X_TYPE1230_UART2: 0
[ublox_dgnss_node-1] [INFO] [1789878345.738893283] [ublox_dgnss]: parameter set CFG_MSGOUT_RTCM_3X_TYPE1230_USB: 0
[ublox_dgnss_node-1] [INFO] [1789878345.738986716] [ublox_dgnss]: parameter set CFG_MSGOUT_RTCM_3X_TYPE4072_0_UART2: 0
[ublox_dgnss_node-1] [INFO] [1789878345.739078315] [ublox_dgnss]: parameter set CFG_MSGOUT_RTCM_3X_TYPE4072_0_USB: 0
[ublox_dgnss_node-1] [INFO] [1789878345.739159114] [ublox_dgnss]: parameter set CFG_MSGOUT_UBX_MON_COMMS_USB: 0
[ublox_dgnss_node-1] [INFO] [1789878345.739406771] [ublox_dgnss]: parameter set CFG_MSGOUT_UBX_NAV_CLOCK_USB: 0
[ublox_dgnss_node-1] [INFO] [1789878345.739564071] [ublox_dgnss]: parameter set CFG_MSGOUT_UBX_NAV_COV_UART1: 0
[ublox_dgnss_node-1] [INFO] [1789878345.739661360] [ublox_dgnss]: parameter set CFG_MSGOUT_UBX_NAV_COV_UART2: 0
[ublox_dgnss_node-1] [INFO] [1789878345.739759752] [ublox_dgnss]: parameter set CFG_MSGOUT_UBX_NAV_DOP_USB: 0
[rviz2-14] [INFO] [1789878345.742701100] [rviz2]: Stereo is NOT SUPPORTED
[rviz2-14] [INFO] [1789878345.742808147] [rviz2]: OpenGl version: 4.5 (GLSL 4.5)
[vehicle_cmd_mux-11] [INFO] [1789878345.742851127] [vehicle_cmd_mux]: 명령 먹스 시작: 조향±18.0° 속도 -0.6~1.6m/s (E-stop > teleop > 자율)
[vehicle_cmd_mux-11] [WARN] [1789878345.743228353] [vehicle_cmd_mux]: 헤딩 캘리브 대기 — /heading/yaw_offset 을 받기 전에는 자율(AUTO)을 거부한다. teleop 으로 10m 직진해 캘리브를 끝낼 것.
[local_pure_pursuit_node-9] [INFO] [1789878345.747640705] [local_pure_pursuit]: local_pure_pursuit 시작: L=0.785m, max=18°, target_speed=0.5m/s, /local_path→/cmd_vel
[heading_init_node-5] [INFO] [1789878345.752260249] [gps_heading_init]: 헤딩 초기화(1회성) 시작: 10m 직진하면 yaw_offset 계산 후 자동 종료 (fix=/fix, imu=handsfree/imu)
[heading_init_node-5] [WARN] [1789878345.752586100] [gps_heading_init]: ⚠ 자동 직진 켜짐: GPS 수신 후 5초 뒤 0.50m/s로 스스로 10m 전진한다. 앞을 비우고 E-stop을 손에 쥘 것.
[ublox_dgnss_node-1] [INFO] [1789878345.758480898] [ublox_dgnss]: parameter set CFG_MSGOUT_RTCM_3X_TYPE1127_USB: 0
[ublox_dgnss_node-1] [INFO] [1789878345.758540879] [ublox_dgnss]: parameter set CFG_MSGOUT_RTCM_3X_TYPE1230_UART2: 0
[ublox_dgnss_node-1] [INFO] [1789878345.758564142] [ublox_dgnss]: parameter set CFG_MSGOUT_RTCM_3X_TYPE1230_USB: 0
[ublox_dgnss_node-1] [INFO] [1789878345.758586523] [ublox_dgnss]: parameter set CFG_MSGOUT_RTCM_3X_TYPE4072_0_UART2: 0
[ublox_dgnss_node-1] [INFO] [1789878345.758606730] [ublox_dgnss]: parameter set CFG_MSGOUT_RTCM_3X_TYPE4072_0_USB: 0
[ublox_dgnss_node-1] [INFO] [1789878345.758634141] [ublox_dgnss]: parameter set CFG_MSGOUT_UBX_MON_COMMS_USB: 0
[ublox_dgnss_node-1] [INFO] [1789878345.758677531] [ublox_dgnss]: parameter set CFG_MSGOUT_UBX_NAV_CLOCK_USB: 0
[ublox_dgnss_node-1] [INFO] [1789878345.758698971] [ublox_dgnss]: parameter set CFG_MSGOUT_UBX_NAV_COV_UART1: 0
[ublox_dgnss_node-1] [INFO] [1789878345.758719378] [ublox_dgnss]: parameter set CFG_MSGOUT_UBX_NAV_COV_UART2: 0
[ublox_dgnss_node-1] [INFO] [1789878345.758739475] [ublox_dgnss]: parameter set CFG_MSGOUT_UBX_NAV_DOP_USB: 0
[vrs_ntrip_client-3] [INFO] [1789878345.764014629] [ngii_vrs_ntrip_client]: NGII VRS NTRIP 클라이언트 시작: RTS2.ngii.go.kr:2101/VRS-RTCM32 (id=<NGII_ID>) → /ntrip_client/rtcm
[hfi_a9_ros2-4] [INFO] [1789878345.764981504] [imu]: Serial port /dev/imu opened successfully
[vehicle_cmd_mux-11] [INFO] [1789878345.778186681] [vehicle_cmd_mux]: 모드: STOP(헤딩 캘리브 전)
[ublox_dgnss_node-1] [INFO] [1789878345.778484240] [ublox_dgnss]: parameter set CFG_MSGOUT_UBX_NAV_EOE_USB: 0
[ublox_dgnss_node-1] [INFO] [1789878345.778565741] [ublox_dgnss]: parameter set CFG_MSGOUT_UBX_NAV_HPPOSECEF_USB: 0
[ublox_dgnss_node-1] [INFO] [1789878345.778682636] [ublox_dgnss]: parameter set CFG_MSGOUT_UBX_NAV_HPPOSLLH_UART1: 0
[ublox_dgnss_node-1] [INFO] [1789878345.778722059] [ublox_dgnss]: parameter set CFG_MSGOUT_UBX_NAV_HPPOSLLH_UART2: 0
[ublox_dgnss_node-1] [INFO] [1789878345.778746865] [ublox_dgnss]: parameter set CFG_MSGOUT_UBX_NAV_ODO_USB: 0
[ublox_dgnss_node-1] [INFO] [1789878345.778769767] [ublox_dgnss]: parameter set CFG_MSGOUT_UBX_NAV_ORB_USB: 0
[ublox_dgnss_node-1] [INFO] [1789878345.778897924] [ublox_dgnss]: parameter set CFG_MSGOUT_UBX_NAV_POSECEF_USB: 0
[ublox_dgnss_node-1] [INFO] [1789878345.778953917] [ublox_dgnss]: parameter set CFG_MSGOUT_UBX_NAV_POSLLH_USB: 0
[ublox_dgnss_node-1] [INFO] [1789878345.779005572] [ublox_dgnss]: parameter set CFG_MSGOUT_UBX_NAV_PVT_USB: 0
[ublox_dgnss_node-1] [INFO] [1789878345.779045215] [ublox_dgnss]: parameter set CFG_MSGOUT_UBX_NAV_RELPOSNED_USB: 0
[rviz2-14] [INFO] [1789878345.781211413] [rviz2]: Stereo is NOT SUPPORTED
[local_pure_pursuit_node-9] [WARN] [1789878345.785234777] [local_pure_pursuit]: 정지: 경로 대기중
[ublox_dgnss_node-1] [INFO] [1789878345.798615448] [ublox_dgnss]: parameter set CFG_MSGOUT_UBX_NAV_EOE_USB: 0
[ublox_dgnss_node-1] [INFO] [1789878345.798663106] [ublox_dgnss]: parameter set CFG_MSGOUT_UBX_NAV_HPPOSECEF_USB: 0
[ublox_dgnss_node-1] [INFO] [1789878345.798685377] [ublox_dgnss]: parameter set CFG_MSGOUT_UBX_NAV_HPPOSLLH_UART1: 0
[ublox_dgnss_node-1] [INFO] [1789878345.798703421] [ublox_dgnss]: parameter set CFG_MSGOUT_UBX_NAV_HPPOSLLH_UART2: 0
[ublox_dgnss_node-1] [INFO] [1789878345.798721153] [ublox_dgnss]: parameter set CFG_MSGOUT_UBX_NAV_ODO_USB: 0
[ublox_dgnss_node-1] [INFO] [1789878345.798738525] [ublox_dgnss]: parameter set CFG_MSGOUT_UBX_NAV_ORB_USB: 0
[ublox_dgnss_node-1] [INFO] [1789878345.798754795] [ublox_dgnss]: parameter set CFG_MSGOUT_UBX_NAV_POSECEF_USB: 0
[ublox_dgnss_node-1] [INFO] [1789878345.798771236] [ublox_dgnss]: parameter set CFG_MSGOUT_UBX_NAV_POSLLH_USB: 0
[ublox_dgnss_node-1] [INFO] [1789878345.798787946] [ublox_dgnss]: parameter set CFG_MSGOUT_UBX_NAV_PVT_USB: 0
[ublox_dgnss_node-1] [INFO] [1789878345.798804407] [ublox_dgnss]: parameter set CFG_MSGOUT_UBX_NAV_RELPOSNED_USB: 0
[ublox_dgnss_node-1] [INFO] [1789878345.818450049] [ublox_dgnss]: parameter set CFG_MSGOUT_UBX_NAV_SAT_USB: 0
[ublox_dgnss_node-1] [INFO] [1789878345.818493279] [ublox_dgnss]: parameter set CFG_MSGOUT_UBX_NAV_SIG_USB: 0
[ublox_dgnss_node-1] [INFO] [1789878345.818514187] [ublox_dgnss]: parameter set CFG_MSGOUT_UBX_NAV_STATUS_UART1: 0
[ublox_dgnss_node-1] [INFO] [1789878345.818531189] [ublox_dgnss]: parameter set CFG_MSGOUT_UBX_NAV_STATUS_UART2: 0
[ublox_dgnss_node-1] [INFO] [1789878345.818547889] [ublox_dgnss]: parameter set CFG_MSGOUT_UBX_NAV_SVIN_USB: 0
[ublox_dgnss_node-1] [INFO] [1789878345.818567956] [ublox_dgnss]: parameter set CFG_MSGOUT_UBX_NAV_TIMEUTC_USB: 0
[ublox_dgnss_node-1] [INFO] [1789878345.818584066] [ublox_dgnss]: parameter set CFG_MSGOUT_UBX_NAV_VELECEF_USB: 0
[ublox_dgnss_node-1] [INFO] [1789878345.818600697] [ublox_dgnss]: parameter set CFG_MSGOUT_UBX_NAV_VELNED_USB: 0
[ublox_dgnss_node-1] [INFO] [1789878345.818616726] [ublox_dgnss]: parameter set CFG_MSGOUT_UBX_RXM_COR_UART1: 0
[ublox_dgnss_node-1] [INFO] [1789878345.818638206] [ublox_dgnss]: parameter set CFG_MSGOUT_UBX_RXM_COR_UART2: 0
[direct_localization_node-6] [INFO] [1789878345.819023126] [direct_localization]: 로컬 원점: 332200.0, 4128600.0 (EPSG:32652) — 용인 (2026-09-05)
[direct_localization_node-6] [INFO] [1789878345.827779054] [direct_localization]: 직접 로컬라이제이션 시작: /fix+handsfree/imu → /odometry/filtered (map 프레임, 원점 332200,4128600, 30Hz)
[ublox_dgnss_node-1] [INFO] [1789878345.838465203] [ublox_dgnss]: parameter set CFG_MSGOUT_UBX_NAV_SAT_USB: 0
[ublox_dgnss_node-1] [INFO] [1789878345.838524592] [ublox_dgnss]: parameter set CFG_MSGOUT_UBX_NAV_SIG_USB: 0
[ublox_dgnss_node-1] [INFO] [1789878345.838543948] [ublox_dgnss]: parameter set CFG_MSGOUT_UBX_NAV_STATUS_UART1: 0
[ublox_dgnss_node-1] [INFO] [1789878345.838562783] [ublox_dgnss]: parameter set CFG_MSGOUT_UBX_NAV_STATUS_UART2: 0
[ublox_dgnss_node-1] [INFO] [1789878345.838584523] [ublox_dgnss]: parameter set CFG_MSGOUT_UBX_NAV_SVIN_USB: 0
[ublox_dgnss_node-1] [INFO] [1789878345.838602636] [ublox_dgnss]: parameter set CFG_MSGOUT_UBX_NAV_TIMEUTC_USB: 0
[ublox_dgnss_node-1] [INFO] [1789878345.838621581] [ublox_dgnss]: parameter set CFG_MSGOUT_UBX_NAV_VELECEF_USB: 0
[ublox_dgnss_node-1] [INFO] [1789878345.838645445] [ublox_dgnss]: parameter set CFG_MSGOUT_UBX_NAV_VELNED_USB: 0
[ublox_dgnss_node-1] [INFO] [1789878345.838663960] [ublox_dgnss]: parameter set CFG_MSGOUT_UBX_RXM_COR_UART1: 0
[ublox_dgnss_node-1] [INFO] [1789878345.838694005] [ublox_dgnss]: parameter set CFG_MSGOUT_UBX_RXM_COR_UART2: 0
[ublox_dgnss_node-1] [INFO] [1789878345.858506425] [ublox_dgnss]: parameter set CFG_MSGOUT_UBX_RXM_COR_USB: 0
[ublox_dgnss_node-1] [INFO] [1789878345.858628570] [ublox_dgnss]: parameter set CFG_MSGOUT_UBX_RXM_MEASX_USB: 0
[ublox_dgnss_node-1] [INFO] [1789878345.858651583] [ublox_dgnss]: parameter set CFG_MSGOUT_UBX_RXM_RAWX_USB: 0
[ublox_dgnss_node-1] [INFO] [1789878345.858670538] [ublox_dgnss]: parameter set CFG_MSGOUT_UBX_RXM_SFRBX_USB: 0
[ublox_dgnss_node-1] [INFO] [1789878345.858685275] [ublox_dgnss]: parameter set CFG_MSGOUT_UBX_RXM_SPARTN_USB: 0
[ublox_dgnss_node-1] [INFO] [1789878345.858700122] [ublox_dgnss]: parameter set CFG_MSGOUT_UBX_SEC_SIGLOG_USB: 0
[ublox_dgnss_node-1] [INFO] [1789878345.858715521] [ublox_dgnss]: parameter set CFG_MSGOUT_UBX_SEC_SIG_USB: 0
[ublox_dgnss_node-1] [INFO] [1789878345.858732051] [ublox_dgnss]: parameter set CFG_NAVSPG_FIXMODE: 3
[ublox_dgnss_node-1] [INFO] [1789878345.858747009] [ublox_dgnss]: parameter set CFG_NAVSPG_INIFIX3D: false
[ublox_dgnss_node-1] [INFO] [1789878345.858762367] [ublox_dgnss]: parameter set CFG_NAVSPG_UTCSTANDARD: 0
[global_path_publisher-7] [INFO] [1789878345.877186325] [global_path_publisher]: 전역 경로 로드 완료: /home/han/racing_ws/config/yongin_2026-09-05/wp_yongin_drive_0.5.yaml (총 1298개 점, 648.3m)
[global_path_publisher-7] [INFO] [1789878345.877563681] [global_path_publisher]:   로컬 범위 x[-38.5, 56.1] y[-62.0, 25.7] (정상이면 0~수백 m)
[ublox_dgnss_node-1] [INFO] [1789878345.878478709] [ublox_dgnss]: parameter set CFG_MSGOUT_UBX_RXM_COR_USB: 0
[ublox_dgnss_node-1] [INFO] [1789878345.878545042] [ublox_dgnss]: parameter set CFG_MSGOUT_UBX_RXM_MEASX_USB: 0
[ublox_dgnss_node-1] [INFO] [1789878345.878562394] [ublox_dgnss]: parameter set CFG_MSGOUT_UBX_RXM_RAWX_USB: 0
[ublox_dgnss_node-1] [INFO] [1789878345.878579265] [ublox_dgnss]: parameter set CFG_MSGOUT_UBX_RXM_SFRBX_USB: 0
[ublox_dgnss_node-1] [INFO] [1789878345.878596156] [ublox_dgnss]: parameter set CFG_MSGOUT_UBX_RXM_SPARTN_USB: 0
[ublox_dgnss_node-1] [INFO] [1789878345.878611144] [ublox_dgnss]: parameter set CFG_MSGOUT_UBX_SEC_SIGLOG_USB: 0
[ublox_dgnss_node-1] [INFO] [1789878345.878625981] [ublox_dgnss]: parameter set CFG_MSGOUT_UBX_SEC_SIG_USB: 0
[ublox_dgnss_node-1] [INFO] [1789878345.878650176] [ublox_dgnss]: parameter set CFG_NAVSPG_FIXMODE: 3
[ublox_dgnss_node-1] [INFO] [1789878345.878669782] [ublox_dgnss]: parameter set CFG_NAVSPG_INIFIX3D: false
[ublox_dgnss_node-1] [INFO] [1789878345.878683567] [ublox_dgnss]: parameter set CFG_NAVSPG_UTCSTANDARD: 0
[ublox_dgnss_node-1] [INFO] [1789878345.898488674] [ublox_dgnss]: parameter set CFG_ODO_COGLPGAIN: 76
[ublox_dgnss_node-1] [INFO] [1789878345.898593547] [ublox_dgnss]: parameter set CFG_ODO_COGMAXPOSACC: 50
[ublox_dgnss_node-1] [INFO] [1789878345.898617942] [ublox_dgnss]: parameter set CFG_ODO_COGMAXSPEED: 10
[ublox_dgnss_node-1] [INFO] [1789878345.898648749] [ublox_dgnss]: parameter set CFG_ODO_OUTLPCOG: false
[ublox_dgnss_node-1] [INFO] [1789878345.898671932] [ublox_dgnss]: parameter set CFG_ODO_OUTLPVEL: false
[ublox_dgnss_node-1] [INFO] [1789878345.898695145] [ublox_dgnss]: parameter set CFG_ODO_PROFILE: 0
[ublox_dgnss_node-1] [INFO] [1789878345.898717025] [ublox_dgnss]: parameter set CFG_ODO_USE_COG: false
[ublox_dgnss_node-1] [INFO] [1789878345.898738314] [ublox_dgnss]: parameter set CFG_ODO_USE_ODO: false
[ublox_dgnss_node-1] [INFO] [1789878345.898759443] [ublox_dgnss]: parameter set CFG_ODO_VELLPGAIN: 153
[ublox_dgnss_node-1] [INFO] [1789878345.898781895] [ublox_dgnss]: parameter set CFG_RATE_TIMEREF: 1
[ublox_dgnss_node-1] [INFO] [1789878345.918482839] [ublox_dgnss]: parameter set CFG_ODO_COGLPGAIN: 76
[ublox_dgnss_node-1] [INFO] [1789878345.918573596] [ublox_dgnss]: parameter set CFG_ODO_COGMAXPOSACC: 50
[ublox_dgnss_node-1] [INFO] [1789878345.918591960] [ublox_dgnss]: parameter set CFG_ODO_COGMAXSPEED: 10
[ublox_dgnss_node-1] [INFO] [1789878345.918615544] [ublox_dgnss]: parameter set CFG_ODO_OUTLPCOG: false
[ublox_dgnss_node-1] [INFO] [1789878345.918641852] [ublox_dgnss]: parameter set CFG_ODO_OUTLPVEL: false
[ublox_dgnss_node-1] [INFO] [1789878345.918663633] [ublox_dgnss]: parameter set CFG_ODO_PROFILE: 0
[ublox_dgnss_node-1] [INFO] [1789878345.918710629] [ublox_dgnss]: parameter set CFG_ODO_USE_COG: false
[ublox_dgnss_node-1] [INFO] [1789878345.918757967] [ublox_dgnss]: parameter set CFG_ODO_USE_ODO: false
[ublox_dgnss_node-1] [INFO] [1789878345.918780418] [ublox_dgnss]: parameter set CFG_ODO_VELLPGAIN: 153
[ublox_dgnss_node-1] [INFO] [1789878345.918801337] [ublox_dgnss]: parameter set CFG_RATE_TIMEREF: 1
[local_sliding_window_node-8] [INFO] [1789878345.925544760] [local_sliding_window_node]: 전역 경로 수신: 1298점, 시작-끝 21.02m → 열린 경로
[ublox_dgnss_node-1] [WARN] [1789878345.938475762] [ublox_dgnss]: ubx class: 0x05 id: 0x00 ack nak payload - class: 0x06 id: 0x8b
[ublox_dgnss_node-1] [WARN] [1789878345.948491213] [ublox_dgnss]: ubx class: 0x05 id: 0x00 ack nak payload - class: 0x06 id: 0x8b
[ublox_dgnss_node-1] [INFO] [1789878345.958467693] [ublox_dgnss]: parameter set CFG_SIGNAL_QZSS_L1CA_ENA: true
[ublox_dgnss_node-1] [INFO] [1789878345.958526050] [ublox_dgnss]: parameter set CFG_SIGNAL_QZSS_L1S_ENA: false
[ublox_dgnss_node-1] [INFO] [1789878345.958545156] [ublox_dgnss]: parameter set CFG_SIGNAL_QZSS_L2C_ENA: true
[ublox_dgnss_node-1] [INFO] [1789878345.958562598] [ublox_dgnss]: parameter set CFG_SIGNAL_SBAS_ENA: true
[ublox_dgnss_node-1] [INFO] [1789878345.958578728] [ublox_dgnss]: parameter set CFG_SIGNAL_SBAS_L1CA_ENA: true
[ublox_dgnss_node-1] [INFO] [1789878345.958599175] [ublox_dgnss]: parameter set CFG_SPARTN_USE_SOURCE: 0
[ublox_dgnss_node-1] [INFO] [1789878345.958639360] [ublox_dgnss]: parameter set CFG_TMODE_ECEF_X: 0
[ublox_dgnss_node-1] [INFO] [1789878345.958655409] [ublox_dgnss]: parameter set CFG_TMODE_ECEF_X_HP: 0
[ublox_dgnss_node-1] [INFO] [1789878345.958670176] [ublox_dgnss]: parameter set CFG_TMODE_ECEF_Y: 0
[ublox_dgnss_node-1] [INFO] [1789878345.958684493] [ublox_dgnss]: parameter set CFG_TMODE_ECEF_Y_HP: 0
[vrs_ntrip_client-3] [INFO] [1789878345.971499911] [ngii_vrs_ntrip_client]: NTRIP 연결 성공: ICY 200 OK
[ublox_dgnss_node-1] [INFO] [1789878345.978455406] [ublox_dgnss]: parameter set CFG_SIGNAL_QZSS_L1CA_ENA: true
[ublox_dgnss_node-1] [INFO] [1789878345.978503685] [ublox_dgnss]: parameter set CFG_SIGNAL_QZSS_L1S_ENA: false
[ublox_dgnss_node-1] [INFO] [1789878345.978529142] [ublox_dgnss]: parameter set CFG_SIGNAL_QZSS_L2C_ENA: true
[ublox_dgnss_node-1] [INFO] [1789878345.978548388] [ublox_dgnss]: parameter set CFG_SIGNAL_SBAS_ENA: true
[ublox_dgnss_node-1] [INFO] [1789878345.978567232] [ublox_dgnss]: parameter set CFG_SIGNAL_SBAS_L1CA_ENA: true
[ublox_dgnss_node-1] [INFO] [1789878345.978585526] [ublox_dgnss]: parameter set CFG_SPARTN_USE_SOURCE: 0
[ublox_dgnss_node-1] [INFO] [1789878345.978603639] [ublox_dgnss]: parameter set CFG_TMODE_ECEF_X: 0
[ublox_dgnss_node-1] [INFO] [1789878345.978621002] [ublox_dgnss]: parameter set CFG_TMODE_ECEF_X_HP: 0
[ublox_dgnss_node-1] [INFO] [1789878345.978643213] [ublox_dgnss]: parameter set CFG_TMODE_ECEF_Y: 0
[ublox_dgnss_node-1] [INFO] [1789878345.978662548] [ublox_dgnss]: parameter set CFG_TMODE_ECEF_Y_HP: 0
[cluster_plot_node-13] [INFO] [1789878345.988320791] [lidar_clustering]: LiDAR DBSCAN + Hungarian + Follow the Gap started. (scan=/scan_front, yaw_offset=180°, aim=path)
[cluster_plot_node-13] [INFO] [1789878345.988579278] [lidar_clustering]: Vehicle coordinate: +X forward, +Y left, -Y right.
[cluster_plot_node-13] [INFO] [1789878345.988771863] [lidar_clustering]: 회피 조향 슬루레이트 제한 꺼짐 (avoid_steer_rate_deg:=90.0 으로 켠다)
[ublox_dgnss_node-1] [INFO] [1789878345.998483163] [ublox_dgnss]: parameter set CFG_TMODE_ECEF_Z: 0
[ublox_dgnss_node-1] [INFO] [1789878345.998597685] [ublox_dgnss]: parameter set CFG_TMODE_ECEF_Z_HP: 0
[ublox_dgnss_node-1] [INFO] [1789878345.998649099] [ublox_dgnss]: parameter set CFG_TMODE_FIXED_POS_ACC: 0
[ublox_dgnss_node-1] [INFO] [1789878345.998678123] [ublox_dgnss]: parameter set CFG_TMODE_HEIGHT: 0
[ublox_dgnss_node-1] [INFO] [1789878345.998744926] [ublox_dgnss]: parameter set CFG_TMODE_HEIGHT_HP: 0
[ublox_dgnss_node-1] [INFO] [1789878345.998789228] [ublox_dgnss]: parameter set CFG_TMODE_LAT: 0
[ublox_dgnss_node-1] [INFO] [1789878345.998808293] [ublox_dgnss]: parameter set CFG_TMODE_LAT_HP: 0
[ublox_dgnss_node-1] [INFO] [1789878345.998825735] [ublox_dgnss]: parameter set CFG_TMODE_LON: 0
[ublox_dgnss_node-1] [INFO] [1789878345.998843638] [ublox_dgnss]: parameter set CFG_TMODE_LON_HP: 0
[ublox_dgnss_node-1] [INFO] [1789878345.998858766] [ublox_dgnss]: parameter set CFG_TMODE_MODE: 0
[ublox_dgnss_node-1] [INFO] [1789878346.018499600] [ublox_dgnss]: parameter set CFG_TMODE_ECEF_Z: 0
[ublox_dgnss_node-1] [INFO] [1789878346.018585528] [ublox_dgnss]: parameter set CFG_TMODE_ECEF_Z_HP: 0
[ublox_dgnss_node-1] [INFO] [1789878346.018604764] [ublox_dgnss]: parameter set CFG_TMODE_FIXED_POS_ACC: 0
[ublox_dgnss_node-1] [INFO] [1789878346.018618569] [ublox_dgnss]: parameter set CFG_TMODE_HEIGHT: 0
[ublox_dgnss_node-1] [INFO] [1789878346.018631153] [ublox_dgnss]: parameter set CFG_TMODE_HEIGHT_HP: 0
[ublox_dgnss_node-1] [INFO] [1789878346.018651560] [ublox_dgnss]: parameter set CFG_TMODE_LAT: 0
[ublox_dgnss_node-1] [INFO] [1789878346.018666227] [ublox_dgnss]: parameter set CFG_TMODE_LAT_HP: 0
[ublox_dgnss_node-1] [INFO] [1789878346.018678520] [ublox_dgnss]: parameter set CFG_TMODE_LON: 0
[ublox_dgnss_node-1] [INFO] [1789878346.018692305] [ublox_dgnss]: parameter set CFG_TMODE_LON_HP: 0
[ublox_dgnss_node-1] [INFO] [1789878346.018707824] [ublox_dgnss]: parameter set CFG_TMODE_MODE: 0
[ublox_dgnss_node-1] [INFO] [1789878346.038469831] [ublox_dgnss]: parameter set CFG_TMODE_POS_TYPE: 0
[ublox_dgnss_node-1] [INFO] [1789878346.038530173] [ublox_dgnss]: parameter set CFG_TMODE_SVIN_ACC_LIMIT: 0
[ublox_dgnss_node-1] [INFO] [1789878346.038555139] [ublox_dgnss]: parameter set CFG_TMODE_SVIN_MIN_DUR: 0
[ublox_dgnss_node-1] [INFO] [1789878346.038576338] [ublox_dgnss]: parameter set CFG_UART1INPROT_NMEA: true
[ublox_dgnss_node-1] [INFO] [1789878346.038597156] [ublox_dgnss]: parameter set CFG_UART1INPROT_RTCM3X: true
[ublox_dgnss_node-1] [INFO] [1789878346.038618115] [ublox_dgnss]: parameter set CFG_UART1INPROT_SPARTN: true
[ublox_dgnss_node-1] [INFO] [1789878346.038643071] [ublox_dgnss]: parameter set CFG_UART1INPROT_UBX: true
[ublox_dgnss_node-1] [INFO] [1789878346.038663108] [ublox_dgnss]: parameter set CFG_UART1OUTPROT_NMEA: true
[ublox_dgnss_node-1] [INFO] [1789878346.038682674] [ublox_dgnss]: parameter set CFG_UART1OUTPROT_RTCM3X: true
[ublox_dgnss_node-1] [INFO] [1789878346.038701288] [ublox_dgnss]: parameter set CFG_UART1OUTPROT_UBX: true
[ublox_dgnss_node-1] [INFO] [1789878346.058481299] [ublox_dgnss]: parameter set CFG_TMODE_POS_TYPE: 0
[ublox_dgnss_node-1] [INFO] [1789878346.058587395] [ublox_dgnss]: parameter set CFG_TMODE_SVIN_ACC_LIMIT: 0
[ublox_dgnss_node-1] [INFO] [1789878346.058617410] [ublox_dgnss]: parameter set CFG_TMODE_SVIN_MIN_DUR: 0
[ublox_dgnss_node-1] [INFO] [1789878346.058646934] [ublox_dgnss]: parameter set CFG_UART1INPROT_NMEA: true
[ublox_dgnss_node-1] [INFO] [1789878346.058669426] [ublox_dgnss]: parameter set CFG_UART1INPROT_RTCM3X: true
[ublox_dgnss_node-1] [INFO] [1789878346.058689613] [ublox_dgnss]: parameter set CFG_UART1INPROT_SPARTN: true
[ublox_dgnss_node-1] [INFO] [1789878346.058734346] [ublox_dgnss]: parameter set CFG_UART1INPROT_UBX: true
[ublox_dgnss_node-1] [INFO] [1789878346.058754693] [ublox_dgnss]: parameter set CFG_UART1OUTPROT_NMEA: true
[ublox_dgnss_node-1] [INFO] [1789878346.058774360] [ublox_dgnss]: parameter set CFG_UART1OUTPROT_RTCM3X: true
[ublox_dgnss_node-1] [INFO] [1789878346.058794036] [ublox_dgnss]: parameter set CFG_UART1OUTPROT_UBX: true
[ublox_dgnss_node-1] [INFO] [1789878346.078457611] [ublox_dgnss]: parameter set CFG_UART2INPROT_NMEA: false
[ublox_dgnss_node-1] [INFO] [1789878346.078522401] [ublox_dgnss]: parameter set CFG_UART2INPROT_RTCM3X: true
[ublox_dgnss_node-1] [INFO] [1789878346.078536657] [ublox_dgnss]: parameter set CFG_UART2INPROT_SPARTN: true
[ublox_dgnss_node-1] [INFO] [1789878346.078551294] [ublox_dgnss]: parameter set CFG_UART2INPROT_UBX: true
[ublox_dgnss_node-1] [INFO] [1789878346.078566452] [ublox_dgnss]: parameter set CFG_UART2OUTPROT_NMEA: false
[ublox_dgnss_node-1] [INFO] [1789878346.078579937] [ublox_dgnss]: parameter set CFG_UART2OUTPROT_RTCM3X: true
[ublox_dgnss_node-1] [INFO] [1789878346.078595155] [ublox_dgnss]: parameter set CFG_UART2OUTPROT_UBX: false
[ublox_dgnss_node-1] [INFO] [1789878346.078610634] [ublox_dgnss]: parameter set CFG_UART2_BAUDRATE: 0
[ublox_dgnss_node-1] [INFO] [1789878346.078625732] [ublox_dgnss]: parameter set CFG_USBINPROT_NMEA: true
[ublox_dgnss_node-1] [INFO] [1789878346.078647211] [ublox_dgnss]: parameter set CFG_USBINPROT_RTCM3X: true
[ublox_dgnss_node-1] [INFO] [1789878346.098446738] [ublox_dgnss]: parameter set CFG_UART2INPROT_NMEA: false
[ublox_dgnss_node-1] [INFO] [1789878346.098505025] [ublox_dgnss]: parameter set CFG_UART2INPROT_RTCM3X: true
[ublox_dgnss_node-1] [INFO] [1789878346.098525603] [ublox_dgnss]: parameter set CFG_UART2INPROT_SPARTN: true
[ublox_dgnss_node-1] [INFO] [1789878346.098543106] [ublox_dgnss]: parameter set CFG_UART2INPROT_UBX: true
[ublox_dgnss_node-1] [INFO] [1789878346.098562882] [ublox_dgnss]: parameter set CFG_UART2OUTPROT_NMEA: false
[ublox_dgnss_node-1] [INFO] [1789878346.098581847] [ublox_dgnss]: parameter set CFG_UART2OUTPROT_RTCM3X: true
[ublox_dgnss_node-1] [INFO] [1789878346.098600071] [ublox_dgnss]: parameter set CFG_UART2OUTPROT_UBX: false
[ublox_dgnss_node-1] [INFO] [1789878346.098619356] [ublox_dgnss]: parameter set CFG_UART2_BAUDRATE: 0
[ublox_dgnss_node-1] [INFO] [1789878346.098645605] [ublox_dgnss]: parameter set CFG_USBINPROT_NMEA: true
[ublox_dgnss_node-1] [INFO] [1789878346.098663959] [ublox_dgnss]: parameter set CFG_USBINPROT_RTCM3X: true
[ublox_dgnss_node-1] [INFO] [1789878346.118569531] [ublox_dgnss]: parameter set CFG_USBINPROT_UBX: true
[ublox_dgnss_node-1] [INFO] [1789878346.118661100] [ublox_dgnss]: parameter set CFG_USBOUTPROT_RTCM3X: true
[ublox_dgnss_node-1] [INFO] [1789878346.118683932] [ublox_dgnss]: parameter set CFG_USBOUTPROT_UBX: true
[ublox_dgnss_node-1] [INFO] [1789878346.138443935] [ublox_dgnss]: parameter set CFG_USBINPROT_UBX: true
[ublox_dgnss_node-1] [INFO] [1789878346.138484621] [ublox_dgnss]: parameter set CFG_USBOUTPROT_RTCM3X: true
[ublox_dgnss_node-1] [INFO] [1789878346.138508164] [ublox_dgnss]: parameter set CFG_USBOUTPROT_UBX: true
[heading_init_node-5] [WARN] [1789878346.159138834] [gps_heading_init]: RTK 수렴 대기 중 — 공분산 없음 → status=0 로 판정 (RTK Fixed 는 2 이상). NTRIP 이 붙어도 수신기가 RTCM 을 안 먹으면 여기서 안 올라간다 — ublox 로그에 "degraded mode" 가 있는지 볼 것. 출발하지 않는다. ⚠ 여기서 출발하면 RTK 확정 순간의 좌표 점프를 직진으로 오인한다(2026-08-24 충돌 원인). 정말 무시하려면 require_rtk:=false.
[cluster_plot_node-13] [INFO] [1789878346.687822785] [lidar_clustering]: ID=1, X=2.35 m, Y=2.08 m, Width=0.24 m, Depth=7.26 m, Distance=3.14 m
[cluster_plot_node-13] [INFO] [1789878346.688038513] [lidar_clustering]: FollowGap: mode=CLEAR, direction=STRAIGHT, front=8.00 m, best_angle=0.0 deg
[cluster_plot_node-13] [INFO] [1789878347.505524289] [lidar_clustering]: ID=1, X=2.35 m, Y=2.08 m, Width=0.24 m, Depth=7.35 m, Distance=3.14 m
[cluster_plot_node-13] [INFO] [1789878347.505743303] [lidar_clustering]: FollowGap: mode=CLEAR, direction=STRAIGHT, front=8.00 m, best_angle=0.0 deg
[cluster_plot_node-13] [INFO] [1789878347.505921001] [lidar_clustering]: points=326, clusters=1, tracks=1
[serial_bridge-12] [INFO] [1789878347.757064297] [serial_bridge_node]: 시리얼 포트 연결 성공: /dev/arduino @ 57600bps
[serial_bridge-12] [WARN] [1789878347.769404269] [serial_bridge_node]: ★ 경사 보상 켜짐 — handsfree/imu 피치로 PWM 을 보정한다 (이득 1.00, 상한 95). 영점 +3.81° · 부호 -1. ⚠ 부호가 틀리면 내리막에서 가속한다 — tools/imu_grade.py 로 확인했는지 볼 것.
[serial_bridge-12] [WARN] [1789878347.769649912] [serial_bridge_node]: ★ 내리막 속도 거버너 켜짐: 측정속도가 명령보다 0.20m/s 넘게 빠르면 역 PWM 을 낸다 (초과 1m/s 당 300, 상한 60, 선행 0.30s). ⚠ 플러깅이라 전류가 크다 — 상한을 함부로 올리지 말 것.
[serial_bridge-12] [WARN] [1789878347.769863086] [serial_bridge_node]: ★ ROS 쪽 FF 사용: PWM = 42.6·v + 46.0 (펌웨어 FF 우회). 엔코더 복구 후에는 ff_mode:=firmware 로 되돌릴 것.
[serial_bridge-12] [INFO] [1789878347.775585255] [serial_bridge_node]: Serial read thread started
[serial_bridge-12] [WARN] [1789878347.778641495] [serial_bridge_node]: ⚠ 공급전압 강하: VMIN=4062mV — 배터리/전원 확인
[heading_init_node-5] [WARN] [1789878348.198941699] [gps_heading_init]: RTK 수렴 대기 중 — 공분산 없음 → status=0 로 판정 (RTK Fixed 는 2 이상). NTRIP 이 붙어도 수신기가 RTCM 을 안 먹으면 여기서 안 올라간다 — ublox 로그에 "degraded mode" 가 있는지 볼 것. 출발하지 않는다. ⚠ 여기서 출발하면 RTK 확정 순간의 좌표 점프를 직진으로 오인한다(2026-08-24 충돌 원인). 정말 무시하려면 require_rtk:=false.
[cluster_plot_node-13] [INFO] [1789878348.313704388] [lidar_clustering]: ID=1, X=2.35 m, Y=2.08 m, Width=0.22 m, Depth=7.27 m, Distance=3.14 m
[cluster_plot_node-13] [INFO] [1789878348.313920587] [lidar_clustering]: ID=2, X=0.48 m, Y=0.05 m, Width=0.01 m, Depth=0.00 m, Distance=0.48 m
[cluster_plot_node-13] [INFO] [1789878348.314104176] [lidar_clustering]: FollowGap: mode=BLOCKED, direction=STOP, front=0.48 m, best_angle=0.0 deg
[direct_localization_node-6] [INFO] [1789878348.828120687] [direct_localization]: pose: x=57.58 y=6.68 yaw=81.5° v=-0.03m/s [헤딩 미정렬(10m직진 필요)]
[cluster_plot_node-13] [INFO] [1789878349.127348566] [lidar_clustering]: ID=1, X=2.33 m, Y=2.08 m, Width=0.23 m, Depth=7.22 m, Distance=3.12 m
[cluster_plot_node-13] [INFO] [1789878349.127603787] [lidar_clustering]: FollowGap: mode=CLEAR, direction=STRAIGHT, front=8.00 m, best_angle=0.0 deg
[cluster_plot_node-13] [INFO] [1789878349.127877052] [lidar_clustering]: points=325, clusters=1, tracks=1
[local_pure_pursuit_node-9] [WARN] [1789878349.628878758] [local_pure_pursuit]: odom 속도 15.3m/s — 비현실적이라 버린다 (직전 0.02 유지, 누적 1회). EKF twist 스파이크로 보이며 위치는 보통 멀쩡하다.
[cluster_plot_node-13] [INFO] [1789878349.935373352] [lidar_clustering]: ID=1, X=2.34 m, Y=2.08 m, Width=0.23 m, Depth=7.24 m, Distance=3.13 m
[cluster_plot_node-13] [INFO] [1789878349.935587938] [lidar_clustering]: FollowGap: mode=CLEAR, direction=STRAIGHT, front=8.00 m, best_angle=0.0 deg
[heading_init_node-5] [WARN] [1789878350.209052443] [gps_heading_init]: RTK 수렴 대기 중 — 공분산 없음 → status=1 로 판정 (RTK Fixed 는 2 이상). NTRIP 이 붙어도 수신기가 RTCM 을 안 먹으면 여기서 안 올라간다 — ublox 로그에 "degraded mode" 가 있는지 볼 것. 출발하지 않는다. ⚠ 여기서 출발하면 RTK 확정 순간의 좌표 점프를 직진으로 오인한다(2026-08-24 충돌 원인). 정말 무시하려면 require_rtk:=false.
[ublox_dgnss_node-1] [ERROR] [1789878350.502375607] [ublox_dgnss]: Parameter fetch TIMEOUT after 5 seconds! 10 parameters stuck in PARAM_VALGET:
[ublox_dgnss_node-1] [ERROR] [1789878350.502433755] [ublox_dgnss]:   Missing response: CFG_SEC_JAMDET_SENSITIVITY_HI
[ublox_dgnss_node-1] [ERROR] [1789878350.502441770] [ublox_dgnss]:   Missing response: CFG_SEC_SPOOFDET_SIM_SIG_DIS
[ublox_dgnss_node-1] [ERROR] [1789878350.502447560] [ublox_dgnss]:   Missing response: CFG_SIGNAL_BDS_B1_ENA
[ublox_dgnss_node-1] [ERROR] [1789878350.502452720] [ublox_dgnss]:   Missing response: CFG_SIGNAL_BDS_B2_ENA
[ublox_dgnss_node-1] [ERROR] [1789878350.502457799] [ublox_dgnss]:   Missing response: CFG_SIGNAL_GAL_E1_ENA
[ublox_dgnss_node-1] [ERROR] [1789878350.502462718] [ublox_dgnss]:   Missing response: CFG_SIGNAL_GAL_E5B_ENA
[ublox_dgnss_node-1] [ERROR] [1789878350.502467557] [ublox_dgnss]:   Missing response: CFG_SIGNAL_GLO_L1_ENA
[ublox_dgnss_node-1] [ERROR] [1789878350.502472286] [ublox_dgnss]:   Missing response: CFG_SIGNAL_GLO_L2_ENA
[ublox_dgnss_node-1] [ERROR] [1789878350.502477065] [ublox_dgnss]:   Missing response: CFG_SIGNAL_GPS_L1CA_ENA
[ublox_dgnss_node-1] [ERROR] [1789878350.502486242] [ublox_dgnss]:   Missing response: CFG_SIGNAL_GPS_L2C_ENA
[ublox_dgnss_node-1] [WARN] [1789878350.502491050] [ublox_dgnss]: Proceeding with partial parameter initialization (degraded mode)
[vrs_ntrip_client-3] [INFO] [1789878350.752044562] [ngii_vrs_ntrip_client]: [NTRIP 연결됨] RTCM 24프레임 발행, GGA 실측(37.28894,127.10764)
[cluster_plot_node-13] [INFO] [1789878350.762643832] [lidar_clustering]: ID=1, X=2.36 m, Y=2.08 m, Width=0.23 m, Depth=7.35 m, Distance=3.15 m
[cluster_plot_node-13] [INFO] [1789878350.762951079] [lidar_clustering]: ID=2, X=0.63 m, Y=0.06 m, Width=0.01 m, Depth=0.09 m, Distance=0.64 m
[cluster_plot_node-13] [INFO] [1789878350.763190551] [lidar_clustering]: FollowGap: mode=CLEAR, direction=STRAIGHT, front=8.00 m, best_angle=0.0 deg
[cluster_plot_node-13] [INFO] [1789878350.763426797] [lidar_clustering]: points=327, clusters=1, tracks=2
[serial_bridge-12] [WARN] [1789878350.781250278] [serial_bridge_node]: ⚠ 공급전압 강하: VMIN=4198mV — 배터리/전원 확인
[cluster_plot_node-13] [INFO] [1789878351.583085496] [lidar_clustering]: ID=1, X=2.32 m, Y=2.08 m, Width=0.23 m, Depth=6.83 m, Distance=3.12 m
[cluster_plot_node-13] [INFO] [1789878351.583303438] [lidar_clustering]: FollowGap: mode=CLEAR, direction=STRAIGHT, front=8.00 m, best_angle=0.0 deg
[direct_localization_node-6] [INFO] [1789878351.828073027] [direct_localization]: pose: x=56.46 y=5.17 yaw=81.5° v=-0.00m/s [헤딩 미정렬(10m직진 필요)]
[heading_init_node-5] [WARN] [1789878352.309042988] [gps_heading_init]: RTK 수렴 대기 중 — 공분산 없음 → status=1 로 판정 (RTK Fixed 는 2 이상). NTRIP 이 붙어도 수신기가 RTCM 을 안 먹으면 여기서 안 올라간다 — ublox 로그에 "degraded mode" 가 있는지 볼 것. 출발하지 않는다. ⚠ 여기서 출발하면 RTK 확정 순간의 좌표 점프를 직진으로 오인한다(2026-08-24 충돌 원인). 정말 무시하려면 require_rtk:=false.
[cluster_plot_node-13] [INFO] [1789878352.401807713] [lidar_clustering]: ID=1, X=2.34 m, Y=2.08 m, Width=0.23 m, Depth=7.31 m, Distance=3.14 m
[cluster_plot_node-13] [INFO] [1789878352.402022079] [lidar_clustering]: ID=2, X=0.63 m, Y=0.06 m, Width=0.01 m, Depth=0.00 m, Distance=0.64 m
[cluster_plot_node-13] [INFO] [1789878352.402197773] [lidar_clustering]: FollowGap: mode=CLEAR, direction=STRAIGHT, front=8.00 m, best_angle=0.0 deg
[cluster_plot_node-13] [INFO] [1789878352.402369490] [lidar_clustering]: points=326, clusters=1, tracks=2
[cluster_plot_node-13] [INFO] [1789878353.216853972] [lidar_clustering]: ID=1, X=2.32 m, Y=2.08 m, Width=0.22 m, Depth=6.83 m, Distance=3.12 m
[cluster_plot_node-13] [INFO] [1789878353.217081271] [lidar_clustering]: ID=2, X=0.60 m, Y=0.06 m, Width=0.01 m, Depth=0.00 m, Distance=0.61 m
[cluster_plot_node-13] [INFO] [1789878353.217273766] [lidar_clustering]: FollowGap: mode=CLEAR, direction=STRAIGHT, front=8.00 m, best_angle=0.0 deg
[serial_bridge-12] [WARN] [1789878353.791514585] [serial_bridge_node]: ⚠ 공급전압 강하: VMIN=4214mV — 배터리/전원 확인
[cluster_plot_node-13] [INFO] [1789878354.024922198] [lidar_clustering]: ID=1, X=2.34 m, Y=2.08 m, Width=0.22 m, Depth=7.32 m, Distance=3.14 m
[cluster_plot_node-13] [INFO] [1789878354.025132797] [lidar_clustering]: FollowGap: mode=CLEAR, direction=STRAIGHT, front=8.00 m, best_angle=0.0 deg
[cluster_plot_node-13] [INFO] [1789878354.025308611] [lidar_clustering]: points=326, clusters=1, tracks=1
[heading_init_node-5] [WARN] [1789878354.408800804] [gps_heading_init]: RTK 수렴 대기 중 — 공분산 없음 → status=1 로 판정 (RTK Fixed 는 2 이상). NTRIP 이 붙어도 수신기가 RTCM 을 안 먹으면 여기서 안 올라간다 — ublox 로그에 "degraded mode" 가 있는지 볼 것. 출발하지 않는다. ⚠ 여기서 출발하면 RTK 확정 순간의 좌표 점프를 직진으로 오인한다(2026-08-24 충돌 원인). 정말 무시하려면 require_rtk:=false.
[direct_localization_node-6] [INFO] [1789878354.827927370] [direct_localization]: pose: x=56.46 y=5.16 yaw=81.5° v=0.00m/s [헤딩 미정렬(10m직진 필요)]
[cluster_plot_node-13] [INFO] [1789878354.844094767] [lidar_clustering]: ID=1, X=2.33 m, Y=2.08 m, Width=0.24 m, Depth=7.22 m, Distance=3.13 m
[cluster_plot_node-13] [INFO] [1789878354.844406032] [lidar_clustering]: ID=2, X=0.53 m, Y=0.05 m, Width=0.01 m, Depth=0.00 m, Distance=0.53 m
[cluster_plot_node-13] [INFO] [1789878354.844661774] [lidar_clustering]: FollowGap: mode=CLEAR, direction=STRAIGHT, front=8.00 m, best_angle=0.0 deg
[cluster_plot_node-13] [INFO] [1789878355.658575513] [lidar_clustering]: ID=1, X=2.35 m, Y=2.08 m, Width=0.23 m, Depth=7.28 m, Distance=3.14 m
[cluster_plot_node-13] [INFO] [1789878355.658794097] [lidar_clustering]: FollowGap: mode=CLEAR, direction=STRAIGHT, front=8.00 m, best_angle=0.0 deg
[cluster_plot_node-13] [INFO] [1789878355.658976183] [lidar_clustering]: points=326, clusters=1, tracks=1
[vrs_ntrip_client-3] [INFO] [1789878355.751922720] [ngii_vrs_ntrip_client]: [NTRIP 연결됨] RTCM 52프레임 발행, GGA 실측(37.28894,127.10764)
[heading_init_node-5] [WARN] [1789878356.408945434] [gps_heading_init]: RTK 수렴 대기 중 — 공분산 없음 → status=1 로 판정 (RTK Fixed 는 2 이상). NTRIP 이 붙어도 수신기가 RTCM 을 안 먹으면 여기서 안 올라간다 — ublox 로그에 "degraded mode" 가 있는지 볼 것. 출발하지 않는다. ⚠ 여기서 출발하면 RTK 확정 순간의 좌표 점프를 직진으로 오인한다(2026-08-24 충돌 원인). 정말 무시하려면 require_rtk:=false.
[cluster_plot_node-13] [INFO] [1789878356.484767810] [lidar_clustering]: ID=1, X=2.35 m, Y=2.08 m, Width=0.23 m, Depth=7.30 m, Distance=3.14 m
[cluster_plot_node-13] [INFO] [1789878356.485056523] [lidar_clustering]: ID=2, X=0.57 m, Y=0.06 m, Width=0.01 m, Depth=0.00 m, Distance=0.57 m
[cluster_plot_node-13] [INFO] [1789878356.485301094] [lidar_clustering]: FollowGap: mode=CLEAR, direction=STRAIGHT, front=8.00 m, best_angle=0.0 deg
[serial_bridge-12] [WARN] [1789878356.801795306] [serial_bridge_node]: ⚠ 공급전압 강하: VMIN=4198mV — 배터리/전원 확인
[cluster_plot_node-13] [INFO] [1789878357.299770701] [lidar_clustering]: ID=1, X=2.36 m, Y=2.08 m, Width=0.23 m, Depth=7.34 m, Distance=3.15 m
[cluster_plot_node-13] [INFO] [1789878357.299984596] [lidar_clustering]: ID=2, X=0.55 m, Y=0.06 m, Width=0.01 m, Depth=0.07 m, Distance=0.55 m
[cluster_plot_node-13] [INFO] [1789878357.300164318] [lidar_clustering]: FollowGap: mode=CLEAR, direction=STRAIGHT, front=8.00 m, best_angle=0.0 deg
[cluster_plot_node-13] [INFO] [1789878357.300360470] [lidar_clustering]: points=327, clusters=1, tracks=2
[direct_localization_node-6] [INFO] [1789878357.827876810] [direct_localization]: pose: x=56.46 y=5.16 yaw=81.5° v=-0.02m/s [헤딩 미정렬(10m직진 필요)]
[cluster_plot_node-13] [INFO] [1789878358.120664771] [lidar_clustering]: ID=1, X=2.34 m, Y=2.08 m, Width=0.23 m, Depth=7.27 m, Distance=3.13 m
[cluster_plot_node-13] [INFO] [1789878358.120881831] [lidar_clustering]: ID=2, X=0.53 m, Y=0.05 m, Width=0.01 m, Depth=0.00 m, Distance=0.53 m
[cluster_plot_node-13] [INFO] [1789878358.121058117] [lidar_clustering]: FollowGap: mode=CLEAR, direction=STRAIGHT, front=8.00 m, best_angle=0.0 deg
[heading_init_node-5] [WARN] [1789878358.508628253] [gps_heading_init]: RTK 수렴 대기 중 — 공분산 없음 → status=1 로 판정 (RTK Fixed 는 2 이상). NTRIP 이 붙어도 수신기가 RTCM 을 안 먹으면 여기서 안 올라간다 — ublox 로그에 "degraded mode" 가 있는지 볼 것. 출발하지 않는다. ⚠ 여기서 출발하면 RTK 확정 순간의 좌표 점프를 직진으로 오인한다(2026-08-24 충돌 원인). 정말 무시하려면 require_rtk:=false.
[cluster_plot_node-13] [INFO] [1789878359.027809123] [lidar_clustering]: ID=1, X=2.34 m, Y=2.08 m, Width=0.24 m, Depth=7.26 m, Distance=3.13 m
[cluster_plot_node-13] [INFO] [1789878359.028122682] [lidar_clustering]: ID=2, X=0.57 m, Y=0.06 m, Width=0.01 m, Depth=0.00 m, Distance=0.58 m
[cluster_plot_node-13] [INFO] [1789878359.028418518] [lidar_clustering]: FollowGap: mode=CLEAR, direction=STRAIGHT, front=8.00 m, best_angle=0.0 deg
[cluster_plot_node-13] [INFO] [1789878359.028733098] [lidar_clustering]: points=326, clusters=1, tracks=2
[serial_bridge-12] [WARN] [1789878359.808211627] [serial_bridge_node]: ⚠ 공급전압 강하: VMIN=4214mV — 배터리/전원 확인
[cluster_plot_node-13] [INFO] [1789878359.849768606] [lidar_clustering]: ID=1, X=2.32 m, Y=2.08 m, Width=0.22 m, Depth=6.86 m, Distance=3.12 m
[cluster_plot_node-13] [INFO] [1789878359.849988202] [lidar_clustering]: ID=2, X=0.65 m, Y=0.03 m, Width=0.09 m, Depth=0.21 m, Distance=0.65 m
[cluster_plot_node-13] [INFO] [1789878359.850198530] [lidar_clustering]: FollowGap: mode=BLOCKED, direction=STOP, front=0.58 m, best_angle=0.0 deg
[heading_init_node-5] [INFO] [1789878360.598694340] [gps_heading_init]: RTK 수렴 (수평 σ=0.5cm (상한 5cm), status=1) — 헤딩 캘리브를 시작한다.
[heading_init_node-5] [INFO] [1789878360.599200715] [gps_heading_init]: 시작점 기록: (37.2889434, 127.1076416). 직진 시작하세요.
[heading_init_node-5] [WARN] [1789878360.637930096] [gps_heading_init]: 자동 직진 5초 전... (E-stop 준비)
[cluster_plot_node-13] [INFO] [1789878360.664774763] [lidar_clustering]: ID=1, X=2.35 m, Y=2.08 m, Width=0.25 m, Depth=7.28 m, Distance=3.14 m
[cluster_plot_node-13] [INFO] [1789878360.665060089] [lidar_clustering]: FollowGap: mode=CLEAR, direction=STRAIGHT, front=8.00 m, best_angle=0.0 deg
[cluster_plot_node-13] [INFO] [1789878360.665330879] [lidar_clustering]: points=326, clusters=1, tracks=1
[vehicle_cmd_mux-11] [INFO] [1789878360.677978883] [vehicle_cmd_mux]: 모드: TELEOP
[heading_init_node-5] [INFO] [1789878360.698538018] [gps_heading_init]: 직진 중... 0.0/10m
[vrs_ntrip_client-3] [INFO] [1789878360.751952093] [ngii_vrs_ntrip_client]: [NTRIP 연결됨] RTCM 72프레임 발행, GGA 실측(37.28894,127.10764)
[direct_localization_node-6] [INFO] [1789878360.828197527] [direct_localization]: pose: x=56.46 y=5.16 yaw=81.5° v=-0.00m/s [헤딩 미정렬(10m직진 필요)]
[cluster_plot_node-13] [INFO] [1789878361.480296516] [lidar_clustering]: ID=1, X=2.34 m, Y=2.08 m, Width=0.23 m, Depth=7.25 m, Distance=3.13 m
[cluster_plot_node-13] [INFO] [1789878361.480524877] [lidar_clustering]: ID=2, X=0.53 m, Y=0.05 m, Width=0.01 m, Depth=0.00 m, Distance=0.53 m
[cluster_plot_node-13] [INFO] [1789878361.480719617] [lidar_clustering]: FollowGap: mode=CLEAR, direction=STRAIGHT, front=8.00 m, best_angle=0.0 deg
[heading_init_node-5] [WARN] [1789878361.638026266] [gps_heading_init]: 자동 직진 4초 전... (E-stop 준비)
[cluster_plot_node-13] [INFO] [1789878362.299618679] [lidar_clustering]: ID=1, X=2.34 m, Y=2.08 m, Width=0.23 m, Depth=7.27 m, Distance=3.13 m
[cluster_plot_node-13] [INFO] [1789878362.299948087] [lidar_clustering]: ID=2, X=0.49 m, Y=0.05 m, Width=0.01 m, Depth=0.00 m, Distance=0.50 m
[cluster_plot_node-13] [INFO] [1789878362.300253070] [lidar_clustering]: FollowGap: mode=BLOCKED, direction=STOP, front=0.49 m, best_angle=0.0 deg
[cluster_plot_node-13] [INFO] [1789878362.300542394] [lidar_clustering]: points=331, clusters=2, tracks=2
[heading_init_node-5] [WARN] [1789878362.638033046] [gps_heading_init]: 자동 직진 3초 전... (E-stop 준비)
[serial_bridge-12] [WARN] [1789878362.818649081] [serial_bridge_node]: ⚠ 공급전압 강하: VMIN=4198mV — 배터리/전원 확인
[cluster_plot_node-13] [INFO] [1789878363.108578271] [lidar_clustering]: ID=1, X=2.34 m, Y=2.08 m, Width=0.34 m, Depth=7.26 m, Distance=3.13 m
[cluster_plot_node-13] [INFO] [1789878363.108818284] [lidar_clustering]: FollowGap: mode=CLEAR, direction=STRAIGHT, front=8.00 m, best_angle=0.0 deg
[heading_init_node-5] [WARN] [1789878363.638009764] [gps_heading_init]: 자동 직진 2초 전... (E-stop 준비)
[direct_localization_node-6] [INFO] [1789878363.828068633] [direct_localization]: pose: x=56.46 y=5.16 yaw=81.5° v=0.00m/s [헤딩 미정렬(10m직진 필요)]
[cluster_plot_node-13] [INFO] [1789878363.928872681] [lidar_clustering]: ID=1, X=2.35 m, Y=2.08 m, Width=0.32 m, Depth=7.26 m, Distance=3.14 m
[cluster_plot_node-13] [INFO] [1789878363.929104799] [lidar_clustering]: ID=2, X=0.59 m, Y=0.06 m, Width=0.01 m, Depth=0.00 m, Distance=0.60 m
[cluster_plot_node-13] [INFO] [1789878363.929291985] [lidar_clustering]: ID=3, X=6.64 m, Y=2.22 m, Width=0.06 m, Depth=1.59 m, Distance=7.00 m
[cluster_plot_node-13] [INFO] [1789878363.929474712] [lidar_clustering]: ID=4, X=1.87 m, Y=2.07 m, Width=0.23 m, Depth=4.60 m, Distance=2.79 m
[cluster_plot_node-13] [INFO] [1789878363.929747085] [lidar_clustering]: ID=5, X=4.24 m, Y=1.72 m, Width=0.24 m, Depth=0.08 m, Distance=4.57 m
[cluster_plot_node-13] [INFO] [1789878363.930002837] [lidar_clustering]: FollowGap: mode=CLEAR, direction=STRAIGHT, front=8.00 m, best_angle=0.0 deg
[cluster_plot_node-13] [INFO] [1789878363.930197506] [lidar_clustering]: points=325, clusters=3, tracks=5
[heading_init_node-5] [WARN] [1789878364.637921386] [gps_heading_init]: 자동 직진 1초 전... (E-stop 준비)
[cluster_plot_node-13] [INFO] [1789878364.736810732] [lidar_clustering]: ID=2, X=0.53 m, Y=0.06 m, Width=0.01 m, Depth=0.00 m, Distance=0.54 m
[cluster_plot_node-13] [INFO] [1789878364.737042460] [lidar_clustering]: ID=3, X=6.86 m, Y=2.22 m, Width=0.06 m, Depth=1.29 m, Distance=7.21 m
[cluster_plot_node-13] [INFO] [1789878364.737237791] [lidar_clustering]: ID=4, X=1.84 m, Y=2.07 m, Width=0.14 m, Depth=4.31 m, Distance=2.76 m
[cluster_plot_node-13] [INFO] [1789878364.737428152] [lidar_clustering]: ID=5, X=4.02 m, Y=1.54 m, Width=0.11 m, Depth=0.21 m, Distance=4.30 m
[cluster_plot_node-13] [INFO] [1789878364.737613254] [lidar_clustering]: FollowGap: mode=CLEAR, direction=STRAIGHT, front=8.00 m, best_angle=0.0 deg
[cluster_plot_node-13] [INFO] [1789878365.545616771] [lidar_clustering]: ID=2, X=0.61 m, Y=0.06 m, Width=0.01 m, Depth=0.00 m, Distance=0.61 m
[cluster_plot_node-13] [INFO] [1789878365.545871020] [lidar_clustering]: ID=3, X=7.43 m, Y=2.24 m, Width=0.03 m, Depth=0.41 m, Distance=7.76 m
[cluster_plot_node-13] [INFO] [1789878365.546077040] [lidar_clustering]: ID=4, X=1.85 m, Y=2.07 m, Width=0.15 m, Depth=4.38 m, Distance=2.77 m
[cluster_plot_node-13] [INFO] [1789878365.546287208] [lidar_clustering]: ID=5, X=3.97 m, Y=1.41 m, Width=0.34 m, Depth=0.10 m, Distance=4.21 m
[cluster_plot_node-13] [INFO] [1789878365.546474284] [lidar_clustering]: FollowGap: mode=CLEAR, direction=STRAIGHT, front=8.00 m, best_angle=0.0 deg
[cluster_plot_node-13] [INFO] [1789878365.546672279] [lidar_clustering]: points=315, clusters=3, tracks=4
[heading_init_node-5] [INFO] [1789878365.637951962] [gps_heading_init]: 직진 기준 헤딩 고정: 81.5° (절대값은 무의미, 변화량만 사용)
[serial_bridge-12] [INFO] [1789878365.724410727] [serial_bridge_node]: 출발 — 정지마찰 하한 90 을 1200ms 인가한다
[vrs_ntrip_client-3] [INFO] [1789878365.751977138] [ngii_vrs_ntrip_client]: [NTRIP 연결됨] RTCM 100프레임 발행, GGA 실측(37.28894,127.10764)
[serial_bridge-12] [WARN] [1789878365.829008151] [serial_bridge_node]: ⚠ 공급전압 강하: VMIN=4198mV — 배터리/전원 확인
[cluster_plot_node-13] [INFO] [1789878366.359995520] [lidar_clustering]: ID=3, X=7.36 m, Y=2.22 m, Width=0.03 m, Depth=0.44 m, Distance=7.69 m
[cluster_plot_node-13] [INFO] [1789878366.360217510] [lidar_clustering]: ID=4, X=1.84 m, Y=2.06 m, Width=0.15 m, Depth=4.34 m, Distance=2.77 m
[cluster_plot_node-13] [INFO] [1789878366.360409595] [lidar_clustering]: ID=5, X=3.93 m, Y=1.40 m, Width=0.35 m, Depth=0.11 m, Distance=4.17 m
[cluster_plot_node-13] [INFO] [1789878366.360595929] [lidar_clustering]: FollowGap: mode=CLEAR, direction=STRAIGHT, front=8.00 m, best_angle=0.0 deg
[direct_localization_node-6] [INFO] [1789878366.827951670] [direct_localization]: pose: x=56.27 y=5.23 yaw=82.1° v=0.05m/s [헤딩 미정렬(10m직진 필요)]
[cluster_plot_node-13] [INFO] [1789878367.168975921] [lidar_clustering]: ID=4, X=1.82 m, Y=2.39 m, Width=0.31 m, Depth=3.53 m, Distance=3.00 m
[cluster_plot_node-13] [INFO] [1789878367.169205614] [lidar_clustering]: ID=5, X=4.05 m, Y=1.91 m, Width=0.09 m, Depth=0.11 m, Distance=4.48 m
[cluster_plot_node-13] [INFO] [1789878367.169386749] [lidar_clustering]: ID=6, X=4.52 m, Y=2.59 m, Width=0.06 m, Depth=0.48 m, Distance=5.21 m
[cluster_plot_node-13] [INFO] [1789878367.169567052] [lidar_clustering]: ID=7, X=0.33 m, Y=1.98 m, Width=0.00 m, Depth=0.02 m, Distance=2.01 m
[cluster_plot_node-13] [INFO] [1789878367.169757363] [lidar_clustering]: FollowGap: mode=CLEAR, direction=STRAIGHT, front=8.00 m, best_angle=0.0 deg
[cluster_plot_node-13] [INFO] [1789878367.169937275] [lidar_clustering]: points=292, clusters=6, tracks=4
[heading_init_node-5] [INFO] [1789878367.808691571] [gps_heading_init]: 직진 중... 1.1/10m
[cluster_plot_node-13] [INFO] [1789878367.989988996] [lidar_clustering]: ID=2, X=0.60 m, Y=0.05 m, Width=0.01 m, Depth=0.00 m, Distance=0.60 m
[cluster_plot_node-13] [INFO] [1789878367.990221145] [lidar_clustering]: ID=4, X=1.71 m, Y=2.10 m, Width=0.17 m, Depth=3.78 m, Distance=2.71 m
[cluster_plot_node-13] [INFO] [1789878367.990407619] [lidar_clustering]: ID=5, X=3.99 m, Y=2.29 m, Width=0.14 m, Depth=0.57 m, Distance=4.60 m
[cluster_plot_node-13] [INFO] [1789878367.990588944] [lidar_clustering]: ID=6, X=4.68 m, Y=2.19 m, Width=0.05 m, Depth=0.02 m, Distance=5.17 m
[cluster_plot_node-13] [INFO] [1789878367.990830089] [lidar_clustering]: ID=8, X=3.13 m, Y=1.60 m, Width=0.17 m, Depth=0.09 m, Distance=3.52 m
[cluster_plot_node-13] [INFO] [1789878367.991040537] [lidar_clustering]: ID=9, X=6.10 m, Y=2.11 m, Width=0.07 m, Depth=2.62 m, Distance=6.45 m
[cluster_plot_node-13] [INFO] [1789878367.991229346] [lidar_clustering]: FollowGap: mode=CLEAR, direction=STRAIGHT, front=8.00 m, best_angle=0.0 deg
[heading_init_node-5] [INFO] [1789878368.598371756] [gps_heading_init]: 직진 중... 2.1/10m
[cluster_plot_node-13] [INFO] [1789878368.832035407] [lidar_clustering]: ID=4, X=2.38 m, Y=2.13 m, Width=0.27 m, Depth=7.36 m, Distance=3.19 m
[cluster_plot_node-13] [INFO] [1789878368.832248250] [lidar_clustering]: FollowGap: mode=CLEAR, direction=STRAIGHT, front=8.00 m, best_angle=0.0 deg
[cluster_plot_node-13] [INFO] [1789878368.832426218] [lidar_clustering]: points=327, clusters=1, tracks=1
[heading_init_node-5] [INFO] [1789878369.308702786] [gps_heading_init]: 직진 중... 3.0/10m
[cluster_plot_node-13] [INFO] [1789878369.673010616] [lidar_clustering]: ID=4, X=2.36 m, Y=2.25 m, Width=0.42 m, Depth=7.20 m, Distance=3.26 m
[cluster_plot_node-13] [INFO] [1789878369.673223409] [lidar_clustering]: ID=6, X=4.88 m, Y=2.25 m, Width=0.24 m, Depth=3.55 m, Distance=5.37 m
[cluster_plot_node-13] [INFO] [1789878369.673407208] [lidar_clustering]: ID=7, X=1.20 m, Y=2.17 m, Width=0.14 m, Depth=2.06 m, Distance=2.48 m
[cluster_plot_node-13] [INFO] [1789878369.673587421] [lidar_clustering]: ID=9, X=6.47 m, Y=2.30 m, Width=0.17 m, Depth=0.34 m, Distance=6.86 m
[cluster_plot_node-13] [INFO] [1789878369.673769356] [lidar_clustering]: FollowGap: mode=CLEAR, direction=STRAIGHT, front=8.00 m, best_angle=0.0 deg
[serial_bridge-12] [WARN] [1789878369.740766475] [serial_bridge_node]: ⚠ 공급전압 강하: VMIN=4198mV — 배터리/전원 확인
[direct_localization_node-6] [INFO] [1789878369.827894033] [direct_localization]: pose: x=52.96 y=6.51 yaw=79.6° v=0.35m/s [헤딩 미정렬(10m직진 필요)]
[heading_init_node-5] [INFO] [1789878370.028542277] [gps_heading_init]: 직진 중... 4.1/10m
[cluster_plot_node-13] [INFO] [1789878370.519412308] [lidar_clustering]: ID=4, X=2.40 m, Y=2.31 m, Width=0.50 m, Depth=7.23 m, Distance=3.33 m
[cluster_plot_node-13] [INFO] [1789878370.519632815] [lidar_clustering]: FollowGap: mode=CLEAR, direction=STRAIGHT, front=8.00 m, best_angle=0.0 deg
[cluster_plot_node-13] [INFO] [1789878370.519813769] [lidar_clustering]: points=314, clusters=1, tracks=1
[heading_init_node-5] [INFO] [1789878370.600568315] [gps_heading_init]: 직진 중... 5.0/10m
[vrs_ntrip_client-3] [INFO] [1789878370.751937579] [ngii_vrs_ntrip_client]: [NTRIP 연결됨] RTCM 120프레임 발행, GGA 실측(37.28896,127.10759)
[heading_init_node-5] [INFO] [1789878371.218295678] [gps_heading_init]: 직진 중... 6.0/10m
[cluster_plot_node-13] [INFO] [1789878371.365844133] [lidar_clustering]: ID=4, X=3.32 m, Y=2.38 m, Width=0.35 m, Depth=6.07 m, Distance=4.09 m
[cluster_plot_node-13] [INFO] [1789878371.366135260] [lidar_clustering]: ID=6, X=5.16 m, Y=2.43 m, Width=0.07 m, Depth=0.03 m, Distance=5.70 m
[cluster_plot_node-13] [INFO] [1789878371.366409827] [lidar_clustering]: ID=7, X=2.37 m, Y=2.32 m, Width=0.36 m, Depth=7.04 m, Distance=3.31 m
[cluster_plot_node-13] [INFO] [1789878371.366691377] [lidar_clustering]: FollowGap: mode=CLEAR, direction=STRAIGHT, front=8.00 m, best_angle=0.0 deg
[heading_init_node-5] [INFO] [1789878371.808322688] [gps_heading_init]: 직진 중... 7.0/10m
[cluster_plot_node-13] [INFO] [1789878372.204769317] [lidar_clustering]: ID=7, X=2.44 m, Y=2.25 m, Width=0.17 m, Depth=6.72 m, Distance=3.32 m
[cluster_plot_node-13] [INFO] [1789878372.204985696] [lidar_clustering]: FollowGap: mode=CLEAR, direction=STRAIGHT, front=8.00 m, best_angle=0.0 deg
[cluster_plot_node-13] [INFO] [1789878372.205166129] [lidar_clustering]: points=310, clusters=1, tracks=1
[heading_init_node-5] [INFO] [1789878372.408457066] [gps_heading_init]: 직진 중... 8.0/10m
[serial_bridge-12] [WARN] [1789878372.746945420] [serial_bridge_node]: ⚠ 공급전압 강하: VMIN=4121mV — 배터리/전원 확인
[direct_localization_node-6] [INFO] [1789878372.828186728] [direct_localization]: pose: x=48.30 y=8.30 yaw=83.0° v=0.27m/s [헤딩 미정렬(10m직진 필요)]
[heading_init_node-5] [INFO] [1789878373.038312412] [gps_heading_init]: 직진 중... 9.1/10m
[cluster_plot_node-13] [INFO] [1789878373.050108768] [lidar_clustering]: ID=7, X=2.31 m, Y=2.16 m, Width=0.16 m, Depth=6.01 m, Distance=3.17 m
[cluster_plot_node-13] [INFO] [1789878373.050320198] [lidar_clustering]: FollowGap: mode=CLEAR, direction=STRAIGHT, front=8.00 m, best_angle=0.0 deg
[heading_init_node-5] [INFO] [1789878373.608373253] [gps_heading_init]: ✅ 헤딩 초기화 완료: 10.1m 직진 (최대 편차 2°). GPS course=160.3°, IMU yaw=83.1°, → yaw_offset=77.2°
[heading_init_node-5] [INFO] [1789878373.608802035] [gps_heading_init]: 조향 중앙 점검: 횡편차 +0.09m — STEER_CENTER 412 양호 (보정 불필요)
[direct_localization_node-6] [INFO] [1789878373.608822683] [direct_localization]: 헤딩 오프셋 수신: 77.2° — 헤딩 정렬 적용됨.
[vehicle_cmd_mux-11] [INFO] [1789878373.608863588] [vehicle_cmd_mux]: 헤딩 캘리브 완료 (77.2°) — 자율 허용
[heading_init_node-5] [INFO] [1789878373.608987287] [gps_heading_init]: 자동 직진 종료: 캘리브 완료
[cluster_plot_node-13] [INFO] [1789878373.897439564] [lidar_clustering]: ID=7, X=2.11 m, Y=2.14 m, Width=0.08 m, Depth=5.09 m, Distance=3.01 m
[cluster_plot_node-13] [INFO] [1789878373.897665832] [lidar_clustering]: ID=12, X=0.52 m, Y=-0.05 m, Width=0.01 m, Depth=0.00 m, Distance=0.53 m
[cluster_plot_node-13] [INFO] [1789878373.897850993] [lidar_clustering]: FollowGap: mode=CLEAR, direction=STRAIGHT, front=8.00 m, best_angle=0.0 deg
[cluster_plot_node-13] [INFO] [1789878373.898052065] [lidar_clustering]: points=305, clusters=1, tracks=2
[cluster_plot_node-13] [INFO] [1789878374.741364280] [lidar_clustering]: ID=7, X=2.00 m, Y=2.17 m, Width=0.14 m, Depth=4.82 m, Distance=2.95 m
[cluster_plot_node-13] [INFO] [1789878374.741587673] [lidar_clustering]: ID=12, X=0.48 m, Y=-0.09 m, Width=0.01 m, Depth=0.00 m, Distance=0.49 m
[cluster_plot_node-13] [INFO] [1789878374.741774017] [lidar_clustering]: ID=13, X=7.09 m, Y=2.36 m, Width=0.10 m, Depth=0.03 m, Distance=7.47 m
[cluster_plot_node-13] [INFO] [1789878374.741962314] [lidar_clustering]: FollowGap: mode=CLEAR, direction=STRAIGHT, front=8.00 m, best_angle=0.0 deg
[heading_init_node-5] [INFO] [1789878374.837847809] [gps_heading_init]: yaw_offset 발행 완료 → 노드 자동 종료.
[vehicle_cmd_mux-11] [INFO] [1789878375.077994813] [vehicle_cmd_mux]: 모드: AUTO
[serial_bridge-12] [INFO] [1789878375.124440123] [serial_bridge_node]: 출발 — 정지마찰 하한 90 을 1200ms 인가한다
[cluster_plot_node-13] [INFO] [1789878375.582479025] [lidar_clustering]: ID=7, X=1.68 m, Y=2.21 m, Width=0.12 m, Depth=3.49 m, Distance=2.78 m
[cluster_plot_node-13] [INFO] [1789878375.582706705] [lidar_clustering]: ID=12, X=0.52 m, Y=-0.05 m, Width=0.01 m, Depth=0.00 m, Distance=0.52 m
[cluster_plot_node-13] [INFO] [1789878375.582893280] [lidar_clustering]: FollowGap: mode=CLEAR, direction=STRAIGHT, front=8.00 m, best_angle=0.0 deg
[cluster_plot_node-13] [INFO] [1789878375.583074044] [lidar_clustering]: points=261, clusters=1, tracks=2
[vrs_ntrip_client-3] [INFO] [1789878375.752006157] [ngii_vrs_ntrip_client]: [NTRIP 연결됨] RTCM 148프레임 발행, GGA 실측(37.28898,127.10750)
[direct_localization_node-6] [INFO] [1789878375.828180236] [direct_localization]: pose: x=44.05 y=9.82 yaw=158.2° v=1.10m/s [헤딩 정렬됨]
[serial_bridge-12] [WARN] [1789878375.908761622] [serial_bridge_node]: ⚠ 공급전압 강하: VMIN=4295mV — 배터리/전원 확인
[cluster_plot_node-13] [INFO] [1789878376.422348738] [lidar_clustering]: ID=7, X=1.49 m, Y=2.26 m, Width=0.17 m, Depth=2.90 m, Distance=2.71 m
[cluster_plot_node-13] [INFO] [1789878376.422568995] [lidar_clustering]: FollowGap: mode=CLEAR, direction=STRAIGHT, front=8.00 m, best_angle=0.0 deg
[cluster_plot_node-13] [INFO] [1789878377.263024465] [lidar_clustering]: ID=7, X=1.21 m, Y=2.37 m, Width=0.24 m, Depth=2.02 m, Distance=2.66 m
[cluster_plot_node-13] [INFO] [1789878377.263289675] [lidar_clustering]: FollowGap: mode=CLEAR, direction=STRAIGHT, front=8.00 m, best_angle=0.0 deg
[cluster_plot_node-13] [INFO] [1789878377.263476449] [lidar_clustering]: points=178, clusters=1, tracks=1
[cluster_plot_node-13] [INFO] [1789878378.110097648] [lidar_clustering]: ID=7, X=0.81 m, Y=2.59 m, Width=0.47 m, Depth=1.07 m, Distance=2.72 m
[cluster_plot_node-13] [INFO] [1789878378.110319257] [lidar_clustering]: ID=14, X=5.71 m, Y=3.73 m, Width=2.38 m, Depth=2.20 m, Distance=6.82 m
[cluster_plot_node-13] [INFO] [1789878378.110495242] [lidar_clustering]: ID=15, X=7.73 m, Y=1.80 m, Width=0.66 m, Depth=0.26 m, Distance=7.93 m
[cluster_plot_node-13] [INFO] [1789878378.110677319] [lidar_clustering]: FollowGap: mode=CLEAR, direction=STRAIGHT, front=8.00 m, best_angle=0.0 deg
[direct_localization_node-6] [INFO] [1789878378.828044669] [direct_localization]: pose: x=39.02 y=11.88 yaw=157.7° v=2.21m/s [헤딩 정렬됨]
[serial_bridge-12] [WARN] [1789878378.919233262] [serial_bridge_node]: ⚠ 공급전압 강하: VMIN=4047mV — 배터리/전원 확인
[cluster_plot_node-13] [INFO] [1789878378.967331126] [lidar_clustering]: ID=7, X=0.37 m, Y=3.52 m, Width=0.03 m, Depth=0.06 m, Distance=3.54 m
[cluster_plot_node-13] [INFO] [1789878378.967548006] [lidar_clustering]: ID=14, X=4.19 m, Y=3.17 m, Width=2.02 m, Depth=1.98 m, Distance=5.25 m
[cluster_plot_node-13] [INFO] [1789878378.967735953] [lidar_clustering]: ID=15, X=6.95 m, Y=-0.14 m, Width=1.03 m, Depth=0.57 m, Distance=6.95 m
[cluster_plot_node-13] [INFO] [1789878378.967922007] [lidar_clustering]: ID=16, X=5.84 m, Y=1.54 m, Width=0.96 m, Depth=0.45 m, Distance=6.04 m
[cluster_plot_node-13] [INFO] [1789878378.968102941] [lidar_clustering]: ID=17, X=6.02 m, Y=1.15 m, Width=1.42 m, Depth=0.51 m, Distance=6.13 m
[cluster_plot_node-13] [INFO] [1789878378.968285047] [lidar_clustering]: FollowGap: mode=CLEAR, direction=STRAIGHT, front=8.00 m, best_angle=0.0 deg
[cluster_plot_node-13] [INFO] [1789878378.968465330] [lidar_clustering]: points=226, clusters=4, tracks=5
[vehicle_cmd_mux-11] [INFO] [1789878379.578013109] [vehicle_cmd_mux]: 모드: AVOID(라이다)
[vehicle_cmd_mux-11] [INFO] [1789878379.678079203] [vehicle_cmd_mux]: 모드: AUTO
[cluster_plot_node-13] [INFO] [1789878379.826731523] [lidar_clustering]: ID=14, X=2.60 m, Y=2.82 m, Width=2.32 m, Depth=1.72 m, Distance=3.84 m
[cluster_plot_node-13] [INFO] [1789878379.826949396] [lidar_clustering]: ID=15, X=5.60 m, Y=-1.60 m, Width=0.14 m, Depth=0.08 m, Distance=5.83 m
[cluster_plot_node-13] [INFO] [1789878379.827144886] [lidar_clustering]: ID=16, X=4.11 m, Y=1.16 m, Width=1.22 m, Depth=0.52 m, Distance=4.27 m
[cluster_plot_node-13] [INFO] [1789878379.827352029] [lidar_clustering]: ID=17, X=5.15 m, Y=-0.16 m, Width=0.07 m, Depth=0.01 m, Distance=5.16 m
[cluster_plot_node-13] [INFO] [1789878379.827624863] [lidar_clustering]: ID=18, X=3.52 m, Y=1.61 m, Width=5.40 m, Depth=3.44 m, Distance=3.87 m
[cluster_plot_node-13] [INFO] [1789878379.827908115] [lidar_clustering]: ID=19, X=6.13 m, Y=-2.09 m, Width=0.08 m, Depth=0.03 m, Distance=6.48 m
[cluster_plot_node-13] [INFO] [1789878379.828097515] [lidar_clustering]: FollowGap: mode=CLEAR, direction=STRAIGHT, front=8.00 m, best_angle=0.0 deg
[vehicle_cmd_mux-11] [INFO] [1789878380.028094144] [vehicle_cmd_mux]: 모드: AVOID(라이다)
[vehicle_cmd_mux-11] [INFO] [1789878380.378052639] [vehicle_cmd_mux]: 모드: AUTO
[cluster_plot_node-13] [INFO] [1789878380.680312715] [lidar_clustering]: ID=15, X=3.82 m, Y=-1.45 m, Width=0.05 m, Depth=0.02 m, Distance=4.09 m
[cluster_plot_node-13] [INFO] [1789878380.680530507] [lidar_clustering]: ID=16, X=2.01 m, Y=1.30 m, Width=3.47 m, Depth=2.77 m, Distance=2.39 m
[cluster_plot_node-13] [INFO] [1789878380.680724946] [lidar_clustering]: ID=17, X=3.61 m, Y=-0.39 m, Width=1.90 m, Depth=1.08 m, Distance=3.63 m
[cluster_plot_node-13] [INFO] [1789878380.680902404] [lidar_clustering]: ID=18, X=1.86 m, Y=1.94 m, Width=2.90 m, Depth=2.41 m, Distance=2.69 m
[cluster_plot_node-13] [INFO] [1789878380.681074752] [lidar_clustering]: ID=20, X=0.82 m, Y=5.12 m, Width=0.15 m, Depth=0.09 m, Distance=5.18 m
[cluster_plot_node-13] [INFO] [1789878380.681251157] [lidar_clustering]: FollowGap: mode=BLOCKED, direction=STOP, front=2.44 m, best_angle=0.0 deg
[cluster_plot_node-13] [INFO] [1789878380.681425309] [lidar_clustering]: points=491, clusters=1, tracks=5
[vrs_ntrip_client-3] [INFO] [1789878380.751934890] [ngii_vrs_ntrip_client]: [NTRIP 연결됨] RTCM 168프레임 발행, GGA 실측(37.28901,127.10740)
[vehicle_cmd_mux-11] [INFO] [1789878380.878081385] [vehicle_cmd_mux]: 모드: AVOID(라이다)
[vehicle_cmd_mux-11] [INFO] [1789878380.977937764] [vehicle_cmd_mux]: 모드: AUTO
[cluster_plot_node-13] [INFO] [1789878381.531923916] [lidar_clustering]: ID=15, X=5.68 m, Y=0.60 m, Width=0.16 m, Depth=0.02 m, Distance=5.71 m
[cluster_plot_node-13] [INFO] [1789878381.532252983] [lidar_clustering]: ID=18, X=2.34 m, Y=2.69 m, Width=0.25 m, Depth=6.12 m, Distance=3.57 m
[cluster_plot_node-13] [INFO] [1789878381.532510008] [lidar_clustering]: FollowGap: mode=CLEAR, direction=STRAIGHT, front=8.00 m, best_angle=0.0 deg
[direct_localization_node-6] [INFO] [1789878381.828158275] [direct_localization]: pose: x=32.80 y=14.22 yaw=159.5° v=1.86m/s [헤딩 정렬됨]
[serial_bridge-12] [WARN] [1789878381.926172435] [serial_bridge_node]: ⚠ 공급전압 강하: VMIN=3801mV — 배터리/전원 확인
[cluster_plot_node-13] [INFO] [1789878382.383744059] [lidar_clustering]: ID=7, X=2.03 m, Y=2.52 m, Width=0.32 m, Depth=4.61 m, Distance=3.24 m
[cluster_plot_node-13] [INFO] [1789878382.383972291] [lidar_clustering]: ID=23, X=5.57 m, Y=2.34 m, Width=0.10 m, Depth=0.69 m, Distance=6.04 m
[cluster_plot_node-13] [INFO] [1789878382.384166770] [lidar_clustering]: ID=24, X=7.39 m, Y=2.34 m, Width=0.05 m, Depth=0.14 m, Distance=7.75 m
[cluster_plot_node-13] [INFO] [1789878382.384362160] [lidar_clustering]: ID=25, X=6.28 m, Y=2.30 m, Width=0.09 m, Depth=0.24 m, Distance=6.69 m
[cluster_plot_node-13] [INFO] [1789878382.384543184] [lidar_clustering]: ID=26, X=4.97 m, Y=2.42 m, Width=0.11 m, Depth=0.21 m, Distance=5.53 m
[cluster_plot_node-13] [INFO] [1789878382.384798616] [lidar_clustering]: ID=27, X=7.01 m, Y=2.28 m, Width=0.09 m, Depth=0.87 m, Distance=7.37 m
[cluster_plot_node-13] [INFO] [1789878382.385023822] [lidar_clustering]: FollowGap: mode=CLEAR, direction=STRAIGHT, front=8.00 m, best_angle=0.0 deg
[cluster_plot_node-13] [INFO] [1789878382.385224082] [lidar_clustering]: points=332, clusters=4, tracks=6
[cluster_plot_node-13] [INFO] [1789878383.245956565] [lidar_clustering]: ID=7, X=1.83 m, Y=2.18 m, Width=0.57 m, Depth=4.19 m, Distance=2.84 m
[cluster_plot_node-13] [INFO] [1789878383.246175049] [lidar_clustering]: ID=15, X=6.91 m, Y=1.56 m, Width=0.32 m, Depth=1.14 m, Distance=7.09 m
[cluster_plot_node-13] [INFO] [1789878383.246354139] [lidar_clustering]: ID=18, X=3.92 m, Y=1.98 m, Width=0.12 m, Depth=0.24 m, Distance=4.40 m
[cluster_plot_node-13] [INFO] [1789878383.246527479] [lidar_clustering]: ID=23, X=4.64 m, Y=1.89 m, Width=0.08 m, Depth=0.24 m, Distance=5.00 m
[cluster_plot_node-13] [INFO] [1789878383.246706389] [lidar_clustering]: ID=24, X=7.62 m, Y=1.54 m, Width=0.10 m, Depth=0.33 m, Distance=7.77 m
[cluster_plot_node-13] [INFO] [1789878383.246880741] [lidar_clustering]: ID=25, X=5.62 m, Y=1.77 m, Width=0.09 m, Depth=0.25 m, Distance=5.89 m
[cluster_plot_node-13] [INFO] [1789878383.247052749] [lidar_clustering]: ID=26, X=5.12 m, Y=1.77 m, Width=0.17 m, Depth=0.74 m, Distance=5.42 m
[cluster_plot_node-13] [INFO] [1789878383.247230307] [lidar_clustering]: ID=27, X=5.96 m, Y=1.68 m, Width=0.09 m, Depth=0.16 m, Distance=6.19 m
[cluster_plot_node-13] [INFO] [1789878383.247413655] [lidar_clustering]: FollowGap: mode=CLEAR, direction=STRAIGHT, front=8.00 m, best_angle=0.0 deg
[cluster_plot_node-13] [INFO] [1789878384.096903369] [lidar_clustering]: ID=7, X=1.43 m, Y=2.03 m, Width=0.33 m, Depth=2.59 m, Distance=2.48 m
[cluster_plot_node-13] [INFO] [1789878384.097128254] [lidar_clustering]: ID=15, X=6.61 m, Y=1.41 m, Width=0.13 m, Depth=0.12 m, Distance=6.76 m
[cluster_plot_node-13] [INFO] [1789878384.097310361] [lidar_clustering]: ID=18, X=3.34 m, Y=1.84 m, Width=0.06 m, Depth=0.22 m, Distance=3.81 m
[cluster_plot_node-13] [INFO] [1789878384.097487548] [lidar_clustering]: ID=23, X=3.67 m, Y=1.77 m, Width=0.16 m, Depth=0.72 m, Distance=4.08 m
[cluster_plot_node-13] [INFO] [1789878384.097679893] [lidar_clustering]: ID=25, X=5.42 m, Y=1.59 m, Width=0.14 m, Depth=0.24 m, Distance=5.65 m
[cluster_plot_node-13] [INFO] [1789878384.097857441] [lidar_clustering]: ID=26, X=4.39 m, Y=1.69 m, Width=0.11 m, Depth=0.24 m, Distance=4.70 m
[cluster_plot_node-13] [INFO] [1789878384.098030791] [lidar_clustering]: ID=27, X=4.87 m, Y=1.64 m, Width=0.13 m, Depth=0.23 m, Distance=5.14 m
[cluster_plot_node-13] [INFO] [1789878384.098204231] [lidar_clustering]: ID=28, X=5.92 m, Y=1.51 m, Width=0.12 m, Depth=0.19 m, Distance=6.11 m
[cluster_plot_node-13] [INFO] [1789878384.098379945] [lidar_clustering]: FollowGap: mode=CLEAR, direction=STRAIGHT, front=8.00 m, best_angle=0.0 deg
[cluster_plot_node-13] [INFO] [1789878384.098561390] [lidar_clustering]: points=319, clusters=7, tracks=8
[direct_localization_node-6] [INFO] [1789878384.828230935] [direct_localization]: pose: x=27.55 y=15.53 yaw=162.7° v=1.97m/s [헤딩 정렬됨]
[cluster_plot_node-13] [INFO] [1789878384.959821933] [lidar_clustering]: ID=7, X=1.40 m, Y=2.01 m, Width=0.15 m, Depth=2.43 m, Distance=2.45 m
[cluster_plot_node-13] [INFO] [1789878384.960045166] [lidar_clustering]: ID=15, X=5.74 m, Y=1.68 m, Width=0.10 m, Depth=0.11 m, Distance=5.98 m
[cluster_plot_node-13] [INFO] [1789878384.960226370] [lidar_clustering]: ID=24, X=7.80 m, Y=1.47 m, Width=0.11 m, Depth=0.02 m, Distance=7.94 m
[cluster_plot_node-13] [INFO] [1789878384.960404449] [lidar_clustering]: ID=25, X=4.71 m, Y=1.82 m, Width=0.10 m, Depth=0.28 m, Distance=5.05 m
[cluster_plot_node-13] [INFO] [1789878384.960581205] [lidar_clustering]: ID=26, X=3.58 m, Y=1.89 m, Width=0.12 m, Depth=1.24 m, Distance=4.05 m
[cluster_plot_node-13] [INFO] [1789878384.960852015] [lidar_clustering]: ID=27, X=4.22 m, Y=1.82 m, Width=0.14 m, Depth=0.76 m, Distance=4.59 m
[cluster_plot_node-13] [INFO] [1789878384.961077431] [lidar_clustering]: ID=28, X=5.23 m, Y=1.81 m, Width=0.10 m, Depth=0.18 m, Distance=5.54 m
[cluster_plot_node-13] [INFO] [1789878384.961283392] [lidar_clustering]: FollowGap: mode=CLEAR, direction=STRAIGHT, front=8.00 m, best_angle=0.0 deg
[vrs_ntrip_client-3] [INFO] [1789878385.752064480] [ngii_vrs_ntrip_client]: [NTRIP 연결됨] RTCM 196프레임 발행, GGA 실측(37.28904,127.10730)
[cluster_plot_node-13] [INFO] [1789878385.811280679] [lidar_clustering]: ID=7, X=1.39 m, Y=2.19 m, Width=0.13 m, Depth=2.73 m, Distance=2.60 m
[cluster_plot_node-13] [INFO] [1789878385.811499663] [lidar_clustering]: ID=15, X=6.03 m, Y=2.24 m, Width=0.09 m, Depth=0.03 m, Distance=6.43 m
[cluster_plot_node-13] [INFO] [1789878385.811695876] [lidar_clustering]: ID=25, X=4.48 m, Y=2.26 m, Width=0.10 m, Depth=0.19 m, Distance=5.02 m
[cluster_plot_node-13] [INFO] [1789878385.811890565] [lidar_clustering]: ID=26, X=3.31 m, Y=2.12 m, Width=0.08 m, Depth=0.28 m, Distance=3.93 m
[cluster_plot_node-13] [INFO] [1789878385.812095413] [lidar_clustering]: ID=27, X=3.49 m, Y=2.23 m, Width=0.08 m, Depth=0.27 m, Distance=4.15 m
[cluster_plot_node-13] [INFO] [1789878385.812271148] [lidar_clustering]: ID=28, X=4.01 m, Y=2.26 m, Width=0.06 m, Depth=0.18 m, Distance=4.60 m
[cluster_plot_node-13] [INFO] [1789878385.812443135] [lidar_clustering]: FollowGap: mode=CLEAR, direction=STRAIGHT, front=8.00 m, best_angle=0.0 deg
[cluster_plot_node-13] [INFO] [1789878385.812615473] [lidar_clustering]: points=255, clusters=4, tracks=6
[cluster_plot_node-13] [INFO] [1789878386.662162055] [lidar_clustering]: ID=7, X=1.42 m, Y=2.51 m, Width=0.36 m, Depth=3.06 m, Distance=2.88 m
[cluster_plot_node-13] [INFO] [1789878386.662394113] [lidar_clustering]: ID=15, X=5.31 m, Y=2.86 m, Width=0.07 m, Depth=0.04 m, Distance=6.03 m
[cluster_plot_node-13] [INFO] [1789878386.662575548] [lidar_clustering]: ID=25, X=3.85 m, Y=2.80 m, Width=0.06 m, Depth=0.29 m, Distance=4.76 m
[cluster_plot_node-13] [INFO] [1789878386.662770148] [lidar_clustering]: ID=26, X=3.15 m, Y=2.37 m, Width=0.05 m, Depth=0.25 m, Distance=3.94 m
[cluster_plot_node-13] [INFO] [1789878386.663071554] [lidar_clustering]: ID=27, X=3.38 m, Y=2.67 m, Width=0.08 m, Depth=0.26 m, Distance=4.31 m
[cluster_plot_node-13] [INFO] [1789878386.663275541] [lidar_clustering]: ID=28, X=3.73 m, Y=2.60 m, Width=0.05 m, Depth=0.26 m, Distance=4.55 m
[cluster_plot_node-13] [INFO] [1789878386.663458068] [lidar_clustering]: FollowGap: mode=CLEAR, direction=STRAIGHT, front=8.00 m, best_angle=0.0 deg
[serial_bridge-12] [WARN] [1789878386.889856564] [serial_bridge_node]: ⚠ 공급전압 강하: VMIN=4246mV — 배터리/전원 확인
[cluster_plot_node-13] [INFO] [1789878387.519696000] [lidar_clustering]: ID=7, X=1.13 m, Y=2.68 m, Width=0.27 m, Depth=1.56 m, Distance=2.91 m
[cluster_plot_node-13] [INFO] [1789878387.519920044] [lidar_clustering]: ID=25, X=3.13 m, Y=2.87 m, Width=0.04 m, Depth=0.04 m, Distance=4.25 m
[cluster_plot_node-13] [INFO] [1789878387.520105716] [lidar_clustering]: ID=26, X=2.48 m, Y=2.84 m, Width=0.05 m, Depth=0.29 m, Distance=3.78 m
[cluster_plot_node-13] [INFO] [1789878387.520282593] [lidar_clustering]: FollowGap: mode=CLEAR, direction=STRAIGHT, front=8.00 m, best_angle=0.0 deg
[cluster_plot_node-13] [INFO] [1789878387.520462525] [lidar_clustering]: points=146, clusters=2, tracks=3
[direct_localization_node-6] [INFO] [1789878387.828066327] [direct_localization]: pose: x=22.74 y=17.59 yaw=152.6° v=1.70m/s [헤딩 정렬됨]
[cluster_plot_node-13] [INFO] [1789878388.374574348] [lidar_clustering]: ID=7, X=1.01 m, Y=2.64 m, Width=0.18 m, Depth=1.58 m, Distance=2.83 m
[cluster_plot_node-13] [INFO] [1789878388.374791609] [lidar_clustering]: ID=26, X=2.22 m, Y=2.81 m, Width=0.06 m, Depth=0.23 m, Distance=3.58 m
[cluster_plot_node-13] [INFO] [1789878388.374970129] [lidar_clustering]: ID=29, X=0.56 m, Y=-0.27 m, Width=0.01 m, Depth=0.00 m, Distance=0.62 m
[cluster_plot_node-13] [INFO] [1789878388.375144070] [lidar_clustering]: FollowGap: mode=CLEAR, direction=STRAIGHT, front=8.00 m, best_angle=0.0 deg
[cluster_plot_node-13] [INFO] [1789878389.232863070] [lidar_clustering]: ID=7, X=1.35 m, Y=2.35 m, Width=0.26 m, Depth=2.45 m, Distance=2.70 m
[cluster_plot_node-13] [INFO] [1789878389.233083827] [lidar_clustering]: ID=25, X=3.13 m, Y=2.39 m, Width=0.07 m, Depth=0.24 m, Distance=3.94 m
[cluster_plot_node-13] [INFO] [1789878389.233275842] [lidar_clustering]: ID=29, X=0.49 m, Y=-0.18 m, Width=0.01 m, Depth=0.00 m, Distance=0.52 m
[cluster_plot_node-13] [INFO] [1789878389.233458609] [lidar_clustering]: FollowGap: mode=CLEAR, direction=STRAIGHT, front=8.00 m, best_angle=0.0 deg
[cluster_plot_node-13] [INFO] [1789878389.233638812] [lidar_clustering]: points=213, clusters=2, tracks=3
[serial_bridge-12] [WARN] [1789878389.900084237] [serial_bridge_node]: ⚠ 공급전압 강하: VMIN=4137mV — 배터리/전원 확인
[cluster_plot_node-13] [INFO] [1789878390.090602123] [lidar_clustering]: ID=7, X=1.72 m, Y=1.89 m, Width=0.69 m, Depth=4.43 m, Distance=2.56 m
[cluster_plot_node-13] [INFO] [1789878390.090895404] [lidar_clustering]: ID=25, X=5.03 m, Y=1.45 m, Width=0.11 m, Depth=0.22 m, Distance=5.24 m
[cluster_plot_node-13] [INFO] [1789878390.091178207] [lidar_clustering]: ID=26, X=4.14 m, Y=1.59 m, Width=0.17 m, Depth=0.63 m, Distance=4.43 m
[cluster_plot_node-13] [INFO] [1789878390.091449758] [lidar_clustering]: ID=30, X=6.36 m, Y=1.31 m, Width=0.15 m, Depth=0.65 m, Distance=6.50 m
[cluster_plot_node-13] [INFO] [1789878390.091763728] [lidar_clustering]: ID=31, X=5.96 m, Y=1.40 m, Width=0.31 m, Depth=1.59 m, Distance=6.12 m
[cluster_plot_node-13] [INFO] [1789878390.092038996] [lidar_clustering]: ID=32, X=6.85 m, Y=1.35 m, Width=0.10 m, Depth=0.14 m, Distance=6.98 m
[cluster_plot_node-13] [INFO] [1789878390.092257169] [lidar_clustering]: ID=33, X=7.35 m, Y=1.13 m, Width=0.21 m, Depth=0.52 m, Distance=7.44 m
[cluster_plot_node-13] [INFO] [1789878390.092454653] [lidar_clustering]: ID=34, X=5.57 m, Y=1.38 m, Width=0.13 m, Depth=0.16 m, Distance=5.74 m
[cluster_plot_node-13] [INFO] [1789878390.092669731] [lidar_clustering]: FollowGap: mode=CLEAR, direction=STRAIGHT, front=8.00 m, best_angle=0.0 deg
[local_pure_pursuit_node-9] [WARN] [1789878390.228196594] [local_pure_pursuit]: odom 속도 3.3m/s — 비현실적이라 버린다 (직전 1.66 유지, 누적 4회). EKF twist 스파이크로 보이며 위치는 보통 멀쩡하다.
[vrs_ntrip_client-3] [INFO] [1789878390.751964358] [ngii_vrs_ntrip_client]: [NTRIP 연결됨] RTCM 216프레임 발행, GGA 실측(37.28906,127.10719)
[direct_localization_node-6] [INFO] [1789878390.827990070] [direct_localization]: pose: x=16.30 y=19.41 yaw=164.3° v=2.97m/s [헤딩 정렬됨]
[cluster_plot_node-13] [INFO] [1789878390.950470075] [lidar_clustering]: ID=7, X=2.22 m, Y=1.55 m, Width=1.00 m, Depth=7.44 m, Distance=2.71 m
[cluster_plot_node-13] [INFO] [1789878390.950689219] [lidar_clustering]: ID=29, X=0.60 m, Y=-0.05 m, Width=0.09 m, Depth=0.11 m, Distance=0.60 m
[cluster_plot_node-13] [INFO] [1789878390.950873079] [lidar_clustering]: ID=32, X=7.00 m, Y=1.10 m, Width=0.16 m, Depth=1.39 m, Distance=7.09 m
[cluster_plot_node-13] [INFO] [1789878390.951053161] [lidar_clustering]: FollowGap: mode=CLEAR, direction=STRAIGHT, front=8.00 m, best_angle=0.0 deg
[cluster_plot_node-13] [INFO] [1789878390.951230609] [lidar_clustering]: points=370, clusters=1, tracks=3
[cluster_plot_node-13] [INFO] [1789878391.829237872] [lidar_clustering]: ID=7, X=2.03 m, Y=1.94 m, Width=0.31 m, Depth=5.67 m, Distance=2.81 m
[cluster_plot_node-13] [INFO] [1789878391.829477424] [lidar_clustering]: ID=25, X=4.70 m, Y=1.65 m, Width=0.09 m, Depth=0.23 m, Distance=4.98 m
[cluster_plot_node-13] [INFO] [1789878391.829696408] [lidar_clustering]: ID=26, X=3.89 m, Y=1.74 m, Width=0.39 m, Depth=3.41 m, Distance=4.26 m
[cluster_plot_node-13] [INFO] [1789878391.829885878] [lidar_clustering]: ID=29, X=0.47 m, Y=-0.08 m, Width=0.01 m, Depth=0.00 m, Distance=0.47 m
[cluster_plot_node-13] [INFO] [1789878391.830061582] [lidar_clustering]: ID=30, X=7.42 m, Y=1.66 m, Width=0.03 m, Depth=0.51 m, Distance=7.60 m
[cluster_plot_node-13] [INFO] [1789878391.830243438] [lidar_clustering]: ID=31, X=6.58 m, Y=2.05 m, Width=0.14 m, Depth=0.46 m, Distance=6.89 m
[cluster_plot_node-13] [INFO] [1789878391.830422649] [lidar_clustering]: ID=34, X=5.05 m, Y=1.72 m, Width=0.07 m, Depth=0.71 m, Distance=5.34 m
[cluster_plot_node-13] [INFO] [1789878391.830601359] [lidar_clustering]: ID=35, X=5.81 m, Y=1.72 m, Width=0.06 m, Depth=0.61 m, Distance=6.06 m
[cluster_plot_node-13] [INFO] [1789878391.830784477] [lidar_clustering]: FollowGap: mode=CLEAR, direction=STRAIGHT, front=8.00 m, best_angle=0.0 deg
[cluster_plot_node-13] [INFO] [1789878392.707858514] [lidar_clustering]: ID=7, X=2.18 m, Y=2.65 m, Width=0.97 m, Depth=5.88 m, Distance=3.43 m
[cluster_plot_node-13] [INFO] [1789878392.708080564] [lidar_clustering]: ID=29, X=0.56 m, Y=-0.07 m, Width=0.01 m, Depth=0.00 m, Distance=0.57 m
[cluster_plot_node-13] [INFO] [1789878392.708266948] [lidar_clustering]: ID=31, X=6.35 m, Y=2.83 m, Width=0.09 m, Depth=0.04 m, Distance=6.95 m
[cluster_plot_node-13] [INFO] [1789878392.708448393] [lidar_clustering]: FollowGap: mode=CLEAR, direction=STRAIGHT, front=8.00 m, best_angle=0.0 deg
[cluster_plot_node-13] [INFO] [1789878392.708626933] [lidar_clustering]: points=276, clusters=1, tracks=3
[serial_bridge-12] [WARN] [1789878392.910572680] [serial_bridge_node]: ⚠ 공급전압 강하: VMIN=4047mV — 배터리/전원 확인
[serial_bridge-12] [INFO] [1789878393.474354913] [serial_bridge_node]: 거버너 — 측정 1.31+0.96(선행) > 명령 1.47 (+0.80) → PWM 63 → 제동 -60
[cluster_plot_node-13] [INFO] [1789878393.591734418] [lidar_clustering]: ID=7, X=1.79 m, Y=2.86 m, Width=0.44 m, Depth=3.55 m, Distance=3.38 m
[cluster_plot_node-13] [INFO] [1789878393.591953512] [lidar_clustering]: ID=29, X=0.46 m, Y=-0.11 m, Width=0.01 m, Depth=0.00 m, Distance=0.47 m
[cluster_plot_node-13] [INFO] [1789878393.592135348] [lidar_clustering]: FollowGap: mode=CLEAR, direction=STRAIGHT, front=8.00 m, best_angle=0.0 deg
[direct_localization_node-6] [INFO] [1789878393.827993097] [direct_localization]: pose: x=7.09 y=23.70 yaw=155.3° v=4.07m/s [헤딩 정렬됨]
[cluster_plot_node-13] [INFO] [1789878394.476053026] [lidar_clustering]: ID=7, X=1.53 m, Y=2.45 m, Width=0.21 m, Depth=2.99 m, Distance=2.89 m
[cluster_plot_node-13] [INFO] [1789878394.476277331] [lidar_clustering]: FollowGap: mode=CLEAR, direction=STRAIGHT, front=8.00 m, best_angle=0.0 deg
[cluster_plot_node-13] [INFO] [1789878394.476455209] [lidar_clustering]: points=239, clusters=1, tracks=1
[serial_bridge-12] [INFO] [1789878395.324396024] [serial_bridge_node]: 거버너 — 측정 2.43+0.03(선행) > 명령 1.24 (+1.22) → PWM 60 → 제동 -60
[cluster_plot_node-13] [INFO] [1789878395.340836070] [lidar_clustering]: ID=7, X=2.33 m, Y=2.18 m, Width=0.40 m, Depth=1.76 m, Distance=3.19 m
[cluster_plot_node-13] [INFO] [1789878395.341061286] [lidar_clustering]: ID=36, X=0.36 m, Y=2.39 m, Width=0.04 m, Depth=0.05 m, Distance=2.42 m
[cluster_plot_node-13] [INFO] [1789878395.341249924] [lidar_clustering]: FollowGap: mode=CLEAR, direction=STRAIGHT, front=8.00 m, best_angle=0.0 deg
[vrs_ntrip_client-3] [INFO] [1789878395.751874209] [ngii_vrs_ntrip_client]: [NTRIP 연결됨] RTCM 244프레임 발행, GGA 실측(37.28911,127.10703)
[serial_bridge-12] [WARN] [1789878395.920905935] [serial_bridge_node]: ⚠ 공급전압 강하: VMIN=4062mV — 배터리/전원 확인
[cluster_plot_node-13] [INFO] [1789878396.203835728] [lidar_clustering]: ID=7, X=1.71 m, Y=2.31 m, Width=0.90 m, Depth=2.21 m, Distance=2.87 m
[cluster_plot_node-13] [INFO] [1789878396.204059741] [lidar_clustering]: ID=37, X=3.33 m, Y=2.86 m, Width=0.05 m, Depth=0.04 m, Distance=4.39 m
[cluster_plot_node-13] [INFO] [1789878396.204244272] [lidar_clustering]: FollowGap: mode=CLEAR, direction=STRAIGHT, front=8.00 m, best_angle=0.0 deg
[cluster_plot_node-13] [INFO] [1789878396.204428472] [lidar_clustering]: points=124, clusters=2, tracks=2
[direct_localization_node-6] [INFO] [1789878396.828536808] [direct_localization]: pose: x=0.49 y=25.17 yaw=171.2° v=1.77m/s [헤딩 정렬됨]
[cluster_plot_node-13] [INFO] [1789878397.067942646] [lidar_clustering]: ID=7, X=1.32 m, Y=2.82 m, Width=0.89 m, Depth=1.45 m, Distance=3.11 m
[cluster_plot_node-13] [INFO] [1789878397.068159176] [lidar_clustering]: ID=37, X=2.89 m, Y=2.78 m, Width=0.04 m, Depth=0.04 m, Distance=4.01 m
[cluster_plot_node-13] [INFO] [1789878397.068336944] [lidar_clustering]: FollowGap: mode=CLEAR, direction=STRAIGHT, front=8.00 m, best_angle=0.0 deg
[cluster_plot_node-13] [INFO] [1789878397.932699002] [lidar_clustering]: ID=7, X=0.75 m, Y=3.45 m, Width=0.69 m, Depth=0.92 m, Distance=3.53 m
[cluster_plot_node-13] [INFO] [1789878397.932931792] [lidar_clustering]: FollowGap: mode=CLEAR, direction=STRAIGHT, front=8.00 m, best_angle=0.0 deg
[cluster_plot_node-13] [INFO] [1789878397.933134056] [lidar_clustering]: points=62, clusters=1, tracks=1
[cluster_plot_node-13] [INFO] [1789878398.791404954] [lidar_clustering]: ID=7, X=0.85 m, Y=3.67 m, Width=0.85 m, Depth=1.21 m, Distance=3.76 m
[cluster_plot_node-13] [INFO] [1789878398.791624219] [lidar_clustering]: ID=38, X=6.75 m, Y=-2.69 m, Width=0.38 m, Depth=0.18 m, Distance=7.26 m
[cluster_plot_node-13] [INFO] [1789878398.791820922] [lidar_clustering]: ID=39, X=6.51 m, Y=-2.98 m, Width=0.11 m, Depth=0.12 m, Distance=7.16 m
[cluster_plot_node-13] [INFO] [1789878398.792001806] [lidar_clustering]: ID=40, X=5.98 m, Y=-3.50 m, Width=0.34 m, Depth=0.35 m, Distance=6.93 m
[cluster_plot_node-13] [INFO] [1789878398.792175366] [lidar_clustering]: ID=41, X=7.22 m, Y=-2.17 m, Width=0.10 m, Depth=0.03 m, Distance=7.54 m
[cluster_plot_node-13] [INFO] [1789878398.792350550] [lidar_clustering]: ID=42, X=7.67 m, Y=-1.77 m, Width=0.24 m, Depth=0.07 m, Distance=7.87 m
[cluster_plot_node-13] [INFO] [1789878398.792526194] [lidar_clustering]: FollowGap: mode=BLOCKED, direction=STOP, front=0.46 m, best_angle=0.0 deg
[serial_bridge-12] [WARN] [1789878398.931326147] [serial_bridge_node]: ⚠ 공급전압 강하: VMIN=2922mV — 배터리/전원 확인
[cluster_plot_node-13] [INFO] [1789878399.649180463] [lidar_clustering]: ID=7, X=1.09 m, Y=3.41 m, Width=0.91 m, Depth=1.82 m, Distance=3.58 m
[cluster_plot_node-13] [INFO] [1789878399.649406811] [lidar_clustering]: ID=38, X=6.14 m, Y=-3.16 m, Width=0.21 m, Depth=0.07 m, Distance=6.90 m
[cluster_plot_node-13] [INFO] [1789878399.649595350] [lidar_clustering]: ID=39, X=5.58 m, Y=-3.70 m, Width=0.25 m, Depth=0.14 m, Distance=6.70 m
[cluster_plot_node-13] [INFO] [1789878399.649783327] [lidar_clustering]: ID=40, X=5.16 m, Y=-4.05 m, Width=0.19 m, Depth=0.20 m, Distance=6.55 m
[cluster_plot_node-13] [INFO] [1789878399.649970382] [lidar_clustering]: ID=42, X=6.89 m, Y=-3.20 m, Width=0.55 m, Depth=0.56 m, Distance=7.59 m
[cluster_plot_node-13] [INFO] [1789878399.650157037] [lidar_clustering]: FollowGap: mode=CLEAR, direction=STRAIGHT, front=8.00 m, best_angle=0.0 deg
[cluster_plot_node-13] [INFO] [1789878399.650343381] [lidar_clustering]: points=114, clusters=1, tracks=5
[direct_localization_node-6] [INFO] [1789878399.827898081] [direct_localization]: pose: x=-5.04 y=24.60 yaw=-148.6° v=1.87m/s [헤딩 정렬됨]
[cluster_plot_node-13] [INFO] [1789878400.507694784] [lidar_clustering]: ID=7, X=1.62 m, Y=3.05 m, Width=1.07 m, Depth=2.98 m, Distance=3.45 m
[cluster_plot_node-13] [INFO] [1789878400.508090775] [lidar_clustering]: ID=40, X=5.05 m, Y=-4.56 m, Width=0.21 m, Depth=0.17 m, Distance=6.80 m
[cluster_plot_node-13] [INFO] [1789878400.508346888] [lidar_clustering]: FollowGap: mode=CLEAR, direction=STRAIGHT, front=8.00 m, best_angle=0.0 deg
[vrs_ntrip_client-3] [INFO] [1789878400.751980463] [ngii_vrs_ntrip_client]: [NTRIP 연결됨] RTCM 264프레임 발행, GGA 실측(37.28910,127.10693)
[cluster_plot_node-13] [INFO] [1789878401.366776378] [lidar_clustering]: ID=7, X=1.98 m, Y=2.81 m, Width=0.99 m, Depth=4.80 m, Distance=3.44 m
[cluster_plot_node-13] [INFO] [1789878401.367004098] [lidar_clustering]: ID=43, X=2.81 m, Y=3.08 m, Width=1.09 m, Depth=4.21 m, Distance=4.16 m
[cluster_plot_node-13] [INFO] [1789878401.367211691] [lidar_clustering]: ID=44, X=0.77 m, Y=-0.12 m, Width=0.01 m, Depth=0.00 m, Distance=0.78 m
[cluster_plot_node-13] [INFO] [1789878401.367399218] [lidar_clustering]: ID=45, X=1.10 m, Y=-0.00 m, Width=0.02 m, Depth=0.00 m, Distance=1.10 m
[cluster_plot_node-13] [INFO] [1789878401.367580843] [lidar_clustering]: FollowGap: mode=BLOCKED, direction=STOP, front=1.08 m, best_angle=0.0 deg
[cluster_plot_node-13] [INFO] [1789878401.367763520] [lidar_clustering]: points=253, clusters=2, tracks=4
[serial_bridge-12] [WARN] [1789878401.937892587] [serial_bridge_node]: ⚠ 공급전압 강하: VMIN=4062mV — 배터리/전원 확인
[cluster_plot_node-13] [INFO] [1789878402.231206685] [lidar_clustering]: ID=7, X=2.22 m, Y=2.85 m, Width=0.74 m, Depth=5.40 m, Distance=3.61 m
[cluster_plot_node-13] [INFO] [1789878402.231438293] [lidar_clustering]: ID=46, X=4.94 m, Y=3.27 m, Width=0.07 m, Depth=0.05 m, Distance=5.92 m
[cluster_plot_node-13] [INFO] [1789878402.231629776] [lidar_clustering]: FollowGap: mode=CLEAR, direction=STRAIGHT, front=8.00 m, best_angle=0.0 deg
[direct_localization_node-6] [INFO] [1789878402.828105339] [direct_localization]: pose: x=-8.53 y=19.29 yaw=-117.2° v=2.34m/s [헤딩 정렬됨]
[cluster_plot_node-13] [INFO] [1789878403.094885631] [lidar_clustering]: ID=7, X=1.92 m, Y=3.01 m, Width=0.55 m, Depth=4.02 m, Distance=3.57 m
[cluster_plot_node-13] [INFO] [1789878403.095123240] [lidar_clustering]: ID=44, X=0.60 m, Y=-0.33 m, Width=0.01 m, Depth=0.01 m, Distance=0.69 m
[cluster_plot_node-13] [INFO] [1789878403.095308161] [lidar_clustering]: ID=46, X=4.90 m, Y=3.42 m, Width=0.07 m, Depth=0.16 m, Distance=5.98 m
[cluster_plot_node-13] [INFO] [1789878403.095511797] [lidar_clustering]: FollowGap: mode=BLOCKED, direction=STOP, front=0.68 m, best_angle=0.0 deg
[cluster_plot_node-13] [INFO] [1789878403.095701578] [lidar_clustering]: points=244, clusters=3, tracks=3
[cluster_plot_node-13] [INFO] [1789878403.953585640] [lidar_clustering]: ID=7, X=1.18 m, Y=3.37 m, Width=0.38 m, Depth=1.87 m, Distance=3.57 m
[cluster_plot_node-13] [INFO] [1789878403.953813801] [lidar_clustering]: ID=44, X=0.44 m, Y=-0.38 m, Width=0.01 m, Depth=0.01 m, Distance=0.58 m
[cluster_plot_node-13] [INFO] [1789878403.954006768] [lidar_clustering]: FollowGap: mode=BLOCKED, direction=STOP, front=0.32 m, best_angle=0.0 deg
[cluster_plot_node-13] [INFO] [1789878404.823530733] [lidar_clustering]: ID=7, X=0.68 m, Y=3.97 m, Width=0.25 m, Depth=0.59 m, Distance=4.03 m
[cluster_plot_node-13] [INFO] [1789878404.823778251] [lidar_clustering]: ID=47, X=1.26 m, Y=4.16 m, Width=0.02 m, Depth=0.06 m, Distance=4.35 m
[cluster_plot_node-13] [INFO] [1789878404.824005140] [lidar_clustering]: FollowGap: mode=CLEAR, direction=STRAIGHT, front=8.00 m, best_angle=0.0 deg
[cluster_plot_node-13] [INFO] [1789878404.824191353] [lidar_clustering]: points=0, clusters=0, tracks=2
[serial_bridge-12] [WARN] [1789878404.944036691] [serial_bridge_node]: ⚠ 공급전압 강하: VMIN=4167mV — 배터리/전원 확인
[cluster_plot_node-13] [INFO] [1789878405.688352713] [lidar_clustering]: ID=44, X=0.36 m, Y=-0.27 m, Width=0.00 m, Depth=0.00 m, Distance=0.45 m
[cluster_plot_node-13] [INFO] [1789878405.688573290] [lidar_clustering]: ID=47, X=2.15 m, Y=3.46 m, Width=0.03 m, Depth=0.05 m, Distance=4.07 m
[cluster_plot_node-13] [INFO] [1789878405.688759824] [lidar_clustering]: FollowGap: mode=BLOCKED, direction=STOP, front=0.38 m, best_angle=0.0 deg
[vrs_ntrip_client-3] [INFO] [1789878405.751931655] [ngii_vrs_ntrip_client]: [NTRIP 연결됨] RTCM 292프레임 발행, GGA 실측(37.28900,127.10687)
[direct_localization_node-6] [INFO] [1789878405.827967392] [direct_localization]: pose: x=-12.36 y=12.88 yaw=-120.0° v=2.43m/s [헤딩 정렬됨]
[cluster_plot_node-13] [INFO] [1789878406.553799382] [lidar_clustering]: ID=44, X=0.42 m, Y=-0.16 m, Width=0.01 m, Depth=0.01 m, Distance=0.45 m
[cluster_plot_node-13] [INFO] [1789878406.554031480] [lidar_clustering]: FollowGap: mode=CLEAR, direction=STRAIGHT, front=8.00 m, best_angle=0.0 deg
[cluster_plot_node-13] [INFO] [1789878406.554226280] [lidar_clustering]: points=21, clusters=1, tracks=1
[cluster_plot_node-13] [INFO] [1789878407.423876959] [lidar_clustering]: ID=48, X=7.13 m, Y=1.88 m, Width=1.28 m, Depth=0.68 m, Distance=7.37 m
[cluster_plot_node-13] [INFO] [1789878407.424116161] [lidar_clustering]: ID=49, X=6.38 m, Y=0.38 m, Width=0.20 m, Depth=0.01 m, Distance=6.39 m
[cluster_plot_node-13] [INFO] [1789878407.424310219] [lidar_clustering]: FollowGap: mode=CLEAR, direction=STRAIGHT, front=8.00 m, best_angle=0.0 deg
[serial_bridge-12] [WARN] [1789878407.954376767] [serial_bridge_node]: ⚠ 공급전압 강하: VMIN=2863mV — 배터리/전원 확인
[local_pure_pursuit_node-9] [WARN] [1789878408.228346309] [local_pure_pursuit]: odom 속도 3.0m/s — 비현실적이라 버린다 (직전 1.89 유지, 누적 86회). EKF twist 스파이크로 보이며 위치는 보통 멀쩡하다.
[cluster_plot_node-13] [INFO] [1789878408.299130853] [lidar_clustering]: ID=48, X=7.71 m, Y=1.29 m, Width=0.27 m, Depth=0.14 m, Distance=7.82 m
[cluster_plot_node-13] [INFO] [1789878408.299358413] [lidar_clustering]: ID=50, X=6.85 m, Y=0.66 m, Width=0.18 m, Depth=0.08 m, Distance=6.88 m
[cluster_plot_node-13] [INFO] [1789878408.299543304] [lidar_clustering]: FollowGap: mode=CLEAR, direction=STRAIGHT, front=8.00 m, best_angle=0.0 deg
[cluster_plot_node-13] [INFO] [1789878408.299730059] [lidar_clustering]: points=0, clusters=0, tracks=2
[cluster_plot_node-13] [WARN] [1789878408.818848019] [lidar_clustering]: LaserScan size changed. Tracker was reset.
[direct_localization_node-6] [INFO] [1789878408.827967541] [direct_localization]: pose: x=-11.59 y=6.19 yaw=-47.1° v=2.42m/s [헤딩 정렬됨]
[vrs_ntrip_client-3] [INFO] [1789878410.751954618] [ngii_vrs_ntrip_client]: [NTRIP 연결됨] RTCM 312프레임 발행, GGA 실측(37.28892,127.10692)
[cluster_plot_node-13] [INFO] [1789878410.910371126] [lidar_clustering]: No confirmed obstacles.
[cluster_plot_node-13] [INFO] [1789878410.910609246] [lidar_clustering]: FollowGap: mode=CLEAR, direction=STRAIGHT, front=8.00 m, best_angle=0.0 deg
[serial_bridge-12] [WARN] [1789878410.964795008] [serial_bridge_node]: ⚠ 공급전압 강하: VMIN=4183mV — 배터리/전원 확인
[cluster_plot_node-13] [INFO] [1789878411.786659399] [lidar_clustering]: No confirmed obstacles.
[cluster_plot_node-13] [INFO] [1789878411.786881609] [lidar_clustering]: FollowGap: mode=CLEAR, direction=STRAIGHT, front=8.00 m, best_angle=0.0 deg
[cluster_plot_node-13] [INFO] [1789878411.787059438] [lidar_clustering]: points=0, clusters=0, tracks=0
[direct_localization_node-6] [INFO] [1789878411.827885968] [direct_localization]: pose: x=-5.10 y=2.43 yaw=-30.2° v=2.66m/s [헤딩 정렬됨]
[vehicle_cmd_mux-11] [INFO] [1789878411.978110862] [vehicle_cmd_mux]: 모드: AVOID(라이다)
[vehicle_cmd_mux-11] [INFO] [1789878412.077912552] [vehicle_cmd_mux]: 모드: AUTO
[cluster_plot_node-13] [INFO] [1789878412.657385797] [lidar_clustering]: No confirmed obstacles.
[cluster_plot_node-13] [INFO] [1789878412.657674259] [lidar_clustering]: FollowGap: mode=CLEAR, direction=STRAIGHT, front=8.00 m, best_angle=0.0 deg
[cluster_plot_node-13] [INFO] [1789878413.534699597] [lidar_clustering]: ID=2, X=6.01 m, Y=4.11 m, Width=0.18 m, Depth=0.06 m, Distance=7.28 m
[cluster_plot_node-13] [INFO] [1789878413.534954287] [lidar_clustering]: ID=3, X=6.38 m, Y=0.89 m, Width=0.09 m, Depth=0.01 m, Distance=6.44 m
[cluster_plot_node-13] [INFO] [1789878413.535158294] [lidar_clustering]: ID=4, X=6.13 m, Y=2.71 m, Width=0.15 m, Depth=0.07 m, Distance=6.70 m
[cluster_plot_node-13] [INFO] [1789878413.535350519] [lidar_clustering]: ID=5, X=6.12 m, Y=4.29 m, Width=1.33 m, Depth=0.15 m, Distance=7.47 m
[cluster_plot_node-13] [INFO] [1789878413.535543575] [lidar_clustering]: FollowGap: mode=CLEAR, direction=STRAIGHT, front=8.00 m, best_angle=0.0 deg
[cluster_plot_node-13] [INFO] [1789878413.535737964] [lidar_clustering]: points=40, clusters=1, tracks=4
[serial_bridge-12] [WARN] [1789878413.975328563] [serial_bridge_node]: ⚠ 공급전압 강하: VMIN=2731mV — 배터리/전원 확인
[vehicle_cmd_mux-11] [INFO] [1789878413.977992563] [vehicle_cmd_mux]: 모드: AVOID(라이다)
[vehicle_cmd_mux-11] [INFO] [1789878414.077968590] [vehicle_cmd_mux]: 모드: AUTO
[cluster_plot_node-13] [INFO] [1789878414.411958902] [lidar_clustering]: ID=4, X=6.04 m, Y=2.49 m, Width=0.09 m, Depth=0.03 m, Distance=6.53 m
[cluster_plot_node-13] [INFO] [1789878414.412182876] [lidar_clustering]: ID=5, X=6.83 m, Y=3.07 m, Width=0.77 m, Depth=0.43 m, Distance=7.49 m
[cluster_plot_node-13] [INFO] [1789878414.412412099] [lidar_clustering]: ID=6, X=0.57 m, Y=4.25 m, Width=0.57 m, Depth=0.50 m, Distance=4.29 m
[cluster_plot_node-13] [INFO] [1789878414.412657052] [lidar_clustering]: FollowGap: mode=BLOCKED, direction=STOP, front=0.62 m, best_angle=0.0 deg
[direct_localization_node-6] [INFO] [1789878414.828002311] [direct_localization]: pose: x=1.54 y=0.87 yaw=28.2° v=1.91m/s [헤딩 정렬됨]
[cluster_plot_node-13] [INFO] [1789878415.282865682] [lidar_clustering]: ID=6, X=1.33 m, Y=3.32 m, Width=0.91 m, Depth=2.34 m, Distance=3.58 m
[cluster_plot_node-13] [INFO] [1789878415.283087141] [lidar_clustering]: FollowGap: mode=CLEAR, direction=STRAIGHT, front=8.00 m, best_angle=0.0 deg
[cluster_plot_node-13] [INFO] [1789878415.283269658] [lidar_clustering]: points=147, clusters=1, tracks=1
[serial_bridge-12] [INFO] [1789878415.324544080] [serial_bridge_node]: 거버너 — 측정 0.92+1.00(선행) > 명령 0.96 (+0.96) → PWM 87 → 제동 -60
[vrs_ntrip_client-3] [INFO] [1789878415.752059345] [ngii_vrs_ntrip_client]: [NTRIP 연결됨] RTCM 340프레임 발행, GGA 실측(37.28891,127.10704)
[cluster_plot_node-13] [INFO] [1789878416.148043257] [lidar_clustering]: ID=6, X=2.56 m, Y=2.84 m, Width=0.84 m, Depth=6.92 m, Distance=3.83 m
[cluster_plot_node-13] [INFO] [1789878416.148333303] [lidar_clustering]: FollowGap: mode=CLEAR, direction=STRAIGHT, front=8.00 m, best_angle=0.0 deg
[serial_bridge-12] [WARN] [1789878416.985910356] [serial_bridge_node]: ⚠ 공급전압 강하: VMIN=4004mV — 배터리/전원 확인
[cluster_plot_node-13] [INFO] [1789878417.012887431] [lidar_clustering]: ID=5, X=6.54 m, Y=2.75 m, Width=0.09 m, Depth=0.04 m, Distance=7.09 m
[cluster_plot_node-13] [INFO] [1789878417.013133175] [lidar_clustering]: ID=6, X=2.41 m, Y=2.58 m, Width=0.22 m, Depth=5.59 m, Distance=3.53 m
[cluster_plot_node-13] [INFO] [1789878417.013326482] [lidar_clustering]: FollowGap: mode=CLEAR, direction=STRAIGHT, front=8.00 m, best_angle=0.0 deg
[cluster_plot_node-13] [INFO] [1789878417.013512736] [lidar_clustering]: points=281, clusters=1, tracks=2
[direct_localization_node-6] [INFO] [1789878417.828093354] [direct_localization]: pose: x=4.21 y=5.32 yaw=65.9° v=1.77m/s [헤딩 정렬됨]
[cluster_plot_node-13] [INFO] [1789878417.876269274] [lidar_clustering]: ID=5, X=5.40 m, Y=2.47 m, Width=0.07 m, Depth=0.03 m, Distance=5.93 m
[cluster_plot_node-13] [INFO] [1789878417.876504018] [lidar_clustering]: ID=6, X=2.02 m, Y=2.48 m, Width=0.09 m, Depth=4.35 m, Distance=3.20 m
[cluster_plot_node-13] [INFO] [1789878417.876711952] [lidar_clustering]: FollowGap: mode=CLEAR, direction=STRAIGHT, front=8.00 m, best_angle=0.0 deg
[vehicle_cmd_mux-11] [INFO] [1789878418.327933718] [vehicle_cmd_mux]: 모드: AVOID(라이다)
[vehicle_cmd_mux-11] [INFO] [1789878418.428808034] [vehicle_cmd_mux]: 모드: AUTO
[cluster_plot_node-13] [INFO] [1789878418.741457589] [lidar_clustering]: ID=5, X=4.72 m, Y=2.53 m, Width=0.06 m, Depth=0.09 m, Distance=5.35 m
[cluster_plot_node-13] [INFO] [1789878418.741695649] [lidar_clustering]: ID=6, X=2.44 m, Y=2.55 m, Width=0.24 m, Depth=6.58 m, Distance=3.53 m
[cluster_plot_node-13] [INFO] [1789878418.741908372] [lidar_clustering]: FollowGap: mode=CLEAR, direction=STRAIGHT, front=8.00 m, best_angle=0.0 deg
[cluster_plot_node-13] [INFO] [1789878418.742105346] [lidar_clustering]: points=313, clusters=1, tracks=2
[cluster_plot_node-13] [INFO] [1789878419.600490341] [lidar_clustering]: ID=6, X=2.18 m, Y=2.99 m, Width=0.65 m, Depth=4.90 m, Distance=3.70 m
[cluster_plot_node-13] [INFO] [1789878419.600738289] [lidar_clustering]: FollowGap: mode=CLEAR, direction=STRAIGHT, front=8.00 m, best_angle=0.0 deg
[cluster_plot_node-13] [INFO] [1789878420.471483921] [lidar_clustering]: ID=6, X=1.41 m, Y=3.93 m, Width=0.77 m, Depth=2.44 m, Distance=4.18 m
[cluster_plot_node-13] [INFO] [1789878420.471711862] [lidar_clustering]: ID=8, X=3.81 m, Y=4.38 m, Width=0.11 m, Depth=0.11 m, Distance=5.80 m
[cluster_plot_node-13] [INFO] [1789878420.471898857] [lidar_clustering]: FollowGap: mode=CLEAR, direction=STRAIGHT, front=8.00 m, best_angle=0.0 deg
[cluster_plot_node-13] [INFO] [1789878420.472082376] [lidar_clustering]: points=135, clusters=1, tracks=2
[vrs_ntrip_client-3] [INFO] [1789878420.752066139] [ngii_vrs_ntrip_client]: [NTRIP 연결됨] RTCM 360프레임 발행, GGA 실측(37.28898,127.10708)
[direct_localization_node-6] [INFO] [1789878420.828231330] [direct_localization]: pose: x=7.47 y=10.72 yaw=39.6° v=2.46m/s [헤딩 정렬됨]
[cluster_plot_node-13] [INFO] [1789878421.335208289] [lidar_clustering]: ID=6, X=0.58 m, Y=5.30 m, Width=0.17 m, Depth=0.55 m, Distance=5.33 m
[cluster_plot_node-13] [INFO] [1789878421.335444776] [lidar_clustering]: FollowGap: mode=CLEAR, direction=STRAIGHT, front=8.00 m, best_angle=0.0 deg
[cluster_plot_node-13] [WARN] [1789878421.772744900] [lidar_clustering]: LaserScan size changed. Tracker was reset.
[direct_localization_node-6] [INFO] [1789878423.828210569] [direct_localization]: pose: x=13.28 y=10.77 yaw=-30.5° v=2.26m/s [헤딩 정렬됨]
[serial_bridge-12] [WARN] [1789878424.104035722] [serial_bridge_node]: ⚠ 공급전압 강하: VMIN=4295mV — 배터리/전원 확인
[vrs_ntrip_client-3] [INFO] [1789878425.751932227] [ngii_vrs_ntrip_client]: [NTRIP 연결됨] RTCM 388프레임 발행, GGA 실측(37.28897,127.10720)
[cluster_plot_node-13] [WARN] [1789878426.813627793] [lidar_clustering]: LaserScan size changed. Tracker was reset.
[direct_localization_node-6] [INFO] [1789878426.828220619] [direct_localization]: pose: x=19.54 y=7.83 yaw=-21.7° v=2.46m/s [헤딩 정렬됨]
[cluster_plot_node-13] [INFO] [1789878427.419923358] [lidar_clustering]: No confirmed obstacles.
[cluster_plot_node-13] [INFO] [1789878427.420262865] [lidar_clustering]: FollowGap: mode=CLEAR, direction=STRAIGHT, front=8.00 m, best_angle=0.0 deg
[cluster_plot_node-13] [INFO] [1789878427.420495786] [lidar_clustering]: points=0, clusters=0, tracks=0
[cluster_plot_node-13] [INFO] [1789878428.289637401] [lidar_clustering]: No confirmed obstacles.
[cluster_plot_node-13] [INFO] [1789878428.289895608] [lidar_clustering]: FollowGap: mode=BLOCKED, direction=STOP, front=0.45 m, best_angle=0.0 deg
[vehicle_cmd_mux-11] [INFO] [1789878428.828173206] [vehicle_cmd_mux]: 모드: AVOID(라이다)
[vehicle_cmd_mux-11] [INFO] [1789878428.927990200] [vehicle_cmd_mux]: 모드: AUTO
[cluster_plot_node-13] [INFO] [1789878429.153036293] [lidar_clustering]: No confirmed obstacles.
[cluster_plot_node-13] [INFO] [1789878429.153255368] [lidar_clustering]: FollowGap: mode=CLEAR, direction=STRAIGHT, front=8.00 m, best_angle=0.0 deg
[cluster_plot_node-13] [INFO] [1789878429.153436903] [lidar_clustering]: points=0, clusters=0, tracks=0
[vehicle_cmd_mux-11] [INFO] [1789878429.628014734] [vehicle_cmd_mux]: 모드: AVOID(라이다)
[vehicle_cmd_mux-11] [INFO] [1789878429.677966487] [vehicle_cmd_mux]: 모드: AUTO
[direct_localization_node-6] [INFO] [1789878429.827902165] [direct_localization]: pose: x=24.43 y=3.10 yaw=-77.3° v=2.40m/s [헤딩 정렬됨]
[vehicle_cmd_mux-11] [INFO] [1789878429.877916623] [vehicle_cmd_mux]: 모드: AVOID(라이다)
[vehicle_cmd_mux-11] [INFO] [1789878429.977897412] [vehicle_cmd_mux]: 모드: AUTO
[cluster_plot_node-13] [INFO] [1789878430.011697119] [lidar_clustering]: No confirmed obstacles.
[cluster_plot_node-13] [INFO] [1789878430.011947241] [lidar_clustering]: FollowGap: mode=CLEAR, direction=STRAIGHT, front=8.00 m, best_angle=0.0 deg
[vrs_ntrip_client-3] [INFO] [1789878430.752019951] [ngii_vrs_ntrip_client]: [NTRIP 연결됨] RTCM 408프레임 발행, GGA 실측(37.28890,127.10728)
[cluster_plot_node-13] [INFO] [1789878430.883232064] [lidar_clustering]: No confirmed obstacles.
[cluster_plot_node-13] [INFO] [1789878430.883488819] [lidar_clustering]: FollowGap: mode=BLOCKED, direction=STOP, front=0.84 m, best_angle=0.0 deg
[cluster_plot_node-13] [INFO] [1789878430.883701672] [lidar_clustering]: points=7, clusters=1, tracks=0
[cluster_plot_node-13] [INFO] [1789878431.726784234] [lidar_clustering]: No confirmed obstacles.
[cluster_plot_node-13] [INFO] [1789878431.727002046] [lidar_clustering]: FollowGap: mode=CLEAR, direction=STRAIGHT, front=8.00 m, best_angle=0.0 deg
[serial_bridge-12] [WARN] [1789878432.078788318] [serial_bridge_node]: ⚠ 공급전압 강하: VMIN=4295mV — 배터리/전원 확인
[cluster_plot_node-13] [INFO] [1789878432.589869221] [lidar_clustering]: ID=1, X=4.03 m, Y=-2.83 m, Width=0.49 m, Depth=0.25 m, Distance=4.93 m
[cluster_plot_node-13] [INFO] [1789878432.590093666] [lidar_clustering]: ID=2, X=6.14 m, Y=-2.30 m, Width=0.14 m, Depth=0.33 m, Distance=6.56 m
[cluster_plot_node-13] [INFO] [1789878432.590298584] [lidar_clustering]: ID=3, X=3.75 m, Y=-3.42 m, Width=0.69 m, Depth=0.43 m, Distance=5.07 m
[cluster_plot_node-13] [INFO] [1789878432.590496850] [lidar_clustering]: ID=4, X=4.21 m, Y=-3.84 m, Width=0.35 m, Depth=0.31 m, Distance=5.70 m
[cluster_plot_node-13] [INFO] [1789878432.590702580] [lidar_clustering]: ID=5, X=7.51 m, Y=-2.45 m, Width=0.08 m, Depth=0.03 m, Distance=7.90 m
[cluster_plot_node-13] [INFO] [1789878432.590894184] [lidar_clustering]: ID=6, X=4.37 m, Y=6.08 m, Width=0.07 m, Depth=0.17 m, Distance=7.49 m
[cluster_plot_node-13] [INFO] [1789878432.591090437] [lidar_clustering]: ID=7, X=5.03 m, Y=-2.40 m, Width=0.68 m, Depth=0.78 m, Distance=5.57 m
[cluster_plot_node-13] [INFO] [1789878432.591280368] [lidar_clustering]: ID=8, X=3.01 m, Y=5.49 m, Width=0.04 m, Depth=0.07 m, Distance=6.26 m
[cluster_plot_node-13] [INFO] [1789878432.591471571] [lidar_clustering]: FollowGap: mode=BLOCKED, direction=STOP, front=0.31 m, best_angle=0.0 deg
[cluster_plot_node-13] [INFO] [1789878432.591675067] [lidar_clustering]: points=143, clusters=6, tracks=8
[direct_localization_node-6] [INFO] [1789878432.828217463] [direct_localization]: pose: x=22.38 y=-3.05 yaw=-118.7° v=2.39m/s [헤딩 정렬됨]
[cluster_plot_node-13] [INFO] [1789878433.452785892] [lidar_clustering]: ID=1, X=2.86 m, Y=-2.73 m, Width=0.59 m, Depth=0.95 m, Distance=3.95 m
[cluster_plot_node-13] [INFO] [1789878433.453007512] [lidar_clustering]: ID=2, X=4.16 m, Y=-2.88 m, Width=0.35 m, Depth=0.21 m, Distance=5.06 m
[cluster_plot_node-13] [INFO] [1789878433.453188656] [lidar_clustering]: ID=3, X=2.03 m, Y=-2.96 m, Width=0.72 m, Depth=0.44 m, Distance=3.59 m
[cluster_plot_node-13] [INFO] [1789878433.453378988] [lidar_clustering]: ID=5, X=5.30 m, Y=-2.83 m, Width=0.23 m, Depth=0.09 m, Distance=6.01 m
[cluster_plot_node-13] [INFO] [1789878433.453560624] [lidar_clustering]: ID=6, X=2.58 m, Y=6.94 m, Width=1.26 m, Depth=3.68 m, Distance=7.40 m
[cluster_plot_node-13] [INFO] [1789878433.453750504] [lidar_clustering]: ID=7, X=3.53 m, Y=-2.77 m, Width=0.07 m, Depth=0.16 m, Distance=4.49 m
[cluster_plot_node-13] [INFO] [1789878433.453934344] [lidar_clustering]: FollowGap: mode=CLEAR, direction=STRAIGHT, front=8.00 m, best_angle=0.0 deg
[cluster_plot_node-13] [INFO] [1789878434.321330957] [lidar_clustering]: ID=6, X=2.04 m, Y=6.29 m, Width=0.87 m, Depth=3.63 m, Distance=6.62 m
[cluster_plot_node-13] [INFO] [1789878434.321555001] [lidar_clustering]: ID=9, X=0.35 m, Y=0.05 m, Width=0.01 m, Depth=0.00 m, Distance=0.35 m
[cluster_plot_node-13] [INFO] [1789878434.321748498] [lidar_clustering]: FollowGap: mode=CLEAR, direction=STRAIGHT, front=8.00 m, best_angle=0.0 deg
[cluster_plot_node-13] [INFO] [1789878434.321934752] [lidar_clustering]: points=152, clusters=1, tracks=2
[serial_bridge-12] [WARN] [1789878435.089190764] [serial_bridge_node]: ⚠ 공급전압 강하: VMIN=4121mV — 배터리/전원 확인
[cluster_plot_node-13] [INFO] [1789878435.190723012] [lidar_clustering]: ID=6, X=1.39 m, Y=5.84 m, Width=0.22 m, Depth=2.11 m, Distance=6.01 m
[cluster_plot_node-13] [INFO] [1789878435.190954359] [lidar_clustering]: ID=8, X=2.83 m, Y=5.95 m, Width=0.04 m, Depth=0.08 m, Distance=6.59 m
[cluster_plot_node-13] [INFO] [1789878435.191142958] [lidar_clustering]: ID=10, X=5.30 m, Y=4.88 m, Width=0.07 m, Depth=0.06 m, Distance=7.20 m
[cluster_plot_node-13] [INFO] [1789878435.191344851] [lidar_clustering]: FollowGap: mode=CLEAR, direction=STRAIGHT, front=8.00 m, best_angle=0.0 deg
[local_pure_pursuit_node-9] [WARN] [1789878435.228160763] [local_pure_pursuit]: odom 속도 3.1m/s — 비현실적이라 버린다 (직전 2.21 유지, 누적 89회). EKF twist 스파이크로 보이며 위치는 보통 멀쩡하다.
[vrs_ntrip_client-3] [INFO] [1789878435.751951399] [ngii_vrs_ntrip_client]: [NTRIP 연결됨] RTCM 436프레임 발행, GGA 실측(37.28880,127.10723)
[direct_localization_node-6] [INFO] [1789878435.827971336] [direct_localization]: pose: x=19.73 y=-10.24 yaw=-107.2° v=2.63m/s [헤딩 정렬됨]
[cluster_plot_node-13] [INFO] [1789878436.063233303] [lidar_clustering]: ID=6, X=1.05 m, Y=6.21 m, Width=0.15 m, Depth=0.36 m, Distance=6.30 m
[cluster_plot_node-13] [INFO] [1789878436.063509613] [lidar_clustering]: ID=8, X=2.65 m, Y=5.68 m, Width=0.04 m, Depth=0.08 m, Distance=6.27 m
[cluster_plot_node-13] [INFO] [1789878436.063729770] [lidar_clustering]: ID=10, X=4.29 m, Y=5.27 m, Width=0.06 m, Depth=0.08 m, Distance=6.79 m
[cluster_plot_node-13] [INFO] [1789878436.063943154] [lidar_clustering]: FollowGap: mode=CLEAR, direction=STRAIGHT, front=8.00 m, best_angle=0.0 deg
[cluster_plot_node-13] [INFO] [1789878436.064151820] [lidar_clustering]: points=5, clusters=1, tracks=3
[cluster_plot_node-13] [INFO] [1789878436.936502804] [lidar_clustering]: No confirmed obstacles.
[cluster_plot_node-13] [INFO] [1789878436.936761722] [lidar_clustering]: FollowGap: mode=CLEAR, direction=STRAIGHT, front=8.00 m, best_angle=0.0 deg
[cluster_plot_node-13] [INFO] [1789878437.801577762] [lidar_clustering]: No confirmed obstacles.
[cluster_plot_node-13] [INFO] [1789878437.801875302] [lidar_clustering]: FollowGap: mode=CLEAR, direction=STRAIGHT, front=8.00 m, best_angle=0.0 deg
[cluster_plot_node-13] [INFO] [1789878437.802154668] [lidar_clustering]: points=0, clusters=0, tracks=0
[serial_bridge-12] [WARN] [1789878438.247228478] [serial_bridge_node]: ⚠ 공급전압 강하: VMIN=4295mV — 배터리/전원 확인
[cluster_plot_node-13] [INFO] [1789878438.672279071] [lidar_clustering]: ID=11, X=6.45 m, Y=-4.13 m, Width=2.45 m, Depth=1.53 m, Distance=7.65 m
[cluster_plot_node-13] [INFO] [1789878438.672559820] [lidar_clustering]: FollowGap: mode=CLEAR, direction=STRAIGHT, front=8.00 m, best_angle=0.0 deg
[direct_localization_node-6] [INFO] [1789878438.828029560] [direct_localization]: pose: x=16.36 y=-17.40 yaw=-120.6° v=2.95m/s [헤딩 정렬됨]
[local_pure_pursuit_node-9] [WARN] [1789878438.935150539] [local_pure_pursuit]: 정지: lookahead가 차량 뒤/너무 가까움 (헤딩 이상 가능)
[cluster_plot_node-13] [INFO] [1789878439.537441202] [lidar_clustering]: ID=11, X=7.11 m, Y=-2.38 m, Width=0.28 m, Depth=0.25 m, Distance=7.50 m
[cluster_plot_node-13] [INFO] [1789878439.537673321] [lidar_clustering]: ID=12, X=7.44 m, Y=-1.83 m, Width=0.57 m, Depth=0.85 m, Distance=7.66 m
[cluster_plot_node-13] [INFO] [1789878439.537860767] [lidar_clustering]: ID=13, X=5.69 m, Y=-3.67 m, Width=0.37 m, Depth=0.34 m, Distance=6.77 m
[cluster_plot_node-13] [INFO] [1789878439.538041140] [lidar_clustering]: ID=14, X=6.54 m, Y=-2.77 m, Width=0.82 m, Depth=0.49 m, Distance=7.10 m
[cluster_plot_node-13] [INFO] [1789878439.538231542] [lidar_clustering]: FollowGap: mode=CLEAR, direction=STRAIGHT, front=8.00 m, best_angle=0.0 deg
[cluster_plot_node-13] [INFO] [1789878439.538413669] [lidar_clustering]: points=113, clusters=7, tracks=4
[local_pure_pursuit_node-9] [WARN] [1789878440.228573172] [local_pure_pursuit]: odom 속도 3.0m/s — 비현실적이라 버린다 (직전 1.81 유지, 누적 99회). EKF twist 스파이크로 보이며 위치는 보통 멀쩡하다.
[cluster_plot_node-13] [INFO] [1789878440.413601847] [lidar_clustering]: ID=11, X=5.03 m, Y=-2.90 m, Width=0.26 m, Depth=0.15 m, Distance=5.81 m
[cluster_plot_node-13] [INFO] [1789878440.413845528] [lidar_clustering]: ID=12, X=6.83 m, Y=-1.71 m, Width=0.09 m, Depth=0.02 m, Distance=7.05 m
[cluster_plot_node-13] [INFO] [1789878440.414035138] [lidar_clustering]: ID=14, X=4.88 m, Y=-2.35 m, Width=0.46 m, Depth=0.51 m, Distance=5.42 m
[cluster_plot_node-13] [INFO] [1789878440.414217926] [lidar_clustering]: ID=15, X=4.49 m, Y=-2.61 m, Width=0.65 m, Depth=0.67 m, Distance=5.20 m
[cluster_plot_node-13] [INFO] [1789878440.414400743] [lidar_clustering]: ID=16, X=5.37 m, Y=-1.95 m, Width=0.70 m, Depth=0.25 m, Distance=5.72 m
[cluster_plot_node-13] [INFO] [1789878440.414581538] [lidar_clustering]: ID=17, X=5.20 m, Y=-3.70 m, Width=0.07 m, Depth=0.05 m, Distance=6.39 m
[cluster_plot_node-13] [INFO] [1789878440.414769585] [lidar_clustering]: ID=18, X=2.73 m, Y=7.32 m, Width=0.95 m, Depth=2.50 m, Distance=7.81 m
[cluster_plot_node-13] [INFO] [1789878440.414952102] [lidar_clustering]: ID=19, X=4.37 m, Y=-3.76 m, Width=0.06 m, Depth=0.05 m, Distance=5.76 m
[cluster_plot_node-13] [INFO] [1789878440.415132756] [lidar_clustering]: ID=20, X=4.18 m, Y=-3.32 m, Width=0.23 m, Depth=0.11 m, Distance=5.34 m
[cluster_plot_node-13] [INFO] [1789878440.415317948] [lidar_clustering]: FollowGap: mode=CLEAR, direction=STRAIGHT, front=8.00 m, best_angle=0.0 deg
[vrs_ntrip_client-3] [INFO] [1789878440.751948665] [ngii_vrs_ntrip_client]: [NTRIP 연결됨] RTCM 456프레임 발행, GGA 실측(37.28869,127.10717)
[serial_bridge-12] [WARN] [1789878441.257437549] [serial_bridge_node]: ⚠ 공급전압 강하: VMIN=3653mV — 배터리/전원 확인
[cluster_plot_node-13] [INFO] [1789878441.283545833] [lidar_clustering]: ID=15, X=4.49 m, Y=-2.46 m, Width=0.06 m, Depth=0.03 m, Distance=5.11 m
[cluster_plot_node-13] [INFO] [1789878441.283770829] [lidar_clustering]: ID=18, X=3.17 m, Y=6.06 m, Width=2.23 m, Depth=5.20 m, Distance=6.84 m
[cluster_plot_node-13] [INFO] [1789878441.283953807] [lidar_clustering]: ID=20, X=3.60 m, Y=-2.82 m, Width=0.07 m, Depth=0.12 m, Distance=4.57 m
[cluster_plot_node-13] [INFO] [1789878441.284199832] [lidar_clustering]: ID=21, X=0.61 m, Y=0.03 m, Width=0.01 m, Depth=0.00 m, Distance=0.61 m
[cluster_plot_node-13] [INFO] [1789878441.284462056] [lidar_clustering]: FollowGap: mode=CLEAR, direction=STRAIGHT, front=8.00 m, best_angle=0.0 deg
[cluster_plot_node-13] [INFO] [1789878441.284662647] [lidar_clustering]: points=215, clusters=1, tracks=4
[direct_localization_node-6] [INFO] [1789878441.828195993] [direct_localization]: pose: x=13.39 y=-24.50 yaw=-102.3° v=2.33m/s [헤딩 정렬됨]
[serial_bridge-12] [INFO] [1789878442.074321420] [serial_bridge_node]: 거버너 — 측정 0.96+0.94(선행) > 명령 1.53 (+0.37) → PWM 112 → 60
[cluster_plot_node-13] [INFO] [1789878442.161154656] [lidar_clustering]: ID=18, X=3.11 m, Y=5.25 m, Width=1.50 m, Depth=6.15 m, Distance=6.10 m
[cluster_plot_node-13] [INFO] [1789878442.161388167] [lidar_clustering]: ID=22, X=2.06 m, Y=5.67 m, Width=1.61 m, Depth=3.71 m, Distance=6.03 m
[cluster_plot_node-13] [INFO] [1789878442.161576776] [lidar_clustering]: ID=23, X=0.38 m, Y=6.70 m, Width=0.00 m, Depth=0.09 m, Distance=6.71 m
[cluster_plot_node-13] [INFO] [1789878442.161816829] [lidar_clustering]: FollowGap: mode=CLEAR, direction=STRAIGHT, front=8.00 m, best_angle=0.0 deg
[vehicle_cmd_mux-11] [INFO] [1789878442.428000187] [vehicle_cmd_mux]: 모드: AVOID(라이다)
[vehicle_cmd_mux-11] [INFO] [1789878442.528060030] [vehicle_cmd_mux]: 모드: AUTO
[cluster_plot_node-13] [INFO] [1789878443.023519460] [lidar_clustering]: ID=18, X=3.71 m, Y=5.09 m, Width=0.48 m, Depth=4.34 m, Distance=6.30 m
[cluster_plot_node-13] [INFO] [1789878443.023755306] [lidar_clustering]: ID=22, X=2.55 m, Y=5.35 m, Width=0.93 m, Depth=5.38 m, Distance=5.93 m
[cluster_plot_node-13] [INFO] [1789878443.023940438] [lidar_clustering]: ID=23, X=0.69 m, Y=6.39 m, Width=0.01 m, Depth=0.09 m, Distance=6.43 m
[cluster_plot_node-13] [INFO] [1789878443.024118136] [lidar_clustering]: ID=24, X=0.85 m, Y=5.43 m, Width=0.32 m, Depth=1.43 m, Distance=5.49 m
[cluster_plot_node-13] [INFO] [1789878443.024297067] [lidar_clustering]: FollowGap: mode=CLEAR, direction=STRAIGHT, front=8.00 m, best_angle=0.0 deg
[cluster_plot_node-13] [INFO] [1789878443.024491355] [lidar_clustering]: points=238, clusters=2, tracks=4
[cluster_plot_node-13] [INFO] [1789878443.888237239] [lidar_clustering]: ID=18, X=3.58 m, Y=5.51 m, Width=0.13 m, Depth=3.85 m, Distance=6.57 m
[cluster_plot_node-13] [INFO] [1789878443.888534508] [lidar_clustering]: ID=22, X=3.01 m, Y=5.57 m, Width=0.23 m, Depth=4.58 m, Distance=6.33 m
[cluster_plot_node-13] [INFO] [1789878443.888927183] [lidar_clustering]: ID=23, X=1.14 m, Y=5.47 m, Width=0.07 m, Depth=0.96 m, Distance=5.59 m
[cluster_plot_node-13] [INFO] [1789878443.889193946] [lidar_clustering]: ID=24, X=0.39 m, Y=5.60 m, Width=0.00 m, Depth=0.06 m, Distance=5.62 m
[cluster_plot_node-13] [INFO] [1789878443.889429031] [lidar_clustering]: FollowGap: mode=CLEAR, direction=STRAIGHT, front=8.00 m, best_angle=0.0 deg
[serial_bridge-12] [WARN] [1789878444.673305496] [serial_bridge_node]: ⚠ 공급전압 강하: VMIN=4295mV — 배터리/전원 확인
[cluster_plot_node-13] [INFO] [1789878444.753337520] [lidar_clustering]: ID=22, X=2.60 m, Y=6.27 m, Width=0.51 m, Depth=3.24 m, Distance=6.79 m
[cluster_plot_node-13] [INFO] [1789878444.753560382] [lidar_clustering]: ID=24, X=0.59 m, Y=6.00 m, Width=0.30 m, Depth=0.61 m, Distance=6.03 m
[cluster_plot_node-13] [INFO] [1789878444.753753178] [lidar_clustering]: FollowGap: mode=CLEAR, direction=STRAIGHT, front=8.00 m, best_angle=0.0 deg
[cluster_plot_node-13] [INFO] [1789878444.753934393] [lidar_clustering]: points=145, clusters=2, tracks=2
[direct_localization_node-6] [INFO] [1789878444.827907562] [direct_localization]: pose: x=11.23 y=-30.09 yaw=-121.7° v=2.02m/s [헤딩 정렬됨]
[cluster_plot_node-13] [INFO] [1789878445.612711717] [lidar_clustering]: ID=22, X=2.23 m, Y=6.34 m, Width=0.48 m, Depth=4.20 m, Distance=6.73 m
[cluster_plot_node-13] [INFO] [1789878445.612964985] [lidar_clustering]: ID=24, X=0.44 m, Y=6.15 m, Width=0.03 m, Depth=0.26 m, Distance=6.17 m
[cluster_plot_node-13] [INFO] [1789878445.613167599] [lidar_clustering]: ID=25, X=2.72 m, Y=-3.68 m, Width=0.12 m, Depth=0.15 m, Distance=4.57 m
[cluster_plot_node-13] [INFO] [1789878445.613354374] [lidar_clustering]: ID=26, X=6.91 m, Y=-3.63 m, Width=0.10 m, Depth=0.10 m, Distance=7.81 m
[cluster_plot_node-13] [INFO] [1789878445.613533255] [lidar_clustering]: ID=27, X=7.20 m, Y=-2.26 m, Width=0.10 m, Depth=0.03 m, Distance=7.55 m
[cluster_plot_node-13] [INFO] [1789878445.613723436] [lidar_clustering]: FollowGap: mode=CLEAR, direction=STRAIGHT, front=8.00 m, best_angle=0.0 deg
[vrs_ntrip_client-3] [INFO] [1789878445.751936015] [ngii_vrs_ntrip_client]: [NTRIP 연결됨] RTCM 484프레임 발행, GGA 실측(37.28860,127.10713)
[cluster_plot_node-13] [INFO] [1789878446.477831093] [lidar_clustering]: ID=22, X=2.59 m, Y=6.04 m, Width=0.17 m, Depth=4.92 m, Distance=6.57 m
[cluster_plot_node-13] [INFO] [1789878446.478093518] [lidar_clustering]: ID=27, X=4.84 m, Y=-2.89 m, Width=0.07 m, Depth=0.04 m, Distance=5.64 m
[cluster_plot_node-13] [INFO] [1789878446.478337930] [lidar_clustering]: FollowGap: mode=CLEAR, direction=STRAIGHT, front=8.00 m, best_angle=0.0 deg
[cluster_plot_node-13] [INFO] [1789878446.478592109] [lidar_clustering]: points=196, clusters=2, tracks=2
[cluster_plot_node-13] [INFO] [1789878447.349113031] [lidar_clustering]: ID=22, X=3.16 m, Y=5.50 m, Width=0.49 m, Depth=4.98 m, Distance=6.34 m
[cluster_plot_node-13] [INFO] [1789878447.349332927] [lidar_clustering]: ID=24, X=0.51 m, Y=5.87 m, Width=0.17 m, Depth=0.52 m, Distance=5.89 m
[cluster_plot_node-13] [INFO] [1789878447.349516256] [lidar_clustering]: ID=25, X=3.03 m, Y=-3.40 m, Width=0.09 m, Depth=0.09 m, Distance=4.56 m
[cluster_plot_node-13] [INFO] [1789878447.349706057] [lidar_clustering]: FollowGap: mode=CLEAR, direction=STRAIGHT, front=8.00 m, best_angle=0.0 deg
[serial_bridge-12] [WARN] [1789878447.683676948] [serial_bridge_node]: ⚠ 공급전압 강하: VMIN=4198mV — 배터리/전원 확인
[direct_localization_node-6] [INFO] [1789878447.827893576] [direct_localization]: pose: x=8.42 y=-36.51 yaw=-106.1° v=2.32m/s [헤딩 정렬됨]
[cluster_plot_node-13] [INFO] [1789878448.137938995] [lidar_clustering]: ID=22, X=3.17 m, Y=5.23 m, Width=0.44 m, Depth=5.05 m, Distance=6.11 m
[cluster_plot_node-13] [INFO] [1789878448.138252183] [lidar_clustering]: ID=24, X=0.50 m, Y=5.57 m, Width=0.12 m, Depth=0.43 m, Distance=5.59 m
[cluster_plot_node-13] [INFO] [1789878448.138544453] [lidar_clustering]: FollowGap: mode=CLEAR, direction=STRAIGHT, front=8.00 m, best_angle=0.0 deg
[cluster_plot_node-13] [INFO] [1789878448.138843857] [lidar_clustering]: points=219, clusters=2, tracks=2
[cluster_plot_node-13] [INFO] [1789878449.002874846] [lidar_clustering]: ID=22, X=2.17 m, Y=5.58 m, Width=0.37 m, Depth=3.00 m, Distance=5.99 m
[cluster_plot_node-13] [INFO] [1789878449.003107946] [lidar_clustering]: ID=24, X=0.44 m, Y=5.59 m, Width=0.01 m, Depth=0.18 m, Distance=5.61 m
[cluster_plot_node-13] [INFO] [1789878449.003301614] [lidar_clustering]: FollowGap: mode=CLEAR, direction=STRAIGHT, front=8.00 m, best_angle=0.0 deg
[cluster_plot_node-13] [INFO] [1789878449.867325829] [lidar_clustering]: ID=24, X=1.49 m, Y=6.31 m, Width=0.02 m, Depth=0.09 m, Distance=6.49 m
[cluster_plot_node-13] [INFO] [1789878449.867551405] [lidar_clustering]: ID=29, X=0.70 m, Y=5.84 m, Width=0.01 m, Depth=0.08 m, Distance=5.89 m
[cluster_plot_node-13] [INFO] [1789878449.867754721] [lidar_clustering]: FollowGap: mode=CLEAR, direction=STRAIGHT, front=8.00 m, best_angle=0.0 deg
[cluster_plot_node-13] [INFO] [1789878449.867946746] [lidar_clustering]: points=0, clusters=0, tracks=2
[cluster_plot_node-13] [INFO] [1789878450.731838761] [lidar_clustering]: No confirmed obstacles.
[cluster_plot_node-13] [INFO] [1789878450.732068906] [lidar_clustering]: FollowGap: mode=CLEAR, direction=STRAIGHT, front=8.00 m, best_angle=0.0 deg
[vrs_ntrip_client-3] [INFO] [1789878450.751970939] [ngii_vrs_ntrip_client]: [NTRIP 연결됨] RTCM 504프레임 발행, GGA 실측(37.28850,127.10707)
[direct_localization_node-6] [INFO] [1789878450.828096996] [direct_localization]: pose: x=4.68 y=-43.03 yaw=-144.1° v=2.24m/s [헤딩 정렬됨]
[cluster_plot_node-13] [INFO] [1789878451.596602021] [lidar_clustering]: No confirmed obstacles.
[cluster_plot_node-13] [INFO] [1789878451.596835232] [lidar_clustering]: FollowGap: mode=CLEAR, direction=STRAIGHT, front=8.00 m, best_angle=0.0 deg
[cluster_plot_node-13] [INFO] [1789878451.597025253] [lidar_clustering]: points=0, clusters=0, tracks=0
[cluster_plot_node-13] [INFO] [1789878452.461390462] [lidar_clustering]: ID=30, X=2.42 m, Y=6.57 m, Width=0.45 m, Depth=0.61 m, Distance=7.00 m
[cluster_plot_node-13] [INFO] [1789878452.461629684] [lidar_clustering]: ID=31, X=2.77 m, Y=7.12 m, Width=0.37 m, Depth=0.20 m, Distance=7.64 m
[cluster_plot_node-13] [INFO] [1789878452.461835615] [lidar_clustering]: FollowGap: mode=CLEAR, direction=STRAIGHT, front=8.00 m, best_angle=0.0 deg
[cluster_plot_node-13] [INFO] [1789878453.319583191] [lidar_clustering]: ID=30, X=1.93 m, Y=6.92 m, Width=1.18 m, Depth=3.44 m, Distance=7.18 m
[cluster_plot_node-13] [INFO] [1789878453.319822934] [lidar_clustering]: ID=31, X=1.74 m, Y=7.49 m, Width=0.26 m, Depth=1.39 m, Distance=7.69 m
[cluster_plot_node-13] [INFO] [1789878453.320013677] [lidar_clustering]: FollowGap: mode=CLEAR, direction=STRAIGHT, front=8.00 m, best_angle=0.0 deg
[cluster_plot_node-13] [INFO] [1789878453.320206202] [lidar_clustering]: points=132, clusters=1, tracks=2
[direct_localization_node-6] [INFO] [1789878453.827960212] [direct_localization]: pose: x=-1.21 y=-43.47 yaw=153.6° v=2.03m/s [헤딩 정렬됨]
[cluster_plot_node-13] [INFO] [1789878454.178087701] [lidar_clustering]: ID=30, X=2.36 m, Y=6.73 m, Width=0.03 m, Depth=0.09 m, Distance=7.14 m
[cluster_plot_node-13] [INFO] [1789878454.178340748] [lidar_clustering]: ID=31, X=1.08 m, Y=7.60 m, Width=0.73 m, Depth=1.77 m, Distance=7.67 m
[cluster_plot_node-13] [INFO] [1789878454.178537702] [lidar_clustering]: ID=32, X=5.78 m, Y=4.93 m, Width=0.56 m, Depth=1.57 m, Distance=7.60 m
[cluster_plot_node-13] [INFO] [1789878454.178727243] [lidar_clustering]: ID=33, X=2.80 m, Y=4.96 m, Width=0.04 m, Depth=0.12 m, Distance=5.70 m
[cluster_plot_node-13] [INFO] [1789878454.178916122] [lidar_clustering]: ID=34, X=1.25 m, Y=5.40 m, Width=1.11 m, Depth=1.86 m, Distance=5.55 m
[cluster_plot_node-13] [INFO] [1789878454.179102436] [lidar_clustering]: FollowGap: mode=CLEAR, direction=STRAIGHT, front=8.00 m, best_angle=0.0 deg
[cluster_plot_node-13] [INFO] [1789878455.039990184] [lidar_clustering]: ID=35, X=0.38 m, Y=5.20 m, Width=0.00 m, Depth=0.05 m, Distance=5.22 m
[cluster_plot_node-13] [INFO] [1789878455.040296620] [lidar_clustering]: FollowGap: mode=CLEAR, direction=STRAIGHT, front=8.00 m, best_angle=0.0 deg
[cluster_plot_node-13] [INFO] [1789878455.040589712] [lidar_clustering]: points=0, clusters=0, tracks=1
[vrs_ntrip_client-3] [INFO] [1789878455.751936347] [ngii_vrs_ntrip_client]: [NTRIP 연결됨] RTCM 532프레임 발행, GGA 실측(37.28852,127.10697)
[cluster_plot_node-13] [INFO] [1789878455.904775801] [lidar_clustering]: No confirmed obstacles.
[cluster_plot_node-13] [INFO] [1789878455.905016876] [lidar_clustering]: FollowGap: mode=CLEAR, direction=STRAIGHT, front=8.00 m, best_angle=0.0 deg
[cluster_plot_node-13] [INFO] [1789878456.763595740] [lidar_clustering]: ID=38, X=5.55 m, Y=4.88 m, Width=0.08 m, Depth=0.07 m, Distance=7.39 m
[cluster_plot_node-13] [INFO] [1789878456.763915541] [lidar_clustering]: ID=39, X=5.92 m, Y=1.34 m, Width=0.69 m, Depth=1.07 m, Distance=6.07 m
[cluster_plot_node-13] [INFO] [1789878456.764139535] [lidar_clustering]: FollowGap: mode=CLEAR, direction=STRAIGHT, front=8.00 m, best_angle=0.0 deg
[cluster_plot_node-13] [INFO] [1789878456.764775129] [lidar_clustering]: points=45, clusters=1, tracks=2
[direct_localization_node-6] [INFO] [1789878456.827939054] [direct_localization]: pose: x=-4.11 y=-38.32 yaw=88.7° v=2.20m/s [헤딩 정렬됨]
[cluster_plot_node-13] [INFO] [1789878457.627902673] [lidar_clustering]: ID=39, X=3.73 m, Y=2.72 m, Width=0.43 m, Depth=2.02 m, Distance=4.62 m
[cluster_plot_node-13] [INFO] [1789878457.628128019] [lidar_clustering]: FollowGap: mode=CLEAR, direction=STRAIGHT, front=8.00 m, best_angle=0.0 deg
[serial_bridge-12] [WARN] [1789878458.210296018] [serial_bridge_node]: ⚠ 공급전압 강하: VMIN=4278mV — 배터리/전원 확인
[local_pure_pursuit_node-9] [WARN] [1789878458.228166219] [local_pure_pursuit]: odom 속도 3.1m/s — 비현실적이라 버린다 (직전 1.71 유지, 누적 103회). EKF twist 스파이크로 보이며 위치는 보통 멀쩡하다.
[cluster_plot_node-13] [WARN] [1789878458.490301034] [lidar_clustering]: LaserScan size changed. Tracker was reset.
[cluster_plot_node-13] [INFO] [1789878459.445687759] [lidar_clustering]: ID=1, X=1.98 m, Y=2.94 m, Width=0.47 m, Depth=2.09 m, Distance=3.54 m
[cluster_plot_node-13] [INFO] [1789878459.445913907] [lidar_clustering]: FollowGap: mode=CLEAR, direction=STRAIGHT, front=8.00 m, best_angle=0.0 deg
[direct_localization_node-6] [INFO] [1789878459.827959736] [direct_localization]: pose: x=-2.46 y=-31.28 yaw=83.5° v=2.39m/s [헤딩 정렬됨]
[cluster_plot_node-13] [INFO] [1789878460.321624568] [lidar_clustering]: ID=1, X=2.18 m, Y=3.10 m, Width=0.05 m, Depth=0.21 m, Distance=3.78 m
[cluster_plot_node-13] [INFO] [1789878460.321866375] [lidar_clustering]: FollowGap: mode=CLEAR, direction=STRAIGHT, front=8.00 m, best_angle=0.0 deg
[cluster_plot_node-13] [INFO] [1789878460.322076163] [lidar_clustering]: points=13, clusters=1, tracks=1
[vrs_ntrip_client-3] [INFO] [1789878460.751994272] [ngii_vrs_ntrip_client]: [NTRIP 연결됨] RTCM 552프레임 발행, GGA 실측(37.28862,127.10699)
[cluster_plot_node-13] [INFO] [1789878461.186730558] [lidar_clustering]: ID=1, X=1.32 m, Y=3.00 m, Width=0.65 m, Depth=1.23 m, Distance=3.28 m
[cluster_plot_node-13] [INFO] [1789878461.186964050] [lidar_clustering]: FollowGap: mode=CLEAR, direction=STRAIGHT, front=8.00 m, best_angle=0.0 deg
[serial_bridge-12] [WARN] [1789878461.220732971] [serial_bridge_node]: ⚠ 공급전압 강하: VMIN=3618mV — 배터리/전원 확인
[vehicle_cmd_mux-11] [INFO] [1789878461.628080201] [vehicle_cmd_mux]: 모드: AVOID(라이다)
[vehicle_cmd_mux-11] [INFO] [1789878461.728001586] [vehicle_cmd_mux]: 모드: AUTO
[vehicle_cmd_mux-11] [INFO] [1789878461.978013254] [vehicle_cmd_mux]: 모드: AVOID(라이다)
[cluster_plot_node-13] [INFO] [1789878462.050741340] [lidar_clustering]: ID=1, X=1.35 m, Y=3.34 m, Width=0.35 m, Depth=0.55 m, Distance=3.60 m
[cluster_plot_node-13] [INFO] [1789878462.050972227] [lidar_clustering]: ID=2, X=3.34 m, Y=0.64 m, Width=0.04 m, Depth=0.01 m, Distance=3.40 m
[cluster_plot_node-13] [INFO] [1789878462.051169251] [lidar_clustering]: FollowGap: mode=CLEAR, direction=STRAIGHT, front=8.00 m, best_angle=0.0 deg
[cluster_plot_node-13] [INFO] [1789878462.051358040] [lidar_clustering]: points=30, clusters=1, tracks=2
[vehicle_cmd_mux-11] [INFO] [1789878462.077918792] [vehicle_cmd_mux]: 모드: AUTO
[direct_localization_node-6] [INFO] [1789878462.827953740] [direct_localization]: pose: x=-3.77 y=-24.60 yaw=122.3° v=2.29m/s [헤딩 정렬됨]
[cluster_plot_node-13] [INFO] [1789878462.921942324] [lidar_clustering]: ID=1, X=1.59 m, Y=3.61 m, Width=0.67 m, Depth=0.91 m, Distance=3.94 m
[cluster_plot_node-13] [INFO] [1789878462.922200371] [lidar_clustering]: ID=3, X=6.59 m, Y=-3.93 m, Width=0.22 m, Depth=0.05 m, Distance=7.68 m
[cluster_plot_node-13] [INFO] [1789878462.922414757] [lidar_clustering]: ID=4, X=6.83 m, Y=-3.33 m, Width=0.09 m, Depth=0.14 m, Distance=7.60 m
[cluster_plot_node-13] [INFO] [1789878462.922623122] [lidar_clustering]: ID=5, X=5.44 m, Y=-4.47 m, Width=0.33 m, Depth=0.29 m, Distance=7.04 m
[cluster_plot_node-13] [INFO] [1789878462.922838460] [lidar_clustering]: FollowGap: mode=CLEAR, direction=STRAIGHT, front=8.00 m, best_angle=0.0 deg
[cluster_plot_node-13] [WARN] [1789878463.702338111] [lidar_clustering]: LaserScan size changed. Tracker was reset.
[serial_bridge-12] [WARN] [1789878464.230972523] [serial_bridge_node]: ⚠ 공급전압 강하: VMIN=3125mV — 배터리/전원 확인
[cluster_plot_node-13] [INFO] [1789878464.663084711] [lidar_clustering]: ID=1, X=2.70 m, Y=3.75 m, Width=0.65 m, Depth=0.77 m, Distance=4.62 m
[cluster_plot_node-13] [INFO] [1789878464.663318293] [lidar_clustering]: ID=2, X=4.98 m, Y=5.97 m, Width=0.21 m, Depth=0.27 m, Distance=7.77 m
[cluster_plot_node-13] [INFO] [1789878464.663502333] [lidar_clustering]: ID=3, X=4.51 m, Y=5.26 m, Width=1.31 m, Depth=1.88 m, Distance=6.93 m
[cluster_plot_node-13] [INFO] [1789878464.663697263] [lidar_clustering]: ID=4, X=3.37 m, Y=4.33 m, Width=0.06 m, Depth=0.10 m, Distance=5.49 m
[cluster_plot_node-13] [INFO] [1789878464.663887374] [lidar_clustering]: FollowGap: mode=CLEAR, direction=STRAIGHT, front=8.00 m, best_angle=0.0 deg
[cluster_plot_node-13] [INFO] [1789878465.535192146] [lidar_clustering]: ID=1, X=2.49 m, Y=3.26 m, Width=0.04 m, Depth=0.08 m, Distance=4.10 m
[cluster_plot_node-13] [INFO] [1789878465.535427100] [lidar_clustering]: ID=3, X=4.48 m, Y=4.24 m, Width=1.42 m, Depth=3.54 m, Distance=6.17 m
[cluster_plot_node-13] [INFO] [1789878465.535617862] [lidar_clustering]: ID=4, X=3.88 m, Y=3.59 m, Width=1.52 m, Depth=4.96 m, Distance=5.28 m
[cluster_plot_node-13] [INFO] [1789878465.535807934] [lidar_clustering]: ID=5, X=0.36 m, Y=-0.16 m, Width=0.01 m, Depth=0.00 m, Distance=0.40 m
[cluster_plot_node-13] [INFO] [1789878465.535997043] [lidar_clustering]: FollowGap: mode=BLOCKED, direction=STOP, front=0.30 m, best_angle=0.0 deg
[cluster_plot_node-13] [INFO] [1789878465.536183347] [lidar_clustering]: points=120, clusters=1, tracks=4
[vrs_ntrip_client-3] [INFO] [1789878465.752069892] [ngii_vrs_ntrip_client]: [NTRIP 연결됨] RTCM 580프레임 발행, GGA 실측(37.28869,127.10691)
[direct_localization_node-6] [INFO] [1789878465.827934810] [direct_localization]: pose: x=-9.28 y=-21.73 yaw=178.6° v=2.25m/s [헤딩 정렬됨]
[cluster_plot_node-13] [INFO] [1789878466.405922851] [lidar_clustering]: ID=1, X=2.48 m, Y=2.73 m, Width=0.55 m, Depth=4.19 m, Distance=3.69 m
[cluster_plot_node-13] [INFO] [1789878466.406156302] [lidar_clustering]: ID=4, X=3.06 m, Y=2.75 m, Width=0.74 m, Depth=5.94 m, Distance=4.12 m
[cluster_plot_node-13] [INFO] [1789878466.406376750] [lidar_clustering]: FollowGap: mode=CLEAR, direction=STRAIGHT, front=8.00 m, best_angle=0.0 deg
[serial_bridge-12] [WARN] [1789878467.241204891] [serial_bridge_node]: ⚠ 공급전압 강하: VMIN=4033mV — 배터리/전원 확인
[cluster_plot_node-13] [WARN] [1789878468.754698670] [lidar_clustering]: LaserScan size changed. Tracker was reset.
[direct_localization_node-6] [INFO] [1789878468.827922891] [direct_localization]: pose: x=-15.76 y=-22.28 yaw=-178.4° v=2.29m/s [헤딩 정렬됨]
[cluster_plot_node-13] [INFO] [1789878469.018941993] [lidar_clustering]: ID=1, X=4.64 m, Y=0.92 m, Width=1.58 m, Depth=2.35 m, Distance=4.73 m
[cluster_plot_node-13] [INFO] [1789878469.019178270] [lidar_clustering]: ID=2, X=1.80 m, Y=2.69 m, Width=0.02 m, Depth=0.04 m, Distance=3.23 m
[cluster_plot_node-13] [INFO] [1789878469.019372769] [lidar_clustering]: FollowGap: mode=CLEAR, direction=STRAIGHT, front=8.00 m, best_angle=0.0 deg
[cluster_plot_node-13] [INFO] [1789878469.019560506] [lidar_clustering]: points=127, clusters=2, tracks=2
[cluster_plot_node-13] [INFO] [1789878469.895388593] [lidar_clustering]: ID=1, X=1.56 m, Y=2.53 m, Width=0.05 m, Depth=0.07 m, Distance=2.97 m
[cluster_plot_node-13] [INFO] [1789878469.895627765] [lidar_clustering]: ID=2, X=1.10 m, Y=2.65 m, Width=0.07 m, Depth=0.04 m, Distance=2.87 m
[cluster_plot_node-13] [INFO] [1789878469.895849264] [lidar_clustering]: ID=3, X=2.80 m, Y=2.11 m, Width=0.06 m, Depth=0.07 m, Distance=3.51 m
[cluster_plot_node-13] [INFO] [1789878469.896093215] [lidar_clustering]: FollowGap: mode=CLEAR, direction=STRAIGHT, front=8.00 m, best_angle=0.0 deg
[vrs_ntrip_client-3] [INFO] [1789878470.752070200] [ngii_vrs_ntrip_client]: [NTRIP 연결됨] RTCM 600프레임 발행, GGA 실측(37.28869,127.10678)
[cluster_plot_node-13] [INFO] [1789878470.766091332] [lidar_clustering]: ID=1, X=1.06 m, Y=2.85 m, Width=0.01 m, Depth=0.04 m, Distance=3.04 m
[cluster_plot_node-13] [INFO] [1789878470.766331606] [lidar_clustering]: ID=2, X=0.40 m, Y=2.95 m, Width=0.02 m, Depth=0.10 m, Distance=2.97 m
[cluster_plot_node-13] [INFO] [1789878470.766541935] [lidar_clustering]: FollowGap: mode=CLEAR, direction=STRAIGHT, front=8.00 m, best_angle=0.0 deg
[cluster_plot_node-13] [INFO] [1789878470.766753025] [lidar_clustering]: points=8, clusters=1, tracks=2
[cluster_plot_node-13] [INFO] [1789878471.637824371] [lidar_clustering]: ID=1, X=2.98 m, Y=2.24 m, Width=0.61 m, Depth=1.68 m, Distance=3.73 m
[cluster_plot_node-13] [INFO] [1789878471.638060056] [lidar_clustering]: FollowGap: mode=CLEAR, direction=STRAIGHT, front=8.00 m, best_angle=0.0 deg
[direct_localization_node-6] [INFO] [1789878471.828014151] [direct_localization]: pose: x=-21.74 y=-19.69 yaw=124.2° v=2.16m/s [헤딩 정렬됨]
[cluster_plot_node-13] [INFO] [1789878472.509941373] [lidar_clustering]: No confirmed obstacles.
[cluster_plot_node-13] [INFO] [1789878472.510209990] [lidar_clustering]: FollowGap: mode=CLEAR, direction=STRAIGHT, front=8.00 m, best_angle=0.0 deg
[cluster_plot_node-13] [INFO] [1789878472.510424176] [lidar_clustering]: points=148, clusters=2, tracks=0
[cluster_plot_node-13] [INFO] [1789878473.374136279] [lidar_clustering]: ID=1, X=4.97 m, Y=1.87 m, Width=0.80 m, Depth=1.32 m, Distance=5.31 m
[cluster_plot_node-13] [INFO] [1789878473.374362538] [lidar_clustering]: FollowGap: mode=CLEAR, direction=STRAIGHT, front=8.00 m, best_angle=0.0 deg
[cluster_plot_node-13] [WARN] [1789878473.810332803] [lidar_clustering]: LaserScan size changed. Tracker was reset.
[cluster_plot_node-13] [INFO] [1789878474.248808864] [lidar_clustering]: No confirmed obstacles.
[cluster_plot_node-13] [INFO] [1789878474.249034742] [lidar_clustering]: FollowGap: mode=CLEAR, direction=STRAIGHT, front=8.00 m, best_angle=0.0 deg
[cluster_plot_node-13] [INFO] [1789878474.249216207] [lidar_clustering]: points=0, clusters=0, tracks=0
[direct_localization_node-6] [INFO] [1789878474.827994233] [direct_localization]: pose: x=-23.30 y=-13.14 yaw=93.3° v=2.21m/s [헤딩 정렬됨]
[cluster_plot_node-13] [INFO] [1789878475.119676161] [lidar_clustering]: No confirmed obstacles.
[cluster_plot_node-13] [INFO] [1789878475.119898091] [lidar_clustering]: FollowGap: mode=CLEAR, direction=STRAIGHT, front=8.00 m, best_angle=0.0 deg
[vrs_ntrip_client-3] [INFO] [1789878475.751936543] [ngii_vrs_ntrip_client]: [NTRIP 연결됨] RTCM 628프레임 발행, GGA 실측(37.28878,127.10675)
[cluster_plot_node-13] [INFO] [1789878475.990892747] [lidar_clustering]: ID=1, X=0.37 m, Y=3.65 m, Width=0.00 m, Depth=0.05 m, Distance=3.67 m
[cluster_plot_node-13] [INFO] [1789878475.991114507] [lidar_clustering]: ID=2, X=1.46 m, Y=2.67 m, Width=0.41 m, Depth=0.54 m, Distance=3.05 m
[cluster_plot_node-13] [INFO] [1789878475.991298187] [lidar_clustering]: FollowGap: mode=CLEAR, direction=STRAIGHT, front=8.00 m, best_angle=0.0 deg
[cluster_plot_node-13] [INFO] [1789878475.991488999] [lidar_clustering]: points=33, clusters=2, tracks=2
[serial_bridge-12] [INFO] [1789878476.024424981] [serial_bridge_node]: 거버너 — 측정 0.98+1.00(선행) > 명령 0.66 (+1.32) → PWM 63 → 제동 -60
[cluster_plot_node-13] [INFO] [1789878476.864235600] [lidar_clustering]: ID=1, X=0.35 m, Y=5.19 m, Width=0.03 m, Depth=0.09 m, Distance=5.20 m
[cluster_plot_node-13] [INFO] [1789878476.864487506] [lidar_clustering]: FollowGap: mode=CLEAR, direction=STRAIGHT, front=8.00 m, best_angle=0.0 deg
[cluster_plot_node-13] [INFO] [1789878477.723314776] [lidar_clustering]: ID=3, X=0.63 m, Y=-0.24 m, Width=0.01 m, Depth=0.00 m, Distance=0.68 m
[cluster_plot_node-13] [INFO] [1789878477.723527769] [lidar_clustering]: FollowGap: mode=CLEAR, direction=STRAIGHT, front=8.00 m, best_angle=0.0 deg
[cluster_plot_node-13] [INFO] [1789878477.723708213] [lidar_clustering]: points=0, clusters=0, tracks=1
[direct_localization_node-6] [INFO] [1789878477.828217269] [direct_localization]: pose: x=-22.19 y=-8.47 yaw=55.0° v=1.09m/s [헤딩 정렬됨]
[cluster_plot_node-13] [WARN] [1789878478.829561871] [lidar_clustering]: LaserScan size changed. Tracker was reset.
[vehicle_cmd_mux-11] [INFO] [1789878479.728079341] [vehicle_cmd_mux]: 모드: AVOID(라이다)
[vehicle_cmd_mux-11] [INFO] [1789878479.777947921] [vehicle_cmd_mux]: 모드: AUTO
[vrs_ntrip_client-3] [INFO] [1789878480.751952789] [ngii_vrs_ntrip_client]: [NTRIP 연결됨] RTCM 648프레임 발행, GGA 실측(37.28882,127.10679)
[direct_localization_node-6] [INFO] [1789878480.827919758] [direct_localization]: pose: x=-19.01 y=-6.90 yaw=6.6° v=1.30m/s [헤딩 정렬됨]
[cluster_plot_node-13] [INFO] [1789878483.697108517] [lidar_clustering]: ID=1, X=4.65 m, Y=-4.08 m, Width=0.14 m, Depth=0.10 m, Distance=6.18 m
[cluster_plot_node-13] [INFO] [1789878483.697357778] [lidar_clustering]: ID=2, X=2.65 m, Y=6.54 m, Width=0.08 m, Depth=0.18 m, Distance=7.05 m
[cluster_plot_node-13] [INFO] [1789878483.697573577] [lidar_clustering]: FollowGap: mode=CLEAR, direction=STRAIGHT, front=8.00 m, best_angle=0.0 deg
[direct_localization_node-6] [INFO] [1789878483.828009025] [direct_localization]: pose: x=-13.89 y=-7.93 yaw=-19.2° v=2.23m/s [헤딩 정렬됨]
[vehicle_cmd_mux-11] [INFO] [1789878483.877969810] [vehicle_cmd_mux]: 모드: AVOID(라이다)
[serial_bridge-12] [WARN] [1789878483.891129824] [serial_bridge_node]: ⚠ 공급전압 강하: VMIN=4278mV — 배터리/전원 확인
[vehicle_cmd_mux-11] [INFO] [1789878483.978024194] [vehicle_cmd_mux]: 모드: AUTO
[cluster_plot_node-13] [INFO] [1789878484.552639016] [lidar_clustering]: No confirmed obstacles.
[cluster_plot_node-13] [INFO] [1789878484.552864323] [lidar_clustering]: FollowGap: mode=CLEAR, direction=STRAIGHT, front=8.00 m, best_angle=0.0 deg
[cluster_plot_node-13] [INFO] [1789878484.553048663] [lidar_clustering]: points=0, clusters=0, tracks=0
[cluster_plot_node-13] [INFO] [1789878485.404158725] [lidar_clustering]: No confirmed obstacles.
[cluster_plot_node-13] [INFO] [1789878485.404525673] [lidar_clustering]: FollowGap: mode=CLEAR, direction=STRAIGHT, front=8.00 m, best_angle=0.0 deg
[vrs_ntrip_client-3] [INFO] [1789878485.752068713] [ngii_vrs_ntrip_client]: [NTRIP 연결됨] RTCM 676프레임 발행, GGA 실측(37.28880,127.10690)
[cluster_plot_node-13] [INFO] [1789878486.263377779] [lidar_clustering]: ID=3, X=6.10 m, Y=-3.29 m, Width=0.38 m, Depth=0.32 m, Distance=6.93 m
[cluster_plot_node-13] [INFO] [1789878486.263599810] [lidar_clustering]: FollowGap: mode=CLEAR, direction=STRAIGHT, front=8.00 m, best_angle=0.0 deg
[cluster_plot_node-13] [INFO] [1789878486.263802584] [lidar_clustering]: points=39, clusters=2, tracks=1
[direct_localization_node-6] [INFO] [1789878486.828108043] [direct_localization]: pose: x=-7.28 y=-9.90 yaw=-18.8° v=2.23m/s [헤딩 정렬됨]
[cluster_plot_node-13] [INFO] [1789878487.121498827] [lidar_clustering]: ID=3, X=5.66 m, Y=-2.61 m, Width=0.15 m, Depth=0.75 m, Distance=6.23 m
[cluster_plot_node-13] [INFO] [1789878487.121744562] [lidar_clustering]: ID=4, X=6.61 m, Y=-2.59 m, Width=0.21 m, Depth=0.43 m, Distance=7.10 m
[cluster_plot_node-13] [INFO] [1789878487.121941365] [lidar_clustering]: ID=5, X=4.55 m, Y=-2.66 m, Width=0.36 m, Depth=0.75 m, Distance=5.27 m
[cluster_plot_node-13] [INFO] [1789878487.122145833] [lidar_clustering]: ID=6, X=7.38 m, Y=-2.73 m, Width=0.10 m, Depth=0.04 m, Distance=7.87 m
[cluster_plot_node-13] [INFO] [1789878487.122341896] [lidar_clustering]: FollowGap: mode=CLEAR, direction=STRAIGHT, front=8.00 m, best_angle=0.0 deg
[cluster_plot_node-13] [INFO] [1789878487.986368564] [lidar_clustering]: ID=3, X=4.59 m, Y=-1.96 m, Width=0.30 m, Depth=0.41 m, Distance=4.99 m
[cluster_plot_node-13] [INFO] [1789878487.986620770] [lidar_clustering]: ID=4, X=6.13 m, Y=-2.08 m, Width=0.07 m, Depth=0.02 m, Distance=6.47 m
[cluster_plot_node-13] [INFO] [1789878487.986838813] [lidar_clustering]: ID=5, X=4.21 m, Y=-2.03 m, Width=0.06 m, Depth=0.03 m, Distance=4.68 m
[cluster_plot_node-13] [INFO] [1789878487.987047519] [lidar_clustering]: ID=6, X=5.62 m, Y=-1.98 m, Width=0.07 m, Depth=0.63 m, Distance=5.96 m
[cluster_plot_node-13] [INFO] [1789878487.987246988] [lidar_clustering]: ID=7, X=6.81 m, Y=-2.01 m, Width=0.20 m, Depth=0.72 m, Distance=7.10 m
[cluster_plot_node-13] [INFO] [1789878487.987442479] [lidar_clustering]: ID=8, X=2.94 m, Y=-2.25 m, Width=0.60 m, Depth=1.80 m, Distance=3.70 m
[cluster_plot_node-13] [INFO] [1789878487.987651175] [lidar_clustering]: FollowGap: mode=CLEAR, direction=STRAIGHT, front=8.00 m, best_angle=0.0 deg
[cluster_plot_node-13] [INFO] [1789878487.987856044] [lidar_clustering]: points=178, clusters=4, tracks=6
[local_pure_pursuit_node-9] [WARN] [1789878488.228154980] [local_pure_pursuit]: odom 속도 3.0m/s — 비현실적이라 버린다 (직전 1.96 유지, 누적 106회). EKF twist 스파이크로 보이며 위치는 보통 멀쩡하다.
[serial_bridge-12] [WARN] [1789878488.457610042] [serial_bridge_node]: ⚠ 공급전압 강하: VMIN=4278mV — 배터리/전원 확인
[cluster_plot_node-13] [INFO] [1789878488.857006369] [lidar_clustering]: ID=3, X=4.70 m, Y=-1.59 m, Width=0.32 m, Depth=0.99 m, Distance=4.97 m
[cluster_plot_node-13] [INFO] [1789878488.857220214] [lidar_clustering]: ID=4, X=6.78 m, Y=-1.45 m, Width=0.70 m, Depth=0.88 m, Distance=6.94 m
[cluster_plot_node-13] [INFO] [1789878488.857406999] [lidar_clustering]: ID=5, X=3.44 m, Y=-1.63 m, Width=0.24 m, Depth=0.70 m, Distance=3.81 m
[cluster_plot_node-13] [INFO] [1789878488.857589948] [lidar_clustering]: ID=6, X=5.42 m, Y=-1.56 m, Width=0.16 m, Depth=0.19 m, Distance=5.64 m
[cluster_plot_node-13] [INFO] [1789878488.857784267] [lidar_clustering]: ID=7, X=5.92 m, Y=-1.50 m, Width=0.03 m, Depth=0.13 m, Distance=6.11 m
[cluster_plot_node-13] [INFO] [1789878488.857969690] [lidar_clustering]: ID=8, X=2.57 m, Y=-1.68 m, Width=0.24 m, Depth=0.44 m, Distance=3.07 m
[cluster_plot_node-13] [INFO] [1789878488.858154331] [lidar_clustering]: ID=9, X=7.14 m, Y=-1.56 m, Width=0.07 m, Depth=0.02 m, Distance=7.31 m
[cluster_plot_node-13] [INFO] [1789878488.858338451] [lidar_clustering]: ID=10, X=0.53 m, Y=0.14 m, Width=0.01 m, Depth=0.00 m, Distance=0.55 m
[cluster_plot_node-13] [INFO] [1789878488.858520858] [lidar_clustering]: FollowGap: mode=CLEAR, direction=STRAIGHT, front=8.00 m, best_angle=0.0 deg
[cluster_plot_node-13] [INFO] [1789878489.719223212] [lidar_clustering]: ID=3, X=4.14 m, Y=-1.81 m, Width=0.62 m, Depth=1.27 m, Distance=4.52 m
[cluster_plot_node-13] [INFO] [1789878489.719446314] [lidar_clustering]: ID=4, X=7.38 m, Y=-1.39 m, Width=0.11 m, Depth=0.02 m, Distance=7.51 m
[cluster_plot_node-13] [INFO] [1789878489.719643208] [lidar_clustering]: ID=5, X=2.65 m, Y=-1.77 m, Width=0.11 m, Depth=0.58 m, Distance=3.18 m
[cluster_plot_node-13] [INFO] [1789878489.719835193] [lidar_clustering]: ID=6, X=5.10 m, Y=-1.60 m, Width=0.07 m, Depth=0.08 m, Distance=5.34 m
[cluster_plot_node-13] [INFO] [1789878489.720028210] [lidar_clustering]: ID=7, X=5.74 m, Y=-1.63 m, Width=0.04 m, Depth=0.27 m, Distance=5.97 m
[cluster_plot_node-13] [INFO] [1789878489.720209405] [lidar_clustering]: ID=9, X=6.67 m, Y=-1.79 m, Width=0.09 m, Depth=0.03 m, Distance=6.91 m
[cluster_plot_node-13] [INFO] [1789878489.720394006] [lidar_clustering]: ID=10, X=0.49 m, Y=0.03 m, Width=0.01 m, Depth=0.00 m, Distance=0.49 m
[cluster_plot_node-13] [INFO] [1789878489.720578898] [lidar_clustering]: FollowGap: mode=CLEAR, direction=STRAIGHT, front=8.00 m, best_angle=0.0 deg
[cluster_plot_node-13] [INFO] [1789878489.720768759] [lidar_clustering]: points=107, clusters=4, tracks=7
[direct_localization_node-6] [INFO] [1789878489.827924190] [direct_localization]: pose: x=-0.46 y=-13.31 yaw=-24.0° v=2.66m/s [헤딩 정렬됨]
[vehicle_cmd_mux-11] [INFO] [1789878490.428059439] [vehicle_cmd_mux]: 모드: AVOID(라이다)
[vehicle_cmd_mux-11] [INFO] [1789878490.528029331] [vehicle_cmd_mux]: 모드: AUTO
[cluster_plot_node-13] [INFO] [1789878490.594095161] [lidar_clustering]: ID=3, X=3.47 m, Y=-2.24 m, Width=0.27 m, Depth=1.02 m, Distance=4.13 m
[cluster_plot_node-13] [INFO] [1789878490.594374628] [lidar_clustering]: ID=5, X=2.92 m, Y=-1.90 m, Width=0.11 m, Depth=0.42 m, Distance=3.49 m
[cluster_plot_node-13] [INFO] [1789878490.594573365] [lidar_clustering]: ID=6, X=4.21 m, Y=-2.13 m, Width=0.06 m, Depth=0.09 m, Distance=4.72 m
[cluster_plot_node-13] [INFO] [1789878490.594766673] [lidar_clustering]: ID=7, X=4.21 m, Y=-2.59 m, Width=0.07 m, Depth=0.08 m, Distance=4.94 m
[cluster_plot_node-13] [INFO] [1789878490.594953338] [lidar_clustering]: ID=10, X=1.21 m, Y=-0.29 m, Width=0.02 m, Depth=0.01 m, Distance=1.24 m
[cluster_plot_node-13] [INFO] [1789878490.595142317] [lidar_clustering]: FollowGap: mode=CLEAR, direction=STRAIGHT, front=8.00 m, best_angle=0.0 deg
[vrs_ntrip_client-3] [INFO] [1789878490.751993211] [ngii_vrs_ntrip_client]: [NTRIP 연결됨] RTCM 696프레임 발행, GGA 실측(37.28876,127.10703)
[cluster_plot_node-13] [WARN] [1789878491.116902718] [lidar_clustering]: LaserScan size changed. Tracker was reset.
[direct_localization_node-6] [INFO] [1789878492.828060861] [direct_localization]: pose: x=6.95 y=-15.57 yaw=-20.5° v=2.55m/s [헤딩 정렬됨]
[vehicle_cmd_mux-11] [INFO] [1789878493.377964258] [vehicle_cmd_mux]: 모드: AVOID(라이다)
[vehicle_cmd_mux-11] [INFO] [1789878493.477942140] [vehicle_cmd_mux]: 모드: AUTO
[serial_bridge-12] [WARN] [1789878494.024466155] [serial_bridge_node]: ⚠ 공급전압 강하: VMIN=4262mV — 배터리/전원 확인
[local_pure_pursuit_node-9] [WARN] [1789878494.228285264] [local_pure_pursuit]: odom 속도 3.0m/s — 비현실적이라 버린다 (직전 1.90 유지, 누적 118회). EKF twist 스파이크로 보이며 위치는 보통 멀쩡하다.
[vrs_ntrip_client-3] [INFO] [1789878495.751931588] [ngii_vrs_ntrip_client]: [NTRIP 연결됨] RTCM 724프레임 발행, GGA 실측(37.28872,127.10716)
[direct_localization_node-6] [INFO] [1789878495.827945444] [direct_localization]: pose: x=13.67 y=-19.19 yaw=-20.5° v=2.56m/s [헤딩 정렬됨]
[cluster_plot_node-13] [WARN] [1789878496.155794157] [lidar_clustering]: LaserScan size changed. Tracker was reset.
[vehicle_cmd_mux-11] [INFO] [1789878497.027913903] [vehicle_cmd_mux]: 모드: AVOID(라이다)
[vehicle_cmd_mux-11] [INFO] [1789878497.128040788] [vehicle_cmd_mux]: 모드: AUTO
[direct_localization_node-6] [INFO] [1789878498.828014658] [direct_localization]: pose: x=20.64 y=-21.69 yaw=-24.8° v=2.49m/s [헤딩 정렬됨]
[serial_bridge-12] [WARN] [1789878499.487716766] [serial_bridge_node]: ⚠ 공급전압 강하: VMIN=4278mV — 배터리/전원 확인
[vrs_ntrip_client-3] [INFO] [1789878500.751930345] [ngii_vrs_ntrip_client]: [NTRIP 연결됨] RTCM 744프레임 발행, GGA 실측(37.28867,127.10729)
[serial_bridge-12] [INFO] [1789878500.824437566] [serial_bridge_node]: 거버너 — 측정 2.43+0.68(선행) > 명령 1.59 (+1.52) → PWM 112 → 제동 -60
[cluster_plot_node-13] [INFO] [1789878501.009575713] [lidar_clustering]: No confirmed obstacles.
[cluster_plot_node-13] [INFO] [1789878501.009809355] [lidar_clustering]: FollowGap: mode=CLEAR, direction=STRAIGHT, front=8.00 m, best_angle=0.0 deg
[cluster_plot_node-13] [WARN] [1789878501.709573963] [lidar_clustering]: LaserScan size changed. Tracker was reset.
[direct_localization_node-6] [INFO] [1789878501.828000666] [direct_localization]: pose: x=26.99 y=-25.01 yaw=-19.4° v=2.01m/s [헤딩 정렬됨]
[serial_bridge-12] [WARN] [1789878502.498009695] [serial_bridge_node]: ⚠ 공급전압 강하: VMIN=3990mV — 배터리/전원 확인
[cluster_plot_node-13] [INFO] [1789878504.465883950] [lidar_clustering]: No confirmed obstacles.
[cluster_plot_node-13] [INFO] [1789878504.466118143] [lidar_clustering]: FollowGap: mode=CLEAR, direction=STRAIGHT, front=8.00 m, best_angle=0.0 deg
[direct_localization_node-6] [INFO] [1789878504.828037835] [direct_localization]: pose: x=33.32 y=-27.16 yaw=-22.2° v=2.55m/s [헤딩 정렬됨]
[cluster_plot_node-13] [INFO] [1789878505.328056411] [lidar_clustering]: ID=1, X=3.50 m, Y=-4.34 m, Width=0.08 m, Depth=0.06 m, Distance=5.57 m
[cluster_plot_node-13] [INFO] [1789878505.328301314] [lidar_clustering]: FollowGap: mode=CLEAR, direction=STRAIGHT, front=8.00 m, best_angle=0.0 deg
[cluster_plot_node-13] [INFO] [1789878505.328511783] [lidar_clustering]: points=0, clusters=0, tracks=1
[vrs_ntrip_client-3] [INFO] [1789878505.752042125] [ngii_vrs_ntrip_client]: [NTRIP 연결됨] RTCM 772프레임 발행, GGA 실측(37.28864,127.10741)
[cluster_plot_node-13] [INFO] [1789878506.198556332] [lidar_clustering]: No confirmed obstacles.
[cluster_plot_node-13] [INFO] [1789878506.198794703] [lidar_clustering]: FollowGap: mode=CLEAR, direction=STRAIGHT, front=8.00 m, best_angle=0.0 deg
[cluster_plot_node-13] [INFO] [1789878507.063423142] [lidar_clustering]: No confirmed obstacles.
[cluster_plot_node-13] [INFO] [1789878507.063658046] [lidar_clustering]: FollowGap: mode=CLEAR, direction=STRAIGHT, front=8.00 m, best_angle=0.0 deg
[cluster_plot_node-13] [INFO] [1789878507.063845563] [lidar_clustering]: points=0, clusters=0, tracks=0
[direct_localization_node-6] [INFO] [1789878507.827882724] [direct_localization]: pose: x=39.05 y=-31.51 yaw=-53.6° v=2.07m/s [헤딩 정렬됨]
[cluster_plot_node-13] [INFO] [1789878507.931186200] [lidar_clustering]: ID=2, X=5.58 m, Y=4.14 m, Width=6.04 m, Depth=4.61 m, Distance=6.95 m
[cluster_plot_node-13] [INFO] [1789878507.931553089] [lidar_clustering]: FollowGap: mode=CLEAR, direction=STRAIGHT, front=8.00 m, best_angle=0.0 deg
[cluster_plot_node-13] [INFO] [1789878508.796813836] [lidar_clustering]: ID=2, X=3.79 m, Y=4.44 m, Width=3.88 m, Depth=7.23 m, Distance=5.84 m
[cluster_plot_node-13] [INFO] [1789878508.797121395] [lidar_clustering]: FollowGap: mode=CLEAR, direction=STRAIGHT, front=8.00 m, best_angle=0.0 deg
[cluster_plot_node-13] [INFO] [1789878508.797388779] [lidar_clustering]: points=348, clusters=1, tracks=1
[cluster_plot_node-13] [INFO] [1789878509.661851224] [lidar_clustering]: ID=2, X=3.05 m, Y=5.09 m, Width=1.02 m, Depth=6.15 m, Distance=5.93 m
[cluster_plot_node-13] [INFO] [1789878509.662138876] [lidar_clustering]: FollowGap: mode=CLEAR, direction=STRAIGHT, front=8.00 m, best_angle=0.0 deg
[cluster_plot_node-13] [INFO] [1789878510.524024910] [lidar_clustering]: ID=2, X=2.17 m, Y=6.27 m, Width=0.59 m, Depth=4.05 m, Distance=6.63 m
[cluster_plot_node-13] [INFO] [1789878510.524270013] [lidar_clustering]: FollowGap: mode=CLEAR, direction=STRAIGHT, front=8.00 m, best_angle=0.0 deg
[cluster_plot_node-13] [INFO] [1789878510.524527369] [lidar_clustering]: points=152, clusters=1, tracks=1
[serial_bridge-12] [WARN] [1789878510.726773110] [serial_bridge_node]: ⚠ 공급전압 강하: VMIN=4262mV — 배터리/전원 확인
[vrs_ntrip_client-3] [INFO] [1789878510.751952362] [ngii_vrs_ntrip_client]: [NTRIP 연결됨] RTCM 792프레임 발행, GGA 실측(37.28856,127.10745)
[direct_localization_node-6] [INFO] [1789878510.827967091] [direct_localization]: pose: x=38.37 y=-37.74 yaw=-120.6° v=2.76m/s [헤딩 정렬됨]
[cluster_plot_node-13] [INFO] [1789878511.390954213] [lidar_clustering]: ID=2, X=2.00 m, Y=6.64 m, Width=0.53 m, Depth=3.68 m, Distance=6.93 m
[cluster_plot_node-13] [INFO] [1789878511.391189357] [lidar_clustering]: FollowGap: mode=CLEAR, direction=STRAIGHT, front=8.00 m, best_angle=0.0 deg
[cluster_plot_node-13] [INFO] [1789878512.256194134] [lidar_clustering]: ID=2, X=2.37 m, Y=6.31 m, Width=0.16 m, Depth=4.55 m, Distance=6.74 m
[cluster_plot_node-13] [INFO] [1789878512.256444537] [lidar_clustering]: FollowGap: mode=CLEAR, direction=STRAIGHT, front=8.00 m, best_angle=0.0 deg
[cluster_plot_node-13] [INFO] [1789878512.256674152] [lidar_clustering]: points=175, clusters=1, tracks=1
[cluster_plot_node-13] [INFO] [1789878513.128515102] [lidar_clustering]: ID=2, X=3.27 m, Y=5.56 m, Width=0.75 m, Depth=4.84 m, Distance=6.45 m
[cluster_plot_node-13] [INFO] [1789878513.128813063] [lidar_clustering]: ID=3, X=6.06 m, Y=-5.03 m, Width=0.02 m, Depth=0.10 m, Distance=7.87 m
[cluster_plot_node-13] [INFO] [1789878513.129071491] [lidar_clustering]: ID=4, X=7.06 m, Y=-3.46 m, Width=0.27 m, Depth=0.33 m, Distance=7.86 m
[cluster_plot_node-13] [INFO] [1789878513.129444340] [lidar_clustering]: ID=5, X=5.28 m, Y=-4.55 m, Width=0.07 m, Depth=0.06 m, Distance=6.97 m
[cluster_plot_node-13] [INFO] [1789878513.129894632] [lidar_clustering]: ID=6, X=6.58 m, Y=-3.89 m, Width=0.24 m, Depth=0.07 m, Distance=7.65 m
[cluster_plot_node-13] [INFO] [1789878513.130269856] [lidar_clustering]: ID=7, X=0.57 m, Y=5.97 m, Width=0.19 m, Depth=0.65 m, Distance=6.00 m
[cluster_plot_node-13] [INFO] [1789878513.130514128] [lidar_clustering]: ID=8, X=5.51 m, Y=-4.21 m, Width=0.08 m, Depth=0.06 m, Distance=6.94 m
[cluster_plot_node-13] [INFO] [1789878513.130731910] [lidar_clustering]: ID=9, X=5.79 m, Y=-3.85 m, Width=0.25 m, Depth=0.96 m, Distance=6.95 m
[cluster_plot_node-13] [INFO] [1789878513.130936338] [lidar_clustering]: FollowGap: mode=CLEAR, direction=STRAIGHT, front=8.00 m, best_angle=0.0 deg
[direct_localization_node-6] [INFO] [1789878513.828021035] [direct_localization]: pose: x=35.36 y=-44.82 yaw=-103.6° v=2.55m/s [헤딩 정렬됨]
[cluster_plot_node-13] [INFO] [1789878513.999575462] [lidar_clustering]: ID=2, X=2.79 m, Y=5.42 m, Width=0.69 m, Depth=5.70 m, Distance=6.10 m
[cluster_plot_node-13] [INFO] [1789878513.999810797] [lidar_clustering]: ID=5, X=4.00 m, Y=-4.91 m, Width=0.44 m, Depth=0.34 m, Distance=6.33 m
[cluster_plot_node-13] [INFO] [1789878514.000003573] [lidar_clustering]: ID=6, X=6.14 m, Y=-4.35 m, Width=0.23 m, Depth=0.32 m, Distance=7.53 m
[cluster_plot_node-13] [INFO] [1789878514.000193845] [lidar_clustering]: ID=7, X=0.57 m, Y=5.69 m, Width=0.10 m, Depth=0.46 m, Distance=5.72 m
[cluster_plot_node-13] [INFO] [1789878514.000378286] [lidar_clustering]: ID=8, X=5.47 m, Y=-4.34 m, Width=0.26 m, Depth=0.15 m, Distance=6.98 m
[cluster_plot_node-13] [INFO] [1789878514.000562176] [lidar_clustering]: ID=9, X=4.50 m, Y=-4.15 m, Width=0.69 m, Depth=1.95 m, Distance=6.12 m
[cluster_plot_node-13] [INFO] [1789878514.000751065] [lidar_clustering]: ID=10, X=4.59 m, Y=5.59 m, Width=0.33 m, Depth=1.22 m, Distance=7.23 m
[cluster_plot_node-13] [INFO] [1789878514.000938692] [lidar_clustering]: FollowGap: mode=CLEAR, direction=STRAIGHT, front=8.00 m, best_angle=0.0 deg
[cluster_plot_node-13] [INFO] [1789878514.001126049] [lidar_clustering]: points=228, clusters=1, tracks=7
[local_pure_pursuit_node-9] [WARN] [1789878514.428111749] [local_pure_pursuit]: odom 속도 3.1m/s — 비현실적이라 버린다 (직전 2.76 유지, 누적 127회). EKF twist 스파이크로 보이며 위치는 보통 멀쩡하다.
[cluster_plot_node-13] [INFO] [1789878514.870450295] [lidar_clustering]: ID=2, X=1.65 m, Y=5.51 m, Width=0.24 m, Depth=2.22 m, Distance=5.76 m
[cluster_plot_node-13] [INFO] [1789878514.870684357] [lidar_clustering]: ID=7, X=0.46 m, Y=5.91 m, Width=0.22 m, Depth=0.30 m, Distance=5.93 m
[cluster_plot_node-13] [INFO] [1789878514.870873788] [lidar_clustering]: ID=10, X=2.72 m, Y=5.65 m, Width=0.16 m, Depth=5.10 m, Distance=6.26 m
[cluster_plot_node-13] [INFO] [1789878514.871055904] [lidar_clustering]: ID=11, X=5.20 m, Y=5.41 m, Width=0.11 m, Depth=1.18 m, Distance=7.51 m
[cluster_plot_node-13] [INFO] [1789878514.871250444] [lidar_clustering]: FollowGap: mode=CLEAR, direction=STRAIGHT, front=8.00 m, best_angle=0.0 deg
[cluster_plot_node-13] [INFO] [1789878515.734298068] [lidar_clustering]: ID=10, X=2.22 m, Y=6.28 m, Width=0.63 m, Depth=4.10 m, Distance=6.66 m
[cluster_plot_node-13] [INFO] [1789878515.734522954] [lidar_clustering]: FollowGap: mode=CLEAR, direction=STRAIGHT, front=8.00 m, best_angle=0.0 deg
[cluster_plot_node-13] [INFO] [1789878515.734727152] [lidar_clustering]: points=152, clusters=1, tracks=1
[vrs_ntrip_client-3] [INFO] [1789878515.752050822] [ngii_vrs_ntrip_client]: [NTRIP 연결됨] RTCM 820프레임 발행, GGA 실측(37.28845,127.10739)
[serial_bridge-12] [WARN] [1789878516.292823029] [serial_bridge_node]: ⚠ 공급전압 강하: VMIN=4278mV — 배터리/전원 확인
[cluster_plot_node-13] [INFO] [1789878516.609688607] [lidar_clustering]: ID=10, X=1.84 m, Y=6.90 m, Width=0.60 m, Depth=2.84 m, Distance=7.14 m
[cluster_plot_node-13] [INFO] [1789878516.609919614] [lidar_clustering]: FollowGap: mode=CLEAR, direction=STRAIGHT, front=8.00 m, best_angle=0.0 deg
[direct_localization_node-6] [INFO] [1789878516.827896573] [direct_localization]: pose: x=31.72 y=-51.89 yaw=-120.1° v=2.67m/s [헤딩 정렬됨]
[cluster_plot_node-13] [INFO] [1789878517.486613817] [lidar_clustering]: ID=7, X=1.04 m, Y=6.85 m, Width=0.13 m, Depth=1.19 m, Distance=6.93 m
[cluster_plot_node-13] [INFO] [1789878517.486859381] [lidar_clustering]: ID=10, X=2.76 m, Y=7.06 m, Width=0.19 m, Depth=1.21 m, Distance=7.58 m
[cluster_plot_node-13] [INFO] [1789878517.487069339] [lidar_clustering]: FollowGap: mode=CLEAR, direction=STRAIGHT, front=8.00 m, best_angle=0.0 deg
[cluster_plot_node-13] [INFO] [1789878517.487259431] [lidar_clustering]: points=90, clusters=2, tracks=2
[cluster_plot_node-13] [INFO] [1789878518.352145754] [lidar_clustering]: ID=7, X=0.53 m, Y=7.21 m, Width=0.05 m, Depth=0.36 m, Distance=7.23 m
[cluster_plot_node-13] [INFO] [1789878518.352373395] [lidar_clustering]: ID=10, X=3.21 m, Y=7.11 m, Width=0.20 m, Depth=0.36 m, Distance=7.80 m
[cluster_plot_node-13] [INFO] [1789878518.352561533] [lidar_clustering]: ID=13, X=0.44 m, Y=1.36 m, Width=0.04 m, Depth=0.07 m, Distance=1.43 m
[cluster_plot_node-13] [INFO] [1789878518.352750963] [lidar_clustering]: ID=14, X=1.55 m, Y=7.53 m, Width=0.28 m, Depth=1.35 m, Distance=7.68 m
[cluster_plot_node-13] [INFO] [1789878518.352938350] [lidar_clustering]: FollowGap: mode=CLEAR, direction=STRAIGHT, front=8.00 m, best_angle=0.0 deg
[cluster_plot_node-13] [INFO] [1789878519.224476656] [lidar_clustering]: ID=7, X=1.14 m, Y=7.43 m, Width=0.40 m, Depth=1.63 m, Distance=7.52 m
[cluster_plot_node-13] [INFO] [1789878519.224719796] [lidar_clustering]: ID=10, X=1.90 m, Y=7.47 m, Width=0.75 m, Depth=0.90 m, Distance=7.71 m
[cluster_plot_node-13] [INFO] [1789878519.224916289] [lidar_clustering]: ID=13, X=0.44 m, Y=1.63 m, Width=0.01 m, Depth=0.02 m, Distance=1.69 m
[cluster_plot_node-13] [INFO] [1789878519.225111300] [lidar_clustering]: ID=14, X=0.94 m, Y=7.06 m, Width=0.33 m, Depth=1.20 m, Distance=7.12 m
[cluster_plot_node-13] [INFO] [1789878519.225358066] [lidar_clustering]: ID=16, X=5.05 m, Y=5.03 m, Width=5.33 m, Depth=5.77 m, Distance=7.13 m
[cluster_plot_node-13] [INFO] [1789878519.225556553] [lidar_clustering]: FollowGap: mode=CLEAR, direction=STRAIGHT, front=8.00 m, best_angle=0.0 deg
[cluster_plot_node-13] [INFO] [1789878519.225756693] [lidar_clustering]: points=354, clusters=3, tracks=5
[direct_localization_node-6] [INFO] [1789878519.827919625] [direct_localization]: pose: x=26.84 y=-57.40 yaw=-160.3° v=2.32m/s [헤딩 정렬됨]
[cluster_plot_node-13] [INFO] [1789878520.090631191] [lidar_clustering]: ID=7, X=0.62 m, Y=7.61 m, Width=0.04 m, Depth=0.16 m, Distance=7.64 m
[cluster_plot_node-13] [INFO] [1789878520.090864653] [lidar_clustering]: ID=14, X=0.60 m, Y=6.85 m, Width=0.19 m, Depth=0.53 m, Distance=6.88 m
[cluster_plot_node-13] [INFO] [1789878520.091053512] [lidar_clustering]: ID=15, X=3.59 m, Y=5.31 m, Width=3.56 m, Depth=6.81 m, Distance=6.41 m
[cluster_plot_node-13] [INFO] [1789878520.091239376] [lidar_clustering]: ID=16, X=3.78 m, Y=5.10 m, Width=4.00 m, Depth=6.48 m, Distance=6.34 m
[cluster_plot_node-13] [INFO] [1789878520.091424929] [lidar_clustering]: ID=17, X=7.30 m, Y=3.00 m, Width=0.29 m, Depth=0.20 m, Distance=7.89 m
[cluster_plot_node-13] [INFO] [1789878520.091608709] [lidar_clustering]: FollowGap: mode=CLEAR, direction=STRAIGHT, front=8.00 m, best_angle=0.0 deg
[vrs_ntrip_client-3] [INFO] [1789878520.752080997] [ngii_vrs_ntrip_client]: [NTRIP 연결됨] RTCM 840프레임 발행, GGA 실측(37.28837,127.10730)
[cluster_plot_node-13] [INFO] [1789878520.956172526] [lidar_clustering]: ID=15, X=2.70 m, Y=5.80 m, Width=0.73 m, Depth=5.29 m, Distance=6.40 m
[cluster_plot_node-13] [INFO] [1789878520.956463705] [lidar_clustering]: ID=16, X=2.38 m, Y=5.82 m, Width=1.12 m, Depth=3.64 m, Distance=6.29 m
[cluster_plot_node-13] [INFO] [1789878520.956718426] [lidar_clustering]: ID=17, X=5.70 m, Y=5.17 m, Width=0.26 m, Depth=0.96 m, Distance=7.69 m
[cluster_plot_node-13] [INFO] [1789878520.957001840] [lidar_clustering]: FollowGap: mode=CLEAR, direction=STRAIGHT, front=8.00 m, best_angle=0.0 deg
[cluster_plot_node-13] [INFO] [1789878520.957240812] [lidar_clustering]: points=212, clusters=1, tracks=3
[cluster_plot_node-13] [INFO] [1789878521.815982188] [lidar_clustering]: ID=15, X=2.82 m, Y=6.84 m, Width=0.26 m, Depth=1.36 m, Distance=7.40 m
[cluster_plot_node-13] [INFO] [1789878521.816206563] [lidar_clustering]: ID=16, X=1.73 m, Y=6.79 m, Width=0.45 m, Depth=3.22 m, Distance=7.01 m
[cluster_plot_node-13] [INFO] [1789878521.816394701] [lidar_clustering]: ID=17, X=4.27 m, Y=6.47 m, Width=0.13 m, Depth=0.31 m, Distance=7.75 m
[cluster_plot_node-13] [INFO] [1789878521.816580755] [lidar_clustering]: FollowGap: mode=CLEAR, direction=STRAIGHT, front=8.00 m, best_angle=0.0 deg
[serial_bridge-12] [WARN] [1789878521.904149242] [serial_bridge_node]: ⚠ 공급전압 강하: VMIN=4278mV — 배터리/전원 확인
[cluster_plot_node-13] [INFO] [1789878522.681493996] [lidar_clustering]: ID=7, X=1.40 m, Y=6.94 m, Width=0.38 m, Depth=1.95 m, Distance=7.08 m
[cluster_plot_node-13] [INFO] [1789878522.681734911] [lidar_clustering]: ID=15, X=1.95 m, Y=6.93 m, Width=0.40 m, Depth=3.43 m, Distance=7.20 m
[cluster_plot_node-13] [INFO] [1789878522.681954237] [lidar_clustering]: ID=16, X=0.69 m, Y=6.79 m, Width=0.07 m, Depth=0.67 m, Distance=6.83 m
[cluster_plot_node-13] [INFO] [1789878522.682164516] [lidar_clustering]: ID=17, X=3.05 m, Y=7.14 m, Width=0.31 m, Depth=1.26 m, Distance=7.76 m
[cluster_plot_node-13] [INFO] [1789878522.682368172] [lidar_clustering]: FollowGap: mode=CLEAR, direction=STRAIGHT, front=8.00 m, best_angle=0.0 deg
[cluster_plot_node-13] [INFO] [1789878522.682571087] [lidar_clustering]: points=128, clusters=1, tracks=4
[direct_localization_node-6] [INFO] [1789878522.827905619] [direct_localization]: pose: x=20.21 y=-55.28 yaw=156.9° v=2.71m/s [헤딩 정렬됨]
[cluster_plot_node-13] [INFO] [1789878523.547592782] [lidar_clustering]: ID=15, X=2.34 m, Y=6.22 m, Width=0.29 m, Depth=4.57 m, Distance=6.65 m
[cluster_plot_node-13] [INFO] [1789878523.547876707] [lidar_clustering]: ID=18, X=0.43 m, Y=-0.15 m, Width=0.01 m, Depth=0.01 m, Distance=0.46 m
[cluster_plot_node-13] [INFO] [1789878523.548144502] [lidar_clustering]: FollowGap: mode=CLEAR, direction=STRAIGHT, front=8.00 m, best_angle=0.0 deg
[cluster_plot_node-13] [INFO] [1789878524.418877050] [lidar_clustering]: ID=15, X=3.20 m, Y=5.35 m, Width=0.95 m, Depth=5.61 m, Distance=6.23 m
[cluster_plot_node-13] [INFO] [1789878524.419114018] [lidar_clustering]: ID=16, X=0.39 m, Y=6.04 m, Width=0.01 m, Depth=0.10 m, Distance=6.05 m
[cluster_plot_node-13] [INFO] [1789878524.419307837] [lidar_clustering]: FollowGap: mode=CLEAR, direction=STRAIGHT, front=8.00 m, best_angle=0.0 deg
[cluster_plot_node-13] [INFO] [1789878524.419503298] [lidar_clustering]: points=235, clusters=2, tracks=2
[serial_bridge-12] [WARN] [1789878524.918493988] [serial_bridge_node]: ⚠ 공급전압 강하: VMIN=4230mV — 배터리/전원 확인
[cluster_plot_node-13] [INFO] [1789878525.285244529] [lidar_clustering]: ID=15, X=3.37 m, Y=4.63 m, Width=1.92 m, Depth=6.74 m, Distance=5.73 m
[cluster_plot_node-13] [INFO] [1789878525.285482008] [lidar_clustering]: ID=16, X=0.39 m, Y=5.53 m, Width=0.04 m, Depth=0.17 m, Distance=5.54 m
[cluster_plot_node-13] [INFO] [1789878525.285686887] [lidar_clustering]: ID=18, X=0.45 m, Y=-0.22 m, Width=0.00 m, Depth=0.00 m, Distance=0.50 m
[cluster_plot_node-13] [INFO] [1789878525.285880215] [lidar_clustering]: FollowGap: mode=CLEAR, direction=STRAIGHT, front=8.00 m, best_angle=0.0 deg
[local_pure_pursuit_node-9] [WARN] [1789878525.728298155] [local_pure_pursuit]: odom 속도 3.0m/s — 비현실적이라 버린다 (직전 2.69 유지, 누적 139회). EKF twist 스파이크로 보이며 위치는 보통 멀쩡하다.
[vrs_ntrip_client-3] [INFO] [1789878525.751925284] [ngii_vrs_ntrip_client]: [NTRIP 연결됨] RTCM 868프레임 발행, GGA 실측(37.28841,127.10716)
[direct_localization_node-6] [INFO] [1789878525.828134433] [direct_localization]: pose: x=12.68 y=-53.08 yaw=166.0° v=2.43m/s [헤딩 정렬됨]
[cluster_plot_node-13] [INFO] [1789878526.157605224] [lidar_clustering]: ID=15, X=3.29 m, Y=3.89 m, Width=3.02 m, Depth=6.81 m, Distance=5.09 m
[cluster_plot_node-13] [INFO] [1789878526.157858702] [lidar_clustering]: FollowGap: mode=CLEAR, direction=STRAIGHT, front=8.00 m, best_angle=0.0 deg
[cluster_plot_node-13] [INFO] [1789878526.158077537] [lidar_clustering]: points=346, clusters=1, tracks=1
[vehicle_cmd_mux-11] [INFO] [1789878526.528014358] [vehicle_cmd_mux]: 모드: AVOID(라이다)
[vehicle_cmd_mux-11] [INFO] [1789878526.628103586] [vehicle_cmd_mux]: 모드: AUTO
[cluster_plot_node-13] [INFO] [1789878527.030422967] [lidar_clustering]: ID=15, X=2.06 m, Y=3.39 m, Width=1.86 m, Depth=3.49 m, Distance=3.97 m
[cluster_plot_node-13] [INFO] [1789878527.030655517] [lidar_clustering]: ID=16, X=1.00 m, Y=4.60 m, Width=0.01 m, Depth=0.04 m, Distance=4.71 m
[cluster_plot_node-13] [INFO] [1789878527.030844386] [lidar_clustering]: FollowGap: mode=CLEAR, direction=STRAIGHT, front=8.00 m, best_angle=0.0 deg
[cluster_plot_node-13] [INFO] [1789878527.899529151] [lidar_clustering]: ID=15, X=1.23 m, Y=4.32 m, Width=0.08 m, Depth=0.15 m, Distance=4.49 m
[cluster_plot_node-13] [INFO] [1789878527.899766851] [lidar_clustering]: ID=16, X=0.55 m, Y=5.58 m, Width=0.38 m, Depth=0.28 m, Distance=5.61 m
[cluster_plot_node-13] [INFO] [1789878527.900048481] [lidar_clustering]: FollowGap: mode=CLEAR, direction=STRAIGHT, front=8.00 m, best_angle=0.0 deg
[cluster_plot_node-13] [INFO] [1789878527.900323139] [lidar_clustering]: points=0, clusters=0, tracks=2
[cluster_plot_node-13] [WARN] [1789878528.249773138] [lidar_clustering]: LaserScan size changed. Tracker was reset.
[cluster_plot_node-13] [INFO] [1789878528.772055052] [lidar_clustering]: No confirmed obstacles.
[cluster_plot_node-13] [INFO] [1789878528.772299645] [lidar_clustering]: FollowGap: mode=BLOCKED, direction=STOP, front=0.82 m, best_angle=0.0 deg
[direct_localization_node-6] [INFO] [1789878528.827986128] [direct_localization]: pose: x=7.85 y=-47.78 yaw=95.4° v=2.76m/s [헤딩 정렬됨]
[vehicle_cmd_mux-11] [INFO] [1789878529.127937410] [vehicle_cmd_mux]: 모드: AVOID(라이다)
[vehicle_cmd_mux-11] [INFO] [1789878529.227968756] [vehicle_cmd_mux]: 모드: AUTO
[cluster_plot_node-13] [INFO] [1789878529.643243304] [lidar_clustering]: ID=1, X=0.56 m, Y=-0.45 m, Width=0.14 m, Depth=0.14 m, Distance=0.72 m
[cluster_plot_node-13] [INFO] [1789878529.643492685] [lidar_clustering]: ID=2, X=5.73 m, Y=5.53 m, Width=0.17 m, Depth=0.23 m, Distance=7.96 m
[cluster_plot_node-13] [INFO] [1789878529.643708784] [lidar_clustering]: FollowGap: mode=CLEAR, direction=STRAIGHT, front=8.00 m, best_angle=0.0 deg
[cluster_plot_node-13] [INFO] [1789878529.643915647] [lidar_clustering]: points=11, clusters=1, tracks=2
[cluster_plot_node-13] [INFO] [1789878530.511944469] [lidar_clustering]: ID=2, X=4.96 m, Y=6.03 m, Width=0.09 m, Depth=0.20 m, Distance=7.81 m
[cluster_plot_node-13] [INFO] [1789878530.512173602] [lidar_clustering]: ID=3, X=4.11 m, Y=6.26 m, Width=0.13 m, Depth=1.49 m, Distance=7.49 m
[cluster_plot_node-13] [INFO] [1789878530.512366719] [lidar_clustering]: ID=4, X=0.34 m, Y=4.86 m, Width=0.00 m, Depth=0.05 m, Distance=4.87 m
[cluster_plot_node-13] [INFO] [1789878530.512564836] [lidar_clustering]: FollowGap: mode=CLEAR, direction=STRAIGHT, front=8.00 m, best_angle=0.0 deg
[serial_bridge-12] [WARN] [1789878530.738617182] [serial_bridge_node]: ⚠ 공급전압 강하: VMIN=4278mV — 배터리/전원 확인
[vrs_ntrip_client-3] [INFO] [1789878530.751940058] [ngii_vrs_ntrip_client]: [NTRIP 연결됨] RTCM 888프레임 발행, GGA 실측(37.28850,127.10712)
[cluster_plot_node-13] [INFO] [1789878531.377559189] [lidar_clustering]: ID=2, X=4.02 m, Y=6.71 m, Width=0.12 m, Depth=0.34 m, Distance=7.82 m
[cluster_plot_node-13] [INFO] [1789878531.377782602] [lidar_clustering]: ID=5, X=2.02 m, Y=6.63 m, Width=0.41 m, Depth=3.77 m, Distance=6.93 m
[cluster_plot_node-13] [INFO] [1789878531.377968456] [lidar_clustering]: FollowGap: mode=CLEAR, direction=STRAIGHT, front=8.00 m, best_angle=0.0 deg
[cluster_plot_node-13] [INFO] [1789878531.378147677] [lidar_clustering]: points=141, clusters=1, tracks=2
[direct_localization_node-6] [INFO] [1789878531.827898895] [direct_localization]: pose: x=10.65 y=-41.28 yaw=66.7° v=2.54m/s [헤딩 정렬됨]
[cluster_plot_node-13] [INFO] [1789878532.236748119] [lidar_clustering]: ID=5, X=2.26 m, Y=6.48 m, Width=0.25 m, Depth=4.24 m, Distance=6.86 m
[cluster_plot_node-13] [INFO] [1789878532.236983294] [lidar_clustering]: FollowGap: mode=CLEAR, direction=STRAIGHT, front=8.00 m, best_angle=0.0 deg
[cluster_plot_node-13] [INFO] [1789878533.108186304] [lidar_clustering]: ID=5, X=2.63 m, Y=6.05 m, Width=0.47 m, Depth=5.12 m, Distance=6.59 m
[cluster_plot_node-13] [INFO] [1789878533.108413885] [lidar_clustering]: FollowGap: mode=CLEAR, direction=STRAIGHT, front=8.00 m, best_angle=0.0 deg
[cluster_plot_node-13] [INFO] [1789878533.108601041] [lidar_clustering]: points=202, clusters=1, tracks=1
[serial_bridge-12] [WARN] [1789878533.745090049] [serial_bridge_node]: ⚠ 공급전압 강하: VMIN=4077mV — 배터리/전원 확인
[cluster_plot_node-13] [INFO] [1789878533.980723505] [lidar_clustering]: ID=2, X=2.75 m, Y=5.59 m, Width=0.84 m, Depth=5.83 m, Distance=6.23 m
[cluster_plot_node-13] [INFO] [1789878533.981031624] [lidar_clustering]: ID=5, X=0.70 m, Y=5.98 m, Width=0.06 m, Depth=0.25 m, Distance=6.02 m
[cluster_plot_node-13] [INFO] [1789878533.981253344] [lidar_clustering]: ID=7, X=0.52 m, Y=-0.23 m, Width=0.01 m, Depth=0.00 m, Distance=0.57 m
[cluster_plot_node-13] [INFO] [1789878533.981503627] [lidar_clustering]: FollowGap: mode=CLEAR, direction=STRAIGHT, front=8.00 m, best_angle=0.0 deg
[local_pure_pursuit_node-9] [WARN] [1789878534.228249456] [local_pure_pursuit]: odom 속도 3.2m/s — 비현실적이라 버린다 (직전 1.82 유지, 누적 145회). EKF twist 스파이크로 보이며 위치는 보통 멀쩡하다.
[direct_localization_node-6] [INFO] [1789878534.827911783] [direct_localization]: pose: x=13.18 y=-34.01 yaw=75.2° v=2.85m/s [헤딩 정렬됨]
[cluster_plot_node-13] [INFO] [1789878534.853081789] [lidar_clustering]: ID=2, X=2.85 m, Y=5.45 m, Width=0.47 m, Depth=5.66 m, Distance=6.15 m
[cluster_plot_node-13] [INFO] [1789878534.853305012] [lidar_clustering]: ID=5, X=0.91 m, Y=5.65 m, Width=0.31 m, Depth=1.77 m, Distance=5.72 m
[cluster_plot_node-13] [INFO] [1789878534.853492308] [lidar_clustering]: ID=8, X=4.84 m, Y=5.22 m, Width=0.21 m, Depth=2.10 m, Distance=7.12 m
[cluster_plot_node-13] [INFO] [1789878534.853677501] [lidar_clustering]: FollowGap: mode=CLEAR, direction=STRAIGHT, front=8.00 m, best_angle=0.0 deg
[cluster_plot_node-13] [INFO] [1789878534.853854628] [lidar_clustering]: points=227, clusters=1, tracks=3
[cluster_plot_node-13] [INFO] [1789878535.724211715] [lidar_clustering]: ID=2, X=2.20 m, Y=5.86 m, Width=0.69 m, Depth=4.30 m, Distance=6.26 m
[cluster_plot_node-13] [INFO] [1789878535.724435309] [lidar_clustering]: ID=7, X=0.64 m, Y=-0.29 m, Width=0.01 m, Depth=0.00 m, Distance=0.70 m
[cluster_plot_node-13] [INFO] [1789878535.724623697] [lidar_clustering]: FollowGap: mode=BLOCKED, direction=STOP, front=0.31 m, best_angle=0.0 deg
[vrs_ntrip_client-3] [INFO] [1789878535.751958767] [ngii_vrs_ntrip_client]: [NTRIP 연결됨] RTCM 916프레임 발행, GGA 실측(37.28860,127.10717)
[cluster_plot_node-13] [INFO] [1789878536.595338198] [lidar_clustering]: ID=2, X=1.29 m, Y=6.73 m, Width=1.23 m, Depth=2.10 m, Distance=6.85 m
[cluster_plot_node-13] [INFO] [1789878536.595623375] [lidar_clustering]: FollowGap: mode=CLEAR, direction=STRAIGHT, front=8.00 m, best_angle=0.0 deg
[cluster_plot_node-13] [INFO] [1789878536.595826711] [lidar_clustering]: points=75, clusters=1, tracks=1
[serial_bridge-12] [WARN] [1789878536.755847658] [serial_bridge_node]: ⚠ 공급전압 강하: VMIN=4214mV — 배터리/전원 확인
[cluster_plot_node-13] [INFO] [1789878537.466872988] [lidar_clustering]: ID=2, X=0.59 m, Y=7.71 m, Width=0.38 m, Depth=0.52 m, Distance=7.73 m
[cluster_plot_node-13] [INFO] [1789878537.467096070] [lidar_clustering]: FollowGap: mode=CLEAR, direction=STRAIGHT, front=8.00 m, best_angle=0.0 deg
[direct_localization_node-6] [INFO] [1789878537.828012851] [direct_localization]: pose: x=16.85 y=-27.07 yaw=68.4° v=3.11m/s [헤딩 정렬됨]
[cluster_plot_node-13] [INFO] [1789878538.332327436] [lidar_clustering]: ID=7, X=0.41 m, Y=0.15 m, Width=0.01 m, Depth=0.00 m, Distance=0.44 m
[cluster_plot_node-13] [INFO] [1789878538.332581196] [lidar_clustering]: FollowGap: mode=BLOCKED, direction=STOP, front=0.49 m, best_angle=0.0 deg
[cluster_plot_node-13] [INFO] [1789878538.332799509] [lidar_clustering]: points=5, clusters=1, tracks=1
[cluster_plot_node-13] [INFO] [1789878539.214275971] [lidar_clustering]: ID=9, X=0.37 m, Y=6.08 m, Width=0.08 m, Depth=0.10 m, Distance=6.09 m
[cluster_plot_node-13] [INFO] [1789878539.214507138] [lidar_clustering]: FollowGap: mode=CLEAR, direction=STRAIGHT, front=8.00 m, best_angle=0.0 deg
[vehicle_cmd_mux-11] [INFO] [1789878539.577937640] [vehicle_cmd_mux]: 모드: AVOID(라이다)
[vehicle_cmd_mux-11] [INFO] [1789878539.678195182] [vehicle_cmd_mux]: 모드: AUTO
[serial_bridge-12] [WARN] [1789878539.762406829] [serial_bridge_node]: ⚠ 공급전압 강하: VMIN=3300mV — 배터리/전원 확인
[cluster_plot_node-13] [INFO] [1789878540.071960696] [lidar_clustering]: ID=7, X=0.46 m, Y=-0.15 m, Width=0.01 m, Depth=0.00 m, Distance=0.49 m
[cluster_plot_node-13] [INFO] [1789878540.072179821] [lidar_clustering]: ID=9, X=0.38 m, Y=6.69 m, Width=0.01 m, Depth=0.10 m, Distance=6.70 m
[cluster_plot_node-13] [INFO] [1789878540.072358161] [lidar_clustering]: FollowGap: mode=CLEAR, direction=STRAIGHT, front=8.00 m, best_angle=0.0 deg
[cluster_plot_node-13] [INFO] [1789878540.072531862] [lidar_clustering]: points=0, clusters=0, tracks=2
[vrs_ntrip_client-3] [INFO] [1789878540.751898424] [ngii_vrs_ntrip_client]: [NTRIP 연결됨] RTCM 936프레임 발행, GGA 실측(37.28871,127.10721)
[direct_localization_node-6] [INFO] [1789878540.827937508] [direct_localization]: pose: x=17.58 y=-19.89 yaw=116.0° v=2.39m/s [헤딩 정렬됨]
[cluster_plot_node-13] [INFO] [1789878540.936929665] [lidar_clustering]: No confirmed obstacles.
[cluster_plot_node-13] [INFO] [1789878540.937138161] [lidar_clustering]: FollowGap: mode=CLEAR, direction=STRAIGHT, front=8.00 m, best_angle=0.0 deg
[cluster_plot_node-13] [WARN] [1789878541.112484003] [lidar_clustering]: LaserScan size changed. Tracker was reset.
[cluster_plot_node-13] [INFO] [1789878541.808424437] [lidar_clustering]: No confirmed obstacles.
[cluster_plot_node-13] [INFO] [1789878541.808646568] [lidar_clustering]: FollowGap: mode=CLEAR, direction=STRAIGHT, front=8.00 m, best_angle=0.0 deg
[cluster_plot_node-13] [INFO] [1789878541.808847029] [lidar_clustering]: points=0, clusters=0, tracks=0
[cluster_plot_node-13] [INFO] [1789878542.673999174] [lidar_clustering]: ID=1, X=0.45 m, Y=5.84 m, Width=0.07 m, Depth=0.15 m, Distance=5.86 m
[cluster_plot_node-13] [INFO] [1789878542.674223709] [lidar_clustering]: FollowGap: mode=CLEAR, direction=STRAIGHT, front=8.00 m, best_angle=0.0 deg
[serial_bridge-12] [WARN] [1789878542.777050738] [serial_bridge_node]: ⚠ 공급전압 강하: VMIN=3827mV — 배터리/전원 확인
[cluster_plot_node-13] [INFO] [1789878543.550680604] [lidar_clustering]: ID=1, X=1.47 m, Y=6.52 m, Width=0.43 m, Depth=2.67 m, Distance=6.69 m
[cluster_plot_node-13] [INFO] [1789878543.550903225] [lidar_clustering]: ID=2, X=0.92 m, Y=5.88 m, Width=0.22 m, Depth=0.64 m, Distance=5.95 m
[cluster_plot_node-13] [INFO] [1789878543.551085883] [lidar_clustering]: ID=3, X=7.56 m, Y=-1.58 m, Width=0.10 m, Depth=0.02 m, Distance=7.72 m
[cluster_plot_node-13] [INFO] [1789878543.551265485] [lidar_clustering]: FollowGap: mode=CLEAR, direction=STRAIGHT, front=8.00 m, best_angle=0.0 deg
[cluster_plot_node-13] [INFO] [1789878543.551442403] [lidar_clustering]: points=106, clusters=2, tracks=3
[direct_localization_node-6] [INFO] [1789878543.827910429] [direct_localization]: pose: x=12.77 y=-14.70 yaw=148.3° v=2.54m/s [헤딩 정렬됨]
[cluster_plot_node-13] [INFO] [1789878544.415740623] [lidar_clustering]: ID=1, X=1.81 m, Y=6.56 m, Width=0.57 m, Depth=3.62 m, Distance=6.80 m
[cluster_plot_node-13] [INFO] [1789878544.416043073] [lidar_clustering]: ID=2, X=0.74 m, Y=6.41 m, Width=0.07 m, Depth=0.95 m, Distance=6.45 m
[cluster_plot_node-13] [INFO] [1789878544.416329853] [lidar_clustering]: ID=3, X=5.41 m, Y=-2.23 m, Width=0.07 m, Depth=0.03 m, Distance=5.85 m
[cluster_plot_node-13] [INFO] [1789878544.416614890] [lidar_clustering]: FollowGap: mode=CLEAR, direction=STRAIGHT, front=8.00 m, best_angle=0.0 deg
[cluster_plot_node-13] [INFO] [1789878545.286291711] [lidar_clustering]: ID=2, X=2.48 m, Y=6.26 m, Width=0.14 m, Depth=4.60 m, Distance=6.73 m
[cluster_plot_node-13] [INFO] [1789878545.286526004] [lidar_clustering]: ID=3, X=3.63 m, Y=-2.78 m, Width=0.05 m, Depth=0.04 m, Distance=4.58 m
[cluster_plot_node-13] [INFO] [1789878545.286723850] [lidar_clustering]: ID=4, X=0.39 m, Y=-0.08 m, Width=0.01 m, Depth=0.00 m, Distance=0.40 m
[cluster_plot_node-13] [INFO] [1789878545.286922948] [lidar_clustering]: FollowGap: mode=BLOCKED, direction=STOP, front=0.44 m, best_angle=0.0 deg
[cluster_plot_node-13] [INFO] [1789878545.287114522] [lidar_clustering]: points=174, clusters=2, tracks=3
[vrs_ntrip_client-3] [INFO] [1789878545.752054800] [ngii_vrs_ntrip_client]: [NTRIP 연결됨] RTCM 964프레임 발행, GGA 실측(37.28878,127.10711)
[serial_bridge-12] [WARN] [1789878545.782788110] [serial_bridge_node]: ⚠ 공급전압 강하: VMIN=3934mV — 배터리/전원 확인
[cluster_plot_node-13] [INFO] [1789878546.158494696] [lidar_clustering]: ID=1, X=2.89 m, Y=5.85 m, Width=0.44 m, Depth=5.08 m, Distance=6.52 m
[cluster_plot_node-13] [INFO] [1789878546.158730933] [lidar_clustering]: ID=2, X=2.75 m, Y=5.78 m, Width=0.53 m, Depth=5.41 m, Distance=6.40 m
[cluster_plot_node-13] [INFO] [1789878546.158924791] [lidar_clustering]: ID=5, X=0.42 m, Y=6.14 m, Width=0.04 m, Depth=0.21 m, Distance=6.16 m
[cluster_plot_node-13] [INFO] [1789878546.159113751] [lidar_clustering]: FollowGap: mode=BLOCKED, direction=STOP, front=0.31 m, best_angle=0.0 deg
[direct_localization_node-6] [INFO] [1789878546.827867053] [direct_localization]: pose: x=5.95 y=-11.64 yaw=166.4° v=2.87m/s [헤딩 정렬됨]
[cluster_plot_node-13] [INFO] [1789878547.024318756] [lidar_clustering]: ID=1, X=3.06 m, Y=5.53 m, Width=0.46 m, Depth=5.33 m, Distance=6.32 m
[cluster_plot_node-13] [INFO] [1789878547.024545606] [lidar_clustering]: ID=2, X=2.91 m, Y=5.51 m, Width=0.59 m, Depth=5.69 m, Distance=6.23 m
[cluster_plot_node-13] [INFO] [1789878547.024743221] [lidar_clustering]: ID=5, X=0.38 m, Y=5.90 m, Width=0.01 m, Depth=0.14 m, Distance=5.91 m
[cluster_plot_node-13] [INFO] [1789878547.024933764] [lidar_clustering]: FollowGap: mode=CLEAR, direction=STRAIGHT, front=8.00 m, best_angle=0.0 deg
[cluster_plot_node-13] [INFO] [1789878547.025124106] [lidar_clustering]: points=219, clusters=1, tracks=3
[cluster_plot_node-13] [INFO] [1789878547.895999763] [lidar_clustering]: ID=1, X=2.84 m, Y=5.48 m, Width=0.34 m, Depth=5.31 m, Distance=6.17 m
[cluster_plot_node-13] [INFO] [1789878547.896222475] [lidar_clustering]: ID=2, X=2.69 m, Y=5.52 m, Width=0.25 m, Depth=5.44 m, Distance=6.14 m
[cluster_plot_node-13] [INFO] [1789878547.896436681] [lidar_clustering]: FollowGap: mode=CLEAR, direction=STRAIGHT, front=8.00 m, best_angle=0.0 deg
[cluster_plot_node-13] [INFO] [1789878548.768089338] [lidar_clustering]: ID=2, X=2.17 m, Y=5.92 m, Width=0.43 m, Depth=4.00 m, Distance=6.31 m
[cluster_plot_node-13] [INFO] [1789878548.768323812] [lidar_clustering]: FollowGap: mode=CLEAR, direction=STRAIGHT, front=8.00 m, best_angle=0.0 deg
[cluster_plot_node-13] [INFO] [1789878548.768516559] [lidar_clustering]: points=158, clusters=1, tracks=1
[serial_bridge-12] [WARN] [1789878549.395328368] [serial_bridge_node]: ⚠ 공급전압 강하: VMIN=4278mV — 배터리/전원 확인
[cluster_plot_node-13] [INFO] [1789878549.633167648] [lidar_clustering]: ID=1, X=3.28 m, Y=6.56 m, Width=0.18 m, Depth=0.14 m, Distance=7.34 m
[cluster_plot_node-13] [INFO] [1789878549.633408444] [lidar_clustering]: ID=2, X=1.34 m, Y=6.63 m, Width=0.43 m, Depth=1.93 m, Distance=6.76 m
[cluster_plot_node-13] [INFO] [1789878549.633618823] [lidar_clustering]: FollowGap: mode=CLEAR, direction=STRAIGHT, front=8.00 m, best_angle=0.0 deg
[direct_localization_node-6] [INFO] [1789878549.828035391] [direct_localization]: pose: x=-1.08 y=-8.46 yaw=151.9° v=2.60m/s [헤딩 정렬됨]
[cluster_plot_node-13] [INFO] [1789878550.511525693] [lidar_clustering]: ID=1, X=3.05 m, Y=6.80 m, Width=0.04 m, Depth=0.10 m, Distance=7.45 m
[cluster_plot_node-13] [INFO] [1789878550.511752051] [lidar_clustering]: ID=2, X=1.21 m, Y=7.08 m, Width=0.31 m, Depth=1.86 m, Distance=7.18 m
[cluster_plot_node-13] [INFO] [1789878550.511958994] [lidar_clustering]: FollowGap: mode=CLEAR, direction=STRAIGHT, front=8.00 m, best_angle=0.0 deg
[cluster_plot_node-13] [INFO] [1789878550.512142343] [lidar_clustering]: points=67, clusters=1, tracks=2
[local_pure_pursuit_node-9] [WARN] [1789878550.528349549] [local_pure_pursuit]: odom 속도 3.1m/s — 비현실적이라 버린다 (직전 2.15 유지, 누적 154회). EKF twist 스파이크로 보이며 위치는 보통 멀쩡하다.
[vrs_ntrip_client-3] [INFO] [1789878550.752147423] [ngii_vrs_ntrip_client]: [NTRIP 연결됨] RTCM 984프레임 발행, GGA 실측(37.28882,127.10697)
[cluster_plot_node-13] [INFO] [1789878551.382930990] [lidar_clustering]: ID=2, X=1.35 m, Y=7.19 m, Width=0.45 m, Depth=2.60 m, Distance=7.32 m
[cluster_plot_node-13] [INFO] [1789878551.383164342] [lidar_clustering]: ID=6, X=0.80 m, Y=-0.24 m, Width=0.01 m, Depth=0.00 m, Distance=0.83 m
[cluster_plot_node-13] [INFO] [1789878551.383375011] [lidar_clustering]: FollowGap: mode=CLEAR, direction=STRAIGHT, front=8.00 m, best_angle=0.0 deg
[cluster_plot_node-13] [INFO] [1789878552.255543202] [lidar_clustering]: ID=1, X=2.43 m, Y=7.15 m, Width=0.16 m, Depth=2.10 m, Distance=7.55 m
[cluster_plot_node-13] [INFO] [1789878552.255770182] [lidar_clustering]: ID=2, X=0.70 m, Y=7.07 m, Width=0.16 m, Depth=0.74 m, Distance=7.11 m
[cluster_plot_node-13] [INFO] [1789878552.255953832] [lidar_clustering]: ID=6, X=0.56 m, Y=-0.16 m, Width=0.01 m, Depth=0.00 m, Distance=0.58 m
[cluster_plot_node-13] [INFO] [1789878552.256145496] [lidar_clustering]: FollowGap: mode=BLOCKED, direction=STOP, front=0.47 m, best_angle=0.0 deg
[cluster_plot_node-13] [INFO] [1789878552.256329116] [lidar_clustering]: points=111, clusters=3, tracks=3
[serial_bridge-12] [WARN] [1789878552.405468821] [serial_bridge_node]: ⚠ 공급전압 강하: VMIN=4018mV — 배터리/전원 확인
[direct_localization_node-6] [INFO] [1789878552.827875324] [direct_localization]: pose: x=-7.93 y=-5.45 yaw=168.3° v=2.62m/s [헤딩 정렬됨]
[cluster_plot_node-13] [INFO] [1789878553.127022973] [lidar_clustering]: ID=1, X=2.90 m, Y=7.15 m, Width=0.11 m, Depth=0.61 m, Distance=7.71 m
[cluster_plot_node-13] [INFO] [1789878553.127242739] [lidar_clustering]: ID=2, X=1.18 m, Y=7.11 m, Width=0.15 m, Depth=2.36 m, Distance=7.20 m
[cluster_plot_node-13] [INFO] [1789878553.127427160] [lidar_clustering]: FollowGap: mode=CLEAR, direction=STRAIGHT, front=8.00 m, best_angle=0.0 deg
[cluster_plot_node-13] [INFO] [1789878553.998844367] [lidar_clustering]: ID=2, X=1.38 m, Y=7.41 m, Width=0.27 m, Depth=2.16 m, Distance=7.54 m
[cluster_plot_node-13] [INFO] [1789878553.999076006] [lidar_clustering]: ID=6, X=0.80 m, Y=-0.31 m, Width=0.01 m, Depth=0.01 m, Distance=0.85 m
[cluster_plot_node-13] [INFO] [1789878553.999271547] [lidar_clustering]: FollowGap: mode=CLEAR, direction=STRAIGHT, front=8.00 m, best_angle=0.0 deg
[cluster_plot_node-13] [INFO] [1789878553.999467901] [lidar_clustering]: points=79, clusters=1, tracks=2
[cluster_plot_node-13] [INFO] [1789878554.873569657] [lidar_clustering]: ID=2, X=0.46 m, Y=7.95 m, Width=0.02 m, Depth=0.14 m, Distance=7.96 m
[cluster_plot_node-13] [INFO] [1789878554.873808259] [lidar_clustering]: FollowGap: mode=CLEAR, direction=STRAIGHT, front=8.00 m, best_angle=0.0 deg
[serial_bridge-12] [WARN] [1789878555.563556623] [serial_bridge_node]: ⚠ 공급전압 강하: VMIN=4295mV — 배터리/전원 확인
[cluster_plot_node-13] [INFO] [1789878555.744912654] [lidar_clustering]: No confirmed obstacles.
[cluster_plot_node-13] [INFO] [1789878555.745152418] [lidar_clustering]: FollowGap: mode=CLEAR, direction=STRAIGHT, front=8.00 m, best_angle=0.0 deg
[cluster_plot_node-13] [INFO] [1789878555.745361444] [lidar_clustering]: points=0, clusters=0, tracks=0
[vrs_ntrip_client-3] [INFO] [1789878555.751925065] [ngii_vrs_ntrip_client]: [NTRIP 연결됨] RTCM 1012프레임 발행, GGA 실측(37.28886,127.10684)
[direct_localization_node-6] [INFO] [1789878555.827890122] [direct_localization]: pose: x=-15.35 y=-2.27 yaw=152.4° v=2.92m/s [헤딩 정렬됨]
[local_pure_pursuit_node-9] [WARN] [1789878556.228491608] [local_pure_pursuit]: odom 속도 3.1m/s — 비현실적이라 버린다 (직전 1.93 유지, 누적 166회). EKF twist 스파이크로 보이며 위치는 보통 멀쩡하다.
[cluster_plot_node-13] [INFO] [1789878556.622284835] [lidar_clustering]: No confirmed obstacles.
[cluster_plot_node-13] [INFO] [1789878556.622502177] [lidar_clustering]: FollowGap: mode=CLEAR, direction=STRAIGHT, front=8.00 m, best_angle=0.0 deg
[cluster_plot_node-13] [INFO] [1789878557.494256880] [lidar_clustering]: No confirmed obstacles.
[cluster_plot_node-13] [INFO] [1789878557.494501483] [lidar_clustering]: FollowGap: mode=CLEAR, direction=STRAIGHT, front=8.00 m, best_angle=0.0 deg
[cluster_plot_node-13] [INFO] [1789878557.494695762] [lidar_clustering]: points=16, clusters=2, tracks=0
[vehicle_cmd_mux-11] [INFO] [1789878557.628216229] [vehicle_cmd_mux]: 모드: AVOID(라이다)
[vehicle_cmd_mux-11] [INFO] [1789878557.677896832] [vehicle_cmd_mux]: 모드: AUTO
[cluster_plot_node-13] [INFO] [1789878558.366295320] [lidar_clustering]: ID=7, X=5.97 m, Y=-2.42 m, Width=0.30 m, Depth=0.33 m, Distance=6.44 m
[cluster_plot_node-13] [INFO] [1789878558.366589475] [lidar_clustering]: ID=8, X=6.67 m, Y=-0.18 m, Width=0.09 m, Depth=0.00 m, Distance=6.67 m
[cluster_plot_node-13] [INFO] [1789878558.366812968] [lidar_clustering]: ID=10, X=6.51 m, Y=-1.77 m, Width=0.09 m, Depth=0.02 m, Distance=6.75 m
[cluster_plot_node-13] [INFO] [1789878558.367014711] [lidar_clustering]: ID=11, X=5.60 m, Y=-3.71 m, Width=0.61 m, Depth=0.21 m, Distance=6.71 m
[cluster_plot_node-13] [INFO] [1789878558.367218909] [lidar_clustering]: ID=12, X=6.84 m, Y=0.34 m, Width=0.14 m, Depth=0.01 m, Distance=6.85 m
[cluster_plot_node-13] [INFO] [1789878558.367420602] [lidar_clustering]: FollowGap: mode=CLEAR, direction=STRAIGHT, front=8.00 m, best_angle=0.0 deg
[serial_bridge-12] [WARN] [1789878558.573942561] [serial_bridge_node]: ⚠ 공급전압 강하: VMIN=3430mV — 배터리/전원 확인
[direct_localization_node-6] [INFO] [1789878558.827939533] [direct_localization]: pose: x=-22.55 y=-0.35 yaw=-167.4° v=2.30m/s [헤딩 정렬됨]
[cluster_plot_node-13] [INFO] [1789878559.230765985] [lidar_clustering]: ID=7, X=4.61 m, Y=-2.14 m, Width=0.09 m, Depth=0.12 m, Distance=5.08 m
[cluster_plot_node-13] [INFO] [1789878559.231047736] [lidar_clustering]: ID=8, X=5.00 m, Y=-1.58 m, Width=0.77 m, Depth=0.70 m, Distance=5.25 m
[cluster_plot_node-13] [INFO] [1789878559.231248107] [lidar_clustering]: ID=10, X=4.37 m, Y=-1.64 m, Width=0.15 m, Depth=0.16 m, Distance=4.67 m
[cluster_plot_node-13] [INFO] [1789878559.231457955] [lidar_clustering]: ID=11, X=2.83 m, Y=-3.89 m, Width=0.03 m, Depth=0.06 m, Distance=4.81 m
[cluster_plot_node-13] [INFO] [1789878559.231723496] [lidar_clustering]: ID=12, X=6.14 m, Y=-1.26 m, Width=0.06 m, Depth=0.02 m, Distance=6.27 m
[cluster_plot_node-13] [INFO] [1789878559.231927544] [lidar_clustering]: ID=13, X=4.63 m, Y=-1.73 m, Width=0.05 m, Depth=0.02 m, Distance=4.94 m
[cluster_plot_node-13] [INFO] [1789878559.232111965] [lidar_clustering]: ID=14, X=5.39 m, Y=-2.88 m, Width=0.07 m, Depth=0.04 m, Distance=6.11 m
[cluster_plot_node-13] [INFO] [1789878559.232301075] [lidar_clustering]: ID=15, X=3.72 m, Y=-3.19 m, Width=0.10 m, Depth=0.09 m, Distance=4.90 m
[cluster_plot_node-13] [INFO] [1789878559.232483412] [lidar_clustering]: ID=16, X=3.02 m, Y=-3.82 m, Width=0.19 m, Depth=0.45 m, Distance=4.87 m
[cluster_plot_node-13] [INFO] [1789878559.232676489] [lidar_clustering]: ID=17, X=7.48 m, Y=0.56 m, Width=0.10 m, Depth=0.01 m, Distance=7.50 m
[cluster_plot_node-13] [INFO] [1789878559.232861952] [lidar_clustering]: ID=18, X=6.45 m, Y=-0.25 m, Width=0.15 m, Depth=0.10 m, Distance=6.46 m
[cluster_plot_node-13] [INFO] [1789878559.233044550] [lidar_clustering]: FollowGap: mode=CLEAR, direction=STRAIGHT, front=8.00 m, best_angle=0.0 deg
[cluster_plot_node-13] [INFO] [1789878559.233228450] [lidar_clustering]: points=145, clusters=12, tracks=11
[cluster_plot_node-13] [INFO] [1789878560.092942108] [lidar_clustering]: ID=7, X=3.63 m, Y=-1.88 m, Width=0.09 m, Depth=0.06 m, Distance=4.09 m
[cluster_plot_node-13] [INFO] [1789878560.093419661] [lidar_clustering]: ID=8, X=4.60 m, Y=-1.45 m, Width=0.15 m, Depth=0.18 m, Distance=4.83 m
[cluster_plot_node-13] [INFO] [1789878560.093827485] [lidar_clustering]: ID=12, X=5.29 m, Y=-1.09 m, Width=0.15 m, Depth=0.04 m, Distance=5.40 m
[cluster_plot_node-13] [INFO] [1789878560.094104418] [lidar_clustering]: ID=13, X=3.95 m, Y=-1.75 m, Width=0.28 m, Depth=0.21 m, Distance=4.32 m
[cluster_plot_node-13] [INFO] [1789878560.094375769] [lidar_clustering]: ID=17, X=7.70 m, Y=0.58 m, Width=0.11 m, Depth=0.01 m, Distance=7.72 m
[cluster_plot_node-13] [INFO] [1789878560.094586680] [lidar_clustering]: ID=18, X=6.38 m, Y=-0.49 m, Width=0.09 m, Depth=0.01 m, Distance=6.40 m
[cluster_plot_node-13] [INFO] [1789878560.094788723] [lidar_clustering]: FollowGap: mode=CLEAR, direction=STRAIGHT, front=8.00 m, best_angle=0.0 deg
[vrs_ntrip_client-3] [INFO] [1789878560.751946604] [ngii_vrs_ntrip_client]: [NTRIP 연결됨] RTCM 1032프레임 발행, GGA 실측(37.28886,127.10671)
[cluster_plot_node-13] [INFO] [1789878560.957789804] [lidar_clustering]: ID=7, X=3.22 m, Y=-2.06 m, Width=0.04 m, Depth=0.03 m, Distance=3.82 m
[cluster_plot_node-13] [INFO] [1789878560.958038895] [lidar_clustering]: ID=8, X=4.48 m, Y=-1.63 m, Width=0.14 m, Depth=0.03 m, Distance=4.77 m
[cluster_plot_node-13] [INFO] [1789878560.958228656] [lidar_clustering]: ID=10, X=2.47 m, Y=-2.33 m, Width=0.30 m, Depth=0.57 m, Distance=3.39 m
[cluster_plot_node-13] [INFO] [1789878560.958415842] [lidar_clustering]: ID=12, X=5.01 m, Y=-1.24 m, Width=0.16 m, Depth=0.17 m, Distance=5.17 m
[cluster_plot_node-13] [INFO] [1789878560.958600564] [lidar_clustering]: ID=13, X=3.61 m, Y=-1.79 m, Width=0.15 m, Depth=0.19 m, Distance=4.03 m
[cluster_plot_node-13] [INFO] [1789878560.958789063] [lidar_clustering]: ID=18, X=5.89 m, Y=-0.98 m, Width=0.08 m, Depth=0.01 m, Distance=5.97 m
[cluster_plot_node-13] [INFO] [1789878560.959021603] [lidar_clustering]: ID=21, X=7.26 m, Y=-0.43 m, Width=0.10 m, Depth=0.01 m, Distance=7.27 m
[cluster_plot_node-13] [INFO] [1789878560.959247691] [lidar_clustering]: ID=22, X=3.03 m, Y=6.93 m, Width=0.37 m, Depth=1.13 m, Distance=7.56 m
[cluster_plot_node-13] [INFO] [1789878560.959439085] [lidar_clustering]: FollowGap: mode=CLEAR, direction=STRAIGHT, front=8.00 m, best_angle=0.0 deg
[cluster_plot_node-13] [INFO] [1789878560.959622244] [lidar_clustering]: points=86, clusters=6, tracks=8
[serial_bridge-12] [WARN] [1789878561.584325553] [serial_bridge_node]: ⚠ 공급전압 강하: VMIN=3538mV — 배터리/전원 확인
[cluster_plot_node-13] [INFO] [1789878561.825726488] [lidar_clustering]: ID=12, X=6.10 m, Y=-1.51 m, Width=0.09 m, Depth=0.02 m, Distance=6.28 m
[cluster_plot_node-13] [INFO] [1789878561.825973886] [lidar_clustering]: ID=13, X=3.39 m, Y=-1.98 m, Width=0.16 m, Depth=0.36 m, Distance=3.92 m
[cluster_plot_node-13] [INFO] [1789878561.826169849] [lidar_clustering]: ID=17, X=7.48 m, Y=-1.07 m, Width=0.10 m, Depth=0.02 m, Distance=7.56 m
[cluster_plot_node-13] [INFO] [1789878561.826353378] [lidar_clustering]: ID=18, X=4.95 m, Y=-1.95 m, Width=0.07 m, Depth=0.03 m, Distance=5.32 m
[cluster_plot_node-13] [INFO] [1789878561.826533131] [lidar_clustering]: ID=21, X=6.79 m, Y=-1.35 m, Width=0.34 m, Depth=0.56 m, Distance=6.93 m
[cluster_plot_node-13] [INFO] [1789878561.826719856] [lidar_clustering]: ID=22, X=3.63 m, Y=6.53 m, Width=0.39 m, Depth=1.07 m, Distance=7.47 m
[cluster_plot_node-13] [INFO] [1789878561.826899949] [lidar_clustering]: ID=23, X=3.06 m, Y=6.25 m, Width=0.71 m, Depth=2.44 m, Distance=6.96 m
[cluster_plot_node-13] [INFO] [1789878561.827079752] [lidar_clustering]: FollowGap: mode=CLEAR, direction=STRAIGHT, front=8.00 m, best_angle=0.0 deg
[direct_localization_node-6] [INFO] [1789878561.828039747] [direct_localization]: pose: x=-28.46 y=-3.71 yaw=-126.1° v=2.41m/s [헤딩 정렬됨]
[cluster_plot_node-13] [INFO] [1789878562.688875749] [lidar_clustering]: ID=8, X=4.27 m, Y=-2.61 m, Width=0.06 m, Depth=0.17 m, Distance=5.00 m
[cluster_plot_node-13] [INFO] [1789878562.689145057] [lidar_clustering]: ID=12, X=4.60 m, Y=-2.43 m, Width=0.27 m, Depth=0.96 m, Distance=5.21 m
[cluster_plot_node-13] [INFO] [1789878562.689343735] [lidar_clustering]: ID=17, X=6.88 m, Y=-2.20 m, Width=0.10 m, Depth=0.03 m, Distance=7.22 m
[cluster_plot_node-13] [INFO] [1789878562.689531382] [lidar_clustering]: ID=18, X=5.70 m, Y=-2.73 m, Width=0.08 m, Depth=0.04 m, Distance=6.32 m
[cluster_plot_node-13] [INFO] [1789878562.689725481] [lidar_clustering]: ID=21, X=5.98 m, Y=-2.23 m, Width=0.14 m, Depth=0.39 m, Distance=6.38 m
[cluster_plot_node-13] [INFO] [1789878562.689911956] [lidar_clustering]: ID=22, X=3.39 m, Y=5.84 m, Width=0.56 m, Depth=3.31 m, Distance=6.75 m
[cluster_plot_node-13] [INFO] [1789878562.690097139] [lidar_clustering]: ID=23, X=2.08 m, Y=6.00 m, Width=0.03 m, Depth=0.08 m, Distance=6.35 m
[cluster_plot_node-13] [INFO] [1789878562.690283363] [lidar_clustering]: FollowGap: mode=CLEAR, direction=STRAIGHT, front=8.00 m, best_angle=0.0 deg
[cluster_plot_node-13] [INFO] [1789878562.690469277] [lidar_clustering]: points=128, clusters=3, tracks=7
[cluster_plot_node-13] [INFO] [1789878563.552568157] [lidar_clustering]: ID=17, X=7.36 m, Y=-2.34 m, Width=0.31 m, Depth=0.20 m, Distance=7.72 m
[cluster_plot_node-13] [INFO] [1789878563.552803241] [lidar_clustering]: ID=18, X=5.66 m, Y=-2.58 m, Width=0.08 m, Depth=0.04 m, Distance=6.22 m
[cluster_plot_node-13] [INFO] [1789878563.553014482] [lidar_clustering]: ID=21, X=4.90 m, Y=-2.50 m, Width=0.11 m, Depth=0.40 m, Distance=5.50 m
[cluster_plot_node-13] [INFO] [1789878563.553220203] [lidar_clustering]: ID=23, X=2.49 m, Y=5.64 m, Width=0.60 m, Depth=5.03 m, Distance=6.16 m
[cluster_plot_node-13] [INFO] [1789878563.553425352] [lidar_clustering]: FollowGap: mode=CLEAR, direction=STRAIGHT, front=8.00 m, best_angle=0.0 deg
[local_pure_pursuit_node-9] [WARN] [1789878564.228248857] [local_pure_pursuit]: odom 속도 3.0m/s — 비현실적이라 버린다 (직전 2.21 유지, 누적 169회). EKF twist 스파이크로 보이며 위치는 보통 멀쩡하다.
[cluster_plot_node-13] [INFO] [1789878564.422543818] [lidar_clustering]: ID=8, X=4.50 m, Y=-3.43 m, Width=0.11 m, Depth=0.08 m, Distance=5.66 m
[cluster_plot_node-13] [INFO] [1789878564.422783301] [lidar_clustering]: ID=12, X=4.17 m, Y=-2.62 m, Width=0.15 m, Depth=0.78 m, Distance=4.93 m
[cluster_plot_node-13] [INFO] [1789878564.422994733] [lidar_clustering]: ID=13, X=3.35 m, Y=-2.69 m, Width=0.05 m, Depth=0.28 m, Distance=4.30 m
[cluster_plot_node-13] [INFO] [1789878564.423239936] [lidar_clustering]: ID=17, X=7.05 m, Y=-2.46 m, Width=0.32 m, Depth=0.93 m, Distance=7.47 m
[cluster_plot_node-13] [INFO] [1789878564.423446608] [lidar_clustering]: ID=18, X=6.01 m, Y=-2.50 m, Width=0.11 m, Depth=0.16 m, Distance=6.51 m
[cluster_plot_node-13] [INFO] [1789878564.423652790] [lidar_clustering]: ID=21, X=5.31 m, Y=-2.77 m, Width=0.07 m, Depth=0.04 m, Distance=5.99 m
[cluster_plot_node-13] [INFO] [1789878564.423906309] [lidar_clustering]: ID=22, X=1.12 m, Y=5.28 m, Width=0.01 m, Depth=0.07 m, Distance=5.39 m
[cluster_plot_node-13] [INFO] [1789878564.424198119] [lidar_clustering]: ID=23, X=2.56 m, Y=5.68 m, Width=0.40 m, Depth=5.07 m, Distance=6.23 m
[cluster_plot_node-13] [INFO] [1789878564.424405162] [lidar_clustering]: FollowGap: mode=CLEAR, direction=STRAIGHT, front=8.00 m, best_angle=0.0 deg
[cluster_plot_node-13] [INFO] [1789878564.424597417] [lidar_clustering]: points=262, clusters=5, tracks=8
[serial_bridge-12] [WARN] [1789878564.595962214] [serial_bridge_node]: ⚠ 공급전압 강하: VMIN=4198mV — 배터리/전원 확인
[direct_localization_node-6] [INFO] [1789878564.827985434] [direct_localization]: pose: x=-32.25 y=-10.20 yaw=-112.0° v=2.89m/s [헤딩 정렬됨]
[cluster_plot_node-13] [INFO] [1789878565.287472807] [lidar_clustering]: ID=8, X=3.83 m, Y=-2.55 m, Width=0.07 m, Depth=0.34 m, Distance=4.60 m
[cluster_plot_node-13] [INFO] [1789878565.287700358] [lidar_clustering]: ID=12, X=4.25 m, Y=-2.82 m, Width=0.06 m, Depth=0.04 m, Distance=5.10 m
[cluster_plot_node-13] [INFO] [1789878565.287884449] [lidar_clustering]: ID=13, X=3.09 m, Y=-2.64 m, Width=0.04 m, Depth=0.13 m, Distance=4.06 m
[cluster_plot_node-13] [INFO] [1789878565.288063400] [lidar_clustering]: ID=17, X=7.32 m, Y=-2.42 m, Width=0.10 m, Depth=0.03 m, Distance=7.71 m
[cluster_plot_node-13] [INFO] [1789878565.288240247] [lidar_clustering]: ID=18, X=6.11 m, Y=-2.40 m, Width=0.30 m, Depth=0.85 m, Distance=6.56 m
[cluster_plot_node-13] [INFO] [1789878565.288415691] [lidar_clustering]: ID=21, X=5.02 m, Y=-2.46 m, Width=0.12 m, Depth=0.59 m, Distance=5.59 m
[cluster_plot_node-13] [INFO] [1789878565.288589573] [lidar_clustering]: ID=23, X=2.58 m, Y=5.79 m, Width=0.38 m, Depth=4.71 m, Distance=6.34 m
[cluster_plot_node-13] [INFO] [1789878565.288772792] [lidar_clustering]: ID=24, X=6.93 m, Y=3.56 m, Width=0.31 m, Depth=0.07 m, Distance=7.80 m
[cluster_plot_node-13] [INFO] [1789878565.288952755] [lidar_clustering]: FollowGap: mode=CLEAR, direction=STRAIGHT, front=8.00 m, best_angle=0.0 deg
[vrs_ntrip_client-3] [INFO] [1789878565.751922242] [ngii_vrs_ntrip_client]: [NTRIP 연결됨] RTCM 1060프레임 발행, GGA 실측(37.28877,127.10663)
[cluster_plot_node-13] [INFO] [1789878566.158527499] [lidar_clustering]: ID=8, X=3.80 m, Y=-2.43 m, Width=0.22 m, Depth=0.93 m, Distance=4.51 m
[cluster_plot_node-13] [INFO] [1789878566.158821814] [lidar_clustering]: ID=12, X=4.84 m, Y=-2.48 m, Width=0.07 m, Depth=0.04 m, Distance=5.44 m
[cluster_plot_node-13] [INFO] [1789878566.159088978] [lidar_clustering]: ID=17, X=7.05 m, Y=-2.36 m, Width=0.10 m, Depth=0.03 m, Distance=7.43 m
[cluster_plot_node-13] [INFO] [1789878566.159400745] [lidar_clustering]: ID=18, X=4.52 m, Y=-3.15 m, Width=0.06 m, Depth=0.04 m, Distance=5.51 m
[cluster_plot_node-13] [INFO] [1789878566.159681955] [lidar_clustering]: ID=21, X=5.74 m, Y=-2.36 m, Width=0.13 m, Depth=0.14 m, Distance=6.21 m
[cluster_plot_node-13] [INFO] [1789878566.159982511] [lidar_clustering]: ID=23, X=2.20 m, Y=5.85 m, Width=0.23 m, Depth=3.78 m, Distance=6.25 m
[cluster_plot_node-13] [INFO] [1789878566.160274501] [lidar_clustering]: ID=24, X=6.46 m, Y=3.72 m, Width=0.29 m, Depth=0.13 m, Distance=7.46 m
[cluster_plot_node-13] [INFO] [1789878566.160554579] [lidar_clustering]: ID=25, X=4.23 m, Y=4.39 m, Width=0.29 m, Depth=0.13 m, Distance=6.10 m
[cluster_plot_node-13] [INFO] [1789878566.160850446] [lidar_clustering]: ID=26, X=2.88 m, Y=5.89 m, Width=0.27 m, Depth=3.55 m, Distance=6.56 m
[cluster_plot_node-13] [INFO] [1789878566.161086072] [lidar_clustering]: ID=27, X=5.21 m, Y=4.04 m, Width=0.07 m, Depth=0.06 m, Distance=6.60 m
[cluster_plot_node-13] [INFO] [1789878566.161374185] [lidar_clustering]: ID=28, X=4.62 m, Y=5.31 m, Width=0.06 m, Depth=0.08 m, Distance=7.04 m
[cluster_plot_node-13] [INFO] [1789878566.161657299] [lidar_clustering]: FollowGap: mode=CLEAR, direction=STRAIGHT, front=8.00 m, best_angle=0.0 deg
[cluster_plot_node-13] [INFO] [1789878566.161864222] [lidar_clustering]: points=239, clusters=6, tracks=11
[cluster_plot_node-13] [INFO] [1789878567.030340246] [lidar_clustering]: ID=8, X=4.17 m, Y=-2.44 m, Width=0.07 m, Depth=0.66 m, Distance=4.83 m
[cluster_plot_node-13] [INFO] [1789878567.030569310] [lidar_clustering]: ID=13, X=3.07 m, Y=-2.63 m, Width=0.06 m, Depth=0.52 m, Distance=4.04 m
[cluster_plot_node-13] [INFO] [1789878567.030762166] [lidar_clustering]: ID=17, X=6.54 m, Y=-2.50 m, Width=0.09 m, Depth=0.04 m, Distance=7.00 m
[cluster_plot_node-13] [INFO] [1789878567.030951577] [lidar_clustering]: ID=21, X=5.54 m, Y=-2.58 m, Width=0.08 m, Depth=0.04 m, Distance=6.11 m
[cluster_plot_node-13] [INFO] [1789878567.031137992] [lidar_clustering]: ID=22, X=0.87 m, Y=5.68 m, Width=0.16 m, Depth=0.97 m, Distance=5.74 m
[cluster_plot_node-13] [INFO] [1789878567.031334746] [lidar_clustering]: ID=23, X=1.45 m, Y=5.71 m, Width=0.10 m, Depth=2.07 m, Distance=5.89 m
[cluster_plot_node-13] [INFO] [1789878567.031522543] [lidar_clustering]: ID=24, X=4.54 m, Y=5.21 m, Width=0.07 m, Depth=0.12 m, Distance=6.91 m
[cluster_plot_node-13] [INFO] [1789878567.031709298] [lidar_clustering]: ID=25, X=2.77 m, Y=4.76 m, Width=0.19 m, Depth=0.34 m, Distance=5.51 m
[cluster_plot_node-13] [INFO] [1789878567.031892377] [lidar_clustering]: ID=26, X=2.44 m, Y=5.29 m, Width=0.03 m, Depth=0.07 m, Distance=5.82 m
[cluster_plot_node-13] [INFO] [1789878567.032081437] [lidar_clustering]: ID=27, X=3.53 m, Y=4.69 m, Width=0.06 m, Depth=0.13 m, Distance=5.87 m
[cluster_plot_node-13] [INFO] [1789878567.032263604] [lidar_clustering]: ID=28, X=3.17 m, Y=4.42 m, Width=0.08 m, Depth=0.13 m, Distance=5.44 m
[cluster_plot_node-13] [INFO] [1789878567.032449588] [lidar_clustering]: FollowGap: mode=CLEAR, direction=STRAIGHT, front=8.00 m, best_angle=0.0 deg
[serial_bridge-12] [WARN] [1789878567.601126189] [serial_bridge_node]: ⚠ 공급전압 강하: VMIN=3976mV — 배터리/전원 확인
[direct_localization_node-6] [INFO] [1789878567.827966775] [direct_localization]: pose: x=-35.52 y=-17.44 yaw=-103.6° v=2.42m/s [헤딩 정렬됨]
[cluster_plot_node-13] [WARN] [1789878567.899131467] [lidar_clustering]: LaserScan size changed. Tracker was reset.
[serial_bridge-12] [INFO] [1789878568.474317548] [serial_bridge_node]: 거버너 — 측정 1.01+0.99(선행) > 명령 1.34 (+0.66) → PWM 103 → 제동 -34
[cluster_plot_node-13] [INFO] [1789878568.792006061] [lidar_clustering]: ID=1, X=5.72 m, Y=-3.31 m, Width=0.20 m, Depth=1.23 m, Distance=6.61 m
[cluster_plot_node-13] [INFO] [1789878568.792238551] [lidar_clustering]: ID=2, X=1.10 m, Y=2.77 m, Width=1.27 m, Depth=0.78 m, Distance=2.98 m
[cluster_plot_node-13] [INFO] [1789878568.792456414] [lidar_clustering]: ID=3, X=7.02 m, Y=-3.37 m, Width=0.22 m, Depth=0.34 m, Distance=7.78 m
[cluster_plot_node-13] [INFO] [1789878568.792668897] [lidar_clustering]: ID=4, X=6.91 m, Y=-0.41 m, Width=1.03 m, Depth=1.99 m, Distance=6.92 m
[cluster_plot_node-13] [INFO] [1789878568.792870079] [lidar_clustering]: ID=5, X=7.61 m, Y=1.03 m, Width=0.06 m, Depth=0.18 m, Distance=7.68 m
[cluster_plot_node-13] [INFO] [1789878568.793069939] [lidar_clustering]: ID=6, X=5.73 m, Y=-0.45 m, Width=0.08 m, Depth=0.00 m, Distance=5.75 m
[cluster_plot_node-13] [INFO] [1789878568.793272463] [lidar_clustering]: ID=7, X=1.85 m, Y=5.27 m, Width=0.23 m, Depth=3.33 m, Distance=5.59 m
[cluster_plot_node-13] [INFO] [1789878568.793471752] [lidar_clustering]: ID=8, X=4.15 m, Y=5.48 m, Width=0.07 m, Depth=0.33 m, Distance=6.87 m
[cluster_plot_node-13] [INFO] [1789878568.793720943] [lidar_clustering]: ID=9, X=3.91 m, Y=5.34 m, Width=0.06 m, Depth=0.15 m, Distance=6.62 m
[cluster_plot_node-13] [INFO] [1789878568.793983839] [lidar_clustering]: FollowGap: mode=CLEAR, direction=STRAIGHT, front=8.00 m, best_angle=0.0 deg
[cluster_plot_node-13] [INFO] [1789878569.701319537] [lidar_clustering]: ID=1, X=6.10 m, Y=-3.63 m, Width=0.14 m, Depth=0.05 m, Distance=7.10 m
[cluster_plot_node-13] [INFO] [1789878569.701546988] [lidar_clustering]: ID=3, X=6.78 m, Y=-2.66 m, Width=0.18 m, Depth=1.13 m, Distance=7.28 m
[cluster_plot_node-13] [INFO] [1789878569.701753169] [lidar_clustering]: ID=6, X=4.79 m, Y=1.15 m, Width=1.20 m, Depth=1.01 m, Distance=4.93 m
[cluster_plot_node-13] [INFO] [1789878569.701958178] [lidar_clustering]: ID=7, X=1.95 m, Y=5.49 m, Width=0.03 m, Depth=0.17 m, Distance=5.82 m
[cluster_plot_node-13] [INFO] [1789878569.702197741] [lidar_clustering]: ID=8, X=3.38 m, Y=5.81 m, Width=0.04 m, Depth=0.08 m, Distance=6.72 m
[cluster_plot_node-13] [INFO] [1789878569.702389256] [lidar_clustering]: ID=9, X=2.61 m, Y=5.70 m, Width=0.04 m, Depth=0.15 m, Distance=6.26 m
[cluster_plot_node-13] [INFO] [1789878569.702575721] [lidar_clustering]: ID=10, X=4.45 m, Y=-3.13 m, Width=0.10 m, Depth=1.04 m, Distance=5.44 m
[cluster_plot_node-13] [INFO] [1789878569.702767495] [lidar_clustering]: FollowGap: mode=CLEAR, direction=STRAIGHT, front=8.00 m, best_angle=0.0 deg
[cluster_plot_node-13] [INFO] [1789878569.702955223] [lidar_clustering]: points=172, clusters=6, tracks=7
[vehicle_cmd_mux-11] [INFO] [1789878569.978044248] [vehicle_cmd_mux]: 모드: AVOID(라이다)
[serial_bridge-12] [INFO] [1789878570.124367727] [serial_bridge_node]: 거버너 — 측정 1.39+0.07(선행) > 명령 1.18 (+0.28) → PWM 58 → 32
[vehicle_cmd_mux-11] [INFO] [1789878570.278064166] [vehicle_cmd_mux]: 모드: AUTO
[vehicle_cmd_mux-11] [INFO] [1789878570.578095125] [vehicle_cmd_mux]: 모드: AVOID(라이다)
[cluster_plot_node-13] [INFO] [1789878570.578814837] [lidar_clustering]: ID=3, X=5.20 m, Y=-2.83 m, Width=0.91 m, Depth=3.29 m, Distance=5.92 m
[cluster_plot_node-13] [INFO] [1789878570.579118929] [lidar_clustering]: ID=6, X=4.12 m, Y=1.16 m, Width=1.36 m, Depth=1.13 m, Distance=4.28 m
[cluster_plot_node-13] [INFO] [1789878570.579408104] [lidar_clustering]: ID=7, X=2.13 m, Y=5.62 m, Width=0.06 m, Depth=0.16 m, Distance=6.01 m
[cluster_plot_node-13] [INFO] [1789878570.579695736] [lidar_clustering]: ID=9, X=2.53 m, Y=5.79 m, Width=0.03 m, Depth=0.08 m, Distance=6.32 m
[cluster_plot_node-13] [INFO] [1789878570.579974853] [lidar_clustering]: ID=10, X=4.45 m, Y=-2.66 m, Width=0.44 m, Depth=2.58 m, Distance=5.19 m
[cluster_plot_node-13] [INFO] [1789878570.580250993] [lidar_clustering]: ID=11, X=1.32 m, Y=5.48 m, Width=0.06 m, Depth=0.15 m, Distance=5.64 m
[cluster_plot_node-13] [INFO] [1789878570.580527605] [lidar_clustering]: ID=12, X=4.34 m, Y=-0.64 m, Width=2.94 m, Depth=2.92 m, Distance=4.39 m
[cluster_plot_node-13] [INFO] [1789878570.580814285] [lidar_clustering]: ID=14, X=0.93 m, Y=5.31 m, Width=0.05 m, Depth=0.44 m, Distance=5.39 m
[cluster_plot_node-13] [INFO] [1789878570.581093342] [lidar_clustering]: ID=15, X=2.24 m, Y=-3.16 m, Width=0.04 m, Depth=0.55 m, Distance=3.87 m
[cluster_plot_node-13] [INFO] [1789878570.581371466] [lidar_clustering]: FollowGap: mode=AVOID, direction=RIGHT, front=3.53 m, best_angle=-12.4 deg
[serial_bridge-12] [WARN] [1789878570.611611807] [serial_bridge_node]: ⚠ 공급전압 강하: VMIN=3538mV — 배터리/전원 확인
[vehicle_cmd_mux-11] [INFO] [1789878570.677895544] [vehicle_cmd_mux]: 모드: AUTO
[vrs_ntrip_client-3] [INFO] [1789878570.751954784] [ngii_vrs_ntrip_client]: [NTRIP 연결됨] RTCM 1080프레임 발행, GGA 실측(37.28868,127.10659)
[direct_localization_node-6] [INFO] [1789878570.828115622] [direct_localization]: pose: x=-37.37 y=-22.57 yaw=-101.8° v=1.41m/s [헤딩 정렬됨]
[cluster_plot_node-13] [INFO] [1789878571.435553602] [lidar_clustering]: ID=3, X=6.55 m, Y=-3.11 m, Width=0.15 m, Depth=1.55 m, Distance=7.25 m
[cluster_plot_node-13] [INFO] [1789878571.435849749] [lidar_clustering]: ID=11, X=2.03 m, Y=5.90 m, Width=0.03 m, Depth=0.08 m, Distance=6.24 m
[cluster_plot_node-13] [INFO] [1789878571.436133665] [lidar_clustering]: ID=14, X=1.22 m, Y=5.68 m, Width=0.47 m, Depth=0.99 m, Distance=5.81 m
[cluster_plot_node-13] [INFO] [1789878571.436412170] [lidar_clustering]: FollowGap: mode=CLEAR, direction=STRAIGHT, front=8.00 m, best_angle=0.0 deg
[cluster_plot_node-13] [INFO] [1789878571.436682400] [lidar_clustering]: points=61, clusters=2, tracks=3
[cluster_plot_node-13] [INFO] [1789878572.293417058] [lidar_clustering]: No confirmed obstacles.
[cluster_plot_node-13] [INFO] [1789878572.293724928] [lidar_clustering]: FollowGap: mode=CLEAR, direction=STRAIGHT, front=8.00 m, best_angle=0.0 deg
[cluster_plot_node-13] [INFO] [1789878573.152856983] [lidar_clustering]: ID=3, X=4.83 m, Y=-2.67 m, Width=0.09 m, Depth=4.06 m, Distance=5.52 m
[cluster_plot_node-13] [INFO] [1789878573.153086227] [lidar_clustering]: ID=10, X=4.37 m, Y=-2.73 m, Width=0.08 m, Depth=2.74 m, Distance=5.15 m
[cluster_plot_node-13] [INFO] [1789878573.153291908] [lidar_clustering]: ID=16, X=6.54 m, Y=-2.74 m, Width=0.10 m, Depth=0.63 m, Distance=7.09 m
[cluster_plot_node-13] [INFO] [1789878573.153485065] [lidar_clustering]: ID=17, X=7.56 m, Y=-1.62 m, Width=1.06 m, Depth=0.66 m, Distance=7.73 m
[cluster_plot_node-13] [INFO] [1789878573.153678894] [lidar_clustering]: FollowGap: mode=CLEAR, direction=STRAIGHT, front=8.00 m, best_angle=0.0 deg
[cluster_plot_node-13] [INFO] [1789878573.153864307] [lidar_clustering]: points=44, clusters=1, tracks=4
[serial_bridge-12] [WARN] [1789878573.622219246] [serial_bridge_node]: ⚠ 공급전압 강하: VMIN=3451mV — 배터리/전원 확인
[direct_localization_node-6] [INFO] [1789878573.828035170] [direct_localization]: pose: x=-38.76 y=-26.49 yaw=-99.2° v=1.71m/s [헤딩 정렬됨]
[cluster_plot_node-13] [INFO] [1789878574.012854611] [lidar_clustering]: ID=3, X=5.46 m, Y=-3.14 m, Width=0.11 m, Depth=0.04 m, Distance=6.30 m
[cluster_plot_node-13] [INFO] [1789878574.013186435] [lidar_clustering]: ID=10, X=4.97 m, Y=-3.44 m, Width=0.13 m, Depth=0.55 m, Distance=6.05 m
[cluster_plot_node-13] [INFO] [1789878574.013481531] [lidar_clustering]: ID=16, X=6.18 m, Y=-4.02 m, Width=0.24 m, Depth=0.12 m, Distance=7.38 m
[cluster_plot_node-13] [INFO] [1789878574.013747072] [lidar_clustering]: ID=17, X=6.56 m, Y=-1.66 m, Width=3.69 m, Depth=2.70 m, Distance=6.77 m
[cluster_plot_node-13] [INFO] [1789878574.013954426] [lidar_clustering]: FollowGap: mode=CLEAR, direction=STRAIGHT, front=8.00 m, best_angle=0.0 deg
[cluster_plot_node-13] [INFO] [1789878574.871161225] [lidar_clustering]: ID=3, X=5.71 m, Y=-2.09 m, Width=1.23 m, Depth=1.15 m, Distance=6.08 m
[cluster_plot_node-13] [INFO] [1789878574.871384488] [lidar_clustering]: ID=17, X=6.85 m, Y=-1.37 m, Width=0.08 m, Depth=0.00 m, Distance=6.98 m
[cluster_plot_node-13] [INFO] [1789878574.871574048] [lidar_clustering]: ID=18, X=7.87 m, Y=0.34 m, Width=0.34 m, Depth=0.15 m, Distance=7.88 m
[cluster_plot_node-13] [INFO] [1789878574.871767727] [lidar_clustering]: ID=19, X=7.50 m, Y=-0.55 m, Width=0.94 m, Depth=0.29 m, Distance=7.52 m
[cluster_plot_node-13] [INFO] [1789878574.871960233] [lidar_clustering]: FollowGap: mode=CLEAR, direction=STRAIGHT, front=8.00 m, best_angle=0.0 deg
[cluster_plot_node-13] [INFO] [1789878574.872148541] [lidar_clustering]: points=125, clusters=4, tracks=4
[cluster_plot_node-13] [INFO] [1789878575.736919345] [lidar_clustering]: ID=3, X=7.36 m, Y=-0.06 m, Width=1.18 m, Depth=0.51 m, Distance=7.36 m
[cluster_plot_node-13] [INFO] [1789878575.737142107] [lidar_clustering]: ID=10, X=4.26 m, Y=-2.94 m, Width=0.31 m, Depth=0.48 m, Distance=5.17 m
[cluster_plot_node-13] [INFO] [1789878575.737327520] [lidar_clustering]: ID=16, X=6.09 m, Y=-3.31 m, Width=0.10 m, Depth=0.17 m, Distance=6.94 m
[cluster_plot_node-13] [INFO] [1789878575.737513514] [lidar_clustering]: ID=17, X=6.47 m, Y=-1.57 m, Width=0.35 m, Depth=0.10 m, Distance=6.66 m
[cluster_plot_node-13] [INFO] [1789878575.737698947] [lidar_clustering]: ID=18, X=7.67 m, Y=0.53 m, Width=0.92 m, Depth=0.49 m, Distance=7.69 m
[cluster_plot_node-13] [INFO] [1789878575.737880823] [lidar_clustering]: ID=19, X=5.64 m, Y=-2.23 m, Width=0.91 m, Depth=0.57 m, Distance=6.07 m
[cluster_plot_node-13] [INFO] [1789878575.738060786] [lidar_clustering]: ID=20, X=6.76 m, Y=-1.74 m, Width=0.35 m, Depth=0.13 m, Distance=6.98 m
[cluster_plot_node-13] [INFO] [1789878575.738238215] [lidar_clustering]: ID=21, X=5.14 m, Y=-2.96 m, Width=0.14 m, Depth=0.08 m, Distance=5.93 m
[cluster_plot_node-13] [INFO] [1789878575.738423778] [lidar_clustering]: FollowGap: mode=CLEAR, direction=STRAIGHT, front=8.00 m, best_angle=0.0 deg
[vrs_ntrip_client-3] [INFO] [1789878575.751942928] [ngii_vrs_ntrip_client]: [NTRIP 연결됨] RTCM 1108프레임 발행, GGA 실측(37.28861,127.10658)
[cluster_plot_node-13] [INFO] [1789878576.602583142] [lidar_clustering]: ID=3, X=7.72 m, Y=-0.02 m, Width=0.94 m, Depth=0.61 m, Distance=7.72 m
[cluster_plot_node-13] [INFO] [1789878576.602827154] [lidar_clustering]: ID=17, X=5.85 m, Y=-2.10 m, Width=0.08 m, Depth=0.03 m, Distance=6.21 m
[cluster_plot_node-13] [INFO] [1789878576.603046469] [lidar_clustering]: ID=18, X=6.56 m, Y=-0.81 m, Width=0.77 m, Depth=0.69 m, Distance=6.61 m
[cluster_plot_node-13] [INFO] [1789878576.603246810] [lidar_clustering]: ID=20, X=6.71 m, Y=-1.38 m, Width=0.07 m, Depth=0.02 m, Distance=6.85 m
[cluster_plot_node-13] [INFO] [1789878576.603439056] [lidar_clustering]: ID=23, X=5.27 m, Y=-2.03 m, Width=0.19 m, Depth=0.16 m, Distance=5.65 m
[cluster_plot_node-13] [INFO] [1789878576.603625490] [lidar_clustering]: ID=24, X=7.53 m, Y=-1.52 m, Width=0.11 m, Depth=0.02 m, Distance=7.68 m
[cluster_plot_node-13] [INFO] [1789878576.603827855] [lidar_clustering]: ID=25, X=5.98 m, Y=5.27 m, Width=0.45 m, Depth=0.38 m, Distance=7.97 m
[cluster_plot_node-13] [INFO] [1789878576.604035279] [lidar_clustering]: ID=26, X=0.49 m, Y=6.41 m, Width=0.01 m, Depth=0.09 m, Distance=6.43 m
[cluster_plot_node-13] [INFO] [1789878576.604270303] [lidar_clustering]: ID=27, X=5.77 m, Y=-1.51 m, Width=0.47 m, Depth=0.49 m, Distance=5.96 m
[cluster_plot_node-13] [INFO] [1789878576.604536836] [lidar_clustering]: ID=28, X=3.04 m, Y=7.15 m, Width=0.26 m, Depth=0.44 m, Distance=7.77 m
[cluster_plot_node-13] [INFO] [1789878576.604780257] [lidar_clustering]: FollowGap: mode=CLEAR, direction=STRAIGHT, front=8.00 m, best_angle=0.0 deg
[cluster_plot_node-13] [INFO] [1789878576.604989093] [lidar_clustering]: points=99, clusters=6, tracks=10
[serial_bridge-12] [WARN] [1789878576.628852950] [serial_bridge_node]: ⚠ 공급전압 강하: VMIN=3224mV — 배터리/전원 확인
[direct_localization_node-6] [INFO] [1789878576.828290464] [direct_localization]: pose: x=-37.79 y=-31.91 yaw=-52.0° v=2.08m/s [헤딩 정렬됨]
[cluster_plot_node-13] [INFO] [1789878577.470575299] [lidar_clustering]: ID=3, X=5.82 m, Y=-1.72 m, Width=0.31 m, Depth=0.50 m, Distance=6.07 m
[cluster_plot_node-13] [INFO] [1789878577.470822656] [lidar_clustering]: ID=17, X=5.68 m, Y=-2.49 m, Width=0.29 m, Depth=0.30 m, Distance=6.20 m
[cluster_plot_node-13] [INFO] [1789878577.471011836] [lidar_clustering]: ID=18, X=5.14 m, Y=-2.02 m, Width=0.10 m, Depth=0.11 m, Distance=5.52 m
[cluster_plot_node-13] [INFO] [1789878577.471197039] [lidar_clustering]: ID=20, X=7.05 m, Y=-1.16 m, Width=0.88 m, Depth=1.51 m, Distance=7.15 m
[cluster_plot_node-13] [INFO] [1789878577.471380418] [lidar_clustering]: ID=24, X=7.92 m, Y=-0.25 m, Width=0.11 m, Depth=0.03 m, Distance=7.93 m
[cluster_plot_node-13] [INFO] [1789878577.471659605] [lidar_clustering]: ID=25, X=6.76 m, Y=4.00 m, Width=0.31 m, Depth=0.14 m, Distance=7.86 m
[cluster_plot_node-13] [INFO] [1789878577.471936166] [lidar_clustering]: ID=26, X=0.70 m, Y=6.03 m, Width=0.05 m, Depth=0.25 m, Distance=6.07 m
[cluster_plot_node-13] [INFO] [1789878577.472321028] [lidar_clustering]: ID=27, X=6.39 m, Y=-1.93 m, Width=0.32 m, Depth=0.07 m, Distance=6.68 m
[cluster_plot_node-13] [INFO] [1789878577.472540685] [lidar_clustering]: ID=28, X=3.31 m, Y=6.35 m, Width=0.68 m, Depth=1.74 m, Distance=7.16 m
[cluster_plot_node-13] [INFO] [1789878577.472750142] [lidar_clustering]: FollowGap: mode=CLEAR, direction=STRAIGHT, front=8.00 m, best_angle=0.0 deg
[cluster_plot_node-13] [INFO] [1789878578.335220715] [lidar_clustering]: ID=3, X=5.81 m, Y=-1.90 m, Width=0.82 m, Depth=2.31 m, Distance=6.11 m
[cluster_plot_node-13] [INFO] [1789878578.335461812] [lidar_clustering]: ID=18, X=5.26 m, Y=-2.15 m, Width=0.75 m, Depth=0.97 m, Distance=5.68 m
[cluster_plot_node-13] [INFO] [1789878578.335671129] [lidar_clustering]: ID=20, X=7.44 m, Y=-1.56 m, Width=0.53 m, Depth=0.60 m, Distance=7.60 m
[cluster_plot_node-13] [INFO] [1789878578.335858415] [lidar_clustering]: ID=23, X=4.47 m, Y=-2.39 m, Width=0.19 m, Depth=0.42 m, Distance=5.07 m
[cluster_plot_node-13] [INFO] [1789878578.336038338] [lidar_clustering]: ID=24, X=6.18 m, Y=-1.87 m, Width=0.39 m, Depth=0.85 m, Distance=6.46 m
[cluster_plot_node-13] [INFO] [1789878578.336215386] [lidar_clustering]: ID=27, X=5.42 m, Y=-2.12 m, Width=0.15 m, Depth=0.54 m, Distance=5.82 m
[cluster_plot_node-13] [INFO] [1789878578.336397843] [lidar_clustering]: ID=28, X=4.45 m, Y=6.31 m, Width=0.24 m, Depth=0.77 m, Distance=7.72 m
[cluster_plot_node-13] [INFO] [1789878578.336577926] [lidar_clustering]: ID=29, X=4.09 m, Y=6.25 m, Width=0.44 m, Depth=1.18 m, Distance=7.47 m
[cluster_plot_node-13] [INFO] [1789878578.336759582] [lidar_clustering]: ID=30, X=3.02 m, Y=6.10 m, Width=0.20 m, Depth=1.71 m, Distance=6.81 m
[cluster_plot_node-13] [INFO] [1789878578.336939585] [lidar_clustering]: ID=31, X=2.51 m, Y=6.03 m, Width=0.07 m, Depth=0.50 m, Distance=6.53 m
[cluster_plot_node-13] [INFO] [1789878578.337120260] [lidar_clustering]: FollowGap: mode=CLEAR, direction=STRAIGHT, front=8.00 m, best_angle=0.0 deg
[cluster_plot_node-13] [INFO] [1789878578.337305172] [lidar_clustering]: points=101, clusters=4, tracks=10
[cluster_plot_node-13] [INFO] [1789878579.205385795] [lidar_clustering]: ID=3, X=6.04 m, Y=-2.33 m, Width=0.10 m, Depth=0.27 m, Distance=6.47 m
[cluster_plot_node-13] [INFO] [1789878579.205656677] [lidar_clustering]: ID=10, X=3.18 m, Y=-2.53 m, Width=0.09 m, Depth=0.21 m, Distance=4.06 m
[cluster_plot_node-13] [INFO] [1789878579.205867016] [lidar_clustering]: ID=17, X=5.41 m, Y=-2.41 m, Width=0.14 m, Depth=0.35 m, Distance=5.92 m
[cluster_plot_node-13] [INFO] [1789878579.206068138] [lidar_clustering]: ID=18, X=4.94 m, Y=-2.20 m, Width=0.23 m, Depth=0.70 m, Distance=5.40 m
[cluster_plot_node-13] [INFO] [1789878579.206259031] [lidar_clustering]: ID=19, X=4.27 m, Y=-2.78 m, Width=0.04 m, Depth=0.03 m, Distance=5.09 m
[cluster_plot_node-13] [INFO] [1789878579.206447249] [lidar_clustering]: ID=20, X=5.45 m, Y=-1.90 m, Width=0.40 m, Depth=0.89 m, Distance=5.77 m
[cluster_plot_node-13] [INFO] [1789878579.206634576] [lidar_clustering]: ID=23, X=3.90 m, Y=-2.28 m, Width=0.42 m, Depth=0.96 m, Distance=4.52 m
[cluster_plot_node-13] [INFO] [1789878579.206824497] [lidar_clustering]: ID=24, X=6.87 m, Y=-1.60 m, Width=0.53 m, Depth=0.87 m, Distance=7.06 m
[cluster_plot_node-13] [INFO] [1789878579.207091882] [lidar_clustering]: ID=26, X=1.14 m, Y=5.93 m, Width=0.46 m, Depth=1.93 m, Distance=6.04 m
[cluster_plot_node-13] [INFO] [1789878579.207404690] [lidar_clustering]: ID=27, X=5.26 m, Y=-2.15 m, Width=0.07 m, Depth=0.03 m, Distance=5.69 m
[cluster_plot_node-13] [INFO] [1789878579.207616222] [lidar_clustering]: ID=28, X=4.31 m, Y=6.32 m, Width=0.13 m, Depth=0.35 m, Distance=7.65 m
[cluster_plot_node-13] [INFO] [1789878579.207813787] [lidar_clustering]: ID=29, X=3.41 m, Y=6.29 m, Width=0.17 m, Depth=0.36 m, Distance=7.15 m
[cluster_plot_node-13] [INFO] [1789878579.208008487] [lidar_clustering]: ID=30, X=2.74 m, Y=6.13 m, Width=0.12 m, Depth=0.69 m, Distance=6.72 m
[cluster_plot_node-13] [INFO] [1789878579.208197357] [lidar_clustering]: ID=31, X=1.93 m, Y=5.90 m, Width=0.54 m, Depth=3.53 m, Distance=6.21 m
[cluster_plot_node-13] [INFO] [1789878579.208387929] [lidar_clustering]: FollowGap: mode=CLEAR, direction=STRAIGHT, front=8.00 m, best_angle=0.0 deg
[serial_bridge-12] [WARN] [1789878579.638782286] [serial_bridge_node]: ⚠ 공급전압 강하: VMIN=4167mV — 배터리/전원 확인
[direct_localization_node-6] [INFO] [1789878579.827870142] [direct_localization]: pose: x=-32.55 y=-36.44 yaw=-31.6° v=2.55m/s [헤딩 정렬됨]
[cluster_plot_node-13] [INFO] [1789878580.076920230] [lidar_clustering]: ID=3, X=7.50 m, Y=-0.93 m, Width=0.42 m, Depth=0.63 m, Distance=7.56 m
[cluster_plot_node-13] [INFO] [1789878580.077197553] [lidar_clustering]: ID=10, X=3.14 m, Y=-2.02 m, Width=0.38 m, Depth=0.91 m, Distance=3.73 m
[cluster_plot_node-13] [INFO] [1789878580.077387084] [lidar_clustering]: ID=17, X=6.14 m, Y=-1.60 m, Width=0.09 m, Depth=0.01 m, Distance=6.35 m
[cluster_plot_node-13] [INFO] [1789878580.077574300] [lidar_clustering]: ID=19, X=4.00 m, Y=-2.47 m, Width=0.17 m, Depth=0.18 m, Distance=4.70 m
[cluster_plot_node-13] [INFO] [1789878580.077762929] [lidar_clustering]: ID=20, X=4.75 m, Y=-1.63 m, Width=0.74 m, Depth=0.89 m, Distance=5.02 m
[cluster_plot_node-13] [INFO] [1789878580.077948693] [lidar_clustering]: ID=23, X=4.02 m, Y=-1.88 m, Width=0.22 m, Depth=0.74 m, Distance=4.43 m
[cluster_plot_node-13] [INFO] [1789878580.078130680] [lidar_clustering]: ID=24, X=6.15 m, Y=-1.27 m, Width=0.55 m, Depth=0.85 m, Distance=6.28 m
[cluster_plot_node-13] [INFO] [1789878580.078313328] [lidar_clustering]: ID=26, X=0.72 m, Y=6.60 m, Width=0.08 m, Depth=0.13 m, Distance=6.63 m
[cluster_plot_node-13] [INFO] [1789878580.078495986] [lidar_clustering]: ID=31, X=1.08 m, Y=6.13 m, Width=0.24 m, Depth=1.62 m, Distance=6.23 m
[cluster_plot_node-13] [INFO] [1789878580.078692439] [lidar_clustering]: FollowGap: mode=CLEAR, direction=STRAIGHT, front=8.00 m, best_angle=0.0 deg
[cluster_plot_node-13] [INFO] [1789878580.078881138] [lidar_clustering]: points=226, clusters=5, tracks=9
[vrs_ntrip_client-3] [INFO] [1789878580.751997856] [ngii_vrs_ntrip_client]: [NTRIP 연결됨] RTCM 1128프레임 발행, GGA 실측(37.28854,127.10667)
[cluster_plot_node-13] [INFO] [1789878580.941004094] [lidar_clustering]: ID=3, X=6.82 m, Y=-0.82 m, Width=0.40 m, Depth=0.80 m, Distance=6.87 m
[cluster_plot_node-13] [INFO] [1789878580.941331290] [lidar_clustering]: ID=10, X=2.35 m, Y=-1.86 m, Width=0.09 m, Depth=0.27 m, Distance=2.99 m
[cluster_plot_node-13] [INFO] [1789878580.941585109] [lidar_clustering]: ID=17, X=5.36 m, Y=-1.16 m, Width=0.53 m, Depth=0.85 m, Distance=5.48 m
[cluster_plot_node-13] [INFO] [1789878580.941856651] [lidar_clustering]: ID=18, X=5.07 m, Y=-1.71 m, Width=0.09 m, Depth=0.06 m, Distance=5.35 m
[cluster_plot_node-13] [INFO] [1789878580.942085164] [lidar_clustering]: ID=19, X=3.22 m, Y=-2.21 m, Width=0.11 m, Depth=0.09 m, Distance=3.90 m
[cluster_plot_node-13] [INFO] [1789878580.942289853] [lidar_clustering]: ID=20, X=2.90 m, Y=-1.63 m, Width=0.15 m, Depth=0.53 m, Distance=3.33 m
[cluster_plot_node-13] [INFO] [1789878580.942482870] [lidar_clustering]: ID=23, X=3.95 m, Y=-1.91 m, Width=0.30 m, Depth=0.27 m, Distance=4.38 m
[cluster_plot_node-13] [INFO] [1789878580.942682730] [lidar_clustering]: ID=24, X=3.90 m, Y=-1.41 m, Width=0.35 m, Depth=0.86 m, Distance=4.15 m
[cluster_plot_node-13] [INFO] [1789878580.942873392] [lidar_clustering]: ID=29, X=2.98 m, Y=6.92 m, Width=0.21 m, Depth=0.97 m, Distance=7.54 m
[cluster_plot_node-13] [INFO] [1789878580.943061731] [lidar_clustering]: ID=31, X=0.42 m, Y=6.40 m, Width=0.01 m, Depth=0.18 m, Distance=6.41 m
[cluster_plot_node-13] [INFO] [1789878580.943257182] [lidar_clustering]: FollowGap: mode=CLEAR, direction=STRAIGHT, front=8.00 m, best_angle=0.0 deg
[cluster_plot_node-13] [INFO] [1789878581.819488853] [lidar_clustering]: ID=3, X=7.29 m, Y=-1.09 m, Width=0.21 m, Depth=0.47 m, Distance=7.37 m
[cluster_plot_node-13] [INFO] [1789878581.819728456] [lidar_clustering]: ID=10, X=2.34 m, Y=-1.67 m, Width=0.13 m, Depth=0.63 m, Distance=2.87 m
[cluster_plot_node-13] [INFO] [1789878581.819948964] [lidar_clustering]: ID=17, X=5.92 m, Y=-1.27 m, Width=0.34 m, Depth=0.93 m, Distance=6.05 m
[cluster_plot_node-13] [INFO] [1789878581.820218393] [lidar_clustering]: ID=18, X=4.14 m, Y=-1.35 m, Width=0.12 m, Depth=0.51 m, Distance=4.36 m
[cluster_plot_node-13] [INFO] [1789878581.820500244] [lidar_clustering]: ID=20, X=3.10 m, Y=-1.53 m, Width=0.06 m, Depth=0.13 m, Distance=3.46 m
[cluster_plot_node-13] [INFO] [1789878581.820750527] [lidar_clustering]: ID=23, X=3.87 m, Y=-2.23 m, Width=0.20 m, Depth=0.19 m, Distance=4.47 m
[cluster_plot_node-13] [INFO] [1789878581.820972528] [lidar_clustering]: ID=24, X=3.45 m, Y=-1.51 m, Width=0.10 m, Depth=0.45 m, Distance=3.76 m
[cluster_plot_node-13] [INFO] [1789878581.821174291] [lidar_clustering]: ID=27, X=4.57 m, Y=-1.40 m, Width=0.14 m, Depth=0.70 m, Distance=4.78 m
[cluster_plot_node-13] [INFO] [1789878581.821365786] [lidar_clustering]: ID=29, X=3.21 m, Y=6.63 m, Width=1.35 m, Depth=4.06 m, Distance=7.37 m
[cluster_plot_node-13] [INFO] [1789878581.821555787] [lidar_clustering]: ID=30, X=2.14 m, Y=6.76 m, Width=0.59 m, Depth=2.86 m, Distance=7.09 m
[cluster_plot_node-13] [INFO] [1789878581.821752631] [lidar_clustering]: ID=31, X=0.38 m, Y=6.50 m, Width=0.01 m, Depth=0.09 m, Distance=6.52 m
[cluster_plot_node-13] [INFO] [1789878581.821952070] [lidar_clustering]: FollowGap: mode=BLOCKED, direction=STOP, front=1.52 m, best_angle=0.0 deg
[cluster_plot_node-13] [INFO] [1789878581.822141040] [lidar_clustering]: points=174, clusters=6, tracks=11
[local_pure_pursuit_node-9] [WARN] [1789878582.228330514] [local_pure_pursuit]: odom 속도 3.1m/s — 비현실적이라 버린다 (직전 1.94 유지, 누적 190회). EKF twist 스파이크로 보이며 위치는 보통 멀쩡하다.
[serial_bridge-12] [WARN] [1789878582.645141652] [serial_bridge_node]: ⚠ 공급전압 강하: VMIN=3788mV — 배터리/전원 확인
[cluster_plot_node-13] [INFO] [1789878582.690279790] [lidar_clustering]: ID=3, X=7.43 m, Y=-1.98 m, Width=0.17 m, Depth=0.12 m, Distance=7.69 m
[cluster_plot_node-13] [INFO] [1789878582.690507912] [lidar_clustering]: ID=10, X=2.20 m, Y=-1.77 m, Width=0.04 m, Depth=0.14 m, Distance=2.83 m
[cluster_plot_node-13] [INFO] [1789878582.690705708] [lidar_clustering]: ID=17, X=6.07 m, Y=-1.97 m, Width=0.22 m, Depth=0.88 m, Distance=6.38 m
[cluster_plot_node-13] [INFO] [1789878582.690892203] [lidar_clustering]: ID=18, X=3.54 m, Y=-1.87 m, Width=0.06 m, Depth=0.92 m, Distance=4.00 m
[cluster_plot_node-13] [INFO] [1789878582.691075192] [lidar_clustering]: ID=19, X=3.08 m, Y=-2.22 m, Width=0.21 m, Depth=0.13 m, Distance=3.80 m
[cluster_plot_node-13] [INFO] [1789878582.691339390] [lidar_clustering]: ID=23, X=4.52 m, Y=-2.36 m, Width=0.06 m, Depth=0.05 m, Distance=5.10 m
[cluster_plot_node-13] [INFO] [1789878582.691597849] [lidar_clustering]: ID=24, X=3.07 m, Y=-1.76 m, Width=0.07 m, Depth=0.85 m, Distance=3.54 m
[cluster_plot_node-13] [INFO] [1789878582.691799922] [lidar_clustering]: ID=27, X=4.66 m, Y=-1.95 m, Width=0.19 m, Depth=0.91 m, Distance=5.05 m
[cluster_plot_node-13] [INFO] [1789878582.691986287] [lidar_clustering]: ID=30, X=2.07 m, Y=6.58 m, Width=0.46 m, Depth=3.84 m, Distance=6.90 m
[cluster_plot_node-13] [INFO] [1789878582.692167523] [lidar_clustering]: ID=32, X=5.84 m, Y=4.88 m, Width=1.29 m, Depth=1.15 m, Distance=7.61 m
[cluster_plot_node-13] [INFO] [1789878582.692371851] [lidar_clustering]: FollowGap: mode=CLEAR, direction=STRAIGHT, front=8.00 m, best_angle=0.0 deg
[direct_localization_node-6] [INFO] [1789878582.827974705] [direct_localization]: pose: x=-25.92 y=-40.36 yaw=-15.3° v=2.64m/s [헤딩 정렬됨]
[cluster_plot_node-13] [INFO] [1789878583.569097208] [lidar_clustering]: ID=3, X=6.21 m, Y=-2.25 m, Width=0.19 m, Depth=0.27 m, Distance=6.61 m
[cluster_plot_node-13] [INFO] [1789878583.569328406] [lidar_clustering]: ID=17, X=7.00 m, Y=-2.90 m, Width=0.10 m, Depth=0.75 m, Distance=7.58 m
[cluster_plot_node-13] [INFO] [1789878583.569528286] [lidar_clustering]: ID=18, X=3.89 m, Y=-2.93 m, Width=0.05 m, Depth=0.14 m, Distance=4.87 m
[cluster_plot_node-13] [INFO] [1789878583.569740098] [lidar_clustering]: ID=19, X=2.92 m, Y=-2.48 m, Width=0.05 m, Depth=0.17 m, Distance=3.83 m
[cluster_plot_node-13] [INFO] [1789878583.569941621] [lidar_clustering]: ID=23, X=5.63 m, Y=-2.81 m, Width=0.26 m, Depth=1.30 m, Distance=6.29 m
[cluster_plot_node-13] [INFO] [1789878583.570129548] [lidar_clustering]: ID=27, X=3.86 m, Y=-2.56 m, Width=0.22 m, Depth=0.98 m, Distance=4.63 m
[cluster_plot_node-13] [INFO] [1789878583.570330480] [lidar_clustering]: ID=29, X=1.50 m, Y=5.35 m, Width=0.10 m, Depth=0.12 m, Distance=5.55 m
[cluster_plot_node-13] [INFO] [1789878583.570522726] [lidar_clustering]: ID=30, X=1.06 m, Y=5.63 m, Width=0.01 m, Depth=0.06 m, Distance=5.73 m
[cluster_plot_node-13] [INFO] [1789878583.570726954] [lidar_clustering]: ID=31, X=0.73 m, Y=6.35 m, Width=0.10 m, Depth=0.75 m, Distance=6.39 m
[cluster_plot_node-13] [INFO] [1789878583.570923738] [lidar_clustering]: ID=33, X=1.93 m, Y=6.35 m, Width=0.12 m, Depth=2.68 m, Distance=6.64 m
[cluster_plot_node-13] [INFO] [1789878583.571129198] [lidar_clustering]: FollowGap: mode=CLEAR, direction=STRAIGHT, front=8.00 m, best_angle=0.0 deg
[cluster_plot_node-13] [INFO] [1789878583.571323096] [lidar_clustering]: points=226, clusters=8, tracks=10
[cluster_plot_node-13] [INFO] [1789878584.447467912] [lidar_clustering]: ID=3, X=3.96 m, Y=-2.28 m, Width=0.09 m, Depth=0.15 m, Distance=4.57 m
[cluster_plot_node-13] [INFO] [1789878584.447711493] [lidar_clustering]: ID=17, X=6.98 m, Y=-3.24 m, Width=0.18 m, Depth=0.10 m, Distance=7.69 m
[cluster_plot_node-13] [INFO] [1789878584.447902927] [lidar_clustering]: ID=18, X=4.44 m, Y=-2.92 m, Width=0.06 m, Depth=0.26 m, Distance=5.31 m
[cluster_plot_node-13] [INFO] [1789878584.448098479] [lidar_clustering]: ID=19, X=3.65 m, Y=-2.79 m, Width=0.11 m, Depth=0.68 m, Distance=4.59 m
[cluster_plot_node-13] [INFO] [1789878584.448282158] [lidar_clustering]: ID=27, X=5.74 m, Y=-3.07 m, Width=0.12 m, Depth=0.95 m, Distance=6.51 m
[cluster_plot_node-13] [INFO] [1789878584.448463043] [lidar_clustering]: ID=29, X=0.61 m, Y=4.81 m, Width=0.01 m, Depth=0.07 m, Distance=4.85 m
[cluster_plot_node-13] [INFO] [1789878584.448641263] [lidar_clustering]: ID=30, X=1.37 m, Y=6.43 m, Width=0.02 m, Depth=0.09 m, Distance=6.57 m
[cluster_plot_node-13] [INFO] [1789878584.448824221] [lidar_clustering]: ID=31, X=0.56 m, Y=6.61 m, Width=0.09 m, Depth=0.49 m, Distance=6.63 m
[cluster_plot_node-13] [INFO] [1789878584.449001890] [lidar_clustering]: ID=33, X=1.92 m, Y=6.31 m, Width=0.02 m, Depth=0.09 m, Distance=6.60 m
[cluster_plot_node-13] [INFO] [1789878584.449190218] [lidar_clustering]: FollowGap: mode=CLEAR, direction=STRAIGHT, front=8.00 m, best_angle=0.0 deg
[cluster_plot_node-13] [INFO] [1789878585.324139103] [lidar_clustering]: ID=3, X=2.85 m, Y=-2.17 m, Width=0.07 m, Depth=0.12 m, Distance=3.59 m
[cluster_plot_node-13] [INFO] [1789878585.324374118] [lidar_clustering]: ID=17, X=6.92 m, Y=-2.87 m, Width=0.19 m, Depth=0.85 m, Distance=7.49 m
[cluster_plot_node-13] [INFO] [1789878585.324565622] [lidar_clustering]: ID=18, X=4.58 m, Y=-2.90 m, Width=0.07 m, Depth=0.94 m, Distance=5.42 m
[cluster_plot_node-13] [INFO] [1789878585.324754221] [lidar_clustering]: ID=19, X=3.83 m, Y=-2.77 m, Width=0.18 m, Depth=0.94 m, Distance=4.73 m
[cluster_plot_node-13] [INFO] [1789878585.324934435] [lidar_clustering]: ID=23, X=4.09 m, Y=-3.28 m, Width=0.14 m, Depth=0.18 m, Distance=5.24 m
[cluster_plot_node-13] [INFO] [1789878585.325113706] [lidar_clustering]: ID=27, X=5.46 m, Y=-2.87 m, Width=0.38 m, Depth=0.95 m, Distance=6.17 m
[cluster_plot_node-13] [INFO] [1789878585.325296725] [lidar_clustering]: FollowGap: mode=CLEAR, direction=STRAIGHT, front=8.00 m, best_angle=0.0 deg
[cluster_plot_node-13] [INFO] [1789878585.325477039] [lidar_clustering]: points=104, clusters=4, tracks=6
[vrs_ntrip_client-3] [INFO] [1789878585.751972974] [ngii_vrs_ntrip_client]: [NTRIP 연결됨] RTCM 1156프레임 발행, GGA 실측(37.28850,127.10681)
[direct_localization_node-6] [INFO] [1789878585.827968524] [direct_localization]: pose: x=-18.43 y=-42.95 yaw=-20.2° v=2.67m/s [헤딩 정렬됨]
[cluster_plot_node-13] [INFO] [1789878586.194851051] [lidar_clustering]: ID=17, X=6.39 m, Y=-2.03 m, Width=0.33 m, Depth=0.92 m, Distance=6.70 m
[cluster_plot_node-13] [INFO] [1789878586.195072681] [lidar_clustering]: ID=18, X=4.83 m, Y=-2.15 m, Width=0.28 m, Depth=0.92 m, Distance=5.28 m
[cluster_plot_node-13] [INFO] [1789878586.195262903] [lidar_clustering]: ID=19, X=5.60 m, Y=-2.88 m, Width=0.05 m, Depth=0.15 m, Distance=6.30 m
[cluster_plot_node-13] [INFO] [1789878586.195447425] [lidar_clustering]: ID=23, X=3.75 m, Y=-2.22 m, Width=0.07 m, Depth=0.25 m, Distance=4.35 m
[cluster_plot_node-13] [INFO] [1789878586.195631415] [lidar_clustering]: ID=27, X=7.25 m, Y=-2.25 m, Width=0.19 m, Depth=0.25 m, Distance=7.59 m
[cluster_plot_node-13] [INFO] [1789878586.195840582] [lidar_clustering]: FollowGap: mode=CLEAR, direction=STRAIGHT, front=8.00 m, best_angle=0.0 deg
[vehicle_cmd_mux-11] [INFO] [1789878586.478036200] [vehicle_cmd_mux]: 모드: AVOID(라이다)
[vehicle_cmd_mux-11] [INFO] [1789878586.577934785] [vehicle_cmd_mux]: 모드: AUTO
[serial_bridge-12] [WARN] [1789878586.904876519] [serial_bridge_node]: ⚠ 공급전압 강하: VMIN=4262mV — 배터리/전원 확인
[cluster_plot_node-13] [INFO] [1789878587.072758423] [lidar_clustering]: ID=3, X=2.62 m, Y=-1.90 m, Width=0.06 m, Depth=0.15 m, Distance=3.23 m
[cluster_plot_node-13] [INFO] [1789878587.072994390] [lidar_clustering]: ID=17, X=4.33 m, Y=-1.37 m, Width=0.26 m, Depth=1.00 m, Distance=4.54 m
[cluster_plot_node-13] [INFO] [1789878587.073187367] [lidar_clustering]: ID=18, X=6.60 m, Y=-1.00 m, Width=0.22 m, Depth=0.18 m, Distance=6.67 m
[cluster_plot_node-13] [INFO] [1789878587.073372980] [lidar_clustering]: ID=19, X=5.42 m, Y=-1.40 m, Width=0.33 m, Depth=0.90 m, Distance=5.60 m
[cluster_plot_node-13] [INFO] [1789878587.073555568] [lidar_clustering]: ID=23, X=3.36 m, Y=-1.59 m, Width=0.09 m, Depth=0.33 m, Distance=3.72 m
[cluster_plot_node-13] [INFO] [1789878587.073742364] [lidar_clustering]: ID=27, X=7.47 m, Y=-0.83 m, Width=0.09 m, Depth=0.39 m, Distance=7.51 m
[cluster_plot_node-13] [INFO] [1789878587.073933497] [lidar_clustering]: FollowGap: mode=CLEAR, direction=STRAIGHT, front=8.00 m, best_angle=0.0 deg
[cluster_plot_node-13] [INFO] [1789878587.074122778] [lidar_clustering]: points=80, clusters=4, tracks=6
[local_pure_pursuit_node-9] [WARN] [1789878587.328115461] [local_pure_pursuit]: odom 속도 3.2m/s — 비현실적이라 버린다 (직전 2.36 유지, 누적 196회). EKF twist 스파이크로 보이며 위치는 보통 멀쩡하다.
[cluster_plot_node-13] [INFO] [1789878587.948366414] [lidar_clustering]: ID=3, X=2.07 m, Y=-1.59 m, Width=0.12 m, Depth=0.58 m, Distance=2.61 m
[cluster_plot_node-13] [INFO] [1789878587.948592352] [lidar_clustering]: ID=17, X=2.72 m, Y=-1.41 m, Width=0.09 m, Depth=0.39 m, Distance=3.07 m
[cluster_plot_node-13] [INFO] [1789878587.948786792] [lidar_clustering]: ID=18, X=6.34 m, Y=-0.92 m, Width=0.32 m, Depth=0.79 m, Distance=6.40 m
[cluster_plot_node-13] [INFO] [1789878587.948972626] [lidar_clustering]: ID=19, X=4.25 m, Y=-1.23 m, Width=0.80 m, Depth=2.36 m, Distance=4.42 m
[cluster_plot_node-13] [INFO] [1789878587.949157207] [lidar_clustering]: ID=23, X=3.21 m, Y=-1.94 m, Width=0.35 m, Depth=0.12 m, Distance=3.75 m
[cluster_plot_node-13] [INFO] [1789878587.949363228] [lidar_clustering]: ID=27, X=7.64 m, Y=-0.73 m, Width=0.22 m, Depth=0.51 m, Distance=7.67 m
[cluster_plot_node-13] [INFO] [1789878587.949617849] [lidar_clustering]: ID=34, X=3.78 m, Y=-1.36 m, Width=0.26 m, Depth=0.95 m, Distance=4.02 m
[cluster_plot_node-13] [INFO] [1789878587.949868934] [lidar_clustering]: ID=35, X=4.76 m, Y=-1.12 m, Width=0.26 m, Depth=1.29 m, Distance=4.90 m
[cluster_plot_node-13] [INFO] [1789878587.950066209] [lidar_clustering]: FollowGap: mode=CLEAR, direction=STRAIGHT, front=8.00 m, best_angle=0.0 deg
[cluster_plot_node-13] [INFO] [1789878588.820498747] [lidar_clustering]: ID=18, X=5.35 m, Y=-1.69 m, Width=0.20 m, Depth=0.92 m, Distance=5.61 m
[cluster_plot_node-13] [INFO] [1789878588.820726909] [lidar_clustering]: ID=19, X=4.47 m, Y=-1.60 m, Width=0.06 m, Depth=0.15 m, Distance=4.74 m
[cluster_plot_node-13] [INFO] [1789878588.820913494] [lidar_clustering]: ID=23, X=3.56 m, Y=-1.71 m, Width=0.23 m, Depth=0.96 m, Distance=3.95 m
[cluster_plot_node-13] [INFO] [1789878588.821097455] [lidar_clustering]: ID=27, X=6.86 m, Y=-1.65 m, Width=0.20 m, Depth=0.83 m, Distance=7.06 m
[cluster_plot_node-13] [INFO] [1789878588.821281936] [lidar_clustering]: ID=34, X=2.61 m, Y=-1.66 m, Width=0.04 m, Depth=0.66 m, Distance=3.09 m
[cluster_plot_node-13] [INFO] [1789878588.821473210] [lidar_clustering]: ID=35, X=4.77 m, Y=-1.77 m, Width=0.05 m, Depth=0.07 m, Distance=5.09 m
[cluster_plot_node-13] [INFO] [1789878588.821665966] [lidar_clustering]: FollowGap: mode=CLEAR, direction=STRAIGHT, front=8.00 m, best_angle=0.0 deg
[cluster_plot_node-13] [INFO] [1789878588.821848905] [lidar_clustering]: points=124, clusters=4, tracks=6
[direct_localization_node-6] [INFO] [1789878588.827975730] [direct_localization]: pose: x=-11.52 y=-46.88 yaw=-17.4° v=2.36m/s [헤딩 정렬됨]
[vehicle_cmd_mux-11] [INFO] [1789878589.627982190] [vehicle_cmd_mux]: 모드: AVOID(라이다)
[cluster_plot_node-13] [INFO] [1789878589.698484301] [lidar_clustering]: ID=18, X=5.72 m, Y=-2.72 m, Width=0.20 m, Depth=0.98 m, Distance=6.34 m
[cluster_plot_node-13] [INFO] [1789878589.698738031] [lidar_clustering]: ID=19, X=4.75 m, Y=-3.07 m, Width=0.05 m, Depth=0.04 m, Distance=5.66 m
[cluster_plot_node-13] [INFO] [1789878589.698944222] [lidar_clustering]: ID=27, X=7.12 m, Y=-2.89 m, Width=0.17 m, Depth=0.47 m, Distance=7.68 m
[cluster_plot_node-13] [INFO] [1789878589.699146376] [lidar_clustering]: ID=34, X=2.80 m, Y=-2.23 m, Width=0.11 m, Depth=0.89 m, Distance=3.58 m
[cluster_plot_node-13] [INFO] [1789878589.699390347] [lidar_clustering]: ID=35, X=4.05 m, Y=-2.48 m, Width=0.17 m, Depth=0.94 m, Distance=4.74 m
[cluster_plot_node-13] [INFO] [1789878589.699587352] [lidar_clustering]: FollowGap: mode=CLEAR, direction=STRAIGHT, front=8.00 m, best_angle=0.0 deg
[vehicle_cmd_mux-11] [INFO] [1789878589.728129981] [vehicle_cmd_mux]: 모드: AUTO
[serial_bridge-12] [WARN] [1789878589.919699919] [serial_bridge_node]: ⚠ 공급전압 강하: VMIN=4092mV — 배터리/전원 확인
[vehicle_cmd_mux-11] [INFO] [1789878589.977873460] [vehicle_cmd_mux]: 모드: AVOID(라이다)
[vehicle_cmd_mux-11] [INFO] [1789878590.077983963] [vehicle_cmd_mux]: 모드: AUTO
[vehicle_cmd_mux-11] [INFO] [1789878590.328011211] [vehicle_cmd_mux]: 모드: AVOID(라이다)
[vehicle_cmd_mux-11] [INFO] [1789878590.428084957] [vehicle_cmd_mux]: 모드: AUTO
[cluster_plot_node-13] [INFO] [1789878590.569781232] [lidar_clustering]: ID=18, X=4.71 m, Y=-3.09 m, Width=0.19 m, Depth=1.09 m, Distance=5.63 m
[cluster_plot_node-13] [INFO] [1789878590.570003263] [lidar_clustering]: ID=19, X=5.47 m, Y=-3.78 m, Width=0.05 m, Depth=0.05 m, Distance=6.65 m
[cluster_plot_node-13] [INFO] [1789878590.570226305] [lidar_clustering]: ID=27, X=6.50 m, Y=-3.37 m, Width=0.15 m, Depth=0.88 m, Distance=7.33 m
[cluster_plot_node-13] [INFO] [1789878590.570435142] [lidar_clustering]: ID=34, X=3.41 m, Y=-2.86 m, Width=0.12 m, Depth=0.82 m, Distance=4.45 m
[cluster_plot_node-13] [INFO] [1789878590.570627848] [lidar_clustering]: FollowGap: mode=CLEAR, direction=STRAIGHT, front=8.00 m, best_angle=0.0 deg
[cluster_plot_node-13] [INFO] [1789878590.570820535] [lidar_clustering]: points=85, clusters=4, tracks=4
[vehicle_cmd_mux-11] [INFO] [1789878590.677919498] [vehicle_cmd_mux]: 모드: AVOID(라이다)
[vrs_ntrip_client-3] [INFO] [1789878590.751952674] [ngii_vrs_ntrip_client]: [NTRIP 연결됨] RTCM 1176프레임 발행, GGA 실측(37.28845,127.10694)
[vehicle_cmd_mux-11] [INFO] [1789878590.777878972] [vehicle_cmd_mux]: 모드: AUTO
[cluster_plot_node-13] [INFO] [1789878591.440002554] [lidar_clustering]: ID=18, X=4.00 m, Y=-3.51 m, Width=0.03 m, Depth=0.04 m, Distance=5.32 m
[cluster_plot_node-13] [INFO] [1789878591.440224184] [lidar_clustering]: ID=19, X=4.58 m, Y=-4.01 m, Width=0.12 m, Depth=0.04 m, Distance=6.09 m
[cluster_plot_node-13] [INFO] [1789878591.440421749] [lidar_clustering]: ID=27, X=5.91 m, Y=-3.08 m, Width=0.09 m, Depth=0.59 m, Distance=6.67 m
[cluster_plot_node-13] [INFO] [1789878591.440608956] [lidar_clustering]: ID=34, X=2.95 m, Y=-2.87 m, Width=0.04 m, Depth=0.20 m, Distance=4.12 m
[cluster_plot_node-13] [INFO] [1789878591.440791033] [lidar_clustering]: ID=35, X=3.93 m, Y=-2.97 m, Width=0.06 m, Depth=0.15 m, Distance=4.93 m
[cluster_plot_node-13] [INFO] [1789878591.440966337] [lidar_clustering]: ID=37, X=6.90 m, Y=-3.21 m, Width=0.16 m, Depth=0.12 m, Distance=7.61 m
[cluster_plot_node-13] [INFO] [1789878591.441152471] [lidar_clustering]: FollowGap: mode=CLEAR, direction=STRAIGHT, front=8.00 m, best_angle=0.0 deg
[direct_localization_node-6] [INFO] [1789878591.828422070] [direct_localization]: pose: x=-3.96 y=-49.24 yaw=-17.6° v=2.55m/s [헤딩 정렬됨]
[cluster_plot_node-13] [INFO] [1789878592.312711179] [lidar_clustering]: ID=27, X=5.32 m, Y=-2.29 m, Width=0.34 m, Depth=0.87 m, Distance=5.79 m
[cluster_plot_node-13] [INFO] [1789878592.312956183] [lidar_clustering]: ID=34, X=3.14 m, Y=-2.47 m, Width=0.04 m, Depth=0.03 m, Distance=4.00 m
[cluster_plot_node-13] [INFO] [1789878592.313152456] [lidar_clustering]: ID=35, X=4.04 m, Y=-2.33 m, Width=0.10 m, Depth=0.89 m, Distance=4.66 m
[cluster_plot_node-13] [INFO] [1789878592.313336406] [lidar_clustering]: ID=37, X=6.70 m, Y=-2.19 m, Width=0.25 m, Depth=0.96 m, Distance=7.05 m
[cluster_plot_node-13] [INFO] [1789878592.313520206] [lidar_clustering]: FollowGap: mode=CLEAR, direction=STRAIGHT, front=8.00 m, best_angle=0.0 deg
[cluster_plot_node-13] [INFO] [1789878592.313716099] [lidar_clustering]: points=86, clusters=3, tracks=4
[serial_bridge-12] [WARN] [1789878593.032636010] [serial_bridge_node]: ⚠ 공급전압 강하: VMIN=4278mV — 배터리/전원 확인
[cluster_plot_node-13] [INFO] [1789878593.184403276] [lidar_clustering]: ID=27, X=6.33 m, Y=-1.32 m, Width=0.53 m, Depth=2.07 m, Distance=6.46 m
[cluster_plot_node-13] [INFO] [1789878593.184624074] [lidar_clustering]: ID=34, X=3.22 m, Y=-1.79 m, Width=0.16 m, Depth=0.81 m, Distance=3.69 m
[cluster_plot_node-13] [INFO] [1789878593.184812543] [lidar_clustering]: ID=35, X=4.92 m, Y=-1.53 m, Width=0.16 m, Depth=0.47 m, Distance=5.15 m
[cluster_plot_node-13] [INFO] [1789878593.184991224] [lidar_clustering]: ID=37, X=7.25 m, Y=-1.25 m, Width=0.17 m, Depth=0.59 m, Distance=7.35 m
[cluster_plot_node-13] [INFO] [1789878593.185170826] [lidar_clustering]: FollowGap: mode=CLEAR, direction=STRAIGHT, front=8.00 m, best_angle=0.0 deg
[cluster_plot_node-13] [INFO] [1789878594.062281219] [lidar_clustering]: ID=27, X=7.03 m, Y=-1.11 m, Width=0.07 m, Depth=0.01 m, Distance=7.11 m
[cluster_plot_node-13] [INFO] [1789878594.062638160] [lidar_clustering]: ID=34, X=3.16 m, Y=-2.11 m, Width=0.08 m, Depth=0.06 m, Distance=3.80 m
[cluster_plot_node-13] [INFO] [1789878594.062955096] [lidar_clustering]: ID=35, X=3.94 m, Y=-1.48 m, Width=0.11 m, Depth=0.58 m, Distance=4.20 m
[cluster_plot_node-13] [INFO] [1789878594.063241276] [lidar_clustering]: ID=37, X=7.80 m, Y=-1.04 m, Width=0.17 m, Depth=0.02 m, Distance=7.87 m
[cluster_plot_node-13] [INFO] [1789878594.063534568] [lidar_clustering]: ID=38, X=2.90 m, Y=-1.60 m, Width=0.06 m, Depth=0.16 m, Distance=3.31 m
[cluster_plot_node-13] [INFO] [1789878594.063748174] [lidar_clustering]: ID=39, X=5.40 m, Y=-1.27 m, Width=0.48 m, Depth=1.53 m, Distance=5.55 m
[cluster_plot_node-13] [INFO] [1789878594.063941030] [lidar_clustering]: ID=40, X=2.07 m, Y=-1.72 m, Width=0.03 m, Depth=0.07 m, Distance=2.69 m
[cluster_plot_node-13] [INFO] [1789878594.064136662] [lidar_clustering]: ID=41, X=4.76 m, Y=-2.29 m, Width=0.15 m, Depth=0.06 m, Distance=5.28 m
[cluster_plot_node-13] [INFO] [1789878594.064332695] [lidar_clustering]: FollowGap: mode=CLEAR, direction=STRAIGHT, front=8.00 m, best_angle=0.0 deg
[cluster_plot_node-13] [INFO] [1789878594.064527005] [lidar_clustering]: points=78, clusters=4, tracks=8
[local_pure_pursuit_node-9] [WARN] [1789878594.228349297] [local_pure_pursuit]: odom 속도 3.2m/s — 비현실적이라 버린다 (직전 2.03 유지, 누적 211회). EKF twist 스파이크로 보이며 위치는 보통 멀쩡하다.
[direct_localization_node-6] [INFO] [1789878594.827891251] [direct_localization]: pose: x=3.13 y=-53.03 yaw=-17.3° v=2.69m/s [헤딩 정렬됨]
[cluster_plot_node-13] [INFO] [1789878594.937541131] [lidar_clustering]: ID=27, X=5.60 m, Y=-1.96 m, Width=0.17 m, Depth=1.06 m, Distance=5.93 m
[cluster_plot_node-13] [INFO] [1789878594.937767019] [lidar_clustering]: ID=35, X=3.95 m, Y=-1.68 m, Width=0.26 m, Depth=0.52 m, Distance=4.29 m
[cluster_plot_node-13] [INFO] [1789878594.937953163] [lidar_clustering]: ID=37, X=7.06 m, Y=-1.96 m, Width=0.16 m, Depth=0.89 m, Distance=7.32 m
[cluster_plot_node-13] [INFO] [1789878594.938135481] [lidar_clustering]: ID=38, X=3.19 m, Y=-1.87 m, Width=0.26 m, Depth=0.55 m, Distance=3.70 m
[cluster_plot_node-13] [INFO] [1789878594.938315664] [lidar_clustering]: ID=39, X=4.44 m, Y=-1.93 m, Width=0.05 m, Depth=0.62 m, Distance=4.84 m
[cluster_plot_node-13] [INFO] [1789878594.938501237] [lidar_clustering]: FollowGap: mode=CLEAR, direction=STRAIGHT, front=8.00 m, best_angle=0.0 deg
[vrs_ntrip_client-3] [INFO] [1789878595.752050370] [ngii_vrs_ntrip_client]: [NTRIP 연결됨] RTCM 1204프레임 발행, GGA 실측(37.28840,127.10708)
[cluster_plot_node-13] [INFO] [1789878595.816119596] [lidar_clustering]: ID=27, X=5.99 m, Y=-2.91 m, Width=0.20 m, Depth=0.91 m, Distance=6.66 m
[cluster_plot_node-13] [INFO] [1789878595.816387031] [lidar_clustering]: ID=34, X=3.21 m, Y=-2.60 m, Width=0.08 m, Depth=0.63 m, Distance=4.13 m
[cluster_plot_node-13] [INFO] [1789878595.816593182] [lidar_clustering]: ID=37, X=7.10 m, Y=-3.03 m, Width=0.17 m, Depth=0.15 m, Distance=7.72 m
[cluster_plot_node-13] [INFO] [1789878595.816793392] [lidar_clustering]: ID=39, X=4.70 m, Y=-3.10 m, Width=0.06 m, Depth=0.05 m, Distance=5.63 m
[cluster_plot_node-13] [INFO] [1789878595.816986410] [lidar_clustering]: ID=41, X=4.36 m, Y=-2.72 m, Width=0.20 m, Depth=0.99 m, Distance=5.14 m
[cluster_plot_node-13] [INFO] [1789878595.817177683] [lidar_clustering]: ID=42, X=2.95 m, Y=6.90 m, Width=0.28 m, Depth=0.23 m, Distance=7.51 m
[cluster_plot_node-13] [INFO] [1789878595.817372754] [lidar_clustering]: ID=43, X=2.30 m, Y=7.46 m, Width=0.03 m, Depth=0.10 m, Distance=7.81 m
[cluster_plot_node-13] [INFO] [1789878595.817567775] [lidar_clustering]: FollowGap: mode=CLEAR, direction=STRAIGHT, front=8.00 m, best_angle=0.0 deg
[cluster_plot_node-13] [INFO] [1789878595.817767735] [lidar_clustering]: points=117, clusters=8, tracks=7
[serial_bridge-12] [WARN] [1789878596.038536848] [serial_bridge_node]: ⚠ 공급전압 강하: VMIN=4214mV — 배터리/전원 확인
[cluster_plot_node-13] [INFO] [1789878596.774369036] [lidar_clustering]: ID=27, X=6.25 m, Y=-3.33 m, Width=0.23 m, Depth=0.94 m, Distance=7.09 m
[cluster_plot_node-13] [INFO] [1789878596.774679811] [lidar_clustering]: ID=34, X=3.85 m, Y=-3.02 m, Width=0.06 m, Depth=0.49 m, Distance=4.89 m
[cluster_plot_node-13] [INFO] [1789878596.774988041] [lidar_clustering]: ID=37, X=6.59 m, Y=-3.41 m, Width=0.21 m, Depth=0.91 m, Distance=7.42 m
[cluster_plot_node-13] [INFO] [1789878596.775270554] [lidar_clustering]: ID=39, X=4.85 m, Y=-3.40 m, Width=0.08 m, Depth=0.03 m, Distance=5.93 m
[cluster_plot_node-13] [INFO] [1789878596.775551855] [lidar_clustering]: ID=41, X=4.92 m, Y=-3.17 m, Width=0.17 m, Depth=0.94 m, Distance=5.86 m
[cluster_plot_node-13] [INFO] [1789878596.775832333] [lidar_clustering]: ID=42, X=0.64 m, Y=6.36 m, Width=0.30 m, Depth=0.62 m, Distance=6.40 m
[cluster_plot_node-13] [INFO] [1789878596.776106160] [lidar_clustering]: ID=43, X=0.84 m, Y=7.30 m, Width=0.19 m, Depth=0.21 m, Distance=7.35 m
[cluster_plot_node-13] [INFO] [1789878596.776372673] [lidar_clustering]: ID=44, X=1.95 m, Y=6.28 m, Width=0.24 m, Depth=0.31 m, Distance=6.58 m
[cluster_plot_node-13] [INFO] [1789878596.776651299] [lidar_clustering]: FollowGap: mode=CLEAR, direction=STRAIGHT, front=8.00 m, best_angle=0.0 deg
[cluster_plot_node-13] [INFO] [1789878597.645297080] [lidar_clustering]: ID=27, X=6.07 m, Y=-2.94 m, Width=0.20 m, Depth=1.01 m, Distance=6.75 m
[cluster_plot_node-13] [INFO] [1789878597.645525051] [lidar_clustering]: ID=34, X=4.31 m, Y=-2.76 m, Width=0.20 m, Depth=0.98 m, Distance=5.11 m
[cluster_plot_node-13] [INFO] [1789878597.645731864] [lidar_clustering]: ID=37, X=7.13 m, Y=-2.83 m, Width=0.22 m, Depth=0.46 m, Distance=7.67 m
[cluster_plot_node-13] [INFO] [1789878597.645923739] [lidar_clustering]: ID=38, X=3.21 m, Y=-2.69 m, Width=0.06 m, Depth=0.67 m, Distance=4.19 m
[cluster_plot_node-13] [INFO] [1789878597.646103472] [lidar_clustering]: ID=39, X=4.70 m, Y=-3.46 m, Width=0.18 m, Depth=0.12 m, Distance=5.83 m
[cluster_plot_node-13] [INFO] [1789878597.646306127] [lidar_clustering]: ID=41, X=5.59 m, Y=-2.82 m, Width=0.25 m, Depth=0.98 m, Distance=6.26 m
[cluster_plot_node-13] [INFO] [1789878597.646604549] [lidar_clustering]: FollowGap: mode=CLEAR, direction=STRAIGHT, front=8.00 m, best_angle=0.0 deg
[cluster_plot_node-13] [INFO] [1789878597.646809869] [lidar_clustering]: points=121, clusters=5, tracks=6
[vehicle_cmd_mux-11] [INFO] [1789878597.827943911] [vehicle_cmd_mux]: 모드: AVOID(라이다)
[direct_localization_node-6] [INFO] [1789878597.828008831] [direct_localization]: pose: x=10.83 y=-55.57 yaw=-19.3° v=2.72m/s [헤딩 정렬됨]
[vehicle_cmd_mux-11] [INFO] [1789878597.928190547] [vehicle_cmd_mux]: 모드: AUTO
[cluster_plot_node-13] [INFO] [1789878598.516287570] [lidar_clustering]: ID=27, X=5.36 m, Y=-1.63 m, Width=0.37 m, Depth=0.91 m, Distance=5.60 m
[cluster_plot_node-13] [INFO] [1789878598.516508399] [lidar_clustering]: ID=34, X=4.08 m, Y=-1.79 m, Width=0.13 m, Depth=0.57 m, Distance=4.46 m
[cluster_plot_node-13] [INFO] [1789878598.516694413] [lidar_clustering]: ID=37, X=6.85 m, Y=-1.41 m, Width=0.38 m, Depth=0.92 m, Distance=7.00 m
[cluster_plot_node-13] [INFO] [1789878598.516873084] [lidar_clustering]: ID=38, X=3.18 m, Y=-2.21 m, Width=0.12 m, Depth=0.59 m, Distance=3.87 m
[cluster_plot_node-13] [INFO] [1789878598.517048248] [lidar_clustering]: ID=39, X=4.59 m, Y=-2.77 m, Width=0.13 m, Depth=0.04 m, Distance=5.37 m
[cluster_plot_node-13] [INFO] [1789878598.517222821] [lidar_clustering]: ID=41, X=6.35 m, Y=-2.46 m, Width=0.07 m, Depth=0.02 m, Distance=6.81 m
[cluster_plot_node-13] [INFO] [1789878598.517396171] [lidar_clustering]: ID=44, X=2.18 m, Y=6.98 m, Width=0.08 m, Depth=0.14 m, Distance=7.32 m
[cluster_plot_node-13] [INFO] [1789878598.517575704] [lidar_clustering]: ID=45, X=7.14 m, Y=2.92 m, Width=0.10 m, Depth=0.04 m, Distance=7.71 m
[cluster_plot_node-13] [INFO] [1789878598.517753833] [lidar_clustering]: ID=46, X=3.99 m, Y=6.58 m, Width=0.05 m, Depth=0.09 m, Distance=7.70 m
[cluster_plot_node-13] [INFO] [1789878598.517932614] [lidar_clustering]: FollowGap: mode=CLEAR, direction=STRAIGHT, front=8.00 m, best_angle=0.0 deg
[serial_bridge-12] [WARN] [1789878599.049354302] [serial_bridge_node]: ⚠ 공급전압 강하: VMIN=4106mV — 배터리/전원 확인
[vehicle_cmd_mux-11] [INFO] [1789878599.077997892] [vehicle_cmd_mux]: 모드: AVOID(라이다)
[cluster_plot_node-13] [INFO] [1789878599.393792676] [lidar_clustering]: ID=27, X=3.13 m, Y=-1.23 m, Width=0.38 m, Depth=0.95 m, Distance=3.36 m
[cluster_plot_node-13] [INFO] [1789878599.394090407] [lidar_clustering]: ID=34, X=2.95 m, Y=-1.80 m, Width=0.04 m, Depth=0.03 m, Distance=3.46 m
[cluster_plot_node-13] [INFO] [1789878599.394292641] [lidar_clustering]: ID=37, X=4.55 m, Y=-0.93 m, Width=0.41 m, Depth=0.84 m, Distance=4.64 m
[cluster_plot_node-13] [INFO] [1789878599.394547413] [lidar_clustering]: ID=38, X=1.98 m, Y=-1.48 m, Width=0.09 m, Depth=0.31 m, Distance=2.48 m
[cluster_plot_node-13] [INFO] [1789878599.394834805] [lidar_clustering]: ID=39, X=3.50 m, Y=-2.23 m, Width=0.06 m, Depth=0.16 m, Distance=4.15 m
[cluster_plot_node-13] [INFO] [1789878599.395116806] [lidar_clustering]: ID=41, X=4.85 m, Y=-2.13 m, Width=0.07 m, Depth=0.03 m, Distance=5.30 m
[cluster_plot_node-13] [INFO] [1789878599.395379462] [lidar_clustering]: ID=42, X=0.64 m, Y=6.93 m, Width=0.30 m, Depth=0.65 m, Distance=6.96 m
[cluster_plot_node-13] [INFO] [1789878599.395627081] [lidar_clustering]: ID=44, X=1.51 m, Y=6.76 m, Width=0.06 m, Depth=0.40 m, Distance=6.93 m
[cluster_plot_node-13] [INFO] [1789878599.395862085] [lidar_clustering]: ID=47, X=6.00 m, Y=-0.61 m, Width=0.39 m, Depth=0.74 m, Distance=6.03 m
[cluster_plot_node-13] [INFO] [1789878599.396167300] [lidar_clustering]: ID=48, X=5.55 m, Y=4.54 m, Width=1.77 m, Depth=1.78 m, Distance=7.17 m
[cluster_plot_node-13] [INFO] [1789878599.396444643] [lidar_clustering]: ID=49, X=7.46 m, Y=-0.27 m, Width=0.36 m, Depth=0.84 m, Distance=7.47 m
[cluster_plot_node-13] [INFO] [1789878599.396751521] [lidar_clustering]: ID=50, X=5.79 m, Y=-1.57 m, Width=0.06 m, Depth=0.02 m, Distance=6.00 m
[cluster_plot_node-13] [INFO] [1789878599.397043191] [lidar_clustering]: FollowGap: mode=AVOID, direction=LEFT, front=3.32 m, best_angle=4.4 deg
[cluster_plot_node-13] [INFO] [1789878599.397329761] [lidar_clustering]: points=290, clusters=11, tracks=12
[local_pure_pursuit_node-9] [WARN] [1789878600.228332033] [local_pure_pursuit]: odom 속도 3.0m/s — 비현실적이라 버린다 (직전 2.15 유지, 누적 233회). EKF twist 스파이크로 보이며 위치는 보통 멀쩡하다.
[cluster_plot_node-13] [INFO] [1789878600.265091530] [lidar_clustering]: ID=27, X=2.70 m, Y=-1.31 m, Width=0.07 m, Depth=0.31 m, Distance=3.01 m
[cluster_plot_node-13] [INFO] [1789878600.265330302] [lidar_clustering]: ID=37, X=3.49 m, Y=-1.25 m, Width=0.30 m, Depth=0.91 m, Distance=3.71 m
[cluster_plot_node-13] [INFO] [1789878600.265530783] [lidar_clustering]: ID=38, X=1.99 m, Y=-1.43 m, Width=0.29 m, Depth=0.95 m, Distance=2.45 m
[cluster_plot_node-13] [INFO] [1789878600.265724932] [lidar_clustering]: ID=41, X=3.93 m, Y=-1.81 m, Width=0.12 m, Depth=0.04 m, Distance=4.32 m
[cluster_plot_node-13] [INFO] [1789878600.265912379] [lidar_clustering]: ID=42, X=0.57 m, Y=6.73 m, Width=0.08 m, Depth=0.56 m, Distance=6.76 m
[cluster_plot_node-13] [INFO] [1789878600.266097772] [lidar_clustering]: ID=44, X=1.58 m, Y=6.78 m, Width=0.09 m, Depth=0.40 m, Distance=6.97 m
[cluster_plot_node-13] [INFO] [1789878600.266299856] [lidar_clustering]: ID=46, X=2.83 m, Y=7.18 m, Width=0.25 m, Depth=0.87 m, Distance=7.72 m
[cluster_plot_node-13] [INFO] [1789878600.266501679] [lidar_clustering]: ID=47, X=6.10 m, Y=-1.01 m, Width=0.25 m, Depth=0.84 m, Distance=6.18 m
[cluster_plot_node-13] [INFO] [1789878600.266705677] [lidar_clustering]: ID=49, X=7.44 m, Y=-0.86 m, Width=0.14 m, Depth=0.23 m, Distance=7.49 m
[cluster_plot_node-13] [INFO] [1789878600.266910917] [lidar_clustering]: ID=50, X=4.62 m, Y=-1.17 m, Width=0.32 m, Depth=0.88 m, Distance=4.77 m
[cluster_plot_node-13] [INFO] [1789878600.267108853] [lidar_clustering]: ID=51, X=0.67 m, Y=6.71 m, Width=0.04 m, Depth=0.63 m, Distance=6.74 m
[cluster_plot_node-13] [INFO] [1789878600.267310306] [lidar_clustering]: FollowGap: mode=CLEAR, direction=STRAIGHT, front=8.00 m, best_angle=0.0 deg
[vehicle_cmd_mux-11] [INFO] [1789878600.277980920] [vehicle_cmd_mux]: 모드: AUTO
[vrs_ntrip_client-3] [INFO] [1789878600.751939797] [ngii_vrs_ntrip_client]: [NTRIP 연결됨] RTCM 1224프레임 발행, GGA 실측(37.28835,127.10722)
[direct_localization_node-6] [INFO] [1789878600.828011226] [direct_localization]: pose: x=17.69 y=-59.67 yaw=-16.2° v=2.38m/s [헤딩 정렬됨]
[cluster_plot_node-13] [INFO] [1789878601.141931739] [lidar_clustering]: ID=34, X=3.12 m, Y=-1.85 m, Width=0.04 m, Depth=0.20 m, Distance=3.62 m
[cluster_plot_node-13] [INFO] [1789878601.142149923] [lidar_clustering]: ID=37, X=3.52 m, Y=-1.59 m, Width=0.19 m, Depth=0.94 m, Distance=3.86 m
[cluster_plot_node-13] [INFO] [1789878601.142330918] [lidar_clustering]: ID=38, X=2.27 m, Y=-1.53 m, Width=0.06 m, Depth=0.84 m, Distance=2.74 m
[cluster_plot_node-13] [INFO] [1789878601.142515559] [lidar_clustering]: ID=39, X=3.09 m, Y=-2.25 m, Width=0.14 m, Depth=0.12 m, Distance=3.82 m
[cluster_plot_node-13] [INFO] [1789878601.142700752] [lidar_clustering]: ID=41, X=4.02 m, Y=-1.97 m, Width=0.19 m, Depth=0.91 m, Distance=4.48 m
[cluster_plot_node-13] [INFO] [1789878601.142879282] [lidar_clustering]: ID=44, X=1.67 m, Y=6.82 m, Width=0.15 m, Depth=0.17 m, Distance=7.02 m
[cluster_plot_node-13] [INFO] [1789878601.143057382] [lidar_clustering]: ID=46, X=2.47 m, Y=7.54 m, Width=0.03 m, Depth=0.11 m, Distance=7.93 m
[cluster_plot_node-13] [INFO] [1789878601.143235321] [lidar_clustering]: ID=47, X=5.50 m, Y=-2.06 m, Width=0.21 m, Depth=0.95 m, Distance=5.87 m
[cluster_plot_node-13] [INFO] [1789878601.143445981] [lidar_clustering]: ID=49, X=6.99 m, Y=-2.12 m, Width=0.14 m, Depth=0.82 m, Distance=7.31 m
[cluster_plot_node-13] [INFO] [1789878601.143658133] [lidar_clustering]: ID=50, X=4.49 m, Y=-2.26 m, Width=0.05 m, Depth=0.08 m, Distance=5.02 m
[cluster_plot_node-13] [INFO] [1789878601.143844739] [lidar_clustering]: ID=51, X=0.70 m, Y=6.65 m, Width=0.10 m, Depth=0.72 m, Distance=6.68 m
[cluster_plot_node-13] [INFO] [1789878601.144025884] [lidar_clustering]: ID=52, X=3.07 m, Y=7.13 m, Width=0.15 m, Depth=0.30 m, Distance=7.76 m
[cluster_plot_node-13] [INFO] [1789878601.144209674] [lidar_clustering]: FollowGap: mode=CLEAR, direction=STRAIGHT, front=8.00 m, best_angle=0.0 deg
[cluster_plot_node-13] [INFO] [1789878601.144396039] [lidar_clustering]: points=39, clusters=2, tracks=12
[cluster_plot_node-13] [INFO] [1789878602.019916998] [lidar_clustering]: ID=41, X=4.49 m, Y=-2.77 m, Width=0.13 m, Depth=0.97 m, Distance=5.27 m
[cluster_plot_node-13] [INFO] [1789878602.020148186] [lidar_clustering]: ID=42, X=0.74 m, Y=6.85 m, Width=0.29 m, Depth=1.03 m, Distance=6.89 m
[cluster_plot_node-13] [INFO] [1789878602.020339420] [lidar_clustering]: ID=44, X=1.69 m, Y=7.18 m, Width=0.02 m, Depth=0.16 m, Distance=7.38 m
[cluster_plot_node-13] [INFO] [1789878602.020524142] [lidar_clustering]: ID=46, X=2.43 m, Y=7.24 m, Width=0.03 m, Depth=0.22 m, Distance=7.64 m
[cluster_plot_node-13] [INFO] [1789878602.020716127] [lidar_clustering]: ID=47, X=5.15 m, Y=-2.62 m, Width=0.18 m, Depth=0.98 m, Distance=5.78 m
[cluster_plot_node-13] [INFO] [1789878602.020901430] [lidar_clustering]: ID=49, X=6.90 m, Y=-3.18 m, Width=0.12 m, Depth=0.16 m, Distance=7.60 m
[cluster_plot_node-13] [INFO] [1789878602.021088746] [lidar_clustering]: ID=50, X=3.37 m, Y=-2.56 m, Width=0.18 m, Depth=0.98 m, Distance=4.23 m
[cluster_plot_node-13] [INFO] [1789878602.021272727] [lidar_clustering]: ID=51, X=1.38 m, Y=6.60 m, Width=0.39 m, Depth=2.28 m, Distance=6.74 m
[cluster_plot_node-13] [INFO] [1789878602.021458721] [lidar_clustering]: ID=52, X=3.04 m, Y=7.01 m, Width=0.04 m, Depth=0.16 m, Distance=7.64 m
[cluster_plot_node-13] [INFO] [1789878602.021656777] [lidar_clustering]: ID=53, X=5.78 m, Y=-2.95 m, Width=0.21 m, Depth=0.88 m, Distance=6.49 m
[cluster_plot_node-13] [INFO] [1789878602.021849173] [lidar_clustering]: FollowGap: mode=CLEAR, direction=STRAIGHT, front=8.00 m, best_angle=0.0 deg
[serial_bridge-12] [WARN] [1789878602.059246412] [serial_bridge_node]: ⚠ 공급전압 강하: VMIN=4214mV — 배터리/전원 확인
[cluster_plot_node-13] [INFO] [1789878602.898107340] [lidar_clustering]: ID=41, X=4.33 m, Y=-3.51 m, Width=0.06 m, Depth=0.05 m, Distance=5.57 m
[cluster_plot_node-13] [INFO] [1789878602.898415911] [lidar_clustering]: ID=42, X=0.56 m, Y=7.17 m, Width=0.08 m, Depth=0.33 m, Distance=7.19 m
[cluster_plot_node-13] [INFO] [1789878602.898664491] [lidar_clustering]: ID=46, X=1.97 m, Y=7.65 m, Width=0.16 m, Depth=0.29 m, Distance=7.90 m
[cluster_plot_node-13] [INFO] [1789878602.898880370] [lidar_clustering]: ID=47, X=5.25 m, Y=-3.67 m, Width=0.06 m, Depth=0.11 m, Distance=6.41 m
[cluster_plot_node-13] [INFO] [1789878602.899074039] [lidar_clustering]: ID=49, X=6.70 m, Y=-3.41 m, Width=0.17 m, Depth=0.83 m, Distance=7.52 m
[cluster_plot_node-13] [INFO] [1789878602.899268028] [lidar_clustering]: ID=50, X=3.82 m, Y=-2.93 m, Width=0.16 m, Depth=0.92 m, Distance=4.81 m
[cluster_plot_node-13] [INFO] [1789878602.899465834] [lidar_clustering]: ID=53, X=5.28 m, Y=-3.21 m, Width=0.23 m, Depth=0.97 m, Distance=6.18 m
[cluster_plot_node-13] [INFO] [1789878602.899661836] [lidar_clustering]: FollowGap: mode=CLEAR, direction=STRAIGHT, front=8.00 m, best_angle=0.0 deg
[cluster_plot_node-13] [INFO] [1789878602.899859672] [lidar_clustering]: points=55, clusters=3, tracks=7
[cluster_plot_node-13] [INFO] [1789878603.770611772] [lidar_clustering]: ID=47, X=5.84 m, Y=-4.21 m, Width=0.06 m, Depth=0.09 m, Distance=7.21 m
[cluster_plot_node-13] [INFO] [1789878603.770870501] [lidar_clustering]: ID=49, X=5.26 m, Y=-3.27 m, Width=0.07 m, Depth=0.74 m, Distance=6.19 m
[cluster_plot_node-13] [INFO] [1789878603.771053800] [lidar_clustering]: ID=50, X=3.97 m, Y=-3.06 m, Width=0.09 m, Depth=0.57 m, Distance=5.01 m
[cluster_plot_node-13] [INFO] [1789878603.771227722] [lidar_clustering]: ID=54, X=7.00 m, Y=-0.96 m, Width=4.10 m, Depth=1.61 m, Distance=7.06 m
[cluster_plot_node-13] [INFO] [1789878603.771404279] [lidar_clustering]: FollowGap: mode=AVOID, direction=RIGHT, front=0.70 m, best_angle=-8.8 deg
[vehicle_cmd_mux-11] [INFO] [1789878603.778087495] [vehicle_cmd_mux]: 모드: AVOID(라이다)
[direct_localization_node-6] [INFO] [1789878603.827895940] [direct_localization]: pose: x=25.08 y=-61.74 yaw=-11.4° v=2.43m/s [헤딩 정렬됨]
[vehicle_cmd_mux-11] [INFO] [1789878603.878018937] [vehicle_cmd_mux]: 모드: AUTO
[cluster_plot_node-13] [INFO] [1789878604.636503860] [lidar_clustering]: ID=55, X=5.14 m, Y=-0.69 m, Width=2.70 m, Depth=1.28 m, Distance=5.18 m
[cluster_plot_node-13] [INFO] [1789878604.636846374] [lidar_clustering]: ID=56, X=6.51 m, Y=2.48 m, Width=3.46 m, Depth=0.50 m, Distance=6.97 m
[cluster_plot_node-13] [INFO] [1789878604.637097889] [lidar_clustering]: ID=57, X=0.34 m, Y=0.41 m, Width=0.00 m, Depth=0.00 m, Distance=0.53 m
[cluster_plot_node-13] [INFO] [1789878604.637329238] [lidar_clustering]: FollowGap: mode=CLEAR, direction=STRAIGHT, front=8.00 m, best_angle=0.0 deg
[cluster_plot_node-13] [INFO] [1789878604.637571225] [lidar_clustering]: points=282, clusters=2, tracks=3
[serial_bridge-12] [WARN] [1789878605.069861409] [serial_bridge_node]: ⚠ 공급전압 강하: VMIN=2915mV — 배터리/전원 확인
[vehicle_cmd_mux-11] [INFO] [1789878605.378321460] [vehicle_cmd_mux]: 모드: AVOID(라이다)
[cluster_plot_node-13] [INFO] [1789878605.509728478] [lidar_clustering]: ID=54, X=6.09 m, Y=2.38 m, Width=2.46 m, Depth=1.51 m, Distance=6.54 m
[cluster_plot_node-13] [INFO] [1789878605.509961339] [lidar_clustering]: ID=55, X=4.40 m, Y=-0.96 m, Width=0.48 m, Depth=0.26 m, Distance=4.51 m
[cluster_plot_node-13] [INFO] [1789878605.510149166] [lidar_clustering]: ID=56, X=6.30 m, Y=3.37 m, Width=2.01 m, Depth=0.78 m, Distance=7.15 m
[cluster_plot_node-13] [INFO] [1789878605.510331143] [lidar_clustering]: ID=58, X=3.38 m, Y=-1.46 m, Width=0.37 m, Depth=0.37 m, Distance=3.69 m
[cluster_plot_node-13] [INFO] [1789878605.510549136] [lidar_clustering]: ID=59, X=5.26 m, Y=0.10 m, Width=2.26 m, Depth=1.11 m, Distance=5.27 m
[cluster_plot_node-13] [INFO] [1789878605.510809859] [lidar_clustering]: FollowGap: mode=CLEAR, direction=STRAIGHT, front=8.00 m, best_angle=0.0 deg
[vehicle_cmd_mux-11] [INFO] [1789878605.528050521] [vehicle_cmd_mux]: 모드: AUTO
[vrs_ntrip_client-3] [INFO] [1789878605.751945772] [ngii_vrs_ntrip_client]: [NTRIP 연결됨] RTCM 1252프레임 발행, GGA 실측(37.28833,127.10735)
[vehicle_cmd_mux-11] [INFO] [1789878606.227937390] [vehicle_cmd_mux]: 모드: AVOID(라이다)
[vehicle_cmd_mux-11] [INFO] [1789878606.328108440] [vehicle_cmd_mux]: 모드: AUTO
[cluster_plot_node-13] [INFO] [1789878606.381797007] [lidar_clustering]: ID=50, X=5.08 m, Y=-0.02 m, Width=0.10 m, Depth=0.07 m, Distance=5.08 m
[cluster_plot_node-13] [INFO] [1789878606.382017786] [lidar_clustering]: ID=54, X=7.02 m, Y=1.19 m, Width=0.10 m, Depth=0.02 m, Distance=7.12 m
[cluster_plot_node-13] [INFO] [1789878606.382205563] [lidar_clustering]: ID=55, X=4.35 m, Y=-2.07 m, Width=0.06 m, Depth=0.03 m, Distance=4.82 m
[cluster_plot_node-13] [INFO] [1789878606.382391287] [lidar_clustering]: ID=56, X=7.36 m, Y=1.66 m, Width=0.24 m, Depth=0.10 m, Distance=7.55 m
[cluster_plot_node-13] [INFO] [1789878606.382569817] [lidar_clustering]: ID=57, X=0.41 m, Y=0.41 m, Width=0.01 m, Depth=0.01 m, Distance=0.58 m
[cluster_plot_node-13] [INFO] [1789878606.382751954] [lidar_clustering]: ID=58, X=3.86 m, Y=-1.88 m, Width=0.05 m, Depth=0.03 m, Distance=4.29 m
[cluster_plot_node-13] [INFO] [1789878606.382933470] [lidar_clustering]: ID=59, X=6.07 m, Y=0.13 m, Width=0.85 m, Depth=0.53 m, Distance=6.07 m
[cluster_plot_node-13] [INFO] [1789878606.383109686] [lidar_clustering]: ID=60, X=3.19 m, Y=-1.80 m, Width=0.29 m, Depth=0.36 m, Distance=3.67 m
[cluster_plot_node-13] [INFO] [1789878606.383291423] [lidar_clustering]: ID=61, X=6.26 m, Y=0.58 m, Width=0.43 m, Depth=0.42 m, Distance=6.29 m
[cluster_plot_node-13] [INFO] [1789878606.383469682] [lidar_clustering]: ID=62, X=3.75 m, Y=-1.31 m, Width=0.33 m, Depth=0.44 m, Distance=3.98 m
[cluster_plot_node-13] [INFO] [1789878606.383651920] [lidar_clustering]: ID=63, X=4.87 m, Y=-0.66 m, Width=0.66 m, Depth=0.77 m, Distance=4.92 m
[cluster_plot_node-13] [INFO] [1789878606.383830400] [lidar_clustering]: ID=64, X=6.22 m, Y=-1.70 m, Width=0.13 m, Depth=0.06 m, Distance=6.45 m
[cluster_plot_node-13] [INFO] [1789878606.384008069] [lidar_clustering]: ID=65, X=7.28 m, Y=-1.23 m, Width=0.15 m, Depth=0.63 m, Distance=7.38 m
[cluster_plot_node-13] [INFO] [1789878606.384187651] [lidar_clustering]: FollowGap: mode=BLOCKED, direction=STOP, front=0.54 m, best_angle=0.0 deg
[cluster_plot_node-13] [INFO] [1789878606.384371662] [lidar_clustering]: points=119, clusters=4, tracks=13
[direct_localization_node-6] [INFO] [1789878606.827904541] [direct_localization]: pose: x=31.71 y=-60.76 yaw=49.1° v=2.49m/s [헤딩 정렬됨]
[cluster_plot_node-13] [INFO] [1789878607.257176064] [lidar_clustering]: ID=54, X=7.56 m, Y=0.28 m, Width=0.11 m, Depth=0.00 m, Distance=7.57 m
[cluster_plot_node-13] [INFO] [1789878607.257404146] [lidar_clustering]: ID=58, X=3.94 m, Y=-3.06 m, Width=0.08 m, Depth=0.03 m, Distance=4.98 m
[cluster_plot_node-13] [INFO] [1789878607.257593136] [lidar_clustering]: ID=59, X=3.91 m, Y=-1.60 m, Width=0.23 m, Depth=0.66 m, Distance=4.23 m
[cluster_plot_node-13] [INFO] [1789878607.257783147] [lidar_clustering]: ID=60, X=3.23 m, Y=-2.73 m, Width=0.05 m, Depth=0.04 m, Distance=4.23 m
[cluster_plot_node-13] [INFO] [1789878607.257970053] [lidar_clustering]: ID=61, X=5.48 m, Y=-1.19 m, Width=0.08 m, Depth=0.02 m, Distance=5.61 m
[cluster_plot_node-13] [INFO] [1789878607.258154705] [lidar_clustering]: ID=63, X=3.01 m, Y=-1.86 m, Width=0.05 m, Depth=0.04 m, Distance=3.54 m
[cluster_plot_node-13] [INFO] [1789878607.258339006] [lidar_clustering]: ID=64, X=5.30 m, Y=-2.06 m, Width=0.16 m, Depth=0.08 m, Distance=5.69 m
[cluster_plot_node-13] [INFO] [1789878607.258523347] [lidar_clustering]: ID=65, X=6.16 m, Y=-1.68 m, Width=0.12 m, Depth=0.05 m, Distance=6.39 m
[cluster_plot_node-13] [INFO] [1789878607.258710934] [lidar_clustering]: ID=66, X=6.38 m, Y=-0.99 m, Width=0.25 m, Depth=0.10 m, Distance=6.46 m
[cluster_plot_node-13] [INFO] [1789878607.258894724] [lidar_clustering]: ID=67, X=1.84 m, Y=7.25 m, Width=0.75 m, Depth=3.28 m, Distance=7.48 m
[cluster_plot_node-13] [INFO] [1789878607.259092380] [lidar_clustering]: ID=68, X=4.51 m, Y=-2.49 m, Width=0.10 m, Depth=0.29 m, Distance=5.15 m
[cluster_plot_node-13] [INFO] [1789878607.259287100] [lidar_clustering]: FollowGap: mode=CLEAR, direction=STRAIGHT, front=8.00 m, best_angle=0.0 deg
[serial_bridge-12] [WARN] [1789878608.080094896] [serial_bridge_node]: ⚠ 공급전압 강하: VMIN=3801mV — 배터리/전원 확인
[cluster_plot_node-13] [INFO] [1789878608.133814042] [lidar_clustering]: ID=54, X=7.58 m, Y=-1.70 m, Width=0.11 m, Depth=0.03 m, Distance=7.76 m
[cluster_plot_node-13] [INFO] [1789878608.134040681] [lidar_clustering]: ID=57, X=0.43 m, Y=0.15 m, Width=0.01 m, Depth=0.00 m, Distance=0.45 m
[cluster_plot_node-13] [INFO] [1789878608.134233828] [lidar_clustering]: ID=59, X=3.87 m, Y=-2.32 m, Width=0.22 m, Depth=0.13 m, Distance=4.51 m
[cluster_plot_node-13] [INFO] [1789878608.134417027] [lidar_clustering]: ID=60, X=2.66 m, Y=-2.52 m, Width=0.03 m, Depth=0.03 m, Distance=3.66 m
[cluster_plot_node-13] [INFO] [1789878608.134600126] [lidar_clustering]: ID=61, X=4.59 m, Y=-2.29 m, Width=0.10 m, Depth=0.26 m, Distance=5.13 m
[cluster_plot_node-13] [INFO] [1789878608.134796740] [lidar_clustering]: ID=63, X=2.95 m, Y=-2.38 m, Width=0.05 m, Depth=0.29 m, Distance=3.80 m
[cluster_plot_node-13] [INFO] [1789878608.134982013] [lidar_clustering]: ID=65, X=5.95 m, Y=-2.21 m, Width=0.13 m, Depth=0.39 m, Distance=6.35 m
[cluster_plot_node-13] [INFO] [1789878608.135185299] [lidar_clustering]: ID=66, X=5.37 m, Y=-2.29 m, Width=0.14 m, Depth=0.07 m, Distance=5.84 m
[cluster_plot_node-13] [INFO] [1789878608.135366374] [lidar_clustering]: ID=67, X=2.44 m, Y=6.32 m, Width=0.95 m, Depth=4.74 m, Distance=6.78 m
[cluster_plot_node-13] [INFO] [1789878608.135546848] [lidar_clustering]: FollowGap: mode=CLEAR, direction=STRAIGHT, front=8.00 m, best_angle=0.0 deg
[cluster_plot_node-13] [INFO] [1789878608.135734165] [lidar_clustering]: points=239, clusters=5, tracks=9
[cluster_plot_node-13] [INFO] [1789878609.005053451] [lidar_clustering]: ID=54, X=7.36 m, Y=-2.68 m, Width=0.24 m, Depth=0.22 m, Distance=7.83 m
[cluster_plot_node-13] [INFO] [1789878609.005286612] [lidar_clustering]: ID=55, X=6.11 m, Y=-2.65 m, Width=0.23 m, Depth=0.96 m, Distance=6.66 m
[cluster_plot_node-13] [INFO] [1789878609.005483336] [lidar_clustering]: ID=57, X=0.43 m, Y=0.10 m, Width=0.01 m, Depth=0.00 m, Distance=0.44 m
[cluster_plot_node-13] [INFO] [1789878609.005681643] [lidar_clustering]: ID=59, X=3.92 m, Y=-2.50 m, Width=0.14 m, Depth=0.15 m, Distance=4.65 m
[cluster_plot_node-13] [INFO] [1789878609.005872075] [lidar_clustering]: ID=61, X=4.39 m, Y=-2.47 m, Width=0.07 m, Depth=0.48 m, Distance=5.04 m
[cluster_plot_node-13] [INFO] [1789878609.006061777] [lidar_clustering]: ID=63, X=3.24 m, Y=-2.52 m, Width=0.05 m, Depth=0.25 m, Distance=4.10 m
[cluster_plot_node-13] [INFO] [1789878609.006256727] [lidar_clustering]: ID=66, X=4.72 m, Y=-2.51 m, Width=0.08 m, Depth=0.35 m, Distance=5.34 m
[cluster_plot_node-13] [INFO] [1789878609.006449093] [lidar_clustering]: ID=67, X=2.34 m, Y=5.88 m, Width=0.35 m, Depth=5.13 m, Distance=6.33 m
[cluster_plot_node-13] [INFO] [1789878609.006648262] [lidar_clustering]: FollowGap: mode=BLOCKED, direction=STOP, front=0.44 m, best_angle=0.0 deg
[direct_localization_node-6] [INFO] [1789878609.827896055] [direct_localization]: pose: x=35.21 y=-54.06 yaw=71.4° v=2.85m/s [헤딩 정렬됨]
[cluster_plot_node-13] [INFO] [1789878609.887311322] [lidar_clustering]: ID=54, X=7.09 m, Y=-2.69 m, Width=0.10 m, Depth=0.27 m, Distance=7.58 m
[cluster_plot_node-13] [INFO] [1789878609.887527923] [lidar_clustering]: ID=55, X=5.54 m, Y=-2.70 m, Width=0.24 m, Depth=0.89 m, Distance=6.16 m
[cluster_plot_node-13] [INFO] [1789878609.887734796] [lidar_clustering]: ID=57, X=0.33 m, Y=0.02 m, Width=0.00 m, Depth=0.00 m, Distance=0.33 m
[cluster_plot_node-13] [INFO] [1789878609.887939805] [lidar_clustering]: ID=59, X=3.87 m, Y=-2.66 m, Width=0.11 m, Depth=0.19 m, Distance=4.70 m
[cluster_plot_node-13] [INFO] [1789878609.888129356] [lidar_clustering]: ID=61, X=4.26 m, Y=-2.63 m, Width=0.17 m, Depth=0.98 m, Distance=5.01 m
[cluster_plot_node-13] [INFO] [1789878609.888315420] [lidar_clustering]: ID=65, X=4.96 m, Y=-3.51 m, Width=0.07 m, Depth=0.05 m, Distance=6.08 m
[cluster_plot_node-13] [INFO] [1789878609.888499020] [lidar_clustering]: ID=66, X=4.94 m, Y=-2.68 m, Width=0.07 m, Depth=0.43 m, Distance=5.63 m
[cluster_plot_node-13] [INFO] [1789878609.888686397] [lidar_clustering]: ID=67, X=2.61 m, Y=6.28 m, Width=0.04 m, Depth=0.09 m, Distance=6.80 m
[cluster_plot_node-13] [INFO] [1789878609.888879173] [lidar_clustering]: ID=69, X=3.28 m, Y=5.83 m, Width=0.11 m, Depth=4.12 m, Distance=6.69 m
[cluster_plot_node-13] [INFO] [1789878609.889072742] [lidar_clustering]: ID=70, X=0.58 m, Y=5.98 m, Width=0.01 m, Depth=0.08 m, Distance=6.00 m
[cluster_plot_node-13] [INFO] [1789878609.889262523] [lidar_clustering]: FollowGap: mode=CLEAR, direction=STRAIGHT, front=8.00 m, best_angle=0.0 deg
[cluster_plot_node-13] [INFO] [1789878609.889450350] [lidar_clustering]: points=13, clusters=2, tracks=10
[local_pure_pursuit_node-9] [WARN] [1789878610.228175348] [local_pure_pursuit]: odom 속도 3.2m/s — 비현실적이라 버린다 (직전 1.89 유지, 누적 236회). EKF twist 스파이크로 보이며 위치는 보통 멀쩡하다.
[vrs_ntrip_client-3] [INFO] [1789878610.751944821] [ngii_vrs_ntrip_client]: [NTRIP 연결됨] RTCM 1272프레임 발행, GGA 실측(37.28843,127.10743)
[cluster_plot_node-13] [INFO] [1789878610.763138685] [lidar_clustering]: ID=54, X=6.53 m, Y=-3.67 m, Width=0.09 m, Depth=0.11 m, Distance=7.49 m
[cluster_plot_node-13] [INFO] [1789878610.763459619] [lidar_clustering]: ID=55, X=5.10 m, Y=-2.38 m, Width=0.11 m, Depth=0.46 m, Distance=5.63 m
[cluster_plot_node-13] [INFO] [1789878610.763676611] [lidar_clustering]: ID=61, X=3.95 m, Y=-2.44 m, Width=0.06 m, Depth=0.11 m, Distance=4.64 m
[cluster_plot_node-13] [INFO] [1789878610.763867704] [lidar_clustering]: ID=63, X=3.04 m, Y=-2.54 m, Width=0.05 m, Depth=0.51 m, Distance=3.96 m
[cluster_plot_node-13] [INFO] [1789878610.764054029] [lidar_clustering]: ID=65, X=6.32 m, Y=-2.29 m, Width=0.12 m, Depth=0.56 m, Distance=6.72 m
[cluster_plot_node-13] [INFO] [1789878610.764239512] [lidar_clustering]: ID=66, X=4.78 m, Y=-3.60 m, Width=0.28 m, Depth=0.06 m, Distance=5.98 m
[cluster_plot_node-13] [INFO] [1789878610.764423042] [lidar_clustering]: ID=69, X=4.43 m, Y=6.18 m, Width=0.11 m, Depth=0.82 m, Distance=7.60 m
[cluster_plot_node-13] [INFO] [1789878610.764610479] [lidar_clustering]: ID=70, X=0.53 m, Y=6.01 m, Width=0.08 m, Depth=0.18 m, Distance=6.03 m
[cluster_plot_node-13] [INFO] [1789878610.764801903] [lidar_clustering]: FollowGap: mode=BLOCKED, direction=STOP, front=0.40 m, best_angle=0.0 deg
[cluster_plot_node-13] [INFO] [1789878611.634435867] [lidar_clustering]: ID=55, X=4.64 m, Y=-2.00 m, Width=0.07 m, Depth=0.06 m, Distance=5.05 m
[cluster_plot_node-13] [INFO] [1789878611.634669299] [lidar_clustering]: ID=61, X=4.48 m, Y=-2.44 m, Width=0.15 m, Depth=0.05 m, Distance=5.10 m
[cluster_plot_node-13] [INFO] [1789878611.634873216] [lidar_clustering]: ID=63, X=2.71 m, Y=-2.11 m, Width=0.06 m, Depth=0.12 m, Distance=3.44 m
[cluster_plot_node-13] [INFO] [1789878611.635074028] [lidar_clustering]: ID=65, X=5.08 m, Y=-1.88 m, Width=0.07 m, Depth=0.03 m, Distance=5.41 m
[cluster_plot_node-13] [INFO] [1789878611.635264961] [lidar_clustering]: ID=66, X=4.98 m, Y=-3.32 m, Width=0.22 m, Depth=0.18 m, Distance=5.99 m
[cluster_plot_node-13] [INFO] [1789878611.635456616] [lidar_clustering]: ID=67, X=2.17 m, Y=6.41 m, Width=0.46 m, Depth=4.01 m, Distance=6.76 m
[cluster_plot_node-13] [INFO] [1789878611.635651737] [lidar_clustering]: ID=68, X=3.71 m, Y=-2.10 m, Width=0.74 m, Depth=0.92 m, Distance=4.26 m
[cluster_plot_node-13] [INFO] [1789878611.635843131] [lidar_clustering]: ID=70, X=0.77 m, Y=6.09 m, Width=0.12 m, Depth=0.84 m, Distance=6.14 m
[cluster_plot_node-13] [INFO] [1789878611.636032662] [lidar_clustering]: ID=71, X=5.91 m, Y=-2.66 m, Width=0.08 m, Depth=0.03 m, Distance=6.48 m
[cluster_plot_node-13] [INFO] [1789878611.636222002] [lidar_clustering]: ID=72, X=6.75 m, Y=-1.70 m, Width=0.26 m, Depth=0.86 m, Distance=6.96 m
[cluster_plot_node-13] [INFO] [1789878611.636409599] [lidar_clustering]: FollowGap: mode=CLEAR, direction=STRAIGHT, front=8.00 m, best_angle=0.0 deg
[cluster_plot_node-13] [INFO] [1789878611.636595193] [lidar_clustering]: points=255, clusters=6, tracks=10
[serial_bridge-12] [WARN] [1789878611.790906067] [serial_bridge_node]: ⚠ 공급전압 강하: VMIN=4295mV — 배터리/전원 확인
[cluster_plot_node-13] [INFO] [1789878612.513038588] [lidar_clustering]: ID=55, X=3.07 m, Y=-1.73 m, Width=0.11 m, Depth=0.54 m, Distance=3.52 m
[cluster_plot_node-13] [INFO] [1789878612.513287188] [lidar_clustering]: ID=61, X=4.47 m, Y=-2.13 m, Width=0.21 m, Depth=0.14 m, Distance=4.95 m
[cluster_plot_node-13] [INFO] [1789878612.513484684] [lidar_clustering]: ID=63, X=2.58 m, Y=-1.88 m, Width=0.11 m, Depth=0.71 m, Distance=3.19 m
[cluster_plot_node-13] [INFO] [1789878612.513682951] [lidar_clustering]: ID=65, X=3.76 m, Y=-1.66 m, Width=0.08 m, Depth=0.20 m, Distance=4.11 m
[cluster_plot_node-13] [INFO] [1789878612.513876779] [lidar_clustering]: ID=66, X=5.62 m, Y=-1.67 m, Width=0.12 m, Depth=0.15 m, Distance=5.87 m
[cluster_plot_node-13] [INFO] [1789878612.514067042] [lidar_clustering]: ID=67, X=1.99 m, Y=6.72 m, Width=0.44 m, Depth=3.56 m, Distance=7.00 m
[cluster_plot_node-13] [INFO] [1789878612.514256883] [lidar_clustering]: ID=71, X=6.98 m, Y=-1.55 m, Width=0.40 m, Depth=1.72 m, Distance=7.15 m
[cluster_plot_node-13] [INFO] [1789878612.514445662] [lidar_clustering]: ID=72, X=4.34 m, Y=-1.58 m, Width=0.31 m, Depth=0.90 m, Distance=4.62 m
[cluster_plot_node-13] [INFO] [1789878612.514637938] [lidar_clustering]: ID=73, X=7.32 m, Y=-1.49 m, Width=0.08 m, Depth=0.15 m, Distance=7.47 m
[cluster_plot_node-13] [INFO] [1789878612.514834862] [lidar_clustering]: FollowGap: mode=CLEAR, direction=STRAIGHT, front=8.00 m, best_angle=0.0 deg
[direct_localization_node-6] [INFO] [1789878612.828091362] [direct_localization]: pose: x=39.07 y=-46.66 yaw=66.4° v=2.89m/s [헤딩 정렬됨]
[cluster_plot_node-13] [INFO] [1789878613.397053106] [lidar_clustering]: ID=55, X=2.91 m, Y=-1.74 m, Width=0.26 m, Depth=0.97 m, Distance=3.39 m
[cluster_plot_node-13] [INFO] [1789878613.397278313] [lidar_clustering]: ID=61, X=5.09 m, Y=-2.14 m, Width=0.57 m, Depth=0.44 m, Distance=5.53 m
[cluster_plot_node-13] [INFO] [1789878613.397461582] [lidar_clustering]: ID=63, X=2.34 m, Y=-1.81 m, Width=0.22 m, Depth=0.95 m, Distance=2.96 m
[cluster_plot_node-13] [INFO] [1789878613.397650191] [lidar_clustering]: ID=65, X=3.12 m, Y=-1.97 m, Width=0.04 m, Depth=0.03 m, Distance=3.68 m
[cluster_plot_node-13] [INFO] [1789878613.397831877] [lidar_clustering]: ID=66, X=5.38 m, Y=-2.76 m, Width=0.07 m, Depth=0.04 m, Distance=6.04 m
[cluster_plot_node-13] [INFO] [1789878613.398012922] [lidar_clustering]: ID=67, X=2.14 m, Y=6.65 m, Width=0.23 m, Depth=3.92 m, Distance=6.99 m
[cluster_plot_node-13] [INFO] [1789878613.398192404] [lidar_clustering]: ID=71, X=6.55 m, Y=-1.57 m, Width=0.05 m, Depth=0.09 m, Distance=6.74 m
[cluster_plot_node-13] [INFO] [1789878613.398372247] [lidar_clustering]: ID=72, X=3.69 m, Y=-2.44 m, Width=0.49 m, Depth=0.54 m, Distance=4.43 m
[cluster_plot_node-13] [INFO] [1789878613.398557861] [lidar_clustering]: ID=73, X=7.00 m, Y=-2.13 m, Width=0.44 m, Depth=1.15 m, Distance=7.32 m
[cluster_plot_node-13] [INFO] [1789878613.398746109] [lidar_clustering]: FollowGap: mode=CLEAR, direction=STRAIGHT, front=8.00 m, best_angle=0.0 deg
[cluster_plot_node-13] [INFO] [1789878613.398934037] [lidar_clustering]: points=272, clusters=6, tracks=9
[cluster_plot_node-13] [INFO] [1789878614.269860546] [lidar_clustering]: ID=61, X=4.00 m, Y=-2.38 m, Width=0.07 m, Depth=0.31 m, Distance=4.66 m
[cluster_plot_node-13] [INFO] [1789878614.270092054] [lidar_clustering]: ID=65, X=2.97 m, Y=-2.41 m, Width=0.26 m, Depth=0.36 m, Distance=3.83 m
[cluster_plot_node-13] [INFO] [1789878614.270315488] [lidar_clustering]: ID=67, X=2.26 m, Y=6.38 m, Width=0.34 m, Depth=4.33 m, Distance=6.77 m
[cluster_plot_node-13] [INFO] [1789878614.270503185] [lidar_clustering]: ID=68, X=4.85 m, Y=-2.96 m, Width=0.24 m, Depth=0.50 m, Distance=5.68 m
[cluster_plot_node-13] [INFO] [1789878614.270690842] [lidar_clustering]: ID=71, X=5.85 m, Y=-2.86 m, Width=0.31 m, Depth=0.62 m, Distance=6.51 m
[cluster_plot_node-13] [INFO] [1789878614.270875143] [lidar_clustering]: ID=72, X=3.54 m, Y=-2.58 m, Width=0.09 m, Depth=0.22 m, Distance=4.38 m
[cluster_plot_node-13] [INFO] [1789878614.271059054] [lidar_clustering]: ID=73, X=7.20 m, Y=-2.85 m, Width=0.11 m, Depth=0.23 m, Distance=7.75 m
[cluster_plot_node-13] [INFO] [1789878614.271245940] [lidar_clustering]: ID=74, X=6.57 m, Y=-2.95 m, Width=0.24 m, Depth=0.47 m, Distance=7.20 m
[cluster_plot_node-13] [INFO] [1789878614.271431313] [lidar_clustering]: FollowGap: mode=CLEAR, direction=STRAIGHT, front=8.00 m, best_angle=0.0 deg
[serial_bridge-12] [WARN] [1789878614.797446874] [serial_bridge_node]: ⚠ 공급전압 강하: VMIN=4062mV — 배터리/전원 확인
[cluster_plot_node-13] [INFO] [1789878615.145844195] [lidar_clustering]: ID=66, X=4.44 m, Y=-3.16 m, Width=0.47 m, Depth=1.78 m, Distance=5.45 m
[cluster_plot_node-13] [INFO] [1789878615.146080953] [lidar_clustering]: ID=67, X=1.88 m, Y=6.31 m, Width=0.91 m, Depth=3.49 m, Distance=6.58 m
[cluster_plot_node-13] [INFO] [1789878615.146268570] [lidar_clustering]: ID=68, X=4.90 m, Y=-3.30 m, Width=0.13 m, Depth=0.61 m, Distance=5.91 m
[cluster_plot_node-13] [INFO] [1789878615.146449465] [lidar_clustering]: ID=71, X=5.35 m, Y=-3.20 m, Width=0.27 m, Depth=0.55 m, Distance=6.23 m
[cluster_plot_node-13] [INFO] [1789878615.146628817] [lidar_clustering]: ID=73, X=6.19 m, Y=-3.38 m, Width=0.55 m, Depth=0.36 m, Distance=7.05 m
[cluster_plot_node-13] [INFO] [1789878615.146818207] [lidar_clustering]: FollowGap: mode=CLEAR, direction=STRAIGHT, front=8.00 m, best_angle=0.0 deg
[cluster_plot_node-13] [INFO] [1789878615.147001486] [lidar_clustering]: points=154, clusters=2, tracks=5
[local_pure_pursuit_node-9] [WARN] [1789878615.228180343] [local_pure_pursuit]: odom 속도 3.2m/s — 비현실적이라 버린다 (직전 2.47 유지, 누적 279회). EKF twist 스파이크로 보이며 위치는 보통 멀쩡하다.
[vrs_ntrip_client-3] [INFO] [1789878615.752033030] [ngii_vrs_ntrip_client]: [NTRIP 연결됨] RTCM 1300프레임 발행, GGA 실측(37.28855,127.10749)
[direct_localization_node-6] [INFO] [1789878615.827867637] [direct_localization]: pose: x=42.23 y=-38.45 yaw=75.3° v=2.94m/s [헤딩 정렬됨]
[cluster_plot_node-13] [INFO] [1789878616.022010462] [lidar_clustering]: ID=66, X=4.14 m, Y=-3.20 m, Width=0.10 m, Depth=0.39 m, Distance=5.23 m
[cluster_plot_node-13] [INFO] [1789878616.022228797] [lidar_clustering]: ID=67, X=0.93 m, Y=7.06 m, Width=0.73 m, Depth=1.24 m, Distance=7.12 m
[cluster_plot_node-13] [INFO] [1789878616.022407898] [lidar_clustering]: ID=73, X=6.53 m, Y=-3.88 m, Width=0.25 m, Depth=0.20 m, Distance=7.59 m
[cluster_plot_node-13] [INFO] [1789878616.022590867] [lidar_clustering]: ID=74, X=7.03 m, Y=-3.45 m, Width=0.07 m, Depth=0.04 m, Distance=7.83 m
[cluster_plot_node-13] [INFO] [1789878616.022782080] [lidar_clustering]: FollowGap: mode=CLEAR, direction=STRAIGHT, front=8.00 m, best_angle=0.0 deg
[cluster_plot_node-13] [INFO] [1789878616.903921444] [lidar_clustering]: ID=66, X=4.87 m, Y=-3.38 m, Width=0.28 m, Depth=0.21 m, Distance=5.93 m
[cluster_plot_node-13] [INFO] [1789878616.904183709] [lidar_clustering]: ID=68, X=5.91 m, Y=-3.57 m, Width=0.39 m, Depth=0.24 m, Distance=6.91 m
[cluster_plot_node-13] [INFO] [1789878616.904408245] [lidar_clustering]: ID=71, X=5.11 m, Y=-4.25 m, Width=0.15 m, Depth=0.63 m, Distance=6.65 m
[cluster_plot_node-13] [INFO] [1789878616.904630937] [lidar_clustering]: ID=72, X=4.35 m, Y=-3.37 m, Width=0.07 m, Depth=0.05 m, Distance=5.50 m
[cluster_plot_node-13] [INFO] [1789878616.904857947] [lidar_clustering]: ID=73, X=6.28 m, Y=-3.74 m, Width=0.09 m, Depth=0.12 m, Distance=7.30 m
[cluster_plot_node-13] [INFO] [1789878616.905077914] [lidar_clustering]: ID=74, X=5.43 m, Y=-3.40 m, Width=0.06 m, Depth=0.04 m, Distance=6.41 m
[cluster_plot_node-13] [INFO] [1789878616.905300686] [lidar_clustering]: ID=75, X=0.76 m, Y=6.39 m, Width=0.01 m, Depth=0.08 m, Distance=6.43 m
[cluster_plot_node-13] [INFO] [1789878616.905521485] [lidar_clustering]: FollowGap: mode=CLEAR, direction=STRAIGHT, front=8.00 m, best_angle=0.0 deg
[cluster_plot_node-13] [INFO] [1789878616.905746091] [lidar_clustering]: points=5, clusters=1, tracks=7
[cluster_plot_node-13] [INFO] [1789878617.780049876] [lidar_clustering]: ID=66, X=4.10 m, Y=-3.42 m, Width=0.05 m, Depth=0.05 m, Distance=5.34 m
[cluster_plot_node-13] [INFO] [1789878617.780272528] [lidar_clustering]: ID=67, X=0.45 m, Y=6.82 m, Width=0.20 m, Depth=0.19 m, Distance=6.83 m
[cluster_plot_node-13] [INFO] [1789878617.780456539] [lidar_clustering]: ID=68, X=5.77 m, Y=-2.95 m, Width=0.08 m, Depth=0.04 m, Distance=6.48 m
[cluster_plot_node-13] [INFO] [1789878617.780640479] [lidar_clustering]: ID=71, X=5.38 m, Y=-3.62 m, Width=0.43 m, Depth=0.52 m, Distance=6.49 m
[cluster_plot_node-13] [INFO] [1789878617.780819220] [lidar_clustering]: ID=72, X=3.40 m, Y=-2.77 m, Width=0.04 m, Depth=0.04 m, Distance=4.39 m
[cluster_plot_node-13] [INFO] [1789878617.781000095] [lidar_clustering]: ID=73, X=7.05 m, Y=-2.95 m, Width=0.20 m, Depth=0.24 m, Distance=7.65 m
[cluster_plot_node-13] [INFO] [1789878617.781175619] [lidar_clustering]: ID=74, X=6.16 m, Y=-2.89 m, Width=0.23 m, Depth=0.30 m, Distance=6.81 m
[cluster_plot_node-13] [INFO] [1789878617.781351274] [lidar_clustering]: ID=75, X=0.38 m, Y=4.95 m, Width=0.01 m, Depth=0.09 m, Distance=4.97 m
[cluster_plot_node-13] [INFO] [1789878617.781528813] [lidar_clustering]: FollowGap: mode=CLEAR, direction=STRAIGHT, front=8.00 m, best_angle=0.0 deg
[serial_bridge-12] [WARN] [1789878617.807669990] [serial_bridge_node]: ⚠ 공급전압 강하: VMIN=3814mV — 배터리/전원 확인
[cluster_plot_node-13] [WARN] [1789878618.397934349] [lidar_clustering]: LaserScan size changed. Tracker was reset.
[direct_localization_node-6] [INFO] [1789878618.828060026] [direct_localization]: pose: x=45.25 y=-30.47 yaw=89.2° v=2.65m/s [헤딩 정렬됨]
[cluster_plot_node-13] [INFO] [1789878620.421342906] [lidar_clustering]: No confirmed obstacles.
[cluster_plot_node-13] [INFO] [1789878620.421571830] [lidar_clustering]: FollowGap: mode=CLEAR, direction=STRAIGHT, front=8.00 m, best_angle=0.0 deg
[cluster_plot_node-13] [INFO] [1789878620.421760569] [lidar_clustering]: points=0, clusters=0, tracks=0
[vrs_ntrip_client-3] [INFO] [1789878620.752063532] [ngii_vrs_ntrip_client]: [NTRIP 연결됨] RTCM 1320프레임 발행, GGA 실측(37.28866,127.10750)
[serial_bridge-12] [WARN] [1789878620.818156547] [serial_bridge_node]: ⚠ 공급전압 강하: VMIN=2976mV — 배터리/전원 확인
[direct_localization_node-6] [INFO] [1789878621.828042870] [direct_localization]: pose: x=40.88 y=-25.06 yaw=164.9° v=2.52m/s [헤딩 정렬됨]
[cluster_plot_node-13] [INFO] [1789878622.179309277] [lidar_clustering]: ID=1, X=1.20 m, Y=2.76 m, Width=0.22 m, Depth=0.10 m, Distance=3.01 m
[cluster_plot_node-13] [INFO] [1789878622.179538210] [lidar_clustering]: ID=2, X=1.76 m, Y=2.54 m, Width=0.08 m, Depth=0.12 m, Distance=3.09 m
[cluster_plot_node-13] [INFO] [1789878622.179732951] [lidar_clustering]: ID=3, X=2.48 m, Y=7.53 m, Width=0.32 m, Depth=0.86 m, Distance=7.93 m
[cluster_plot_node-13] [INFO] [1789878622.179920327] [lidar_clustering]: FollowGap: mode=CLEAR, direction=STRAIGHT, front=8.00 m, best_angle=0.0 deg
[cluster_plot_node-13] [INFO] [1789878622.180105270] [lidar_clustering]: points=63, clusters=3, tracks=3
[local_pure_pursuit_node-9] [WARN] [1789878622.228314890] [local_pure_pursuit]: odom 속도 3.0m/s — 비현실적이라 버린다 (직전 1.84 유지, 누적 306회). EKF twist 스파이크로 보이며 위치는 보통 멀쩡하다.
[cluster_plot_node-13] [INFO] [1789878623.054850509] [lidar_clustering]: ID=1, X=1.12 m, Y=2.08 m, Width=0.14 m, Depth=0.36 m, Distance=2.36 m
[cluster_plot_node-13] [INFO] [1789878623.055068983] [lidar_clustering]: ID=2, X=1.54 m, Y=2.11 m, Width=0.02 m, Depth=0.03 m, Distance=2.61 m
[cluster_plot_node-13] [INFO] [1789878623.055249016] [lidar_clustering]: ID=3, X=1.74 m, Y=7.12 m, Width=0.76 m, Depth=2.98 m, Distance=7.33 m
[cluster_plot_node-13] [INFO] [1789878623.055426044] [lidar_clustering]: ID=4, X=3.78 m, Y=6.88 m, Width=0.07 m, Depth=0.48 m, Distance=7.84 m
[cluster_plot_node-13] [INFO] [1789878623.055602300] [lidar_clustering]: FollowGap: mode=CLEAR, direction=STRAIGHT, front=8.00 m, best_angle=0.0 deg
[cluster_plot_node-13] [INFO] [1789878623.936195694] [lidar_clustering]: ID=1, X=0.82 m, Y=2.15 m, Width=0.01 m, Depth=0.03 m, Distance=2.30 m
[cluster_plot_node-13] [INFO] [1789878623.936420610] [lidar_clustering]: ID=2, X=1.35 m, Y=2.05 m, Width=0.11 m, Depth=0.12 m, Distance=2.46 m
[cluster_plot_node-13] [INFO] [1789878623.936608177] [lidar_clustering]: ID=3, X=0.71 m, Y=7.17 m, Width=0.09 m, Depth=0.41 m, Distance=7.21 m
[cluster_plot_node-13] [INFO] [1789878623.936795313] [lidar_clustering]: ID=5, X=7.04 m, Y=3.16 m, Width=0.10 m, Depth=0.04 m, Distance=7.71 m
[cluster_plot_node-13] [INFO] [1789878623.936981318] [lidar_clustering]: FollowGap: mode=CLEAR, direction=STRAIGHT, front=8.00 m, best_angle=0.0 deg
[cluster_plot_node-13] [INFO] [1789878623.937167572] [lidar_clustering]: points=44, clusters=4, tracks=4
[serial_bridge-12] [WARN] [1789878624.779303685] [serial_bridge_node]: ⚠ 공급전압 강하: VMIN=4295mV — 배터리/전원 확인
[cluster_plot_node-13] [INFO] [1789878624.804982780] [lidar_clustering]: ID=1, X=0.66 m, Y=2.33 m, Width=0.02 m, Depth=0.05 m, Distance=2.42 m
[cluster_plot_node-13] [INFO] [1789878624.805235958] [lidar_clustering]: ID=2, X=1.15 m, Y=2.23 m, Width=0.02 m, Depth=0.03 m, Distance=2.51 m
[cluster_plot_node-13] [INFO] [1789878624.805449203] [lidar_clustering]: ID=5, X=6.55 m, Y=3.23 m, Width=0.09 m, Depth=0.05 m, Distance=7.31 m
[cluster_plot_node-13] [INFO] [1789878624.805665022] [lidar_clustering]: FollowGap: mode=BLOCKED, direction=STOP, front=0.45 m, best_angle=0.0 deg
[direct_localization_node-6] [INFO] [1789878624.827891216] [direct_localization]: pose: x=33.59 y=-22.19 yaw=154.5° v=2.60m/s [헤딩 정렬됨]
[cluster_plot_node-13] [INFO] [1789878625.679433418] [lidar_clustering]: ID=1, X=0.56 m, Y=2.09 m, Width=0.01 m, Depth=0.03 m, Distance=2.16 m
[cluster_plot_node-13] [INFO] [1789878625.679657473] [lidar_clustering]: ID=2, X=1.07 m, Y=2.13 m, Width=0.04 m, Depth=0.12 m, Distance=2.39 m
[cluster_plot_node-13] [INFO] [1789878625.679846142] [lidar_clustering]: ID=5, X=5.72 m, Y=3.21 m, Width=0.11 m, Depth=0.12 m, Distance=6.56 m
[cluster_plot_node-13] [INFO] [1789878625.680034721] [lidar_clustering]: FollowGap: mode=CLEAR, direction=STRAIGHT, front=8.00 m, best_angle=0.0 deg
[cluster_plot_node-13] [INFO] [1789878625.680222789] [lidar_clustering]: points=23, clusters=3, tracks=3
[vrs_ntrip_client-3] [INFO] [1789878625.751968921] [ngii_vrs_ntrip_client]: [NTRIP 연결됨] RTCM 1348프레임 발행, GGA 실측(37.28870,127.10737)
[cluster_plot_node-13] [INFO] [1789878626.554888927] [lidar_clustering]: ID=1, X=0.61 m, Y=1.98 m, Width=0.01 m, Depth=0.03 m, Distance=2.07 m
[cluster_plot_node-13] [INFO] [1789878626.555118411] [lidar_clustering]: ID=2, X=0.79 m, Y=1.63 m, Width=0.12 m, Depth=0.29 m, Distance=1.81 m
[cluster_plot_node-13] [INFO] [1789878626.555307682] [lidar_clustering]: ID=5, X=5.70 m, Y=2.53 m, Width=0.08 m, Depth=0.03 m, Distance=6.23 m
[cluster_plot_node-13] [INFO] [1789878626.555497824] [lidar_clustering]: ID=6, X=5.15 m, Y=2.29 m, Width=0.07 m, Depth=0.03 m, Distance=5.63 m
[cluster_plot_node-13] [INFO] [1789878626.555696050] [lidar_clustering]: FollowGap: mode=CLEAR, direction=STRAIGHT, front=8.00 m, best_angle=0.0 deg
[vehicle_cmd_mux-11] [INFO] [1789878627.028061953] [vehicle_cmd_mux]: 모드: AVOID(라이다)
[vehicle_cmd_mux-11] [INFO] [1789878627.128018968] [vehicle_cmd_mux]: 모드: AUTO
[vehicle_cmd_mux-11] [INFO] [1789878627.178069890] [vehicle_cmd_mux]: 모드: AVOID(라이다)
[local_pure_pursuit_node-9] [WARN] [1789878627.262245007] [local_pure_pursuit]: odom 속도 3.1m/s — 비현실적이라 버린다 (직전 2.20 유지, 누적 334회). EKF twist 스파이크로 보이며 위치는 보통 멀쩡하다.
[cluster_plot_node-13] [INFO] [1789878627.436026462] [lidar_clustering]: ID=1, X=0.54 m, Y=1.11 m, Width=0.05 m, Depth=0.07 m, Distance=1.23 m
[cluster_plot_node-13] [INFO] [1789878627.436256478] [lidar_clustering]: ID=2, X=1.00 m, Y=1.01 m, Width=0.03 m, Depth=0.01 m, Distance=1.42 m
[cluster_plot_node-13] [INFO] [1789878627.436440499] [lidar_clustering]: ID=5, X=4.48 m, Y=0.71 m, Width=0.06 m, Depth=0.01 m, Distance=4.53 m
[cluster_plot_node-13] [INFO] [1789878627.436621454] [lidar_clustering]: ID=6, X=4.69 m, Y=1.51 m, Width=0.06 m, Depth=0.02 m, Distance=4.93 m
[cluster_plot_node-13] [INFO] [1789878627.436809682] [lidar_clustering]: FollowGap: mode=AVOID, direction=STRAIGHT, front=1.21 m, best_angle=-4.8 deg
[cluster_plot_node-13] [INFO] [1789878627.436993662] [lidar_clustering]: points=26, clusters=3, tracks=4
[direct_localization_node-6] [INFO] [1789878627.827888640] [direct_localization]: pose: x=25.92 y=-19.10 yaw=166.9° v=3.34m/s [헤딩 정렬됨]
[vehicle_cmd_mux-11] [INFO] [1789878627.878085101] [vehicle_cmd_mux]: 모드: AUTO
[vehicle_cmd_mux-11] [INFO] [1789878627.977987595] [vehicle_cmd_mux]: 모드: AVOID(라이다)
[cluster_plot_node-13] [INFO] [1789878628.324401694] [lidar_clustering]: ID=1, X=0.53 m, Y=0.28 m, Width=0.01 m, Depth=0.00 m, Distance=0.59 m
[cluster_plot_node-13] [INFO] [1789878628.324654492] [lidar_clustering]: ID=2, X=0.44 m, Y=1.14 m, Width=0.09 m, Depth=0.02 m, Distance=1.22 m
[cluster_plot_node-13] [INFO] [1789878628.324864290] [lidar_clustering]: ID=5, X=2.86 m, Y=1.36 m, Width=0.19 m, Depth=0.03 m, Distance=3.17 m
[cluster_plot_node-13] [INFO] [1789878628.325067917] [lidar_clustering]: FollowGap: mode=AVOID, direction=RIGHT, front=1.20 m, best_angle=-11.4 deg
[vehicle_cmd_mux-11] [INFO] [1789878628.428071763] [vehicle_cmd_mux]: 모드: AUTO
[vehicle_cmd_mux-11] [INFO] [1789878629.127969478] [vehicle_cmd_mux]: 모드: AVOID(라이다)
[cluster_plot_node-13] [INFO] [1789878629.199078725] [lidar_clustering]: ID=1, X=1.11 m, Y=-0.73 m, Width=0.02 m, Depth=0.01 m, Distance=1.33 m
[cluster_plot_node-13] [INFO] [1789878629.199314422] [lidar_clustering]: ID=2, X=0.65 m, Y=2.79 m, Width=0.03 m, Depth=0.10 m, Distance=2.87 m
[cluster_plot_node-13] [INFO] [1789878629.199509483] [lidar_clustering]: ID=5, X=1.55 m, Y=2.85 m, Width=0.02 m, Depth=0.04 m, Distance=3.24 m
[cluster_plot_node-13] [INFO] [1789878629.199703432] [lidar_clustering]: FollowGap: mode=CLEAR, direction=STRAIGHT, front=8.00 m, best_angle=0.0 deg
[cluster_plot_node-13] [INFO] [1789878629.199890548] [lidar_clustering]: points=0, clusters=0, tracks=3
[vehicle_cmd_mux-11] [INFO] [1789878629.227999351] [vehicle_cmd_mux]: 모드: AUTO
[cluster_plot_node-13] [INFO] [1789878630.068367134] [lidar_clustering]: ID=7, X=6.88 m, Y=2.70 m, Width=2.73 m, Depth=1.82 m, Distance=7.39 m
[cluster_plot_node-13] [INFO] [1789878630.068604283] [lidar_clustering]: FollowGap: mode=CLEAR, direction=STRAIGHT, front=8.00 m, best_angle=0.0 deg
[vrs_ntrip_client-3] [INFO] [1789878630.752016746] [ngii_vrs_ntrip_client]: [NTRIP 연결됨] RTCM 1368프레임 발행, GGA 실측(37.28876,127.10726)
[direct_localization_node-6] [INFO] [1789878630.827934403] [direct_localization]: pose: x=21.96 y=-14.26 yaw=89.8° v=1.86m/s [헤딩 정렬됨]
[cluster_plot_node-13] [INFO] [1789878630.938167141] [lidar_clustering]: ID=7, X=4.30 m, Y=5.00 m, Width=2.17 m, Depth=4.75 m, Distance=6.59 m
[cluster_plot_node-13] [INFO] [1789878630.938401385] [lidar_clustering]: FollowGap: mode=CLEAR, direction=STRAIGHT, front=8.00 m, best_angle=0.0 deg
[cluster_plot_node-13] [INFO] [1789878630.938596225] [lidar_clustering]: points=194, clusters=1, tracks=1
[cluster_plot_node-13] [INFO] [1789878631.807040945] [lidar_clustering]: ID=1, X=0.46 m, Y=-0.28 m, Width=0.01 m, Depth=0.00 m, Distance=0.54 m
[cluster_plot_node-13] [INFO] [1789878631.807284316] [lidar_clustering]: ID=7, X=2.32 m, Y=6.06 m, Width=0.39 m, Depth=3.99 m, Distance=6.48 m
[cluster_plot_node-13] [INFO] [1789878631.807487782] [lidar_clustering]: FollowGap: mode=BLOCKED, direction=STOP, front=0.45 m, best_angle=0.0 deg
[serial_bridge-12] [WARN] [1789878632.347874678] [serial_bridge_node]: ⚠ 공급전압 강하: VMIN=4278mV — 배터리/전원 확인
[cluster_plot_node-13] [INFO] [1789878632.664256984] [lidar_clustering]: ID=1, X=0.39 m, Y=-0.16 m, Width=0.01 m, Depth=0.00 m, Distance=0.43 m
[cluster_plot_node-13] [INFO] [1789878632.664498641] [lidar_clustering]: ID=7, X=2.86 m, Y=6.59 m, Width=0.25 m, Depth=1.22 m, Distance=7.19 m
[cluster_plot_node-13] [INFO] [1789878632.664717336] [lidar_clustering]: ID=8, X=1.22 m, Y=6.41 m, Width=0.20 m, Depth=1.76 m, Distance=6.53 m
[cluster_plot_node-13] [INFO] [1789878632.664918348] [lidar_clustering]: ID=9, X=4.10 m, Y=6.60 m, Width=0.06 m, Depth=0.09 m, Distance=7.77 m
[cluster_plot_node-13] [INFO] [1789878632.665118489] [lidar_clustering]: FollowGap: mode=CLEAR, direction=STRAIGHT, front=8.00 m, best_angle=0.0 deg
[cluster_plot_node-13] [INFO] [1789878632.665310634] [lidar_clustering]: points=122, clusters=3, tracks=4
[cluster_plot_node-13] [INFO] [1789878633.526736174] [lidar_clustering]: ID=8, X=1.98 m, Y=6.68 m, Width=0.45 m, Depth=3.56 m, Distance=6.97 m
[cluster_plot_node-13] [INFO] [1789878633.526986628] [lidar_clustering]: FollowGap: mode=CLEAR, direction=STRAIGHT, front=8.00 m, best_angle=0.0 deg
[direct_localization_node-6] [INFO] [1789878633.827995565] [direct_localization]: pose: x=24.56 y=-8.81 yaw=61.9° v=2.02m/s [헤딩 정렬됨]
[cluster_plot_node-13] [INFO] [1789878634.388899670] [lidar_clustering]: ID=1, X=0.49 m, Y=-0.19 m, Width=0.01 m, Depth=0.00 m, Distance=0.53 m
[cluster_plot_node-13] [INFO] [1789878634.389116522] [lidar_clustering]: ID=8, X=1.22 m, Y=6.85 m, Width=0.02 m, Depth=0.19 m, Distance=6.95 m
[cluster_plot_node-13] [INFO] [1789878634.389294611] [lidar_clustering]: FollowGap: mode=CLEAR, direction=STRAIGHT, front=8.00 m, best_angle=0.0 deg
[cluster_plot_node-13] [INFO] [1789878634.389468212] [lidar_clustering]: points=0, clusters=0, tracks=2
[vehicle_cmd_mux-11] [INFO] [1789878634.827983768] [vehicle_cmd_mux]: 모드: AVOID(라이다)
[vehicle_cmd_mux-11] [INFO] [1789878634.928055876] [vehicle_cmd_mux]: 모드: AUTO
[cluster_plot_node-13] [WARN] [1789878635.076761458] [lidar_clustering]: LaserScan size changed. Tracker was reset.
[vrs_ntrip_client-3] [INFO] [1789878635.751941814] [ngii_vrs_ntrip_client]: [NTRIP 연결됨] RTCM 1396프레임 발행, GGA 실측(37.28883,127.10732)
[direct_localization_node-6] [INFO] [1789878636.827868687] [direct_localization]: pose: x=29.40 y=-6.85 yaw=-13.4° v=2.27m/s [헤딩 정렬됨]
[serial_bridge-12] [WARN] [1789878637.570015407] [serial_bridge_node]: ⚠ 공급전압 강하: VMIN=4295mV — 배터리/전원 확인
[cluster_plot_node-13] [INFO] [1789878638.705397474] [lidar_clustering]: No confirmed obstacles.
[cluster_plot_node-13] [INFO] [1789878638.705625336] [lidar_clustering]: FollowGap: mode=CLEAR, direction=STRAIGHT, front=8.00 m, best_angle=0.0 deg
[cluster_plot_node-13] [INFO] [1789878639.572758083] [lidar_clustering]: No confirmed obstacles.
[cluster_plot_node-13] [INFO] [1789878639.572990924] [lidar_clustering]: FollowGap: mode=CLEAR, direction=STRAIGHT, front=8.00 m, best_angle=0.0 deg
[cluster_plot_node-13] [INFO] [1789878639.573180796] [lidar_clustering]: points=0, clusters=0, tracks=0
[direct_localization_node-6] [INFO] [1789878639.827903256] [direct_localization]: pose: x=36.08 y=-9.56 yaw=-8.9° v=2.50m/s [헤딩 정렬됨]
[cluster_plot_node-13] [WARN] [1789878640.102638099] [lidar_clustering]: LaserScan size changed. Tracker was reset.
[serial_bridge-12] [WARN] [1789878640.576972801] [serial_bridge_node]: ⚠ 공급전압 강하: VMIN=4214mV — 배터리/전원 확인
[vrs_ntrip_client-3] [INFO] [1789878640.751990447] [ngii_vrs_ntrip_client]: [NTRIP 연결됨] RTCM 1416프레임 발행, GGA 실측(37.28880,127.10744)
[local_pure_pursuit_node-9] [WARN] [1789878642.228255624] [local_pure_pursuit]: odom 속도 3.2m/s — 비현실적이라 버린다 (직전 1.99 유지, 누적 339회). EKF twist 스파이크로 보이며 위치는 보통 멀쩡하다.
[direct_localization_node-6] [INFO] [1789878642.828042496] [direct_localization]: pose: x=43.40 y=-11.77 yaw=-24.2° v=2.62m/s [헤딩 정렬됨]
[cluster_plot_node-13] [INFO] [1789878643.065873352] [lidar_clustering]: No confirmed obstacles.
[cluster_plot_node-13] [INFO] [1789878643.066099300] [lidar_clustering]: FollowGap: mode=CLEAR, direction=STRAIGHT, front=8.00 m, best_angle=0.0 deg
[cluster_plot_node-13] [INFO] [1789878643.066283782] [lidar_clustering]: points=0, clusters=0, tracks=0
[serial_bridge-12] [WARN] [1789878643.586936236] [serial_bridge_node]: ⚠ 공급전압 강하: VMIN=3880mV — 배터리/전원 확인
[cluster_plot_node-13] [INFO] [1789878643.934830530] [lidar_clustering]: No confirmed obstacles.
[cluster_plot_node-13] [INFO] [1789878643.935190176] [lidar_clustering]: FollowGap: mode=CLEAR, direction=STRAIGHT, front=8.00 m, best_angle=0.0 deg
[cluster_plot_node-13] [INFO] [1789878644.806932390] [lidar_clustering]: No confirmed obstacles.
[cluster_plot_node-13] [INFO] [1789878644.807151766] [lidar_clustering]: FollowGap: mode=CLEAR, direction=STRAIGHT, front=8.00 m, best_angle=0.0 deg
[cluster_plot_node-13] [INFO] [1789878644.807329715] [lidar_clustering]: points=0, clusters=0, tracks=0
[cluster_plot_node-13] [INFO] [1789878645.682652127] [lidar_clustering]: No confirmed obstacles.
[cluster_plot_node-13] [INFO] [1789878645.682908852] [lidar_clustering]: FollowGap: mode=CLEAR, direction=STRAIGHT, front=8.00 m, best_angle=0.0 deg
[vrs_ntrip_client-3] [INFO] [1789878645.752053519] [ngii_vrs_ntrip_client]: [NTRIP 연결됨] RTCM 1444프레임 발행, GGA 실측(37.28876,127.10758)
[direct_localization_node-6] [INFO] [1789878645.828580300] [direct_localization]: pose: x=50.84 y=-14.70 yaw=-7.7° v=2.58m/s [헤딩 정렬됨]
[cluster_plot_node-13] [INFO] [1789878646.556037483] [lidar_clustering]: ID=2, X=5.57 m, Y=0.01 m, Width=0.09 m, Depth=0.01 m, Distance=5.57 m
[cluster_plot_node-13] [INFO] [1789878646.556269372] [lidar_clustering]: ID=3, X=6.26 m, Y=-1.12 m, Width=0.51 m, Depth=0.10 m, Distance=6.36 m
[cluster_plot_node-13] [INFO] [1789878646.556522060] [lidar_clustering]: ID=4, X=1.73 m, Y=5.65 m, Width=0.09 m, Depth=0.28 m, Distance=5.91 m
[cluster_plot_node-13] [INFO] [1789878646.556772854] [lidar_clustering]: ID=5, X=2.24 m, Y=5.62 m, Width=0.09 m, Depth=0.17 m, Distance=6.05 m
[cluster_plot_node-13] [INFO] [1789878646.557000676] [lidar_clustering]: FollowGap: mode=CLEAR, direction=STRAIGHT, front=8.00 m, best_angle=0.0 deg
[cluster_plot_node-13] [INFO] [1789878646.557192411] [lidar_clustering]: points=43, clusters=4, tracks=4
[local_sliding_window_node-8] [INFO] [1789878646.930106221] [local_sliding_window_node]: ★ 경로 완주 (남은 거리 0.55m) → 정지 신호 발행
[local_pure_pursuit_node-9] [INFO] [1789878646.930543791] [local_pure_pursuit]: 🏁 완주 신호 수신 — 조향 중앙 복귀 후 정지 (고장 아님)
[longitudinal_controller-10] [INFO] [1789878646.930697786] [longitudinal_controller]: 🏁 완주 신호 수신 — 감속 정지합니다 (고장 아님)
[local_pure_pursuit_node-9] [INFO] [1789878646.935055321] [local_pure_pursuit]: 정지: 🏁 완주 (정상 종료)
[vehicle_cmd_mux-11] [INFO] [1789878647.377933662] [vehicle_cmd_mux]: 모드: AVOID(라이다)
[cluster_plot_node-13] [INFO] [1789878647.437300392] [lidar_clustering]: ID=2, X=3.99 m, Y=-0.39 m, Width=0.25 m, Depth=0.11 m, Distance=4.01 m
[cluster_plot_node-13] [INFO] [1789878647.437566634] [lidar_clustering]: ID=3, X=4.15 m, Y=0.15 m, Width=0.06 m, Depth=0.00 m, Distance=4.15 m
[cluster_plot_node-13] [INFO] [1789878647.437762216] [lidar_clustering]: ID=6, X=3.64 m, Y=0.89 m, Width=0.30 m, Depth=0.08 m, Distance=3.75 m
[cluster_plot_node-13] [INFO] [1789878647.437947780] [lidar_clustering]: ID=7, X=6.33 m, Y=-4.57 m, Width=0.12 m, Depth=0.12 m, Distance=7.80 m
[cluster_plot_node-13] [INFO] [1789878647.438131871] [lidar_clustering]: ID=8, X=4.35 m, Y=-0.24 m, Width=0.09 m, Depth=0.04 m, Distance=4.35 m
[cluster_plot_node-13] [INFO] [1789878647.438315140] [lidar_clustering]: ID=9, X=7.57 m, Y=-2.42 m, Width=0.34 m, Depth=0.16 m, Distance=7.94 m
[cluster_plot_node-13] [INFO] [1789878647.438503138] [lidar_clustering]: FollowGap: mode=BLOCKED, direction=STOP, front=3.07 m, best_angle=0.0 deg
[vehicle_cmd_mux-11] [INFO] [1789878647.477989939] [vehicle_cmd_mux]: 모드: AUTO
[vehicle_cmd_mux-11] [INFO] [1789878647.628120946] [vehicle_cmd_mux]: 모드: AVOID(라이다)
[local_sliding_window_node-8] [WARN] [1789878647.628564908] [local_sliding_window_node]: 로컬 경로 생성 실패 — 발행 보류
[vehicle_cmd_mux-11] [INFO] [1789878647.728009192] [vehicle_cmd_mux]: 모드: AUTO
[longitudinal_controller-10] [INFO] [1789878647.778280496] [longitudinal_controller]: 🏁 완주 정지 완료
[cluster_plot_node-13] [INFO] [1789878648.299854941] [lidar_clustering]: ID=2, X=2.68 m, Y=0.34 m, Width=0.15 m, Depth=0.05 m, Distance=2.70 m
[cluster_plot_node-13] [INFO] [1789878648.300087271] [lidar_clustering]: ID=3, X=2.96 m, Y=0.90 m, Width=0.04 m, Depth=0.01 m, Distance=3.10 m
[cluster_plot_node-13] [INFO] [1789878648.300281009] [lidar_clustering]: ID=6, X=2.32 m, Y=1.02 m, Width=0.26 m, Depth=0.09 m, Distance=2.53 m
[cluster_plot_node-13] [INFO] [1789878648.300470730] [lidar_clustering]: ID=7, X=7.12 m, Y=-2.18 m, Width=0.15 m, Depth=0.30 m, Distance=7.45 m
[cluster_plot_node-13] [INFO] [1789878648.300670641] [lidar_clustering]: ID=8, X=3.07 m, Y=-0.10 m, Width=0.06 m, Depth=0.03 m, Distance=3.07 m
[cluster_plot_node-13] [INFO] [1789878648.300861023] [lidar_clustering]: ID=9, X=6.33 m, Y=-3.09 m, Width=1.88 m, Depth=0.19 m, Distance=7.04 m
[cluster_plot_node-13] [INFO] [1789878648.301053088] [lidar_clustering]: ID=10, X=7.00 m, Y=1.80 m, Width=0.23 m, Depth=0.11 m, Distance=7.23 m
[cluster_plot_node-13] [INFO] [1789878648.301242830] [lidar_clustering]: ID=11, X=6.68 m, Y=1.48 m, Width=0.22 m, Depth=0.26 m, Distance=6.85 m
[cluster_plot_node-13] [INFO] [1789878648.301431920] [lidar_clustering]: ID=12, X=2.52 m, Y=-0.20 m, Width=0.33 m, Depth=0.17 m, Distance=2.53 m
[cluster_plot_node-13] [INFO] [1789878648.301619868] [lidar_clustering]: ID=14, X=7.28 m, Y=0.48 m, Width=0.22 m, Depth=0.06 m, Distance=7.29 m
[cluster_plot_node-13] [INFO] [1789878648.301812554] [lidar_clustering]: ID=15, X=6.80 m, Y=4.06 m, Width=0.29 m, Depth=0.16 m, Distance=7.92 m
[cluster_plot_node-13] [INFO] [1789878648.301999751] [lidar_clustering]: ID=16, X=7.02 m, Y=0.22 m, Width=0.24 m, Depth=0.04 m, Distance=7.02 m
[cluster_plot_node-13] [INFO] [1789878648.302185885] [lidar_clustering]: ID=17, X=5.21 m, Y=-0.07 m, Width=0.07 m, Depth=0.02 m, Distance=5.21 m
[cluster_plot_node-13] [INFO] [1789878648.302377680] [lidar_clustering]: FollowGap: mode=BLOCKED, direction=STOP, front=2.43 m, best_angle=0.0 deg
[cluster_plot_node-13] [INFO] [1789878648.302572100] [lidar_clustering]: points=242, clusters=13, tracks=13
[direct_localization_node-6] [INFO] [1789878648.828116086] [direct_localization]: pose: x=56.29 y=-16.59 yaw=-22.3° v=0.24m/s [헤딩 정렬됨]
[cluster_plot_node-13] [INFO] [1789878649.156218420] [lidar_clustering]: ID=3, X=2.37 m, Y=0.39 m, Width=0.06 m, Depth=0.03 m, Distance=2.40 m
[cluster_plot_node-13] [INFO] [1789878649.156498528] [lidar_clustering]: ID=6, X=2.11 m, Y=1.03 m, Width=0.29 m, Depth=0.09 m, Distance=2.35 m
[cluster_plot_node-13] [INFO] [1789878649.156697807] [lidar_clustering]: ID=7, X=7.06 m, Y=-1.86 m, Width=0.44 m, Depth=1.18 m, Distance=7.30 m
[cluster_plot_node-13] [INFO] [1789878649.156880866] [lidar_clustering]: ID=8, X=2.63 m, Y=-0.04 m, Width=0.06 m, Depth=0.05 m, Distance=2.63 m
[cluster_plot_node-13] [INFO] [1789878649.157060038] [lidar_clustering]: ID=9, X=5.82 m, Y=-3.43 m, Width=1.57 m, Depth=0.81 m, Distance=6.76 m
[cluster_plot_node-13] [INFO] [1789878649.157237286] [lidar_clustering]: ID=10, X=6.77 m, Y=1.86 m, Width=0.17 m, Depth=0.02 m, Distance=7.02 m
[cluster_plot_node-13] [INFO] [1789878649.157415496] [lidar_clustering]: ID=11, X=6.48 m, Y=1.56 m, Width=0.18 m, Depth=0.13 m, Distance=6.66 m
[cluster_plot_node-13] [INFO] [1789878649.157622930] [lidar_clustering]: ID=12, X=2.24 m, Y=-0.23 m, Width=0.33 m, Depth=0.18 m, Distance=2.26 m
[cluster_plot_node-13] [INFO] [1789878649.157807581] [lidar_clustering]: ID=13, X=4.93 m, Y=-4.04 m, Width=0.32 m, Depth=0.61 m, Distance=6.37 m
[cluster_plot_node-13] [INFO] [1789878649.157985791] [lidar_clustering]: ID=14, X=6.83 m, Y=0.58 m, Width=0.58 m, Depth=0.31 m, Distance=6.86 m
[cluster_plot_node-13] [INFO] [1789878649.158167768] [lidar_clustering]: ID=15, X=6.55 m, Y=4.42 m, Width=0.49 m, Depth=0.18 m, Distance=7.90 m
[cluster_plot_node-13] [INFO] [1789878649.158447736] [lidar_clustering]: ID=16, X=6.74 m, Y=0.34 m, Width=0.19 m, Depth=0.01 m, Distance=6.74 m
[cluster_plot_node-13] [INFO] [1789878649.158679175] [lidar_clustering]: ID=17, X=4.83 m, Y=0.03 m, Width=0.07 m, Depth=0.02 m, Distance=4.83 m
[cluster_plot_node-13] [INFO] [1789878649.158872623] [lidar_clustering]: ID=20, X=7.68 m, Y=-1.71 m, Width=0.09 m, Depth=0.23 m, Distance=7.87 m
[cluster_plot_node-13] [INFO] [1789878649.159060871] [lidar_clustering]: FollowGap: mode=BLOCKED, direction=STOP, front=2.21 m, best_angle=0.0 deg
[local_sliding_window_node-8] [WARN] [1789878649.629122343] [local_sliding_window_node]: 로컬 경로 생성 실패 — 발행 보류
[cluster_plot_node-13] [INFO] [1789878650.000064869] [lidar_clustering]: ID=3, X=2.36 m, Y=0.40 m, Width=0.06 m, Depth=0.01 m, Distance=2.39 m
[cluster_plot_node-13] [INFO] [1789878650.000295125] [lidar_clustering]: ID=6, X=2.12 m, Y=1.03 m, Width=0.24 m, Depth=0.12 m, Distance=2.36 m
[cluster_plot_node-13] [INFO] [1789878650.000481690] [lidar_clustering]: ID=7, X=6.85 m, Y=-1.94 m, Width=0.13 m, Depth=0.16 m, Distance=7.12 m
[cluster_plot_node-13] [INFO] [1789878650.000668526] [lidar_clustering]: ID=8, X=2.63 m, Y=-0.04 m, Width=0.07 m, Depth=0.04 m, Distance=2.63 m
[cluster_plot_node-13] [INFO] [1789878650.000855242] [lidar_clustering]: ID=9, X=5.84 m, Y=-3.36 m, Width=1.54 m, Depth=0.86 m, Distance=6.74 m
[cluster_plot_node-13] [INFO] [1789878650.001035275] [lidar_clustering]: ID=10, X=6.77 m, Y=1.87 m, Width=0.15 m, Depth=0.02 m, Distance=7.02 m
[cluster_plot_node-13] [INFO] [1789878650.001217953] [lidar_clustering]: ID=11, X=6.36 m, Y=1.54 m, Width=0.29 m, Depth=0.16 m, Distance=6.55 m
[cluster_plot_node-13] [INFO] [1789878650.001398738] [lidar_clustering]: ID=12, X=2.25 m, Y=-0.24 m, Width=0.31 m, Depth=0.17 m, Distance=2.26 m
[cluster_plot_node-13] [INFO] [1789878650.001577679] [lidar_clustering]: ID=13, X=4.75 m, Y=-3.97 m, Width=0.29 m, Depth=0.29 m, Distance=6.19 m
[cluster_plot_node-13] [INFO] [1789878650.001832391] [lidar_clustering]: ID=14, X=6.89 m, Y=0.65 m, Width=0.44 m, Depth=0.09 m, Distance=6.92 m
[cluster_plot_node-13] [INFO] [1789878650.002062376] [lidar_clustering]: ID=15, X=6.51 m, Y=4.44 m, Width=0.58 m, Depth=0.17 m, Distance=7.88 m
[cluster_plot_node-13] [INFO] [1789878650.002259772] [lidar_clustering]: ID=16, X=6.78 m, Y=0.42 m, Width=0.33 m, Depth=0.27 m, Distance=6.79 m
[cluster_plot_node-13] [INFO] [1789878650.002468979] [lidar_clustering]: ID=17, X=4.83 m, Y=0.03 m, Width=0.05 m, Depth=0.00 m, Distance=4.83 m
[cluster_plot_node-13] [INFO] [1789878650.002720274] [lidar_clustering]: ID=20, X=7.39 m, Y=-1.77 m, Width=0.27 m, Depth=0.58 m, Distance=7.60 m
[cluster_plot_node-13] [INFO] [1789878650.002925765] [lidar_clustering]: ID=22, X=6.50 m, Y=4.35 m, Width=0.49 m, Depth=0.07 m, Distance=7.82 m
[cluster_plot_node-13] [INFO] [1789878650.003118331] [lidar_clustering]: FollowGap: mode=BLOCKED, direction=STOP, front=2.22 m, best_angle=0.0 deg
[cluster_plot_node-13] [INFO] [1789878650.003311118] [lidar_clustering]: points=262, clusters=13, tracks=15
[vrs_ntrip_client-3] [INFO] [1789878650.751980509] [ngii_vrs_ntrip_client]: [NTRIP 연결됨] RTCM 1464프레임 발행, GGA 실측(37.28875,127.10764)
[cluster_plot_node-13] [INFO] [1789878650.849814096] [lidar_clustering]: ID=3, X=2.35 m, Y=0.39 m, Width=0.08 m, Depth=0.01 m, Distance=2.39 m
[cluster_plot_node-13] [INFO] [1789878650.850033673] [lidar_clustering]: ID=6, X=2.11 m, Y=1.03 m, Width=0.28 m, Depth=0.15 m, Distance=2.35 m
[cluster_plot_node-13] [INFO] [1789878650.850214017] [lidar_clustering]: ID=7, X=7.01 m, Y=-1.84 m, Width=0.42 m, Depth=1.24 m, Distance=7.25 m
[cluster_plot_node-13] [INFO] [1789878650.850398097] [lidar_clustering]: ID=8, X=2.63 m, Y=-0.04 m, Width=0.06 m, Depth=0.05 m, Distance=2.63 m
[cluster_plot_node-13] [INFO] [1789878650.850581307] [lidar_clustering]: ID=9, X=5.85 m, Y=-3.37 m, Width=1.61 m, Depth=0.81 m, Distance=6.75 m
[cluster_plot_node-13] [INFO] [1789878650.850769525] [lidar_clustering]: ID=10, X=6.79 m, Y=1.87 m, Width=0.19 m, Depth=0.04 m, Distance=7.04 m
[cluster_plot_node-13] [INFO] [1789878650.850954978] [lidar_clustering]: ID=11, X=6.47 m, Y=1.62 m, Width=0.07 m, Depth=0.02 m, Distance=6.67 m
[cluster_plot_node-13] [INFO] [1789878650.851139620] [lidar_clustering]: ID=12, X=2.25 m, Y=-0.23 m, Width=0.33 m, Depth=0.16 m, Distance=2.26 m
[cluster_plot_node-13] [INFO] [1789878650.851321246] [lidar_clustering]: ID=13, X=4.77 m, Y=-3.94 m, Width=0.20 m, Depth=0.17 m, Distance=6.19 m
[cluster_plot_node-13] [INFO] [1789878650.851529271] [lidar_clustering]: ID=14, X=6.45 m, Y=1.21 m, Width=0.09 m, Depth=0.02 m, Distance=6.56 m
[cluster_plot_node-13] [INFO] [1789878650.851723220] [lidar_clustering]: ID=15, X=6.52 m, Y=4.35 m, Width=0.48 m, Depth=0.08 m, Distance=7.84 m
[cluster_plot_node-13] [INFO] [1789878650.851910477] [lidar_clustering]: ID=16, X=6.81 m, Y=0.45 m, Width=0.30 m, Depth=0.28 m, Distance=6.82 m
[cluster_plot_node-13] [INFO] [1789878650.852096501] [lidar_clustering]: ID=17, X=4.81 m, Y=0.03 m, Width=0.05 m, Depth=0.00 m, Distance=4.81 m
[cluster_plot_node-13] [INFO] [1789878650.852282015] [lidar_clustering]: ID=22, X=6.50 m, Y=4.23 m, Width=0.18 m, Depth=0.06 m, Distance=7.75 m
[cluster_plot_node-13] [INFO] [1789878650.852472367] [lidar_clustering]: ID=23, X=4.24 m, Y=5.63 m, Width=0.06 m, Depth=0.08 m, Distance=7.05 m
[cluster_plot_node-13] [INFO] [1789878650.852669812] [lidar_clustering]: FollowGap: mode=BLOCKED, direction=STOP, front=2.22 m, best_angle=0.0 deg
[local_sliding_window_node-8] [WARN] [1789878651.661862917] [local_sliding_window_node]: 로컬 경로 생성 실패 — 발행 보류
[cluster_plot_node-13] [INFO] [1789878651.705755125] [lidar_clustering]: ID=3, X=2.35 m, Y=0.39 m, Width=0.05 m, Depth=0.03 m, Distance=2.39 m
[cluster_plot_node-13] [INFO] [1789878651.705997594] [lidar_clustering]: ID=6, X=2.13 m, Y=1.02 m, Width=0.22 m, Depth=0.10 m, Distance=2.36 m
[cluster_plot_node-13] [INFO] [1789878651.706196823] [lidar_clustering]: ID=7, X=7.03 m, Y=-1.85 m, Width=0.40 m, Depth=1.23 m, Distance=7.27 m
[cluster_plot_node-13] [INFO] [1789878651.706390812] [lidar_clustering]: ID=8, X=2.63 m, Y=-0.05 m, Width=0.06 m, Depth=0.03 m, Distance=2.63 m
[cluster_plot_node-13] [INFO] [1789878651.706584661] [lidar_clustering]: ID=9, X=5.91 m, Y=-3.02 m, Width=1.32 m, Depth=0.19 m, Distance=6.64 m
[cluster_plot_node-13] [INFO] [1789878651.706781194] [lidar_clustering]: ID=10, X=6.77 m, Y=1.87 m, Width=0.14 m, Depth=0.03 m, Distance=7.02 m
[cluster_plot_node-13] [INFO] [1789878651.706973350] [lidar_clustering]: ID=11, X=6.36 m, Y=1.53 m, Width=0.31 m, Depth=0.23 m, Distance=6.54 m
[cluster_plot_node-13] [INFO] [1789878651.707166968] [lidar_clustering]: ID=12, X=2.24 m, Y=-0.24 m, Width=0.32 m, Depth=0.05 m, Distance=2.26 m
[cluster_plot_node-13] [INFO] [1789878651.707357241] [lidar_clustering]: ID=13, X=4.78 m, Y=-3.90 m, Width=0.12 m, Depth=0.14 m, Distance=6.17 m
[cluster_plot_node-13] [INFO] [1789878651.707546311] [lidar_clustering]: ID=15, X=6.49 m, Y=4.37 m, Width=0.47 m, Depth=0.13 m, Distance=7.82 m
[cluster_plot_node-13] [INFO] [1789878651.707740160] [lidar_clustering]: ID=16, X=6.45 m, Y=1.21 m, Width=0.09 m, Depth=0.02 m, Distance=6.57 m
[cluster_plot_node-13] [INFO] [1789878651.707931544] [lidar_clustering]: ID=17, X=4.82 m, Y=0.03 m, Width=0.07 m, Depth=0.01 m, Distance=4.82 m
[cluster_plot_node-13] [INFO] [1789878651.708121545] [lidar_clustering]: ID=20, X=7.59 m, Y=-1.70 m, Width=0.05 m, Depth=0.13 m, Distance=7.78 m
[cluster_plot_node-13] [INFO] [1789878651.708310565] [lidar_clustering]: ID=21, X=2.48 m, Y=0.97 m, Width=0.03 m, Depth=0.01 m, Distance=2.66 m
[cluster_plot_node-13] [INFO] [1789878651.708499305] [lidar_clustering]: ID=22, X=6.50 m, Y=4.28 m, Width=0.38 m, Depth=0.10 m, Distance=7.78 m
[cluster_plot_node-13] [INFO] [1789878651.708692162] [lidar_clustering]: ID=23, X=4.23 m, Y=5.61 m, Width=0.06 m, Depth=0.08 m, Distance=7.02 m
[cluster_plot_node-13] [INFO] [1789878651.708893554] [lidar_clustering]: ID=24, X=6.81 m, Y=0.47 m, Width=0.47 m, Depth=0.28 m, Distance=6.82 m
[cluster_plot_node-13] [INFO] [1789878651.709145000] [lidar_clustering]: FollowGap: mode=BLOCKED, direction=STOP, front=2.22 m, best_angle=0.0 deg
[cluster_plot_node-13] [INFO] [1789878651.709423556] [lidar_clustering]: points=221, clusters=12, tracks=17
[direct_localization_node-6] [INFO] [1789878651.828033703] [direct_localization]: pose: x=56.29 y=-16.60 yaw=-22.5° v=-0.01m/s [헤딩 정렬됨]
[local_pure_pursuit_node-9] [INFO] [1789878651.935076318] [local_pure_pursuit]: 정지: 🏁 완주 (정상 종료)
[cluster_plot_node-13] [INFO] [1789878652.543795888] [lidar_clustering]: ID=3, X=2.35 m, Y=0.41 m, Width=0.09 m, Depth=0.05 m, Distance=2.38 m
[cluster_plot_node-13] [INFO] [1789878652.544051171] [lidar_clustering]: ID=6, X=2.12 m, Y=1.03 m, Width=0.25 m, Depth=0.10 m, Distance=2.36 m
[cluster_plot_node-13] [INFO] [1789878652.544247364] [lidar_clustering]: ID=7, X=7.11 m, Y=-1.86 m, Width=0.36 m, Depth=1.13 m, Distance=7.35 m
[cluster_plot_node-13] [INFO] [1789878652.544428219] [lidar_clustering]: ID=8, X=2.64 m, Y=-0.04 m, Width=0.06 m, Depth=0.04 m, Distance=2.64 m
[cluster_plot_node-13] [INFO] [1789878652.544614534] [lidar_clustering]: ID=9, X=5.89 m, Y=-2.84 m, Width=0.26 m, Depth=0.04 m, Distance=6.54 m
[cluster_plot_node-13] [INFO] [1789878652.544813312] [lidar_clustering]: ID=10, X=6.79 m, Y=1.88 m, Width=0.15 m, Depth=0.02 m, Distance=7.05 m
[cluster_plot_node-13] [INFO] [1789878652.545057864] [lidar_clustering]: ID=12, X=2.27 m, Y=-0.23 m, Width=0.34 m, Depth=0.17 m, Distance=2.28 m
[cluster_plot_node-13] [INFO] [1789878652.545299511] [lidar_clustering]: ID=13, X=4.66 m, Y=-4.02 m, Width=0.30 m, Depth=0.45 m, Distance=6.16 m
[cluster_plot_node-13] [INFO] [1789878652.545500123] [lidar_clustering]: ID=15, X=6.53 m, Y=4.28 m, Width=0.35 m, Depth=0.09 m, Distance=7.81 m
[cluster_plot_node-13] [INFO] [1789878652.545694693] [lidar_clustering]: ID=16, X=6.33 m, Y=1.56 m, Width=0.19 m, Depth=0.09 m, Distance=6.52 m
[cluster_plot_node-13] [INFO] [1789878652.545880076] [lidar_clustering]: ID=17, X=4.84 m, Y=0.03 m, Width=0.07 m, Depth=0.01 m, Distance=4.84 m
[cluster_plot_node-13] [INFO] [1789878652.546072823] [lidar_clustering]: ID=21, X=2.49 m, Y=0.97 m, Width=0.03 m, Depth=0.01 m, Distance=2.67 m
[cluster_plot_node-13] [INFO] [1789878652.546276560] [lidar_clustering]: ID=22, X=6.50 m, Y=4.35 m, Width=0.37 m, Depth=0.13 m, Distance=7.83 m
[cluster_plot_node-13] [INFO] [1789878652.546475739] [lidar_clustering]: ID=23, X=4.22 m, Y=5.61 m, Width=0.06 m, Depth=0.08 m, Distance=7.02 m
[cluster_plot_node-13] [INFO] [1789878652.546693412] [lidar_clustering]: ID=24, X=6.82 m, Y=0.50 m, Width=0.42 m, Depth=0.32 m, Distance=6.83 m
[cluster_plot_node-13] [INFO] [1789878652.546901988] [lidar_clustering]: FollowGap: mode=BLOCKED, direction=STOP, front=2.23 m, best_angle=0.0 deg
[cluster_plot_node-13] [INFO] [1789878653.385993876] [lidar_clustering]: ID=3, X=2.34 m, Y=0.40 m, Width=0.07 m, Depth=0.03 m, Distance=2.37 m
[cluster_plot_node-13] [INFO] [1789878653.386231847] [lidar_clustering]: ID=6, X=2.12 m, Y=1.03 m, Width=0.26 m, Depth=0.11 m, Distance=2.36 m
[cluster_plot_node-13] [INFO] [1789878653.386427789] [lidar_clustering]: ID=7, X=7.10 m, Y=-1.84 m, Width=0.37 m, Depth=1.02 m, Distance=7.34 m
[cluster_plot_node-13] [INFO] [1789878653.386620125] [lidar_clustering]: ID=8, X=2.65 m, Y=-0.05 m, Width=0.06 m, Depth=0.03 m, Distance=2.65 m
[cluster_plot_node-13] [INFO] [1789878653.386816479] [lidar_clustering]: ID=9, X=5.89 m, Y=-3.27 m, Width=1.63 m, Depth=0.63 m, Distance=6.73 m
[cluster_plot_node-13] [INFO] [1789878653.387006220] [lidar_clustering]: ID=10, X=6.77 m, Y=1.86 m, Width=0.23 m, Depth=0.09 m, Distance=7.02 m
[cluster_plot_node-13] [INFO] [1789878653.387200410] [lidar_clustering]: ID=12, X=2.26 m, Y=-0.24 m, Width=0.33 m, Depth=0.18 m, Distance=2.27 m
[cluster_plot_node-13] [INFO] [1789878653.387391674] [lidar_clustering]: ID=13, X=4.71 m, Y=-4.00 m, Width=0.30 m, Depth=0.48 m, Distance=6.18 m
[cluster_plot_node-13] [INFO] [1789878653.387581515] [lidar_clustering]: ID=14, X=4.74 m, Y=1.51 m, Width=0.07 m, Depth=0.02 m, Distance=4.98 m
[cluster_plot_node-13] [INFO] [1789878653.387773290] [lidar_clustering]: ID=15, X=6.51 m, Y=4.29 m, Width=0.38 m, Depth=0.06 m, Distance=7.79 m
[cluster_plot_node-13] [INFO] [1789878653.387962220] [lidar_clustering]: ID=16, X=6.60 m, Y=1.69 m, Width=0.53 m, Depth=0.36 m, Distance=6.81 m
[cluster_plot_node-13] [INFO] [1789878653.388149426] [lidar_clustering]: ID=17, X=4.84 m, Y=0.03 m, Width=0.07 m, Depth=0.00 m, Distance=4.84 m
[cluster_plot_node-13] [INFO] [1789878653.388336583] [lidar_clustering]: ID=21, X=2.51 m, Y=0.96 m, Width=0.03 m, Depth=0.01 m, Distance=2.69 m
[cluster_plot_node-13] [INFO] [1789878653.388522176] [lidar_clustering]: ID=23, X=4.24 m, Y=5.65 m, Width=0.06 m, Depth=0.08 m, Distance=7.06 m
[cluster_plot_node-13] [INFO] [1789878653.388712899] [lidar_clustering]: ID=24, X=6.77 m, Y=0.46 m, Width=0.45 m, Depth=0.21 m, Distance=6.79 m
[cluster_plot_node-13] [INFO] [1789878653.388905346] [lidar_clustering]: FollowGap: mode=BLOCKED, direction=STOP, front=2.23 m, best_angle=0.0 deg
[cluster_plot_node-13] [INFO] [1789878653.389096379] [lidar_clustering]: points=174, clusters=9, tracks=15
[local_sliding_window_node-8] [WARN] [1789878653.662334785] [local_sliding_window_node]: 로컬 경로 생성 실패 — 발행 보류
[cluster_plot_node-13] [INFO] [1789878654.234447063] [lidar_clustering]: ID=3, X=2.34 m, Y=0.40 m, Width=0.10 m, Depth=0.02 m, Distance=2.37 m
[cluster_plot_node-13] [INFO] [1789878654.234674364] [lidar_clustering]: ID=6, X=2.12 m, Y=1.03 m, Width=0.28 m, Depth=0.10 m, Distance=2.35 m
[cluster_plot_node-13] [INFO] [1789878654.234890363] [lidar_clustering]: ID=7, X=7.01 m, Y=-1.86 m, Width=0.35 m, Depth=0.64 m, Distance=7.26 m
[cluster_plot_node-13] [INFO] [1789878654.235191210] [lidar_clustering]: ID=8, X=2.64 m, Y=-0.05 m, Width=0.07 m, Depth=0.05 m, Distance=2.64 m
[cluster_plot_node-13] [INFO] [1789878654.235451362] [lidar_clustering]: ID=9, X=5.87 m, Y=-3.36 m, Width=1.57 m, Depth=0.81 m, Distance=6.76 m
[cluster_plot_node-13] [INFO] [1789878654.235649489] [lidar_clustering]: ID=10, X=6.78 m, Y=1.88 m, Width=0.24 m, Depth=0.07 m, Distance=7.03 m
[cluster_plot_node-13] [INFO] [1789878654.235836605] [lidar_clustering]: ID=12, X=2.25 m, Y=-0.24 m, Width=0.32 m, Depth=0.06 m, Distance=2.26 m
[cluster_plot_node-13] [INFO] [1789878654.236017340] [lidar_clustering]: ID=13, X=4.77 m, Y=-3.96 m, Width=0.23 m, Depth=0.20 m, Distance=6.20 m
[cluster_plot_node-13] [INFO] [1789878654.236197443] [lidar_clustering]: ID=14, X=4.75 m, Y=1.49 m, Width=0.07 m, Depth=0.02 m, Distance=4.97 m
[cluster_plot_node-13] [INFO] [1789878654.236377596] [lidar_clustering]: ID=15, X=6.54 m, Y=4.28 m, Width=0.22 m, Depth=0.06 m, Distance=7.81 m
[cluster_plot_node-13] [INFO] [1789878654.236559814] [lidar_clustering]: ID=16, X=6.31 m, Y=1.53 m, Width=0.22 m, Depth=0.17 m, Distance=6.49 m
[cluster_plot_node-13] [INFO] [1789878654.236823732] [lidar_clustering]: ID=17, X=4.84 m, Y=0.03 m, Width=0.07 m, Depth=0.02 m, Distance=4.84 m
[cluster_plot_node-13] [INFO] [1789878654.237085006] [lidar_clustering]: ID=20, X=7.68 m, Y=-1.70 m, Width=0.06 m, Depth=0.12 m, Distance=7.87 m
[cluster_plot_node-13] [INFO] [1789878654.237403405] [lidar_clustering]: ID=21, X=2.50 m, Y=0.96 m, Width=0.03 m, Depth=0.01 m, Distance=2.68 m
[cluster_plot_node-13] [INFO] [1789878654.237699433] [lidar_clustering]: ID=22, X=6.49 m, Y=4.31 m, Width=0.46 m, Depth=0.10 m, Distance=7.79 m
[cluster_plot_node-13] [INFO] [1789878654.237963412] [lidar_clustering]: ID=23, X=4.26 m, Y=5.64 m, Width=0.06 m, Depth=0.08 m, Distance=7.06 m
[cluster_plot_node-13] [INFO] [1789878654.238163402] [lidar_clustering]: ID=24, X=6.83 m, Y=0.44 m, Width=0.30 m, Depth=0.24 m, Distance=6.85 m
[cluster_plot_node-13] [INFO] [1789878654.238380013] [lidar_clustering]: FollowGap: mode=BLOCKED, direction=STOP, front=2.22 m, best_angle=0.0 deg
[direct_localization_node-6] [INFO] [1789878654.827906392] [direct_localization]: pose: x=56.29 y=-16.60 yaw=-22.6° v=-0.01m/s [헤딩 정렬됨]
[cluster_plot_node-13] [INFO] [1789878655.077799767] [lidar_clustering]: ID=3, X=2.34 m, Y=0.41 m, Width=0.10 m, Depth=0.03 m, Distance=2.37 m
[cluster_plot_node-13] [INFO] [1789878655.078024133] [lidar_clustering]: ID=6, X=2.12 m, Y=1.03 m, Width=0.26 m, Depth=0.11 m, Distance=2.36 m
[cluster_plot_node-13] [INFO] [1789878655.078202874] [lidar_clustering]: ID=7, X=7.05 m, Y=-1.83 m, Width=0.36 m, Depth=1.08 m, Distance=7.29 m
[cluster_plot_node-13] [INFO] [1789878655.078383248] [lidar_clustering]: ID=8, X=2.64 m, Y=-0.04 m, Width=0.06 m, Depth=0.05 m, Distance=2.64 m
[cluster_plot_node-13] [INFO] [1789878655.078559654] [lidar_clustering]: ID=9, X=5.90 m, Y=-2.99 m, Width=1.27 m, Depth=0.10 m, Distance=6.61 m
[cluster_plot_node-13] [INFO] [1789878655.078741591] [lidar_clustering]: ID=10, X=6.78 m, Y=1.90 m, Width=0.18 m, Depth=0.03 m, Distance=7.04 m
[cluster_plot_node-13] [INFO] [1789878655.078920352] [lidar_clustering]: ID=11, X=6.82 m, Y=0.50 m, Width=0.45 m, Depth=0.29 m, Distance=6.84 m
[cluster_plot_node-13] [INFO] [1789878655.079096578] [lidar_clustering]: ID=12, X=2.27 m, Y=-0.24 m, Width=0.33 m, Depth=0.18 m, Distance=2.28 m
[cluster_plot_node-13] [INFO] [1789878655.079271512] [lidar_clustering]: ID=13, X=3.95 m, Y=-4.07 m, Width=0.36 m, Depth=2.65 m, Distance=5.67 m
[cluster_plot_node-13] [INFO] [1789878655.079446556] [lidar_clustering]: ID=15, X=6.46 m, Y=4.37 m, Width=0.66 m, Depth=0.12 m, Distance=7.80 m
[cluster_plot_node-13] [INFO] [1789878655.079621039] [lidar_clustering]: ID=16, X=6.38 m, Y=1.57 m, Width=0.21 m, Depth=0.14 m, Distance=6.57 m
[cluster_plot_node-13] [INFO] [1789878655.079799850] [lidar_clustering]: ID=17, X=4.85 m, Y=0.03 m, Width=0.05 m, Depth=0.01 m, Distance=4.85 m
[cluster_plot_node-13] [INFO] [1789878655.079975615] [lidar_clustering]: ID=21, X=2.50 m, Y=0.96 m, Width=0.03 m, Depth=0.01 m, Distance=2.68 m
[cluster_plot_node-13] [INFO] [1789878655.080149748] [lidar_clustering]: ID=22, X=6.54 m, Y=4.29 m, Width=0.44 m, Depth=0.10 m, Distance=7.82 m
[cluster_plot_node-13] [INFO] [1789878655.080323549] [lidar_clustering]: ID=23, X=4.30 m, Y=5.64 m, Width=0.06 m, Depth=0.08 m, Distance=7.09 m
[cluster_plot_node-13] [INFO] [1789878655.080502641] [lidar_clustering]: ID=24, X=6.77 m, Y=0.39 m, Width=0.21 m, Depth=0.07 m, Distance=6.78 m
[cluster_plot_node-13] [INFO] [1789878655.080687273] [lidar_clustering]: FollowGap: mode=BLOCKED, direction=STOP, front=2.23 m, best_angle=0.0 deg
[cluster_plot_node-13] [INFO] [1789878655.080867126] [lidar_clustering]: points=238, clusters=12, tracks=16
[local_sliding_window_node-8] [WARN] [1789878655.695168885] [local_sliding_window_node]: 로컬 경로 생성 실패 — 발행 보류
[cluster_plot_node-13] [ERROR] [1789878655.750521570] [lidar_clustering]: ⚠ BLOCKED 가 8.1s 지속 — 회피를 포기하고 감속을 푼다(GPS 경로로 빠져나간다).
[cluster_plot_node-13]    장애물 접촉은 감점이지만 1분 이상 정지는 탈락이다.
[cluster_plot_node-13] [WARN] [1789878655.750822548] [lidar_clustering]: 막힘 탈출 중 — 전방 감속 없음 (8s)
[vrs_ntrip_client-3] [INFO] [1789878655.751950385] [ngii_vrs_ntrip_client]: [NTRIP 연결됨] RTCM 1492프레임 발행, GGA 실측(37.28875,127.10764)
[cluster_plot_node-13] [INFO] [1789878655.915931237] [lidar_clustering]: ID=3, X=2.35 m, Y=0.39 m, Width=0.06 m, Depth=0.01 m, Distance=2.39 m
[cluster_plot_node-13] [INFO] [1789878655.916175279] [lidar_clustering]: ID=6, X=2.13 m, Y=1.05 m, Width=0.25 m, Depth=0.11 m, Distance=2.37 m
[cluster_plot_node-13] [INFO] [1789878655.916406868] [lidar_clustering]: ID=7, X=7.06 m, Y=-1.84 m, Width=0.35 m, Depth=1.12 m, Distance=7.30 m
[cluster_plot_node-13] [INFO] [1789878655.916651500] [lidar_clustering]: ID=8, X=2.63 m, Y=-0.05 m, Width=0.06 m, Depth=0.03 m, Distance=2.63 m
[cluster_plot_node-13] [INFO] [1789878655.916988104] [lidar_clustering]: ID=9, X=5.89 m, Y=-3.04 m, Width=1.01 m, Depth=0.12 m, Distance=6.63 m
[cluster_plot_node-13] [INFO] [1789878655.917262071] [lidar_clustering]: ID=10, X=6.64 m, Y=1.72 m, Width=0.52 m, Depth=0.34 m, Distance=6.86 m
[cluster_plot_node-13] [INFO] [1789878655.917469936] [lidar_clustering]: ID=11, X=6.86 m, Y=0.52 m, Width=0.47 m, Depth=0.23 m, Distance=6.88 m
[cluster_plot_node-13] [INFO] [1789878655.917674594] [lidar_clustering]: ID=12, X=2.25 m, Y=-0.24 m, Width=0.32 m, Depth=0.07 m, Distance=2.26 m
[cluster_plot_node-13] [INFO] [1789878655.917874284] [lidar_clustering]: ID=15, X=6.51 m, Y=4.39 m, Width=0.51 m, Depth=0.11 m, Distance=7.85 m
[cluster_plot_node-13] [INFO] [1789878655.918074966] [lidar_clustering]: ID=16, X=6.34 m, Y=1.52 m, Width=0.09 m, Depth=0.02 m, Distance=6.52 m
[cluster_plot_node-13] [INFO] [1789878655.918274395] [lidar_clustering]: ID=17, X=4.85 m, Y=0.03 m, Width=0.07 m, Depth=0.01 m, Distance=4.85 m
[cluster_plot_node-13] [INFO] [1789878655.918472792] [lidar_clustering]: ID=20, X=7.47 m, Y=-1.70 m, Width=0.15 m, Depth=0.53 m, Distance=7.67 m
[cluster_plot_node-13] [INFO] [1789878655.918719809] [lidar_clustering]: ID=22, X=6.52 m, Y=4.30 m, Width=0.39 m, Depth=0.10 m, Distance=7.81 m
[cluster_plot_node-13] [INFO] [1789878655.919082300] [lidar_clustering]: ID=23, X=4.29 m, Y=5.60 m, Width=0.06 m, Depth=0.08 m, Distance=7.06 m
[cluster_plot_node-13] [INFO] [1789878655.919316965] [lidar_clustering]: ID=24, X=6.71 m, Y=0.36 m, Width=0.23 m, Depth=0.04 m, Distance=6.72 m
[cluster_plot_node-13] [INFO] [1789878655.919529979] [lidar_clustering]: FollowGap: mode=BLOCKED, direction=STOP, front=2.23 m, best_angle=0.0 deg
[cluster_plot_node-13] [WARN] [1789878656.756710909] [lidar_clustering]: 막힘 탈출 중 — 전방 감속 없음 (9s)
[cluster_plot_node-13] [INFO] [1789878656.758483761] [lidar_clustering]: ID=3, X=2.33 m, Y=0.42 m, Width=0.07 m, Depth=0.01 m, Distance=2.37 m
[cluster_plot_node-13] [INFO] [1789878656.758700993] [lidar_clustering]: ID=6, X=2.13 m, Y=1.04 m, Width=0.27 m, Depth=0.12 m, Distance=2.37 m
[cluster_plot_node-13] [INFO] [1789878656.758895413] [lidar_clustering]: ID=7, X=7.08 m, Y=-1.85 m, Width=0.41 m, Depth=1.07 m, Distance=7.32 m
[cluster_plot_node-13] [INFO] [1789878656.759109129] [lidar_clustering]: ID=8, X=2.65 m, Y=-0.05 m, Width=0.06 m, Depth=0.05 m, Distance=2.65 m
[cluster_plot_node-13] [INFO] [1789878656.759300343] [lidar_clustering]: ID=9, X=5.86 m, Y=-2.74 m, Width=0.08 m, Depth=0.04 m, Distance=6.47 m
[cluster_plot_node-13] [INFO] [1789878656.759482270] [lidar_clustering]: ID=10, X=6.78 m, Y=1.88 m, Width=0.13 m, Depth=0.02 m, Distance=7.03 m
[cluster_plot_node-13] [INFO] [1789878656.759677521] [lidar_clustering]: ID=12, X=2.25 m, Y=-0.24 m, Width=0.32 m, Depth=0.07 m, Distance=2.27 m
[cluster_plot_node-13] [INFO] [1789878656.759863626] [lidar_clustering]: ID=16, X=6.42 m, Y=1.59 m, Width=0.22 m, Depth=0.17 m, Distance=6.62 m
[cluster_plot_node-13] [INFO] [1789878656.760048608] [lidar_clustering]: ID=17, X=4.86 m, Y=0.03 m, Width=0.07 m, Depth=0.01 m, Distance=4.86 m
[cluster_plot_node-13] [INFO] [1789878656.760231857] [lidar_clustering]: ID=20, X=7.63 m, Y=-1.69 m, Width=0.06 m, Depth=0.12 m, Distance=7.81 m
[cluster_plot_node-13] [INFO] [1789878656.760416148] [lidar_clustering]: ID=22, X=6.52 m, Y=4.28 m, Width=0.33 m, Depth=0.11 m, Distance=7.80 m
[cluster_plot_node-13] [INFO] [1789878656.760606451] [lidar_clustering]: ID=23, X=4.24 m, Y=5.64 m, Width=0.06 m, Depth=0.08 m, Distance=7.06 m
[cluster_plot_node-13] [INFO] [1789878656.760797104] [lidar_clustering]: ID=24, X=6.89 m, Y=0.56 m, Width=0.69 m, Depth=0.31 m, Distance=6.92 m
[cluster_plot_node-13] [INFO] [1789878656.761014907] [lidar_clustering]: FollowGap: mode=BLOCKED, direction=STOP, front=2.24 m, best_angle=0.0 deg
[cluster_plot_node-13] [INFO] [1789878656.761286840] [lidar_clustering]: points=184, clusters=11, tracks=13
[local_pure_pursuit_node-9] [INFO] [1789878656.985053497] [local_pure_pursuit]: 정지: 🏁 완주 (정상 종료)
[cluster_plot_node-13] [INFO] [1789878657.602534789] [lidar_clustering]: ID=3, X=2.35 m, Y=0.41 m, Width=0.10 m, Depth=0.07 m, Distance=2.39 m
[cluster_plot_node-13] [INFO] [1789878657.602777508] [lidar_clustering]: ID=6, X=2.13 m, Y=1.04 m, Width=0.23 m, Depth=0.11 m, Distance=2.37 m
[cluster_plot_node-13] [INFO] [1789878657.602980764] [lidar_clustering]: ID=7, X=7.10 m, Y=-1.88 m, Width=0.43 m, Depth=1.05 m, Distance=7.35 m
[cluster_plot_node-13] [INFO] [1789878657.603186315] [lidar_clustering]: ID=8, X=2.64 m, Y=-0.05 m, Width=0.07 m, Depth=0.04 m, Distance=2.64 m
[cluster_plot_node-13] [INFO] [1789878657.603380314] [lidar_clustering]: ID=9, X=5.86 m, Y=-3.34 m, Width=1.56 m, Depth=0.82 m, Distance=6.74 m
[cluster_plot_node-13] [INFO] [1789878657.603578120] [lidar_clustering]: ID=10, X=6.80 m, Y=1.89 m, Width=0.17 m, Depth=0.03 m, Distance=7.05 m
[cluster_plot_node-13] [INFO] [1789878657.603779874] [lidar_clustering]: ID=11, X=6.81 m, Y=0.48 m, Width=0.40 m, Depth=0.33 m, Distance=6.83 m
[cluster_plot_node-13] [INFO] [1789878657.603974153] [lidar_clustering]: ID=12, X=2.26 m, Y=-0.24 m, Width=0.33 m, Depth=0.06 m, Distance=2.27 m
[cluster_plot_node-13] [INFO] [1789878657.604173402] [lidar_clustering]: ID=15, X=6.53 m, Y=4.35 m, Width=0.44 m, Depth=0.06 m, Distance=7.85 m
[cluster_plot_node-13] [INFO] [1789878657.604366810] [lidar_clustering]: ID=16, X=6.38 m, Y=1.57 m, Width=0.20 m, Depth=0.15 m, Distance=6.57 m
[cluster_plot_node-13] [INFO] [1789878657.604558926] [lidar_clustering]: ID=17, X=4.86 m, Y=0.03 m, Width=0.05 m, Depth=0.01 m, Distance=4.86 m
[cluster_plot_node-13] [INFO] [1789878657.604756401] [lidar_clustering]: ID=20, X=7.71 m, Y=-1.71 m, Width=0.05 m, Depth=0.14 m, Distance=7.89 m
[cluster_plot_node-13] [INFO] [1789878657.604948858] [lidar_clustering]: ID=22, X=6.53 m, Y=4.29 m, Width=0.48 m, Depth=0.11 m, Distance=7.81 m
[cluster_plot_node-13] [INFO] [1789878657.605161622] [lidar_clustering]: ID=23, X=4.25 m, Y=5.63 m, Width=0.12 m, Depth=0.13 m, Distance=7.05 m
[cluster_plot_node-13] [INFO] [1789878657.605361041] [lidar_clustering]: ID=25, X=4.69 m, Y=-3.94 m, Width=0.15 m, Depth=0.21 m, Distance=6.12 m
[cluster_plot_node-13] [INFO] [1789878657.605555130] [lidar_clustering]: FollowGap: mode=BLOCKED, direction=STOP, front=2.24 m, best_angle=0.0 deg
[local_sliding_window_node-8] [WARN] [1789878657.695408584] [local_sliding_window_node]: 로컬 경로 생성 실패 — 발행 보류
[cluster_plot_node-13] [WARN] [1789878657.769005674] [lidar_clustering]: 막힘 탈출 중 — 전방 감속 없음 (10s)
[direct_localization_node-6] [INFO] [1789878657.828041810] [direct_localization]: pose: x=56.29 y=-16.59 yaw=-22.7° v=-0.01m/s [헤딩 정렬됨]
[longitudinal_controller-10] [INFO] [1789878657.828263851] [longitudinal_controller]: 🏁 완주 정지 완료
[cluster_plot_node-13] [INFO] [1789878658.432996570] [lidar_clustering]: ID=3, X=2.35 m, Y=0.39 m, Width=0.08 m, Depth=0.01 m, Distance=2.38 m
[cluster_plot_node-13] [INFO] [1789878658.433238167] [lidar_clustering]: ID=6, X=2.13 m, Y=1.03 m, Width=0.23 m, Depth=0.11 m, Distance=2.36 m
[cluster_plot_node-13] [INFO] [1789878658.433483180] [lidar_clustering]: ID=7, X=7.12 m, Y=-1.84 m, Width=0.35 m, Depth=0.96 m, Distance=7.35 m
[cluster_plot_node-13] [INFO] [1789878658.433683912] [lidar_clustering]: ID=8, X=2.65 m, Y=-0.04 m, Width=0.05 m, Depth=0.05 m, Distance=2.65 m
[cluster_plot_node-13] [INFO] [1789878658.433872681] [lidar_clustering]: ID=9, X=5.92 m, Y=-3.09 m, Width=1.13 m, Depth=0.11 m, Distance=6.68 m
[cluster_plot_node-13] [INFO] [1789878658.434059347] [lidar_clustering]: ID=10, X=6.78 m, Y=1.87 m, Width=0.15 m, Depth=0.03 m, Distance=7.03 m
[cluster_plot_node-13] [INFO] [1789878658.434255079] [lidar_clustering]: ID=11, X=6.85 m, Y=0.55 m, Width=0.62 m, Depth=0.30 m, Distance=6.87 m
[cluster_plot_node-13] [INFO] [1789878658.434453737] [lidar_clustering]: ID=12, X=2.26 m, Y=-0.23 m, Width=0.34 m, Depth=0.18 m, Distance=2.28 m
[cluster_plot_node-13] [INFO] [1789878658.434665930] [lidar_clustering]: ID=15, X=6.52 m, Y=4.36 m, Width=0.43 m, Depth=0.14 m, Distance=7.84 m
[cluster_plot_node-13] [INFO] [1789878658.434869647] [lidar_clustering]: ID=16, X=6.42 m, Y=1.60 m, Width=0.21 m, Depth=0.10 m, Distance=6.62 m
[cluster_plot_node-13] [INFO] [1789878658.435064628] [lidar_clustering]: ID=17, X=4.87 m, Y=0.04 m, Width=0.07 m, Depth=0.00 m, Distance=4.87 m
[cluster_plot_node-13] [INFO] [1789878658.435259348] [lidar_clustering]: ID=22, X=6.54 m, Y=4.26 m, Width=0.20 m, Depth=0.09 m, Distance=7.80 m
[cluster_plot_node-13] [INFO] [1789878658.435447757] [lidar_clustering]: ID=23, X=4.28 m, Y=5.60 m, Width=0.06 m, Depth=0.08 m, Distance=7.05 m
[cluster_plot_node-13] [INFO] [1789878658.435645002] [lidar_clustering]: ID=24, X=6.69 m, Y=0.36 m, Width=0.24 m, Depth=0.08 m, Distance=6.70 m
[cluster_plot_node-13] [INFO] [1789878658.435845273] [lidar_clustering]: FollowGap: mode=BLOCKED, direction=STOP, front=2.23 m, best_angle=0.0 deg
[cluster_plot_node-13] [INFO] [1789878658.436041737] [lidar_clustering]: points=168, clusters=10, tracks=14
[cluster_plot_node-13] [WARN] [1789878658.849195329] [lidar_clustering]: 막힘 탈출 중 — 전방 감속 없음 (11s)
[cluster_plot_node-13] [INFO] [1789878659.269281800] [lidar_clustering]: ID=3, X=2.33 m, Y=0.40 m, Width=0.09 m, Depth=0.07 m, Distance=2.37 m
[cluster_plot_node-13] [INFO] [1789878659.269510273] [lidar_clustering]: ID=6, X=2.13 m, Y=1.04 m, Width=0.25 m, Depth=0.12 m, Distance=2.37 m
[cluster_plot_node-13] [INFO] [1789878659.269706556] [lidar_clustering]: ID=7, X=7.09 m, Y=-1.82 m, Width=0.43 m, Depth=1.21 m, Distance=7.32 m
[cluster_plot_node-13] [INFO] [1789878659.269895205] [lidar_clustering]: ID=8, X=2.65 m, Y=-0.05 m, Width=0.06 m, Depth=0.03 m, Distance=2.65 m
[cluster_plot_node-13] [INFO] [1789878659.270133276] [lidar_clustering]: ID=9, X=5.90 m, Y=-3.08 m, Width=1.14 m, Depth=0.11 m, Distance=6.66 m
[cluster_plot_node-13] [INFO] [1789878659.270432219] [lidar_clustering]: ID=10, X=6.78 m, Y=1.86 m, Width=0.28 m, Depth=0.11 m, Distance=7.03 m
[cluster_plot_node-13] [INFO] [1789878659.270644592] [lidar_clustering]: ID=11, X=6.93 m, Y=0.60 m, Width=0.23 m, Depth=0.11 m, Distance=6.96 m
[cluster_plot_node-13] [INFO] [1789878659.270838201] [lidar_clustering]: ID=12, X=2.25 m, Y=-0.24 m, Width=0.34 m, Depth=0.13 m, Distance=2.27 m
[cluster_plot_node-13] [INFO] [1789878659.271028633] [lidar_clustering]: ID=15, X=6.51 m, Y=4.38 m, Width=0.60 m, Depth=0.15 m, Distance=7.85 m
[cluster_plot_node-13] [INFO] [1789878659.271216281] [lidar_clustering]: ID=16, X=6.38 m, Y=1.54 m, Width=0.14 m, Depth=0.03 m, Distance=6.57 m
[cluster_plot_node-13] [INFO] [1789878659.271413175] [lidar_clustering]: ID=17, X=4.85 m, Y=0.03 m, Width=0.07 m, Depth=0.02 m, Distance=4.85 m
[cluster_plot_node-13] [INFO] [1789878659.271604660] [lidar_clustering]: ID=23, X=4.27 m, Y=5.60 m, Width=0.06 m, Depth=0.08 m, Distance=7.04 m
[cluster_plot_node-13] [INFO] [1789878659.271797667] [lidar_clustering]: ID=24, X=6.72 m, Y=0.36 m, Width=0.21 m, Depth=0.09 m, Distance=6.73 m
[cluster_plot_node-13] [INFO] [1789878659.271991656] [lidar_clustering]: FollowGap: mode=BLOCKED, direction=STOP, front=2.22 m, best_angle=0.0 deg
[local_sliding_window_node-8] [WARN] [1789878659.728593486] [local_sliding_window_node]: 로컬 경로 생성 실패 — 발행 보류
[cluster_plot_node-13] [WARN] [1789878659.855130070] [lidar_clustering]: 막힘 탈출 중 — 전방 감속 없음 (12s)
[cluster_plot_node-13] [INFO] [1789878660.112350046] [lidar_clustering]: ID=3, X=2.37 m, Y=0.40 m, Width=0.05 m, Depth=0.04 m, Distance=2.40 m
[cluster_plot_node-13] [INFO] [1789878660.112613463] [lidar_clustering]: ID=6, X=2.14 m, Y=1.03 m, Width=0.26 m, Depth=0.10 m, Distance=2.37 m
[cluster_plot_node-13] [INFO] [1789878660.112854109] [lidar_clustering]: ID=7, X=7.07 m, Y=-1.85 m, Width=0.36 m, Depth=1.02 m, Distance=7.30 m
[cluster_plot_node-13] [INFO] [1789878660.113050863] [lidar_clustering]: ID=8, X=2.64 m, Y=-0.05 m, Width=0.05 m, Depth=0.04 m, Distance=2.64 m
[cluster_plot_node-13] [INFO] [1789878660.113262214] [lidar_clustering]: ID=9, X=5.89 m, Y=-2.85 m, Width=0.47 m, Depth=0.04 m, Distance=6.54 m
[cluster_plot_node-13] [INFO] [1789878660.113455712] [lidar_clustering]: ID=10, X=6.77 m, Y=1.86 m, Width=0.14 m, Depth=0.03 m, Distance=7.02 m
[cluster_plot_node-13] [INFO] [1789878660.113651465] [lidar_clustering]: ID=11, X=6.80 m, Y=0.53 m, Width=0.46 m, Depth=0.27 m, Distance=6.82 m
[cluster_plot_node-13] [INFO] [1789878660.113842478] [lidar_clustering]: ID=12, X=2.25 m, Y=-0.23 m, Width=0.33 m, Depth=0.07 m, Distance=2.26 m
[cluster_plot_node-13] [INFO] [1789878660.114035656] [lidar_clustering]: ID=16, X=6.38 m, Y=1.54 m, Width=0.25 m, Depth=0.15 m, Distance=6.57 m
[cluster_plot_node-13] [INFO] [1789878660.114223784] [lidar_clustering]: ID=17, X=4.84 m, Y=0.03 m, Width=0.07 m, Depth=0.02 m, Distance=4.84 m
[cluster_plot_node-13] [INFO] [1789878660.114410270] [lidar_clustering]: ID=22, X=6.53 m, Y=4.35 m, Width=0.61 m, Depth=0.12 m, Distance=7.84 m
[cluster_plot_node-13] [INFO] [1789878660.114647379] [lidar_clustering]: ID=23, X=4.28 m, Y=5.62 m, Width=0.06 m, Depth=0.08 m, Distance=7.06 m
[cluster_plot_node-13] [INFO] [1789878660.114859732] [lidar_clustering]: FollowGap: mode=BLOCKED, direction=STOP, front=2.22 m, best_angle=0.0 deg
[cluster_plot_node-13] [INFO] [1789878660.115052398] [lidar_clustering]: points=203, clusters=12, tracks=12
[vrs_ntrip_client-3] [INFO] [1789878660.752046648] [ngii_vrs_ntrip_client]: [NTRIP 연결됨] RTCM 1512프레임 발행, GGA 실측(37.28875,127.10764)
[direct_localization_node-6] [INFO] [1789878660.827941085] [direct_localization]: pose: x=56.29 y=-16.60 yaw=-22.8° v=0.03m/s [헤딩 정렬됨]
[cluster_plot_node-13] [WARN] [1789878660.866027110] [lidar_clustering]: 막힘 탈출 중 — 전방 감속 없음 (13s)
[cluster_plot_node-13] [INFO] [1789878660.949898453] [lidar_clustering]: ID=3, X=2.33 m, Y=0.41 m, Width=0.10 m, Depth=0.07 m, Distance=2.37 m
[cluster_plot_node-13] [INFO] [1789878660.950126345] [lidar_clustering]: ID=6, X=2.14 m, Y=1.03 m, Width=0.27 m, Depth=0.15 m, Distance=2.37 m
[cluster_plot_node-13] [INFO] [1789878660.950320945] [lidar_clustering]: ID=7, X=7.03 m, Y=-1.85 m, Width=0.44 m, Depth=1.17 m, Distance=7.27 m
[cluster_plot_node-13] [INFO] [1789878660.950515455] [lidar_clustering]: ID=8, X=2.64 m, Y=-0.05 m, Width=0.08 m, Depth=0.05 m, Distance=2.64 m
[cluster_plot_node-13] [INFO] [1789878660.950713893] [lidar_clustering]: ID=9, X=5.89 m, Y=-2.95 m, Width=1.14 m, Depth=0.13 m, Distance=6.59 m
[cluster_plot_node-13] [INFO] [1789878660.950908343] [lidar_clustering]: ID=10, X=6.77 m, Y=1.85 m, Width=0.19 m, Depth=0.04 m, Distance=7.01 m
[cluster_plot_node-13] [INFO] [1789878660.951098615] [lidar_clustering]: ID=11, X=6.44 m, Y=1.58 m, Width=0.07 m, Depth=0.02 m, Distance=6.63 m
[cluster_plot_node-13] [INFO] [1789878660.951286733] [lidar_clustering]: ID=12, X=2.25 m, Y=-0.24 m, Width=0.30 m, Depth=0.18 m, Distance=2.27 m
[cluster_plot_node-13] [INFO] [1789878660.951475152] [lidar_clustering]: ID=15, X=6.49 m, Y=4.40 m, Width=0.67 m, Depth=0.10 m, Distance=7.84 m
[cluster_plot_node-13] [INFO] [1789878660.951667999] [lidar_clustering]: ID=16, X=6.05 m, Y=1.57 m, Width=0.09 m, Depth=0.02 m, Distance=6.25 m
[cluster_plot_node-13] [INFO] [1789878660.951858341] [lidar_clustering]: ID=17, X=4.83 m, Y=0.03 m, Width=0.07 m, Depth=0.02 m, Distance=4.83 m
[cluster_plot_node-13] [INFO] [1789878660.952046440] [lidar_clustering]: ID=22, X=6.52 m, Y=4.32 m, Width=0.66 m, Depth=0.07 m, Distance=7.82 m
[cluster_plot_node-13] [INFO] [1789878660.952234267] [lidar_clustering]: ID=23, X=4.22 m, Y=5.64 m, Width=0.06 m, Depth=0.08 m, Distance=7.05 m
[cluster_plot_node-13] [INFO] [1789878660.952421404] [lidar_clustering]: ID=24, X=6.81 m, Y=0.49 m, Width=0.40 m, Depth=0.29 m, Distance=6.83 m
[cluster_plot_node-13] [INFO] [1789878660.952613670] [lidar_clustering]: ID=25, X=4.76 m, Y=-3.95 m, Width=0.29 m, Depth=0.27 m, Distance=6.19 m
[cluster_plot_node-13] [INFO] [1789878660.952811556] [lidar_clustering]: FollowGap: mode=BLOCKED, direction=STOP, front=2.22 m, best_angle=0.0 deg
[local_sliding_window_node-8] [WARN] [1789878661.728618707] [local_sliding_window_node]: 로컬 경로 생성 실패 — 발행 보류
[cluster_plot_node-13] [INFO] [1789878661.793425660] [lidar_clustering]: ID=3, X=2.33 m, Y=0.41 m, Width=0.11 m, Depth=0.03 m, Distance=2.36 m
[cluster_plot_node-13] [INFO] [1789878661.793663430] [lidar_clustering]: ID=6, X=2.13 m, Y=1.03 m, Width=0.26 m, Depth=0.12 m, Distance=2.37 m
[cluster_plot_node-13] [INFO] [1789878661.793848803] [lidar_clustering]: ID=7, X=7.48 m, Y=-1.74 m, Width=0.05 m, Depth=0.16 m, Distance=7.68 m
[cluster_plot_node-13] [INFO] [1789878661.794024799] [lidar_clustering]: ID=8, X=2.64 m, Y=-0.04 m, Width=0.05 m, Depth=0.04 m, Distance=2.64 m
[cluster_plot_node-13] [INFO] [1789878661.794202908] [lidar_clustering]: ID=9, X=7.05 m, Y=-1.85 m, Width=0.43 m, Depth=1.10 m, Distance=7.29 m
[cluster_plot_node-13] [INFO] [1789878661.794377191] [lidar_clustering]: ID=10, X=6.73 m, Y=1.85 m, Width=0.18 m, Depth=0.02 m, Distance=6.98 m
[cluster_plot_node-13] [INFO] [1789878661.794550241] [lidar_clustering]: ID=11, X=6.24 m, Y=1.51 m, Width=0.09 m, Depth=0.02 m, Distance=6.42 m
[cluster_plot_node-13] [INFO] [1789878661.794725656] [lidar_clustering]: ID=12, X=2.26 m, Y=-0.23 m, Width=0.33 m, Depth=0.15 m, Distance=2.27 m
[cluster_plot_node-13] [INFO] [1789878661.794899067] [lidar_clustering]: ID=15, X=6.51 m, Y=4.34 m, Width=0.44 m, Depth=0.11 m, Distance=7.82 m
[cluster_plot_node-13] [INFO] [1789878661.795077778] [lidar_clustering]: ID=16, X=6.76 m, Y=0.49 m, Width=0.39 m, Depth=0.31 m, Distance=6.78 m
[cluster_plot_node-13] [INFO] [1789878661.795253904] [lidar_clustering]: ID=17, X=4.84 m, Y=0.03 m, Width=0.05 m, Depth=0.01 m, Distance=4.84 m
[cluster_plot_node-13] [INFO] [1789878661.795431122] [lidar_clustering]: ID=22, X=6.53 m, Y=4.25 m, Width=0.22 m, Depth=0.08 m, Distance=7.79 m
[cluster_plot_node-13] [INFO] [1789878661.795607829] [lidar_clustering]: ID=23, X=4.26 m, Y=5.62 m, Width=0.06 m, Depth=0.08 m, Distance=7.05 m
[cluster_plot_node-13] [INFO] [1789878661.795790868] [lidar_clustering]: ID=24, X=6.72 m, Y=0.39 m, Width=0.23 m, Depth=0.10 m, Distance=6.73 m
[cluster_plot_node-13] [INFO] [1789878661.795968287] [lidar_clustering]: ID=25, X=5.58 m, Y=-3.48 m, Width=1.60 m, Depth=0.22 m, Distance=6.57 m
[cluster_plot_node-13] [INFO] [1789878661.796156235] [lidar_clustering]: FollowGap: mode=BLOCKED, direction=STOP, front=2.23 m, best_angle=0.0 deg
[cluster_plot_node-13] [INFO] [1789878661.796356495] [lidar_clustering]: points=187, clusters=12, tracks=15
[cluster_plot_node-13] [WARN] [1789878661.878018550] [lidar_clustering]: 막힘 탈출 중 — 전방 감속 없음 (14s)
[local_pure_pursuit_node-9] [INFO] [1789878661.985102376] [local_pure_pursuit]: 정지: 🏁 완주 (정상 종료)
[cluster_plot_node-13] [INFO] [1789878662.641655882] [lidar_clustering]: ID=3, X=2.33 m, Y=0.41 m, Width=0.09 m, Depth=0.05 m, Distance=2.37 m
[cluster_plot_node-13] [INFO] [1789878662.641922625] [lidar_clustering]: ID=6, X=2.13 m, Y=1.03 m, Width=0.27 m, Depth=0.12 m, Distance=2.37 m
[cluster_plot_node-13] [INFO] [1789878662.642120392] [lidar_clustering]: ID=7, X=7.69 m, Y=-1.69 m, Width=0.07 m, Depth=0.21 m, Distance=7.88 m
[cluster_plot_node-13] [INFO] [1789878662.642310213] [lidar_clustering]: ID=8, X=2.64 m, Y=-0.04 m, Width=0.05 m, Depth=0.04 m, Distance=2.64 m
[cluster_plot_node-13] [INFO] [1789878662.642499243] [lidar_clustering]: ID=9, X=7.05 m, Y=-1.85 m, Width=0.44 m, Depth=1.23 m, Distance=7.29 m
[cluster_plot_node-13] [INFO] [1789878662.642696668] [lidar_clustering]: ID=10, X=6.69 m, Y=1.77 m, Width=0.49 m, Depth=0.40 m, Distance=6.92 m
[cluster_plot_node-13] [INFO] [1789878662.642886820] [lidar_clustering]: ID=11, X=6.42 m, Y=1.54 m, Width=0.24 m, Depth=0.23 m, Distance=6.60 m
[cluster_plot_node-13] [INFO] [1789878662.643075399] [lidar_clustering]: ID=12, X=2.26 m, Y=-0.23 m, Width=0.33 m, Depth=0.18 m, Distance=2.27 m
[cluster_plot_node-13] [INFO] [1789878662.643265000] [lidar_clustering]: ID=15, X=6.49 m, Y=4.35 m, Width=0.64 m, Depth=0.09 m, Distance=7.81 m
[cluster_plot_node-13] [INFO] [1789878662.643456505] [lidar_clustering]: ID=17, X=4.84 m, Y=0.04 m, Width=0.08 m, Depth=0.01 m, Distance=4.84 m
[cluster_plot_node-13] [INFO] [1789878662.643651145] [lidar_clustering]: ID=22, X=6.52 m, Y=4.32 m, Width=0.29 m, Depth=0.10 m, Distance=7.81 m
[cluster_plot_node-13] [INFO] [1789878662.643840376] [lidar_clustering]: ID=23, X=4.28 m, Y=5.61 m, Width=0.06 m, Depth=0.08 m, Distance=7.06 m
[cluster_plot_node-13] [INFO] [1789878662.644027853] [lidar_clustering]: ID=24, X=6.82 m, Y=0.51 m, Width=0.42 m, Depth=0.27 m, Distance=6.84 m
[cluster_plot_node-13] [INFO] [1789878662.644214949] [lidar_clustering]: ID=26, X=5.92 m, Y=-3.09 m, Width=1.53 m, Depth=0.16 m, Distance=6.68 m
[cluster_plot_node-13] [INFO] [1789878662.644408197] [lidar_clustering]: FollowGap: mode=BLOCKED, direction=STOP, front=2.23 m, best_angle=0.0 deg
[cluster_plot_node-13] [WARN] [1789878662.889935446] [lidar_clustering]: 막힘 탈출 중 — 전방 감속 없음 (15s)
[cluster_plot_node-13] [INFO] [1789878663.484295183] [lidar_clustering]: ID=3, X=2.36 m, Y=0.38 m, Width=0.06 m, Depth=0.02 m, Distance=2.39 m
[cluster_plot_node-13] [INFO] [1789878663.484609685] [lidar_clustering]: ID=6, X=2.14 m, Y=1.04 m, Width=0.26 m, Depth=0.13 m, Distance=2.38 m
[cluster_plot_node-13] [INFO] [1789878663.484909290] [lidar_clustering]: ID=8, X=2.64 m, Y=-0.04 m, Width=0.06 m, Depth=0.02 m, Distance=2.64 m
[cluster_plot_node-13] [INFO] [1789878663.485190320] [lidar_clustering]: ID=9, X=7.04 m, Y=-1.86 m, Width=0.46 m, Depth=1.19 m, Distance=7.28 m
[cluster_plot_node-13] [INFO] [1789878663.485493161] [lidar_clustering]: ID=10, X=6.81 m, Y=1.88 m, Width=0.23 m, Depth=0.06 m, Distance=7.07 m
[cluster_plot_node-13] [INFO] [1789878663.485803686] [lidar_clustering]: ID=11, X=6.48 m, Y=1.55 m, Width=0.12 m, Depth=0.19 m, Distance=6.66 m
[cluster_plot_node-13] [INFO] [1789878663.486081380] [lidar_clustering]: ID=12, X=2.26 m, Y=-0.23 m, Width=0.33 m, Depth=0.16 m, Distance=2.27 m
[cluster_plot_node-13] [INFO] [1789878663.486363632] [lidar_clustering]: ID=15, X=6.55 m, Y=4.38 m, Width=0.51 m, Depth=0.14 m, Distance=7.88 m
[cluster_plot_node-13] [INFO] [1789878663.486645564] [lidar_clustering]: ID=17, X=4.86 m, Y=0.03 m, Width=0.07 m, Depth=0.03 m, Distance=4.86 m
[cluster_plot_node-13] [INFO] [1789878663.486921114] [lidar_clustering]: ID=23, X=4.23 m, Y=5.65 m, Width=0.06 m, Depth=0.08 m, Distance=7.06 m
[cluster_plot_node-13] [INFO] [1789878663.487192677] [lidar_clustering]: ID=24, X=6.84 m, Y=0.52 m, Width=0.39 m, Depth=0.28 m, Distance=6.86 m
[cluster_plot_node-13] [INFO] [1789878663.487469820] [lidar_clustering]: ID=26, X=5.91 m, Y=-3.17 m, Width=1.58 m, Depth=0.31 m, Distance=6.71 m
[cluster_plot_node-13] [INFO] [1789878663.487804900] [lidar_clustering]: ID=27, X=6.54 m, Y=2.21 m, Width=0.10 m, Depth=0.03 m, Distance=6.90 m
[cluster_plot_node-13] [INFO] [1789878663.488041669] [lidar_clustering]: FollowGap: mode=BLOCKED, direction=STOP, front=2.24 m, best_angle=0.0 deg
[cluster_plot_node-13] [INFO] [1789878663.488252529] [lidar_clustering]: points=241, clusters=11, tracks=13
[local_sliding_window_node-8] [WARN] [1789878663.728717790] [local_sliding_window_node]: 로컬 경로 생성 실패 — 발행 보류
[direct_localization_node-6] [INFO] [1789878663.827892047] [direct_localization]: pose: x=56.29 y=-16.58 yaw=-22.9° v=0.06m/s [헤딩 정렬됨]
