[INFO] [launch]: All log files can be found below /home/han/.ros/log/2026-09-19-16-37-16-389675-han-ASUS-TUF-Gaming-A16-FA607PI-FA607PI-54799
[INFO] [launch]: Default logging verbosity is set to INFO
[bringup] ⚠ /home/han/stop_points.yaml 에 정지지점이 없다 — 신호등 정지 비활성
[control] ⚠ xterm 이 없다. teleop:=true 는 키 입력을 못 받는다.
[control]   별도 터미널에서 실행할 것: ros2 run velocity_controller teleop_keyboard
[control] ⚠ xterm 이 없다. teleop:=true 는 키 입력을 못 받는다.
[control]   별도 터미널에서 실행할 것: ros2 run velocity_controller teleop_keyboard
[INFO] [ublox_dgnss_node-1]: process started with pid [54801]
[INFO] [ublox_nav_sat_fix_hp-2]: process started with pid [54803]
[INFO] [vrs_ntrip_client-3]: process started with pid [54805]
[INFO] [hfi_a9_ros2-4]: process started with pid [54807]
[INFO] [heading_init_node-5]: process started with pid [54809]
[INFO] [direct_localization_node-6]: process started with pid [54811]
[INFO] [global_path_publisher-7]: process started with pid [54813]
[INFO] [local_sliding_window_node-8]: process started with pid [54815]
[INFO] [local_pure_pursuit_node-9]: process started with pid [54817]
[INFO] [longitudinal_controller-10]: process started with pid [54819]
[INFO] [vehicle_cmd_mux-11]: process started with pid [54821]
[INFO] [serial_bridge-12]: process started with pid [54823]
[INFO] [cluster_plot_node-13]: process started with pid [54825]
[INFO] [rviz2-14]: process started with pid [54827]
[ublox_nav_sat_fix_hp-2] [INFO] [1789803436.451389348] [ublox_nav_sat_fix_hp]: starting ublox_nav_sat_fix_hp
[ublox_dgnss_node-1] [INFO] [1789803436.452904026] [ublox_dgnss]: starting ublox_dgnss
[ublox_dgnss_node-1] [INFO] [1789803436.454927467] [ublox_dgnss]: Device family: F9P - High-precision GNSS (Product IDs: [0x01a9], Reliable iSerial: NO)
[ublox_dgnss_node-1] [INFO] [1789803436.454974956] [ublox_dgnss]: Parameter DEVICE_SERIAL_STRING not found, will use first F9P device.
[ublox_dgnss_node-1] [INFO] [1789803436.455027474] [ublox_dgnss]: Parameter FRAME_ID found with value: gps
[ublox_dgnss_node-1] [INFO] [1789803436.455034247] [ublox_dgnss]: ParameterManager initialized
[ublox_dgnss_node-1] [INFO] [1789803436.455178036] [ublox_dgnss]: Loading default UBX config for F9P: /opt/ros/humble/share/ublox_dgnss/config/f9p_ubx_config.toml
[ublox_dgnss_node-1] [INFO] [1789803436.455326855] [ublox_dgnss]: Loaded 127 parameters from F9P TOML
[ublox_dgnss_node-1] [INFO] [1789803436.455353695] [ublox_dgnss]: Loaded 127 UBX config items
[ublox_dgnss_node-1] [INFO] [1789803436.455361730] [ublox_dgnss]: parameter supplied: CFG_MSGOUT_UBX_NAV_COV_USB
[ublox_dgnss_node-1] [INFO] [1789803436.455371028] [ublox_dgnss]: parameter supplied: CFG_MSGOUT_UBX_NAV_HPPOSLLH_USB
[ublox_dgnss_node-1] [INFO] [1789803436.455379383] [ublox_dgnss]: parameter supplied: CFG_MSGOUT_UBX_NAV_STATUS_USB
[ublox_dgnss_node-1] [INFO] [1789803436.455382689] [ublox_dgnss]: parameter supplied: CFG_MSGOUT_UBX_RXM_RTCM_USB
[ublox_dgnss_node-1] [INFO] [1789803436.455386176] [ublox_dgnss]: parameter supplied: CFG_NAVHPG_DGNSSMODE
[ublox_dgnss_node-1] [INFO] [1789803436.455389392] [ublox_dgnss]: parameter supplied: CFG_NAVSPG_DYNMODEL
[ublox_dgnss_node-1] [INFO] [1789803436.455396545] [ublox_dgnss]: parameter supplied: CFG_RATE_MEAS
[ublox_dgnss_node-1] [INFO] [1789803436.455399912] [ublox_dgnss]: parameter supplied: CFG_RATE_NAV
[ublox_dgnss_node-1] [INFO] [1789803436.455403258] [ublox_dgnss]: parameter supplied: CFG_SIGNAL_BDS_ENA
[ublox_dgnss_node-1] [INFO] [1789803436.455406574] [ublox_dgnss]: parameter supplied: CFG_SIGNAL_GAL_ENA
[ublox_dgnss_node-1] [INFO] [1789803436.455409750] [ublox_dgnss]: parameter supplied: CFG_SIGNAL_GLO_ENA
[ublox_dgnss_node-1] [INFO] [1789803436.455412826] [ublox_dgnss]: parameter supplied: CFG_SIGNAL_GPS_ENA
[ublox_dgnss_node-1] [INFO] [1789803436.455415892] [ublox_dgnss]: parameter supplied: CFG_SIGNAL_QZSS_ENA
[ublox_dgnss_node-1] [INFO] [1789803436.455419048] [ublox_dgnss]: parameter supplied: CFG_USBOUTPROT_NMEA
[ublox_dgnss_node-1] [INFO] [1789803436.465028321] [ublox_dgnss]: input param ESF_MEAS_INPUT_ENABLED: true
[ublox_dgnss_node-1] [INFO] [1789803436.465071091] [ublox_dgnss]: input param RTCM_INPUT_ENABLED: true
[ublox_dgnss_node-1] [INFO] [1789803436.465302725] [ublox_dgnss]: input param RXM_PMP_INPUT_ENABLED: false
[ublox_dgnss_node-1] [INFO] [1789803436.465323624] [ublox_dgnss]: input param RXM_QZSSL6_INPUT_ENABLED: false
[ublox_dgnss_node-1] [INFO] [1789803436.465338452] [ublox_dgnss]: input param RXM_SPARTNKEY_INPUT_ENABLED: false
[ublox_dgnss_node-1] [INFO] [1789803436.465355855] [ublox_dgnss]: parameter set CFG_INFMSG_NMEA_USB: 0
[ublox_dgnss_node-1] [INFO] [1789803436.465369821] [ublox_dgnss]: parameter set CFG_INFMSG_UBX_USB: 0
[ublox_dgnss_node-1] [INFO] [1789803436.465383006] [ublox_dgnss]: parameter set CFG_MSGOUT_RTCM_3X_TYPE1005_USB: 0
[ublox_dgnss_node-1] [INFO] [1789803436.465406981] [ublox_dgnss]: parameter set CFG_MSGOUT_RTCM_3X_TYPE1074_UART2: 0
[ublox_dgnss_node-1] [INFO] [1789803436.465423151] [ublox_dgnss]: parameter set CFG_MSGOUT_RTCM_3X_TYPE1077_USB: 0
[ublox_dgnss_node-1] [INFO] [1789803436.465436105] [ublox_dgnss]: parameter set CFG_MSGOUT_RTCM_3X_TYPE1084_UART2: 0
[ublox_dgnss_node-1] [INFO] [1789803436.465448398] [ublox_dgnss]: parameter set CFG_MSGOUT_RTCM_3X_TYPE1087_USB: 0
[ublox_dgnss_node-1] [INFO] [1789803436.465477523] [ublox_dgnss]: parameter set CFG_MSGOUT_RTCM_3X_TYPE1094_UART2: 0
[ublox_dgnss_node-1] [INFO] [1789803436.465494645] [ublox_dgnss]: parameter set CFG_MSGOUT_RTCM_3X_TYPE1097_USB: 0
[ublox_dgnss_node-1] [INFO] [1789803436.465507168] [ublox_dgnss]: parameter set CFG_MSGOUT_RTCM_3X_TYPE1124_UART2: 0
[ublox_dgnss_node-1] [INFO] [1789803436.465521716] [ublox_dgnss]: parameter set CFG_MSGOUT_RTCM_3X_TYPE1127_USB: 0
[ublox_dgnss_node-1] [INFO] [1789803436.465537796] [ublox_dgnss]: parameter set CFG_MSGOUT_RTCM_3X_TYPE1230_UART2: 0
[ublox_dgnss_node-1] [INFO] [1789803436.465549237] [ublox_dgnss]: parameter set CFG_MSGOUT_RTCM_3X_TYPE1230_USB: 0
[ublox_dgnss_node-1] [INFO] [1789803436.465561069] [ublox_dgnss]: parameter set CFG_MSGOUT_RTCM_3X_TYPE4072_0_UART2: 0
[ublox_dgnss_node-1] [INFO] [1789803436.465572861] [ublox_dgnss]: parameter set CFG_MSGOUT_RTCM_3X_TYPE4072_0_USB: 0
[ublox_dgnss_node-1] [INFO] [1789803436.465585786] [ublox_dgnss]: parameter set CFG_MSGOUT_UBX_MON_COMMS_USB: 0
[ublox_dgnss_node-1] [INFO] [1789803436.465597668] [ublox_dgnss]: parameter set CFG_MSGOUT_UBX_NAV_CLOCK_USB: 0
[ublox_dgnss_node-1] [INFO] [1789803436.465611404] [ublox_dgnss]: parameter set CFG_MSGOUT_UBX_NAV_COV_UART1: 0
[ublox_dgnss_node-1] [INFO] [1789803436.465625650] [ublox_dgnss]: parameter set CFG_MSGOUT_UBX_NAV_COV_UART2: 0
[ublox_dgnss_node-1] [INFO] [1789803436.465664243] [ublox_dgnss]: parameter set CFG_MSGOUT_UBX_NAV_DOP_USB: 0
[ublox_dgnss_node-1] [INFO] [1789803436.465692235] [ublox_dgnss]: parameter set CFG_MSGOUT_UBX_NAV_EOE_USB: 0
[ublox_dgnss_node-1] [INFO] [1789803436.465715318] [ublox_dgnss]: parameter set CFG_MSGOUT_UBX_NAV_HPPOSECEF_USB: 0
[ublox_dgnss_node-1] [INFO] [1789803436.465735216] [ublox_dgnss]: parameter set CFG_MSGOUT_UBX_NAV_HPPOSLLH_UART1: 0
[ublox_dgnss_node-1] [INFO] [1789803436.465764450] [ublox_dgnss]: parameter set CFG_MSGOUT_UBX_NAV_HPPOSLLH_UART2: 0
[ublox_dgnss_node-1] [INFO] [1789803436.465783746] [ublox_dgnss]: parameter set CFG_MSGOUT_UBX_NAV_ODO_USB: 0
[ublox_dgnss_node-1] [INFO] [1789803436.465805167] [ublox_dgnss]: parameter set CFG_MSGOUT_UBX_NAV_ORB_USB: 0
[ublox_dgnss_node-1] [INFO] [1789803436.465821658] [ublox_dgnss]: parameter set CFG_MSGOUT_UBX_NAV_POSECEF_USB: 0
[ublox_dgnss_node-1] [INFO] [1789803436.465837647] [ublox_dgnss]: parameter set CFG_MSGOUT_UBX_NAV_POSLLH_USB: 0
[ublox_dgnss_node-1] [INFO] [1789803436.465857184] [ublox_dgnss]: parameter set CFG_MSGOUT_UBX_NAV_PVT_USB: 0
[ublox_dgnss_node-1] [INFO] [1789803436.465880087] [ublox_dgnss]: parameter set CFG_MSGOUT_UBX_NAV_RELPOSNED_USB: 0
[ublox_dgnss_node-1] [INFO] [1789803436.465903060] [ublox_dgnss]: parameter set CFG_MSGOUT_UBX_NAV_SAT_USB: 0
[ublox_dgnss_node-1] [INFO] [1789803436.465925522] [ublox_dgnss]: parameter set CFG_MSGOUT_UBX_NAV_SIG_USB: 0
[ublox_dgnss_node-1] [INFO] [1789803436.465949928] [ublox_dgnss]: parameter set CFG_MSGOUT_UBX_NAV_STATUS_UART1: 0
[ublox_dgnss_node-1] [INFO] [1789803436.465972190] [ublox_dgnss]: parameter set CFG_MSGOUT_UBX_NAV_STATUS_UART2: 0
[ublox_dgnss_node-1] [INFO] [1789803436.465990374] [ublox_dgnss]: parameter set CFG_MSGOUT_UBX_NAV_SVIN_USB: 0
[ublox_dgnss_node-1] [INFO] [1789803436.466010992] [ublox_dgnss]: parameter set CFG_MSGOUT_UBX_NAV_TIMEUTC_USB: 0
[ublox_dgnss_node-1] [INFO] [1789803436.466034466] [ublox_dgnss]: parameter set CFG_MSGOUT_UBX_NAV_VELECEF_USB: 0
[ublox_dgnss_node-1] [INFO] [1789803436.466050937] [ublox_dgnss]: parameter set CFG_MSGOUT_UBX_NAV_VELNED_USB: 0
[ublox_dgnss_node-1] [INFO] [1789803436.466069903] [ublox_dgnss]: parameter set CFG_MSGOUT_UBX_RXM_COR_UART1: 0
[ublox_dgnss_node-1] [INFO] [1789803436.466087976] [ublox_dgnss]: parameter set CFG_MSGOUT_UBX_RXM_COR_UART2: 0
[ublox_dgnss_node-1] [INFO] [1789803436.466109998] [ublox_dgnss]: parameter set CFG_MSGOUT_UBX_RXM_COR_USB: 0
[ublox_dgnss_node-1] [INFO] [1789803436.466126168] [ublox_dgnss]: parameter set CFG_MSGOUT_UBX_RXM_MEASX_USB: 0
[ublox_dgnss_node-1] [INFO] [1789803436.466142028] [ublox_dgnss]: parameter set CFG_MSGOUT_UBX_RXM_RAWX_USB: 0
[ublox_dgnss_node-1] [INFO] [1789803436.466158459] [ublox_dgnss]: parameter set CFG_MSGOUT_UBX_RXM_SFRBX_USB: 0
[ublox_dgnss_node-1] [INFO] [1789803436.466175140] [ublox_dgnss]: parameter set CFG_MSGOUT_UBX_RXM_SPARTN_USB: 0
[ublox_dgnss_node-1] [INFO] [1789803436.466194486] [ublox_dgnss]: parameter set CFG_MSGOUT_UBX_SEC_SIGLOG_USB: 0
[ublox_dgnss_node-1] [INFO] [1789803436.466217168] [ublox_dgnss]: parameter set CFG_MSGOUT_UBX_SEC_SIG_USB: 0
[ublox_dgnss_node-1] [INFO] [1789803436.466236304] [ublox_dgnss]: parameter set CFG_NAVSPG_FIXMODE: 0
[ublox_dgnss_node-1] [INFO] [1789803436.466254248] [ublox_dgnss]: parameter set CFG_NAVSPG_INIFIX3D: false
[ublox_dgnss_node-1] [INFO] [1789803436.466270609] [ublox_dgnss]: parameter set CFG_NAVSPG_UTCSTANDARD: 0
[ublox_dgnss_node-1] [INFO] [1789803436.466287110] [ublox_dgnss]: parameter set CFG_ODO_COGLPGAIN: 0
[ublox_dgnss_node-1] [INFO] [1789803436.466308910] [ublox_dgnss]: parameter set CFG_ODO_COGMAXPOSACC: 0
[ublox_dgnss_node-1] [INFO] [1789803436.466329449] [ublox_dgnss]: parameter set CFG_ODO_COGMAXSPEED: 0
[ublox_dgnss_node-1] [INFO] [1789803436.466345830] [ublox_dgnss]: parameter set CFG_ODO_OUTLPCOG: false
[ublox_dgnss_node-1] [INFO] [1789803436.466361830] [ublox_dgnss]: parameter set CFG_ODO_OUTLPVEL: false
[ublox_dgnss_node-1] [INFO] [1789803436.466381236] [ublox_dgnss]: parameter set CFG_ODO_PROFILE: 0
[ublox_dgnss_node-1] [INFO] [1789803436.466397576] [ublox_dgnss]: parameter set CFG_ODO_USE_COG: false
[ublox_dgnss_node-1] [INFO] [1789803436.466414258] [ublox_dgnss]: parameter set CFG_ODO_USE_ODO: false
[ublox_dgnss_node-1] [INFO] [1789803436.466434586] [ublox_dgnss]: parameter set CFG_ODO_VELLPGAIN: 0
[ublox_dgnss_node-1] [INFO] [1789803436.466451788] [ublox_dgnss]: parameter set CFG_RATE_TIMEREF: 0
[ublox_dgnss_node-1] [INFO] [1789803436.466467978] [ublox_dgnss]: parameter set CFG_SEC_JAMDET_SENSITIVITY_HI: false
[ublox_dgnss_node-1] [INFO] [1789803436.466485762] [ublox_dgnss]: parameter set CFG_SEC_SPOOFDET_SIM_SIG_DIS: false
[ublox_dgnss_node-1] [INFO] [1789803436.466507943] [ublox_dgnss]: parameter set CFG_SIGNAL_BDS_B1_ENA: false
[ublox_dgnss_node-1] [INFO] [1789803436.466525366] [ublox_dgnss]: parameter set CFG_SIGNAL_BDS_B2_ENA: false
[ublox_dgnss_node-1] [INFO] [1789803436.466544722] [ublox_dgnss]: parameter set CFG_SIGNAL_GAL_E1_ENA: false
[ublox_dgnss_node-1] [INFO] [1789803436.466578015] [ublox_dgnss]: parameter set CFG_SIGNAL_GAL_E5B_ENA: false
[ublox_dgnss_node-1] [INFO] [1789803436.466598252] [ublox_dgnss]: parameter set CFG_SIGNAL_GLO_L1_ENA: false
[ublox_dgnss_node-1] [INFO] [1789803436.466620384] [ublox_dgnss]: parameter set CFG_SIGNAL_GLO_L2_ENA: false
[ublox_dgnss_node-1] [INFO] [1789803436.466641804] [ublox_dgnss]: parameter set CFG_SIGNAL_GPS_L1CA_ENA: false
[ublox_dgnss_node-1] [INFO] [1789803436.466659487] [ublox_dgnss]: parameter set CFG_SIGNAL_GPS_L2C_ENA: false
[ublox_dgnss_node-1] [INFO] [1789803436.466677260] [ublox_dgnss]: parameter set CFG_SIGNAL_QZSS_L1CA_ENA: false
[ublox_dgnss_node-1] [INFO] [1789803436.466694032] [ublox_dgnss]: parameter set CFG_SIGNAL_QZSS_L1S_ENA: false
[ublox_dgnss_node-1] [INFO] [1789803436.466711244] [ublox_dgnss]: parameter set CFG_SIGNAL_QZSS_L2C_ENA: false
[ublox_dgnss_node-1] [INFO] [1789803436.466733145] [ublox_dgnss]: parameter set CFG_SIGNAL_SBAS_ENA: false
[ublox_dgnss_node-1] [INFO] [1789803436.466753062] [ublox_dgnss]: parameter set CFG_SIGNAL_SBAS_L1CA_ENA: false
[ublox_dgnss_node-1] [INFO] [1789803436.466775715] [ublox_dgnss]: parameter set CFG_SPARTN_USE_SOURCE: 0
[ublox_dgnss_node-1] [INFO] [1789803436.466795352] [ublox_dgnss]: parameter set CFG_TMODE_ECEF_X: 0
[ublox_dgnss_node-1] [INFO] [1789803436.466812404] [ublox_dgnss]: parameter set CFG_TMODE_ECEF_X_HP: 0
[ublox_dgnss_node-1] [INFO] [1789803436.466832020] [ublox_dgnss]: parameter set CFG_TMODE_ECEF_Y: 0
[ublox_dgnss_node-1] [INFO] [1789803436.466854823] [ublox_dgnss]: parameter set CFG_TMODE_ECEF_Y_HP: 0
[ublox_dgnss_node-1] [INFO] [1789803436.466872085] [ublox_dgnss]: parameter set CFG_TMODE_ECEF_Z: 0
[ublox_dgnss_node-1] [INFO] [1789803436.466890770] [ublox_dgnss]: parameter set CFG_TMODE_ECEF_Z_HP: 0
[ublox_dgnss_node-1] [INFO] [1789803436.466911569] [ublox_dgnss]: parameter set CFG_TMODE_FIXED_POS_ACC: 0
[ublox_dgnss_node-1] [INFO] [1789803436.466930936] [ublox_dgnss]: parameter set CFG_TMODE_HEIGHT: 0
[ublox_dgnss_node-1] [INFO] [1789803436.466951063] [ublox_dgnss]: parameter set CFG_TMODE_HEIGHT_HP: 0
[ublox_dgnss_node-1] [INFO] [1789803436.466971311] [ublox_dgnss]: parameter set CFG_TMODE_LAT: 0
[ublox_dgnss_node-1] [INFO] [1789803436.466989806] [ublox_dgnss]: parameter set CFG_TMODE_LAT_HP: 0
[ublox_dgnss_node-1] [INFO] [1789803436.467037876] [ublox_dgnss]: parameter set CFG_TMODE_LON: 0
[ublox_dgnss_node-1] [INFO] [1789803436.467072170] [ublox_dgnss]: parameter set CFG_TMODE_LON_HP: 0
[ublox_dgnss_node-1] [INFO] [1789803436.467097658] [ublox_dgnss]: parameter set CFG_TMODE_MODE: 0
[ublox_dgnss_node-1] [INFO] [1789803436.467116814] [ublox_dgnss]: parameter set CFG_TMODE_POS_TYPE: 0
[ublox_dgnss_node-1] [INFO] [1789803436.467130059] [ublox_dgnss]: parameter set CFG_TMODE_SVIN_ACC_LIMIT: 0
[ublox_dgnss_node-1] [INFO] [1789803436.467142141] [ublox_dgnss]: parameter set CFG_TMODE_SVIN_MIN_DUR: 0
[ublox_dgnss_node-1] [INFO] [1789803436.467163572] [ublox_dgnss]: parameter set CFG_UART1INPROT_NMEA: false
[ublox_dgnss_node-1] [INFO] [1789803436.467174622] [ublox_dgnss]: parameter set CFG_UART1INPROT_RTCM3X: false
[ublox_dgnss_node-1] [INFO] [1789803436.467185543] [ublox_dgnss]: parameter set CFG_UART1INPROT_SPARTN: false
[ublox_dgnss_node-1] [INFO] [1789803436.467199359] [ublox_dgnss]: parameter set CFG_UART1INPROT_UBX: false
[ublox_dgnss_node-1] [INFO] [1789803436.467210209] [ublox_dgnss]: parameter set CFG_UART1OUTPROT_NMEA: false
[ublox_dgnss_node-1] [INFO] [1789803436.467220949] [ublox_dgnss]: parameter set CFG_UART1OUTPROT_RTCM3X: false
[ublox_dgnss_node-1] [INFO] [1789803436.467237480] [ublox_dgnss]: parameter set CFG_UART1OUTPROT_UBX: false
[ublox_dgnss_node-1] [INFO] [1789803436.467248270] [ublox_dgnss]: parameter set CFG_UART2INPROT_NMEA: false
[ublox_dgnss_node-1] [INFO] [1789803436.467258680] [ublox_dgnss]: parameter set CFG_UART2INPROT_RTCM3X: false
[ublox_dgnss_node-1] [INFO] [1789803436.467277685] [ublox_dgnss]: parameter set CFG_UART2INPROT_SPARTN: false
[ublox_dgnss_node-1] [INFO] [1789803436.467289978] [ublox_dgnss]: parameter set CFG_UART2INPROT_UBX: false
[ublox_dgnss_node-1] [INFO] [1789803436.467300658] [ublox_dgnss]: parameter set CFG_UART2OUTPROT_NMEA: false
[ublox_dgnss_node-1] [INFO] [1789803436.467316027] [ublox_dgnss]: parameter set CFG_UART2OUTPROT_RTCM3X: false
[ublox_dgnss_node-1] [INFO] [1789803436.467326938] [ublox_dgnss]: parameter set CFG_UART2OUTPROT_UBX: false
[ublox_dgnss_node-1] [INFO] [1789803436.467337177] [ublox_dgnss]: parameter set CFG_UART2_BAUDRATE: 0
[ublox_dgnss_node-1] [INFO] [1789803436.467365660] [ublox_dgnss]: parameter set CFG_USBINPROT_NMEA: false
[ublox_dgnss_node-1] [INFO] [1789803436.467382622] [ublox_dgnss]: parameter set CFG_USBINPROT_RTCM3X: false
[ublox_dgnss_node-1] [INFO] [1789803436.467408300] [ublox_dgnss]: parameter set CFG_USBINPROT_UBX: false
[ublox_dgnss_node-1] [INFO] [1789803436.467432065] [ublox_dgnss]: parameter set CFG_USBOUTPROT_RTCM3X: false
[ublox_dgnss_node-1] [INFO] [1789803436.467457943] [ublox_dgnss]: parameter set CFG_USBOUTPROT_UBX: false
[ublox_dgnss_node-1] [INFO] [1789803436.475019600] [ublox_dgnss]: Starting USB initialization
[ublox_dgnss_node-1] [INFO] [1789803436.482659454] [ublox_dgnss]: Initial device connection completed
[ublox_dgnss_node-1] [INFO] [1789803436.482786833] [ublox_dgnss]: usb vendor_id: 0x1546 product_id: 0x01a9 serial_str:  bus: 003 address: 058 port_number: 3 speed: SPEED_FULL (12 MBit/s) num_interfaces: 2 ep_data out: 0x01 in: 0x82 ep_comms in: 0x83
[ublox_dgnss_node-1] [INFO] [1789803436.482796912] [ublox_dgnss]: ublox_dgnss_init_async start
[ublox_dgnss_node-1] [INFO] [1789803436.482812401] [ublox_dgnss]: Sending user parameters to device
[ublox_dgnss_node-1] [INFO] [1789803436.482926925] [ublox_dgnss]: Sent 14 user parameters to device
[ublox_dgnss_node-1] [INFO] [1789803436.482936443] [ublox_dgnss]: Fetching configuration parameter values from device
[ublox_dgnss_node-1] [INFO] [1789803436.482952223] [ublox_dgnss]: cfg_val_get_poll_async_all_layers ... CFG_INFMSG_NMEA_USB CFG_INFMSG_UBX_USB CFG_MSGOUT_RTCM_3X_TYPE1005_USB CFG_MSGOUT_RTCM_3X_TYPE1074_UART2 CFG_MSGOUT_RTCM_3X_TYPE1077_USB CFG_MSGOUT_RTCM_3X_TYPE1084_UART2 CFG_MSGOUT_RTCM_3X_TYPE1087_USB CFG_MSGOUT_RTCM_3X_TYPE1094_UART2 CFG_MSGOUT_RTCM_3X_TYPE1097_USB CFG_MSGOUT_RTCM_3X_TYPE1124_UART2 
[ublox_dgnss_node-1] [INFO] [1789803436.482973001] [ublox_dgnss]: cfg_val_get_poll_async_all_layers ... CFG_MSGOUT_RTCM_3X_TYPE1127_USB CFG_MSGOUT_RTCM_3X_TYPE1230_UART2 CFG_MSGOUT_RTCM_3X_TYPE1230_USB CFG_MSGOUT_RTCM_3X_TYPE4072_0_UART2 CFG_MSGOUT_RTCM_3X_TYPE4072_0_USB CFG_MSGOUT_UBX_MON_COMMS_USB CFG_MSGOUT_UBX_NAV_CLOCK_USB CFG_MSGOUT_UBX_NAV_COV_UART1 CFG_MSGOUT_UBX_NAV_COV_UART2 CFG_MSGOUT_UBX_NAV_DOP_USB 
[ublox_dgnss_node-1] [INFO] [1789803436.482986447] [ublox_dgnss]: cfg_val_get_poll_async_all_layers ... CFG_MSGOUT_UBX_NAV_EOE_USB CFG_MSGOUT_UBX_NAV_HPPOSECEF_USB CFG_MSGOUT_UBX_NAV_HPPOSLLH_UART1 CFG_MSGOUT_UBX_NAV_HPPOSLLH_UART2 CFG_MSGOUT_UBX_NAV_ODO_USB CFG_MSGOUT_UBX_NAV_ORB_USB CFG_MSGOUT_UBX_NAV_POSECEF_USB CFG_MSGOUT_UBX_NAV_POSLLH_USB CFG_MSGOUT_UBX_NAV_PVT_USB CFG_MSGOUT_UBX_NAV_RELPOSNED_USB 
[ublox_dgnss_node-1] [INFO] [1789803436.483003669] [ublox_dgnss]: cfg_val_get_poll_async_all_layers ... CFG_MSGOUT_UBX_NAV_SAT_USB CFG_MSGOUT_UBX_NAV_SIG_USB CFG_MSGOUT_UBX_NAV_STATUS_UART1 CFG_MSGOUT_UBX_NAV_STATUS_UART2 CFG_MSGOUT_UBX_NAV_SVIN_USB CFG_MSGOUT_UBX_NAV_TIMEUTC_USB CFG_MSGOUT_UBX_NAV_VELECEF_USB CFG_MSGOUT_UBX_NAV_VELNED_USB CFG_MSGOUT_UBX_RXM_COR_UART1 CFG_MSGOUT_UBX_RXM_COR_UART2 
[ublox_dgnss_node-1] [INFO] [1789803436.483018236] [ublox_dgnss]: cfg_val_get_poll_async_all_layers ... CFG_MSGOUT_UBX_RXM_COR_USB CFG_MSGOUT_UBX_RXM_MEASX_USB CFG_MSGOUT_UBX_RXM_RAWX_USB CFG_MSGOUT_UBX_RXM_SFRBX_USB CFG_MSGOUT_UBX_RXM_SPARTN_USB CFG_MSGOUT_UBX_SEC_SIGLOG_USB CFG_MSGOUT_UBX_SEC_SIG_USB CFG_NAVSPG_FIXMODE CFG_NAVSPG_INIFIX3D CFG_NAVSPG_UTCSTANDARD 
[ublox_dgnss_node-1] [INFO] [1789803436.483032232] [ublox_dgnss]: cfg_val_get_poll_async_all_layers ... CFG_ODO_COGLPGAIN CFG_ODO_COGMAXPOSACC CFG_ODO_COGMAXSPEED CFG_ODO_OUTLPCOG CFG_ODO_OUTLPVEL CFG_ODO_PROFILE CFG_ODO_USE_COG CFG_ODO_USE_ODO CFG_ODO_VELLPGAIN CFG_RATE_TIMEREF 
[ublox_dgnss_node-1] [INFO] [1789803436.483047371] [ublox_dgnss]: cfg_val_get_poll_async_all_layers ... CFG_SEC_JAMDET_SENSITIVITY_HI CFG_SEC_SPOOFDET_SIM_SIG_DIS CFG_SIGNAL_BDS_B1_ENA CFG_SIGNAL_BDS_B2_ENA CFG_SIGNAL_GAL_E1_ENA CFG_SIGNAL_GAL_E5B_ENA CFG_SIGNAL_GLO_L1_ENA CFG_SIGNAL_GLO_L2_ENA CFG_SIGNAL_GPS_L1CA_ENA CFG_SIGNAL_GPS_L2C_ENA 
[ublox_dgnss_node-1] [INFO] [1789803436.483062088] [ublox_dgnss]: cfg_val_get_poll_async_all_layers ... CFG_SIGNAL_QZSS_L1CA_ENA CFG_SIGNAL_QZSS_L1S_ENA CFG_SIGNAL_QZSS_L2C_ENA CFG_SIGNAL_SBAS_ENA CFG_SIGNAL_SBAS_L1CA_ENA CFG_SPARTN_USE_SOURCE CFG_TMODE_ECEF_X CFG_TMODE_ECEF_X_HP CFG_TMODE_ECEF_Y CFG_TMODE_ECEF_Y_HP 
[ublox_dgnss_node-1] [INFO] [1789803436.483075724] [ublox_dgnss]: cfg_val_get_poll_async_all_layers ... CFG_TMODE_ECEF_Z CFG_TMODE_ECEF_Z_HP CFG_TMODE_FIXED_POS_ACC CFG_TMODE_HEIGHT CFG_TMODE_HEIGHT_HP CFG_TMODE_LAT CFG_TMODE_LAT_HP CFG_TMODE_LON CFG_TMODE_LON_HP CFG_TMODE_MODE 
[ublox_dgnss_node-1] [INFO] [1789803436.483088448] [ublox_dgnss]: cfg_val_get_poll_async_all_layers ... CFG_TMODE_POS_TYPE CFG_TMODE_SVIN_ACC_LIMIT CFG_TMODE_SVIN_MIN_DUR CFG_UART1INPROT_NMEA CFG_UART1INPROT_RTCM3X CFG_UART1INPROT_SPARTN CFG_UART1INPROT_UBX CFG_UART1OUTPROT_NMEA CFG_UART1OUTPROT_RTCM3X CFG_UART1OUTPROT_UBX 
[ublox_dgnss_node-1] [INFO] [1789803436.483122572] [ublox_dgnss]: cfg_val_get_poll_async_all_layers ... CFG_UART2INPROT_NMEA CFG_UART2INPROT_RTCM3X CFG_UART2INPROT_SPARTN CFG_UART2INPROT_UBX CFG_UART2OUTPROT_NMEA CFG_UART2OUTPROT_RTCM3X CFG_UART2OUTPROT_UBX CFG_UART2_BAUDRATE CFG_USBINPROT_NMEA CFG_USBINPROT_RTCM3X 
[ublox_dgnss_node-1] [INFO] [1789803436.483135817] [ublox_dgnss]: cfg_val_get_poll_async_all_layers ... CFG_USBINPROT_UBX CFG_USBOUTPROT_RTCM3X CFG_USBOUTPROT_UBX 
[ublox_dgnss_node-1] [INFO] [1789803436.483148530] [ublox_dgnss]: Requested 113 device parameter values via CFG-VALGET
[ublox_dgnss_node-1] [INFO] [1789803436.483153700] [ublox_dgnss]: ublox_dgnss_init_async finished
[ublox_dgnss_node-1] [INFO] [1789803436.483159000] [ublox_dgnss]: USB initialization completed successfully
[ublox_dgnss_node-1] [INFO] [1789803436.605095075] [ublox_dgnss]: ubx sec unique_id: 0x5540823D1E
[ublox_dgnss_node-1] [INFO] [1789803436.705036631] [ublox_dgnss]: parameter set CFG_INFMSG_NMEA_USB: 7
[ublox_dgnss_node-1] [INFO] [1789803436.705126399] [ublox_dgnss]: parameter set CFG_INFMSG_UBX_USB: 0
[ublox_dgnss_node-1] [INFO] [1789803436.705167396] [ublox_dgnss]: parameter set CFG_MSGOUT_RTCM_3X_TYPE1005_USB: 0
[ublox_dgnss_node-1] [INFO] [1789803436.705206469] [ublox_dgnss]: parameter set CFG_MSGOUT_RTCM_3X_TYPE1074_UART2: 0
[ublox_dgnss_node-1] [INFO] [1789803436.705225745] [ublox_dgnss]: parameter set CFG_MSGOUT_RTCM_3X_TYPE1077_USB: 0
[ublox_dgnss_node-1] [INFO] [1789803436.705242597] [ublox_dgnss]: parameter set CFG_MSGOUT_RTCM_3X_TYPE1084_UART2: 0
[ublox_dgnss_node-1] [INFO] [1789803436.705263536] [ublox_dgnss]: parameter set CFG_MSGOUT_RTCM_3X_TYPE1087_USB: 0
[ublox_dgnss_node-1] [INFO] [1789803436.705281430] [ublox_dgnss]: parameter set CFG_MSGOUT_RTCM_3X_TYPE1094_UART2: 0
[ublox_dgnss_node-1] [INFO] [1789803436.705303781] [ublox_dgnss]: parameter set CFG_MSGOUT_RTCM_3X_TYPE1097_USB: 0
[ublox_dgnss_node-1] [INFO] [1789803436.705324400] [ublox_dgnss]: parameter set CFG_MSGOUT_RTCM_3X_TYPE1124_UART2: 0
[rviz2-14] [INFO] [1789803436.714422616] [rviz2]: Stereo is NOT SUPPORTED
[rviz2-14] [INFO] [1789803436.714546188] [rviz2]: OpenGl version: 4.5 (GLSL 4.5)
[local_pure_pursuit_node-9] [INFO] [1789803436.724359954] [local_pure_pursuit]: local_pure_pursuit 시작: L=0.785m, max=18°, target_speed=0.5m/s, /local_path→/cmd_vel
[ublox_dgnss_node-1] [INFO] [1789803436.725104389] [ublox_dgnss]: parameter set CFG_INFMSG_NMEA_USB: 7
[vehicle_cmd_mux-11] [INFO] [1789803436.725163640] [vehicle_cmd_mux]: 명령 먹스 시작: 조향±18.0° 속도 -0.6~1.6m/s (E-stop > teleop > 자율)
[ublox_dgnss_node-1] [INFO] [1789803436.725196421] [ublox_dgnss]: parameter set CFG_INFMSG_UBX_USB: 0
[ublox_dgnss_node-1] [INFO] [1789803436.725228622] [ublox_dgnss]: parameter set CFG_MSGOUT_RTCM_3X_TYPE1005_USB: 0
[ublox_dgnss_node-1] [INFO] [1789803436.725249451] [ublox_dgnss]: parameter set CFG_MSGOUT_RTCM_3X_TYPE1074_UART2: 0
[ublox_dgnss_node-1] [INFO] [1789803436.725268066] [ublox_dgnss]: parameter set CFG_MSGOUT_RTCM_3X_TYPE1077_USB: 0
[ublox_dgnss_node-1] [INFO] [1789803436.725290838] [ublox_dgnss]: parameter set CFG_MSGOUT_RTCM_3X_TYPE1084_UART2: 0
[ublox_dgnss_node-1] [INFO] [1789803436.725312779] [ublox_dgnss]: parameter set CFG_MSGOUT_RTCM_3X_TYPE1087_USB: 0
[ublox_dgnss_node-1] [INFO] [1789803436.725328679] [ublox_dgnss]: parameter set CFG_MSGOUT_RTCM_3X_TYPE1094_UART2: 0
[ublox_dgnss_node-1] [INFO] [1789803436.725349979] [ublox_dgnss]: parameter set CFG_MSGOUT_RTCM_3X_TYPE1097_USB: 0
[ublox_dgnss_node-1] [INFO] [1789803436.725366881] [ublox_dgnss]: parameter set CFG_MSGOUT_RTCM_3X_TYPE1124_UART2: 0
[vehicle_cmd_mux-11] [WARN] [1789803436.725573167] [vehicle_cmd_mux]: 헤딩 캘리브 대기 — /heading/yaw_offset 을 받기 전에는 자율(AUTO)을 거부한다. teleop 으로 10m 직진해 캘리브를 끝낼 것.
[vrs_ntrip_client-3] [INFO] [1789803436.731019451] [ngii_vrs_ntrip_client]: NGII VRS NTRIP 클라이언트 시작: RTS2.ngii.go.kr:2101/VRS-RTCM32 (id=<NGII_ID>) → /ntrip_client/rtcm
[heading_init_node-5] [INFO] [1789803436.733981631] [gps_heading_init]: 헤딩 초기화(1회성) 시작: 10m 직진하면 yaw_offset 계산 후 자동 종료 (fix=/fix, imu=handsfree/imu)
[heading_init_node-5] [WARN] [1789803436.734319765] [gps_heading_init]: ⚠ 자동 직진 켜짐: GPS 수신 후 5초 뒤 0.50m/s로 스스로 10m 전진한다. 앞을 비우고 E-stop을 손에 쥘 것.
[longitudinal_controller-10] [INFO] [1789803436.744078017] [longitudinal_controller]: 종방향 제어 시작: v_max=1.6 v_min=0.25 (목표속도만 발행 — PWM은 펌웨어 PID가 담당)
[ublox_dgnss_node-1] [INFO] [1789803436.745081618] [ublox_dgnss]: parameter set CFG_MSGOUT_RTCM_3X_TYPE1127_USB: 0
[ublox_dgnss_node-1] [INFO] [1789803436.745176205] [ublox_dgnss]: parameter set CFG_MSGOUT_RTCM_3X_TYPE1230_UART2: 0
[ublox_dgnss_node-1] [INFO] [1789803436.745208155] [ublox_dgnss]: parameter set CFG_MSGOUT_RTCM_3X_TYPE1230_USB: 0
[ublox_dgnss_node-1] [INFO] [1789803436.745237089] [ublox_dgnss]: parameter set CFG_MSGOUT_RTCM_3X_TYPE4072_0_UART2: 0
[ublox_dgnss_node-1] [INFO] [1789803436.745265702] [ublox_dgnss]: parameter set CFG_MSGOUT_RTCM_3X_TYPE4072_0_USB: 0
[ublox_dgnss_node-1] [INFO] [1789803436.745293024] [ublox_dgnss]: parameter set CFG_MSGOUT_UBX_MON_COMMS_USB: 0
[ublox_dgnss_node-1] [INFO] [1789803436.745319794] [ublox_dgnss]: parameter set CFG_MSGOUT_UBX_NAV_CLOCK_USB: 0
[ublox_dgnss_node-1] [INFO] [1789803436.745346043] [ublox_dgnss]: parameter set CFG_MSGOUT_UBX_NAV_COV_UART1: 0
[ublox_dgnss_node-1] [INFO] [1789803436.745366992] [ublox_dgnss]: parameter set CFG_MSGOUT_UBX_NAV_COV_UART2: 0
[ublox_dgnss_node-1] [INFO] [1789803436.745421514] [ublox_dgnss]: parameter set CFG_MSGOUT_UBX_NAV_DOP_USB: 0
[rviz2-14] [INFO] [1789803436.755978143] [rviz2]: Stereo is NOT SUPPORTED
[vehicle_cmd_mux-11] [INFO] [1789803436.759137903] [vehicle_cmd_mux]: 모드: STOP(헤딩 캘리브 전)
[local_pure_pursuit_node-9] [WARN] [1789803436.761095410] [local_pure_pursuit]: 정지: 경로 대기중
[ublox_dgnss_node-1] [INFO] [1789803436.765055169] [ublox_dgnss]: parameter set CFG_MSGOUT_RTCM_3X_TYPE1127_USB: 0
[ublox_dgnss_node-1] [INFO] [1789803436.765129378] [ublox_dgnss]: parameter set CFG_MSGOUT_RTCM_3X_TYPE1230_UART2: 0
[ublox_dgnss_node-1] [INFO] [1789803436.765146651] [ublox_dgnss]: parameter set CFG_MSGOUT_RTCM_3X_TYPE1230_USB: 0
[ublox_dgnss_node-1] [INFO] [1789803436.765164203] [ublox_dgnss]: parameter set CFG_MSGOUT_RTCM_3X_TYPE4072_0_UART2: 0
[ublox_dgnss_node-1] [INFO] [1789803436.765185163] [ublox_dgnss]: parameter set CFG_MSGOUT_RTCM_3X_TYPE4072_0_USB: 0
[ublox_dgnss_node-1] [INFO] [1789803436.765212624] [ublox_dgnss]: parameter set CFG_MSGOUT_UBX_MON_COMMS_USB: 0
[ublox_dgnss_node-1] [INFO] [1789803436.765254292] [ublox_dgnss]: parameter set CFG_MSGOUT_UBX_NAV_CLOCK_USB: 0
[ublox_dgnss_node-1] [INFO] [1789803436.765277406] [ublox_dgnss]: parameter set CFG_MSGOUT_UBX_NAV_COV_UART1: 0
[ublox_dgnss_node-1] [INFO] [1789803436.765295970] [ublox_dgnss]: parameter set CFG_MSGOUT_UBX_NAV_COV_UART2: 0
[ublox_dgnss_node-1] [INFO] [1789803436.765311019] [ublox_dgnss]: parameter set CFG_MSGOUT_UBX_NAV_DOP_USB: 0
[local_sliding_window_node-8] [INFO] [1789803436.765478663] [local_sliding_window_node]: local_sliding_window_node 시작 (odom=/odometry/filtered, window=5+20, lookahead=10.0m, 곡률 preview=4.0m)
[hfi_a9_ros2-4] [INFO] [1789803436.778296668] [imu]: Serial port /dev/imu opened successfully
[ublox_dgnss_node-1] [INFO] [1789803436.785033029] [ublox_dgnss]: parameter set CFG_MSGOUT_UBX_NAV_EOE_USB: 0
[ublox_dgnss_node-1] [INFO] [1789803436.785097900] [ublox_dgnss]: parameter set CFG_MSGOUT_UBX_NAV_HPPOSECEF_USB: 0
[ublox_dgnss_node-1] [INFO] [1789803436.785123949] [ublox_dgnss]: parameter set CFG_MSGOUT_UBX_NAV_HPPOSLLH_UART1: 0
[ublox_dgnss_node-1] [INFO] [1789803436.785147193] [ublox_dgnss]: parameter set CFG_MSGOUT_UBX_NAV_HPPOSLLH_UART2: 0
[ublox_dgnss_node-1] [INFO] [1789803436.785167852] [ublox_dgnss]: parameter set CFG_MSGOUT_UBX_NAV_ODO_USB: 0
[ublox_dgnss_node-1] [INFO] [1789803436.785185434] [ublox_dgnss]: parameter set CFG_MSGOUT_UBX_NAV_ORB_USB: 0
[ublox_dgnss_node-1] [INFO] [1789803436.785201054] [ublox_dgnss]: parameter set CFG_MSGOUT_UBX_NAV_POSECEF_USB: 0
[ublox_dgnss_node-1] [INFO] [1789803436.785218787] [ublox_dgnss]: parameter set CFG_MSGOUT_UBX_NAV_POSLLH_USB: 0
[ublox_dgnss_node-1] [INFO] [1789803436.785236741] [ublox_dgnss]: parameter set CFG_MSGOUT_UBX_NAV_PVT_USB: 0
[ublox_dgnss_node-1] [INFO] [1789803436.785254043] [ublox_dgnss]: parameter set CFG_MSGOUT_UBX_NAV_RELPOSNED_USB: 0
[ublox_dgnss_node-1] [INFO] [1789803436.805043410] [ublox_dgnss]: parameter set CFG_MSGOUT_UBX_NAV_EOE_USB: 0
[ublox_dgnss_node-1] [INFO] [1789803436.805118621] [ublox_dgnss]: parameter set CFG_MSGOUT_UBX_NAV_HPPOSECEF_USB: 0
[ublox_dgnss_node-1] [INFO] [1789803436.805135793] [ublox_dgnss]: parameter set CFG_MSGOUT_UBX_NAV_HPPOSLLH_UART1: 0
[ublox_dgnss_node-1] [INFO] [1789803436.805155069] [ublox_dgnss]: parameter set CFG_MSGOUT_UBX_NAV_HPPOSLLH_UART2: 0
[ublox_dgnss_node-1] [INFO] [1789803436.805173914] [ublox_dgnss]: parameter set CFG_MSGOUT_UBX_NAV_ODO_USB: 0
[ublox_dgnss_node-1] [INFO] [1789803436.805191196] [ublox_dgnss]: parameter set CFG_MSGOUT_UBX_NAV_ORB_USB: 0
[ublox_dgnss_node-1] [INFO] [1789803436.805209781] [ublox_dgnss]: parameter set CFG_MSGOUT_UBX_NAV_POSECEF_USB: 0
[ublox_dgnss_node-1] [INFO] [1789803436.805224329] [ublox_dgnss]: parameter set CFG_MSGOUT_UBX_NAV_POSLLH_USB: 0
[ublox_dgnss_node-1] [INFO] [1789803436.805238886] [ublox_dgnss]: parameter set CFG_MSGOUT_UBX_NAV_PVT_USB: 0
[ublox_dgnss_node-1] [INFO] [1789803436.805252521] [ublox_dgnss]: parameter set CFG_MSGOUT_UBX_NAV_RELPOSNED_USB: 0
[direct_localization_node-6] [INFO] [1789803436.812535076] [direct_localization]: 로컬 원점: 332200.0, 4128600.0 (EPSG:32652) — 용인 (2026-09-05)
[direct_localization_node-6] [INFO] [1789803436.823203924] [direct_localization]: 직접 로컬라이제이션 시작: /fix+handsfree/imu → /odometry/filtered (map 프레임, 원점 332200,4128600, 30Hz)
[ublox_dgnss_node-1] [INFO] [1789803436.825055043] [ublox_dgnss]: parameter set CFG_MSGOUT_UBX_NAV_SAT_USB: 0
[ublox_dgnss_node-1] [INFO] [1789803436.825129602] [ublox_dgnss]: parameter set CFG_MSGOUT_UBX_NAV_SIG_USB: 0
[ublox_dgnss_node-1] [INFO] [1789803436.825156743] [ublox_dgnss]: parameter set CFG_MSGOUT_UBX_NAV_STATUS_UART1: 0
[ublox_dgnss_node-1] [INFO] [1789803436.825179456] [ublox_dgnss]: parameter set CFG_MSGOUT_UBX_NAV_STATUS_UART2: 0
[ublox_dgnss_node-1] [INFO] [1789803436.825197600] [ublox_dgnss]: parameter set CFG_MSGOUT_UBX_NAV_SVIN_USB: 0
[ublox_dgnss_node-1] [INFO] [1789803436.825222637] [ublox_dgnss]: parameter set CFG_MSGOUT_UBX_NAV_TIMEUTC_USB: 0
[ublox_dgnss_node-1] [INFO] [1789803436.825242173] [ublox_dgnss]: parameter set CFG_MSGOUT_UBX_NAV_VELECEF_USB: 0
[ublox_dgnss_node-1] [INFO] [1789803436.825260798] [ublox_dgnss]: parameter set CFG_MSGOUT_UBX_NAV_VELNED_USB: 0
[ublox_dgnss_node-1] [INFO] [1789803436.825275826] [ublox_dgnss]: parameter set CFG_MSGOUT_UBX_RXM_COR_UART1: 0
[ublox_dgnss_node-1] [INFO] [1789803436.825289131] [ublox_dgnss]: parameter set CFG_MSGOUT_UBX_RXM_COR_UART2: 0
[ublox_dgnss_node-1] [INFO] [1789803436.845075352] [ublox_dgnss]: parameter set CFG_MSGOUT_UBX_NAV_SAT_USB: 0
[ublox_dgnss_node-1] [INFO] [1789803436.845167174] [ublox_dgnss]: parameter set CFG_MSGOUT_UBX_NAV_SIG_USB: 0
[ublox_dgnss_node-1] [INFO] [1789803436.845194535] [ublox_dgnss]: parameter set CFG_MSGOUT_UBX_NAV_STATUS_UART1: 0
[ublox_dgnss_node-1] [INFO] [1789803436.845217177] [ublox_dgnss]: parameter set CFG_MSGOUT_UBX_NAV_STATUS_UART2: 0
[ublox_dgnss_node-1] [INFO] [1789803436.845239149] [ublox_dgnss]: parameter set CFG_MSGOUT_UBX_NAV_SVIN_USB: 0
[ublox_dgnss_node-1] [INFO] [1789803436.845260078] [ublox_dgnss]: parameter set CFG_MSGOUT_UBX_NAV_TIMEUTC_USB: 0
[ublox_dgnss_node-1] [INFO] [1789803436.845280646] [ublox_dgnss]: parameter set CFG_MSGOUT_UBX_NAV_VELECEF_USB: 0
[ublox_dgnss_node-1] [INFO] [1789803436.845301195] [ublox_dgnss]: parameter set CFG_MSGOUT_UBX_NAV_VELNED_USB: 0
[ublox_dgnss_node-1] [INFO] [1789803436.845321363] [ublox_dgnss]: parameter set CFG_MSGOUT_UBX_RXM_COR_UART1: 0
[ublox_dgnss_node-1] [INFO] [1789803436.845342021] [ublox_dgnss]: parameter set CFG_MSGOUT_UBX_RXM_COR_UART2: 0
[ublox_dgnss_node-1] [INFO] [1789803436.865092505] [ublox_dgnss]: parameter set CFG_MSGOUT_UBX_RXM_COR_USB: 0
[ublox_dgnss_node-1] [INFO] [1789803436.865207821] [ublox_dgnss]: parameter set CFG_MSGOUT_UBX_RXM_MEASX_USB: 0
[ublox_dgnss_node-1] [INFO] [1789803436.865227789] [ublox_dgnss]: parameter set CFG_MSGOUT_UBX_RXM_RAWX_USB: 0
[ublox_dgnss_node-1] [INFO] [1789803436.865248537] [ublox_dgnss]: parameter set CFG_MSGOUT_UBX_RXM_SFRBX_USB: 0
[ublox_dgnss_node-1] [INFO] [1789803436.865266391] [ublox_dgnss]: parameter set CFG_MSGOUT_UBX_RXM_SPARTN_USB: 0
[ublox_dgnss_node-1] [INFO] [1789803436.865283242] [ublox_dgnss]: parameter set CFG_MSGOUT_UBX_SEC_SIGLOG_USB: 0
[ublox_dgnss_node-1] [INFO] [1789803436.865300074] [ublox_dgnss]: parameter set CFG_MSGOUT_UBX_SEC_SIG_USB: 0
[ublox_dgnss_node-1] [INFO] [1789803436.865321434] [ublox_dgnss]: parameter set CFG_NAVSPG_FIXMODE: 3
[ublox_dgnss_node-1] [INFO] [1789803436.865339287] [ublox_dgnss]: parameter set CFG_NAVSPG_INIFIX3D: false
[ublox_dgnss_node-1] [INFO] [1789803436.865358834] [ublox_dgnss]: parameter set CFG_NAVSPG_UTCSTANDARD: 0
[global_path_publisher-7] [INFO] [1789803436.867901237] [global_path_publisher]: 전역 경로 로드 완료: /home/han/racing_ws/config/yongin_2026-09-05/wp_yongin_drive_0.5.yaml (총 1298개 점, 648.3m)
[global_path_publisher-7] [INFO] [1789803436.868279396] [global_path_publisher]:   로컬 범위 x[-38.5, 56.1] y[-62.0, 25.7] (정상이면 0~수백 m)
[ublox_dgnss_node-1] [INFO] [1789803436.885058372] [ublox_dgnss]: parameter set CFG_MSGOUT_UBX_RXM_COR_USB: 0
[ublox_dgnss_node-1] [INFO] [1789803436.885138863] [ublox_dgnss]: parameter set CFG_MSGOUT_UBX_RXM_MEASX_USB: 0
[ublox_dgnss_node-1] [INFO] [1789803436.885159171] [ublox_dgnss]: parameter set CFG_MSGOUT_UBX_RXM_RAWX_USB: 0
[ublox_dgnss_node-1] [INFO] [1789803436.885180702] [ublox_dgnss]: parameter set CFG_MSGOUT_UBX_RXM_SFRBX_USB: 0
[ublox_dgnss_node-1] [INFO] [1789803436.885202031] [ublox_dgnss]: parameter set CFG_MSGOUT_UBX_RXM_SPARTN_USB: 0
[ublox_dgnss_node-1] [INFO] [1789803436.885221528] [ublox_dgnss]: parameter set CFG_MSGOUT_UBX_SEC_SIGLOG_USB: 0
[ublox_dgnss_node-1] [INFO] [1789803436.885239181] [ublox_dgnss]: parameter set CFG_MSGOUT_UBX_SEC_SIG_USB: 0
[ublox_dgnss_node-1] [INFO] [1789803436.885259379] [ublox_dgnss]: parameter set CFG_NAVSPG_FIXMODE: 3
[ublox_dgnss_node-1] [INFO] [1789803436.885280398] [ublox_dgnss]: parameter set CFG_NAVSPG_INIFIX3D: false
[ublox_dgnss_node-1] [INFO] [1789803436.885296378] [ublox_dgnss]: parameter set CFG_NAVSPG_UTCSTANDARD: 0
[ublox_dgnss_node-1] [INFO] [1789803436.905126812] [ublox_dgnss]: parameter set CFG_ODO_COGLPGAIN: 76
[ublox_dgnss_node-1] [INFO] [1789803436.905236688] [ublox_dgnss]: parameter set CFG_ODO_COGMAXPOSACC: 50
[ublox_dgnss_node-1] [INFO] [1789803436.905269098] [ublox_dgnss]: parameter set CFG_ODO_COGMAXSPEED: 10
[ublox_dgnss_node-1] [INFO] [1789803436.905296450] [ublox_dgnss]: parameter set CFG_ODO_OUTLPCOG: false
[ublox_dgnss_node-1] [INFO] [1789803436.905322138] [ublox_dgnss]: parameter set CFG_ODO_OUTLPVEL: false
[ublox_dgnss_node-1] [INFO] [1789803436.905347305] [ublox_dgnss]: parameter set CFG_ODO_PROFILE: 0
[ublox_dgnss_node-1] [INFO] [1789803436.905372382] [ublox_dgnss]: parameter set CFG_ODO_USE_COG: false
[ublox_dgnss_node-1] [INFO] [1789803436.905397699] [ublox_dgnss]: parameter set CFG_ODO_USE_ODO: false
[ublox_dgnss_node-1] [INFO] [1789803436.905422626] [ublox_dgnss]: parameter set CFG_ODO_VELLPGAIN: 153
[ublox_dgnss_node-1] [INFO] [1789803436.905449516] [ublox_dgnss]: parameter set CFG_RATE_TIMEREF: 1
[local_sliding_window_node-8] [INFO] [1789803436.914217754] [local_sliding_window_node]: 전역 경로 수신: 1298점, 시작-끝 21.02m → 열린 경로
[ublox_dgnss_node-1] [INFO] [1789803436.925070457] [ublox_dgnss]: parameter set CFG_ODO_COGLPGAIN: 76
[ublox_dgnss_node-1] [INFO] [1789803436.925251527] [ublox_dgnss]: parameter set CFG_ODO_COGMAXPOSACC: 50
[ublox_dgnss_node-1] [INFO] [1789803436.925351694] [ublox_dgnss]: parameter set CFG_ODO_COGMAXSPEED: 10
[ublox_dgnss_node-1] [INFO] [1789803436.925490975] [ublox_dgnss]: parameter set CFG_ODO_OUTLPCOG: false
[ublox_dgnss_node-1] [INFO] [1789803436.925589911] [ublox_dgnss]: parameter set CFG_ODO_OUTLPVEL: false
[ublox_dgnss_node-1] [INFO] [1789803436.925701399] [ublox_dgnss]: parameter set CFG_ODO_PROFILE: 0
[ublox_dgnss_node-1] [INFO] [1789803436.925822336] [ublox_dgnss]: parameter set CFG_ODO_USE_COG: false
[ublox_dgnss_node-1] [INFO] [1789803436.925942862] [ublox_dgnss]: parameter set CFG_ODO_USE_ODO: false
[ublox_dgnss_node-1] [INFO] [1789803436.926097201] [ublox_dgnss]: parameter set CFG_ODO_VELLPGAIN: 153
[ublox_dgnss_node-1] [INFO] [1789803436.926354102] [ublox_dgnss]: parameter set CFG_RATE_TIMEREF: 1
[ublox_dgnss_node-1] [WARN] [1789803436.945044079] [ublox_dgnss]: ubx class: 0x05 id: 0x00 ack nak payload - class: 0x06 id: 0x8b
[ublox_dgnss_node-1] [WARN] [1789803436.955056478] [ublox_dgnss]: ubx class: 0x05 id: 0x00 ack nak payload - class: 0x06 id: 0x8b
[ublox_dgnss_node-1] [INFO] [1789803436.965096609] [ublox_dgnss]: parameter set CFG_SIGNAL_QZSS_L1CA_ENA: true
[ublox_dgnss_node-1] [INFO] [1789803436.965209580] [ublox_dgnss]: parameter set CFG_SIGNAL_QZSS_L1S_ENA: false
[ublox_dgnss_node-1] [INFO] [1789803436.965227624] [ublox_dgnss]: parameter set CFG_SIGNAL_QZSS_L2C_ENA: true
[ublox_dgnss_node-1] [INFO] [1789803436.965244225] [ublox_dgnss]: parameter set CFG_SIGNAL_SBAS_ENA: true
[ublox_dgnss_node-1] [INFO] [1789803436.965259875] [ublox_dgnss]: parameter set CFG_SIGNAL_SBAS_L1CA_ENA: true
[ublox_dgnss_node-1] [INFO] [1789803436.965276736] [ublox_dgnss]: parameter set CFG_SPARTN_USE_SOURCE: 0
[ublox_dgnss_node-1] [INFO] [1789803436.965325077] [ublox_dgnss]: parameter set CFG_TMODE_ECEF_X: 0
[ublox_dgnss_node-1] [INFO] [1789803436.965346206] [ublox_dgnss]: parameter set CFG_TMODE_ECEF_X_HP: 0
[ublox_dgnss_node-1] [INFO] [1789803436.965367276] [ublox_dgnss]: parameter set CFG_TMODE_ECEF_Y: 0
[ublox_dgnss_node-1] [INFO] [1789803436.965383536] [ublox_dgnss]: parameter set CFG_TMODE_ECEF_Y_HP: 0
[cluster_plot_node-13] [INFO] [1789803436.980157286] [lidar_clustering]: LiDAR DBSCAN + Hungarian + Follow the Gap started. (scan=/scan_front, yaw_offset=180°, aim=path)
[cluster_plot_node-13] [INFO] [1789803436.980433163] [lidar_clustering]: Vehicle coordinate: +X forward, +Y left, -Y right.
[cluster_plot_node-13] [INFO] [1789803436.980622968] [lidar_clustering]: 회피 조향 슬루레이트 제한 꺼짐 (avoid_steer_rate_deg:=90.0 으로 켠다)
[ublox_dgnss_node-1] [INFO] [1789803436.985062827] [ublox_dgnss]: parameter set CFG_SIGNAL_QZSS_L1CA_ENA: true
[ublox_dgnss_node-1] [INFO] [1789803436.985143077] [ublox_dgnss]: parameter set CFG_SIGNAL_QZSS_L1S_ENA: false
[ublox_dgnss_node-1] [INFO] [1789803436.985171510] [ublox_dgnss]: parameter set CFG_SIGNAL_QZSS_L2C_ENA: true
[ublox_dgnss_node-1] [INFO] [1789803436.985191307] [ublox_dgnss]: parameter set CFG_SIGNAL_SBAS_ENA: true
[ublox_dgnss_node-1] [INFO] [1789803436.985211746] [ublox_dgnss]: parameter set CFG_SIGNAL_SBAS_L1CA_ENA: true
[ublox_dgnss_node-1] [INFO] [1789803436.985231352] [ublox_dgnss]: parameter set CFG_SPARTN_USE_SOURCE: 0
[ublox_dgnss_node-1] [INFO] [1789803436.985247262] [ublox_dgnss]: parameter set CFG_TMODE_ECEF_X: 0
[ublox_dgnss_node-1] [INFO] [1789803436.985262591] [ublox_dgnss]: parameter set CFG_TMODE_ECEF_X_HP: 0
[ublox_dgnss_node-1] [INFO] [1789803436.985279292] [ublox_dgnss]: parameter set CFG_TMODE_ECEF_Y: 0
[ublox_dgnss_node-1] [INFO] [1789803436.985293008] [ublox_dgnss]: parameter set CFG_TMODE_ECEF_Y_HP: 0
[ublox_dgnss_node-1] [INFO] [1789803437.005052058] [ublox_dgnss]: parameter set CFG_TMODE_ECEF_Z: 0
[ublox_dgnss_node-1] [INFO] [1789803437.005123471] [ublox_dgnss]: parameter set CFG_TMODE_ECEF_Z_HP: 0
[ublox_dgnss_node-1] [INFO] [1789803437.005138199] [ublox_dgnss]: parameter set CFG_TMODE_FIXED_POS_ACC: 0
[ublox_dgnss_node-1] [INFO] [1789803437.005152806] [ublox_dgnss]: parameter set CFG_TMODE_HEIGHT: 0
[ublox_dgnss_node-1] [INFO] [1789803437.005167043] [ublox_dgnss]: parameter set CFG_TMODE_HEIGHT_HP: 0
[ublox_dgnss_node-1] [INFO] [1789803437.005182422] [ublox_dgnss]: parameter set CFG_TMODE_LAT: 0
[ublox_dgnss_node-1] [INFO] [1789803437.005196518] [ublox_dgnss]: parameter set CFG_TMODE_LAT_HP: 0
[ublox_dgnss_node-1] [INFO] [1789803437.005210525] [ublox_dgnss]: parameter set CFG_TMODE_LON: 0
[ublox_dgnss_node-1] [INFO] [1789803437.005223699] [ublox_dgnss]: parameter set CFG_TMODE_LON_HP: 0
[ublox_dgnss_node-1] [INFO] [1789803437.005237695] [ublox_dgnss]: parameter set CFG_TMODE_MODE: 0
[ublox_dgnss_node-1] [INFO] [1789803437.025058371] [ublox_dgnss]: parameter set CFG_TMODE_ECEF_Z: 0
[ublox_dgnss_node-1] [INFO] [1789803437.025143350] [ublox_dgnss]: parameter set CFG_TMODE_ECEF_Z_HP: 0
[ublox_dgnss_node-1] [INFO] [1789803437.025167946] [ublox_dgnss]: parameter set CFG_TMODE_FIXED_POS_ACC: 0
[ublox_dgnss_node-1] [INFO] [1789803437.025190689] [ublox_dgnss]: parameter set CFG_TMODE_HEIGHT: 0
[ublox_dgnss_node-1] [INFO] [1789803437.025209304] [ublox_dgnss]: parameter set CFG_TMODE_HEIGHT_HP: 0
[ublox_dgnss_node-1] [INFO] [1789803437.025232036] [ublox_dgnss]: parameter set CFG_TMODE_LAT: 0
[ublox_dgnss_node-1] [INFO] [1789803437.025251433] [ublox_dgnss]: parameter set CFG_TMODE_LAT_HP: 0
[ublox_dgnss_node-1] [INFO] [1789803437.025269366] [ublox_dgnss]: parameter set CFG_TMODE_LON: 0
[ublox_dgnss_node-1] [INFO] [1789803437.025286809] [ublox_dgnss]: parameter set CFG_TMODE_LON_HP: 0
[ublox_dgnss_node-1] [INFO] [1789803437.025304712] [ublox_dgnss]: parameter set CFG_TMODE_MODE: 0
[ublox_dgnss_node-1] [INFO] [1789803437.045060055] [ublox_dgnss]: parameter set CFG_TMODE_POS_TYPE: 0
[ublox_dgnss_node-1] [INFO] [1789803437.045158119] [ublox_dgnss]: parameter set CFG_TMODE_SVIN_ACC_LIMIT: 0
[ublox_dgnss_node-1] [INFO] [1789803437.045190059] [ublox_dgnss]: parameter set CFG_TMODE_SVIN_MIN_DUR: 0
[ublox_dgnss_node-1] [INFO] [1789803437.045217901] [ublox_dgnss]: parameter set CFG_UART1INPROT_NMEA: true
[ublox_dgnss_node-1] [INFO] [1789803437.045248228] [ublox_dgnss]: parameter set CFG_UART1INPROT_RTCM3X: true
[ublox_dgnss_node-1] [INFO] [1789803437.045274377] [ublox_dgnss]: parameter set CFG_UART1INPROT_SPARTN: true
[ublox_dgnss_node-1] [INFO] [1789803437.045300456] [ublox_dgnss]: parameter set CFG_UART1INPROT_UBX: true
[ublox_dgnss_node-1] [INFO] [1789803437.045325082] [ublox_dgnss]: parameter set CFG_UART1OUTPROT_NMEA: true
[ublox_dgnss_node-1] [INFO] [1789803437.045350089] [ublox_dgnss]: parameter set CFG_UART1OUTPROT_RTCM3X: true
[ublox_dgnss_node-1] [INFO] [1789803437.045375106] [ublox_dgnss]: parameter set CFG_UART1OUTPROT_UBX: true
[ublox_dgnss_node-1] [INFO] [1789803437.065078481] [ublox_dgnss]: parameter set CFG_TMODE_POS_TYPE: 0
[ublox_dgnss_node-1] [INFO] [1789803437.065214606] [ublox_dgnss]: parameter set CFG_TMODE_SVIN_ACC_LIMIT: 0
[ublox_dgnss_node-1] [INFO] [1789803437.065255233] [ublox_dgnss]: parameter set CFG_TMODE_SVIN_MIN_DUR: 0
[ublox_dgnss_node-1] [INFO] [1789803437.065276783] [ublox_dgnss]: parameter set CFG_UART1INPROT_NMEA: true
[ublox_dgnss_node-1] [INFO] [1789803437.065296971] [ublox_dgnss]: parameter set CFG_UART1INPROT_RTCM3X: true
[ublox_dgnss_node-1] [INFO] [1789803437.065312099] [ublox_dgnss]: parameter set CFG_UART1INPROT_SPARTN: true
[ublox_dgnss_node-1] [INFO] [1789803437.065346373] [ublox_dgnss]: parameter set CFG_UART1INPROT_UBX: true
[ublox_dgnss_node-1] [INFO] [1789803437.065360720] [ublox_dgnss]: parameter set CFG_UART1OUTPROT_NMEA: true
[ublox_dgnss_node-1] [INFO] [1789803437.065375127] [ublox_dgnss]: parameter set CFG_UART1OUTPROT_RTCM3X: true
[ublox_dgnss_node-1] [INFO] [1789803437.065388763] [ublox_dgnss]: parameter set CFG_UART1OUTPROT_UBX: true
[ublox_dgnss_node-1] [INFO] [1789803437.085051132] [ublox_dgnss]: parameter set CFG_UART2INPROT_NMEA: false
[ublox_dgnss_node-1] [INFO] [1789803437.085106285] [ublox_dgnss]: parameter set CFG_UART2INPROT_RTCM3X: true
[ublox_dgnss_node-1] [INFO] [1789803437.085126653] [ublox_dgnss]: parameter set CFG_UART2INPROT_SPARTN: true
[ublox_dgnss_node-1] [INFO] [1789803437.085147432] [ublox_dgnss]: parameter set CFG_UART2INPROT_UBX: true
[ublox_dgnss_node-1] [INFO] [1789803437.085166077] [ublox_dgnss]: parameter set CFG_UART2OUTPROT_NMEA: false
[ublox_dgnss_node-1] [INFO] [1789803437.085184892] [ublox_dgnss]: parameter set CFG_UART2OUTPROT_RTCM3X: true
[ublox_dgnss_node-1] [INFO] [1789803437.085204379] [ublox_dgnss]: parameter set CFG_UART2OUTPROT_UBX: false
[ublox_dgnss_node-1] [INFO] [1789803437.085224296] [ublox_dgnss]: parameter set CFG_UART2_BAUDRATE: 0
[ublox_dgnss_node-1] [INFO] [1789803437.085243061] [ublox_dgnss]: parameter set CFG_USBINPROT_NMEA: true
[ublox_dgnss_node-1] [INFO] [1789803437.085261846] [ublox_dgnss]: parameter set CFG_USBINPROT_RTCM3X: true
[vrs_ntrip_client-3] [INFO] [1789803437.092240181] [ngii_vrs_ntrip_client]: NTRIP 연결 성공: ICY 200 OK
[ublox_dgnss_node-1] [INFO] [1789803437.105048749] [ublox_dgnss]: parameter set CFG_UART2INPROT_NMEA: false
[ublox_dgnss_node-1] [INFO] [1789803437.105127065] [ublox_dgnss]: parameter set CFG_UART2INPROT_RTCM3X: true
[ublox_dgnss_node-1] [INFO] [1789803437.105145600] [ublox_dgnss]: parameter set CFG_UART2INPROT_SPARTN: true
[ublox_dgnss_node-1] [INFO] [1789803437.105167802] [ublox_dgnss]: parameter set CFG_UART2INPROT_UBX: true
[ublox_dgnss_node-1] [INFO] [1789803437.105188410] [ublox_dgnss]: parameter set CFG_UART2OUTPROT_NMEA: false
[ublox_dgnss_node-1] [INFO] [1789803437.105206334] [ublox_dgnss]: parameter set CFG_UART2OUTPROT_RTCM3X: true
[ublox_dgnss_node-1] [INFO] [1789803437.105226391] [ublox_dgnss]: parameter set CFG_UART2OUTPROT_UBX: false
[ublox_dgnss_node-1] [INFO] [1789803437.105246960] [ublox_dgnss]: parameter set CFG_UART2_BAUDRATE: 0
[ublox_dgnss_node-1] [INFO] [1789803437.105266466] [ublox_dgnss]: parameter set CFG_USBINPROT_NMEA: true
[ublox_dgnss_node-1] [INFO] [1789803437.105294409] [ublox_dgnss]: parameter set CFG_USBINPROT_RTCM3X: true
[ublox_dgnss_node-1] [INFO] [1789803437.125045784] [ublox_dgnss]: parameter set CFG_USBINPROT_UBX: true
[ublox_dgnss_node-1] [INFO] [1789803437.125128189] [ublox_dgnss]: parameter set CFG_USBOUTPROT_RTCM3X: true
[ublox_dgnss_node-1] [INFO] [1789803437.125146353] [ublox_dgnss]: parameter set CFG_USBOUTPROT_UBX: true
[ublox_dgnss_node-1] [INFO] [1789803437.145041818] [ublox_dgnss]: parameter set CFG_USBINPROT_UBX: true
[ublox_dgnss_node-1] [INFO] [1789803437.145125675] [ublox_dgnss]: parameter set CFG_USBOUTPROT_RTCM3X: true
[ublox_dgnss_node-1] [INFO] [1789803437.145159639] [ublox_dgnss]: parameter set CFG_USBOUTPROT_UBX: true
[heading_init_node-5] [WARN] [1789803437.165783179] [gps_heading_init]: RTK 수렴 대기 중 — 공분산 없음 → status=0 로 판정 (RTK Fixed 는 2 이상). NTRIP 이 붙어도 수신기가 RTCM 을 안 먹으면 여기서 안 올라간다 — ublox 로그에 "degraded mode" 가 있는지 볼 것. 출발하지 않는다. ⚠ 여기서 출발하면 RTK 확정 순간의 좌표 점프를 직진으로 오인한다(2026-08-24 충돌 원인). 정말 무시하려면 require_rtk:=false.
[cluster_plot_node-13] [INFO] [1789803437.794478083] [lidar_clustering]: ID=1, X=1.98 m, Y=6.81 m, Width=0.30 m, Depth=3.59 m, Distance=7.09 m
[cluster_plot_node-13] [INFO] [1789803437.794691804] [lidar_clustering]: ID=2, X=3.63 m, Y=-3.31 m, Width=0.05 m, Depth=0.05 m, Distance=4.91 m
[cluster_plot_node-13] [INFO] [1789803437.794865910] [lidar_clustering]: ID=3, X=4.00 m, Y=-3.32 m, Width=0.67 m, Depth=0.70 m, Distance=5.20 m
[cluster_plot_node-13] [INFO] [1789803437.795037802] [lidar_clustering]: ID=4, X=4.16 m, Y=-2.84 m, Width=0.04 m, Depth=0.03 m, Distance=5.04 m
[cluster_plot_node-13] [INFO] [1789803437.795206458] [lidar_clustering]: ID=5, X=4.66 m, Y=-2.01 m, Width=0.11 m, Depth=0.10 m, Distance=5.08 m
[cluster_plot_node-13] [INFO] [1789803437.795374853] [lidar_clustering]: ID=6, X=5.06 m, Y=-3.07 m, Width=0.10 m, Depth=0.53 m, Distance=5.92 m
[cluster_plot_node-13] [INFO] [1789803437.795550623] [lidar_clustering]: FollowGap: mode=CLEAR, direction=STRAIGHT, front=8.00 m, best_angle=0.0 deg
[cluster_plot_node-13] [INFO] [1789803438.647147347] [lidar_clustering]: ID=1, X=1.99 m, Y=6.81 m, Width=0.31 m, Depth=3.59 m, Distance=7.09 m
[cluster_plot_node-13] [INFO] [1789803438.647362129] [lidar_clustering]: ID=2, X=3.92 m, Y=-2.95 m, Width=0.48 m, Depth=0.26 m, Distance=4.91 m
[cluster_plot_node-13] [INFO] [1789803438.647538319] [lidar_clustering]: ID=3, X=3.92 m, Y=-3.44 m, Width=0.32 m, Depth=0.86 m, Distance=5.21 m
[cluster_plot_node-13] [INFO] [1789803438.647709981] [lidar_clustering]: ID=4, X=4.89 m, Y=-3.04 m, Width=0.07 m, Depth=0.44 m, Distance=5.76 m
[cluster_plot_node-13] [INFO] [1789803438.647884247] [lidar_clustering]: ID=5, X=4.69 m, Y=-2.00 m, Width=0.10 m, Depth=0.03 m, Distance=5.10 m
[cluster_plot_node-13] [INFO] [1789803438.648141710] [lidar_clustering]: ID=6, X=5.60 m, Y=-3.20 m, Width=0.08 m, Depth=0.05 m, Distance=6.44 m
[cluster_plot_node-13] [INFO] [1789803438.648332868] [lidar_clustering]: FollowGap: mode=CLEAR, direction=STRAIGHT, front=8.00 m, best_angle=0.0 deg
[cluster_plot_node-13] [INFO] [1789803438.648509889] [lidar_clustering]: points=176, clusters=5, tracks=6
[serial_bridge-12] [INFO] [1789803438.744238214] [serial_bridge_node]: 시리얼 포트 연결 성공: /dev/arduino @ 57600bps
[serial_bridge-12] [WARN] [1789803438.756811281] [serial_bridge_node]: ★ 경사 보상 켜짐 — handsfree/imu 피치로 PWM 을 보정한다 (이득 1.00, 상한 95). 영점 +3.81° · 부호 -1. ⚠ 부호가 틀리면 내리막에서 가속한다 — tools/imu_grade.py 로 확인했는지 볼 것.
[serial_bridge-12] [WARN] [1789803438.757069775] [serial_bridge_node]: ★ 내리막 속도 거버너 켜짐: 측정속도가 명령보다 0.20m/s 넘게 빠르면 역 PWM 을 낸다 (초과 1m/s 당 300, 상한 60, 선행 0.30s). ⚠ 플러깅이라 전류가 크다 — 상한을 함부로 올리지 말 것.
[serial_bridge-12] [WARN] [1789803438.757290008] [serial_bridge_node]: ★ ROS 쪽 FF 사용: PWM = 42.6·v + 46.0 (펌웨어 FF 우회). 엔코더 복구 후에는 ff_mode:=firmware 로 되돌릴 것.
[serial_bridge-12] [INFO] [1789803438.763251227] [serial_bridge_node]: Serial read thread started
[serial_bridge-12] [WARN] [1789803438.764025377] [serial_bridge_node]: ⚠ 공급전압 강하: VMIN=4167mV — 배터리/전원 확인
[heading_init_node-5] [WARN] [1789803439.175535237] [gps_heading_init]: RTK 수렴 대기 중 — 공분산 없음 → status=1 로 판정 (RTK Fixed 는 2 이상). NTRIP 이 붙어도 수신기가 RTCM 을 안 먹으면 여기서 안 올라간다 — ublox 로그에 "degraded mode" 가 있는지 볼 것. 출발하지 않는다. ⚠ 여기서 출발하면 RTK 확정 순간의 좌표 점프를 직진으로 오인한다(2026-08-24 충돌 원인). 정말 무시하려면 require_rtk:=false.
[cluster_plot_node-13] [INFO] [1789803439.494751829] [lidar_clustering]: ID=1, X=1.98 m, Y=6.81 m, Width=0.31 m, Depth=3.59 m, Distance=7.09 m
[cluster_plot_node-13] [INFO] [1789803439.494975187] [lidar_clustering]: ID=2, X=3.81 m, Y=-3.38 m, Width=0.52 m, Depth=0.58 m, Distance=5.09 m
[cluster_plot_node-13] [INFO] [1789803439.495163420] [lidar_clustering]: ID=3, X=3.89 m, Y=-2.93 m, Width=0.21 m, Depth=0.16 m, Distance=4.88 m
[cluster_plot_node-13] [INFO] [1789803439.495340983] [lidar_clustering]: ID=4, X=4.84 m, Y=-3.10 m, Width=0.22 m, Depth=0.46 m, Distance=5.75 m
[cluster_plot_node-13] [INFO] [1789803439.495516141] [lidar_clustering]: ID=5, X=4.67 m, Y=-2.00 m, Width=0.09 m, Depth=0.07 m, Distance=5.09 m
[cluster_plot_node-13] [INFO] [1789803439.495706217] [lidar_clustering]: ID=6, X=5.49 m, Y=-3.20 m, Width=0.04 m, Depth=0.15 m, Distance=6.35 m
[cluster_plot_node-13] [INFO] [1789803439.495888408] [lidar_clustering]: ID=7, X=4.05 m, Y=-4.28 m, Width=0.06 m, Depth=0.06 m, Distance=5.89 m
[cluster_plot_node-13] [INFO] [1789803439.496069477] [lidar_clustering]: FollowGap: mode=CLEAR, direction=STRAIGHT, front=8.00 m, best_angle=0.0 deg
[direct_localization_node-6] [INFO] [1789803439.823287371] [direct_localization]: pose: x=8.76 y=-32.85 yaw=160.8° v=-0.03m/s [헤딩 미정렬(10m직진 필요)]
[cluster_plot_node-13] [INFO] [1789803440.342249529] [lidar_clustering]: ID=1, X=1.98 m, Y=6.81 m, Width=0.31 m, Depth=3.60 m, Distance=7.09 m
[cluster_plot_node-13] [INFO] [1789803440.342466936] [lidar_clustering]: ID=2, X=4.91 m, Y=-3.04 m, Width=0.16 m, Depth=1.01 m, Distance=5.77 m
[cluster_plot_node-13] [INFO] [1789803440.342653826] [lidar_clustering]: ID=3, X=3.62 m, Y=-3.04 m, Width=0.05 m, Depth=0.04 m, Distance=4.72 m
[cluster_plot_node-13] [INFO] [1789803440.342841648] [lidar_clustering]: ID=4, X=5.27 m, Y=-3.11 m, Width=0.08 m, Depth=0.04 m, Distance=6.12 m
[cluster_plot_node-13] [INFO] [1789803440.343032205] [lidar_clustering]: ID=5, X=4.69 m, Y=-2.00 m, Width=0.10 m, Depth=0.04 m, Distance=5.09 m
[cluster_plot_node-13] [INFO] [1789803440.343215328] [lidar_clustering]: ID=6, X=5.60 m, Y=-3.16 m, Width=0.08 m, Depth=0.04 m, Distance=6.43 m
[cluster_plot_node-13] [INFO] [1789803440.343396728] [lidar_clustering]: ID=7, X=3.93 m, Y=-3.28 m, Width=0.94 m, Depth=0.62 m, Distance=5.12 m
[cluster_plot_node-13] [INFO] [1789803440.343576715] [lidar_clustering]: FollowGap: mode=CLEAR, direction=STRAIGHT, front=8.00 m, best_angle=0.0 deg
[cluster_plot_node-13] [INFO] [1789803440.343778724] [lidar_clustering]: points=221, clusters=5, tracks=7
[heading_init_node-5] [WARN] [1789803441.185599405] [gps_heading_init]: RTK 수렴 대기 중 — 공분산 없음 → status=1 로 판정 (RTK Fixed 는 2 이상). NTRIP 이 붙어도 수신기가 RTCM 을 안 먹으면 여기서 안 올라간다 — ublox 로그에 "degraded mode" 가 있는지 볼 것. 출발하지 않는다. ⚠ 여기서 출발하면 RTK 확정 순간의 좌표 점프를 직진으로 오인한다(2026-08-24 충돌 원인). 정말 무시하려면 require_rtk:=false.
[cluster_plot_node-13] [INFO] [1789803441.195606995] [lidar_clustering]: ID=1, X=1.98 m, Y=6.80 m, Width=0.31 m, Depth=3.59 m, Distance=7.09 m
[cluster_plot_node-13] [INFO] [1789803441.195818131] [lidar_clustering]: ID=2, X=3.94 m, Y=-3.25 m, Width=0.99 m, Depth=0.51 m, Distance=5.11 m
[cluster_plot_node-13] [INFO] [1789803441.195997517] [lidar_clustering]: ID=3, X=3.93 m, Y=-2.86 m, Width=0.44 m, Depth=0.26 m, Distance=4.86 m
[cluster_plot_node-13] [INFO] [1789803441.196178947] [lidar_clustering]: ID=4, X=4.83 m, Y=-3.06 m, Width=0.12 m, Depth=0.55 m, Distance=5.72 m
[cluster_plot_node-13] [INFO] [1789803441.196355277] [lidar_clustering]: ID=5, X=4.68 m, Y=-2.01 m, Width=0.13 m, Depth=0.06 m, Distance=5.10 m
[cluster_plot_node-13] [INFO] [1789803441.196529955] [lidar_clustering]: ID=6, X=5.45 m, Y=-3.16 m, Width=0.10 m, Depth=0.06 m, Distance=6.30 m
[cluster_plot_node-13] [INFO] [1789803441.196703891] [lidar_clustering]: ID=7, X=3.85 m, Y=-3.42 m, Width=0.39 m, Depth=0.72 m, Distance=5.15 m
[cluster_plot_node-13] [INFO] [1789803441.196878668] [lidar_clustering]: FollowGap: mode=CLEAR, direction=STRAIGHT, front=8.00 m, best_angle=0.0 deg
[vrs_ntrip_client-3] [INFO] [1789803441.716025710] [ngii_vrs_ntrip_client]: [NTRIP 연결됨] RTCM 20프레임 발행, GGA 실측(37.28858,127.10712)
[serial_bridge-12] [WARN] [1789803441.774601609] [serial_bridge_node]: ⚠ 공급전압 강하: VMIN=4137mV — 배터리/전원 확인
[local_pure_pursuit_node-9] [WARN] [1789803441.810997120] [local_pure_pursuit]: 정지: lookahead가 차량 뒤/너무 가까움 (헤딩 이상 가능)
[cluster_plot_node-13] [INFO] [1789803442.043377572] [lidar_clustering]: ID=1, X=1.98 m, Y=6.81 m, Width=0.31 m, Depth=3.59 m, Distance=7.09 m
[cluster_plot_node-13] [INFO] [1789803442.043675130] [lidar_clustering]: ID=2, X=3.85 m, Y=-2.76 m, Width=0.07 m, Depth=0.16 m, Distance=4.74 m
[cluster_plot_node-13] [INFO] [1789803442.043865717] [lidar_clustering]: ID=3, X=3.57 m, Y=-3.18 m, Width=0.04 m, Depth=0.03 m, Distance=4.78 m
[cluster_plot_node-13] [INFO] [1789803442.044050473] [lidar_clustering]: ID=4, X=4.79 m, Y=-3.05 m, Width=0.07 m, Depth=0.64 m, Distance=5.68 m
[cluster_plot_node-13] [INFO] [1789803442.044227625] [lidar_clustering]: ID=5, X=4.69 m, Y=-2.02 m, Width=0.17 m, Depth=0.06 m, Distance=5.10 m
[cluster_plot_node-13] [INFO] [1789803442.044400980] [lidar_clustering]: ID=6, X=5.40 m, Y=-3.13 m, Width=0.07 m, Depth=0.20 m, Distance=6.24 m
[cluster_plot_node-13] [INFO] [1789803442.044575106] [lidar_clustering]: ID=7, X=3.87 m, Y=-3.26 m, Width=0.97 m, Depth=0.58 m, Distance=5.06 m
[cluster_plot_node-13] [INFO] [1789803442.044758319] [lidar_clustering]: FollowGap: mode=CLEAR, direction=STRAIGHT, front=8.00 m, best_angle=0.0 deg
[cluster_plot_node-13] [INFO] [1789803442.044938978] [lidar_clustering]: points=220, clusters=5, tracks=7
[ublox_dgnss_node-1] [ERROR] [1789803442.472374773] [ublox_dgnss]: Parameter fetch TIMEOUT after 5 seconds! 10 parameters stuck in PARAM_VALGET:
[ublox_dgnss_node-1] [ERROR] [1789803442.472441418] [ublox_dgnss]:   Missing response: CFG_SEC_JAMDET_SENSITIVITY_HI
[ublox_dgnss_node-1] [ERROR] [1789803442.472447940] [ublox_dgnss]:   Missing response: CFG_SEC_SPOOFDET_SIM_SIG_DIS
[ublox_dgnss_node-1] [ERROR] [1789803442.472452860] [ublox_dgnss]:   Missing response: CFG_SIGNAL_BDS_B1_ENA
[ublox_dgnss_node-1] [ERROR] [1789803442.472457739] [ublox_dgnss]:   Missing response: CFG_SIGNAL_BDS_B2_ENA
[ublox_dgnss_node-1] [ERROR] [1789803442.472462478] [ublox_dgnss]:   Missing response: CFG_SIGNAL_GAL_E1_ENA
[ublox_dgnss_node-1] [ERROR] [1789803442.472466816] [ublox_dgnss]:   Missing response: CFG_SIGNAL_GAL_E5B_ENA
[ublox_dgnss_node-1] [ERROR] [1789803442.472471174] [ublox_dgnss]:   Missing response: CFG_SIGNAL_GLO_L1_ENA
[ublox_dgnss_node-1] [ERROR] [1789803442.472475502] [ublox_dgnss]:   Missing response: CFG_SIGNAL_GLO_L2_ENA
[ublox_dgnss_node-1] [ERROR] [1789803442.472480101] [ublox_dgnss]:   Missing response: CFG_SIGNAL_GPS_L1CA_ENA
[ublox_dgnss_node-1] [ERROR] [1789803442.472489458] [ublox_dgnss]:   Missing response: CFG_SIGNAL_GPS_L2C_ENA
[ublox_dgnss_node-1] [WARN] [1789803442.472493546] [ublox_dgnss]: Proceeding with partial parameter initialization (degraded mode)
[direct_localization_node-6] [INFO] [1789803442.823289407] [direct_localization]: pose: x=9.22 y=-33.90 yaw=160.8° v=0.02m/s [헤딩 미정렬(10m직진 필요)]
[cluster_plot_node-13] [INFO] [1789803442.891266049] [lidar_clustering]: ID=1, X=2.00 m, Y=6.81 m, Width=0.32 m, Depth=3.62 m, Distance=7.09 m
[cluster_plot_node-13] [INFO] [1789803442.891505769] [lidar_clustering]: ID=2, X=3.92 m, Y=-2.85 m, Width=0.23 m, Depth=0.19 m, Distance=4.85 m
[cluster_plot_node-13] [INFO] [1789803442.891691587] [lidar_clustering]: ID=3, X=4.44 m, Y=-3.03 m, Width=0.07 m, Depth=0.10 m, Distance=5.38 m
[cluster_plot_node-13] [INFO] [1789803442.891869791] [lidar_clustering]: ID=4, X=4.94 m, Y=-3.07 m, Width=0.10 m, Depth=0.37 m, Distance=5.81 m
[cluster_plot_node-13] [INFO] [1789803442.892053635] [lidar_clustering]: ID=5, X=4.68 m, Y=-2.01 m, Width=0.12 m, Depth=0.07 m, Distance=5.09 m
[cluster_plot_node-13] [INFO] [1789803442.892233692] [lidar_clustering]: ID=6, X=5.60 m, Y=-3.21 m, Width=0.08 m, Depth=0.22 m, Distance=6.46 m
[cluster_plot_node-13] [INFO] [1789803442.892411305] [lidar_clustering]: ID=7, X=4.10 m, Y=-3.34 m, Width=0.45 m, Depth=0.35 m, Distance=5.29 m
[cluster_plot_node-13] [INFO] [1789803442.892593757] [lidar_clustering]: FollowGap: mode=CLEAR, direction=STRAIGHT, front=8.00 m, best_angle=0.0 deg
[heading_init_node-5] [WARN] [1789803443.195823298] [gps_heading_init]: RTK 수렴 대기 중 — 공분산 없음 → status=1 로 판정 (RTK Fixed 는 2 이상). NTRIP 이 붙어도 수신기가 RTCM 을 안 먹으면 여기서 안 올라간다 — ublox 로그에 "degraded mode" 가 있는지 볼 것. 출발하지 않는다. ⚠ 여기서 출발하면 RTK 확정 순간의 좌표 점프를 직진으로 오인한다(2026-08-24 충돌 원인). 정말 무시하려면 require_rtk:=false.
[cluster_plot_node-13] [INFO] [1789803443.745144798] [lidar_clustering]: ID=1, X=1.98 m, Y=6.81 m, Width=0.30 m, Depth=3.59 m, Distance=7.09 m
[cluster_plot_node-13] [INFO] [1789803443.745413091] [lidar_clustering]: ID=2, X=3.88 m, Y=-2.76 m, Width=0.09 m, Depth=0.11 m, Distance=4.76 m
[cluster_plot_node-13] [INFO] [1789803443.745704417] [lidar_clustering]: ID=3, X=4.53 m, Y=-3.02 m, Width=0.08 m, Depth=0.11 m, Distance=5.44 m
[cluster_plot_node-13] [INFO] [1789803443.745958423] [lidar_clustering]: ID=4, X=4.94 m, Y=-3.07 m, Width=0.14 m, Depth=0.35 m, Distance=5.81 m
[cluster_plot_node-13] [INFO] [1789803443.746152777] [lidar_clustering]: ID=5, X=4.68 m, Y=-2.01 m, Width=0.10 m, Depth=0.07 m, Distance=5.09 m
[cluster_plot_node-13] [INFO] [1789803443.746330049] [lidar_clustering]: ID=6, X=5.51 m, Y=-3.17 m, Width=0.05 m, Depth=0.16 m, Distance=6.36 m
[cluster_plot_node-13] [INFO] [1789803443.746501520] [lidar_clustering]: ID=7, X=3.65 m, Y=-3.61 m, Width=0.07 m, Depth=0.18 m, Distance=5.13 m
[cluster_plot_node-13] [INFO] [1789803443.746673242] [lidar_clustering]: ID=8, X=3.89 m, Y=-3.36 m, Width=0.65 m, Depth=0.67 m, Distance=5.14 m
[cluster_plot_node-13] [INFO] [1789803443.746851376] [lidar_clustering]: FollowGap: mode=CLEAR, direction=STRAIGHT, front=8.00 m, best_angle=0.0 deg
[cluster_plot_node-13] [INFO] [1789803443.747031273] [lidar_clustering]: points=218, clusters=7, tracks=8
[cluster_plot_node-13] [INFO] [1789803444.592554434] [lidar_clustering]: ID=1, X=1.98 m, Y=6.81 m, Width=0.32 m, Depth=3.59 m, Distance=7.09 m
[cluster_plot_node-13] [INFO] [1789803444.592774397] [lidar_clustering]: ID=2, X=3.90 m, Y=-2.79 m, Width=0.21 m, Depth=0.14 m, Distance=4.79 m
[cluster_plot_node-13] [INFO] [1789803444.592955486] [lidar_clustering]: ID=3, X=4.75 m, Y=-3.07 m, Width=0.07 m, Depth=0.62 m, Distance=5.66 m
[cluster_plot_node-13] [INFO] [1789803444.593148407] [lidar_clustering]: ID=4, X=5.01 m, Y=-3.07 m, Width=0.12 m, Depth=0.44 m, Distance=5.87 m
[cluster_plot_node-13] [INFO] [1789803444.593324597] [lidar_clustering]: ID=5, X=4.68 m, Y=-2.00 m, Width=0.11 m, Depth=0.06 m, Distance=5.09 m
[cluster_plot_node-13] [INFO] [1789803444.593498293] [lidar_clustering]: ID=6, X=5.59 m, Y=-3.22 m, Width=0.08 m, Depth=0.05 m, Distance=6.45 m
[cluster_plot_node-13] [INFO] [1789803444.593672730] [lidar_clustering]: ID=8, X=3.93 m, Y=-3.41 m, Width=0.56 m, Depth=0.57 m, Distance=5.20 m
[cluster_plot_node-13] [INFO] [1789803444.593845544] [lidar_clustering]: FollowGap: mode=CLEAR, direction=STRAIGHT, front=8.00 m, best_angle=0.0 deg
[serial_bridge-12] [WARN] [1789803444.781015835] [serial_bridge_node]: ⚠ 공급전압 강하: VMIN=4137mV — 배터리/전원 확인
[heading_init_node-5] [WARN] [1789803445.285621603] [gps_heading_init]: RTK 수렴 대기 중 — 수평 σ=7.9cm (상한 5cm), status=1. 출발하지 않는다. ⚠ 여기서 출발하면 RTK 확정 순간의 좌표 점프를 직진으로 오인한다(2026-08-24 충돌 원인). 정말 무시하려면 require_rtk:=false.
[cluster_plot_node-13] [INFO] [1789803445.445370107] [lidar_clustering]: ID=1, X=1.98 m, Y=6.81 m, Width=0.30 m, Depth=3.59 m, Distance=7.09 m
[cluster_plot_node-13] [INFO] [1789803445.445588486] [lidar_clustering]: ID=2, X=5.24 m, Y=-3.12 m, Width=0.10 m, Depth=0.06 m, Distance=6.10 m
[cluster_plot_node-13] [INFO] [1789803445.445768173] [lidar_clustering]: ID=3, X=3.90 m, Y=-3.35 m, Width=0.97 m, Depth=0.66 m, Distance=5.14 m
[cluster_plot_node-13] [INFO] [1789803445.445944233] [lidar_clustering]: ID=4, X=4.55 m, Y=-3.04 m, Width=0.07 m, Depth=0.10 m, Distance=5.47 m
[cluster_plot_node-13] [INFO] [1789803445.446135531] [lidar_clustering]: ID=5, X=4.67 m, Y=-2.00 m, Width=0.07 m, Depth=0.06 m, Distance=5.08 m
[cluster_plot_node-13] [INFO] [1789803445.446329284] [lidar_clustering]: ID=6, X=4.83 m, Y=-3.13 m, Width=0.34 m, Depth=0.64 m, Distance=5.76 m
[cluster_plot_node-13] [INFO] [1789803445.446503852] [lidar_clustering]: ID=7, X=3.60 m, Y=-3.62 m, Width=0.14 m, Depth=0.14 m, Distance=5.10 m
[cluster_plot_node-13] [INFO] [1789803445.446675633] [lidar_clustering]: ID=8, X=3.77 m, Y=-2.87 m, Width=0.08 m, Depth=0.21 m, Distance=4.73 m
[cluster_plot_node-13] [INFO] [1789803445.446847776] [lidar_clustering]: FollowGap: mode=CLEAR, direction=STRAIGHT, front=8.00 m, best_angle=0.0 deg
[cluster_plot_node-13] [INFO] [1789803445.447024277] [lidar_clustering]: points=182, clusters=5, tracks=8
[direct_localization_node-6] [INFO] [1789803445.823134991] [direct_localization]: pose: x=9.19 y=-33.90 yaw=160.9° v=0.03m/s [헤딩 미정렬(10m직진 필요)]
[local_pure_pursuit_node-9] [WARN] [1789803446.123722852] [local_pure_pursuit]: odom 속도 4.0m/s — 비현실적이라 버린다 (직전 0.02 유지, 누적 1회). EKF twist 스파이크로 보이며 위치는 보통 멀쩡하다.
[cluster_plot_node-13] [INFO] [1789803446.293215776] [lidar_clustering]: ID=1, X=1.97 m, Y=6.80 m, Width=0.34 m, Depth=3.57 m, Distance=7.08 m
[cluster_plot_node-13] [INFO] [1789803446.293433875] [lidar_clustering]: ID=2, X=5.37 m, Y=-3.13 m, Width=0.08 m, Depth=0.03 m, Distance=6.21 m
[cluster_plot_node-13] [INFO] [1789803446.293633138] [lidar_clustering]: ID=3, X=3.94 m, Y=-3.11 m, Width=0.08 m, Depth=0.12 m, Distance=5.02 m
[cluster_plot_node-13] [INFO] [1789803446.293829396] [lidar_clustering]: ID=4, X=4.38 m, Y=-3.31 m, Width=0.62 m, Depth=2.10 m, Distance=5.49 m
[cluster_plot_node-13] [INFO] [1789803446.294036223] [lidar_clustering]: ID=5, X=4.68 m, Y=-2.02 m, Width=0.13 m, Depth=0.06 m, Distance=5.10 m
[cluster_plot_node-13] [INFO] [1789803446.294232531] [lidar_clustering]: ID=6, X=4.88 m, Y=-3.10 m, Width=0.19 m, Depth=0.37 m, Distance=5.78 m
[cluster_plot_node-13] [INFO] [1789803446.294425132] [lidar_clustering]: ID=7, X=3.59 m, Y=-3.34 m, Width=0.05 m, Depth=0.05 m, Distance=4.90 m
[cluster_plot_node-13] [INFO] [1789803446.294618855] [lidar_clustering]: ID=8, X=3.86 m, Y=-2.74 m, Width=0.06 m, Depth=0.17 m, Distance=4.73 m
[cluster_plot_node-13] [INFO] [1789803446.294816134] [lidar_clustering]: FollowGap: mode=CLEAR, direction=STRAIGHT, front=8.00 m, best_angle=0.0 deg
[vrs_ntrip_client-3] [INFO] [1789803446.715885921] [ngii_vrs_ntrip_client]: [NTRIP 연결됨] RTCM 48프레임 발행, GGA 실측(37.28859,127.10711)
[local_pure_pursuit_node-9] [WARN] [1789803446.811092136] [local_pure_pursuit]: 정지: lookahead가 차량 뒤/너무 가까움 (헤딩 이상 가능)
[cluster_plot_node-13] [INFO] [1789803447.140990459] [lidar_clustering]: ID=1, X=1.97 m, Y=6.80 m, Width=0.30 m, Depth=3.57 m, Distance=7.08 m
[cluster_plot_node-13] [INFO] [1789803447.141217184] [lidar_clustering]: ID=2, X=5.36 m, Y=-3.12 m, Width=0.09 m, Depth=0.07 m, Distance=6.20 m
[cluster_plot_node-13] [INFO] [1789803447.141398604] [lidar_clustering]: ID=3, X=4.03 m, Y=-3.18 m, Width=0.84 m, Depth=0.49 m, Distance=5.14 m
[cluster_plot_node-13] [INFO] [1789803447.141566348] [lidar_clustering]: ID=4, X=4.47 m, Y=-3.29 m, Width=0.05 m, Depth=0.04 m, Distance=5.55 m
[cluster_plot_node-13] [INFO] [1789803447.141733061] [lidar_clustering]: ID=5, X=4.68 m, Y=-1.99 m, Width=0.09 m, Depth=0.06 m, Distance=5.09 m
[cluster_plot_node-13] [INFO] [1789803447.141901065] [lidar_clustering]: ID=6, X=4.87 m, Y=-3.09 m, Width=0.20 m, Depth=0.33 m, Distance=5.76 m
[cluster_plot_node-13] [INFO] [1789803447.142069110] [lidar_clustering]: ID=7, X=3.89 m, Y=-3.41 m, Width=0.81 m, Depth=0.49 m, Distance=5.17 m
[cluster_plot_node-13] [INFO] [1789803447.142235221] [lidar_clustering]: ID=8, X=3.88 m, Y=-2.74 m, Width=0.04 m, Depth=0.14 m, Distance=4.75 m
[cluster_plot_node-13] [INFO] [1789803447.142402785] [lidar_clustering]: FollowGap: mode=CLEAR, direction=STRAIGHT, front=8.00 m, best_angle=0.0 deg
[cluster_plot_node-13] [INFO] [1789803447.142568867] [lidar_clustering]: points=213, clusters=7, tracks=8
[heading_init_node-5] [WARN] [1789803447.285829301] [gps_heading_init]: RTK 수렴 대기 중 — 수평 σ=7.9cm (상한 5cm), status=1. 출발하지 않는다. ⚠ 여기서 출발하면 RTK 확정 순간의 좌표 점프를 직진으로 오인한다(2026-08-24 충돌 원인). 정말 무시하려면 require_rtk:=false.
[serial_bridge-12] [WARN] [1789803447.791380334] [serial_bridge_node]: ⚠ 공급전압 강하: VMIN=4137mV — 배터리/전원 확인
[cluster_plot_node-13] [INFO] [1789803447.993876958] [lidar_clustering]: ID=1, X=1.97 m, Y=6.81 m, Width=0.31 m, Depth=3.57 m, Distance=7.09 m
[cluster_plot_node-13] [INFO] [1789803447.994099555] [lidar_clustering]: ID=2, X=5.48 m, Y=-3.20 m, Width=0.04 m, Depth=0.06 m, Distance=6.35 m
[cluster_plot_node-13] [INFO] [1789803447.994279943] [lidar_clustering]: ID=3, X=3.94 m, Y=-3.43 m, Width=0.54 m, Depth=0.60 m, Distance=5.22 m
[cluster_plot_node-13] [INFO] [1789803447.994455422] [lidar_clustering]: ID=4, X=4.52 m, Y=-3.04 m, Width=0.07 m, Depth=0.06 m, Distance=5.45 m
[cluster_plot_node-13] [INFO] [1789803447.994628557] [lidar_clustering]: ID=5, X=4.67 m, Y=-1.99 m, Width=0.07 m, Depth=0.06 m, Distance=5.08 m
[cluster_plot_node-13] [INFO] [1789803447.994813684] [lidar_clustering]: ID=6, X=5.00 m, Y=-3.07 m, Width=0.08 m, Depth=0.43 m, Distance=5.87 m
[cluster_plot_node-13] [INFO] [1789803447.994997448] [lidar_clustering]: ID=8, X=3.93 m, Y=-2.84 m, Width=0.33 m, Depth=0.20 m, Distance=4.85 m
[cluster_plot_node-13] [INFO] [1789803447.995190029] [lidar_clustering]: FollowGap: mode=CLEAR, direction=STRAIGHT, front=8.00 m, best_angle=0.0 deg
[direct_localization_node-6] [INFO] [1789803448.823127460] [direct_localization]: pose: x=8.83 y=-33.58 yaw=160.9° v=0.01m/s [헤딩 미정렬(10m직진 필요)]
[cluster_plot_node-13] [INFO] [1789803448.842252304] [lidar_clustering]: ID=1, X=1.98 m, Y=6.80 m, Width=0.32 m, Depth=3.59 m, Distance=7.09 m
[cluster_plot_node-13] [INFO] [1789803448.842545564] [lidar_clustering]: ID=2, X=5.58 m, Y=-3.22 m, Width=0.05 m, Depth=0.09 m, Distance=6.44 m
[cluster_plot_node-13] [INFO] [1789803448.842828013] [lidar_clustering]: ID=3, X=3.90 m, Y=-2.86 m, Width=0.08 m, Depth=0.17 m, Distance=4.83 m
[cluster_plot_node-13] [INFO] [1789803448.843104551] [lidar_clustering]: ID=4, X=4.92 m, Y=-3.11 m, Width=0.29 m, Depth=0.94 m, Distance=5.82 m
[cluster_plot_node-13] [INFO] [1789803448.843364899] [lidar_clustering]: ID=5, X=4.67 m, Y=-2.02 m, Width=0.12 m, Depth=0.08 m, Distance=5.09 m
[cluster_plot_node-13] [INFO] [1789803448.843617603] [lidar_clustering]: ID=6, X=5.35 m, Y=-3.14 m, Width=0.11 m, Depth=0.07 m, Distance=6.20 m
[cluster_plot_node-13] [INFO] [1789803448.843871188] [lidar_clustering]: ID=7, X=3.83 m, Y=-3.44 m, Width=0.68 m, Depth=0.56 m, Distance=5.15 m
[cluster_plot_node-13] [INFO] [1789803448.844127698] [lidar_clustering]: ID=8, X=4.51 m, Y=-3.07 m, Width=0.10 m, Depth=0.05 m, Distance=5.45 m
[cluster_plot_node-13] [INFO] [1789803448.844375182] [lidar_clustering]: FollowGap: mode=CLEAR, direction=STRAIGHT, front=8.00 m, best_angle=0.0 deg
[cluster_plot_node-13] [INFO] [1789803448.844625110] [lidar_clustering]: points=225, clusters=5, tracks=8
[heading_init_node-5] [WARN] [1789803449.385760968] [gps_heading_init]: RTK 수렴 대기 중 — 수평 σ=7.9cm (상한 5cm), status=1. 출발하지 않는다. ⚠ 여기서 출발하면 RTK 확정 순간의 좌표 점프를 직진으로 오인한다(2026-08-24 충돌 원인). 정말 무시하려면 require_rtk:=false.
[cluster_plot_node-13] [INFO] [1789803449.688704184] [lidar_clustering]: ID=1, X=1.98 m, Y=6.81 m, Width=0.32 m, Depth=3.60 m, Distance=7.09 m
[cluster_plot_node-13] [INFO] [1789803449.688915420] [lidar_clustering]: ID=2, X=5.40 m, Y=-3.12 m, Width=0.10 m, Depth=0.27 m, Distance=6.24 m
[cluster_plot_node-13] [INFO] [1789803449.689097100] [lidar_clustering]: ID=3, X=3.75 m, Y=-2.81 m, Width=0.07 m, Depth=0.15 m, Distance=4.68 m
[cluster_plot_node-13] [INFO] [1789803449.689276507] [lidar_clustering]: ID=4, X=4.54 m, Y=-3.02 m, Width=0.12 m, Depth=0.13 m, Distance=5.46 m
[cluster_plot_node-13] [INFO] [1789803449.689454530] [lidar_clustering]: ID=5, X=4.68 m, Y=-2.00 m, Width=0.07 m, Depth=0.06 m, Distance=5.09 m
[cluster_plot_node-13] [INFO] [1789803449.689694620] [lidar_clustering]: ID=6, X=4.97 m, Y=-3.06 m, Width=0.11 m, Depth=0.39 m, Distance=5.83 m
[cluster_plot_node-13] [INFO] [1789803449.689960789] [lidar_clustering]: ID=7, X=3.76 m, Y=-3.53 m, Width=0.28 m, Depth=0.48 m, Distance=5.16 m
[cluster_plot_node-13] [INFO] [1789803449.690187604] [lidar_clustering]: ID=8, X=3.89 m, Y=-3.19 m, Width=0.85 m, Depth=0.39 m, Distance=5.03 m
[cluster_plot_node-13] [INFO] [1789803449.690375015] [lidar_clustering]: FollowGap: mode=CLEAR, direction=STRAIGHT, front=8.00 m, best_angle=0.0 deg
[cluster_plot_node-13] [INFO] [1789803450.542956628] [lidar_clustering]: ID=1, X=1.98 m, Y=6.81 m, Width=0.33 m, Depth=3.57 m, Distance=7.09 m
[cluster_plot_node-13] [INFO] [1789803450.543185086] [lidar_clustering]: ID=2, X=5.20 m, Y=-3.13 m, Width=0.14 m, Depth=0.60 m, Distance=6.06 m
[cluster_plot_node-13] [INFO] [1789803450.543367858] [lidar_clustering]: ID=3, X=3.87 m, Y=-2.75 m, Width=0.05 m, Depth=0.16 m, Distance=4.75 m
[cluster_plot_node-13] [INFO] [1789803450.543540301] [lidar_clustering]: ID=4, X=4.35 m, Y=-3.79 m, Width=0.06 m, Depth=0.14 m, Distance=5.77 m
[cluster_plot_node-13] [INFO] [1789803450.543720810] [lidar_clustering]: ID=5, X=4.67 m, Y=-2.02 m, Width=0.11 m, Depth=0.10 m, Distance=5.09 m
[cluster_plot_node-13] [INFO] [1789803450.544015602] [lidar_clustering]: ID=6, X=4.65 m, Y=-3.05 m, Width=0.08 m, Depth=0.09 m, Distance=5.56 m
[cluster_plot_node-13] [INFO] [1789803450.544270710] [lidar_clustering]: ID=7, X=3.92 m, Y=-3.34 m, Width=1.08 m, Depth=0.68 m, Distance=5.15 m
[cluster_plot_node-13] [INFO] [1789803450.544457380] [lidar_clustering]: FollowGap: mode=CLEAR, direction=STRAIGHT, front=8.00 m, best_angle=0.0 deg
[cluster_plot_node-13] [INFO] [1789803450.544634111] [lidar_clustering]: points=217, clusters=5, tracks=7
[serial_bridge-12] [WARN] [1789803450.797903686] [serial_bridge_node]: ⚠ 공급전압 강하: VMIN=4137mV — 배터리/전원 확인
[cluster_plot_node-13] [INFO] [1789803451.390008317] [lidar_clustering]: ID=1, X=1.97 m, Y=6.81 m, Width=0.30 m, Depth=3.56 m, Distance=7.09 m
[cluster_plot_node-13] [INFO] [1789803451.390242876] [lidar_clustering]: ID=2, X=4.82 m, Y=-3.08 m, Width=0.25 m, Depth=0.69 m, Distance=5.72 m
[cluster_plot_node-13] [INFO] [1789803451.390455825] [lidar_clustering]: ID=3, X=3.86 m, Y=-2.75 m, Width=0.15 m, Depth=0.09 m, Distance=4.74 m
[cluster_plot_node-13] [INFO] [1789803451.390640712] [lidar_clustering]: ID=4, X=4.19 m, Y=-3.82 m, Width=0.04 m, Depth=0.04 m, Distance=5.67 m
[cluster_plot_node-13] [INFO] [1789803451.390827582] [lidar_clustering]: ID=5, X=4.67 m, Y=-2.01 m, Width=0.14 m, Depth=0.08 m, Distance=5.09 m
[cluster_plot_node-13] [INFO] [1789803451.391010314] [lidar_clustering]: ID=6, X=4.52 m, Y=-2.98 m, Width=0.15 m, Depth=0.04 m, Distance=5.42 m
[cluster_plot_node-13] [INFO] [1789803451.391247829] [lidar_clustering]: ID=7, X=3.86 m, Y=-3.28 m, Width=1.03 m, Depth=0.44 m, Distance=5.06 m
[cluster_plot_node-13] [INFO] [1789803451.391495844] [lidar_clustering]: ID=9, X=5.39 m, Y=-3.14 m, Width=0.08 m, Depth=0.04 m, Distance=6.23 m
[cluster_plot_node-13] [INFO] [1789803451.391737998] [lidar_clustering]: FollowGap: mode=CLEAR, direction=STRAIGHT, front=8.00 m, best_angle=0.0 deg
[heading_init_node-5] [WARN] [1789803451.395780963] [gps_heading_init]: RTK 수렴 대기 중 — 수평 σ=7.9cm (상한 5cm), status=1. 출발하지 않는다. ⚠ 여기서 출발하면 RTK 확정 순간의 좌표 점프를 직진으로 오인한다(2026-08-24 충돌 원인). 정말 무시하려면 require_rtk:=false.
[vrs_ntrip_client-3] [INFO] [1789803451.716102679] [ngii_vrs_ntrip_client]: [NTRIP 연결됨] RTCM 68프레임 발행, GGA 실측(37.28859,127.10711)
[direct_localization_node-6] [INFO] [1789803451.823215549] [direct_localization]: pose: x=8.84 y=-33.58 yaw=160.7° v=-0.02m/s [헤딩 미정렬(10m직진 필요)]
[local_pure_pursuit_node-9] [WARN] [1789803451.861065891] [local_pure_pursuit]: 정지: lookahead가 차량 뒤/너무 가까움 (헤딩 이상 가능)
[cluster_plot_node-13] [INFO] [1789803452.237589616] [lidar_clustering]: ID=1, X=1.98 m, Y=6.81 m, Width=0.30 m, Depth=3.59 m, Distance=7.09 m
[cluster_plot_node-13] [INFO] [1789803452.237808516] [lidar_clustering]: ID=2, X=4.82 m, Y=-3.05 m, Width=0.09 m, Depth=0.60 m, Distance=5.71 m
[cluster_plot_node-13] [INFO] [1789803452.237988644] [lidar_clustering]: ID=3, X=3.86 m, Y=-2.77 m, Width=0.12 m, Depth=0.18 m, Distance=4.75 m
[cluster_plot_node-13] [INFO] [1789803452.238180794] [lidar_clustering]: ID=4, X=4.38 m, Y=-4.06 m, Width=0.06 m, Depth=0.06 m, Distance=5.97 m
[cluster_plot_node-13] [INFO] [1789803452.238357375] [lidar_clustering]: ID=5, X=4.68 m, Y=-2.00 m, Width=0.11 m, Depth=0.05 m, Distance=5.09 m
[cluster_plot_node-13] [INFO] [1789803452.238530910] [lidar_clustering]: ID=6, X=4.56 m, Y=-3.04 m, Width=0.08 m, Depth=0.11 m, Distance=5.48 m
[cluster_plot_node-13] [INFO] [1789803452.238705777] [lidar_clustering]: ID=7, X=3.88 m, Y=-3.41 m, Width=0.77 m, Depth=0.47 m, Distance=5.16 m
[cluster_plot_node-13] [INFO] [1789803452.238878381] [lidar_clustering]: ID=8, X=3.60 m, Y=-3.50 m, Width=0.07 m, Depth=0.14 m, Distance=5.02 m
[cluster_plot_node-13] [INFO] [1789803452.239053940] [lidar_clustering]: ID=9, X=5.09 m, Y=-3.08 m, Width=0.13 m, Depth=0.37 m, Distance=5.95 m
[cluster_plot_node-13] [INFO] [1789803452.239226653] [lidar_clustering]: ID=10, X=5.41 m, Y=-3.17 m, Width=0.08 m, Depth=0.21 m, Distance=6.27 m
[cluster_plot_node-13] [INFO] [1789803452.239400710] [lidar_clustering]: FollowGap: mode=CLEAR, direction=STRAIGHT, front=8.00 m, best_angle=0.0 deg
[cluster_plot_node-13] [INFO] [1789803452.239573704] [lidar_clustering]: points=214, clusters=5, tracks=10
[cluster_plot_node-13] [INFO] [1789803453.085047091] [lidar_clustering]: ID=1, X=1.98 m, Y=6.81 m, Width=0.31 m, Depth=3.59 m, Distance=7.09 m
[cluster_plot_node-13] [INFO] [1789803453.085291449] [lidar_clustering]: ID=2, X=4.80 m, Y=-3.06 m, Width=0.17 m, Depth=0.46 m, Distance=5.69 m
[cluster_plot_node-13] [INFO] [1789803453.085492636] [lidar_clustering]: ID=3, X=3.86 m, Y=-2.76 m, Width=0.14 m, Depth=0.13 m, Distance=4.75 m
[cluster_plot_node-13] [INFO] [1789803453.085682281] [lidar_clustering]: ID=5, X=4.67 m, Y=-2.01 m, Width=0.09 m, Depth=0.07 m, Distance=5.08 m
[cluster_plot_node-13] [INFO] [1789803453.085864162] [lidar_clustering]: ID=6, X=4.42 m, Y=-3.22 m, Width=0.05 m, Depth=0.03 m, Distance=5.47 m
[cluster_plot_node-13] [INFO] [1789803453.086057154] [lidar_clustering]: ID=7, X=3.84 m, Y=-3.39 m, Width=0.58 m, Depth=0.50 m, Distance=5.12 m
[cluster_plot_node-13] [INFO] [1789803453.086240257] [lidar_clustering]: ID=9, X=4.97 m, Y=-3.08 m, Width=0.14 m, Depth=0.39 m, Distance=5.85 m
[cluster_plot_node-13] [INFO] [1789803453.086425334] [lidar_clustering]: ID=10, X=5.43 m, Y=-3.13 m, Width=0.08 m, Depth=0.11 m, Distance=6.27 m
[cluster_plot_node-13] [INFO] [1789803453.086608076] [lidar_clustering]: FollowGap: mode=CLEAR, direction=STRAIGHT, front=8.00 m, best_angle=0.0 deg
[heading_init_node-5] [INFO] [1789803453.395707491] [gps_heading_init]: RTK 수렴 (수평 σ=0.8cm (상한 5cm), status=1) — 헤딩 캘리브를 시작한다.
[heading_init_node-5] [INFO] [1789803453.395961677] [gps_heading_init]: 시작점 기록: (37.2885858, 127.1071133). 직진 시작하세요.
[heading_init_node-5] [WARN] [1789803453.419123376] [gps_heading_init]: 자동 직진 5초 전... (E-stop 준비)
[vehicle_cmd_mux-11] [INFO] [1789803453.459286111] [vehicle_cmd_mux]: 모드: TELEOP
[heading_init_node-5] [INFO] [1789803453.485698962] [gps_heading_init]: 직진 중... 0.0/10m
[serial_bridge-12] [WARN] [1789803453.812468517] [serial_bridge_node]: ⚠ 공급전압 강하: VMIN=4167mV — 배터리/전원 확인
[cluster_plot_node-13] [INFO] [1789803453.932571560] [lidar_clustering]: ID=1, X=1.99 m, Y=6.81 m, Width=0.31 m, Depth=3.59 m, Distance=7.09 m
[cluster_plot_node-13] [INFO] [1789803453.932796572] [lidar_clustering]: ID=2, X=4.53 m, Y=-3.02 m, Width=0.13 m, Depth=0.08 m, Distance=5.44 m
[cluster_plot_node-13] [INFO] [1789803453.932985776] [lidar_clustering]: ID=3, X=3.92 m, Y=-2.82 m, Width=0.08 m, Depth=0.09 m, Distance=4.83 m
[cluster_plot_node-13] [INFO] [1789803453.933172706] [lidar_clustering]: ID=5, X=4.67 m, Y=-2.01 m, Width=0.10 m, Depth=0.07 m, Distance=5.08 m
[cluster_plot_node-13] [INFO] [1789803453.933351902] [lidar_clustering]: ID=6, X=3.97 m, Y=-3.37 m, Width=0.67 m, Depth=0.52 m, Distance=5.21 m
[cluster_plot_node-13] [INFO] [1789803453.933534725] [lidar_clustering]: ID=7, X=3.55 m, Y=-3.19 m, Width=0.05 m, Depth=0.04 m, Distance=4.78 m
[cluster_plot_node-13] [INFO] [1789803453.933714231] [lidar_clustering]: ID=8, X=3.65 m, Y=-3.65 m, Width=0.22 m, Depth=0.11 m, Distance=5.16 m
[cluster_plot_node-13] [INFO] [1789803453.933898987] [lidar_clustering]: ID=9, X=4.87 m, Y=-3.07 m, Width=0.17 m, Depth=0.83 m, Distance=5.76 m
[cluster_plot_node-13] [INFO] [1789803453.934084936] [lidar_clustering]: ID=10, X=5.19 m, Y=-3.10 m, Width=0.21 m, Depth=0.78 m, Distance=6.05 m
[cluster_plot_node-13] [INFO] [1789803453.934274230] [lidar_clustering]: FollowGap: mode=CLEAR, direction=STRAIGHT, front=8.00 m, best_angle=0.0 deg
[cluster_plot_node-13] [INFO] [1789803453.934468414] [lidar_clustering]: points=209, clusters=6, tracks=9
[heading_init_node-5] [WARN] [1789803454.419149871] [gps_heading_init]: 자동 직진 4초 전... (E-stop 준비)
[cluster_plot_node-13] [INFO] [1789803454.786966751] [lidar_clustering]: ID=1, X=1.99 m, Y=6.81 m, Width=0.30 m, Depth=3.59 m, Distance=7.09 m
[cluster_plot_node-13] [INFO] [1789803454.787194188] [lidar_clustering]: ID=2, X=4.68 m, Y=-3.11 m, Width=0.35 m, Depth=0.65 m, Distance=5.62 m
[cluster_plot_node-13] [INFO] [1789803454.787374746] [lidar_clustering]: ID=3, X=3.85 m, Y=-2.75 m, Width=0.07 m, Depth=0.19 m, Distance=4.73 m
[cluster_plot_node-13] [INFO] [1789803454.787579179] [lidar_clustering]: ID=5, X=4.67 m, Y=-2.02 m, Width=0.12 m, Depth=0.09 m, Distance=5.09 m
[cluster_plot_node-13] [INFO] [1789803454.787768975] [lidar_clustering]: ID=6, X=3.86 m, Y=-3.42 m, Width=0.57 m, Depth=0.63 m, Distance=5.15 m
[cluster_plot_node-13] [INFO] [1789803454.787948311] [lidar_clustering]: ID=9, X=5.25 m, Y=-3.11 m, Width=0.06 m, Depth=0.03 m, Distance=6.10 m
[cluster_plot_node-13] [INFO] [1789803454.788132836] [lidar_clustering]: ID=10, X=5.56 m, Y=-3.20 m, Width=0.04 m, Depth=0.13 m, Distance=6.42 m
[cluster_plot_node-13] [INFO] [1789803454.788307524] [lidar_clustering]: FollowGap: mode=CLEAR, direction=STRAIGHT, front=8.00 m, best_angle=0.0 deg
[direct_localization_node-6] [INFO] [1789803454.823231413] [direct_localization]: pose: x=8.83 y=-33.58 yaw=160.7° v=-0.01m/s [헤딩 미정렬(10m직진 필요)]
[heading_init_node-5] [WARN] [1789803455.419235897] [gps_heading_init]: 자동 직진 3초 전... (E-stop 준비)
[cluster_plot_node-13] [INFO] [1789803455.633558549] [lidar_clustering]: ID=1, X=1.98 m, Y=6.81 m, Width=0.31 m, Depth=3.57 m, Distance=7.09 m
[cluster_plot_node-13] [INFO] [1789803455.633800472] [lidar_clustering]: ID=2, X=4.49 m, Y=-3.00 m, Width=0.11 m, Depth=0.07 m, Distance=5.40 m
[cluster_plot_node-13] [INFO] [1789803455.634191415] [lidar_clustering]: ID=3, X=3.90 m, Y=-2.80 m, Width=0.23 m, Depth=0.13 m, Distance=4.80 m
[cluster_plot_node-13] [INFO] [1789803455.634391379] [lidar_clustering]: ID=5, X=4.67 m, Y=-2.02 m, Width=0.12 m, Depth=0.09 m, Distance=5.09 m
[cluster_plot_node-13] [INFO] [1789803455.634568351] [lidar_clustering]: ID=6, X=3.97 m, Y=-3.25 m, Width=0.99 m, Depth=0.34 m, Distance=5.13 m
[cluster_plot_node-13] [INFO] [1789803455.634744461] [lidar_clustering]: ID=8, X=3.64 m, Y=-3.63 m, Width=0.37 m, Depth=0.11 m, Distance=5.14 m
[cluster_plot_node-13] [INFO] [1789803455.634916323] [lidar_clustering]: ID=9, X=4.90 m, Y=-3.05 m, Width=0.08 m, Depth=0.39 m, Distance=5.77 m
[cluster_plot_node-13] [INFO] [1789803455.635090469] [lidar_clustering]: ID=10, X=5.52 m, Y=-3.19 m, Width=0.06 m, Depth=0.17 m, Distance=6.38 m
[cluster_plot_node-13] [INFO] [1789803455.635261931] [lidar_clustering]: FollowGap: mode=CLEAR, direction=STRAIGHT, front=8.00 m, best_angle=0.0 deg
[cluster_plot_node-13] [INFO] [1789803455.635429765] [lidar_clustering]: points=142, clusters=2, tracks=8
[heading_init_node-5] [WARN] [1789803456.419128983] [gps_heading_init]: 자동 직진 2초 전... (E-stop 준비)
[cluster_plot_node-13] [INFO] [1789803456.481547843] [lidar_clustering]: ID=1, X=1.99 m, Y=6.81 m, Width=0.31 m, Depth=3.59 m, Distance=7.09 m
[cluster_plot_node-13] [INFO] [1789803456.481765881] [lidar_clustering]: ID=2, X=3.60 m, Y=-3.03 m, Width=0.05 m, Depth=0.04 m, Distance=4.71 m
[cluster_plot_node-13] [INFO] [1789803456.481946009] [lidar_clustering]: ID=3, X=3.86 m, Y=-2.75 m, Width=0.07 m, Depth=0.21 m, Distance=4.74 m
[cluster_plot_node-13] [INFO] [1789803456.482122399] [lidar_clustering]: ID=5, X=4.68 m, Y=-2.00 m, Width=0.07 m, Depth=0.07 m, Distance=5.09 m
[cluster_plot_node-13] [INFO] [1789803456.482290775] [lidar_clustering]: ID=6, X=3.93 m, Y=-3.42 m, Width=0.55 m, Depth=0.55 m, Distance=5.21 m
[cluster_plot_node-13] [INFO] [1789803456.482457748] [lidar_clustering]: ID=8, X=4.29 m, Y=-3.35 m, Width=0.79 m, Depth=1.81 m, Distance=5.44 m
[cluster_plot_node-13] [INFO] [1789803456.482625782] [lidar_clustering]: ID=9, X=4.83 m, Y=-3.11 m, Width=0.36 m, Depth=0.88 m, Distance=5.75 m
[cluster_plot_node-13] [INFO] [1789803456.482794479] [lidar_clustering]: ID=10, X=5.57 m, Y=-3.19 m, Width=0.07 m, Depth=0.11 m, Distance=6.42 m
[cluster_plot_node-13] [INFO] [1789803456.482962904] [lidar_clustering]: FollowGap: mode=CLEAR, direction=STRAIGHT, front=8.00 m, best_angle=0.0 deg
[vrs_ntrip_client-3] [INFO] [1789803456.715962735] [ngii_vrs_ntrip_client]: [NTRIP 연결됨] RTCM 96프레임 발행, GGA 실측(37.28859,127.10711)
[serial_bridge-12] [WARN] [1789803456.818928340] [serial_bridge_node]: ⚠ 공급전압 강하: VMIN=4137mV — 배터리/전원 확인
[local_pure_pursuit_node-9] [WARN] [1789803456.911256173] [local_pure_pursuit]: 정지: lookahead가 차량 뒤/너무 가까움 (헤딩 이상 가능)
[cluster_plot_node-13] [INFO] [1789803457.334823429] [lidar_clustering]: ID=1, X=1.99 m, Y=6.81 m, Width=0.32 m, Depth=3.60 m, Distance=7.09 m
[cluster_plot_node-13] [INFO] [1789803457.335051397] [lidar_clustering]: ID=3, X=3.86 m, Y=-3.27 m, Width=0.99 m, Depth=0.55 m, Distance=5.06 m
[cluster_plot_node-13] [INFO] [1789803457.335234309] [lidar_clustering]: ID=5, X=4.66 m, Y=-1.99 m, Width=0.06 m, Depth=0.08 m, Distance=5.07 m
[cluster_plot_node-13] [INFO] [1789803457.335407093] [lidar_clustering]: ID=6, X=4.27 m, Y=-3.35 m, Width=0.05 m, Depth=0.03 m, Distance=5.43 m
[cluster_plot_node-13] [INFO] [1789803457.335578054] [lidar_clustering]: ID=8, X=4.79 m, Y=-3.11 m, Width=0.35 m, Depth=1.03 m, Distance=5.71 m
[cluster_plot_node-13] [INFO] [1789803457.335749064] [lidar_clustering]: ID=9, X=5.14 m, Y=-3.10 m, Width=0.08 m, Depth=0.02 m, Distance=6.00 m
[cluster_plot_node-13] [INFO] [1789803457.335924553] [lidar_clustering]: ID=10, X=5.54 m, Y=-3.17 m, Width=0.11 m, Depth=0.04 m, Distance=6.38 m
[cluster_plot_node-13] [INFO] [1789803457.336102977] [lidar_clustering]: FollowGap: mode=CLEAR, direction=STRAIGHT, front=8.00 m, best_angle=0.0 deg
[cluster_plot_node-13] [INFO] [1789803457.336278947] [lidar_clustering]: points=205, clusters=4, tracks=7
[heading_init_node-5] [WARN] [1789803457.419160951] [gps_heading_init]: 자동 직진 1초 전... (E-stop 준비)
[direct_localization_node-6] [INFO] [1789803457.823584397] [direct_localization]: pose: x=8.83 y=-33.58 yaw=160.7° v=-0.02m/s [헤딩 미정렬(10m직진 필요)]
[cluster_plot_node-13] [INFO] [1789803458.189247206] [lidar_clustering]: ID=1, X=1.97 m, Y=6.80 m, Width=0.32 m, Depth=3.56 m, Distance=7.09 m
[cluster_plot_node-13] [INFO] [1789803458.189567866] [lidar_clustering]: ID=2, X=3.88 m, Y=-2.78 m, Width=0.07 m, Depth=0.17 m, Distance=4.77 m
[cluster_plot_node-13] [INFO] [1789803458.189843513] [lidar_clustering]: ID=3, X=3.90 m, Y=-3.31 m, Width=0.98 m, Depth=0.53 m, Distance=5.11 m
[cluster_plot_node-13] [INFO] [1789803458.190045111] [lidar_clustering]: ID=5, X=4.66 m, Y=-2.01 m, Width=0.11 m, Depth=0.09 m, Distance=5.08 m
[cluster_plot_node-13] [INFO] [1789803458.190221301] [lidar_clustering]: ID=6, X=4.52 m, Y=-3.08 m, Width=0.08 m, Depth=0.05 m, Distance=5.47 m
[cluster_plot_node-13] [INFO] [1789803458.190390959] [lidar_clustering]: ID=8, X=4.93 m, Y=-3.09 m, Width=0.17 m, Depth=0.87 m, Distance=5.81 m
[cluster_plot_node-13] [INFO] [1789803458.190556058] [lidar_clustering]: ID=9, X=5.36 m, Y=-3.14 m, Width=0.11 m, Depth=0.07 m, Distance=6.21 m
[cluster_plot_node-13] [INFO] [1789803458.190724414] [lidar_clustering]: ID=10, X=5.59 m, Y=-3.23 m, Width=0.09 m, Depth=0.07 m, Distance=6.45 m
[cluster_plot_node-13] [INFO] [1789803458.190892549] [lidar_clustering]: FollowGap: mode=CLEAR, direction=STRAIGHT, front=8.00 m, best_angle=0.0 deg
[heading_init_node-5] [INFO] [1789803458.419150710] [gps_heading_init]: 직진 기준 헤딩 고정: 160.7° (절대값은 무의미, 변화량만 사용)
[serial_bridge-12] [INFO] [1789803458.461867883] [serial_bridge_node]: 출발 — 정지마찰 하한 90 을 1200ms 인가한다
[cluster_plot_node-13] [INFO] [1789803459.035804459] [lidar_clustering]: ID=1, X=1.98 m, Y=6.81 m, Width=0.29 m, Depth=3.59 m, Distance=7.09 m
[cluster_plot_node-13] [INFO] [1789803459.036027216] [lidar_clustering]: ID=2, X=3.98 m, Y=-2.82 m, Width=0.04 m, Depth=0.03 m, Distance=4.87 m
[cluster_plot_node-13] [INFO] [1789803459.036208927] [lidar_clustering]: ID=3, X=3.96 m, Y=-3.55 m, Width=0.12 m, Depth=0.09 m, Distance=5.32 m
[cluster_plot_node-13] [INFO] [1789803459.036380739] [lidar_clustering]: ID=5, X=4.68 m, Y=-2.01 m, Width=0.09 m, Depth=0.07 m, Distance=5.10 m
[cluster_plot_node-13] [INFO] [1789803459.036550877] [lidar_clustering]: ID=8, X=4.40 m, Y=-3.11 m, Width=0.10 m, Depth=0.06 m, Distance=5.39 m
[cluster_plot_node-13] [INFO] [1789803459.036720445] [lidar_clustering]: ID=9, X=4.91 m, Y=-3.16 m, Width=0.24 m, Depth=0.10 m, Distance=5.84 m
[cluster_plot_node-13] [INFO] [1789803459.036891696] [lidar_clustering]: ID=10, X=5.57 m, Y=-3.32 m, Width=0.08 m, Depth=0.05 m, Distance=6.48 m
[cluster_plot_node-13] [INFO] [1789803459.037070882] [lidar_clustering]: FollowGap: mode=CLEAR, direction=STRAIGHT, front=8.00 m, best_angle=0.0 deg
[cluster_plot_node-13] [INFO] [1789803459.037248885] [lidar_clustering]: points=150, clusters=3, tracks=7
[serial_bridge-12] [INFO] [1789803459.661883806] [serial_bridge_node]: 거버너 — 측정 0.52+0.18(선행) > 명령 0.50 (+0.20) → PWM 62 → 62
[serial_bridge-12] [WARN] [1789803459.829253195] [serial_bridge_node]: ⚠ 공급전압 강하: VMIN=4152mV — 배터리/전원 확인
[cluster_plot_node-13] [INFO] [1789803459.889345307] [lidar_clustering]: ID=1, X=1.97 m, Y=6.82 m, Width=0.28 m, Depth=3.56 m, Distance=7.10 m
[cluster_plot_node-13] [INFO] [1789803459.889562484] [lidar_clustering]: ID=5, X=4.31 m, Y=-2.03 m, Width=0.13 m, Depth=0.04 m, Distance=4.77 m
[cluster_plot_node-13] [INFO] [1789803459.889756037] [lidar_clustering]: FollowGap: mode=CLEAR, direction=STRAIGHT, front=8.00 m, best_angle=0.0 deg
[cluster_plot_node-13] [INFO] [1789803460.754842177] [lidar_clustering]: ID=1, X=1.92 m, Y=6.88 m, Width=0.31 m, Depth=3.40 m, Distance=7.14 m
[cluster_plot_node-13] [INFO] [1789803460.755060195] [lidar_clustering]: ID=5, X=3.72 m, Y=-1.99 m, Width=0.09 m, Depth=0.04 m, Distance=4.22 m
[cluster_plot_node-13] [INFO] [1789803460.755239110] [lidar_clustering]: FollowGap: mode=CLEAR, direction=STRAIGHT, front=8.00 m, best_angle=0.0 deg
[cluster_plot_node-13] [INFO] [1789803460.755410662] [lidar_clustering]: points=135, clusters=2, tracks=2
[heading_init_node-5] [INFO] [1789803460.785632983] [gps_heading_init]: 직진 중... 1.0/10m
[direct_localization_node-6] [INFO] [1789803460.823200398] [direct_localization]: pose: x=8.36 y=-34.48 yaw=160.4° v=0.09m/s [헤딩 미정렬(10m직진 필요)]
[cluster_plot_node-13] [INFO] [1789803461.614661936] [lidar_clustering]: ID=1, X=1.89 m, Y=6.96 m, Width=0.31 m, Depth=3.34 m, Distance=7.21 m
[cluster_plot_node-13] [INFO] [1789803461.614909831] [lidar_clustering]: ID=5, X=3.01 m, Y=-1.98 m, Width=0.07 m, Depth=0.03 m, Distance=3.60 m
[cluster_plot_node-13] [INFO] [1789803461.615099276] [lidar_clustering]: FollowGap: mode=CLEAR, direction=STRAIGHT, front=8.00 m, best_angle=0.0 deg
[vrs_ntrip_client-3] [INFO] [1789803461.716013984] [ngii_vrs_ntrip_client]: [NTRIP 연결됨] RTCM 116프레임 발행, GGA 실측(37.28857,127.10710)
[heading_init_node-5] [INFO] [1789803461.895761872] [gps_heading_init]: 직진 중... 2.0/10m
[local_pure_pursuit_node-9] [WARN] [1789803461.961066422] [local_pure_pursuit]: 정지: lookahead가 차량 뒤/너무 가까움 (헤딩 이상 가능)
[cluster_plot_node-13] [INFO] [1789803462.480819941] [lidar_clustering]: ID=1, X=1.79 m, Y=7.05 m, Width=0.33 m, Depth=3.08 m, Distance=7.27 m
[cluster_plot_node-13] [INFO] [1789803462.481068416] [lidar_clustering]: ID=5, X=2.17 m, Y=-1.97 m, Width=0.07 m, Depth=0.06 m, Distance=2.93 m
[cluster_plot_node-13] [INFO] [1789803462.481312373] [lidar_clustering]: FollowGap: mode=CLEAR, direction=STRAIGHT, front=8.00 m, best_angle=0.0 deg
[cluster_plot_node-13] [INFO] [1789803462.481530853] [lidar_clustering]: points=124, clusters=2, tracks=2
[heading_init_node-5] [INFO] [1789803462.785684891] [gps_heading_init]: 직진 중... 3.0/10m
[serial_bridge-12] [WARN] [1789803462.836169752] [serial_bridge_node]: ⚠ 공급전압 강하: VMIN=4137mV — 배터리/전원 확인
[cluster_plot_node-13] [INFO] [1789803463.346460624] [lidar_clustering]: ID=1, X=1.72 m, Y=7.15 m, Width=0.29 m, Depth=2.93 m, Distance=7.35 m
[cluster_plot_node-13] [INFO] [1789803463.346689062] [lidar_clustering]: ID=5, X=1.20 m, Y=-1.96 m, Width=0.02 m, Depth=0.03 m, Distance=2.29 m
[cluster_plot_node-13] [INFO] [1789803463.346897372] [lidar_clustering]: FollowGap: mode=CLEAR, direction=STRAIGHT, front=8.00 m, best_angle=0.0 deg
[heading_init_node-5] [INFO] [1789803463.685679893] [gps_heading_init]: 직진 중... 4.0/10m
[direct_localization_node-6] [INFO] [1789803463.823397125] [direct_localization]: pose: x=6.87 y=-37.23 yaw=159.4° v=0.19m/s [헤딩 미정렬(10m직진 필요)]
[cluster_plot_node-13] [INFO] [1789803464.212421715] [lidar_clustering]: ID=1, X=1.64 m, Y=7.25 m, Width=0.27 m, Depth=2.75 m, Distance=7.43 m
[cluster_plot_node-13] [INFO] [1789803464.212638772] [lidar_clustering]: ID=5, X=0.68 m, Y=-1.96 m, Width=0.03 m, Depth=0.06 m, Distance=2.08 m
[cluster_plot_node-13] [INFO] [1789803464.212819119] [lidar_clustering]: FollowGap: mode=CLEAR, direction=STRAIGHT, front=8.00 m, best_angle=0.0 deg
[cluster_plot_node-13] [INFO] [1789803464.213004547] [lidar_clustering]: points=101, clusters=1, tracks=2
[heading_init_node-5] [INFO] [1789803464.595833949] [gps_heading_init]: 직진 중... 5.0/10m
[cluster_plot_node-13] [INFO] [1789803465.077958549] [lidar_clustering]: ID=1, X=1.57 m, Y=7.29 m, Width=0.25 m, Depth=2.59 m, Distance=7.46 m
[cluster_plot_node-13] [INFO] [1789803465.078178050] [lidar_clustering]: FollowGap: mode=CLEAR, direction=STRAIGHT, front=8.00 m, best_angle=0.0 deg
[heading_init_node-5] [INFO] [1789803465.485698425] [gps_heading_init]: 직진 중... 6.0/10m
[serial_bridge-12] [WARN] [1789803465.846200673] [serial_bridge_node]: ⚠ 공급전압 강하: VMIN=3880mV — 배터리/전원 확인
[cluster_plot_node-13] [INFO] [1789803465.950406602] [lidar_clustering]: ID=1, X=1.40 m, Y=7.32 m, Width=0.36 m, Depth=2.27 m, Distance=7.46 m
[cluster_plot_node-13] [INFO] [1789803465.950617458] [lidar_clustering]: FollowGap: mode=CLEAR, direction=STRAIGHT, front=8.00 m, best_angle=0.0 deg
[cluster_plot_node-13] [INFO] [1789803465.950821510] [lidar_clustering]: points=83, clusters=1, tracks=1
[heading_init_node-5] [INFO] [1789803466.395710784] [gps_heading_init]: 직진 중... 7.0/10m
[vrs_ntrip_client-3] [INFO] [1789803466.716054142] [ngii_vrs_ntrip_client]: [NTRIP 연결됨] RTCM 144프레임 발행, GGA 실측(37.28853,127.10708)
[cluster_plot_node-13] [INFO] [1789803466.817338157] [lidar_clustering]: ID=1, X=1.19 m, Y=7.42 m, Width=0.41 m, Depth=1.81 m, Distance=7.51 m
[cluster_plot_node-13] [INFO] [1789803466.817597473] [lidar_clustering]: FollowGap: mode=CLEAR, direction=STRAIGHT, front=8.00 m, best_angle=0.0 deg
[direct_localization_node-6] [INFO] [1789803466.823176498] [direct_localization]: pose: x=5.33 y=-40.15 yaw=161.2° v=0.14m/s [헤딩 미정렬(10m직진 필요)]
[local_pure_pursuit_node-9] [WARN] [1789803467.011012212] [local_pure_pursuit]: 정지: lookahead가 차량 뒤/너무 가까움 (헤딩 이상 가능)
[heading_init_node-5] [INFO] [1789803467.385677939] [gps_heading_init]: 직진 중... 8.1/10m
[cluster_plot_node-13] [INFO] [1789803467.682416898] [lidar_clustering]: ID=1, X=1.05 m, Y=7.08 m, Width=0.90 m, Depth=1.62 m, Distance=7.16 m
[cluster_plot_node-13] [INFO] [1789803467.682633113] [lidar_clustering]: FollowGap: mode=CLEAR, direction=STRAIGHT, front=8.00 m, best_angle=0.0 deg
[cluster_plot_node-13] [INFO] [1789803467.682811828] [lidar_clustering]: points=59, clusters=1, tracks=1
[heading_init_node-5] [INFO] [1789803468.395760539] [gps_heading_init]: 직진 중... 9.1/10m
[cluster_plot_node-13] [INFO] [1789803468.541673377] [lidar_clustering]: ID=1, X=1.47 m, Y=7.10 m, Width=0.73 m, Depth=2.77 m, Distance=7.25 m
[cluster_plot_node-13] [INFO] [1789803468.541891155] [lidar_clustering]: FollowGap: mode=CLEAR, direction=STRAIGHT, front=8.00 m, best_angle=0.0 deg
[serial_bridge-12] [WARN] [1789803468.860605247] [serial_bridge_node]: ⚠ 공급전압 강하: VMIN=4214mV — 배터리/전원 확인
[cluster_plot_node-13] [INFO] [1789803469.322129366] [lidar_clustering]: ID=1, X=2.11 m, Y=6.73 m, Width=0.34 m, Depth=3.99 m, Distance=7.05 m
[cluster_plot_node-13] [INFO] [1789803469.322380076] [lidar_clustering]: FollowGap: mode=CLEAR, direction=STRAIGHT, front=8.00 m, best_angle=0.0 deg
[cluster_plot_node-13] [INFO] [1789803469.322583187] [lidar_clustering]: points=150, clusters=1, tracks=1
[heading_init_node-5] [INFO] [1789803469.395896751] [gps_heading_init]: ✅ 헤딩 초기화 완료: 10.0m 직진 (최대 편차 2°). GPS course=-116.8°, IMU yaw=159.6°, → yaw_offset=83.7°
[heading_init_node-5] [INFO] [1789803469.396230777] [gps_heading_init]: 조향 중앙 점검: 횡편차 +0.04m — STEER_CENTER 412 양호 (보정 불필요)
[direct_localization_node-6] [INFO] [1789803469.396317650] [direct_localization]: 헤딩 오프셋 수신: 83.7° — 헤딩 정렬 적용됨.
[vehicle_cmd_mux-11] [INFO] [1789803469.396341053] [vehicle_cmd_mux]: 헤딩 캘리브 완료 (83.7°) — 자율 허용
[heading_init_node-5] [INFO] [1789803469.396414651] [gps_heading_init]: 자동 직진 종료: 캘리브 완료
[direct_localization_node-6] [INFO] [1789803469.823169086] [direct_localization]: pose: x=3.94 y=-42.76 yaw=-117.0° v=0.91m/s [헤딩 정렬됨]
[cluster_plot_node-13] [INFO] [1789803470.187912510] [lidar_clustering]: ID=1, X=2.86 m, Y=6.07 m, Width=0.73 m, Depth=5.36 m, Distance=6.71 m
[cluster_plot_node-13] [INFO] [1789803470.188135678] [lidar_clustering]: FollowGap: mode=CLEAR, direction=STRAIGHT, front=8.00 m, best_angle=0.0 deg
[heading_init_node-5] [INFO] [1789803470.619181870] [gps_heading_init]: yaw_offset 발행 완료 → 노드 자동 종료.
[vehicle_cmd_mux-11] [INFO] [1789803470.859246315] [vehicle_cmd_mux]: 모드: AUTO
[serial_bridge-12] [INFO] [1789803470.861901791] [serial_bridge_node]: 출발 — 정지마찰 하한 90 을 1200ms 인가한다
[cluster_plot_node-13] [INFO] [1789803471.047667084] [lidar_clustering]: ID=1, X=2.78 m, Y=5.87 m, Width=0.89 m, Depth=5.42 m, Distance=6.49 m
[cluster_plot_node-13] [INFO] [1789803471.047918425] [lidar_clustering]: FollowGap: mode=CLEAR, direction=STRAIGHT, front=8.00 m, best_angle=0.0 deg
[cluster_plot_node-13] [INFO] [1789803471.048207116] [lidar_clustering]: points=217, clusters=1, tracks=1
[vrs_ntrip_client-3] [INFO] [1789803471.716110189] [ngii_vrs_ntrip_client]: [NTRIP 연결됨] RTCM 164프레임 발행, GGA 실측(37.28850,127.10706)
[cluster_plot_node-13] [INFO] [1789803471.907653070] [lidar_clustering]: ID=1, X=2.41 m, Y=6.37 m, Width=0.28 m, Depth=4.52 m, Distance=6.81 m
[cluster_plot_node-13] [INFO] [1789803471.908062367] [lidar_clustering]: FollowGap: mode=CLEAR, direction=STRAIGHT, front=8.00 m, best_angle=0.0 deg
[cluster_plot_node-13] [INFO] [1789803472.766742184] [lidar_clustering]: ID=1, X=1.80 m, Y=6.42 m, Width=0.75 m, Depth=3.37 m, Distance=6.67 m
[cluster_plot_node-13] [INFO] [1789803472.766958920] [lidar_clustering]: FollowGap: mode=CLEAR, direction=STRAIGHT, front=8.00 m, best_angle=0.0 deg
[cluster_plot_node-13] [INFO] [1789803472.767137755] [lidar_clustering]: points=126, clusters=1, tracks=1
[direct_localization_node-6] [INFO] [1789803472.823110105] [direct_localization]: pose: x=3.01 y=-44.01 yaw=-135.4° v=0.96m/s [헤딩 정렬됨]
[cluster_plot_node-13] [INFO] [1789803473.633171370] [lidar_clustering]: ID=1, X=1.50 m, Y=6.39 m, Width=1.39 m, Depth=2.88 m, Distance=6.57 m
[cluster_plot_node-13] [INFO] [1789803473.633414255] [lidar_clustering]: FollowGap: mode=CLEAR, direction=STRAIGHT, front=8.00 m, best_angle=0.0 deg
[cluster_plot_node-13] [INFO] [1789803474.498304055] [lidar_clustering]: ID=1, X=0.59 m, Y=7.58 m, Width=0.12 m, Depth=0.12 m, Distance=7.60 m
[cluster_plot_node-13] [INFO] [1789803474.498570404] [lidar_clustering]: FollowGap: mode=CLEAR, direction=STRAIGHT, front=8.00 m, best_angle=0.0 deg
[cluster_plot_node-13] [INFO] [1789803474.498763686] [lidar_clustering]: points=0, clusters=0, tracks=1
[cluster_plot_node-13] [INFO] [1789803475.369620976] [lidar_clustering]: No confirmed obstacles.
[cluster_plot_node-13] [INFO] [1789803475.369904327] [lidar_clustering]: FollowGap: mode=CLEAR, direction=STRAIGHT, front=8.00 m, best_angle=0.0 deg
[direct_localization_node-6] [INFO] [1789803475.823209335] [direct_localization]: pose: x=-0.75 y=-43.75 yaw=144.8° v=1.74m/s [헤딩 정렬됨]
[cluster_plot_node-13] [INFO] [1789803476.249253429] [lidar_clustering]: ID=11, X=2.91 m, Y=5.30 m, Width=0.71 m, Depth=5.85 m, Distance=6.05 m
[cluster_plot_node-13] [INFO] [1789803476.249486656] [lidar_clustering]: FollowGap: mode=CLEAR, direction=STRAIGHT, front=8.00 m, best_angle=0.0 deg
[cluster_plot_node-13] [INFO] [1789803476.249687602] [lidar_clustering]: points=240, clusters=1, tracks=1
[vrs_ntrip_client-3] [INFO] [1789803476.716037631] [ngii_vrs_ntrip_client]: [NTRIP 연결됨] RTCM 192프레임 발행, GGA 실측(37.28850,127.10699)
[cluster_plot_node-13] [INFO] [1789803477.121534893] [lidar_clustering]: ID=11, X=2.76 m, Y=4.83 m, Width=0.81 m, Depth=5.98 m, Distance=5.57 m
[cluster_plot_node-13] [INFO] [1789803477.121757871] [lidar_clustering]: FollowGap: mode=CLEAR, direction=STRAIGHT, front=8.00 m, best_angle=0.0 deg
[cluster_plot_node-13] [INFO] [1789803477.993163543] [lidar_clustering]: ID=11, X=2.39 m, Y=5.30 m, Width=0.98 m, Depth=4.95 m, Distance=5.81 m
[cluster_plot_node-13] [INFO] [1789803477.993372624] [lidar_clustering]: FollowGap: mode=CLEAR, direction=STRAIGHT, front=8.00 m, best_angle=0.0 deg
[cluster_plot_node-13] [INFO] [1789803477.993570365] [lidar_clustering]: points=191, clusters=1, tracks=1
[direct_localization_node-6] [INFO] [1789803478.823132229] [direct_localization]: pose: x=-4.13 y=-39.15 yaw=109.0° v=2.09m/s [헤딩 정렬됨]
[cluster_plot_node-13] [INFO] [1789803478.865628648] [lidar_clustering]: ID=11, X=1.59 m, Y=6.07 m, Width=0.71 m, Depth=2.65 m, Distance=6.27 m
[cluster_plot_node-13] [INFO] [1789803478.865858890] [lidar_clustering]: ID=12, X=5.11 m, Y=6.09 m, Width=1.00 m, Depth=1.19 m, Distance=7.95 m
[cluster_plot_node-13] [INFO] [1789803478.866061019] [lidar_clustering]: ID=13, X=6.53 m, Y=4.07 m, Width=5.71 m, Depth=3.76 m, Distance=7.69 m
[cluster_plot_node-13] [INFO] [1789803478.866271563] [lidar_clustering]: ID=14, X=7.31 m, Y=0.03 m, Width=1.93 m, Depth=0.98 m, Distance=7.31 m
[cluster_plot_node-13] [INFO] [1789803478.866469053] [lidar_clustering]: ID=15, X=4.85 m, Y=4.58 m, Width=5.56 m, Depth=6.55 m, Distance=6.67 m
[cluster_plot_node-13] [INFO] [1789803478.866663949] [lidar_clustering]: FollowGap: mode=CLEAR, direction=STRAIGHT, front=8.00 m, best_angle=0.0 deg
[cluster_plot_node-13] [INFO] [1789803479.737796064] [lidar_clustering]: ID=11, X=0.70 m, Y=5.95 m, Width=0.06 m, Depth=0.24 m, Distance=5.99 m
[cluster_plot_node-13] [INFO] [1789803479.738022599] [lidar_clustering]: ID=13, X=5.14 m, Y=2.99 m, Width=5.74 m, Depth=4.15 m, Distance=5.95 m
[cluster_plot_node-13] [INFO] [1789803479.738224197] [lidar_clustering]: ID=14, X=7.72 m, Y=1.12 m, Width=0.29 m, Depth=0.09 m, Distance=7.80 m
[cluster_plot_node-13] [INFO] [1789803479.738422639] [lidar_clustering]: ID=16, X=3.38 m, Y=4.03 m, Width=5.19 m, Depth=6.98 m, Distance=5.25 m
[cluster_plot_node-13] [INFO] [1789803479.738620890] [lidar_clustering]: ID=17, X=2.20 m, Y=-3.69 m, Width=0.12 m, Depth=0.14 m, Distance=4.30 m
[cluster_plot_node-13] [INFO] [1789803479.738814603] [lidar_clustering]: ID=18, X=6.05 m, Y=-4.35 m, Width=0.73 m, Depth=0.70 m, Distance=7.45 m
[cluster_plot_node-13] [INFO] [1789803479.739010971] [lidar_clustering]: FollowGap: mode=CLEAR, direction=STRAIGHT, front=8.00 m, best_angle=0.0 deg
[cluster_plot_node-13] [INFO] [1789803479.739200977] [lidar_clustering]: points=450, clusters=5, tracks=6
[cluster_plot_node-13] [INFO] [1789803480.615615971] [lidar_clustering]: ID=16, X=1.84 m, Y=3.31 m, Width=1.62 m, Depth=3.72 m, Distance=3.79 m
[cluster_plot_node-13] [INFO] [1789803480.615832286] [lidar_clustering]: ID=18, X=5.12 m, Y=-2.05 m, Width=0.31 m, Depth=0.26 m, Distance=5.52 m
[cluster_plot_node-13] [INFO] [1789803480.616016211] [lidar_clustering]: ID=20, X=5.75 m, Y=3.25 m, Width=1.03 m, Depth=2.72 m, Distance=6.60 m
[cluster_plot_node-13] [INFO] [1789803480.616189997] [lidar_clustering]: ID=21, X=4.96 m, Y=-2.57 m, Width=0.23 m, Depth=0.27 m, Distance=5.58 m
[cluster_plot_node-13] [INFO] [1789803480.616363271] [lidar_clustering]: FollowGap: mode=CLEAR, direction=STRAIGHT, front=8.00 m, best_angle=0.0 deg
[serial_bridge-12] [WARN] [1789803480.743108627] [serial_bridge_node]: ⚠ 공급전압 강하: VMIN=4230mV — 배터리/전원 확인
[cluster_plot_node-13] [INFO] [1789803481.494047732] [lidar_clustering]: ID=13, X=3.68 m, Y=3.78 m, Width=0.32 m, Depth=0.80 m, Distance=5.27 m
[cluster_plot_node-13] [INFO] [1789803481.494274868] [lidar_clustering]: ID=16, X=1.53 m, Y=3.13 m, Width=1.14 m, Depth=3.34 m, Distance=3.48 m
[cluster_plot_node-13] [INFO] [1789803481.494458752] [lidar_clustering]: ID=18, X=2.98 m, Y=-2.03 m, Width=0.25 m, Depth=0.29 m, Distance=3.60 m
[cluster_plot_node-13] [INFO] [1789803481.494639812] [lidar_clustering]: ID=20, X=5.50 m, Y=4.17 m, Width=2.14 m, Depth=2.41 m, Distance=6.90 m
[cluster_plot_node-13] [INFO] [1789803481.494817204] [lidar_clustering]: ID=21, X=2.75 m, Y=-2.56 m, Width=0.18 m, Depth=0.31 m, Distance=3.76 m
[cluster_plot_node-13] [INFO] [1789803481.494994146] [lidar_clustering]: ID=22, X=3.58 m, Y=-1.72 m, Width=0.05 m, Depth=0.02 m, Distance=3.97 m
[cluster_plot_node-13] [INFO] [1789803481.495184723] [lidar_clustering]: FollowGap: mode=CLEAR, direction=STRAIGHT, front=8.00 m, best_angle=0.0 deg
[cluster_plot_node-13] [INFO] [1789803481.495369028] [lidar_clustering]: points=355, clusters=4, tracks=6
[vrs_ntrip_client-3] [INFO] [1789803481.716066036] [ngii_vrs_ntrip_client]: [NTRIP 연결됨] RTCM 212프레임 발행, GGA 실측(37.28859,127.10698)
[direct_localization_node-6] [INFO] [1789803481.823451321] [direct_localization]: pose: x=-2.65 y=-32.54 yaw=75.1° v=2.36m/s [헤딩 정렬됨]
[cluster_plot_node-13] [INFO] [1789803482.384487455] [lidar_clustering]: ID=13, X=3.48 m, Y=4.22 m, Width=0.06 m, Depth=0.31 m, Distance=5.47 m
[cluster_plot_node-13] [INFO] [1789803482.384711294] [lidar_clustering]: ID=14, X=7.77 m, Y=0.07 m, Width=1.31 m, Depth=0.26 m, Distance=7.77 m
[cluster_plot_node-13] [INFO] [1789803482.384888426] [lidar_clustering]: ID=16, X=1.46 m, Y=3.34 m, Width=0.92 m, Depth=2.81 m, Distance=3.64 m
[cluster_plot_node-13] [INFO] [1789803482.385063374] [lidar_clustering]: ID=18, X=1.73 m, Y=-2.27 m, Width=0.14 m, Depth=0.16 m, Distance=2.85 m
[cluster_plot_node-13] [INFO] [1789803482.385241718] [lidar_clustering]: ID=19, X=0.86 m, Y=-2.53 m, Width=0.01 m, Depth=0.03 m, Distance=2.67 m
[cluster_plot_node-13] [INFO] [1789803482.385516042] [lidar_clustering]: ID=20, X=5.79 m, Y=5.01 m, Width=1.25 m, Depth=1.11 m, Distance=7.66 m
[cluster_plot_node-13] [INFO] [1789803482.385752435] [lidar_clustering]: ID=23, X=6.94 m, Y=-1.06 m, Width=3.02 m, Depth=1.89 m, Distance=7.02 m
[cluster_plot_node-13] [INFO] [1789803482.385936911] [lidar_clustering]: FollowGap: mode=CLEAR, direction=STRAIGHT, front=8.00 m, best_angle=0.0 deg
[cluster_plot_node-13] [INFO] [1789803483.274427379] [lidar_clustering]: ID=13, X=2.94 m, Y=4.20 m, Width=0.15 m, Depth=0.24 m, Distance=5.13 m
[cluster_plot_node-13] [INFO] [1789803483.274649195] [lidar_clustering]: ID=16, X=1.33 m, Y=3.19 m, Width=1.18 m, Depth=2.65 m, Distance=3.46 m
[cluster_plot_node-13] [INFO] [1789803483.274829162] [lidar_clustering]: ID=24, X=6.26 m, Y=3.19 m, Width=0.39 m, Depth=0.18 m, Distance=7.02 m
[cluster_plot_node-13] [INFO] [1789803483.275002417] [lidar_clustering]: ID=25, X=3.26 m, Y=4.54 m, Width=0.03 m, Depth=0.05 m, Distance=5.59 m
[cluster_plot_node-13] [INFO] [1789803483.275177955] [lidar_clustering]: ID=26, X=6.01 m, Y=2.60 m, Width=0.31 m, Depth=0.19 m, Distance=6.54 m
[cluster_plot_node-13] [INFO] [1789803483.275350168] [lidar_clustering]: FollowGap: mode=CLEAR, direction=STRAIGHT, front=8.00 m, best_angle=0.0 deg
[cluster_plot_node-13] [INFO] [1789803483.275524625] [lidar_clustering]: points=186, clusters=3, tracks=5
[serial_bridge-12] [WARN] [1789803483.753408083] [serial_bridge_node]: ⚠ 공급전압 강하: VMIN=3319mV — 배터리/전원 확인
[cluster_plot_node-13] [INFO] [1789803484.159066217] [lidar_clustering]: ID=16, X=1.22 m, Y=3.14 m, Width=1.44 m, Depth=2.40 m, Distance=3.37 m
[cluster_plot_node-13] [INFO] [1789803484.159381137] [lidar_clustering]: ID=20, X=4.94 m, Y=5.37 m, Width=1.51 m, Depth=2.05 m, Distance=7.29 m
[cluster_plot_node-13] [INFO] [1789803484.159652686] [lidar_clustering]: ID=24, X=4.75 m, Y=1.88 m, Width=0.32 m, Depth=0.14 m, Distance=5.11 m
[cluster_plot_node-13] [INFO] [1789803484.159897935] [lidar_clustering]: ID=26, X=4.38 m, Y=1.35 m, Width=0.30 m, Depth=0.10 m, Distance=4.58 m
[cluster_plot_node-13] [INFO] [1789803484.160107087] [lidar_clustering]: ID=27, X=5.30 m, Y=2.27 m, Width=0.31 m, Depth=0.04 m, Distance=5.77 m
[cluster_plot_node-13] [INFO] [1789803484.160345424] [lidar_clustering]: FollowGap: mode=CLEAR, direction=STRAIGHT, front=8.00 m, best_angle=0.0 deg
[vehicle_cmd_mux-11] [INFO] [1789803484.459023250] [vehicle_cmd_mux]: 모드: AVOID(라이다)
[direct_localization_node-6] [INFO] [1789803484.823144634] [direct_localization]: pose: x=-3.11 y=-25.77 yaw=113.8° v=2.48m/s [헤딩 정렬됨]
[cluster_plot_node-13] [INFO] [1789803485.044090865] [lidar_clustering]: ID=16, X=1.08 m, Y=3.63 m, Width=1.81 m, Depth=1.95 m, Distance=3.78 m
[cluster_plot_node-13] [INFO] [1789803485.044312581] [lidar_clustering]: ID=20, X=4.04 m, Y=5.26 m, Width=1.35 m, Depth=2.85 m, Distance=6.64 m
[cluster_plot_node-13] [INFO] [1789803485.044529918] [lidar_clustering]: ID=26, X=2.87 m, Y=0.50 m, Width=0.31 m, Depth=0.19 m, Distance=2.92 m
[cluster_plot_node-13] [INFO] [1789803485.044802038] [lidar_clustering]: ID=27, X=2.61 m, Y=0.89 m, Width=0.16 m, Depth=0.13 m, Distance=2.76 m
[cluster_plot_node-13] [INFO] [1789803485.044997625] [lidar_clustering]: ID=28, X=6.53 m, Y=-4.34 m, Width=0.22 m, Depth=0.07 m, Distance=7.84 m
[cluster_plot_node-13] [INFO] [1789803485.045183443] [lidar_clustering]: ID=29, X=7.69 m, Y=-1.43 m, Width=0.12 m, Depth=0.19 m, Distance=7.83 m
[cluster_plot_node-13] [INFO] [1789803485.045355566] [lidar_clustering]: ID=30, X=7.12 m, Y=-3.17 m, Width=0.52 m, Depth=0.57 m, Distance=7.80 m
[cluster_plot_node-13] [INFO] [1789803485.045526115] [lidar_clustering]: ID=31, X=5.55 m, Y=-4.60 m, Width=0.08 m, Depth=0.18 m, Distance=7.20 m
[cluster_plot_node-13] [INFO] [1789803485.045700833] [lidar_clustering]: FollowGap: mode=AVOID, direction=RIGHT, front=2.56 m, best_angle=-8.2 deg
[cluster_plot_node-13] [INFO] [1789803485.045876552] [lidar_clustering]: points=355, clusters=11, tracks=8
[cluster_plot_node-13] [INFO] [1789803485.923500289] [lidar_clustering]: ID=13, X=2.60 m, Y=4.76 m, Width=2.31 m, Depth=2.90 m, Distance=5.42 m
[cluster_plot_node-13] [INFO] [1789803485.923724459] [lidar_clustering]: ID=16, X=0.49 m, Y=5.74 m, Width=0.52 m, Depth=0.26 m, Distance=5.76 m
[cluster_plot_node-13] [INFO] [1789803485.923910919] [lidar_clustering]: ID=20, X=4.66 m, Y=6.10 m, Width=0.14 m, Depth=0.20 m, Distance=7.68 m
[cluster_plot_node-13] [INFO] [1789803485.924105213] [lidar_clustering]: ID=25, X=1.62 m, Y=7.06 m, Width=0.88 m, Depth=2.65 m, Distance=7.24 m
[cluster_plot_node-13] [INFO] [1789803485.924316800] [lidar_clustering]: ID=27, X=0.72 m, Y=0.85 m, Width=0.27 m, Depth=0.18 m, Distance=1.11 m
[cluster_plot_node-13] [INFO] [1789803485.924512456] [lidar_clustering]: ID=28, X=5.42 m, Y=-2.14 m, Width=0.23 m, Depth=0.33 m, Distance=5.83 m
[cluster_plot_node-13] [INFO] [1789803485.924696341] [lidar_clustering]: ID=29, X=7.49 m, Y=-0.67 m, Width=0.10 m, Depth=0.01 m, Distance=7.52 m
[cluster_plot_node-13] [INFO] [1789803485.924870427] [lidar_clustering]: ID=30, X=5.80 m, Y=-1.69 m, Width=0.24 m, Depth=0.10 m, Distance=6.04 m
[cluster_plot_node-13] [INFO] [1789803485.925048521] [lidar_clustering]: ID=31, X=5.69 m, Y=-3.99 m, Width=0.21 m, Depth=0.09 m, Distance=6.95 m
[cluster_plot_node-13] [INFO] [1789803485.925222807] [lidar_clustering]: ID=33, X=5.24 m, Y=-3.50 m, Width=0.46 m, Depth=0.18 m, Distance=6.30 m
[cluster_plot_node-13] [INFO] [1789803485.925397485] [lidar_clustering]: ID=34, X=6.16 m, Y=-2.90 m, Width=0.06 m, Depth=0.03 m, Distance=6.81 m
[cluster_plot_node-13] [INFO] [1789803485.925573635] [lidar_clustering]: ID=36, X=6.38 m, Y=-1.58 m, Width=0.37 m, Depth=0.30 m, Distance=6.57 m
[cluster_plot_node-13] [INFO] [1789803485.925758992] [lidar_clustering]: ID=37, X=6.73 m, Y=1.71 m, Width=0.32 m, Depth=0.87 m, Distance=6.94 m
[cluster_plot_node-13] [INFO] [1789803485.925943027] [lidar_clustering]: ID=38, X=4.68 m, Y=-3.69 m, Width=0.69 m, Depth=0.26 m, Distance=5.96 m
[cluster_plot_node-13] [INFO] [1789803485.926130458] [lidar_clustering]: ID=39, X=5.55 m, Y=-2.86 m, Width=0.53 m, Depth=0.62 m, Distance=6.25 m
[cluster_plot_node-13] [INFO] [1789803485.926388672] [lidar_clustering]: ID=40, X=6.06 m, Y=-2.09 m, Width=0.27 m, Depth=0.21 m, Distance=6.41 m
[cluster_plot_node-13] [INFO] [1789803485.926592885] [lidar_clustering]: ID=41, X=4.88 m, Y=-2.86 m, Width=0.27 m, Depth=0.27 m, Distance=5.65 m
[cluster_plot_node-13] [INFO] [1789803485.926783061] [lidar_clustering]: ID=42, X=6.70 m, Y=-0.56 m, Width=0.23 m, Depth=0.07 m, Distance=6.72 m
[cluster_plot_node-13] [INFO] [1789803485.926970052] [lidar_clustering]: ID=43, X=7.75 m, Y=1.61 m, Width=0.10 m, Depth=0.07 m, Distance=7.91 m
[cluster_plot_node-13] [INFO] [1789803485.927161651] [lidar_clustering]: ID=44, X=6.45 m, Y=3.07 m, Width=4.28 m, Depth=2.46 m, Distance=7.14 m
[cluster_plot_node-13] [INFO] [1789803485.927351697] [lidar_clustering]: ID=45, X=3.88 m, Y=-4.18 m, Width=1.15 m, Depth=0.94 m, Distance=5.70 m
[cluster_plot_node-13] [INFO] [1789803485.927538086] [lidar_clustering]: ID=46, X=3.94 m, Y=-4.74 m, Width=0.26 m, Depth=0.25 m, Distance=6.16 m
[cluster_plot_node-13] [INFO] [1789803485.927731289] [lidar_clustering]: FollowGap: mode=AVOID, direction=LEFT, front=0.94 m, best_angle=7.0 deg
[vehicle_cmd_mux-11] [INFO] [1789803486.458698995] [vehicle_cmd_mux]: 모드: AUTO
[vehicle_cmd_mux-11] [INFO] [1789803486.659151364] [vehicle_cmd_mux]: 모드: AVOID(라이다)
[vrs_ntrip_client-3] [INFO] [1789803486.715986118] [ngii_vrs_ntrip_client]: [NTRIP 연결됨] RTCM 240프레임 발행, GGA 실측(37.28869,127.10696)
[serial_bridge-12] [WARN] [1789803486.764232496] [serial_bridge_node]: ⚠ 공급전압 강하: VMIN=2310mV — 배터리/전원 확인
[cluster_plot_node-13] [INFO] [1789803486.806890853] [lidar_clustering]: ID=13, X=2.45 m, Y=6.71 m, Width=1.80 m, Depth=2.95 m, Distance=7.14 m
[cluster_plot_node-13] [INFO] [1789803486.807111837] [lidar_clustering]: ID=16, X=0.50 m, Y=6.41 m, Width=0.64 m, Depth=0.40 m, Distance=6.43 m
[cluster_plot_node-13] [INFO] [1789803486.807294559] [lidar_clustering]: ID=20, X=5.17 m, Y=5.95 m, Width=0.12 m, Depth=0.08 m, Distance=7.88 m
[cluster_plot_node-13] [INFO] [1789803486.807468856] [lidar_clustering]: ID=24, X=3.56 m, Y=-0.61 m, Width=0.04 m, Depth=0.01 m, Distance=3.61 m
[cluster_plot_node-13] [INFO] [1789803486.807641079] [lidar_clustering]: ID=25, X=0.82 m, Y=7.42 m, Width=0.17 m, Depth=0.10 m, Distance=7.47 m
[cluster_plot_node-13] [INFO] [1789803486.807814464] [lidar_clustering]: ID=26, X=0.47 m, Y=1.17 m, Width=0.18 m, Depth=0.27 m, Distance=1.26 m
[cluster_plot_node-13] [INFO] [1789803486.807985985] [lidar_clustering]: ID=28, X=3.75 m, Y=-1.79 m, Width=4.54 m, Depth=1.51 m, Distance=4.15 m
[cluster_plot_node-13] [INFO] [1789803486.808161634] [lidar_clustering]: ID=30, X=5.43 m, Y=-1.55 m, Width=1.38 m, Depth=0.40 m, Distance=5.65 m
[cluster_plot_node-13] [INFO] [1789803486.808341541] [lidar_clustering]: ID=33, X=5.08 m, Y=-3.24 m, Width=0.19 m, Depth=0.05 m, Distance=6.03 m
[cluster_plot_node-13] [INFO] [1789803486.808516068] [lidar_clustering]: ID=34, X=5.24 m, Y=-2.61 m, Width=0.07 m, Depth=0.03 m, Distance=5.85 m
[cluster_plot_node-13] [INFO] [1789803486.808696737] [lidar_clustering]: ID=36, X=6.56 m, Y=-1.55 m, Width=0.19 m, Depth=0.02 m, Distance=6.74 m
[cluster_plot_node-13] [INFO] [1789803486.808925265] [lidar_clustering]: ID=37, X=4.00 m, Y=2.49 m, Width=5.58 m, Depth=1.65 m, Distance=4.72 m
[cluster_plot_node-13] [INFO] [1789803486.809117736] [lidar_clustering]: ID=38, X=4.18 m, Y=-4.27 m, Width=0.16 m, Depth=0.08 m, Distance=5.98 m
[cluster_plot_node-13] [INFO] [1789803486.809302091] [lidar_clustering]: ID=39, X=5.11 m, Y=-2.23 m, Width=0.07 m, Depth=0.03 m, Distance=5.58 m
[cluster_plot_node-13] [INFO] [1789803486.809500704] [lidar_clustering]: ID=41, X=3.68 m, Y=-2.92 m, Width=0.33 m, Depth=0.74 m, Distance=4.70 m
[cluster_plot_node-13] [INFO] [1789803486.809692784] [lidar_clustering]: ID=42, X=4.76 m, Y=-0.22 m, Width=1.21 m, Depth=1.25 m, Distance=4.76 m
[cluster_plot_node-13] [INFO] [1789803486.809876869] [lidar_clustering]: ID=43, X=7.09 m, Y=0.53 m, Width=1.03 m, Depth=0.79 m, Distance=7.11 m
[cluster_plot_node-13] [INFO] [1789803486.810060002] [lidar_clustering]: ID=44, X=4.69 m, Y=2.50 m, Width=4.96 m, Depth=1.70 m, Distance=5.32 m
[cluster_plot_node-13] [INFO] [1789803486.810239308] [lidar_clustering]: ID=46, X=3.49 m, Y=-4.55 m, Width=0.63 m, Depth=1.09 m, Distance=5.73 m
[cluster_plot_node-13] [INFO] [1789803486.810423633] [lidar_clustering]: FollowGap: mode=AVOID, direction=RIGHT, front=3.83 m, best_angle=-7.4 deg
[cluster_plot_node-13] [INFO] [1789803486.810605133] [lidar_clustering]: points=476, clusters=9, tracks=19
[vehicle_cmd_mux-11] [INFO] [1789803487.008825048] [vehicle_cmd_mux]: 모드: AUTO
[vehicle_cmd_mux-11] [INFO] [1789803487.458908735] [vehicle_cmd_mux]: 모드: AVOID(라이다)
[cluster_plot_node-13] [INFO] [1789803487.691058911] [lidar_clustering]: ID=13, X=3.26 m, Y=7.10 m, Width=0.24 m, Depth=0.35 m, Distance=7.82 m
[cluster_plot_node-13] [INFO] [1789803487.691415489] [lidar_clustering]: ID=16, X=1.91 m, Y=5.13 m, Width=2.30 m, Depth=3.80 m, Distance=5.48 m
[cluster_plot_node-13] [INFO] [1789803487.691672140] [lidar_clustering]: ID=20, X=4.42 m, Y=5.94 m, Width=0.97 m, Depth=2.12 m, Distance=7.40 m
[cluster_plot_node-13] [INFO] [1789803487.691983303] [lidar_clustering]: ID=28, X=3.23 m, Y=-2.10 m, Width=0.04 m, Depth=0.06 m, Distance=3.85 m
[cluster_plot_node-13] [INFO] [1789803487.692305407] [lidar_clustering]: ID=30, X=5.52 m, Y=0.48 m, Width=0.55 m, Depth=0.51 m, Distance=5.54 m
[cluster_plot_node-13] [INFO] [1789803487.692574191] [lidar_clustering]: ID=36, X=6.21 m, Y=-0.81 m, Width=0.18 m, Depth=0.18 m, Distance=6.26 m
[cluster_plot_node-13] [INFO] [1789803487.692762784] [lidar_clustering]: ID=39, X=4.72 m, Y=-1.67 m, Width=1.93 m, Depth=2.15 m, Distance=5.01 m
[cluster_plot_node-13] [INFO] [1789803487.692939756] [lidar_clustering]: ID=42, X=3.97 m, Y=0.30 m, Width=0.04 m, Depth=0.02 m, Distance=3.98 m
[cluster_plot_node-13] [INFO] [1789803487.693126977] [lidar_clustering]: ID=43, X=6.53 m, Y=1.09 m, Width=0.09 m, Depth=0.01 m, Distance=6.62 m
[cluster_plot_node-13] [INFO] [1789803487.693304720] [lidar_clustering]: ID=44, X=6.83 m, Y=2.73 m, Width=0.52 m, Depth=0.39 m, Distance=7.36 m
[cluster_plot_node-13] [INFO] [1789803487.693482653] [lidar_clustering]: ID=45, X=4.08 m, Y=-3.45 m, Width=1.07 m, Depth=0.45 m, Distance=5.34 m
[cluster_plot_node-13] [INFO] [1789803487.693658833] [lidar_clustering]: ID=47, X=5.85 m, Y=0.29 m, Width=0.43 m, Depth=0.30 m, Distance=5.86 m
[cluster_plot_node-13] [INFO] [1789803487.693836757] [lidar_clustering]: ID=48, X=7.16 m, Y=1.81 m, Width=1.10 m, Depth=0.46 m, Distance=7.39 m
[cluster_plot_node-13] [INFO] [1789803487.694026442] [lidar_clustering]: FollowGap: mode=CLEAR, direction=STRAIGHT, front=8.00 m, best_angle=0.0 deg
[vehicle_cmd_mux-11] [INFO] [1789803487.708848891] [vehicle_cmd_mux]: 모드: AUTO
[direct_localization_node-6] [INFO] [1789803487.823341083] [direct_localization]: pose: x=-6.32 y=-20.34 yaw=165.4° v=2.27m/s [헤딩 정렬됨]
[cluster_plot_node-13] [INFO] [1789803488.574082663] [lidar_clustering]: ID=16, X=1.76 m, Y=4.53 m, Width=0.57 m, Depth=3.15 m, Distance=4.86 m
[cluster_plot_node-13] [INFO] [1789803488.574303657] [lidar_clustering]: ID=20, X=4.48 m, Y=5.38 m, Width=0.10 m, Depth=0.05 m, Distance=7.00 m
[cluster_plot_node-13] [INFO] [1789803488.574480648] [lidar_clustering]: ID=38, X=4.89 m, Y=-4.01 m, Width=0.07 m, Depth=0.06 m, Distance=6.32 m
[cluster_plot_node-13] [INFO] [1789803488.574657460] [lidar_clustering]: ID=45, X=2.51 m, Y=-2.75 m, Width=0.03 m, Depth=0.04 m, Distance=3.72 m
[cluster_plot_node-13] [INFO] [1789803488.574829633] [lidar_clustering]: ID=51, X=4.93 m, Y=5.64 m, Width=0.07 m, Depth=0.08 m, Distance=7.50 m
[cluster_plot_node-13] [INFO] [1789803488.575007596] [lidar_clustering]: ID=52, X=3.87 m, Y=4.83 m, Width=0.13 m, Depth=0.05 m, Distance=6.19 m
[cluster_plot_node-13] [INFO] [1789803488.575189447] [lidar_clustering]: FollowGap: mode=CLEAR, direction=STRAIGHT, front=8.00 m, best_angle=0.0 deg
[cluster_plot_node-13] [INFO] [1789803488.575370105] [lidar_clustering]: points=193, clusters=4, tracks=6
[cluster_plot_node-13] [INFO] [1789803489.464824757] [lidar_clustering]: ID=16, X=2.09 m, Y=3.36 m, Width=0.96 m, Depth=4.80 m, Distance=3.96 m
[cluster_plot_node-13] [INFO] [1789803489.465053045] [lidar_clustering]: ID=20, X=5.97 m, Y=4.53 m, Width=0.11 m, Depth=0.04 m, Distance=7.50 m
[cluster_plot_node-13] [INFO] [1789803489.465236549] [lidar_clustering]: ID=44, X=7.08 m, Y=3.33 m, Width=0.13 m, Depth=0.11 m, Distance=7.82 m
[cluster_plot_node-13] [INFO] [1789803489.465418250] [lidar_clustering]: ID=52, X=4.15 m, Y=3.77 m, Width=0.24 m, Depth=0.94 m, Distance=5.61 m
[cluster_plot_node-13] [INFO] [1789803489.465597365] [lidar_clustering]: ID=53, X=5.63 m, Y=3.05 m, Width=0.25 m, Depth=0.57 m, Distance=6.40 m
[cluster_plot_node-13] [INFO] [1789803489.465781741] [lidar_clustering]: FollowGap: mode=CLEAR, direction=STRAIGHT, front=8.00 m, best_angle=0.0 deg
[serial_bridge-12] [WARN] [1789803489.774519356] [serial_bridge_node]: ⚠ 공급전압 강하: VMIN=4092mV — 배터리/전원 확인
[cluster_plot_node-13] [INFO] [1789803490.349403980] [lidar_clustering]: ID=16, X=2.27 m, Y=2.62 m, Width=0.48 m, Depth=5.17 m, Distance=3.47 m
[cluster_plot_node-13] [INFO] [1789803490.349629883] [lidar_clustering]: ID=44, X=7.44 m, Y=2.55 m, Width=0.06 m, Depth=0.10 m, Distance=7.87 m
[cluster_plot_node-13] [INFO] [1789803490.349809981] [lidar_clustering]: ID=53, X=5.73 m, Y=2.59 m, Width=0.15 m, Depth=0.31 m, Distance=6.29 m
[cluster_plot_node-13] [INFO] [1789803490.349983967] [lidar_clustering]: ID=54, X=6.51 m, Y=2.42 m, Width=0.20 m, Depth=0.50 m, Distance=6.95 m
[cluster_plot_node-13] [INFO] [1789803490.350177289] [lidar_clustering]: FollowGap: mode=CLEAR, direction=STRAIGHT, front=8.00 m, best_angle=0.0 deg
[cluster_plot_node-13] [INFO] [1789803490.350361435] [lidar_clustering]: points=327, clusters=2, tracks=4
[direct_localization_node-6] [INFO] [1789803490.823268250] [direct_localization]: pose: x=-12.28 y=-21.82 yaw=-162.6° v=2.52m/s [헤딩 정렬됨]
[cluster_plot_node-13] [INFO] [1789803491.234751200] [lidar_clustering]: ID=16, X=2.50 m, Y=2.65 m, Width=0.97 m, Depth=5.85 m, Distance=3.64 m
[cluster_plot_node-13] [INFO] [1789803491.235059929] [lidar_clustering]: ID=44, X=7.55 m, Y=2.00 m, Width=0.40 m, Depth=0.42 m, Distance=7.81 m
[cluster_plot_node-13] [INFO] [1789803491.235275322] [lidar_clustering]: ID=53, X=6.21 m, Y=2.48 m, Width=0.18 m, Depth=0.30 m, Distance=6.69 m
[cluster_plot_node-13] [INFO] [1789803491.235466741] [lidar_clustering]: ID=54, X=7.00 m, Y=1.75 m, Width=0.90 m, Depth=1.27 m, Distance=7.22 m
[cluster_plot_node-13] [INFO] [1789803491.235659312] [lidar_clustering]: ID=56, X=5.63 m, Y=2.38 m, Width=0.33 m, Depth=0.80 m, Distance=6.11 m
[cluster_plot_node-13] [INFO] [1789803491.235861962] [lidar_clustering]: FollowGap: mode=CLEAR, direction=STRAIGHT, front=8.00 m, best_angle=0.0 deg
[vehicle_cmd_mux-11] [INFO] [1789803491.508687829] [vehicle_cmd_mux]: 모드: AVOID(라이다)
[vrs_ntrip_client-3] [INFO] [1789803491.715957144] [ngii_vrs_ntrip_client]: [NTRIP 연결됨] RTCM 260프레임 발행, GGA 실측(37.28868,127.10685)
[cluster_plot_node-13] [INFO] [1789803492.118833948] [lidar_clustering]: ID=16, X=1.96 m, Y=2.56 m, Width=0.96 m, Depth=3.88 m, Distance=3.23 m
[cluster_plot_node-13] [INFO] [1789803492.119061134] [lidar_clustering]: ID=44, X=7.47 m, Y=0.64 m, Width=0.76 m, Depth=1.04 m, Distance=7.49 m
[cluster_plot_node-13] [INFO] [1789803492.119255187] [lidar_clustering]: ID=54, X=6.43 m, Y=1.83 m, Width=2.41 m, Depth=2.17 m, Distance=6.69 m
[cluster_plot_node-13] [INFO] [1789803492.119434363] [lidar_clustering]: ID=55, X=4.84 m, Y=2.25 m, Width=0.53 m, Depth=0.75 m, Distance=5.34 m
[cluster_plot_node-13] [INFO] [1789803492.119615262] [lidar_clustering]: ID=56, X=6.11 m, Y=1.25 m, Width=2.46 m, Depth=3.09 m, Distance=6.23 m
[cluster_plot_node-13] [INFO] [1789803492.119789990] [lidar_clustering]: ID=57, X=2.87 m, Y=-0.43 m, Width=0.93 m, Depth=0.66 m, Distance=2.90 m
[cluster_plot_node-13] [INFO] [1789803492.119968815] [lidar_clustering]: FollowGap: mode=AVOID, direction=LEFT, front=2.55 m, best_angle=13.4 deg
[cluster_plot_node-13] [INFO] [1789803492.120156136] [lidar_clustering]: points=506, clusters=3, tracks=6
[vehicle_cmd_mux-11] [INFO] [1789803492.308693305] [vehicle_cmd_mux]: 모드: AUTO
[vehicle_cmd_mux-11] [INFO] [1789803492.408816373] [vehicle_cmd_mux]: 모드: AVOID(라이다)
[local_pure_pursuit_node-9] [WARN] [1789803492.490081036] [local_pure_pursuit]: odom 속도 3.2m/s — 비현실적이라 버린다 (직전 1.78 유지, 누적 3회). EKF twist 스파이크로 보이며 위치는 보통 멀쩡하다.
[vehicle_cmd_mux-11] [INFO] [1789803493.008741771] [vehicle_cmd_mux]: 모드: AUTO
[cluster_plot_node-13] [INFO] [1789803493.010860832] [lidar_clustering]: ID=16, X=1.66 m, Y=0.72 m, Width=3.24 m, Depth=4.85 m, Distance=1.81 m
[cluster_plot_node-13] [INFO] [1789803493.011097256] [lidar_clustering]: ID=44, X=7.26 m, Y=-2.59 m, Width=0.20 m, Depth=0.14 m, Distance=7.71 m
[cluster_plot_node-13] [INFO] [1789803493.011296188] [lidar_clustering]: ID=55, X=4.65 m, Y=-0.62 m, Width=1.74 m, Depth=1.98 m, Distance=4.69 m
[cluster_plot_node-13] [INFO] [1789803493.011488048] [lidar_clustering]: ID=56, X=3.51 m, Y=0.23 m, Width=0.15 m, Depth=0.05 m, Distance=3.52 m
[cluster_plot_node-13] [INFO] [1789803493.011678084] [lidar_clustering]: ID=59, X=5.88 m, Y=-1.66 m, Width=0.08 m, Depth=0.02 m, Distance=6.11 m
[cluster_plot_node-13] [INFO] [1789803493.011871637] [lidar_clustering]: FollowGap: mode=BLOCKED, direction=STOP, front=1.41 m, best_angle=0.0 deg
[vehicle_cmd_mux-11] [INFO] [1789803493.458914313] [vehicle_cmd_mux]: 모드: AVOID(라이다)
[hfi_a9_ros2-4] [WARN] [1789803493.465702765] [imu]: ⚠ IMU 시리얼 끊김 (읽기 예외: [Errno 5] Input/output error) — 재연결 시도 1회: /dev/imu
[direct_localization_node-6] [INFO] [1789803493.823587043] [direct_localization]: pose: x=-18.82 y=-23.67 yaw=-171.0° v=2.26m/s [헤딩 정렬됨]
[cluster_plot_node-13] [INFO] [1789803493.906909754] [lidar_clustering]: ID=16, X=1.12 m, Y=1.13 m, Width=0.28 m, Depth=2.09 m, Distance=1.59 m
[cluster_plot_node-13] [INFO] [1789803493.907150565] [lidar_clustering]: ID=44, X=7.16 m, Y=-0.58 m, Width=0.10 m, Depth=0.00 m, Distance=7.18 m
[cluster_plot_node-13] [INFO] [1789803493.907354688] [lidar_clustering]: ID=56, X=3.24 m, Y=0.45 m, Width=0.23 m, Depth=0.80 m, Distance=3.27 m
[cluster_plot_node-13] [INFO] [1789803493.907556085] [lidar_clustering]: ID=59, X=6.65 m, Y=-0.36 m, Width=0.14 m, Depth=0.04 m, Distance=6.66 m
[cluster_plot_node-13] [INFO] [1789803493.907770998] [lidar_clustering]: ID=60, X=5.59 m, Y=-0.14 m, Width=0.24 m, Depth=0.23 m, Distance=5.59 m
[cluster_plot_node-13] [INFO] [1789803493.907961124] [lidar_clustering]: ID=61, X=3.83 m, Y=0.63 m, Width=0.87 m, Depth=2.19 m, Distance=3.89 m
[cluster_plot_node-13] [INFO] [1789803493.908153816] [lidar_clustering]: FollowGap: mode=AVOID, direction=RIGHT, front=1.26 m, best_angle=-17.8 deg
[cluster_plot_node-13] [INFO] [1789803493.908345054] [lidar_clustering]: points=393, clusters=5, tracks=6
[serial_bridge-12] [INFO] [1789803493.961930122] [serial_bridge_node]: 거버너 — 측정 2.24-0.07(선행) > 명령 0.75 (+1.42) → PWM 78 → 제동 -60
[direct_localization_node-6] [ERROR] [1789803493.989823298] [direct_localization]: IMU 끊김 (0.5s) → 위치 발행 중단. 헤딩이 고정되어 경로를 이탈하므로 정지시킨다. IMU USB 재연결 후 heading_init 재실행 필요.
[hfi_a9_ros2-4] [INFO] [1789803494.398956299] [imu]: ✅ IMU 시리얼 재연결 성공: /dev/imu (총 1회)
[direct_localization_node-6] [INFO] [1789803494.404362281] [direct_localization]: IMU 복구 — 위치 발행 재개
[vehicle_cmd_mux-11] [INFO] [1789803494.558751975] [vehicle_cmd_mux]: 모드: AUTO
[cluster_plot_node-13] [INFO] [1789803494.783353801] [lidar_clustering]: ID=16, X=1.71 m, Y=1.90 m, Width=0.67 m, Depth=3.71 m, Distance=2.56 m
[cluster_plot_node-13] [INFO] [1789803494.783637412] [lidar_clustering]: ID=44, X=7.62 m, Y=0.34 m, Width=0.11 m, Depth=0.01 m, Distance=7.62 m
[cluster_plot_node-13] [INFO] [1789803494.783915944] [lidar_clustering]: ID=54, X=6.56 m, Y=0.63 m, Width=0.35 m, Depth=0.67 m, Distance=6.59 m
[cluster_plot_node-13] [INFO] [1789803494.784180941] [lidar_clustering]: ID=59, X=6.29 m, Y=1.87 m, Width=0.15 m, Depth=0.32 m, Distance=6.56 m
[cluster_plot_node-13] [INFO] [1789803494.784390343] [lidar_clustering]: ID=60, X=5.02 m, Y=2.10 m, Width=0.48 m, Depth=1.39 m, Distance=5.44 m
[cluster_plot_node-13] [INFO] [1789803494.784622288] [lidar_clustering]: ID=61, X=3.84 m, Y=1.61 m, Width=0.06 m, Depth=0.30 m, Distance=4.17 m
[cluster_plot_node-13] [INFO] [1789803494.784856086] [lidar_clustering]: ID=62, X=7.66 m, Y=2.01 m, Width=0.11 m, Depth=0.03 m, Distance=7.92 m
[cluster_plot_node-13] [INFO] [1789803494.785055390] [lidar_clustering]: FollowGap: mode=CLEAR, direction=STRAIGHT, front=8.00 m, best_angle=0.0 deg
[cluster_plot_node-13] [INFO] [1789803495.655910779] [lidar_clustering]: ID=16, X=1.66 m, Y=2.78 m, Width=0.66 m, Depth=3.53 m, Distance=3.24 m
[cluster_plot_node-13] [INFO] [1789803495.656172921] [lidar_clustering]: ID=59, X=5.16 m, Y=3.03 m, Width=0.27 m, Depth=2.00 m, Distance=5.98 m
[cluster_plot_node-13] [INFO] [1789803495.656408823] [lidar_clustering]: ID=60, X=3.81 m, Y=2.97 m, Width=0.16 m, Depth=1.27 m, Distance=4.83 m
[cluster_plot_node-13] [INFO] [1789803495.656663570] [lidar_clustering]: ID=62, X=6.75 m, Y=3.02 m, Width=0.12 m, Depth=0.17 m, Distance=7.40 m
[cluster_plot_node-13] [INFO] [1789803495.656939588] [lidar_clustering]: ID=63, X=6.19 m, Y=2.70 m, Width=0.40 m, Depth=1.00 m, Distance=6.75 m
[cluster_plot_node-13] [INFO] [1789803495.657288251] [lidar_clustering]: FollowGap: mode=CLEAR, direction=STRAIGHT, front=8.00 m, best_angle=0.0 deg
[cluster_plot_node-13] [INFO] [1789803495.657607570] [lidar_clustering]: points=294, clusters=3, tracks=5
[cluster_plot_node-13] [INFO] [1789803496.527295559] [lidar_clustering]: ID=16, X=2.99 m, Y=3.39 m, Width=0.52 m, Depth=7.04 m, Distance=4.52 m
[cluster_plot_node-13] [INFO] [1789803496.527512335] [lidar_clustering]: ID=62, X=6.93 m, Y=3.59 m, Width=0.13 m, Depth=0.17 m, Distance=7.80 m
[cluster_plot_node-13] [INFO] [1789803496.527693615] [lidar_clustering]: ID=63, X=6.31 m, Y=3.36 m, Width=0.06 m, Depth=0.22 m, Distance=7.14 m
[cluster_plot_node-13] [INFO] [1789803496.527870757] [lidar_clustering]: FollowGap: mode=CLEAR, direction=STRAIGHT, front=8.00 m, best_angle=0.0 deg
[vrs_ntrip_client-3] [INFO] [1789803496.716083106] [ngii_vrs_ntrip_client]: [NTRIP 연결됨] RTCM 288프레임 발행, GGA 실측(37.28870,127.10677)
[serial_bridge-12] [WARN] [1789803496.790738746] [serial_bridge_node]: ⚠ 공급전압 강하: VMIN=4246mV — 배터리/전원 확인
[direct_localization_node-6] [INFO] [1789803496.823342682] [direct_localization]: pose: x=-21.53 y=-20.21 yaw=106.6° v=1.83m/s [헤딩 정렬됨]
[cluster_plot_node-13] [INFO] [1789803497.405682099] [lidar_clustering]: ID=16, X=3.07 m, Y=3.71 m, Width=1.11 m, Depth=6.58 m, Distance=4.81 m
[cluster_plot_node-13] [INFO] [1789803497.405911670] [lidar_clustering]: ID=62, X=7.17 m, Y=3.03 m, Width=0.23 m, Depth=0.06 m, Distance=7.78 m
[cluster_plot_node-13] [INFO] [1789803497.406116383] [lidar_clustering]: ID=64, X=4.66 m, Y=-2.72 m, Width=0.15 m, Depth=0.16 m, Distance=5.40 m
[cluster_plot_node-13] [INFO] [1789803497.406304155] [lidar_clustering]: FollowGap: mode=CLEAR, direction=STRAIGHT, front=8.00 m, best_angle=0.0 deg
[cluster_plot_node-13] [INFO] [1789803497.406485565] [lidar_clustering]: points=337, clusters=3, tracks=3
[cluster_plot_node-13] [INFO] [1789803498.289840695] [lidar_clustering]: ID=16, X=2.32 m, Y=3.45 m, Width=1.25 m, Depth=4.72 m, Distance=4.16 m
[cluster_plot_node-13] [INFO] [1789803498.290131931] [lidar_clustering]: ID=60, X=3.84 m, Y=3.24 m, Width=0.38 m, Depth=0.97 m, Distance=5.03 m
[cluster_plot_node-13] [INFO] [1789803498.290328359] [lidar_clustering]: ID=65, X=7.78 m, Y=1.01 m, Width=0.06 m, Depth=0.18 m, Distance=7.85 m
[cluster_plot_node-13] [INFO] [1789803498.290510100] [lidar_clustering]: FollowGap: mode=CLEAR, direction=STRAIGHT, front=8.00 m, best_angle=0.0 deg
[cluster_plot_node-13] [INFO] [1789803499.172752853] [lidar_clustering]: ID=16, X=0.62 m, Y=4.23 m, Width=0.12 m, Depth=0.26 m, Distance=4.27 m
[cluster_plot_node-13] [INFO] [1789803499.173054308] [lidar_clustering]: ID=60, X=3.30 m, Y=3.03 m, Width=0.64 m, Depth=0.91 m, Distance=4.48 m
[cluster_plot_node-13] [INFO] [1789803499.173350162] [lidar_clustering]: ID=66, X=1.79 m, Y=-3.32 m, Width=0.04 m, Depth=0.05 m, Distance=3.77 m
[cluster_plot_node-13] [INFO] [1789803499.173544677] [lidar_clustering]: ID=67, X=1.99 m, Y=3.74 m, Width=0.03 m, Depth=0.19 m, Distance=4.24 m
[cluster_plot_node-13] [INFO] [1789803499.173740143] [lidar_clustering]: FollowGap: mode=CLEAR, direction=STRAIGHT, front=8.00 m, best_angle=0.0 deg
[cluster_plot_node-13] [INFO] [1789803499.173926352] [lidar_clustering]: points=0, clusters=0, tracks=4
[direct_localization_node-6] [INFO] [1789803499.823237854] [direct_localization]: pose: x=-23.41 y=-14.36 yaw=102.6° v=2.18m/s [헤딩 정렬됨]
[cluster_plot_node-13] [INFO] [1789803500.056923076] [lidar_clustering]: No confirmed obstacles.
[cluster_plot_node-13] [INFO] [1789803500.057201427] [lidar_clustering]: FollowGap: mode=CLEAR, direction=STRAIGHT, front=8.00 m, best_angle=0.0 deg
[cluster_plot_node-13] [INFO] [1789803500.954707574] [lidar_clustering]: ID=68, X=2.89 m, Y=5.13 m, Width=1.36 m, Depth=5.97 m, Distance=5.89 m
[cluster_plot_node-13] [INFO] [1789803500.954917888] [lidar_clustering]: FollowGap: mode=CLEAR, direction=STRAIGHT, front=8.00 m, best_angle=0.0 deg
[cluster_plot_node-13] [INFO] [1789803500.955103907] [lidar_clustering]: points=248, clusters=1, tracks=1
[vrs_ntrip_client-3] [INFO] [1789803501.716032119] [ngii_vrs_ntrip_client]: [NTRIP 연결됨] RTCM 308프레임 발행, GGA 실측(37.28879,127.10675)
[cluster_plot_node-13] [INFO] [1789803501.851406435] [lidar_clustering]: ID=60, X=2.60 m, Y=2.77 m, Width=1.68 m, Depth=6.45 m, Distance=3.80 m
[cluster_plot_node-13] [INFO] [1789803501.851623092] [lidar_clustering]: ID=67, X=2.77 m, Y=3.64 m, Width=0.76 m, Depth=6.78 m, Distance=4.57 m
[cluster_plot_node-13] [INFO] [1789803501.851797959] [lidar_clustering]: ID=69, X=7.09 m, Y=0.38 m, Width=0.15 m, Depth=0.33 m, Distance=7.10 m
[cluster_plot_node-13] [INFO] [1789803501.851969190] [lidar_clustering]: FollowGap: mode=CLEAR, direction=STRAIGHT, front=8.00 m, best_angle=0.0 deg
[cluster_plot_node-13] [INFO] [1789803502.741726670] [lidar_clustering]: ID=67, X=2.25 m, Y=4.85 m, Width=1.20 m, Depth=5.11 m, Distance=5.35 m
[cluster_plot_node-13] [INFO] [1789803502.741950820] [lidar_clustering]: FollowGap: mode=CLEAR, direction=STRAIGHT, front=8.00 m, best_angle=0.0 deg
[cluster_plot_node-13] [INFO] [1789803502.742140876] [lidar_clustering]: points=197, clusters=1, tracks=1
[direct_localization_node-6] [INFO] [1789803502.823224338] [direct_localization]: pose: x=-21.71 y=-8.38 yaw=48.8° v=2.29m/s [헤딩 정렬됨]
[cluster_plot_node-13] [INFO] [1789803503.619407252] [lidar_clustering]: ID=67, X=1.24 m, Y=7.22 m, Width=0.54 m, Depth=1.69 m, Distance=7.32 m
[cluster_plot_node-13] [INFO] [1789803503.619622846] [lidar_clustering]: FollowGap: mode=CLEAR, direction=STRAIGHT, front=8.00 m, best_angle=0.0 deg
[cluster_plot_node-13] [INFO] [1789803504.498299743] [lidar_clustering]: ID=67, X=0.88 m, Y=7.55 m, Width=0.57 m, Depth=1.14 m, Distance=7.60 m
[cluster_plot_node-13] [INFO] [1789803504.498514055] [lidar_clustering]: ID=70, X=3.77 m, Y=6.22 m, Width=3.02 m, Depth=4.90 m, Distance=7.28 m
[cluster_plot_node-13] [INFO] [1789803504.498710012] [lidar_clustering]: FollowGap: mode=CLEAR, direction=STRAIGHT, front=8.00 m, best_angle=0.0 deg
[cluster_plot_node-13] [INFO] [1789803504.498907402] [lidar_clustering]: points=213, clusters=1, tracks=2
[cluster_plot_node-13] [INFO] [1789803505.370064101] [lidar_clustering]: ID=70, X=2.67 m, Y=6.28 m, Width=1.04 m, Depth=4.94 m, Distance=6.82 m
[cluster_plot_node-13] [INFO] [1789803505.370295064] [lidar_clustering]: FollowGap: mode=CLEAR, direction=STRAIGHT, front=8.00 m, best_angle=0.0 deg
[direct_localization_node-6] [INFO] [1789803505.823177800] [direct_localization]: pose: x=-16.11 y=-7.01 yaw=-15.3° v=2.41m/s [헤딩 정렬됨]
[cluster_plot_node-13] [INFO] [1789803506.340964729] [lidar_clustering]: ID=70, X=2.26 m, Y=6.69 m, Width=0.20 m, Depth=4.09 m, Distance=7.07 m
[cluster_plot_node-13] [INFO] [1789803506.341191113] [lidar_clustering]: FollowGap: mode=CLEAR, direction=STRAIGHT, front=8.00 m, best_angle=0.0 deg
[cluster_plot_node-13] [INFO] [1789803506.341373094] [lidar_clustering]: points=155, clusters=1, tracks=1
[serial_bridge-12] [WARN] [1789803506.571918517] [serial_bridge_node]: ⚠ 공급전압 강하: VMIN=4295mV — 배터리/전원 확인
[vrs_ntrip_client-3] [INFO] [1789803506.716117860] [ngii_vrs_ntrip_client]: [NTRIP 연결됨] RTCM 336프레임 발행, GGA 실측(37.28881,127.10685)
[local_pure_pursuit_node-9] [WARN] [1789803507.190139784] [local_pure_pursuit]: odom 속도 3.1m/s — 비현실적이라 버린다 (직전 2.20 유지, 누적 6회). EKF twist 스파이크로 보이며 위치는 보통 멀쩡하다.
[cluster_plot_node-13] [INFO] [1789803507.218142029] [lidar_clustering]: ID=70, X=1.92 m, Y=6.95 m, Width=0.19 m, Depth=3.40 m, Distance=7.21 m
[cluster_plot_node-13] [INFO] [1789803507.218361410] [lidar_clustering]: FollowGap: mode=CLEAR, direction=STRAIGHT, front=8.00 m, best_angle=0.0 deg
[cluster_plot_node-13] [INFO] [1789803508.109058818] [lidar_clustering]: ID=70, X=2.23 m, Y=6.73 m, Width=0.27 m, Depth=4.10 m, Distance=7.09 m
[cluster_plot_node-13] [INFO] [1789803508.109281616] [lidar_clustering]: ID=71, X=4.54 m, Y=-5.94 m, Width=0.21 m, Depth=0.08 m, Distance=7.48 m
[cluster_plot_node-13] [INFO] [1789803508.109462495] [lidar_clustering]: ID=72, X=4.35 m, Y=-6.09 m, Width=0.06 m, Depth=0.09 m, Distance=7.48 m
[cluster_plot_node-13] [INFO] [1789803508.109639146] [lidar_clustering]: ID=73, X=4.33 m, Y=-5.71 m, Width=0.06 m, Depth=0.08 m, Distance=7.17 m
[cluster_plot_node-13] [INFO] [1789803508.109819734] [lidar_clustering]: FollowGap: mode=CLEAR, direction=STRAIGHT, front=8.00 m, best_angle=0.0 deg
[cluster_plot_node-13] [INFO] [1789803508.109996997] [lidar_clustering]: points=162, clusters=2, tracks=4
[direct_localization_node-6] [INFO] [1789803508.823439199] [direct_localization]: pose: x=-9.34 y=-9.81 yaw=-15.5° v=2.62m/s [헤딩 정렬됨]
[cluster_plot_node-13] [INFO] [1789803508.999772184] [lidar_clustering]: ID=70, X=2.62 m, Y=6.25 m, Width=0.68 m, Depth=4.98 m, Distance=6.78 m
[cluster_plot_node-13] [INFO] [1789803508.999981577] [lidar_clustering]: ID=72, X=1.96 m, Y=-6.38 m, Width=0.07 m, Depth=0.12 m, Distance=6.67 m
[cluster_plot_node-13] [INFO] [1789803509.000165552] [lidar_clustering]: ID=73, X=1.85 m, Y=-6.08 m, Width=0.02 m, Depth=0.09 m, Distance=6.35 m
[cluster_plot_node-13] [INFO] [1789803509.000345198] [lidar_clustering]: ID=74, X=7.03 m, Y=-2.43 m, Width=0.18 m, Depth=0.42 m, Distance=7.44 m
[cluster_plot_node-13] [INFO] [1789803509.000518052] [lidar_clustering]: ID=75, X=6.17 m, Y=-4.55 m, Width=0.50 m, Depth=0.29 m, Distance=7.67 m
[cluster_plot_node-13] [INFO] [1789803509.000689864] [lidar_clustering]: ID=76, X=6.07 m, Y=-3.14 m, Width=1.59 m, Depth=0.69 m, Distance=6.84 m
[cluster_plot_node-13] [INFO] [1789803509.000872457] [lidar_clustering]: FollowGap: mode=CLEAR, direction=STRAIGHT, front=8.00 m, best_angle=0.0 deg
[serial_bridge-12] [WARN] [1789803509.582329061] [serial_bridge_node]: ⚠ 공급전압 강하: VMIN=4106mV — 배터리/전원 확인
[cluster_plot_node-13] [INFO] [1789803509.904747641] [lidar_clustering]: ID=70, X=2.85 m, Y=5.81 m, Width=0.90 m, Depth=5.60 m, Distance=6.47 m
[cluster_plot_node-13] [INFO] [1789803509.905094802] [lidar_clustering]: ID=74, X=6.35 m, Y=-1.47 m, Width=0.16 m, Depth=0.05 m, Distance=6.52 m
[cluster_plot_node-13] [INFO] [1789803509.905403490] [lidar_clustering]: ID=75, X=3.77 m, Y=-4.72 m, Width=0.21 m, Depth=0.43 m, Distance=6.04 m
[cluster_plot_node-13] [INFO] [1789803509.905706769] [lidar_clustering]: ID=76, X=5.64 m, Y=-2.73 m, Width=0.06 m, Depth=0.03 m, Distance=6.26 m
[cluster_plot_node-13] [INFO] [1789803509.906002754] [lidar_clustering]: ID=78, X=6.21 m, Y=-0.58 m, Width=0.65 m, Depth=0.05 m, Distance=6.24 m
[cluster_plot_node-13] [INFO] [1789803509.906303698] [lidar_clustering]: ID=79, X=5.79 m, Y=-0.59 m, Width=0.42 m, Depth=0.13 m, Distance=5.82 m
[cluster_plot_node-13] [INFO] [1789803509.906601646] [lidar_clustering]: ID=80, X=3.91 m, Y=-3.01 m, Width=1.23 m, Depth=2.20 m, Distance=4.93 m
[cluster_plot_node-13] [INFO] [1789803509.906892161] [lidar_clustering]: ID=81, X=6.16 m, Y=-2.78 m, Width=0.14 m, Depth=0.22 m, Distance=6.76 m
[cluster_plot_node-13] [INFO] [1789803509.907193115] [lidar_clustering]: FollowGap: mode=CLEAR, direction=STRAIGHT, front=8.00 m, best_angle=0.0 deg
[cluster_plot_node-13] [INFO] [1789803509.907486374] [lidar_clustering]: points=397, clusters=7, tracks=8
[vehicle_cmd_mux-11] [INFO] [1789803510.558717274] [vehicle_cmd_mux]: 모드: AVOID(라이다)
[cluster_plot_node-13] [INFO] [1789803510.787733269] [lidar_clustering]: ID=70, X=2.82 m, Y=5.63 m, Width=0.63 m, Depth=5.60 m, Distance=6.30 m
[cluster_plot_node-13] [INFO] [1789803510.787954935] [lidar_clustering]: ID=71, X=1.64 m, Y=-4.64 m, Width=0.05 m, Depth=0.09 m, Distance=4.92 m
[cluster_plot_node-13] [INFO] [1789803510.788136204] [lidar_clustering]: ID=74, X=4.22 m, Y=-1.38 m, Width=0.04 m, Depth=0.01 m, Distance=4.43 m
[cluster_plot_node-13] [INFO] [1789803510.788315200] [lidar_clustering]: ID=76, X=4.66 m, Y=-2.65 m, Width=0.17 m, Depth=0.20 m, Distance=5.36 m
[cluster_plot_node-13] [INFO] [1789803510.788486551] [lidar_clustering]: ID=78, X=4.68 m, Y=-0.21 m, Width=0.07 m, Depth=0.02 m, Distance=4.69 m
[cluster_plot_node-13] [INFO] [1789803510.788655668] [lidar_clustering]: ID=79, X=3.54 m, Y=-0.35 m, Width=0.38 m, Depth=0.08 m, Distance=3.56 m
[cluster_plot_node-13] [INFO] [1789803510.788827540] [lidar_clustering]: ID=80, X=2.35 m, Y=-2.92 m, Width=1.77 m, Depth=2.22 m, Distance=3.74 m
[cluster_plot_node-13] [INFO] [1789803510.789003891] [lidar_clustering]: ID=81, X=4.92 m, Y=-2.76 m, Width=0.10 m, Depth=0.34 m, Distance=5.65 m
[cluster_plot_node-13] [INFO] [1789803510.789179510] [lidar_clustering]: ID=82, X=6.81 m, Y=-3.06 m, Width=0.04 m, Depth=0.22 m, Distance=7.47 m
[cluster_plot_node-13] [INFO] [1789803510.789351011] [lidar_clustering]: ID=83, X=3.87 m, Y=-2.61 m, Width=0.25 m, Depth=0.89 m, Distance=4.67 m
[cluster_plot_node-13] [INFO] [1789803510.789588837] [lidar_clustering]: ID=84, X=4.11 m, Y=-2.63 m, Width=0.17 m, Depth=0.71 m, Distance=4.88 m
[cluster_plot_node-13] [INFO] [1789803510.789850478] [lidar_clustering]: ID=85, X=5.96 m, Y=-2.95 m, Width=0.16 m, Depth=0.85 m, Distance=6.65 m
[cluster_plot_node-13] [INFO] [1789803510.790127777] [lidar_clustering]: ID=86, X=3.14 m, Y=-0.96 m, Width=0.09 m, Depth=0.03 m, Distance=3.29 m
[cluster_plot_node-13] [INFO] [1789803510.790322733] [lidar_clustering]: ID=87, X=3.93 m, Y=-0.47 m, Width=0.64 m, Depth=0.10 m, Distance=3.95 m
[cluster_plot_node-13] [INFO] [1789803510.790500135] [lidar_clustering]: ID=88, X=3.04 m, Y=-2.56 m, Width=0.23 m, Depth=1.23 m, Distance=3.97 m
[cluster_plot_node-13] [INFO] [1789803510.790686324] [lidar_clustering]: FollowGap: mode=AVOID, direction=LEFT, front=3.20 m, best_angle=10.2 deg
[cluster_plot_node-13] [INFO] [1789803511.671874471] [lidar_clustering]: ID=70, X=3.09 m, Y=4.54 m, Width=1.71 m, Depth=6.69 m, Distance=5.50 m
[cluster_plot_node-13] [INFO] [1789803511.672095175] [lidar_clustering]: ID=74, X=2.64 m, Y=-1.24 m, Width=0.06 m, Depth=0.19 m, Distance=2.92 m
[cluster_plot_node-13] [INFO] [1789803511.672406067] [lidar_clustering]: ID=77, X=5.88 m, Y=-4.88 m, Width=0.09 m, Depth=0.07 m, Distance=7.64 m
[cluster_plot_node-13] [INFO] [1789803511.672651347] [lidar_clustering]: ID=79, X=1.79 m, Y=-1.25 m, Width=0.48 m, Depth=0.22 m, Distance=2.18 m
[cluster_plot_node-13] [INFO] [1789803511.672834901] [lidar_clustering]: ID=83, X=2.72 m, Y=-3.17 m, Width=0.39 m, Depth=1.21 m, Distance=4.18 m
[cluster_plot_node-13] [INFO] [1789803511.673019607] [lidar_clustering]: ID=86, X=1.40 m, Y=-1.25 m, Width=0.34 m, Depth=0.17 m, Distance=1.87 m
[cluster_plot_node-13] [INFO] [1789803511.673195156] [lidar_clustering]: ID=87, X=2.49 m, Y=-1.01 m, Width=0.44 m, Depth=0.15 m, Distance=2.68 m
[cluster_plot_node-13] [INFO] [1789803511.673368491] [lidar_clustering]: ID=88, X=2.39 m, Y=-2.25 m, Width=0.03 m, Depth=0.09 m, Distance=3.28 m
[cluster_plot_node-13] [INFO] [1789803511.673577814] [lidar_clustering]: FollowGap: mode=AVOID, direction=RIGHT, front=1.83 m, best_angle=-10.6 deg
[cluster_plot_node-13] [INFO] [1789803511.673766337] [lidar_clustering]: points=391, clusters=4, tracks=8
[vrs_ntrip_client-3] [INFO] [1789803511.716147835] [ngii_vrs_ntrip_client]: [NTRIP 연결됨] RTCM 356프레임 발행, GGA 실측(37.28878,127.10698)
[direct_localization_node-6] [INFO] [1789803511.823265892] [direct_localization]: pose: x=-2.28 y=-11.50 yaw=-3.5° v=2.10m/s [헤딩 정렬됨]
[cluster_plot_node-13] [INFO] [1789803512.555969173] [lidar_clustering]: ID=70, X=2.62 m, Y=4.84 m, Width=0.40 m, Depth=5.46 m, Distance=5.50 m
[cluster_plot_node-13] [INFO] [1789803512.556265669] [lidar_clustering]: ID=74, X=1.17 m, Y=-0.77 m, Width=0.38 m, Depth=0.16 m, Distance=1.39 m
[cluster_plot_node-13] [INFO] [1789803512.556542638] [lidar_clustering]: ID=86, X=0.64 m, Y=-0.85 m, Width=0.28 m, Depth=0.43 m, Distance=1.06 m
[cluster_plot_node-13] [INFO] [1789803512.556831820] [lidar_clustering]: FollowGap: mode=AVOID, direction=STRAIGHT, front=1.26 m, best_angle=4.0 deg
[serial_bridge-12] [WARN] [1789803512.740335954] [serial_bridge_node]: ⚠ 공급전압 강하: VMIN=4167mV — 배터리/전원 확인
[vehicle_cmd_mux-11] [INFO] [1789803513.208693518] [vehicle_cmd_mux]: 모드: AUTO
[cluster_plot_node-13] [INFO] [1789803513.427596224] [lidar_clustering]: ID=70, X=2.58 m, Y=4.49 m, Width=0.92 m, Depth=5.40 m, Distance=5.18 m
[cluster_plot_node-13] [INFO] [1789803513.427816687] [lidar_clustering]: ID=74, X=0.55 m, Y=-0.66 m, Width=0.15 m, Depth=0.15 m, Distance=0.86 m
[cluster_plot_node-13] [INFO] [1789803513.428005631] [lidar_clustering]: ID=76, X=4.55 m, Y=-4.11 m, Width=0.15 m, Depth=0.47 m, Distance=6.13 m
[cluster_plot_node-13] [INFO] [1789803513.428186670] [lidar_clustering]: ID=85, X=5.35 m, Y=-4.34 m, Width=0.09 m, Depth=0.07 m, Distance=6.89 m
[cluster_plot_node-13] [INFO] [1789803513.428369804] [lidar_clustering]: ID=86, X=0.53 m, Y=-0.98 m, Width=0.02 m, Depth=0.06 m, Distance=1.12 m
[cluster_plot_node-13] [INFO] [1789803513.428549010] [lidar_clustering]: ID=89, X=6.56 m, Y=4.44 m, Width=0.42 m, Depth=0.27 m, Distance=7.92 m
[cluster_plot_node-13] [INFO] [1789803513.428727945] [lidar_clustering]: ID=90, X=6.08 m, Y=4.50 m, Width=0.07 m, Depth=0.24 m, Distance=7.56 m
[cluster_plot_node-13] [INFO] [1789803513.428908934] [lidar_clustering]: FollowGap: mode=CLEAR, direction=STRAIGHT, front=8.00 m, best_angle=0.0 deg
[cluster_plot_node-13] [INFO] [1789803513.429110041] [lidar_clustering]: points=300, clusters=5, tracks=7
[cluster_plot_node-13] [INFO] [1789803514.299989458] [lidar_clustering]: ID=70, X=2.65 m, Y=4.99 m, Width=0.26 m, Depth=5.77 m, Distance=5.65 m
[cluster_plot_node-13] [INFO] [1789803514.300231211] [lidar_clustering]: ID=75, X=3.83 m, Y=-3.33 m, Width=0.33 m, Depth=2.19 m, Distance=5.07 m
[cluster_plot_node-13] [INFO] [1789803514.300418011] [lidar_clustering]: ID=76, X=5.01 m, Y=-3.63 m, Width=0.30 m, Depth=0.34 m, Distance=6.19 m
[cluster_plot_node-13] [INFO] [1789803514.300591326] [lidar_clustering]: ID=77, X=6.94 m, Y=-2.77 m, Width=0.38 m, Depth=0.17 m, Distance=7.47 m
[cluster_plot_node-13] [INFO] [1789803514.300763258] [lidar_clustering]: ID=85, X=5.48 m, Y=-4.41 m, Width=0.08 m, Depth=0.19 m, Distance=7.04 m
[cluster_plot_node-13] [INFO] [1789803514.300938406] [lidar_clustering]: ID=89, X=5.45 m, Y=5.30 m, Width=1.00 m, Depth=1.35 m, Distance=7.60 m
[cluster_plot_node-13] [INFO] [1789803514.301132821] [lidar_clustering]: ID=90, X=4.50 m, Y=5.58 m, Width=0.41 m, Depth=0.25 m, Distance=7.17 m
[cluster_plot_node-13] [INFO] [1789803514.301309242] [lidar_clustering]: FollowGap: mode=CLEAR, direction=STRAIGHT, front=8.00 m, best_angle=0.0 deg
[direct_localization_node-6] [INFO] [1789803514.823263484] [direct_localization]: pose: x=1.36 y=-12.72 yaw=-31.7° v=1.13m/s [헤딩 정렬됨]
[cluster_plot_node-13] [INFO] [1789803515.165696026] [lidar_clustering]: ID=70, X=2.09 m, Y=6.08 m, Width=1.06 m, Depth=3.96 m, Distance=6.43 m
[cluster_plot_node-13] [INFO] [1789803515.165923863] [lidar_clustering]: ID=75, X=3.21 m, Y=-2.33 m, Width=1.19 m, Depth=2.71 m, Distance=3.97 m
[cluster_plot_node-13] [INFO] [1789803515.166127444] [lidar_clustering]: ID=76, X=5.32 m, Y=-2.86 m, Width=0.06 m, Depth=0.03 m, Distance=6.05 m
[cluster_plot_node-13] [INFO] [1789803515.166317080] [lidar_clustering]: ID=77, X=6.61 m, Y=-0.47 m, Width=0.20 m, Depth=0.13 m, Distance=6.63 m
[cluster_plot_node-13] [INFO] [1789803515.166506926] [lidar_clustering]: ID=91, X=1.55 m, Y=-2.79 m, Width=0.23 m, Depth=0.80 m, Distance=3.19 m
[cluster_plot_node-13] [INFO] [1789803515.166703865] [lidar_clustering]: ID=92, X=7.44 m, Y=-0.89 m, Width=0.43 m, Depth=0.06 m, Distance=7.49 m
[cluster_plot_node-13] [INFO] [1789803515.166893560] [lidar_clustering]: ID=93, X=2.58 m, Y=-3.59 m, Width=0.20 m, Depth=0.21 m, Distance=4.42 m
[cluster_plot_node-13] [INFO] [1789803515.167093114] [lidar_clustering]: FollowGap: mode=CLEAR, direction=STRAIGHT, front=8.00 m, best_angle=0.0 deg
[cluster_plot_node-13] [INFO] [1789803515.167287819] [lidar_clustering]: points=403, clusters=6, tracks=7
[serial_bridge-12] [WARN] [1789803515.746971495] [serial_bridge_node]: ⚠ 공급전압 강하: VMIN=4121mV — 배터리/전원 확인
[cluster_plot_node-13] [INFO] [1789803516.032164559] [lidar_clustering]: ID=70, X=1.58 m, Y=6.81 m, Width=0.90 m, Depth=2.75 m, Distance=6.99 m
[cluster_plot_node-13] [INFO] [1789803516.032415930] [lidar_clustering]: ID=75, X=2.48 m, Y=-1.75 m, Width=0.81 m, Depth=2.63 m, Distance=3.03 m
[cluster_plot_node-13] [INFO] [1789803516.032647464] [lidar_clustering]: ID=76, X=4.37 m, Y=-1.48 m, Width=0.21 m, Depth=0.37 m, Distance=4.61 m
[cluster_plot_node-13] [INFO] [1789803516.032850444] [lidar_clustering]: ID=77, X=5.89 m, Y=0.76 m, Width=0.53 m, Depth=0.10 m, Distance=5.94 m
[cluster_plot_node-13] [INFO] [1789803516.033044659] [lidar_clustering]: ID=90, X=4.21 m, Y=6.36 m, Width=0.32 m, Depth=0.61 m, Distance=7.63 m
[cluster_plot_node-13] [INFO] [1789803516.033252208] [lidar_clustering]: ID=91, X=1.70 m, Y=-2.94 m, Width=0.22 m, Depth=0.17 m, Distance=3.40 m
[cluster_plot_node-13] [INFO] [1789803516.033426735] [lidar_clustering]: ID=92, X=6.96 m, Y=1.74 m, Width=0.17 m, Depth=0.13 m, Distance=7.17 m
[cluster_plot_node-13] [INFO] [1789803516.033599699] [lidar_clustering]: ID=94, X=6.46 m, Y=0.44 m, Width=0.13 m, Depth=0.11 m, Distance=6.48 m
[cluster_plot_node-13] [INFO] [1789803516.033771391] [lidar_clustering]: ID=95, X=7.27 m, Y=-1.42 m, Width=1.37 m, Depth=0.60 m, Distance=7.41 m
[cluster_plot_node-13] [INFO] [1789803516.033942612] [lidar_clustering]: ID=96, X=7.50 m, Y=-0.26 m, Width=0.47 m, Depth=0.82 m, Distance=7.50 m
[cluster_plot_node-13] [INFO] [1789803516.034118030] [lidar_clustering]: ID=97, X=7.78 m, Y=-0.92 m, Width=0.14 m, Depth=0.01 m, Distance=7.84 m
[cluster_plot_node-13] [INFO] [1789803516.034303007] [lidar_clustering]: FollowGap: mode=CLEAR, direction=STRAIGHT, front=8.00 m, best_angle=0.0 deg
[vrs_ntrip_client-3] [INFO] [1789803516.716111241] [ngii_vrs_ntrip_client]: [NTRIP 연결됨] RTCM 384프레임 발행, GGA 실측(37.28875,127.10705)
[cluster_plot_node-13] [INFO] [1789803516.904097122] [lidar_clustering]: ID=70, X=1.63 m, Y=6.79 m, Width=0.79 m, Depth=2.90 m, Distance=6.98 m
[cluster_plot_node-13] [INFO] [1789803516.904325891] [lidar_clustering]: ID=75, X=1.82 m, Y=-1.95 m, Width=0.23 m, Depth=0.91 m, Distance=2.66 m
[cluster_plot_node-13] [INFO] [1789803516.904520055] [lidar_clustering]: ID=76, X=5.95 m, Y=-1.53 m, Width=0.06 m, Depth=0.02 m, Distance=6.15 m
[cluster_plot_node-13] [INFO] [1789803516.904707807] [lidar_clustering]: ID=77, X=5.32 m, Y=0.96 m, Width=0.23 m, Depth=0.11 m, Distance=5.41 m
[cluster_plot_node-13] [INFO] [1789803516.904898835] [lidar_clustering]: ID=92, X=6.30 m, Y=2.29 m, Width=0.09 m, Depth=0.03 m, Distance=6.71 m
[cluster_plot_node-13] [INFO] [1789803516.905090975] [lidar_clustering]: ID=94, X=5.25 m, Y=2.31 m, Width=0.12 m, Depth=0.03 m, Distance=5.74 m
[cluster_plot_node-13] [INFO] [1789803516.905280410] [lidar_clustering]: ID=95, X=6.23 m, Y=-0.93 m, Width=0.22 m, Depth=0.18 m, Distance=6.30 m
[cluster_plot_node-13] [INFO] [1789803516.905467370] [lidar_clustering]: ID=96, X=5.50 m, Y=-0.77 m, Width=0.35 m, Depth=0.29 m, Distance=5.55 m
[cluster_plot_node-13] [INFO] [1789803516.905652307] [lidar_clustering]: ID=97, X=5.34 m, Y=-2.26 m, Width=1.95 m, Depth=0.37 m, Distance=5.80 m
[cluster_plot_node-13] [INFO] [1789803516.905886276] [lidar_clustering]: ID=98, X=5.79 m, Y=0.37 m, Width=0.55 m, Depth=0.17 m, Distance=5.80 m
[cluster_plot_node-13] [INFO] [1789803516.906207067] [lidar_clustering]: ID=99, X=5.73 m, Y=-3.82 m, Width=0.37 m, Depth=0.26 m, Distance=6.89 m
[cluster_plot_node-13] [INFO] [1789803516.906436397] [lidar_clustering]: ID=100, X=6.24 m, Y=-2.08 m, Width=0.07 m, Depth=0.02 m, Distance=6.58 m
[cluster_plot_node-13] [INFO] [1789803516.906631532] [lidar_clustering]: ID=101, X=4.79 m, Y=0.79 m, Width=0.54 m, Depth=0.21 m, Distance=4.85 m
[cluster_plot_node-13] [INFO] [1789803516.906815788] [lidar_clustering]: ID=102, X=6.22 m, Y=4.94 m, Width=0.08 m, Depth=0.12 m, Distance=7.94 m
[cluster_plot_node-13] [INFO] [1789803516.906999452] [lidar_clustering]: ID=103, X=5.51 m, Y=2.65 m, Width=0.08 m, Depth=0.04 m, Distance=6.12 m
[cluster_plot_node-13] [INFO] [1789803516.907193396] [lidar_clustering]: FollowGap: mode=CLEAR, direction=STRAIGHT, front=8.00 m, best_angle=0.0 deg
[cluster_plot_node-13] [INFO] [1789803516.907381498] [lidar_clustering]: points=400, clusters=14, tracks=15
[vehicle_cmd_mux-11] [INFO] [1789803517.559016380] [vehicle_cmd_mux]: 모드: AVOID(라이다)
[cluster_plot_node-13] [INFO] [1789803517.781982130] [lidar_clustering]: ID=70, X=1.81 m, Y=6.46 m, Width=0.82 m, Depth=3.40 m, Distance=6.71 m
[cluster_plot_node-13] [INFO] [1789803517.782212151] [lidar_clustering]: ID=76, X=3.52 m, Y=-2.73 m, Width=0.05 m, Depth=0.04 m, Distance=4.45 m
[cluster_plot_node-13] [INFO] [1789803517.782407608] [lidar_clustering]: ID=77, X=4.91 m, Y=0.44 m, Width=0.46 m, Depth=0.18 m, Distance=4.93 m
[cluster_plot_node-13] [INFO] [1789803517.782597033] [lidar_clustering]: ID=92, X=5.73 m, Y=1.97 m, Width=0.16 m, Depth=0.15 m, Distance=6.06 m
[cluster_plot_node-13] [INFO] [1789803517.782779635] [lidar_clustering]: ID=93, X=3.02 m, Y=-3.95 m, Width=0.12 m, Depth=0.17 m, Distance=4.97 m
[cluster_plot_node-13] [INFO] [1789803517.782959863] [lidar_clustering]: ID=94, X=4.55 m, Y=2.61 m, Width=0.06 m, Depth=0.04 m, Distance=5.24 m
[cluster_plot_node-13] [INFO] [1789803517.783144900] [lidar_clustering]: ID=95, X=4.65 m, Y=-2.02 m, Width=0.10 m, Depth=0.04 m, Distance=5.07 m
[cluster_plot_node-13] [INFO] [1789803517.783327802] [lidar_clustering]: ID=96, X=3.46 m, Y=-2.27 m, Width=0.47 m, Depth=1.30 m, Distance=4.14 m
[cluster_plot_node-13] [INFO] [1789803517.783507639] [lidar_clustering]: ID=97, X=3.47 m, Y=-3.55 m, Width=0.06 m, Depth=0.11 m, Distance=4.96 m
[cluster_plot_node-13] [INFO] [1789803517.783692265] [lidar_clustering]: ID=98, X=4.24 m, Y=0.86 m, Width=0.18 m, Depth=0.07 m, Distance=4.33 m
[cluster_plot_node-13] [INFO] [1789803517.783873816] [lidar_clustering]: ID=99, X=3.72 m, Y=-4.48 m, Width=0.10 m, Depth=0.13 m, Distance=5.83 m
[cluster_plot_node-13] [INFO] [1789803517.784059183] [lidar_clustering]: ID=101, X=3.79 m, Y=0.77 m, Width=0.46 m, Depth=0.14 m, Distance=3.86 m
[cluster_plot_node-13] [INFO] [1789803517.784242286] [lidar_clustering]: ID=102, X=6.30 m, Y=3.56 m, Width=0.10 m, Depth=0.06 m, Distance=7.24 m
[cluster_plot_node-13] [INFO] [1789803517.784423957] [lidar_clustering]: ID=103, X=6.31 m, Y=1.94 m, Width=0.19 m, Depth=0.05 m, Distance=6.60 m
[cluster_plot_node-13] [INFO] [1789803517.784606008] [lidar_clustering]: ID=104, X=5.95 m, Y=4.44 m, Width=0.08 m, Depth=0.06 m, Distance=7.42 m
[cluster_plot_node-13] [INFO] [1789803517.784786967] [lidar_clustering]: ID=105, X=4.18 m, Y=2.06 m, Width=0.17 m, Depth=0.06 m, Distance=4.66 m
[cluster_plot_node-13] [INFO] [1789803517.784970101] [lidar_clustering]: FollowGap: mode=AVOID, direction=RIGHT, front=3.82 m, best_angle=-2.6 deg
[direct_localization_node-6] [INFO] [1789803517.823164994] [direct_localization]: pose: x=5.68 y=-15.88 yaw=-23.0° v=2.29m/s [헤딩 정렬됨]
[vehicle_cmd_mux-11] [INFO] [1789803518.308922767] [vehicle_cmd_mux]: 모드: AUTO
[cluster_plot_node-13] [INFO] [1789803518.745635471] [lidar_clustering]: ID=70, X=1.27 m, Y=6.91 m, Width=0.97 m, Depth=2.08 m, Distance=7.03 m
[cluster_plot_node-13] [INFO] [1789803518.745851276] [lidar_clustering]: ID=75, X=1.76 m, Y=-2.95 m, Width=1.28 m, Depth=0.54 m, Distance=3.44 m
[cluster_plot_node-13] [INFO] [1789803518.746031083] [lidar_clustering]: ID=76, X=2.29 m, Y=-2.11 m, Width=0.27 m, Depth=0.91 m, Distance=3.11 m
[cluster_plot_node-13] [INFO] [1789803518.746202685] [lidar_clustering]: ID=77, X=4.94 m, Y=0.94 m, Width=0.28 m, Depth=0.07 m, Distance=5.03 m
[cluster_plot_node-13] [INFO] [1789803518.746374968] [lidar_clustering]: ID=92, X=4.99 m, Y=1.60 m, Width=0.24 m, Depth=0.20 m, Distance=5.24 m
[cluster_plot_node-13] [INFO] [1789803518.746550296] [lidar_clustering]: ID=94, X=3.48 m, Y=1.68 m, Width=0.26 m, Depth=0.12 m, Distance=3.86 m
[cluster_plot_node-13] [INFO] [1789803518.746721437] [lidar_clustering]: ID=96, X=2.17 m, Y=-2.82 m, Width=0.14 m, Depth=0.12 m, Distance=3.56 m
[cluster_plot_node-13] [INFO] [1789803518.746892898] [lidar_clustering]: ID=98, X=2.44 m, Y=1.69 m, Width=0.30 m, Depth=0.17 m, Distance=2.97 m
[cluster_plot_node-13] [INFO] [1789803518.747068137] [lidar_clustering]: ID=102, X=4.51 m, Y=2.63 m, Width=0.17 m, Depth=0.04 m, Distance=5.23 m
[cluster_plot_node-13] [INFO] [1789803518.747240761] [lidar_clustering]: ID=104, X=4.91 m, Y=2.96 m, Width=0.07 m, Depth=0.04 m, Distance=5.73 m
[cluster_plot_node-13] [INFO] [1789803518.747411050] [lidar_clustering]: ID=105, X=2.75 m, Y=3.06 m, Width=0.07 m, Depth=0.05 m, Distance=4.12 m
[cluster_plot_node-13] [INFO] [1789803518.747596948] [lidar_clustering]: ID=107, X=6.20 m, Y=-0.84 m, Width=1.09 m, Depth=0.34 m, Distance=6.26 m
[cluster_plot_node-13] [INFO] [1789803518.747787946] [lidar_clustering]: ID=108, X=3.98 m, Y=2.03 m, Width=0.12 m, Depth=0.04 m, Distance=4.47 m
[cluster_plot_node-13] [INFO] [1789803518.747971600] [lidar_clustering]: ID=109, X=3.05 m, Y=3.55 m, Width=0.04 m, Depth=0.05 m, Distance=4.68 m
[cluster_plot_node-13] [INFO] [1789803518.748165464] [lidar_clustering]: FollowGap: mode=CLEAR, direction=STRAIGHT, front=8.00 m, best_angle=0.0 deg
[cluster_plot_node-13] [INFO] [1789803518.748354037] [lidar_clustering]: points=235, clusters=9, tracks=14
[serial_bridge-12] [WARN] [1789803518.761360477] [serial_bridge_node]: ⚠ 공급전압 강하: VMIN=3561mV — 배터리/전원 확인
[vehicle_cmd_mux-11] [INFO] [1789803519.308912444] [vehicle_cmd_mux]: 모드: AVOID(라이다)
[cluster_plot_node-13] [INFO] [1789803519.624621579] [lidar_clustering]: ID=70, X=1.21 m, Y=7.03 m, Width=0.97 m, Depth=1.90 m, Distance=7.13 m
[cluster_plot_node-13] [INFO] [1789803519.624945166] [lidar_clustering]: ID=75, X=1.32 m, Y=-3.93 m, Width=0.02 m, Depth=0.06 m, Distance=4.14 m
[cluster_plot_node-13] [INFO] [1789803519.625144700] [lidar_clustering]: ID=77, X=4.46 m, Y=0.05 m, Width=0.23 m, Depth=0.08 m, Distance=4.46 m
[cluster_plot_node-13] [INFO] [1789803519.625327492] [lidar_clustering]: ID=92, X=3.81 m, Y=-0.34 m, Width=0.41 m, Depth=0.23 m, Distance=3.83 m
[cluster_plot_node-13] [INFO] [1789803519.625506558] [lidar_clustering]: ID=94, X=2.51 m, Y=1.82 m, Width=0.17 m, Depth=0.36 m, Distance=3.10 m
[cluster_plot_node-13] [INFO] [1789803519.625686155] [lidar_clustering]: ID=98, X=1.88 m, Y=1.73 m, Width=0.13 m, Depth=0.13 m, Distance=2.55 m
[cluster_plot_node-13] [INFO] [1789803519.625863427] [lidar_clustering]: ID=100, X=4.29 m, Y=-3.53 m, Width=0.14 m, Depth=0.05 m, Distance=5.56 m
[cluster_plot_node-13] [INFO] [1789803519.626045989] [lidar_clustering]: ID=101, X=1.49 m, Y=1.69 m, Width=0.12 m, Depth=0.50 m, Distance=2.26 m
[cluster_plot_node-13] [INFO] [1789803519.626226537] [lidar_clustering]: ID=102, X=3.06 m, Y=0.61 m, Width=0.28 m, Depth=0.18 m, Distance=3.12 m
[cluster_plot_node-13] [INFO] [1789803519.626402547] [lidar_clustering]: ID=105, X=1.99 m, Y=3.66 m, Width=0.10 m, Depth=0.31 m, Distance=4.17 m
[cluster_plot_node-13] [INFO] [1789803519.626578858] [lidar_clustering]: ID=108, X=3.36 m, Y=0.65 m, Width=0.05 m, Depth=0.01 m, Distance=3.42 m
[cluster_plot_node-13] [INFO] [1789803519.626755238] [lidar_clustering]: ID=109, X=2.35 m, Y=3.76 m, Width=0.11 m, Depth=0.19 m, Distance=4.43 m
[cluster_plot_node-13] [INFO] [1789803519.626931068] [lidar_clustering]: ID=110, X=6.34 m, Y=-3.78 m, Width=0.06 m, Depth=0.10 m, Distance=7.38 m
[cluster_plot_node-13] [INFO] [1789803519.627114802] [lidar_clustering]: ID=111, X=5.92 m, Y=-3.59 m, Width=0.34 m, Depth=0.23 m, Distance=6.93 m
[cluster_plot_node-13] [INFO] [1789803519.627301643] [lidar_clustering]: FollowGap: mode=BLOCKED, direction=STOP, front=2.94 m, best_angle=0.0 deg
[vehicle_cmd_mux-11] [INFO] [1789803519.659437569] [vehicle_cmd_mux]: 모드: AUTO
[cluster_plot_node-13] [INFO] [1789803520.508234647] [lidar_clustering]: ID=70, X=0.50 m, Y=7.43 m, Width=0.03 m, Depth=0.16 m, Distance=7.45 m
[cluster_plot_node-13] [INFO] [1789803520.508471321] [lidar_clustering]: ID=92, X=2.48 m, Y=-1.20 m, Width=0.25 m, Depth=0.05 m, Distance=2.75 m
[cluster_plot_node-13] [INFO] [1789803520.508655295] [lidar_clustering]: ID=94, X=1.05 m, Y=2.12 m, Width=0.22 m, Depth=0.36 m, Distance=2.37 m
[cluster_plot_node-13] [INFO] [1789803520.508831616] [lidar_clustering]: ID=95, X=1.86 m, Y=-0.74 m, Width=0.19 m, Depth=0.06 m, Distance=2.00 m
[cluster_plot_node-13] [INFO] [1789803520.509005181] [lidar_clustering]: ID=98, X=0.92 m, Y=2.12 m, Width=0.15 m, Depth=0.36 m, Distance=2.31 m
[cluster_plot_node-13] [INFO] [1789803520.509180660] [lidar_clustering]: ID=100, X=3.30 m, Y=-4.41 m, Width=0.11 m, Depth=0.11 m, Distance=5.51 m
[cluster_plot_node-13] [INFO] [1789803520.509352612] [lidar_clustering]: ID=101, X=0.35 m, Y=2.01 m, Width=0.02 m, Depth=0.04 m, Distance=2.04 m
[cluster_plot_node-13] [INFO] [1789803520.509524595] [lidar_clustering]: ID=105, X=1.01 m, Y=4.22 m, Width=0.08 m, Depth=0.16 m, Distance=4.33 m
[cluster_plot_node-13] [INFO] [1789803520.509695465] [lidar_clustering]: ID=108, X=1.71 m, Y=-0.20 m, Width=0.23 m, Depth=0.11 m, Distance=1.72 m
[cluster_plot_node-13] [INFO] [1789803520.509865233] [lidar_clustering]: ID=109, X=0.57 m, Y=4.69 m, Width=0.05 m, Depth=0.09 m, Distance=4.73 m
[cluster_plot_node-13] [INFO] [1789803520.510040001] [lidar_clustering]: ID=110, X=4.95 m, Y=-3.12 m, Width=0.22 m, Depth=0.32 m, Distance=5.85 m
[cluster_plot_node-13] [INFO] [1789803520.510210250] [lidar_clustering]: ID=111, X=4.48 m, Y=-3.08 m, Width=0.30 m, Depth=0.28 m, Distance=5.43 m
[cluster_plot_node-13] [INFO] [1789803520.510379227] [lidar_clustering]: ID=112, X=5.70 m, Y=-4.14 m, Width=0.24 m, Depth=0.13 m, Distance=7.05 m
[cluster_plot_node-13] [INFO] [1789803520.510563532] [lidar_clustering]: ID=113, X=1.71 m, Y=7.37 m, Width=0.10 m, Depth=1.01 m, Distance=7.57 m
[cluster_plot_node-13] [INFO] [1789803520.510782553] [lidar_clustering]: ID=114, X=2.99 m, Y=7.04 m, Width=0.25 m, Depth=1.16 m, Distance=7.64 m
[cluster_plot_node-13] [INFO] [1789803520.511065163] [lidar_clustering]: FollowGap: mode=BLOCKED, direction=STOP, front=1.63 m, best_angle=0.0 deg
[cluster_plot_node-13] [INFO] [1789803520.511321663] [lidar_clustering]: points=214, clusters=9, tracks=15
[vehicle_cmd_mux-11] [INFO] [1789803520.608741361] [vehicle_cmd_mux]: 모드: AVOID(라이다)
[direct_localization_node-6] [INFO] [1789803520.823158143] [direct_localization]: pose: x=11.54 y=-18.25 yaw=-19.6° v=1.91m/s [헤딩 정렬됨]
[vehicle_cmd_mux-11] [INFO] [1789803521.059336155] [vehicle_cmd_mux]: 모드: AUTO
[cluster_plot_node-13] [INFO] [1789803521.373659149] [lidar_clustering]: ID=76, X=1.79 m, Y=-2.39 m, Width=0.23 m, Depth=0.39 m, Distance=2.98 m
[cluster_plot_node-13] [INFO] [1789803521.373920609] [lidar_clustering]: ID=92, X=2.08 m, Y=-1.65 m, Width=0.18 m, Depth=0.11 m, Distance=2.66 m
[cluster_plot_node-13] [INFO] [1789803521.374118389] [lidar_clustering]: ID=95, X=0.85 m, Y=-1.30 m, Width=0.04 m, Depth=0.11 m, Distance=1.55 m
[cluster_plot_node-13] [INFO] [1789803521.374325468] [lidar_clustering]: ID=98, X=0.39 m, Y=2.18 m, Width=0.12 m, Depth=0.13 m, Distance=2.22 m
[cluster_plot_node-13] [INFO] [1789803521.374512117] [lidar_clustering]: ID=110, X=3.48 m, Y=-3.30 m, Width=0.09 m, Depth=0.33 m, Distance=4.80 m
[cluster_plot_node-13] [INFO] [1789803521.374692706] [lidar_clustering]: ID=111, X=2.97 m, Y=-3.18 m, Width=0.11 m, Depth=0.12 m, Distance=4.35 m
[cluster_plot_node-13] [INFO] [1789803521.374892701] [lidar_clustering]: ID=112, X=4.56 m, Y=-4.16 m, Width=0.14 m, Depth=0.06 m, Distance=6.17 m
[cluster_plot_node-13] [INFO] [1789803521.375157016] [lidar_clustering]: ID=114, X=2.21 m, Y=6.20 m, Width=0.64 m, Depth=4.54 m, Distance=6.58 m
[cluster_plot_node-13] [INFO] [1789803521.375421622] [lidar_clustering]: FollowGap: mode=CLEAR, direction=STRAIGHT, front=8.00 m, best_angle=0.0 deg
[vrs_ntrip_client-3] [INFO] [1789803521.715991835] [ngii_vrs_ntrip_client]: [NTRIP 연결됨] RTCM 404프레임 발행, GGA 실측(37.28872,127.10716)
[serial_bridge-12] [WARN] [1789803521.768190178] [serial_bridge_node]: ⚠ 공급전압 강하: VMIN=4092mV — 배터리/전원 확인
[cluster_plot_node-13] [INFO] [1789803522.251880875] [lidar_clustering]: ID=70, X=1.27 m, Y=7.38 m, Width=0.45 m, Depth=2.83 m, Distance=7.49 m
[cluster_plot_node-13] [INFO] [1789803522.252103402] [lidar_clustering]: ID=100, X=3.02 m, Y=-4.46 m, Width=0.23 m, Depth=0.33 m, Distance=5.39 m
[cluster_plot_node-13] [INFO] [1789803522.252310991] [lidar_clustering]: ID=110, X=2.27 m, Y=-3.61 m, Width=0.01 m, Depth=0.06 m, Distance=4.27 m
[cluster_plot_node-13] [INFO] [1789803522.252512709] [lidar_clustering]: ID=111, X=1.70 m, Y=-3.32 m, Width=0.22 m, Depth=0.36 m, Distance=3.73 m
[cluster_plot_node-13] [INFO] [1789803522.252705020] [lidar_clustering]: ID=114, X=2.15 m, Y=6.35 m, Width=0.53 m, Depth=4.13 m, Distance=6.70 m
[cluster_plot_node-13] [INFO] [1789803522.252893453] [lidar_clustering]: FollowGap: mode=CLEAR, direction=STRAIGHT, front=8.00 m, best_angle=0.0 deg
[cluster_plot_node-13] [INFO] [1789803522.253087677] [lidar_clustering]: points=95, clusters=1, tracks=5
[cluster_plot_node-13] [INFO] [1789803523.129839306] [lidar_clustering]: ID=70, X=1.68 m, Y=6.28 m, Width=1.31 m, Depth=3.28 m, Distance=6.50 m
[cluster_plot_node-13] [INFO] [1789803523.130075067] [lidar_clustering]: ID=115, X=5.06 m, Y=-5.82 m, Width=0.21 m, Depth=0.17 m, Distance=7.71 m
[cluster_plot_node-13] [INFO] [1789803523.130273600] [lidar_clustering]: FollowGap: mode=CLEAR, direction=STRAIGHT, front=8.00 m, best_angle=0.0 deg
[direct_localization_node-6] [INFO] [1789803523.823399855] [direct_localization]: pose: x=16.91 y=-20.26 yaw=-24.7° v=2.19m/s [헤딩 정렬됨]
[cluster_plot_node-13] [INFO] [1789803524.008111411] [lidar_clustering]: ID=70, X=1.04 m, Y=7.14 m, Width=0.93 m, Depth=1.04 m, Distance=7.21 m
[cluster_plot_node-13] [INFO] [1789803524.008328368] [lidar_clustering]: ID=114, X=1.29 m, Y=6.79 m, Width=0.98 m, Depth=1.94 m, Distance=6.91 m
[cluster_plot_node-13] [INFO] [1789803524.008508856] [lidar_clustering]: ID=115, X=4.56 m, Y=-5.19 m, Width=0.33 m, Depth=0.34 m, Distance=6.91 m
[cluster_plot_node-13] [INFO] [1789803524.008684706] [lidar_clustering]: ID=116, X=6.14 m, Y=-4.82 m, Width=0.24 m, Depth=0.19 m, Distance=7.80 m
[cluster_plot_node-13] [INFO] [1789803524.008859163] [lidar_clustering]: FollowGap: mode=CLEAR, direction=STRAIGHT, front=8.00 m, best_angle=0.0 deg
[cluster_plot_node-13] [INFO] [1789803524.009038860] [lidar_clustering]: points=30, clusters=2, tracks=4
[serial_bridge-12] [WARN] [1789803524.778154271] [serial_bridge_node]: ⚠ 공급전압 강하: VMIN=4121mV — 배터리/전원 확인
[cluster_plot_node-13] [INFO] [1789803524.886248322] [lidar_clustering]: ID=70, X=0.90 m, Y=7.61 m, Width=0.07 m, Depth=0.09 m, Distance=7.67 m
[cluster_plot_node-13] [INFO] [1789803524.886464387] [lidar_clustering]: ID=100, X=2.56 m, Y=-4.72 m, Width=0.28 m, Depth=0.11 m, Distance=5.36 m
[cluster_plot_node-13] [INFO] [1789803524.886642140] [lidar_clustering]: ID=114, X=0.64 m, Y=7.18 m, Width=0.33 m, Depth=0.62 m, Distance=7.20 m
[cluster_plot_node-13] [INFO] [1789803524.886817459] [lidar_clustering]: ID=116, X=4.30 m, Y=-4.62 m, Width=0.22 m, Depth=0.12 m, Distance=6.32 m
[cluster_plot_node-13] [INFO] [1789803524.886988158] [lidar_clustering]: ID=117, X=4.56 m, Y=5.84 m, Width=1.73 m, Depth=2.84 m, Distance=7.41 m
[cluster_plot_node-13] [INFO] [1789803524.887322215] [lidar_clustering]: FollowGap: mode=CLEAR, direction=STRAIGHT, front=8.00 m, best_angle=0.0 deg
[cluster_plot_node-13] [INFO] [1789803525.770592585] [lidar_clustering]: ID=100, X=2.28 m, Y=-4.72 m, Width=0.05 m, Depth=0.17 m, Distance=5.24 m
[cluster_plot_node-13] [INFO] [1789803525.770807899] [lidar_clustering]: ID=116, X=3.14 m, Y=-4.67 m, Width=0.16 m, Depth=0.18 m, Distance=5.63 m
[cluster_plot_node-13] [INFO] [1789803525.770987706] [lidar_clustering]: ID=117, X=4.38 m, Y=6.03 m, Width=2.42 m, Depth=3.18 m, Distance=7.46 m
[cluster_plot_node-13] [INFO] [1789803525.771168234] [lidar_clustering]: ID=118, X=3.15 m, Y=7.22 m, Width=0.06 m, Depth=0.16 m, Distance=7.88 m
[cluster_plot_node-13] [INFO] [1789803525.771342972] [lidar_clustering]: FollowGap: mode=CLEAR, direction=STRAIGHT, front=8.00 m, best_angle=0.0 deg
[cluster_plot_node-13] [INFO] [1789803525.771517359] [lidar_clustering]: points=146, clusters=1, tracks=4
[local_pure_pursuit_node-9] [WARN] [1789803526.323363852] [local_pure_pursuit]: odom 속도 3.1m/s — 비현실적이라 버린다 (직전 2.13 유지, 누적 12회). EKF twist 스파이크로 보이며 위치는 보통 멀쩡하다.
[cluster_plot_node-13] [INFO] [1789803526.655232099] [lidar_clustering]: ID=70, X=1.01 m, Y=7.82 m, Width=0.22 m, Depth=0.64 m, Distance=7.89 m
[cluster_plot_node-13] [INFO] [1789803526.655510421] [lidar_clustering]: ID=114, X=0.52 m, Y=7.18 m, Width=0.33 m, Depth=0.33 m, Distance=7.20 m
[cluster_plot_node-13] [INFO] [1789803526.655760770] [lidar_clustering]: ID=117, X=4.08 m, Y=6.75 m, Width=0.14 m, Depth=0.24 m, Distance=7.89 m
[cluster_plot_node-13] [INFO] [1789803526.656032981] [lidar_clustering]: ID=118, X=3.42 m, Y=5.48 m, Width=4.14 m, Depth=6.63 m, Distance=6.46 m
[cluster_plot_node-13] [INFO] [1789803526.656392865] [lidar_clustering]: FollowGap: mode=CLEAR, direction=STRAIGHT, front=8.00 m, best_angle=0.0 deg
[vrs_ntrip_client-3] [INFO] [1789803526.715896024] [ngii_vrs_ntrip_client]: [NTRIP 연결됨] RTCM 432프레임 발행, GGA 실측(37.28868,127.10727)
[direct_localization_node-6] [INFO] [1789803526.823214482] [direct_localization]: pose: x=23.62 y=-23.53 yaw=-15.2° v=2.59m/s [헤딩 정렬됨]
[cluster_plot_node-13] [INFO] [1789803527.545422927] [lidar_clustering]: ID=70, X=1.78 m, Y=7.47 m, Width=0.56 m, Depth=2.21 m, Distance=7.68 m
[cluster_plot_node-13] [INFO] [1789803527.545646677] [lidar_clustering]: ID=114, X=0.68 m, Y=7.05 m, Width=0.12 m, Depth=0.09 m, Distance=7.09 m
[cluster_plot_node-13] [INFO] [1789803527.545829159] [lidar_clustering]: FollowGap: mode=CLEAR, direction=STRAIGHT, front=8.00 m, best_angle=0.0 deg
[cluster_plot_node-13] [INFO] [1789803527.546011120] [lidar_clustering]: points=83, clusters=1, tracks=2
[serial_bridge-12] [WARN] [1789803527.788526697] [serial_bridge_node]: ⚠ 공급전압 강하: VMIN=4278mV — 배터리/전원 확인
[cluster_plot_node-13] [INFO] [1789803528.429544836] [lidar_clustering]: ID=70, X=1.59 m, Y=6.83 m, Width=0.87 m, Depth=2.46 m, Distance=7.01 m
[cluster_plot_node-13] [INFO] [1789803528.429834970] [lidar_clustering]: FollowGap: mode=CLEAR, direction=STRAIGHT, front=8.00 m, best_angle=0.0 deg
[cluster_plot_node-13] [INFO] [1789803529.308467386] [lidar_clustering]: ID=70, X=2.02 m, Y=7.24 m, Width=0.77 m, Depth=3.65 m, Distance=7.51 m
[cluster_plot_node-13] [INFO] [1789803529.308806111] [lidar_clustering]: ID=114, X=0.82 m, Y=7.75 m, Width=0.18 m, Depth=0.93 m, Distance=7.79 m
[cluster_plot_node-13] [INFO] [1789803529.309089412] [lidar_clustering]: ID=117, X=3.44 m, Y=7.18 m, Width=0.60 m, Depth=1.26 m, Distance=7.96 m
[cluster_plot_node-13] [INFO] [1789803529.309280520] [lidar_clustering]: ID=118, X=2.02 m, Y=6.84 m, Width=0.42 m, Depth=3.47 m, Distance=7.13 m
[cluster_plot_node-13] [INFO] [1789803529.309458684] [lidar_clustering]: ID=119, X=3.09 m, Y=-5.07 m, Width=0.07 m, Depth=0.14 m, Distance=5.94 m
[cluster_plot_node-13] [INFO] [1789803529.309638521] [lidar_clustering]: ID=120, X=4.54 m, Y=-5.66 m, Width=0.14 m, Depth=0.21 m, Distance=7.25 m
[cluster_plot_node-13] [INFO] [1789803529.309818909] [lidar_clustering]: ID=121, X=5.25 m, Y=5.46 m, Width=0.15 m, Depth=0.15 m, Distance=7.58 m
[cluster_plot_node-13] [INFO] [1789803529.309998877] [lidar_clustering]: ID=122, X=5.03 m, Y=5.83 m, Width=0.34 m, Depth=0.16 m, Distance=7.70 m
[cluster_plot_node-13] [INFO] [1789803529.310186438] [lidar_clustering]: FollowGap: mode=CLEAR, direction=STRAIGHT, front=8.00 m, best_angle=0.0 deg
[cluster_plot_node-13] [INFO] [1789803529.310383007] [lidar_clustering]: points=152, clusters=3, tracks=8
[direct_localization_node-6] [INFO] [1789803529.823350559] [direct_localization]: pose: x=30.97 y=-26.54 yaw=-26.3° v=3.07m/s [헤딩 정렬됨]
[cluster_plot_node-13] [INFO] [1789803530.198429807] [lidar_clustering]: ID=117, X=2.60 m, Y=5.90 m, Width=2.01 m, Depth=4.99 m, Distance=6.45 m
[cluster_plot_node-13] [INFO] [1789803530.198655430] [lidar_clustering]: ID=123, X=6.30 m, Y=-3.30 m, Width=0.09 m, Depth=0.09 m, Distance=7.12 m
[cluster_plot_node-13] [INFO] [1789803530.198841960] [lidar_clustering]: FollowGap: mode=CLEAR, direction=STRAIGHT, front=8.00 m, best_angle=0.0 deg
[serial_bridge-12] [WARN] [1789803530.795185138] [serial_bridge_node]: ⚠ 공급전압 강하: VMIN=3814mV — 배터리/전원 확인
[cluster_plot_node-13] [INFO] [1789803531.088442831] [lidar_clustering]: ID=114, X=0.52 m, Y=7.01 m, Width=0.20 m, Depth=0.30 m, Distance=7.03 m
[cluster_plot_node-13] [INFO] [1789803531.088685286] [lidar_clustering]: ID=117, X=1.23 m, Y=7.49 m, Width=0.02 m, Depth=0.24 m, Distance=7.59 m
[cluster_plot_node-13] [INFO] [1789803531.088887905] [lidar_clustering]: ID=118, X=0.43 m, Y=6.49 m, Width=0.04 m, Depth=0.12 m, Distance=6.51 m
[cluster_plot_node-13] [INFO] [1789803531.089096086] [lidar_clustering]: ID=122, X=3.27 m, Y=6.16 m, Width=2.68 m, Depth=5.67 m, Distance=6.97 m
[cluster_plot_node-13] [INFO] [1789803531.089292494] [lidar_clustering]: ID=124, X=1.64 m, Y=7.01 m, Width=0.76 m, Depth=2.64 m, Distance=7.20 m
[cluster_plot_node-13] [INFO] [1789803531.089488101] [lidar_clustering]: ID=125, X=3.52 m, Y=-3.56 m, Width=0.12 m, Depth=0.10 m, Distance=5.00 m
[cluster_plot_node-13] [INFO] [1789803531.089685961] [lidar_clustering]: FollowGap: mode=CLEAR, direction=STRAIGHT, front=8.00 m, best_angle=0.0 deg
[cluster_plot_node-13] [INFO] [1789803531.089887129] [lidar_clustering]: points=10, clusters=1, tracks=6
[local_pure_pursuit_node-9] [WARN] [1789803531.356824024] [local_pure_pursuit]: odom 속도 3.2m/s — 비현실적이라 버린다 (직전 2.34 유지, 누적 43회). EKF twist 스파이크로 보이며 위치는 보통 멀쩡하다.
[vrs_ntrip_client-3] [INFO] [1789803531.715955473] [ngii_vrs_ntrip_client]: [NTRIP 연결됨] RTCM 452프레임 발행, GGA 실측(37.28863,127.10741)
[cluster_plot_node-13] [INFO] [1789803531.979732816] [lidar_clustering]: ID=70, X=2.47 m, Y=7.20 m, Width=1.45 m, Depth=4.44 m, Distance=7.61 m
[cluster_plot_node-13] [INFO] [1789803531.979954832] [lidar_clustering]: ID=117, X=0.90 m, Y=7.78 m, Width=0.08 m, Depth=0.86 m, Distance=7.83 m
[cluster_plot_node-13] [INFO] [1789803531.980146552] [lidar_clustering]: ID=124, X=1.57 m, Y=7.36 m, Width=0.29 m, Depth=2.62 m, Distance=7.52 m
[cluster_plot_node-13] [INFO] [1789803531.980329314] [lidar_clustering]: ID=125, X=1.45 m, Y=-3.75 m, Width=0.05 m, Depth=0.17 m, Distance=4.02 m
[cluster_plot_node-13] [INFO] [1789803531.980513911] [lidar_clustering]: ID=126, X=5.98 m, Y=3.46 m, Width=0.17 m, Depth=0.22 m, Distance=6.91 m
[cluster_plot_node-13] [INFO] [1789803531.980696894] [lidar_clustering]: ID=127, X=6.80 m, Y=1.01 m, Width=0.17 m, Depth=0.05 m, Distance=6.87 m
[cluster_plot_node-13] [INFO] [1789803531.980880488] [lidar_clustering]: ID=128, X=7.04 m, Y=0.72 m, Width=0.22 m, Depth=0.11 m, Distance=7.07 m
[cluster_plot_node-13] [INFO] [1789803531.981065975] [lidar_clustering]: ID=129, X=6.66 m, Y=-3.62 m, Width=0.25 m, Depth=0.31 m, Distance=7.58 m
[cluster_plot_node-13] [INFO] [1789803531.981248327] [lidar_clustering]: ID=130, X=7.24 m, Y=-2.59 m, Width=0.12 m, Depth=0.15 m, Distance=7.69 m
[cluster_plot_node-13] [INFO] [1789803531.981428014] [lidar_clustering]: ID=131, X=6.22 m, Y=3.03 m, Width=0.35 m, Depth=0.12 m, Distance=6.92 m
[cluster_plot_node-13] [INFO] [1789803531.981608142] [lidar_clustering]: FollowGap: mode=CLEAR, direction=STRAIGHT, front=8.00 m, best_angle=0.0 deg
[direct_localization_node-6] [INFO] [1789803532.823103202] [direct_localization]: pose: x=38.11 y=-30.41 yaw=-35.7° v=2.52m/s [헤딩 정렬됨]
[cluster_plot_node-13] [INFO] [1789803532.870065405] [lidar_clustering]: ID=122, X=1.70 m, Y=5.35 m, Width=0.22 m, Depth=2.64 m, Distance=5.61 m
[cluster_plot_node-13] [INFO] [1789803532.870290577] [lidar_clustering]: ID=123, X=4.97 m, Y=-1.33 m, Width=0.51 m, Depth=0.23 m, Distance=5.14 m
[cluster_plot_node-13] [INFO] [1789803532.870479051] [lidar_clustering]: ID=126, X=1.85 m, Y=5.02 m, Width=0.05 m, Depth=0.10 m, Distance=5.35 m
[cluster_plot_node-13] [INFO] [1789803532.870655702] [lidar_clustering]: ID=128, X=2.83 m, Y=3.52 m, Width=0.34 m, Depth=0.25 m, Distance=4.52 m
[cluster_plot_node-13] [INFO] [1789803532.870839386] [lidar_clustering]: ID=130, X=7.22 m, Y=0.69 m, Width=0.10 m, Depth=0.01 m, Distance=7.25 m
[cluster_plot_node-13] [INFO] [1789803532.871021427] [lidar_clustering]: ID=131, X=2.13 m, Y=5.51 m, Width=0.60 m, Depth=3.58 m, Distance=5.90 m
[cluster_plot_node-13] [INFO] [1789803532.871226291] [lidar_clustering]: ID=132, X=5.79 m, Y=0.09 m, Width=0.18 m, Depth=0.10 m, Distance=5.79 m
[cluster_plot_node-13] [INFO] [1789803532.871487331] [lidar_clustering]: ID=134, X=4.82 m, Y=5.92 m, Width=0.06 m, Depth=0.19 m, Distance=7.64 m
[cluster_plot_node-13] [INFO] [1789803532.871743841] [lidar_clustering]: ID=135, X=7.30 m, Y=-0.45 m, Width=0.11 m, Depth=0.07 m, Distance=7.31 m
[cluster_plot_node-13] [INFO] [1789803532.871993690] [lidar_clustering]: ID=136, X=4.36 m, Y=1.51 m, Width=0.19 m, Depth=0.10 m, Distance=4.62 m
[cluster_plot_node-13] [INFO] [1789803532.872193144] [lidar_clustering]: ID=137, X=4.97 m, Y=0.28 m, Width=0.19 m, Depth=0.25 m, Distance=4.98 m
[cluster_plot_node-13] [INFO] [1789803532.872375546] [lidar_clustering]: ID=138, X=4.62 m, Y=0.71 m, Width=0.14 m, Depth=0.06 m, Distance=4.67 m
[cluster_plot_node-13] [INFO] [1789803532.872591320] [lidar_clustering]: FollowGap: mode=CLEAR, direction=STRAIGHT, front=8.00 m, best_angle=0.0 deg
[cluster_plot_node-13] [INFO] [1789803532.872826822] [lidar_clustering]: points=257, clusters=9, tracks=12
[vehicle_cmd_mux-11] [INFO] [1789803533.259408283] [vehicle_cmd_mux]: 모드: AVOID(라이다)
[vehicle_cmd_mux-11] [INFO] [1789803533.608778851] [vehicle_cmd_mux]: 모드: AUTO
[cluster_plot_node-13] [INFO] [1789803533.754807441] [lidar_clustering]: ID=70, X=3.75 m, Y=5.48 m, Width=0.49 m, Depth=0.47 m, Distance=6.64 m
[cluster_plot_node-13] [INFO] [1789803533.755025851] [lidar_clustering]: ID=124, X=0.83 m, Y=6.95 m, Width=0.12 m, Depth=0.77 m, Distance=7.00 m
[cluster_plot_node-13] [INFO] [1789803533.755210216] [lidar_clustering]: ID=126, X=0.52 m, Y=6.19 m, Width=0.05 m, Depth=0.45 m, Distance=6.21 m
[cluster_plot_node-13] [INFO] [1789803533.755387378] [lidar_clustering]: ID=127, X=6.55 m, Y=2.87 m, Width=2.15 m, Depth=2.50 m, Distance=7.15 m
[cluster_plot_node-13] [INFO] [1789803533.755561214] [lidar_clustering]: ID=128, X=0.88 m, Y=3.61 m, Width=0.36 m, Depth=0.22 m, Distance=3.72 m
[cluster_plot_node-13] [INFO] [1789803533.755733287] [lidar_clustering]: ID=130, X=7.12 m, Y=2.23 m, Width=1.48 m, Depth=1.50 m, Distance=7.46 m
[cluster_plot_node-13] [INFO] [1789803533.755903666] [lidar_clustering]: ID=131, X=1.97 m, Y=6.88 m, Width=0.79 m, Depth=0.99 m, Distance=7.16 m
[cluster_plot_node-13] [INFO] [1789803533.756164706] [lidar_clustering]: ID=133, X=5.96 m, Y=3.21 m, Width=2.92 m, Depth=3.28 m, Distance=6.77 m
[cluster_plot_node-13] [INFO] [1789803533.756422930] [lidar_clustering]: ID=134, X=4.52 m, Y=4.86 m, Width=0.85 m, Depth=0.71 m, Distance=6.64 m
[cluster_plot_node-13] [INFO] [1789803533.756697124] [lidar_clustering]: ID=136, X=1.66 m, Y=3.39 m, Width=0.09 m, Depth=0.18 m, Distance=3.77 m
[cluster_plot_node-13] [INFO] [1789803533.756949737] [lidar_clustering]: ID=138, X=2.04 m, Y=3.07 m, Width=0.06 m, Depth=0.17 m, Distance=3.68 m
[cluster_plot_node-13] [INFO] [1789803533.757209334] [lidar_clustering]: ID=139, X=2.77 m, Y=4.56 m, Width=0.16 m, Depth=0.03 m, Distance=5.33 m
[cluster_plot_node-13] [INFO] [1789803533.757461827] [lidar_clustering]: ID=140, X=5.13 m, Y=4.37 m, Width=0.88 m, Depth=0.69 m, Distance=6.74 m
[cluster_plot_node-13] [INFO] [1789803533.757711695] [lidar_clustering]: ID=141, X=2.03 m, Y=1.97 m, Width=0.36 m, Depth=0.17 m, Distance=2.83 m
[cluster_plot_node-13] [INFO] [1789803533.757962305] [lidar_clustering]: ID=142, X=0.81 m, Y=3.41 m, Width=0.13 m, Depth=0.17 m, Distance=3.50 m
[cluster_plot_node-13] [INFO] [1789803533.758223134] [lidar_clustering]: ID=143, X=2.99 m, Y=6.34 m, Width=0.25 m, Depth=0.27 m, Distance=7.01 m
[cluster_plot_node-13] [INFO] [1789803533.758479425] [lidar_clustering]: FollowGap: mode=CLEAR, direction=STRAIGHT, front=8.00 m, best_angle=0.0 deg
[cluster_plot_node-13] [INFO] [1789803534.632434147] [lidar_clustering]: ID=134, X=3.33 m, Y=4.96 m, Width=2.19 m, Depth=6.70 m, Distance=5.98 m
[cluster_plot_node-13] [INFO] [1789803534.632660451] [lidar_clustering]: FollowGap: mode=CLEAR, direction=STRAIGHT, front=8.00 m, best_angle=0.0 deg
[cluster_plot_node-13] [INFO] [1789803534.632846830] [lidar_clustering]: points=292, clusters=1, tracks=1
[cluster_plot_node-13] [INFO] [1789803535.510808991] [lidar_clustering]: ID=70, X=2.39 m, Y=6.09 m, Width=0.37 m, Depth=4.53 m, Distance=6.54 m
[cluster_plot_node-13] [INFO] [1789803535.511050203] [lidar_clustering]: ID=134, X=2.76 m, Y=5.65 m, Width=0.32 m, Depth=5.43 m, Distance=6.29 m
[cluster_plot_node-13] [INFO] [1789803535.511252863] [lidar_clustering]: FollowGap: mode=CLEAR, direction=STRAIGHT, front=8.00 m, best_angle=0.0 deg
[direct_localization_node-6] [INFO] [1789803535.823309360] [direct_localization]: pose: x=38.64 y=-36.99 yaw=-116.3° v=2.58m/s [헤딩 정렬됨]
[serial_bridge-12] [WARN] [1789803535.915097645] [serial_bridge_node]: ⚠ 공급전압 강하: VMIN=4214mV — 배터리/전원 확인
[cluster_plot_node-13] [INFO] [1789803536.401546488] [lidar_clustering]: ID=70, X=2.03 m, Y=6.59 m, Width=0.49 m, Depth=3.72 m, Distance=6.90 m
[cluster_plot_node-13] [INFO] [1789803536.401766330] [lidar_clustering]: ID=144, X=3.72 m, Y=-2.42 m, Width=0.24 m, Depth=0.18 m, Distance=4.44 m
[cluster_plot_node-13] [INFO] [1789803536.401963490] [lidar_clustering]: ID=145, X=6.35 m, Y=-2.61 m, Width=0.09 m, Depth=0.04 m, Distance=6.86 m
[cluster_plot_node-13] [INFO] [1789803536.402155169] [lidar_clustering]: ID=146, X=6.29 m, Y=-1.69 m, Width=0.50 m, Depth=1.38 m, Distance=6.51 m
[cluster_plot_node-13] [INFO] [1789803536.402339304] [lidar_clustering]: ID=147, X=4.75 m, Y=-2.16 m, Width=0.52 m, Depth=1.48 m, Distance=5.22 m
[cluster_plot_node-13] [INFO] [1789803536.402518630] [lidar_clustering]: FollowGap: mode=CLEAR, direction=STRAIGHT, front=8.00 m, best_angle=0.0 deg
[cluster_plot_node-13] [INFO] [1789803536.402699289] [lidar_clustering]: points=253, clusters=4, tracks=5
[vrs_ntrip_client-3] [INFO] [1789803536.715991565] [ngii_vrs_ntrip_client]: [NTRIP 연결됨] RTCM 480프레임 발행, GGA 실측(37.28854,127.10744)
[cluster_plot_node-13] [INFO] [1789803537.292694622] [lidar_clustering]: ID=70, X=2.15 m, Y=6.56 m, Width=0.28 m, Depth=4.04 m, Distance=6.90 m
[cluster_plot_node-13] [INFO] [1789803537.292926747] [lidar_clustering]: ID=144, X=2.04 m, Y=-2.54 m, Width=0.07 m, Depth=0.08 m, Distance=3.25 m
[cluster_plot_node-13] [INFO] [1789803537.293125961] [lidar_clustering]: ID=146, X=4.44 m, Y=-2.28 m, Width=0.10 m, Depth=0.03 m, Distance=4.99 m
[cluster_plot_node-13] [INFO] [1789803537.293313312] [lidar_clustering]: ID=147, X=2.56 m, Y=-2.51 m, Width=0.60 m, Depth=3.28 m, Distance=3.58 m
[cluster_plot_node-13] [INFO] [1789803537.293496676] [lidar_clustering]: ID=148, X=5.04 m, Y=-6.02 m, Width=0.07 m, Depth=0.09 m, Distance=7.85 m
[cluster_plot_node-13] [INFO] [1789803537.293677475] [lidar_clustering]: ID=149, X=4.90 m, Y=-4.94 m, Width=0.07 m, Depth=0.07 m, Distance=6.96 m
[cluster_plot_node-13] [INFO] [1789803537.293858293] [lidar_clustering]: ID=150, X=5.31 m, Y=-2.02 m, Width=0.06 m, Depth=0.02 m, Distance=5.68 m
[cluster_plot_node-13] [INFO] [1789803537.294051666] [lidar_clustering]: ID=151, X=5.57 m, Y=-3.47 m, Width=0.19 m, Depth=0.05 m, Distance=6.56 m
[cluster_plot_node-13] [INFO] [1789803537.294239228] [lidar_clustering]: ID=152, X=3.72 m, Y=-2.30 m, Width=0.57 m, Depth=2.16 m, Distance=4.37 m
[cluster_plot_node-13] [INFO] [1789803537.294423774] [lidar_clustering]: ID=153, X=4.99 m, Y=-5.44 m, Width=0.36 m, Depth=0.37 m, Distance=7.38 m
[cluster_plot_node-13] [INFO] [1789803537.294611255] [lidar_clustering]: FollowGap: mode=CLEAR, direction=STRAIGHT, front=8.00 m, best_angle=0.0 deg
[local_pure_pursuit_node-9] [WARN] [1789803537.690228460] [local_pure_pursuit]: odom 속도 3.1m/s — 비현실적이라 버린다 (직전 2.45 유지, 누적 64회). EKF twist 스파이크로 보이며 위치는 보통 멀쩡하다.
[cluster_plot_node-13] [INFO] [1789803538.188595663] [lidar_clustering]: ID=70, X=2.68 m, Y=6.22 m, Width=0.57 m, Depth=4.75 m, Distance=6.77 m
[cluster_plot_node-13] [INFO] [1789803538.188860890] [lidar_clustering]: ID=145, X=6.63 m, Y=-3.18 m, Width=0.07 m, Depth=0.03 m, Distance=7.35 m
[cluster_plot_node-13] [INFO] [1789803538.189137659] [lidar_clustering]: ID=146, X=3.29 m, Y=-2.46 m, Width=0.10 m, Depth=0.38 m, Distance=4.11 m
[cluster_plot_node-13] [INFO] [1789803538.189349416] [lidar_clustering]: ID=147, X=1.94 m, Y=-2.75 m, Width=0.15 m, Depth=0.29 m, Distance=3.36 m
[cluster_plot_node-13] [INFO] [1789803538.189567645] [lidar_clustering]: ID=150, X=5.92 m, Y=-2.97 m, Width=0.06 m, Depth=0.22 m, Distance=6.62 m
[cluster_plot_node-13] [INFO] [1789803538.189776657] [lidar_clustering]: ID=151, X=5.84 m, Y=-4.10 m, Width=0.25 m, Depth=0.44 m, Distance=7.14 m
[cluster_plot_node-13] [INFO] [1789803538.189980128] [lidar_clustering]: ID=152, X=2.65 m, Y=-2.57 m, Width=0.15 m, Depth=0.74 m, Distance=3.69 m
[cluster_plot_node-13] [INFO] [1789803538.190190383] [lidar_clustering]: ID=154, X=6.07 m, Y=-4.87 m, Width=0.08 m, Depth=0.11 m, Distance=7.78 m
[cluster_plot_node-13] [INFO] [1789803538.190400687] [lidar_clustering]: ID=155, X=5.65 m, Y=-3.51 m, Width=0.64 m, Depth=1.30 m, Distance=6.65 m
[cluster_plot_node-13] [INFO] [1789803538.190595452] [lidar_clustering]: ID=156, X=5.54 m, Y=-5.00 m, Width=1.28 m, Depth=0.55 m, Distance=7.46 m
[cluster_plot_node-13] [INFO] [1789803538.190789676] [lidar_clustering]: FollowGap: mode=CLEAR, direction=STRAIGHT, front=8.00 m, best_angle=0.0 deg
[cluster_plot_node-13] [INFO] [1789803538.190972869] [lidar_clustering]: points=293, clusters=5, tracks=10
[vehicle_cmd_mux-11] [INFO] [1789803538.408863250] [vehicle_cmd_mux]: 모드: AVOID(라이다)
[vehicle_cmd_mux-11] [INFO] [1789803538.659066874] [vehicle_cmd_mux]: 모드: AUTO
[vehicle_cmd_mux-11] [INFO] [1789803538.758804053] [vehicle_cmd_mux]: 모드: AVOID(라이다)
[direct_localization_node-6] [INFO] [1789803538.823373907] [direct_localization]: pose: x=35.25 y=-44.31 yaw=-101.7° v=2.75m/s [헤딩 정렬됨]
[serial_bridge-12] [WARN] [1789803538.921753460] [serial_bridge_node]: ⚠ 공급전압 강하: VMIN=4121mV — 배터리/전원 확인
[vehicle_cmd_mux-11] [INFO] [1789803539.008737542] [vehicle_cmd_mux]: 모드: AUTO
[cluster_plot_node-13] [INFO] [1789803539.079108050] [lidar_clustering]: ID=70, X=2.62 m, Y=5.70 m, Width=0.51 m, Depth=2.67 m, Distance=6.28 m
[cluster_plot_node-13] [INFO] [1789803539.079327952] [lidar_clustering]: ID=145, X=5.66 m, Y=-4.37 m, Width=0.06 m, Depth=0.05 m, Distance=7.15 m
[cluster_plot_node-13] [INFO] [1789803539.079508611] [lidar_clustering]: ID=147, X=2.16 m, Y=-3.80 m, Width=0.03 m, Depth=0.06 m, Distance=4.37 m
[cluster_plot_node-13] [INFO] [1789803539.079760954] [lidar_clustering]: ID=149, X=3.21 m, Y=-5.59 m, Width=0.21 m, Depth=0.26 m, Distance=6.45 m
[cluster_plot_node-13] [INFO] [1789803539.079947153] [lidar_clustering]: ID=150, X=5.24 m, Y=-3.98 m, Width=0.40 m, Depth=0.40 m, Distance=6.58 m
[cluster_plot_node-13] [INFO] [1789803539.080123724] [lidar_clustering]: ID=151, X=4.64 m, Y=-4.07 m, Width=0.06 m, Depth=0.06 m, Distance=6.17 m
[cluster_plot_node-13] [INFO] [1789803539.080294073] [lidar_clustering]: ID=153, X=3.92 m, Y=-6.20 m, Width=0.41 m, Depth=0.49 m, Distance=7.34 m
[cluster_plot_node-13] [INFO] [1789803539.080469091] [lidar_clustering]: ID=154, X=2.67 m, Y=-4.59 m, Width=0.20 m, Depth=0.07 m, Distance=5.31 m
[cluster_plot_node-13] [INFO] [1789803539.080640332] [lidar_clustering]: ID=155, X=3.18 m, Y=-3.92 m, Width=0.59 m, Depth=1.37 m, Distance=5.05 m
[cluster_plot_node-13] [INFO] [1789803539.080811303] [lidar_clustering]: ID=156, X=4.16 m, Y=-3.89 m, Width=0.23 m, Depth=0.14 m, Distance=5.69 m
[cluster_plot_node-13] [INFO] [1789803539.080981322] [lidar_clustering]: ID=157, X=0.47 m, Y=6.34 m, Width=0.13 m, Depth=0.35 m, Distance=6.36 m
[cluster_plot_node-13] [INFO] [1789803539.081180765] [lidar_clustering]: FollowGap: mode=AVOID, direction=STRAIGHT, front=0.89 m, best_angle=-3.2 deg
[vehicle_cmd_mux-11] [INFO] [1789803539.108808727] [vehicle_cmd_mux]: 모드: AVOID(라이다)
[vehicle_cmd_mux-11] [INFO] [1789803539.659215653] [vehicle_cmd_mux]: 모드: AUTO
[vehicle_cmd_mux-11] [INFO] [1789803539.808914301] [vehicle_cmd_mux]: 모드: AVOID(라이다)
[cluster_plot_node-13] [INFO] [1789803539.970346255] [lidar_clustering]: ID=70, X=2.48 m, Y=5.73 m, Width=0.42 m, Depth=4.89 m, Distance=6.24 m
[cluster_plot_node-13] [INFO] [1789803539.970615209] [lidar_clustering]: ID=146, X=3.68 m, Y=-3.86 m, Width=0.27 m, Depth=0.55 m, Distance=5.34 m
[cluster_plot_node-13] [INFO] [1789803539.970799134] [lidar_clustering]: ID=147, X=2.05 m, Y=-3.67 m, Width=0.56 m, Depth=0.28 m, Distance=4.20 m
[cluster_plot_node-13] [INFO] [1789803539.970973100] [lidar_clustering]: ID=150, X=4.53 m, Y=-4.41 m, Width=0.06 m, Depth=0.06 m, Distance=6.32 m
[cluster_plot_node-13] [INFO] [1789803539.971158467] [lidar_clustering]: ID=151, X=4.07 m, Y=-4.22 m, Width=0.19 m, Depth=0.07 m, Distance=5.87 m
[cluster_plot_node-13] [INFO] [1789803539.971337543] [lidar_clustering]: ID=152, X=1.36 m, Y=-3.54 m, Width=0.93 m, Depth=1.35 m, Distance=3.79 m
[cluster_plot_node-13] [INFO] [1789803539.971516258] [lidar_clustering]: ID=154, X=2.70 m, Y=-4.13 m, Width=0.26 m, Depth=0.75 m, Distance=4.94 m
[cluster_plot_node-13] [INFO] [1789803539.971692990] [lidar_clustering]: ID=155, X=2.79 m, Y=-3.44 m, Width=0.31 m, Depth=0.05 m, Distance=4.43 m
[cluster_plot_node-13] [INFO] [1789803539.971868719] [lidar_clustering]: ID=156, X=3.45 m, Y=-3.78 m, Width=0.08 m, Depth=0.09 m, Distance=5.12 m
[cluster_plot_node-13] [INFO] [1789803539.972052113] [lidar_clustering]: ID=157, X=1.09 m, Y=5.76 m, Width=0.27 m, Depth=2.24 m, Distance=5.87 m
[cluster_plot_node-13] [INFO] [1789803539.972231810] [lidar_clustering]: ID=158, X=5.13 m, Y=5.84 m, Width=0.23 m, Depth=0.36 m, Distance=7.77 m
[cluster_plot_node-13] [INFO] [1789803539.972410084] [lidar_clustering]: ID=159, X=4.13 m, Y=-4.01 m, Width=0.08 m, Depth=0.11 m, Distance=5.76 m
[cluster_plot_node-13] [INFO] [1789803539.972591083] [lidar_clustering]: FollowGap: mode=CLEAR, direction=STRAIGHT, front=8.00 m, best_angle=0.0 deg
[cluster_plot_node-13] [INFO] [1789803539.972773555] [lidar_clustering]: points=357, clusters=7, tracks=12
[vehicle_cmd_mux-11] [INFO] [1789803540.008905489] [vehicle_cmd_mux]: 모드: AUTO
[cluster_plot_node-13] [INFO] [1789803540.853196013] [lidar_clustering]: ID=70, X=2.26 m, Y=6.26 m, Width=0.52 m, Depth=4.24 m, Distance=6.66 m
[cluster_plot_node-13] [INFO] [1789803540.853417007] [lidar_clustering]: ID=146, X=2.97 m, Y=-4.45 m, Width=0.12 m, Depth=0.06 m, Distance=5.35 m
[cluster_plot_node-13] [INFO] [1789803540.853602084] [lidar_clustering]: ID=147, X=2.35 m, Y=-3.71 m, Width=0.03 m, Depth=0.04 m, Distance=4.39 m
[cluster_plot_node-13] [INFO] [1789803540.853785508] [lidar_clustering]: ID=154, X=2.80 m, Y=-4.06 m, Width=0.17 m, Depth=0.49 m, Distance=4.93 m
[cluster_plot_node-13] [INFO] [1789803540.853964564] [lidar_clustering]: ID=159, X=3.71 m, Y=-3.85 m, Width=0.15 m, Depth=0.27 m, Distance=5.35 m
[cluster_plot_node-13] [INFO] [1789803540.854151885] [lidar_clustering]: FollowGap: mode=CLEAR, direction=STRAIGHT, front=8.00 m, best_angle=0.0 deg
[vrs_ntrip_client-3] [INFO] [1789803541.716066193] [ngii_vrs_ntrip_client]: [NTRIP 연결됨] RTCM 500프레임 발행, GGA 실측(37.28843,127.10738)
[cluster_plot_node-13] [INFO] [1789803541.737514241] [lidar_clustering]: ID=70, X=1.84 m, Y=6.85 m, Width=0.53 m, Depth=3.26 m, Distance=7.10 m
[cluster_plot_node-13] [INFO] [1789803541.737737860] [lidar_clustering]: ID=155, X=1.83 m, Y=-3.42 m, Width=0.07 m, Depth=0.09 m, Distance=3.87 m
[cluster_plot_node-13] [INFO] [1789803541.737927405] [lidar_clustering]: FollowGap: mode=CLEAR, direction=STRAIGHT, front=8.00 m, best_angle=0.0 deg
[cluster_plot_node-13] [INFO] [1789803541.738111450] [lidar_clustering]: points=120, clusters=1, tracks=2
[direct_localization_node-6] [INFO] [1789803541.823197195] [direct_localization]: pose: x=31.73 y=-51.96 yaw=-118.6° v=2.85m/s [헤딩 정렬됨]
[serial_bridge-12] [WARN] [1789803541.932213231] [serial_bridge_node]: ⚠ 공급전압 강하: VMIN=4018mV — 배터리/전원 확인
[cluster_plot_node-13] [INFO] [1789803542.628276175] [lidar_clustering]: ID=70, X=1.66 m, Y=7.12 m, Width=0.37 m, Depth=2.77 m, Distance=7.32 m
[cluster_plot_node-13] [INFO] [1789803542.628502349] [lidar_clustering]: FollowGap: mode=CLEAR, direction=STRAIGHT, front=8.00 m, best_angle=0.0 deg
[local_pure_pursuit_node-9] [WARN] [1789803543.023362324] [local_pure_pursuit]: odom 속도 3.0m/s — 비현실적이라 버린다 (직전 2.40 유지, 누적 109회). EKF twist 스파이크로 보이며 위치는 보통 멀쩡하다.
[cluster_plot_node-13] [INFO] [1789803543.511177992] [lidar_clustering]: ID=70, X=1.66 m, Y=7.60 m, Width=0.18 m, Depth=0.81 m, Distance=7.78 m
[cluster_plot_node-13] [INFO] [1789803543.511415868] [lidar_clustering]: ID=160, X=0.81 m, Y=7.78 m, Width=0.13 m, Depth=0.95 m, Distance=7.82 m
[cluster_plot_node-13] [INFO] [1789803543.511627134] [lidar_clustering]: FollowGap: mode=CLEAR, direction=STRAIGHT, front=8.00 m, best_angle=0.0 deg
[cluster_plot_node-13] [INFO] [1789803543.511839813] [lidar_clustering]: points=0, clusters=0, tracks=2
[cluster_plot_node-13] [INFO] [1789803544.396944276] [lidar_clustering]: ID=160, X=1.65 m, Y=7.03 m, Width=0.83 m, Depth=2.97 m, Distance=7.22 m
[cluster_plot_node-13] [INFO] [1789803544.397166422] [lidar_clustering]: ID=161, X=6.07 m, Y=4.59 m, Width=3.32 m, Depth=2.58 m, Distance=7.61 m
[cluster_plot_node-13] [INFO] [1789803544.397345869] [lidar_clustering]: ID=162, X=3.47 m, Y=5.99 m, Width=3.81 m, Depth=4.49 m, Distance=6.92 m
[cluster_plot_node-13] [INFO] [1789803544.397522029] [lidar_clustering]: ID=163, X=6.76 m, Y=3.27 m, Width=1.86 m, Depth=1.72 m, Distance=7.51 m
[cluster_plot_node-13] [INFO] [1789803544.397695234] [lidar_clustering]: FollowGap: mode=CLEAR, direction=STRAIGHT, front=8.00 m, best_angle=0.0 deg
[direct_localization_node-6] [INFO] [1789803544.823279193] [direct_localization]: pose: x=26.29 y=-57.42 yaw=-166.0° v=2.68m/s [헤딩 정렬됨]
[cluster_plot_node-13] [INFO] [1789803545.275290597] [lidar_clustering]: ID=160, X=2.46 m, Y=5.75 m, Width=1.04 m, Depth=4.23 m, Distance=6.25 m
[cluster_plot_node-13] [INFO] [1789803545.275508175] [lidar_clustering]: ID=161, X=5.61 m, Y=4.78 m, Width=0.44 m, Depth=0.94 m, Distance=7.37 m
[cluster_plot_node-13] [INFO] [1789803545.275688182] [lidar_clustering]: ID=162, X=5.48 m, Y=5.63 m, Width=0.08 m, Depth=0.08 m, Distance=7.86 m
[cluster_plot_node-13] [INFO] [1789803545.275861848] [lidar_clustering]: ID=163, X=6.49 m, Y=4.46 m, Width=0.08 m, Depth=0.09 m, Distance=7.88 m
[cluster_plot_node-13] [INFO] [1789803545.276042356] [lidar_clustering]: FollowGap: mode=CLEAR, direction=STRAIGHT, front=8.00 m, best_angle=0.0 deg
[cluster_plot_node-13] [INFO] [1789803545.276218727] [lidar_clustering]: points=247, clusters=5, tracks=4
[cluster_plot_node-13] [INFO] [1789803546.159656570] [lidar_clustering]: ID=160, X=2.44 m, Y=6.64 m, Width=0.14 m, Depth=0.43 m, Distance=7.07 m
[cluster_plot_node-13] [INFO] [1789803546.159874077] [lidar_clustering]: ID=161, X=2.84 m, Y=6.40 m, Width=0.68 m, Depth=4.76 m, Distance=7.00 m
[cluster_plot_node-13] [INFO] [1789803546.160060597] [lidar_clustering]: ID=162, X=4.51 m, Y=6.44 m, Width=0.29 m, Depth=0.44 m, Distance=7.86 m
[cluster_plot_node-13] [INFO] [1789803546.160233992] [lidar_clustering]: ID=164, X=1.55 m, Y=6.46 m, Width=0.50 m, Depth=1.94 m, Distance=6.64 m
[cluster_plot_node-13] [INFO] [1789803546.160408920] [lidar_clustering]: FollowGap: mode=CLEAR, direction=STRAIGHT, front=8.00 m, best_angle=0.0 deg
[serial_bridge-12] [WARN] [1789803546.547848809] [serial_bridge_node]: ⚠ 공급전압 강하: VMIN=4295mV — 배터리/전원 확인
[vrs_ntrip_client-3] [INFO] [1789803546.715952010] [ngii_vrs_ntrip_client]: [NTRIP 연결됨] RTCM 528프레임 발행, GGA 실측(37.28838,127.10726)
[cluster_plot_node-13] [INFO] [1789803547.037155907] [lidar_clustering]: ID=160, X=1.37 m, Y=6.98 m, Width=0.23 m, Depth=2.03 m, Distance=7.11 m
[cluster_plot_node-13] [INFO] [1789803547.037379275] [lidar_clustering]: ID=161, X=0.75 m, Y=6.76 m, Width=0.11 m, Depth=0.78 m, Distance=6.80 m
[cluster_plot_node-13] [INFO] [1789803547.037562048] [lidar_clustering]: ID=162, X=1.96 m, Y=6.91 m, Width=0.50 m, Depth=3.33 m, Distance=7.18 m
[cluster_plot_node-13] [INFO] [1789803547.037736515] [lidar_clustering]: ID=164, X=0.48 m, Y=6.76 m, Width=0.04 m, Depth=0.10 m, Distance=6.78 m
[cluster_plot_node-13] [INFO] [1789803547.037911593] [lidar_clustering]: ID=165, X=3.17 m, Y=7.06 m, Width=0.26 m, Depth=1.28 m, Distance=7.73 m
[cluster_plot_node-13] [INFO] [1789803547.038091901] [lidar_clustering]: FollowGap: mode=CLEAR, direction=STRAIGHT, front=8.00 m, best_angle=0.0 deg
[cluster_plot_node-13] [INFO] [1789803547.038265677] [lidar_clustering]: points=124, clusters=1, tracks=5
[direct_localization_node-6] [INFO] [1789803547.823146009] [direct_localization]: pose: x=19.22 y=-54.88 yaw=161.2° v=2.65m/s [헤딩 정렬됨]
[cluster_plot_node-13] [INFO] [1789803547.927580603] [lidar_clustering]: ID=160, X=0.90 m, Y=6.80 m, Width=0.15 m, Depth=0.91 m, Distance=6.86 m
[cluster_plot_node-13] [INFO] [1789803547.927798892] [lidar_clustering]: ID=162, X=2.22 m, Y=6.57 m, Width=0.59 m, Depth=4.16 m, Distance=6.93 m
[cluster_plot_node-13] [INFO] [1789803547.927997704] [lidar_clustering]: ID=165, X=2.62 m, Y=6.95 m, Width=0.33 m, Depth=2.72 m, Distance=7.43 m
[cluster_plot_node-13] [INFO] [1789803547.928214571] [lidar_clustering]: FollowGap: mode=CLEAR, direction=STRAIGHT, front=8.00 m, best_angle=0.0 deg
[local_pure_pursuit_node-9] [WARN] [1789803548.323504382] [local_pure_pursuit]: odom 속도 73.9m/s — 비현실적이라 버린다 (직전 0.93 유지, 누적 120회). EKF twist 스파이크로 보이며 위치는 보통 멀쩡하다.
[cluster_plot_node-13] [INFO] [1789803548.812155439] [lidar_clustering]: ID=162, X=2.89 m, Y=5.56 m, Width=0.84 m, Depth=5.81 m, Distance=6.26 m
[cluster_plot_node-13] [INFO] [1789803548.812385721] [lidar_clustering]: FollowGap: mode=CLEAR, direction=STRAIGHT, front=8.00 m, best_angle=0.0 deg
[cluster_plot_node-13] [INFO] [1789803548.812578953] [lidar_clustering]: points=236, clusters=1, tracks=1
[serial_bridge-12] [WARN] [1789803549.558433476] [serial_bridge_node]: ⚠ 공급전압 강하: VMIN=4295mV — 배터리/전원 확인
[cluster_plot_node-13] [INFO] [1789803549.697828802] [lidar_clustering]: ID=162, X=3.01 m, Y=5.11 m, Width=0.97 m, Depth=6.22 m, Distance=5.94 m
[cluster_plot_node-13] [INFO] [1789803549.698056759] [lidar_clustering]: ID=166, X=3.21 m, Y=-6.15 m, Width=0.13 m, Depth=0.23 m, Distance=6.93 m
[cluster_plot_node-13] [INFO] [1789803549.698238881] [lidar_clustering]: FollowGap: mode=CLEAR, direction=STRAIGHT, front=8.00 m, best_angle=0.0 deg
[cluster_plot_node-13] [INFO] [1789803550.580973943] [lidar_clustering]: ID=162, X=3.36 m, Y=4.54 m, Width=2.08 m, Depth=6.93 m, Distance=5.65 m
[cluster_plot_node-13] [INFO] [1789803550.581212570] [lidar_clustering]: ID=166, X=2.30 m, Y=-5.99 m, Width=0.12 m, Depth=0.21 m, Distance=6.42 m
[cluster_plot_node-13] [INFO] [1789803550.581396585] [lidar_clustering]: FollowGap: mode=CLEAR, direction=STRAIGHT, front=8.00 m, best_angle=0.0 deg
[cluster_plot_node-13] [INFO] [1789803550.581570371] [lidar_clustering]: points=309, clusters=1, tracks=2
[direct_localization_node-6] [INFO] [1789803550.823267696] [direct_localization]: pose: x=11.39 y=-52.37 yaw=157.8° v=2.74m/s [헤딩 정렬됨]
[cluster_plot_node-13] [INFO] [1789803551.471405450] [lidar_clustering]: ID=162, X=3.08 m, Y=3.37 m, Width=2.61 m, Depth=7.40 m, Distance=4.56 m
[cluster_plot_node-13] [INFO] [1789803551.471624931] [lidar_clustering]: ID=167, X=5.71 m, Y=-5.17 m, Width=0.06 m, Depth=0.24 m, Distance=7.70 m
[cluster_plot_node-13] [INFO] [1789803551.471823403] [lidar_clustering]: ID=168, X=5.20 m, Y=-5.15 m, Width=0.33 m, Depth=0.08 m, Distance=7.32 m
[cluster_plot_node-13] [INFO] [1789803551.472067501] [lidar_clustering]: ID=169, X=4.70 m, Y=-4.94 m, Width=0.28 m, Depth=0.19 m, Distance=6.82 m
[cluster_plot_node-13] [INFO] [1789803551.472284077] [lidar_clustering]: FollowGap: mode=CLEAR, direction=STRAIGHT, front=8.00 m, best_angle=0.0 deg
[vrs_ntrip_client-3] [INFO] [1789803551.715962940] [ngii_vrs_ntrip_client]: [NTRIP 연결됨] RTCM 548프레임 발행, GGA 실측(37.28843,127.10712)
[cluster_plot_node-13] [INFO] [1789803552.356174439] [lidar_clustering]: ID=162, X=2.91 m, Y=4.71 m, Width=1.86 m, Depth=6.37 m, Distance=5.54 m
[cluster_plot_node-13] [INFO] [1789803552.356477787] [lidar_clustering]: ID=167, X=4.82 m, Y=-2.73 m, Width=0.11 m, Depth=0.38 m, Distance=5.54 m
[cluster_plot_node-13] [INFO] [1789803552.356754286] [lidar_clustering]: ID=168, X=3.60 m, Y=-2.55 m, Width=0.71 m, Depth=1.90 m, Distance=4.42 m
[cluster_plot_node-13] [INFO] [1789803552.356945424] [lidar_clustering]: ID=169, X=3.83 m, Y=-3.92 m, Width=0.19 m, Depth=0.05 m, Distance=5.48 m
[cluster_plot_node-13] [INFO] [1789803552.357171728] [lidar_clustering]: FollowGap: mode=CLEAR, direction=STRAIGHT, front=8.00 m, best_angle=0.0 deg
[cluster_plot_node-13] [INFO] [1789803552.357411899] [lidar_clustering]: points=367, clusters=3, tracks=4
[vehicle_cmd_mux-11] [INFO] [1789803552.908972112] [vehicle_cmd_mux]: 모드: AVOID(라이다)
[cluster_plot_node-13] [INFO] [1789803553.228489025] [lidar_clustering]: ID=162, X=2.26 m, Y=5.00 m, Width=1.42 m, Depth=4.98 m, Distance=5.49 m
[cluster_plot_node-13] [INFO] [1789803553.228710771] [lidar_clustering]: ID=167, X=3.57 m, Y=-0.47 m, Width=0.08 m, Depth=0.08 m, Distance=3.60 m
[cluster_plot_node-13] [INFO] [1789803553.228910115] [lidar_clustering]: ID=168, X=2.19 m, Y=-1.04 m, Width=0.47 m, Depth=0.68 m, Distance=2.43 m
[cluster_plot_node-13] [INFO] [1789803553.229121661] [lidar_clustering]: ID=169, X=2.98 m, Y=-0.62 m, Width=0.37 m, Depth=0.24 m, Distance=3.04 m
[cluster_plot_node-13] [INFO] [1789803553.229318701] [lidar_clustering]: FollowGap: mode=AVOID, direction=LEFT, front=2.20 m, best_angle=6.8 deg
[serial_bridge-12] [WARN] [1789803553.269450568] [serial_bridge_node]: ⚠ 공급전압 강하: VMIN=4262mV — 배터리/전원 확인
[direct_localization_node-6] [INFO] [1789803553.823145047] [direct_localization]: pose: x=7.79 y=-46.98 yaw=107.7° v=1.87m/s [헤딩 정렬됨]
[cluster_plot_node-13] [INFO] [1789803554.100318179] [lidar_clustering]: ID=162, X=2.24 m, Y=4.94 m, Width=1.37 m, Depth=5.18 m, Distance=5.42 m
[cluster_plot_node-13] [INFO] [1789803554.100544643] [lidar_clustering]: ID=167, X=2.42 m, Y=-0.62 m, Width=0.33 m, Depth=0.21 m, Distance=2.50 m
[cluster_plot_node-13] [INFO] [1789803554.100735181] [lidar_clustering]: ID=168, X=1.22 m, Y=-0.98 m, Width=0.16 m, Depth=0.21 m, Distance=1.56 m
[cluster_plot_node-13] [INFO] [1789803554.100915098] [lidar_clustering]: ID=169, X=2.32 m, Y=-0.79 m, Width=0.06 m, Depth=0.02 m, Distance=2.45 m
[cluster_plot_node-13] [INFO] [1789803554.101101668] [lidar_clustering]: ID=172, X=1.78 m, Y=-0.80 m, Width=0.34 m, Depth=0.21 m, Distance=1.95 m
[cluster_plot_node-13] [INFO] [1789803554.101285793] [lidar_clustering]: FollowGap: mode=AVOID, direction=LEFT, front=1.76 m, best_angle=5.0 deg
[cluster_plot_node-13] [INFO] [1789803554.101467203] [lidar_clustering]: points=273, clusters=3, tracks=5
[cluster_plot_node-13] [INFO] [1789803554.978306356] [lidar_clustering]: ID=162, X=2.05 m, Y=5.45 m, Width=1.39 m, Depth=4.47 m, Distance=5.82 m
[cluster_plot_node-13] [INFO] [1789803554.978529625] [lidar_clustering]: ID=168, X=0.63 m, Y=-0.86 m, Width=0.07 m, Depth=0.18 m, Distance=1.06 m
[cluster_plot_node-13] [INFO] [1789803554.978714632] [lidar_clustering]: ID=169, X=0.99 m, Y=-1.05 m, Width=0.10 m, Depth=0.17 m, Distance=1.44 m
[cluster_plot_node-13] [INFO] [1789803554.978896543] [lidar_clustering]: ID=173, X=4.87 m, Y=-1.72 m, Width=0.07 m, Depth=0.02 m, Distance=5.17 m
[cluster_plot_node-13] [INFO] [1789803554.979078774] [lidar_clustering]: ID=174, X=4.03 m, Y=-1.46 m, Width=0.31 m, Depth=0.41 m, Distance=4.28 m
[cluster_plot_node-13] [INFO] [1789803554.979256678] [lidar_clustering]: ID=175, X=7.39 m, Y=-0.30 m, Width=0.10 m, Depth=0.00 m, Distance=7.40 m
[cluster_plot_node-13] [INFO] [1789803554.979436495] [lidar_clustering]: FollowGap: mode=CLEAR, direction=STRAIGHT, front=8.00 m, best_angle=0.0 deg
[vehicle_cmd_mux-11] [INFO] [1789803555.008876708] [vehicle_cmd_mux]: 모드: AUTO
[vehicle_cmd_mux-11] [INFO] [1789803555.158893094] [vehicle_cmd_mux]: 모드: AVOID(라이다)
[cluster_plot_node-13] [INFO] [1789803555.856578774] [lidar_clustering]: ID=162, X=1.70 m, Y=5.67 m, Width=2.06 m, Depth=3.59 m, Distance=5.92 m
[cluster_plot_node-13] [INFO] [1789803555.856815087] [lidar_clustering]: ID=171, X=3.04 m, Y=0.47 m, Width=0.13 m, Depth=0.05 m, Distance=3.07 m
[cluster_plot_node-13] [INFO] [1789803555.856994303] [lidar_clustering]: ID=174, X=2.45 m, Y=0.89 m, Width=0.15 m, Depth=0.09 m, Distance=2.61 m
[cluster_plot_node-13] [INFO] [1789803555.857360179] [lidar_clustering]: ID=175, X=7.07 m, Y=2.06 m, Width=0.18 m, Depth=0.03 m, Distance=7.37 m
[cluster_plot_node-13] [INFO] [1789803555.857599918] [lidar_clustering]: ID=176, X=4.22 m, Y=3.52 m, Width=3.43 m, Depth=1.70 m, Distance=5.50 m
[cluster_plot_node-13] [INFO] [1789803555.857779765] [lidar_clustering]: ID=177, X=6.13 m, Y=1.72 m, Width=0.76 m, Depth=1.70 m, Distance=6.37 m
[cluster_plot_node-13] [INFO] [1789803555.857955615] [lidar_clustering]: ID=178, X=7.20 m, Y=-1.93 m, Width=0.42 m, Depth=0.14 m, Distance=7.46 m
[cluster_plot_node-13] [INFO] [1789803555.858131896] [lidar_clustering]: ID=179, X=7.02 m, Y=1.30 m, Width=0.08 m, Depth=0.02 m, Distance=7.14 m
[cluster_plot_node-13] [INFO] [1789803555.858300582] [lidar_clustering]: ID=180, X=7.43 m, Y=-2.57 m, Width=0.47 m, Depth=0.16 m, Distance=7.86 m
[cluster_plot_node-13] [INFO] [1789803555.858478566] [lidar_clustering]: FollowGap: mode=AVOID, direction=RIGHT, front=2.52 m, best_angle=-18.0 deg
[cluster_plot_node-13] [INFO] [1789803555.858747700] [lidar_clustering]: points=396, clusters=6, tracks=9
[local_pure_pursuit_node-9] [WARN] [1789803555.960957981] [local_pure_pursuit]: 정지: lookahead가 차량 뒤/너무 가까움 (헤딩 이상 가능)
[vehicle_cmd_mux-11] [INFO] [1789803556.058970452] [vehicle_cmd_mux]: 모드: AUTO
[vrs_ntrip_client-3] [INFO] [1789803556.715951466] [ngii_vrs_ntrip_client]: [NTRIP 연결됨] RTCM 576프레임 발행, GGA 실측(37.28851,127.10710)
[cluster_plot_node-13] [INFO] [1789803556.734813448] [lidar_clustering]: ID=162, X=0.51 m, Y=5.80 m, Width=0.34 m, Depth=0.10 m, Distance=5.82 m
[cluster_plot_node-13] [INFO] [1789803556.735042377] [lidar_clustering]: ID=171, X=0.51 m, Y=2.40 m, Width=0.12 m, Depth=0.18 m, Distance=2.45 m
[cluster_plot_node-13] [INFO] [1789803556.735253673] [lidar_clustering]: ID=177, X=2.80 m, Y=3.41 m, Width=1.45 m, Depth=7.04 m, Distance=4.41 m
[cluster_plot_node-13] [INFO] [1789803556.735436135] [lidar_clustering]: ID=178, X=5.34 m, Y=1.35 m, Width=0.33 m, Depth=0.22 m, Distance=5.50 m
[cluster_plot_node-13] [INFO] [1789803556.735622314] [lidar_clustering]: ID=179, X=6.72 m, Y=1.02 m, Width=0.19 m, Depth=0.14 m, Distance=6.80 m
[cluster_plot_node-13] [INFO] [1789803556.735821918] [lidar_clustering]: ID=180, X=6.03 m, Y=1.03 m, Width=0.21 m, Depth=0.37 m, Distance=6.12 m
[cluster_plot_node-13] [INFO] [1789803556.736024869] [lidar_clustering]: FollowGap: mode=CLEAR, direction=STRAIGHT, front=8.00 m, best_angle=0.0 deg
[direct_localization_node-6] [INFO] [1789803556.823120854] [direct_localization]: pose: x=7.35 y=-41.41 yaw=73.3° v=2.34m/s [헤딩 정렬됨]
[cluster_plot_node-13] [INFO] [1789803557.612548892] [lidar_clustering]: ID=175, X=6.81 m, Y=3.47 m, Width=0.07 m, Depth=0.12 m, Distance=7.64 m
[cluster_plot_node-13] [INFO] [1789803557.612766891] [lidar_clustering]: ID=177, X=2.47 m, Y=3.41 m, Width=0.23 m, Depth=5.54 m, Distance=4.21 m
[cluster_plot_node-13] [INFO] [1789803557.612952359] [lidar_clustering]: ID=178, X=3.35 m, Y=1.74 m, Width=0.26 m, Depth=0.27 m, Distance=3.78 m
[cluster_plot_node-13] [INFO] [1789803557.613138929] [lidar_clustering]: ID=180, X=4.17 m, Y=1.43 m, Width=0.18 m, Depth=0.17 m, Distance=4.41 m
[cluster_plot_node-13] [INFO] [1789803557.613316682] [lidar_clustering]: FollowGap: mode=CLEAR, direction=STRAIGHT, front=8.00 m, best_angle=0.0 deg
[cluster_plot_node-13] [INFO] [1789803557.613492642] [lidar_clustering]: points=314, clusters=4, tracks=4
[cluster_plot_node-13] [INFO] [1789803558.484513585] [lidar_clustering]: ID=175, X=2.85 m, Y=3.73 m, Width=0.04 m, Depth=0.20 m, Distance=4.69 m
[cluster_plot_node-13] [INFO] [1789803558.484762001] [lidar_clustering]: ID=177, X=1.26 m, Y=3.58 m, Width=0.19 m, Depth=1.91 m, Distance=3.79 m
[cluster_plot_node-13] [INFO] [1789803558.485050832] [lidar_clustering]: ID=178, X=1.45 m, Y=1.89 m, Width=0.19 m, Depth=0.33 m, Distance=2.38 m
[cluster_plot_node-13] [INFO] [1789803558.485240808] [lidar_clustering]: ID=180, X=2.26 m, Y=1.63 m, Width=0.18 m, Depth=0.26 m, Distance=2.79 m
[cluster_plot_node-13] [INFO] [1789803558.485421998] [lidar_clustering]: ID=182, X=4.09 m, Y=3.85 m, Width=0.14 m, Depth=1.34 m, Distance=5.61 m
[cluster_plot_node-13] [INFO] [1789803558.485605162] [lidar_clustering]: FollowGap: mode=CLEAR, direction=STRAIGHT, front=8.00 m, best_angle=0.0 deg
[cluster_plot_node-13] [INFO] [1789803559.363262964] [lidar_clustering]: ID=175, X=0.94 m, Y=3.69 m, Width=0.04 m, Depth=0.19 m, Distance=3.81 m
[cluster_plot_node-13] [INFO] [1789803559.363493076] [lidar_clustering]: ID=177, X=0.43 m, Y=3.68 m, Width=0.01 m, Depth=0.17 m, Distance=3.71 m
[cluster_plot_node-13] [INFO] [1789803559.363685747] [lidar_clustering]: ID=178, X=0.40 m, Y=1.88 m, Width=0.02 m, Depth=0.08 m, Distance=1.92 m
[cluster_plot_node-13] [INFO] [1789803559.363930285] [lidar_clustering]: ID=180, X=1.05 m, Y=1.89 m, Width=0.07 m, Depth=0.19 m, Distance=2.16 m
[cluster_plot_node-13] [INFO] [1789803559.364158283] [lidar_clustering]: ID=182, X=0.47 m, Y=3.83 m, Width=0.02 m, Depth=0.18 m, Distance=3.86 m
[cluster_plot_node-13] [INFO] [1789803559.364359891] [lidar_clustering]: ID=183, X=3.52 m, Y=4.25 m, Width=0.75 m, Depth=4.94 m, Distance=5.52 m
[cluster_plot_node-13] [INFO] [1789803559.364546731] [lidar_clustering]: ID=184, X=0.54 m, Y=1.82 m, Width=0.22 m, Depth=0.39 m, Distance=1.90 m
[cluster_plot_node-13] [INFO] [1789803559.364730836] [lidar_clustering]: ID=185, X=1.15 m, Y=3.91 m, Width=0.02 m, Depth=0.10 m, Distance=4.07 m
[cluster_plot_node-13] [INFO] [1789803559.364915823] [lidar_clustering]: FollowGap: mode=CLEAR, direction=STRAIGHT, front=8.00 m, best_angle=0.0 deg
[cluster_plot_node-13] [INFO] [1789803559.365106350] [lidar_clustering]: points=232, clusters=4, tracks=8
[direct_localization_node-6] [INFO] [1789803559.823272893] [direct_localization]: pose: x=10.26 y=-35.75 yaw=62.9° v=2.21m/s [헤딩 정렬됨]
[cluster_plot_node-13] [INFO] [1789803560.246719866] [lidar_clustering]: ID=183, X=2.52 m, Y=4.64 m, Width=1.11 m, Depth=5.60 m, Distance=5.28 m
[cluster_plot_node-13] [INFO] [1789803560.246939217] [lidar_clustering]: ID=186, X=5.54 m, Y=-3.88 m, Width=0.08 m, Depth=0.05 m, Distance=6.76 m
[cluster_plot_node-13] [INFO] [1789803560.247125226] [lidar_clustering]: FollowGap: mode=CLEAR, direction=STRAIGHT, front=8.00 m, best_angle=0.0 deg
[cluster_plot_node-13] [INFO] [1789803561.125159288] [lidar_clustering]: ID=183, X=2.19 m, Y=5.33 m, Width=1.36 m, Depth=4.55 m, Distance=5.76 m
[cluster_plot_node-13] [INFO] [1789803561.125446686] [lidar_clustering]: ID=186, X=4.16 m, Y=-3.55 m, Width=0.10 m, Depth=0.09 m, Distance=5.47 m
[cluster_plot_node-13] [INFO] [1789803561.125638476] [lidar_clustering]: ID=187, X=6.02 m, Y=-4.63 m, Width=0.19 m, Depth=0.10 m, Distance=7.60 m
[cluster_plot_node-13] [INFO] [1789803561.125818193] [lidar_clustering]: FollowGap: mode=CLEAR, direction=STRAIGHT, front=8.00 m, best_angle=0.0 deg
[cluster_plot_node-13] [INFO] [1789803561.126034979] [lidar_clustering]: points=200, clusters=5, tracks=3
[vrs_ntrip_client-3] [INFO] [1789803561.715959323] [ngii_vrs_ntrip_client]: [NTRIP 연결됨] RTCM 596프레임 발행, GGA 실측(37.28860,127.10716)
[cluster_plot_node-13] [INFO] [1789803562.003760219] [lidar_clustering]: ID=183, X=1.31 m, Y=6.55 m, Width=1.41 m, Depth=2.14 m, Distance=6.68 m
[cluster_plot_node-13] [INFO] [1789803562.004122588] [lidar_clustering]: ID=186, X=4.00 m, Y=-3.29 m, Width=0.51 m, Depth=0.61 m, Distance=5.18 m
[cluster_plot_node-13] [INFO] [1789803562.004383057] [lidar_clustering]: ID=187, X=5.51 m, Y=-3.65 m, Width=0.26 m, Depth=0.22 m, Distance=6.61 m
[cluster_plot_node-13] [INFO] [1789803562.004573564] [lidar_clustering]: ID=188, X=6.67 m, Y=1.49 m, Width=0.19 m, Depth=0.09 m, Distance=6.84 m
[cluster_plot_node-13] [INFO] [1789803562.004755415] [lidar_clustering]: ID=189, X=2.93 m, Y=-3.17 m, Width=0.14 m, Depth=0.22 m, Distance=4.31 m
[cluster_plot_node-13] [INFO] [1789803562.004933448] [lidar_clustering]: ID=191, X=5.89 m, Y=1.68 m, Width=0.19 m, Depth=0.13 m, Distance=6.12 m
[cluster_plot_node-13] [INFO] [1789803562.005116111] [lidar_clustering]: ID=192, X=4.25 m, Y=5.97 m, Width=1.91 m, Depth=3.18 m, Distance=7.33 m
[cluster_plot_node-13] [INFO] [1789803562.005300336] [lidar_clustering]: ID=193, X=5.25 m, Y=-2.50 m, Width=0.90 m, Depth=0.72 m, Distance=5.81 m
[cluster_plot_node-13] [INFO] [1789803562.005484171] [lidar_clustering]: FollowGap: mode=CLEAR, direction=STRAIGHT, front=8.00 m, best_angle=0.0 deg
[serial_bridge-12] [WARN] [1789803562.145214321] [serial_bridge_node]: ⚠ 공급전압 강하: VMIN=4278mV — 배터리/전원 확인
[direct_localization_node-6] [INFO] [1789803562.823265223] [direct_localization]: pose: x=14.79 y=-30.53 yaw=51.0° v=2.37m/s [헤딩 정렬됨]
[serial_bridge-12] [INFO] [1789803562.861958586] [serial_bridge_node]: 거버너 — 측정 2.45+0.07(선행) > 명령 1.52 (+0.99) → PWM 81 → 제동 -60
[cluster_plot_node-13] [INFO] [1789803562.887629074] [lidar_clustering]: ID=183, X=0.71 m, Y=7.49 m, Width=0.63 m, Depth=0.78 m, Distance=7.52 m
[cluster_plot_node-13] [INFO] [1789803562.887846412] [lidar_clustering]: ID=188, X=4.46 m, Y=0.59 m, Width=0.06 m, Depth=0.01 m, Distance=4.50 m
[cluster_plot_node-13] [INFO] [1789803562.888039834] [lidar_clustering]: ID=191, X=4.12 m, Y=-0.13 m, Width=0.37 m, Depth=0.20 m, Distance=4.12 m
[cluster_plot_node-13] [INFO] [1789803562.888216946] [lidar_clustering]: ID=192, X=4.37 m, Y=6.51 m, Width=0.19 m, Depth=0.27 m, Distance=7.84 m
[cluster_plot_node-13] [INFO] [1789803562.888390211] [lidar_clustering]: ID=193, X=5.36 m, Y=-2.55 m, Width=0.21 m, Depth=0.05 m, Distance=5.93 m
[cluster_plot_node-13] [INFO] [1789803562.888563506] [lidar_clustering]: ID=194, X=5.35 m, Y=-1.87 m, Width=0.19 m, Depth=0.05 m, Distance=5.67 m
[cluster_plot_node-13] [INFO] [1789803562.888735599] [lidar_clustering]: ID=195, X=3.06 m, Y=-2.22 m, Width=0.34 m, Depth=1.04 m, Distance=3.78 m
[cluster_plot_node-13] [INFO] [1789803562.888950962] [lidar_clustering]: ID=196, X=2.26 m, Y=-2.49 m, Width=1.46 m, Depth=3.03 m, Distance=3.37 m
[cluster_plot_node-13] [INFO] [1789803562.889175153] [lidar_clustering]: FollowGap: mode=AVOID, direction=LEFT, front=3.93 m, best_angle=8.0 deg
[cluster_plot_node-13] [INFO] [1789803562.889362304] [lidar_clustering]: points=150, clusters=5, tracks=8
[vehicle_cmd_mux-11] [INFO] [1789803562.908919821] [vehicle_cmd_mux]: 모드: AVOID(라이다)
[vehicle_cmd_mux-11] [INFO] [1789803563.358871538] [vehicle_cmd_mux]: 모드: AUTO
[cluster_plot_node-13] [INFO] [1789803563.765234764] [lidar_clustering]: ID=183, X=0.95 m, Y=7.26 m, Width=0.89 m, Depth=1.43 m, Distance=7.32 m
[cluster_plot_node-13] [INFO] [1789803563.765474504] [lidar_clustering]: ID=186, X=4.18 m, Y=-2.45 m, Width=0.14 m, Depth=0.13 m, Distance=4.85 m
[cluster_plot_node-13] [INFO] [1789803563.765671283] [lidar_clustering]: ID=189, X=3.22 m, Y=-3.45 m, Width=0.12 m, Depth=0.09 m, Distance=4.72 m
[cluster_plot_node-13] [INFO] [1789803563.765861479] [lidar_clustering]: ID=191, X=2.19 m, Y=-1.78 m, Width=0.11 m, Depth=0.16 m, Distance=2.82 m
[cluster_plot_node-13] [INFO] [1789803563.766063277] [lidar_clustering]: ID=192, X=4.35 m, Y=6.20 m, Width=2.11 m, Depth=3.03 m, Distance=7.57 m
[cluster_plot_node-13] [INFO] [1789803563.766269113] [lidar_clustering]: ID=193, X=3.47 m, Y=-2.51 m, Width=0.29 m, Depth=1.06 m, Distance=4.29 m
[cluster_plot_node-13] [INFO] [1789803563.766464349] [lidar_clustering]: ID=196, X=2.13 m, Y=-2.23 m, Width=0.06 m, Depth=0.08 m, Distance=3.09 m
[cluster_plot_node-13] [INFO] [1789803563.766714238] [lidar_clustering]: FollowGap: mode=CLEAR, direction=STRAIGHT, front=8.00 m, best_angle=0.0 deg
[cluster_plot_node-13] [INFO] [1789803564.649760785] [lidar_clustering]: ID=183, X=1.15 m, Y=7.03 m, Width=0.93 m, Depth=1.84 m, Distance=7.13 m
[cluster_plot_node-13] [INFO] [1789803564.649989905] [lidar_clustering]: ID=192, X=5.18 m, Y=5.58 m, Width=0.87 m, Depth=0.40 m, Distance=7.62 m
[cluster_plot_node-13] [INFO] [1789803564.650190210] [lidar_clustering]: ID=197, X=4.89 m, Y=6.08 m, Width=0.13 m, Depth=0.03 m, Distance=7.80 m
[cluster_plot_node-13] [INFO] [1789803564.650394013] [lidar_clustering]: ID=198, X=5.06 m, Y=5.02 m, Width=0.13 m, Depth=0.05 m, Distance=7.13 m
[cluster_plot_node-13] [INFO] [1789803564.650591874] [lidar_clustering]: FollowGap: mode=CLEAR, direction=STRAIGHT, front=8.00 m, best_angle=0.0 deg
[cluster_plot_node-13] [INFO] [1789803564.650784274] [lidar_clustering]: points=96, clusters=3, tracks=4
[serial_bridge-12] [WARN] [1789803565.155716227] [serial_bridge_node]: ⚠ 공급전압 강하: VMIN=3814mV — 배터리/전원 확인
[cluster_plot_node-13] [INFO] [1789803565.534289308] [lidar_clustering]: ID=183, X=0.89 m, Y=7.41 m, Width=0.66 m, Depth=1.14 m, Distance=7.46 m
[cluster_plot_node-13] [INFO] [1789803565.534585453] [lidar_clustering]: ID=192, X=3.77 m, Y=6.59 m, Width=0.34 m, Depth=0.22 m, Distance=7.59 m
[cluster_plot_node-13] [INFO] [1789803565.534896657] [lidar_clustering]: ID=197, X=3.80 m, Y=5.36 m, Width=0.53 m, Depth=0.36 m, Distance=6.57 m
[cluster_plot_node-13] [INFO] [1789803565.535204684] [lidar_clustering]: ID=198, X=4.01 m, Y=5.72 m, Width=0.16 m, Depth=0.12 m, Distance=6.99 m
[cluster_plot_node-13] [INFO] [1789803565.535472617] [lidar_clustering]: ID=199, X=3.79 m, Y=4.89 m, Width=0.44 m, Depth=0.37 m, Distance=6.18 m
[cluster_plot_node-13] [INFO] [1789803565.535748885] [lidar_clustering]: FollowGap: mode=CLEAR, direction=STRAIGHT, front=8.00 m, best_angle=0.0 deg
[direct_localization_node-6] [INFO] [1789803565.823264646] [direct_localization]: pose: x=17.24 y=-24.77 yaw=84.2° v=2.39m/s [헤딩 정렬됨]
[cluster_plot_node-13] [INFO] [1789803566.418717930] [lidar_clustering]: ID=183, X=0.60 m, Y=7.77 m, Width=0.33 m, Depth=0.46 m, Distance=7.80 m
[cluster_plot_node-13] [INFO] [1789803566.418944595] [lidar_clustering]: ID=197, X=2.46 m, Y=5.50 m, Width=0.06 m, Depth=0.09 m, Distance=6.02 m
[cluster_plot_node-13] [INFO] [1789803566.419126867] [lidar_clustering]: ID=198, X=2.81 m, Y=5.43 m, Width=0.02 m, Depth=0.09 m, Distance=6.12 m
[cluster_plot_node-13] [INFO] [1789803566.419298980] [lidar_clustering]: ID=199, X=2.06 m, Y=5.02 m, Width=0.14 m, Depth=0.22 m, Distance=5.42 m
[cluster_plot_node-13] [INFO] [1789803566.419467816] [lidar_clustering]: ID=200, X=1.22 m, Y=5.67 m, Width=0.25 m, Depth=1.80 m, Distance=5.80 m
[cluster_plot_node-13] [INFO] [1789803566.419636783] [lidar_clustering]: ID=201, X=3.66 m, Y=5.93 m, Width=0.68 m, Depth=2.39 m, Distance=6.97 m
[cluster_plot_node-13] [INFO] [1789803566.419814566] [lidar_clustering]: FollowGap: mode=CLEAR, direction=STRAIGHT, front=8.00 m, best_angle=0.0 deg
[cluster_plot_node-13] [INFO] [1789803566.419987811] [lidar_clustering]: points=170, clusters=4, tracks=6
[vrs_ntrip_client-3] [INFO] [1789803566.715963076] [ngii_vrs_ntrip_client]: [NTRIP 연결됨] RTCM 624프레임 발행, GGA 실측(37.28868,127.10721)
[cluster_plot_node-13] [INFO] [1789803567.298074690] [lidar_clustering]: ID=197, X=2.33 m, Y=5.67 m, Width=1.00 m, Depth=4.53 m, Distance=6.13 m
[cluster_plot_node-13] [INFO] [1789803567.298297718] [lidar_clustering]: ID=198, X=2.61 m, Y=5.23 m, Width=0.43 m, Depth=5.51 m, Distance=5.85 m
[cluster_plot_node-13] [INFO] [1789803567.298476233] [lidar_clustering]: ID=199, X=1.22 m, Y=5.16 m, Width=0.01 m, Depth=0.08 m, Distance=5.30 m
[cluster_plot_node-13] [INFO] [1789803567.298646623] [lidar_clustering]: FollowGap: mode=CLEAR, direction=STRAIGHT, front=8.00 m, best_angle=0.0 deg
[local_pure_pursuit_node-9] [WARN] [1789803567.961057571] [local_pure_pursuit]: 정지: lookahead가 차량 뒤/너무 가까움 (헤딩 이상 가능)
[serial_bridge-12] [WARN] [1789803568.166178319] [serial_bridge_node]: ⚠ 공급전압 강하: VMIN=3041mV — 배터리/전원 확인
[cluster_plot_node-13] [INFO] [1789803568.174724241] [lidar_clustering]: ID=197, X=2.45 m, Y=5.60 m, Width=0.89 m, Depth=4.86 m, Distance=6.11 m
[cluster_plot_node-13] [INFO] [1789803568.174928474] [lidar_clustering]: ID=198, X=2.34 m, Y=5.24 m, Width=0.94 m, Depth=5.04 m, Distance=5.74 m
[cluster_plot_node-13] [INFO] [1789803568.175109804] [lidar_clustering]: ID=199, X=1.22 m, Y=5.28 m, Width=0.04 m, Depth=0.09 m, Distance=5.42 m
[cluster_plot_node-13] [INFO] [1789803568.175284712] [lidar_clustering]: FollowGap: mode=CLEAR, direction=STRAIGHT, front=8.00 m, best_angle=0.0 deg
[cluster_plot_node-13] [INFO] [1789803568.175457867] [lidar_clustering]: points=196, clusters=1, tracks=3
[direct_localization_node-6] [INFO] [1789803568.823263979] [direct_localization]: pose: x=17.42 y=-18.78 yaw=106.3° v=2.12m/s [헤딩 정렬됨]
[cluster_plot_node-13] [INFO] [1789803569.053692687] [lidar_clustering]: ID=197, X=2.47 m, Y=5.43 m, Width=0.58 m, Depth=5.21 m, Distance=5.96 m
[cluster_plot_node-13] [INFO] [1789803569.053911707] [lidar_clustering]: ID=198, X=2.50 m, Y=4.81 m, Width=0.95 m, Depth=5.55 m, Distance=5.42 m
[cluster_plot_node-13] [INFO] [1789803569.054094820] [lidar_clustering]: ID=202, X=7.02 m, Y=2.58 m, Width=3.23 m, Depth=1.00 m, Distance=7.48 m
[cluster_plot_node-13] [INFO] [1789803569.054274487] [lidar_clustering]: FollowGap: mode=CLEAR, direction=STRAIGHT, front=8.00 m, best_angle=0.0 deg
[cluster_plot_node-13] [INFO] [1789803569.932153557] [lidar_clustering]: ID=197, X=2.78 m, Y=5.24 m, Width=0.03 m, Depth=0.05 m, Distance=5.93 m
[cluster_plot_node-13] [INFO] [1789803569.932372298] [lidar_clustering]: ID=198, X=2.80 m, Y=4.64 m, Width=0.39 m, Depth=6.26 m, Distance=5.41 m
[cluster_plot_node-13] [INFO] [1789803569.932649497] [lidar_clustering]: ID=199, X=2.25 m, Y=4.23 m, Width=0.05 m, Depth=0.07 m, Distance=4.79 m
[cluster_plot_node-13] [INFO] [1789803569.932881021] [lidar_clustering]: ID=202, X=6.70 m, Y=1.05 m, Width=4.44 m, Depth=1.24 m, Distance=6.79 m
[cluster_plot_node-13] [INFO] [1789803569.933074043] [lidar_clustering]: ID=203, X=7.28 m, Y=-2.59 m, Width=0.68 m, Depth=0.52 m, Distance=7.73 m
[cluster_plot_node-13] [INFO] [1789803569.933254822] [lidar_clustering]: ID=204, X=7.07 m, Y=0.48 m, Width=1.78 m, Depth=0.59 m, Distance=7.09 m
[cluster_plot_node-13] [INFO] [1789803569.933432706] [lidar_clustering]: ID=205, X=6.74 m, Y=-3.66 m, Width=0.37 m, Depth=0.24 m, Distance=7.68 m
[cluster_plot_node-13] [INFO] [1789803569.933615388] [lidar_clustering]: FollowGap: mode=CLEAR, direction=STRAIGHT, front=8.00 m, best_angle=0.0 deg
[cluster_plot_node-13] [INFO] [1789803569.933794865] [lidar_clustering]: points=480, clusters=7, tracks=7
[cluster_plot_node-13] [INFO] [1789803570.815570978] [lidar_clustering]: ID=197, X=3.23 m, Y=5.47 m, Width=1.49 m, Depth=5.57 m, Distance=6.35 m
[cluster_plot_node-13] [INFO] [1789803570.815921345] [lidar_clustering]: ID=198, X=2.81 m, Y=4.93 m, Width=0.52 m, Depth=5.96 m, Distance=5.68 m
[cluster_plot_node-13] [INFO] [1789803570.816229954] [lidar_clustering]: ID=205, X=3.56 m, Y=-5.70 m, Width=0.21 m, Depth=0.09 m, Distance=6.72 m
[cluster_plot_node-13] [INFO] [1789803570.816528504] [lidar_clustering]: ID=206, X=4.56 m, Y=-4.85 m, Width=1.08 m, Depth=2.45 m, Distance=6.65 m
[cluster_plot_node-13] [INFO] [1789803570.816740171] [lidar_clustering]: ID=210, X=0.40 m, Y=4.36 m, Width=0.03 m, Depth=0.15 m, Distance=4.38 m
[cluster_plot_node-13] [INFO] [1789803570.816924135] [lidar_clustering]: ID=211, X=0.46 m, Y=5.38 m, Width=0.37 m, Depth=0.35 m, Distance=5.40 m
[cluster_plot_node-13] [INFO] [1789803570.817114542] [lidar_clustering]: ID=212, X=3.47 m, Y=-6.67 m, Width=0.16 m, Depth=0.09 m, Distance=7.52 m
[cluster_plot_node-13] [INFO] [1789803570.817296674] [lidar_clustering]: FollowGap: mode=CLEAR, direction=STRAIGHT, front=8.00 m, best_angle=0.0 deg
[serial_bridge-12] [WARN] [1789803571.173404803] [serial_bridge_node]: ⚠ 공급전압 강하: VMIN=3962mV — 배터리/전원 확인
[local_pure_pursuit_node-9] [WARN] [1789803571.623656836] [local_pure_pursuit]: odom 속도 3.0m/s — 비현실적이라 버린다 (직전 2.06 유지, 누적 148회). EKF twist 스파이크로 보이며 위치는 보통 멀쩡하다.
[cluster_plot_node-13] [INFO] [1789803571.700857961] [lidar_clustering]: ID=197, X=4.07 m, Y=6.35 m, Width=0.04 m, Depth=0.26 m, Distance=7.54 m
[cluster_plot_node-13] [INFO] [1789803571.701110785] [lidar_clustering]: ID=198, X=3.79 m, Y=5.14 m, Width=2.93 m, Depth=5.89 m, Distance=6.38 m
[cluster_plot_node-13] [INFO] [1789803571.701297475] [lidar_clustering]: ID=202, X=4.68 m, Y=-0.77 m, Width=1.20 m, Depth=1.51 m, Distance=4.74 m
[cluster_plot_node-13] [INFO] [1789803571.701477593] [lidar_clustering]: ID=203, X=6.01 m, Y=-3.86 m, Width=0.08 m, Depth=0.21 m, Distance=7.14 m
[cluster_plot_node-13] [INFO] [1789803571.701677909] [lidar_clustering]: ID=204, X=7.61 m, Y=-1.31 m, Width=0.11 m, Depth=0.03 m, Distance=7.72 m
[cluster_plot_node-13] [INFO] [1789803571.701879226] [lidar_clustering]: ID=207, X=5.05 m, Y=-0.20 m, Width=1.19 m, Depth=1.19 m, Distance=5.06 m
[cluster_plot_node-13] [INFO] [1789803571.702078880] [lidar_clustering]: ID=208, X=5.41 m, Y=-4.48 m, Width=0.33 m, Depth=0.24 m, Distance=7.02 m
[cluster_plot_node-13] [INFO] [1789803571.702281560] [lidar_clustering]: ID=209, X=6.14 m, Y=-2.86 m, Width=1.40 m, Depth=0.33 m, Distance=6.77 m
[cluster_plot_node-13] [INFO] [1789803571.702465115] [lidar_clustering]: ID=213, X=7.03 m, Y=0.82 m, Width=0.31 m, Depth=0.29 m, Distance=7.08 m
[cluster_plot_node-13] [INFO] [1789803571.702643679] [lidar_clustering]: ID=214, X=7.74 m, Y=0.20 m, Width=0.72 m, Depth=0.47 m, Distance=7.74 m
[cluster_plot_node-13] [INFO] [1789803571.702824569] [lidar_clustering]: ID=215, X=0.81 m, Y=7.68 m, Width=0.38 m, Depth=0.79 m, Distance=7.72 m
[cluster_plot_node-13] [INFO] [1789803571.703010728] [lidar_clustering]: FollowGap: mode=CLEAR, direction=STRAIGHT, front=8.00 m, best_angle=0.0 deg
[cluster_plot_node-13] [INFO] [1789803571.703194953] [lidar_clustering]: points=457, clusters=5, tracks=11
[vrs_ntrip_client-3] [INFO] [1789803571.716150714] [ngii_vrs_ntrip_client]: [NTRIP 연결됨] RTCM 644프레임 발행, GGA 실측(37.28877,127.10716)
[direct_localization_node-6] [INFO] [1789803571.823243203] [direct_localization]: pose: x=13.33 y=-13.49 yaw=157.5° v=2.56m/s [헤딩 정렬됨]
[cluster_plot_node-13] [INFO] [1789803572.596851776] [lidar_clustering]: ID=198, X=6.32 m, Y=2.49 m, Width=0.14 m, Depth=0.10 m, Distance=6.79 m
[cluster_plot_node-13] [INFO] [1789803572.597077459] [lidar_clustering]: ID=204, X=6.69 m, Y=-2.92 m, Width=0.78 m, Depth=1.41 m, Distance=7.30 m
[cluster_plot_node-13] [INFO] [1789803572.597263648] [lidar_clustering]: ID=209, X=6.15 m, Y=-4.16 m, Width=1.21 m, Depth=0.15 m, Distance=7.43 m
[cluster_plot_node-13] [INFO] [1789803572.597443074] [lidar_clustering]: ID=214, X=7.53 m, Y=-1.37 m, Width=0.23 m, Depth=0.62 m, Distance=7.65 m
[cluster_plot_node-13] [INFO] [1789803572.597633171] [lidar_clustering]: ID=215, X=2.77 m, Y=6.36 m, Width=1.61 m, Depth=5.33 m, Distance=6.94 m
[cluster_plot_node-13] [INFO] [1789803572.597815723] [lidar_clustering]: ID=216, X=3.76 m, Y=-3.08 m, Width=0.15 m, Depth=0.16 m, Distance=4.86 m
[cluster_plot_node-13] [INFO] [1789803572.597993095] [lidar_clustering]: ID=217, X=5.40 m, Y=2.98 m, Width=0.18 m, Depth=0.33 m, Distance=6.16 m
[cluster_plot_node-13] [INFO] [1789803572.598176880] [lidar_clustering]: ID=218, X=7.05 m, Y=2.43 m, Width=0.20 m, Depth=0.13 m, Distance=7.45 m
[cluster_plot_node-13] [INFO] [1789803572.598350445] [lidar_clustering]: ID=219, X=4.73 m, Y=3.21 m, Width=0.18 m, Depth=0.22 m, Distance=5.72 m
[cluster_plot_node-13] [INFO] [1789803572.598544750] [lidar_clustering]: FollowGap: mode=CLEAR, direction=STRAIGHT, front=8.00 m, best_angle=0.0 deg
[cluster_plot_node-13] [INFO] [1789803573.499694087] [lidar_clustering]: ID=197, X=3.14 m, Y=5.69 m, Width=0.09 m, Depth=0.34 m, Distance=6.50 m
[cluster_plot_node-13] [INFO] [1789803573.499921694] [lidar_clustering]: ID=198, X=3.72 m, Y=2.35 m, Width=0.23 m, Depth=0.05 m, Distance=4.40 m
[cluster_plot_node-13] [INFO] [1789803573.500118493] [lidar_clustering]: ID=199, X=1.64 m, Y=3.26 m, Width=0.30 m, Depth=0.46 m, Distance=3.65 m
[cluster_plot_node-13] [INFO] [1789803573.500305974] [lidar_clustering]: ID=215, X=1.23 m, Y=5.92 m, Width=0.54 m, Depth=1.59 m, Distance=6.05 m
[cluster_plot_node-13] [INFO] [1789803573.500490400] [lidar_clustering]: ID=216, X=1.79 m, Y=-3.52 m, Width=0.13 m, Depth=0.13 m, Distance=3.95 m
[cluster_plot_node-13] [INFO] [1789803573.500670698] [lidar_clustering]: ID=217, X=3.15 m, Y=2.44 m, Width=0.06 m, Depth=0.08 m, Distance=3.98 m
[cluster_plot_node-13] [INFO] [1789803573.500857639] [lidar_clustering]: ID=219, X=3.07 m, Y=3.64 m, Width=0.07 m, Depth=0.07 m, Distance=4.76 m
[cluster_plot_node-13] [INFO] [1789803573.501063194] [lidar_clustering]: ID=220, X=4.93 m, Y=5.04 m, Width=0.49 m, Depth=1.66 m, Distance=7.06 m
[cluster_plot_node-13] [INFO] [1789803573.501275272] [lidar_clustering]: FollowGap: mode=CLEAR, direction=STRAIGHT, front=8.00 m, best_angle=0.0 deg
[cluster_plot_node-13] [INFO] [1789803573.501480156] [lidar_clustering]: points=260, clusters=10, tracks=8
[cluster_plot_node-13] [INFO] [1789803574.383770972] [lidar_clustering]: ID=197, X=1.00 m, Y=5.64 m, Width=0.11 m, Depth=0.45 m, Distance=5.72 m
[cluster_plot_node-13] [INFO] [1789803574.384018957] [lidar_clustering]: ID=199, X=0.55 m, Y=4.16 m, Width=0.10 m, Depth=0.37 m, Distance=4.19 m
[cluster_plot_node-13] [INFO] [1789803574.384215916] [lidar_clustering]: ID=215, X=0.45 m, Y=5.81 m, Width=0.12 m, Depth=0.26 m, Distance=5.82 m
[cluster_plot_node-13] [INFO] [1789803574.384395913] [lidar_clustering]: ID=217, X=0.51 m, Y=2.84 m, Width=0.02 m, Depth=0.14 m, Distance=2.89 m
[cluster_plot_node-13] [INFO] [1789803574.384573917] [lidar_clustering]: ID=219, X=1.21 m, Y=4.06 m, Width=0.06 m, Depth=0.18 m, Distance=4.24 m
[cluster_plot_node-13] [INFO] [1789803574.384752392] [lidar_clustering]: ID=220, X=2.09 m, Y=5.48 m, Width=0.15 m, Depth=0.71 m, Distance=5.86 m
[cluster_plot_node-13] [INFO] [1789803574.384935134] [lidar_clustering]: ID=221, X=2.95 m, Y=5.36 m, Width=0.68 m, Depth=5.53 m, Distance=6.12 m
[cluster_plot_node-13] [INFO] [1789803574.385115422] [lidar_clustering]: ID=222, X=3.12 m, Y=5.32 m, Width=0.77 m, Depth=5.86 m, Distance=6.17 m
[cluster_plot_node-13] [INFO] [1789803574.385294087] [lidar_clustering]: ID=223, X=0.39 m, Y=3.24 m, Width=0.11 m, Depth=0.10 m, Distance=3.27 m
[cluster_plot_node-13] [INFO] [1789803574.385476770] [lidar_clustering]: FollowGap: mode=CLEAR, direction=STRAIGHT, front=8.00 m, best_angle=0.0 deg
[direct_localization_node-6] [INFO] [1789803574.823224620] [direct_localization]: pose: x=5.54 y=-11.64 yaw=163.3° v=3.42m/s [헤딩 정렬됨]
[cluster_plot_node-13] [INFO] [1789803575.274421138] [lidar_clustering]: ID=222, X=2.35 m, Y=6.05 m, Width=0.48 m, Depth=4.51 m, Distance=6.49 m
[cluster_plot_node-13] [INFO] [1789803575.274660717] [lidar_clustering]: FollowGap: mode=CLEAR, direction=STRAIGHT, front=8.00 m, best_angle=0.0 deg
[cluster_plot_node-13] [INFO] [1789803575.274858407] [lidar_clustering]: points=172, clusters=1, tracks=1
[serial_bridge-12] [WARN] [1789803575.784518573] [serial_bridge_node]: ⚠ 공급전압 강하: VMIN=4278mV — 배터리/전원 확인
[cluster_plot_node-13] [INFO] [1789803576.158371118] [lidar_clustering]: ID=222, X=1.76 m, Y=6.79 m, Width=0.66 m, Depth=3.11 m, Distance=7.01 m
[cluster_plot_node-13] [INFO] [1789803576.158600858] [lidar_clustering]: ID=224, X=5.10 m, Y=6.01 m, Width=0.57 m, Depth=0.61 m, Distance=7.88 m
[cluster_plot_node-13] [INFO] [1789803576.158824457] [lidar_clustering]: FollowGap: mode=CLEAR, direction=STRAIGHT, front=8.00 m, best_angle=0.0 deg
[local_pure_pursuit_node-9] [WARN] [1789803576.656914774] [local_pure_pursuit]: odom 속도 3.1m/s — 비현실적이라 버린다 (직전 2.61 유지, 누적 184회). EKF twist 스파이크로 보이며 위치는 보통 멀쩡하다.
[vrs_ntrip_client-3] [INFO] [1789803576.715978216] [ngii_vrs_ntrip_client]: [NTRIP 연결됨] RTCM 672프레임 발행, GGA 실측(37.28881,127.10702)
[cluster_plot_node-13] [INFO] [1789803577.049065630] [lidar_clustering]: ID=222, X=1.78 m, Y=6.83 m, Width=0.51 m, Depth=3.19 m, Distance=7.06 m
[cluster_plot_node-13] [INFO] [1789803577.049359561] [lidar_clustering]: FollowGap: mode=CLEAR, direction=STRAIGHT, front=8.00 m, best_angle=0.0 deg
[cluster_plot_node-13] [INFO] [1789803577.049646289] [lidar_clustering]: points=118, clusters=1, tracks=1
[direct_localization_node-6] [INFO] [1789803577.823147996] [direct_localization]: pose: x=-1.89 y=-7.71 yaw=167.1° v=2.79m/s [헤딩 정렬됨]
[cluster_plot_node-13] [INFO] [1789803577.945477429] [lidar_clustering]: ID=222, X=2.13 m, Y=6.58 m, Width=0.36 m, Depth=3.93 m, Distance=6.92 m
[cluster_plot_node-13] [INFO] [1789803577.945696590] [lidar_clustering]: FollowGap: mode=CLEAR, direction=STRAIGHT, front=8.00 m, best_angle=0.0 deg
[serial_bridge-12] [WARN] [1789803578.795025167] [serial_bridge_node]: ⚠ 공급전압 강하: VMIN=4262mV — 배터리/전원 확인
[cluster_plot_node-13] [INFO] [1789803578.829580267] [lidar_clustering]: ID=222, X=2.10 m, Y=6.67 m, Width=0.29 m, Depth=3.81 m, Distance=7.00 m
[cluster_plot_node-13] [INFO] [1789803578.829805720] [lidar_clustering]: FollowGap: mode=CLEAR, direction=STRAIGHT, front=8.00 m, best_angle=0.0 deg
[cluster_plot_node-13] [INFO] [1789803578.829997209] [lidar_clustering]: points=143, clusters=1, tracks=1
[cluster_plot_node-13] [INFO] [1789803579.714432236] [lidar_clustering]: ID=222, X=1.57 m, Y=7.24 m, Width=0.34 m, Depth=2.56 m, Distance=7.41 m
[cluster_plot_node-13] [INFO] [1789803579.714649002] [lidar_clustering]: FollowGap: mode=CLEAR, direction=STRAIGHT, front=8.00 m, best_angle=0.0 deg
[cluster_plot_node-13] [INFO] [1789803580.597128460] [lidar_clustering]: ID=222, X=0.57 m, Y=7.94 m, Width=0.02 m, Depth=0.34 m, Distance=7.96 m
[cluster_plot_node-13] [INFO] [1789803580.597347580] [lidar_clustering]: FollowGap: mode=CLEAR, direction=STRAIGHT, front=8.00 m, best_angle=0.0 deg
[cluster_plot_node-13] [INFO] [1789803580.597543879] [lidar_clustering]: points=0, clusters=0, tracks=1
[direct_localization_node-6] [INFO] [1789803580.823200633] [direct_localization]: pose: x=-9.84 y=-4.42 yaw=156.2° v=3.16m/s [헤딩 정렬됨]
[cluster_plot_node-13] [INFO] [1789803581.487453935] [lidar_clustering]: No confirmed obstacles.
[cluster_plot_node-13] [INFO] [1789803581.487675610] [lidar_clustering]: FollowGap: mode=CLEAR, direction=STRAIGHT, front=8.00 m, best_angle=0.0 deg
[vrs_ntrip_client-3] [INFO] [1789803581.716028241] [ngii_vrs_ntrip_client]: [NTRIP 연결됨] RTCM 692프레임 발행, GGA 실측(37.28886,127.10687)
[serial_bridge-12] [WARN] [1789803581.805479642] [serial_bridge_node]: ⚠ 공급전압 강하: VMIN=3776mV — 배터리/전원 확인
[local_pure_pursuit_node-9] [WARN] [1789803581.990196977] [local_pure_pursuit]: odom 속도 3.2m/s — 비현실적이라 버린다 (직전 2.87 유지, 누적 219회). EKF twist 스파이크로 보이며 위치는 보통 멀쩡하다.
[cluster_plot_node-13] [INFO] [1789803582.384194924] [lidar_clustering]: No confirmed obstacles.
[cluster_plot_node-13] [INFO] [1789803582.384413354] [lidar_clustering]: FollowGap: mode=CLEAR, direction=STRAIGHT, front=8.00 m, best_angle=0.0 deg
[cluster_plot_node-13] [INFO] [1789803582.384594143] [lidar_clustering]: points=0, clusters=0, tracks=0
[cluster_plot_node-13] [INFO] [1789803583.274585315] [lidar_clustering]: No confirmed obstacles.
[cluster_plot_node-13] [INFO] [1789803583.274820496] [lidar_clustering]: FollowGap: mode=CLEAR, direction=STRAIGHT, front=8.00 m, best_angle=0.0 deg
[direct_localization_node-6] [INFO] [1789803583.823275427] [direct_localization]: pose: x=-17.83 y=-1.22 yaw=171.4° v=3.15m/s [헤딩 정렬됨]
[cluster_plot_node-13] [INFO] [1789803584.165170778] [lidar_clustering]: No confirmed obstacles.
[cluster_plot_node-13] [INFO] [1789803584.165391421] [lidar_clustering]: FollowGap: mode=CLEAR, direction=STRAIGHT, front=8.00 m, best_angle=0.0 deg
[cluster_plot_node-13] [INFO] [1789803584.165572451] [lidar_clustering]: points=0, clusters=0, tracks=0
[serial_bridge-12] [WARN] [1789803584.816064459] [serial_bridge_node]: ⚠ 공급전압 강하: VMIN=3840mV — 배터리/전원 확인
[cluster_plot_node-13] [INFO] [1789803585.059236091] [lidar_clustering]: ID=228, X=6.21 m, Y=-2.05 m, Width=0.53 m, Depth=0.19 m, Distance=6.54 m
[cluster_plot_node-13] [INFO] [1789803585.059491971] [lidar_clustering]: ID=229, X=5.71 m, Y=-3.09 m, Width=0.56 m, Depth=0.26 m, Distance=6.49 m
[cluster_plot_node-13] [INFO] [1789803585.059672870] [lidar_clustering]: ID=230, X=5.84 m, Y=-1.35 m, Width=0.51 m, Depth=0.19 m, Distance=5.99 m
[cluster_plot_node-13] [INFO] [1789803585.059844402] [lidar_clustering]: ID=231, X=4.64 m, Y=-6.03 m, Width=0.55 m, Depth=0.22 m, Distance=7.61 m
[cluster_plot_node-13] [INFO] [1789803585.060022987] [lidar_clustering]: ID=232, X=5.49 m, Y=-5.05 m, Width=0.31 m, Depth=0.52 m, Distance=7.46 m
[cluster_plot_node-13] [INFO] [1789803585.060196893] [lidar_clustering]: ID=233, X=5.19 m, Y=-4.25 m, Width=2.05 m, Depth=0.64 m, Distance=6.71 m
[cluster_plot_node-13] [INFO] [1789803585.060369036] [lidar_clustering]: ID=234, X=6.14 m, Y=-0.34 m, Width=0.54 m, Depth=0.16 m, Distance=6.15 m
[cluster_plot_node-13] [INFO] [1789803585.060566286] [lidar_clustering]: ID=235, X=6.61 m, Y=0.26 m, Width=0.67 m, Depth=0.42 m, Distance=6.62 m
[cluster_plot_node-13] [INFO] [1789803585.060842924] [lidar_clustering]: ID=236, X=6.48 m, Y=-0.88 m, Width=0.41 m, Depth=0.20 m, Distance=6.54 m
[cluster_plot_node-13] [INFO] [1789803585.061046306] [lidar_clustering]: ID=237, X=7.02 m, Y=0.58 m, Width=0.18 m, Depth=0.09 m, Distance=7.04 m
[cluster_plot_node-13] [INFO] [1789803585.061225001] [lidar_clustering]: ID=238, X=7.19 m, Y=1.21 m, Width=0.88 m, Depth=0.18 m, Distance=7.29 m
[cluster_plot_node-13] [INFO] [1789803585.061408304] [lidar_clustering]: ID=239, X=6.74 m, Y=1.67 m, Width=0.19 m, Depth=0.18 m, Distance=6.95 m
[cluster_plot_node-13] [INFO] [1789803585.061638817] [lidar_clustering]: ID=240, X=6.94 m, Y=2.09 m, Width=0.17 m, Depth=0.04 m, Distance=7.25 m
[cluster_plot_node-13] [INFO] [1789803585.061842739] [lidar_clustering]: ID=241, X=7.13 m, Y=2.79 m, Width=0.24 m, Depth=0.52 m, Distance=7.65 m
[cluster_plot_node-13] [INFO] [1789803585.062028678] [lidar_clustering]: ID=242, X=2.12 m, Y=6.03 m, Width=0.87 m, Depth=4.24 m, Distance=6.39 m
[cluster_plot_node-13] [INFO] [1789803585.062210378] [lidar_clustering]: ID=243, X=6.49 m, Y=0.89 m, Width=0.09 m, Depth=0.01 m, Distance=6.55 m
[cluster_plot_node-13] [INFO] [1789803585.062393552] [lidar_clustering]: ID=244, X=5.53 m, Y=-2.40 m, Width=0.49 m, Depth=0.15 m, Distance=6.03 m
[cluster_plot_node-13] [INFO] [1789803585.062572578] [lidar_clustering]: ID=245, X=7.07 m, Y=-1.14 m, Width=0.23 m, Depth=0.09 m, Distance=7.16 m
[cluster_plot_node-13] [INFO] [1789803585.062758536] [lidar_clustering]: FollowGap: mode=CLEAR, direction=STRAIGHT, front=8.00 m, best_angle=0.0 deg
[cluster_plot_node-13] [INFO] [1789803585.947976358] [lidar_clustering]: ID=228, X=5.28 m, Y=-2.18 m, Width=0.07 m, Depth=0.13 m, Distance=5.71 m
[cluster_plot_node-13] [INFO] [1789803585.948196671] [lidar_clustering]: ID=229, X=2.99 m, Y=-3.65 m, Width=0.18 m, Depth=0.32 m, Distance=4.71 m
[cluster_plot_node-13] [INFO] [1789803585.948372511] [lidar_clustering]: ID=230, X=4.16 m, Y=-1.27 m, Width=0.30 m, Depth=0.20 m, Distance=4.35 m
[cluster_plot_node-13] [INFO] [1789803585.948546547] [lidar_clustering]: ID=231, X=3.42 m, Y=-4.95 m, Width=0.31 m, Depth=0.21 m, Distance=6.01 m
[cluster_plot_node-13] [INFO] [1789803585.948715745] [lidar_clustering]: ID=233, X=3.10 m, Y=-4.22 m, Width=0.42 m, Depth=0.14 m, Distance=5.23 m
[cluster_plot_node-13] [INFO] [1789803585.948887537] [lidar_clustering]: ID=234, X=4.84 m, Y=-0.95 m, Width=0.41 m, Depth=0.25 m, Distance=4.93 m
[cluster_plot_node-13] [INFO] [1789803585.949063627] [lidar_clustering]: ID=235, X=4.54 m, Y=-1.60 m, Width=0.42 m, Depth=0.42 m, Distance=4.81 m
[cluster_plot_node-13] [INFO] [1789803585.949339534] [lidar_clustering]: ID=236, X=4.46 m, Y=-0.55 m, Width=0.22 m, Depth=0.09 m, Distance=4.50 m
[cluster_plot_node-13] [INFO] [1789803585.949611865] [lidar_clustering]: ID=237, X=4.91 m, Y=0.11 m, Width=0.17 m, Depth=0.08 m, Distance=4.91 m
[cluster_plot_node-13] [INFO] [1789803585.949828030] [lidar_clustering]: ID=238, X=5.38 m, Y=0.92 m, Width=0.21 m, Depth=0.07 m, Distance=5.45 m
[cluster_plot_node-13] [INFO] [1789803585.950026863] [lidar_clustering]: ID=239, X=6.05 m, Y=0.94 m, Width=0.17 m, Depth=0.02 m, Distance=6.13 m
[cluster_plot_node-13] [INFO] [1789803585.950216288] [lidar_clustering]: ID=240, X=5.32 m, Y=-0.19 m, Width=0.46 m, Depth=0.45 m, Distance=5.32 m
[cluster_plot_node-13] [INFO] [1789803585.950398199] [lidar_clustering]: ID=241, X=7.21 m, Y=2.40 m, Width=0.96 m, Depth=0.48 m, Distance=7.60 m
[cluster_plot_node-13] [INFO] [1789803585.950581313] [lidar_clustering]: ID=242, X=1.36 m, Y=6.78 m, Width=1.55 m, Depth=2.52 m, Distance=6.92 m
[cluster_plot_node-13] [INFO] [1789803585.950813668] [lidar_clustering]: ID=243, X=5.16 m, Y=0.50 m, Width=0.07 m, Depth=0.01 m, Distance=5.19 m
[cluster_plot_node-13] [INFO] [1789803585.951066913] [lidar_clustering]: ID=244, X=3.04 m, Y=-3.10 m, Width=0.07 m, Depth=0.07 m, Distance=4.34 m
[cluster_plot_node-13] [INFO] [1789803585.951312524] [lidar_clustering]: ID=245, X=3.69 m, Y=-1.75 m, Width=0.14 m, Depth=0.38 m, Distance=4.09 m
[cluster_plot_node-13] [INFO] [1789803585.951501258] [lidar_clustering]: ID=246, X=6.46 m, Y=1.54 m, Width=0.55 m, Depth=0.37 m, Distance=6.64 m
[cluster_plot_node-13] [INFO] [1789803585.951713325] [lidar_clustering]: ID=247, X=3.36 m, Y=-3.26 m, Width=0.05 m, Depth=0.05 m, Distance=4.69 m
[cluster_plot_node-13] [INFO] [1789803585.951934450] [lidar_clustering]: ID=248, X=2.07 m, Y=6.10 m, Width=1.23 m, Depth=3.77 m, Distance=6.45 m
[cluster_plot_node-13] [INFO] [1789803585.952116060] [lidar_clustering]: ID=249, X=4.26 m, Y=-2.28 m, Width=0.49 m, Depth=0.23 m, Distance=4.83 m
[cluster_plot_node-13] [INFO] [1789803585.952288454] [lidar_clustering]: ID=250, X=3.64 m, Y=-2.71 m, Width=0.49 m, Depth=0.50 m, Distance=4.54 m
[cluster_plot_node-13] [INFO] [1789803585.952464113] [lidar_clustering]: FollowGap: mode=CLEAR, direction=STRAIGHT, front=8.00 m, best_angle=0.0 deg
[cluster_plot_node-13] [INFO] [1789803585.952639422] [lidar_clustering]: points=397, clusters=17, tracks=22
[vehicle_cmd_mux-11] [INFO] [1789803586.259142056] [vehicle_cmd_mux]: 모드: AVOID(라이다)
[vrs_ntrip_client-3] [INFO] [1789803586.715927417] [ngii_vrs_ntrip_client]: [NTRIP 연결됨] RTCM 720프레임 발행, GGA 실측(37.28888,127.10672)
[direct_localization_node-6] [INFO] [1789803586.823358986] [direct_localization]: pose: x=-25.54 y=-0.76 yaw=-149.3° v=2.50m/s [헤딩 정렬됨]
[cluster_plot_node-13] [INFO] [1789803586.838162813] [lidar_clustering]: ID=230, X=2.05 m, Y=-1.92 m, Width=0.10 m, Depth=0.16 m, Distance=2.80 m
[cluster_plot_node-13] [INFO] [1789803586.838371865] [lidar_clustering]: ID=234, X=2.75 m, Y=-2.03 m, Width=0.46 m, Depth=0.42 m, Distance=3.42 m
[cluster_plot_node-13] [INFO] [1789803586.838550049] [lidar_clustering]: ID=235, X=1.77 m, Y=-2.31 m, Width=0.15 m, Depth=0.13 m, Distance=2.91 m
[cluster_plot_node-13] [INFO] [1789803586.838725288] [lidar_clustering]: ID=236, X=3.71 m, Y=-0.98 m, Width=0.71 m, Depth=0.39 m, Distance=3.84 m
[cluster_plot_node-13] [INFO] [1789803586.838905836] [lidar_clustering]: ID=237, X=4.28 m, Y=-0.10 m, Width=0.16 m, Depth=0.09 m, Distance=4.28 m
[cluster_plot_node-13] [INFO] [1789803586.839086666] [lidar_clustering]: ID=239, X=5.46 m, Y=-0.12 m, Width=0.88 m, Depth=0.87 m, Distance=5.46 m
[cluster_plot_node-13] [INFO] [1789803586.839261904] [lidar_clustering]: ID=240, X=3.31 m, Y=-1.22 m, Width=0.67 m, Depth=0.52 m, Distance=3.53 m
[cluster_plot_node-13] [INFO] [1789803586.839435720] [lidar_clustering]: ID=241, X=7.07 m, Y=1.14 m, Width=0.16 m, Depth=0.22 m, Distance=7.16 m
[cluster_plot_node-13] [INFO] [1789803586.839609796] [lidar_clustering]: ID=243, X=4.46 m, Y=-0.73 m, Width=0.48 m, Depth=0.60 m, Distance=4.52 m
[cluster_plot_node-13] [INFO] [1789803586.839782711] [lidar_clustering]: ID=245, X=2.44 m, Y=-2.46 m, Width=0.48 m, Depth=0.38 m, Distance=3.46 m
[cluster_plot_node-13] [INFO] [1789803586.839963450] [lidar_clustering]: ID=246, X=6.55 m, Y=0.64 m, Width=0.60 m, Depth=0.42 m, Distance=6.58 m
[cluster_plot_node-13] [INFO] [1789803586.840147845] [lidar_clustering]: ID=247, X=2.00 m, Y=-2.94 m, Width=0.15 m, Depth=0.15 m, Distance=3.56 m
[cluster_plot_node-13] [INFO] [1789803586.840384609] [lidar_clustering]: ID=250, X=2.57 m, Y=-1.43 m, Width=0.29 m, Depth=0.40 m, Distance=2.94 m
[cluster_plot_node-13] [INFO] [1789803586.840603039] [lidar_clustering]: ID=251, X=0.83 m, Y=7.57 m, Width=0.38 m, Depth=1.15 m, Distance=7.62 m
[cluster_plot_node-13] [INFO] [1789803586.840789378] [lidar_clustering]: ID=252, X=7.64 m, Y=1.28 m, Width=0.35 m, Depth=0.32 m, Distance=7.75 m
[cluster_plot_node-13] [INFO] [1789803586.840974776] [lidar_clustering]: FollowGap: mode=AVOID, direction=LEFT, front=3.28 m, best_angle=7.0 deg
[vehicle_cmd_mux-11] [INFO] [1789803587.108808837] [vehicle_cmd_mux]: 모드: AUTO
[local_pure_pursuit_node-9] [WARN] [1789803587.323336657] [local_pure_pursuit]: odom 속도 3.1m/s — 비현실적이라 버린다 (직전 1.77 유지, 누적 255회). EKF twist 스파이크로 보이며 위치는 보통 멀쩡하다.
[cluster_plot_node-13] [INFO] [1789803587.734443632] [lidar_clustering]: ID=230, X=1.55 m, Y=-1.75 m, Width=0.10 m, Depth=0.19 m, Distance=2.34 m
[cluster_plot_node-13] [INFO] [1789803587.734669015] [lidar_clustering]: ID=234, X=1.95 m, Y=-2.23 m, Width=0.07 m, Depth=0.15 m, Distance=2.96 m
[cluster_plot_node-13] [INFO] [1789803587.734848391] [lidar_clustering]: ID=235, X=1.63 m, Y=-2.36 m, Width=0.17 m, Depth=0.17 m, Distance=2.87 m
[cluster_plot_node-13] [INFO] [1789803587.735026115] [lidar_clustering]: ID=239, X=2.99 m, Y=-1.97 m, Width=0.44 m, Depth=0.91 m, Distance=3.57 m
[cluster_plot_node-13] [INFO] [1789803587.735197897] [lidar_clustering]: ID=240, X=3.18 m, Y=-2.36 m, Width=0.21 m, Depth=0.31 m, Distance=3.96 m
[cluster_plot_node-13] [INFO] [1789803587.735380900] [lidar_clustering]: ID=241, X=7.27 m, Y=-0.80 m, Width=0.37 m, Depth=0.77 m, Distance=7.31 m
[cluster_plot_node-13] [INFO] [1789803587.735560827] [lidar_clustering]: ID=243, X=2.55 m, Y=-1.98 m, Width=0.26 m, Depth=0.69 m, Distance=3.23 m
[cluster_plot_node-13] [INFO] [1789803587.735738110] [lidar_clustering]: ID=245, X=2.54 m, Y=-2.57 m, Width=0.16 m, Depth=0.58 m, Distance=3.61 m
[cluster_plot_node-13] [INFO] [1789803587.735910252] [lidar_clustering]: ID=246, X=4.37 m, Y=-1.67 m, Width=0.68 m, Depth=0.87 m, Distance=4.68 m
[cluster_plot_node-13] [INFO] [1789803587.736086583] [lidar_clustering]: ID=250, X=1.95 m, Y=-1.56 m, Width=0.10 m, Depth=0.18 m, Distance=2.50 m
[cluster_plot_node-13] [INFO] [1789803587.736258025] [lidar_clustering]: ID=252, X=5.85 m, Y=-1.19 m, Width=0.43 m, Depth=0.91 m, Distance=5.97 m
[cluster_plot_node-13] [INFO] [1789803587.736427342] [lidar_clustering]: ID=253, X=3.54 m, Y=7.12 m, Width=0.05 m, Depth=0.26 m, Distance=7.95 m
[cluster_plot_node-13] [INFO] [1789803587.736604154] [lidar_clustering]: FollowGap: mode=CLEAR, direction=STRAIGHT, front=8.00 m, best_angle=0.0 deg
[cluster_plot_node-13] [INFO] [1789803587.736775896] [lidar_clustering]: points=232, clusters=7, tracks=12
[serial_bridge-12] [WARN] [1789803587.822402620] [serial_bridge_node]: ⚠ 공급전압 강하: VMIN=3389mV — 배터리/전원 확인
[cluster_plot_node-13] [INFO] [1789803588.625789635] [lidar_clustering]: ID=228, X=7.44 m, Y=-1.84 m, Width=0.31 m, Depth=0.49 m, Distance=7.66 m
[cluster_plot_node-13] [INFO] [1789803588.626024957] [lidar_clustering]: ID=234, X=1.77 m, Y=-2.41 m, Width=0.13 m, Depth=0.97 m, Distance=2.99 m
[cluster_plot_node-13] [INFO] [1789803588.626207298] [lidar_clustering]: ID=239, X=3.08 m, Y=-2.98 m, Width=0.18 m, Depth=0.15 m, Distance=4.29 m
[cluster_plot_node-13] [INFO] [1789803588.626391524] [lidar_clustering]: ID=240, X=5.09 m, Y=-3.04 m, Width=0.09 m, Depth=0.05 m, Distance=5.93 m
[cluster_plot_node-13] [INFO] [1789803588.626568566] [lidar_clustering]: ID=241, X=6.24 m, Y=-2.05 m, Width=0.37 m, Depth=0.87 m, Distance=6.57 m
[cluster_plot_node-13] [INFO] [1789803588.626740468] [lidar_clustering]: ID=244, X=3.57 m, Y=-3.23 m, Width=0.18 m, Depth=0.04 m, Distance=4.81 m
[cluster_plot_node-13] [INFO] [1789803588.626910547] [lidar_clustering]: ID=246, X=2.31 m, Y=-2.39 m, Width=0.06 m, Depth=0.63 m, Distance=3.32 m
[cluster_plot_node-13] [INFO] [1789803588.627082510] [lidar_clustering]: ID=249, X=6.21 m, Y=-2.54 m, Width=0.09 m, Depth=0.03 m, Distance=6.71 m
[cluster_plot_node-13] [INFO] [1789803588.627253450] [lidar_clustering]: ID=252, X=3.28 m, Y=-2.34 m, Width=0.22 m, Depth=0.95 m, Distance=4.03 m
[cluster_plot_node-13] [INFO] [1789803588.627420894] [lidar_clustering]: ID=254, X=4.75 m, Y=-2.26 m, Width=0.28 m, Depth=0.93 m, Distance=5.26 m
[cluster_plot_node-13] [INFO] [1789803588.627587506] [lidar_clustering]: ID=255, X=4.03 m, Y=6.44 m, Width=0.24 m, Depth=1.55 m, Distance=7.60 m
[cluster_plot_node-13] [INFO] [1789803588.627757295] [lidar_clustering]: FollowGap: mode=CLEAR, direction=STRAIGHT, front=8.00 m, best_angle=0.0 deg
[cluster_plot_node-13] [INFO] [1789803589.515468359] [lidar_clustering]: ID=228, X=5.29 m, Y=-2.28 m, Width=0.60 m, Depth=0.93 m, Distance=5.76 m
[cluster_plot_node-13] [INFO] [1789803589.515694072] [lidar_clustering]: ID=234, X=1.74 m, Y=-2.52 m, Width=0.14 m, Depth=0.99 m, Distance=3.06 m
[cluster_plot_node-13] [INFO] [1789803589.515880972] [lidar_clustering]: ID=239, X=4.28 m, Y=-3.04 m, Width=0.25 m, Depth=0.19 m, Distance=5.25 m
[cluster_plot_node-13] [INFO] [1789803589.516072531] [lidar_clustering]: ID=240, X=6.60 m, Y=-2.49 m, Width=0.10 m, Depth=0.03 m, Distance=7.05 m
[cluster_plot_node-13] [INFO] [1789803589.516254182] [lidar_clustering]: ID=241, X=3.96 m, Y=-2.47 m, Width=0.18 m, Depth=0.73 m, Distance=4.67 m
[cluster_plot_node-13] [INFO] [1789803589.516435011] [lidar_clustering]: ID=244, X=5.30 m, Y=-2.77 m, Width=0.11 m, Depth=0.05 m, Distance=5.98 m
[cluster_plot_node-13] [INFO] [1789803589.516614908] [lidar_clustering]: ID=245, X=2.87 m, Y=-3.13 m, Width=0.05 m, Depth=0.03 m, Distance=4.25 m
[cluster_plot_node-13] [INFO] [1789803589.516794435] [lidar_clustering]: ID=246, X=2.49 m, Y=-2.91 m, Width=0.14 m, Depth=0.18 m, Distance=3.83 m
[cluster_plot_node-13] [INFO] [1789803589.517001664] [lidar_clustering]: ID=249, X=6.76 m, Y=-2.01 m, Width=0.34 m, Depth=0.95 m, Distance=7.05 m
[cluster_plot_node-13] [INFO] [1789803589.517190538] [lidar_clustering]: ID=252, X=3.70 m, Y=-3.14 m, Width=0.26 m, Depth=0.13 m, Distance=4.85 m
[cluster_plot_node-13] [INFO] [1789803589.517371046] [lidar_clustering]: ID=254, X=2.73 m, Y=-2.57 m, Width=0.06 m, Depth=0.82 m, Distance=3.75 m
[cluster_plot_node-13] [INFO] [1789803589.517550182] [lidar_clustering]: ID=255, X=2.44 m, Y=5.92 m, Width=0.57 m, Depth=4.37 m, Distance=6.40 m
[cluster_plot_node-13] [INFO] [1789803589.517733606] [lidar_clustering]: FollowGap: mode=CLEAR, direction=STRAIGHT, front=8.00 m, best_angle=0.0 deg
[cluster_plot_node-13] [INFO] [1789803589.517915317] [lidar_clustering]: points=271, clusters=5, tracks=12
[direct_localization_node-6] [INFO] [1789803589.823181932] [direct_localization]: pose: x=-30.43 y=-6.41 yaw=-116.0° v=2.56m/s [헤딩 정렬됨]
[cluster_plot_node-13] [INFO] [1789803590.412476231] [lidar_clustering]: ID=228, X=3.03 m, Y=-2.26 m, Width=0.18 m, Depth=0.83 m, Distance=3.78 m
[cluster_plot_node-13] [INFO] [1789803590.412710010] [lidar_clustering]: ID=239, X=3.04 m, Y=-2.90 m, Width=0.27 m, Depth=0.28 m, Distance=4.20 m
[cluster_plot_node-13] [INFO] [1789803590.412905086] [lidar_clustering]: ID=240, X=7.31 m, Y=-1.61 m, Width=0.44 m, Depth=0.90 m, Distance=7.48 m
[cluster_plot_node-13] [INFO] [1789803590.413097907] [lidar_clustering]: ID=241, X=2.73 m, Y=-2.46 m, Width=0.11 m, Depth=0.52 m, Distance=3.67 m
[cluster_plot_node-13] [INFO] [1789803590.413290929] [lidar_clustering]: ID=243, X=2.03 m, Y=-2.47 m, Width=0.09 m, Depth=0.37 m, Distance=3.20 m
[cluster_plot_node-13] [INFO] [1789803590.413475856] [lidar_clustering]: ID=244, X=5.87 m, Y=-1.82 m, Width=0.30 m, Depth=0.92 m, Distance=6.15 m
[cluster_plot_node-13] [INFO] [1789803590.413669860] [lidar_clustering]: ID=249, X=4.41 m, Y=-2.06 m, Width=0.33 m, Depth=0.91 m, Distance=4.87 m
[cluster_plot_node-13] [INFO] [1789803590.413858914] [lidar_clustering]: ID=252, X=4.71 m, Y=-2.80 m, Width=0.25 m, Depth=0.25 m, Distance=5.48 m
[cluster_plot_node-13] [INFO] [1789803590.414057857] [lidar_clustering]: ID=255, X=2.20 m, Y=6.12 m, Width=0.71 m, Depth=4.25 m, Distance=6.50 m
[cluster_plot_node-13] [INFO] [1789803590.414245048] [lidar_clustering]: ID=256, X=6.14 m, Y=-2.53 m, Width=0.17 m, Depth=0.08 m, Distance=6.64 m
[cluster_plot_node-13] [INFO] [1789803590.414438320] [lidar_clustering]: FollowGap: mode=CLEAR, direction=STRAIGHT, front=8.00 m, best_angle=0.0 deg
[serial_bridge-12] [WARN] [1789803590.832835426] [serial_bridge_node]: ⚠ 공급전압 강하: VMIN=3907mV — 배터리/전원 확인
[cluster_plot_node-13] [INFO] [1789803591.303123163] [lidar_clustering]: ID=228, X=2.66 m, Y=-2.16 m, Width=0.11 m, Depth=0.48 m, Distance=3.43 m
[cluster_plot_node-13] [INFO] [1789803591.303431992] [lidar_clustering]: ID=239, X=2.78 m, Y=-3.03 m, Width=0.44 m, Depth=0.39 m, Distance=4.11 m
[cluster_plot_node-13] [INFO] [1789803591.303715725] [lidar_clustering]: ID=240, X=4.89 m, Y=-1.86 m, Width=0.28 m, Depth=0.87 m, Distance=5.24 m
[cluster_plot_node-13] [INFO] [1789803591.303993255] [lidar_clustering]: ID=243, X=2.07 m, Y=-2.28 m, Width=0.27 m, Depth=0.98 m, Distance=3.07 m
[cluster_plot_node-13] [INFO] [1789803591.304265255] [lidar_clustering]: ID=244, X=3.45 m, Y=-2.04 m, Width=0.28 m, Depth=0.93 m, Distance=4.01 m
[cluster_plot_node-13] [INFO] [1789803591.304525172] [lidar_clustering]: ID=249, X=3.03 m, Y=-2.11 m, Width=0.16 m, Depth=0.87 m, Distance=3.69 m
[cluster_plot_node-13] [INFO] [1789803591.304792473] [lidar_clustering]: ID=252, X=3.53 m, Y=-2.84 m, Width=0.11 m, Depth=0.51 m, Distance=4.53 m
[cluster_plot_node-13] [INFO] [1789803591.305060636] [lidar_clustering]: ID=255, X=2.22 m, Y=6.27 m, Width=0.49 m, Depth=4.21 m, Distance=6.65 m
[cluster_plot_node-13] [INFO] [1789803591.305319782] [lidar_clustering]: ID=256, X=6.23 m, Y=-1.77 m, Width=0.32 m, Depth=0.85 m, Distance=6.48 m
[cluster_plot_node-13] [INFO] [1789803591.305584378] [lidar_clustering]: ID=257, X=7.54 m, Y=-1.57 m, Width=0.28 m, Depth=0.30 m, Distance=7.70 m
[cluster_plot_node-13] [INFO] [1789803591.305841981] [lidar_clustering]: ID=258, X=4.83 m, Y=-2.34 m, Width=0.18 m, Depth=0.11 m, Distance=5.37 m
[cluster_plot_node-13] [INFO] [1789803591.306105385] [lidar_clustering]: FollowGap: mode=CLEAR, direction=STRAIGHT, front=8.00 m, best_angle=0.0 deg
[cluster_plot_node-13] [INFO] [1789803591.306366585] [lidar_clustering]: points=315, clusters=7, tracks=11
[vrs_ntrip_client-3] [INFO] [1789803591.716090151] [ngii_vrs_ntrip_client]: [NTRIP 연결됨] RTCM 740프레임 발행, GGA 실측(37.28878,127.10664)
[cluster_plot_node-13] [INFO] [1789803592.199605684] [lidar_clustering]: ID=228, X=2.44 m, Y=-2.20 m, Width=0.05 m, Depth=0.26 m, Distance=3.28 m
[cluster_plot_node-13] [INFO] [1789803592.199833581] [lidar_clustering]: ID=234, X=1.54 m, Y=-2.36 m, Width=0.02 m, Depth=0.03 m, Distance=2.82 m
[cluster_plot_node-13] [INFO] [1789803592.200028407] [lidar_clustering]: ID=239, X=2.75 m, Y=-2.85 m, Width=0.19 m, Depth=0.25 m, Distance=3.96 m
[cluster_plot_node-13] [INFO] [1789803592.200221108] [lidar_clustering]: ID=240, X=2.53 m, Y=-2.33 m, Width=0.18 m, Depth=0.96 m, Distance=3.44 m
[cluster_plot_node-13] [INFO] [1789803592.200408109] [lidar_clustering]: ID=241, X=2.60 m, Y=-2.41 m, Width=0.04 m, Depth=0.30 m, Distance=3.54 m
[cluster_plot_node-13] [INFO] [1789803592.200595540] [lidar_clustering]: ID=243, X=1.99 m, Y=-2.25 m, Width=0.06 m, Depth=0.59 m, Distance=3.01 m
[cluster_plot_node-13] [INFO] [1789803592.200782010] [lidar_clustering]: ID=244, X=3.48 m, Y=-2.92 m, Width=0.12 m, Depth=0.19 m, Distance=4.54 m
[cluster_plot_node-13] [INFO] [1789803592.200966015] [lidar_clustering]: ID=246, X=2.21 m, Y=-3.03 m, Width=0.50 m, Depth=0.39 m, Distance=3.75 m
[cluster_plot_node-13] [INFO] [1789803592.201152264] [lidar_clustering]: ID=252, X=5.58 m, Y=-2.95 m, Width=0.08 m, Depth=0.04 m, Distance=6.31 m
[cluster_plot_node-13] [INFO] [1789803592.201346979] [lidar_clustering]: ID=255, X=2.39 m, Y=6.11 m, Width=0.34 m, Depth=4.67 m, Distance=6.56 m
[cluster_plot_node-13] [INFO] [1789803592.201534681] [lidar_clustering]: ID=256, X=3.69 m, Y=-2.40 m, Width=0.23 m, Depth=0.97 m, Distance=4.40 m
[cluster_plot_node-13] [INFO] [1789803592.201716622] [lidar_clustering]: ID=257, X=6.66 m, Y=-2.32 m, Width=0.26 m, Depth=0.89 m, Distance=7.05 m
[cluster_plot_node-13] [INFO] [1789803592.201898113] [lidar_clustering]: ID=258, X=5.20 m, Y=-2.34 m, Width=0.21 m, Depth=0.93 m, Distance=5.71 m
[cluster_plot_node-13] [INFO] [1789803592.202087728] [lidar_clustering]: FollowGap: mode=CLEAR, direction=STRAIGHT, front=8.00 m, best_angle=0.0 deg
[local_pure_pursuit_node-9] [WARN] [1789803592.323345728] [local_pure_pursuit]: odom 속도 3.3m/s — 비현실적이라 버린다 (직전 1.89 유지, 누적 271회). EKF twist 스파이크로 보이며 위치는 보통 멀쩡하다.
[direct_localization_node-6] [INFO] [1789803592.823106896] [direct_localization]: pose: x=-34.13 y=-13.55 yaw=-101.7° v=3.03m/s [헤딩 정렬됨]
[cluster_plot_node-13] [INFO] [1789803593.090488812] [lidar_clustering]: ID=239, X=5.13 m, Y=-3.64 m, Width=0.09 m, Depth=0.08 m, Distance=6.29 m
[cluster_plot_node-13] [INFO] [1789803593.090725767] [lidar_clustering]: ID=241, X=2.67 m, Y=-2.74 m, Width=0.14 m, Depth=1.02 m, Distance=3.82 m
[cluster_plot_node-13] [INFO] [1789803593.090965797] [lidar_clustering]: ID=244, X=5.49 m, Y=-3.16 m, Width=0.16 m, Depth=1.05 m, Distance=6.34 m
[cluster_plot_node-13] [INFO] [1789803593.091211748] [lidar_clustering]: ID=246, X=2.83 m, Y=-3.64 m, Width=0.04 m, Depth=0.05 m, Distance=4.61 m
[cluster_plot_node-13] [INFO] [1789803593.091401954] [lidar_clustering]: ID=252, X=4.01 m, Y=-3.02 m, Width=0.16 m, Depth=0.93 m, Distance=5.02 m
[cluster_plot_node-13] [INFO] [1789803593.091592802] [lidar_clustering]: ID=254, X=2.28 m, Y=-2.72 m, Width=0.03 m, Depth=0.12 m, Distance=3.55 m
[cluster_plot_node-13] [INFO] [1789803593.091777749] [lidar_clustering]: ID=255, X=2.72 m, Y=5.56 m, Width=0.55 m, Depth=5.57 m, Distance=6.19 m
[cluster_plot_node-13] [INFO] [1789803593.091954010] [lidar_clustering]: ID=256, X=3.41 m, Y=-2.87 m, Width=0.05 m, Depth=0.04 m, Distance=4.45 m
[cluster_plot_node-13] [INFO] [1789803593.092136081] [lidar_clustering]: ID=257, X=6.81 m, Y=-3.28 m, Width=0.19 m, Depth=0.78 m, Distance=7.56 m
[cluster_plot_node-13] [INFO] [1789803593.092312552] [lidar_clustering]: ID=258, X=3.80 m, Y=-3.52 m, Width=0.05 m, Depth=0.05 m, Distance=5.18 m
[cluster_plot_node-13] [INFO] [1789803593.092490826] [lidar_clustering]: FollowGap: mode=CLEAR, direction=STRAIGHT, front=8.00 m, best_angle=0.0 deg
[cluster_plot_node-13] [INFO] [1789803593.092668980] [lidar_clustering]: points=315, clusters=6, tracks=10
[serial_bridge-12] [WARN] [1789803593.839311770] [serial_bridge_node]: ⚠ 공급전압 강하: VMIN=4246mV — 배터리/전원 확인
[cluster_plot_node-13] [INFO] [1789803593.968029869] [lidar_clustering]: ID=239, X=4.92 m, Y=-3.32 m, Width=0.07 m, Depth=0.22 m, Distance=5.93 m
[cluster_plot_node-13] [INFO] [1789803593.968254010] [lidar_clustering]: ID=241, X=2.42 m, Y=-3.01 m, Width=0.08 m, Depth=0.83 m, Distance=3.86 m
[cluster_plot_node-13] [INFO] [1789803593.968447733] [lidar_clustering]: ID=243, X=1.62 m, Y=-2.81 m, Width=0.02 m, Depth=0.16 m, Distance=3.25 m
[cluster_plot_node-13] [INFO] [1789803593.968633391] [lidar_clustering]: ID=244, X=3.70 m, Y=-3.20 m, Width=0.05 m, Depth=0.28 m, Distance=4.89 m
[cluster_plot_node-13] [INFO] [1789803593.968821564] [lidar_clustering]: ID=246, X=2.36 m, Y=-3.55 m, Width=0.12 m, Depth=0.25 m, Distance=4.27 m
[cluster_plot_node-13] [INFO] [1789803593.969008144] [lidar_clustering]: ID=252, X=3.11 m, Y=-3.07 m, Width=0.06 m, Depth=0.33 m, Distance=4.37 m
[cluster_plot_node-13] [INFO] [1789803593.969198781] [lidar_clustering]: ID=255, X=1.06 m, Y=5.40 m, Width=0.24 m, Depth=1.40 m, Distance=5.51 m
[cluster_plot_node-13] [INFO] [1789803593.969380261] [lidar_clustering]: ID=256, X=3.68 m, Y=-3.88 m, Width=0.07 m, Depth=0.18 m, Distance=5.35 m
[cluster_plot_node-13] [INFO] [1789803593.969590676] [lidar_clustering]: ID=257, X=6.12 m, Y=-3.42 m, Width=0.24 m, Depth=0.96 m, Distance=7.01 m
[cluster_plot_node-13] [INFO] [1789803593.969776003] [lidar_clustering]: ID=258, X=4.39 m, Y=-4.05 m, Width=0.09 m, Depth=0.03 m, Distance=5.98 m
[cluster_plot_node-13] [INFO] [1789803593.969959808] [lidar_clustering]: ID=260, X=3.27 m, Y=5.19 m, Width=0.11 m, Depth=0.22 m, Distance=6.13 m
[cluster_plot_node-13] [INFO] [1789803593.970147420] [lidar_clustering]: ID=261, X=2.36 m, Y=4.60 m, Width=0.18 m, Depth=1.21 m, Distance=5.17 m
[cluster_plot_node-13] [INFO] [1789803593.970331766] [lidar_clustering]: ID=262, X=1.66 m, Y=4.38 m, Width=0.41 m, Depth=0.20 m, Distance=4.68 m
[cluster_plot_node-13] [INFO] [1789803593.970516302] [lidar_clustering]: ID=263, X=4.55 m, Y=5.10 m, Width=0.09 m, Depth=0.42 m, Distance=6.84 m
[cluster_plot_node-13] [INFO] [1789803593.970700607] [lidar_clustering]: ID=264, X=3.37 m, Y=4.53 m, Width=0.32 m, Depth=0.09 m, Distance=5.64 m
[cluster_plot_node-13] [INFO] [1789803593.970890553] [lidar_clustering]: FollowGap: mode=CLEAR, direction=STRAIGHT, front=8.00 m, best_angle=0.0 deg
[cluster_plot_node-13] [INFO] [1789803594.864651001] [lidar_clustering]: ID=239, X=5.53 m, Y=-4.48 m, Width=0.24 m, Depth=0.47 m, Distance=7.12 m
[cluster_plot_node-13] [INFO] [1789803594.864883286] [lidar_clustering]: ID=241, X=2.09 m, Y=-3.58 m, Width=0.09 m, Depth=0.07 m, Distance=4.14 m
[cluster_plot_node-13] [INFO] [1789803594.865079254] [lidar_clustering]: ID=244, X=5.77 m, Y=-4.76 m, Width=0.35 m, Depth=0.59 m, Distance=7.48 m
[cluster_plot_node-13] [INFO] [1789803594.865270893] [lidar_clustering]: ID=246, X=2.70 m, Y=-3.74 m, Width=0.23 m, Depth=0.25 m, Distance=4.61 m
[cluster_plot_node-13] [INFO] [1789803594.865456411] [lidar_clustering]: ID=252, X=4.01 m, Y=-3.33 m, Width=0.07 m, Depth=0.85 m, Distance=5.21 m
[cluster_plot_node-13] [INFO] [1789803594.865640726] [lidar_clustering]: ID=256, X=5.24 m, Y=-3.48 m, Width=0.24 m, Depth=1.05 m, Distance=6.29 m
[cluster_plot_node-13] [INFO] [1789803594.865829070] [lidar_clustering]: ID=257, X=6.89 m, Y=-3.24 m, Width=0.23 m, Depth=0.69 m, Distance=7.62 m
[cluster_plot_node-13] [INFO] [1789803594.866046397] [lidar_clustering]: ID=258, X=6.24 m, Y=-4.73 m, Width=0.09 m, Depth=0.07 m, Distance=7.83 m
[cluster_plot_node-13] [INFO] [1789803594.866313057] [lidar_clustering]: ID=260, X=1.67 m, Y=6.47 m, Width=1.02 m, Depth=3.17 m, Distance=6.68 m
[cluster_plot_node-13] [INFO] [1789803594.866532719] [lidar_clustering]: ID=261, X=2.41 m, Y=5.06 m, Width=0.50 m, Depth=5.23 m, Distance=5.61 m
[cluster_plot_node-13] [INFO] [1789803594.866740980] [lidar_clustering]: ID=262, X=1.25 m, Y=4.31 m, Width=0.73 m, Depth=1.91 m, Distance=4.49 m
[cluster_plot_node-13] [INFO] [1789803594.866950823] [lidar_clustering]: ID=264, X=3.31 m, Y=5.07 m, Width=0.32 m, Depth=1.07 m, Distance=6.05 m
[cluster_plot_node-13] [INFO] [1789803594.867167980] [lidar_clustering]: FollowGap: mode=CLEAR, direction=STRAIGHT, front=8.00 m, best_angle=0.0 deg
[cluster_plot_node-13] [INFO] [1789803594.867369027] [lidar_clustering]: points=460, clusters=6, tracks=12
[direct_localization_node-6] [INFO] [1789803595.823383835] [direct_localization]: pose: x=-36.65 y=-20.46 yaw=-110.2° v=1.64m/s [헤딩 정렬됨]
[serial_bridge-12] [INFO] [1789803596.461890634] [serial_bridge_node]: 거버너 — 측정 1.99+0.12(선행) > 명령 1.18 (+0.94) → PWM 60 → 제동 -60
[vrs_ntrip_client-3] [INFO] [1789803596.715946551] [ngii_vrs_ntrip_client]: [NTRIP 연결됨] RTCM 768프레임 발행, GGA 실측(37.28868,127.10659)
[serial_bridge-12] [WARN] [1789803596.849881105] [serial_bridge_node]: ⚠ 공급전압 강하: VMIN=3814mV — 배터리/전원 확인
[direct_localization_node-6] [INFO] [1789803598.823366498] [direct_localization]: pose: x=-38.61 y=-25.16 yaw=-96.8° v=1.83m/s [헤딩 정렬됨]
[cluster_plot_node-13] [ERROR] [1789803598.949221424] [lidar_clustering]: ❌ 스캔이 4초째 끊겼다 (/scan_front) — 전방 정지·회피가 모두 죽어 있다.
[serial_bridge-12] [WARN] [1789803599.860568987] [serial_bridge_node]: ⚠ 공급전압 강하: VMIN=3451mV — 배터리/전원 확인
[vrs_ntrip_client-3] [INFO] [1789803601.715956536] [ngii_vrs_ntrip_client]: [NTRIP 연결됨] RTCM 788프레임 발행, GGA 실측(37.28860,127.10658)
[direct_localization_node-6] [INFO] [1789803601.823246943] [direct_localization]: pose: x=-38.26 y=-31.15 yaw=-64.0° v=2.80m/s [헤딩 정렬됨]
[serial_bridge-12] [WARN] [1789803602.870819522] [serial_bridge_node]: ⚠ 공급전압 강하: VMIN=3261mV — 배터리/전원 확인
[local_pure_pursuit_node-9] [WARN] [1789803604.323524611] [local_pure_pursuit]: odom 속도 3.0m/s — 비현실적이라 버린다 (직전 2.04 유지, 누적 285회). EKF twist 스파이크로 보이며 위치는 보통 멀쩡하다.
[direct_localization_node-6] [INFO] [1789803604.823280679] [direct_localization]: pose: x=-33.23 y=-36.31 yaw=-22.4° v=2.65m/s [헤딩 정렬됨]
[cluster_plot_node-13] [ERROR] [1789803604.949264593] [lidar_clustering]: ❌ 스캔이 10초째 끊겼다 (/scan_front) — 전방 정지·회피가 모두 죽어 있다.
[serial_bridge-12] [WARN] [1789803605.877306025] [serial_bridge_node]: ⚠ 공급전압 강하: VMIN=4230mV — 배터리/전원 확인
[vrs_ntrip_client-3] [INFO] [1789803606.716016820] [ngii_vrs_ntrip_client]: [NTRIP 연결됨] RTCM 816프레임 발행, GGA 실측(37.28853,127.10669)
[direct_localization_node-6] [INFO] [1789803607.823184827] [direct_localization]: pose: x=-26.10 y=-40.30 yaw=-22.1° v=2.82m/s [헤딩 정렬됨]
[serial_bridge-12] [WARN] [1789803608.887669733] [serial_bridge_node]: ⚠ 공급전압 강하: VMIN=3814mV — 배터리/전원 확인
[local_pure_pursuit_node-9] [WARN] [1789803609.356917891] [local_pure_pursuit]: odom 속도 3.1m/s — 비현실적이라 버린다 (직전 2.22 유지, 누적 318회). EKF twist 스파이크로 보이며 위치는 보통 멀쩡하다.
[direct_localization_node-6] [INFO] [1789803610.823250161] [direct_localization]: pose: x=-18.13 y=-43.36 yaw=-14.1° v=3.15m/s [헤딩 정렬됨]
[cluster_plot_node-13] [ERROR] [1789803610.949235464] [lidar_clustering]: ❌ 스캔이 16초째 끊겼다 (/scan_front) — 전방 정지·회피가 모두 죽어 있다.
[vrs_ntrip_client-3] [INFO] [1789803611.715976453] [ngii_vrs_ntrip_client]: [NTRIP 연결됨] RTCM 836프레임 발행, GGA 실측(37.28848,127.10684)
[serial_bridge-12] [WARN] [1789803612.197508957] [serial_bridge_node]: ⚠ 공급전압 강하: VMIN=4278mV — 배터리/전원 확인
[direct_localization_node-6] [INFO] [1789803613.823276495] [direct_localization]: pose: x=-10.49 y=-47.25 yaw=-18.9° v=2.86m/s [헤딩 정렬됨]
[local_pure_pursuit_node-9] [WARN] [1789803614.390176105] [local_pure_pursuit]: odom 속도 3.2m/s — 비현실적이라 버린다 (직전 2.32 유지, 누적 359회). EKF twist 스파이크로 보이며 위치는 보통 멀쩡하다.
[serial_bridge-12] [WARN] [1789803615.207795446] [serial_bridge_node]: ⚠ 공급전압 강하: VMIN=4062mV — 배터리/전원 확인
[vrs_ntrip_client-3] [INFO] [1789803616.715976054] [ngii_vrs_ntrip_client]: [NTRIP 연결됨] RTCM 864프레임 발행, GGA 실측(37.28844,127.10699)
[direct_localization_node-6] [INFO] [1789803616.823144666] [direct_localization]: pose: x=-2.29 y=-50.15 yaw=-17.5° v=2.88m/s [헤딩 정렬됨]
[cluster_plot_node-13] [ERROR] [1789803616.949221146] [lidar_clustering]: ❌ 스캔이 22초째 끊겼다 (/scan_front) — 전방 정지·회피가 모두 죽어 있다.
[serial_bridge-12] [WARN] [1789803618.218667286] [serial_bridge_node]: ⚠ 공급전압 강하: VMIN=3907mV — 배터리/전원 확인
[local_pure_pursuit_node-9] [WARN] [1789803619.790251130] [local_pure_pursuit]: odom 속도 3.3m/s — 비현실적이라 버린다 (직전 2.83 유지, 누적 402회). EKF twist 스파이크로 보이며 위치는 보통 멀쩡하다.
[direct_localization_node-6] [INFO] [1789803619.823229184] [direct_localization]: pose: x=5.59 y=-53.98 yaw=-12.7° v=3.35m/s [헤딩 정렬됨]
[vrs_ntrip_client-3] [INFO] [1789803621.716103614] [ngii_vrs_ntrip_client]: [NTRIP 연결됨] RTCM 884프레임 발행, GGA 실측(37.28839,127.10713)
